  0
SECTION
  2
HEADER
  9
$ACADVER
  1
AC1027
  9
$ACADMAINTVER
 70
    83
  9
$DWGCODEPAGE
  3
ANSI_1252
  9
$LASTSAVEDBY
  1
uhlaender
  9
$REQUIREDVERSIONS
160
                 0
  9
$INSBASE
 10
-69.64072345131126
 20
1592.856287864083
 30
0.0
  9
$EXTMIN
 10
-217.7500000000017
 20
1410.249999999997
 30
0.0
  9
$EXTMAX
 10
190.2499999999981
 20
1768.073328785809
 30
0.0
  9
$LIMMIN
 10
0.0
 20
0.0
  9
$LIMMAX
 10
841.0
 20
1189.0
  9
$ORTHOMODE
 70
     1
  9
$REGENMODE
 70
     1
  9
$FILLMODE
 70
     1
  9
$QTEXTMODE
 70
     0
  9
$MIRRTEXT
 70
     1
  9
$LTSCALE
 40
10.0
  9
$ATTMODE
 70
     1
  9
$TEXTSIZE
 40
3.5
  9
$TRACEWID
 40
0.05
  9
$TEXTSTYLE
  7
ARIAL50
  9
$CLAYER
  8
HALFEN
  9
$CELTYPE
  6
BYLAYER
  9
$CECOLOR
 62
   256
  9
$CELTSCALE
 40
1.0
  9
$DISPSILH
 70
     0
  9
$DIMSCALE
 40
1.0
  9
$DIMASZ
 40
2.5
  9
$DIMEXO
 40
1.0
  9
$DIMDLI
 40
10.0
  9
$DIMRND
 40
0.0
  9
$DIMDLE
 40
0.0
  9
$DIMEXE
 40
1.0
  9
$DIMTP
 40
0.1
  9
$DIMTM
 40
0.1
  9
$DIMTXT
 40
3.5
  9
$DIMCEN
 40
0.09
  9
$DIMTSZ
 40
0.0
  9
$DIMTOL
 70
     0
  9
$DIMLIM
 70
     0
  9
$DIMTIH
 70
     0
  9
$DIMTOH
 70
     0
  9
$DIMSE1
 70
     0
  9
$DIMSE2
 70
     0
  9
$DIMTAD
 70
     1
  9
$DIMZIN
 70
     8
  9
$DIMBLK
  1

  9
$DIMASO
 70
     1
  9
$DIMSHO
 70
     1
  9
$DIMPOST
  1

  9
$DIMAPOST
  1

  9
$DIMALT
 70
     0
  9
$DIMALTD
 70
     2
  9
$DIMALTF
 40
0.0393701
  9
$DIMLFAC
 40
1.0
  9
$DIMTOFL
 70
     1
  9
$DIMTVP
 40
0.0
  9
$DIMTIX
 70
     0
  9
$DIMSOXD
 70
     0
  9
$DIMSAH
 70
     0
  9
$DIMBLK1
  1

  9
$DIMBLK2
  1

  9
$DIMSTYLE
  2
GEN-ISO
  9
$DIMCLRD
 70
     1
  9
$DIMCLRE
 70
     1
  9
$DIMCLRT
 70
     7
  9
$DIMTFAC
 40
0.71
  9
$DIMGAP
 40
3.0
  9
$DIMJUST
 70
     0
  9
$DIMSD1
 70
     0
  9
$DIMSD2
 70
     0
  9
$DIMTOLJ
 70
     0
  9
$DIMTZIN
 70
     0
  9
$DIMALTZ
 70
     0
  9
$DIMALTTZ
 70
     0
  9
$DIMUPT
 70
     0
  9
$DIMDEC
 70
     1
  9
$DIMTDEC
 70
     3
  9
$DIMALTU
 70
     2
  9
$DIMALTTD
 70
     4
  9
$DIMTXSTY
  7
STANDARD
  9
$DIMAUNIT
 70
     0
  9
$DIMADEC
 70
     0
  9
$DIMALTRND
 40
0.0
  9
$DIMAZIN
 70
     0
  9
$DIMDSEP
 70
    46
  9
$DIMATFIT
 70
     3
  9
$DIMFRAC
 70
     0
  9
$DIMLDRBLK
  1

  9
$DIMLUNIT
 70
     2
  9
$DIMLWD
 70
    -2
  9
$DIMLWE
 70
    -2
  9
$DIMTMOVE
 70
     0
  9
$DIMFXL
 40
1.0
  9
$DIMFXLON
 70
     0
  9
$DIMJOGANG
 40
0.7853981633974483
  9
$DIMTFILL
 70
     0
  9
$DIMTFILLCLR
 70
     0
  9
$DIMARCSYM
 70
     0
  9
$DIMLTYPE
  6

  9
$DIMLTEX1
  6

  9
$DIMLTEX2
  6

  9
$DIMTXTDIRECTION
 70
     0
  9
$LUNITS
 70
     2
  9
$LUPREC
 70
     2
  9
$SKETCHINC
 40
0.1
  9
$FILLETRAD
 40
0.0
  9
$AUNITS
 70
     0
  9
$AUPREC
 70
     0
  9
$MENU
  1
.
  9
$ELEVATION
 40
0.0
  9
$PELEVATION
 40
0.0
  9
$THICKNESS
 40
0.0
  9
$LIMCHECK
 70
     0
  9
$CHAMFERA
 40
2.5
  9
$CHAMFERB
 40
2.5
  9
$CHAMFERC
 40
1.0
  9
$CHAMFERD
 40
0.0
  9
$SKPOLY
 70
     0
  9
$TDCREATE
 40
2451438.371298843
  9
$TDUCREATE
 40
2451438.329632176
  9
$TDUPDATE
 40
2457763.376456667
  9
$TDUUPDATE
 40
2457763.334790000
  9
$TDINDWG
 40
1.0020735069
  9
$TDUSRTIMER
 40
1.0020733333
  9
$USRTIMER
 70
     1
  9
$ANGBASE
 50
0.0
  9
$ANGDIR
 70
     0
  9
$PDMODE
 70
     0
  9
$PDSIZE
 40
0.0
  9
$PLINEWID
 40
0.0
  9
$SPLFRAME
 70
     0
  9
$SPLINETYPE
 70
     6
  9
$SPLINESEGS
 70
     8
  9
$HANDSEED
  5
1CF
  9
$SURFTAB1
 70
     6
  9
$SURFTAB2
 70
     6
  9
$SURFTYPE
 70
     6
  9
$SURFU
 70
     6
  9
$SURFV
 70
     6
  9
$UCSBASE
  2

  9
$UCSNAME
  2

  9
$UCSORG
 10
0.0
 20
0.0
 30
0.0
  9
$UCSXDIR
 10
1.0
 20
0.0
 30
0.0
  9
$UCSYDIR
 10
0.0
 20
1.0
 30
0.0
  9
$UCSORTHOREF
  2

  9
$UCSORTHOVIEW
 70
     0
  9
$UCSORGTOP
 10
0.0
 20
0.0
 30
0.0
  9
$UCSORGBOTTOM
 10
0.0
 20
0.0
 30
0.0
  9
$UCSORGLEFT
 10
0.0
 20
0.0
 30
0.0
  9
$UCSORGRIGHT
 10
0.0
 20
0.0
 30
0.0
  9
$UCSORGFRONT
 10
0.0
 20
0.0
 30
0.0
  9
$UCSORGBACK
 10
0.0
 20
0.0
 30
0.0
  9
$PUCSBASE
  2

  9
$PUCSNAME
  2

  9
$PUCSORG
 10
0.0
 20
0.0
 30
0.0
  9
$PUCSXDIR
 10
1.0
 20
0.0
 30
0.0
  9
$PUCSYDIR
 10
0.0
 20
1.0
 30
0.0
  9
$PUCSORTHOREF
  2

  9
$PUCSORTHOVIEW
 70
     0
  9
$PUCSORGTOP
 10
0.0
 20
0.0
 30
0.0
  9
$PUCSORGBOTTOM
 10
0.0
 20
0.0
 30
0.0
  9
$PUCSORGLEFT
 10
0.0
 20
0.0
 30
0.0
  9
$PUCSORGRIGHT
 10
0.0
 20
0.0
 30
0.0
  9
$PUCSORGFRONT
 10
0.0
 20
0.0
 30
0.0
  9
$PUCSORGBACK
 10
0.0
 20
0.0
 30
0.0
  9
$USERI1
 70
     0
  9
$USERI2
 70
     0
  9
$USERI3
 70
     0
  9
$USERI4
 70
     0
  9
$USERI5
 70
     0
  9
$USERR1
 40
0.0
  9
$USERR2
 40
0.0
  9
$USERR3
 40
0.0
  9
$USERR4
 40
0.0
  9
$USERR5
 40
0.0
  9
$WORLDVIEW
 70
     1
  9
$SHADEDGE
 70
     3
  9
$SHADEDIF
 70
    70
  9
$TILEMODE
 70
     1
  9
$MAXACTVP
 70
    48
  9
$PINSBASE
 10
0.0
 20
0.0
 30
0.0
  9
$PLIMCHECK
 70
     0
  9
$PEXTMIN
 10
1.000000000000000E+20
 20
1.000000000000000E+20
 30
1.000000000000000E+20
  9
$PEXTMAX
 10
-1.000000000000000E+20
 20
-1.000000000000000E+20
 30
-1.000000000000000E+20
  9
$PLIMMIN
 10
0.0
 20
0.0
  9
$PLIMMAX
 10
12.0
 20
9.0
  9
$UNITMODE
 70
     0
  9
$VISRETAIN
 70
     1
  9
$PLINEGEN
 70
     0
  9
$PSLTSCALE
 70
     1
  9
$TREEDEPTH
 70
  3020
  9
$CMLSTYLE
  2
STANDARD
  9
$CMLJUST
 70
     0
  9
$CMLSCALE
 40
1.0
  9
$PROXYGRAPHICS
 70
     1
  9
$MEASUREMENT
 70
     1
  9
$CELWEIGHT
370
    -1
  9
$ENDCAPS
280
     0
  9
$JOINSTYLE
280
     0
  9
$LWDISPLAY
290
     0
  9
$INSUNITS
 70
     4
  9
$HYPERLINKBASE
  1

  9
$STYLESHEET
  1

  9
$XEDIT
290
     1
  9
$CEPSNTYPE
380
     0
  9
$PSTYLEMODE
290
     1
  9
$FINGERPRINTGUID
  2
{939CA199-EC78-48D1-BD83-498C1FC002D4}
  9
$VERSIONGUID
  2
{B609EDDA-0547-4A1A-851A-373E2162B278}
  9
$EXTNAMES
290
     1
  9
$PSVPSCALE
 40
0.0
  9
$OLESTARTUP
290
     0
  9
$SORTENTS
280
   127
  9
$INDEXCTL
280
     0
  9
$HIDETEXT
280
     1
  9
$XCLIPFRAME
280
     2
  9
$HALOGAP
280
     0
  9
$OBSCOLOR
 70
   257
  9
$OBSLTYPE
280
     0
  9
$INTERSECTIONDISPLAY
280
     0
  9
$INTERSECTIONCOLOR
 70
   257
  9
$DIMASSOC
280
     1
  9
$PROJECTNAME
  1

  9
$CAMERADISPLAY
290
     0
  9
$LENSLENGTH
 40
50.0
  9
$CAMERAHEIGHT
 40
0.0
  9
$STEPSPERSEC
 40
2.0
  9
$STEPSIZE
 40
6.0
  9
$3DDWFPREC
 40
2.0
  9
$PSOLWIDTH
 40
0.25
  9
$PSOLHEIGHT
 40
4.0
  9
$LOFTANG1
 40
1.570796326794896
  9
$LOFTANG2
 40
1.570796326794896
  9
$LOFTMAG1
 40
0.0
  9
$LOFTMAG2
 40
0.0
  9
$LOFTPARAM
 70
     7
  9
$LOFTNORMALS
280
     1
  9
$LATITUDE
 40
37.795
  9
$LONGITUDE
 40
-122.394
  9
$NORTHDIRECTION
 40
0.0
  9
$TIMEZONE
 70
 -8000
  9
$LIGHTGLYPHDISPLAY
280
     1
  9
$TILEMODELIGHTSYNCH
280
     1
  9
$CMATERIAL
347
90
  9
$SOLIDHIST
280
     0
  9
$SHOWHIST
280
     1
  9
$DWFFRAME
280
     2
  9
$DGNFRAME
280
     0
  9
$REALWORLDSCALE
290
     1
  9
$INTERFERECOLOR
 62
     1
  9
$INTERFEREOBJVS
345
B2
  9
$INTERFEREVPVS
346
AF
  9
$CSHADOW
280
     0
  9
$SHADOWPLANELOCATION
 40
0.0
  0
ENDSEC
  0
SECTION
  2
CLASSES
  0
CLASS
  1
ACDBDICTIONARYWDFLT
  2
AcDbDictionaryWithDefault
  3
ObjectDBX Classes
 90
        0
 91
        1
280
     0
281
     0
  0
CLASS
  1
ACME_DOCUMENT
  2
AcMeDbDoc
  3
AcMeServices
 90
     1024
 91
        1
280
     1
281
     0
  0
CLASS
  1
AMGSETTINGSOBJ
  2
AmgSettingsObj
  3
"AcadM|Product Description: AutoCAD Mechanical|Company: Autodesk, Inc."
 90
     1024
 91
        2
280
     1
281
     0
  0
CLASS
  1
ACMESCOPE
  2
AcMeScope
  3
AcMeServices
 90
     1024
 91
        1
280
     1
281
     0
  0
CLASS
  1
ACMECOMMANDHISTORY
  2
AcMeCommandHistory
  3
AcMeServices
 90
     1024
 91
        1
280
     1
281
     0
  0
CLASS
  1
ACIMSYSVARMAN
  2
AcImSysVarManager
  3
AcMeServices
 90
     1024
 91
        3
280
     1
281
     0
  0
CLASS
  1
ACIMREALSYSVAR
  2
AcImRealSysVar
  3
AcMeServices
 90
     1024
 91
        0
280
     1
281
     0
  0
CLASS
  1
ACIMINTSYSVAR
  2
AcImIntSysVar
  3
AcMeServices
 90
     1024
 91
        2
280
     1
281
     0
  0
CLASS
  1
ACMEDRAWINGMAN
  2
AcMeDrawingMan
  3
AcMeServices
 90
     1024
 91
        0
280
     1
281
     0
  0
CLASS
  1
ACMEVIEW
  2
AcMeView
  3
AcMeServices
 90
     1024
 91
        0
280
     1
281
     0
  0
CLASS
  1
ACDBENTITYCACHE
  2
AcMeEntityCache
  3
AcMeServices
 90
     1024
 91
        1
280
     1
281
     0
  0
CLASS
  1
GSMANAGER
  2
AcMeGSManager
  3
AcMeServices
 90
        0
 91
        0
280
     1
281
     0
  0
CLASS
  1
AMDTINTERNALREACTOR
  2
AmdtInternalReactor
  3
AcMeServices
 90
     1024
 91
        0
280
     1
281
     0
  0
CLASS
  1
ACMESTATEMGR
  2
AcMeStateMgr
  3
AcMeServices
 90
     1024
 91
        1
280
     1
281
     0
  0
CLASS
  1
ACGREFMASTER
  2
AcGrefMaster
  3
AcAttribServices
 90
     1024
 91
        1
280
     1
281
     0
  0
CLASS
  1
ACME_DATABASE
  2
AcMeDbDatabase
  3
AcMeServices
 90
     1024
 91
        1
280
     1
281
     0
  0
CLASS
  1
ACRFINSADJUSTERMGR
  2
AcRfInsAdjusterMgr
  3
AcMeServices
 90
     1024
 91
        1
280
     1
281
     0
  0
CLASS
  1
ACGREFACADMASTER
  2
AcGrefacadMaster
  3
AcGrefServices
 90
     1024
 91
        1
280
     1
281
     0
  0
CLASS
  1
AMIMASTER
  2
AmiMaster
  3
AmiServices
 90
     1024
 91
        1
280
     1
281
     0
  0
CLASS
  1
ACMDATADICTIONARY
  2
AcmDataDictionary
  3
"AcmSymBB|Product Description: AutoCAD Mechanical|Company: Autodesk, Inc."
 90
     1024
 91
        1
280
     1
281
     0
  0
CLASS
  1
ACMDATAENTRYBLOCK
  2
AcmDataEntryBlock
  3
AcmSymBB|Product Description: AutoCAD Mechanical|Company: Autodesk, Inc.
 90
     1024
 91
        0
280
     1
281
     0
  0
CLASS
  1
ACIMSTRSYSVAR
  2
AcImStrSysVar
  3
AcMeServices
 90
     1024
 91
        5
280
     1
281
     0
  0
CLASS
  1
ACMSTANDARDDIN
  2
AcmStandardDIN
  3
"Amdt_StdImp|Product Description: AutoCAD Mechanical|Company: Autodesk, Inc."
 90
     1024
 91
        1
280
     1
281
     0
  0
CLASS
  1
AMGOBJPROPCFG
  2
AmgObjPropCfg
  3
"AmgLay|Product Description: AutoCAD Mechanical|Company: Autodesk, Inc."
 90
     1024
 91
        1
280
     1
281
     0
  0
CLASS
  1
AMDTEDGESTANDARDDIN
  2
AmdtEdgeStdDIN
  3
"Amdt_StdImp|Product Description: AutoCAD Mechanical|Company: Autodesk, Inc."
 90
     1024
 91
        0
280
     1
281
     0
  0
CLASS
  1
ACMSURFSTANDARDDIN
  2
AcmSurfTextStdDIN
  3
"Amdt_StdImp|Product Description: AutoCAD Mechanical|Company: Autodesk, Inc."
 90
     1024
 91
        0
280
     1
281
     0
  0
CLASS
  1
ACMFCFSTANDARDDIN
  2
AcmFCFStdDIN
  3
"Amdt_StdImp|Product Description: AutoCAD Mechanical|Company: Autodesk, Inc."
 90
     1024
 91
        0
280
     1
281
     0
  0
CLASS
  1
ACMWELDSTANDARDDIN
  2
AcmWeldingStdDIN
  3
"Amdt_StdImp|Product Description: AutoCAD Mechanical|Company: Autodesk, Inc."
 90
     1024
 91
        1
280
     1
281
     0
  0
CLASS
  1
ACMIDSTANDARDDIN
  2
AcmIdStdDIN
  3
"Amdt_StdImp|Product Description: AutoCAD Mechanical|Company: Autodesk, Inc."
 90
     1024
 91
        0
280
     1
281
     0
  0
CLASS
  1
ACMDATUMSTANDARDDIN
  2
AcmDatumStdDIN
  3
"Amdt_StdImp|Product Description: AutoCAD Mechanical|Company: Autodesk, Inc."
 90
     1024
 91
        0
280
     1
281
     0
  0
CLASS
  1
ACMBOMSTANDARDDIN
  2
AcmBOMStdDIN
  3
"Amdt_StdImp|Product Description: AutoCAD Mechanical|Company: Autodesk, Inc."
 90
     1024
 91
        1
280
     1
281
     0
  0
CLASS
  1
ACMDETAILSTANDARDDIN
  2
AmdtDetailSymStdDIN
  3
"Amdt_StdImp|Product Description: AutoCAD Mechanical|Company: Autodesk, Inc."
 90
     1024
 91
        1
280
     1
281
     0
  0
CLASS
  1
ACMSECTIONSTANDARDDIN
  2
AmdtSectionSymStdDIN
  3
"Amdt_StdImp|Product Description: AutoCAD Mechanical|Company: Autodesk, Inc."
 90
     1024
 91
        1
280
     1
281
     0
  0
CLASS
  1
ACMCENTERLINESTANDARDDIN
  2
AmdtCenterLineStdDIN
  3
"Amdt_StdImp|Product Description: AutoCAD Mechanical|Company: Autodesk, Inc."
 90
     1024
 91
        1
280
     1
281
     0
  0
CLASS
  1
ACMNOTESTANDARDDIN
  2
AmdtNoteStdDIN
  3
"Amdt_StdImp|Product Description: AutoCAD Mechanical|Company: Autodesk, Inc."
 90
     1024
 91
        1
280
     1
281
     0
  0
CLASS
  1
ACAMGLAYSTD
  2
AcAmgLayStd
  3
"AmgLay|Product Description: AutoCAD Mechanical|Company: Autodesk, Inc."
 90
     1024
 91
        1
280
     1
281
     0
  0
CLASS
  1
ACAMGDIMSTD
  2
AcAmgDimStd
  3
"AmgDim|Product Description: AutoCAD Mechanical|Company: Autodesk, Inc."
 90
     1024
 91
        1
280
     1
281
     0
  0
CLASS
  1
ACAMGHOLECHARTSTDDIN
  2
AcAmgHoleChartStdDIN
  3
AmgDim|Product Description: AutoCAD Mechanical|Company: Autodesk, Inc.
 90
     1024
 91
        1
280
     1
281
     0
  0
CLASS
  1
ACAMGTITLESTD
  2
AcAmgTitleStd
  3
"AmgTitle|Product Description: AutoCAD Mechanical|Company: Autodesk, Inc."
 90
     1024
 91
        1
280
     1
281
     0
  0
CLASS
  1
ACAMGFILTERDAT
  2
AcAmgFilterDat
  3
"AcadM|Product Description: AutoCAD Mechanical|Company: Autodesk, Inc."
 90
     1024
 91
        0
280
     1
281
     0
  0
CLASS
  1
LAYER_INDEX
  2
AcDbLayerIndex
  3
ObjectDBX Classes
 90
        0
 91
        0
280
     0
281
     0
  0
CLASS
  1
IDBUFFER
  2
AcDbIdBuffer
  3
ObjectDBX Classes
 90
        0
 91
        0
280
     0
281
     0
  0
CLASS
  1
DICTIONARYVAR
  2
AcDbDictionaryVar
  3
ObjectDBX Classes
 90
        0
 91
       12
280
     0
281
     0
  0
CLASS
  1
TABLESTYLE
  2
AcDbTableStyle
  3
ObjectDBX Classes
 90
     4095
 91
        1
280
     0
281
     0
  0
CLASS
  1
AM_DRAWING_MGR
  2
AcDmDwgMgr
  3
AcMechDwgViewMgmt
 90
     1024
 91
        0
280
     1
281
     0
  0
CLASS
  1
AM_DWG_DOCUMENT
  2
AcDmDwgDocument
  3
AcMechDwgViewMgmt
 90
     1024
 91
        0
280
     1
281
     0
  0
CLASS
  1
AM_DWG_SHEET
  2
AcDmSheet
  3
AcMechDwgViewMgmt
 90
     1024
 91
        0
280
     1
281
     0
  0
CLASS
  1
AM_VIEWDIMPARMAP
  2
AcDmViewDimParMap
  3
AcMechDwgViewMgmt
 90
     1024
 91
        0
280
     1
281
     0
  0
CLASS
  1
AM_DWGMGR_NAME
  2
AcDmDwgMgrName
  3
AcMechDwgViewMgmt
 90
     1024
 91
        0
280
     1
281
     0
  0
CLASS
  1
AMDTMENUSTATEMGR
  2
AmdtMenuStateMgr
  3
McadcomServices
 90
     1024
 91
        1
280
     1
281
     0
  0
CLASS
  1
AMDTMCOMMENUSTATE
  2
AmdtMcomMenuState
  3
McadcomServices
 90
     1024
 91
        1
280
     1
281
     0
  0
CLASS
  1
MAPIAMMOUDLE
  2
MApiAmModule
  3
MApiAmServices
 90
     1024
 91
        1
280
     1
281
     0
  0
CLASS
  1
AMDTADMENUSTATE
  2
AmdtAdMenuState
  3
DesignerServices
 90
        0
 91
        0
280
     1
281
     0
  0
CLASS
  1
ADAPPL
  2
AcAdAppl
  3
DesignerAssemblies
 90
     1024
 91
        0
280
     1
281
     0
  0
CLASS
  1
DEPMGR
  2
AcAdDepMgr
  3
DesignerAssemblies
 90
     1024
 91
        0
280
     1
281
     0
  0
CLASS
  1
PARAMMGR
  2
AcAdParamMgr
  3
DesignerAssemblies
 90
     1024
 91
        0
280
     1
281
     0
  0
CLASS
  1
PARAMSCOPE
  2
AcAdParamScope
  3
DesignerAssemblies
 90
     1024
 91
        0
280
     1
281
     0
  0
CLASS
  1
NAMEDAPPL
  2
AcAdNamedAppl
  3
DesignerAssemblies
 90
     1024
 91
        0
280
     1
281
     0
  0
CLASS
  1
AMDTDMMENUSTATE
  2
AmdtDmMenuState
  3
AcMechDwgViewMgmt
 90
        0
 91
        0
280
     1
281
     0
  0
CLASS
  1
AMDTAMMENUSTATE
  2
AmdtAmMenuState
  3
DesignerAssemblies
 90
     1024
 91
        1
280
     1
281
     0
  0
CLASS
  1
ACAMPROJECT
  2
AcAmProject
  3
DesignerAssemblies
 90
     1024
 91
        1
280
     1
281
     0
  0
CLASS
  1
ACAMGRCOMPDEF
  2
AcAmGrCompDef
  3
DesignerAssemblies
 90
     1024
 91
        1
280
     1
281
     0
  0
CLASS
  1
ACCMCONTEXT
  2
AcCmContext
  3
DesignerAssemblies
 90
     1024
 91
        0
280
     1
281
     0
  0
CLASS
  1
ACAMCOMPDEF
  2
AcAmCompDef
  3
DesignerAssemblies
 90
     1024
 91
        1
280
     1
281
     0
  0
CLASS
  1
ACAMCOMPDEFMGR
  2
AcAmCompDefMgr
  3
DesignerAssemblies
 90
     1024
 91
        1
280
     1
281
     0
  0
CLASS
  1
AMCONTEXTMGR
  2
AcAmContextMgr
  3
DesignerAssemblies
 90
     1024
 91
        1
280
     1
281
     0
  0
CLASS
  1
ACAMCONTEXTMODELER
  2
AcAmContextModeler
  3
DesignerAssemblies
 90
     1024
 91
        1
280
     1
281
     0
  0
CLASS
  1
CATALOGSTATE
  2
AcAmCatalogState
  3
DesignerAssemblies
 90
     1024
 91
        0
280
     1
281
     0
  0
CLASS
  1
ACAMGRCOMPDEFSET
  2
AcAmGrCompDefSet
  3
DesignerAssemblies
 90
     1024
 91
        1
280
     1
281
     0
  0
CLASS
  1
AMDTBROWSERDBTAB
  2
AmdtBrowserDbTab
  3
McadcomServices
 90
     1024
 91
        1
280
     1
281
     0
  0
CLASS
  1
CBROWSERAPPOBJECT
  2
CBrowserAppObject
  3
McadcomServices
 90
     1024
 91
        2
280
     1
281
     0
  0
CLASS
  1
DM_PLACEHOLDER
  2
AcDmSelsetPlaceholder
  3
McadcomServices
 90
     1024
 91
        1
280
     1
281
     0
  0
CLASS
  1
AMDTEDGESTANDARDDIN13715
  2
AmdtEdgeStdDIN13715
  3
"Amdt_StdImp|Product Description: AutoCAD Mechanical|Company: Autodesk, Inc."
 90
     1024
 91
        1
280
     1
281
     0
  0
CLASS
  1
ACMTHREADLINESTANDARDDIN
  2
AmdtThreadLineStdDIN
  3
"Amdt_StdImp|Product Description: AutoCAD Mechanical|Company: Autodesk, Inc."
 90
     1024
 91
        1
280
     1
281
     0
  0
CLASS
  1
AMDTNOTETEMPLATEDB
  2
AmdtNoteTemplateDB
  3
AcmSymBB|Product Description: AutoCAD Mechanical|Company: Autodesk, Inc.
 90
     1024
 91
        7
280
     1
281
     0
  0
CLASS
  1
ACRFATTGENMGR
  2
AcRfAttGeneralMgr
  3
AcAttribServices
 90
     1024
 91
        0
280
     1
281
     0
  0
CLASS
  1
SORTENTSTABLE
  2
AcDbSortentsTable
  3
ObjectDBX Classes
 90
        0
 91
        1
280
     0
281
     0
  0
CLASS
  1
MATERIAL
  2
AcDbMaterial
  3
ObjectDBX Classes
 90
     1153
 91
        3
280
     0
281
     0
  0
CLASS
  1
VISUALSTYLE
  2
AcDbVisualStyle
  3
ObjectDBX Classes
 90
     4095
 91
       24
280
     0
281
     0
  0
CLASS
  1
SCALE
  2
AcDbScale
  3
ObjectDBX Classes
 90
     1153
 91
       17
280
     0
281
     0
  0
CLASS
  1
MLEADERSTYLE
  2
AcDbMLeaderStyle
  3
ACDB_MLEADERSTYLE_CLASS
 90
     4095
 91
        1
280
     0
281
     0
  0
CLASS
  1
ACMSURFSTANDARDDIN2002
  2
AcmSurfTextStdDIN2002
  3
"Amdt_StdImp|Product Description: AutoCAD Mechanical|Company: Autodesk, Inc."
 90
     1024
 91
        1
280
     0
281
     0
  0
CLASS
  1
ACMFCFSTANDARDDIN2008
  2
AcmFCFStdDIN2008
  3
"Amdt_StdImp|Product Description: AutoCAD Mechanical|Company: Autodesk, Inc."
 90
     1024
 91
        1
280
     0
281
     0
  0
CLASS
  1
ACMIDSTANDARDDIN2008
  2
AcmIdStdDIN2008
  3
"Amdt_StdImp|Product Description: AutoCAD Mechanical|Company: Autodesk, Inc."
 90
     1024
 91
        0
280
     0
281
     0
  0
CLASS
  1
ACMTAPERSTANDARDDIN
  2
AcmTaperStdDIN
  3
"Amdt_StdImp|Product Description: AutoCAD Mechanical|Company: Autodesk, Inc."
 90
     1024
 91
        1
280
     0
281
     0
  0
CLASS
  1
ACMANOOTATIONVIEWSTANDARDDIN
  2
AmdtAnViewStdDIN
  3
"Amdt_StdImp|Product Description: AutoCAD Mechanical|Company: Autodesk, Inc."
 90
     1024
 91
        1
280
     0
281
     0
  0
CLASS
  1
CELLSTYLEMAP
  2
AcDbCellStyleMap
  3
ObjectDBX Classes
 90
     1152
 91
        2
280
     0
281
     0
  0
CLASS
  1
ACDBSECTIONVIEWSTYLE
  2
AcDbSectionViewStyle
  3
ObjectDBX Classes
 90
     1025
 91
        2
280
     0
281
     0
  0
CLASS
  1
ACDBDETAILVIEWSTYLE
  2
AcDbDetailViewStyle
  3
ObjectDBX Classes
 90
     1025
 91
        2
280
     0
281
     0
  0
CLASS
  1
ACMIDSTANDARDDIN2012
  2
AcmIdStdDIN2012
  3
"Amdt_StdImp|Product Description: AutoCAD Mechanical|Company: Autodesk, Inc."
 90
     1024
 91
        1
280
     0
281
     0
  0
CLASS
  1
ACMDATUMSTANDARDDIN2008
  2
AcmDatumStdDIN2008
  3
"Amdt_StdImp|Product Description: AutoCAD Mechanical|Company: Autodesk, Inc."
 90
     1024
 91
        1
280
     0
281
     0
  0
CLASS
  1
ACMSECTIONSTANDARDCUSTOM
  2
AmdtSectionSymStdCustom
  3
"Amdt_StdImp|Product Description: AutoCAD Mechanical|Company: Autodesk, Inc."
 90
     1024
 91
        1
280
     0
281
     0
  0
CLASS
  1
ACMDETAILTANDARDCUSTOM
  2
AmdtDetailSymStdCustom
  3
"Amdt_StdImp|Product Description: AutoCAD Mechanical|Company: Autodesk, Inc."
 90
     1024
 91
        1
280
     0
281
     0
  0
CLASS
  1
FIELD
  2
AcDbField
  3
ObjectDBX Classes
 90
     1152
 91
        6
280
     0
281
     0
  0
CLASS
  1
FIELDLIST
  2
AcDbFieldList
  3
ObjectDBX Classes
 90
     1152
 91
        1
280
     0
281
     0
  0
ENDSEC
  0
SECTION
  2
TABLES
  0
TABLE
  2
VPORT
  5
1C
330
0
100
AcDbSymbolTable
 70
     1
  0
VPORT
  5
85
330
1C
100
AcDbSymbolTableRecord
100
AcDbViewportTableRecord
  2
*Active
 70
     0
 10
0.0
 20
0.0
 11
1.0
 21
1.0
 12
-13.77839693254805
 22
1599.78100522412
 13
0.0
 23
0.0
 14
263.1620808041473
 24
263.1620808041473
 15
10.0
 25
10.0
 16
0.0
 26
0.0
 36
1.0
 17
0.0
 27
0.0
 37
0.0
 40
369.9684231569458
 41
2.041214750542299
 42
50.0
 43
0.0
 44
0.0
 50
0.0
 51
0.0
 71
     0
 72
   100
 73
     1
 74
     1
 75
     0
 76
     0
 77
     0
 78
     0
281
     0
 65
     0
110
0.0
120
0.0
130
0.0
111
1.0
121
0.0
131
0.0
112
0.0
122
1.0
132
0.0
 79
     0
146
0.0
348
AE
 60
     3
 61
     5
292
     1
282
     1
141
0.0
142
0.0
 63
   250
421
  3355443
1001
ACAD_NAV_VCDISPLAY
1070
     3
  0
ENDTAB
  0
TABLE
  2
LTYPE
  5
17
330
0
100
AcDbSymbolTable
 70
    20
  0
LTYPE
  5
18
330
17
100
AcDbSymbolTableRecord
100
AcDbLinetypeTableRecord
  2
BYBLOCK
 70
     0
  3

 72
    65
 73
     0
 40
0.0
  0
LTYPE
  5
19
330
17
100
AcDbSymbolTableRecord
100
AcDbLinetypeTableRecord
  2
BYLAYER
 70
     0
  3

 72
    65
 73
     0
 40
0.0
  0
LTYPE
  5
A
330
17
100
AcDbSymbolTableRecord
100
AcDbLinetypeTableRecord
  2
CONTINUOUS
 70
     0
  3
Solid line
 72
    65
 73
     0
 40
0.0
  0
LTYPE
  5
39
330
17
100
AcDbSymbolTableRecord
100
AcDbLinetypeTableRecord
  2
MITTE2
 70
     0
  3
Mitte (.5x) ___ _ ___ _ ___ _ ___ _ ___ _ ___
 72
    65
 73
     4
 40
1.125
 49
0.75
 74
     0
 49
-0.125
 74
     0
 49
0.125
 74
     0
 49
-0.125
 74
     0
  0
LTYPE
  5
E7
330
17
100
AcDbSymbolTableRecord
100
AcDbLinetypeTableRecord
  2
HIDDEN
 70
     0
  3
Hidden __ __ __ __ __ __ __ __ __ __ __ __ __ __
 72
    65
 73
     2
 40
9.525
 49
6.349999999999998
 74
     0
 49
-3.174999999999998
 74
     0
  0
LTYPE
  5
E8
330
17
100
AcDbSymbolTableRecord
100
AcDbLinetypeTableRecord
  2
PHANTOM2
 70
     0
  3
Phantom (.5x) ___ _ _ ___ _ _ ___ _ _ ___ _ _
 72
    65
 73
     6
 40
31.75
 49
15.875
 74
     0
 49
-3.174999999999998
 74
     0
 49
3.174999999999998
 74
     0
 49
-3.174999999999998
 74
     0
 49
3.174999999999998
 74
     0
 49
-3.174999999999998
 74
     0
  0
LTYPE
  5
E9
330
17
100
AcDbSymbolTableRecord
100
AcDbLinetypeTableRecord
  2
CENTER
 70
     0
  3
Center ____ _ ____ _ ____ _ ____ _ ____ _ ____
 72
    65
 73
     4
 40
50.8
 49
31.75
 74
     0
 49
-6.349999999999998
 74
     0
 49
6.349999999999998
 74
     0
 49
-6.349999999999998
 74
     0
  0
LTYPE
  5
124
330
17
100
AcDbSymbolTableRecord
100
AcDbLinetypeTableRecord
  2
AM_ISO02W050
 70
     0
  3
__ __ __ __ __ __ __ __ __ __ __ __ __ __ __
 72
    65
 73
     2
 40
7.5
 49
6.0
 74
     0
 49
-1.5
 74
     0
  0
LTYPE
  5
125
330
17
100
AcDbSymbolTableRecord
100
AcDbLinetypeTableRecord
  2
AM_ISO08W050
 70
     0
  3
____ . ____ . ____ . ____ . ____ . ____ . ____
 72
    65
 73
     4
 40
18.0
 49
12.0
 74
     0
 49
-1.5
 74
     0
 49
3.0
 74
     0
 49
-1.5
 74
     0
  0
LTYPE
  5
126
330
17
100
AcDbSymbolTableRecord
100
AcDbLinetypeTableRecord
  2
AM_ISO09W050
 70
     0
  3
_____ . . _____ . . _____ . . ____ .. ____
 72
    65
 73
     6
 40
22.5
 49
12.0
 74
     0
 49
-1.5
 74
     0
 49
3.0
 74
     0
 49
-1.5
 74
     0
 49
3.0
 74
     0
 49
-1.5
 74
     0
  0
LTYPE
  5
127
330
17
100
AcDbSymbolTableRecord
100
AcDbLinetypeTableRecord
  2
Amconstr
 70
     0
  3
_______________________
 72
    65
 73
     2
 40
9999.0
 49
9999.0
 74
     0
 49
0.0
 74
     0
  0
LTYPE
  5
128
330
17
100
AcDbSymbolTableRecord
100
AcDbLinetypeTableRecord
  2
AM_ISO08W050x2
 70
     0
  3
__ . __ . __ . __ . __ . __
 72
    65
 73
     4
 40
9.0
 49
6.0
 74
     0
 49
-0.75
 74
     0
 49
1.5
 74
     0
 49
-0.75
 74
     0
  0
LTYPE
  5
129
330
17
100
AcDbSymbolTableRecord
100
AcDbLinetypeTableRecord
  2
AM_ISO02W050x2
 70
     0
  3
 _ _ _ _ _ _ _ _ _ _ _ _
 72
    65
 73
     2
 40
3.75
 49
3.0
 74
     0
 49
-0.75
 74
     0
  0
LTYPE
  5
12C
330
17
100
AcDbSymbolTableRecord
100
AcDbLinetypeTableRecord
  2
Amzigzag
 70
     0
  3
/\/-/\/-/\/-/\/-/\/-/\/
 72
    65
 73
     2
 40
11.0001
 49
0.0001
 74
     4
 75
   136
340
12B
 46
0.04
 50
0.0
 44
0.0
 45
0.0
 49
-11.0
 74
     0
  0
LTYPE
  5
12D
330
17
100
AcDbSymbolTableRecord
100
AcDbLinetypeTableRecord
  2
AM_DIN_F_W050
 70
     0
  3
__ __ __ __ __ __ __ __ __ __ __ __ __ __ __
 72
    65
 73
     2
 40
6.25
 49
4.75
 74
     0
 49
-1.5
 74
     0
  0
LTYPE
  5
12E
330
17
100
AcDbSymbolTableRecord
100
AcDbLinetypeTableRecord
  2
AM_DIN_G_W050
 70
     0
  3
____ . ____ . ____ . ____ . ____ . ____ . ____
 72
    65
 73
     4
 40
13.75
 49
9.75
 74
     0
 49
-1.5
 74
     0
 49
1.0
 74
     0
 49
-1.5
 74
     0
  0
LTYPE
  5
12F
330
17
100
AcDbSymbolTableRecord
100
AcDbLinetypeTableRecord
  2
AM_DIN_K_W050
 70
     0
  3
_____ . . _____ . . _____ . . ____ .. ____
 72
    65
 73
     6
 40
16.25
 49
9.75
 74
     0
 49
-1.5
 74
     0
 49
1.0
 74
     0
 49
-1.5
 74
     0
 49
1.0
 74
     0
 49
-1.5
 74
     0
  0
LTYPE
  5
130
330
17
100
AcDbSymbolTableRecord
100
AcDbLinetypeTableRecord
  2
AM_DIN_G_W050x2
 70
     0
  3
__ . __ . __ . __ . __ . __
 72
    65
 73
     4
 40
6.875
 49
4.75
 74
     0
 49
-0.875
 74
     0
 49
0.375
 74
     0
 49
-0.875
 74
     0
  0
LTYPE
  5
131
330
17
100
AcDbSymbolTableRecord
100
AcDbLinetypeTableRecord
  2
AM_DIN_F_W050x2
 70
     0
  3
 _ _ _ _ _ _ _ _ _ _ _ _
 72
    65
 73
     2
 40
3.125
 49
2.25
 74
     0
 49
-0.875
 74
     0
  0
LTYPE
  5
140
330
17
100
AcDbSymbolTableRecord
100
AcDbLinetypeTableRecord
  2
ACDINWELD
 70
     0
  3
_ _ _ _ _
 72
    65
 73
     2
 40
2.0
 49
2.0
 74
     0
 49
-1.0
 74
     0
  0
LTYPE
  5
141
330
17
100
AcDbSymbolTableRecord
100
AcDbLinetypeTableRecord
  2
ACDINTGL
 70
     0
  3
_ _ _ _ _
 72
    65
 73
     2
 40
3.0
 49
2.0
 74
     0
 49
-1.0
 74
     0
  0
LTYPE
  5
142
330
17
100
AcDbSymbolTableRecord
100
AcDbLinetypeTableRecord
  2
ACDINTGB
 70
     0
  3
__ . . __ . .
 72
    65
 73
     6
 40
9.0
 49
4.0
 74
     0
 49
-1.0
 74
     0
 49
1.0
 74
     0
 49
-1.0
 74
     0
 49
1.0
 74
     0
 49
-1.0
 74
     0
  0
ENDTAB
  0
TABLE
  2
LAYER
  5
13
330
0
100
AcDbSymbolTable
 70
     2
  0
LAYER
  5
6
102
{ACAD_XDICTIONARY
360
1C3
102
}
330
13
100
AcDbSymbolTableRecord
100
AcDbLayerTableRecord
  2
0
 70
     0
 62
     7
  6
CONTINUOUS
370
    -3
390
7
347
A0
348
0
  0
LAYER
  5
29
102
{ACAD_XDICTIONARY
360
1C5
102
}
330
13
100
AcDbSymbolTableRecord
100
AcDbLayerTableRecord
  2
HALFEN
 70
     0
 62
     2
  6
CONTINUOUS
370
    -3
390
7
347
A0
348
0
  0
ENDTAB
  0
TABLE
  2
STYLE
  5
14
330
0
100
AcDbSymbolTable
 70
     5
  0
STYLE
  5
15
330
14
100
AcDbSymbolTableRecord
100
AcDbTextStyleTableRecord
  2
STANDARD
 70
     0
 40
0.0
 41
1.0
 50
0.0
 71
     0
 42
0.2
  3
ISOCP.SHX
  4

  0
STYLE
  5
2A
330
14
100
AcDbSymbolTableRecord
100
AcDbTextStyleTableRecord
  2
ARIAL50
 70
     0
 40
5.0
 41
1.0
 50
0.0
 71
     0
 42
3.5
  3
ARIAL.TTF
  4

1001
ACAD
1000
Arial
1071
       34
  0
STYLE
  5
12B
330
14
100
AcDbSymbolTableRecord
100
AcDbTextStyleTableRecord
  2

 70
     1
 40
0.0
 41
1.0
 50
0.0
 71
     0
 42
3.5
  3
genltshp.shx
  4

  0
STYLE
  5
13E
330
14
100
AcDbSymbolTableRecord
100
AcDbTextStyleTableRecord
  2
ACDINTS
 70
     0
 40
1.0
 41
1.0
 50
0.0
 71
     0
 42
3.5
  3
isocp.shx
  4

  0
STYLE
  5
13F
330
14
100
AcDbSymbolTableRecord
100
AcDbTextStyleTableRecord
  2
ACDINGDT
 70
     0
 40
0.0
 41
1.0
 50
0.0
 71
     0
 42
3.5
  3
amgdt.shx
  4

  0
ENDTAB
  0
TABLE
  2
VIEW
  5
1A
330
0
100
AcDbSymbolTable
 70
     0
  0
ENDTAB
  0
TABLE
  2
UCS
  5
1B
330
0
100
AcDbSymbolTable
 70
     0
  0
ENDTAB
  0
TABLE
  2
APPID
  5
1E
330
0
100
AcDbSymbolTable
 70
    11
  0
APPID
  5
1F
330
1E
100
AcDbSymbolTableRecord
100
AcDbRegAppTableRecord
  2
ACAD
 70
     0
  0
APPID
  5
E
330
1E
100
AcDbSymbolTableRecord
100
AcDbRegAppTableRecord
  2
ACAD_PSEXT
 70
     0
  0
APPID
  5
7C
330
1E
100
AcDbSymbolTableRecord
100
AcDbRegAppTableRecord
  2
DCO15
 70
     0
  0
APPID
  5
E0
330
1E
100
AcDbSymbolTableRecord
100
AcDbRegAppTableRecord
  2
MCAD_NO_VIS
 70
     0
  0
APPID
  5
E1
330
1E
100
AcDbSymbolTableRecord
100
AcDbRegAppTableRecord
  2
ACAD_TEMP_GRAPHIC
 70
     0
  0
APPID
  5
EE
330
1E
100
AcDbSymbolTableRecord
100
AcDbRegAppTableRecord
  2
ACATTRIBSERVICES
 70
     0
  0
APPID
  5
106
330
1E
100
AcDbSymbolTableRecord
100
AcDbRegAppTableRecord
  2
DESIGNERASSEMBLIES
 70
     0
  0
APPID
  5
121
330
1E
100
AcDbSymbolTableRecord
100
AcDbRegAppTableRecord
  2
ACAD_DSTYLE_DIMJAG
 70
     0
  0
APPID
  5
122
330
1E
100
AcDbSymbolTableRecord
100
AcDbRegAppTableRecord
  2
ACAD_DSTYLE_DIMBREAK
 70
     0
  0
APPID
  5
149
330
1E
100
AcDbSymbolTableRecord
100
AcDbRegAppTableRecord
  2
ACAD_NAV_VCDISPLAY
 70
     0
  0
APPID
  5
152
330
1E
100
AcDbSymbolTableRecord
100
AcDbRegAppTableRecord
  2
ACAD_EXEMPT_FROM_CAD_STANDARDS
 70
     0
  0
ENDTAB
  0
TABLE
  2
DIMSTYLE
  5
20
330
0
100
AcDbSymbolTable
 70
     8
100
AcDbDimStyleTable
 71
     1
340
21
  0
DIMSTYLE
105
21
330
20
100
AcDbSymbolTableRecord
100
AcDbDimStyleTableRecord
  2
GEN-ISO
 70
     0
 41
2.5
 42
1.0
 43
10.0
 44
1.0
 47
0.1
 48
0.1
 73
     0
 74
     0
 77
     1
 78
     8
140
3.5
141
0.0
143
0.0393701
146
0.71
147
3.0
172
     1
176
     1
177
     1
178
     7
271
     1
272
     3
274
     4
283
     0
340
15
  0
DIMSTYLE
105
120
102
{ACAD_REACTORS
330
195
102
}
330
20
100
AcDbSymbolTableRecord
100
AcDbDimStyleTableRecord
  2
AM_DIN
 70
     0
  4
"
 41
3.5
 42
1.0
 43
10.0
 44
1.0
 47
0.1
 48
0.1
 50
90.0
 73
     0
 74
     0
 77
     1
 78
     8
 79
     2
140
3.5
141
0.0
143
0.0393701
146
0.71
147
1.5
172
     1
176
   256
177
   256
178
     2
271
     2
272
     3
274
     4
283
     0
284
     8
340
15
345
18
346
18
347
18
371
    -1
372
    -1
1001
ACAD_DSTYLE_DIMJAG
1070
   388
1040
1.5
1001
ACAD_DSTYLE_DIMBREAK
1070
   391
1040
3.75
  0
DIMSTYLE
105
132
330
20
100
AcDbSymbolTableRecord
100
AcDbDimStyleTableRecord
  2
AM_DIN$3
 70
     0
  4
"
 41
3.5
 42
1.0
 43
10.0
 44
1.0
 47
0.1
 48
0.1
 50
90.0
 73
     0
 77
     1
 78
     8
 79
     2
140
3.5
141
0.0
143
0.0393701
146
0.71
147
1.5
176
   256
177
   256
178
     2
271
     2
272
     3
274
     4
283
     0
284
     8
288
     1
289
     0
340
15
345
18
346
18
347
18
371
    -1
372
    -1
1001
ACAD_DSTYLE_DIMBREAK
1070
   391
1040
3.75
1001
ACAD_DSTYLE_DIMJAG
1070
   388
1040
1.5
  0
DIMSTYLE
105
133
330
20
100
AcDbSymbolTableRecord
100
AcDbDimStyleTableRecord
  2
AM_DIN$4
 70
     0
  4
"
 41
3.5
 42
1.0
 43
10.0
 44
1.0
 47
0.1
 48
0.1
 50
90.0
 73
     0
 77
     1
 78
     8
 79
     2
140
3.5
141
0.0
143
0.0393701
146
0.71
147
1.5
176
   256
177
   256
178
     2
271
     2
272
     3
274
     4
283
     0
284
     8
288
     1
289
     0
340
15
345
18
346
18
347
18
371
    -1
372
    -1
1001
ACAD_DSTYLE_DIMBREAK
1070
   391
1040
3.75
1001
ACAD_DSTYLE_DIMJAG
1070
   388
1040
1.5
  0
DIMSTYLE
105
134
330
20
100
AcDbSymbolTableRecord
100
AcDbDimStyleTableRecord
  2
AM_DIN$6
 70
     0
  4
"
 41
3.5
 42
1.0
 43
10.0
 44
1.0
 47
0.1
 48
0.1
 50
90.0
 73
     0
 74
     0
 78
     8
 79
     2
140
3.5
141
0.0
143
0.0393701
146
0.71
147
1.5
172
     1
176
   256
177
   256
178
     2
271
     2
272
     3
274
     4
283
     0
284
     8
340
15
345
18
346
18
347
18
371
    -1
372
    -1
1001
ACAD_DSTYLE_DIMBREAK
1070
   391
1040
3.75
1001
ACAD_DSTYLE_DIMJAG
1070
   388
1040
1.5
  0
DIMSTYLE
105
135
330
20
100
AcDbSymbolTableRecord
100
AcDbDimStyleTableRecord
  2
AM_DIN$7
 70
     0
  4
"
 41
3.5
 42
1.0
 43
10.0
 44
1.0
 47
0.1
 48
0.1
 50
90.0
 73
     0
 74
     0
 77
     1
 78
     8
 79
     2
140
3.5
141
0.0
143
0.0393701
146
0.71
147
1.5
172
     1
176
   256
177
   256
178
     2
271
     2
272
     3
274
     4
283
     0
284
     8
340
15
345
18
346
18
347
18
371
    -1
372
    -1
1001
ACAD_DSTYLE_DIMBREAK
1070
   391
1040
3.75
1001
ACAD_DSTYLE_DIMJAG
1070
   388
1040
1.5
  0
DIMSTYLE
105
136
330
20
100
AcDbSymbolTableRecord
100
AcDbDimStyleTableRecord
  2
AM_DIN$SF
 70
     0
  4
"
 41
3.5
 42
1.0
 43
10.0
 44
1.0
 47
0.1
 48
0.1
 50
90.0
 73
     0
 74
     0
 75
     1
 76
     1
 77
     1
 78
     8
 79
     2
140
3.5
141
0.0
143
0.0393701
146
0.71
147
1.5
172
     1
176
   256
177
   256
178
     2
271
     2
272
     3
274
     4
283
     0
284
     8
340
15
345
18
346
18
347
18
371
    -1
372
    -1
1001
ACAD_DSTYLE_DIMBREAK
1070
   391
1040
3.75
1001
ACAD_DSTYLE_DIMJAG
1070
   388
1040
1.5
  0
DIMSTYLE
105
13B
330
20
100
AcDbSymbolTableRecord
100
AcDbDimStyleTableRecord
  2
AM_DIN$SH
 70
     0
  4
"
 41
3.5
 42
1.0
 43
10.0
 44
1.0
 47
0.1
 48
0.1
 50
90.0
 73
     0
 74
     0
 75
     1
 76
     1
 77
     1
 78
     8
 79
     2
140
3.5
141
0.0
143
0.0393701
144
2.0
146
0.71
147
1.5
172
     1
173
     1
176
   256
177
   256
178
     2
271
     2
272
     3
274
     4
283
     0
284
     8
340
15
343
137
345
18
346
18
347
18
371
    -1
372
    -1
1001
ACAD_DSTYLE_DIMBREAK
1070
   391
1040
3.75
1001
ACAD_DSTYLE_DIMJAG
1070
   388
1040
1.5
  0
ENDTAB
  0
TABLE
  2
BLOCK_RECORD
  5
1
330
0
100
AcDbSymbolTable
 70
     3
  0
BLOCK_RECORD
  5
2
102
{ACAD_XDICTIONARY
360
3
102
}
330
1
100
AcDbSymbolTableRecord
100
AcDbBlockTableRecord
  2
*MODEL_SPACE
340
C
 70
     0
280
     1
281
     0
  0
BLOCK_RECORD
  5
F
330
1
100
AcDbSymbolTableRecord
100
AcDbBlockTableRecord
  2
*PAPER_SPACE
340
12
 70
     0
280
     1
281
     0
  0
BLOCK_RECORD
  5
137
330
1
100
AcDbSymbolTableRecord
100
AcDbBlockTableRecord
  2
GENAXEH
340
0
 70
     0
280
     1
281
     0
  0
BLOCK_RECORD
  5
1B3
330
1
100
AcDbSymbolTableRecord
100
AcDbBlockTableRecord
  2
_ACMFILLED30
340
0
 70
     0
280
     1
281
     0
  0
ENDTAB
  0
ENDSEC
  0
SECTION
  2
BLOCKS
  0
BLOCK
  5
5
330
2
100
AcDbEntity
  8
0
100
AcDbBlockBegin
  2
*MODEL_SPACE
 70
     0
 10
0.0
 20
0.0
 30
0.0
  3
*MODEL_SPACE
  1

  0
ENDBLK
  5
B
330
2
100
AcDbEntity
  8
0
100
AcDbBlockEnd
  0
BLOCK
  5
10
330
F
100
AcDbEntity
 67
     1
  8
0
100
AcDbBlockBegin
  2
*PAPER_SPACE
 70
     0
 10
0.0
 20
0.0
 30
0.0
  3
*PAPER_SPACE
  1

  0
ENDBLK
  5
11
330
F
100
AcDbEntity
 67
     1
  8
0
100
AcDbBlockEnd
  0
BLOCK
  5
139
330
137
100
AcDbEntity
  8
0
100
AcDbBlockBegin
  2
GENAXEH
 70
     0
 10
0.0
 20
0.0
 30
0.0
  3
GENAXEH
  1

  0
LINE
  5
138
330
137
100
AcDbEntity
  8
0
100
AcDbLine
 10
-1.0
 20
0.0
 30
0.0
 11
1.0
 21
0.0
 31
0.0
  0
ENDBLK
  5
13A
330
137
100
AcDbEntity
  8
0
100
AcDbBlockEnd
  0
BLOCK
  5
1B4
330
1B3
100
AcDbEntity
  8
0
100
AcDbBlockBegin
  2
_ACMFILLED30
 70
     0
 10
0.0
 20
0.0
 30
0.0
  3
_ACMFILLED30
  1

  0
TRACE
  5
1B6
330
1B3
100
AcDbEntity
  8
HALFEN
 62
     0
100
AcDbTrace
 10
-1.0
 20
-0.26794919
 30
0.0
 11
-1.0
 21
0.26794919
 31
0.0
 12
0.0
 22
0.0
 32
0.0
 13
0.0
 23
0.0
 33
0.0
  0
ENDBLK
  5
1B5
330
1B3
100
AcDbEntity
  8
0
100
AcDbBlockEnd
  0
ENDSEC
  0
SECTION
  2
ENTITIES
  0
LINE
  5
2D
330
2
100
AcDbEntity
  8
HALFEN
100
AcDbLine
 10
-159.7500000000017
 20
1491.249999999998
 30
0.0
 11
190.2499999999981
 21
1491.249999999998
 31
0.0
  0
LINE
  5
2E
330
2
100
AcDbEntity
  8
HALFEN
100
AcDbLine
 10
-159.7500000000017
 20
1468.249999999997
 30
0.0
 11
190.2499999999981
 21
1468.249999999997
 31
0.0
  0
LINE
  5
2F
330
2
100
AcDbEntity
  8
HALFEN
100
AcDbLine
 10
-159.7500000000017
 20
1448.249999999997
 30
0.0
 11
190.2499999999981
 21
1448.249999999997
 31
0.0
  0
LINE
  5
30
330
2
100
AcDbEntity
  8
HALFEN
100
AcDbLine
 10
-159.7500000000017
 20
1438.249999999997
 30
0.0
 11
190.2499999999981
 21
1438.249999999998
 31
0.0
  0
LINE
  5
31
330
2
100
AcDbEntity
  8
HALFEN
100
AcDbLine
 10
-159.7500000000017
 20
1420.249999999997
 30
0.0
 11
190.2499999999981
 21
1420.249999999998
 31
0.0
  0
LINE
  5
32
330
2
100
AcDbEntity
  8
HALFEN
100
AcDbLine
 10
-159.7500000000017
 20
1410.249999999997
 30
0.0
 11
190.2499999999981
 21
1410.249999999997
 31
0.0
  0
TEXT
  5
33
330
2
100
AcDbEntity
  8
HALFEN
100
AcDbText
 10
7.249999999998209
 20
1733.749999999998
 30
0.0
 40
5.0
  1
0012.120-00101
  7
ARIAL50
100
AcDbText
  0
TEXT
  5
34
330
2
100
AcDbEntity
  8
HALFEN
100
AcDbText
 10
7.249999999998209
 20
1751.749999999998
 30
0.0
 40
5.0
  1
HZA-R 38/23 - A4 - 350 - VF
  7
ARIAL50
100
AcDbText
  0
LINE
  5
35
330
2
100
AcDbEntity
  8
HALFEN
100
AcDbLine
 10
-47.7500000000017
 20
1731.249999999998
 30
0.0
 11
102.2499999999981
 21
1731.249999999998
 31
0.0
  0
LINE
  5
36
330
2
100
AcDbEntity
  8
HALFEN
100
AcDbLine
 10
-47.7500000000017
 20
1741.249999999998
 30
0.0
 11
102.2499999999981
 21
1741.249999999998
 31
0.0
  0
LINE
  5
37
330
2
100
AcDbEntity
  8
HALFEN
100
AcDbLine
 10
-47.7500000000017
 20
1759.249999999998
 30
0.0
 11
102.2499999999981
 21
1759.249999999998
 31
0.0
  0
LINE
  5
38
330
2
100
AcDbEntity
  8
HALFEN
  6
MITTE2
 62
     1
 48
10.0
100
AcDbLine
 10
-198.7500000000015
 20
1711.249999999998
 30
0.0
 11
-198.7500000000017
 21
1468.249999999997
 31
0.0
  0
LINE
  5
3A
330
2
100
AcDbEntity
  8
HALFEN
 62
     1
 48
10.0
100
AcDbLine
 10
-199.7500000000016
 20
1711.249999999998
 30
0.0
 11
-199.7500000000016
 21
1491.249999999998
 31
0.0
  0
LINE
  5
3B
330
2
100
AcDbEntity
  8
HALFEN
 62
     1
 48
10.0
100
AcDbLine
 10
-197.7500000000016
 20
1711.249999999998
 30
0.0
 11
-197.7500000000017
 21
1491.249999999998
 31
0.0
  0
LINE
  5
3C
330
2
100
AcDbEntity
  8
HALFEN
100
AcDbLine
 10
-204.7500000000016
 20
1711.249999999998
 30
0.0
 11
-204.7500000000017
 21
1491.249999999997
 31
0.0
  0
LINE
  5
3D
330
2
100
AcDbEntity
  8
HALFEN
100
AcDbLine
 10
-192.7500000000016
 20
1711.249999999998
 30
0.0
 11
-192.7500000000017
 21
1491.249999999998
 31
0.0
  0
LINE
  5
3E
330
2
100
AcDbEntity
  8
HALFEN
100
AcDbLine
 10
-179.7500000000017
 20
1491.249999999998
 30
0.0
 11
-217.7500000000017
 21
1491.249999999997
 31
0.0
  0
LINE
  5
3F
330
2
100
AcDbEntity
  8
HALFEN
100
AcDbLine
 10
-192.7500000000016
 20
1711.249999999998
 30
0.0
 11
-204.7500000000016
 21
1711.249999999998
 31
0.0
  0
LINE
  5
40
330
2
100
AcDbEntity
  8
HALFEN
100
AcDbLine
 10
-184.7500000000017
 20
1487.749999999997
 30
0.0
 11
-212.7500000000018
 21
1487.749999999997
 31
0.0
  0
LINE
  5
41
330
2
100
AcDbEntity
  8
HALFEN
100
AcDbLine
 10
-207.7500000000017
 20
1473.749999999997
 30
0.0
 11
-214.6864916731054
 21
1473.749999999997
 31
0.0
  0
LINE
  5
42
330
2
100
AcDbEntity
  8
HALFEN
100
AcDbLine
 10
-207.7500000000017
 20
1472.249999999998
 30
0.0
 11
-212.7500000000018
 21
1472.249999999998
 31
0.0
  0
LINE
  5
43
330
2
100
AcDbEntity
  8
HALFEN
100
AcDbLine
 10
-207.7500000000017
 20
1468.249999999997
 30
0.0
 11
-217.7500000000017
 21
1468.249999999997
 31
0.0
  0
LINE
  5
44
330
2
100
AcDbEntity
  8
HALFEN
100
AcDbLine
 10
-214.7500000000018
 20
1474.249999999997
 30
0.0
 11
-214.7500000000018
 21
1485.749999999997
 31
0.0
  0
ARC
  5
45
330
2
100
AcDbEntity
  8
HALFEN
100
AcDbCircle
 10
-212.7500000000018
 20
1485.749999999997
 30
0.0
 40
2.0
100
AcDbArc
 50
90.0
 51
180.0
  0
ARC
  5
46
330
2
100
AcDbEntity
  8
HALFEN
100
AcDbCircle
 10
-212.7500000000018
 20
1474.249999999997
 30
0.0
 40
2.0
100
AcDbArc
 50
180.0
 51
270.0
  0
LINE
  5
47
330
2
100
AcDbEntity
  8
HALFEN
100
AcDbLine
 10
-217.7500000000017
 20
1468.249999999997
 30
0.0
 11
-217.7500000000017
 21
1491.249999999997
 31
0.0
  0
LINE
  5
48
330
2
100
AcDbEntity
  8
HALFEN
100
AcDbLine
 10
-207.7500000000017
 20
1468.249999999997
 30
0.0
 11
-207.7500000000017
 21
1473.749999999997
 31
0.0
  0
LINE
  5
49
330
2
100
AcDbEntity
  8
HALFEN
100
AcDbLine
 10
-159.7500000000017
 20
1448.249999999997
 30
0.0
 11
-159.7500000000017
 21
1410.249999999997
 31
0.0
  0
LINE
  5
4A
330
2
100
AcDbEntity
  8
HALFEN
100
AcDbLine
 10
-182.7500000000016
 20
1474.249999999997
 30
0.0
 11
-182.7500000000016
 21
1485.749999999997
 31
0.0
  0
ARC
  5
4B
330
2
100
AcDbEntity
  8
HALFEN
100
AcDbCircle
 10
-184.7500000000017
 20
1485.749999999997
 30
0.0
 40
2.0
100
AcDbArc
 50
0.0
 51
90.0
  0
LINE
  5
4C
330
2
100
AcDbEntity
  8
HALFEN
100
AcDbLine
 10
-179.7500000000017
 20
1468.249999999997
 30
0.0
 11
-179.7500000000017
 21
1491.249999999998
 31
0.0
  0
ARC
  5
4D
330
2
100
AcDbEntity
  8
HALFEN
100
AcDbCircle
 10
-184.7500000000017
 20
1474.249999999997
 30
0.0
 40
2.0
100
AcDbArc
 50
270.0
 51
0.0
  0
LINE
  5
4E
330
2
100
AcDbEntity
  8
HALFEN
100
AcDbLine
 10
-189.7500000000019
 20
1468.249999999997
 30
0.0
 11
-189.7500000000017
 21
1473.749999999997
 31
0.0
  0
LINE
  5
4F
330
2
100
AcDbEntity
  8
HALFEN
100
AcDbLine
 10
-182.813508326898
 20
1473.749999999997
 30
0.0
 11
-189.7500000000017
 21
1473.749999999997
 31
0.0
  0
LINE
  5
50
330
2
100
AcDbEntity
  8
HALFEN
100
AcDbLine
 10
-184.7500000000017
 20
1472.249999999998
 30
0.0
 11
-189.7500000000017
 21
1472.249999999998
 31
0.0
  0
LINE
  5
51
330
2
100
AcDbEntity
  8
HALFEN
100
AcDbLine
 10
-179.7500000000017
 20
1468.249999999997
 30
0.0
 11
-189.7500000000019
 21
1468.249999999997
 31
0.0
  0
LINE
  5
52
330
2
100
AcDbEntity
  8
HALFEN
100
AcDbLine
 10
-159.7500000000017
 20
1468.249999999997
 30
0.0
 11
-159.7500000000017
 21
1491.249999999998
 31
0.0
  0
TEXT
  5
53
330
2
100
AcDbEntity
  8
HALFEN
100
AcDbText
 10
-42.75000000000178
 20
1751.749999999998
 30
0.0
 40
5.0
  1
Benennung
  7
ARIAL50
100
AcDbText
  0
TEXT
  5
54
330
2
100
AcDbEntity
  8
HALFEN
100
AcDbText
 10
-42.75000000000178
 20
1733.749999999998
 30
0.0
 40
5.0
  1
Id. Nr.
  7
ARIAL50
100
AcDbText
  0
LINE
  5
55
330
2
100
AcDbEntity
  8
HALFEN
100
AcDbLine
 10
-47.7500000000017
 20
1731.249999999998
 30
0.0
 11
-47.7500000000017
 21
1759.249999999998
 31
0.0
  0
LINE
  5
56
330
2
100
AcDbEntity
  8
HALFEN
100
AcDbLine
 10
2.249999999998208
 20
1731.249999999998
 30
0.0
 11
2.249999999998208
 21
1759.249999999998
 31
0.0
  0
LINE
  5
57
330
2
100
AcDbEntity
  8
HALFEN
100
AcDbLine
 10
102.2499999999981
 20
1731.249999999998
 30
0.0
 11
102.2499999999981
 21
1759.249999999998
 31
0.0
  0
LINE
  5
58
330
2
100
AcDbEntity
  8
HALFEN
100
AcDbLine
 10
190.2499999999981
 20
1448.249999999997
 30
0.0
 11
190.2499999999981
 21
1410.249999999997
 31
0.0
  0
LINE
  5
59
330
2
100
AcDbEntity
  8
HALFEN
100
AcDbLine
 10
190.2499999999981
 20
1468.249999999997
 30
0.0
 11
190.2499999999981
 21
1491.249999999998
 31
0.0
  0
TEXT
  5
5A
330
2
100
AcDbEntity
  8
HALFEN
100
AcDbText
 10
-47.75000000000178
 20
1761.749999999998
 30
0.0
 40
5.0
  1
A4
  7
ARIAL50
100
AcDbText
  0
TEXT
  5
5B
330
2
100
AcDbEntity
  8
HALFEN
100
AcDbText
 10
-162.7500000000017
 20
1733.749999999998
 30
0.0
 40
5.0
  1
0012.120-03001
  7
ARIAL50
100
AcDbText
  0
TEXT
  5
5C
330
2
100
AcDbEntity
  8
HALFEN
100
AcDbText
 10
-162.7500000000017
 20
1751.749999999998
 30
0.0
 40
5.0
  1
HZA-R 38/23 - FV - 350 - VF
  7
ARIAL50
100
AcDbText
  0
LINE
  5
5D
330
2
100
AcDbEntity
  8
HALFEN
100
AcDbLine
 10
-217.7500000000016
 20
1731.249999999998
 30
0.0
 11
-67.7500000000017
 21
1731.249999999998
 31
0.0
  0
LINE
  5
5E
330
2
100
AcDbEntity
  8
HALFEN
100
AcDbLine
 10
-217.7500000000016
 20
1741.249999999998
 30
0.0
 11
-67.7500000000017
 21
1741.249999999998
 31
0.0
  0
LINE
  5
5F
330
2
100
AcDbEntity
  8
HALFEN
100
AcDbLine
 10
-217.7500000000016
 20
1759.249999999998
 30
0.0
 11
-67.7500000000017
 21
1759.249999999998
 31
0.0
  0
TEXT
  5
60
330
2
100
AcDbEntity
  8
HALFEN
100
AcDbText
 10
-212.7500000000017
 20
1751.749999999998
 30
0.0
 40
5.0
  1
Benennung
  7
ARIAL50
100
AcDbText
  0
TEXT
  5
61
330
2
100
AcDbEntity
  8
HALFEN
100
AcDbText
 10
-212.7500000000017
 20
1733.749999999998
 30
0.0
 40
5.0
  1
Id. Nr.
  7
ARIAL50
100
AcDbText
  0
LINE
  5
62
330
2
100
AcDbEntity
  8
HALFEN
100
AcDbLine
 10
-217.7500000000016
 20
1731.249999999998
 30
0.0
 11
-217.7500000000016
 21
1759.249999999998
 31
0.0
  0
LINE
  5
63
330
2
100
AcDbEntity
  8
HALFEN
100
AcDbLine
 10
-167.7500000000017
 20
1731.249999999998
 30
0.0
 11
-167.7500000000017
 21
1759.249999999998
 31
0.0
  0
LINE
  5
64
330
2
100
AcDbEntity
  8
HALFEN
100
AcDbLine
 10
-67.7500000000017
 20
1731.249999999998
 30
0.0
 11
-67.7500000000017
 21
1759.249999999998
 31
0.0
  0
TEXT
  5
65
330
2
100
AcDbEntity
  8
HALFEN
100
AcDbText
 10
-217.7500000000017
 20
1761.749999999998
 30
0.0
 40
5.0
  1
Feuerverzinkt
  7
ARIAL50
100
AcDbText
  0
LINE
  5
66
330
2
100
AcDbEntity
  8
HALFEN
  6
MITTE2
 62
     1
 48
10.0
100
AcDbLine
 10
-134.7500000000015
 20
1711.249999999998
 30
0.0
 11
-134.7500000000018
 21
1468.249999999997
 31
0.0
  0
LINE
  5
67
330
2
100
AcDbEntity
  8
HALFEN
 62
     1
 48
10.0
100
AcDbLine
 10
-135.7500000000016
 20
1711.249999999998
 30
0.0
 11
-135.7500000000017
 21
1491.249999999998
 31
0.0
  0
LINE
  5
68
330
2
100
AcDbEntity
  8
HALFEN
 62
     1
 48
10.0
100
AcDbLine
 10
-133.7500000000016
 20
1711.249999999998
 30
0.0
 11
-133.7500000000017
 21
1491.249999999998
 31
0.0
  0
LINE
  5
69
330
2
100
AcDbEntity
  8
HALFEN
100
AcDbLine
 10
-140.7500000000016
 20
1711.249999999998
 30
0.0
 11
-140.7500000000017
 21
1491.249999999998
 31
0.0
  0
LINE
  5
6A
330
2
100
AcDbEntity
  8
HALFEN
100
AcDbLine
 10
-128.7500000000016
 20
1711.249999999998
 30
0.0
 11
-128.7500000000017
 21
1491.249999999998
 31
0.0
  0
LINE
  5
6B
330
2
100
AcDbEntity
  8
HALFEN
100
AcDbLine
 10
-128.7500000000016
 20
1711.249999999998
 30
0.0
 11
-140.7500000000016
 21
1711.249999999998
 31
0.0
  0
LINE
  5
6C
330
2
100
AcDbEntity
  8
HALFEN
  6
MITTE2
 62
     1
 48
10.0
100
AcDbLine
 10
15.24999999999841
 20
1711.249999999998
 30
0.0
 11
15.24999999999818
 21
1468.249999999997
 31
0.0
  0
LINE
  5
6D
330
2
100
AcDbEntity
  8
HALFEN
 62
     1
 48
10.0
100
AcDbLine
 10
14.24999999999835
 20
1711.249999999998
 30
0.0
 11
14.24999999999824
 21
1491.249999999998
 31
0.0
  0
LINE
  5
6E
330
2
100
AcDbEntity
  8
HALFEN
 62
     1
 48
10.0
100
AcDbLine
 10
16.24999999999835
 20
1711.249999999998
 30
0.0
 11
16.24999999999824
 21
1491.249999999998
 31
0.0
  0
LINE
  5
6F
330
2
100
AcDbEntity
  8
HALFEN
100
AcDbLine
 10
9.249999999998351
 20
1711.249999999998
 30
0.0
 11
9.249999999998236
 21
1491.249999999997
 31
0.0
  0
LINE
  5
70
330
2
100
AcDbEntity
  8
HALFEN
100
AcDbLine
 10
21.24999999999835
 20
1711.249999999998
 30
0.0
 11
21.24999999999824
 21
1491.249999999998
 31
0.0
  0
LINE
  5
71
330
2
100
AcDbEntity
  8
HALFEN
100
AcDbLine
 10
21.24999999999835
 20
1711.249999999998
 30
0.0
 11
9.249999999998351
 21
1711.249999999998
 31
0.0
  0
LINE
  5
72
330
2
100
AcDbEntity
  8
HALFEN
  6
MITTE2
 62
     1
 48
10.0
100
AcDbLine
 10
165.2499999999983
 20
1711.249999999998
 30
0.0
 11
165.2499999999981
 21
1468.249999999997
 31
0.0
  0
LINE
  5
73
330
2
100
AcDbEntity
  8
HALFEN
 62
     1
 48
10.0
100
AcDbLine
 10
164.2499999999983
 20
1711.249999999998
 30
0.0
 11
164.2499999999982
 21
1491.249999999998
 31
0.0
  0
LINE
  5
74
330
2
100
AcDbEntity
  8
HALFEN
 62
     1
 48
10.0
100
AcDbLine
 10
166.2499999999983
 20
1711.249999999998
 30
0.0
 11
166.2499999999982
 21
1491.249999999998
 31
0.0
  0
LINE
  5
75
330
2
100
AcDbEntity
  8
HALFEN
100
AcDbLine
 10
159.2499999999983
 20
1711.249999999998
 30
0.0
 11
159.2499999999982
 21
1491.249999999997
 31
0.0
  0
LINE
  5
76
330
2
100
AcDbEntity
  8
HALFEN
100
AcDbLine
 10
171.2499999999983
 20
1711.249999999998
 30
0.0
 11
171.2499999999982
 21
1491.249999999998
 31
0.0
  0
LINE
  5
77
330
2
100
AcDbEntity
  8
HALFEN
100
AcDbLine
 10
171.2499999999983
 20
1711.249999999998
 30
0.0
 11
159.2499999999983
 21
1711.249999999998
 31
0.0
  0
ENDSEC
  0
SECTION
  2
OBJECTS
  0
DICTIONARY
  5
9
330
0
100
AcDbDictionary
281
     1
  3
ACAD_CIP_PREVIOUS_PRODUCT_INFO
350
D9
  3
ACAD_COLOR
350
27
  3
ACAD_DETAILVIEWSTYLE
350
165
  3
ACAD_FIELDLIST
350
1B0
  3
ACAD_GROUP
350
23
  3
ACAD_LAYOUT
350
D
  3
ACAD_MATERIAL
350
26
  3
ACAD_MLEADERSTYLE
350
D3
  3
ACAD_MLINESTYLE
350
24
  3
ACAD_PLOTSETTINGS
350
25
  3
ACAD_PLOTSTYLENAME
350
8
  3
ACAD_SCALELIST
350
C1
  3
ACAD_SECTIONVIEWSTYLE
350
163
  3
ACAD_TABLESTYLE
350
28
  3
ACAD_VISUALSTYLE
350
A8
  3
ACDB_RECOMPOSE_DATA
350
1CE
  3
AcDbVariableDictionary
350
7E
  3
AcmDictionary
350
107
  3
AMG
350
DB
  3
AMGSNAPSETTINGS
350
14A
  3
ASE_INDEX_DICTIONARY
350
7B
  0
DICTIONARY
  5
1C3
330
6
100
AcDbDictionary
280
     1
281
     1
  3
ADSK_XREC_LAYER_RECONCILED
360
1C4
  0
DICTIONARY
  5
1C5
330
29
100
AcDbDictionary
280
     1
281
     1
  3
ADSK_XREC_LAYER_RECONCILED
360
1C6
  0
DICTIONARY
  5
3
330
2
100
AcDbDictionary
280
     1
281
     1
  3
ACAD_SORTENTS
360
78
  0
XRECORD
  5
D9
102
{ACAD_REACTORS
330
9
102
}
330
9
100
AcDbXrecord
280
     1
300
AMECH_PP
300
2015
300
PDSU_F_S
  0
DICTIONARY
  5
27
102
{ACAD_REACTORS
330
9
102
}
330
9
100
AcDbDictionary
281
     1
  0
DICTIONARY
  5
165
102
{ACAD_REACTORS
330
9
102
}
330
9
100
AcDbDictionary
281
     1
  3
Metric50
350
166
  0
FIELDLIST
  5
1B0
102
{ACAD_REACTORS
330
9
102
}
330
9
100
AcDbIdSet
 90
        6
330
1AE
330
1AF
330
1B1
330
1B9
330
1BA
330
1BB
100
AcDbFieldList
  0
DICTIONARY
  5
23
102
{ACAD_REACTORS
330
9
102
}
330
9
100
AcDbDictionary
281
     1
  0
DICTIONARY
  5
D
102
{ACAD_REACTORS
330
9
102
}
330
9
100
AcDbDictionary
281
     1
  3
Layout1
350
12
  3
Model
350
C
  0
DICTIONARY
  5
26
102
{ACAD_REACTORS
330
9
102
}
330
9
100
AcDbDictionary
281
     1
  3
ByBlock
350
98
  3
ByLayer
350
90
  3
Global
350
A0
  0
DICTIONARY
  5
D3
102
{ACAD_REACTORS
330
9
102
}
330
9
100
AcDbDictionary
281
     1
  3
Standard
350
D4
  0
DICTIONARY
  5
24
102
{ACAD_REACTORS
330
9
102
}
330
9
100
AcDbDictionary
281
     1
  3
STANDARD
350
2B
  0
DICTIONARY
  5
25
102
{ACAD_REACTORS
330
9
102
}
330
9
100
AcDbDictionary
281
     1
  0
ACDBDICTIONARYWDFLT
  5
8
102
{ACAD_REACTORS
330
9
102
}
330
9
100
AcDbDictionary
281
     1
  3
Normal
350
7
100
AcDbDictionaryWithDefault
340
7
  0
DICTIONARY
  5
C1
102
{ACAD_REACTORS
330
9
102
}
330
9
100
AcDbDictionary
281
     1
  3
A0
350
C2
  3
A1
350
C3
  3
A2
350
C4
  3
A3
350
C5
  3
A4
350
C6
  3
A5
350
C7
  3
A6
350
C8
  3
A7
350
C9
  3
A8
350
CA
  3
A9
350
CB
  3
B0
350
CC
  3
B1
350
CD
  3
B2
350
CE
  3
B3
350
CF
  3
B4
350
D0
  3
B5
350
D1
  3
B6
350
D2
  0
DICTIONARY
  5
163
102
{ACAD_REACTORS
330
9
102
}
330
9
100
AcDbDictionary
281
     1
  3
Metric50
350
164
  0
DICTIONARY
  5
28
102
{ACAD_REACTORS
330
9
102
}
330
9
100
AcDbDictionary
281
     1
  3
Standard
350
2C
  0
DICTIONARY
  5
A8
102
{ACAD_REACTORS
330
9
102
}
330
9
100
AcDbDictionary
281
     1
  3
2dWireframe
350
AE
  3
Basic
350
AD
  3
Brighten
350
B4
  3
ColorChange
350
B8
  3
Conceptual
350
B1
  3
Dim
350
B3
  3
EdgeColorOff
350
C0
  3
Facepattern
350
B7
  3
Flat
350
A9
  3
FlatWithEdges
350
AA
  3
Gouraud
350
AB
  3
GouraudWithEdges
350
AC
  3
Hidden
350
B0
  3
JitterOff
350
BE
  3
Linepattern
350
B6
  3
OverhangOff
350
BF
  3
Realistic
350
B2
  3
Shaded
350
BD
  3
Shaded with edges
350
BC
  3
Shades of Gray
350
B9
  3
Sketchy
350
BA
  3
Thicken
350
B5
  3
Wireframe
350
AF
  3
X-Ray
350
BB
  0
XRECORD
  5
1CE
102
{ACAD_REACTORS
330
9
102
}
330
9
100
AcDbXrecord
280
     1
 90
        1
330
2C
330
164
330
166
  0
DICTIONARY
  5
7E
102
{ACAD_REACTORS
330
9
102
}
330
9
100
AcDbDictionary
281
     1
  3
CANNOSCALE
350
157
  3
CMLEADERSTYLE
350
155
  3
CTABLESTYLE
350
7F
  3
CVIEWDETAILSTYLE
350
1C7
  3
CVIEWSECTIONSTYLE
350
1C8
  3
DIMASSOC
350
8D
  3
HIDETEXT
350
8C
  3
LAYEREVAL
350
159
  3
LAYERNOTIFY
350
15A
  3
LIGHTINGUNITS
350
158
  3
MSLTSCALE
350
156
  3
PROJECTNAME
350
8E
  0
DICTIONARY
  5
107
102
{ACAD_REACTORS
330
9
102
}
330
9
100
AcDbDictionary
281
     1
  3
AcmStdDictionary
350
10E
  0
DICTIONARY
  5
DB
102
{ACAD_REACTORS
330
9
102
}
330
9
100
AcDbDictionary
281
     1
  0
DICTIONARY
  5
14A
102
{ACAD_REACTORS
330
9
102
}
330
9
100
AcDbDictionary
281
     1
  0
DICTIONARY
  5
7B
102
{ACAD_REACTORS
330
9
102
}
330
9
100
AcDbDictionary
281
     1
  3
ASEBlockHierarchyIndexRecord
350
7D
1001
DCO15
1040
1565415778.5
  0
XRECORD
  5
1C4
102
{ACAD_REACTORS
330
1C3
102
}
330
1C3
100
AcDbXrecord
280
     1
290
     1
  0
XRECORD
  5
1C6
102
{ACAD_REACTORS
330
1C5
102
}
330
1C5
100
AcDbXrecord
280
     1
290
     1
  0
SORTENTSTABLE
  5
78
102
{ACAD_REACTORS
330
3
102
}
330
3
100
AcDbSortentsTable
330
2
  0
ACDBDETAILVIEWSTYLE
  5
166
102
{ACAD_XDICTIONARY
360
1CC
102
}
102
{ACAD_REACTORS
330
165
330
1AA
102
}
330
165
100
AcDbModelDocViewStyle
 70
     0
  3
Metric50
290
     0
100
AcDbDetailViewStyle
 70
     0
 71
     0
 90
        3
 71
     1
340
15
 62
   256
 40
5.0
340
0
 62
   256
 40
5.0
300

 40
0.0
280
     1
 71
     2
340
A
 90
       25
 62
   256
 71
     3
340
15
 62
   256
 40
5.0
 90
        0
 40
15.0
 90
        1
300
%<\AcVar ViewDetailId>% (%<\AcVar ViewScale \f "%sn">%)
 71
     4
340
A
 90
       25
 62
   256
340
A
 90
       25
 62
   256
280
     0
  0
LAYOUT
  5
12
102
{ACAD_REACTORS
330
D
102
}
330
D
100
AcDbPlotSettings
  1

  2
\\dlant020\DLAKBHL013
  4

  6

 40
0.0
 41
0.0
 42
0.0
 43
0.0
 44
0.0
 45
0.0
 46
0.0
 47
0.0
 48
0.0
 49
0.0
140
0.0
141
0.0
142
1.0
143
1.0
 70
   688
 72
     0
 73
     0
 74
     5
  7

 75
    16
147
1.0
 76
     0
 77
     2
 78
   300
148
0.0
149
0.0
100
AcDbLayout
  1
Layout1
 70
     1
 71
     1
 10
0.0
 20
0.0
 11
12.0
 21
9.0
 12
0.0
 22
0.0
 32
0.0
 14
1.000000000000000E+20
 24
1.000000000000000E+20
 34
1.000000000000000E+20
 15
-1.000000000000000E+20
 25
-1.000000000000000E+20
 35
-1.000000000000000E+20
146
0.0
 13
0.0
 23
0.0
 33
0.0
 16
1.0
 26
0.0
 36
0.0
 17
0.0
 27
1.0
 37
0.0
 76
     0
330
F
  0
LAYOUT
  5
C
102
{ACAD_REACTORS
330
D
102
}
330
D
100
AcDbPlotSettings
  1

  2
none_device
  4
ISO_A4_(210.00_x_297.00_MM)
  6

 40
7.5
 41
20.0
 42
7.5
 43
20.0
 44
210.0
 45
297.0
 46
0.0
 47
0.0
 48
0.0
 49
0.0
140
0.0
141
0.0
142
1.0
143
2.135887940252783
 70
 11952
 72
     1
 73
     1
 74
     0
  7

 75
     0
147
0.4681893563581101
 76
     0
 77
     2
 78
   300
148
288.1755107640781
149
-1408.701958113585
100
AcDbLayout
  1
Model
 70
     1
 71
     0
 10
0.0
 20
0.0
 11
12.0
 21
9.0
 12
0.0
 22
0.0
 32
0.0
 14
0.0
 24
0.0
 34
0.0
 15
0.0
 25
0.0
 35
0.0
146
0.0
 13
0.0
 23
0.0
 33
0.0
 16
1.0
 26
0.0
 36
0.0
 17
0.0
 27
1.0
 37
0.0
 76
     0
330
2
331
85
1001
ACAD_PSEXT
1000
Kein
1000
Kein
1000
Nicht anwendbar
1000
Das Layout wird erst geplottet, wenn ein neuer Plotter-Konfigurationsname ausgewählt wird.
1070
     0
  0
MATERIAL
  5
98
102
{ACAD_XDICTIONARY
360
99
102
}
102
{ACAD_REACTORS
330
26
102
}
330
26
100
AcDbMaterial
  1
ByBlock
 72
     0
 43
0.0008202099737533
 43
0.0
 43
0.0
 43
0.0
 43
0.0
 43
0.0008202099737533
 43
0.0
 43
0.0
 43
0.0
 43
0.0
 43
1.0
 43
0.0
 43
0.0
 43
0.0
 43
0.0
 43
1.0
 77
     0
 47
0.0008202099737533
 47
0.0
 47
0.0
 47
0.0
 47
0.0
 47
0.0008202099737533
 47
0.0
 47
0.0
 47
0.0
 47
0.0
 47
1.0
 47
0.0
 47
0.0
 47
0.0
 47
0.0
 47
1.0
171
     0
 49
0.0008202099737533
 49
0.0
 49
0.0
 49
0.0
 49
0.0
 49
0.0008202099737533
 49
0.0
 49
0.0
 49
0.0
 49
0.0
 49
1.0
 49
0.0
 49
0.0
 49
0.0
 49
0.0
 49
1.0
175
     0
142
0.0008202099737533
142
0.0
142
0.0
142
0.0
142
0.0
142
0.0008202099737533
142
0.0
142
0.0
142
0.0
142
0.0
142
1.0
142
0.0
142
0.0
142
0.0
142
0.0
142
1.0
179
     0
144
0.0008202099737533
144
0.0
144
0.0
144
0.0
144
0.0
144
0.0008202099737533
144
0.0
144
0.0
144
0.0
144
0.0
144
1.0
144
0.0
144
0.0
144
0.0
144
0.0
144
1.0
147
0.0008202099737533
147
0.0
147
0.0
147
0.0
147
0.0
147
0.0008202099737533
147
0.0
147
0.0
147
0.0
147
0.0
147
1.0
147
0.0
147
0.0
147
0.0
147
0.0
147
1.0
  0
MATERIAL
  5
90
102
{ACAD_XDICTIONARY
360
91
102
}
102
{ACAD_REACTORS
330
26
102
}
330
26
100
AcDbMaterial
  1
ByLayer
 72
     0
 43
0.0008202099737533
 43
0.0
 43
0.0
 43
0.0
 43
0.0
 43
0.0008202099737533
 43
0.0
 43
0.0
 43
0.0
 43
0.0
 43
1.0
 43
0.0
 43
0.0
 43
0.0
 43
0.0
 43
1.0
 77
     0
 47
0.0008202099737533
 47
0.0
 47
0.0
 47
0.0
 47
0.0
 47
0.0008202099737533
 47
0.0
 47
0.0
 47
0.0
 47
0.0
 47
1.0
 47
0.0
 47
0.0
 47
0.0
 47
0.0
 47
1.0
171
     0
 49
0.0008202099737533
 49
0.0
 49
0.0
 49
0.0
 49
0.0
 49
0.0008202099737533
 49
0.0
 49
0.0
 49
0.0
 49
0.0
 49
1.0
 49
0.0
 49
0.0
 49
0.0
 49
0.0
 49
1.0
175
     0
142
0.0008202099737533
142
0.0
142
0.0
142
0.0
142
0.0
142
0.0008202099737533
142
0.0
142
0.0
142
0.0
142
0.0
142
1.0
142
0.0
142
0.0
142
0.0
142
0.0
142
1.0
179
     0
144
0.0008202099737533
144
0.0
144
0.0
144
0.0
144
0.0
144
0.0008202099737533
144
0.0
144
0.0
144
0.0
144
0.0
144
1.0
144
0.0
144
0.0
144
0.0
144
0.0
144
1.0
147
0.0008202099737533
147
0.0
147
0.0
147
0.0
147
0.0
147
0.0008202099737533
147
0.0
147
0.0
147
0.0
147
0.0
147
1.0
147
0.0
147
0.0
147
0.0
147
0.0
147
1.0
  0
MATERIAL
  5
A0
102
{ACAD_XDICTIONARY
360
A1
102
}
102
{ACAD_REACTORS
330
26
102
}
330
26
100
AcDbMaterial
  1
Global
 72
     0
 43
0.0008202099737533
 43
0.0
 43
0.0
 43
0.0
 43
0.0
 43
0.0008202099737533
 43
0.0
 43
0.0
 43
0.0
 43
0.0
 43
1.0
 43
0.0
 43
0.0
 43
0.0
 43
0.0
 43
1.0
 77
     0
 47
0.0008202099737533
 47
0.0
 47
0.0
 47
0.0
 47
0.0
 47
0.0008202099737533
 47
0.0
 47
0.0
 47
0.0
 47
0.0
 47
1.0
 47
0.0
 47
0.0
 47
0.0
 47
0.0
 47
1.0
171
     0
 49
0.0008202099737533
 49
0.0
 49
0.0
 49
0.0
 49
0.0
 49
0.0008202099737533
 49
0.0
 49
0.0
 49
0.0
 49
0.0
 49
1.0
 49
0.0
 49
0.0
 49
0.0
 49
0.0
 49
1.0
175
     0
142
0.0008202099737533
142
0.0
142
0.0
142
0.0
142
0.0
142
0.0008202099737533
142
0.0
142
0.0
142
0.0
142
0.0
142
1.0
142
0.0
142
0.0
142
0.0
142
0.0
142
1.0
179
     0
144
0.0008202099737533
144
0.0
144
0.0
144
0.0
144
0.0
144
0.0008202099737533
144
0.0
144
0.0
144
0.0
144
0.0
144
1.0
144
0.0
144
0.0
144
0.0
144
0.0
144
1.0
147
0.0008202099737533
147
0.0
147
0.0
147
0.0
147
0.0
147
0.0008202099737533
147
0.0
147
0.0
147
0.0
147
0.0
147
1.0
147
0.0
147
0.0
147
0.0
147
0.0
147
1.0
  0
MLEADERSTYLE
  5
D4
102
{ACAD_REACTORS
330
D3
102
}
330
D3
100
AcDbMLeaderStyle
179
     2
170
     2
171
     1
172
     0
 90
        2
 40
0.0
 41
0.0
173
     1
 91
-1056964608
340
18
 92
       -2
290
     1
 42
2.0
291
     1
 43
0.36
  3
Standard
 44
4.0
300

342
15
174
     1
178
     6
175
     1
176
     0
 93
-1056964608
 45
4.0
292
     0
297
     0
 46
4.0
 94
-1056964608
 47
1.0
 49
1.0
140
1.0
293
     1
141
0.0
294
     1
177
     0
142
1.0
295
     0
296
     0
143
0.125
271
     0
272
     9
273
     9
298
     1
  0
MLINESTYLE
  5
2B
102
{ACAD_REACTORS
330
24
102
}
330
24
100
AcDbMlineStyle
  2
STANDARD
 70
     0
  3

 62
     0
 51
90.0
 52
90.0
 71
     2
 49
0.5
 62
   256
  6
BYLAYER
 49
-0.5
 62
   256
  6
BYLAYER
  0
ACDBPLACEHOLDER
  5
7
102
{ACAD_REACTORS
330
8
102
}
330
8
  0
SCALE
  5
C2
102
{ACAD_REACTORS
330
C1
102
}
330
C1
100
AcDbScale
 70
     0
300
1:1
140
1.0
141
1.0
290
     1
  0
SCALE
  5
C3
102
{ACAD_REACTORS
330
C1
102
}
330
C1
100
AcDbScale
 70
     0
300
1:2
140
1.0
141
2.0
290
     0
  0
SCALE
  5
C4
102
{ACAD_REACTORS
330
C1
102
}
330
C1
100
AcDbScale
 70
     0
300
1:4
140
1.0
141
4.0
290
     0
  0
SCALE
  5
C5
102
{ACAD_REACTORS
330
C1
102
}
330
C1
100
AcDbScale
 70
     0
300
1:5
140
1.0
141
5.0
290
     0
  0
SCALE
  5
C6
102
{ACAD_REACTORS
330
C1
102
}
330
C1
100
AcDbScale
 70
     0
300
1:8
140
1.0
141
8.0
290
     0
  0
SCALE
  5
C7
102
{ACAD_REACTORS
330
C1
102
}
330
C1
100
AcDbScale
 70
     0
300
1:10
140
1.0
141
10.0
290
     0
  0
SCALE
  5
C8
102
{ACAD_REACTORS
330
C1
102
}
330
C1
100
AcDbScale
 70
     0
300
1:16
140
1.0
141
16.0
290
     0
  0
SCALE
  5
C9
102
{ACAD_REACTORS
330
C1
102
}
330
C1
100
AcDbScale
 70
     0
300
1:20
140
1.0
141
20.0
290
     0
  0
SCALE
  5
CA
102
{ACAD_REACTORS
330
C1
102
}
330
C1
100
AcDbScale
 70
     0
300
1:30
140
1.0
141
30.0
290
     0
  0
SCALE
  5
CB
102
{ACAD_REACTORS
330
C1
102
}
330
C1
100
AcDbScale
 70
     0
300
1:40
140
1.0
141
40.0
290
     0
  0
SCALE
  5
CC
102
{ACAD_REACTORS
330
C1
102
}
330
C1
100
AcDbScale
 70
     0
300
1:50
140
1.0
141
50.0
290
     0
  0
SCALE
  5
CD
102
{ACAD_REACTORS
330
C1
102
}
330
C1
100
AcDbScale
 70
     0
300
1:100
140
1.0
141
100.0
290
     0
  0
SCALE
  5
CE
102
{ACAD_REACTORS
330
C1
102
}
330
C1
100
AcDbScale
 70
     0
300
2:1
140
2.0
141
1.0
290
     0
  0
SCALE
  5
CF
102
{ACAD_REACTORS
330
C1
102
}
330
C1
100
AcDbScale
 70
     0
300
4:1
140
4.0
141
1.0
290
     0
  0
SCALE
  5
D0
102
{ACAD_REACTORS
330
C1
102
}
330
C1
100
AcDbScale
 70
     0
300
8:1
140
8.0
141
1.0
290
     0
  0
SCALE
  5
D1
102
{ACAD_REACTORS
330
C1
102
}
330
C1
100
AcDbScale
 70
     0
300
10:1
140
10.0
141
1.0
290
     0
  0
SCALE
  5
D2
102
{ACAD_REACTORS
330
C1
102
}
330
C1
100
AcDbScale
 70
     0
300
100:1
140
100.0
141
1.0
290
     0
  0
ACDBSECTIONVIEWSTYLE
  5
164
102
{ACAD_XDICTIONARY
360
1CA
102
}
102
{ACAD_REACTORS
330
163
330
1A9
102
}
330
163
100
AcDbModelDocViewStyle
 70
     0
  3
Metric50
290
     0
100
AcDbSectionViewStyle
 70
     0
 71
     0
 90
      102
 71
     1
340
15
 62
   256
 40
5.0
340
0
340
0
 62
   256
 40
5.0
300
I, O, Q, S, X, Z
 40
10.0
 90
        0
 40
2.5
 90
        0
 71
     2
340
A
 90
       25
 62
   256
340
A
 90
       50
 62
   256
 40
5.0
 40
2.5
 40
5.0
 71
     3
340
15
 62
   256
 40
5.0
 90
        0
 40
15.0
 90
        1
300
%<\AcVar ViewSectionStartId>%-%<\AcVar ViewSectionEndId>% (%<\AcVar ViewScale \f "%sn">%)
 71
     4
 62
   256
 62
   257
300
ANSI31
 40
1.0
 90
        0
290
     0
290
     0
 90
        6
 40
0.0
 40
1.570796326794896
 40
0.2617993877991494
 40
1.308996938995747
 40
-0.2617993877991494
 40
1.832595714594046
  0
TABLESTYLE
  5
2C
102
{ACAD_XDICTIONARY
360
15B
102
}
102
{ACAD_REACTORS
330
28
102
}
330
28
100
AcDbTableStyle
280
     0
  3
Standard
 70
     0
 71
     0
 40
1.5
 41
1.5
280
     0
281
     0
  7
STANDARD
140
4.5
170
     2
 62
     0
 63
     7
283
     0
 90
        4
 91
        0
  1

274
    -2
284
     1
 64
     0
275
    -2
285
     1
 65
     0
276
    -2
286
     1
 66
     0
277
    -2
287
     1
 67
     0
278
    -2
288
     1
 68
     0
279
    -2
289
     1
 69
     0
  7
STANDARD
140
6.0
170
     5
 62
     0
 63
     7
283
     0
 90
        4
 91
        0
  1

274
    -2
284
     1
 64
     0
275
    -2
285
     1
 65
     0
276
    -2
286
     1
 66
     0
277
    -2
287
     1
 67
     0
278
    -2
288
     1
 68
     0
279
    -2
289
     1
 69
     0
  7
STANDARD
140
4.5
170
     5
 62
     0
 63
     7
283
     0
 90
        4
 91
        0
  1

274
    -2
284
     1
 64
     0
275
    -2
285
     1
 65
     0
276
    -2
286
     1
 66
     0
277
    -2
287
     1
 67
     0
278
    -2
288
     1
 68
     0
279
    -2
289
     1
 69
     0
  0
VISUALSTYLE
  5
AE
102
{ACAD_REACTORS
330
A8
102
}
330
A8
100
AcDbVisualStyle
  2
2dWireframe
 70
     4
177
     3
291
     0
 70
    58
 90
        0
176
     1
 90
        2
176
     1
 90
        0
176
     1
 90
        0
176
     1
 40
0.6
176
     1
 40
30.0
176
     1
 62
     7
420
 16777215
176
     1
 90
        1
176
     1
 90
        4
176
     1
 62
     7
176
     1
 62
   257
176
     1
 90
        1
176
     1
 90
        1
176
     1
 40
1.0
176
     1
 90
        0
176
     1
 62
   257
176
     1
 40
1.0
176
     1
 90
        1
176
     1
 90
        6
176
     1
 90
        2
176
     1
 62
     7
176
     1
 90
        5
176
     1
 90
        0
176
     1
 90
        0
176
     1
290
     0
176
     1
 90
        1
176
     1
 40
0.0
176
     1
 90
        0
176
     1
290
     1
176
     1
290
     1
176
     1
290
     0
176
     1
290
     0
176
     1
290
     0
176
     1
290
     0
176
     1
290
     0
176
     1
290
     0
176
     1
290
     0
176
     1
 90
       50
176
     1
 40
0.0
176
     1
 40
1.0
176
     1
 90
        0
176
     1
 62
    18
420
        0
176
     1
 90
       50
176
     1
 90
        3
176
     1
 62
     5
420
      255
176
     1
290
     0
176
     1
 90
       50
176
     1
 90
       50
176
     1
 90
       50
176
     1
290
     0
176
     1
 90
       50
176
     1
 62
   256
176
     0
 40
1.0
176
     0
 90
        2
176
     1
  1
strokes_ogs.tif
176
     1
290
     0
176
     1
 40
1.0
176
     1
 40
1.0
176
     1
  0
VISUALSTYLE
  5
AD
102
{ACAD_REACTORS
330
A8
102
}
330
A8
100
AcDbVisualStyle
  2
Basic
 70
     7
177
     3
291
     1
 70
    58
 90
        1
176
     1
 90
        0
176
     1
 90
        1
176
     1
 90
        0
176
     1
 40
0.6
176
     1
 40
30.0
176
     1
 62
     7
420
 16777215
176
     1
 90
        0
176
     1
 90
        4
176
     1
 62
     7
176
     1
 62
   257
176
     1
 90
        1
176
     1
 90
        1
176
     1
 40
1.0
176
     1
 90
        8
176
     1
 62
     7
176
     1
 40
1.0
176
     1
 90
        1
176
     1
 90
        6
176
     1
 90
        2
176
     1
 62
     7
176
     1
 90
        5
176
     1
 90
        0
176
     1
 90
        0
176
     1
290
     0
176
     1
 90
        1
176
     1
 40
0.0
176
     1
 90
        0
176
     1
290
     0
176
     1
290
     1
176
     1
290
     1
176
     1
290
     0
176
     1
290
     0
176
     1
290
     0
176
     1
290
     0
176
     1
290
     0
176
     1
290
     0
176
     1
 90
       50
176
     1
 40
0.0
176
     1
 40
1.0
176
     1
 90
        0
176
     1
 62
    18
420
        0
176
     1
 90
       50
176
     1
 90
        3
176
     1
 62
     5
420
      255
176
     1
290
     0
176
     1
 90
       50
176
     1
 90
       50
176
     1
 90
       50
176
     1
290
     0
176
     1
 90
       50
176
     1
 62
   256
176
     0
 40
1.0
176
     0
 90
        2
176
     1
  1
strokes_ogs.tif
176
     1
290
     0
176
     1
 40
1.0
176
     1
 40
1.0
176
     1
  0
VISUALSTYLE
  5
B4
102
{ACAD_REACTORS
330
A8
102
}
330
A8
100
AcDbVisualStyle
  2
Brighten
 70
    12
177
     3
291
     1
 70
    58
 90
        2
176
     1
 90
        2
176
     1
 90
        0
176
     1
 90
        0
176
     1
 40
0.6
176
     1
 40
30.0
176
     1
 62
     7
420
 16777215
176
     1
 90
        1
176
     1
 90
        4
176
     1
 62
     7
176
     1
 62
   257
176
     1
 90
        1
176
     1
 90
        1
176
     1
 40
1.0
176
     1
 90
        8
176
     1
 62
     7
176
     1
 40
1.0
176
     1
 90
        1
176
     1
 90
        6
176
     1
 90
        2
176
     1
 62
     7
176
     1
 90
        5
176
     1
 90
        0
176
     1
 90
        0
176
     1
290
     0
176
     1
 90
        1
176
     1
 40
50.0
176
     1
 90
        0
176
     1
290
     0
176
     1
290
     1
176
     1
290
     1
176
     1
290
     0
176
     1
290
     0
176
     1
290
     0
176
     1
290
     0
176
     1
290
     0
176
     1
290
     0
176
     1
 90
       50
176
     1
 40
0.0
176
     1
 40
1.0
176
     1
 90
        0
176
     1
 62
    18
420
        0
176
     1
 90
       50
176
     1
 90
        3
176
     1
 62
     5
420
      255
176
     1
290
     0
176
     1
 90
       50
176
     1
 90
       50
176
     1
 90
       50
176
     1
290
     0
176
     1
 90
       50
176
     1
 62
   256
176
     0
 40
1.0
176
     0
 90
        2
176
     1
  1
strokes_ogs.tif
176
     1
290
     0
176
     1
 40
1.0
176
     1
 40
1.0
176
     1
  0
VISUALSTYLE
  5
B8
102
{ACAD_REACTORS
330
A8
102
}
330
A8
100
AcDbVisualStyle
  2
ColorChange
 70
    16
177
     3
291
     1
 70
    58
 90
        2
176
     1
 90
        2
176
     1
 90
        3
176
     1
 90
        0
176
     1
 40
0.6
176
     1
 40
30.0
176
     1
 62
     8
420
  8421504
176
     1
 90
        1
176
     1
 90
        4
176
     1
 62
     7
176
     1
 62
   257
176
     1
 90
        1
176
     1
 90
        1
176
     1
 40
1.0
176
     1
 90
        8
176
     1
 62
     8
420
  8421504
176
     1
 40
1.0
176
     1
 90
        1
176
     1
 90
        6
176
     1
 90
        2
176
     1
 62
     7
176
     1
 90
        5
176
     1
 90
        0
176
     1
 90
        0
176
     1
290
     0
176
     1
 90
        1
176
     1
 40
0.0
176
     1
 90
        0
176
     1
290
     0
176
     1
290
     1
176
     1
290
     1
176
     1
290
     0
176
     1
290
     0
176
     1
290
     0
176
     1
290
     0
176
     1
290
     0
176
     1
290
     0
176
     1
 90
       50
176
     1
 40
0.0
176
     1
 40
1.0
176
     1
 90
        0
176
     1
 62
    18
420
        0
176
     1
 90
       50
176
     1
 90
        3
176
     1
 62
     5
420
      255
176
     1
290
     0
176
     1
 90
       50
176
     1
 90
       50
176
     1
 90
       50
176
     1
290
     0
176
     1
 90
       50
176
     1
 62
   256
176
     0
 40
1.0
176
     0
 90
        2
176
     1
  1
strokes_ogs.tif
176
     1
290
     0
176
     1
 40
1.0
176
     1
 40
1.0
176
     1
  0
VISUALSTYLE
  5
B1
102
{ACAD_REACTORS
330
A8
102
}
330
A8
100
AcDbVisualStyle
  2
Conceptual
 70
     9
177
     3
291
     0
 70
    58
 90
        3
176
     1
 90
        2
176
     1
 90
        0
176
     1
 90
        0
176
     1
 40
0.6
176
     1
 40
30.0
176
     1
 62
     7
420
 16777215
176
     1
 90
        2
176
     1
 90
        2
176
     1
 62
     7
176
     1
 62
   257
176
     1
 90
        1
176
     1
 90
        1
176
     1
 40
179.0
176
     1
 90
        8
176
     1
 62
     7
176
     1
 40
1.0
176
     1
 90
        1
176
     1
 90
        6
176
     1
 90
        2
176
     1
 62
     7
176
     1
 90
        3
176
     1
 90
        0
176
     1
 90
        0
176
     1
290
     0
176
     1
 90
        1
176
     1
 40
0.0
176
     1
 90
        0
176
     1
290
     0
176
     1
290
     1
176
     1
290
     1
176
     1
290
     0
176
     1
290
     0
176
     1
290
     0
176
     1
290
     0
176
     1
290
     0
176
     1
290
     0
176
     1
 90
       50
176
     1
 40
0.0
176
     1
 40
1.0
176
     1
 90
        0
176
     1
 62
    18
420
        0
176
     1
 90
       50
176
     1
 90
        3
176
     1
 62
     5
420
      255
176
     1
290
     0
176
     1
 90
       50
176
     1
 90
       50
176
     1
 90
       50
176
     1
290
     0
176
     1
 90
       50
176
     1
 62
   256
176
     0
 40
1.0
176
     0
 90
        2
176
     1
  1
strokes_ogs.tif
176
     1
290
     0
176
     1
 40
1.0
176
     1
 40
1.0
176
     1
  0
VISUALSTYLE
  5
B3
102
{ACAD_REACTORS
330
A8
102
}
330
A8
100
AcDbVisualStyle
  2
Dim
 70
    11
177
     3
291
     1
 70
    58
 90
        2
176
     1
 90
        2
176
     1
 90
        0
176
     1
 90
        0
176
     1
 40
0.6
176
     1
 40
30.0
176
     1
 62
     7
420
 16777215
176
     1
 90
        1
176
     1
 90
        4
176
     1
 62
     7
176
     1
 62
   257
176
     1
 90
        1
176
     1
 90
        1
176
     1
 40
1.0
176
     1
 90
        8
176
     1
 62
     7
176
     1
 40
1.0
176
     1
 90
        1
176
     1
 90
        6
176
     1
 90
        2
176
     1
 62
     7
176
     1
 90
        5
176
     1
 90
        0
176
     1
 90
        0
176
     1
290
     0
176
     1
 90
        1
176
     1
 40
-50.0
176
     1
 90
        0
176
     1
290
     0
176
     1
290
     1
176
     1
290
     1
176
     1
290
     0
176
     1
290
     0
176
     1
290
     0
176
     1
290
     0
176
     1
290
     0
176
     1
290
     0
176
     1
 90
       50
176
     1
 40
0.0
176
     1
 40
1.0
176
     1
 90
        0
176
     1
 62
    18
420
        0
176
     1
 90
       50
176
     1
 90
        3
176
     1
 62
     5
420
      255
176
     1
290
     0
176
     1
 90
       50
176
     1
 90
       50
176
     1
 90
       50
176
     1
290
     0
176
     1
 90
       50
176
     1
 62
   256
176
     0
 40
1.0
176
     0
 90
        2
176
     1
  1
strokes_ogs.tif
176
     1
290
     0
176
     1
 40
1.0
176
     1
 40
1.0
176
     1
  0
VISUALSTYLE
  5
C0
102
{ACAD_REACTORS
330
A8
102
}
330
A8
100
AcDbVisualStyle
  2
EdgeColorOff
 70
    22
177
     3
291
     1
 70
    58
 90
        2
176
     0
 90
        2
176
     0
 90
        0
176
     0
 90
        0
176
     0
 40
0.6
176
     0
 40
30.0
176
     0
 62
     7
420
 16777215
176
     0
 90
        1
176
     0
 90
        4
176
     0
 62
     7
176
     0
 62
   257
176
     0
 90
        1
176
     0
 90
        1
176
     0
 40
1.0
176
     0
 90
        8
176
     2
 62
     7
176
     0
 40
1.0
176
     0
 90
        1
176
     0
 90
        6
176
     0
 90
        2
176
     0
 62
     7
176
     0
 90
        5
176
     0
 90
        0
176
     0
 90
        0
176
     0
290
     0
176
     0
 90
        1
176
     0
 40
0.0
176
     0
 90
        0
176
     0
290
     0
176
     1
290
     1
176
     1
290
     1
176
     1
290
     0
176
     1
290
     0
176
     1
290
     0
176
     1
290
     0
176
     1
290
     0
176
     1
290
     0
176
     1
 90
       50
176
     1
 40
0.0
176
     1
 40
1.0
176
     1
 90
        0
176
     1
 62
    18
420
        0
176
     1
 90
       50
176
     1
 90
        3
176
     1
 62
     5
420
      255
176
     1
290
     0
176
     1
 90
       50
176
     1
 90
       50
176
     1
 90
       50
176
     1
290
     0
176
     1
 90
       50
176
     1
 62
   256
176
     0
 40
1.0
176
     0
 90
        2
176
     1
  1
strokes_ogs.tif
176
     1
290
     0
176
     1
 40
1.0
176
     1
 40
1.0
176
     1
  0
VISUALSTYLE
  5
B7
102
{ACAD_REACTORS
330
A8
102
}
330
A8
100
AcDbVisualStyle
  2
Facepattern
 70
    15
177
     3
291
     1
 70
    58
 90
        2
176
     1
 90
        2
176
     1
 90
        0
176
     1
 90
        0
176
     1
 40
0.6
176
     1
 40
30.0
176
     1
 62
     7
420
 16777215
176
     1
 90
        1
176
     1
 90
        4
176
     1
 62
     7
176
     1
 62
   257
176
     1
 90
        1
176
     1
 90
        1
176
     1
 40
1.0
176
     1
 90
        8
176
     1
 62
     7
176
     1
 40
1.0
176
     1
 90
        1
176
     1
 90
        6
176
     1
 90
        2
176
     1
 62
     7
176
     1
 90
        5
176
     1
 90
        0
176
     1
 90
        0
176
     1
290
     0
176
     1
 90
        1
176
     1
 40
0.0
176
     1
 90
        0
176
     1
290
     0
176
     1
290
     1
176
     1
290
     1
176
     1
290
     0
176
     1
290
     0
176
     1
290
     0
176
     1
290
     0
176
     1
290
     0
176
     1
290
     0
176
     1
 90
       50
176
     1
 40
0.0
176
     1
 40
1.0
176
     1
 90
        0
176
     1
 62
    18
420
        0
176
     1
 90
       50
176
     1
 90
        3
176
     1
 62
     5
420
      255
176
     1
290
     0
176
     1
 90
       50
176
     1
 90
       50
176
     1
 90
       50
176
     1
290
     0
176
     1
 90
       50
176
     1
 62
   256
176
     0
 40
1.0
176
     0
 90
        2
176
     1
  1
strokes_ogs.tif
176
     1
290
     0
176
     1
 40
1.0
176
     1
 40
1.0
176
     1
  0
VISUALSTYLE
  5
A9
102
{ACAD_REACTORS
330
A8
102
}
330
A8
100
AcDbVisualStyle
  2
Flat
 70
     0
177
     3
291
     1
 70
    58
 90
        2
176
     1
 90
        1
176
     1
 90
        1
176
     1
 90
        2
176
     1
 40
0.6
176
     1
 40
30.0
176
     1
 62
     7
420
 16777215
176
     1
 90
        0
176
     1
 90
        0
176
     1
 62
     7
176
     1
 62
   257
176
     1
 90
        1
176
     1
 90
        1
176
     1
 40
1.0
176
     1
 90
        8
176
     1
 62
     7
176
     1
 40
1.0
176
     1
 90
        1
176
     1
 90
        6
176
     1
 90
        2
176
     1
 62
     7
176
     1
 90
        5
176
     1
 90
        0
176
     1
 90
        0
176
     1
290
     0
176
     1
 90
       13
176
     1
 40
0.0
176
     1
 90
        0
176
     1
290
     0
176
     1
290
     1
176
     1
290
     1
176
     1
290
     0
176
     1
290
     0
176
     1
290
     0
176
     1
290
     0
176
     1
290
     0
176
     1
290
     0
176
     1
 90
       50
176
     1
 40
0.0
176
     1
 40
1.0
176
     1
 90
        0
176
     1
 62
    18
420
        0
176
     1
 90
       50
176
     1
 90
        3
176
     1
 62
     5
420
      255
176
     1
290
     0
176
     1
 90
       50
176
     1
 90
       50
176
     1
 90
       50
176
     1
290
     0
176
     1
 90
       50
176
     1
 62
   256
176
     0
 40
1.0
176
     0
 90
        2
176
     1
  1
strokes_ogs.tif
176
     1
290
     0
176
     1
 40
1.0
176
     1
 40
1.0
176
     1
  0
VISUALSTYLE
  5
AA
102
{ACAD_REACTORS
330
A8
102
}
330
A8
100
AcDbVisualStyle
  2
FlatWithEdges
 70
     1
177
     3
291
     1
 70
    58
 90
        2
176
     1
 90
        1
176
     1
 90
        1
176
     1
 90
        2
176
     1
 40
0.6
176
     1
 40
30.0
176
     1
 62
     7
420
 16777215
176
     1
 90
        1
176
     1
 90
        0
176
     1
 62
     7
176
     1
 62
   257
176
     1
 90
        1
176
     1
 90
        1
176
     1
 40
1.0
176
     1
 90
        0
176
     1
 62
   257
176
     1
 40
1.0
176
     1
 90
        1
176
     1
 90
        6
176
     1
 90
        2
176
     1
 62
     7
176
     1
 90
        5
176
     1
 90
        0
176
     1
 90
        0
176
     1
290
     0
176
     1
 90
       13
176
     1
 40
0.0
176
     1
 90
        0
176
     1
290
     0
176
     1
290
     1
176
     1
290
     1
176
     1
290
     0
176
     1
290
     0
176
     1
290
     0
176
     1
290
     0
176
     1
290
     0
176
     1
290
     0
176
     1
 90
       50
176
     1
 40
0.0
176
     1
 40
1.0
176
     1
 90
        0
176
     1
 62
    18
420
        0
176
     1
 90
       50
176
     1
 90
        3
176
     1
 62
     5
420
      255
176
     1
290
     0
176
     1
 90
       50
176
     1
 90
       50
176
     1
 90
       50
176
     1
290
     0
176
     1
 90
       50
176
     1
 62
   256
176
     0
 40
1.0
176
     0
 90
        2
176
     1
  1
strokes_ogs.tif
176
     1
290
     0
176
     1
 40
1.0
176
     1
 40
1.0
176
     1
  0
VISUALSTYLE
  5
AB
102
{ACAD_REACTORS
330
A8
102
}
330
A8
100
AcDbVisualStyle
  2
Gouraud
 70
     2
177
     3
291
     1
 70
    58
 90
        2
176
     1
 90
        2
176
     1
 90
        1
176
     1
 90
        2
176
     1
 40
0.6
176
     1
 40
30.0
176
     1
 62
     7
420
 16777215
176
     1
 90
        0
176
     1
 90
        0
176
     1
 62
     7
176
     1
 62
   257
176
     1
 90
        1
176
     1
 90
        1
176
     1
 40
1.0
176
     1
 90
        0
176
     1
 62
     7
176
     1
 40
1.0
176
     1
 90
        1
176
     1
 90
        6
176
     1
 90
        2
176
     1
 62
     7
176
     1
 90
        5
176
     1
 90
        0
176
     1
 90
        0
176
     1
290
     0
176
     1
 90
       13
176
     1
 40
0.0
176
     1
 90
        0
176
     1
290
     0
176
     1
290
     1
176
     1
290
     1
176
     1
290
     0
176
     1
290
     0
176
     1
290
     0
176
     1
290
     0
176
     1
290
     0
176
     1
290
     0
176
     1
 90
       50
176
     1
 40
0.0
176
     1
 40
1.0
176
     1
 90
        0
176
     1
 62
    18
420
        0
176
     1
 90
       50
176
     1
 90
        3
176
     1
 62
     5
420
      255
176
     1
290
     0
176
     1
 90
       50
176
     1
 90
       50
176
     1
 90
       50
176
     1
290
     0
176
     1
 90
       50
176
     1
 62
   256
176
     0
 40
1.0
176
     0
 90
        2
176
     1
  1
strokes_ogs.tif
176
     1
290
     0
176
     1
 40
1.0
176
     1
 40
1.0
176
     1
  0
VISUALSTYLE
  5
AC
102
{ACAD_REACTORS
330
A8
102
}
330
A8
100
AcDbVisualStyle
  2
GouraudWithEdges
 70
     3
177
     3
291
     1
 70
    58
 90
        2
176
     1
 90
        2
176
     1
 90
        1
176
     1
 90
        2
176
     1
 40
0.6
176
     1
 40
30.0
176
     1
 62
     7
420
 16777215
176
     1
 90
        1
176
     1
 90
        0
176
     1
 62
     7
176
     1
 62
   257
176
     1
 90
        1
176
     1
 90
        1
176
     1
 40
1.0
176
     1
 90
        0
176
     1
 62
   257
176
     1
 40
1.0
176
     1
 90
        1
176
     1
 90
        6
176
     1
 90
        2
176
     1
 62
     7
176
     1
 90
        5
176
     1
 90
        0
176
     1
 90
        0
176
     1
290
     0
176
     1
 90
       13
176
     1
 40
0.0
176
     1
 90
        0
176
     1
290
     0
176
     1
290
     1
176
     1
290
     1
176
     1
290
     0
176
     1
290
     0
176
     1
290
     0
176
     1
290
     0
176
     1
290
     0
176
     1
290
     0
176
     1
 90
       50
176
     1
 40
0.0
176
     1
 40
1.0
176
     1
 90
        0
176
     1
 62
    18
420
        0
176
     1
 90
       50
176
     1
 90
        3
176
     1
 62
     5
420
      255
176
     1
290
     0
176
     1
 90
       50
176
     1
 90
       50
176
     1
 90
       50
176
     1
290
     0
176
     1
 90
       50
176
     1
 62
   256
176
     0
 40
1.0
176
     0
 90
        2
176
     1
  1
strokes_ogs.tif
176
     1
290
     0
176
     1
 40
1.0
176
     1
 40
1.0
176
     1
  0
VISUALSTYLE
  5
B0
102
{ACAD_REACTORS
330
A8
102
}
330
A8
100
AcDbVisualStyle
  2
Hidden
 70
     6
177
     3
291
     0
 70
    58
 90
        1
176
     1
 90
        2
176
     1
 90
        2
176
     1
 90
        0
176
     1
 40
0.6
176
     1
 40
30.0
176
     1
 62
     7
420
 16777215
176
     1
 90
        2
176
     1
 90
        2
176
     1
 62
     7
176
     1
 62
   257
176
     1
 90
        2
176
     1
 90
        1
176
     1
 40
40.0
176
     1
 90
        0
176
     1
 62
   257
176
     1
 40
1.0
176
     1
 90
        1
176
     1
 90
        6
176
     1
 90
        2
176
     1
 62
     7
176
     1
 90
        3
176
     1
 90
        0
176
     1
 90
        0
176
     1
290
     0
176
     1
 90
        1
176
     1
 40
0.0
176
     1
 90
        0
176
     1
290
     0
176
     1
290
     1
176
     1
290
     1
176
     1
290
     0
176
     1
290
     0
176
     1
290
     0
176
     1
290
     0
176
     1
290
     0
176
     1
290
     0
176
     1
 90
       50
176
     1
 40
0.0
176
     1
 40
1.0
176
     1
 90
        0
176
     1
 62
    18
420
        0
176
     1
 90
       50
176
     1
 90
        3
176
     1
 62
     5
420
      255
176
     1
290
     0
176
     1
 90
       50
176
     1
 90
       50
176
     1
 90
       50
176
     1
290
     0
176
     1
 90
       50
176
     1
 62
   256
176
     0
 40
1.0
176
     0
 90
        2
176
     1
  1
strokes_ogs.tif
176
     1
290
     0
176
     1
 40
1.0
176
     1
 40
1.0
176
     1
  0
VISUALSTYLE
  5
BE
102
{ACAD_REACTORS
330
A8
102
}
330
A8
100
AcDbVisualStyle
  2
JitterOff
 70
    20
177
     3
291
     1
 70
    58
 90
        2
176
     0
 90
        2
176
     0
 90
        0
176
     0
 90
        0
176
     0
 40
0.6
176
     0
 40
30.0
176
     0
 62
     7
420
 16777215
176
     0
 90
        1
176
     0
 90
        4
176
     0
 62
     7
176
     0
 62
   257
176
     0
 90
        1
176
     0
 90
        1
176
     0
 40
1.0
176
     0
 90
       10
176
     2
 62
     7
176
     0
 40
1.0
176
     0
 90
        1
176
     0
 90
        6
176
     0
 90
        2
176
     0
 62
     7
176
     0
 90
        5
176
     0
 90
        0
176
     0
 90
        0
176
     0
290
     0
176
     0
 90
        1
176
     0
 40
0.0
176
     0
 90
        0
176
     0
290
     0
176
     1
290
     1
176
     1
290
     1
176
     1
290
     0
176
     1
290
     0
176
     1
290
     0
176
     1
290
     0
176
     1
290
     0
176
     1
290
     0
176
     1
 90
       50
176
     1
 40
0.0
176
     1
 40
1.0
176
     1
 90
        0
176
     1
 62
    18
420
        0
176
     1
 90
       50
176
     1
 90
        3
176
     1
 62
     5
420
      255
176
     1
290
     0
176
     1
 90
       50
176
     1
 90
       50
176
     1
 90
       50
176
     1
290
     0
176
     1
 90
       50
176
     1
 62
   256
176
     0
 40
1.0
176
     0
 90
        2
176
     1
  1
strokes_ogs.tif
176
     1
290
     0
176
     1
 40
1.0
176
     1
 40
1.0
176
     1
  0
VISUALSTYLE
  5
B6
102
{ACAD_REACTORS
330
A8
102
}
330
A8
100
AcDbVisualStyle
  2
Linepattern
 70
    14
177
     3
291
     1
 70
    58
 90
        2
176
     1
 90
        2
176
     1
 90
        0
176
     1
 90
        0
176
     1
 40
0.6
176
     1
 40
30.0
176
     1
 62
     7
420
 16777215
176
     1
 90
        1
176
     1
 90
        4
176
     1
 62
     7
176
     1
 62
   257
176
     1
 90
        7
176
     1
 90
        7
176
     1
 40
1.0
176
     1
 90
        8
176
     1
 62
     7
176
     1
 40
1.0
176
     1
 90
        1
176
     1
 90
        6
176
     1
 90
        2
176
     1
 62
     7
176
     1
 90
        5
176
     1
 90
        0
176
     1
 90
        0
176
     1
290
     0
176
     1
 90
        1
176
     1
 40
0.0
176
     1
 90
        0
176
     1
290
     0
176
     1
290
     1
176
     1
290
     1
176
     1
290
     0
176
     1
290
     0
176
     1
290
     0
176
     1
290
     0
176
     1
290
     0
176
     1
290
     0
176
     1
 90
       50
176
     1
 40
0.0
176
     1
 40
1.0
176
     1
 90
        0
176
     1
 62
    18
420
        0
176
     1
 90
       50
176
     1
 90
        3
176
     1
 62
     5
420
      255
176
     1
290
     0
176
     1
 90
       50
176
     1
 90
       50
176
     1
 90
       50
176
     1
290
     0
176
     1
 90
       50
176
     1
 62
   256
176
     0
 40
1.0
176
     0
 90
        2
176
     1
  1
strokes_ogs.tif
176
     1
290
     0
176
     1
 40
1.0
176
     1
 40
1.0
176
     1
  0
VISUALSTYLE
  5
BF
102
{ACAD_REACTORS
330
A8
102
}
330
A8
100
AcDbVisualStyle
  2
OverhangOff
 70
    21
177
     3
291
     1
 70
    58
 90
        2
176
     0
 90
        2
176
     0
 90
        0
176
     0
 90
        0
176
     0
 40
0.6
176
     0
 40
30.0
176
     0
 62
     7
420
 16777215
176
     0
 90
        1
176
     0
 90
        4
176
     0
 62
     7
176
     0
 62
   257
176
     0
 90
        1
176
     0
 90
        1
176
     0
 40
1.0
176
     0
 90
        9
176
     2
 62
     7
176
     0
 40
1.0
176
     0
 90
        1
176
     0
 90
        6
176
     0
 90
        2
176
     0
 62
     7
176
     0
 90
        5
176
     0
 90
        0
176
     0
 90
        0
176
     0
290
     0
176
     0
 90
        1
176
     0
 40
0.0
176
     0
 90
        0
176
     0
290
     0
176
     1
290
     1
176
     1
290
     1
176
     1
290
     0
176
     1
290
     0
176
     1
290
     0
176
     1
290
     0
176
     1
290
     0
176
     1
290
     0
176
     1
 90
       50
176
     1
 40
0.0
176
     1
 40
1.0
176
     1
 90
        0
176
     1
 62
    18
420
        0
176
     1
 90
       50
176
     1
 90
        3
176
     1
 62
     5
420
      255
176
     1
290
     0
176
     1
 90
       50
176
     1
 90
       50
176
     1
 90
       50
176
     1
290
     0
176
     1
 90
       50
176
     1
 62
   256
176
     0
 40
1.0
176
     0
 90
        2
176
     1
  1
strokes_ogs.tif
176
     1
290
     0
176
     1
 40
1.0
176
     1
 40
1.0
176
     1
  0
VISUALSTYLE
  5
B2
102
{ACAD_REACTORS
330
A8
102
}
330
A8
100
AcDbVisualStyle
  2
Realistic
 70
     8
177
     3
291
     0
 70
    58
 90
        2
176
     1
 90
        3
176
     1
 90
        0
176
     1
 90
        2
176
     1
 40
0.6
176
     1
 40
30.0
176
     1
 62
     7
420
 16777215
176
     1
 90
        0
176
     1
 90
        0
176
     1
 62
     7
176
     1
 62
   257
176
     1
 90
        1
176
     1
 90
        1
176
     1
 40
1.0
176
     1
 90
        8
176
     1
 62
   257
176
     1
 40
1.0
176
     1
 90
        1
176
     1
 90
        6
176
     1
 90
        2
176
     1
 62
     7
176
     1
 90
        3
176
     1
 90
        0
176
     1
 90
        0
176
     1
290
     0
176
     1
 90
       13
176
     1
 40
0.0
176
     1
 90
        0
176
     1
290
     0
176
     1
290
     1
176
     1
290
     1
176
     1
290
     0
176
     1
290
     0
176
     1
290
     0
176
     1
290
     0
176
     1
290
     0
176
     1
290
     0
176
     1
 90
       50
176
     1
 40
0.0
176
     1
 40
1.0
176
     1
 90
        0
176
     1
 62
    18
420
        0
176
     1
 90
       50
176
     1
 90
        3
176
     1
 62
     5
420
      255
176
     1
290
     0
176
     1
 90
       50
176
     1
 90
       50
176
     1
 90
       50
176
     1
290
     0
176
     1
 90
       50
176
     1
 62
   256
176
     0
 40
1.0
176
     0
 90
        2
176
     1
  1
strokes_ogs.tif
176
     1
290
     0
176
     1
 40
1.0
176
     1
 40
1.0
176
     1
  0
VISUALSTYLE
  5
BD
102
{ACAD_REACTORS
330
A8
102
}
330
A8
100
AcDbVisualStyle
  2
Shaded
 70
    27
177
     3
291
     0
 70
    58
 90
        2
176
     1
 90
        2
176
     1
 90
        1
176
     1
 90
        2
176
     1
 40
0.6
176
     1
 40
30.0
176
     1
 62
     7
420
 16777215
176
     1
 90
        0
176
     1
 90
        4
176
     1
 62
     7
176
     1
 62
   257
176
     1
 90
        1
176
     1
 90
        1
176
     1
 40
1.0
176
     1
 90
        8
176
     1
 62
   257
176
     1
 40
1.0
176
     1
 90
        1
176
     1
 90
        6
176
     1
 90
        2
176
     1
 62
     8
420
  7895160
176
     1
 90
        3
176
     1
 90
        0
176
     1
 90
        0
176
     1
290
     0
176
     1
 90
        5
176
     1
 40
0.0
176
     1
 90
        0
176
     1
290
     0
176
     1
290
     1
176
     1
290
     1
176
     1
290
     0
176
     1
290
     0
176
     1
290
     0
176
     1
290
     0
176
     1
290
     0
176
     1
290
     0
176
     1
 90
       50
176
     1
 40
0.0
176
     1
 40
1.0
176
     1
 90
        0
176
     1
 62
    18
420
        0
176
     1
 90
       50
176
     1
 90
        3
176
     1
 62
     5
420
      255
176
     1
290
     0
176
     1
 90
       50
176
     1
 90
       50
176
     1
 90
       50
176
     1
290
     0
176
     1
 90
       50
176
     1
 62
   256
176
     0
 40
1.0
176
     0
 90
        2
176
     1
  1
strokes_ogs.tif
176
     1
290
     0
176
     1
 40
1.0
176
     1
 40
1.0
176
     1
  0
VISUALSTYLE
  5
BC
102
{ACAD_REACTORS
330
A8
102
}
330
A8
100
AcDbVisualStyle
  2
Shaded with edges
 70
    26
177
     3
291
     0
 70
    58
 90
        2
176
     1
 90
        2
176
     1
 90
        1
176
     1
 90
        2
176
     1
 40
0.6
176
     1
 40
30.0
176
     1
 62
     7
420
 16777215
176
     1
 90
        1
176
     1
 90
       10
176
     1
 62
     7
176
     1
 62
   257
176
     1
 90
        2
176
     1
 90
        1
176
     1
 40
1.0
176
     1
 90
        8
176
     1
 62
   257
176
     1
 40
1.0
176
     1
 90
        1
176
     1
 90
        6
176
     1
 90
        2
176
     1
 62
     7
176
     1
 90
        3
176
     1
 90
        0
176
     1
 90
        0
176
     1
290
     0
176
     1
 90
        5
176
     1
 40
0.0
176
     1
 90
        0
176
     1
290
     0
176
     1
290
     1
176
     1
290
     1
176
     1
290
     0
176
     1
290
     0
176
     1
290
     0
176
     1
290
     0
176
     1
290
     0
176
     1
290
     0
176
     1
 90
       50
176
     1
 40
0.0
176
     1
 40
1.0
176
     1
 90
        0
176
     1
 62
    18
420
        0
176
     1
 90
       50
176
     1
 90
        3
176
     1
 62
     5
420
      255
176
     1
290
     0
176
     1
 90
       50
176
     1
 90
       50
176
     1
 90
       50
176
     1
290
     0
176
     1
 90
       50
176
     1
 62
   256
176
     0
 40
1.0
176
     0
 90
        2
176
     1
  1
strokes_ogs.tif
176
     1
290
     0
176
     1
 40
1.0
176
     1
 40
1.0
176
     1
  0
VISUALSTYLE
  5
B9
102
{ACAD_REACTORS
330
A8
102
}
330
A8
100
AcDbVisualStyle
  2
Shades of Gray
 70
    23
177
     3
291
     0
 70
    58
 90
        2
176
     1
 90
        2
176
     1
 90
        3
176
     1
 90
        0
176
     1
 40
0.6
176
     1
 40
30.0
176
     1
 62
     7
420
 16777215
176
     1
 90
        2
176
     1
 90
        2
176
     1
 62
     7
176
     1
 62
     7
176
     1
 90
        1
176
     1
 90
        1
176
     1
 40
40.0
176
     1
 90
        8
176
     1
 62
     7
176
     1
 40
1.0
176
     1
 90
        1
176
     1
 90
        6
176
     1
 90
        2
176
     1
 62
     7
176
     1
 90
        3
176
     1
 90
        0
176
     1
 90
        0
176
     1
290
     0
176
     1
 90
        1
176
     1
 40
0.0
176
     1
 90
        0
176
     1
290
     0
176
     1
290
     1
176
     1
290
     1
176
     1
290
     0
176
     1
290
     0
176
     1
290
     0
176
     1
290
     0
176
     1
290
     0
176
     1
290
     0
176
     1
 90
       50
176
     1
 40
0.0
176
     1
 40
1.0
176
     1
 90
        0
176
     1
 62
    18
420
        0
176
     1
 90
       50
176
     1
 90
        3
176
     1
 62
     5
420
      255
176
     1
290
     0
176
     1
 90
       50
176
     1
 90
       50
176
     1
 90
       50
176
     1
290
     0
176
     1
 90
       50
176
     1
 62
   256
176
     0
 40
1.0
176
     0
 90
        2
176
     1
  1
strokes_ogs.tif
176
     1
290
     0
176
     1
 40
1.0
176
     1
 40
1.0
176
     1
  0
VISUALSTYLE
  5
BA
102
{ACAD_REACTORS
330
A8
102
}
330
A8
100
AcDbVisualStyle
  2
Sketchy
 70
    24
177
     3
291
     0
 70
    58
 90
        1
176
     1
 90
        2
176
     1
 90
        2
176
     1
 90
        0
176
     1
 40
0.6
176
     1
 40
30.0
176
     1
 62
     7
420
 16777215
176
     1
 90
        2
176
     1
 90
        2
176
     1
 62
     7
176
     1
 62
     7
176
     1
 90
        1
176
     1
 90
        1
176
     1
 40
40.0
176
     1
 90
       11
176
     1
 62
     7
176
     1
 40
1.0
176
     1
 90
        1
176
     1
 90
        6
176
     1
 90
        2
176
     1
 62
     7
176
     1
 90
        6
176
     1
 90
        0
176
     1
 90
        0
176
     1
290
     0
176
     1
 90
        1
176
     1
 40
0.0
176
     1
 90
        0
176
     1
290
     0
176
     1
290
     1
176
     1
290
     1
176
     1
290
     0
176
     1
290
     0
176
     1
290
     0
176
     1
290
     0
176
     1
290
     0
176
     1
290
     0
176
     1
 90
       50
176
     1
 40
0.0
176
     1
 40
1.0
176
     1
 90
        0
176
     1
 62
    18
420
        0
176
     1
 90
       50
176
     1
 90
        3
176
     1
 62
     5
420
      255
176
     1
290
     0
176
     1
 90
       50
176
     1
 90
       50
176
     1
 90
       50
176
     1
290
     0
176
     1
 90
       50
176
     1
 62
   256
176
     0
 40
1.0
176
     0
 90
        2
176
     1
  1
strokes_ogs.tif
176
     1
290
     0
176
     1
 40
1.0
176
     1
 40
1.0
176
     1
  0
VISUALSTYLE
  5
B5
102
{ACAD_REACTORS
330
A8
102
}
330
A8
100
AcDbVisualStyle
  2
Thicken
 70
    13
177
     3
291
     1
 70
    58
 90
        2
176
     1
 90
        2
176
     1
 90
        0
176
     1
 90
        0
176
     1
 40
0.6
176
     1
 40
30.0
176
     1
 62
     7
420
 16777215
176
     1
 90
        1
176
     1
 90
        4
176
     1
 62
     7
176
     1
 62
   257
176
     1
 90
        1
176
     1
 90
        1
176
     1
 40
1.0
176
     1
 90
       12
176
     1
 62
     7
176
     1
 40
1.0
176
     1
 90
        1
176
     1
 90
        6
176
     1
 90
        2
176
     1
 62
     7
176
     1
 90
        5
176
     1
 90
        0
176
     1
 90
        0
176
     1
290
     0
176
     1
 90
        1
176
     1
 40
0.0
176
     1
 90
        0
176
     1
290
     0
176
     1
290
     1
176
     1
290
     1
176
     1
290
     0
176
     1
290
     0
176
     1
290
     0
176
     1
290
     0
176
     1
290
     0
176
     1
290
     0
176
     1
 90
       50
176
     1
 40
0.0
176
     1
 40
1.0
176
     1
 90
        0
176
     1
 62
    18
420
        0
176
     1
 90
       50
176
     1
 90
        3
176
     1
 62
     5
420
      255
176
     1
290
     0
176
     1
 90
       50
176
     1
 90
       50
176
     1
 90
       50
176
     1
290
     0
176
     1
 90
       50
176
     1
 62
   256
176
     0
 40
1.0
176
     0
 90
        2
176
     1
  1
strokes_ogs.tif
176
     1
290
     0
176
     1
 40
1.0
176
     1
 40
1.0
176
     1
  0
VISUALSTYLE
  5
AF
102
{ACAD_REACTORS
330
A8
102
}
330
A8
100
AcDbVisualStyle
  2
Wireframe
 70
     5
177
     3
291
     0
 70
    58
 90
        0
176
     1
 90
        2
176
     1
 90
        0
176
     1
 90
        0
176
     1
 40
0.6
176
     1
 40
30.0
176
     1
 62
     7
420
 16777215
176
     1
 90
        1
176
     1
 90
        4
176
     1
 62
     7
176
     1
 62
   257
176
     1
 90
        1
176
     1
 90
        1
176
     1
 40
1.0
176
     1
 90
        0
176
     1
 62
   257
176
     1
 40
1.0
176
     1
 90
        1
176
     1
 90
        6
176
     1
 90
        2
176
     1
 62
     7
176
     1
 90
        3
176
     1
 90
        0
176
     1
 90
        0
176
     1
290
     0
176
     1
 90
        1
176
     1
 40
0.0
176
     1
 90
        0
176
     1
290
     0
176
     1
290
     1
176
     1
290
     1
176
     1
290
     0
176
     1
290
     0
176
     1
290
     0
176
     1
290
     0
176
     1
290
     0
176
     1
290
     0
176
     1
 90
       50
176
     1
 40
0.0
176
     1
 40
1.0
176
     1
 90
        0
176
     1
 62
    18
420
        0
176
     1
 90
       50
176
     1
 90
        3
176
     1
 62
     5
420
      255
176
     1
290
     0
176
     1
 90
       50
176
     1
 90
       50
176
     1
 90
       50
176
     1
290
     0
176
     1
 90
       50
176
     1
 62
   256
176
     0
 40
1.0
176
     0
 90
        2
176
     1
  1
strokes_ogs.tif
176
     1
290
     0
176
     1
 40
1.0
176
     1
 40
1.0
176
     1
  0
VISUALSTYLE
  5
BB
102
{ACAD_REACTORS
330
A8
102
}
330
A8
100
AcDbVisualStyle
  2
X-Ray
 70
    25
177
     3
291
     0
 70
    58
 90
        2
176
     1
 90
        2
176
     1
 90
        1
176
     1
 90
        1
176
     1
 40
0.5
176
     1
 40
30.0
176
     1
 62
     7
420
 16777215
176
     1
 90
        1
176
     1
 90
        0
176
     1
 62
     7
176
     1
 62
   257
176
     1
 90
        1
176
     1
 90
        1
176
     1
 40
1.0
176
     1
 90
        8
176
     1
 62
     7
176
     1
 40
1.0
176
     1
 90
        1
176
     1
 90
        6
176
     1
 90
        2
176
     1
 62
     7
176
     1
 90
        3
176
     1
 90
        0
176
     1
 90
        0
176
     1
290
     0
176
     1
 90
       13
176
     1
 40
0.0
176
     1
 90
        0
176
     1
290
     0
176
     1
290
     1
176
     1
290
     1
176
     1
290
     0
176
     1
290
     0
176
     1
290
     0
176
     1
290
     0
176
     1
290
     0
176
     1
290
     0
176
     1
 90
       50
176
     1
 40
0.0
176
     1
 40
1.0
176
     1
 90
        0
176
     1
 62
    18
420
        0
176
     1
 90
       50
176
     1
 90
        3
176
     1
 62
     5
420
      255
176
     1
290
     0
176
     1
 90
       50
176
     1
 90
       50
176
     1
 90
       50
176
     1
290
     0
176
     1
 90
       50
176
     1
 62
   256
176
     0
 40
1.0
176
     0
 90
        2
176
     1
  1
strokes_ogs.tif
176
     1
290
     0
176
     1
 40
1.0
176
     1
 40
1.0
176
     1
  0
DICTIONARYVAR
  5
157
102
{ACAD_REACTORS
330
7E
102
}
330
7E
100
DictionaryVariables
280
     0
  1
1:1
  0
DICTIONARYVAR
  5
155
102
{ACAD_REACTORS
330
7E
102
}
330
7E
100
DictionaryVariables
280
     0
  1
STANDARD
  0
DICTIONARYVAR
  5
7F
102
{ACAD_REACTORS
330
7E
102
}
330
7E
100
DictionaryVariables
280
     0
  1
STANDARD
  0
DICTIONARYVAR
  5
1C7
102
{ACAD_REACTORS
330
7E
102
}
330
7E
100
DictionaryVariables
280
     0
  1
Metric50
  0
DICTIONARYVAR
  5
1C8
102
{ACAD_REACTORS
330
7E
102
}
330
7E
100
DictionaryVariables
280
     0
  1
Metric50
  0
DICTIONARYVAR
  5
8D
102
{ACAD_REACTORS
330
7E
102
}
330
7E
100
DictionaryVariables
280
     0
  1
1
  0
DICTIONARYVAR
  5
8C
102
{ACAD_REACTORS
330
7E
102
}
330
7E
100
DictionaryVariables
280
     0
  1
1
  0
DICTIONARYVAR
  5
159
102
{ACAD_REACTORS
330
7E
102
}
330
7E
100
DictionaryVariables
280
     0
  1
1
  0
DICTIONARYVAR
  5
15A
102
{ACAD_REACTORS
330
7E
102
}
330
7E
100
DictionaryVariables
280
     0
  1
15
  0
DICTIONARYVAR
  5
158
102
{ACAD_REACTORS
330
7E
102
}
330
7E
100
DictionaryVariables
280
     0
  1
0
  0
DICTIONARYVAR
  5
156
102
{ACAD_REACTORS
330
7E
102
}
330
7E
100
DictionaryVariables
280
     0
  1
0
  0
DICTIONARYVAR
  5
8E
102
{ACAD_REACTORS
330
7E
102
}
330
7E
100
DictionaryVariables
280
     0
  1

  0
DICTIONARY
  5
10E
102
{ACAD_REACTORS
330
107
102
}
330
107
100
AcDbDictionary
281
     1
  0
XRECORD
  5
7D
102
{ACAD_REACTORS
330
7B
102
}
330
7B
100
AcDbXrecord
280
     1
  0
DICTIONARY
  5
1CC
330
166
100
AcDbDictionary
280
     1
281
     1
  3
ACAD_XREC_ROUNDTRIP
360
1CD
  0
DICTIONARY
  5
99
330
98
100
AcDbDictionary
280
     1
281
     1
  3
BUMPTILE
360
9B
  3
DIFFUSETILE
360
9A
  3
OPACITYTILE
360
9E
  3
REFLECTIONTILE
360
9D
  3
REFRACTIONTILE
360
9F
  3
SPECULARTILE
360
9C
  0
DICTIONARY
  5
91
330
90
100
AcDbDictionary
280
     1
281
     1
  3
BUMPTILE
360
93
  3
DIFFUSETILE
360
92
  3
OPACITYTILE
360
96
  3
REFLECTIONTILE
360
95
  3
REFRACTIONTILE
360
97
  3
SPECULARTILE
360
94
  0
DICTIONARY
  5
A1
330
A0
100
AcDbDictionary
280
     1
281
     1
  3
BUMPTILE
360
A3
  3
DIFFUSETILE
360
A2
  3
OPACITYTILE
360
A6
  3
REFLECTIONTILE
360
A5
  3
REFRACTIONTILE
360
A7
  3
SPECULARTILE
360
A4
  0
DICTIONARY
  5
1CA
330
164
100
AcDbDictionary
280
     1
281
     1
  3
ACAD_XREC_ROUNDTRIP
360
1CB
  0
DICTIONARY
  5
15B
330
2C
100
AcDbDictionary
280
     1
281
     1
  3
ACAD_ROUNDTRIP_2008_TABLESTYLE_CELLSTYLEMAP
360
1C9
  0
XRECORD
  5
1CD
102
{ACAD_REACTORS
330
1CC
102
}
330
1CC
100
AcDbXrecord
280
     1
102
DISPLAYNAME
  1
Metric50
102
FLAGS
 90
        0
  0
XRECORD
  5
9B
102
{ACAD_REACTORS
330
99
102
}
330
99
100
AcDbXrecord
280
     1
270
     1
271
     1
  0
XRECORD
  5
9A
102
{ACAD_REACTORS
330
99
102
}
330
99
100
AcDbXrecord
280
     1
270
     1
271
     1
  0
XRECORD
  5
9E
102
{ACAD_REACTORS
330
99
102
}
330
99
100
AcDbXrecord
280
     1
270
     1
271
     1
  0
XRECORD
  5
9D
102
{ACAD_REACTORS
330
99
102
}
330
99
100
AcDbXrecord
280
     1
270
     1
271
     1
  0
XRECORD
  5
9F
102
{ACAD_REACTORS
330
99
102
}
330
99
100
AcDbXrecord
280
     1
270
     1
271
     1
  0
XRECORD
  5
9C
102
{ACAD_REACTORS
330
99
102
}
330
99
100
AcDbXrecord
280
     1
270
     1
271
     1
  0
XRECORD
  5
93
102
{ACAD_REACTORS
330
91
102
}
330
91
100
AcDbXrecord
280
     1
270
     1
271
     1
  0
XRECORD
  5
92
102
{ACAD_REACTORS
330
91
102
}
330
91
100
AcDbXrecord
280
     1
270
     1
271
     1
  0
XRECORD
  5
96
102
{ACAD_REACTORS
330
91
102
}
330
91
100
AcDbXrecord
280
     1
270
     1
271
     1
  0
XRECORD
  5
95
102
{ACAD_REACTORS
330
91
102
}
330
91
100
AcDbXrecord
280
     1
270
     1
271
     1
  0
XRECORD
  5
97
102
{ACAD_REACTORS
330
91
102
}
330
91
100
AcDbXrecord
280
     1
270
     1
271
     1
  0
XRECORD
  5
94
102
{ACAD_REACTORS
330
91
102
}
330
91
100
AcDbXrecord
280
     1
270
     1
271
     1
  0
XRECORD
  5
A3
102
{ACAD_REACTORS
330
A1
102
}
330
A1
100
AcDbXrecord
280
     1
270
     1
271
     1
  0
XRECORD
  5
A2
102
{ACAD_REACTORS
330
A1
102
}
330
A1
100
AcDbXrecord
280
     1
270
     1
271
     1
  0
XRECORD
  5
A6
102
{ACAD_REACTORS
330
A1
102
}
330
A1
100
AcDbXrecord
280
     1
270
     1
271
     1
  0
XRECORD
  5
A5
102
{ACAD_REACTORS
330
A1
102
}
330
A1
100
AcDbXrecord
280
     1
270
     1
271
     1
  0
XRECORD
  5
A7
102
{ACAD_REACTORS
330
A1
102
}
330
A1
100
AcDbXrecord
280
     1
270
     1
271
     1
  0
XRECORD
  5
A4
102
{ACAD_REACTORS
330
A1
102
}
330
A1
100
AcDbXrecord
280
     1
270
     1
271
     1
  0
XRECORD
  5
1CB
102
{ACAD_REACTORS
330
1CA
102
}
330
1CA
100
AcDbXrecord
280
     1
102
DISPLAYNAME
  1
Metric50
102
FLAGS
 90
        0
  0
CELLSTYLEMAP
  5
1C9
102
{ACAD_REACTORS
330
15B
102
}
330
15B
100
AcDbCellStyleMap
 90
        3
300
CELLSTYLE
  1
TABLEFORMAT_BEGIN
 90
        5
170
     1
 91
        0
 92
    32768
 62
   257
 93
        1
300
CONTENTFORMAT
  1
CONTENTFORMAT_BEGIN
 90
        0
 91
        0
 92
        4
 93
        0
300

 40
0.0
140
1.0
 94
        5
 62
     0
340
15
144
6.0
309
CONTENTFORMAT_END
171
     1
301
MARGIN
  1
CELLMARGIN_BEGIN
 40
1.5
 40
1.5
 40
1.5
 40
1.5
 40
0.18
 40
0.18
309
CELLMARGIN_END
 94
        6
 95
        1
302
GRIDFORMAT
  1
GRIDFORMAT_BEGIN
 90
        0
 91
        1
 62
     0
 92
       -2
340
0
 93
        0
 40
0.045
309
GRIDFORMAT_END
 95
        2
302
GRIDFORMAT
  1
GRIDFORMAT_BEGIN
 90
        0
 91
        1
 62
     0
 92
       -2
340
0
 93
        0
 40
0.045
309
GRIDFORMAT_END
 95
        4
302
GRIDFORMAT
  1
GRIDFORMAT_BEGIN
 90
        0
 91
        1
 62
     0
 92
       -2
340
0
 93
        0
 40
0.045
309
GRIDFORMAT_END
 95
        8
302
GRIDFORMAT
  1
GRIDFORMAT_BEGIN
 90
        0
 91
        1
 62
     0
 92
       -2
340
0
 93
        0
 40
0.045
309
GRIDFORMAT_END
 95
       16
302
GRIDFORMAT
  1
GRIDFORMAT_BEGIN
 90
        0
 91
        1
 62
     0
 92
       -2
340
0
 93
        0
 40
0.045
309
GRIDFORMAT_END
 95
       32
302
GRIDFORMAT
  1
GRIDFORMAT_BEGIN
 90
        0
 91
        1
 62
     0
 92
       -2
340
0
 93
        0
 40
0.045
309
GRIDFORMAT_END
309
TABLEFORMAT_END
  1
CELLSTYLE_BEGIN
 90
        1
 91
        1
300
_TITLE
309
CELLSTYLE_END
300
CELLSTYLE
  1
TABLEFORMAT_BEGIN
 90
        5
170
     1
 91
        0
 92
        0
 62
   257
 93
        1
300
CONTENTFORMAT
  1
CONTENTFORMAT_BEGIN
 90
        0
 91
        0
 92
        4
 93
        0
300

 40
0.0
140
1.0
 94
        5
 62
     0
340
15
144
4.5
309
CONTENTFORMAT_END
171
     1
301
MARGIN
  1
CELLMARGIN_BEGIN
 40
1.5
 40
1.5
 40
1.5
 40
1.5
 40
0.18
 40
0.18
309
CELLMARGIN_END
 94
        6
 95
        1
302
GRIDFORMAT
  1
GRIDFORMAT_BEGIN
 90
        0
 91
        1
 62
     0
 92
       -2
340
0
 93
        0
 40
0.045
309
GRIDFORMAT_END
 95
        2
302
GRIDFORMAT
  1
GRIDFORMAT_BEGIN
 90
        0
 91
        1
 62
     0
 92
       -2
340
0
 93
        0
 40
0.045
309
GRIDFORMAT_END
 95
        4
302
GRIDFORMAT
  1
GRIDFORMAT_BEGIN
 90
        0
 91
        1
 62
     0
 92
       -2
340
0
 93
        0
 40
0.045
309
GRIDFORMAT_END
 95
        8
302
GRIDFORMAT
  1
GRIDFORMAT_BEGIN
 90
        0
 91
        1
 62
     0
 92
       -2
340
0
 93
        0
 40
0.045
309
GRIDFORMAT_END
 95
       16
302
GRIDFORMAT
  1
GRIDFORMAT_BEGIN
 90
        0
 91
        1
 62
     0
 92
       -2
340
0
 93
        0
 40
0.045
309
GRIDFORMAT_END
 95
       32
302
GRIDFORMAT
  1
GRIDFORMAT_BEGIN
 90
        0
 91
        1
 62
     0
 92
       -2
340
0
 93
        0
 40
0.045
309
GRIDFORMAT_END
309
TABLEFORMAT_END
  1
CELLSTYLE_BEGIN
 90
        2
 91
        1
300
_HEADER
309
CELLSTYLE_END
300
CELLSTYLE
  1
TABLEFORMAT_BEGIN
 90
        5
170
     1
 91
        0
 92
        0
 62
   257
 93
        1
300
CONTENTFORMAT
  1
CONTENTFORMAT_BEGIN
 90
        0
 91
        0
 92
        4
 93
        0
300

 40
0.0
140
1.0
 94
        2
 62
     0
340
15
144
4.5
309
CONTENTFORMAT_END
171
     1
301
MARGIN
  1
CELLMARGIN_BEGIN
 40
1.5
 40
1.5
 40
1.5
 40
1.5
 40
0.18
 40
0.18
309
CELLMARGIN_END
 94
        6
 95
        1
302
GRIDFORMAT
  1
GRIDFORMAT_BEGIN
 90
        0
 91
        1
 62
     0
 92
       -2
340
0
 93
        0
 40
0.045
309
GRIDFORMAT_END
 95
        2
302
GRIDFORMAT
  1
GRIDFORMAT_BEGIN
 90
        0
 91
        1
 62
     0
 92
       -2
340
0
 93
        0
 40
0.045
309
GRIDFORMAT_END
 95
        4
302
GRIDFORMAT
  1
GRIDFORMAT_BEGIN
 90
        0
 91
        1
 62
     0
 92
       -2
340
0
 93
        0
 40
0.045
309
GRIDFORMAT_END
 95
        8
302
GRIDFORMAT
  1
GRIDFORMAT_BEGIN
 90
        0
 91
        1
 62
     0
 92
       -2
340
0
 93
        0
 40
0.045
309
GRIDFORMAT_END
 95
       16
302
GRIDFORMAT
  1
GRIDFORMAT_BEGIN
 90
        0
 91
        1
 62
     0
 92
       -2
340
0
 93
        0
 40
0.045
309
GRIDFORMAT_END
 95
       32
302
GRIDFORMAT
  1
GRIDFORMAT_BEGIN
 90
        0
 91
        1
 62
     0
 92
       -2
340
0
 93
        0
 40
0.045
309
GRIDFORMAT_END
309
TABLEFORMAT_END
  1
CELLSTYLE_BEGIN
 90
        3
 91
        2
300
_DATA
309
CELLSTYLE_END
  0
ENDSEC
  0
EOF
