  0
SECTION
  2
HEADER
  9
$ACADVER
  1
AC1027
  9
$ACADMAINTVER
 70
    83
  9
$DWGCODEPAGE
  3
ANSI_1252
  9
$LASTSAVEDBY
  1
uhlaender
  9
$CUSTOMPROPERTYTAG
  1
AmdtFileType
  9
$CUSTOMPROPERTY
  1
84
  9
$REQUIREDVERSIONS
160
                 0
  9
$INSBASE
 10
0.0
 20
0.0
 30
0.0
  9
$EXTMIN
 10
2107.39604474771
 20
-481.3801030106869
 30
-0.0000000349181948
  9
$EXTMAX
 10
3187.650518257481
 20
858.5792705958755
 30
0.0000000814935747
  9
$LIMMIN
 10
0.0
 20
0.0
  9
$LIMMAX
 10
420.0
 20
297.0
  9
$ORTHOMODE
 70
     0
  9
$REGENMODE
 70
     1
  9
$FILLMODE
 70
     1
  9
$QTEXTMODE
 70
     0
  9
$MIRRTEXT
 70
     1
  9
$LTSCALE
 40
10.0
  9
$ATTMODE
 70
     1
  9
$TEXTSIZE
 40
100.0
  9
$TRACEWID
 40
1.0
  9
$TEXTSTYLE
  7
Standard
  9
$CLAYER
  8
HALFEN
  9
$CELTYPE
  6
ByLayer
  9
$CECOLOR
 62
   256
  9
$CELTSCALE
 40
1.0
  9
$DISPSILH
 70
     0
  9
$DIMSCALE
 40
1.0
  9
$DIMASZ
 40
3.5
  9
$DIMEXO
 40
1.0
  9
$DIMDLI
 40
10.0
  9
$DIMRND
 40
0.0
  9
$DIMDLE
 40
0.0
  9
$DIMEXE
 40
1.0
  9
$DIMTP
 40
0.1
  9
$DIMTM
 40
0.1
  9
$DIMTXT
 40
3.5
  9
$DIMCEN
 40
0.0
  9
$DIMTSZ
 40
0.0
  9
$DIMTOL
 70
     0
  9
$DIMLIM
 70
     0
  9
$DIMTIH
 70
     0
  9
$DIMTOH
 70
     0
  9
$DIMSE1
 70
     0
  9
$DIMSE2
 70
     0
  9
$DIMTAD
 70
     1
  9
$DIMZIN
 70
     8
  9
$DIMBLK
  1

  9
$DIMASO
 70
     1
  9
$DIMSHO
 70
     1
  9
$DIMPOST
  1

  9
$DIMAPOST
  1
"
  9
$DIMALT
 70
     0
  9
$DIMALTD
 70
     2
  9
$DIMALTF
 40
0.0393701
  9
$DIMLFAC
 40
1.0
  9
$DIMTOFL
 70
     1
  9
$DIMTVP
 40
0.0
  9
$DIMTIX
 70
     0
  9
$DIMSOXD
 70
     0
  9
$DIMSAH
 70
     0
  9
$DIMBLK1
  1

  9
$DIMBLK2
  1

  9
$DIMSTYLE
  2
AM_DIN
  9
$DIMCLRD
 70
   256
  9
$DIMCLRE
 70
   256
  9
$DIMCLRT
 70
     2
  9
$DIMTFAC
 40
0.71
  9
$DIMGAP
 40
1.5
  9
$DIMJUST
 70
     0
  9
$DIMSD1
 70
     0
  9
$DIMSD2
 70
     0
  9
$DIMTOLJ
 70
     0
  9
$DIMTZIN
 70
     8
  9
$DIMALTZ
 70
     0
  9
$DIMALTTZ
 70
     0
  9
$DIMUPT
 70
     0
  9
$DIMDEC
 70
     2
  9
$DIMTDEC
 70
     3
  9
$DIMALTU
 70
     2
  9
$DIMALTTD
 70
     4
  9
$DIMTXSTY
  7
Standard
  9
$DIMAUNIT
 70
     0
  9
$DIMADEC
 70
     0
  9
$DIMALTRND
 40
0.0
  9
$DIMAZIN
 70
     2
  9
$DIMDSEP
 70
    46
  9
$DIMATFIT
 70
     3
  9
$DIMFRAC
 70
     0
  9
$DIMLDRBLK
  1

  9
$DIMLUNIT
 70
     2
  9
$DIMLWD
 70
    -1
  9
$DIMLWE
 70
    -1
  9
$DIMTMOVE
 70
     0
  9
$DIMFXL
 40
1.0
  9
$DIMFXLON
 70
     0
  9
$DIMJOGANG
 40
1.570796326794896
  9
$DIMTFILL
 70
     0
  9
$DIMTFILLCLR
 70
     0
  9
$DIMARCSYM
 70
     0
  9
$DIMLTYPE
  6
ByBlock
  9
$DIMLTEX1
  6
ByBlock
  9
$DIMLTEX2
  6
ByBlock
  9
$DIMTXTDIRECTION
 70
     0
  9
$LUNITS
 70
     2
  9
$LUPREC
 70
     2
  9
$SKETCHINC
 40
1.0
  9
$FILLETRAD
 40
1.0
  9
$AUNITS
 70
     0
  9
$AUPREC
 70
     0
  9
$MENU
  1
.
  9
$ELEVATION
 40
0.0
  9
$PELEVATION
 40
0.0
  9
$THICKNESS
 40
0.0
  9
$LIMCHECK
 70
     0
  9
$CHAMFERA
 40
5.0
  9
$CHAMFERB
 40
5.0
  9
$CHAMFERC
 40
20.0
  9
$CHAMFERD
 40
0.0
  9
$SKPOLY
 70
     0
  9
$TDCREATE
 40
2453956.495969688
  9
$TDUCREATE
 40
2453956.454303021
  9
$TDUPDATE
 40
2457763.476631493
  9
$TDUUPDATE
 40
2457763.434964826
  9
$TDINDWG
 40
1.8273367014
  9
$TDUSRTIMER
 40
1.8273366898
  9
$USRTIMER
 70
     1
  9
$ANGBASE
 50
0.0
  9
$ANGDIR
 70
     0
  9
$PDMODE
 70
    35
  9
$PDSIZE
 40
0.0
  9
$PLINEWID
 40
0.0
  9
$SPLFRAME
 70
     0
  9
$SPLINETYPE
 70
     6
  9
$SPLINESEGS
 70
     8
  9
$HANDSEED
  5
88F1
  9
$SURFTAB1
 70
     6
  9
$SURFTAB2
 70
     6
  9
$SURFTYPE
 70
     6
  9
$SURFU
 70
     6
  9
$SURFV
 70
     6
  9
$UCSBASE
  2

  9
$UCSNAME
  2

  9
$UCSORG
 10
-383.022981508824
 20
-1939.285876251548
 30
0.0
  9
$UCSXDIR
 10
1.0
 20
0.0
 30
0.0
  9
$UCSYDIR
 10
0.0
 20
1.0
 30
0.0
  9
$UCSORTHOREF
  2

  9
$UCSORTHOVIEW
 70
     0
  9
$UCSORGTOP
 10
0.0
 20
0.0
 30
0.0
  9
$UCSORGBOTTOM
 10
0.0
 20
0.0
 30
0.0
  9
$UCSORGLEFT
 10
0.0
 20
0.0
 30
0.0
  9
$UCSORGRIGHT
 10
0.0
 20
0.0
 30
0.0
  9
$UCSORGFRONT
 10
0.0
 20
0.0
 30
0.0
  9
$UCSORGBACK
 10
0.0
 20
0.0
 30
0.0
  9
$PUCSBASE
  2

  9
$PUCSNAME
  2

  9
$PUCSORG
 10
0.0
 20
0.0
 30
0.0
  9
$PUCSXDIR
 10
1.0
 20
0.0
 30
0.0
  9
$PUCSYDIR
 10
0.0
 20
1.0
 30
0.0
  9
$PUCSORTHOREF
  2

  9
$PUCSORTHOVIEW
 70
     0
  9
$PUCSORGTOP
 10
0.0
 20
0.0
 30
0.0
  9
$PUCSORGBOTTOM
 10
0.0
 20
0.0
 30
0.0
  9
$PUCSORGLEFT
 10
0.0
 20
0.0
 30
0.0
  9
$PUCSORGRIGHT
 10
0.0
 20
0.0
 30
0.0
  9
$PUCSORGFRONT
 10
0.0
 20
0.0
 30
0.0
  9
$PUCSORGBACK
 10
0.0
 20
0.0
 30
0.0
  9
$USERI1
 70
     0
  9
$USERI2
 70
     0
  9
$USERI3
 70
     0
  9
$USERI4
 70
     0
  9
$USERI5
 70
     0
  9
$USERR1
 40
0.0
  9
$USERR2
 40
0.0
  9
$USERR3
 40
0.0
  9
$USERR4
 40
0.0
  9
$USERR5
 40
0.0
  9
$WORLDVIEW
 70
     1
  9
$SHADEDGE
 70
     3
  9
$SHADEDIF
 70
    70
  9
$TILEMODE
 70
     1
  9
$MAXACTVP
 70
    64
  9
$PINSBASE
 10
0.0
 20
0.0
 30
0.0
  9
$PLIMCHECK
 70
     0
  9
$PEXTMIN
 10
1.000000000000000E+20
 20
1.000000000000000E+20
 30
1.000000000000000E+20
  9
$PEXTMAX
 10
-1.000000000000000E+20
 20
-1.000000000000000E+20
 30
-1.000000000000000E+20
  9
$PLIMMIN
 10
0.0
 20
0.0
  9
$PLIMMAX
 10
420.0
 20
297.0
  9
$UNITMODE
 70
     0
  9
$VISRETAIN
 70
     1
  9
$PLINEGEN
 70
     0
  9
$PSLTSCALE
 70
     1
  9
$TREEDEPTH
 70
  3020
  9
$CMLSTYLE
  2
Standard
  9
$CMLJUST
 70
     0
  9
$CMLSCALE
 40
20.0
  9
$PROXYGRAPHICS
 70
     1
  9
$MEASUREMENT
 70
     1
  9
$CELWEIGHT
370
    -1
  9
$ENDCAPS
280
     0
  9
$JOINSTYLE
280
     0
  9
$LWDISPLAY
290
     0
  9
$INSUNITS
 70
     4
  9
$HYPERLINKBASE
  1

  9
$STYLESHEET
  1
HALFEN - PLOTSTIL.CTB
  9
$XEDIT
290
     1
  9
$CEPSNTYPE
380
     0
  9
$PSTYLEMODE
290
     1
  9
$FINGERPRINTGUID
  2
{9F40BC9C-79DC-4576-AA23-BA0832F73479}
  9
$VERSIONGUID
  2
{BDC61974-60EF-49AE-AD58-0A3604652F49}
  9
$EXTNAMES
290
     1
  9
$PSVPSCALE
 40
0.0
  9
$OLESTARTUP
290
     0
  9
$SORTENTS
280
   127
  9
$INDEXCTL
280
     0
  9
$HIDETEXT
280
     0
  9
$XCLIPFRAME
280
     2
  9
$HALOGAP
280
     0
  9
$OBSCOLOR
 70
   257
  9
$OBSLTYPE
280
     0
  9
$INTERSECTIONDISPLAY
280
     0
  9
$INTERSECTIONCOLOR
 70
   257
  9
$DIMASSOC
280
     1
  9
$PROJECTNAME
  1

  9
$CAMERADISPLAY
290
     0
  9
$LENSLENGTH
 40
50.0
  9
$CAMERAHEIGHT
 40
0.0
  9
$STEPSPERSEC
 40
2.0
  9
$STEPSIZE
 40
6.0
  9
$3DDWFPREC
 40
2.0
  9
$PSOLWIDTH
 40
0.25
  9
$PSOLHEIGHT
 40
4.0
  9
$LOFTANG1
 40
1.570796326794896
  9
$LOFTANG2
 40
1.570796326794896
  9
$LOFTMAG1
 40
0.0
  9
$LOFTMAG2
 40
0.0
  9
$LOFTPARAM
 70
     7
  9
$LOFTNORMALS
280
     1
  9
$LATITUDE
 40
37.795
  9
$LONGITUDE
 40
-122.394
  9
$NORTHDIRECTION
 40
0.0
  9
$TIMEZONE
 70
 -8000
  9
$LIGHTGLYPHDISPLAY
280
     1
  9
$TILEMODELIGHTSYNCH
280
     1
  9
$CMATERIAL
347
81E6
  9
$SOLIDHIST
280
     0
  9
$SHOWHIST
280
     1
  9
$DWFFRAME
280
     2
  9
$DGNFRAME
280
     0
  9
$REALWORLDSCALE
290
     1
  9
$INTERFERECOLOR
 62
     1
  9
$INTERFEREOBJVS
345
81F3
  9
$INTERFEREVPVS
346
888A
  9
$CSHADOW
280
     0
  9
$SHADOWPLANELOCATION
 40
0.0
  0
ENDSEC
  0
SECTION
  2
CLASSES
  0
CLASS
  1
ACDBDICTIONARYWDFLT
  2
AcDbDictionaryWithDefault
  3
ObjectDBX Classes
 90
        0
 91
        1
280
     0
281
     0
  0
CLASS
  1
ACDBPLACEHOLDER
  2
AcDbPlaceHolder
  3
ObjectDBX Classes
 90
        0
 91
        1
280
     0
281
     0
  0
CLASS
  1
LAYOUT
  2
AcDbLayout
  3
ObjectDBX Classes
 90
        0
 91
        3
280
     0
281
     0
  0
CLASS
  1
ACME_DOCUMENT
  2
AcMeDbDoc
  3
AcMeServices
 90
     1024
 91
        1
280
     0
281
     0
  0
CLASS
  1
AMGSETTINGSOBJ
  2
AmgSettingsObj
  3
"AcadM|Product Description: AutoCAD Mechanical|Company: Autodesk, Inc."
 90
     1024
 91
        2
280
     0
281
     0
  0
CLASS
  1
ACMESCOPE
  2
AcMeScope
  3
AcMeServices
 90
     1024
 91
        1
280
     0
281
     0
  0
CLASS
  1
ACMECOMMANDHISTORY
  2
AcMeCommandHistory
  3
AcMeServices
 90
     1024
 91
        1
280
     0
281
     0
  0
CLASS
  1
DICTIONARYVAR
  2
AcDbDictionaryVar
  3
ObjectDBX Classes
 90
        0
 91
       12
280
     0
281
     0
  0
CLASS
  1
ACIMSYSVARMAN
  2
AcImSysVarManager
  3
AcMeServices
 90
     1024
 91
        4
280
     0
281
     0
  0
CLASS
  1
ACIMREALSYSVAR
  2
AcImRealSysVar
  3
AcMeServices
 90
     1024
 91
        0
280
     0
281
     0
  0
CLASS
  1
ACIMINTSYSVAR
  2
AcImIntSysVar
  3
AcMeServices
 90
     1024
 91
        2
280
     0
281
     0
  0
CLASS
  1
ACMEDRAWINGMAN
  2
AcMeDrawingMan
  3
AcMeServices
 90
     1024
 91
        0
280
     0
281
     0
  0
CLASS
  1
ACMEVIEW
  2
AcMeView
  3
AcMeServices
 90
     1024
 91
        0
280
     0
281
     0
  0
CLASS
  1
ACDBENTITYCACHE
  2
AcMeEntityCache
  3
AcMeServices
 90
     1024
 91
        1
280
     0
281
     0
  0
CLASS
  1
GSMANAGER
  2
AcMeGSManager
  3
AcMeServices
 90
     1024
 91
        0
280
     0
281
     0
  0
CLASS
  1
AMDTINTERNALREACTOR
  2
AmdtInternalReactor
  3
AcMeServices
 90
     1024
 91
        0
280
     0
281
     0
  0
CLASS
  1
ACMESTATEMGR
  2
AcMeStateMgr
  3
AcMeServices
 90
     1024
 91
        1
280
     0
281
     0
  0
CLASS
  1
ACME_DATABASE
  2
AcMeDbDatabase
  3
AcMeServices
 90
     1024
 91
        1
280
     0
281
     0
  0
CLASS
  1
ACRFINSADJUSTERMGR
  2
AcRfInsAdjusterMgr
  3
AcMeServices
 90
     1024
 91
        1
280
     0
281
     0
  0
CLASS
  1
ACMDATADICTIONARY
  2
AcmDataDictionary
  3
"AcmSymBB|Product Description: AutoCAD Mechanical|Company: Autodesk, Inc."
 90
     1024
 91
        1
280
     0
281
     0
  0
CLASS
  1
ACMDATAENTRYBLOCK
  2
AcmDataEntryBlock
  3
AcmSymBB|Product Description: AutoCAD Mechanical|Company: Autodesk, Inc.
 90
     1024
 91
        0
280
     0
281
     0
  0
CLASS
  1
AMGOBJPROPCFG
  2
AmgObjPropCfg
  3
"AmgLay|Product Description: AutoCAD Mechanical|Company: Autodesk, Inc."
 90
     1024
 91
        1
280
     0
281
     0
  0
CLASS
  1
ACAMGFILTERDAT
  2
AcAmgFilterDat
  3
"AcadM|Product Description: AutoCAD Mechanical|Company: Autodesk, Inc."
 90
     1024
 91
        0
280
     0
281
     0
  0
CLASS
  1
LAYER_INDEX
  2
AcDbLayerIndex
  3
ObjectDBX Classes
 90
        0
 91
        0
280
     0
281
     0
  0
CLASS
  1
IDBUFFER
  2
AcDbIdBuffer
  3
ObjectDBX Classes
 90
        0
 91
        0
280
     0
281
     0
  0
CLASS
  1
ACIMSTRSYSVAR
  2
AcImStrSysVar
  3
AcMeServices
 90
     1024
 91
        4
280
     0
281
     0
  0
CLASS
  1
ACMSTANDARDISO
  2
AcmStandardISO
  3
"Amdt_StdImp|Product Description: AutoCAD Mechanical|Company: Autodesk, Inc."
 90
     1024
 91
        0
280
     0
281
     0
  0
CLASS
  1
AMDTEDGESTANDARDISO
  2
AmdtEdgeStdISO
  3
"Amdt_StdImp|Product Description: AutoCAD Mechanical|Company: Autodesk, Inc."
 90
     1024
 91
        0
280
     0
281
     0
  0
CLASS
  1
ACMSURFSTANDARDISO
  2
AcmSurfTextStdISO
  3
"Amdt_StdImp|Product Description: AutoCAD Mechanical|Company: Autodesk, Inc."
 90
     1024
 91
        0
280
     0
281
     0
  0
CLASS
  1
ACMFCFSTANDARDISO
  2
AcmFCFStdISO
  3
"Amdt_StdImp|Product Description: AutoCAD Mechanical|Company: Autodesk, Inc."
 90
     1024
 91
        0
280
     0
281
     0
  0
CLASS
  1
ACMWELDSTANDARDISO
  2
AcmWeldingStdISO
  3
"Amdt_StdImp|Product Description: AutoCAD Mechanical|Company: Autodesk, Inc."
 90
     1024
 91
        0
280
     0
281
     0
  0
CLASS
  1
ACMIDSTANDARDISO
  2
AcmIdStdISO
  3
"Amdt_StdImp|Product Description: AutoCAD Mechanical|Company: Autodesk, Inc."
 90
     1024
 91
        0
280
     0
281
     0
  0
CLASS
  1
ACMDATUMSTANDARDISO
  2
AcmDatumStdISO
  3
"Amdt_StdImp|Product Description: AutoCAD Mechanical|Company: Autodesk, Inc."
 90
     1024
 91
        0
280
     0
281
     0
  0
CLASS
  1
ACMBOMSTANDARDISO
  2
AcmBOMStdISO
  3
"Amdt_StdImp|Product Description: AutoCAD Mechanical|Company: Autodesk, Inc."
 90
     1024
 91
        0
280
     0
281
     0
  0
CLASS
  1
AMDTNOTE
  2
AmdtNote
  3
"AcmSymBB|Product Description: AutoCAD Mechanical|Company: Autodesk, Inc."
 90
     1024
 91
        0
280
     0
281
     1
  0
CLASS
  1
STDPART2D
  2
AmgStdPart
  3
AmgStdPart|Product Description: AutoCAD Mechanical|Company: Autodesk, Inc.
 90
     1024
 91
        0
280
     0
281
     1
  0
CLASS
  1
TABLESTYLE
  2
AcDbTableStyle
  3
ObjectDBX Classes
 90
     4095
 91
        1
280
     0
281
     0
  0
CLASS
  1
ACGREFMASTER
  2
AcGrefMaster
  3
AcAttribServices
 90
     1024
 91
        1
280
     0
281
     0
  0
CLASS
  1
AM_DRAWING_MGR
  2
AcDmDwgMgr
  3
AcMechDwgViewMgmt
 90
     1024
 91
        0
280
     0
281
     0
  0
CLASS
  1
AM_DWG_DOCUMENT
  2
AcDmDwgDocument
  3
AcMechDwgViewMgmt
 90
     1024
 91
        0
280
     0
281
     0
  0
CLASS
  1
AM_DWG_SHEET
  2
AcDmSheet
  3
AcMechDwgViewMgmt
 90
     1024
 91
        0
280
     0
281
     0
  0
CLASS
  1
AM_VIEWDIMPARMAP
  2
AcDmViewDimParMap
  3
AcMechDwgViewMgmt
 90
     1024
 91
        0
280
     0
281
     0
  0
CLASS
  1
AM_DWGMGR_NAME
  2
AcDmDwgMgrName
  3
AcMechDwgViewMgmt
 90
     1024
 91
        0
280
     0
281
     0
  0
CLASS
  1
ACGREFACADMASTER
  2
AcGrefacadMaster
  3
AcGrefServices
 90
     1024
 91
        1
280
     0
281
     0
  0
CLASS
  1
AMDTMENUSTATEMGR
  2
AmdtMenuStateMgr
  3
McadcomServices
 90
     1024
 91
        1
280
     0
281
     0
  0
CLASS
  1
AMDTMCOMMENUSTATE
  2
AmdtMcomMenuState
  3
McadcomServices
 90
     1024
 91
        1
280
     0
281
     0
  0
CLASS
  1
AMIMASTER
  2
AmiMaster
  3
AmiServices
 90
     1024
 91
        1
280
     0
281
     0
  0
CLASS
  1
MAPIAMMOUDLE
  2
MApiAmModule
  3
MApiAmServices
 90
     1024
 91
        1
280
     0
281
     0
  0
CLASS
  1
AMDTADMENUSTATE
  2
AmdtAdMenuState
  3
DesignerServices
 90
     1024
 91
        0
280
     0
281
     0
  0
CLASS
  1
ADAPPL
  2
AcAdAppl
  3
DesignerAssemblies
 90
     1024
 91
        0
280
     0
281
     0
  0
CLASS
  1
DEPMGR
  2
AcAdDepMgr
  3
DesignerAssemblies
 90
     1024
 91
        0
280
     0
281
     0
  0
CLASS
  1
PARAMMGR
  2
AcAdParamMgr
  3
DesignerAssemblies
 90
     1024
 91
        0
280
     0
281
     0
  0
CLASS
  1
PARAMSCOPE
  2
AcAdParamScope
  3
DesignerAssemblies
 90
     1024
 91
        0
280
     0
281
     0
  0
CLASS
  1
NAMEDAPPL
  2
AcAdNamedAppl
  3
DesignerAssemblies
 90
     1024
 91
        0
280
     0
281
     0
  0
CLASS
  1
AMDTDMMENUSTATE
  2
AmdtDmMenuState
  3
AcMechDwgViewMgmt
 90
     1024
 91
        0
280
     0
281
     0
  0
CLASS
  1
AMDTAMMENUSTATE
  2
AmdtAmMenuState
  3
DesignerAssemblies
 90
     1024
 91
        1
280
     0
281
     0
  0
CLASS
  1
ACAMPROJECT
  2
AcAmProject
  3
DesignerAssemblies
 90
     1024
 91
        1
280
     0
281
     0
  0
CLASS
  1
ACAMGRCOMPDEF
  2
AcAmGrCompDef
  3
DesignerAssemblies
 90
     1024
 91
        1
280
     0
281
     0
  0
CLASS
  1
ACCMCONTEXT
  2
AcCmContext
  3
DesignerAssemblies
 90
     1024
 91
        0
280
     0
281
     0
  0
CLASS
  1
ACAMCOMPDEF
  2
AcAmCompDef
  3
DesignerAssemblies
 90
     1024
 91
        1
280
     0
281
     0
  0
CLASS
  1
ACAMCOMPDEFMGR
  2
AcAmCompDefMgr
  3
DesignerAssemblies
 90
     1024
 91
        1
280
     0
281
     0
  0
CLASS
  1
AMCONTEXTMGR
  2
AcAmContextMgr
  3
DesignerAssemblies
 90
     1024
 91
        1
280
     0
281
     0
  0
CLASS
  1
ACAMCONTEXTMODELER
  2
AcAmContextModeler
  3
DesignerAssemblies
 90
     1024
 91
        1
280
     0
281
     0
  0
CLASS
  1
ACAMGTITLESTD
  2
AcAmgTitleStd
  3
"AmgTitle|Product Description: AutoCAD Mechanical|Company: Autodesk, Inc."
 90
     1024
 91
        0
280
     0
281
     0
  0
CLASS
  1
ACMDETAILSTANDARDISO
  2
AmdtDetailSymStdISO
  3
"Amdt_StdImp|Product Description: AutoCAD Mechanical|Company: Autodesk, Inc."
 90
     1024
 91
        0
280
     0
281
     0
  0
CLASS
  1
ACMSECTIONSTANDARDISO
  2
AmdtSectionSymStdISO
  3
"Amdt_StdImp|Product Description: AutoCAD Mechanical|Company: Autodesk, Inc."
 90
     1024
 91
        0
280
     0
281
     0
  0
CLASS
  1
ACMCENTERLINESTANDARDISO
  2
AmdtCenterLineStdISO
  3
"Amdt_StdImp|Product Description: AutoCAD Mechanical|Company: Autodesk, Inc."
 90
     1024
 91
        0
280
     0
281
     0
  0
CLASS
  1
ACMTHREADLINESTANDARDISO
  2
AmdtThreadLineStdISO
  3
"Amdt_StdImp|Product Description: AutoCAD Mechanical|Company: Autodesk, Inc."
 90
     1024
 91
        0
280
     0
281
     0
  0
CLASS
  1
ACMNOTESTANDARDISO
  2
AmdtNoteStdISO
  3
"Amdt_StdImp|Product Description: AutoCAD Mechanical|Company: Autodesk, Inc."
 90
     1024
 91
        0
280
     0
281
     0
  0
CLASS
  1
AMDTNOTETEMPLATEDB
  2
AmdtNoteTemplateDB
  3
AcmSymBB|Product Description: AutoCAD Mechanical|Company: Autodesk, Inc.
 90
     1024
 91
        0
280
     0
281
     0
  0
CLASS
  1
ACAMGLAYSTD
  2
AcAmgLayStd
  3
"AmgLay|Product Description: AutoCAD Mechanical|Company: Autodesk, Inc."
 90
     1024
 91
        0
280
     0
281
     0
  0
CLASS
  1
ACAMGDIMSTD
  2
AcAmgDimStd
  3
"AmgDim|Product Description: AutoCAD Mechanical|Company: Autodesk, Inc."
 90
     1024
 91
        0
280
     0
281
     0
  0
CLASS
  1
ACAMGHOLECHARTSTDISO
  2
AcAmgHoleChartStdISO
  3
AmgDim|Product Description: AutoCAD Mechanical|Company: Autodesk, Inc.
 90
     1024
 91
        0
280
     0
281
     0
  0
CLASS
  1
CATALOGSTATE
  2
AcAmCatalogState
  3
DesignerAssemblies
 90
     1024
 91
        0
280
     0
281
     0
  0
CLASS
  1
ACAMGRCOMPDEFSET
  2
AcAmGrCompDefSet
  3
DesignerAssemblies
 90
     1024
 91
        1
280
     0
281
     0
  0
CLASS
  1
AMDTBROWSERDBTAB
  2
AmdtBrowserDbTab
  3
McadcomServices
 90
     1024
 91
        1
280
     0
281
     0
  0
CLASS
  1
CBROWSERAPPOBJECT
  2
CBrowserAppObject
  3
McadcomServices
 90
     1024
 91
        2
280
     0
281
     0
  0
CLASS
  1
DM_PLACEHOLDER
  2
AcDmSelsetPlaceholder
  3
McadcomServices
 90
     1024
 91
        1
280
     0
281
     0
  0
CLASS
  1
PLOTSETTINGS
  2
AcDbPlotSettings
  3
ObjectDBX Classes
 90
        0
 91
        2
280
     0
281
     0
  0
CLASS
  1
ACMSTANDARDANSI
  2
AcmStandardANSI
  3
"Amdt_StdImp|Product Description: AutoCAD Mechanical|Company: Autodesk, Inc."
 90
     1024
 91
        0
280
     0
281
     0
  0
CLASS
  1
ACMSURFSTANDARDANSI
  2
AcmSurfTextStdANSI
  3
"Amdt_StdImp|Product Description: AutoCAD Mechanical|Company: Autodesk, Inc."
 90
     1024
 91
        0
280
     0
281
     0
  0
CLASS
  1
ACMFCFSTANDARDANSI
  2
AcmFCFStdANSI
  3
"Amdt_StdImp|Product Description: AutoCAD Mechanical|Company: Autodesk, Inc."
 90
     1024
 91
        0
280
     0
281
     0
  0
CLASS
  1
ACMWELDSTANDARDANSI
  2
AcmWeldingStdANSI
  3
"Amdt_StdImp|Product Description: AutoCAD Mechanical|Company: Autodesk, Inc."
 90
     1024
 91
        0
280
     0
281
     0
  0
CLASS
  1
ACMIDSTANDARDANSI
  2
AcmIdStdANSI
  3
"Amdt_StdImp|Product Description: AutoCAD Mechanical|Company: Autodesk, Inc."
 90
     1024
 91
        0
280
     0
281
     0
  0
CLASS
  1
ACMDATUMSTANDARDANSI
  2
AcmDatumStdANSI
  3
"Amdt_StdImp|Product Description: AutoCAD Mechanical|Company: Autodesk, Inc."
 90
     1024
 91
        0
280
     0
281
     0
  0
CLASS
  1
ACMBOMSTANDARDANSI
  2
AcmBOMStdANSI
  3
"Amdt_StdImp|Product Description: AutoCAD Mechanical|Company: Autodesk, Inc."
 90
     1024
 91
        0
280
     0
281
     0
  0
CLASS
  1
ACMDETAILSTANDARDANSI
  2
AmdtDetailSymStdANSI
  3
"Amdt_StdImp|Product Description: AutoCAD Mechanical|Company: Autodesk, Inc."
 90
     1024
 91
        0
280
     0
281
     0
  0
CLASS
  1
ACMSECTIONSTANDARDANSI
  2
AmdtSectionSymStdANSI
  3
"Amdt_StdImp|Product Description: AutoCAD Mechanical|Company: Autodesk, Inc."
 90
     1024
 91
        0
280
     0
281
     0
  0
CLASS
  1
ACMCENTERLINESTANDARDANSI
  2
AmdtCenterLineStdANSI
  3
"Amdt_StdImp|Product Description: AutoCAD Mechanical|Company: Autodesk, Inc."
 90
     1024
 91
        0
280
     0
281
     0
  0
CLASS
  1
ACMTHREADLINESTANDARDANSI
  2
AmdtThreadLineStdANSI
  3
"Amdt_StdImp|Product Description: AutoCAD Mechanical|Company: Autodesk, Inc."
 90
     1024
 91
        0
280
     0
281
     0
  0
CLASS
  1
ACMNOTESTANDARDANSI
  2
AmdtNoteStdANSI
  3
"Amdt_StdImp|Product Description: AutoCAD Mechanical|Company: Autodesk, Inc."
 90
     1024
 91
        0
280
     0
281
     0
  0
CLASS
  1
ACAMGHOLECHARTSTDANSI
  2
AcAmgHoleChartStdANSI
  3
AmgDim|Product Description: AutoCAD Mechanical|Company: Autodesk, Inc.
 90
     1024
 91
        0
280
     0
281
     0
  0
CLASS
  1
ACMSTANDARDDIN
  2
AcmStandardDIN
  3
"Amdt_StdImp|Product Description: AutoCAD Mechanical|Company: Autodesk, Inc."
 90
     1024
 91
        0
280
     0
281
     0
  0
CLASS
  1
AMDTEDGESTANDARDDIN13715
  2
AmdtEdgeStdDIN13715
  3
"Amdt_StdImp|Product Description: AutoCAD Mechanical|Company: Autodesk, Inc."
 90
     1024
 91
        0
280
     0
281
     0
  0
CLASS
  1
ACMSURFSTANDARDDIN
  2
AcmSurfTextStdDIN
  3
"Amdt_StdImp|Product Description: AutoCAD Mechanical|Company: Autodesk, Inc."
 90
     1024
 91
        0
280
     0
281
     0
  0
CLASS
  1
ACMFCFSTANDARDDIN
  2
AcmFCFStdDIN
  3
"Amdt_StdImp|Product Description: AutoCAD Mechanical|Company: Autodesk, Inc."
 90
     1024
 91
        0
280
     0
281
     0
  0
CLASS
  1
ACMWELDSTANDARDDIN
  2
AcmWeldingStdDIN
  3
"Amdt_StdImp|Product Description: AutoCAD Mechanical|Company: Autodesk, Inc."
 90
     1024
 91
        0
280
     0
281
     0
  0
CLASS
  1
ACMIDSTANDARDDIN
  2
AcmIdStdDIN
  3
"Amdt_StdImp|Product Description: AutoCAD Mechanical|Company: Autodesk, Inc."
 90
     1024
 91
        0
280
     0
281
     0
  0
CLASS
  1
ACMDATUMSTANDARDDIN
  2
AcmDatumStdDIN
  3
"Amdt_StdImp|Product Description: AutoCAD Mechanical|Company: Autodesk, Inc."
 90
     1024
 91
        0
280
     0
281
     0
  0
CLASS
  1
ACMBOMSTANDARDDIN
  2
AcmBOMStdDIN
  3
"Amdt_StdImp|Product Description: AutoCAD Mechanical|Company: Autodesk, Inc."
 90
     1024
 91
        0
280
     0
281
     0
  0
CLASS
  1
ACMDETAILSTANDARDDIN
  2
AmdtDetailSymStdDIN
  3
"Amdt_StdImp|Product Description: AutoCAD Mechanical|Company: Autodesk, Inc."
 90
     1024
 91
        0
280
     0
281
     0
  0
CLASS
  1
ACMSECTIONSTANDARDDIN
  2
AmdtSectionSymStdDIN
  3
"Amdt_StdImp|Product Description: AutoCAD Mechanical|Company: Autodesk, Inc."
 90
     1024
 91
        0
280
     0
281
     0
  0
CLASS
  1
ACMCENTERLINESTANDARDDIN
  2
AmdtCenterLineStdDIN
  3
"Amdt_StdImp|Product Description: AutoCAD Mechanical|Company: Autodesk, Inc."
 90
     1024
 91
        0
280
     0
281
     0
  0
CLASS
  1
ACMTHREADLINESTANDARDDIN
  2
AmdtThreadLineStdDIN
  3
"Amdt_StdImp|Product Description: AutoCAD Mechanical|Company: Autodesk, Inc."
 90
     1024
 91
        0
280
     0
281
     0
  0
CLASS
  1
ACMNOTESTANDARDDIN
  2
AmdtNoteStdDIN
  3
"Amdt_StdImp|Product Description: AutoCAD Mechanical|Company: Autodesk, Inc."
 90
     1024
 91
        0
280
     0
281
     0
  0
CLASS
  1
ACAMGHOLECHARTSTDDIN
  2
AcAmgHoleChartStdDIN
  3
AmgDim|Product Description: AutoCAD Mechanical|Company: Autodesk, Inc.
 90
     1024
 91
        0
280
     0
281
     0
  0
CLASS
  1
SORTENTSTABLE
  2
AcDbSortentsTable
  3
ObjectDBX Classes
 90
        0
 91
        1
280
     0
281
     0
  0
CLASS
  1
ACAMSTDPCOMPDEF
  2
AcAmStdpCompDef
  3
DesignerAssemblies
 90
     1024
 91
        0
280
     0
281
     0
  0
CLASS
  1
ACRFATTGENMGR
  2
AcRfAttGeneralMgr
  3
AcAttribServices
 90
     1024
 91
        0
280
     0
281
     0
  0
CLASS
  1
ACRFOBJATTMGR
  2
AcRfObjAttGroupMgr
  3
AcAttribServices
 90
     1024
 91
        0
280
     0
281
     0
  0
CLASS
  1
ACRFMCADAPIATTHOLDER
  2
AcRfMCADAPIAttHolder
  3
AcAttribServices
 90
     1024
 91
        0
280
     0
281
     0
  0
CLASS
  1
AMDTSYSATTR
  2
AmdtSystemAttribute
  3
AcAttribServices
 90
     1024
 91
        0
280
     0
281
     0
  0
CLASS
  1
ACAMCOMP
  2
AcAmComp
  3
DesignerAssemblies
 90
     1024
 91
        0
280
     0
281
     0
  0
CLASS
  1
AC_AM_STDP_VIEW_DEF
  2
AcAmStdpViewDef
  3
DesignerAssemblies
 90
     1024
 91
        0
280
     0
281
     0
  0
CLASS
  1
AC_AM_MVD_DEP_MGR
  2
AcAmMVDdepMgr
  3
DesignerAssemblies
 90
     1024
 91
        0
280
     0
281
     0
  0
CLASS
  1
AC_AM_MASTER_VIEW_DEF
  2
AcAmMasterViewDef
  3
DesignerAssemblies
 90
     1024
 91
        0
280
     0
281
     0
  0
CLASS
  1
AC_AM_DIRTY_NODES
  2
AcAmDirtyNodes
  3
DesignerAssemblies
 90
     1024
 91
        0
280
     0
281
     0
  0
CLASS
  1
AC_AM_MAPPER_CACHE
  2
AcAmMapperCache
  3
DesignerAssemblies
 90
     1024
 91
        0
280
     0
281
     0
  0
CLASS
  1
ACAMMVDBACKUPOBJECT
  2
AcAmMVDBackupObject
  3
DesignerAssemblies
 90
     1024
 91
        0
280
     0
281
     0
  0
CLASS
  1
AC_AM_COMP_VIEW_INST
  2
AcAmCompView
  3
DesignerAssemblies
 90
     1024
 91
        0
280
     0
281
     0
  0
CLASS
  1
AC_AM_2D_XREF_MGR
  2
AcAmXrefMgr2d
  3
DesignerAssemblies
 90
     1024
 91
        0
280
     0
281
     0
  0
CLASS
  1
AC_AM_PROPS_OVERRIDE
  2
AcAmPropertiesOverride
  3
DesignerAssemblies
 90
     1024
 91
        0
280
     0
281
     0
  0
CLASS
  1
AC_AM_OVERRIDE_FILTER
  2
AcAmOverrideFilter
  3
DesignerAssemblies
 90
     1024
 91
        0
280
     0
281
     0
  0
CLASS
  1
AC_AM_TRANSFORM_GHOST
  2
AcDbTransformGhost
  3
DesignerAssemblies
 90
     1024
 91
        0
280
     0
281
     1
  0
CLASS
  1
MATERIAL
  2
AcDbMaterial
  3
ObjectDBX Classes
 90
     1153
 91
        3
280
     0
281
     0
  0
CLASS
  1
VISUALSTYLE
  2
AcDbVisualStyle
  3
ObjectDBX Classes
 90
     4095
 91
       26
280
     0
281
     0
  0
CLASS
  1
SCALE
  2
AcDbScale
  3
ObjectDBX Classes
 90
     1153
 91
       33
280
     0
281
     0
  0
CLASS
  1
MLEADERSTYLE
  2
AcDbMLeaderStyle
  3
ACDB_MLEADERSTYLE_CLASS
 90
     4095
 91
        1
280
     0
281
     0
  0
CLASS
  1
ACMTAPERSTANDARDISO
  2
AcmTaperStdISO
  3
"Amdt_StdImp|Product Description: AutoCAD Mechanical|Company: Autodesk, Inc."
 90
     1024
 91
        0
280
     0
281
     0
  0
CLASS
  1
ACMANOOTATIONVIEWSTANDARDISO
  2
AmdtAnViewStdISO
  3
"Amdt_StdImp|Product Description: AutoCAD Mechanical|Company: Autodesk, Inc."
 90
     1024
 91
        0
280
     0
281
     0
  0
CLASS
  1
ACMTAPERSTANDARDANSI
  2
AcmTaperStdANSI
  3
"Amdt_StdImp|Product Description: AutoCAD Mechanical|Company: Autodesk, Inc."
 90
     1024
 91
        0
280
     0
281
     0
  0
CLASS
  1
ACMANOOTATIONVIEWSTANDARDANSI
  2
AmdtAnViewStdANSI
  3
"Amdt_StdImp|Product Description: AutoCAD Mechanical|Company: Autodesk, Inc."
 90
     1024
 91
        0
280
     0
281
     0
  0
CLASS
  1
ACMTAPERSTANDARDDIN
  2
AcmTaperStdDIN
  3
"Amdt_StdImp|Product Description: AutoCAD Mechanical|Company: Autodesk, Inc."
 90
     1024
 91
        0
280
     0
281
     0
  0
CLASS
  1
ACMANOOTATIONVIEWSTANDARDDIN
  2
AmdtAnViewStdDIN
  3
"Amdt_StdImp|Product Description: AutoCAD Mechanical|Company: Autodesk, Inc."
 90
     1024
 91
        0
280
     0
281
     0
  0
CLASS
  1
CELLSTYLEMAP
  2
AcDbCellStyleMap
  3
ObjectDBX Classes
 90
     1152
 91
        2
280
     0
281
     0
  0
CLASS
  1
ACMSURFSTANDARDDIN2002
  2
AcmSurfTextStdDIN2002
  3
"Amdt_StdImp|Product Description: AutoCAD Mechanical|Company: Autodesk, Inc."
 90
     1024
 91
        0
280
     0
281
     0
  0
CLASS
  1
ACDBSECTIONVIEWSTYLE
  2
AcDbSectionViewStyle
  3
ObjectDBX Classes
 90
     1025
 91
        1
280
     0
281
     0
  0
CLASS
  1
ACDBDETAILVIEWSTYLE
  2
AcDbDetailViewStyle
  3
ObjectDBX Classes
 90
     1025
 91
        1
280
     0
281
     0
  0
ENDSEC
  0
SECTION
  2
TABLES
  0
TABLE
  2
VPORT
  5
8
102
{ACAD_XDICTIONARY
360
8202
102
}
330
0
100
AcDbSymbolTable
 70
     1
  0
VPORT
  5
8260
330
8
100
AcDbSymbolTableRecord
100
AcDbViewportTableRecord
  2
*Active
 70
     0
 10
0.0
 20
0.0
 11
1.0
 21
1.0
 12
2647.523281502596
 22
188.5995837925942
 13
0.0
 23
0.0
 14
10.0
 24
10.0
 15
10.0
 25
10.0
 16
0.0
 26
0.0
 36
1.0
 17
0.0
 27
0.0
 37
0.0
 40
1348.669835406822
 41
2.037960954446854
 42
50.0
 43
0.0
 44
0.0
 50
0.0
 51
0.0
 71
     0
 72
   100
 73
     1
 74
     2
 75
     0
 76
     0
 77
     0
 78
     0
281
     0
 65
     0
110
-383.022981508824
120
-1939.285876251548
130
0.0
111
1.0
121
0.0
131
0.0
112
0.0
122
1.0
132
0.0
 79
     0
146
0.0
348
81EF
 60
     3
 61
     5
292
     1
282
     1
141
0.0
142
0.0
 63
   250
421
  3355443
1001
ACAD_NAV_VCDISPLAY
1070
     3
  0
ENDTAB
  0
TABLE
  2
LTYPE
  5
5
330
0
100
AcDbSymbolTable
 70
    12
  0
LTYPE
  5
14
330
5
100
AcDbSymbolTableRecord
100
AcDbLinetypeTableRecord
  2
ByBlock
 70
     0
  3

 72
    65
 73
     0
 40
0.0
  0
LTYPE
  5
15
330
5
100
AcDbSymbolTableRecord
100
AcDbLinetypeTableRecord
  2
ByLayer
 70
     0
  3

 72
    65
 73
     0
 40
0.0
  0
LTYPE
  5
16
330
5
100
AcDbSymbolTableRecord
100
AcDbLinetypeTableRecord
  2
Continuous
 70
     0
  3
Solid line
 72
    65
 73
     0
 40
0.0
  0
LTYPE
  5
86CD
330
5
100
AcDbSymbolTableRecord
100
AcDbLinetypeTableRecord
  2
STRICHPUNKT2
 70
     0
  3
Strichpunkt (.5x) _._._._._._._._._._._._._._._
 72
    65
 73
     4
 40
0.5
 49
0.25
 74
     0
 49
-0.125
 74
     0
 49
0.0
 74
     0
 49
-0.125
 74
     0
  0
LTYPE
  5
88BD
330
5
100
AcDbSymbolTableRecord
100
AcDbLinetypeTableRecord
  2
HIDDEN
 70
     0
  3
Hidden __ __ __ __ __ __ __ __ __ __ __ __ __ __
 72
    65
 73
     2
 40
9.525
 49
6.349999999999999
 74
     0
 49
-3.174999999999999
 74
     0
  0
LTYPE
  5
88BE
330
5
100
AcDbSymbolTableRecord
100
AcDbLinetypeTableRecord
  2
PHANTOM2
 70
     0
  3
Phantom (.5x) ___ _ _ ___ _ _ ___ _ _ ___ _ _
 72
    65
 73
     6
 40
31.75
 49
15.875
 74
     0
 49
-3.174999999999999
 74
     0
 49
3.174999999999999
 74
     0
 49
-3.174999999999999
 74
     0
 49
3.174999999999999
 74
     0
 49
-3.174999999999999
 74
     0
  0
LTYPE
  5
88BF
330
5
100
AcDbSymbolTableRecord
100
AcDbLinetypeTableRecord
  2
CENTER
 70
     0
  3
Center ____ _ ____ _ ____ _ ____ _ ____ _ ____
 72
    65
 73
     4
 40
50.8
 49
31.75
 74
     0
 49
-6.349999999999999
 74
     0
 49
6.349999999999999
 74
     0
 49
-6.349999999999999
 74
     0
  0
LTYPE
  5
88E0
330
5
100
AcDbSymbolTableRecord
100
AcDbLinetypeTableRecord
  2
AM_ISO02W050
 70
     0
  3
__ __ __ __ __ __ __ __ __ __ __ __ __ __ __
 72
    65
 73
     2
 40
7.5
 49
6.0
 74
     0
 49
-1.5
 74
     0
  0
LTYPE
  5
88E1
330
5
100
AcDbSymbolTableRecord
100
AcDbLinetypeTableRecord
  2
AM_ISO08W050
 70
     0
  3
____ . ____ . ____ . ____ . ____ . ____ . ____
 72
    65
 73
     4
 40
18.0
 49
12.0
 74
     0
 49
-1.5
 74
     0
 49
3.0
 74
     0
 49
-1.5
 74
     0
  0
LTYPE
  5
88E2
330
5
100
AcDbSymbolTableRecord
100
AcDbLinetypeTableRecord
  2
AM_ISO09W050
 70
     0
  3
_____ . . _____ . . _____ . . ____ .. ____
 72
    65
 73
     6
 40
22.5
 49
12.0
 74
     0
 49
-1.5
 74
     0
 49
3.0
 74
     0
 49
-1.5
 74
     0
 49
3.0
 74
     0
 49
-1.5
 74
     0
  0
LTYPE
  5
88E3
330
5
100
AcDbSymbolTableRecord
100
AcDbLinetypeTableRecord
  2
Amconstr
 70
     0
  3
_______________________
 72
    65
 73
     2
 40
9999.0
 49
9999.0
 74
     0
 49
0.0
 74
     0
  0
LTYPE
  5
88E4
330
5
100
AcDbSymbolTableRecord
100
AcDbLinetypeTableRecord
  2
AM_ISO08W050x2
 70
     0
  3
__ . __ . __ . __ . __ . __
 72
    65
 73
     4
 40
9.0
 49
6.0
 74
     0
 49
-0.75
 74
     0
 49
1.5
 74
     0
 49
-0.75
 74
     0
  0
LTYPE
  5
88E5
330
5
100
AcDbSymbolTableRecord
100
AcDbLinetypeTableRecord
  2
AM_ISO02W050x2
 70
     0
  3
 _ _ _ _ _ _ _ _ _ _ _ _
 72
    65
 73
     2
 40
3.75
 49
3.0
 74
     0
 49
-0.75
 74
     0
  0
LTYPE
  5
88E8
330
5
100
AcDbSymbolTableRecord
100
AcDbLinetypeTableRecord
  2
Amzigzag
 70
     0
  3
/\/-/\/-/\/-/\/-/\/-/\/
 72
    65
 73
     2
 40
11.0001
 49
0.0001
 74
     4
 75
   136
340
88E7
 46
0.04
 50
0.0
 44
0.0
 45
0.0
 49
-11.0
 74
     0
  0
ENDTAB
  0
TABLE
  2
LAYER
  5
2
102
{ACAD_XDICTIONARY
360
115C
102
}
330
0
100
AcDbSymbolTable
 70
     3
  0
LAYER
  5
10
102
{ACAD_XDICTIONARY
360
82AF
102
}
330
2
100
AcDbSymbolTableRecord
100
AcDbLayerTableRecord
  2
0
 70
     0
 62
     7
  6
Continuous
370
    -3
390
F
347
81E8
348
0
  0
LAYER
  5
79
330
2
100
AcDbSymbolTableRecord
100
AcDbLayerTableRecord
  2
Defpoints
 70
     0
 62
     7
  6
Continuous
290
     0
370
    -3
390
F
347
81E8
348
0
  0
LAYER
  5
830E
330
2
100
AcDbSymbolTableRecord
100
AcDbLayerTableRecord
  2
HALFEN
 70
     0
 62
     2
  6
Continuous
370
    -3
390
F
347
81E8
348
0
  0
ENDTAB
  0
TABLE
  2
STYLE
  5
3
330
0
100
AcDbSymbolTable
 70
     3
  0
STYLE
  5
11
330
3
100
AcDbSymbolTableRecord
100
AcDbTextStyleTableRecord
  2
Standard
 70
     0
 40
0.0
 41
1.0
 50
0.0
 71
     0
 42
100.0
  3
ARIAL.TTF
  4

1001
ACAD
1000
Arial
1071
       34
  0
STYLE
  5
F9E
330
3
100
AcDbSymbolTableRecord
100
AcDbTextStyleTableRecord
  2
ARIAL50
 70
     0
 40
5.0
 41
1.0
 50
0.0
 71
     0
 42
3.5
  3
ARIAL.TTF
  4

1001
ACAD
1000
Arial
1071
       34
  0
STYLE
  5
88E7
330
3
100
AcDbSymbolTableRecord
100
AcDbTextStyleTableRecord
  2

 70
     1
 40
0.0
 41
1.0
 50
0.0
 71
     0
 42
100.0
  3
genltshp.shx
  4

  0
ENDTAB
  0
TABLE
  2
VIEW
  5
6
330
0
100
AcDbSymbolTable
 70
     0
  0
ENDTAB
  0
TABLE
  2
UCS
  5
7
330
0
100
AcDbSymbolTable
 70
     0
  0
ENDTAB
  0
TABLE
  2
APPID
  5
9
330
0
100
AcDbSymbolTable
 70
    50
  0
APPID
  5
12
330
9
100
AcDbSymbolTableRecord
100
AcDbRegAppTableRecord
  2
ACAD
 70
     0
  0
APPID
  5
51
330
9
100
AcDbSymbolTableRecord
100
AcDbRegAppTableRecord
  2
MCAD_NO_VIS
 70
     0
  0
APPID
  5
52
330
9
100
AcDbSymbolTableRecord
100
AcDbRegAppTableRecord
  2
ACAD_TEMP_GRAPHIC
 70
     0
  0
APPID
  5
CD
330
9
100
AcDbSymbolTableRecord
100
AcDbRegAppTableRecord
  2
GENIUS_GENDTOL_13
 70
     0
  0
APPID
  5
230
330
9
100
AcDbSymbolTableRecord
100
AcDbRegAppTableRecord
  2
GENIUS_GENODEF_13
 70
     0
  0
APPID
  5
231
330
9
100
AcDbSymbolTableRecord
100
AcDbRegAppTableRecord
  2
GENIUS_GENOBJ-N-CRS_13
 70
     0
  0
APPID
  5
232
330
9
100
AcDbSymbolTableRecord
100
AcDbRegAppTableRecord
  2
GENIUS_GENOENT_13
 70
     0
  0
APPID
  5
233
330
9
100
AcDbSymbolTableRecord
100
AcDbRegAppTableRecord
  2
GENIUS_GENOREF_13
 70
     0
  0
APPID
  5
234
330
9
100
AcDbSymbolTableRecord
100
AcDbRegAppTableRecord
  2
GENIUS_GENOLIS_13
 70
     0
  0
APPID
  5
2F2
330
9
100
AcDbSymbolTableRecord
100
AcDbRegAppTableRecord
  2
GENIUS_GEFWELD_13
 70
     0
  0
APPID
  5
2F4
330
9
100
AcDbSymbolTableRecord
100
AcDbRegAppTableRecord
  2
GENIUS_GENOBJ-F-WELS_13
 70
     0
  0
APPID
  5
648
330
9
100
AcDbSymbolTableRecord
100
AcDbRegAppTableRecord
  2
GENIUS_GENOBJ-N-CEN_13
 70
     0
  0
APPID
  5
6D4
330
9
100
AcDbSymbolTableRecord
100
AcDbRegAppTableRecord
  2
GENIUS_GENOBJ-N-CRC_13
 70
     0
  0
APPID
  5
6D5
330
9
100
AcDbSymbolTableRecord
100
AcDbRegAppTableRecord
  2
GENIUS_GENCRC_14
 70
     0
  0
APPID
  5
70D
330
9
100
AcDbSymbolTableRecord
100
AcDbRegAppTableRecord
  2
GEVID1024035136
 70
     0
  0
APPID
  5
70E
330
9
100
AcDbSymbolTableRecord
100
AcDbRegAppTableRecord
  2
GEVDC
 70
     0
  0
APPID
  5
70F
330
9
100
AcDbSymbolTableRecord
100
AcDbRegAppTableRecord
  2
GEVRADREF
 70
     0
  0
APPID
  5
713
330
9
100
AcDbSymbolTableRecord
100
AcDbRegAppTableRecord
  2
GENIUS_GENBH_13
 70
     0
  0
APPID
  5
715
330
9
100
AcDbSymbolTableRecord
100
AcDbRegAppTableRecord
  2
GENIUS_GENOBJ-NBEHI-BHF_13
 70
     0
  0
APPID
  5
717
330
9
100
AcDbSymbolTableRecord
100
AcDbRegAppTableRecord
  2
GENIUS_GENOBJ-NBEHI-BHB_13
 70
     0
  0
APPID
  5
844
330
9
100
AcDbSymbolTableRecord
100
AcDbRegAppTableRecord
  2
AD_DRAW
 70
     0
  0
APPID
  5
847
330
9
100
AcDbSymbolTableRecord
100
AcDbRegAppTableRecord
  2
ACATTRIBSERVICES
 70
     0
  0
APPID
  5
865
330
9
100
AcDbSymbolTableRecord
100
AcDbRegAppTableRecord
  2
DESIGNERASSEMBLIES
 70
     0
  0
APPID
  5
878
330
9
100
AcDbSymbolTableRecord
100
AcDbRegAppTableRecord
  2
ACADM_DIM_EDIT
 70
     0
  0
APPID
  5
879
330
9
100
AcDbSymbolTableRecord
100
AcDbRegAppTableRecord
  2
AMDT_DM_ADJ
 70
     0
  0
APPID
  5
87F
330
9
100
AcDbSymbolTableRecord
100
AcDbRegAppTableRecord
  2
ACAD_DSTYLE_DIMTEXT_FILL
 70
     0
  0
APPID
  5
924
330
9
100
AcDbSymbolTableRecord
100
AcDbRegAppTableRecord
  2
GENIUS_GENDIMSH_14
 70
     0
  0
APPID
  5
975
330
9
100
AcDbSymbolTableRecord
100
AcDbRegAppTableRecord
  2
ACAD_PSEXT
 70
     0
  0
APPID
  5
115B
330
9
100
AcDbSymbolTableRecord
100
AcDbRegAppTableRecord
  2
AcAecLayerStandard
 70
     0
  0
APPID
  5
17C5
330
9
100
AcDbSymbolTableRecord
100
AcDbRegAppTableRecord
  2
GENIUS_GENREC_14
 70
     0
  0
APPID
  5
17C6
330
9
100
AcDbSymbolTableRecord
100
AcDbRegAppTableRecord
  2
GENIUS_GENOBJ-N-REC_13
 70
     0
  0
APPID
  5
30F3
330
9
100
AcDbSymbolTableRecord
100
AcDbRegAppTableRecord
  2
GENIUS_GENOBJ-N-FIL_13
 70
     0
  0
APPID
  5
3DCB
330
9
100
AcDbSymbolTableRecord
100
AcDbRegAppTableRecord
  2
GEVID1155112867
 70
     0
  0
APPID
  5
3DCC
330
9
100
AcDbSymbolTableRecord
100
AcDbRegAppTableRecord
  2
GEVMK
 70
     0
  0
APPID
  5
3DE5
330
9
100
AcDbSymbolTableRecord
100
AcDbRegAppTableRecord
  2
AMG_2DHIDE
 70
     0
  0
APPID
  5
3DE6
330
9
100
AcDbSymbolTableRecord
100
AcDbRegAppTableRecord
  2
AMG_2DSTRUCT_BTR
 70
     0
  0
APPID
  5
3DF7
330
9
100
AcDbSymbolTableRecord
100
AcDbRegAppTableRecord
  2
ACADM_2DVIEW_IGN_NOTIFY
 70
     0
  0
APPID
  5
664A
330
9
100
AcDbSymbolTableRecord
100
AcDbRegAppTableRecord
  2
GEVID1193061521
 70
     0
  0
APPID
  5
6AE4
330
9
100
AcDbSymbolTableRecord
100
AcDbRegAppTableRecord
  2
GEVID1193124671
 70
     0
  0
APPID
  5
81BA
330
9
100
AcDbSymbolTableRecord
100
AcDbRegAppTableRecord
  2
GENIUS_GENFIL_13
 70
     0
  0
APPID
  5
81BB
330
9
100
AcDbSymbolTableRecord
100
AcDbRegAppTableRecord
  2
GENIUS_GENOBJ-N-CHA_13
 70
     0
  0
APPID
  5
8286
330
9
100
AcDbSymbolTableRecord
100
AcDbRegAppTableRecord
  2
ACAD_MLEADERVER
 70
     0
  0
APPID
  5
831A
330
9
100
AcDbSymbolTableRecord
100
AcDbRegAppTableRecord
  2
ACLAYERTOOLS
 70
     0
  0
APPID
  5
8363
330
9
100
AcDbSymbolTableRecord
100
AcDbRegAppTableRecord
  2
ACAD_EXEMPT_FROM_CAD_STANDARDS
 70
     0
  0
APPID
  5
8402
330
9
100
AcDbSymbolTableRecord
100
AcDbRegAppTableRecord
  2
ACAD_DSTYLE_DIMINSPECT
 70
     0
  0
APPID
  5
8743
330
9
100
AcDbSymbolTableRecord
100
AcDbRegAppTableRecord
  2
ACAD_DSTYLE_DIMJOGGED_JOGANGLE_SYMBOL
 70
     0
  0
APPID
  5
8744
330
9
100
AcDbSymbolTableRecord
100
AcDbRegAppTableRecord
  2
ACAD_DSTYLE_DIM_LINETYPE
 70
     0
  0
APPID
  5
8745
330
9
100
AcDbSymbolTableRecord
100
AcDbRegAppTableRecord
  2
ACAD_DSTYLE_DIM_EXT1_LINETYPE
 70
     0
  0
APPID
  5
8746
330
9
100
AcDbSymbolTableRecord
100
AcDbRegAppTableRecord
  2
ACAD_DSTYLE_DIM_EXT2_LINETYPE
 70
     0
  0
APPID
  5
88A9
330
9
100
AcDbSymbolTableRecord
100
AcDbRegAppTableRecord
  2
ACAD_NAV_VCDISPLAY
 70
     0
  0
ENDTAB
  0
TABLE
  2
DIMSTYLE
  5
A
330
0
100
AcDbSymbolTable
 70
     2
100
AcDbDimStyleTable
 71
     1
340
86B5
  0
DIMSTYLE
105
FA2
330
A
100
AcDbSymbolTableRecord
100
AcDbDimStyleTableRecord
  2
STANDARD
 70
     0
340
11
  0
DIMSTYLE
105
86B5
330
A
100
AcDbSymbolTableRecord
100
AcDbDimStyleTableRecord
  2
AM_DIN
 70
     0
  4
"
 41
3.5
 42
1.0
 43
10.0
 44
1.0
 47
0.1
 48
0.1
 50
90.0
 73
     0
 74
     0
 77
     1
 78
     8
 79
     2
140
3.5
141
0.0
143
0.0393701
146
0.71
147
1.5
172
     1
176
   256
177
   256
178
     2
271
     2
272
     3
274
     4
283
     0
284
     8
340
11
345
14
346
14
347
14
371
    -1
372
    -1
1001
ACAD_DSTYLE_DIMJOGGED_JOGANGLE_SYMBOL
1070
   384
1040
1.570796326794896
  0
ENDTAB
  0
TABLE
  2
BLOCK_RECORD
  5
1
330
0
100
AcDbSymbolTable
 70
     2
  0
BLOCK_RECORD
  5
1F
102
{ACAD_XDICTIONARY
360
1BF
102
}
330
1
100
AcDbSymbolTableRecord
100
AcDbBlockTableRecord
  2
*Model_Space
340
22
 70
     0
280
     1
281
     0
  0
BLOCK_RECORD
  5
1B
330
1
100
AcDbSymbolTableRecord
100
AcDbBlockTableRecord
  2
*Paper_Space
340
1E
 70
     0
280
     1
281
     0
  0
BLOCK_RECORD
  5
23
330
1
100
AcDbSymbolTableRecord
100
AcDbBlockTableRecord
  2
*Paper_Space0
340
26
 70
     0
280
     1
281
     0
  0
ENDTAB
  0
ENDSEC
  0
SECTION
  2
BLOCKS
  0
BLOCK
  5
20
330
1F
100
AcDbEntity
  8
0
100
AcDbBlockBegin
  2
*Model_Space
 70
     0
 10
0.0
 20
0.0
 30
0.0
  3
*Model_Space
  1

  0
ENDBLK
  5
21
330
1F
100
AcDbEntity
  8
0
100
AcDbBlockEnd
  0
BLOCK
  5
1C
330
1B
100
AcDbEntity
 67
     1
  8
0
100
AcDbBlockBegin
  2
*Paper_Space
 70
     0
 10
0.0
 20
0.0
 30
0.0
  3
*Paper_Space
  1

  0
ENDBLK
  5
1D
330
1B
100
AcDbEntity
 67
     1
  8
0
100
AcDbBlockEnd
  0
BLOCK
  5
24
330
23
100
AcDbEntity
 67
     1
  8
0
100
AcDbBlockBegin
  2
*Paper_Space0
 70
     0
 10
0.0
 20
0.0
 30
0.0
  3
*Paper_Space0
  1

  0
ENDBLK
  5
25
330
23
100
AcDbEntity
 67
     1
  8
0
100
AcDbBlockEnd
  0
ENDSEC
  0
SECTION
  2
ENTITIES
  0
LINE
  5
4419
330
1F
100
AcDbEntity
  8
HALFEN
100
AcDbLine
 10
2307.120052465052
 20
792.5410497531994
 30
0.0
 11
2477.123167259986
 21
792.5410497531994
 31
0.0
  0
LINE
  5
441A
330
1F
100
AcDbEntity
  8
HALFEN
100
AcDbLine
 10
2307.120052465052
 20
802.5410497531995
 30
0.0
 11
2477.704529018532
 21
802.5410497531995
 31
0.0
  0
LINE
  5
441B
330
1F
100
AcDbEntity
  8
HALFEN
100
AcDbLine
 10
2307.120052465052
 20
820.5410497532001
 30
0.0
 11
2477.704529018532
 21
820.5410497532001
 31
0.0
  0
TEXT
  5
441C
330
1F
100
AcDbEntity
  8
HALFEN
100
AcDbText
 10
2357.084738797667
 20
813.0410497531993
 30
0.0
 40
5.0
  1
Halfen Body - Anker BA 1312 - 1 -  A4
  7
ARIAL50
100
AcDbText
  0
TEXT
  5
441D
330
1F
100
AcDbEntity
  8
HALFEN
100
AcDbText
 10
2312.120052465052
 20
813.0410497531993
 30
0.0
 40
5.0
  1
Benennung
  7
ARIAL50
100
AcDbText
  0
TEXT
  5
441E
330
1F
100
AcDbEntity
  8
HALFEN
100
AcDbText
 10
2312.120052465052
 20
795.0410497531994
 30
0.0
 40
5.0
  1
Bestell-Nr.
  7
ARIAL50
100
AcDbText
  0
LINE
  5
441F
330
1F
100
AcDbEntity
  8
HALFEN
100
AcDbLine
 10
2307.120052465052
 20
792.5410497531994
 30
0.0
 11
2307.120052465052
 21
820.5410497532001
 31
0.0
  0
LINE
  5
4420
330
1F
100
AcDbEntity
  8
HALFEN
100
AcDbLine
 10
2352.084738797667
 20
792.5410497531994
 30
0.0
 11
2352.084738797667
 21
820.5410497532001
 31
0.0
  0
TEXT
  5
4421
330
1F
100
AcDbEntity
  8
HALFEN
100
AcDbText
 10
2357.084738797667
 20
795.0410497531994
 30
0.0
 40
5.0
  1
0754.010 - 00011
  7
ARIAL50
100
AcDbText
  0
LINE
  5
4422
330
1F
100
AcDbEntity
  8
HALFEN
100
AcDbLine
 10
2477.704529018532
 20
792.5410497531994
 30
0.0
 11
2477.704529018532
 21
820.5410497532001
 31
0.0
  0
LINE
  5
4423
330
1F
100
AcDbEntity
  8
HALFEN
100
AcDbLine
 10
2233.451799997177
 20
692.8019683466837
 30
0.0
 11
2233.451799997177
 21
776.8019683466838
 31
0.0
1001
ACAD
1000
ASC_BOUNDS
1002
{
1070
    19
1005
0
1005
0
1005
0
1005
0
1005
0
1005
0
1005
0
1005
0
1005
0
1002
}
  0
LINE
  5
4424
330
1F
100
AcDbEntity
  8
HALFEN
100
AcDbLine
 10
2193.451799997177
 20
691.8019683466837
 30
0.0
 11
2227.451799997178
 21
776.8019683466838
 31
0.0
  0
LINE
  5
4425
330
1F
100
AcDbEntity
  8
HALFEN
100
AcDbLine
 10
2230.023979646015
 20
623.617187463882
 30
0.0
 11
2193.451799997177
 21
625.379073202628
 31
0.0
  0
LINE
  5
4426
330
1F
100
AcDbEntity
  8
HALFEN
100
AcDbLine
 10
2230.120219177801
 20
625.6148706100597
 30
0.0
 11
2193.548039528963
 21
627.3767563488056
 31
0.0
  0
LINE
  5
4427
330
1F
100
AcDbEntity
  8
HALFEN
100
AcDbLine
 10
2230.120219177801
 20
600.6229795984382
 30
0.0
 11
2193.548039528963
 21
598.8610938596922
 31
0.0
  0
LINE
  5
4428
330
1F
100
AcDbEntity
  8
HALFEN
100
AcDbLine
 10
2230.023979646015
 20
602.6206627446157
 30
0.0
 11
2193.451799997177
 21
600.8587770058698
 31
0.0
  0
ARC
  5
4429
330
1F
100
AcDbEntity
  8
HALFEN
100
AcDbCircle
 10
2186.694810305534
 20
607.1189251042492
 30
0.0
 40
13.55700550869242
100
AcDbArc
 50
333.7316689015461
 51
26.26833109845102
  0
ARC
  5
442A
330
1F
100
AcDbEntity
  8
HALFEN
100
AcDbCircle
 10
2201.00878968882
 20
607.1189251042492
 30
0.0
 40
13.55700550869242
100
AcDbArc
 50
153.7316689015489
 51
206.268331098454
  0
LINE
  5
442B
330
1F
100
AcDbEntity
  8
HALFEN
100
AcDbLine
 10
2198.851799997177
 20
601.1189251042488
 30
0.0
 11
2188.851799997177
 21
601.1189251042488
 31
0.0
  0
LINE
  5
442C
330
1F
100
AcDbEntity
  8
HALFEN
100
AcDbLine
 10
2193.451799997177
 20
600.8587770058698
 30
0.0
 11
2193.548039528963
 21
598.8610938596922
 31
0.0
  0
LINE
  5
442E
330
1F
100
AcDbEntity
  8
HALFEN
100
AcDbLine
 10
2198.851799997177
 20
625.1189251042489
 30
0.0
 11
2188.851799997177
 21
625.118925104249
 31
0.0
  0
LINE
  5
442F
330
1F
100
AcDbEntity
  8
HALFEN
100
AcDbLine
 10
2198.851799997177
 20
613.1189251042489
 30
0.0
 11
2188.851799997177
 21
613.1189251042489
 31
0.0
  0
LINE
  5
4430
330
1F
100
AcDbEntity
  8
HALFEN
100
AcDbLine
 10
2187.451799997177
 20
619.1396341216187
 30
0.0
 11
2187.451799997177
 21
607.0982160869065
 31
0.0
  0
ARC
  5
4431
330
1F
100
AcDbEntity
  8
HALFEN
100
AcDbCircle
 10
2201.00878968882
 20
619.118925104249
 30
0.0
 40
13.55700550869242
100
AcDbArc
 50
153.731668901546
 51
206.268331098451
  0
LINE
  5
4432
330
1F
100
AcDbEntity
  8
HALFEN
100
AcDbLine
 10
2200.251799997177
 20
619.1396341216187
 30
0.0
 11
2200.251799997177
 21
607.0982160868922
 31
0.0
  0
ARC
  5
4433
330
1F
100
AcDbEntity
  8
HALFEN
100
AcDbCircle
 10
2186.694810305534
 20
619.118925104249
 30
0.0
 40
13.55700550869242
100
AcDbArc
 50
333.731668901549
 51
26.26833109845394
  0
LINE
  5
4434
330
1F
100
AcDbEntity
  8
HALFEN
100
AcDbLine
 10
2193.451799997177
 20
625.379073202628
 30
0.0
 11
2193.548039528963
 21
627.3767563488056
 31
0.0
  0
LINE
  5
4436
330
1F
100
AcDbEntity
  8
HALFEN
100
AcDbLine
 10
2193.451799997177
 20
691.8019683466837
 30
0.0
 11
2193.451799997177
 21
671.8019683466839
 31
0.0
  0
LINE
  5
4437
330
1F
100
AcDbEntity
  8
HALFEN
100
AcDbLine
 10
2187.451799997177
 20
691.8019683466837
 30
0.0
 11
2187.451799997177
 21
671.8019683466836
 31
0.0
  0
ARC
  5
4438
330
1F
100
AcDbEntity
  8
HALFEN
100
AcDbCircle
 10
2205.294657140034
 20
681.8019683466839
 30
0.0
 40
17.84285714285705
100
AcDbArc
 50
157.1518592214939
 51
202.8481407785061
  0
LINE
  5
4439
330
1F
100
AcDbEntity
  8
HALFEN
100
AcDbLine
 10
2200.251799997177
 20
671.8019683466839
 30
0.0
 11
2200.251799997177
 21
671.0239286415401
 31
0.0
  0
LINE
  5
443A
330
1F
100
AcDbEntity
  8
HALFEN
100
AcDbLine
 10
2187.451799997177
 20
692.5800080518277
 30
0.0
 11
2187.451799997177
 21
671.0239286415395
 31
0.0
  0
LINE
  5
443B
330
1F
100
AcDbEntity
  8
HALFEN
100
AcDbLine
 10
2188.851799997177
 20
674.8737651164081
 30
0.0
 11
2193.451799997177
 21
674.8737651164081
 31
0.0
  0
LINE
  5
443C
330
1F
100
AcDbEntity
  8
HALFEN
100
AcDbLine
 10
2188.851799997177
 20
667.945561886133
 30
0.0
 11
2198.851799997177
 21
667.945561886133
 31
0.0
  0
ARC
  5
443D
330
1F
100
AcDbEntity
  8
HALFEN
100
AcDbCircle
 10
2192.384374503601
 20
671.4096635012707
 30
0.0
 40
4.947634045020005
100
AcDbArc
 50
135.5607065943833
 51
224.4392934056167
  0
LINE
  5
443E
330
1F
100
AcDbEntity
  8
HALFEN
100
AcDbLine
 10
2193.451799997177
 20
671.8019683466839
 30
0.0
 11
2234.451799997177
 21
671.8019683466839
 31
0.0
1001
ACAD
1000
ASC_BOUNDS
1002
{
1070
    19
1002
}
  0
ARC
  5
443F
330
1F
100
AcDbEntity
  8
HALFEN
100
AcDbCircle
 10
2195.319225490752
 20
671.4096635012705
 30
0.0
 40
4.947634045020005
100
AcDbArc
 50
315.5607065943833
 51
4.5478367362347
  0
LINE
  5
4440
330
1F
100
AcDbEntity
  8
HALFEN
100
AcDbLine
 10
2188.851799997177
 20
695.6583748072348
 30
0.0
 11
2194.994362581397
 21
695.6583748072348
 31
0.0
  0
LINE
  5
4441
330
1F
100
AcDbEntity
  8
HALFEN
100
AcDbLine
 10
2188.851799997177
 20
688.7301715769592
 30
0.0
 11
2193.451799997177
 21
688.7301715769592
 31
0.0
  0
ARC
  5
4442
330
1F
100
AcDbEntity
  8
HALFEN
100
AcDbCircle
 10
2192.384374503601
 20
692.1942731920971
 30
0.0
 40
4.947634045020005
100
AcDbArc
 50
135.5607065943833
 51
224.4392934056167
  0
ARC
  5
4443
330
1F
100
AcDbEntity
  8
HALFEN
100
AcDbCircle
 10
2234.48718355332
 20
606.1360244805727
 30
0.0
 40
1.03540436960678
100
AcDbArc
 50
180.3632917525998
 51
220.7795063767222
  0
LINE
  5
4444
330
1F
100
AcDbEntity
  8
HALFEN
100
AcDbLine
 10
2231.451799997177
 20
604.118925104249
 30
0.0
 11
2231.451799997177
 21
622.1189251042487
 31
0.0
  0
LINE
  5
4445
330
1F
100
AcDbEntity
  8
HALFEN
100
AcDbLine
 10
2233.451799997177
 20
604.1189251042489
 30
0.0
 11
2233.451799997177
 21
622.1189251042487
 31
0.0
  0
ARC
  5
4446
330
1F
100
AcDbEntity
  8
HALFEN
100
AcDbCircle
 10
2229.951799997177
 20
604.118925104249
 30
0.0
 40
3.5
100
AcDbArc
 50
272.7581246076785
 51
0.0
  0
LINE
  5
4447
330
1F
100
AcDbEntity
  8
HALFEN
100
AcDbLine
 10
2231.945769184712
 20
600.6189251042489
 30
0.0
 11
2230.036058391082
 21
600.6189251042489
 31
0.0
  0
ARC
  5
4448
330
1F
100
AcDbEntity
  8
HALFEN
100
AcDbCircle
 10
2229.951799997177
 20
604.118925104249
 30
0.0
 40
1.5
100
AcDbArc
 50
270.0
 51
0.0
  0
ARC
  5
4449
330
1F
100
AcDbEntity
  8
HALFEN
100
AcDbCircle
 10
2231.53734691872
 20
603.5066005341508
 30
0.0
 40
2.91641528864085
100
AcDbArc
 50
278.0503090761797
 51
42.04461517369604
  0
LINE
  5
444A
330
1F
100
AcDbEntity
  8
HALFEN
100
AcDbLine
 10
2231.94406939786
 20
625.6266098610666
 30
0.0
 11
2230.120219177802
 21
625.6148706100597
 31
0.0
  0
ARC
  5
444B
330
1F
100
AcDbEntity
  8
HALFEN
100
AcDbCircle
 10
2229.951799997177
 20
622.1189251042488
 30
0.0
 40
3.5
100
AcDbArc
 50
0.0
 51
87.24187539232143
  0
ARC
  5
444C
330
1F
100
AcDbEntity
  8
HALFEN
100
AcDbCircle
 10
2229.951799997177
 20
622.1189251042487
 30
0.0
 40
1.5
100
AcDbArc
 50
0.0
 51
90.0
  0
ARC
  5
444D
330
1F
100
AcDbEntity
  8
HALFEN
100
AcDbCircle
 10
2231.535384708536
 20
622.738971559525
 30
0.0
 40
2.91641528864085
100
AcDbArc
 50
317.9553848263083
 51
81.94969092382029
  0
ARC
  5
444E
330
1F
100
AcDbEntity
  8
HALFEN
100
AcDbCircle
 10
2234.485221343136
 20
620.1095476131032
 30
0.0
 40
1.035404369607112
100
AcDbArc
 50
139.2204936232942
 51
179.6367082474003
  0
LINE
  5
444F
330
1F
100
AcDbEntity
  8
HALFEN
100
AcDbLine
 10
2234.451799997177
 20
671.8019683466839
 30
0.0
 11
2234.451799997177
 21
691.8019683466837
 31
0.0
1001
ACAD
1000
ASC_BOUNDS
1002
{
1070
    19
1005
0
1002
}
  0
ARC
  5
4450
330
1F
100
AcDbEntity
  8
HALFEN
100
AcDbCircle
 10
2234.451799997177
 20
692.8019683466837
 30
0.0
 40
1.0
100
AcDbArc
 50
180.0
 51
270.0
1001
ACAD
1000
ASC_BOUNDS
1002
{
1070
    19
1002
}
  0
LINE
  5
4452
330
1F
100
AcDbEntity
  8
HALFEN
100
AcDbLine
 10
2233.451799997177
 20
776.8019683466838
 30
0.0
 11
2227.451799997178
 21
776.8019683466838
 31
0.0
  0
LINE
  5
4456
330
1F
100
AcDbEntity
  8
HALFEN
100
AcDbLine
 10
2282.777646775684
 20
776.8019683466839
 30
0.0
 11
2311.293309264797
 21
776.8019683466839
 31
0.0
  0
LINE
  5
4457
330
1F
100
AcDbEntity
  8
HALFEN
100
AcDbLine
 10
2282.777646775684
 20
671.8019683466836
 30
0.0
 11
2290.355986095929
 21
671.8019683466839
 31
0.0
  0
LINE
  5
4458
330
1F
100
AcDbEntity
  8
HALFEN
100
AcDbLine
 10
2303.714969944552
 20
671.8019683466836
 30
0.0
 11
2311.293309264797
 21
671.8019683466836
 31
0.0
  0
LINE
  5
4459
330
1F
100
AcDbEntity
  8
HALFEN
100
AcDbLine
 10
2282.777646775684
 20
671.8019683466836
 30
0.0
 11
2282.777646775684
 21
776.8019683466842
 31
0.0
  0
LINE
  5
445A
330
1F
100
AcDbEntity
  8
HALFEN
100
AcDbLine
 10
2285.03547802024
 20
671.8019683466839
 30
0.0
 11
2285.03547802024
 21
679.3019683466837
 31
0.0
  0
LINE
  5
445B
330
1F
100
AcDbEntity
  8
HALFEN
100
AcDbLine
 10
2285.03547802024
 20
684.3019683466835
 30
0.0
 11
2285.03547802024
 21
776.8019683466838
 31
0.0
  0
LINE
  5
445C
330
1F
100
AcDbEntity
  8
HALFEN
100
AcDbLine
 10
2311.293309264797
 20
671.8019683466836
 30
0.0
 11
2311.293309264797
 21
776.8019683466842
 31
0.0
  0
LINE
  5
445D
330
1F
100
AcDbEntity
  8
HALFEN
100
AcDbLine
 10
2309.035478020241
 20
671.8019683466839
 30
0.0
 11
2309.035478020241
 21
679.3019683466837
 31
0.0
  0
LINE
  5
445E
330
1F
100
AcDbEntity
  8
HALFEN
100
AcDbLine
 10
2309.035478020241
 20
684.3019683466835
 30
0.0
 11
2309.035478020241
 21
776.8019683466838
 31
0.0
  0
ARC
  5
445F
330
1F
100
AcDbEntity
  8
HALFEN
100
AcDbCircle
 10
2297.035478020241
 20
681.8019683466836
 30
0.0
 40
11.25
100
AcDbArc
 50
12.8395884069042
 51
77.1604115930958
  0
ARC
  5
4460
330
1F
100
AcDbEntity
  8
HALFEN
100
AcDbCircle
 10
2297.035478020241
 20
681.8019683466836
 30
0.0
 40
11.25
100
AcDbArc
 50
102.8395884069042
 51
167.160411593097
  0
ARC
  5
4461
330
1F
100
AcDbEntity
  8
HALFEN
100
AcDbCircle
 10
2297.035478020241
 20
681.8019683466836
 30
0.0
 40
11.25
100
AcDbArc
 50
192.8395884069042
 51
257.1604115930958
  0
ARC
  5
4462
330
1F
100
AcDbEntity
  8
HALFEN
100
AcDbCircle
 10
2297.035478020241
 20
681.8019683466836
 30
0.0
 40
11.25
100
AcDbArc
 50
282.8395884069042
 51
347.1604115930964
  0
LINE
  5
4463
330
1F
100
AcDbEntity
  8
HALFEN
100
AcDbLine
 10
2285.03547802024
 20
674.8737651164081
 30
0.0
 11
2294.535478020241
 21
669.3889375591067
 31
0.0
  0
LINE
  5
4464
330
1F
100
AcDbEntity
  8
HALFEN
100
AcDbLine
 10
2299.53547802024
 20
669.3889375591063
 30
0.0
 11
2309.035478020241
 21
674.8737651164084
 31
0.0
  0
LINE
  5
4465
330
1F
100
AcDbEntity
  8
HALFEN
100
AcDbLine
 10
2309.035478020241
 20
674.8737651164084
 30
0.0
 11
2309.035478020241
 21
679.3019683466837
 31
0.0
  0
LINE
  5
4466
330
1F
100
AcDbEntity
  8
HALFEN
100
AcDbLine
 10
2309.035478020241
 20
684.3019683466836
 30
0.0
 11
2309.035478020241
 21
688.730171576959
 31
0.0
  0
LINE
  5
4467
330
1F
100
AcDbEntity
  8
HALFEN
100
AcDbLine
 10
2309.035478020241
 20
688.730171576959
 30
0.0
 11
2299.53547802024
 21
694.2149991342605
 31
0.0
  0
LINE
  5
4468
330
1F
100
AcDbEntity
  8
HALFEN
100
AcDbLine
 10
2294.53547802024
 20
694.2149991342604
 30
0.0
 11
2285.03547802024
 21
688.7301715769583
 31
0.0
  0
LINE
  5
4469
330
1F
100
AcDbEntity
  8
HALFEN
100
AcDbLine
 10
2285.03547802024
 20
688.7301715769583
 30
0.0
 11
2285.03547802024
 21
684.3019683466835
 31
0.0
  0
LINE
  5
446A
330
1F
100
AcDbEntity
  8
HALFEN
100
AcDbLine
 10
2285.03547802024
 20
679.3019683466837
 30
0.0
 11
2285.03547802024
 21
674.8737651164081
 31
0.0
  0
ARC
  5
446B
330
1F
100
AcDbEntity
  8
HALFEN
100
AcDbCircle
 10
2297.035478020241
 20
738.0519683466839
 30
0.0
 40
4.25
100
AcDbArc
 50
180.0
 51
0.0
  0
ARC
  5
446C
330
1F
100
AcDbEntity
  8
HALFEN
100
AcDbCircle
 10
2297.035478020241
 20
757.5519683466839
 30
0.0
 40
4.25
100
AcDbArc
 50
0.0
 51
180.0
  0
LINE
  5
446D
330
1F
100
AcDbEntity
  8
HALFEN
100
AcDbLine
 10
2292.785478020241
 20
738.0519683466839
 30
0.0
 11
2292.785478020241
 21
757.5519683466839
 31
0.0
  0
LINE
  5
446E
330
1F
100
AcDbEntity
  8
HALFEN
100
AcDbLine
 10
2301.285478020241
 20
757.5519683466839
 30
0.0
 11
2301.285478020241
 21
738.0519683466839
 31
0.0
  0
LINE
  5
446F
330
1F
100
AcDbEntity
  8
HALFEN
100
AcDbLine
 10
2309.035478020241
 20
756.3019683466838
 30
0.0
 11
2301.285478020241
 21
756.3019683466838
 31
0.0
  0
LINE
  5
4470
330
1F
100
AcDbEntity
  8
HALFEN
100
AcDbLine
 10
2309.035478020241
 20
757.3019683466838
 30
0.0
 11
2301.285478020241
 21
757.3019683466838
 31
0.0
  0
LINE
  5
4471
330
1F
100
AcDbEntity
  8
HALFEN
100
AcDbLine
 10
2309.035478020241
 20
758.3019683466837
 30
0.0
 11
2301.218778152911
 21
758.3019683466837
 31
0.0
  0
LINE
  5
4472
330
1F
100
AcDbEntity
  8
HALFEN
100
AcDbLine
 10
2309.035478020241
 20
759.3019683466837
 30
0.0
 11
2300.908461366448
 21
759.3019683466837
 31
0.0
  0
LINE
  5
4473
330
1F
100
AcDbEntity
  8
HALFEN
100
AcDbLine
 10
2309.035478020241
 20
760.3019683466836
 30
0.0
 11
2300.275848369444
 21
760.3019683466839
 31
0.0
  0
LINE
  5
4474
330
1F
100
AcDbEntity
  8
HALFEN
100
AcDbLine
 10
2309.035478020241
 20
735.3019683466838
 30
0.0
 11
2300.275848369444
 21
735.3019683466838
 31
0.0
  0
LINE
  5
4475
330
1F
100
AcDbEntity
  8
HALFEN
100
AcDbLine
 10
2309.035478020241
 20
736.3019683466834
 30
0.0
 11
2300.908461366448
 21
736.3019683466838
 31
0.0
  0
LINE
  5
4476
330
1F
100
AcDbEntity
  8
HALFEN
100
AcDbLine
 10
2309.035478020241
 20
737.3019683466838
 30
0.0
 11
2301.218778152911
 21
737.3019683466838
 31
0.0
  0
LINE
  5
4477
330
1F
100
AcDbEntity
  8
HALFEN
100
AcDbLine
 10
2309.035478020241
 20
738.3019683466837
 30
0.0
 11
2301.285478020241
 21
738.3019683466837
 31
0.0
  0
LINE
  5
4478
330
1F
100
AcDbEntity
  8
HALFEN
100
AcDbLine
 10
2309.035478020241
 20
739.3019683466836
 30
0.0
 11
2301.285478020241
 21
739.3019683466841
 31
0.0
  0
LINE
  5
4479
330
1F
100
AcDbEntity
  8
HALFEN
100
AcDbLine
 10
2309.035478020241
 20
762.3019683466838
 30
0.0
 11
2285.03547802024
 21
762.3019683466838
 31
0.0
  0
LINE
  5
447A
330
1F
100
AcDbEntity
  8
HALFEN
100
AcDbLine
 10
2309.035478020241
 20
763.3019683466837
 30
0.0
 11
2285.03547802024
 21
763.3019683466837
 31
0.0
  0
LINE
  5
447B
330
1F
100
AcDbEntity
  8
HALFEN
100
AcDbLine
 10
2309.035478020241
 20
764.3019683466836
 30
0.0
 11
2285.03547802024
 21
764.3019683466838
 31
0.0
  0
LINE
  5
447C
330
1F
100
AcDbEntity
  8
HALFEN
100
AcDbLine
 10
2309.035478020241
 20
732.3019683466838
 30
0.0
 11
2285.03547802024
 21
732.3019683466838
 31
0.0
  0
LINE
  5
447D
330
1F
100
AcDbEntity
  8
HALFEN
100
AcDbLine
 10
2309.035478020241
 20
733.3019683466837
 30
0.0
 11
2285.03547802024
 21
733.3019683466837
 31
0.0
  0
LINE
  5
447E
330
1F
100
AcDbEntity
  8
HALFEN
100
AcDbLine
 10
2292.785478020241
 20
751.3019683466837
 30
0.0
 11
2285.03547802024
 21
751.3019683466837
 31
0.0
  0
LINE
  5
447F
330
1F
100
AcDbEntity
  8
HALFEN
100
AcDbLine
 10
2292.785478020241
 20
750.3019683466837
 30
0.0
 11
2285.03547802024
 21
750.3019683466837
 31
0.0
  0
LINE
  5
4480
330
1F
100
AcDbEntity
  8
HALFEN
100
AcDbLine
 10
2292.78547802024
 20
749.3019683466838
 30
0.0
 11
2285.03547802024
 21
749.3019683466838
 31
0.0
  0
LINE
  5
4481
330
1F
100
AcDbEntity
  8
HALFEN
100
AcDbLine
 10
2292.785478020241
 20
748.3019683466838
 30
0.0
 11
2285.03547802024
 21
748.3019683466836
 31
0.0
  0
LINE
  5
4482
330
1F
100
AcDbEntity
  8
HALFEN
100
AcDbLine
 10
2292.785478020241
 20
747.3019683466837
 30
0.0
 11
2285.03547802024
 21
747.3019683466837
 31
0.0
  0
LINE
  5
4483
330
1F
100
AcDbEntity
  8
HALFEN
100
AcDbLine
 10
2292.78547802024
 20
746.3019683466832
 30
0.0
 11
2285.03547802024
 21
746.3019683466841
 31
0.0
  0
LINE
  5
4484
330
1F
100
AcDbEntity
  8
HALFEN
100
AcDbLine
 10
2292.78547802024
 20
745.3019683466832
 30
0.0
 11
2285.03547802024
 21
745.3019683466841
 31
0.0
  0
LINE
  5
4485
330
1F
100
AcDbEntity
  8
HALFEN
100
AcDbLine
 10
2292.78547802024
 20
743.3019683466838
 30
0.0
 11
2285.03547802024
 21
743.3019683466838
 31
0.0
  0
LINE
  5
4486
330
1F
100
AcDbEntity
  8
HALFEN
100
AcDbLine
 10
2292.78547802024
 20
752.3019683466838
 30
0.0
 11
2285.03547802024
 21
752.3019683466838
 31
0.0
  0
LINE
  5
4487
330
1F
100
AcDbEntity
  8
HALFEN
100
AcDbLine
 10
2292.785478020241
 20
755.3019683466837
 30
0.0
 11
2285.03547802024
 21
755.3019683466836
 31
0.0
  0
LINE
  5
4488
330
1F
100
AcDbEntity
  8
HALFEN
100
AcDbLine
 10
2292.785478020241
 20
740.3019683466838
 30
0.0
 11
2285.03547802024
 21
740.3019683466838
 31
0.0
  0
LINE
  5
4489
330
1F
100
AcDbEntity
  8
HALFEN
100
AcDbLine
 10
2292.785478020241
 20
753.3019683466838
 30
0.0
 11
2285.03547802024
 21
753.3019683466838
 31
0.0
  0
LINE
  5
448A
330
1F
100
AcDbEntity
  8
HALFEN
100
AcDbLine
 10
2292.78547802024
 20
754.3019683466837
 30
0.0
 11
2285.03547802024
 21
754.3019683466837
 31
0.0
  0
LINE
  5
448B
330
1F
100
AcDbEntity
  8
HALFEN
100
AcDbLine
 10
2292.785478020241
 20
756.3019683466838
 30
0.0
 11
2285.03547802024
 21
756.3019683466836
 31
0.0
  0
LINE
  5
448C
330
1F
100
AcDbEntity
  8
HALFEN
100
AcDbLine
 10
2292.785478020241
 20
757.3019683466838
 30
0.0
 11
2285.03547802024
 21
757.3019683466838
 31
0.0
  0
LINE
  5
448D
330
1F
100
AcDbEntity
  8
HALFEN
100
AcDbLine
 10
2292.85217788757
 20
758.3019683466837
 30
0.0
 11
2285.03547802024
 21
758.3019683466837
 31
0.0
  0
LINE
  5
448E
330
1F
100
AcDbEntity
  8
HALFEN
100
AcDbLine
 10
2293.162494674033
 20
759.3019683466837
 30
0.0
 11
2285.03547802024
 21
759.3019683466837
 31
0.0
  0
LINE
  5
448F
330
1F
100
AcDbEntity
  8
HALFEN
100
AcDbLine
 10
2293.795107671036
 20
760.3019683466838
 30
0.0
 11
2285.03547802024
 21
760.3019683466838
 31
0.0
  0
LINE
  5
4490
330
1F
100
AcDbEntity
  8
HALFEN
100
AcDbLine
 10
2285.03547802024
 20
744.3019683466839
 30
0.0
 11
2292.785478020241
 21
744.3019683466832
 31
0.0
  0
LINE
  5
4491
330
1F
100
AcDbEntity
  8
HALFEN
100
AcDbLine
 10
2293.795107671037
 20
735.3019683466838
 30
0.0
 11
2285.03547802024
 21
735.3019683466838
 31
0.0
  0
LINE
  5
4492
330
1F
100
AcDbEntity
  8
HALFEN
100
AcDbLine
 10
2293.162494674033
 20
736.3019683466838
 30
0.0
 11
2285.03547802024
 21
736.3019683466838
 31
0.0
  0
LINE
  5
4493
330
1F
100
AcDbEntity
  8
HALFEN
100
AcDbLine
 10
2292.85217788757
 20
737.3019683466838
 30
0.0
 11
2285.03547802024
 21
737.3019683466838
 31
0.0
  0
LINE
  5
4494
330
1F
100
AcDbEntity
  8
HALFEN
100
AcDbLine
 10
2292.785478020241
 20
738.3019683466837
 30
0.0
 11
2285.03547802024
 21
738.3019683466837
 31
0.0
  0
LINE
  5
4495
330
1F
100
AcDbEntity
  8
HALFEN
100
AcDbLine
 10
2292.785478020241
 20
739.3019683466838
 30
0.0
 11
2285.03547802024
 21
739.3019683466836
 31
0.0
  0
LINE
  5
4496
330
1F
100
AcDbEntity
  8
HALFEN
100
AcDbLine
 10
2292.785478020241
 20
741.3019683466838
 30
0.0
 11
2285.03547802024
 21
741.3019683466838
 31
0.0
  0
LINE
  5
4497
330
1F
100
AcDbEntity
  8
HALFEN
100
AcDbLine
 10
2292.78547802024
 20
742.3019683466837
 30
0.0
 11
2285.03547802024
 21
742.3019683466837
 31
0.0
  0
LINE
  5
4498
330
1F
100
AcDbEntity
  8
HALFEN
100
AcDbLine
 10
2309.035478020241
 20
761.3019683466838
 30
0.0
 11
2299.035478020241
 21
761.3019683466838
 31
0.0
  0
LINE
  5
4499
330
1F
100
AcDbEntity
  8
HALFEN
100
AcDbLine
 10
2295.03547802024
 20
761.3019683466838
 30
0.0
 11
2285.03547802024
 21
761.3019683466838
 31
0.0
  0
LINE
  5
449A
330
1F
100
AcDbEntity
  8
HALFEN
100
AcDbLine
 10
2295.035478020241
 20
734.3019683466837
 30
0.0
 11
2285.03547802024
 21
734.3019683466837
 31
0.0
  0
LINE
  5
449B
330
1F
100
AcDbEntity
  8
HALFEN
100
AcDbLine
 10
2301.285478020241
 20
744.3019683466838
 30
0.0
 11
2309.035478020241
 21
744.3019683466838
 31
0.0
  0
LINE
  5
449C
330
1F
100
AcDbEntity
  8
HALFEN
100
AcDbLine
 10
2309.035478020241
 20
749.3019683466833
 30
0.0
 11
2301.28547802024
 21
749.3019683466846
 31
0.0
  0
LINE
  5
449D
330
1F
100
AcDbEntity
  8
HALFEN
100
AcDbLine
 10
2309.035478020241
 20
750.3019683466833
 30
0.0
 11
2301.285478020241
 21
750.3019683466844
 31
0.0
  0
LINE
  5
449E
330
1F
100
AcDbEntity
  8
HALFEN
100
AcDbLine
 10
2309.035478020241
 20
751.3019683466835
 30
0.0
 11
2301.285478020241
 21
751.3019683466843
 31
0.0
  0
LINE
  5
449F
330
1F
100
AcDbEntity
  8
HALFEN
100
AcDbLine
 10
2309.035478020241
 20
752.3019683466834
 30
0.0
 11
2301.285478020241
 21
752.3019683466841
 31
0.0
  0
LINE
  5
44A0
330
1F
100
AcDbEntity
  8
HALFEN
100
AcDbLine
 10
2309.035478020241
 20
753.3019683466838
 30
0.0
 11
2301.28547802024
 21
753.3019683466838
 31
0.0
  0
LINE
  5
44A1
330
1F
100
AcDbEntity
  8
HALFEN
100
AcDbLine
 10
2309.035478020241
 20
754.3019683466837
 30
0.0
 11
2301.285478020241
 21
754.3019683466837
 31
0.0
  0
LINE
  5
44A2
330
1F
100
AcDbEntity
  8
HALFEN
100
AcDbLine
 10
2309.035478020241
 20
755.3019683466837
 30
0.0
 11
2301.285478020241
 21
755.3019683466837
 31
0.0
  0
LINE
  5
44A3
330
1F
100
AcDbEntity
  8
HALFEN
100
AcDbLine
 10
2309.035478020241
 20
745.3019683466838
 30
0.0
 11
2301.285478020241
 21
745.3019683466838
 31
0.0
  0
LINE
  5
44A4
330
1F
100
AcDbEntity
  8
HALFEN
100
AcDbLine
 10
2309.035478020241
 20
746.3019683466837
 30
0.0
 11
2301.28547802024
 21
746.3019683466837
 31
0.0
  0
LINE
  5
44A5
330
1F
100
AcDbEntity
  8
HALFEN
100
AcDbLine
 10
2309.035478020241
 20
747.3019683466842
 30
0.0
 11
2301.28547802024
 21
747.301968346683
 31
0.0
  0
LINE
  5
44A6
330
1F
100
AcDbEntity
  8
HALFEN
100
AcDbLine
 10
2309.035478020241
 20
748.3019683466841
 30
0.0
 11
2301.28547802024
 21
748.3019683466832
 31
0.0
  0
LINE
  5
44A7
330
1F
100
AcDbEntity
  8
HALFEN
100
AcDbLine
 10
2309.035478020241
 20
734.3019683466837
 30
0.0
 11
2299.03547802024
 21
734.3019683466837
 31
0.0
  0
LINE
  5
44A8
330
1F
100
AcDbEntity
  8
HALFEN
100
AcDbLine
 10
2309.035478020241
 20
740.3019683466838
 30
0.0
 11
2301.28547802024
 21
740.3019683466838
 31
0.0
  0
LINE
  5
44A9
330
1F
100
AcDbEntity
  8
HALFEN
100
AcDbLine
 10
2309.035478020241
 20
741.3019683466838
 30
0.0
 11
2301.285478020241
 21
741.3019683466838
 31
0.0
  0
LINE
  5
44AA
330
1F
100
AcDbEntity
  8
HALFEN
100
AcDbLine
 10
2309.035478020241
 20
742.3019683466836
 30
0.0
 11
2301.285478020241
 21
742.3019683466837
 31
0.0
  0
LINE
  5
44AB
330
1F
100
AcDbEntity
  8
HALFEN
100
AcDbLine
 10
2309.035478020241
 20
743.3019683466838
 30
0.0
 11
2301.285478020241
 21
743.3019683466838
 31
0.0
  0
LINE
  5
44AC
330
1F
100
AcDbEntity
  8
HALFEN
100
AcDbLine
 10
2309.035478020241
 20
731.3019683466838
 30
0.0
 11
2285.03547802024
 21
731.3019683466838
 31
0.0
  0
LINE
  5
44AD
330
1F
100
AcDbEntity
  8
HALFEN
  6
STRICHPUNKT2
 62
     1
 48
0.5
100
AcDbLine
 10
2297.035478020241
 20
730.8019683466839
 30
0.0
 11
2297.035478020241
 21
764.8019683466839
 31
0.0
  0
LINE
  5
44AE
330
1F
100
AcDbEntity
  8
HALFEN
  6
STRICHPUNKT2
 62
     1
 48
0.5
100
AcDbLine
 10
2289.78547802024
 20
747.8019683466839
 30
0.0
 11
2304.285478020241
 21
747.8019683466839
 31
0.0
  0
LINE
  5
44AF
330
1F
100
AcDbEntity
  8
HALFEN
100
AcDbLine
 10
2107.451799997177
 20
679.3019683466837
 30
0.0
 11
2132.451799997177
 21
679.3019683466837
 31
0.0
  0
LINE
  5
44B0
330
1F
100
AcDbEntity
  8
HALFEN
100
AcDbLine
 10
2107.451799997177
 20
684.3019683466836
 30
0.0
 11
2132.451799997177
 21
684.3019683466836
 31
0.0
  0
LINE
  5
44B1
330
1F
100
AcDbEntity
  8
HALFEN
100
AcDbLine
 10
2107.451799997177
 20
684.3019683466836
 30
0.0
 11
2107.451799997177
 21
679.3019683466837
 31
0.0
  0
LINE
  5
44B5
330
1F
100
AcDbEntity
  8
HALFEN
100
AcDbLine
 10
2137.451799997177
 20
673.8019683466837
 30
0.0
 11
2187.451799997177
 21
673.8019683466839
 31
0.0
  0
LINE
  5
44B6
330
1F
100
AcDbEntity
  8
HALFEN
100
AcDbLine
 10
2137.451799997177
 20
689.8019683466838
 30
0.0
 11
2187.451799997177
 21
689.8019683466838
 31
0.0
  0
LINE
  5
44B7
330
1F
100
AcDbEntity
  8
HALFEN
100
AcDbLine
 10
2132.451799997177
 20
679.3019683466837
 30
0.0
 11
2137.451799997177
 21
673.8019683466837
 31
0.0
  0
LINE
  5
44B9
330
1F
100
AcDbEntity
  8
HALFEN
100
AcDbLine
 10
2132.451799997177
 20
684.3019683466836
 30
0.0
 11
2137.451799997177
 21
689.8019683466838
 31
0.0
  0
LINE
  5
44BE
330
1F
100
AcDbEntity
  8
HALFEN
100
AcDbLine
 10
2187.451799997177
 20
688.5750983466838
 30
0.0
 11
2187.451799997177
 21
675.0288383466838
 31
0.0
  0
ELLIPSE
  5
44BF
330
1F
100
AcDbEntity
  8
HALFEN
100
AcDbEllipse
 10
2117.856546224275
 20
613.1189251042626
 30
0.0
 11
-19.59525377290232
 21
0.0000000000006495
 31
0.0
210
0.0
220
0.0
230
1.0
 40
0.6634259576662032
 41
4.009859693674862
 42
4.71238898038471
  0
ELLIPSE
  5
44C0
330
1F
100
AcDbEntity
  8
HALFEN
100
AcDbEllipse
 10
2117.856546224275
 20
613.1189251042626
 30
0.0
 11
19.59525377290196
 21
0.0000000000000534
 31
0.0
210
0.0
220
0.0
230
1.0
 40
0.6634259576662154
 41
4.712388980384687
 42
5.414918267092303
  0
ARC
  5
44C2
330
1F
100
AcDbEntity
  8
HALFEN
100
AcDbCircle
 10
2128.006671288355
 20
613.1189251042577
 30
0.0
 40
20.55487129117615
100
AcDbArc
 50
143.6492833696231
 51
216.3585352849934
  0
ARC
  5
44C3
330
1F
100
AcDbEntity
  8
HALFEN
100
AcDbCircle
 10
2113.06400590924
 20
602.1189251042626
 30
0.0
 40
2.0
100
AcDbArc
 50
216.3585352849934
 51
270.0
  0
LINE
  5
44C4
330
1F
100
AcDbEntity
  8
HALFEN
100
AcDbLine
 10
2113.06400590924
 20
600.1189251042626
 30
0.0
 11
2117.856546224279
 21
600.1189251042626
 31
0.0
  0
CIRCLE
  5
44C5
330
1F
100
AcDbEntity
  8
HALFEN
100
AcDbCircle
 10
2114.451799997177
 20
613.1189251042626
 30
0.0
 40
2.549999999999998
  0
ARC
  5
44C7
330
1F
100
AcDbEntity
  8
HALFEN
100
AcDbCircle
 10
2113.062504974445
 20
624.1168859068019
 30
0.0
 40
2.0
100
AcDbArc
 50
91.33537730059243
 51
143.6492833696231
  0
LINE
  5
44C8
330
1F
100
AcDbEntity
  8
HALFEN
100
AcDbLine
 10
2114.451799997182
 20
626.1189251042626
 30
0.0
 11
2117.856546224275
 21
626.1189251042626
 31
0.0
  0
ARC
  5
44C9
330
1F
100
AcDbEntity
  8
HALFEN
100
AcDbCircle
 10
2113.79387070067
 20
592.7425457858
 30
0.0
 40
33.38286337882191
100
AcDbArc
 50
88.8707076348764
 51
91.33537730059243
  0
LINE
  5
44CC
330
1F
100
AcDbEntity
  8
HALFEN
100
AcDbLine
 10
2137.863698711481
 20
605.1189251042626
 30
0.0
 11
2187.600260861779
 21
605.1179870599511
 31
0.0
  0
LINE
  5
44CD
330
1F
100
AcDbEntity
  8
HALFEN
100
AcDbLine
 10
2137.863698711555
 20
621.1189251042626
 30
0.0
 11
2187.599981030372
 21
621.1179870652289
 31
0.0
  0
ELLIPSE
  5
44CE
330
1F
100
AcDbEntity
  8
HALFEN
100
AcDbEllipse
 10
2117.856546224275
 20
613.1189251042626
 30
0.0
 11
19.59525377290174
 21
0.0000000000000969
 31
0.0
210
0.0
220
0.0
230
1.0
 40
0.6634259576662222
 41
-0.8682670400871396
 42
0.8682670400849584
  0
ARC
  5
44D1
330
1F
100
AcDbEntity
  8
HALFEN
100
AcDbCircle
 10
2137.863698711481
 20
590.118925104262
 30
0.0
 40
15.0
100
AcDbArc
 50
90.0
 51
119.3216395591507
  0
ARC
  5
44D2
330
1F
100
AcDbEntity
  8
HALFEN
100
AcDbCircle
 10
2137.863698711548
 20
636.1189251042461
 30
0.0
 40
15.0
100
AcDbArc
 50
240.6783604407451
 51
270.000000000026
  0
LINE
  5
44D3
330
1F
100
AcDbEntity
  8
HALFEN
100
AcDbLine
 10
2111.951799997177
 20
646.8019683466836
 30
0.0
 11
2111.951799997177
 21
679.3019683466837
 31
0.0
  0
LINE
  5
44D4
330
1F
100
AcDbEntity
  8
HALFEN
100
AcDbLine
 10
2111.951799997177
 20
684.3019683466836
 30
0.0
 11
2111.951799997177
 21
716.8019683466837
 31
0.0
  0
LINE
  5
44D5
330
1F
100
AcDbEntity
  8
HALFEN
100
AcDbLine
 10
2116.951799997178
 20
646.8019683466836
 30
0.0
 11
2116.951799997178
 21
679.3019683466837
 31
0.0
  0
LINE
  5
44D6
330
1F
100
AcDbEntity
  8
HALFEN
100
AcDbLine
 10
2116.951799997178
 20
684.3019683466836
 30
0.0
 11
2116.951799997178
 21
716.8019683466837
 31
0.0
  0
LINE
  5
44D7
330
1F
100
AcDbEntity
  8
HALFEN
100
AcDbLine
 10
2116.951799997178
 20
646.8019683466836
 30
0.0
 11
2111.951799997177
 21
646.8019683466836
 31
0.0
  0
LINE
  5
44D8
330
1F
100
AcDbEntity
  8
HALFEN
100
AcDbLine
 10
2116.951799997178
 20
716.8019683466837
 30
0.0
 11
2111.951799997177
 21
716.8019683466837
 31
0.0
  0
LINE
  5
44D9
330
1F
100
AcDbEntity
  8
HALFEN
100
AcDbLine
 10
2284.035460396806
 20
679.3019683466837
 30
0.0
 11
2310.035495643675
 21
679.3019683466837
 31
0.0
  0
LINE
  5
44DA
330
1F
100
AcDbEntity
  8
HALFEN
100
AcDbLine
 10
2284.035460396806
 20
684.3019683466835
 30
0.0
 11
2310.035495643675
 21
684.3019683466836
 31
0.0
  0
LINE
  5
44DB
330
1F
100
AcDbEntity
  8
HALFEN
100
AcDbLine
 10
2294.535478020241
 20
646.8019683466836
 30
0.0
 11
2294.535478020241
 21
679.3019683466837
 31
0.0
  0
LINE
  5
44DC
330
1F
100
AcDbEntity
  8
HALFEN
100
AcDbLine
 10
2294.535478020241
 20
684.3019683466836
 30
0.0
 11
2294.535478020241
 21
716.8019683466837
 31
0.0
  0
LINE
  5
44DD
330
1F
100
AcDbEntity
  8
HALFEN
100
AcDbLine
 10
2299.53547802024
 20
646.8019683466836
 30
0.0
 11
2299.53547802024
 21
679.3019683466837
 31
0.0
  0
LINE
  5
44DE
330
1F
100
AcDbEntity
  8
HALFEN
100
AcDbLine
 10
2299.53547802024
 20
684.3019683466836
 30
0.0
 11
2299.53547802024
 21
716.8019683466837
 31
0.0
  0
LINE
  5
44DF
330
1F
100
AcDbEntity
  8
HALFEN
100
AcDbLine
 10
2299.53547802024
 20
646.8019683466836
 30
0.0
 11
2294.535478020241
 21
646.8019683466836
 31
0.0
  0
LINE
  5
44E0
330
1F
100
AcDbEntity
  8
HALFEN
100
AcDbLine
 10
2299.53547802024
 20
716.8019683466837
 30
0.0
 11
2294.535478020241
 21
716.8019683466837
 31
0.0
  0
LINE
  5
44E1
330
1F
100
AcDbEntity
  8
HALFEN
100
AcDbLine
 10
2284.035460396806
 20
679.3019683466837
 30
0.0
 11
2284.035460396806
 21
684.3019683466835
 31
0.0
  0
ARC
  5
44E2
330
1F
100
AcDbEntity
  8
HALFEN
100
AcDbCircle
 10
2297.035478020241
 20
681.8019683466836
 30
0.0
 40
8.0
100
AcDbArc
 50
108.209956864283
 51
161.790043135718
  0
ARC
  5
44E3
330
1F
100
AcDbEntity
  8
HALFEN
100
AcDbCircle
 10
2297.035478020241
 20
681.8019683466836
 30
0.0
 40
8.0
100
AcDbArc
 50
198.2099568642832
 51
251.790043135717
  0
ARC
  5
44E4
330
1F
100
AcDbEntity
  8
HALFEN
100
AcDbCircle
 10
2297.035478020241
 20
681.8019683466836
 30
0.0
 40
8.0
100
AcDbArc
 50
288.209956864283
 51
341.7900431357172
  0
ARC
  5
44E5
330
1F
100
AcDbEntity
  8
HALFEN
100
AcDbCircle
 10
2297.035478020241
 20
681.8019683466836
 30
0.0
 40
8.0
100
AcDbArc
 50
18.20995686428329
 51
71.79004313571695
  0
LINE
  5
44E6
330
1F
100
AcDbEntity
  8
HALFEN
100
AcDbLine
 10
2310.035495643675
 20
679.3019683466837
 30
0.0
 11
2310.035495643675
 21
684.3019683466836
 31
0.0
  0
LINE
  5
4C6E
330
1F
100
AcDbEntity
  8
HALFEN
100
AcDbLine
 10
2307.120052465052
 20
424.3367705080686
 30
0.0
 11
2477.123167259986
 21
424.3367705080686
 31
0.0
  0
LINE
  5
4C6F
330
1F
100
AcDbEntity
  8
HALFEN
100
AcDbLine
 10
2307.120052465052
 20
434.3367705080686
 30
0.0
 11
2477.704529018532
 21
434.3367705080686
 31
0.0
  0
LINE
  5
4C70
330
1F
100
AcDbEntity
  8
HALFEN
100
AcDbLine
 10
2307.120052465052
 20
452.3367705080691
 30
0.0
 11
2477.704529018532
 21
452.3367705080691
 31
0.0
  0
TEXT
  5
4C71
330
1F
100
AcDbEntity
  8
HALFEN
100
AcDbText
 10
2357.084738797667
 20
444.8367705080686
 30
0.0
 40
5.0
  1
Halfen Body - Anker BA 1312 - 2 -  A4
  7
ARIAL50
100
AcDbText
  0
TEXT
  5
4C72
330
1F
100
AcDbEntity
  8
HALFEN
100
AcDbText
 10
2312.120052465052
 20
444.8367705080686
 30
0.0
 40
5.0
  1
Benennung
  7
ARIAL50
100
AcDbText
  0
TEXT
  5
4C73
330
1F
100
AcDbEntity
  8
HALFEN
100
AcDbText
 10
2312.120052465052
 20
426.8367705080686
 30
0.0
 40
5.0
  1
Bestell-Nr.
  7
ARIAL50
100
AcDbText
  0
LINE
  5
4C74
330
1F
100
AcDbEntity
  8
HALFEN
100
AcDbLine
 10
2307.120052465052
 20
424.3367705080686
 30
0.0
 11
2307.120052465052
 21
452.3367705080691
 31
0.0
  0
LINE
  5
4C75
330
1F
100
AcDbEntity
  8
HALFEN
100
AcDbLine
 10
2352.084738797667
 20
424.3367705080686
 30
0.0
 11
2352.084738797667
 21
452.3367705080691
 31
0.0
  0
TEXT
  5
4C76
330
1F
100
AcDbEntity
  8
HALFEN
100
AcDbText
 10
2357.084738797667
 20
426.8367705080686
 30
0.0
 40
5.0
  1
0754.020 - 00011
  7
ARIAL50
100
AcDbText
  0
LINE
  5
4C77
330
1F
100
AcDbEntity
  8
HALFEN
100
AcDbLine
 10
2477.704529018532
 20
424.3367705080686
 30
0.0
 11
2477.704529018532
 21
452.3367705080691
 31
0.0
  0
LINE
  5
4C78
330
1F
100
AcDbEntity
  8
HALFEN
100
AcDbLine
 10
2403.231021379467
 20
324.597689101553
 30
0.0
 11
2403.231021379467
 21
408.597689101553
 31
0.0
1001
ACAD
1000
ASC_BOUNDS
1002
{
1070
    19
1005
0
1005
0
1005
0
1005
0
1005
0
1005
0
1005
0
1005
0
1005
0
1002
}
  0
LINE
  5
4C79
330
1F
100
AcDbEntity
  8
HALFEN
100
AcDbLine
 10
2363.231021379467
 20
323.597689101553
 30
0.0
 11
2397.231021379467
 21
408.597689101553
 31
0.0
  0
LINE
  5
4C7A
330
1F
100
AcDbEntity
  8
HALFEN
100
AcDbLine
 10
2399.803201028306
 20
255.4129082187511
 30
0.0
 11
2363.231021379467
 21
257.1747939574974
 31
0.0
  0
LINE
  5
4C7B
330
1F
100
AcDbEntity
  8
HALFEN
100
AcDbLine
 10
2399.899440560091
 20
257.4105913649287
 30
0.0
 11
2363.327260911253
 21
259.1724771036747
 31
0.0
  0
LINE
  5
4C7C
330
1F
100
AcDbEntity
  8
HALFEN
100
AcDbLine
 10
2399.899440560091
 20
232.4187003533075
 30
0.0
 11
2363.327260911253
 21
230.6568146145613
 31
0.0
  0
LINE
  5
4C7D
330
1F
100
AcDbEntity
  8
HALFEN
100
AcDbLine
 10
2399.803201028306
 20
234.4163834994849
 30
0.0
 11
2363.231021379467
 21
232.6544977607389
 31
0.0
  0
ARC
  5
4C7E
330
1F
100
AcDbEntity
  8
HALFEN
100
AcDbCircle
 10
2356.474031687824
 20
238.9146458591183
 30
0.0
 40
13.55700550869242
100
AcDbArc
 50
333.7316689015461
 51
26.26833109845102
  0
ARC
  5
4C7F
330
1F
100
AcDbEntity
  8
HALFEN
100
AcDbCircle
 10
2370.78801107111
 20
238.9146458591183
 30
0.0
 40
13.55700550869242
100
AcDbArc
 50
153.7316689015489
 51
206.268331098454
  0
LINE
  5
4C80
330
1F
100
AcDbEntity
  8
HALFEN
100
AcDbLine
 10
2368.631021379467
 20
232.914645859118
 30
0.0
 11
2358.631021379467
 21
232.914645859118
 31
0.0
  0
LINE
  5
4C81
330
1F
100
AcDbEntity
  8
HALFEN
100
AcDbLine
 10
2363.231021379467
 20
232.6544977607389
 30
0.0
 11
2363.327260911253
 21
230.6568146145613
 31
0.0
  0
LINE
  5
4C83
330
1F
100
AcDbEntity
  8
HALFEN
100
AcDbLine
 10
2368.631021379467
 20
256.914645859118
 30
0.0
 11
2358.631021379467
 21
256.9146458591181
 31
0.0
  0
LINE
  5
4C84
330
1F
100
AcDbEntity
  8
HALFEN
100
AcDbLine
 10
2368.631021379467
 20
244.9146458591181
 30
0.0
 11
2358.631021379467
 21
244.9146458591181
 31
0.0
  0
LINE
  5
4C85
330
1F
100
AcDbEntity
  8
HALFEN
100
AcDbLine
 10
2357.231021379467
 20
250.935354876488
 30
0.0
 11
2357.231021379467
 21
238.8939368417756
 31
0.0
  0
ARC
  5
4C86
330
1F
100
AcDbEntity
  8
HALFEN
100
AcDbCircle
 10
2370.78801107111
 20
250.9146458591181
 30
0.0
 40
13.55700550869242
100
AcDbArc
 50
153.731668901546
 51
206.268331098451
  0
LINE
  5
4C87
330
1F
100
AcDbEntity
  8
HALFEN
100
AcDbLine
 10
2370.031021379467
 20
250.935354876488
 30
0.0
 11
2370.031021379467
 21
238.8939368417613
 31
0.0
  0
ARC
  5
4C88
330
1F
100
AcDbEntity
  8
HALFEN
100
AcDbCircle
 10
2356.474031687824
 20
250.9146458591181
 30
0.0
 40
13.55700550869242
100
AcDbArc
 50
333.731668901549
 51
26.26833109845394
  0
LINE
  5
4C89
330
1F
100
AcDbEntity
  8
HALFEN
100
AcDbLine
 10
2363.231021379467
 20
257.1747939574974
 30
0.0
 11
2363.327260911253
 21
259.1724771036747
 31
0.0
  0
LINE
  5
4C8B
330
1F
100
AcDbEntity
  8
HALFEN
100
AcDbLine
 10
2363.231021379467
 20
323.597689101553
 30
0.0
 11
2363.231021379467
 21
303.597689101553
 31
0.0
  0
LINE
  5
4C8C
330
1F
100
AcDbEntity
  8
HALFEN
100
AcDbLine
 10
2357.231021379467
 20
323.597689101553
 30
0.0
 11
2357.231021379467
 21
303.5976891015529
 31
0.0
  0
ARC
  5
4C8D
330
1F
100
AcDbEntity
  8
HALFEN
100
AcDbCircle
 10
2375.073878522325
 20
313.597689101553
 30
0.0
 40
17.84285714285705
100
AcDbArc
 50
157.1518592214939
 51
202.8481407785061
  0
LINE
  5
4C8E
330
1F
100
AcDbEntity
  8
HALFEN
100
AcDbLine
 10
2370.031021379467
 20
303.597689101553
 30
0.0
 11
2370.031021379467
 21
302.8196493964092
 31
0.0
  0
LINE
  5
4C8F
330
1F
100
AcDbEntity
  8
HALFEN
100
AcDbLine
 10
2357.231021379467
 20
324.375728806697
 30
0.0
 11
2357.231021379467
 21
302.8196493964088
 31
0.0
  0
LINE
  5
4C90
330
1F
100
AcDbEntity
  8
HALFEN
100
AcDbLine
 10
2358.631021379467
 20
306.6694858712774
 30
0.0
 11
2363.231021379467
 21
306.6694858712773
 31
0.0
  0
LINE
  5
4C91
330
1F
100
AcDbEntity
  8
HALFEN
100
AcDbLine
 10
2358.631021379467
 20
299.7412826410021
 30
0.0
 11
2368.631021379467
 21
299.7412826410021
 31
0.0
  0
ARC
  5
4C92
330
1F
100
AcDbEntity
  8
HALFEN
100
AcDbCircle
 10
2362.163595885891
 20
303.2053842561398
 30
0.0
 40
4.947634045020005
100
AcDbArc
 50
135.5607065943833
 51
224.4392934056167
  0
LINE
  5
4C93
330
1F
100
AcDbEntity
  8
HALFEN
100
AcDbLine
 10
2363.231021379467
 20
303.597689101553
 30
0.0
 11
2404.231021379467
 21
303.597689101553
 31
0.0
1001
ACAD
1000
ASC_BOUNDS
1002
{
1070
    19
1002
}
  0
ARC
  5
4C94
330
1F
100
AcDbEntity
  8
HALFEN
100
AcDbCircle
 10
2365.098446873043
 20
303.2053842561396
 30
0.0
 40
4.947634045020005
100
AcDbArc
 50
315.5607065943833
 51
4.5478367362347
  0
LINE
  5
4C95
330
1F
100
AcDbEntity
  8
HALFEN
100
AcDbLine
 10
2358.631021379467
 20
327.4540955621039
 30
0.0
 11
2364.773583963688
 21
327.4540955621039
 31
0.0
  0
LINE
  5
4C96
330
1F
100
AcDbEntity
  8
HALFEN
100
AcDbLine
 10
2358.631021379467
 20
320.5258923318285
 30
0.0
 11
2363.231021379467
 21
320.5258923318285
 31
0.0
  0
ARC
  5
4C97
330
1F
100
AcDbEntity
  8
HALFEN
100
AcDbCircle
 10
2362.163595885891
 20
323.9899939469662
 30
0.0
 40
4.947634045020005
100
AcDbArc
 50
135.5607065943833
 51
224.4392934056167
  0
ARC
  5
4C98
330
1F
100
AcDbEntity
  8
HALFEN
100
AcDbCircle
 10
2404.266404935611
 20
237.9317452354418
 30
0.0
 40
1.03540436960678
100
AcDbArc
 50
180.3632917525998
 51
220.7795063767222
  0
LINE
  5
4C99
330
1F
100
AcDbEntity
  8
HALFEN
100
AcDbLine
 10
2401.231021379468
 20
235.9146458591181
 30
0.0
 11
2401.231021379468
 21
253.914645859118
 31
0.0
  0
LINE
  5
4C9A
330
1F
100
AcDbEntity
  8
HALFEN
100
AcDbLine
 10
2403.231021379467
 20
235.914645859118
 30
0.0
 11
2403.231021379467
 21
253.914645859118
 31
0.0
  0
ARC
  5
4C9B
330
1F
100
AcDbEntity
  8
HALFEN
100
AcDbCircle
 10
2399.731021379468
 20
235.9146458591181
 30
0.0
 40
3.5
100
AcDbArc
 50
272.7581246076785
 51
0.0
  0
LINE
  5
4C9C
330
1F
100
AcDbEntity
  8
HALFEN
100
AcDbLine
 10
2401.724990567002
 20
232.4146458591179
 30
0.0
 11
2399.815279773374
 21
232.4146458591179
 31
0.0
  0
ARC
  5
4C9D
330
1F
100
AcDbEntity
  8
HALFEN
100
AcDbCircle
 10
2399.731021379468
 20
235.9146458591181
 30
0.0
 40
1.5
100
AcDbArc
 50
270.0
 51
0.0
  0
ARC
  5
4C9E
330
1F
100
AcDbEntity
  8
HALFEN
100
AcDbCircle
 10
2401.31656830101
 20
235.30232128902
 30
0.0
 40
2.91641528864085
100
AcDbArc
 50
278.0503090761797
 51
42.04461517369604
  0
LINE
  5
4C9F
330
1F
100
AcDbEntity
  8
HALFEN
100
AcDbLine
 10
2401.723290780151
 20
257.4223306159357
 30
0.0
 11
2399.899440560092
 21
257.4105913649287
 31
0.0
  0
ARC
  5
4CA0
330
1F
100
AcDbEntity
  8
HALFEN
100
AcDbCircle
 10
2399.731021379468
 20
253.9146458591181
 30
0.0
 40
3.5
100
AcDbArc
 50
0.0
 51
87.24187539232143
  0
ARC
  5
4CA1
330
1F
100
AcDbEntity
  8
HALFEN
100
AcDbCircle
 10
2399.731021379468
 20
253.914645859118
 30
0.0
 40
1.5
100
AcDbArc
 50
0.0
 51
90.0
  0
ARC
  5
4CA2
330
1F
100
AcDbEntity
  8
HALFEN
100
AcDbCircle
 10
2401.314606090827
 20
254.5346923143941
 30
0.0
 40
2.91641528864085
100
AcDbArc
 50
317.9553848263083
 51
81.94969092382029
  0
ARC
  5
4CA3
330
1F
100
AcDbEntity
  8
HALFEN
100
AcDbCircle
 10
2404.264442725426
 20
251.9052683679724
 30
0.0
 40
1.035404369607112
100
AcDbArc
 50
139.2204936232942
 51
179.6367082474003
  0
LINE
  5
4CA4
330
1F
100
AcDbEntity
  8
HALFEN
100
AcDbLine
 10
2404.231021379467
 20
303.597689101553
 30
0.0
 11
2404.231021379467
 21
323.597689101553
 31
0.0
1001
ACAD
1000
ASC_BOUNDS
1002
{
1070
    19
1005
0
1002
}
  0
ARC
  5
4CA5
330
1F
100
AcDbEntity
  8
HALFEN
100
AcDbCircle
 10
2404.231021379467
 20
324.597689101553
 30
0.0
 40
1.0
100
AcDbArc
 50
180.0
 51
270.0
1001
ACAD
1000
ASC_BOUNDS
1002
{
1070
    19
1002
}
  0
LINE
  5
4CA7
330
1F
100
AcDbEntity
  8
HALFEN
100
AcDbLine
 10
2403.231021379467
 20
408.597689101553
 30
0.0
 11
2397.231021379467
 21
408.597689101553
 31
0.0
  0
LINE
  5
4CAB
330
1F
100
AcDbEntity
  8
HALFEN
100
AcDbLine
 10
2452.556868157975
 20
408.5976891015531
 30
0.0
 11
2481.072530647088
 21
408.5976891015531
 31
0.0
  0
LINE
  5
4CAC
330
1F
100
AcDbEntity
  8
HALFEN
100
AcDbLine
 10
2452.556868157975
 20
303.5976891015529
 30
0.0
 11
2460.13520747822
 21
303.597689101553
 31
0.0
  0
LINE
  5
4CAD
330
1F
100
AcDbEntity
  8
HALFEN
100
AcDbLine
 10
2473.494191326842
 20
303.5976891015529
 30
0.0
 11
2481.072530647087
 21
303.5976891015529
 31
0.0
  0
LINE
  5
4CAE
330
1F
100
AcDbEntity
  8
HALFEN
100
AcDbLine
 10
2452.556868157975
 20
303.5976891015529
 30
0.0
 11
2452.556868157975
 21
408.5976891015532
 31
0.0
  0
LINE
  5
4CAF
330
1F
100
AcDbEntity
  8
HALFEN
100
AcDbLine
 10
2454.814699402531
 20
303.597689101553
 30
0.0
 11
2454.814699402531
 21
311.0976891015527
 31
0.0
  0
LINE
  5
4CB0
330
1F
100
AcDbEntity
  8
HALFEN
100
AcDbLine
 10
2454.814699402531
 20
316.0976891015526
 30
0.0
 11
2454.814699402531
 21
408.597689101553
 31
0.0
  0
LINE
  5
4CB1
330
1F
100
AcDbEntity
  8
HALFEN
100
AcDbLine
 10
2481.072530647087
 20
303.5976891015529
 30
0.0
 11
2481.072530647087
 21
408.5976891015532
 31
0.0
  0
LINE
  5
4CB2
330
1F
100
AcDbEntity
  8
HALFEN
100
AcDbLine
 10
2478.814699402531
 20
303.597689101553
 30
0.0
 11
2478.814699402531
 21
311.0976891015529
 31
0.0
  0
LINE
  5
4CB3
330
1F
100
AcDbEntity
  8
HALFEN
100
AcDbLine
 10
2478.814699402531
 20
316.0976891015526
 30
0.0
 11
2478.814699402531
 21
408.597689101553
 31
0.0
  0
ARC
  5
4CB4
330
1F
100
AcDbEntity
  8
HALFEN
100
AcDbCircle
 10
2466.814699402531
 20
313.5976891015527
 30
0.0
 40
11.25
100
AcDbArc
 50
12.8395884069042
 51
77.1604115930958
  0
ARC
  5
4CB5
330
1F
100
AcDbEntity
  8
HALFEN
100
AcDbCircle
 10
2466.814699402531
 20
313.5976891015527
 30
0.0
 40
11.25
100
AcDbArc
 50
102.8395884069042
 51
167.160411593097
  0
ARC
  5
4CB6
330
1F
100
AcDbEntity
  8
HALFEN
100
AcDbCircle
 10
2466.814699402531
 20
313.5976891015527
 30
0.0
 40
11.25
100
AcDbArc
 50
192.839588406904
 51
347.1604115930964
  0
LINE
  5
4CB8
330
1F
100
AcDbEntity
  8
HALFEN
100
AcDbLine
 10
2454.814699402531
 20
306.6694858712773
 30
0.0
 11
2466.814699402531
 21
299.7412826410016
 31
0.0
  0
LINE
  5
4CB9
330
1F
100
AcDbEntity
  8
HALFEN
100
AcDbLine
 10
2466.814699402531
 20
299.7412826410016
 30
0.0
 11
2478.814699402531
 21
306.6694858712776
 31
0.0
  0
LINE
  5
4CBA
330
1F
100
AcDbEntity
  8
HALFEN
100
AcDbLine
 10
2478.814699402531
 20
306.6694858712776
 30
0.0
 11
2478.814699402531
 21
311.0976891015529
 31
0.0
  0
LINE
  5
4CBB
330
1F
100
AcDbEntity
  8
HALFEN
100
AcDbLine
 10
2478.814699402531
 20
316.0976891015529
 30
0.0
 11
2478.814699402531
 21
320.5258923318282
 31
0.0
  0
LINE
  5
4CBC
330
1F
100
AcDbEntity
  8
HALFEN
100
AcDbLine
 10
2478.814699402531
 20
320.5258923318282
 30
0.0
 11
2469.314699402531
 21
326.0107198891298
 31
0.0
  0
LINE
  5
4CBD
330
1F
100
AcDbEntity
  8
HALFEN
100
AcDbLine
 10
2464.31469940253
 20
326.0107198891295
 30
0.0
 11
2454.814699402531
 21
320.5258923318274
 31
0.0
  0
LINE
  5
4CBE
330
1F
100
AcDbEntity
  8
HALFEN
100
AcDbLine
 10
2454.814699402531
 20
320.5258923318274
 30
0.0
 11
2454.814699402531
 21
316.0976891015526
 31
0.0
  0
LINE
  5
4CBF
330
1F
100
AcDbEntity
  8
HALFEN
100
AcDbLine
 10
2454.814699402531
 20
311.0976891015527
 30
0.0
 11
2454.814699402531
 21
306.6694858712773
 31
0.0
  0
ARC
  5
4CC0
330
1F
100
AcDbEntity
  8
HALFEN
100
AcDbCircle
 10
2466.814699402531
 20
369.8476891015531
 30
0.0
 40
4.25
100
AcDbArc
 50
180.0
 51
0.0
  0
ARC
  5
4CC1
330
1F
100
AcDbEntity
  8
HALFEN
100
AcDbCircle
 10
2466.814699402531
 20
389.3476891015531
 30
0.0
 40
4.25
100
AcDbArc
 50
0.0
 51
180.0
  0
LINE
  5
4CC2
330
1F
100
AcDbEntity
  8
HALFEN
100
AcDbLine
 10
2462.564699402531
 20
369.8476891015531
 30
0.0
 11
2462.564699402531
 21
389.3476891015531
 31
0.0
  0
LINE
  5
4CC3
330
1F
100
AcDbEntity
  8
HALFEN
100
AcDbLine
 10
2471.064699402531
 20
389.3476891015531
 30
0.0
 11
2471.064699402531
 21
369.8476891015531
 31
0.0
  0
LINE
  5
4CC4
330
1F
100
AcDbEntity
  8
HALFEN
100
AcDbLine
 10
2478.814699402531
 20
388.0976891015529
 30
0.0
 11
2471.064699402531
 21
388.0976891015529
 31
0.0
  0
LINE
  5
4CC5
330
1F
100
AcDbEntity
  8
HALFEN
100
AcDbLine
 10
2478.814699402531
 20
389.0976891015529
 30
0.0
 11
2471.064699402531
 21
389.0976891015529
 31
0.0
  0
LINE
  5
4CC6
330
1F
100
AcDbEntity
  8
HALFEN
100
AcDbLine
 10
2478.814699402531
 20
390.0976891015529
 30
0.0
 11
2470.997999535202
 21
390.0976891015528
 31
0.0
  0
LINE
  5
4CC7
330
1F
100
AcDbEntity
  8
HALFEN
100
AcDbLine
 10
2478.814699402531
 20
391.0976891015529
 30
0.0
 11
2470.687682748739
 21
391.0976891015529
 31
0.0
  0
LINE
  5
4CC8
330
1F
100
AcDbEntity
  8
HALFEN
100
AcDbLine
 10
2478.814699402531
 20
392.0976891015527
 30
0.0
 11
2470.055069751735
 21
392.0976891015531
 31
0.0
  0
LINE
  5
4CC9
330
1F
100
AcDbEntity
  8
HALFEN
100
AcDbLine
 10
2478.814699402531
 20
367.0976891015529
 30
0.0
 11
2470.055069751735
 21
367.0976891015529
 31
0.0
  0
LINE
  5
4CCA
330
1F
100
AcDbEntity
  8
HALFEN
100
AcDbLine
 10
2478.814699402531
 20
368.0976891015526
 30
0.0
 11
2470.687682748738
 21
368.0976891015531
 31
0.0
  0
LINE
  5
4CCB
330
1F
100
AcDbEntity
  8
HALFEN
100
AcDbLine
 10
2478.814699402531
 20
369.0976891015529
 30
0.0
 11
2470.997999535202
 21
369.0976891015529
 31
0.0
  0
LINE
  5
4CCC
330
1F
100
AcDbEntity
  8
HALFEN
100
AcDbLine
 10
2478.814699402531
 20
370.0976891015529
 30
0.0
 11
2471.064699402531
 21
370.0976891015529
 31
0.0
  0
LINE
  5
4CCD
330
1F
100
AcDbEntity
  8
HALFEN
100
AcDbLine
 10
2478.814699402531
 20
371.0976891015528
 30
0.0
 11
2471.064699402531
 21
371.0976891015532
 31
0.0
  0
LINE
  5
4CCE
330
1F
100
AcDbEntity
  8
HALFEN
100
AcDbLine
 10
2478.814699402531
 20
394.0976891015529
 30
0.0
 11
2454.814699402531
 21
394.0976891015529
 31
0.0
  0
LINE
  5
4CCF
330
1F
100
AcDbEntity
  8
HALFEN
100
AcDbLine
 10
2478.814699402531
 20
395.0976891015529
 30
0.0
 11
2454.814699402531
 21
395.0976891015529
 31
0.0
  0
LINE
  5
4CD0
330
1F
100
AcDbEntity
  8
HALFEN
100
AcDbLine
 10
2478.814699402531
 20
396.0976891015528
 30
0.0
 11
2454.814699402531
 21
396.0976891015529
 31
0.0
  0
LINE
  5
4CD1
330
1F
100
AcDbEntity
  8
HALFEN
100
AcDbLine
 10
2478.814699402531
 20
364.0976891015528
 30
0.0
 11
2454.814699402531
 21
364.0976891015529
 31
0.0
  0
LINE
  5
4CD2
330
1F
100
AcDbEntity
  8
HALFEN
100
AcDbLine
 10
2478.814699402531
 20
365.0976891015528
 30
0.0
 11
2454.814699402531
 21
365.0976891015529
 31
0.0
  0
LINE
  5
4CD3
330
1F
100
AcDbEntity
  8
HALFEN
100
AcDbLine
 10
2462.564699402531
 20
383.0976891015529
 30
0.0
 11
2454.814699402531
 21
383.0976891015529
 31
0.0
  0
LINE
  5
4CD4
330
1F
100
AcDbEntity
  8
HALFEN
100
AcDbLine
 10
2462.564699402531
 20
382.0976891015529
 30
0.0
 11
2454.814699402531
 21
382.0976891015527
 31
0.0
  0
LINE
  5
4CD5
330
1F
100
AcDbEntity
  8
HALFEN
100
AcDbLine
 10
2462.564699402531
 20
381.097689101553
 30
0.0
 11
2454.814699402531
 21
381.0976891015529
 31
0.0
  0
LINE
  5
4CD6
330
1F
100
AcDbEntity
  8
HALFEN
100
AcDbLine
 10
2462.564699402531
 20
380.097689101553
 30
0.0
 11
2454.814699402531
 21
380.0976891015528
 31
0.0
  0
LINE
  5
4CD7
330
1F
100
AcDbEntity
  8
HALFEN
100
AcDbLine
 10
2462.564699402531
 20
379.0976891015529
 30
0.0
 11
2454.814699402531
 21
379.0976891015529
 31
0.0
  0
LINE
  5
4CD8
330
1F
100
AcDbEntity
  8
HALFEN
100
AcDbLine
 10
2462.564699402531
 20
378.0976891015522
 30
0.0
 11
2454.814699402531
 21
378.0976891015532
 31
0.0
  0
LINE
  5
4CD9
330
1F
100
AcDbEntity
  8
HALFEN
100
AcDbLine
 10
2462.564699402531
 20
377.0976891015522
 30
0.0
 11
2454.814699402531
 21
377.0976891015532
 31
0.0
  0
LINE
  5
4CDA
330
1F
100
AcDbEntity
  8
HALFEN
100
AcDbLine
 10
2462.564699402531
 20
375.097689101553
 30
0.0
 11
2454.814699402531
 21
375.0976891015529
 31
0.0
  0
LINE
  5
4CDB
330
1F
100
AcDbEntity
  8
HALFEN
100
AcDbLine
 10
2462.564699402531
 20
384.0976891015529
 30
0.0
 11
2454.814699402531
 21
384.0976891015529
 31
0.0
  0
LINE
  5
4CDC
330
1F
100
AcDbEntity
  8
HALFEN
100
AcDbLine
 10
2462.564699402531
 20
387.0976891015529
 30
0.0
 11
2454.814699402531
 21
387.0976891015528
 31
0.0
  0
LINE
  5
4CDD
330
1F
100
AcDbEntity
  8
HALFEN
100
AcDbLine
 10
2462.564699402531
 20
372.0976891015528
 30
0.0
 11
2454.814699402531
 21
372.0976891015529
 31
0.0
  0
LINE
  5
4CDE
330
1F
100
AcDbEntity
  8
HALFEN
100
AcDbLine
 10
2462.564699402531
 20
385.0976891015529
 30
0.0
 11
2454.814699402531
 21
385.0976891015529
 31
0.0
  0
LINE
  5
4CDF
330
1F
100
AcDbEntity
  8
HALFEN
100
AcDbLine
 10
2462.564699402531
 20
386.0976891015529
 30
0.0
 11
2454.814699402531
 21
386.097689101553
 31
0.0
  0
LINE
  5
4CE0
330
1F
100
AcDbEntity
  8
HALFEN
100
AcDbLine
 10
2462.564699402531
 20
388.097689101553
 30
0.0
 11
2454.814699402531
 21
388.0976891015528
 31
0.0
  0
LINE
  5
4CE1
330
1F
100
AcDbEntity
  8
HALFEN
100
AcDbLine
 10
2462.564699402531
 20
389.097689101553
 30
0.0
 11
2454.814699402531
 21
389.0976891015528
 31
0.0
  0
LINE
  5
4CE2
330
1F
100
AcDbEntity
  8
HALFEN
100
AcDbLine
 10
2462.631399269862
 20
390.0976891015529
 30
0.0
 11
2454.814699402531
 21
390.0976891015529
 31
0.0
  0
LINE
  5
4CE3
330
1F
100
AcDbEntity
  8
HALFEN
100
AcDbLine
 10
2462.941716056324
 20
391.0976891015529
 30
0.0
 11
2454.814699402531
 21
391.0976891015529
 31
0.0
  0
LINE
  5
4CE4
330
1F
100
AcDbEntity
  8
HALFEN
100
AcDbLine
 10
2463.574329053327
 20
392.097689101553
 30
0.0
 11
2454.814699402531
 21
392.0976891015529
 31
0.0
  0
LINE
  5
4CE5
330
1F
100
AcDbEntity
  8
HALFEN
100
AcDbLine
 10
2454.814699402531
 20
376.0976891015531
 30
0.0
 11
2462.564699402531
 21
376.0976891015523
 31
0.0
  0
LINE
  5
4CE6
330
1F
100
AcDbEntity
  8
HALFEN
100
AcDbLine
 10
2463.574329053328
 20
367.0976891015529
 30
0.0
 11
2454.814699402531
 21
367.0976891015529
 31
0.0
  0
LINE
  5
4CE7
330
1F
100
AcDbEntity
  8
HALFEN
100
AcDbLine
 10
2462.941716056324
 20
368.0976891015529
 30
0.0
 11
2454.814699402531
 21
368.0976891015529
 31
0.0
  0
LINE
  5
4CE8
330
1F
100
AcDbEntity
  8
HALFEN
100
AcDbLine
 10
2462.631399269862
 20
369.097689101553
 30
0.0
 11
2454.814699402531
 21
369.0976891015528
 31
0.0
  0
LINE
  5
4CE9
330
1F
100
AcDbEntity
  8
HALFEN
100
AcDbLine
 10
2462.564699402531
 20
370.0976891015529
 30
0.0
 11
2454.814699402531
 21
370.0976891015529
 31
0.0
  0
LINE
  5
4CEA
330
1F
100
AcDbEntity
  8
HALFEN
100
AcDbLine
 10
2462.564699402531
 20
371.097689101553
 30
0.0
 11
2454.814699402531
 21
371.0976891015528
 31
0.0
  0
LINE
  5
4CEB
330
1F
100
AcDbEntity
  8
HALFEN
100
AcDbLine
 10
2462.564699402531
 20
373.0976891015528
 30
0.0
 11
2454.814699402531
 21
373.097689101553
 31
0.0
  0
LINE
  5
4CEC
330
1F
100
AcDbEntity
  8
HALFEN
100
AcDbLine
 10
2462.564699402531
 20
374.097689101553
 30
0.0
 11
2454.814699402531
 21
374.0976891015529
 31
0.0
  0
LINE
  5
4CED
330
1F
100
AcDbEntity
  8
HALFEN
100
AcDbLine
 10
2478.814699402531
 20
393.0976891015529
 30
0.0
 11
2468.814699402531
 21
393.0976891015529
 31
0.0
  0
LINE
  5
4CEE
330
1F
100
AcDbEntity
  8
HALFEN
100
AcDbLine
 10
2464.814699402531
 20
393.0976891015529
 30
0.0
 11
2454.814699402531
 21
393.097689101553
 31
0.0
  0
LINE
  5
4CEF
330
1F
100
AcDbEntity
  8
HALFEN
100
AcDbLine
 10
2464.814699402531
 20
366.0976891015529
 30
0.0
 11
2454.814699402531
 21
366.097689101553
 31
0.0
  0
LINE
  5
4CF0
330
1F
100
AcDbEntity
  8
HALFEN
100
AcDbLine
 10
2471.064699402531
 20
376.097689101553
 30
0.0
 11
2478.814699402531
 21
376.0976891015529
 31
0.0
  0
LINE
  5
4CF1
330
1F
100
AcDbEntity
  8
HALFEN
100
AcDbLine
 10
2478.814699402531
 20
381.0976891015526
 30
0.0
 11
2471.064699402531
 21
381.0976891015537
 31
0.0
  0
LINE
  5
4CF2
330
1F
100
AcDbEntity
  8
HALFEN
100
AcDbLine
 10
2478.814699402531
 20
382.0976891015525
 30
0.0
 11
2471.064699402531
 21
382.0976891015535
 31
0.0
  0
LINE
  5
4CF3
330
1F
100
AcDbEntity
  8
HALFEN
100
AcDbLine
 10
2478.814699402531
 20
383.0976891015526
 30
0.0
 11
2471.064699402531
 21
383.0976891015533
 31
0.0
  0
LINE
  5
4CF4
330
1F
100
AcDbEntity
  8
HALFEN
100
AcDbLine
 10
2478.814699402531
 20
384.0976891015527
 30
0.0
 11
2471.064699402531
 21
384.0976891015532
 31
0.0
  0
LINE
  5
4CF5
330
1F
100
AcDbEntity
  8
HALFEN
100
AcDbLine
 10
2478.814699402531
 20
385.0976891015528
 30
0.0
 11
2471.064699402531
 21
385.097689101553
 31
0.0
  0
LINE
  5
4CF6
330
1F
100
AcDbEntity
  8
HALFEN
100
AcDbLine
 10
2478.814699402531
 20
386.0976891015529
 30
0.0
 11
2471.064699402531
 21
386.0976891015529
 31
0.0
  0
LINE
  5
4CF7
330
1F
100
AcDbEntity
  8
HALFEN
100
AcDbLine
 10
2478.814699402531
 20
387.0976891015529
 30
0.0
 11
2471.064699402531
 21
387.097689101553
 31
0.0
  0
LINE
  5
4CF8
330
1F
100
AcDbEntity
  8
HALFEN
100
AcDbLine
 10
2478.814699402531
 20
377.0976891015529
 30
0.0
 11
2471.064699402531
 21
377.0976891015529
 31
0.0
  0
LINE
  5
4CF9
330
1F
100
AcDbEntity
  8
HALFEN
100
AcDbLine
 10
2478.814699402531
 20
378.0976891015529
 30
0.0
 11
2471.064699402531
 21
378.0976891015529
 31
0.0
  0
LINE
  5
4CFA
330
1F
100
AcDbEntity
  8
HALFEN
100
AcDbLine
 10
2478.814699402531
 20
379.0976891015533
 30
0.0
 11
2471.064699402531
 21
379.0976891015521
 31
0.0
  0
LINE
  5
4CFB
330
1F
100
AcDbEntity
  8
HALFEN
100
AcDbLine
 10
2478.814699402531
 20
380.0976891015532
 30
0.0
 11
2471.064699402531
 21
380.0976891015522
 31
0.0
  0
LINE
  5
4CFC
330
1F
100
AcDbEntity
  8
HALFEN
100
AcDbLine
 10
2478.814699402531
 20
366.0976891015529
 30
0.0
 11
2468.814699402531
 21
366.0976891015529
 31
0.0
  0
LINE
  5
4CFD
330
1F
100
AcDbEntity
  8
HALFEN
100
AcDbLine
 10
2478.814699402531
 20
372.0976891015528
 30
0.0
 11
2471.064699402531
 21
372.097689101553
 31
0.0
  0
LINE
  5
4CFE
330
1F
100
AcDbEntity
  8
HALFEN
100
AcDbLine
 10
2478.814699402531
 20
373.097689101553
 30
0.0
 11
2471.064699402531
 21
373.0976891015528
 31
0.0
  0
LINE
  5
4CFF
330
1F
100
AcDbEntity
  8
HALFEN
100
AcDbLine
 10
2478.814699402531
 20
374.0976891015528
 30
0.0
 11
2471.064699402531
 21
374.097689101553
 31
0.0
  0
LINE
  5
4D00
330
1F
100
AcDbEntity
  8
HALFEN
100
AcDbLine
 10
2478.814699402531
 20
375.0976891015529
 30
0.0
 11
2471.064699402531
 21
375.097689101553
 31
0.0
  0
LINE
  5
4D01
330
1F
100
AcDbEntity
  8
HALFEN
100
AcDbLine
 10
2478.814699402531
 20
363.097689101553
 30
0.0
 11
2454.814699402531
 21
363.0976891015529
 31
0.0
  0
LINE
  5
4D02
330
1F
100
AcDbEntity
  8
HALFEN
  6
STRICHPUNKT2
 62
     1
 48
0.5
100
AcDbLine
 10
2466.814699402531
 20
362.5976891015531
 30
0.0
 11
2466.814699402531
 21
396.5976891015531
 31
0.0
  0
LINE
  5
4D03
330
1F
100
AcDbEntity
  8
HALFEN
  6
STRICHPUNKT2
 62
     1
 48
0.5
100
AcDbLine
 10
2459.564699402531
 20
379.5976891015531
 30
0.0
 11
2474.064699402531
 21
379.5976891015531
 31
0.0
  0
LINE
  5
4D04
330
1F
100
AcDbEntity
  8
HALFEN
100
AcDbLine
 10
2277.231021379467
 20
311.0976891015529
 30
0.0
 11
2302.231021379467
 21
311.0976891015529
 31
0.0
  0
LINE
  5
4D05
330
1F
100
AcDbEntity
  8
HALFEN
100
AcDbLine
 10
2277.231021379467
 20
316.0976891015529
 30
0.0
 11
2302.231021379467
 21
316.0976891015529
 31
0.0
  0
LINE
  5
4D06
330
1F
100
AcDbEntity
  8
HALFEN
100
AcDbLine
 10
2277.231021379467
 20
316.0976891015529
 30
0.0
 11
2277.231021379467
 21
311.0976891015529
 31
0.0
  0
LINE
  5
4D0A
330
1F
100
AcDbEntity
  8
HALFEN
100
AcDbLine
 10
2307.231021379467
 20
305.5976891015529
 30
0.0
 11
2357.231021379467
 21
305.597689101553
 31
0.0
  0
LINE
  5
4D0B
330
1F
100
AcDbEntity
  8
HALFEN
100
AcDbLine
 10
2307.231021379467
 20
321.5976891015529
 30
0.0
 11
2357.231021379467
 21
321.597689101553
 31
0.0
  0
LINE
  5
4D0C
330
1F
100
AcDbEntity
  8
HALFEN
100
AcDbLine
 10
2302.231021379467
 20
311.0976891015529
 30
0.0
 11
2307.231021379467
 21
305.5976891015529
 31
0.0
  0
LINE
  5
4D0E
330
1F
100
AcDbEntity
  8
HALFEN
100
AcDbLine
 10
2302.231021379467
 20
316.0976891015529
 30
0.0
 11
2307.231021379467
 21
321.5976891015529
 31
0.0
  0
LINE
  5
4D13
330
1F
100
AcDbEntity
  8
HALFEN
100
AcDbLine
 10
2357.231021379467
 20
320.3708191015529
 30
0.0
 11
2357.231021379467
 21
306.8245591015529
 31
0.0
  0
ELLIPSE
  5
4D14
330
1F
100
AcDbEntity
  8
HALFEN
100
AcDbEllipse
 10
2287.635767606566
 20
244.9146458591317
 30
0.0
 11
-19.59525377290232
 21
0.0000000000006495
 31
0.0
210
0.0
220
0.0
230
1.0
 40
0.6634259576662032
 41
4.009859693674862
 42
4.71238898038471
  0
ELLIPSE
  5
4D15
330
1F
100
AcDbEntity
  8
HALFEN
100
AcDbEllipse
 10
2287.635767606566
 20
244.9146458591317
 30
0.0
 11
19.59525377290196
 21
0.0000000000000534
 31
0.0
210
0.0
220
0.0
230
1.0
 40
0.6634259576662154
 41
4.712388980384687
 42
5.414918267092303
  0
ARC
  5
4D17
330
1F
100
AcDbEntity
  8
HALFEN
100
AcDbCircle
 10
2297.785892670646
 20
244.914645859127
 30
0.0
 40
20.55487129117615
100
AcDbArc
 50
143.6492833696231
 51
216.3585352849934
  0
ARC
  5
4D18
330
1F
100
AcDbEntity
  8
HALFEN
100
AcDbCircle
 10
2282.843227291531
 20
233.9146458591317
 30
0.0
 40
2.0
100
AcDbArc
 50
216.3585352849934
 51
270.0
  0
LINE
  5
4D19
330
1F
100
AcDbEntity
  8
HALFEN
100
AcDbLine
 10
2282.843227291531
 20
231.9146458591317
 30
0.0
 11
2287.63576760657
 21
231.9146458591317
 31
0.0
  0
CIRCLE
  5
4D1A
330
1F
100
AcDbEntity
  8
HALFEN
100
AcDbCircle
 10
2284.231021379467
 20
244.9146458591317
 30
0.0
 40
2.549999999999998
  0
ARC
  5
4D1C
330
1F
100
AcDbEntity
  8
HALFEN
100
AcDbCircle
 10
2282.841726356735
 20
255.9126066616711
 30
0.0
 40
2.0
100
AcDbArc
 50
91.33537730059243
 51
143.6492833696231
  0
LINE
  5
4D1D
330
1F
100
AcDbEntity
  8
HALFEN
100
AcDbLine
 10
2284.231021379472
 20
257.9146458591317
 30
0.0
 11
2287.635767606566
 21
257.9146458591317
 31
0.0
  0
ARC
  5
4D1E
330
1F
100
AcDbEntity
  8
HALFEN
100
AcDbCircle
 10
2283.57309208296
 20
224.5382665406693
 30
0.0
 40
33.38286337882191
100
AcDbArc
 50
88.8707076348764
 51
91.33537730059243
  0
LINE
  5
4D21
330
1F
100
AcDbEntity
  8
HALFEN
100
AcDbLine
 10
2307.642920093772
 20
236.9146458591317
 30
0.0
 11
2357.379342294428
 21
236.9146458591317
 31
0.0
  0
LINE
  5
4D22
330
1F
100
AcDbEntity
  8
HALFEN
100
AcDbLine
 10
2307.642920093845
 20
252.9146458591317
 30
0.0
 11
2357.379342294432
 21
252.9146458591317
 31
0.0
  0
ELLIPSE
  5
4D23
330
1F
100
AcDbEntity
  8
HALFEN
100
AcDbEllipse
 10
2287.635767606566
 20
244.9146458591317
 30
0.0
 11
19.59525377290174
 21
0.0000000000000969
 31
0.0
210
0.0
220
0.0
230
1.0
 40
0.6634259576662222
 41
-0.8682670400871396
 42
0.8682670400849584
  0
ARC
  5
4D26
330
1F
100
AcDbEntity
  8
HALFEN
100
AcDbCircle
 10
2307.642920093772
 20
221.9146458591311
 30
0.0
 40
15.0
100
AcDbArc
 50
90.0
 51
119.3216395591507
  0
ARC
  5
4D27
330
1F
100
AcDbEntity
  8
HALFEN
100
AcDbCircle
 10
2307.642920093838
 20
267.9146458591154
 30
0.0
 40
15.0
100
AcDbArc
 50
240.6783604407451
 51
270.000000000026
  0
LINE
  5
4D2E
330
1F
100
AcDbEntity
  8
HALFEN
100
AcDbLine
 10
2453.814681779097
 20
311.0976891015527
 30
0.0
 11
2479.814717025965
 21
311.0976891015527
 31
0.0
  0
LINE
  5
4D2F
330
1F
100
AcDbEntity
  8
HALFEN
100
AcDbLine
 10
2453.814681779097
 20
316.0976891015526
 30
0.0
 11
2479.814717025965
 21
316.0976891015529
 31
0.0
  0
LINE
  5
4D36
330
1F
100
AcDbEntity
  8
HALFEN
100
AcDbLine
 10
2453.814681779097
 20
311.0976891015527
 30
0.0
 11
2453.814681779097
 21
316.0976891015526
 31
0.0
  0
ARC
  5
4D37
330
1F
100
AcDbEntity
  8
HALFEN
100
AcDbCircle
 10
2466.814699402531
 20
313.5976891015527
 30
0.0
 40
8.0
100
AcDbArc
 50
108.209956864283
 51
161.790043135718
  0
ARC
  5
4D39
330
1F
100
AcDbEntity
  8
HALFEN
100
AcDbCircle
 10
2466.814699402531
 20
313.5976891015527
 30
0.0
 40
8.0
100
AcDbArc
 50
198.2099568642831
 51
341.7900431357176
  0
ARC
  5
4D3A
330
1F
100
AcDbEntity
  8
HALFEN
100
AcDbCircle
 10
2466.814699402531
 20
313.5976891015527
 30
0.0
 40
8.0
100
AcDbArc
 50
18.20995686428329
 51
71.79004313571695
  0
LINE
  5
4D3B
330
1F
100
AcDbEntity
  8
HALFEN
100
AcDbLine
 10
2479.814717025965
 20
311.0976891015527
 30
0.0
 11
2479.814717025965
 21
316.0976891015529
 31
0.0
  0
LINE
  5
4DF4
330
1F
100
AcDbEntity
  8
HALFEN
100
AcDbLine
 10
2286.731021379467
 20
316.0976891015529
 30
0.0
 11
2286.731021379467
 21
346.0976891015528
 31
0.0
  0
LINE
  5
4DF5
330
1F
100
AcDbEntity
  8
HALFEN
100
AcDbLine
 10
2281.731021379467
 20
346.0976891015528
 30
0.0
 11
2281.731021379467
 21
316.0976891015529
 31
0.0
  0
LINE
  5
4DF6
330
1F
100
AcDbEntity
  8
HALFEN
100
AcDbLine
 10
2280.731021379467
 20
311.0976891015527
 30
0.0
 11
2280.731021379467
 21
309.5976891015528
 31
0.0
  0
LINE
  5
4DF7
330
1F
100
AcDbEntity
  8
HALFEN
100
AcDbLine
 10
2287.731021379467
 20
309.5976891015528
 30
0.0
 11
2287.731021379467
 21
311.0976891015527
 31
0.0
  0
LINE
  5
4DF8
330
1F
100
AcDbEntity
  8
HALFEN
100
AcDbLine
 10
2287.731021379467
 20
309.5976891015528
 30
0.0
 11
2280.731021379467
 21
309.5976891015528
 31
0.0
  0
LINE
  5
4DF9
330
1F
100
AcDbEntity
  8
HALFEN
100
AcDbLine
 10
2286.731021379467
 20
346.0976891015528
 30
0.0
 11
2281.731021379467
 21
346.0976891015528
 31
0.0
  0
LINE
  5
4E0C
330
1F
100
AcDbEntity
  8
HALFEN
100
AcDbLine
 10
2469.314699402531
 20
316.0976891015528
 30
0.0
 11
2469.314699402531
 21
346.0976891015527
 31
0.0
  0
LINE
  5
4E0D
330
1F
100
AcDbEntity
  8
HALFEN
100
AcDbLine
 10
2464.31469940253
 20
346.0976891015527
 30
0.0
 11
2464.31469940253
 21
316.0976891015528
 31
0.0
  0
LINE
  5
4E0E
330
1F
100
AcDbEntity
  8
HALFEN
100
AcDbLine
 10
2463.314699402531
 20
311.0976891015527
 30
0.0
 11
2463.314699402531
 21
309.5976891015526
 31
0.0
  0
LINE
  5
4E0F
330
1F
100
AcDbEntity
  8
HALFEN
100
AcDbLine
 10
2470.314699402531
 20
309.5976891015526
 30
0.0
 11
2470.314699402531
 21
311.0976891015527
 31
0.0
  0
LINE
  5
4E10
330
1F
100
AcDbEntity
  8
HALFEN
100
AcDbLine
 10
2470.314699402531
 20
309.5976891015526
 30
0.0
 11
2463.314699402531
 21
309.5976891015526
 31
0.0
  0
LINE
  5
4E11
330
1F
100
AcDbEntity
  8
HALFEN
100
AcDbLine
 10
2469.314699402531
 20
346.0976891015527
 30
0.0
 11
2464.31469940253
 21
346.0976891015527
 31
0.0
  0
LINE
  5
54FF
330
1F
100
AcDbEntity
  8
HALFEN
100
AcDbLine
 10
2213.451800045025
 20
619.8906526323781
 30
0.0
 11
2213.451800045025
 21
606.3443926323781
 31
0.0
  0
LINE
  5
5500
330
1F
100
AcDbEntity
  8
HALFEN
100
AcDbLine
 10
2212.224930045025
 20
621.1175226323781
 30
0.0
 11
2212.224930045025
 21
605.1175226323781
 31
0.0
  0
LINE
  5
5501
330
1F
100
AcDbEntity
  8
HALFEN
100
AcDbLine
 10
2212.224930045025
 20
605.1175226323781
 30
0.0
 11
2213.451800045025
 21
606.3443926323781
 31
0.0
  0
LINE
  5
5502
330
1F
100
AcDbEntity
  8
HALFEN
100
AcDbLine
 10
2213.451800045025
 20
619.8906526323781
 30
0.0
 11
2212.224930045025
 21
621.1175226323781
 31
0.0
  0
LINE
  5
5530
330
1F
100
AcDbEntity
  8
HALFEN
100
AcDbLine
 10
2200.103654119627
 20
621.1177512427492
 30
0.0
 11
2212.224930045025
 21
621.1175226323781
 31
0.0
  0
LINE
  5
5531
330
1F
100
AcDbEntity
  8
HALFEN
100
AcDbLine
 10
2200.103303940734
 20
605.1177512493536
 30
0.0
 11
2212.224930045025
 21
605.1175226323781
 31
0.0
  0
LINE
  5
55A0
330
1F
100
AcDbEntity
  8
HALFEN
100
AcDbLine
 10
2369.882525323024
 20
236.9134720042227
 30
0.0
 11
2382.004151427315
 21
236.9132433872472
 31
0.0
  0
LINE
  5
55A1
330
1F
100
AcDbEntity
  8
HALFEN
100
AcDbLine
 10
2369.882875501918
 20
252.9134719976183
 30
0.0
 11
2382.004151427315
 21
252.9132433872472
 31
0.0
  0
LINE
  5
55A2
330
1F
100
AcDbEntity
  8
HALFEN
100
AcDbLine
 10
2383.231021427316
 20
251.6863733872473
 30
0.0
 11
2383.231021427316
 21
238.1401133872472
 31
0.0
  0
LINE
  5
55A3
330
1F
100
AcDbEntity
  8
HALFEN
100
AcDbLine
 10
2382.004151427315
 20
252.9132433872472
 30
0.0
 11
2382.004151427315
 21
236.9132433872472
 31
0.0
  0
LINE
  5
55A4
330
1F
100
AcDbEntity
  8
HALFEN
100
AcDbLine
 10
2382.004151427315
 20
236.9132433872472
 30
0.0
 11
2383.231021427316
 21
238.1401133872472
 31
0.0
  0
LINE
  5
55A5
330
1F
100
AcDbEntity
  8
HALFEN
100
AcDbLine
 10
2383.231021427316
 20
251.6863733872473
 30
0.0
 11
2382.004151427315
 21
252.9132433872472
 31
0.0
  0
LINE
  5
6344
330
1F
100
AcDbEntity
  8
HALFEN
100
AcDbLine
 10
2493.29533983186
 20
692.8019683466837
 30
0.0
 11
2493.29533983186
 21
776.8019683466838
 31
0.0
1001
ACAD
1000
ASC_BOUNDS
1002
{
1070
    19
1005
0
1005
0
1005
0
1005
0
1005
0
1005
0
1005
0
1005
0
1005
0
1002
}
  0
LINE
  5
6345
330
1F
100
AcDbEntity
  8
HALFEN
100
AcDbLine
 10
2453.29533983186
 20
691.8019683466837
 30
0.0
 11
2487.29533983186
 21
776.8019683466838
 31
0.0
  0
LINE
  5
6346
330
1F
100
AcDbEntity
  8
HALFEN
100
AcDbLine
 10
2489.867519480699
 20
623.617187463882
 30
0.0
 11
2453.29533983186
 21
625.379073202628
 31
0.0
  0
LINE
  5
6347
330
1F
100
AcDbEntity
  8
HALFEN
100
AcDbLine
 10
2489.963759012484
 20
625.6148706100597
 30
0.0
 11
2453.391579363645
 21
627.3767563488056
 31
0.0
  0
LINE
  5
6348
330
1F
100
AcDbEntity
  8
HALFEN
100
AcDbLine
 10
2489.963759012484
 20
600.6229795984382
 30
0.0
 11
2453.391579363645
 21
598.8610938596922
 31
0.0
  0
LINE
  5
6349
330
1F
100
AcDbEntity
  8
HALFEN
100
AcDbLine
 10
2489.867519480699
 20
602.6206627446157
 30
0.0
 11
2453.29533983186
 21
600.8587770058698
 31
0.0
  0
ARC
  5
634A
330
1F
100
AcDbEntity
  8
HALFEN
100
AcDbCircle
 10
2446.538350140218
 20
607.1189251042492
 30
0.0
 40
13.55700550869242
100
AcDbArc
 50
333.7316689015461
 51
26.26833109845102
  0
ARC
  5
634B
330
1F
100
AcDbEntity
  8
HALFEN
100
AcDbCircle
 10
2460.852329523503
 20
607.1189251042492
 30
0.0
 40
13.55700550869242
100
AcDbArc
 50
153.7316689015489
 51
206.268331098454
  0
LINE
  5
634C
330
1F
100
AcDbEntity
  8
HALFEN
100
AcDbLine
 10
2458.69533983186
 20
601.1189251042488
 30
0.0
 11
2448.69533983186
 21
601.1189251042488
 31
0.0
  0
LINE
  5
634D
330
1F
100
AcDbEntity
  8
HALFEN
100
AcDbLine
 10
2453.29533983186
 20
600.8587770058698
 30
0.0
 11
2453.391579363645
 21
598.8610938596922
 31
0.0
  0
LINE
  5
634F
330
1F
100
AcDbEntity
  8
HALFEN
100
AcDbLine
 10
2458.695339831859
 20
625.1189251042489
 30
0.0
 11
2448.695339831859
 21
625.118925104249
 31
0.0
  0
LINE
  5
6350
330
1F
100
AcDbEntity
  8
HALFEN
100
AcDbLine
 10
2458.69533983186
 20
613.1189251042489
 30
0.0
 11
2448.69533983186
 21
613.1189251042489
 31
0.0
  0
LINE
  5
6351
330
1F
100
AcDbEntity
  8
HALFEN
100
AcDbLine
 10
2447.295339831859
 20
619.1396341216187
 30
0.0
 11
2447.295339831859
 21
607.0982160869065
 31
0.0
  0
ARC
  5
6352
330
1F
100
AcDbEntity
  8
HALFEN
100
AcDbCircle
 10
2460.852329523503
 20
619.118925104249
 30
0.0
 40
13.55700550869242
100
AcDbArc
 50
153.731668901546
 51
206.268331098451
  0
LINE
  5
6353
330
1F
100
AcDbEntity
  8
HALFEN
100
AcDbLine
 10
2460.09533983186
 20
619.1396341216187
 30
0.0
 11
2460.09533983186
 21
607.0982160868922
 31
0.0
  0
ARC
  5
6354
330
1F
100
AcDbEntity
  8
HALFEN
100
AcDbCircle
 10
2446.538350140218
 20
619.118925104249
 30
0.0
 40
13.55700550869242
100
AcDbArc
 50
333.731668901549
 51
26.26833109845394
  0
LINE
  5
6355
330
1F
100
AcDbEntity
  8
HALFEN
100
AcDbLine
 10
2453.29533983186
 20
625.379073202628
 30
0.0
 11
2453.391579363645
 21
627.3767563488056
 31
0.0
  0
LINE
  5
6357
330
1F
100
AcDbEntity
  8
HALFEN
100
AcDbLine
 10
2453.29533983186
 20
691.8019683466837
 30
0.0
 11
2453.29533983186
 21
671.8019683466839
 31
0.0
  0
LINE
  5
6358
330
1F
100
AcDbEntity
  8
HALFEN
100
AcDbLine
 10
2447.295339831859
 20
691.8019683466837
 30
0.0
 11
2447.295339831859
 21
671.8019683466836
 31
0.0
  0
ARC
  5
6359
330
1F
100
AcDbEntity
  8
HALFEN
100
AcDbCircle
 10
2465.138196974717
 20
681.8019683466839
 30
0.0
 40
17.84285714285705
100
AcDbArc
 50
157.1518592214939
 51
202.8481407785061
  0
LINE
  5
635A
330
1F
100
AcDbEntity
  8
HALFEN
100
AcDbLine
 10
2460.09533983186
 20
671.8019683466839
 30
0.0
 11
2460.09533983186
 21
671.0239286415401
 31
0.0
  0
LINE
  5
635B
330
1F
100
AcDbEntity
  8
HALFEN
100
AcDbLine
 10
2447.295339831859
 20
692.5800080518277
 30
0.0
 11
2447.295339831859
 21
671.0239286415395
 31
0.0
  0
LINE
  5
635C
330
1F
100
AcDbEntity
  8
HALFEN
100
AcDbLine
 10
2448.69533983186
 20
674.8737651164081
 30
0.0
 11
2453.29533983186
 21
674.8737651164081
 31
0.0
  0
LINE
  5
635D
330
1F
100
AcDbEntity
  8
HALFEN
100
AcDbLine
 10
2448.695339831859
 20
667.945561886133
 30
0.0
 11
2458.69533983186
 21
667.945561886133
 31
0.0
  0
ARC
  5
635E
330
1F
100
AcDbEntity
  8
HALFEN
100
AcDbCircle
 10
2452.227914338284
 20
671.4096635012707
 30
0.0
 40
4.947634045020005
100
AcDbArc
 50
135.5607065943833
 51
224.4392934056167
  0
LINE
  5
635F
330
1F
100
AcDbEntity
  8
HALFEN
100
AcDbLine
 10
2453.29533983186
 20
671.8019683466839
 30
0.0
 11
2494.29533983186
 21
671.8019683466839
 31
0.0
1001
ACAD
1000
ASC_BOUNDS
1002
{
1070
    19
1002
}
  0
ARC
  5
6360
330
1F
100
AcDbEntity
  8
HALFEN
100
AcDbCircle
 10
2455.162765325435
 20
671.4096635012705
 30
0.0
 40
4.947634045020005
100
AcDbArc
 50
315.5607065943833
 51
4.5478367362347
  0
LINE
  5
6361
330
1F
100
AcDbEntity
  8
HALFEN
100
AcDbLine
 10
2448.695339831859
 20
695.6583748072348
 30
0.0
 11
2454.83790241608
 21
695.6583748072348
 31
0.0
  0
LINE
  5
6362
330
1F
100
AcDbEntity
  8
HALFEN
100
AcDbLine
 10
2448.695339831859
 20
688.7301715769592
 30
0.0
 11
2453.29533983186
 21
688.7301715769592
 31
0.0
  0
ARC
  5
6363
330
1F
100
AcDbEntity
  8
HALFEN
100
AcDbCircle
 10
2452.227914338284
 20
692.1942731920971
 30
0.0
 40
4.947634045020005
100
AcDbArc
 50
135.5607065943833
 51
224.4392934056167
  0
ARC
  5
6364
330
1F
100
AcDbEntity
  8
HALFEN
100
AcDbCircle
 10
2494.330723388003
 20
606.1360244805727
 30
0.0
 40
1.03540436960678
100
AcDbArc
 50
180.3632917525998
 51
220.7795063767222
  0
LINE
  5
6365
330
1F
100
AcDbEntity
  8
HALFEN
100
AcDbLine
 10
2491.29533983186
 20
604.118925104249
 30
0.0
 11
2491.29533983186
 21
622.1189251042487
 31
0.0
  0
LINE
  5
6366
330
1F
100
AcDbEntity
  8
HALFEN
100
AcDbLine
 10
2493.29533983186
 20
604.1189251042489
 30
0.0
 11
2493.29533983186
 21
622.1189251042487
 31
0.0
  0
ARC
  5
6367
330
1F
100
AcDbEntity
  8
HALFEN
100
AcDbCircle
 10
2489.795339831859
 20
604.118925104249
 30
0.0
 40
3.5
100
AcDbArc
 50
272.7581246076785
 51
0.0
  0
LINE
  5
6368
330
1F
100
AcDbEntity
  8
HALFEN
100
AcDbLine
 10
2491.789309019396
 20
600.6189251042489
 30
0.0
 11
2489.879598225765
 21
600.6189251042489
 31
0.0
  0
ARC
  5
6369
330
1F
100
AcDbEntity
  8
HALFEN
100
AcDbCircle
 10
2489.795339831859
 20
604.118925104249
 30
0.0
 40
1.5
100
AcDbArc
 50
270.0
 51
0.0
  0
ARC
  5
636A
330
1F
100
AcDbEntity
  8
HALFEN
100
AcDbCircle
 10
2491.380886753403
 20
603.5066005341508
 30
0.0
 40
2.91641528864085
100
AcDbArc
 50
278.0503090761797
 51
42.04461517369604
  0
LINE
  5
636B
330
1F
100
AcDbEntity
  8
HALFEN
100
AcDbLine
 10
2491.787609232543
 20
625.6266098610666
 30
0.0
 11
2489.963759012484
 21
625.6148706100597
 31
0.0
  0
ARC
  5
636C
330
1F
100
AcDbEntity
  8
HALFEN
100
AcDbCircle
 10
2489.795339831859
 20
622.1189251042488
 30
0.0
 40
3.5
100
AcDbArc
 50
0.0
 51
87.24187539232143
  0
ARC
  5
636D
330
1F
100
AcDbEntity
  8
HALFEN
100
AcDbCircle
 10
2489.795339831859
 20
622.1189251042487
 30
0.0
 40
1.5
100
AcDbArc
 50
0.0
 51
90.0
  0
ARC
  5
636E
330
1F
100
AcDbEntity
  8
HALFEN
100
AcDbCircle
 10
2491.378924543218
 20
622.738971559525
 30
0.0
 40
2.91641528864085
100
AcDbArc
 50
317.9553848263083
 51
81.94969092382029
  0
ARC
  5
636F
330
1F
100
AcDbEntity
  8
HALFEN
100
AcDbCircle
 10
2494.328761177819
 20
620.1095476131032
 30
0.0
 40
1.035404369607112
100
AcDbArc
 50
139.2204936232942
 51
179.6367082474003
  0
LINE
  5
6370
330
1F
100
AcDbEntity
  8
HALFEN
100
AcDbLine
 10
2494.29533983186
 20
671.8019683466839
 30
0.0
 11
2494.29533983186
 21
691.8019683466837
 31
0.0
1001
ACAD
1000
ASC_BOUNDS
1002
{
1070
    19
1005
0
1002
}
  0
ARC
  5
6371
330
1F
100
AcDbEntity
  8
HALFEN
100
AcDbCircle
 10
2494.29533983186
 20
692.8019683466837
 30
0.0
 40
1.0
100
AcDbArc
 50
180.0
 51
270.0
1001
ACAD
1000
ASC_BOUNDS
1002
{
1070
    19
1002
}
  0
LINE
  5
6373
330
1F
100
AcDbEntity
  8
HALFEN
100
AcDbLine
 10
2493.29533983186
 20
776.8019683466838
 30
0.0
 11
2487.29533983186
 21
776.8019683466838
 31
0.0
  0
LINE
  5
6377
330
1F
100
AcDbEntity
  8
HALFEN
100
AcDbLine
 10
2542.621186610367
 20
776.8019683466839
 30
0.0
 11
2571.13684909948
 21
776.8019683466839
 31
0.0
  0
LINE
  5
6378
330
1F
100
AcDbEntity
  8
HALFEN
100
AcDbLine
 10
2542.621186610367
 20
671.8019683466836
 30
0.0
 11
2550.199525930612
 21
671.8019683466839
 31
0.0
  0
LINE
  5
6379
330
1F
100
AcDbEntity
  8
HALFEN
100
AcDbLine
 10
2563.558509779235
 20
671.8019683466836
 30
0.0
 11
2571.13684909948
 21
671.8019683466836
 31
0.0
  0
LINE
  5
637A
330
1F
100
AcDbEntity
  8
HALFEN
100
AcDbLine
 10
2542.621186610367
 20
671.8019683466836
 30
0.0
 11
2542.621186610367
 21
679.3019683466837
 31
0.0
  0
LINE
  5
637B
330
1F
100
AcDbEntity
  8
HALFEN
100
AcDbLine
 10
2544.879017854924
 20
671.8019683466839
 30
0.0
 11
2544.879017854924
 21
679.3019683466837
 31
0.0
  0
LINE
  5
637C
330
1F
100
AcDbEntity
  8
HALFEN
100
AcDbLine
 10
2544.879017854923
 20
684.3019683466835
 30
0.0
 11
2544.879017854923
 21
776.8019683466838
 31
0.0
  0
LINE
  5
637D
330
1F
100
AcDbEntity
  8
HALFEN
100
AcDbLine
 10
2571.13684909948
 20
671.8019683466836
 30
0.0
 11
2571.13684909948
 21
679.3019683466837
 31
0.0
  0
LINE
  5
637E
330
1F
100
AcDbEntity
  8
HALFEN
100
AcDbLine
 10
2568.879017854924
 20
671.8019683466839
 30
0.0
 11
2568.879017854924
 21
679.3019683466837
 31
0.0
  0
LINE
  5
637F
330
1F
100
AcDbEntity
  8
HALFEN
100
AcDbLine
 10
2568.879017854924
 20
684.3019683466835
 30
0.0
 11
2568.879017854924
 21
776.8019683466838
 31
0.0
  0
ARC
  5
6380
330
1F
100
AcDbEntity
  8
HALFEN
100
AcDbCircle
 10
2556.879017854924
 20
681.8019683466836
 30
0.0
 40
11.25
100
AcDbArc
 50
102.8395884069042
 51
167.1604115930958
  0
ARC
  5
6381
330
1F
100
AcDbEntity
  8
HALFEN
100
AcDbCircle
 10
2556.879017854924
 20
681.8019683466836
 30
0.0
 40
11.25
100
AcDbArc
 50
192.8395884069042
 51
257.160411593097
  0
ARC
  5
6382
330
1F
100
AcDbEntity
  8
HALFEN
100
AcDbCircle
 10
2556.879017854924
 20
681.8019683466836
 30
0.0
 40
11.25
100
AcDbArc
 50
282.8395884069042
 51
347.1604115930958
  0
ARC
  5
6383
330
1F
100
AcDbEntity
  8
HALFEN
100
AcDbCircle
 10
2556.879017854924
 20
681.8019683466836
 30
0.0
 40
11.25
100
AcDbArc
 50
12.83958840690418
 51
77.16041159309654
  0
LINE
  5
6384
330
1F
100
AcDbEntity
  8
HALFEN
100
AcDbLine
 10
2544.879017854924
 20
674.8737651164081
 30
0.0
 11
2554.379017854924
 21
669.3889375591067
 31
0.0
  0
LINE
  5
6385
330
1F
100
AcDbEntity
  8
HALFEN
100
AcDbLine
 10
2559.379017854923
 20
669.3889375591063
 30
0.0
 11
2568.879017854924
 21
674.8737651164084
 31
0.0
  0
LINE
  5
6386
330
1F
100
AcDbEntity
  8
HALFEN
100
AcDbLine
 10
2568.879017854924
 20
674.8737651164084
 30
0.0
 11
2568.879017854924
 21
679.3019683466837
 31
0.0
  0
LINE
  5
6387
330
1F
100
AcDbEntity
  8
HALFEN
100
AcDbLine
 10
2568.879017854924
 20
684.3019683466836
 30
0.0
 11
2568.879017854924
 21
688.730171576959
 31
0.0
  0
LINE
  5
6388
330
1F
100
AcDbEntity
  8
HALFEN
100
AcDbLine
 10
2568.879017854924
 20
688.730171576959
 30
0.0
 11
2559.379017854923
 21
694.2149991342605
 31
0.0
  0
LINE
  5
6389
330
1F
100
AcDbEntity
  8
HALFEN
100
AcDbLine
 10
2554.379017854923
 20
694.2149991342604
 30
0.0
 11
2544.879017854924
 21
688.7301715769583
 31
0.0
  0
LINE
  5
638A
330
1F
100
AcDbEntity
  8
HALFEN
100
AcDbLine
 10
2544.879017854924
 20
688.7301715769583
 30
0.0
 11
2544.879017854924
 21
684.3019683466835
 31
0.0
  0
LINE
  5
638B
330
1F
100
AcDbEntity
  8
HALFEN
100
AcDbLine
 10
2544.879017854924
 20
679.3019683466837
 30
0.0
 11
2544.879017854924
 21
674.8737651164081
 31
0.0
  0
ARC
  5
638C
330
1F
100
AcDbEntity
  8
HALFEN
100
AcDbCircle
 10
2556.879017854924
 20
738.0519683466839
 30
0.0
 40
4.25
100
AcDbArc
 50
180.0
 51
0.0
  0
ARC
  5
638D
330
1F
100
AcDbEntity
  8
HALFEN
100
AcDbCircle
 10
2556.879017854924
 20
757.5519683466839
 30
0.0
 40
4.25
100
AcDbArc
 50
0.0
 51
180.0
  0
LINE
  5
638E
330
1F
100
AcDbEntity
  8
HALFEN
100
AcDbLine
 10
2552.629017854924
 20
738.0519683466839
 30
0.0
 11
2552.629017854924
 21
757.5519683466839
 31
0.0
  0
LINE
  5
638F
330
1F
100
AcDbEntity
  8
HALFEN
100
AcDbLine
 10
2561.129017854924
 20
757.5519683466839
 30
0.0
 11
2561.129017854924
 21
738.0519683466839
 31
0.0
  0
LINE
  5
6390
330
1F
100
AcDbEntity
  8
HALFEN
100
AcDbLine
 10
2568.879017854924
 20
756.3019683466838
 30
0.0
 11
2561.129017854924
 21
756.3019683466838
 31
0.0
  0
LINE
  5
6391
330
1F
100
AcDbEntity
  8
HALFEN
100
AcDbLine
 10
2568.879017854924
 20
757.3019683466838
 30
0.0
 11
2561.129017854924
 21
757.3019683466838
 31
0.0
  0
LINE
  5
6392
330
1F
100
AcDbEntity
  8
HALFEN
100
AcDbLine
 10
2568.879017854924
 20
758.3019683466837
 30
0.0
 11
2561.062317987594
 21
758.3019683466837
 31
0.0
  0
LINE
  5
6393
330
1F
100
AcDbEntity
  8
HALFEN
100
AcDbLine
 10
2568.879017854924
 20
759.3019683466837
 30
0.0
 11
2560.752001201131
 21
759.3019683466837
 31
0.0
  0
LINE
  5
6394
330
1F
100
AcDbEntity
  8
HALFEN
100
AcDbLine
 10
2568.879017854924
 20
760.3019683466836
 30
0.0
 11
2560.119388204127
 21
760.3019683466839
 31
0.0
  0
LINE
  5
6395
330
1F
100
AcDbEntity
  8
HALFEN
100
AcDbLine
 10
2568.879017854924
 20
735.3019683466838
 30
0.0
 11
2560.119388204127
 21
735.3019683466838
 31
0.0
  0
LINE
  5
6396
330
1F
100
AcDbEntity
  8
HALFEN
100
AcDbLine
 10
2568.879017854924
 20
736.3019683466834
 30
0.0
 11
2560.752001201131
 21
736.3019683466838
 31
0.0
  0
LINE
  5
6397
330
1F
100
AcDbEntity
  8
HALFEN
100
AcDbLine
 10
2568.879017854924
 20
737.3019683466838
 30
0.0
 11
2561.062317987594
 21
737.3019683466838
 31
0.0
  0
LINE
  5
6398
330
1F
100
AcDbEntity
  8
HALFEN
100
AcDbLine
 10
2568.879017854924
 20
738.3019683466837
 30
0.0
 11
2561.129017854924
 21
738.3019683466837
 31
0.0
  0
LINE
  5
6399
330
1F
100
AcDbEntity
  8
HALFEN
100
AcDbLine
 10
2568.879017854924
 20
739.3019683466836
 30
0.0
 11
2561.129017854924
 21
739.3019683466841
 31
0.0
  0
LINE
  5
639A
330
1F
100
AcDbEntity
  8
HALFEN
100
AcDbLine
 10
2568.879017854924
 20
762.3019683466838
 30
0.0
 11
2544.879017854923
 21
762.3019683466838
 31
0.0
  0
LINE
  5
639B
330
1F
100
AcDbEntity
  8
HALFEN
100
AcDbLine
 10
2568.879017854924
 20
763.3019683466837
 30
0.0
 11
2544.879017854923
 21
763.3019683466837
 31
0.0
  0
LINE
  5
639C
330
1F
100
AcDbEntity
  8
HALFEN
100
AcDbLine
 10
2568.879017854924
 20
764.3019683466836
 30
0.0
 11
2544.879017854923
 21
764.3019683466838
 31
0.0
  0
LINE
  5
639D
330
1F
100
AcDbEntity
  8
HALFEN
100
AcDbLine
 10
2568.879017854924
 20
732.3019683466838
 30
0.0
 11
2544.879017854923
 21
732.3019683466838
 31
0.0
  0
LINE
  5
639E
330
1F
100
AcDbEntity
  8
HALFEN
100
AcDbLine
 10
2568.879017854924
 20
733.3019683466837
 30
0.0
 11
2544.879017854923
 21
733.3019683466837
 31
0.0
  0
LINE
  5
639F
330
1F
100
AcDbEntity
  8
HALFEN
100
AcDbLine
 10
2552.629017854924
 20
751.3019683466837
 30
0.0
 11
2544.879017854923
 21
751.3019683466837
 31
0.0
  0
LINE
  5
63A0
330
1F
100
AcDbEntity
  8
HALFEN
100
AcDbLine
 10
2552.629017854924
 20
750.3019683466837
 30
0.0
 11
2544.879017854923
 21
750.3019683466837
 31
0.0
  0
LINE
  5
63A1
330
1F
100
AcDbEntity
  8
HALFEN
100
AcDbLine
 10
2552.629017854923
 20
749.3019683466838
 30
0.0
 11
2544.879017854923
 21
749.3019683466838
 31
0.0
  0
LINE
  5
63A2
330
1F
100
AcDbEntity
  8
HALFEN
100
AcDbLine
 10
2552.629017854924
 20
748.3019683466838
 30
0.0
 11
2544.879017854923
 21
748.3019683466836
 31
0.0
  0
LINE
  5
63A3
330
1F
100
AcDbEntity
  8
HALFEN
100
AcDbLine
 10
2552.629017854924
 20
747.3019683466837
 30
0.0
 11
2544.879017854923
 21
747.3019683466837
 31
0.0
  0
LINE
  5
63A4
330
1F
100
AcDbEntity
  8
HALFEN
100
AcDbLine
 10
2552.629017854923
 20
746.3019683466832
 30
0.0
 11
2544.879017854923
 21
746.3019683466841
 31
0.0
  0
LINE
  5
63A5
330
1F
100
AcDbEntity
  8
HALFEN
100
AcDbLine
 10
2552.629017854923
 20
745.3019683466832
 30
0.0
 11
2544.879017854923
 21
745.3019683466841
 31
0.0
  0
LINE
  5
63A6
330
1F
100
AcDbEntity
  8
HALFEN
100
AcDbLine
 10
2552.629017854923
 20
743.3019683466838
 30
0.0
 11
2544.879017854923
 21
743.3019683466838
 31
0.0
  0
LINE
  5
63A7
330
1F
100
AcDbEntity
  8
HALFEN
100
AcDbLine
 10
2552.629017854923
 20
752.3019683466838
 30
0.0
 11
2544.879017854923
 21
752.3019683466838
 31
0.0
  0
LINE
  5
63A8
330
1F
100
AcDbEntity
  8
HALFEN
100
AcDbLine
 10
2552.629017854924
 20
755.3019683466837
 30
0.0
 11
2544.879017854923
 21
755.3019683466836
 31
0.0
  0
LINE
  5
63A9
330
1F
100
AcDbEntity
  8
HALFEN
100
AcDbLine
 10
2552.629017854924
 20
740.3019683466838
 30
0.0
 11
2544.879017854923
 21
740.3019683466838
 31
0.0
  0
LINE
  5
63AA
330
1F
100
AcDbEntity
  8
HALFEN
100
AcDbLine
 10
2552.629017854924
 20
753.3019683466838
 30
0.0
 11
2544.879017854923
 21
753.3019683466838
 31
0.0
  0
LINE
  5
63AB
330
1F
100
AcDbEntity
  8
HALFEN
100
AcDbLine
 10
2552.629017854923
 20
754.3019683466837
 30
0.0
 11
2544.879017854923
 21
754.3019683466837
 31
0.0
  0
LINE
  5
63AC
330
1F
100
AcDbEntity
  8
HALFEN
100
AcDbLine
 10
2552.629017854924
 20
756.3019683466838
 30
0.0
 11
2544.879017854923
 21
756.3019683466836
 31
0.0
  0
LINE
  5
63AD
330
1F
100
AcDbEntity
  8
HALFEN
100
AcDbLine
 10
2552.629017854924
 20
757.3019683466838
 30
0.0
 11
2544.879017854923
 21
757.3019683466838
 31
0.0
  0
LINE
  5
63AE
330
1F
100
AcDbEntity
  8
HALFEN
100
AcDbLine
 10
2552.695717722253
 20
758.3019683466837
 30
0.0
 11
2544.879017854923
 21
758.3019683466837
 31
0.0
  0
LINE
  5
63AF
330
1F
100
AcDbEntity
  8
HALFEN
100
AcDbLine
 10
2553.006034508717
 20
759.3019683466837
 30
0.0
 11
2544.879017854924
 21
759.3019683466837
 31
0.0
  0
LINE
  5
63B0
330
1F
100
AcDbEntity
  8
HALFEN
100
AcDbLine
 10
2553.638647505719
 20
760.3019683466838
 30
0.0
 11
2544.879017854923
 21
760.3019683466838
 31
0.0
  0
LINE
  5
63B1
330
1F
100
AcDbEntity
  8
HALFEN
100
AcDbLine
 10
2544.879017854923
 20
744.3019683466839
 30
0.0
 11
2552.629017854924
 21
744.3019683466832
 31
0.0
  0
LINE
  5
63B2
330
1F
100
AcDbEntity
  8
HALFEN
100
AcDbLine
 10
2553.63864750572
 20
735.3019683466838
 30
0.0
 11
2544.879017854923
 21
735.3019683466838
 31
0.0
  0
LINE
  5
63B3
330
1F
100
AcDbEntity
  8
HALFEN
100
AcDbLine
 10
2553.006034508717
 20
736.3019683466838
 30
0.0
 11
2544.879017854924
 21
736.3019683466838
 31
0.0
  0
LINE
  5
63B4
330
1F
100
AcDbEntity
  8
HALFEN
100
AcDbLine
 10
2552.695717722253
 20
737.3019683466838
 30
0.0
 11
2544.879017854923
 21
737.3019683466838
 31
0.0
  0
LINE
  5
63B5
330
1F
100
AcDbEntity
  8
HALFEN
100
AcDbLine
 10
2552.629017854924
 20
738.3019683466837
 30
0.0
 11
2544.879017854923
 21
738.3019683466837
 31
0.0
  0
LINE
  5
63B6
330
1F
100
AcDbEntity
  8
HALFEN
100
AcDbLine
 10
2552.629017854924
 20
739.3019683466838
 30
0.0
 11
2544.879017854923
 21
739.3019683466836
 31
0.0
  0
LINE
  5
63B7
330
1F
100
AcDbEntity
  8
HALFEN
100
AcDbLine
 10
2552.629017854924
 20
741.3019683466838
 30
0.0
 11
2544.879017854923
 21
741.3019683466838
 31
0.0
  0
LINE
  5
63B8
330
1F
100
AcDbEntity
  8
HALFEN
100
AcDbLine
 10
2552.629017854923
 20
742.3019683466837
 30
0.0
 11
2544.879017854923
 21
742.3019683466837
 31
0.0
  0
LINE
  5
63B9
330
1F
100
AcDbEntity
  8
HALFEN
100
AcDbLine
 10
2568.879017854924
 20
761.3019683466838
 30
0.0
 11
2558.879017854924
 21
761.3019683466838
 31
0.0
  0
LINE
  5
63BA
330
1F
100
AcDbEntity
  8
HALFEN
100
AcDbLine
 10
2554.879017854923
 20
761.3019683466838
 30
0.0
 11
2544.879017854923
 21
761.3019683466838
 31
0.0
  0
LINE
  5
63BB
330
1F
100
AcDbEntity
  8
HALFEN
100
AcDbLine
 10
2554.879017854924
 20
734.3019683466837
 30
0.0
 11
2544.879017854924
 21
734.3019683466837
 31
0.0
  0
LINE
  5
63BC
330
1F
100
AcDbEntity
  8
HALFEN
100
AcDbLine
 10
2561.129017854924
 20
744.3019683466838
 30
0.0
 11
2568.879017854924
 21
744.3019683466838
 31
0.0
  0
LINE
  5
63BD
330
1F
100
AcDbEntity
  8
HALFEN
100
AcDbLine
 10
2568.879017854924
 20
749.3019683466833
 30
0.0
 11
2561.129017854923
 21
749.3019683466846
 31
0.0
  0
LINE
  5
63BE
330
1F
100
AcDbEntity
  8
HALFEN
100
AcDbLine
 10
2568.879017854924
 20
750.3019683466833
 30
0.0
 11
2561.129017854924
 21
750.3019683466844
 31
0.0
  0
LINE
  5
63BF
330
1F
100
AcDbEntity
  8
HALFEN
100
AcDbLine
 10
2568.879017854924
 20
751.3019683466835
 30
0.0
 11
2561.129017854924
 21
751.3019683466843
 31
0.0
  0
LINE
  5
63C0
330
1F
100
AcDbEntity
  8
HALFEN
100
AcDbLine
 10
2568.879017854924
 20
752.3019683466834
 30
0.0
 11
2561.129017854924
 21
752.3019683466841
 31
0.0
  0
LINE
  5
63C1
330
1F
100
AcDbEntity
  8
HALFEN
100
AcDbLine
 10
2568.879017854924
 20
753.3019683466838
 30
0.0
 11
2561.129017854923
 21
753.3019683466838
 31
0.0
  0
LINE
  5
63C2
330
1F
100
AcDbEntity
  8
HALFEN
100
AcDbLine
 10
2568.879017854924
 20
754.3019683466837
 30
0.0
 11
2561.129017854924
 21
754.3019683466837
 31
0.0
  0
LINE
  5
63C3
330
1F
100
AcDbEntity
  8
HALFEN
100
AcDbLine
 10
2568.879017854924
 20
755.3019683466837
 30
0.0
 11
2561.129017854924
 21
755.3019683466837
 31
0.0
  0
LINE
  5
63C4
330
1F
100
AcDbEntity
  8
HALFEN
100
AcDbLine
 10
2568.879017854924
 20
745.3019683466838
 30
0.0
 11
2561.129017854924
 21
745.3019683466838
 31
0.0
  0
LINE
  5
63C5
330
1F
100
AcDbEntity
  8
HALFEN
100
AcDbLine
 10
2568.879017854924
 20
746.3019683466837
 30
0.0
 11
2561.129017854923
 21
746.3019683466837
 31
0.0
  0
LINE
  5
63C6
330
1F
100
AcDbEntity
  8
HALFEN
100
AcDbLine
 10
2568.879017854924
 20
747.3019683466842
 30
0.0
 11
2561.129017854923
 21
747.301968346683
 31
0.0
  0
LINE
  5
63C7
330
1F
100
AcDbEntity
  8
HALFEN
100
AcDbLine
 10
2568.879017854924
 20
748.3019683466841
 30
0.0
 11
2561.129017854923
 21
748.3019683466832
 31
0.0
  0
LINE
  5
63C8
330
1F
100
AcDbEntity
  8
HALFEN
100
AcDbLine
 10
2568.879017854924
 20
734.3019683466837
 30
0.0
 11
2558.879017854922
 21
734.3019683466837
 31
0.0
  0
LINE
  5
63C9
330
1F
100
AcDbEntity
  8
HALFEN
100
AcDbLine
 10
2568.879017854924
 20
740.3019683466838
 30
0.0
 11
2561.129017854923
 21
740.3019683466838
 31
0.0
  0
LINE
  5
63CA
330
1F
100
AcDbEntity
  8
HALFEN
100
AcDbLine
 10
2568.879017854924
 20
741.3019683466838
 30
0.0
 11
2561.129017854924
 21
741.3019683466838
 31
0.0
  0
LINE
  5
63CB
330
1F
100
AcDbEntity
  8
HALFEN
100
AcDbLine
 10
2568.879017854924
 20
742.3019683466836
 30
0.0
 11
2561.129017854924
 21
742.3019683466837
 31
0.0
  0
LINE
  5
63CC
330
1F
100
AcDbEntity
  8
HALFEN
100
AcDbLine
 10
2568.879017854924
 20
743.3019683466838
 30
0.0
 11
2561.129017854924
 21
743.3019683466838
 31
0.0
  0
LINE
  5
63CD
330
1F
100
AcDbEntity
  8
HALFEN
100
AcDbLine
 10
2568.879017854924
 20
731.3019683466838
 30
0.0
 11
2544.879017854923
 21
731.3019683466838
 31
0.0
  0
LINE
  5
63CE
330
1F
100
AcDbEntity
  8
HALFEN
  6
STRICHPUNKT2
 62
     1
 48
0.5
100
AcDbLine
 10
2556.879017854924
 20
730.8019683466839
 30
0.0
 11
2556.879017854924
 21
764.8019683466839
 31
0.0
  0
LINE
  5
63CF
330
1F
100
AcDbEntity
  8
HALFEN
  6
STRICHPUNKT2
 62
     1
 48
0.5
100
AcDbLine
 10
2549.629017854924
 20
747.8019683466839
 30
0.0
 11
2564.129017854924
 21
747.8019683466839
 31
0.0
  0
LINE
  5
63D0
330
1F
100
AcDbEntity
  8
HALFEN
100
AcDbLine
 10
2367.29533983186
 20
610.6189251042624
 30
0.0
 11
2392.29533983186
 21
610.6189251042624
 31
0.0
  0
LINE
  5
63D1
330
1F
100
AcDbEntity
  8
HALFEN
100
AcDbLine
 10
2367.29533983186
 20
615.6189251042624
 30
0.0
 11
2392.29533983186
 21
615.6189251042624
 31
0.0
  0
LINE
  5
63D2
330
1F
100
AcDbEntity
  8
HALFEN
100
AcDbLine
 10
2367.29533983186
 20
615.6189251042624
 30
0.0
 11
2367.29533983186
 21
610.6189251042624
 31
0.0
  0
LINE
  5
63D6
330
1F
100
AcDbEntity
  8
HALFEN
100
AcDbLine
 10
2397.29533983186
 20
605.1189251042623
 30
0.0
 11
2447.29533983186
 21
605.1189251042626
 31
0.0
  0
LINE
  5
63D7
330
1F
100
AcDbEntity
  8
HALFEN
100
AcDbLine
 10
2397.29533983186
 20
621.1189251042624
 30
0.0
 11
2447.29533983186
 21
621.1189251042626
 31
0.0
  0
LINE
  5
63D8
330
1F
100
AcDbEntity
  8
HALFEN
100
AcDbLine
 10
2392.29533983186
 20
610.6189251042624
 30
0.0
 11
2397.29533983186
 21
605.1189251042623
 31
0.0
  0
LINE
  5
63DA
330
1F
100
AcDbEntity
  8
HALFEN
100
AcDbLine
 10
2392.29533983186
 20
615.6189251042624
 30
0.0
 11
2397.29533983186
 21
621.1189251042624
 31
0.0
  0
LINE
  5
63DF
330
1F
100
AcDbEntity
  8
HALFEN
100
AcDbLine
 10
2447.295339831859
 20
688.5750983466838
 30
0.0
 11
2447.295339831859
 21
675.0288383466838
 31
0.0
  0
ELLIPSE
  5
63E0
330
1F
100
AcDbEntity
  8
HALFEN
100
AcDbEllipse
 10
2377.700086058958
 20
681.8019683466974
 30
0.0
 11
-19.59525377290232
 21
0.0000000000006495
 31
0.0
210
0.0
220
0.0
230
1.0
 40
0.6634259576662032
 41
4.009859693674862
 42
4.71238898038471
  0
ELLIPSE
  5
63E1
330
1F
100
AcDbEntity
  8
HALFEN
100
AcDbEllipse
 10
2377.700086058958
 20
681.8019683466974
 30
0.0
 11
19.59525377290196
 21
0.0000000000000534
 31
0.0
210
0.0
220
0.0
230
1.0
 40
0.6634259576662154
 41
4.712388980384687
 42
5.414918267092303
  0
ARC
  5
63E3
330
1F
100
AcDbEntity
  8
HALFEN
100
AcDbCircle
 10
2387.850211123038
 20
681.8019683466927
 30
0.0
 40
20.55487129117615
100
AcDbArc
 50
143.6492833696231
 51
216.3585352849934
  0
ARC
  5
63E4
330
1F
100
AcDbEntity
  8
HALFEN
100
AcDbCircle
 10
2372.907545743923
 20
670.8019683466974
 30
0.0
 40
2.0
100
AcDbArc
 50
216.3585352849934
 51
270.0
  0
LINE
  5
63E5
330
1F
100
AcDbEntity
  8
HALFEN
100
AcDbLine
 10
2372.907545743923
 20
668.8019683466976
 30
0.0
 11
2377.700086058962
 21
668.8019683466976
 31
0.0
  0
CIRCLE
  5
63E6
330
1F
100
AcDbEntity
  8
HALFEN
100
AcDbCircle
 10
2374.295339831859
 20
681.8019683466974
 30
0.0
 40
2.549999999999998
  0
ARC
  5
63E8
330
1F
100
AcDbEntity
  8
HALFEN
100
AcDbCircle
 10
2372.906044809127
 20
692.7999291492369
 30
0.0
 40
2.0
100
AcDbArc
 50
91.33537730059243
 51
143.6492833696231
  0
LINE
  5
63E9
330
1F
100
AcDbEntity
  8
HALFEN
100
AcDbLine
 10
2374.295339831864
 20
694.8019683466975
 30
0.0
 11
2377.700086058958
 21
694.8019683466975
 31
0.0
  0
ARC
  5
63EA
330
1F
100
AcDbEntity
  8
HALFEN
100
AcDbCircle
 10
2373.637410535353
 20
661.425589028235
 30
0.0
 40
33.38286337882191
100
AcDbArc
 50
88.8707076348764
 51
91.33537730059243
  0
LINE
  5
63EF
330
1F
100
AcDbEntity
  8
HALFEN
100
AcDbLine
 10
2397.707238546164
 20
673.8019683466974
 30
0.0
 11
2447.443800696461
 21
673.801030302386
 31
0.0
  0
LINE
  5
63F0
330
1F
100
AcDbEntity
  8
HALFEN
100
AcDbLine
 10
2459.946843775417
 20
605.1177512493536
 30
0.0
 11
2472.068469879709
 21
605.1175226323781
 31
0.0
  0
LINE
  5
63F1
330
1F
100
AcDbEntity
  8
HALFEN
100
AcDbLine
 10
2397.707238546237
 20
689.8019683466976
 30
0.0
 11
2447.443520865054
 21
689.8010303076637
 31
0.0
  0
LINE
  5
63F2
330
1F
100
AcDbEntity
  8
HALFEN
100
AcDbLine
 10
2459.94719395431
 20
621.1177512427492
 30
0.0
 11
2472.068469879709
 21
621.1175226323781
 31
0.0
  0
ELLIPSE
  5
63F3
330
1F
100
AcDbEntity
  8
HALFEN
100
AcDbEllipse
 10
2377.700086058958
 20
681.8019683466974
 30
0.0
 11
19.59525377290174
 21
0.0000000000000969
 31
0.0
210
0.0
220
0.0
230
1.0
 40
0.6634259576662222
 41
-0.8682670400871396
 42
0.8682670400849584
  0
ARC
  5
63F6
330
1F
100
AcDbEntity
  8
HALFEN
100
AcDbCircle
 10
2397.707238546164
 20
658.801968346697
 30
0.0
 40
15.0
100
AcDbArc
 50
90.0
 51
119.3216395591507
  0
ARC
  5
63F7
330
1F
100
AcDbEntity
  8
HALFEN
100
AcDbCircle
 10
2397.70723854623
 20
704.8019683466812
 30
0.0
 40
15.0
100
AcDbArc
 50
240.6783604407451
 51
270.000000000026
  0
LINE
  5
63F8
330
1F
100
AcDbEntity
  8
HALFEN
100
AcDbLine
 10
2371.79533983186
 20
578.1189251042624
 30
0.0
 11
2371.79533983186
 21
610.6189251042624
 31
0.0
  0
LINE
  5
63F9
330
1F
100
AcDbEntity
  8
HALFEN
100
AcDbLine
 10
2371.79533983186
 20
615.6189251042624
 30
0.0
 11
2371.79533983186
 21
648.1189251042624
 31
0.0
  0
LINE
  5
63FA
330
1F
100
AcDbEntity
  8
HALFEN
100
AcDbLine
 10
2376.79533983186
 20
578.1189251042624
 30
0.0
 11
2376.79533983186
 21
610.6189251042624
 31
0.0
  0
LINE
  5
63FB
330
1F
100
AcDbEntity
  8
HALFEN
100
AcDbLine
 10
2376.79533983186
 20
615.6189251042624
 30
0.0
 11
2376.79533983186
 21
648.1189251042624
 31
0.0
  0
LINE
  5
63FC
330
1F
100
AcDbEntity
  8
HALFEN
100
AcDbLine
 10
2376.79533983186
 20
578.1189251042624
 30
0.0
 11
2371.79533983186
 21
578.1189251042624
 31
0.0
  0
LINE
  5
63FD
330
1F
100
AcDbEntity
  8
HALFEN
100
AcDbLine
 10
2376.79533983186
 20
648.1189251042624
 30
0.0
 11
2371.79533983186
 21
648.1189251042624
 31
0.0
  0
LINE
  5
63FE
330
1F
100
AcDbEntity
  8
HALFEN
100
AcDbLine
 10
2559.379017854924
 20
668.8019507232493
 30
0.0
 11
2559.379017854924
 21
694.8019859701177
 31
0.0
  0
LINE
  5
63FF
330
1F
100
AcDbEntity
  8
HALFEN
100
AcDbLine
 10
2554.379017854924
 20
668.8019507232493
 30
0.0
 11
2554.379017854924
 21
694.8019859701179
 31
0.0
  0
LINE
  5
6400
330
1F
100
AcDbEntity
  8
HALFEN
100
AcDbLine
 10
2591.879017854923
 20
679.3019683466837
 30
0.0
 11
2559.379017854924
 21
679.3019683466837
 31
0.0
  0
LINE
  5
6401
330
1F
100
AcDbEntity
  8
HALFEN
100
AcDbLine
 10
2554.379017854924
 20
679.3019683466837
 30
0.0
 11
2521.879017854923
 21
679.3019683466837
 31
0.0
  0
LINE
  5
6402
330
1F
100
AcDbEntity
  8
HALFEN
100
AcDbLine
 10
2591.879017854923
 20
684.3019683466836
 30
0.0
 11
2559.379017854924
 21
684.3019683466836
 31
0.0
  0
LINE
  5
6403
330
1F
100
AcDbEntity
  8
HALFEN
100
AcDbLine
 10
2554.379017854924
 20
684.3019683466836
 30
0.0
 11
2521.879017854923
 21
684.3019683466836
 31
0.0
  0
LINE
  5
6404
330
1F
100
AcDbEntity
  8
HALFEN
100
AcDbLine
 10
2591.879017854923
 20
684.3019683466836
 30
0.0
 11
2591.879017854923
 21
679.3019683466837
 31
0.0
  0
LINE
  5
6405
330
1F
100
AcDbEntity
  8
HALFEN
100
AcDbLine
 10
2521.879017854923
 20
684.3019683466836
 30
0.0
 11
2521.879017854923
 21
679.3019683466837
 31
0.0
  0
LINE
  5
6406
330
1F
100
AcDbEntity
  8
HALFEN
100
AcDbLine
 10
2559.379017854924
 20
668.8019507232493
 30
0.0
 11
2554.379017854924
 21
668.8019507232493
 31
0.0
  0
ARC
  5
6407
330
1F
100
AcDbEntity
  8
HALFEN
100
AcDbCircle
 10
2556.879017854924
 20
681.8019683466836
 30
0.0
 40
8.0
100
AcDbArc
 50
198.209956864283
 51
251.790043135718
  0
ARC
  5
6408
330
1F
100
AcDbEntity
  8
HALFEN
100
AcDbCircle
 10
2556.879017854924
 20
681.8019683466836
 30
0.0
 40
8.0
100
AcDbArc
 50
288.2099568642833
 51
341.790043135717
  0
ARC
  5
6409
330
1F
100
AcDbEntity
  8
HALFEN
100
AcDbCircle
 10
2556.879017854924
 20
681.8019683466836
 30
0.0
 40
8.0
100
AcDbArc
 50
18.20995686428303
 51
71.7900431357172
  0
ARC
  5
640A
330
1F
100
AcDbEntity
  8
HALFEN
100
AcDbCircle
 10
2556.879017854924
 20
681.8019683466836
 30
0.0
 40
8.0
100
AcDbArc
 50
108.2099568642833
 51
161.7900431357169
  0
LINE
  5
640B
330
1F
100
AcDbEntity
  8
HALFEN
100
AcDbLine
 10
2559.379017854924
 20
694.8019859701177
 30
0.0
 11
2554.379017854924
 21
694.8019859701179
 31
0.0
  0
LINE
  5
640C
330
1F
100
AcDbEntity
  8
HALFEN
100
AcDbLine
 10
2473.295339879709
 20
619.8906526323781
 30
0.0
 11
2473.295339879709
 21
606.3443926323781
 31
0.0
  0
LINE
  5
640D
330
1F
100
AcDbEntity
  8
HALFEN
100
AcDbLine
 10
2472.068469879709
 20
621.1175226323781
 30
0.0
 11
2472.068469879709
 21
605.1175226323781
 31
0.0
  0
LINE
  5
640E
330
1F
100
AcDbEntity
  8
HALFEN
100
AcDbLine
 10
2472.068469879709
 20
605.1175226323781
 30
0.0
 11
2473.295339879709
 21
606.3443926323781
 31
0.0
  0
LINE
  5
640F
330
1F
100
AcDbEntity
  8
HALFEN
100
AcDbLine
 10
2473.295339879709
 20
619.8906526323781
 30
0.0
 11
2472.068469879709
 21
621.1175226323781
 31
0.0
  0
LINE
  5
6414
330
1F
100
AcDbEntity
  8
HALFEN
100
AcDbLine
 10
2542.621186610367
 20
684.3019683466836
 30
0.0
 11
2542.621186610367
 21
776.8019683466842
 31
0.0
  0
LINE
  5
6415
330
1F
100
AcDbEntity
  8
HALFEN
100
AcDbLine
 10
2571.13684909948
 20
684.3019683466836
 30
0.0
 11
2571.13684909948
 21
776.8019683466842
 31
0.0
  0
LINE
  5
641D
330
1F
100
AcDbEntity
  8
HALFEN
100
AcDbLine
 10
2307.120052465052
 20
830.5410497531996
 30
0.0
 11
2477.123167259986
 21
830.5410497531996
 31
0.0
  0
LINE
  5
641E
330
1F
100
AcDbEntity
  8
HALFEN
100
AcDbLine
 10
2307.120052465052
 20
840.5410497531994
 30
0.0
 11
2477.704529018532
 21
840.5410497531994
 31
0.0
  0
LINE
  5
641F
330
1F
100
AcDbEntity
  8
HALFEN
100
AcDbLine
 10
2307.120052465052
 20
858.5410497532
 30
0.0
 11
2477.704529018532
 21
858.5410497532
 31
0.0
  0
TEXT
  5
6420
330
1F
100
AcDbEntity
  8
HALFEN
100
AcDbText
 10
2357.084738797667
 20
851.0410497531996
 30
0.0
 40
5.0
  1
Halfen Body - Anker BA 1312 - 1 -  A2
  7
ARIAL50
100
AcDbText
  0
TEXT
  5
6421
330
1F
100
AcDbEntity
  8
HALFEN
100
AcDbText
 10
2312.120052465052
 20
851.0410497531996
 30
0.0
 40
5.0
  1
Benennung
  7
ARIAL50
100
AcDbText
  0
TEXT
  5
6422
330
1F
100
AcDbEntity
  8
HALFEN
100
AcDbText
 10
2312.120052465052
 20
833.0410497531996
 30
0.0
 40
5.0
  1
Bestell-Nr.
  7
ARIAL50
100
AcDbText
  0
LINE
  5
6423
330
1F
100
AcDbEntity
  8
HALFEN
100
AcDbLine
 10
2307.120052465052
 20
830.5410497531996
 30
0.0
 11
2307.120052465052
 21
858.5410497532
 31
0.0
  0
LINE
  5
6424
330
1F
100
AcDbEntity
  8
HALFEN
100
AcDbLine
 10
2352.084738797667
 20
830.5410497531996
 30
0.0
 11
2352.084738797667
 21
858.5410497532
 31
0.0
  0
TEXT
  5
6425
330
1F
100
AcDbEntity
  8
HALFEN
100
AcDbText
 10
2357.084738797667
 20
833.0410497531996
 30
0.0
 40
5.0
  1
0754.010 - 00022
  7
ARIAL50
100
AcDbText
  0
LINE
  5
6426
330
1F
100
AcDbEntity
  8
HALFEN
100
AcDbLine
 10
2477.704529018532
 20
830.5410497531996
 30
0.0
 11
2477.704529018532
 21
858.5410497532
 31
0.0
  0
LINE
  5
6561
330
1F
100
AcDbEntity
  8
HALFEN
100
AcDbLine
 10
2307.120052465052
 20
462.3367705080686
 30
0.0
 11
2477.123167259986
 21
462.3367705080686
 31
0.0
  0
LINE
  5
6562
330
1F
100
AcDbEntity
  8
HALFEN
100
AcDbLine
 10
2307.120052465052
 20
472.3367705080686
 30
0.0
 11
2477.704529018532
 21
472.3367705080686
 31
0.0
  0
LINE
  5
6563
330
1F
100
AcDbEntity
  8
HALFEN
100
AcDbLine
 10
2307.120052465052
 20
490.336770508069
 30
0.0
 11
2477.704529018532
 21
490.336770508069
 31
0.0
  0
TEXT
  5
6564
330
1F
100
AcDbEntity
  8
HALFEN
100
AcDbText
 10
2357.084738797667
 20
482.8367705080686
 30
0.0
 40
5.0
  1
Halfen Body - Anker BA 1312 - 2 -  A2
  7
ARIAL50
100
AcDbText
  0
TEXT
  5
6565
330
1F
100
AcDbEntity
  8
HALFEN
100
AcDbText
 10
2312.120052465052
 20
482.8367705080686
 30
0.0
 40
5.0
  1
Benennung
  7
ARIAL50
100
AcDbText
  0
TEXT
  5
6566
330
1F
100
AcDbEntity
  8
HALFEN
100
AcDbText
 10
2312.120052465052
 20
464.8367705080686
 30
0.0
 40
5.0
  1
Bestell-Nr.
  7
ARIAL50
100
AcDbText
  0
LINE
  5
6567
330
1F
100
AcDbEntity
  8
HALFEN
100
AcDbLine
 10
2307.120052465052
 20
462.3367705080686
 30
0.0
 11
2307.120052465052
 21
490.336770508069
 31
0.0
  0
LINE
  5
6568
330
1F
100
AcDbEntity
  8
HALFEN
100
AcDbLine
 10
2352.084738797667
 20
462.3367705080686
 30
0.0
 11
2352.084738797667
 21
490.336770508069
 31
0.0
  0
TEXT
  5
6569
330
1F
100
AcDbEntity
  8
HALFEN
100
AcDbText
 10
2357.084738797667
 20
464.8367705080686
 30
0.0
 40
5.0
  1
0754.020 - 00022
  7
ARIAL50
100
AcDbText
  0
LINE
  5
656A
330
1F
100
AcDbEntity
  8
HALFEN
100
AcDbLine
 10
2477.704529018532
 20
462.3367705080686
 30
0.0
 11
2477.704529018532
 21
490.336770508069
 31
0.0
  0
LINE
  5
69FB
330
1F
100
AcDbEntity
  8
HALFEN
100
AcDbLine
 10
2307.120052465052
 20
168.9509719823513
 30
0.0
 11
2538.943406101421
 21
168.9509719823513
 31
0.0
  0
LINE
  5
69FC
330
1F
100
AcDbEntity
  8
HALFEN
100
AcDbLine
 10
2307.120052465052
 20
178.9509719823513
 30
0.0
 11
2538.943406101421
 21
178.9509719823513
 31
0.0
  0
LINE
  5
69FD
330
1F
100
AcDbEntity
  8
HALFEN
100
AcDbLine
 10
2307.120052465052
 20
196.9509719823518
 30
0.0
 11
2538.943406101421
 21
196.9509719823518
 31
0.0
  0
TEXT
  5
69FE
330
1F
100
AcDbEntity
  8
HALFEN
100
AcDbText
 10
2357.084738797667
 20
189.4509719823513
 30
0.0
 40
5.0
  1
Halfen Body - Anker BA 1308/1310/1312 - (GK + RP) - A2
  7
ARIAL50
100
AcDbText
  0
TEXT
  5
69FF
330
1F
100
AcDbEntity
  8
HALFEN
100
AcDbText
 10
2312.120052465052
 20
189.4509719823513
 30
0.0
 40
5.0
  1
Benennung
  7
ARIAL50
100
AcDbText
  0
TEXT
  5
6A00
330
1F
100
AcDbEntity
  8
HALFEN
100
AcDbText
 10
2312.120052465052
 20
171.4509719823513
 30
0.0
 40
5.0
  1
Bestell-Nr.
  7
ARIAL50
100
AcDbText
  0
LINE
  5
6A01
330
1F
100
AcDbEntity
  8
HALFEN
100
AcDbLine
 10
2307.120052465052
 20
168.9509719823513
 30
0.0
 11
2307.120052465052
 21
196.9509719823518
 31
0.0
  0
LINE
  5
6A02
330
1F
100
AcDbEntity
  8
HALFEN
100
AcDbLine
 10
2352.084738797667
 20
168.9509719823513
 30
0.0
 11
2352.084738797667
 21
196.9509719823518
 31
0.0
  0
TEXT
  5
6A03
330
1F
100
AcDbEntity
  8
HALFEN
100
AcDbText
 10
2357.084738797667
 20
171.4509719823513
 30
0.0
 40
5.0
  1
0754.030 - 00009
  7
ARIAL50
100
AcDbText
  0
LINE
  5
6A04
330
1F
100
AcDbEntity
  8
HALFEN
100
AcDbLine
 10
2538.943406101421
 20
168.9509719823513
 30
0.0
 11
2538.943406101421
 21
196.9509719823518
 31
0.0
  0
LINE
  5
6A11
330
1F
100
AcDbEntity
  8
HALFEN
100
AcDbLine
 10
2395.179165023375
 20
21.55541863835282
 30
0.0
 11
2395.179165023375
 21
105.5554186383528
 31
0.0
1001
ACAD
1000
ASC_BOUNDS
1002
{
1070
    19
1005
0
1005
0
1005
0
1005
0
1005
0
1005
0
1005
0
1005
0
1005
0
1002
}
  0
LINE
  5
6A12
330
1F
100
AcDbEntity
  8
HALFEN
100
AcDbLine
 10
2355.179165023375
 20
20.55541863835282
 30
0.0
 11
2389.179165023374
 21
105.5554186383528
 31
0.0
  0
LINE
  5
6A13
330
1F
100
AcDbEntity
  8
HALFEN
100
AcDbLine
 10
2391.751344672213
 20
-28.77690532907394
 30
0.0
 11
2355.179165023374
 21
-27.01501959032777
 31
0.0
  0
LINE
  5
6A14
330
1F
100
AcDbEntity
  8
HALFEN
100
AcDbLine
 10
2391.847584203999
 20
-26.77922218289638
 30
0.0
 11
2355.27540455516
 21
-25.01733644415032
 31
0.0
  0
LINE
  5
6A15
330
1F
100
AcDbEntity
  8
HALFEN
100
AcDbLine
 10
2391.847584203999
 20
-51.77111319451757
 30
0.0
 11
2355.27540455516
 21
-53.53299893326374
 31
0.0
  0
LINE
  5
6A16
330
1F
100
AcDbEntity
  8
HALFEN
100
AcDbLine
 10
2391.751344672213
 20
-49.77343004834011
 30
0.0
 11
2355.179165023374
 21
-51.53531578708617
 31
0.0
  0
ARC
  5
6A17
330
1F
100
AcDbEntity
  8
HALFEN
100
AcDbCircle
 10
2348.422175331731
 20
-45.27516768870675
 30
0.0
 40
13.55700550869242
100
AcDbArc
 50
333.7316689015444
 51
26.26833109845331
  0
ARC
  5
6A18
330
1F
100
AcDbEntity
  8
HALFEN
100
AcDbCircle
 10
2362.736154715018
 20
-45.27516768870675
 30
0.0
 40
13.55700550869242
100
AcDbArc
 50
153.7316689015467
 51
206.2683310984557
  0
LINE
  5
6A19
330
1F
100
AcDbEntity
  8
HALFEN
100
AcDbLine
 10
2360.579165023374
 20
-51.27516768870709
 30
0.0
 11
2350.579165023374
 21
-51.27516768870709
 31
0.0
  0
LINE
  5
6A1A
330
1F
100
AcDbEntity
  8
HALFEN
100
AcDbLine
 10
2355.179165023374
 20
-51.53531578708617
 30
0.0
 11
2355.27540455516
 21
-53.53299893326374
 31
0.0
  0
HATCH
  5
6A1B
330
1F
100
AcDbEntity
  8
HALFEN
100
AcDbHatch
 10
0.0
 20
0.0
 30
0.0
210
0.0
220
0.0
230
1.0
  2
SOLID
 70
     1
 71
     0
 91
        1
 92
        7
 72
     0
 73
     1
 93
        4
 10
2355.27540455516
 20
-25.01733644415032
 10
2353.209867163865
 20
-27.27516768870697
 10
2355.179165023375
 20
-27.27516768870697
 10
2355.179165023375
 20
-27.01501959032845
 97
        0
 75
     0
 76
     1
 47
0.0083742383196909
 98
        1
 10
2354.881842756443
 20
-26.73564602338848
450
        0
451
        0
460
0.0
461
0.0
452
        0
462
0.0
453
        0
470

  0
LINE
  5
6A1C
330
1F
100
AcDbEntity
  8
HALFEN
100
AcDbLine
 10
2360.579165023374
 20
-27.27516768870709
 30
0.0
 11
2350.579165023374
 21
-27.27516768870697
 31
0.0
  0
LINE
  5
6A1D
330
1F
100
AcDbEntity
  8
HALFEN
100
AcDbLine
 10
2360.579165023374
 20
-39.27516768870697
 30
0.0
 11
2350.579165023374
 21
-39.27516768870697
 31
0.0
  0
LINE
  5
6A1E
330
1F
100
AcDbEntity
  8
HALFEN
100
AcDbLine
 10
2349.179165023375
 20
-33.25445867133709
 30
0.0
 11
2349.179165023375
 21
-45.29587670604946
 31
0.0
  0
ARC
  5
6A1F
330
1F
100
AcDbEntity
  8
HALFEN
100
AcDbCircle
 10
2362.736154715018
 20
-33.27516768870697
 30
0.0
 40
13.55700550869242
100
AcDbArc
 50
153.7316689015443
 51
206.2683310984533
  0
LINE
  5
6A20
330
1F
100
AcDbEntity
  8
HALFEN
100
AcDbLine
 10
2361.979165023374
 20
-33.25445867133709
 30
0.0
 11
2361.979165023374
 21
-45.29587670606377
 31
0.0
  0
ARC
  5
6A21
330
1F
100
AcDbEntity
  8
HALFEN
100
AcDbCircle
 10
2348.422175331731
 20
-33.27516768870697
 30
0.0
 40
13.55700550869242
100
AcDbArc
 50
333.7316689015466
 51
26.26833109845566
  0
LINE
  5
6A22
330
1F
100
AcDbEntity
  8
HALFEN
100
AcDbLine
 10
2355.179165023374
 20
-27.01501959032777
 30
0.0
 11
2355.27540455516
 21
-25.01733644415032
 31
0.0
  0
LINE
  5
6A23
330
1F
100
AcDbEntity
  8
HALFEN
100
AcDbLine
 10
2355.27540455516
 20
-25.01733644415032
 30
0.0
 11
2353.209867163865
 21
-27.27516768870697
 31
0.0
  0
LINE
  5
6A24
330
1F
100
AcDbEntity
  8
HALFEN
100
AcDbLine
 10
2355.179165023375
 20
20.55541863835282
 30
0.0
 11
2355.179165023375
 21
0.5554186383528191
 31
0.0
  0
LINE
  5
6A25
330
1F
100
AcDbEntity
  8
HALFEN
100
AcDbLine
 10
2349.179165023375
 20
20.55541863835282
 30
0.0
 11
2349.179165023375
 21
0.5554186383527055
 31
0.0
  0
ARC
  5
6A26
330
1F
100
AcDbEntity
  8
HALFEN
100
AcDbCircle
 10
2367.022022166231
 20
10.55541863835282
 30
0.0
 40
17.84285714285705
100
AcDbArc
 50
157.1518592214931
 51
202.8481407785068
  0
LINE
  5
6A27
330
1F
100
AcDbEntity
  8
HALFEN
100
AcDbLine
 10
2361.979165023374
 20
0.5554186383528191
 30
0.0
 11
2361.979165023374
 21
-0.222621066790964
 31
0.0
  0
LINE
  5
6A28
330
1F
100
AcDbEntity
  8
HALFEN
100
AcDbLine
 10
2349.179165023375
 20
21.33345834349683
 30
0.0
 11
2349.179165023375
 21
-0.2226210667914188
 31
0.0
  0
LINE
  5
6A29
330
1F
100
AcDbEntity
  8
HALFEN
100
AcDbLine
 10
2350.579165023374
 20
3.627215408077232
 30
0.0
 11
2355.179165023375
 21
3.62721540807712
 31
0.0
  0
LINE
  5
6A2A
330
1F
100
AcDbEntity
  8
HALFEN
100
AcDbLine
 10
2350.579165023374
 20
-3.300987822198123
 30
0.0
 11
2360.579165023374
 21
-3.300987822198123
 31
0.0
  0
ARC
  5
6A2B
330
1F
100
AcDbEntity
  8
HALFEN
100
AcDbCircle
 10
2354.111739529799
 20
0.1631137929396687
 30
0.0
 40
4.947634045020005
100
AcDbArc
 50
135.5607065943791
 51
224.4392934056207
  0
LINE
  5
6A2C
330
1F
100
AcDbEntity
  8
HALFEN
100
AcDbLine
 10
2355.179165023375
 20
0.5554186383528191
 30
0.0
 11
2396.179165023374
 21
0.5554186383528191
 31
0.0
1001
ACAD
1000
ASC_BOUNDS
1002
{
1070
    19
1002
}
  0
ARC
  5
6A2D
330
1F
100
AcDbEntity
  8
HALFEN
100
AcDbCircle
 10
2357.046590516949
 20
0.1631137929394413
 30
0.0
 40
4.947634045020005
100
AcDbArc
 50
315.5607065943792
 51
4.547836736234518
  0
LINE
  5
6A2E
330
1F
100
AcDbEntity
  8
HALFEN
100
AcDbLine
 10
2350.579165023374
 20
24.41182509890376
 30
0.0
 11
2356.721727607594
 21
24.41182509890376
 31
0.0
  0
LINE
  5
6A2F
330
1F
100
AcDbEntity
  8
HALFEN
100
AcDbLine
 10
2350.579165023374
 20
17.48362186862829
 30
0.0
 11
2355.179165023375
 21
17.48362186862829
 31
0.0
  0
ARC
  5
6A30
330
1F
100
AcDbEntity
  8
HALFEN
100
AcDbCircle
 10
2354.111739529799
 20
20.94772348376608
 30
0.0
 40
4.947634045020005
100
AcDbArc
 50
135.5607065943791
 51
224.4392934056207
  0
ARC
  5
6A31
330
1F
100
AcDbEntity
  8
HALFEN
100
AcDbCircle
 10
2396.214548579517
 20
-46.25806831238327
 30
0.0
 40
1.03540436960678
100
AcDbArc
 50
180.3632917525998
 51
220.7795063767254
  0
LINE
  5
6A32
330
1F
100
AcDbEntity
  8
HALFEN
100
AcDbLine
 10
2393.179165023374
 20
-48.27516768870697
 30
0.0
 11
2393.179165023374
 21
-30.27516768870709
 31
0.0
  0
LINE
  5
6A33
330
1F
100
AcDbEntity
  8
HALFEN
100
AcDbLine
 10
2395.179165023374
 20
-48.27516768870708
 30
0.0
 11
2395.179165023375
 21
-30.27516768870709
 31
0.0
  0
ARC
  5
6A34
330
1F
100
AcDbEntity
  8
HALFEN
100
AcDbCircle
 10
2391.679165023374
 20
-48.27516768870697
 30
0.0
 40
3.5
100
AcDbArc
 50
272.7581246076787
 51
0.0
  0
LINE
  5
6A35
330
1F
100
AcDbEntity
  8
HALFEN
100
AcDbLine
 10
2393.673134210909
 20
-51.77516768870709
 30
0.0
 11
2391.76342341728
 21
-51.77516768870709
 31
0.0
  0
ARC
  5
6A36
330
1F
100
AcDbEntity
  8
HALFEN
100
AcDbCircle
 10
2391.679165023374
 20
-48.27516768870697
 30
0.0
 40
1.5
100
AcDbArc
 50
270.0
 51
0.0
  0
ARC
  5
6A37
330
1F
100
AcDbEntity
  8
HALFEN
100
AcDbCircle
 10
2393.264711944917
 20
-48.88749225880502
 30
0.0
 40
2.91641528864085
100
AcDbArc
 50
278.0503090761797
 51
42.044615173697
  0
LINE
  5
6A38
330
1F
100
AcDbEntity
  8
HALFEN
100
AcDbLine
 10
2393.671434424057
 20
-26.76748293188933
 30
0.0
 11
2391.847584203999
 21
-26.77922218289638
 31
0.0
  0
ARC
  5
6A39
330
1F
100
AcDbEntity
  8
HALFEN
100
AcDbCircle
 10
2391.679165023374
 20
-30.27516768870697
 30
0.0
 40
3.5
100
AcDbArc
 50
0.0
 51
87.24187539232136
  0
ARC
  5
6A3A
330
1F
100
AcDbEntity
  8
HALFEN
100
AcDbCircle
 10
2391.679165023374
 20
-30.27516768870709
 30
0.0
 40
1.5
100
AcDbArc
 50
0.0
 51
90.0
  0
ARC
  5
6A3B
330
1F
100
AcDbEntity
  8
HALFEN
100
AcDbCircle
 10
2393.262749734733
 20
-29.65512123343098
 30
0.0
 40
2.91641528864085
100
AcDbArc
 50
317.9553848263054
 51
81.94969092382033
  0
ARC
  5
6A3C
330
1F
100
AcDbEntity
  8
HALFEN
100
AcDbCircle
 10
2396.212586369334
 20
-32.28454517985261
 30
0.0
 40
1.035404369607112
100
AcDbArc
 50
139.2204936232925
 51
179.6367082474003
  0
LINE
  5
6A3D
330
1F
100
AcDbEntity
  8
HALFEN
100
AcDbLine
 10
2396.179165023374
 20
0.5554186383528191
 30
0.0
 11
2396.179165023374
 21
20.55541863835282
 31
0.0
1001
ACAD
1000
ASC_BOUNDS
1002
{
1070
    19
1005
0
1002
}
  0
ARC
  5
6A3E
330
1F
100
AcDbEntity
  8
HALFEN
100
AcDbCircle
 10
2396.179165023374
 20
21.55541863835282
 30
0.0
 40
1.0
100
AcDbArc
 50
180.0
 51
270.0
1001
ACAD
1000
ASC_BOUNDS
1002
{
1070
    19
1002
}
  0
LINE
  5
6A40
330
1F
100
AcDbEntity
  8
HALFEN
100
AcDbLine
 10
2395.179165023375
 20
105.5554186383528
 30
0.0
 11
2389.179165023374
 21
105.5554186383528
 31
0.0
  0
LINE
  5
6A41
330
1F
100
AcDbEntity
  8
HALFEN
100
AcDbLine
 10
2355.179165023374
 20
-27.01501959032777
 30
0.0
 11
2355.179165023375
 21
-27.27516768870697
 31
0.0
  0
LINE
  5
6A44
330
1F
100
AcDbEntity
  8
HALFEN
100
AcDbLine
 10
2444.505011801882
 20
105.5554186383529
 30
0.0
 11
2473.020674290995
 21
105.5554186383529
 31
0.0
  0
LINE
  5
6A45
330
1F
100
AcDbEntity
  8
HALFEN
100
AcDbLine
 10
2444.505011801882
 20
0.5554186383527055
 30
0.0
 11
2452.083351122126
 21
0.5554186383528191
 31
0.0
  0
LINE
  5
6A46
330
1F
100
AcDbEntity
  8
HALFEN
100
AcDbLine
 10
2465.44233497075
 20
0.5554186383527055
 30
0.0
 11
2473.020674290995
 21
0.5554186383527055
 31
0.0
  0
LINE
  5
6A47
330
1F
100
AcDbEntity
  8
HALFEN
100
AcDbLine
 10
2444.505011801882
 20
0.5554186383527055
 30
0.0
 11
2444.505011801882
 21
105.5554186383531
 31
0.0
  0
LINE
  5
6A48
330
1F
100
AcDbEntity
  8
HALFEN
100
AcDbLine
 10
2446.762843046438
 20
0.5554186383528191
 30
0.0
 11
2446.762843046438
 21
8.055418638352477
 31
0.0
  0
LINE
  5
6A49
330
1F
100
AcDbEntity
  8
HALFEN
100
AcDbLine
 10
2446.762843046438
 20
13.05541863835236
 30
0.0
 11
2446.762843046438
 21
105.5554186383528
 31
0.0
  0
LINE
  5
6A4A
330
1F
100
AcDbEntity
  8
HALFEN
100
AcDbLine
 10
2473.020674290995
 20
0.5554186383527055
 30
0.0
 11
2473.020674290995
 21
105.5554186383531
 31
0.0
  0
LINE
  5
6A4B
330
1F
100
AcDbEntity
  8
HALFEN
100
AcDbLine
 10
2470.762843046438
 20
0.5554186383528191
 30
0.0
 11
2470.762843046438
 21
17.48362186862806
 31
0.0
  0
LINE
  5
6A4C
330
1F
100
AcDbEntity
  8
HALFEN
100
AcDbLine
 10
2470.762843046438
 20
13.05541863835248
 30
0.0
 11
2470.762843046439
 21
105.5554186383528
 31
0.0
  0
LINE
  5
6A50
330
1F
100
AcDbEntity
  8
HALFEN
100
AcDbLine
 10
2446.762843046438
 20
3.62721540807712
 30
0.0
 11
2458.762843046438
 21
-3.300987822198578
 31
0.0
  0
LINE
  5
6A51
330
1F
100
AcDbEntity
  8
HALFEN
100
AcDbLine
 10
2458.762843046438
 20
-3.300987822198578
 30
0.0
 11
2470.762843046438
 21
3.627215408077461
 31
0.0
  0
LINE
  5
6A52
330
1F
100
AcDbEntity
  8
HALFEN
100
AcDbLine
 10
2470.762843046438
 20
3.627215408077461
 30
0.0
 11
2470.762843046439
 21
8.055418638352705
 31
0.0
  0
LINE
  5
6A54
330
1F
100
AcDbEntity
  8
HALFEN
100
AcDbLine
 10
2470.762843046438
 20
17.48362186862806
 30
0.0
 11
2458.762843046438
 21
24.41182509890362
 31
0.0
  0
LINE
  5
6A55
330
1F
100
AcDbEntity
  8
HALFEN
100
AcDbLine
 10
2458.762843046438
 20
24.41182509890362
 30
0.0
 11
2446.762843046438
 21
17.48362186862727
 31
0.0
  0
LINE
  5
6A57
330
1F
100
AcDbEntity
  8
HALFEN
100
AcDbLine
 10
2446.762843046438
 20
17.48362186862727
 30
0.0
 11
2446.762843046438
 21
3.62721540807712
 31
0.0
  0
ARC
  5
6A58
330
1F
100
AcDbEntity
  8
HALFEN
100
AcDbCircle
 10
2458.762843046438
 20
66.80541863835293
 30
0.0
 40
4.25
100
AcDbArc
 50
180.0
 51
0.0
  0
ARC
  5
6A59
330
1F
100
AcDbEntity
  8
HALFEN
100
AcDbCircle
 10
2458.762843046438
 20
86.30541863835293
 30
0.0
 40
4.25
100
AcDbArc
 50
0.0
 51
180.0
  0
LINE
  5
6A5A
330
1F
100
AcDbEntity
  8
HALFEN
100
AcDbLine
 10
2454.512843046438
 20
66.80541863835293
 30
0.0
 11
2454.512843046438
 21
86.30541863835293
 31
0.0
  0
LINE
  5
6A5B
330
1F
100
AcDbEntity
  8
HALFEN
100
AcDbLine
 10
2463.012843046438
 20
86.30541863835293
 30
0.0
 11
2463.012843046438
 21
66.80541863835293
 31
0.0
  0
LINE
  5
6A5C
330
1F
100
AcDbEntity
  8
HALFEN
100
AcDbLine
 10
2470.762843046439
 20
85.0554186383527
 30
0.0
 11
2463.012843046438
 21
85.0554186383527
 31
0.0
  0
LINE
  5
6A5D
330
1F
100
AcDbEntity
  8
HALFEN
100
AcDbLine
 10
2470.762843046439
 20
86.0554186383527
 30
0.0
 11
2463.012843046438
 21
86.0554186383527
 31
0.0
  0
LINE
  5
6A5E
330
1F
100
AcDbEntity
  8
HALFEN
100
AcDbLine
 10
2470.762843046439
 20
87.0554186383527
 30
0.0
 11
2462.946143179108
 21
87.05541863835259
 31
0.0
  0
LINE
  5
6A5F
330
1F
100
AcDbEntity
  8
HALFEN
100
AcDbLine
 10
2470.762843046438
 20
88.05541863835271
 30
0.0
 11
2462.635826392645
 21
88.05541863835271
 31
0.0
  0
LINE
  5
6A60
330
1F
100
AcDbEntity
  8
HALFEN
100
AcDbLine
 10
2470.762843046439
 20
89.05541863835258
 30
0.0
 11
2462.003213395642
 21
89.05541863835294
 31
0.0
  0
LINE
  5
6A61
330
1F
100
AcDbEntity
  8
HALFEN
100
AcDbLine
 10
2470.762843046439
 20
64.05541863835271
 30
0.0
 11
2462.003213395642
 21
64.05541863835271
 31
0.0
  0
LINE
  5
6A62
330
1F
100
AcDbEntity
  8
HALFEN
100
AcDbLine
 10
2470.762843046439
 20
65.05541863835246
 30
0.0
 11
2462.635826392645
 21
65.05541863835293
 31
0.0
  0
LINE
  5
6A63
330
1F
100
AcDbEntity
  8
HALFEN
100
AcDbLine
 10
2470.762843046439
 20
66.0554186383527
 30
0.0
 11
2462.946143179108
 21
66.0554186383527
 31
0.0
  0
LINE
  5
6A64
330
1F
100
AcDbEntity
  8
HALFEN
100
AcDbLine
 10
2470.762843046439
 20
67.05541863835271
 30
0.0
 11
2463.012843046438
 21
67.05541863835271
 31
0.0
  0
LINE
  5
6A65
330
1F
100
AcDbEntity
  8
HALFEN
100
AcDbLine
 10
2470.762843046439
 20
68.05541863835259
 30
0.0
 11
2463.012843046438
 21
68.05541863835305
 31
0.0
  0
LINE
  5
6A66
330
1F
100
AcDbEntity
  8
HALFEN
100
AcDbLine
 10
2470.762843046439
 20
91.0554186383527
 30
0.0
 11
2446.762843046438
 21
91.0554186383527
 31
0.0
  0
LINE
  5
6A67
330
1F
100
AcDbEntity
  8
HALFEN
100
AcDbLine
 10
2470.762843046439
 20
92.0554186383527
 30
0.0
 11
2446.762843046438
 21
92.0554186383527
 31
0.0
  0
LINE
  5
6A68
330
1F
100
AcDbEntity
  8
HALFEN
100
AcDbLine
 10
2470.762843046439
 20
93.05541863835259
 30
0.0
 11
2446.762843046438
 21
93.05541863835271
 31
0.0
  0
LINE
  5
6A69
330
1F
100
AcDbEntity
  8
HALFEN
100
AcDbLine
 10
2470.762843046439
 20
61.05541863835259
 30
0.0
 11
2446.762843046438
 21
61.0554186383527
 31
0.0
  0
LINE
  5
6A6A
330
1F
100
AcDbEntity
  8
HALFEN
100
AcDbLine
 10
2470.762843046439
 20
62.05541863835259
 30
0.0
 11
2446.762843046438
 21
62.05541863835271
 31
0.0
  0
LINE
  5
6A6B
330
1F
100
AcDbEntity
  8
HALFEN
100
AcDbLine
 10
2454.512843046438
 20
80.0554186383527
 30
0.0
 11
2446.762843046438
 21
80.0554186383527
 31
0.0
  0
LINE
  5
6A6C
330
1F
100
AcDbEntity
  8
HALFEN
100
AcDbLine
 10
2454.512843046438
 20
79.05541863835271
 30
0.0
 11
2446.762843046438
 21
79.05541863835259
 31
0.0
  0
LINE
  5
6A6D
330
1F
100
AcDbEntity
  8
HALFEN
100
AcDbLine
 10
2454.512843046437
 20
78.05541863835282
 30
0.0
 11
2446.762843046438
 21
78.0554186383527
 31
0.0
  0
LINE
  5
6A6E
330
1F
100
AcDbEntity
  8
HALFEN
100
AcDbLine
 10
2454.512843046438
 20
77.05541863835282
 30
0.0
 11
2446.762843046438
 21
77.05541863835259
 31
0.0
  0
LINE
  5
6A6F
330
1F
100
AcDbEntity
  8
HALFEN
100
AcDbLine
 10
2454.512843046438
 20
76.0554186383527
 30
0.0
 11
2446.762843046438
 21
76.0554186383527
 31
0.0
  0
LINE
  5
6A70
330
1F
100
AcDbEntity
  8
HALFEN
100
AcDbLine
 10
2454.512843046437
 20
75.05541863835201
 30
0.0
 11
2446.762843046438
 21
75.05541863835304
 31
0.0
  0
LINE
  5
6A71
330
1F
100
AcDbEntity
  8
HALFEN
100
AcDbLine
 10
2454.512843046437
 20
74.05541863835214
 30
0.0
 11
2446.762843046438
 21
74.05541863835304
 31
0.0
  0
LINE
  5
6A72
330
1F
100
AcDbEntity
  8
HALFEN
100
AcDbLine
 10
2454.512843046437
 20
72.05541863835282
 30
0.0
 11
2446.762843046438
 21
72.05541863835271
 31
0.0
  0
LINE
  5
6A73
330
1F
100
AcDbEntity
  8
HALFEN
100
AcDbLine
 10
2454.512843046437
 20
81.0554186383527
 30
0.0
 11
2446.762843046438
 21
81.0554186383527
 31
0.0
  0
LINE
  5
6A74
330
1F
100
AcDbEntity
  8
HALFEN
100
AcDbLine
 10
2454.512843046438
 20
84.05541863835271
 30
0.0
 11
2446.762843046438
 21
84.05541863835258
 31
0.0
  0
LINE
  5
6A75
330
1F
100
AcDbEntity
  8
HALFEN
100
AcDbLine
 10
2454.512843046438
 20
69.05541863835259
 30
0.0
 11
2446.762843046438
 21
69.05541863835271
 31
0.0
  0
LINE
  5
6A76
330
1F
100
AcDbEntity
  8
HALFEN
100
AcDbLine
 10
2454.512843046438
 20
82.0554186383527
 30
0.0
 11
2446.762843046438
 21
82.0554186383527
 31
0.0
  0
LINE
  5
6A77
330
1F
100
AcDbEntity
  8
HALFEN
100
AcDbLine
 10
2454.512843046437
 20
83.05541863835271
 30
0.0
 11
2446.762843046438
 21
83.05541863835282
 31
0.0
  0
LINE
  5
6A78
330
1F
100
AcDbEntity
  8
HALFEN
100
AcDbLine
 10
2454.512843046438
 20
85.05541863835281
 30
0.0
 11
2446.762843046438
 21
85.0554186383526
 31
0.0
  0
LINE
  5
6A79
330
1F
100
AcDbEntity
  8
HALFEN
100
AcDbLine
 10
2454.512843046438
 20
86.05541863835282
 30
0.0
 11
2446.762843046438
 21
86.05541863835259
 31
0.0
  0
LINE
  5
6A7A
330
1F
100
AcDbEntity
  8
HALFEN
100
AcDbLine
 10
2454.579542913768
 20
87.0554186383527
 30
0.0
 11
2446.762843046438
 21
87.0554186383527
 31
0.0
  0
LINE
  5
6A7B
330
1F
100
AcDbEntity
  8
HALFEN
100
AcDbLine
 10
2454.889859700231
 20
88.05541863835271
 30
0.0
 11
2446.762843046438
 21
88.05541863835271
 31
0.0
  0
LINE
  5
6A7C
330
1F
100
AcDbEntity
  8
HALFEN
100
AcDbLine
 10
2455.522472697234
 20
89.05541863835281
 30
0.0
 11
2446.762843046438
 21
89.05541863835271
 31
0.0
  0
LINE
  5
6A7D
330
1F
100
AcDbEntity
  8
HALFEN
100
AcDbLine
 10
2446.762843046438
 20
73.05541863835293
 30
0.0
 11
2454.512843046438
 21
73.05541863835212
 31
0.0
  0
LINE
  5
6A7E
330
1F
100
AcDbEntity
  8
HALFEN
100
AcDbLine
 10
2455.522472697234
 20
64.05541863835271
 30
0.0
 11
2446.762843046438
 21
64.05541863835271
 31
0.0
  0
LINE
  5
6A7F
330
1F
100
AcDbEntity
  8
HALFEN
100
AcDbLine
 10
2454.889859700231
 20
65.0554186383527
 30
0.0
 11
2446.762843046438
 21
65.0554186383527
 31
0.0
  0
LINE
  5
6A80
330
1F
100
AcDbEntity
  8
HALFEN
100
AcDbLine
 10
2454.579542913768
 20
66.05541863835282
 30
0.0
 11
2446.762843046438
 21
66.05541863835259
 31
0.0
  0
LINE
  5
6A81
330
1F
100
AcDbEntity
  8
HALFEN
100
AcDbLine
 10
2454.512843046438
 20
67.05541863835271
 30
0.0
 11
2446.762843046438
 21
67.05541863835271
 31
0.0
  0
LINE
  5
6A82
330
1F
100
AcDbEntity
  8
HALFEN
100
AcDbLine
 10
2454.512843046438
 20
68.05541863835282
 30
0.0
 11
2446.762843046438
 21
68.05541863835259
 31
0.0
  0
LINE
  5
6A83
330
1F
100
AcDbEntity
  8
HALFEN
100
AcDbLine
 10
2454.512843046438
 20
70.05541863835259
 30
0.0
 11
2446.762843046438
 21
70.05541863835282
 31
0.0
  0
LINE
  5
6A84
330
1F
100
AcDbEntity
  8
HALFEN
100
AcDbLine
 10
2454.512843046437
 20
71.05541863835282
 30
0.0
 11
2446.762843046438
 21
71.0554186383527
 31
0.0
  0
LINE
  5
6A85
330
1F
100
AcDbEntity
  8
HALFEN
100
AcDbLine
 10
2470.762843046439
 20
90.0554186383527
 30
0.0
 11
2460.762843046439
 21
90.0554186383527
 31
0.0
  0
LINE
  5
6A86
330
1F
100
AcDbEntity
  8
HALFEN
100
AcDbLine
 10
2456.762843046437
 20
90.0554186383527
 30
0.0
 11
2446.762843046438
 21
90.05541863835281
 31
0.0
  0
LINE
  5
6A87
330
1F
100
AcDbEntity
  8
HALFEN
100
AcDbLine
 10
2456.762843046439
 20
63.05541863835269
 30
0.0
 11
2446.762843046438
 21
63.05541863835283
 31
0.0
  0
LINE
  5
6A88
330
1F
100
AcDbEntity
  8
HALFEN
100
AcDbLine
 10
2463.012843046438
 20
73.05541863835282
 30
0.0
 11
2470.762843046439
 21
73.0554186383527
 31
0.0
  0
LINE
  5
6A89
330
1F
100
AcDbEntity
  8
HALFEN
100
AcDbLine
 10
2470.762843046439
 20
78.05541863835235
 30
0.0
 11
2463.012843046437
 21
78.05541863835339
 31
0.0
  0
LINE
  5
6A8A
330
1F
100
AcDbEntity
  8
HALFEN
100
AcDbLine
 10
2470.762843046439
 20
79.05541863835235
 30
0.0
 11
2463.012843046438
 21
79.05541863835328
 31
0.0
  0
LINE
  5
6A8B
330
1F
100
AcDbEntity
  8
HALFEN
100
AcDbLine
 10
2470.762843046439
 20
80.05541863835246
 30
0.0
 11
2463.012843046438
 21
80.05541863835317
 31
0.0
  0
LINE
  5
6A8C
330
1F
100
AcDbEntity
  8
HALFEN
100
AcDbLine
 10
2470.762843046439
 20
81.05541863835247
 30
0.0
 11
2463.012843046438
 21
81.05541863835304
 31
0.0
  0
LINE
  5
6A8D
330
1F
100
AcDbEntity
  8
HALFEN
100
AcDbLine
 10
2470.762843046439
 20
82.05541863835259
 30
0.0
 11
2463.012843046437
 21
82.05541863835282
 31
0.0
  0
LINE
  5
6A8E
330
1F
100
AcDbEntity
  8
HALFEN
100
AcDbLine
 10
2470.762843046439
 20
83.05541863835271
 30
0.0
 11
2463.012843046438
 21
83.05541863835271
 31
0.0
  0
LINE
  5
6A8F
330
1F
100
AcDbEntity
  8
HALFEN
100
AcDbLine
 10
2470.762843046439
 20
84.05541863835271
 30
0.0
 11
2463.012843046438
 21
84.05541863835281
 31
0.0
  0
LINE
  5
6A90
330
1F
100
AcDbEntity
  8
HALFEN
100
AcDbLine
 10
2470.762843046439
 20
74.05541863835271
 30
0.0
 11
2463.012843046438
 21
74.05541863835271
 31
0.0
  0
LINE
  5
6A91
330
1F
100
AcDbEntity
  8
HALFEN
100
AcDbLine
 10
2470.762843046439
 20
75.0554186383527
 30
0.0
 11
2463.012843046437
 21
75.0554186383527
 31
0.0
  0
LINE
  5
6A92
330
1F
100
AcDbEntity
  8
HALFEN
100
AcDbLine
 10
2470.762843046439
 20
76.05541863835316
 30
0.0
 11
2463.012843046437
 21
76.05541863835191
 31
0.0
  0
LINE
  5
6A93
330
1F
100
AcDbEntity
  8
HALFEN
100
AcDbLine
 10
2470.762843046439
 20
77.05541863835304
 30
0.0
 11
2463.012843046437
 21
77.055418638352
 31
0.0
  0
LINE
  5
6A94
330
1F
100
AcDbEntity
  8
HALFEN
100
AcDbLine
 10
2470.762843046439
 20
63.05541863835269
 30
0.0
 11
2460.762843046437
 21
63.05541863835269
 31
0.0
  0
LINE
  5
6A95
330
1F
100
AcDbEntity
  8
HALFEN
100
AcDbLine
 10
2470.762843046439
 20
69.05541863835259
 30
0.0
 11
2463.012843046437
 21
69.05541863835281
 31
0.0
  0
LINE
  5
6A96
330
1F
100
AcDbEntity
  8
HALFEN
100
AcDbLine
 10
2470.762843046439
 20
70.05541863835282
 30
0.0
 11
2463.012843046438
 21
70.05541863835259
 31
0.0
  0
LINE
  5
6A97
330
1F
100
AcDbEntity
  8
HALFEN
100
AcDbLine
 10
2470.762843046439
 20
71.05541863835259
 30
0.0
 11
2463.012843046438
 21
71.05541863835282
 31
0.0
  0
LINE
  5
6A98
330
1F
100
AcDbEntity
  8
HALFEN
100
AcDbLine
 10
2470.762843046439
 20
72.05541863835271
 30
0.0
 11
2463.012843046438
 21
72.05541863835282
 31
0.0
  0
LINE
  5
6A99
330
1F
100
AcDbEntity
  8
HALFEN
100
AcDbLine
 10
2470.762843046439
 20
60.05541863835283
 30
0.0
 11
2446.762843046438
 21
60.0554186383527
 31
0.0
  0
LINE
  5
6A9A
330
1F
100
AcDbEntity
  8
HALFEN
  6
STRICHPUNKT2
 62
     1
 48
0.5
100
AcDbLine
 10
2458.762843046438
 20
59.55541863835293
 30
0.0
 11
2458.762843046438
 21
93.55541863835293
 31
0.0
  0
LINE
  5
6A9B
330
1F
100
AcDbEntity
  8
HALFEN
  6
STRICHPUNKT2
 62
     1
 48
0.5
100
AcDbLine
 10
2451.512843046438
 20
76.55541863835293
 30
0.0
 11
2466.012843046438
 21
76.55541863835293
 31
0.0
  0
LINE
  5
6AAB
330
1F
100
AcDbEntity
  8
HALFEN
100
AcDbLine
 10
2349.179165023375
 20
17.32854863835274
 30
0.0
 11
2349.179165023375
 21
3.782288638352667
 31
0.0
  0
CIRCLE
  5
6B58
330
1F
100
AcDbEntity
  8
HALFEN
100
AcDbCircle
 10
2458.762843046438
 20
10.55541863835259
 30
0.0
 40
6.917468245269549
  0
CIRCLE
  5
6B64
330
1F
100
AcDbEntity
  8
HALFEN
100
AcDbCircle
 10
2458.762843046438
 20
10.55541863835259
 30
0.0
 40
11.25
  0
LINE
  5
6B69
330
1F
100
AcDbEntity
  8
HALFEN
100
AcDbLine
 10
2307.120052465052
 20
130.9509719823513
 30
0.0
 11
2538.943406101421
 21
130.9509719823513
 31
0.0
  0
LINE
  5
6B6A
330
1F
100
AcDbEntity
  8
HALFEN
100
AcDbLine
 10
2307.120052465052
 20
140.9509719823513
 30
0.0
 11
2538.943406101421
 21
140.9509719823513
 31
0.0
  0
LINE
  5
6B6B
330
1F
100
AcDbEntity
  8
HALFEN
100
AcDbLine
 10
2307.120052465052
 20
158.9509719823517
 30
0.0
 11
2538.943406101421
 21
158.9509719823517
 31
0.0
  0
TEXT
  5
6B6C
330
1F
100
AcDbEntity
  8
HALFEN
100
AcDbText
 10
2357.084738797667
 20
151.4509719823513
 30
0.0
 40
5.0
  1
Halfen Body - Anker BA 1308/1310/1312 - (GK + RP) - A4
  7
ARIAL50
100
AcDbText
  0
TEXT
  5
6B6D
330
1F
100
AcDbEntity
  8
HALFEN
100
AcDbText
 10
2312.120052465052
 20
151.4509719823513
 30
0.0
 40
5.0
  1
Benennung
  7
ARIAL50
100
AcDbText
  0
TEXT
  5
6B6E
330
1F
100
AcDbEntity
  8
HALFEN
100
AcDbText
 10
2312.120052465052
 20
133.4509719823513
 30
0.0
 40
5.0
  1
Bestell-Nr.
  7
ARIAL50
100
AcDbText
  0
LINE
  5
6B6F
330
1F
100
AcDbEntity
  8
HALFEN
100
AcDbLine
 10
2307.120052465052
 20
130.9509719823513
 30
0.0
 11
2307.120052465052
 21
158.9509719823517
 31
0.0
  0
LINE
  5
6B70
330
1F
100
AcDbEntity
  8
HALFEN
100
AcDbLine
 10
2352.084738797667
 20
130.9509719823513
 30
0.0
 11
2352.084738797667
 21
158.9509719823517
 31
0.0
  0
TEXT
  5
6B71
330
1F
100
AcDbEntity
  8
HALFEN
100
AcDbText
 10
2357.084738797667
 20
133.4509719823513
 30
0.0
 40
5.0
  1
0754.030 - 00004
  7
ARIAL50
100
AcDbText
  0
LINE
  5
6B72
330
1F
100
AcDbEntity
  8
HALFEN
100
AcDbLine
 10
2538.943406101421
 20
130.9509719823513
 30
0.0
 11
2538.943406101421
 21
158.9509719823517
 31
0.0
  0
LINE
  5
6D3F
330
1F
100
AcDbEntity
  8
HALFEN
100
AcDbLine
 10
2979.287530405163
 20
731.2114686899882
 30
0.0
 11
3004.287530405163
 21
731.2114686899882
 31
0.0
  0
LINE
  5
6D40
330
1F
100
AcDbEntity
  8
HALFEN
100
AcDbLine
 10
2979.287530405163
 20
736.2114686899882
 30
0.0
 11
3004.287530405163
 21
736.2114686899882
 31
0.0
  0
LINE
  5
6D41
330
1F
100
AcDbEntity
  8
HALFEN
100
AcDbLine
 10
2979.287530405163
 20
736.2114686899882
 30
0.0
 11
2979.287530405163
 21
731.2114686899882
 31
0.0
  0
LINE
  5
6D44
330
1F
100
AcDbEntity
  8
HALFEN
100
AcDbLine
 10
3009.287530405163
 20
725.7114686899882
 30
0.0
 11
3084.060660397701
 21
725.7114686899885
 31
0.0
  0
LINE
  5
6D45
330
1F
100
AcDbEntity
  8
HALFEN
100
AcDbLine
 10
3004.287530405163
 20
731.2114686899882
 30
0.0
 11
3009.287530405163
 21
725.7114686899882
 31
0.0
  0
LINE
  5
6D47
330
1F
100
AcDbEntity
  8
HALFEN
100
AcDbLine
 10
3004.287530405163
 20
736.2114686899882
 30
0.0
 11
3009.287530405163
 21
741.7114686899882
 31
0.0
  0
ELLIPSE
  5
6D4A
330
1F
100
AcDbEntity
  8
HALFEN
100
AcDbEllipse
 10
2989.692276632261
 20
665.0284254475669
 30
0.0
 11
19.5952537729017
 21
0.0000000000000284
 31
0.0
210
0.0
220
0.0
230
1.0
 40
0.663425957666224
 41
7.1514523472646
 42
7.853981633974482
  0
ELLIPSE
  5
6D4B
330
1F
100
AcDbEntity
  8
HALFEN
100
AcDbEllipse
 10
2989.692276632261
 20
665.0284254475669
 30
0.0
 11
19.5952537729017
 21
0.0000000000000284
 31
0.0
210
0.0
220
0.0
230
1.0
 40
0.663425957666224
 41
4.712388980384688
 42
5.414918267092309
  0
ARC
  5
6D4D
330
1F
100
AcDbEntity
  8
HALFEN
100
AcDbCircle
 10
2999.842401696341
 20
665.0284254475621
 30
0.0
 40
20.55487129117615
100
AcDbArc
 50
143.649283369622
 51
216.3585352849922
  0
ARC
  5
6D4E
330
1F
100
AcDbEntity
  8
HALFEN
100
AcDbCircle
 10
2984.899736317226
 20
654.0284254475671
 30
0.0
 40
2.0
100
AcDbArc
 50
216.3585352849922
 51
270.0
  0
LINE
  5
6D4F
330
1F
100
AcDbEntity
  8
HALFEN
100
AcDbLine
 10
2984.899736317226
 20
652.028425447567
 30
0.0
 11
2989.692276632265
 21
652.028425447567
 31
0.0
  0
CIRCLE
  5
6D50
330
1F
100
AcDbEntity
  8
HALFEN
100
AcDbCircle
 10
2986.287530405163
 20
665.0284254475669
 30
0.0
 40
2.549999999999998
  0
ARC
  5
6D52
330
1F
100
AcDbEntity
  8
HALFEN
100
AcDbCircle
 10
2984.898235382431
 20
676.0263862501065
 30
0.0
 40
2.0
100
AcDbArc
 50
91.33537730059243
 51
143.649283369622
  0
LINE
  5
6D53
330
1F
100
AcDbEntity
  8
HALFEN
100
AcDbLine
 10
2986.287530405168
 20
678.0284254475669
 30
0.0
 11
2989.692276632261
 21
678.0284254475669
 31
0.0
  0
ARC
  5
6D54
330
1F
100
AcDbEntity
  8
HALFEN
100
AcDbCircle
 10
2985.629601108656
 20
644.6520461291046
 30
0.0
 40
33.38286337882191
100
AcDbArc
 50
88.8707076348764
 51
91.33537730059243
  0
ELLIPSE
  5
6D55
330
1F
100
AcDbEntity
  8
HALFEN
100
AcDbEllipse
 10
2989.692276632261
 20
665.0284254475669
 30
0.0
 11
19.5952537729017
 21
0.0000000000000284
 31
0.0
210
0.0
220
0.0
230
1.0
 40
0.663425957666224
 41
5.41491826709245
 42
7.151452347264547
  0
ARC
  5
6D58
330
1F
100
AcDbEntity
  8
HALFEN
100
AcDbCircle
 10
3009.707575619006
 20
688.0485976308108
 30
0.0
 40
15.0215775047105
100
AcDbArc
 50
240.6889477955066
 51
269.9647084712829
  0
LINE
  5
6D59
330
1F
100
AcDbEntity
  8
HALFEN
100
AcDbLine
 10
2983.787530405163
 20
698.7114686899882
 30
0.0
 11
2983.787530405163
 21
731.2114686899882
 31
0.0
  0
LINE
  5
6D5A
330
1F
100
AcDbEntity
  8
HALFEN
100
AcDbLine
 10
2983.787530405163
 20
736.2114686899882
 30
0.0
 11
2983.787530405163
 21
768.7114686899882
 31
0.0
  0
LINE
  5
6D5B
330
1F
100
AcDbEntity
  8
HALFEN
100
AcDbLine
 10
2988.787530405164
 20
698.7114686899882
 30
0.0
 11
2988.787530405164
 21
731.2114686899882
 31
0.0
  0
LINE
  5
6D5C
330
1F
100
AcDbEntity
  8
HALFEN
100
AcDbLine
 10
2988.787530405164
 20
736.2114686899882
 30
0.0
 11
2988.787530405164
 21
768.7114686899882
 31
0.0
  0
LINE
  5
6D5D
330
1F
100
AcDbEntity
  8
HALFEN
100
AcDbLine
 10
2988.787530405164
 20
698.7114686899882
 30
0.0
 11
2983.787530405163
 21
698.7114686899882
 31
0.0
  0
LINE
  5
6D5E
330
1F
100
AcDbEntity
  8
HALFEN
100
AcDbLine
 10
2988.787530405164
 20
768.7114686899882
 30
0.0
 11
2983.787530405163
 21
768.7114686899882
 31
0.0
  0
LINE
  5
6D5F
330
1F
100
AcDbEntity
  8
HALFEN
100
AcDbLine
 10
3085.287530453011
 20
671.8001529756826
 30
0.0
 11
3085.287530453011
 21
658.2538929756825
 31
0.0
  0
LINE
  5
6D60
330
1F
100
AcDbEntity
  8
HALFEN
100
AcDbLine
 10
3084.060660453011
 20
673.0270229756825
 30
0.0
 11
3084.060660453011
 21
657.0270229756824
 31
0.0
  0
LINE
  5
6D61
330
1F
100
AcDbEntity
  8
HALFEN
100
AcDbLine
 10
3084.060660453011
 20
657.0270229756824
 30
0.0
 11
3085.287530453011
 21
658.2538929756825
 31
0.0
  0
LINE
  5
6D62
330
1F
100
AcDbEntity
  8
HALFEN
100
AcDbLine
 10
3085.287530453011
 20
671.8001529756826
 30
0.0
 11
3084.060660453011
 21
673.0270229756825
 31
0.0
  0
LINE
  5
6D64
330
1F
100
AcDbEntity
  8
HALFEN
100
AcDbLine
 10
2902.75557930202
 20
830.5410497531992
 30
0.0
 11
3187.455953573337
 21
830.5410497531992
 31
0.0
  0
LINE
  5
6D65
330
1F
100
AcDbEntity
  8
HALFEN
100
AcDbLine
 10
2902.75557930202
 20
840.5410497531994
 30
0.0
 11
3187.455953573337
 21
840.5410497531994
 31
0.0
  0
LINE
  5
6D66
330
1F
100
AcDbEntity
  8
HALFEN
100
AcDbLine
 10
2902.75557930202
 20
858.5410497531997
 30
0.0
 11
3187.455953573337
 21
858.5410497531999
 31
0.0
  0
TEXT
  5
6D67
330
1F
100
AcDbEntity
  8
HALFEN
100
AcDbText
 10
2952.720265634635
 20
851.0410497531992
 30
0.0
 40
5.0
  1
Halfen Body - Anker BA 1312 - (Ausleger Typ1-M16x106 + Gleithülse) - A2
  7
ARIAL50
100
AcDbText
  0
TEXT
  5
6D68
330
1F
100
AcDbEntity
  8
HALFEN
100
AcDbText
 10
2907.755579302019
 20
851.0410497531992
 30
0.0
 40
5.0
  1
Benennung
  7
ARIAL50
100
AcDbText
  0
TEXT
  5
6D69
330
1F
100
AcDbEntity
  8
HALFEN
100
AcDbText
 10
2907.755579302019
 20
833.0410497531993
 30
0.0
 40
5.0
  1
Bestell-Nr.
  7
ARIAL50
100
AcDbText
  0
LINE
  5
6D6A
330
1F
100
AcDbEntity
  8
HALFEN
100
AcDbLine
 10
2902.75557930202
 20
830.5410497531992
 30
0.0
 11
2902.75557930202
 21
858.5410497531997
 31
0.0
  0
LINE
  5
6D6B
330
1F
100
AcDbEntity
  8
HALFEN
100
AcDbLine
 10
2947.720265634635
 20
830.5410497531992
 30
0.0
 11
2947.720265634635
 21
858.5410497531997
 31
0.0
  0
TEXT
  5
6D6C
330
1F
100
AcDbEntity
  8
HALFEN
100
AcDbText
 10
2952.720265634635
 20
833.0410497531993
 30
0.0
 40
5.0
  1
0754.040 - 00014
  7
ARIAL50
100
AcDbText
  0
LINE
  5
6D6D
330
1F
100
AcDbEntity
  8
HALFEN
100
AcDbLine
 10
3187.455953573337
 20
830.5410497531992
 30
0.0
 11
3187.455953573337
 21
858.5410497531997
 31
0.0
  0
LINE
  5
6D6E
330
1F
100
AcDbEntity
  8
HALFEN
100
AcDbLine
 10
3085.287530405163
 20
740.4845986899882
 30
0.0
 11
3085.287530405163
 21
726.9383386899882
 31
0.0
  0
LINE
  5
6D6F
330
1F
100
AcDbEntity
  8
HALFEN
100
AcDbLine
 10
3084.060660405163
 20
741.7114686899882
 30
0.0
 11
3084.060660405163
 21
725.7114686899882
 31
0.0
  0
LINE
  5
6D70
330
1F
100
AcDbEntity
  8
HALFEN
100
AcDbLine
 10
3084.060660405163
 20
725.7114686899882
 30
0.0
 11
3085.287530405163
 21
726.9383386899882
 31
0.0
  0
LINE
  5
6D71
330
1F
100
AcDbEntity
  8
HALFEN
100
AcDbLine
 10
3085.287530405163
 20
740.4845986899882
 30
0.0
 11
3084.060660405163
 21
741.7114686899882
 31
0.0
  0
LINE
  5
6D72
330
1F
100
AcDbEntity
  8
HALFEN
100
AcDbLine
 10
3084.060660405163
 20
741.7114686899882
 30
0.0
 11
3009.287530405163
 21
741.7114686899882
 31
0.0
  0
LINE
  5
6D74
330
1F
100
AcDbEntity
  8
HALFEN
100
AcDbLine
 10
3031.939195841133
 20
725.7127799768693
 30
0.0
 11
3084.060660397701
 21
725.7114686899885
 31
0.0
  0
LINE
  5
6D75
330
1F
100
AcDbEntity
  8
HALFEN
100
AcDbLine
 10
3084.060660453011
 20
673.0270229756825
 30
0.0
 11
3009.698323028243
 21
673.0270229756825
 31
0.0
  0
LINE
  5
6D76
330
1F
100
AcDbEntity
  8
HALFEN
100
AcDbLine
 10
3084.060660453011
 20
657.0270229756824
 30
0.0
 11
3009.698323028668
 21
657.0270229756824
 31
0.0
  0
ARC
  5
6D77
330
1F
100
AcDbEntity
  8
HALFEN
100
AcDbCircle
 10
3009.707575619006
 20
642.0054483205542
 30
0.0
 40
15.0215775047105
100
AcDbArc
 50
90.03529152871712
 51
119.3110522044934
  0
LINE
  5
6D7A
330
1F
100
AcDbEntity
  8
HALFEN
100
AcDbLine
 10
2902.75557930202
 20
792.5410497531993
 30
0.0
 11
3187.455953573337
 21
792.5410497531993
 31
0.0
  0
LINE
  5
6D7B
330
1F
100
AcDbEntity
  8
HALFEN
100
AcDbLine
 10
2902.75557930202
 20
802.5410497531993
 30
0.0
 11
3187.455953573337
 21
802.5410497531993
 31
0.0
  0
LINE
  5
6D7C
330
1F
100
AcDbEntity
  8
HALFEN
100
AcDbLine
 10
2902.75557930202
 20
820.5410497531998
 30
0.0
 11
3187.455953573337
 21
820.5410497532001
 31
0.0
  0
TEXT
  5
6D7D
330
1F
100
AcDbEntity
  8
HALFEN
100
AcDbText
 10
2952.720265634635
 20
813.0410497531993
 30
0.0
 40
5.0
  1
Halfen Body - Anker BA 1312 - (Ausleger Typ1-M16x106 + Gleithülse) - A4
  7
ARIAL50
100
AcDbText
  0
TEXT
  5
6D7E
330
1F
100
AcDbEntity
  8
HALFEN
100
AcDbText
 10
2907.755579302019
 20
813.0410497531993
 30
0.0
 40
5.0
  1
Benennung
  7
ARIAL50
100
AcDbText
  0
TEXT
  5
6D7F
330
1F
100
AcDbEntity
  8
HALFEN
100
AcDbText
 10
2907.755579302019
 20
795.0410497531993
 30
0.0
 40
5.0
  1
Bestell-Nr.
  7
ARIAL50
100
AcDbText
  0
LINE
  5
6D80
330
1F
100
AcDbEntity
  8
HALFEN
100
AcDbLine
 10
2902.75557930202
 20
792.5410497531993
 30
0.0
 11
2902.75557930202
 21
820.5410497531998
 31
0.0
  0
LINE
  5
6D81
330
1F
100
AcDbEntity
  8
HALFEN
100
AcDbLine
 10
2947.720265634635
 20
792.5410497531993
 30
0.0
 11
2947.720265634635
 21
820.5410497531998
 31
0.0
  0
TEXT
  5
6D82
330
1F
100
AcDbEntity
  8
HALFEN
100
AcDbText
 10
2952.720265634635
 20
795.0410497531993
 30
0.0
 40
5.0
  1
0754.040 - 00007
  7
ARIAL50
100
AcDbText
  0
LINE
  5
6D83
330
1F
100
AcDbEntity
  8
HALFEN
100
AcDbLine
 10
3187.455953573337
 20
792.5410497531993
 30
0.0
 11
3187.455953573337
 21
820.5410497531998
 31
0.0
  0
LINE
  5
6EA0
330
1F
100
AcDbEntity
  8
HALFEN
100
AcDbLine
 10
2979.287530405163
 20
445.575720113277
 30
0.0
 11
3004.287530405163
 21
445.575720113277
 31
0.0
  0
LINE
  5
6EA1
330
1F
100
AcDbEntity
  8
HALFEN
100
AcDbLine
 10
2979.287530405163
 20
450.575720113277
 30
0.0
 11
3004.287530405163
 21
450.575720113277
 31
0.0
  0
LINE
  5
6EA2
330
1F
100
AcDbEntity
  8
HALFEN
100
AcDbLine
 10
2979.287530405163
 20
450.575720113277
 30
0.0
 11
2979.287530405163
 21
445.575720113277
 31
0.0
  0
LINE
  5
6EA5
330
1F
100
AcDbEntity
  8
HALFEN
100
AcDbLine
 10
3009.287530405163
 20
440.0757201132769
 30
0.0
 11
3084.060660397701
 21
440.0757201132774
 31
0.0
  0
LINE
  5
6EA6
330
1F
100
AcDbEntity
  8
HALFEN
100
AcDbLine
 10
3004.287530405163
 20
445.575720113277
 30
0.0
 11
3009.287530405163
 21
440.0757201132769
 31
0.0
  0
LINE
  5
6EA8
330
1F
100
AcDbEntity
  8
HALFEN
100
AcDbLine
 10
3004.287530405163
 20
450.575720113277
 30
0.0
 11
3009.287530405163
 21
456.0757201132769
 31
0.0
  0
ELLIPSE
  5
6EAB
330
1F
100
AcDbEntity
  8
HALFEN
100
AcDbEllipse
 10
2989.692276632261
 20
379.3926768708559
 30
0.0
 11
19.5952537729017
 21
0.0000000000000284
 31
0.0
210
0.0
220
0.0
230
1.0
 40
0.663425957666224
 41
7.1514523472646
 42
7.853981633974482
  0
ELLIPSE
  5
6EAC
330
1F
100
AcDbEntity
  8
HALFEN
100
AcDbEllipse
 10
2989.692276632261
 20
379.3926768708559
 30
0.0
 11
19.5952537729017
 21
0.0000000000000284
 31
0.0
210
0.0
220
0.0
230
1.0
 40
0.663425957666224
 41
4.712388980384688
 42
5.414918267092309
  0
ARC
  5
6EAE
330
1F
100
AcDbEntity
  8
HALFEN
100
AcDbCircle
 10
2999.842401696341
 20
379.3926768708511
 30
0.0
 40
20.55487129117615
100
AcDbArc
 50
143.649283369622
 51
216.3585352849922
  0
ARC
  5
6EAF
330
1F
100
AcDbEntity
  8
HALFEN
100
AcDbCircle
 10
2984.899736317226
 20
368.3926768708559
 30
0.0
 40
2.0
100
AcDbArc
 50
216.3585352849922
 51
270.0
  0
LINE
  5
6EB0
330
1F
100
AcDbEntity
  8
HALFEN
100
AcDbLine
 10
2984.899736317226
 20
366.3926768708559
 30
0.0
 11
2989.692276632265
 21
366.3926768708559
 31
0.0
  0
CIRCLE
  5
6EB1
330
1F
100
AcDbEntity
  8
HALFEN
100
AcDbCircle
 10
2986.287530405163
 20
379.3926768708559
 30
0.0
 40
2.549999999999998
  0
ARC
  5
6EB3
330
1F
100
AcDbEntity
  8
HALFEN
100
AcDbCircle
 10
2984.898235382431
 20
390.3906376733953
 30
0.0
 40
2.0
100
AcDbArc
 50
91.33537730059243
 51
143.649283369622
  0
LINE
  5
6EB4
330
1F
100
AcDbEntity
  8
HALFEN
100
AcDbLine
 10
2986.287530405168
 20
392.3926768708559
 30
0.0
 11
2989.692276632261
 21
392.3926768708559
 31
0.0
  0
ARC
  5
6EB5
330
1F
100
AcDbEntity
  8
HALFEN
100
AcDbCircle
 10
2985.629601108656
 20
359.0162975523933
 30
0.0
 40
33.38286337882191
100
AcDbArc
 50
88.8707076348764
 51
91.33537730059243
  0
ELLIPSE
  5
6EB6
330
1F
100
AcDbEntity
  8
HALFEN
100
AcDbEllipse
 10
2989.692276632261
 20
379.3926768708559
 30
0.0
 11
19.5952537729017
 21
0.0000000000000284
 31
0.0
210
0.0
220
0.0
230
1.0
 40
0.663425957666224
 41
5.41491826709245
 42
7.151452347264547
  0
ARC
  5
6EB9
330
1F
100
AcDbEntity
  8
HALFEN
100
AcDbCircle
 10
3009.707575619006
 20
402.4128490540996
 30
0.0
 40
15.0215775047105
100
AcDbArc
 50
240.6889477955066
 51
269.9647084712829
  0
LINE
  5
6EC0
330
1F
100
AcDbEntity
  8
HALFEN
100
AcDbLine
 10
3085.287530453011
 20
386.1644043989715
 30
0.0
 11
3085.287530453011
 21
372.6181443989714
 31
0.0
  0
LINE
  5
6EC1
330
1F
100
AcDbEntity
  8
HALFEN
100
AcDbLine
 10
3084.060660453011
 20
387.3912743989714
 30
0.0
 11
3084.060660453011
 21
371.3912743989714
 31
0.0
  0
LINE
  5
6EC2
330
1F
100
AcDbEntity
  8
HALFEN
100
AcDbLine
 10
3084.060660453011
 20
371.3912743989714
 30
0.0
 11
3085.287530453011
 21
372.6181443989714
 31
0.0
  0
LINE
  5
6EC3
330
1F
100
AcDbEntity
  8
HALFEN
100
AcDbLine
 10
3085.287530453011
 20
386.1644043989715
 30
0.0
 11
3084.060660453011
 21
387.3912743989714
 31
0.0
  0
LINE
  5
6EC5
330
1F
100
AcDbEntity
  8
HALFEN
100
AcDbLine
 10
2902.75557930202
 20
544.9053011764881
 30
0.0
 11
3149.458024512403
 21
544.9053011764881
 31
0.0
  0
LINE
  5
6EC6
330
1F
100
AcDbEntity
  8
HALFEN
100
AcDbLine
 10
2902.75557930202
 20
554.9053011764881
 30
0.0
 11
3149.458024512403
 21
554.9053011764881
 31
0.0
  0
LINE
  5
6EC7
330
1F
100
AcDbEntity
  8
HALFEN
100
AcDbLine
 10
2902.75557930202
 20
572.9053011764886
 30
0.0
 11
3149.458024512403
 21
572.9053011764887
 31
0.0
  0
TEXT
  5
6EC8
330
1F
100
AcDbEntity
  8
HALFEN
100
AcDbText
 10
2952.720265634635
 20
565.4053011764881
 30
0.0
 40
5.0
  1
Halfen Body - Anker BA 1312 - (Ausleger Typ2-M16x106) - A2
  7
ARIAL50
100
AcDbText
  0
TEXT
  5
6EC9
330
1F
100
AcDbEntity
  8
HALFEN
100
AcDbText
 10
2907.755579302019
 20
565.4053011764881
 30
0.0
 40
5.0
  1
Benennung
  7
ARIAL50
100
AcDbText
  0
TEXT
  5
6ECA
330
1F
100
AcDbEntity
  8
HALFEN
100
AcDbText
 10
2907.755579302019
 20
547.4053011764881
 30
0.0
 40
5.0
  1
Bestell-Nr.
  7
ARIAL50
100
AcDbText
  0
LINE
  5
6ECB
330
1F
100
AcDbEntity
  8
HALFEN
100
AcDbLine
 10
2902.75557930202
 20
544.9053011764881
 30
0.0
 11
2902.75557930202
 21
572.9053011764886
 31
0.0
  0
LINE
  5
6ECC
330
1F
100
AcDbEntity
  8
HALFEN
100
AcDbLine
 10
2947.720265634635
 20
544.9053011764881
 30
0.0
 11
2947.720265634635
 21
572.9053011764886
 31
0.0
  0
TEXT
  5
6ECD
330
1F
100
AcDbEntity
  8
HALFEN
100
AcDbText
 10
2952.720265634635
 20
547.4053011764881
 30
0.0
 40
5.0
  1
0754.050 - 00014
  7
ARIAL50
100
AcDbText
  0
LINE
  5
6ECE
330
1F
100
AcDbEntity
  8
HALFEN
100
AcDbLine
 10
3149.458024512403
 20
544.9053011764881
 30
0.0
 11
3149.458024512403
 21
572.9053011764886
 31
0.0
  0
LINE
  5
6ECF
330
1F
100
AcDbEntity
  8
HALFEN
100
AcDbLine
 10
3085.287530405163
 20
454.8488501132769
 30
0.0
 11
3085.287530405163
 21
441.302590113277
 31
0.0
  0
LINE
  5
6ED0
330
1F
100
AcDbEntity
  8
HALFEN
100
AcDbLine
 10
3084.060660405163
 20
456.0757201132769
 30
0.0
 11
3084.060660405163
 21
440.0757201132769
 31
0.0
  0
LINE
  5
6ED1
330
1F
100
AcDbEntity
  8
HALFEN
100
AcDbLine
 10
3084.060660405163
 20
440.0757201132769
 30
0.0
 11
3085.287530405163
 21
441.302590113277
 31
0.0
  0
LINE
  5
6ED2
330
1F
100
AcDbEntity
  8
HALFEN
100
AcDbLine
 10
3085.287530405163
 20
454.8488501132769
 30
0.0
 11
3084.060660405163
 21
456.0757201132769
 31
0.0
  0
LINE
  5
6ED3
330
1F
100
AcDbEntity
  8
HALFEN
100
AcDbLine
 10
3084.060660405163
 20
456.0757201132769
 30
0.0
 11
3009.287530405163
 21
456.0757201132769
 31
0.0
  0
LINE
  5
6ED5
330
1F
100
AcDbEntity
  8
HALFEN
100
AcDbLine
 10
3031.939195841133
 20
440.0770314001581
 30
0.0
 11
3084.060660397701
 21
440.0757201132774
 31
0.0
  0
LINE
  5
6ED6
330
1F
100
AcDbEntity
  8
HALFEN
100
AcDbLine
 10
3084.060660453011
 20
387.3912743989714
 30
0.0
 11
3009.698323028243
 21
387.3912743989714
 31
0.0
  0
LINE
  5
6ED7
330
1F
100
AcDbEntity
  8
HALFEN
100
AcDbLine
 10
3084.060660453011
 20
371.3912743989714
 30
0.0
 11
3009.698323028668
 21
371.3912743989714
 31
0.0
  0
ARC
  5
6ED8
330
1F
100
AcDbEntity
  8
HALFEN
100
AcDbCircle
 10
3009.707575619006
 20
356.3696997438432
 30
0.0
 40
15.0215775047105
100
AcDbArc
 50
90.03529152871712
 51
119.3110522044934
  0
LINE
  5
6EDB
330
1F
100
AcDbEntity
  8
HALFEN
100
AcDbLine
 10
2902.75557930202
 20
506.9053011764881
 30
0.0
 11
3149.458024512403
 21
506.9053011764881
 31
0.0
  0
LINE
  5
6EDC
330
1F
100
AcDbEntity
  8
HALFEN
100
AcDbLine
 10
2902.75557930202
 20
516.9053011764881
 30
0.0
 11
3149.458024512403
 21
516.9053011764881
 31
0.0
  0
LINE
  5
6EDD
330
1F
100
AcDbEntity
  8
HALFEN
100
AcDbLine
 10
2902.75557930202
 20
534.9053011764886
 30
0.0
 11
3149.458024512403
 21
534.9053011764888
 31
0.0
  0
TEXT
  5
6EDE
330
1F
100
AcDbEntity
  8
HALFEN
100
AcDbText
 10
2952.720265634635
 20
527.4053011764881
 30
0.0
 40
5.0
  1
Halfen Body - Anker BA 1312 - (Ausleger Typ2-M16x106) - A4
  7
ARIAL50
100
AcDbText
  0
TEXT
  5
6EDF
330
1F
100
AcDbEntity
  8
HALFEN
100
AcDbText
 10
2907.755579302019
 20
527.4053011764881
 30
0.0
 40
5.0
  1
Benennung
  7
ARIAL50
100
AcDbText
  0
TEXT
  5
6EE0
330
1F
100
AcDbEntity
  8
HALFEN
100
AcDbText
 10
2907.755579302019
 20
509.4053011764881
 30
0.0
 40
5.0
  1
Bestell-Nr.
  7
ARIAL50
100
AcDbText
  0
LINE
  5
6EE1
330
1F
100
AcDbEntity
  8
HALFEN
100
AcDbLine
 10
2902.75557930202
 20
506.9053011764881
 30
0.0
 11
2902.75557930202
 21
534.9053011764886
 31
0.0
  0
LINE
  5
6EE2
330
1F
100
AcDbEntity
  8
HALFEN
100
AcDbLine
 10
2947.720265634635
 20
506.9053011764881
 30
0.0
 11
2947.720265634635
 21
534.9053011764886
 31
0.0
  0
TEXT
  5
6EE3
330
1F
100
AcDbEntity
  8
HALFEN
100
AcDbText
 10
2952.720265634635
 20
509.4053011764881
 30
0.0
 40
5.0
  1
0754.050 - 00007
  7
ARIAL50
100
AcDbText
  0
LINE
  5
6EE4
330
1F
100
AcDbEntity
  8
HALFEN
100
AcDbLine
 10
3149.458024512403
 20
506.9053011764881
 30
0.0
 11
3149.458024512403
 21
534.9053011764886
 31
0.0
  0
LINE
  5
6F18
330
1F
100
AcDbEntity
  8
HALFEN
100
AcDbLine
 10
2988.787530405164
 20
450.5757201132769
 30
0.0
 11
2988.787530405164
 21
480.5757201132769
 31
0.0
  0
LINE
  5
6F19
330
1F
100
AcDbEntity
  8
HALFEN
100
AcDbLine
 10
2983.787530405163
 20
480.5757201132769
 30
0.0
 11
2983.787530405163
 21
450.5757201132769
 31
0.0
  0
LINE
  5
6F1A
330
1F
100
AcDbEntity
  8
HALFEN
100
AcDbLine
 10
2982.787530405163
 20
445.5757201132769
 30
0.0
 11
2982.787530405163
 21
444.0757201132769
 31
0.0
  0
LINE
  5
6F1B
330
1F
100
AcDbEntity
  8
HALFEN
100
AcDbLine
 10
2989.787530405163
 20
444.0757201132769
 30
0.0
 11
2989.787530405163
 21
445.5757201132769
 31
0.0
  0
LINE
  5
6F1C
330
1F
100
AcDbEntity
  8
HALFEN
100
AcDbLine
 10
2989.787530405163
 20
444.0757201132769
 30
0.0
 11
2982.787530405163
 21
444.0757201132769
 31
0.0
  0
LINE
  5
6F1D
330
1F
100
AcDbEntity
  8
HALFEN
100
AcDbLine
 10
2988.787530405164
 20
480.5757201132769
 30
0.0
 11
2983.787530405163
 21
480.5757201132769
 31
0.0
  0
LINE
  5
7EF4
330
1F
100
AcDbEntity
  8
HALFEN
100
AcDbLine
 10
2902.75557930202
 20
215.3789065617252
 30
0.0
 11
3149.458024512403
 21
215.3789065617252
 31
0.0
  0
LINE
  5
7EF5
330
1F
100
AcDbEntity
  8
HALFEN
100
AcDbLine
 10
2902.75557930202
 20
225.3789065617252
 30
0.0
 11
3149.458024512403
 21
225.3789065617252
 31
0.0
  0
LINE
  5
7EF6
330
1F
100
AcDbEntity
  8
HALFEN
100
AcDbLine
 10
2902.75557930202
 20
243.3789065617257
 30
0.0
 11
3149.458024512403
 21
243.3789065617258
 31
0.0
  0
TEXT
  5
7EF7
330
1F
100
AcDbEntity
  8
HALFEN
100
AcDbText
 10
2952.720265634635
 20
235.8789065617252
 30
0.0
 40
5.0
  1
Halfen Body - Anker BA 1312 - (Ausleger Typ3-M16x110) - A2
  7
ARIAL50
100
AcDbText
  0
TEXT
  5
7EF8
330
1F
100
AcDbEntity
  8
HALFEN
100
AcDbText
 10
2907.755579302019
 20
235.8789065617252
 30
0.0
 40
5.0
  1
Benennung
  7
ARIAL50
100
AcDbText
  0
TEXT
  5
7EF9
330
1F
100
AcDbEntity
  8
HALFEN
100
AcDbText
 10
2907.755579302019
 20
217.8789065617252
 30
0.0
 40
5.0
  1
Bestell-Nr.
  7
ARIAL50
100
AcDbText
  0
LINE
  5
7EFA
330
1F
100
AcDbEntity
  8
HALFEN
100
AcDbLine
 10
2902.75557930202
 20
215.3789065617252
 30
0.0
 11
2902.75557930202
 21
243.3789065617257
 31
0.0
  0
LINE
  5
7EFB
330
1F
100
AcDbEntity
  8
HALFEN
100
AcDbLine
 10
2947.720265634635
 20
215.3789065617252
 30
0.0
 11
2947.720265634635
 21
243.3789065617257
 31
0.0
  0
LINE
  5
7EFD
330
1F
100
AcDbEntity
  8
HALFEN
100
AcDbLine
 10
3149.458024512403
 20
215.3789065617252
 30
0.0
 11
3149.458024512405
 21
243.3789065617258
 31
0.0
  0
LINE
  5
7EFE
330
1F
100
AcDbEntity
  8
HALFEN
100
AcDbLine
 10
2902.75557930202
 20
177.3789065617252
 30
0.0
 11
3149.458024512403
 21
177.3789065617252
 31
0.0
  0
LINE
  5
7EFF
330
1F
100
AcDbEntity
  8
HALFEN
100
AcDbLine
 10
2902.75557930202
 20
187.3789065617252
 30
0.0
 11
3149.458024512403
 21
187.3789065617252
 31
0.0
  0
LINE
  5
7F00
330
1F
100
AcDbEntity
  8
HALFEN
100
AcDbLine
 10
2902.75557930202
 20
205.3789065617257
 30
0.0
 11
3149.458024512403
 21
205.3789065617259
 31
0.0
  0
TEXT
  5
7F01
330
1F
100
AcDbEntity
  8
HALFEN
100
AcDbText
 10
2952.720265634635
 20
197.8789065617252
 30
0.0
 40
5.0
  1
Halfen Body - Anker BA 1312 - (Ausleger Typ3-M16x110) - A4
  7
ARIAL50
100
AcDbText
  0
TEXT
  5
7F02
330
1F
100
AcDbEntity
  8
HALFEN
100
AcDbText
 10
2907.755579302019
 20
197.8789065617252
 30
0.0
 40
5.0
  1
Benennung
  7
ARIAL50
100
AcDbText
  0
TEXT
  5
7F03
330
1F
100
AcDbEntity
  8
HALFEN
100
AcDbText
 10
2907.755579302019
 20
179.8789065617252
 30
0.0
 40
5.0
  1
Bestell-Nr.
  7
ARIAL50
100
AcDbText
  0
LINE
  5
7F04
330
1F
100
AcDbEntity
  8
HALFEN
100
AcDbLine
 10
2902.75557930202
 20
177.3789065617252
 30
0.0
 11
2902.75557930202
 21
205.3789065617257
 31
0.0
  0
LINE
  5
7F05
330
1F
100
AcDbEntity
  8
HALFEN
100
AcDbLine
 10
2947.720265634635
 20
177.3789065617252
 30
0.0
 11
2947.720265634635
 21
205.3789065617257
 31
0.0
  0
LINE
  5
7F07
330
1F
100
AcDbEntity
  8
HALFEN
100
AcDbLine
 10
3149.458024512403
 20
177.3789065617252
 30
0.0
 11
3149.458024512403
 21
205.3789065617257
 31
0.0
  0
ELLIPSE
  5
7F0B
330
1F
100
AcDbEntity
  8
HALFEN
100
AcDbEllipse
 10
3067.068704104219
 20
-2.832888705878189
 30
0.0
 11
19.5952537729017
 21
0.0000000000000284
 31
0.0
210
0.0
220
0.0
230
1.0
 40
0.663425957666224
 41
7.1514523472646
 42
7.853981633974482
  0
ELLIPSE
  5
7F0C
330
1F
100
AcDbEntity
  8
HALFEN
100
AcDbEllipse
 10
3067.068704104219
 20
-2.832888705878189
 30
0.0
 11
19.5952537729017
 21
0.0000000000000284
 31
0.0
210
0.0
220
0.0
230
1.0
 40
0.663425957666224
 41
4.712388980384688
 42
5.414918267092309
  0
LINE
  5
7F0E
330
1F
100
AcDbEntity
  8
HALFEN
100
AcDbLine
 10
3063.663957877121
 20
-15.83288870587807
 30
0.0
 11
3067.068704104225
 21
-15.83288870587819
 31
0.0
  0
ARC
  5
7F0F
330
1F
100
AcDbEntity
  8
HALFEN
100
AcDbCircle
 10
3063.663957877121
 20
-2.832888705878189
 30
0.0
 40
2.549999999999998
100
AcDbArc
 50
270.0
 51
90.0
  0
LINE
  5
7F10
330
1F
100
AcDbEntity
  8
HALFEN
100
AcDbLine
 10
3063.663957877126
 20
10.16711129412181
 30
0.0
 11
3067.068704104219
 21
10.16711129412181
 31
0.0
  0
ELLIPSE
  5
7F11
330
1F
100
AcDbEntity
  8
HALFEN
100
AcDbEllipse
 10
3067.068704104219
 20
-2.832888705878189
 30
0.0
 11
19.5952537729017
 21
0.0000000000000284
 31
0.0
210
0.0
220
0.0
230
1.0
 40
0.663425957666224
 41
5.41491826709245
 42
7.151452347264547
  0
ARC
  5
7F14
330
1F
100
AcDbEntity
  8
HALFEN
100
AcDbCircle
 10
3087.084003090964
 20
20.18728347736567
 30
0.0
 40
15.0215775047105
100
AcDbArc
 50
240.6889477955066
 51
269.9647084712829
  0
LINE
  5
7F15
330
1F
100
AcDbEntity
  8
HALFEN
100
AcDbLine
 10
3150.66395792497
 20
3.938838822237356
 30
0.0
 11
3150.66395792497
 21
-9.607421177762716
 31
0.0
  0
LINE
  5
7F16
330
1F
100
AcDbEntity
  8
HALFEN
100
AcDbLine
 10
3149.437087924969
 20
5.16570882223732
 30
0.0
 11
3149.437087924969
 21
-10.83429117776268
 31
0.0
  0
LINE
  5
7F17
330
1F
100
AcDbEntity
  8
HALFEN
100
AcDbLine
 10
3149.437087924969
 20
-10.83429117776268
 30
0.0
 11
3150.66395792497
 21
-9.607421177762716
 31
0.0
  0
LINE
  5
7F18
330
1F
100
AcDbEntity
  8
HALFEN
100
AcDbLine
 10
3150.66395792497
 20
3.938838822237356
 30
0.0
 11
3149.437087924969
 21
5.16570882223732
 31
0.0
  0
LINE
  5
7F1A
330
1F
100
AcDbEntity
  8
HALFEN
100
AcDbLine
 10
3149.437087924969
 20
5.16570882223732
 30
0.0
 11
3087.0747505002
 21
5.16570882223732
 31
0.0
  0
LINE
  5
7F1B
330
1F
100
AcDbEntity
  8
HALFEN
100
AcDbLine
 10
3149.437087924969
 20
-10.83429117776268
 30
0.0
 11
3087.074750500626
 21
-10.83429117776268
 31
0.0
  0
ARC
  5
7F1C
330
1F
100
AcDbEntity
  8
HALFEN
100
AcDbCircle
 10
3087.084003090964
 20
-25.85586583289103
 30
0.0
 40
15.0215775047105
100
AcDbArc
 50
90.03529152871712
 51
119.3110522044934
  0
LINE
  5
7F1E
330
1F
100
AcDbEntity
  8
HALFEN
100
AcDbLine
 10
3050.213957877126
 20
-62.83429117776268
 30
0.0
 11
3073.663957877126
 21
-62.83429117776268
 31
0.0
  0
LINE
  5
7F1F
330
1F
100
AcDbEntity
  8
HALFEN
100
AcDbLine
 10
3045.113957877126
 20
57.16570882223732
 30
0.0
 11
3040.663957877126
 21
57.16570882223732
 31
0.0
  0
ARC
  5
7F20
330
1F
100
AcDbEntity
  8
HALFEN
100
AcDbCircle
 10
3047.663957877126
 20
57.16570882223732
 30
0.0
 40
2.549999999999998
100
AcDbArc
 50
180.0
 51
0.0
  0
CIRCLE
  5
7F21
330
1F
100
AcDbEntity
  8
HALFEN
100
AcDbCircle
 10
3047.663957877126
 20
47.16570882223732
 30
0.0
 40
2.549999999999998
  0
CIRCLE
  5
7F22
330
1F
100
AcDbEntity
  8
HALFEN
100
AcDbCircle
 10
3047.663957877126
 20
37.16570882223732
 30
0.0
 40
2.549999999999998
  0
CIRCLE
  5
7F23
330
1F
100
AcDbEntity
  8
HALFEN
100
AcDbCircle
 10
3047.663957877126
 20
27.16570882223732
 30
0.0
 40
2.549999999999998
  0
CIRCLE
  5
7F24
330
1F
100
AcDbEntity
  8
HALFEN
100
AcDbCircle
 10
3047.663957877126
 20
17.16570882223732
 30
0.0
 40
2.549999999999998
  0
CIRCLE
  5
7F25
330
1F
100
AcDbEntity
  8
HALFEN
100
AcDbCircle
 10
3047.663957877126
 20
7.165708822237319
 30
0.0
 40
2.549999999999998
  0
CIRCLE
  5
7F26
330
1F
100
AcDbEntity
  8
HALFEN
100
AcDbCircle
 10
3047.663957877126
 20
-2.834291177762678
 30
0.0
 40
2.549999999999998
  0
CIRCLE
  5
7F27
330
1F
100
AcDbEntity
  8
HALFEN
100
AcDbCircle
 10
3047.663957877126
 20
-12.83429117776268
 30
0.0
 40
2.549999999999998
  0
CIRCLE
  5
7F28
330
1F
100
AcDbEntity
  8
HALFEN
100
AcDbCircle
 10
3047.663957877126
 20
-22.83429117776268
 30
0.0
 40
2.549999999999998
  0
CIRCLE
  5
7F29
330
1F
100
AcDbEntity
  8
HALFEN
100
AcDbCircle
 10
3047.663957877126
 20
-32.83429117776268
 30
0.0
 40
2.549999999999998
  0
CIRCLE
  5
7F2A
330
1F
100
AcDbEntity
  8
HALFEN
100
AcDbCircle
 10
3047.663957877126
 20
-42.83429117776267
 30
0.0
 40
2.549999999999998
  0
CIRCLE
  5
7F2B
330
1F
100
AcDbEntity
  8
HALFEN
100
AcDbCircle
 10
3047.663957877126
 20
-52.83429117776268
 30
0.0
 40
2.549999999999998
  0
ARC
  5
7F2C
330
1F
100
AcDbEntity
  8
HALFEN
100
AcDbCircle
 10
3047.663957877126
 20
-62.83429117776268
 30
0.0
 40
2.549999999999998
100
AcDbArc
 50
0.0
 51
180.0
  0
LINE
  5
7F2D
330
1F
100
AcDbEntity
  8
HALFEN
100
AcDbLine
 10
3073.663957877126
 20
57.16570882223732
 30
0.0
 11
3050.213957877126
 21
57.16570882223732
 31
0.0
  0
LINE
  5
7F2E
330
1F
100
AcDbEntity
  8
HALFEN
100
AcDbLine
 10
3040.663957877126
 20
-62.83429117776268
 30
0.0
 11
3045.113957877126
 21
-62.83429117776268
 31
0.0
  0
LINE
  5
7F2F
330
1F
100
AcDbEntity
  8
HALFEN
100
AcDbLine
 10
3040.663957877126
 20
57.16570882223732
 30
0.0
 11
3040.663957877126
 21
-62.83429117776268
 31
0.0
  0
LINE
  5
7F30
330
1F
100
AcDbEntity
  8
HALFEN
100
AcDbLine
 10
3073.663957877127
 20
11.16570882223732
 30
0.0
 11
3073.663957877126
 21
57.16570882223732
 31
0.0
  0
LINE
  5
7F31
330
1F
100
AcDbEntity
  8
HALFEN
100
AcDbLine
 10
3063.663957877126
 20
11.16570882223732
 30
0.0
 11
3063.663957877126
 21
-16.83429117776268
 31
0.0
  0
LINE
  5
7F32
330
1F
100
AcDbEntity
  8
HALFEN
100
AcDbLine
 10
3063.663957877126
 20
11.16570882223732
 30
0.0
 11
3073.663957877126
 21
11.16570882223732
 31
0.0
  0
LINE
  5
7F33
330
1F
100
AcDbEntity
  8
HALFEN
100
AcDbLine
 10
3063.663957877126
 20
-16.83429117776268
 30
0.0
 11
3073.663957877126
 21
-16.83429117776268
 31
0.0
  0
LINE
  5
7F34
330
1F
100
AcDbEntity
  8
HALFEN
100
AcDbLine
 10
3073.663957877126
 20
-62.83429117776268
 30
0.0
 11
3073.663957877127
 21
-16.83429117776268
 31
0.0
  0
LINE
  5
7F39
330
1F
100
AcDbEntity
  8
HALFEN
100
AcDbLine
 10
3045.163957877126
 20
116.6327925259677
 30
0.0
 11
3045.163957877126
 21
151.6327925259677
 31
0.0
  0
LINE
  5
7F3A
330
1F
100
AcDbEntity
  8
HALFEN
100
AcDbLine
 10
3045.163957877126
 20
151.6327925259677
 30
0.0
 11
3050.163957877126
 21
151.6327925259677
 31
0.0
  0
LINE
  5
7F3B
330
1F
100
AcDbEntity
  8
HALFEN
100
AcDbLine
 10
3050.163957877126
 20
151.6327925259677
 30
0.0
 11
3050.163957877126
 21
116.6327925259677
 31
0.0
  0
LINE
  5
7F3C
330
1F
100
AcDbEntity
  8
HALFEN
100
AcDbLine
 10
3045.163957877126
 20
112.9327925259676
 30
0.0
 11
3045.163957877126
 21
80.93279252596742
 31
0.0
  0
LINE
  5
7F3D
330
1F
100
AcDbEntity
  8
HALFEN
100
AcDbLine
 10
3045.163957877126
 20
80.93279252596767
 30
0.0
 11
3050.163957877126
 21
80.93279252596767
 31
0.0
  0
LINE
  5
7F3E
330
1F
100
AcDbEntity
  8
HALFEN
100
AcDbLine
 10
3050.163957877126
 20
80.93279252596742
 30
0.0
 11
3050.163957877126
 21
112.9327925259676
 31
0.0
  0
LINE
  5
7F3F
330
1F
100
AcDbEntity
  8
HALFEN
100
AcDbLine
 10
3044.163957877126
 20
115.9327925259676
 30
0.0
 11
3044.163957877126
 21
116.6327925259677
 31
0.0
  0
LINE
  5
7F40
330
1F
100
AcDbEntity
  8
HALFEN
100
AcDbLine
 10
3044.163957877126
 20
116.6327925259677
 30
0.0
 11
3051.163957877126
 21
116.6327925259677
 31
0.0
  0
LINE
  5
7F41
330
1F
100
AcDbEntity
  8
HALFEN
100
AcDbLine
 10
3051.163957877126
 20
116.6327925259677
 30
0.0
 11
3051.163957877126
 21
115.9327925259676
 31
0.0
  0
LINE
  5
7F42
330
1F
100
AcDbEntity
  8
HALFEN
100
AcDbLine
 10
3063.663957877126
 20
115.9327925259676
 30
0.0
 11
3040.663957877126
 21
115.9327925259676
 31
0.0
  0
LINE
  5
7F43
330
1F
100
AcDbEntity
  8
HALFEN
100
AcDbLine
 10
3040.663957877126
 20
115.9327925259676
 30
0.0
 11
3040.663957877126
 21
112.9327925259676
 31
0.0
  0
LINE
  5
7F44
330
1F
100
AcDbEntity
  8
HALFEN
100
AcDbLine
 10
3040.663957877126
 20
112.9327925259676
 30
0.0
 11
3063.663957877126
 21
112.9327925259676
 31
0.0
  0
LINE
  5
7F45
330
1F
100
AcDbEntity
  8
HALFEN
100
AcDbLine
 10
3063.663957877126
 20
111.9327925259674
 30
0.0
 11
3081.663957877126
 21
111.9327925259677
 31
0.0
  0
LINE
  5
7F46
330
1F
100
AcDbEntity
  8
HALFEN
100
AcDbLine
 10
3063.663957877126
 20
116.9327925259674
 30
0.0
 11
3081.663957877126
 21
116.9327925259676
 31
0.0
  0
LINE
  5
7F48
330
1F
100
AcDbEntity
  8
HALFEN
100
AcDbLine
 10
3086.663957877126
 20
106.4327925259676
 30
0.0
 11
3149.437087917513
 21
106.4327925259681
 31
0.0
  0
LINE
  5
7F49
330
1F
100
AcDbEntity
  8
HALFEN
100
AcDbLine
 10
3081.663957877126
 20
111.9327925259677
 30
0.0
 11
3086.663957877126
 21
106.4327925259676
 31
0.0
  0
LINE
  5
7F4B
330
1F
100
AcDbEntity
  8
HALFEN
100
AcDbLine
 10
3081.663957877126
 20
116.9327925259676
 30
0.0
 11
3086.663957877126
 21
122.4327925259677
 31
0.0
  0
LINE
  5
7F4E
330
1F
100
AcDbEntity
  8
HALFEN
100
AcDbLine
 10
3150.663957924975
 20
121.2059225259677
 30
0.0
 11
3150.663957924975
 21
107.6596625259676
 31
0.0
  0
LINE
  5
7F4F
330
1F
100
AcDbEntity
  8
HALFEN
100
AcDbLine
 10
3149.437087924975
 20
122.4327925259677
 30
0.0
 11
3149.437087924975
 21
106.4327925259676
 31
0.0
  0
LINE
  5
7F50
330
1F
100
AcDbEntity
  8
HALFEN
100
AcDbLine
 10
3149.437087924975
 20
106.4327925259676
 30
0.0
 11
3150.663957924975
 21
107.6596625259676
 31
0.0
  0
LINE
  5
7F51
330
1F
100
AcDbEntity
  8
HALFEN
100
AcDbLine
 10
3150.663957924975
 20
121.2059225259677
 30
0.0
 11
3149.437087924975
 21
122.4327925259677
 31
0.0
  0
LINE
  5
7F52
330
1F
100
AcDbEntity
  8
HALFEN
100
AcDbLine
 10
3149.437087924975
 20
122.4327925259677
 30
0.0
 11
3086.663957877126
 21
122.4327925259677
 31
0.0
  0
LINE
  5
7F54
330
1F
100
AcDbEntity
  8
HALFEN
100
AcDbLine
 10
3145.315623313096
 20
106.4341038128491
 30
0.0
 11
3149.437087917513
 21
106.4327925259681
 31
0.0
  0
LINE
  5
7F56
330
1F
100
AcDbEntity
  8
HALFEN
100
AcDbLine
 10
3063.663957877126
 20
116.9327925259674
 30
0.0
 11
3063.663957877126
 21
111.9327925259677
 31
0.0
  0
LINE
  5
7F57
330
1F
100
AcDbEntity
  8
HALFEN
100
AcDbLine
 10
3063.663957877126
 20
112.9327925259676
 30
0.0
 11
3063.663957877126
 21
115.9327925259676
 31
0.0
  0
LINE
  5
7F5F
330
1F
100
AcDbEntity
  8
HALFEN
100
AcDbLine
 10
2902.75557930202
 20
-203.0856181479232
 30
0.0
 11
3149.458024512403
 21
-203.0856181479232
 31
0.0
  0
LINE
  5
7F60
330
1F
100
AcDbEntity
  8
HALFEN
100
AcDbLine
 10
2902.75557930202
 20
-193.0856181479232
 30
0.0
 11
3149.458024512403
 21
-193.0856181479232
 31
0.0
  0
LINE
  5
7F61
330
1F
100
AcDbEntity
  8
HALFEN
100
AcDbLine
 10
2902.75557930202
 20
-175.0856181479228
 30
0.0
 11
3149.458024512403
 21
-175.0856181479225
 31
0.0
  0
TEXT
  5
7F62
330
1F
100
AcDbEntity
  8
HALFEN
100
AcDbText
 10
2952.720265634635
 20
-182.5856181479232
 30
0.0
 40
5.0
  1
Halfen Body - Anker BA 1312 - (Ausleger Typ4-M16x110) - A2
  7
ARIAL50
100
AcDbText
  0
TEXT
  5
7F63
330
1F
100
AcDbEntity
  8
HALFEN
100
AcDbText
 10
2907.755579302021
 20
-182.5856181479232
 30
0.0
 40
5.0
  1
Benennung
  7
ARIAL50
100
AcDbText
  0
TEXT
  5
7F64
330
1F
100
AcDbEntity
  8
HALFEN
100
AcDbText
 10
2907.755579302021
 20
-200.5856181479233
 30
0.0
 40
5.0
  1
Bestell-Nr.
  7
ARIAL50
100
AcDbText
  0
LINE
  5
7F65
330
1F
100
AcDbEntity
  8
HALFEN
100
AcDbLine
 10
2902.75557930202
 20
-203.0856181479232
 30
0.0
 11
2902.75557930202
 21
-175.0856181479228
 31
0.0
  0
LINE
  5
7F66
330
1F
100
AcDbEntity
  8
HALFEN
100
AcDbLine
 10
2947.720265634636
 20
-203.0856181479232
 30
0.0
 11
2947.720265634636
 21
-175.0856181479228
 31
0.0
  0
LINE
  5
7F67
330
1F
100
AcDbEntity
  8
HALFEN
100
AcDbLine
 10
3149.458024512405
 20
-203.0856181479232
 30
0.0
 11
3149.458024512405
 21
-175.0856181479228
 31
0.0
  0
LINE
  5
7F68
330
1F
100
AcDbEntity
  8
HALFEN
100
AcDbLine
 10
2902.75557930202
 20
-241.0856181479232
 30
0.0
 11
3149.458024512403
 21
-241.0856181479232
 31
0.0
  0
LINE
  5
7F69
330
1F
100
AcDbEntity
  8
HALFEN
100
AcDbLine
 10
2902.75557930202
 20
-231.0856181479232
 30
0.0
 11
3149.458024512403
 21
-231.0856181479232
 31
0.0
  0
LINE
  5
7F6A
330
1F
100
AcDbEntity
  8
HALFEN
100
AcDbLine
 10
2902.75557930202
 20
-213.0856181479228
 30
0.0
 11
3149.458024512403
 21
-213.0856181479225
 31
0.0
  0
TEXT
  5
7F6B
330
1F
100
AcDbEntity
  8
HALFEN
100
AcDbText
 10
2952.720265634635
 20
-220.5856181479232
 30
0.0
 40
5.0
  1
Halfen Body - Anker BA 1312 - (Ausleger Typ4-M16x110) - A4
  7
ARIAL50
100
AcDbText
  0
TEXT
  5
7F6C
330
1F
100
AcDbEntity
  8
HALFEN
100
AcDbText
 10
2907.755579302021
 20
-220.5856181479232
 30
0.0
 40
5.0
  1
Benennung
  7
ARIAL50
100
AcDbText
  0
TEXT
  5
7F6D
330
1F
100
AcDbEntity
  8
HALFEN
100
AcDbText
 10
2907.755579302021
 20
-238.5856181479232
 30
0.0
 40
5.0
  1
Bestell-Nr.
  7
ARIAL50
100
AcDbText
  0
LINE
  5
7F6E
330
1F
100
AcDbEntity
  8
HALFEN
100
AcDbLine
 10
2902.75557930202
 20
-241.0856181479232
 30
0.0
 11
2902.75557930202
 21
-213.0856181479228
 31
0.0
  0
LINE
  5
7F6F
330
1F
100
AcDbEntity
  8
HALFEN
100
AcDbLine
 10
2947.720265634636
 20
-241.0856181479232
 30
0.0
 11
2947.720265634636
 21
-213.0856181479228
 31
0.0
  0
LINE
  5
7F70
330
1F
100
AcDbEntity
  8
HALFEN
100
AcDbLine
 10
3149.458024512405
 20
-241.0856181479232
 30
0.0
 11
3149.458024512405
 21
-213.0856181479228
 31
0.0
  0
ELLIPSE
  5
7F71
330
1F
100
AcDbEntity
  8
HALFEN
100
AcDbEllipse
 10
3060.767224575228
 20
-421.2974134155264
 30
0.0
 11
19.5952537729017
 21
0.0000000000000284
 31
0.0
210
0.0
220
0.0
230
1.0
 40
0.663425957666224
 41
7.1514523472646
 42
7.853981633974482
  0
ELLIPSE
  5
7F72
330
1F
100
AcDbEntity
  8
HALFEN
100
AcDbEllipse
 10
3060.767224575228
 20
-421.2974134155264
 30
0.0
 11
19.5952537729017
 21
0.0000000000000284
 31
0.0
210
0.0
220
0.0
230
1.0
 40
0.663425957666224
 41
4.712388980384688
 42
5.414918267092309
  0
LINE
  5
7F74
330
1F
100
AcDbEntity
  8
HALFEN
100
AcDbLine
 10
3057.36247834813
 20
-434.2974134155264
 30
0.0
 11
3060.767224575233
 21
-434.2974134155264
 31
0.0
  0
ARC
  5
7F75
330
1F
100
AcDbEntity
  8
HALFEN
100
AcDbCircle
 10
3057.36247834813
 20
-421.2974134155264
 30
0.0
 40
2.549999999999998
100
AcDbArc
 50
270.0
 51
90.0
  0
LINE
  5
7F76
330
1F
100
AcDbEntity
  8
HALFEN
100
AcDbLine
 10
3057.362478348135
 20
-408.2974134155264
 30
0.0
 11
3060.767224575228
 21
-408.2974134155264
 31
0.0
  0
ELLIPSE
  5
7F77
330
1F
100
AcDbEntity
  8
HALFEN
100
AcDbEllipse
 10
3060.767224575228
 20
-421.2974134155264
 30
0.0
 11
19.5952537729017
 21
0.0000000000000284
 31
0.0
210
0.0
220
0.0
230
1.0
 40
0.663425957666224
 41
5.41491826709245
 42
7.151452347264547
  0
ARC
  5
7F7A
330
1F
100
AcDbEntity
  8
HALFEN
100
AcDbCircle
 10
3080.782523561973
 20
-398.2772412322828
 30
0.0
 40
15.0215775047105
100
AcDbArc
 50
240.6889477955066
 51
269.9647084712829
  0
LINE
  5
7F7B
330
1F
100
AcDbEntity
  8
HALFEN
100
AcDbLine
 10
3144.362478395979
 20
-414.5256858874111
 30
0.0
 11
3144.362478395979
 21
-428.0719458874111
 31
0.0
  0
LINE
  5
7F7C
330
1F
100
AcDbEntity
  8
HALFEN
100
AcDbLine
 10
3143.135608395978
 20
-413.2988158874111
 30
0.0
 11
3143.135608395978
 21
-429.2988158874111
 31
0.0
  0
LINE
  5
7F7D
330
1F
100
AcDbEntity
  8
HALFEN
100
AcDbLine
 10
3143.135608395978
 20
-429.2988158874111
 30
0.0
 11
3144.362478395979
 21
-428.0719458874111
 31
0.0
  0
LINE
  5
7F7E
330
1F
100
AcDbEntity
  8
HALFEN
100
AcDbLine
 10
3144.362478395979
 20
-414.5256858874111
 30
0.0
 11
3143.135608395978
 21
-413.2988158874111
 31
0.0
  0
LINE
  5
7F80
330
1F
100
AcDbEntity
  8
HALFEN
100
AcDbLine
 10
3143.135608395978
 20
-413.2988158874111
 30
0.0
 11
3080.773270971209
 21
-413.2988158874111
 31
0.0
  0
LINE
  5
7F81
330
1F
100
AcDbEntity
  8
HALFEN
100
AcDbLine
 10
3143.135608395978
 20
-429.2988158874111
 30
0.0
 11
3080.773270971635
 21
-429.2988158874111
 31
0.0
  0
ARC
  5
7F82
330
1F
100
AcDbEntity
  8
HALFEN
100
AcDbCircle
 10
3080.782523561973
 20
-444.3203905425392
 30
0.0
 40
15.0215775047105
100
AcDbArc
 50
90.03529152871712
 51
119.3110522044934
  0
LINE
  5
7F84
330
1F
100
AcDbEntity
  8
HALFEN
100
AcDbLine
 10
3043.912478348135
 20
-481.2988158874111
 30
0.0
 11
3067.362478348135
 21
-481.2988158874111
 31
0.0
  0
LINE
  5
7F85
330
1F
100
AcDbEntity
  8
HALFEN
100
AcDbLine
 10
3038.812478348135
 20
-361.2988158874111
 30
0.0
 11
3034.362478348135
 21
-361.2988158874111
 31
0.0
  0
ARC
  5
7F86
330
1F
100
AcDbEntity
  8
HALFEN
100
AcDbCircle
 10
3041.362478348135
 20
-361.2988158874111
 30
0.0
 40
2.549999999999998
100
AcDbArc
 50
180.0
 51
0.0
  0
CIRCLE
  5
7F87
330
1F
100
AcDbEntity
  8
HALFEN
100
AcDbCircle
 10
3041.362478348135
 20
-371.2988158874111
 30
0.0
 40
2.549999999999998
  0
CIRCLE
  5
7F88
330
1F
100
AcDbEntity
  8
HALFEN
100
AcDbCircle
 10
3041.362478348135
 20
-381.2988158874111
 30
0.0
 40
2.549999999999998
  0
CIRCLE
  5
7F89
330
1F
100
AcDbEntity
  8
HALFEN
100
AcDbCircle
 10
3041.362478348135
 20
-391.2988158874112
 30
0.0
 40
2.549999999999998
  0
CIRCLE
  5
7F8A
330
1F
100
AcDbEntity
  8
HALFEN
100
AcDbCircle
 10
3041.362478348135
 20
-401.2988158874111
 30
0.0
 40
2.549999999999998
  0
CIRCLE
  5
7F8B
330
1F
100
AcDbEntity
  8
HALFEN
100
AcDbCircle
 10
3041.362478348135
 20
-411.2988158874111
 30
0.0
 40
2.549999999999998
  0
CIRCLE
  5
7F8C
330
1F
100
AcDbEntity
  8
HALFEN
100
AcDbCircle
 10
3041.362478348135
 20
-421.2988158874111
 30
0.0
 40
2.549999999999998
  0
CIRCLE
  5
7F8D
330
1F
100
AcDbEntity
  8
HALFEN
100
AcDbCircle
 10
3041.362478348135
 20
-431.2988158874111
 30
0.0
 40
2.549999999999998
  0
CIRCLE
  5
7F8E
330
1F
100
AcDbEntity
  8
HALFEN
100
AcDbCircle
 10
3041.362478348135
 20
-441.2988158874111
 30
0.0
 40
2.549999999999998
  0
CIRCLE
  5
7F8F
330
1F
100
AcDbEntity
  8
HALFEN
100
AcDbCircle
 10
3041.362478348135
 20
-451.2988158874111
 30
0.0
 40
2.549999999999998
  0
CIRCLE
  5
7F90
330
1F
100
AcDbEntity
  8
HALFEN
100
AcDbCircle
 10
3041.362478348135
 20
-461.2988158874111
 30
0.0
 40
2.549999999999998
  0
CIRCLE
  5
7F91
330
1F
100
AcDbEntity
  8
HALFEN
100
AcDbCircle
 10
3041.362478348135
 20
-471.2988158874111
 30
0.0
 40
2.549999999999998
  0
ARC
  5
7F92
330
1F
100
AcDbEntity
  8
HALFEN
100
AcDbCircle
 10
3041.362478348135
 20
-481.2988158874111
 30
0.0
 40
2.549999999999998
100
AcDbArc
 50
0.0
 51
180.0
  0
LINE
  5
7F93
330
1F
100
AcDbEntity
  8
HALFEN
100
AcDbLine
 10
3067.362478348135
 20
-361.2988158874111
 30
0.0
 11
3043.912478348135
 21
-361.2988158874111
 31
0.0
  0
LINE
  5
7F94
330
1F
100
AcDbEntity
  8
HALFEN
100
AcDbLine
 10
3034.362478348135
 20
-481.2988158874111
 30
0.0
 11
3038.812478348135
 21
-481.2988158874111
 31
0.0
  0
LINE
  5
7F95
330
1F
100
AcDbEntity
  8
HALFEN
100
AcDbLine
 10
3034.362478348135
 20
-361.2988158874111
 30
0.0
 11
3034.362478348135
 21
-481.2988158874111
 31
0.0
  0
LINE
  5
7F96
330
1F
100
AcDbEntity
  8
HALFEN
100
AcDbLine
 10
3067.362478348135
 20
-407.2988158874111
 30
0.0
 11
3067.362478348135
 21
-361.2988158874111
 31
0.0
  0
LINE
  5
7F97
330
1F
100
AcDbEntity
  8
HALFEN
100
AcDbLine
 10
3057.362478348135
 20
-407.2988158874111
 30
0.0
 11
3057.362478348135
 21
-435.2988158874111
 31
0.0
  0
LINE
  5
7F98
330
1F
100
AcDbEntity
  8
HALFEN
100
AcDbLine
 10
3057.362478348135
 20
-407.2988158874111
 30
0.0
 11
3067.362478348135
 21
-407.2988158874111
 31
0.0
  0
LINE
  5
7F99
330
1F
100
AcDbEntity
  8
HALFEN
100
AcDbLine
 10
3057.362478348135
 20
-435.2988158874111
 30
0.0
 11
3067.362478348135
 21
-435.2988158874111
 31
0.0
  0
LINE
  5
7F9A
330
1F
100
AcDbEntity
  8
HALFEN
100
AcDbLine
 10
3067.362478348135
 20
-481.2988158874111
 30
0.0
 11
3067.362478348135
 21
-435.2988158874111
 31
0.0
  0
LINE
  5
7FA8
330
1F
100
AcDbEntity
  8
HALFEN
100
AcDbLine
 10
3057.362478348135
 20
-302.5317321836808
 30
0.0
 11
3034.362478348135
 21
-302.5317321836808
 31
0.0
  0
LINE
  5
7FA9
330
1F
100
AcDbEntity
  8
HALFEN
100
AcDbLine
 10
3034.362478348135
 20
-302.5317321836808
 30
0.0
 11
3034.362478348135
 21
-305.5317321836808
 31
0.0
  0
LINE
  5
7FAA
330
1F
100
AcDbEntity
  8
HALFEN
100
AcDbLine
 10
3034.362478348135
 20
-305.5317321836808
 30
0.0
 11
3057.362478348135
 21
-305.5317321836808
 31
0.0
  0
LINE
  5
7FAB
330
1F
100
AcDbEntity
  8
HALFEN
100
AcDbLine
 10
3057.362478348135
 20
-306.531732183681
 30
0.0
 11
3075.362478348135
 21
-306.5317321836808
 31
0.0
  0
LINE
  5
7FAC
330
1F
100
AcDbEntity
  8
HALFEN
100
AcDbLine
 10
3057.362478348135
 20
-301.531732183681
 30
0.0
 11
3075.362478348135
 21
-301.5317321836808
 31
0.0
  0
LINE
  5
7FAE
330
1F
100
AcDbEntity
  8
HALFEN
100
AcDbLine
 10
3080.362478348135
 20
-312.0317321836808
 30
0.0
 11
3143.135608388523
 21
-312.0317321836803
 31
0.0
  0
LINE
  5
7FAF
330
1F
100
AcDbEntity
  8
HALFEN
100
AcDbLine
 10
3075.362478348135
 20
-306.5317321836808
 30
0.0
 11
3080.362478348135
 21
-312.0317321836808
 31
0.0
  0
LINE
  5
7FB1
330
1F
100
AcDbEntity
  8
HALFEN
100
AcDbLine
 10
3075.362478348135
 20
-301.5317321836808
 30
0.0
 11
3080.362478348135
 21
-296.0317321836808
 31
0.0
  0
LINE
  5
7FB4
330
1F
100
AcDbEntity
  8
HALFEN
100
AcDbLine
 10
3144.362478395984
 20
-297.2586021836808
 30
0.0
 11
3144.362478395984
 21
-310.8048621836808
 31
0.0
  0
LINE
  5
7FB5
330
1F
100
AcDbEntity
  8
HALFEN
100
AcDbLine
 10
3143.135608395984
 20
-296.0317321836808
 30
0.0
 11
3143.135608395984
 21
-312.0317321836808
 31
0.0
  0
LINE
  5
7FB6
330
1F
100
AcDbEntity
  8
HALFEN
100
AcDbLine
 10
3143.135608395984
 20
-312.0317321836808
 30
0.0
 11
3144.362478395984
 21
-310.8048621836808
 31
0.0
  0
LINE
  5
7FB7
330
1F
100
AcDbEntity
  8
HALFEN
100
AcDbLine
 10
3144.362478395984
 20
-297.2586021836808
 30
0.0
 11
3143.135608395984
 21
-296.0317321836808
 31
0.0
  0
LINE
  5
7FB8
330
1F
100
AcDbEntity
  8
HALFEN
100
AcDbLine
 10
3143.135608395984
 20
-296.0317321836808
 30
0.0
 11
3080.362478348135
 21
-296.0317321836808
 31
0.0
  0
LINE
  5
7FBA
330
1F
100
AcDbEntity
  8
HALFEN
100
AcDbLine
 10
3139.014143784105
 20
-312.0304208967993
 30
0.0
 11
3143.135608388523
 21
-312.0317321836803
 31
0.0
  0
LINE
  5
7FBC
330
1F
100
AcDbEntity
  8
HALFEN
100
AcDbLine
 10
3057.362478348135
 20
-301.531732183681
 30
0.0
 11
3057.362478348135
 21
-306.5317321836808
 31
0.0
  0
LINE
  5
7FBD
330
1F
100
AcDbEntity
  8
HALFEN
100
AcDbLine
 10
3057.362478348135
 20
-305.5317321836808
 30
0.0
 11
3057.362478348135
 21
-302.5317321836808
 31
0.0
  0
LINE
  5
7FBE
330
1F
100
AcDbEntity
  8
HALFEN
100
AcDbLine
 10
3043.862478348135
 20
-302.5317321836808
 30
0.0
 11
3043.862478348135
 21
-270.0317321836808
 31
0.0
  0
LINE
  5
7FBF
330
1F
100
AcDbEntity
  8
HALFEN
100
AcDbLine
 10
3038.862478348135
 20
-270.0317321836808
 30
0.0
 11
3038.862478348135
 21
-302.5317321836808
 31
0.0
  0
LINE
  5
7FC0
330
1F
100
AcDbEntity
  8
HALFEN
100
AcDbLine
 10
3037.862478348135
 20
-305.5317321836808
 30
0.0
 11
3037.862478348135
 21
-307.0317321836808
 31
0.0
  0
LINE
  5
7FC1
330
1F
100
AcDbEntity
  8
HALFEN
100
AcDbLine
 10
3044.862478348135
 20
-307.0317321836808
 30
0.0
 11
3044.862478348135
 21
-305.5317321836808
 31
0.0
  0
LINE
  5
7FC2
330
1F
100
AcDbEntity
  8
HALFEN
100
AcDbLine
 10
3044.862478348135
 20
-307.0317321836808
 30
0.0
 11
3037.862478348135
 21
-307.0317321836808
 31
0.0
  0
LINE
  5
7FC3
330
1F
100
AcDbEntity
  8
HALFEN
100
AcDbLine
 10
3043.862478348135
 20
-270.0317321836808
 30
0.0
 11
3038.862478348135
 21
-270.0317321836808
 31
0.0
  0
LINE
  5
7FC8
330
1F
100
AcDbEntity
  8
HALFEN
100
AcDbLine
 10
3037.862478348135
 20
-305.5317321836808
 30
0.0
 11
3044.862478348135
 21
-305.5317321836808
 31
0.0
  0
LINE
  5
842F
330
1F
100
AcDbEntity
  8
HALFEN
100
AcDbLine
 10
2919.954550702159
 20
445.5757201132771
 30
0.0
 11
2945.954550702159
 21
445.5757201132771
 31
0.0
  0
LINE
  5
8430
330
1F
100
AcDbEntity
  8
HALFEN
100
AcDbLine
 10
2930.454550702159
 20
450.5757201132769
 30
0.0
 11
2930.454550702159
 21
480.5757201132766
 31
0.0
  0
LINE
  5
8431
330
1F
100
AcDbEntity
  8
HALFEN
100
AcDbLine
 10
2935.454550702159
 20
450.5757201132769
 30
0.0
 11
2935.454550702159
 21
480.5757201132766
 31
0.0
  0
LINE
  5
8432
330
1F
100
AcDbEntity
  8
HALFEN
100
AcDbLine
 10
2935.454550702159
 20
480.5757201132766
 30
0.0
 11
2930.454550702159
 21
480.5757201132766
 31
0.0
  0
ARC
  5
8433
330
1F
100
AcDbEntity
  8
HALFEN
100
AcDbCircle
 10
2932.954550702159
 20
448.0757201132765
 30
0.0
 40
6.0
100
AcDbArc
 50
114.6243183521688
 51
114.7299609562776
  0
LINE
  5
8434
330
1F
100
AcDbEntity
  8
HALFEN
100
AcDbLine
 10
2919.954550702159
 20
450.5757201132769
 30
0.0
 11
2945.954550702159
 21
450.5757201132769
 31
0.0
  0
LINE
  5
8435
330
1F
100
AcDbEntity
  8
HALFEN
100
AcDbLine
 10
2919.954550702159
 20
450.5757201132769
 30
0.0
 11
2919.954550702159
 21
445.5757201132771
 31
0.0
  0
LINE
  5
8436
330
1F
100
AcDbEntity
  8
HALFEN
100
AcDbLine
 10
2945.954550702159
 20
450.5757201132769
 30
0.0
 11
2945.954550702159
 21
445.5757201132771
 31
0.0
  0
ARC
  5
8437
330
1F
100
AcDbEntity
  8
HALFEN
100
AcDbCircle
 10
2932.954550702159
 20
448.0757201132771
 30
0.0
 40
8.0
100
AcDbArc
 50
63.70620137403917
 51
71.79004313571701
  0
ARC
  5
8438
330
1F
100
AcDbEntity
  8
HALFEN
100
AcDbCircle
 10
2932.954550702159
 20
448.0757201132771
 30
0.0
 40
8.0
100
AcDbArc
 50
108.209956864283
 51
116.2937986259608
  0
ARC
  5
8439
330
1F
100
AcDbEntity
  8
HALFEN
100
AcDbCircle
 10
2932.954550702159
 20
448.0757201132771
 30
0.0
 40
8.0
100
AcDbArc
 50
243.7062013740391
 51
296.2937986259608
  0
LINE
  5
843A
330
1F
100
AcDbEntity
  8
HALFEN
100
AcDbLine
 10
2919.954550702159
 20
450.5757201132769
 30
0.0
 11
2929.410757441658
 21
455.2479951586745
 31
0.0
  0
LINE
  5
843B
330
1F
100
AcDbEntity
  8
HALFEN
100
AcDbLine
 10
2945.954550702159
 20
450.5757201132769
 30
0.0
 11
2936.49834396266
 21
455.2479951586745
 31
0.0
  0
LINE
  5
843C
330
1F
100
AcDbEntity
  8
HALFEN
100
AcDbLine
 10
2919.954550702159
 20
445.5757201132772
 30
0.0
 11
2929.410757441658
 21
440.9034450678797
 31
0.0
  0
LINE
  5
843D
330
1F
100
AcDbEntity
  8
HALFEN
100
AcDbLine
 10
2945.954550702159
 20
445.5757201132772
 30
0.0
 11
2936.49834396266
 21
440.9034450678797
 31
0.0
  0
LINE
  5
843E
330
1F
100
AcDbEntity
  8
HALFEN
100
AcDbLine
 10
2929.454550702159
 20
445.5757201132771
 30
0.0
 11
2929.454550702159
 21
444.0757201132771
 31
0.0
  0
LINE
  5
843F
330
1F
100
AcDbEntity
  8
HALFEN
100
AcDbLine
 10
2936.454550702159
 20
444.0757201132771
 30
0.0
 11
2936.454550702159
 21
445.5757201132771
 31
0.0
  0
LINE
  5
8440
330
1F
100
AcDbEntity
  8
HALFEN
100
AcDbLine
 10
2936.454550702159
 20
444.0757201132771
 30
0.0
 11
2929.454550702159
 21
444.0757201132771
 31
0.0
  0
LINE
  5
8459
330
1F
100
AcDbEntity
  8
HALFEN
100
AcDbLine
 10
2923.921907951818
 20
731.2114686899885
 30
0.0
 11
2949.921907951818
 21
731.2114686899885
 31
0.0
  0
LINE
  5
845A
330
1F
100
AcDbEntity
  8
HALFEN
100
AcDbLine
 10
2934.421907951819
 20
698.7114686899876
 30
0.0
 11
2934.421907951819
 21
731.2114686899885
 31
0.0
  0
LINE
  5
845B
330
1F
100
AcDbEntity
  8
HALFEN
100
AcDbLine
 10
2934.421907951819
 20
736.2114686899882
 30
0.0
 11
2934.421907951819
 21
768.7114686899876
 31
0.0
  0
LINE
  5
845C
330
1F
100
AcDbEntity
  8
HALFEN
100
AcDbLine
 10
2939.421907951818
 20
698.7114686899876
 30
0.0
 11
2939.421907951818
 21
731.2114686899885
 31
0.0
  0
LINE
  5
845D
330
1F
100
AcDbEntity
  8
HALFEN
100
AcDbLine
 10
2939.421907951818
 20
736.2114686899882
 30
0.0
 11
2939.421907951818
 21
768.7114686899876
 31
0.0
  0
LINE
  5
845E
330
1F
100
AcDbEntity
  8
HALFEN
100
AcDbLine
 10
2939.421907951818
 20
698.7114686899876
 30
0.0
 11
2934.421907951819
 21
698.7114686899876
 31
0.0
  0
LINE
  5
845F
330
1F
100
AcDbEntity
  8
HALFEN
100
AcDbLine
 10
2939.421907951818
 20
768.7114686899876
 30
0.0
 11
2934.421907951819
 21
768.7114686899876
 31
0.0
  0
ARC
  5
8460
330
1F
100
AcDbEntity
  8
HALFEN
100
AcDbCircle
 10
2936.921907951818
 20
733.7114686899878
 30
0.0
 40
6.0
100
AcDbArc
 50
114.6243183521688
 51
114.7299609562776
  0
LINE
  5
8461
330
1F
100
AcDbEntity
  8
HALFEN
100
AcDbLine
 10
2923.921907951818
 20
736.2114686899882
 30
0.0
 11
2949.921907951818
 21
736.2114686899882
 31
0.0
  0
LINE
  5
8462
330
1F
100
AcDbEntity
  8
HALFEN
100
AcDbLine
 10
2923.921907951818
 20
736.2114686899882
 30
0.0
 11
2923.921907951818
 21
731.2114686899885
 31
0.0
  0
LINE
  5
8463
330
1F
100
AcDbEntity
  8
HALFEN
100
AcDbLine
 10
2949.921907951818
 20
736.2114686899882
 30
0.0
 11
2949.921907951818
 21
731.2114686899885
 31
0.0
  0
ARC
  5
8464
330
1F
100
AcDbEntity
  8
HALFEN
100
AcDbCircle
 10
2936.921907951818
 20
733.7114686899885
 30
0.0
 40
8.0
100
AcDbArc
 50
243.7062013740459
 51
251.790043135717
  0
ARC
  5
8465
330
1F
100
AcDbEntity
  8
HALFEN
100
AcDbCircle
 10
2936.921907951818
 20
733.7114686899885
 30
0.0
 40
8.0
100
AcDbArc
 50
288.2099568642829
 51
296.2937986259541
  0
ARC
  5
8466
330
1F
100
AcDbEntity
  8
HALFEN
100
AcDbCircle
 10
2936.921907951818
 20
733.7114686899885
 30
0.0
 40
8.0
100
AcDbArc
 50
63.70620137404587
 51
71.79004313571701
  0
ARC
  5
8467
330
1F
100
AcDbEntity
  8
HALFEN
100
AcDbCircle
 10
2936.921907951818
 20
733.7114686899885
 30
0.0
 40
8.0
100
AcDbArc
 50
108.209956864283
 51
116.2937986259541
  0
LINE
  5
8468
330
1F
100
AcDbEntity
  8
HALFEN
100
AcDbLine
 10
2923.921907951818
 20
736.2114686899882
 30
0.0
 11
2933.378114691318
 21
740.8837437353859
 31
0.0
  0
LINE
  5
8469
330
1F
100
AcDbEntity
  8
HALFEN
100
AcDbLine
 10
2949.921907951818
 20
736.2114686899882
 30
0.0
 11
2940.46570121232
 21
740.8837437353859
 31
0.0
  0
LINE
  5
846A
330
1F
100
AcDbEntity
  8
HALFEN
100
AcDbLine
 10
2923.921907951818
 20
731.2114686899887
 30
0.0
 11
2933.378114691318
 21
726.5391936445912
 31
0.0
  0
LINE
  5
846B
330
1F
100
AcDbEntity
  8
HALFEN
100
AcDbLine
 10
2949.921907951818
 20
731.2114686899887
 30
0.0
 11
2940.46570121232
 21
726.5391936445912
 31
0.0
  0
LINE
  5
857E
330
1F
100
AcDbEntity
  8
HALFEN
100
AcDbLine
 10
2876.001225718833
 20
115.9327925259674
 30
0.0
 11
2996.001225718833
 21
115.9327925259676
 31
0.0
  0
LINE
  5
857F
330
1F
100
AcDbEntity
  8
HALFEN
100
AcDbLine
 10
2876.001225718833
 20
112.9327925259676
 30
0.0
 11
2996.001225718833
 21
112.9327925259676
 31
0.0
  0
LINE
  5
8580
330
1F
100
AcDbEntity
  8
HALFEN
100
AcDbLine
 10
2876.001225718833
 20
112.9327925259676
 30
0.0
 11
2876.001225718833
 21
115.9327925259676
 31
0.0
  0
LINE
  5
8581
330
1F
100
AcDbEntity
  8
HALFEN
100
AcDbLine
 10
2996.001225718833
 20
112.9327925259676
 30
0.0
 11
2996.001225718833
 21
115.9327925259676
 31
0.0
  0
ARC
  5
8582
330
1F
100
AcDbEntity
  8
HALFEN
100
AcDbCircle
 10
2936.001225718833
 20
114.4327925259676
 30
0.0
 40
8.0
100
AcDbArc
 50
238.8963148835644
 51
301.1036851164356
  0
ARC
  5
8583
330
1F
100
AcDbEntity
  8
HALFEN
100
AcDbCircle
 10
2936.001225718833
 20
114.4327925259676
 30
0.0
 40
8.0
100
AcDbArc
 50
58.89631488356442
 51
121.1036851164355
  0
LINE
  5
8584
330
1F
100
AcDbEntity
  8
HALFEN
100
AcDbLine
 10
2923.001225718833
 20
115.9327925259676
 30
0.0
 11
2931.868518513363
 21
121.2826634118937
 31
0.0
  0
LINE
  5
8585
330
1F
100
AcDbEntity
  8
HALFEN
100
AcDbLine
 10
2923.001225718833
 20
112.9327925259676
 30
0.0
 11
2931.868518513363
 21
107.5829216400416
 31
0.0
  0
LINE
  5
8586
330
1F
100
AcDbEntity
  8
HALFEN
100
AcDbLine
 10
2949.001225718833
 20
115.9327925259676
 30
0.0
 11
2940.133932924304
 21
121.2826634118937
 31
0.0
  0
LINE
  5
8587
330
1F
100
AcDbEntity
  8
HALFEN
100
AcDbLine
 10
2949.001225718833
 20
112.9327925259676
 30
0.0
 11
2940.133932924304
 21
107.5829216400416
 31
0.0
  0
LINE
  5
8588
330
1F
100
AcDbEntity
  8
HALFEN
100
AcDbLine
 10
2983.501225718833
 20
116.6327925259677
 30
0.0
 11
2983.501225718833
 21
151.6327925259677
 31
0.0
  0
LINE
  5
8589
330
1F
100
AcDbEntity
  8
HALFEN
100
AcDbLine
 10
2983.501225718833
 20
151.6327925259677
 30
0.0
 11
2988.501225718833
 21
151.6327925259677
 31
0.0
  0
LINE
  5
858A
330
1F
100
AcDbEntity
  8
HALFEN
100
AcDbLine
 10
2988.501225718833
 20
151.6327925259677
 30
0.0
 11
2988.501225718833
 21
116.6327925259677
 31
0.0
  0
LINE
  5
858B
330
1F
100
AcDbEntity
  8
HALFEN
100
AcDbLine
 10
2983.501225718833
 20
112.9327925259676
 30
0.0
 11
2983.501225718833
 21
80.93279252596742
 31
0.0
  0
LINE
  5
858C
330
1F
100
AcDbEntity
  8
HALFEN
100
AcDbLine
 10
2983.501225718833
 20
80.93279252596767
 30
0.0
 11
2988.501225718833
 21
80.93279252596767
 31
0.0
  0
LINE
  5
858D
330
1F
100
AcDbEntity
  8
HALFEN
100
AcDbLine
 10
2988.501225718833
 20
80.93279252596742
 30
0.0
 11
2988.501225718833
 21
112.9327925259676
 31
0.0
  0
LINE
  5
858E
330
1F
100
AcDbEntity
  8
HALFEN
100
AcDbLine
 10
2982.501225718833
 20
115.9327925259676
 30
0.0
 11
2982.501225718833
 21
116.6327925259677
 31
0.0
  0
LINE
  5
858F
330
1F
100
AcDbEntity
  8
HALFEN
100
AcDbLine
 10
2982.501225718833
 20
116.6327925259677
 30
0.0
 11
2989.501225718834
 21
116.6327925259677
 31
0.0
  0
LINE
  5
8590
330
1F
100
AcDbEntity
  8
HALFEN
100
AcDbLine
 10
2989.501225718834
 20
116.6327925259677
 30
0.0
 11
2989.501225718834
 21
115.9327925259676
 31
0.0
  0
LINE
  5
8591
330
1F
100
AcDbEntity
  8
HALFEN
100
AcDbLine
 10
2883.501225718833
 20
116.6327925259677
 30
0.0
 11
2883.501225718833
 21
151.6327925259677
 31
0.0
  0
LINE
  5
8592
330
1F
100
AcDbEntity
  8
HALFEN
100
AcDbLine
 10
2883.501225718833
 20
151.6327925259677
 30
0.0
 11
2888.501225718833
 21
151.6327925259677
 31
0.0
  0
LINE
  5
8593
330
1F
100
AcDbEntity
  8
HALFEN
100
AcDbLine
 10
2888.501225718833
 20
151.6327925259677
 30
0.0
 11
2888.501225718833
 21
116.6327925259677
 31
0.0
  0
LINE
  5
8594
330
1F
100
AcDbEntity
  8
HALFEN
100
AcDbLine
 10
2883.501225718833
 20
112.9327925259676
 30
0.0
 11
2883.501225718833
 21
80.93279252596742
 31
0.0
  0
LINE
  5
8595
330
1F
100
AcDbEntity
  8
HALFEN
100
AcDbLine
 10
2883.501225718833
 20
80.93279252596767
 30
0.0
 11
2888.501225718833
 21
80.93279252596767
 31
0.0
  0
LINE
  5
8596
330
1F
100
AcDbEntity
  8
HALFEN
100
AcDbLine
 10
2888.501225718833
 20
80.93279252596742
 30
0.0
 11
2888.501225718833
 21
112.9327925259676
 31
0.0
  0
LINE
  5
8597
330
1F
100
AcDbEntity
  8
HALFEN
100
AcDbLine
 10
2882.501225718833
 20
115.9327925259676
 30
0.0
 11
2882.501225718833
 21
116.6327925259677
 31
0.0
  0
LINE
  5
8598
330
1F
100
AcDbEntity
  8
HALFEN
100
AcDbLine
 10
2882.501225718833
 20
116.6327925259677
 30
0.0
 11
2889.501225718833
 21
116.6327925259677
 31
0.0
  0
LINE
  5
8599
330
1F
100
AcDbEntity
  8
HALFEN
100
AcDbLine
 10
2889.501225718833
 20
116.6327925259677
 30
0.0
 11
2889.501225718833
 21
115.9327925259676
 31
0.0
  0
LINE
  5
859A
330
1F
100
AcDbEntity
  8
HALFEN
100
AcDbLine
 10
2865.158905558484
 20
-302.531732183681
 30
0.0
 11
2985.158905558484
 21
-302.5317321836808
 31
0.0
  0
LINE
  5
859B
330
1F
100
AcDbEntity
  8
HALFEN
100
AcDbLine
 10
2865.158905558484
 20
-305.5317321836808
 30
0.0
 11
2985.158905558484
 21
-305.5317321836808
 31
0.0
  0
LINE
  5
859C
330
1F
100
AcDbEntity
  8
HALFEN
100
AcDbLine
 10
2865.158905558484
 20
-305.5317321836808
 30
0.0
 11
2865.158905558484
 21
-302.5317321836808
 31
0.0
  0
LINE
  5
859D
330
1F
100
AcDbEntity
  8
HALFEN
100
AcDbLine
 10
2985.158905558484
 20
-305.5317321836808
 30
0.0
 11
2985.158905558484
 21
-302.5317321836808
 31
0.0
  0
ARC
  5
859E
330
1F
100
AcDbEntity
  8
HALFEN
100
AcDbCircle
 10
2925.158905558484
 20
-304.0317321836808
 30
0.0
 40
8.0
100
AcDbArc
 50
238.8963148835642
 51
301.1036851164357
  0
ARC
  5
859F
330
1F
100
AcDbEntity
  8
HALFEN
100
AcDbCircle
 10
2925.158905558484
 20
-304.0317321836808
 30
0.0
 40
8.0
100
AcDbArc
 50
58.89631488356425
 51
121.1036851164357
  0
LINE
  5
85A0
330
1F
100
AcDbEntity
  8
HALFEN
100
AcDbLine
 10
2912.158905558484
 20
-302.5317321836808
 30
0.0
 11
2921.026198353014
 21
-297.1818612977547
 31
0.0
  0
LINE
  5
85A1
330
1F
100
AcDbEntity
  8
HALFEN
100
AcDbLine
 10
2912.158905558484
 20
-305.5317321836808
 30
0.0
 11
2921.026198353014
 21
-310.8816030696069
 31
0.0
  0
LINE
  5
85A2
330
1F
100
AcDbEntity
  8
HALFEN
100
AcDbLine
 10
2938.158905558484
 20
-302.5317321836808
 30
0.0
 11
2929.291612763954
 21
-297.1818612977547
 31
0.0
  0
LINE
  5
85A3
330
1F
100
AcDbEntity
  8
HALFEN
100
AcDbLine
 10
2938.158905558484
 20
-305.5317321836808
 30
0.0
 11
2929.291612763954
 21
-310.8816030696069
 31
0.0
  0
LINE
  5
85F1
330
1F
100
AcDbEntity
  8
HALFEN
100
AcDbLine
 10
2877.658905558485
 20
-302.5317321836808
 30
0.0
 11
2877.658905558485
 21
-270.0317321836808
 31
0.0
  0
LINE
  5
85F2
330
1F
100
AcDbEntity
  8
HALFEN
100
AcDbLine
 10
2872.658905558484
 20
-270.0317321836808
 30
0.0
 11
2872.658905558484
 21
-302.5317321836808
 31
0.0
  0
LINE
  5
85F3
330
1F
100
AcDbEntity
  8
HALFEN
100
AcDbLine
 10
2871.658905558484
 20
-305.5317321836808
 30
0.0
 11
2871.658905558484
 21
-307.0317321836808
 31
0.0
  0
LINE
  5
85F4
330
1F
100
AcDbEntity
  8
HALFEN
100
AcDbLine
 10
2878.658905558484
 20
-307.0317321836808
 30
0.0
 11
2878.658905558484
 21
-305.5317321836808
 31
0.0
  0
LINE
  5
85F5
330
1F
100
AcDbEntity
  8
HALFEN
100
AcDbLine
 10
2878.658905558484
 20
-307.0317321836808
 30
0.0
 11
2871.658905558484
 21
-307.0317321836808
 31
0.0
  0
LINE
  5
85F6
330
1F
100
AcDbEntity
  8
HALFEN
100
AcDbLine
 10
2877.658905558485
 20
-270.0317321836808
 30
0.0
 11
2872.658905558484
 21
-270.0317321836808
 31
0.0
  0
LINE
  5
85F7
330
1F
100
AcDbEntity
  8
HALFEN
100
AcDbLine
 10
2977.658905558485
 20
-302.5317321836808
 30
0.0
 11
2977.658905558485
 21
-270.0317321836808
 31
0.0
  0
LINE
  5
85F8
330
1F
100
AcDbEntity
  8
HALFEN
100
AcDbLine
 10
2972.658905558484
 20
-270.0317321836808
 30
0.0
 11
2972.658905558484
 21
-302.5317321836808
 31
0.0
  0
LINE
  5
85F9
330
1F
100
AcDbEntity
  8
HALFEN
100
AcDbLine
 10
2971.658905558484
 20
-305.5317321836808
 30
0.0
 11
2971.658905558484
 21
-307.0317321836808
 31
0.0
  0
LINE
  5
85FA
330
1F
100
AcDbEntity
  8
HALFEN
100
AcDbLine
 10
2978.658905558484
 20
-307.0317321836808
 30
0.0
 11
2978.658905558484
 21
-305.5317321836808
 31
0.0
  0
LINE
  5
85FB
330
1F
100
AcDbEntity
  8
HALFEN
100
AcDbLine
 10
2978.658905558484
 20
-307.0317321836808
 30
0.0
 11
2971.658905558484
 21
-307.0317321836808
 31
0.0
  0
LINE
  5
85FC
330
1F
100
AcDbEntity
  8
HALFEN
100
AcDbLine
 10
2977.658905558485
 20
-270.0317321836808
 30
0.0
 11
2972.658905558484
 21
-270.0317321836808
 31
0.0
  0
LINE
  5
86EA
330
1F
100
AcDbEntity
  8
HALFEN
  6
STRICHPUNKT2
 62
     1
 48
0.5
100
AcDbLine
 10
2227.201799997177
 20
747.8019683466839
 30
0.0
 11
2241.701799997177
 21
747.8019683466839
 31
0.0
  0
LINE
  5
86EB
330
1F
100
AcDbEntity
  8
HALFEN
  6
STRICHPUNKT2
 62
     1
 48
0.5
100
AcDbLine
 10
2226.201799997177
 20
613.1189251042486
 30
0.0
 11
2240.701799997177
 21
613.1189251042486
 31
0.0
  0
LINE
  5
86EC
330
1F
100
AcDbEntity
  8
HALFEN
  6
STRICHPUNKT2
 62
     1
 48
0.5
100
AcDbLine
 10
2486.04533983186
 20
613.1189251042486
 30
0.0
 11
2500.54533983186
 21
613.1189251042486
 31
0.0
  0
LINE
  5
86ED
330
1F
100
AcDbEntity
  8
HALFEN
  6
STRICHPUNKT2
 62
     1
 48
0.5
100
AcDbLine
 10
2487.045339831861
 20
747.8019683466839
 30
0.0
 11
2501.545339831861
 21
747.8019683466839
 31
0.0
  0
LINE
  5
86EE
330
1F
100
AcDbEntity
  8
HALFEN
  6
STRICHPUNKT2
 62
     1
 48
0.5
100
AcDbLine
 10
2396.981021379467
 20
379.5976891015531
 30
0.0
 11
2411.481021379467
 21
379.5976891015531
 31
0.0
  0
LINE
  5
86EF
330
1F
100
AcDbEntity
  8
HALFEN
  6
STRICHPUNKT2
 62
     1
 48
0.5
100
AcDbLine
 10
2396.981021379468
 20
244.9146458591182
 30
0.0
 11
2411.481021379468
 21
244.9146458591182
 31
0.0
  0
LINE
  5
86F4
330
1F
100
AcDbEntity
  8
HALFEN
  6
STRICHPUNKT2
 62
     1
 48
0.5
100
AcDbLine
 10
2388.929165023374
 20
76.55541863835293
 30
0.0
 11
2403.429165023374
 21
76.55541863835293
 31
0.0
  0
LINE
  5
86F5
330
1F
100
AcDbEntity
  8
HALFEN
  6
STRICHPUNKT2
 62
     1
 48
0.5
100
AcDbLine
 10
2387.929165023375
 20
-39.27516768870709
 30
0.0
 11
2402.429165023375
 21
-39.27516768870709
 31
0.0
  0
TEXT
  5
88A6
330
1F
100
AcDbEntity
  8
HALFEN
100
AcDbText
 10
2952.720265634635
 20
805.0410497531995
 30
0.0
 40
5.0
  1
gem. RAL 996/3
  7
ARIAL50
100
AcDbText
  0
ENDSEC
  0
SECTION
  2
OBJECTS
  0
DICTIONARY
  5
C
330
0
100
AcDbDictionary
281
     1
  3
ACAD_CIP_PREVIOUS_PRODUCT_INFO
350
8897
  3
ACAD_COLOR
350
810
  3
ACAD_DETAILVIEWSTYLE
350
88B1
  3
ACAD_GROUP
350
D
  3
ACAD_LAYOUT
350
1A
  3
ACAD_MATERIAL
350
80F
  3
ACAD_MLEADERSTYLE
350
8284
  3
ACAD_MLINESTYLE
350
17
  3
ACAD_PLOTSETTINGS
350
19
  3
ACAD_PLOTSTYLENAME
350
E
  3
ACAD_SCALELIST
350
8262
  3
ACAD_SECTIONVIEWSTYLE
350
88AF
  3
ACAD_TABLESTYLE
350
811
  3
ACAD_VISUALSTYLE
350
81E9
  3
ACDB_RECOMPOSE_DATA
350
88F0
  3
AcDbVariableDictionary
350
55
  3
AcmDictionary
350
64
  3
AMG
350
4C
  3
AMGSNAPSETTINGS
350
71
  0
DICTIONARY
  5
8202
330
8
100
AcDbDictionary
280
     1
281
     1
  0
DICTIONARY
  5
115C
330
2
100
AcDbDictionary
280
     1
281
     1
  3
ACAD_LAYERFILTERS
360
86CB
  3
ACAD_LAYERSTATES
360
1231
  3
ACLYDICTIONARY
360
86CA
  3
AMLAYER_GROUPCOLORS
360
664D
  0
DICTIONARY
  5
82AF
330
10
100
AcDbDictionary
280
     1
281
     1
  3
ADSK_XREC_LAYER_RECONCILED
360
82B0
  0
DICTIONARY
  5
1BF
330
1F
100
AcDbDictionary
280
     1
281
     1
  3
ACAD_SORTENTS
360
2245
  0
XRECORD
  5
8897
102
{ACAD_REACTORS
330
C
102
}
330
C
100
AcDbXrecord
280
     1
300
AMECH_PP
300
2015
300
PDSU_F_S
  0
DICTIONARY
  5
810
102
{ACAD_REACTORS
330
C
102
}
330
C
100
AcDbDictionary
281
     1
  0
DICTIONARY
  5
88B1
102
{ACAD_REACTORS
330
C
102
}
330
C
100
AcDbDictionary
281
     1
  3
Metric50
350
88B2
  0
DICTIONARY
  5
D
102
{ACAD_REACTORS
330
C
102
}
330
C
100
AcDbDictionary
281
     1
  0
DICTIONARY
  5
1A
102
{ACAD_REACTORS
330
C
102
}
330
C
100
AcDbDictionary
281
     1
  3
Layout1
350
1E
  3
Layout2
350
26
  3
Model
350
22
  0
DICTIONARY
  5
80F
102
{ACAD_REACTORS
330
C
102
}
330
C
100
AcDbDictionary
281
     1
  3
ByBlock
350
81E7
  3
ByLayer
350
81E6
  3
Global
350
81E8
  0
DICTIONARY
  5
8284
102
{ACAD_REACTORS
330
C
102
}
330
C
100
AcDbDictionary
281
     1
  3
Standard
350
8285
  0
DICTIONARY
  5
17
102
{ACAD_REACTORS
330
C
102
}
330
C
100
AcDbDictionary
281
     1
  3
Standard
350
18
  0
DICTIONARY
  5
19
102
{ACAD_REACTORS
330
C
102
}
330
C
100
AcDbDictionary
281
     1
  3
A4_hoch
350
974
  3
A4_quer
350
976
  0
ACDBDICTIONARYWDFLT
  5
E
102
{ACAD_REACTORS
330
C
102
}
330
C
100
AcDbDictionary
281
     1
  3
Normal
350
F
100
AcDbDictionaryWithDefault
340
F
  0
DICTIONARY
  5
8262
102
{ACAD_REACTORS
330
C
102
}
330
C
100
AcDbDictionary
281
     1
  3
A0
350
8263
  3
A1
350
8264
  3
A2
350
8265
  3
A3
350
8266
  3
A4
350
8267
  3
A5
350
8268
  3
A6
350
8269
  3
A7
350
826A
  3
A8
350
826B
  3
A9
350
826C
  3
B0
350
826D
  3
B1
350
826E
  3
B2
350
826F
  3
B3
350
8270
  3
B4
350
8271
  3
B5
350
8272
  3
B6
350
8273
  3
B7
350
8274
  3
B8
350
8275
  3
B9
350
8276
  3
C0
350
8277
  3
C1
350
8278
  3
C2
350
8279
  3
C3
350
827A
  3
C4
350
827B
  3
C5
350
827C
  3
C6
350
827D
  3
C7
350
827E
  3
C8
350
827F
  3
C9
350
8280
  3
D0
350
8281
  3
D1
350
8282
  3
D2
350
8283
  0
DICTIONARY
  5
88AF
102
{ACAD_REACTORS
330
C
102
}
330
C
100
AcDbDictionary
281
     1
  3
Metric50
350
88B0
  0
DICTIONARY
  5
811
102
{ACAD_REACTORS
330
C
102
}
330
C
100
AcDbDictionary
281
     1
  3
Standard
350
812
  0
DICTIONARY
  5
81E9
102
{ACAD_REACTORS
330
C
102
}
330
C
100
AcDbDictionary
281
     1
  3
2dWireframe
350
81EF
  3
3D Hidden
350
81F1
  3
3dWireframe
350
81F0
  3
Basic
350
81EE
  3
Brighten
350
81F5
  3
ColorChange
350
81F9
  3
Conceptual
350
81F2
  3
Dim
350
81F4
  3
EdgeColorOff
350
8893
  3
Facepattern
350
81F8
  3
Flat
350
81EA
  3
FlatWithEdges
350
81EB
  3
Gouraud
350
81EC
  3
GouraudWithEdges
350
81ED
  3
Hidden
350
888B
  3
JitterOff
350
8891
  3
Linepattern
350
81F7
  3
OverhangOff
350
8892
  3
Realistic
350
81F3
  3
Shaded
350
8890
  3
Shaded with edges
350
888F
  3
Shades of Gray
350
888C
  3
Sketchy
350
888D
  3
Thicken
350
81F6
  3
Wireframe
350
888A
  3
X-Ray
350
888E
  0
XRECORD
  5
88F0
102
{ACAD_REACTORS
330
C
102
}
330
C
100
AcDbXrecord
280
     1
 90
        1
330
812
330
88B0
330
88B2
  0
DICTIONARY
  5
55
102
{ACAD_REACTORS
330
C
102
}
330
C
100
AcDbDictionary
281
     1
  3
CANNOSCALE
350
82C6
  3
CMLEADERSTYLE
350
82C4
  3
CTABLESTYLE
350
926
  3
CVIEWDETAILSTYLE
350
88E9
  3
CVIEWSECTIONSTYLE
350
88EA
  3
DIMASSOC
350
8888
  3
INDEXCTL
350
56
  3
LAYEREVAL
350
88A7
  3
LAYERNOTIFY
350
88A8
  3
LIGHTINGUNITS
350
82C7
  3
MSLTSCALE
350
82C5
  3
SORTENTS
350
8887
  0
DICTIONARY
  5
64
102
{ACAD_REACTORS
330
C
102
}
330
C
100
AcDbDictionary
281
     1
  3
AcmStdDictionary
350
665
  3
AMDTSECTSYM_ARROWCOLOR
350
869
  0
DICTIONARY
  5
4C
102
{ACAD_REACTORS
330
C
102
}
330
C
100
AcDbDictionary
281
     1
  0
DICTIONARY
  5
71
102
{ACAD_REACTORS
330
C
102
}
330
C
100
AcDbDictionary
281
     1
  0
DICTIONARY
  5
86CB
102
{ACAD_REACTORS
330
115C
102
}
330
115C
100
AcDbDictionary
281
     1
  0
DICTIONARY
  5
1231
102
{ACAD_REACTORS
330
115C
102
}
330
115C
100
AcDbDictionary
281
     1
  0
DICTIONARY
  5
86CA
102
{ACAD_REACTORS
330
115C
102
}
330
115C
100
AcDbDictionary
281
     1
1001
ACAD
1000
<All
  0
DICTIONARY
  5
664D
102
{ACAD_REACTORS
330
115C
102
}
330
115C
100
AcDbDictionary
280
     1
281
     1
  0
XRECORD
  5
82B0
102
{ACAD_REACTORS
330
82AF
102
}
330
82AF
100
AcDbXrecord
280
     1
290
     1
  0
SORTENTSTABLE
  5
2245
102
{ACAD_REACTORS
330
1BF
102
}
330
1BF
100
AcDbSortentsTable
330
1F
331
4CA1
  5
4CB1
331
6A5E
  5
6A5E
331
6A7D
  5
6A7D
331
6B6B
  5
6B6B
331
6D4A
  5
6D4A
331
6D69
  5
6D69
331
449F
  5
44AB
331
44BE
  5
44CA
331
44DD
  5
47F1
331
7EF9
  5
7EF9
331
7F56
  5
7F56
331
7F75
  5
7F75
331
4C91
  5
4CA1
331
4CB0
  5
4CC1
331
6A6D
  5
6A6D
331
6A8C
  5
6A8C
331
6D59
  5
6D59
331
448F
  5
449B
331
44AE
  5
44BA
331
44CD
  5
44DC
331
6A2F
  5
6A2F
331
6EAB
  5
6EAB
331
6ECA
  5
6ECA
331
6F19
  5
6F19
331
7F27
  5
7F27
331
7F46
  5
7F46
331
7F65
  5
7F65
331
7F84
  5
7F84
331
4C81
  5
4C91
331
4CA0
  5
4CB0
331
4CBF
  5
4CCF
331
6A3E
  5
6A3E
331
6A5D
  5
6A5D
331
6A7C
  5
6A7C
331
6A9B
  5
6A9B
331
6B6A
  5
6B6A
331
6D68
  5
6D68
331
449E
  5
44AA
331
44DC
  5
47F0
331
7EF8
  5
7EF8
331
7F17
  5
7F17
331
7F74
  5
7F74
331
4C90
  5
4CA0
331
4CAF
  5
4CC0
331
6A2E
  5
6A2E
331
6A6C
  5
6A6C
331
6A8B
  5
6A8B
331
6D58
  5
6D58
331
6D77
  5
6D77
331
447F
  5
448B
331
448E
  5
449A
331
44AD
  5
44B9
331
44CC
  5
44DA
331
6EC9
  5
6EC9
331
6F18
  5
6F18
331
7F07
  5
7F07
331
7F26
  5
7F26
331
7F45
  5
7F45
331
7F64
  5
7F64
331
4C80
  5
4C90
331
4C9F
  5
4CAF
331
4CBE
  5
4CCE
331
6A3D
  5
6A3D
331
6A5C
  5
6A5C
331
6A7B
  5
6A7B
331
6A9A
  5
6A9A
331
44DB
  5
47EF
331
6B69
  5
6B69
331
446F
  5
447B
331
449D
  5
44A9
331
6D67
  5
6D67
331
6EB9
  5
6EB9
331
6ED8
  5
6ED8
331
7EF7
  5
7EF7
331
7F54
  5
7F54
331
7F16
  5
7F16
331
4C8F
  5
4C9F
331
4CAE
  5
4CBF
331
6A2D
  5
6A2D
331
6A4C
  5
6A4C
331
6A6B
  5
6A6B
331
6A8A
  5
6A8A
331
445F
  5
446B
331
447E
  5
448A
331
448D
  5
4499
331
44AC
  5
44B8
331
6D76
  5
6D76
331
6EC8
  5
6EC8
331
7F25
  5
7F25
331
7F44
  5
7F44
331
7F63
  5
7F63
331
7F82
  5
7F82
331
4C7F
  5
4C8F
331
4C9E
  5
4CAE
331
4CBD
  5
4CCD
331
6A3C
  5
6A3C
331
6A5B
  5
6A5B
331
6A7A
  5
6A7A
331
6A99
  5
6A99
331
44DA
  5
47EE
331
6D47
  5
6D47
331
444F
  5
445B
331
446E
  5
447A
331
449C
  5
44A8
331
6D66
  5
6D66
331
6ED7
  5
6ED7
331
7EF6
  5
7EF6
331
7F15
  5
7F15
331
7F34
  5
7F34
331
7F72
  5
7F72
331
4C8E
  5
4C9E
331
4CAD
  5
4CBE
331
6A2C
  5
6A2C
331
6A4B
  5
6A4B
331
6A6A
  5
6A6A
331
6A89
  5
6A89
331
6B58
  5
6B58
331
443F
  5
444B
331
445E
  5
446A
331
447D
  5
4489
331
448C
  5
4498
331
44AB
  5
44B7
331
6D75
  5
6D75
331
7F81
  5
7F81
331
6EA8
  5
6EA8
331
6EC7
  5
6EC7
331
7F05
  5
7F05
331
7F24
  5
7F24
331
7F43
  5
7F43
331
7F62
  5
7F62
331
4C7E
  5
4C8E
331
4C9D
  5
4CAD
331
4CBC
  5
4CCC
331
6A3B
  5
6A3B
331
6A5A
  5
6A5A
331
6A79
  5
6A79
331
6A98
  5
6A98
331
44D9
  5
47ED
331
442F
  5
443B
331
444E
  5
445A
331
446D
  5
4479
331
449B
  5
44A7
331
6D65
  5
6D65
331
6ED6
  5
6ED6
331
7EF5
  5
7EF5
331
7F14
  5
7F14
331
7F33
  5
7F33
331
7F52
  5
7F52
331
7F71
  5
7F71
331
4C8D
  5
4C9D
331
4CAC
  5
4CBD
331
6D74
  5
6D74
331
6A2B
  5
6A2B
331
6A4A
  5
6A4A
331
6A69
  5
6A69
331
6A88
  5
6A88
331
44C9
  5
44D5
331
6D55
  5
6D55
331
441F
  5
442B
331
443E
  5
444A
331
445D
  5
4469
331
447C
  5
4488
331
448B
  5
4497
331
44AA
  5
44B6
331
7F80
  5
7F80
331
6EC6
  5
6EC6
331
7F04
  5
7F04
331
7F23
  5
7F23
331
7F42
  5
7F42
331
7F61
  5
7F61
331
4C7D
  5
4C8D
331
4C9C
  5
4CAC
331
4CBB
  5
4CCB
331
6D83
  5
6D83
331
6A3A
  5
6A3A
331
6A59
  5
6A59
331
6A78
  5
6A78
331
44B9
  5
44C5
331
44D8
  5
47EC
331
4C77
  5
4C87
331
6D45
  5
6D45
331
442E
  5
443A
331
444D
  5
4459
331
446C
  5
4478
331
449A
  5
44A6
331
6D64
  5
6D64
331
7F70
  5
7F70
331
7F8F
  5
7F8F
331
6EB6
  5
6EB6
331
6ED5
  5
6ED5
331
7EF4
  5
7EF4
331
7F32
  5
7F32
331
7F51
  5
7F51
331
4C8C
  5
4C9C
331
4CAB
  5
4CBC
331
6A2A
  5
6A2A
331
6A49
  5
6A49
331
6A68
  5
6A68
331
44C8
  5
44D4
331
6D54
  5
6D54
331
441E
  5
442A
331
443D
  5
4449
331
445C
  5
4468
331
447B
  5
4487
331
448A
  5
4496
331
63DF
  5
63E1
331
44A9
  5
44B5
331
6EA6
  5
6EA6
331
6EC5
  5
6EC5
331
6EE4
  5
6EE4
331
7F03
  5
7F03
331
7F22
  5
7F22
331
7F41
  5
7F41
331
7F60
  5
7F60
331
4C7C
  5
4C8C
331
4C9B
  5
4CAB
331
4CBA
  5
4CCA
331
6D82
  5
6D82
331
6A39
  5
6A39
331
6A58
  5
6A58
331
44D7
  5
47EB
331
4C76
  5
4C86
331
6D44
  5
6D44
331
444C
  5
4458
331
446B
  5
4477
331
63CF
  5
63D1
331
4499
  5
44A5
331
7F6F
  5
7F6F
331
7F8E
  5
7F8E
331
6EB5
  5
6EB5
331
7F31
  5
7F31
331
7F50
  5
7F50
331
4C8B
  5
4C9B
331
6D72
  5
6D72
331
6A29
  5
6A29
331
6A48
  5
6A48
331
44A8
  5
44B4
331
44C7
  5
44D3
331
44E6
  5
47FA
331
441D
  5
4429
331
443C
  5
4448
331
445B
  5
4467
331
447A
  5
4486
331
63BF
  5
63C1
331
4489
  5
4495
331
6D53
  5
6D53
331
7F5F
  5
7F5F
331
7F7E
  5
7F7E
331
6EA5
  5
6EA5
331
6EE3
  5
6EE3
331
7F21
  5
7F21
331
7F40
  5
7F40
331
7F02
  5
7F02
331
4CB9
  5
4CC9
331
4C7B
  5
4C8B
331
4C9A
  5
4CAA
331
6D62
  5
6D62
331
6D81
  5
6D81
331
6A38
  5
6A38
331
44B7
  5
44C3
331
44D6
  5
44E6
331
4C75
  5
4C85
331
6B64
  5
6B64
331
442C
  5
4438
331
444B
  5
4457
331
446A
  5
4476
331
63AF
  5
63B1
331
63CE
  5
63D0
331
4498
  5
44A4
331
7F11
  5
7F11
331
7F6E
  5
7F6E
331
7F8D
  5
7F8D
331
6EB4
  5
6EB4
331
6ED3
  5
6ED3
331
7F30
  5
7F30
331
7F4F
  5
7F4F
331
6D52
  5
6D52
331
6D71
  5
6D71
331
6A28
  5
6A28
331
44A7
  5
44B3
331
44E5
  5
47F9
331
441C
  5
4428
331
443B
  5
4447
331
445A
  5
4466
331
4479
  5
4485
331
639F
  5
63A1
331
63BE
  5
63C0
331
4488
  5
4494
331
7F7D
  5
7F7D
331
6EC3
  5
6EC3
331
6EE2
  5
6EE2
331
7F20
  5
7F20
331
7F3F
  5
7F3F
331
7F01
  5
7F01
331
4CB8
  5
4CC8
331
4C7A
  5
4C8A
331
4C99
  5
4CA9
331
6D61
  5
6D61
331
6D80
  5
6D80
331
4497
  5
44A3
331
44B6
  5
44C2
331
44D5
  5
44E5
331
4C74
  5
4C84
331
442B
  5
4437
331
444A
  5
4456
331
4469
  5
4475
331
638F
  5
6391
331
63AE
  5
63B0
331
63CD
  5
63CF
331
7F10
  5
7F10
331
7F4E
  5
7F4E
331
7F6D
  5
7F6D
331
7F8C
  5
7F8C
331
6EB3
  5
6EB3
331
6ED2
  5
6ED2
331
7F2F
  5
7F2F
331
4C89
  5
4C99
331
6D70
  5
6D70
331
44A6
  5
44B2
331
44C5
  5
44D1
331
44E4
  5
47F8
331
6AAB
  5
6AAB
331
441B
  5
4427
331
443A
  5
4446
331
4459
  5
4465
331
4478
  5
4484
331
637F
  5
6381
331
639E
  5
63A0
331
63BD
  5
63BF
331
6B72
  5
6B72
331
7F00
  5
7F00
331
7F7C
  5
7F7C
331
6EC2
  5
6EC2
331
6EE1
  5
6EE1
331
7F1F
  5
7F1F
331
7F3E
  5
7F3E
331
4C79
  5
4C89
331
4C98
  5
4CA8
331
6D41
  5
6D41
331
6D60
  5
6D60
331
4496
  5
44A2
331
44B5
  5
44C1
331
44D4
  5
44E4
331
4C73
  5
4C83
331
63CC
  5
63CE
331
442A
  5
4436
331
4449
  5
4455
331
4468
  5
4474
331
638E
  5
6390
331
63AD
  5
63AF
331
4487
  5
4493
331
7F6C
  5
7F6C
331
7F8B
  5
7F8B
331
6ED1
  5
6ED1
331
7F2E
  5
7F2E
331
4C88
  5
4C98
331
6D50
  5
6D50
331
44A5
  5
44B1
331
44C4
  5
44D0
331
44E3
  5
47F7
331
441A
  5
4426
331
4439
  5
4445
331
4458
  5
4464
331
4477
  5
4483
331
6A1F
  5
6A1F
331
637E
  5
6380
331
639D
  5
639F
331
63BC
  5
63BE
331
6B71
  5
6B71
331
7F3D
  5
7F3D
331
7F7B
  5
7F7B
331
6EA2
  5
6EA2
331
6EC1
  5
6EC1
331
7F1E
  5
7F1E
331
6EE0
  5
6EE0
331
4D2F
  5
4DA9
331
4C78
  5
4C88
331
6D40
  5
6D40
331
4495
  5
44A1
331
44D3
  5
44E3
331
4C72
  5
4C82
331
63CB
  5
63CD
331
4429
  5
4435
331
4448
  5
4454
331
4467
  5
4473
331
638D
  5
638F
331
63AC
  5
63AE
331
4486
  5
4492
331
7F6B
  5
7F6B
331
7F8A
  5
7F8A
331
6EB1
  5
6EB1
331
6ED0
  5
6ED0
331
7F2D
  5
7F2D
331
845F
  5
845F
331
6B70
  5
6B70
331
44A4
  5
44B0
331
44C3
  5
44CF
331
44E2
  5
47F6
331
63BB
  5
63BD
331
63DA
  5
63DC
331
4419
  5
4425
331
4438
  5
4444
331
4457
  5
4463
331
6A1E
  5
6A1E
331
637D
  5
637E
331
639C
  5
639E
331
4476
  5
4482
331
7F3C
  5
7F3C
331
7F7A
  5
7F7A
331
6EA1
  5
6EA1
331
6EC0
  5
6EC0
331
843F
  5
8444
331
4D2E
  5
4DA8
331
4485
  5
4491
331
4494
  5
44A0
331
44D2
  5
44E2
331
4C71
  5
4C81
331
63CA
  5
63CC
331
4428
  5
4434
331
4447
  5
4453
331
4466
  5
4472
331
638C
  5
638E
331
63AB
  5
63AD
331
7F2C
  5
7F2C
331
7F4B
  5
7F4B
331
7F6A
  5
7F6A
331
7F89
  5
7F89
331
6EB0
  5
6EB0
331
845E
  5
845E
331
842F
  5
8434
331
4CFF
  5
4D0F
331
4D1E
  5
4D3B
331
44A3
  5
44AF
331
44C2
  5
44CE
331
44E1
  5
47F5
331
63BA
  5
63BC
331
4437
  5
4443
331
4456
  5
4462
331
6A1D
  5
6A1D
331
637C
  5
637D
331
639B
  5
639D
331
4475
  5
4481
331
7F3B
  5
7F3B
331
6EA0
  5
6EA0
331
7F1C
  5
7F1C
331
843E
  5
8443
331
4CEF
  5
4CFF
331
4D0E
  5
4D1E
331
4484
  5
4490
331
4493
  5
449F
331
44D1
  5
44E1
331
4C70
  5
4C80
331
63AA
  5
63AC
331
63C9
  5
63CB
331
4427
  5
4433
331
4446
  5
4452
331
6407
  5
6409
331
6426
  5
6426
331
638B
  5
638D
331
4465
  5
4471
331
7F2B
  5
7F2B
331
7F69
  5
7F69
331
7F88
  5
7F88
331
845D
  5
845D
331
7FB7
  5
7FB7
331
4CDF
  5
4CEF
331
4CFE
  5
4D0E
331
4D1D
  5
4D3A
331
4474
  5
4480
331
44A2
  5
44AE
331
63B9
  5
63BB
331
63D8
  5
63DA
331
4436
  5
4442
331
44E0
  5
47F4
331
63F7
  5
63F9
331
6A1C
  5
6A1C
331
637B
  5
637C
331
639A
  5
639C
331
7F1B
  5
7F1B
331
7F3A
  5
7F3A
331
843D
  5
8442
331
4CCF
  5
4CDF
331
4CEE
  5
4CFE
331
4483
  5
448F
331
4492
  5
449E
331
44B1
  5
44BD
331
63A9
  5
63AB
331
63C8
  5
63CA
331
4426
  5
4432
331
4445
  5
4451
331
6406
  5
6408
331
6425
  5
6425
331
6A04
  5
6A04
331
638A
  5
638C
331
4464
  5
4470
331
7F2A
  5
7F2A
331
7F49
  5
7F49
331
7F68
  5
7F68
331
4D1C
  5
4D39
331
845C
  5
845C
331
7FB6
  5
7FB6
331
4CDE
  5
4CEE
331
4CFD
  5
4D0D
331
4473
  5
447F
331
6399
  5
639B
331
63B8
  5
63BA
331
63D7
  5
63D9
331
44A1
  5
44AD
331
44C0
  5
44CC
331
63F6
  5
63F8
331
6415
  5
637F
331
6A1B
  5
6A1B
331
637A
  5
637A
331
7F1A
  5
7F1A
331
7F39
  5
7F39
331
843C
  5
8441
331
846B
  5
846B
331
6367
  5
6367
331
4CCE
  5
4CDE
331
4CED
  5
4CFD
331
4D0C
  5
4D1C
331
4463
  5
446F
331
4482
  5
448E
331
4491
  5
449D
331
44B0
  5
44BC
331
63A8
  5
63AA
331
63C7
  5
63C9
331
63E6
  5
63E8
331
4425
  5
4431
331
4444
  5
4450
331
6405
  5
6407
331
6424
  5
6424
331
6A03
  5
6A03
331
6389
  5
638B
331
7F29
  5
7F29
331
7F48
  5
7F48
331
845B
  5
845B
331
7FB5
  5
7FB5
331
6357
  5
6357
331
4CDD
  5
4CED
331
4CFC
  5
4D0C
331
4472
  5
447E
331
44A0
  5
44AC
331
6398
  5
639A
331
63B7
  5
63B9
331
63D6
  5
63D8
331
4434
  5
4440
331
6414
  5
637B
331
6A1A
  5
6A1A
331
6379
  5
6379
331
4D0B
  5
4D1B
331
843B
  5
8440
331
6347
  5
6347
331
6366
  5
6366
331
4CCD
  5
4CDD
331
4CEC
  5
4CFC
331
846A
  5
846A
331
4462
  5
446E
331
4481
  5
448D
331
4490
  5
449C
331
6388
  5
638A
331
63A7
  5
63A9
331
63C6
  5
63C8
331
63E5
  5
63E7
331
6404
  5
6406
331
6423
  5
6423
331
6A02
  5
6A02
331
4424
  5
4430
331
4443
  5
444F
331
7F28
  5
7F28
331
4D1A
  5
4D36
331
845A
  5
845A
331
7FB4
  5
7FB4
331
4CDC
  5
4CEC
331
4CFB
  5
4D0B
331
4452
  5
445E
331
4471
  5
447D
331
6397
  5
6399
331
63B6
  5
63B8
331
4433
  5
443F
331
656A
  5
656A
331
6A19
  5
6A19
331
6378
  5
6378
331
7F18
  5
7F18
331
4D0A
  5
4D1A
331
7FC3
  5
7FC3
331
843A
  5
843F
331
54FF
  5
5532
331
6346
  5
6346
331
6365
  5
6365
331
4CCC
  5
4CDC
331
4CEB
  5
4CFB
331
8469
  5
8469
331
4461
  5
446D
331
4480
  5
448C
331
6387
  5
6389
331
63A6
  5
63A8
331
63C5
  5
63C7
331
63E4
  5
63E6
331
6403
  5
6405
331
6422
  5
6422
331
6A01
  5
6A01
331
4423
  5
442F
331
4442
  5
444E
331
4CFA
  5
4D0A
331
4D19
  5
4D2F
331
4E0F
  5
5090
331
6355
  5
6355
331
4CDB
  5
4CEB
331
8459
  5
8459
331
4470
  5
447C
331
6377
  5
6377
331
6396
  5
6398
331
63B5
  5
63B7
331
63F3
  5
63F5
331
6569
  5
6569
331
6A18
  5
6A18
331
4432
  5
443E
331
7FC2
  5
7FC2
331
8439
  5
843E
331
4DF7
  5
4E0D
331
6345
  5
6345
331
6364
  5
6364
331
4CCB
  5
4CDB
331
4CEA
  5
4CFA
331
8468
  5
8468
331
4441
  5
444D
331
4460
  5
446C
331
6386
  5
6388
331
63A5
  5
63A7
331
63C4
  5
63C6
331
63E3
  5
63E5
331
4422
  5
442E
331
6402
  5
6404
331
6421
  5
6421
331
6A00
  5
6A00
331
6A27
  5
6A27
331
4CF9
  5
4D09
331
4D18
  5
4D2E
331
4D37
  5
4DB2
331
4E0E
  5
508F
331
6354
  5
6354
331
4CDA
  5
4CEA
331
4450
  5
445C
331
6395
  5
6397
331
63B4
  5
63B6
331
63F2
  5
63F4
331
6568
  5
6568
331
6A17
  5
6A17
331
4431
  5
443D
331
8467
  5
8467
331
4D27
  5
4DA7
331
4CE9
  5
4CF9
331
7F9A
  5
7F9A
331
7FC1
  5
7FC1
331
8438
  5
843D
331
4DF6
  5
4E0C
331
6344
  5
6344
331
6363
  5
6363
331
4CCA
  5
4CDA
331
4440
  5
444C
331
6A26
  5
6A26
331
6385
  5
6387
331
63A4
  5
63A6
331
63C3
  5
63C5
331
6401
  5
6403
331
6420
  5
6420
331
69FF
  5
69FF
331
4421
  5
442D
331
4CF8
  5
4D08
331
4D17
  5
4D27
331
4D36
  5
4DAA
331
7FB1
  5
7FB1
331
4E0D
  5
508E
331
6353
  5
6353
331
4CD9
  5
4CE9
331
4430
  5
443C
331
6394
  5
6396
331
63B3
  5
63B5
331
63D2
  5
63D4
331
63F1
  5
63F3
331
6567
  5
6567
331
6A16
  5
6A16
331
8466
  5
8466
331
4D26
  5
4DA6
331
4CE8
  5
4CF8
331
7F99
  5
7F99
331
7FC0
  5
7FC0
331
8437
  5
843C
331
4DF5
  5
4E0B
331
6362
  5
6362
331
4CC9
  5
4CD9
331
6A25
  5
6A25
331
6384
  5
6386
331
63A3
  5
63A5
331
63C2
  5
63C4
331
63E1
  5
63E3
331
6400
  5
6402
331
641F
  5
641F
331
69FE
  5
69FE
331
4420
  5
442C
331
4CD8
  5
4CE8
331
4CF7
  5
4D07
331
4E0C
  5
508D
331
6352
  5
6352
331
6A15
  5
6A15
331
6393
  5
6395
331
63B2
  5
63B4
331
63D1
  5
63D3
331
63F0
  5
63F2
331
640F
  5
6415
331
6566
  5
6566
331
8465
  5
8465
331
4D06
  5
4D16
331
4CE7
  5
4CF7
331
7F98
  5
7F98
331
7FBF
  5
7FBF
331
8436
  5
843B
331
4DF4
  5
4E0A
331
6361
  5
6361
331
4CC8
  5
4CD8
331
6A24
  5
6A24
331
6383
  5
6385
331
63A2
  5
63A4
331
63C1
  5
63C3
331
63E0
  5
63E2
331
63FF
  5
6401
331
641E
  5
641E
331
69FD
  5
69FD
331
4CF6
  5
4D06
331
4D15
  5
4D25
331
4CD7
  5
4CE7
331
6351
  5
6351
331
7FAF
  5
7FAF
331
6A14
  5
6A14
331
6373
  5
6373
331
6392
  5
6394
331
63B1
  5
63B3
331
63D0
  5
63D2
331
63EF
  5
63F1
331
640E
  5
6414
331
6565
  5
6565
331
8435
  5
843A
331
8464
  5
8464
331
4D05
  5
4D15
331
4CE6
  5
4CF6
331
4CC7
  5
4CD7
331
7F97
  5
7F97
331
6360
  5
6360
331
7FBE
  5
7FBE
331
69FC
  5
69FC
331
6A23
  5
6A23
331
6382
  5
6384
331
63A1
  5
63A3
331
63C0
  5
63C2
331
63FE
  5
6400
331
641D
  5
641D
331
4CF5
  5
4D05
331
4D14
  5
4D24
331
4CD6
  5
4CE6
331
7FAE
  5
7FAE
331
5531
  5
44DB
331
6350
  5
6350
331
636F
  5
636F
331
6A97
  5
6A97
331
6A13
  5
6A13
331
6391
  5
6393
331
63B0
  5
63B2
331
640D
  5
640F
331
6564
  5
6564
331
8463
  5
8463
331
8434
  5
8439
331
4D04
  5
4D14
331
4D23
  5
4D5D
331
4CE5
  5
4CF5
331
4CC6
  5
4CD6
331
7F96
  5
7F96
331
635F
  5
635F
331
7FBD
  5
7FBD
331
6A87
  5
6A87
331
69FB
  5
69FB
331
6A22
  5
6A22
331
6381
  5
6383
331
63A0
  5
63A2
331
63FD
  5
63FF
331
636E
  5
636E
331
4CD5
  5
4CE5
331
4CF4
  5
4D04
331
4D13
  5
4D23
331
5530
  5
44DD
331
634F
  5
634F
331
6A77
  5
6A77
331
6A96
  5
6A96
331
6563
  5
6563
331
6A12
  5
6A12
331
6371
  5
6371
331
6390
  5
6392
331
640C
  5
640E
331
8462
  5
8462
331
8433
  5
8438
331
4D03
  5
4D13
331
4D22
  5
4D5C
331
4CE4
  5
4CF4
331
4CC5
  5
4CD5
331
7F95
  5
7F95
331
7FBC
  5
7FBC
331
635E
  5
635E
331
6A67
  5
6A67
331
6A86
  5
6A86
331
6A21
  5
6A21
331
6380
  5
6382
331
63FC
  5
63FE
331
4CF3
  5
4D03
331
636D
  5
636D
331
4CD4
  5
4CE4
331
7FAC
  5
7FAC
331
6A57
  5
6A57
331
6A76
  5
6A76
331
6A95
  5
6A95
331
6562
  5
6562
331
6A11
  5
6A11
331
6370
  5
6370
331
640B
  5
640D
331
8461
  5
8461
331
8432
  5
8437
331
4CE3
  5
4CF3
331
4D02
  5
4D12
331
4D21
  5
4D5B
331
635D
  5
635D
331
4CC4
  5
4CD4
331
7F94
  5
7F94
331
6A47
  5
6A47
331
6A66
  5
6A66
331
6A85
  5
6A85
331
6A20
  5
6A20
331
63FB
  5
63FD
331
4CF2
  5
4D02
331
636C
  5
636C
331
4CD3
  5
4CE3
331
634D
  5
634D
331
7FAB
  5
7FAB
331
6A94
  5
6A94
331
6A37
  5
6A37
331
6A75
  5
6A75
331
6561
  5
6561
331
640A
  5
640C
331
8431
  5
8436
331
8460
  5
8460
331
7FBA
  5
7FBA
331
4CE2
  5
4CF2
331
4D01
  5
4D11
331
635C
  5
635C
331
4CC3
  5
4CD3
331
55A5
  5
5659
331
7F93
  5
7F93
331
6A46
  5
6A46
331
6A65
  5
6A65
331
6A84
  5
6A84
331
63FA
  5
63FC
331
8440
  5
8445
331
7FAA
  5
7FAA
331
634C
  5
634C
331
636B
  5
636B
331
4CD2
  5
4CE2
331
4CF1
  5
4D01
331
6A93
  5
6A93
331
6D7F
  5
6D7F
331
6A36
  5
6A36
331
6A55
  5
6A55
331
6A74
  5
6A74
331
6409
  5
640B
331
7F0F
  5
7F0F
331
63EA
  5
63EC
331
8430
  5
8435
331
4CE1
  5
4CF1
331
4D00
  5
4D10
331
635B
  5
635B
331
4CC2
  5
4CD2
331
55A4
  5
55F2
331
7F92
  5
7F92
331
4CA7
  5
4CB8
331
6A83
  5
6A83
331
6D6F
  5
6D6F
331
6A45
  5
6A45
331
6A64
  5
6A64
331
7EFF
  5
7EFF
331
63F9
  5
63FB
331
7FC8
  5
7FC8
331
7FA9
  5
7FA9
331
634B
  5
634B
331
636A
  5
636A
331
4CD1
  5
4CE1
331
4CF0
  5
4D00
331
4C97
  5
4CA7
331
4CB6
  5
4CC7
331
6A92
  5
6A92
331
6D5F
  5
6D5F
331
6D7E
  5
6D7E
331
6A35
  5
6A35
331
6A54
  5
6A54
331
6A73
  5
6A73
331
6408
  5
640A
331
7F0E
  5
7F0E
331
63E9
  5
63EB
331
7FB8
  5
7FB8
331
7F91
  5
7F91
331
55A3
  5
55F1
331
635A
  5
635A
331
4CC1
  5
4CD1
331
4CE0
  5
4CF0
331
4C87
  5
4C97
331
6A82
  5
6A82
331
6D4F
  5
6D4F
331
6D6E
  5
6D6E
331
6A44
  5
6A44
331
6A63
  5
6A63
331
63F8
  5
63FA
331
7EFE
  5
7EFE
331
6EDF
  5
6EDF
331
7FA8
  5
7FA8
331
634A
  5
634A
331
6369
  5
6369
331
4CD0
  5
4CE0
331
4C96
  5
4CA6
331
4CB5
  5
4CC6
331
6A72
  5
6A72
331
6A91
  5
6A91
331
6D3F
  5
6D3F
331
6D5E
  5
6D5E
331
6D7D
  5
6D7D
331
6A34
  5
6A34
331
6ECF
  5
6ECF
331
63E8
  5
63EA
331
7F90
  5
7F90
331
55A2
  5
55F0
331
6359
  5
6359
331
4CC0
  5
4CD0
331
4C86
  5
4C96
331
4CA5
  5
4CB5
331
6A81
  5
6A81
331
6B6F
  5
6B6F
331
6D4E
  5
6D4E
331
6D6D
  5
6D6D
331
6A62
  5
6A62
331
6EDE
  5
6EDE
331
7EFD
  5
7EFD
331
5502
  5
556C
331
6349
  5
6349
331
6368
  5
6368
331
4C95
  5
4CA5
331
4CB4
  5
4CC5
331
6A71
  5
6A71
331
6A90
  5
6A90
331
6D5D
  5
6D5D
331
6D7C
  5
6D7C
331
6A33
  5
6A33
331
6A52
  5
6A52
331
6F1D
  5
6F1D
331
7F0C
  5
7F0C
331
6EAF
  5
6EAF
331
6ECE
  5
6ECE
331
55A1
  5
55A5
331
6358
  5
6358
331
4D3B
  5
4DB5
331
4C85
  5
4C95
331
4CA4
  5
4CB4
331
6A61
  5
6A61
331
6A80
  5
6A80
331
6B6E
  5
6B6E
331
6D4D
  5
6D4D
331
6D6C
  5
6D6C
331
6EDD
  5
6EDD
331
5501
  5
556B
331
6348
  5
6348
331
4C94
  5
4CA4
331
4CB3
  5
4CC4
331
6A70
  5
6A70
331
6A8F
  5
6A8F
331
6D5C
  5
6D5C
331
6D7B
  5
6D7B
331
6A32
  5
6A32
331
4C6F
  5
4C7F
331
6A51
  5
6A51
331
6ECD
  5
6ECD
331
6F1C
  5
6F1C
331
7F0B
  5
7F0B
331
7F87
  5
7F87
331
6EAE
  5
6EAE
331
4E11
  5
5212
331
55A0
  5
55A4
331
4D3A
  5
4DB4
331
4C84
  5
4C94
331
4CA3
  5
4CB3
331
6A60
  5
6A60
331
6A7F
  5
6A7F
331
6B6D
  5
6B6D
331
6D6B
  5
6D6B
331
44DF
  5
47F3
331
6A41
  5
6A41
331
6EDC
  5
6EDC
331
7EFB
  5
7EFB
331
7F77
  5
7F77
331
5500
  5
556A
331
4DF9
  5
4E0F
331
4C93
  5
4CA3
331
4CB2
  5
4CC3
331
6A50
  5
6A50
331
6A6F
  5
6A6F
331
6A8E
  5
6A8E
331
6D5B
  5
6D5B
331
6D7A
  5
6D7A
331
6A31
  5
6A31
331
4C6E
  5
4C7E
331
6ECC
  5
6ECC
331
6F1B
  5
6F1B
331
7F67
  5
7F67
331
7F86
  5
7F86
331
4E10
  5
5211
331
4D39
  5
4DB3
331
4C83
  5
4C93
331
4CA2
  5
4CB2
331
6A5F
  5
6A5F
331
6A7E
  5
6A7E
331
6B6C
  5
6B6C
331
6D4B
  5
6D4B
331
6D6A
  5
6D6A
331
44BF
  5
44CB
331
44DE
  5
47F2
331
6A40
  5
6A40
331
6EDB
  5
6EDB
331
7EFA
  5
7EFA
331
7F57
  5
7F57
331
7F76
  5
7F76
331
4DF8
  5
4E0E
331
4C92
  5
4CA2
331
4CB1
  5
4CC2
331
6A6E
  5
6A6E
331
6A8D
  5
6A8D
331
6D5A
  5
6D5A
331
44AF
  5
44BB
331
44CE
  5
44DE
331
6A30
  5
6A30
331
6ECB
  5
6ECB
331
6F1A
  5
6F1A
331
7F66
  5
7F66
331
7F85
  5
7F85
331
6EAC
  5
6EAC
  0
ACDBDETAILVIEWSTYLE
  5
88B2
102
{ACAD_XDICTIONARY
360
88EE
102
}
102
{ACAD_REACTORS
330
88B1
102
}
330
88B1
100
AcDbModelDocViewStyle
 70
     0
  3
Metric50
290
     0
100
AcDbDetailViewStyle
 70
     0
 71
     0
 90
        3
 71
     1
340
11
 62
   256
 40
5.0
340
0
 62
   256
 40
5.0
300

 40
0.0
280
     1
 71
     2
340
16
 90
       25
 62
   256
 71
     3
340
11
 62
   256
 40
5.0
 90
        0
 40
15.0
 90
        1
300
%<\AcVar ViewDetailId>% (%<\AcVar ViewScale \f "%sn">%)
 71
     4
340
16
 90
       25
 62
   256
340
16
 90
       25
 62
   256
280
     0
  0
LAYOUT
  5
1E
102
{ACAD_REACTORS
330
1A
102
}
330
1A
100
AcDbPlotSettings
  1

  2
Minolta PagePro 8L
  4

  6

 40
0.0
 41
0.0
 42
0.0
 43
0.0
 44
0.0
 45
0.0
 46
0.0
 47
0.0
 48
0.0
 49
0.0
140
0.0
141
0.0
142
1.0
143
1.0
 70
   688
 72
     0
 73
     0
 74
     5
  7
Halfen Plotstil.ctb
 75
    16
147
1.0
 76
     0
 77
     2
 78
   300
148
0.0
149
0.0
100
AcDbLayout
  1
Layout1
 70
     1
 71
     1
 10
0.0
 20
0.0
 11
420.0
 21
297.0
 12
0.0
 22
0.0
 32
0.0
 14
1.000000000000000E+20
 24
1.000000000000000E+20
 34
1.000000000000000E+20
 15
-1.000000000000000E+20
 25
-1.000000000000000E+20
 35
-1.000000000000000E+20
146
0.0
 13
0.0
 23
0.0
 33
0.0
 16
1.0
 26
0.0
 36
0.0
 17
0.0
 27
1.0
 37
0.0
 76
     0
330
1B
  0
LAYOUT
  5
26
102
{ACAD_REACTORS
330
1A
102
}
330
1A
100
AcDbPlotSettings
  1

  2
Minolta PagePro 8L
  4

  6

 40
0.0
 41
0.0
 42
0.0
 43
0.0
 44
0.0
 45
0.0
 46
0.0
 47
0.0
 48
0.0
 49
0.0
140
0.0
141
0.0
142
1.0
143
1.0
 70
   688
 72
     0
 73
     0
 74
     5
  7
Halfen Plotstil.ctb
 75
    16
147
1.0
 76
     0
 77
     2
 78
   300
148
0.0
149
0.0
100
AcDbLayout
  1
Layout2
 70
     1
 71
     2
 10
0.0
 20
0.0
 11
12.0
 21
9.0
 12
0.0
 22
0.0
 32
0.0
 14
0.0
 24
0.0
 34
0.0
 15
0.0
 25
0.0
 35
0.0
146
0.0
 13
0.0
 23
0.0
 33
0.0
 16
1.0
 26
0.0
 36
0.0
 17
0.0
 27
1.0
 37
0.0
 76
     0
330
23
  0
LAYOUT
  5
22
102
{ACAD_REACTORS
330
1A
102
}
330
1A
100
AcDbPlotSettings
  1

  2
Minolta PagePro 8L
  4
A4
  6

 40
5.873749732971191
 41
3.174999952316283
 42
5.873748779296875
 43
3.17498779296875
 44
209.9733276367186
 45
297.0106506347656
 46
0.0
 47
0.0
 48
0.0
 49
0.0
140
0.0
141
0.0
142
1.0
143
4.917982904426159
 70
 11952
 72
     1
 73
     1
 74
     0
  7
Halfen Plotstil.ctb
 75
     0
147
0.2033353957168101
 76
     0
 77
     2
 78
   300
148
596.0234477574414
149
350.6876687301243
100
AcDbLayout
  1
Model
 70
     1
 71
     0
 10
0.0
 20
0.0
 11
12.0
 21
9.0
 12
0.0
 22
0.0
 32
0.0
 14
0.0
 24
0.0
 34
0.0
 15
0.0
 25
0.0
 35
0.0
146
0.0
 13
0.0
 23
0.0
 33
0.0
 16
1.0
 26
0.0
 36
0.0
 17
0.0
 27
1.0
 37
0.0
 76
     0
330
1F
331
8260
  0
MATERIAL
  5
81E7
102
{ACAD_REACTORS
330
80F
102
}
330
80F
100
AcDbMaterial
  1
ByBlock
 73
     1
 78
     1
172
     1
176
     1
270
     1
274
     1
 94
       63
  0
MATERIAL
  5
81E6
102
{ACAD_REACTORS
330
80F
102
}
330
80F
100
AcDbMaterial
  1
ByLayer
 73
     1
 78
     1
172
     1
176
     1
270
     1
274
     1
 94
       63
  0
MATERIAL
  5
81E8
102
{ACAD_REACTORS
330
80F
102
}
330
80F
100
AcDbMaterial
  1
Global
 73
     1
 78
     1
172
     1
176
     1
270
     1
274
     1
 94
       63
  0
MLEADERSTYLE
  5
8285
102
{ACAD_REACTORS
330
8284
102
}
330
8284
100
AcDbMLeaderStyle
179
     2
170
     2
171
     1
172
     0
 90
        2
 40
0.0
 41
0.0
173
     1
 91
-1056964608
340
14
 92
       -2
290
     1
 42
2.0
291
     1
 43
0.36
  3
Standard
 44
4.0
300

342
11
174
     1
178
     6
175
     1
176
     0
 93
-1056964608
 45
4.0
292
     0
297
     0
 46
4.0
 94
-1056964608
 47
1.0
 49
1.0
140
1.0
293
     1
141
0.0
294
     1
177
     0
142
1.0
295
     0
296
     0
143
0.125
271
     0
272
     9
273
     9
298
     0
  0
MLINESTYLE
  5
18
102
{ACAD_REACTORS
330
17
102
}
330
17
100
AcDbMlineStyle
  2
STANDARD
 70
     0
  3

 62
   256
 51
90.0
 52
90.0
 71
     2
 49
0.5
 62
   256
  6
BYLAYER
 49
-0.5
 62
   256
  6
BYLAYER
  0
PLOTSETTINGS
  5
974
102
{ACAD_REACTORS
330
19
102
}
330
19
100
AcDbPlotSettings
  1
A4_hoch
  2
Minolta PagePro 8L
  4
A4
  6

 40
7.143749713897705
 41
7.143756389617919
 42
7.05908203125
 43
7.14373779296875
 44
209.9733276367186
 45
296.9259948730469
 46
-10.0
 47
-8.0
 48
288.6923467168382
 49
155.4429596380265
140
379.2607810083091
141
258.7208858951657
142
1.0
143
1.0
 70
 11936
 72
     1
 73
     0
 74
     4
  7
Halfen Plotstil.ctb
 75
     0
147
3.144145813260183
 76
     0
 77
     2
 78
   300
148
-288.6923467168382
149
-155.4429596380265
1001
ACAD_PSEXT
1000
Minolta PagePro 8L
1000
HP LaserJet IIP
1000
LPT1:
1000

1070
     0
  0
PLOTSETTINGS
  5
976
102
{ACAD_REACTORS
330
19
102
}
330
19
100
AcDbPlotSettings
  1
A4_quer
  2
Minolta PagePro 8L
  4
A4
  6

 40
7.143749713897705
 41
7.143756389617919
 42
7.05908203125
 43
7.14373779296875
 44
209.9733276367186
 45
296.9259948730469
 46
-5.0
 47
-6.0
 48
194.8561551581094
 49
93.95414985728359
140
597.5431966113442
141
299.7604267345806
142
1.0
143
1.0
 70
 11936
 72
     1
 73
     1
 74
     4
  7
Halfen Plotstil.ctb
 75
     0
147
3.144145813260183
 76
     0
 77
     2
 78
   300
148
-194.8561551581094
149
-93.95414985728359
1001
ACAD_PSEXT
1000
Minolta PagePro 8L
1000
HP LaserJet IIP
1000
LPT1:
1000

1070
     0
  0
ACDBPLACEHOLDER
  5
F
102
{ACAD_REACTORS
330
E
102
}
330
E
  0
SCALE
  5
8263
102
{ACAD_REACTORS
330
8262
102
}
330
8262
100
AcDbScale
 70
     0
300
1:1
140
1.0
141
1.0
290
     1
  0
SCALE
  5
8264
102
{ACAD_REACTORS
330
8262
102
}
330
8262
100
AcDbScale
 70
     0
300
1:2
140
1.0
141
2.0
290
     0
  0
SCALE
  5
8265
102
{ACAD_REACTORS
330
8262
102
}
330
8262
100
AcDbScale
 70
     0
300
1:4
140
1.0
141
4.0
290
     0
  0
SCALE
  5
8266
102
{ACAD_REACTORS
330
8262
102
}
330
8262
100
AcDbScale
 70
     0
300
1:5
140
1.0
141
5.0
290
     0
  0
SCALE
  5
8267
102
{ACAD_REACTORS
330
8262
102
}
330
8262
100
AcDbScale
 70
     0
300
1:8
140
1.0
141
8.0
290
     0
  0
SCALE
  5
8268
102
{ACAD_REACTORS
330
8262
102
}
330
8262
100
AcDbScale
 70
     0
300
1:10
140
1.0
141
10.0
290
     0
  0
SCALE
  5
8269
102
{ACAD_REACTORS
330
8262
102
}
330
8262
100
AcDbScale
 70
     0
300
1:16
140
1.0
141
16.0
290
     0
  0
SCALE
  5
826A
102
{ACAD_REACTORS
330
8262
102
}
330
8262
100
AcDbScale
 70
     0
300
1:20
140
1.0
141
20.0
290
     0
  0
SCALE
  5
826B
102
{ACAD_REACTORS
330
8262
102
}
330
8262
100
AcDbScale
 70
     0
300
1:30
140
1.0
141
30.0
290
     0
  0
SCALE
  5
826C
102
{ACAD_REACTORS
330
8262
102
}
330
8262
100
AcDbScale
 70
     0
300
1:40
140
1.0
141
40.0
290
     0
  0
SCALE
  5
826D
102
{ACAD_REACTORS
330
8262
102
}
330
8262
100
AcDbScale
 70
     0
300
1:50
140
1.0
141
50.0
290
     0
  0
SCALE
  5
826E
102
{ACAD_REACTORS
330
8262
102
}
330
8262
100
AcDbScale
 70
     0
300
1:100
140
1.0
141
100.0
290
     0
  0
SCALE
  5
826F
102
{ACAD_REACTORS
330
8262
102
}
330
8262
100
AcDbScale
 70
     0
300
2:1
140
2.0
141
1.0
290
     0
  0
SCALE
  5
8270
102
{ACAD_REACTORS
330
8262
102
}
330
8262
100
AcDbScale
 70
     0
300
4:1
140
4.0
141
1.0
290
     0
  0
SCALE
  5
8271
102
{ACAD_REACTORS
330
8262
102
}
330
8262
100
AcDbScale
 70
     0
300
8:1
140
8.0
141
1.0
290
     0
  0
SCALE
  5
8272
102
{ACAD_REACTORS
330
8262
102
}
330
8262
100
AcDbScale
 70
     0
300
10:1
140
10.0
141
1.0
290
     0
  0
SCALE
  5
8273
102
{ACAD_REACTORS
330
8262
102
}
330
8262
100
AcDbScale
 70
     0
300
100:1
140
100.0
141
1.0
290
     0
  0
SCALE
  5
8274
102
{ACAD_REACTORS
330
8262
102
}
330
8262
100
AcDbScale
 70
     0
300
1/128" = 1'-0"
140
0.0078125
141
12.0
290
     0
  0
SCALE
  5
8275
102
{ACAD_REACTORS
330
8262
102
}
330
8262
100
AcDbScale
 70
     0
300
1/64" = 1'-0"
140
0.015625
141
12.0
290
     0
  0
SCALE
  5
8276
102
{ACAD_REACTORS
330
8262
102
}
330
8262
100
AcDbScale
 70
     0
300
1/32" = 1'-0"
140
0.03125
141
12.0
290
     0
  0
SCALE
  5
8277
102
{ACAD_REACTORS
330
8262
102
}
330
8262
100
AcDbScale
 70
     0
300
1/16" = 1'-0"
140
0.0625
141
12.0
290
     0
  0
SCALE
  5
8278
102
{ACAD_REACTORS
330
8262
102
}
330
8262
100
AcDbScale
 70
     0
300
3/32" = 1'-0"
140
0.09375
141
12.0
290
     0
  0
SCALE
  5
8279
102
{ACAD_REACTORS
330
8262
102
}
330
8262
100
AcDbScale
 70
     0
300
1/8" = 1'-0"
140
0.125
141
12.0
290
     0
  0
SCALE
  5
827A
102
{ACAD_REACTORS
330
8262
102
}
330
8262
100
AcDbScale
 70
     0
300
3/16" = 1'-0"
140
0.1875
141
12.0
290
     0
  0
SCALE
  5
827B
102
{ACAD_REACTORS
330
8262
102
}
330
8262
100
AcDbScale
 70
     0
300
1/4" = 1'-0"
140
0.25
141
12.0
290
     0
  0
SCALE
  5
827C
102
{ACAD_REACTORS
330
8262
102
}
330
8262
100
AcDbScale
 70
     0
300
3/8" = 1'-0"
140
0.375
141
12.0
290
     0
  0
SCALE
  5
827D
102
{ACAD_REACTORS
330
8262
102
}
330
8262
100
AcDbScale
 70
     0
300
1/2" = 1'-0"
140
0.5
141
12.0
290
     0
  0
SCALE
  5
827E
102
{ACAD_REACTORS
330
8262
102
}
330
8262
100
AcDbScale
 70
     0
300
3/4" = 1'-0"
140
0.75
141
12.0
290
     0
  0
SCALE
  5
827F
102
{ACAD_REACTORS
330
8262
102
}
330
8262
100
AcDbScale
 70
     0
300
1" = 1'-0"
140
1.0
141
12.0
290
     0
  0
SCALE
  5
8280
102
{ACAD_REACTORS
330
8262
102
}
330
8262
100
AcDbScale
 70
     0
300
1-1/2" = 1'-0"
140
1.5
141
12.0
290
     0
  0
SCALE
  5
8281
102
{ACAD_REACTORS
330
8262
102
}
330
8262
100
AcDbScale
 70
     0
300
3" = 1'-0"
140
3.0
141
12.0
290
     0
  0
SCALE
  5
8282
102
{ACAD_REACTORS
330
8262
102
}
330
8262
100
AcDbScale
 70
     0
300
6" = 1'-0"
140
6.0
141
12.0
290
     0
  0
SCALE
  5
8283
102
{ACAD_REACTORS
330
8262
102
}
330
8262
100
AcDbScale
 70
     0
300
1'-0" = 1'-0"
140
12.0
141
12.0
290
     0
  0
ACDBSECTIONVIEWSTYLE
  5
88B0
102
{ACAD_XDICTIONARY
360
88EC
102
}
102
{ACAD_REACTORS
330
88AF
102
}
330
88AF
100
AcDbModelDocViewStyle
 70
     0
  3
Metric50
290
     0
100
AcDbSectionViewStyle
 70
     0
 71
     0
 90
      102
 71
     1
340
11
 62
   256
 40
5.0
340
0
340
0
 62
   256
 40
5.0
300
I, O, Q, S, X, Z
 40
10.0
 90
        0
 40
2.5
 90
        0
 71
     2
340
16
 90
       25
 62
   256
340
16
 90
       50
 62
   256
 40
5.0
 40
2.5
 40
5.0
 71
     3
340
11
 62
   256
 40
5.0
 90
        0
 40
15.0
 90
        1
300
%<\AcVar ViewSectionStartId>%-%<\AcVar ViewSectionEndId>% (%<\AcVar ViewScale \f "%sn">%)
 71
     4
 62
   256
 62
   257
300
ANSI31
 40
1.0
 90
        0
290
     0
290
     0
 90
        6
 40
0.0
 40
1.570796326794896
 40
0.2617993877991494
 40
1.308996938995747
 40
-0.2617993877991494
 40
1.832595714594046
  0
TABLESTYLE
  5
812
102
{ACAD_XDICTIONARY
360
82C1
102
}
102
{ACAD_REACTORS
330
811
102
}
330
811
100
AcDbTableStyle
280
     0
  3
Standard
 70
     0
 71
     0
 40
1.5
 41
1.5
280
     0
281
     0
  7
Standard
140
4.5
170
     2
 62
     0
 63
     7
283
     0
 90
        4
 91
        0
  1

274
    -2
284
     1
 64
     0
275
    -2
285
     1
 65
     0
276
    -2
286
     1
 66
     0
277
    -2
287
     1
 67
     0
278
    -2
288
     1
 68
     0
279
    -2
289
     1
 69
     0
  7
Standard
140
6.0
170
     5
 62
     0
 63
     7
283
     0
 90
        4
 91
        0
  1

274
    -2
284
     1
 64
     0
275
    -2
285
     1
 65
     0
276
    -2
286
     1
 66
     0
277
    -2
287
     1
 67
     0
278
    -2
288
     1
 68
     0
279
    -2
289
     1
 69
     0
  7
Standard
140
4.5
170
     5
 62
     0
 63
     7
283
     0
 90
        4
 91
        0
  1

274
    -2
284
     1
 64
     0
275
    -2
285
     1
 65
     0
276
    -2
286
     1
 66
     0
277
    -2
287
     1
 67
     0
278
    -2
288
     1
 68
     0
279
    -2
289
     1
 69
     0
  0
VISUALSTYLE
  5
81EF
102
{ACAD_REACTORS
330
81E9
102
}
330
81E9
100
AcDbVisualStyle
  2
2dWireframe
 70
     4
177
     3
291
     0
 70
    58
 90
        0
176
     1
 90
        2
176
     1
 90
        0
176
     1
 90
        0
176
     1
 40
0.6
176
     1
 40
30.0
176
     1
 62
     7
176
     1
 90
        1
176
     1
 90
        4
176
     1
 62
     7
176
     1
 62
   257
176
     1
 90
        1
176
     1
 90
        1
176
     1
 40
1.0
176
     1
 90
        0
176
     1
 62
   257
176
     1
 40
1.0
176
     1
 90
        1
176
     1
 90
        6
176
     1
 90
        2
176
     1
 62
     7
176
     1
 90
        5
176
     1
 90
        0
176
     1
 90
        0
176
     1
290
     0
176
     1
 90
        1
176
     1
 40
0.0
176
     1
 90
        0
176
     1
290
     1
176
     1
290
     1
176
     1
290
     0
176
     1
290
     0
176
     1
290
     0
176
     1
290
     0
176
     1
290
     0
176
     1
290
     0
176
     1
290
     0
176
     1
 90
       50
176
     1
 40
0.0
176
     1
 40
1.0
176
     1
 90
        0
176
     1
 62
    18
420
        0
176
     1
 90
       50
176
     1
 90
        3
176
     1
 62
     5
420
      255
176
     1
290
     0
176
     1
 90
       50
176
     1
 90
       50
176
     1
 90
       50
176
     1
290
     0
176
     1
 90
       50
176
     1
 62
   256
176
     0
 40
1.0
176
     0
 90
        2
176
     1
  1
strokes_ogs.tif
176
     1
290
     0
176
     1
 40
1.0
176
     1
 40
1.0
176
     1
  0
VISUALSTYLE
  5
81F1
102
{ACAD_REACTORS
330
81E9
102
}
330
81E9
100
AcDbVisualStyle
  2
3D Hidden
 70
     6
177
     3
291
     0
 70
    58
 90
        1
176
     1
 90
        2
176
     1
 90
        2
176
     1
 90
        0
176
     1
 40
0.6
176
     1
 40
30.0
176
     1
 62
     7
176
     1
 90
        2
176
     1
 90
        2
176
     1
 62
     7
176
     1
 62
   257
176
     1
 90
        2
176
     1
 90
        1
176
     1
 40
40.0
176
     1
 90
        0
176
     1
 62
   257
176
     1
 40
1.0
176
     1
 90
        1
176
     1
 90
        6
176
     1
 90
        2
176
     1
 62
     7
176
     1
 90
        3
176
     1
 90
        0
176
     1
 90
        0
176
     1
290
     0
176
     1
 90
        1
176
     1
 40
0.0
176
     1
 90
        0
176
     1
290
     0
176
     1
290
     1
176
     1
290
     1
176
     1
290
     0
176
     1
290
     0
176
     1
290
     0
176
     1
290
     0
176
     1
290
     0
176
     1
290
     0
176
     1
 90
       50
176
     1
 40
0.0
176
     1
 40
1.0
176
     1
 90
        0
176
     1
 62
    18
420
        0
176
     1
 90
       50
176
     1
 90
        3
176
     1
 62
     5
420
      255
176
     1
290
     0
176
     1
 90
       50
176
     1
 90
       50
176
     1
 90
       50
176
     1
290
     0
176
     1
 90
       50
176
     1
 62
   256
176
     0
 40
1.0
176
     0
 90
        2
176
     1
  1
strokes_ogs.tif
176
     1
290
     0
176
     1
 40
1.0
176
     1
 40
1.0
176
     1
  0
VISUALSTYLE
  5
81F0
102
{ACAD_REACTORS
330
81E9
102
}
330
81E9
100
AcDbVisualStyle
  2
3dWireframe
 70
     5
177
     3
291
     0
 70
    58
 90
        0
176
     1
 90
        2
176
     1
 90
        0
176
     1
 90
        0
176
     1
 40
0.6
176
     1
 40
30.0
176
     1
 62
     7
176
     1
 90
        1
176
     1
 90
        4
176
     1
 62
     7
176
     1
 62
   257
176
     1
 90
        1
176
     1
 90
        1
176
     1
 40
1.0
176
     1
 90
        0
176
     1
 62
   257
176
     1
 40
1.0
176
     1
 90
        1
176
     1
 90
        6
176
     1
 90
        2
176
     1
 62
     7
176
     1
 90
        5
176
     1
 90
        0
176
     1
 90
        0
176
     1
290
     0
176
     1
 90
        1
176
     1
 40
0.0
176
     1
 90
        0
176
     1
290
     0
176
     1
290
     1
176
     1
290
     1
176
     1
290
     0
176
     1
290
     0
176
     1
290
     0
176
     1
290
     0
176
     1
290
     0
176
     1
290
     0
176
     1
 90
       50
176
     1
 40
0.0
176
     1
 40
1.0
176
     1
 90
        0
176
     1
 62
    18
420
        0
176
     1
 90
       50
176
     1
 90
        3
176
     1
 62
     5
420
      255
176
     1
290
     0
176
     1
 90
       50
176
     1
 90
       50
176
     1
 90
       50
176
     1
290
     0
176
     1
 90
       50
176
     1
 62
   256
176
     0
 40
1.0
176
     0
 90
        2
176
     1
  1
strokes_ogs.tif
176
     1
290
     0
176
     1
 40
1.0
176
     1
 40
1.0
176
     1
  0
VISUALSTYLE
  5
81EE
102
{ACAD_REACTORS
330
81E9
102
}
330
81E9
100
AcDbVisualStyle
  2
Basic
 70
     7
177
     3
291
     1
 70
    58
 90
        1
176
     1
 90
        0
176
     1
 90
        1
176
     1
 90
        0
176
     1
 40
0.6
176
     1
 40
30.0
176
     1
 62
     7
176
     1
 90
        0
176
     1
 90
        4
176
     1
 62
     7
176
     1
 62
   257
176
     1
 90
        1
176
     1
 90
        1
176
     1
 40
1.0
176
     1
 90
        8
176
     1
 62
     7
176
     1
 40
1.0
176
     1
 90
        1
176
     1
 90
        6
176
     1
 90
        2
176
     1
 62
     7
176
     1
 90
        5
176
     1
 90
        0
176
     1
 90
        0
176
     1
290
     0
176
     1
 90
        1
176
     1
 40
0.0
176
     1
 90
        0
176
     1
290
     0
176
     1
290
     1
176
     1
290
     1
176
     1
290
     0
176
     1
290
     0
176
     1
290
     0
176
     1
290
     0
176
     1
290
     0
176
     1
290
     0
176
     1
 90
       50
176
     1
 40
0.0
176
     1
 40
1.0
176
     1
 90
        0
176
     1
 62
    18
420
        0
176
     1
 90
       50
176
     1
 90
        3
176
     1
 62
     5
420
      255
176
     1
290
     0
176
     1
 90
       50
176
     1
 90
       50
176
     1
 90
       50
176
     1
290
     0
176
     1
 90
       50
176
     1
 62
   256
176
     0
 40
1.0
176
     0
 90
        2
176
     1
  1
strokes_ogs.tif
176
     1
290
     0
176
     1
 40
1.0
176
     1
 40
1.0
176
     1
  0
VISUALSTYLE
  5
81F5
102
{ACAD_REACTORS
330
81E9
102
}
330
81E9
100
AcDbVisualStyle
  2
Brighten
 70
    12
177
     3
291
     1
 70
    58
 90
        2
176
     1
 90
        2
176
     1
 90
        0
176
     1
 90
        0
176
     1
 40
0.6
176
     1
 40
30.0
176
     1
 62
     7
176
     1
 90
        1
176
     1
 90
        4
176
     1
 62
     7
176
     1
 62
   257
176
     1
 90
        1
176
     1
 90
        1
176
     1
 40
1.0
176
     1
 90
        8
176
     1
 62
     7
176
     1
 40
1.0
176
     1
 90
        1
176
     1
 90
        6
176
     1
 90
        2
176
     1
 62
     7
176
     1
 90
        5
176
     1
 90
        0
176
     1
 90
        0
176
     1
290
     0
176
     1
 90
        1
176
     1
 40
50.0
176
     1
 90
        0
176
     1
290
     0
176
     1
290
     1
176
     1
290
     1
176
     1
290
     0
176
     1
290
     0
176
     1
290
     0
176
     1
290
     0
176
     1
290
     0
176
     1
290
     0
176
     1
 90
       50
176
     1
 40
0.0
176
     1
 40
1.0
176
     1
 90
        0
176
     1
 62
    18
420
        0
176
     1
 90
       50
176
     1
 90
        3
176
     1
 62
     5
420
      255
176
     1
290
     0
176
     1
 90
       50
176
     1
 90
       50
176
     1
 90
       50
176
     1
290
     0
176
     1
 90
       50
176
     1
 62
   256
176
     0
 40
1.0
176
     0
 90
        2
176
     1
  1
strokes_ogs.tif
176
     1
290
     0
176
     1
 40
1.0
176
     1
 40
1.0
176
     1
  0
VISUALSTYLE
  5
81F9
102
{ACAD_REACTORS
330
81E9
102
}
330
81E9
100
AcDbVisualStyle
  2
ColorChange
 70
    16
177
     3
291
     1
 70
    58
 90
        2
176
     1
 90
        2
176
     1
 90
        3
176
     1
 90
        0
176
     1
 40
0.6
176
     1
 40
30.0
176
     1
 62
     8
176
     1
 90
        1
176
     1
 90
        4
176
     1
 62
     7
176
     1
 62
   257
176
     1
 90
        1
176
     1
 90
        1
176
     1
 40
1.0
176
     1
 90
        8
176
     1
 62
     8
176
     1
 40
1.0
176
     1
 90
        1
176
     1
 90
        6
176
     1
 90
        2
176
     1
 62
     7
176
     1
 90
        5
176
     1
 90
        0
176
     1
 90
        0
176
     1
290
     0
176
     1
 90
        1
176
     1
 40
0.0
176
     1
 90
        0
176
     1
290
     0
176
     1
290
     1
176
     1
290
     1
176
     1
290
     0
176
     1
290
     0
176
     1
290
     0
176
     1
290
     0
176
     1
290
     0
176
     1
290
     0
176
     1
 90
       50
176
     1
 40
0.0
176
     1
 40
1.0
176
     1
 90
        0
176
     1
 62
    18
420
        0
176
     1
 90
       50
176
     1
 90
        3
176
     1
 62
     5
420
      255
176
     1
290
     0
176
     1
 90
       50
176
     1
 90
       50
176
     1
 90
       50
176
     1
290
     0
176
     1
 90
       50
176
     1
 62
   256
176
     0
 40
1.0
176
     0
 90
        2
176
     1
  1
strokes_ogs.tif
176
     1
290
     0
176
     1
 40
1.0
176
     1
 40
1.0
176
     1
  0
VISUALSTYLE
  5
81F2
102
{ACAD_REACTORS
330
81E9
102
}
330
81E9
100
AcDbVisualStyle
  2
Conceptual
 70
     9
177
     3
291
     0
 70
    58
 90
        3
176
     1
 90
        2
176
     1
 90
        0
176
     1
 90
        0
176
     1
 40
0.6
176
     1
 40
30.0
176
     1
 62
     7
176
     1
 90
        2
176
     1
 90
        2
176
     1
 62
     7
176
     1
 62
   257
176
     1
 90
        1
176
     1
 90
        1
176
     1
 40
40.0
176
     1
 90
        8
176
     1
 62
     7
176
     1
 40
1.0
176
     1
 90
        1
176
     1
 90
        6
176
     1
 90
        2
176
     1
 62
     7
176
     1
 90
        3
176
     1
 90
        0
176
     1
 90
        0
176
     1
290
     0
176
     1
 90
        1
176
     1
 40
0.0
176
     1
 90
        0
176
     1
290
     0
176
     1
290
     1
176
     1
290
     1
176
     1
290
     0
176
     1
290
     0
176
     1
290
     0
176
     1
290
     0
176
     1
290
     0
176
     1
290
     0
176
     1
 90
       50
176
     1
 40
0.0
176
     1
 40
1.0
176
     1
 90
        0
176
     1
 62
    18
420
        0
176
     1
 90
       50
176
     1
 90
        3
176
     1
 62
     5
420
      255
176
     1
290
     0
176
     1
 90
       50
176
     1
 90
       50
176
     1
 90
       50
176
     1
290
     0
176
     1
 90
       50
176
     1
 62
   256
176
     0
 40
1.0
176
     0
 90
        2
176
     1
  1
strokes_ogs.tif
176
     1
290
     0
176
     1
 40
1.0
176
     1
 40
1.0
176
     1
  0
VISUALSTYLE
  5
81F4
102
{ACAD_REACTORS
330
81E9
102
}
330
81E9
100
AcDbVisualStyle
  2
Dim
 70
    11
177
     3
291
     1
 70
    58
 90
        2
176
     1
 90
        2
176
     1
 90
        0
176
     1
 90
        0
176
     1
 40
0.6
176
     1
 40
30.0
176
     1
 62
     7
176
     1
 90
        1
176
     1
 90
        4
176
     1
 62
     7
176
     1
 62
   257
176
     1
 90
        1
176
     1
 90
        1
176
     1
 40
1.0
176
     1
 90
        8
176
     1
 62
     7
176
     1
 40
1.0
176
     1
 90
        1
176
     1
 90
        6
176
     1
 90
        2
176
     1
 62
     7
176
     1
 90
        5
176
     1
 90
        0
176
     1
 90
        0
176
     1
290
     0
176
     1
 90
        1
176
     1
 40
-50.0
176
     1
 90
        0
176
     1
290
     0
176
     1
290
     1
176
     1
290
     1
176
     1
290
     0
176
     1
290
     0
176
     1
290
     0
176
     1
290
     0
176
     1
290
     0
176
     1
290
     0
176
     1
 90
       50
176
     1
 40
0.0
176
     1
 40
1.0
176
     1
 90
        0
176
     1
 62
    18
420
        0
176
     1
 90
       50
176
     1
 90
        3
176
     1
 62
     5
420
      255
176
     1
290
     0
176
     1
 90
       50
176
     1
 90
       50
176
     1
 90
       50
176
     1
290
     0
176
     1
 90
       50
176
     1
 62
   256
176
     0
 40
1.0
176
     0
 90
        2
176
     1
  1
strokes_ogs.tif
176
     1
290
     0
176
     1
 40
1.0
176
     1
 40
1.0
176
     1
  0
VISUALSTYLE
  5
8893
102
{ACAD_REACTORS
330
81E9
102
}
330
81E9
100
AcDbVisualStyle
  2
EdgeColorOff
 70
    22
177
     3
291
     1
 70
    58
 90
        2
176
     0
 90
        2
176
     0
 90
        0
176
     0
 90
        0
176
     0
 40
0.6
176
     0
 40
30.0
176
     0
 62
     7
420
 16777215
176
     0
 90
        1
176
     0
 90
        4
176
     0
 62
     7
176
     0
 62
   257
176
     0
 90
        1
176
     0
 90
        1
176
     0
 40
1.0
176
     0
 90
        8
176
     2
 62
     7
176
     0
 40
1.0
176
     0
 90
        1
176
     0
 90
        6
176
     0
 90
        2
176
     0
 62
     7
176
     0
 90
        5
176
     0
 90
        0
176
     0
 90
        0
176
     0
290
     0
176
     0
 90
        1
176
     0
 40
0.0
176
     0
 90
        0
176
     0
290
     0
176
     1
290
     1
176
     1
290
     1
176
     1
290
     0
176
     1
290
     0
176
     1
290
     0
176
     1
290
     0
176
     1
290
     0
176
     1
290
     0
176
     1
 90
       50
176
     1
 40
0.0
176
     1
 40
1.0
176
     1
 90
        0
176
     1
 62
    18
420
        0
176
     1
 90
       50
176
     1
 90
        3
176
     1
 62
     5
420
      255
176
     1
290
     0
176
     1
 90
       50
176
     1
 90
       50
176
     1
 90
       50
176
     1
290
     0
176
     1
 90
       50
176
     1
 62
   256
176
     0
 40
1.0
176
     0
 90
        2
176
     1
  1
strokes_ogs.tif
176
     1
290
     0
176
     1
 40
1.0
176
     1
 40
1.0
176
     1
  0
VISUALSTYLE
  5
81F8
102
{ACAD_REACTORS
330
81E9
102
}
330
81E9
100
AcDbVisualStyle
  2
Facepattern
 70
    15
177
     3
291
     1
 70
    58
 90
        2
176
     1
 90
        2
176
     1
 90
        0
176
     1
 90
        0
176
     1
 40
0.6
176
     1
 40
30.0
176
     1
 62
     7
176
     1
 90
        1
176
     1
 90
        4
176
     1
 62
     7
176
     1
 62
   257
176
     1
 90
        1
176
     1
 90
        1
176
     1
 40
1.0
176
     1
 90
        8
176
     1
 62
     7
176
     1
 40
1.0
176
     1
 90
        1
176
     1
 90
        6
176
     1
 90
        2
176
     1
 62
     7
176
     1
 90
        5
176
     1
 90
        0
176
     1
 90
        0
176
     1
290
     0
176
     1
 90
        1
176
     1
 40
0.0
176
     1
 90
        0
176
     1
290
     0
176
     1
290
     1
176
     1
290
     1
176
     1
290
     0
176
     1
290
     0
176
     1
290
     0
176
     1
290
     0
176
     1
290
     0
176
     1
290
     0
176
     1
 90
       50
176
     1
 40
0.0
176
     1
 40
1.0
176
     1
 90
        0
176
     1
 62
    18
420
        0
176
     1
 90
       50
176
     1
 90
        3
176
     1
 62
     5
420
      255
176
     1
290
     0
176
     1
 90
       50
176
     1
 90
       50
176
     1
 90
       50
176
     1
290
     0
176
     1
 90
       50
176
     1
 62
   256
176
     0
 40
1.0
176
     0
 90
        2
176
     1
  1
strokes_ogs.tif
176
     1
290
     0
176
     1
 40
1.0
176
     1
 40
1.0
176
     1
  0
VISUALSTYLE
  5
81EA
102
{ACAD_REACTORS
330
81E9
102
}
330
81E9
100
AcDbVisualStyle
  2
Flat
 70
     0
177
     3
291
     1
 70
    58
 90
        2
176
     1
 90
        1
176
     1
 90
        1
176
     1
 90
        2
176
     1
 40
0.6
176
     1
 40
30.0
176
     1
 62
     7
176
     1
 90
        0
176
     1
 90
        4
176
     1
 62
     7
176
     1
 62
   257
176
     1
 90
        1
176
     1
 90
        1
176
     1
 40
1.0
176
     1
 90
        8
176
     1
 62
     7
176
     1
 40
1.0
176
     1
 90
        1
176
     1
 90
        6
176
     1
 90
        2
176
     1
 62
     7
176
     1
 90
        5
176
     1
 90
        0
176
     1
 90
        0
176
     1
290
     0
176
     1
 90
       13
176
     1
 40
0.0
176
     1
 90
        0
176
     1
290
     0
176
     1
290
     1
176
     1
290
     1
176
     1
290
     0
176
     1
290
     0
176
     1
290
     0
176
     1
290
     0
176
     1
290
     0
176
     1
290
     0
176
     1
 90
       50
176
     1
 40
0.0
176
     1
 40
1.0
176
     1
 90
        0
176
     1
 62
    18
420
        0
176
     1
 90
       50
176
     1
 90
        3
176
     1
 62
     5
420
      255
176
     1
290
     0
176
     1
 90
       50
176
     1
 90
       50
176
     1
 90
       50
176
     1
290
     0
176
     1
 90
       50
176
     1
 62
   256
176
     0
 40
1.0
176
     0
 90
        2
176
     1
  1
strokes_ogs.tif
176
     1
290
     0
176
     1
 40
1.0
176
     1
 40
1.0
176
     1
  0
VISUALSTYLE
  5
81EB
102
{ACAD_REACTORS
330
81E9
102
}
330
81E9
100
AcDbVisualStyle
  2
FlatWithEdges
 70
     1
177
     3
291
     1
 70
    58
 90
        2
176
     1
 90
        1
176
     1
 90
        1
176
     1
 90
        2
176
     1
 40
0.6
176
     1
 40
30.0
176
     1
 62
     7
176
     1
 90
        1
176
     1
 90
        4
176
     1
 62
     7
176
     1
 62
   257
176
     1
 90
        1
176
     1
 90
        1
176
     1
 40
1.0
176
     1
 90
        0
176
     1
 62
   257
176
     1
 40
1.0
176
     1
 90
        1
176
     1
 90
        6
176
     1
 90
        2
176
     1
 62
     7
176
     1
 90
        5
176
     1
 90
        0
176
     1
 90
        0
176
     1
290
     0
176
     1
 90
       13
176
     1
 40
0.0
176
     1
 90
        0
176
     1
290
     0
176
     1
290
     1
176
     1
290
     1
176
     1
290
     0
176
     1
290
     0
176
     1
290
     0
176
     1
290
     0
176
     1
290
     0
176
     1
290
     0
176
     1
 90
       50
176
     1
 40
0.0
176
     1
 40
1.0
176
     1
 90
        0
176
     1
 62
    18
420
        0
176
     1
 90
       50
176
     1
 90
        3
176
     1
 62
     5
420
      255
176
     1
290
     0
176
     1
 90
       50
176
     1
 90
       50
176
     1
 90
       50
176
     1
290
     0
176
     1
 90
       50
176
     1
 62
   256
176
     0
 40
1.0
176
     0
 90
        2
176
     1
  1
strokes_ogs.tif
176
     1
290
     0
176
     1
 40
1.0
176
     1
 40
1.0
176
     1
  0
VISUALSTYLE
  5
81EC
102
{ACAD_REACTORS
330
81E9
102
}
330
81E9
100
AcDbVisualStyle
  2
Gouraud
 70
     2
177
     3
291
     1
 70
    58
 90
        2
176
     1
 90
        2
176
     1
 90
        1
176
     1
 90
        2
176
     1
 40
0.6
176
     1
 40
30.0
176
     1
 62
     7
176
     1
 90
        0
176
     1
 90
        4
176
     1
 62
     7
176
     1
 62
   257
176
     1
 90
        1
176
     1
 90
        1
176
     1
 40
1.0
176
     1
 90
        0
176
     1
 62
     7
176
     1
 40
1.0
176
     1
 90
        1
176
     1
 90
        6
176
     1
 90
        2
176
     1
 62
     7
176
     1
 90
        5
176
     1
 90
        0
176
     1
 90
        0
176
     1
290
     0
176
     1
 90
       13
176
     1
 40
0.0
176
     1
 90
        0
176
     1
290
     0
176
     1
290
     1
176
     1
290
     1
176
     1
290
     0
176
     1
290
     0
176
     1
290
     0
176
     1
290
     0
176
     1
290
     0
176
     1
290
     0
176
     1
 90
       50
176
     1
 40
0.0
176
     1
 40
1.0
176
     1
 90
        0
176
     1
 62
    18
420
        0
176
     1
 90
       50
176
     1
 90
        3
176
     1
 62
     5
420
      255
176
     1
290
     0
176
     1
 90
       50
176
     1
 90
       50
176
     1
 90
       50
176
     1
290
     0
176
     1
 90
       50
176
     1
 62
   256
176
     0
 40
1.0
176
     0
 90
        2
176
     1
  1
strokes_ogs.tif
176
     1
290
     0
176
     1
 40
1.0
176
     1
 40
1.0
176
     1
  0
VISUALSTYLE
  5
81ED
102
{ACAD_REACTORS
330
81E9
102
}
330
81E9
100
AcDbVisualStyle
  2
GouraudWithEdges
 70
     3
177
     3
291
     1
 70
    58
 90
        2
176
     1
 90
        2
176
     1
 90
        1
176
     1
 90
        2
176
     1
 40
0.6
176
     1
 40
30.0
176
     1
 62
     7
176
     1
 90
        1
176
     1
 90
        4
176
     1
 62
     7
176
     1
 62
   257
176
     1
 90
        1
176
     1
 90
        1
176
     1
 40
1.0
176
     1
 90
        0
176
     1
 62
   257
176
     1
 40
1.0
176
     1
 90
        1
176
     1
 90
        6
176
     1
 90
        2
176
     1
 62
     7
176
     1
 90
        5
176
     1
 90
        0
176
     1
 90
        0
176
     1
290
     0
176
     1
 90
       13
176
     1
 40
0.0
176
     1
 90
        0
176
     1
290
     0
176
     1
290
     1
176
     1
290
     1
176
     1
290
     0
176
     1
290
     0
176
     1
290
     0
176
     1
290
     0
176
     1
290
     0
176
     1
290
     0
176
     1
 90
       50
176
     1
 40
0.0
176
     1
 40
1.0
176
     1
 90
        0
176
     1
 62
    18
420
        0
176
     1
 90
       50
176
     1
 90
        3
176
     1
 62
     5
420
      255
176
     1
290
     0
176
     1
 90
       50
176
     1
 90
       50
176
     1
 90
       50
176
     1
290
     0
176
     1
 90
       50
176
     1
 62
   256
176
     0
 40
1.0
176
     0
 90
        2
176
     1
  1
strokes_ogs.tif
176
     1
290
     0
176
     1
 40
1.0
176
     1
 40
1.0
176
     1
  0
VISUALSTYLE
  5
888B
102
{ACAD_REACTORS
330
81E9
102
}
330
81E9
100
AcDbVisualStyle
  2
Hidden
 70
     6
177
     3
291
     0
 70
    58
 90
        1
176
     1
 90
        2
176
     1
 90
        2
176
     1
 90
        0
176
     1
 40
0.6
176
     1
 40
30.0
176
     1
 62
     7
420
 16777215
176
     1
 90
        2
176
     1
 90
        2
176
     1
 62
     7
176
     1
 62
   257
176
     1
 90
        2
176
     1
 90
        1
176
     1
 40
40.0
176
     1
 90
        0
176
     1
 62
   257
176
     1
 40
1.0
176
     1
 90
        1
176
     1
 90
        6
176
     1
 90
        2
176
     1
 62
     7
176
     1
 90
        3
176
     1
 90
        0
176
     1
 90
        0
176
     1
290
     0
176
     1
 90
        1
176
     1
 40
0.0
176
     1
 90
        0
176
     1
290
     0
176
     1
290
     1
176
     1
290
     1
176
     1
290
     0
176
     1
290
     0
176
     1
290
     0
176
     1
290
     0
176
     1
290
     0
176
     1
290
     0
176
     1
 90
       50
176
     1
 40
0.0
176
     1
 40
1.0
176
     1
 90
        0
176
     1
 62
    18
420
        0
176
     1
 90
       50
176
     1
 90
        3
176
     1
 62
     5
420
      255
176
     1
290
     0
176
     1
 90
       50
176
     1
 90
       50
176
     1
 90
       50
176
     1
290
     0
176
     1
 90
       50
176
     1
 62
   256
176
     0
 40
1.0
176
     0
 90
        2
176
     1
  1
strokes_ogs.tif
176
     1
290
     0
176
     1
 40
1.0
176
     1
 40
1.0
176
     1
  0
VISUALSTYLE
  5
8891
102
{ACAD_REACTORS
330
81E9
102
}
330
81E9
100
AcDbVisualStyle
  2
JitterOff
 70
    20
177
     3
291
     1
 70
    58
 90
        2
176
     0
 90
        2
176
     0
 90
        0
176
     0
 90
        0
176
     0
 40
0.6
176
     0
 40
30.0
176
     0
 62
     7
420
 16777215
176
     0
 90
        1
176
     0
 90
        4
176
     0
 62
     7
176
     0
 62
   257
176
     0
 90
        1
176
     0
 90
        1
176
     0
 40
1.0
176
     0
 90
       10
176
     2
 62
     7
176
     0
 40
1.0
176
     0
 90
        1
176
     0
 90
        6
176
     0
 90
        2
176
     0
 62
     7
176
     0
 90
        5
176
     0
 90
        0
176
     0
 90
        0
176
     0
290
     0
176
     0
 90
        1
176
     0
 40
0.0
176
     0
 90
        0
176
     0
290
     0
176
     1
290
     1
176
     1
290
     1
176
     1
290
     0
176
     1
290
     0
176
     1
290
     0
176
     1
290
     0
176
     1
290
     0
176
     1
290
     0
176
     1
 90
       50
176
     1
 40
0.0
176
     1
 40
1.0
176
     1
 90
        0
176
     1
 62
    18
420
        0
176
     1
 90
       50
176
     1
 90
        3
176
     1
 62
     5
420
      255
176
     1
290
     0
176
     1
 90
       50
176
     1
 90
       50
176
     1
 90
       50
176
     1
290
     0
176
     1
 90
       50
176
     1
 62
   256
176
     0
 40
1.0
176
     0
 90
        2
176
     1
  1
strokes_ogs.tif
176
     1
290
     0
176
     1
 40
1.0
176
     1
 40
1.0
176
     1
  0
VISUALSTYLE
  5
81F7
102
{ACAD_REACTORS
330
81E9
102
}
330
81E9
100
AcDbVisualStyle
  2
Linepattern
 70
    14
177
     3
291
     1
 70
    58
 90
        2
176
     1
 90
        2
176
     1
 90
        0
176
     1
 90
        0
176
     1
 40
0.6
176
     1
 40
30.0
176
     1
 62
     7
176
     1
 90
        1
176
     1
 90
        4
176
     1
 62
     7
176
     1
 62
   257
176
     1
 90
        7
176
     1
 90
        7
176
     1
 40
1.0
176
     1
 90
        8
176
     1
 62
     7
176
     1
 40
1.0
176
     1
 90
        1
176
     1
 90
        6
176
     1
 90
        2
176
     1
 62
     7
176
     1
 90
        5
176
     1
 90
        0
176
     1
 90
        0
176
     1
290
     0
176
     1
 90
        1
176
     1
 40
0.0
176
     1
 90
        0
176
     1
290
     0
176
     1
290
     1
176
     1
290
     1
176
     1
290
     0
176
     1
290
     0
176
     1
290
     0
176
     1
290
     0
176
     1
290
     0
176
     1
290
     0
176
     1
 90
       50
176
     1
 40
0.0
176
     1
 40
1.0
176
     1
 90
        0
176
     1
 62
    18
420
        0
176
     1
 90
       50
176
     1
 90
        3
176
     1
 62
     5
420
      255
176
     1
290
     0
176
     1
 90
       50
176
     1
 90
       50
176
     1
 90
       50
176
     1
290
     0
176
     1
 90
       50
176
     1
 62
   256
176
     0
 40
1.0
176
     0
 90
        2
176
     1
  1
strokes_ogs.tif
176
     1
290
     0
176
     1
 40
1.0
176
     1
 40
1.0
176
     1
  0
VISUALSTYLE
  5
8892
102
{ACAD_REACTORS
330
81E9
102
}
330
81E9
100
AcDbVisualStyle
  2
OverhangOff
 70
    21
177
     3
291
     1
 70
    58
 90
        2
176
     0
 90
        2
176
     0
 90
        0
176
     0
 90
        0
176
     0
 40
0.6
176
     0
 40
30.0
176
     0
 62
     7
420
 16777215
176
     0
 90
        1
176
     0
 90
        4
176
     0
 62
     7
176
     0
 62
   257
176
     0
 90
        1
176
     0
 90
        1
176
     0
 40
1.0
176
     0
 90
        9
176
     2
 62
     7
176
     0
 40
1.0
176
     0
 90
        1
176
     0
 90
        6
176
     0
 90
        2
176
     0
 62
     7
176
     0
 90
        5
176
     0
 90
        0
176
     0
 90
        0
176
     0
290
     0
176
     0
 90
        1
176
     0
 40
0.0
176
     0
 90
        0
176
     0
290
     0
176
     1
290
     1
176
     1
290
     1
176
     1
290
     0
176
     1
290
     0
176
     1
290
     0
176
     1
290
     0
176
     1
290
     0
176
     1
290
     0
176
     1
 90
       50
176
     1
 40
0.0
176
     1
 40
1.0
176
     1
 90
        0
176
     1
 62
    18
420
        0
176
     1
 90
       50
176
     1
 90
        3
176
     1
 62
     5
420
      255
176
     1
290
     0
176
     1
 90
       50
176
     1
 90
       50
176
     1
 90
       50
176
     1
290
     0
176
     1
 90
       50
176
     1
 62
   256
176
     0
 40
1.0
176
     0
 90
        2
176
     1
  1
strokes_ogs.tif
176
     1
290
     0
176
     1
 40
1.0
176
     1
 40
1.0
176
     1
  0
VISUALSTYLE
  5
81F3
102
{ACAD_REACTORS
330
81E9
102
}
330
81E9
100
AcDbVisualStyle
  2
Realistic
 70
     8
177
     3
291
     0
 70
    58
 90
        2
176
     1
 90
        2
176
     1
 90
        0
176
     1
 90
        0
176
     1
 40
0.6
176
     1
 40
30.0
176
     1
 62
     7
176
     1
 90
        1
176
     1
 90
        0
176
     1
 62
     7
176
     1
 62
   257
176
     1
 90
        1
176
     1
 90
        1
176
     1
 40
1.0
176
     1
 90
        8
176
     1
 62
     8
176
     1
 40
1.0
176
     1
 90
        1
176
     1
 90
        6
176
     1
 90
        2
176
     1
 62
     7
176
     1
 90
        5
176
     1
 90
        0
176
     1
 90
        0
176
     1
290
     0
176
     1
 90
       13
176
     1
 40
0.0
176
     1
 90
        0
176
     1
290
     0
176
     1
290
     1
176
     1
290
     1
176
     1
290
     0
176
     1
290
     0
176
     1
290
     0
176
     1
290
     0
176
     1
290
     0
176
     1
290
     0
176
     1
 90
       50
176
     1
 40
0.0
176
     1
 40
1.0
176
     1
 90
        0
176
     1
 62
    18
420
        0
176
     1
 90
       50
176
     1
 90
        3
176
     1
 62
     5
420
      255
176
     1
290
     0
176
     1
 90
       50
176
     1
 90
       50
176
     1
 90
       50
176
     1
290
     0
176
     1
 90
       50
176
     1
 62
   256
176
     0
 40
1.0
176
     0
 90
        2
176
     1
  1
strokes_ogs.tif
176
     1
290
     0
176
     1
 40
1.0
176
     1
 40
1.0
176
     1
  0
VISUALSTYLE
  5
8890
102
{ACAD_REACTORS
330
81E9
102
}
330
81E9
100
AcDbVisualStyle
  2
Shaded
 70
    27
177
     3
291
     0
 70
    58
 90
        2
176
     1
 90
        2
176
     1
 90
        1
176
     1
 90
        2
176
     1
 40
0.6
176
     1
 40
30.0
176
     1
 62
     7
420
 16777215
176
     1
 90
        0
176
     1
 90
        4
176
     1
 62
     7
176
     1
 62
   257
176
     1
 90
        1
176
     1
 90
        1
176
     1
 40
1.0
176
     1
 90
        8
176
     1
 62
   257
176
     1
 40
1.0
176
     1
 90
        1
176
     1
 90
        6
176
     1
 90
        2
176
     1
 62
     8
420
  7895160
176
     1
 90
        3
176
     1
 90
        0
176
     1
 90
        0
176
     1
290
     0
176
     1
 90
        5
176
     1
 40
0.0
176
     1
 90
        0
176
     1
290
     0
176
     1
290
     1
176
     1
290
     1
176
     1
290
     0
176
     1
290
     0
176
     1
290
     0
176
     1
290
     0
176
     1
290
     0
176
     1
290
     0
176
     1
 90
       50
176
     1
 40
0.0
176
     1
 40
1.0
176
     1
 90
        0
176
     1
 62
    18
420
        0
176
     1
 90
       50
176
     1
 90
        3
176
     1
 62
     5
420
      255
176
     1
290
     0
176
     1
 90
       50
176
     1
 90
       50
176
     1
 90
       50
176
     1
290
     0
176
     1
 90
       50
176
     1
 62
   256
176
     0
 40
1.0
176
     0
 90
        2
176
     1
  1
strokes_ogs.tif
176
     1
290
     0
176
     1
 40
1.0
176
     1
 40
1.0
176
     1
  0
VISUALSTYLE
  5
888F
102
{ACAD_REACTORS
330
81E9
102
}
330
81E9
100
AcDbVisualStyle
  2
Shaded with edges
 70
    26
177
     3
291
     0
 70
    58
 90
        2
176
     1
 90
        2
176
     1
 90
        1
176
     1
 90
        2
176
     1
 40
0.6
176
     1
 40
30.0
176
     1
 62
     7
420
 16777215
176
     1
 90
        1
176
     1
 90
       10
176
     1
 62
     7
176
     1
 62
   257
176
     1
 90
        2
176
     1
 90
        1
176
     1
 40
1.0
176
     1
 90
        8
176
     1
 62
   257
176
     1
 40
1.0
176
     1
 90
        1
176
     1
 90
        6
176
     1
 90
        2
176
     1
 62
     7
176
     1
 90
        3
176
     1
 90
        0
176
     1
 90
        0
176
     1
290
     0
176
     1
 90
        5
176
     1
 40
0.0
176
     1
 90
        0
176
     1
290
     0
176
     1
290
     1
176
     1
290
     1
176
     1
290
     0
176
     1
290
     0
176
     1
290
     0
176
     1
290
     0
176
     1
290
     0
176
     1
290
     0
176
     1
 90
       50
176
     1
 40
0.0
176
     1
 40
1.0
176
     1
 90
        0
176
     1
 62
    18
420
        0
176
     1
 90
       50
176
     1
 90
        3
176
     1
 62
     5
420
      255
176
     1
290
     0
176
     1
 90
       50
176
     1
 90
       50
176
     1
 90
       50
176
     1
290
     0
176
     1
 90
       50
176
     1
 62
   256
176
     0
 40
1.0
176
     0
 90
        2
176
     1
  1
strokes_ogs.tif
176
     1
290
     0
176
     1
 40
1.0
176
     1
 40
1.0
176
     1
  0
VISUALSTYLE
  5
888C
102
{ACAD_REACTORS
330
81E9
102
}
330
81E9
100
AcDbVisualStyle
  2
Shades of Gray
 70
    23
177
     3
291
     0
 70
    58
 90
        2
176
     1
 90
        2
176
     1
 90
        3
176
     1
 90
        0
176
     1
 40
0.6
176
     1
 40
30.0
176
     1
 62
     7
420
 16777215
176
     1
 90
        2
176
     1
 90
        2
176
     1
 62
     7
176
     1
 62
     7
176
     1
 90
        1
176
     1
 90
        1
176
     1
 40
40.0
176
     1
 90
        8
176
     1
 62
     7
176
     1
 40
1.0
176
     1
 90
        1
176
     1
 90
        6
176
     1
 90
        2
176
     1
 62
     7
176
     1
 90
        3
176
     1
 90
        0
176
     1
 90
        0
176
     1
290
     0
176
     1
 90
        1
176
     1
 40
0.0
176
     1
 90
        0
176
     1
290
     0
176
     1
290
     1
176
     1
290
     1
176
     1
290
     0
176
     1
290
     0
176
     1
290
     0
176
     1
290
     0
176
     1
290
     0
176
     1
290
     0
176
     1
 90
       50
176
     1
 40
0.0
176
     1
 40
1.0
176
     1
 90
        0
176
     1
 62
    18
420
        0
176
     1
 90
       50
176
     1
 90
        3
176
     1
 62
     5
420
      255
176
     1
290
     0
176
     1
 90
       50
176
     1
 90
       50
176
     1
 90
       50
176
     1
290
     0
176
     1
 90
       50
176
     1
 62
   256
176
     0
 40
1.0
176
     0
 90
        2
176
     1
  1
strokes_ogs.tif
176
     1
290
     0
176
     1
 40
1.0
176
     1
 40
1.0
176
     1
  0
VISUALSTYLE
  5
888D
102
{ACAD_REACTORS
330
81E9
102
}
330
81E9
100
AcDbVisualStyle
  2
Sketchy
 70
    24
177
     3
291
     0
 70
    58
 90
        1
176
     1
 90
        2
176
     1
 90
        2
176
     1
 90
        0
176
     1
 40
0.6
176
     1
 40
30.0
176
     1
 62
     7
420
 16777215
176
     1
 90
        2
176
     1
 90
        2
176
     1
 62
     7
176
     1
 62
     7
176
     1
 90
        1
176
     1
 90
        1
176
     1
 40
40.0
176
     1
 90
       11
176
     1
 62
     7
176
     1
 40
1.0
176
     1
 90
        1
176
     1
 90
        6
176
     1
 90
        2
176
     1
 62
     7
176
     1
 90
        6
176
     1
 90
        0
176
     1
 90
        0
176
     1
290
     0
176
     1
 90
        1
176
     1
 40
0.0
176
     1
 90
        0
176
     1
290
     0
176
     1
290
     1
176
     1
290
     1
176
     1
290
     0
176
     1
290
     0
176
     1
290
     0
176
     1
290
     0
176
     1
290
     0
176
     1
290
     0
176
     1
 90
       50
176
     1
 40
0.0
176
     1
 40
1.0
176
     1
 90
        0
176
     1
 62
    18
420
        0
176
     1
 90
       50
176
     1
 90
        3
176
     1
 62
     5
420
      255
176
     1
290
     0
176
     1
 90
       50
176
     1
 90
       50
176
     1
 90
       50
176
     1
290
     0
176
     1
 90
       50
176
     1
 62
   256
176
     0
 40
1.0
176
     0
 90
        2
176
     1
  1
strokes_ogs.tif
176
     1
290
     0
176
     1
 40
1.0
176
     1
 40
1.0
176
     1
  0
VISUALSTYLE
  5
81F6
102
{ACAD_REACTORS
330
81E9
102
}
330
81E9
100
AcDbVisualStyle
  2
Thicken
 70
    13
177
     3
291
     1
 70
    58
 90
        2
176
     1
 90
        2
176
     1
 90
        0
176
     1
 90
        0
176
     1
 40
0.6
176
     1
 40
30.0
176
     1
 62
     7
176
     1
 90
        1
176
     1
 90
        4
176
     1
 62
     7
176
     1
 62
   257
176
     1
 90
        1
176
     1
 90
        1
176
     1
 40
1.0
176
     1
 90
       12
176
     1
 62
     7
176
     1
 40
1.0
176
     1
 90
        1
176
     1
 90
        6
176
     1
 90
        2
176
     1
 62
     7
176
     1
 90
        5
176
     1
 90
        0
176
     1
 90
        0
176
     1
290
     0
176
     1
 90
        1
176
     1
 40
0.0
176
     1
 90
        0
176
     1
290
     0
176
     1
290
     1
176
     1
290
     1
176
     1
290
     0
176
     1
290
     0
176
     1
290
     0
176
     1
290
     0
176
     1
290
     0
176
     1
290
     0
176
     1
 90
       50
176
     1
 40
0.0
176
     1
 40
1.0
176
     1
 90
        0
176
     1
 62
    18
420
        0
176
     1
 90
       50
176
     1
 90
        3
176
     1
 62
     5
420
      255
176
     1
290
     0
176
     1
 90
       50
176
     1
 90
       50
176
     1
 90
       50
176
     1
290
     0
176
     1
 90
       50
176
     1
 62
   256
176
     0
 40
1.0
176
     0
 90
        2
176
     1
  1
strokes_ogs.tif
176
     1
290
     0
176
     1
 40
1.0
176
     1
 40
1.0
176
     1
  0
VISUALSTYLE
  5
888A
102
{ACAD_REACTORS
330
81E9
102
}
330
81E9
100
AcDbVisualStyle
  2
Wireframe
 70
     5
177
     3
291
     0
 70
    58
 90
        0
176
     1
 90
        2
176
     1
 90
        0
176
     1
 90
        0
176
     1
 40
0.6
176
     1
 40
30.0
176
     1
 62
     7
420
 16777215
176
     1
 90
        1
176
     1
 90
        4
176
     1
 62
     7
176
     1
 62
   257
176
     1
 90
        1
176
     1
 90
        1
176
     1
 40
1.0
176
     1
 90
        0
176
     1
 62
   257
176
     1
 40
1.0
176
     1
 90
        1
176
     1
 90
        6
176
     1
 90
        2
176
     1
 62
     7
176
     1
 90
        3
176
     1
 90
        0
176
     1
 90
        0
176
     1
290
     0
176
     1
 90
        1
176
     1
 40
0.0
176
     1
 90
        0
176
     1
290
     0
176
     1
290
     1
176
     1
290
     1
176
     1
290
     0
176
     1
290
     0
176
     1
290
     0
176
     1
290
     0
176
     1
290
     0
176
     1
290
     0
176
     1
 90
       50
176
     1
 40
0.0
176
     1
 40
1.0
176
     1
 90
        0
176
     1
 62
    18
420
        0
176
     1
 90
       50
176
     1
 90
        3
176
     1
 62
     5
420
      255
176
     1
290
     0
176
     1
 90
       50
176
     1
 90
       50
176
     1
 90
       50
176
     1
290
     0
176
     1
 90
       50
176
     1
 62
   256
176
     0
 40
1.0
176
     0
 90
        2
176
     1
  1
strokes_ogs.tif
176
     1
290
     0
176
     1
 40
1.0
176
     1
 40
1.0
176
     1
  0
VISUALSTYLE
  5
888E
102
{ACAD_REACTORS
330
81E9
102
}
330
81E9
100
AcDbVisualStyle
  2
X-Ray
 70
    25
177
     3
291
     0
 70
    58
 90
        2
176
     1
 90
        2
176
     1
 90
        1
176
     1
 90
        1
176
     1
 40
0.5
176
     1
 40
30.0
176
     1
 62
     7
420
 16777215
176
     1
 90
        1
176
     1
 90
        0
176
     1
 62
     7
176
     1
 62
   257
176
     1
 90
        1
176
     1
 90
        1
176
     1
 40
1.0
176
     1
 90
        8
176
     1
 62
     7
176
     1
 40
1.0
176
     1
 90
        1
176
     1
 90
        6
176
     1
 90
        2
176
     1
 62
     7
176
     1
 90
        3
176
     1
 90
        0
176
     1
 90
        0
176
     1
290
     0
176
     1
 90
       13
176
     1
 40
0.0
176
     1
 90
        0
176
     1
290
     0
176
     1
290
     1
176
     1
290
     1
176
     1
290
     0
176
     1
290
     0
176
     1
290
     0
176
     1
290
     0
176
     1
290
     0
176
     1
290
     0
176
     1
 90
       50
176
     1
 40
0.0
176
     1
 40
1.0
176
     1
 90
        0
176
     1
 62
    18
420
        0
176
     1
 90
       50
176
     1
 90
        3
176
     1
 62
     5
420
      255
176
     1
290
     0
176
     1
 90
       50
176
     1
 90
       50
176
     1
 90
       50
176
     1
290
     0
176
     1
 90
       50
176
     1
 62
   256
176
     0
 40
1.0
176
     0
 90
        2
176
     1
  1
strokes_ogs.tif
176
     1
290
     0
176
     1
 40
1.0
176
     1
 40
1.0
176
     1
  0
DICTIONARYVAR
  5
82C6
102
{ACAD_REACTORS
330
55
102
}
330
55
100
DictionaryVariables
280
     0
  1
1:1
  0
DICTIONARYVAR
  5
82C4
102
{ACAD_REACTORS
330
55
102
}
330
55
100
DictionaryVariables
280
     0
  1
STANDARD
  0
DICTIONARYVAR
  5
926
102
{ACAD_REACTORS
330
55
102
}
330
55
100
DictionaryVariables
280
     0
  1
STANDARD
  0
DICTIONARYVAR
  5
88E9
102
{ACAD_REACTORS
330
55
102
}
330
55
100
DictionaryVariables
280
     0
  1
Metric50
  0
DICTIONARYVAR
  5
88EA
102
{ACAD_REACTORS
330
55
102
}
330
55
100
DictionaryVariables
280
     0
  1
Metric50
  0
DICTIONARYVAR
  5
8888
102
{ACAD_REACTORS
330
55
102
}
330
55
100
DictionaryVariables
280
     0
  1
1
  0
DICTIONARYVAR
  5
56
102
{ACAD_REACTORS
330
55
102
}
330
55
100
DictionaryVariables
280
     0
  1
0
  0
DICTIONARYVAR
  5
88A7
102
{ACAD_REACTORS
330
55
102
}
330
55
100
DictionaryVariables
280
     0
  1
1
  0
DICTIONARYVAR
  5
88A8
102
{ACAD_REACTORS
330
55
102
}
330
55
100
DictionaryVariables
280
     0
  1
15
  0
DICTIONARYVAR
  5
82C7
102
{ACAD_REACTORS
330
55
102
}
330
55
100
DictionaryVariables
280
     0
  1
0
  0
DICTIONARYVAR
  5
82C5
102
{ACAD_REACTORS
330
55
102
}
330
55
100
DictionaryVariables
280
     0
  1
0
  0
DICTIONARYVAR
  5
8887
102
{ACAD_REACTORS
330
55
102
}
330
55
100
DictionaryVariables
280
     0
  1
127
  0
DICTIONARY
  5
665
102
{ACAD_REACTORS
330
64
102
}
330
64
100
AcDbDictionary
281
     1
  0
XRECORD
  5
869
102
{ACAD_REACTORS
330
64
102
}
330
64
100
AcDbXrecord
280
     1
 90
-1023410169
  0
DICTIONARY
  5
88EE
330
88B2
100
AcDbDictionary
280
     1
281
     1
  3
ACAD_XREC_ROUNDTRIP
360
88EF
  0
DICTIONARY
  5
88EC
330
88B0
100
AcDbDictionary
280
     1
281
     1
  3
ACAD_XREC_ROUNDTRIP
360
88ED
  0
DICTIONARY
  5
82C1
330
812
100
AcDbDictionary
280
     1
281
     1
  3
ACAD_ROUNDTRIP_2008_TABLESTYLE_CELLSTYLEMAP
360
88EB
  0
XRECORD
  5
88EF
102
{ACAD_REACTORS
330
88EE
102
}
330
88EE
100
AcDbXrecord
280
     1
102
DISPLAYNAME
  1
Metric50
102
FLAGS
 90
        0
  0
XRECORD
  5
88ED
102
{ACAD_REACTORS
330
88EC
102
}
330
88EC
100
AcDbXrecord
280
     1
102
DISPLAYNAME
  1
Metric50
102
FLAGS
 90
        0
  0
CELLSTYLEMAP
  5
88EB
102
{ACAD_REACTORS
330
82C1
102
}
330
82C1
100
AcDbCellStyleMap
 90
        3
300
CELLSTYLE
  1
TABLEFORMAT_BEGIN
 90
        5
170
     1
 91
        0
 92
    32768
 62
   257
 93
        1
300
CONTENTFORMAT
  1
CONTENTFORMAT_BEGIN
 90
        0
 91
        0
 92
        4
 93
        0
300

 40
0.0
140
1.0
 94
        5
 62
     0
340
11
144
6.0
309
CONTENTFORMAT_END
171
     1
301
MARGIN
  1
CELLMARGIN_BEGIN
 40
1.5
 40
1.5
 40
1.5
 40
1.5
 40
0.18
 40
0.18
309
CELLMARGIN_END
 94
        6
 95
        1
302
GRIDFORMAT
  1
GRIDFORMAT_BEGIN
 90
        0
 91
        1
 62
     0
 92
       -2
340
0
 93
        0
 40
0.045
309
GRIDFORMAT_END
 95
        2
302
GRIDFORMAT
  1
GRIDFORMAT_BEGIN
 90
        0
 91
        1
 62
     0
 92
       -2
340
0
 93
        0
 40
0.045
309
GRIDFORMAT_END
 95
        4
302
GRIDFORMAT
  1
GRIDFORMAT_BEGIN
 90
        0
 91
        1
 62
     0
 92
       -2
340
0
 93
        0
 40
0.045
309
GRIDFORMAT_END
 95
        8
302
GRIDFORMAT
  1
GRIDFORMAT_BEGIN
 90
        0
 91
        1
 62
     0
 92
       -2
340
0
 93
        0
 40
0.045
309
GRIDFORMAT_END
 95
       16
302
GRIDFORMAT
  1
GRIDFORMAT_BEGIN
 90
        0
 91
        1
 62
     0
 92
       -2
340
0
 93
        0
 40
0.045
309
GRIDFORMAT_END
 95
       32
302
GRIDFORMAT
  1
GRIDFORMAT_BEGIN
 90
        0
 91
        1
 62
     0
 92
       -2
340
0
 93
        0
 40
0.045
309
GRIDFORMAT_END
309
TABLEFORMAT_END
  1
CELLSTYLE_BEGIN
 90
        1
 91
        1
300
_TITLE
309
CELLSTYLE_END
300
CELLSTYLE
  1
TABLEFORMAT_BEGIN
 90
        5
170
     1
 91
        0
 92
        0
 62
   257
 93
        1
300
CONTENTFORMAT
  1
CONTENTFORMAT_BEGIN
 90
        0
 91
        0
 92
        4
 93
        0
300

 40
0.0
140
1.0
 94
        5
 62
     0
340
11
144
4.5
309
CONTENTFORMAT_END
171
     1
301
MARGIN
  1
CELLMARGIN_BEGIN
 40
1.5
 40
1.5
 40
1.5
 40
1.5
 40
0.18
 40
0.18
309
CELLMARGIN_END
 94
        6
 95
        1
302
GRIDFORMAT
  1
GRIDFORMAT_BEGIN
 90
        0
 91
        1
 62
     0
 92
       -2
340
0
 93
        0
 40
0.045
309
GRIDFORMAT_END
 95
        2
302
GRIDFORMAT
  1
GRIDFORMAT_BEGIN
 90
        0
 91
        1
 62
     0
 92
       -2
340
0
 93
        0
 40
0.045
309
GRIDFORMAT_END
 95
        4
302
GRIDFORMAT
  1
GRIDFORMAT_BEGIN
 90
        0
 91
        1
 62
     0
 92
       -2
340
0
 93
        0
 40
0.045
309
GRIDFORMAT_END
 95
        8
302
GRIDFORMAT
  1
GRIDFORMAT_BEGIN
 90
        0
 91
        1
 62
     0
 92
       -2
340
0
 93
        0
 40
0.045
309
GRIDFORMAT_END
 95
       16
302
GRIDFORMAT
  1
GRIDFORMAT_BEGIN
 90
        0
 91
        1
 62
     0
 92
       -2
340
0
 93
        0
 40
0.045
309
GRIDFORMAT_END
 95
       32
302
GRIDFORMAT
  1
GRIDFORMAT_BEGIN
 90
        0
 91
        1
 62
     0
 92
       -2
340
0
 93
        0
 40
0.045
309
GRIDFORMAT_END
309
TABLEFORMAT_END
  1
CELLSTYLE_BEGIN
 90
        2
 91
        1
300
_HEADER
309
CELLSTYLE_END
300
CELLSTYLE
  1
TABLEFORMAT_BEGIN
 90
        5
170
     1
 91
        0
 92
        0
 62
   257
 93
        1
300
CONTENTFORMAT
  1
CONTENTFORMAT_BEGIN
 90
        0
 91
        0
 92
        4
 93
        0
300

 40
0.0
140
1.0
 94
        2
 62
     0
340
11
144
4.5
309
CONTENTFORMAT_END
171
     1
301
MARGIN
  1
CELLMARGIN_BEGIN
 40
1.5
 40
1.5
 40
1.5
 40
1.5
 40
0.18
 40
0.18
309
CELLMARGIN_END
 94
        6
 95
        1
302
GRIDFORMAT
  1
GRIDFORMAT_BEGIN
 90
        0
 91
        1
 62
     0
 92
       -2
340
0
 93
        0
 40
0.045
309
GRIDFORMAT_END
 95
        2
302
GRIDFORMAT
  1
GRIDFORMAT_BEGIN
 90
        0
 91
        1
 62
     0
 92
       -2
340
0
 93
        0
 40
0.045
309
GRIDFORMAT_END
 95
        4
302
GRIDFORMAT
  1
GRIDFORMAT_BEGIN
 90
        0
 91
        1
 62
     0
 92
       -2
340
0
 93
        0
 40
0.045
309
GRIDFORMAT_END
 95
        8
302
GRIDFORMAT
  1
GRIDFORMAT_BEGIN
 90
        0
 91
        1
 62
     0
 92
       -2
340
0
 93
        0
 40
0.045
309
GRIDFORMAT_END
 95
       16
302
GRIDFORMAT
  1
GRIDFORMAT_BEGIN
 90
        0
 91
        1
 62
     0
 92
       -2
340
0
 93
        0
 40
0.045
309
GRIDFORMAT_END
 95
       32
302
GRIDFORMAT
  1
GRIDFORMAT_BEGIN
 90
        0
 91
        1
 62
     0
 92
       -2
340
0
 93
        0
 40
0.045
309
GRIDFORMAT_END
309
TABLEFORMAT_END
  1
CELLSTYLE_BEGIN
 90
        3
 91
        2
300
_DATA
309
CELLSTYLE_END
  0
ENDSEC
  0
EOF
