  0
SECTION
  2
HEADER
  9
$ACADVER
  1
AC1027
  9
$ACADMAINTVER
 70
    83
  9
$DWGCODEPAGE
  3
ANSI_1252
  9
$LASTSAVEDBY
  1
uhlaender
  9
$CUSTOMPROPERTYTAG
  1
AmdtFileType
  9
$CUSTOMPROPERTY
  1
84
  9
$REQUIREDVERSIONS
160
                 0
  9
$INSBASE
 10
0.0
 20
0.0
 30
0.0
  9
$EXTMIN
 10
1533.717421170299
 20
-473.9858003955446
 30
-0.0000000349181948
  9
$EXTMAX
 10
2644.621449750979
 20
858.5913560374683
 30
0.0000000814935747
  9
$LIMMIN
 10
0.0
 20
0.0
  9
$LIMMAX
 10
420.0
 20
297.0
  9
$ORTHOMODE
 70
     1
  9
$REGENMODE
 70
     1
  9
$FILLMODE
 70
     1
  9
$QTEXTMODE
 70
     0
  9
$MIRRTEXT
 70
     1
  9
$LTSCALE
 40
10.0
  9
$ATTMODE
 70
     1
  9
$TEXTSIZE
 40
100.0
  9
$TRACEWID
 40
1.0
  9
$TEXTSTYLE
  7
Standard
  9
$CLAYER
  8
HALFEN
  9
$CELTYPE
  6
ByLayer
  9
$CECOLOR
 62
   256
  9
$CELTSCALE
 40
1.0
  9
$DISPSILH
 70
     0
  9
$DIMSCALE
 40
1.0
  9
$DIMASZ
 40
3.5
  9
$DIMEXO
 40
1.0
  9
$DIMDLI
 40
10.0
  9
$DIMRND
 40
0.0
  9
$DIMDLE
 40
0.0
  9
$DIMEXE
 40
1.0
  9
$DIMTP
 40
0.1
  9
$DIMTM
 40
0.1
  9
$DIMTXT
 40
3.5
  9
$DIMCEN
 40
0.0
  9
$DIMTSZ
 40
0.0
  9
$DIMTOL
 70
     0
  9
$DIMLIM
 70
     0
  9
$DIMTIH
 70
     0
  9
$DIMTOH
 70
     0
  9
$DIMSE1
 70
     0
  9
$DIMSE2
 70
     0
  9
$DIMTAD
 70
     1
  9
$DIMZIN
 70
     8
  9
$DIMBLK
  1

  9
$DIMASO
 70
     1
  9
$DIMSHO
 70
     1
  9
$DIMPOST
  1

  9
$DIMAPOST
  1
"
  9
$DIMALT
 70
     0
  9
$DIMALTD
 70
     2
  9
$DIMALTF
 40
0.0393701
  9
$DIMLFAC
 40
1.0
  9
$DIMTOFL
 70
     1
  9
$DIMTVP
 40
0.0
  9
$DIMTIX
 70
     0
  9
$DIMSOXD
 70
     0
  9
$DIMSAH
 70
     0
  9
$DIMBLK1
  1

  9
$DIMBLK2
  1

  9
$DIMSTYLE
  2
AM_DIN
  9
$DIMCLRD
 70
   256
  9
$DIMCLRE
 70
   256
  9
$DIMCLRT
 70
     2
  9
$DIMTFAC
 40
0.71
  9
$DIMGAP
 40
1.5
  9
$DIMJUST
 70
     0
  9
$DIMSD1
 70
     0
  9
$DIMSD2
 70
     0
  9
$DIMTOLJ
 70
     0
  9
$DIMTZIN
 70
     8
  9
$DIMALTZ
 70
     0
  9
$DIMALTTZ
 70
     0
  9
$DIMUPT
 70
     0
  9
$DIMDEC
 70
     2
  9
$DIMTDEC
 70
     3
  9
$DIMALTU
 70
     2
  9
$DIMALTTD
 70
     4
  9
$DIMTXSTY
  7
Standard
  9
$DIMAUNIT
 70
     0
  9
$DIMADEC
 70
     0
  9
$DIMALTRND
 40
0.0
  9
$DIMAZIN
 70
     2
  9
$DIMDSEP
 70
    46
  9
$DIMATFIT
 70
     3
  9
$DIMFRAC
 70
     0
  9
$DIMLDRBLK
  1

  9
$DIMLUNIT
 70
     2
  9
$DIMLWD
 70
    -1
  9
$DIMLWE
 70
    -1
  9
$DIMTMOVE
 70
     0
  9
$DIMFXL
 40
1.0
  9
$DIMFXLON
 70
     0
  9
$DIMJOGANG
 40
1.570796326794896
  9
$DIMTFILL
 70
     0
  9
$DIMTFILLCLR
 70
     0
  9
$DIMARCSYM
 70
     0
  9
$DIMLTYPE
  6
ByBlock
  9
$DIMLTEX1
  6
ByBlock
  9
$DIMLTEX2
  6
ByBlock
  9
$DIMTXTDIRECTION
 70
     0
  9
$LUNITS
 70
     2
  9
$LUPREC
 70
     2
  9
$SKETCHINC
 40
1.0
  9
$FILLETRAD
 40
1.0
  9
$AUNITS
 70
     0
  9
$AUPREC
 70
     0
  9
$MENU
  1
.
  9
$ELEVATION
 40
0.0
  9
$PELEVATION
 40
0.0
  9
$THICKNESS
 40
0.0
  9
$LIMCHECK
 70
     0
  9
$CHAMFERA
 40
5.0
  9
$CHAMFERB
 40
5.0
  9
$CHAMFERC
 40
20.0
  9
$CHAMFERD
 40
0.0
  9
$SKPOLY
 70
     0
  9
$TDCREATE
 40
2453956.495969688
  9
$TDUCREATE
 40
2453956.454303021
  9
$TDUPDATE
 40
2457763.477200428
  9
$TDUUPDATE
 40
2457763.435533762
  9
$TDINDWG
 40
1.8192342940
  9
$TDUSRTIMER
 40
1.8192342824
  9
$USRTIMER
 70
     1
  9
$ANGBASE
 50
0.0
  9
$ANGDIR
 70
     0
  9
$PDMODE
 70
    35
  9
$PDSIZE
 40
0.0
  9
$PLINEWID
 40
0.0
  9
$SPLFRAME
 70
     0
  9
$SPLINETYPE
 70
     6
  9
$SPLINESEGS
 70
     8
  9
$HANDSEED
  5
898D
  9
$SURFTAB1
 70
     6
  9
$SURFTAB2
 70
     6
  9
$SURFTYPE
 70
     6
  9
$SURFU
 70
     6
  9
$SURFV
 70
     6
  9
$UCSBASE
  2

  9
$UCSNAME
  2

  9
$UCSORG
 10
-383.022981508824
 20
-1939.285876251548
 30
0.0
  9
$UCSXDIR
 10
1.0
 20
0.0
 30
0.0
  9
$UCSYDIR
 10
0.0
 20
1.0
 30
0.0
  9
$UCSORTHOREF
  2

  9
$UCSORTHOVIEW
 70
     0
  9
$UCSORGTOP
 10
0.0
 20
0.0
 30
0.0
  9
$UCSORGBOTTOM
 10
0.0
 20
0.0
 30
0.0
  9
$UCSORGLEFT
 10
0.0
 20
0.0
 30
0.0
  9
$UCSORGRIGHT
 10
0.0
 20
0.0
 30
0.0
  9
$UCSORGFRONT
 10
0.0
 20
0.0
 30
0.0
  9
$UCSORGBACK
 10
0.0
 20
0.0
 30
0.0
  9
$PUCSBASE
  2

  9
$PUCSNAME
  2

  9
$PUCSORG
 10
0.0
 20
0.0
 30
0.0
  9
$PUCSXDIR
 10
1.0
 20
0.0
 30
0.0
  9
$PUCSYDIR
 10
0.0
 20
1.0
 30
0.0
  9
$PUCSORTHOREF
  2

  9
$PUCSORTHOVIEW
 70
     0
  9
$PUCSORGTOP
 10
0.0
 20
0.0
 30
0.0
  9
$PUCSORGBOTTOM
 10
0.0
 20
0.0
 30
0.0
  9
$PUCSORGLEFT
 10
0.0
 20
0.0
 30
0.0
  9
$PUCSORGRIGHT
 10
0.0
 20
0.0
 30
0.0
  9
$PUCSORGFRONT
 10
0.0
 20
0.0
 30
0.0
  9
$PUCSORGBACK
 10
0.0
 20
0.0
 30
0.0
  9
$USERI1
 70
     0
  9
$USERI2
 70
     0
  9
$USERI3
 70
     0
  9
$USERI4
 70
     0
  9
$USERI5
 70
     0
  9
$USERR1
 40
0.0
  9
$USERR2
 40
0.0
  9
$USERR3
 40
0.0
  9
$USERR4
 40
0.0
  9
$USERR5
 40
0.0
  9
$WORLDVIEW
 70
     1
  9
$SHADEDGE
 70
     3
  9
$SHADEDIF
 70
    70
  9
$TILEMODE
 70
     1
  9
$MAXACTVP
 70
    64
  9
$PINSBASE
 10
0.0
 20
0.0
 30
0.0
  9
$PLIMCHECK
 70
     0
  9
$PEXTMIN
 10
1.000000000000000E+20
 20
1.000000000000000E+20
 30
1.000000000000000E+20
  9
$PEXTMAX
 10
-1.000000000000000E+20
 20
-1.000000000000000E+20
 30
-1.000000000000000E+20
  9
$PLIMMIN
 10
0.0
 20
0.0
  9
$PLIMMAX
 10
420.0
 20
297.0
  9
$UNITMODE
 70
     0
  9
$VISRETAIN
 70
     1
  9
$PLINEGEN
 70
     0
  9
$PSLTSCALE
 70
     1
  9
$TREEDEPTH
 70
  3020
  9
$CMLSTYLE
  2
Standard
  9
$CMLJUST
 70
     0
  9
$CMLSCALE
 40
20.0
  9
$PROXYGRAPHICS
 70
     1
  9
$MEASUREMENT
 70
     1
  9
$CELWEIGHT
370
    -1
  9
$ENDCAPS
280
     0
  9
$JOINSTYLE
280
     0
  9
$LWDISPLAY
290
     0
  9
$INSUNITS
 70
     4
  9
$HYPERLINKBASE
  1

  9
$STYLESHEET
  1
HALFEN - PLOTSTIL.CTB
  9
$XEDIT
290
     1
  9
$CEPSNTYPE
380
     0
  9
$PSTYLEMODE
290
     1
  9
$FINGERPRINTGUID
  2
{9F40BC9C-79DC-4576-AA23-BA0832F73479}
  9
$VERSIONGUID
  2
{5CD09AEA-6BBE-40FE-8154-BBFA1E140D9B}
  9
$EXTNAMES
290
     1
  9
$PSVPSCALE
 40
0.0
  9
$OLESTARTUP
290
     0
  9
$SORTENTS
280
   127
  9
$INDEXCTL
280
     0
  9
$HIDETEXT
280
     0
  9
$XCLIPFRAME
280
     2
  9
$HALOGAP
280
     0
  9
$OBSCOLOR
 70
   257
  9
$OBSLTYPE
280
     0
  9
$INTERSECTIONDISPLAY
280
     0
  9
$INTERSECTIONCOLOR
 70
   257
  9
$DIMASSOC
280
     1
  9
$PROJECTNAME
  1

  9
$CAMERADISPLAY
290
     0
  9
$LENSLENGTH
 40
50.0
  9
$CAMERAHEIGHT
 40
0.0
  9
$STEPSPERSEC
 40
2.0
  9
$STEPSIZE
 40
6.0
  9
$3DDWFPREC
 40
2.0
  9
$PSOLWIDTH
 40
0.25
  9
$PSOLHEIGHT
 40
4.0
  9
$LOFTANG1
 40
1.570796326794896
  9
$LOFTANG2
 40
1.570796326794896
  9
$LOFTMAG1
 40
0.0
  9
$LOFTMAG2
 40
0.0
  9
$LOFTPARAM
 70
     7
  9
$LOFTNORMALS
280
     1
  9
$LATITUDE
 40
37.795
  9
$LONGITUDE
 40
-122.394
  9
$NORTHDIRECTION
 40
0.0
  9
$TIMEZONE
 70
 -8000
  9
$LIGHTGLYPHDISPLAY
280
     1
  9
$TILEMODELIGHTSYNCH
280
     1
  9
$CMATERIAL
347
81E6
  9
$SOLIDHIST
280
     0
  9
$SHOWHIST
280
     1
  9
$DWFFRAME
280
     2
  9
$DGNFRAME
280
     0
  9
$REALWORLDSCALE
290
     1
  9
$INTERFERECOLOR
 62
     1
  9
$INTERFEREOBJVS
345
81F3
  9
$INTERFEREVPVS
346
8926
  9
$CSHADOW
280
     0
  9
$SHADOWPLANELOCATION
 40
0.0
  0
ENDSEC
  0
SECTION
  2
CLASSES
  0
CLASS
  1
ACDBDICTIONARYWDFLT
  2
AcDbDictionaryWithDefault
  3
ObjectDBX Classes
 90
        0
 91
        1
280
     0
281
     0
  0
CLASS
  1
ACDBPLACEHOLDER
  2
AcDbPlaceHolder
  3
ObjectDBX Classes
 90
        0
 91
        1
280
     0
281
     0
  0
CLASS
  1
LAYOUT
  2
AcDbLayout
  3
ObjectDBX Classes
 90
        0
 91
        3
280
     0
281
     0
  0
CLASS
  1
ACME_DOCUMENT
  2
AcMeDbDoc
  3
AcMeServices
 90
     1024
 91
        1
280
     0
281
     0
  0
CLASS
  1
AMGSETTINGSOBJ
  2
AmgSettingsObj
  3
"AcadM|Product Description: AutoCAD Mechanical|Company: Autodesk, Inc."
 90
     1024
 91
        2
280
     0
281
     0
  0
CLASS
  1
ACMESCOPE
  2
AcMeScope
  3
AcMeServices
 90
     1024
 91
        1
280
     0
281
     0
  0
CLASS
  1
ACMECOMMANDHISTORY
  2
AcMeCommandHistory
  3
AcMeServices
 90
     1024
 91
        1
280
     0
281
     0
  0
CLASS
  1
DICTIONARYVAR
  2
AcDbDictionaryVar
  3
ObjectDBX Classes
 90
        0
 91
       12
280
     0
281
     0
  0
CLASS
  1
ACIMSYSVARMAN
  2
AcImSysVarManager
  3
AcMeServices
 90
     1024
 91
        4
280
     0
281
     0
  0
CLASS
  1
ACIMREALSYSVAR
  2
AcImRealSysVar
  3
AcMeServices
 90
     1024
 91
        0
280
     0
281
     0
  0
CLASS
  1
ACIMINTSYSVAR
  2
AcImIntSysVar
  3
AcMeServices
 90
     1024
 91
        2
280
     0
281
     0
  0
CLASS
  1
ACMEDRAWINGMAN
  2
AcMeDrawingMan
  3
AcMeServices
 90
     1024
 91
        0
280
     0
281
     0
  0
CLASS
  1
ACMEVIEW
  2
AcMeView
  3
AcMeServices
 90
     1024
 91
        0
280
     0
281
     0
  0
CLASS
  1
ACDBENTITYCACHE
  2
AcMeEntityCache
  3
AcMeServices
 90
     1024
 91
        1
280
     0
281
     0
  0
CLASS
  1
GSMANAGER
  2
AcMeGSManager
  3
AcMeServices
 90
     1024
 91
        0
280
     0
281
     0
  0
CLASS
  1
AMDTINTERNALREACTOR
  2
AmdtInternalReactor
  3
AcMeServices
 90
     1024
 91
        0
280
     0
281
     0
  0
CLASS
  1
ACMESTATEMGR
  2
AcMeStateMgr
  3
AcMeServices
 90
     1024
 91
        1
280
     0
281
     0
  0
CLASS
  1
ACME_DATABASE
  2
AcMeDbDatabase
  3
AcMeServices
 90
     1024
 91
        1
280
     0
281
     0
  0
CLASS
  1
ACRFINSADJUSTERMGR
  2
AcRfInsAdjusterMgr
  3
AcMeServices
 90
     1024
 91
        1
280
     0
281
     0
  0
CLASS
  1
ACMDATADICTIONARY
  2
AcmDataDictionary
  3
"AcmSymBB|Product Description: AutoCAD Mechanical|Company: Autodesk, Inc."
 90
     1024
 91
        1
280
     0
281
     0
  0
CLASS
  1
ACMDATAENTRYBLOCK
  2
AcmDataEntryBlock
  3
AcmSymBB|Product Description: AutoCAD Mechanical|Company: Autodesk, Inc.
 90
     1024
 91
        0
280
     0
281
     0
  0
CLASS
  1
AMGOBJPROPCFG
  2
AmgObjPropCfg
  3
"AmgLay|Product Description: AutoCAD Mechanical|Company: Autodesk, Inc."
 90
     1024
 91
        1
280
     0
281
     0
  0
CLASS
  1
ACAMGFILTERDAT
  2
AcAmgFilterDat
  3
"AcadM|Product Description: AutoCAD Mechanical|Company: Autodesk, Inc."
 90
     1024
 91
        0
280
     0
281
     0
  0
CLASS
  1
LAYER_INDEX
  2
AcDbLayerIndex
  3
ObjectDBX Classes
 90
        0
 91
        0
280
     0
281
     0
  0
CLASS
  1
IDBUFFER
  2
AcDbIdBuffer
  3
ObjectDBX Classes
 90
        0
 91
        0
280
     0
281
     0
  0
CLASS
  1
ACIMSTRSYSVAR
  2
AcImStrSysVar
  3
AcMeServices
 90
     1024
 91
        4
280
     0
281
     0
  0
CLASS
  1
ACMSTANDARDISO
  2
AcmStandardISO
  3
"Amdt_StdImp|Product Description: AutoCAD Mechanical|Company: Autodesk, Inc."
 90
     1024
 91
        0
280
     0
281
     0
  0
CLASS
  1
AMDTEDGESTANDARDISO
  2
AmdtEdgeStdISO
  3
"Amdt_StdImp|Product Description: AutoCAD Mechanical|Company: Autodesk, Inc."
 90
     1024
 91
        0
280
     0
281
     0
  0
CLASS
  1
ACMSURFSTANDARDISO
  2
AcmSurfTextStdISO
  3
"Amdt_StdImp|Product Description: AutoCAD Mechanical|Company: Autodesk, Inc."
 90
     1024
 91
        0
280
     0
281
     0
  0
CLASS
  1
ACMFCFSTANDARDISO
  2
AcmFCFStdISO
  3
"Amdt_StdImp|Product Description: AutoCAD Mechanical|Company: Autodesk, Inc."
 90
     1024
 91
        0
280
     0
281
     0
  0
CLASS
  1
ACMWELDSTANDARDISO
  2
AcmWeldingStdISO
  3
"Amdt_StdImp|Product Description: AutoCAD Mechanical|Company: Autodesk, Inc."
 90
     1024
 91
        0
280
     0
281
     0
  0
CLASS
  1
ACMIDSTANDARDISO
  2
AcmIdStdISO
  3
"Amdt_StdImp|Product Description: AutoCAD Mechanical|Company: Autodesk, Inc."
 90
     1024
 91
        0
280
     0
281
     0
  0
CLASS
  1
ACMDATUMSTANDARDISO
  2
AcmDatumStdISO
  3
"Amdt_StdImp|Product Description: AutoCAD Mechanical|Company: Autodesk, Inc."
 90
     1024
 91
        0
280
     0
281
     0
  0
CLASS
  1
ACMBOMSTANDARDISO
  2
AcmBOMStdISO
  3
"Amdt_StdImp|Product Description: AutoCAD Mechanical|Company: Autodesk, Inc."
 90
     1024
 91
        0
280
     0
281
     0
  0
CLASS
  1
AMDTNOTE
  2
AmdtNote
  3
"AcmSymBB|Product Description: AutoCAD Mechanical|Company: Autodesk, Inc."
 90
     1024
 91
        0
280
     0
281
     1
  0
CLASS
  1
STDPART2D
  2
AmgStdPart
  3
AmgStdPart|Product Description: AutoCAD Mechanical|Company: Autodesk, Inc.
 90
     1024
 91
        0
280
     0
281
     1
  0
CLASS
  1
TABLESTYLE
  2
AcDbTableStyle
  3
ObjectDBX Classes
 90
     4095
 91
        1
280
     0
281
     0
  0
CLASS
  1
ACGREFMASTER
  2
AcGrefMaster
  3
AcAttribServices
 90
     1024
 91
        1
280
     0
281
     0
  0
CLASS
  1
AM_DRAWING_MGR
  2
AcDmDwgMgr
  3
AcMechDwgViewMgmt
 90
     1024
 91
        0
280
     0
281
     0
  0
CLASS
  1
AM_DWG_DOCUMENT
  2
AcDmDwgDocument
  3
AcMechDwgViewMgmt
 90
     1024
 91
        0
280
     0
281
     0
  0
CLASS
  1
AM_DWG_SHEET
  2
AcDmSheet
  3
AcMechDwgViewMgmt
 90
     1024
 91
        0
280
     0
281
     0
  0
CLASS
  1
AM_VIEWDIMPARMAP
  2
AcDmViewDimParMap
  3
AcMechDwgViewMgmt
 90
     1024
 91
        0
280
     0
281
     0
  0
CLASS
  1
AM_DWGMGR_NAME
  2
AcDmDwgMgrName
  3
AcMechDwgViewMgmt
 90
     1024
 91
        0
280
     0
281
     0
  0
CLASS
  1
ACGREFACADMASTER
  2
AcGrefacadMaster
  3
AcGrefServices
 90
     1024
 91
        1
280
     0
281
     0
  0
CLASS
  1
AMDTMENUSTATEMGR
  2
AmdtMenuStateMgr
  3
McadcomServices
 90
     1024
 91
        1
280
     0
281
     0
  0
CLASS
  1
AMDTMCOMMENUSTATE
  2
AmdtMcomMenuState
  3
McadcomServices
 90
     1024
 91
        1
280
     0
281
     0
  0
CLASS
  1
AMIMASTER
  2
AmiMaster
  3
AmiServices
 90
     1024
 91
        1
280
     0
281
     0
  0
CLASS
  1
MAPIAMMOUDLE
  2
MApiAmModule
  3
MApiAmServices
 90
     1024
 91
        1
280
     0
281
     0
  0
CLASS
  1
AMDTADMENUSTATE
  2
AmdtAdMenuState
  3
DesignerServices
 90
     1024
 91
        0
280
     0
281
     0
  0
CLASS
  1
ADAPPL
  2
AcAdAppl
  3
DesignerAssemblies
 90
     1024
 91
        0
280
     0
281
     0
  0
CLASS
  1
DEPMGR
  2
AcAdDepMgr
  3
DesignerAssemblies
 90
     1024
 91
        0
280
     0
281
     0
  0
CLASS
  1
PARAMMGR
  2
AcAdParamMgr
  3
DesignerAssemblies
 90
     1024
 91
        0
280
     0
281
     0
  0
CLASS
  1
PARAMSCOPE
  2
AcAdParamScope
  3
DesignerAssemblies
 90
     1024
 91
        0
280
     0
281
     0
  0
CLASS
  1
NAMEDAPPL
  2
AcAdNamedAppl
  3
DesignerAssemblies
 90
     1024
 91
        0
280
     0
281
     0
  0
CLASS
  1
AMDTDMMENUSTATE
  2
AmdtDmMenuState
  3
AcMechDwgViewMgmt
 90
     1024
 91
        0
280
     0
281
     0
  0
CLASS
  1
AMDTAMMENUSTATE
  2
AmdtAmMenuState
  3
DesignerAssemblies
 90
     1024
 91
        1
280
     0
281
     0
  0
CLASS
  1
ACAMPROJECT
  2
AcAmProject
  3
DesignerAssemblies
 90
     1024
 91
        1
280
     0
281
     0
  0
CLASS
  1
ACAMGRCOMPDEF
  2
AcAmGrCompDef
  3
DesignerAssemblies
 90
     1024
 91
        1
280
     0
281
     0
  0
CLASS
  1
ACCMCONTEXT
  2
AcCmContext
  3
DesignerAssemblies
 90
     1024
 91
        0
280
     0
281
     0
  0
CLASS
  1
ACAMCOMPDEF
  2
AcAmCompDef
  3
DesignerAssemblies
 90
     1024
 91
        1
280
     0
281
     0
  0
CLASS
  1
ACAMCOMPDEFMGR
  2
AcAmCompDefMgr
  3
DesignerAssemblies
 90
     1024
 91
        1
280
     0
281
     0
  0
CLASS
  1
AMCONTEXTMGR
  2
AcAmContextMgr
  3
DesignerAssemblies
 90
     1024
 91
        1
280
     0
281
     0
  0
CLASS
  1
ACAMCONTEXTMODELER
  2
AcAmContextModeler
  3
DesignerAssemblies
 90
     1024
 91
        1
280
     0
281
     0
  0
CLASS
  1
ACAMGTITLESTD
  2
AcAmgTitleStd
  3
"AmgTitle|Product Description: AutoCAD Mechanical|Company: Autodesk, Inc."
 90
     1024
 91
        0
280
     0
281
     0
  0
CLASS
  1
ACMDETAILSTANDARDISO
  2
AmdtDetailSymStdISO
  3
"Amdt_StdImp|Product Description: AutoCAD Mechanical|Company: Autodesk, Inc."
 90
     1024
 91
        0
280
     0
281
     0
  0
CLASS
  1
ACMSECTIONSTANDARDISO
  2
AmdtSectionSymStdISO
  3
"Amdt_StdImp|Product Description: AutoCAD Mechanical|Company: Autodesk, Inc."
 90
     1024
 91
        0
280
     0
281
     0
  0
CLASS
  1
ACMCENTERLINESTANDARDISO
  2
AmdtCenterLineStdISO
  3
"Amdt_StdImp|Product Description: AutoCAD Mechanical|Company: Autodesk, Inc."
 90
     1024
 91
        0
280
     0
281
     0
  0
CLASS
  1
ACMTHREADLINESTANDARDISO
  2
AmdtThreadLineStdISO
  3
"Amdt_StdImp|Product Description: AutoCAD Mechanical|Company: Autodesk, Inc."
 90
     1024
 91
        0
280
     0
281
     0
  0
CLASS
  1
ACMNOTESTANDARDISO
  2
AmdtNoteStdISO
  3
"Amdt_StdImp|Product Description: AutoCAD Mechanical|Company: Autodesk, Inc."
 90
     1024
 91
        0
280
     0
281
     0
  0
CLASS
  1
AMDTNOTETEMPLATEDB
  2
AmdtNoteTemplateDB
  3
AcmSymBB|Product Description: AutoCAD Mechanical|Company: Autodesk, Inc.
 90
     1024
 91
        0
280
     0
281
     0
  0
CLASS
  1
ACAMGLAYSTD
  2
AcAmgLayStd
  3
"AmgLay|Product Description: AutoCAD Mechanical|Company: Autodesk, Inc."
 90
     1024
 91
        0
280
     0
281
     0
  0
CLASS
  1
ACAMGDIMSTD
  2
AcAmgDimStd
  3
"AmgDim|Product Description: AutoCAD Mechanical|Company: Autodesk, Inc."
 90
     1024
 91
        0
280
     0
281
     0
  0
CLASS
  1
ACAMGHOLECHARTSTDISO
  2
AcAmgHoleChartStdISO
  3
AmgDim|Product Description: AutoCAD Mechanical|Company: Autodesk, Inc.
 90
     1024
 91
        0
280
     0
281
     0
  0
CLASS
  1
CATALOGSTATE
  2
AcAmCatalogState
  3
DesignerAssemblies
 90
     1024
 91
        0
280
     0
281
     0
  0
CLASS
  1
ACAMGRCOMPDEFSET
  2
AcAmGrCompDefSet
  3
DesignerAssemblies
 90
     1024
 91
        1
280
     0
281
     0
  0
CLASS
  1
AMDTBROWSERDBTAB
  2
AmdtBrowserDbTab
  3
McadcomServices
 90
     1024
 91
        1
280
     0
281
     0
  0
CLASS
  1
CBROWSERAPPOBJECT
  2
CBrowserAppObject
  3
McadcomServices
 90
     1024
 91
        2
280
     0
281
     0
  0
CLASS
  1
DM_PLACEHOLDER
  2
AcDmSelsetPlaceholder
  3
McadcomServices
 90
     1024
 91
        1
280
     0
281
     0
  0
CLASS
  1
PLOTSETTINGS
  2
AcDbPlotSettings
  3
ObjectDBX Classes
 90
        0
 91
        2
280
     0
281
     0
  0
CLASS
  1
ACMSTANDARDANSI
  2
AcmStandardANSI
  3
"Amdt_StdImp|Product Description: AutoCAD Mechanical|Company: Autodesk, Inc."
 90
     1024
 91
        0
280
     0
281
     0
  0
CLASS
  1
ACMSURFSTANDARDANSI
  2
AcmSurfTextStdANSI
  3
"Amdt_StdImp|Product Description: AutoCAD Mechanical|Company: Autodesk, Inc."
 90
     1024
 91
        0
280
     0
281
     0
  0
CLASS
  1
ACMFCFSTANDARDANSI
  2
AcmFCFStdANSI
  3
"Amdt_StdImp|Product Description: AutoCAD Mechanical|Company: Autodesk, Inc."
 90
     1024
 91
        0
280
     0
281
     0
  0
CLASS
  1
ACMWELDSTANDARDANSI
  2
AcmWeldingStdANSI
  3
"Amdt_StdImp|Product Description: AutoCAD Mechanical|Company: Autodesk, Inc."
 90
     1024
 91
        0
280
     0
281
     0
  0
CLASS
  1
ACMIDSTANDARDANSI
  2
AcmIdStdANSI
  3
"Amdt_StdImp|Product Description: AutoCAD Mechanical|Company: Autodesk, Inc."
 90
     1024
 91
        0
280
     0
281
     0
  0
CLASS
  1
ACMDATUMSTANDARDANSI
  2
AcmDatumStdANSI
  3
"Amdt_StdImp|Product Description: AutoCAD Mechanical|Company: Autodesk, Inc."
 90
     1024
 91
        0
280
     0
281
     0
  0
CLASS
  1
ACMBOMSTANDARDANSI
  2
AcmBOMStdANSI
  3
"Amdt_StdImp|Product Description: AutoCAD Mechanical|Company: Autodesk, Inc."
 90
     1024
 91
        0
280
     0
281
     0
  0
CLASS
  1
ACMDETAILSTANDARDANSI
  2
AmdtDetailSymStdANSI
  3
"Amdt_StdImp|Product Description: AutoCAD Mechanical|Company: Autodesk, Inc."
 90
     1024
 91
        0
280
     0
281
     0
  0
CLASS
  1
ACMSECTIONSTANDARDANSI
  2
AmdtSectionSymStdANSI
  3
"Amdt_StdImp|Product Description: AutoCAD Mechanical|Company: Autodesk, Inc."
 90
     1024
 91
        0
280
     0
281
     0
  0
CLASS
  1
ACMCENTERLINESTANDARDANSI
  2
AmdtCenterLineStdANSI
  3
"Amdt_StdImp|Product Description: AutoCAD Mechanical|Company: Autodesk, Inc."
 90
     1024
 91
        0
280
     0
281
     0
  0
CLASS
  1
ACMTHREADLINESTANDARDANSI
  2
AmdtThreadLineStdANSI
  3
"Amdt_StdImp|Product Description: AutoCAD Mechanical|Company: Autodesk, Inc."
 90
     1024
 91
        0
280
     0
281
     0
  0
CLASS
  1
ACMNOTESTANDARDANSI
  2
AmdtNoteStdANSI
  3
"Amdt_StdImp|Product Description: AutoCAD Mechanical|Company: Autodesk, Inc."
 90
     1024
 91
        0
280
     0
281
     0
  0
CLASS
  1
ACAMGHOLECHARTSTDANSI
  2
AcAmgHoleChartStdANSI
  3
AmgDim|Product Description: AutoCAD Mechanical|Company: Autodesk, Inc.
 90
     1024
 91
        0
280
     0
281
     0
  0
CLASS
  1
ACMSTANDARDDIN
  2
AcmStandardDIN
  3
"Amdt_StdImp|Product Description: AutoCAD Mechanical|Company: Autodesk, Inc."
 90
     1024
 91
        0
280
     0
281
     0
  0
CLASS
  1
AMDTEDGESTANDARDDIN13715
  2
AmdtEdgeStdDIN13715
  3
"Amdt_StdImp|Product Description: AutoCAD Mechanical|Company: Autodesk, Inc."
 90
     1024
 91
        0
280
     0
281
     0
  0
CLASS
  1
ACMSURFSTANDARDDIN
  2
AcmSurfTextStdDIN
  3
"Amdt_StdImp|Product Description: AutoCAD Mechanical|Company: Autodesk, Inc."
 90
     1024
 91
        0
280
     0
281
     0
  0
CLASS
  1
ACMFCFSTANDARDDIN
  2
AcmFCFStdDIN
  3
"Amdt_StdImp|Product Description: AutoCAD Mechanical|Company: Autodesk, Inc."
 90
     1024
 91
        0
280
     0
281
     0
  0
CLASS
  1
ACMWELDSTANDARDDIN
  2
AcmWeldingStdDIN
  3
"Amdt_StdImp|Product Description: AutoCAD Mechanical|Company: Autodesk, Inc."
 90
     1024
 91
        0
280
     0
281
     0
  0
CLASS
  1
ACMIDSTANDARDDIN
  2
AcmIdStdDIN
  3
"Amdt_StdImp|Product Description: AutoCAD Mechanical|Company: Autodesk, Inc."
 90
     1024
 91
        0
280
     0
281
     0
  0
CLASS
  1
ACMDATUMSTANDARDDIN
  2
AcmDatumStdDIN
  3
"Amdt_StdImp|Product Description: AutoCAD Mechanical|Company: Autodesk, Inc."
 90
     1024
 91
        0
280
     0
281
     0
  0
CLASS
  1
ACMBOMSTANDARDDIN
  2
AcmBOMStdDIN
  3
"Amdt_StdImp|Product Description: AutoCAD Mechanical|Company: Autodesk, Inc."
 90
     1024
 91
        0
280
     0
281
     0
  0
CLASS
  1
ACMDETAILSTANDARDDIN
  2
AmdtDetailSymStdDIN
  3
"Amdt_StdImp|Product Description: AutoCAD Mechanical|Company: Autodesk, Inc."
 90
     1024
 91
        0
280
     0
281
     0
  0
CLASS
  1
ACMSECTIONSTANDARDDIN
  2
AmdtSectionSymStdDIN
  3
"Amdt_StdImp|Product Description: AutoCAD Mechanical|Company: Autodesk, Inc."
 90
     1024
 91
        0
280
     0
281
     0
  0
CLASS
  1
ACMCENTERLINESTANDARDDIN
  2
AmdtCenterLineStdDIN
  3
"Amdt_StdImp|Product Description: AutoCAD Mechanical|Company: Autodesk, Inc."
 90
     1024
 91
        0
280
     0
281
     0
  0
CLASS
  1
ACMTHREADLINESTANDARDDIN
  2
AmdtThreadLineStdDIN
  3
"Amdt_StdImp|Product Description: AutoCAD Mechanical|Company: Autodesk, Inc."
 90
     1024
 91
        0
280
     0
281
     0
  0
CLASS
  1
ACMNOTESTANDARDDIN
  2
AmdtNoteStdDIN
  3
"Amdt_StdImp|Product Description: AutoCAD Mechanical|Company: Autodesk, Inc."
 90
     1024
 91
        0
280
     0
281
     0
  0
CLASS
  1
ACAMGHOLECHARTSTDDIN
  2
AcAmgHoleChartStdDIN
  3
AmgDim|Product Description: AutoCAD Mechanical|Company: Autodesk, Inc.
 90
     1024
 91
        0
280
     0
281
     0
  0
CLASS
  1
SORTENTSTABLE
  2
AcDbSortentsTable
  3
ObjectDBX Classes
 90
        0
 91
        1
280
     0
281
     0
  0
CLASS
  1
ACAMSTDPCOMPDEF
  2
AcAmStdpCompDef
  3
DesignerAssemblies
 90
     1024
 91
        0
280
     0
281
     0
  0
CLASS
  1
ACRFATTGENMGR
  2
AcRfAttGeneralMgr
  3
AcAttribServices
 90
     1024
 91
        0
280
     0
281
     0
  0
CLASS
  1
ACRFOBJATTMGR
  2
AcRfObjAttGroupMgr
  3
AcAttribServices
 90
     1024
 91
        0
280
     0
281
     0
  0
CLASS
  1
ACRFMCADAPIATTHOLDER
  2
AcRfMCADAPIAttHolder
  3
AcAttribServices
 90
     1024
 91
        0
280
     0
281
     0
  0
CLASS
  1
AMDTSYSATTR
  2
AmdtSystemAttribute
  3
AcAttribServices
 90
     1024
 91
        0
280
     0
281
     0
  0
CLASS
  1
ACAMCOMP
  2
AcAmComp
  3
DesignerAssemblies
 90
     1024
 91
        0
280
     0
281
     0
  0
CLASS
  1
AC_AM_STDP_VIEW_DEF
  2
AcAmStdpViewDef
  3
DesignerAssemblies
 90
     1024
 91
        0
280
     0
281
     0
  0
CLASS
  1
AC_AM_MVD_DEP_MGR
  2
AcAmMVDdepMgr
  3
DesignerAssemblies
 90
     1024
 91
        0
280
     0
281
     0
  0
CLASS
  1
AC_AM_MASTER_VIEW_DEF
  2
AcAmMasterViewDef
  3
DesignerAssemblies
 90
     1024
 91
        0
280
     0
281
     0
  0
CLASS
  1
AC_AM_DIRTY_NODES
  2
AcAmDirtyNodes
  3
DesignerAssemblies
 90
     1024
 91
        0
280
     0
281
     0
  0
CLASS
  1
AC_AM_MAPPER_CACHE
  2
AcAmMapperCache
  3
DesignerAssemblies
 90
     1024
 91
        0
280
     0
281
     0
  0
CLASS
  1
ACAMMVDBACKUPOBJECT
  2
AcAmMVDBackupObject
  3
DesignerAssemblies
 90
     1024
 91
        0
280
     0
281
     0
  0
CLASS
  1
AC_AM_COMP_VIEW_INST
  2
AcAmCompView
  3
DesignerAssemblies
 90
     1024
 91
        0
280
     0
281
     0
  0
CLASS
  1
AC_AM_2D_XREF_MGR
  2
AcAmXrefMgr2d
  3
DesignerAssemblies
 90
     1024
 91
        0
280
     0
281
     0
  0
CLASS
  1
AC_AM_PROPS_OVERRIDE
  2
AcAmPropertiesOverride
  3
DesignerAssemblies
 90
     1024
 91
        0
280
     0
281
     0
  0
CLASS
  1
AC_AM_OVERRIDE_FILTER
  2
AcAmOverrideFilter
  3
DesignerAssemblies
 90
     1024
 91
        0
280
     0
281
     0
  0
CLASS
  1
AC_AM_TRANSFORM_GHOST
  2
AcDbTransformGhost
  3
DesignerAssemblies
 90
     1024
 91
        0
280
     0
281
     1
  0
CLASS
  1
MATERIAL
  2
AcDbMaterial
  3
ObjectDBX Classes
 90
     1153
 91
        3
280
     0
281
     0
  0
CLASS
  1
VISUALSTYLE
  2
AcDbVisualStyle
  3
ObjectDBX Classes
 90
     4095
 91
       26
280
     0
281
     0
  0
CLASS
  1
SCALE
  2
AcDbScale
  3
ObjectDBX Classes
 90
     1153
 91
       33
280
     0
281
     0
  0
CLASS
  1
MLEADERSTYLE
  2
AcDbMLeaderStyle
  3
ACDB_MLEADERSTYLE_CLASS
 90
     4095
 91
        1
280
     0
281
     0
  0
CLASS
  1
ACMTAPERSTANDARDISO
  2
AcmTaperStdISO
  3
"Amdt_StdImp|Product Description: AutoCAD Mechanical|Company: Autodesk, Inc."
 90
     1024
 91
        0
280
     0
281
     0
  0
CLASS
  1
ACMANOOTATIONVIEWSTANDARDISO
  2
AmdtAnViewStdISO
  3
"Amdt_StdImp|Product Description: AutoCAD Mechanical|Company: Autodesk, Inc."
 90
     1024
 91
        0
280
     0
281
     0
  0
CLASS
  1
ACMTAPERSTANDARDANSI
  2
AcmTaperStdANSI
  3
"Amdt_StdImp|Product Description: AutoCAD Mechanical|Company: Autodesk, Inc."
 90
     1024
 91
        0
280
     0
281
     0
  0
CLASS
  1
ACMANOOTATIONVIEWSTANDARDANSI
  2
AmdtAnViewStdANSI
  3
"Amdt_StdImp|Product Description: AutoCAD Mechanical|Company: Autodesk, Inc."
 90
     1024
 91
        0
280
     0
281
     0
  0
CLASS
  1
ACMTAPERSTANDARDDIN
  2
AcmTaperStdDIN
  3
"Amdt_StdImp|Product Description: AutoCAD Mechanical|Company: Autodesk, Inc."
 90
     1024
 91
        0
280
     0
281
     0
  0
CLASS
  1
ACMANOOTATIONVIEWSTANDARDDIN
  2
AmdtAnViewStdDIN
  3
"Amdt_StdImp|Product Description: AutoCAD Mechanical|Company: Autodesk, Inc."
 90
     1024
 91
        0
280
     0
281
     0
  0
CLASS
  1
CELLSTYLEMAP
  2
AcDbCellStyleMap
  3
ObjectDBX Classes
 90
     1152
 91
        2
280
     0
281
     0
  0
CLASS
  1
ACMSURFSTANDARDDIN2002
  2
AcmSurfTextStdDIN2002
  3
"Amdt_StdImp|Product Description: AutoCAD Mechanical|Company: Autodesk, Inc."
 90
     1024
 91
        0
280
     0
281
     0
  0
CLASS
  1
ACDBSECTIONVIEWSTYLE
  2
AcDbSectionViewStyle
  3
ObjectDBX Classes
 90
     1025
 91
        1
280
     0
281
     0
  0
CLASS
  1
ACDBDETAILVIEWSTYLE
  2
AcDbDetailViewStyle
  3
ObjectDBX Classes
 90
     1025
 91
        1
280
     0
281
     0
  0
ENDSEC
  0
SECTION
  2
TABLES
  0
TABLE
  2
VPORT
  5
8
102
{ACAD_XDICTIONARY
360
8202
102
}
330
0
100
AcDbSymbolTable
 70
     1
  0
VPORT
  5
8260
330
8
100
AcDbSymbolTableRecord
100
AcDbViewportTableRecord
  2
*Active
 70
     0
 10
0.0
 20
0.0
 11
1.0
 21
1.0
 12
2089.169435460639
 22
192.3027778209619
 13
0.0
 23
0.0
 14
10.0
 24
10.0
 15
10.0
 25
10.0
 16
0.0
 26
0.0
 36
1.0
 17
0.0
 27
0.0
 37
0.0
 40
1341.23962982261
 41
2.037960954446854
 42
50.0
 43
0.0
 44
0.0
 50
0.0
 51
0.0
 71
     0
 72
   100
 73
     1
 74
     2
 75
     0
 76
     0
 77
     0
 78
     0
281
     0
 65
     0
110
-383.022981508824
120
-1939.285876251548
130
0.0
111
1.0
121
0.0
131
0.0
112
0.0
122
1.0
132
0.0
 79
     0
146
0.0
348
81EF
 60
     3
 61
     5
292
     1
282
     1
141
0.0
142
0.0
 63
   250
421
  3355443
1001
ACAD_NAV_VCDISPLAY
1070
     3
  0
ENDTAB
  0
TABLE
  2
LTYPE
  5
5
330
0
100
AcDbSymbolTable
 70
    12
  0
LTYPE
  5
14
330
5
100
AcDbSymbolTableRecord
100
AcDbLinetypeTableRecord
  2
ByBlock
 70
     0
  3

 72
    65
 73
     0
 40
0.0
  0
LTYPE
  5
15
330
5
100
AcDbSymbolTableRecord
100
AcDbLinetypeTableRecord
  2
ByLayer
 70
     0
  3

 72
    65
 73
     0
 40
0.0
  0
LTYPE
  5
16
330
5
100
AcDbSymbolTableRecord
100
AcDbLinetypeTableRecord
  2
Continuous
 70
     0
  3
Solid line
 72
    65
 73
     0
 40
0.0
  0
LTYPE
  5
86CD
330
5
100
AcDbSymbolTableRecord
100
AcDbLinetypeTableRecord
  2
STRICHPUNKT2
 70
     0
  3
Strichpunkt (.5x) _._._._._._._._._._._._._._._
 72
    65
 73
     4
 40
0.5
 49
0.25
 74
     0
 49
-0.125
 74
     0
 49
0.0
 74
     0
 49
-0.125
 74
     0
  0
LTYPE
  5
8959
330
5
100
AcDbSymbolTableRecord
100
AcDbLinetypeTableRecord
  2
HIDDEN
 70
     0
  3
Hidden __ __ __ __ __ __ __ __ __ __ __ __ __ __
 72
    65
 73
     2
 40
9.525
 49
6.349999999999999
 74
     0
 49
-3.174999999999999
 74
     0
  0
LTYPE
  5
895A
330
5
100
AcDbSymbolTableRecord
100
AcDbLinetypeTableRecord
  2
PHANTOM2
 70
     0
  3
Phantom (.5x) ___ _ _ ___ _ _ ___ _ _ ___ _ _
 72
    65
 73
     6
 40
31.75
 49
15.875
 74
     0
 49
-3.174999999999999
 74
     0
 49
3.174999999999999
 74
     0
 49
-3.174999999999999
 74
     0
 49
3.174999999999999
 74
     0
 49
-3.174999999999999
 74
     0
  0
LTYPE
  5
895B
330
5
100
AcDbSymbolTableRecord
100
AcDbLinetypeTableRecord
  2
CENTER
 70
     0
  3
Center ____ _ ____ _ ____ _ ____ _ ____ _ ____
 72
    65
 73
     4
 40
50.8
 49
31.75
 74
     0
 49
-6.349999999999999
 74
     0
 49
6.349999999999999
 74
     0
 49
-6.349999999999999
 74
     0
  0
LTYPE
  5
897C
330
5
100
AcDbSymbolTableRecord
100
AcDbLinetypeTableRecord
  2
AM_ISO02W050
 70
     0
  3
__ __ __ __ __ __ __ __ __ __ __ __ __ __ __
 72
    65
 73
     2
 40
7.5
 49
6.0
 74
     0
 49
-1.5
 74
     0
  0
LTYPE
  5
897D
330
5
100
AcDbSymbolTableRecord
100
AcDbLinetypeTableRecord
  2
AM_ISO08W050
 70
     0
  3
____ . ____ . ____ . ____ . ____ . ____ . ____
 72
    65
 73
     4
 40
18.0
 49
12.0
 74
     0
 49
-1.5
 74
     0
 49
3.0
 74
     0
 49
-1.5
 74
     0
  0
LTYPE
  5
897E
330
5
100
AcDbSymbolTableRecord
100
AcDbLinetypeTableRecord
  2
AM_ISO09W050
 70
     0
  3
_____ . . _____ . . _____ . . ____ .. ____
 72
    65
 73
     6
 40
22.5
 49
12.0
 74
     0
 49
-1.5
 74
     0
 49
3.0
 74
     0
 49
-1.5
 74
     0
 49
3.0
 74
     0
 49
-1.5
 74
     0
  0
LTYPE
  5
897F
330
5
100
AcDbSymbolTableRecord
100
AcDbLinetypeTableRecord
  2
Amconstr
 70
     0
  3
_______________________
 72
    65
 73
     2
 40
9999.0
 49
9999.0
 74
     0
 49
0.0
 74
     0
  0
LTYPE
  5
8980
330
5
100
AcDbSymbolTableRecord
100
AcDbLinetypeTableRecord
  2
AM_ISO08W050x2
 70
     0
  3
__ . __ . __ . __ . __ . __
 72
    65
 73
     4
 40
9.0
 49
6.0
 74
     0
 49
-0.75
 74
     0
 49
1.5
 74
     0
 49
-0.75
 74
     0
  0
LTYPE
  5
8981
330
5
100
AcDbSymbolTableRecord
100
AcDbLinetypeTableRecord
  2
AM_ISO02W050x2
 70
     0
  3
 _ _ _ _ _ _ _ _ _ _ _ _
 72
    65
 73
     2
 40
3.75
 49
3.0
 74
     0
 49
-0.75
 74
     0
  0
LTYPE
  5
8984
330
5
100
AcDbSymbolTableRecord
100
AcDbLinetypeTableRecord
  2
Amzigzag
 70
     0
  3
/\/-/\/-/\/-/\/-/\/-/\/
 72
    65
 73
     2
 40
11.0001
 49
0.0001
 74
     4
 75
   136
340
8983
 46
0.04
 50
0.0
 44
0.0
 45
0.0
 49
-11.0
 74
     0
  0
ENDTAB
  0
TABLE
  2
LAYER
  5
2
102
{ACAD_XDICTIONARY
360
115C
102
}
330
0
100
AcDbSymbolTable
 70
     3
  0
LAYER
  5
10
102
{ACAD_XDICTIONARY
360
82AF
102
}
330
2
100
AcDbSymbolTableRecord
100
AcDbLayerTableRecord
  2
0
 70
     0
 62
     7
  6
Continuous
370
    -3
390
F
347
81E8
348
0
  0
LAYER
  5
79
330
2
100
AcDbSymbolTableRecord
100
AcDbLayerTableRecord
  2
Defpoints
 70
     0
 62
     7
  6
Continuous
290
     0
370
    -3
390
F
347
81E8
348
0
  0
LAYER
  5
830E
330
2
100
AcDbSymbolTableRecord
100
AcDbLayerTableRecord
  2
HALFEN
 70
     0
 62
     2
  6
Continuous
370
    -3
390
F
347
81E8
348
0
  0
ENDTAB
  0
TABLE
  2
STYLE
  5
3
330
0
100
AcDbSymbolTable
 70
     3
  0
STYLE
  5
11
330
3
100
AcDbSymbolTableRecord
100
AcDbTextStyleTableRecord
  2
Standard
 70
     0
 40
0.0
 41
1.0
 50
0.0
 71
     0
 42
100.0
  3
ARIAL.TTF
  4

1001
ACAD
1000
Arial
1071
       34
  0
STYLE
  5
F9E
330
3
100
AcDbSymbolTableRecord
100
AcDbTextStyleTableRecord
  2
ARIAL50
 70
     0
 40
5.0
 41
1.0
 50
0.0
 71
     0
 42
3.5
  3
ARIAL.TTF
  4

1001
ACAD
1000
Arial
1071
       34
  0
STYLE
  5
8983
330
3
100
AcDbSymbolTableRecord
100
AcDbTextStyleTableRecord
  2

 70
     1
 40
0.0
 41
1.0
 50
0.0
 71
     0
 42
100.0
  3
genltshp.shx
  4

  0
ENDTAB
  0
TABLE
  2
VIEW
  5
6
330
0
100
AcDbSymbolTable
 70
     0
  0
ENDTAB
  0
TABLE
  2
UCS
  5
7
330
0
100
AcDbSymbolTable
 70
     0
  0
ENDTAB
  0
TABLE
  2
APPID
  5
9
330
0
100
AcDbSymbolTable
 70
    50
  0
APPID
  5
12
330
9
100
AcDbSymbolTableRecord
100
AcDbRegAppTableRecord
  2
ACAD
 70
     0
  0
APPID
  5
51
330
9
100
AcDbSymbolTableRecord
100
AcDbRegAppTableRecord
  2
MCAD_NO_VIS
 70
     0
  0
APPID
  5
52
330
9
100
AcDbSymbolTableRecord
100
AcDbRegAppTableRecord
  2
ACAD_TEMP_GRAPHIC
 70
     0
  0
APPID
  5
CD
330
9
100
AcDbSymbolTableRecord
100
AcDbRegAppTableRecord
  2
GENIUS_GENDTOL_13
 70
     0
  0
APPID
  5
230
330
9
100
AcDbSymbolTableRecord
100
AcDbRegAppTableRecord
  2
GENIUS_GENODEF_13
 70
     0
  0
APPID
  5
231
330
9
100
AcDbSymbolTableRecord
100
AcDbRegAppTableRecord
  2
GENIUS_GENOBJ-N-CRS_13
 70
     0
  0
APPID
  5
232
330
9
100
AcDbSymbolTableRecord
100
AcDbRegAppTableRecord
  2
GENIUS_GENOENT_13
 70
     0
  0
APPID
  5
233
330
9
100
AcDbSymbolTableRecord
100
AcDbRegAppTableRecord
  2
GENIUS_GENOREF_13
 70
     0
  0
APPID
  5
234
330
9
100
AcDbSymbolTableRecord
100
AcDbRegAppTableRecord
  2
GENIUS_GENOLIS_13
 70
     0
  0
APPID
  5
2F2
330
9
100
AcDbSymbolTableRecord
100
AcDbRegAppTableRecord
  2
GENIUS_GEFWELD_13
 70
     0
  0
APPID
  5
2F4
330
9
100
AcDbSymbolTableRecord
100
AcDbRegAppTableRecord
  2
GENIUS_GENOBJ-F-WELS_13
 70
     0
  0
APPID
  5
648
330
9
100
AcDbSymbolTableRecord
100
AcDbRegAppTableRecord
  2
GENIUS_GENOBJ-N-CEN_13
 70
     0
  0
APPID
  5
6D4
330
9
100
AcDbSymbolTableRecord
100
AcDbRegAppTableRecord
  2
GENIUS_GENOBJ-N-CRC_13
 70
     0
  0
APPID
  5
6D5
330
9
100
AcDbSymbolTableRecord
100
AcDbRegAppTableRecord
  2
GENIUS_GENCRC_14
 70
     0
  0
APPID
  5
70D
330
9
100
AcDbSymbolTableRecord
100
AcDbRegAppTableRecord
  2
GEVID1024035136
 70
     0
  0
APPID
  5
70E
330
9
100
AcDbSymbolTableRecord
100
AcDbRegAppTableRecord
  2
GEVDC
 70
     0
  0
APPID
  5
70F
330
9
100
AcDbSymbolTableRecord
100
AcDbRegAppTableRecord
  2
GEVRADREF
 70
     0
  0
APPID
  5
713
330
9
100
AcDbSymbolTableRecord
100
AcDbRegAppTableRecord
  2
GENIUS_GENBH_13
 70
     0
  0
APPID
  5
715
330
9
100
AcDbSymbolTableRecord
100
AcDbRegAppTableRecord
  2
GENIUS_GENOBJ-NBEHI-BHF_13
 70
     0
  0
APPID
  5
717
330
9
100
AcDbSymbolTableRecord
100
AcDbRegAppTableRecord
  2
GENIUS_GENOBJ-NBEHI-BHB_13
 70
     0
  0
APPID
  5
844
330
9
100
AcDbSymbolTableRecord
100
AcDbRegAppTableRecord
  2
AD_DRAW
 70
     0
  0
APPID
  5
847
330
9
100
AcDbSymbolTableRecord
100
AcDbRegAppTableRecord
  2
ACATTRIBSERVICES
 70
     0
  0
APPID
  5
865
330
9
100
AcDbSymbolTableRecord
100
AcDbRegAppTableRecord
  2
DESIGNERASSEMBLIES
 70
     0
  0
APPID
  5
878
330
9
100
AcDbSymbolTableRecord
100
AcDbRegAppTableRecord
  2
ACADM_DIM_EDIT
 70
     0
  0
APPID
  5
879
330
9
100
AcDbSymbolTableRecord
100
AcDbRegAppTableRecord
  2
AMDT_DM_ADJ
 70
     0
  0
APPID
  5
87F
330
9
100
AcDbSymbolTableRecord
100
AcDbRegAppTableRecord
  2
ACAD_DSTYLE_DIMTEXT_FILL
 70
     0
  0
APPID
  5
924
330
9
100
AcDbSymbolTableRecord
100
AcDbRegAppTableRecord
  2
GENIUS_GENDIMSH_14
 70
     0
  0
APPID
  5
975
330
9
100
AcDbSymbolTableRecord
100
AcDbRegAppTableRecord
  2
ACAD_PSEXT
 70
     0
  0
APPID
  5
115B
330
9
100
AcDbSymbolTableRecord
100
AcDbRegAppTableRecord
  2
AcAecLayerStandard
 70
     0
  0
APPID
  5
17C5
330
9
100
AcDbSymbolTableRecord
100
AcDbRegAppTableRecord
  2
GENIUS_GENREC_14
 70
     0
  0
APPID
  5
17C6
330
9
100
AcDbSymbolTableRecord
100
AcDbRegAppTableRecord
  2
GENIUS_GENOBJ-N-REC_13
 70
     0
  0
APPID
  5
30F3
330
9
100
AcDbSymbolTableRecord
100
AcDbRegAppTableRecord
  2
GENIUS_GENOBJ-N-FIL_13
 70
     0
  0
APPID
  5
3DCB
330
9
100
AcDbSymbolTableRecord
100
AcDbRegAppTableRecord
  2
GEVID1155112867
 70
     0
  0
APPID
  5
3DCC
330
9
100
AcDbSymbolTableRecord
100
AcDbRegAppTableRecord
  2
GEVMK
 70
     0
  0
APPID
  5
3DE5
330
9
100
AcDbSymbolTableRecord
100
AcDbRegAppTableRecord
  2
AMG_2DHIDE
 70
     0
  0
APPID
  5
3DE6
330
9
100
AcDbSymbolTableRecord
100
AcDbRegAppTableRecord
  2
AMG_2DSTRUCT_BTR
 70
     0
  0
APPID
  5
3DF7
330
9
100
AcDbSymbolTableRecord
100
AcDbRegAppTableRecord
  2
ACADM_2DVIEW_IGN_NOTIFY
 70
     0
  0
APPID
  5
664A
330
9
100
AcDbSymbolTableRecord
100
AcDbRegAppTableRecord
  2
GEVID1193061521
 70
     0
  0
APPID
  5
6AE4
330
9
100
AcDbSymbolTableRecord
100
AcDbRegAppTableRecord
  2
GEVID1193124671
 70
     0
  0
APPID
  5
81BA
330
9
100
AcDbSymbolTableRecord
100
AcDbRegAppTableRecord
  2
GENIUS_GENFIL_13
 70
     0
  0
APPID
  5
81BB
330
9
100
AcDbSymbolTableRecord
100
AcDbRegAppTableRecord
  2
GENIUS_GENOBJ-N-CHA_13
 70
     0
  0
APPID
  5
8286
330
9
100
AcDbSymbolTableRecord
100
AcDbRegAppTableRecord
  2
ACAD_MLEADERVER
 70
     0
  0
APPID
  5
831A
330
9
100
AcDbSymbolTableRecord
100
AcDbRegAppTableRecord
  2
ACLAYERTOOLS
 70
     0
  0
APPID
  5
8363
330
9
100
AcDbSymbolTableRecord
100
AcDbRegAppTableRecord
  2
ACAD_EXEMPT_FROM_CAD_STANDARDS
 70
     0
  0
APPID
  5
8402
330
9
100
AcDbSymbolTableRecord
100
AcDbRegAppTableRecord
  2
ACAD_DSTYLE_DIMINSPECT
 70
     0
  0
APPID
  5
8743
330
9
100
AcDbSymbolTableRecord
100
AcDbRegAppTableRecord
  2
ACAD_DSTYLE_DIMJOGGED_JOGANGLE_SYMBOL
 70
     0
  0
APPID
  5
8744
330
9
100
AcDbSymbolTableRecord
100
AcDbRegAppTableRecord
  2
ACAD_DSTYLE_DIM_LINETYPE
 70
     0
  0
APPID
  5
8745
330
9
100
AcDbSymbolTableRecord
100
AcDbRegAppTableRecord
  2
ACAD_DSTYLE_DIM_EXT1_LINETYPE
 70
     0
  0
APPID
  5
8746
330
9
100
AcDbSymbolTableRecord
100
AcDbRegAppTableRecord
  2
ACAD_DSTYLE_DIM_EXT2_LINETYPE
 70
     0
  0
APPID
  5
8945
330
9
100
AcDbSymbolTableRecord
100
AcDbRegAppTableRecord
  2
ACAD_NAV_VCDISPLAY
 70
     0
  0
ENDTAB
  0
TABLE
  2
DIMSTYLE
  5
A
330
0
100
AcDbSymbolTable
 70
     2
100
AcDbDimStyleTable
 71
     1
340
86B5
  0
DIMSTYLE
105
FA2
330
A
100
AcDbSymbolTableRecord
100
AcDbDimStyleTableRecord
  2
STANDARD
 70
     0
340
11
  0
DIMSTYLE
105
86B5
330
A
100
AcDbSymbolTableRecord
100
AcDbDimStyleTableRecord
  2
AM_DIN
 70
     0
  4
"
 41
3.5
 42
1.0
 43
10.0
 44
1.0
 47
0.1
 48
0.1
 50
90.0
 73
     0
 74
     0
 77
     1
 78
     8
 79
     2
140
3.5
141
0.0
143
0.0393701
146
0.71
147
1.5
172
     1
176
   256
177
   256
178
     2
271
     2
272
     3
274
     4
283
     0
284
     8
340
11
345
14
346
14
347
14
371
    -1
372
    -1
1001
ACAD_DSTYLE_DIMJOGGED_JOGANGLE_SYMBOL
1070
   384
1040
1.570796326794896
  0
ENDTAB
  0
TABLE
  2
BLOCK_RECORD
  5
1
330
0
100
AcDbSymbolTable
 70
     2
  0
BLOCK_RECORD
  5
1F
102
{ACAD_XDICTIONARY
360
1BF
102
}
330
1
100
AcDbSymbolTableRecord
100
AcDbBlockTableRecord
  2
*Model_Space
340
22
 70
     0
280
     1
281
     0
  0
BLOCK_RECORD
  5
1B
330
1
100
AcDbSymbolTableRecord
100
AcDbBlockTableRecord
  2
*Paper_Space
340
1E
 70
     0
280
     1
281
     0
  0
BLOCK_RECORD
  5
23
330
1
100
AcDbSymbolTableRecord
100
AcDbBlockTableRecord
  2
*Paper_Space0
340
26
 70
     0
280
     1
281
     0
  0
ENDTAB
  0
ENDSEC
  0
SECTION
  2
BLOCKS
  0
BLOCK
  5
20
330
1F
100
AcDbEntity
  8
0
100
AcDbBlockBegin
  2
*Model_Space
 70
     0
 10
0.0
 20
0.0
 30
0.0
  3
*Model_Space
  1

  0
ENDBLK
  5
21
330
1F
100
AcDbEntity
  8
0
100
AcDbBlockEnd
  0
BLOCK
  5
1C
330
1B
100
AcDbEntity
 67
     1
  8
0
100
AcDbBlockBegin
  2
*Paper_Space
 70
     0
 10
0.0
 20
0.0
 30
0.0
  3
*Paper_Space
  1

  0
ENDBLK
  5
1D
330
1B
100
AcDbEntity
 67
     1
  8
0
100
AcDbBlockEnd
  0
BLOCK
  5
24
330
23
100
AcDbEntity
 67
     1
  8
0
100
AcDbBlockBegin
  2
*Paper_Space0
 70
     0
 10
0.0
 20
0.0
 30
0.0
  3
*Paper_Space0
  1

  0
ENDBLK
  5
25
330
23
100
AcDbEntity
 67
     1
  8
0
100
AcDbBlockEnd
  0
ENDSEC
  0
SECTION
  2
ENTITIES
  0
LINE
  5
4347
330
1F
100
AcDbEntity
  8
HALFEN
100
AcDbLine
 10
1701.249609617608
 20
792.5410497531994
 30
0.0
 11
1871.25272441254
 21
792.5410497531994
 31
0.0
  0
LINE
  5
4348
330
1F
100
AcDbEntity
  8
HALFEN
100
AcDbLine
 10
1701.249609617608
 20
802.5410497531995
 30
0.0
 11
1871.834086171087
 21
802.5410497531995
 31
0.0
  0
LINE
  5
4349
330
1F
100
AcDbEntity
  8
HALFEN
100
AcDbLine
 10
1701.249609617608
 20
820.5410497532001
 30
0.0
 11
1871.834086171087
 21
820.5410497532001
 31
0.0
  0
TEXT
  5
434A
330
1F
100
AcDbEntity
  8
HALFEN
100
AcDbText
 10
1751.214295950223
 20
813.0410497531993
 30
0.0
 40
5.0
  1
Halfen Body - Anker BA 1310 - 1 -  A4
  7
ARIAL50
100
AcDbText
  0
TEXT
  5
434B
330
1F
100
AcDbEntity
  8
HALFEN
100
AcDbText
 10
1706.249609617608
 20
813.0410497531993
 30
0.0
 40
5.0
  1
Benennung
  7
ARIAL50
100
AcDbText
  0
TEXT
  5
434C
330
1F
100
AcDbEntity
  8
HALFEN
100
AcDbText
 10
1706.249609617608
 20
795.0410497531994
 30
0.0
 40
5.0
  1
Bestell-Nr.
  7
ARIAL50
100
AcDbText
  0
LINE
  5
434D
330
1F
100
AcDbEntity
  8
HALFEN
100
AcDbLine
 10
1701.249609617608
 20
792.5410497531994
 30
0.0
 11
1701.249609617608
 21
820.5410497532001
 31
0.0
  0
LINE
  5
434E
330
1F
100
AcDbEntity
  8
HALFEN
100
AcDbLine
 10
1746.214295950223
 20
792.5410497531994
 30
0.0
 11
1746.214295950223
 21
820.5410497532001
 31
0.0
  0
TEXT
  5
434F
330
1F
100
AcDbEntity
  8
HALFEN
100
AcDbText
 10
1751.214295950223
 20
795.0410497531994
 30
0.0
 40
5.0
  1
0754.010 - 00010
  7
ARIAL50
100
AcDbText
  0
LINE
  5
4350
330
1F
100
AcDbEntity
  8
HALFEN
100
AcDbLine
 10
1871.834086171087
 20
792.5410497531994
 30
0.0
 11
1871.834086171087
 21
820.5410497532001
 31
0.0
  0
LINE
  5
4351
330
1F
100
AcDbEntity
  8
HALFEN
100
AcDbLine
 10
1639.79105305345
 20
692.8019683466837
 30
0.0
 11
1639.79105305345
 21
776.8019683466838
 31
0.0
1001
ACAD
1000
ASC_BOUNDS
1002
{
1070
    19
1005
0
1005
0
1005
0
1005
0
1005
0
1005
0
1005
0
1005
0
1005
0
1002
}
  0
LINE
  5
4352
330
1F
100
AcDbEntity
  8
HALFEN
100
AcDbLine
 10
1599.79105305345
 20
691.8019683466837
 30
0.0
 11
1633.79105305345
 21
776.8019683466838
 31
0.0
  0
LINE
  5
4353
330
1F
100
AcDbEntity
  8
HALFEN
100
AcDbLine
 10
1636.363232702289
 20
623.617187463882
 30
0.0
 11
1599.79105305345
 21
625.379073202628
 31
0.0
  0
LINE
  5
4354
330
1F
100
AcDbEntity
  8
HALFEN
100
AcDbLine
 10
1636.459472234075
 20
625.6148706100597
 30
0.0
 11
1599.887292585235
 21
627.3767563488056
 31
0.0
  0
LINE
  5
4355
330
1F
100
AcDbEntity
  8
HALFEN
100
AcDbLine
 10
1636.459472234075
 20
600.6229795984382
 30
0.0
 11
1599.887292585235
 21
598.8610938596922
 31
0.0
  0
LINE
  5
4356
330
1F
100
AcDbEntity
  8
HALFEN
100
AcDbLine
 10
1636.363232702289
 20
602.6206627446157
 30
0.0
 11
1599.79105305345
 21
600.8587770058698
 31
0.0
  0
ARC
  5
4357
330
1F
100
AcDbEntity
  8
HALFEN
100
AcDbCircle
 10
1593.034063361807
 20
607.1189251042492
 30
0.0
 40
13.55700550869242
100
AcDbArc
 50
333.7316689015461
 51
26.26833109845102
  0
ARC
  5
4358
330
1F
100
AcDbEntity
  8
HALFEN
100
AcDbCircle
 10
1607.348042745093
 20
607.1189251042492
 30
0.0
 40
13.55700550869242
100
AcDbArc
 50
153.7316689015489
 51
206.268331098454
  0
LINE
  5
4359
330
1F
100
AcDbEntity
  8
HALFEN
100
AcDbLine
 10
1605.19105305345
 20
601.1189251042488
 30
0.0
 11
1595.19105305345
 21
601.1189251042488
 31
0.0
  0
LINE
  5
435A
330
1F
100
AcDbEntity
  8
HALFEN
100
AcDbLine
 10
1599.79105305345
 20
600.8587770058698
 30
0.0
 11
1599.887292585235
 21
598.8610938596922
 31
0.0
  0
LINE
  5
435C
330
1F
100
AcDbEntity
  8
HALFEN
100
AcDbLine
 10
1605.19105305345
 20
625.1189251042489
 30
0.0
 11
1595.19105305345
 21
625.118925104249
 31
0.0
  0
LINE
  5
435D
330
1F
100
AcDbEntity
  8
HALFEN
100
AcDbLine
 10
1605.19105305345
 20
613.1189251042489
 30
0.0
 11
1595.19105305345
 21
613.1189251042489
 31
0.0
  0
LINE
  5
435E
330
1F
100
AcDbEntity
  8
HALFEN
100
AcDbLine
 10
1593.79105305345
 20
619.1396341216187
 30
0.0
 11
1593.79105305345
 21
607.0982160869065
 31
0.0
  0
ARC
  5
435F
330
1F
100
AcDbEntity
  8
HALFEN
100
AcDbCircle
 10
1607.348042745093
 20
619.118925104249
 30
0.0
 40
13.55700550869242
100
AcDbArc
 50
153.731668901546
 51
206.268331098451
  0
LINE
  5
4360
330
1F
100
AcDbEntity
  8
HALFEN
100
AcDbLine
 10
1606.59105305345
 20
619.1396341216187
 30
0.0
 11
1606.59105305345
 21
607.0982160868922
 31
0.0
  0
ARC
  5
4361
330
1F
100
AcDbEntity
  8
HALFEN
100
AcDbCircle
 10
1593.034063361807
 20
619.118925104249
 30
0.0
 40
13.55700550869242
100
AcDbArc
 50
333.731668901549
 51
26.26833109845394
  0
LINE
  5
4362
330
1F
100
AcDbEntity
  8
HALFEN
100
AcDbLine
 10
1599.79105305345
 20
625.379073202628
 30
0.0
 11
1599.887292585235
 21
627.3767563488056
 31
0.0
  0
LINE
  5
4364
330
1F
100
AcDbEntity
  8
HALFEN
100
AcDbLine
 10
1599.79105305345
 20
691.8019683466837
 30
0.0
 11
1599.79105305345
 21
671.8019683466839
 31
0.0
  0
LINE
  5
4365
330
1F
100
AcDbEntity
  8
HALFEN
100
AcDbLine
 10
1593.79105305345
 20
691.8019683466837
 30
0.0
 11
1593.79105305345
 21
671.8019683466836
 31
0.0
  0
ARC
  5
4366
330
1F
100
AcDbEntity
  8
HALFEN
100
AcDbCircle
 10
1611.633910196307
 20
681.8019683466839
 30
0.0
 40
17.84285714285705
100
AcDbArc
 50
157.1518592214939
 51
202.8481407785061
  0
LINE
  5
4367
330
1F
100
AcDbEntity
  8
HALFEN
100
AcDbLine
 10
1606.59105305345
 20
671.8019683466839
 30
0.0
 11
1606.59105305345
 21
671.0239286415401
 31
0.0
  0
LINE
  5
4368
330
1F
100
AcDbEntity
  8
HALFEN
100
AcDbLine
 10
1593.79105305345
 20
692.5800080518277
 30
0.0
 11
1593.79105305345
 21
671.0239286415395
 31
0.0
  0
LINE
  5
4369
330
1F
100
AcDbEntity
  8
HALFEN
100
AcDbLine
 10
1595.19105305345
 20
674.8737651164081
 30
0.0
 11
1599.79105305345
 21
674.8737651164081
 31
0.0
  0
LINE
  5
436A
330
1F
100
AcDbEntity
  8
HALFEN
100
AcDbLine
 10
1595.191053053449
 20
667.945561886133
 30
0.0
 11
1605.19105305345
 21
667.945561886133
 31
0.0
  0
ARC
  5
436B
330
1F
100
AcDbEntity
  8
HALFEN
100
AcDbCircle
 10
1598.723627559875
 20
671.4096635012707
 30
0.0
 40
4.947634045020005
100
AcDbArc
 50
135.5607065943833
 51
224.4392934056167
  0
LINE
  5
436C
330
1F
100
AcDbEntity
  8
HALFEN
100
AcDbLine
 10
1599.79105305345
 20
671.8019683466839
 30
0.0
 11
1640.791053053449
 21
671.8019683466839
 31
0.0
1001
ACAD
1000
ASC_BOUNDS
1002
{
1070
    19
1002
}
  0
ARC
  5
436D
330
1F
100
AcDbEntity
  8
HALFEN
100
AcDbCircle
 10
1601.658478547025
 20
671.4096635012705
 30
0.0
 40
4.947634045020005
100
AcDbArc
 50
315.5607065943833
 51
4.5478367362347
  0
LINE
  5
436E
330
1F
100
AcDbEntity
  8
HALFEN
100
AcDbLine
 10
1595.19105305345
 20
695.6583748072348
 30
0.0
 11
1601.33361563767
 21
695.6583748072348
 31
0.0
  0
LINE
  5
436F
330
1F
100
AcDbEntity
  8
HALFEN
100
AcDbLine
 10
1595.19105305345
 20
688.7301715769592
 30
0.0
 11
1599.79105305345
 21
688.7301715769592
 31
0.0
  0
ARC
  5
4370
330
1F
100
AcDbEntity
  8
HALFEN
100
AcDbCircle
 10
1598.723627559875
 20
692.1942731920971
 30
0.0
 40
4.947634045020005
100
AcDbArc
 50
135.5607065943833
 51
224.4392934056167
  0
ARC
  5
4371
330
1F
100
AcDbEntity
  8
HALFEN
100
AcDbCircle
 10
1640.826436609593
 20
606.1360244805727
 30
0.0
 40
1.03540436960678
100
AcDbArc
 50
180.3632917525998
 51
220.7795063767222
  0
LINE
  5
4372
330
1F
100
AcDbEntity
  8
HALFEN
100
AcDbLine
 10
1637.79105305345
 20
604.118925104249
 30
0.0
 11
1637.79105305345
 21
622.1189251042487
 31
0.0
  0
LINE
  5
4373
330
1F
100
AcDbEntity
  8
HALFEN
100
AcDbLine
 10
1639.79105305345
 20
604.1189251042489
 30
0.0
 11
1639.79105305345
 21
622.1189251042487
 31
0.0
  0
ARC
  5
4374
330
1F
100
AcDbEntity
  8
HALFEN
100
AcDbCircle
 10
1636.29105305345
 20
604.118925104249
 30
0.0
 40
3.5
100
AcDbArc
 50
272.7581246076785
 51
0.0
  0
LINE
  5
4375
330
1F
100
AcDbEntity
  8
HALFEN
100
AcDbLine
 10
1638.285022240985
 20
600.6189251042489
 30
0.0
 11
1636.375311447356
 21
600.6189251042489
 31
0.0
  0
ARC
  5
4376
330
1F
100
AcDbEntity
  8
HALFEN
100
AcDbCircle
 10
1636.29105305345
 20
604.118925104249
 30
0.0
 40
1.5
100
AcDbArc
 50
270.0
 51
0.0
  0
ARC
  5
4377
330
1F
100
AcDbEntity
  8
HALFEN
100
AcDbCircle
 10
1637.876599974993
 20
603.5066005341508
 30
0.0
 40
2.91641528864085
100
AcDbArc
 50
278.0503090761797
 51
42.04461517369604
  0
LINE
  5
4378
330
1F
100
AcDbEntity
  8
HALFEN
100
AcDbLine
 10
1638.283322454133
 20
625.6266098610666
 30
0.0
 11
1636.459472234075
 21
625.6148706100597
 31
0.0
  0
ARC
  5
4379
330
1F
100
AcDbEntity
  8
HALFEN
100
AcDbCircle
 10
1636.29105305345
 20
622.1189251042488
 30
0.0
 40
3.5
100
AcDbArc
 50
0.0
 51
87.24187539232143
  0
ARC
  5
437A
330
1F
100
AcDbEntity
  8
HALFEN
100
AcDbCircle
 10
1636.29105305345
 20
622.1189251042487
 30
0.0
 40
1.5
100
AcDbArc
 50
0.0
 51
90.0
  0
ARC
  5
437B
330
1F
100
AcDbEntity
  8
HALFEN
100
AcDbCircle
 10
1637.874637764809
 20
622.738971559525
 30
0.0
 40
2.91641528864085
100
AcDbArc
 50
317.9553848263083
 51
81.94969092382029
  0
ARC
  5
437C
330
1F
100
AcDbEntity
  8
HALFEN
100
AcDbCircle
 10
1640.824474399409
 20
620.1095476131032
 30
0.0
 40
1.035404369607112
100
AcDbArc
 50
139.2204936232942
 51
179.6367082474003
  0
LINE
  5
437D
330
1F
100
AcDbEntity
  8
HALFEN
100
AcDbLine
 10
1640.791053053449
 20
671.8019683466839
 30
0.0
 11
1640.791053053449
 21
691.8019683466837
 31
0.0
1001
ACAD
1000
ASC_BOUNDS
1002
{
1070
    19
1005
0
1002
}
  0
ARC
  5
437E
330
1F
100
AcDbEntity
  8
HALFEN
100
AcDbCircle
 10
1640.791053053449
 20
692.8019683466837
 30
0.0
 40
1.0
100
AcDbArc
 50
180.0
 51
270.0
1001
ACAD
1000
ASC_BOUNDS
1002
{
1070
    19
1002
}
  0
LINE
  5
4380
330
1F
100
AcDbEntity
  8
HALFEN
100
AcDbLine
 10
1639.79105305345
 20
776.8019683466838
 30
0.0
 11
1633.79105305345
 21
776.8019683466838
 31
0.0
  0
LINE
  5
4384
330
1F
100
AcDbEntity
  8
HALFEN
100
AcDbLine
 10
1689.116899831957
 20
776.8019683466839
 30
0.0
 11
1717.63256232107
 21
776.8019683466839
 31
0.0
  0
LINE
  5
4385
330
1F
100
AcDbEntity
  8
HALFEN
100
AcDbLine
 10
1689.116899831957
 20
671.8019683466836
 30
0.0
 11
1696.695239152202
 21
671.8019683466839
 31
0.0
  0
LINE
  5
4386
330
1F
100
AcDbEntity
  8
HALFEN
100
AcDbLine
 10
1710.054223000825
 20
671.8019683466836
 30
0.0
 11
1717.63256232107
 21
671.8019683466836
 31
0.0
  0
LINE
  5
4387
330
1F
100
AcDbEntity
  8
HALFEN
100
AcDbLine
 10
1689.116899831957
 20
671.8019683466836
 30
0.0
 11
1689.116899831957
 21
776.8019683466842
 31
0.0
  0
LINE
  5
4388
330
1F
100
AcDbEntity
  8
HALFEN
100
AcDbLine
 10
1691.374731076513
 20
671.8019683466839
 30
0.0
 11
1691.374731076514
 21
679.3019683466837
 31
0.0
  0
LINE
  5
4389
330
1F
100
AcDbEntity
  8
HALFEN
100
AcDbLine
 10
1691.374731076513
 20
684.3019683466835
 30
0.0
 11
1691.374731076513
 21
776.8019683466838
 31
0.0
  0
LINE
  5
438A
330
1F
100
AcDbEntity
  8
HALFEN
100
AcDbLine
 10
1717.63256232107
 20
671.8019683466836
 30
0.0
 11
1717.63256232107
 21
776.8019683466842
 31
0.0
  0
LINE
  5
438B
330
1F
100
AcDbEntity
  8
HALFEN
100
AcDbLine
 10
1715.374731076513
 20
671.8019683466839
 30
0.0
 11
1715.374731076513
 21
679.3019683466837
 31
0.0
  0
LINE
  5
438C
330
1F
100
AcDbEntity
  8
HALFEN
100
AcDbLine
 10
1715.374731076513
 20
684.3019683466835
 30
0.0
 11
1715.374731076513
 21
776.8019683466838
 31
0.0
  0
ARC
  5
438D
330
1F
100
AcDbEntity
  8
HALFEN
100
AcDbCircle
 10
1703.374731076513
 20
681.8019683466836
 30
0.0
 40
11.25
100
AcDbArc
 50
12.8395884069042
 51
77.1604115930958
  0
ARC
  5
438E
330
1F
100
AcDbEntity
  8
HALFEN
100
AcDbCircle
 10
1703.374731076513
 20
681.8019683466836
 30
0.0
 40
11.25
100
AcDbArc
 50
102.8395884069042
 51
167.160411593097
  0
ARC
  5
438F
330
1F
100
AcDbEntity
  8
HALFEN
100
AcDbCircle
 10
1703.374731076513
 20
681.8019683466836
 30
0.0
 40
11.25
100
AcDbArc
 50
192.8395884069042
 51
257.1604115930958
  0
ARC
  5
4390
330
1F
100
AcDbEntity
  8
HALFEN
100
AcDbCircle
 10
1703.374731076513
 20
681.8019683466836
 30
0.0
 40
11.25
100
AcDbArc
 50
282.8395884069042
 51
347.1604115930964
  0
LINE
  5
4391
330
1F
100
AcDbEntity
  8
HALFEN
100
AcDbLine
 10
1691.374731076513
 20
674.8737651164081
 30
0.0
 11
1700.874731076513
 21
669.3889375591067
 31
0.0
  0
LINE
  5
4392
330
1F
100
AcDbEntity
  8
HALFEN
100
AcDbLine
 10
1705.874731076513
 20
669.3889375591063
 30
0.0
 11
1715.374731076513
 21
674.8737651164084
 31
0.0
  0
LINE
  5
4393
330
1F
100
AcDbEntity
  8
HALFEN
100
AcDbLine
 10
1715.374731076513
 20
674.8737651164084
 30
0.0
 11
1715.374731076513
 21
679.3019683466837
 31
0.0
  0
LINE
  5
4394
330
1F
100
AcDbEntity
  8
HALFEN
100
AcDbLine
 10
1715.374731076513
 20
684.3019683466836
 30
0.0
 11
1715.374731076513
 21
688.730171576959
 31
0.0
  0
LINE
  5
4395
330
1F
100
AcDbEntity
  8
HALFEN
100
AcDbLine
 10
1715.374731076513
 20
688.730171576959
 30
0.0
 11
1705.874731076513
 21
694.2149991342605
 31
0.0
  0
LINE
  5
4396
330
1F
100
AcDbEntity
  8
HALFEN
100
AcDbLine
 10
1700.874731076513
 20
694.2149991342604
 30
0.0
 11
1691.374731076513
 21
688.7301715769583
 31
0.0
  0
LINE
  5
4397
330
1F
100
AcDbEntity
  8
HALFEN
100
AcDbLine
 10
1691.374731076513
 20
688.7301715769583
 30
0.0
 11
1691.374731076514
 21
684.3019683466835
 31
0.0
  0
LINE
  5
4398
330
1F
100
AcDbEntity
  8
HALFEN
100
AcDbLine
 10
1691.374731076514
 20
679.3019683466837
 30
0.0
 11
1691.374731076513
 21
674.8737651164081
 31
0.0
  0
ARC
  5
4399
330
1F
100
AcDbEntity
  8
HALFEN
100
AcDbCircle
 10
1703.374731076513
 20
738.0519683466839
 30
0.0
 40
4.25
100
AcDbArc
 50
180.0
 51
0.0
  0
ARC
  5
439A
330
1F
100
AcDbEntity
  8
HALFEN
100
AcDbCircle
 10
1703.374731076513
 20
757.5519683466839
 30
0.0
 40
4.25
100
AcDbArc
 50
0.0
 51
180.0
  0
LINE
  5
439B
330
1F
100
AcDbEntity
  8
HALFEN
100
AcDbLine
 10
1699.124731076513
 20
738.0519683466839
 30
0.0
 11
1699.124731076513
 21
757.5519683466839
 31
0.0
  0
LINE
  5
439C
330
1F
100
AcDbEntity
  8
HALFEN
100
AcDbLine
 10
1707.624731076514
 20
757.5519683466839
 30
0.0
 11
1707.624731076514
 21
738.0519683466839
 31
0.0
  0
LINE
  5
439D
330
1F
100
AcDbEntity
  8
HALFEN
100
AcDbLine
 10
1715.374731076513
 20
756.3019683466838
 30
0.0
 11
1707.624731076514
 21
756.3019683466838
 31
0.0
  0
LINE
  5
439E
330
1F
100
AcDbEntity
  8
HALFEN
100
AcDbLine
 10
1715.374731076513
 20
757.3019683466838
 30
0.0
 11
1707.624731076514
 21
757.3019683466838
 31
0.0
  0
LINE
  5
439F
330
1F
100
AcDbEntity
  8
HALFEN
100
AcDbLine
 10
1715.374731076513
 20
758.3019683466837
 30
0.0
 11
1707.558031209184
 21
758.3019683466837
 31
0.0
  0
LINE
  5
43A0
330
1F
100
AcDbEntity
  8
HALFEN
100
AcDbLine
 10
1715.374731076513
 20
759.3019683466837
 30
0.0
 11
1707.247714422721
 21
759.3019683466837
 31
0.0
  0
LINE
  5
43A1
330
1F
100
AcDbEntity
  8
HALFEN
100
AcDbLine
 10
1715.374731076513
 20
760.3019683466836
 30
0.0
 11
1706.615101425717
 21
760.3019683466839
 31
0.0
  0
LINE
  5
43A2
330
1F
100
AcDbEntity
  8
HALFEN
100
AcDbLine
 10
1715.374731076513
 20
735.3019683466838
 30
0.0
 11
1706.615101425717
 21
735.3019683466838
 31
0.0
  0
LINE
  5
43A3
330
1F
100
AcDbEntity
  8
HALFEN
100
AcDbLine
 10
1715.374731076513
 20
736.3019683466834
 30
0.0
 11
1707.247714422721
 21
736.3019683466838
 31
0.0
  0
LINE
  5
43A4
330
1F
100
AcDbEntity
  8
HALFEN
100
AcDbLine
 10
1715.374731076513
 20
737.3019683466838
 30
0.0
 11
1707.558031209184
 21
737.3019683466838
 31
0.0
  0
LINE
  5
43A5
330
1F
100
AcDbEntity
  8
HALFEN
100
AcDbLine
 10
1715.374731076513
 20
738.3019683466837
 30
0.0
 11
1707.624731076514
 21
738.3019683466837
 31
0.0
  0
LINE
  5
43A6
330
1F
100
AcDbEntity
  8
HALFEN
100
AcDbLine
 10
1715.374731076513
 20
739.3019683466836
 30
0.0
 11
1707.624731076514
 21
739.3019683466841
 31
0.0
  0
LINE
  5
43A7
330
1F
100
AcDbEntity
  8
HALFEN
100
AcDbLine
 10
1715.374731076513
 20
762.3019683466838
 30
0.0
 11
1691.374731076513
 21
762.3019683466838
 31
0.0
  0
LINE
  5
43A8
330
1F
100
AcDbEntity
  8
HALFEN
100
AcDbLine
 10
1715.374731076513
 20
763.3019683466837
 30
0.0
 11
1691.374731076513
 21
763.3019683466837
 31
0.0
  0
LINE
  5
43A9
330
1F
100
AcDbEntity
  8
HALFEN
100
AcDbLine
 10
1715.374731076513
 20
764.3019683466836
 30
0.0
 11
1691.374731076513
 21
764.3019683466838
 31
0.0
  0
LINE
  5
43AA
330
1F
100
AcDbEntity
  8
HALFEN
100
AcDbLine
 10
1715.374731076513
 20
732.3019683466838
 30
0.0
 11
1691.374731076513
 21
732.3019683466838
 31
0.0
  0
LINE
  5
43AB
330
1F
100
AcDbEntity
  8
HALFEN
100
AcDbLine
 10
1715.374731076513
 20
733.3019683466837
 30
0.0
 11
1691.374731076513
 21
733.3019683466837
 31
0.0
  0
LINE
  5
43AC
330
1F
100
AcDbEntity
  8
HALFEN
100
AcDbLine
 10
1699.124731076513
 20
751.3019683466837
 30
0.0
 11
1691.374731076513
 21
751.3019683466837
 31
0.0
  0
LINE
  5
43AD
330
1F
100
AcDbEntity
  8
HALFEN
100
AcDbLine
 10
1699.124731076513
 20
750.3019683466837
 30
0.0
 11
1691.374731076513
 21
750.3019683466837
 31
0.0
  0
LINE
  5
43AE
330
1F
100
AcDbEntity
  8
HALFEN
100
AcDbLine
 10
1699.124731076513
 20
749.3019683466838
 30
0.0
 11
1691.374731076513
 21
749.3019683466838
 31
0.0
  0
LINE
  5
43AF
330
1F
100
AcDbEntity
  8
HALFEN
100
AcDbLine
 10
1699.124731076513
 20
748.3019683466838
 30
0.0
 11
1691.374731076513
 21
748.3019683466836
 31
0.0
  0
LINE
  5
43B0
330
1F
100
AcDbEntity
  8
HALFEN
100
AcDbLine
 10
1699.124731076513
 20
747.3019683466837
 30
0.0
 11
1691.374731076513
 21
747.3019683466837
 31
0.0
  0
LINE
  5
43B1
330
1F
100
AcDbEntity
  8
HALFEN
100
AcDbLine
 10
1699.124731076513
 20
746.3019683466832
 30
0.0
 11
1691.374731076513
 21
746.3019683466841
 31
0.0
  0
LINE
  5
43B2
330
1F
100
AcDbEntity
  8
HALFEN
100
AcDbLine
 10
1699.124731076513
 20
745.3019683466832
 30
0.0
 11
1691.374731076513
 21
745.3019683466841
 31
0.0
  0
LINE
  5
43B3
330
1F
100
AcDbEntity
  8
HALFEN
100
AcDbLine
 10
1699.124731076513
 20
743.3019683466838
 30
0.0
 11
1691.374731076513
 21
743.3019683466838
 31
0.0
  0
LINE
  5
43B4
330
1F
100
AcDbEntity
  8
HALFEN
100
AcDbLine
 10
1699.124731076513
 20
752.3019683466838
 30
0.0
 11
1691.374731076513
 21
752.3019683466838
 31
0.0
  0
LINE
  5
43B5
330
1F
100
AcDbEntity
  8
HALFEN
100
AcDbLine
 10
1699.124731076513
 20
755.3019683466837
 30
0.0
 11
1691.374731076513
 21
755.3019683466836
 31
0.0
  0
LINE
  5
43B6
330
1F
100
AcDbEntity
  8
HALFEN
100
AcDbLine
 10
1699.124731076513
 20
740.3019683466838
 30
0.0
 11
1691.374731076513
 21
740.3019683466838
 31
0.0
  0
LINE
  5
43B7
330
1F
100
AcDbEntity
  8
HALFEN
100
AcDbLine
 10
1699.124731076513
 20
753.3019683466838
 30
0.0
 11
1691.374731076513
 21
753.3019683466838
 31
0.0
  0
LINE
  5
43B8
330
1F
100
AcDbEntity
  8
HALFEN
100
AcDbLine
 10
1699.124731076513
 20
754.3019683466837
 30
0.0
 11
1691.374731076513
 21
754.3019683466837
 31
0.0
  0
LINE
  5
43B9
330
1F
100
AcDbEntity
  8
HALFEN
100
AcDbLine
 10
1699.124731076513
 20
756.3019683466838
 30
0.0
 11
1691.374731076513
 21
756.3019683466836
 31
0.0
  0
LINE
  5
43BA
330
1F
100
AcDbEntity
  8
HALFEN
100
AcDbLine
 10
1699.124731076513
 20
757.3019683466838
 30
0.0
 11
1691.374731076513
 21
757.3019683466838
 31
0.0
  0
LINE
  5
43BB
330
1F
100
AcDbEntity
  8
HALFEN
100
AcDbLine
 10
1699.191430943843
 20
758.3019683466837
 30
0.0
 11
1691.374731076513
 21
758.3019683466837
 31
0.0
  0
LINE
  5
43BC
330
1F
100
AcDbEntity
  8
HALFEN
100
AcDbLine
 10
1699.501747730306
 20
759.3019683466837
 30
0.0
 11
1691.374731076513
 21
759.3019683466837
 31
0.0
  0
LINE
  5
43BD
330
1F
100
AcDbEntity
  8
HALFEN
100
AcDbLine
 10
1700.134360727309
 20
760.3019683466838
 30
0.0
 11
1691.374731076513
 21
760.3019683466838
 31
0.0
  0
LINE
  5
43BE
330
1F
100
AcDbEntity
  8
HALFEN
100
AcDbLine
 10
1691.374731076513
 20
744.3019683466839
 30
0.0
 11
1699.124731076513
 21
744.3019683466832
 31
0.0
  0
LINE
  5
43BF
330
1F
100
AcDbEntity
  8
HALFEN
100
AcDbLine
 10
1700.13436072731
 20
735.3019683466838
 30
0.0
 11
1691.374731076513
 21
735.3019683466838
 31
0.0
  0
LINE
  5
43C0
330
1F
100
AcDbEntity
  8
HALFEN
100
AcDbLine
 10
1699.501747730306
 20
736.3019683466838
 30
0.0
 11
1691.374731076513
 21
736.3019683466838
 31
0.0
  0
LINE
  5
43C1
330
1F
100
AcDbEntity
  8
HALFEN
100
AcDbLine
 10
1699.191430943843
 20
737.3019683466838
 30
0.0
 11
1691.374731076513
 21
737.3019683466838
 31
0.0
  0
LINE
  5
43C2
330
1F
100
AcDbEntity
  8
HALFEN
100
AcDbLine
 10
1699.124731076513
 20
738.3019683466837
 30
0.0
 11
1691.374731076513
 21
738.3019683466837
 31
0.0
  0
LINE
  5
43C3
330
1F
100
AcDbEntity
  8
HALFEN
100
AcDbLine
 10
1699.124731076513
 20
739.3019683466838
 30
0.0
 11
1691.374731076513
 21
739.3019683466836
 31
0.0
  0
LINE
  5
43C4
330
1F
100
AcDbEntity
  8
HALFEN
100
AcDbLine
 10
1699.124731076513
 20
741.3019683466838
 30
0.0
 11
1691.374731076513
 21
741.3019683466838
 31
0.0
  0
LINE
  5
43C5
330
1F
100
AcDbEntity
  8
HALFEN
100
AcDbLine
 10
1699.124731076513
 20
742.3019683466837
 30
0.0
 11
1691.374731076513
 21
742.3019683466837
 31
0.0
  0
LINE
  5
43C6
330
1F
100
AcDbEntity
  8
HALFEN
100
AcDbLine
 10
1715.374731076513
 20
761.3019683466838
 30
0.0
 11
1705.374731076514
 21
761.3019683466838
 31
0.0
  0
LINE
  5
43C7
330
1F
100
AcDbEntity
  8
HALFEN
100
AcDbLine
 10
1701.374731076513
 20
761.3019683466838
 30
0.0
 11
1691.374731076513
 21
761.3019683466838
 31
0.0
  0
LINE
  5
43C8
330
1F
100
AcDbEntity
  8
HALFEN
100
AcDbLine
 10
1701.374731076514
 20
734.3019683466837
 30
0.0
 11
1691.374731076514
 21
734.3019683466837
 31
0.0
  0
LINE
  5
43C9
330
1F
100
AcDbEntity
  8
HALFEN
100
AcDbLine
 10
1707.624731076514
 20
744.3019683466838
 30
0.0
 11
1715.374731076513
 21
744.3019683466838
 31
0.0
  0
LINE
  5
43CA
330
1F
100
AcDbEntity
  8
HALFEN
100
AcDbLine
 10
1715.374731076513
 20
749.3019683466833
 30
0.0
 11
1707.624731076513
 21
749.3019683466846
 31
0.0
  0
LINE
  5
43CB
330
1F
100
AcDbEntity
  8
HALFEN
100
AcDbLine
 10
1715.374731076513
 20
750.3019683466833
 30
0.0
 11
1707.624731076514
 21
750.3019683466844
 31
0.0
  0
LINE
  5
43CC
330
1F
100
AcDbEntity
  8
HALFEN
100
AcDbLine
 10
1715.374731076513
 20
751.3019683466835
 30
0.0
 11
1707.624731076514
 21
751.3019683466843
 31
0.0
  0
LINE
  5
43CD
330
1F
100
AcDbEntity
  8
HALFEN
100
AcDbLine
 10
1715.374731076513
 20
752.3019683466834
 30
0.0
 11
1707.624731076514
 21
752.3019683466841
 31
0.0
  0
LINE
  5
43CE
330
1F
100
AcDbEntity
  8
HALFEN
100
AcDbLine
 10
1715.374731076513
 20
753.3019683466838
 30
0.0
 11
1707.624731076513
 21
753.3019683466838
 31
0.0
  0
LINE
  5
43CF
330
1F
100
AcDbEntity
  8
HALFEN
100
AcDbLine
 10
1715.374731076513
 20
754.3019683466837
 30
0.0
 11
1707.624731076514
 21
754.3019683466837
 31
0.0
  0
LINE
  5
43D0
330
1F
100
AcDbEntity
  8
HALFEN
100
AcDbLine
 10
1715.374731076513
 20
755.3019683466837
 30
0.0
 11
1707.624731076514
 21
755.3019683466837
 31
0.0
  0
LINE
  5
43D1
330
1F
100
AcDbEntity
  8
HALFEN
100
AcDbLine
 10
1715.374731076513
 20
745.3019683466838
 30
0.0
 11
1707.624731076514
 21
745.3019683466838
 31
0.0
  0
LINE
  5
43D2
330
1F
100
AcDbEntity
  8
HALFEN
100
AcDbLine
 10
1715.374731076513
 20
746.3019683466837
 30
0.0
 11
1707.624731076513
 21
746.3019683466837
 31
0.0
  0
LINE
  5
43D3
330
1F
100
AcDbEntity
  8
HALFEN
100
AcDbLine
 10
1715.374731076513
 20
747.3019683466842
 30
0.0
 11
1707.624731076513
 21
747.301968346683
 31
0.0
  0
LINE
  5
43D4
330
1F
100
AcDbEntity
  8
HALFEN
100
AcDbLine
 10
1715.374731076513
 20
748.3019683466841
 30
0.0
 11
1707.624731076513
 21
748.3019683466832
 31
0.0
  0
LINE
  5
43D5
330
1F
100
AcDbEntity
  8
HALFEN
100
AcDbLine
 10
1715.374731076513
 20
734.3019683466837
 30
0.0
 11
1705.374731076513
 21
734.3019683466837
 31
0.0
  0
LINE
  5
43D6
330
1F
100
AcDbEntity
  8
HALFEN
100
AcDbLine
 10
1715.374731076513
 20
740.3019683466838
 30
0.0
 11
1707.624731076513
 21
740.3019683466838
 31
0.0
  0
LINE
  5
43D7
330
1F
100
AcDbEntity
  8
HALFEN
100
AcDbLine
 10
1715.374731076513
 20
741.3019683466838
 30
0.0
 11
1707.624731076514
 21
741.3019683466838
 31
0.0
  0
LINE
  5
43D8
330
1F
100
AcDbEntity
  8
HALFEN
100
AcDbLine
 10
1715.374731076513
 20
742.3019683466836
 30
0.0
 11
1707.624731076514
 21
742.3019683466837
 31
0.0
  0
LINE
  5
43D9
330
1F
100
AcDbEntity
  8
HALFEN
100
AcDbLine
 10
1715.374731076513
 20
743.3019683466838
 30
0.0
 11
1707.624731076514
 21
743.3019683466838
 31
0.0
  0
LINE
  5
43DA
330
1F
100
AcDbEntity
  8
HALFEN
100
AcDbLine
 10
1715.374731076513
 20
731.3019683466838
 30
0.0
 11
1691.374731076513
 21
731.3019683466838
 31
0.0
  0
LINE
  5
43DB
330
1F
100
AcDbEntity
  8
HALFEN
  6
STRICHPUNKT2
 62
     1
 48
0.5
100
AcDbLine
 10
1703.374731076513
 20
730.8019683466839
 30
0.0
 11
1703.374731076513
 21
764.8019683466839
 31
0.0
  0
LINE
  5
43DC
330
1F
100
AcDbEntity
  8
HALFEN
  6
STRICHPUNKT2
 62
     1
 48
0.5
100
AcDbLine
 10
1696.124731076514
 20
747.8019683466839
 30
0.0
 11
1710.624731076514
 21
747.8019683466839
 31
0.0
  0
LINE
  5
43DD
330
1F
100
AcDbEntity
  8
HALFEN
100
AcDbLine
 10
1533.79105305345
 20
679.3019683466837
 30
0.0
 11
1558.79105305345
 21
679.3019683466837
 31
0.0
  0
LINE
  5
43DE
330
1F
100
AcDbEntity
  8
HALFEN
100
AcDbLine
 10
1533.79105305345
 20
684.3019683466836
 30
0.0
 11
1558.79105305345
 21
684.3019683466836
 31
0.0
  0
LINE
  5
43DF
330
1F
100
AcDbEntity
  8
HALFEN
100
AcDbLine
 10
1533.79105305345
 20
684.3019683466836
 30
0.0
 11
1533.79105305345
 21
679.3019683466837
 31
0.0
  0
LINE
  5
43E3
330
1F
100
AcDbEntity
  8
HALFEN
100
AcDbLine
 10
1563.79105305345
 20
673.8019683466837
 30
0.0
 11
1593.79105305345
 21
673.8019683466839
 31
0.0
  0
LINE
  5
43E4
330
1F
100
AcDbEntity
  8
HALFEN
100
AcDbLine
 10
1563.79105305345
 20
689.8019683466838
 30
0.0
 11
1593.79105305345
 21
689.8019683466838
 31
0.0
  0
LINE
  5
43E5
330
1F
100
AcDbEntity
  8
HALFEN
100
AcDbLine
 10
1558.79105305345
 20
679.3019683466837
 30
0.0
 11
1563.79105305345
 21
673.8019683466837
 31
0.0
  0
LINE
  5
43E7
330
1F
100
AcDbEntity
  8
HALFEN
100
AcDbLine
 10
1558.79105305345
 20
684.3019683466836
 30
0.0
 11
1563.79105305345
 21
689.8019683466838
 31
0.0
  0
LINE
  5
43EC
330
1F
100
AcDbEntity
  8
HALFEN
100
AcDbLine
 10
1593.79105305345
 20
688.5750983466838
 30
0.0
 11
1593.79105305345
 21
675.0288383466838
 31
0.0
  0
ELLIPSE
  5
43ED
330
1F
100
AcDbEntity
  8
HALFEN
100
AcDbEllipse
 10
1544.195799280548
 20
613.1189251042626
 30
0.0
 11
-19.59525377290232
 21
0.0000000000006495
 31
0.0
210
0.0
220
0.0
230
1.0
 40
0.6634259576662032
 41
4.009859693674862
 42
4.71238898038471
  0
ELLIPSE
  5
43EE
330
1F
100
AcDbEntity
  8
HALFEN
100
AcDbEllipse
 10
1544.195799280548
 20
613.1189251042626
 30
0.0
 11
19.59525377290196
 21
0.0000000000000534
 31
0.0
210
0.0
220
0.0
230
1.0
 40
0.6634259576662154
 41
4.712388980384687
 42
5.414918267092303
  0
ARC
  5
43F0
330
1F
100
AcDbEntity
  8
HALFEN
100
AcDbCircle
 10
1554.345924344629
 20
613.1189251042577
 30
0.0
 40
20.55487129117615
100
AcDbArc
 50
143.6492833696231
 51
216.3585352849934
  0
ARC
  5
43F1
330
1F
100
AcDbEntity
  8
HALFEN
100
AcDbCircle
 10
1539.403258965513
 20
602.1189251042626
 30
0.0
 40
2.0
100
AcDbArc
 50
216.3585352849934
 51
270.0
  0
LINE
  5
43F2
330
1F
100
AcDbEntity
  8
HALFEN
100
AcDbLine
 10
1539.403258965513
 20
600.1189251042626
 30
0.0
 11
1544.195799280552
 21
600.1189251042626
 31
0.0
  0
CIRCLE
  5
43F3
330
1F
100
AcDbEntity
  8
HALFEN
100
AcDbCircle
 10
1540.79105305345
 20
613.1189251042626
 30
0.0
 40
2.549999999999998
  0
ARC
  5
43F5
330
1F
100
AcDbEntity
  8
HALFEN
100
AcDbCircle
 10
1539.401758030718
 20
624.1168859068019
 30
0.0
 40
2.0
100
AcDbArc
 50
91.33537730059243
 51
143.6492833696231
  0
LINE
  5
43F6
330
1F
100
AcDbEntity
  8
HALFEN
100
AcDbLine
 10
1540.791053053455
 20
626.1189251042626
 30
0.0
 11
1544.195799280548
 21
626.1189251042626
 31
0.0
  0
ARC
  5
43F7
330
1F
100
AcDbEntity
  8
HALFEN
100
AcDbCircle
 10
1540.133123756943
 20
592.7425457858
 30
0.0
 40
33.38286337882191
100
AcDbArc
 50
88.8707076348764
 51
91.33537730059243
  0
LINE
  5
43FA
330
1F
100
AcDbEntity
  8
HALFEN
100
AcDbLine
 10
1564.202951767755
 20
605.1189251042626
 30
0.0
 11
1593.939373968411
 21
605.1189251042626
 31
0.0
  0
LINE
  5
43FB
330
1F
100
AcDbEntity
  8
HALFEN
100
AcDbLine
 10
1564.202951767828
 20
621.1189251042626
 30
0.0
 11
1593.939373968415
 21
621.1189251042626
 31
0.0
  0
ELLIPSE
  5
43FC
330
1F
100
AcDbEntity
  8
HALFEN
100
AcDbEllipse
 10
1544.195799280548
 20
613.1189251042626
 30
0.0
 11
19.59525377290174
 21
0.0000000000000969
 31
0.0
210
0.0
220
0.0
230
1.0
 40
0.6634259576662222
 41
-0.8682670400871396
 42
0.8682670400849584
  0
ARC
  5
43FF
330
1F
100
AcDbEntity
  8
HALFEN
100
AcDbCircle
 10
1564.202951767755
 20
590.118925104262
 30
0.0
 40
15.0
100
AcDbArc
 50
90.0
 51
119.3216395591507
  0
ARC
  5
4400
330
1F
100
AcDbEntity
  8
HALFEN
100
AcDbCircle
 10
1564.202951767821
 20
636.1189251042461
 30
0.0
 40
15.0
100
AcDbArc
 50
240.6783604407451
 51
270.000000000026
  0
LINE
  5
4401
330
1F
100
AcDbEntity
  8
HALFEN
100
AcDbLine
 10
1538.29105305345
 20
646.8019683466836
 30
0.0
 11
1538.29105305345
 21
679.3019683466837
 31
0.0
  0
LINE
  5
4402
330
1F
100
AcDbEntity
  8
HALFEN
100
AcDbLine
 10
1538.29105305345
 20
684.3019683466836
 30
0.0
 11
1538.29105305345
 21
716.8019683466837
 31
0.0
  0
LINE
  5
4403
330
1F
100
AcDbEntity
  8
HALFEN
100
AcDbLine
 10
1543.29105305345
 20
646.8019683466836
 30
0.0
 11
1543.29105305345
 21
679.3019683466837
 31
0.0
  0
LINE
  5
4404
330
1F
100
AcDbEntity
  8
HALFEN
100
AcDbLine
 10
1543.29105305345
 20
684.3019683466836
 30
0.0
 11
1543.29105305345
 21
716.8019683466837
 31
0.0
  0
LINE
  5
4405
330
1F
100
AcDbEntity
  8
HALFEN
100
AcDbLine
 10
1543.29105305345
 20
646.8019683466836
 30
0.0
 11
1538.29105305345
 21
646.8019683466836
 31
0.0
  0
LINE
  5
4406
330
1F
100
AcDbEntity
  8
HALFEN
100
AcDbLine
 10
1543.29105305345
 20
716.8019683466837
 30
0.0
 11
1538.29105305345
 21
716.8019683466837
 31
0.0
  0
LINE
  5
4407
330
1F
100
AcDbEntity
  8
HALFEN
100
AcDbLine
 10
1690.374713453079
 20
679.3019683466837
 30
0.0
 11
1716.374748699948
 21
679.3019683466837
 31
0.0
  0
LINE
  5
4408
330
1F
100
AcDbEntity
  8
HALFEN
100
AcDbLine
 10
1690.374713453079
 20
684.3019683466835
 30
0.0
 11
1716.374748699948
 21
684.3019683466836
 31
0.0
  0
LINE
  5
4409
330
1F
100
AcDbEntity
  8
HALFEN
100
AcDbLine
 10
1700.874731076513
 20
646.8019683466836
 30
0.0
 11
1700.874731076513
 21
679.3019683466837
 31
0.0
  0
LINE
  5
440A
330
1F
100
AcDbEntity
  8
HALFEN
100
AcDbLine
 10
1700.874731076513
 20
684.3019683466836
 30
0.0
 11
1700.874731076513
 21
716.8019683466837
 31
0.0
  0
LINE
  5
440B
330
1F
100
AcDbEntity
  8
HALFEN
100
AcDbLine
 10
1705.874731076513
 20
646.8019683466836
 30
0.0
 11
1705.874731076513
 21
679.3019683466837
 31
0.0
  0
LINE
  5
440C
330
1F
100
AcDbEntity
  8
HALFEN
100
AcDbLine
 10
1705.874731076513
 20
684.3019683466836
 30
0.0
 11
1705.874731076513
 21
716.8019683466837
 31
0.0
  0
LINE
  5
440D
330
1F
100
AcDbEntity
  8
HALFEN
100
AcDbLine
 10
1705.874731076513
 20
646.8019683466836
 30
0.0
 11
1700.874731076513
 21
646.8019683466836
 31
0.0
  0
LINE
  5
440E
330
1F
100
AcDbEntity
  8
HALFEN
100
AcDbLine
 10
1705.874731076513
 20
716.8019683466837
 30
0.0
 11
1700.874731076513
 21
716.8019683466837
 31
0.0
  0
LINE
  5
440F
330
1F
100
AcDbEntity
  8
HALFEN
100
AcDbLine
 10
1690.374713453079
 20
679.3019683466837
 30
0.0
 11
1690.374713453079
 21
684.3019683466835
 31
0.0
  0
ARC
  5
4410
330
1F
100
AcDbEntity
  8
HALFEN
100
AcDbCircle
 10
1703.374731076513
 20
681.8019683466836
 30
0.0
 40
8.0
100
AcDbArc
 50
108.209956864283
 51
161.790043135718
  0
ARC
  5
4411
330
1F
100
AcDbEntity
  8
HALFEN
100
AcDbCircle
 10
1703.374731076513
 20
681.8019683466836
 30
0.0
 40
8.0
100
AcDbArc
 50
198.2099568642832
 51
251.790043135717
  0
ARC
  5
4412
330
1F
100
AcDbEntity
  8
HALFEN
100
AcDbCircle
 10
1703.374731076513
 20
681.8019683466836
 30
0.0
 40
8.0
100
AcDbArc
 50
288.209956864283
 51
341.7900431357172
  0
ARC
  5
4413
330
1F
100
AcDbEntity
  8
HALFEN
100
AcDbCircle
 10
1703.374731076513
 20
681.8019683466836
 30
0.0
 40
8.0
100
AcDbArc
 50
18.20995686428329
 51
71.79004313571695
  0
LINE
  5
4414
330
1F
100
AcDbEntity
  8
HALFEN
100
AcDbLine
 10
1716.374748699948
 20
679.3019683466837
 30
0.0
 11
1716.374748699948
 21
684.3019683466836
 31
0.0
  0
LINE
  5
4BA0
330
1F
100
AcDbEntity
  8
HALFEN
100
AcDbLine
 10
1701.249609617608
 20
424.3367705080686
 30
0.0
 11
1871.25272441254
 21
424.3367705080686
 31
0.0
  0
LINE
  5
4BA1
330
1F
100
AcDbEntity
  8
HALFEN
100
AcDbLine
 10
1701.249609617608
 20
434.3367705080686
 30
0.0
 11
1871.834086171087
 21
434.3367705080686
 31
0.0
  0
LINE
  5
4BA2
330
1F
100
AcDbEntity
  8
HALFEN
100
AcDbLine
 10
1701.249609617608
 20
452.3367705080691
 30
0.0
 11
1871.834086171087
 21
452.3367705080691
 31
0.0
  0
TEXT
  5
4BA3
330
1F
100
AcDbEntity
  8
HALFEN
100
AcDbText
 10
1751.214295950224
 20
444.8367705080686
 30
0.0
 40
5.0
  1
Halfen Body - Anker BA 1310 - 2 -  A4
  7
ARIAL50
100
AcDbText
  0
TEXT
  5
4BA4
330
1F
100
AcDbEntity
  8
HALFEN
100
AcDbText
 10
1706.249609617608
 20
444.8367705080686
 30
0.0
 40
5.0
  1
Benennung
  7
ARIAL50
100
AcDbText
  0
TEXT
  5
4BA5
330
1F
100
AcDbEntity
  8
HALFEN
100
AcDbText
 10
1706.249609617608
 20
426.8367705080686
 30
0.0
 40
5.0
  1
Bestell-Nr.
  7
ARIAL50
100
AcDbText
  0
LINE
  5
4BA6
330
1F
100
AcDbEntity
  8
HALFEN
100
AcDbLine
 10
1701.249609617608
 20
424.3367705080686
 30
0.0
 11
1701.249609617608
 21
452.3367705080691
 31
0.0
  0
LINE
  5
4BA7
330
1F
100
AcDbEntity
  8
HALFEN
100
AcDbLine
 10
1746.214295950224
 20
424.3367705080686
 30
0.0
 11
1746.214295950224
 21
452.3367705080691
 31
0.0
  0
TEXT
  5
4BA8
330
1F
100
AcDbEntity
  8
HALFEN
100
AcDbText
 10
1751.214295950224
 20
426.8367705080686
 30
0.0
 40
5.0
  1
0754.020 - 00010
  7
ARIAL50
100
AcDbText
  0
LINE
  5
4BA9
330
1F
100
AcDbEntity
  8
HALFEN
100
AcDbLine
 10
1871.834086171087
 20
424.3367705080686
 30
0.0
 11
1871.834086171087
 21
452.3367705080691
 31
0.0
  0
LINE
  5
4BAA
330
1F
100
AcDbEntity
  8
HALFEN
100
AcDbLine
 10
1789.308722175931
 20
324.597689101553
 30
0.0
 11
1789.308722175931
 21
408.597689101553
 31
0.0
1001
ACAD
1000
ASC_BOUNDS
1002
{
1070
    19
1005
0
1005
0
1005
0
1005
0
1005
0
1005
0
1005
0
1005
0
1005
0
1002
}
  0
LINE
  5
4BAB
330
1F
100
AcDbEntity
  8
HALFEN
100
AcDbLine
 10
1749.30872217593
 20
323.597689101553
 30
0.0
 11
1783.308722175931
 21
408.597689101553
 31
0.0
  0
LINE
  5
4BAC
330
1F
100
AcDbEntity
  8
HALFEN
100
AcDbLine
 10
1785.88090182477
 20
255.4129082187511
 30
0.0
 11
1749.30872217593
 21
257.1747939574974
 31
0.0
  0
LINE
  5
4BAD
330
1F
100
AcDbEntity
  8
HALFEN
100
AcDbLine
 10
1785.977141356555
 20
257.4105913649287
 30
0.0
 11
1749.404961707716
 21
259.1724771036747
 31
0.0
  0
LINE
  5
4BAE
330
1F
100
AcDbEntity
  8
HALFEN
100
AcDbLine
 10
1785.977141356555
 20
232.4187003533075
 30
0.0
 11
1749.404961707716
 21
230.6568146145613
 31
0.0
  0
LINE
  5
4BAF
330
1F
100
AcDbEntity
  8
HALFEN
100
AcDbLine
 10
1785.88090182477
 20
234.4163834994849
 30
0.0
 11
1749.30872217593
 21
232.6544977607389
 31
0.0
  0
ARC
  5
4BB0
330
1F
100
AcDbEntity
  8
HALFEN
100
AcDbCircle
 10
1742.551732484287
 20
238.9146458591183
 30
0.0
 40
13.55700550869242
100
AcDbArc
 50
333.7316689015461
 51
26.26833109845102
  0
ARC
  5
4BB1
330
1F
100
AcDbEntity
  8
HALFEN
100
AcDbCircle
 10
1756.865711867574
 20
238.9146458591183
 30
0.0
 40
13.55700550869242
100
AcDbArc
 50
153.7316689015489
 51
206.268331098454
  0
LINE
  5
4BB2
330
1F
100
AcDbEntity
  8
HALFEN
100
AcDbLine
 10
1754.708722175931
 20
232.914645859118
 30
0.0
 11
1744.708722175931
 21
232.914645859118
 31
0.0
  0
LINE
  5
4BB3
330
1F
100
AcDbEntity
  8
HALFEN
100
AcDbLine
 10
1749.30872217593
 20
232.6544977607389
 30
0.0
 11
1749.404961707716
 21
230.6568146145613
 31
0.0
  0
LINE
  5
4BB5
330
1F
100
AcDbEntity
  8
HALFEN
100
AcDbLine
 10
1754.708722175931
 20
256.914645859118
 30
0.0
 11
1744.70872217593
 21
256.9146458591181
 31
0.0
  0
LINE
  5
4BB6
330
1F
100
AcDbEntity
  8
HALFEN
100
AcDbLine
 10
1754.708722175931
 20
244.9146458591181
 30
0.0
 11
1744.708722175931
 21
244.9146458591181
 31
0.0
  0
LINE
  5
4BB7
330
1F
100
AcDbEntity
  8
HALFEN
100
AcDbLine
 10
1743.308722175931
 20
250.935354876488
 30
0.0
 11
1743.308722175931
 21
238.8939368417756
 31
0.0
  0
ARC
  5
4BB8
330
1F
100
AcDbEntity
  8
HALFEN
100
AcDbCircle
 10
1756.865711867574
 20
250.9146458591181
 30
0.0
 40
13.55700550869242
100
AcDbArc
 50
153.731668901546
 51
206.268331098451
  0
LINE
  5
4BB9
330
1F
100
AcDbEntity
  8
HALFEN
100
AcDbLine
 10
1756.108722175931
 20
250.935354876488
 30
0.0
 11
1756.108722175931
 21
238.8939368417613
 31
0.0
  0
ARC
  5
4BBA
330
1F
100
AcDbEntity
  8
HALFEN
100
AcDbCircle
 10
1742.551732484287
 20
250.9146458591181
 30
0.0
 40
13.55700550869242
100
AcDbArc
 50
333.731668901549
 51
26.26833109845394
  0
LINE
  5
4BBB
330
1F
100
AcDbEntity
  8
HALFEN
100
AcDbLine
 10
1749.30872217593
 20
257.1747939574974
 30
0.0
 11
1749.404961707716
 21
259.1724771036747
 31
0.0
  0
LINE
  5
4BBD
330
1F
100
AcDbEntity
  8
HALFEN
100
AcDbLine
 10
1749.30872217593
 20
323.597689101553
 30
0.0
 11
1749.30872217593
 21
303.597689101553
 31
0.0
  0
LINE
  5
4BBE
330
1F
100
AcDbEntity
  8
HALFEN
100
AcDbLine
 10
1743.308722175931
 20
323.597689101553
 30
0.0
 11
1743.308722175931
 21
303.5976891015529
 31
0.0
  0
ARC
  5
4BBF
330
1F
100
AcDbEntity
  8
HALFEN
100
AcDbCircle
 10
1761.151579318788
 20
313.597689101553
 30
0.0
 40
17.84285714285705
100
AcDbArc
 50
157.1518592214939
 51
202.8481407785061
  0
LINE
  5
4BC0
330
1F
100
AcDbEntity
  8
HALFEN
100
AcDbLine
 10
1756.108722175931
 20
303.597689101553
 30
0.0
 11
1756.108722175931
 21
302.8196493964092
 31
0.0
  0
LINE
  5
4BC1
330
1F
100
AcDbEntity
  8
HALFEN
100
AcDbLine
 10
1743.308722175931
 20
324.375728806697
 30
0.0
 11
1743.308722175931
 21
302.8196493964088
 31
0.0
  0
LINE
  5
4BC2
330
1F
100
AcDbEntity
  8
HALFEN
100
AcDbLine
 10
1744.708722175931
 20
306.6694858712774
 30
0.0
 11
1749.30872217593
 21
306.6694858712773
 31
0.0
  0
LINE
  5
4BC3
330
1F
100
AcDbEntity
  8
HALFEN
100
AcDbLine
 10
1744.70872217593
 20
299.7412826410021
 30
0.0
 11
1754.708722175931
 21
299.7412826410021
 31
0.0
  0
ARC
  5
4BC4
330
1F
100
AcDbEntity
  8
HALFEN
100
AcDbCircle
 10
1748.241296682355
 20
303.2053842561398
 30
0.0
 40
4.947634045020005
100
AcDbArc
 50
135.5607065943833
 51
224.4392934056167
  0
LINE
  5
4BC5
330
1F
100
AcDbEntity
  8
HALFEN
100
AcDbLine
 10
1749.30872217593
 20
303.597689101553
 30
0.0
 11
1790.308722175931
 21
303.597689101553
 31
0.0
1001
ACAD
1000
ASC_BOUNDS
1002
{
1070
    19
1002
}
  0
ARC
  5
4BC6
330
1F
100
AcDbEntity
  8
HALFEN
100
AcDbCircle
 10
1751.176147669506
 20
303.2053842561396
 30
0.0
 40
4.947634045020005
100
AcDbArc
 50
315.5607065943833
 51
4.5478367362347
  0
LINE
  5
4BC7
330
1F
100
AcDbEntity
  8
HALFEN
100
AcDbLine
 10
1744.70872217593
 20
327.4540955621039
 30
0.0
 11
1750.851284760151
 21
327.4540955621039
 31
0.0
  0
LINE
  5
4BC8
330
1F
100
AcDbEntity
  8
HALFEN
100
AcDbLine
 10
1744.70872217593
 20
320.5258923318285
 30
0.0
 11
1749.30872217593
 21
320.5258923318285
 31
0.0
  0
ARC
  5
4BC9
330
1F
100
AcDbEntity
  8
HALFEN
100
AcDbCircle
 10
1748.241296682355
 20
323.9899939469662
 30
0.0
 40
4.947634045020005
100
AcDbArc
 50
135.5607065943833
 51
224.4392934056167
  0
ARC
  5
4BCA
330
1F
100
AcDbEntity
  8
HALFEN
100
AcDbCircle
 10
1790.344105732074
 20
237.9317452354418
 30
0.0
 40
1.03540436960678
100
AcDbArc
 50
180.3632917525998
 51
220.7795063767222
  0
LINE
  5
4BCB
330
1F
100
AcDbEntity
  8
HALFEN
100
AcDbLine
 10
1787.308722175931
 20
235.9146458591181
 30
0.0
 11
1787.308722175931
 21
253.914645859118
 31
0.0
  0
LINE
  5
4BCC
330
1F
100
AcDbEntity
  8
HALFEN
100
AcDbLine
 10
1789.308722175931
 20
235.914645859118
 30
0.0
 11
1789.308722175931
 21
253.914645859118
 31
0.0
  0
ARC
  5
4BCD
330
1F
100
AcDbEntity
  8
HALFEN
100
AcDbCircle
 10
1785.808722175931
 20
235.9146458591181
 30
0.0
 40
3.5
100
AcDbArc
 50
272.7581246076785
 51
0.0
  0
LINE
  5
4BCE
330
1F
100
AcDbEntity
  8
HALFEN
100
AcDbLine
 10
1787.802691363466
 20
232.4146458591179
 30
0.0
 11
1785.892980569836
 21
232.4146458591179
 31
0.0
  0
ARC
  5
4BCF
330
1F
100
AcDbEntity
  8
HALFEN
100
AcDbCircle
 10
1785.808722175931
 20
235.9146458591181
 30
0.0
 40
1.5
100
AcDbArc
 50
270.0
 51
0.0
  0
ARC
  5
4BD0
330
1F
100
AcDbEntity
  8
HALFEN
100
AcDbCircle
 10
1787.394269097474
 20
235.30232128902
 30
0.0
 40
2.91641528864085
100
AcDbArc
 50
278.0503090761797
 51
42.04461517369604
  0
LINE
  5
4BD1
330
1F
100
AcDbEntity
  8
HALFEN
100
AcDbLine
 10
1787.800991576613
 20
257.4223306159357
 30
0.0
 11
1785.977141356555
 21
257.4105913649287
 31
0.0
  0
ARC
  5
4BD2
330
1F
100
AcDbEntity
  8
HALFEN
100
AcDbCircle
 10
1785.808722175931
 20
253.9146458591181
 30
0.0
 40
3.5
100
AcDbArc
 50
0.0
 51
87.24187539232143
  0
ARC
  5
4BD3
330
1F
100
AcDbEntity
  8
HALFEN
100
AcDbCircle
 10
1785.808722175931
 20
253.914645859118
 30
0.0
 40
1.5
100
AcDbArc
 50
0.0
 51
90.0
  0
ARC
  5
4BD4
330
1F
100
AcDbEntity
  8
HALFEN
100
AcDbCircle
 10
1787.39230688729
 20
254.5346923143941
 30
0.0
 40
2.91641528864085
100
AcDbArc
 50
317.9553848263083
 51
81.94969092382029
  0
ARC
  5
4BD5
330
1F
100
AcDbEntity
  8
HALFEN
100
AcDbCircle
 10
1790.34214352189
 20
251.9052683679724
 30
0.0
 40
1.035404369607112
100
AcDbArc
 50
139.2204936232942
 51
179.6367082474003
  0
LINE
  5
4BD6
330
1F
100
AcDbEntity
  8
HALFEN
100
AcDbLine
 10
1790.308722175931
 20
303.597689101553
 30
0.0
 11
1790.308722175931
 21
323.597689101553
 31
0.0
1001
ACAD
1000
ASC_BOUNDS
1002
{
1070
    19
1005
0
1002
}
  0
ARC
  5
4BD7
330
1F
100
AcDbEntity
  8
HALFEN
100
AcDbCircle
 10
1790.308722175931
 20
324.597689101553
 30
0.0
 40
1.0
100
AcDbArc
 50
180.0
 51
270.0
1001
ACAD
1000
ASC_BOUNDS
1002
{
1070
    19
1002
}
  0
LINE
  5
4BD9
330
1F
100
AcDbEntity
  8
HALFEN
100
AcDbLine
 10
1789.308722175931
 20
408.597689101553
 30
0.0
 11
1783.308722175931
 21
408.597689101553
 31
0.0
  0
LINE
  5
4BDD
330
1F
100
AcDbEntity
  8
HALFEN
100
AcDbLine
 10
1838.634568954438
 20
408.5976891015531
 30
0.0
 11
1867.150231443551
 21
408.5976891015531
 31
0.0
  0
LINE
  5
4BDE
330
1F
100
AcDbEntity
  8
HALFEN
100
AcDbLine
 10
1838.634568954438
 20
303.5976891015529
 30
0.0
 11
1846.212908274683
 21
303.597689101553
 31
0.0
  0
LINE
  5
4BDF
330
1F
100
AcDbEntity
  8
HALFEN
100
AcDbLine
 10
1859.571892123305
 20
303.5976891015529
 30
0.0
 11
1867.150231443551
 21
303.5976891015529
 31
0.0
  0
LINE
  5
4BE0
330
1F
100
AcDbEntity
  8
HALFEN
100
AcDbLine
 10
1838.634568954438
 20
303.5976891015529
 30
0.0
 11
1838.634568954438
 21
408.5976891015532
 31
0.0
  0
LINE
  5
4BE1
330
1F
100
AcDbEntity
  8
HALFEN
100
AcDbLine
 10
1840.892400198995
 20
303.597689101553
 30
0.0
 11
1840.892400198995
 21
311.0976891015527
 31
0.0
  0
LINE
  5
4BE2
330
1F
100
AcDbEntity
  8
HALFEN
100
AcDbLine
 10
1840.892400198994
 20
316.0976891015526
 30
0.0
 11
1840.892400198994
 21
408.597689101553
 31
0.0
  0
LINE
  5
4BE3
330
1F
100
AcDbEntity
  8
HALFEN
100
AcDbLine
 10
1867.150231443551
 20
303.5976891015529
 30
0.0
 11
1867.150231443551
 21
408.5976891015532
 31
0.0
  0
LINE
  5
4BE4
330
1F
100
AcDbEntity
  8
HALFEN
100
AcDbLine
 10
1864.892400198995
 20
303.597689101553
 30
0.0
 11
1864.892400198995
 21
311.0976891015529
 31
0.0
  0
LINE
  5
4BE5
330
1F
100
AcDbEntity
  8
HALFEN
100
AcDbLine
 10
1864.892400198995
 20
316.0976891015526
 30
0.0
 11
1864.892400198995
 21
408.597689101553
 31
0.0
  0
ARC
  5
4BE6
330
1F
100
AcDbEntity
  8
HALFEN
100
AcDbCircle
 10
1852.892400198994
 20
313.5976891015527
 30
0.0
 40
11.25
100
AcDbArc
 50
12.8395884069042
 51
77.1604115930958
  0
ARC
  5
4BE7
330
1F
100
AcDbEntity
  8
HALFEN
100
AcDbCircle
 10
1852.892400198994
 20
313.5976891015527
 30
0.0
 40
11.25
100
AcDbArc
 50
102.8395884069042
 51
167.160411593097
  0
ARC
  5
4BE8
330
1F
100
AcDbEntity
  8
HALFEN
100
AcDbCircle
 10
1852.892400198994
 20
313.5976891015527
 30
0.0
 40
11.25
100
AcDbArc
 50
192.839588406904
 51
347.1604115930964
  0
LINE
  5
4BEA
330
1F
100
AcDbEntity
  8
HALFEN
100
AcDbLine
 10
1840.892400198995
 20
306.6694858712773
 30
0.0
 11
1852.892400198994
 21
299.7412826410016
 31
0.0
  0
LINE
  5
4BEB
330
1F
100
AcDbEntity
  8
HALFEN
100
AcDbLine
 10
1852.892400198994
 20
299.7412826410016
 30
0.0
 11
1864.892400198995
 21
306.6694858712776
 31
0.0
  0
LINE
  5
4BEC
330
1F
100
AcDbEntity
  8
HALFEN
100
AcDbLine
 10
1864.892400198995
 20
306.6694858712776
 30
0.0
 11
1864.892400198995
 21
311.0976891015529
 31
0.0
  0
LINE
  5
4BED
330
1F
100
AcDbEntity
  8
HALFEN
100
AcDbLine
 10
1864.892400198995
 20
316.0976891015529
 30
0.0
 11
1864.892400198995
 21
320.5258923318282
 31
0.0
  0
LINE
  5
4BEE
330
1F
100
AcDbEntity
  8
HALFEN
100
AcDbLine
 10
1864.892400198995
 20
320.5258923318282
 30
0.0
 11
1855.392400198994
 21
326.0107198891298
 31
0.0
  0
LINE
  5
4BEF
330
1F
100
AcDbEntity
  8
HALFEN
100
AcDbLine
 10
1850.392400198994
 20
326.0107198891295
 30
0.0
 11
1840.892400198995
 21
320.5258923318274
 31
0.0
  0
LINE
  5
4BF0
330
1F
100
AcDbEntity
  8
HALFEN
100
AcDbLine
 10
1840.892400198995
 20
320.5258923318274
 30
0.0
 11
1840.892400198995
 21
316.0976891015526
 31
0.0
  0
LINE
  5
4BF1
330
1F
100
AcDbEntity
  8
HALFEN
100
AcDbLine
 10
1840.892400198995
 20
311.0976891015527
 30
0.0
 11
1840.892400198995
 21
306.6694858712773
 31
0.0
  0
ARC
  5
4BF2
330
1F
100
AcDbEntity
  8
HALFEN
100
AcDbCircle
 10
1852.892400198994
 20
369.8476891015531
 30
0.0
 40
4.25
100
AcDbArc
 50
180.0
 51
0.0
  0
ARC
  5
4BF3
330
1F
100
AcDbEntity
  8
HALFEN
100
AcDbCircle
 10
1852.892400198994
 20
389.3476891015531
 30
0.0
 40
4.25
100
AcDbArc
 50
0.0
 51
180.0
  0
LINE
  5
4BF4
330
1F
100
AcDbEntity
  8
HALFEN
100
AcDbLine
 10
1848.642400198994
 20
369.8476891015531
 30
0.0
 11
1848.642400198994
 21
389.3476891015531
 31
0.0
  0
LINE
  5
4BF5
330
1F
100
AcDbEntity
  8
HALFEN
100
AcDbLine
 10
1857.142400198994
 20
389.3476891015531
 30
0.0
 11
1857.142400198994
 21
369.8476891015531
 31
0.0
  0
LINE
  5
4BF6
330
1F
100
AcDbEntity
  8
HALFEN
100
AcDbLine
 10
1864.892400198995
 20
388.0976891015529
 30
0.0
 11
1857.142400198994
 21
388.0976891015529
 31
0.0
  0
LINE
  5
4BF7
330
1F
100
AcDbEntity
  8
HALFEN
100
AcDbLine
 10
1864.892400198995
 20
389.0976891015529
 30
0.0
 11
1857.142400198994
 21
389.0976891015529
 31
0.0
  0
LINE
  5
4BF8
330
1F
100
AcDbEntity
  8
HALFEN
100
AcDbLine
 10
1864.892400198995
 20
390.0976891015529
 30
0.0
 11
1857.075700331665
 21
390.0976891015528
 31
0.0
  0
LINE
  5
4BF9
330
1F
100
AcDbEntity
  8
HALFEN
100
AcDbLine
 10
1864.892400198995
 20
391.0976891015529
 30
0.0
 11
1856.765383545202
 21
391.0976891015529
 31
0.0
  0
LINE
  5
4BFA
330
1F
100
AcDbEntity
  8
HALFEN
100
AcDbLine
 10
1864.892400198995
 20
392.0976891015527
 30
0.0
 11
1856.132770548198
 21
392.0976891015531
 31
0.0
  0
LINE
  5
4BFB
330
1F
100
AcDbEntity
  8
HALFEN
100
AcDbLine
 10
1864.892400198995
 20
367.0976891015529
 30
0.0
 11
1856.132770548198
 21
367.0976891015529
 31
0.0
  0
LINE
  5
4BFC
330
1F
100
AcDbEntity
  8
HALFEN
100
AcDbLine
 10
1864.892400198995
 20
368.0976891015526
 30
0.0
 11
1856.765383545202
 21
368.0976891015531
 31
0.0
  0
LINE
  5
4BFD
330
1F
100
AcDbEntity
  8
HALFEN
100
AcDbLine
 10
1864.892400198995
 20
369.0976891015529
 30
0.0
 11
1857.075700331665
 21
369.0976891015529
 31
0.0
  0
LINE
  5
4BFE
330
1F
100
AcDbEntity
  8
HALFEN
100
AcDbLine
 10
1864.892400198995
 20
370.0976891015529
 30
0.0
 11
1857.142400198994
 21
370.0976891015529
 31
0.0
  0
LINE
  5
4BFF
330
1F
100
AcDbEntity
  8
HALFEN
100
AcDbLine
 10
1864.892400198995
 20
371.0976891015528
 30
0.0
 11
1857.142400198994
 21
371.0976891015532
 31
0.0
  0
LINE
  5
4C00
330
1F
100
AcDbEntity
  8
HALFEN
100
AcDbLine
 10
1864.892400198995
 20
394.0976891015529
 30
0.0
 11
1840.892400198994
 21
394.0976891015529
 31
0.0
  0
LINE
  5
4C01
330
1F
100
AcDbEntity
  8
HALFEN
100
AcDbLine
 10
1864.892400198995
 20
395.0976891015529
 30
0.0
 11
1840.892400198994
 21
395.0976891015529
 31
0.0
  0
LINE
  5
4C02
330
1F
100
AcDbEntity
  8
HALFEN
100
AcDbLine
 10
1864.892400198995
 20
396.0976891015528
 30
0.0
 11
1840.892400198994
 21
396.0976891015529
 31
0.0
  0
LINE
  5
4C03
330
1F
100
AcDbEntity
  8
HALFEN
100
AcDbLine
 10
1864.892400198995
 20
364.0976891015528
 30
0.0
 11
1840.892400198994
 21
364.0976891015529
 31
0.0
  0
LINE
  5
4C04
330
1F
100
AcDbEntity
  8
HALFEN
100
AcDbLine
 10
1864.892400198995
 20
365.0976891015528
 30
0.0
 11
1840.892400198994
 21
365.0976891015529
 31
0.0
  0
LINE
  5
4C05
330
1F
100
AcDbEntity
  8
HALFEN
100
AcDbLine
 10
1848.642400198994
 20
383.0976891015529
 30
0.0
 11
1840.892400198994
 21
383.0976891015529
 31
0.0
  0
LINE
  5
4C06
330
1F
100
AcDbEntity
  8
HALFEN
100
AcDbLine
 10
1848.642400198994
 20
382.0976891015529
 30
0.0
 11
1840.892400198994
 21
382.0976891015527
 31
0.0
  0
LINE
  5
4C07
330
1F
100
AcDbEntity
  8
HALFEN
100
AcDbLine
 10
1848.642400198994
 20
381.097689101553
 30
0.0
 11
1840.892400198994
 21
381.0976891015529
 31
0.0
  0
LINE
  5
4C08
330
1F
100
AcDbEntity
  8
HALFEN
100
AcDbLine
 10
1848.642400198994
 20
380.097689101553
 30
0.0
 11
1840.892400198994
 21
380.0976891015528
 31
0.0
  0
LINE
  5
4C09
330
1F
100
AcDbEntity
  8
HALFEN
100
AcDbLine
 10
1848.642400198994
 20
379.0976891015529
 30
0.0
 11
1840.892400198994
 21
379.0976891015529
 31
0.0
  0
LINE
  5
4C0A
330
1F
100
AcDbEntity
  8
HALFEN
100
AcDbLine
 10
1848.642400198994
 20
378.0976891015522
 30
0.0
 11
1840.892400198994
 21
378.0976891015532
 31
0.0
  0
LINE
  5
4C0B
330
1F
100
AcDbEntity
  8
HALFEN
100
AcDbLine
 10
1848.642400198994
 20
377.0976891015522
 30
0.0
 11
1840.892400198994
 21
377.0976891015532
 31
0.0
  0
LINE
  5
4C0C
330
1F
100
AcDbEntity
  8
HALFEN
100
AcDbLine
 10
1848.642400198994
 20
375.097689101553
 30
0.0
 11
1840.892400198994
 21
375.0976891015529
 31
0.0
  0
LINE
  5
4C0D
330
1F
100
AcDbEntity
  8
HALFEN
100
AcDbLine
 10
1848.642400198994
 20
384.0976891015529
 30
0.0
 11
1840.892400198994
 21
384.0976891015529
 31
0.0
  0
LINE
  5
4C0E
330
1F
100
AcDbEntity
  8
HALFEN
100
AcDbLine
 10
1848.642400198994
 20
387.0976891015529
 30
0.0
 11
1840.892400198994
 21
387.0976891015528
 31
0.0
  0
LINE
  5
4C0F
330
1F
100
AcDbEntity
  8
HALFEN
100
AcDbLine
 10
1848.642400198994
 20
372.0976891015528
 30
0.0
 11
1840.892400198994
 21
372.0976891015529
 31
0.0
  0
LINE
  5
4C10
330
1F
100
AcDbEntity
  8
HALFEN
100
AcDbLine
 10
1848.642400198994
 20
385.0976891015529
 30
0.0
 11
1840.892400198994
 21
385.0976891015529
 31
0.0
  0
LINE
  5
4C11
330
1F
100
AcDbEntity
  8
HALFEN
100
AcDbLine
 10
1848.642400198994
 20
386.0976891015529
 30
0.0
 11
1840.892400198994
 21
386.097689101553
 31
0.0
  0
LINE
  5
4C12
330
1F
100
AcDbEntity
  8
HALFEN
100
AcDbLine
 10
1848.642400198994
 20
388.097689101553
 30
0.0
 11
1840.892400198994
 21
388.0976891015528
 31
0.0
  0
LINE
  5
4C13
330
1F
100
AcDbEntity
  8
HALFEN
100
AcDbLine
 10
1848.642400198994
 20
389.097689101553
 30
0.0
 11
1840.892400198994
 21
389.0976891015528
 31
0.0
  0
LINE
  5
4C14
330
1F
100
AcDbEntity
  8
HALFEN
100
AcDbLine
 10
1848.709100066324
 20
390.0976891015529
 30
0.0
 11
1840.892400198994
 21
390.0976891015529
 31
0.0
  0
LINE
  5
4C15
330
1F
100
AcDbEntity
  8
HALFEN
100
AcDbLine
 10
1849.019416852787
 20
391.0976891015529
 30
0.0
 11
1840.892400198995
 21
391.0976891015529
 31
0.0
  0
LINE
  5
4C16
330
1F
100
AcDbEntity
  8
HALFEN
100
AcDbLine
 10
1849.652029849789
 20
392.097689101553
 30
0.0
 11
1840.892400198994
 21
392.0976891015529
 31
0.0
  0
LINE
  5
4C17
330
1F
100
AcDbEntity
  8
HALFEN
100
AcDbLine
 10
1840.892400198994
 20
376.0976891015531
 30
0.0
 11
1848.642400198994
 21
376.0976891015523
 31
0.0
  0
LINE
  5
4C18
330
1F
100
AcDbEntity
  8
HALFEN
100
AcDbLine
 10
1849.652029849791
 20
367.0976891015529
 30
0.0
 11
1840.892400198994
 21
367.0976891015529
 31
0.0
  0
LINE
  5
4C19
330
1F
100
AcDbEntity
  8
HALFEN
100
AcDbLine
 10
1849.019416852787
 20
368.0976891015529
 30
0.0
 11
1840.892400198995
 21
368.0976891015529
 31
0.0
  0
LINE
  5
4C1A
330
1F
100
AcDbEntity
  8
HALFEN
100
AcDbLine
 10
1848.709100066324
 20
369.097689101553
 30
0.0
 11
1840.892400198994
 21
369.0976891015528
 31
0.0
  0
LINE
  5
4C1B
330
1F
100
AcDbEntity
  8
HALFEN
100
AcDbLine
 10
1848.642400198994
 20
370.0976891015529
 30
0.0
 11
1840.892400198994
 21
370.0976891015529
 31
0.0
  0
LINE
  5
4C1C
330
1F
100
AcDbEntity
  8
HALFEN
100
AcDbLine
 10
1848.642400198994
 20
371.097689101553
 30
0.0
 11
1840.892400198994
 21
371.0976891015528
 31
0.0
  0
LINE
  5
4C1D
330
1F
100
AcDbEntity
  8
HALFEN
100
AcDbLine
 10
1848.642400198994
 20
373.0976891015528
 30
0.0
 11
1840.892400198994
 21
373.097689101553
 31
0.0
  0
LINE
  5
4C1E
330
1F
100
AcDbEntity
  8
HALFEN
100
AcDbLine
 10
1848.642400198994
 20
374.097689101553
 30
0.0
 11
1840.892400198994
 21
374.0976891015529
 31
0.0
  0
LINE
  5
4C1F
330
1F
100
AcDbEntity
  8
HALFEN
100
AcDbLine
 10
1864.892400198995
 20
393.0976891015529
 30
0.0
 11
1854.892400198994
 21
393.0976891015529
 31
0.0
  0
LINE
  5
4C20
330
1F
100
AcDbEntity
  8
HALFEN
100
AcDbLine
 10
1850.892400198994
 20
393.0976891015529
 30
0.0
 11
1840.892400198994
 21
393.097689101553
 31
0.0
  0
LINE
  5
4C21
330
1F
100
AcDbEntity
  8
HALFEN
100
AcDbLine
 10
1850.892400198994
 20
366.0976891015529
 30
0.0
 11
1840.892400198995
 21
366.097689101553
 31
0.0
  0
LINE
  5
4C22
330
1F
100
AcDbEntity
  8
HALFEN
100
AcDbLine
 10
1857.142400198994
 20
376.097689101553
 30
0.0
 11
1864.892400198995
 21
376.0976891015529
 31
0.0
  0
LINE
  5
4C23
330
1F
100
AcDbEntity
  8
HALFEN
100
AcDbLine
 10
1864.892400198995
 20
381.0976891015526
 30
0.0
 11
1857.142400198994
 21
381.0976891015537
 31
0.0
  0
LINE
  5
4C24
330
1F
100
AcDbEntity
  8
HALFEN
100
AcDbLine
 10
1864.892400198995
 20
382.0976891015525
 30
0.0
 11
1857.142400198994
 21
382.0976891015535
 31
0.0
  0
LINE
  5
4C25
330
1F
100
AcDbEntity
  8
HALFEN
100
AcDbLine
 10
1864.892400198995
 20
383.0976891015526
 30
0.0
 11
1857.142400198994
 21
383.0976891015533
 31
0.0
  0
LINE
  5
4C26
330
1F
100
AcDbEntity
  8
HALFEN
100
AcDbLine
 10
1864.892400198995
 20
384.0976891015527
 30
0.0
 11
1857.142400198994
 21
384.0976891015532
 31
0.0
  0
LINE
  5
4C27
330
1F
100
AcDbEntity
  8
HALFEN
100
AcDbLine
 10
1864.892400198995
 20
385.0976891015528
 30
0.0
 11
1857.142400198994
 21
385.097689101553
 31
0.0
  0
LINE
  5
4C28
330
1F
100
AcDbEntity
  8
HALFEN
100
AcDbLine
 10
1864.892400198995
 20
386.0976891015529
 30
0.0
 11
1857.142400198994
 21
386.0976891015529
 31
0.0
  0
LINE
  5
4C29
330
1F
100
AcDbEntity
  8
HALFEN
100
AcDbLine
 10
1864.892400198995
 20
387.0976891015529
 30
0.0
 11
1857.142400198994
 21
387.097689101553
 31
0.0
  0
LINE
  5
4C2A
330
1F
100
AcDbEntity
  8
HALFEN
100
AcDbLine
 10
1864.892400198995
 20
377.0976891015529
 30
0.0
 11
1857.142400198994
 21
377.0976891015529
 31
0.0
  0
LINE
  5
4C2B
330
1F
100
AcDbEntity
  8
HALFEN
100
AcDbLine
 10
1864.892400198995
 20
378.0976891015529
 30
0.0
 11
1857.142400198994
 21
378.0976891015529
 31
0.0
  0
LINE
  5
4C2C
330
1F
100
AcDbEntity
  8
HALFEN
100
AcDbLine
 10
1864.892400198995
 20
379.0976891015533
 30
0.0
 11
1857.142400198994
 21
379.0976891015521
 31
0.0
  0
LINE
  5
4C2D
330
1F
100
AcDbEntity
  8
HALFEN
100
AcDbLine
 10
1864.892400198995
 20
380.0976891015532
 30
0.0
 11
1857.142400198994
 21
380.0976891015522
 31
0.0
  0
LINE
  5
4C2E
330
1F
100
AcDbEntity
  8
HALFEN
100
AcDbLine
 10
1864.892400198995
 20
366.0976891015529
 30
0.0
 11
1854.892400198994
 21
366.0976891015529
 31
0.0
  0
LINE
  5
4C2F
330
1F
100
AcDbEntity
  8
HALFEN
100
AcDbLine
 10
1864.892400198995
 20
372.0976891015528
 30
0.0
 11
1857.142400198994
 21
372.097689101553
 31
0.0
  0
LINE
  5
4C30
330
1F
100
AcDbEntity
  8
HALFEN
100
AcDbLine
 10
1864.892400198995
 20
373.097689101553
 30
0.0
 11
1857.142400198994
 21
373.0976891015528
 31
0.0
  0
LINE
  5
4C31
330
1F
100
AcDbEntity
  8
HALFEN
100
AcDbLine
 10
1864.892400198995
 20
374.0976891015528
 30
0.0
 11
1857.142400198994
 21
374.097689101553
 31
0.0
  0
LINE
  5
4C32
330
1F
100
AcDbEntity
  8
HALFEN
100
AcDbLine
 10
1864.892400198995
 20
375.0976891015529
 30
0.0
 11
1857.142400198994
 21
375.097689101553
 31
0.0
  0
LINE
  5
4C33
330
1F
100
AcDbEntity
  8
HALFEN
100
AcDbLine
 10
1864.892400198995
 20
363.097689101553
 30
0.0
 11
1840.892400198994
 21
363.0976891015529
 31
0.0
  0
LINE
  5
4C34
330
1F
100
AcDbEntity
  8
HALFEN
  6
STRICHPUNKT2
 62
     1
 48
0.5
100
AcDbLine
 10
1852.892400198994
 20
362.5976891015531
 30
0.0
 11
1852.892400198994
 21
396.5976891015531
 31
0.0
  0
LINE
  5
4C35
330
1F
100
AcDbEntity
  8
HALFEN
  6
STRICHPUNKT2
 62
     1
 48
0.5
100
AcDbLine
 10
1845.642400198995
 20
379.5976891015531
 30
0.0
 11
1860.142400198995
 21
379.5976891015531
 31
0.0
  0
LINE
  5
4C36
330
1F
100
AcDbEntity
  8
HALFEN
100
AcDbLine
 10
1683.308722175931
 20
311.0976891015529
 30
0.0
 11
1708.308722175931
 21
311.0976891015529
 31
0.0
  0
LINE
  5
4C37
330
1F
100
AcDbEntity
  8
HALFEN
100
AcDbLine
 10
1683.308722175931
 20
316.0976891015529
 30
0.0
 11
1708.308722175931
 21
316.0976891015529
 31
0.0
  0
LINE
  5
4C38
330
1F
100
AcDbEntity
  8
HALFEN
100
AcDbLine
 10
1683.308722175931
 20
316.0976891015529
 30
0.0
 11
1683.308722175931
 21
311.0976891015529
 31
0.0
  0
LINE
  5
4C3C
330
1F
100
AcDbEntity
  8
HALFEN
100
AcDbLine
 10
1713.308722175931
 20
305.5976891015529
 30
0.0
 11
1743.308722175931
 21
305.597689101553
 31
0.0
  0
LINE
  5
4C3D
330
1F
100
AcDbEntity
  8
HALFEN
100
AcDbLine
 10
1713.308722175931
 20
321.5976891015529
 30
0.0
 11
1743.308722175931
 21
321.597689101553
 31
0.0
  0
LINE
  5
4C3E
330
1F
100
AcDbEntity
  8
HALFEN
100
AcDbLine
 10
1708.308722175931
 20
311.0976891015529
 30
0.0
 11
1713.308722175931
 21
305.5976891015529
 31
0.0
  0
LINE
  5
4C40
330
1F
100
AcDbEntity
  8
HALFEN
100
AcDbLine
 10
1708.308722175931
 20
316.0976891015529
 30
0.0
 11
1713.308722175931
 21
321.5976891015529
 31
0.0
  0
LINE
  5
4C45
330
1F
100
AcDbEntity
  8
HALFEN
100
AcDbLine
 10
1743.308722175931
 20
320.3708191015529
 30
0.0
 11
1743.308722175931
 21
306.8245591015529
 31
0.0
  0
ELLIPSE
  5
4C46
330
1F
100
AcDbEntity
  8
HALFEN
100
AcDbEllipse
 10
1693.713468403029
 20
244.9146458591317
 30
0.0
 11
-19.59525377290232
 21
0.0000000000006495
 31
0.0
210
0.0
220
0.0
230
1.0
 40
0.6634259576662032
 41
4.009859693674862
 42
4.71238898038471
  0
ELLIPSE
  5
4C47
330
1F
100
AcDbEntity
  8
HALFEN
100
AcDbEllipse
 10
1693.713468403029
 20
244.9146458591317
 30
0.0
 11
19.59525377290196
 21
0.0000000000000534
 31
0.0
210
0.0
220
0.0
230
1.0
 40
0.6634259576662154
 41
4.712388980384687
 42
5.414918267092303
  0
ARC
  5
4C49
330
1F
100
AcDbEntity
  8
HALFEN
100
AcDbCircle
 10
1703.863593467109
 20
244.914645859127
 30
0.0
 40
20.55487129117615
100
AcDbArc
 50
143.6492833696231
 51
216.3585352849934
  0
ARC
  5
4C4A
330
1F
100
AcDbEntity
  8
HALFEN
100
AcDbCircle
 10
1688.920928087994
 20
233.9146458591317
 30
0.0
 40
2.0
100
AcDbArc
 50
216.3585352849934
 51
270.0
  0
LINE
  5
4C4B
330
1F
100
AcDbEntity
  8
HALFEN
100
AcDbLine
 10
1688.920928087994
 20
231.9146458591317
 30
0.0
 11
1693.713468403033
 21
231.9146458591317
 31
0.0
  0
CIRCLE
  5
4C4C
330
1F
100
AcDbEntity
  8
HALFEN
100
AcDbCircle
 10
1690.30872217593
 20
244.9146458591317
 30
0.0
 40
2.549999999999998
  0
ARC
  5
4C4E
330
1F
100
AcDbEntity
  8
HALFEN
100
AcDbCircle
 10
1688.919427153199
 20
255.9126066616711
 30
0.0
 40
2.0
100
AcDbArc
 50
91.33537730059243
 51
143.6492833696231
  0
LINE
  5
4C4F
330
1F
100
AcDbEntity
  8
HALFEN
100
AcDbLine
 10
1690.308722175936
 20
257.9146458591317
 30
0.0
 11
1693.713468403029
 21
257.9146458591317
 31
0.0
  0
ARC
  5
4C50
330
1F
100
AcDbEntity
  8
HALFEN
100
AcDbCircle
 10
1689.650792879424
 20
224.5382665406693
 30
0.0
 40
33.38286337882191
100
AcDbArc
 50
88.8707076348764
 51
91.33537730059243
  0
LINE
  5
4C53
330
1F
100
AcDbEntity
  8
HALFEN
100
AcDbLine
 10
1713.720620890235
 20
236.9146458591317
 30
0.0
 11
1743.457043090892
 21
236.9146458591317
 31
0.0
  0
LINE
  5
4C54
330
1F
100
AcDbEntity
  8
HALFEN
100
AcDbLine
 10
1713.720620890309
 20
252.9146458591317
 30
0.0
 11
1743.457043090896
 21
252.9146458591317
 31
0.0
  0
ELLIPSE
  5
4C55
330
1F
100
AcDbEntity
  8
HALFEN
100
AcDbEllipse
 10
1693.713468403029
 20
244.9146458591317
 30
0.0
 11
19.59525377290174
 21
0.0000000000000969
 31
0.0
210
0.0
220
0.0
230
1.0
 40
0.6634259576662222
 41
-0.8682670400871396
 42
0.8682670400849584
  0
ARC
  5
4C58
330
1F
100
AcDbEntity
  8
HALFEN
100
AcDbCircle
 10
1713.720620890235
 20
221.9146458591311
 30
0.0
 40
15.0
100
AcDbArc
 50
90.0
 51
119.3216395591507
  0
ARC
  5
4C59
330
1F
100
AcDbEntity
  8
HALFEN
100
AcDbCircle
 10
1713.720620890302
 20
267.9146458591154
 30
0.0
 40
15.0
100
AcDbArc
 50
240.6783604407451
 51
270.000000000026
  0
LINE
  5
4C60
330
1F
100
AcDbEntity
  8
HALFEN
100
AcDbLine
 10
1839.89238257556
 20
311.0976891015527
 30
0.0
 11
1865.892417822428
 21
311.0976891015527
 31
0.0
  0
LINE
  5
4C61
330
1F
100
AcDbEntity
  8
HALFEN
100
AcDbLine
 10
1839.89238257556
 20
316.0976891015526
 30
0.0
 11
1865.892417822429
 21
316.0976891015529
 31
0.0
  0
LINE
  5
4C68
330
1F
100
AcDbEntity
  8
HALFEN
100
AcDbLine
 10
1839.89238257556
 20
311.0976891015527
 30
0.0
 11
1839.89238257556
 21
316.0976891015526
 31
0.0
  0
ARC
  5
4C69
330
1F
100
AcDbEntity
  8
HALFEN
100
AcDbCircle
 10
1852.892400198994
 20
313.5976891015527
 30
0.0
 40
8.0
100
AcDbArc
 50
108.209956864283
 51
161.790043135718
  0
ARC
  5
4C6A
330
1F
100
AcDbEntity
  8
HALFEN
100
AcDbCircle
 10
1852.892400198994
 20
313.5976891015527
 30
0.0
 40
8.0
100
AcDbArc
 50
198.2099568642828
 51
341.7900431357176
  0
ARC
  5
4C6C
330
1F
100
AcDbEntity
  8
HALFEN
100
AcDbCircle
 10
1852.892400198994
 20
313.5976891015527
 30
0.0
 40
8.0
100
AcDbArc
 50
18.20995686428329
 51
71.79004313571695
  0
LINE
  5
4C6D
330
1F
100
AcDbEntity
  8
HALFEN
100
AcDbLine
 10
1865.892417822428
 20
311.0976891015527
 30
0.0
 11
1865.892417822429
 21
316.0976891015529
 31
0.0
  0
LINE
  5
4DEE
330
1F
100
AcDbEntity
  8
HALFEN
100
AcDbLine
 10
1692.808722175931
 20
316.0976891015529
 30
0.0
 11
1692.808722175931
 21
346.0976891015528
 31
0.0
  0
LINE
  5
4DEF
330
1F
100
AcDbEntity
  8
HALFEN
100
AcDbLine
 10
1687.808722175931
 20
346.0976891015528
 30
0.0
 11
1687.808722175931
 21
316.0976891015529
 31
0.0
  0
LINE
  5
4DF0
330
1F
100
AcDbEntity
  8
HALFEN
100
AcDbLine
 10
1686.808722175931
 20
311.0976891015527
 30
0.0
 11
1686.808722175931
 21
309.5976891015528
 31
0.0
  0
LINE
  5
4DF1
330
1F
100
AcDbEntity
  8
HALFEN
100
AcDbLine
 10
1693.808722175931
 20
309.5976891015528
 30
0.0
 11
1693.808722175931
 21
311.0976891015527
 31
0.0
  0
LINE
  5
4DF2
330
1F
100
AcDbEntity
  8
HALFEN
100
AcDbLine
 10
1693.808722175931
 20
309.5976891015528
 30
0.0
 11
1686.808722175931
 21
309.5976891015528
 31
0.0
  0
LINE
  5
4DF3
330
1F
100
AcDbEntity
  8
HALFEN
100
AcDbLine
 10
1692.808722175931
 20
346.0976891015528
 30
0.0
 11
1687.808722175931
 21
346.0976891015528
 31
0.0
  0
LINE
  5
4E06
330
1F
100
AcDbEntity
  8
HALFEN
100
AcDbLine
 10
1855.392400198994
 20
316.0976891015528
 30
0.0
 11
1855.392400198994
 21
346.0976891015527
 31
0.0
  0
LINE
  5
4E07
330
1F
100
AcDbEntity
  8
HALFEN
100
AcDbLine
 10
1850.392400198994
 20
346.0976891015527
 30
0.0
 11
1850.392400198994
 21
316.0976891015528
 31
0.0
  0
LINE
  5
4E08
330
1F
100
AcDbEntity
  8
HALFEN
100
AcDbLine
 10
1849.392400198994
 20
311.0976891015527
 30
0.0
 11
1849.392400198994
 21
309.5976891015526
 31
0.0
  0
LINE
  5
4E09
330
1F
100
AcDbEntity
  8
HALFEN
100
AcDbLine
 10
1856.392400198994
 20
309.5976891015526
 30
0.0
 11
1856.392400198994
 21
311.0976891015527
 31
0.0
  0
LINE
  5
4E0A
330
1F
100
AcDbEntity
  8
HALFEN
100
AcDbLine
 10
1856.392400198994
 20
309.5976891015526
 30
0.0
 11
1849.392400198994
 21
309.5976891015526
 31
0.0
  0
LINE
  5
4E0B
330
1F
100
AcDbEntity
  8
HALFEN
100
AcDbLine
 10
1855.392400198994
 20
346.0976891015527
 30
0.0
 11
1850.392400198994
 21
346.0976891015527
 31
0.0
  0
LINE
  5
54FB
330
1F
100
AcDbEntity
  8
HALFEN
100
AcDbLine
 10
1627.791053101297
 20
619.8906526323781
 30
0.0
 11
1627.791053101297
 21
606.3443926323781
 31
0.0
  0
LINE
  5
54FC
330
1F
100
AcDbEntity
  8
HALFEN
100
AcDbLine
 10
1626.564183101297
 20
621.1175226323781
 30
0.0
 11
1626.564183101297
 21
605.1175226323781
 31
0.0
  0
LINE
  5
54FD
330
1F
100
AcDbEntity
  8
HALFEN
100
AcDbLine
 10
1626.564183101297
 20
605.1175226323781
 30
0.0
 11
1627.791053101297
 21
606.3443926323781
 31
0.0
  0
LINE
  5
54FE
330
1F
100
AcDbEntity
  8
HALFEN
100
AcDbLine
 10
1627.791053101297
 20
619.8906526323781
 30
0.0
 11
1626.564183101297
 21
621.1175226323781
 31
0.0
  0
LINE
  5
5504
330
1F
100
AcDbEntity
  8
HALFEN
100
AcDbLine
 10
1606.442812298966
 20
621.1183876077626
 30
0.0
 11
1626.564183101297
 21
621.1175226323781
 31
0.0
  0
LINE
  5
5506
330
1F
100
AcDbEntity
  8
HALFEN
100
AcDbLine
 10
1606.442732138489
 20
605.1189251042626
 30
0.0
 11
1626.565585573183
 21
605.1189251042626
 31
0.0
  0
LINE
  5
5598
330
1F
100
AcDbEntity
  8
HALFEN
100
AcDbLine
 10
1755.96040126097
 20
236.9146458591317
 30
0.0
 11
1776.083254695664
 21
236.9146458591317
 31
0.0
  0
LINE
  5
5599
330
1F
100
AcDbEntity
  8
HALFEN
100
AcDbLine
 10
1777.308722223779
 20
251.6863733872473
 30
0.0
 11
1777.308722223779
 21
238.1401133872472
 31
0.0
  0
LINE
  5
559A
330
1F
100
AcDbEntity
  8
HALFEN
100
AcDbLine
 10
1776.081852223779
 20
252.9132433872472
 30
0.0
 11
1776.081852223779
 21
236.9132433872472
 31
0.0
  0
LINE
  5
559B
330
1F
100
AcDbEntity
  8
HALFEN
100
AcDbLine
 10
1776.081852223779
 20
236.9132433872472
 30
0.0
 11
1777.308722223779
 21
238.1401133872472
 31
0.0
  0
LINE
  5
559C
330
1F
100
AcDbEntity
  8
HALFEN
100
AcDbLine
 10
1777.308722223779
 20
251.6863733872473
 30
0.0
 11
1776.081852223779
 21
252.9132433872472
 31
0.0
  0
LINE
  5
559D
330
1F
100
AcDbEntity
  8
HALFEN
100
AcDbLine
 10
1755.960481421446
 20
252.9141083626317
 30
0.0
 11
1776.081852223779
 21
252.9132433872472
 31
0.0
  0
LINE
  5
6260
330
1F
100
AcDbEntity
  8
HALFEN
100
AcDbLine
 10
1889.500977178019
 20
692.8019683466837
 30
0.0
 11
1889.500977178019
 21
776.8019683466838
 31
0.0
1001
ACAD
1000
ASC_BOUNDS
1002
{
1070
    19
1005
0
1005
0
1005
0
1005
0
1005
0
1005
0
1005
0
1005
0
1005
0
1002
}
  0
LINE
  5
6261
330
1F
100
AcDbEntity
  8
HALFEN
100
AcDbLine
 10
1849.500977178018
 20
691.8019683466837
 30
0.0
 11
1883.500977178019
 21
776.8019683466838
 31
0.0
  0
LINE
  5
6262
330
1F
100
AcDbEntity
  8
HALFEN
100
AcDbLine
 10
1886.073156826858
 20
623.617187463882
 30
0.0
 11
1849.500977178018
 21
625.379073202628
 31
0.0
  0
LINE
  5
6263
330
1F
100
AcDbEntity
  8
HALFEN
100
AcDbLine
 10
1886.169396358643
 20
625.6148706100597
 30
0.0
 11
1849.597216709804
 21
627.3767563488056
 31
0.0
  0
LINE
  5
6264
330
1F
100
AcDbEntity
  8
HALFEN
100
AcDbLine
 10
1886.169396358643
 20
600.6229795984382
 30
0.0
 11
1849.597216709804
 21
598.8610938596922
 31
0.0
  0
LINE
  5
6265
330
1F
100
AcDbEntity
  8
HALFEN
100
AcDbLine
 10
1886.073156826858
 20
602.6206627446157
 30
0.0
 11
1849.500977178018
 21
600.8587770058698
 31
0.0
  0
ARC
  5
6266
330
1F
100
AcDbEntity
  8
HALFEN
100
AcDbCircle
 10
1842.743987486375
 20
607.1189251042492
 30
0.0
 40
13.55700550869242
100
AcDbArc
 50
333.7316689015461
 51
26.26833109845102
  0
ARC
  5
6267
330
1F
100
AcDbEntity
  8
HALFEN
100
AcDbCircle
 10
1857.057966869662
 20
607.1189251042492
 30
0.0
 40
13.55700550869242
100
AcDbArc
 50
153.7316689015489
 51
206.268331098454
  0
LINE
  5
6268
330
1F
100
AcDbEntity
  8
HALFEN
100
AcDbLine
 10
1854.900977178019
 20
601.1189251042488
 30
0.0
 11
1844.900977178019
 21
601.1189251042488
 31
0.0
  0
LINE
  5
6269
330
1F
100
AcDbEntity
  8
HALFEN
100
AcDbLine
 10
1849.500977178018
 20
600.8587770058698
 30
0.0
 11
1849.597216709804
 21
598.8610938596922
 31
0.0
  0
LINE
  5
626B
330
1F
100
AcDbEntity
  8
HALFEN
100
AcDbLine
 10
1854.900977178019
 20
625.1189251042489
 30
0.0
 11
1844.900977178019
 21
625.118925104249
 31
0.0
  0
LINE
  5
626C
330
1F
100
AcDbEntity
  8
HALFEN
100
AcDbLine
 10
1854.900977178019
 20
613.1189251042489
 30
0.0
 11
1844.900977178019
 21
613.1189251042489
 31
0.0
  0
LINE
  5
626D
330
1F
100
AcDbEntity
  8
HALFEN
100
AcDbLine
 10
1843.500977178019
 20
619.1396341216187
 30
0.0
 11
1843.500977178019
 21
607.0982160869065
 31
0.0
  0
ARC
  5
626E
330
1F
100
AcDbEntity
  8
HALFEN
100
AcDbCircle
 10
1857.057966869662
 20
619.118925104249
 30
0.0
 40
13.55700550869242
100
AcDbArc
 50
153.731668901546
 51
206.268331098451
  0
LINE
  5
626F
330
1F
100
AcDbEntity
  8
HALFEN
100
AcDbLine
 10
1856.300977178019
 20
619.1396341216187
 30
0.0
 11
1856.300977178019
 21
607.0982160868922
 31
0.0
  0
ARC
  5
6270
330
1F
100
AcDbEntity
  8
HALFEN
100
AcDbCircle
 10
1842.743987486375
 20
619.118925104249
 30
0.0
 40
13.55700550869242
100
AcDbArc
 50
333.731668901549
 51
26.26833109845394
  0
LINE
  5
6271
330
1F
100
AcDbEntity
  8
HALFEN
100
AcDbLine
 10
1849.500977178018
 20
625.379073202628
 30
0.0
 11
1849.597216709804
 21
627.3767563488056
 31
0.0
  0
LINE
  5
6273
330
1F
100
AcDbEntity
  8
HALFEN
100
AcDbLine
 10
1849.500977178018
 20
691.8019683466837
 30
0.0
 11
1849.500977178018
 21
671.8019683466839
 31
0.0
  0
LINE
  5
6274
330
1F
100
AcDbEntity
  8
HALFEN
100
AcDbLine
 10
1843.500977178019
 20
691.8019683466837
 30
0.0
 11
1843.500977178019
 21
671.8019683466836
 31
0.0
  0
ARC
  5
6275
330
1F
100
AcDbEntity
  8
HALFEN
100
AcDbCircle
 10
1861.343834320876
 20
681.8019683466839
 30
0.0
 40
17.84285714285705
100
AcDbArc
 50
157.1518592214939
 51
202.8481407785061
  0
LINE
  5
6276
330
1F
100
AcDbEntity
  8
HALFEN
100
AcDbLine
 10
1856.300977178019
 20
671.8019683466839
 30
0.0
 11
1856.300977178019
 21
671.0239286415401
 31
0.0
  0
LINE
  5
6277
330
1F
100
AcDbEntity
  8
HALFEN
100
AcDbLine
 10
1843.500977178019
 20
692.5800080518277
 30
0.0
 11
1843.500977178019
 21
671.0239286415395
 31
0.0
  0
LINE
  5
6278
330
1F
100
AcDbEntity
  8
HALFEN
100
AcDbLine
 10
1844.900977178019
 20
674.8737651164081
 30
0.0
 11
1849.500977178018
 21
674.8737651164081
 31
0.0
  0
LINE
  5
6279
330
1F
100
AcDbEntity
  8
HALFEN
100
AcDbLine
 10
1844.900977178018
 20
667.945561886133
 30
0.0
 11
1854.900977178019
 21
667.945561886133
 31
0.0
  0
ARC
  5
627A
330
1F
100
AcDbEntity
  8
HALFEN
100
AcDbCircle
 10
1848.433551684443
 20
671.4096635012707
 30
0.0
 40
4.947634045020005
100
AcDbArc
 50
135.5607065943833
 51
224.4392934056167
  0
LINE
  5
627B
330
1F
100
AcDbEntity
  8
HALFEN
100
AcDbLine
 10
1849.500977178018
 20
671.8019683466839
 30
0.0
 11
1890.500977178018
 21
671.8019683466839
 31
0.0
1001
ACAD
1000
ASC_BOUNDS
1002
{
1070
    19
1002
}
  0
ARC
  5
627C
330
1F
100
AcDbEntity
  8
HALFEN
100
AcDbCircle
 10
1851.368402671594
 20
671.4096635012705
 30
0.0
 40
4.947634045020005
100
AcDbArc
 50
315.5607065943833
 51
4.5478367362347
  0
LINE
  5
627D
330
1F
100
AcDbEntity
  8
HALFEN
100
AcDbLine
 10
1844.900977178019
 20
695.6583748072348
 30
0.0
 11
1851.043539762239
 21
695.6583748072348
 31
0.0
  0
LINE
  5
627E
330
1F
100
AcDbEntity
  8
HALFEN
100
AcDbLine
 10
1844.900977178019
 20
688.7301715769592
 30
0.0
 11
1849.500977178018
 21
688.7301715769592
 31
0.0
  0
ARC
  5
627F
330
1F
100
AcDbEntity
  8
HALFEN
100
AcDbCircle
 10
1848.433551684443
 20
692.1942731920971
 30
0.0
 40
4.947634045020005
100
AcDbArc
 50
135.5607065943833
 51
224.4392934056167
  0
ARC
  5
6280
330
1F
100
AcDbEntity
  8
HALFEN
100
AcDbCircle
 10
1890.536360734162
 20
606.1360244805727
 30
0.0
 40
1.03540436960678
100
AcDbArc
 50
180.3632917525998
 51
220.7795063767222
  0
LINE
  5
6281
330
1F
100
AcDbEntity
  8
HALFEN
100
AcDbLine
 10
1887.500977178017
 20
604.118925104249
 30
0.0
 11
1887.500977178017
 21
622.1189251042487
 31
0.0
  0
LINE
  5
6282
330
1F
100
AcDbEntity
  8
HALFEN
100
AcDbLine
 10
1889.500977178018
 20
604.1189251042489
 30
0.0
 11
1889.500977178019
 21
622.1189251042487
 31
0.0
  0
ARC
  5
6283
330
1F
100
AcDbEntity
  8
HALFEN
100
AcDbCircle
 10
1886.000977178017
 20
604.118925104249
 30
0.0
 40
3.5
100
AcDbArc
 50
272.7581246076785
 51
0.0
  0
LINE
  5
6284
330
1F
100
AcDbEntity
  8
HALFEN
100
AcDbLine
 10
1887.994946365554
 20
600.6189251042489
 30
0.0
 11
1886.085235571924
 21
600.6189251042489
 31
0.0
  0
ARC
  5
6285
330
1F
100
AcDbEntity
  8
HALFEN
100
AcDbCircle
 10
1886.000977178017
 20
604.118925104249
 30
0.0
 40
1.5
100
AcDbArc
 50
270.0
 51
0.0
  0
ARC
  5
6286
330
1F
100
AcDbEntity
  8
HALFEN
100
AcDbCircle
 10
1887.586524099562
 20
603.5066005341508
 30
0.0
 40
2.91641528864085
100
AcDbArc
 50
278.0503090761797
 51
42.04461517369604
  0
LINE
  5
6287
330
1F
100
AcDbEntity
  8
HALFEN
100
AcDbLine
 10
1887.993246578701
 20
625.6266098610666
 30
0.0
 11
1886.169396358643
 21
625.6148706100597
 31
0.0
  0
ARC
  5
6288
330
1F
100
AcDbEntity
  8
HALFEN
100
AcDbCircle
 10
1886.000977178019
 20
622.1189251042488
 30
0.0
 40
3.5
100
AcDbArc
 50
0.0
 51
87.24187539232143
  0
ARC
  5
6289
330
1F
100
AcDbEntity
  8
HALFEN
100
AcDbCircle
 10
1886.000977178017
 20
622.1189251042487
 30
0.0
 40
1.5
100
AcDbArc
 50
0.0
 51
90.0
  0
ARC
  5
628A
330
1F
100
AcDbEntity
  8
HALFEN
100
AcDbCircle
 10
1887.584561889378
 20
622.738971559525
 30
0.0
 40
2.91641528864085
100
AcDbArc
 50
317.9553848263083
 51
81.94969092382029
  0
ARC
  5
628B
330
1F
100
AcDbEntity
  8
HALFEN
100
AcDbCircle
 10
1890.534398523978
 20
620.1095476131032
 30
0.0
 40
1.035404369607112
100
AcDbArc
 50
139.2204936232942
 51
179.6367082474003
  0
LINE
  5
628C
330
1F
100
AcDbEntity
  8
HALFEN
100
AcDbLine
 10
1890.500977178018
 20
671.8019683466839
 30
0.0
 11
1890.500977178018
 21
691.8019683466837
 31
0.0
1001
ACAD
1000
ASC_BOUNDS
1002
{
1070
    19
1005
0
1002
}
  0
ARC
  5
628D
330
1F
100
AcDbEntity
  8
HALFEN
100
AcDbCircle
 10
1890.500977178018
 20
692.8019683466837
 30
0.0
 40
1.0
100
AcDbArc
 50
180.0
 51
270.0
1001
ACAD
1000
ASC_BOUNDS
1002
{
1070
    19
1002
}
  0
LINE
  5
628F
330
1F
100
AcDbEntity
  8
HALFEN
100
AcDbLine
 10
1889.500977178019
 20
776.8019683466838
 30
0.0
 11
1883.500977178019
 21
776.8019683466838
 31
0.0
  0
LINE
  5
6293
330
1F
100
AcDbEntity
  8
HALFEN
100
AcDbLine
 10
1938.826823956526
 20
776.8019683466839
 30
0.0
 11
1967.342486445639
 21
776.8019683466839
 31
0.0
  0
LINE
  5
6294
330
1F
100
AcDbEntity
  8
HALFEN
100
AcDbLine
 10
1938.826823956526
 20
671.8019683466836
 30
0.0
 11
1946.405163276771
 21
671.8019683466839
 31
0.0
  0
LINE
  5
6295
330
1F
100
AcDbEntity
  8
HALFEN
100
AcDbLine
 10
1959.764147125394
 20
671.8019683466836
 30
0.0
 11
1967.342486445639
 21
671.8019683466836
 31
0.0
  0
LINE
  5
6296
330
1F
100
AcDbEntity
  8
HALFEN
100
AcDbLine
 10
1938.826823956526
 20
671.8019683466836
 30
0.0
 11
1938.826823956526
 21
679.3019683466837
 31
0.0
  0
LINE
  5
6297
330
1F
100
AcDbEntity
  8
HALFEN
100
AcDbLine
 10
1941.084655201082
 20
671.8019683466839
 30
0.0
 11
1941.084655201082
 21
679.3019683466837
 31
0.0
  0
LINE
  5
6298
330
1F
100
AcDbEntity
  8
HALFEN
100
AcDbLine
 10
1941.084655201082
 20
684.3019683466835
 30
0.0
 11
1941.084655201082
 21
776.8019683466838
 31
0.0
  0
LINE
  5
6299
330
1F
100
AcDbEntity
  8
HALFEN
100
AcDbLine
 10
1967.342486445639
 20
671.8019683466836
 30
0.0
 11
1967.342486445639
 21
679.3019683466837
 31
0.0
  0
LINE
  5
629A
330
1F
100
AcDbEntity
  8
HALFEN
100
AcDbLine
 10
1965.084655201082
 20
671.8019683466839
 30
0.0
 11
1965.084655201082
 21
679.3019683466837
 31
0.0
  0
LINE
  5
629B
330
1F
100
AcDbEntity
  8
HALFEN
100
AcDbLine
 10
1965.084655201082
 20
684.3019683466835
 30
0.0
 11
1965.084655201082
 21
776.8019683466838
 31
0.0
  0
ARC
  5
629C
330
1F
100
AcDbEntity
  8
HALFEN
100
AcDbCircle
 10
1953.084655201082
 20
681.801968346684
 30
0.0
 40
11.25
100
AcDbArc
 50
102.8395884069042
 51
167.1604115930958
  0
ARC
  5
629D
330
1F
100
AcDbEntity
  8
HALFEN
100
AcDbCircle
 10
1953.084655201082
 20
681.801968346684
 30
0.0
 40
11.25
100
AcDbArc
 50
192.8395884069042
 51
257.160411593097
  0
ARC
  5
629E
330
1F
100
AcDbEntity
  8
HALFEN
100
AcDbCircle
 10
1953.084655201082
 20
681.801968346684
 30
0.0
 40
11.25
100
AcDbArc
 50
282.8395884069042
 51
347.1604115930958
  0
ARC
  5
629F
330
1F
100
AcDbEntity
  8
HALFEN
100
AcDbCircle
 10
1953.084655201082
 20
681.801968346684
 30
0.0
 40
11.25
100
AcDbArc
 50
12.83958840690418
 51
77.16041159309654
  0
LINE
  5
62A0
330
1F
100
AcDbEntity
  8
HALFEN
100
AcDbLine
 10
1941.084655201082
 20
674.8737651164081
 30
0.0
 11
1950.584655201082
 21
669.3889375591067
 31
0.0
  0
LINE
  5
62A1
330
1F
100
AcDbEntity
  8
HALFEN
100
AcDbLine
 10
1955.584655201082
 20
669.3889375591063
 30
0.0
 11
1965.084655201082
 21
674.8737651164084
 31
0.0
  0
LINE
  5
62A2
330
1F
100
AcDbEntity
  8
HALFEN
100
AcDbLine
 10
1965.084655201082
 20
674.8737651164084
 30
0.0
 11
1965.084655201082
 21
679.3019683466837
 31
0.0
  0
LINE
  5
62A3
330
1F
100
AcDbEntity
  8
HALFEN
100
AcDbLine
 10
1965.084655201082
 20
684.3019683466836
 30
0.0
 11
1965.084655201082
 21
688.730171576959
 31
0.0
  0
LINE
  5
62A4
330
1F
100
AcDbEntity
  8
HALFEN
100
AcDbLine
 10
1965.084655201082
 20
688.730171576959
 30
0.0
 11
1955.584655201082
 21
694.2149991342605
 31
0.0
  0
LINE
  5
62A5
330
1F
100
AcDbEntity
  8
HALFEN
100
AcDbLine
 10
1950.584655201082
 20
694.2149991342604
 30
0.0
 11
1941.084655201082
 21
688.7301715769583
 31
0.0
  0
LINE
  5
62A6
330
1F
100
AcDbEntity
  8
HALFEN
100
AcDbLine
 10
1941.084655201082
 20
688.7301715769583
 30
0.0
 11
1941.084655201082
 21
684.3019683466835
 31
0.0
  0
LINE
  5
62A7
330
1F
100
AcDbEntity
  8
HALFEN
100
AcDbLine
 10
1941.084655201082
 20
679.3019683466837
 30
0.0
 11
1941.084655201082
 21
674.8737651164081
 31
0.0
  0
ARC
  5
62A8
330
1F
100
AcDbEntity
  8
HALFEN
100
AcDbCircle
 10
1953.084655201082
 20
738.0519683466839
 30
0.0
 40
4.25
100
AcDbArc
 50
180.0
 51
0.0
  0
ARC
  5
62A9
330
1F
100
AcDbEntity
  8
HALFEN
100
AcDbCircle
 10
1953.084655201082
 20
757.5519683466839
 30
0.0
 40
4.25
100
AcDbArc
 50
0.0
 51
180.0
  0
LINE
  5
62AA
330
1F
100
AcDbEntity
  8
HALFEN
100
AcDbLine
 10
1948.834655201082
 20
738.0519683466839
 30
0.0
 11
1948.834655201082
 21
757.5519683466839
 31
0.0
  0
LINE
  5
62AB
330
1F
100
AcDbEntity
  8
HALFEN
100
AcDbLine
 10
1957.334655201082
 20
757.5519683466839
 30
0.0
 11
1957.334655201082
 21
738.0519683466839
 31
0.0
  0
LINE
  5
62AC
330
1F
100
AcDbEntity
  8
HALFEN
100
AcDbLine
 10
1965.084655201082
 20
756.3019683466838
 30
0.0
 11
1957.334655201082
 21
756.3019683466838
 31
0.0
  0
LINE
  5
62AD
330
1F
100
AcDbEntity
  8
HALFEN
100
AcDbLine
 10
1965.084655201082
 20
757.3019683466838
 30
0.0
 11
1957.334655201082
 21
757.3019683466838
 31
0.0
  0
LINE
  5
62AE
330
1F
100
AcDbEntity
  8
HALFEN
100
AcDbLine
 10
1965.084655201082
 20
758.3019683466837
 30
0.0
 11
1957.267955333753
 21
758.3019683466837
 31
0.0
  0
LINE
  5
62AF
330
1F
100
AcDbEntity
  8
HALFEN
100
AcDbLine
 10
1965.084655201082
 20
759.3019683466837
 30
0.0
 11
1956.957638547289
 21
759.3019683466837
 31
0.0
  0
LINE
  5
62B0
330
1F
100
AcDbEntity
  8
HALFEN
100
AcDbLine
 10
1965.084655201082
 20
760.3019683466836
 30
0.0
 11
1956.325025550286
 21
760.3019683466839
 31
0.0
  0
LINE
  5
62B1
330
1F
100
AcDbEntity
  8
HALFEN
100
AcDbLine
 10
1965.084655201082
 20
735.3019683466838
 30
0.0
 11
1956.325025550286
 21
735.3019683466838
 31
0.0
  0
LINE
  5
62B2
330
1F
100
AcDbEntity
  8
HALFEN
100
AcDbLine
 10
1965.084655201082
 20
736.3019683466834
 30
0.0
 11
1956.957638547289
 21
736.3019683466838
 31
0.0
  0
LINE
  5
62B3
330
1F
100
AcDbEntity
  8
HALFEN
100
AcDbLine
 10
1965.084655201082
 20
737.3019683466838
 30
0.0
 11
1957.267955333753
 21
737.3019683466838
 31
0.0
  0
LINE
  5
62B4
330
1F
100
AcDbEntity
  8
HALFEN
100
AcDbLine
 10
1965.084655201082
 20
738.3019683466837
 30
0.0
 11
1957.334655201082
 21
738.3019683466837
 31
0.0
  0
LINE
  5
62B5
330
1F
100
AcDbEntity
  8
HALFEN
100
AcDbLine
 10
1965.084655201082
 20
739.3019683466836
 30
0.0
 11
1957.334655201082
 21
739.3019683466841
 31
0.0
  0
LINE
  5
62B6
330
1F
100
AcDbEntity
  8
HALFEN
100
AcDbLine
 10
1965.084655201082
 20
762.3019683466838
 30
0.0
 11
1941.084655201082
 21
762.3019683466838
 31
0.0
  0
LINE
  5
62B7
330
1F
100
AcDbEntity
  8
HALFEN
100
AcDbLine
 10
1965.084655201082
 20
763.3019683466837
 30
0.0
 11
1941.084655201082
 21
763.3019683466837
 31
0.0
  0
LINE
  5
62B8
330
1F
100
AcDbEntity
  8
HALFEN
100
AcDbLine
 10
1965.084655201082
 20
764.3019683466836
 30
0.0
 11
1941.084655201082
 21
764.3019683466838
 31
0.0
  0
LINE
  5
62B9
330
1F
100
AcDbEntity
  8
HALFEN
100
AcDbLine
 10
1965.084655201082
 20
732.3019683466838
 30
0.0
 11
1941.084655201082
 21
732.3019683466838
 31
0.0
  0
LINE
  5
62BA
330
1F
100
AcDbEntity
  8
HALFEN
100
AcDbLine
 10
1965.084655201082
 20
733.3019683466837
 30
0.0
 11
1941.084655201082
 21
733.3019683466837
 31
0.0
  0
LINE
  5
62BB
330
1F
100
AcDbEntity
  8
HALFEN
100
AcDbLine
 10
1948.834655201082
 20
751.3019683466837
 30
0.0
 11
1941.084655201082
 21
751.3019683466837
 31
0.0
  0
LINE
  5
62BC
330
1F
100
AcDbEntity
  8
HALFEN
100
AcDbLine
 10
1948.834655201082
 20
750.3019683466837
 30
0.0
 11
1941.084655201082
 21
750.3019683466837
 31
0.0
  0
LINE
  5
62BD
330
1F
100
AcDbEntity
  8
HALFEN
100
AcDbLine
 10
1948.834655201082
 20
749.3019683466838
 30
0.0
 11
1941.084655201082
 21
749.3019683466838
 31
0.0
  0
LINE
  5
62BE
330
1F
100
AcDbEntity
  8
HALFEN
100
AcDbLine
 10
1948.834655201082
 20
748.3019683466838
 30
0.0
 11
1941.084655201082
 21
748.3019683466836
 31
0.0
  0
LINE
  5
62BF
330
1F
100
AcDbEntity
  8
HALFEN
100
AcDbLine
 10
1948.834655201082
 20
747.3019683466837
 30
0.0
 11
1941.084655201082
 21
747.3019683466837
 31
0.0
  0
LINE
  5
62C0
330
1F
100
AcDbEntity
  8
HALFEN
100
AcDbLine
 10
1948.834655201082
 20
746.3019683466832
 30
0.0
 11
1941.084655201082
 21
746.3019683466841
 31
0.0
  0
LINE
  5
62C1
330
1F
100
AcDbEntity
  8
HALFEN
100
AcDbLine
 10
1948.834655201082
 20
745.3019683466832
 30
0.0
 11
1941.084655201082
 21
745.3019683466841
 31
0.0
  0
LINE
  5
62C2
330
1F
100
AcDbEntity
  8
HALFEN
100
AcDbLine
 10
1948.834655201082
 20
743.3019683466838
 30
0.0
 11
1941.084655201082
 21
743.3019683466838
 31
0.0
  0
LINE
  5
62C3
330
1F
100
AcDbEntity
  8
HALFEN
100
AcDbLine
 10
1948.834655201082
 20
752.3019683466838
 30
0.0
 11
1941.084655201082
 21
752.3019683466838
 31
0.0
  0
LINE
  5
62C4
330
1F
100
AcDbEntity
  8
HALFEN
100
AcDbLine
 10
1948.834655201082
 20
755.3019683466837
 30
0.0
 11
1941.084655201082
 21
755.3019683466836
 31
0.0
  0
LINE
  5
62C5
330
1F
100
AcDbEntity
  8
HALFEN
100
AcDbLine
 10
1948.834655201082
 20
740.3019683466838
 30
0.0
 11
1941.084655201082
 21
740.3019683466838
 31
0.0
  0
LINE
  5
62C6
330
1F
100
AcDbEntity
  8
HALFEN
100
AcDbLine
 10
1948.834655201082
 20
753.3019683466838
 30
0.0
 11
1941.084655201082
 21
753.3019683466838
 31
0.0
  0
LINE
  5
62C7
330
1F
100
AcDbEntity
  8
HALFEN
100
AcDbLine
 10
1948.834655201082
 20
754.3019683466837
 30
0.0
 11
1941.084655201082
 21
754.3019683466837
 31
0.0
  0
LINE
  5
62C8
330
1F
100
AcDbEntity
  8
HALFEN
100
AcDbLine
 10
1948.834655201082
 20
756.3019683466838
 30
0.0
 11
1941.084655201082
 21
756.3019683466836
 31
0.0
  0
LINE
  5
62C9
330
1F
100
AcDbEntity
  8
HALFEN
100
AcDbLine
 10
1948.834655201082
 20
757.3019683466838
 30
0.0
 11
1941.084655201082
 21
757.3019683466838
 31
0.0
  0
LINE
  5
62CA
330
1F
100
AcDbEntity
  8
HALFEN
100
AcDbLine
 10
1948.901355068412
 20
758.3019683466837
 30
0.0
 11
1941.084655201082
 21
758.3019683466837
 31
0.0
  0
LINE
  5
62CB
330
1F
100
AcDbEntity
  8
HALFEN
100
AcDbLine
 10
1949.211671854875
 20
759.3019683466837
 30
0.0
 11
1941.084655201082
 21
759.3019683466837
 31
0.0
  0
LINE
  5
62CC
330
1F
100
AcDbEntity
  8
HALFEN
100
AcDbLine
 10
1949.844284851878
 20
760.3019683466838
 30
0.0
 11
1941.084655201082
 21
760.3019683466838
 31
0.0
  0
LINE
  5
62CD
330
1F
100
AcDbEntity
  8
HALFEN
100
AcDbLine
 10
1941.084655201082
 20
744.3019683466839
 30
0.0
 11
1948.834655201082
 21
744.3019683466832
 31
0.0
  0
LINE
  5
62CE
330
1F
100
AcDbEntity
  8
HALFEN
100
AcDbLine
 10
1949.844284851879
 20
735.3019683466838
 30
0.0
 11
1941.084655201082
 21
735.3019683466838
 31
0.0
  0
LINE
  5
62CF
330
1F
100
AcDbEntity
  8
HALFEN
100
AcDbLine
 10
1949.211671854875
 20
736.3019683466838
 30
0.0
 11
1941.084655201082
 21
736.3019683466838
 31
0.0
  0
LINE
  5
62D0
330
1F
100
AcDbEntity
  8
HALFEN
100
AcDbLine
 10
1948.901355068412
 20
737.3019683466838
 30
0.0
 11
1941.084655201082
 21
737.3019683466838
 31
0.0
  0
LINE
  5
62D1
330
1F
100
AcDbEntity
  8
HALFEN
100
AcDbLine
 10
1948.834655201082
 20
738.3019683466837
 30
0.0
 11
1941.084655201082
 21
738.3019683466837
 31
0.0
  0
LINE
  5
62D2
330
1F
100
AcDbEntity
  8
HALFEN
100
AcDbLine
 10
1948.834655201082
 20
739.3019683466838
 30
0.0
 11
1941.084655201082
 21
739.3019683466836
 31
0.0
  0
LINE
  5
62D3
330
1F
100
AcDbEntity
  8
HALFEN
100
AcDbLine
 10
1948.834655201082
 20
741.3019683466838
 30
0.0
 11
1941.084655201082
 21
741.3019683466838
 31
0.0
  0
LINE
  5
62D4
330
1F
100
AcDbEntity
  8
HALFEN
100
AcDbLine
 10
1948.834655201082
 20
742.3019683466837
 30
0.0
 11
1941.084655201082
 21
742.3019683466837
 31
0.0
  0
LINE
  5
62D5
330
1F
100
AcDbEntity
  8
HALFEN
100
AcDbLine
 10
1965.084655201082
 20
761.3019683466838
 30
0.0
 11
1955.084655201082
 21
761.3019683466838
 31
0.0
  0
LINE
  5
62D6
330
1F
100
AcDbEntity
  8
HALFEN
100
AcDbLine
 10
1951.084655201082
 20
761.3019683466838
 30
0.0
 11
1941.084655201082
 21
761.3019683466838
 31
0.0
  0
LINE
  5
62D7
330
1F
100
AcDbEntity
  8
HALFEN
100
AcDbLine
 10
1951.084655201083
 20
734.3019683466837
 30
0.0
 11
1941.084655201082
 21
734.3019683466837
 31
0.0
  0
LINE
  5
62D8
330
1F
100
AcDbEntity
  8
HALFEN
100
AcDbLine
 10
1957.334655201082
 20
744.3019683466838
 30
0.0
 11
1965.084655201082
 21
744.3019683466838
 31
0.0
  0
LINE
  5
62D9
330
1F
100
AcDbEntity
  8
HALFEN
100
AcDbLine
 10
1965.084655201082
 20
749.3019683466833
 30
0.0
 11
1957.334655201082
 21
749.3019683466846
 31
0.0
  0
LINE
  5
62DA
330
1F
100
AcDbEntity
  8
HALFEN
100
AcDbLine
 10
1965.084655201082
 20
750.3019683466833
 30
0.0
 11
1957.334655201082
 21
750.3019683466844
 31
0.0
  0
LINE
  5
62DB
330
1F
100
AcDbEntity
  8
HALFEN
100
AcDbLine
 10
1965.084655201082
 20
751.3019683466835
 30
0.0
 11
1957.334655201082
 21
751.3019683466843
 31
0.0
  0
LINE
  5
62DC
330
1F
100
AcDbEntity
  8
HALFEN
100
AcDbLine
 10
1965.084655201082
 20
752.3019683466834
 30
0.0
 11
1957.334655201082
 21
752.3019683466841
 31
0.0
  0
LINE
  5
62DD
330
1F
100
AcDbEntity
  8
HALFEN
100
AcDbLine
 10
1965.084655201082
 20
753.3019683466838
 30
0.0
 11
1957.334655201082
 21
753.3019683466838
 31
0.0
  0
LINE
  5
62DE
330
1F
100
AcDbEntity
  8
HALFEN
100
AcDbLine
 10
1965.084655201082
 20
754.3019683466837
 30
0.0
 11
1957.334655201082
 21
754.3019683466837
 31
0.0
  0
LINE
  5
62DF
330
1F
100
AcDbEntity
  8
HALFEN
100
AcDbLine
 10
1965.084655201082
 20
755.3019683466837
 30
0.0
 11
1957.334655201082
 21
755.3019683466837
 31
0.0
  0
LINE
  5
62E0
330
1F
100
AcDbEntity
  8
HALFEN
100
AcDbLine
 10
1965.084655201082
 20
745.3019683466838
 30
0.0
 11
1957.334655201082
 21
745.3019683466838
 31
0.0
  0
LINE
  5
62E1
330
1F
100
AcDbEntity
  8
HALFEN
100
AcDbLine
 10
1965.084655201082
 20
746.3019683466837
 30
0.0
 11
1957.334655201082
 21
746.3019683466837
 31
0.0
  0
LINE
  5
62E2
330
1F
100
AcDbEntity
  8
HALFEN
100
AcDbLine
 10
1965.084655201082
 20
747.3019683466842
 30
0.0
 11
1957.334655201082
 21
747.301968346683
 31
0.0
  0
LINE
  5
62E3
330
1F
100
AcDbEntity
  8
HALFEN
100
AcDbLine
 10
1965.084655201082
 20
748.3019683466841
 30
0.0
 11
1957.334655201082
 21
748.3019683466832
 31
0.0
  0
LINE
  5
62E4
330
1F
100
AcDbEntity
  8
HALFEN
100
AcDbLine
 10
1965.084655201082
 20
734.3019683466837
 30
0.0
 11
1955.084655201082
 21
734.3019683466837
 31
0.0
  0
LINE
  5
62E5
330
1F
100
AcDbEntity
  8
HALFEN
100
AcDbLine
 10
1965.084655201082
 20
740.3019683466838
 30
0.0
 11
1957.334655201082
 21
740.3019683466838
 31
0.0
  0
LINE
  5
62E6
330
1F
100
AcDbEntity
  8
HALFEN
100
AcDbLine
 10
1965.084655201082
 20
741.3019683466838
 30
0.0
 11
1957.334655201082
 21
741.3019683466838
 31
0.0
  0
LINE
  5
62E7
330
1F
100
AcDbEntity
  8
HALFEN
100
AcDbLine
 10
1965.084655201082
 20
742.3019683466836
 30
0.0
 11
1957.334655201082
 21
742.3019683466837
 31
0.0
  0
LINE
  5
62E8
330
1F
100
AcDbEntity
  8
HALFEN
100
AcDbLine
 10
1965.084655201082
 20
743.3019683466838
 30
0.0
 11
1957.334655201082
 21
743.3019683466838
 31
0.0
  0
LINE
  5
62E9
330
1F
100
AcDbEntity
  8
HALFEN
100
AcDbLine
 10
1965.084655201082
 20
731.3019683466838
 30
0.0
 11
1941.084655201082
 21
731.3019683466838
 31
0.0
  0
LINE
  5
62EA
330
1F
100
AcDbEntity
  8
HALFEN
  6
STRICHPUNKT2
 62
     1
 48
0.5
100
AcDbLine
 10
1953.084655201082
 20
730.8019683466839
 30
0.0
 11
1953.084655201082
 21
764.8019683466839
 31
0.0
  0
LINE
  5
62EB
330
1F
100
AcDbEntity
  8
HALFEN
  6
STRICHPUNKT2
 62
     1
 48
0.5
100
AcDbLine
 10
1945.834655201082
 20
747.8019683466839
 30
0.0
 11
1960.334655201082
 21
747.8019683466839
 31
0.0
  0
LINE
  5
62EC
330
1F
100
AcDbEntity
  8
HALFEN
100
AcDbLine
 10
1783.500977178019
 20
610.6189251042626
 30
0.0
 11
1808.500977178019
 21
610.6189251042626
 31
0.0
  0
LINE
  5
62ED
330
1F
100
AcDbEntity
  8
HALFEN
100
AcDbLine
 10
1783.500977178019
 20
615.6189251042626
 30
0.0
 11
1808.500977178019
 21
615.6189251042626
 31
0.0
  0
LINE
  5
62EE
330
1F
100
AcDbEntity
  8
HALFEN
100
AcDbLine
 10
1783.500977178019
 20
615.6189251042626
 30
0.0
 11
1783.500977178019
 21
610.6189251042626
 31
0.0
  0
LINE
  5
62F2
330
1F
100
AcDbEntity
  8
HALFEN
100
AcDbLine
 10
1813.500977178019
 20
605.1189251042626
 30
0.0
 11
1843.500977178019
 21
605.1189251042627
 31
0.0
  0
LINE
  5
62F3
330
1F
100
AcDbEntity
  8
HALFEN
100
AcDbLine
 10
1813.500977178019
 20
621.1189251042626
 30
0.0
 11
1843.500977178019
 21
621.1189251042627
 31
0.0
  0
LINE
  5
62F4
330
1F
100
AcDbEntity
  8
HALFEN
100
AcDbLine
 10
1808.500977178019
 20
610.6189251042626
 30
0.0
 11
1813.500977178019
 21
605.1189251042626
 31
0.0
  0
LINE
  5
62F6
330
1F
100
AcDbEntity
  8
HALFEN
100
AcDbLine
 10
1808.500977178019
 20
615.6189251042626
 30
0.0
 11
1813.500977178019
 21
621.1189251042626
 31
0.0
  0
LINE
  5
62FB
330
1F
100
AcDbEntity
  8
HALFEN
100
AcDbLine
 10
1843.500977178019
 20
688.5750983466838
 30
0.0
 11
1843.500977178019
 21
675.0288383466838
 31
0.0
  0
ELLIPSE
  5
62FC
330
1F
100
AcDbEntity
  8
HALFEN
100
AcDbEllipse
 10
1793.905723405117
 20
681.8019683466836
 30
0.0
 11
-19.59525377290232
 21
0.0000000000006495
 31
0.0
210
0.0
220
0.0
230
1.0
 40
0.6634259576662032
 41
4.009859693674862
 42
4.71238898038471
  0
ELLIPSE
  5
62FD
330
1F
100
AcDbEntity
  8
HALFEN
100
AcDbEllipse
 10
1793.905723405117
 20
681.8019683466836
 30
0.0
 11
19.59525377290196
 21
0.0000000000000534
 31
0.0
210
0.0
220
0.0
230
1.0
 40
0.6634259576662154
 41
4.712388980384687
 42
5.414918267092303
  0
ARC
  5
62FF
330
1F
100
AcDbEntity
  8
HALFEN
100
AcDbCircle
 10
1804.055848469197
 20
681.801968346679
 30
0.0
 40
20.55487129117615
100
AcDbArc
 50
143.6492833696231
 51
216.3585352849934
  0
ARC
  5
6300
330
1F
100
AcDbEntity
  8
HALFEN
100
AcDbCircle
 10
1789.113183090082
 20
670.8019683466837
 30
0.0
 40
2.0
100
AcDbArc
 50
216.3585352849934
 51
270.0
  0
LINE
  5
6301
330
1F
100
AcDbEntity
  8
HALFEN
100
AcDbLine
 10
1789.113183090082
 20
668.8019683466836
 30
0.0
 11
1793.905723405121
 21
668.8019683466836
 31
0.0
  0
CIRCLE
  5
6302
330
1F
100
AcDbEntity
  8
HALFEN
100
AcDbCircle
 10
1790.500977178018
 20
681.8019683466836
 30
0.0
 40
2.549999999999998
  0
ARC
  5
6304
330
1F
100
AcDbEntity
  8
HALFEN
100
AcDbCircle
 10
1789.111682155287
 20
692.7999291492231
 30
0.0
 40
2.0
100
AcDbArc
 50
91.33537730059243
 51
143.6492833696231
  0
LINE
  5
6305
330
1F
100
AcDbEntity
  8
HALFEN
100
AcDbLine
 10
1790.500977178024
 20
694.8019683466838
 30
0.0
 11
1793.905723405117
 21
694.8019683466838
 31
0.0
  0
ARC
  5
6306
330
1F
100
AcDbEntity
  8
HALFEN
100
AcDbCircle
 10
1789.843047881512
 20
661.4255890282213
 30
0.0
 40
33.38286337882191
100
AcDbArc
 50
88.8707076348764
 51
91.33537730059243
  0
LINE
  5
630B
330
1F
100
AcDbEntity
  8
HALFEN
100
AcDbLine
 10
1813.912875892323
 20
673.8019683466837
 30
0.0
 11
1843.64929809298
 21
673.8019683466837
 31
0.0
  0
LINE
  5
630C
330
1F
100
AcDbEntity
  8
HALFEN
100
AcDbLine
 10
1856.152656263057
 20
605.1189251042626
 30
0.0
 11
1876.275509697751
 21
605.1189251042626
 31
0.0
  0
LINE
  5
630D
330
1F
100
AcDbEntity
  8
HALFEN
100
AcDbLine
 10
1813.912875892397
 20
689.8019683466838
 30
0.0
 11
1843.649298092984
 21
689.8019683466838
 31
0.0
  0
ELLIPSE
  5
630E
330
1F
100
AcDbEntity
  8
HALFEN
100
AcDbEllipse
 10
1793.905723405117
 20
681.8019683466836
 30
0.0
 11
19.59525377290174
 21
0.0000000000000969
 31
0.0
210
0.0
220
0.0
230
1.0
 40
0.6634259576662222
 41
-0.8682670400871396
 42
0.8682670400849584
  0
ARC
  5
6311
330
1F
100
AcDbEntity
  8
HALFEN
100
AcDbCircle
 10
1813.912875892323
 20
658.8019683466832
 30
0.0
 40
15.0
100
AcDbArc
 50
90.0
 51
119.3216395591507
  0
ARC
  5
6312
330
1F
100
AcDbEntity
  8
HALFEN
100
AcDbCircle
 10
1813.912875892389
 20
704.8019683466673
 30
0.0
 40
15.0
100
AcDbArc
 50
240.6783604407451
 51
270.000000000026
  0
LINE
  5
6313
330
1F
100
AcDbEntity
  8
HALFEN
100
AcDbLine
 10
1788.000977178018
 20
578.1189251042626
 30
0.0
 11
1788.000977178018
 21
610.6189251042626
 31
0.0
  0
LINE
  5
6314
330
1F
100
AcDbEntity
  8
HALFEN
100
AcDbLine
 10
1788.000977178018
 20
615.6189251042626
 30
0.0
 11
1788.000977178018
 21
648.1189251042626
 31
0.0
  0
LINE
  5
6315
330
1F
100
AcDbEntity
  8
HALFEN
100
AcDbLine
 10
1793.000977178019
 20
578.1189251042626
 30
0.0
 11
1793.000977178019
 21
610.6189251042626
 31
0.0
  0
LINE
  5
6316
330
1F
100
AcDbEntity
  8
HALFEN
100
AcDbLine
 10
1793.000977178019
 20
615.6189251042626
 30
0.0
 11
1793.000977178019
 21
648.1189251042626
 31
0.0
  0
LINE
  5
6317
330
1F
100
AcDbEntity
  8
HALFEN
100
AcDbLine
 10
1793.000977178019
 20
578.1189251042626
 30
0.0
 11
1788.000977178018
 21
578.1189251042626
 31
0.0
  0
LINE
  5
6318
330
1F
100
AcDbEntity
  8
HALFEN
100
AcDbLine
 10
1793.000977178019
 20
648.1189251042626
 30
0.0
 11
1788.000977178018
 21
648.1189251042626
 31
0.0
  0
LINE
  5
6319
330
1F
100
AcDbEntity
  8
HALFEN
100
AcDbLine
 10
1955.584655201082
 20
668.8019507232497
 30
0.0
 11
1955.584655201082
 21
694.8019859701179
 31
0.0
  0
LINE
  5
631A
330
1F
100
AcDbEntity
  8
HALFEN
100
AcDbLine
 10
1950.584655201082
 20
668.8019507232495
 30
0.0
 11
1950.584655201082
 21
694.8019859701182
 31
0.0
  0
LINE
  5
631B
330
1F
100
AcDbEntity
  8
HALFEN
100
AcDbLine
 10
1988.084655201082
 20
679.3019683466837
 30
0.0
 11
1955.584655201082
 21
679.3019683466837
 31
0.0
  0
LINE
  5
631C
330
1F
100
AcDbEntity
  8
HALFEN
100
AcDbLine
 10
1950.584655201082
 20
679.3019683466837
 30
0.0
 11
1918.084655201082
 21
679.3019683466837
 31
0.0
  0
LINE
  5
631D
330
1F
100
AcDbEntity
  8
HALFEN
100
AcDbLine
 10
1988.084655201082
 20
684.3019683466839
 30
0.0
 11
1955.584655201082
 21
684.3019683466839
 31
0.0
  0
LINE
  5
631E
330
1F
100
AcDbEntity
  8
HALFEN
100
AcDbLine
 10
1950.584655201082
 20
684.3019683466839
 30
0.0
 11
1918.084655201082
 21
684.3019683466839
 31
0.0
  0
LINE
  5
631F
330
1F
100
AcDbEntity
  8
HALFEN
100
AcDbLine
 10
1988.084655201082
 20
684.3019683466839
 30
0.0
 11
1988.084655201082
 21
679.3019683466837
 31
0.0
  0
LINE
  5
6320
330
1F
100
AcDbEntity
  8
HALFEN
100
AcDbLine
 10
1918.084655201082
 20
684.3019683466839
 30
0.0
 11
1918.084655201082
 21
679.3019683466837
 31
0.0
  0
LINE
  5
6321
330
1F
100
AcDbEntity
  8
HALFEN
100
AcDbLine
 10
1955.584655201082
 20
668.8019507232497
 30
0.0
 11
1950.584655201082
 21
668.8019507232495
 31
0.0
  0
ARC
  5
6322
330
1F
100
AcDbEntity
  8
HALFEN
100
AcDbCircle
 10
1953.084655201082
 20
681.801968346684
 30
0.0
 40
8.0
100
AcDbArc
 50
198.209956864283
 51
251.790043135718
  0
ARC
  5
6323
330
1F
100
AcDbEntity
  8
HALFEN
100
AcDbCircle
 10
1953.084655201082
 20
681.801968346684
 30
0.0
 40
8.0
100
AcDbArc
 50
288.2099568642833
 51
341.790043135717
  0
ARC
  5
6324
330
1F
100
AcDbEntity
  8
HALFEN
100
AcDbCircle
 10
1953.084655201082
 20
681.801968346684
 30
0.0
 40
8.0
100
AcDbArc
 50
18.20995686428303
 51
71.7900431357172
  0
ARC
  5
6325
330
1F
100
AcDbEntity
  8
HALFEN
100
AcDbCircle
 10
1953.084655201082
 20
681.801968346684
 30
0.0
 40
8.0
100
AcDbArc
 50
108.2099568642833
 51
161.7900431357169
  0
LINE
  5
6326
330
1F
100
AcDbEntity
  8
HALFEN
100
AcDbLine
 10
1955.584655201082
 20
694.8019859701179
 30
0.0
 11
1950.584655201082
 21
694.8019859701182
 31
0.0
  0
LINE
  5
6327
330
1F
100
AcDbEntity
  8
HALFEN
100
AcDbLine
 10
1877.500977225867
 20
619.8906526323781
 30
0.0
 11
1877.500977225867
 21
606.3443926323781
 31
0.0
  0
LINE
  5
6328
330
1F
100
AcDbEntity
  8
HALFEN
100
AcDbLine
 10
1876.274107225867
 20
621.1175226323781
 30
0.0
 11
1876.274107225867
 21
605.1175226323781
 31
0.0
  0
LINE
  5
6329
330
1F
100
AcDbEntity
  8
HALFEN
100
AcDbLine
 10
1876.274107225867
 20
605.1175226323781
 30
0.0
 11
1877.500977225867
 21
606.3443926323781
 31
0.0
  0
LINE
  5
632A
330
1F
100
AcDbEntity
  8
HALFEN
100
AcDbLine
 10
1877.500977225867
 20
619.8906526323781
 30
0.0
 11
1876.274107225867
 21
621.1175226323781
 31
0.0
  0
LINE
  5
632B
330
1F
100
AcDbEntity
  8
HALFEN
100
AcDbLine
 10
1856.152736423534
 20
621.1183876077626
 30
0.0
 11
1876.274107225867
 21
621.1175226323781
 31
0.0
  0
LINE
  5
632C
330
1F
100
AcDbEntity
  8
HALFEN
100
AcDbLine
 10
1701.249609617608
 20
830.5410497531996
 30
0.0
 11
1871.25272441254
 21
830.5410497531996
 31
0.0
  0
LINE
  5
632D
330
1F
100
AcDbEntity
  8
HALFEN
100
AcDbLine
 10
1701.249609617608
 20
840.5410497531994
 30
0.0
 11
1871.834086171087
 21
840.5410497531994
 31
0.0
  0
LINE
  5
632E
330
1F
100
AcDbEntity
  8
HALFEN
100
AcDbLine
 10
1701.249609617608
 20
858.5410497532
 30
0.0
 11
1871.834086171087
 21
858.5410497532
 31
0.0
  0
TEXT
  5
632F
330
1F
100
AcDbEntity
  8
HALFEN
100
AcDbText
 10
1751.214295950223
 20
851.0410497531996
 30
0.0
 40
5.0
  1
Halfen Body - Anker BA 1310 - 1 -  A2
  7
ARIAL50
100
AcDbText
  0
TEXT
  5
6330
330
1F
100
AcDbEntity
  8
HALFEN
100
AcDbText
 10
1706.249609617608
 20
851.0410497531996
 30
0.0
 40
5.0
  1
Benennung
  7
ARIAL50
100
AcDbText
  0
TEXT
  5
6331
330
1F
100
AcDbEntity
  8
HALFEN
100
AcDbText
 10
1706.249609617608
 20
833.0410497531996
 30
0.0
 40
5.0
  1
Bestell-Nr.
  7
ARIAL50
100
AcDbText
  0
LINE
  5
6332
330
1F
100
AcDbEntity
  8
HALFEN
100
AcDbLine
 10
1701.249609617608
 20
830.5410497531996
 30
0.0
 11
1701.249609617608
 21
858.5410497532
 31
0.0
  0
LINE
  5
6333
330
1F
100
AcDbEntity
  8
HALFEN
100
AcDbLine
 10
1746.214295950223
 20
830.5410497531996
 30
0.0
 11
1746.214295950223
 21
858.5410497532
 31
0.0
  0
TEXT
  5
6334
330
1F
100
AcDbEntity
  8
HALFEN
100
AcDbText
 10
1751.214295950223
 20
833.0410497531996
 30
0.0
 40
5.0
  1
0754.010 - 00021
  7
ARIAL50
100
AcDbText
  0
LINE
  5
6335
330
1F
100
AcDbEntity
  8
HALFEN
100
AcDbLine
 10
1871.834086171087
 20
830.5410497531996
 30
0.0
 11
1871.834086171087
 21
858.5410497532
 31
0.0
  0
LINE
  5
633F
330
1F
100
AcDbEntity
  8
HALFEN
100
AcDbLine
 10
1938.826823956526
 20
684.301968346684
 30
0.0
 11
1938.826823956526
 21
776.8019683466842
 31
0.0
  0
LINE
  5
6340
330
1F
100
AcDbEntity
  8
HALFEN
100
AcDbLine
 10
1967.342486445639
 20
684.301968346684
 30
0.0
 11
1967.342486445639
 21
776.8019683466842
 31
0.0
  0
LINE
  5
6553
330
1F
100
AcDbEntity
  8
HALFEN
100
AcDbLine
 10
1701.249609617608
 20
462.3367705080686
 30
0.0
 11
1871.25272441254
 21
462.3367705080686
 31
0.0
  0
LINE
  5
6554
330
1F
100
AcDbEntity
  8
HALFEN
100
AcDbLine
 10
1701.249609617608
 20
472.3367705080686
 30
0.0
 11
1871.834086171087
 21
472.3367705080686
 31
0.0
  0
LINE
  5
6555
330
1F
100
AcDbEntity
  8
HALFEN
100
AcDbLine
 10
1701.249609617608
 20
490.336770508069
 30
0.0
 11
1871.834086171087
 21
490.336770508069
 31
0.0
  0
TEXT
  5
6556
330
1F
100
AcDbEntity
  8
HALFEN
100
AcDbText
 10
1751.214295950224
 20
482.8367705080686
 30
0.0
 40
5.0
  1
Halfen Body - Anker BA 1310 - 2 -  A2
  7
ARIAL50
100
AcDbText
  0
TEXT
  5
6557
330
1F
100
AcDbEntity
  8
HALFEN
100
AcDbText
 10
1706.249609617608
 20
482.8367705080686
 30
0.0
 40
5.0
  1
Benennung
  7
ARIAL50
100
AcDbText
  0
TEXT
  5
6558
330
1F
100
AcDbEntity
  8
HALFEN
100
AcDbText
 10
1706.249609617608
 20
464.8367705080686
 30
0.0
 40
5.0
  1
Bestell-Nr.
  7
ARIAL50
100
AcDbText
  0
LINE
  5
6559
330
1F
100
AcDbEntity
  8
HALFEN
100
AcDbLine
 10
1701.249609617608
 20
462.3367705080686
 30
0.0
 11
1701.249609617608
 21
490.336770508069
 31
0.0
  0
LINE
  5
655A
330
1F
100
AcDbEntity
  8
HALFEN
100
AcDbLine
 10
1746.214295950224
 20
462.3367705080686
 30
0.0
 11
1746.214295950224
 21
490.336770508069
 31
0.0
  0
TEXT
  5
655B
330
1F
100
AcDbEntity
  8
HALFEN
100
AcDbText
 10
1751.214295950224
 20
464.8367705080686
 30
0.0
 40
5.0
  1
0754.020 - 00021
  7
ARIAL50
100
AcDbText
  0
LINE
  5
655C
330
1F
100
AcDbEntity
  8
HALFEN
100
AcDbLine
 10
1871.834086171087
 20
462.3367705080686
 30
0.0
 11
1871.834086171087
 21
490.336770508069
 31
0.0
  0
LINE
  5
6CF5
330
1F
100
AcDbEntity
  8
HALFEN
100
AcDbLine
 10
2443.243020868887
 20
731.2114686899882
 30
0.0
 11
2468.243020868886
 21
731.2114686899882
 31
0.0
  0
LINE
  5
6CF6
330
1F
100
AcDbEntity
  8
HALFEN
100
AcDbLine
 10
2443.243020868887
 20
736.2114686899882
 30
0.0
 11
2468.243020868886
 21
736.2114686899882
 31
0.0
  0
LINE
  5
6CF7
330
1F
100
AcDbEntity
  8
HALFEN
100
AcDbLine
 10
2443.243020868887
 20
736.2114686899882
 30
0.0
 11
2443.243020868887
 21
731.2114686899882
 31
0.0
  0
LINE
  5
6CFA
330
1F
100
AcDbEntity
  8
HALFEN
100
AcDbLine
 10
2473.243020868886
 20
725.7114686899882
 30
0.0
 11
2536.016150861425
 21
725.7114686899885
 31
0.0
  0
LINE
  5
6CFB
330
1F
100
AcDbEntity
  8
HALFEN
100
AcDbLine
 10
2468.243020868886
 20
731.2114686899882
 30
0.0
 11
2473.243020868886
 21
725.7114686899882
 31
0.0
  0
LINE
  5
6CFD
330
1F
100
AcDbEntity
  8
HALFEN
100
AcDbLine
 10
2468.243020868886
 20
736.2114686899882
 30
0.0
 11
2473.243020868886
 21
741.7114686899882
 31
0.0
  0
ELLIPSE
  5
6D00
330
1F
100
AcDbEntity
  8
HALFEN
100
AcDbEllipse
 10
2453.647767095985
 20
665.0284254475669
 30
0.0
 11
19.5952537729017
 21
0.0000000000000284
 31
0.0
210
0.0
220
0.0
230
1.0
 40
0.663425957666224
 41
7.1514523472646
 42
7.853981633974482
  0
ELLIPSE
  5
6D01
330
1F
100
AcDbEntity
  8
HALFEN
100
AcDbEllipse
 10
2453.647767095985
 20
665.0284254475669
 30
0.0
 11
19.5952537729017
 21
0.0000000000000284
 31
0.0
210
0.0
220
0.0
230
1.0
 40
0.663425957666224
 41
4.712388980384688
 42
5.414918267092309
  0
ARC
  5
6D03
330
1F
100
AcDbEntity
  8
HALFEN
100
AcDbCircle
 10
2463.797892160065
 20
665.0284254475621
 30
0.0
 40
20.55487129117615
100
AcDbArc
 50
143.649283369622
 51
216.3585352849922
  0
ARC
  5
6D04
330
1F
100
AcDbEntity
  8
HALFEN
100
AcDbCircle
 10
2448.85522678095
 20
654.0284254475671
 30
0.0
 40
2.0
100
AcDbArc
 50
216.3585352849922
 51
270.0
  0
LINE
  5
6D05
330
1F
100
AcDbEntity
  8
HALFEN
100
AcDbLine
 10
2448.85522678095
 20
652.028425447567
 30
0.0
 11
2453.647767095989
 21
652.028425447567
 31
0.0
  0
CIRCLE
  5
6D06
330
1F
100
AcDbEntity
  8
HALFEN
100
AcDbCircle
 10
2450.243020868886
 20
665.0284254475669
 30
0.0
 40
2.549999999999998
  0
ARC
  5
6D08
330
1F
100
AcDbEntity
  8
HALFEN
100
AcDbCircle
 10
2448.853725846155
 20
676.0263862501065
 30
0.0
 40
2.0
100
AcDbArc
 50
91.33537730059243
 51
143.649283369622
  0
LINE
  5
6D09
330
1F
100
AcDbEntity
  8
HALFEN
100
AcDbLine
 10
2450.243020868891
 20
678.0284254475669
 30
0.0
 11
2453.647767095985
 21
678.0284254475669
 31
0.0
  0
ARC
  5
6D0A
330
1F
100
AcDbEntity
  8
HALFEN
100
AcDbCircle
 10
2449.58509157238
 20
644.6520461291046
 30
0.0
 40
33.38286337882191
100
AcDbArc
 50
88.8707076348764
 51
91.33537730059243
  0
ELLIPSE
  5
6D0B
330
1F
100
AcDbEntity
  8
HALFEN
100
AcDbEllipse
 10
2453.647767095985
 20
665.0284254475669
 30
0.0
 11
19.5952537729017
 21
0.0000000000000284
 31
0.0
210
0.0
220
0.0
230
1.0
 40
0.663425957666224
 41
5.41491826709245
 42
7.151452347264547
  0
ARC
  5
6D0E
330
1F
100
AcDbEntity
  8
HALFEN
100
AcDbCircle
 10
2473.663066082729
 20
688.0485976308108
 30
0.0
 40
15.0215775047105
100
AcDbArc
 50
240.6889477955066
 51
269.9647084712829
  0
LINE
  5
6D0F
330
1F
100
AcDbEntity
  8
HALFEN
100
AcDbLine
 10
2447.743020868886
 20
698.7114686899882
 30
0.0
 11
2447.743020868886
 21
731.2114686899882
 31
0.0
  0
LINE
  5
6D10
330
1F
100
AcDbEntity
  8
HALFEN
100
AcDbLine
 10
2447.743020868886
 20
736.2114686899882
 30
0.0
 11
2447.743020868886
 21
768.7114686899882
 31
0.0
  0
LINE
  5
6D11
330
1F
100
AcDbEntity
  8
HALFEN
100
AcDbLine
 10
2452.743020868886
 20
698.7114686899882
 30
0.0
 11
2452.743020868886
 21
731.2114686899882
 31
0.0
  0
LINE
  5
6D12
330
1F
100
AcDbEntity
  8
HALFEN
100
AcDbLine
 10
2452.743020868886
 20
736.2114686899882
 30
0.0
 11
2452.743020868886
 21
768.7114686899882
 31
0.0
  0
LINE
  5
6D13
330
1F
100
AcDbEntity
  8
HALFEN
100
AcDbLine
 10
2452.743020868886
 20
698.7114686899882
 30
0.0
 11
2447.743020868886
 21
698.7114686899882
 31
0.0
  0
LINE
  5
6D14
330
1F
100
AcDbEntity
  8
HALFEN
100
AcDbLine
 10
2452.743020868886
 20
768.7114686899882
 30
0.0
 11
2447.743020868886
 21
768.7114686899882
 31
0.0
  0
LINE
  5
6D15
330
1F
100
AcDbEntity
  8
HALFEN
100
AcDbLine
 10
2537.243020916734
 20
671.8001529756826
 30
0.0
 11
2537.243020916734
 21
658.2538929756825
 31
0.0
  0
LINE
  5
6D16
330
1F
100
AcDbEntity
  8
HALFEN
100
AcDbLine
 10
2536.016150916735
 20
673.0270229756825
 30
0.0
 11
2536.016150916735
 21
657.0270229756824
 31
0.0
  0
LINE
  5
6D17
330
1F
100
AcDbEntity
  8
HALFEN
100
AcDbLine
 10
2536.016150916735
 20
657.0270229756824
 30
0.0
 11
2537.243020916734
 21
658.2538929756825
 31
0.0
  0
LINE
  5
6D18
330
1F
100
AcDbEntity
  8
HALFEN
100
AcDbLine
 10
2537.243020916734
 20
671.8001529756826
 30
0.0
 11
2536.016150916735
 21
673.0270229756825
 31
0.0
  0
LINE
  5
6D1A
330
1F
100
AcDbEntity
  8
HALFEN
100
AcDbLine
 10
2363.397428092557
 20
830.5410497531992
 30
0.0
 11
2644.460029942218
 21
830.5410497531992
 31
0.0
  0
LINE
  5
6D1B
330
1F
100
AcDbEntity
  8
HALFEN
100
AcDbLine
 10
2363.397428092557
 20
840.5410497531994
 30
0.0
 11
2644.460029942218
 21
840.5410497531994
 31
0.0
  0
LINE
  5
6D1C
330
1F
100
AcDbEntity
  8
HALFEN
100
AcDbLine
 10
2363.397428092557
 20
858.5410497531997
 30
0.0
 11
2644.460029942218
 21
858.5410497531999
 31
0.0
  0
TEXT
  5
6D1D
330
1F
100
AcDbEntity
  8
HALFEN
100
AcDbText
 10
2413.362114425172
 20
851.0410497531992
 30
0.0
 40
5.0
  1
Halfen Body - Anker BA 1310 - (Ausleger Typ1-M16x94 + Gleithülse) - A2
  7
ARIAL50
100
AcDbText
  0
TEXT
  5
6D1E
330
1F
100
AcDbEntity
  8
HALFEN
100
AcDbText
 10
2368.397428092557
 20
851.0410497531992
 30
0.0
 40
5.0
  1
Benennung
  7
ARIAL50
100
AcDbText
  0
TEXT
  5
6D1F
330
1F
100
AcDbEntity
  8
HALFEN
100
AcDbText
 10
2368.397428092557
 20
833.0410497531993
 30
0.0
 40
5.0
  1
Bestell-Nr.
  7
ARIAL50
100
AcDbText
  0
LINE
  5
6D20
330
1F
100
AcDbEntity
  8
HALFEN
100
AcDbLine
 10
2363.397428092557
 20
830.5410497531992
 30
0.0
 11
2363.397428092557
 21
858.5410497531997
 31
0.0
  0
LINE
  5
6D21
330
1F
100
AcDbEntity
  8
HALFEN
100
AcDbLine
 10
2408.362114425172
 20
830.5410497531992
 30
0.0
 11
2408.362114425172
 21
858.5410497531997
 31
0.0
  0
TEXT
  5
6D22
330
1F
100
AcDbEntity
  8
HALFEN
100
AcDbText
 10
2413.362114425172
 20
833.0410497531993
 30
0.0
 40
5.0
  1
0754.040 - 00013
  7
ARIAL50
100
AcDbText
  0
LINE
  5
6D23
330
1F
100
AcDbEntity
  8
HALFEN
100
AcDbLine
 10
2644.460029942218
 20
830.5410497531992
 30
0.0
 11
2644.460029942218
 21
858.5410497531997
 31
0.0
  0
LINE
  5
6D24
330
1F
100
AcDbEntity
  8
HALFEN
100
AcDbLine
 10
2537.243020868887
 20
740.4845986899882
 30
0.0
 11
2537.243020868887
 21
726.9383386899882
 31
0.0
  0
LINE
  5
6D25
330
1F
100
AcDbEntity
  8
HALFEN
100
AcDbLine
 10
2536.016150868886
 20
741.7114686899882
 30
0.0
 11
2536.016150868886
 21
725.7114686899882
 31
0.0
  0
LINE
  5
6D26
330
1F
100
AcDbEntity
  8
HALFEN
100
AcDbLine
 10
2536.016150868886
 20
725.7114686899882
 30
0.0
 11
2537.243020868887
 21
726.9383386899882
 31
0.0
  0
LINE
  5
6D27
330
1F
100
AcDbEntity
  8
HALFEN
100
AcDbLine
 10
2537.243020868887
 20
740.4845986899882
 30
0.0
 11
2536.016150868886
 21
741.7114686899882
 31
0.0
  0
LINE
  5
6D28
330
1F
100
AcDbEntity
  8
HALFEN
100
AcDbLine
 10
2536.016150868886
 20
741.7114686899882
 30
0.0
 11
2473.243020868886
 21
741.7114686899882
 31
0.0
  0
LINE
  5
6D2A
330
1F
100
AcDbEntity
  8
HALFEN
100
AcDbLine
 10
2495.894686304857
 20
725.7127799768693
 30
0.0
 11
2536.016150861425
 21
725.7114686899885
 31
0.0
  0
LINE
  5
6D2B
330
1F
100
AcDbEntity
  8
HALFEN
100
AcDbLine
 10
2536.016150916735
 20
673.0270229756825
 30
0.0
 11
2473.653813491965
 21
673.0270229756825
 31
0.0
  0
LINE
  5
6D2C
330
1F
100
AcDbEntity
  8
HALFEN
100
AcDbLine
 10
2536.016150916735
 20
657.0270229756824
 30
0.0
 11
2473.653813492391
 21
657.0270229756824
 31
0.0
  0
ARC
  5
6D2D
330
1F
100
AcDbEntity
  8
HALFEN
100
AcDbCircle
 10
2473.663066082729
 20
642.0054483205542
 30
0.0
 40
15.0215775047105
100
AcDbArc
 50
90.03529152871712
 51
119.3110522044934
  0
LINE
  5
6D30
330
1F
100
AcDbEntity
  8
HALFEN
100
AcDbLine
 10
2363.397428092557
 20
792.5410497531993
 30
0.0
 11
2644.460029942218
 21
792.5410497531993
 31
0.0
  0
LINE
  5
6D31
330
1F
100
AcDbEntity
  8
HALFEN
100
AcDbLine
 10
2363.397428092557
 20
802.5410497531993
 30
0.0
 11
2644.460029942218
 21
802.5410497531993
 31
0.0
  0
LINE
  5
6D32
330
1F
100
AcDbEntity
  8
HALFEN
100
AcDbLine
 10
2363.397428092557
 20
820.5410497531998
 30
0.0
 11
2644.460029942218
 21
820.5410497531998
 31
0.0
  0
TEXT
  5
6D33
330
1F
100
AcDbEntity
  8
HALFEN
100
AcDbText
 10
2413.362114425172
 20
813.0410497531993
 30
0.0
 40
5.0
  1
Halfen Body - Anker BA 1310 - (Ausleger Typ1-M16x94 + Gleithülse) - A4
  7
ARIAL50
100
AcDbText
  0
TEXT
  5
6D34
330
1F
100
AcDbEntity
  8
HALFEN
100
AcDbText
 10
2368.397428092557
 20
813.0410497531993
 30
0.0
 40
5.0
  1
Benennung
  7
ARIAL50
100
AcDbText
  0
TEXT
  5
6D35
330
1F
100
AcDbEntity
  8
HALFEN
100
AcDbText
 10
2368.397428092557
 20
795.0410497531993
 30
0.0
 40
5.0
  1
Bestell-Nr.
  7
ARIAL50
100
AcDbText
  0
LINE
  5
6D36
330
1F
100
AcDbEntity
  8
HALFEN
100
AcDbLine
 10
2363.397428092557
 20
792.5410497531993
 30
0.0
 11
2363.397428092557
 21
820.5410497531998
 31
0.0
  0
LINE
  5
6D37
330
1F
100
AcDbEntity
  8
HALFEN
100
AcDbLine
 10
2408.362114425172
 20
792.5410497531993
 30
0.0
 11
2408.362114425172
 21
820.5410497531998
 31
0.0
  0
TEXT
  5
6D38
330
1F
100
AcDbEntity
  8
HALFEN
100
AcDbText
 10
2413.362114425172
 20
795.0410497531993
 30
0.0
 40
5.0
  1
0754.040 - 00006
  7
ARIAL50
100
AcDbText
  0
LINE
  5
6D39
330
1F
100
AcDbEntity
  8
HALFEN
100
AcDbLine
 10
2644.460029942218
 20
792.5410497531993
 30
0.0
 11
2644.460029942218
 21
820.5410497531998
 31
0.0
  0
LINE
  5
6E5B
330
1F
100
AcDbEntity
  8
HALFEN
100
AcDbLine
 10
2443.243020868886
 20
445.575720113277
 30
0.0
 11
2468.243020868886
 21
445.575720113277
 31
0.0
  0
LINE
  5
6E5C
330
1F
100
AcDbEntity
  8
HALFEN
100
AcDbLine
 10
2443.243020868886
 20
450.575720113277
 30
0.0
 11
2468.243020868886
 21
450.575720113277
 31
0.0
  0
LINE
  5
6E5D
330
1F
100
AcDbEntity
  8
HALFEN
100
AcDbLine
 10
2443.243020868886
 20
450.575720113277
 30
0.0
 11
2443.243020868886
 21
445.575720113277
 31
0.0
  0
LINE
  5
6E60
330
1F
100
AcDbEntity
  8
HALFEN
100
AcDbLine
 10
2473.243020868886
 20
440.0757201132769
 30
0.0
 11
2536.016150861425
 21
440.0757201132774
 31
0.0
  0
LINE
  5
6E61
330
1F
100
AcDbEntity
  8
HALFEN
100
AcDbLine
 10
2468.243020868886
 20
445.575720113277
 30
0.0
 11
2473.243020868886
 21
440.0757201132769
 31
0.0
  0
LINE
  5
6E63
330
1F
100
AcDbEntity
  8
HALFEN
100
AcDbLine
 10
2468.243020868886
 20
450.575720113277
 30
0.0
 11
2473.243020868886
 21
456.0757201132769
 31
0.0
  0
ELLIPSE
  5
6E66
330
1F
100
AcDbEntity
  8
HALFEN
100
AcDbEllipse
 10
2453.647767095985
 20
379.3926768708559
 30
0.0
 11
19.5952537729017
 21
0.0000000000000284
 31
0.0
210
0.0
220
0.0
230
1.0
 40
0.663425957666224
 41
7.1514523472646
 42
7.853981633974482
  0
ELLIPSE
  5
6E67
330
1F
100
AcDbEntity
  8
HALFEN
100
AcDbEllipse
 10
2453.647767095985
 20
379.3926768708559
 30
0.0
 11
19.5952537729017
 21
0.0000000000000284
 31
0.0
210
0.0
220
0.0
230
1.0
 40
0.663425957666224
 41
4.712388980384688
 42
5.414918267092309
  0
ARC
  5
6E69
330
1F
100
AcDbEntity
  8
HALFEN
100
AcDbCircle
 10
2463.797892160065
 20
379.3926768708511
 30
0.0
 40
20.55487129117615
100
AcDbArc
 50
143.649283369622
 51
216.3585352849922
  0
ARC
  5
6E6A
330
1F
100
AcDbEntity
  8
HALFEN
100
AcDbCircle
 10
2448.85522678095
 20
368.3926768708559
 30
0.0
 40
2.0
100
AcDbArc
 50
216.3585352849922
 51
270.0
  0
LINE
  5
6E6B
330
1F
100
AcDbEntity
  8
HALFEN
100
AcDbLine
 10
2448.85522678095
 20
366.3926768708559
 30
0.0
 11
2453.647767095989
 21
366.3926768708559
 31
0.0
  0
CIRCLE
  5
6E6C
330
1F
100
AcDbEntity
  8
HALFEN
100
AcDbCircle
 10
2450.243020868886
 20
379.3926768708559
 30
0.0
 40
2.549999999999998
  0
ARC
  5
6E6E
330
1F
100
AcDbEntity
  8
HALFEN
100
AcDbCircle
 10
2448.853725846154
 20
390.3906376733953
 30
0.0
 40
2.0
100
AcDbArc
 50
91.33537730059243
 51
143.649283369622
  0
LINE
  5
6E6F
330
1F
100
AcDbEntity
  8
HALFEN
100
AcDbLine
 10
2450.243020868891
 20
392.3926768708559
 30
0.0
 11
2453.647767095985
 21
392.3926768708559
 31
0.0
  0
ARC
  5
6E70
330
1F
100
AcDbEntity
  8
HALFEN
100
AcDbCircle
 10
2449.58509157238
 20
359.0162975523933
 30
0.0
 40
33.38286337882191
100
AcDbArc
 50
88.8707076348764
 51
91.33537730059243
  0
ELLIPSE
  5
6E71
330
1F
100
AcDbEntity
  8
HALFEN
100
AcDbEllipse
 10
2453.647767095985
 20
379.3926768708559
 30
0.0
 11
19.5952537729017
 21
0.0000000000000284
 31
0.0
210
0.0
220
0.0
230
1.0
 40
0.663425957666224
 41
5.41491826709245
 42
7.151452347264547
  0
ARC
  5
6E74
330
1F
100
AcDbEntity
  8
HALFEN
100
AcDbCircle
 10
2473.663066082729
 20
402.4128490540996
 30
0.0
 40
15.0215775047105
100
AcDbArc
 50
240.6889477955066
 51
269.9647084712829
  0
LINE
  5
6E7B
330
1F
100
AcDbEntity
  8
HALFEN
100
AcDbLine
 10
2537.243020916735
 20
386.1644043989715
 30
0.0
 11
2537.243020916735
 21
372.6181443989714
 31
0.0
  0
LINE
  5
6E7C
330
1F
100
AcDbEntity
  8
HALFEN
100
AcDbLine
 10
2536.016150916734
 20
387.3912743989714
 30
0.0
 11
2536.016150916734
 21
371.3912743989714
 31
0.0
  0
LINE
  5
6E7D
330
1F
100
AcDbEntity
  8
HALFEN
100
AcDbLine
 10
2536.016150916734
 20
371.3912743989714
 30
0.0
 11
2537.243020916735
 21
372.6181443989714
 31
0.0
  0
LINE
  5
6E7E
330
1F
100
AcDbEntity
  8
HALFEN
100
AcDbLine
 10
2537.243020916735
 20
386.1644043989715
 30
0.0
 11
2536.016150916734
 21
387.3912743989714
 31
0.0
  0
LINE
  5
6E80
330
1F
100
AcDbEntity
  8
HALFEN
100
AcDbLine
 10
2363.397428092557
 20
544.9053011764881
 30
0.0
 11
2605.632475797859
 21
544.9053011764881
 31
0.0
  0
LINE
  5
6E81
330
1F
100
AcDbEntity
  8
HALFEN
100
AcDbLine
 10
2363.397428092557
 20
554.9053011764881
 30
0.0
 11
2605.632475797859
 21
554.9053011764881
 31
0.0
  0
LINE
  5
6E82
330
1F
100
AcDbEntity
  8
HALFEN
100
AcDbLine
 10
2363.397428092557
 20
572.9053011764886
 30
0.0
 11
2605.632475797859
 21
572.9053011764887
 31
0.0
  0
TEXT
  5
6E83
330
1F
100
AcDbEntity
  8
HALFEN
100
AcDbText
 10
2413.362114425172
 20
565.4053011764881
 30
0.0
 40
5.0
  1
Halfen Body - Anker BA 1310 - (Ausleger Typ2-M16x94) - A2
  7
ARIAL50
100
AcDbText
  0
TEXT
  5
6E84
330
1F
100
AcDbEntity
  8
HALFEN
100
AcDbText
 10
2368.397428092557
 20
565.4053011764881
 30
0.0
 40
5.0
  1
Benennung
  7
ARIAL50
100
AcDbText
  0
TEXT
  5
6E85
330
1F
100
AcDbEntity
  8
HALFEN
100
AcDbText
 10
2368.397428092557
 20
547.4053011764881
 30
0.0
 40
5.0
  1
Bestell-Nr.
  7
ARIAL50
100
AcDbText
  0
LINE
  5
6E86
330
1F
100
AcDbEntity
  8
HALFEN
100
AcDbLine
 10
2363.397428092557
 20
544.9053011764881
 30
0.0
 11
2363.397428092557
 21
572.9053011764886
 31
0.0
  0
LINE
  5
6E87
330
1F
100
AcDbEntity
  8
HALFEN
100
AcDbLine
 10
2408.362114425172
 20
544.9053011764881
 30
0.0
 11
2408.362114425172
 21
572.9053011764886
 31
0.0
  0
TEXT
  5
6E88
330
1F
100
AcDbEntity
  8
HALFEN
100
AcDbText
 10
2413.362114425172
 20
547.4053011764881
 30
0.0
 40
5.0
  1
0754.050 - 00013
  7
ARIAL50
100
AcDbText
  0
LINE
  5
6E89
330
1F
100
AcDbEntity
  8
HALFEN
100
AcDbLine
 10
2605.632475797859
 20
544.9053011764881
 30
0.0
 11
2605.632475797859
 21
572.9053011764886
 31
0.0
  0
LINE
  5
6E8A
330
1F
100
AcDbEntity
  8
HALFEN
100
AcDbLine
 10
2537.243020868886
 20
454.8488501132769
 30
0.0
 11
2537.243020868886
 21
441.302590113277
 31
0.0
  0
LINE
  5
6E8B
330
1F
100
AcDbEntity
  8
HALFEN
100
AcDbLine
 10
2536.016150868887
 20
456.0757201132769
 30
0.0
 11
2536.016150868887
 21
440.0757201132769
 31
0.0
  0
LINE
  5
6E8C
330
1F
100
AcDbEntity
  8
HALFEN
100
AcDbLine
 10
2536.016150868887
 20
440.0757201132769
 30
0.0
 11
2537.243020868886
 21
441.302590113277
 31
0.0
  0
LINE
  5
6E8D
330
1F
100
AcDbEntity
  8
HALFEN
100
AcDbLine
 10
2537.243020868886
 20
454.8488501132769
 30
0.0
 11
2536.016150868887
 21
456.0757201132769
 31
0.0
  0
LINE
  5
6E8E
330
1F
100
AcDbEntity
  8
HALFEN
100
AcDbLine
 10
2536.016150868887
 20
456.0757201132769
 30
0.0
 11
2473.243020868886
 21
456.0757201132769
 31
0.0
  0
LINE
  5
6E90
330
1F
100
AcDbEntity
  8
HALFEN
100
AcDbLine
 10
2495.894686304857
 20
440.0770314001581
 30
0.0
 11
2536.016150861425
 21
440.0757201132774
 31
0.0
  0
LINE
  5
6E91
330
1F
100
AcDbEntity
  8
HALFEN
100
AcDbLine
 10
2536.016150916734
 20
387.3912743989714
 30
0.0
 11
2473.653813491965
 21
387.3912743989714
 31
0.0
  0
LINE
  5
6E92
330
1F
100
AcDbEntity
  8
HALFEN
100
AcDbLine
 10
2536.016150916734
 20
371.3912743989714
 30
0.0
 11
2473.653813492391
 21
371.3912743989714
 31
0.0
  0
ARC
  5
6E93
330
1F
100
AcDbEntity
  8
HALFEN
100
AcDbCircle
 10
2473.663066082729
 20
356.3696997438432
 30
0.0
 40
15.0215775047105
100
AcDbArc
 50
90.03529152871712
 51
119.3110522044934
  0
LINE
  5
6E96
330
1F
100
AcDbEntity
  8
HALFEN
100
AcDbLine
 10
2363.397428092557
 20
506.9053011764881
 30
0.0
 11
2605.632475797859
 21
506.9053011764881
 31
0.0
  0
LINE
  5
6E97
330
1F
100
AcDbEntity
  8
HALFEN
100
AcDbLine
 10
2363.397428092557
 20
516.9053011764881
 30
0.0
 11
2605.632475797859
 21
516.9053011764881
 31
0.0
  0
LINE
  5
6E98
330
1F
100
AcDbEntity
  8
HALFEN
100
AcDbLine
 10
2363.397428092557
 20
534.9053011764886
 30
0.0
 11
2605.632475797859
 21
534.9053011764887
 31
0.0
  0
TEXT
  5
6E99
330
1F
100
AcDbEntity
  8
HALFEN
100
AcDbText
 10
2413.362114425172
 20
527.4053011764881
 30
0.0
 40
5.0
  1
Halfen Body - Anker BA 1310 - (Ausleger Typ2-M16x94) - A4
  7
ARIAL50
100
AcDbText
  0
TEXT
  5
6E9A
330
1F
100
AcDbEntity
  8
HALFEN
100
AcDbText
 10
2368.397428092557
 20
527.4053011764881
 30
0.0
 40
5.0
  1
Benennung
  7
ARIAL50
100
AcDbText
  0
TEXT
  5
6E9B
330
1F
100
AcDbEntity
  8
HALFEN
100
AcDbText
 10
2368.397428092557
 20
509.4053011764881
 30
0.0
 40
5.0
  1
Bestell-Nr.
  7
ARIAL50
100
AcDbText
  0
LINE
  5
6E9C
330
1F
100
AcDbEntity
  8
HALFEN
100
AcDbLine
 10
2363.397428092557
 20
506.9053011764881
 30
0.0
 11
2363.397428092557
 21
534.9053011764886
 31
0.0
  0
LINE
  5
6E9D
330
1F
100
AcDbEntity
  8
HALFEN
100
AcDbLine
 10
2408.362114425172
 20
506.9053011764881
 30
0.0
 11
2408.362114425172
 21
534.9053011764886
 31
0.0
  0
TEXT
  5
6E9E
330
1F
100
AcDbEntity
  8
HALFEN
100
AcDbText
 10
2413.362114425172
 20
509.4053011764881
 30
0.0
 40
5.0
  1
0754.050 - 00006
  7
ARIAL50
100
AcDbText
  0
LINE
  5
6E9F
330
1F
100
AcDbEntity
  8
HALFEN
100
AcDbLine
 10
2605.632475797859
 20
506.9053011764881
 30
0.0
 11
2605.632475797859
 21
534.9053011764886
 31
0.0
  0
LINE
  5
6F0A
330
1F
100
AcDbEntity
  8
HALFEN
100
AcDbLine
 10
2452.743020868886
 20
450.5757201132769
 30
0.0
 11
2452.743020868886
 21
480.5757201132769
 31
0.0
  0
LINE
  5
6F0B
330
1F
100
AcDbEntity
  8
HALFEN
100
AcDbLine
 10
2447.743020868886
 20
480.5757201132769
 30
0.0
 11
2447.743020868886
 21
450.5757201132769
 31
0.0
  0
LINE
  5
6F0C
330
1F
100
AcDbEntity
  8
HALFEN
100
AcDbLine
 10
2446.743020868886
 20
445.5757201132769
 30
0.0
 11
2446.743020868886
 21
444.0757201132769
 31
0.0
  0
LINE
  5
6F0D
330
1F
100
AcDbEntity
  8
HALFEN
100
AcDbLine
 10
2453.743020868886
 20
444.0757201132769
 30
0.0
 11
2453.743020868886
 21
445.5757201132769
 31
0.0
  0
LINE
  5
6F0E
330
1F
100
AcDbEntity
  8
HALFEN
100
AcDbLine
 10
2453.743020868886
 20
444.0757201132769
 30
0.0
 11
2446.743020868886
 21
444.0757201132769
 31
0.0
  0
LINE
  5
6F0F
330
1F
100
AcDbEntity
  8
HALFEN
100
AcDbLine
 10
2452.743020868886
 20
480.5757201132769
 30
0.0
 11
2447.743020868886
 21
480.5757201132769
 31
0.0
  0
LINE
  5
7DDA
330
1F
100
AcDbEntity
  8
HALFEN
100
AcDbLine
 10
2532.834345467943
 20
119.3266411400637
 30
0.0
 11
2557.834345467944
 21
119.3266411400637
 31
0.0
  0
LINE
  5
7DDB
330
1F
100
AcDbEntity
  8
HALFEN
100
AcDbLine
 10
2532.834345467943
 20
124.3266411400637
 30
0.0
 11
2557.834345467944
 21
124.3266411400637
 31
0.0
  0
LINE
  5
7DDC
330
1F
100
AcDbEntity
  8
HALFEN
100
AcDbLine
 10
2532.834345467943
 20
124.3266411400637
 30
0.0
 11
2532.834345467943
 21
119.3266411400637
 31
0.0
  0
LINE
  5
7DDF
330
1F
100
AcDbEntity
  8
HALFEN
100
AcDbLine
 10
2562.834345467944
 20
113.8266411400638
 30
0.0
 11
2605.607475460482
 21
113.8266411400642
 31
0.0
  0
LINE
  5
7DE0
330
1F
100
AcDbEntity
  8
HALFEN
100
AcDbLine
 10
2557.834345467944
 20
119.3266411400637
 30
0.0
 11
2562.834345467944
 21
113.8266411400638
 31
0.0
  0
LINE
  5
7DE2
330
1F
100
AcDbEntity
  8
HALFEN
100
AcDbLine
 10
2557.834345467944
 20
124.3266411400637
 30
0.0
 11
2562.834345467944
 21
129.8266411400637
 31
0.0
  0
ELLIPSE
  5
7DE5
330
1F
100
AcDbEntity
  8
HALFEN
100
AcDbEllipse
 10
2543.239091647194
 20
4.560959908217681
 30
0.0
 11
19.5952537729017
 21
0.0000000000000284
 31
0.0
210
0.0
220
0.0
230
1.0
 40
0.663425957666224
 41
7.1514523472646
 42
7.853981633974482
  0
ELLIPSE
  5
7DE6
330
1F
100
AcDbEntity
  8
HALFEN
100
AcDbEllipse
 10
2543.239091647194
 20
4.560959908217681
 30
0.0
 11
19.5952537729017
 21
0.0000000000000284
 31
0.0
210
0.0
220
0.0
230
1.0
 40
0.663425957666224
 41
4.712388980384688
 42
5.414918267092309
  0
ARC
  5
7DE8
330
1F
100
AcDbEntity
  8
HALFEN
100
AcDbCircle
 10
2553.389216711274
 20
4.560959908213135
 30
0.0
 40
20.55487129117615
100
AcDbArc
 50
143.649283369622
 51
216.3585352849922
  0
ARC
  5
7DE9
330
1F
100
AcDbEntity
  8
HALFEN
100
AcDbCircle
 10
2538.446551332159
 20
-6.439040091782317
 30
0.0
 40
2.0
100
AcDbArc
 50
216.3585352849922
 51
270.0
  0
LINE
  5
7DEA
330
1F
100
AcDbEntity
  8
HALFEN
100
AcDbLine
 10
2538.446551332159
 20
-8.439040091782317
 30
0.0
 11
2543.239091647198
 21
-8.439040091782317
 31
0.0
  0
CIRCLE
  5
7DEB
330
1F
100
AcDbEntity
  8
HALFEN
100
AcDbCircle
 10
2539.834345420096
 20
4.560959908217681
 30
0.0
 40
2.549999999999998
  0
ARC
  5
7DED
330
1F
100
AcDbEntity
  8
HALFEN
100
AcDbCircle
 10
2538.445050397364
 20
15.5589207107572
 30
0.0
 40
2.0
100
AcDbArc
 50
91.33537730059243
 51
143.649283369622
  0
LINE
  5
7DEE
330
1F
100
AcDbEntity
  8
HALFEN
100
AcDbLine
 10
2539.8343454201
 20
17.56095990821779
 30
0.0
 11
2543.239091647194
 21
17.56095990821779
 31
0.0
  0
ARC
  5
7DEF
330
1F
100
AcDbEntity
  8
HALFEN
100
AcDbCircle
 10
2539.176416123589
 20
-15.81541941024466
 30
0.0
 40
33.38286337882191
100
AcDbArc
 50
88.8707076348764
 51
91.33537730059243
  0
ELLIPSE
  5
7DF0
330
1F
100
AcDbEntity
  8
HALFEN
100
AcDbEllipse
 10
2543.239091647194
 20
4.560959908217681
 30
0.0
 11
19.5952537729017
 21
0.0000000000000284
 31
0.0
210
0.0
220
0.0
230
1.0
 40
0.663425957666224
 41
5.41491826709245
 42
7.151452347264547
  0
ARC
  5
7DF3
330
1F
100
AcDbEntity
  8
HALFEN
100
AcDbCircle
 10
2563.254390633938
 20
27.58113209146165
 30
0.0
 40
15.0215775047105
100
AcDbArc
 50
240.6889477955065
 51
269.9647084712829
  0
LINE
  5
7DFA
330
1F
100
AcDbEntity
  8
HALFEN
100
AcDbLine
 10
2606.834345467944
 20
11.33268743633334
 30
0.0
 11
2606.834345467944
 21
-2.213572563666729
 31
0.0
  0
LINE
  5
7DFB
330
1F
100
AcDbEntity
  8
HALFEN
100
AcDbLine
 10
2605.607475467944
 20
12.55955743633331
 30
0.0
 11
2605.607475467944
 21
-3.440442563666691
 31
0.0
  0
LINE
  5
7DFC
330
1F
100
AcDbEntity
  8
HALFEN
100
AcDbLine
 10
2605.607475467944
 20
-3.440442563666691
 30
0.0
 11
2606.834345467944
 21
-2.213572563666729
 31
0.0
  0
LINE
  5
7DFD
330
1F
100
AcDbEntity
  8
HALFEN
100
AcDbLine
 10
2606.834345467944
 20
11.33268743633334
 30
0.0
 11
2605.607475467944
 21
12.55955743633331
 31
0.0
  0
LINE
  5
7DFF
330
1F
100
AcDbEntity
  8
HALFEN
100
AcDbLine
 10
2606.834345467944
 20
128.5997711400638
 30
0.0
 11
2606.834345467944
 21
115.0535111400637
 31
0.0
  0
LINE
  5
7E00
330
1F
100
AcDbEntity
  8
HALFEN
100
AcDbLine
 10
2605.607475467944
 20
129.8266411400637
 30
0.0
 11
2605.607475467944
 21
113.8266411400638
 31
0.0
  0
LINE
  5
7E01
330
1F
100
AcDbEntity
  8
HALFEN
100
AcDbLine
 10
2605.607475467944
 20
113.8266411400638
 30
0.0
 11
2606.834345467944
 21
115.0535111400637
 31
0.0
  0
LINE
  5
7E02
330
1F
100
AcDbEntity
  8
HALFEN
100
AcDbLine
 10
2606.834345467944
 20
128.5997711400638
 30
0.0
 11
2605.607475467944
 21
129.8266411400637
 31
0.0
  0
LINE
  5
7E03
330
1F
100
AcDbEntity
  8
HALFEN
100
AcDbLine
 10
2605.607475467944
 20
129.8266411400637
 30
0.0
 11
2562.834345467944
 21
129.8266411400637
 31
0.0
  0
LINE
  5
7E05
330
1F
100
AcDbEntity
  8
HALFEN
100
AcDbLine
 10
2585.486010903914
 20
113.827952426945
 30
0.0
 11
2605.607475460482
 21
113.8266411400642
 31
0.0
  0
LINE
  5
7E06
330
1F
100
AcDbEntity
  8
HALFEN
100
AcDbLine
 10
2605.607475467944
 20
12.55955743633331
 30
0.0
 11
2563.245138043175
 21
12.55955743633331
 31
0.0
  0
LINE
  5
7E07
330
1F
100
AcDbEntity
  8
HALFEN
100
AcDbLine
 10
2605.607475467944
 20
-3.440442563666691
 30
0.0
 11
2563.245138043601
 21
-3.440442563666691
 31
0.0
  0
ARC
  5
7E08
330
1F
100
AcDbEntity
  8
HALFEN
100
AcDbCircle
 10
2563.254390633938
 20
-18.46201721879515
 30
0.0
 40
15.0215775047105
100
AcDbArc
 50
90.03529152871712
 51
119.3110522044935
  0
LINE
  5
7E1E
330
1F
100
AcDbEntity
  8
HALFEN
100
AcDbLine
 10
2519.384345467944
 20
-55.44044256366668
 30
0.0
 11
2542.834345467944
 21
-55.44044256366668
 31
0.0
  0
LINE
  5
7E1F
330
1F
100
AcDbEntity
  8
HALFEN
100
AcDbLine
 10
2514.284345467944
 20
64.55955743633331
 30
0.0
 11
2509.834345467944
 21
64.55955743633331
 31
0.0
  0
ARC
  5
7E20
330
1F
100
AcDbEntity
  8
HALFEN
100
AcDbCircle
 10
2516.834345467944
 20
64.55955743633331
 30
0.0
 40
2.549999999999998
100
AcDbArc
 50
180.0
 51
0.0
  0
CIRCLE
  5
7E21
330
1F
100
AcDbEntity
  8
HALFEN
100
AcDbCircle
 10
2516.834345467944
 20
54.55955743633332
 30
0.0
 40
2.549999999999998
  0
CIRCLE
  5
7E22
330
1F
100
AcDbEntity
  8
HALFEN
100
AcDbCircle
 10
2516.834345467944
 20
44.55955743633331
 30
0.0
 40
2.549999999999998
  0
CIRCLE
  5
7E23
330
1F
100
AcDbEntity
  8
HALFEN
100
AcDbCircle
 10
2516.834345467944
 20
34.55955743633331
 30
0.0
 40
2.549999999999998
  0
CIRCLE
  5
7E24
330
1F
100
AcDbEntity
  8
HALFEN
100
AcDbCircle
 10
2516.834345467944
 20
24.55955743633331
 30
0.0
 40
2.549999999999998
  0
CIRCLE
  5
7E25
330
1F
100
AcDbEntity
  8
HALFEN
100
AcDbCircle
 10
2516.834345467944
 20
14.55955743633331
 30
0.0
 40
2.549999999999998
  0
CIRCLE
  5
7E26
330
1F
100
AcDbEntity
  8
HALFEN
100
AcDbCircle
 10
2516.834345467944
 20
4.559557436333306
 30
0.0
 40
2.549999999999998
  0
CIRCLE
  5
7E27
330
1F
100
AcDbEntity
  8
HALFEN
100
AcDbCircle
 10
2516.834345467944
 20
-5.440442563666691
 30
0.0
 40
2.549999999999998
  0
CIRCLE
  5
7E28
330
1F
100
AcDbEntity
  8
HALFEN
100
AcDbCircle
 10
2516.834345467944
 20
-15.44044256366669
 30
0.0
 40
2.549999999999998
  0
CIRCLE
  5
7E29
330
1F
100
AcDbEntity
  8
HALFEN
100
AcDbCircle
 10
2516.834345467944
 20
-25.4404425636667
 30
0.0
 40
2.549999999999998
  0
CIRCLE
  5
7E2A
330
1F
100
AcDbEntity
  8
HALFEN
100
AcDbCircle
 10
2516.834345467944
 20
-35.4404425636667
 30
0.0
 40
2.549999999999998
  0
CIRCLE
  5
7E2B
330
1F
100
AcDbEntity
  8
HALFEN
100
AcDbCircle
 10
2516.834345467944
 20
-45.44044256366668
 30
0.0
 40
2.549999999999998
  0
ARC
  5
7E2C
330
1F
100
AcDbEntity
  8
HALFEN
100
AcDbCircle
 10
2516.834345467944
 20
-55.44044256366668
 30
0.0
 40
2.549999999999998
100
AcDbArc
 50
0.0
 51
180.0
  0
LINE
  5
7E2D
330
1F
100
AcDbEntity
  8
HALFEN
100
AcDbLine
 10
2542.834345467944
 20
64.55955743633331
 30
0.0
 11
2519.384345467944
 21
64.55955743633331
 31
0.0
  0
LINE
  5
7E2E
330
1F
100
AcDbEntity
  8
HALFEN
100
AcDbLine
 10
2509.834345467944
 20
-55.44044256366668
 30
0.0
 11
2514.284345467944
 21
-55.44044256366668
 31
0.0
  0
LINE
  5
7E2F
330
1F
100
AcDbEntity
  8
HALFEN
100
AcDbLine
 10
2509.834345467944
 20
64.55955743633331
 30
0.0
 11
2509.834345467944
 21
-55.44044256366668
 31
0.0
  0
LINE
  5
7E30
330
1F
100
AcDbEntity
  8
HALFEN
100
AcDbLine
 10
2542.834345467944
 20
18.5595574363333
 30
0.0
 11
2542.834345467944
 21
64.55955743633331
 31
0.0
  0
LINE
  5
7E31
330
1F
100
AcDbEntity
  8
HALFEN
100
AcDbLine
 10
2532.834345467944
 20
18.5595574363333
 30
0.0
 11
2532.834345467944
 21
-9.440442563666692
 31
0.0
  0
LINE
  5
7E32
330
1F
100
AcDbEntity
  8
HALFEN
100
AcDbLine
 10
2532.834345467944
 20
18.5595574363333
 30
0.0
 11
2542.834345467944
 21
18.5595574363333
 31
0.0
  0
LINE
  5
7E33
330
1F
100
AcDbEntity
  8
HALFEN
100
AcDbLine
 10
2532.834345467944
 20
-9.440442563666692
 30
0.0
 11
2542.834345467944
 21
-9.440442563666692
 31
0.0
  0
LINE
  5
7E34
330
1F
100
AcDbEntity
  8
HALFEN
100
AcDbLine
 10
2542.834345467944
 20
-55.44044256366668
 30
0.0
 11
2542.834345467944
 21
-9.440442563666692
 31
0.0
  0
LINE
  5
7E39
330
1F
100
AcDbEntity
  8
HALFEN
100
AcDbLine
 10
2514.334345467944
 20
124.0266411400637
 30
0.0
 11
2514.334345467944
 21
159.0266411400637
 31
0.0
  0
LINE
  5
7E3A
330
1F
100
AcDbEntity
  8
HALFEN
100
AcDbLine
 10
2514.334345467944
 20
159.0266411400637
 30
0.0
 11
2519.334345467944
 21
159.0266411400637
 31
0.0
  0
LINE
  5
7E3B
330
1F
100
AcDbEntity
  8
HALFEN
100
AcDbLine
 10
2519.334345467944
 20
159.0266411400637
 30
0.0
 11
2519.334345467944
 21
124.0266411400637
 31
0.0
  0
LINE
  5
7E3C
330
1F
100
AcDbEntity
  8
HALFEN
100
AcDbLine
 10
2514.334345467944
 20
120.3266411400636
 30
0.0
 11
2514.334345467944
 21
88.32664114006345
 31
0.0
  0
LINE
  5
7E3D
330
1F
100
AcDbEntity
  8
HALFEN
100
AcDbLine
 10
2514.334345467944
 20
88.32664114006364
 30
0.0
 11
2519.334345467944
 21
88.32664114006364
 31
0.0
  0
LINE
  5
7E3E
330
1F
100
AcDbEntity
  8
HALFEN
100
AcDbLine
 10
2519.334345467944
 20
88.32664114006345
 30
0.0
 11
2519.334345467944
 21
120.3266411400636
 31
0.0
  0
LINE
  5
7E3F
330
1F
100
AcDbEntity
  8
HALFEN
100
AcDbLine
 10
2513.334345467944
 20
123.3266411400636
 30
0.0
 11
2513.334345467944
 21
124.0266411400637
 31
0.0
  0
LINE
  5
7E40
330
1F
100
AcDbEntity
  8
HALFEN
100
AcDbLine
 10
2513.334345467944
 20
124.0266411400637
 30
0.0
 11
2520.334345467944
 21
124.0266411400637
 31
0.0
  0
LINE
  5
7E41
330
1F
100
AcDbEntity
  8
HALFEN
100
AcDbLine
 10
2520.334345467944
 20
124.0266411400637
 30
0.0
 11
2520.334345467944
 21
123.3266411400636
 31
0.0
  0
LINE
  5
7E42
330
1F
100
AcDbEntity
  8
HALFEN
100
AcDbLine
 10
2532.834345467944
 20
123.3266411400636
 30
0.0
 11
2509.834345467944
 21
123.3266411400636
 31
0.0
  0
LINE
  5
7E43
330
1F
100
AcDbEntity
  8
HALFEN
100
AcDbLine
 10
2509.834345467944
 20
123.3266411400636
 30
0.0
 11
2509.834345467944
 21
120.3266411400636
 31
0.0
  0
LINE
  5
7E44
330
1F
100
AcDbEntity
  8
HALFEN
100
AcDbLine
 10
2509.834345467944
 20
120.3266411400636
 30
0.0
 11
2532.834345467944
 21
120.3266411400636
 31
0.0
  0
LINE
  5
7E57
330
1F
100
AcDbEntity
  8
HALFEN
100
AcDbLine
 10
2532.834345467944
 20
120.3266411400636
 30
0.0
 11
2532.834345467944
 21
123.3266411400636
 31
0.0
  0
LINE
  5
7E61
330
1F
100
AcDbEntity
  8
HALFEN
100
AcDbLine
 10
2363.397428092557
 20
215.3789065617252
 30
0.0
 11
2605.632475797859
 21
215.3789065617252
 31
0.0
  0
LINE
  5
7E62
330
1F
100
AcDbEntity
  8
HALFEN
100
AcDbLine
 10
2363.397428092557
 20
225.3789065617252
 30
0.0
 11
2605.632475797859
 21
225.3789065617252
 31
0.0
  0
LINE
  5
7E63
330
1F
100
AcDbEntity
  8
HALFEN
100
AcDbLine
 10
2363.397428092557
 20
243.3789065617257
 30
0.0
 11
2605.632475797859
 21
243.3789065617258
 31
0.0
  0
TEXT
  5
7E64
330
1F
100
AcDbEntity
  8
HALFEN
100
AcDbText
 10
2413.362114425172
 20
235.8789065617252
 30
0.0
 40
5.0
  1
Halfen Body - Anker BA 1310 - (Ausleger Typ3-M16x97) - A2
  7
ARIAL50
100
AcDbText
  0
TEXT
  5
7E65
330
1F
100
AcDbEntity
  8
HALFEN
100
AcDbText
 10
2368.397428092557
 20
235.8789065617252
 30
0.0
 40
5.0
  1
Benennung
  7
ARIAL50
100
AcDbText
  0
TEXT
  5
7E66
330
1F
100
AcDbEntity
  8
HALFEN
100
AcDbText
 10
2368.397428092557
 20
217.8789065617252
 30
0.0
 40
5.0
  1
Bestell-Nr.
  7
ARIAL50
100
AcDbText
  0
LINE
  5
7E67
330
1F
100
AcDbEntity
  8
HALFEN
100
AcDbLine
 10
2363.397428092557
 20
215.3789065617252
 30
0.0
 11
2363.397428092557
 21
243.3789065617257
 31
0.0
  0
LINE
  5
7E68
330
1F
100
AcDbEntity
  8
HALFEN
100
AcDbLine
 10
2408.362114425172
 20
215.3789065617252
 30
0.0
 11
2408.362114425172
 21
243.3789065617257
 31
0.0
  0
LINE
  5
7E6A
330
1F
100
AcDbEntity
  8
HALFEN
100
AcDbLine
 10
2605.632475797859
 20
215.3789065617252
 30
0.0
 11
2605.632475797859
 21
243.3789065617257
 31
0.0
  0
LINE
  5
7E6B
330
1F
100
AcDbEntity
  8
HALFEN
100
AcDbLine
 10
2363.397428092557
 20
177.3789065617252
 30
0.0
 11
2605.632475797859
 21
177.3789065617252
 31
0.0
  0
LINE
  5
7E6C
330
1F
100
AcDbEntity
  8
HALFEN
100
AcDbLine
 10
2363.397428092557
 20
187.3789065617252
 30
0.0
 11
2605.632475797859
 21
187.3789065617252
 31
0.0
  0
LINE
  5
7E6D
330
1F
100
AcDbEntity
  8
HALFEN
100
AcDbLine
 10
2363.397428092557
 20
205.3789065617257
 30
0.0
 11
2605.632475797859
 21
205.3789065617258
 31
0.0
  0
TEXT
  5
7E6E
330
1F
100
AcDbEntity
  8
HALFEN
100
AcDbText
 10
2413.362114425172
 20
197.8789065617252
 30
0.0
 40
5.0
  1
Halfen Body - Anker BA 1310 - (Ausleger Typ3-M16x97) - A4
  7
ARIAL50
100
AcDbText
  0
TEXT
  5
7E6F
330
1F
100
AcDbEntity
  8
HALFEN
100
AcDbText
 10
2368.397428092557
 20
197.8789065617252
 30
0.0
 40
5.0
  1
Benennung
  7
ARIAL50
100
AcDbText
  0
TEXT
  5
7E70
330
1F
100
AcDbEntity
  8
HALFEN
100
AcDbText
 10
2368.397428092557
 20
179.8789065617252
 30
0.0
 40
5.0
  1
Bestell-Nr.
  7
ARIAL50
100
AcDbText
  0
LINE
  5
7E71
330
1F
100
AcDbEntity
  8
HALFEN
100
AcDbLine
 10
2363.397428092557
 20
177.3789065617252
 30
0.0
 11
2363.397428092557
 21
205.3789065617257
 31
0.0
  0
LINE
  5
7E72
330
1F
100
AcDbEntity
  8
HALFEN
100
AcDbLine
 10
2408.362114425172
 20
177.3789065617252
 30
0.0
 11
2408.362114425172
 21
205.3789065617257
 31
0.0
  0
LINE
  5
7E74
330
1F
100
AcDbEntity
  8
HALFEN
100
AcDbLine
 10
2605.632475797859
 20
177.3789065617252
 30
0.0
 11
2605.632475797859
 21
205.3789065617257
 31
0.0
  0
LINE
  5
7E82
330
1F
100
AcDbEntity
  8
HALFEN
100
AcDbLine
 10
2523.773081277641
 20
-299.1378835695846
 30
0.0
 11
2548.773081277641
 21
-299.1378835695846
 31
0.0
  0
LINE
  5
7E83
330
1F
100
AcDbEntity
  8
HALFEN
100
AcDbLine
 10
2523.773081277641
 20
-294.1378835695847
 30
0.0
 11
2548.773081277641
 21
-294.1378835695847
 31
0.0
  0
LINE
  5
7E84
330
1F
100
AcDbEntity
  8
HALFEN
100
AcDbLine
 10
2523.773081277641
 20
-294.1378835695847
 30
0.0
 11
2523.773081277641
 21
-299.1378835695846
 31
0.0
  0
LINE
  5
7E87
330
1F
100
AcDbEntity
  8
HALFEN
100
AcDbLine
 10
2553.773081277641
 20
-304.6378835695846
 30
0.0
 11
2596.54621127018
 21
-304.6378835695841
 31
0.0
  0
LINE
  5
7E88
330
1F
100
AcDbEntity
  8
HALFEN
100
AcDbLine
 10
2548.773081277641
 20
-299.1378835695846
 30
0.0
 11
2553.773081277641
 21
-304.6378835695846
 31
0.0
  0
LINE
  5
7E8A
330
1F
100
AcDbEntity
  8
HALFEN
100
AcDbLine
 10
2548.773081277641
 20
-294.1378835695847
 30
0.0
 11
2553.773081277641
 21
-288.6378835695846
 31
0.0
  0
ELLIPSE
  5
7E8D
330
1F
100
AcDbEntity
  8
HALFEN
100
AcDbEllipse
 10
2534.177827456891
 20
-413.9035648014305
 30
0.0
 11
19.5952537729017
 21
0.0000000000000284
 31
0.0
210
0.0
220
0.0
230
1.0
 40
0.663425957666224
 41
7.1514523472646
 42
7.853981633974482
  0
ELLIPSE
  5
7E8E
330
1F
100
AcDbEntity
  8
HALFEN
100
AcDbEllipse
 10
2534.177827456891
 20
-413.9035648014305
 30
0.0
 11
19.5952537729017
 21
0.0000000000000284
 31
0.0
210
0.0
220
0.0
230
1.0
 40
0.663425957666224
 41
4.712388980384688
 42
5.414918267092309
  0
ARC
  5
7E90
330
1F
100
AcDbEntity
  8
HALFEN
100
AcDbCircle
 10
2544.327952520971
 20
-413.9035648014351
 30
0.0
 40
20.55487129117615
100
AcDbArc
 50
143.649283369622
 51
216.3585352849922
  0
ARC
  5
7E91
330
1F
100
AcDbEntity
  8
HALFEN
100
AcDbCircle
 10
2529.385287141856
 20
-424.9035648014304
 30
0.0
 40
2.0
100
AcDbArc
 50
216.3585352849922
 51
270.0
  0
LINE
  5
7E92
330
1F
100
AcDbEntity
  8
HALFEN
100
AcDbLine
 10
2529.385287141856
 20
-426.9035648014305
 30
0.0
 11
2534.177827456896
 21
-426.9035648014305
 31
0.0
  0
CIRCLE
  5
7E93
330
1F
100
AcDbEntity
  8
HALFEN
100
AcDbCircle
 10
2530.773081229793
 20
-413.9035648014305
 30
0.0
 40
2.549999999999998
  0
ARC
  5
7E95
330
1F
100
AcDbEntity
  8
HALFEN
100
AcDbCircle
 10
2529.383786207061
 20
-402.9056039988908
 30
0.0
 40
2.0
100
AcDbArc
 50
91.33537730059243
 51
143.649283369622
  0
LINE
  5
7E96
330
1F
100
AcDbEntity
  8
HALFEN
100
AcDbLine
 10
2530.773081229798
 20
-400.9035648014305
 30
0.0
 11
2534.177827456891
 21
-400.9035648014305
 31
0.0
  0
ARC
  5
7E97
330
1F
100
AcDbEntity
  8
HALFEN
100
AcDbCircle
 10
2530.115151933286
 20
-434.2799441198929
 30
0.0
 40
33.38286337882191
100
AcDbArc
 50
88.8707076348764
 51
91.33537730059243
  0
ELLIPSE
  5
7E98
330
1F
100
AcDbEntity
  8
HALFEN
100
AcDbEllipse
 10
2534.177827456891
 20
-413.9035648014305
 30
0.0
 11
19.5952537729017
 21
0.0000000000000284
 31
0.0
210
0.0
220
0.0
230
1.0
 40
0.663425957666224
 41
5.41491826709245
 42
7.151452347264547
  0
ARC
  5
7E9B
330
1F
100
AcDbEntity
  8
HALFEN
100
AcDbCircle
 10
2554.193126443636
 20
-390.8833926181864
 30
0.0
 40
15.0215775047105
100
AcDbArc
 50
240.6889477955066
 51
269.9647084712829
  0
LINE
  5
7E9C
330
1F
100
AcDbEntity
  8
HALFEN
100
AcDbLine
 10
2597.773081277641
 20
-407.1318372733149
 30
0.0
 11
2597.773081277641
 21
-420.6780972733149
 31
0.0
  0
LINE
  5
7E9D
330
1F
100
AcDbEntity
  8
HALFEN
100
AcDbLine
 10
2596.546211277642
 20
-405.9049672733149
 30
0.0
 11
2596.546211277642
 21
-421.9049672733149
 31
0.0
  0
LINE
  5
7E9E
330
1F
100
AcDbEntity
  8
HALFEN
100
AcDbLine
 10
2596.546211277642
 20
-421.9049672733149
 30
0.0
 11
2597.773081277641
 21
-420.6780972733149
 31
0.0
  0
LINE
  5
7E9F
330
1F
100
AcDbEntity
  8
HALFEN
100
AcDbLine
 10
2597.773081277641
 20
-407.1318372733149
 30
0.0
 11
2596.546211277642
 21
-405.9049672733149
 31
0.0
  0
LINE
  5
7EA1
330
1F
100
AcDbEntity
  8
HALFEN
100
AcDbLine
 10
2597.773081277641
 20
-289.8647535695845
 30
0.0
 11
2597.773081277641
 21
-303.4110135695846
 31
0.0
  0
LINE
  5
7EA2
330
1F
100
AcDbEntity
  8
HALFEN
100
AcDbLine
 10
2596.546211277642
 20
-288.6378835695846
 30
0.0
 11
2596.546211277642
 21
-304.6378835695846
 31
0.0
  0
LINE
  5
7EA3
330
1F
100
AcDbEntity
  8
HALFEN
100
AcDbLine
 10
2596.546211277642
 20
-304.6378835695846
 30
0.0
 11
2597.773081277641
 21
-303.4110135695846
 31
0.0
  0
LINE
  5
7EA4
330
1F
100
AcDbEntity
  8
HALFEN
100
AcDbLine
 10
2597.773081277641
 20
-289.8647535695845
 30
0.0
 11
2596.546211277642
 21
-288.6378835695846
 31
0.0
  0
LINE
  5
7EA5
330
1F
100
AcDbEntity
  8
HALFEN
100
AcDbLine
 10
2596.546211277642
 20
-288.6378835695846
 30
0.0
 11
2553.773081277641
 21
-288.6378835695846
 31
0.0
  0
LINE
  5
7EA7
330
1F
100
AcDbEntity
  8
HALFEN
100
AcDbLine
 10
2576.424746713612
 20
-304.6365722827031
 30
0.0
 11
2596.54621127018
 21
-304.6378835695841
 31
0.0
  0
LINE
  5
7EA8
330
1F
100
AcDbEntity
  8
HALFEN
100
AcDbLine
 10
2596.546211277642
 20
-405.9049672733149
 30
0.0
 11
2554.183873852872
 21
-405.9049672733149
 31
0.0
  0
LINE
  5
7EA9
330
1F
100
AcDbEntity
  8
HALFEN
100
AcDbLine
 10
2596.546211277642
 20
-421.9049672733149
 30
0.0
 11
2554.183873853298
 21
-421.9049672733149
 31
0.0
  0
ARC
  5
7EAA
330
1F
100
AcDbEntity
  8
HALFEN
100
AcDbCircle
 10
2554.193126443636
 20
-436.9265419284434
 30
0.0
 40
15.0215775047105
100
AcDbArc
 50
90.03529152871712
 51
119.3110522044934
  0
LINE
  5
7EAD
330
1F
100
AcDbEntity
  8
HALFEN
100
AcDbLine
 10
2510.323081277641
 20
-473.9049672733149
 30
0.0
 11
2533.773081277642
 21
-473.9049672733149
 31
0.0
  0
LINE
  5
7EAE
330
1F
100
AcDbEntity
  8
HALFEN
100
AcDbLine
 10
2505.223081277641
 20
-353.9049672733149
 30
0.0
 11
2500.773081277641
 21
-353.9049672733149
 31
0.0
  0
ARC
  5
7EAF
330
1F
100
AcDbEntity
  8
HALFEN
100
AcDbCircle
 10
2507.773081277641
 20
-353.9049672733149
 30
0.0
 40
2.549999999999998
100
AcDbArc
 50
180.0
 51
0.0
  0
CIRCLE
  5
7EB0
330
1F
100
AcDbEntity
  8
HALFEN
100
AcDbCircle
 10
2507.773081277641
 20
-363.9049672733149
 30
0.0
 40
2.549999999999998
  0
CIRCLE
  5
7EB1
330
1F
100
AcDbEntity
  8
HALFEN
100
AcDbCircle
 10
2507.773081277641
 20
-373.9049672733149
 30
0.0
 40
2.549999999999998
  0
CIRCLE
  5
7EB2
330
1F
100
AcDbEntity
  8
HALFEN
100
AcDbCircle
 10
2507.773081277641
 20
-383.9049672733149
 30
0.0
 40
2.549999999999998
  0
CIRCLE
  5
7EB3
330
1F
100
AcDbEntity
  8
HALFEN
100
AcDbCircle
 10
2507.773081277641
 20
-393.9049672733149
 30
0.0
 40
2.549999999999998
  0
CIRCLE
  5
7EB4
330
1F
100
AcDbEntity
  8
HALFEN
100
AcDbCircle
 10
2507.773081277641
 20
-403.9049672733149
 30
0.0
 40
2.549999999999998
  0
CIRCLE
  5
7EB5
330
1F
100
AcDbEntity
  8
HALFEN
100
AcDbCircle
 10
2507.773081277641
 20
-413.9049672733149
 30
0.0
 40
2.549999999999998
  0
CIRCLE
  5
7EB6
330
1F
100
AcDbEntity
  8
HALFEN
100
AcDbCircle
 10
2507.773081277641
 20
-423.9049672733149
 30
0.0
 40
2.549999999999998
  0
CIRCLE
  5
7EB7
330
1F
100
AcDbEntity
  8
HALFEN
100
AcDbCircle
 10
2507.773081277641
 20
-433.9049672733149
 30
0.0
 40
2.549999999999998
  0
CIRCLE
  5
7EB8
330
1F
100
AcDbEntity
  8
HALFEN
100
AcDbCircle
 10
2507.773081277641
 20
-443.9049672733148
 30
0.0
 40
2.549999999999998
  0
CIRCLE
  5
7EB9
330
1F
100
AcDbEntity
  8
HALFEN
100
AcDbCircle
 10
2507.773081277641
 20
-453.9049672733149
 30
0.0
 40
2.549999999999998
  0
CIRCLE
  5
7EBA
330
1F
100
AcDbEntity
  8
HALFEN
100
AcDbCircle
 10
2507.773081277641
 20
-463.9049672733149
 30
0.0
 40
2.549999999999998
  0
ARC
  5
7EBB
330
1F
100
AcDbEntity
  8
HALFEN
100
AcDbCircle
 10
2507.773081277641
 20
-473.9049672733149
 30
0.0
 40
2.549999999999998
100
AcDbArc
 50
0.0
 51
180.0
  0
LINE
  5
7EBC
330
1F
100
AcDbEntity
  8
HALFEN
100
AcDbLine
 10
2533.773081277642
 20
-353.9049672733149
 30
0.0
 11
2510.323081277641
 21
-353.9049672733149
 31
0.0
  0
LINE
  5
7EBD
330
1F
100
AcDbEntity
  8
HALFEN
100
AcDbLine
 10
2500.773081277641
 20
-473.9049672733149
 30
0.0
 11
2505.223081277641
 21
-473.9049672733149
 31
0.0
  0
LINE
  5
7EBE
330
1F
100
AcDbEntity
  8
HALFEN
100
AcDbLine
 10
2500.773081277641
 20
-353.9049672733149
 30
0.0
 11
2500.773081277641
 21
-473.9049672733149
 31
0.0
  0
LINE
  5
7EBF
330
1F
100
AcDbEntity
  8
HALFEN
100
AcDbLine
 10
2533.773081277642
 20
-399.904967273315
 30
0.0
 11
2533.773081277642
 21
-353.9049672733149
 31
0.0
  0
LINE
  5
7EC0
330
1F
100
AcDbEntity
  8
HALFEN
100
AcDbLine
 10
2523.773081277641
 20
-399.904967273315
 30
0.0
 11
2523.773081277641
 21
-427.9049672733149
 31
0.0
  0
LINE
  5
7EC1
330
1F
100
AcDbEntity
  8
HALFEN
100
AcDbLine
 10
2523.773081277641
 20
-399.904967273315
 30
0.0
 11
2533.773081277642
 21
-399.904967273315
 31
0.0
  0
LINE
  5
7EC2
330
1F
100
AcDbEntity
  8
HALFEN
100
AcDbLine
 10
2523.773081277641
 20
-427.9049672733149
 30
0.0
 11
2533.773081277642
 21
-427.9049672733149
 31
0.0
  0
LINE
  5
7EC3
330
1F
100
AcDbEntity
  8
HALFEN
100
AcDbLine
 10
2533.773081277642
 20
-473.9049672733149
 30
0.0
 11
2533.773081277642
 21
-427.9049672733149
 31
0.0
  0
LINE
  5
7ED1
330
1F
100
AcDbEntity
  8
HALFEN
100
AcDbLine
 10
2523.773081277641
 20
-295.1378835695846
 30
0.0
 11
2500.773081277641
 21
-295.1378835695846
 31
0.0
  0
LINE
  5
7ED2
330
1F
100
AcDbEntity
  8
HALFEN
100
AcDbLine
 10
2500.773081277641
 20
-295.1378835695846
 30
0.0
 11
2500.773081277641
 21
-298.1378835695846
 31
0.0
  0
LINE
  5
7ED3
330
1F
100
AcDbEntity
  8
HALFEN
100
AcDbLine
 10
2500.773081277641
 20
-298.1378835695846
 30
0.0
 11
2523.773081277641
 21
-298.1378835695846
 31
0.0
  0
LINE
  5
7ED4
330
1F
100
AcDbEntity
  8
HALFEN
100
AcDbLine
 10
2523.773081277641
 20
-298.1378835695846
 30
0.0
 11
2523.773081277641
 21
-295.1378835695846
 31
0.0
  0
LINE
  5
7ED5
330
1F
100
AcDbEntity
  8
HALFEN
100
AcDbLine
 10
2363.397428092557
 20
-203.085618147923
 30
0.0
 11
2605.632475797859
 21
-203.085618147923
 31
0.0
  0
LINE
  5
7ED6
330
1F
100
AcDbEntity
  8
HALFEN
100
AcDbLine
 10
2363.397428092557
 20
-193.085618147923
 30
0.0
 11
2605.632475797859
 21
-193.085618147923
 31
0.0
  0
LINE
  5
7ED7
330
1F
100
AcDbEntity
  8
HALFEN
100
AcDbLine
 10
2363.397428092557
 20
-175.0856181479225
 30
0.0
 11
2605.632475797859
 21
-175.0856181479225
 31
0.0
  0
TEXT
  5
7ED8
330
1F
100
AcDbEntity
  8
HALFEN
100
AcDbText
 10
2413.362114425172
 20
-182.585618147923
 30
0.0
 40
5.0
  1
Halfen Body - Anker BA 1310 - (Ausleger Typ4-M16x97) - A2
  7
ARIAL50
100
AcDbText
  0
TEXT
  5
7ED9
330
1F
100
AcDbEntity
  8
HALFEN
100
AcDbText
 10
2368.397428092557
 20
-182.585618147923
 30
0.0
 40
5.0
  1
Benennung
  7
ARIAL50
100
AcDbText
  0
TEXT
  5
7EDA
330
1F
100
AcDbEntity
  8
HALFEN
100
AcDbText
 10
2368.397428092557
 20
-200.585618147923
 30
0.0
 40
5.0
  1
Bestell-Nr.
  7
ARIAL50
100
AcDbText
  0
LINE
  5
7EDB
330
1F
100
AcDbEntity
  8
HALFEN
100
AcDbLine
 10
2363.397428092557
 20
-203.085618147923
 30
0.0
 11
2363.397428092557
 21
-175.0856181479225
 31
0.0
  0
LINE
  5
7EDC
330
1F
100
AcDbEntity
  8
HALFEN
100
AcDbLine
 10
2408.362114425172
 20
-203.085618147923
 30
0.0
 11
2408.362114425172
 21
-175.0856181479225
 31
0.0
  0
LINE
  5
7EDD
330
1F
100
AcDbEntity
  8
HALFEN
100
AcDbLine
 10
2605.632475797859
 20
-203.085618147923
 30
0.0
 11
2605.632475797859
 21
-175.0856181479225
 31
0.0
  0
LINE
  5
7EDE
330
1F
100
AcDbEntity
  8
HALFEN
100
AcDbLine
 10
2363.397428092557
 20
-241.085618147923
 30
0.0
 11
2605.632475797859
 21
-241.085618147923
 31
0.0
  0
LINE
  5
7EDF
330
1F
100
AcDbEntity
  8
HALFEN
100
AcDbLine
 10
2363.397428092557
 20
-231.085618147923
 30
0.0
 11
2605.632475797859
 21
-231.085618147923
 31
0.0
  0
LINE
  5
7EE0
330
1F
100
AcDbEntity
  8
HALFEN
100
AcDbLine
 10
2363.397428092557
 20
-213.0856181479225
 30
0.0
 11
2605.632475797859
 21
-213.0856181479225
 31
0.0
  0
TEXT
  5
7EE1
330
1F
100
AcDbEntity
  8
HALFEN
100
AcDbText
 10
2413.362114425172
 20
-220.585618147923
 30
0.0
 40
5.0
  1
Halfen Body - Anker BA 1310 - (Ausleger Typ4-M16x97) - A4
  7
ARIAL50
100
AcDbText
  0
TEXT
  5
7EE2
330
1F
100
AcDbEntity
  8
HALFEN
100
AcDbText
 10
2368.397428092557
 20
-220.585618147923
 30
0.0
 40
5.0
  1
Benennung
  7
ARIAL50
100
AcDbText
  0
TEXT
  5
7EE3
330
1F
100
AcDbEntity
  8
HALFEN
100
AcDbText
 10
2368.397428092557
 20
-238.585618147923
 30
0.0
 40
5.0
  1
Bestell-Nr.
  7
ARIAL50
100
AcDbText
  0
LINE
  5
7EE4
330
1F
100
AcDbEntity
  8
HALFEN
100
AcDbLine
 10
2363.397428092557
 20
-241.085618147923
 30
0.0
 11
2363.397428092557
 21
-213.0856181479225
 31
0.0
  0
LINE
  5
7EE5
330
1F
100
AcDbEntity
  8
HALFEN
100
AcDbLine
 10
2408.362114425172
 20
-241.085618147923
 30
0.0
 11
2408.362114425172
 21
-213.0856181479225
 31
0.0
  0
LINE
  5
7EE6
330
1F
100
AcDbEntity
  8
HALFEN
100
AcDbLine
 10
2605.632475797859
 20
-241.085618147923
 30
0.0
 11
2605.632475797859
 21
-213.0856181479225
 31
0.0
  0
LINE
  5
7EEA
330
1F
100
AcDbEntity
  8
HALFEN
100
AcDbLine
 10
2510.273081277642
 20
-295.1378835695846
 30
0.0
 11
2510.273081277642
 21
-262.6378835695846
 31
0.0
  0
LINE
  5
7EEB
330
1F
100
AcDbEntity
  8
HALFEN
100
AcDbLine
 10
2505.273081277642
 20
-262.6378835695846
 30
0.0
 11
2505.273081277642
 21
-295.1378835695846
 31
0.0
  0
LINE
  5
7EEC
330
1F
100
AcDbEntity
  8
HALFEN
100
AcDbLine
 10
2504.273081277642
 20
-298.1378835695846
 30
0.0
 11
2504.273081277642
 21
-299.6378835695846
 31
0.0
  0
LINE
  5
7EED
330
1F
100
AcDbEntity
  8
HALFEN
100
AcDbLine
 10
2511.273081277642
 20
-299.6378835695846
 30
0.0
 11
2511.273081277642
 21
-298.1378835695846
 31
0.0
  0
LINE
  5
7EEE
330
1F
100
AcDbEntity
  8
HALFEN
100
AcDbLine
 10
2511.273081277642
 20
-299.6378835695846
 30
0.0
 11
2504.273081277642
 21
-299.6378835695846
 31
0.0
  0
LINE
  5
7EEF
330
1F
100
AcDbEntity
  8
HALFEN
100
AcDbLine
 10
2510.273081277642
 20
-262.6378835695846
 30
0.0
 11
2505.273081277642
 21
-262.6378835695846
 31
0.0
  0
LINE
  5
841D
330
1F
100
AcDbEntity
  8
HALFEN
100
AcDbLine
 10
2378.228047597776
 20
445.5757201132771
 30
0.0
 11
2404.228047597776
 21
445.5757201132771
 31
0.0
  0
LINE
  5
841E
330
1F
100
AcDbEntity
  8
HALFEN
100
AcDbLine
 10
2388.728047597775
 20
450.5757201132769
 30
0.0
 11
2388.728047597775
 21
480.5757201132766
 31
0.0
  0
LINE
  5
841F
330
1F
100
AcDbEntity
  8
HALFEN
100
AcDbLine
 10
2393.728047597776
 20
450.5757201132769
 30
0.0
 11
2393.728047597775
 21
480.5757201132766
 31
0.0
  0
LINE
  5
8420
330
1F
100
AcDbEntity
  8
HALFEN
100
AcDbLine
 10
2393.728047597775
 20
480.5757201132766
 30
0.0
 11
2388.728047597775
 21
480.5757201132766
 31
0.0
  0
ARC
  5
8421
330
1F
100
AcDbEntity
  8
HALFEN
100
AcDbCircle
 10
2391.228047597776
 20
448.0757201132765
 30
0.0
 40
6.0
100
AcDbArc
 50
114.6243183521688
 51
114.7299609562776
  0
LINE
  5
8422
330
1F
100
AcDbEntity
  8
HALFEN
100
AcDbLine
 10
2378.228047597776
 20
450.5757201132769
 30
0.0
 11
2404.228047597776
 21
450.5757201132769
 31
0.0
  0
LINE
  5
8423
330
1F
100
AcDbEntity
  8
HALFEN
100
AcDbLine
 10
2378.228047597776
 20
450.5757201132769
 30
0.0
 11
2378.228047597776
 21
445.5757201132771
 31
0.0
  0
LINE
  5
8424
330
1F
100
AcDbEntity
  8
HALFEN
100
AcDbLine
 10
2404.228047597776
 20
450.5757201132769
 30
0.0
 11
2404.228047597776
 21
445.5757201132771
 31
0.0
  0
ARC
  5
8425
330
1F
100
AcDbEntity
  8
HALFEN
100
AcDbCircle
 10
2391.228047597776
 20
448.0757201132771
 30
0.0
 40
8.0
100
AcDbArc
 50
63.7062013740396
 51
71.79004313571701
  0
ARC
  5
8426
330
1F
100
AcDbEntity
  8
HALFEN
100
AcDbCircle
 10
2391.228047597776
 20
448.0757201132771
 30
0.0
 40
8.0
100
AcDbArc
 50
108.2099568642832
 51
116.2937986259604
  0
ARC
  5
8427
330
1F
100
AcDbEntity
  8
HALFEN
100
AcDbCircle
 10
2391.228047597776
 20
448.0757201132771
 30
0.0
 40
8.0
100
AcDbArc
 50
243.7062013740395
 51
296.2937986259604
  0
LINE
  5
8428
330
1F
100
AcDbEntity
  8
HALFEN
100
AcDbLine
 10
2378.228047597776
 20
450.5757201132769
 30
0.0
 11
2387.684254337275
 21
455.2479951586745
 31
0.0
  0
LINE
  5
8429
330
1F
100
AcDbEntity
  8
HALFEN
100
AcDbLine
 10
2404.228047597776
 20
450.5757201132769
 30
0.0
 11
2394.771840858277
 21
455.2479951586745
 31
0.0
  0
LINE
  5
842A
330
1F
100
AcDbEntity
  8
HALFEN
100
AcDbLine
 10
2378.228047597776
 20
445.5757201132772
 30
0.0
 11
2387.684254337275
 21
440.9034450678797
 31
0.0
  0
LINE
  5
842B
330
1F
100
AcDbEntity
  8
HALFEN
100
AcDbLine
 10
2404.228047597776
 20
445.5757201132772
 30
0.0
 11
2394.771840858277
 21
440.9034450678797
 31
0.0
  0
LINE
  5
842C
330
1F
100
AcDbEntity
  8
HALFEN
100
AcDbLine
 10
2387.728047597776
 20
445.5757201132771
 30
0.0
 11
2387.728047597776
 21
444.0757201132771
 31
0.0
  0
LINE
  5
842D
330
1F
100
AcDbEntity
  8
HALFEN
100
AcDbLine
 10
2394.728047597776
 20
444.0757201132771
 30
0.0
 11
2394.728047597776
 21
445.5757201132771
 31
0.0
  0
LINE
  5
842E
330
1F
100
AcDbEntity
  8
HALFEN
100
AcDbLine
 10
2394.728047597776
 20
444.0757201132771
 30
0.0
 11
2387.728047597776
 21
444.0757201132771
 31
0.0
  0
LINE
  5
8446
330
1F
100
AcDbEntity
  8
HALFEN
100
AcDbLine
 10
2369.170821470066
 20
731.2114686899885
 30
0.0
 11
2395.170821470066
 21
731.2114686899885
 31
0.0
  0
LINE
  5
8447
330
1F
100
AcDbEntity
  8
HALFEN
100
AcDbLine
 10
2379.670821470066
 20
698.7114686899876
 30
0.0
 11
2379.670821470066
 21
731.2114686899885
 31
0.0
  0
LINE
  5
8448
330
1F
100
AcDbEntity
  8
HALFEN
100
AcDbLine
 10
2379.670821470066
 20
736.2114686899882
 30
0.0
 11
2379.670821470066
 21
768.7114686899876
 31
0.0
  0
LINE
  5
8449
330
1F
100
AcDbEntity
  8
HALFEN
100
AcDbLine
 10
2384.670821470065
 20
698.7114686899876
 30
0.0
 11
2384.670821470066
 21
731.2114686899885
 31
0.0
  0
LINE
  5
844A
330
1F
100
AcDbEntity
  8
HALFEN
100
AcDbLine
 10
2384.670821470066
 20
736.2114686899882
 30
0.0
 11
2384.670821470065
 21
768.7114686899876
 31
0.0
  0
LINE
  5
844B
330
1F
100
AcDbEntity
  8
HALFEN
100
AcDbLine
 10
2384.670821470065
 20
698.7114686899876
 30
0.0
 11
2379.670821470066
 21
698.7114686899876
 31
0.0
  0
LINE
  5
844C
330
1F
100
AcDbEntity
  8
HALFEN
100
AcDbLine
 10
2384.670821470065
 20
768.7114686899876
 30
0.0
 11
2379.670821470066
 21
768.7114686899876
 31
0.0
  0
ARC
  5
844D
330
1F
100
AcDbEntity
  8
HALFEN
100
AcDbCircle
 10
2382.170821470066
 20
733.7114686899878
 30
0.0
 40
6.0
100
AcDbArc
 50
114.6243183521688
 51
114.7299609562776
  0
LINE
  5
844E
330
1F
100
AcDbEntity
  8
HALFEN
100
AcDbLine
 10
2369.170821470066
 20
736.2114686899882
 30
0.0
 11
2395.170821470066
 21
736.2114686899882
 31
0.0
  0
LINE
  5
844F
330
1F
100
AcDbEntity
  8
HALFEN
100
AcDbLine
 10
2369.170821470066
 20
736.2114686899882
 30
0.0
 11
2369.170821470066
 21
731.2114686899885
 31
0.0
  0
LINE
  5
8450
330
1F
100
AcDbEntity
  8
HALFEN
100
AcDbLine
 10
2395.170821470066
 20
736.2114686899882
 30
0.0
 11
2395.170821470066
 21
731.2114686899885
 31
0.0
  0
ARC
  5
8451
330
1F
100
AcDbEntity
  8
HALFEN
100
AcDbCircle
 10
2382.170821470066
 20
733.7114686899885
 30
0.0
 40
8.0
100
AcDbArc
 50
243.7062013740396
 51
251.790043135717
  0
ARC
  5
8452
330
1F
100
AcDbEntity
  8
HALFEN
100
AcDbCircle
 10
2382.170821470066
 20
733.7114686899885
 30
0.0
 40
8.0
100
AcDbArc
 50
288.2099568642829
 51
296.2937986259604
  0
ARC
  5
8453
330
1F
100
AcDbEntity
  8
HALFEN
100
AcDbCircle
 10
2382.170821470066
 20
733.7114686899885
 30
0.0
 40
8.0
100
AcDbArc
 50
63.7062013740396
 51
71.79004313571701
  0
ARC
  5
8454
330
1F
100
AcDbEntity
  8
HALFEN
100
AcDbCircle
 10
2382.170821470066
 20
733.7114686899885
 30
0.0
 40
8.0
100
AcDbArc
 50
108.2099568642832
 51
116.2937986259604
  0
LINE
  5
8455
330
1F
100
AcDbEntity
  8
HALFEN
100
AcDbLine
 10
2369.170821470066
 20
736.2114686899882
 30
0.0
 11
2378.627028209566
 21
740.8837437353859
 31
0.0
  0
LINE
  5
8456
330
1F
100
AcDbEntity
  8
HALFEN
100
AcDbLine
 10
2395.170821470066
 20
736.2114686899882
 30
0.0
 11
2385.714614730567
 21
740.8837437353859
 31
0.0
  0
LINE
  5
8457
330
1F
100
AcDbEntity
  8
HALFEN
100
AcDbLine
 10
2369.170821470066
 20
731.2114686899887
 30
0.0
 11
2378.627028209566
 21
726.5391936445912
 31
0.0
  0
LINE
  5
8458
330
1F
100
AcDbEntity
  8
HALFEN
100
AcDbLine
 10
2395.170821470066
 20
731.2114686899887
 30
0.0
 11
2385.714614730567
 21
726.5391936445912
 31
0.0
  0
LINE
  5
8546
330
1F
100
AcDbEntity
  8
HALFEN
100
AcDbLine
 10
2339.605314096384
 20
123.3266411400634
 30
0.0
 11
2459.605314096384
 21
123.3266411400636
 31
0.0
  0
LINE
  5
8547
330
1F
100
AcDbEntity
  8
HALFEN
100
AcDbLine
 10
2339.605314096384
 20
120.3266411400636
 30
0.0
 11
2459.605314096384
 21
120.3266411400636
 31
0.0
  0
LINE
  5
8548
330
1F
100
AcDbEntity
  8
HALFEN
100
AcDbLine
 10
2339.605314096384
 20
120.3266411400636
 30
0.0
 11
2339.605314096384
 21
123.3266411400636
 31
0.0
  0
LINE
  5
8549
330
1F
100
AcDbEntity
  8
HALFEN
100
AcDbLine
 10
2459.605314096384
 20
120.3266411400636
 30
0.0
 11
2459.605314096384
 21
123.3266411400636
 31
0.0
  0
ARC
  5
854A
330
1F
100
AcDbEntity
  8
HALFEN
100
AcDbCircle
 10
2399.605314096384
 20
121.8266411400636
 30
0.0
 40
8.0
100
AcDbArc
 50
238.8963148835644
 51
301.1036851164356
  0
ARC
  5
854B
330
1F
100
AcDbEntity
  8
HALFEN
100
AcDbCircle
 10
2399.605314096384
 20
121.8266411400636
 30
0.0
 40
8.0
100
AcDbArc
 50
58.89631488356442
 51
121.1036851164355
  0
LINE
  5
854C
330
1F
100
AcDbEntity
  8
HALFEN
100
AcDbLine
 10
2386.605314096384
 20
123.3266411400636
 30
0.0
 11
2395.472606890914
 21
128.6765120259897
 31
0.0
  0
LINE
  5
854D
330
1F
100
AcDbEntity
  8
HALFEN
100
AcDbLine
 10
2386.605314096384
 20
120.3266411400636
 30
0.0
 11
2395.472606890914
 21
114.9767702541376
 31
0.0
  0
LINE
  5
854E
330
1F
100
AcDbEntity
  8
HALFEN
100
AcDbLine
 10
2412.605314096384
 20
123.3266411400636
 30
0.0
 11
2403.738021301854
 21
128.6765120259897
 31
0.0
  0
LINE
  5
854F
330
1F
100
AcDbEntity
  8
HALFEN
100
AcDbLine
 10
2412.605314096384
 20
120.3266411400636
 30
0.0
 11
2403.738021301854
 21
114.9767702541376
 31
0.0
  0
LINE
  5
8550
330
1F
100
AcDbEntity
  8
HALFEN
100
AcDbLine
 10
2447.105314096384
 20
124.0266411400637
 30
0.0
 11
2447.105314096384
 21
159.0266411400637
 31
0.0
  0
LINE
  5
8551
330
1F
100
AcDbEntity
  8
HALFEN
100
AcDbLine
 10
2447.105314096384
 20
159.0266411400637
 30
0.0
 11
2452.105314096384
 21
159.0266411400637
 31
0.0
  0
LINE
  5
8552
330
1F
100
AcDbEntity
  8
HALFEN
100
AcDbLine
 10
2452.105314096384
 20
159.0266411400637
 30
0.0
 11
2452.105314096384
 21
124.0266411400637
 31
0.0
  0
LINE
  5
8553
330
1F
100
AcDbEntity
  8
HALFEN
100
AcDbLine
 10
2447.105314096384
 20
120.3266411400636
 30
0.0
 11
2447.105314096384
 21
88.32664114006345
 31
0.0
  0
LINE
  5
8554
330
1F
100
AcDbEntity
  8
HALFEN
100
AcDbLine
 10
2447.105314096384
 20
88.32664114006364
 30
0.0
 11
2452.105314096384
 21
88.32664114006364
 31
0.0
  0
LINE
  5
8555
330
1F
100
AcDbEntity
  8
HALFEN
100
AcDbLine
 10
2452.105314096384
 20
88.32664114006345
 30
0.0
 11
2452.105314096384
 21
120.3266411400636
 31
0.0
  0
LINE
  5
8556
330
1F
100
AcDbEntity
  8
HALFEN
100
AcDbLine
 10
2446.105314096384
 20
123.3266411400636
 30
0.0
 11
2446.105314096384
 21
124.0266411400637
 31
0.0
  0
LINE
  5
8557
330
1F
100
AcDbEntity
  8
HALFEN
100
AcDbLine
 10
2446.105314096384
 20
124.0266411400637
 30
0.0
 11
2453.105314096384
 21
124.0266411400637
 31
0.0
  0
LINE
  5
8558
330
1F
100
AcDbEntity
  8
HALFEN
100
AcDbLine
 10
2453.105314096384
 20
124.0266411400637
 30
0.0
 11
2453.105314096384
 21
123.3266411400636
 31
0.0
  0
LINE
  5
8559
330
1F
100
AcDbEntity
  8
HALFEN
100
AcDbLine
 10
2347.105314096384
 20
124.0266411400637
 30
0.0
 11
2347.105314096384
 21
159.0266411400637
 31
0.0
  0
LINE
  5
855A
330
1F
100
AcDbEntity
  8
HALFEN
100
AcDbLine
 10
2347.105314096384
 20
159.0266411400637
 30
0.0
 11
2352.105314096384
 21
159.0266411400637
 31
0.0
  0
LINE
  5
855B
330
1F
100
AcDbEntity
  8
HALFEN
100
AcDbLine
 10
2352.105314096384
 20
159.0266411400637
 30
0.0
 11
2352.105314096384
 21
124.0266411400637
 31
0.0
  0
LINE
  5
855C
330
1F
100
AcDbEntity
  8
HALFEN
100
AcDbLine
 10
2347.105314096384
 20
120.3266411400636
 30
0.0
 11
2347.105314096384
 21
88.32664114006345
 31
0.0
  0
LINE
  5
855D
330
1F
100
AcDbEntity
  8
HALFEN
100
AcDbLine
 10
2347.105314096384
 20
88.32664114006364
 30
0.0
 11
2352.105314096384
 21
88.32664114006364
 31
0.0
  0
LINE
  5
855E
330
1F
100
AcDbEntity
  8
HALFEN
100
AcDbLine
 10
2352.105314096384
 20
88.32664114006345
 30
0.0
 11
2352.105314096384
 21
120.3266411400636
 31
0.0
  0
LINE
  5
855F
330
1F
100
AcDbEntity
  8
HALFEN
100
AcDbLine
 10
2346.105314096384
 20
123.3266411400636
 30
0.0
 11
2346.105314096384
 21
124.0266411400637
 31
0.0
  0
LINE
  5
8560
330
1F
100
AcDbEntity
  8
HALFEN
100
AcDbLine
 10
2346.105314096384
 20
124.0266411400637
 30
0.0
 11
2353.105314096384
 21
124.0266411400637
 31
0.0
  0
LINE
  5
8561
330
1F
100
AcDbEntity
  8
HALFEN
100
AcDbLine
 10
2353.105314096384
 20
124.0266411400637
 30
0.0
 11
2353.105314096384
 21
123.3266411400636
 31
0.0
  0
LINE
  5
8562
330
1F
100
AcDbEntity
  8
HALFEN
100
AcDbLine
 10
2321.731933305545
 20
-295.1378835695848
 30
0.0
 11
2441.731933305546
 21
-295.1378835695846
 31
0.0
  0
LINE
  5
8563
330
1F
100
AcDbEntity
  8
HALFEN
100
AcDbLine
 10
2321.731933305545
 20
-298.1378835695846
 30
0.0
 11
2441.731933305546
 21
-298.1378835695846
 31
0.0
  0
LINE
  5
8564
330
1F
100
AcDbEntity
  8
HALFEN
100
AcDbLine
 10
2321.731933305545
 20
-298.1378835695846
 30
0.0
 11
2321.731933305545
 21
-295.1378835695846
 31
0.0
  0
LINE
  5
8565
330
1F
100
AcDbEntity
  8
HALFEN
100
AcDbLine
 10
2441.731933305546
 20
-298.1378835695846
 30
0.0
 11
2441.731933305546
 21
-295.1378835695846
 31
0.0
  0
ARC
  5
8566
330
1F
100
AcDbEntity
  8
HALFEN
100
AcDbCircle
 10
2381.731933305545
 20
-296.6378835695845
 30
0.0
 40
8.0
100
AcDbArc
 50
238.8963148835642
 51
301.1036851164357
  0
ARC
  5
8567
330
1F
100
AcDbEntity
  8
HALFEN
100
AcDbCircle
 10
2381.731933305545
 20
-296.6378835695845
 30
0.0
 40
8.0
100
AcDbArc
 50
58.89631488356425
 51
121.1036851164357
  0
LINE
  5
8568
330
1F
100
AcDbEntity
  8
HALFEN
100
AcDbLine
 10
2368.731933305545
 20
-295.1378835695846
 30
0.0
 11
2377.599226100075
 21
-289.7880126836585
 31
0.0
  0
LINE
  5
8569
330
1F
100
AcDbEntity
  8
HALFEN
100
AcDbLine
 10
2368.731933305545
 20
-298.1378835695846
 30
0.0
 11
2377.599226100075
 21
-303.4877544555107
 31
0.0
  0
LINE
  5
856A
330
1F
100
AcDbEntity
  8
HALFEN
100
AcDbLine
 10
2394.731933305545
 20
-295.1378835695846
 30
0.0
 11
2385.864640511015
 21
-289.7880126836585
 31
0.0
  0
LINE
  5
856B
330
1F
100
AcDbEntity
  8
HALFEN
100
AcDbLine
 10
2394.731933305545
 20
-298.1378835695846
 30
0.0
 11
2385.864640511015
 21
-303.4877544555107
 31
0.0
  0
LINE
  5
85E5
330
1F
100
AcDbEntity
  8
HALFEN
100
AcDbLine
 10
2334.231933305545
 20
-295.1378835695846
 30
0.0
 11
2334.231933305545
 21
-262.6378835695846
 31
0.0
  0
LINE
  5
85E6
330
1F
100
AcDbEntity
  8
HALFEN
100
AcDbLine
 10
2329.231933305545
 20
-262.6378835695846
 30
0.0
 11
2329.231933305545
 21
-295.1378835695846
 31
0.0
  0
LINE
  5
85E7
330
1F
100
AcDbEntity
  8
HALFEN
100
AcDbLine
 10
2328.231933305545
 20
-298.1378835695846
 30
0.0
 11
2328.231933305545
 21
-299.6378835695846
 31
0.0
  0
LINE
  5
85E8
330
1F
100
AcDbEntity
  8
HALFEN
100
AcDbLine
 10
2335.231933305545
 20
-299.6378835695846
 30
0.0
 11
2335.231933305545
 21
-298.1378835695846
 31
0.0
  0
LINE
  5
85E9
330
1F
100
AcDbEntity
  8
HALFEN
100
AcDbLine
 10
2335.231933305545
 20
-299.6378835695846
 30
0.0
 11
2328.231933305545
 21
-299.6378835695846
 31
0.0
  0
LINE
  5
85EA
330
1F
100
AcDbEntity
  8
HALFEN
100
AcDbLine
 10
2334.231933305545
 20
-262.6378835695846
 30
0.0
 11
2329.231933305545
 21
-262.6378835695846
 31
0.0
  0
LINE
  5
85EB
330
1F
100
AcDbEntity
  8
HALFEN
100
AcDbLine
 10
2434.231933305545
 20
-295.1378835695846
 30
0.0
 11
2434.231933305545
 21
-262.6378835695846
 31
0.0
  0
LINE
  5
85EC
330
1F
100
AcDbEntity
  8
HALFEN
100
AcDbLine
 10
2429.231933305545
 20
-262.6378835695846
 30
0.0
 11
2429.231933305545
 21
-295.1378835695846
 31
0.0
  0
LINE
  5
85ED
330
1F
100
AcDbEntity
  8
HALFEN
100
AcDbLine
 10
2428.231933305545
 20
-298.1378835695846
 30
0.0
 11
2428.231933305545
 21
-299.6378835695846
 31
0.0
  0
LINE
  5
85EE
330
1F
100
AcDbEntity
  8
HALFEN
100
AcDbLine
 10
2435.231933305545
 20
-299.6378835695846
 30
0.0
 11
2435.231933305545
 21
-298.1378835695846
 31
0.0
  0
LINE
  5
85EF
330
1F
100
AcDbEntity
  8
HALFEN
100
AcDbLine
 10
2435.231933305545
 20
-299.6378835695846
 30
0.0
 11
2428.231933305545
 21
-299.6378835695846
 31
0.0
  0
LINE
  5
85F0
330
1F
100
AcDbEntity
  8
HALFEN
100
AcDbLine
 10
2434.231933305545
 20
-262.6378835695846
 30
0.0
 11
2429.231933305545
 21
-262.6378835695846
 31
0.0
  0
LINE
  5
86E6
330
1F
100
AcDbEntity
  8
HALFEN
  6
STRICHPUNKT2
 62
     1
 48
0.5
100
AcDbLine
 10
1633.54105305345
 20
747.8019683466839
 30
0.0
 11
1648.04105305345
 21
747.8019683466839
 31
0.0
  0
LINE
  5
86E7
330
1F
100
AcDbEntity
  8
HALFEN
  6
STRICHPUNKT2
 62
     1
 48
0.5
100
AcDbLine
 10
1632.54105305345
 20
613.1189251042486
 30
0.0
 11
1647.04105305345
 21
613.1189251042486
 31
0.0
  0
LINE
  5
86E8
330
1F
100
AcDbEntity
  8
HALFEN
  6
STRICHPUNKT2
 62
     1
 48
0.5
100
AcDbLine
 10
1882.250977178019
 20
613.1189251042486
 30
0.0
 11
1896.750977178019
 21
613.1189251042486
 31
0.0
  0
LINE
  5
86E9
330
1F
100
AcDbEntity
  8
HALFEN
  6
STRICHPUNKT2
 62
     1
 48
0.5
100
AcDbLine
 10
1883.250977178018
 20
747.8019683466839
 30
0.0
 11
1897.750977178018
 21
747.8019683466839
 31
0.0
  0
LINE
  5
86F0
330
1F
100
AcDbEntity
  8
HALFEN
  6
STRICHPUNKT2
 62
     1
 48
0.5
100
AcDbLine
 10
1783.058722175931
 20
379.5976891015531
 30
0.0
 11
1797.558722175931
 21
379.5976891015531
 31
0.0
  0
LINE
  5
86F1
330
1F
100
AcDbEntity
  8
HALFEN
  6
STRICHPUNKT2
 62
     1
 48
0.5
100
AcDbLine
 10
1783.05872217593
 20
244.9146458591177
 30
0.0
 11
1797.55872217593
 21
244.9146458591177
 31
0.0
  0
LINE
  5
87B0
330
1F
100
AcDbEntity
  8
HALFEN
100
AcDbLine
 10
1701.249609617608
 20
168.9509719823513
 30
0.0
 11
1933.072963253977
 21
168.9509719823513
 31
0.0
  0
LINE
  5
87B1
330
1F
100
AcDbEntity
  8
HALFEN
100
AcDbLine
 10
1701.249609617608
 20
178.9509719823513
 30
0.0
 11
1933.072963253977
 21
178.9509719823513
 31
0.0
  0
LINE
  5
87B2
330
1F
100
AcDbEntity
  8
HALFEN
100
AcDbLine
 10
1701.249609617608
 20
196.9509719823518
 30
0.0
 11
1933.072963253977
 21
196.9509719823518
 31
0.0
  0
TEXT
  5
87B3
330
1F
100
AcDbEntity
  8
HALFEN
100
AcDbText
 10
1751.214295950224
 20
189.4509719823513
 30
0.0
 40
5.0
  1
Halfen Body - Anker BA 1308/1310/1312 - (GK + RP) - A2
  7
ARIAL50
100
AcDbText
  0
TEXT
  5
87B4
330
1F
100
AcDbEntity
  8
HALFEN
100
AcDbText
 10
1706.249609617608
 20
189.4509719823513
 30
0.0
 40
5.0
  1
Benennung
  7
ARIAL50
100
AcDbText
  0
TEXT
  5
87B5
330
1F
100
AcDbEntity
  8
HALFEN
100
AcDbText
 10
1706.249609617608
 20
171.4509719823513
 30
0.0
 40
5.0
  1
Bestell-Nr.
  7
ARIAL50
100
AcDbText
  0
LINE
  5
87B6
330
1F
100
AcDbEntity
  8
HALFEN
100
AcDbLine
 10
1701.249609617608
 20
168.9509719823513
 30
0.0
 11
1701.249609617608
 21
196.9509719823518
 31
0.0
  0
LINE
  5
87B7
330
1F
100
AcDbEntity
  8
HALFEN
100
AcDbLine
 10
1746.214295950224
 20
168.9509719823513
 30
0.0
 11
1746.214295950224
 21
196.9509719823518
 31
0.0
  0
TEXT
  5
87B8
330
1F
100
AcDbEntity
  8
HALFEN
100
AcDbText
 10
1751.214295950224
 20
171.4509719823513
 30
0.0
 40
5.0
  1
0754.030 - 00009
  7
ARIAL50
100
AcDbText
  0
LINE
  5
87B9
330
1F
100
AcDbEntity
  8
HALFEN
100
AcDbLine
 10
1933.072963253977
 20
168.9509719823513
 30
0.0
 11
1933.072963253977
 21
196.9509719823518
 31
0.0
  0
LINE
  5
87BA
330
1F
100
AcDbEntity
  8
HALFEN
100
AcDbLine
 10
1789.30872217593
 20
21.55541863835282
 30
0.0
 11
1789.30872217593
 21
105.5554186383528
 31
0.0
1001
ACAD
1000
ASC_BOUNDS
1002
{
1070
    19
1005
0
1005
0
1005
0
1005
0
1005
0
1005
0
1005
0
1005
0
1005
0
1002
}
  0
LINE
  5
87BB
330
1F
100
AcDbEntity
  8
HALFEN
100
AcDbLine
 10
1749.30872217593
 20
20.55541863835282
 30
0.0
 11
1783.30872217593
 21
105.5554186383528
 31
0.0
  0
LINE
  5
87BC
330
1F
100
AcDbEntity
  8
HALFEN
100
AcDbLine
 10
1785.88090182477
 20
-28.77690532907394
 30
0.0
 11
1749.30872217593
 21
-27.01501959032777
 31
0.0
  0
LINE
  5
87BD
330
1F
100
AcDbEntity
  8
HALFEN
100
AcDbLine
 10
1785.977141356555
 20
-26.77922218289638
 30
0.0
 11
1749.404961707716
 21
-25.01733644415032
 31
0.0
  0
LINE
  5
87BE
330
1F
100
AcDbEntity
  8
HALFEN
100
AcDbLine
 10
1785.977141356555
 20
-51.77111319451757
 30
0.0
 11
1749.404961707716
 21
-53.53299893326374
 31
0.0
  0
LINE
  5
87BF
330
1F
100
AcDbEntity
  8
HALFEN
100
AcDbLine
 10
1785.88090182477
 20
-49.77343004834011
 30
0.0
 11
1749.30872217593
 21
-51.53531578708617
 31
0.0
  0
ARC
  5
87C0
330
1F
100
AcDbEntity
  8
HALFEN
100
AcDbCircle
 10
1742.551732484287
 20
-45.27516768870675
 30
0.0
 40
13.55700550869242
100
AcDbArc
 50
333.7316689015473
 51
26.26833109845042
  0
ARC
  5
87C1
330
1F
100
AcDbEntity
  8
HALFEN
100
AcDbCircle
 10
1756.865711867574
 20
-45.27516768870675
 30
0.0
 40
13.55700550869242
100
AcDbArc
 50
153.7316689015495
 51
206.2683310984528
  0
LINE
  5
87C2
330
1F
100
AcDbEntity
  8
HALFEN
100
AcDbLine
 10
1754.708722175931
 20
-51.27516768870709
 30
0.0
 11
1744.70872217593
 21
-51.27516768870709
 31
0.0
  0
LINE
  5
87C3
330
1F
100
AcDbEntity
  8
HALFEN
100
AcDbLine
 10
1749.30872217593
 20
-51.53531578708617
 30
0.0
 11
1749.404961707716
 21
-53.53299893326374
 31
0.0
  0
HATCH
  5
87C4
330
1F
100
AcDbEntity
  8
HALFEN
100
AcDbHatch
 10
0.0
 20
0.0
 30
0.0
210
0.0
220
0.0
230
1.0
  2
SOLID
 70
     1
 71
     0
 91
        1
 92
        7
 72
     0
 73
     1
 93
        4
 10
1749.404961707716
 20
-25.01733644415032
 10
1747.339424316421
 20
-27.27516768870697
 10
1749.30872217593
 20
-27.27516768870697
 10
1749.30872217593
 20
-27.01501959032845
 97
        0
 75
     0
 76
     1
 47
0.0083742383196909
 98
        1
 10
1749.011399908999
 20
-26.73564602338848
450
        0
451
        0
460
0.0
461
0.0
452
        0
462
0.0
453
        0
470

  0
LINE
  5
87C5
330
1F
100
AcDbEntity
  8
HALFEN
100
AcDbLine
 10
1754.70872217593
 20
-27.27516768870709
 30
0.0
 11
1744.70872217593
 21
-27.27516768870697
 31
0.0
  0
LINE
  5
87C6
330
1F
100
AcDbEntity
  8
HALFEN
100
AcDbLine
 10
1754.708722175931
 20
-39.27516768870697
 30
0.0
 11
1744.70872217593
 21
-39.27516768870697
 31
0.0
  0
LINE
  5
87C7
330
1F
100
AcDbEntity
  8
HALFEN
100
AcDbLine
 10
1743.30872217593
 20
-33.25445867133709
 30
0.0
 11
1743.30872217593
 21
-45.29587670604946
 31
0.0
  0
ARC
  5
87C8
330
1F
100
AcDbEntity
  8
HALFEN
100
AcDbCircle
 10
1756.865711867574
 20
-33.27516768870697
 30
0.0
 40
13.55700550869242
100
AcDbArc
 50
153.7316689015472
 51
206.2683310984504
  0
LINE
  5
87C9
330
1F
100
AcDbEntity
  8
HALFEN
100
AcDbLine
 10
1756.10872217593
 20
-33.25445867133709
 30
0.0
 11
1756.10872217593
 21
-45.29587670606377
 31
0.0
  0
ARC
  5
87CA
330
1F
100
AcDbEntity
  8
HALFEN
100
AcDbCircle
 10
1742.551732484287
 20
-33.27516768870697
 30
0.0
 40
13.55700550869242
100
AcDbArc
 50
333.7316689015496
 51
26.26833109845277
  0
LINE
  5
87CB
330
1F
100
AcDbEntity
  8
HALFEN
100
AcDbLine
 10
1749.30872217593
 20
-27.01501959032777
 30
0.0
 11
1749.404961707716
 21
-25.01733644415032
 31
0.0
  0
LINE
  5
87CC
330
1F
100
AcDbEntity
  8
HALFEN
100
AcDbLine
 10
1749.404961707716
 20
-25.01733644415032
 30
0.0
 11
1747.339424316421
 21
-27.27516768870697
 31
0.0
  0
LINE
  5
87CD
330
1F
100
AcDbEntity
  8
HALFEN
100
AcDbLine
 10
1749.30872217593
 20
20.55541863835282
 30
0.0
 11
1749.30872217593
 21
0.5554186383528191
 31
0.0
  0
LINE
  5
87CE
330
1F
100
AcDbEntity
  8
HALFEN
100
AcDbLine
 10
1743.30872217593
 20
20.55541863835282
 30
0.0
 11
1743.30872217593
 21
0.5554186383527055
 31
0.0
  0
ARC
  5
87CF
330
1F
100
AcDbEntity
  8
HALFEN
100
AcDbCircle
 10
1761.151579318787
 20
10.55541863835282
 30
0.0
 40
17.84285714285705
100
AcDbArc
 50
157.1518592214931
 51
202.8481407785068
  0
LINE
  5
87D0
330
1F
100
AcDbEntity
  8
HALFEN
100
AcDbLine
 10
1756.10872217593
 20
0.5554186383528191
 30
0.0
 11
1756.10872217593
 21
-0.222621066790964
 31
0.0
  0
LINE
  5
87D1
330
1F
100
AcDbEntity
  8
HALFEN
100
AcDbLine
 10
1743.30872217593
 20
21.33345834349683
 30
0.0
 11
1743.30872217593
 21
-0.2226210667914188
 31
0.0
  0
LINE
  5
87D2
330
1F
100
AcDbEntity
  8
HALFEN
100
AcDbLine
 10
1744.70872217593
 20
3.627215408077232
 30
0.0
 11
1749.30872217593
 21
3.62721540807712
 31
0.0
  0
LINE
  5
87D3
330
1F
100
AcDbEntity
  8
HALFEN
100
AcDbLine
 10
1744.70872217593
 20
-3.300987822198123
 30
0.0
 11
1754.708722175931
 21
-3.300987822198123
 31
0.0
  0
ARC
  5
87D4
330
1F
100
AcDbEntity
  8
HALFEN
100
AcDbCircle
 10
1748.241296682355
 20
0.1631137929396687
 30
0.0
 40
4.947634045020005
100
AcDbArc
 50
135.5607065943838
 51
224.4392934056162
  0
LINE
  5
87D5
330
1F
100
AcDbEntity
  8
HALFEN
100
AcDbLine
 10
1749.30872217593
 20
0.5554186383528191
 30
0.0
 11
1790.30872217593
 21
0.5554186383528191
 31
0.0
1001
ACAD
1000
ASC_BOUNDS
1002
{
1070
    19
1002
}
  0
ARC
  5
87D6
330
1F
100
AcDbEntity
  8
HALFEN
100
AcDbCircle
 10
1751.176147669506
 20
0.1631137929394413
 30
0.0
 40
4.947634045020005
100
AcDbArc
 50
315.5607065943838
 51
4.547836736234518
  0
LINE
  5
87D7
330
1F
100
AcDbEntity
  8
HALFEN
100
AcDbLine
 10
1744.70872217593
 20
24.41182509890376
 30
0.0
 11
1750.851284760151
 21
24.41182509890376
 31
0.0
  0
LINE
  5
87D8
330
1F
100
AcDbEntity
  8
HALFEN
100
AcDbLine
 10
1744.70872217593
 20
17.48362186862829
 30
0.0
 11
1749.30872217593
 21
17.48362186862829
 31
0.0
  0
ARC
  5
87D9
330
1F
100
AcDbEntity
  8
HALFEN
100
AcDbCircle
 10
1748.241296682355
 20
20.94772348376608
 30
0.0
 40
4.947634045020005
100
AcDbArc
 50
135.5607065943838
 51
224.4392934056162
  0
ARC
  5
87DA
330
1F
100
AcDbEntity
  8
HALFEN
100
AcDbCircle
 10
1790.344105732074
 20
-46.25806831238327
 30
0.0
 40
1.03540436960678
100
AcDbArc
 50
180.3632917525998
 51
220.7795063767212
  0
LINE
  5
87DB
330
1F
100
AcDbEntity
  8
HALFEN
100
AcDbLine
 10
1787.30872217593
 20
-48.27516768870697
 30
0.0
 11
1787.30872217593
 21
-30.27516768870709
 31
0.0
  0
LINE
  5
87DC
330
1F
100
AcDbEntity
  8
HALFEN
100
AcDbLine
 10
1789.30872217593
 20
-48.27516768870708
 30
0.0
 11
1789.30872217593
 21
-30.27516768870709
 31
0.0
  0
ARC
  5
87DD
330
1F
100
AcDbEntity
  8
HALFEN
100
AcDbCircle
 10
1785.80872217593
 20
-48.27516768870697
 30
0.0
 40
3.5
100
AcDbArc
 50
272.7581246076787
 51
0.0
  0
LINE
  5
87DE
330
1F
100
AcDbEntity
  8
HALFEN
100
AcDbLine
 10
1787.802691363465
 20
-51.77516768870709
 30
0.0
 11
1785.892980569836
 21
-51.77516768870709
 31
0.0
  0
ARC
  5
87DF
330
1F
100
AcDbEntity
  8
HALFEN
100
AcDbCircle
 10
1785.80872217593
 20
-48.27516768870697
 30
0.0
 40
1.5
100
AcDbArc
 50
270.0
 51
0.0
  0
ARC
  5
87E0
330
1F
100
AcDbEntity
  8
HALFEN
100
AcDbCircle
 10
1787.394269097474
 20
-48.88749225880502
 30
0.0
 40
2.91641528864085
100
AcDbArc
 50
278.0503090761797
 51
42.044615173697
  0
LINE
  5
87E1
330
1F
100
AcDbEntity
  8
HALFEN
100
AcDbLine
 10
1787.800991576613
 20
-26.76748293188933
 30
0.0
 11
1785.977141356555
 21
-26.77922218289638
 31
0.0
  0
ARC
  5
87E2
330
1F
100
AcDbEntity
  8
HALFEN
100
AcDbCircle
 10
1785.80872217593
 20
-30.27516768870697
 30
0.0
 40
3.5
100
AcDbArc
 50
0.0
 51
87.24187539232136
  0
ARC
  5
87E3
330
1F
100
AcDbEntity
  8
HALFEN
100
AcDbCircle
 10
1785.80872217593
 20
-30.27516768870709
 30
0.0
 40
1.5
100
AcDbArc
 50
0.0
 51
90.0
  0
ARC
  5
87E4
330
1F
100
AcDbEntity
  8
HALFEN
100
AcDbCircle
 10
1787.392306887289
 20
-29.65512123343098
 30
0.0
 40
2.91641528864085
100
AcDbArc
 50
317.9553848263098
 51
81.94969092382033
  0
ARC
  5
87E5
330
1F
100
AcDbEntity
  8
HALFEN
100
AcDbCircle
 10
1790.34214352189
 20
-32.28454517985261
 30
0.0
 40
1.035404369607112
100
AcDbArc
 50
139.2204936232925
 51
179.6367082474003
  0
LINE
  5
87E6
330
1F
100
AcDbEntity
  8
HALFEN
100
AcDbLine
 10
1790.30872217593
 20
0.5554186383528191
 30
0.0
 11
1790.30872217593
 21
20.55541863835282
 31
0.0
1001
ACAD
1000
ASC_BOUNDS
1002
{
1070
    19
1005
0
1002
}
  0
ARC
  5
87E7
330
1F
100
AcDbEntity
  8
HALFEN
100
AcDbCircle
 10
1790.30872217593
 20
21.55541863835282
 30
0.0
 40
1.0
100
AcDbArc
 50
180.0
 51
270.0
1001
ACAD
1000
ASC_BOUNDS
1002
{
1070
    19
1002
}
  0
LINE
  5
87E8
330
1F
100
AcDbEntity
  8
HALFEN
100
AcDbLine
 10
1789.30872217593
 20
105.5554186383528
 30
0.0
 11
1783.30872217593
 21
105.5554186383528
 31
0.0
  0
LINE
  5
87E9
330
1F
100
AcDbEntity
  8
HALFEN
100
AcDbLine
 10
1749.30872217593
 20
-27.01501959032777
 30
0.0
 11
1749.30872217593
 21
-27.27516768870697
 31
0.0
  0
LINE
  5
87EA
330
1F
100
AcDbEntity
  8
HALFEN
100
AcDbLine
 10
1838.634568954438
 20
105.5554186383529
 30
0.0
 11
1867.150231443551
 21
105.5554186383529
 31
0.0
  0
LINE
  5
87EB
330
1F
100
AcDbEntity
  8
HALFEN
100
AcDbLine
 10
1838.634568954438
 20
0.5554186383527055
 30
0.0
 11
1846.212908274683
 21
0.5554186383528191
 31
0.0
  0
LINE
  5
87EC
330
1F
100
AcDbEntity
  8
HALFEN
100
AcDbLine
 10
1859.571892123305
 20
0.5554186383527055
 30
0.0
 11
1867.150231443551
 21
0.5554186383527055
 31
0.0
  0
LINE
  5
87ED
330
1F
100
AcDbEntity
  8
HALFEN
100
AcDbLine
 10
1838.634568954438
 20
0.5554186383527055
 30
0.0
 11
1838.634568954438
 21
105.5554186383531
 31
0.0
  0
LINE
  5
87EE
330
1F
100
AcDbEntity
  8
HALFEN
100
AcDbLine
 10
1840.892400198994
 20
0.5554186383528191
 30
0.0
 11
1840.892400198994
 21
8.055418638352477
 31
0.0
  0
LINE
  5
87EF
330
1F
100
AcDbEntity
  8
HALFEN
100
AcDbLine
 10
1840.892400198994
 20
13.05541863835236
 30
0.0
 11
1840.892400198994
 21
105.5554186383528
 31
0.0
  0
LINE
  5
87F0
330
1F
100
AcDbEntity
  8
HALFEN
100
AcDbLine
 10
1867.150231443551
 20
0.5554186383527055
 30
0.0
 11
1867.150231443551
 21
105.5554186383531
 31
0.0
  0
LINE
  5
87F1
330
1F
100
AcDbEntity
  8
HALFEN
100
AcDbLine
 10
1864.892400198994
 20
0.5554186383528191
 30
0.0
 11
1864.892400198994
 21
17.48362186862806
 31
0.0
  0
LINE
  5
87F2
330
1F
100
AcDbEntity
  8
HALFEN
100
AcDbLine
 10
1864.892400198994
 20
13.05541863835248
 30
0.0
 11
1864.892400198994
 21
105.5554186383528
 31
0.0
  0
LINE
  5
87F3
330
1F
100
AcDbEntity
  8
HALFEN
100
AcDbLine
 10
1840.892400198994
 20
3.62721540807712
 30
0.0
 11
1852.892400198994
 21
-3.300987822198578
 31
0.0
  0
LINE
  5
87F4
330
1F
100
AcDbEntity
  8
HALFEN
100
AcDbLine
 10
1852.892400198994
 20
-3.300987822198578
 30
0.0
 11
1864.892400198994
 21
3.627215408077461
 31
0.0
  0
LINE
  5
87F5
330
1F
100
AcDbEntity
  8
HALFEN
100
AcDbLine
 10
1864.892400198994
 20
3.627215408077461
 30
0.0
 11
1864.892400198994
 21
8.055418638352705
 31
0.0
  0
LINE
  5
87F6
330
1F
100
AcDbEntity
  8
HALFEN
100
AcDbLine
 10
1864.892400198994
 20
17.48362186862806
 30
0.0
 11
1852.892400198994
 21
24.41182509890362
 31
0.0
  0
LINE
  5
87F7
330
1F
100
AcDbEntity
  8
HALFEN
100
AcDbLine
 10
1852.892400198994
 20
24.41182509890362
 30
0.0
 11
1840.892400198994
 21
17.48362186862727
 31
0.0
  0
LINE
  5
87F8
330
1F
100
AcDbEntity
  8
HALFEN
100
AcDbLine
 10
1840.892400198994
 20
17.48362186862727
 30
0.0
 11
1840.892400198994
 21
3.62721540807712
 31
0.0
  0
ARC
  5
87F9
330
1F
100
AcDbEntity
  8
HALFEN
100
AcDbCircle
 10
1852.892400198994
 20
66.80541863835293
 30
0.0
 40
4.25
100
AcDbArc
 50
180.0
 51
0.0
  0
ARC
  5
87FA
330
1F
100
AcDbEntity
  8
HALFEN
100
AcDbCircle
 10
1852.892400198994
 20
86.30541863835293
 30
0.0
 40
4.25
100
AcDbArc
 50
0.0
 51
180.0
  0
LINE
  5
87FB
330
1F
100
AcDbEntity
  8
HALFEN
100
AcDbLine
 10
1848.642400198994
 20
66.80541863835293
 30
0.0
 11
1848.642400198994
 21
86.30541863835293
 31
0.0
  0
LINE
  5
87FC
330
1F
100
AcDbEntity
  8
HALFEN
100
AcDbLine
 10
1857.142400198994
 20
86.30541863835293
 30
0.0
 11
1857.142400198994
 21
66.80541863835293
 31
0.0
  0
LINE
  5
87FD
330
1F
100
AcDbEntity
  8
HALFEN
100
AcDbLine
 10
1864.892400198994
 20
85.0554186383527
 30
0.0
 11
1857.142400198994
 21
85.0554186383527
 31
0.0
  0
LINE
  5
87FE
330
1F
100
AcDbEntity
  8
HALFEN
100
AcDbLine
 10
1864.892400198994
 20
86.0554186383527
 30
0.0
 11
1857.142400198994
 21
86.0554186383527
 31
0.0
  0
LINE
  5
87FF
330
1F
100
AcDbEntity
  8
HALFEN
100
AcDbLine
 10
1864.892400198994
 20
87.0554186383527
 30
0.0
 11
1857.075700331664
 21
87.05541863835259
 31
0.0
  0
LINE
  5
8800
330
1F
100
AcDbEntity
  8
HALFEN
100
AcDbLine
 10
1864.892400198994
 20
88.05541863835271
 30
0.0
 11
1856.765383545202
 21
88.05541863835271
 31
0.0
  0
LINE
  5
8801
330
1F
100
AcDbEntity
  8
HALFEN
100
AcDbLine
 10
1864.892400198994
 20
89.05541863835258
 30
0.0
 11
1856.132770548198
 21
89.05541863835294
 31
0.0
  0
LINE
  5
8802
330
1F
100
AcDbEntity
  8
HALFEN
100
AcDbLine
 10
1864.892400198994
 20
64.05541863835271
 30
0.0
 11
1856.132770548198
 21
64.05541863835271
 31
0.0
  0
LINE
  5
8803
330
1F
100
AcDbEntity
  8
HALFEN
100
AcDbLine
 10
1864.892400198994
 20
65.05541863835246
 30
0.0
 11
1856.765383545202
 21
65.05541863835293
 31
0.0
  0
LINE
  5
8804
330
1F
100
AcDbEntity
  8
HALFEN
100
AcDbLine
 10
1864.892400198994
 20
66.0554186383527
 30
0.0
 11
1857.075700331664
 21
66.0554186383527
 31
0.0
  0
LINE
  5
8805
330
1F
100
AcDbEntity
  8
HALFEN
100
AcDbLine
 10
1864.892400198994
 20
67.05541863835271
 30
0.0
 11
1857.142400198994
 21
67.05541863835271
 31
0.0
  0
LINE
  5
8806
330
1F
100
AcDbEntity
  8
HALFEN
100
AcDbLine
 10
1864.892400198994
 20
68.05541863835259
 30
0.0
 11
1857.142400198994
 21
68.05541863835305
 31
0.0
  0
LINE
  5
8807
330
1F
100
AcDbEntity
  8
HALFEN
100
AcDbLine
 10
1864.892400198994
 20
91.0554186383527
 30
0.0
 11
1840.892400198994
 21
91.0554186383527
 31
0.0
  0
LINE
  5
8808
330
1F
100
AcDbEntity
  8
HALFEN
100
AcDbLine
 10
1864.892400198994
 20
92.0554186383527
 30
0.0
 11
1840.892400198994
 21
92.0554186383527
 31
0.0
  0
LINE
  5
8809
330
1F
100
AcDbEntity
  8
HALFEN
100
AcDbLine
 10
1864.892400198994
 20
93.05541863835259
 30
0.0
 11
1840.892400198994
 21
93.05541863835271
 31
0.0
  0
LINE
  5
880A
330
1F
100
AcDbEntity
  8
HALFEN
100
AcDbLine
 10
1864.892400198994
 20
61.05541863835259
 30
0.0
 11
1840.892400198994
 21
61.0554186383527
 31
0.0
  0
LINE
  5
880B
330
1F
100
AcDbEntity
  8
HALFEN
100
AcDbLine
 10
1864.892400198994
 20
62.05541863835259
 30
0.0
 11
1840.892400198994
 21
62.05541863835271
 31
0.0
  0
LINE
  5
880C
330
1F
100
AcDbEntity
  8
HALFEN
100
AcDbLine
 10
1848.642400198994
 20
80.0554186383527
 30
0.0
 11
1840.892400198994
 21
80.0554186383527
 31
0.0
  0
LINE
  5
880D
330
1F
100
AcDbEntity
  8
HALFEN
100
AcDbLine
 10
1848.642400198994
 20
79.05541863835271
 30
0.0
 11
1840.892400198994
 21
79.05541863835259
 31
0.0
  0
LINE
  5
880E
330
1F
100
AcDbEntity
  8
HALFEN
100
AcDbLine
 10
1848.642400198994
 20
78.05541863835282
 30
0.0
 11
1840.892400198994
 21
78.0554186383527
 31
0.0
  0
LINE
  5
880F
330
1F
100
AcDbEntity
  8
HALFEN
100
AcDbLine
 10
1848.642400198994
 20
77.05541863835282
 30
0.0
 11
1840.892400198994
 21
77.05541863835259
 31
0.0
  0
LINE
  5
8810
330
1F
100
AcDbEntity
  8
HALFEN
100
AcDbLine
 10
1848.642400198994
 20
76.0554186383527
 30
0.0
 11
1840.892400198994
 21
76.0554186383527
 31
0.0
  0
LINE
  5
8811
330
1F
100
AcDbEntity
  8
HALFEN
100
AcDbLine
 10
1848.642400198994
 20
75.05541863835201
 30
0.0
 11
1840.892400198994
 21
75.05541863835304
 31
0.0
  0
LINE
  5
8812
330
1F
100
AcDbEntity
  8
HALFEN
100
AcDbLine
 10
1848.642400198994
 20
74.05541863835214
 30
0.0
 11
1840.892400198994
 21
74.05541863835304
 31
0.0
  0
LINE
  5
8813
330
1F
100
AcDbEntity
  8
HALFEN
100
AcDbLine
 10
1848.642400198994
 20
72.05541863835282
 30
0.0
 11
1840.892400198994
 21
72.05541863835271
 31
0.0
  0
LINE
  5
8814
330
1F
100
AcDbEntity
  8
HALFEN
100
AcDbLine
 10
1848.642400198994
 20
81.0554186383527
 30
0.0
 11
1840.892400198994
 21
81.0554186383527
 31
0.0
  0
LINE
  5
8815
330
1F
100
AcDbEntity
  8
HALFEN
100
AcDbLine
 10
1848.642400198994
 20
84.05541863835271
 30
0.0
 11
1840.892400198994
 21
84.05541863835258
 31
0.0
  0
LINE
  5
8816
330
1F
100
AcDbEntity
  8
HALFEN
100
AcDbLine
 10
1848.642400198994
 20
69.05541863835259
 30
0.0
 11
1840.892400198994
 21
69.05541863835271
 31
0.0
  0
LINE
  5
8817
330
1F
100
AcDbEntity
  8
HALFEN
100
AcDbLine
 10
1848.642400198994
 20
82.0554186383527
 30
0.0
 11
1840.892400198994
 21
82.0554186383527
 31
0.0
  0
LINE
  5
8818
330
1F
100
AcDbEntity
  8
HALFEN
100
AcDbLine
 10
1848.642400198994
 20
83.05541863835271
 30
0.0
 11
1840.892400198994
 21
83.05541863835282
 31
0.0
  0
LINE
  5
8819
330
1F
100
AcDbEntity
  8
HALFEN
100
AcDbLine
 10
1848.642400198994
 20
85.05541863835281
 30
0.0
 11
1840.892400198994
 21
85.0554186383526
 31
0.0
  0
LINE
  5
881A
330
1F
100
AcDbEntity
  8
HALFEN
100
AcDbLine
 10
1848.642400198994
 20
86.05541863835282
 30
0.0
 11
1840.892400198994
 21
86.05541863835259
 31
0.0
  0
LINE
  5
881B
330
1F
100
AcDbEntity
  8
HALFEN
100
AcDbLine
 10
1848.709100066324
 20
87.0554186383527
 30
0.0
 11
1840.892400198994
 21
87.0554186383527
 31
0.0
  0
LINE
  5
881C
330
1F
100
AcDbEntity
  8
HALFEN
100
AcDbLine
 10
1849.019416852787
 20
88.05541863835271
 30
0.0
 11
1840.892400198994
 21
88.05541863835271
 31
0.0
  0
LINE
  5
881D
330
1F
100
AcDbEntity
  8
HALFEN
100
AcDbLine
 10
1849.652029849789
 20
89.05541863835281
 30
0.0
 11
1840.892400198994
 21
89.05541863835271
 31
0.0
  0
LINE
  5
881E
330
1F
100
AcDbEntity
  8
HALFEN
100
AcDbLine
 10
1840.892400198994
 20
73.05541863835293
 30
0.0
 11
1848.642400198994
 21
73.05541863835212
 31
0.0
  0
LINE
  5
881F
330
1F
100
AcDbEntity
  8
HALFEN
100
AcDbLine
 10
1849.652029849789
 20
64.05541863835271
 30
0.0
 11
1840.892400198994
 21
64.05541863835271
 31
0.0
  0
LINE
  5
8820
330
1F
100
AcDbEntity
  8
HALFEN
100
AcDbLine
 10
1849.019416852787
 20
65.0554186383527
 30
0.0
 11
1840.892400198994
 21
65.0554186383527
 31
0.0
  0
LINE
  5
8821
330
1F
100
AcDbEntity
  8
HALFEN
100
AcDbLine
 10
1848.709100066324
 20
66.05541863835282
 30
0.0
 11
1840.892400198994
 21
66.05541863835259
 31
0.0
  0
LINE
  5
8822
330
1F
100
AcDbEntity
  8
HALFEN
100
AcDbLine
 10
1848.642400198994
 20
67.05541863835271
 30
0.0
 11
1840.892400198994
 21
67.05541863835271
 31
0.0
  0
LINE
  5
8823
330
1F
100
AcDbEntity
  8
HALFEN
100
AcDbLine
 10
1848.642400198994
 20
68.05541863835282
 30
0.0
 11
1840.892400198994
 21
68.05541863835259
 31
0.0
  0
LINE
  5
8824
330
1F
100
AcDbEntity
  8
HALFEN
100
AcDbLine
 10
1848.642400198994
 20
70.05541863835259
 30
0.0
 11
1840.892400198994
 21
70.05541863835282
 31
0.0
  0
LINE
  5
8825
330
1F
100
AcDbEntity
  8
HALFEN
100
AcDbLine
 10
1848.642400198994
 20
71.05541863835282
 30
0.0
 11
1840.892400198994
 21
71.0554186383527
 31
0.0
  0
LINE
  5
8826
330
1F
100
AcDbEntity
  8
HALFEN
100
AcDbLine
 10
1864.892400198994
 20
90.0554186383527
 30
0.0
 11
1854.892400198994
 21
90.0554186383527
 31
0.0
  0
LINE
  5
8827
330
1F
100
AcDbEntity
  8
HALFEN
100
AcDbLine
 10
1850.892400198994
 20
90.0554186383527
 30
0.0
 11
1840.892400198994
 21
90.05541863835281
 31
0.0
  0
LINE
  5
8828
330
1F
100
AcDbEntity
  8
HALFEN
100
AcDbLine
 10
1850.892400198994
 20
63.05541863835269
 30
0.0
 11
1840.892400198994
 21
63.05541863835283
 31
0.0
  0
LINE
  5
8829
330
1F
100
AcDbEntity
  8
HALFEN
100
AcDbLine
 10
1857.142400198994
 20
73.05541863835282
 30
0.0
 11
1864.892400198994
 21
73.0554186383527
 31
0.0
  0
LINE
  5
882A
330
1F
100
AcDbEntity
  8
HALFEN
100
AcDbLine
 10
1864.892400198994
 20
78.05541863835235
 30
0.0
 11
1857.142400198994
 21
78.05541863835339
 31
0.0
  0
LINE
  5
882B
330
1F
100
AcDbEntity
  8
HALFEN
100
AcDbLine
 10
1864.892400198994
 20
79.05541863835235
 30
0.0
 11
1857.142400198994
 21
79.05541863835328
 31
0.0
  0
LINE
  5
882C
330
1F
100
AcDbEntity
  8
HALFEN
100
AcDbLine
 10
1864.892400198994
 20
80.05541863835246
 30
0.0
 11
1857.142400198994
 21
80.05541863835317
 31
0.0
  0
LINE
  5
882D
330
1F
100
AcDbEntity
  8
HALFEN
100
AcDbLine
 10
1864.892400198994
 20
81.05541863835247
 30
0.0
 11
1857.142400198994
 21
81.05541863835304
 31
0.0
  0
LINE
  5
882E
330
1F
100
AcDbEntity
  8
HALFEN
100
AcDbLine
 10
1864.892400198994
 20
82.05541863835259
 30
0.0
 11
1857.142400198994
 21
82.05541863835282
 31
0.0
  0
LINE
  5
882F
330
1F
100
AcDbEntity
  8
HALFEN
100
AcDbLine
 10
1864.892400198994
 20
83.05541863835271
 30
0.0
 11
1857.142400198994
 21
83.05541863835271
 31
0.0
  0
LINE
  5
8830
330
1F
100
AcDbEntity
  8
HALFEN
100
AcDbLine
 10
1864.892400198994
 20
84.05541863835271
 30
0.0
 11
1857.142400198994
 21
84.05541863835281
 31
0.0
  0
LINE
  5
8831
330
1F
100
AcDbEntity
  8
HALFEN
100
AcDbLine
 10
1864.892400198994
 20
74.05541863835271
 30
0.0
 11
1857.142400198994
 21
74.05541863835271
 31
0.0
  0
LINE
  5
8832
330
1F
100
AcDbEntity
  8
HALFEN
100
AcDbLine
 10
1864.892400198994
 20
75.0554186383527
 30
0.0
 11
1857.142400198994
 21
75.0554186383527
 31
0.0
  0
LINE
  5
8833
330
1F
100
AcDbEntity
  8
HALFEN
100
AcDbLine
 10
1864.892400198994
 20
76.05541863835316
 30
0.0
 11
1857.142400198994
 21
76.05541863835191
 31
0.0
  0
LINE
  5
8834
330
1F
100
AcDbEntity
  8
HALFEN
100
AcDbLine
 10
1864.892400198994
 20
77.05541863835304
 30
0.0
 11
1857.142400198994
 21
77.055418638352
 31
0.0
  0
LINE
  5
8835
330
1F
100
AcDbEntity
  8
HALFEN
100
AcDbLine
 10
1864.892400198994
 20
63.05541863835269
 30
0.0
 11
1854.892400198994
 21
63.05541863835269
 31
0.0
  0
LINE
  5
8836
330
1F
100
AcDbEntity
  8
HALFEN
100
AcDbLine
 10
1864.892400198994
 20
69.05541863835259
 30
0.0
 11
1857.142400198994
 21
69.05541863835281
 31
0.0
  0
LINE
  5
8837
330
1F
100
AcDbEntity
  8
HALFEN
100
AcDbLine
 10
1864.892400198994
 20
70.05541863835282
 30
0.0
 11
1857.142400198994
 21
70.05541863835259
 31
0.0
  0
LINE
  5
8838
330
1F
100
AcDbEntity
  8
HALFEN
100
AcDbLine
 10
1864.892400198994
 20
71.05541863835259
 30
0.0
 11
1857.142400198994
 21
71.05541863835282
 31
0.0
  0
LINE
  5
8839
330
1F
100
AcDbEntity
  8
HALFEN
100
AcDbLine
 10
1864.892400198994
 20
72.05541863835271
 30
0.0
 11
1857.142400198994
 21
72.05541863835282
 31
0.0
  0
LINE
  5
883A
330
1F
100
AcDbEntity
  8
HALFEN
100
AcDbLine
 10
1864.892400198994
 20
60.05541863835283
 30
0.0
 11
1840.892400198994
 21
60.0554186383527
 31
0.0
  0
LINE
  5
883B
330
1F
100
AcDbEntity
  8
HALFEN
  6
STRICHPUNKT2
 62
     1
 48
0.5
100
AcDbLine
 10
1852.892400198994
 20
59.55541863835293
 30
0.0
 11
1852.892400198994
 21
93.55541863835293
 31
0.0
  0
LINE
  5
883C
330
1F
100
AcDbEntity
  8
HALFEN
  6
STRICHPUNKT2
 62
     1
 48
0.5
100
AcDbLine
 10
1845.642400198994
 20
76.55541863835293
 30
0.0
 11
1860.142400198994
 21
76.55541863835293
 31
0.0
  0
LINE
  5
883D
330
1F
100
AcDbEntity
  8
HALFEN
100
AcDbLine
 10
1743.30872217593
 20
17.32854863835274
 30
0.0
 11
1743.30872217593
 21
3.782288638352667
 31
0.0
  0
CIRCLE
  5
883E
330
1F
100
AcDbEntity
  8
HALFEN
100
AcDbCircle
 10
1852.892400198994
 20
10.55541863835259
 30
0.0
 40
6.917468245269549
  0
CIRCLE
  5
883F
330
1F
100
AcDbEntity
  8
HALFEN
100
AcDbCircle
 10
1852.892400198994
 20
10.55541863835259
 30
0.0
 40
11.25
  0
LINE
  5
8840
330
1F
100
AcDbEntity
  8
HALFEN
100
AcDbLine
 10
1701.249609617608
 20
130.9509719823513
 30
0.0
 11
1933.072963253977
 21
130.9509719823513
 31
0.0
  0
LINE
  5
8841
330
1F
100
AcDbEntity
  8
HALFEN
100
AcDbLine
 10
1701.249609617608
 20
140.9509719823513
 30
0.0
 11
1933.072963253977
 21
140.9509719823513
 31
0.0
  0
LINE
  5
8842
330
1F
100
AcDbEntity
  8
HALFEN
100
AcDbLine
 10
1701.249609617608
 20
158.9509719823517
 30
0.0
 11
1933.072963253977
 21
158.9509719823517
 31
0.0
  0
TEXT
  5
8843
330
1F
100
AcDbEntity
  8
HALFEN
100
AcDbText
 10
1751.214295950224
 20
151.4509719823513
 30
0.0
 40
5.0
  1
Halfen Body - Anker BA 1308/1310/1312 - (GK + RP) - A4
  7
ARIAL50
100
AcDbText
  0
TEXT
  5
8844
330
1F
100
AcDbEntity
  8
HALFEN
100
AcDbText
 10
1706.249609617608
 20
151.4509719823513
 30
0.0
 40
5.0
  1
Benennung
  7
ARIAL50
100
AcDbText
  0
TEXT
  5
8845
330
1F
100
AcDbEntity
  8
HALFEN
100
AcDbText
 10
1706.249609617608
 20
133.4509719823513
 30
0.0
 40
5.0
  1
Bestell-Nr.
  7
ARIAL50
100
AcDbText
  0
LINE
  5
8846
330
1F
100
AcDbEntity
  8
HALFEN
100
AcDbLine
 10
1701.249609617608
 20
130.9509719823513
 30
0.0
 11
1701.249609617608
 21
158.9509719823517
 31
0.0
  0
LINE
  5
8847
330
1F
100
AcDbEntity
  8
HALFEN
100
AcDbLine
 10
1746.214295950224
 20
130.9509719823513
 30
0.0
 11
1746.214295950224
 21
158.9509719823517
 31
0.0
  0
TEXT
  5
8848
330
1F
100
AcDbEntity
  8
HALFEN
100
AcDbText
 10
1751.214295950224
 20
133.4509719823513
 30
0.0
 40
5.0
  1
0754.030 - 00004
  7
ARIAL50
100
AcDbText
  0
LINE
  5
8849
330
1F
100
AcDbEntity
  8
HALFEN
100
AcDbLine
 10
1933.072963253977
 20
130.9509719823513
 30
0.0
 11
1933.072963253977
 21
158.9509719823517
 31
0.0
  0
LINE
  5
884A
330
1F
100
AcDbEntity
  8
HALFEN
  6
STRICHPUNKT2
 62
     1
 48
0.5
100
AcDbLine
 10
1783.05872217593
 20
76.55541863835293
 30
0.0
 11
1797.55872217593
 21
76.55541863835293
 31
0.0
  0
LINE
  5
884B
330
1F
100
AcDbEntity
  8
HALFEN
  6
STRICHPUNKT2
 62
     1
 48
0.5
100
AcDbLine
 10
1782.05872217593
 20
-39.27516768870709
 30
0.0
 11
1796.55872217593
 21
-39.27516768870709
 31
0.0
  0
ENDSEC
  0
SECTION
  2
OBJECTS
  0
DICTIONARY
  5
C
330
0
100
AcDbDictionary
281
     1
  3
ACAD_CIP_PREVIOUS_PRODUCT_INFO
350
8933
  3
ACAD_COLOR
350
810
  3
ACAD_DETAILVIEWSTYLE
350
894D
  3
ACAD_GROUP
350
D
  3
ACAD_LAYOUT
350
1A
  3
ACAD_MATERIAL
350
80F
  3
ACAD_MLEADERSTYLE
350
8284
  3
ACAD_MLINESTYLE
350
17
  3
ACAD_PLOTSETTINGS
350
19
  3
ACAD_PLOTSTYLENAME
350
E
  3
ACAD_SCALELIST
350
8262
  3
ACAD_SECTIONVIEWSTYLE
350
894B
  3
ACAD_TABLESTYLE
350
811
  3
ACAD_VISUALSTYLE
350
81E9
  3
ACDB_RECOMPOSE_DATA
350
898C
  3
AcDbVariableDictionary
350
55
  3
AcmDictionary
350
64
  3
AMG
350
4C
  3
AMGSNAPSETTINGS
350
71
  0
DICTIONARY
  5
8202
330
8
100
AcDbDictionary
280
     1
281
     1
  0
DICTIONARY
  5
115C
330
2
100
AcDbDictionary
280
     1
281
     1
  3
ACAD_LAYERFILTERS
360
86CB
  3
ACAD_LAYERSTATES
360
1231
  3
ACLYDICTIONARY
360
86CA
  3
AMLAYER_GROUPCOLORS
360
664D
  0
DICTIONARY
  5
82AF
330
10
100
AcDbDictionary
280
     1
281
     1
  3
ADSK_XREC_LAYER_RECONCILED
360
82B0
  0
DICTIONARY
  5
1BF
330
1F
100
AcDbDictionary
280
     1
281
     1
  3
ACAD_SORTENTS
360
2245
  0
XRECORD
  5
8933
102
{ACAD_REACTORS
330
C
102
}
330
C
100
AcDbXrecord
280
     1
300
AMECH_PP
300
2015
300
PDSU_F_S
  0
DICTIONARY
  5
810
102
{ACAD_REACTORS
330
C
102
}
330
C
100
AcDbDictionary
281
     1
  0
DICTIONARY
  5
894D
102
{ACAD_REACTORS
330
C
102
}
330
C
100
AcDbDictionary
281
     1
  3
Metric50
350
894E
  0
DICTIONARY
  5
D
102
{ACAD_REACTORS
330
C
102
}
330
C
100
AcDbDictionary
281
     1
  0
DICTIONARY
  5
1A
102
{ACAD_REACTORS
330
C
102
}
330
C
100
AcDbDictionary
281
     1
  3
Layout1
350
1E
  3
Layout2
350
26
  3
Model
350
22
  0
DICTIONARY
  5
80F
102
{ACAD_REACTORS
330
C
102
}
330
C
100
AcDbDictionary
281
     1
  3
ByBlock
350
81E7
  3
ByLayer
350
81E6
  3
Global
350
81E8
  0
DICTIONARY
  5
8284
102
{ACAD_REACTORS
330
C
102
}
330
C
100
AcDbDictionary
281
     1
  3
Standard
350
8285
  0
DICTIONARY
  5
17
102
{ACAD_REACTORS
330
C
102
}
330
C
100
AcDbDictionary
281
     1
  3
Standard
350
18
  0
DICTIONARY
  5
19
102
{ACAD_REACTORS
330
C
102
}
330
C
100
AcDbDictionary
281
     1
  3
A4_hoch
350
974
  3
A4_quer
350
976
  0
ACDBDICTIONARYWDFLT
  5
E
102
{ACAD_REACTORS
330
C
102
}
330
C
100
AcDbDictionary
281
     1
  3
Normal
350
F
100
AcDbDictionaryWithDefault
340
F
  0
DICTIONARY
  5
8262
102
{ACAD_REACTORS
330
C
102
}
330
C
100
AcDbDictionary
281
     1
  3
A0
350
8263
  3
A1
350
8264
  3
A2
350
8265
  3
A3
350
8266
  3
A4
350
8267
  3
A5
350
8268
  3
A6
350
8269
  3
A7
350
826A
  3
A8
350
826B
  3
A9
350
826C
  3
B0
350
826D
  3
B1
350
826E
  3
B2
350
826F
  3
B3
350
8270
  3
B4
350
8271
  3
B5
350
8272
  3
B6
350
8273
  3
B7
350
8274
  3
B8
350
8275
  3
B9
350
8276
  3
C0
350
8277
  3
C1
350
8278
  3
C2
350
8279
  3
C3
350
827A
  3
C4
350
827B
  3
C5
350
827C
  3
C6
350
827D
  3
C7
350
827E
  3
C8
350
827F
  3
C9
350
8280
  3
D0
350
8281
  3
D1
350
8282
  3
D2
350
8283
  0
DICTIONARY
  5
894B
102
{ACAD_REACTORS
330
C
102
}
330
C
100
AcDbDictionary
281
     1
  3
Metric50
350
894C
  0
DICTIONARY
  5
811
102
{ACAD_REACTORS
330
C
102
}
330
C
100
AcDbDictionary
281
     1
  3
Standard
350
812
  0
DICTIONARY
  5
81E9
102
{ACAD_REACTORS
330
C
102
}
330
C
100
AcDbDictionary
281
     1
  3
2dWireframe
350
81EF
  3
3D Hidden
350
81F1
  3
3dWireframe
350
81F0
  3
Basic
350
81EE
  3
Brighten
350
81F5
  3
ColorChange
350
81F9
  3
Conceptual
350
81F2
  3
Dim
350
81F4
  3
EdgeColorOff
350
892F
  3
Facepattern
350
81F8
  3
Flat
350
81EA
  3
FlatWithEdges
350
81EB
  3
Gouraud
350
81EC
  3
GouraudWithEdges
350
81ED
  3
Hidden
350
8927
  3
JitterOff
350
892D
  3
Linepattern
350
81F7
  3
OverhangOff
350
892E
  3
Realistic
350
81F3
  3
Shaded
350
892C
  3
Shaded with edges
350
892B
  3
Shades of Gray
350
8928
  3
Sketchy
350
8929
  3
Thicken
350
81F6
  3
Wireframe
350
8926
  3
X-Ray
350
892A
  0
XRECORD
  5
898C
102
{ACAD_REACTORS
330
C
102
}
330
C
100
AcDbXrecord
280
     1
 90
        1
330
812
330
894C
330
894E
  0
DICTIONARY
  5
55
102
{ACAD_REACTORS
330
C
102
}
330
C
100
AcDbDictionary
281
     1
  3
CANNOSCALE
350
82C6
  3
CMLEADERSTYLE
350
82C4
  3
CTABLESTYLE
350
926
  3
CVIEWDETAILSTYLE
350
8985
  3
CVIEWSECTIONSTYLE
350
8986
  3
DIMASSOC
350
8924
  3
INDEXCTL
350
56
  3
LAYEREVAL
350
8943
  3
LAYERNOTIFY
350
8944
  3
LIGHTINGUNITS
350
82C7
  3
MSLTSCALE
350
82C5
  3
SORTENTS
350
8923
  0
DICTIONARY
  5
64
102
{ACAD_REACTORS
330
C
102
}
330
C
100
AcDbDictionary
281
     1
  3
AcmStdDictionary
350
665
  3
AMDTSECTSYM_ARROWCOLOR
350
869
  0
DICTIONARY
  5
4C
102
{ACAD_REACTORS
330
C
102
}
330
C
100
AcDbDictionary
281
     1
  0
DICTIONARY
  5
71
102
{ACAD_REACTORS
330
C
102
}
330
C
100
AcDbDictionary
281
     1
  0
DICTIONARY
  5
86CB
102
{ACAD_REACTORS
330
115C
102
}
330
115C
100
AcDbDictionary
281
     1
  0
DICTIONARY
  5
1231
102
{ACAD_REACTORS
330
115C
102
}
330
115C
100
AcDbDictionary
281
     1
  0
DICTIONARY
  5
86CA
102
{ACAD_REACTORS
330
115C
102
}
330
115C
100
AcDbDictionary
281
     1
1001
ACAD
1000
<All
  0
DICTIONARY
  5
664D
102
{ACAD_REACTORS
330
115C
102
}
330
115C
100
AcDbDictionary
280
     1
281
     1
  0
XRECORD
  5
82B0
102
{ACAD_REACTORS
330
82AF
102
}
330
82AF
100
AcDbXrecord
280
     1
290
     1
  0
SORTENTSTABLE
  5
2245
102
{ACAD_REACTORS
330
1BF
102
}
330
1BF
100
AcDbSortentsTable
330
1F
331
4C2F
  5
4C3F
331
4C2B
  5
4C3B
331
4376
  5
437F
331
559D
  5
55A1
331
43E4
  5
43ED
331
4C27
  5
4C37
331
4BA7
  5
4BB7
331
62D4
  5
62D6
331
6556
  5
6556
331
4372
  5
437B
331
5599
  5
559D
331
4C23
  5
4C33
331
43AD
  5
43B6
331
6294
  5
6294
331
43DC
  5
43E5
331
4BA3
  5
4BB3
331
62D0
  5
62D2
331
436E
  5
4377
331
436A
  5
4373
331
43A9
  5
43B2
331
43D8
  5
43E1
331
6D1D
  5
6D1D
331
62CC
  5
62CE
331
630B
  5
630D
331
62C8
  5
62CA
331
4BB5
  5
4BC5
331
8458
  5
8458
331
7E24
  5
7E24
331
4BB1
  5
4BC1
331
7EB7
  5
7EB7
331
6E6E
  5
6E6E
331
4BAD
  5
4BBD
331
7E20
  5
7E20
331
7EB3
  5
7EB3
331
7E6F
  5
7E6F
331
4BEC
  5
4BFC
331
4BE8
  5
4BF9
331
6E6A
  5
6E6A
331
4BA9
  5
4BB9
331
841E
  5
8423
331
7EAF
  5
7EAF
331
7E6B
  5
7E6B
331
4C1F
  5
4C2F
331
4C1B
  5
4C2B
331
4413
  5
4423
331
54FD
  5
5530
331
4366
  5
436F
331
43A5
  5
43AE
331
628C
  5
628C
331
43D4
  5
43DD
331
4C17
  5
4C27
331
43D0
  5
43D9
331
440F
  5
441F
331
4362
  5
436B
331
43A1
  5
43AA
331
6D15
  5
6D15
331
62C4
  5
62C6
331
6288
  5
6288
331
4C13
  5
4C23
331
439D
  5
43A6
331
6284
  5
6284
331
43CC
  5
43D5
331
440B
  5
441B
331
62C0
  5
62C2
331
62FF
  5
6301
331
435E
  5
4367
331
6D11
  5
6D11
331
4E09
  5
508A
331
435A
  5
4363
331
4399
  5
43A2
331
6280
  5
6280
331
43C8
  5
43D1
331
62BC
  5
62BE
331
62FB
  5
62FD
331
6332
  5
6334
331
6D09
  5
6D09
331
62B8
  5
62BA
331
8454
  5
8454
331
8450
  5
8450
331
844C
  5
844C
331
4BE4
  5
4BF5
331
8448
  5
8448
331
7E67
  5
7E67
331
6E66
  5
6E66
331
6F0D
  5
6F0D
331
7E63
  5
7E63
331
4BE0
  5
4BF1
331
7EA7
  5
7EA7
331
7EEE
  5
7EEE
331
6E9D
  5
6E9D
331
7E08
  5
7E08
331
7E57
  5
7E57
331
7EA3
  5
7EA3
331
7EEA
  5
7EEA
331
7EE6
  5
7EE6
331
6E99
  5
6E99
331
7E9F
  5
7E9F
331
7E9B
  5
7E9B
331
7EE2
  5
7EE2
331
7E00
  5
7E00
331
4C4E
  5
4C6A
331
4C0F
  5
4C1F
331
4407
  5
4413
331
4C4A
  5
4C60
331
4403
  5
440F
331
4356
  5
435F
331
4395
  5
439E
331
627C
  5
627C
331
43C4
  5
43CD
331
4C0B
  5
4C1B
331
4C07
  5
4C17
331
43C0
  5
43C9
331
43FF
  5
440B
331
4C46
  5
4C56
331
62F3
  5
62F5
331
4352
  5
435B
331
4391
  5
439A
331
632E
  5
6330
331
6D05
  5
6D05
331
62B4
  5
62B6
331
6278
  5
6278
331
4C03
  5
4C13
331
438D
  5
4396
331
6274
  5
6274
331
43BC
  5
43C5
331
43FB
  5
4407
331
62B0
  5
62B2
331
434E
  5
4357
331
632A
  5
632C
331
6D01
  5
6D01
331
4DF1
  5
4E07
331
4389
  5
4392
331
6270
  5
6270
331
43B8
  5
43C1
331
6CFD
  5
6CFD
331
62AC
  5
62AE
331
62EB
  5
62ED
331
6326
  5
6328
331
434A
  5
4353
331
6322
  5
6324
331
62A8
  5
62AA
331
842C
  5
8431
331
4BD4
  5
4BE4
331
8428
  5
842D
331
4BD0
  5
4BE0
331
7DFC
  5
7DFC
331
7E43
  5
7E43
331
7E97
  5
7E97
331
7EDE
  5
7EDE
331
6E91
  5
6E91
331
6E8D
  5
6E8D
331
4BCC
  5
4BDC
331
7E3F
  5
7E3F
331
7E93
  5
7E93
331
7EDA
  5
7EDA
331
6D36
  5
6D36
331
6D32
  5
6D32
331
6E89
  5
6E89
331
7ED6
  5
7ED6
331
7E3B
  5
7E3B
331
4BC8
  5
4BD8
331
7ED2
  5
7ED2
331
7DF0
  5
7DF0
331
4BFF
  5
4C0F
331
43F7
  5
4400
331
4C3E
  5
4C4E
331
43F3
  5
43FC
331
4385
  5
438E
331
626C
  5
626C
331
43B4
  5
43BD
331
62E7
  5
62E9
331
4BFB
  5
4C0B
331
43B0
  5
43B9
331
4BF7
  5
4C07
331
4C36
  5
4C46
331
62E3
  5
62E5
331
631E
  5
6320
331
6CF5
  5
6CF5
331
62A4
  5
62A6
331
6268
  5
6268
331
6264
  5
6264
331
4BF3
  5
4C03
331
4C32
  5
4C42
331
4C6D
  5
4C7D
331
62A0
  5
62A2
331
62DF
  5
62E1
331
631A
  5
631C
331
437D
  5
4386
331
4C69
  5
4C7A
331
4379
  5
4382
331
6260
  5
6260
331
629C
  5
629E
331
62DB
  5
62DD
331
6316
  5
6318
331
6559
  5
6559
331
6298
  5
6299
331
6312
  5
6314
331
8424
  5
8429
331
8420
  5
8425
331
4BC4
  5
4BD4
331
6E85
  5
6E85
331
4BC0
  5
4BD0
331
7E87
  5
7E87
331
7E33
  5
7E33
331
6D2A
  5
6D2A
331
6E81
  5
6E81
331
6E7D
  5
6E7D
331
7DE8
  5
7DE8
331
7E2F
  5
7E2F
331
7E83
  5
7E83
331
7EC2
  5
7EC2
331
6D26
  5
6D26
331
6D22
  5
6D22
331
7EBE
  5
7EBE
331
7E2B
  5
7E2B
331
4BB8
  5
4BC8
331
7EBA
  5
7EBA
331
7DE0
  5
7DE0
331
43E7
  5
43F0
331
4C2E
  5
4C3E
331
43E3
  5
43EC
331
4C2A
  5
4C3A
331
4375
  5
437E
331
559C
  5
55A0
331
62D7
  5
62D9
331
4C26
  5
4C36
331
6297
  5
6298
331
43DF
  5
43E8
331
4BA6
  5
4BB6
331
62D3
  5
62D5
331
6555
  5
6555
331
4371
  5
437A
331
5598
  5
559C
331
4C22
  5
4C32
331
5504
  5
556D
331
43AC
  5
43B5
331
6293
  5
6293
331
43DB
  5
43E4
331
4BA2
  5
4BB2
331
62CF
  5
62D1
331
630E
  5
6310
331
436D
  5
4376
331
4C61
  5
4C78
331
4369
  5
4372
331
43A8
  5
43B1
331
6D1C
  5
6D1C
331
62CB
  5
62CD
331
6D18
  5
6D18
331
7E27
  5
7E27
331
4BB0
  5
4BC0
331
4BEF
  5
4BFF
331
7E23
  5
7E23
331
7EB6
  5
7EB6
331
6E71
  5
6E71
331
7DDC
  5
7DDC
331
4BAC
  5
4BBC
331
7E1F
  5
7E1F
331
7EB2
  5
7EB2
331
7E6E
  5
7E6E
331
4BEB
  5
4BFB
331
7E6A
  5
7E6A
331
7EAE
  5
7EAE
331
841D
  5
8422
331
6E69
  5
6E69
331
4BA8
  5
4BB8
331
7EAA
  5
7EAA
331
628F
  5
628F
331
43D7
  5
43E0
331
4C1E
  5
4C2E
331
4C1A
  5
4C2A
331
4412
  5
4422
331
4C59
  5
4C76
331
54FC
  5
552F
331
6306
  5
6308
331
4365
  5
436E
331
43A4
  5
43AD
331
62C7
  5
62C9
331
628B
  5
628B
331
43D3
  5
43DC
331
4C16
  5
4C26
331
6287
  5
6287
331
43CF
  5
43D8
331
440E
  5
441E
331
4C55
  5
4C72
331
62C3
  5
62C5
331
6302
  5
6304
331
4361
  5
436A
331
6D14
  5
6D14
331
43A0
  5
43A9
331
4C12
  5
4C22
331
439C
  5
43A5
331
6283
  5
6283
331
43CB
  5
43D4
331
440A
  5
441A
331
62BF
  5
62C1
331
435D
  5
4366
331
6D10
  5
6D10
331
4E08
  5
5089
331
4359
  5
4362
331
4398
  5
43A1
331
62BB
  5
62BD
331
6335
  5
6340
331
6331
  5
6333
331
6D08
  5
6D08
331
8457
  5
8457
331
8453
  5
8453
331
844F
  5
844F
331
4BE7
  5
4BF8
331
844B
  5
844B
331
4BE3
  5
4BF4
331
7E66
  5
7E66
331
6F0C
  5
6F0C
331
4BDF
  5
4BF0
331
7E62
  5
7E62
331
7EED
  5
7EED
331
6E61
  5
6E61
331
6E5D
  5
6E5D
331
6E9C
  5
6E9C
331
7E07
  5
7E07
331
7EA2
  5
7EA2
331
6E98
  5
6E98
331
7EE5
  5
7EE5
331
7E03
  5
7E03
331
7E9E
  5
7E9E
331
7EE1
  5
7EE1
331
4C0E
  5
4C1E
331
627F
  5
627F
331
43C7
  5
43D0
331
4406
  5
4412
331
4C0A
  5
4C1A
331
4402
  5
440E
331
4C49
  5
4C59
331
62F6
  5
62F8
331
4355
  5
435E
331
4394
  5
439D
331
62B7
  5
62B9
331
627B
  5
627B
331
43C3
  5
43CC
331
43BF
  5
43C8
331
4C06
  5
4C16
331
4C45
  5
4C55
331
62F2
  5
62F4
331
4351
  5
435A
331
4390
  5
4399
331
632D
  5
632F
331
6D04
  5
6D04
331
62B3
  5
62B5
331
6277
  5
6277
331
4C02
  5
4C12
331
438C
  5
4395
331
6273
  5
6273
331
43BB
  5
43C4
331
43FA
  5
4405
331
62AF
  5
62B1
331
62EE
  5
62F0
331
434D
  5
4356
331
6329
  5
632B
331
6D00
  5
6D00
331
4DF0
  5
4E06
331
4349
  5
4352
331
4388
  5
4391
331
62AB
  5
62AD
331
62EA
  5
62EC
331
6325
  5
6327
331
6321
  5
6323
331
8447
  5
8447
331
4BD7
  5
4BE7
331
842B
  5
8430
331
4BD3
  5
4BE3
331
7DFF
  5
7DFF
331
6E90
  5
6E90
331
4BCF
  5
4BDF
331
7DFB
  5
7DFB
331
7E42
  5
7E42
331
7E96
  5
7E96
331
7EDD
  5
7EDD
331
6D39
  5
6D39
331
6E8C
  5
6E8C
331
4BCB
  5
4BDB
331
7E3E
  5
7E3E
331
7E92
  5
7E92
331
7ED9
  5
7ED9
331
6D35
  5
6D35
331
6D31
  5
6D31
331
6E88
  5
6E88
331
7ED5
  5
7ED5
331
7DF3
  5
7DF3
331
7E8E
  5
7E8E
331
7E3A
  5
7E3A
331
7E8A
  5
7E8A
331
7ED1
  5
7ED1
331
4C3D
  5
4C4D
331
4BFE
  5
4C0E
331
626F
  5
626F
331
43B7
  5
43C0
331
43F6
  5
43FF
331
43F2
  5
43FB
331
4384
  5
438D
331
626B
  5
626B
331
43B3
  5
43BC
331
62A7
  5
62A9
331
62E6
  5
62E8
331
4BFA
  5
4C0A
331
4BF6
  5
4C06
331
43EE
  5
43F7
331
4C35
  5
4C45
331
62E2
  5
62E4
331
4380
  5
4389
331
631D
  5
631F
331
62A3
  5
62A5
331
6267
  5
6267
331
6263
  5
6263
331
4BF2
  5
4C02
331
4C31
  5
4C41
331
437C
  5
4385
331
629F
  5
62A1
331
62DE
  5
62E0
331
6319
  5
631B
331
4C6C
  5
4C7C
331
4C68
  5
4C79
331
4378
  5
4381
331
655C
  5
655C
331
629B
  5
629D
331
62DA
  5
62DC
331
6315
  5
6317
331
6311
  5
6313
331
6558
  5
6558
331
8427
  5
842C
331
8423
  5
8428
331
4BC7
  5
4BD7
331
4BC3
  5
4BD3
331
6D2D
  5
6D2D
331
6E84
  5
6E84
331
7DEF
  5
7DEF
331
4BBF
  5
4BCF
331
7DEB
  5
7DEB
331
7E32
  5
7E32
331
6E80
  5
6E80
331
6E7C
  5
6E7C
331
4BBB
  5
4BCB
331
7E2E
  5
7E2E
331
7E82
  5
7E82
331
7EC1
  5
7EC1
331
6D25
  5
6D25
331
6D21
  5
6D21
331
7EBD
  5
7EBD
331
7E2A
  5
7E2A
331
7E72
  5
7E72
331
7EB9
  5
7EB9
331
4C2D
  5
4C3D
331
4C29
  5
4C39
331
4374
  5
437D
331
559B
  5
559F
331
62D6
  5
62D8
331
4C25
  5
4C35
331
43AF
  5
43B8
331
6296
  5
6296
331
43DE
  5
43E7
331
4BA5
  5
4BB5
331
62D2
  5
62D4
331
6554
  5
6554
331
4370
  5
4379
331
4C21
  5
4C31
331
43AB
  5
43B4
331
43DA
  5
43E3
331
4BA1
  5
4BB1
331
6D1F
  5
6D1F
331
62CE
  5
62D0
331
630D
  5
630F
331
436C
  5
4375
331
4C60
  5
4C77
331
4368
  5
4371
331
6D1B
  5
6D1B
331
62CA
  5
62CC
331
6340
  5
629B
331
4BB7
  5
4BC7
331
4BB3
  5
4BC3
331
7E26
  5
7E26
331
6E74
  5
6E74
331
7DDF
  5
7DDF
331
4BAF
  5
4BBF
331
4BEE
  5
4BFE
331
7E22
  5
7E22
331
7EB5
  5
7EB5
331
6E70
  5
6E70
331
6E6C
  5
6E6C
331
7DDB
  5
7DDB
331
4BAB
  5
4BBB
331
7E1E
  5
7E1E
331
7EB1
  5
7EB1
331
7E6D
  5
7E6D
331
4BEA
  5
4BFA
331
7EAD
  5
7EAD
331
7EA9
  5
7EA9
331
43A7
  5
43B0
331
43D6
  5
43DF
331
4C1D
  5
4C2D
331
4C19
  5
4C29
331
43D2
  5
43DB
331
4411
  5
4421
331
4C58
  5
4C75
331
54FB
  5
5507
331
6305
  5
6307
331
4364
  5
436D
331
43A3
  5
43AC
331
6D17
  5
6D17
331
62C6
  5
62C8
331
628A
  5
628A
331
4C15
  5
4C25
331
6286
  5
6286
331
43CE
  5
43D7
331
440D
  5
441D
331
4C54
  5
4C71
331
62C2
  5
62C4
331
6301
  5
6303
331
4360
  5
4369
331
6D13
  5
6D13
331
439F
  5
43A8
331
4C11
  5
4C21
331
4E0B
  5
508C
331
439B
  5
43A4
331
6282
  5
6282
331
43CA
  5
43D3
331
4409
  5
4419
331
6D0F
  5
6D0F
331
62BE
  5
62C0
331
62FD
  5
62FF
331
435C
  5
4365
331
4C50
  5
4C6D
331
4358
  5
4361
331
6D0B
  5
6D0B
331
62BA
  5
62BC
331
6334
  5
633F
331
6330
  5
6332
331
8456
  5
8456
331
8452
  5
8452
331
844E
  5
844E
331
4BE6
  5
4BF7
331
844A
  5
844A
331
6F0F
  5
6F0F
331
4BE2
  5
4BF3
331
7E65
  5
7E65
331
6F0B
  5
6F0B
331
6E9F
  5
6E9F
331
4BDE
  5
4BEF
331
7E61
  5
7E61
331
7EA5
  5
7EA5
331
7EEC
  5
7EEC
331
6E60
  5
6E60
331
6E5C
  5
6E5C
331
6E9B
  5
6E9B
331
7E06
  5
7E06
331
7EA1
  5
7EA1
331
7E9D
  5
7E9D
331
7EE4
  5
7EE4
331
7E02
  5
7E02
331
7EE0
  5
7EE0
331
4C4C
  5
4C68
331
4405
  5
4411
331
4E07
  5
5088
331
4397
  5
43A0
331
627E
  5
627E
331
43C6
  5
43CF
331
4C0D
  5
4C1D
331
4C09
  5
4C19
331
4401
  5
440D
331
4354
  5
435D
331
4393
  5
439C
331
62B6
  5
62B8
331
627A
  5
627A
331
43C2
  5
43CB
331
6276
  5
6276
331
43BE
  5
43C7
331
4C05
  5
4C15
331
62B2
  5
62B4
331
4350
  5
4359
331
632C
  5
632E
331
6D03
  5
6D03
331
438F
  5
4398
331
43BA
  5
43C3
331
4C01
  5
4C11
331
4C40
  5
4C50
331
438B
  5
4394
331
62AE
  5
62B0
331
62ED
  5
62EF
331
6328
  5
632A
331
434C
  5
4355
331
4DF3
  5
4E09
331
4348
  5
4351
331
6CFB
  5
6CFB
331
62AA
  5
62AC
331
62E9
  5
62EB
331
6324
  5
6326
331
6320
  5
6322
331
8446
  5
8446
331
842E
  5
8433
331
4BD6
  5
4BE6
331
842A
  5
842F
331
6E97
  5
6E97
331
4BD2
  5
4BE2
331
6E93
  5
6E93
331
4BCE
  5
4BDE
331
7DFA
  5
7DFA
331
7E41
  5
7E41
331
7E95
  5
7E95
331
7EDC
  5
7EDC
331
6D38
  5
6D38
331
6D34
  5
6D34
331
6E8B
  5
6E8B
331
7ED8
  5
7ED8
331
7E91
  5
7E91
331
7E3D
  5
7E3D
331
4BCA
  5
4BDA
331
6D30
  5
6D30
331
7ED4
  5
7ED4
331
7E8D
  5
7E8D
331
7E39
  5
7E39
331
4C3C
  5
4C4C
331
4BFD
  5
4C0D
331
4DEF
  5
4E05
331
4387
  5
4390
331
626E
  5
626E
331
43B6
  5
43BF
331
43F5
  5
43FE
331
4BF9
  5
4C09
331
43F1
  5
43FA
331
4C38
  5
4C48
331
62E5
  5
62E7
331
6CF7
  5
6CF7
331
62A6
  5
62A8
331
43B2
  5
43BB
331
4BF5
  5
4C05
331
43ED
  5
43F6
331
4C34
  5
4C44
331
62E1
  5
62E3
331
6266
  5
6266
331
631C
  5
631E
331
62A2
  5
62A4
331
437B
  5
4384
331
6262
  5
6262
331
4BF1
  5
4C01
331
629E
  5
62A0
331
62DD
  5
62DF
331
6318
  5
631A
331
4C30
  5
4C40
331
655B
  5
655B
331
629A
  5
629C
331
62D9
  5
62DB
331
6314
  5
6316
331
8426
  5
842B
331
8422
  5
8427
331
4BC6
  5
4BD6
331
6E87
  5
6E87
331
4BC2
  5
4BD2
331
6D2C
  5
6D2C
331
6E83
  5
6E83
331
7DEE
  5
7DEE
331
4BBE
  5
4BCE
331
7DEA
  5
7DEA
331
7E31
  5
7E31
331
6D28
  5
6D28
331
6E7B
  5
6E7B
331
4BBA
  5
4BCA
331
7DE6
  5
7DE6
331
7E2D
  5
7E2D
331
7EC0
  5
7EC0
331
6D24
  5
6D24
331
6D20
  5
6D20
331
7EBC
  5
7EBC
331
7DE2
  5
7DE2
331
7E29
  5
7E29
331
7E71
  5
7E71
331
7EB8
  5
7EB8
331
4C2C
  5
4C3C
331
4377
  5
4380
331
43E5
  5
43EE
331
4C28
  5
4C38
331
4373
  5
437C
331
559A
  5
559E
331
6557
  5
6557
331
62D5
  5
62D7
331
4C24
  5
4C34
331
6295
  5
6295
331
43DD
  5
43E6
331
4BA4
  5
4BB4
331
43AE
  5
43B7
331
62D1
  5
62D3
331
6553
  5
6553
331
436F
  5
4378
331
5506
  5
4406
331
4C20
  5
4C30
331
436B
  5
4374
331
43AA
  5
43B3
331
43D9
  5
43E2
331
6D1E
  5
6D1E
331
62CD
  5
62CF
331
630C
  5
630E
331
4BA0
  5
4BB0
331
6D1A
  5
6D1A
331
62C9
  5
62CB
331
4BB6
  5
4BC6
331
7E25
  5
7E25
331
4BB2
  5
4BC2
331
4BAE
  5
4BBE
331
4BED
  5
4BFD
331
7E21
  5
7E21
331
7EB4
  5
7EB4
331
6E6F
  5
6E6F
331
6E6B
  5
6E6B
331
7DDA
  5
7DDA
331
4BAA
  5
4BBA
331
841F
  5
8424
331
7EB0
  5
7EB0
331
7E6C
  5
7E6C
331
7E68
  5
7E68
331
7EA8
  5
7EA8
331
4414
  5
4424
331
54FE
  5
5531
331
4367
  5
4370
331
43A6
  5
43AF
331
628D
  5
628D
331
43D5
  5
43DE
331
4C1C
  5
4C2C
331
4C18
  5
4C28
331
43D1
  5
43DA
331
4410
  5
4420
331
6304
  5
6306
331
43A2
  5
43AB
331
633F
  5
6297
331
6D16
  5
6D16
331
62C5
  5
62C7
331
6289
  5
6289
331
4C14
  5
4C24
331
439E
  5
43A7
331
6285
  5
6285
331
43CD
  5
43D6
331
440C
  5
441C
331
62C1
  5
62C3
331
6300
  5
6302
331
435F
  5
4368
331
4C53
  5
4C70
331
6D12
  5
6D12
331
4C10
  5
4C20
331
4E0A
  5
508B
331
439A
  5
43A3
331
6281
  5
6281
331
43C9
  5
43D2
331
6D0E
  5
6D0E
331
62BD
  5
62BF
331
62FC
  5
62FE
331
4408
  5
4414
331
6333
  5
6335
331
6D0A
  5
6D0A
331
62B9
  5
62BB
331
8455
  5
8455
331
8451
  5
8451
331
844D
  5
844D
331
4BE5
  5
4BF6
331
8449
  5
8449
331
6E67
  5
6E67
331
6F0E
  5
6F0E
331
4BE1
  5
4BF2
331
7E64
  5
7E64
331
7EEF
  5
7EEF
331
6E63
  5
6E63
331
6F0A
  5
6F0A
331
6E9E
  5
6E9E
331
4BDD
  5
4BEE
331
7EA4
  5
7EA4
331
7EEB
  5
7EEB
331
6E5B
  5
6E5B
331
6E9A
  5
6E9A
331
7E05
  5
7E05
331
4BD9
  5
4BEA
331
7E9C
  5
7E9C
331
7EE3
  5
7EE3
331
7E01
  5
7E01
331
7E98
  5
7E98
331
4C4F
  5
4C6C
331
4C4B
  5
4C61
331
4404
  5
4410
331
4E06
  5
5087
331
4357
  5
4360
331
4396
  5
439F
331
627D
  5
627D
331
43C5
  5
43CE
331
4C0C
  5
4C1C
331
4C08
  5
4C18
331
43C1
  5
43CA
331
4400
  5
440C
331
4C47
  5
4C57
331
62F4
  5
62F6
331
4353
  5
435C
331
4392
  5
439B
331
632F
  5
6331
331
6D06
  5
6D06
331
62B5
  5
62B7
331
6279
  5
6279
331
4C04
  5
4C14
331
6275
  5
6275
331
43BD
  5
43C6
331
43FC
  5
4408
331
62B1
  5
62B3
331
632B
  5
632D
331
434F
  5
4358
331
438E
  5
4397
331
4DF2
  5
4E08
331
438A
  5
4393
331
6271
  5
6271
331
43B9
  5
43C2
331
4C00
  5
4C10
331
62AD
  5
62AF
331
62EC
  5
62EE
331
6327
  5
6329
331
434B
  5
4354
331
6CFA
  5
6CFA
331
62A9
  5
62AB
331
62E8
  5
62EA
331
6323
  5
6325
331
842D
  5
8432
331
4BD5
  5
4BE5
331
8429
  5
842E
331
6E96
  5
6E96
331
4BD1
  5
4BE1
331
7DFD
  5
7DFD
331
7E44
  5
7E44
331
7EDF
  5
7EDF
331
6E92
  5
6E92
331
6E8E
  5
6E8E
331
4BCD
  5
4BDD
331
7E40
  5
7E40
331
7EDB
  5
7EDB
331
6D37
  5
6D37
331
6D33
  5
6D33
331
6E8A
  5
6E8A
331
7ED7
  5
7ED7
331
7E90
  5
7E90
331
7E3C
  5
7E3C
331
4BC9
  5
4BD9
331
7ED3
  5
7ED3
331
7E88
  5
7E88
331
4DEE
  5
4E04
331
4347
  5
4350
331
4386
  5
438F
331
626D
  5
626D
331
43B5
  5
43BE
331
4BFC
  5
4C0C
331
4BF8
  5
4C08
331
43F0
  5
43F9
331
4C37
  5
4C47
331
62E4
  5
62E6
331
631F
  5
6321
331
6CF6
  5
6CF6
331
62A5
  5
62A7
331
6269
  5
6269
331
43B1
  5
43BA
331
4BF4
  5
4C04
331
6265
  5
6265
331
43EC
  5
43F5
331
4C33
  5
4C43
331
62A1
  5
62A3
331
62E0
  5
62E2
331
631B
  5
631D
331
437E
  5
4387
331
6261
  5
6261
331
4BF0
  5
4C00
331
437A
  5
4383
331
629D
  5
629F
331
62DC
  5
62DE
331
6317
  5
6319
331
4C6A
  5
4C7B
331
655A
  5
655A
331
6299
  5
629A
331
62D8
  5
62DA
331
6313
  5
6315
331
8425
  5
842A
331
8421
  5
8426
331
4BC5
  5
4BD5
331
6E86
  5
6E86
331
4BC1
  5
4BD1
331
7E34
  5
7E34
331
6D2B
  5
6D2B
331
6E82
  5
6E82
331
7DED
  5
7DED
331
6E7E
  5
6E7E
331
4BBD
  5
4BCD
331
7DE9
  5
7DE9
331
7E30
  5
7E30
331
7E84
  5
7E84
331
7EC3
  5
7EC3
331
6D27
  5
6D27
331
6D23
  5
6D23
331
7EBF
  5
7EBF
331
7DE5
  5
7DE5
331
7E2C
  5
7E2C
331
4BB9
  5
4BC9
331
7EBB
  5
7EBB
331
7E74
  5
7E74
331
7E28
  5
7E28
331
7E70
  5
7E70
  0
ACDBDETAILVIEWSTYLE
  5
894E
102
{ACAD_XDICTIONARY
360
898A
102
}
102
{ACAD_REACTORS
330
894D
102
}
330
894D
100
AcDbModelDocViewStyle
 70
     0
  3
Metric50
290
     0
100
AcDbDetailViewStyle
 70
     0
 71
     0
 90
        3
 71
     1
340
11
 62
   256
 40
5.0
340
0
 62
   256
 40
5.0
300

 40
0.0
280
     1
 71
     2
340
16
 90
       25
 62
   256
 71
     3
340
11
 62
   256
 40
5.0
 90
        0
 40
15.0
 90
        1
300
%<\AcVar ViewDetailId>% (%<\AcVar ViewScale \f "%sn">%)
 71
     4
340
16
 90
       25
 62
   256
340
16
 90
       25
 62
   256
280
     0
  0
LAYOUT
  5
1E
102
{ACAD_REACTORS
330
1A
102
}
330
1A
100
AcDbPlotSettings
  1

  2
Minolta PagePro 8L
  4

  6

 40
0.0
 41
0.0
 42
0.0
 43
0.0
 44
0.0
 45
0.0
 46
0.0
 47
0.0
 48
0.0
 49
0.0
140
0.0
141
0.0
142
1.0
143
1.0
 70
   688
 72
     0
 73
     0
 74
     5
  7
Halfen Plotstil.ctb
 75
    16
147
1.0
 76
     0
 77
     2
 78
   300
148
0.0
149
0.0
100
AcDbLayout
  1
Layout1
 70
     1
 71
     1
 10
0.0
 20
0.0
 11
420.0
 21
297.0
 12
0.0
 22
0.0
 32
0.0
 14
1.000000000000000E+20
 24
1.000000000000000E+20
 34
1.000000000000000E+20
 15
-1.000000000000000E+20
 25
-1.000000000000000E+20
 35
-1.000000000000000E+20
146
0.0
 13
0.0
 23
0.0
 33
0.0
 16
1.0
 26
0.0
 36
0.0
 17
0.0
 27
1.0
 37
0.0
 76
     0
330
1B
  0
LAYOUT
  5
26
102
{ACAD_REACTORS
330
1A
102
}
330
1A
100
AcDbPlotSettings
  1

  2
Minolta PagePro 8L
  4

  6

 40
0.0
 41
0.0
 42
0.0
 43
0.0
 44
0.0
 45
0.0
 46
0.0
 47
0.0
 48
0.0
 49
0.0
140
0.0
141
0.0
142
1.0
143
1.0
 70
   688
 72
     0
 73
     0
 74
     5
  7
Halfen Plotstil.ctb
 75
    16
147
1.0
 76
     0
 77
     2
 78
   300
148
0.0
149
0.0
100
AcDbLayout
  1
Layout2
 70
     1
 71
     2
 10
0.0
 20
0.0
 11
12.0
 21
9.0
 12
0.0
 22
0.0
 32
0.0
 14
0.0
 24
0.0
 34
0.0
 15
0.0
 25
0.0
 35
0.0
146
0.0
 13
0.0
 23
0.0
 33
0.0
 16
1.0
 26
0.0
 36
0.0
 17
0.0
 27
1.0
 37
0.0
 76
     0
330
23
  0
LAYOUT
  5
22
102
{ACAD_REACTORS
330
1A
102
}
330
1A
100
AcDbPlotSettings
  1

  2
Minolta PagePro 8L
  4
A4
  6

 40
5.873749732971191
 41
3.174999952316283
 42
5.873748779296875
 43
3.17498779296875
 44
209.9733276367186
 45
297.0106506347656
 46
0.0
 47
0.0
 48
0.0
 49
0.0
140
0.0
141
0.0
142
1.0
143
4.917982904426159
 70
 11952
 72
     1
 73
     1
 74
     0
  7
Halfen Plotstil.ctb
 75
     0
147
0.2033353957168101
 76
     0
 77
     2
 78
   300
148
596.0234477574414
149
350.6876687301243
100
AcDbLayout
  1
Model
 70
     1
 71
     0
 10
0.0
 20
0.0
 11
12.0
 21
9.0
 12
0.0
 22
0.0
 32
0.0
 14
0.0
 24
0.0
 34
0.0
 15
0.0
 25
0.0
 35
0.0
146
0.0
 13
0.0
 23
0.0
 33
0.0
 16
1.0
 26
0.0
 36
0.0
 17
0.0
 27
1.0
 37
0.0
 76
     0
330
1F
331
8260
  0
MATERIAL
  5
81E7
102
{ACAD_REACTORS
330
80F
102
}
330
80F
100
AcDbMaterial
  1
ByBlock
 73
     1
 78
     1
172
     1
176
     1
270
     1
274
     1
 94
       63
  0
MATERIAL
  5
81E6
102
{ACAD_REACTORS
330
80F
102
}
330
80F
100
AcDbMaterial
  1
ByLayer
 73
     1
 78
     1
172
     1
176
     1
270
     1
274
     1
 94
       63
  0
MATERIAL
  5
81E8
102
{ACAD_REACTORS
330
80F
102
}
330
80F
100
AcDbMaterial
  1
Global
 73
     1
 78
     1
172
     1
176
     1
270
     1
274
     1
 94
       63
  0
MLEADERSTYLE
  5
8285
102
{ACAD_REACTORS
330
8284
102
}
330
8284
100
AcDbMLeaderStyle
179
     2
170
     2
171
     1
172
     0
 90
        2
 40
0.0
 41
0.0
173
     1
 91
-1056964608
340
14
 92
       -2
290
     1
 42
2.0
291
     1
 43
0.36
  3
Standard
 44
4.0
300

342
11
174
     1
178
     6
175
     1
176
     0
 93
-1056964608
 45
4.0
292
     0
297
     0
 46
4.0
 94
-1056964608
 47
1.0
 49
1.0
140
1.0
293
     1
141
0.0
294
     1
177
     0
142
1.0
295
     0
296
     0
143
0.125
271
     0
272
     9
273
     9
298
     0
  0
MLINESTYLE
  5
18
102
{ACAD_REACTORS
330
17
102
}
330
17
100
AcDbMlineStyle
  2
STANDARD
 70
     0
  3

 62
   256
 51
90.0
 52
90.0
 71
     2
 49
0.5
 62
   256
  6
BYLAYER
 49
-0.5
 62
   256
  6
BYLAYER
  0
PLOTSETTINGS
  5
974
102
{ACAD_REACTORS
330
19
102
}
330
19
100
AcDbPlotSettings
  1
A4_hoch
  2
Minolta PagePro 8L
  4
A4
  6

 40
7.143749713897705
 41
7.143756389617919
 42
7.05908203125
 43
7.14373779296875
 44
209.9733276367186
 45
296.9259948730469
 46
-10.0
 47
-8.0
 48
288.6923467168382
 49
155.4429596380265
140
379.2607810083091
141
258.7208858951657
142
1.0
143
1.0
 70
 11936
 72
     1
 73
     0
 74
     4
  7
Halfen Plotstil.ctb
 75
     0
147
3.144145813260183
 76
     0
 77
     2
 78
   300
148
-288.6923467168382
149
-155.4429596380265
1001
ACAD_PSEXT
1000
Minolta PagePro 8L
1000
HP LaserJet IIP
1000
LPT1:
1000

1070
     0
  0
PLOTSETTINGS
  5
976
102
{ACAD_REACTORS
330
19
102
}
330
19
100
AcDbPlotSettings
  1
A4_quer
  2
Minolta PagePro 8L
  4
A4
  6

 40
7.143749713897705
 41
7.143756389617919
 42
7.05908203125
 43
7.14373779296875
 44
209.9733276367186
 45
296.9259948730469
 46
-5.0
 47
-6.0
 48
194.8561551581094
 49
93.95414985728359
140
597.5431966113442
141
299.7604267345806
142
1.0
143
1.0
 70
 11936
 72
     1
 73
     1
 74
     4
  7
Halfen Plotstil.ctb
 75
     0
147
3.144145813260183
 76
     0
 77
     2
 78
   300
148
-194.8561551581094
149
-93.95414985728359
1001
ACAD_PSEXT
1000
Minolta PagePro 8L
1000
HP LaserJet IIP
1000
LPT1:
1000

1070
     0
  0
ACDBPLACEHOLDER
  5
F
102
{ACAD_REACTORS
330
E
102
}
330
E
  0
SCALE
  5
8263
102
{ACAD_REACTORS
330
8262
102
}
330
8262
100
AcDbScale
 70
     0
300
1:1
140
1.0
141
1.0
290
     1
  0
SCALE
  5
8264
102
{ACAD_REACTORS
330
8262
102
}
330
8262
100
AcDbScale
 70
     0
300
1:2
140
1.0
141
2.0
290
     0
  0
SCALE
  5
8265
102
{ACAD_REACTORS
330
8262
102
}
330
8262
100
AcDbScale
 70
     0
300
1:4
140
1.0
141
4.0
290
     0
  0
SCALE
  5
8266
102
{ACAD_REACTORS
330
8262
102
}
330
8262
100
AcDbScale
 70
     0
300
1:5
140
1.0
141
5.0
290
     0
  0
SCALE
  5
8267
102
{ACAD_REACTORS
330
8262
102
}
330
8262
100
AcDbScale
 70
     0
300
1:8
140
1.0
141
8.0
290
     0
  0
SCALE
  5
8268
102
{ACAD_REACTORS
330
8262
102
}
330
8262
100
AcDbScale
 70
     0
300
1:10
140
1.0
141
10.0
290
     0
  0
SCALE
  5
8269
102
{ACAD_REACTORS
330
8262
102
}
330
8262
100
AcDbScale
 70
     0
300
1:16
140
1.0
141
16.0
290
     0
  0
SCALE
  5
826A
102
{ACAD_REACTORS
330
8262
102
}
330
8262
100
AcDbScale
 70
     0
300
1:20
140
1.0
141
20.0
290
     0
  0
SCALE
  5
826B
102
{ACAD_REACTORS
330
8262
102
}
330
8262
100
AcDbScale
 70
     0
300
1:30
140
1.0
141
30.0
290
     0
  0
SCALE
  5
826C
102
{ACAD_REACTORS
330
8262
102
}
330
8262
100
AcDbScale
 70
     0
300
1:40
140
1.0
141
40.0
290
     0
  0
SCALE
  5
826D
102
{ACAD_REACTORS
330
8262
102
}
330
8262
100
AcDbScale
 70
     0
300
1:50
140
1.0
141
50.0
290
     0
  0
SCALE
  5
826E
102
{ACAD_REACTORS
330
8262
102
}
330
8262
100
AcDbScale
 70
     0
300
1:100
140
1.0
141
100.0
290
     0
  0
SCALE
  5
826F
102
{ACAD_REACTORS
330
8262
102
}
330
8262
100
AcDbScale
 70
     0
300
2:1
140
2.0
141
1.0
290
     0
  0
SCALE
  5
8270
102
{ACAD_REACTORS
330
8262
102
}
330
8262
100
AcDbScale
 70
     0
300
4:1
140
4.0
141
1.0
290
     0
  0
SCALE
  5
8271
102
{ACAD_REACTORS
330
8262
102
}
330
8262
100
AcDbScale
 70
     0
300
8:1
140
8.0
141
1.0
290
     0
  0
SCALE
  5
8272
102
{ACAD_REACTORS
330
8262
102
}
330
8262
100
AcDbScale
 70
     0
300
10:1
140
10.0
141
1.0
290
     0
  0
SCALE
  5
8273
102
{ACAD_REACTORS
330
8262
102
}
330
8262
100
AcDbScale
 70
     0
300
100:1
140
100.0
141
1.0
290
     0
  0
SCALE
  5
8274
102
{ACAD_REACTORS
330
8262
102
}
330
8262
100
AcDbScale
 70
     0
300
1/128" = 1'-0"
140
0.0078125
141
12.0
290
     0
  0
SCALE
  5
8275
102
{ACAD_REACTORS
330
8262
102
}
330
8262
100
AcDbScale
 70
     0
300
1/64" = 1'-0"
140
0.015625
141
12.0
290
     0
  0
SCALE
  5
8276
102
{ACAD_REACTORS
330
8262
102
}
330
8262
100
AcDbScale
 70
     0
300
1/32" = 1'-0"
140
0.03125
141
12.0
290
     0
  0
SCALE
  5
8277
102
{ACAD_REACTORS
330
8262
102
}
330
8262
100
AcDbScale
 70
     0
300
1/16" = 1'-0"
140
0.0625
141
12.0
290
     0
  0
SCALE
  5
8278
102
{ACAD_REACTORS
330
8262
102
}
330
8262
100
AcDbScale
 70
     0
300
3/32" = 1'-0"
140
0.09375
141
12.0
290
     0
  0
SCALE
  5
8279
102
{ACAD_REACTORS
330
8262
102
}
330
8262
100
AcDbScale
 70
     0
300
1/8" = 1'-0"
140
0.125
141
12.0
290
     0
  0
SCALE
  5
827A
102
{ACAD_REACTORS
330
8262
102
}
330
8262
100
AcDbScale
 70
     0
300
3/16" = 1'-0"
140
0.1875
141
12.0
290
     0
  0
SCALE
  5
827B
102
{ACAD_REACTORS
330
8262
102
}
330
8262
100
AcDbScale
 70
     0
300
1/4" = 1'-0"
140
0.25
141
12.0
290
     0
  0
SCALE
  5
827C
102
{ACAD_REACTORS
330
8262
102
}
330
8262
100
AcDbScale
 70
     0
300
3/8" = 1'-0"
140
0.375
141
12.0
290
     0
  0
SCALE
  5
827D
102
{ACAD_REACTORS
330
8262
102
}
330
8262
100
AcDbScale
 70
     0
300
1/2" = 1'-0"
140
0.5
141
12.0
290
     0
  0
SCALE
  5
827E
102
{ACAD_REACTORS
330
8262
102
}
330
8262
100
AcDbScale
 70
     0
300
3/4" = 1'-0"
140
0.75
141
12.0
290
     0
  0
SCALE
  5
827F
102
{ACAD_REACTORS
330
8262
102
}
330
8262
100
AcDbScale
 70
     0
300
1" = 1'-0"
140
1.0
141
12.0
290
     0
  0
SCALE
  5
8280
102
{ACAD_REACTORS
330
8262
102
}
330
8262
100
AcDbScale
 70
     0
300
1-1/2" = 1'-0"
140
1.5
141
12.0
290
     0
  0
SCALE
  5
8281
102
{ACAD_REACTORS
330
8262
102
}
330
8262
100
AcDbScale
 70
     0
300
3" = 1'-0"
140
3.0
141
12.0
290
     0
  0
SCALE
  5
8282
102
{ACAD_REACTORS
330
8262
102
}
330
8262
100
AcDbScale
 70
     0
300
6" = 1'-0"
140
6.0
141
12.0
290
     0
  0
SCALE
  5
8283
102
{ACAD_REACTORS
330
8262
102
}
330
8262
100
AcDbScale
 70
     0
300
1'-0" = 1'-0"
140
12.0
141
12.0
290
     0
  0
ACDBSECTIONVIEWSTYLE
  5
894C
102
{ACAD_XDICTIONARY
360
8988
102
}
102
{ACAD_REACTORS
330
894B
102
}
330
894B
100
AcDbModelDocViewStyle
 70
     0
  3
Metric50
290
     0
100
AcDbSectionViewStyle
 70
     0
 71
     0
 90
      102
 71
     1
340
11
 62
   256
 40
5.0
340
0
340
0
 62
   256
 40
5.0
300
I, O, Q, S, X, Z
 40
10.0
 90
        0
 40
2.5
 90
        0
 71
     2
340
16
 90
       25
 62
   256
340
16
 90
       50
 62
   256
 40
5.0
 40
2.5
 40
5.0
 71
     3
340
11
 62
   256
 40
5.0
 90
        0
 40
15.0
 90
        1
300
%<\AcVar ViewSectionStartId>%-%<\AcVar ViewSectionEndId>% (%<\AcVar ViewScale \f "%sn">%)
 71
     4
 62
   256
 62
   257
300
ANSI31
 40
1.0
 90
        0
290
     0
290
     0
 90
        6
 40
0.0
 40
1.570796326794896
 40
0.2617993877991494
 40
1.308996938995747
 40
-0.2617993877991494
 40
1.832595714594046
  0
TABLESTYLE
  5
812
102
{ACAD_XDICTIONARY
360
82C1
102
}
102
{ACAD_REACTORS
330
811
102
}
330
811
100
AcDbTableStyle
280
     0
  3
Standard
 70
     0
 71
     0
 40
1.5
 41
1.5
280
     0
281
     0
  7
Standard
140
4.5
170
     2
 62
     0
 63
     7
283
     0
 90
        4
 91
        0
  1

274
    -2
284
     1
 64
     0
275
    -2
285
     1
 65
     0
276
    -2
286
     1
 66
     0
277
    -2
287
     1
 67
     0
278
    -2
288
     1
 68
     0
279
    -2
289
     1
 69
     0
  7
Standard
140
6.0
170
     5
 62
     0
 63
     7
283
     0
 90
        4
 91
        0
  1

274
    -2
284
     1
 64
     0
275
    -2
285
     1
 65
     0
276
    -2
286
     1
 66
     0
277
    -2
287
     1
 67
     0
278
    -2
288
     1
 68
     0
279
    -2
289
     1
 69
     0
  7
Standard
140
4.5
170
     5
 62
     0
 63
     7
283
     0
 90
        4
 91
        0
  1

274
    -2
284
     1
 64
     0
275
    -2
285
     1
 65
     0
276
    -2
286
     1
 66
     0
277
    -2
287
     1
 67
     0
278
    -2
288
     1
 68
     0
279
    -2
289
     1
 69
     0
  0
VISUALSTYLE
  5
81EF
102
{ACAD_REACTORS
330
81E9
102
}
330
81E9
100
AcDbVisualStyle
  2
2dWireframe
 70
     4
177
     3
291
     0
 70
    58
 90
        0
176
     1
 90
        2
176
     1
 90
        0
176
     1
 90
        0
176
     1
 40
0.6
176
     1
 40
30.0
176
     1
 62
     7
176
     1
 90
        1
176
     1
 90
        4
176
     1
 62
     7
176
     1
 62
   257
176
     1
 90
        1
176
     1
 90
        1
176
     1
 40
1.0
176
     1
 90
        0
176
     1
 62
   257
176
     1
 40
1.0
176
     1
 90
        1
176
     1
 90
        6
176
     1
 90
        2
176
     1
 62
     7
176
     1
 90
        5
176
     1
 90
        0
176
     1
 90
        0
176
     1
290
     0
176
     1
 90
        1
176
     1
 40
0.0
176
     1
 90
        0
176
     1
290
     1
176
     1
290
     1
176
     1
290
     0
176
     1
290
     0
176
     1
290
     0
176
     1
290
     0
176
     1
290
     0
176
     1
290
     0
176
     1
290
     0
176
     1
 90
       50
176
     1
 40
0.0
176
     1
 40
1.0
176
     1
 90
        0
176
     1
 62
    18
420
        0
176
     1
 90
       50
176
     1
 90
        3
176
     1
 62
     5
420
      255
176
     1
290
     0
176
     1
 90
       50
176
     1
 90
       50
176
     1
 90
       50
176
     1
290
     0
176
     1
 90
       50
176
     1
 62
   256
176
     0
 40
1.0
176
     0
 90
        2
176
     1
  1
strokes_ogs.tif
176
     1
290
     0
176
     1
 40
1.0
176
     1
 40
1.0
176
     1
  0
VISUALSTYLE
  5
81F1
102
{ACAD_REACTORS
330
81E9
102
}
330
81E9
100
AcDbVisualStyle
  2
3D Hidden
 70
     6
177
     3
291
     0
 70
    58
 90
        1
176
     1
 90
        2
176
     1
 90
        2
176
     1
 90
        0
176
     1
 40
0.6
176
     1
 40
30.0
176
     1
 62
     7
176
     1
 90
        2
176
     1
 90
        2
176
     1
 62
     7
176
     1
 62
   257
176
     1
 90
        2
176
     1
 90
        1
176
     1
 40
40.0
176
     1
 90
        0
176
     1
 62
   257
176
     1
 40
1.0
176
     1
 90
        1
176
     1
 90
        6
176
     1
 90
        2
176
     1
 62
     7
176
     1
 90
        3
176
     1
 90
        0
176
     1
 90
        0
176
     1
290
     0
176
     1
 90
        1
176
     1
 40
0.0
176
     1
 90
        0
176
     1
290
     0
176
     1
290
     1
176
     1
290
     1
176
     1
290
     0
176
     1
290
     0
176
     1
290
     0
176
     1
290
     0
176
     1
290
     0
176
     1
290
     0
176
     1
 90
       50
176
     1
 40
0.0
176
     1
 40
1.0
176
     1
 90
        0
176
     1
 62
    18
420
        0
176
     1
 90
       50
176
     1
 90
        3
176
     1
 62
     5
420
      255
176
     1
290
     0
176
     1
 90
       50
176
     1
 90
       50
176
     1
 90
       50
176
     1
290
     0
176
     1
 90
       50
176
     1
 62
   256
176
     0
 40
1.0
176
     0
 90
        2
176
     1
  1
strokes_ogs.tif
176
     1
290
     0
176
     1
 40
1.0
176
     1
 40
1.0
176
     1
  0
VISUALSTYLE
  5
81F0
102
{ACAD_REACTORS
330
81E9
102
}
330
81E9
100
AcDbVisualStyle
  2
3dWireframe
 70
     5
177
     3
291
     0
 70
    58
 90
        0
176
     1
 90
        2
176
     1
 90
        0
176
     1
 90
        0
176
     1
 40
0.6
176
     1
 40
30.0
176
     1
 62
     7
176
     1
 90
        1
176
     1
 90
        4
176
     1
 62
     7
176
     1
 62
   257
176
     1
 90
        1
176
     1
 90
        1
176
     1
 40
1.0
176
     1
 90
        0
176
     1
 62
   257
176
     1
 40
1.0
176
     1
 90
        1
176
     1
 90
        6
176
     1
 90
        2
176
     1
 62
     7
176
     1
 90
        5
176
     1
 90
        0
176
     1
 90
        0
176
     1
290
     0
176
     1
 90
        1
176
     1
 40
0.0
176
     1
 90
        0
176
     1
290
     0
176
     1
290
     1
176
     1
290
     1
176
     1
290
     0
176
     1
290
     0
176
     1
290
     0
176
     1
290
     0
176
     1
290
     0
176
     1
290
     0
176
     1
 90
       50
176
     1
 40
0.0
176
     1
 40
1.0
176
     1
 90
        0
176
     1
 62
    18
420
        0
176
     1
 90
       50
176
     1
 90
        3
176
     1
 62
     5
420
      255
176
     1
290
     0
176
     1
 90
       50
176
     1
 90
       50
176
     1
 90
       50
176
     1
290
     0
176
     1
 90
       50
176
     1
 62
   256
176
     0
 40
1.0
176
     0
 90
        2
176
     1
  1
strokes_ogs.tif
176
     1
290
     0
176
     1
 40
1.0
176
     1
 40
1.0
176
     1
  0
VISUALSTYLE
  5
81EE
102
{ACAD_REACTORS
330
81E9
102
}
330
81E9
100
AcDbVisualStyle
  2
Basic
 70
     7
177
     3
291
     1
 70
    58
 90
        1
176
     1
 90
        0
176
     1
 90
        1
176
     1
 90
        0
176
     1
 40
0.6
176
     1
 40
30.0
176
     1
 62
     7
176
     1
 90
        0
176
     1
 90
        4
176
     1
 62
     7
176
     1
 62
   257
176
     1
 90
        1
176
     1
 90
        1
176
     1
 40
1.0
176
     1
 90
        8
176
     1
 62
     7
176
     1
 40
1.0
176
     1
 90
        1
176
     1
 90
        6
176
     1
 90
        2
176
     1
 62
     7
176
     1
 90
        5
176
     1
 90
        0
176
     1
 90
        0
176
     1
290
     0
176
     1
 90
        1
176
     1
 40
0.0
176
     1
 90
        0
176
     1
290
     0
176
     1
290
     1
176
     1
290
     1
176
     1
290
     0
176
     1
290
     0
176
     1
290
     0
176
     1
290
     0
176
     1
290
     0
176
     1
290
     0
176
     1
 90
       50
176
     1
 40
0.0
176
     1
 40
1.0
176
     1
 90
        0
176
     1
 62
    18
420
        0
176
     1
 90
       50
176
     1
 90
        3
176
     1
 62
     5
420
      255
176
     1
290
     0
176
     1
 90
       50
176
     1
 90
       50
176
     1
 90
       50
176
     1
290
     0
176
     1
 90
       50
176
     1
 62
   256
176
     0
 40
1.0
176
     0
 90
        2
176
     1
  1
strokes_ogs.tif
176
     1
290
     0
176
     1
 40
1.0
176
     1
 40
1.0
176
     1
  0
VISUALSTYLE
  5
81F5
102
{ACAD_REACTORS
330
81E9
102
}
330
81E9
100
AcDbVisualStyle
  2
Brighten
 70
    12
177
     3
291
     1
 70
    58
 90
        2
176
     1
 90
        2
176
     1
 90
        0
176
     1
 90
        0
176
     1
 40
0.6
176
     1
 40
30.0
176
     1
 62
     7
176
     1
 90
        1
176
     1
 90
        4
176
     1
 62
     7
176
     1
 62
   257
176
     1
 90
        1
176
     1
 90
        1
176
     1
 40
1.0
176
     1
 90
        8
176
     1
 62
     7
176
     1
 40
1.0
176
     1
 90
        1
176
     1
 90
        6
176
     1
 90
        2
176
     1
 62
     7
176
     1
 90
        5
176
     1
 90
        0
176
     1
 90
        0
176
     1
290
     0
176
     1
 90
        1
176
     1
 40
50.0
176
     1
 90
        0
176
     1
290
     0
176
     1
290
     1
176
     1
290
     1
176
     1
290
     0
176
     1
290
     0
176
     1
290
     0
176
     1
290
     0
176
     1
290
     0
176
     1
290
     0
176
     1
 90
       50
176
     1
 40
0.0
176
     1
 40
1.0
176
     1
 90
        0
176
     1
 62
    18
420
        0
176
     1
 90
       50
176
     1
 90
        3
176
     1
 62
     5
420
      255
176
     1
290
     0
176
     1
 90
       50
176
     1
 90
       50
176
     1
 90
       50
176
     1
290
     0
176
     1
 90
       50
176
     1
 62
   256
176
     0
 40
1.0
176
     0
 90
        2
176
     1
  1
strokes_ogs.tif
176
     1
290
     0
176
     1
 40
1.0
176
     1
 40
1.0
176
     1
  0
VISUALSTYLE
  5
81F9
102
{ACAD_REACTORS
330
81E9
102
}
330
81E9
100
AcDbVisualStyle
  2
ColorChange
 70
    16
177
     3
291
     1
 70
    58
 90
        2
176
     1
 90
        2
176
     1
 90
        3
176
     1
 90
        0
176
     1
 40
0.6
176
     1
 40
30.0
176
     1
 62
     8
176
     1
 90
        1
176
     1
 90
        4
176
     1
 62
     7
176
     1
 62
   257
176
     1
 90
        1
176
     1
 90
        1
176
     1
 40
1.0
176
     1
 90
        8
176
     1
 62
     8
176
     1
 40
1.0
176
     1
 90
        1
176
     1
 90
        6
176
     1
 90
        2
176
     1
 62
     7
176
     1
 90
        5
176
     1
 90
        0
176
     1
 90
        0
176
     1
290
     0
176
     1
 90
        1
176
     1
 40
0.0
176
     1
 90
        0
176
     1
290
     0
176
     1
290
     1
176
     1
290
     1
176
     1
290
     0
176
     1
290
     0
176
     1
290
     0
176
     1
290
     0
176
     1
290
     0
176
     1
290
     0
176
     1
 90
       50
176
     1
 40
0.0
176
     1
 40
1.0
176
     1
 90
        0
176
     1
 62
    18
420
        0
176
     1
 90
       50
176
     1
 90
        3
176
     1
 62
     5
420
      255
176
     1
290
     0
176
     1
 90
       50
176
     1
 90
       50
176
     1
 90
       50
176
     1
290
     0
176
     1
 90
       50
176
     1
 62
   256
176
     0
 40
1.0
176
     0
 90
        2
176
     1
  1
strokes_ogs.tif
176
     1
290
     0
176
     1
 40
1.0
176
     1
 40
1.0
176
     1
  0
VISUALSTYLE
  5
81F2
102
{ACAD_REACTORS
330
81E9
102
}
330
81E9
100
AcDbVisualStyle
  2
Conceptual
 70
     9
177
     3
291
     0
 70
    58
 90
        3
176
     1
 90
        2
176
     1
 90
        0
176
     1
 90
        0
176
     1
 40
0.6
176
     1
 40
30.0
176
     1
 62
     7
176
     1
 90
        2
176
     1
 90
        2
176
     1
 62
     7
176
     1
 62
   257
176
     1
 90
        1
176
     1
 90
        1
176
     1
 40
40.0
176
     1
 90
        8
176
     1
 62
     7
176
     1
 40
1.0
176
     1
 90
        1
176
     1
 90
        6
176
     1
 90
        2
176
     1
 62
     7
176
     1
 90
        3
176
     1
 90
        0
176
     1
 90
        0
176
     1
290
     0
176
     1
 90
        1
176
     1
 40
0.0
176
     1
 90
        0
176
     1
290
     0
176
     1
290
     1
176
     1
290
     1
176
     1
290
     0
176
     1
290
     0
176
     1
290
     0
176
     1
290
     0
176
     1
290
     0
176
     1
290
     0
176
     1
 90
       50
176
     1
 40
0.0
176
     1
 40
1.0
176
     1
 90
        0
176
     1
 62
    18
420
        0
176
     1
 90
       50
176
     1
 90
        3
176
     1
 62
     5
420
      255
176
     1
290
     0
176
     1
 90
       50
176
     1
 90
       50
176
     1
 90
       50
176
     1
290
     0
176
     1
 90
       50
176
     1
 62
   256
176
     0
 40
1.0
176
     0
 90
        2
176
     1
  1
strokes_ogs.tif
176
     1
290
     0
176
     1
 40
1.0
176
     1
 40
1.0
176
     1
  0
VISUALSTYLE
  5
81F4
102
{ACAD_REACTORS
330
81E9
102
}
330
81E9
100
AcDbVisualStyle
  2
Dim
 70
    11
177
     3
291
     1
 70
    58
 90
        2
176
     1
 90
        2
176
     1
 90
        0
176
     1
 90
        0
176
     1
 40
0.6
176
     1
 40
30.0
176
     1
 62
     7
176
     1
 90
        1
176
     1
 90
        4
176
     1
 62
     7
176
     1
 62
   257
176
     1
 90
        1
176
     1
 90
        1
176
     1
 40
1.0
176
     1
 90
        8
176
     1
 62
     7
176
     1
 40
1.0
176
     1
 90
        1
176
     1
 90
        6
176
     1
 90
        2
176
     1
 62
     7
176
     1
 90
        5
176
     1
 90
        0
176
     1
 90
        0
176
     1
290
     0
176
     1
 90
        1
176
     1
 40
-50.0
176
     1
 90
        0
176
     1
290
     0
176
     1
290
     1
176
     1
290
     1
176
     1
290
     0
176
     1
290
     0
176
     1
290
     0
176
     1
290
     0
176
     1
290
     0
176
     1
290
     0
176
     1
 90
       50
176
     1
 40
0.0
176
     1
 40
1.0
176
     1
 90
        0
176
     1
 62
    18
420
        0
176
     1
 90
       50
176
     1
 90
        3
176
     1
 62
     5
420
      255
176
     1
290
     0
176
     1
 90
       50
176
     1
 90
       50
176
     1
 90
       50
176
     1
290
     0
176
     1
 90
       50
176
     1
 62
   256
176
     0
 40
1.0
176
     0
 90
        2
176
     1
  1
strokes_ogs.tif
176
     1
290
     0
176
     1
 40
1.0
176
     1
 40
1.0
176
     1
  0
VISUALSTYLE
  5
892F
102
{ACAD_REACTORS
330
81E9
102
}
330
81E9
100
AcDbVisualStyle
  2
EdgeColorOff
 70
    22
177
     3
291
     1
 70
    58
 90
        2
176
     0
 90
        2
176
     0
 90
        0
176
     0
 90
        0
176
     0
 40
0.6
176
     0
 40
30.0
176
     0
 62
     7
420
 16777215
176
     0
 90
        1
176
     0
 90
        4
176
     0
 62
     7
176
     0
 62
   257
176
     0
 90
        1
176
     0
 90
        1
176
     0
 40
1.0
176
     0
 90
        8
176
     2
 62
     7
176
     0
 40
1.0
176
     0
 90
        1
176
     0
 90
        6
176
     0
 90
        2
176
     0
 62
     7
176
     0
 90
        5
176
     0
 90
        0
176
     0
 90
        0
176
     0
290
     0
176
     0
 90
        1
176
     0
 40
0.0
176
     0
 90
        0
176
     0
290
     0
176
     1
290
     1
176
     1
290
     1
176
     1
290
     0
176
     1
290
     0
176
     1
290
     0
176
     1
290
     0
176
     1
290
     0
176
     1
290
     0
176
     1
 90
       50
176
     1
 40
0.0
176
     1
 40
1.0
176
     1
 90
        0
176
     1
 62
    18
420
        0
176
     1
 90
       50
176
     1
 90
        3
176
     1
 62
     5
420
      255
176
     1
290
     0
176
     1
 90
       50
176
     1
 90
       50
176
     1
 90
       50
176
     1
290
     0
176
     1
 90
       50
176
     1
 62
   256
176
     0
 40
1.0
176
     0
 90
        2
176
     1
  1
strokes_ogs.tif
176
     1
290
     0
176
     1
 40
1.0
176
     1
 40
1.0
176
     1
  0
VISUALSTYLE
  5
81F8
102
{ACAD_REACTORS
330
81E9
102
}
330
81E9
100
AcDbVisualStyle
  2
Facepattern
 70
    15
177
     3
291
     1
 70
    58
 90
        2
176
     1
 90
        2
176
     1
 90
        0
176
     1
 90
        0
176
     1
 40
0.6
176
     1
 40
30.0
176
     1
 62
     7
176
     1
 90
        1
176
     1
 90
        4
176
     1
 62
     7
176
     1
 62
   257
176
     1
 90
        1
176
     1
 90
        1
176
     1
 40
1.0
176
     1
 90
        8
176
     1
 62
     7
176
     1
 40
1.0
176
     1
 90
        1
176
     1
 90
        6
176
     1
 90
        2
176
     1
 62
     7
176
     1
 90
        5
176
     1
 90
        0
176
     1
 90
        0
176
     1
290
     0
176
     1
 90
        1
176
     1
 40
0.0
176
     1
 90
        0
176
     1
290
     0
176
     1
290
     1
176
     1
290
     1
176
     1
290
     0
176
     1
290
     0
176
     1
290
     0
176
     1
290
     0
176
     1
290
     0
176
     1
290
     0
176
     1
 90
       50
176
     1
 40
0.0
176
     1
 40
1.0
176
     1
 90
        0
176
     1
 62
    18
420
        0
176
     1
 90
       50
176
     1
 90
        3
176
     1
 62
     5
420
      255
176
     1
290
     0
176
     1
 90
       50
176
     1
 90
       50
176
     1
 90
       50
176
     1
290
     0
176
     1
 90
       50
176
     1
 62
   256
176
     0
 40
1.0
176
     0
 90
        2
176
     1
  1
strokes_ogs.tif
176
     1
290
     0
176
     1
 40
1.0
176
     1
 40
1.0
176
     1
  0
VISUALSTYLE
  5
81EA
102
{ACAD_REACTORS
330
81E9
102
}
330
81E9
100
AcDbVisualStyle
  2
Flat
 70
     0
177
     3
291
     1
 70
    58
 90
        2
176
     1
 90
        1
176
     1
 90
        1
176
     1
 90
        2
176
     1
 40
0.6
176
     1
 40
30.0
176
     1
 62
     7
176
     1
 90
        0
176
     1
 90
        4
176
     1
 62
     7
176
     1
 62
   257
176
     1
 90
        1
176
     1
 90
        1
176
     1
 40
1.0
176
     1
 90
        8
176
     1
 62
     7
176
     1
 40
1.0
176
     1
 90
        1
176
     1
 90
        6
176
     1
 90
        2
176
     1
 62
     7
176
     1
 90
        5
176
     1
 90
        0
176
     1
 90
        0
176
     1
290
     0
176
     1
 90
       13
176
     1
 40
0.0
176
     1
 90
        0
176
     1
290
     0
176
     1
290
     1
176
     1
290
     1
176
     1
290
     0
176
     1
290
     0
176
     1
290
     0
176
     1
290
     0
176
     1
290
     0
176
     1
290
     0
176
     1
 90
       50
176
     1
 40
0.0
176
     1
 40
1.0
176
     1
 90
        0
176
     1
 62
    18
420
        0
176
     1
 90
       50
176
     1
 90
        3
176
     1
 62
     5
420
      255
176
     1
290
     0
176
     1
 90
       50
176
     1
 90
       50
176
     1
 90
       50
176
     1
290
     0
176
     1
 90
       50
176
     1
 62
   256
176
     0
 40
1.0
176
     0
 90
        2
176
     1
  1
strokes_ogs.tif
176
     1
290
     0
176
     1
 40
1.0
176
     1
 40
1.0
176
     1
  0
VISUALSTYLE
  5
81EB
102
{ACAD_REACTORS
330
81E9
102
}
330
81E9
100
AcDbVisualStyle
  2
FlatWithEdges
 70
     1
177
     3
291
     1
 70
    58
 90
        2
176
     1
 90
        1
176
     1
 90
        1
176
     1
 90
        2
176
     1
 40
0.6
176
     1
 40
30.0
176
     1
 62
     7
176
     1
 90
        1
176
     1
 90
        4
176
     1
 62
     7
176
     1
 62
   257
176
     1
 90
        1
176
     1
 90
        1
176
     1
 40
1.0
176
     1
 90
        0
176
     1
 62
   257
176
     1
 40
1.0
176
     1
 90
        1
176
     1
 90
        6
176
     1
 90
        2
176
     1
 62
     7
176
     1
 90
        5
176
     1
 90
        0
176
     1
 90
        0
176
     1
290
     0
176
     1
 90
       13
176
     1
 40
0.0
176
     1
 90
        0
176
     1
290
     0
176
     1
290
     1
176
     1
290
     1
176
     1
290
     0
176
     1
290
     0
176
     1
290
     0
176
     1
290
     0
176
     1
290
     0
176
     1
290
     0
176
     1
 90
       50
176
     1
 40
0.0
176
     1
 40
1.0
176
     1
 90
        0
176
     1
 62
    18
420
        0
176
     1
 90
       50
176
     1
 90
        3
176
     1
 62
     5
420
      255
176
     1
290
     0
176
     1
 90
       50
176
     1
 90
       50
176
     1
 90
       50
176
     1
290
     0
176
     1
 90
       50
176
     1
 62
   256
176
     0
 40
1.0
176
     0
 90
        2
176
     1
  1
strokes_ogs.tif
176
     1
290
     0
176
     1
 40
1.0
176
     1
 40
1.0
176
     1
  0
VISUALSTYLE
  5
81EC
102
{ACAD_REACTORS
330
81E9
102
}
330
81E9
100
AcDbVisualStyle
  2
Gouraud
 70
     2
177
     3
291
     1
 70
    58
 90
        2
176
     1
 90
        2
176
     1
 90
        1
176
     1
 90
        2
176
     1
 40
0.6
176
     1
 40
30.0
176
     1
 62
     7
176
     1
 90
        0
176
     1
 90
        4
176
     1
 62
     7
176
     1
 62
   257
176
     1
 90
        1
176
     1
 90
        1
176
     1
 40
1.0
176
     1
 90
        0
176
     1
 62
     7
176
     1
 40
1.0
176
     1
 90
        1
176
     1
 90
        6
176
     1
 90
        2
176
     1
 62
     7
176
     1
 90
        5
176
     1
 90
        0
176
     1
 90
        0
176
     1
290
     0
176
     1
 90
       13
176
     1
 40
0.0
176
     1
 90
        0
176
     1
290
     0
176
     1
290
     1
176
     1
290
     1
176
     1
290
     0
176
     1
290
     0
176
     1
290
     0
176
     1
290
     0
176
     1
290
     0
176
     1
290
     0
176
     1
 90
       50
176
     1
 40
0.0
176
     1
 40
1.0
176
     1
 90
        0
176
     1
 62
    18
420
        0
176
     1
 90
       50
176
     1
 90
        3
176
     1
 62
     5
420
      255
176
     1
290
     0
176
     1
 90
       50
176
     1
 90
       50
176
     1
 90
       50
176
     1
290
     0
176
     1
 90
       50
176
     1
 62
   256
176
     0
 40
1.0
176
     0
 90
        2
176
     1
  1
strokes_ogs.tif
176
     1
290
     0
176
     1
 40
1.0
176
     1
 40
1.0
176
     1
  0
VISUALSTYLE
  5
81ED
102
{ACAD_REACTORS
330
81E9
102
}
330
81E9
100
AcDbVisualStyle
  2
GouraudWithEdges
 70
     3
177
     3
291
     1
 70
    58
 90
        2
176
     1
 90
        2
176
     1
 90
        1
176
     1
 90
        2
176
     1
 40
0.6
176
     1
 40
30.0
176
     1
 62
     7
176
     1
 90
        1
176
     1
 90
        4
176
     1
 62
     7
176
     1
 62
   257
176
     1
 90
        1
176
     1
 90
        1
176
     1
 40
1.0
176
     1
 90
        0
176
     1
 62
   257
176
     1
 40
1.0
176
     1
 90
        1
176
     1
 90
        6
176
     1
 90
        2
176
     1
 62
     7
176
     1
 90
        5
176
     1
 90
        0
176
     1
 90
        0
176
     1
290
     0
176
     1
 90
       13
176
     1
 40
0.0
176
     1
 90
        0
176
     1
290
     0
176
     1
290
     1
176
     1
290
     1
176
     1
290
     0
176
     1
290
     0
176
     1
290
     0
176
     1
290
     0
176
     1
290
     0
176
     1
290
     0
176
     1
 90
       50
176
     1
 40
0.0
176
     1
 40
1.0
176
     1
 90
        0
176
     1
 62
    18
420
        0
176
     1
 90
       50
176
     1
 90
        3
176
     1
 62
     5
420
      255
176
     1
290
     0
176
     1
 90
       50
176
     1
 90
       50
176
     1
 90
       50
176
     1
290
     0
176
     1
 90
       50
176
     1
 62
   256
176
     0
 40
1.0
176
     0
 90
        2
176
     1
  1
strokes_ogs.tif
176
     1
290
     0
176
     1
 40
1.0
176
     1
 40
1.0
176
     1
  0
VISUALSTYLE
  5
8927
102
{ACAD_REACTORS
330
81E9
102
}
330
81E9
100
AcDbVisualStyle
  2
Hidden
 70
     6
177
     3
291
     0
 70
    58
 90
        1
176
     1
 90
        2
176
     1
 90
        2
176
     1
 90
        0
176
     1
 40
0.6
176
     1
 40
30.0
176
     1
 62
     7
420
 16777215
176
     1
 90
        2
176
     1
 90
        2
176
     1
 62
     7
176
     1
 62
   257
176
     1
 90
        2
176
     1
 90
        1
176
     1
 40
40.0
176
     1
 90
        0
176
     1
 62
   257
176
     1
 40
1.0
176
     1
 90
        1
176
     1
 90
        6
176
     1
 90
        2
176
     1
 62
     7
176
     1
 90
        3
176
     1
 90
        0
176
     1
 90
        0
176
     1
290
     0
176
     1
 90
        1
176
     1
 40
0.0
176
     1
 90
        0
176
     1
290
     0
176
     1
290
     1
176
     1
290
     1
176
     1
290
     0
176
     1
290
     0
176
     1
290
     0
176
     1
290
     0
176
     1
290
     0
176
     1
290
     0
176
     1
 90
       50
176
     1
 40
0.0
176
     1
 40
1.0
176
     1
 90
        0
176
     1
 62
    18
420
        0
176
     1
 90
       50
176
     1
 90
        3
176
     1
 62
     5
420
      255
176
     1
290
     0
176
     1
 90
       50
176
     1
 90
       50
176
     1
 90
       50
176
     1
290
     0
176
     1
 90
       50
176
     1
 62
   256
176
     0
 40
1.0
176
     0
 90
        2
176
     1
  1
strokes_ogs.tif
176
     1
290
     0
176
     1
 40
1.0
176
     1
 40
1.0
176
     1
  0
VISUALSTYLE
  5
892D
102
{ACAD_REACTORS
330
81E9
102
}
330
81E9
100
AcDbVisualStyle
  2
JitterOff
 70
    20
177
     3
291
     1
 70
    58
 90
        2
176
     0
 90
        2
176
     0
 90
        0
176
     0
 90
        0
176
     0
 40
0.6
176
     0
 40
30.0
176
     0
 62
     7
420
 16777215
176
     0
 90
        1
176
     0
 90
        4
176
     0
 62
     7
176
     0
 62
   257
176
     0
 90
        1
176
     0
 90
        1
176
     0
 40
1.0
176
     0
 90
       10
176
     2
 62
     7
176
     0
 40
1.0
176
     0
 90
        1
176
     0
 90
        6
176
     0
 90
        2
176
     0
 62
     7
176
     0
 90
        5
176
     0
 90
        0
176
     0
 90
        0
176
     0
290
     0
176
     0
 90
        1
176
     0
 40
0.0
176
     0
 90
        0
176
     0
290
     0
176
     1
290
     1
176
     1
290
     1
176
     1
290
     0
176
     1
290
     0
176
     1
290
     0
176
     1
290
     0
176
     1
290
     0
176
     1
290
     0
176
     1
 90
       50
176
     1
 40
0.0
176
     1
 40
1.0
176
     1
 90
        0
176
     1
 62
    18
420
        0
176
     1
 90
       50
176
     1
 90
        3
176
     1
 62
     5
420
      255
176
     1
290
     0
176
     1
 90
       50
176
     1
 90
       50
176
     1
 90
       50
176
     1
290
     0
176
     1
 90
       50
176
     1
 62
   256
176
     0
 40
1.0
176
     0
 90
        2
176
     1
  1
strokes_ogs.tif
176
     1
290
     0
176
     1
 40
1.0
176
     1
 40
1.0
176
     1
  0
VISUALSTYLE
  5
81F7
102
{ACAD_REACTORS
330
81E9
102
}
330
81E9
100
AcDbVisualStyle
  2
Linepattern
 70
    14
177
     3
291
     1
 70
    58
 90
        2
176
     1
 90
        2
176
     1
 90
        0
176
     1
 90
        0
176
     1
 40
0.6
176
     1
 40
30.0
176
     1
 62
     7
176
     1
 90
        1
176
     1
 90
        4
176
     1
 62
     7
176
     1
 62
   257
176
     1
 90
        7
176
     1
 90
        7
176
     1
 40
1.0
176
     1
 90
        8
176
     1
 62
     7
176
     1
 40
1.0
176
     1
 90
        1
176
     1
 90
        6
176
     1
 90
        2
176
     1
 62
     7
176
     1
 90
        5
176
     1
 90
        0
176
     1
 90
        0
176
     1
290
     0
176
     1
 90
        1
176
     1
 40
0.0
176
     1
 90
        0
176
     1
290
     0
176
     1
290
     1
176
     1
290
     1
176
     1
290
     0
176
     1
290
     0
176
     1
290
     0
176
     1
290
     0
176
     1
290
     0
176
     1
290
     0
176
     1
 90
       50
176
     1
 40
0.0
176
     1
 40
1.0
176
     1
 90
        0
176
     1
 62
    18
420
        0
176
     1
 90
       50
176
     1
 90
        3
176
     1
 62
     5
420
      255
176
     1
290
     0
176
     1
 90
       50
176
     1
 90
       50
176
     1
 90
       50
176
     1
290
     0
176
     1
 90
       50
176
     1
 62
   256
176
     0
 40
1.0
176
     0
 90
        2
176
     1
  1
strokes_ogs.tif
176
     1
290
     0
176
     1
 40
1.0
176
     1
 40
1.0
176
     1
  0
VISUALSTYLE
  5
892E
102
{ACAD_REACTORS
330
81E9
102
}
330
81E9
100
AcDbVisualStyle
  2
OverhangOff
 70
    21
177
     3
291
     1
 70
    58
 90
        2
176
     0
 90
        2
176
     0
 90
        0
176
     0
 90
        0
176
     0
 40
0.6
176
     0
 40
30.0
176
     0
 62
     7
420
 16777215
176
     0
 90
        1
176
     0
 90
        4
176
     0
 62
     7
176
     0
 62
   257
176
     0
 90
        1
176
     0
 90
        1
176
     0
 40
1.0
176
     0
 90
        9
176
     2
 62
     7
176
     0
 40
1.0
176
     0
 90
        1
176
     0
 90
        6
176
     0
 90
        2
176
     0
 62
     7
176
     0
 90
        5
176
     0
 90
        0
176
     0
 90
        0
176
     0
290
     0
176
     0
 90
        1
176
     0
 40
0.0
176
     0
 90
        0
176
     0
290
     0
176
     1
290
     1
176
     1
290
     1
176
     1
290
     0
176
     1
290
     0
176
     1
290
     0
176
     1
290
     0
176
     1
290
     0
176
     1
290
     0
176
     1
 90
       50
176
     1
 40
0.0
176
     1
 40
1.0
176
     1
 90
        0
176
     1
 62
    18
420
        0
176
     1
 90
       50
176
     1
 90
        3
176
     1
 62
     5
420
      255
176
     1
290
     0
176
     1
 90
       50
176
     1
 90
       50
176
     1
 90
       50
176
     1
290
     0
176
     1
 90
       50
176
     1
 62
   256
176
     0
 40
1.0
176
     0
 90
        2
176
     1
  1
strokes_ogs.tif
176
     1
290
     0
176
     1
 40
1.0
176
     1
 40
1.0
176
     1
  0
VISUALSTYLE
  5
81F3
102
{ACAD_REACTORS
330
81E9
102
}
330
81E9
100
AcDbVisualStyle
  2
Realistic
 70
     8
177
     3
291
     0
 70
    58
 90
        2
176
     1
 90
        2
176
     1
 90
        0
176
     1
 90
        0
176
     1
 40
0.6
176
     1
 40
30.0
176
     1
 62
     7
176
     1
 90
        1
176
     1
 90
        0
176
     1
 62
     7
176
     1
 62
   257
176
     1
 90
        1
176
     1
 90
        1
176
     1
 40
1.0
176
     1
 90
        8
176
     1
 62
     8
176
     1
 40
1.0
176
     1
 90
        1
176
     1
 90
        6
176
     1
 90
        2
176
     1
 62
     7
176
     1
 90
        5
176
     1
 90
        0
176
     1
 90
        0
176
     1
290
     0
176
     1
 90
       13
176
     1
 40
0.0
176
     1
 90
        0
176
     1
290
     0
176
     1
290
     1
176
     1
290
     1
176
     1
290
     0
176
     1
290
     0
176
     1
290
     0
176
     1
290
     0
176
     1
290
     0
176
     1
290
     0
176
     1
 90
       50
176
     1
 40
0.0
176
     1
 40
1.0
176
     1
 90
        0
176
     1
 62
    18
420
        0
176
     1
 90
       50
176
     1
 90
        3
176
     1
 62
     5
420
      255
176
     1
290
     0
176
     1
 90
       50
176
     1
 90
       50
176
     1
 90
       50
176
     1
290
     0
176
     1
 90
       50
176
     1
 62
   256
176
     0
 40
1.0
176
     0
 90
        2
176
     1
  1
strokes_ogs.tif
176
     1
290
     0
176
     1
 40
1.0
176
     1
 40
1.0
176
     1
  0
VISUALSTYLE
  5
892C
102
{ACAD_REACTORS
330
81E9
102
}
330
81E9
100
AcDbVisualStyle
  2
Shaded
 70
    27
177
     3
291
     0
 70
    58
 90
        2
176
     1
 90
        2
176
     1
 90
        1
176
     1
 90
        2
176
     1
 40
0.6
176
     1
 40
30.0
176
     1
 62
     7
420
 16777215
176
     1
 90
        0
176
     1
 90
        4
176
     1
 62
     7
176
     1
 62
   257
176
     1
 90
        1
176
     1
 90
        1
176
     1
 40
1.0
176
     1
 90
        8
176
     1
 62
   257
176
     1
 40
1.0
176
     1
 90
        1
176
     1
 90
        6
176
     1
 90
        2
176
     1
 62
     8
420
  7895160
176
     1
 90
        3
176
     1
 90
        0
176
     1
 90
        0
176
     1
290
     0
176
     1
 90
        5
176
     1
 40
0.0
176
     1
 90
        0
176
     1
290
     0
176
     1
290
     1
176
     1
290
     1
176
     1
290
     0
176
     1
290
     0
176
     1
290
     0
176
     1
290
     0
176
     1
290
     0
176
     1
290
     0
176
     1
 90
       50
176
     1
 40
0.0
176
     1
 40
1.0
176
     1
 90
        0
176
     1
 62
    18
420
        0
176
     1
 90
       50
176
     1
 90
        3
176
     1
 62
     5
420
      255
176
     1
290
     0
176
     1
 90
       50
176
     1
 90
       50
176
     1
 90
       50
176
     1
290
     0
176
     1
 90
       50
176
     1
 62
   256
176
     0
 40
1.0
176
     0
 90
        2
176
     1
  1
strokes_ogs.tif
176
     1
290
     0
176
     1
 40
1.0
176
     1
 40
1.0
176
     1
  0
VISUALSTYLE
  5
892B
102
{ACAD_REACTORS
330
81E9
102
}
330
81E9
100
AcDbVisualStyle
  2
Shaded with edges
 70
    26
177
     3
291
     0
 70
    58
 90
        2
176
     1
 90
        2
176
     1
 90
        1
176
     1
 90
        2
176
     1
 40
0.6
176
     1
 40
30.0
176
     1
 62
     7
420
 16777215
176
     1
 90
        1
176
     1
 90
       10
176
     1
 62
     7
176
     1
 62
   257
176
     1
 90
        2
176
     1
 90
        1
176
     1
 40
1.0
176
     1
 90
        8
176
     1
 62
   257
176
     1
 40
1.0
176
     1
 90
        1
176
     1
 90
        6
176
     1
 90
        2
176
     1
 62
     7
176
     1
 90
        3
176
     1
 90
        0
176
     1
 90
        0
176
     1
290
     0
176
     1
 90
        5
176
     1
 40
0.0
176
     1
 90
        0
176
     1
290
     0
176
     1
290
     1
176
     1
290
     1
176
     1
290
     0
176
     1
290
     0
176
     1
290
     0
176
     1
290
     0
176
     1
290
     0
176
     1
290
     0
176
     1
 90
       50
176
     1
 40
0.0
176
     1
 40
1.0
176
     1
 90
        0
176
     1
 62
    18
420
        0
176
     1
 90
       50
176
     1
 90
        3
176
     1
 62
     5
420
      255
176
     1
290
     0
176
     1
 90
       50
176
     1
 90
       50
176
     1
 90
       50
176
     1
290
     0
176
     1
 90
       50
176
     1
 62
   256
176
     0
 40
1.0
176
     0
 90
        2
176
     1
  1
strokes_ogs.tif
176
     1
290
     0
176
     1
 40
1.0
176
     1
 40
1.0
176
     1
  0
VISUALSTYLE
  5
8928
102
{ACAD_REACTORS
330
81E9
102
}
330
81E9
100
AcDbVisualStyle
  2
Shades of Gray
 70
    23
177
     3
291
     0
 70
    58
 90
        2
176
     1
 90
        2
176
     1
 90
        3
176
     1
 90
        0
176
     1
 40
0.6
176
     1
 40
30.0
176
     1
 62
     7
420
 16777215
176
     1
 90
        2
176
     1
 90
        2
176
     1
 62
     7
176
     1
 62
     7
176
     1
 90
        1
176
     1
 90
        1
176
     1
 40
40.0
176
     1
 90
        8
176
     1
 62
     7
176
     1
 40
1.0
176
     1
 90
        1
176
     1
 90
        6
176
     1
 90
        2
176
     1
 62
     7
176
     1
 90
        3
176
     1
 90
        0
176
     1
 90
        0
176
     1
290
     0
176
     1
 90
        1
176
     1
 40
0.0
176
     1
 90
        0
176
     1
290
     0
176
     1
290
     1
176
     1
290
     1
176
     1
290
     0
176
     1
290
     0
176
     1
290
     0
176
     1
290
     0
176
     1
290
     0
176
     1
290
     0
176
     1
 90
       50
176
     1
 40
0.0
176
     1
 40
1.0
176
     1
 90
        0
176
     1
 62
    18
420
        0
176
     1
 90
       50
176
     1
 90
        3
176
     1
 62
     5
420
      255
176
     1
290
     0
176
     1
 90
       50
176
     1
 90
       50
176
     1
 90
       50
176
     1
290
     0
176
     1
 90
       50
176
     1
 62
   256
176
     0
 40
1.0
176
     0
 90
        2
176
     1
  1
strokes_ogs.tif
176
     1
290
     0
176
     1
 40
1.0
176
     1
 40
1.0
176
     1
  0
VISUALSTYLE
  5
8929
102
{ACAD_REACTORS
330
81E9
102
}
330
81E9
100
AcDbVisualStyle
  2
Sketchy
 70
    24
177
     3
291
     0
 70
    58
 90
        1
176
     1
 90
        2
176
     1
 90
        2
176
     1
 90
        0
176
     1
 40
0.6
176
     1
 40
30.0
176
     1
 62
     7
420
 16777215
176
     1
 90
        2
176
     1
 90
        2
176
     1
 62
     7
176
     1
 62
     7
176
     1
 90
        1
176
     1
 90
        1
176
     1
 40
40.0
176
     1
 90
       11
176
     1
 62
     7
176
     1
 40
1.0
176
     1
 90
        1
176
     1
 90
        6
176
     1
 90
        2
176
     1
 62
     7
176
     1
 90
        6
176
     1
 90
        0
176
     1
 90
        0
176
     1
290
     0
176
     1
 90
        1
176
     1
 40
0.0
176
     1
 90
        0
176
     1
290
     0
176
     1
290
     1
176
     1
290
     1
176
     1
290
     0
176
     1
290
     0
176
     1
290
     0
176
     1
290
     0
176
     1
290
     0
176
     1
290
     0
176
     1
 90
       50
176
     1
 40
0.0
176
     1
 40
1.0
176
     1
 90
        0
176
     1
 62
    18
420
        0
176
     1
 90
       50
176
     1
 90
        3
176
     1
 62
     5
420
      255
176
     1
290
     0
176
     1
 90
       50
176
     1
 90
       50
176
     1
 90
       50
176
     1
290
     0
176
     1
 90
       50
176
     1
 62
   256
176
     0
 40
1.0
176
     0
 90
        2
176
     1
  1
strokes_ogs.tif
176
     1
290
     0
176
     1
 40
1.0
176
     1
 40
1.0
176
     1
  0
VISUALSTYLE
  5
81F6
102
{ACAD_REACTORS
330
81E9
102
}
330
81E9
100
AcDbVisualStyle
  2
Thicken
 70
    13
177
     3
291
     1
 70
    58
 90
        2
176
     1
 90
        2
176
     1
 90
        0
176
     1
 90
        0
176
     1
 40
0.6
176
     1
 40
30.0
176
     1
 62
     7
176
     1
 90
        1
176
     1
 90
        4
176
     1
 62
     7
176
     1
 62
   257
176
     1
 90
        1
176
     1
 90
        1
176
     1
 40
1.0
176
     1
 90
       12
176
     1
 62
     7
176
     1
 40
1.0
176
     1
 90
        1
176
     1
 90
        6
176
     1
 90
        2
176
     1
 62
     7
176
     1
 90
        5
176
     1
 90
        0
176
     1
 90
        0
176
     1
290
     0
176
     1
 90
        1
176
     1
 40
0.0
176
     1
 90
        0
176
     1
290
     0
176
     1
290
     1
176
     1
290
     1
176
     1
290
     0
176
     1
290
     0
176
     1
290
     0
176
     1
290
     0
176
     1
290
     0
176
     1
290
     0
176
     1
 90
       50
176
     1
 40
0.0
176
     1
 40
1.0
176
     1
 90
        0
176
     1
 62
    18
420
        0
176
     1
 90
       50
176
     1
 90
        3
176
     1
 62
     5
420
      255
176
     1
290
     0
176
     1
 90
       50
176
     1
 90
       50
176
     1
 90
       50
176
     1
290
     0
176
     1
 90
       50
176
     1
 62
   256
176
     0
 40
1.0
176
     0
 90
        2
176
     1
  1
strokes_ogs.tif
176
     1
290
     0
176
     1
 40
1.0
176
     1
 40
1.0
176
     1
  0
VISUALSTYLE
  5
8926
102
{ACAD_REACTORS
330
81E9
102
}
330
81E9
100
AcDbVisualStyle
  2
Wireframe
 70
     5
177
     3
291
     0
 70
    58
 90
        0
176
     1
 90
        2
176
     1
 90
        0
176
     1
 90
        0
176
     1
 40
0.6
176
     1
 40
30.0
176
     1
 62
     7
420
 16777215
176
     1
 90
        1
176
     1
 90
        4
176
     1
 62
     7
176
     1
 62
   257
176
     1
 90
        1
176
     1
 90
        1
176
     1
 40
1.0
176
     1
 90
        0
176
     1
 62
   257
176
     1
 40
1.0
176
     1
 90
        1
176
     1
 90
        6
176
     1
 90
        2
176
     1
 62
     7
176
     1
 90
        3
176
     1
 90
        0
176
     1
 90
        0
176
     1
290
     0
176
     1
 90
        1
176
     1
 40
0.0
176
     1
 90
        0
176
     1
290
     0
176
     1
290
     1
176
     1
290
     1
176
     1
290
     0
176
     1
290
     0
176
     1
290
     0
176
     1
290
     0
176
     1
290
     0
176
     1
290
     0
176
     1
 90
       50
176
     1
 40
0.0
176
     1
 40
1.0
176
     1
 90
        0
176
     1
 62
    18
420
        0
176
     1
 90
       50
176
     1
 90
        3
176
     1
 62
     5
420
      255
176
     1
290
     0
176
     1
 90
       50
176
     1
 90
       50
176
     1
 90
       50
176
     1
290
     0
176
     1
 90
       50
176
     1
 62
   256
176
     0
 40
1.0
176
     0
 90
        2
176
     1
  1
strokes_ogs.tif
176
     1
290
     0
176
     1
 40
1.0
176
     1
 40
1.0
176
     1
  0
VISUALSTYLE
  5
892A
102
{ACAD_REACTORS
330
81E9
102
}
330
81E9
100
AcDbVisualStyle
  2
X-Ray
 70
    25
177
     3
291
     0
 70
    58
 90
        2
176
     1
 90
        2
176
     1
 90
        1
176
     1
 90
        1
176
     1
 40
0.5
176
     1
 40
30.0
176
     1
 62
     7
420
 16777215
176
     1
 90
        1
176
     1
 90
        0
176
     1
 62
     7
176
     1
 62
   257
176
     1
 90
        1
176
     1
 90
        1
176
     1
 40
1.0
176
     1
 90
        8
176
     1
 62
     7
176
     1
 40
1.0
176
     1
 90
        1
176
     1
 90
        6
176
     1
 90
        2
176
     1
 62
     7
176
     1
 90
        3
176
     1
 90
        0
176
     1
 90
        0
176
     1
290
     0
176
     1
 90
       13
176
     1
 40
0.0
176
     1
 90
        0
176
     1
290
     0
176
     1
290
     1
176
     1
290
     1
176
     1
290
     0
176
     1
290
     0
176
     1
290
     0
176
     1
290
     0
176
     1
290
     0
176
     1
290
     0
176
     1
 90
       50
176
     1
 40
0.0
176
     1
 40
1.0
176
     1
 90
        0
176
     1
 62
    18
420
        0
176
     1
 90
       50
176
     1
 90
        3
176
     1
 62
     5
420
      255
176
     1
290
     0
176
     1
 90
       50
176
     1
 90
       50
176
     1
 90
       50
176
     1
290
     0
176
     1
 90
       50
176
     1
 62
   256
176
     0
 40
1.0
176
     0
 90
        2
176
     1
  1
strokes_ogs.tif
176
     1
290
     0
176
     1
 40
1.0
176
     1
 40
1.0
176
     1
  0
DICTIONARYVAR
  5
82C6
102
{ACAD_REACTORS
330
55
102
}
330
55
100
DictionaryVariables
280
     0
  1
1:1
  0
DICTIONARYVAR
  5
82C4
102
{ACAD_REACTORS
330
55
102
}
330
55
100
DictionaryVariables
280
     0
  1
STANDARD
  0
DICTIONARYVAR
  5
926
102
{ACAD_REACTORS
330
55
102
}
330
55
100
DictionaryVariables
280
     0
  1
STANDARD
  0
DICTIONARYVAR
  5
8985
102
{ACAD_REACTORS
330
55
102
}
330
55
100
DictionaryVariables
280
     0
  1
Metric50
  0
DICTIONARYVAR
  5
8986
102
{ACAD_REACTORS
330
55
102
}
330
55
100
DictionaryVariables
280
     0
  1
Metric50
  0
DICTIONARYVAR
  5
8924
102
{ACAD_REACTORS
330
55
102
}
330
55
100
DictionaryVariables
280
     0
  1
1
  0
DICTIONARYVAR
  5
56
102
{ACAD_REACTORS
330
55
102
}
330
55
100
DictionaryVariables
280
     0
  1
0
  0
DICTIONARYVAR
  5
8943
102
{ACAD_REACTORS
330
55
102
}
330
55
100
DictionaryVariables
280
     0
  1
1
  0
DICTIONARYVAR
  5
8944
102
{ACAD_REACTORS
330
55
102
}
330
55
100
DictionaryVariables
280
     0
  1
15
  0
DICTIONARYVAR
  5
82C7
102
{ACAD_REACTORS
330
55
102
}
330
55
100
DictionaryVariables
280
     0
  1
0
  0
DICTIONARYVAR
  5
82C5
102
{ACAD_REACTORS
330
55
102
}
330
55
100
DictionaryVariables
280
     0
  1
0
  0
DICTIONARYVAR
  5
8923
102
{ACAD_REACTORS
330
55
102
}
330
55
100
DictionaryVariables
280
     0
  1
127
  0
DICTIONARY
  5
665
102
{ACAD_REACTORS
330
64
102
}
330
64
100
AcDbDictionary
281
     1
  0
XRECORD
  5
869
102
{ACAD_REACTORS
330
64
102
}
330
64
100
AcDbXrecord
280
     1
 90
-1023410169
  0
DICTIONARY
  5
898A
330
894E
100
AcDbDictionary
280
     1
281
     1
  3
ACAD_XREC_ROUNDTRIP
360
898B
  0
DICTIONARY
  5
8988
330
894C
100
AcDbDictionary
280
     1
281
     1
  3
ACAD_XREC_ROUNDTRIP
360
8989
  0
DICTIONARY
  5
82C1
330
812
100
AcDbDictionary
280
     1
281
     1
  3
ACAD_ROUNDTRIP_2008_TABLESTYLE_CELLSTYLEMAP
360
8987
  0
XRECORD
  5
898B
102
{ACAD_REACTORS
330
898A
102
}
330
898A
100
AcDbXrecord
280
     1
102
DISPLAYNAME
  1
Metric50
102
FLAGS
 90
        0
  0
XRECORD
  5
8989
102
{ACAD_REACTORS
330
8988
102
}
330
8988
100
AcDbXrecord
280
     1
102
DISPLAYNAME
  1
Metric50
102
FLAGS
 90
        0
  0
CELLSTYLEMAP
  5
8987
102
{ACAD_REACTORS
330
82C1
102
}
330
82C1
100
AcDbCellStyleMap
 90
        3
300
CELLSTYLE
  1
TABLEFORMAT_BEGIN
 90
        5
170
     1
 91
        0
 92
    32768
 62
   257
 93
        1
300
CONTENTFORMAT
  1
CONTENTFORMAT_BEGIN
 90
        0
 91
        0
 92
        4
 93
        0
300

 40
0.0
140
1.0
 94
        5
 62
     0
340
11
144
6.0
309
CONTENTFORMAT_END
171
     1
301
MARGIN
  1
CELLMARGIN_BEGIN
 40
1.5
 40
1.5
 40
1.5
 40
1.5
 40
0.18
 40
0.18
309
CELLMARGIN_END
 94
        6
 95
        1
302
GRIDFORMAT
  1
GRIDFORMAT_BEGIN
 90
        0
 91
        1
 62
     0
 92
       -2
340
0
 93
        0
 40
0.045
309
GRIDFORMAT_END
 95
        2
302
GRIDFORMAT
  1
GRIDFORMAT_BEGIN
 90
        0
 91
        1
 62
     0
 92
       -2
340
0
 93
        0
 40
0.045
309
GRIDFORMAT_END
 95
        4
302
GRIDFORMAT
  1
GRIDFORMAT_BEGIN
 90
        0
 91
        1
 62
     0
 92
       -2
340
0
 93
        0
 40
0.045
309
GRIDFORMAT_END
 95
        8
302
GRIDFORMAT
  1
GRIDFORMAT_BEGIN
 90
        0
 91
        1
 62
     0
 92
       -2
340
0
 93
        0
 40
0.045
309
GRIDFORMAT_END
 95
       16
302
GRIDFORMAT
  1
GRIDFORMAT_BEGIN
 90
        0
 91
        1
 62
     0
 92
       -2
340
0
 93
        0
 40
0.045
309
GRIDFORMAT_END
 95
       32
302
GRIDFORMAT
  1
GRIDFORMAT_BEGIN
 90
        0
 91
        1
 62
     0
 92
       -2
340
0
 93
        0
 40
0.045
309
GRIDFORMAT_END
309
TABLEFORMAT_END
  1
CELLSTYLE_BEGIN
 90
        1
 91
        1
300
_TITLE
309
CELLSTYLE_END
300
CELLSTYLE
  1
TABLEFORMAT_BEGIN
 90
        5
170
     1
 91
        0
 92
        0
 62
   257
 93
        1
300
CONTENTFORMAT
  1
CONTENTFORMAT_BEGIN
 90
        0
 91
        0
 92
        4
 93
        0
300

 40
0.0
140
1.0
 94
        5
 62
     0
340
11
144
4.5
309
CONTENTFORMAT_END
171
     1
301
MARGIN
  1
CELLMARGIN_BEGIN
 40
1.5
 40
1.5
 40
1.5
 40
1.5
 40
0.18
 40
0.18
309
CELLMARGIN_END
 94
        6
 95
        1
302
GRIDFORMAT
  1
GRIDFORMAT_BEGIN
 90
        0
 91
        1
 62
     0
 92
       -2
340
0
 93
        0
 40
0.045
309
GRIDFORMAT_END
 95
        2
302
GRIDFORMAT
  1
GRIDFORMAT_BEGIN
 90
        0
 91
        1
 62
     0
 92
       -2
340
0
 93
        0
 40
0.045
309
GRIDFORMAT_END
 95
        4
302
GRIDFORMAT
  1
GRIDFORMAT_BEGIN
 90
        0
 91
        1
 62
     0
 92
       -2
340
0
 93
        0
 40
0.045
309
GRIDFORMAT_END
 95
        8
302
GRIDFORMAT
  1
GRIDFORMAT_BEGIN
 90
        0
 91
        1
 62
     0
 92
       -2
340
0
 93
        0
 40
0.045
309
GRIDFORMAT_END
 95
       16
302
GRIDFORMAT
  1
GRIDFORMAT_BEGIN
 90
        0
 91
        1
 62
     0
 92
       -2
340
0
 93
        0
 40
0.045
309
GRIDFORMAT_END
 95
       32
302
GRIDFORMAT
  1
GRIDFORMAT_BEGIN
 90
        0
 91
        1
 62
     0
 92
       -2
340
0
 93
        0
 40
0.045
309
GRIDFORMAT_END
309
TABLEFORMAT_END
  1
CELLSTYLE_BEGIN
 90
        2
 91
        1
300
_HEADER
309
CELLSTYLE_END
300
CELLSTYLE
  1
TABLEFORMAT_BEGIN
 90
        5
170
     1
 91
        0
 92
        0
 62
   257
 93
        1
300
CONTENTFORMAT
  1
CONTENTFORMAT_BEGIN
 90
        0
 91
        0
 92
        4
 93
        0
300

 40
0.0
140
1.0
 94
        2
 62
     0
340
11
144
4.5
309
CONTENTFORMAT_END
171
     1
301
MARGIN
  1
CELLMARGIN_BEGIN
 40
1.5
 40
1.5
 40
1.5
 40
1.5
 40
0.18
 40
0.18
309
CELLMARGIN_END
 94
        6
 95
        1
302
GRIDFORMAT
  1
GRIDFORMAT_BEGIN
 90
        0
 91
        1
 62
     0
 92
       -2
340
0
 93
        0
 40
0.045
309
GRIDFORMAT_END
 95
        2
302
GRIDFORMAT
  1
GRIDFORMAT_BEGIN
 90
        0
 91
        1
 62
     0
 92
       -2
340
0
 93
        0
 40
0.045
309
GRIDFORMAT_END
 95
        4
302
GRIDFORMAT
  1
GRIDFORMAT_BEGIN
 90
        0
 91
        1
 62
     0
 92
       -2
340
0
 93
        0
 40
0.045
309
GRIDFORMAT_END
 95
        8
302
GRIDFORMAT
  1
GRIDFORMAT_BEGIN
 90
        0
 91
        1
 62
     0
 92
       -2
340
0
 93
        0
 40
0.045
309
GRIDFORMAT_END
 95
       16
302
GRIDFORMAT
  1
GRIDFORMAT_BEGIN
 90
        0
 91
        1
 62
     0
 92
       -2
340
0
 93
        0
 40
0.045
309
GRIDFORMAT_END
 95
       32
302
GRIDFORMAT
  1
GRIDFORMAT_BEGIN
 90
        0
 91
        1
 62
     0
 92
       -2
340
0
 93
        0
 40
0.045
309
GRIDFORMAT_END
309
TABLEFORMAT_END
  1
CELLSTYLE_BEGIN
 90
        3
 91
        2
300
_DATA
309
CELLSTYLE_END
  0
ENDSEC
  0
EOF
