  0
SECTION
  2
HEADER
  9
$ACADVER
  1
AC1027
  9
$ACADMAINTVER
 70
    83
  9
$DWGCODEPAGE
  3
ANSI_1252
  9
$LASTSAVEDBY
  1
uhlaender
  9
$CUSTOMPROPERTYTAG
  1
AmdtFileType
  9
$CUSTOMPROPERTY
  1
84
  9
$REQUIREDVERSIONS
160
                 0
  9
$INSBASE
 10
0.0
 20
0.0
 30
0.0
  9
$EXTMIN
 10
423.4619657154289
 20
-484.0251923765158
 30
-0.0000000000112498
  9
$EXTMAX
 10
1638.371282414757
 20
858.5523222101041
 30
0.0000000000002956
  9
$LIMMIN
 10
0.0
 20
0.0
  9
$LIMMAX
 10
420.0
 20
297.0
  9
$ORTHOMODE
 70
     0
  9
$REGENMODE
 70
     1
  9
$FILLMODE
 70
     1
  9
$QTEXTMODE
 70
     0
  9
$MIRRTEXT
 70
     1
  9
$LTSCALE
 40
10.0
  9
$ATTMODE
 70
     1
  9
$TEXTSIZE
 40
100.0
  9
$TRACEWID
 40
1.0
  9
$TEXTSTYLE
  7
Standard
  9
$CLAYER
  8
HALFEN
  9
$CELTYPE
  6
ByLayer
  9
$CECOLOR
 62
   256
  9
$CELTSCALE
 40
1.0
  9
$DISPSILH
 70
     0
  9
$DIMSCALE
 40
1.0
  9
$DIMASZ
 40
3.5
  9
$DIMEXO
 40
1.0
  9
$DIMDLI
 40
10.0
  9
$DIMRND
 40
0.0
  9
$DIMDLE
 40
0.0
  9
$DIMEXE
 40
1.0
  9
$DIMTP
 40
0.1
  9
$DIMTM
 40
0.1
  9
$DIMTXT
 40
3.5
  9
$DIMCEN
 40
0.0
  9
$DIMTSZ
 40
0.0
  9
$DIMTOL
 70
     0
  9
$DIMLIM
 70
     0
  9
$DIMTIH
 70
     0
  9
$DIMTOH
 70
     0
  9
$DIMSE1
 70
     0
  9
$DIMSE2
 70
     0
  9
$DIMTAD
 70
     1
  9
$DIMZIN
 70
     8
  9
$DIMBLK
  1

  9
$DIMASO
 70
     1
  9
$DIMSHO
 70
     1
  9
$DIMPOST
  1

  9
$DIMAPOST
  1
"
  9
$DIMALT
 70
     0
  9
$DIMALTD
 70
     2
  9
$DIMALTF
 40
0.0393701
  9
$DIMLFAC
 40
1.0
  9
$DIMTOFL
 70
     1
  9
$DIMTVP
 40
0.0
  9
$DIMTIX
 70
     0
  9
$DIMSOXD
 70
     0
  9
$DIMSAH
 70
     0
  9
$DIMBLK1
  1

  9
$DIMBLK2
  1

  9
$DIMSTYLE
  2
AM_DIN
  9
$DIMCLRD
 70
   256
  9
$DIMCLRE
 70
   256
  9
$DIMCLRT
 70
     2
  9
$DIMTFAC
 40
0.71
  9
$DIMGAP
 40
1.5
  9
$DIMJUST
 70
     0
  9
$DIMSD1
 70
     0
  9
$DIMSD2
 70
     0
  9
$DIMTOLJ
 70
     0
  9
$DIMTZIN
 70
     8
  9
$DIMALTZ
 70
     0
  9
$DIMALTTZ
 70
     0
  9
$DIMUPT
 70
     0
  9
$DIMDEC
 70
     2
  9
$DIMTDEC
 70
     3
  9
$DIMALTU
 70
     2
  9
$DIMALTTD
 70
     4
  9
$DIMTXSTY
  7
Standard
  9
$DIMAUNIT
 70
     0
  9
$DIMADEC
 70
     0
  9
$DIMALTRND
 40
0.0
  9
$DIMAZIN
 70
     2
  9
$DIMDSEP
 70
    46
  9
$DIMATFIT
 70
     3
  9
$DIMFRAC
 70
     0
  9
$DIMLDRBLK
  1

  9
$DIMLUNIT
 70
     2
  9
$DIMLWD
 70
    -1
  9
$DIMLWE
 70
    -1
  9
$DIMTMOVE
 70
     0
  9
$DIMFXL
 40
1.0
  9
$DIMFXLON
 70
     0
  9
$DIMJOGANG
 40
1.570796326794896
  9
$DIMTFILL
 70
     0
  9
$DIMTFILLCLR
 70
     0
  9
$DIMARCSYM
 70
     0
  9
$DIMLTYPE
  6
ByBlock
  9
$DIMLTEX1
  6
ByBlock
  9
$DIMLTEX2
  6
ByBlock
  9
$DIMTXTDIRECTION
 70
     0
  9
$LUNITS
 70
     2
  9
$LUPREC
 70
     2
  9
$SKETCHINC
 40
1.0
  9
$FILLETRAD
 40
1.0
  9
$AUNITS
 70
     0
  9
$AUPREC
 70
     0
  9
$MENU
  1
.
  9
$ELEVATION
 40
0.0
  9
$PELEVATION
 40
0.0
  9
$THICKNESS
 40
0.0
  9
$LIMCHECK
 70
     0
  9
$CHAMFERA
 40
5.0
  9
$CHAMFERB
 40
5.0
  9
$CHAMFERC
 40
20.0
  9
$CHAMFERD
 40
0.0
  9
$SKPOLY
 70
     0
  9
$TDCREATE
 40
2453956.495969688
  9
$TDUCREATE
 40
2453956.454303021
  9
$TDUPDATE
 40
2457763.478973935
  9
$TDUUPDATE
 40
2457763.437307268
  9
$TDINDWG
 40
1.8202702894
  9
$TDUSRTIMER
 40
1.8202702778
  9
$USRTIMER
 70
     1
  9
$ANGBASE
 50
0.0
  9
$ANGDIR
 70
     0
  9
$PDMODE
 70
    35
  9
$PDSIZE
 40
0.0
  9
$PLINEWID
 40
0.0
  9
$SPLFRAME
 70
     0
  9
$SPLINETYPE
 70
     6
  9
$SPLINESEGS
 70
     8
  9
$HANDSEED
  5
8919
  9
$SURFTAB1
 70
     6
  9
$SURFTAB2
 70
     6
  9
$SURFTYPE
 70
     6
  9
$SURFU
 70
     6
  9
$SURFV
 70
     6
  9
$UCSBASE
  2

  9
$UCSNAME
  2

  9
$UCSORG
 10
-383.022981508824
 20
-1939.285876251548
 30
0.0
  9
$UCSXDIR
 10
1.0
 20
0.0
 30
0.0
  9
$UCSYDIR
 10
0.0
 20
1.0
 30
0.0
  9
$UCSORTHOREF
  2

  9
$UCSORTHOVIEW
 70
     0
  9
$UCSORGTOP
 10
0.0
 20
0.0
 30
0.0
  9
$UCSORGBOTTOM
 10
0.0
 20
0.0
 30
0.0
  9
$UCSORGLEFT
 10
0.0
 20
0.0
 30
0.0
  9
$UCSORGRIGHT
 10
0.0
 20
0.0
 30
0.0
  9
$UCSORGFRONT
 10
0.0
 20
0.0
 30
0.0
  9
$UCSORGBACK
 10
0.0
 20
0.0
 30
0.0
  9
$PUCSBASE
  2

  9
$PUCSNAME
  2

  9
$PUCSORG
 10
0.0
 20
0.0
 30
0.0
  9
$PUCSXDIR
 10
1.0
 20
0.0
 30
0.0
  9
$PUCSYDIR
 10
0.0
 20
1.0
 30
0.0
  9
$PUCSORTHOREF
  2

  9
$PUCSORTHOVIEW
 70
     0
  9
$PUCSORGTOP
 10
0.0
 20
0.0
 30
0.0
  9
$PUCSORGBOTTOM
 10
0.0
 20
0.0
 30
0.0
  9
$PUCSORGLEFT
 10
0.0
 20
0.0
 30
0.0
  9
$PUCSORGRIGHT
 10
0.0
 20
0.0
 30
0.0
  9
$PUCSORGFRONT
 10
0.0
 20
0.0
 30
0.0
  9
$PUCSORGBACK
 10
0.0
 20
0.0
 30
0.0
  9
$USERI1
 70
     0
  9
$USERI2
 70
     0
  9
$USERI3
 70
     0
  9
$USERI4
 70
     0
  9
$USERI5
 70
     0
  9
$USERR1
 40
0.0
  9
$USERR2
 40
0.0
  9
$USERR3
 40
0.0
  9
$USERR4
 40
0.0
  9
$USERR5
 40
0.0
  9
$WORLDVIEW
 70
     1
  9
$SHADEDGE
 70
     3
  9
$SHADEDIF
 70
    70
  9
$TILEMODE
 70
     1
  9
$MAXACTVP
 70
    64
  9
$PINSBASE
 10
0.0
 20
0.0
 30
0.0
  9
$PLIMCHECK
 70
     0
  9
$PEXTMIN
 10
1.000000000000000E+20
 20
1.000000000000000E+20
 30
1.000000000000000E+20
  9
$PEXTMAX
 10
-1.000000000000000E+20
 20
-1.000000000000000E+20
 30
-1.000000000000000E+20
  9
$PLIMMIN
 10
0.0
 20
0.0
  9
$PLIMMAX
 10
420.0
 20
297.0
  9
$UNITMODE
 70
     0
  9
$VISRETAIN
 70
     1
  9
$PLINEGEN
 70
     0
  9
$PSLTSCALE
 70
     1
  9
$TREEDEPTH
 70
  3020
  9
$CMLSTYLE
  2
Standard
  9
$CMLJUST
 70
     0
  9
$CMLSCALE
 40
20.0
  9
$PROXYGRAPHICS
 70
     1
  9
$MEASUREMENT
 70
     1
  9
$CELWEIGHT
370
    -1
  9
$ENDCAPS
280
     0
  9
$JOINSTYLE
280
     0
  9
$LWDISPLAY
290
     0
  9
$INSUNITS
 70
     4
  9
$HYPERLINKBASE
  1

  9
$STYLESHEET
  1
HALFEN - PLOTSTIL.CTB
  9
$XEDIT
290
     1
  9
$CEPSNTYPE
380
     0
  9
$PSTYLEMODE
290
     1
  9
$FINGERPRINTGUID
  2
{9F40BC9C-79DC-4576-AA23-BA0832F73479}
  9
$VERSIONGUID
  2
{6B41FBF1-F5F5-4AF2-921D-690FE276DBAC}
  9
$EXTNAMES
290
     1
  9
$PSVPSCALE
 40
0.0
  9
$OLESTARTUP
290
     0
  9
$SORTENTS
280
   127
  9
$INDEXCTL
280
     0
  9
$HIDETEXT
280
     0
  9
$XCLIPFRAME
280
     2
  9
$HALOGAP
280
     0
  9
$OBSCOLOR
 70
   257
  9
$OBSLTYPE
280
     0
  9
$INTERSECTIONDISPLAY
280
     0
  9
$INTERSECTIONCOLOR
 70
   257
  9
$DIMASSOC
280
     1
  9
$PROJECTNAME
  1

  9
$CAMERADISPLAY
290
     0
  9
$LENSLENGTH
 40
50.0
  9
$CAMERAHEIGHT
 40
0.0
  9
$STEPSPERSEC
 40
2.0
  9
$STEPSIZE
 40
6.0
  9
$3DDWFPREC
 40
2.0
  9
$PSOLWIDTH
 40
0.25
  9
$PSOLHEIGHT
 40
4.0
  9
$LOFTANG1
 40
1.570796326794896
  9
$LOFTANG2
 40
1.570796326794896
  9
$LOFTMAG1
 40
0.0
  9
$LOFTMAG2
 40
0.0
  9
$LOFTPARAM
 70
     7
  9
$LOFTNORMALS
280
     1
  9
$LATITUDE
 40
37.795
  9
$LONGITUDE
 40
-122.394
  9
$NORTHDIRECTION
 40
0.0
  9
$TIMEZONE
 70
 -8000
  9
$LIGHTGLYPHDISPLAY
280
     1
  9
$TILEMODELIGHTSYNCH
280
     1
  9
$CMATERIAL
347
81E6
  9
$SOLIDHIST
280
     0
  9
$SHOWHIST
280
     1
  9
$DWFFRAME
280
     2
  9
$DGNFRAME
280
     0
  9
$REALWORLDSCALE
290
     1
  9
$INTERFERECOLOR
 62
     1
  9
$INTERFEREOBJVS
345
81F3
  9
$INTERFEREVPVS
346
88B4
  9
$CSHADOW
280
     0
  9
$SHADOWPLANELOCATION
 40
0.0
  0
ENDSEC
  0
SECTION
  2
CLASSES
  0
CLASS
  1
ACDBDICTIONARYWDFLT
  2
AcDbDictionaryWithDefault
  3
ObjectDBX Classes
 90
        0
 91
        1
280
     0
281
     0
  0
CLASS
  1
ACDBPLACEHOLDER
  2
AcDbPlaceHolder
  3
ObjectDBX Classes
 90
        0
 91
        1
280
     0
281
     0
  0
CLASS
  1
LAYOUT
  2
AcDbLayout
  3
ObjectDBX Classes
 90
        0
 91
        3
280
     0
281
     0
  0
CLASS
  1
ACME_DOCUMENT
  2
AcMeDbDoc
  3
AcMeServices
 90
     1024
 91
        1
280
     0
281
     0
  0
CLASS
  1
AMGSETTINGSOBJ
  2
AmgSettingsObj
  3
"AcadM|Product Description: AutoCAD Mechanical|Company: Autodesk, Inc."
 90
     1024
 91
        2
280
     0
281
     0
  0
CLASS
  1
ACMESCOPE
  2
AcMeScope
  3
AcMeServices
 90
     1024
 91
        1
280
     0
281
     0
  0
CLASS
  1
ACMECOMMANDHISTORY
  2
AcMeCommandHistory
  3
AcMeServices
 90
     1024
 91
        1
280
     0
281
     0
  0
CLASS
  1
DICTIONARYVAR
  2
AcDbDictionaryVar
  3
ObjectDBX Classes
 90
        0
 91
       12
280
     0
281
     0
  0
CLASS
  1
ACIMSYSVARMAN
  2
AcImSysVarManager
  3
AcMeServices
 90
     1024
 91
        4
280
     0
281
     0
  0
CLASS
  1
ACIMREALSYSVAR
  2
AcImRealSysVar
  3
AcMeServices
 90
     1024
 91
        0
280
     0
281
     0
  0
CLASS
  1
ACIMINTSYSVAR
  2
AcImIntSysVar
  3
AcMeServices
 90
     1024
 91
        2
280
     0
281
     0
  0
CLASS
  1
ACMEDRAWINGMAN
  2
AcMeDrawingMan
  3
AcMeServices
 90
     1024
 91
        0
280
     0
281
     0
  0
CLASS
  1
ACMEVIEW
  2
AcMeView
  3
AcMeServices
 90
     1024
 91
        0
280
     0
281
     0
  0
CLASS
  1
ACDBENTITYCACHE
  2
AcMeEntityCache
  3
AcMeServices
 90
     1024
 91
        1
280
     0
281
     0
  0
CLASS
  1
GSMANAGER
  2
AcMeGSManager
  3
AcMeServices
 90
     1024
 91
        0
280
     0
281
     0
  0
CLASS
  1
AMDTINTERNALREACTOR
  2
AmdtInternalReactor
  3
AcMeServices
 90
     1024
 91
        0
280
     0
281
     0
  0
CLASS
  1
ACMESTATEMGR
  2
AcMeStateMgr
  3
AcMeServices
 90
     1024
 91
        1
280
     0
281
     0
  0
CLASS
  1
ACME_DATABASE
  2
AcMeDbDatabase
  3
AcMeServices
 90
     1024
 91
        1
280
     0
281
     0
  0
CLASS
  1
ACRFINSADJUSTERMGR
  2
AcRfInsAdjusterMgr
  3
AcMeServices
 90
     1024
 91
        1
280
     0
281
     0
  0
CLASS
  1
ACMDATADICTIONARY
  2
AcmDataDictionary
  3
"AcmSymBB|Product Description: AutoCAD Mechanical|Company: Autodesk, Inc."
 90
     1024
 91
        1
280
     0
281
     0
  0
CLASS
  1
ACMDATAENTRYBLOCK
  2
AcmDataEntryBlock
  3
AcmSymBB|Product Description: AutoCAD Mechanical|Company: Autodesk, Inc.
 90
     1024
 91
        0
280
     0
281
     0
  0
CLASS
  1
AMGOBJPROPCFG
  2
AmgObjPropCfg
  3
"AmgLay|Product Description: AutoCAD Mechanical|Company: Autodesk, Inc."
 90
     1024
 91
        1
280
     0
281
     0
  0
CLASS
  1
ACAMGFILTERDAT
  2
AcAmgFilterDat
  3
"AcadM|Product Description: AutoCAD Mechanical|Company: Autodesk, Inc."
 90
     1024
 91
        0
280
     0
281
     0
  0
CLASS
  1
LAYER_INDEX
  2
AcDbLayerIndex
  3
ObjectDBX Classes
 90
        0
 91
        0
280
     0
281
     0
  0
CLASS
  1
IDBUFFER
  2
AcDbIdBuffer
  3
ObjectDBX Classes
 90
        0
 91
        0
280
     0
281
     0
  0
CLASS
  1
ACIMSTRSYSVAR
  2
AcImStrSysVar
  3
AcMeServices
 90
     1024
 91
        4
280
     0
281
     0
  0
CLASS
  1
ACMSTANDARDISO
  2
AcmStandardISO
  3
"Amdt_StdImp|Product Description: AutoCAD Mechanical|Company: Autodesk, Inc."
 90
     1024
 91
        0
280
     0
281
     0
  0
CLASS
  1
AMDTEDGESTANDARDISO
  2
AmdtEdgeStdISO
  3
"Amdt_StdImp|Product Description: AutoCAD Mechanical|Company: Autodesk, Inc."
 90
     1024
 91
        0
280
     0
281
     0
  0
CLASS
  1
ACMSURFSTANDARDISO
  2
AcmSurfTextStdISO
  3
"Amdt_StdImp|Product Description: AutoCAD Mechanical|Company: Autodesk, Inc."
 90
     1024
 91
        0
280
     0
281
     0
  0
CLASS
  1
ACMFCFSTANDARDISO
  2
AcmFCFStdISO
  3
"Amdt_StdImp|Product Description: AutoCAD Mechanical|Company: Autodesk, Inc."
 90
     1024
 91
        0
280
     0
281
     0
  0
CLASS
  1
ACMWELDSTANDARDISO
  2
AcmWeldingStdISO
  3
"Amdt_StdImp|Product Description: AutoCAD Mechanical|Company: Autodesk, Inc."
 90
     1024
 91
        0
280
     0
281
     0
  0
CLASS
  1
ACMIDSTANDARDISO
  2
AcmIdStdISO
  3
"Amdt_StdImp|Product Description: AutoCAD Mechanical|Company: Autodesk, Inc."
 90
     1024
 91
        0
280
     0
281
     0
  0
CLASS
  1
ACMDATUMSTANDARDISO
  2
AcmDatumStdISO
  3
"Amdt_StdImp|Product Description: AutoCAD Mechanical|Company: Autodesk, Inc."
 90
     1024
 91
        0
280
     0
281
     0
  0
CLASS
  1
ACMBOMSTANDARDISO
  2
AcmBOMStdISO
  3
"Amdt_StdImp|Product Description: AutoCAD Mechanical|Company: Autodesk, Inc."
 90
     1024
 91
        0
280
     0
281
     0
  0
CLASS
  1
AMDTNOTE
  2
AmdtNote
  3
"AcmSymBB|Product Description: AutoCAD Mechanical|Company: Autodesk, Inc."
 90
     1024
 91
        0
280
     0
281
     1
  0
CLASS
  1
STDPART2D
  2
AmgStdPart
  3
AmgStdPart|Product Description: AutoCAD Mechanical|Company: Autodesk, Inc.
 90
     1024
 91
        0
280
     0
281
     1
  0
CLASS
  1
TABLESTYLE
  2
AcDbTableStyle
  3
ObjectDBX Classes
 90
     4095
 91
        1
280
     0
281
     0
  0
CLASS
  1
ACGREFMASTER
  2
AcGrefMaster
  3
AcAttribServices
 90
     1024
 91
        1
280
     0
281
     0
  0
CLASS
  1
AM_DRAWING_MGR
  2
AcDmDwgMgr
  3
AcMechDwgViewMgmt
 90
     1024
 91
        0
280
     0
281
     0
  0
CLASS
  1
AM_DWG_DOCUMENT
  2
AcDmDwgDocument
  3
AcMechDwgViewMgmt
 90
     1024
 91
        0
280
     0
281
     0
  0
CLASS
  1
AM_DWG_SHEET
  2
AcDmSheet
  3
AcMechDwgViewMgmt
 90
     1024
 91
        0
280
     0
281
     0
  0
CLASS
  1
AM_VIEWDIMPARMAP
  2
AcDmViewDimParMap
  3
AcMechDwgViewMgmt
 90
     1024
 91
        0
280
     0
281
     0
  0
CLASS
  1
AM_DWGMGR_NAME
  2
AcDmDwgMgrName
  3
AcMechDwgViewMgmt
 90
     1024
 91
        0
280
     0
281
     0
  0
CLASS
  1
ACGREFACADMASTER
  2
AcGrefacadMaster
  3
AcGrefServices
 90
     1024
 91
        1
280
     0
281
     0
  0
CLASS
  1
AMDTMENUSTATEMGR
  2
AmdtMenuStateMgr
  3
McadcomServices
 90
     1024
 91
        1
280
     0
281
     0
  0
CLASS
  1
AMDTMCOMMENUSTATE
  2
AmdtMcomMenuState
  3
McadcomServices
 90
     1024
 91
        1
280
     0
281
     0
  0
CLASS
  1
AMIMASTER
  2
AmiMaster
  3
AmiServices
 90
     1024
 91
        1
280
     0
281
     0
  0
CLASS
  1
MAPIAMMOUDLE
  2
MApiAmModule
  3
MApiAmServices
 90
     1024
 91
        1
280
     0
281
     0
  0
CLASS
  1
AMDTADMENUSTATE
  2
AmdtAdMenuState
  3
DesignerServices
 90
     1024
 91
        0
280
     0
281
     0
  0
CLASS
  1
ADAPPL
  2
AcAdAppl
  3
DesignerAssemblies
 90
     1024
 91
        0
280
     0
281
     0
  0
CLASS
  1
DEPMGR
  2
AcAdDepMgr
  3
DesignerAssemblies
 90
     1024
 91
        0
280
     0
281
     0
  0
CLASS
  1
PARAMMGR
  2
AcAdParamMgr
  3
DesignerAssemblies
 90
     1024
 91
        0
280
     0
281
     0
  0
CLASS
  1
PARAMSCOPE
  2
AcAdParamScope
  3
DesignerAssemblies
 90
     1024
 91
        0
280
     0
281
     0
  0
CLASS
  1
NAMEDAPPL
  2
AcAdNamedAppl
  3
DesignerAssemblies
 90
     1024
 91
        0
280
     0
281
     0
  0
CLASS
  1
AMDTDMMENUSTATE
  2
AmdtDmMenuState
  3
AcMechDwgViewMgmt
 90
     1024
 91
        0
280
     0
281
     0
  0
CLASS
  1
AMDTAMMENUSTATE
  2
AmdtAmMenuState
  3
DesignerAssemblies
 90
     1024
 91
        1
280
     0
281
     0
  0
CLASS
  1
ACAMPROJECT
  2
AcAmProject
  3
DesignerAssemblies
 90
     1024
 91
        1
280
     0
281
     0
  0
CLASS
  1
ACAMGRCOMPDEF
  2
AcAmGrCompDef
  3
DesignerAssemblies
 90
     1024
 91
        1
280
     0
281
     0
  0
CLASS
  1
ACCMCONTEXT
  2
AcCmContext
  3
DesignerAssemblies
 90
     1024
 91
        0
280
     0
281
     0
  0
CLASS
  1
ACAMCOMPDEF
  2
AcAmCompDef
  3
DesignerAssemblies
 90
     1024
 91
        1
280
     0
281
     0
  0
CLASS
  1
ACAMCOMPDEFMGR
  2
AcAmCompDefMgr
  3
DesignerAssemblies
 90
     1024
 91
        1
280
     0
281
     0
  0
CLASS
  1
AMCONTEXTMGR
  2
AcAmContextMgr
  3
DesignerAssemblies
 90
     1024
 91
        1
280
     0
281
     0
  0
CLASS
  1
ACAMCONTEXTMODELER
  2
AcAmContextModeler
  3
DesignerAssemblies
 90
     1024
 91
        1
280
     0
281
     0
  0
CLASS
  1
ACAMGTITLESTD
  2
AcAmgTitleStd
  3
"AmgTitle|Product Description: AutoCAD Mechanical|Company: Autodesk, Inc."
 90
     1024
 91
        0
280
     0
281
     0
  0
CLASS
  1
ACMDETAILSTANDARDISO
  2
AmdtDetailSymStdISO
  3
"Amdt_StdImp|Product Description: AutoCAD Mechanical|Company: Autodesk, Inc."
 90
     1024
 91
        0
280
     0
281
     0
  0
CLASS
  1
ACMSECTIONSTANDARDISO
  2
AmdtSectionSymStdISO
  3
"Amdt_StdImp|Product Description: AutoCAD Mechanical|Company: Autodesk, Inc."
 90
     1024
 91
        0
280
     0
281
     0
  0
CLASS
  1
ACMCENTERLINESTANDARDISO
  2
AmdtCenterLineStdISO
  3
"Amdt_StdImp|Product Description: AutoCAD Mechanical|Company: Autodesk, Inc."
 90
     1024
 91
        0
280
     0
281
     0
  0
CLASS
  1
ACMTHREADLINESTANDARDISO
  2
AmdtThreadLineStdISO
  3
"Amdt_StdImp|Product Description: AutoCAD Mechanical|Company: Autodesk, Inc."
 90
     1024
 91
        0
280
     0
281
     0
  0
CLASS
  1
ACMNOTESTANDARDISO
  2
AmdtNoteStdISO
  3
"Amdt_StdImp|Product Description: AutoCAD Mechanical|Company: Autodesk, Inc."
 90
     1024
 91
        0
280
     0
281
     0
  0
CLASS
  1
AMDTNOTETEMPLATEDB
  2
AmdtNoteTemplateDB
  3
AcmSymBB|Product Description: AutoCAD Mechanical|Company: Autodesk, Inc.
 90
     1024
 91
        0
280
     0
281
     0
  0
CLASS
  1
ACAMGLAYSTD
  2
AcAmgLayStd
  3
"AmgLay|Product Description: AutoCAD Mechanical|Company: Autodesk, Inc."
 90
     1024
 91
        0
280
     0
281
     0
  0
CLASS
  1
ACAMGDIMSTD
  2
AcAmgDimStd
  3
"AmgDim|Product Description: AutoCAD Mechanical|Company: Autodesk, Inc."
 90
     1024
 91
        0
280
     0
281
     0
  0
CLASS
  1
ACAMGHOLECHARTSTDISO
  2
AcAmgHoleChartStdISO
  3
AmgDim|Product Description: AutoCAD Mechanical|Company: Autodesk, Inc.
 90
     1024
 91
        0
280
     0
281
     0
  0
CLASS
  1
CATALOGSTATE
  2
AcAmCatalogState
  3
DesignerAssemblies
 90
     1024
 91
        0
280
     0
281
     0
  0
CLASS
  1
ACAMGRCOMPDEFSET
  2
AcAmGrCompDefSet
  3
DesignerAssemblies
 90
     1024
 91
        1
280
     0
281
     0
  0
CLASS
  1
AMDTBROWSERDBTAB
  2
AmdtBrowserDbTab
  3
McadcomServices
 90
     1024
 91
        1
280
     0
281
     0
  0
CLASS
  1
CBROWSERAPPOBJECT
  2
CBrowserAppObject
  3
McadcomServices
 90
     1024
 91
        2
280
     0
281
     0
  0
CLASS
  1
DM_PLACEHOLDER
  2
AcDmSelsetPlaceholder
  3
McadcomServices
 90
     1024
 91
        1
280
     0
281
     0
  0
CLASS
  1
PLOTSETTINGS
  2
AcDbPlotSettings
  3
ObjectDBX Classes
 90
        0
 91
        2
280
     0
281
     0
  0
CLASS
  1
ACMSTANDARDANSI
  2
AcmStandardANSI
  3
"Amdt_StdImp|Product Description: AutoCAD Mechanical|Company: Autodesk, Inc."
 90
     1024
 91
        0
280
     0
281
     0
  0
CLASS
  1
ACMSURFSTANDARDANSI
  2
AcmSurfTextStdANSI
  3
"Amdt_StdImp|Product Description: AutoCAD Mechanical|Company: Autodesk, Inc."
 90
     1024
 91
        0
280
     0
281
     0
  0
CLASS
  1
ACMFCFSTANDARDANSI
  2
AcmFCFStdANSI
  3
"Amdt_StdImp|Product Description: AutoCAD Mechanical|Company: Autodesk, Inc."
 90
     1024
 91
        0
280
     0
281
     0
  0
CLASS
  1
ACMWELDSTANDARDANSI
  2
AcmWeldingStdANSI
  3
"Amdt_StdImp|Product Description: AutoCAD Mechanical|Company: Autodesk, Inc."
 90
     1024
 91
        0
280
     0
281
     0
  0
CLASS
  1
ACMIDSTANDARDANSI
  2
AcmIdStdANSI
  3
"Amdt_StdImp|Product Description: AutoCAD Mechanical|Company: Autodesk, Inc."
 90
     1024
 91
        0
280
     0
281
     0
  0
CLASS
  1
ACMDATUMSTANDARDANSI
  2
AcmDatumStdANSI
  3
"Amdt_StdImp|Product Description: AutoCAD Mechanical|Company: Autodesk, Inc."
 90
     1024
 91
        0
280
     0
281
     0
  0
CLASS
  1
ACMBOMSTANDARDANSI
  2
AcmBOMStdANSI
  3
"Amdt_StdImp|Product Description: AutoCAD Mechanical|Company: Autodesk, Inc."
 90
     1024
 91
        0
280
     0
281
     0
  0
CLASS
  1
ACMDETAILSTANDARDANSI
  2
AmdtDetailSymStdANSI
  3
"Amdt_StdImp|Product Description: AutoCAD Mechanical|Company: Autodesk, Inc."
 90
     1024
 91
        0
280
     0
281
     0
  0
CLASS
  1
ACMSECTIONSTANDARDANSI
  2
AmdtSectionSymStdANSI
  3
"Amdt_StdImp|Product Description: AutoCAD Mechanical|Company: Autodesk, Inc."
 90
     1024
 91
        0
280
     0
281
     0
  0
CLASS
  1
ACMCENTERLINESTANDARDANSI
  2
AmdtCenterLineStdANSI
  3
"Amdt_StdImp|Product Description: AutoCAD Mechanical|Company: Autodesk, Inc."
 90
     1024
 91
        0
280
     0
281
     0
  0
CLASS
  1
ACMTHREADLINESTANDARDANSI
  2
AmdtThreadLineStdANSI
  3
"Amdt_StdImp|Product Description: AutoCAD Mechanical|Company: Autodesk, Inc."
 90
     1024
 91
        0
280
     0
281
     0
  0
CLASS
  1
ACMNOTESTANDARDANSI
  2
AmdtNoteStdANSI
  3
"Amdt_StdImp|Product Description: AutoCAD Mechanical|Company: Autodesk, Inc."
 90
     1024
 91
        0
280
     0
281
     0
  0
CLASS
  1
ACAMGHOLECHARTSTDANSI
  2
AcAmgHoleChartStdANSI
  3
AmgDim|Product Description: AutoCAD Mechanical|Company: Autodesk, Inc.
 90
     1024
 91
        0
280
     0
281
     0
  0
CLASS
  1
ACMSTANDARDDIN
  2
AcmStandardDIN
  3
"Amdt_StdImp|Product Description: AutoCAD Mechanical|Company: Autodesk, Inc."
 90
     1024
 91
        0
280
     0
281
     0
  0
CLASS
  1
AMDTEDGESTANDARDDIN13715
  2
AmdtEdgeStdDIN13715
  3
"Amdt_StdImp|Product Description: AutoCAD Mechanical|Company: Autodesk, Inc."
 90
     1024
 91
        0
280
     0
281
     0
  0
CLASS
  1
ACMSURFSTANDARDDIN
  2
AcmSurfTextStdDIN
  3
"Amdt_StdImp|Product Description: AutoCAD Mechanical|Company: Autodesk, Inc."
 90
     1024
 91
        0
280
     0
281
     0
  0
CLASS
  1
ACMFCFSTANDARDDIN
  2
AcmFCFStdDIN
  3
"Amdt_StdImp|Product Description: AutoCAD Mechanical|Company: Autodesk, Inc."
 90
     1024
 91
        0
280
     0
281
     0
  0
CLASS
  1
ACMWELDSTANDARDDIN
  2
AcmWeldingStdDIN
  3
"Amdt_StdImp|Product Description: AutoCAD Mechanical|Company: Autodesk, Inc."
 90
     1024
 91
        0
280
     0
281
     0
  0
CLASS
  1
ACMIDSTANDARDDIN
  2
AcmIdStdDIN
  3
"Amdt_StdImp|Product Description: AutoCAD Mechanical|Company: Autodesk, Inc."
 90
     1024
 91
        0
280
     0
281
     0
  0
CLASS
  1
ACMDATUMSTANDARDDIN
  2
AcmDatumStdDIN
  3
"Amdt_StdImp|Product Description: AutoCAD Mechanical|Company: Autodesk, Inc."
 90
     1024
 91
        0
280
     0
281
     0
  0
CLASS
  1
ACMBOMSTANDARDDIN
  2
AcmBOMStdDIN
  3
"Amdt_StdImp|Product Description: AutoCAD Mechanical|Company: Autodesk, Inc."
 90
     1024
 91
        0
280
     0
281
     0
  0
CLASS
  1
ACMDETAILSTANDARDDIN
  2
AmdtDetailSymStdDIN
  3
"Amdt_StdImp|Product Description: AutoCAD Mechanical|Company: Autodesk, Inc."
 90
     1024
 91
        0
280
     0
281
     0
  0
CLASS
  1
ACMSECTIONSTANDARDDIN
  2
AmdtSectionSymStdDIN
  3
"Amdt_StdImp|Product Description: AutoCAD Mechanical|Company: Autodesk, Inc."
 90
     1024
 91
        0
280
     0
281
     0
  0
CLASS
  1
ACMCENTERLINESTANDARDDIN
  2
AmdtCenterLineStdDIN
  3
"Amdt_StdImp|Product Description: AutoCAD Mechanical|Company: Autodesk, Inc."
 90
     1024
 91
        0
280
     0
281
     0
  0
CLASS
  1
ACMTHREADLINESTANDARDDIN
  2
AmdtThreadLineStdDIN
  3
"Amdt_StdImp|Product Description: AutoCAD Mechanical|Company: Autodesk, Inc."
 90
     1024
 91
        0
280
     0
281
     0
  0
CLASS
  1
ACMNOTESTANDARDDIN
  2
AmdtNoteStdDIN
  3
"Amdt_StdImp|Product Description: AutoCAD Mechanical|Company: Autodesk, Inc."
 90
     1024
 91
        0
280
     0
281
     0
  0
CLASS
  1
ACAMGHOLECHARTSTDDIN
  2
AcAmgHoleChartStdDIN
  3
AmgDim|Product Description: AutoCAD Mechanical|Company: Autodesk, Inc.
 90
     1024
 91
        0
280
     0
281
     0
  0
CLASS
  1
SORTENTSTABLE
  2
AcDbSortentsTable
  3
ObjectDBX Classes
 90
        0
 91
        1
280
     0
281
     0
  0
CLASS
  1
ACAMSTDPCOMPDEF
  2
AcAmStdpCompDef
  3
DesignerAssemblies
 90
     1024
 91
        0
280
     0
281
     0
  0
CLASS
  1
ACRFATTGENMGR
  2
AcRfAttGeneralMgr
  3
AcAttribServices
 90
     1024
 91
        0
280
     0
281
     0
  0
CLASS
  1
ACRFOBJATTMGR
  2
AcRfObjAttGroupMgr
  3
AcAttribServices
 90
     1024
 91
        0
280
     0
281
     0
  0
CLASS
  1
ACRFMCADAPIATTHOLDER
  2
AcRfMCADAPIAttHolder
  3
AcAttribServices
 90
     1024
 91
        0
280
     0
281
     0
  0
CLASS
  1
AMDTSYSATTR
  2
AmdtSystemAttribute
  3
AcAttribServices
 90
     1024
 91
        0
280
     0
281
     0
  0
CLASS
  1
ACAMCOMP
  2
AcAmComp
  3
DesignerAssemblies
 90
     1024
 91
        0
280
     0
281
     0
  0
CLASS
  1
AC_AM_STDP_VIEW_DEF
  2
AcAmStdpViewDef
  3
DesignerAssemblies
 90
     1024
 91
        0
280
     0
281
     0
  0
CLASS
  1
AC_AM_MVD_DEP_MGR
  2
AcAmMVDdepMgr
  3
DesignerAssemblies
 90
     1024
 91
        0
280
     0
281
     0
  0
CLASS
  1
AC_AM_MASTER_VIEW_DEF
  2
AcAmMasterViewDef
  3
DesignerAssemblies
 90
     1024
 91
        0
280
     0
281
     0
  0
CLASS
  1
AC_AM_DIRTY_NODES
  2
AcAmDirtyNodes
  3
DesignerAssemblies
 90
     1024
 91
        0
280
     0
281
     0
  0
CLASS
  1
AC_AM_MAPPER_CACHE
  2
AcAmMapperCache
  3
DesignerAssemblies
 90
     1024
 91
        0
280
     0
281
     0
  0
CLASS
  1
ACAMMVDBACKUPOBJECT
  2
AcAmMVDBackupObject
  3
DesignerAssemblies
 90
     1024
 91
        0
280
     0
281
     0
  0
CLASS
  1
AC_AM_COMP_VIEW_INST
  2
AcAmCompView
  3
DesignerAssemblies
 90
     1024
 91
        0
280
     0
281
     0
  0
CLASS
  1
AC_AM_2D_XREF_MGR
  2
AcAmXrefMgr2d
  3
DesignerAssemblies
 90
     1024
 91
        0
280
     0
281
     0
  0
CLASS
  1
AC_AM_PROPS_OVERRIDE
  2
AcAmPropertiesOverride
  3
DesignerAssemblies
 90
     1024
 91
        0
280
     0
281
     0
  0
CLASS
  1
AC_AM_OVERRIDE_FILTER
  2
AcAmOverrideFilter
  3
DesignerAssemblies
 90
     1024
 91
        0
280
     0
281
     0
  0
CLASS
  1
AC_AM_TRANSFORM_GHOST
  2
AcDbTransformGhost
  3
DesignerAssemblies
 90
     1024
 91
        0
280
     0
281
     1
  0
CLASS
  1
MATERIAL
  2
AcDbMaterial
  3
ObjectDBX Classes
 90
     1153
 91
        3
280
     0
281
     0
  0
CLASS
  1
VISUALSTYLE
  2
AcDbVisualStyle
  3
ObjectDBX Classes
 90
     4095
 91
       26
280
     0
281
     0
  0
CLASS
  1
SCALE
  2
AcDbScale
  3
ObjectDBX Classes
 90
     1153
 91
       33
280
     0
281
     0
  0
CLASS
  1
MLEADERSTYLE
  2
AcDbMLeaderStyle
  3
ACDB_MLEADERSTYLE_CLASS
 90
     4095
 91
        1
280
     0
281
     0
  0
CLASS
  1
ACMTAPERSTANDARDISO
  2
AcmTaperStdISO
  3
"Amdt_StdImp|Product Description: AutoCAD Mechanical|Company: Autodesk, Inc."
 90
     1024
 91
        0
280
     0
281
     0
  0
CLASS
  1
ACMANOOTATIONVIEWSTANDARDISO
  2
AmdtAnViewStdISO
  3
"Amdt_StdImp|Product Description: AutoCAD Mechanical|Company: Autodesk, Inc."
 90
     1024
 91
        0
280
     0
281
     0
  0
CLASS
  1
ACMTAPERSTANDARDANSI
  2
AcmTaperStdANSI
  3
"Amdt_StdImp|Product Description: AutoCAD Mechanical|Company: Autodesk, Inc."
 90
     1024
 91
        0
280
     0
281
     0
  0
CLASS
  1
ACMANOOTATIONVIEWSTANDARDANSI
  2
AmdtAnViewStdANSI
  3
"Amdt_StdImp|Product Description: AutoCAD Mechanical|Company: Autodesk, Inc."
 90
     1024
 91
        0
280
     0
281
     0
  0
CLASS
  1
ACMTAPERSTANDARDDIN
  2
AcmTaperStdDIN
  3
"Amdt_StdImp|Product Description: AutoCAD Mechanical|Company: Autodesk, Inc."
 90
     1024
 91
        0
280
     0
281
     0
  0
CLASS
  1
ACMANOOTATIONVIEWSTANDARDDIN
  2
AmdtAnViewStdDIN
  3
"Amdt_StdImp|Product Description: AutoCAD Mechanical|Company: Autodesk, Inc."
 90
     1024
 91
        0
280
     0
281
     0
  0
CLASS
  1
CELLSTYLEMAP
  2
AcDbCellStyleMap
  3
ObjectDBX Classes
 90
     1152
 91
        2
280
     0
281
     0
  0
CLASS
  1
ACMSURFSTANDARDDIN2002
  2
AcmSurfTextStdDIN2002
  3
"Amdt_StdImp|Product Description: AutoCAD Mechanical|Company: Autodesk, Inc."
 90
     1024
 91
        0
280
     0
281
     0
  0
CLASS
  1
ACDBSECTIONVIEWSTYLE
  2
AcDbSectionViewStyle
  3
ObjectDBX Classes
 90
     1025
 91
        1
280
     0
281
     0
  0
CLASS
  1
ACDBDETAILVIEWSTYLE
  2
AcDbDetailViewStyle
  3
ObjectDBX Classes
 90
     1025
 91
        1
280
     0
281
     0
  0
ENDSEC
  0
SECTION
  2
TABLES
  0
TABLE
  2
VPORT
  5
8
102
{ACAD_XDICTIONARY
360
8202
102
}
330
0
100
AcDbSymbolTable
 70
     1
  0
VPORT
  5
8260
330
8
100
AcDbSymbolTableRecord
100
AcDbViewportTableRecord
  2
*Active
 70
     0
 10
0.0
 20
0.0
 11
1.0
 21
1.0
 12
1030.916624065093
 22
187.2635649167941
 13
0.0
 23
0.0
 14
10.0
 24
10.0
 15
10.0
 25
10.0
 16
0.0
 26
0.0
 36
1.0
 17
0.0
 27
0.0
 37
0.0
 40
1351.304995721527
 41
2.037960954446854
 42
50.0
 43
0.0
 44
0.0
 50
0.0
 51
0.0
 71
     0
 72
   100
 73
     1
 74
     2
 75
     0
 76
     0
 77
     0
 78
     0
281
     0
 65
     0
110
-383.022981508824
120
-1939.285876251548
130
0.0
111
1.0
121
0.0
131
0.0
112
0.0
122
1.0
132
0.0
 79
     0
146
0.0
348
81EF
 60
     3
 61
     5
292
     1
282
     1
141
0.0
142
0.0
 63
   250
421
  3355443
1001
ACAD_NAV_VCDISPLAY
1070
     3
  0
ENDTAB
  0
TABLE
  2
LTYPE
  5
5
330
0
100
AcDbSymbolTable
 70
    12
  0
LTYPE
  5
14
330
5
100
AcDbSymbolTableRecord
100
AcDbLinetypeTableRecord
  2
ByBlock
 70
     0
  3

 72
    65
 73
     0
 40
0.0
  0
LTYPE
  5
15
330
5
100
AcDbSymbolTableRecord
100
AcDbLinetypeTableRecord
  2
ByLayer
 70
     0
  3

 72
    65
 73
     0
 40
0.0
  0
LTYPE
  5
16
330
5
100
AcDbSymbolTableRecord
100
AcDbLinetypeTableRecord
  2
Continuous
 70
     0
  3
Solid line
 72
    65
 73
     0
 40
0.0
  0
LTYPE
  5
86CD
330
5
100
AcDbSymbolTableRecord
100
AcDbLinetypeTableRecord
  2
STRICHPUNKT2
 70
     0
  3
Strichpunkt (.5x) _._._._._._._._._._._._._._._
 72
    65
 73
     4
 40
0.5
 49
0.25
 74
     0
 49
-0.125
 74
     0
 49
0.0
 74
     0
 49
-0.125
 74
     0
  0
LTYPE
  5
88E5
330
5
100
AcDbSymbolTableRecord
100
AcDbLinetypeTableRecord
  2
HIDDEN
 70
     0
  3
Hidden __ __ __ __ __ __ __ __ __ __ __ __ __ __
 72
    65
 73
     2
 40
9.525
 49
6.349999999999999
 74
     0
 49
-3.174999999999999
 74
     0
  0
LTYPE
  5
88E6
330
5
100
AcDbSymbolTableRecord
100
AcDbLinetypeTableRecord
  2
PHANTOM2
 70
     0
  3
Phantom (.5x) ___ _ _ ___ _ _ ___ _ _ ___ _ _
 72
    65
 73
     6
 40
31.75
 49
15.875
 74
     0
 49
-3.174999999999999
 74
     0
 49
3.174999999999999
 74
     0
 49
-3.174999999999999
 74
     0
 49
3.174999999999999
 74
     0
 49
-3.174999999999999
 74
     0
  0
LTYPE
  5
88E7
330
5
100
AcDbSymbolTableRecord
100
AcDbLinetypeTableRecord
  2
CENTER
 70
     0
  3
Center ____ _ ____ _ ____ _ ____ _ ____ _ ____
 72
    65
 73
     4
 40
50.8
 49
31.75
 74
     0
 49
-6.349999999999999
 74
     0
 49
6.349999999999999
 74
     0
 49
-6.349999999999999
 74
     0
  0
LTYPE
  5
8908
330
5
100
AcDbSymbolTableRecord
100
AcDbLinetypeTableRecord
  2
AM_ISO02W050
 70
     0
  3
__ __ __ __ __ __ __ __ __ __ __ __ __ __ __
 72
    65
 73
     2
 40
7.5
 49
6.0
 74
     0
 49
-1.5
 74
     0
  0
LTYPE
  5
8909
330
5
100
AcDbSymbolTableRecord
100
AcDbLinetypeTableRecord
  2
AM_ISO08W050
 70
     0
  3
____ . ____ . ____ . ____ . ____ . ____ . ____
 72
    65
 73
     4
 40
18.0
 49
12.0
 74
     0
 49
-1.5
 74
     0
 49
3.0
 74
     0
 49
-1.5
 74
     0
  0
LTYPE
  5
890A
330
5
100
AcDbSymbolTableRecord
100
AcDbLinetypeTableRecord
  2
AM_ISO09W050
 70
     0
  3
_____ . . _____ . . _____ . . ____ .. ____
 72
    65
 73
     6
 40
22.5
 49
12.0
 74
     0
 49
-1.5
 74
     0
 49
3.0
 74
     0
 49
-1.5
 74
     0
 49
3.0
 74
     0
 49
-1.5
 74
     0
  0
LTYPE
  5
890B
330
5
100
AcDbSymbolTableRecord
100
AcDbLinetypeTableRecord
  2
Amconstr
 70
     0
  3
_______________________
 72
    65
 73
     2
 40
9999.0
 49
9999.0
 74
     0
 49
0.0
 74
     0
  0
LTYPE
  5
890C
330
5
100
AcDbSymbolTableRecord
100
AcDbLinetypeTableRecord
  2
AM_ISO08W050x2
 70
     0
  3
__ . __ . __ . __ . __ . __
 72
    65
 73
     4
 40
9.0
 49
6.0
 74
     0
 49
-0.75
 74
     0
 49
1.5
 74
     0
 49
-0.75
 74
     0
  0
LTYPE
  5
890D
330
5
100
AcDbSymbolTableRecord
100
AcDbLinetypeTableRecord
  2
AM_ISO02W050x2
 70
     0
  3
 _ _ _ _ _ _ _ _ _ _ _ _
 72
    65
 73
     2
 40
3.75
 49
3.0
 74
     0
 49
-0.75
 74
     0
  0
LTYPE
  5
8910
330
5
100
AcDbSymbolTableRecord
100
AcDbLinetypeTableRecord
  2
Amzigzag
 70
     0
  3
/\/-/\/-/\/-/\/-/\/-/\/
 72
    65
 73
     2
 40
11.0001
 49
0.0001
 74
     4
 75
   136
340
890F
 46
0.04
 50
0.0
 44
0.0
 45
0.0
 49
-11.0
 74
     0
  0
ENDTAB
  0
TABLE
  2
LAYER
  5
2
102
{ACAD_XDICTIONARY
360
115C
102
}
330
0
100
AcDbSymbolTable
 70
     3
  0
LAYER
  5
10
102
{ACAD_XDICTIONARY
360
82AF
102
}
330
2
100
AcDbSymbolTableRecord
100
AcDbLayerTableRecord
  2
0
 70
     0
 62
     7
  6
Continuous
370
    -3
390
F
347
81E8
348
0
  0
LAYER
  5
79
330
2
100
AcDbSymbolTableRecord
100
AcDbLayerTableRecord
  2
Defpoints
 70
     0
 62
     7
  6
Continuous
290
     0
370
    -3
390
F
347
81E8
348
0
  0
LAYER
  5
830E
330
2
100
AcDbSymbolTableRecord
100
AcDbLayerTableRecord
  2
HALFEN
 70
     0
 62
     2
  6
Continuous
370
    -3
390
F
347
81E8
348
0
  0
ENDTAB
  0
TABLE
  2
STYLE
  5
3
330
0
100
AcDbSymbolTable
 70
     3
  0
STYLE
  5
11
330
3
100
AcDbSymbolTableRecord
100
AcDbTextStyleTableRecord
  2
Standard
 70
     0
 40
0.0
 41
1.0
 50
0.0
 71
     0
 42
100.0
  3
ARIAL.TTF
  4

1001
ACAD
1000
Arial
1071
       34
  0
STYLE
  5
F9E
330
3
100
AcDbSymbolTableRecord
100
AcDbTextStyleTableRecord
  2
ARIAL50
 70
     0
 40
5.0
 41
1.0
 50
0.0
 71
     0
 42
3.5
  3
ARIAL.TTF
  4

1001
ACAD
1000
Arial
1071
       34
  0
STYLE
  5
890F
330
3
100
AcDbSymbolTableRecord
100
AcDbTextStyleTableRecord
  2

 70
     1
 40
0.0
 41
1.0
 50
0.0
 71
     0
 42
100.0
  3
genltshp.shx
  4

  0
ENDTAB
  0
TABLE
  2
VIEW
  5
6
330
0
100
AcDbSymbolTable
 70
     0
  0
ENDTAB
  0
TABLE
  2
UCS
  5
7
330
0
100
AcDbSymbolTable
 70
     0
  0
ENDTAB
  0
TABLE
  2
APPID
  5
9
330
0
100
AcDbSymbolTable
 70
    50
  0
APPID
  5
12
330
9
100
AcDbSymbolTableRecord
100
AcDbRegAppTableRecord
  2
ACAD
 70
     0
  0
APPID
  5
51
330
9
100
AcDbSymbolTableRecord
100
AcDbRegAppTableRecord
  2
MCAD_NO_VIS
 70
     0
  0
APPID
  5
52
330
9
100
AcDbSymbolTableRecord
100
AcDbRegAppTableRecord
  2
ACAD_TEMP_GRAPHIC
 70
     0
  0
APPID
  5
CD
330
9
100
AcDbSymbolTableRecord
100
AcDbRegAppTableRecord
  2
GENIUS_GENDTOL_13
 70
     0
  0
APPID
  5
230
330
9
100
AcDbSymbolTableRecord
100
AcDbRegAppTableRecord
  2
GENIUS_GENODEF_13
 70
     0
  0
APPID
  5
231
330
9
100
AcDbSymbolTableRecord
100
AcDbRegAppTableRecord
  2
GENIUS_GENOBJ-N-CRS_13
 70
     0
  0
APPID
  5
232
330
9
100
AcDbSymbolTableRecord
100
AcDbRegAppTableRecord
  2
GENIUS_GENOENT_13
 70
     0
  0
APPID
  5
233
330
9
100
AcDbSymbolTableRecord
100
AcDbRegAppTableRecord
  2
GENIUS_GENOREF_13
 70
     0
  0
APPID
  5
234
330
9
100
AcDbSymbolTableRecord
100
AcDbRegAppTableRecord
  2
GENIUS_GENOLIS_13
 70
     0
  0
APPID
  5
2F2
330
9
100
AcDbSymbolTableRecord
100
AcDbRegAppTableRecord
  2
GENIUS_GEFWELD_13
 70
     0
  0
APPID
  5
2F4
330
9
100
AcDbSymbolTableRecord
100
AcDbRegAppTableRecord
  2
GENIUS_GENOBJ-F-WELS_13
 70
     0
  0
APPID
  5
648
330
9
100
AcDbSymbolTableRecord
100
AcDbRegAppTableRecord
  2
GENIUS_GENOBJ-N-CEN_13
 70
     0
  0
APPID
  5
6D4
330
9
100
AcDbSymbolTableRecord
100
AcDbRegAppTableRecord
  2
GENIUS_GENOBJ-N-CRC_13
 70
     0
  0
APPID
  5
6D5
330
9
100
AcDbSymbolTableRecord
100
AcDbRegAppTableRecord
  2
GENIUS_GENCRC_14
 70
     0
  0
APPID
  5
70D
330
9
100
AcDbSymbolTableRecord
100
AcDbRegAppTableRecord
  2
GEVID1024035136
 70
     0
  0
APPID
  5
70E
330
9
100
AcDbSymbolTableRecord
100
AcDbRegAppTableRecord
  2
GEVDC
 70
     0
  0
APPID
  5
70F
330
9
100
AcDbSymbolTableRecord
100
AcDbRegAppTableRecord
  2
GEVRADREF
 70
     0
  0
APPID
  5
713
330
9
100
AcDbSymbolTableRecord
100
AcDbRegAppTableRecord
  2
GENIUS_GENBH_13
 70
     0
  0
APPID
  5
715
330
9
100
AcDbSymbolTableRecord
100
AcDbRegAppTableRecord
  2
GENIUS_GENOBJ-NBEHI-BHF_13
 70
     0
  0
APPID
  5
717
330
9
100
AcDbSymbolTableRecord
100
AcDbRegAppTableRecord
  2
GENIUS_GENOBJ-NBEHI-BHB_13
 70
     0
  0
APPID
  5
844
330
9
100
AcDbSymbolTableRecord
100
AcDbRegAppTableRecord
  2
AD_DRAW
 70
     0
  0
APPID
  5
847
330
9
100
AcDbSymbolTableRecord
100
AcDbRegAppTableRecord
  2
ACATTRIBSERVICES
 70
     0
  0
APPID
  5
865
330
9
100
AcDbSymbolTableRecord
100
AcDbRegAppTableRecord
  2
DESIGNERASSEMBLIES
 70
     0
  0
APPID
  5
878
330
9
100
AcDbSymbolTableRecord
100
AcDbRegAppTableRecord
  2
ACADM_DIM_EDIT
 70
     0
  0
APPID
  5
879
330
9
100
AcDbSymbolTableRecord
100
AcDbRegAppTableRecord
  2
AMDT_DM_ADJ
 70
     0
  0
APPID
  5
87F
330
9
100
AcDbSymbolTableRecord
100
AcDbRegAppTableRecord
  2
ACAD_DSTYLE_DIMTEXT_FILL
 70
     0
  0
APPID
  5
924
330
9
100
AcDbSymbolTableRecord
100
AcDbRegAppTableRecord
  2
GENIUS_GENDIMSH_14
 70
     0
  0
APPID
  5
975
330
9
100
AcDbSymbolTableRecord
100
AcDbRegAppTableRecord
  2
ACAD_PSEXT
 70
     0
  0
APPID
  5
115B
330
9
100
AcDbSymbolTableRecord
100
AcDbRegAppTableRecord
  2
AcAecLayerStandard
 70
     0
  0
APPID
  5
17C5
330
9
100
AcDbSymbolTableRecord
100
AcDbRegAppTableRecord
  2
GENIUS_GENREC_14
 70
     0
  0
APPID
  5
17C6
330
9
100
AcDbSymbolTableRecord
100
AcDbRegAppTableRecord
  2
GENIUS_GENOBJ-N-REC_13
 70
     0
  0
APPID
  5
30F3
330
9
100
AcDbSymbolTableRecord
100
AcDbRegAppTableRecord
  2
GENIUS_GENOBJ-N-FIL_13
 70
     0
  0
APPID
  5
3DCB
330
9
100
AcDbSymbolTableRecord
100
AcDbRegAppTableRecord
  2
GEVID1155112867
 70
     0
  0
APPID
  5
3DCC
330
9
100
AcDbSymbolTableRecord
100
AcDbRegAppTableRecord
  2
GEVMK
 70
     0
  0
APPID
  5
3DE5
330
9
100
AcDbSymbolTableRecord
100
AcDbRegAppTableRecord
  2
AMG_2DHIDE
 70
     0
  0
APPID
  5
3DE6
330
9
100
AcDbSymbolTableRecord
100
AcDbRegAppTableRecord
  2
AMG_2DSTRUCT_BTR
 70
     0
  0
APPID
  5
3DF7
330
9
100
AcDbSymbolTableRecord
100
AcDbRegAppTableRecord
  2
ACADM_2DVIEW_IGN_NOTIFY
 70
     0
  0
APPID
  5
664A
330
9
100
AcDbSymbolTableRecord
100
AcDbRegAppTableRecord
  2
GEVID1193061521
 70
     0
  0
APPID
  5
6AE4
330
9
100
AcDbSymbolTableRecord
100
AcDbRegAppTableRecord
  2
GEVID1193124671
 70
     0
  0
APPID
  5
81BA
330
9
100
AcDbSymbolTableRecord
100
AcDbRegAppTableRecord
  2
GENIUS_GENFIL_13
 70
     0
  0
APPID
  5
81BB
330
9
100
AcDbSymbolTableRecord
100
AcDbRegAppTableRecord
  2
GENIUS_GENOBJ-N-CHA_13
 70
     0
  0
APPID
  5
8286
330
9
100
AcDbSymbolTableRecord
100
AcDbRegAppTableRecord
  2
ACAD_MLEADERVER
 70
     0
  0
APPID
  5
831A
330
9
100
AcDbSymbolTableRecord
100
AcDbRegAppTableRecord
  2
ACLAYERTOOLS
 70
     0
  0
APPID
  5
8363
330
9
100
AcDbSymbolTableRecord
100
AcDbRegAppTableRecord
  2
ACAD_EXEMPT_FROM_CAD_STANDARDS
 70
     0
  0
APPID
  5
8402
330
9
100
AcDbSymbolTableRecord
100
AcDbRegAppTableRecord
  2
ACAD_DSTYLE_DIMINSPECT
 70
     0
  0
APPID
  5
8743
330
9
100
AcDbSymbolTableRecord
100
AcDbRegAppTableRecord
  2
ACAD_DSTYLE_DIMJOGGED_JOGANGLE_SYMBOL
 70
     0
  0
APPID
  5
8744
330
9
100
AcDbSymbolTableRecord
100
AcDbRegAppTableRecord
  2
ACAD_DSTYLE_DIM_LINETYPE
 70
     0
  0
APPID
  5
8745
330
9
100
AcDbSymbolTableRecord
100
AcDbRegAppTableRecord
  2
ACAD_DSTYLE_DIM_EXT1_LINETYPE
 70
     0
  0
APPID
  5
8746
330
9
100
AcDbSymbolTableRecord
100
AcDbRegAppTableRecord
  2
ACAD_DSTYLE_DIM_EXT2_LINETYPE
 70
     0
  0
APPID
  5
88D1
330
9
100
AcDbSymbolTableRecord
100
AcDbRegAppTableRecord
  2
ACAD_NAV_VCDISPLAY
 70
     0
  0
ENDTAB
  0
TABLE
  2
DIMSTYLE
  5
A
330
0
100
AcDbSymbolTable
 70
     2
100
AcDbDimStyleTable
 71
     1
340
86B5
  0
DIMSTYLE
105
FA2
330
A
100
AcDbSymbolTableRecord
100
AcDbDimStyleTableRecord
  2
STANDARD
 70
     0
340
11
  0
DIMSTYLE
105
86B5
330
A
100
AcDbSymbolTableRecord
100
AcDbDimStyleTableRecord
  2
AM_DIN
 70
     0
  4
"
 41
3.5
 42
1.0
 43
10.0
 44
1.0
 47
0.1
 48
0.1
 50
90.0
 73
     0
 74
     0
 77
     1
 78
     8
 79
     2
140
3.5
141
0.0
143
0.0393701
146
0.71
147
1.5
172
     1
176
   256
177
   256
178
     2
271
     2
272
     3
274
     4
283
     0
284
     8
340
11
345
14
346
14
347
14
371
    -1
372
    -1
1001
ACAD_DSTYLE_DIMJOGGED_JOGANGLE_SYMBOL
1070
   384
1040
1.570796326794896
  0
ENDTAB
  0
TABLE
  2
BLOCK_RECORD
  5
1
330
0
100
AcDbSymbolTable
 70
     2
  0
BLOCK_RECORD
  5
1F
102
{ACAD_XDICTIONARY
360
1BF
102
}
330
1
100
AcDbSymbolTableRecord
100
AcDbBlockTableRecord
  2
*Model_Space
340
22
 70
     0
280
     1
281
     0
  0
BLOCK_RECORD
  5
1B
330
1
100
AcDbSymbolTableRecord
100
AcDbBlockTableRecord
  2
*Paper_Space
340
1E
 70
     0
280
     1
281
     0
  0
BLOCK_RECORD
  5
23
330
1
100
AcDbSymbolTableRecord
100
AcDbBlockTableRecord
  2
*Paper_Space0
340
26
 70
     0
280
     1
281
     0
  0
ENDTAB
  0
ENDSEC
  0
SECTION
  2
BLOCKS
  0
BLOCK
  5
20
330
1F
100
AcDbEntity
  8
0
100
AcDbBlockBegin
  2
*Model_Space
 70
     0
 10
0.0
 20
0.0
 30
0.0
  3
*Model_Space
  1

  0
ENDBLK
  5
21
330
1F
100
AcDbEntity
  8
0
100
AcDbBlockEnd
  0
BLOCK
  5
1C
330
1B
100
AcDbEntity
 67
     1
  8
0
100
AcDbBlockBegin
  2
*Paper_Space
 70
     0
 10
0.0
 20
0.0
 30
0.0
  3
*Paper_Space
  1

  0
ENDBLK
  5
1D
330
1B
100
AcDbEntity
 67
     1
  8
0
100
AcDbBlockEnd
  0
BLOCK
  5
24
330
23
100
AcDbEntity
 67
     1
  8
0
100
AcDbBlockBegin
  2
*Paper_Space0
 70
     0
 10
0.0
 20
0.0
 30
0.0
  3
*Paper_Space0
  1

  0
ENDBLK
  5
25
330
23
100
AcDbEntity
 67
     1
  8
0
100
AcDbBlockEnd
  0
ENDSEC
  0
SECTION
  2
ENTITIES
  0
LINE
  5
3035
330
1F
100
AcDbEntity
  8
HALFEN
100
AcDbLine
 10
592.8855048862187
 20
792.5410497531994
 30
0.0
 11
760.0855184857214
 21
792.5410497531994
 31
0.0
  0
LINE
  5
3036
330
1F
100
AcDbEntity
  8
HALFEN
100
AcDbLine
 10
592.8855048862187
 20
802.5410497531995
 30
0.0
 11
760.0855184857214
 21
802.5410497531995
 31
0.0
  0
LINE
  5
3037
330
1F
100
AcDbEntity
  8
HALFEN
100
AcDbLine
 10
592.8855048862187
 20
820.5410497532001
 30
0.0
 11
760.0855184857214
 21
820.5410497532001
 31
0.0
  0
TEXT
  5
3038
330
1F
100
AcDbEntity
  8
HALFEN
100
AcDbText
 10
642.8501912188337
 20
813.0410497531993
 30
0.0
 40
5.0
  1
Halfen Body - Anker BA 612 - 1 -  A4
  7
ARIAL50
100
AcDbText
  0
TEXT
  5
3039
330
1F
100
AcDbEntity
  8
HALFEN
100
AcDbText
 10
597.8855048862187
 20
813.0410497531993
 30
0.0
 40
5.0
  1
Benennung
  7
ARIAL50
100
AcDbText
  0
TEXT
  5
303A
330
1F
100
AcDbEntity
  8
HALFEN
100
AcDbText
 10
597.8855048862187
 20
795.0410497531994
 30
0.0
 40
5.0
  1
Bestell-Nr.
  7
ARIAL50
100
AcDbText
  0
LINE
  5
303B
330
1F
100
AcDbEntity
  8
HALFEN
100
AcDbLine
 10
592.8855048862187
 20
792.5410497531994
 30
0.0
 11
592.8855048862187
 21
820.5410497532001
 31
0.0
  0
LINE
  5
303C
330
1F
100
AcDbEntity
  8
HALFEN
100
AcDbLine
 10
637.8501912188337
 20
792.5410497531994
 30
0.0
 11
637.8501912188337
 21
820.5410497532001
 31
0.0
  0
TEXT
  5
303D
330
1F
100
AcDbEntity
  8
HALFEN
100
AcDbText
 10
642.8501912188337
 20
795.0410497531994
 30
0.0
 40
5.0
  1
0754.010 - 00004
  7
ARIAL50
100
AcDbText
  0
LINE
  5
303E
330
1F
100
AcDbEntity
  8
HALFEN
100
AcDbLine
 10
760.0855184857214
 20
792.5410497531994
 30
0.0
 11
760.0855184857214
 21
820.5410497532001
 31
0.0
  0
LINE
  5
303F
330
1F
100
AcDbEntity
  8
HALFEN
100
AcDbLine
 10
482.5355282967562
 20
681.8019683466839
 30
0.0
 11
482.5355282967562
 21
702.8019683466832
 31
0.0
  0
ARC
  5
3040
330
1F
100
AcDbEntity
  8
HALFEN
100
AcDbCircle
 10
495.7855282967558
 20
691.8019683466837
 30
0.0
 40
21.24999999999962
100
AcDbArc
 50
151.9275130641468
 51
208.0724869358534
  0
LINE
  5
3041
330
1F
100
AcDbEntity
  8
HALFEN
100
AcDbLine
 10
550.5355282967562
 20
681.8019683466839
 30
0.0
 11
550.5355282967562
 21
701.8019683466833
 31
0.0
1001
ACAD
1000
ASC_BOUNDS
1002
{
1070
    19
1005
0
1002
}
  0
LINE
  5
3042
330
1F
100
AcDbEntity
  8
HALFEN
100
AcDbLine
 10
474.5355282967562
 20
701.8019683466832
 30
0.0
 11
474.5355282967558
 21
681.8019683466833
 31
0.0
  0
LINE
  5
3043
330
1F
100
AcDbEntity
  8
HALFEN
100
AcDbLine
 10
474.5355282967558
 20
681.8019683466833
 30
0.0
 11
550.5355282967562
 21
681.8019683466839
 31
0.0
1001
ACAD
1000
ASC_BOUNDS
1002
{
1070
    19
1002
}
  0
LINE
  5
3044
330
1F
100
AcDbEntity
  8
HALFEN
100
AcDbLine
 10
482.5355282967562
 20
704.3019683466837
 30
0.0
 11
541.5355282967562
 21
776.8019683466839
 31
0.0
  0
LINE
  5
3045
330
1F
100
AcDbEntity
  8
HALFEN
100
AcDbLine
 10
474.5355282967562
 20
701.8019683466832
 30
0.0
 11
482.5355282967558
 21
701.8019683466832
 31
0.0
  0
LINE
  5
3046
330
1F
100
AcDbEntity
  8
HALFEN
100
AcDbLine
 10
482.5355282967562
 20
704.3019683466837
 30
0.0
 11
482.5355282967558
 21
701.8019683466832
 31
0.0
  0
LINE
  5
3047
330
1F
100
AcDbEntity
  8
HALFEN
100
AcDbLine
 10
549.5355282967559
 20
702.8019683466833
 30
0.0
 11
549.5355282967562
 21
776.8019683466838
 31
0.0
1001
ACAD
1000
ASC_BOUNDS
1002
{
1070
    19
1005
0
1005
0
1005
0
1005
0
1005
0
1005
0
1005
0
1005
0
1005
0
1005
0
1005
0
1005
0
1005
0
1005
0
1005
0
1005
0
1005
0
1005
0
1005
0
1005
0
1005
0
1005
0
1005
0
1005
0
1005
0
1005
0
1005
0
1005
0
1005
0
1005
0
1005
0
1005
0
1002
}
  0
ARC
  5
3048
330
1F
100
AcDbEntity
  8
HALFEN
100
AcDbCircle
 10
550.5355282967562
 20
702.8019683466833
 30
0.0
 40
1.0
100
AcDbArc
 50
180.0
 51
270.0
1001
ACAD
1000
ASC_BOUNDS
1002
{
1070
    19
1002
}
  0
LINE
  5
3049
330
1F
100
AcDbEntity
  8
HALFEN
100
AcDbLine
 10
550.5355282967562
 20
701.8019683466833
 30
0.0
 11
550.5355282967562
 21
701.8019683466833
 31
0.0
1001
ACAD
1000
ASC_BOUNDS
1002
{
1070
    19
1002
}
  0
LINE
  5
304A
330
1F
100
AcDbEntity
  8
HALFEN
100
AcDbLine
 10
541.5355282967562
 20
776.8019683466839
 30
0.0
 11
549.5355282967562
 21
776.8019683466838
 31
0.0
1001
ACAD
1000
ASC_BOUNDS
1002
{
1070
    19
1002
}
  0
LINE
  5
304B
330
1F
100
AcDbEntity
  8
HALFEN
100
AcDbLine
 10
598.9431045801695
 20
693.8019683466832
 30
0.0
 11
598.9431045801695
 21
776.8019683466832
 31
0.0
  0
LINE
  5
304C
330
1F
100
AcDbEntity
  8
HALFEN
100
AcDbLine
 10
617.9431045801695
 20
693.8019683466832
 30
0.0
 11
617.9431045801695
 21
776.8019683466834
 31
0.0
  0
LINE
  5
304D
330
1F
100
AcDbEntity
  8
HALFEN
100
AcDbLine
 10
619.9431045801695
 20
681.8019683466834
 30
0.0
 11
619.9431045801695
 21
776.8019683466834
 31
0.0
  0
LINE
  5
304E
330
1F
100
AcDbEntity
  8
HALFEN
100
AcDbLine
 10
596.9431045801695
 20
681.8019683466834
 30
0.0
 11
596.9431045801695
 21
776.8019683466832
 31
0.0
  0
LINE
  5
304F
330
1F
100
AcDbEntity
  8
HALFEN
100
AcDbLine
 10
620.9431045801696
 20
681.8019683466834
 30
0.0
 11
620.9431045801696
 21
776.8019683466832
 31
0.0
  0
LINE
  5
3050
330
1F
100
AcDbEntity
  8
HALFEN
100
AcDbLine
 10
595.9431045801696
 20
681.8019683466834
 30
0.0
 11
595.9431045801696
 21
776.8019683466832
 31
0.0
  0
LINE
  5
3051
330
1F
100
AcDbEntity
  8
HALFEN
100
AcDbLine
 10
598.4431045801695
 20
689.8019683466832
 30
0.0
 11
618.4431045801695
 21
689.8019683466827
 31
0.0
  0
LINE
  5
3052
330
1F
100
AcDbEntity
  8
HALFEN
100
AcDbLine
 10
598.4431045801695
 20
693.8019683466832
 30
0.0
 11
618.4431045801695
 21
693.8019683466832
 31
0.0
  0
ARC
  5
3053
330
1F
100
AcDbEntity
  8
HALFEN
100
AcDbCircle
 10
608.4431045801696
 20
691.8019683466829
 30
0.0
 40
6.0
100
AcDbArc
 50
114.6243183521635
 51
160.5287793655091
  0
LINE
  5
3054
330
1F
100
AcDbEntity
  8
HALFEN
100
AcDbLine
 10
598.4431045801695
 20
689.8019683466832
 30
0.0
 11
598.4431045801698
 21
693.8019683466832
 31
0.0
  0
ARC
  5
3055
330
1F
100
AcDbEntity
  8
HALFEN
100
AcDbCircle
 10
608.4431045801696
 20
691.8019683466829
 30
0.0
 40
6.0
100
AcDbArc
 50
199.4712206344914
 51
245.375681647833
  0
LINE
  5
3056
330
1F
100
AcDbEntity
  8
HALFEN
100
AcDbLine
 10
598.9431045801695
 20
681.8019683466834
 30
0.0
 11
598.9431045801695
 21
689.8019683466827
 31
0.0
  0
LINE
  5
3057
330
1F
100
AcDbEntity
  8
HALFEN
100
AcDbLine
 10
598.9431045801695
 20
701.8019683466834
 30
0.0
 11
605.9431045801695
 21
701.8019683466834
 31
0.0
  0
LINE
  5
3058
330
1F
100
AcDbEntity
  8
HALFEN
100
AcDbLine
 10
595.9431045801696
 20
681.8019683466834
 30
0.0
 11
605.9431045801694
 21
681.8019683466834
 31
0.0
  0
ARC
  5
3059
330
1F
100
AcDbEntity
  8
HALFEN
100
AcDbCircle
 10
608.4431045801696
 20
691.8019683466829
 30
0.0
 40
6.0
100
AcDbArc
 50
294.6243183521635
 51
340.5287793655072
  0
LINE
  5
305A
330
1F
100
AcDbEntity
  8
HALFEN
100
AcDbLine
 10
610.9431045801693
 20
681.8019683466834
 30
0.0
 11
620.9431045801696
 21
681.8019683466834
 31
0.0
  0
LINE
  5
305B
330
1F
100
AcDbEntity
  8
HALFEN
100
AcDbLine
 10
610.9431045801695
 20
701.8019683466833
 30
0.0
 11
617.9431045801695
 21
701.8019683466832
 31
0.0
  0
ARC
  5
305C
330
1F
100
AcDbEntity
  8
HALFEN
100
AcDbCircle
 10
608.4431045801696
 20
691.8019683466829
 30
0.0
 40
6.0
100
AcDbArc
 50
19.47122063449085
 51
65.3756816478364
  0
LINE
  5
305D
330
1F
100
AcDbEntity
  8
HALFEN
100
AcDbLine
 10
618.4431045801695
 20
689.8019683466827
 30
0.0
 11
618.4431045801698
 21
693.8019683466832
 31
0.0
  0
LINE
  5
305E
330
1F
100
AcDbEntity
  8
HALFEN
100
AcDbLine
 10
617.9431045801695
 20
681.8019683466834
 30
0.0
 11
617.9431045801695
 21
689.8019683466827
 31
0.0
  0
LINE
  5
305F
330
1F
100
AcDbEntity
  8
HALFEN
100
AcDbLine
 10
595.9431045801696
 20
776.8019683466834
 30
0.0
 11
620.9431045801696
 21
776.8019683466834
 31
0.0
  0
LINE
  5
3060
330
1F
100
AcDbEntity
  8
HALFEN
100
AcDbLine
 10
605.9431045801694
 20
656.801968346683
 30
0.0
 11
610.9431045801692
 21
656.801968346683
 31
0.0
  0
LINE
  5
3061
330
1F
100
AcDbEntity
  8
HALFEN
100
AcDbLine
 10
605.9431045801695
 20
693.8019683466832
 30
0.0
 11
605.9431045801699
 21
726.801968346683
 31
0.0
  0
LINE
  5
3062
330
1F
100
AcDbEntity
  8
HALFEN
100
AcDbLine
 10
610.9431045801695
 20
693.8019683466832
 30
0.0
 11
610.9431045801698
 21
726.801968346683
 31
0.0
  0
LINE
  5
3063
330
1F
100
AcDbEntity
  8
HALFEN
100
AcDbLine
 10
605.9431045801694
 20
656.801968346683
 30
0.0
 11
605.9431045801694
 21
689.8019683466832
 31
0.0
  0
LINE
  5
3064
330
1F
100
AcDbEntity
  8
HALFEN
100
AcDbLine
 10
610.9431045801692
 20
656.801968346683
 30
0.0
 11
610.9431045801695
 21
689.8019683466827
 31
0.0
  0
LINE
  5
3065
330
1F
100
AcDbEntity
  8
HALFEN
100
AcDbLine
 10
605.9431045801699
 20
726.801968346683
 30
0.0
 11
610.9431045801698
 21
726.801968346683
 31
0.0
  0
LINE
  5
3066
330
1F
100
AcDbEntity
  8
HALFEN
100
AcDbLine
 10
450.5355741749997
 20
697.8019683466798
 30
0.0
 11
474.5355282967559
 21
697.8019683466798
 31
0.0
  0
LINE
  5
3068
330
1F
100
AcDbEntity
  8
HALFEN
100
AcDbLine
 10
450.5355741749997
 20
685.8019683466798
 30
0.0
 11
474.5355282967559
 21
685.8019683466798
 31
0.0
  0
LINE
  5
306A
330
1F
100
AcDbEntity
  8
HALFEN
100
AcDbLine
 10
450.5355741749997
 20
697.8019683466797
 30
0.0
 11
445.5355741749996
 21
693.8019683466797
 31
0.0
  0
LINE
  5
306C
330
1F
100
AcDbEntity
  8
HALFEN
100
AcDbLine
 10
423.5355741749998
 20
693.8019683466797
 30
0.0
 11
445.5355741749996
 21
693.8019683466797
 31
0.0
  0
LINE
  5
306D
330
1F
100
AcDbEntity
  8
HALFEN
100
AcDbLine
 10
423.5355741749998
 20
689.8019683466797
 30
0.0
 11
445.5355741749996
 21
689.8019683466797
 31
0.0
  0
LINE
  5
306E
330
1F
100
AcDbEntity
  8
HALFEN
100
AcDbLine
 10
423.5355741749998
 20
693.8019683466797
 30
0.0
 11
423.5355741749998
 21
689.8019683466797
 31
0.0
  0
LINE
  5
3071
330
1F
100
AcDbEntity
  8
HALFEN
100
AcDbLine
 10
450.5355741749997
 20
685.8019683466798
 30
0.0
 11
445.5355741749996
 21
689.8019683466797
 31
0.0
  0
LINE
  5
3072
330
1F
100
AcDbEntity
  8
HALFEN
100
AcDbLine
 10
428.0355741749998
 20
656.8019683466798
 30
0.0
 11
428.0355741749998
 21
689.8019683466797
 31
0.0
  0
LINE
  5
3073
330
1F
100
AcDbEntity
  8
HALFEN
100
AcDbLine
 10
428.0355741749998
 20
693.8019683466797
 30
0.0
 11
428.0355741749998
 21
726.8019683466796
 31
0.0
  0
LINE
  5
3074
330
1F
100
AcDbEntity
  8
HALFEN
100
AcDbLine
 10
433.035574175
 20
656.8019683466798
 30
0.0
 11
433.035574175
 21
689.8019683466797
 31
0.0
  0
LINE
  5
3075
330
1F
100
AcDbEntity
  8
HALFEN
100
AcDbLine
 10
433.035574175
 20
693.8019683466797
 30
0.0
 11
433.035574175
 21
726.8019683466796
 31
0.0
  0
LINE
  5
3076
330
1F
100
AcDbEntity
  8
HALFEN
100
AcDbLine
 10
433.035574175
 20
656.8019683466798
 30
0.0
 11
428.0355741749998
 21
656.8019683466798
 31
0.0
  0
LINE
  5
3077
330
1F
100
AcDbEntity
  8
HALFEN
100
AcDbLine
 10
433.035574175
 20
726.8019683466796
 30
0.0
 11
428.0355741749998
 21
726.8019683466796
 31
0.0
  0
LINE
  5
3078
330
1F
100
AcDbEntity
  8
HALFEN
100
AcDbLine
 10
546.0275352741075
 20
635.6271747430598
 30
0.0
 11
482.5355282967562
 21
634.72717474306
 31
0.0
  0
LINE
  5
3079
330
1F
100
AcDbEntity
  8
HALFEN
100
AcDbLine
 10
546.0275352741075
 20
637.62717474306
 30
0.0
 11
482.5355282967562
 21
636.7271747430598
 31
0.0
  0
LINE
  5
307A
330
1F
100
AcDbEntity
  8
HALFEN
100
AcDbLine
 10
482.5355282967558
 20
615.52717474306
 30
0.0
 11
546.0275352741075
 21
614.6271747430601
 31
0.0
  0
LINE
  5
307B
330
1F
100
AcDbEntity
  8
HALFEN
100
AcDbLine
 10
484.5355282967559
 20
634.6271747430598
 30
0.0
 11
484.5355282967561
 21
615.6271747430601
 31
0.0
  0
ARC
  5
307C
330
1F
100
AcDbEntity
  8
HALFEN
100
AcDbCircle
 10
493.8355282967559
 20
625.12717474306
 30
0.0
 40
19.29999999999991
100
AcDbArc
 50
150.5128743270611
 51
209.4871256729392
  0
LINE
  5
307D
330
1F
100
AcDbEntity
  8
HALFEN
100
AcDbLine
 10
474.5355282967558
 20
634.6271747430599
 30
0.0
 11
474.5355282967562
 21
615.6271747430601
 31
0.0
  0
LINE
  5
307E
330
1F
100
AcDbEntity
  8
HALFEN
100
AcDbLine
 10
474.5355282967562
 20
615.6271747430601
 30
0.0
 11
484.5355282967561
 21
615.6271747430601
 31
0.0
  0
LINE
  5
307F
330
1F
100
AcDbEntity
  8
HALFEN
100
AcDbLine
 10
482.5355282967562
 20
615.52717474306
 30
0.0
 11
482.5355282967558
 21
613.5271747430599
 31
0.0
  0
LINE
  5
3080
330
1F
100
AcDbEntity
  8
HALFEN
100
AcDbLine
 10
474.5355282967558
 20
634.6271747430599
 30
0.0
 11
484.5355282967559
 21
634.6271747430598
 31
0.0
  0
LINE
  5
3082
330
1F
100
AcDbEntity
  8
HALFEN
100
AcDbLine
 10
482.5355282967562
 20
636.7271747430598
 30
0.0
 11
482.5355282967562
 21
634.72717474306
 31
0.0
  0
ARC
  5
3083
330
1F
100
AcDbEntity
  8
HALFEN
100
AcDbCircle
 10
550.5275352741075
 20
632.1166404462383
 30
0.0
 40
1.0
100
AcDbArc
 50
137.9553848263048
 51
179.9999999999992
  0
LINE
  5
3084
330
1F
100
AcDbEntity
  8
HALFEN
100
AcDbLine
 10
547.5275352741075
 20
634.1271747430599
 30
0.0
 11
547.5275352741075
 21
616.1271747430601
 31
0.0
  0
LINE
  5
3085
330
1F
100
AcDbEntity
  8
HALFEN
100
AcDbLine
 10
549.5275352741075
 20
634.1271747430599
 30
0.0
 11
549.5275352741075
 21
616.1271747430601
 31
0.0
  0
ARC
  5
3086
330
1F
100
AcDbEntity
  8
HALFEN
100
AcDbCircle
 10
546.0275352741075
 20
616.1271747430601
 30
0.0
 40
1.5
100
AcDbArc
 50
270.0
 51
0.0
  0
ARC
  5
3087
330
1F
100
AcDbEntity
  8
HALFEN
100
AcDbCircle
 10
546.0275352741075
 20
616.1271747430601
 30
0.0
 40
3.5
100
AcDbArc
 50
270.0
 51
0.0
  0
LINE
  5
3088
330
1F
100
AcDbEntity
  8
HALFEN
 48
0.4
100
AcDbLine
 10
547.5275352741075
 20
619.42717474306
 30
0.0
 11
549.5275352741075
 21
619.42717474306
 31
0.0
  0
LINE
  5
3089
330
1F
100
AcDbEntity
  8
HALFEN
 48
0.4
100
AcDbLine
 10
547.5275352741075
 20
630.82717474306
 30
0.0
 11
549.5275352741075
 21
630.82717474306
 31
0.0
  0
ARC
  5
308A
330
1F
100
AcDbEntity
  8
HALFEN
100
AcDbCircle
 10
547.6191130081152
 20
634.7394993131581
 30
0.0
 40
2.91641528864085
100
AcDbArc
 50
317.9553848263049
 51
81.94969092382036
  0
ARC
  5
308B
330
1F
100
AcDbEntity
  8
HALFEN
100
AcDbCircle
 10
546.0275352741075
 20
634.1271747430599
 30
0.0
 40
3.5
100
AcDbArc
 50
0.0
 51
90.0
  0
ARC
  5
308C
330
1F
100
AcDbEntity
  8
HALFEN
100
AcDbCircle
 10
546.0275352741075
 20
634.1271747430599
 30
0.0
 40
1.5
100
AcDbArc
 50
0.0
 51
90.0
  0
LINE
  5
308D
330
1F
100
AcDbEntity
  8
HALFEN
100
AcDbLine
 10
548.0275352741073
 20
637.62717474306
 30
0.0
 11
546.0275352741075
 21
637.62717474306
 31
0.0
  0
ARC
  5
308E
330
1F
100
AcDbEntity
  8
HALFEN
100
AcDbCircle
 10
546.0275352741075
 20
634.1271747430599
 30
0.0
 40
1.5
100
AcDbArc
 50
359.9999999999996
 51
90.0
  0
LINE
  5
308F
330
1F
100
AcDbEntity
  8
HALFEN
100
AcDbLine
 10
546.0275352741075
 20
612.62717474306
 30
0.0
 11
482.5355282967562
 21
613.5271747430598
 31
0.0
  0
ARC
  5
3090
330
1F
100
AcDbEntity
  8
HALFEN
100
AcDbCircle
 10
547.6191130081152
 20
615.5148501729617
 30
0.0
 40
2.91641528864085
100
AcDbArc
 50
278.0503090761797
 51
42.04461517369513
  0
LINE
  5
3091
330
1F
100
AcDbEntity
  8
HALFEN
100
AcDbLine
 10
548.0275352741073
 20
612.6271747430599
 30
0.0
 11
546.0275352741075
 21
612.6271747430599
 31
0.0
  0
ARC
  5
3092
330
1F
100
AcDbEntity
  8
HALFEN
100
AcDbCircle
 10
550.5275352741075
 20
618.1377090398815
 30
0.0
 40
1.0
100
AcDbArc
 50
180.0000000000008
 51
222.0446151736951
  0
LINE
  5
3094
330
1F
100
AcDbEntity
  8
HALFEN
100
AcDbLine
 10
430.5355741750052
 20
635.1271747430601
 30
0.0
 11
438.5355741750013
 21
635.1271747430601
 31
0.0
  0
LINE
  5
3095
330
1F
100
AcDbEntity
  8
HALFEN
100
AcDbLine
 10
430.5355741749998
 20
615.1271747430601
 30
0.0
 11
438.5355741749958
 21
615.1271747430601
 31
0.0
  0
CIRCLE
  5
3097
330
1F
100
AcDbEntity
  8
HALFEN
100
AcDbCircle
 10
430.5355741749998
 20
625.12717474306
 30
0.0
 40
2.549999999999998
  0
ARC
  5
3099
330
1F
100
AcDbEntity
  8
HALFEN
100
AcDbCircle
 10
444.0904454661788
 20
625.1271747430553
 30
0.0
 40
20.55487129117615
100
AcDbArc
 50
153.1066652215763
 51
206.8933347783888
  0
ARC
  5
309A
330
1F
100
AcDbEntity
  8
HALFEN
100
AcDbCircle
 10
429.8776448784884
 20
648.5035540615228
 30
0.0
 40
33.38286337882215
100
AcDbArc
 50
264.2805177001621
 51
271.1292923651171
  0
ARC
  5
309B
330
1F
100
AcDbEntity
  8
HALFEN
100
AcDbCircle
 10
426.6504304677074
 20
616.2819009729812
 30
0.0
 40
1.0
100
AcDbArc
 50
206.8933347783888
 51
264.2805177001621
  0
ARC
  5
309C
330
1F
100
AcDbEntity
  8
HALFEN
100
AcDbCircle
 10
429.8776448784933
 20
601.7507954245977
 30
0.0
 40
33.38286337882191
100
AcDbArc
 50
88.87070763486988
 51
95.71948229983783
  0
ARC
  5
309D
330
1F
100
AcDbEntity
  8
HALFEN
100
AcDbCircle
 10
426.6504304677123
 20
633.9724485131388
 30
0.0
 40
1.0
100
AcDbArc
 50
95.71948229983783
 51
153.1066652215763
  0
LINE
  5
309E
330
1F
100
AcDbEntity
  8
HALFEN
100
AcDbLine
 10
450.5450843368785
 20
619.1271747430601
 30
0.0
 11
474.5355282967562
 21
619.1271747430601
 31
0.0
  0
LINE
  5
30A0
330
1F
100
AcDbEntity
  8
HALFEN
100
AcDbLine
 10
450.5450843368789
 20
631.1271747430601
 30
0.0
 11
474.5355282967558
 21
631.1271747430601
 31
0.0
  0
ARC
  5
30A3
330
1F
100
AcDbEntity
  8
HALFEN
100
AcDbCircle
 10
444.1085803200626
 20
625.1271747430601
 30
0.0
 40
6.426993854937293
100
AcDbArc
 50
308.9250348639506
 51
51.07496513604939
  0
ARC
  5
30A5
330
1F
100
AcDbEntity
  8
HALFEN
100
AcDbCircle
 10
435.0744189413879
 20
633.5176164256823
 30
0.0
 40
18.71330918980028
100
AcDbArc
 50
280.6586182674489
 51
314.3111239797497
  0
ARC
  5
30A6
330
1F
100
AcDbEntity
  8
HALFEN
100
AcDbCircle
 10
451.2433959814401
 20
605.5739723456597
 30
0.0
 40
13.57118028683685
100
AcDbArc
 50
92.94948456232807
 51
119.9046328619588
  0
ARC
  5
30A7
330
1F
100
AcDbEntity
  8
HALFEN
100
AcDbCircle
 10
435.0744189413943
 20
616.7367330604531
 30
0.0
 40
18.71330918978492
100
AcDbArc
 50
45.68887602023199
 51
79.34138173255111
  0
ARC
  5
30A8
330
1F
100
AcDbEntity
  8
HALFEN
100
AcDbCircle
 10
451.2433959814401
 20
644.6803771404606
 30
0.0
 40
13.57118028683685
100
AcDbArc
 50
240.0953671380412
 51
267.0505154376589
  0
ARC
  5
30AA
330
1F
100
AcDbEntity
  8
HALFEN
100
AcDbCircle
 10
608.4431045801696
 20
738.0519683466834
 30
0.0
 40
4.25
100
AcDbArc
 50
180.0
 51
0.0
  0
ARC
  5
30AB
330
1F
100
AcDbEntity
  8
HALFEN
100
AcDbCircle
 10
608.4431045801696
 20
757.5519683466835
 30
0.0
 40
4.25
100
AcDbArc
 50
0.0
 51
180.0
  0
LINE
  5
30AC
330
1F
100
AcDbEntity
  8
HALFEN
100
AcDbLine
 10
604.1931045801695
 20
738.0519683466834
 30
0.0
 11
604.1931045801695
 21
757.5519683466835
 31
0.0
  0
LINE
  5
30AD
330
1F
100
AcDbEntity
  8
HALFEN
100
AcDbLine
 10
612.6931045801695
 20
757.5519683466835
 30
0.0
 11
612.6931045801695
 21
738.0519683466834
 31
0.0
  0
LINE
  5
30AE
330
1F
100
AcDbEntity
  8
HALFEN
100
AcDbLine
 10
617.9484684198751
 20
756.3019683466832
 30
0.0
 11
612.6931045801695
 21
756.3019683466832
 31
0.0
  0
LINE
  5
30AF
330
1F
100
AcDbEntity
  8
HALFEN
100
AcDbLine
 10
617.9484684198751
 20
757.3019683466831
 30
0.0
 11
612.6931045801695
 21
757.3019683466831
 31
0.0
  0
LINE
  5
30B0
330
1F
100
AcDbEntity
  8
HALFEN
100
AcDbLine
 10
617.9484684198751
 20
758.3019683466832
 30
0.0
 11
612.6264047128398
 21
758.3019683466832
 31
0.0
  0
LINE
  5
30B1
330
1F
100
AcDbEntity
  8
HALFEN
100
AcDbLine
 10
617.9484684198751
 20
759.3019683466832
 30
0.0
 11
612.3160879263771
 21
759.3019683466832
 31
0.0
  0
LINE
  5
30B2
330
1F
100
AcDbEntity
  8
HALFEN
100
AcDbLine
 10
617.9484684198751
 20
760.3019683466832
 30
0.0
 11
611.6834749293733
 21
760.3019683466834
 31
0.0
  0
LINE
  5
30B3
330
1F
100
AcDbEntity
  8
HALFEN
100
AcDbLine
 10
617.9484684198751
 20
735.3019683466832
 30
0.0
 11
611.6834749293732
 21
735.3019683466832
 31
0.0
  0
LINE
  5
30B4
330
1F
100
AcDbEntity
  8
HALFEN
100
AcDbLine
 10
617.9484684198751
 20
736.3019683466831
 30
0.0
 11
612.3160879263767
 21
736.3019683466834
 31
0.0
  0
LINE
  5
30B5
330
1F
100
AcDbEntity
  8
HALFEN
100
AcDbLine
 10
617.9484684198751
 20
737.3019683466832
 30
0.0
 11
612.6264047128398
 21
737.3019683466832
 31
0.0
  0
LINE
  5
30B6
330
1F
100
AcDbEntity
  8
HALFEN
100
AcDbLine
 10
617.9484684198751
 20
738.3019683466832
 30
0.0
 11
612.6931045801695
 21
738.3019683466832
 31
0.0
  0
LINE
  5
30B7
330
1F
100
AcDbEntity
  8
HALFEN
100
AcDbLine
 10
617.9484684198751
 20
739.3019683466832
 30
0.0
 11
612.6931045801695
 21
739.3019683466836
 31
0.0
  0
LINE
  5
30B8
330
1F
100
AcDbEntity
  8
HALFEN
100
AcDbLine
 10
617.9484684198751
 20
762.3019683466832
 30
0.0
 11
598.9484684198751
 21
762.3019683466832
 31
0.0
  0
LINE
  5
30B9
330
1F
100
AcDbEntity
  8
HALFEN
100
AcDbLine
 10
617.9484684198751
 20
763.3019683466832
 30
0.0
 11
598.9484684198751
 21
763.3019683466832
 31
0.0
  0
LINE
  5
30BA
330
1F
100
AcDbEntity
  8
HALFEN
100
AcDbLine
 10
617.9484684198751
 20
764.3019683466832
 30
0.0
 11
598.9484684198751
 21
764.3019683466832
 31
0.0
  0
LINE
  5
30BB
330
1F
100
AcDbEntity
  8
HALFEN
100
AcDbLine
 10
617.9484684198751
 20
732.3019683466831
 30
0.0
 11
598.9484684198751
 21
732.3019683466831
 31
0.0
  0
LINE
  5
30BC
330
1F
100
AcDbEntity
  8
HALFEN
100
AcDbLine
 10
617.9484684198751
 20
733.3019683466832
 30
0.0
 11
598.9484684198751
 21
733.3019683466832
 31
0.0
  0
LINE
  5
30BD
330
1F
100
AcDbEntity
  8
HALFEN
100
AcDbLine
 10
604.1931045801695
 20
751.3019683466832
 30
0.0
 11
598.9484684198751
 21
751.3019683466832
 31
0.0
  0
LINE
  5
30BE
330
1F
100
AcDbEntity
  8
HALFEN
100
AcDbLine
 10
604.1931045801695
 20
750.3019683466832
 30
0.0
 11
598.9484684198751
 21
750.3019683466832
 31
0.0
  0
LINE
  5
30BF
330
1F
100
AcDbEntity
  8
HALFEN
100
AcDbLine
 10
604.1931045801693
 20
749.3019683466833
 30
0.0
 11
598.9484684198751
 21
749.3019683466832
 31
0.0
  0
LINE
  5
30C0
330
1F
100
AcDbEntity
  8
HALFEN
100
AcDbLine
 10
604.1931045801695
 20
748.3019683466833
 30
0.0
 11
598.9484684198751
 21
748.3019683466832
 31
0.0
  0
LINE
  5
30C1
330
1F
100
AcDbEntity
  8
HALFEN
100
AcDbLine
 10
604.1931045801695
 20
747.3019683466832
 30
0.0
 11
598.9484684198751
 21
747.3019683466832
 31
0.0
  0
LINE
  5
30C2
330
1F
100
AcDbEntity
  8
HALFEN
100
AcDbLine
 10
604.1931045801693
 20
746.3019683466825
 30
0.0
 11
598.9484684198751
 21
746.3019683466832
 31
0.0
  0
LINE
  5
30C3
330
1F
100
AcDbEntity
  8
HALFEN
100
AcDbLine
 10
604.1931045801693
 20
745.3019683466827
 30
0.0
 11
598.9484684198751
 21
745.3019683466832
 31
0.0
  0
LINE
  5
30C4
330
1F
100
AcDbEntity
  8
HALFEN
100
AcDbLine
 10
604.1931045801693
 20
743.3019683466833
 30
0.0
 11
598.9484684198751
 21
743.3019683466832
 31
0.0
  0
LINE
  5
30C5
330
1F
100
AcDbEntity
  8
HALFEN
100
AcDbLine
 10
604.1931045801693
 20
752.3019683466832
 30
0.0
 11
598.9484684198751
 21
752.3019683466832
 31
0.0
  0
LINE
  5
30C6
330
1F
100
AcDbEntity
  8
HALFEN
100
AcDbLine
 10
604.1931045801695
 20
755.3019683466832
 30
0.0
 11
598.9484684198751
 21
755.3019683466832
 31
0.0
  0
LINE
  5
30C7
330
1F
100
AcDbEntity
  8
HALFEN
100
AcDbLine
 10
604.1931045801695
 20
740.3019683466832
 30
0.0
 11
598.9484684198751
 21
740.3019683466832
 31
0.0
  0
LINE
  5
30C8
330
1F
100
AcDbEntity
  8
HALFEN
100
AcDbLine
 10
604.1931045801695
 20
753.3019683466832
 30
0.0
 11
598.9484684198751
 21
753.3019683466832
 31
0.0
  0
LINE
  5
30C9
330
1F
100
AcDbEntity
  8
HALFEN
100
AcDbLine
 10
604.1931045801693
 20
754.3019683466832
 30
0.0
 11
598.9484684198751
 21
754.3019683466832
 31
0.0
  0
LINE
  5
30CA
330
1F
100
AcDbEntity
  8
HALFEN
100
AcDbLine
 10
604.1931045801695
 20
756.3019683466833
 30
0.0
 11
598.9484684198751
 21
756.3019683466832
 31
0.0
  0
LINE
  5
30CB
330
1F
100
AcDbEntity
  8
HALFEN
100
AcDbLine
 10
604.1931045801695
 20
757.3019683466833
 30
0.0
 11
598.9484684198751
 21
757.3019683466831
 31
0.0
  0
LINE
  5
30CC
330
1F
100
AcDbEntity
  8
HALFEN
100
AcDbLine
 10
604.2598044474991
 20
758.3019683466832
 30
0.0
 11
598.9484684198751
 21
758.3019683466832
 31
0.0
  0
LINE
  5
30CD
330
1F
100
AcDbEntity
  8
HALFEN
100
AcDbLine
 10
604.570121233962
 20
759.3019683466832
 30
0.0
 11
598.9484684198751
 21
759.3019683466832
 31
0.0
  0
LINE
  5
30CE
330
1F
100
AcDbEntity
  8
HALFEN
100
AcDbLine
 10
605.2027342309655
 20
760.3019683466833
 30
0.0
 11
598.9484684198751
 21
760.3019683466832
 31
0.0
  0
LINE
  5
30CF
330
1F
100
AcDbEntity
  8
HALFEN
100
AcDbLine
 10
598.9484684198751
 20
744.3019683466832
 30
0.0
 11
604.1931045801695
 21
744.3019683466827
 31
0.0
  0
LINE
  5
30D0
330
1F
100
AcDbEntity
  8
HALFEN
100
AcDbLine
 10
605.2027342309659
 20
735.3019683466832
 30
0.0
 11
598.9484684198751
 21
735.3019683466832
 31
0.0
  0
LINE
  5
30D1
330
1F
100
AcDbEntity
  8
HALFEN
100
AcDbLine
 10
604.5701212339622
 20
736.3019683466831
 30
0.0
 11
598.9484684198751
 21
736.3019683466831
 31
0.0
  0
LINE
  5
30D2
330
1F
100
AcDbEntity
  8
HALFEN
100
AcDbLine
 10
604.2598044474991
 20
737.3019683466833
 30
0.0
 11
598.9484684198751
 21
737.3019683466832
 31
0.0
  0
LINE
  5
30D3
330
1F
100
AcDbEntity
  8
HALFEN
100
AcDbLine
 10
604.1931045801695
 20
738.3019683466832
 30
0.0
 11
598.9484684198751
 21
738.3019683466832
 31
0.0
  0
LINE
  5
30D4
330
1F
100
AcDbEntity
  8
HALFEN
100
AcDbLine
 10
604.1931045801695
 20
739.3019683466833
 30
0.0
 11
598.9484684198751
 21
739.3019683466832
 31
0.0
  0
LINE
  5
30D5
330
1F
100
AcDbEntity
  8
HALFEN
100
AcDbLine
 10
604.1931045801695
 20
741.3019683466832
 30
0.0
 11
598.9484684198751
 21
741.3019683466832
 31
0.0
  0
LINE
  5
30D6
330
1F
100
AcDbEntity
  8
HALFEN
100
AcDbLine
 10
604.1931045801693
 20
742.3019683466833
 30
0.0
 11
598.9484684198751
 21
742.3019683466832
 31
0.0
  0
LINE
  5
30D7
330
1F
100
AcDbEntity
  8
HALFEN
100
AcDbLine
 10
617.9484684198751
 20
761.3019683466831
 30
0.0
 11
610.4431045801699
 21
761.3019683466831
 31
0.0
  0
LINE
  5
30D8
330
1F
100
AcDbEntity
  8
HALFEN
100
AcDbLine
 10
606.4431045801692
 20
761.3019683466831
 30
0.0
 11
598.9484684198751
 21
761.3019683466831
 31
0.0
  0
LINE
  5
30D9
330
1F
100
AcDbEntity
  8
HALFEN
100
AcDbLine
 10
606.44310458017
 20
734.3019683466832
 30
0.0
 11
598.9484684198751
 21
734.3019683466832
 31
0.0
  0
LINE
  5
30DA
330
1F
100
AcDbEntity
  8
HALFEN
100
AcDbLine
 10
612.6931045801695
 20
744.3019683466833
 30
0.0
 11
617.9484684198751
 21
744.3019683466832
 31
0.0
  0
LINE
  5
30DB
330
1F
100
AcDbEntity
  8
HALFEN
100
AcDbLine
 10
617.9484684198751
 20
749.3019683466832
 30
0.0
 11
612.6931045801693
 21
749.3019683466838
 31
0.0
  0
LINE
  5
30DC
330
1F
100
AcDbEntity
  8
HALFEN
100
AcDbLine
 10
617.9484684198751
 20
750.3019683466832
 30
0.0
 11
612.6931045801695
 21
750.3019683466837
 31
0.0
  0
LINE
  5
30DD
330
1F
100
AcDbEntity
  8
HALFEN
100
AcDbLine
 10
617.9484684198751
 20
751.3019683466832
 30
0.0
 11
612.6931045801695
 21
751.3019683466837
 31
0.0
  0
LINE
  5
30DE
330
1F
100
AcDbEntity
  8
HALFEN
100
AcDbLine
 10
617.9484684198751
 20
752.3019683466832
 30
0.0
 11
612.6931045801695
 21
752.3019683466836
 31
0.0
  0
LINE
  5
30DF
330
1F
100
AcDbEntity
  8
HALFEN
100
AcDbLine
 10
617.9484684198751
 20
753.3019683466832
 30
0.0
 11
612.6931045801693
 21
753.3019683466833
 31
0.0
  0
LINE
  5
30E0
330
1F
100
AcDbEntity
  8
HALFEN
100
AcDbLine
 10
617.9484684198751
 20
754.3019683466832
 30
0.0
 11
612.6931045801695
 21
754.3019683466832
 31
0.0
  0
LINE
  5
30E1
330
1F
100
AcDbEntity
  8
HALFEN
100
AcDbLine
 10
617.9484684198751
 20
755.3019683466832
 30
0.0
 11
612.6931045801695
 21
755.3019683466835
 31
0.0
  0
LINE
  5
30E2
330
1F
100
AcDbEntity
  8
HALFEN
100
AcDbLine
 10
617.9484684198751
 20
745.3019683466832
 30
0.0
 11
612.6931045801695
 21
745.3019683466832
 31
0.0
  0
LINE
  5
30E3
330
1F
100
AcDbEntity
  8
HALFEN
100
AcDbLine
 10
617.9484684198751
 20
746.3019683466832
 30
0.0
 11
612.6931045801693
 21
746.3019683466832
 31
0.0
  0
LINE
  5
30E4
330
1F
100
AcDbEntity
  8
HALFEN
100
AcDbLine
 10
617.9484684198751
 20
747.3019683466832
 30
0.0
 11
612.6931045801693
 21
747.3019683466824
 31
0.0
  0
LINE
  5
30E5
330
1F
100
AcDbEntity
  8
HALFEN
100
AcDbLine
 10
617.9484684198751
 20
748.3019683466832
 30
0.0
 11
612.6931045801693
 21
748.3019683466825
 31
0.0
  0
LINE
  5
30E6
330
1F
100
AcDbEntity
  8
HALFEN
100
AcDbLine
 10
617.9484684198751
 20
734.3019683466832
 30
0.0
 11
610.4431045801691
 21
734.3019683466832
 31
0.0
  0
LINE
  5
30E7
330
1F
100
AcDbEntity
  8
HALFEN
100
AcDbLine
 10
617.9484684198751
 20
740.3019683466832
 30
0.0
 11
612.6931045801693
 21
740.3019683466833
 31
0.0
  0
LINE
  5
30E8
330
1F
100
AcDbEntity
  8
HALFEN
100
AcDbLine
 10
617.9484684198751
 20
741.3019683466832
 30
0.0
 11
612.6931045801695
 21
741.3019683466832
 31
0.0
  0
LINE
  5
30E9
330
1F
100
AcDbEntity
  8
HALFEN
100
AcDbLine
 10
617.9484684198751
 20
742.3019683466832
 30
0.0
 11
612.6931045801695
 21
742.3019683466833
 31
0.0
  0
LINE
  5
30EA
330
1F
100
AcDbEntity
  8
HALFEN
100
AcDbLine
 10
617.9484684198751
 20
743.3019683466832
 30
0.0
 11
612.6931045801695
 21
743.3019683466833
 31
0.0
  0
LINE
  5
30EB
330
1F
100
AcDbEntity
  8
HALFEN
100
AcDbLine
 10
617.9484684198751
 20
731.3019683466832
 30
0.0
 11
598.9484684198751
 21
731.3019683466832
 31
0.0
  0
LINE
  5
30EC
330
1F
100
AcDbEntity
  8
HALFEN
  6
STRICHPUNKT2
 62
     1
 48
0.5
100
AcDbLine
 10
608.4431045801696
 20
730.8019683466834
 30
0.0
 11
608.4431045801696
 21
764.8019683466834
 31
0.0
  0
LINE
  5
30ED
330
1F
100
AcDbEntity
  8
HALFEN
  6
STRICHPUNKT2
 62
     1
 48
0.5
100
AcDbLine
 10
601.1931045801695
 20
747.8019683466834
 30
0.0
 11
615.6931045801695
 21
747.8019683466834
 31
0.0
  0
LINE
  5
4A19
330
1F
100
AcDbEntity
  8
HALFEN
100
AcDbLine
 10
592.8855048862187
 20
456.6569549122744
 30
0.0
 11
760.0855184857214
 21
456.6569549122744
 31
0.0
  0
LINE
  5
4A1A
330
1F
100
AcDbEntity
  8
HALFEN
100
AcDbLine
 10
592.8855048862187
 20
466.6569549122746
 30
0.0
 11
760.0855184857214
 21
466.6569549122746
 31
0.0
  0
LINE
  5
4A1B
330
1F
100
AcDbEntity
  8
HALFEN
100
AcDbLine
 10
592.8855048862187
 20
484.656954912275
 30
0.0
 11
760.0855184857214
 21
484.656954912275
 31
0.0
  0
TEXT
  5
4A1C
330
1F
100
AcDbEntity
  8
HALFEN
100
AcDbText
 10
642.8501912188337
 20
477.1569549122745
 30
0.0
 40
5.0
  1
Halfen Body - Anker BA 612 - 2 -  A4
  7
ARIAL50
100
AcDbText
  0
TEXT
  5
4A1D
330
1F
100
AcDbEntity
  8
HALFEN
100
AcDbText
 10
597.8855048862187
 20
477.1569549122745
 30
0.0
 40
5.0
  1
Benennung
  7
ARIAL50
100
AcDbText
  0
TEXT
  5
4A1E
330
1F
100
AcDbEntity
  8
HALFEN
100
AcDbText
 10
597.8855048862187
 20
459.1569549122746
 30
0.0
 40
5.0
  1
Bestell-Nr.
  7
ARIAL50
100
AcDbText
  0
LINE
  5
4A1F
330
1F
100
AcDbEntity
  8
HALFEN
100
AcDbLine
 10
592.8855048862187
 20
456.6569549122744
 30
0.0
 11
592.8855048862187
 21
484.656954912275
 31
0.0
  0
LINE
  5
4A20
330
1F
100
AcDbEntity
  8
HALFEN
100
AcDbLine
 10
637.8501912188337
 20
456.6569549122744
 30
0.0
 11
637.8501912188337
 21
484.656954912275
 31
0.0
  0
TEXT
  5
4A21
330
1F
100
AcDbEntity
  8
HALFEN
100
AcDbText
 10
642.8501912188337
 20
459.1569549122746
 30
0.0
 40
5.0
  1
0754.020 - 00004
  7
ARIAL50
100
AcDbText
  0
LINE
  5
4A22
330
1F
100
AcDbEntity
  8
HALFEN
100
AcDbLine
 10
760.0855184857214
 20
456.6569549122744
 30
0.0
 11
760.0855184857214
 21
484.656954912275
 31
0.0
  0
LINE
  5
4A23
330
1F
100
AcDbEntity
  8
HALFEN
100
AcDbLine
 10
629.081650980876
 20
345.9178735057589
 30
0.0
 11
629.081650980876
 21
366.9178735057583
 31
0.0
  0
ARC
  5
4A24
330
1F
100
AcDbEntity
  8
HALFEN
100
AcDbCircle
 10
642.3316509808755
 20
355.917873505759
 30
0.0
 40
21.24999999999962
100
AcDbArc
 50
151.9275130641468
 51
208.0724869358534
  0
LINE
  5
4A25
330
1F
100
AcDbEntity
  8
HALFEN
100
AcDbLine
 10
697.081650980876
 20
345.9178735057589
 30
0.0
 11
697.081650980876
 21
365.9178735057585
 31
0.0
1001
ACAD
1000
ASC_BOUNDS
1002
{
1070
    19
1005
0
1002
}
  0
LINE
  5
4A26
330
1F
100
AcDbEntity
  8
HALFEN
100
AcDbLine
 10
621.0816509808759
 20
365.9178735057583
 30
0.0
 11
621.0816509808758
 21
345.9178735057585
 31
0.0
  0
LINE
  5
4A27
330
1F
100
AcDbEntity
  8
HALFEN
100
AcDbLine
 10
621.0816509808758
 20
345.9178735057585
 30
0.0
 11
697.081650980876
 21
345.9178735057589
 31
0.0
1001
ACAD
1000
ASC_BOUNDS
1002
{
1070
    19
1002
}
  0
LINE
  5
4A28
330
1F
100
AcDbEntity
  8
HALFEN
100
AcDbLine
 10
629.081650980876
 20
368.4178735057586
 30
0.0
 11
688.0816509808759
 21
440.9178735057589
 31
0.0
  0
LINE
  5
4A29
330
1F
100
AcDbEntity
  8
HALFEN
100
AcDbLine
 10
621.0816509808759
 20
365.9178735057583
 30
0.0
 11
629.0816509808758
 21
365.9178735057583
 31
0.0
  0
LINE
  5
4A2A
330
1F
100
AcDbEntity
  8
HALFEN
100
AcDbLine
 10
629.081650980876
 20
368.4178735057586
 30
0.0
 11
629.0816509808754
 21
365.9178735057583
 31
0.0
  0
LINE
  5
4A2B
330
1F
100
AcDbEntity
  8
HALFEN
100
AcDbLine
 10
696.0816509808759
 20
366.9178735057585
 30
0.0
 11
696.0816509808759
 21
440.9178735057588
 31
0.0
1001
ACAD
1000
ASC_BOUNDS
1002
{
1070
    19
1005
0
1005
0
1005
0
1005
0
1005
0
1005
0
1005
0
1005
0
1005
0
1005
0
1005
0
1005
0
1005
0
1005
0
1005
0
1005
0
1005
0
1005
0
1005
0
1005
0
1005
0
1005
0
1005
0
1005
0
1005
0
1005
0
1005
0
1005
0
1005
0
1005
0
1005
0
1005
0
1002
}
  0
ARC
  5
4A2C
330
1F
100
AcDbEntity
  8
HALFEN
100
AcDbCircle
 10
697.081650980876
 20
366.9178735057585
 30
0.0
 40
1.0
100
AcDbArc
 50
180.0
 51
270.0
1001
ACAD
1000
ASC_BOUNDS
1002
{
1070
    19
1002
}
  0
LINE
  5
4A2D
330
1F
100
AcDbEntity
  8
HALFEN
100
AcDbLine
 10
697.081650980876
 20
365.9178735057585
 30
0.0
 11
697.081650980876
 21
365.9178735057585
 31
0.0
1001
ACAD
1000
ASC_BOUNDS
1002
{
1070
    19
1002
}
  0
LINE
  5
4A2E
330
1F
100
AcDbEntity
  8
HALFEN
100
AcDbLine
 10
688.0816509808759
 20
440.9178735057589
 30
0.0
 11
696.0816509808759
 21
440.9178735057588
 31
0.0
1001
ACAD
1000
ASC_BOUNDS
1002
{
1070
    19
1002
}
  0
LINE
  5
4A2F
330
1F
100
AcDbEntity
  8
HALFEN
100
AcDbLine
 10
745.4892272642894
 20
357.9178735057587
 30
0.0
 11
745.4892272642894
 21
440.9178735057587
 31
0.0
  0
LINE
  5
4A30
330
1F
100
AcDbEntity
  8
HALFEN
100
AcDbLine
 10
764.4892272642894
 20
357.9178735057587
 30
0.0
 11
764.4892272642894
 21
440.9178735057588
 31
0.0
  0
LINE
  5
4A31
330
1F
100
AcDbEntity
  8
HALFEN
100
AcDbLine
 10
766.4892272642894
 20
345.9178735057589
 30
0.0
 11
766.4892272642894
 21
440.9178735057588
 31
0.0
  0
LINE
  5
4A32
330
1F
100
AcDbEntity
  8
HALFEN
100
AcDbLine
 10
743.4892272642894
 20
345.9178735057589
 30
0.0
 11
743.4892272642894
 21
440.9178735057587
 31
0.0
  0
LINE
  5
4A33
330
1F
100
AcDbEntity
  8
HALFEN
100
AcDbLine
 10
767.4892272642892
 20
345.9178735057589
 30
0.0
 11
767.4892272642892
 21
440.9178735057587
 31
0.0
  0
LINE
  5
4A34
330
1F
100
AcDbEntity
  8
HALFEN
100
AcDbLine
 10
742.4892272642892
 20
345.9178735057589
 30
0.0
 11
742.4892272642892
 21
440.9178735057587
 31
0.0
  0
LINE
  5
4A35
330
1F
100
AcDbEntity
  8
HALFEN
100
AcDbLine
 10
744.9892272642894
 20
353.9178735057585
 30
0.0
 11
764.9892272642894
 21
353.9178735057583
 31
0.0
  0
LINE
  5
4A36
330
1F
100
AcDbEntity
  8
HALFEN
100
AcDbLine
 10
744.9892272642894
 20
357.9178735057585
 30
0.0
 11
764.9892272642894
 21
357.9178735057585
 31
0.0
  0
ARC
  5
4A37
330
1F
100
AcDbEntity
  8
HALFEN
100
AcDbCircle
 10
754.9892272642892
 20
355.9178735057585
 30
0.0
 40
6.0
100
AcDbArc
 50
114.6243183521635
 51
160.5287793655091
  0
LINE
  5
4A38
330
1F
100
AcDbEntity
  8
HALFEN
100
AcDbLine
 10
744.9892272642894
 20
353.9178735057585
 30
0.0
 11
744.9892272642895
 21
357.9178735057585
 31
0.0
  0
ARC
  5
4A39
330
1F
100
AcDbEntity
  8
HALFEN
100
AcDbCircle
 10
754.9892272642892
 20
355.9178735057585
 30
0.0
 40
6.0
100
AcDbArc
 50
199.4712206344914
 51
340.5287793655071
  0
LINE
  5
4A3A
330
1F
100
AcDbEntity
  8
HALFEN
100
AcDbLine
 10
745.4892272642894
 20
345.9178735057589
 30
0.0
 11
745.4892272642894
 21
353.9178735057583
 31
0.0
  0
LINE
  5
4A3B
330
1F
100
AcDbEntity
  8
HALFEN
100
AcDbLine
 10
745.4892272642894
 20
365.917873505759
 30
0.0
 11
752.4892272642894
 21
365.917873505759
 31
0.0
  0
LINE
  5
4A3C
330
1F
100
AcDbEntity
  8
HALFEN
100
AcDbLine
 10
742.4892272642892
 20
345.9178735057589
 30
0.0
 11
767.4892272642892
 21
345.9178735057589
 31
0.0
  0
LINE
  5
4A3F
330
1F
100
AcDbEntity
  8
HALFEN
100
AcDbLine
 10
757.4892272642894
 20
365.9178735057588
 30
0.0
 11
764.4892272642894
 21
365.9178735057587
 31
0.0
  0
ARC
  5
4A40
330
1F
100
AcDbEntity
  8
HALFEN
100
AcDbCircle
 10
754.9892272642892
 20
355.9178735057585
 30
0.0
 40
6.0
100
AcDbArc
 50
19.47122063449085
 51
65.3756816478364
  0
LINE
  5
4A41
330
1F
100
AcDbEntity
  8
HALFEN
100
AcDbLine
 10
764.9892272642894
 20
353.9178735057583
 30
0.0
 11
764.9892272642895
 21
357.9178735057585
 31
0.0
  0
LINE
  5
4A42
330
1F
100
AcDbEntity
  8
HALFEN
100
AcDbLine
 10
764.4892272642894
 20
345.9178735057589
 30
0.0
 11
764.4892272642894
 21
353.9178735057583
 31
0.0
  0
LINE
  5
4A43
330
1F
100
AcDbEntity
  8
HALFEN
100
AcDbLine
 10
742.4892272642892
 20
440.9178735057588
 30
0.0
 11
767.4892272642892
 21
440.9178735057588
 31
0.0
  0
LINE
  5
4A4A
330
1F
100
AcDbEntity
  8
HALFEN
100
AcDbLine
 10
597.0816968591194
 20
361.917873505755
 30
0.0
 11
621.0816509808759
 21
361.917873505755
 31
0.0
  0
LINE
  5
4A4C
330
1F
100
AcDbEntity
  8
HALFEN
100
AcDbLine
 10
597.0816968591194
 20
349.9178735057549
 30
0.0
 11
621.0816509808759
 21
349.9178735057549
 31
0.0
  0
LINE
  5
4A4E
330
1F
100
AcDbEntity
  8
HALFEN
100
AcDbLine
 10
597.0816968591194
 20
361.9178735057549
 30
0.0
 11
592.0816968591195
 21
357.9178735057549
 31
0.0
  0
LINE
  5
4A50
330
1F
100
AcDbEntity
  8
HALFEN
100
AcDbLine
 10
570.0816968591197
 20
357.9178735057549
 30
0.0
 11
592.0816968591195
 21
357.9178735057549
 31
0.0
  0
LINE
  5
4A51
330
1F
100
AcDbEntity
  8
HALFEN
100
AcDbLine
 10
570.0816968591197
 20
353.9178735057549
 30
0.0
 11
592.0816968591195
 21
353.9178735057549
 31
0.0
  0
LINE
  5
4A52
330
1F
100
AcDbEntity
  8
HALFEN
100
AcDbLine
 10
570.0816968591197
 20
357.9178735057549
 30
0.0
 11
570.0816968591197
 21
353.9178735057549
 31
0.0
  0
LINE
  5
4A55
330
1F
100
AcDbEntity
  8
HALFEN
100
AcDbLine
 10
597.0816968591194
 20
349.9178735057549
 30
0.0
 11
592.0816968591195
 21
353.9178735057549
 31
0.0
  0
LINE
  5
4A5C
330
1F
100
AcDbEntity
  8
HALFEN
100
AcDbLine
 10
692.5736579582274
 20
299.743079902135
 30
0.0
 11
629.081650980876
 21
298.8430799021351
 31
0.0
  0
LINE
  5
4A5D
330
1F
100
AcDbEntity
  8
HALFEN
100
AcDbLine
 10
692.5736579582274
 20
301.743079902135
 30
0.0
 11
629.081650980876
 21
300.8430799021351
 31
0.0
  0
LINE
  5
4A5E
330
1F
100
AcDbEntity
  8
HALFEN
100
AcDbLine
 10
629.0816509808758
 20
279.6430799021351
 30
0.0
 11
692.5736579582274
 21
278.7430799021351
 31
0.0
  0
LINE
  5
4A5F
330
1F
100
AcDbEntity
  8
HALFEN
100
AcDbLine
 10
631.0816509808757
 20
298.743079902135
 30
0.0
 11
631.081650980876
 21
279.7430799021352
 31
0.0
  0
ARC
  5
4A60
330
1F
100
AcDbEntity
  8
HALFEN
100
AcDbCircle
 10
640.3816509808757
 20
289.2430799021351
 30
0.0
 40
19.29999999999991
100
AcDbArc
 50
150.5128743270611
 51
209.4871256729392
  0
LINE
  5
4A61
330
1F
100
AcDbEntity
  8
HALFEN
100
AcDbLine
 10
621.0816509808758
 20
298.7430799021352
 30
0.0
 11
621.0816509808759
 21
279.7430799021352
 31
0.0
  0
LINE
  5
4A62
330
1F
100
AcDbEntity
  8
HALFEN
100
AcDbLine
 10
621.0816509808759
 20
279.7430799021352
 30
0.0
 11
631.081650980876
 21
279.7430799021352
 31
0.0
  0
LINE
  5
4A63
330
1F
100
AcDbEntity
  8
HALFEN
100
AcDbLine
 10
629.081650980876
 20
279.6430799021351
 30
0.0
 11
629.0816509808758
 21
277.6430799021351
 31
0.0
  0
LINE
  5
4A64
330
1F
100
AcDbEntity
  8
HALFEN
100
AcDbLine
 10
621.0816509808758
 20
298.7430799021352
 30
0.0
 11
631.0816509808757
 21
298.743079902135
 31
0.0
  0
LINE
  5
4A66
330
1F
100
AcDbEntity
  8
HALFEN
100
AcDbLine
 10
629.081650980876
 20
300.8430799021351
 30
0.0
 11
629.081650980876
 21
298.8430799021351
 31
0.0
  0
ARC
  5
4A67
330
1F
100
AcDbEntity
  8
HALFEN
100
AcDbCircle
 10
697.0736579582274
 20
296.2325456053134
 30
0.0
 40
1.0
100
AcDbArc
 50
137.9553848263048
 51
179.9999999999992
  0
LINE
  5
4A68
330
1F
100
AcDbEntity
  8
HALFEN
100
AcDbLine
 10
694.0736579582273
 20
298.243079902135
 30
0.0
 11
694.0736579582273
 21
280.2430799021351
 31
0.0
  0
LINE
  5
4A69
330
1F
100
AcDbEntity
  8
HALFEN
100
AcDbLine
 10
696.0736579582274
 20
298.243079902135
 30
0.0
 11
696.0736579582274
 21
280.2430799021351
 31
0.0
  0
ARC
  5
4A6A
330
1F
100
AcDbEntity
  8
HALFEN
100
AcDbCircle
 10
692.5736579582274
 20
280.2430799021351
 30
0.0
 40
1.5
100
AcDbArc
 50
270.0
 51
0.0
  0
ARC
  5
4A6B
330
1F
100
AcDbEntity
  8
HALFEN
100
AcDbCircle
 10
692.5736579582274
 20
280.2430799021351
 30
0.0
 40
3.5
100
AcDbArc
 50
270.0
 51
0.0
  0
LINE
  5
4A6C
330
1F
100
AcDbEntity
  8
HALFEN
 48
0.4
100
AcDbLine
 10
694.0736579582273
 20
283.5430799021351
 30
0.0
 11
696.0736579582274
 21
283.5430799021351
 31
0.0
  0
LINE
  5
4A6D
330
1F
100
AcDbEntity
  8
HALFEN
 48
0.4
100
AcDbLine
 10
694.0736579582273
 20
294.9430799021351
 30
0.0
 11
696.0736579582274
 21
294.9430799021351
 31
0.0
  0
ARC
  5
4A6E
330
1F
100
AcDbEntity
  8
HALFEN
100
AcDbCircle
 10
694.1652356922348
 20
298.8554044722332
 30
0.0
 40
2.91641528864085
100
AcDbArc
 50
317.9553848263049
 51
81.94969092382036
  0
ARC
  5
4A6F
330
1F
100
AcDbEntity
  8
HALFEN
100
AcDbCircle
 10
692.5736579582274
 20
298.243079902135
 30
0.0
 40
3.5
100
AcDbArc
 50
0.0
 51
90.0
  0
ARC
  5
4A70
330
1F
100
AcDbEntity
  8
HALFEN
100
AcDbCircle
 10
692.5736579582274
 20
298.243079902135
 30
0.0
 40
1.5
100
AcDbArc
 50
0.0
 51
90.0
  0
LINE
  5
4A71
330
1F
100
AcDbEntity
  8
HALFEN
100
AcDbLine
 10
694.5736579582272
 20
301.7430799021351
 30
0.0
 11
692.5736579582274
 21
301.7430799021351
 31
0.0
  0
ARC
  5
4A72
330
1F
100
AcDbEntity
  8
HALFEN
100
AcDbCircle
 10
692.5736579582274
 20
298.243079902135
 30
0.0
 40
1.5
100
AcDbArc
 50
359.9999999999996
 51
90.0
  0
LINE
  5
4A73
330
1F
100
AcDbEntity
  8
HALFEN
100
AcDbLine
 10
692.5736579582274
 20
276.743079902135
 30
0.0
 11
629.081650980876
 21
277.643079902135
 31
0.0
  0
ARC
  5
4A74
330
1F
100
AcDbEntity
  8
HALFEN
100
AcDbCircle
 10
694.1652356922348
 20
279.6307553320369
 30
0.0
 40
2.91641528864085
100
AcDbArc
 50
278.0503090761797
 51
42.04461517369513
  0
LINE
  5
4A75
330
1F
100
AcDbEntity
  8
HALFEN
100
AcDbLine
 10
694.5736579582272
 20
276.7430799021349
 30
0.0
 11
692.5736579582274
 21
276.7430799021349
 31
0.0
  0
ARC
  5
4A76
330
1F
100
AcDbEntity
  8
HALFEN
100
AcDbCircle
 10
697.0736579582274
 20
282.2536141989567
 30
0.0
 40
1.0
100
AcDbArc
 50
180.0000000000008
 51
222.0446151736951
  0
LINE
  5
4A78
330
1F
100
AcDbEntity
  8
HALFEN
100
AcDbLine
 10
577.081696859125
 20
299.2430799021351
 30
0.0
 11
585.081696859121
 21
299.2430799021351
 31
0.0
  0
LINE
  5
4A79
330
1F
100
AcDbEntity
  8
HALFEN
100
AcDbLine
 10
577.0816968591197
 20
279.2430799021352
 30
0.0
 11
585.0816968591157
 21
279.2430799021352
 31
0.0
  0
CIRCLE
  5
4A7B
330
1F
100
AcDbEntity
  8
HALFEN
100
AcDbCircle
 10
577.0816968591197
 20
289.2430799021351
 30
0.0
 40
2.549999999999998
  0
ARC
  5
4A7D
330
1F
100
AcDbEntity
  8
HALFEN
100
AcDbCircle
 10
590.6365681502985
 20
289.2430799021304
 30
0.0
 40
20.55487129117615
100
AcDbArc
 50
153.1066652215763
 51
206.8933347783888
  0
ARC
  5
4A7E
330
1F
100
AcDbEntity
  8
HALFEN
100
AcDbCircle
 10
576.423767562608
 20
312.6194592205977
 30
0.0
 40
33.38286337882215
100
AcDbArc
 50
264.2805177001621
 51
271.1292923651171
  0
ARC
  5
4A7F
330
1F
100
AcDbEntity
  8
HALFEN
100
AcDbCircle
 10
573.1965531518274
 20
280.3978061320563
 30
0.0
 40
1.0
100
AcDbArc
 50
206.8933347783888
 51
264.2805177001621
  0
ARC
  5
4A80
330
1F
100
AcDbEntity
  8
HALFEN
100
AcDbCircle
 10
576.4237675626132
 20
265.8667005836728
 30
0.0
 40
33.38286337882191
100
AcDbArc
 50
88.87070763486988
 51
95.71948229983783
  0
ARC
  5
4A81
330
1F
100
AcDbEntity
  8
HALFEN
100
AcDbCircle
 10
573.1965531518321
 20
298.088353672214
 30
0.0
 40
1.0
100
AcDbArc
 50
95.71948229983783
 51
153.1066652215763
  0
LINE
  5
4A82
330
1F
100
AcDbEntity
  8
HALFEN
100
AcDbLine
 10
597.0912070209982
 20
283.2430799021352
 30
0.0
 11
621.0816509808759
 21
283.2430799021352
 31
0.0
  0
LINE
  5
4A84
330
1F
100
AcDbEntity
  8
HALFEN
100
AcDbLine
 10
597.0912070209988
 20
295.2430799021351
 30
0.0
 11
621.0816509808758
 21
295.2430799021351
 31
0.0
  0
ARC
  5
4A87
330
1F
100
AcDbEntity
  8
HALFEN
100
AcDbCircle
 10
590.6547030041823
 20
289.2430799021354
 30
0.0
 40
6.426993854937293
100
AcDbArc
 50
308.9250348639506
 51
51.07496513604939
  0
ARC
  5
4A89
330
1F
100
AcDbEntity
  8
HALFEN
100
AcDbCircle
 10
581.6205416255079
 20
297.6335215847575
 30
0.0
 40
18.71330918980028
100
AcDbArc
 50
280.6586182674489
 51
314.3111239797497
  0
ARC
  5
4A8A
330
1F
100
AcDbEntity
  8
HALFEN
100
AcDbCircle
 10
597.7895186655602
 20
269.6898775047348
 30
0.0
 40
13.57118028683685
100
AcDbArc
 50
92.94948456232807
 51
119.9046328619588
  0
ARC
  5
4A8B
330
1F
100
AcDbEntity
  8
HALFEN
100
AcDbCircle
 10
581.6205416255142
 20
280.8526382195282
 30
0.0
 40
18.71330918978492
100
AcDbArc
 50
45.68887602023199
 51
79.34138173255111
  0
ARC
  5
4A8C
330
1F
100
AcDbEntity
  8
HALFEN
100
AcDbCircle
 10
597.7895186655602
 20
308.7962822995357
 30
0.0
 40
13.57118028683685
100
AcDbArc
 50
240.0953671380412
 51
267.0505154376589
  0
ARC
  5
4A8E
330
1F
100
AcDbEntity
  8
HALFEN
100
AcDbCircle
 10
754.9892272642892
 20
402.1678735057589
 30
0.0
 40
4.25
100
AcDbArc
 50
180.0
 51
0.0
  0
ARC
  5
4A8F
330
1F
100
AcDbEntity
  8
HALFEN
100
AcDbCircle
 10
754.9892272642892
 20
421.6678735057588
 30
0.0
 40
4.25
100
AcDbArc
 50
0.0
 51
180.0
  0
LINE
  5
4A90
330
1F
100
AcDbEntity
  8
HALFEN
100
AcDbLine
 10
750.7392272642894
 20
402.1678735057589
 30
0.0
 11
750.7392272642894
 21
421.6678735057588
 31
0.0
  0
LINE
  5
4A91
330
1F
100
AcDbEntity
  8
HALFEN
100
AcDbLine
 10
759.2392272642894
 20
421.6678735057588
 30
0.0
 11
759.2392272642894
 21
402.1678735057589
 31
0.0
  0
LINE
  5
4A92
330
1F
100
AcDbEntity
  8
HALFEN
100
AcDbLine
 10
764.4945911039949
 20
420.4178735057586
 30
0.0
 11
759.2392272642894
 21
420.4178735057586
 31
0.0
  0
LINE
  5
4A93
330
1F
100
AcDbEntity
  8
HALFEN
100
AcDbLine
 10
764.4945911039949
 20
421.4178735057586
 30
0.0
 11
759.2392272642894
 21
421.4178735057586
 31
0.0
  0
LINE
  5
4A94
330
1F
100
AcDbEntity
  8
HALFEN
100
AcDbLine
 10
764.4945911039949
 20
422.4178735057586
 30
0.0
 11
759.1725273969597
 21
422.4178735057585
 31
0.0
  0
LINE
  5
4A95
330
1F
100
AcDbEntity
  8
HALFEN
100
AcDbLine
 10
764.4945911039949
 20
423.4178735057587
 30
0.0
 11
758.862210610497
 21
423.4178735057587
 31
0.0
  0
LINE
  5
4A96
330
1F
100
AcDbEntity
  8
HALFEN
100
AcDbLine
 10
764.4945911039949
 20
424.4178735057587
 30
0.0
 11
758.2295976134932
 21
424.4178735057588
 31
0.0
  0
LINE
  5
4A97
330
1F
100
AcDbEntity
  8
HALFEN
100
AcDbLine
 10
764.4945911039949
 20
399.4178735057587
 30
0.0
 11
758.229597613493
 21
399.4178735057587
 31
0.0
  0
LINE
  5
4A98
330
1F
100
AcDbEntity
  8
HALFEN
100
AcDbLine
 10
764.4945911039949
 20
400.4178735057586
 30
0.0
 11
758.8622106104968
 21
400.4178735057589
 31
0.0
  0
LINE
  5
4A99
330
1F
100
AcDbEntity
  8
HALFEN
100
AcDbLine
 10
764.4945911039949
 20
401.4178735057586
 30
0.0
 11
759.1725273969597
 21
401.4178735057586
 31
0.0
  0
LINE
  5
4A9A
330
1F
100
AcDbEntity
  8
HALFEN
100
AcDbLine
 10
764.4945911039949
 20
402.4178735057587
 30
0.0
 11
759.2392272642894
 21
402.4178735057587
 31
0.0
  0
LINE
  5
4A9B
330
1F
100
AcDbEntity
  8
HALFEN
100
AcDbLine
 10
764.4945911039949
 20
403.4178735057587
 30
0.0
 11
759.2392272642894
 21
403.4178735057589
 31
0.0
  0
LINE
  5
4A9C
330
1F
100
AcDbEntity
  8
HALFEN
100
AcDbLine
 10
764.4945911039949
 20
426.4178735057586
 30
0.0
 11
745.4945911039949
 21
426.4178735057586
 31
0.0
  0
LINE
  5
4A9D
330
1F
100
AcDbEntity
  8
HALFEN
100
AcDbLine
 10
764.4945911039949
 20
427.4178735057587
 30
0.0
 11
745.4945911039949
 21
427.4178735057587
 31
0.0
  0
LINE
  5
4A9E
330
1F
100
AcDbEntity
  8
HALFEN
100
AcDbLine
 10
764.4945911039949
 20
428.4178735057587
 30
0.0
 11
745.4945911039949
 21
428.4178735057587
 31
0.0
  0
LINE
  5
4A9F
330
1F
100
AcDbEntity
  8
HALFEN
100
AcDbLine
 10
764.4945911039949
 20
396.4178735057587
 30
0.0
 11
745.4945911039949
 21
396.4178735057587
 31
0.0
  0
LINE
  5
4AA0
330
1F
100
AcDbEntity
  8
HALFEN
100
AcDbLine
 10
764.4945911039949
 20
397.4178735057587
 30
0.0
 11
745.4945911039949
 21
397.4178735057587
 31
0.0
  0
LINE
  5
4AA1
330
1F
100
AcDbEntity
  8
HALFEN
100
AcDbLine
 10
750.7392272642894
 20
415.4178735057587
 30
0.0
 11
745.4945911039949
 21
415.4178735057587
 31
0.0
  0
LINE
  5
4AA2
330
1F
100
AcDbEntity
  8
HALFEN
100
AcDbLine
 10
750.7392272642894
 20
414.4178735057586
 30
0.0
 11
745.4945911039949
 21
414.4178735057586
 31
0.0
  0
LINE
  5
4AA3
330
1F
100
AcDbEntity
  8
HALFEN
100
AcDbLine
 10
750.739227264289
 20
413.4178735057587
 30
0.0
 11
745.4945911039949
 21
413.4178735057586
 31
0.0
  0
LINE
  5
4AA4
330
1F
100
AcDbEntity
  8
HALFEN
100
AcDbLine
 10
750.7392272642894
 20
412.4178735057587
 30
0.0
 11
745.4945911039949
 21
412.4178735057586
 31
0.0
  0
LINE
  5
4AA5
330
1F
100
AcDbEntity
  8
HALFEN
100
AcDbLine
 10
750.7392272642894
 20
411.4178735057587
 30
0.0
 11
745.4945911039949
 21
411.4178735057587
 31
0.0
  0
LINE
  5
4AA6
330
1F
100
AcDbEntity
  8
HALFEN
100
AcDbLine
 10
750.739227264289
 20
410.417873505758
 30
0.0
 11
745.4945911039949
 21
410.4178735057586
 31
0.0
  0
LINE
  5
4AA7
330
1F
100
AcDbEntity
  8
HALFEN
100
AcDbLine
 10
750.739227264289
 20
409.4178735057581
 30
0.0
 11
745.4945911039949
 21
409.4178735057586
 31
0.0
  0
LINE
  5
4AA8
330
1F
100
AcDbEntity
  8
HALFEN
100
AcDbLine
 10
750.739227264289
 20
407.4178735057587
 30
0.0
 11
745.4945911039949
 21
407.4178735057587
 31
0.0
  0
LINE
  5
4AA9
330
1F
100
AcDbEntity
  8
HALFEN
100
AcDbLine
 10
750.739227264289
 20
416.4178735057586
 30
0.0
 11
745.4945911039949
 21
416.4178735057586
 31
0.0
  0
LINE
  5
4AAA
330
1F
100
AcDbEntity
  8
HALFEN
100
AcDbLine
 10
750.7392272642894
 20
419.4178735057587
 30
0.0
 11
745.4945911039949
 21
419.4178735057587
 31
0.0
  0
LINE
  5
4AAB
330
1F
100
AcDbEntity
  8
HALFEN
100
AcDbLine
 10
750.7392272642894
 20
404.4178735057585
 30
0.0
 11
745.4945911039949
 21
404.4178735057586
 31
0.0
  0
LINE
  5
4AAC
330
1F
100
AcDbEntity
  8
HALFEN
100
AcDbLine
 10
750.7392272642894
 20
417.4178735057586
 30
0.0
 11
745.4945911039949
 21
417.4178735057586
 31
0.0
  0
LINE
  5
4AAD
330
1F
100
AcDbEntity
  8
HALFEN
100
AcDbLine
 10
750.739227264289
 20
418.4178735057586
 30
0.0
 11
745.4945911039949
 21
418.4178735057586
 31
0.0
  0
LINE
  5
4AAE
330
1F
100
AcDbEntity
  8
HALFEN
100
AcDbLine
 10
750.7392272642894
 20
420.4178735057587
 30
0.0
 11
745.4945911039949
 21
420.4178735057586
 31
0.0
  0
LINE
  5
4AAF
330
1F
100
AcDbEntity
  8
HALFEN
100
AcDbLine
 10
750.7392272642894
 20
421.4178735057587
 30
0.0
 11
745.4945911039949
 21
421.4178735057586
 31
0.0
  0
LINE
  5
4AB0
330
1F
100
AcDbEntity
  8
HALFEN
100
AcDbLine
 10
750.805927131619
 20
422.4178735057586
 30
0.0
 11
745.4945911039949
 21
422.4178735057586
 31
0.0
  0
LINE
  5
4AB1
330
1F
100
AcDbEntity
  8
HALFEN
100
AcDbLine
 10
751.1162439180818
 20
423.4178735057587
 30
0.0
 11
745.4945911039949
 21
423.4178735057587
 31
0.0
  0
LINE
  5
4AB2
330
1F
100
AcDbEntity
  8
HALFEN
100
AcDbLine
 10
751.7488569150852
 20
424.4178735057587
 30
0.0
 11
745.4945911039949
 21
424.4178735057587
 31
0.0
  0
LINE
  5
4AB3
330
1F
100
AcDbEntity
  8
HALFEN
100
AcDbLine
 10
745.4945911039949
 20
408.4178735057586
 30
0.0
 11
750.7392272642894
 21
408.4178735057581
 31
0.0
  0
LINE
  5
4AB4
330
1F
100
AcDbEntity
  8
HALFEN
100
AcDbLine
 10
751.7488569150857
 20
399.4178735057587
 30
0.0
 11
745.4945911039949
 21
399.4178735057587
 31
0.0
  0
LINE
  5
4AB5
330
1F
100
AcDbEntity
  8
HALFEN
100
AcDbLine
 10
751.1162439180821
 20
400.4178735057586
 30
0.0
 11
745.4945911039949
 21
400.4178735057586
 31
0.0
  0
LINE
  5
4AB6
330
1F
100
AcDbEntity
  8
HALFEN
100
AcDbLine
 10
750.805927131619
 20
401.4178735057588
 30
0.0
 11
745.4945911039949
 21
401.4178735057586
 31
0.0
  0
LINE
  5
4AB7
330
1F
100
AcDbEntity
  8
HALFEN
100
AcDbLine
 10
750.7392272642894
 20
402.4178735057587
 30
0.0
 11
745.4945911039949
 21
402.4178735057587
 31
0.0
  0
LINE
  5
4AB8
330
1F
100
AcDbEntity
  8
HALFEN
100
AcDbLine
 10
750.7392272642894
 20
403.4178735057587
 30
0.0
 11
745.4945911039949
 21
403.4178735057587
 31
0.0
  0
LINE
  5
4AB9
330
1F
100
AcDbEntity
  8
HALFEN
100
AcDbLine
 10
750.7392272642894
 20
405.4178735057585
 30
0.0
 11
745.4945911039949
 21
405.4178735057586
 31
0.0
  0
LINE
  5
4ABA
330
1F
100
AcDbEntity
  8
HALFEN
100
AcDbLine
 10
750.739227264289
 20
406.4178735057588
 30
0.0
 11
745.4945911039949
 21
406.4178735057586
 31
0.0
  0
LINE
  5
4ABB
330
1F
100
AcDbEntity
  8
HALFEN
100
AcDbLine
 10
764.4945911039949
 20
425.4178735057586
 30
0.0
 11
756.9892272642895
 21
425.4178735057586
 31
0.0
  0
LINE
  5
4ABC
330
1F
100
AcDbEntity
  8
HALFEN
100
AcDbLine
 10
752.989227264289
 20
425.4178735057586
 30
0.0
 11
745.4945911039949
 21
425.4178735057586
 31
0.0
  0
LINE
  5
4ABD
330
1F
100
AcDbEntity
  8
HALFEN
100
AcDbLine
 10
752.9892272642897
 20
398.4178735057587
 30
0.0
 11
745.4945911039949
 21
398.4178735057587
 31
0.0
  0
LINE
  5
4ABE
330
1F
100
AcDbEntity
  8
HALFEN
100
AcDbLine
 10
759.2392272642894
 20
408.4178735057587
 30
0.0
 11
764.4945911039949
 21
408.4178735057586
 31
0.0
  0
LINE
  5
4ABF
330
1F
100
AcDbEntity
  8
HALFEN
100
AcDbLine
 10
764.4945911039949
 20
413.4178735057586
 30
0.0
 11
759.239227264289
 21
413.4178735057592
 31
0.0
  0
LINE
  5
4AC0
330
1F
100
AcDbEntity
  8
HALFEN
100
AcDbLine
 10
764.4945911039949
 20
414.4178735057586
 30
0.0
 11
759.2392272642894
 21
414.4178735057591
 31
0.0
  0
LINE
  5
4AC1
330
1F
100
AcDbEntity
  8
HALFEN
100
AcDbLine
 10
764.4945911039949
 20
415.4178735057587
 30
0.0
 11
759.2392272642894
 21
415.4178735057591
 31
0.0
  0
LINE
  5
4AC2
330
1F
100
AcDbEntity
  8
HALFEN
100
AcDbLine
 10
764.4945911039949
 20
416.4178735057586
 30
0.0
 11
759.2392272642894
 21
416.4178735057589
 31
0.0
  0
LINE
  5
4AC3
330
1F
100
AcDbEntity
  8
HALFEN
100
AcDbLine
 10
764.4945911039949
 20
417.4178735057586
 30
0.0
 11
759.239227264289
 21
417.4178735057587
 31
0.0
  0
LINE
  5
4AC4
330
1F
100
AcDbEntity
  8
HALFEN
100
AcDbLine
 10
764.4945911039949
 20
418.4178735057586
 30
0.0
 11
759.2392272642894
 21
418.4178735057586
 31
0.0
  0
LINE
  5
4AC5
330
1F
100
AcDbEntity
  8
HALFEN
100
AcDbLine
 10
764.4945911039949
 20
419.4178735057587
 30
0.0
 11
759.2392272642894
 21
419.4178735057588
 31
0.0
  0
LINE
  5
4AC6
330
1F
100
AcDbEntity
  8
HALFEN
100
AcDbLine
 10
764.4945911039949
 20
409.4178735057586
 30
0.0
 11
759.2392272642894
 21
409.4178735057586
 31
0.0
  0
LINE
  5
4AC7
330
1F
100
AcDbEntity
  8
HALFEN
100
AcDbLine
 10
764.4945911039949
 20
410.4178735057586
 30
0.0
 11
759.239227264289
 21
410.4178735057586
 31
0.0
  0
LINE
  5
4AC8
330
1F
100
AcDbEntity
  8
HALFEN
100
AcDbLine
 10
764.4945911039949
 20
411.4178735057587
 30
0.0
 11
759.239227264289
 21
411.4178735057579
 31
0.0
  0
LINE
  5
4AC9
330
1F
100
AcDbEntity
  8
HALFEN
100
AcDbLine
 10
764.4945911039949
 20
412.4178735057586
 30
0.0
 11
759.239227264289
 21
412.4178735057579
 31
0.0
  0
LINE
  5
4ACA
330
1F
100
AcDbEntity
  8
HALFEN
100
AcDbLine
 10
764.4945911039949
 20
398.4178735057587
 30
0.0
 11
756.9892272642889
 21
398.4178735057587
 31
0.0
  0
LINE
  5
4ACB
330
1F
100
AcDbEntity
  8
HALFEN
100
AcDbLine
 10
764.4945911039949
 20
404.4178735057586
 30
0.0
 11
759.239227264289
 21
404.4178735057587
 31
0.0
  0
LINE
  5
4ACC
330
1F
100
AcDbEntity
  8
HALFEN
100
AcDbLine
 10
764.4945911039949
 20
405.4178735057586
 30
0.0
 11
759.2392272642894
 21
405.4178735057585
 31
0.0
  0
LINE
  5
4ACD
330
1F
100
AcDbEntity
  8
HALFEN
100
AcDbLine
 10
764.4945911039949
 20
406.4178735057586
 30
0.0
 11
759.2392272642894
 21
406.4178735057588
 31
0.0
  0
LINE
  5
4ACE
330
1F
100
AcDbEntity
  8
HALFEN
100
AcDbLine
 10
764.4945911039949
 20
407.4178735057587
 30
0.0
 11
759.2392272642894
 21
407.4178735057587
 31
0.0
  0
LINE
  5
4ACF
330
1F
100
AcDbEntity
  8
HALFEN
100
AcDbLine
 10
764.4945911039949
 20
395.4178735057587
 30
0.0
 11
745.4945911039949
 21
395.4178735057587
 31
0.0
  0
LINE
  5
4AD0
330
1F
100
AcDbEntity
  8
HALFEN
  6
STRICHPUNKT2
 62
     1
 48
0.5
100
AcDbLine
 10
754.9892272642892
 20
394.917873505759
 30
0.0
 11
754.9892272642892
 21
428.9178735057588
 31
0.0
  0
LINE
  5
4AD1
330
1F
100
AcDbEntity
  8
HALFEN
  6
STRICHPUNKT2
 62
     1
 48
0.5
100
AcDbLine
 10
747.7392272642894
 20
411.9178735057588
 30
0.0
 11
762.2392272642894
 21
411.9178735057588
 31
0.0
  0
LINE
  5
4DCB
330
1F
100
AcDbEntity
  8
HALFEN
100
AcDbLine
 10
579.5816968591196
 20
357.9178735057547
 30
0.0
 11
579.5816968591196
 21
388.9178735057548
 31
0.0
  0
LINE
  5
4DCC
330
1F
100
AcDbEntity
  8
HALFEN
100
AcDbLine
 10
574.5816968591197
 20
388.9178735057548
 30
0.0
 11
574.5816968591197
 21
357.9178735057547
 31
0.0
  0
LINE
  5
4DCD
330
1F
100
AcDbEntity
  8
HALFEN
100
AcDbLine
 10
573.5816968591197
 20
353.9178735057547
 30
0.0
 11
573.5816968591197
 21
352.4178735057548
 31
0.0
  0
LINE
  5
4DCE
330
1F
100
AcDbEntity
  8
HALFEN
100
AcDbLine
 10
580.5816968591196
 20
352.4178735057548
 30
0.0
 11
580.5816968591196
 21
353.9178735057547
 31
0.0
  0
LINE
  5
4DCF
330
1F
100
AcDbEntity
  8
HALFEN
100
AcDbLine
 10
580.5816968591196
 20
352.4178735057548
 30
0.0
 11
573.5816968591197
 21
352.4178735057548
 31
0.0
  0
LINE
  5
4DD0
330
1F
100
AcDbEntity
  8
HALFEN
100
AcDbLine
 10
579.5816968591196
 20
388.9178735057548
 30
0.0
 11
574.5816968591197
 21
388.9178735057548
 31
0.0
  0
LINE
  5
4DD9
330
1F
100
AcDbEntity
  8
HALFEN
100
AcDbLine
 10
757.4892272642894
 20
357.9178735057583
 30
0.0
 11
757.4892272642894
 21
388.9178735057583
 31
0.0
  0
LINE
  5
4DDA
330
1F
100
AcDbEntity
  8
HALFEN
100
AcDbLine
 10
752.4892272642894
 20
388.9178735057583
 30
0.0
 11
752.4892272642894
 21
357.9178735057583
 31
0.0
  0
LINE
  5
4DDB
330
1F
100
AcDbEntity
  8
HALFEN
100
AcDbLine
 10
751.4892272642894
 20
353.9178735057583
 30
0.0
 11
751.4892272642894
 21
352.4178735057583
 31
0.0
  0
LINE
  5
4DDC
330
1F
100
AcDbEntity
  8
HALFEN
100
AcDbLine
 10
758.4892272642894
 20
352.4178735057583
 30
0.0
 11
758.4892272642894
 21
353.9178735057583
 31
0.0
  0
LINE
  5
4DDD
330
1F
100
AcDbEntity
  8
HALFEN
100
AcDbLine
 10
758.4892272642894
 20
352.4178735057583
 30
0.0
 11
751.4892272642894
 21
352.4178735057583
 31
0.0
  0
LINE
  5
4DDE
330
1F
100
AcDbEntity
  8
HALFEN
100
AcDbLine
 10
757.4892272642894
 20
388.9178735057583
 30
0.0
 11
752.4892272642894
 21
388.9178735057583
 31
0.0
  0
LINE
  5
5224
330
1F
100
AcDbEntity
  8
HALFEN
100
AcDbLine
 10
484.5355282967561
 20
619.127174743054
 30
0.0
 11
507.1355741750026
 21
619.1271747430537
 31
0.0
  0
LINE
  5
5226
330
1F
100
AcDbEntity
  8
HALFEN
100
AcDbLine
 10
484.5355282967559
 20
631.1271747430537
 30
0.0
 11
507.1355741750026
 21
631.1271747430538
 31
0.0
  0
LINE
  5
5228
330
1F
100
AcDbEntity
  8
HALFEN
100
AcDbLine
 10
507.1355741750026
 20
631.1271747430553
 30
0.0
 11
507.1355741750026
 21
619.1271747430553
 31
0.0
  0
LINE
  5
5229
330
1F
100
AcDbEntity
  8
HALFEN
100
AcDbLine
 10
508.5355741750027
 20
630.1271747430553
 30
0.0
 11
508.5355741750027
 21
620.1271747430553
 31
0.0
  0
LINE
  5
522A
330
1F
100
AcDbEntity
  8
HALFEN
100
AcDbLine
 10
508.5355741750027
 20
620.1271747430553
 30
0.0
 11
507.1355741750026
 21
619.1271747430553
 31
0.0
  0
LINE
  5
522B
330
1F
100
AcDbEntity
  8
HALFEN
100
AcDbLine
 10
507.1355741750026
 20
631.1271747430553
 30
0.0
 11
508.5355741750027
 21
630.1271747430553
 31
0.0
  0
LINE
  5
5584
330
1F
100
AcDbEntity
  8
HALFEN
100
AcDbLine
 10
631.081650980876
 20
283.2430799021291
 30
0.0
 11
653.6816968591224
 21
283.2430799021288
 31
0.0
  0
LINE
  5
5586
330
1F
100
AcDbEntity
  8
HALFEN
100
AcDbLine
 10
631.0816509808757
 20
295.2430799021288
 30
0.0
 11
653.6816968591224
 21
295.243079902129
 31
0.0
  0
LINE
  5
5588
330
1F
100
AcDbEntity
  8
HALFEN
100
AcDbLine
 10
653.6816968591224
 20
295.2430799021304
 30
0.0
 11
653.6816968591224
 21
283.2430799021304
 31
0.0
  0
LINE
  5
5589
330
1F
100
AcDbEntity
  8
HALFEN
100
AcDbLine
 10
655.0816968591224
 20
294.2430799021304
 30
0.0
 11
655.0816968591224
 21
284.2430799021304
 31
0.0
  0
LINE
  5
558A
330
1F
100
AcDbEntity
  8
HALFEN
100
AcDbLine
 10
655.0816968591224
 20
284.2430799021304
 30
0.0
 11
653.6816968591224
 21
283.2430799021304
 31
0.0
  0
LINE
  5
558B
330
1F
100
AcDbEntity
  8
HALFEN
100
AcDbLine
 10
653.6816968591224
 20
295.2430799021304
 30
0.0
 11
655.0816968591224
 21
294.2430799021304
 31
0.0
  0
LINE
  5
5FD5
330
1F
100
AcDbEntity
  8
HALFEN
100
AcDbLine
 10
592.8855048862187
 20
830.5410497531996
 30
0.0
 11
760.0855184857214
 21
830.5410497531996
 31
0.0
  0
LINE
  5
5FD6
330
1F
100
AcDbEntity
  8
HALFEN
100
AcDbLine
 10
592.8855048862187
 20
840.5410497531994
 30
0.0
 11
760.0855184857214
 21
840.5410497531994
 31
0.0
  0
LINE
  5
5FD7
330
1F
100
AcDbEntity
  8
HALFEN
100
AcDbLine
 10
592.8855048862187
 20
858.5410497532
 30
0.0
 11
760.0855184857214
 21
858.5410497532
 31
0.0
  0
TEXT
  5
5FD8
330
1F
100
AcDbEntity
  8
HALFEN
100
AcDbText
 10
642.8501912188337
 20
851.0410497531996
 30
0.0
 40
5.0
  1
Halfen Body - Anker BA 612 - 1 -  A2
  7
ARIAL50
100
AcDbText
  0
TEXT
  5
5FD9
330
1F
100
AcDbEntity
  8
HALFEN
100
AcDbText
 10
597.8855048862187
 20
851.0410497531996
 30
0.0
 40
5.0
  1
Benennung
  7
ARIAL50
100
AcDbText
  0
TEXT
  5
5FDA
330
1F
100
AcDbEntity
  8
HALFEN
100
AcDbText
 10
597.8855048862187
 20
833.0410497531996
 30
0.0
 40
5.0
  1
Bestell-Nr.
  7
ARIAL50
100
AcDbText
  0
LINE
  5
5FDB
330
1F
100
AcDbEntity
  8
HALFEN
100
AcDbLine
 10
592.8855048862187
 20
830.5410497531996
 30
0.0
 11
592.8855048862187
 21
858.5410497532
 31
0.0
  0
LINE
  5
5FDC
330
1F
100
AcDbEntity
  8
HALFEN
100
AcDbLine
 10
637.8501912188337
 20
830.5410497531996
 30
0.0
 11
637.8501912188337
 21
858.5410497532
 31
0.0
  0
TEXT
  5
5FDD
330
1F
100
AcDbEntity
  8
HALFEN
100
AcDbText
 10
642.8501912188337
 20
833.0410497531996
 30
0.0
 40
5.0
  1
0754.010 - 00015
  7
ARIAL50
100
AcDbText
  0
LINE
  5
5FDE
330
1F
100
AcDbEntity
  8
HALFEN
100
AcDbLine
 10
760.0855184857214
 20
830.5410497531996
 30
0.0
 11
760.0855184857214
 21
858.5410497532
 31
0.0
  0
LINE
  5
5FDF
330
1F
100
AcDbEntity
  8
HALFEN
100
AcDbLine
 10
731.08923288092
 20
681.8019683466839
 30
0.0
 11
731.08923288092
 21
702.8019683466832
 31
0.0
  0
ARC
  5
5FE0
330
1F
100
AcDbEntity
  8
HALFEN
100
AcDbCircle
 10
744.3392328809196
 20
691.8019683466837
 30
0.0
 40
21.24999999999962
100
AcDbArc
 50
151.9275130641468
 51
208.0724869358534
  0
LINE
  5
5FE1
330
1F
100
AcDbEntity
  8
HALFEN
100
AcDbLine
 10
799.0892328809198
 20
681.8019683466839
 30
0.0
 11
799.0892328809201
 21
701.8019683466833
 31
0.0
1001
ACAD
1000
ASC_BOUNDS
1002
{
1070
    19
1005
0
1002
}
  0
LINE
  5
5FE2
330
1F
100
AcDbEntity
  8
HALFEN
100
AcDbLine
 10
723.08923288092
 20
701.8019683466832
 30
0.0
 11
723.0892328809197
 21
681.8019683466833
 31
0.0
  0
LINE
  5
5FE3
330
1F
100
AcDbEntity
  8
HALFEN
100
AcDbLine
 10
723.0892328809197
 20
681.8019683466833
 30
0.0
 11
799.0892328809198
 21
681.8019683466839
 31
0.0
1001
ACAD
1000
ASC_BOUNDS
1002
{
1070
    19
1002
}
  0
LINE
  5
5FE4
330
1F
100
AcDbEntity
  8
HALFEN
100
AcDbLine
 10
731.08923288092
 20
704.3019683466837
 30
0.0
 11
790.08923288092
 21
776.8019683466839
 31
0.0
  0
LINE
  5
5FE5
330
1F
100
AcDbEntity
  8
HALFEN
100
AcDbLine
 10
723.08923288092
 20
701.8019683466832
 30
0.0
 11
731.0892328809197
 21
701.8019683466832
 31
0.0
  0
LINE
  5
5FE6
330
1F
100
AcDbEntity
  8
HALFEN
100
AcDbLine
 10
731.08923288092
 20
704.3019683466837
 30
0.0
 11
731.0892328809196
 21
701.8019683466832
 31
0.0
  0
LINE
  5
5FE7
330
1F
100
AcDbEntity
  8
HALFEN
100
AcDbLine
 10
798.0892328809198
 20
702.8019683466833
 30
0.0
 11
798.08923288092
 21
776.8019683466838
 31
0.0
1001
ACAD
1000
ASC_BOUNDS
1002
{
1070
    19
1005
0
1005
0
1005
0
1005
0
1005
0
1005
0
1005
0
1005
0
1005
0
1005
0
1005
0
1005
0
1005
0
1005
0
1005
0
1005
0
1005
0
1005
0
1005
0
1005
0
1005
0
1005
0
1005
0
1005
0
1005
0
1005
0
1005
0
1005
0
1005
0
1005
0
1005
0
1005
0
1002
}
  0
ARC
  5
5FE8
330
1F
100
AcDbEntity
  8
HALFEN
100
AcDbCircle
 10
799.0892328809198
 20
702.8019683466833
 30
0.0
 40
1.0
100
AcDbArc
 50
180.0
 51
270.0
1001
ACAD
1000
ASC_BOUNDS
1002
{
1070
    19
1002
}
  0
LINE
  5
5FE9
330
1F
100
AcDbEntity
  8
HALFEN
100
AcDbLine
 10
799.0892328809198
 20
701.8019683466833
 30
0.0
 11
799.0892328809201
 21
701.8019683466833
 31
0.0
1001
ACAD
1000
ASC_BOUNDS
1002
{
1070
    19
1002
}
  0
LINE
  5
5FEA
330
1F
100
AcDbEntity
  8
HALFEN
100
AcDbLine
 10
790.08923288092
 20
776.8019683466839
 30
0.0
 11
798.08923288092
 21
776.8019683466838
 31
0.0
1001
ACAD
1000
ASC_BOUNDS
1002
{
1070
    19
1002
}
  0
LINE
  5
5FEB
330
1F
100
AcDbEntity
  8
HALFEN
100
AcDbLine
 10
847.4968091643331
 20
694.3019683466832
 30
0.0
 11
847.4968091643331
 21
776.8019683466832
 31
0.0
  0
LINE
  5
5FEC
330
1F
100
AcDbEntity
  8
HALFEN
100
AcDbLine
 10
866.4968091643331
 20
694.3019683466829
 30
0.0
 11
866.4968091643334
 21
776.8019683466834
 31
0.0
  0
LINE
  5
5FED
330
1F
100
AcDbEntity
  8
HALFEN
100
AcDbLine
 10
868.4968091643334
 20
681.8019683466834
 30
0.0
 11
868.4968091643332
 21
689.3019683466827
 31
0.0
  0
LINE
  5
5FEE
330
1F
100
AcDbEntity
  8
HALFEN
100
AcDbLine
 10
845.4968091643332
 20
681.8019683466834
 30
0.0
 11
845.4968091643332
 21
689.301968346683
 31
0.0
  0
LINE
  5
5FEF
330
1F
100
AcDbEntity
  8
HALFEN
100
AcDbLine
 10
869.4968091643334
 20
681.8019683466834
 30
0.0
 11
869.4968091643335
 21
689.3019683466827
 31
0.0
  0
LINE
  5
5FF0
330
1F
100
AcDbEntity
  8
HALFEN
100
AcDbLine
 10
844.4968091643334
 20
681.8019683466834
 30
0.0
 11
844.4968091643332
 21
689.301968346683
 31
0.0
  0
LINE
  5
5FF1
330
1F
100
AcDbEntity
  8
HALFEN
100
AcDbLine
 10
858.9968091643331
 20
681.801968346683
 30
0.0
 11
858.9968091643335
 21
701.801968346683
 31
0.0
  0
LINE
  5
5FF2
330
1F
100
AcDbEntity
  8
HALFEN
100
AcDbLine
 10
854.9968091643332
 20
681.801968346683
 30
0.0
 11
854.9968091643332
 21
701.801968346683
 31
0.0
  0
ARC
  5
5FF3
330
1F
100
AcDbEntity
  8
HALFEN
100
AcDbCircle
 10
856.9968091643332
 20
691.8019683466829
 30
0.0
 40
6.0
100
AcDbArc
 50
204.6243183521635
 51
250.5287793655092
  0
LINE
  5
5FF4
330
1F
100
AcDbEntity
  8
HALFEN
100
AcDbLine
 10
858.9968091643331
 20
681.801968346683
 30
0.0
 11
854.9968091643332
 21
681.8019683466832
 31
0.0
  0
ARC
  5
5FF5
330
1F
100
AcDbEntity
  8
HALFEN
100
AcDbCircle
 10
856.9968091643332
 20
691.8019683466829
 30
0.0
 40
6.0
100
AcDbArc
 50
289.4712206344914
 51
335.375681647833
  0
LINE
  5
5FF6
330
1F
100
AcDbEntity
  8
HALFEN
100
AcDbLine
 10
847.4968091643331
 20
681.8019683466834
 30
0.0
 11
847.4968091643335
 21
689.3019683466832
 31
0.0
  0
LINE
  5
5FF7
330
1F
100
AcDbEntity
  8
HALFEN
100
AcDbLine
 10
847.4968091643331
 20
701.8019683466834
 30
0.0
 11
866.4968091643334
 21
701.8019683466832
 31
0.0
  0
LINE
  5
5FF8
330
1F
100
AcDbEntity
  8
HALFEN
100
AcDbLine
 10
844.4968091643334
 20
681.8019683466834
 30
0.0
 11
869.4968091643334
 21
681.8019683466834
 31
0.0
  0
ARC
  5
5FF9
330
1F
100
AcDbEntity
  8
HALFEN
100
AcDbCircle
 10
856.9968091643332
 20
691.8019683466829
 30
0.0
 40
6.0
100
AcDbArc
 50
24.62431835216352
 51
70.52877936550726
  0
ARC
  5
5FFC
330
1F
100
AcDbEntity
  8
HALFEN
100
AcDbCircle
 10
856.9968091643332
 20
691.8019683466829
 30
0.0
 40
6.0
100
AcDbArc
 50
109.4712206344908
 51
155.3756816478364
  0
LINE
  5
5FFD
330
1F
100
AcDbEntity
  8
HALFEN
100
AcDbLine
 10
858.9968091643335
 20
701.801968346683
 30
0.0
 11
854.9968091643332
 21
701.8019683466832
 31
0.0
  0
LINE
  5
5FFE
330
1F
100
AcDbEntity
  8
HALFEN
100
AcDbLine
 10
866.4968091643334
 20
681.8019683466834
 30
0.0
 11
866.4968091643334
 21
689.3019683466827
 31
0.0
  0
LINE
  5
5FFF
330
1F
100
AcDbEntity
  8
HALFEN
100
AcDbLine
 10
844.4968091643334
 20
776.8019683466834
 30
0.0
 11
869.4968091643334
 21
776.8019683466834
 31
0.0
  0
LINE
  5
6000
330
1F
100
AcDbEntity
  8
HALFEN
100
AcDbLine
 10
891.9968091643331
 20
689.3019683466827
 30
0.0
 11
891.9968091643331
 21
694.3019683466825
 31
0.0
  0
LINE
  5
6001
330
1F
100
AcDbEntity
  8
HALFEN
100
AcDbLine
 10
854.9968091643332
 20
689.301968346683
 30
0.0
 11
821.9968091643334
 21
689.3019683466832
 31
0.0
  0
LINE
  5
6002
330
1F
100
AcDbEntity
  8
HALFEN
100
AcDbLine
 10
854.9968091643332
 20
694.301968346683
 30
0.0
 11
821.9968091643334
 21
694.3019683466832
 31
0.0
  0
LINE
  5
6003
330
1F
100
AcDbEntity
  8
HALFEN
100
AcDbLine
 10
891.9968091643331
 20
689.3019683466827
 30
0.0
 11
858.9968091643331
 21
689.3019683466827
 31
0.0
  0
LINE
  5
6004
330
1F
100
AcDbEntity
  8
HALFEN
100
AcDbLine
 10
891.9968091643331
 20
694.3019683466827
 30
0.0
 11
858.9968091643335
 21
694.301968346683
 31
0.0
  0
LINE
  5
6005
330
1F
100
AcDbEntity
  8
HALFEN
100
AcDbLine
 10
821.9968091643334
 20
689.3019683466832
 30
0.0
 11
821.9968091643334
 21
694.3019683466832
 31
0.0
  0
LINE
  5
6006
330
1F
100
AcDbEntity
  8
HALFEN
100
AcDbLine
 10
699.0892787591633
 20
631.1271747430565
 30
0.0
 11
723.0892328809197
 21
631.1271747430565
 31
0.0
  0
LINE
  5
6008
330
1F
100
AcDbEntity
  8
HALFEN
100
AcDbLine
 10
699.0892787591633
 20
619.1271747430564
 30
0.0
 11
723.0892328809197
 21
619.1271747430564
 31
0.0
  0
LINE
  5
600A
330
1F
100
AcDbEntity
  8
HALFEN
100
AcDbLine
 10
699.0892787591633
 20
631.1271747430565
 30
0.0
 11
694.0892787591633
 21
627.1271747430565
 31
0.0
  0
LINE
  5
600C
330
1F
100
AcDbEntity
  8
HALFEN
100
AcDbLine
 10
672.0892787591638
 20
627.1271747430565
 30
0.0
 11
694.0892787591633
 21
627.1271747430565
 31
0.0
  0
LINE
  5
600D
330
1F
100
AcDbEntity
  8
HALFEN
100
AcDbLine
 10
672.0892787591638
 20
623.1271747430565
 30
0.0
 11
694.0892787591633
 21
623.1271747430565
 31
0.0
  0
LINE
  5
600E
330
1F
100
AcDbEntity
  8
HALFEN
100
AcDbLine
 10
672.0892787591638
 20
627.1271747430565
 30
0.0
 11
672.0892787591638
 21
623.1271747430565
 31
0.0
  0
LINE
  5
6011
330
1F
100
AcDbEntity
  8
HALFEN
100
AcDbLine
 10
699.0892787591633
 20
619.1271747430564
 30
0.0
 11
694.0892787591633
 21
623.1271747430565
 31
0.0
  0
LINE
  5
6012
330
1F
100
AcDbEntity
  8
HALFEN
100
AcDbLine
 10
676.5892787591638
 20
590.1271747430562
 30
0.0
 11
676.5892787591638
 21
623.1271747430565
 31
0.0
  0
LINE
  5
6013
330
1F
100
AcDbEntity
  8
HALFEN
100
AcDbLine
 10
676.5892787591638
 20
627.1271747430565
 30
0.0
 11
676.5892787591638
 21
660.1271747430562
 31
0.0
  0
LINE
  5
6014
330
1F
100
AcDbEntity
  8
HALFEN
100
AcDbLine
 10
681.5892787591637
 20
590.1271747430562
 30
0.0
 11
681.5892787591637
 21
623.1271747430565
 31
0.0
  0
LINE
  5
6015
330
1F
100
AcDbEntity
  8
HALFEN
100
AcDbLine
 10
681.5892787591637
 20
627.1271747430565
 30
0.0
 11
681.5892787591637
 21
660.1271747430562
 31
0.0
  0
LINE
  5
6016
330
1F
100
AcDbEntity
  8
HALFEN
100
AcDbLine
 10
681.5892787591637
 20
590.1271747430562
 30
0.0
 11
676.5892787591638
 21
590.1271747430562
 31
0.0
  0
LINE
  5
6017
330
1F
100
AcDbEntity
  8
HALFEN
100
AcDbLine
 10
681.5892787591637
 20
660.1271747430562
 30
0.0
 11
676.5892787591638
 21
660.1271747430562
 31
0.0
  0
LINE
  5
6018
330
1F
100
AcDbEntity
  8
HALFEN
100
AcDbLine
 10
794.5812398582711
 20
635.6271747430598
 30
0.0
 11
731.08923288092
 21
634.72717474306
 31
0.0
  0
LINE
  5
6019
330
1F
100
AcDbEntity
  8
HALFEN
100
AcDbLine
 10
794.5812398582711
 20
637.62717474306
 30
0.0
 11
731.08923288092
 21
636.7271747430598
 31
0.0
  0
LINE
  5
601A
330
1F
100
AcDbEntity
  8
HALFEN
100
AcDbLine
 10
731.0892328809197
 20
615.52717474306
 30
0.0
 11
794.5812398582711
 21
614.6271747430601
 31
0.0
  0
LINE
  5
601B
330
1F
100
AcDbEntity
  8
HALFEN
100
AcDbLine
 10
733.0892328809198
 20
634.6271747430598
 30
0.0
 11
733.0892328809198
 21
615.6271747430601
 31
0.0
  0
ARC
  5
601C
330
1F
100
AcDbEntity
  8
HALFEN
100
AcDbCircle
 10
742.3892328809198
 20
625.12717474306
 30
0.0
 40
19.29999999999991
100
AcDbArc
 50
150.5128743270611
 51
209.4871256729392
  0
LINE
  5
601D
330
1F
100
AcDbEntity
  8
HALFEN
100
AcDbLine
 10
723.0892328809197
 20
634.6271747430599
 30
0.0
 11
723.08923288092
 21
615.6271747430601
 31
0.0
  0
LINE
  5
601E
330
1F
100
AcDbEntity
  8
HALFEN
100
AcDbLine
 10
723.08923288092
 20
615.6271747430601
 30
0.0
 11
733.0892328809198
 21
615.6271747430601
 31
0.0
  0
LINE
  5
601F
330
1F
100
AcDbEntity
  8
HALFEN
100
AcDbLine
 10
731.08923288092
 20
615.52717474306
 30
0.0
 11
731.0892328809197
 21
613.5271747430599
 31
0.0
  0
LINE
  5
6020
330
1F
100
AcDbEntity
  8
HALFEN
100
AcDbLine
 10
723.0892328809197
 20
634.6271747430599
 30
0.0
 11
733.0892328809198
 21
634.6271747430598
 31
0.0
  0
LINE
  5
6022
330
1F
100
AcDbEntity
  8
HALFEN
100
AcDbLine
 10
731.08923288092
 20
636.7271747430598
 30
0.0
 11
731.08923288092
 21
634.72717474306
 31
0.0
  0
ARC
  5
6023
330
1F
100
AcDbEntity
  8
HALFEN
100
AcDbCircle
 10
799.0812398582711
 20
632.1166404462383
 30
0.0
 40
1.0
100
AcDbArc
 50
137.9553848263048
 51
179.9999999999992
  0
LINE
  5
6024
330
1F
100
AcDbEntity
  8
HALFEN
100
AcDbLine
 10
796.0812398582714
 20
634.1271747430599
 30
0.0
 11
796.0812398582714
 21
616.1271747430601
 31
0.0
  0
LINE
  5
6025
330
1F
100
AcDbEntity
  8
HALFEN
100
AcDbLine
 10
798.0812398582711
 20
634.1271747430599
 30
0.0
 11
798.0812398582711
 21
616.1271747430601
 31
0.0
  0
ARC
  5
6026
330
1F
100
AcDbEntity
  8
HALFEN
100
AcDbCircle
 10
794.5812398582711
 20
616.1271747430601
 30
0.0
 40
1.5
100
AcDbArc
 50
270.0
 51
0.0
  0
ARC
  5
6027
330
1F
100
AcDbEntity
  8
HALFEN
100
AcDbCircle
 10
794.5812398582711
 20
616.1271747430601
 30
0.0
 40
3.5
100
AcDbArc
 50
270.0
 51
0.0
  0
LINE
  5
6028
330
1F
100
AcDbEntity
  8
HALFEN
 48
0.4
100
AcDbLine
 10
796.0812398582714
 20
619.42717474306
 30
0.0
 11
798.0812398582711
 21
619.42717474306
 31
0.0
  0
LINE
  5
6029
330
1F
100
AcDbEntity
  8
HALFEN
 48
0.4
100
AcDbLine
 10
796.0812398582714
 20
630.82717474306
 30
0.0
 11
798.0812398582711
 21
630.82717474306
 31
0.0
  0
ARC
  5
602A
330
1F
100
AcDbEntity
  8
HALFEN
100
AcDbCircle
 10
796.172817592279
 20
634.7394993131581
 30
0.0
 40
2.91641528864085
100
AcDbArc
 50
317.9553848263049
 51
81.94969092382036
  0
ARC
  5
602B
330
1F
100
AcDbEntity
  8
HALFEN
100
AcDbCircle
 10
794.5812398582711
 20
634.1271747430599
 30
0.0
 40
3.5
100
AcDbArc
 50
0.0
 51
90.0
  0
ARC
  5
602C
330
1F
100
AcDbEntity
  8
HALFEN
100
AcDbCircle
 10
794.5812398582711
 20
634.1271747430599
 30
0.0
 40
1.5
100
AcDbArc
 50
0.0
 51
90.0
  0
LINE
  5
602D
330
1F
100
AcDbEntity
  8
HALFEN
100
AcDbLine
 10
796.5812398582711
 20
637.62717474306
 30
0.0
 11
794.5812398582711
 21
637.62717474306
 31
0.0
  0
ARC
  5
602E
330
1F
100
AcDbEntity
  8
HALFEN
100
AcDbCircle
 10
794.5812398582711
 20
634.1271747430599
 30
0.0
 40
1.5
100
AcDbArc
 50
359.9999999999996
 51
90.0
  0
LINE
  5
602F
330
1F
100
AcDbEntity
  8
HALFEN
100
AcDbLine
 10
794.5812398582711
 20
612.62717474306
 30
0.0
 11
731.08923288092
 21
613.5271747430598
 31
0.0
  0
ARC
  5
6030
330
1F
100
AcDbEntity
  8
HALFEN
100
AcDbCircle
 10
796.172817592279
 20
615.5148501729617
 30
0.0
 40
2.91641528864085
100
AcDbArc
 50
278.0503090761797
 51
42.04461517369513
  0
LINE
  5
6031
330
1F
100
AcDbEntity
  8
HALFEN
100
AcDbLine
 10
796.5812398582711
 20
612.6271747430599
 30
0.0
 11
794.5812398582711
 21
612.6271747430599
 31
0.0
  0
ARC
  5
6032
330
1F
100
AcDbEntity
  8
HALFEN
100
AcDbCircle
 10
799.0812398582711
 20
618.1377090398815
 30
0.0
 40
1.0
100
AcDbArc
 50
180.0000000000008
 51
222.0446151736951
  0
LINE
  5
6034
330
1F
100
AcDbEntity
  8
HALFEN
100
AcDbLine
 10
679.0892787591691
 20
701.8019683466833
 30
0.0
 11
687.0892787591652
 21
701.8019683466833
 31
0.0
  0
LINE
  5
6035
330
1F
100
AcDbEntity
  8
HALFEN
100
AcDbLine
 10
679.0892787591639
 20
681.8019683466833
 30
0.0
 11
687.0892787591598
 21
681.8019683466833
 31
0.0
  0
CIRCLE
  5
6037
330
1F
100
AcDbEntity
  8
HALFEN
100
AcDbCircle
 10
679.0892787591639
 20
691.8019683466833
 30
0.0
 40
2.549999999999998
  0
ARC
  5
6039
330
1F
100
AcDbEntity
  8
HALFEN
100
AcDbCircle
 10
692.6441500503426
 20
691.8019683466788
 30
0.0
 40
20.55487129117615
100
AcDbArc
 50
153.1066652215763
 51
206.8933347783888
  0
ARC
  5
603A
330
1F
100
AcDbEntity
  8
HALFEN
100
AcDbCircle
 10
678.4313494626522
 20
715.178347665146
 30
0.0
 40
33.38286337882215
100
AcDbArc
 50
264.2805177001621
 51
271.1292923651171
  0
ARC
  5
603B
330
1F
100
AcDbEntity
  8
HALFEN
100
AcDbCircle
 10
675.2041350518715
 20
682.9566945766046
 30
0.0
 40
1.0
100
AcDbArc
 50
206.8933347783888
 51
264.2805177001621
  0
ARC
  5
603C
330
1F
100
AcDbEntity
  8
HALFEN
100
AcDbCircle
 10
678.4313494626573
 20
668.425589028221
 30
0.0
 40
33.38286337882191
100
AcDbArc
 50
88.87070763486988
 51
95.71948229983783
  0
ARC
  5
603D
330
1F
100
AcDbEntity
  8
HALFEN
100
AcDbCircle
 10
675.2041350518761
 20
700.6472421167622
 30
0.0
 40
1.0
100
AcDbArc
 50
95.71948229983783
 51
153.1066652215763
  0
LINE
  5
603E
330
1F
100
AcDbEntity
  8
HALFEN
100
AcDbLine
 10
699.0987889210423
 20
685.8019683466833
 30
0.0
 11
723.0892328809201
 21
685.8019683466833
 31
0.0
  0
LINE
  5
6040
330
1F
100
AcDbEntity
  8
HALFEN
100
AcDbLine
 10
699.0987889210429
 20
697.8019683466833
 30
0.0
 11
723.0892328809197
 21
697.8019683466833
 31
0.0
  0
ARC
  5
6043
330
1F
100
AcDbEntity
  8
HALFEN
100
AcDbCircle
 10
692.6622849042265
 20
691.8019683466837
 30
0.0
 40
6.426993854937293
100
AcDbArc
 50
308.9250348639506
 51
51.07496513604939
  0
ARC
  5
6045
330
1F
100
AcDbEntity
  8
HALFEN
100
AcDbCircle
 10
683.628123525552
 20
700.1924100293059
 30
0.0
 40
18.71330918980028
100
AcDbArc
 50
280.6586182674489
 51
314.3111239797497
  0
ARC
  5
6046
330
1F
100
AcDbEntity
  8
HALFEN
100
AcDbCircle
 10
699.797100565604
 20
672.2487659492831
 30
0.0
 40
13.57118028683685
100
AcDbArc
 50
92.94948456232807
 51
119.9046328619588
  0
ARC
  5
6047
330
1F
100
AcDbEntity
  8
HALFEN
100
AcDbCircle
 10
683.6281235255584
 20
683.4115266640765
 30
0.0
 40
18.71330918978492
100
AcDbArc
 50
45.68887602023199
 51
79.34138173255111
  0
ARC
  5
6048
330
1F
100
AcDbEntity
  8
HALFEN
100
AcDbCircle
 10
699.797100565604
 20
711.355170744084
 30
0.0
 40
13.57118028683685
100
AcDbArc
 50
240.0953671380412
 51
267.0505154376589
  0
ARC
  5
604A
330
1F
100
AcDbEntity
  8
HALFEN
100
AcDbCircle
 10
856.9968091643334
 20
738.0519683466834
 30
0.0
 40
4.25
100
AcDbArc
 50
180.0
 51
0.0
  0
ARC
  5
604B
330
1F
100
AcDbEntity
  8
HALFEN
100
AcDbCircle
 10
856.9968091643334
 20
757.5519683466835
 30
0.0
 40
4.25
100
AcDbArc
 50
0.0
 51
180.0
  0
LINE
  5
604C
330
1F
100
AcDbEntity
  8
HALFEN
100
AcDbLine
 10
852.7468091643331
 20
738.0519683466834
 30
0.0
 11
852.7468091643331
 21
757.5519683466835
 31
0.0
  0
LINE
  5
604D
330
1F
100
AcDbEntity
  8
HALFEN
100
AcDbLine
 10
861.2468091643334
 20
757.5519683466835
 30
0.0
 11
861.2468091643334
 21
738.0519683466834
 31
0.0
  0
LINE
  5
604E
330
1F
100
AcDbEntity
  8
HALFEN
100
AcDbLine
 10
866.502173004039
 20
756.3019683466832
 30
0.0
 11
861.2468091643334
 21
756.3019683466832
 31
0.0
  0
LINE
  5
604F
330
1F
100
AcDbEntity
  8
HALFEN
100
AcDbLine
 10
866.502173004039
 20
757.3019683466831
 30
0.0
 11
861.2468091643334
 21
757.3019683466831
 31
0.0
  0
LINE
  5
6050
330
1F
100
AcDbEntity
  8
HALFEN
100
AcDbLine
 10
866.502173004039
 20
758.3019683466832
 30
0.0
 11
861.1801092970038
 21
758.3019683466832
 31
0.0
  0
LINE
  5
6051
330
1F
100
AcDbEntity
  8
HALFEN
100
AcDbLine
 10
866.502173004039
 20
759.3019683466832
 30
0.0
 11
860.869792510541
 21
759.3019683466832
 31
0.0
  0
LINE
  5
6052
330
1F
100
AcDbEntity
  8
HALFEN
100
AcDbLine
 10
866.502173004039
 20
760.3019683466832
 30
0.0
 11
860.2371795135372
 21
760.3019683466834
 31
0.0
  0
LINE
  5
6053
330
1F
100
AcDbEntity
  8
HALFEN
100
AcDbLine
 10
866.502173004039
 20
735.3019683466832
 30
0.0
 11
860.2371795135368
 21
735.3019683466832
 31
0.0
  0
LINE
  5
6054
330
1F
100
AcDbEntity
  8
HALFEN
100
AcDbLine
 10
866.502173004039
 20
736.3019683466831
 30
0.0
 11
860.8697925105406
 21
736.3019683466834
 31
0.0
  0
LINE
  5
6055
330
1F
100
AcDbEntity
  8
HALFEN
100
AcDbLine
 10
866.502173004039
 20
737.3019683466832
 30
0.0
 11
861.1801092970038
 21
737.3019683466832
 31
0.0
  0
LINE
  5
6056
330
1F
100
AcDbEntity
  8
HALFEN
100
AcDbLine
 10
866.502173004039
 20
738.3019683466832
 30
0.0
 11
861.2468091643334
 21
738.3019683466832
 31
0.0
  0
LINE
  5
6057
330
1F
100
AcDbEntity
  8
HALFEN
100
AcDbLine
 10
866.502173004039
 20
739.3019683466832
 30
0.0
 11
861.2468091643334
 21
739.3019683466836
 31
0.0
  0
LINE
  5
6058
330
1F
100
AcDbEntity
  8
HALFEN
100
AcDbLine
 10
866.502173004039
 20
762.3019683466832
 30
0.0
 11
847.5021730040387
 21
762.3019683466832
 31
0.0
  0
LINE
  5
6059
330
1F
100
AcDbEntity
  8
HALFEN
100
AcDbLine
 10
866.502173004039
 20
763.3019683466832
 30
0.0
 11
847.5021730040387
 21
763.3019683466832
 31
0.0
  0
LINE
  5
605A
330
1F
100
AcDbEntity
  8
HALFEN
100
AcDbLine
 10
866.502173004039
 20
764.3019683466832
 30
0.0
 11
847.5021730040387
 21
764.3019683466832
 31
0.0
  0
LINE
  5
605B
330
1F
100
AcDbEntity
  8
HALFEN
100
AcDbLine
 10
866.502173004039
 20
732.3019683466831
 30
0.0
 11
847.5021730040387
 21
732.3019683466831
 31
0.0
  0
LINE
  5
605C
330
1F
100
AcDbEntity
  8
HALFEN
100
AcDbLine
 10
866.502173004039
 20
733.3019683466832
 30
0.0
 11
847.5021730040387
 21
733.3019683466832
 31
0.0
  0
LINE
  5
605D
330
1F
100
AcDbEntity
  8
HALFEN
100
AcDbLine
 10
852.7468091643331
 20
751.3019683466832
 30
0.0
 11
847.5021730040387
 21
751.3019683466832
 31
0.0
  0
LINE
  5
605E
330
1F
100
AcDbEntity
  8
HALFEN
100
AcDbLine
 10
852.7468091643331
 20
750.3019683466832
 30
0.0
 11
847.5021730040387
 21
750.3019683466832
 31
0.0
  0
LINE
  5
605F
330
1F
100
AcDbEntity
  8
HALFEN
100
AcDbLine
 10
852.7468091643331
 20
749.3019683466833
 30
0.0
 11
847.5021730040387
 21
749.3019683466832
 31
0.0
  0
LINE
  5
6060
330
1F
100
AcDbEntity
  8
HALFEN
100
AcDbLine
 10
852.7468091643331
 20
748.3019683466833
 30
0.0
 11
847.5021730040387
 21
748.3019683466832
 31
0.0
  0
LINE
  5
6061
330
1F
100
AcDbEntity
  8
HALFEN
100
AcDbLine
 10
852.7468091643331
 20
747.3019683466832
 30
0.0
 11
847.5021730040387
 21
747.3019683466832
 31
0.0
  0
LINE
  5
6062
330
1F
100
AcDbEntity
  8
HALFEN
100
AcDbLine
 10
852.7468091643331
 20
746.3019683466825
 30
0.0
 11
847.5021730040387
 21
746.3019683466832
 31
0.0
  0
LINE
  5
6063
330
1F
100
AcDbEntity
  8
HALFEN
100
AcDbLine
 10
852.7468091643331
 20
745.3019683466827
 30
0.0
 11
847.5021730040387
 21
745.3019683466832
 31
0.0
  0
LINE
  5
6064
330
1F
100
AcDbEntity
  8
HALFEN
100
AcDbLine
 10
852.7468091643331
 20
743.3019683466833
 30
0.0
 11
847.5021730040387
 21
743.3019683466832
 31
0.0
  0
LINE
  5
6065
330
1F
100
AcDbEntity
  8
HALFEN
100
AcDbLine
 10
852.7468091643331
 20
752.3019683466832
 30
0.0
 11
847.5021730040387
 21
752.3019683466832
 31
0.0
  0
LINE
  5
6066
330
1F
100
AcDbEntity
  8
HALFEN
100
AcDbLine
 10
852.7468091643331
 20
755.3019683466832
 30
0.0
 11
847.5021730040387
 21
755.3019683466832
 31
0.0
  0
LINE
  5
6067
330
1F
100
AcDbEntity
  8
HALFEN
100
AcDbLine
 10
852.7468091643331
 20
740.3019683466832
 30
0.0
 11
847.5021730040387
 21
740.3019683466832
 31
0.0
  0
LINE
  5
6068
330
1F
100
AcDbEntity
  8
HALFEN
100
AcDbLine
 10
852.7468091643331
 20
753.3019683466832
 30
0.0
 11
847.5021730040387
 21
753.3019683466832
 31
0.0
  0
LINE
  5
6069
330
1F
100
AcDbEntity
  8
HALFEN
100
AcDbLine
 10
852.7468091643331
 20
754.3019683466832
 30
0.0
 11
847.5021730040387
 21
754.3019683466832
 31
0.0
  0
LINE
  5
606A
330
1F
100
AcDbEntity
  8
HALFEN
100
AcDbLine
 10
852.7468091643331
 20
756.3019683466833
 30
0.0
 11
847.5021730040387
 21
756.3019683466832
 31
0.0
  0
LINE
  5
606B
330
1F
100
AcDbEntity
  8
HALFEN
100
AcDbLine
 10
852.7468091643331
 20
757.3019683466833
 30
0.0
 11
847.5021730040387
 21
757.3019683466831
 31
0.0
  0
LINE
  5
606C
330
1F
100
AcDbEntity
  8
HALFEN
100
AcDbLine
 10
852.8135090316629
 20
758.3019683466832
 30
0.0
 11
847.5021730040387
 21
758.3019683466832
 31
0.0
  0
LINE
  5
606D
330
1F
100
AcDbEntity
  8
HALFEN
100
AcDbLine
 10
853.1238258181257
 20
759.3019683466832
 30
0.0
 11
847.5021730040387
 21
759.3019683466832
 31
0.0
  0
LINE
  5
606E
330
1F
100
AcDbEntity
  8
HALFEN
100
AcDbLine
 10
853.7564388151293
 20
760.3019683466833
 30
0.0
 11
847.5021730040387
 21
760.3019683466832
 31
0.0
  0
LINE
  5
606F
330
1F
100
AcDbEntity
  8
HALFEN
100
AcDbLine
 10
847.5021730040387
 20
744.3019683466832
 30
0.0
 11
852.7468091643331
 21
744.3019683466827
 31
0.0
  0
LINE
  5
6070
330
1F
100
AcDbEntity
  8
HALFEN
100
AcDbLine
 10
853.7564388151297
 20
735.3019683466832
 30
0.0
 11
847.5021730040387
 21
735.3019683466832
 31
0.0
  0
LINE
  5
6071
330
1F
100
AcDbEntity
  8
HALFEN
100
AcDbLine
 10
853.1238258181261
 20
736.3019683466831
 30
0.0
 11
847.5021730040387
 21
736.3019683466831
 31
0.0
  0
LINE
  5
6072
330
1F
100
AcDbEntity
  8
HALFEN
100
AcDbLine
 10
852.8135090316629
 20
737.3019683466833
 30
0.0
 11
847.5021730040387
 21
737.3019683466832
 31
0.0
  0
LINE
  5
6073
330
1F
100
AcDbEntity
  8
HALFEN
100
AcDbLine
 10
852.7468091643331
 20
738.3019683466832
 30
0.0
 11
847.5021730040387
 21
738.3019683466832
 31
0.0
  0
LINE
  5
6074
330
1F
100
AcDbEntity
  8
HALFEN
100
AcDbLine
 10
852.7468091643331
 20
739.3019683466833
 30
0.0
 11
847.5021730040387
 21
739.3019683466832
 31
0.0
  0
LINE
  5
6075
330
1F
100
AcDbEntity
  8
HALFEN
100
AcDbLine
 10
852.7468091643331
 20
741.3019683466832
 30
0.0
 11
847.5021730040387
 21
741.3019683466832
 31
0.0
  0
LINE
  5
6076
330
1F
100
AcDbEntity
  8
HALFEN
100
AcDbLine
 10
852.7468091643331
 20
742.3019683466833
 30
0.0
 11
847.5021730040387
 21
742.3019683466832
 31
0.0
  0
LINE
  5
6077
330
1F
100
AcDbEntity
  8
HALFEN
100
AcDbLine
 10
866.502173004039
 20
761.3019683466831
 30
0.0
 11
858.9968091643338
 21
761.3019683466831
 31
0.0
  0
LINE
  5
6078
330
1F
100
AcDbEntity
  8
HALFEN
100
AcDbLine
 10
854.996809164333
 20
761.3019683466831
 30
0.0
 11
847.5021730040387
 21
761.3019683466831
 31
0.0
  0
LINE
  5
6079
330
1F
100
AcDbEntity
  8
HALFEN
100
AcDbLine
 10
854.9968091643338
 20
734.3019683466832
 30
0.0
 11
847.5021730040387
 21
734.3019683466832
 31
0.0
  0
LINE
  5
607A
330
1F
100
AcDbEntity
  8
HALFEN
100
AcDbLine
 10
861.2468091643334
 20
744.3019683466833
 30
0.0
 11
866.502173004039
 21
744.3019683466832
 31
0.0
  0
LINE
  5
607B
330
1F
100
AcDbEntity
  8
HALFEN
100
AcDbLine
 10
866.502173004039
 20
749.3019683466832
 30
0.0
 11
861.2468091643332
 21
749.3019683466838
 31
0.0
  0
LINE
  5
607C
330
1F
100
AcDbEntity
  8
HALFEN
100
AcDbLine
 10
866.502173004039
 20
750.3019683466832
 30
0.0
 11
861.2468091643334
 21
750.3019683466837
 31
0.0
  0
LINE
  5
607D
330
1F
100
AcDbEntity
  8
HALFEN
100
AcDbLine
 10
866.502173004039
 20
751.3019683466832
 30
0.0
 11
861.2468091643334
 21
751.3019683466837
 31
0.0
  0
LINE
  5
607E
330
1F
100
AcDbEntity
  8
HALFEN
100
AcDbLine
 10
866.502173004039
 20
752.3019683466832
 30
0.0
 11
861.2468091643334
 21
752.3019683466836
 31
0.0
  0
LINE
  5
607F
330
1F
100
AcDbEntity
  8
HALFEN
100
AcDbLine
 10
866.502173004039
 20
753.3019683466832
 30
0.0
 11
861.2468091643332
 21
753.3019683466833
 31
0.0
  0
LINE
  5
6080
330
1F
100
AcDbEntity
  8
HALFEN
100
AcDbLine
 10
866.502173004039
 20
754.3019683466832
 30
0.0
 11
861.2468091643334
 21
754.3019683466832
 31
0.0
  0
LINE
  5
6081
330
1F
100
AcDbEntity
  8
HALFEN
100
AcDbLine
 10
866.502173004039
 20
755.3019683466832
 30
0.0
 11
861.2468091643334
 21
755.3019683466835
 31
0.0
  0
LINE
  5
6082
330
1F
100
AcDbEntity
  8
HALFEN
100
AcDbLine
 10
866.502173004039
 20
745.3019683466832
 30
0.0
 11
861.2468091643334
 21
745.3019683466832
 31
0.0
  0
LINE
  5
6083
330
1F
100
AcDbEntity
  8
HALFEN
100
AcDbLine
 10
866.502173004039
 20
746.3019683466832
 30
0.0
 11
861.2468091643332
 21
746.3019683466832
 31
0.0
  0
LINE
  5
6084
330
1F
100
AcDbEntity
  8
HALFEN
100
AcDbLine
 10
866.502173004039
 20
747.3019683466832
 30
0.0
 11
861.2468091643332
 21
747.3019683466824
 31
0.0
  0
LINE
  5
6085
330
1F
100
AcDbEntity
  8
HALFEN
100
AcDbLine
 10
866.502173004039
 20
748.3019683466832
 30
0.0
 11
861.2468091643332
 21
748.3019683466825
 31
0.0
  0
LINE
  5
6086
330
1F
100
AcDbEntity
  8
HALFEN
100
AcDbLine
 10
866.502173004039
 20
734.3019683466832
 30
0.0
 11
858.996809164333
 21
734.3019683466832
 31
0.0
  0
LINE
  5
6087
330
1F
100
AcDbEntity
  8
HALFEN
100
AcDbLine
 10
866.502173004039
 20
740.3019683466832
 30
0.0
 11
861.2468091643332
 21
740.3019683466833
 31
0.0
  0
LINE
  5
6088
330
1F
100
AcDbEntity
  8
HALFEN
100
AcDbLine
 10
866.502173004039
 20
741.3019683466832
 30
0.0
 11
861.2468091643334
 21
741.3019683466832
 31
0.0
  0
LINE
  5
6089
330
1F
100
AcDbEntity
  8
HALFEN
100
AcDbLine
 10
866.502173004039
 20
742.3019683466832
 30
0.0
 11
861.2468091643334
 21
742.3019683466833
 31
0.0
  0
LINE
  5
608A
330
1F
100
AcDbEntity
  8
HALFEN
100
AcDbLine
 10
866.502173004039
 20
743.3019683466832
 30
0.0
 11
861.2468091643334
 21
743.3019683466833
 31
0.0
  0
LINE
  5
608B
330
1F
100
AcDbEntity
  8
HALFEN
100
AcDbLine
 10
866.502173004039
 20
731.3019683466832
 30
0.0
 11
847.5021730040387
 21
731.3019683466832
 31
0.0
  0
LINE
  5
608C
330
1F
100
AcDbEntity
  8
HALFEN
  6
STRICHPUNKT2
 62
     1
 48
0.5
100
AcDbLine
 10
856.9968091643334
 20
730.8019683466834
 30
0.0
 11
856.9968091643334
 21
764.8019683466834
 31
0.0
  0
LINE
  5
608D
330
1F
100
AcDbEntity
  8
HALFEN
  6
STRICHPUNKT2
 62
     1
 48
0.5
100
AcDbLine
 10
849.7468091643334
 20
747.8019683466834
 30
0.0
 11
864.2468091643332
 21
747.8019683466834
 31
0.0
  0
LINE
  5
608E
330
1F
100
AcDbEntity
  8
HALFEN
100
AcDbLine
 10
733.0892328809198
 20
619.127174743054
 30
0.0
 11
755.6892787591665
 21
619.1271747430537
 31
0.0
  0
LINE
  5
6090
330
1F
100
AcDbEntity
  8
HALFEN
100
AcDbLine
 10
733.0892328809198
 20
631.1271747430537
 30
0.0
 11
755.6892787591665
 21
631.1271747430538
 31
0.0
  0
LINE
  5
6092
330
1F
100
AcDbEntity
  8
HALFEN
100
AcDbLine
 10
755.6892787591665
 20
631.1271747430553
 30
0.0
 11
755.6892787591665
 21
619.1271747430553
 31
0.0
  0
LINE
  5
6093
330
1F
100
AcDbEntity
  8
HALFEN
100
AcDbLine
 10
757.0892787591665
 20
630.1271747430553
 30
0.0
 11
757.0892787591665
 21
620.1271747430553
 31
0.0
  0
LINE
  5
6094
330
1F
100
AcDbEntity
  8
HALFEN
100
AcDbLine
 10
757.0892787591665
 20
620.1271747430553
 30
0.0
 11
755.6892787591665
 21
619.1271747430553
 31
0.0
  0
LINE
  5
6095
330
1F
100
AcDbEntity
  8
HALFEN
100
AcDbLine
 10
755.6892787591665
 20
631.1271747430553
 30
0.0
 11
757.0892787591665
 21
630.1271747430553
 31
0.0
  0
LINE
  5
609B
330
1F
100
AcDbEntity
  8
HALFEN
100
AcDbLine
 10
844.4968091643332
 20
694.301968346683
 30
0.0
 11
844.4968091643334
 21
776.8019683466832
 31
0.0
  0
LINE
  5
609C
330
1F
100
AcDbEntity
  8
HALFEN
100
AcDbLine
 10
845.4968091643332
 20
694.301968346683
 30
0.0
 11
845.4968091643332
 21
776.8019683466832
 31
0.0
  0
LINE
  5
609D
330
1F
100
AcDbEntity
  8
HALFEN
100
AcDbLine
 10
868.4968091643334
 20
694.301968346683
 30
0.0
 11
868.4968091643334
 21
776.8019683466834
 31
0.0
  0
LINE
  5
609E
330
1F
100
AcDbEntity
  8
HALFEN
100
AcDbLine
 10
869.4968091643334
 20
694.3019683466829
 30
0.0
 11
869.4968091643334
 21
776.8019683466832
 31
0.0
  0
LINE
  5
6537
330
1F
100
AcDbEntity
  8
HALFEN
100
AcDbLine
 10
592.8855048862187
 20
494.6569549122746
 30
0.0
 11
760.0855184857214
 21
494.6569549122746
 31
0.0
  0
LINE
  5
6538
330
1F
100
AcDbEntity
  8
HALFEN
100
AcDbLine
 10
592.8855048862187
 20
504.6569549122746
 30
0.0
 11
760.0855184857214
 21
504.6569549122746
 31
0.0
  0
LINE
  5
6539
330
1F
100
AcDbEntity
  8
HALFEN
100
AcDbLine
 10
592.8855048862187
 20
522.6569549122749
 30
0.0
 11
760.0855184857214
 21
522.6569549122749
 31
0.0
  0
TEXT
  5
653A
330
1F
100
AcDbEntity
  8
HALFEN
100
AcDbText
 10
642.8501912188337
 20
515.1569549122746
 30
0.0
 40
5.0
  1
Halfen Body - Anker BA 612 - 2 -  A2
  7
ARIAL50
100
AcDbText
  0
TEXT
  5
653B
330
1F
100
AcDbEntity
  8
HALFEN
100
AcDbText
 10
597.8855048862187
 20
515.1569549122746
 30
0.0
 40
5.0
  1
Benennung
  7
ARIAL50
100
AcDbText
  0
TEXT
  5
653C
330
1F
100
AcDbEntity
  8
HALFEN
100
AcDbText
 10
597.8855048862187
 20
497.1569549122746
 30
0.0
 40
5.0
  1
Bestell-Nr.
  7
ARIAL50
100
AcDbText
  0
LINE
  5
653D
330
1F
100
AcDbEntity
  8
HALFEN
100
AcDbLine
 10
592.8855048862187
 20
494.6569549122746
 30
0.0
 11
592.8855048862187
 21
522.6569549122749
 31
0.0
  0
LINE
  5
653E
330
1F
100
AcDbEntity
  8
HALFEN
100
AcDbLine
 10
637.8501912188337
 20
494.6569549122746
 30
0.0
 11
637.8501912188337
 21
522.6569549122749
 31
0.0
  0
TEXT
  5
653F
330
1F
100
AcDbEntity
  8
HALFEN
100
AcDbText
 10
642.8501912188337
 20
497.1569549122746
 30
0.0
 40
5.0
  1
0754.020 - 00015
  7
ARIAL50
100
AcDbText
  0
LINE
  5
6540
330
1F
100
AcDbEntity
  8
HALFEN
100
AcDbLine
 10
760.0855184857214
 20
494.6569549122746
 30
0.0
 11
760.0855184857214
 21
522.6569549122749
 31
0.0
  0
LINE
  5
690F
330
1F
100
AcDbEntity
  8
HALFEN
100
AcDbLine
 10
592.8855048862187
 20
168.9509719823513
 30
0.0
 11
786.9380219118997
 21
168.9509719823513
 31
0.0
  0
LINE
  5
6910
330
1F
100
AcDbEntity
  8
HALFEN
100
AcDbLine
 10
592.8855048862187
 20
178.9509719823513
 30
0.0
 11
786.9380219118997
 21
178.9509719823513
 31
0.0
  0
LINE
  5
6911
330
1F
100
AcDbEntity
  8
HALFEN
100
AcDbLine
 10
592.8855048862187
 20
196.9509719823518
 30
0.0
 11
786.9380219118997
 21
196.9509719823518
 31
0.0
  0
TEXT
  5
6912
330
1F
100
AcDbEntity
  8
HALFEN
100
AcDbText
 10
642.8501912188337
 20
189.4509719823513
 30
0.0
 40
5.0
  1
Halfen Body - Anker BA 612 - (GK + RP) - A2
  7
ARIAL50
100
AcDbText
  0
TEXT
  5
6913
330
1F
100
AcDbEntity
  8
HALFEN
100
AcDbText
 10
597.8855048862189
 20
189.4509719823513
 30
0.0
 40
5.0
  1
Benennung
  7
ARIAL50
100
AcDbText
  0
TEXT
  5
6914
330
1F
100
AcDbEntity
  8
HALFEN
100
AcDbText
 10
597.8855048862189
 20
171.4509719823513
 30
0.0
 40
5.0
  1
Bestell-Nr.
  7
ARIAL50
100
AcDbText
  0
LINE
  5
6915
330
1F
100
AcDbEntity
  8
HALFEN
100
AcDbLine
 10
592.8855048862187
 20
168.9509719823513
 30
0.0
 11
592.8855048862187
 21
196.9509719823518
 31
0.0
  0
LINE
  5
6916
330
1F
100
AcDbEntity
  8
HALFEN
100
AcDbLine
 10
637.8501912188339
 20
168.9509719823513
 30
0.0
 11
637.8501912188339
 21
196.9509719823518
 31
0.0
  0
TEXT
  5
6917
330
1F
100
AcDbEntity
  8
HALFEN
100
AcDbText
 10
642.8501912188337
 20
171.4509719823513
 30
0.0
 40
5.0
  1
0754.030 - 00008
  7
ARIAL50
100
AcDbText
  0
LINE
  5
6918
330
1F
100
AcDbEntity
  8
HALFEN
100
AcDbLine
 10
786.9380219118997
 20
160.9509719823513
 30
0.0
 11
786.9380219118997
 21
188.9509719823518
 31
0.0
  0
LINE
  5
6919
330
1F
100
AcDbEntity
  8
HALFEN
100
AcDbLine
 10
592.8855048862187
 20
130.9509719823513
 30
0.0
 11
786.9380219118997
 21
130.9509719823513
 31
0.0
  0
LINE
  5
691A
330
1F
100
AcDbEntity
  8
HALFEN
100
AcDbLine
 10
592.8855048862187
 20
140.9509719823513
 30
0.0
 11
786.9380219118997
 21
140.9509719823513
 31
0.0
  0
LINE
  5
691B
330
1F
100
AcDbEntity
  8
HALFEN
100
AcDbLine
 10
592.8855048862187
 20
158.9509719823518
 30
0.0
 11
786.9380219118997
 21
158.9509719823518
 31
0.0
  0
TEXT
  5
691C
330
1F
100
AcDbEntity
  8
HALFEN
100
AcDbText
 10
642.8501912188337
 20
151.4509719823513
 30
0.0
 40
5.0
  1
Halfen Body - Anker BA 612 - (GK + RP) - A4
  7
ARIAL50
100
AcDbText
  0
TEXT
  5
691D
330
1F
100
AcDbEntity
  8
HALFEN
100
AcDbText
 10
597.8855048862189
 20
151.4509719823513
 30
0.0
 40
5.0
  1
Benennung
  7
ARIAL50
100
AcDbText
  0
TEXT
  5
691E
330
1F
100
AcDbEntity
  8
HALFEN
100
AcDbText
 10
597.8855048862189
 20
133.4509719823513
 30
0.0
 40
5.0
  1
Bestell-Nr.
  7
ARIAL50
100
AcDbText
  0
LINE
  5
691F
330
1F
100
AcDbEntity
  8
HALFEN
100
AcDbLine
 10
592.8855048862187
 20
130.9509719823513
 30
0.0
 11
592.8855048862187
 21
158.9509719823518
 31
0.0
  0
LINE
  5
6920
330
1F
100
AcDbEntity
  8
HALFEN
100
AcDbLine
 10
637.8501912188339
 20
130.9509719823513
 30
0.0
 11
637.8501912188339
 21
158.9509719823518
 31
0.0
  0
TEXT
  5
6921
330
1F
100
AcDbEntity
  8
HALFEN
100
AcDbText
 10
642.8501912188337
 20
133.4509719823513
 30
0.0
 40
5.0
  1
0754.030 - 00003
  7
ARIAL50
100
AcDbText
  0
LINE
  5
6922
330
1F
100
AcDbEntity
  8
HALFEN
100
AcDbLine
 10
786.9380219118997
 20
130.9509719823513
 30
0.0
 11
786.9380219118997
 21
150.9509719823518
 31
0.0
  0
LINE
  5
6929
330
1F
100
AcDbEntity
  8
HALFEN
100
AcDbLine
 10
629.081650980876
 20
21.5313047661225
 30
0.0
 11
629.081650980876
 21
42.53130476612193
 31
0.0
  0
ARC
  5
692A
330
1F
100
AcDbEntity
  8
HALFEN
100
AcDbCircle
 10
642.3316509808755
 20
31.5313047661225
 30
0.0
 40
21.24999999999962
100
AcDbArc
 50
151.9275130641468
 51
208.0724869358534
  0
LINE
  5
692B
330
1F
100
AcDbEntity
  8
HALFEN
100
AcDbLine
 10
697.081650980876
 20
21.5313047661225
 30
0.0
 11
697.081650980876
 21
41.53130476612203
 31
0.0
1001
ACAD
1000
ASC_BOUNDS
1002
{
1070
    19
1005
0
1002
}
  0
LINE
  5
692C
330
1F
100
AcDbEntity
  8
HALFEN
100
AcDbLine
 10
621.0816509808759
 20
41.53130476612193
 30
0.0
 11
621.0816509808758
 21
21.53130476612205
 31
0.0
  0
LINE
  5
692D
330
1F
100
AcDbEntity
  8
HALFEN
100
AcDbLine
 10
621.0816509808758
 20
21.53130476612205
 30
0.0
 11
697.081650980876
 21
21.5313047661225
 31
0.0
1001
ACAD
1000
ASC_BOUNDS
1002
{
1070
    19
1002
}
  0
LINE
  5
692E
330
1F
100
AcDbEntity
  8
HALFEN
100
AcDbLine
 10
629.081650980876
 20
44.03130476612216
 30
0.0
 11
688.0816509808759
 21
116.5313047661226
 31
0.0
  0
LINE
  5
692F
330
1F
100
AcDbEntity
  8
HALFEN
100
AcDbLine
 10
621.0816509808759
 20
41.53130476612193
 30
0.0
 11
629.0816509808758
 21
41.53130476612193
 31
0.0
  0
LINE
  5
6930
330
1F
100
AcDbEntity
  8
HALFEN
100
AcDbLine
 10
629.081650980876
 20
44.03130476612216
 30
0.0
 11
629.0816509808754
 21
41.53130476612193
 31
0.0
  0
LINE
  5
6931
330
1F
100
AcDbEntity
  8
HALFEN
100
AcDbLine
 10
696.0816509808759
 20
42.53130476612205
 30
0.0
 11
696.0816509808759
 21
116.5313047661225
 31
0.0
1001
ACAD
1000
ASC_BOUNDS
1002
{
1070
    19
1005
0
1005
0
1005
0
1005
0
1005
0
1005
0
1005
0
1005
0
1005
0
1005
0
1005
0
1005
0
1005
0
1005
0
1005
0
1005
0
1005
0
1005
0
1005
0
1005
0
1005
0
1005
0
1005
0
1005
0
1005
0
1005
0
1005
0
1005
0
1005
0
1005
0
1005
0
1005
0
1002
}
  0
ARC
  5
6932
330
1F
100
AcDbEntity
  8
HALFEN
100
AcDbCircle
 10
697.081650980876
 20
42.53130476612205
 30
0.0
 40
1.0
100
AcDbArc
 50
180.0
 51
270.0
1001
ACAD
1000
ASC_BOUNDS
1002
{
1070
    19
1002
}
  0
LINE
  5
6933
330
1F
100
AcDbEntity
  8
HALFEN
100
AcDbLine
 10
697.081650980876
 20
41.53130476612203
 30
0.0
 11
697.081650980876
 21
41.53130476612203
 31
0.0
1001
ACAD
1000
ASC_BOUNDS
1002
{
1070
    19
1002
}
  0
LINE
  5
6934
330
1F
100
AcDbEntity
  8
HALFEN
100
AcDbLine
 10
688.0816509808759
 20
116.5313047661226
 30
0.0
 11
696.0816509808759
 21
116.5313047661225
 31
0.0
1001
ACAD
1000
ASC_BOUNDS
1002
{
1070
    19
1002
}
  0
LINE
  5
6937
330
1F
100
AcDbEntity
  8
HALFEN
100
AcDbLine
 10
763.0259065102858
 20
21.5313047661225
 30
0.0
 11
763.0259065102858
 21
116.5313047661225
 31
0.0
  0
LINE
  5
6938
330
1F
100
AcDbEntity
  8
HALFEN
100
AcDbLine
 10
740.0259065102858
 20
21.5313047661225
 30
0.0
 11
740.0259065102858
 21
116.5313047661223
 31
0.0
  0
LINE
  5
6939
330
1F
100
AcDbEntity
  8
HALFEN
100
AcDbLine
 10
764.0259065102858
 20
21.5313047661225
 30
0.0
 11
764.0259065102858
 21
116.5313047661223
 31
0.0
  0
LINE
  5
693A
330
1F
100
AcDbEntity
  8
HALFEN
100
AcDbLine
 10
739.0259065102858
 20
21.5313047661225
 30
0.0
 11
739.0259065102858
 21
116.5313047661223
 31
0.0
  0
LINE
  5
6940
330
1F
100
AcDbEntity
  8
HALFEN
100
AcDbLine
 10
742.0259065102858
 20
21.5313047661225
 30
0.0
 11
742.0259065102858
 21
116.5313047661223
 31
0.0
  0
LINE
  5
6941
330
1F
100
AcDbEntity
  8
HALFEN
100
AcDbLine
 10
742.0259065102858
 20
41.5313047661225
 30
0.0
 11
761.0259065102858
 21
41.53130476612227
 31
0.0
  0
LINE
  5
6942
330
1F
100
AcDbEntity
  8
HALFEN
100
AcDbLine
 10
739.0259065102858
 20
21.5313047661225
 30
0.0
 11
764.0259065102858
 21
21.5313047661225
 31
0.0
  0
LINE
  5
6946
330
1F
100
AcDbEntity
  8
HALFEN
100
AcDbLine
 10
761.0259065102858
 20
21.5313047661225
 30
0.0
 11
761.0259065102858
 21
116.5313047661225
 31
0.0
  0
LINE
  5
6947
330
1F
100
AcDbEntity
  8
HALFEN
100
AcDbLine
 10
739.0259065102858
 20
116.5313047661225
 30
0.0
 11
764.0259065102858
 21
116.5313047661225
 31
0.0
  0
LINE
  5
6954
330
1F
100
AcDbEntity
  8
HALFEN
100
AcDbLine
 10
692.5736579582274
 20
-9.144640454380237
 30
0.0
 11
629.081650980876
 21
-10.04464045438021
 31
0.0
  0
LINE
  5
6955
330
1F
100
AcDbEntity
  8
HALFEN
100
AcDbLine
 10
692.5736579582274
 20
-7.144640454380236
 30
0.0
 11
629.081650980876
 21
-8.044640454380214
 31
0.0
  0
LINE
  5
6956
330
1F
100
AcDbEntity
  8
HALFEN
100
AcDbLine
 10
629.0816509808758
 20
-29.24464045438014
 30
0.0
 11
692.5736579582274
 21
-30.14464045438013
 31
0.0
  0
LINE
  5
6957
330
1F
100
AcDbEntity
  8
HALFEN
100
AcDbLine
 10
631.0816509808757
 20
-10.14464045438024
 30
0.0
 11
631.081650980876
 21
-29.14464045438013
 31
0.0
  0
ARC
  5
6958
330
1F
100
AcDbEntity
  8
HALFEN
100
AcDbCircle
 10
640.3816509808757
 20
-19.64464045438012
 30
0.0
 40
19.29999999999991
100
AcDbArc
 50
150.5128743270611
 51
209.4871256729392
  0
LINE
  5
6959
330
1F
100
AcDbEntity
  8
HALFEN
100
AcDbLine
 10
621.0816509808758
 20
-10.14464045438012
 30
0.0
 11
621.0816509808759
 21
-29.14464045438013
 31
0.0
  0
LINE
  5
695A
330
1F
100
AcDbEntity
  8
HALFEN
100
AcDbLine
 10
621.0816509808759
 20
-29.14464045438013
 30
0.0
 11
631.081650980876
 21
-29.14464045438013
 31
0.0
  0
LINE
  5
695B
330
1F
100
AcDbEntity
  8
HALFEN
100
AcDbLine
 10
629.081650980876
 20
-29.24464045438014
 30
0.0
 11
629.0816509808758
 21
-31.24464045438015
 31
0.0
  0
LINE
  5
695C
330
1F
100
AcDbEntity
  8
HALFEN
100
AcDbLine
 10
621.0816509808758
 20
-10.14464045438012
 30
0.0
 11
631.0816509808757
 21
-10.14464045438024
 31
0.0
  0
SOLID
  5
695D
330
1F
100
AcDbEntity
  8
HALFEN
100
AcDbTrace
 10
629.081650980876
 20
-10.14464045438012
 30
0.0
 11
629.081650980876
 21
-8.644640454380121
 31
0.0
 12
627.581650980876
 22
-10.14464045438012
 32
0.0
 13
627.581650980876
 23
-10.14464045438012
 33
0.0
1001
GENIUS_GEFWELD_13
1040
1.5
1070
     3
1001
GENIUS_GENODEF_13
1002
{
1000
HIER
1070
     0
1002
}
1002
{
1000
MANEDIT
1070
     0
1002
}
1002
{
1000
NOSEL
1070
     0
1002
}
1002
{
1000
BEHIND
1070
     0
1002
}
1002
{
1000
REACTOR
1002
}
1001
GENIUS_GENOBJ-F-WELS_13
1002
{
1000
OWNER
1000
GEF
1002
}
  0
LINE
  5
695E
330
1F
100
AcDbEntity
  8
HALFEN
100
AcDbLine
 10
629.081650980876
 20
-8.044640454380214
 30
0.0
 11
629.081650980876
 21
-10.04464045438021
 31
0.0
  0
ARC
  5
695F
330
1F
100
AcDbEntity
  8
HALFEN
100
AcDbCircle
 10
697.0736579582274
 20
-12.65517475120191
 30
0.0
 40
1.0
100
AcDbArc
 50
137.9553848263048
 51
179.9999999999992
  0
LINE
  5
6960
330
1F
100
AcDbEntity
  8
HALFEN
100
AcDbLine
 10
694.0736579582273
 20
-10.64464045438024
 30
0.0
 11
694.0736579582273
 21
-28.64464045438012
 31
0.0
  0
LINE
  5
6961
330
1F
100
AcDbEntity
  8
HALFEN
100
AcDbLine
 10
696.0736579582274
 20
-10.64464045438024
 30
0.0
 11
696.0736579582274
 21
-28.64464045438012
 31
0.0
  0
ARC
  5
6962
330
1F
100
AcDbEntity
  8
HALFEN
100
AcDbCircle
 10
692.5736579582274
 20
-28.64464045438012
 30
0.0
 40
1.5
100
AcDbArc
 50
270.0
 51
0.0
  0
ARC
  5
6963
330
1F
100
AcDbEntity
  8
HALFEN
100
AcDbCircle
 10
692.5736579582274
 20
-28.64464045438012
 30
0.0
 40
3.5
100
AcDbArc
 50
270.0
 51
0.0
  0
LINE
  5
6964
330
1F
100
AcDbEntity
  8
HALFEN
 48
0.4
100
AcDbLine
 10
694.0736579582273
 20
-25.34464045438018
 30
0.0
 11
696.0736579582274
 21
-25.34464045438018
 31
0.0
  0
LINE
  5
6965
330
1F
100
AcDbEntity
  8
HALFEN
 48
0.4
100
AcDbLine
 10
694.0736579582273
 20
-13.94464045438019
 30
0.0
 11
696.0736579582274
 21
-13.94464045438019
 31
0.0
  0
ARC
  5
6966
330
1F
100
AcDbEntity
  8
HALFEN
100
AcDbCircle
 10
694.1652356922348
 20
-10.03231588428207
 30
0.0
 40
2.91641528864085
100
AcDbArc
 50
317.9553848263049
 51
81.94969092382036
  0
ARC
  5
6967
330
1F
100
AcDbEntity
  8
HALFEN
100
AcDbCircle
 10
692.5736579582274
 20
-10.64464045438024
 30
0.0
 40
3.5
100
AcDbArc
 50
0.0
 51
90.0
  0
ARC
  5
6968
330
1F
100
AcDbEntity
  8
HALFEN
100
AcDbCircle
 10
692.5736579582274
 20
-10.64464045438024
 30
0.0
 40
1.5
100
AcDbArc
 50
0.0
 51
90.0
  0
LINE
  5
6969
330
1F
100
AcDbEntity
  8
HALFEN
100
AcDbLine
 10
694.5736579582272
 20
-7.144640454380122
 30
0.0
 11
692.5736579582274
 21
-7.144640454380122
 31
0.0
  0
ARC
  5
696A
330
1F
100
AcDbEntity
  8
HALFEN
100
AcDbCircle
 10
692.5736579582274
 20
-10.64464045438024
 30
0.0
 40
1.5
100
AcDbArc
 50
359.9999999999996
 51
90.0
  0
LINE
  5
696B
330
1F
100
AcDbEntity
  8
HALFEN
100
AcDbLine
 10
692.5736579582274
 20
-32.14464045438024
 30
0.0
 11
629.081650980876
 21
-31.24464045438026
 31
0.0
  0
ARC
  5
696C
330
1F
100
AcDbEntity
  8
HALFEN
100
AcDbCircle
 10
694.1652356922348
 20
-29.2569650244784
 30
0.0
 40
2.91641528864085
100
AcDbArc
 50
278.0503090761797
 51
42.04461517369513
  0
LINE
  5
696D
330
1F
100
AcDbEntity
  8
HALFEN
100
AcDbLine
 10
694.5736579582272
 20
-32.14464045438035
 30
0.0
 11
692.5736579582274
 21
-32.14464045438035
 31
0.0
  0
ARC
  5
696E
330
1F
100
AcDbEntity
  8
HALFEN
100
AcDbCircle
 10
697.0736579582274
 20
-26.63410615755856
 30
0.0
 40
1.0
100
AcDbArc
 50
180.0000000000008
 51
222.0446151736951
  0
SOLID
  5
696F
330
1F
100
AcDbEntity
  8
HALFEN
100
AcDbTrace
 10
629.081650980876
 20
-29.14464045438024
 30
0.0
 11
629.081650980876
 21
-30.64464045438012
 31
0.0
 12
627.581650980876
 22
-29.14464045438024
 32
0.0
 13
627.581650980876
 23
-29.14464045438024
 33
0.0
1001
GENIUS_GEFWELD_13
1040
1.5
1070
     3
1001
GENIUS_GENODEF_13
1002
{
1000
HIER
1070
     0
1002
}
1002
{
1000
MANEDIT
1070
     0
1002
}
1002
{
1000
NOSEL
1070
     0
1002
}
1002
{
1000
BEHIND
1070
     0
1002
}
1002
{
1000
REACTOR
1002
}
1001
GENIUS_GENOBJ-F-WELS_13
1002
{
1000
OWNER
1000
GEF
1002
}
  0
ARC
  5
6986
330
1F
100
AcDbEntity
  8
HALFEN
100
AcDbCircle
 10
751.5259065102858
 20
77.7813047661225
 30
0.0
 40
4.25
100
AcDbArc
 50
180.0
 51
0.0
  0
ARC
  5
6987
330
1F
100
AcDbEntity
  8
HALFEN
100
AcDbCircle
 10
751.5259065102858
 20
97.2813047661225
 30
0.0
 40
4.25
100
AcDbArc
 50
0.0
 51
180.0
  0
LINE
  5
6988
330
1F
100
AcDbEntity
  8
HALFEN
100
AcDbLine
 10
747.2759065102858
 20
77.7813047661225
 30
0.0
 11
747.2759065102858
 21
97.2813047661225
 31
0.0
  0
LINE
  5
6989
330
1F
100
AcDbEntity
  8
HALFEN
100
AcDbLine
 10
755.7759065102858
 20
97.2813047661225
 30
0.0
 11
755.7759065102858
 21
77.7813047661225
 31
0.0
  0
LINE
  5
698A
330
1F
100
AcDbEntity
  8
HALFEN
100
AcDbLine
 10
761.0312703499912
 20
96.03130476612228
 30
0.0
 11
755.7759065102858
 21
96.03130476612228
 31
0.0
  0
LINE
  5
698B
330
1F
100
AcDbEntity
  8
HALFEN
100
AcDbLine
 10
761.0312703499912
 20
97.0313047661223
 30
0.0
 11
755.7759065102858
 21
97.0313047661223
 31
0.0
  0
LINE
  5
698C
330
1F
100
AcDbEntity
  8
HALFEN
100
AcDbLine
 10
761.0312703499912
 20
98.0313047661223
 30
0.0
 11
755.7092066429561
 21
98.03130476612215
 31
0.0
  0
LINE
  5
698D
330
1F
100
AcDbEntity
  8
HALFEN
100
AcDbLine
 10
761.0312703499912
 20
99.03130476612229
 30
0.0
 11
755.3988898564933
 21
99.03130476612229
 31
0.0
  0
LINE
  5
698E
330
1F
100
AcDbEntity
  8
HALFEN
100
AcDbLine
 10
761.0312703499912
 20
100.0313047661222
 30
0.0
 11
754.7662768594896
 21
100.0313047661225
 31
0.0
  0
LINE
  5
698F
330
1F
100
AcDbEntity
  8
HALFEN
100
AcDbLine
 10
761.0312703499912
 20
75.03130476612226
 30
0.0
 11
754.7662768594895
 21
75.03130476612226
 31
0.0
  0
LINE
  5
6990
330
1F
100
AcDbEntity
  8
HALFEN
100
AcDbLine
 10
761.0312703499912
 20
76.03130476612228
 30
0.0
 11
755.398889856493
 21
76.0313047661225
 31
0.0
  0
LINE
  5
6991
330
1F
100
AcDbEntity
  8
HALFEN
100
AcDbLine
 10
761.0312703499912
 20
77.03130476612226
 30
0.0
 11
755.7092066429561
 21
77.03130476612226
 31
0.0
  0
LINE
  5
6992
330
1F
100
AcDbEntity
  8
HALFEN
100
AcDbLine
 10
761.0312703499912
 20
78.03130476612229
 30
0.0
 11
755.7759065102858
 21
78.03130476612229
 31
0.0
  0
LINE
  5
6993
330
1F
100
AcDbEntity
  8
HALFEN
100
AcDbLine
 10
761.0312703499912
 20
79.03130476612226
 30
0.0
 11
755.7759065102858
 21
79.0313047661226
 31
0.0
  0
LINE
  5
6994
330
1F
100
AcDbEntity
  8
HALFEN
100
AcDbLine
 10
761.0312703499912
 20
102.0313047661222
 30
0.0
 11
742.0312703499912
 21
102.0313047661222
 31
0.0
  0
LINE
  5
6995
330
1F
100
AcDbEntity
  8
HALFEN
100
AcDbLine
 10
761.0312703499912
 20
103.0313047661223
 30
0.0
 11
742.0312703499912
 21
103.0313047661223
 31
0.0
  0
LINE
  5
6996
330
1F
100
AcDbEntity
  8
HALFEN
100
AcDbLine
 10
761.0312703499912
 20
104.0313047661223
 30
0.0
 11
742.0312703499912
 21
104.0313047661223
 31
0.0
  0
LINE
  5
6997
330
1F
100
AcDbEntity
  8
HALFEN
100
AcDbLine
 10
761.0312703499912
 20
72.03130476612226
 30
0.0
 11
742.0312703499912
 21
72.03130476612226
 31
0.0
  0
LINE
  5
6998
330
1F
100
AcDbEntity
  8
HALFEN
100
AcDbLine
 10
761.0312703499912
 20
73.03130476612229
 30
0.0
 11
742.0312703499912
 21
73.03130476612229
 31
0.0
  0
LINE
  5
6999
330
1F
100
AcDbEntity
  8
HALFEN
100
AcDbLine
 10
747.2759065102858
 20
91.03130476612228
 30
0.0
 11
742.0312703499912
 21
91.03130476612228
 31
0.0
  0
LINE
  5
699A
330
1F
100
AcDbEntity
  8
HALFEN
100
AcDbLine
 10
747.2759065102858
 20
90.03130476612225
 30
0.0
 11
742.0312703499912
 21
90.03130476612225
 31
0.0
  0
LINE
  5
699B
330
1F
100
AcDbEntity
  8
HALFEN
100
AcDbLine
 10
747.2759065102855
 20
89.03130476612238
 30
0.0
 11
742.0312703499912
 21
89.03130476612226
 31
0.0
  0
LINE
  5
699C
330
1F
100
AcDbEntity
  8
HALFEN
100
AcDbLine
 10
747.2759065102858
 20
88.03130476612237
 30
0.0
 11
742.0312703499912
 21
88.0313047661223
 31
0.0
  0
LINE
  5
699D
330
1F
100
AcDbEntity
  8
HALFEN
100
AcDbLine
 10
747.2759065102858
 20
87.03130476612228
 30
0.0
 11
742.0312703499912
 21
87.03130476612228
 31
0.0
  0
LINE
  5
699E
330
1F
100
AcDbEntity
  8
HALFEN
100
AcDbLine
 10
747.2759065102855
 20
86.03130476612159
 30
0.0
 11
742.0312703499912
 21
86.03130476612227
 31
0.0
  0
LINE
  5
699F
330
1F
100
AcDbEntity
  8
HALFEN
100
AcDbLine
 10
747.2759065102855
 20
85.0313047661217
 30
0.0
 11
742.0312703499912
 21
85.03130476612225
 31
0.0
  0
LINE
  5
69A0
330
1F
100
AcDbEntity
  8
HALFEN
100
AcDbLine
 10
747.2759065102855
 20
83.03130476612237
 30
0.0
 11
742.0312703499912
 21
83.0313047661223
 31
0.0
  0
LINE
  5
69A1
330
1F
100
AcDbEntity
  8
HALFEN
100
AcDbLine
 10
747.2759065102855
 20
92.03130476612228
 30
0.0
 11
742.0312703499912
 21
92.03130476612228
 31
0.0
  0
LINE
  5
69A2
330
1F
100
AcDbEntity
  8
HALFEN
100
AcDbLine
 10
747.2759065102858
 20
95.03130476612229
 30
0.0
 11
742.0312703499912
 21
95.03130476612229
 31
0.0
  0
LINE
  5
69A3
330
1F
100
AcDbEntity
  8
HALFEN
100
AcDbLine
 10
747.2759065102858
 20
80.03130476612216
 30
0.0
 11
742.0312703499912
 21
80.03130476612225
 31
0.0
  0
LINE
  5
69A4
330
1F
100
AcDbEntity
  8
HALFEN
100
AcDbLine
 10
747.2759065102858
 20
93.0313047661223
 30
0.0
 11
742.0312703499912
 21
93.0313047661223
 31
0.0
  0
LINE
  5
69A5
330
1F
100
AcDbEntity
  8
HALFEN
100
AcDbLine
 10
747.2759065102855
 20
94.03130476612229
 30
0.0
 11
742.0312703499912
 21
94.03130476612229
 31
0.0
  0
LINE
  5
69A6
330
1F
100
AcDbEntity
  8
HALFEN
100
AcDbLine
 10
747.2759065102858
 20
96.03130476612241
 30
0.0
 11
742.0312703499912
 21
96.03130476612228
 31
0.0
  0
LINE
  5
69A7
330
1F
100
AcDbEntity
  8
HALFEN
100
AcDbLine
 10
747.2759065102858
 20
97.03130476612241
 30
0.0
 11
742.0312703499912
 21
97.0313047661223
 31
0.0
  0
LINE
  5
69A8
330
1F
100
AcDbEntity
  8
HALFEN
100
AcDbLine
 10
747.3426063776152
 20
98.0313047661223
 30
0.0
 11
742.0312703499912
 21
98.0313047661223
 31
0.0
  0
LINE
  5
69A9
330
1F
100
AcDbEntity
  8
HALFEN
100
AcDbLine
 10
747.6529231640782
 20
99.03130476612229
 30
0.0
 11
742.0312703499912
 21
99.03130476612229
 31
0.0
  0
LINE
  5
69AA
330
1F
100
AcDbEntity
  8
HALFEN
100
AcDbLine
 10
748.2855361610817
 20
100.0313047661224
 30
0.0
 11
742.0312703499912
 21
100.0313047661222
 31
0.0
  0
LINE
  5
69AB
330
1F
100
AcDbEntity
  8
HALFEN
100
AcDbLine
 10
742.0312703499912
 20
84.03130476612226
 30
0.0
 11
747.2759065102858
 21
84.03130476612171
 31
0.0
  0
LINE
  5
69AC
330
1F
100
AcDbEntity
  8
HALFEN
100
AcDbLine
 10
748.2855361610821
 20
75.03130476612226
 30
0.0
 11
742.0312703499912
 21
75.03130476612226
 31
0.0
  0
LINE
  5
69AD
330
1F
100
AcDbEntity
  8
HALFEN
100
AcDbLine
 10
747.6529231640784
 20
76.03130476612228
 30
0.0
 11
742.0312703499912
 21
76.03130476612228
 31
0.0
  0
LINE
  5
69AE
330
1F
100
AcDbEntity
  8
HALFEN
100
AcDbLine
 10
747.3426063776152
 20
77.03130476612239
 30
0.0
 11
742.0312703499912
 21
77.03130476612226
 31
0.0
  0
LINE
  5
69AF
330
1F
100
AcDbEntity
  8
HALFEN
100
AcDbLine
 10
747.2759065102858
 20
78.03130476612229
 30
0.0
 11
742.0312703499912
 21
78.03130476612229
 31
0.0
  0
LINE
  5
69B0
330
1F
100
AcDbEntity
  8
HALFEN
100
AcDbLine
 10
747.2759065102858
 20
79.03130476612239
 30
0.0
 11
742.0312703499912
 21
79.03130476612226
 31
0.0
  0
LINE
  5
69B1
330
1F
100
AcDbEntity
  8
HALFEN
100
AcDbLine
 10
747.2759065102858
 20
81.03130476612216
 30
0.0
 11
742.0312703499912
 21
81.03130476612227
 31
0.0
  0
LINE
  5
69B2
330
1F
100
AcDbEntity
  8
HALFEN
100
AcDbLine
 10
747.2759065102855
 20
82.03130476612239
 30
0.0
 11
742.0312703499912
 21
82.03130476612228
 31
0.0
  0
LINE
  5
69B3
330
1F
100
AcDbEntity
  8
HALFEN
100
AcDbLine
 10
761.0312703499912
 20
101.0313047661222
 30
0.0
 11
753.5259065102859
 21
101.0313047661222
 31
0.0
  0
LINE
  5
69B4
330
1F
100
AcDbEntity
  8
HALFEN
100
AcDbLine
 10
749.5259065102855
 20
101.0313047661222
 30
0.0
 11
742.0312703499912
 21
101.0313047661222
 31
0.0
  0
LINE
  5
69B5
330
1F
100
AcDbEntity
  8
HALFEN
100
AcDbLine
 10
749.525906510286
 20
74.03130476612226
 30
0.0
 11
742.0312703499912
 21
74.03130476612226
 31
0.0
  0
LINE
  5
69B6
330
1F
100
AcDbEntity
  8
HALFEN
100
AcDbLine
 10
755.7759065102858
 20
84.03130476612238
 30
0.0
 11
761.0312703499912
 21
84.03130476612226
 31
0.0
  0
LINE
  5
69B7
330
1F
100
AcDbEntity
  8
HALFEN
100
AcDbLine
 10
761.0312703499912
 20
89.03130476612226
 30
0.0
 11
755.7759065102855
 21
89.03130476612295
 31
0.0
  0
LINE
  5
69B8
330
1F
100
AcDbEntity
  8
HALFEN
100
AcDbLine
 10
761.0312703499912
 20
90.03130476612225
 30
0.0
 11
755.7759065102858
 21
90.03130476612284
 31
0.0
  0
LINE
  5
69B9
330
1F
100
AcDbEntity
  8
HALFEN
100
AcDbLine
 10
761.0312703499912
 20
91.03130476612228
 30
0.0
 11
755.7759065102858
 21
91.03130476612271
 31
0.0
  0
LINE
  5
69BA
330
1F
100
AcDbEntity
  8
HALFEN
100
AcDbLine
 10
761.0312703499912
 20
92.03130476612228
 30
0.0
 11
755.7759065102858
 21
92.03130476612264
 31
0.0
  0
LINE
  5
69BB
330
1F
100
AcDbEntity
  8
HALFEN
100
AcDbLine
 10
761.0312703499912
 20
93.0313047661223
 30
0.0
 11
755.7759065102855
 21
93.03130476612237
 31
0.0
  0
LINE
  5
69BC
330
1F
100
AcDbEntity
  8
HALFEN
100
AcDbLine
 10
761.0312703499912
 20
94.03130476612229
 30
0.0
 11
755.7759065102858
 21
94.03130476612229
 31
0.0
  0
LINE
  5
69BD
330
1F
100
AcDbEntity
  8
HALFEN
100
AcDbLine
 10
761.0312703499912
 20
95.03130476612229
 30
0.0
 11
755.7759065102858
 21
95.03130476612239
 31
0.0
  0
LINE
  5
69BE
330
1F
100
AcDbEntity
  8
HALFEN
100
AcDbLine
 10
761.0312703499912
 20
85.03130476612225
 30
0.0
 11
755.7759065102858
 21
85.03130476612225
 31
0.0
  0
LINE
  5
69BF
330
1F
100
AcDbEntity
  8
HALFEN
100
AcDbLine
 10
761.0312703499912
 20
86.03130476612227
 30
0.0
 11
755.7759065102855
 21
86.03130476612227
 31
0.0
  0
LINE
  5
69C0
330
1F
100
AcDbEntity
  8
HALFEN
100
AcDbLine
 10
761.0312703499912
 20
87.03130476612228
 30
0.0
 11
755.7759065102855
 21
87.03130476612148
 31
0.0
  0
LINE
  5
69C1
330
1F
100
AcDbEntity
  8
HALFEN
100
AcDbLine
 10
761.0312703499912
 20
88.0313047661223
 30
0.0
 11
755.7759065102855
 21
88.03130476612158
 31
0.0
  0
LINE
  5
69C2
330
1F
100
AcDbEntity
  8
HALFEN
100
AcDbLine
 10
761.0312703499912
 20
74.03130476612226
 30
0.0
 11
753.5259065102851
 21
74.03130476612226
 31
0.0
  0
LINE
  5
69C3
330
1F
100
AcDbEntity
  8
HALFEN
100
AcDbLine
 10
761.0312703499912
 20
80.03130476612225
 30
0.0
 11
755.7759065102855
 21
80.03130476612239
 31
0.0
  0
LINE
  5
69C4
330
1F
100
AcDbEntity
  8
HALFEN
100
AcDbLine
 10
761.0312703499912
 20
81.03130476612227
 30
0.0
 11
755.7759065102858
 21
81.03130476612216
 31
0.0
  0
LINE
  5
69C5
330
1F
100
AcDbEntity
  8
HALFEN
100
AcDbLine
 10
761.0312703499912
 20
82.03130476612228
 30
0.0
 11
755.7759065102858
 21
82.03130476612239
 31
0.0
  0
LINE
  5
69C6
330
1F
100
AcDbEntity
  8
HALFEN
100
AcDbLine
 10
761.0312703499912
 20
83.0313047661223
 30
0.0
 11
755.7759065102858
 21
83.03130476612237
 31
0.0
  0
LINE
  5
69C7
330
1F
100
AcDbEntity
  8
HALFEN
100
AcDbLine
 10
761.0312703499912
 20
71.03130476612228
 30
0.0
 11
742.0312703499912
 21
71.03130476612228
 31
0.0
  0
LINE
  5
69C8
330
1F
100
AcDbEntity
  8
HALFEN
  6
STRICHPUNKT2
 62
     1
 48
0.5
100
AcDbLine
 10
751.5259065102858
 20
70.5313047661225
 30
0.0
 11
751.5259065102858
 21
104.5313047661225
 31
0.0
  0
LINE
  5
69C9
330
1F
100
AcDbEntity
  8
HALFEN
  6
STRICHPUNKT2
 62
     1
 48
0.5
100
AcDbLine
 10
744.2759065102858
 20
87.53130476612248
 30
0.0
 11
758.7759065102858
 21
87.53130476612248
 31
0.0
  0
CIRCLE
  5
69EF
330
1F
100
AcDbEntity
  8
HALFEN
100
AcDbCircle
 10
751.5259065102858
 20
31.5313047661225
 30
0.0
 40
5.052784714610849
  0
LINE
  5
6B76
330
1F
100
AcDbEntity
  8
HALFEN
100
AcDbLine
 10
1390.409966126786
 20
751.5166428357741
 30
0.0
 11
1447.009966126786
 21
751.5166428357741
 31
0.0
  0
LINE
  5
6B78
330
1F
100
AcDbEntity
  8
HALFEN
100
AcDbLine
 10
1390.409966126786
 20
739.516642835774
 30
0.0
 11
1447.009966126786
 21
739.516642835774
 31
0.0
  0
LINE
  5
6B7A
330
1F
100
AcDbEntity
  8
HALFEN
100
AcDbLine
 10
1390.409966126786
 20
751.5166428357741
 30
0.0
 11
1385.409966126786
 21
747.5166428357741
 31
0.0
  0
LINE
  5
6B7C
330
1F
100
AcDbEntity
  8
HALFEN
100
AcDbLine
 10
1363.409966126785
 20
747.5166428357741
 30
0.0
 11
1385.409966126786
 21
747.5166428357741
 31
0.0
  0
LINE
  5
6B7D
330
1F
100
AcDbEntity
  8
HALFEN
100
AcDbLine
 10
1363.409966126785
 20
743.516642835774
 30
0.0
 11
1385.409966126786
 21
743.516642835774
 31
0.0
  0
LINE
  5
6B7E
330
1F
100
AcDbEntity
  8
HALFEN
100
AcDbLine
 10
1363.409966126785
 20
747.5166428357741
 30
0.0
 11
1363.409966126785
 21
743.516642835774
 31
0.0
  0
LINE
  5
6B81
330
1F
100
AcDbEntity
  8
HALFEN
100
AcDbLine
 10
1390.409966126786
 20
739.516642835774
 30
0.0
 11
1385.409966126786
 21
743.516642835774
 31
0.0
  0
LINE
  5
6B82
330
1F
100
AcDbEntity
  8
HALFEN
100
AcDbLine
 10
1367.909966126785
 20
710.516642835774
 30
0.0
 11
1367.909966126785
 21
743.516642835774
 31
0.0
  0
LINE
  5
6B83
330
1F
100
AcDbEntity
  8
HALFEN
100
AcDbLine
 10
1367.909966126785
 20
747.5166428357741
 30
0.0
 11
1367.909966126785
 21
780.5166428357741
 31
0.0
  0
LINE
  5
6B84
330
1F
100
AcDbEntity
  8
HALFEN
100
AcDbLine
 10
1372.909966126786
 20
710.516642835774
 30
0.0
 11
1372.909966126786
 21
743.516642835774
 31
0.0
  0
LINE
  5
6B85
330
1F
100
AcDbEntity
  8
HALFEN
100
AcDbLine
 10
1372.909966126786
 20
747.5166428357741
 30
0.0
 11
1372.909966126786
 21
780.5166428357741
 31
0.0
  0
LINE
  5
6B86
330
1F
100
AcDbEntity
  8
HALFEN
100
AcDbLine
 10
1372.909966126786
 20
710.516642835774
 30
0.0
 11
1367.909966126785
 21
710.516642835774
 31
0.0
  0
LINE
  5
6B87
330
1F
100
AcDbEntity
  8
HALFEN
100
AcDbLine
 10
1372.909966126786
 20
780.5166428357741
 30
0.0
 11
1367.909966126785
 21
780.5166428357741
 31
0.0
  0
LINE
  5
6B88
330
1F
100
AcDbEntity
  8
HALFEN
100
AcDbLine
 10
1370.409966126791
 20
698.5939636190828
 30
0.0
 11
1378.409966126787
 21
698.5939636190828
 31
0.0
  0
LINE
  5
6B89
330
1F
100
AcDbEntity
  8
HALFEN
100
AcDbLine
 10
1370.409966126786
 20
678.5939636190827
 30
0.0
 11
1378.409966126781
 21
678.5939636190827
 31
0.0
  0
CIRCLE
  5
6B8B
330
1F
100
AcDbEntity
  8
HALFEN
100
AcDbCircle
 10
1370.409966126786
 20
688.5939636190828
 30
0.0
 40
2.549999999999998
  0
ARC
  5
6B8D
330
1F
100
AcDbEntity
  8
HALFEN
100
AcDbCircle
 10
1383.964837417964
 20
688.593963619078
 30
0.0
 40
20.55487129117588
100
AcDbArc
 50
153.1066652215787
 51
206.8933347783884
  0
ARC
  5
6B8E
330
1F
100
AcDbEntity
  8
HALFEN
100
AcDbCircle
 10
1369.752036830274
 20
711.9703429375452
 30
0.0
 40
33.38286337882215
100
AcDbArc
 50
264.2805177001623
 51
271.1292923651171
  0
ARC
  5
6B8F
330
1F
100
AcDbEntity
  8
HALFEN
100
AcDbCircle
 10
1366.524822419493
 20
679.7486898490038
 30
0.0
 40
1.0
100
AcDbArc
 50
206.8933347783884
 51
264.2805177001623
  0
ARC
  5
6B90
330
1F
100
AcDbEntity
  8
HALFEN
100
AcDbCircle
 10
1369.752036830279
 20
665.2175843006205
 30
0.0
 40
33.38286337882191
100
AcDbArc
 50
88.87070763486988
 51
95.71948229983776
  0
ARC
  5
6B91
330
1F
100
AcDbEntity
  8
HALFEN
100
AcDbCircle
 10
1366.524822419498
 20
697.4392373891617
 30
0.0
 40
1.0
100
AcDbArc
 50
95.71948229983776
 51
153.1066652215788
  0
LINE
  5
6B93
330
1F
100
AcDbEntity
  8
HALFEN
100
AcDbLine
 10
1390.419476288664
 20
682.5939636190827
 30
0.0
 11
1447.009966126788
 21
682.5939636190827
 31
0.0
  0
LINE
  5
6B96
330
1F
100
AcDbEntity
  8
HALFEN
100
AcDbLine
 10
1390.419476288665
 20
694.5939636190828
 30
0.0
 11
1447.009966126788
 21
694.5939636190829
 31
0.0
  0
ARC
  5
6B9B
330
1F
100
AcDbEntity
  8
HALFEN
100
AcDbCircle
 10
1383.982972271848
 20
688.5939636190831
 30
0.0
 40
6.426993854937293
100
AcDbArc
 50
308.9250348639495
 51
51.07496513605049
  0
ARC
  5
6B9D
330
1F
100
AcDbEntity
  8
HALFEN
100
AcDbCircle
 10
1374.948810893174
 20
696.9844053017054
 30
0.0
 40
18.71330918980028
100
AcDbArc
 50
280.6586182674493
 51
314.3111239797491
  0
ARC
  5
6B9E
330
1F
100
AcDbEntity
  8
HALFEN
100
AcDbCircle
 10
1391.117787933226
 20
669.0407612216825
 30
0.0
 40
13.57118028683685
100
AcDbArc
 50
92.94948456232795
 51
119.9046328619561
  0
ARC
  5
6B9F
330
1F
100
AcDbEntity
  8
HALFEN
100
AcDbCircle
 10
1374.94881089318
 20
680.2035219364759
 30
0.0
 40
18.71330918978492
100
AcDbArc
 50
45.68887602023258
 51
79.34138173255067
  0
ARC
  5
6BA0
330
1F
100
AcDbEntity
  8
HALFEN
100
AcDbCircle
 10
1391.117787933226
 20
708.1471660164833
 30
0.0
 40
13.57118028683685
100
AcDbArc
 50
240.0953671380439
 51
267.050515437659
  0
LINE
  5
6BA1
330
1F
100
AcDbEntity
  8
HALFEN
100
AcDbLine
 10
1447.009966126788
 20
694.5939636190843
 30
0.0
 11
1447.009966126788
 21
682.5939636190842
 31
0.0
  0
LINE
  5
6BA2
330
1F
100
AcDbEntity
  8
HALFEN
100
AcDbLine
 10
1448.409966126788
 20
693.5939636190843
 30
0.0
 11
1448.409966126788
 21
683.5939636190841
 31
0.0
  0
LINE
  5
6BA3
330
1F
100
AcDbEntity
  8
HALFEN
100
AcDbLine
 10
1448.409966126788
 20
683.5939636190841
 30
0.0
 11
1447.009966126788
 21
682.5939636190842
 31
0.0
  0
LINE
  5
6BA4
330
1F
100
AcDbEntity
  8
HALFEN
100
AcDbLine
 10
1447.009966126788
 20
694.5939636190843
 30
0.0
 11
1448.409966126788
 21
693.5939636190843
 31
0.0
  0
LINE
  5
6BAC
330
1F
100
AcDbEntity
  8
HALFEN
100
AcDbLine
 10
1447.009966126786
 20
751.5166428357803
 30
0.0
 11
1447.009966126786
 21
739.5166428357803
 31
0.0
  0
LINE
  5
6BAD
330
1F
100
AcDbEntity
  8
HALFEN
100
AcDbLine
 10
1448.409966126785
 20
750.5166428357803
 30
0.0
 11
1448.409966126785
 21
740.5166428357802
 31
0.0
  0
LINE
  5
6BAE
330
1F
100
AcDbEntity
  8
HALFEN
100
AcDbLine
 10
1448.409966126785
 20
740.5166428357802
 30
0.0
 11
1447.009966126786
 21
739.5166428357803
 31
0.0
  0
LINE
  5
6BAF
330
1F
100
AcDbEntity
  8
HALFEN
100
AcDbLine
 10
1447.009966126786
 20
751.5166428357803
 30
0.0
 11
1448.409966126785
 21
750.5166428357803
 31
0.0
  0
LINE
  5
6C1B
330
1F
100
AcDbEntity
  8
HALFEN
100
AcDbLine
 10
1261.600233427389
 20
830.5410497531992
 30
0.0
 11
1565.651292174638
 21
830.5410497531992
 31
0.0
  0
LINE
  5
6C1C
330
1F
100
AcDbEntity
  8
HALFEN
100
AcDbLine
 10
1261.600233427389
 20
840.5410497531994
 30
0.0
 11
1565.651292174638
 21
840.5410497531994
 31
0.0
  0
LINE
  5
6C1D
330
1F
100
AcDbEntity
  8
HALFEN
100
AcDbLine
 10
1261.600233427389
 20
858.5410497531997
 30
0.0
 11
1565.651292174638
 21
858.5410497531999
 31
0.0
  0
TEXT
  5
6C1E
330
1F
100
AcDbEntity
  8
HALFEN
100
AcDbText
 10
1311.564919760004
 20
851.0410497531992
 30
0.0
 40
5.0
  1
Halfen Body - Anker BA 608/610/612 - (Ausleger Typ1-M12x85 + Gleithülse) - A2
  7
ARIAL50
100
AcDbText
  0
TEXT
  5
6C1F
330
1F
100
AcDbEntity
  8
HALFEN
100
AcDbText
 10
1266.600233427389
 20
851.0410497531992
 30
0.0
 40
5.0
  1
Benennung
  7
ARIAL50
100
AcDbText
  0
TEXT
  5
6C20
330
1F
100
AcDbEntity
  8
HALFEN
100
AcDbText
 10
1266.600233427389
 20
833.0410497531993
 30
0.0
 40
5.0
  1
Bestell-Nr.
  7
ARIAL50
100
AcDbText
  0
LINE
  5
6C21
330
1F
100
AcDbEntity
  8
HALFEN
100
AcDbLine
 10
1261.600233427389
 20
830.5410497531992
 30
0.0
 11
1261.600233427389
 21
858.5410497531997
 31
0.0
  0
LINE
  5
6C22
330
1F
100
AcDbEntity
  8
HALFEN
100
AcDbLine
 10
1306.564919760004
 20
830.5410497531992
 30
0.0
 11
1306.564919760004
 21
858.5410497531997
 31
0.0
  0
TEXT
  5
6C23
330
1F
100
AcDbEntity
  8
HALFEN
100
AcDbText
 10
1311.564919760004
 20
833.0410497531993
 30
0.0
 40
5.0
  1
0754.040 - 00010
  7
ARIAL50
100
AcDbText
  0
LINE
  5
6C24
330
1F
100
AcDbEntity
  8
HALFEN
100
AcDbLine
 10
1565.651292174638
 20
830.5410497531992
 30
0.0
 11
1565.651292174638
 21
858.5410497531997
 31
0.0
  0
LINE
  5
6C64
330
1F
100
AcDbEntity
  8
HALFEN
100
AcDbLine
 10
1261.600233427389
 20
792.5410497531993
 30
0.0
 11
1565.651292174638
 21
792.5410497531993
 31
0.0
  0
LINE
  5
6C65
330
1F
100
AcDbEntity
  8
HALFEN
100
AcDbLine
 10
1261.600233427389
 20
802.5410497531993
 30
0.0
 11
1565.651292174638
 21
802.5410497531993
 31
0.0
  0
LINE
  5
6C66
330
1F
100
AcDbEntity
  8
HALFEN
100
AcDbLine
 10
1261.600233427389
 20
820.5410497531998
 30
0.0
 11
1565.651292174638
 21
820.5410497531998
 31
0.0
  0
TEXT
  5
6C67
330
1F
100
AcDbEntity
  8
HALFEN
100
AcDbText
 10
1311.564919760004
 20
813.0410497531993
 30
0.0
 40
5.0
  1
Halfen Body - Anker BA 608/610/612 - (Ausleger Typ1-M12x85 + Gleithülse) - A4
  7
ARIAL50
100
AcDbText
  0
TEXT
  5
6C68
330
1F
100
AcDbEntity
  8
HALFEN
100
AcDbText
 10
1266.600233427389
 20
813.0410497531993
 30
0.0
 40
5.0
  1
Benennung
  7
ARIAL50
100
AcDbText
  0
TEXT
  5
6C69
330
1F
100
AcDbEntity
  8
HALFEN
100
AcDbText
 10
1266.600233427389
 20
795.0410497531993
 30
0.0
 40
5.0
  1
Bestell-Nr.
  7
ARIAL50
100
AcDbText
  0
LINE
  5
6C6A
330
1F
100
AcDbEntity
  8
HALFEN
100
AcDbLine
 10
1261.600233427389
 20
792.5410497531993
 30
0.0
 11
1261.600233427389
 21
820.5410497531998
 31
0.0
  0
LINE
  5
6C6B
330
1F
100
AcDbEntity
  8
HALFEN
100
AcDbLine
 10
1306.564919760004
 20
792.5410497531993
 30
0.0
 11
1306.564919760004
 21
820.5410497531998
 31
0.0
  0
TEXT
  5
6C6C
330
1F
100
AcDbEntity
  8
HALFEN
100
AcDbText
 10
1311.564919760004
 20
795.0410497531993
 30
0.0
 40
5.0
  1
0754.040 - 00003
  7
ARIAL50
100
AcDbText
  0
LINE
  5
6C6D
330
1F
100
AcDbEntity
  8
HALFEN
100
AcDbLine
 10
1565.651292174638
 20
792.5410497531993
 30
0.0
 11
1565.651292174638
 21
820.5410497531998
 31
0.0
  0
LINE
  5
6D8C
330
1F
100
AcDbEntity
  8
HALFEN
100
AcDbLine
 10
1390.409966126786
 20
465.880894259063
 30
0.0
 11
1447.009966126786
 21
465.880894259063
 31
0.0
  0
LINE
  5
6D8E
330
1F
100
AcDbEntity
  8
HALFEN
100
AcDbLine
 10
1390.409966126786
 20
453.8808942590629
 30
0.0
 11
1447.009966126786
 21
453.8808942590629
 31
0.0
  0
LINE
  5
6D90
330
1F
100
AcDbEntity
  8
HALFEN
100
AcDbLine
 10
1390.409966126786
 20
465.880894259063
 30
0.0
 11
1385.409966126786
 21
461.880894259063
 31
0.0
  0
LINE
  5
6D92
330
1F
100
AcDbEntity
  8
HALFEN
100
AcDbLine
 10
1363.409966126785
 20
461.880894259063
 30
0.0
 11
1385.409966126786
 21
461.880894259063
 31
0.0
  0
LINE
  5
6D93
330
1F
100
AcDbEntity
  8
HALFEN
100
AcDbLine
 10
1363.409966126785
 20
457.8808942590629
 30
0.0
 11
1385.409966126786
 21
457.8808942590629
 31
0.0
  0
LINE
  5
6D94
330
1F
100
AcDbEntity
  8
HALFEN
100
AcDbLine
 10
1363.409966126785
 20
461.880894259063
 30
0.0
 11
1363.409966126785
 21
457.8808942590629
 31
0.0
  0
LINE
  5
6D97
330
1F
100
AcDbEntity
  8
HALFEN
100
AcDbLine
 10
1390.409966126786
 20
453.8808942590629
 30
0.0
 11
1385.409966126786
 21
457.8808942590629
 31
0.0
  0
LINE
  5
6D9E
330
1F
100
AcDbEntity
  8
HALFEN
100
AcDbLine
 10
1370.409966126791
 20
412.9582150423716
 30
0.0
 11
1378.409966126787
 21
412.9582150423716
 31
0.0
  0
LINE
  5
6D9F
330
1F
100
AcDbEntity
  8
HALFEN
100
AcDbLine
 10
1370.409966126786
 20
392.9582150423716
 30
0.0
 11
1378.409966126781
 21
392.9582150423716
 31
0.0
  0
CIRCLE
  5
6DA1
330
1F
100
AcDbEntity
  8
HALFEN
100
AcDbCircle
 10
1370.409966126786
 20
402.9582150423715
 30
0.0
 40
2.549999999999998
  0
ARC
  5
6DA3
330
1F
100
AcDbEntity
  8
HALFEN
100
AcDbCircle
 10
1383.964837417965
 20
402.9582150423668
 30
0.0
 40
20.55487129117615
100
AcDbArc
 50
153.1066652215788
 51
206.8933347783884
  0
ARC
  5
6DA4
330
1F
100
AcDbEntity
  8
HALFEN
100
AcDbCircle
 10
1369.752036830274
 20
426.334594360834
 30
0.0
 40
33.38286337882215
100
AcDbArc
 50
264.2805177001623
 51
271.1292923651171
  0
ARC
  5
6DA5
330
1F
100
AcDbEntity
  8
HALFEN
100
AcDbCircle
 10
1366.524822419493
 20
394.1129412722928
 30
0.0
 40
1.0
100
AcDbArc
 50
206.8933347783884
 51
264.2805177001623
  0
ARC
  5
6DA6
330
1F
100
AcDbEntity
  8
HALFEN
100
AcDbCircle
 10
1369.752036830279
 20
379.5818357239093
 30
0.0
 40
33.38286337882191
100
AcDbArc
 50
88.87070763486988
 51
95.71948229983776
  0
ARC
  5
6DA7
330
1F
100
AcDbEntity
  8
HALFEN
100
AcDbCircle
 10
1366.524822419498
 20
411.8034888124505
 30
0.0
 40
1.0
100
AcDbArc
 50
95.71948229983776
 51
153.1066652215788
  0
LINE
  5
6DA8
330
1F
100
AcDbEntity
  8
HALFEN
100
AcDbLine
 10
1390.419476288664
 20
396.9582150423716
 30
0.0
 11
1447.009966126788
 21
396.9582150423716
 31
0.0
  0
LINE
  5
6DAA
330
1F
100
AcDbEntity
  8
HALFEN
100
AcDbLine
 10
1390.419476288665
 20
408.9582150423716
 30
0.0
 11
1447.009966126788
 21
408.9582150423716
 31
0.0
  0
ARC
  5
6DAD
330
1F
100
AcDbEntity
  8
HALFEN
100
AcDbCircle
 10
1383.982972271848
 20
402.9582150423719
 30
0.0
 40
6.426993854937293
100
AcDbArc
 50
308.9250348639495
 51
51.07496513605049
  0
ARC
  5
6DAF
330
1F
100
AcDbEntity
  8
HALFEN
100
AcDbCircle
 10
1374.948810893174
 20
411.348656724994
 30
0.0
 40
18.71330918980028
100
AcDbArc
 50
280.6586182674493
 51
314.3111239797491
  0
ARC
  5
6DB0
330
1F
100
AcDbEntity
  8
HALFEN
100
AcDbCircle
 10
1391.117787933226
 20
383.4050126449713
 30
0.0
 40
13.57118028683685
100
AcDbArc
 50
92.94948456232795
 51
119.9046328619561
  0
ARC
  5
6DB1
330
1F
100
AcDbEntity
  8
HALFEN
100
AcDbCircle
 10
1374.94881089318
 20
394.5677733597647
 30
0.0
 40
18.71330918978492
100
AcDbArc
 50
45.68887602023258
 51
79.34138173255067
  0
ARC
  5
6DB2
330
1F
100
AcDbEntity
  8
HALFEN
100
AcDbCircle
 10
1391.117787933226
 20
422.5114174397721
 30
0.0
 40
13.57118028683685
100
AcDbArc
 50
240.0953671380439
 51
267.050515437659
  0
LINE
  5
6DB3
330
1F
100
AcDbEntity
  8
HALFEN
100
AcDbLine
 10
1447.009966126788
 20
408.9582150423731
 30
0.0
 11
1447.009966126788
 21
396.9582150423731
 31
0.0
  0
LINE
  5
6DB4
330
1F
100
AcDbEntity
  8
HALFEN
100
AcDbLine
 10
1448.409966126788
 20
407.9582150423731
 30
0.0
 11
1448.409966126788
 21
397.9582150423731
 31
0.0
  0
LINE
  5
6DB5
330
1F
100
AcDbEntity
  8
HALFEN
100
AcDbLine
 10
1448.409966126788
 20
397.9582150423731
 30
0.0
 11
1447.009966126788
 21
396.9582150423731
 31
0.0
  0
LINE
  5
6DB6
330
1F
100
AcDbEntity
  8
HALFEN
100
AcDbLine
 10
1447.009966126788
 20
408.9582150423731
 30
0.0
 11
1448.409966126788
 21
407.9582150423731
 31
0.0
  0
LINE
  5
6DB8
330
1F
100
AcDbEntity
  8
HALFEN
100
AcDbLine
 10
1447.009966126786
 20
465.8808942590692
 30
0.0
 11
1447.009966126786
 21
453.8808942590692
 31
0.0
  0
LINE
  5
6DB9
330
1F
100
AcDbEntity
  8
HALFEN
100
AcDbLine
 10
1448.409966126785
 20
464.8808942590692
 30
0.0
 11
1448.409966126785
 21
454.8808942590692
 31
0.0
  0
LINE
  5
6DBA
330
1F
100
AcDbEntity
  8
HALFEN
100
AcDbLine
 10
1448.409966126785
 20
454.8808942590692
 30
0.0
 11
1447.009966126786
 21
453.8808942590692
 31
0.0
  0
LINE
  5
6DBB
330
1F
100
AcDbEntity
  8
HALFEN
100
AcDbLine
 10
1447.009966126786
 20
465.8808942590692
 30
0.0
 11
1448.409966126785
 21
464.8808942590692
 31
0.0
  0
LINE
  5
6DD1
330
1F
100
AcDbEntity
  8
HALFEN
100
AcDbLine
 10
1261.600233427389
 20
544.9053011764881
 30
0.0
 11
1526.338356085285
 21
544.9053011764881
 31
0.0
  0
LINE
  5
6DD2
330
1F
100
AcDbEntity
  8
HALFEN
100
AcDbLine
 10
1261.600233427389
 20
554.9053011764881
 30
0.0
 11
1526.338356085285
 21
554.9053011764881
 31
0.0
  0
LINE
  5
6DD3
330
1F
100
AcDbEntity
  8
HALFEN
100
AcDbLine
 10
1261.600233427389
 20
572.9053011764886
 30
0.0
 11
1526.338356085285
 21
572.9053011764886
 31
0.0
  0
TEXT
  5
6DD4
330
1F
100
AcDbEntity
  8
HALFEN
100
AcDbText
 10
1311.564919760004
 20
565.4053011764881
 30
0.0
 40
5.0
  1
Halfen Body - Anker BA 608/610/612 - (Ausleger Typ2-M12x85) - A2
  7
ARIAL50
100
AcDbText
  0
TEXT
  5
6DD5
330
1F
100
AcDbEntity
  8
HALFEN
100
AcDbText
 10
1266.600233427389
 20
565.4053011764881
 30
0.0
 40
5.0
  1
Benennung
  7
ARIAL50
100
AcDbText
  0
TEXT
  5
6DD6
330
1F
100
AcDbEntity
  8
HALFEN
100
AcDbText
 10
1266.600233427389
 20
547.4053011764881
 30
0.0
 40
5.0
  1
Bestell-Nr.
  7
ARIAL50
100
AcDbText
  0
LINE
  5
6DD7
330
1F
100
AcDbEntity
  8
HALFEN
100
AcDbLine
 10
1261.600233427389
 20
544.9053011764881
 30
0.0
 11
1261.600233427389
 21
572.9053011764886
 31
0.0
  0
LINE
  5
6DD8
330
1F
100
AcDbEntity
  8
HALFEN
100
AcDbLine
 10
1306.564919760004
 20
544.9053011764881
 30
0.0
 11
1306.564919760004
 21
572.9053011764886
 31
0.0
  0
TEXT
  5
6DD9
330
1F
100
AcDbEntity
  8
HALFEN
100
AcDbText
 10
1311.564919760004
 20
547.4053011764881
 30
0.0
 40
5.0
  1
0754.050 - 00010
  7
ARIAL50
100
AcDbText
  0
LINE
  5
6DDA
330
1F
100
AcDbEntity
  8
HALFEN
100
AcDbLine
 10
1526.338356085285
 20
544.9053011764881
 30
0.0
 11
1526.338356085285
 21
572.9053011764886
 31
0.0
  0
LINE
  5
6E0C
330
1F
100
AcDbEntity
  8
HALFEN
100
AcDbLine
 10
1261.600233427389
 20
506.9053011764881
 30
0.0
 11
1526.338356085285
 21
506.9053011764881
 31
0.0
  0
LINE
  5
6E0D
330
1F
100
AcDbEntity
  8
HALFEN
100
AcDbLine
 10
1261.600233427389
 20
516.9053011764881
 30
0.0
 11
1526.338356085285
 21
516.9053011764881
 31
0.0
  0
LINE
  5
6E0E
330
1F
100
AcDbEntity
  8
HALFEN
100
AcDbLine
 10
1261.600233427389
 20
534.9053011764886
 30
0.0
 11
1526.338356085285
 21
534.9053011764888
 31
0.0
  0
TEXT
  5
6E0F
330
1F
100
AcDbEntity
  8
HALFEN
100
AcDbText
 10
1311.564919760004
 20
527.4053011764881
 30
0.0
 40
5.0
  1
Halfen Body - Anker BA 608/610/612 - (Ausleger Typ2-M12x85) - A4
  7
ARIAL50
100
AcDbText
  0
TEXT
  5
6E10
330
1F
100
AcDbEntity
  8
HALFEN
100
AcDbText
 10
1266.600233427389
 20
527.4053011764881
 30
0.0
 40
5.0
  1
Benennung
  7
ARIAL50
100
AcDbText
  0
TEXT
  5
6E11
330
1F
100
AcDbEntity
  8
HALFEN
100
AcDbText
 10
1266.600233427389
 20
509.4053011764881
 30
0.0
 40
5.0
  1
Bestell-Nr.
  7
ARIAL50
100
AcDbText
  0
LINE
  5
6E12
330
1F
100
AcDbEntity
  8
HALFEN
100
AcDbLine
 10
1261.600233427389
 20
506.9053011764881
 30
0.0
 11
1261.600233427389
 21
534.9053011764886
 31
0.0
  0
LINE
  5
6E13
330
1F
100
AcDbEntity
  8
HALFEN
100
AcDbLine
 10
1306.564919760004
 20
506.9053011764881
 30
0.0
 11
1306.564919760004
 21
534.9053011764886
 31
0.0
  0
TEXT
  5
6E14
330
1F
100
AcDbEntity
  8
HALFEN
100
AcDbText
 10
1311.564919760004
 20
509.4053011764881
 30
0.0
 40
5.0
  1
0754.050 - 00003
  7
ARIAL50
100
AcDbText
  0
LINE
  5
6E15
330
1F
100
AcDbEntity
  8
HALFEN
100
AcDbLine
 10
1526.338356085285
 20
506.9053011764881
 30
0.0
 11
1526.338356085285
 21
534.9053011764886
 31
0.0
  0
LINE
  5
6EF3
330
1F
100
AcDbEntity
  8
HALFEN
100
AcDbLine
 10
1372.909966126786
 20
461.8808942590629
 30
0.0
 11
1372.909966126786
 21
492.8808942590628
 31
0.0
  0
LINE
  5
6EF4
330
1F
100
AcDbEntity
  8
HALFEN
100
AcDbLine
 10
1367.909966126785
 20
492.8808942590628
 30
0.0
 11
1367.909966126785
 21
461.8808942590629
 31
0.0
  0
LINE
  5
6EF5
330
1F
100
AcDbEntity
  8
HALFEN
100
AcDbLine
 10
1366.909966126786
 20
457.8808942590629
 30
0.0
 11
1366.909966126786
 21
456.3808942590628
 31
0.0
  0
LINE
  5
6EF6
330
1F
100
AcDbEntity
  8
HALFEN
100
AcDbLine
 10
1373.909966126786
 20
456.3808942590628
 30
0.0
 11
1373.909966126786
 21
457.8808942590629
 31
0.0
  0
LINE
  5
6EF7
330
1F
100
AcDbEntity
  8
HALFEN
100
AcDbLine
 10
1373.909966126786
 20
456.3808942590628
 30
0.0
 11
1366.909966126786
 21
456.3808942590628
 31
0.0
  0
LINE
  5
6EF8
330
1F
100
AcDbEntity
  8
HALFEN
100
AcDbLine
 10
1372.909966126786
 20
492.8808942590628
 30
0.0
 11
1367.909966126785
 21
492.8808942590628
 31
0.0
  0
LINE
  5
6F8C
330
1F
100
AcDbEntity
  8
HALFEN
100
AcDbLine
 10
1502.727686676612
 20
-1.65870488495443
 30
0.0
 11
1510.727686676608
 21
-1.65870488495443
 31
0.0
  0
LINE
  5
6F8D
330
1F
100
AcDbEntity
  8
HALFEN
100
AcDbLine
 10
1502.727686676607
 20
-21.65870488495443
 30
0.0
 11
1510.727686676603
 21
-21.65870488495443
 31
0.0
  0
LINE
  5
6F96
330
1F
100
AcDbEntity
  8
HALFEN
100
AcDbLine
 10
1522.737196838485
 20
-17.65870488495442
 30
0.0
 11
1565.327686676609
 21
-17.65870488495284
 31
0.0
  0
LINE
  5
6F98
330
1F
100
AcDbEntity
  8
HALFEN
100
AcDbLine
 10
1522.737196838486
 20
-5.65870488495443
 30
0.0
 11
1565.327686676609
 21
-5.658704884952839
 31
0.0
  0
ARC
  5
6F9B
330
1F
100
AcDbEntity
  8
HALFEN
100
AcDbCircle
 10
1516.300692821669
 20
-11.6587048849542
 30
0.0
 40
6.426993854937293
100
AcDbArc
 50
308.9250348639495
 51
51.07496513605049
  0
ARC
  5
6F9D
330
1F
100
AcDbEntity
  8
HALFEN
100
AcDbCircle
 10
1507.266531442995
 20
-3.268263202332035
 30
0.0
 40
18.71330918980028
100
AcDbArc
 50
280.6586182674493
 51
314.3111239797491
  0
ARC
  5
6F9E
330
1F
100
AcDbEntity
  8
HALFEN
100
AcDbCircle
 10
1523.435508483047
 20
-31.21190728235479
 30
0.0
 40
13.57118028683685
100
AcDbArc
 50
92.94948456232795
 51
119.9046328619561
  0
ARC
  5
6F9F
330
1F
100
AcDbEntity
  8
HALFEN
100
AcDbCircle
 10
1507.266531443001
 20
-20.04914656756136
 30
0.0
 40
18.71330918978492
100
AcDbArc
 50
45.68887602023258
 51
79.34138173255067
  0
ARC
  5
6FA0
330
1F
100
AcDbEntity
  8
HALFEN
100
AcDbCircle
 10
1523.435508483047
 20
7.89449751244615
 30
0.0
 40
13.57118028683685
100
AcDbArc
 50
240.0953671380438
 51
267.050515437659
  0
LINE
  5
6FA1
330
1F
100
AcDbEntity
  8
HALFEN
100
AcDbLine
 10
1565.327686676609
 20
-5.658704884952839
 30
0.0
 11
1565.327686676609
 21
-17.65870488495284
 31
0.0
  0
LINE
  5
6FA2
330
1F
100
AcDbEntity
  8
HALFEN
100
AcDbLine
 10
1566.727686676609
 20
-6.658704884952839
 30
0.0
 11
1566.727686676609
 21
-16.65870488495284
 31
0.0
  0
LINE
  5
6FA3
330
1F
100
AcDbEntity
  8
HALFEN
100
AcDbLine
 10
1566.727686676609
 20
-16.65870488495284
 30
0.0
 11
1565.327686676609
 21
-17.65870488495284
 31
0.0
  0
LINE
  5
6FA4
330
1F
100
AcDbEntity
  8
HALFEN
100
AcDbLine
 10
1565.327686676609
 20
-5.658704884952839
 30
0.0
 11
1566.727686676609
 21
-6.658704884952839
 31
0.0
  0
ARC
  5
6FAB
330
1F
100
AcDbEntity
  8
HALFEN
100
AcDbCircle
 10
1502.727686676607
 20
-11.65870488495443
 30
0.0
 40
2.549999999999954
100
AcDbArc
 50
270.0000000000652
 51
89.99999999988274
  0
LINE
  5
6FAC
330
1F
100
AcDbEntity
  8
HALFEN
100
AcDbLine
 10
1261.600233427389
 20
177.3789065617252
 30
0.0
 11
1607.100661119039
 21
177.3789065617252
 31
0.0
  0
LINE
  5
6FAD
330
1F
100
AcDbEntity
  8
HALFEN
100
AcDbLine
 10
1261.600233427389
 20
187.3789065617252
 30
0.0
 11
1607.100661119039
 21
187.3789065617253
 31
0.0
  0
LINE
  5
6FAE
330
1F
100
AcDbEntity
  8
HALFEN
100
AcDbLine
 10
1261.600233427389
 20
205.3789065617257
 30
0.0
 11
1607.100661119039
 21
205.3789065617258
 31
0.0
  0
TEXT
  5
6FAF
330
1F
100
AcDbEntity
  8
HALFEN
100
AcDbText
 10
1311.564919760004
 20
197.8789065617252
 30
0.0
 40
5.0
  1
Halfen Body - Anker BA 608/610/612 - (Ausleger Typ3-M12x87 + 2x Dorn + 2x Gleithülse) - A4
  7
ARIAL50
100
AcDbText
  0
TEXT
  5
6FB0
330
1F
100
AcDbEntity
  8
HALFEN
100
AcDbText
 10
1266.600233427389
 20
197.8789065617252
 30
0.0
 40
5.0
  1
Benennung
  7
ARIAL50
100
AcDbText
  0
TEXT
  5
6FB1
330
1F
100
AcDbEntity
  8
HALFEN
100
AcDbText
 10
1266.600233427389
 20
179.8789065617252
 30
0.0
 40
5.0
  1
Bestell-Nr.
  7
ARIAL50
100
AcDbText
  0
LINE
  5
6FB2
330
1F
100
AcDbEntity
  8
HALFEN
100
AcDbLine
 10
1261.600233427389
 20
177.3789065617252
 30
0.0
 11
1261.600233427389
 21
205.3789065617257
 31
0.0
  0
LINE
  5
6FB3
330
1F
100
AcDbEntity
  8
HALFEN
100
AcDbLine
 10
1306.564919760004
 20
177.3789065617252
 30
0.0
 11
1306.564919760004
 21
205.3789065617257
 31
0.0
  0
LINE
  5
77FE
330
1F
100
AcDbEntity
  8
HALFEN
100
AcDbLine
 10
1489.277686676607
 20
-71.65870488495443
 30
0.0
 11
1512.727686676607
 21
-71.65870488495443
 31
0.0
  0
LINE
  5
77FF
330
1F
100
AcDbEntity
  8
HALFEN
100
AcDbLine
 10
1484.177686676607
 20
48.34129511504556
 30
0.0
 11
1479.727686676607
 21
48.34129511504556
 31
0.0
  0
ARC
  5
7800
330
1F
100
AcDbEntity
  8
HALFEN
100
AcDbCircle
 10
1486.727686676607
 20
48.34129511504556
 30
0.0
 40
2.549999999999998
100
AcDbArc
 50
180.0
 51
0.0
  0
CIRCLE
  5
7801
330
1F
100
AcDbEntity
  8
HALFEN
100
AcDbCircle
 10
1486.727686676607
 20
38.34129511504557
 30
0.0
 40
2.549999999999998
  0
CIRCLE
  5
7802
330
1F
100
AcDbEntity
  8
HALFEN
100
AcDbCircle
 10
1486.727686676607
 20
28.34129511504557
 30
0.0
 40
2.549999999999998
  0
CIRCLE
  5
7803
330
1F
100
AcDbEntity
  8
HALFEN
100
AcDbCircle
 10
1486.727686676607
 20
18.34129511504557
 30
0.0
 40
2.549999999999998
  0
CIRCLE
  5
7804
330
1F
100
AcDbEntity
  8
HALFEN
100
AcDbCircle
 10
1486.727686676607
 20
8.341295115045568
 30
0.0
 40
2.549999999999998
  0
CIRCLE
  5
7805
330
1F
100
AcDbEntity
  8
HALFEN
100
AcDbCircle
 10
1486.727686676607
 20
-1.65870488495443
 30
0.0
 40
2.549999999999998
  0
CIRCLE
  5
7806
330
1F
100
AcDbEntity
  8
HALFEN
100
AcDbCircle
 10
1486.727686676607
 20
-11.65870488495443
 30
0.0
 40
2.549999999999998
  0
CIRCLE
  5
7807
330
1F
100
AcDbEntity
  8
HALFEN
100
AcDbCircle
 10
1486.727686676607
 20
-21.65870488495443
 30
0.0
 40
2.549999999999998
  0
CIRCLE
  5
7808
330
1F
100
AcDbEntity
  8
HALFEN
100
AcDbCircle
 10
1486.727686676607
 20
-31.65870488495443
 30
0.0
 40
2.549999999999998
  0
CIRCLE
  5
7809
330
1F
100
AcDbEntity
  8
HALFEN
100
AcDbCircle
 10
1486.727686676607
 20
-41.65870488495443
 30
0.0
 40
2.549999999999998
  0
CIRCLE
  5
780A
330
1F
100
AcDbEntity
  8
HALFEN
100
AcDbCircle
 10
1486.727686676607
 20
-51.65870488495443
 30
0.0
 40
2.549999999999998
  0
CIRCLE
  5
780B
330
1F
100
AcDbEntity
  8
HALFEN
100
AcDbCircle
 10
1486.727686676607
 20
-61.65870488495443
 30
0.0
 40
2.549999999999998
  0
ARC
  5
780C
330
1F
100
AcDbEntity
  8
HALFEN
100
AcDbCircle
 10
1486.727686676607
 20
-71.65870488495443
 30
0.0
 40
2.549999999999998
100
AcDbArc
 50
0.0
 51
180.0
  0
LINE
  5
780D
330
1F
100
AcDbEntity
  8
HALFEN
100
AcDbLine
 10
1512.727686676607
 20
48.34129511504556
 30
0.0
 11
1489.277686676607
 21
48.34129511504556
 31
0.0
  0
LINE
  5
780E
330
1F
100
AcDbEntity
  8
HALFEN
100
AcDbLine
 10
1479.727686676607
 20
-71.65870488495443
 30
0.0
 11
1484.177686676607
 21
-71.65870488495443
 31
0.0
  0
LINE
  5
780F
330
1F
100
AcDbEntity
  8
HALFEN
100
AcDbLine
 10
1479.727686676607
 20
48.34129511504556
 30
0.0
 11
1479.727686676607
 21
-71.65870488495443
 31
0.0
  0
LINE
  5
7810
330
1F
100
AcDbEntity
  8
HALFEN
100
AcDbLine
 10
1512.727686676607
 20
0.3412951150455683
 30
0.0
 11
1512.727686676607
 21
48.34129511504556
 31
0.0
  0
LINE
  5
7811
330
1F
100
AcDbEntity
  8
HALFEN
100
AcDbLine
 10
1502.727686676607
 20
0.3412951150455683
 30
0.0
 11
1502.727686676607
 21
-23.65870488495443
 31
0.0
  0
LINE
  5
7812
330
1F
100
AcDbEntity
  8
HALFEN
100
AcDbLine
 10
1502.727686676607
 20
0.3412951150455683
 30
0.0
 11
1512.727686676607
 21
0.3412951150455683
 31
0.0
  0
LINE
  5
7813
330
1F
100
AcDbEntity
  8
HALFEN
100
AcDbLine
 10
1502.727686676607
 20
-23.65870488495443
 30
0.0
 11
1512.727686676607
 21
-23.65870488495443
 31
0.0
  0
LINE
  5
7814
330
1F
100
AcDbEntity
  8
HALFEN
100
AcDbLine
 10
1512.727686676607
 20
-71.65870488495443
 30
0.0
 11
1512.727686676607
 21
-23.65870488495443
 31
0.0
  0
LINE
  5
7B68
330
1F
100
AcDbEntity
  8
HALFEN
100
AcDbLine
 10
1502.727686676607
 20
-21.65870488495443
 30
0.0
 11
1502.727686676612
 21
-1.65870488495443
 31
0.0
  0
LINE
  5
7B69
330
1F
100
AcDbEntity
  8
HALFEN
100
AcDbLine
 10
1484.227686676607
 20
105.7189184275887
 30
0.0
 11
1484.227686676607
 21
140.7189184275887
 31
0.0
  0
LINE
  5
7B6A
330
1F
100
AcDbEntity
  8
HALFEN
100
AcDbLine
 10
1484.227686676607
 20
140.7189184275887
 30
0.0
 11
1489.227686676607
 21
140.7189184275887
 31
0.0
  0
LINE
  5
7B6B
330
1F
100
AcDbEntity
  8
HALFEN
100
AcDbLine
 10
1489.227686676607
 20
140.7189184275887
 30
0.0
 11
1489.227686676607
 21
105.7189184275887
 31
0.0
  0
LINE
  5
7B6C
330
1F
100
AcDbEntity
  8
HALFEN
100
AcDbLine
 10
1484.227686676607
 20
102.0189184275887
 30
0.0
 11
1484.227686676607
 21
70.01891842758846
 31
0.0
  0
LINE
  5
7B6D
330
1F
100
AcDbEntity
  8
HALFEN
100
AcDbLine
 10
1484.227686676607
 20
70.01891842758869
 30
0.0
 11
1489.227686676607
 21
70.01891842758869
 31
0.0
  0
LINE
  5
7B6E
330
1F
100
AcDbEntity
  8
HALFEN
100
AcDbLine
 10
1489.227686676607
 20
70.01891842758846
 30
0.0
 11
1489.227686676607
 21
102.0189184275887
 31
0.0
  0
LINE
  5
7B6F
330
1F
100
AcDbEntity
  8
HALFEN
100
AcDbLine
 10
1483.227686676607
 20
105.0189184275887
 30
0.0
 11
1483.227686676607
 21
105.7189184275887
 31
0.0
  0
LINE
  5
7B70
330
1F
100
AcDbEntity
  8
HALFEN
100
AcDbLine
 10
1483.227686676607
 20
105.7189184275887
 30
0.0
 11
1490.227686676607
 21
105.7189184275887
 31
0.0
  0
LINE
  5
7B71
330
1F
100
AcDbEntity
  8
HALFEN
100
AcDbLine
 10
1490.227686676607
 20
105.7189184275887
 30
0.0
 11
1490.227686676607
 21
105.0189184275887
 31
0.0
  0
LINE
  5
7B88
330
1F
100
AcDbEntity
  8
HALFEN
100
AcDbLine
 10
1522.727686676607
 20
109.5189184275887
 30
0.0
 11
1565.32768667661
 21
109.5189184275887
 31
0.0
  0
LINE
  5
7B8A
330
1F
100
AcDbEntity
  8
HALFEN
100
AcDbLine
 10
1522.727686676607
 20
97.51891842758869
 30
0.0
 11
1565.32768667661
 21
97.51891842758869
 31
0.0
  0
LINE
  5
7B8C
330
1F
100
AcDbEntity
  8
HALFEN
100
AcDbLine
 10
1522.727686676607
 20
109.5189184275887
 30
0.0
 11
1517.727686676607
 21
105.5189184275887
 31
0.0
  0
LINE
  5
7B8E
330
1F
100
AcDbEntity
  8
HALFEN
100
AcDbLine
 10
1502.727686676607
 20
105.5189184275887
 30
0.0
 11
1517.727686676607
 21
105.5189184275887
 31
0.0
  0
LINE
  5
7B8F
330
1F
100
AcDbEntity
  8
HALFEN
100
AcDbLine
 10
1502.727686676607
 20
101.5189184275887
 30
0.0
 11
1517.727686676607
 21
101.5189184275887
 31
0.0
  0
LINE
  5
7B90
330
1F
100
AcDbEntity
  8
HALFEN
100
AcDbLine
 10
1502.727686676607
 20
105.5189184275887
 30
0.0
 11
1502.727686676607
 21
101.5189184275887
 31
0.0
  0
LINE
  5
7B93
330
1F
100
AcDbEntity
  8
HALFEN
100
AcDbLine
 10
1522.727686676607
 20
97.51891842758869
 30
0.0
 11
1517.727686676607
 21
101.5189184275887
 31
0.0
  0
LINE
  5
7B94
330
1F
100
AcDbEntity
  8
HALFEN
100
AcDbLine
 10
1565.32768667661
 20
109.5189184275948
 30
0.0
 11
1565.32768667661
 21
97.51891842759485
 31
0.0
  0
LINE
  5
7B95
330
1F
100
AcDbEntity
  8
HALFEN
100
AcDbLine
 10
1566.727686676609
 20
108.5189184275948
 30
0.0
 11
1566.727686676609
 21
98.51891842759485
 31
0.0
  0
LINE
  5
7B96
330
1F
100
AcDbEntity
  8
HALFEN
100
AcDbLine
 10
1566.727686676609
 20
98.51891842759485
 30
0.0
 11
1565.32768667661
 21
97.51891842759485
 31
0.0
  0
LINE
  5
7B97
330
1F
100
AcDbEntity
  8
HALFEN
100
AcDbLine
 10
1565.32768667661
 20
109.5189184275948
 30
0.0
 11
1566.727686676609
 21
108.5189184275948
 31
0.0
  0
LINE
  5
7BBF
330
1F
100
AcDbEntity
  8
HALFEN
100
AcDbLine
 10
1514.788307547094
 20
-414.0056971697354
 30
0.0
 11
1522.78830754709
 21
-414.0056971697354
 31
0.0
  0
LINE
  5
7BC0
330
1F
100
AcDbEntity
  8
HALFEN
100
AcDbLine
 10
1514.788307547088
 20
-434.0056971697354
 30
0.0
 11
1522.788307547084
 21
-434.0056971697354
 31
0.0
  0
LINE
  5
7BC2
330
1F
100
AcDbEntity
  8
HALFEN
100
AcDbLine
 10
1534.797817708967
 20
-430.0056971697354
 30
0.0
 11
1577.388307547091
 21
-430.0056971697338
 31
0.0
  0
LINE
  5
7BC4
330
1F
100
AcDbEntity
  8
HALFEN
100
AcDbLine
 10
1534.797817708967
 20
-418.0056971697354
 30
0.0
 11
1577.388307547091
 21
-418.0056971697338
 31
0.0
  0
ARC
  5
7BC7
330
1F
100
AcDbEntity
  8
HALFEN
100
AcDbCircle
 10
1528.36131369215
 20
-424.0056971697351
 30
0.0
 40
6.426993854937293
100
AcDbArc
 50
308.9250348639495
 51
51.07496513605049
  0
ARC
  5
7BC9
330
1F
100
AcDbEntity
  8
HALFEN
100
AcDbCircle
 10
1519.327152313477
 20
-415.615255487113
 30
0.0
 40
18.71330918980028
100
AcDbArc
 50
280.6586182674493
 51
314.3111239797491
  0
ARC
  5
7BCA
330
1F
100
AcDbEntity
  8
HALFEN
100
AcDbCircle
 10
1535.496129353529
 20
-443.5588995671357
 30
0.0
 40
13.57118028683685
100
AcDbArc
 50
92.94948456232795
 51
119.9046328619561
  0
ARC
  5
7BCB
330
1F
100
AcDbEntity
  8
HALFEN
100
AcDbCircle
 10
1519.327152313483
 20
-432.3961388523422
 30
0.0
 40
18.71330918978492
100
AcDbArc
 50
45.68887602023258
 51
79.34138173255067
  0
ARC
  5
7BCC
330
1F
100
AcDbEntity
  8
HALFEN
100
AcDbCircle
 10
1535.496129353529
 20
-404.4524947723348
 30
0.0
 40
13.57118028683685
100
AcDbArc
 50
240.0953671380438
 51
267.050515437659
  0
LINE
  5
7BCD
330
1F
100
AcDbEntity
  8
HALFEN
100
AcDbLine
 10
1577.388307547091
 20
-418.0056971697338
 30
0.0
 11
1577.388307547091
 21
-430.0056971697338
 31
0.0
  0
LINE
  5
7BCE
330
1F
100
AcDbEntity
  8
HALFEN
100
AcDbLine
 10
1578.788307547091
 20
-419.0056971697336
 30
0.0
 11
1578.788307547091
 21
-429.0056971697338
 31
0.0
  0
LINE
  5
7BCF
330
1F
100
AcDbEntity
  8
HALFEN
100
AcDbLine
 10
1578.788307547091
 20
-429.0056971697338
 30
0.0
 11
1577.388307547091
 21
-430.0056971697338
 31
0.0
  0
LINE
  5
7BD0
330
1F
100
AcDbEntity
  8
HALFEN
100
AcDbLine
 10
1577.388307547091
 20
-418.0056971697338
 30
0.0
 11
1578.788307547091
 21
-419.0056971697336
 31
0.0
  0
ARC
  5
7BD1
330
1F
100
AcDbEntity
  8
HALFEN
100
AcDbCircle
 10
1514.788307547089
 20
-424.0056971697354
 30
0.0
 40
2.549999999999954
100
AcDbArc
 50
270.0000000000652
 51
89.99999999988274
  0
LINE
  5
7BDC
330
1F
100
AcDbEntity
  8
HALFEN
100
AcDbLine
 10
1501.338307547088
 20
-484.0056971697354
 30
0.0
 11
1524.788307547089
 21
-484.0056971697354
 31
0.0
  0
LINE
  5
7BDD
330
1F
100
AcDbEntity
  8
HALFEN
100
AcDbLine
 10
1496.238307547089
 20
-364.0056971697354
 30
0.0
 11
1491.788307547088
 21
-364.0056971697354
 31
0.0
  0
ARC
  5
7BDE
330
1F
100
AcDbEntity
  8
HALFEN
100
AcDbCircle
 10
1498.788307547089
 20
-364.0056971697354
 30
0.0
 40
2.549999999999998
100
AcDbArc
 50
180.0
 51
0.0
  0
CIRCLE
  5
7BDF
330
1F
100
AcDbEntity
  8
HALFEN
100
AcDbCircle
 10
1498.788307547089
 20
-374.0056971697354
 30
0.0
 40
2.549999999999998
  0
CIRCLE
  5
7BE0
330
1F
100
AcDbEntity
  8
HALFEN
100
AcDbCircle
 10
1498.788307547089
 20
-384.0056971697354
 30
0.0
 40
2.549999999999998
  0
CIRCLE
  5
7BE1
330
1F
100
AcDbEntity
  8
HALFEN
100
AcDbCircle
 10
1498.788307547089
 20
-394.0056971697354
 30
0.0
 40
2.549999999999998
  0
CIRCLE
  5
7BE2
330
1F
100
AcDbEntity
  8
HALFEN
100
AcDbCircle
 10
1498.788307547089
 20
-404.0056971697354
 30
0.0
 40
2.549999999999998
  0
CIRCLE
  5
7BE3
330
1F
100
AcDbEntity
  8
HALFEN
100
AcDbCircle
 10
1498.788307547089
 20
-414.0056971697354
 30
0.0
 40
2.549999999999998
  0
CIRCLE
  5
7BE4
330
1F
100
AcDbEntity
  8
HALFEN
100
AcDbCircle
 10
1498.788307547089
 20
-424.0056971697354
 30
0.0
 40
2.549999999999998
  0
CIRCLE
  5
7BE5
330
1F
100
AcDbEntity
  8
HALFEN
100
AcDbCircle
 10
1498.788307547089
 20
-434.0056971697354
 30
0.0
 40
2.549999999999998
  0
CIRCLE
  5
7BE6
330
1F
100
AcDbEntity
  8
HALFEN
100
AcDbCircle
 10
1498.788307547089
 20
-444.0056971697353
 30
0.0
 40
2.549999999999998
  0
CIRCLE
  5
7BE7
330
1F
100
AcDbEntity
  8
HALFEN
100
AcDbCircle
 10
1498.788307547089
 20
-454.0056971697354
 30
0.0
 40
2.549999999999998
  0
CIRCLE
  5
7BE8
330
1F
100
AcDbEntity
  8
HALFEN
100
AcDbCircle
 10
1498.788307547089
 20
-464.0056971697354
 30
0.0
 40
2.549999999999998
  0
CIRCLE
  5
7BE9
330
1F
100
AcDbEntity
  8
HALFEN
100
AcDbCircle
 10
1498.788307547089
 20
-474.0056971697354
 30
0.0
 40
2.549999999999998
  0
ARC
  5
7BEA
330
1F
100
AcDbEntity
  8
HALFEN
100
AcDbCircle
 10
1498.788307547089
 20
-484.0056971697354
 30
0.0
 40
2.549999999999998
100
AcDbArc
 50
0.0
 51
180.0
  0
LINE
  5
7BEB
330
1F
100
AcDbEntity
  8
HALFEN
100
AcDbLine
 10
1524.788307547089
 20
-364.0056971697354
 30
0.0
 11
1501.338307547088
 21
-364.0056971697354
 31
0.0
  0
LINE
  5
7BEC
330
1F
100
AcDbEntity
  8
HALFEN
100
AcDbLine
 10
1491.788307547088
 20
-484.0056971697354
 30
0.0
 11
1496.238307547089
 21
-484.0056971697354
 31
0.0
  0
LINE
  5
7BED
330
1F
100
AcDbEntity
  8
HALFEN
100
AcDbLine
 10
1491.788307547088
 20
-364.0056971697354
 30
0.0
 11
1491.788307547088
 21
-484.0056971697354
 31
0.0
  0
LINE
  5
7BEE
330
1F
100
AcDbEntity
  8
HALFEN
100
AcDbLine
 10
1524.788307547089
 20
-412.0056971697354
 30
0.0
 11
1524.788307547089
 21
-364.0056971697354
 31
0.0
  0
LINE
  5
7BEF
330
1F
100
AcDbEntity
  8
HALFEN
100
AcDbLine
 10
1514.788307547089
 20
-412.0056971697354
 30
0.0
 11
1514.788307547089
 21
-436.0056971697353
 31
0.0
  0
LINE
  5
7BF0
330
1F
100
AcDbEntity
  8
HALFEN
100
AcDbLine
 10
1514.788307547089
 20
-412.0056971697354
 30
0.0
 11
1524.788307547089
 21
-412.0056971697354
 31
0.0
  0
LINE
  5
7BF1
330
1F
100
AcDbEntity
  8
HALFEN
100
AcDbLine
 10
1514.788307547089
 20
-436.0056971697353
 30
0.0
 11
1524.788307547089
 21
-436.0056971697353
 31
0.0
  0
LINE
  5
7BF2
330
1F
100
AcDbEntity
  8
HALFEN
100
AcDbLine
 10
1524.788307547089
 20
-484.0056971697354
 30
0.0
 11
1524.788307547089
 21
-436.0056971697353
 31
0.0
  0
LINE
  5
7BF7
330
1F
100
AcDbEntity
  8
HALFEN
100
AcDbLine
 10
1514.788307547088
 20
-434.0056971697354
 30
0.0
 11
1514.788307547094
 21
-414.0056971697354
 31
0.0
  0
LINE
  5
7C02
330
1F
100
AcDbEntity
  8
HALFEN
100
AcDbLine
 10
1534.788307547089
 20
-328.6767455719639
 30
0.0
 11
1577.388307547091
 21
-328.6767455719639
 31
0.0
  0
LINE
  5
7C04
330
1F
100
AcDbEntity
  8
HALFEN
100
AcDbLine
 10
1534.788307547089
 20
-340.6767455719639
 30
0.0
 11
1577.388307547091
 21
-340.6767455719639
 31
0.0
  0
LINE
  5
7C06
330
1F
100
AcDbEntity
  8
HALFEN
100
AcDbLine
 10
1534.788307547089
 20
-328.6767455719639
 30
0.0
 11
1529.788307547089
 21
-332.6767455719639
 31
0.0
  0
LINE
  5
7C08
330
1F
100
AcDbEntity
  8
HALFEN
100
AcDbLine
 10
1514.788307547089
 20
-332.6767455719639
 30
0.0
 11
1529.788307547089
 21
-332.6767455719639
 31
0.0
  0
LINE
  5
7C09
330
1F
100
AcDbEntity
  8
HALFEN
100
AcDbLine
 10
1514.788307547089
 20
-336.6767455719639
 30
0.0
 11
1529.788307547089
 21
-336.6767455719639
 31
0.0
  0
LINE
  5
7C0A
330
1F
100
AcDbEntity
  8
HALFEN
100
AcDbLine
 10
1514.788307547089
 20
-332.6767455719639
 30
0.0
 11
1514.788307547089
 21
-336.6767455719639
 31
0.0
  0
LINE
  5
7C0B
330
1F
100
AcDbEntity
  8
HALFEN
100
AcDbLine
 10
1534.788307547089
 20
-340.6767455719639
 30
0.0
 11
1529.788307547089
 21
-336.6767455719639
 31
0.0
  0
LINE
  5
7C0C
330
1F
100
AcDbEntity
  8
HALFEN
100
AcDbLine
 10
1577.388307547091
 20
-328.6767455719578
 30
0.0
 11
1577.388307547091
 21
-340.6767455719578
 31
0.0
  0
LINE
  5
7C0D
330
1F
100
AcDbEntity
  8
HALFEN
100
AcDbLine
 10
1578.788307547091
 20
-329.6767455719578
 30
0.0
 11
1578.788307547091
 21
-339.6767455719579
 31
0.0
  0
LINE
  5
7C0E
330
1F
100
AcDbEntity
  8
HALFEN
100
AcDbLine
 10
1578.788307547091
 20
-339.6767455719579
 30
0.0
 11
1577.388307547091
 21
-340.6767455719578
 31
0.0
  0
LINE
  5
7C0F
330
1F
100
AcDbEntity
  8
HALFEN
100
AcDbLine
 10
1577.388307547091
 20
-328.6767455719578
 30
0.0
 11
1578.788307547091
 21
-329.6767455719578
 31
0.0
  0
LINE
  5
7C11
330
1F
100
AcDbEntity
  8
HALFEN
100
AcDbLine
 10
1501.288307547089
 20
-333.1767455719639
 30
0.0
 11
1501.288307547089
 21
-300.6767455719639
 31
0.0
  0
LINE
  5
7C12
330
1F
100
AcDbEntity
  8
HALFEN
100
AcDbLine
 10
1496.288307547089
 20
-300.6767455719639
 30
0.0
 11
1496.288307547089
 21
-333.1767455719639
 31
0.0
  0
LINE
  5
7C13
330
1F
100
AcDbEntity
  8
HALFEN
100
AcDbLine
 10
1495.288307547089
 20
-336.1767455719639
 30
0.0
 11
1495.288307547089
 21
-337.6767455719638
 31
0.0
  0
LINE
  5
7C14
330
1F
100
AcDbEntity
  8
HALFEN
100
AcDbLine
 10
1502.288307547089
 20
-337.6767455719638
 30
0.0
 11
1502.288307547089
 21
-336.1767455719639
 31
0.0
  0
LINE
  5
7C15
330
1F
100
AcDbEntity
  8
HALFEN
100
AcDbLine
 10
1502.288307547089
 20
-337.6767455719638
 30
0.0
 11
1495.288307547089
 21
-337.6767455719638
 31
0.0
  0
LINE
  5
7C16
330
1F
100
AcDbEntity
  8
HALFEN
100
AcDbLine
 10
1501.288307547089
 20
-300.6767455719639
 30
0.0
 11
1496.288307547089
 21
-300.6767455719639
 31
0.0
  0
LINE
  5
7C1A
330
1F
100
AcDbEntity
  8
HALFEN
100
AcDbLine
 10
1495.288307547089
 20
-336.1767455719639
 30
0.0
 11
1502.288307547089
 21
-336.1767455719639
 31
0.0
  0
LINE
  5
7C53
330
1F
100
AcDbEntity
  8
HALFEN
100
AcDbLine
 10
1502.727686676607
 20
105.0189184275887
 30
0.0
 11
1479.727686676607
 21
105.0189184275887
 31
0.0
  0
LINE
  5
7C54
330
1F
100
AcDbEntity
  8
HALFEN
100
AcDbLine
 10
1479.727686676607
 20
105.0189184275887
 30
0.0
 11
1479.727686676607
 21
102.0189184275887
 31
0.0
  0
LINE
  5
7C55
330
1F
100
AcDbEntity
  8
HALFEN
100
AcDbLine
 10
1479.727686676607
 20
102.0189184275887
 30
0.0
 11
1502.727686676607
 21
102.0189184275887
 31
0.0
  0
LINE
  5
7C56
330
1F
100
AcDbEntity
  8
HALFEN
100
AcDbLine
 10
1514.788307547089
 20
-333.1767455719639
 30
0.0
 11
1491.788307547088
 21
-333.1767455719639
 31
0.0
  0
LINE
  5
7C57
330
1F
100
AcDbEntity
  8
HALFEN
100
AcDbLine
 10
1491.788307547088
 20
-333.1767455719639
 30
0.0
 11
1491.788307547088
 21
-336.1767455719639
 31
0.0
  0
LINE
  5
7C58
330
1F
100
AcDbEntity
  8
HALFEN
100
AcDbLine
 10
1491.788307547088
 20
-336.1767455719639
 30
0.0
 11
1514.788307547089
 21
-336.1767455719639
 31
0.0
  0
LINE
  5
7C62
330
1F
100
AcDbEntity
  8
HALFEN
100
AcDbLine
 10
1607.100661119039
 20
177.3789065617252
 30
0.0
 11
1607.100661119039
 21
205.3789065617257
 31
0.0
  0
LINE
  5
7C65
330
1F
100
AcDbEntity
  8
HALFEN
100
AcDbLine
 10
1261.600233427389
 20
215.3789065617252
 30
0.0
 11
1607.100661119039
 21
215.3789065617252
 31
0.0
  0
LINE
  5
7C66
330
1F
100
AcDbEntity
  8
HALFEN
100
AcDbLine
 10
1261.600233427389
 20
225.3789065617252
 30
0.0
 11
1607.100661119039
 21
225.3789065617253
 31
0.0
  0
LINE
  5
7C67
330
1F
100
AcDbEntity
  8
HALFEN
100
AcDbLine
 10
1261.600233427389
 20
243.3789065617257
 30
0.0
 11
1607.100661119039
 21
243.3789065617258
 31
0.0
  0
TEXT
  5
7C68
330
1F
100
AcDbEntity
  8
HALFEN
100
AcDbText
 10
1311.564919760004
 20
235.8789065617252
 30
0.0
 40
5.0
  1
Halfen Body - Anker BA 608/610/612 - (Ausleger Typ3-M12x87 + 2x Dorn + 2x Gleithülse) - A2
  7
ARIAL50
100
AcDbText
  0
TEXT
  5
7C69
330
1F
100
AcDbEntity
  8
HALFEN
100
AcDbText
 10
1266.600233427389
 20
235.8789065617252
 30
0.0
 40
5.0
  1
Benennung
  7
ARIAL50
100
AcDbText
  0
TEXT
  5
7C6A
330
1F
100
AcDbEntity
  8
HALFEN
100
AcDbText
 10
1266.600233427389
 20
217.8789065617252
 30
0.0
 40
5.0
  1
Bestell-Nr.
  7
ARIAL50
100
AcDbText
  0
LINE
  5
7C6B
330
1F
100
AcDbEntity
  8
HALFEN
100
AcDbLine
 10
1261.600233427389
 20
215.3789065617252
 30
0.0
 11
1261.600233427389
 21
243.3789065617257
 31
0.0
  0
LINE
  5
7C6C
330
1F
100
AcDbEntity
  8
HALFEN
100
AcDbLine
 10
1306.564919760004
 20
215.3789065617252
 30
0.0
 11
1306.564919760004
 21
243.3789065617257
 31
0.0
  0
LINE
  5
7C6D
330
1F
100
AcDbEntity
  8
HALFEN
100
AcDbLine
 10
1607.100661119039
 20
215.3789065617252
 30
0.0
 11
1607.100661119039
 21
243.3789065617257
 31
0.0
  0
LINE
  5
7C7A
330
1F
100
AcDbEntity
  8
HALFEN
100
AcDbLine
 10
1261.600233427389
 20
-211.0856181479233
 30
0.0
 11
1638.346274842403
 21
-211.0856181479233
 31
0.0
  0
LINE
  5
7C7B
330
1F
100
AcDbEntity
  8
HALFEN
100
AcDbLine
 10
1261.600233427389
 20
-201.0856181479232
 30
0.0
 11
1638.346274842403
 21
-201.085618147923
 31
0.0
  0
LINE
  5
7C7C
330
1F
100
AcDbEntity
  8
HALFEN
100
AcDbLine
 10
1261.600233427389
 20
-183.0856181479228
 30
0.0
 11
1638.346274842403
 21
-183.0856181479225
 31
0.0
  0
TEXT
  5
7C7D
330
1F
100
AcDbEntity
  8
HALFEN
100
AcDbText
 10
1311.564919760004
 20
-190.5856181479232
 30
0.0
 40
5.0
  1
Halfen Body - Anker BA 608/610/612 - (Ausleger Typ4-M12x87 + 2x Dorn verpresst + 2x Gleithülse) - A2
  7
ARIAL50
100
AcDbText
  0
TEXT
  5
7C7E
330
1F
100
AcDbEntity
  8
HALFEN
100
AcDbText
 10
1266.600233427389
 20
-190.5856181479232
 30
0.0
 40
5.0
  1
Benennung
  7
ARIAL50
100
AcDbText
  0
TEXT
  5
7C7F
330
1F
100
AcDbEntity
  8
HALFEN
100
AcDbText
 10
1266.600233427389
 20
-208.5856181479232
 30
0.0
 40
5.0
  1
Bestell-Nr.
  7
ARIAL50
100
AcDbText
  0
LINE
  5
7C80
330
1F
100
AcDbEntity
  8
HALFEN
100
AcDbLine
 10
1261.600233427389
 20
-211.0856181479233
 30
0.0
 11
1261.600233427389
 21
-183.0856181479228
 31
0.0
  0
LINE
  5
7C81
330
1F
100
AcDbEntity
  8
HALFEN
100
AcDbLine
 10
1306.564919760004
 20
-211.0856181479233
 30
0.0
 11
1306.564919760004
 21
-183.0856181479228
 31
0.0
  0
LINE
  5
7C82
330
1F
100
AcDbEntity
  8
HALFEN
100
AcDbLine
 10
1638.346274842403
 20
-211.0856181479233
 30
0.0
 11
1638.346274842403
 21
-183.0856181479228
 31
0.0
  0
LINE
  5
7C85
330
1F
100
AcDbEntity
  8
HALFEN
100
AcDbLine
 10
1261.600233427389
 20
-241.0856181479232
 30
0.0
 11
1638.346274842403
 21
-241.0856181479232
 31
0.0
  0
LINE
  5
7C86
330
1F
100
AcDbEntity
  8
HALFEN
100
AcDbLine
 10
1261.600233427389
 20
-231.0856181479232
 30
0.0
 11
1638.346274842403
 21
-231.085618147923
 31
0.0
  0
LINE
  5
7C87
330
1F
100
AcDbEntity
  8
HALFEN
100
AcDbLine
 10
1261.600233427389
 20
-221.0856181479228
 30
0.0
 11
1638.346274842403
 21
-221.0856181479226
 31
0.0
  0
TEXT
  5
7C88
330
1F
100
AcDbEntity
  8
HALFEN
100
AcDbText
 10
1311.564919760004
 20
-228.5856181479232
 30
0.0
 40
5.0
  1
Halfen Body - Anker BA 608/610/612 - (Ausleger Typ4-M12x87 + 2x Dorn verpresst + 2x Gleithülse) - A4
  7
ARIAL50
100
AcDbText
  0
TEXT
  5
7C89
330
1F
100
AcDbEntity
  8
HALFEN
100
AcDbText
 10
1266.600233427389
 20
-228.5856181479232
 30
0.0
 40
5.0
  1
Benennung
  7
ARIAL50
100
AcDbText
  0
TEXT
  5
7C8A
330
1F
100
AcDbEntity
  8
HALFEN
100
AcDbText
 10
1266.600233427389
 20
-238.5856181479232
 30
0.0
 40
5.0
  1
Bestell-Nr.
  7
ARIAL50
100
AcDbText
  0
LINE
  5
7C8B
330
1F
100
AcDbEntity
  8
HALFEN
100
AcDbLine
 10
1261.600233427389
 20
-241.0856181479232
 30
0.0
 11
1261.600233427389
 21
-221.0856181479228
 31
0.0
  0
LINE
  5
7C8C
330
1F
100
AcDbEntity
  8
HALFEN
100
AcDbLine
 10
1306.564919760004
 20
-241.0856181479232
 30
0.0
 11
1306.564919760004
 21
-221.0856181479228
 31
0.0
  0
LINE
  5
7C8D
330
1F
100
AcDbEntity
  8
HALFEN
100
AcDbLine
 10
1638.346274842403
 20
-241.0856181479232
 30
0.0
 11
1638.346274842403
 21
-221.0856181479228
 31
0.0
  0
LINE
  5
8376
330
1F
100
AcDbEntity
  8
HALFEN
100
AcDbLine
 10
1317.427173824098
 20
743.5166428357741
 30
0.0
 11
1337.427173824098
 21
743.5166428357741
 31
0.0
  0
LINE
  5
8377
330
1F
100
AcDbEntity
  8
HALFEN
100
AcDbLine
 10
1324.927173824098
 20
710.516642835774
 30
0.0
 11
1324.927173824098
 21
743.516642835774
 31
0.0
  0
LINE
  5
8378
330
1F
100
AcDbEntity
  8
HALFEN
100
AcDbLine
 10
1324.927173824098
 20
747.5166428357741
 30
0.0
 11
1324.927173824098
 21
780.5166428357741
 31
0.0
  0
LINE
  5
8379
330
1F
100
AcDbEntity
  8
HALFEN
100
AcDbLine
 10
1329.927173824098
 20
710.516642835774
 30
0.0
 11
1329.927173824098
 21
743.516642835774
 31
0.0
  0
LINE
  5
837A
330
1F
100
AcDbEntity
  8
HALFEN
100
AcDbLine
 10
1329.927173824098
 20
747.5166428357741
 30
0.0
 11
1329.927173824098
 21
780.5166428357741
 31
0.0
  0
LINE
  5
837B
330
1F
100
AcDbEntity
  8
HALFEN
100
AcDbLine
 10
1329.927173824098
 20
710.516642835774
 30
0.0
 11
1324.927173824098
 21
710.516642835774
 31
0.0
  0
LINE
  5
837C
330
1F
100
AcDbEntity
  8
HALFEN
100
AcDbLine
 10
1329.927173824098
 20
780.5166428357741
 30
0.0
 11
1324.927173824098
 21
780.5166428357741
 31
0.0
  0
ARC
  5
837D
330
1F
100
AcDbEntity
  8
HALFEN
100
AcDbCircle
 10
1327.427173824098
 20
745.5166428357742
 30
0.0
 40
6.0
100
AcDbArc
 50
114.6243183521687
 51
114.7299609562777
  0
LINE
  5
837E
330
1F
100
AcDbEntity
  8
HALFEN
100
AcDbLine
 10
1317.427173824098
 20
747.5166428357741
 30
0.0
 11
1337.427173824098
 21
747.5166428357741
 31
0.0
  0
LINE
  5
837F
330
1F
100
AcDbEntity
  8
HALFEN
100
AcDbLine
 10
1317.427173824098
 20
747.5166428357741
 30
0.0
 11
1317.427173824098
 21
743.5166428357741
 31
0.0
  0
LINE
  5
8380
330
1F
100
AcDbEntity
  8
HALFEN
100
AcDbLine
 10
1337.427173824098
 20
747.5166428357741
 30
0.0
 11
1337.427173824098
 21
743.5166428357741
 31
0.0
  0
LINE
  5
8381
330
1F
100
AcDbEntity
  8
HALFEN
100
AcDbLine
 10
1317.427173824098
 20
747.5166428357741
 30
0.0
 11
1324.917121276164
 21
750.9663800961022
 31
0.0
  0
LINE
  5
8382
330
1F
100
AcDbEntity
  8
HALFEN
100
AcDbLine
 10
1337.427173824098
 20
747.5166428357741
 30
0.0
 11
1329.937226372033
 21
750.9663800961022
 31
0.0
  0
LINE
  5
8383
330
1F
100
AcDbEntity
  8
HALFEN
100
AcDbLine
 10
1317.427173824098
 20
743.5166428357741
 30
0.0
 11
1324.917121276164
 21
740.0669055754462
 31
0.0
  0
LINE
  5
8384
330
1F
100
AcDbEntity
  8
HALFEN
100
AcDbLine
 10
1337.427173824098
 20
743.5166428357741
 30
0.0
 11
1329.937226372033
 21
740.0669055754462
 31
0.0
  0
LINE
  5
8395
330
1F
100
AcDbEntity
  8
HALFEN
100
AcDbLine
 10
1305.037604860586
 20
457.880894259063
 30
0.0
 11
1325.037604860586
 21
457.880894259063
 31
0.0
  0
LINE
  5
8397
330
1F
100
AcDbEntity
  8
HALFEN
100
AcDbLine
 10
1312.537604860586
 20
461.880894259063
 30
0.0
 11
1312.537604860586
 21
492.8808942590626
 31
0.0
  0
LINE
  5
8399
330
1F
100
AcDbEntity
  8
HALFEN
100
AcDbLine
 10
1317.537604860586
 20
461.880894259063
 30
0.0
 11
1317.537604860586
 21
492.8808942590626
 31
0.0
  0
ARC
  5
839C
330
1F
100
AcDbEntity
  8
HALFEN
100
AcDbCircle
 10
1315.037604860586
 20
459.8808942590631
 30
0.0
 40
6.0
100
AcDbArc
 50
114.6243183521687
 51
114.7299609562777
  0
LINE
  5
839D
330
1F
100
AcDbEntity
  8
HALFEN
100
AcDbLine
 10
1305.037604860586
 20
461.880894259063
 30
0.0
 11
1325.037604860586
 21
461.880894259063
 31
0.0
  0
LINE
  5
839E
330
1F
100
AcDbEntity
  8
HALFEN
100
AcDbLine
 10
1305.037604860586
 20
461.880894259063
 30
0.0
 11
1305.037604860586
 21
457.880894259063
 31
0.0
  0
LINE
  5
839F
330
1F
100
AcDbEntity
  8
HALFEN
100
AcDbLine
 10
1325.037604860586
 20
461.880894259063
 30
0.0
 11
1325.037604860586
 21
457.880894259063
 31
0.0
  0
LINE
  5
83A0
330
1F
100
AcDbEntity
  8
HALFEN
100
AcDbLine
 10
1305.037604860586
 20
461.880894259063
 30
0.0
 11
1312.527552312652
 21
465.330631519391
 31
0.0
  0
LINE
  5
83A1
330
1F
100
AcDbEntity
  8
HALFEN
100
AcDbLine
 10
1325.037604860586
 20
461.880894259063
 30
0.0
 11
1317.54765740852
 21
465.330631519391
 31
0.0
  0
LINE
  5
83A2
330
1F
100
AcDbEntity
  8
HALFEN
100
AcDbLine
 10
1305.037604860586
 20
457.880894259063
 30
0.0
 11
1312.527552312652
 21
454.4311569987351
 31
0.0
  0
LINE
  5
83A3
330
1F
100
AcDbEntity
  8
HALFEN
100
AcDbLine
 10
1325.037604860586
 20
457.880894259063
 30
0.0
 11
1317.54765740852
 21
454.4311569987351
 31
0.0
  0
LINE
  5
83A4
330
1F
100
AcDbEntity
  8
HALFEN
100
AcDbLine
 10
1311.537604860586
 20
457.880894259063
 30
0.0
 11
1311.537604860586
 21
456.3808942590631
 31
0.0
  0
LINE
  5
83A5
330
1F
100
AcDbEntity
  8
HALFEN
100
AcDbLine
 10
1318.537604860586
 20
456.3808942590631
 30
0.0
 11
1318.537604860586
 21
457.880894259063
 31
0.0
  0
LINE
  5
83A6
330
1F
100
AcDbEntity
  8
HALFEN
100
AcDbLine
 10
1318.537604860586
 20
456.3808942590631
 30
0.0
 11
1311.537604860586
 21
456.3808942590631
 31
0.0
  0
ARC
  5
83A9
330
1F
100
AcDbEntity
  8
HALFEN
100
AcDbCircle
 10
1315.037604860586
 20
459.8808942590631
 30
0.0
 40
6.0
100
AcDbArc
 50
245.2700390437222
 51
294.7299609562778
  0
LINE
  5
8418
330
1F
100
AcDbEntity
  8
HALFEN
100
AcDbLine
 10
1317.537604860586
 20
492.8808942590626
 30
0.0
 11
1312.537604860586
 21
492.8808942590626
 31
0.0
  0
LINE
  5
85FD
330
1F
100
AcDbEntity
  8
HALFEN
100
AcDbLine
 10
1302.381923863669
 20
105.0189184275885
 30
0.0
 11
1422.381923863669
 21
105.0189184275887
 31
0.0
  0
LINE
  5
85FE
330
1F
100
AcDbEntity
  8
HALFEN
100
AcDbLine
 10
1302.381923863669
 20
102.0189184275887
 30
0.0
 11
1422.381923863669
 21
102.0189184275887
 31
0.0
  0
LINE
  5
85FF
330
1F
100
AcDbEntity
  8
HALFEN
100
AcDbLine
 10
1302.381923863669
 20
102.0189184275887
 30
0.0
 11
1302.381923863669
 21
105.0189184275887
 31
0.0
  0
LINE
  5
8600
330
1F
100
AcDbEntity
  8
HALFEN
100
AcDbLine
 10
1422.381923863669
 20
102.0189184275887
 30
0.0
 11
1422.381923863669
 21
105.0189184275887
 31
0.0
  0
ARC
  5
8601
330
1F
100
AcDbEntity
  8
HALFEN
100
AcDbCircle
 10
1362.381923863669
 20
103.5189184275887
 30
0.0
 40
6.0
100
AcDbArc
 50
225.1530144386412
 51
314.8469855613588
  0
ARC
  5
8602
330
1F
100
AcDbEntity
  8
HALFEN
100
AcDbCircle
 10
1362.381923863669
 20
103.5189184275887
 30
0.0
 40
6.0
100
AcDbArc
 50
45.15301443864117
 51
134.8469855613588
  0
LINE
  5
8603
330
1F
100
AcDbEntity
  8
HALFEN
100
AcDbLine
 10
1355.381923863669
 20
105.0189184275887
 30
0.0
 11
1358.150628713261
 21
107.7728743923503
 31
0.0
  0
LINE
  5
8604
330
1F
100
AcDbEntity
  8
HALFEN
100
AcDbLine
 10
1355.381923863669
 20
102.0189184275887
 30
0.0
 11
1358.150628713261
 21
99.26496246282706
 31
0.0
  0
LINE
  5
8605
330
1F
100
AcDbEntity
  8
HALFEN
100
AcDbLine
 10
1369.381923863669
 20
105.0189184275887
 30
0.0
 11
1366.613219014078
 21
107.7728743923503
 31
0.0
  0
LINE
  5
8606
330
1F
100
AcDbEntity
  8
HALFEN
100
AcDbLine
 10
1369.381923863669
 20
102.0189184275887
 30
0.0
 11
1366.613219014078
 21
99.26496246282706
 31
0.0
  0
LINE
  5
8607
330
1F
100
AcDbEntity
  8
HALFEN
100
AcDbLine
 10
1409.881923863669
 20
105.7189184275889
 30
0.0
 11
1409.881923863669
 21
140.7189184275889
 31
0.0
  0
LINE
  5
8608
330
1F
100
AcDbEntity
  8
HALFEN
100
AcDbLine
 10
1409.881923863669
 20
140.7189184275889
 30
0.0
 11
1414.881923863669
 21
140.7189184275889
 31
0.0
  0
LINE
  5
8609
330
1F
100
AcDbEntity
  8
HALFEN
100
AcDbLine
 10
1414.881923863669
 20
140.7189184275889
 30
0.0
 11
1414.881923863669
 21
105.7189184275889
 31
0.0
  0
LINE
  5
860A
330
1F
100
AcDbEntity
  8
HALFEN
100
AcDbLine
 10
1409.881923863669
 20
102.0189184275887
 30
0.0
 11
1409.881923863669
 21
70.01891842758822
 31
0.0
  0
LINE
  5
860B
330
1F
100
AcDbEntity
  8
HALFEN
100
AcDbLine
 10
1409.881923863669
 20
70.01891842758869
 30
0.0
 11
1414.881923863669
 21
70.01891842758869
 31
0.0
  0
LINE
  5
860C
330
1F
100
AcDbEntity
  8
HALFEN
100
AcDbLine
 10
1414.881923863669
 20
70.01891842758822
 30
0.0
 11
1414.881923863669
 21
102.0189184275887
 31
0.0
  0
LINE
  5
860D
330
1F
100
AcDbEntity
  8
HALFEN
100
AcDbLine
 10
1408.881923863669
 20
105.0189184275887
 30
0.0
 11
1408.881923863669
 21
105.7189184275889
 31
0.0
  0
LINE
  5
860E
330
1F
100
AcDbEntity
  8
HALFEN
100
AcDbLine
 10
1408.881923863669
 20
105.7189184275889
 30
0.0
 11
1415.881923863669
 21
105.7189184275889
 31
0.0
  0
LINE
  5
860F
330
1F
100
AcDbEntity
  8
HALFEN
100
AcDbLine
 10
1415.881923863669
 20
105.7189184275889
 30
0.0
 11
1415.881923863669
 21
105.0189184275887
 31
0.0
  0
LINE
  5
8610
330
1F
100
AcDbEntity
  8
HALFEN
100
AcDbLine
 10
1309.881923863669
 20
105.7189184275889
 30
0.0
 11
1309.881923863669
 21
140.7189184275889
 31
0.0
  0
LINE
  5
8611
330
1F
100
AcDbEntity
  8
HALFEN
100
AcDbLine
 10
1309.881923863669
 20
140.7189184275889
 30
0.0
 11
1314.881923863669
 21
140.7189184275889
 31
0.0
  0
LINE
  5
8612
330
1F
100
AcDbEntity
  8
HALFEN
100
AcDbLine
 10
1314.881923863669
 20
140.7189184275889
 30
0.0
 11
1314.881923863669
 21
105.7189184275889
 31
0.0
  0
LINE
  5
8613
330
1F
100
AcDbEntity
  8
HALFEN
100
AcDbLine
 10
1309.881923863669
 20
102.0189184275887
 30
0.0
 11
1309.881923863669
 21
70.01891842758822
 31
0.0
  0
LINE
  5
8614
330
1F
100
AcDbEntity
  8
HALFEN
100
AcDbLine
 10
1309.881923863669
 20
70.01891842758869
 30
0.0
 11
1314.881923863669
 21
70.01891842758869
 31
0.0
  0
LINE
  5
8615
330
1F
100
AcDbEntity
  8
HALFEN
100
AcDbLine
 10
1314.881923863669
 20
70.01891842758822
 30
0.0
 11
1314.881923863669
 21
102.0189184275887
 31
0.0
  0
LINE
  5
8616
330
1F
100
AcDbEntity
  8
HALFEN
100
AcDbLine
 10
1308.881923863669
 20
105.0189184275887
 30
0.0
 11
1308.881923863669
 21
105.7189184275889
 31
0.0
  0
LINE
  5
8617
330
1F
100
AcDbEntity
  8
HALFEN
100
AcDbLine
 10
1308.881923863669
 20
105.7189184275889
 30
0.0
 11
1315.881923863669
 21
105.7189184275889
 31
0.0
  0
LINE
  5
8618
330
1F
100
AcDbEntity
  8
HALFEN
100
AcDbLine
 10
1315.881923863669
 20
105.7189184275889
 30
0.0
 11
1315.881923863669
 21
105.0189184275887
 31
0.0
  0
LINE
  5
8619
330
1F
100
AcDbEntity
  8
HALFEN
100
AcDbLine
 10
1323.181591805976
 20
-333.1767455719642
 30
0.0
 11
1443.181591805976
 21
-333.1767455719639
 31
0.0
  0
LINE
  5
861A
330
1F
100
AcDbEntity
  8
HALFEN
100
AcDbLine
 10
1323.181591805976
 20
-336.1767455719639
 30
0.0
 11
1443.181591805976
 21
-336.1767455719639
 31
0.0
  0
LINE
  5
861B
330
1F
100
AcDbEntity
  8
HALFEN
100
AcDbLine
 10
1323.181591805976
 20
-336.1767455719639
 30
0.0
 11
1323.181591805976
 21
-333.1767455719639
 31
0.0
  0
LINE
  5
861C
330
1F
100
AcDbEntity
  8
HALFEN
100
AcDbLine
 10
1443.181591805976
 20
-336.1767455719639
 30
0.0
 11
1443.181591805976
 21
-333.1767455719639
 31
0.0
  0
ARC
  5
861D
330
1F
100
AcDbEntity
  8
HALFEN
100
AcDbCircle
 10
1383.181591805976
 20
-334.6767455719639
 30
0.0
 40
6.0
100
AcDbArc
 50
225.1530144386407
 51
314.8469855613592
  0
ARC
  5
861E
330
1F
100
AcDbEntity
  8
HALFEN
100
AcDbCircle
 10
1383.181591805976
 20
-334.6767455719639
 30
0.0
 40
6.0
100
AcDbArc
 50
45.15301443864074
 51
134.8469855613586
  0
LINE
  5
861F
330
1F
100
AcDbEntity
  8
HALFEN
100
AcDbLine
 10
1376.181591805976
 20
-333.1767455719639
 30
0.0
 11
1378.950296655568
 21
-330.4227896072023
 31
0.0
  0
LINE
  5
8620
330
1F
100
AcDbEntity
  8
HALFEN
100
AcDbLine
 10
1376.181591805976
 20
-336.1767455719639
 30
0.0
 11
1378.950296655568
 21
-338.9307015367255
 31
0.0
  0
LINE
  5
8621
330
1F
100
AcDbEntity
  8
HALFEN
100
AcDbLine
 10
1390.181591805976
 20
-333.1767455719639
 30
0.0
 11
1387.412886956384
 21
-330.4227896072023
 31
0.0
  0
LINE
  5
8622
330
1F
100
AcDbEntity
  8
HALFEN
100
AcDbLine
 10
1390.181591805976
 20
-336.1767455719639
 30
0.0
 11
1387.412886956384
 21
-338.9307015367255
 31
0.0
  0
LINE
  5
8623
330
1F
100
AcDbEntity
  8
HALFEN
100
AcDbLine
 10
1430.681591805976
 20
-333.1767455719639
 30
0.0
 11
1430.681591805976
 21
-297.4767455719637
 31
0.0
  0
LINE
  5
8624
330
1F
100
AcDbEntity
  8
HALFEN
100
AcDbLine
 10
1430.681591805976
 20
-297.4767455719637
 30
0.0
 11
1435.681591805976
 21
-297.4767455719637
 31
0.0
  0
LINE
  5
8625
330
1F
100
AcDbEntity
  8
HALFEN
100
AcDbLine
 10
1435.681591805976
 20
-297.4767455719637
 30
0.0
 11
1435.681591805976
 21
-333.1767455719639
 31
0.0
  0
LINE
  5
862C
330
1F
100
AcDbEntity
  8
HALFEN
100
AcDbLine
 10
1330.681591805976
 20
-333.1767455719642
 30
0.0
 11
1330.681591805976
 21
-297.4767455719637
 31
0.0
  0
LINE
  5
862D
330
1F
100
AcDbEntity
  8
HALFEN
100
AcDbLine
 10
1330.681591805976
 20
-297.4767455719637
 30
0.0
 11
1335.681591805976
 21
-297.4767455719637
 31
0.0
  0
LINE
  5
862E
330
1F
100
AcDbEntity
  8
HALFEN
100
AcDbLine
 10
1335.681591805976
 20
-297.4767455719637
 30
0.0
 11
1335.681591805976
 21
-333.1767455719641
 31
0.0
  0
LINE
  5
86DB
330
1F
100
AcDbEntity
  8
HALFEN
  6
STRICHPUNKT2
 62
     1
 48
0.5
100
AcDbLine
 10
543.2855282967568
 20
747.8019683466839
 30
0.0
 11
557.7855282967568
 21
747.8019683466839
 31
0.0
  0
LINE
  5
86DC
330
1F
100
AcDbEntity
  8
HALFEN
  6
STRICHPUNKT2
 62
     1
 48
0.5
100
AcDbLine
 10
542.2775352741076
 20
625.12717474306
 30
0.0
 11
556.7775352741075
 21
625.12717474306
 31
0.0
  0
LINE
  5
86DD
330
1F
100
AcDbEntity
  8
HALFEN
  6
STRICHPUNKT2
 62
     1
 48
0.5
100
AcDbLine
 10
790.8312398582711
 20
625.12717474306
 30
0.0
 11
805.3312398582711
 21
625.12717474306
 31
0.0
  0
LINE
  5
86DE
330
1F
100
AcDbEntity
  8
HALFEN
  6
STRICHPUNKT2
 62
     1
 48
0.5
100
AcDbLine
 10
791.8392328809207
 20
747.8019683466811
 30
0.0
 11
806.3392328809207
 21
747.8019683466811
 31
0.0
  0
LINE
  5
86F6
330
1F
100
AcDbEntity
  8
HALFEN
  6
STRICHPUNKT2
 62
     1
 48
0.5
100
AcDbLine
 10
689.8316509808759
 20
411.9178735057588
 30
0.0
 11
704.331650980876
 21
411.9178735057588
 31
0.0
  0
LINE
  5
86F7
330
1F
100
AcDbEntity
  8
HALFEN
  6
STRICHPUNKT2
 62
     1
 48
0.5
100
AcDbLine
 10
688.8236579582272
 20
289.2430799021349
 30
0.0
 11
703.3236579582274
 21
289.2430799021349
 31
0.0
  0
LINE
  5
86F8
330
1F
100
AcDbEntity
  8
HALFEN
  6
STRICHPUNKT2
 62
     1
 48
0.5
100
AcDbLine
 10
689.8316509808759
 20
87.53130476612248
 30
0.0
 11
704.331650980876
 21
87.53130476612248
 31
0.0
  0
LINE
  5
86F9
330
1F
100
AcDbEntity
  8
HALFEN
  6
STRICHPUNKT2
 62
     1
 48
0.5
100
AcDbLine
 10
688.8236579582272
 20
-19.64464045438012
 30
0.0
 11
703.3236579582274
 21
-19.64464045438012
 31
0.0
  0
TEXT
  5
888C
330
1F
100
AcDbEntity
  8
HALFEN
100
AcDbText
 10
1311.564919760004
 20
217.8789065617248
 30
0.0
 40
5.0
  1
0235.009-00002
  7
ARIAL50
100
AcDbText
  0
TEXT
  5
888F
330
1F
100
AcDbEntity
  8
HALFEN
100
AcDbText
 10
1311.564919760004
 20
179.8789065617247
 30
0.0
 40
5.0
  1
0235.009-00002
  7
ARIAL50
100
AcDbText
  0
TEXT
  5
8890
330
1F
100
AcDbEntity
  8
HALFEN
100
AcDbText
 10
1311.564919760004
 20
-208.5856181479235
 30
0.0
 40
5.0
  1
0235.009-00002
  7
ARIAL50
100
AcDbText
  0
TEXT
  5
8891
330
1F
100
AcDbEntity
  8
HALFEN
100
AcDbText
 10
1311.564919760004
 20
-238.5856181479235
 30
0.0
 40
5.0
  1
0235.009-00002
  7
ARIAL50
100
AcDbText
  0
LINE
  5
8892
330
1F
100
AcDbEntity
  8
HALFEN
100
AcDbLine
 10
1429.681591805976
 20
-336.1767455719639
 30
0.0
 11
1429.681591805976
 21
-337.6767455719638
 31
0.0
  0
LINE
  5
8893
330
1F
100
AcDbEntity
  8
HALFEN
100
AcDbLine
 10
1436.681591805976
 20
-337.6767455719638
 30
0.0
 11
1436.681591805976
 21
-336.1767455719639
 31
0.0
  0
LINE
  5
8894
330
1F
100
AcDbEntity
  8
HALFEN
100
AcDbLine
 10
1436.681591805976
 20
-337.6767455719638
 30
0.0
 11
1429.681591805976
 21
-337.6767455719638
 31
0.0
  0
LINE
  5
8895
330
1F
100
AcDbEntity
  8
HALFEN
100
AcDbLine
 10
1429.681591805976
 20
-336.1767455719639
 30
0.0
 11
1436.681591805976
 21
-336.1767455719639
 31
0.0
  0
LINE
  5
8896
330
1F
100
AcDbEntity
  8
HALFEN
100
AcDbLine
 10
1329.681591805976
 20
-336.1767455719641
 30
0.0
 11
1329.681591805976
 21
-337.6767455719642
 31
0.0
  0
LINE
  5
8897
330
1F
100
AcDbEntity
  8
HALFEN
100
AcDbLine
 10
1336.681591805976
 20
-337.6767455719642
 30
0.0
 11
1336.681591805976
 21
-336.1767455719641
 31
0.0
  0
LINE
  5
8898
330
1F
100
AcDbEntity
  8
HALFEN
100
AcDbLine
 10
1336.681591805976
 20
-337.6767455719642
 30
0.0
 11
1329.681591805976
 21
-337.6767455719642
 31
0.0
  0
LINE
  5
8899
330
1F
100
AcDbEntity
  8
HALFEN
100
AcDbLine
 10
1329.681591805976
 20
-336.1767455719641
 30
0.0
 11
1336.681591805976
 21
-336.1767455719641
 31
0.0
  0
ENDSEC
  0
SECTION
  2
OBJECTS
  0
DICTIONARY
  5
C
330
0
100
AcDbDictionary
281
     1
  3
ACAD_CIP_PREVIOUS_PRODUCT_INFO
350
88C1
  3
ACAD_COLOR
350
810
  3
ACAD_DETAILVIEWSTYLE
350
88D9
  3
ACAD_GROUP
350
D
  3
ACAD_LAYOUT
350
1A
  3
ACAD_MATERIAL
350
80F
  3
ACAD_MLEADERSTYLE
350
8284
  3
ACAD_MLINESTYLE
350
17
  3
ACAD_PLOTSETTINGS
350
19
  3
ACAD_PLOTSTYLENAME
350
E
  3
ACAD_SCALELIST
350
8262
  3
ACAD_SECTIONVIEWSTYLE
350
88D7
  3
ACAD_TABLESTYLE
350
811
  3
ACAD_VISUALSTYLE
350
81E9
  3
ACDB_RECOMPOSE_DATA
350
8918
  3
AcDbVariableDictionary
350
55
  3
AcmDictionary
350
64
  3
AMG
350
4C
  3
AMGSNAPSETTINGS
350
71
  0
DICTIONARY
  5
8202
330
8
100
AcDbDictionary
280
     1
281
     1
  0
DICTIONARY
  5
115C
330
2
100
AcDbDictionary
280
     1
281
     1
  3
ACAD_LAYERFILTERS
360
86CB
  3
ACAD_LAYERSTATES
360
1231
  3
ACLYDICTIONARY
360
86CA
  3
AMLAYER_GROUPCOLORS
360
664D
  0
DICTIONARY
  5
82AF
330
10
100
AcDbDictionary
280
     1
281
     1
  3
ADSK_XREC_LAYER_RECONCILED
360
82B0
  0
DICTIONARY
  5
1BF
330
1F
100
AcDbDictionary
280
     1
281
     1
  3
ACAD_SORTENTS
360
2245
  0
XRECORD
  5
88C1
102
{ACAD_REACTORS
330
C
102
}
330
C
100
AcDbXrecord
280
     1
300
AMECH_PP
300
2015
300
PDSU_F_S
  0
DICTIONARY
  5
810
102
{ACAD_REACTORS
330
C
102
}
330
C
100
AcDbDictionary
281
     1
  0
DICTIONARY
  5
88D9
102
{ACAD_REACTORS
330
C
102
}
330
C
100
AcDbDictionary
281
     1
  3
Metric50
350
88DA
  0
DICTIONARY
  5
D
102
{ACAD_REACTORS
330
C
102
}
330
C
100
AcDbDictionary
281
     1
  0
DICTIONARY
  5
1A
102
{ACAD_REACTORS
330
C
102
}
330
C
100
AcDbDictionary
281
     1
  3
Layout1
350
1E
  3
Layout2
350
26
  3
Model
350
22
  0
DICTIONARY
  5
80F
102
{ACAD_REACTORS
330
C
102
}
330
C
100
AcDbDictionary
281
     1
  3
ByBlock
350
81E7
  3
ByLayer
350
81E6
  3
Global
350
81E8
  0
DICTIONARY
  5
8284
102
{ACAD_REACTORS
330
C
102
}
330
C
100
AcDbDictionary
281
     1
  3
Standard
350
8285
  0
DICTIONARY
  5
17
102
{ACAD_REACTORS
330
C
102
}
330
C
100
AcDbDictionary
281
     1
  3
Standard
350
18
  0
DICTIONARY
  5
19
102
{ACAD_REACTORS
330
C
102
}
330
C
100
AcDbDictionary
281
     1
  3
A4_hoch
350
974
  3
A4_quer
350
976
  0
ACDBDICTIONARYWDFLT
  5
E
102
{ACAD_REACTORS
330
C
102
}
330
C
100
AcDbDictionary
281
     1
  3
Normal
350
F
100
AcDbDictionaryWithDefault
340
F
  0
DICTIONARY
  5
8262
102
{ACAD_REACTORS
330
C
102
}
330
C
100
AcDbDictionary
281
     1
  3
A0
350
8263
  3
A1
350
8264
  3
A2
350
8265
  3
A3
350
8266
  3
A4
350
8267
  3
A5
350
8268
  3
A6
350
8269
  3
A7
350
826A
  3
A8
350
826B
  3
A9
350
826C
  3
B0
350
826D
  3
B1
350
826E
  3
B2
350
826F
  3
B3
350
8270
  3
B4
350
8271
  3
B5
350
8272
  3
B6
350
8273
  3
B7
350
8274
  3
B8
350
8275
  3
B9
350
8276
  3
C0
350
8277
  3
C1
350
8278
  3
C2
350
8279
  3
C3
350
827A
  3
C4
350
827B
  3
C5
350
827C
  3
C6
350
827D
  3
C7
350
827E
  3
C8
350
827F
  3
C9
350
8280
  3
D0
350
8281
  3
D1
350
8282
  3
D2
350
8283
  0
DICTIONARY
  5
88D7
102
{ACAD_REACTORS
330
C
102
}
330
C
100
AcDbDictionary
281
     1
  3
Metric50
350
88D8
  0
DICTIONARY
  5
811
102
{ACAD_REACTORS
330
C
102
}
330
C
100
AcDbDictionary
281
     1
  3
Standard
350
812
  0
DICTIONARY
  5
81E9
102
{ACAD_REACTORS
330
C
102
}
330
C
100
AcDbDictionary
281
     1
  3
2dWireframe
350
81EF
  3
3D Hidden
350
81F1
  3
3dWireframe
350
81F0
  3
Basic
350
81EE
  3
Brighten
350
81F5
  3
ColorChange
350
81F9
  3
Conceptual
350
81F2
  3
Dim
350
81F4
  3
EdgeColorOff
350
88BD
  3
Facepattern
350
81F8
  3
Flat
350
81EA
  3
FlatWithEdges
350
81EB
  3
Gouraud
350
81EC
  3
GouraudWithEdges
350
81ED
  3
Hidden
350
88B5
  3
JitterOff
350
88BB
  3
Linepattern
350
81F7
  3
OverhangOff
350
88BC
  3
Realistic
350
81F3
  3
Shaded
350
88BA
  3
Shaded with edges
350
88B9
  3
Shades of Gray
350
88B6
  3
Sketchy
350
88B7
  3
Thicken
350
81F6
  3
Wireframe
350
88B4
  3
X-Ray
350
88B8
  0
XRECORD
  5
8918
102
{ACAD_REACTORS
330
C
102
}
330
C
100
AcDbXrecord
280
     1
 90
        1
330
812
330
88D8
330
88DA
  0
DICTIONARY
  5
55
102
{ACAD_REACTORS
330
C
102
}
330
C
100
AcDbDictionary
281
     1
  3
CANNOSCALE
350
82C6
  3
CMLEADERSTYLE
350
82C4
  3
CTABLESTYLE
350
926
  3
CVIEWDETAILSTYLE
350
8911
  3
CVIEWSECTIONSTYLE
350
8912
  3
DIMASSOC
350
8888
  3
INDEXCTL
350
56
  3
LAYEREVAL
350
88CF
  3
LAYERNOTIFY
350
88D0
  3
LIGHTINGUNITS
350
82C7
  3
MSLTSCALE
350
82C5
  3
SORTENTS
350
8887
  0
DICTIONARY
  5
64
102
{ACAD_REACTORS
330
C
102
}
330
C
100
AcDbDictionary
281
     1
  3
AcmStdDictionary
350
665
  3
AMDTSECTSYM_ARROWCOLOR
350
869
  0
DICTIONARY
  5
4C
102
{ACAD_REACTORS
330
C
102
}
330
C
100
AcDbDictionary
281
     1
  0
DICTIONARY
  5
71
102
{ACAD_REACTORS
330
C
102
}
330
C
100
AcDbDictionary
281
     1
  0
DICTIONARY
  5
86CB
102
{ACAD_REACTORS
330
115C
102
}
330
115C
100
AcDbDictionary
281
     1
  0
DICTIONARY
  5
1231
102
{ACAD_REACTORS
330
115C
102
}
330
115C
100
AcDbDictionary
281
     1
  0
DICTIONARY
  5
86CA
102
{ACAD_REACTORS
330
115C
102
}
330
115C
100
AcDbDictionary
281
     1
1001
ACAD
1000
<All
  0
DICTIONARY
  5
664D
102
{ACAD_REACTORS
330
115C
102
}
330
115C
100
AcDbDictionary
280
     1
281
     1
  0
XRECORD
  5
82B0
102
{ACAD_REACTORS
330
82AF
102
}
330
82AF
100
AcDbXrecord
280
     1
290
     1
  0
SORTENTSTABLE
  5
2245
102
{ACAD_REACTORS
330
1BF
102
}
330
1BF
100
AcDbSortentsTable
330
1F
331
69C4
  5
69C4
331
6D8E
  5
6D8E
331
69C0
  5
69C0
331
7C8B
  5
7C8B
331
6DD5
  5
6DD5
331
69BC
  5
69BC
331
5FF7
  5
5FFD
331
4ABD
  5
4ACD
331
6B93
  5
6B93
331
6C6A
  5
6C6A
331
4AB9
  5
4AC9
331
7C87
  5
7C87
331
6DD1
  5
6DD1
331
5FF3
  5
5FF7
331
4A42
  5
4A5E
331
69B8
  5
69B8
331
4A7D
  5
4A8D
331
4AB5
  5
4AC5
331
5224
  5
5376
331
5FEF
  5
5FF1
331
606E
  5
6072
331
6F9F
  5
6F9F
331
30D7
  5
30E0
331
602E
  5
6032
331
4A3A
  5
4A52
331
602A
  5
602E
331
4A79
  5
4A89
331
4AB1
  5
4AC1
331
606A
  5
606E
331
30D3
  5
30DC
331
6F9B
  5
6F9B
331
6934
  5
6934
331
3065
  5
306E
331
5FEB
  5
5FEB
331
6066
  5
606A
331
6987
  5
6987
331
30CF
  5
30D8
331
4A36
  5
4A4E
331
7BD1
  5
7BD4
331
3061
  5
306A
331
6930
  5
6930
331
7812
  5
7812
331
6062
  5
6066
331
309C
  5
30A5
331
692C
  5
692C
331
305D
  5
3066
331
7BCD
  5
7BD0
331
7C14
  5
7C55
331
30CB
  5
30D4
331
4A32
  5
4A4A
331
3059
  5
3062
331
7BC9
  5
7BCC
331
6B8F
  5
6B8F
331
69B4
  5
69B4
331
6B8B
  5
6B8B
331
6C66
  5
6C66
331
69B0
  5
69B0
331
6B87
  5
6B87
331
83A6
  5
83A6
331
7C7F
  5
7C7F
331
6DB9
  5
6DB9
331
6DB5
  5
6DB5
331
83A2
  5
83A2
331
69AC
  5
69AC
331
6B83
  5
6B83
331
4DDC
  5
4DF5
331
5FE7
  5
5FE7
331
6026
  5
602A
331
4A75
  5
4A85
331
4AAD
  5
4ABD
331
7C7B
  5
7C7B
331
6C22
  5
6C22
331
6DB1
  5
6DB1
331
839E
  5
839E
331
69A8
  5
69A8
331
5FE3
  5
5FE3
331
6022
  5
6026
331
4A71
  5
4A81
331
4AA9
  5
4AB9
331
4A6D
  5
4A7D
331
4AA5
  5
4AB5
331
7C6B
  5
7C6B
331
609D
  5
5FEE
331
4A2E
  5
4A40
331
780E
  5
780E
331
5FDF
  5
5FDF
331
605E
  5
6062
331
696F
  5
696F
331
30C7
  5
30D0
331
601E
  5
6022
331
601A
  5
601E
331
4A69
  5
4A79
331
4AA1
  5
4AB1
331
4DD0
  5
4DEB
331
4A2A
  5
4A3A
331
30C3
  5
30CC
331
605A
  5
605E
331
780A
  5
780A
331
696B
  5
696B
331
7C0C
  5
7C12
331
3055
  5
305E
331
3094
  5
309D
331
5FDB
  5
5FDB
331
4A26
  5
4A36
331
6095
  5
609C
331
3090
  5
3099
331
6967
  5
6967
331
30BF
  5
30C8
331
7C08
  5
7C0E
331
6056
  5
605A
331
3051
  5
305A
331
6920
  5
6920
331
7806
  5
7806
331
7802
  5
7802
331
6963
  5
6963
331
308C
  5
3095
331
691C
  5
691C
331
304D
  5
3056
331
7C04
  5
7C0A
331
30BB
  5
30C4
331
6052
  5
6056
331
4A22
  5
4A32
331
3049
  5
3052
331
6918
  5
6918
331
3088
  5
3091
331
6C1E
  5
6C1E
331
6DAD
  5
6DAD
331
69A4
  5
69A4
331
69A0
  5
69A0
331
7C67
  5
7C67
331
6DA5
  5
6DA5
331
699C
  5
699C
331
6BAE
  5
6BAE
331
5FD7
  5
5FD7
331
6016
  5
601A
331
4A9D
  5
4AAD
331
4DCC
  5
4DDE
331
6DA1
  5
6DA1
331
6998
  5
6998
331
6012
  5
6016
331
4A61
  5
4A71
331
4A99
  5
4AA9
331
4A95
  5
4AA5
331
8382
  5
8382
331
4A1E
  5
4A2E
331
608D
  5
6091
331
77FE
  5
77FE
331
6EF7
  5
6EF7
331
695F
  5
695F
331
30B7
  5
30C0
331
604E
  5
6052
331
600E
  5
6012
331
4A5D
  5
4A6D
331
600A
  5
600E
331
4A91
  5
4AA1
331
4AD0
  5
4AE0
331
6089
  5
608D
331
30B3
  5
30BC
331
604A
  5
604E
331
6EF3
  5
6EF3
331
4A1A
  5
4A2A
331
3045
  5
304E
331
6914
  5
6914
331
7B95
  5
7B98
331
3084
  5
308D
331
695B
  5
695B
331
558B
  5
558F
331
3080
  5
3089
331
6957
  5
6957
331
30AF
  5
30B8
331
7BF0
  5
7BF3
331
6046
  5
604A
331
6085
  5
6089
331
3041
  5
3049
331
6910
  5
6910
331
6FB2
  5
6FB2
331
30AB
  5
30B4
331
307C
  5
3085
331
7BEC
  5
7BEF
331
6E13
  5
6E13
331
30EA
  5
30FC
331
6081
  5
6085
331
303D
  5
3045
331
3078
  5
3081
331
3039
  5
3041
331
7BE8
  5
7BEB
331
69EF
  5
69EF
331
6994
  5
6994
331
6990
  5
6990
331
6BA2
  5
6BA2
331
7C57
  5
7C06
331
837E
  5
837E
331
698C
  5
698C
331
837A
  5
837A
331
6B9E
  5
6B9E
331
7C53
  5
7B73
331
6006
  5
600A
331
4A55
  5
4A6B
331
4ACC
  5
4ADC
331
4AC8
  5
4AD8
331
8376
  5
8376
331
6988
  5
6988
331
6002
  5
6006
331
4A51
  5
4A67
331
4A89
  5
4A99
331
4AC4
  5
4AD4
331
30E6
  5
30F8
331
607D
  5
6081
331
6FAE
  5
6FAE
331
6E0F
  5
6E0F
331
6947
  5
6947
331
30A7
  5
30B0
331
603E
  5
6042
331
5FFE
  5
6002
331
4A81
  5
4A91
331
4AC0
  5
4AD0
331
30A3
  5
30AC
331
603A
  5
603E
331
30E2
  5
30EB
331
6079
  5
607D
331
7BE4
  5
7BE7
331
3035
  5
303D
331
3074
  5
307D
331
522B
  5
54FB
331
7BE0
  5
7BE3
331
30DE
  5
30E7
331
6075
  5
6079
331
6540
  5
6540
331
7B71
  5
7B71
331
6FA2
  5
6FA2
331
306C
  5
3075
331
7BDC
  5
7BDF
331
6032
  5
6036
331
30DA
  5
30E3
331
6071
  5
6075
331
7B6D
  5
7B6D
331
653C
  5
653C
331
6538
  5
6538
331
3068
  5
3071
331
7B69
  5
7B69
331
8418
  5
841E
331
69C7
  5
69C7
331
69C3
  5
69C3
331
69BF
  5
69BF
331
6B96
  5
6B96
331
6C6D
  5
6C6D
331
7C8A
  5
7C8A
331
6DD4
  5
6DD4
331
69BB
  5
69BB
331
5FF6
  5
5FFC
331
4ABC
  5
4ACC
331
6C69
  5
6C69
331
4AB8
  5
4AC8
331
7C86
  5
7C86
331
5FF2
  5
5FF6
331
4A41
  5
4A5D
331
602D
  5
6031
331
4AB4
  5
4AC4
331
7C82
  5
7C82
331
30D6
  5
30DF
331
606D
  5
6071
331
6F9E
  5
6F9E
331
6937
  5
6937
331
5FEE
  5
5FEF
331
83A9
  5
83A9
331
4A39
  5
4A51
331
6029
  5
602D
331
4A78
  5
4A88
331
4AB0
  5
4AC0
331
6069
  5
606D
331
30D2
  5
30DB
331
3064
  5
306D
331
6933
  5
6933
331
5FEA
  5
5FEA
331
30CE
  5
30D7
331
6065
  5
6069
331
6986
  5
6986
331
6F96
  5
6F96
331
4A35
  5
4A4D
331
7BD0
  5
7BD3
331
3060
  5
3069
331
692F
  5
692F
331
4A31
  5
4A43
331
7811
  5
7811
331
6061
  5
6065
331
309B
  5
30A4
331
305C
  5
3065
331
692B
  5
692B
331
7BCC
  5
7BCF
331
7C13
  5
7C54
331
30CA
  5
30D3
331
3058
  5
3061
331
6B8E
  5
6B8E
331
69B7
  5
69B7
331
69B3
  5
69B3
331
6C65
  5
6C65
331
6DB8
  5
6DB8
331
83A5
  5
83A5
331
69AF
  5
69AF
331
6B86
  5
6B86
331
7C7E
  5
7C7E
331
6DB4
  5
6DB4
331
7C7A
  5
7C7A
331
4DDB
  5
4DF4
331
83A1
  5
83A1
331
69AB
  5
69AB
331
5FE6
  5
5FE6
331
6025
  5
6029
331
4A74
  5
4A84
331
4AAC
  5
4ABC
331
6B82
  5
6B82
331
6C21
  5
6C21
331
6DB0
  5
6DB0
331
4AA8
  5
4AB8
331
839D
  5
839D
331
5FE2
  5
5FE2
331
4A70
  5
4A80
331
4A6C
  5
4A7C
331
4AA4
  5
4AB4
331
7C6A
  5
7C6A
331
8399
  5
8399
331
4A2D
  5
4A3F
331
609C
  5
5FF0
331
780D
  5
780D
331
5FDE
  5
5FDE
331
3097
  5
30A0
331
696E
  5
696E
331
30C6
  5
30CF
331
7C0F
  5
7C15
331
605D
  5
6061
331
601D
  5
6021
331
6019
  5
601D
331
4A68
  5
4A78
331
4AA0
  5
4AB0
331
4A29
  5
4A39
331
30C2
  5
30CB
331
6059
  5
605D
331
7809
  5
7809
331
7C0B
  5
7C11
331
3054
  5
305D
331
7BC4
  5
7BC7
331
696A
  5
696A
331
5FDA
  5
5FDA
331
7805
  5
7805
331
308F
  5
3098
331
6966
  5
6966
331
30BE
  5
30C7
331
6055
  5
6059
331
4A25
  5
4A35
331
6094
  5
609B
331
7BC0
  5
7BC3
331
3050
  5
3059
331
691F
  5
691F
331
7801
  5
7801
331
304C
  5
3055
331
691B
  5
691B
331
308B
  5
3094
331
6962
  5
6962
331
30BA
  5
30C3
331
6051
  5
6055
331
4A21
  5
4A31
331
6090
  5
6094
331
3048
  5
3051
331
6B7E
  5
6B7E
331
69A7
  5
69A7
331
69A3
  5
69A3
331
6B7A
  5
6B7A
331
6C1D
  5
6C1D
331
699F
  5
699F
331
6B76
  5
6B76
331
8395
  5
8395
331
7C66
  5
7C66
331
4DCF
  5
4DEA
331
6DA8
  5
6DA8
331
6DA4
  5
6DA4
331
699B
  5
699B
331
6BAD
  5
6BAD
331
4DCB
  5
4DDD
331
5FD6
  5
5FD6
331
6015
  5
6019
331
4A64
  5
4A74
331
4A9C
  5
4AAC
331
7C62
  5
7C62
331
6011
  5
6015
331
4A60
  5
4A70
331
4A98
  5
4AA8
331
4A5C
  5
4A6C
331
4A94
  5
4AA4
331
8381
  5
8381
331
4A1D
  5
4A2D
331
608C
  5
6090
331
6EF6
  5
6EF6
331
3087
  5
3090
331
695E
  5
695E
331
30B6
  5
30BF
331
6917
  5
6917
331
7BF7
  5
7C03
331
604D
  5
6051
331
600D
  5
6011
331
4A90
  5
4AA0
331
30B2
  5
30BB
331
4A19
  5
4A29
331
6088
  5
608C
331
3044
  5
304D
331
6913
  5
6913
331
7B94
  5
7B97
331
3083
  5
308C
331
695A
  5
695A
331
558A
  5
558E
331
307F
  5
3088
331
6956
  5
6956
331
7BEF
  5
7BF2
331
30AE
  5
30B7
331
6045
  5
6049
331
30ED
  5
30FF
331
6084
  5
6088
331
7B90
  5
7B95
331
3040
  5
3048
331
690F
  5
690F
331
6FB1
  5
6FB1
331
30AA
  5
30B3
331
307B
  5
3084
331
303C
  5
3044
331
7B8C
  5
7B8F
331
7BEB
  5
7BEE
331
6E12
  5
6E12
331
30E9
  5
30FB
331
6080
  5
6084
331
3038
  5
3040
331
7B88
  5
7B8B
331
6997
  5
6997
331
6993
  5
6993
331
698F
  5
698F
331
6BA1
  5
6BA1
331
7C56
  5
7C05
331
4ACF
  5
4ADF
331
837D
  5
837D
331
6D94
  5
6D94
331
698B
  5
698B
331
8379
  5
8379
331
6B9D
  5
6B9D
331
5586
  5
558A
331
6005
  5
6009
331
4A8C
  5
4A9C
331
4ACB
  5
4ADB
331
4AC7
  5
4AD7
331
6D90
  5
6D90
331
6001
  5
6005
331
4A50
  5
4A66
331
7C1A
  5
7C58
331
4A84
  5
4A94
331
4AC3
  5
4AD3
331
30E5
  5
30F2
331
607C
  5
6080
331
6FAD
  5
6FAD
331
6E0E
  5
6E0E
331
3077
  5
3080
331
6946
  5
6946
331
7BE7
  5
7BEA
331
30A6
  5
30AF
331
603D
  5
6041
331
5FFD
  5
6001
331
4A4C
  5
4A62
331
5FF9
  5
5FFF
331
4A80
  5
4A90
331
6078
  5
607C
331
6039
  5
603D
331
30E1
  5
30EA
331
7BE3
  5
7BE6
331
3073
  5
307C
331
6942
  5
6942
331
522A
  5
54F6
331
6074
  5
6078
331
7BDF
  5
7BE2
331
6035
  5
6039
331
30DD
  5
30E6
331
7B70
  5
7B70
331
653F
  5
653F
331
6FA1
  5
6FA1
331
6031
  5
6035
331
693A
  5
693A
331
6DDA
  5
6DDA
331
30D9
  5
30E2
331
6070
  5
6074
331
7B6C
  5
7B6C
331
653B
  5
653B
331
7B68
  5
7B68
331
69C6
  5
69C6
331
69C2
  5
69C2
331
6D8C
  5
6D8C
331
6DD7
  5
6DD7
331
69BE
  5
69BE
331
4ABF
  5
4ACF
331
7C8D
  5
7C8D
331
6C6C
  5
6C6C
331
7C89
  5
7C89
331
6DD3
  5
6DD3
331
69BA
  5
69BA
331
5FF5
  5
5FF9
331
4ABB
  5
4ACB
331
6B91
  5
6B91
331
6C68
  5
6C68
331
7C85
  5
7C85
331
4AB7
  5
4AC7
331
5226
  5
5378
331
5FF1
  5
5FF5
331
4A40
  5
4A5C
331
4A7F
  5
4A8F
331
4A7B
  5
4A8B
331
4AB3
  5
4AC3
331
7C81
  5
7C81
331
602C
  5
6030
331
606C
  5
6070
331
30D5
  5
30DE
331
6F9D
  5
6F9D
331
5FED
  5
5FED
331
4A3C
  5
4A54
331
4A38
  5
4A50
331
5FE9
  5
5FE9
331
6028
  5
602C
331
6068
  5
606C
331
30D1
  5
30DA
331
6537
  5
6537
331
3063
  5
306C
331
6932
  5
6932
331
7814
  5
7814
331
6064
  5
6068
331
309E
  5
30A7
331
7C16
  5
7C57
331
30CD
  5
30D6
331
4A34
  5
4A4C
331
692E
  5
692E
331
7BCF
  5
7BD2
331
305F
  5
3068
331
4A30
  5
4A42
331
7810
  5
7810
331
6060
  5
6064
331
309A
  5
30A3
331
305B
  5
3064
331
692A
  5
692A
331
7BCB
  5
7BCE
331
7C12
  5
7C53
331
30C9
  5
30D2
331
6B8D
  5
6B8D
331
69B6
  5
69B6
331
69B2
  5
69B2
331
6B89
  5
6B89
331
6C64
  5
6C64
331
6DBB
  5
6DBB
331
83A4
  5
83A4
331
69AE
  5
69AE
331
6B85
  5
6B85
331
7C7D
  5
7C7D
331
4AAF
  5
4ABF
331
4DDE
  5
4DF7
331
6C24
  5
6C24
331
6DB3
  5
6DB3
331
4DDA
  5
4DF3
331
83A0
  5
83A0
331
69AA
  5
69AA
331
5FE5
  5
5FE5
331
6024
  5
6028
331
4A73
  5
4A83
331
4AAB
  5
4ABB
331
6B81
  5
6B81
331
6C20
  5
6C20
331
4AA7
  5
4AB7
331
7C6D
  5
7C6D
331
839C
  5
839C
331
5FE1
  5
5FE1
331
6020
  5
6024
331
4A6F
  5
4A7F
331
601C
  5
6020
331
4A6B
  5
4A7B
331
4AA3
  5
4AB3
331
7C69
  5
7C69
331
4A2C
  5
4A3C
331
609B
  5
5FF4
331
30C5
  5
30CE
331
605C
  5
6060
331
6F8D
  5
6F8D
331
780C
  5
780C
331
7C0E
  5
7C14
331
3057
  5
3060
331
7BC7
  5
7BCA
331
696D
  5
696D
331
5FDD
  5
5FDD
331
6018
  5
601C
331
4A28
  5
4A38
331
6058
  5
605C
331
30C1
  5
30CA
331
7808
  5
7808
331
7C0A
  5
7C10
331
3053
  5
305C
331
6922
  5
6922
331
3092
  5
309B
331
6969
  5
6969
331
5FD9
  5
5FD9
331
7804
  5
7804
331
6965
  5
6965
331
308E
  5
3097
331
7C06
  5
7C0C
331
30BD
  5
30C6
331
6054
  5
6058
331
4A24
  5
4A34
331
6093
  5
6097
331
7BBF
  5
7BC2
331
304F
  5
3058
331
691E
  5
691E
331
4A20
  5
4A30
331
7800
  5
7800
331
6050
  5
6054
331
308A
  5
3093
331
6961
  5
6961
331
30B9
  5
30C2
331
304B
  5
3054
331
691A
  5
691A
331
7C02
  5
7C08
331
6B7D
  5
6B7D
331
6DAF
  5
6DAF
331
69A6
  5
69A6
331
69A2
  5
69A2
331
6C1C
  5
6C1C
331
6DA7
  5
6DA7
331
699E
  5
699E
331
7C65
  5
7C65
331
4A67
  5
4A77
331
4A9F
  5
4AAF
331
4DCE
  5
4DE9
331
6DA3
  5
6DA3
331
699A
  5
699A
331
5FD5
  5
5FD5
331
6014
  5
6018
331
4A63
  5
4A73
331
4A9B
  5
4AAB
331
6BAC
  5
6BAC
331
4A97
  5
4AA7
331
8384
  5
8384
331
4A5F
  5
4A6F
331
4A93
  5
4AA3
331
8380
  5
8380
331
608B
  5
608F
331
4A1C
  5
4A2C
331
6EF5
  5
6EF5
331
695D
  5
695D
331
3047
  5
3050
331
6916
  5
6916
331
7B97
  5
7BC0
331
3086
  5
308F
331
30B5
  5
30BE
331
604C
  5
6050
331
600C
  5
6010
331
6008
  5
600C
331
30B1
  5
30BA
331
6048
  5
604C
331
6087
  5
608B
331
7BF2
  5
7BF5
331
3043
  5
304C
331
6912
  5
6912
331
7B93
  5
7B96
331
3082
  5
308B
331
6959
  5
6959
331
5589
  5
558D
331
30AD
  5
30B6
331
6955
  5
6955
331
307E
  5
3087
331
7BEE
  5
7BF1
331
6E15
  5
6E15
331
30EC
  5
30FE
331
6083
  5
6087
331
7B8F
  5
7B94
331
303F
  5
3047
331
6FB0
  5
6FB0
331
6040
  5
6044
331
307A
  5
3083
331
303B
  5
3043
331
7BEA
  5
7BED
331
6E11
  5
6E11
331
30E8
  5
30FA
331
6D9F
  5
6D9F
331
6996
  5
6996
331
6992
  5
6992
331
6BA4
  5
6BA4
331
698E
  5
698E
331
837C
  5
837C
331
6BA0
  5
6BA0
331
7C55
  5
7B75
331
4A8F
  5
4A9F
331
4ACE
  5
4ADE
331
6D97
  5
6D97
331
6D93
  5
6D93
331
4ACA
  5
4ADA
331
8378
  5
8378
331
698A
  5
698A
331
6004
  5
6008
331
4A8B
  5
4A9B
331
69C9
  5
69C9
331
4AC6
  5
4AD6
331
6000
  5
6004
331
607F
  5
6083
331
4A87
  5
4A97
331
4AC2
  5
4AD2
331
30E4
  5
30ED
331
607B
  5
607F
331
6FAC
  5
6FAC
331
6E0D
  5
6E0D
331
3076
  5
307F
331
3037
  5
303F
331
7BE6
  5
7BE9
331
30A5
  5
30AE
331
603C
  5
6040
331
5FFC
  5
6000
331
5FF8
  5
5FFE
331
6077
  5
607B
331
30E0
  5
30E9
331
7BE2
  5
7BE5
331
3072
  5
307B
331
6941
  5
6941
331
5229
  5
54F5
331
6073
  5
6077
331
30DC
  5
30E5
331
306E
  5
3077
331
7BDE
  5
7BE1
331
6034
  5
6038
331
7B6F
  5
7B6F
331
653E
  5
653E
331
6FA4
  5
6FA4
331
6FA0
  5
6FA0
331
6030
  5
6034
331
653A
  5
653A
331
7B6B
  5
7B6B
331
306A
  5
3073
331
6939
  5
6939
331
6DD9
  5
6DD9
331
30D8
  5
30E1
331
69C5
  5
69C5
331
69C1
  5
69C1
331
6DD6
  5
6DD6
331
69BD
  5
69BD
331
4ABE
  5
4ACE
331
7C8C
  5
7C8C
331
6B90
  5
6B90
331
6C6B
  5
6C6B
331
7C88
  5
7C88
331
6DD2
  5
6DD2
331
69B9
  5
69B9
331
5FF4
  5
5FF8
331
4A43
  5
4A5F
331
4ABA
  5
4ACA
331
4A7E
  5
4A8E
331
4AB6
  5
4AC6
331
4A3F
  5
4A55
331
5FF0
  5
5FF3
331
606F
  5
6073
331
602F
  5
6033
331
4AB2
  5
4AC2
331
7C80
  5
7C80
331
602B
  5
602F
331
606B
  5
606F
331
30D4
  5
30DD
331
3066
  5
306F
331
5FEC
  5
5FEC
331
4A3B
  5
4A53
331
5FE8
  5
5FE8
331
6067
  5
606B
331
30D0
  5
30D9
331
6F98
  5
6F98
331
4A37
  5
4A4F
331
3062
  5
306B
331
6931
  5
6931
331
7813
  5
7813
331
6063
  5
6067
331
309D
  5
30A6
331
692D
  5
692D
331
305E
  5
3067
331
7BCE
  5
7BD1
331
7C15
  5
7C56
331
30CC
  5
30D5
331
4A33
  5
4A4B
331
3099
  5
30A2
331
305A
  5
3063
331
6929
  5
6929
331
7BCA
  5
7BCD
331
7C11
  5
7C1A
331
30C8
  5
30D1
331
6C67
  5
6C67
331
69B5
  5
69B5
331
69B1
  5
69B1
331
6B88
  5
6B88
331
6DBA
  5
6DBA
331
6DB6
  5
6DB6
331
83A3
  5
83A3
331
69AD
  5
69AD
331
6B84
  5
6B84
331
7C7C
  5
7C7C
331
6027
  5
602B
331
4A76
  5
4A86
331
4AAE
  5
4ABE
331
4DDD
  5
4DF6
331
6C23
  5
6C23
331
6DB2
  5
6DB2
331
4DD9
  5
4DF2
331
839F
  5
839F
331
69A9
  5
69A9
331
5FE4
  5
5FE4
331
6023
  5
6027
331
4A72
  5
4A82
331
4AAA
  5
4ABA
331
4AA6
  5
4AB6
331
7C6C
  5
7C6C
331
609E
  5
5FF2
331
4A2F
  5
4A41
331
780F
  5
780F
331
5FE0
  5
5FE0
331
605F
  5
6063
331
601F
  5
6023
331
4A6E
  5
4A7E
331
601B
  5
601F
331
4A6A
  5
4A7A
331
4AA2
  5
4AB2
331
7C68
  5
7C68
331
4A2B
  5
4A3B
331
30C4
  5
30CD
331
605B
  5
605F
331
6F8C
  5
6F8C
331
780B
  5
780B
331
696C
  5
696C
331
7C0D
  5
7C13
331
3056
  5
305F
331
3095
  5
309E
331
5FDC
  5
5FDC
331
5FD8
  5
5FD8
331
4A27
  5
4A37
331
6057
  5
605B
331
3091
  5
309A
331
6968
  5
6968
331
30C0
  5
30C9
331
7C09
  5
7C0F
331
7BC2
  5
7BC5
331
3052
  5
305B
331
6921
  5
6921
331
7807
  5
7807
331
7803
  5
7803
331
6964
  5
6964
331
308D
  5
3096
331
30BC
  5
30C5
331
6053
  5
6057
331
4A23
  5
4A33
331
6092
  5
6096
331
691D
  5
691D
331
304E
  5
3057
331
6EF8
  5
6EF8
331
304A
  5
3053
331
6919
  5
6919
331
3089
  5
3092
331
6960
  5
6960
331
30B8
  5
30C1
331
6B7C
  5
6B7C
331
6C1F
  5
6C1F
331
69A5
  5
69A5
331
69A1
  5
69A1
331
6B78
  5
6B78
331
6C1B
  5
6C1B
331
6DAA
  5
6DAA
331
8397
  5
8397
331
6DA6
  5
6DA6
331
699D
  5
699D
331
6BAF
  5
6BAF
331
6017
  5
601B
331
4A66
  5
4A76
331
4A9E
  5
4AAE
331
4DCD
  5
4DE8
331
6999
  5
6999
331
6013
  5
6017
331
4A62
  5
4A72
331
4A9A
  5
4AAA
331
4A96
  5
4AA6
331
8383
  5
8383
331
608E
  5
6092
331
4A1F
  5
4A2F
331
77FF
  5
77FF
331
604F
  5
6053
331
4A5E
  5
4A6E
331
7C58
  5
7C07
331
30B4
  5
30BD
331
604B
  5
604F
331
6EF4
  5
6EF4
331
4A1B
  5
4A2B
331
608A
  5
608E
331
4A92
  5
4AA2
331
4AD1
  5
4AE1
331
695C
  5
695C
331
6915
  5
6915
331
3046
  5
304F
331
7B96
  5
7BBF
331
3085
  5
308E
331
6047
  5
604B
331
30B0
  5
30B9
331
6086
  5
608A
331
7BF1
  5
7BF4
331
3042
  5
304A
331
6911
  5
6911
331
6958
  5
6958
331
5588
  5
558C
331
6FB3
  5
6FB3
331
30AC
  5
30B5
331
6043
  5
6047
331
6954
  5
6954
331
307D
  5
3086
331
7BED
  5
7BF0
331
6E14
  5
6E14
331
30EB
  5
30FD
331
6082
  5
6086
331
7B8E
  5
7B93
331
303E
  5
3046
331
6E10
  5
6E10
331
3079
  5
3082
331
30A8
  5
30B1
331
303A
  5
3042
331
7B8A
  5
7B8D
331
7BE9
  5
7BEC
331
6D9E
  5
6D9E
331
6995
  5
6995
331
6991
  5
6991
331
6BA3
  5
6BA3
331
837F
  5
837F
331
698D
  5
698D
331
837B
  5
837B
331
6B9F
  5
6B9F
331
7C54
  5
7B74
331
4A8E
  5
4A9E
331
4ACD
  5
4ADD
331
6D92
  5
6D92
331
6989
  5
6989
331
69C8
  5
69C8
331
4AC9
  5
4AD9
331
8377
  5
8377
331
5584
  5
5588
331
6003
  5
6007
331
4A52
  5
4A68
331
4A8A
  5
4A9A
331
6B9B
  5
6B9B
331
4AC5
  5
4AD5
331
607E
  5
6082
331
30E7
  5
30F9
331
6FAF
  5
6FAF
331
5FFF
  5
6003
331
4A4E
  5
4A64
331
4A4A
  5
4A60
331
607A
  5
607E
331
30E3
  5
30EC
331
4A82
  5
4A92
331
6FAB
  5
6FAB
331
4AC1
  5
4AD1
331
6E0C
  5
6E0C
331
3075
  5
307E
331
3036
  5
303E
331
7BE5
  5
7BE8
331
603B
  5
603F
331
6076
  5
607A
331
6037
  5
603B
331
30A0
  5
30A9
331
30DF
  5
30E8
331
7BE1
  5
7BE4
331
3071
  5
307A
331
6940
  5
6940
331
5228
  5
537A
331
6FA3
  5
6FA3
331
306D
  5
3076
331
7BDD
  5
7BE0
331
30DB
  5
30E4
331
6072
  5
6076
331
7B6E
  5
7B6E
331
653D
  5
653D
331
6539
  5
6539
331
7B6A
  5
7B6A
331
6938
  5
6938
331
6DD8
  5
6DD8
  0
ACDBDETAILVIEWSTYLE
  5
88DA
102
{ACAD_XDICTIONARY
360
8916
102
}
102
{ACAD_REACTORS
330
88D9
102
}
330
88D9
100
AcDbModelDocViewStyle
 70
     0
  3
Metric50
290
     0
100
AcDbDetailViewStyle
 70
     0
 71
     0
 90
        3
 71
     1
340
11
 62
   256
 40
5.0
340
0
 62
   256
 40
5.0
300

 40
0.0
280
     1
 71
     2
340
16
 90
       25
 62
   256
 71
     3
340
11
 62
   256
 40
5.0
 90
        0
 40
15.0
 90
        1
300
%<\AcVar ViewDetailId>% (%<\AcVar ViewScale \f "%sn">%)
 71
     4
340
16
 90
       25
 62
   256
340
16
 90
       25
 62
   256
280
     0
  0
LAYOUT
  5
1E
102
{ACAD_REACTORS
330
1A
102
}
330
1A
100
AcDbPlotSettings
  1

  2
Minolta PagePro 8L
  4

  6

 40
0.0
 41
0.0
 42
0.0
 43
0.0
 44
0.0
 45
0.0
 46
0.0
 47
0.0
 48
0.0
 49
0.0
140
0.0
141
0.0
142
1.0
143
1.0
 70
   688
 72
     0
 73
     0
 74
     5
  7
Halfen Plotstil.ctb
 75
    16
147
1.0
 76
     0
 77
     2
 78
   300
148
0.0
149
0.0
100
AcDbLayout
  1
Layout1
 70
     1
 71
     1
 10
0.0
 20
0.0
 11
420.0
 21
297.0
 12
0.0
 22
0.0
 32
0.0
 14
1.000000000000000E+20
 24
1.000000000000000E+20
 34
1.000000000000000E+20
 15
-1.000000000000000E+20
 25
-1.000000000000000E+20
 35
-1.000000000000000E+20
146
0.0
 13
0.0
 23
0.0
 33
0.0
 16
1.0
 26
0.0
 36
0.0
 17
0.0
 27
1.0
 37
0.0
 76
     0
330
1B
  0
LAYOUT
  5
26
102
{ACAD_REACTORS
330
1A
102
}
330
1A
100
AcDbPlotSettings
  1

  2
Minolta PagePro 8L
  4

  6

 40
0.0
 41
0.0
 42
0.0
 43
0.0
 44
0.0
 45
0.0
 46
0.0
 47
0.0
 48
0.0
 49
0.0
140
0.0
141
0.0
142
1.0
143
1.0
 70
   688
 72
     0
 73
     0
 74
     5
  7
Halfen Plotstil.ctb
 75
    16
147
1.0
 76
     0
 77
     2
 78
   300
148
0.0
149
0.0
100
AcDbLayout
  1
Layout2
 70
     1
 71
     2
 10
0.0
 20
0.0
 11
12.0
 21
9.0
 12
0.0
 22
0.0
 32
0.0
 14
0.0
 24
0.0
 34
0.0
 15
0.0
 25
0.0
 35
0.0
146
0.0
 13
0.0
 23
0.0
 33
0.0
 16
1.0
 26
0.0
 36
0.0
 17
0.0
 27
1.0
 37
0.0
 76
     0
330
23
  0
LAYOUT
  5
22
102
{ACAD_REACTORS
330
1A
102
}
330
1A
100
AcDbPlotSettings
  1

  2
Minolta PagePro 8L
  4
A4
  6

 40
5.873749732971191
 41
3.174999952316283
 42
5.873748779296875
 43
3.17498779296875
 44
209.9733276367186
 45
297.0106506347656
 46
0.0
 47
0.0
 48
0.0
 49
0.0
140
0.0
141
0.0
142
1.0
143
4.917982904426159
 70
 11952
 72
     1
 73
     1
 74
     0
  7
Halfen Plotstil.ctb
 75
     0
147
0.2033353957168101
 76
     0
 77
     2
 78
   300
148
596.0234477574414
149
350.6876687301243
100
AcDbLayout
  1
Model
 70
     1
 71
     0
 10
0.0
 20
0.0
 11
12.0
 21
9.0
 12
0.0
 22
0.0
 32
0.0
 14
0.0
 24
0.0
 34
0.0
 15
0.0
 25
0.0
 35
0.0
146
0.0
 13
0.0
 23
0.0
 33
0.0
 16
1.0
 26
0.0
 36
0.0
 17
0.0
 27
1.0
 37
0.0
 76
     0
330
1F
331
8260
  0
MATERIAL
  5
81E7
102
{ACAD_REACTORS
330
80F
102
}
330
80F
100
AcDbMaterial
  1
ByBlock
 73
     1
 78
     1
172
     1
176
     1
270
     1
274
     1
 94
       63
  0
MATERIAL
  5
81E6
102
{ACAD_REACTORS
330
80F
102
}
330
80F
100
AcDbMaterial
  1
ByLayer
 73
     1
 78
     1
172
     1
176
     1
270
     1
274
     1
 94
       63
  0
MATERIAL
  5
81E8
102
{ACAD_REACTORS
330
80F
102
}
330
80F
100
AcDbMaterial
  1
Global
 73
     1
 78
     1
172
     1
176
     1
270
     1
274
     1
 94
       63
  0
MLEADERSTYLE
  5
8285
102
{ACAD_REACTORS
330
8284
102
}
330
8284
100
AcDbMLeaderStyle
179
     2
170
     2
171
     1
172
     0
 90
        2
 40
0.0
 41
0.0
173
     1
 91
-1056964608
340
14
 92
       -2
290
     1
 42
2.0
291
     1
 43
0.36
  3
Standard
 44
4.0
300

342
11
174
     1
178
     6
175
     1
176
     0
 93
-1056964608
 45
4.0
292
     0
297
     0
 46
4.0
 94
-1056964608
 47
1.0
 49
1.0
140
1.0
293
     1
141
0.0
294
     1
177
     0
142
1.0
295
     0
296
     0
143
0.125
271
     0
272
     9
273
     9
298
     0
  0
MLINESTYLE
  5
18
102
{ACAD_REACTORS
330
17
102
}
330
17
100
AcDbMlineStyle
  2
STANDARD
 70
     0
  3

 62
   256
 51
90.0
 52
90.0
 71
     2
 49
0.5
 62
   256
  6
BYLAYER
 49
-0.5
 62
   256
  6
BYLAYER
  0
PLOTSETTINGS
  5
974
102
{ACAD_REACTORS
330
19
102
}
330
19
100
AcDbPlotSettings
  1
A4_hoch
  2
Minolta PagePro 8L
  4
A4
  6

 40
7.143749713897705
 41
7.143756389617919
 42
7.05908203125
 43
7.14373779296875
 44
209.9733276367186
 45
296.9259948730469
 46
-10.0
 47
-8.0
 48
288.6923467168382
 49
155.4429596380265
140
379.2607810083091
141
258.7208858951657
142
1.0
143
1.0
 70
 11936
 72
     1
 73
     0
 74
     4
  7
Halfen Plotstil.ctb
 75
     0
147
3.144145813260183
 76
     0
 77
     2
 78
   300
148
-288.6923467168382
149
-155.4429596380265
1001
ACAD_PSEXT
1000
Minolta PagePro 8L
1000
HP LaserJet IIP
1000
LPT1:
1000

1070
     0
  0
PLOTSETTINGS
  5
976
102
{ACAD_REACTORS
330
19
102
}
330
19
100
AcDbPlotSettings
  1
A4_quer
  2
Minolta PagePro 8L
  4
A4
  6

 40
7.143749713897705
 41
7.143756389617919
 42
7.05908203125
 43
7.14373779296875
 44
209.9733276367186
 45
296.9259948730469
 46
-5.0
 47
-6.0
 48
194.8561551581094
 49
93.95414985728359
140
597.5431966113442
141
299.7604267345806
142
1.0
143
1.0
 70
 11936
 72
     1
 73
     1
 74
     4
  7
Halfen Plotstil.ctb
 75
     0
147
3.144145813260183
 76
     0
 77
     2
 78
   300
148
-194.8561551581094
149
-93.95414985728359
1001
ACAD_PSEXT
1000
Minolta PagePro 8L
1000
HP LaserJet IIP
1000
LPT1:
1000

1070
     0
  0
ACDBPLACEHOLDER
  5
F
102
{ACAD_REACTORS
330
E
102
}
330
E
  0
SCALE
  5
8263
102
{ACAD_REACTORS
330
8262
102
}
330
8262
100
AcDbScale
 70
     0
300
1:1
140
1.0
141
1.0
290
     1
  0
SCALE
  5
8264
102
{ACAD_REACTORS
330
8262
102
}
330
8262
100
AcDbScale
 70
     0
300
1:2
140
1.0
141
2.0
290
     0
  0
SCALE
  5
8265
102
{ACAD_REACTORS
330
8262
102
}
330
8262
100
AcDbScale
 70
     0
300
1:4
140
1.0
141
4.0
290
     0
  0
SCALE
  5
8266
102
{ACAD_REACTORS
330
8262
102
}
330
8262
100
AcDbScale
 70
     0
300
1:5
140
1.0
141
5.0
290
     0
  0
SCALE
  5
8267
102
{ACAD_REACTORS
330
8262
102
}
330
8262
100
AcDbScale
 70
     0
300
1:8
140
1.0
141
8.0
290
     0
  0
SCALE
  5
8268
102
{ACAD_REACTORS
330
8262
102
}
330
8262
100
AcDbScale
 70
     0
300
1:10
140
1.0
141
10.0
290
     0
  0
SCALE
  5
8269
102
{ACAD_REACTORS
330
8262
102
}
330
8262
100
AcDbScale
 70
     0
300
1:16
140
1.0
141
16.0
290
     0
  0
SCALE
  5
826A
102
{ACAD_REACTORS
330
8262
102
}
330
8262
100
AcDbScale
 70
     0
300
1:20
140
1.0
141
20.0
290
     0
  0
SCALE
  5
826B
102
{ACAD_REACTORS
330
8262
102
}
330
8262
100
AcDbScale
 70
     0
300
1:30
140
1.0
141
30.0
290
     0
  0
SCALE
  5
826C
102
{ACAD_REACTORS
330
8262
102
}
330
8262
100
AcDbScale
 70
     0
300
1:40
140
1.0
141
40.0
290
     0
  0
SCALE
  5
826D
102
{ACAD_REACTORS
330
8262
102
}
330
8262
100
AcDbScale
 70
     0
300
1:50
140
1.0
141
50.0
290
     0
  0
SCALE
  5
826E
102
{ACAD_REACTORS
330
8262
102
}
330
8262
100
AcDbScale
 70
     0
300
1:100
140
1.0
141
100.0
290
     0
  0
SCALE
  5
826F
102
{ACAD_REACTORS
330
8262
102
}
330
8262
100
AcDbScale
 70
     0
300
2:1
140
2.0
141
1.0
290
     0
  0
SCALE
  5
8270
102
{ACAD_REACTORS
330
8262
102
}
330
8262
100
AcDbScale
 70
     0
300
4:1
140
4.0
141
1.0
290
     0
  0
SCALE
  5
8271
102
{ACAD_REACTORS
330
8262
102
}
330
8262
100
AcDbScale
 70
     0
300
8:1
140
8.0
141
1.0
290
     0
  0
SCALE
  5
8272
102
{ACAD_REACTORS
330
8262
102
}
330
8262
100
AcDbScale
 70
     0
300
10:1
140
10.0
141
1.0
290
     0
  0
SCALE
  5
8273
102
{ACAD_REACTORS
330
8262
102
}
330
8262
100
AcDbScale
 70
     0
300
100:1
140
100.0
141
1.0
290
     0
  0
SCALE
  5
8274
102
{ACAD_REACTORS
330
8262
102
}
330
8262
100
AcDbScale
 70
     0
300
1/128" = 1'-0"
140
0.0078125
141
12.0
290
     0
  0
SCALE
  5
8275
102
{ACAD_REACTORS
330
8262
102
}
330
8262
100
AcDbScale
 70
     0
300
1/64" = 1'-0"
140
0.015625
141
12.0
290
     0
  0
SCALE
  5
8276
102
{ACAD_REACTORS
330
8262
102
}
330
8262
100
AcDbScale
 70
     0
300
1/32" = 1'-0"
140
0.03125
141
12.0
290
     0
  0
SCALE
  5
8277
102
{ACAD_REACTORS
330
8262
102
}
330
8262
100
AcDbScale
 70
     0
300
1/16" = 1'-0"
140
0.0625
141
12.0
290
     0
  0
SCALE
  5
8278
102
{ACAD_REACTORS
330
8262
102
}
330
8262
100
AcDbScale
 70
     0
300
3/32" = 1'-0"
140
0.09375
141
12.0
290
     0
  0
SCALE
  5
8279
102
{ACAD_REACTORS
330
8262
102
}
330
8262
100
AcDbScale
 70
     0
300
1/8" = 1'-0"
140
0.125
141
12.0
290
     0
  0
SCALE
  5
827A
102
{ACAD_REACTORS
330
8262
102
}
330
8262
100
AcDbScale
 70
     0
300
3/16" = 1'-0"
140
0.1875
141
12.0
290
     0
  0
SCALE
  5
827B
102
{ACAD_REACTORS
330
8262
102
}
330
8262
100
AcDbScale
 70
     0
300
1/4" = 1'-0"
140
0.25
141
12.0
290
     0
  0
SCALE
  5
827C
102
{ACAD_REACTORS
330
8262
102
}
330
8262
100
AcDbScale
 70
     0
300
3/8" = 1'-0"
140
0.375
141
12.0
290
     0
  0
SCALE
  5
827D
102
{ACAD_REACTORS
330
8262
102
}
330
8262
100
AcDbScale
 70
     0
300
1/2" = 1'-0"
140
0.5
141
12.0
290
     0
  0
SCALE
  5
827E
102
{ACAD_REACTORS
330
8262
102
}
330
8262
100
AcDbScale
 70
     0
300
3/4" = 1'-0"
140
0.75
141
12.0
290
     0
  0
SCALE
  5
827F
102
{ACAD_REACTORS
330
8262
102
}
330
8262
100
AcDbScale
 70
     0
300
1" = 1'-0"
140
1.0
141
12.0
290
     0
  0
SCALE
  5
8280
102
{ACAD_REACTORS
330
8262
102
}
330
8262
100
AcDbScale
 70
     0
300
1-1/2" = 1'-0"
140
1.5
141
12.0
290
     0
  0
SCALE
  5
8281
102
{ACAD_REACTORS
330
8262
102
}
330
8262
100
AcDbScale
 70
     0
300
3" = 1'-0"
140
3.0
141
12.0
290
     0
  0
SCALE
  5
8282
102
{ACAD_REACTORS
330
8262
102
}
330
8262
100
AcDbScale
 70
     0
300
6" = 1'-0"
140
6.0
141
12.0
290
     0
  0
SCALE
  5
8283
102
{ACAD_REACTORS
330
8262
102
}
330
8262
100
AcDbScale
 70
     0
300
1'-0" = 1'-0"
140
12.0
141
12.0
290
     0
  0
ACDBSECTIONVIEWSTYLE
  5
88D8
102
{ACAD_XDICTIONARY
360
8914
102
}
102
{ACAD_REACTORS
330
88D7
102
}
330
88D7
100
AcDbModelDocViewStyle
 70
     0
  3
Metric50
290
     0
100
AcDbSectionViewStyle
 70
     0
 71
     0
 90
      102
 71
     1
340
11
 62
   256
 40
5.0
340
0
340
0
 62
   256
 40
5.0
300
I, O, Q, S, X, Z
 40
10.0
 90
        0
 40
2.5
 90
        0
 71
     2
340
16
 90
       25
 62
   256
340
16
 90
       50
 62
   256
 40
5.0
 40
2.5
 40
5.0
 71
     3
340
11
 62
   256
 40
5.0
 90
        0
 40
15.0
 90
        1
300
%<\AcVar ViewSectionStartId>%-%<\AcVar ViewSectionEndId>% (%<\AcVar ViewScale \f "%sn">%)
 71
     4
 62
   256
 62
   257
300
ANSI31
 40
1.0
 90
        0
290
     0
290
     0
 90
        6
 40
0.0
 40
1.570796326794896
 40
0.2617993877991494
 40
1.308996938995747
 40
-0.2617993877991494
 40
1.832595714594046
  0
TABLESTYLE
  5
812
102
{ACAD_XDICTIONARY
360
82C1
102
}
102
{ACAD_REACTORS
330
811
102
}
330
811
100
AcDbTableStyle
280
     0
  3
Standard
 70
     0
 71
     0
 40
1.5
 41
1.5
280
     0
281
     0
  7
Standard
140
4.5
170
     2
 62
     0
 63
     7
283
     0
 90
        4
 91
        0
  1

274
    -2
284
     1
 64
     0
275
    -2
285
     1
 65
     0
276
    -2
286
     1
 66
     0
277
    -2
287
     1
 67
     0
278
    -2
288
     1
 68
     0
279
    -2
289
     1
 69
     0
  7
Standard
140
6.0
170
     5
 62
     0
 63
     7
283
     0
 90
        4
 91
        0
  1

274
    -2
284
     1
 64
     0
275
    -2
285
     1
 65
     0
276
    -2
286
     1
 66
     0
277
    -2
287
     1
 67
     0
278
    -2
288
     1
 68
     0
279
    -2
289
     1
 69
     0
  7
Standard
140
4.5
170
     5
 62
     0
 63
     7
283
     0
 90
        4
 91
        0
  1

274
    -2
284
     1
 64
     0
275
    -2
285
     1
 65
     0
276
    -2
286
     1
 66
     0
277
    -2
287
     1
 67
     0
278
    -2
288
     1
 68
     0
279
    -2
289
     1
 69
     0
  0
VISUALSTYLE
  5
81EF
102
{ACAD_REACTORS
330
81E9
102
}
330
81E9
100
AcDbVisualStyle
  2
2dWireframe
 70
     4
177
     3
291
     0
 70
    58
 90
        0
176
     1
 90
        2
176
     1
 90
        0
176
     1
 90
        0
176
     1
 40
0.6
176
     1
 40
30.0
176
     1
 62
     7
176
     1
 90
        1
176
     1
 90
        4
176
     1
 62
     7
176
     1
 62
   257
176
     1
 90
        1
176
     1
 90
        1
176
     1
 40
1.0
176
     1
 90
        0
176
     1
 62
   257
176
     1
 40
1.0
176
     1
 90
        1
176
     1
 90
        6
176
     1
 90
        2
176
     1
 62
     7
176
     1
 90
        5
176
     1
 90
        0
176
     1
 90
        0
176
     1
290
     0
176
     1
 90
        1
176
     1
 40
0.0
176
     1
 90
        0
176
     1
290
     1
176
     1
290
     1
176
     1
290
     0
176
     1
290
     0
176
     1
290
     0
176
     1
290
     0
176
     1
290
     0
176
     1
290
     0
176
     1
290
     0
176
     1
 90
       50
176
     1
 40
0.0
176
     1
 40
1.0
176
     1
 90
        0
176
     1
 62
    18
420
        0
176
     1
 90
       50
176
     1
 90
        3
176
     1
 62
     5
420
      255
176
     1
290
     0
176
     1
 90
       50
176
     1
 90
       50
176
     1
 90
       50
176
     1
290
     0
176
     1
 90
       50
176
     1
 62
   256
176
     0
 40
1.0
176
     0
 90
        2
176
     1
  1
strokes_ogs.tif
176
     1
290
     0
176
     1
 40
1.0
176
     1
 40
1.0
176
     1
  0
VISUALSTYLE
  5
81F1
102
{ACAD_REACTORS
330
81E9
102
}
330
81E9
100
AcDbVisualStyle
  2
3D Hidden
 70
     6
177
     3
291
     0
 70
    58
 90
        1
176
     1
 90
        2
176
     1
 90
        2
176
     1
 90
        0
176
     1
 40
0.6
176
     1
 40
30.0
176
     1
 62
     7
176
     1
 90
        2
176
     1
 90
        2
176
     1
 62
     7
176
     1
 62
   257
176
     1
 90
        2
176
     1
 90
        1
176
     1
 40
40.0
176
     1
 90
        0
176
     1
 62
   257
176
     1
 40
1.0
176
     1
 90
        1
176
     1
 90
        6
176
     1
 90
        2
176
     1
 62
     7
176
     1
 90
        3
176
     1
 90
        0
176
     1
 90
        0
176
     1
290
     0
176
     1
 90
        1
176
     1
 40
0.0
176
     1
 90
        0
176
     1
290
     0
176
     1
290
     1
176
     1
290
     1
176
     1
290
     0
176
     1
290
     0
176
     1
290
     0
176
     1
290
     0
176
     1
290
     0
176
     1
290
     0
176
     1
 90
       50
176
     1
 40
0.0
176
     1
 40
1.0
176
     1
 90
        0
176
     1
 62
    18
420
        0
176
     1
 90
       50
176
     1
 90
        3
176
     1
 62
     5
420
      255
176
     1
290
     0
176
     1
 90
       50
176
     1
 90
       50
176
     1
 90
       50
176
     1
290
     0
176
     1
 90
       50
176
     1
 62
   256
176
     0
 40
1.0
176
     0
 90
        2
176
     1
  1
strokes_ogs.tif
176
     1
290
     0
176
     1
 40
1.0
176
     1
 40
1.0
176
     1
  0
VISUALSTYLE
  5
81F0
102
{ACAD_REACTORS
330
81E9
102
}
330
81E9
100
AcDbVisualStyle
  2
3dWireframe
 70
     5
177
     3
291
     0
 70
    58
 90
        0
176
     1
 90
        2
176
     1
 90
        0
176
     1
 90
        0
176
     1
 40
0.6
176
     1
 40
30.0
176
     1
 62
     7
176
     1
 90
        1
176
     1
 90
        4
176
     1
 62
     7
176
     1
 62
   257
176
     1
 90
        1
176
     1
 90
        1
176
     1
 40
1.0
176
     1
 90
        0
176
     1
 62
   257
176
     1
 40
1.0
176
     1
 90
        1
176
     1
 90
        6
176
     1
 90
        2
176
     1
 62
     7
176
     1
 90
        5
176
     1
 90
        0
176
     1
 90
        0
176
     1
290
     0
176
     1
 90
        1
176
     1
 40
0.0
176
     1
 90
        0
176
     1
290
     0
176
     1
290
     1
176
     1
290
     1
176
     1
290
     0
176
     1
290
     0
176
     1
290
     0
176
     1
290
     0
176
     1
290
     0
176
     1
290
     0
176
     1
 90
       50
176
     1
 40
0.0
176
     1
 40
1.0
176
     1
 90
        0
176
     1
 62
    18
420
        0
176
     1
 90
       50
176
     1
 90
        3
176
     1
 62
     5
420
      255
176
     1
290
     0
176
     1
 90
       50
176
     1
 90
       50
176
     1
 90
       50
176
     1
290
     0
176
     1
 90
       50
176
     1
 62
   256
176
     0
 40
1.0
176
     0
 90
        2
176
     1
  1
strokes_ogs.tif
176
     1
290
     0
176
     1
 40
1.0
176
     1
 40
1.0
176
     1
  0
VISUALSTYLE
  5
81EE
102
{ACAD_REACTORS
330
81E9
102
}
330
81E9
100
AcDbVisualStyle
  2
Basic
 70
     7
177
     3
291
     1
 70
    58
 90
        1
176
     1
 90
        0
176
     1
 90
        1
176
     1
 90
        0
176
     1
 40
0.6
176
     1
 40
30.0
176
     1
 62
     7
176
     1
 90
        0
176
     1
 90
        4
176
     1
 62
     7
176
     1
 62
   257
176
     1
 90
        1
176
     1
 90
        1
176
     1
 40
1.0
176
     1
 90
        8
176
     1
 62
     7
176
     1
 40
1.0
176
     1
 90
        1
176
     1
 90
        6
176
     1
 90
        2
176
     1
 62
     7
176
     1
 90
        5
176
     1
 90
        0
176
     1
 90
        0
176
     1
290
     0
176
     1
 90
        1
176
     1
 40
0.0
176
     1
 90
        0
176
     1
290
     0
176
     1
290
     1
176
     1
290
     1
176
     1
290
     0
176
     1
290
     0
176
     1
290
     0
176
     1
290
     0
176
     1
290
     0
176
     1
290
     0
176
     1
 90
       50
176
     1
 40
0.0
176
     1
 40
1.0
176
     1
 90
        0
176
     1
 62
    18
420
        0
176
     1
 90
       50
176
     1
 90
        3
176
     1
 62
     5
420
      255
176
     1
290
     0
176
     1
 90
       50
176
     1
 90
       50
176
     1
 90
       50
176
     1
290
     0
176
     1
 90
       50
176
     1
 62
   256
176
     0
 40
1.0
176
     0
 90
        2
176
     1
  1
strokes_ogs.tif
176
     1
290
     0
176
     1
 40
1.0
176
     1
 40
1.0
176
     1
  0
VISUALSTYLE
  5
81F5
102
{ACAD_REACTORS
330
81E9
102
}
330
81E9
100
AcDbVisualStyle
  2
Brighten
 70
    12
177
     3
291
     1
 70
    58
 90
        2
176
     1
 90
        2
176
     1
 90
        0
176
     1
 90
        0
176
     1
 40
0.6
176
     1
 40
30.0
176
     1
 62
     7
176
     1
 90
        1
176
     1
 90
        4
176
     1
 62
     7
176
     1
 62
   257
176
     1
 90
        1
176
     1
 90
        1
176
     1
 40
1.0
176
     1
 90
        8
176
     1
 62
     7
176
     1
 40
1.0
176
     1
 90
        1
176
     1
 90
        6
176
     1
 90
        2
176
     1
 62
     7
176
     1
 90
        5
176
     1
 90
        0
176
     1
 90
        0
176
     1
290
     0
176
     1
 90
        1
176
     1
 40
50.0
176
     1
 90
        0
176
     1
290
     0
176
     1
290
     1
176
     1
290
     1
176
     1
290
     0
176
     1
290
     0
176
     1
290
     0
176
     1
290
     0
176
     1
290
     0
176
     1
290
     0
176
     1
 90
       50
176
     1
 40
0.0
176
     1
 40
1.0
176
     1
 90
        0
176
     1
 62
    18
420
        0
176
     1
 90
       50
176
     1
 90
        3
176
     1
 62
     5
420
      255
176
     1
290
     0
176
     1
 90
       50
176
     1
 90
       50
176
     1
 90
       50
176
     1
290
     0
176
     1
 90
       50
176
     1
 62
   256
176
     0
 40
1.0
176
     0
 90
        2
176
     1
  1
strokes_ogs.tif
176
     1
290
     0
176
     1
 40
1.0
176
     1
 40
1.0
176
     1
  0
VISUALSTYLE
  5
81F9
102
{ACAD_REACTORS
330
81E9
102
}
330
81E9
100
AcDbVisualStyle
  2
ColorChange
 70
    16
177
     3
291
     1
 70
    58
 90
        2
176
     1
 90
        2
176
     1
 90
        3
176
     1
 90
        0
176
     1
 40
0.6
176
     1
 40
30.0
176
     1
 62
     8
176
     1
 90
        1
176
     1
 90
        4
176
     1
 62
     7
176
     1
 62
   257
176
     1
 90
        1
176
     1
 90
        1
176
     1
 40
1.0
176
     1
 90
        8
176
     1
 62
     8
176
     1
 40
1.0
176
     1
 90
        1
176
     1
 90
        6
176
     1
 90
        2
176
     1
 62
     7
176
     1
 90
        5
176
     1
 90
        0
176
     1
 90
        0
176
     1
290
     0
176
     1
 90
        1
176
     1
 40
0.0
176
     1
 90
        0
176
     1
290
     0
176
     1
290
     1
176
     1
290
     1
176
     1
290
     0
176
     1
290
     0
176
     1
290
     0
176
     1
290
     0
176
     1
290
     0
176
     1
290
     0
176
     1
 90
       50
176
     1
 40
0.0
176
     1
 40
1.0
176
     1
 90
        0
176
     1
 62
    18
420
        0
176
     1
 90
       50
176
     1
 90
        3
176
     1
 62
     5
420
      255
176
     1
290
     0
176
     1
 90
       50
176
     1
 90
       50
176
     1
 90
       50
176
     1
290
     0
176
     1
 90
       50
176
     1
 62
   256
176
     0
 40
1.0
176
     0
 90
        2
176
     1
  1
strokes_ogs.tif
176
     1
290
     0
176
     1
 40
1.0
176
     1
 40
1.0
176
     1
  0
VISUALSTYLE
  5
81F2
102
{ACAD_REACTORS
330
81E9
102
}
330
81E9
100
AcDbVisualStyle
  2
Conceptual
 70
     9
177
     3
291
     0
 70
    58
 90
        3
176
     1
 90
        2
176
     1
 90
        0
176
     1
 90
        0
176
     1
 40
0.6
176
     1
 40
30.0
176
     1
 62
     7
176
     1
 90
        2
176
     1
 90
        2
176
     1
 62
     7
176
     1
 62
   257
176
     1
 90
        1
176
     1
 90
        1
176
     1
 40
40.0
176
     1
 90
        8
176
     1
 62
     7
176
     1
 40
1.0
176
     1
 90
        1
176
     1
 90
        6
176
     1
 90
        2
176
     1
 62
     7
176
     1
 90
        3
176
     1
 90
        0
176
     1
 90
        0
176
     1
290
     0
176
     1
 90
        1
176
     1
 40
0.0
176
     1
 90
        0
176
     1
290
     0
176
     1
290
     1
176
     1
290
     1
176
     1
290
     0
176
     1
290
     0
176
     1
290
     0
176
     1
290
     0
176
     1
290
     0
176
     1
290
     0
176
     1
 90
       50
176
     1
 40
0.0
176
     1
 40
1.0
176
     1
 90
        0
176
     1
 62
    18
420
        0
176
     1
 90
       50
176
     1
 90
        3
176
     1
 62
     5
420
      255
176
     1
290
     0
176
     1
 90
       50
176
     1
 90
       50
176
     1
 90
       50
176
     1
290
     0
176
     1
 90
       50
176
     1
 62
   256
176
     0
 40
1.0
176
     0
 90
        2
176
     1
  1
strokes_ogs.tif
176
     1
290
     0
176
     1
 40
1.0
176
     1
 40
1.0
176
     1
  0
VISUALSTYLE
  5
81F4
102
{ACAD_REACTORS
330
81E9
102
}
330
81E9
100
AcDbVisualStyle
  2
Dim
 70
    11
177
     3
291
     1
 70
    58
 90
        2
176
     1
 90
        2
176
     1
 90
        0
176
     1
 90
        0
176
     1
 40
0.6
176
     1
 40
30.0
176
     1
 62
     7
176
     1
 90
        1
176
     1
 90
        4
176
     1
 62
     7
176
     1
 62
   257
176
     1
 90
        1
176
     1
 90
        1
176
     1
 40
1.0
176
     1
 90
        8
176
     1
 62
     7
176
     1
 40
1.0
176
     1
 90
        1
176
     1
 90
        6
176
     1
 90
        2
176
     1
 62
     7
176
     1
 90
        5
176
     1
 90
        0
176
     1
 90
        0
176
     1
290
     0
176
     1
 90
        1
176
     1
 40
-50.0
176
     1
 90
        0
176
     1
290
     0
176
     1
290
     1
176
     1
290
     1
176
     1
290
     0
176
     1
290
     0
176
     1
290
     0
176
     1
290
     0
176
     1
290
     0
176
     1
290
     0
176
     1
 90
       50
176
     1
 40
0.0
176
     1
 40
1.0
176
     1
 90
        0
176
     1
 62
    18
420
        0
176
     1
 90
       50
176
     1
 90
        3
176
     1
 62
     5
420
      255
176
     1
290
     0
176
     1
 90
       50
176
     1
 90
       50
176
     1
 90
       50
176
     1
290
     0
176
     1
 90
       50
176
     1
 62
   256
176
     0
 40
1.0
176
     0
 90
        2
176
     1
  1
strokes_ogs.tif
176
     1
290
     0
176
     1
 40
1.0
176
     1
 40
1.0
176
     1
  0
VISUALSTYLE
  5
88BD
102
{ACAD_REACTORS
330
81E9
102
}
330
81E9
100
AcDbVisualStyle
  2
EdgeColorOff
 70
    22
177
     3
291
     1
 70
    58
 90
        2
176
     0
 90
        2
176
     0
 90
        0
176
     0
 90
        0
176
     0
 40
0.6
176
     0
 40
30.0
176
     0
 62
     7
420
 16777215
176
     0
 90
        1
176
     0
 90
        4
176
     0
 62
     7
176
     0
 62
   257
176
     0
 90
        1
176
     0
 90
        1
176
     0
 40
1.0
176
     0
 90
        8
176
     2
 62
     7
176
     0
 40
1.0
176
     0
 90
        1
176
     0
 90
        6
176
     0
 90
        2
176
     0
 62
     7
176
     0
 90
        5
176
     0
 90
        0
176
     0
 90
        0
176
     0
290
     0
176
     0
 90
        1
176
     0
 40
0.0
176
     0
 90
        0
176
     0
290
     0
176
     1
290
     1
176
     1
290
     1
176
     1
290
     0
176
     1
290
     0
176
     1
290
     0
176
     1
290
     0
176
     1
290
     0
176
     1
290
     0
176
     1
 90
       50
176
     1
 40
0.0
176
     1
 40
1.0
176
     1
 90
        0
176
     1
 62
    18
420
        0
176
     1
 90
       50
176
     1
 90
        3
176
     1
 62
     5
420
      255
176
     1
290
     0
176
     1
 90
       50
176
     1
 90
       50
176
     1
 90
       50
176
     1
290
     0
176
     1
 90
       50
176
     1
 62
   256
176
     0
 40
1.0
176
     0
 90
        2
176
     1
  1
strokes_ogs.tif
176
     1
290
     0
176
     1
 40
1.0
176
     1
 40
1.0
176
     1
  0
VISUALSTYLE
  5
81F8
102
{ACAD_REACTORS
330
81E9
102
}
330
81E9
100
AcDbVisualStyle
  2
Facepattern
 70
    15
177
     3
291
     1
 70
    58
 90
        2
176
     1
 90
        2
176
     1
 90
        0
176
     1
 90
        0
176
     1
 40
0.6
176
     1
 40
30.0
176
     1
 62
     7
176
     1
 90
        1
176
     1
 90
        4
176
     1
 62
     7
176
     1
 62
   257
176
     1
 90
        1
176
     1
 90
        1
176
     1
 40
1.0
176
     1
 90
        8
176
     1
 62
     7
176
     1
 40
1.0
176
     1
 90
        1
176
     1
 90
        6
176
     1
 90
        2
176
     1
 62
     7
176
     1
 90
        5
176
     1
 90
        0
176
     1
 90
        0
176
     1
290
     0
176
     1
 90
        1
176
     1
 40
0.0
176
     1
 90
        0
176
     1
290
     0
176
     1
290
     1
176
     1
290
     1
176
     1
290
     0
176
     1
290
     0
176
     1
290
     0
176
     1
290
     0
176
     1
290
     0
176
     1
290
     0
176
     1
 90
       50
176
     1
 40
0.0
176
     1
 40
1.0
176
     1
 90
        0
176
     1
 62
    18
420
        0
176
     1
 90
       50
176
     1
 90
        3
176
     1
 62
     5
420
      255
176
     1
290
     0
176
     1
 90
       50
176
     1
 90
       50
176
     1
 90
       50
176
     1
290
     0
176
     1
 90
       50
176
     1
 62
   256
176
     0
 40
1.0
176
     0
 90
        2
176
     1
  1
strokes_ogs.tif
176
     1
290
     0
176
     1
 40
1.0
176
     1
 40
1.0
176
     1
  0
VISUALSTYLE
  5
81EA
102
{ACAD_REACTORS
330
81E9
102
}
330
81E9
100
AcDbVisualStyle
  2
Flat
 70
     0
177
     3
291
     1
 70
    58
 90
        2
176
     1
 90
        1
176
     1
 90
        1
176
     1
 90
        2
176
     1
 40
0.6
176
     1
 40
30.0
176
     1
 62
     7
176
     1
 90
        0
176
     1
 90
        4
176
     1
 62
     7
176
     1
 62
   257
176
     1
 90
        1
176
     1
 90
        1
176
     1
 40
1.0
176
     1
 90
        8
176
     1
 62
     7
176
     1
 40
1.0
176
     1
 90
        1
176
     1
 90
        6
176
     1
 90
        2
176
     1
 62
     7
176
     1
 90
        5
176
     1
 90
        0
176
     1
 90
        0
176
     1
290
     0
176
     1
 90
       13
176
     1
 40
0.0
176
     1
 90
        0
176
     1
290
     0
176
     1
290
     1
176
     1
290
     1
176
     1
290
     0
176
     1
290
     0
176
     1
290
     0
176
     1
290
     0
176
     1
290
     0
176
     1
290
     0
176
     1
 90
       50
176
     1
 40
0.0
176
     1
 40
1.0
176
     1
 90
        0
176
     1
 62
    18
420
        0
176
     1
 90
       50
176
     1
 90
        3
176
     1
 62
     5
420
      255
176
     1
290
     0
176
     1
 90
       50
176
     1
 90
       50
176
     1
 90
       50
176
     1
290
     0
176
     1
 90
       50
176
     1
 62
   256
176
     0
 40
1.0
176
     0
 90
        2
176
     1
  1
strokes_ogs.tif
176
     1
290
     0
176
     1
 40
1.0
176
     1
 40
1.0
176
     1
  0
VISUALSTYLE
  5
81EB
102
{ACAD_REACTORS
330
81E9
102
}
330
81E9
100
AcDbVisualStyle
  2
FlatWithEdges
 70
     1
177
     3
291
     1
 70
    58
 90
        2
176
     1
 90
        1
176
     1
 90
        1
176
     1
 90
        2
176
     1
 40
0.6
176
     1
 40
30.0
176
     1
 62
     7
176
     1
 90
        1
176
     1
 90
        4
176
     1
 62
     7
176
     1
 62
   257
176
     1
 90
        1
176
     1
 90
        1
176
     1
 40
1.0
176
     1
 90
        0
176
     1
 62
   257
176
     1
 40
1.0
176
     1
 90
        1
176
     1
 90
        6
176
     1
 90
        2
176
     1
 62
     7
176
     1
 90
        5
176
     1
 90
        0
176
     1
 90
        0
176
     1
290
     0
176
     1
 90
       13
176
     1
 40
0.0
176
     1
 90
        0
176
     1
290
     0
176
     1
290
     1
176
     1
290
     1
176
     1
290
     0
176
     1
290
     0
176
     1
290
     0
176
     1
290
     0
176
     1
290
     0
176
     1
290
     0
176
     1
 90
       50
176
     1
 40
0.0
176
     1
 40
1.0
176
     1
 90
        0
176
     1
 62
    18
420
        0
176
     1
 90
       50
176
     1
 90
        3
176
     1
 62
     5
420
      255
176
     1
290
     0
176
     1
 90
       50
176
     1
 90
       50
176
     1
 90
       50
176
     1
290
     0
176
     1
 90
       50
176
     1
 62
   256
176
     0
 40
1.0
176
     0
 90
        2
176
     1
  1
strokes_ogs.tif
176
     1
290
     0
176
     1
 40
1.0
176
     1
 40
1.0
176
     1
  0
VISUALSTYLE
  5
81EC
102
{ACAD_REACTORS
330
81E9
102
}
330
81E9
100
AcDbVisualStyle
  2
Gouraud
 70
     2
177
     3
291
     1
 70
    58
 90
        2
176
     1
 90
        2
176
     1
 90
        1
176
     1
 90
        2
176
     1
 40
0.6
176
     1
 40
30.0
176
     1
 62
     7
176
     1
 90
        0
176
     1
 90
        4
176
     1
 62
     7
176
     1
 62
   257
176
     1
 90
        1
176
     1
 90
        1
176
     1
 40
1.0
176
     1
 90
        0
176
     1
 62
     7
176
     1
 40
1.0
176
     1
 90
        1
176
     1
 90
        6
176
     1
 90
        2
176
     1
 62
     7
176
     1
 90
        5
176
     1
 90
        0
176
     1
 90
        0
176
     1
290
     0
176
     1
 90
       13
176
     1
 40
0.0
176
     1
 90
        0
176
     1
290
     0
176
     1
290
     1
176
     1
290
     1
176
     1
290
     0
176
     1
290
     0
176
     1
290
     0
176
     1
290
     0
176
     1
290
     0
176
     1
290
     0
176
     1
 90
       50
176
     1
 40
0.0
176
     1
 40
1.0
176
     1
 90
        0
176
     1
 62
    18
420
        0
176
     1
 90
       50
176
     1
 90
        3
176
     1
 62
     5
420
      255
176
     1
290
     0
176
     1
 90
       50
176
     1
 90
       50
176
     1
 90
       50
176
     1
290
     0
176
     1
 90
       50
176
     1
 62
   256
176
     0
 40
1.0
176
     0
 90
        2
176
     1
  1
strokes_ogs.tif
176
     1
290
     0
176
     1
 40
1.0
176
     1
 40
1.0
176
     1
  0
VISUALSTYLE
  5
81ED
102
{ACAD_REACTORS
330
81E9
102
}
330
81E9
100
AcDbVisualStyle
  2
GouraudWithEdges
 70
     3
177
     3
291
     1
 70
    58
 90
        2
176
     1
 90
        2
176
     1
 90
        1
176
     1
 90
        2
176
     1
 40
0.6
176
     1
 40
30.0
176
     1
 62
     7
176
     1
 90
        1
176
     1
 90
        4
176
     1
 62
     7
176
     1
 62
   257
176
     1
 90
        1
176
     1
 90
        1
176
     1
 40
1.0
176
     1
 90
        0
176
     1
 62
   257
176
     1
 40
1.0
176
     1
 90
        1
176
     1
 90
        6
176
     1
 90
        2
176
     1
 62
     7
176
     1
 90
        5
176
     1
 90
        0
176
     1
 90
        0
176
     1
290
     0
176
     1
 90
       13
176
     1
 40
0.0
176
     1
 90
        0
176
     1
290
     0
176
     1
290
     1
176
     1
290
     1
176
     1
290
     0
176
     1
290
     0
176
     1
290
     0
176
     1
290
     0
176
     1
290
     0
176
     1
290
     0
176
     1
 90
       50
176
     1
 40
0.0
176
     1
 40
1.0
176
     1
 90
        0
176
     1
 62
    18
420
        0
176
     1
 90
       50
176
     1
 90
        3
176
     1
 62
     5
420
      255
176
     1
290
     0
176
     1
 90
       50
176
     1
 90
       50
176
     1
 90
       50
176
     1
290
     0
176
     1
 90
       50
176
     1
 62
   256
176
     0
 40
1.0
176
     0
 90
        2
176
     1
  1
strokes_ogs.tif
176
     1
290
     0
176
     1
 40
1.0
176
     1
 40
1.0
176
     1
  0
VISUALSTYLE
  5
88B5
102
{ACAD_REACTORS
330
81E9
102
}
330
81E9
100
AcDbVisualStyle
  2
Hidden
 70
     6
177
     3
291
     0
 70
    58
 90
        1
176
     1
 90
        2
176
     1
 90
        2
176
     1
 90
        0
176
     1
 40
0.6
176
     1
 40
30.0
176
     1
 62
     7
420
 16777215
176
     1
 90
        2
176
     1
 90
        2
176
     1
 62
     7
176
     1
 62
   257
176
     1
 90
        2
176
     1
 90
        1
176
     1
 40
40.0
176
     1
 90
        0
176
     1
 62
   257
176
     1
 40
1.0
176
     1
 90
        1
176
     1
 90
        6
176
     1
 90
        2
176
     1
 62
     7
176
     1
 90
        3
176
     1
 90
        0
176
     1
 90
        0
176
     1
290
     0
176
     1
 90
        1
176
     1
 40
0.0
176
     1
 90
        0
176
     1
290
     0
176
     1
290
     1
176
     1
290
     1
176
     1
290
     0
176
     1
290
     0
176
     1
290
     0
176
     1
290
     0
176
     1
290
     0
176
     1
290
     0
176
     1
 90
       50
176
     1
 40
0.0
176
     1
 40
1.0
176
     1
 90
        0
176
     1
 62
    18
420
        0
176
     1
 90
       50
176
     1
 90
        3
176
     1
 62
     5
420
      255
176
     1
290
     0
176
     1
 90
       50
176
     1
 90
       50
176
     1
 90
       50
176
     1
290
     0
176
     1
 90
       50
176
     1
 62
   256
176
     0
 40
1.0
176
     0
 90
        2
176
     1
  1
strokes_ogs.tif
176
     1
290
     0
176
     1
 40
1.0
176
     1
 40
1.0
176
     1
  0
VISUALSTYLE
  5
88BB
102
{ACAD_REACTORS
330
81E9
102
}
330
81E9
100
AcDbVisualStyle
  2
JitterOff
 70
    20
177
     3
291
     1
 70
    58
 90
        2
176
     0
 90
        2
176
     0
 90
        0
176
     0
 90
        0
176
     0
 40
0.6
176
     0
 40
30.0
176
     0
 62
     7
420
 16777215
176
     0
 90
        1
176
     0
 90
        4
176
     0
 62
     7
176
     0
 62
   257
176
     0
 90
        1
176
     0
 90
        1
176
     0
 40
1.0
176
     0
 90
       10
176
     2
 62
     7
176
     0
 40
1.0
176
     0
 90
        1
176
     0
 90
        6
176
     0
 90
        2
176
     0
 62
     7
176
     0
 90
        5
176
     0
 90
        0
176
     0
 90
        0
176
     0
290
     0
176
     0
 90
        1
176
     0
 40
0.0
176
     0
 90
        0
176
     0
290
     0
176
     1
290
     1
176
     1
290
     1
176
     1
290
     0
176
     1
290
     0
176
     1
290
     0
176
     1
290
     0
176
     1
290
     0
176
     1
290
     0
176
     1
 90
       50
176
     1
 40
0.0
176
     1
 40
1.0
176
     1
 90
        0
176
     1
 62
    18
420
        0
176
     1
 90
       50
176
     1
 90
        3
176
     1
 62
     5
420
      255
176
     1
290
     0
176
     1
 90
       50
176
     1
 90
       50
176
     1
 90
       50
176
     1
290
     0
176
     1
 90
       50
176
     1
 62
   256
176
     0
 40
1.0
176
     0
 90
        2
176
     1
  1
strokes_ogs.tif
176
     1
290
     0
176
     1
 40
1.0
176
     1
 40
1.0
176
     1
  0
VISUALSTYLE
  5
81F7
102
{ACAD_REACTORS
330
81E9
102
}
330
81E9
100
AcDbVisualStyle
  2
Linepattern
 70
    14
177
     3
291
     1
 70
    58
 90
        2
176
     1
 90
        2
176
     1
 90
        0
176
     1
 90
        0
176
     1
 40
0.6
176
     1
 40
30.0
176
     1
 62
     7
176
     1
 90
        1
176
     1
 90
        4
176
     1
 62
     7
176
     1
 62
   257
176
     1
 90
        7
176
     1
 90
        7
176
     1
 40
1.0
176
     1
 90
        8
176
     1
 62
     7
176
     1
 40
1.0
176
     1
 90
        1
176
     1
 90
        6
176
     1
 90
        2
176
     1
 62
     7
176
     1
 90
        5
176
     1
 90
        0
176
     1
 90
        0
176
     1
290
     0
176
     1
 90
        1
176
     1
 40
0.0
176
     1
 90
        0
176
     1
290
     0
176
     1
290
     1
176
     1
290
     1
176
     1
290
     0
176
     1
290
     0
176
     1
290
     0
176
     1
290
     0
176
     1
290
     0
176
     1
290
     0
176
     1
 90
       50
176
     1
 40
0.0
176
     1
 40
1.0
176
     1
 90
        0
176
     1
 62
    18
420
        0
176
     1
 90
       50
176
     1
 90
        3
176
     1
 62
     5
420
      255
176
     1
290
     0
176
     1
 90
       50
176
     1
 90
       50
176
     1
 90
       50
176
     1
290
     0
176
     1
 90
       50
176
     1
 62
   256
176
     0
 40
1.0
176
     0
 90
        2
176
     1
  1
strokes_ogs.tif
176
     1
290
     0
176
     1
 40
1.0
176
     1
 40
1.0
176
     1
  0
VISUALSTYLE
  5
88BC
102
{ACAD_REACTORS
330
81E9
102
}
330
81E9
100
AcDbVisualStyle
  2
OverhangOff
 70
    21
177
     3
291
     1
 70
    58
 90
        2
176
     0
 90
        2
176
     0
 90
        0
176
     0
 90
        0
176
     0
 40
0.6
176
     0
 40
30.0
176
     0
 62
     7
420
 16777215
176
     0
 90
        1
176
     0
 90
        4
176
     0
 62
     7
176
     0
 62
   257
176
     0
 90
        1
176
     0
 90
        1
176
     0
 40
1.0
176
     0
 90
        9
176
     2
 62
     7
176
     0
 40
1.0
176
     0
 90
        1
176
     0
 90
        6
176
     0
 90
        2
176
     0
 62
     7
176
     0
 90
        5
176
     0
 90
        0
176
     0
 90
        0
176
     0
290
     0
176
     0
 90
        1
176
     0
 40
0.0
176
     0
 90
        0
176
     0
290
     0
176
     1
290
     1
176
     1
290
     1
176
     1
290
     0
176
     1
290
     0
176
     1
290
     0
176
     1
290
     0
176
     1
290
     0
176
     1
290
     0
176
     1
 90
       50
176
     1
 40
0.0
176
     1
 40
1.0
176
     1
 90
        0
176
     1
 62
    18
420
        0
176
     1
 90
       50
176
     1
 90
        3
176
     1
 62
     5
420
      255
176
     1
290
     0
176
     1
 90
       50
176
     1
 90
       50
176
     1
 90
       50
176
     1
290
     0
176
     1
 90
       50
176
     1
 62
   256
176
     0
 40
1.0
176
     0
 90
        2
176
     1
  1
strokes_ogs.tif
176
     1
290
     0
176
     1
 40
1.0
176
     1
 40
1.0
176
     1
  0
VISUALSTYLE
  5
81F3
102
{ACAD_REACTORS
330
81E9
102
}
330
81E9
100
AcDbVisualStyle
  2
Realistic
 70
     8
177
     3
291
     0
 70
    58
 90
        2
176
     1
 90
        2
176
     1
 90
        0
176
     1
 90
        0
176
     1
 40
0.6
176
     1
 40
30.0
176
     1
 62
     7
176
     1
 90
        1
176
     1
 90
        0
176
     1
 62
     7
176
     1
 62
   257
176
     1
 90
        1
176
     1
 90
        1
176
     1
 40
1.0
176
     1
 90
        8
176
     1
 62
     8
176
     1
 40
1.0
176
     1
 90
        1
176
     1
 90
        6
176
     1
 90
        2
176
     1
 62
     7
176
     1
 90
        5
176
     1
 90
        0
176
     1
 90
        0
176
     1
290
     0
176
     1
 90
       13
176
     1
 40
0.0
176
     1
 90
        0
176
     1
290
     0
176
     1
290
     1
176
     1
290
     1
176
     1
290
     0
176
     1
290
     0
176
     1
290
     0
176
     1
290
     0
176
     1
290
     0
176
     1
290
     0
176
     1
 90
       50
176
     1
 40
0.0
176
     1
 40
1.0
176
     1
 90
        0
176
     1
 62
    18
420
        0
176
     1
 90
       50
176
     1
 90
        3
176
     1
 62
     5
420
      255
176
     1
290
     0
176
     1
 90
       50
176
     1
 90
       50
176
     1
 90
       50
176
     1
290
     0
176
     1
 90
       50
176
     1
 62
   256
176
     0
 40
1.0
176
     0
 90
        2
176
     1
  1
strokes_ogs.tif
176
     1
290
     0
176
     1
 40
1.0
176
     1
 40
1.0
176
     1
  0
VISUALSTYLE
  5
88BA
102
{ACAD_REACTORS
330
81E9
102
}
330
81E9
100
AcDbVisualStyle
  2
Shaded
 70
    27
177
     3
291
     0
 70
    58
 90
        2
176
     1
 90
        2
176
     1
 90
        1
176
     1
 90
        2
176
     1
 40
0.6
176
     1
 40
30.0
176
     1
 62
     7
420
 16777215
176
     1
 90
        0
176
     1
 90
        4
176
     1
 62
     7
176
     1
 62
   257
176
     1
 90
        1
176
     1
 90
        1
176
     1
 40
1.0
176
     1
 90
        8
176
     1
 62
   257
176
     1
 40
1.0
176
     1
 90
        1
176
     1
 90
        6
176
     1
 90
        2
176
     1
 62
     8
420
  7895160
176
     1
 90
        3
176
     1
 90
        0
176
     1
 90
        0
176
     1
290
     0
176
     1
 90
        5
176
     1
 40
0.0
176
     1
 90
        0
176
     1
290
     0
176
     1
290
     1
176
     1
290
     1
176
     1
290
     0
176
     1
290
     0
176
     1
290
     0
176
     1
290
     0
176
     1
290
     0
176
     1
290
     0
176
     1
 90
       50
176
     1
 40
0.0
176
     1
 40
1.0
176
     1
 90
        0
176
     1
 62
    18
420
        0
176
     1
 90
       50
176
     1
 90
        3
176
     1
 62
     5
420
      255
176
     1
290
     0
176
     1
 90
       50
176
     1
 90
       50
176
     1
 90
       50
176
     1
290
     0
176
     1
 90
       50
176
     1
 62
   256
176
     0
 40
1.0
176
     0
 90
        2
176
     1
  1
strokes_ogs.tif
176
     1
290
     0
176
     1
 40
1.0
176
     1
 40
1.0
176
     1
  0
VISUALSTYLE
  5
88B9
102
{ACAD_REACTORS
330
81E9
102
}
330
81E9
100
AcDbVisualStyle
  2
Shaded with edges
 70
    26
177
     3
291
     0
 70
    58
 90
        2
176
     1
 90
        2
176
     1
 90
        1
176
     1
 90
        2
176
     1
 40
0.6
176
     1
 40
30.0
176
     1
 62
     7
420
 16777215
176
     1
 90
        1
176
     1
 90
       10
176
     1
 62
     7
176
     1
 62
   257
176
     1
 90
        2
176
     1
 90
        1
176
     1
 40
1.0
176
     1
 90
        8
176
     1
 62
   257
176
     1
 40
1.0
176
     1
 90
        1
176
     1
 90
        6
176
     1
 90
        2
176
     1
 62
     7
176
     1
 90
        3
176
     1
 90
        0
176
     1
 90
        0
176
     1
290
     0
176
     1
 90
        5
176
     1
 40
0.0
176
     1
 90
        0
176
     1
290
     0
176
     1
290
     1
176
     1
290
     1
176
     1
290
     0
176
     1
290
     0
176
     1
290
     0
176
     1
290
     0
176
     1
290
     0
176
     1
290
     0
176
     1
 90
       50
176
     1
 40
0.0
176
     1
 40
1.0
176
     1
 90
        0
176
     1
 62
    18
420
        0
176
     1
 90
       50
176
     1
 90
        3
176
     1
 62
     5
420
      255
176
     1
290
     0
176
     1
 90
       50
176
     1
 90
       50
176
     1
 90
       50
176
     1
290
     0
176
     1
 90
       50
176
     1
 62
   256
176
     0
 40
1.0
176
     0
 90
        2
176
     1
  1
strokes_ogs.tif
176
     1
290
     0
176
     1
 40
1.0
176
     1
 40
1.0
176
     1
  0
VISUALSTYLE
  5
88B6
102
{ACAD_REACTORS
330
81E9
102
}
330
81E9
100
AcDbVisualStyle
  2
Shades of Gray
 70
    23
177
     3
291
     0
 70
    58
 90
        2
176
     1
 90
        2
176
     1
 90
        3
176
     1
 90
        0
176
     1
 40
0.6
176
     1
 40
30.0
176
     1
 62
     7
420
 16777215
176
     1
 90
        2
176
     1
 90
        2
176
     1
 62
     7
176
     1
 62
     7
176
     1
 90
        1
176
     1
 90
        1
176
     1
 40
40.0
176
     1
 90
        8
176
     1
 62
     7
176
     1
 40
1.0
176
     1
 90
        1
176
     1
 90
        6
176
     1
 90
        2
176
     1
 62
     7
176
     1
 90
        3
176
     1
 90
        0
176
     1
 90
        0
176
     1
290
     0
176
     1
 90
        1
176
     1
 40
0.0
176
     1
 90
        0
176
     1
290
     0
176
     1
290
     1
176
     1
290
     1
176
     1
290
     0
176
     1
290
     0
176
     1
290
     0
176
     1
290
     0
176
     1
290
     0
176
     1
290
     0
176
     1
 90
       50
176
     1
 40
0.0
176
     1
 40
1.0
176
     1
 90
        0
176
     1
 62
    18
420
        0
176
     1
 90
       50
176
     1
 90
        3
176
     1
 62
     5
420
      255
176
     1
290
     0
176
     1
 90
       50
176
     1
 90
       50
176
     1
 90
       50
176
     1
290
     0
176
     1
 90
       50
176
     1
 62
   256
176
     0
 40
1.0
176
     0
 90
        2
176
     1
  1
strokes_ogs.tif
176
     1
290
     0
176
     1
 40
1.0
176
     1
 40
1.0
176
     1
  0
VISUALSTYLE
  5
88B7
102
{ACAD_REACTORS
330
81E9
102
}
330
81E9
100
AcDbVisualStyle
  2
Sketchy
 70
    24
177
     3
291
     0
 70
    58
 90
        1
176
     1
 90
        2
176
     1
 90
        2
176
     1
 90
        0
176
     1
 40
0.6
176
     1
 40
30.0
176
     1
 62
     7
420
 16777215
176
     1
 90
        2
176
     1
 90
        2
176
     1
 62
     7
176
     1
 62
     7
176
     1
 90
        1
176
     1
 90
        1
176
     1
 40
40.0
176
     1
 90
       11
176
     1
 62
     7
176
     1
 40
1.0
176
     1
 90
        1
176
     1
 90
        6
176
     1
 90
        2
176
     1
 62
     7
176
     1
 90
        6
176
     1
 90
        0
176
     1
 90
        0
176
     1
290
     0
176
     1
 90
        1
176
     1
 40
0.0
176
     1
 90
        0
176
     1
290
     0
176
     1
290
     1
176
     1
290
     1
176
     1
290
     0
176
     1
290
     0
176
     1
290
     0
176
     1
290
     0
176
     1
290
     0
176
     1
290
     0
176
     1
 90
       50
176
     1
 40
0.0
176
     1
 40
1.0
176
     1
 90
        0
176
     1
 62
    18
420
        0
176
     1
 90
       50
176
     1
 90
        3
176
     1
 62
     5
420
      255
176
     1
290
     0
176
     1
 90
       50
176
     1
 90
       50
176
     1
 90
       50
176
     1
290
     0
176
     1
 90
       50
176
     1
 62
   256
176
     0
 40
1.0
176
     0
 90
        2
176
     1
  1
strokes_ogs.tif
176
     1
290
     0
176
     1
 40
1.0
176
     1
 40
1.0
176
     1
  0
VISUALSTYLE
  5
81F6
102
{ACAD_REACTORS
330
81E9
102
}
330
81E9
100
AcDbVisualStyle
  2
Thicken
 70
    13
177
     3
291
     1
 70
    58
 90
        2
176
     1
 90
        2
176
     1
 90
        0
176
     1
 90
        0
176
     1
 40
0.6
176
     1
 40
30.0
176
     1
 62
     7
176
     1
 90
        1
176
     1
 90
        4
176
     1
 62
     7
176
     1
 62
   257
176
     1
 90
        1
176
     1
 90
        1
176
     1
 40
1.0
176
     1
 90
       12
176
     1
 62
     7
176
     1
 40
1.0
176
     1
 90
        1
176
     1
 90
        6
176
     1
 90
        2
176
     1
 62
     7
176
     1
 90
        5
176
     1
 90
        0
176
     1
 90
        0
176
     1
290
     0
176
     1
 90
        1
176
     1
 40
0.0
176
     1
 90
        0
176
     1
290
     0
176
     1
290
     1
176
     1
290
     1
176
     1
290
     0
176
     1
290
     0
176
     1
290
     0
176
     1
290
     0
176
     1
290
     0
176
     1
290
     0
176
     1
 90
       50
176
     1
 40
0.0
176
     1
 40
1.0
176
     1
 90
        0
176
     1
 62
    18
420
        0
176
     1
 90
       50
176
     1
 90
        3
176
     1
 62
     5
420
      255
176
     1
290
     0
176
     1
 90
       50
176
     1
 90
       50
176
     1
 90
       50
176
     1
290
     0
176
     1
 90
       50
176
     1
 62
   256
176
     0
 40
1.0
176
     0
 90
        2
176
     1
  1
strokes_ogs.tif
176
     1
290
     0
176
     1
 40
1.0
176
     1
 40
1.0
176
     1
  0
VISUALSTYLE
  5
88B4
102
{ACAD_REACTORS
330
81E9
102
}
330
81E9
100
AcDbVisualStyle
  2
Wireframe
 70
     5
177
     3
291
     0
 70
    58
 90
        0
176
     1
 90
        2
176
     1
 90
        0
176
     1
 90
        0
176
     1
 40
0.6
176
     1
 40
30.0
176
     1
 62
     7
420
 16777215
176
     1
 90
        1
176
     1
 90
        4
176
     1
 62
     7
176
     1
 62
   257
176
     1
 90
        1
176
     1
 90
        1
176
     1
 40
1.0
176
     1
 90
        0
176
     1
 62
   257
176
     1
 40
1.0
176
     1
 90
        1
176
     1
 90
        6
176
     1
 90
        2
176
     1
 62
     7
176
     1
 90
        3
176
     1
 90
        0
176
     1
 90
        0
176
     1
290
     0
176
     1
 90
        1
176
     1
 40
0.0
176
     1
 90
        0
176
     1
290
     0
176
     1
290
     1
176
     1
290
     1
176
     1
290
     0
176
     1
290
     0
176
     1
290
     0
176
     1
290
     0
176
     1
290
     0
176
     1
290
     0
176
     1
 90
       50
176
     1
 40
0.0
176
     1
 40
1.0
176
     1
 90
        0
176
     1
 62
    18
420
        0
176
     1
 90
       50
176
     1
 90
        3
176
     1
 62
     5
420
      255
176
     1
290
     0
176
     1
 90
       50
176
     1
 90
       50
176
     1
 90
       50
176
     1
290
     0
176
     1
 90
       50
176
     1
 62
   256
176
     0
 40
1.0
176
     0
 90
        2
176
     1
  1
strokes_ogs.tif
176
     1
290
     0
176
     1
 40
1.0
176
     1
 40
1.0
176
     1
  0
VISUALSTYLE
  5
88B8
102
{ACAD_REACTORS
330
81E9
102
}
330
81E9
100
AcDbVisualStyle
  2
X-Ray
 70
    25
177
     3
291
     0
 70
    58
 90
        2
176
     1
 90
        2
176
     1
 90
        1
176
     1
 90
        1
176
     1
 40
0.5
176
     1
 40
30.0
176
     1
 62
     7
420
 16777215
176
     1
 90
        1
176
     1
 90
        0
176
     1
 62
     7
176
     1
 62
   257
176
     1
 90
        1
176
     1
 90
        1
176
     1
 40
1.0
176
     1
 90
        8
176
     1
 62
     7
176
     1
 40
1.0
176
     1
 90
        1
176
     1
 90
        6
176
     1
 90
        2
176
     1
 62
     7
176
     1
 90
        3
176
     1
 90
        0
176
     1
 90
        0
176
     1
290
     0
176
     1
 90
       13
176
     1
 40
0.0
176
     1
 90
        0
176
     1
290
     0
176
     1
290
     1
176
     1
290
     1
176
     1
290
     0
176
     1
290
     0
176
     1
290
     0
176
     1
290
     0
176
     1
290
     0
176
     1
290
     0
176
     1
 90
       50
176
     1
 40
0.0
176
     1
 40
1.0
176
     1
 90
        0
176
     1
 62
    18
420
        0
176
     1
 90
       50
176
     1
 90
        3
176
     1
 62
     5
420
      255
176
     1
290
     0
176
     1
 90
       50
176
     1
 90
       50
176
     1
 90
       50
176
     1
290
     0
176
     1
 90
       50
176
     1
 62
   256
176
     0
 40
1.0
176
     0
 90
        2
176
     1
  1
strokes_ogs.tif
176
     1
290
     0
176
     1
 40
1.0
176
     1
 40
1.0
176
     1
  0
DICTIONARYVAR
  5
82C6
102
{ACAD_REACTORS
330
55
102
}
330
55
100
DictionaryVariables
280
     0
  1
1:1
  0
DICTIONARYVAR
  5
82C4
102
{ACAD_REACTORS
330
55
102
}
330
55
100
DictionaryVariables
280
     0
  1
STANDARD
  0
DICTIONARYVAR
  5
926
102
{ACAD_REACTORS
330
55
102
}
330
55
100
DictionaryVariables
280
     0
  1
STANDARD
  0
DICTIONARYVAR
  5
8911
102
{ACAD_REACTORS
330
55
102
}
330
55
100
DictionaryVariables
280
     0
  1
Metric50
  0
DICTIONARYVAR
  5
8912
102
{ACAD_REACTORS
330
55
102
}
330
55
100
DictionaryVariables
280
     0
  1
Metric50
  0
DICTIONARYVAR
  5
8888
102
{ACAD_REACTORS
330
55
102
}
330
55
100
DictionaryVariables
280
     0
  1
1
  0
DICTIONARYVAR
  5
56
102
{ACAD_REACTORS
330
55
102
}
330
55
100
DictionaryVariables
280
     0
  1
0
  0
DICTIONARYVAR
  5
88CF
102
{ACAD_REACTORS
330
55
102
}
330
55
100
DictionaryVariables
280
     0
  1
1
  0
DICTIONARYVAR
  5
88D0
102
{ACAD_REACTORS
330
55
102
}
330
55
100
DictionaryVariables
280
     0
  1
15
  0
DICTIONARYVAR
  5
82C7
102
{ACAD_REACTORS
330
55
102
}
330
55
100
DictionaryVariables
280
     0
  1
0
  0
DICTIONARYVAR
  5
82C5
102
{ACAD_REACTORS
330
55
102
}
330
55
100
DictionaryVariables
280
     0
  1
0
  0
DICTIONARYVAR
  5
8887
102
{ACAD_REACTORS
330
55
102
}
330
55
100
DictionaryVariables
280
     0
  1
127
  0
DICTIONARY
  5
665
102
{ACAD_REACTORS
330
64
102
}
330
64
100
AcDbDictionary
281
     1
  0
XRECORD
  5
869
102
{ACAD_REACTORS
330
64
102
}
330
64
100
AcDbXrecord
280
     1
 90
-1023410169
  0
DICTIONARY
  5
8916
330
88DA
100
AcDbDictionary
280
     1
281
     1
  3
ACAD_XREC_ROUNDTRIP
360
8917
  0
DICTIONARY
  5
8914
330
88D8
100
AcDbDictionary
280
     1
281
     1
  3
ACAD_XREC_ROUNDTRIP
360
8915
  0
DICTIONARY
  5
82C1
330
812
100
AcDbDictionary
280
     1
281
     1
  3
ACAD_ROUNDTRIP_2008_TABLESTYLE_CELLSTYLEMAP
360
8913
  0
XRECORD
  5
8917
102
{ACAD_REACTORS
330
8916
102
}
330
8916
100
AcDbXrecord
280
     1
102
DISPLAYNAME
  1
Metric50
102
FLAGS
 90
        0
  0
XRECORD
  5
8915
102
{ACAD_REACTORS
330
8914
102
}
330
8914
100
AcDbXrecord
280
     1
102
DISPLAYNAME
  1
Metric50
102
FLAGS
 90
        0
  0
CELLSTYLEMAP
  5
8913
102
{ACAD_REACTORS
330
82C1
102
}
330
82C1
100
AcDbCellStyleMap
 90
        3
300
CELLSTYLE
  1
TABLEFORMAT_BEGIN
 90
        5
170
     1
 91
        0
 92
    32768
 62
   257
 93
        1
300
CONTENTFORMAT
  1
CONTENTFORMAT_BEGIN
 90
        0
 91
        0
 92
        4
 93
        0
300

 40
0.0
140
1.0
 94
        5
 62
     0
340
11
144
6.0
309
CONTENTFORMAT_END
171
     1
301
MARGIN
  1
CELLMARGIN_BEGIN
 40
1.5
 40
1.5
 40
1.5
 40
1.5
 40
0.18
 40
0.18
309
CELLMARGIN_END
 94
        6
 95
        1
302
GRIDFORMAT
  1
GRIDFORMAT_BEGIN
 90
        0
 91
        1
 62
     0
 92
       -2
340
0
 93
        0
 40
0.045
309
GRIDFORMAT_END
 95
        2
302
GRIDFORMAT
  1
GRIDFORMAT_BEGIN
 90
        0
 91
        1
 62
     0
 92
       -2
340
0
 93
        0
 40
0.045
309
GRIDFORMAT_END
 95
        4
302
GRIDFORMAT
  1
GRIDFORMAT_BEGIN
 90
        0
 91
        1
 62
     0
 92
       -2
340
0
 93
        0
 40
0.045
309
GRIDFORMAT_END
 95
        8
302
GRIDFORMAT
  1
GRIDFORMAT_BEGIN
 90
        0
 91
        1
 62
     0
 92
       -2
340
0
 93
        0
 40
0.045
309
GRIDFORMAT_END
 95
       16
302
GRIDFORMAT
  1
GRIDFORMAT_BEGIN
 90
        0
 91
        1
 62
     0
 92
       -2
340
0
 93
        0
 40
0.045
309
GRIDFORMAT_END
 95
       32
302
GRIDFORMAT
  1
GRIDFORMAT_BEGIN
 90
        0
 91
        1
 62
     0
 92
       -2
340
0
 93
        0
 40
0.045
309
GRIDFORMAT_END
309
TABLEFORMAT_END
  1
CELLSTYLE_BEGIN
 90
        1
 91
        1
300
_TITLE
309
CELLSTYLE_END
300
CELLSTYLE
  1
TABLEFORMAT_BEGIN
 90
        5
170
     1
 91
        0
 92
        0
 62
   257
 93
        1
300
CONTENTFORMAT
  1
CONTENTFORMAT_BEGIN
 90
        0
 91
        0
 92
        4
 93
        0
300

 40
0.0
140
1.0
 94
        5
 62
     0
340
11
144
4.5
309
CONTENTFORMAT_END
171
     1
301
MARGIN
  1
CELLMARGIN_BEGIN
 40
1.5
 40
1.5
 40
1.5
 40
1.5
 40
0.18
 40
0.18
309
CELLMARGIN_END
 94
        6
 95
        1
302
GRIDFORMAT
  1
GRIDFORMAT_BEGIN
 90
        0
 91
        1
 62
     0
 92
       -2
340
0
 93
        0
 40
0.045
309
GRIDFORMAT_END
 95
        2
302
GRIDFORMAT
  1
GRIDFORMAT_BEGIN
 90
        0
 91
        1
 62
     0
 92
       -2
340
0
 93
        0
 40
0.045
309
GRIDFORMAT_END
 95
        4
302
GRIDFORMAT
  1
GRIDFORMAT_BEGIN
 90
        0
 91
        1
 62
     0
 92
       -2
340
0
 93
        0
 40
0.045
309
GRIDFORMAT_END
 95
        8
302
GRIDFORMAT
  1
GRIDFORMAT_BEGIN
 90
        0
 91
        1
 62
     0
 92
       -2
340
0
 93
        0
 40
0.045
309
GRIDFORMAT_END
 95
       16
302
GRIDFORMAT
  1
GRIDFORMAT_BEGIN
 90
        0
 91
        1
 62
     0
 92
       -2
340
0
 93
        0
 40
0.045
309
GRIDFORMAT_END
 95
       32
302
GRIDFORMAT
  1
GRIDFORMAT_BEGIN
 90
        0
 91
        1
 62
     0
 92
       -2
340
0
 93
        0
 40
0.045
309
GRIDFORMAT_END
309
TABLEFORMAT_END
  1
CELLSTYLE_BEGIN
 90
        2
 91
        1
300
_HEADER
309
CELLSTYLE_END
300
CELLSTYLE
  1
TABLEFORMAT_BEGIN
 90
        5
170
     1
 91
        0
 92
        0
 62
   257
 93
        1
300
CONTENTFORMAT
  1
CONTENTFORMAT_BEGIN
 90
        0
 91
        0
 92
        4
 93
        0
300

 40
0.0
140
1.0
 94
        2
 62
     0
340
11
144
4.5
309
CONTENTFORMAT_END
171
     1
301
MARGIN
  1
CELLMARGIN_BEGIN
 40
1.5
 40
1.5
 40
1.5
 40
1.5
 40
0.18
 40
0.18
309
CELLMARGIN_END
 94
        6
 95
        1
302
GRIDFORMAT
  1
GRIDFORMAT_BEGIN
 90
        0
 91
        1
 62
     0
 92
       -2
340
0
 93
        0
 40
0.045
309
GRIDFORMAT_END
 95
        2
302
GRIDFORMAT
  1
GRIDFORMAT_BEGIN
 90
        0
 91
        1
 62
     0
 92
       -2
340
0
 93
        0
 40
0.045
309
GRIDFORMAT_END
 95
        4
302
GRIDFORMAT
  1
GRIDFORMAT_BEGIN
 90
        0
 91
        1
 62
     0
 92
       -2
340
0
 93
        0
 40
0.045
309
GRIDFORMAT_END
 95
        8
302
GRIDFORMAT
  1
GRIDFORMAT_BEGIN
 90
        0
 91
        1
 62
     0
 92
       -2
340
0
 93
        0
 40
0.045
309
GRIDFORMAT_END
 95
       16
302
GRIDFORMAT
  1
GRIDFORMAT_BEGIN
 90
        0
 91
        1
 62
     0
 92
       -2
340
0
 93
        0
 40
0.045
309
GRIDFORMAT_END
 95
       32
302
GRIDFORMAT
  1
GRIDFORMAT_BEGIN
 90
        0
 91
        1
 62
     0
 92
       -2
340
0
 93
        0
 40
0.045
309
GRIDFORMAT_END
309
TABLEFORMAT_END
  1
CELLSTYLE_BEGIN
 90
        3
 91
        2
300
_DATA
309
CELLSTYLE_END
  0
ENDSEC
  0
EOF
