  0
SECTION
  2
HEADER
  9
$ACADVER
  1
AC1024
  9
$ACADMAINTVER
 70
    63
  9
$DWGCODEPAGE
  3
ANSI_1252
  9
$LASTSAVEDBY
  1
uhlaender
  9
$CUSTOMPROPERTYTAG
  1
AmdtFileType
  9
$CUSTOMPROPERTY
  1
84
  9
$INSBASE
 10
0.0
 20
0.0
 30
0.0
  9
$EXTMIN
 10
-1268.796389639468
 20
267.7795978052527
 30
-0.0015258207003583
  9
$EXTMAX
 10
-888.4577361974002
 20
826.4290499409089
 30
0.0000000349246037
  9
$LIMMIN
 10
0.0
 20
0.0
  9
$LIMMAX
 10
420.0
 20
297.0
  9
$ORTHOMODE
 70
     0
  9
$REGENMODE
 70
     1
  9
$FILLMODE
 70
     1
  9
$QTEXTMODE
 70
     0
  9
$MIRRTEXT
 70
     1
  9
$LTSCALE
 40
10.0
  9
$ATTMODE
 70
     1
  9
$TEXTSIZE
 40
2.5
  9
$TRACEWID
 40
1.0
  9
$TEXTSTYLE
  7
Standard
  9
$CLAYER
  8
HALFEN
  9
$CELTYPE
  6
ByLayer
  9
$CECOLOR
 62
   256
  9
$CELTSCALE
 40
1.0
  9
$DISPSILH
 70
     0
  9
$DIMSCALE
 40
1.0
  9
$DIMASZ
 40
3.5
  9
$DIMEXO
 40
1.0
  9
$DIMDLI
 40
10.0
  9
$DIMRND
 40
0.0
  9
$DIMDLE
 40
0.0
  9
$DIMEXE
 40
1.0
  9
$DIMTP
 40
0.1
  9
$DIMTM
 40
0.1
  9
$DIMTXT
 40
3.5
  9
$DIMCEN
 40
0.0
  9
$DIMTSZ
 40
0.0
  9
$DIMTOL
 70
     0
  9
$DIMLIM
 70
     0
  9
$DIMTIH
 70
     0
  9
$DIMTOH
 70
     0
  9
$DIMSE1
 70
     0
  9
$DIMSE2
 70
     0
  9
$DIMTAD
 70
     1
  9
$DIMZIN
 70
     8
  9
$DIMBLK
  1

  9
$DIMASO
 70
     1
  9
$DIMSHO
 70
     1
  9
$DIMPOST
  1

  9
$DIMAPOST
  1
"
  9
$DIMALT
 70
     0
  9
$DIMALTD
 70
     2
  9
$DIMALTF
 40
0.0393701
  9
$DIMLFAC
 40
1.0
  9
$DIMTOFL
 70
     1
  9
$DIMTVP
 40
0.0
  9
$DIMTIX
 70
     0
  9
$DIMSOXD
 70
     0
  9
$DIMSAH
 70
     0
  9
$DIMBLK1
  1

  9
$DIMBLK2
  1

  9
$DIMSTYLE
  2
AM_DIN
  9
$DIMCLRD
 70
   256
  9
$DIMCLRE
 70
   256
  9
$DIMCLRT
 70
     2
  9
$DIMTFAC
 40
0.71
  9
$DIMGAP
 40
1.5
  9
$DIMJUST
 70
     0
  9
$DIMSD1
 70
     0
  9
$DIMSD2
 70
     0
  9
$DIMTOLJ
 70
     0
  9
$DIMTZIN
 70
     8
  9
$DIMALTZ
 70
     0
  9
$DIMALTTZ
 70
     0
  9
$DIMUPT
 70
     0
  9
$DIMDEC
 70
     2
  9
$DIMTDEC
 70
     3
  9
$DIMALTU
 70
     2
  9
$DIMALTTD
 70
     4
  9
$DIMTXSTY
  7
Standard
  9
$DIMAUNIT
 70
     0
  9
$DIMADEC
 70
     0
  9
$DIMALTRND
 40
0.0
  9
$DIMAZIN
 70
     2
  9
$DIMDSEP
 70
    46
  9
$DIMATFIT
 70
     3
  9
$DIMFRAC
 70
     0
  9
$DIMLDRBLK
  1

  9
$DIMLUNIT
 70
     2
  9
$DIMLWD
 70
    -1
  9
$DIMLWE
 70
    -1
  9
$DIMTMOVE
 70
     0
  9
$DIMFXL
 40
1.0
  9
$DIMFXLON
 70
     0
  9
$DIMJOGANG
 40
1.570796326794896
  9
$DIMTFILL
 70
     0
  9
$DIMTFILLCLR
 70
     0
  9
$DIMARCSYM
 70
     0
  9
$DIMLTYPE
  6
ByBlock
  9
$DIMLTEX1
  6
ByBlock
  9
$DIMLTEX2
  6
ByBlock
  9
$DIMTXTDIRECTION
 70
     0
  9
$LUNITS
 70
     2
  9
$LUPREC
 70
     4
  9
$SKETCHINC
 40
1.0
  9
$FILLETRAD
 40
10.0
  9
$AUNITS
 70
     0
  9
$AUPREC
 70
     0
  9
$MENU
  1
.
  9
$ELEVATION
 40
0.0
  9
$PELEVATION
 40
0.0
  9
$THICKNESS
 40
0.0
  9
$LIMCHECK
 70
     0
  9
$CHAMFERA
 40
10.0
  9
$CHAMFERB
 40
10.0
  9
$CHAMFERC
 40
20.0
  9
$CHAMFERD
 40
0.0
  9
$SKPOLY
 70
     0
  9
$TDCREATE
 40
2453985.431287616
  9
$TDUCREATE
 40
2453985.347954283
  9
$TDUPDATE
 40
2456402.347087327
  9
$TDUUPDATE
 40
2456402.263753993
  9
$TDINDWG
 40
0.6360370949
  9
$TDUSRTIMER
 40
0.6360370949
  9
$USRTIMER
 70
     1
  9
$ANGBASE
 50
0.0
  9
$ANGDIR
 70
     0
  9
$PDMODE
 70
    35
  9
$PDSIZE
 40
0.0
  9
$PLINEWID
 40
0.0
  9
$SPLFRAME
 70
     0
  9
$SPLINETYPE
 70
     6
  9
$SPLINESEGS
 70
     8
  9
$HANDSEED
  5
39CC
  9
$SURFTAB1
 70
     6
  9
$SURFTAB2
 70
     6
  9
$SURFTYPE
 70
     6
  9
$SURFU
 70
     6
  9
$SURFV
 70
     6
  9
$UCSBASE
  2

  9
$UCSNAME
  2

  9
$UCSORG
 10
0.0
 20
0.0
 30
0.0
  9
$UCSXDIR
 10
1.0
 20
0.0
 30
0.0
  9
$UCSYDIR
 10
0.0
 20
1.0
 30
0.0
  9
$UCSORTHOREF
  2

  9
$UCSORTHOVIEW
 70
     0
  9
$UCSORGTOP
 10
0.0
 20
0.0
 30
0.0
  9
$UCSORGBOTTOM
 10
0.0
 20
0.0
 30
0.0
  9
$UCSORGLEFT
 10
0.0
 20
0.0
 30
0.0
  9
$UCSORGRIGHT
 10
0.0
 20
0.0
 30
0.0
  9
$UCSORGFRONT
 10
0.0
 20
0.0
 30
0.0
  9
$UCSORGBACK
 10
0.0
 20
0.0
 30
0.0
  9
$PUCSBASE
  2

  9
$PUCSNAME
  2

  9
$PUCSORG
 10
0.0
 20
0.0
 30
0.0
  9
$PUCSXDIR
 10
1.0
 20
0.0
 30
0.0
  9
$PUCSYDIR
 10
0.0
 20
1.0
 30
0.0
  9
$PUCSORTHOREF
  2

  9
$PUCSORTHOVIEW
 70
     0
  9
$PUCSORGTOP
 10
0.0
 20
0.0
 30
0.0
  9
$PUCSORGBOTTOM
 10
0.0
 20
0.0
 30
0.0
  9
$PUCSORGLEFT
 10
0.0
 20
0.0
 30
0.0
  9
$PUCSORGRIGHT
 10
0.0
 20
0.0
 30
0.0
  9
$PUCSORGFRONT
 10
0.0
 20
0.0
 30
0.0
  9
$PUCSORGBACK
 10
0.0
 20
0.0
 30
0.0
  9
$USERI1
 70
     0
  9
$USERI2
 70
     0
  9
$USERI3
 70
     0
  9
$USERI4
 70
     0
  9
$USERI5
 70
     0
  9
$USERR1
 40
0.0
  9
$USERR2
 40
0.0
  9
$USERR3
 40
0.0
  9
$USERR4
 40
0.0
  9
$USERR5
 40
0.0
  9
$WORLDVIEW
 70
     1
  9
$SHADEDGE
 70
     3
  9
$SHADEDIF
 70
    70
  9
$TILEMODE
 70
     1
  9
$MAXACTVP
 70
    64
  9
$PINSBASE
 10
0.0
 20
0.0
 30
0.0
  9
$PLIMCHECK
 70
     0
  9
$PEXTMIN
 10
1.000000000000000E+20
 20
1.000000000000000E+20
 30
1.000000000000000E+20
  9
$PEXTMAX
 10
-1.000000000000000E+20
 20
-1.000000000000000E+20
 30
-1.000000000000000E+20
  9
$PLIMMIN
 10
0.0
 20
0.0
  9
$PLIMMAX
 10
420.0
 20
297.0
  9
$UNITMODE
 70
     0
  9
$VISRETAIN
 70
     1
  9
$PLINEGEN
 70
     0
  9
$PSLTSCALE
 70
     1
  9
$TREEDEPTH
 70
  3020
  9
$CMLSTYLE
  2
Standard
  9
$CMLJUST
 70
     0
  9
$CMLSCALE
 40
20.0
  9
$PROXYGRAPHICS
 70
     1
  9
$MEASUREMENT
 70
     1
  9
$CELWEIGHT
370
    -1
  9
$ENDCAPS
280
     0
  9
$JOINSTYLE
280
     0
  9
$LWDISPLAY
290
     0
  9
$INSUNITS
 70
     4
  9
$HYPERLINKBASE
  1

  9
$STYLESHEET
  1
Halfen - Plotstil.ctb
  9
$XEDIT
290
     1
  9
$CEPSNTYPE
380
     0
  9
$PSTYLEMODE
290
     1
  9
$FINGERPRINTGUID
  2
{6E654FE4-01DC-4ACB-8850-5DFB4D1A260F}
  9
$VERSIONGUID
  2
{71B834DB-2950-4435-A575-BCC761AB2316}
  9
$EXTNAMES
290
     1
  9
$PSVPSCALE
 40
0.0
  9
$OLESTARTUP
290
     0
  9
$SORTENTS
280
   127
  9
$INDEXCTL
280
     0
  9
$HIDETEXT
280
     0
  9
$XCLIPFRAME
280
     2
  9
$HALOGAP
280
     0
  9
$OBSCOLOR
 70
   257
  9
$OBSLTYPE
280
     0
  9
$INTERSECTIONDISPLAY
280
     0
  9
$INTERSECTIONCOLOR
 70
   257
  9
$DIMASSOC
280
     1
  9
$PROJECTNAME
  1

  9
$CAMERADISPLAY
290
     0
  9
$LENSLENGTH
 40
50.0
  9
$CAMERAHEIGHT
 40
0.0
  9
$STEPSPERSEC
 40
2.0
  9
$STEPSIZE
 40
6.0
  9
$3DDWFPREC
 40
2.0
  9
$PSOLWIDTH
 40
0.25
  9
$PSOLHEIGHT
 40
4.0
  9
$LOFTANG1
 40
1.570796326794896
  9
$LOFTANG2
 40
1.570796326794896
  9
$LOFTMAG1
 40
0.0
  9
$LOFTMAG2
 40
0.0
  9
$LOFTPARAM
 70
     7
  9
$LOFTNORMALS
280
     1
  9
$LATITUDE
 40
37.795
  9
$LONGITUDE
 40
-122.394
  9
$NORTHDIRECTION
 40
0.0
  9
$TIMEZONE
 70
 -8000
  9
$LIGHTGLYPHDISPLAY
280
     1
  9
$TILEMODELIGHTSYNCH
280
     1
  9
$CMATERIAL
347
30F0
  9
$SOLIDHIST
280
     0
  9
$SHOWHIST
280
     1
  9
$DWFFRAME
280
     2
  9
$DGNFRAME
280
     0
  9
$REALWORLDSCALE
290
     1
  9
$INTERFERECOLOR
 62
     1
  9
$INTERFEREOBJVS
345
3112
  9
$INTERFEREVPVS
346
39B6
  9
$CSHADOW
280
     0
  9
$SHADOWPLANELOCATION
 40
0.0
  0
ENDSEC
  0
SECTION
  2
CLASSES
  0
CLASS
  1
ACDBDICTIONARYWDFLT
  2
AcDbDictionaryWithDefault
  3
ObjectDBX Classes
 90
        0
 91
        1
280
     0
281
     0
  0
CLASS
  1
ACME_DOCUMENT
  2
AcMeDbDoc
  3
AcMeServices
 90
     1024
 91
        0
280
     0
281
     0
  0
CLASS
  1
AMGSETTINGSOBJ
  2
AmgSettingsObj
  3
"AcadM|Product Description: AutoCAD Mechanical|Company: Autodesk, Inc."
 90
     1024
 91
        0
280
     0
281
     0
  0
CLASS
  1
ACMESCOPE
  2
AcMeScope
  3
AcMeServices
 90
     1024
 91
        0
280
     0
281
     0
  0
CLASS
  1
ACMECOMMANDHISTORY
  2
AcMeCommandHistory
  3
AcMeServices
 90
     1024
 91
        0
280
     0
281
     0
  0
CLASS
  1
DICTIONARYVAR
  2
AcDbDictionaryVar
  3
ObjectDBX Classes
 90
        0
 91
       10
280
     0
281
     0
  0
CLASS
  1
ACIMSYSVARMAN
  2
AcImSysVarManager
  3
AcMeServices
 90
     1024
 91
        0
280
     0
281
     0
  0
CLASS
  1
ACIMREALSYSVAR
  2
AcImRealSysVar
  3
AcMeServices
 90
     1024
 91
        0
280
     0
281
     0
  0
CLASS
  1
ACIMINTSYSVAR
  2
AcImIntSysVar
  3
AcMeServices
 90
     1024
 91
        0
280
     0
281
     0
  0
CLASS
  1
ACMEDRAWINGMAN
  2
AcMeDrawingMan
  3
AcMeServices
 90
     1024
 91
        0
280
     0
281
     0
  0
CLASS
  1
ACMEVIEW
  2
AcMeView
  3
AcMeServices
 90
     1024
 91
        0
280
     0
281
     0
  0
CLASS
  1
ACDBENTITYCACHE
  2
AcMeEntityCache
  3
AcMeServices
 90
     1024
 91
        0
280
     0
281
     0
  0
CLASS
  1
GSMANAGER
  2
AcMeGSManager
  3
AcMeServices
 90
     1024
 91
        0
280
     0
281
     0
  0
CLASS
  1
AMDTINTERNALREACTOR
  2
AmdtInternalReactor
  3
AcMeServices
 90
     1024
 91
        0
280
     0
281
     0
  0
CLASS
  1
ACMESTATEMGR
  2
AcMeStateMgr
  3
AcMeServices
 90
     1024
 91
        0
280
     0
281
     0
  0
CLASS
  1
ACME_DATABASE
  2
AcMeDbDatabase
  3
AcMeServices
 90
     1024
 91
        0
280
     0
281
     0
  0
CLASS
  1
ACRFINSADJUSTERMGR
  2
AcRfInsAdjusterMgr
  3
AcMeServices
 90
     1024
 91
        0
280
     0
281
     0
  0
CLASS
  1
ACMDATADICTIONARY
  2
AcmDataDictionary
  3
"AcmSymBB|Product Description: AutoCAD Mechanical|Company: Autodesk, Inc."
 90
     1024
 91
        0
280
     0
281
     0
  0
CLASS
  1
ACMDATAENTRYBLOCK
  2
AcmDataEntryBlock
  3
AcmSymBB|Product Description: AutoCAD Mechanical|Company: Autodesk, Inc.
 90
     1024
 91
        0
280
     0
281
     0
  0
CLASS
  1
AMGOBJPROPCFG
  2
AmgObjPropCfg
  3
"AmgLay|Product Description: AutoCAD Mechanical|Company: Autodesk, Inc."
 90
     1025
 91
        0
280
     0
281
     0
  0
CLASS
  1
ACAMGFILTERDAT
  2
AcAmgFilterDat
  3
"AcadM|Product Description: AutoCAD Mechanical|Company: Autodesk, Inc."
 90
     1024
 91
        0
280
     0
281
     0
  0
CLASS
  1
LAYER_INDEX
  2
AcDbLayerIndex
  3
ObjectDBX Classes
 90
        0
 91
        0
280
     0
281
     0
  0
CLASS
  1
IDBUFFER
  2
AcDbIdBuffer
  3
ObjectDBX Classes
 90
        0
 91
        0
280
     0
281
     0
  0
CLASS
  1
ACIMSTRSYSVAR
  2
AcImStrSysVar
  3
AcMeServices
 90
     1024
 91
        0
280
     0
281
     0
  0
CLASS
  1
ACMSTANDARDISO
  2
AcmStandardISO
  3
"Amdt_StdImp|Product Description: AutoCAD Mechanical|Company: Autodesk, Inc."
 90
     1024
 91
        0
280
     0
281
     0
  0
CLASS
  1
AMDTEDGESTANDARDISO
  2
AmdtEdgeStdISO
  3
"Amdt_StdImp|Product Description: AutoCAD Mechanical|Company: Autodesk, Inc."
 90
     1024
 91
        0
280
     0
281
     0
  0
CLASS
  1
ACMSURFSTANDARDISO
  2
AcmSurfTextStdISO
  3
"Amdt_StdImp|Product Description: AutoCAD Mechanical|Company: Autodesk, Inc."
 90
     1024
 91
        0
280
     0
281
     0
  0
CLASS
  1
ACMFCFSTANDARDISO
  2
AcmFCFStdISO
  3
"Amdt_StdImp|Product Description: AutoCAD Mechanical|Company: Autodesk, Inc."
 90
     1024
 91
        0
280
     0
281
     0
  0
CLASS
  1
ACMWELDSTANDARDISO
  2
AcmWeldingStdISO
  3
"Amdt_StdImp|Product Description: AutoCAD Mechanical|Company: Autodesk, Inc."
 90
     1024
 91
        0
280
     0
281
     0
  0
CLASS
  1
ACMIDSTANDARDISO
  2
AcmIdStdISO
  3
"Amdt_StdImp|Product Description: AutoCAD Mechanical|Company: Autodesk, Inc."
 90
     1024
 91
        0
280
     0
281
     0
  0
CLASS
  1
ACMDATUMSTANDARDISO
  2
AcmDatumStdISO
  3
"Amdt_StdImp|Product Description: AutoCAD Mechanical|Company: Autodesk, Inc."
 90
     1024
 91
        0
280
     0
281
     0
  0
CLASS
  1
ACMBOMSTANDARDISO
  2
AcmBOMStdISO
  3
"Amdt_StdImp|Product Description: AutoCAD Mechanical|Company: Autodesk, Inc."
 90
     1024
 91
        0
280
     0
281
     0
  0
CLASS
  1
AMDTNOTE
  2
AmdtNote
  3
"AcmSymBB|Product Description: AutoCAD Mechanical|Company: Autodesk, Inc."
 90
     4095
 91
        0
280
     0
281
     1
  0
CLASS
  1
STDPART2D
  2
AmgStdPart
  3
AmgStdPart|Product Description: AutoCAD Mechanical|Company: Autodesk, Inc.
 90
     4095
 91
        0
280
     0
281
     1
  0
CLASS
  1
TABLESTYLE
  2
AcDbTableStyle
  3
ObjectDBX Classes
 90
     4095
 91
        1
280
     0
281
     0
  0
CLASS
  1
ACGREFMASTER
  2
AcGrefMaster
  3
AcAttribServices
 90
     1024
 91
        0
280
     0
281
     0
  0
CLASS
  1
AM_DRAWING_MGR
  2
AcDmDwgMgr
  3
AcMechDwgViewMgmt
 90
     1024
 91
        0
280
     0
281
     0
  0
CLASS
  1
AM_DWG_DOCUMENT
  2
AcDmDwgDocument
  3
AcMechDwgViewMgmt
 90
     1024
 91
        0
280
     0
281
     0
  0
CLASS
  1
AM_DWG_SHEET
  2
AcDmSheet
  3
AcMechDwgViewMgmt
 90
     1024
 91
        0
280
     0
281
     0
  0
CLASS
  1
AM_VIEWDIMPARMAP
  2
AcDmViewDimParMap
  3
AcMechDwgViewMgmt
 90
     1024
 91
        0
280
     0
281
     0
  0
CLASS
  1
AM_DWGMGR_NAME
  2
AcDmDwgMgrName
  3
AcMechDwgViewMgmt
 90
     1024
 91
        0
280
     0
281
     0
  0
CLASS
  1
ACGREFACADMASTER
  2
AcGrefacadMaster
  3
AcGrefServices
 90
     1024
 91
        0
280
     0
281
     0
  0
CLASS
  1
AMDTMENUSTATEMGR
  2
AmdtMenuStateMgr
  3
McadcomServices
 90
     1024
 91
        0
280
     0
281
     0
  0
CLASS
  1
AMDTMCOMMENUSTATE
  2
AmdtMcomMenuState
  3
McadcomServices
 90
     1024
 91
        0
280
     0
281
     0
  0
CLASS
  1
AMIMASTER
  2
AmiMaster
  3
AmiServices
 90
     1024
 91
        0
280
     0
281
     0
  0
CLASS
  1
MAPIAMMOUDLE
  2
MApiAmModule
  3
MApiAmServices
 90
     1024
 91
        0
280
     0
281
     0
  0
CLASS
  1
AMDTADMENUSTATE
  2
AmdtAdMenuState
  3
DesignerServices
 90
     1024
 91
        0
280
     0
281
     0
  0
CLASS
  1
ADAPPL
  2
AcAdAppl
  3
DesignerServices
 90
     1024
 91
        0
280
     0
281
     0
  0
CLASS
  1
DEPMGR
  2
AcAdDepMgr
  3
DesignerServices
 90
     1024
 91
        0
280
     0
281
     0
  0
CLASS
  1
PARAMMGR
  2
AcAdParamMgr
  3
DesignerServices
 90
     1024
 91
        0
280
     0
281
     0
  0
CLASS
  1
PARAMSCOPE
  2
AcAdParamScope
  3
DesignerServices
 90
     1024
 91
        0
280
     0
281
     0
  0
CLASS
  1
NAMEDAPPL
  2
AcAdNamedAppl
  3
DesignerServices
 90
     1024
 91
        0
280
     0
281
     0
  0
CLASS
  1
AMDTDMMENUSTATE
  2
AmdtDmMenuState
  3
AcMechDwgViewMgmt
 90
     1024
 91
        0
280
     0
281
     0
  0
CLASS
  1
AMDTAMMENUSTATE
  2
AmdtAmMenuState
  3
DesignerAssemblies
 90
     1024
 91
        0
280
     0
281
     0
  0
CLASS
  1
ACAMPROJECT
  2
AcAmProject
  3
DesignerAssemblies
 90
     1024
 91
        0
280
     0
281
     0
  0
CLASS
  1
ACAMGRCOMPDEF
  2
AcAmGrCompDef
  3
DesignerAssemblies
 90
     1024
 91
        0
280
     0
281
     0
  0
CLASS
  1
ACCMCONTEXT
  2
AcCmContext
  3
DesignerAssemblies
 90
     1024
 91
        0
280
     0
281
     0
  0
CLASS
  1
ACAMCOMPDEF
  2
AcAmCompDef
  3
DesignerAssemblies
 90
     1024
 91
        0
280
     0
281
     0
  0
CLASS
  1
ACAMCOMPDEFMGR
  2
AcAmCompDefMgr
  3
DesignerAssemblies
 90
     1024
 91
        0
280
     0
281
     0
  0
CLASS
  1
AMCONTEXTMGR
  2
AcAmContextMgr
  3
DesignerAssemblies
 90
     1024
 91
        0
280
     0
281
     0
  0
CLASS
  1
ACAMCONTEXTMODELER
  2
AcAmContextModeler
  3
DesignerAssemblies
 90
     1024
 91
        0
280
     0
281
     0
  0
CLASS
  1
ACAMGTITLESTD
  2
AcAmgTitleStd
  3
"AmgTitle|Product Description: AutoCAD Mechanical|Company: Autodesk, Inc."
 90
     4095
 91
        0
280
     0
281
     0
  0
CLASS
  1
ACMDETAILSTANDARDISO
  2
AmdtDetailSymStdISO
  3
"Amdt_StdImp|Product Description: AutoCAD Mechanical|Company: Autodesk, Inc."
 90
     1024
 91
        0
280
     0
281
     0
  0
CLASS
  1
ACMSECTIONSTANDARDISO
  2
AmdtSectionSymStdISO
  3
"Amdt_StdImp|Product Description: AutoCAD Mechanical|Company: Autodesk, Inc."
 90
     1024
 91
        0
280
     0
281
     0
  0
CLASS
  1
ACMCENTERLINESTANDARDISO
  2
AmdtCenterLineStdISO
  3
"Amdt_StdImp|Product Description: AutoCAD Mechanical|Company: Autodesk, Inc."
 90
     1024
 91
        0
280
     0
281
     0
  0
CLASS
  1
ACMTHREADLINESTANDARDISO
  2
AmdtThreadLineStdISO
  3
"Amdt_StdImp|Product Description: AutoCAD Mechanical|Company: Autodesk, Inc."
 90
     1024
 91
        0
280
     0
281
     0
  0
CLASS
  1
ACMNOTESTANDARDISO
  2
AmdtNoteStdISO
  3
"Amdt_StdImp|Product Description: AutoCAD Mechanical|Company: Autodesk, Inc."
 90
     1024
 91
        0
280
     0
281
     0
  0
CLASS
  1
AMDTNOTETEMPLATEDB
  2
AmdtNoteTemplateDB
  3
AcmSymBB|Product Description: AutoCAD Mechanical|Company: Autodesk, Inc.
 90
     1024
 91
        0
280
     0
281
     0
  0
CLASS
  1
ACAMGLAYSTD
  2
AcAmgLayStd
  3
"AmgLay|Product Description: AutoCAD Mechanical|Company: Autodesk, Inc."
 90
     1024
 91
        0
280
     0
281
     0
  0
CLASS
  1
ACAMGDIMSTD
  2
AcAmgDimStd
  3
"AmgDim|Product Description: AutoCAD Mechanical|Company: Autodesk, Inc."
 90
     1024
 91
        0
280
     0
281
     0
  0
CLASS
  1
ACAMGHOLECHARTSTDISO
  2
AcAmgHoleChartStdISO
  3
AmgDim|Product Description: AutoCAD Mechanical|Company: Autodesk, Inc.
 90
     1024
 91
        0
280
     0
281
     0
  0
CLASS
  1
CATALOGSTATE
  2
AcAmCatalogState
  3
DesignerAssemblies
 90
     1024
 91
        0
280
     0
281
     0
  0
CLASS
  1
ACAMGRCOMPDEFSET
  2
AcAmGrCompDefSet
  3
DesignerAssemblies
 90
     1024
 91
        0
280
     0
281
     0
  0
CLASS
  1
AMDTBROWSERDBTAB
  2
AmdtBrowserDbTab
  3
McadcomServices
 90
     1024
 91
        0
280
     0
281
     0
  0
CLASS
  1
CBROWSERAPPOBJECT
  2
CBrowserAppObject
  3
McadcomServices
 90
     1024
 91
        0
280
     0
281
     0
  0
CLASS
  1
DM_PLACEHOLDER
  2
AcDmSelsetPlaceholder
  3
AcMechDwgViewMgmt
 90
     1024
 91
        0
280
     0
281
     0
  0
CLASS
  1
PLOTSETTINGS
  2
AcDbPlotSettings
  3
ObjectDBX Classes
 90
        0
 91
        2
280
     0
281
     0
  0
CLASS
  1
ACMSTANDARDDIN
  2
AcmStandardDIN
  3
"Amdt_StdImp|Product Description: AutoCAD Mechanical|Company: Autodesk, Inc."
 90
     1024
 91
        0
280
     0
281
     0
  0
CLASS
  1
AMDTEDGESTANDARDDIN
  2
AmdtEdgeStdDIN
  3
"Amdt_StdImp|Product Description: AutoCAD Mechanical|Company: Autodesk, Inc."
 90
     1024
 91
        0
280
     0
281
     0
  0
CLASS
  1
ACMSURFSTANDARDDIN
  2
AcmSurfTextStdDIN
  3
"Amdt_StdImp|Product Description: AutoCAD Mechanical|Company: Autodesk, Inc."
 90
     1024
 91
        0
280
     0
281
     0
  0
CLASS
  1
ACMFCFSTANDARDDIN
  2
AcmFCFStdDIN
  3
"Amdt_StdImp|Product Description: AutoCAD Mechanical|Company: Autodesk, Inc."
 90
     1024
 91
        0
280
     0
281
     0
  0
CLASS
  1
ACMWELDSTANDARDDIN
  2
AcmWeldingStdDIN
  3
"Amdt_StdImp|Product Description: AutoCAD Mechanical|Company: Autodesk, Inc."
 90
     1024
 91
        0
280
     0
281
     0
  0
CLASS
  1
ACMIDSTANDARDDIN
  2
AcmIdStdDIN
  3
"Amdt_StdImp|Product Description: AutoCAD Mechanical|Company: Autodesk, Inc."
 90
     1024
 91
        0
280
     0
281
     0
  0
CLASS
  1
ACMDATUMSTANDARDDIN
  2
AcmDatumStdDIN
  3
"Amdt_StdImp|Product Description: AutoCAD Mechanical|Company: Autodesk, Inc."
 90
     1024
 91
        0
280
     0
281
     0
  0
CLASS
  1
ACMBOMSTANDARDDIN
  2
AcmBOMStdDIN
  3
"Amdt_StdImp|Product Description: AutoCAD Mechanical|Company: Autodesk, Inc."
 90
     1024
 91
        0
280
     0
281
     0
  0
CLASS
  1
ACMDETAILSTANDARDDIN
  2
AmdtDetailSymStdDIN
  3
"Amdt_StdImp|Product Description: AutoCAD Mechanical|Company: Autodesk, Inc."
 90
     1024
 91
        0
280
     0
281
     0
  0
CLASS
  1
ACMSECTIONSTANDARDDIN
  2
AmdtSectionSymStdDIN
  3
"Amdt_StdImp|Product Description: AutoCAD Mechanical|Company: Autodesk, Inc."
 90
     1024
 91
        0
280
     0
281
     0
  0
CLASS
  1
ACMCENTERLINESTANDARDDIN
  2
AmdtCenterLineStdDIN
  3
"Amdt_StdImp|Product Description: AutoCAD Mechanical|Company: Autodesk, Inc."
 90
     1024
 91
        0
280
     0
281
     0
  0
CLASS
  1
ACMTHREADLINESTANDARDDIN
  2
AmdtThreadLineStdDIN
  3
"Amdt_StdImp|Product Description: AutoCAD Mechanical|Company: Autodesk, Inc."
 90
     1024
 91
        0
280
     0
281
     0
  0
CLASS
  1
ACMNOTESTANDARDDIN
  2
AmdtNoteStdDIN
  3
"Amdt_StdImp|Product Description: AutoCAD Mechanical|Company: Autodesk, Inc."
 90
     1024
 91
        0
280
     0
281
     0
  0
CLASS
  1
ACAMGHOLECHARTSTDDIN
  2
AcAmgHoleChartStdDIN
  3
AmgDim|Product Description: AutoCAD Mechanical|Company: Autodesk, Inc.
 90
     1024
 91
        0
280
     0
281
     0
  0
CLASS
  1
SORTENTSTABLE
  2
AcDbSortentsTable
  3
ObjectDBX Classes
 90
        0
 91
        1
280
     0
281
     0
  0
CLASS
  1
MATERIAL
  2
AcDbMaterial
  3
ObjectDBX Classes
 90
     1153
 91
        3
280
     0
281
     0
  0
CLASS
  1
VISUALSTYLE
  2
AcDbVisualStyle
  3
ObjectDBX Classes
 90
     4095
 91
       26
280
     0
281
     0
  0
CLASS
  1
SCALE
  2
AcDbScale
  3
ObjectDBX Classes
 90
     1153
 91
       33
280
     0
281
     0
  0
CLASS
  1
MLEADERSTYLE
  2
AcDbMLeaderStyle
  3
ACDB_MLEADERSTYLE_CLASS
 90
     4095
 91
        1
280
     0
281
     0
  0
CLASS
  1
ACRFATTGENMGR
  2
AcRfAttGeneralMgr
  3
AcAttribServices
 90
     1024
 91
        0
280
     0
281
     0
  0
CLASS
  1
ACRFOBJATTMGR
  2
AcRfObjAttGroupMgr
  3
AcAttribServices
 90
     1024
 91
        0
280
     0
281
     0
  0
CLASS
  1
ACRFMCADAPIATTHOLDER
  2
AcRfMCADAPIAttHolder
  3
AcAttribServices
 90
     1024
 91
        0
280
     0
281
     0
  0
CLASS
  1
AMDTSYSATTR
  2
AmdtSystemAttribute
  3
AcAttribServices
 90
     1024
 91
        0
280
     0
281
     0
  0
CLASS
  1
ACMTAPERSTANDARDISO
  2
AcmTaperStdISO
  3
"Amdt_StdImp|Product Description: AutoCAD Mechanical|Company: Autodesk, Inc."
 90
     1024
 91
        0
280
     0
281
     0
  0
CLASS
  1
ACMANOOTATIONVIEWSTANDARDISO
  2
AmdtAnViewStdISO
  3
"Amdt_StdImp|Product Description: AutoCAD Mechanical|Company: Autodesk, Inc."
 90
     1024
 91
        0
280
     0
281
     0
  0
CLASS
  1
ACMTAPERSTANDARDDIN
  2
AcmTaperStdDIN
  3
"Amdt_StdImp|Product Description: AutoCAD Mechanical|Company: Autodesk, Inc."
 90
     1024
 91
        0
280
     0
281
     0
  0
CLASS
  1
ACMANOOTATIONVIEWSTANDARDDIN
  2
AmdtAnViewStdDIN
  3
"Amdt_StdImp|Product Description: AutoCAD Mechanical|Company: Autodesk, Inc."
 90
     1024
 91
        0
280
     0
281
     0
  0
CLASS
  1
CAMSSTRUCTBTNSTATE
  2
StructBtnState
  3
DesignerAssemblies
 90
     1024
 91
        0
280
     0
281
     0
  0
CLASS
  1
CELLSTYLEMAP
  2
AcDbCellStyleMap
  3
ObjectDBX Classes
 90
     1152
 91
        2
280
     0
281
     0
  0
CLASS
  1
AMDTEDGESTANDARDDIN13715
  2
AmdtEdgeStdDIN13715
  3
"Amdt_StdImp|Product Description: AutoCAD Mechanical|Company: Autodesk, Inc."
 90
     1024
 91
        0
280
     0
281
     0
  0
CLASS
  1
ACMSURFSTANDARDDIN2002
  2
AcmSurfTextStdDIN2002
  3
"Amdt_StdImp|Product Description: AutoCAD Mechanical|Company: Autodesk, Inc."
 90
     1024
 91
        0
280
     0
281
     0
  0
ENDSEC
  0
SECTION
  2
TABLES
  0
TABLE
  2
VPORT
  5
8
102
{ACAD_XDICTIONARY
360
3883
102
}
330
0
100
AcDbSymbolTable
 70
     1
  0
VPORT
  5
30EE
330
8
100
AcDbSymbolTableRecord
100
AcDbViewportTableRecord
  2
*Active
 70
     0
 10
0.0
 20
0.0
 11
1.0
 21
1.0
 12
-1078.627062918434
 22
547.1043238730808
 13
0.0
 23
0.0
 14
10.0
 24
10.0
 15
10.0
 25
10.0
 16
0.0
 26
0.0
 36
1.0
 17
0.0
 27
0.0
 37
0.0
 40
562.5379634034218
 41
2.178861788617886
 42
50.0
 43
0.0
 44
0.0
 50
0.0
 51
0.0
 71
     0
 72
   100
 73
     1
 74
     2
 75
     0
 76
     0
 77
     0
 78
     0
281
     0
 65
     1
110
0.0
120
0.0
130
0.0
111
1.0
121
0.0
131
0.0
112
0.0
122
1.0
132
0.0
 79
     0
146
0.0
348
310E
 60
     3
 61
     5
292
     1
282
     1
141
0.0
142
0.0
 63
   250
421
  3355443
1001
ACAD_NAV_VCDISPLAY
1070
     3
  0
ENDTAB
  0
TABLE
  2
LTYPE
  5
5
330
0
100
AcDbSymbolTable
 70
     3
  0
LTYPE
  5
14
330
5
100
AcDbSymbolTableRecord
100
AcDbLinetypeTableRecord
  2
ByBlock
 70
     0
  3

 72
    65
 73
     0
 40
0.0
  0
LTYPE
  5
15
330
5
100
AcDbSymbolTableRecord
100
AcDbLinetypeTableRecord
  2
ByLayer
 70
     0
  3

 72
    65
 73
     0
 40
0.0
  0
LTYPE
  5
16
330
5
100
AcDbSymbolTableRecord
100
AcDbLinetypeTableRecord
  2
Continuous
 70
     0
  3
Solid line
 72
    65
 73
     0
 40
0.0
  0
LTYPE
  5
37E4
330
5
100
AcDbSymbolTableRecord
100
AcDbLinetypeTableRecord
  2
STRICHPUNKT2
 70
     0
  3
Strichpunkt (.5x) _._._._._._._._._._._._._._._
 72
    65
 73
     4
 40
0.5
 49
0.25
 74
     0
 49
-0.125
 74
     0
 49
0.0
 74
     0
 49
-0.125
 74
     0
  0
ENDTAB
  0
TABLE
  2
LAYER
  5
2
102
{ACAD_XDICTIONARY
360
FAF
102
}
330
0
100
AcDbSymbolTable
 70
     3
  0
LAYER
  5
10
102
{ACAD_XDICTIONARY
360
31DF
102
}
330
2
100
AcDbSymbolTableRecord
100
AcDbLayerTableRecord
  2
0
 70
     0
 62
     7
  6
Continuous
370
    -3
390
F
347
3100
  0
LAYER
  5
79
330
2
100
AcDbSymbolTableRecord
100
AcDbLayerTableRecord
  2
Defpoints
 70
     0
 62
     7
  6
Continuous
290
     0
370
    -3
390
F
347
3100
  0
LAYER
  5
37BD
330
2
100
AcDbSymbolTableRecord
100
AcDbLayerTableRecord
  2
HALFEN
 70
     0
 62
     2
  6
Continuous
370
    -3
390
F
347
3100
  0
ENDTAB
  0
TABLE
  2
STYLE
  5
3
330
0
100
AcDbSymbolTable
 70
     5
  0
STYLE
  5
11
330
3
100
AcDbSymbolTableRecord
100
AcDbTextStyleTableRecord
  2
Standard
 70
     0
 40
0.0
 41
1.0
 50
0.0
 71
     0
 42
2.5
  3
ARIAL.TTF
  4

1001
ACAD
1000
Arial
1071
       34
  0
STYLE
  5
BFE
330
3
100
AcDbSymbolTableRecord
100
AcDbTextStyleTableRecord
  2
ARIAL03
 70
     0
 40
0.0
 41
1.0
 50
0.0
 71
     0
 42
2.0
  3
ARIAL.TTF
  4

1001
ACAD
1000
Arial
1071
       34
  0
STYLE
  5
C06
330
3
100
AcDbSymbolTableRecord
100
AcDbTextStyleTableRecord
  2
DREI
 70
     0
 40
3.0
 41
1.0
 50
0.0
 71
     0
 42
3.149999999999999
  3
ARIAL.TTF
  4

1001
ACAD
1000
Arial
1071
       34
  0
STYLE
  5
C07
330
3
100
AcDbSymbolTableRecord
100
AcDbTextStyleTableRecord
  2
ZWEI
 70
     0
 40
2.25
 41
1.179999999999999
 50
0.0
 71
     0
 42
3.5
  3
iso8
  4

  0
STYLE
  5
1218
330
3
100
AcDbSymbolTableRecord
100
AcDbTextStyleTableRecord
  2
ARIAL50
 70
     0
 40
5.0
 41
1.0
 50
0.0
 71
     0
 42
3.5
  3
ARIAL.TTF
  4

1001
ACAD
1000
Arial
1071
       34
  0
ENDTAB
  0
TABLE
  2
VIEW
  5
6
330
0
100
AcDbSymbolTable
 70
     0
  0
ENDTAB
  0
TABLE
  2
UCS
  5
7
330
0
100
AcDbSymbolTable
 70
     0
  0
ENDTAB
  0
TABLE
  2
APPID
  5
9
330
0
100
AcDbSymbolTable
 70
    48
  0
APPID
  5
12
330
9
100
AcDbSymbolTableRecord
100
AcDbRegAppTableRecord
  2
ACAD
 70
     0
  0
APPID
  5
51
330
9
100
AcDbSymbolTableRecord
100
AcDbRegAppTableRecord
  2
MCAD_NO_VIS
 70
     0
  0
APPID
  5
52
330
9
100
AcDbSymbolTableRecord
100
AcDbRegAppTableRecord
  2
ACAD_TEMP_GRAPHIC
 70
     0
  0
APPID
  5
CD
330
9
100
AcDbSymbolTableRecord
100
AcDbRegAppTableRecord
  2
GENIUS_GENDTOL_13
 70
     0
  0
APPID
  5
230
330
9
100
AcDbSymbolTableRecord
100
AcDbRegAppTableRecord
  2
GENIUS_GENODEF_13
 70
     0
  0
APPID
  5
231
330
9
100
AcDbSymbolTableRecord
100
AcDbRegAppTableRecord
  2
GENIUS_GENOBJ-N-CRS_13
 70
     0
  0
APPID
  5
232
330
9
100
AcDbSymbolTableRecord
100
AcDbRegAppTableRecord
  2
GENIUS_GENOENT_13
 70
     0
  0
APPID
  5
233
330
9
100
AcDbSymbolTableRecord
100
AcDbRegAppTableRecord
  2
GENIUS_GENOREF_13
 70
     0
  0
APPID
  5
234
330
9
100
AcDbSymbolTableRecord
100
AcDbRegAppTableRecord
  2
GENIUS_GENOLIS_13
 70
     0
  0
APPID
  5
2F2
330
9
100
AcDbSymbolTableRecord
100
AcDbRegAppTableRecord
  2
GENIUS_GEFWELD_13
 70
     0
  0
APPID
  5
2F4
330
9
100
AcDbSymbolTableRecord
100
AcDbRegAppTableRecord
  2
GENIUS_GENOBJ-F-WELS_13
 70
     0
  0
APPID
  5
648
330
9
100
AcDbSymbolTableRecord
100
AcDbRegAppTableRecord
  2
GENIUS_GENOBJ-N-CEN_13
 70
     0
  0
APPID
  5
6D4
330
9
100
AcDbSymbolTableRecord
100
AcDbRegAppTableRecord
  2
GENIUS_GENOBJ-N-CRC_13
 70
     0
  0
APPID
  5
6D5
330
9
100
AcDbSymbolTableRecord
100
AcDbRegAppTableRecord
  2
GENIUS_GENCRC_14
 70
     0
  0
APPID
  5
70D
330
9
100
AcDbSymbolTableRecord
100
AcDbRegAppTableRecord
  2
GEVID1024035136
 70
     0
  0
APPID
  5
70E
330
9
100
AcDbSymbolTableRecord
100
AcDbRegAppTableRecord
  2
GEVDC
 70
     0
  0
APPID
  5
70F
330
9
100
AcDbSymbolTableRecord
100
AcDbRegAppTableRecord
  2
GEVRADREF
 70
     0
  0
APPID
  5
713
330
9
100
AcDbSymbolTableRecord
100
AcDbRegAppTableRecord
  2
GENIUS_GENBH_13
 70
     0
  0
APPID
  5
715
330
9
100
AcDbSymbolTableRecord
100
AcDbRegAppTableRecord
  2
GENIUS_GENOBJ-NBEHI-BHF_13
 70
     0
  0
APPID
  5
717
330
9
100
AcDbSymbolTableRecord
100
AcDbRegAppTableRecord
  2
GENIUS_GENOBJ-NBEHI-BHB_13
 70
     0
  0
APPID
  5
844
330
9
100
AcDbSymbolTableRecord
100
AcDbRegAppTableRecord
  2
AD_DRAW
 70
     0
  0
APPID
  5
847
330
9
100
AcDbSymbolTableRecord
100
AcDbRegAppTableRecord
  2
ACATTRIBSERVICES
 70
     0
  0
APPID
  5
865
330
9
100
AcDbSymbolTableRecord
100
AcDbRegAppTableRecord
  2
DESIGNERASSEMBLIES
 70
     0
  0
APPID
  5
878
330
9
100
AcDbSymbolTableRecord
100
AcDbRegAppTableRecord
  2
ACADM_DIM_EDIT
 70
     0
  0
APPID
  5
879
330
9
100
AcDbSymbolTableRecord
100
AcDbRegAppTableRecord
  2
AMDT_DM_ADJ
 70
     0
  0
APPID
  5
87F
330
9
100
AcDbSymbolTableRecord
100
AcDbRegAppTableRecord
  2
ACAD_DSTYLE_DIMTEXT_FILL
 70
     0
  0
APPID
  5
924
330
9
100
AcDbSymbolTableRecord
100
AcDbRegAppTableRecord
  2
GENIUS_GENDIMSH_14
 70
     0
  0
APPID
  5
975
330
9
100
AcDbSymbolTableRecord
100
AcDbRegAppTableRecord
  2
ACAD_PSEXT
 70
     0
  0
APPID
  5
C11
330
9
100
AcDbSymbolTableRecord
100
AcDbRegAppTableRecord
  2
GENBH
 70
     0
  0
APPID
  5
C12
330
9
100
AcDbSymbolTableRecord
100
AcDbRegAppTableRecord
  2
GENIUS_GENOBJ-F-DESC_13
 70
     0
  0
APPID
  5
C13
330
9
100
AcDbSymbolTableRecord
100
AcDbRegAppTableRecord
  2
GENIUS_GEFDESC_14
 70
     0
  0
APPID
  5
C14
330
9
100
AcDbSymbolTableRecord
100
AcDbRegAppTableRecord
  2
GENIUS_GENOBJ-F-FEAT_13
 70
     0
  0
APPID
  5
C15
330
9
100
AcDbSymbolTableRecord
100
AcDbRegAppTableRecord
  2
GENIUS_GEFFEAT_14
 70
     0
  0
APPID
  5
C16
330
9
100
AcDbSymbolTableRecord
100
AcDbRegAppTableRecord
  2
GENIUS_GENOBJ-F-PART_13
 70
     0
  0
APPID
  5
C17
330
9
100
AcDbSymbolTableRecord
100
AcDbRegAppTableRecord
  2
GENIUS_GEFSTDP_13
 70
     0
  0
APPID
  5
C18
330
9
100
AcDbSymbolTableRecord
100
AcDbRegAppTableRecord
  2
AME_SOL
 70
     0
  0
APPID
  5
FAD
330
9
100
AcDbSymbolTableRecord
100
AcDbRegAppTableRecord
  2
GENIUS_GENREC_14
 70
     0
  0
APPID
  5
FAE
330
9
100
AcDbSymbolTableRecord
100
AcDbRegAppTableRecord
  2
GENIUS_GENOBJ-N-REC_13
 70
     0
  0
APPID
  5
1219
330
9
100
AcDbSymbolTableRecord
100
AcDbRegAppTableRecord
  2
AcAecLayerStandard
 70
     0
  0
APPID
  5
30D0
330
9
100
AcDbSymbolTableRecord
100
AcDbRegAppTableRecord
  2
DCO15
 70
     0
  0
APPID
  5
313D
330
9
100
AcDbSymbolTableRecord
100
AcDbRegAppTableRecord
  2
ACAD_MLEADERVER
 70
     0
  0
APPID
  5
3203
330
9
100
AcDbSymbolTableRecord
100
AcDbRegAppTableRecord
  2
ACAD_EXEMPT_FROM_CAD_STANDARDS
 70
     0
  0
APPID
  5
37AC
330
9
100
AcDbSymbolTableRecord
100
AcDbRegAppTableRecord
  2
ACLAYERTOOLS
 70
     0
  0
APPID
  5
37E5
330
9
100
AcDbSymbolTableRecord
100
AcDbRegAppTableRecord
  2
ACAD_DSTYLE_DIMJOGGED_JOGANGLE_SYMBOL
 70
     0
  0
APPID
  5
3914
330
9
100
AcDbSymbolTableRecord
100
AcDbRegAppTableRecord
  2
ACAD_DSTYLE_DIM_LINETYPE
 70
     0
  0
APPID
  5
3915
330
9
100
AcDbSymbolTableRecord
100
AcDbRegAppTableRecord
  2
ACAD_DSTYLE_DIM_EXT1_LINETYPE
 70
     0
  0
APPID
  5
3916
330
9
100
AcDbSymbolTableRecord
100
AcDbRegAppTableRecord
  2
ACAD_DSTYLE_DIM_EXT2_LINETYPE
 70
     0
  0
APPID
  5
39C9
330
9
100
AcDbSymbolTableRecord
100
AcDbRegAppTableRecord
  2
ACAD_NAV_VCDISPLAY
 70
     0
  0
ENDTAB
  0
TABLE
  2
DIMSTYLE
  5
A
330
0
100
AcDbSymbolTable
 70
     2
100
AcDbDimStyleTable
 71
     1
340
C08
  0
DIMSTYLE
105
C08
330
A
100
AcDbSymbolTableRecord
100
AcDbDimStyleTableRecord
  2
AM_DIN
 70
     0
  4
"
 41
3.5
 42
1.0
 43
10.0
 44
1.0
 47
0.1
 48
0.1
 50
90.0
 73
     0
 74
     0
 77
     1
 78
     8
 79
     2
140
3.5
141
0.0
143
0.0393701
146
0.71
147
1.5
172
     1
176
   256
177
   256
178
     2
271
     2
272
     3
274
     4
283
     0
284
     8
340
11
345
14
346
14
347
14
371
    -1
372
    -1
1001
ACAD_DSTYLE_DIMJOGGED_JOGANGLE_SYMBOL
1070
   384
1040
1.570796326794896
  0
DIMSTYLE
105
C0F
330
A
100
AcDbSymbolTableRecord
100
AcDbDimStyleTableRecord
  2
STANDARD
 70
     0
 41
3.0
 42
0.0
 43
7.0
 44
1.8
 73
     0
 74
     0
 77
     1
 78
    12
140
3.0
141
1.5
147
2.0
172
     1
176
     1
177
     1
178
     7
271
     2
272
     2
279
     2
340
BFE
  0
ENDTAB
  0
TABLE
  2
BLOCK_RECORD
  5
1
330
0
100
AcDbSymbolTable
 70
     4
  0
BLOCK_RECORD
  5
1F
102
{ACAD_XDICTIONARY
360
1BF
102
}
330
1
100
AcDbSymbolTableRecord
100
AcDbBlockTableRecord
  2
*Model_Space
340
22
 70
     0
280
     1
281
     0
  0
BLOCK_RECORD
  5
1B
330
1
100
AcDbSymbolTableRecord
100
AcDbBlockTableRecord
  2
*Paper_Space
340
1E
 70
     0
280
     1
281
     0
  0
BLOCK_RECORD
  5
23
330
1
100
AcDbSymbolTableRecord
100
AcDbBlockTableRecord
  2
*Paper_Space0
340
26
 70
     0
280
     1
281
     0
  0
BLOCK_RECORD
  5
A10
330
1
100
AcDbSymbolTableRecord
100
AcDbBlockTableRecord
  2
AME_NIL
340
0
102
{BLKREFS
331
C78
331
C97
331
C9B
331
C9F
331
CA7
331
CAA
102
}
 70
     0
280
     1
281
     0
  0
BLOCK_RECORD
  5
A13
330
1
100
AcDbSymbolTableRecord
100
AcDbBlockTableRecord
  2
AME_SOL
340
0
102
{BLKREFS
331
C79
331
C98
331
C9C
331
CA0
331
CA8
331
CAB
102
}
 70
     0
280
     1
281
     0
  0
BLOCK_RECORD
  5
A16
330
1
100
AcDbSymbolTableRecord
100
AcDbBlockTableRecord
  2
AME_MAT
340
0
102
{BLKREFS
331
C7A
331
C99
331
C9D
331
CA1
102
}
 70
     0
280
     1
281
     0
  0
ENDTAB
  0
ENDSEC
  0
SECTION
  2
BLOCKS
  0
BLOCK
  5
20
330
1F
100
AcDbEntity
  8
0
100
AcDbBlockBegin
  2
*Model_Space
 70
     0
 10
0.0
 20
0.0
 30
0.0
  3
*Model_Space
  1

  0
ENDBLK
  5
21
330
1F
100
AcDbEntity
  8
0
100
AcDbBlockEnd
  0
BLOCK
  5
1C
330
1B
100
AcDbEntity
 67
     1
  8
0
100
AcDbBlockBegin
  2
*Paper_Space
 70
     0
 10
0.0
 20
0.0
 30
0.0
  3
*Paper_Space
  1

  0
ENDBLK
  5
1D
330
1B
100
AcDbEntity
 67
     1
  8
0
100
AcDbBlockEnd
  0
BLOCK
  5
24
330
23
100
AcDbEntity
 67
     1
  8
0
100
AcDbBlockBegin
  2
*Paper_Space0
 70
     0
 10
0.0
 20
0.0
 30
0.0
  3
*Paper_Space0
  1

  0
ENDBLK
  5
25
330
23
100
AcDbEntity
 67
     1
  8
0
100
AcDbBlockEnd
  0
BLOCK
  5
A11
330
A10
100
AcDbEntity
  8
0
100
AcDbBlockBegin
  2
AME_NIL
 70
     0
 10
0.0
 20
0.0
 30
0.0
  3
AME_NIL
  1
AME_NIL
  0
ENDBLK
  5
A12
330
A10
100
AcDbEntity
  8
0
100
AcDbBlockEnd
  0
BLOCK
  5
A14
330
A13
100
AcDbEntity
  8
0
100
AcDbBlockBegin
  2
AME_SOL
 70
     0
 10
0.0
 20
0.0
 30
0.0
  3
AME_SOL
  1
AME_SOL
  0
ENDBLK
  5
A15
330
A13
100
AcDbEntity
  8
0
100
AcDbBlockEnd
  0
BLOCK
  5
A17
330
A16
100
AcDbEntity
  8
0
100
AcDbBlockBegin
  2
AME_MAT
 70
     0
 10
0.0
 20
0.0
 30
0.0
  3
AME_MAT
  1
AME_MAT
  0
ENDBLK
  5
A18
330
A16
100
AcDbEntity
  8
0
100
AcDbBlockEnd
  0
ENDSEC
  0
SECTION
  2
ENTITIES
  0
TEXT
  5
C72
330
1F
100
AcDbEntity
  8
HALFEN
 60
     1
100
AcDbText
 10
983.86440273805
 20
64.12194437354208
 30
0.0
 40
3.5
  1
!GENTITLE-INSERT
100
AcDbText
  0
TEXT
  5
C77
330
1F
100
AcDbEntity
  8
HALFEN
100
AcDbText
 10
1246.106443728449
 20
126.4067706929957
 30
0.0
 40
3.149999999999999
  1

 50
90.0
 41
1.179999999999999
  7
DREI
100
AcDbText
  0
INSERT
  5
C78
330
1F
100
AcDbEntity
  8
HALFEN
100
AcDbBlockReference
  2
AME_NIL
 10
1313.10644372845
 20
64.40677069299567
 30
0.0
 50
90.0
  0
INSERT
  5
C79
330
1F
100
AcDbEntity
  8
HALFEN
100
AcDbBlockReference
  2
AME_SOL
 10
1313.10644372845
 20
64.40677069299567
 30
0.0
 50
90.0
1001
AME_SOL
1000
R2.1_c2
1000
AME2
1000
sq mm
1070
     3
1070
     0
1070
     3
1000
wire
1040
45.0
1000
B
1040
2.0
1000
mm
1000
gm
1000
MILD_STEEL
1070
    25
1000
CSG
1070
     1
1070
     3
1070
     3
1070
     3
1070
     0
1000
cu mm
1070
     1
1070
     0
1005
C78
  0
INSERT
  5
C7A
330
1F
100
AcDbEntity
  8
HALFEN
100
AcDbBlockReference
  2
AME_MAT
 10
1313.10644372845
 20
64.40677069299567
 30
0.0
 50
90.0
1001
AME_SOL
1000
MILD_STEEL
1000
;Stahl
1040
7860.0
1040
220.0
1040
0.275
1040
600.0
1040
760.0
1040
56.0
1040
12.0
1040
0.4600000000000001
  0
LINE
  5
C7E
330
1F
100
AcDbEntity
  8
HALFEN
 60
     1
100
AcDbLine
 10
1230.702825607622
 20
503.0365322191316
 30
0.0
 11
1287.002825607622
 21
503.0365322191316
 31
0.0
  0
LINE
  5
C81
330
1F
100
AcDbEntity
  8
HALFEN
 60
     1
100
AcDbLine
 10
1170.114508180734
 20
537.6776314694032
 30
0.0
 11
1188.114508180734
 21
537.6776314694032
 31
0.0
  0
LINE
  5
C82
330
1F
100
AcDbEntity
  8
HALFEN
 60
     1
100
AcDbLine
 10
1130.614508180734
 20
537.6776314694032
 30
0.0
 11
1194.114508180734
 21
537.6776314694032
 31
0.0
  0
LINE
  5
C86
330
1F
100
AcDbEntity
  8
HALFEN
 60
     1
100
AcDbLine
 10
1464.428221262119
 20
213.5514806533271
 30
0.0
 11
1464.428221262119
 21
196.7514806533271
 31
0.0
  0
LINE
  5
C87
330
1F
100
AcDbEntity
  8
HALFEN
 60
     1
100
AcDbLine
 10
1464.428221262119
 20
291.3014806533271
 30
0.0
 11
1464.428221262119
 21
187.8014806533271
 31
0.0
  0
TEXT
  5
C88
330
1F
100
AcDbEntity
  8
HALFEN
100
AcDbText
 10
1180.4687748947
 20
242.0523305431582
 30
0.0
 40
2.25
  1

 41
1.179999999999999
  7
ZWEI
100
AcDbText
  0
TEXT
  5
C8D
330
1F
100
AcDbEntity
  8
HALFEN
100
AcDbText
 10
1166.987170133278
 20
311.0848459294095
 30
0.0
 40
3.15
  1

 41
1.1
  7
DREI
 72
     4
 11
1166.987170133278
 21
311.0848459294095
 31
0.0
100
AcDbText
  0
TEXT
  5
C8E
330
1F
100
AcDbEntity
  8
HALFEN
100
AcDbText
 10
1207.487170133278
 20
322.0848459294095
 30
0.0
 40
3.149999999999999
  1

 41
1.179999999999999
  7
DREI
 72
     4
 11
1207.487170133278
 21
322.0848459294095
 31
0.0
100
AcDbText
  0
TEXT
  5
C8F
330
1F
100
AcDbEntity
  8
HALFEN
100
AcDbText
 10
1207.487170133278
 20
316.5848459294095
 30
0.0
 40
3.149999999999999
  1

 41
1.179999999999999
  7
DREI
 72
     4
 11
1207.487170133278
 21
316.5848459294095
 31
0.0
100
AcDbText
  0
TEXT
  5
C90
330
1F
100
AcDbEntity
  8
HALFEN
100
AcDbText
 10
1203.593855474865
 20
314.0355732064606
 30
0.0
 40
3.15
  1

 41
1.1
  7
DREI
 72
     4
 11
1203.593855474865
 21
314.0355732064606
 31
0.0
100
AcDbText
  0
TEXT
  5
C91
330
1F
100
AcDbEntity
  8
HALFEN
100
AcDbText
 10
1244.093855474865
 20
325.0355732064606
 30
0.0
 40
3.149999999999999
  1

 41
1.179999999999999
  7
DREI
 72
     4
 11
1244.093855474865
 21
325.0355732064606
 31
0.0
100
AcDbText
  0
TEXT
  5
C92
330
1F
100
AcDbEntity
  8
HALFEN
100
AcDbText
 10
1244.093855474865
 20
319.5355732064606
 30
0.0
 40
3.149999999999999
  1

 41
1.179999999999999
  7
DREI
 72
     4
 11
1244.093855474865
 21
319.5355732064606
 31
0.0
100
AcDbText
  0
TEXT
  5
C93
330
1F
100
AcDbEntity
  8
HALFEN
100
AcDbText
 10
650.167453832107
 20
84.4292416606313
 30
0.0
 40
3.149999999999999
  1

 41
1.179999999999999
  7
DREI
 72
     2
 11
650.167453832107
 21
84.4292416606313
 31
0.0
100
AcDbText
  0
TEXT
  5
C94
330
1F
100
AcDbEntity
  8
HALFEN
100
AcDbText
 10
630.167453832107
 20
84.4292416606313
 30
0.0
 40
3.149999999999999
  1

 41
1.179999999999999
  7
DREI
100
AcDbText
  0
TEXT
  5
C95
330
1F
100
AcDbEntity
  8
HALFEN
100
AcDbText
 10
653.1674538321071
 20
84.4292416606313
 30
0.0
 40
3.149999999999999
  1

 41
1.179999999999999
  7
DREI
100
AcDbText
  0
TEXT
  5
C96
330
1F
100
AcDbEntity
  8
HALFEN
100
AcDbText
 10
888.6895687621633
 20
184.8531038773283
 30
0.0
 40
3.149999999999999
  1

 41
1.179999999999999
  7
DREI
100
AcDbText
  0
INSERT
  5
C97
330
1F
100
AcDbEntity
  8
HALFEN
100
AcDbBlockReference
  2
AME_NIL
 10
826.6895687621634
 20
117.8531038773283
 30
0.0
  0
INSERT
  5
C98
330
1F
100
AcDbEntity
  8
HALFEN
100
AcDbBlockReference
  2
AME_SOL
 10
826.6895687621634
 20
117.8531038773283
 30
0.0
1001
AME_SOL
1000
R2.1_c2
1000
AME2
1000
sq mm
1070
     3
1070
     0
1070
     3
1000
wire
1040
45.0
1000
B
1040
2.0
1000
mm
1000
gm
1000
MILD_STEEL
1070
    25
1000
CSG
1070
     1
1070
     3
1070
     3
1070
     3
1070
     0
1000
cu mm
1070
     1
1070
     0
1005
C97
  0
INSERT
  5
C99
330
1F
100
AcDbEntity
  8
HALFEN
100
AcDbBlockReference
  2
AME_MAT
 10
826.6895687621634
 20
117.8531038773283
 30
0.0
1001
AME_SOL
1000
MILD_STEEL
1000
;Stahl
1040
7860.0
1040
220.0
1040
0.275
1040
600.0
1040
760.0
1040
56.0
1040
12.0
1040
0.4600000000000001
  0
TEXT
  5
C9A
330
1F
100
AcDbEntity
  8
HALFEN
100
AcDbText
 10
885.6558158862601
 20
183.5620249775771
 30
0.0
 40
3.149999999999999
  1

 41
1.179999999999999
  7
DREI
100
AcDbText
  0
INSERT
  5
C9B
330
1F
100
AcDbEntity
  8
HALFEN
100
AcDbBlockReference
  2
AME_NIL
 10
823.6558158862601
 20
116.5620249775771
 30
0.0
  0
INSERT
  5
C9C
330
1F
100
AcDbEntity
  8
HALFEN
100
AcDbBlockReference
  2
AME_SOL
 10
823.6558158862601
 20
116.5620249775771
 30
0.0
1001
AME_SOL
1000
R2.1_c2
1000
AME2
1000
sq mm
1070
     3
1070
     0
1070
     3
1000
wire
1040
45.0
1000
B
1040
2.0
1000
mm
1000
gm
1000
MILD_STEEL
1070
    25
1000
CSG
1070
     1
1070
     3
1070
     3
1070
     3
1070
     0
1000
cu mm
1070
     1
1070
     0
1005
C9B
  0
INSERT
  5
C9D
330
1F
100
AcDbEntity
  8
HALFEN
100
AcDbBlockReference
  2
AME_MAT
 10
823.6558158862601
 20
116.5620249775771
 30
0.0
1001
AME_SOL
1000
MILD_STEEL
1000
;Stahl
1040
7860.0
1040
220.0
1040
0.275
1040
600.0
1040
760.0
1040
56.0
1040
12.0
1040
0.4600000000000001
  0
TEXT
  5
C9E
330
1F
100
AcDbEntity
  8
HALFEN
100
AcDbText
 10
867.4869661051697
 20
136.3336438686081
 30
0.0
 40
3.149999999999999
  1

 41
1.179999999999999
  7
DREI
100
AcDbText
  0
INSERT
  5
C9F
330
1F
100
AcDbEntity
  8
HALFEN
100
AcDbBlockReference
  2
AME_NIL
 10
805.4869661051698
 20
69.33364386860808
 30
0.0
  0
INSERT
  5
CA0
330
1F
100
AcDbEntity
  8
HALFEN
100
AcDbBlockReference
  2
AME_SOL
 10
805.4869661051698
 20
69.33364386860808
 30
0.0
1001
AME_SOL
1000
R2.1_c2
1000
AME2
1000
sq mm
1070
     3
1070
     0
1070
     3
1000
wire
1040
45.0
1000
B
1040
2.0
1000
mm
1000
gm
1000
MILD_STEEL
1070
    25
1000
CSG
1070
     1
1070
     3
1070
     3
1070
     3
1070
     0
1000
cu mm
1070
     1
1070
     0
1005
C9F
  0
INSERT
  5
CA1
330
1F
100
AcDbEntity
  8
HALFEN
100
AcDbBlockReference
  2
AME_MAT
 10
805.4869661051698
 20
69.33364386860808
 30
0.0
1001
AME_SOL
1000
MILD_STEEL
1000
;Stahl
1040
7860.0
1040
220.0
1040
0.275
1040
600.0
1040
760.0
1040
56.0
1040
12.0
1040
0.4600000000000001
  0
TEXT
  5
CA6
330
1F
100
AcDbEntity
  8
HALFEN
100
AcDbText
 10
1123.543636628293
 20
166.5802426114767
 30
0.0
 40
3.149999999999999
  1

 41
1.179999999999999
  7
DREI
100
AcDbText
  0
INSERT
  5
CA7
330
1F
100
AcDbEntity
  8
HALFEN
100
AcDbBlockReference
  2
AME_NIL
 10
1061.543636628293
 20
99.5802426114767
 30
0.0
  0
INSERT
  5
CA8
330
1F
100
AcDbEntity
  8
HALFEN
100
AcDbBlockReference
  2
AME_SOL
 10
1061.543636628293
 20
99.5802426114767
 30
0.0
1001
AME_SOL
1000
R2.1_c2
1000
AME2
1000
sq mm
1070
     3
1070
     0
1070
     3
1000
wire
1040
45.0
1000
B
1040
2.0
1000
mm
1000
gm
1000
MILD_STEEL
1070
    25
1000
CSG
1070
     1
1070
     3
1070
     3
1070
     3
1070
     0
1000
cu mm
1070
     1
1070
     0
1005
CA7
  0
TEXT
  5
CA9
330
1F
100
AcDbEntity
  8
HALFEN
100
AcDbText
 10
872.284792937223
 20
175.6693673875085
 30
0.0
 40
3.149999999999999
  1

 41
1.179999999999999
  7
DREI
100
AcDbText
  0
INSERT
  5
CAA
330
1F
100
AcDbEntity
  8
HALFEN
100
AcDbBlockReference
  2
AME_NIL
 10
810.2847929372231
 20
108.6693673875085
 30
0.0
  0
INSERT
  5
CAB
330
1F
100
AcDbEntity
  8
HALFEN
100
AcDbBlockReference
  2
AME_SOL
 10
810.2847929372231
 20
108.6693673875085
 30
0.0
1001
AME_SOL
1000
R2.1_c2
1000
AME2
1000
sq mm
1070
     3
1070
     0
1070
     3
1000
wire
1040
45.0
1000
B
1040
2.0
1000
mm
1000
gm
1000
MILD_STEEL
1070
    25
1000
CSG
1070
     1
1070
     3
1070
     3
1070
     3
1070
     0
1000
cu mm
1070
     1
1070
     0
1005
CAA
  0
LINE
  5
19B8
330
1F
100
AcDbEntity
  8
HALFEN
100
AcDbLine
 10
-1162.688083878209
 20
798.411769643023
 30
0.0
 11
-995.4880702787063
 21
798.411769643023
 31
0.0
  0
LINE
  5
19B9
330
1F
100
AcDbEntity
  8
HALFEN
100
AcDbLine
 10
-1162.688083878209
 20
808.4117696430229
 30
0.0
 11
-995.4880702787063
 21
808.4117696430229
 31
0.0
  0
LINE
  5
19BA
330
1F
100
AcDbEntity
  8
HALFEN
100
AcDbLine
 10
-1162.688083878209
 20
826.4117696430234
 30
0.0
 11
-995.4880702787063
 21
826.4117696430234
 31
0.0
  0
TEXT
  5
19BB
330
1F
100
AcDbEntity
  8
HALFEN
100
AcDbText
 10
-1114.776357942048
 20
818.911769643023
 30
0.0
 40
5.0
  1
Halfen Body - Anker DH 1008 - 1 - A4
  7
ARIAL50
100
AcDbText
  0
TEXT
  5
19BC
330
1F
100
AcDbEntity
  8
HALFEN
100
AcDbText
 10
-1157.688083878209
 20
818.911769643023
 30
0.0
 40
5.0
  1
Benennung
  7
ARIAL50
100
AcDbText
  0
TEXT
  5
19BD
330
1F
100
AcDbEntity
  8
HALFEN
100
AcDbText
 10
-1157.688083878209
 20
800.911769643023
 30
0.0
 40
5.0
  1
Bestell-Nr.
  7
ARIAL50
100
AcDbText
  0
LINE
  5
19BE
330
1F
100
AcDbEntity
  8
HALFEN
100
AcDbLine
 10
-1162.688083878209
 20
798.411769643023
 30
0.0
 11
-1162.688083878209
 21
826.4117696430234
 31
0.0
  0
LINE
  5
19BF
330
1F
100
AcDbEntity
  8
HALFEN
100
AcDbLine
 10
-1117.723397545594
 20
798.411769643023
 30
0.0
 11
-1117.723397545594
 21
826.4117696430234
 31
0.0
  0
TEXT
  5
19C0
330
1F
100
AcDbEntity
  8
HALFEN
100
AcDbText
 10
-1114.776357942048
 20
800.911769643023
 30
0.0
 40
5.0
  1
0756.010 - 00002
  7
ARIAL50
100
AcDbText
  0
LINE
  5
19C1
330
1F
100
AcDbEntity
  8
HALFEN
100
AcDbLine
 10
-995.4880702787063
 20
798.411769643023
 30
0.0
 11
-995.4880702787063
 21
826.4117696430234
 31
0.0
  0
LINE
  5
19C2
330
1F
100
AcDbEntity
  8
HALFEN
100
AcDbLine
 10
-1147.431297940161
 20
782.1486375971073
 30
0.0
 11
-1121.431297940161
 21
782.1486375971073
 31
0.0
  0
LINE
  5
19C3
330
1F
100
AcDbEntity
  8
HALFEN
100
AcDbLine
 10
-1147.431297940161
 20
707.1486375971073
 30
0.0
 11
-1147.431297940161
 21
782.1486375971073
 31
0.0
  0
LINE
  5
19C4
330
1F
100
AcDbEntity
  8
HALFEN
100
AcDbLine
 10
-1121.431297940161
 20
707.1486375971073
 30
0.0
 11
-1121.431297940161
 21
782.1486375971073
 31
0.0
  0
ARC
  5
19C5
330
1F
100
AcDbEntity
  8
HALFEN
100
AcDbCircle
 10
-1134.431297940161
 20
756.6486375971074
 30
0.0
 40
4.5
100
AcDbArc
 50
0.0
 51
180.0
  0
LINE
  5
19C6
330
1F
100
AcDbEntity
  8
HALFEN
100
AcDbLine
 10
-1138.931297940161
 20
756.6486375971074
 30
0.0
 11
-1138.931297940161
 21
735.6486375971074
 31
0.0
  0
ARC
  5
19C7
330
1F
100
AcDbEntity
  8
HALFEN
100
AcDbCircle
 10
-1134.431297940161
 20
735.6486375971074
 30
0.0
 40
4.5
100
AcDbArc
 50
180.0
 51
236.2510114041123
  0
ARC
  5
19C9
330
1F
100
AcDbEntity
  8
HALFEN
100
AcDbCircle
 10
-1134.431297940161
 20
735.6486375971074
 30
0.0
 40
4.5
100
AcDbArc
 50
303.7489885958887
 51
0.0
  0
LINE
  5
19CA
330
1F
100
AcDbEntity
  8
HALFEN
100
AcDbLine
 10
-1129.931297940161
 20
735.6486375971074
 30
0.0
 11
-1129.931297940161
 21
756.6486375971074
 31
0.0
  0
LINE
  5
19CD
330
1F
100
AcDbEntity
  8
HALFEN
100
AcDbLine
 10
-1147.431297940161
 20
707.1486375971073
 30
0.0
 11
-1136.931297940162
 21
707.1486375971074
 31
0.0
  0
LINE
  5
19CE
330
1F
100
AcDbEntity
  8
HALFEN
100
AcDbLine
 10
-1131.931297940161
 20
707.1486375971074
 30
0.0
 11
-1121.431297940161
 21
707.1486375971073
 31
0.0
  0
LWPOLYLINE
  5
19D3
330
1F
100
AcDbEntity
  8
HALFEN
100
AcDbPolyline
 90
        4
 70
     1
 43
0.0
 10
-1139.931297940161
 20
719.1486375971074
 10
-1128.931297940162
 20
719.1486375971074
 10
-1128.931297940162
 20
721.1486375971073
 10
-1139.931297940161
 20
721.1486375971073
  0
ARC
  5
19D4
330
1F
100
AcDbEntity
  8
HALFEN
100
AcDbCircle
 10
-1134.431297940161
 20
720.1486375971073
 30
0.0
 40
3.0
100
AcDbArc
 50
199.4712206344904
 51
213.5573097619143
  0
ARC
  5
19D5
330
1F
100
AcDbEntity
  8
HALFEN
100
AcDbCircle
 10
-1134.431297940161
 20
720.1486375971073
 30
0.0
 40
3.0
100
AcDbArc
 50
326.4426902380792
 51
340.5287793655094
  0
ARC
  5
19D6
330
1F
100
AcDbEntity
  8
HALFEN
100
AcDbCircle
 10
-1134.431297940161
 20
720.1486375971073
 30
0.0
 40
3.0
100
AcDbArc
 50
19.47122063449055
 51
33.55730976191835
  0
ARC
  5
19D7
330
1F
100
AcDbEntity
  8
HALFEN
100
AcDbCircle
 10
-1134.431297940161
 20
720.1486375971073
 30
0.0
 40
3.0
100
AcDbArc
 50
146.4426902380792
 51
160.5287793655094
  0
LINE
  5
19D8
330
1F
100
AcDbEntity
  8
HALFEN
100
AcDbLine
 10
-1136.931297940162
 20
685.1486375971074
 30
0.0
 11
-1131.931297940162
 21
685.1486375971074
 31
0.0
  0
LINE
  5
19D9
330
1F
100
AcDbEntity
  8
HALFEN
100
AcDbLine
 10
-1136.931297940162
 20
721.1486375971073
 30
0.0
 11
-1136.931297940161
 21
755.1486375971073
 31
0.0
  0
LINE
  5
19DA
330
1F
100
AcDbEntity
  8
HALFEN
100
AcDbLine
 10
-1131.931297940161
 20
721.1486375971073
 30
0.0
 11
-1131.931297940161
 21
755.1486375971073
 31
0.0
  0
LINE
  5
19DB
330
1F
100
AcDbEntity
  8
HALFEN
100
AcDbLine
 10
-1136.931297940162
 20
685.1486375971074
 30
0.0
 11
-1136.931297940162
 21
719.1486375971074
 31
0.0
  0
LINE
  5
19DC
330
1F
100
AcDbEntity
  8
HALFEN
100
AcDbLine
 10
-1131.931297940162
 20
685.1486375971074
 30
0.0
 11
-1131.931297940161
 21
719.1486375971074
 31
0.0
  0
LINE
  5
19DD
330
1F
100
AcDbEntity
  8
HALFEN
100
AcDbLine
 10
-1136.931297940161
 20
755.1486375971073
 30
0.0
 11
-1131.931297940161
 21
755.1486375971073
 31
0.0
  0
LINE
  5
19DE
330
1F
100
AcDbEntity
  8
HALFEN
100
AcDbLine
 10
-1199.744857168211
 20
707.1486375971074
 30
0.0
 11
-1199.744857168211
 21
782.1486375971074
 31
0.0
  0
LINE
  5
19DF
330
1F
100
AcDbEntity
  8
HALFEN
100
AcDbLine
 10
-1199.744857168211
 20
782.1486375971074
 30
0.0
 11
-1181.744857168211
 21
782.1486375971073
 31
0.0
  0
LINE
  5
19E1
330
1F
100
AcDbEntity
  8
HALFEN
100
AcDbLine
 10
-1199.744857168211
 20
707.1486375971074
 30
0.0
 11
-1181.744857168211
 21
707.1486375971074
 31
0.0
  0
LINE
  5
19E2
330
1F
100
AcDbEntity
  8
HALFEN
100
AcDbLine
 10
-1181.744857168211
 20
707.1486375971074
 30
0.0
 11
-1181.744857168211
 21
782.1486375971073
 31
0.0
  0
LINE
  5
19E5
330
1F
100
AcDbEntity
  8
HALFEN
100
AcDbLine
 10
-1199.744857168211
 20
723.1486375971073
 30
0.0
 11
-1237.744857168211
 21
723.1486375971074
 31
0.0
  0
LINE
  5
19E8
330
1F
100
AcDbEntity
  8
HALFEN
100
AcDbLine
 10
-1237.744857168211
 20
717.1486375971073
 30
0.0
 11
-1199.744857168211
 21
717.1486375971073
 31
0.0
  0
LINE
  5
19EB
330
1F
100
AcDbEntity
  8
HALFEN
100
AcDbLine
 10
-1268.744857168211
 20
721.1486375971073
 30
0.0
 11
-1240.744857168211
 21
721.1486375971073
 31
0.0
  0
LINE
  5
19EC
330
1F
100
AcDbEntity
  8
HALFEN
100
AcDbLine
 10
-1240.744857168211
 20
719.1486375971074
 30
0.0
 11
-1268.744857168211
 21
719.1486375971074
 31
0.0
  0
ARC
  5
19ED
330
1F
100
AcDbEntity
  8
HALFEN
100
AcDbCircle
 10
-1240.574981511733
 20
724.1438241123908
 30
0.0
 40
3.0
100
AcDbArc
 50
266.7538776325624
 51
340.6262574194027
  0
ARC
  5
19EF
330
1F
100
AcDbEntity
  8
HALFEN
100
AcDbCircle
 10
-1240.574981511733
 20
716.1534510818238
 30
0.0
 40
3.0
100
AcDbArc
 50
19.3737425805972
 51
93.24612236743757
  0
LINE
  5
19F0
330
1F
100
AcDbEntity
  8
HALFEN
100
AcDbLine
 10
-1268.744857168211
 20
719.1486375971074
 30
0.0
 11
-1268.744857168211
 21
721.1486375971073
 31
0.0
  0
LINE
  5
19F1
330
1F
100
AcDbEntity
  8
HALFEN
100
AcDbLine
 10
-1264.244857168211
 20
685.1486375971074
 30
0.0
 11
-1264.244857168211
 21
719.1486375971074
 31
0.0
  0
LINE
  5
19F2
330
1F
100
AcDbEntity
  8
HALFEN
100
AcDbLine
 10
-1264.244857168211
 20
721.1486375971073
 30
0.0
 11
-1264.244857168211
 21
755.1486375971073
 31
0.0
  0
LINE
  5
19F3
330
1F
100
AcDbEntity
  8
HALFEN
100
AcDbLine
 10
-1259.244857168211
 20
685.1486375971074
 30
0.0
 11
-1259.244857168211
 21
719.1486375971074
 31
0.0
  0
LINE
  5
19F4
330
1F
100
AcDbEntity
  8
HALFEN
100
AcDbLine
 10
-1259.244857168211
 20
721.1486375971073
 30
0.0
 11
-1259.244857168211
 21
755.1486375971073
 31
0.0
  0
LINE
  5
19F5
330
1F
100
AcDbEntity
  8
HALFEN
100
AcDbLine
 10
-1259.244857168211
 20
685.1486375971074
 30
0.0
 11
-1264.244857168211
 21
685.1486375971074
 31
0.0
  0
LINE
  5
19F6
330
1F
100
AcDbEntity
  8
HALFEN
100
AcDbLine
 10
-1259.244857168211
 20
755.1486375971073
 30
0.0
 11
-1264.244857168211
 21
755.1486375971073
 31
0.0
  0
LINE
  5
19FB
330
1F
100
AcDbEntity
  8
HALFEN
100
AcDbLine
 10
-1237.744857168211
 20
649.5804937809792
 30
0.0
 11
-1199.744857168211
 21
649.5804937809792
 31
0.0
  0
LINE
  5
19FC
330
1F
100
AcDbEntity
  8
HALFEN
100
AcDbLine
 10
-1197.244857168211
 20
649.5804937809792
 30
0.0
 11
-1190.244857168211
 21
649.5804937809792
 31
0.0
  0
LINE
  5
19FD
330
1F
100
AcDbEntity
  8
HALFEN
100
AcDbLine
 10
-1190.244857168211
 20
655.5804937809791
 30
0.0
 11
-1197.244857168211
 21
655.5804937809791
 31
0.0
  0
LINE
  5
19FE
330
1F
100
AcDbEntity
  8
HALFEN
100
AcDbLine
 10
-1199.744857168211
 20
655.5804937809791
 30
0.0
 11
-1237.744857168211
 21
655.5804937809791
 31
0.0
  0
LINE
  5
1A00
330
1F
100
AcDbEntity
  8
HALFEN
100
AcDbLine
 10
-1190.244857168211
 20
649.5804937809792
 30
0.0
 11
-1188.744857168211
 21
651.0804937809791
 31
0.0
  0
LINE
  5
1A01
330
1F
100
AcDbEntity
  8
HALFEN
100
AcDbLine
 10
-1188.744857168211
 20
654.0804937809792
 30
0.0
 11
-1190.244857168211
 21
655.5804937809791
 31
0.0
  0
LINE
  5
1A02
330
1F
100
AcDbEntity
  8
HALFEN
100
AcDbLine
 10
-1188.744857168211
 20
651.0804937809791
 30
0.0
 11
-1188.744857168211
 21
654.0804937809792
 31
0.0
  0
LINE
  5
1A03
330
1F
100
AcDbEntity
  8
HALFEN
100
AcDbLine
 10
-1190.244857168211
 20
655.5804937809791
 30
0.0
 11
-1190.244857168211
 21
649.5804937809792
 31
0.0
  0
LINE
  5
1A04
330
1F
100
AcDbEntity
  8
HALFEN
100
AcDbLine
 10
-1240.744857168211
 20
648.0794686249027
 30
0.0
 11
-1240.744857168211
 21
657.0815189370554
 31
0.0
  0
LINE
  5
1A05
330
1F
100
AcDbEntity
  8
HALFEN
100
AcDbLine
 10
-1237.744857168211
 20
655.5804937809791
 30
0.0
 11
-1237.744857168211
 21
649.5804937809792
 31
0.0
  0
ARC
  5
1A07
330
1F
100
AcDbEntity
  8
HALFEN
100
AcDbCircle
 10
-1258.093284401178
 20
652.1469134138689
 30
0.0
 40
10.66039372378647
100
AcDbArc
 50
158.8429142927418
 51
177.669018615464
  0
CIRCLE
  5
1A08
330
1F
100
AcDbEntity
  8
HALFEN
100
AcDbCircle
 10
-1261.744857168211
 20
652.5804937809791
 30
0.0
 40
2.549999999999999
  0
ARC
  5
1A09
330
1F
100
AcDbEntity
  8
HALFEN
100
AcDbCircle
 10
-1258.093284401178
 20
653.0140741480894
 30
0.0
 40
10.66039372378671
100
AcDbArc
 50
182.3309813845358
 51
201.1570857072581
  0
ARC
  5
1A0A
330
1F
100
AcDbEntity
  8
HALFEN
100
AcDbCircle
 10
-1255.485272222149
 20
549.2440258259064
 30
0.0
 40
108.8402717584785
100
AcDbArc
 50
82.21642049855523
 51
95.51412036111051
  0
ARC
  5
1A0B
330
1F
100
AcDbEntity
  8
HALFEN
100
AcDbCircle
 10
-1265.703621848367
 20
655.0922130025578
 30
0.0
 40
2.5
100
AcDbArc
 50
95.51412036111051
 51
158.8429142927418
  0
ARC
  5
1A0C
330
1F
100
AcDbEntity
  8
HALFEN
100
AcDbCircle
 10
-1265.703621848367
 20
650.0687745594005
 30
0.0
 40
2.5
100
AcDbArc
 50
201.1570857072581
 51
264.4858796388894
  0
ARC
  5
1A0D
330
1F
100
AcDbEntity
  8
HALFEN
100
AcDbCircle
 10
-1255.485272222149
 20
755.9169617360518
 30
0.0
 40
108.8402717584785
100
AcDbArc
 50
264.4858796388894
 51
277.7835795014448
  0
ARC
  5
1A0E
330
1F
100
AcDbEntity
  8
HALFEN
100
AcDbCircle
 10
-1242.621395077483
 20
652.5804937809791
 30
0.0
 40
4.876537909271928
100
AcDbArc
 50
292.6319116873142
 51
67.36808831268581
  0
ARC
  5
1A0F
330
1F
100
AcDbEntity
  8
HALFEN
100
AcDbCircle
 10
-1237.657956466233
 20
658.2015765455816
 30
0.0
 40
2.622522943827119
100
AcDbArc
 50
229.182177955512
 51
268.1010823569546
  0
LINE
  5
1A10
330
1F
100
AcDbEntity
  8
HALFEN
100
AcDbLine
 10
-1194.744857168211
 20
665.5804937809791
 30
0.0
 11
-1181.744857168211
 21
665.5804937809791
 31
0.0
  0
LINE
  5
1A11
330
1F
100
AcDbEntity
  8
HALFEN
100
AcDbLine
 10
-1194.744857168211
 20
639.5804937809791
 30
0.0
 11
-1181.744857168211
 21
639.5804937809791
 31
0.0
  0
LINE
  5
1A12
330
1F
100
AcDbEntity
  8
HALFEN
100
AcDbLine
 10
-1199.744857168211
 20
660.5804937809791
 30
0.0
 11
-1199.744857168211
 21
644.5804937809791
 31
0.0
  0
LINE
  5
1A13
330
1F
100
AcDbEntity
  8
HALFEN
100
AcDbLine
 10
-1194.744857168211
 20
663.0804937809791
 30
0.0
 11
-1181.744857168211
 21
663.0804937809791
 31
0.0
  0
LINE
  5
1A14
330
1F
100
AcDbEntity
  8
HALFEN
100
AcDbLine
 10
-1194.744857168211
 20
642.0804937809792
 30
0.0
 11
-1181.744857168211
 21
642.0804937809792
 31
0.0
  0
LINE
  5
1A15
330
1F
100
AcDbEntity
  8
HALFEN
100
AcDbLine
 10
-1197.244857168211
 20
660.5804937809791
 30
0.0
 11
-1197.244857168211
 21
644.5804937809791
 31
0.0
  0
ARC
  5
1A16
330
1F
100
AcDbEntity
  8
HALFEN
100
AcDbCircle
 10
-1194.744857168211
 20
660.5804937809791
 30
0.0
 40
2.5
100
AcDbArc
 50
90.0
 51
180.0
  0
ARC
  5
1A17
330
1F
100
AcDbEntity
  8
HALFEN
100
AcDbCircle
 10
-1194.744857168211
 20
644.5804937809791
 30
0.0
 40
2.5
100
AcDbArc
 50
180.0
 51
270.0
  0
ARC
  5
1A18
330
1F
100
AcDbEntity
  8
HALFEN
100
AcDbCircle
 10
-1194.744857168211
 20
644.5804937809791
 30
0.0
 40
5.0
100
AcDbArc
 50
180.0
 51
270.0
  0
ARC
  5
1A19
330
1F
100
AcDbEntity
  8
HALFEN
100
AcDbCircle
 10
-1194.744857168211
 20
660.5804937809791
 30
0.0
 40
5.0
100
AcDbArc
 50
90.0
 51
180.0
  0
LINE
  5
1A1C
330
1F
100
AcDbEntity
  8
HALFEN
100
AcDbLine
 10
-1181.744857168211
 20
665.5804937809791
 30
0.0
 11
-1181.744857168211
 21
663.0804937809791
 31
0.0
  0
LINE
  5
1A1D
330
1F
100
AcDbEntity
  8
HALFEN
100
AcDbLine
 10
-1181.744857168211
 20
642.0804937809792
 30
0.0
 11
-1181.744857168211
 21
639.5804937809791
 31
0.0
  0
ARC
  5
1A1E
330
1F
100
AcDbEntity
  8
HALFEN
100
AcDbCircle
 10
-1237.657956466233
 20
646.9594110163768
 30
0.0
 40
2.622522943827119
100
AcDbArc
 50
91.89891764304544
 51
130.817822044488
  0
LINE
  5
2B6A
330
1F
100
AcDbEntity
  8
HALFEN
100
AcDbLine
 10
-1162.688083878209
 20
426.6597047246805
 30
0.0
 11
-995.4880702787063
 21
426.6597047246805
 31
0.0
  0
LINE
  5
2B6B
330
1F
100
AcDbEntity
  8
HALFEN
100
AcDbLine
 10
-1162.688083878209
 20
436.6597047246805
 30
0.0
 11
-995.4880702787063
 21
436.6597047246805
 31
0.0
  0
LINE
  5
2B6C
330
1F
100
AcDbEntity
  8
HALFEN
100
AcDbLine
 10
-1162.688083878209
 20
454.659704724681
 30
0.0
 11
-995.4880702787063
 21
454.659704724681
 31
0.0
  0
TEXT
  5
2B6D
330
1F
100
AcDbEntity
  8
HALFEN
100
AcDbText
 10
-1114.776357942048
 20
447.1597047246805
 30
0.0
 40
5.0
  1
Halfen Body - Anker DH 1008 - 2 - A4
  7
ARIAL50
100
AcDbText
  0
TEXT
  5
2B6E
330
1F
100
AcDbEntity
  8
HALFEN
100
AcDbText
 10
-1157.688083878209
 20
447.1597047246805
 30
0.0
 40
5.0
  1
Benennung
  7
ARIAL50
100
AcDbText
  0
TEXT
  5
2B6F
330
1F
100
AcDbEntity
  8
HALFEN
100
AcDbText
 10
-1157.688083878209
 20
429.1597047246805
 30
0.0
 40
5.0
  1
Bestell-Nr.
  7
ARIAL50
100
AcDbText
  0
LINE
  5
2B70
330
1F
100
AcDbEntity
  8
HALFEN
100
AcDbLine
 10
-1162.688083878209
 20
426.6597047246805
 30
0.0
 11
-1162.688083878209
 21
454.659704724681
 31
0.0
  0
LINE
  5
2B71
330
1F
100
AcDbEntity
  8
HALFEN
100
AcDbLine
 10
-1117.723397545594
 20
426.6597047246805
 30
0.0
 11
-1117.723397545594
 21
454.659704724681
 31
0.0
  0
TEXT
  5
2B72
330
1F
100
AcDbEntity
  8
HALFEN
100
AcDbText
 10
-1114.776357942048
 20
429.1597047246805
 30
0.0
 40
5.0
  1
0756.020 - 00002
  7
ARIAL50
100
AcDbText
  0
LINE
  5
2B73
330
1F
100
AcDbEntity
  8
HALFEN
100
AcDbLine
 10
-995.4880702787063
 20
426.6597047246805
 30
0.0
 11
-995.4880702787063
 21
454.659704724681
 31
0.0
  0
LINE
  5
2B74
330
1F
100
AcDbEntity
  8
HALFEN
100
AcDbLine
 10
-1021.488070278706
 20
410.3965726787648
 30
0.0
 11
-995.4880702787063
 21
410.3965726787648
 31
0.0
  0
LINE
  5
2B75
330
1F
100
AcDbEntity
  8
HALFEN
100
AcDbLine
 10
-1021.488070278706
 20
335.3965726787649
 30
0.0
 11
-1021.488070278706
 21
410.3965726787648
 31
0.0
  0
LINE
  5
2B76
330
1F
100
AcDbEntity
  8
HALFEN
100
AcDbLine
 10
-995.4880702787063
 20
335.3965726787649
 30
0.0
 11
-995.4880702787063
 21
410.3965726787648
 31
0.0
  0
ARC
  5
2B77
330
1F
100
AcDbEntity
  8
HALFEN
100
AcDbCircle
 10
-1008.488070278706
 20
384.8965726787649
 30
0.0
 40
4.5
100
AcDbArc
 50
0.0
 51
180.0
  0
LINE
  5
2B78
330
1F
100
AcDbEntity
  8
HALFEN
100
AcDbLine
 10
-1012.988070278706
 20
384.8965726787649
 30
0.0
 11
-1012.988070278706
 21
363.8965726787649
 31
0.0
  0
ARC
  5
2B79
330
1F
100
AcDbEntity
  8
HALFEN
100
AcDbCircle
 10
-1008.488070278706
 20
363.8965726787649
 30
0.0
 40
4.5
100
AcDbArc
 50
180.0
 51
236.2510114041123
  0
ARC
  5
2B7B
330
1F
100
AcDbEntity
  8
HALFEN
100
AcDbCircle
 10
-1008.488070278706
 20
363.8965726787649
 30
0.0
 40
4.5
100
AcDbArc
 50
303.7489885958887
 51
0.0
  0
LINE
  5
2B7C
330
1F
100
AcDbEntity
  8
HALFEN
100
AcDbLine
 10
-1003.988070278706
 20
363.8965726787649
 30
0.0
 11
-1003.988070278706
 21
384.8965726787649
 31
0.0
  0
LINE
  5
2B7F
330
1F
100
AcDbEntity
  8
HALFEN
100
AcDbLine
 10
-1021.488070278706
 20
335.3965726787649
 30
0.0
 11
-995.4880702787063
 21
335.3965726787649
 31
0.0
  0
LWPOLYLINE
  5
2B85
330
1F
100
AcDbEntity
  8
HALFEN
100
AcDbPolyline
 90
        4
 70
     1
 43
0.0
 10
-1013.988070278706
 20
347.3965726787649
 10
-1002.988070278706
 20
347.3965726787649
 10
-1002.988070278706
 20
349.3965726787649
 10
-1013.988070278706
 20
349.3965726787649
  0
ARC
  5
2B88
330
1F
100
AcDbEntity
  8
HALFEN
100
AcDbCircle
 10
-1008.488070278706
 20
348.3965726787649
 30
0.0
 40
3.0
100
AcDbArc
 50
19.4712206344903
 51
33.55730976191835
  0
ARC
  5
2B89
330
1F
100
AcDbEntity
  8
HALFEN
100
AcDbCircle
 10
-1008.488070278706
 20
348.3965726787649
 30
0.0
 40
3.0
100
AcDbArc
 50
146.4426902380792
 51
160.5287793655097
  0
LINE
  5
2B90
330
1F
100
AcDbEntity
  8
HALFEN
100
AcDbLine
 10
-1073.801629506756
 20
335.3965726787651
 30
0.0
 11
-1073.801629506756
 21
410.3965726787651
 31
0.0
  0
LINE
  5
2B91
330
1F
100
AcDbEntity
  8
HALFEN
100
AcDbLine
 10
-1073.801629506756
 20
410.3965726787651
 30
0.0
 11
-1055.801629506756
 21
410.3965726787648
 31
0.0
  0
LINE
  5
2B93
330
1F
100
AcDbEntity
  8
HALFEN
100
AcDbLine
 10
-1073.801629506756
 20
335.3965726787651
 30
0.0
 11
-1055.801629506756
 21
335.3965726787651
 31
0.0
  0
LINE
  5
2B94
330
1F
100
AcDbEntity
  8
HALFEN
100
AcDbLine
 10
-1055.801629506756
 20
335.3965726787651
 30
0.0
 11
-1055.801629506756
 21
410.3965726787648
 31
0.0
  0
LINE
  5
2B97
330
1F
100
AcDbEntity
  8
HALFEN
100
AcDbLine
 10
-1073.801629506756
 20
351.3965726787646
 30
0.0
 11
-1111.801629506756
 21
351.3965726787649
 31
0.0
  0
LINE
  5
2B9A
330
1F
100
AcDbEntity
  8
HALFEN
100
AcDbLine
 10
-1111.801629506756
 20
345.3965726787649
 30
0.0
 11
-1073.801629506756
 21
345.3965726787649
 31
0.0
  0
LINE
  5
2B9D
330
1F
100
AcDbEntity
  8
HALFEN
100
AcDbLine
 10
-1142.801629506756
 20
349.3965726787649
 30
0.0
 11
-1114.801629506756
 21
349.3965726787649
 31
0.0
  0
LINE
  5
2B9E
330
1F
100
AcDbEntity
  8
HALFEN
100
AcDbLine
 10
-1114.801629506756
 20
347.3965726787649
 30
0.0
 11
-1142.801629506756
 21
347.3965726787649
 31
0.0
  0
ARC
  5
2B9F
330
1F
100
AcDbEntity
  8
HALFEN
100
AcDbCircle
 10
-1114.631753850278
 20
352.3917591940485
 30
0.0
 40
3.0
100
AcDbArc
 50
266.7538776325624
 51
340.6262574194027
  0
ARC
  5
2BA1
330
1F
100
AcDbEntity
  8
HALFEN
100
AcDbCircle
 10
-1114.631753850278
 20
344.4013861634812
 30
0.0
 40
3.0
100
AcDbArc
 50
19.37374258059709
 51
93.24612236743757
  0
LINE
  5
2BA2
330
1F
100
AcDbEntity
  8
HALFEN
100
AcDbLine
 10
-1142.801629506756
 20
347.3965726787649
 30
0.0
 11
-1142.801629506756
 21
349.3965726787649
 31
0.0
  0
LINE
  5
2BAD
330
1F
100
AcDbEntity
  8
HALFEN
100
AcDbLine
 10
-1111.801629506756
 20
277.8284288626367
 30
0.0
 11
-1073.801629506756
 21
277.8284288626367
 31
0.0
  0
LINE
  5
2BAE
330
1F
100
AcDbEntity
  8
HALFEN
100
AcDbLine
 10
-1071.301629506756
 20
277.8284288626367
 30
0.0
 11
-1064.301629506756
 21
277.8284288626367
 31
0.0
  0
LINE
  5
2BAF
330
1F
100
AcDbEntity
  8
HALFEN
100
AcDbLine
 10
-1064.301629506756
 20
283.8284288626367
 30
0.0
 11
-1071.301629506756
 21
283.8284288626367
 31
0.0
  0
LINE
  5
2BB0
330
1F
100
AcDbEntity
  8
HALFEN
100
AcDbLine
 10
-1073.801629506756
 20
283.8284288626367
 30
0.0
 11
-1111.801629506756
 21
283.8284288626367
 31
0.0
  0
LINE
  5
2BB2
330
1F
100
AcDbEntity
  8
HALFEN
100
AcDbLine
 10
-1064.301629506756
 20
277.8284288626367
 30
0.0
 11
-1062.801629506756
 21
279.3284288626367
 31
0.0
  0
LINE
  5
2BB3
330
1F
100
AcDbEntity
  8
HALFEN
100
AcDbLine
 10
-1062.801629506756
 20
282.3284288626366
 30
0.0
 11
-1064.301629506756
 21
283.8284288626367
 31
0.0
  0
LINE
  5
2BB4
330
1F
100
AcDbEntity
  8
HALFEN
100
AcDbLine
 10
-1062.801629506756
 20
279.3284288626367
 30
0.0
 11
-1062.801629506756
 21
282.3284288626366
 31
0.0
  0
LINE
  5
2BB5
330
1F
100
AcDbEntity
  8
HALFEN
100
AcDbLine
 10
-1064.301629506756
 20
283.8284288626367
 30
0.0
 11
-1064.301629506756
 21
277.8284288626367
 31
0.0
  0
LINE
  5
2BB6
330
1F
100
AcDbEntity
  8
HALFEN
100
AcDbLine
 10
-1114.801629506756
 20
276.3274037065603
 30
0.0
 11
-1114.801629506756
 21
285.329454018713
 31
0.0
  0
LINE
  5
2BB7
330
1F
100
AcDbEntity
  8
HALFEN
100
AcDbLine
 10
-1111.801629506756
 20
283.8284288626367
 30
0.0
 11
-1111.801629506756
 21
277.8284288626367
 31
0.0
  0
ARC
  5
2BB9
330
1F
100
AcDbEntity
  8
HALFEN
100
AcDbCircle
 10
-1132.150056739723
 20
280.3948484955263
 30
0.0
 40
10.66039372378647
100
AcDbArc
 50
158.8429142927419
 51
177.669018615464
  0
CIRCLE
  5
2BBA
330
1F
100
AcDbEntity
  8
HALFEN
100
AcDbCircle
 10
-1135.801629506756
 20
280.8284288626367
 30
0.0
 40
2.549999999999999
  0
ARC
  5
2BBB
330
1F
100
AcDbEntity
  8
HALFEN
100
AcDbCircle
 10
-1132.150056739722
 20
281.262009229747
 30
0.0
 40
10.66039372378671
100
AcDbArc
 50
182.3309813845358
 51
201.157085707258
  0
ARC
  5
2BBC
330
1F
100
AcDbEntity
  8
HALFEN
100
AcDbCircle
 10
-1129.542044560694
 20
177.4919609075639
 30
0.0
 40
108.8402717584785
100
AcDbArc
 50
82.21642049855523
 51
95.51412036111051
  0
ARC
  5
2BBD
330
1F
100
AcDbEntity
  8
HALFEN
100
AcDbCircle
 10
-1139.760394186911
 20
283.3401480842153
 30
0.0
 40
2.5
100
AcDbArc
 50
95.51412036111051
 51
158.8429142927419
  0
ARC
  5
2BBE
330
1F
100
AcDbEntity
  8
HALFEN
100
AcDbCircle
 10
-1139.760394186911
 20
278.316709641058
 30
0.0
 40
2.5
100
AcDbArc
 50
201.157085707258
 51
264.4858796388894
  0
ARC
  5
2BBF
330
1F
100
AcDbEntity
  8
HALFEN
100
AcDbCircle
 10
-1129.542044560694
 20
384.1648968177094
 30
0.0
 40
108.8402717584785
100
AcDbArc
 50
264.4858796388894
 51
277.7835795014448
  0
ARC
  5
2BC0
330
1F
100
AcDbEntity
  8
HALFEN
100
AcDbCircle
 10
-1116.678167416028
 20
280.8284288626367
 30
0.0
 40
4.876537909271928
100
AcDbArc
 50
292.6319116873142
 51
67.36808831268581
  0
ARC
  5
2BC1
330
1F
100
AcDbEntity
  8
HALFEN
100
AcDbCircle
 10
-1111.714728804778
 20
286.4495116272392
 30
0.0
 40
2.622522943827119
100
AcDbArc
 50
229.182177955512
 51
268.1010823569546
  0
LINE
  5
2BC2
330
1F
100
AcDbEntity
  8
HALFEN
100
AcDbLine
 10
-1068.801629506756
 20
293.8284288626367
 30
0.0
 11
-1055.801629506756
 21
293.8284288626367
 31
0.0
  0
LINE
  5
2BC3
330
1F
100
AcDbEntity
  8
HALFEN
100
AcDbLine
 10
-1068.801629506756
 20
267.8284288626366
 30
0.0
 11
-1055.801629506756
 21
267.8284288626366
 31
0.0
  0
LINE
  5
2BC4
330
1F
100
AcDbEntity
  8
HALFEN
100
AcDbLine
 10
-1073.801629506756
 20
288.8284288626366
 30
0.0
 11
-1073.801629506756
 21
272.8284288626367
 31
0.0
  0
LINE
  5
2BC5
330
1F
100
AcDbEntity
  8
HALFEN
100
AcDbLine
 10
-1068.801629506756
 20
291.3284288626367
 30
0.0
 11
-1055.801629506756
 21
291.3284288626367
 31
0.0
  0
LINE
  5
2BC6
330
1F
100
AcDbEntity
  8
HALFEN
100
AcDbLine
 10
-1068.801629506756
 20
270.3284288626367
 30
0.0
 11
-1055.801629506756
 21
270.3284288626367
 31
0.0
  0
LINE
  5
2BC7
330
1F
100
AcDbEntity
  8
HALFEN
100
AcDbLine
 10
-1071.301629506756
 20
288.8284288626366
 30
0.0
 11
-1071.301629506756
 21
272.8284288626367
 31
0.0
  0
ARC
  5
2BC8
330
1F
100
AcDbEntity
  8
HALFEN
100
AcDbCircle
 10
-1068.801629506756
 20
288.8284288626366
 30
0.0
 40
2.5
100
AcDbArc
 50
90.0
 51
180.0
  0
ARC
  5
2BC9
330
1F
100
AcDbEntity
  8
HALFEN
100
AcDbCircle
 10
-1068.801629506756
 20
272.8284288626367
 30
0.0
 40
2.5
100
AcDbArc
 50
180.0
 51
270.0
  0
ARC
  5
2BCA
330
1F
100
AcDbEntity
  8
HALFEN
100
AcDbCircle
 10
-1068.801629506756
 20
272.8284288626367
 30
0.0
 40
5.0
100
AcDbArc
 50
180.0
 51
270.0
  0
ARC
  5
2BCB
330
1F
100
AcDbEntity
  8
HALFEN
100
AcDbCircle
 10
-1068.801629506756
 20
288.8284288626366
 30
0.0
 40
5.0
100
AcDbArc
 50
90.0
 51
180.0
  0
LINE
  5
2BCE
330
1F
100
AcDbEntity
  8
HALFEN
100
AcDbLine
 10
-1055.801629506756
 20
293.8284288626367
 30
0.0
 11
-1055.801629506756
 21
291.3284288626367
 31
0.0
  0
LINE
  5
2BCF
330
1F
100
AcDbEntity
  8
HALFEN
100
AcDbLine
 10
-1055.801629506756
 20
270.3284288626367
 30
0.0
 11
-1055.801629506756
 21
267.8284288626366
 31
0.0
  0
ARC
  5
2BD0
330
1F
100
AcDbEntity
  8
HALFEN
100
AcDbCircle
 10
-1111.714728804778
 20
275.2073460980343
 30
0.0
 40
2.622522943827119
100
AcDbArc
 50
91.89891764304544
 51
130.817822044488
  0
LINE
  5
2FA7
330
1F
100
AcDbEntity
  8
HALFEN
100
AcDbLine
 10
-1133.301629506756
 20
349.3965726787649
 30
0.0
 11
-1133.301629506756
 21
382.3965726787649
 31
0.0
  0
LINE
  5
2FA8
330
1F
100
AcDbEntity
  8
HALFEN
100
AcDbLine
 10
-1138.301629506756
 20
382.3965726787649
 30
0.0
 11
-1138.301629506756
 21
349.3965726787649
 31
0.0
  0
LINE
  5
2FA9
330
1F
100
AcDbEntity
  8
HALFEN
100
AcDbLine
 10
-1139.301629506756
 20
347.3965726787648
 30
0.0
 11
-1139.301629506756
 21
345.8965726787648
 31
0.0
  0
LINE
  5
2FAA
330
1F
100
AcDbEntity
  8
HALFEN
100
AcDbLine
 10
-1132.301629506756
 20
345.8965726787648
 30
0.0
 11
-1132.301629506756
 21
347.3965726787648
 31
0.0
  0
LINE
  5
2FAB
330
1F
100
AcDbEntity
  8
HALFEN
100
AcDbLine
 10
-1132.301629506756
 20
345.8965726787648
 30
0.0
 11
-1139.301629506756
 21
345.8965726787648
 31
0.0
  0
LINE
  5
2FAC
330
1F
100
AcDbEntity
  8
HALFEN
100
AcDbLine
 10
-1133.301629506756
 20
382.3965726787649
 30
0.0
 11
-1138.301629506756
 21
382.3965726787649
 31
0.0
  0
ARC
  5
2FC3
330
1F
100
AcDbEntity
  8
HALFEN
100
AcDbCircle
 10
-1008.488070278706
 20
348.3965726787649
 30
0.0
 40
3.0
100
AcDbArc
 50
236.4426902380796
 51
303.5573097619203
  0
LINE
  5
2FC4
330
1F
100
AcDbEntity
  8
HALFEN
100
AcDbLine
 10
-1005.988070278706
 20
349.3965726787649
 30
0.0
 11
-1005.988070278706
 21
382.3965726787649
 31
0.0
  0
LINE
  5
2FC5
330
1F
100
AcDbEntity
  8
HALFEN
100
AcDbLine
 10
-1010.988070278706
 20
382.3965726787649
 30
0.0
 11
-1010.988070278706
 21
349.3965726787649
 31
0.0
  0
LINE
  5
2FC6
330
1F
100
AcDbEntity
  8
HALFEN
100
AcDbLine
 10
-1011.988070278706
 20
347.3965726787649
 30
0.0
 11
-1011.988070278706
 21
345.8965726787649
 31
0.0
  0
LINE
  5
2FC7
330
1F
100
AcDbEntity
  8
HALFEN
100
AcDbLine
 10
-1004.988070278706
 20
345.8965726787649
 30
0.0
 11
-1004.988070278706
 21
347.3965726787649
 31
0.0
  0
LINE
  5
2FC8
330
1F
100
AcDbEntity
  8
HALFEN
100
AcDbLine
 10
-1004.988070278706
 20
345.8965726787649
 30
0.0
 11
-1011.988070278706
 21
345.8965726787649
 31
0.0
  0
LINE
  5
2FC9
330
1F
100
AcDbEntity
  8
HALFEN
100
AcDbLine
 10
-1005.988070278706
 20
382.3965726787649
 30
0.0
 11
-1010.988070278706
 21
382.3965726787649
 31
0.0
  0
LINE
  5
321A
330
1F
100
AcDbEntity
  8
HALFEN
100
AcDbLine
 10
-936.5076868020919
 20
782.1486375971073
 30
0.0
 11
-910.5076868020919
 21
782.1486375971073
 31
0.0
  0
LINE
  5
321B
330
1F
100
AcDbEntity
  8
HALFEN
100
AcDbLine
 10
-936.5076868020919
 20
707.1486375971073
 30
0.0
 11
-936.5076868020919
 21
717.6486375971075
 31
0.0
  0
LINE
  5
321C
330
1F
100
AcDbEntity
  8
HALFEN
100
AcDbLine
 10
-910.5076868020919
 20
707.1486375971073
 30
0.0
 11
-910.5076868020919
 21
717.6486375971071
 31
0.0
  0
ARC
  5
321D
330
1F
100
AcDbEntity
  8
HALFEN
100
AcDbCircle
 10
-923.507686802092
 20
756.6486375971074
 30
0.0
 40
4.5
100
AcDbArc
 50
0.0
 51
180.0
  0
LINE
  5
321E
330
1F
100
AcDbEntity
  8
HALFEN
100
AcDbLine
 10
-928.007686802092
 20
756.6486375971074
 30
0.0
 11
-928.007686802092
 21
735.6486375971074
 31
0.0
  0
ARC
  5
3221
330
1F
100
AcDbEntity
  8
HALFEN
100
AcDbCircle
 10
-923.507686802092
 20
735.6486375971074
 30
0.0
 40
4.5
100
AcDbArc
 50
180.0
 51
0.0
  0
LINE
  5
3222
330
1F
100
AcDbEntity
  8
HALFEN
100
AcDbLine
 10
-919.007686802092
 20
735.6486375971074
 30
0.0
 11
-919.007686802092
 21
756.6486375971074
 31
0.0
  0
LINE
  5
3225
330
1F
100
AcDbEntity
  8
HALFEN
100
AcDbLine
 10
-936.5076868020919
 20
707.1486375971073
 30
0.0
 11
-910.5076868020919
 21
707.1486375971073
 31
0.0
  0
LWPOLYLINE
  5
322B
330
1F
100
AcDbEntity
  8
HALFEN
100
AcDbPolyline
 90
        4
 70
     1
 43
0.0
 10
-922.5076868020918
 20
714.6486375971074
 10
-922.5076868020918
 20
725.6486375971073
 10
-924.507686802092
 20
725.6486375971073
 10
-924.507686802092
 20
714.6486375971074
  0
ARC
  5
322C
330
1F
100
AcDbEntity
  8
HALFEN
100
AcDbCircle
 10
-923.507686802092
 20
720.1486375971073
 30
0.0
 40
3.0
100
AcDbArc
 50
289.4712206344861
 51
303.5573097619114
  0
ARC
  5
322D
330
1F
100
AcDbEntity
  8
HALFEN
100
AcDbCircle
 10
-923.507686802092
 20
720.1486375971073
 30
0.0
 40
3.0
100
AcDbArc
 50
56.44269023807305
 51
70.52877936551393
  0
ARC
  5
322E
330
1F
100
AcDbEntity
  8
HALFEN
100
AcDbCircle
 10
-923.507686802092
 20
720.1486375971073
 30
0.0
 40
3.0
100
AcDbArc
 50
109.471220634486
 51
123.5573097619257
  0
ARC
  5
322F
330
1F
100
AcDbEntity
  8
HALFEN
100
AcDbCircle
 10
-923.507686802092
 20
720.1486375971073
 30
0.0
 40
3.0
100
AcDbArc
 50
236.442690238073
 51
250.5287793655139
  0
LINE
  5
3230
330
1F
100
AcDbEntity
  8
HALFEN
100
AcDbLine
 10
-888.5076868020918
 20
717.6486375971071
 30
0.0
 11
-888.5076868020918
 21
722.648637597107
 31
0.0
  0
LINE
  5
3231
330
1F
100
AcDbEntity
  8
HALFEN
100
AcDbLine
 10
-924.507686802092
 20
717.6486375971073
 30
0.0
 11
-958.5076868020919
 21
717.6486375971077
 31
0.0
  0
LINE
  5
3232
330
1F
100
AcDbEntity
  8
HALFEN
100
AcDbLine
 10
-924.507686802092
 20
722.6486375971074
 30
0.0
 11
-958.5076868020919
 21
722.6486375971076
 31
0.0
  0
LINE
  5
3233
330
1F
100
AcDbEntity
  8
HALFEN
100
AcDbLine
 10
-888.5076868020918
 20
717.6486375971071
 30
0.0
 11
-922.5076868020918
 21
717.6486375971071
 31
0.0
  0
LINE
  5
3234
330
1F
100
AcDbEntity
  8
HALFEN
100
AcDbLine
 10
-888.5076868020918
 20
722.6486375971071
 30
0.0
 11
-922.5076868020918
 21
722.6486375971074
 31
0.0
  0
LINE
  5
3235
330
1F
100
AcDbEntity
  8
HALFEN
100
AcDbLine
 10
-958.5076868020919
 20
717.6486375971077
 30
0.0
 11
-958.5076868020919
 21
722.6486375971076
 31
0.0
  0
LINE
  5
3236
330
1F
100
AcDbEntity
  8
HALFEN
100
AcDbLine
 10
-988.8212460301415
 20
707.1486375971074
 30
0.0
 11
-988.8212460301415
 21
782.1486375971074
 31
0.0
  0
LINE
  5
3237
330
1F
100
AcDbEntity
  8
HALFEN
100
AcDbLine
 10
-988.8212460301415
 20
782.1486375971074
 30
0.0
 11
-970.8212460301416
 21
782.1486375971073
 31
0.0
  0
LINE
  5
3239
330
1F
100
AcDbEntity
  8
HALFEN
100
AcDbLine
 10
-988.8212460301415
 20
707.1486375971074
 30
0.0
 11
-970.8212460301416
 21
707.1486375971074
 31
0.0
  0
LINE
  5
323A
330
1F
100
AcDbEntity
  8
HALFEN
100
AcDbLine
 10
-970.8212460301416
 20
707.1486375971074
 30
0.0
 11
-970.8212460301416
 21
782.1486375971073
 31
0.0
  0
LINE
  5
323D
330
1F
100
AcDbEntity
  8
HALFEN
100
AcDbLine
 10
-988.8212460301419
 20
655.5804937809789
 30
0.0
 11
-1026.821246030141
 21
655.580493780979
 31
0.0
  0
LINE
  5
3240
330
1F
100
AcDbEntity
  8
HALFEN
100
AcDbLine
 10
-1026.821246030141
 20
649.580493780979
 30
0.0
 11
-988.8212460301419
 21
649.580493780979
 31
0.0
  0
LINE
  5
3243
330
1F
100
AcDbEntity
  8
HALFEN
100
AcDbLine
 10
-1057.821246030141
 20
653.580493780979
 30
0.0
 11
-1029.821246030141
 21
653.580493780979
 31
0.0
  0
LINE
  5
3244
330
1F
100
AcDbEntity
  8
HALFEN
100
AcDbLine
 10
-1029.821246030141
 20
651.580493780979
 30
0.0
 11
-1057.821246030141
 21
651.580493780979
 31
0.0
  0
ARC
  5
3245
330
1F
100
AcDbEntity
  8
HALFEN
100
AcDbCircle
 10
-1029.651370373664
 20
656.5756802962625
 30
0.0
 40
3.0
100
AcDbArc
 50
266.7538776325624
 51
340.6262574194027
  0
ARC
  5
3247
330
1F
100
AcDbEntity
  8
HALFEN
100
AcDbCircle
 10
-1029.651370373664
 20
648.5853072656955
 30
0.0
 40
3.0
100
AcDbArc
 50
19.37374258059707
 51
93.24612236743757
  0
LINE
  5
3248
330
1F
100
AcDbEntity
  8
HALFEN
100
AcDbLine
 10
-1057.821246030141
 20
651.580493780979
 30
0.0
 11
-1057.821246030141
 21
653.580493780979
 31
0.0
  0
LINE
  5
3249
330
1F
100
AcDbEntity
  8
HALFEN
100
AcDbLine
 10
-1053.321246030141
 20
617.5804937809791
 30
0.0
 11
-1053.321246030141
 21
651.580493780979
 31
0.0
  0
LINE
  5
324A
330
1F
100
AcDbEntity
  8
HALFEN
100
AcDbLine
 10
-1053.321246030141
 20
653.580493780979
 30
0.0
 11
-1053.321246030141
 21
687.580493780979
 31
0.0
  0
LINE
  5
324B
330
1F
100
AcDbEntity
  8
HALFEN
100
AcDbLine
 10
-1048.321246030142
 20
617.5804937809791
 30
0.0
 11
-1048.321246030142
 21
651.580493780979
 31
0.0
  0
LINE
  5
324C
330
1F
100
AcDbEntity
  8
HALFEN
100
AcDbLine
 10
-1048.321246030142
 20
653.580493780979
 30
0.0
 11
-1048.321246030142
 21
687.580493780979
 31
0.0
  0
LINE
  5
324D
330
1F
100
AcDbEntity
  8
HALFEN
100
AcDbLine
 10
-1048.321246030142
 20
617.5804937809791
 30
0.0
 11
-1053.321246030141
 21
617.5804937809791
 31
0.0
  0
LINE
  5
324E
330
1F
100
AcDbEntity
  8
HALFEN
100
AcDbLine
 10
-1048.321246030142
 20
687.580493780979
 30
0.0
 11
-1053.321246030141
 21
687.580493780979
 31
0.0
  0
LINE
  5
3254
330
1F
100
AcDbEntity
  8
HALFEN
100
AcDbLine
 10
-986.3212460301417
 20
649.5804937809792
 30
0.0
 11
-979.3212460301417
 21
649.5804937809792
 31
0.0
  0
LINE
  5
3255
330
1F
100
AcDbEntity
  8
HALFEN
100
AcDbLine
 10
-979.3212460301417
 20
655.5804937809791
 30
0.0
 11
-986.3212460301417
 21
655.5804937809791
 31
0.0
  0
LINE
  5
3258
330
1F
100
AcDbEntity
  8
HALFEN
100
AcDbLine
 10
-979.3212460301417
 20
649.5804937809792
 30
0.0
 11
-977.8212460301416
 21
651.0804937809791
 31
0.0
  0
LINE
  5
3259
330
1F
100
AcDbEntity
  8
HALFEN
100
AcDbLine
 10
-977.8212460301416
 20
654.0804937809792
 30
0.0
 11
-979.3212460301417
 21
655.5804937809791
 31
0.0
  0
LINE
  5
325A
330
1F
100
AcDbEntity
  8
HALFEN
100
AcDbLine
 10
-977.8212460301416
 20
651.0804937809791
 30
0.0
 11
-977.8212460301416
 21
654.0804937809792
 31
0.0
  0
LINE
  5
325B
330
1F
100
AcDbEntity
  8
HALFEN
100
AcDbLine
 10
-979.3212460301417
 20
655.5804937809791
 30
0.0
 11
-979.3212460301417
 21
649.5804937809792
 31
0.0
  0
LINE
  5
3268
330
1F
100
AcDbEntity
  8
HALFEN
100
AcDbLine
 10
-983.8212460301416
 20
665.5804937809791
 30
0.0
 11
-970.8212460301416
 21
665.5804937809791
 31
0.0
  0
LINE
  5
3269
330
1F
100
AcDbEntity
  8
HALFEN
100
AcDbLine
 10
-983.8212460301416
 20
639.5804937809791
 30
0.0
 11
-970.8212460301416
 21
639.5804937809791
 31
0.0
  0
LINE
  5
326A
330
1F
100
AcDbEntity
  8
HALFEN
100
AcDbLine
 10
-988.8212460301415
 20
660.5804937809791
 30
0.0
 11
-988.8212460301415
 21
644.5804937809791
 31
0.0
  0
LINE
  5
326B
330
1F
100
AcDbEntity
  8
HALFEN
100
AcDbLine
 10
-983.8212460301416
 20
663.0804937809791
 30
0.0
 11
-970.8212460301416
 21
663.0804937809791
 31
0.0
  0
LINE
  5
326C
330
1F
100
AcDbEntity
  8
HALFEN
100
AcDbLine
 10
-983.8212460301416
 20
642.0804937809792
 30
0.0
 11
-970.8212460301416
 21
642.0804937809792
 31
0.0
  0
LINE
  5
326D
330
1F
100
AcDbEntity
  8
HALFEN
100
AcDbLine
 10
-986.3212460301417
 20
660.5804937809791
 30
0.0
 11
-986.3212460301417
 21
644.5804937809791
 31
0.0
  0
ARC
  5
326E
330
1F
100
AcDbEntity
  8
HALFEN
100
AcDbCircle
 10
-983.8212460301416
 20
660.5804937809791
 30
0.0
 40
2.5
100
AcDbArc
 50
90.0
 51
180.0
  0
ARC
  5
326F
330
1F
100
AcDbEntity
  8
HALFEN
100
AcDbCircle
 10
-983.8212460301416
 20
644.5804937809791
 30
0.0
 40
2.5
100
AcDbArc
 50
180.0
 51
270.0
  0
ARC
  5
3270
330
1F
100
AcDbEntity
  8
HALFEN
100
AcDbCircle
 10
-983.8212460301416
 20
644.5804937809791
 30
0.0
 40
5.0
100
AcDbArc
 50
180.0
 51
270.0
  0
ARC
  5
3271
330
1F
100
AcDbEntity
  8
HALFEN
100
AcDbCircle
 10
-983.8212460301416
 20
660.5804937809791
 30
0.0
 40
5.0
100
AcDbArc
 50
90.0
 51
180.0
  0
LINE
  5
3274
330
1F
100
AcDbEntity
  8
HALFEN
100
AcDbLine
 10
-970.8212460301416
 20
665.5804937809791
 30
0.0
 11
-970.8212460301416
 21
663.0804937809791
 31
0.0
  0
LINE
  5
3275
330
1F
100
AcDbEntity
  8
HALFEN
100
AcDbLine
 10
-970.8212460301416
 20
642.0804937809792
 30
0.0
 11
-970.8212460301416
 21
639.5804937809791
 31
0.0
  0
LINE
  5
3280
330
1F
100
AcDbEntity
  8
HALFEN
100
AcDbLine
 10
-1026.821246030141
 20
717.1486375971072
 30
0.0
 11
-988.8212460301415
 21
717.1486375971072
 31
0.0
  0
LINE
  5
3283
330
1F
100
AcDbEntity
  8
HALFEN
100
AcDbLine
 10
-988.8212460301415
 20
723.1486375971073
 30
0.0
 11
-1026.821246030141
 21
723.1486375971073
 31
0.0
  0
LINE
  5
3289
330
1F
100
AcDbEntity
  8
HALFEN
100
AcDbLine
 10
-1029.821246030141
 20
715.6476124410309
 30
0.0
 11
-1029.821246030141
 21
724.6496627531834
 31
0.0
  0
LINE
  5
328A
330
1F
100
AcDbEntity
  8
HALFEN
100
AcDbLine
 10
-1026.821246030141
 20
723.1486375971073
 30
0.0
 11
-1026.821246030141
 21
717.1486375971072
 31
0.0
  0
ARC
  5
328C
330
1F
100
AcDbEntity
  8
HALFEN
100
AcDbCircle
 10
-1047.169673263108
 20
719.7150572299969
 30
0.0
 40
10.66039372378647
100
AcDbArc
 50
158.8429142927415
 51
177.669018615464
  0
CIRCLE
  5
328D
330
1F
100
AcDbEntity
  8
HALFEN
100
AcDbCircle
 10
-1050.821246030141
 20
720.1486375971072
 30
0.0
 40
2.549999999999999
  0
ARC
  5
328E
330
1F
100
AcDbEntity
  8
HALFEN
100
AcDbCircle
 10
-1047.169673263108
 20
720.5822179642175
 30
0.0
 40
10.66039372378671
100
AcDbArc
 50
182.3309813845359
 51
201.1570857072583
  0
ARC
  5
328F
330
1F
100
AcDbEntity
  8
HALFEN
100
AcDbCircle
 10
-1044.561661084079
 20
616.8121696420345
 30
0.0
 40
108.8402717584785
100
AcDbArc
 50
82.21642049855523
 51
95.51412036111051
  0
ARC
  5
3290
330
1F
100
AcDbEntity
  8
HALFEN
100
AcDbCircle
 10
-1054.780010710297
 20
722.660356818686
 30
0.0
 40
2.5
100
AcDbArc
 50
95.51412036111051
 51
158.8429142927415
  0
ARC
  5
3291
330
1F
100
AcDbEntity
  8
HALFEN
100
AcDbCircle
 10
-1054.780010710297
 20
717.6369183755285
 30
0.0
 40
2.5
100
AcDbArc
 50
201.1570857072583
 51
264.4858796388894
  0
ARC
  5
3292
330
1F
100
AcDbEntity
  8
HALFEN
100
AcDbCircle
 10
-1044.561661084079
 20
823.4851055521799
 30
0.0
 40
108.8402717584785
100
AcDbArc
 50
264.4858796388894
 51
277.7835795014448
  0
ARC
  5
3293
330
1F
100
AcDbEntity
  8
HALFEN
100
AcDbCircle
 10
-1031.697783939413
 20
720.1486375971072
 30
0.0
 40
4.876537909271928
100
AcDbArc
 50
292.6319116873142
 51
67.36808831268581
  0
ARC
  5
3294
330
1F
100
AcDbEntity
  8
HALFEN
100
AcDbCircle
 10
-1026.734345328164
 20
725.7697203617096
 30
0.0
 40
2.622522943827119
100
AcDbArc
 50
229.1821779555105
 51
268.1010823569546
  0
ARC
  5
3296
330
1F
100
AcDbEntity
  8
HALFEN
100
AcDbCircle
 10
-1026.734345328164
 20
714.527554832505
 30
0.0
 40
2.622522943827119
100
AcDbArc
 50
91.89891764304544
 51
130.817822044488
  0
LINE
  5
32A2
330
1F
100
AcDbEntity
  8
HALFEN
100
AcDbLine
 10
-936.5076868020919
 20
722.6486375971075
 30
0.0
 11
-936.5076868020919
 21
782.1486375971073
 31
0.0
  0
LINE
  5
32A3
330
1F
100
AcDbEntity
  8
HALFEN
100
AcDbLine
 10
-910.5076868020919
 20
722.6486375971072
 30
0.0
 11
-910.5076868020919
 21
782.1486375971073
 31
0.0
  0
LINE
  5
37F5
330
1F
100
AcDbEntity
  8
HALFEN
  6
STRICHPUNKT2
 62
     1
 48
0.5
100
AcDbLine
 10
-1134.431297940161
 20
729.1486375971073
 30
0.0
 11
-1134.431297940161
 21
763.1486375971073
 31
0.0
  0
LINE
  5
37F6
330
1F
100
AcDbEntity
  8
HALFEN
  6
STRICHPUNKT2
 62
     1
 48
0.5
100
AcDbLine
 10
-1141.681297940161
 20
746.1486375971073
 30
0.0
 11
-1127.181297940161
 21
746.1486375971073
 31
0.0
  0
LINE
  5
37F7
330
1F
100
AcDbEntity
  8
HALFEN
  6
STRICHPUNKT2
 62
     1
 48
0.5
100
AcDbLine
 10
-923.507686802092
 20
729.1486375971073
 30
0.0
 11
-923.507686802092
 21
763.1486375971073
 31
0.0
  0
LINE
  5
37F8
330
1F
100
AcDbEntity
  8
HALFEN
  6
STRICHPUNKT2
 62
     1
 48
0.5
100
AcDbLine
 10
-930.757686802092
 20
746.1486375971073
 30
0.0
 11
-916.2576868020918
 21
746.1486375971073
 31
0.0
  0
LINE
  5
3832
330
1F
100
AcDbEntity
  8
HALFEN
  6
STRICHPUNKT2
 62
     1
 48
0.5
100
AcDbLine
 10
-978.0712460301415
 20
746.1486375971081
 30
0.0
 11
-963.5712460301416
 21
746.1486375971081
 31
0.0
  0
LINE
  5
3833
330
1F
100
AcDbEntity
  8
HALFEN
  6
STRICHPUNKT2
 62
     1
 48
0.5
100
AcDbLine
 10
-1188.994857168211
 20
746.1486375971073
 30
0.0
 11
-1174.494857168211
 21
746.1486375971073
 31
0.0
  0
LINE
  5
383B
330
1F
100
AcDbEntity
  8
HALFEN
  6
STRICHPUNKT2
 62
     1
 48
0.5
100
AcDbLine
 10
-1188.994857168211
 20
652.5804937809791
 30
0.0
 11
-1174.494857168211
 21
652.5804937809791
 31
0.0
  0
LINE
  5
383D
330
1F
100
AcDbEntity
  8
HALFEN
  6
STRICHPUNKT2
 62
     1
 48
0.5
100
AcDbLine
 10
-978.0712460301415
 20
652.5804937809791
 30
0.0
 11
-963.5712460301416
 21
652.5804937809791
 31
0.0
  0
LINE
  5
3863
330
1F
100
AcDbEntity
  8
HALFEN
  6
STRICHPUNKT2
 62
     1
 48
0.5
100
AcDbLine
 10
-1008.488070278706
 20
357.3965726787649
 30
0.0
 11
-1008.488070278706
 21
391.3965726787649
 31
0.0
  0
LINE
  5
3864
330
1F
100
AcDbEntity
  8
HALFEN
  6
STRICHPUNKT2
 62
     1
 48
0.5
100
AcDbLine
 10
-1015.738070278706
 20
374.3965726787649
 30
0.0
 11
-1001.238070278706
 21
374.3965726787649
 31
0.0
  0
LINE
  5
386C
330
1F
100
AcDbEntity
  8
HALFEN
  6
STRICHPUNKT2
 62
     1
 48
0.5
100
AcDbLine
 10
-1063.051629506756
 20
374.3965726787648
 30
0.0
 11
-1048.551629506756
 21
374.3965726787648
 31
0.0
  0
LINE
  5
3880
330
1F
100
AcDbEntity
  8
HALFEN
  6
STRICHPUNKT2
 62
     1
 48
0.5
100
AcDbLine
 10
-1063.051629506756
 20
280.8284288626367
 30
0.0
 11
-1048.551629506756
 21
280.8284288626367
 31
0.0
  0
TEXT
  5
39C4
330
1F
100
AcDbEntity
  8
HALFEN
100
AcDbText
 10
-1114.776357942048
 20
810.911769643023
 30
0.0
 40
5.0
  1

  7
ARIAL50
100
AcDbText
  0
TEXT
  5
39C6
330
1F
100
AcDbEntity
  8
HALFEN
100
AcDbText
 10
-1114.776357942048
 20
439.1597047246805
 30
0.0
 40
5.0
  1

  7
ARIAL50
100
AcDbText
  0
ENDSEC
  0
SECTION
  2
OBJECTS
  0
DICTIONARY
  5
C
330
0
100
AcDbDictionary
281
     1
  3
ACAD_CIP_PREVIOUS_PRODUCT_INFO
350
39C3
  3
ACAD_COLOR
350
810
  3
ACAD_GROUP
350
D
  3
ACAD_LAYOUT
350
1A
  3
ACAD_MATERIAL
350
80F
  3
ACAD_MLEADERSTYLE
350
313B
  3
ACAD_MLINESTYLE
350
17
  3
ACAD_PLOTSETTINGS
350
19
  3
ACAD_PLOTSTYLENAME
350
E
  3
ACAD_SCALELIST
350
3119
  3
ACAD_TABLESTYLE
350
811
  3
ACAD_VISUALSTYLE
350
3108
  3
ACDB_RECOMPOSE_DATA
350
39CB
  3
AcDbVariableDictionary
350
55
  3
AcmDictionary
350
64
  3
AMG
350
4C
  3
AMGSNAPSETTINGS
350
71
  3
ASE_INDEX_DICTIONARY
350
30CF
  0
DICTIONARY
  5
3883
330
8
100
AcDbDictionary
280
     1
281
     1
  0
DICTIONARY
  5
FAF
330
2
100
AcDbDictionary
280
     1
281
     1
  3
ACAD_LAYERFILTERS
360
37E2
  3
ACAD_LAYERSTATES
360
FB0
  3
ACLYDICTIONARY
360
37E1
  0
DICTIONARY
  5
31DF
330
10
100
AcDbDictionary
280
     1
281
     1
  3
ADSK_XREC_LAYER_RECONCILED
360
31E0
  0
DICTIONARY
  5
1BF
330
1F
100
AcDbDictionary
280
     1
281
     1
  3
ACAD_SORTENTS
360
DF0
  0
XRECORD
  5
39C3
102
{ACAD_REACTORS
330
C
102
}
330
C
100
AcDbXrecord
280
     1
300
AMECH_PP
300
2012
300
PDSP_F_S
  0
DICTIONARY
  5
810
102
{ACAD_REACTORS
330
C
102
}
330
C
100
AcDbDictionary
281
     1
  0
DICTIONARY
  5
D
102
{ACAD_REACTORS
330
C
102
}
330
C
100
AcDbDictionary
281
     1
  0
DICTIONARY
  5
1A
102
{ACAD_REACTORS
330
C
102
}
330
C
100
AcDbDictionary
281
     1
  3
Layout1
350
1E
  3
Layout2
350
26
  3
Model
350
22
  0
DICTIONARY
  5
80F
102
{ACAD_REACTORS
330
C
102
}
330
C
100
AcDbDictionary
281
     1
  3
ByBlock
350
30F8
  3
ByLayer
350
30F0
  3
Global
350
3100
  0
DICTIONARY
  5
313B
102
{ACAD_REACTORS
330
C
102
}
330
C
100
AcDbDictionary
281
     1
  3
Standard
350
313C
  0
DICTIONARY
  5
17
102
{ACAD_REACTORS
330
C
102
}
330
C
100
AcDbDictionary
281
     1
  3
Standard
350
18
  0
DICTIONARY
  5
19
102
{ACAD_REACTORS
330
C
102
}
330
C
100
AcDbDictionary
281
     1
  3
A4_hoch
350
974
  3
A4_quer
350
976
  0
ACDBDICTIONARYWDFLT
  5
E
102
{ACAD_REACTORS
330
C
102
}
330
C
100
AcDbDictionary
281
     1
  3
Normal
350
F
100
AcDbDictionaryWithDefault
340
F
  0
DICTIONARY
  5
3119
102
{ACAD_REACTORS
330
C
102
}
330
C
100
AcDbDictionary
281
     1
  3
A0
350
311A
  3
A1
350
311B
  3
A2
350
311C
  3
A3
350
311D
  3
A4
350
311E
  3
A5
350
311F
  3
A6
350
3120
  3
A7
350
3121
  3
A8
350
3122
  3
A9
350
3123
  3
B0
350
3124
  3
B1
350
3125
  3
B2
350
3126
  3
B3
350
3127
  3
B4
350
3128
  3
B5
350
3129
  3
B6
350
312A
  3
B7
350
312B
  3
B8
350
312C
  3
B9
350
312D
  3
C0
350
312E
  3
C1
350
312F
  3
C2
350
3130
  3
C3
350
3131
  3
C4
350
3132
  3
C5
350
3133
  3
C6
350
3134
  3
C7
350
3135
  3
C8
350
3136
  3
C9
350
3137
  3
D0
350
3138
  3
D1
350
3139
  3
D2
350
313A
  0
DICTIONARY
  5
811
102
{ACAD_REACTORS
330
C
102
}
330
C
100
AcDbDictionary
281
     1
  3
Standard
350
812
  0
DICTIONARY
  5
3108
102
{ACAD_REACTORS
330
C
102
}
330
C
100
AcDbDictionary
281
     1
  3
2dWireframe
350
310E
  3
3D Hidden
350
3110
  3
3dWireframe
350
310F
  3
Basic
350
310D
  3
Brighten
350
3114
  3
ColorChange
350
3118
  3
Conceptual
350
3111
  3
Dim
350
3113
  3
EdgeColorOff
350
39BF
  3
Facepattern
350
3117
  3
Flat
350
3109
  3
FlatWithEdges
350
310A
  3
Gouraud
350
310B
  3
GouraudWithEdges
350
310C
  3
Hidden
350
39B7
  3
JitterOff
350
39BD
  3
Linepattern
350
3116
  3
OverhangOff
350
39BE
  3
Realistic
350
3112
  3
Shaded
350
39BC
  3
Shaded with edges
350
39BB
  3
Shades of Gray
350
39B8
  3
Sketchy
350
39B9
  3
Thicken
350
3115
  3
Wireframe
350
39B6
  3
X-Ray
350
39BA
  0
XRECORD
  5
39CB
102
{ACAD_REACTORS
330
C
102
}
330
C
100
AcDbXrecord
280
     1
 90
        1
330
812
  0
DICTIONARY
  5
55
102
{ACAD_REACTORS
330
C
102
}
330
C
100
AcDbDictionary
281
     1
  3
CANNOSCALE
350
378C
  3
CMLEADERSTYLE
350
378A
  3
CTABLESTYLE
350
926
  3
DIMASSOC
350
39B4
  3
INDEXCTL
350
56
  3
LAYEREVAL
350
39C7
  3
LAYERNOTIFY
350
39C8
  3
LIGHTINGUNITS
350
378D
  3
MSLTSCALE
350
378B
  3
SORTENTS
350
39B3
  0
DICTIONARY
  5
64
102
{ACAD_REACTORS
330
C
102
}
330
C
100
AcDbDictionary
281
     1
  3
AcmStdDictionary
350
665
  3
AMDTSECTSYM_ARROWCOLOR
350
869
  0
DICTIONARY
  5
4C
102
{ACAD_REACTORS
330
C
102
}
330
C
100
AcDbDictionary
281
     1
  0
DICTIONARY
  5
71
102
{ACAD_REACTORS
330
C
102
}
330
C
100
AcDbDictionary
281
     1
  0
DICTIONARY
  5
30CF
102
{ACAD_REACTORS
330
C
102
}
330
C
100
AcDbDictionary
281
     1
  3
ASEBlockHierarchyIndexRecord
350
30D1
1001
DCO15
1040
1572079489.0
  0
DICTIONARY
  5
37E2
102
{ACAD_REACTORS
330
FAF
102
}
330
FAF
100
AcDbDictionary
281
     1
  0
DICTIONARY
  5
FB0
102
{ACAD_REACTORS
330
FAF
102
}
330
FAF
100
AcDbDictionary
281
     1
  0
DICTIONARY
  5
37E1
102
{ACAD_REACTORS
330
FAF
102
}
330
FAF
100
AcDbDictionary
281
     1
1001
ACAD
1000
<All
  0
XRECORD
  5
31E0
102
{ACAD_REACTORS
330
31DF
102
}
330
31DF
100
AcDbXrecord
280
     1
290
     1
  0
SORTENTSTABLE
  5
DF0
102
{ACAD_REACTORS
330
1BF
102
}
330
1BF
100
AcDbSortentsTable
330
1F
331
1A11
  5
1A11
331
2B90
  5
2B92
331
1A19
  5
1A19
331
326B
  5
326F
331
19DA
  5
19DA
331
2FA7
  5
2FAB
331
322C
  5
3230
331
19E2
  5
19E2
331
3283
  5
3287
331
3234
  5
3238
331
2BB0
  5
2BB2
331
2B71
  5
2B73
331
19F2
  5
19F2
331
C94
  5
C94
331
3244
  5
3248
331
2B79
  5
2B7B
331
C9C
  5
C9C
331
19BB
  5
19BB
331
2FC7
  5
2FCB
331
3293
  5
3299
331
2BC0
  5
2BC2
331
1A02
  5
1A02
331
19C3
  5
19C3
331
324C
  5
3252
331
2BC8
  5
2BCA
331
3254
  5
3259
331
1A0A
  5
1A0A
331
2B89
  5
2B91
331
32A3
  5
3222
331
321D
  5
3223
331
2BD0
  5
2BD2
331
1A12
  5
1A12
331
19D3
  5
19D3
331
2B91
  5
2B93
331
326C
  5
3270
331
19DB
  5
19DB
331
3225
  5
322A
331
3274
  5
3279
331
2FA8
  5
2FAC
331
322D
  5
3231
331
2B6A
  5
2B6C
331
2BA1
  5
2BA9
331
19EB
  5
19EB
331
C8D
  5
C8D
331
3235
  5
3239
331
323D
  5
3241
331
2B72
  5
2B74
331
19F3
  5
19F3
331
C95
  5
C95
331
3245
  5
3249
331
2BB9
  5
2BBB
331
19FB
  5
19FB
331
19BC
  5
19BC
331
C9D
  5
C9D
331
2FC8
  5
2FCC
331
328C
  5
3290
331
3294
  5
329A
331
1A03
  5
1A03
331
2BC1
  5
2BC3
331
324D
  5
3254
331
19C4
  5
19C4
331
2BC9
  5
2BCB
331
1A0B
  5
1A0B
331
3255
  5
325A
331
321E
  5
3224
331
1A13
  5
1A13
331
19D4
  5
19D4
331
326D
  5
3271
331
19DC
  5
19DC
331
C7E
  5
C7E
331
2B9A
  5
2B9C
331
3275
  5
327C
331
2FA9
  5
2FAD
331
322E
  5
3232
331
2B6B
  5
2B6D
331
C86
  5
C86
331
2BA2
  5
2BAA
331
19EC
  5
19EC
331
C8E
  5
C8E
331
3236
  5
323A
331
2B73
  5
2B75
331
19F4
  5
19F4
331
C96
  5
C96
331
2BB2
  5
2BB4
331
2BBA
  5
2BBC
331
2B7B
  5
2B7D
331
19FC
  5
19FC
331
19BD
  5
19BD
331
C9E
  5
C9E
331
2FC9
  5
2FCD
331
328D
  5
3291
331
1A04
  5
1A04
331
2BC2
  5
2BC4
331
324E
  5
3255
331
CA6
  5
CA6
331
19C5
  5
19C5
331
2BCA
  5
2BCC
331
1A0C
  5
1A0C
331
19CD
  5
19CD
331
1A14
  5
1A14
331
2B93
  5
2B95
331
C77
  5
C77
331
19D5
  5
19D5
331
326E
  5
3272
331
1A1C
  5
1A1C
331
19DD
  5
19DD
331
2FAA
  5
2FAE
331
2B6C
  5
2B6E
331
19E5
  5
19E5
331
C87
  5
C87
331
322F
  5
3233
331
19ED
  5
19ED
331
C8F
  5
C8F
331
3237
  5
323B
331
2BB3
  5
2BB5
331
19F5
  5
19F5
331
C97
  5
C97
331
2B74
  5
2B76
331
328E
  5
3292
331
3247
  5
324B
331
2B7C
  5
2B7E
331
19FD
  5
19FD
331
19BE
  5
19BE
331
C9F
  5
C9F
331
2BBB
  5
2BBD
331
1A05
  5
1A05
331
2BC3
  5
2BC5
331
CA7
  5
CA7
331
19C6
  5
19C6
331
3296
  5
329C
331
1A0D
  5
1A0D
331
2BCB
  5
2BCD
331
19CE
  5
19CE
331
1A15
  5
1A15
331
2B94
  5
2B96
331
C78
  5
C78
331
19D6
  5
19D6
331
326F
  5
3273
331
1A1D
  5
1A1D
331
19DE
  5
19DE
331
2FAB
  5
2FAF
331
2B6D
  5
2B6F
331
C88
  5
C88
331
3230
  5
3234
331
C90
  5
C90
331
2FC3
  5
2FC7
331
2BB4
  5
2BB6
331
19F6
  5
19F6
331
C98
  5
C98
331
2B75
  5
2B77
331
3240
  5
3244
331
328F
  5
3293
331
3248
  5
324C
331
19FE
  5
19FE
331
CA0
  5
CA0
331
19BF
  5
19BF
331
2BBC
  5
2BBE
331
2BC4
  5
2BC6
331
2B85
  5
2B89
331
CA8
  5
CA8
331
19C7
  5
19C7
331
1A0E
  5
1A0E
331
3258
  5
3268
331
3268
  5
326C
331
1A16
  5
1A16
331
3221
  5
3225
331
C79
  5
C79
331
19D7
  5
19D7
331
3270
  5
3274
331
1A1E
  5
1A1E
331
2B9D
  5
2B9F
331
C81
  5
C81
331
19DF
  5
19DF
331
3280
  5
3284
331
2FAC
  5
2FB0
331
2B6E
  5
2B70
331
3231
  5
3235
331
2BAD
  5
2BAF
331
19EF
  5
19EF
331
3239
  5
323D
331
C91
  5
C91
331
2FC4
  5
2FC8
331
2BB5
  5
2BB7
331
19B8
  5
19B8
331
C99
  5
C99
331
2B76
  5
2B78
331
3290
  5
3294
331
3249
  5
324D
331
CA1
  5
CA1
331
19C0
  5
19C0
331
2BBD
  5
2BBF
331
1A07
  5
1A07
331
CA9
  5
CA9
331
2BC5
  5
2BC7
331
3259
  5
3269
331
1A0F
  5
1A0F
331
321A
  5
321C
331
C72
  5
C72
331
3269
  5
326D
331
1A17
  5
1A17
331
3222
  5
3227
331
19D8
  5
19D8
331
C7A
  5
C7A
331
3271
  5
3275
331
C82
  5
C82
331
2B9E
  5
2BA0
331
2B6F
  5
2B71
331
19E8
  5
19E8
331
3232
  5
3236
331
323A
  5
323E
331
2BAE
  5
2BB0
331
C92
  5
C92
331
19F0
  5
19F0
331
2FC5
  5
2FC9
331
2BB6
  5
2BB8
331
19B9
  5
19B9
331
C9A
  5
C9A
331
2B77
  5
2B79
331
3289
  5
328D
331
3291
  5
3295
331
324A
  5
324E
331
2BBE
  5
2BC0
331
1A00
  5
1A00
331
19C1
  5
19C1
331
2B7F
  5
2B82
331
1A08
  5
1A08
331
2BC6
  5
2BC8
331
CAA
  5
CAA
331
19C9
  5
19C9
331
325A
  5
326A
331
2BCE
  5
2BD0
331
321B
  5
321D
331
1A10
  5
1A10
331
326A
  5
326E
331
1A18
  5
1A18
331
19D9
  5
19D9
331
2B97
  5
2B99
331
322B
  5
322F
331
2B9F
  5
2BA1
331
19E1
  5
19E1
331
3233
  5
3237
331
2BAF
  5
2BB1
331
2B70
  5
2B72
331
C93
  5
C93
331
19F1
  5
19F1
331
328A
  5
328E
331
3243
  5
3247
331
2BB7
  5
2BB9
331
2B78
  5
2B7A
331
C9B
  5
C9B
331
19BA
  5
19BA
331
2FC6
  5
2FCA
331
3292
  5
3296
331
324B
  5
3250
331
1A01
  5
1A01
331
19C2
  5
19C2
331
2BBF
  5
2BC1
331
2BC7
  5
2BC9
331
1A09
  5
1A09
331
CAB
  5
CAB
331
19CA
  5
19CA
331
2B88
  5
2B90
331
32A2
  5
321E
331
325B
  5
326B
331
2BCF
  5
2BD1
331
321C
  5
3221
  0
LAYOUT
  5
1E
102
{ACAD_REACTORS
330
1A
102
}
330
1A
100
AcDbPlotSettings
  1

  2
Minolta PagePro 8L
  4

  6

 40
0.0
 41
0.0
 42
0.0
 43
0.0
 44
0.0
 45
0.0
 46
0.0
 47
0.0
 48
0.0
 49
0.0
140
0.0
141
0.0
142
1.0
143
1.0
 70
   688
 72
     0
 73
     0
 74
     5
  7
Halfen Plotstil.ctb
 75
    16
147
1.0
 76
     0
 77
     2
 78
   300
148
0.0
149
0.0
100
AcDbLayout
  1
Layout1
 70
     1
 71
     1
 10
0.0
 20
0.0
 11
420.0
 21
297.0
 12
0.0
 22
0.0
 32
0.0
 14
1.000000000000000E+20
 24
1.000000000000000E+20
 34
1.000000000000000E+20
 15
-1.000000000000000E+20
 25
-1.000000000000000E+20
 35
-1.000000000000000E+20
146
0.0
 13
0.0
 23
0.0
 33
0.0
 16
1.0
 26
0.0
 36
0.0
 17
0.0
 27
1.0
 37
0.0
 76
     0
330
1B
  0
LAYOUT
  5
26
102
{ACAD_REACTORS
330
1A
102
}
330
1A
100
AcDbPlotSettings
  1

  2
Minolta PagePro 8L
  4

  6

 40
0.0
 41
0.0
 42
0.0
 43
0.0
 44
0.0
 45
0.0
 46
0.0
 47
0.0
 48
0.0
 49
0.0
140
0.0
141
0.0
142
1.0
143
1.0
 70
   688
 72
     0
 73
     0
 74
     5
  7
Halfen Plotstil.ctb
 75
    16
147
1.0
 76
     0
 77
     2
 78
   300
148
0.0
149
0.0
100
AcDbLayout
  1
Layout2
 70
     1
 71
     2
 10
0.0
 20
0.0
 11
12.0
 21
9.0
 12
0.0
 22
0.0
 32
0.0
 14
0.0
 24
0.0
 34
0.0
 15
0.0
 25
0.0
 35
0.0
146
0.0
 13
0.0
 23
0.0
 33
0.0
 16
1.0
 26
0.0
 36
0.0
 17
0.0
 27
1.0
 37
0.0
 76
     0
330
23
  0
LAYOUT
  5
22
102
{ACAD_REACTORS
330
1A
102
}
330
1A
100
AcDbPlotSettings
  1

  2
Minolta PagePro 8L
  4
A4
  6

 40
5.873749732971191
 41
3.174999952316284
 42
5.873748779296875
 43
3.17498779296875
 44
209.9733276367187
 45
297.0106506347656
 46
0.0
 47
0.0
 48
0.0
 49
0.0
140
0.0
141
0.0
142
1.0
143
4.917982904426159
 70
 11952
 72
     1
 73
     1
 74
     0
  7
Halfen Plotstil.ctb
 75
     0
147
0.2033353957168101
 76
     0
 77
     2
 78
   300
148
596.0234477574415
149
350.6876687301243
100
AcDbLayout
  1
Model
 70
     1
 71
     0
 10
0.0
 20
0.0
 11
12.0
 21
9.0
 12
0.0
 22
0.0
 32
0.0
 14
0.0
 24
0.0
 34
0.0
 15
0.0
 25
0.0
 35
0.0
146
0.0
 13
0.0
 23
0.0
 33
0.0
 16
1.0
 26
0.0
 36
0.0
 17
0.0
 27
1.0
 37
0.0
 76
     0
330
1F
331
30EE
  0
MATERIAL
  5
30F8
102
{ACAD_XDICTIONARY
360
30F9
102
}
102
{ACAD_REACTORS
330
80F
102
}
330
80F
100
AcDbMaterial
  1
ByBlock
 72
     0
 43
0.0008202099737533
 43
0.0
 43
0.0
 43
0.0
 43
0.0
 43
0.0008202099737533
 43
0.0
 43
0.0
 43
0.0
 43
0.0
 43
1.0
 43
0.0
 43
0.0
 43
0.0
 43
0.0
 43
1.0
 77
     0
 47
0.0008202099737533
 47
0.0
 47
0.0
 47
0.0
 47
0.0
 47
0.0008202099737533
 47
0.0
 47
0.0
 47
0.0
 47
0.0
 47
1.0
 47
0.0
 47
0.0
 47
0.0
 47
0.0
 47
1.0
171
     0
 49
0.0008202099737533
 49
0.0
 49
0.0
 49
0.0
 49
0.0
 49
0.0008202099737533
 49
0.0
 49
0.0
 49
0.0
 49
0.0
 49
1.0
 49
0.0
 49
0.0
 49
0.0
 49
0.0
 49
1.0
175
     0
142
0.0008202099737533
142
0.0
142
0.0
142
0.0
142
0.0
142
0.0008202099737533
142
0.0
142
0.0
142
0.0
142
0.0
142
1.0
142
0.0
142
0.0
142
0.0
142
0.0
142
1.0
179
     0
144
0.0008202099737533
144
0.0
144
0.0
144
0.0
144
0.0
144
0.0008202099737533
144
0.0
144
0.0
144
0.0
144
0.0
144
1.0
144
0.0
144
0.0
144
0.0
144
0.0
144
1.0
147
0.0008202099737533
147
0.0
147
0.0
147
0.0
147
0.0
147
0.0008202099737533
147
0.0
147
0.0
147
0.0
147
0.0
147
1.0
147
0.0
147
0.0
147
0.0
147
0.0
147
1.0
  0
MATERIAL
  5
30F0
102
{ACAD_XDICTIONARY
360
30F1
102
}
102
{ACAD_REACTORS
330
80F
102
}
330
80F
100
AcDbMaterial
  1
ByLayer
 72
     0
 43
0.0008202099737533
 43
0.0
 43
0.0
 43
0.0
 43
0.0
 43
0.0008202099737533
 43
0.0
 43
0.0
 43
0.0
 43
0.0
 43
1.0
 43
0.0
 43
0.0
 43
0.0
 43
0.0
 43
1.0
 77
     0
 47
0.0008202099737533
 47
0.0
 47
0.0
 47
0.0
 47
0.0
 47
0.0008202099737533
 47
0.0
 47
0.0
 47
0.0
 47
0.0
 47
1.0
 47
0.0
 47
0.0
 47
0.0
 47
0.0
 47
1.0
171
     0
 49
0.0008202099737533
 49
0.0
 49
0.0
 49
0.0
 49
0.0
 49
0.0008202099737533
 49
0.0
 49
0.0
 49
0.0
 49
0.0
 49
1.0
 49
0.0
 49
0.0
 49
0.0
 49
0.0
 49
1.0
175
     0
142
0.0008202099737533
142
0.0
142
0.0
142
0.0
142
0.0
142
0.0008202099737533
142
0.0
142
0.0
142
0.0
142
0.0
142
1.0
142
0.0
142
0.0
142
0.0
142
0.0
142
1.0
179
     0
144
0.0008202099737533
144
0.0
144
0.0
144
0.0
144
0.0
144
0.0008202099737533
144
0.0
144
0.0
144
0.0
144
0.0
144
1.0
144
0.0
144
0.0
144
0.0
144
0.0
144
1.0
147
0.0008202099737533
147
0.0
147
0.0
147
0.0
147
0.0
147
0.0008202099737533
147
0.0
147
0.0
147
0.0
147
0.0
147
1.0
147
0.0
147
0.0
147
0.0
147
0.0
147
1.0
  0
MATERIAL
  5
3100
102
{ACAD_XDICTIONARY
360
3101
102
}
102
{ACAD_REACTORS
330
80F
102
}
330
80F
100
AcDbMaterial
  1
Global
 72
     0
 43
0.0008202099737533
 43
0.0
 43
0.0
 43
0.0
 43
0.0
 43
0.0008202099737533
 43
0.0
 43
0.0
 43
0.0
 43
0.0
 43
1.0
 43
0.0
 43
0.0
 43
0.0
 43
0.0
 43
1.0
 77
     0
 47
0.0008202099737533
 47
0.0
 47
0.0
 47
0.0
 47
0.0
 47
0.0008202099737533
 47
0.0
 47
0.0
 47
0.0
 47
0.0
 47
1.0
 47
0.0
 47
0.0
 47
0.0
 47
0.0
 47
1.0
171
     0
 49
0.0008202099737533
 49
0.0
 49
0.0
 49
0.0
 49
0.0
 49
0.0008202099737533
 49
0.0
 49
0.0
 49
0.0
 49
0.0
 49
1.0
 49
0.0
 49
0.0
 49
0.0
 49
0.0
 49
1.0
175
     0
142
0.0008202099737533
142
0.0
142
0.0
142
0.0
142
0.0
142
0.0008202099737533
142
0.0
142
0.0
142
0.0
142
0.0
142
1.0
142
0.0
142
0.0
142
0.0
142
0.0
142
1.0
179
     0
144
0.0008202099737533
144
0.0
144
0.0
144
0.0
144
0.0
144
0.0008202099737533
144
0.0
144
0.0
144
0.0
144
0.0
144
1.0
144
0.0
144
0.0
144
0.0
144
0.0
144
1.0
147
0.0008202099737533
147
0.0
147
0.0
147
0.0
147
0.0
147
0.0008202099737533
147
0.0
147
0.0
147
0.0
147
0.0
147
1.0
147
0.0
147
0.0
147
0.0
147
0.0
147
1.0
  0
MLEADERSTYLE
  5
313C
102
{ACAD_REACTORS
330
313B
102
}
330
313B
100
AcDbMLeaderStyle
179
     2
170
     2
171
     1
172
     0
 90
        2
 40
0.0
 41
0.0
173
     1
 91
-1056964608
340
14
 92
       -2
290
     1
 42
2.0
291
     1
 43
0.36
  3
Standard
 44
4.0
300

342
11
174
     1
178
     6
175
     1
176
     0
 93
-1056964608
 45
4.0
292
     0
297
     0
 46
4.0
 94
-1056964608
 47
1.0
 49
1.0
140
1.0
293
     1
141
0.0
294
     1
177
     0
142
1.0
295
     0
296
     0
143
0.125
271
     0
272
     9
273
     9
  0
MLINESTYLE
  5
18
102
{ACAD_REACTORS
330
17
102
}
330
17
100
AcDbMlineStyle
  2
STANDARD
 70
     0
  3

 62
   256
 51
90.0
 52
90.0
 71
     2
 49
0.5
 62
   256
  6
BYLAYER
 49
-0.5
 62
   256
  6
BYLAYER
  0
PLOTSETTINGS
  5
974
102
{ACAD_REACTORS
330
19
102
}
330
19
100
AcDbPlotSettings
  1
A4_hoch
  2
Minolta PagePro 8L
  4
A4
  6

 40
7.143749713897705
 41
7.143756389617919
 42
7.05908203125
 43
7.14373779296875
 44
209.9733276367187
 45
296.9259948730469
 46
-10.0
 47
-8.0
 48
288.6923467168382
 49
155.4429596380265
140
379.260781008309
141
258.7208858951657
142
1.0
143
1.0
 70
 11936
 72
     1
 73
     0
 74
     4
  7
Halfen Plotstil.ctb
 75
     0
147
3.144145813260183
 76
     0
 77
     2
 78
   300
148
-288.6923467168382
149
-155.4429596380265
1001
ACAD_PSEXT
1000
Minolta PagePro 8L
1000
HP LaserJet IIP
1000
LPT1:
1000

1070
     0
  0
PLOTSETTINGS
  5
976
102
{ACAD_REACTORS
330
19
102
}
330
19
100
AcDbPlotSettings
  1
A4_quer
  2
Minolta PagePro 8L
  4
A4
  6

 40
7.143749713897705
 41
7.143756389617919
 42
7.05908203125
 43
7.14373779296875
 44
209.9733276367187
 45
296.9259948730469
 46
-5.0
 47
-6.0
 48
194.8561551581094
 49
93.95414985728359
140
597.5431966113442
141
299.7604267345806
142
1.0
143
1.0
 70
 11936
 72
     1
 73
     1
 74
     4
  7
Halfen Plotstil.ctb
 75
     0
147
3.144145813260183
 76
     0
 77
     2
 78
   300
148
-194.8561551581094
149
-93.95414985728359
1001
ACAD_PSEXT
1000
Minolta PagePro 8L
1000
HP LaserJet IIP
1000
LPT1:
1000

1070
     0
  0
ACDBPLACEHOLDER
  5
F
102
{ACAD_REACTORS
330
E
102
}
330
E
  0
SCALE
  5
311A
102
{ACAD_REACTORS
330
3119
102
}
330
3119
100
AcDbScale
 70
     0
300
1:1
140
1.0
141
1.0
290
     1
  0
SCALE
  5
311B
102
{ACAD_REACTORS
330
3119
102
}
330
3119
100
AcDbScale
 70
     0
300
1:2
140
1.0
141
2.0
290
     0
  0
SCALE
  5
311C
102
{ACAD_REACTORS
330
3119
102
}
330
3119
100
AcDbScale
 70
     0
300
1:4
140
1.0
141
4.0
290
     0
  0
SCALE
  5
311D
102
{ACAD_REACTORS
330
3119
102
}
330
3119
100
AcDbScale
 70
     0
300
1:5
140
1.0
141
5.0
290
     0
  0
SCALE
  5
311E
102
{ACAD_REACTORS
330
3119
102
}
330
3119
100
AcDbScale
 70
     0
300
1:8
140
1.0
141
8.0
290
     0
  0
SCALE
  5
311F
102
{ACAD_REACTORS
330
3119
102
}
330
3119
100
AcDbScale
 70
     0
300
1:10
140
1.0
141
10.0
290
     0
  0
SCALE
  5
3120
102
{ACAD_REACTORS
330
3119
102
}
330
3119
100
AcDbScale
 70
     0
300
1:16
140
1.0
141
16.0
290
     0
  0
SCALE
  5
3121
102
{ACAD_REACTORS
330
3119
102
}
330
3119
100
AcDbScale
 70
     0
300
1:20
140
1.0
141
20.0
290
     0
  0
SCALE
  5
3122
102
{ACAD_REACTORS
330
3119
102
}
330
3119
100
AcDbScale
 70
     0
300
1:30
140
1.0
141
30.0
290
     0
  0
SCALE
  5
3123
102
{ACAD_REACTORS
330
3119
102
}
330
3119
100
AcDbScale
 70
     0
300
1:40
140
1.0
141
40.0
290
     0
  0
SCALE
  5
3124
102
{ACAD_REACTORS
330
3119
102
}
330
3119
100
AcDbScale
 70
     0
300
1:50
140
1.0
141
50.0
290
     0
  0
SCALE
  5
3125
102
{ACAD_REACTORS
330
3119
102
}
330
3119
100
AcDbScale
 70
     0
300
1:100
140
1.0
141
100.0
290
     0
  0
SCALE
  5
3126
102
{ACAD_REACTORS
330
3119
102
}
330
3119
100
AcDbScale
 70
     0
300
2:1
140
2.0
141
1.0
290
     0
  0
SCALE
  5
3127
102
{ACAD_REACTORS
330
3119
102
}
330
3119
100
AcDbScale
 70
     0
300
4:1
140
4.0
141
1.0
290
     0
  0
SCALE
  5
3128
102
{ACAD_REACTORS
330
3119
102
}
330
3119
100
AcDbScale
 70
     0
300
8:1
140
8.0
141
1.0
290
     0
  0
SCALE
  5
3129
102
{ACAD_REACTORS
330
3119
102
}
330
3119
100
AcDbScale
 70
     0
300
10:1
140
10.0
141
1.0
290
     0
  0
SCALE
  5
312A
102
{ACAD_REACTORS
330
3119
102
}
330
3119
100
AcDbScale
 70
     0
300
100:1
140
100.0
141
1.0
290
     0
  0
SCALE
  5
312B
102
{ACAD_REACTORS
330
3119
102
}
330
3119
100
AcDbScale
 70
     0
300
1/128" = 1'-0"
140
0.0078125
141
12.0
290
     0
  0
SCALE
  5
312C
102
{ACAD_REACTORS
330
3119
102
}
330
3119
100
AcDbScale
 70
     0
300
1/64" = 1'-0"
140
0.015625
141
12.0
290
     0
  0
SCALE
  5
312D
102
{ACAD_REACTORS
330
3119
102
}
330
3119
100
AcDbScale
 70
     0
300
1/32" = 1'-0"
140
0.03125
141
12.0
290
     0
  0
SCALE
  5
312E
102
{ACAD_REACTORS
330
3119
102
}
330
3119
100
AcDbScale
 70
     0
300
1/16" = 1'-0"
140
0.0625
141
12.0
290
     0
  0
SCALE
  5
312F
102
{ACAD_REACTORS
330
3119
102
}
330
3119
100
AcDbScale
 70
     0
300
3/32" = 1'-0"
140
0.09375
141
12.0
290
     0
  0
SCALE
  5
3130
102
{ACAD_REACTORS
330
3119
102
}
330
3119
100
AcDbScale
 70
     0
300
1/8" = 1'-0"
140
0.125
141
12.0
290
     0
  0
SCALE
  5
3131
102
{ACAD_REACTORS
330
3119
102
}
330
3119
100
AcDbScale
 70
     0
300
3/16" = 1'-0"
140
0.1875
141
12.0
290
     0
  0
SCALE
  5
3132
102
{ACAD_REACTORS
330
3119
102
}
330
3119
100
AcDbScale
 70
     0
300
1/4" = 1'-0"
140
0.25
141
12.0
290
     0
  0
SCALE
  5
3133
102
{ACAD_REACTORS
330
3119
102
}
330
3119
100
AcDbScale
 70
     0
300
3/8" = 1'-0"
140
0.375
141
12.0
290
     0
  0
SCALE
  5
3134
102
{ACAD_REACTORS
330
3119
102
}
330
3119
100
AcDbScale
 70
     0
300
1/2" = 1'-0"
140
0.5
141
12.0
290
     0
  0
SCALE
  5
3135
102
{ACAD_REACTORS
330
3119
102
}
330
3119
100
AcDbScale
 70
     0
300
3/4" = 1'-0"
140
0.75
141
12.0
290
     0
  0
SCALE
  5
3136
102
{ACAD_REACTORS
330
3119
102
}
330
3119
100
AcDbScale
 70
     0
300
1" = 1'-0"
140
1.0
141
12.0
290
     0
  0
SCALE
  5
3137
102
{ACAD_REACTORS
330
3119
102
}
330
3119
100
AcDbScale
 70
     0
300
1-1/2" = 1'-0"
140
1.5
141
12.0
290
     0
  0
SCALE
  5
3138
102
{ACAD_REACTORS
330
3119
102
}
330
3119
100
AcDbScale
 70
     0
300
3" = 1'-0"
140
3.0
141
12.0
290
     0
  0
SCALE
  5
3139
102
{ACAD_REACTORS
330
3119
102
}
330
3119
100
AcDbScale
 70
     0
300
6" = 1'-0"
140
6.0
141
12.0
290
     0
  0
SCALE
  5
313A
102
{ACAD_REACTORS
330
3119
102
}
330
3119
100
AcDbScale
 70
     0
300
1'-0" = 1'-0"
140
12.0
141
12.0
290
     0
  0
TABLESTYLE
  5
812
102
{ACAD_XDICTIONARY
360
3787
102
}
102
{ACAD_REACTORS
330
811
102
}
330
811
100
AcDbTableStyle
280
     0
  3
Standard
 70
     0
 71
     0
 40
1.5
 41
1.5
280
     0
281
     0
  7
Standard
140
4.5
170
     2
 62
     0
 63
     7
283
     0
 90
        4
 91
        0
  1

274
    -2
284
     1
 64
     0
275
    -2
285
     1
 65
     0
276
    -2
286
     1
 66
     0
277
    -2
287
     1
 67
     0
278
    -2
288
     1
 68
     0
279
    -2
289
     1
 69
     0
  7
Standard
140
6.0
170
     5
 62
     0
 63
     7
283
     0
 90
        4
 91
        0
  1

274
    -2
284
     1
 64
     0
275
    -2
285
     1
 65
     0
276
    -2
286
     1
 66
     0
277
    -2
287
     1
 67
     0
278
    -2
288
     1
 68
     0
279
    -2
289
     1
 69
     0
  7
Standard
140
4.5
170
     5
 62
     0
 63
     7
283
     0
 90
        4
 91
        0
  1

274
    -2
284
     1
 64
     0
275
    -2
285
     1
 65
     0
276
    -2
286
     1
 66
     0
277
    -2
287
     1
 67
     0
278
    -2
288
     1
 68
     0
279
    -2
289
     1
 69
     0
  0
VISUALSTYLE
  5
310E
102
{ACAD_REACTORS
330
3108
102
}
330
3108
100
AcDbVisualStyle
  2
2dWireframe
 70
     4
177
     2
291
     0
 71
     0
176
     1
 72
     2
176
     1
 73
     0
176
     1
 90
        0
176
     1
 40
0.6
176
     1
 41
30.0
176
     1
 63
     7
176
     1
 74
     1
176
     1
 91
        4
176
     1
 64
     7
176
     1
 65
   257
176
     1
 75
     1
176
     1
175
     1
176
     1
 42
1.0
176
     1
 92
        0
176
     1
 66
   257
176
     1
 43
1.0
176
     1
 76
     1
176
     1
 77
     6
176
     1
 78
     2
176
     1
 67
     7
176
     1
 79
     5
176
     1
170
     0
176
     1
171
     0
176
     1
290
     0
176
     1
 93
        1
176
     1
 44
0.0
176
     1
173
     0
176
     1
  0
VISUALSTYLE
  5
3110
102
{ACAD_REACTORS
330
3108
102
}
330
3108
100
AcDbVisualStyle
  2
3D Hidden
 70
     6
177
     2
291
     0
 71
     1
176
     1
 72
     2
176
     1
 73
     2
176
     1
 90
        0
176
     1
 40
0.6
176
     1
 41
30.0
176
     1
 63
     7
176
     1
 74
     2
176
     1
 91
        2
176
     1
 64
     7
176
     1
 65
   257
176
     1
 75
     2
176
     1
175
     1
176
     1
 42
40.0
176
     1
 92
        0
176
     1
 66
   257
176
     1
 43
1.0
176
     1
 76
     1
176
     1
 77
     6
176
     1
 78
     2
176
     1
 67
     7
176
     1
 79
     3
176
     1
170
     0
176
     1
171
     0
176
     1
290
     0
176
     1
 93
        1
176
     1
 44
0.0
176
     1
173
     0
176
     1
  0
VISUALSTYLE
  5
310F
102
{ACAD_REACTORS
330
3108
102
}
330
3108
100
AcDbVisualStyle
  2
3dWireframe
 70
     5
177
     2
291
     0
 71
     0
176
     1
 72
     2
176
     1
 73
     0
176
     1
 90
        0
176
     1
 40
0.6
176
     1
 41
30.0
176
     1
 63
     7
176
     1
 74
     1
176
     1
 91
        4
176
     1
 64
     7
176
     1
 65
   257
176
     1
 75
     1
176
     1
175
     1
176
     1
 42
1.0
176
     1
 92
        0
176
     1
 66
   257
176
     1
 43
1.0
176
     1
 76
     1
176
     1
 77
     6
176
     1
 78
     2
176
     1
 67
     7
176
     1
 79
     5
176
     1
170
     0
176
     1
171
     0
176
     1
290
     0
176
     1
 93
        1
176
     1
 44
0.0
176
     1
173
     0
176
     1
  0
VISUALSTYLE
  5
310D
102
{ACAD_REACTORS
330
3108
102
}
330
3108
100
AcDbVisualStyle
  2
Basic
 70
     7
177
     2
291
     1
 71
     1
176
     1
 72
     0
176
     1
 73
     1
176
     1
 90
        0
176
     1
 40
0.6
176
     1
 41
30.0
176
     1
 63
     7
176
     1
 74
     0
176
     1
 91
        4
176
     1
 64
     7
176
     1
 65
   257
176
     1
 75
     1
176
     1
175
     1
176
     1
 42
1.0
176
     1
 92
        8
176
     1
 66
     7
176
     1
 43
1.0
176
     1
 76
     1
176
     1
 77
     6
176
     1
 78
     2
176
     1
 67
     7
176
     1
 79
     5
176
     1
170
     0
176
     1
171
     0
176
     1
290
     0
176
     1
 93
        1
176
     1
 44
0.0
176
     1
173
     0
176
     1
  0
VISUALSTYLE
  5
3114
102
{ACAD_REACTORS
330
3108
102
}
330
3108
100
AcDbVisualStyle
  2
Brighten
 70
    12
177
     2
291
     1
 71
     2
176
     1
 72
     2
176
     1
 73
     0
176
     1
 90
        0
176
     1
 40
0.6
176
     1
 41
30.0
176
     1
 63
     7
176
     1
 74
     1
176
     1
 91
        4
176
     1
 64
     7
176
     1
 65
   257
176
     1
 75
     1
176
     1
175
     1
176
     1
 42
1.0
176
     1
 92
        8
176
     1
 66
     7
176
     1
 43
1.0
176
     1
 76
     1
176
     1
 77
     6
176
     1
 78
     2
176
     1
 67
     7
176
     1
 79
     5
176
     1
170
     0
176
     1
171
     0
176
     1
290
     0
176
     1
 93
        1
176
     1
 44
50.0
176
     1
173
     0
176
     1
  0
VISUALSTYLE
  5
3118
102
{ACAD_REACTORS
330
3108
102
}
330
3108
100
AcDbVisualStyle
  2
ColorChange
 70
    16
177
     2
291
     1
 71
     2
176
     1
 72
     2
176
     1
 73
     3
176
     1
 90
        0
176
     1
 40
0.6
176
     1
 41
30.0
176
     1
 63
     8
176
     1
 74
     1
176
     1
 91
        4
176
     1
 64
     7
176
     1
 65
   257
176
     1
 75
     1
176
     1
175
     1
176
     1
 42
1.0
176
     1
 92
        8
176
     1
 66
     8
176
     1
 43
1.0
176
     1
 76
     1
176
     1
 77
     6
176
     1
 78
     2
176
     1
 67
     7
176
     1
 79
     5
176
     1
170
     0
176
     1
171
     0
176
     1
290
     0
176
     1
 93
        1
176
     1
 44
0.0
176
     1
173
     0
176
     1
  0
VISUALSTYLE
  5
3111
102
{ACAD_REACTORS
330
3108
102
}
330
3108
100
AcDbVisualStyle
  2
Conceptual
 70
     9
177
     2
291
     0
 71
     3
176
     1
 72
     2
176
     1
 73
     0
176
     1
 90
        0
176
     1
 40
0.6
176
     1
 41
30.0
176
     1
 63
     7
176
     1
 74
     2
176
     1
 91
        2
176
     1
 64
     7
176
     1
 65
   257
176
     1
 75
     1
176
     1
175
     1
176
     1
 42
40.0
176
     1
 92
        8
176
     1
 66
     7
176
     1
 43
1.0
176
     1
 76
     1
176
     1
 77
     6
176
     1
 78
     2
176
     1
 67
     7
176
     1
 79
     3
176
     1
170
     0
176
     1
171
     0
176
     1
290
     0
176
     1
 93
        1
176
     1
 44
0.0
176
     1
173
     0
176
     1
  0
VISUALSTYLE
  5
3113
102
{ACAD_REACTORS
330
3108
102
}
330
3108
100
AcDbVisualStyle
  2
Dim
 70
    11
177
     2
291
     1
 71
     2
176
     1
 72
     2
176
     1
 73
     0
176
     1
 90
        0
176
     1
 40
0.6
176
     1
 41
30.0
176
     1
 63
     7
176
     1
 74
     1
176
     1
 91
        4
176
     1
 64
     7
176
     1
 65
   257
176
     1
 75
     1
176
     1
175
     1
176
     1
 42
1.0
176
     1
 92
        8
176
     1
 66
     7
176
     1
 43
1.0
176
     1
 76
     1
176
     1
 77
     6
176
     1
 78
     2
176
     1
 67
     7
176
     1
 79
     5
176
     1
170
     0
176
     1
171
     0
176
     1
290
     0
176
     1
 93
        1
176
     1
 44
-50.0
176
     1
173
     0
176
     1
  0
VISUALSTYLE
  5
39BF
102
{ACAD_REACTORS
330
3108
102
}
330
3108
100
AcDbVisualStyle
  2
EdgeColorOff
 70
    22
177
     2
291
     1
 71
     2
176
     0
 72
     2
176
     0
 73
     0
176
     0
 90
        0
176
     0
 40
0.6
176
     0
 41
30.0
176
     0
 63
     7
421
 16777215
176
     0
 74
     1
176
     0
 91
        4
176
     0
 64
     7
176
     0
 65
   257
176
     0
 75
     1
176
     0
175
     1
176
     0
 42
1.0
176
     0
 92
        8
176
     2
 66
     7
176
     0
 43
1.0
176
     0
 76
     1
176
     0
 77
     6
176
     0
 78
     2
176
     0
 67
     7
176
     0
 79
     5
176
     0
170
     0
176
     0
171
     0
176
     0
290
     0
176
     0
 93
        1
176
     0
 44
0.0
176
     0
173
     0
176
     0
  0
VISUALSTYLE
  5
3117
102
{ACAD_REACTORS
330
3108
102
}
330
3108
100
AcDbVisualStyle
  2
Facepattern
 70
    15
177
     2
291
     1
 71
     2
176
     1
 72
     2
176
     1
 73
     0
176
     1
 90
        0
176
     1
 40
0.6
176
     1
 41
30.0
176
     1
 63
     7
176
     1
 74
     1
176
     1
 91
        4
176
     1
 64
     7
176
     1
 65
   257
176
     1
 75
     1
176
     1
175
     1
176
     1
 42
1.0
176
     1
 92
        8
176
     1
 66
     7
176
     1
 43
1.0
176
     1
 76
     1
176
     1
 77
     6
176
     1
 78
     2
176
     1
 67
     7
176
     1
 79
     5
176
     1
170
     0
176
     1
171
     0
176
     1
290
     0
176
     1
 93
        1
176
     1
 44
0.0
176
     1
173
     0
176
     1
  0
VISUALSTYLE
  5
3109
102
{ACAD_REACTORS
330
3108
102
}
330
3108
100
AcDbVisualStyle
  2
Flat
 70
     0
177
     2
291
     1
 71
     2
176
     1
 72
     1
176
     1
 73
     1
176
     1
 90
        2
176
     1
 40
0.6
176
     1
 41
30.0
176
     1
 63
     7
176
     1
 74
     0
176
     1
 91
        4
176
     1
 64
     7
176
     1
 65
   257
176
     1
 75
     1
176
     1
175
     1
176
     1
 42
1.0
176
     1
 92
        8
176
     1
 66
     7
176
     1
 43
1.0
176
     1
 76
     1
176
     1
 77
     6
176
     1
 78
     2
176
     1
 67
     7
176
     1
 79
     5
176
     1
170
     0
176
     1
171
     0
176
     1
290
     0
176
     1
 93
       13
176
     1
 44
0.0
176
     1
173
     0
176
     1
  0
VISUALSTYLE
  5
310A
102
{ACAD_REACTORS
330
3108
102
}
330
3108
100
AcDbVisualStyle
  2
FlatWithEdges
 70
     1
177
     2
291
     1
 71
     2
176
     1
 72
     1
176
     1
 73
     1
176
     1
 90
        2
176
     1
 40
0.6
176
     1
 41
30.0
176
     1
 63
     7
176
     1
 74
     1
176
     1
 91
        4
176
     1
 64
     7
176
     1
 65
   257
176
     1
 75
     1
176
     1
175
     1
176
     1
 42
1.0
176
     1
 92
        0
176
     1
 66
   257
176
     1
 43
1.0
176
     1
 76
     1
176
     1
 77
     6
176
     1
 78
     2
176
     1
 67
     7
176
     1
 79
     5
176
     1
170
     0
176
     1
171
     0
176
     1
290
     0
176
     1
 93
       13
176
     1
 44
0.0
176
     1
173
     0
176
     1
  0
VISUALSTYLE
  5
310B
102
{ACAD_REACTORS
330
3108
102
}
330
3108
100
AcDbVisualStyle
  2
Gouraud
 70
     2
177
     2
291
     1
 71
     2
176
     1
 72
     2
176
     1
 73
     1
176
     1
 90
        2
176
     1
 40
0.6
176
     1
 41
30.0
176
     1
 63
     7
176
     1
 74
     0
176
     1
 91
        4
176
     1
 64
     7
176
     1
 65
   257
176
     1
 75
     1
176
     1
175
     1
176
     1
 42
1.0
176
     1
 92
        0
176
     1
 66
     7
176
     1
 43
1.0
176
     1
 76
     1
176
     1
 77
     6
176
     1
 78
     2
176
     1
 67
     7
176
     1
 79
     5
176
     1
170
     0
176
     1
171
     0
176
     1
290
     0
176
     1
 93
       13
176
     1
 44
0.0
176
     1
173
     0
176
     1
  0
VISUALSTYLE
  5
310C
102
{ACAD_REACTORS
330
3108
102
}
330
3108
100
AcDbVisualStyle
  2
GouraudWithEdges
 70
     3
177
     2
291
     1
 71
     2
176
     1
 72
     2
176
     1
 73
     1
176
     1
 90
        2
176
     1
 40
0.6
176
     1
 41
30.0
176
     1
 63
     7
176
     1
 74
     1
176
     1
 91
        4
176
     1
 64
     7
176
     1
 65
   257
176
     1
 75
     1
176
     1
175
     1
176
     1
 42
1.0
176
     1
 92
        0
176
     1
 66
   257
176
     1
 43
1.0
176
     1
 76
     1
176
     1
 77
     6
176
     1
 78
     2
176
     1
 67
     7
176
     1
 79
     5
176
     1
170
     0
176
     1
171
     0
176
     1
290
     0
176
     1
 93
       13
176
     1
 44
0.0
176
     1
173
     0
176
     1
  0
VISUALSTYLE
  5
39B7
102
{ACAD_REACTORS
330
3108
102
}
330
3108
100
AcDbVisualStyle
  2
Hidden
 70
     6
177
     2
291
     0
 71
     1
176
     1
 72
     2
176
     1
 73
     2
176
     1
 90
        0
176
     1
 40
0.6
176
     1
 41
30.0
176
     1
 63
     7
421
 16777215
176
     1
 74
     2
176
     1
 91
        2
176
     1
 64
     7
176
     1
 65
   257
176
     1
 75
     2
176
     1
175
     1
176
     1
 42
40.0
176
     1
 92
        0
176
     1
 66
   257
176
     1
 43
1.0
176
     1
 76
     1
176
     1
 77
     6
176
     1
 78
     2
176
     1
 67
     7
176
     1
 79
     3
176
     1
170
     0
176
     1
171
     0
176
     1
290
     0
176
     1
 93
        1
176
     1
 44
0.0
176
     1
173
     0
176
     1
  0
VISUALSTYLE
  5
39BD
102
{ACAD_REACTORS
330
3108
102
}
330
3108
100
AcDbVisualStyle
  2
JitterOff
 70
    20
177
     2
291
     1
 71
     2
176
     0
 72
     2
176
     0
 73
     0
176
     0
 90
        0
176
     0
 40
0.6
176
     0
 41
30.0
176
     0
 63
     7
421
 16777215
176
     0
 74
     1
176
     0
 91
        4
176
     0
 64
     7
176
     0
 65
   257
176
     0
 75
     1
176
     0
175
     1
176
     0
 42
1.0
176
     0
 92
       10
176
     2
 66
     7
176
     0
 43
1.0
176
     0
 76
     1
176
     0
 77
     6
176
     0
 78
     2
176
     0
 67
     7
176
     0
 79
     5
176
     0
170
     0
176
     0
171
     0
176
     0
290
     0
176
     0
 93
        1
176
     0
 44
0.0
176
     0
173
     0
176
     0
  0
VISUALSTYLE
  5
3116
102
{ACAD_REACTORS
330
3108
102
}
330
3108
100
AcDbVisualStyle
  2
Linepattern
 70
    14
177
     2
291
     1
 71
     2
176
     1
 72
     2
176
     1
 73
     0
176
     1
 90
        0
176
     1
 40
0.6
176
     1
 41
30.0
176
     1
 63
     7
176
     1
 74
     1
176
     1
 91
        4
176
     1
 64
     7
176
     1
 65
   257
176
     1
 75
     7
176
     1
175
     7
176
     1
 42
1.0
176
     1
 92
        8
176
     1
 66
     7
176
     1
 43
1.0
176
     1
 76
     1
176
     1
 77
     6
176
     1
 78
     2
176
     1
 67
     7
176
     1
 79
     5
176
     1
170
     0
176
     1
171
     0
176
     1
290
     0
176
     1
 93
        1
176
     1
 44
0.0
176
     1
173
     0
176
     1
  0
VISUALSTYLE
  5
39BE
102
{ACAD_REACTORS
330
3108
102
}
330
3108
100
AcDbVisualStyle
  2
OverhangOff
 70
    21
177
     2
291
     1
 71
     2
176
     0
 72
     2
176
     0
 73
     0
176
     0
 90
        0
176
     0
 40
0.6
176
     0
 41
30.0
176
     0
 63
     7
421
 16777215
176
     0
 74
     1
176
     0
 91
        4
176
     0
 64
     7
176
     0
 65
   257
176
     0
 75
     1
176
     0
175
     1
176
     0
 42
1.0
176
     0
 92
        9
176
     2
 66
     7
176
     0
 43
1.0
176
     0
 76
     1
176
     0
 77
     6
176
     0
 78
     2
176
     0
 67
     7
176
     0
 79
     5
176
     0
170
     0
176
     0
171
     0
176
     0
290
     0
176
     0
 93
        1
176
     0
 44
0.0
176
     0
173
     0
176
     0
  0
VISUALSTYLE
  5
3112
102
{ACAD_REACTORS
330
3108
102
}
330
3108
100
AcDbVisualStyle
  2
Realistic
 70
     8
177
     2
291
     0
 71
     2
176
     1
 72
     2
176
     1
 73
     0
176
     1
 90
        0
176
     1
 40
0.6
176
     1
 41
30.0
176
     1
 63
     7
176
     1
 74
     1
176
     1
 91
        0
176
     1
 64
     7
176
     1
 65
   257
176
     1
 75
     1
176
     1
175
     1
176
     1
 42
1.0
176
     1
 92
        8
176
     1
 66
     8
176
     1
 43
1.0
176
     1
 76
     1
176
     1
 77
     6
176
     1
 78
     2
176
     1
 67
     7
176
     1
 79
     5
176
     1
170
     0
176
     1
171
     0
176
     1
290
     0
176
     1
 93
       13
176
     1
 44
0.0
176
     1
173
     0
176
     1
  0
VISUALSTYLE
  5
39BC
102
{ACAD_REACTORS
330
3108
102
}
330
3108
100
AcDbVisualStyle
  2
Shaded
 70
    27
177
     2
291
     0
 71
     2
176
     1
 72
     2
176
     1
 73
     1
176
     1
 90
        2
176
     1
 40
0.6
176
     1
 41
30.0
176
     1
 63
     7
421
 16777215
176
     1
 74
     0
176
     1
 91
        4
176
     1
 64
     7
176
     1
 65
   257
176
     1
 75
     1
176
     1
175
     1
176
     1
 42
1.0
176
     1
 92
        8
176
     1
 66
   257
176
     1
 43
1.0
176
     1
 76
     1
176
     1
 77
     6
176
     1
 78
     2
176
     1
 67
     8
425
  7895160
176
     1
 79
     3
176
     1
170
     0
176
     1
171
     0
176
     1
290
     0
176
     1
 93
        5
176
     1
 44
0.0
176
     1
173
     0
176
     1
  0
VISUALSTYLE
  5
39BB
102
{ACAD_REACTORS
330
3108
102
}
330
3108
100
AcDbVisualStyle
  2
Shaded with edges
 70
    26
177
     2
291
     0
 71
     2
176
     1
 72
     2
176
     1
 73
     1
176
     1
 90
        2
176
     1
 40
0.6
176
     1
 41
30.0
176
     1
 63
     7
421
 16777215
176
     1
 74
     1
176
     1
 91
       10
176
     1
 64
     7
176
     1
 65
   257
176
     1
 75
     2
176
     1
175
     1
176
     1
 42
1.0
176
     1
 92
        8
176
     1
 66
   257
176
     1
 43
1.0
176
     1
 76
     1
176
     1
 77
     6
176
     1
 78
     2
176
     1
 67
     7
176
     1
 79
     3
176
     1
170
     0
176
     1
171
     0
176
     1
290
     0
176
     1
 93
        5
176
     1
 44
0.0
176
     1
173
     0
176
     1
  0
VISUALSTYLE
  5
39B8
102
{ACAD_REACTORS
330
3108
102
}
330
3108
100
AcDbVisualStyle
  2
Shades of Gray
 70
    23
177
     2
291
     0
 71
     2
176
     1
 72
     2
176
     1
 73
     3
176
     1
 90
        0
176
     1
 40
0.6
176
     1
 41
30.0
176
     1
 63
     7
421
 16777215
176
     1
 74
     2
176
     1
 91
        2
176
     1
 64
     7
176
     1
 65
     7
176
     1
 75
     1
176
     1
175
     1
176
     1
 42
40.0
176
     1
 92
        8
176
     1
 66
     7
176
     1
 43
1.0
176
     1
 76
     1
176
     1
 77
     6
176
     1
 78
     2
176
     1
 67
     7
176
     1
 79
     3
176
     1
170
     0
176
     1
171
     0
176
     1
290
     0
176
     1
 93
        1
176
     1
 44
0.0
176
     1
173
     0
176
     1
  0
VISUALSTYLE
  5
39B9
102
{ACAD_REACTORS
330
3108
102
}
330
3108
100
AcDbVisualStyle
  2
Sketchy
 70
    24
177
     2
291
     0
 71
     1
176
     1
 72
     2
176
     1
 73
     2
176
     1
 90
        0
176
     1
 40
0.6
176
     1
 41
30.0
176
     1
 63
     7
421
 16777215
176
     1
 74
     2
176
     1
 91
        2
176
     1
 64
     7
176
     1
 65
     7
176
     1
 75
     1
176
     1
175
     1
176
     1
 42
40.0
176
     1
 92
       11
176
     1
 66
     7
176
     1
 43
1.0
176
     1
 76
     1
176
     1
 77
     6
176
     1
 78
     2
176
     1
 67
     7
176
     1
 79
     6
176
     1
170
     0
176
     1
171
     0
176
     1
290
     0
176
     1
 93
        1
176
     1
 44
0.0
176
     1
173
     0
176
     1
  0
VISUALSTYLE
  5
3115
102
{ACAD_REACTORS
330
3108
102
}
330
3108
100
AcDbVisualStyle
  2
Thicken
 70
    13
177
     2
291
     1
 71
     2
176
     1
 72
     2
176
     1
 73
     0
176
     1
 90
        0
176
     1
 40
0.6
176
     1
 41
30.0
176
     1
 63
     7
176
     1
 74
     1
176
     1
 91
        4
176
     1
 64
     7
176
     1
 65
   257
176
     1
 75
     1
176
     1
175
     1
176
     1
 42
1.0
176
     1
 92
       12
176
     1
 66
     7
176
     1
 43
1.0
176
     1
 76
     1
176
     1
 77
     6
176
     1
 78
     2
176
     1
 67
     7
176
     1
 79
     5
176
     1
170
     0
176
     1
171
     0
176
     1
290
     0
176
     1
 93
        1
176
     1
 44
0.0
176
     1
173
     0
176
     1
  0
VISUALSTYLE
  5
39B6
102
{ACAD_REACTORS
330
3108
102
}
330
3108
100
AcDbVisualStyle
  2
Wireframe
 70
     5
177
     2
291
     0
 71
     0
176
     1
 72
     2
176
     1
 73
     0
176
     1
 90
        0
176
     1
 40
0.6
176
     1
 41
30.0
176
     1
 63
     7
421
 16777215
176
     1
 74
     1
176
     1
 91
        4
176
     1
 64
     7
176
     1
 65
   257
176
     1
 75
     1
176
     1
175
     1
176
     1
 42
1.0
176
     1
 92
        0
176
     1
 66
   257
176
     1
 43
1.0
176
     1
 76
     1
176
     1
 77
     6
176
     1
 78
     2
176
     1
 67
     7
176
     1
 79
     3
176
     1
170
     0
176
     1
171
     0
176
     1
290
     0
176
     1
 93
        1
176
     1
 44
0.0
176
     1
173
     0
176
     1
  0
VISUALSTYLE
  5
39BA
102
{ACAD_REACTORS
330
3108
102
}
330
3108
100
AcDbVisualStyle
  2
X-Ray
 70
    25
177
     2
291
     0
 71
     2
176
     1
 72
     2
176
     1
 73
     1
176
     1
 90
        1
176
     1
 40
0.5
176
     1
 41
30.0
176
     1
 63
     7
421
 16777215
176
     1
 74
     1
176
     1
 91
        0
176
     1
 64
     7
176
     1
 65
   257
176
     1
 75
     1
176
     1
175
     1
176
     1
 42
1.0
176
     1
 92
        8
176
     1
 66
     7
176
     1
 43
1.0
176
     1
 76
     1
176
     1
 77
     6
176
     1
 78
     2
176
     1
 67
     7
176
     1
 79
     3
176
     1
170
     0
176
     1
171
     0
176
     1
290
     0
176
     1
 93
       13
176
     1
 44
0.0
176
     1
173
     0
176
     1
  0
DICTIONARYVAR
  5
378C
102
{ACAD_REACTORS
330
55
102
}
330
55
100
DictionaryVariables
280
     0
  1
1:1
  0
DICTIONARYVAR
  5
378A
102
{ACAD_REACTORS
330
55
102
}
330
55
100
DictionaryVariables
280
     0
  1
STANDARD
  0
DICTIONARYVAR
  5
926
102
{ACAD_REACTORS
330
55
102
}
330
55
100
DictionaryVariables
280
     0
  1
STANDARD
  0
DICTIONARYVAR
  5
39B4
102
{ACAD_REACTORS
330
55
102
}
330
55
100
DictionaryVariables
280
     0
  1
1
  0
DICTIONARYVAR
  5
56
102
{ACAD_REACTORS
330
55
102
}
330
55
100
DictionaryVariables
280
     0
  1
0
  0
DICTIONARYVAR
  5
39C7
102
{ACAD_REACTORS
330
55
102
}
330
55
100
DictionaryVariables
280
     0
  1
1
  0
DICTIONARYVAR
  5
39C8
102
{ACAD_REACTORS
330
55
102
}
330
55
100
DictionaryVariables
280
     0
  1
15
  0
DICTIONARYVAR
  5
378D
102
{ACAD_REACTORS
330
55
102
}
330
55
100
DictionaryVariables
280
     0
  1
0
  0
DICTIONARYVAR
  5
378B
102
{ACAD_REACTORS
330
55
102
}
330
55
100
DictionaryVariables
280
     0
  1
0
  0
DICTIONARYVAR
  5
39B3
102
{ACAD_REACTORS
330
55
102
}
330
55
100
DictionaryVariables
280
     0
  1
127
  0
DICTIONARY
  5
665
102
{ACAD_REACTORS
330
64
102
}
330
64
100
AcDbDictionary
281
     1
  0
XRECORD
  5
869
102
{ACAD_REACTORS
330
64
102
}
330
64
100
AcDbXrecord
280
     1
 90
-1023410169
  0
XRECORD
  5
30D1
102
{ACAD_REACTORS
330
30CF
102
}
330
30CF
100
AcDbXrecord
280
     1
330
C78
330
C79
330
C7A
330
0
330
C97
330
C98
330
C99
330
C9B
330
C9C
330
C9D
330
C9F
330
CA0
330
CA1
330
0
330
CA7
330
CA8
330
CAA
330
CAB
  0
DICTIONARY
  5
30F9
330
30F8
100
AcDbDictionary
280
     1
281
     1
  3
BUMPTILE
360
30FB
  3
DIFFUSETILE
360
30FA
  3
OPACITYTILE
360
30FE
  3
REFLECTIONTILE
360
30FD
  3
REFRACTIONTILE
360
30FF
  3
SPECULARTILE
360
30FC
  0
DICTIONARY
  5
30F1
330
30F0
100
AcDbDictionary
280
     1
281
     1
  3
BUMPTILE
360
30F3
  3
DIFFUSETILE
360
30F2
  3
OPACITYTILE
360
30F6
  3
REFLECTIONTILE
360
30F5
  3
REFRACTIONTILE
360
30F7
  3
SPECULARTILE
360
30F4
  0
DICTIONARY
  5
3101
330
3100
100
AcDbDictionary
280
     1
281
     1
  3
BUMPTILE
360
3103
  3
DIFFUSETILE
360
3102
  3
OPACITYTILE
360
3106
  3
REFLECTIONTILE
360
3105
  3
REFRACTIONTILE
360
3107
  3
SPECULARTILE
360
3104
  0
DICTIONARY
  5
3787
330
812
100
AcDbDictionary
280
     1
281
     1
  3
ACAD_ROUNDTRIP_2008_TABLESTYLE_CELLSTYLEMAP
360
39CA
  0
XRECORD
  5
30FB
102
{ACAD_REACTORS
330
30F9
102
}
330
30F9
100
AcDbXrecord
280
     1
270
     1
271
     1
  0
XRECORD
  5
30FA
102
{ACAD_REACTORS
330
30F9
102
}
330
30F9
100
AcDbXrecord
280
     1
270
     1
271
     1
  0
XRECORD
  5
30FE
102
{ACAD_REACTORS
330
30F9
102
}
330
30F9
100
AcDbXrecord
280
     1
270
     1
271
     1
  0
XRECORD
  5
30FD
102
{ACAD_REACTORS
330
30F9
102
}
330
30F9
100
AcDbXrecord
280
     1
270
     1
271
     1
  0
XRECORD
  5
30FF
102
{ACAD_REACTORS
330
30F9
102
}
330
30F9
100
AcDbXrecord
280
     1
270
     1
271
     1
  0
XRECORD
  5
30FC
102
{ACAD_REACTORS
330
30F9
102
}
330
30F9
100
AcDbXrecord
280
     1
270
     1
271
     1
  0
XRECORD
  5
30F3
102
{ACAD_REACTORS
330
30F1
102
}
330
30F1
100
AcDbXrecord
280
     1
270
     1
271
     1
  0
XRECORD
  5
30F2
102
{ACAD_REACTORS
330
30F1
102
}
330
30F1
100
AcDbXrecord
280
     1
270
     1
271
     1
  0
XRECORD
  5
30F6
102
{ACAD_REACTORS
330
30F1
102
}
330
30F1
100
AcDbXrecord
280
     1
270
     1
271
     1
  0
XRECORD
  5
30F5
102
{ACAD_REACTORS
330
30F1
102
}
330
30F1
100
AcDbXrecord
280
     1
270
     1
271
     1
  0
XRECORD
  5
30F7
102
{ACAD_REACTORS
330
30F1
102
}
330
30F1
100
AcDbXrecord
280
     1
270
     1
271
     1
  0
XRECORD
  5
30F4
102
{ACAD_REACTORS
330
30F1
102
}
330
30F1
100
AcDbXrecord
280
     1
270
     1
271
     1
  0
XRECORD
  5
3103
102
{ACAD_REACTORS
330
3101
102
}
330
3101
100
AcDbXrecord
280
     1
270
     1
271
     1
  0
XRECORD
  5
3102
102
{ACAD_REACTORS
330
3101
102
}
330
3101
100
AcDbXrecord
280
     1
270
     1
271
     1
  0
XRECORD
  5
3106
102
{ACAD_REACTORS
330
3101
102
}
330
3101
100
AcDbXrecord
280
     1
270
     1
271
     1
  0
XRECORD
  5
3105
102
{ACAD_REACTORS
330
3101
102
}
330
3101
100
AcDbXrecord
280
     1
270
     1
271
     1
  0
XRECORD
  5
3107
102
{ACAD_REACTORS
330
3101
102
}
330
3101
100
AcDbXrecord
280
     1
270
     1
271
     1
  0
XRECORD
  5
3104
102
{ACAD_REACTORS
330
3101
102
}
330
3101
100
AcDbXrecord
280
     1
270
     1
271
     1
  0
CELLSTYLEMAP
  5
39CA
102
{ACAD_REACTORS
330
3787
102
}
330
3787
100
AcDbCellStyleMap
 90
        3
300
CELLSTYLE
  1
TABLEFORMAT_BEGIN
 90
        5
170
     1
 91
        0
 92
    32768
 62
   257
 93
        1
300
CONTENTFORMAT
  1
CONTENTFORMAT_BEGIN
 90
        0
 91
        0
 92
        4
 93
        0
300

 40
0.0
140
1.0
 94
        5
 62
     0
340
11
144
6.0
309
CONTENTFORMAT_END
171
     1
301
MARGIN
  1
CELLMARGIN_BEGIN
 40
1.5
 40
1.5
 40
1.5
 40
1.5
 40
0.18
 40
0.18
309
CELLMARGIN_END
 94
        6
 95
        1
302
GRIDFORMAT
  1
GRIDFORMAT_BEGIN
 90
        0
 91
        1
 62
     0
 92
       -2
340
0
 93
        0
 40
0.045
309
GRIDFORMAT_END
 95
        2
302
GRIDFORMAT
  1
GRIDFORMAT_BEGIN
 90
        0
 91
        1
 62
     0
 92
       -2
340
0
 93
        0
 40
0.045
309
GRIDFORMAT_END
 95
        4
302
GRIDFORMAT
  1
GRIDFORMAT_BEGIN
 90
        0
 91
        1
 62
     0
 92
       -2
340
0
 93
        0
 40
0.045
309
GRIDFORMAT_END
 95
        8
302
GRIDFORMAT
  1
GRIDFORMAT_BEGIN
 90
        0
 91
        1
 62
     0
 92
       -2
340
0
 93
        0
 40
0.045
309
GRIDFORMAT_END
 95
       16
302
GRIDFORMAT
  1
GRIDFORMAT_BEGIN
 90
        0
 91
        1
 62
     0
 92
       -2
340
0
 93
        0
 40
0.045
309
GRIDFORMAT_END
 95
       32
302
GRIDFORMAT
  1
GRIDFORMAT_BEGIN
 90
        0
 91
        1
 62
     0
 92
       -2
340
0
 93
        0
 40
0.045
309
GRIDFORMAT_END
309
TABLEFORMAT_END
  1
CELLSTYLE_BEGIN
 90
        1
 91
        1
300
_TITLE
309
CELLSTYLE_END
300
CELLSTYLE
  1
TABLEFORMAT_BEGIN
 90
        5
170
     1
 91
        0
 92
        0
 62
   257
 93
        1
300
CONTENTFORMAT
  1
CONTENTFORMAT_BEGIN
 90
        0
 91
        0
 92
        4
 93
        0
300

 40
0.0
140
1.0
 94
        5
 62
     0
340
11
144
4.5
309
CONTENTFORMAT_END
171
     1
301
MARGIN
  1
CELLMARGIN_BEGIN
 40
1.5
 40
1.5
 40
1.5
 40
1.5
 40
0.18
 40
0.18
309
CELLMARGIN_END
 94
        6
 95
        1
302
GRIDFORMAT
  1
GRIDFORMAT_BEGIN
 90
        0
 91
        1
 62
     0
 92
       -2
340
0
 93
        0
 40
0.045
309
GRIDFORMAT_END
 95
        2
302
GRIDFORMAT
  1
GRIDFORMAT_BEGIN
 90
        0
 91
        1
 62
     0
 92
       -2
340
0
 93
        0
 40
0.045
309
GRIDFORMAT_END
 95
        4
302
GRIDFORMAT
  1
GRIDFORMAT_BEGIN
 90
        0
 91
        1
 62
     0
 92
       -2
340
0
 93
        0
 40
0.045
309
GRIDFORMAT_END
 95
        8
302
GRIDFORMAT
  1
GRIDFORMAT_BEGIN
 90
        0
 91
        1
 62
     0
 92
       -2
340
0
 93
        0
 40
0.045
309
GRIDFORMAT_END
 95
       16
302
GRIDFORMAT
  1
GRIDFORMAT_BEGIN
 90
        0
 91
        1
 62
     0
 92
       -2
340
0
 93
        0
 40
0.045
309
GRIDFORMAT_END
 95
       32
302
GRIDFORMAT
  1
GRIDFORMAT_BEGIN
 90
        0
 91
        1
 62
     0
 92
       -2
340
0
 93
        0
 40
0.045
309
GRIDFORMAT_END
309
TABLEFORMAT_END
  1
CELLSTYLE_BEGIN
 90
        2
 91
        1
300
_HEADER
309
CELLSTYLE_END
300
CELLSTYLE
  1
TABLEFORMAT_BEGIN
 90
        5
170
     1
 91
        0
 92
        0
 62
   257
 93
        1
300
CONTENTFORMAT
  1
CONTENTFORMAT_BEGIN
 90
        0
 91
        0
 92
        4
 93
        0
300

 40
0.0
140
1.0
 94
        2
 62
     0
340
11
144
4.5
309
CONTENTFORMAT_END
171
     1
301
MARGIN
  1
CELLMARGIN_BEGIN
 40
1.5
 40
1.5
 40
1.5
 40
1.5
 40
0.18
 40
0.18
309
CELLMARGIN_END
 94
        6
 95
        1
302
GRIDFORMAT
  1
GRIDFORMAT_BEGIN
 90
        0
 91
        1
 62
     0
 92
       -2
340
0
 93
        0
 40
0.045
309
GRIDFORMAT_END
 95
        2
302
GRIDFORMAT
  1
GRIDFORMAT_BEGIN
 90
        0
 91
        1
 62
     0
 92
       -2
340
0
 93
        0
 40
0.045
309
GRIDFORMAT_END
 95
        4
302
GRIDFORMAT
  1
GRIDFORMAT_BEGIN
 90
        0
 91
        1
 62
     0
 92
       -2
340
0
 93
        0
 40
0.045
309
GRIDFORMAT_END
 95
        8
302
GRIDFORMAT
  1
GRIDFORMAT_BEGIN
 90
        0
 91
        1
 62
     0
 92
       -2
340
0
 93
        0
 40
0.045
309
GRIDFORMAT_END
 95
       16
302
GRIDFORMAT
  1
GRIDFORMAT_BEGIN
 90
        0
 91
        1
 62
     0
 92
       -2
340
0
 93
        0
 40
0.045
309
GRIDFORMAT_END
 95
       32
302
GRIDFORMAT
  1
GRIDFORMAT_BEGIN
 90
        0
 91
        1
 62
     0
 92
       -2
340
0
 93
        0
 40
0.045
309
GRIDFORMAT_END
309
TABLEFORMAT_END
  1
CELLSTYLE_BEGIN
 90
        3
 91
        2
300
_DATA
309
CELLSTYLE_END
  0
ENDSEC
  0
EOF
