  0
SECTION
  2
HEADER
  9
$ACADVER
  1
AC1027
  9
$ACADMAINTVER
 70
    83
  9
$DWGCODEPAGE
  3
ANSI_1252
  9
$LASTSAVEDBY
  1
uhlaender
  9
$CUSTOMPROPERTYTAG
  1
AmdtFileType
  9
$CUSTOMPROPERTY
  1
84
  9
$REQUIREDVERSIONS
160
                 0
  9
$INSBASE
 10
0.0
 20
0.0
 30
0.0
  9
$EXTMIN
 10
-165.7871484165425
 20
65.38568191996967
 30
-0.0000000000112498
  9
$EXTMAX
 10
3147.313140907814
 20
220.2393499673803
 30
0.0000000000002956
  9
$LIMMIN
 10
0.0
 20
0.0
  9
$LIMMAX
 10
420.0
 20
297.0
  9
$ORTHOMODE
 70
     0
  9
$REGENMODE
 70
     1
  9
$FILLMODE
 70
     1
  9
$QTEXTMODE
 70
     0
  9
$MIRRTEXT
 70
     1
  9
$LTSCALE
 40
1.0
  9
$ATTMODE
 70
     1
  9
$TEXTSIZE
 40
2.5
  9
$TRACEWID
 40
1.0
  9
$TEXTSTYLE
  7
STANDARD
  9
$CLAYER
  8
HALFEN
  9
$CELTYPE
  6
ByLayer
  9
$CECOLOR
 62
   256
  9
$CELTSCALE
 40
1.0
  9
$DISPSILH
 70
     0
  9
$DIMSCALE
 40
1.0
  9
$DIMASZ
 40
2.5
  9
$DIMEXO
 40
1.0
  9
$DIMDLI
 40
10.0
  9
$DIMRND
 40
0.0
  9
$DIMDLE
 40
0.0
  9
$DIMEXE
 40
1.0
  9
$DIMTP
 40
0.1
  9
$DIMTM
 40
0.1
  9
$DIMTXT
 40
2.5
  9
$DIMCEN
 40
0.0
  9
$DIMTSZ
 40
0.0
  9
$DIMTOL
 70
     0
  9
$DIMLIM
 70
     0
  9
$DIMTIH
 70
     0
  9
$DIMTOH
 70
     0
  9
$DIMSE1
 70
     0
  9
$DIMSE2
 70
     0
  9
$DIMTAD
 70
     1
  9
$DIMZIN
 70
     8
  9
$DIMBLK
  1

  9
$DIMASO
 70
     1
  9
$DIMSHO
 70
     1
  9
$DIMPOST
  1

  9
$DIMAPOST
  1
"
  9
$DIMALT
 70
     0
  9
$DIMALTD
 70
     2
  9
$DIMALTF
 40
0.0393701
  9
$DIMLFAC
 40
1.0
  9
$DIMTOFL
 70
     1
  9
$DIMTVP
 40
0.0
  9
$DIMTIX
 70
     0
  9
$DIMSOXD
 70
     0
  9
$DIMSAH
 70
     0
  9
$DIMBLK1
  1

  9
$DIMBLK2
  1

  9
$DIMSTYLE
  2
AM_DIN
  9
$DIMCLRD
 70
     1
  9
$DIMCLRE
 70
     1
  9
$DIMCLRT
 70
     7
  9
$DIMTFAC
 40
0.71
  9
$DIMGAP
 40
1.5
  9
$DIMJUST
 70
     0
  9
$DIMSD1
 70
     0
  9
$DIMSD2
 70
     0
  9
$DIMTOLJ
 70
     0
  9
$DIMTZIN
 70
     8
  9
$DIMALTZ
 70
     0
  9
$DIMALTTZ
 70
     0
  9
$DIMUPT
 70
     0
  9
$DIMDEC
 70
     0
  9
$DIMTDEC
 70
     0
  9
$DIMALTU
 70
     2
  9
$DIMALTTD
 70
     2
  9
$DIMTXSTY
  7
STANDARD
  9
$DIMAUNIT
 70
     0
  9
$DIMADEC
 70
     0
  9
$DIMALTRND
 40
0.0
  9
$DIMAZIN
 70
     2
  9
$DIMDSEP
 70
    46
  9
$DIMATFIT
 70
     3
  9
$DIMFRAC
 70
     0
  9
$DIMLDRBLK
  1

  9
$DIMLUNIT
 70
     2
  9
$DIMLWD
 70
    -1
  9
$DIMLWE
 70
    -1
  9
$DIMTMOVE
 70
     0
  9
$DIMFXL
 40
1.0
  9
$DIMFXLON
 70
     0
  9
$DIMJOGANG
 40
0.7853981633974483
  9
$DIMTFILL
 70
     0
  9
$DIMTFILLCLR
 70
     0
  9
$DIMARCSYM
 70
     0
  9
$DIMLTYPE
  6

  9
$DIMLTEX1
  6

  9
$DIMLTEX2
  6

  9
$DIMTXTDIRECTION
 70
     0
  9
$LUNITS
 70
     2
  9
$LUPREC
 70
     2
  9
$SKETCHINC
 40
1.0
  9
$FILLETRAD
 40
0.0
  9
$AUNITS
 70
     0
  9
$AUPREC
 70
     0
  9
$MENU
  1
.
  9
$ELEVATION
 40
0.0
  9
$PELEVATION
 40
0.0
  9
$THICKNESS
 40
0.0
  9
$LIMCHECK
 70
     0
  9
$CHAMFERA
 40
2.5
  9
$CHAMFERB
 40
2.5
  9
$CHAMFERC
 40
20.0
  9
$CHAMFERD
 40
0.0
  9
$SKPOLY
 70
     0
  9
$TDCREATE
 40
2455203.444179688
  9
$TDUCREATE
 40
2455203.402513021
  9
$TDUPDATE
 40
2457763.462078542
  9
$TDUUPDATE
 40
2457763.420411875
  9
$TDINDWG
 40
0.1264553588
  9
$TDUSRTIMER
 40
0.1264553472
  9
$USRTIMER
 70
     1
  9
$ANGBASE
 50
0.0
  9
$ANGDIR
 70
     0
  9
$PDMODE
 70
     0
  9
$PDSIZE
 40
0.0
  9
$PLINEWID
 40
0.0
  9
$SPLFRAME
 70
     0
  9
$SPLINETYPE
 70
     6
  9
$SPLINESEGS
 70
    50
  9
$HANDSEED
  5
308D
  9
$SURFTAB1
 70
     6
  9
$SURFTAB2
 70
     6
  9
$SURFTYPE
 70
     6
  9
$SURFU
 70
     6
  9
$SURFV
 70
     6
  9
$UCSBASE
  2

  9
$UCSNAME
  2

  9
$UCSORG
 10
0.0
 20
0.0
 30
0.0
  9
$UCSXDIR
 10
1.0
 20
0.0
 30
0.0
  9
$UCSYDIR
 10
0.0
 20
1.0
 30
0.0
  9
$UCSORTHOREF
  2

  9
$UCSORTHOVIEW
 70
     1
  9
$UCSORGTOP
 10
0.0
 20
0.0
 30
0.0
  9
$UCSORGBOTTOM
 10
0.0
 20
0.0
 30
0.0
  9
$UCSORGLEFT
 10
0.0
 20
0.0
 30
0.0
  9
$UCSORGRIGHT
 10
0.0
 20
0.0
 30
0.0
  9
$UCSORGFRONT
 10
0.0
 20
0.0
 30
0.0
  9
$UCSORGBACK
 10
0.0
 20
0.0
 30
0.0
  9
$PUCSBASE
  2

  9
$PUCSNAME
  2

  9
$PUCSORG
 10
0.0
 20
0.0
 30
0.0
  9
$PUCSXDIR
 10
1.0
 20
0.0
 30
0.0
  9
$PUCSYDIR
 10
0.0
 20
1.0
 30
0.0
  9
$PUCSORTHOREF
  2

  9
$PUCSORTHOVIEW
 70
     0
  9
$PUCSORGTOP
 10
0.0
 20
0.0
 30
0.0
  9
$PUCSORGBOTTOM
 10
0.0
 20
0.0
 30
0.0
  9
$PUCSORGLEFT
 10
0.0
 20
0.0
 30
0.0
  9
$PUCSORGRIGHT
 10
0.0
 20
0.0
 30
0.0
  9
$PUCSORGFRONT
 10
0.0
 20
0.0
 30
0.0
  9
$PUCSORGBACK
 10
0.0
 20
0.0
 30
0.0
  9
$USERI1
 70
     0
  9
$USERI2
 70
     0
  9
$USERI3
 70
     0
  9
$USERI4
 70
     0
  9
$USERI5
 70
     0
  9
$USERR1
 40
0.0
  9
$USERR2
 40
0.0
  9
$USERR3
 40
0.0
  9
$USERR4
 40
0.0
  9
$USERR5
 40
0.0
  9
$WORLDVIEW
 70
     1
  9
$SHADEDGE
 70
     3
  9
$SHADEDIF
 70
    70
  9
$TILEMODE
 70
     1
  9
$MAXACTVP
 70
    64
  9
$PINSBASE
 10
0.0
 20
0.0
 30
0.0
  9
$PLIMCHECK
 70
     0
  9
$PEXTMIN
 10
0.0
 20
0.0
 30
0.0
  9
$PEXTMAX
 10
0.0
 20
0.0
 30
0.0
  9
$PLIMMIN
 10
0.0
 20
0.0
  9
$PLIMMAX
 10
12.0
 20
9.0
  9
$UNITMODE
 70
     0
  9
$VISRETAIN
 70
     1
  9
$PLINEGEN
 70
     0
  9
$PSLTSCALE
 70
     1
  9
$TREEDEPTH
 70
  3020
  9
$CMLSTYLE
  2
Standard
  9
$CMLJUST
 70
     0
  9
$CMLSCALE
 40
20.0
  9
$PROXYGRAPHICS
 70
     1
  9
$MEASUREMENT
 70
     1
  9
$CELWEIGHT
370
    -1
  9
$ENDCAPS
280
     0
  9
$JOINSTYLE
280
     0
  9
$LWDISPLAY
290
     0
  9
$INSUNITS
 70
     4
  9
$HYPERLINKBASE
  1

  9
$STYLESHEET
  1
HALFEN PLOTSTIL MONO.CTB
  9
$XEDIT
290
     1
  9
$CEPSNTYPE
380
     0
  9
$PSTYLEMODE
290
     1
  9
$FINGERPRINTGUID
  2
{CE2BFEF1-4F7B-4561-BE3C-A4554F6B3ACD}
  9
$VERSIONGUID
  2
{90AE78B3-0617-4E60-B14D-12DD26DBB1BA}
  9
$EXTNAMES
290
     1
  9
$PSVPSCALE
 40
0.0
  9
$OLESTARTUP
290
     0
  9
$SORTENTS
280
   127
  9
$INDEXCTL
280
     0
  9
$HIDETEXT
280
     0
  9
$XCLIPFRAME
280
     2
  9
$HALOGAP
280
     0
  9
$OBSCOLOR
 70
   257
  9
$OBSLTYPE
280
     0
  9
$INTERSECTIONDISPLAY
280
     0
  9
$INTERSECTIONCOLOR
 70
   257
  9
$DIMASSOC
280
     2
  9
$PROJECTNAME
  1

  9
$CAMERADISPLAY
290
     0
  9
$LENSLENGTH
 40
50.0
  9
$CAMERAHEIGHT
 40
0.0
  9
$STEPSPERSEC
 40
2.0
  9
$STEPSIZE
 40
6.0
  9
$3DDWFPREC
 40
2.0
  9
$PSOLWIDTH
 40
0.25
  9
$PSOLHEIGHT
 40
4.0
  9
$LOFTANG1
 40
1.570796326794896
  9
$LOFTANG2
 40
1.570796326794896
  9
$LOFTMAG1
 40
0.0
  9
$LOFTMAG2
 40
0.0
  9
$LOFTPARAM
 70
     7
  9
$LOFTNORMALS
280
     1
  9
$LATITUDE
 40
37.795
  9
$LONGITUDE
 40
-122.394
  9
$NORTHDIRECTION
 40
0.0
  9
$TIMEZONE
 70
 -8000
  9
$LIGHTGLYPHDISPLAY
280
     1
  9
$TILEMODELIGHTSYNCH
280
     1
  9
$CMATERIAL
347
37B
  9
$SOLIDHIST
280
     0
  9
$SHOWHIST
280
     1
  9
$DWFFRAME
280
     2
  9
$DGNFRAME
280
     0
  9
$REALWORLDSCALE
290
     1
  9
$INTERFERECOLOR
 62
     1
  9
$INTERFEREOBJVS
345
20F2
  9
$INTERFEREVPVS
346
2FEC
  9
$CSHADOW
280
     0
  9
$SHADOWPLANELOCATION
 40
0.0
  0
ENDSEC
  0
SECTION
  2
CLASSES
  0
CLASS
  1
ACDBDICTIONARYWDFLT
  2
AcDbDictionaryWithDefault
  3
ObjectDBX Classes
 90
        0
 91
        1
280
     0
281
     0
  0
CLASS
  1
AMGSETTINGSOBJ
  2
AmgSettingsObj
  3
"AcadM|Product Description: AutoCAD Mechanical|Company: Autodesk, Inc."
 90
     1024
 91
        2
280
     0
281
     0
  0
CLASS
  1
ACME_DOCUMENT
  2
AcMeDbDoc
  3
AcMeServices
 90
     1024
 91
        1
280
     0
281
     0
  0
CLASS
  1
ACMESCOPE
  2
AcMeScope
  3
AcMeServices
 90
     1024
 91
        1
280
     0
281
     0
  0
CLASS
  1
ACMECOMMANDHISTORY
  2
AcMeCommandHistory
  3
AcMeServices
 90
     1024
 91
        1
280
     0
281
     0
  0
CLASS
  1
DICTIONARYVAR
  2
AcDbDictionaryVar
  3
ObjectDBX Classes
 90
        0
 91
       12
280
     0
281
     0
  0
CLASS
  1
ACIMSYSVARMAN
  2
AcImSysVarManager
  3
AcMeServices
 90
     1024
 91
        3
280
     0
281
     0
  0
CLASS
  1
ACIMREALSYSVAR
  2
AcImRealSysVar
  3
AcMeServices
 90
     1024
 91
        0
280
     0
281
     0
  0
CLASS
  1
ACIMINTSYSVAR
  2
AcImIntSysVar
  3
AcMeServices
 90
     1024
 91
        2
280
     0
281
     0
  0
CLASS
  1
ACMEDRAWINGMAN
  2
AcMeDrawingMan
  3
AcMeServices
 90
     1024
 91
        0
280
     0
281
     0
  0
CLASS
  1
ACMEVIEW
  2
AcMeView
  3
AcMeServices
 90
     1024
 91
        0
280
     0
281
     0
  0
CLASS
  1
ACDBENTITYCACHE
  2
AcMeEntityCache
  3
AcMeServices
 90
     1024
 91
        1
280
     0
281
     0
  0
CLASS
  1
GSMANAGER
  2
AcMeGSManager
  3
AcMeServices
 90
     1024
 91
        0
280
     0
281
     0
  0
CLASS
  1
AMDTINTERNALREACTOR
  2
AmdtInternalReactor
  3
AcMeServices
 90
     1024
 91
        0
280
     0
281
     0
  0
CLASS
  1
ACMESTATEMGR
  2
AcMeStateMgr
  3
AcMeServices
 90
     1024
 91
        1
280
     0
281
     0
  0
CLASS
  1
ACGREFMASTER
  2
AcGrefMaster
  3
AcAttribServices
 90
     1024
 91
        1
280
     0
281
     0
  0
CLASS
  1
ACME_DATABASE
  2
AcMeDbDatabase
  3
AcMeServices
 90
     1024
 91
        1
280
     0
281
     0
  0
CLASS
  1
ACRFINSADJUSTERMGR
  2
AcRfInsAdjusterMgr
  3
AcMeServices
 90
     1024
 91
        1
280
     0
281
     0
  0
CLASS
  1
ACGREFACADMASTER
  2
AcGrefacadMaster
  3
AcGrefServices
 90
     1024
 91
        1
280
     0
281
     0
  0
CLASS
  1
AMIMASTER
  2
AmiMaster
  3
AmiServices
 90
     1024
 91
        1
280
     0
281
     0
  0
CLASS
  1
ACIMSTRSYSVAR
  2
AcImStrSysVar
  3
AcMeServices
 90
     1024
 91
        5
280
     0
281
     0
  0
CLASS
  1
ACMSTANDARDDIN
  2
AcmStandardDIN
  3
"Amdt_StdImp|Product Description: AutoCAD Mechanical|Company: Autodesk, Inc."
 90
     1024
 91
        1
280
     0
281
     0
  0
CLASS
  1
AMGOBJPROPCFG
  2
AmgObjPropCfg
  3
"AmgLay|Product Description: AutoCAD Mechanical|Company: Autodesk, Inc."
 90
     1024
 91
        1
280
     0
281
     0
  0
CLASS
  1
AMDTEDGESTANDARDDIN
  2
AmdtEdgeStdDIN
  3
"Amdt_StdImp|Product Description: AutoCAD Mechanical|Company: Autodesk, Inc."
 90
     1024
 91
        0
280
     0
281
     0
  0
CLASS
  1
ACMSURFSTANDARDDIN
  2
AcmSurfTextStdDIN
  3
"Amdt_StdImp|Product Description: AutoCAD Mechanical|Company: Autodesk, Inc."
 90
     1024
 91
        0
280
     0
281
     0
  0
CLASS
  1
ACMFCFSTANDARDDIN
  2
AcmFCFStdDIN
  3
"Amdt_StdImp|Product Description: AutoCAD Mechanical|Company: Autodesk, Inc."
 90
     1024
 91
        0
280
     0
281
     0
  0
CLASS
  1
ACMWELDSTANDARDDIN
  2
AcmWeldingStdDIN
  3
"Amdt_StdImp|Product Description: AutoCAD Mechanical|Company: Autodesk, Inc."
 90
     1024
 91
        1
280
     0
281
     0
  0
CLASS
  1
ACMIDSTANDARDDIN
  2
AcmIdStdDIN
  3
"Amdt_StdImp|Product Description: AutoCAD Mechanical|Company: Autodesk, Inc."
 90
     1024
 91
        0
280
     0
281
     0
  0
CLASS
  1
ACMDATUMSTANDARDDIN
  2
AcmDatumStdDIN
  3
"Amdt_StdImp|Product Description: AutoCAD Mechanical|Company: Autodesk, Inc."
 90
     1024
 91
        0
280
     0
281
     0
  0
CLASS
  1
ACMBOMSTANDARDDIN
  2
AcmBOMStdDIN
  3
"Amdt_StdImp|Product Description: AutoCAD Mechanical|Company: Autodesk, Inc."
 90
     1024
 91
        1
280
     0
281
     0
  0
CLASS
  1
ACMDETAILSTANDARDDIN
  2
AmdtDetailSymStdDIN
  3
"Amdt_StdImp|Product Description: AutoCAD Mechanical|Company: Autodesk, Inc."
 90
     1024
 91
        1
280
     0
281
     0
  0
CLASS
  1
ACMSECTIONSTANDARDDIN
  2
AmdtSectionSymStdDIN
  3
"Amdt_StdImp|Product Description: AutoCAD Mechanical|Company: Autodesk, Inc."
 90
     1024
 91
        1
280
     0
281
     0
  0
CLASS
  1
ACMCENTERLINESTANDARDDIN
  2
AmdtCenterLineStdDIN
  3
"Amdt_StdImp|Product Description: AutoCAD Mechanical|Company: Autodesk, Inc."
 90
     1024
 91
        1
280
     0
281
     0
  0
CLASS
  1
ACMTHREADLINESTANDARDDIN
  2
AmdtThreadLineStdDIN
  3
"Amdt_StdImp|Product Description: AutoCAD Mechanical|Company: Autodesk, Inc."
 90
     1024
 91
        1
280
     0
281
     0
  0
CLASS
  1
ACAMGLAYSTD
  2
AcAmgLayStd
  3
"AmgLay|Product Description: AutoCAD Mechanical|Company: Autodesk, Inc."
 90
     1024
 91
        1
280
     0
281
     0
  0
CLASS
  1
ACAMGDIMSTD
  2
AcAmgDimStd
  3
"AmgDim|Product Description: AutoCAD Mechanical|Company: Autodesk, Inc."
 90
     1024
 91
        1
280
     0
281
     0
  0
CLASS
  1
ACAMGTITLESTD
  2
AcAmgTitleStd
  3
"AmgTitle|Product Description: AutoCAD Mechanical|Company: Autodesk, Inc."
 90
     1024
 91
        1
280
     0
281
     0
  0
CLASS
  1
ACMDATADICTIONARY
  2
AcmDataDictionary
  3
"AcmSymBB|Product Description: AutoCAD Mechanical|Company: Autodesk, Inc."
 90
     1024
 91
        1
280
     0
281
     0
  0
CLASS
  1
ACMDATAENTRYBLOCK
  2
AcmDataEntryBlock
  3
AcmSymBB|Product Description: AutoCAD Mechanical|Company: Autodesk, Inc.
 90
     1024
 91
        0
280
     0
281
     0
  0
CLASS
  1
LAYER_INDEX
  2
AcDbLayerIndex
  3
ObjectDBX Classes
 90
        0
 91
        0
280
     0
281
     0
  0
CLASS
  1
IDBUFFER
  2
AcDbIdBuffer
  3
ObjectDBX Classes
 90
        0
 91
        0
280
     0
281
     0
  0
CLASS
  1
ACMNOTESTANDARDDIN
  2
AmdtNoteStdDIN
  3
"Amdt_StdImp|Product Description: AutoCAD Mechanical|Company: Autodesk, Inc."
 90
     1024
 91
        1
280
     0
281
     0
  0
CLASS
  1
ACAMGHOLECHARTSTDDIN
  2
AcAmgHoleChartStdDIN
  3
AmgDim|Product Description: AutoCAD Mechanical|Company: Autodesk, Inc.
 90
     1024
 91
        1
280
     0
281
     0
  0
CLASS
  1
AM_DRAWING_MGR
  2
AcDmDwgMgr
  3
AcMechDwgViewMgmt
 90
     1024
 91
        0
280
     0
281
     0
  0
CLASS
  1
AM_DWG_DOCUMENT
  2
AcDmDwgDocument
  3
AcMechDwgViewMgmt
 90
     1024
 91
        0
280
     0
281
     0
  0
CLASS
  1
AM_DWG_SHEET
  2
AcDmSheet
  3
AcMechDwgViewMgmt
 90
     1024
 91
        0
280
     0
281
     0
  0
CLASS
  1
AM_VIEWDIMPARMAP
  2
AcDmViewDimParMap
  3
AcMechDwgViewMgmt
 90
     1024
 91
        0
280
     0
281
     0
  0
CLASS
  1
AM_DWGMGR_NAME
  2
AcDmDwgMgrName
  3
AcMechDwgViewMgmt
 90
     1024
 91
        0
280
     0
281
     0
  0
CLASS
  1
AMDTMENUSTATEMGR
  2
AmdtMenuStateMgr
  3
McadcomServices
 90
     1024
 91
        1
280
     0
281
     0
  0
CLASS
  1
AMDTMCOMMENUSTATE
  2
AmdtMcomMenuState
  3
McadcomServices
 90
     1024
 91
        1
280
     0
281
     0
  0
CLASS
  1
MAPIAMMOUDLE
  2
MApiAmModule
  3
MApiAmServices
 90
     1024
 91
        1
280
     0
281
     0
  0
CLASS
  1
AMDTADMENUSTATE
  2
AmdtAdMenuState
  3
DesignerServices
 90
     1024
 91
        0
280
     0
281
     0
  0
CLASS
  1
ADAPPL
  2
AcAdAppl
  3
DesignerAssemblies
 90
     1024
 91
        0
280
     0
281
     0
  0
CLASS
  1
DEPMGR
  2
AcAdDepMgr
  3
DesignerAssemblies
 90
     1024
 91
        0
280
     0
281
     0
  0
CLASS
  1
PARAMMGR
  2
AcAdParamMgr
  3
DesignerAssemblies
 90
     1024
 91
        0
280
     0
281
     0
  0
CLASS
  1
PARAMSCOPE
  2
AcAdParamScope
  3
DesignerAssemblies
 90
     1024
 91
        0
280
     0
281
     0
  0
CLASS
  1
NAMEDAPPL
  2
AcAdNamedAppl
  3
DesignerAssemblies
 90
     1024
 91
        0
280
     0
281
     0
  0
CLASS
  1
AMDTDMMENUSTATE
  2
AmdtDmMenuState
  3
AcMechDwgViewMgmt
 90
     1024
 91
        0
280
     0
281
     0
  0
CLASS
  1
AMDTAMMENUSTATE
  2
AmdtAmMenuState
  3
DesignerAssemblies
 90
     1024
 91
        1
280
     0
281
     0
  0
CLASS
  1
ACAMPROJECT
  2
AcAmProject
  3
DesignerAssemblies
 90
     1024
 91
        1
280
     0
281
     0
  0
CLASS
  1
ACAMGRCOMPDEF
  2
AcAmGrCompDef
  3
DesignerAssemblies
 90
     1024
 91
        1
280
     0
281
     0
  0
CLASS
  1
ACCMCONTEXT
  2
AcCmContext
  3
DesignerAssemblies
 90
     1024
 91
        0
280
     0
281
     0
  0
CLASS
  1
ACAMCOMPDEF
  2
AcAmCompDef
  3
DesignerAssemblies
 90
     1024
 91
        1
280
     0
281
     0
  0
CLASS
  1
ACAMCOMPDEFMGR
  2
AcAmCompDefMgr
  3
DesignerAssemblies
 90
     1024
 91
        1
280
     0
281
     0
  0
CLASS
  1
AMCONTEXTMGR
  2
AcAmContextMgr
  3
DesignerAssemblies
 90
     1024
 91
        1
280
     0
281
     0
  0
CLASS
  1
ACAMCONTEXTMODELER
  2
AcAmContextModeler
  3
DesignerAssemblies
 90
     1024
 91
        1
280
     0
281
     0
  0
CLASS
  1
CATALOGSTATE
  2
AcAmCatalogState
  3
DesignerAssemblies
 90
     1024
 91
        0
280
     0
281
     0
  0
CLASS
  1
ACAMGRCOMPDEFSET
  2
AcAmGrCompDefSet
  3
DesignerAssemblies
 90
     1024
 91
        1
280
     0
281
     0
  0
CLASS
  1
AMDTBROWSERDBTAB
  2
AmdtBrowserDbTab
  3
McadcomServices
 90
     1024
 91
        1
280
     0
281
     0
  0
CLASS
  1
CBROWSERAPPOBJECT
  2
CBrowserAppObject
  3
McadcomServices
 90
     1024
 91
        2
280
     0
281
     0
  0
CLASS
  1
DM_PLACEHOLDER
  2
AcDmSelsetPlaceholder
  3
McadcomServices
 90
     1024
 91
        1
280
     0
281
     0
  0
CLASS
  1
TABLESTYLE
  2
AcDbTableStyle
  3
ObjectDBX Classes
 90
     4095
 91
        1
280
     0
281
     0
  0
CLASS
  1
VAACXREFPANELOBJECT
  2
VaAcXREFPanelObject
  3
VAAC_ADDIN
 90
        0
 91
        0
280
     0
281
     0
  0
CLASS
  1
VAACIMAGEINVENTORY
  2
VaAcImageInventory
  3
VAAC_ADDIN
 90
        0
 91
        0
280
     0
281
     0
  0
CLASS
  1
AMDTNOTETEMPLATEDB
  2
AmdtNoteTemplateDB
  3
AcmSymBB|Product Description: AutoCAD Mechanical|Company: Autodesk, Inc.
 90
     1024
 91
        7
280
     0
281
     0
  0
CLASS
  1
ACMBOM
  2
AcmBom
  3
"AcmSymBB|Product Description: AutoCAD Mechanical|Company: Autodesk, Inc."
 90
     1024
 91
        0
280
     0
281
     0
  0
CLASS
  1
AMDTFORMULAUPDATEDISPATCHER
  2
AmdtFormulaUpdateDispatcher
  3
AcMeServices
 90
     1024
 91
        0
280
     0
281
     0
  0
CLASS
  1
ACAMGFILTERDAT
  2
AcAmgFilterDat
  3
"AcadM|Product Description: AutoCAD Mechanical|Company: Autodesk, Inc."
 90
     1024
 91
        0
280
     0
281
     0
  0
CLASS
  1
MATERIAL
  2
AcDbMaterial
  3
ObjectDBX Classes
 90
     1153
 91
        3
280
     0
281
     0
  0
CLASS
  1
SORTENTSTABLE
  2
AcDbSortentsTable
  3
ObjectDBX Classes
 90
        0
 91
        1
280
     0
281
     0
  0
CLASS
  1
ACMPARTREF
  2
AcmPartRef
  3
"AcmSymBB|Product Description: AutoCAD Mechanical|Company: Autodesk, Inc."
 90
     1024
 91
        0
280
     0
281
     1
  0
CLASS
  1
ACDBLINERES
  2
AcDbLineRes
  3
AcGrefServices
 90
     1024
 91
        0
280
     0
281
     0
  0
CLASS
  1
ACRFINSADJ
  2
AcRfInsAdjuster
  3
AcMeServices
 90
     1024
 91
        0
280
     0
281
     0
  0
CLASS
  1
ACMDATAENTRYPART
  2
AcmDataEntryPart
  3
AcmSymBB|Product Description: AutoCAD Mechanical|Company: Autodesk, Inc.
 90
     1024
 91
        0
280
     0
281
     0
  0
CLASS
  1
ACMBOMROW
  2
AcmBomRow
  3
"AcmSymBB|Product Description: AutoCAD Mechanical|Company: Autodesk, Inc."
 90
     1024
 91
        0
280
     0
281
     0
  0
CLASS
  1
ACMPARTLIST
  2
AcmPartList
  3
"AcmSymBB|Product Description: AutoCAD Mechanical|Company: Autodesk, Inc."
 90
     1024
 91
        0
280
     0
281
     1
  0
CLASS
  1
ACRFATTGENMGR
  2
AcRfAttGeneralMgr
  3
AcAttribServices
 90
     1024
 91
        0
280
     0
281
     0
  0
CLASS
  1
ACRFOBJATTMGR
  2
AcRfObjAttGroupMgr
  3
AcAttribServices
 90
     1024
 91
        0
280
     0
281
     0
  0
CLASS
  1
ACRFMCADAPIATTHOLDER
  2
AcRfMCADAPIAttHolder
  3
AcAttribServices
 90
     1024
 91
        0
280
     0
281
     0
  0
CLASS
  1
AMDTSYSATTR
  2
AmdtSystemAttribute
  3
AcAttribServices
 90
     1024
 91
        0
280
     0
281
     0
  0
CLASS
  1
PLOTSETTINGS
  2
AcDbPlotSettings
  3
ObjectDBX Classes
 90
        0
 91
        3
280
     0
281
     0
  0
CLASS
  1
VISUALSTYLE
  2
AcDbVisualStyle
  3
ObjectDBX Classes
 90
     4095
 91
       26
280
     0
281
     0
  0
CLASS
  1
SCALE
  2
AcDbScale
  3
ObjectDBX Classes
 90
     1153
 91
       33
280
     0
281
     0
  0
CLASS
  1
MLEADERSTYLE
  2
AcDbMLeaderStyle
  3
ACDB_MLEADERSTYLE_CLASS
 90
     4095
 91
        1
280
     0
281
     0
  0
CLASS
  1
ACMTAPERSTANDARDDIN
  2
AcmTaperStdDIN
  3
"Amdt_StdImp|Product Description: AutoCAD Mechanical|Company: Autodesk, Inc."
 90
     1024
 91
        1
280
     0
281
     0
  0
CLASS
  1
ACMANOOTATIONVIEWSTANDARDDIN
  2
AmdtAnViewStdDIN
  3
"Amdt_StdImp|Product Description: AutoCAD Mechanical|Company: Autodesk, Inc."
 90
     1024
 91
        1
280
     0
281
     0
  0
CLASS
  1
CAMSSTRUCTBTNSTATE
  2
StructBtnState
  3
DesignerAssemblies
 90
     1024
 91
        0
280
     0
281
     0
  0
CLASS
  1
CELLSTYLEMAP
  2
AcDbCellStyleMap
  3
ObjectDBX Classes
 90
     1152
 91
        2
280
     0
281
     0
  0
CLASS
  1
AMDTNOTE
  2
AmdtNote
  3
"AcmSymBB|Product Description: AutoCAD Mechanical|Company: Autodesk, Inc."
 90
     1024
 91
        0
280
     0
281
     1
  0
CLASS
  1
ACMWELDSYM
  2
AcmWelding
  3
"AcmSymBB|Product Description: AutoCAD Mechanical|Company: Autodesk, Inc."
 90
     1024
 91
        0
280
     0
281
     1
  0
CLASS
  1
ACAD_EVALUATION_GRAPH
  2
AcDbEvalGraph
  3
ObjectDBX Classes
 90
     1153
 91
        0
280
     0
281
     0
  0
CLASS
  1
BLOCKPOLARPARAMETER
  2
AcDbBlockPolarParameter
  3
ObjectDBX Classes
 90
     1153
 91
        0
280
     0
281
     0
  0
CLASS
  1
BLOCKPOLARGRIP
  2
AcDbBlockPolarGrip
  3
ObjectDBX Classes
 90
     1153
 91
        0
280
     0
281
     0
  0
CLASS
  1
BLOCKGRIPLOCATIONCOMPONENT
  2
AcDbBlockGripExpr
  3
ObjectDBX Classes
 90
     1153
 91
        0
280
     0
281
     0
  0
CLASS
  1
BLOCKBASEPOINTPARAMETER
  2
AcDbBlockBasepointParameter
  3
ObjectDBX Classes
 90
     1153
 91
        0
280
     0
281
     0
  0
CLASS
  1
BLOCKPOLARSTRETCHACTION
  2
AcDbBlockPolarStretchAction
  3
ObjectDBX Classes
 90
     1153
 91
        0
280
     0
281
     0
  0
CLASS
  1
ACDB_DYNAMICBLOCKPURGEPREVENTER_VERSION
  2
AcDbDynamicBlockPurgePreventer
  3
ObjectDBX Classes
 90
     1153
 91
        0
280
     0
281
     0
  0
CLASS
  1
ACDB_BLOCKREPRESENTATION_DATA
  2
AcDbBlockRepresentationData
  3
ObjectDBX Classes
 90
     1153
 91
        0
280
     0
281
     0
  0
CLASS
  1
ACSH_EXTRUSION_CLASS
  2
AcDbShExtrusion
  3
ObjectDBX Classes
 90
     1153
 91
        0
280
     0
281
     0
  0
CLASS
  1
ACSH_HISTORY_CLASS
  2
AcDbShHistory
  3
ObjectDBX Classes
 90
     1153
 91
        0
280
     0
281
     0
  0
CLASS
  1
SOLID_BACKGROUND
  2
AcDbSolidBackground
  3
SCENEOE
 90
     4095
 91
        0
280
     0
281
     0
  0
CLASS
  1
NPOCOLLECTION
  2
AcDbImpNonPersistentObjectsCollection
  3
ObjectDBX Classes
 90
     1153
 91
        0
280
     0
281
     0
  0
CLASS
  1
ACSH_REVOLVE_CLASS
  2
AcDbShRevolve
  3
ObjectDBX Classes
 90
     1153
 91
        0
280
     0
281
     0
  0
CLASS
  1
ACDBPERSSUBENTMANAGER
  2
AcDbPersSubentManager
  3
AcDbPersSubentManager
 90
     1024
 91
        1
280
     0
281
     0
  0
CLASS
  1
ACSH_BOOLEAN_CLASS
  2
AcDbShBoolean
  3
ObjectDBX Classes
 90
     1153
 91
        0
280
     0
281
     0
  0
CLASS
  1
ACAECUSTOBJ
  2
AcAeEditorObj
  3
AcAeEditorObj
 90
     1024
 91
        0
280
     0
281
     0
  0
CLASS
  1
BASEPOINTPARAMETERENTITY
  2
AcDbBlockBasepointParameterEntity
  3
ObjectDBX Classes
 90
     1025
 91
        0
280
     0
281
     1
  0
CLASS
  1
ACAEEEMGROBJ
  2
AcAeEEMgrObj
  3
AcAeEEMgrObj
 90
     1024
 91
        0
280
     0
281
     0
  0
CLASS
  1
BLOCKPOINTPARAMETER
  2
AcDbBlockPointParameter
  3
ObjectDBX Classes
 90
     1153
 91
        0
280
     0
281
     0
  0
CLASS
  1
BLOCKXYGRIP
  2
AcDbBlockXYGrip
  3
ObjectDBX Classes
 90
     1153
 91
        0
280
     0
281
     0
  0
CLASS
  1
XYGRIPENTITY
  2
AcDbBlockXYGripEntity
  3
ObjectDBX Classes
 90
     1025
 91
        0
280
     0
281
     1
  0
CLASS
  1
POINTPARAMETERENTITY
  2
AcDbBlockPointParameterEntity
  3
ObjectDBX Classes
 90
     1025
 91
        0
280
     0
281
     1
  0
CLASS
  1
BLOCKMOVEACTION
  2
AcDbBlockMoveAction
  3
ObjectDBX Classes
 90
     1153
 91
        0
280
     0
281
     0
  0
CLASS
  1
MOVEACTIONENTITY
  2
AcDbBlockMoveActionEntity
  3
ObjectDBX Classes
 90
     1025
 91
        0
280
     0
281
     1
  0
CLASS
  1
AMDTEDGESTANDARDDIN13715
  2
AmdtEdgeStdDIN13715
  3
"Amdt_StdImp|Product Description: AutoCAD Mechanical|Company: Autodesk, Inc."
 90
     1024
 91
        1
280
     0
281
     0
  0
CLASS
  1
ACMSURFSTANDARDDIN2002
  2
AcmSurfTextStdDIN2002
  3
"Amdt_StdImp|Product Description: AutoCAD Mechanical|Company: Autodesk, Inc."
 90
     1024
 91
        1
280
     0
281
     0
  0
CLASS
  1
ACDBASSOCPERSSUBENTMANAGER
  2
AcDbAssocPersSubentManager
  3
ObjectDBX Classes
 90
     1024
 91
        1
280
     0
281
     0
  0
CLASS
  1
ACDBSECTIONVIEWSTYLE
  2
AcDbSectionViewStyle
  3
ObjectDBX Classes
 90
     1025
 91
        2
280
     0
281
     0
  0
CLASS
  1
ACDBDETAILVIEWSTYLE
  2
AcDbDetailViewStyle
  3
ObjectDBX Classes
 90
     1025
 91
        2
280
     0
281
     0
  0
CLASS
  1
ACMFCFSTANDARDDIN2008
  2
AcmFCFStdDIN2008
  3
"Amdt_StdImp|Product Description: AutoCAD Mechanical|Company: Autodesk, Inc."
 90
     1024
 91
        1
280
     0
281
     0
  0
CLASS
  1
ACMIDSTANDARDDIN2012
  2
AcmIdStdDIN2012
  3
"Amdt_StdImp|Product Description: AutoCAD Mechanical|Company: Autodesk, Inc."
 90
     1024
 91
        1
280
     0
281
     0
  0
CLASS
  1
ACMDATUMSTANDARDDIN2008
  2
AcmDatumStdDIN2008
  3
"Amdt_StdImp|Product Description: AutoCAD Mechanical|Company: Autodesk, Inc."
 90
     1024
 91
        1
280
     0
281
     0
  0
CLASS
  1
ACMSECTIONSTANDARDCUSTOM
  2
AmdtSectionSymStdCustom
  3
"Amdt_StdImp|Product Description: AutoCAD Mechanical|Company: Autodesk, Inc."
 90
     1024
 91
        1
280
     0
281
     0
  0
CLASS
  1
ACMDETAILTANDARDCUSTOM
  2
AmdtDetailSymStdCustom
  3
"Amdt_StdImp|Product Description: AutoCAD Mechanical|Company: Autodesk, Inc."
 90
     1024
 91
        1
280
     0
281
     0
  0
CLASS
  1
FIELD
  2
AcDbField
  3
ObjectDBX Classes
 90
     1152
 91
        6
280
     0
281
     0
  0
CLASS
  1
FIELDLIST
  2
AcDbFieldList
  3
ObjectDBX Classes
 90
     1152
 91
        1
280
     0
281
     0
  0
ENDSEC
  0
SECTION
  2
TABLES
  0
TABLE
  2
VPORT
  5
8
102
{ACAD_XDICTIONARY
360
2F9E
102
}
330
0
100
AcDbSymbolTable
 70
     1
  0
VPORT
  5
2038
330
8
100
AcDbSymbolTableRecord
100
AcDbViewportTableRecord
  2
*Active
 70
     0
 10
0.0
 20
0.0
 11
1.0
 21
1.0
 12
478.180147671954
 22
134.6944218964981
 13
0.0
 23
0.0
 14
2.5
 24
2.5
 15
10.0
 25
10.0
 16
0.0
 26
0.0
 36
1.0
 17
1012.582848573682
 27
8.118094047176791
 37
392.9920988463412
 40
1630.87922356656
 41
2.037960954446854
 42
50.0
 43
0.0
 44
0.0
 50
0.0
 51
0.0
 71
     0
 72
   100
 73
     1
 74
     3
 75
     0
 76
     0
 77
     0
 78
     0
281
     0
 65
     0
110
0.0
120
0.0
130
0.0
111
1.0
121
0.0
131
0.0
112
0.0
122
1.0
132
0.0
 79
     0
146
0.0
348
20EE
 60
     3
 61
     5
292
     1
282
     1
141
0.0
142
0.0
 63
   250
421
  3355443
1001
ACAD_NAV_VCDISPLAY
1070
     3
  0
ENDTAB
  0
TABLE
  2
LTYPE
  5
5
330
0
100
AcDbSymbolTable
 70
    20
  0
LTYPE
  5
14
330
5
100
AcDbSymbolTableRecord
100
AcDbLinetypeTableRecord
  2
ByBlock
 70
     0
  3

 72
    65
 73
     0
 40
0.0
  0
LTYPE
  5
15
330
5
100
AcDbSymbolTableRecord
100
AcDbLinetypeTableRecord
  2
ByLayer
 70
     0
  3

 72
    65
 73
     0
 40
0.0
  0
LTYPE
  5
16
330
5
100
AcDbSymbolTableRecord
100
AcDbLinetypeTableRecord
  2
Continuous
 70
     0
  3
Solid line
 72
    65
 73
     0
 40
0.0
  0
LTYPE
  5
280E
330
5
100
AcDbSymbolTableRecord
100
AcDbLinetypeTableRecord
  2
MITTE2
 70
     0
  3
Mitte (.5x) ___ _ ___ _ ___ _ ___ _ ___ _ ___
 72
    65
 73
     4
 40
1.125
 49
0.75
 74
     0
 49
-0.125
 74
     0
 49
0.125
 74
     0
 49
-0.125
 74
     0
  0
LTYPE
  5
3016
330
5
100
AcDbSymbolTableRecord
100
AcDbLinetypeTableRecord
  2
HIDDEN
 70
     0
  3
Hidden __ __ __ __ __ __ __ __ __ __ __ __ __ __
 72
    65
 73
     2
 40
9.525
 49
6.349999999999999
 74
     0
 49
-3.174999999999999
 74
     0
  0
LTYPE
  5
3017
330
5
100
AcDbSymbolTableRecord
100
AcDbLinetypeTableRecord
  2
PHANTOM2
 70
     0
  3
Phantom (.5x) ___ _ _ ___ _ _ ___ _ _ ___ _ _
 72
    65
 73
     6
 40
31.75
 49
15.875
 74
     0
 49
-3.174999999999999
 74
     0
 49
3.174999999999999
 74
     0
 49
-3.174999999999999
 74
     0
 49
3.174999999999999
 74
     0
 49
-3.174999999999999
 74
     0
  0
LTYPE
  5
3018
330
5
100
AcDbSymbolTableRecord
100
AcDbLinetypeTableRecord
  2
CENTER
 70
     0
  3
Center ____ _ ____ _ ____ _ ____ _ ____ _ ____
 72
    65
 73
     4
 40
50.8
 49
31.75
 74
     0
 49
-6.349999999999999
 74
     0
 49
6.349999999999999
 74
     0
 49
-6.349999999999999
 74
     0
  0
LTYPE
  5
3057
330
5
100
AcDbSymbolTableRecord
100
AcDbLinetypeTableRecord
  2
AM_ISO02W050
 70
     0
  3
__ __ __ __ __ __ __ __ __ __ __ __ __ __ __
 72
    65
 73
     2
 40
7.5
 49
6.0
 74
     0
 49
-1.5
 74
     0
  0
LTYPE
  5
3058
330
5
100
AcDbSymbolTableRecord
100
AcDbLinetypeTableRecord
  2
AM_ISO08W050
 70
     0
  3
____ . ____ . ____ . ____ . ____ . ____ . ____
 72
    65
 73
     4
 40
18.0
 49
12.0
 74
     0
 49
-1.5
 74
     0
 49
3.0
 74
     0
 49
-1.5
 74
     0
  0
LTYPE
  5
3059
330
5
100
AcDbSymbolTableRecord
100
AcDbLinetypeTableRecord
  2
AM_ISO09W050
 70
     0
  3
_____ . . _____ . . _____ . . ____ .. ____
 72
    65
 73
     6
 40
22.5
 49
12.0
 74
     0
 49
-1.5
 74
     0
 49
3.0
 74
     0
 49
-1.5
 74
     0
 49
3.0
 74
     0
 49
-1.5
 74
     0
  0
LTYPE
  5
305A
330
5
100
AcDbSymbolTableRecord
100
AcDbLinetypeTableRecord
  2
Amconstr
 70
     0
  3
_______________________
 72
    65
 73
     2
 40
9999.0
 49
9999.0
 74
     0
 49
0.0
 74
     0
  0
LTYPE
  5
305B
330
5
100
AcDbSymbolTableRecord
100
AcDbLinetypeTableRecord
  2
AM_ISO08W050x2
 70
     0
  3
__ . __ . __ . __ . __ . __
 72
    65
 73
     4
 40
9.0
 49
6.0
 74
     0
 49
-0.75
 74
     0
 49
1.5
 74
     0
 49
-0.75
 74
     0
  0
LTYPE
  5
305C
330
5
100
AcDbSymbolTableRecord
100
AcDbLinetypeTableRecord
  2
AM_ISO02W050x2
 70
     0
  3
 _ _ _ _ _ _ _ _ _ _ _ _
 72
    65
 73
     2
 40
3.75
 49
3.0
 74
     0
 49
-0.75
 74
     0
  0
LTYPE
  5
305F
330
5
100
AcDbSymbolTableRecord
100
AcDbLinetypeTableRecord
  2
Amzigzag
 70
     0
  3
/\/-/\/-/\/-/\/-/\/-/\/
 72
    65
 73
     2
 40
11.0001
 49
0.0001
 74
     4
 75
   136
340
305E
 46
0.04
 50
0.0
 44
0.0
 45
0.0
 49
-11.0
 74
     0
  0
LTYPE
  5
3060
330
5
100
AcDbSymbolTableRecord
100
AcDbLinetypeTableRecord
  2
AM_DIN_F_W050
 70
     0
  3
__ __ __ __ __ __ __ __ __ __ __ __ __ __ __
 72
    65
 73
     2
 40
6.25
 49
4.75
 74
     0
 49
-1.5
 74
     0
  0
LTYPE
  5
3061
330
5
100
AcDbSymbolTableRecord
100
AcDbLinetypeTableRecord
  2
AM_DIN_G_W050
 70
     0
  3
____ . ____ . ____ . ____ . ____ . ____ . ____
 72
    65
 73
     4
 40
13.75
 49
9.75
 74
     0
 49
-1.5
 74
     0
 49
1.0
 74
     0
 49
-1.5
 74
     0
  0
LTYPE
  5
3062
330
5
100
AcDbSymbolTableRecord
100
AcDbLinetypeTableRecord
  2
AM_DIN_K_W050
 70
     0
  3
_____ . . _____ . . _____ . . ____ .. ____
 72
    65
 73
     6
 40
16.25
 49
9.75
 74
     0
 49
-1.5
 74
     0
 49
1.0
 74
     0
 49
-1.5
 74
     0
 49
1.0
 74
     0
 49
-1.5
 74
     0
  0
LTYPE
  5
3063
330
5
100
AcDbSymbolTableRecord
100
AcDbLinetypeTableRecord
  2
AM_DIN_G_W050x2
 70
     0
  3
__ . __ . __ . __ . __ . __
 72
    65
 73
     4
 40
6.875
 49
4.75
 74
     0
 49
-0.875
 74
     0
 49
0.375
 74
     0
 49
-0.875
 74
     0
  0
LTYPE
  5
3064
330
5
100
AcDbSymbolTableRecord
100
AcDbLinetypeTableRecord
  2
AM_DIN_F_W050x2
 70
     0
  3
 _ _ _ _ _ _ _ _ _ _ _ _
 72
    65
 73
     2
 40
3.125
 49
2.25
 74
     0
 49
-0.875
 74
     0
  0
LTYPE
  5
306A
330
5
100
AcDbSymbolTableRecord
100
AcDbLinetypeTableRecord
  2
ACDINWELD
 70
     0
  3
_ _ _ _ _
 72
    65
 73
     2
 40
2.0
 49
2.0
 74
     0
 49
-1.0
 74
     0
  0
LTYPE
  5
306B
330
5
100
AcDbSymbolTableRecord
100
AcDbLinetypeTableRecord
  2
ACDINTGL
 70
     0
  3
_ _ _ _ _
 72
    65
 73
     2
 40
3.0
 49
2.0
 74
     0
 49
-1.0
 74
     0
  0
LTYPE
  5
306C
330
5
100
AcDbSymbolTableRecord
100
AcDbLinetypeTableRecord
  2
ACDINTGB
 70
     0
  3
__ . . __ . .
 72
    65
 73
     6
 40
9.0
 49
4.0
 74
     0
 49
-1.0
 74
     0
 49
1.0
 74
     0
 49
-1.0
 74
     0
 49
1.0
 74
     0
 49
-1.0
 74
     0
  0
ENDTAB
  0
TABLE
  2
LAYER
  5
2
102
{ACAD_XDICTIONARY
360
C0
102
}
330
0
100
AcDbSymbolTable
 70
     2
  0
LAYER
  5
10
102
{ACAD_XDICTIONARY
360
252F
102
}
330
2
100
AcDbSymbolTableRecord
100
AcDbLayerTableRecord
  2
0
 70
     0
 62
     7
  6
Continuous
370
    -3
390
F
347
2F5
348
0
  0
LAYER
  5
27ED
102
{ACAD_XDICTIONARY
360
2B53
102
}
330
2
100
AcDbSymbolTableRecord
100
AcDbLayerTableRecord
  2
HALFEN
 70
     0
 62
     2
  6
Continuous
370
    -3
390
F
347
2F5
348
0
1001
AcAecLayerStandard
1000

1000

  0
ENDTAB
  0
TABLE
  2
STYLE
  5
3
330
0
100
AcDbSymbolTable
 70
     5
  0
STYLE
  5
11
330
3
100
AcDbSymbolTableRecord
100
AcDbTextStyleTableRecord
  2
STANDARD
 70
     0
 40
0.0
 41
1.0
 50
0.0
 71
     0
 42
2.5
  3
ARIAL.TTF
  4

1001
ACADANNOTATIVE
1000
AnnotativeData
1002
{
1070
     1
1070
     1
1002
}
1001
ACAD
1000
Arial
1071
       34
  0
STYLE
  5
2811
330
3
100
AcDbSymbolTableRecord
100
AcDbTextStyleTableRecord
  2
ARIAL50
 70
     0
 40
5.0
 41
1.0
 50
0.0
 71
     0
 42
3.5
  3
ARIAL.TTF
  4

1001
ACAD
1000
Arial
1071
       34
  0
STYLE
  5
305E
330
3
100
AcDbSymbolTableRecord
100
AcDbTextStyleTableRecord
  2

 70
     1
 40
0.0
 41
1.0
 50
0.0
 71
     0
 42
2.5
  3
genltshp.shx
  4

  0
STYLE
  5
3068
330
3
100
AcDbSymbolTableRecord
100
AcDbTextStyleTableRecord
  2
ACDINTS
 70
     0
 40
0.0
 41
1.0
 50
0.0
 71
     0
 42
2.5
  3
isocp.shx
  4

  0
STYLE
  5
3069
330
3
100
AcDbSymbolTableRecord
100
AcDbTextStyleTableRecord
  2
ACDINGDT
 70
     0
 40
0.0
 41
1.0
 50
0.0
 71
     0
 42
2.5
  3
amgdt.shx
  4

  0
ENDTAB
  0
TABLE
  2
VIEW
  5
6
330
0
100
AcDbSymbolTable
 70
     0
  0
ENDTAB
  0
TABLE
  2
UCS
  5
7
330
0
100
AcDbSymbolTable
 70
     0
  0
ENDTAB
  0
TABLE
  2
APPID
  5
9
330
0
100
AcDbSymbolTable
 70
    51
  0
APPID
  5
12
330
9
100
AcDbSymbolTableRecord
100
AcDbRegAppTableRecord
  2
ACAD
 70
     0
  0
APPID
  5
30
330
9
100
AcDbSymbolTableRecord
100
AcDbRegAppTableRecord
  2
MCAD_NO_VIS
 70
     0
  0
APPID
  5
31
330
9
100
AcDbSymbolTableRecord
100
AcDbRegAppTableRecord
  2
ACAD_TEMP_GRAPHIC
 70
     0
  0
APPID
  5
44
330
9
100
AcDbSymbolTableRecord
100
AcDbRegAppTableRecord
  2
ACATTRIBSERVICES
 70
     0
  0
APPID
  5
108
330
9
100
AcDbSymbolTableRecord
100
AcDbRegAppTableRecord
  2
AD_DRAW
 70
     0
  0
APPID
  5
126
330
9
100
AcDbSymbolTableRecord
100
AcDbRegAppTableRecord
  2
DESIGNERASSEMBLIES
 70
     0
  0
APPID
  5
12A
330
9
100
AcDbSymbolTableRecord
100
AcDbRegAppTableRecord
  2
ACADM_DIM_EDIT
 70
     0
  0
APPID
  5
12B
330
9
100
AcDbSymbolTableRecord
100
AcDbRegAppTableRecord
  2
AMDT_DM_ADJ
 70
     0
  0
APPID
  5
236
330
9
100
AcDbSymbolTableRecord
100
AcDbRegAppTableRecord
  2
ACAD_DSTYLE_DIMTEXT_FILL
 70
     0
  0
APPID
  5
2E1
330
9
100
AcDbSymbolTableRecord
100
AcDbRegAppTableRecord
  2
ACAD_DSTYLE_DIMARC_LENGTH_SYMBOL
 70
     0
  0
APPID
  5
2E2
330
9
100
AcDbSymbolTableRecord
100
AcDbRegAppTableRecord
  2
ACAD_DSTYLE_DIMJOGGED_JOGANGLE_SYMBOL
 70
     0
  0
APPID
  5
2E3
330
9
100
AcDbSymbolTableRecord
100
AcDbRegAppTableRecord
  2
AcAecLayerStandard
 70
     0
  0
APPID
  5
2E4
330
9
100
AcDbSymbolTableRecord
100
AcDbRegAppTableRecord
  2
ACAD_MLEADERVER
 70
     0
  0
APPID
  5
2E5
330
9
100
AcDbSymbolTableRecord
100
AcDbRegAppTableRecord
  2
ACADANNOPO
 70
     0
  0
APPID
  5
2E6
330
9
100
AcDbSymbolTableRecord
100
AcDbRegAppTableRecord
  2
ACAD_DSTYLE_DIMJAG
 70
     0
  0
APPID
  5
2E7
330
9
100
AcDbSymbolTableRecord
100
AcDbRegAppTableRecord
  2
ACAD_DSTYLE_DIMBREAK
 70
     0
  0
APPID
  5
2E8
330
9
100
AcDbSymbolTableRecord
100
AcDbRegAppTableRecord
  2
ACADANNOTATIVE
 70
     0
  0
APPID
  5
2E9
330
9
100
AcDbSymbolTableRecord
100
AcDbRegAppTableRecord
  2
ACAD_DSTYLE_DIMTALN
 70
     0
  0
APPID
  5
2EA
330
9
100
AcDbSymbolTableRecord
100
AcDbRegAppTableRecord
  2
ACAD_PSEXT
 70
     0
  0
APPID
  5
2EB
330
9
100
AcDbSymbolTableRecord
100
AcDbRegAppTableRecord
  2
ACAD_EXEMPT_FROM_CAD_STANDARDS
 70
     0
  0
APPID
  5
2EC
330
9
100
AcDbSymbolTableRecord
100
AcDbRegAppTableRecord
  2
GENIUS_GENTRA_14
 70
     0
  0
APPID
  5
2ED
330
9
100
AcDbSymbolTableRecord
100
AcDbRegAppTableRecord
  2
GENIUS_GENODEF_13
 70
     0
  0
APPID
  5
2EE
330
9
100
AcDbSymbolTableRecord
100
AcDbRegAppTableRecord
  2
GENIUS_GENOBJ-N-TIT_13
 70
     0
  0
APPID
  5
2EF
330
9
100
AcDbSymbolTableRecord
100
AcDbRegAppTableRecord
  2
GENIUS_GENOENT_13
 70
     0
  0
APPID
  5
2F0
330
9
100
AcDbSymbolTableRecord
100
AcDbRegAppTableRecord
  2
GENIUS_GENOLIS_13
 70
     0
  0
APPID
  5
2F1
330
9
100
AcDbSymbolTableRecord
100
AcDbRegAppTableRecord
  2
GENIUS_GENTITLE_13
 70
     0
  0
APPID
  5
2F2
330
9
100
AcDbSymbolTableRecord
100
AcDbRegAppTableRecord
  2
GENIUS_GENOREF_13
 70
     0
  0
APPID
  5
2F3
330
9
100
AcDbSymbolTableRecord
100
AcDbRegAppTableRecord
  2
GENIUS_GENSCREG_15
 70
     0
  0
APPID
  5
2F4
330
9
100
AcDbSymbolTableRecord
100
AcDbRegAppTableRecord
  2
GENIUS_GENOBJ-N-SDF_13
 70
     0
  0
APPID
  5
860
330
9
100
AcDbSymbolTableRecord
100
AcDbRegAppTableRecord
  2
GENIUS_GENREC_14
 70
     0
  0
APPID
  5
861
330
9
100
AcDbSymbolTableRecord
100
AcDbRegAppTableRecord
  2
GENIUS_GENOBJ-N-REC_13
 70
     0
  0
APPID
  5
86D
330
9
100
AcDbSymbolTableRecord
100
AcDbRegAppTableRecord
  2
GENIUS_GENOBJ-N-HTC_13
 70
     0
  0
APPID
  5
86E
330
9
100
AcDbSymbolTableRecord
100
AcDbRegAppTableRecord
  2
GENIUS_GENHATCH_13
 70
     0
  0
APPID
  5
AAC
330
9
100
AcDbSymbolTableRecord
100
AcDbRegAppTableRecord
  2
GENIUS_GENOBJ-N-CEN_13
 70
     0
  0
APPID
  5
AAD
330
9
100
AcDbSymbolTableRecord
100
AcDbRegAppTableRecord
  2
GENIUS_GENCEN_19
 70
     0
  0
APPID
  5
AAE
330
9
100
AcDbSymbolTableRecord
100
AcDbRegAppTableRecord
  2
GEVID1178869333
 70
     0
  0
APPID
  5
AAF
330
9
100
AcDbSymbolTableRecord
100
AcDbRegAppTableRecord
  2
GEVDC
 70
     0
  0
APPID
  5
AB0
330
9
100
AcDbSymbolTableRecord
100
AcDbRegAppTableRecord
  2
GEVRADREF
 70
     0
  0
APPID
  5
AB1
330
9
100
AcDbSymbolTableRecord
100
AcDbRegAppTableRecord
  2
GENIUS_GENBH_13
 70
     0
  0
APPID
  5
AB2
330
9
100
AcDbSymbolTableRecord
100
AcDbRegAppTableRecord
  2
GENIUS_GENOBJ-NBEHI-BHF_13
 70
     0
  0
APPID
  5
AB3
330
9
100
AcDbSymbolTableRecord
100
AcDbRegAppTableRecord
  2
GENIUS_GENOBJ-NBEHI-BHB_13
 70
     0
  0
APPID
  5
AB4
330
9
100
AcDbSymbolTableRecord
100
AcDbRegAppTableRecord
  2
ACDBBLOCKREPETAG
 70
     0
  0
APPID
  5
1345
330
9
100
AcDbSymbolTableRecord
100
AcDbRegAppTableRecord
  2
GENIUS_GE3MANIP_13
 70
     0
  0
APPID
  5
219F
330
9
100
AcDbSymbolTableRecord
100
AcDbRegAppTableRecord
  2
GENIUS_GEFWELD_13
 70
     0
  0
APPID
  5
21A0
330
9
100
AcDbSymbolTableRecord
100
AcDbRegAppTableRecord
  2
GENIUS_GENOBJ-F-WELS_13
 70
     0
  0
APPID
  5
21B5
330
9
100
AcDbSymbolTableRecord
100
AcDbRegAppTableRecord
  2
ACAUTHENVIRON
 70
     0
  0
APPID
  5
21B6
330
9
100
AcDbSymbolTableRecord
100
AcDbRegAppTableRecord
  2
AcDbDynamicBlockTrueName
 70
     0
  0
APPID
  5
21B7
330
9
100
AcDbSymbolTableRecord
100
AcDbRegAppTableRecord
  2
AcDbDynamicBlockGUID
 70
     0
  0
APPID
  5
21B8
330
9
100
AcDbSymbolTableRecord
100
AcDbRegAppTableRecord
  2
AcDbBlockRepBTag
 70
     0
  0
APPID
  5
2273
330
9
100
AcDbSymbolTableRecord
100
AcDbRegAppTableRecord
  2
GENIUS_GENOBJ-N-FIL_13
 70
     0
  0
APPID
  5
3002
330
9
100
AcDbSymbolTableRecord
100
AcDbRegAppTableRecord
  2
ACAD_NAV_VCDISPLAY
 70
     0
  0
ENDTAB
  0
TABLE
  2
DIMSTYLE
  5
A
330
0
100
AcDbSymbolTable
 70
     8
100
AcDbDimStyleTable
 71
     1
340
6F
  0
DIMSTYLE
105
6F
102
{ACAD_REACTORS
330
303A
102
}
330
A
100
AcDbSymbolTableRecord
100
AcDbDimStyleTableRecord
  2
AM_DIN
 70
     0
  4
"
 41
2.5
 42
1.0
 43
10.0
 44
1.0
 47
0.1
 48
0.1
 73
     0
 74
     0
 77
     1
 78
     8
 79
     2
140
2.5
141
0.0
143
0.0393701
146
0.71
147
1.5
172
     1
176
     1
177
     1
178
     7
271
     0
272
     0
283
     0
284
     8
340
11
371
    -1
372
    -1
1001
ACAD_DSTYLE_DIMJAG
1070
   388
1040
1.5
1001
ACAD_DSTYLE_DIMTALN
1070
   392
1070
     0
  0
DIMSTYLE
105
1438
330
A
100
AcDbSymbolTableRecord
100
AcDbDimStyleTableRecord
  2
Standard
 70
     0
340
11
  0
DIMSTYLE
105
304B
330
A
100
AcDbSymbolTableRecord
100
AcDbDimStyleTableRecord
  2
AM_DIN$3
 70
     0
  4
"
 41
2.5
 42
1.0
 43
10.0
 44
1.0
 47
0.1
 48
0.1
 50
90.0
 73
     0
 77
     1
 78
     8
 79
     2
140
2.5
141
0.0
143
0.0393701
146
0.71
147
1.5
176
     1
177
     1
178
     7
271
     0
272
     0
283
     0
284
     8
288
     1
289
     0
340
11
371
    -1
372
    -1
1001
ACAD_DSTYLE_DIMBREAK
1070
   391
1040
3.75
1001
ACAD_DSTYLE_DIMJAG
1070
   388
1040
1.5
  0
DIMSTYLE
105
304C
330
A
100
AcDbSymbolTableRecord
100
AcDbDimStyleTableRecord
  2
AM_DIN$4
 70
     0
  4
"
 41
2.5
 42
1.0
 43
10.0
 44
1.0
 47
0.1
 48
0.1
 50
90.0
 73
     0
 77
     1
 78
     8
 79
     2
140
2.5
141
0.0
143
0.0393701
146
0.71
147
1.5
176
     1
177
     1
178
     7
271
     0
272
     0
283
     0
284
     8
288
     1
289
     0
340
11
371
    -1
372
    -1
1001
ACAD_DSTYLE_DIMBREAK
1070
   391
1040
3.75
1001
ACAD_DSTYLE_DIMJAG
1070
   388
1040
1.5
  0
DIMSTYLE
105
304D
330
A
100
AcDbSymbolTableRecord
100
AcDbDimStyleTableRecord
  2
AM_DIN$6
 70
     0
  4
"
 41
2.5
 42
1.0
 43
10.0
 44
1.0
 47
0.1
 48
0.1
 50
90.0
 73
     0
 74
     0
 78
     8
 79
     2
140
2.5
141
0.0
143
0.0393701
146
0.71
147
1.5
172
     1
176
     1
177
     1
178
     7
271
     0
272
     0
283
     0
284
     8
340
11
371
    -1
372
    -1
1001
ACAD_DSTYLE_DIMBREAK
1070
   391
1040
3.75
1001
ACAD_DSTYLE_DIMJAG
1070
   388
1040
1.5
  0
DIMSTYLE
105
304E
330
A
100
AcDbSymbolTableRecord
100
AcDbDimStyleTableRecord
  2
AM_DIN$7
 70
     0
  4
"
 41
2.5
 42
1.0
 43
10.0
 44
1.0
 47
0.1
 48
0.1
 50
90.0
 73
     0
 74
     0
 77
     1
 78
     8
 79
     2
140
2.5
141
0.0
143
0.0393701
146
0.71
147
1.5
172
     1
176
     1
177
     1
178
     7
271
     0
272
     0
283
     0
284
     8
340
11
371
    -1
372
    -1
1001
ACAD_DSTYLE_DIMBREAK
1070
   391
1040
3.75
1001
ACAD_DSTYLE_DIMJAG
1070
   388
1040
1.5
  0
DIMSTYLE
105
304F
330
A
100
AcDbSymbolTableRecord
100
AcDbDimStyleTableRecord
  2
AM_DIN$SF
 70
     0
  4
"
 41
2.5
 42
1.0
 43
10.0
 44
1.0
 47
0.1
 48
0.1
 50
90.0
 73
     0
 74
     0
 75
     1
 76
     1
 77
     1
 78
     8
 79
     2
140
2.5
141
0.0
143
0.0393701
146
0.71
147
1.5
172
     1
176
     1
177
     1
178
     7
271
     0
272
     0
283
     0
284
     8
340
11
371
    -1
372
    -1
1001
ACAD_DSTYLE_DIMBREAK
1070
   391
1040
3.75
1001
ACAD_DSTYLE_DIMJAG
1070
   388
1040
1.5
  0
DIMSTYLE
105
3054
330
A
100
AcDbSymbolTableRecord
100
AcDbDimStyleTableRecord
  2
AM_DIN$SH
 70
     0
  4
"
 41
2.5
 42
1.0
 43
10.0
 44
1.0
 47
0.1
 48
0.1
 50
90.0
 73
     0
 74
     0
 75
     1
 76
     1
 77
     1
 78
     8
 79
     2
140
2.5
141
0.0
143
0.0393701
144
2.0
146
0.71
147
1.5
172
     1
173
     1
176
     1
177
     1
178
     7
271
     0
272
     0
283
     0
284
     8
340
11
343
3050
371
    -1
372
    -1
1001
ACAD_DSTYLE_DIMBREAK
1070
   391
1040
3.75
1001
ACAD_DSTYLE_DIMJAG
1070
   388
1040
1.5
  0
ENDTAB
  0
TABLE
  2
BLOCK_RECORD
  5
1
330
0
100
AcDbSymbolTable
 70
     3
  0
BLOCK_RECORD
  5
1F
102
{ACAD_XDICTIONARY
360
83
102
}
330
1
100
AcDbSymbolTableRecord
100
AcDbBlockTableRecord
  2
*Model_Space
340
22
 70
     0
280
     1
281
     0
  0
BLOCK_RECORD
  5
27A6
330
1
100
AcDbSymbolTableRecord
100
AcDbBlockTableRecord
  2
*Paper_Space
340
27A7
 70
     0
280
     1
281
     0
  0
BLOCK_RECORD
  5
3050
330
1
100
AcDbSymbolTableRecord
100
AcDbBlockTableRecord
  2
GENAXEH
340
0
 70
     0
280
     1
281
     0
  0
BLOCK_RECORD
  5
3075
330
1
100
AcDbSymbolTableRecord
100
AcDbBlockTableRecord
  2
_ACMFILLED30
340
0
 70
     0
280
     1
281
     0
  0
ENDTAB
  0
ENDSEC
  0
SECTION
  2
BLOCKS
  0
BLOCK
  5
20
330
1F
100
AcDbEntity
  8
0
100
AcDbBlockBegin
  2
*Model_Space
 70
     0
 10
0.0
 20
0.0
 30
0.0
  3
*Model_Space
  1

  0
ENDBLK
  5
21
330
1F
100
AcDbEntity
  8
0
100
AcDbBlockEnd
  0
BLOCK
  5
27A8
330
27A6
100
AcDbEntity
 67
     1
  8
0
100
AcDbBlockBegin
  2
*Paper_Space
 70
     0
 10
0.0
 20
0.0
 30
0.0
  3
*Paper_Space
  1

  0
ENDBLK
  5
27A9
330
27A6
100
AcDbEntity
 67
     1
  8
0
100
AcDbBlockEnd
  0
BLOCK
  5
3052
330
3050
100
AcDbEntity
  8
0
100
AcDbBlockBegin
  2
GENAXEH
 70
     0
 10
0.0
 20
0.0
 30
0.0
  3
GENAXEH
  1

  0
LINE
  5
3051
330
3050
100
AcDbEntity
  8
0
100
AcDbLine
 10
-1.0
 20
0.0
 30
0.0
 11
1.0
 21
0.0
 31
0.0
  0
ENDBLK
  5
3053
330
3050
100
AcDbEntity
  8
0
100
AcDbBlockEnd
  0
BLOCK
  5
3076
330
3075
100
AcDbEntity
  8
0
100
AcDbBlockBegin
  2
_ACMFILLED30
 70
     0
 10
0.0
 20
0.0
 30
0.0
  3
_ACMFILLED30
  1

  0
TRACE
  5
3078
330
3075
100
AcDbEntity
  8
HALFEN
 62
     0
100
AcDbTrace
 10
-1.0
 20
-0.26794919
 30
0.0
 11
-1.0
 21
0.26794919
 31
0.0
 12
0.0
 22
0.0
 32
0.0
 13
0.0
 23
0.0
 33
0.0
  0
ENDBLK
  5
3077
330
3075
100
AcDbEntity
  8
0
100
AcDbBlockEnd
  0
ENDSEC
  0
SECTION
  2
ENTITIES
  0
LINE
  5
29B6
330
1F
100
AcDbEntity
  8
HALFEN
100
AcDbLine
 10
91.25792873505668
 20
183.3984060215828
 30
0.0
 11
286.2579287350567
 21
183.3984060215828
 31
0.0
  0
LINE
  5
29B7
330
1F
100
AcDbEntity
  8
HALFEN
100
AcDbLine
 10
91.25792873505668
 20
193.3984060215826
 30
0.0
 11
286.2579287350567
 21
193.3984060215826
 31
0.0
  0
LINE
  5
29B8
330
1F
100
AcDbEntity
  8
HALFEN
100
AcDbLine
 10
91.25792873505668
 20
211.3984060215828
 30
0.0
 11
286.2579287350567
 21
211.3984060215828
 31
0.0
  0
TEXT
  5
29B9
330
1F
100
AcDbEntity
  8
HALFEN
100
AcDbText
 10
146.2579287350567
 20
203.8984060215828
 30
0.0
 40
5.0
  1
Halfen Gerüstanker HGA  - ZN -  145
  7
ARIAL50
100
AcDbText
  0
TEXT
  5
29BA
330
1F
100
AcDbEntity
  8
HALFEN
100
AcDbText
 10
96.25792873505668
 20
185.8984060215828
 30
0.0
 40
5.0
  1
Id. Nr.
  7
ARIAL50
100
AcDbText
  0
TEXT
  5
29BB
330
1F
100
AcDbEntity
  8
HALFEN
100
AcDbText
 10
96.25792873505668
 20
203.8984060215828
 30
0.0
 40
5.0
  1
Benennung
  7
ARIAL50
100
AcDbText
  0
TEXT
  5
29BC
330
1F
100
AcDbEntity
  8
HALFEN
100
AcDbText
 10
91.25792873505668
 20
213.8984060215828
 30
0.0
 40
5.0
  1
A4
  7
ARIAL50
100
AcDbText
  0
LINE
  5
29BD
330
1F
100
AcDbEntity
  8
HALFEN
100
AcDbLine
 10
91.25792873505668
 20
183.3984060215828
 30
0.0
 11
91.25792873505668
 21
211.3984060215828
 31
0.0
  0
LINE
  5
29BE
330
1F
100
AcDbEntity
  8
HALFEN
100
AcDbLine
 10
141.2579287350567
 20
183.3984060215828
 30
0.0
 11
141.2579287350567
 21
211.3984060215828
 31
0.0
  0
LINE
  5
29BF
330
1F
100
AcDbEntity
  8
HALFEN
100
AcDbLine
 10
286.2579287350567
 20
183.3984060215828
 30
0.0
 11
286.2579287350567
 21
211.3984060215828
 31
0.0
  0
TEXT
  5
29C0
330
1F
100
AcDbEntity
  8
HALFEN
100
AcDbText
 10
146.2579287350567
 20
185.8984060215828
 30
0.0
 40
5.0
  1
0159.020-00002
  7
ARIAL50
100
AcDbText
  0
LINE
  5
29C1
330
1F
100
AcDbEntity
  8
HALFEN
100
AcDbLine
 10
110.0916452197957
 20
171.3984060215828
 30
0.0
 11
217.4242122503177
 21
171.3984060215828
 31
0.0
  0
LINE
  5
29C2
330
1F
100
AcDbEntity
  8
HALFEN
100
AcDbLine
 10
110.0916452197957
 20
155.3984060215828
 30
0.0
 11
217.4242122503177
 21
155.3984060215828
 31
0.0
  0
LINE
  5
29C3
330
1F
100
AcDbEntity
  8
HALFEN
100
AcDbLine
 10
236.2579287350567
 20
170.3984060215828
 30
0.0
 11
236.2579287350567
 21
156.3984060215828
 31
0.0
  0
LINE
  5
29C4
330
1F
100
AcDbEntity
  8
HALFEN
 62
     1
100
AcDbLine
 10
106.2579287350567
 20
169.4077457141743
 30
0.0
 11
106.2579287350567
 21
157.3890663289913
 31
0.0
  0
LINE
  5
29C5
330
1F
100
AcDbEntity
  8
HALFEN
 62
     1
100
AcDbLine
 10
221.2579287350567
 20
169.4077457141743
 30
0.0
 11
221.2579287350567
 21
157.3890663289913
 31
0.0
  0
LINE
  5
29C6
330
1F
100
AcDbEntity
  8
HALFEN
100
AcDbLine
 10
91.25792873505668
 20
170.3984060215828
 30
0.0
 11
106.0420323870105
 21
170.3984060215828
 31
0.0
  0
LINE
  5
29C7
330
1F
100
AcDbEntity
  8
HALFEN
100
AcDbLine
 10
91.25792873505668
 20
156.3984060215828
 30
0.0
 11
106.0420323870105
 21
156.3984060215828
 31
0.0
  0
LINE
  5
29C8
330
1F
100
AcDbEntity
  8
HALFEN
100
AcDbLine
 10
221.4738250831029
 20
170.3984060215828
 30
0.0
 11
238.2579287350567
 21
170.3984060215828
 31
0.0
  0
LINE
  5
29C9
330
1F
100
AcDbEntity
  8
HALFEN
100
AcDbLine
 10
221.4738250831028
 20
156.3984060215828
 30
0.0
 11
238.2579287350567
 21
156.3984060215828
 31
0.0
  0
LINE
  5
29CA
330
1F
100
AcDbEntity
  8
HALFEN
100
AcDbLine
 10
221.0507959033247
 20
170.4592929916035
 30
0.0
 11
218.2702706098742
 21
171.2766320815414
 31
0.0
  0
LINE
  5
29CB
330
1F
100
AcDbEntity
  8
HALFEN
100
AcDbLine
 10
221.0507959033246
 20
156.337519051562
 30
0.0
 11
218.2702706098742
 21
155.5201799616242
 31
0.0
  0
LINE
  5
29CC
330
1F
100
AcDbEntity
  8
HALFEN
100
AcDbLine
 10
106.4650615667888
 20
170.4592929916035
 30
0.0
 11
109.2455868602392
 21
171.2766320815414
 31
0.0
  0
LINE
  5
29CD
330
1F
100
AcDbEntity
  8
HALFEN
100
AcDbLine
 10
106.4650615667887
 20
156.337519051562
 30
0.0
 11
109.2455868602392
 21
155.5201799616242
 31
0.0
  0
ARC
  5
29CE
330
1F
100
AcDbEntity
  8
HALFEN
100
AcDbCircle
 10
110.0916452197957
 20
168.3984060215828
 30
0.0
 40
3.0
100
AcDbArc
 50
90.0
 51
106.3807690285264
  0
ARC
  5
29CF
330
1F
100
AcDbEntity
  8
HALFEN
100
AcDbCircle
 10
110.0916452197957
 20
158.3984060215828
 30
0.0
 40
3.0
100
AcDbArc
 50
253.6192309714736
 51
270.0
  0
ARC
  5
29D0
330
1F
100
AcDbEntity
  8
HALFEN
100
AcDbCircle
 10
217.4242122503177
 20
168.3984060215828
 30
0.0
 40
3.0
100
AcDbArc
 50
73.6192309714736
 51
90.0
  0
ARC
  5
29D1
330
1F
100
AcDbEntity
  8
HALFEN
100
AcDbCircle
 10
217.4242122503177
 20
158.3984060215828
 30
0.0
 40
3.0
100
AcDbArc
 50
270.0
 51
286.3807690285264
  0
ARC
  5
29D2
330
1F
100
AcDbEntity
  8
HALFEN
100
AcDbCircle
 10
221.4738250831029
 20
171.8984060215828
 30
0.0
 40
1.5
100
AcDbArc
 50
253.6192309714736
 51
270.0
  0
ARC
  5
29D3
330
1F
100
AcDbEntity
  8
HALFEN
100
AcDbCircle
 10
221.4738250831028
 20
154.8984060215826
 30
0.0
 40
1.5
100
AcDbArc
 50
90.0
 51
106.3807690285264
  0
ARC
  5
29D4
330
1F
100
AcDbEntity
  8
HALFEN
100
AcDbCircle
 10
106.0420323870105
 20
171.8984060215828
 30
0.0
 40
1.5
100
AcDbArc
 50
270.0
 51
286.3807690285264
  0
ARC
  5
29D5
330
1F
100
AcDbEntity
  8
HALFEN
100
AcDbCircle
 10
106.0420323870105
 20
154.8984060215826
 30
0.0
 40
1.5
100
AcDbArc
 50
73.6192309714736
 51
90.0
  0
LINE
  5
29D6
330
1F
100
AcDbEntity
  8
HALFEN
 62
     1
100
AcDbLine
 10
109.6642567430416
 20
170.3522072115552
 30
0.0
 11
109.6642567430416
 21
156.4446048316103
 31
0.0
  0
LINE
  5
29D7
330
1F
100
AcDbEntity
  8
HALFEN
 62
     1
100
AcDbLine
 10
217.8516007270718
 20
156.4446048316103
 30
0.0
 11
217.8516007270717
 21
170.3522072115552
 31
0.0
  0
LINE
  5
29D8
330
1F
100
AcDbEntity
  8
HALFEN
  6
MITTE2
 62
     1
 48
3.0
100
AcDbLine
 10
196.2579287350567
 20
167.8984060215828
 30
0.0
 11
196.2579287350567
 21
158.8984060215828
 31
0.0
  0
CIRCLE
  5
29D9
330
1F
100
AcDbEntity
  8
HALFEN
100
AcDbCircle
 10
196.2579287350567
 20
163.3984060215828
 30
0.0
 40
3.0
  0
LINE
  5
29DA
330
1F
100
AcDbEntity
  8
HALFEN
100
AcDbLine
 10
91.25792873505668
 20
156.3984060215828
 30
0.0
 11
91.25792873505668
 21
170.3984060215828
 31
0.0
  0
LINE
  5
29DB
330
1F
100
AcDbEntity
  8
HALFEN
100
AcDbLine
 10
198.7579287350567
 20
135.3984060215828
 30
0.0
 11
198.7579287350567
 21
108.3984060215828
 31
0.0
  0
LINE
  5
29DC
330
1F
100
AcDbEntity
  8
HALFEN
100
AcDbLine
 10
198.7579287350567
 20
92.39840602158279
 30
0.0
 11
198.7579287350567
 21
65.3984060215828
 31
0.0
  0
LINE
  5
29DD
330
1F
100
AcDbEntity
  8
HALFEN
100
AcDbLine
 10
193.7579287350567
 20
135.3984060215828
 30
0.0
 11
198.7579287350567
 21
135.3984060215828
 31
0.0
  0
LINE
  5
29DE
330
1F
100
AcDbEntity
  8
HALFEN
100
AcDbLine
 10
193.7579287350567
 20
65.3984060215828
 30
0.0
 11
193.7579287350567
 21
92.39840602158279
 31
0.0
  0
LINE
  5
29DF
330
1F
100
AcDbEntity
  8
HALFEN
100
AcDbLine
 10
193.7579287350567
 20
108.3984060215828
 30
0.0
 11
193.7579287350567
 21
135.3984060215828
 31
0.0
  0
LINE
  5
29E0
330
1F
100
AcDbEntity
  8
HALFEN
100
AcDbLine
 10
193.7579287350567
 20
65.3984060215828
 30
0.0
 11
198.7579287350567
 21
65.3984060215828
 31
0.0
  0
LINE
  5
29E1
330
1F
100
AcDbEntity
  8
HALFEN
100
AcDbLine
 10
238.2579287350567
 20
170.3984060215828
 30
0.0
 11
238.2579287350567
 21
156.3984060215828
 31
0.0
  0
LINE
  5
29E2
330
1F
100
AcDbEntity
  8
HALFEN
 62
     1
100
AcDbLine
 10
237.9579287350567
 20
170.1598868056063
 30
0.0
 11
236.5579287350567
 21
170.1598868056063
 31
0.0
  0
LINE
  5
29E3
330
1F
100
AcDbEntity
  8
HALFEN
 62
     1
100
AcDbLine
 10
237.9579287350567
 20
169.4605838480739
 30
0.0
 11
236.5579287350567
 21
169.4605838480738
 31
0.0
  0
LINE
  5
29E4
330
1F
100
AcDbEntity
  8
HALFEN
 62
     1
100
AcDbLine
 10
237.9579287350567
 20
168.3481534898886
 30
0.0
 11
236.5579287350567
 21
168.3481534898886
 31
0.0
  0
LINE
  5
29E5
330
1F
100
AcDbEntity
  8
HALFEN
 62
     1
100
AcDbLine
 10
237.9579287350567
 20
166.8984060215828
 30
0.0
 11
236.5579287350567
 21
166.8984060215828
 31
0.0
  0
LINE
  5
29E6
330
1F
100
AcDbEntity
  8
HALFEN
 62
     1
100
AcDbLine
 10
237.9579287350567
 20
165.2101393373004
 30
0.0
 11
236.5579287350567
 21
165.2101393373004
 31
0.0
  0
LINE
  5
29E7
330
1F
100
AcDbEntity
  8
HALFEN
 62
     1
100
AcDbLine
 10
237.9579287350567
 20
156.6369252375593
 30
0.0
 11
236.5579287350567
 21
156.6369252375593
 31
0.0
  0
LINE
  5
29E8
330
1F
100
AcDbEntity
  8
HALFEN
 62
     1
100
AcDbLine
 10
237.9579287350567
 20
157.3362281950917
 30
0.0
 11
236.5579287350567
 21
157.3362281950917
 31
0.0
  0
LINE
  5
29E9
330
1F
100
AcDbEntity
  8
HALFEN
 62
     1
100
AcDbLine
 10
237.9579287350567
 20
158.4486585532769
 30
0.0
 11
236.5579287350567
 21
158.4486585532769
 31
0.0
  0
LINE
  5
29EA
330
1F
100
AcDbEntity
  8
HALFEN
 62
     1
100
AcDbLine
 10
237.9579287350567
 20
159.8984060215828
 30
0.0
 11
236.5579287350567
 21
159.8984060215828
 31
0.0
  0
LINE
  5
29EB
330
1F
100
AcDbEntity
  8
HALFEN
 62
     1
100
AcDbLine
 10
237.9579287350567
 20
161.5866727058651
 30
0.0
 11
236.5579287350567
 21
161.5866727058651
 31
0.0
  0
LINE
  5
29EC
330
1F
100
AcDbEntity
  8
HALFEN
  6
MITTE2
 62
     1
 48
6.0
100
AcDbLine
 10
238.2579287350567
 20
163.3984060215828
 30
0.0
 11
91.25792873505668
 21
163.3984060215828
 31
0.0
  0
CIRCLE
  5
29ED
330
1F
100
AcDbEntity
  8
HALFEN
100
AcDbCircle
 10
196.2579287350567
 20
163.3984060215828
 30
0.0
 40
2.5
  0
LINE
  5
29EE
330
1F
100
AcDbEntity
  8
HALFEN
100
AcDbLine
 10
110.0916452197957
 20
108.3984060215828
 30
0.0
 11
217.4242122503177
 21
108.3984060215828
 31
0.0
  0
LINE
  5
29EF
330
1F
100
AcDbEntity
  8
HALFEN
100
AcDbLine
 10
110.0916452197957
 20
92.39840602158279
 30
0.0
 11
217.4242122503177
 21
92.39840602158279
 31
0.0
  0
LINE
  5
29F0
330
1F
100
AcDbEntity
  8
HALFEN
100
AcDbLine
 10
236.2579287350567
 20
107.3984060215828
 30
0.0
 11
236.2579287350567
 21
93.39840602158281
 31
0.0
  0
LINE
  5
29F1
330
1F
100
AcDbEntity
  8
HALFEN
 62
     1
100
AcDbLine
 10
106.2579287350567
 20
106.4077457141743
 30
0.0
 11
106.2579287350567
 21
94.38906632899131
 31
0.0
  0
LINE
  5
29F2
330
1F
100
AcDbEntity
  8
HALFEN
 62
     1
100
AcDbLine
 10
221.2579287350567
 20
106.4077457141742
 30
0.0
 11
221.2579287350567
 21
94.38906632899131
 31
0.0
  0
LINE
  5
29F3
330
1F
100
AcDbEntity
  8
HALFEN
100
AcDbLine
 10
91.25792873505668
 20
107.3984060215828
 30
0.0
 11
106.0420323870105
 21
107.3984060215828
 31
0.0
  0
LINE
  5
29F4
330
1F
100
AcDbEntity
  8
HALFEN
100
AcDbLine
 10
91.25792873505668
 20
93.39840602158281
 30
0.0
 11
106.0420323870105
 21
93.39840602158281
 31
0.0
  0
LINE
  5
29F5
330
1F
100
AcDbEntity
  8
HALFEN
100
AcDbLine
 10
221.4738250831029
 20
107.3984060215827
 30
0.0
 11
238.2579287350567
 21
107.3984060215828
 31
0.0
  0
LINE
  5
29F6
330
1F
100
AcDbEntity
  8
HALFEN
100
AcDbLine
 10
221.4738250831028
 20
93.39840602158281
 30
0.0
 11
238.2579287350567
 21
93.39840602158281
 31
0.0
  0
LINE
  5
29F7
330
1F
100
AcDbEntity
  8
HALFEN
100
AcDbLine
 10
221.0507959033247
 20
107.4592929916035
 30
0.0
 11
218.2702706098742
 21
108.2766320815414
 31
0.0
  0
LINE
  5
29F8
330
1F
100
AcDbEntity
  8
HALFEN
100
AcDbLine
 10
221.0507959033246
 20
93.33751905156209
 30
0.0
 11
218.2702706098742
 21
92.52017996162424
 31
0.0
  0
LINE
  5
29F9
330
1F
100
AcDbEntity
  8
HALFEN
100
AcDbLine
 10
106.4650615667888
 20
107.4592929916035
 30
0.0
 11
109.2455868602392
 21
108.2766320815414
 31
0.0
  0
LINE
  5
29FA
330
1F
100
AcDbEntity
  8
HALFEN
100
AcDbLine
 10
106.4650615667887
 20
93.3375190515621
 30
0.0
 11
109.2455868602392
 21
92.52017996162424
 31
0.0
  0
ARC
  5
29FB
330
1F
100
AcDbEntity
  8
HALFEN
100
AcDbCircle
 10
110.0916452197957
 20
105.3984060215828
 30
0.0
 40
3.0
100
AcDbArc
 50
90.0
 51
106.3807690285263
  0
ARC
  5
29FC
330
1F
100
AcDbEntity
  8
HALFEN
100
AcDbCircle
 10
110.0916452197957
 20
95.3984060215828
 30
0.0
 40
3.0
100
AcDbArc
 50
253.6192309714736
 51
270.0
  0
ARC
  5
29FD
330
1F
100
AcDbEntity
  8
HALFEN
100
AcDbCircle
 10
217.4242122503177
 20
105.3984060215828
 30
0.0
 40
3.0
100
AcDbArc
 50
73.61923097147361
 51
90.0
  0
ARC
  5
29FE
330
1F
100
AcDbEntity
  8
HALFEN
100
AcDbCircle
 10
217.4242122503177
 20
95.3984060215828
 30
0.0
 40
3.0
100
AcDbArc
 50
270.0
 51
286.3807690285264
  0
ARC
  5
29FF
330
1F
100
AcDbEntity
  8
HALFEN
100
AcDbCircle
 10
221.4738250831029
 20
108.8984060215828
 30
0.0
 40
1.5
100
AcDbArc
 50
253.6192309714736
 51
270.0
  0
ARC
  5
2A00
330
1F
100
AcDbEntity
  8
HALFEN
100
AcDbCircle
 10
221.4738250831028
 20
91.8984060215828
 30
0.0
 40
1.5
100
AcDbArc
 50
90.0
 51
106.3807690285263
  0
ARC
  5
2A01
330
1F
100
AcDbEntity
  8
HALFEN
100
AcDbCircle
 10
106.0420323870105
 20
108.8984060215828
 30
0.0
 40
1.5
100
AcDbArc
 50
270.0
 51
286.3807690285264
  0
ARC
  5
2A02
330
1F
100
AcDbEntity
  8
HALFEN
100
AcDbCircle
 10
106.0420323870105
 20
91.8984060215828
 30
0.0
 40
1.5
100
AcDbArc
 50
73.61923097147361
 51
90.0
  0
LINE
  5
2A03
330
1F
100
AcDbEntity
  8
HALFEN
 62
     1
100
AcDbLine
 10
109.6642567430416
 20
107.3522072115552
 30
0.0
 11
109.6642567430416
 21
93.44460483161034
 31
0.0
  0
LINE
  5
2A04
330
1F
100
AcDbEntity
  8
HALFEN
 62
     1
100
AcDbLine
 10
217.8516007270718
 20
93.44460483161034
 30
0.0
 11
217.8516007270717
 21
107.3522072115552
 31
0.0
  0
LINE
  5
2A05
330
1F
100
AcDbEntity
  8
HALFEN
  6
MITTE2
 62
     1
 48
6.0
100
AcDbLine
 10
196.2579287350567
 20
135.3984060215828
 30
0.0
 11
196.2579287350567
 21
65.3984060215828
 31
0.0
  0
LINE
  5
2A06
330
1F
100
AcDbEntity
  8
HALFEN
100
AcDbLine
 10
91.25792873505668
 20
93.39840602158281
 30
0.0
 11
91.25792873505668
 21
107.3984060215828
 31
0.0
  0
LINE
  5
2A07
330
1F
100
AcDbEntity
  8
HALFEN
100
AcDbLine
 10
238.2579287350567
 20
107.3984060215828
 30
0.0
 11
238.2579287350567
 21
93.39840602158281
 31
0.0
  0
LINE
  5
2A08
330
1F
100
AcDbEntity
  8
HALFEN
 62
     1
100
AcDbLine
 10
237.9579287350567
 20
107.1598868056063
 30
0.0
 11
236.5579287350567
 21
107.1598868056063
 31
0.0
  0
LINE
  5
2A09
330
1F
100
AcDbEntity
  8
HALFEN
 62
     1
100
AcDbLine
 10
237.9579287350567
 20
106.4605838480739
 30
0.0
 11
236.5579287350567
 21
106.4605838480737
 31
0.0
  0
LINE
  5
2A0A
330
1F
100
AcDbEntity
  8
HALFEN
 62
     1
100
AcDbLine
 10
237.9579287350567
 20
105.3481534898886
 30
0.0
 11
236.5579287350567
 21
105.3481534898886
 31
0.0
  0
LINE
  5
2A0B
330
1F
100
AcDbEntity
  8
HALFEN
 62
     1
100
AcDbLine
 10
237.9579287350567
 20
103.8984060215828
 30
0.0
 11
236.5579287350567
 21
103.8984060215828
 31
0.0
  0
LINE
  5
2A0C
330
1F
100
AcDbEntity
  8
HALFEN
 62
     1
100
AcDbLine
 10
237.9579287350567
 20
102.2101393373004
 30
0.0
 11
236.5579287350567
 21
102.2101393373004
 31
0.0
  0
LINE
  5
2A0D
330
1F
100
AcDbEntity
  8
HALFEN
 62
     1
100
AcDbLine
 10
237.9579287350567
 20
93.63692523755933
 30
0.0
 11
236.5579287350567
 21
93.63692523755933
 31
0.0
  0
LINE
  5
2A0E
330
1F
100
AcDbEntity
  8
HALFEN
 62
     1
100
AcDbLine
 10
237.9579287350567
 20
94.33622819509173
 30
0.0
 11
236.5579287350567
 21
94.33622819509174
 31
0.0
  0
LINE
  5
2A0F
330
1F
100
AcDbEntity
  8
HALFEN
 62
     1
100
AcDbLine
 10
237.9579287350567
 20
95.44865855327696
 30
0.0
 11
236.5579287350567
 21
95.44865855327696
 31
0.0
  0
LINE
  5
2A10
330
1F
100
AcDbEntity
  8
HALFEN
 62
     1
100
AcDbLine
 10
237.9579287350567
 20
96.8984060215828
 30
0.0
 11
236.5579287350567
 21
96.89840602158286
 31
0.0
  0
LINE
  5
2A11
330
1F
100
AcDbEntity
  8
HALFEN
 62
     1
100
AcDbLine
 10
237.9579287350567
 20
98.58667270586515
 30
0.0
 11
236.5579287350567
 21
98.58667270586515
 31
0.0
  0
LINE
  5
2A12
330
1F
100
AcDbEntity
  8
HALFEN
  6
MITTE2
 62
     1
 48
6.0
100
AcDbLine
 10
238.2579287350567
 20
100.3984060215828
 30
0.0
 11
91.25792873505668
 21
100.3984060215828
 31
0.0
  0
LINE
  5
2A13
330
1F
100
AcDbEntity
  8
HALFEN
100
AcDbLine
 10
328.2579287350567
 20
160.8984060215828
 30
0.0
 11
301.2579287350567
 21
160.8984060215828
 31
0.0
  0
LINE
  5
2A14
330
1F
100
AcDbEntity
  8
HALFEN
100
AcDbLine
 10
285.2579287350567
 20
160.8984060215828
 30
0.0
 11
258.2579287350567
 21
160.8984060215828
 31
0.0
  0
LINE
  5
2A15
330
1F
100
AcDbEntity
  8
HALFEN
100
AcDbLine
 10
328.2579287350567
 20
165.8984060215828
 30
0.0
 11
328.2579287350567
 21
160.8984060215828
 31
0.0
  0
LINE
  5
2A16
330
1F
100
AcDbEntity
  8
HALFEN
100
AcDbLine
 10
258.2579287350567
 20
165.8984060215828
 30
0.0
 11
285.2579287350567
 21
165.8984060215828
 31
0.0
  0
LINE
  5
2A17
330
1F
100
AcDbEntity
  8
HALFEN
100
AcDbLine
 10
301.2579287350567
 20
165.8984060215828
 30
0.0
 11
328.2579287350567
 21
165.8984060215828
 31
0.0
  0
LINE
  5
2A18
330
1F
100
AcDbEntity
  8
HALFEN
100
AcDbLine
 10
258.2579287350567
 20
165.8984060215828
 30
0.0
 11
258.2579287350567
 21
160.8984060215828
 31
0.0
  0
LINE
  5
2A19
330
1F
100
AcDbEntity
  8
HALFEN
  6
MITTE2
 62
     1
 48
6.0
100
AcDbLine
 10
328.2579287350567
 20
163.3984060215828
 30
0.0
 11
258.2579287350567
 21
163.3984060215828
 31
0.0
  0
LINE
  5
2A1A
330
1F
100
AcDbEntity
  8
HALFEN
  6
MITTE2
 62
     1
 48
6.0
100
AcDbLine
 10
293.2579287350567
 20
155.3984060215828
 30
0.0
 11
293.2579287350567
 21
171.3984060215828
 31
0.0
  0
CIRCLE
  5
2A1B
330
1F
100
AcDbEntity
  8
HALFEN
100
AcDbCircle
 10
293.2579287350567
 20
163.3984060215828
 30
0.0
 40
6.999999999999913
  0
CIRCLE
  5
2A1C
330
1F
100
AcDbEntity
  8
HALFEN
100
AcDbCircle
 10
293.2579287350567
 20
163.3984060215828
 30
0.0
 40
8.0
  0
LINE
  5
2A1D
330
1F
100
AcDbEntity
  8
HALFEN
100
AcDbLine
 10
-165.7420712649433
 20
183.3984060215828
 30
0.0
 11
29.25792873505668
 21
183.3984060215828
 31
0.0
  0
LINE
  5
2A1E
330
1F
100
AcDbEntity
  8
HALFEN
100
AcDbLine
 10
-165.7420712649433
 20
193.3984060215826
 30
0.0
 11
29.25792873505668
 21
193.3984060215826
 31
0.0
  0
LINE
  5
2A1F
330
1F
100
AcDbEntity
  8
HALFEN
100
AcDbLine
 10
-165.7420712649433
 20
211.3984060215828
 30
0.0
 11
29.25792873505668
 21
211.3984060215828
 31
0.0
  0
TEXT
  5
2A20
330
1F
100
AcDbEntity
  8
HALFEN
100
AcDbText
 10
-110.7420712649433
 20
203.8984060215828
 30
0.0
 40
5.0
  1
Halfen Gerüstanker HGA  - ZN -  115
  7
ARIAL50
100
AcDbText
  0
TEXT
  5
2A21
330
1F
100
AcDbEntity
  8
HALFEN
100
AcDbText
 10
-160.7420712649433
 20
185.8984060215828
 30
0.0
 40
5.0
  1
Id. Nr.
  7
ARIAL50
100
AcDbText
  0
TEXT
  5
2A22
330
1F
100
AcDbEntity
  8
HALFEN
100
AcDbText
 10
-160.7420712649433
 20
203.8984060215828
 30
0.0
 40
5.0
  1
Benennung
  7
ARIAL50
100
AcDbText
  0
TEXT
  5
2A23
330
1F
100
AcDbEntity
  8
HALFEN
100
AcDbText
 10
-165.7420712649433
 20
213.8984060215828
 30
0.0
 40
5.0
  1
A4
  7
ARIAL50
100
AcDbText
  0
LINE
  5
2A24
330
1F
100
AcDbEntity
  8
HALFEN
100
AcDbLine
 10
-165.7420712649433
 20
183.3984060215828
 30
0.0
 11
-165.7420712649433
 21
211.3984060215828
 31
0.0
  0
LINE
  5
2A25
330
1F
100
AcDbEntity
  8
HALFEN
100
AcDbLine
 10
-115.7420712649433
 20
183.3984060215828
 30
0.0
 11
-115.7420712649433
 21
211.3984060215828
 31
0.0
  0
LINE
  5
2A26
330
1F
100
AcDbEntity
  8
HALFEN
100
AcDbLine
 10
29.25792873505668
 20
183.3984060215828
 30
0.0
 11
29.25792873505668
 21
211.3984060215828
 31
0.0
  0
TEXT
  5
2A27
330
1F
100
AcDbEntity
  8
HALFEN
100
AcDbText
 10
-110.7420712649433
 20
185.8984060215828
 30
0.0
 40
5.0
  1
0159.020-00001
  7
ARIAL50
100
AcDbText
  0
LINE
  5
2A28
330
1F
100
AcDbEntity
  8
HALFEN
100
AcDbLine
 10
-146.9083547802043
 20
171.3984060215828
 30
0.0
 11
-69.57578774968229
 21
171.3984060215828
 31
0.0
  0
LINE
  5
2A29
330
1F
100
AcDbEntity
  8
HALFEN
100
AcDbLine
 10
-146.9083547802043
 20
155.3984060215828
 30
0.0
 11
-69.57578774968225
 21
155.3984060215828
 31
0.0
  0
LINE
  5
2A2A
330
1F
100
AcDbEntity
  8
HALFEN
100
AcDbLine
 10
-50.74207126494332
 20
170.3984060215828
 30
0.0
 11
-50.74207126494332
 21
156.3984060215828
 31
0.0
  0
LINE
  5
2A2B
330
1F
100
AcDbEntity
  8
HALFEN
 62
     1
100
AcDbLine
 10
-150.7420712649433
 20
169.4077457141743
 30
0.0
 11
-150.7420712649433
 21
157.3890663289913
 31
0.0
  0
LINE
  5
2A2C
330
1F
100
AcDbEntity
  8
HALFEN
 62
     1
100
AcDbLine
 10
-65.74207126494332
 20
169.4077457141743
 30
0.0
 11
-65.74207126494332
 21
157.3890663289913
 31
0.0
  0
LINE
  5
2A2D
330
1F
100
AcDbEntity
  8
HALFEN
100
AcDbLine
 10
-165.7420712649433
 20
170.3984060215828
 30
0.0
 11
-150.9579676129894
 21
170.3984060215828
 31
0.0
  0
LINE
  5
2A2E
330
1F
100
AcDbEntity
  8
HALFEN
100
AcDbLine
 10
-165.7420712649433
 20
156.3984060215828
 30
0.0
 11
-150.9579676129895
 21
156.3984060215828
 31
0.0
  0
LINE
  5
2A2F
330
1F
100
AcDbEntity
  8
HALFEN
100
AcDbLine
 10
-65.5261749168971
 20
170.3984060215828
 30
0.0
 11
-48.74207126494332
 21
170.3984060215828
 31
0.0
  0
LINE
  5
2A30
330
1F
100
AcDbEntity
  8
HALFEN
100
AcDbLine
 10
-65.52617491689719
 20
156.3984060215828
 30
0.0
 11
-48.74207126494332
 21
156.3984060215828
 31
0.0
  0
LINE
  5
2A31
330
1F
100
AcDbEntity
  8
HALFEN
100
AcDbLine
 10
-65.94920409667534
 20
170.4592929916035
 30
0.0
 11
-68.72972939012578
 21
171.2766320815414
 31
0.0
  0
LINE
  5
2A32
330
1F
100
AcDbEntity
  8
HALFEN
100
AcDbLine
 10
-65.94920409667543
 20
156.337519051562
 30
0.0
 11
-68.72972939012578
 21
155.5201799616242
 31
0.0
  0
LINE
  5
2A33
330
1F
100
AcDbEntity
  8
HALFEN
100
AcDbLine
 10
-150.5349384332111
 20
170.4592929916035
 30
0.0
 11
-147.7544131397608
 21
171.2766320815414
 31
0.0
  0
LINE
  5
2A34
330
1F
100
AcDbEntity
  8
HALFEN
100
AcDbLine
 10
-150.5349384332111
 20
156.337519051562
 30
0.0
 11
-147.7544131397608
 21
155.5201799616242
 31
0.0
  0
ARC
  5
2A35
330
1F
100
AcDbEntity
  8
HALFEN
100
AcDbCircle
 10
-146.9083547802043
 20
168.3984060215828
 30
0.0
 40
3.0
100
AcDbArc
 50
90.0
 51
106.3807690285264
  0
ARC
  5
2A36
330
1F
100
AcDbEntity
  8
HALFEN
100
AcDbCircle
 10
-146.9083547802043
 20
158.3984060215828
 30
0.0
 40
3.0
100
AcDbArc
 50
253.6192309714736
 51
270.0
  0
ARC
  5
2A37
330
1F
100
AcDbEntity
  8
HALFEN
100
AcDbCircle
 10
-69.57578774968229
 20
168.3984060215828
 30
0.0
 40
3.0
100
AcDbArc
 50
73.61923097147355
 51
90.0
  0
ARC
  5
2A38
330
1F
100
AcDbEntity
  8
HALFEN
100
AcDbCircle
 10
-69.57578774968225
 20
158.3984060215828
 30
0.0
 40
3.0
100
AcDbArc
 50
270.0
 51
286.3807690285264
  0
ARC
  5
2A39
330
1F
100
AcDbEntity
  8
HALFEN
100
AcDbCircle
 10
-65.5261749168971
 20
171.8984060215828
 30
0.0
 40
1.5
100
AcDbArc
 50
253.6192309714736
 51
270.0
  0
ARC
  5
2A3A
330
1F
100
AcDbEntity
  8
HALFEN
100
AcDbCircle
 10
-65.52617491689719
 20
154.8984060215826
 30
0.0
 40
1.5
100
AcDbArc
 50
90.0
 51
106.3807690285264
  0
ARC
  5
2A3B
330
1F
100
AcDbEntity
  8
HALFEN
100
AcDbCircle
 10
-150.9579676129894
 20
171.8984060215828
 30
0.0
 40
1.5
100
AcDbArc
 50
270.0
 51
286.3807690285264
  0
ARC
  5
2A3C
330
1F
100
AcDbEntity
  8
HALFEN
100
AcDbCircle
 10
-150.9579676129895
 20
154.8984060215826
 30
0.0
 40
1.5
100
AcDbArc
 50
73.61923097147361
 51
90.0
  0
LINE
  5
2A3D
330
1F
100
AcDbEntity
  8
HALFEN
 62
     1
100
AcDbLine
 10
-147.3357432569583
 20
170.3522072115552
 30
0.0
 11
-147.3357432569584
 21
156.4446048316103
 31
0.0
  0
LINE
  5
2A3E
330
1F
100
AcDbEntity
  8
HALFEN
 62
     1
100
AcDbLine
 10
-69.1483992729282
 20
156.4446048316103
 30
0.0
 11
-69.14839927292823
 21
170.3522072115552
 31
0.0
  0
LINE
  5
2A3F
330
1F
100
AcDbEntity
  8
HALFEN
  6
MITTE2
 62
     1
 48
3.0
100
AcDbLine
 10
-90.74207126494332
 20
167.8984060215828
 30
0.0
 11
-90.74207126494332
 21
158.8984060215828
 31
0.0
  0
CIRCLE
  5
2A40
330
1F
100
AcDbEntity
  8
HALFEN
100
AcDbCircle
 10
-90.74207126494332
 20
163.3984060215828
 30
0.0
 40
3.0
  0
LINE
  5
2A41
330
1F
100
AcDbEntity
  8
HALFEN
100
AcDbLine
 10
-165.7420712649433
 20
156.3984060215828
 30
0.0
 11
-165.7420712649433
 21
170.3984060215828
 31
0.0
  0
LINE
  5
2A42
330
1F
100
AcDbEntity
  8
HALFEN
100
AcDbLine
 10
-88.24207126494329
 20
135.3984060215828
 30
0.0
 11
-88.24207126494329
 21
108.3984060215828
 31
0.0
  0
LINE
  5
2A43
330
1F
100
AcDbEntity
  8
HALFEN
100
AcDbLine
 10
-88.24207126494332
 20
92.39840602158279
 30
0.0
 11
-88.24207126494329
 21
65.39840602158283
 31
0.0
  0
LINE
  5
2A44
330
1F
100
AcDbEntity
  8
HALFEN
100
AcDbLine
 10
-93.24207126494327
 20
135.3984060215828
 30
0.0
 11
-88.24207126494329
 21
135.3984060215828
 31
0.0
  0
LINE
  5
2A45
330
1F
100
AcDbEntity
  8
HALFEN
100
AcDbLine
 10
-93.24207126494327
 20
65.39840602158283
 30
0.0
 11
-93.24207126494327
 21
92.39840602158279
 31
0.0
  0
LINE
  5
2A46
330
1F
100
AcDbEntity
  8
HALFEN
100
AcDbLine
 10
-93.24207126494327
 20
108.3984060215828
 30
0.0
 11
-93.24207126494327
 21
135.3984060215828
 31
0.0
  0
LINE
  5
2A47
330
1F
100
AcDbEntity
  8
HALFEN
100
AcDbLine
 10
-93.24207126494327
 20
65.39840602158283
 30
0.0
 11
-88.24207126494329
 21
65.39840602158283
 31
0.0
  0
LINE
  5
2A48
330
1F
100
AcDbEntity
  8
HALFEN
100
AcDbLine
 10
-48.74207126494332
 20
170.3984060215828
 30
0.0
 11
-48.74207126494332
 21
156.3984060215828
 31
0.0
  0
LINE
  5
2A49
330
1F
100
AcDbEntity
  8
HALFEN
 62
     1
100
AcDbLine
 10
-49.04207126494333
 20
170.1598868056063
 30
0.0
 11
-50.44207126494331
 21
170.1598868056063
 31
0.0
  0
LINE
  5
2A4A
330
1F
100
AcDbEntity
  8
HALFEN
 62
     1
100
AcDbLine
 10
-49.04207126494333
 20
169.4605838480739
 30
0.0
 11
-50.44207126494331
 21
169.4605838480738
 31
0.0
  0
LINE
  5
2A4B
330
1F
100
AcDbEntity
  8
HALFEN
 62
     1
100
AcDbLine
 10
-49.04207126494333
 20
168.3481534898886
 30
0.0
 11
-50.44207126494331
 21
168.3481534898886
 31
0.0
  0
LINE
  5
2A4C
330
1F
100
AcDbEntity
  8
HALFEN
 62
     1
100
AcDbLine
 10
-49.04207126494333
 20
166.8984060215828
 30
0.0
 11
-50.44207126494331
 21
166.8984060215828
 31
0.0
  0
LINE
  5
2A4D
330
1F
100
AcDbEntity
  8
HALFEN
 62
     1
100
AcDbLine
 10
-49.04207126494333
 20
165.2101393373004
 30
0.0
 11
-50.44207126494331
 21
165.2101393373004
 31
0.0
  0
LINE
  5
2A4E
330
1F
100
AcDbEntity
  8
HALFEN
 62
     1
100
AcDbLine
 10
-49.04207126494333
 20
156.6369252375593
 30
0.0
 11
-50.44207126494331
 21
156.6369252375593
 31
0.0
  0
LINE
  5
2A4F
330
1F
100
AcDbEntity
  8
HALFEN
 62
     1
100
AcDbLine
 10
-49.04207126494333
 20
157.3362281950917
 30
0.0
 11
-50.44207126494331
 21
157.3362281950917
 31
0.0
  0
LINE
  5
2A50
330
1F
100
AcDbEntity
  8
HALFEN
 62
     1
100
AcDbLine
 10
-49.04207126494333
 20
158.4486585532769
 30
0.0
 11
-50.44207126494331
 21
158.4486585532769
 31
0.0
  0
LINE
  5
2A51
330
1F
100
AcDbEntity
  8
HALFEN
 62
     1
100
AcDbLine
 10
-49.04207126494333
 20
159.8984060215828
 30
0.0
 11
-50.44207126494331
 21
159.8984060215828
 31
0.0
  0
LINE
  5
2A52
330
1F
100
AcDbEntity
  8
HALFEN
 62
     1
100
AcDbLine
 10
-49.04207126494333
 20
161.5866727058651
 30
0.0
 11
-50.44207126494331
 21
161.5866727058651
 31
0.0
  0
LINE
  5
2A53
330
1F
100
AcDbEntity
  8
HALFEN
  6
MITTE2
 62
     1
 48
6.0
100
AcDbLine
 10
-48.74207126494332
 20
163.3984060215828
 30
0.0
 11
-165.7420712649433
 21
163.3984060215828
 31
0.0
  0
CIRCLE
  5
2A54
330
1F
100
AcDbEntity
  8
HALFEN
100
AcDbCircle
 10
-90.74207126494332
 20
163.3984060215828
 30
0.0
 40
2.5
  0
LINE
  5
2A55
330
1F
100
AcDbEntity
  8
HALFEN
100
AcDbLine
 10
-146.9083547802043
 20
108.3984060215828
 30
0.0
 11
-69.57578774968225
 21
108.3984060215828
 31
0.0
  0
LINE
  5
2A56
330
1F
100
AcDbEntity
  8
HALFEN
100
AcDbLine
 10
-146.9083547802043
 20
92.39840602158279
 30
0.0
 11
-69.57578774968222
 21
92.39840602158279
 31
0.0
  0
LINE
  5
2A57
330
1F
100
AcDbEntity
  8
HALFEN
100
AcDbLine
 10
-50.74207126494329
 20
107.3984060215828
 30
0.0
 11
-50.74207126494329
 21
93.39840602158281
 31
0.0
  0
LINE
  5
2A58
330
1F
100
AcDbEntity
  8
HALFEN
 62
     1
100
AcDbLine
 10
-150.7420712649433
 20
106.4077457141743
 30
0.0
 11
-150.7420712649433
 21
94.38906632899131
 31
0.0
  0
LINE
  5
2A59
330
1F
100
AcDbEntity
  8
HALFEN
 62
     1
100
AcDbLine
 10
-65.74207126494329
 20
106.4077457141742
 30
0.0
 11
-65.74207126494329
 21
94.38906632899131
 31
0.0
  0
LINE
  5
2A5A
330
1F
100
AcDbEntity
  8
HALFEN
100
AcDbLine
 10
-165.7420712649433
 20
107.3984060215828
 30
0.0
 11
-150.9579676129894
 21
107.3984060215828
 31
0.0
  0
LINE
  5
2A5B
330
1F
100
AcDbEntity
  8
HALFEN
100
AcDbLine
 10
-165.7420712649433
 20
93.39840602158281
 30
0.0
 11
-150.9579676129894
 21
93.39840602158281
 31
0.0
  0
LINE
  5
2A5C
330
1F
100
AcDbEntity
  8
HALFEN
100
AcDbLine
 10
-65.52617491689708
 20
107.3984060215828
 30
0.0
 11
-48.74207126494328
 21
107.3984060215828
 31
0.0
  0
LINE
  5
2A5D
330
1F
100
AcDbEntity
  8
HALFEN
100
AcDbLine
 10
-65.52617491689715
 20
93.39840602158281
 30
0.0
 11
-48.74207126494328
 21
93.39840602158281
 31
0.0
  0
LINE
  5
2A5E
330
1F
100
AcDbEntity
  8
HALFEN
100
AcDbLine
 10
-65.94920409667532
 20
107.4592929916035
 30
0.0
 11
-68.72972939012575
 21
108.2766320815414
 31
0.0
  0
LINE
  5
2A5F
330
1F
100
AcDbEntity
  8
HALFEN
100
AcDbLine
 10
-65.9492040966754
 20
93.33751905156209
 30
0.0
 11
-68.72972939012575
 21
92.52017996162424
 31
0.0
  0
LINE
  5
2A60
330
1F
100
AcDbEntity
  8
HALFEN
100
AcDbLine
 10
-150.5349384332111
 20
107.4592929916035
 30
0.0
 11
-147.7544131397607
 21
108.2766320815414
 31
0.0
  0
LINE
  5
2A61
330
1F
100
AcDbEntity
  8
HALFEN
100
AcDbLine
 10
-150.5349384332111
 20
93.3375190515621
 30
0.0
 11
-147.7544131397607
 21
92.52017996162424
 31
0.0
  0
ARC
  5
2A62
330
1F
100
AcDbEntity
  8
HALFEN
100
AcDbCircle
 10
-146.9083547802043
 20
105.3984060215828
 30
0.0
 40
3.0
100
AcDbArc
 50
90.0
 51
106.3807690285264
  0
ARC
  5
2A63
330
1F
100
AcDbEntity
  8
HALFEN
100
AcDbCircle
 10
-146.9083547802043
 20
95.39840602158282
 30
0.0
 40
3.0
100
AcDbArc
 50
253.6192309714736
 51
270.0
  0
ARC
  5
2A64
330
1F
100
AcDbEntity
  8
HALFEN
100
AcDbCircle
 10
-69.57578774968225
 20
105.3984060215828
 30
0.0
 40
3.0
100
AcDbArc
 50
73.61923097147358
 51
90.0
  0
ARC
  5
2A65
330
1F
100
AcDbEntity
  8
HALFEN
100
AcDbCircle
 10
-69.57578774968222
 20
95.39840602158282
 30
0.0
 40
3.0
100
AcDbArc
 50
270.0
 51
286.3807690285264
  0
ARC
  5
2A66
330
1F
100
AcDbEntity
  8
HALFEN
100
AcDbCircle
 10
-65.52617491689708
 20
108.8984060215828
 30
0.0
 40
1.5
100
AcDbArc
 50
253.6192309714736
 51
270.0
  0
ARC
  5
2A67
330
1F
100
AcDbEntity
  8
HALFEN
100
AcDbCircle
 10
-65.52617491689715
 20
91.89840602158282
 30
0.0
 40
1.5
100
AcDbArc
 50
90.0
 51
106.3807690285264
  0
ARC
  5
2A68
330
1F
100
AcDbEntity
  8
HALFEN
100
AcDbCircle
 10
-150.9579676129894
 20
108.8984060215828
 30
0.0
 40
1.5
100
AcDbArc
 50
270.0
 51
286.3807690285264
  0
ARC
  5
2A69
330
1F
100
AcDbEntity
  8
HALFEN
100
AcDbCircle
 10
-150.9579676129894
 20
91.89840602158282
 30
0.0
 40
1.5
100
AcDbArc
 50
73.61923097147363
 51
90.0
  0
LINE
  5
2A6A
330
1F
100
AcDbEntity
  8
HALFEN
 62
     1
100
AcDbLine
 10
-147.3357432569583
 20
107.3522072115552
 30
0.0
 11
-147.3357432569583
 21
93.44460483161034
 31
0.0
  0
LINE
  5
2A6B
330
1F
100
AcDbEntity
  8
HALFEN
 62
     1
100
AcDbLine
 10
-69.14839927292817
 20
93.44460483161034
 30
0.0
 11
-69.1483992729282
 21
107.3522072115552
 31
0.0
  0
LINE
  5
2A6C
330
1F
100
AcDbEntity
  8
HALFEN
  6
MITTE2
 62
     1
 48
6.0
100
AcDbLine
 10
-90.74207126494327
 20
135.3984060215828
 30
0.0
 11
-90.74207126494327
 21
65.39840602158283
 31
0.0
  0
LINE
  5
2A6D
330
1F
100
AcDbEntity
  8
HALFEN
100
AcDbLine
 10
-165.7420712649433
 20
93.39840602158281
 30
0.0
 11
-165.7420712649433
 21
107.3984060215828
 31
0.0
  0
LINE
  5
2A6E
330
1F
100
AcDbEntity
  8
HALFEN
100
AcDbLine
 10
-48.74207126494328
 20
107.3984060215828
 30
0.0
 11
-48.74207126494328
 21
93.39840602158281
 31
0.0
  0
LINE
  5
2A6F
330
1F
100
AcDbEntity
  8
HALFEN
 62
     1
100
AcDbLine
 10
-49.0420712649433
 20
107.1598868056063
 30
0.0
 11
-50.44207126494328
 21
107.1598868056063
 31
0.0
  0
LINE
  5
2A70
330
1F
100
AcDbEntity
  8
HALFEN
 62
     1
100
AcDbLine
 10
-49.0420712649433
 20
106.4605838480739
 30
0.0
 11
-50.44207126494328
 21
106.4605838480737
 31
0.0
  0
LINE
  5
2A71
330
1F
100
AcDbEntity
  8
HALFEN
 62
     1
100
AcDbLine
 10
-49.0420712649433
 20
105.3481534898886
 30
0.0
 11
-50.44207126494328
 21
105.3481534898886
 31
0.0
  0
LINE
  5
2A72
330
1F
100
AcDbEntity
  8
HALFEN
 62
     1
100
AcDbLine
 10
-49.0420712649433
 20
103.8984060215828
 30
0.0
 11
-50.44207126494328
 21
103.8984060215828
 31
0.0
  0
LINE
  5
2A73
330
1F
100
AcDbEntity
  8
HALFEN
 62
     1
100
AcDbLine
 10
-49.0420712649433
 20
102.2101393373004
 30
0.0
 11
-50.44207126494328
 21
102.2101393373004
 31
0.0
  0
LINE
  5
2A74
330
1F
100
AcDbEntity
  8
HALFEN
 62
     1
100
AcDbLine
 10
-49.0420712649433
 20
93.63692523755933
 30
0.0
 11
-50.44207126494328
 21
93.63692523755933
 31
0.0
  0
LINE
  5
2A75
330
1F
100
AcDbEntity
  8
HALFEN
 62
     1
100
AcDbLine
 10
-49.0420712649433
 20
94.33622819509173
 30
0.0
 11
-50.44207126494328
 21
94.33622819509176
 31
0.0
  0
LINE
  5
2A76
330
1F
100
AcDbEntity
  8
HALFEN
 62
     1
100
AcDbLine
 10
-49.0420712649433
 20
95.44865855327698
 30
0.0
 11
-50.44207126494328
 21
95.44865855327698
 31
0.0
  0
LINE
  5
2A77
330
1F
100
AcDbEntity
  8
HALFEN
 62
     1
100
AcDbLine
 10
-49.0420712649433
 20
96.89840602158282
 30
0.0
 11
-50.44207126494328
 21
96.89840602158286
 31
0.0
  0
LINE
  5
2A78
330
1F
100
AcDbEntity
  8
HALFEN
 62
     1
100
AcDbLine
 10
-49.0420712649433
 20
98.58667270586515
 30
0.0
 11
-50.44207126494328
 21
98.58667270586515
 31
0.0
  0
LINE
  5
2A79
330
1F
100
AcDbEntity
  8
HALFEN
  6
MITTE2
 62
     1
 48
6.0
100
AcDbLine
 10
-48.74207126494328
 20
100.3984060215828
 30
0.0
 11
-165.7420712649433
 21
100.3984060215828
 31
0.0
  0
LINE
  5
2A7A
330
1F
100
AcDbEntity
  8
HALFEN
100
AcDbLine
 10
41.25792873505668
 20
160.8984060215828
 30
0.0
 11
14.25792873505668
 21
160.8984060215828
 31
0.0
  0
LINE
  5
2A7B
330
1F
100
AcDbEntity
  8
HALFEN
100
AcDbLine
 10
-1.742071264943318
 20
160.8984060215828
 30
0.0
 11
-28.74207126494335
 21
160.8984060215828
 31
0.0
  0
LINE
  5
2A7C
330
1F
100
AcDbEntity
  8
HALFEN
100
AcDbLine
 10
41.25792873505668
 20
165.8984060215828
 30
0.0
 11
41.25792873505668
 21
160.8984060215828
 31
0.0
  0
LINE
  5
2A7D
330
1F
100
AcDbEntity
  8
HALFEN
100
AcDbLine
 10
-28.74207126494332
 20
165.8984060215828
 30
0.0
 11
-1.742071264943318
 21
165.8984060215828
 31
0.0
  0
LINE
  5
2A7E
330
1F
100
AcDbEntity
  8
HALFEN
100
AcDbLine
 10
14.25792873505668
 20
165.8984060215828
 30
0.0
 11
41.25792873505668
 21
165.8984060215828
 31
0.0
  0
LINE
  5
2A7F
330
1F
100
AcDbEntity
  8
HALFEN
100
AcDbLine
 10
-28.74207126494332
 20
165.8984060215828
 30
0.0
 11
-28.74207126494335
 21
160.8984060215828
 31
0.0
  0
LINE
  5
2A80
330
1F
100
AcDbEntity
  8
HALFEN
  6
MITTE2
 62
     1
 48
6.0
100
AcDbLine
 10
41.25792873505668
 20
163.3984060215828
 30
0.0
 11
-28.74207126494332
 21
163.3984060215828
 31
0.0
  0
LINE
  5
2A81
330
1F
100
AcDbEntity
  8
HALFEN
  6
MITTE2
 62
     1
 48
6.0
100
AcDbLine
 10
6.257928735056679
 20
155.3984060215828
 30
0.0
 11
6.257928735056679
 21
171.3984060215828
 31
0.0
  0
CIRCLE
  5
2A82
330
1F
100
AcDbEntity
  8
HALFEN
100
AcDbCircle
 10
6.257928735056679
 20
163.3984060215828
 30
0.0
 40
6.999999999999913
  0
CIRCLE
  5
2A83
330
1F
100
AcDbEntity
  8
HALFEN
100
AcDbCircle
 10
6.257928735056679
 20
163.3984060215828
 30
0.0
 40
8.0
  0
LINE
  5
2A84
330
1F
100
AcDbEntity
  8
HALFEN
100
AcDbLine
 10
378.2579287350567
 20
183.3984060215828
 30
0.0
 11
573.2579287350565
 21
183.3984060215828
 31
0.0
  0
LINE
  5
2A85
330
1F
100
AcDbEntity
  8
HALFEN
100
AcDbLine
 10
378.2579287350567
 20
193.3984060215826
 30
0.0
 11
573.2579287350565
 21
193.3984060215826
 31
0.0
  0
LINE
  5
2A86
330
1F
100
AcDbEntity
  8
HALFEN
100
AcDbLine
 10
378.2579287350567
 20
211.3984060215828
 30
0.0
 11
573.2579287350565
 21
211.3984060215828
 31
0.0
  0
TEXT
  5
2A87
330
1F
100
AcDbEntity
  8
HALFEN
100
AcDbText
 10
433.2579287350567
 20
203.8984060215828
 30
0.0
 40
5.0
  1
Halfen Gerüstanker HGA  - ZN -  175
  7
ARIAL50
100
AcDbText
  0
TEXT
  5
2A88
330
1F
100
AcDbEntity
  8
HALFEN
100
AcDbText
 10
383.2579287350567
 20
185.8984060215828
 30
0.0
 40
5.0
  1
Id. Nr.
  7
ARIAL50
100
AcDbText
  0
TEXT
  5
2A89
330
1F
100
AcDbEntity
  8
HALFEN
100
AcDbText
 10
383.2579287350567
 20
203.8984060215828
 30
0.0
 40
5.0
  1
Benennung
  7
ARIAL50
100
AcDbText
  0
TEXT
  5
2A8A
330
1F
100
AcDbEntity
  8
HALFEN
100
AcDbText
 10
378.2579287350567
 20
213.8984060215828
 30
0.0
 40
5.0
  1
A4
  7
ARIAL50
100
AcDbText
  0
LINE
  5
2A8B
330
1F
100
AcDbEntity
  8
HALFEN
100
AcDbLine
 10
378.2579287350567
 20
183.3984060215828
 30
0.0
 11
378.2579287350567
 21
211.3984060215828
 31
0.0
  0
LINE
  5
2A8C
330
1F
100
AcDbEntity
  8
HALFEN
100
AcDbLine
 10
428.2579287350566
 20
183.3984060215828
 30
0.0
 11
428.2579287350566
 21
211.3984060215828
 31
0.0
  0
LINE
  5
2A8D
330
1F
100
AcDbEntity
  8
HALFEN
100
AcDbLine
 10
573.2579287350565
 20
183.3984060215828
 30
0.0
 11
573.2579287350565
 21
211.3984060215828
 31
0.0
  0
TEXT
  5
2A8E
330
1F
100
AcDbEntity
  8
HALFEN
100
AcDbText
 10
433.2579287350567
 20
185.8984060215828
 30
0.0
 40
5.0
  1
0159.020-00003
  7
ARIAL50
100
AcDbText
  0
LINE
  5
2A8F
330
1F
100
AcDbEntity
  8
HALFEN
100
AcDbLine
 10
397.0916452197958
 20
171.3984060215828
 30
0.0
 11
534.4242122503178
 21
171.3984060215828
 31
0.0
  0
LINE
  5
2A90
330
1F
100
AcDbEntity
  8
HALFEN
100
AcDbLine
 10
397.0916452197958
 20
155.3984060215828
 30
0.0
 11
534.4242122503178
 21
155.3984060215828
 31
0.0
  0
LINE
  5
2A91
330
1F
100
AcDbEntity
  8
HALFEN
100
AcDbLine
 10
553.2579287350568
 20
170.3984060215828
 30
0.0
 11
553.2579287350568
 21
156.3984060215828
 31
0.0
  0
LINE
  5
2A92
330
1F
100
AcDbEntity
  8
HALFEN
 62
     1
100
AcDbLine
 10
393.2579287350567
 20
169.4077457141743
 30
0.0
 11
393.2579287350567
 21
157.3890663289913
 31
0.0
  0
LINE
  5
2A93
330
1F
100
AcDbEntity
  8
HALFEN
 62
     1
100
AcDbLine
 10
538.2579287350568
 20
169.4077457141743
 30
0.0
 11
538.2579287350568
 21
157.3890663289913
 31
0.0
  0
LINE
  5
2A94
330
1F
100
AcDbEntity
  8
HALFEN
100
AcDbLine
 10
378.2579287350567
 20
170.3984060215828
 30
0.0
 11
393.0420323870107
 21
170.3984060215828
 31
0.0
  0
LINE
  5
2A95
330
1F
100
AcDbEntity
  8
HALFEN
100
AcDbLine
 10
378.2579287350567
 20
156.3984060215828
 30
0.0
 11
393.0420323870107
 21
156.3984060215828
 31
0.0
  0
LINE
  5
2A96
330
1F
100
AcDbEntity
  8
HALFEN
100
AcDbLine
 10
538.4738250831028
 20
170.3984060215828
 30
0.0
 11
555.2579287350567
 21
170.3984060215828
 31
0.0
  0
LINE
  5
2A97
330
1F
100
AcDbEntity
  8
HALFEN
100
AcDbLine
 10
538.4738250831028
 20
156.3984060215828
 30
0.0
 11
555.2579287350567
 21
156.3984060215828
 31
0.0
  0
LINE
  5
2A98
330
1F
100
AcDbEntity
  8
HALFEN
100
AcDbLine
 10
538.0507959033248
 20
170.4592929916035
 30
0.0
 11
535.2702706098741
 21
171.2766320815414
 31
0.0
  0
LINE
  5
2A99
330
1F
100
AcDbEntity
  8
HALFEN
100
AcDbLine
 10
538.0507959033244
 20
156.337519051562
 30
0.0
 11
535.2702706098741
 21
155.5201799616242
 31
0.0
  0
LINE
  5
2A9A
330
1F
100
AcDbEntity
  8
HALFEN
100
AcDbLine
 10
393.4650615667889
 20
170.4592929916035
 30
0.0
 11
396.2455868602392
 21
171.2766320815414
 31
0.0
  0
LINE
  5
2A9B
330
1F
100
AcDbEntity
  8
HALFEN
100
AcDbLine
 10
393.4650615667889
 20
156.337519051562
 30
0.0
 11
396.2455868602392
 21
155.5201799616242
 31
0.0
  0
ARC
  5
2A9C
330
1F
100
AcDbEntity
  8
HALFEN
100
AcDbCircle
 10
397.0916452197958
 20
168.3984060215828
 30
0.0
 40
3.0
100
AcDbArc
 50
90.0
 51
106.3807690285264
  0
ARC
  5
2A9D
330
1F
100
AcDbEntity
  8
HALFEN
100
AcDbCircle
 10
397.0916452197958
 20
158.3984060215828
 30
0.0
 40
3.0
100
AcDbArc
 50
253.6192309714736
 51
270.0
  0
ARC
  5
2A9E
330
1F
100
AcDbEntity
  8
HALFEN
100
AcDbCircle
 10
534.4242122503178
 20
168.3984060215828
 30
0.0
 40
3.0
100
AcDbArc
 50
73.6192309714736
 51
90.0
  0
ARC
  5
2A9F
330
1F
100
AcDbEntity
  8
HALFEN
100
AcDbCircle
 10
534.4242122503178
 20
158.3984060215828
 30
0.0
 40
3.0
100
AcDbArc
 50
270.0
 51
286.3807690285264
  0
ARC
  5
2AA0
330
1F
100
AcDbEntity
  8
HALFEN
100
AcDbCircle
 10
538.4738250831028
 20
171.8984060215828
 30
0.0
 40
1.5
100
AcDbArc
 50
253.6192309714736
 51
270.0
  0
ARC
  5
2AA1
330
1F
100
AcDbEntity
  8
HALFEN
100
AcDbCircle
 10
538.4738250831028
 20
154.8984060215826
 30
0.0
 40
1.5
100
AcDbArc
 50
90.0
 51
106.3807690285264
  0
ARC
  5
2AA2
330
1F
100
AcDbEntity
  8
HALFEN
100
AcDbCircle
 10
393.0420323870107
 20
171.8984060215828
 30
0.0
 40
1.5
100
AcDbArc
 50
270.0
 51
286.3807690285264
  0
ARC
  5
2AA3
330
1F
100
AcDbEntity
  8
HALFEN
100
AcDbCircle
 10
393.0420323870107
 20
154.8984060215826
 30
0.0
 40
1.5
100
AcDbArc
 50
73.6192309714736
 51
90.0
  0
LINE
  5
2AA4
330
1F
100
AcDbEntity
  8
HALFEN
 62
     1
100
AcDbLine
 10
396.6642567430417
 20
170.3522072115552
 30
0.0
 11
396.6642567430417
 21
156.4446048316103
 31
0.0
  0
LINE
  5
2AA5
330
1F
100
AcDbEntity
  8
HALFEN
 62
     1
100
AcDbLine
 10
534.8516007270718
 20
156.4446048316103
 30
0.0
 11
534.8516007270718
 21
170.3522072115552
 31
0.0
  0
LINE
  5
2AA6
330
1F
100
AcDbEntity
  8
HALFEN
  6
MITTE2
 62
     1
 48
3.0
100
AcDbLine
 10
513.2579287350568
 20
167.8984060215828
 30
0.0
 11
513.2579287350568
 21
158.8984060215828
 31
0.0
  0
CIRCLE
  5
2AA7
330
1F
100
AcDbEntity
  8
HALFEN
100
AcDbCircle
 10
513.2579287350568
 20
163.3984060215828
 30
0.0
 40
3.0
  0
LINE
  5
2AA8
330
1F
100
AcDbEntity
  8
HALFEN
100
AcDbLine
 10
378.2579287350567
 20
156.3984060215828
 30
0.0
 11
378.2579287350567
 21
170.3984060215828
 31
0.0
  0
LINE
  5
2AA9
330
1F
100
AcDbEntity
  8
HALFEN
100
AcDbLine
 10
515.7579287350568
 20
135.3984060215828
 30
0.0
 11
515.7579287350568
 21
108.3984060215828
 31
0.0
  0
LINE
  5
2AAA
330
1F
100
AcDbEntity
  8
HALFEN
100
AcDbLine
 10
515.7579287350568
 20
92.39840602158279
 30
0.0
 11
515.7579287350568
 21
65.3984060215828
 31
0.0
  0
LINE
  5
2AAB
330
1F
100
AcDbEntity
  8
HALFEN
100
AcDbLine
 10
510.7579287350566
 20
135.3984060215828
 30
0.0
 11
515.7579287350568
 21
135.3984060215828
 31
0.0
  0
LINE
  5
2AAC
330
1F
100
AcDbEntity
  8
HALFEN
100
AcDbLine
 10
510.7579287350566
 20
65.3984060215828
 30
0.0
 11
510.7579287350566
 21
92.39840602158279
 31
0.0
  0
LINE
  5
2AAD
330
1F
100
AcDbEntity
  8
HALFEN
100
AcDbLine
 10
510.7579287350566
 20
108.3984060215828
 30
0.0
 11
510.7579287350566
 21
135.3984060215828
 31
0.0
  0
LINE
  5
2AAE
330
1F
100
AcDbEntity
  8
HALFEN
100
AcDbLine
 10
510.7579287350566
 20
65.3984060215828
 30
0.0
 11
515.7579287350568
 21
65.3984060215828
 31
0.0
  0
LINE
  5
2AAF
330
1F
100
AcDbEntity
  8
HALFEN
100
AcDbLine
 10
555.2579287350567
 20
170.3984060215828
 30
0.0
 11
555.2579287350567
 21
156.3984060215828
 31
0.0
  0
LINE
  5
2AB0
330
1F
100
AcDbEntity
  8
HALFEN
 62
     1
100
AcDbLine
 10
554.9579287350566
 20
170.1598868056063
 30
0.0
 11
553.5579287350566
 21
170.1598868056063
 31
0.0
  0
LINE
  5
2AB1
330
1F
100
AcDbEntity
  8
HALFEN
 62
     1
100
AcDbLine
 10
554.9579287350566
 20
169.4605838480739
 30
0.0
 11
553.5579287350566
 21
169.4605838480738
 31
0.0
  0
LINE
  5
2AB2
330
1F
100
AcDbEntity
  8
HALFEN
 62
     1
100
AcDbLine
 10
554.9579287350566
 20
168.3481534898886
 30
0.0
 11
553.5579287350566
 21
168.3481534898886
 31
0.0
  0
LINE
  5
2AB3
330
1F
100
AcDbEntity
  8
HALFEN
 62
     1
100
AcDbLine
 10
554.9579287350566
 20
166.8984060215828
 30
0.0
 11
553.5579287350566
 21
166.8984060215828
 31
0.0
  0
LINE
  5
2AB4
330
1F
100
AcDbEntity
  8
HALFEN
 62
     1
100
AcDbLine
 10
554.9579287350566
 20
165.2101393373004
 30
0.0
 11
553.5579287350566
 21
165.2101393373004
 31
0.0
  0
LINE
  5
2AB5
330
1F
100
AcDbEntity
  8
HALFEN
 62
     1
100
AcDbLine
 10
554.9579287350566
 20
156.6369252375593
 30
0.0
 11
553.5579287350566
 21
156.6369252375593
 31
0.0
  0
LINE
  5
2AB6
330
1F
100
AcDbEntity
  8
HALFEN
 62
     1
100
AcDbLine
 10
554.9579287350566
 20
157.3362281950917
 30
0.0
 11
553.5579287350566
 21
157.3362281950917
 31
0.0
  0
LINE
  5
2AB7
330
1F
100
AcDbEntity
  8
HALFEN
 62
     1
100
AcDbLine
 10
554.9579287350566
 20
158.4486585532769
 30
0.0
 11
553.5579287350566
 21
158.4486585532769
 31
0.0
  0
LINE
  5
2AB8
330
1F
100
AcDbEntity
  8
HALFEN
 62
     1
100
AcDbLine
 10
554.9579287350566
 20
159.8984060215828
 30
0.0
 11
553.5579287350566
 21
159.8984060215828
 31
0.0
  0
LINE
  5
2AB9
330
1F
100
AcDbEntity
  8
HALFEN
 62
     1
100
AcDbLine
 10
554.9579287350566
 20
161.5866727058651
 30
0.0
 11
553.5579287350566
 21
161.5866727058651
 31
0.0
  0
LINE
  5
2ABA
330
1F
100
AcDbEntity
  8
HALFEN
  6
MITTE2
 62
     1
 48
6.0
100
AcDbLine
 10
555.2579287350567
 20
163.3984060215828
 30
0.0
 11
378.2579287350567
 21
163.3984060215828
 31
0.0
  0
CIRCLE
  5
2ABB
330
1F
100
AcDbEntity
  8
HALFEN
100
AcDbCircle
 10
513.2579287350568
 20
163.3984060215828
 30
0.0
 40
2.5
  0
LINE
  5
2ABC
330
1F
100
AcDbEntity
  8
HALFEN
100
AcDbLine
 10
397.0916452197958
 20
108.3984060215828
 30
0.0
 11
534.4242122503178
 21
108.3984060215828
 31
0.0
  0
LINE
  5
2ABD
330
1F
100
AcDbEntity
  8
HALFEN
100
AcDbLine
 10
397.0916452197958
 20
92.39840602158279
 30
0.0
 11
534.4242122503178
 21
92.39840602158279
 31
0.0
  0
LINE
  5
2ABE
330
1F
100
AcDbEntity
  8
HALFEN
100
AcDbLine
 10
553.2579287350568
 20
107.3984060215828
 30
0.0
 11
553.2579287350568
 21
93.39840602158281
 31
0.0
  0
LINE
  5
2ABF
330
1F
100
AcDbEntity
  8
HALFEN
 62
     1
100
AcDbLine
 10
393.2579287350567
 20
106.4077457141743
 30
0.0
 11
393.2579287350567
 21
94.38906632899131
 31
0.0
  0
LINE
  5
2AC0
330
1F
100
AcDbEntity
  8
HALFEN
 62
     1
100
AcDbLine
 10
538.2579287350568
 20
106.4077457141742
 30
0.0
 11
538.2579287350568
 21
94.38906632899131
 31
0.0
  0
LINE
  5
2AC1
330
1F
100
AcDbEntity
  8
HALFEN
100
AcDbLine
 10
378.2579287350567
 20
107.3984060215828
 30
0.0
 11
393.0420323870107
 21
107.3984060215828
 31
0.0
  0
LINE
  5
2AC2
330
1F
100
AcDbEntity
  8
HALFEN
100
AcDbLine
 10
378.2579287350567
 20
93.39840602158281
 30
0.0
 11
393.0420323870107
 21
93.39840602158281
 31
0.0
  0
LINE
  5
2AC3
330
1F
100
AcDbEntity
  8
HALFEN
100
AcDbLine
 10
538.4738250831028
 20
107.3984060215827
 30
0.0
 11
555.2579287350567
 21
107.3984060215828
 31
0.0
  0
LINE
  5
2AC4
330
1F
100
AcDbEntity
  8
HALFEN
100
AcDbLine
 10
538.4738250831028
 20
93.39840602158281
 30
0.0
 11
555.2579287350567
 21
93.39840602158281
 31
0.0
  0
LINE
  5
2AC5
330
1F
100
AcDbEntity
  8
HALFEN
100
AcDbLine
 10
538.0507959033248
 20
107.4592929916035
 30
0.0
 11
535.2702706098741
 21
108.2766320815414
 31
0.0
  0
LINE
  5
2AC6
330
1F
100
AcDbEntity
  8
HALFEN
100
AcDbLine
 10
538.0507959033244
 20
93.33751905156209
 30
0.0
 11
535.2702706098741
 21
92.52017996162424
 31
0.0
  0
LINE
  5
2AC7
330
1F
100
AcDbEntity
  8
HALFEN
100
AcDbLine
 10
393.4650615667889
 20
107.4592929916035
 30
0.0
 11
396.2455868602392
 21
108.2766320815414
 31
0.0
  0
LINE
  5
2AC8
330
1F
100
AcDbEntity
  8
HALFEN
100
AcDbLine
 10
393.4650615667889
 20
93.3375190515621
 30
0.0
 11
396.2455868602392
 21
92.52017996162424
 31
0.0
  0
ARC
  5
2AC9
330
1F
100
AcDbEntity
  8
HALFEN
100
AcDbCircle
 10
397.0916452197958
 20
105.3984060215828
 30
0.0
 40
3.0
100
AcDbArc
 50
90.0
 51
106.3807690285263
  0
ARC
  5
2ACA
330
1F
100
AcDbEntity
  8
HALFEN
100
AcDbCircle
 10
397.0916452197958
 20
95.3984060215828
 30
0.0
 40
3.0
100
AcDbArc
 50
253.6192309714736
 51
270.0
  0
ARC
  5
2ACB
330
1F
100
AcDbEntity
  8
HALFEN
100
AcDbCircle
 10
534.4242122503178
 20
105.3984060215828
 30
0.0
 40
3.0
100
AcDbArc
 50
73.61923097147361
 51
90.0
  0
ARC
  5
2ACC
330
1F
100
AcDbEntity
  8
HALFEN
100
AcDbCircle
 10
534.4242122503178
 20
95.3984060215828
 30
0.0
 40
3.0
100
AcDbArc
 50
270.0
 51
286.3807690285264
  0
ARC
  5
2ACD
330
1F
100
AcDbEntity
  8
HALFEN
100
AcDbCircle
 10
538.4738250831028
 20
108.8984060215828
 30
0.0
 40
1.5
100
AcDbArc
 50
253.6192309714736
 51
270.0
  0
ARC
  5
2ACE
330
1F
100
AcDbEntity
  8
HALFEN
100
AcDbCircle
 10
538.4738250831028
 20
91.8984060215828
 30
0.0
 40
1.5
100
AcDbArc
 50
90.0
 51
106.3807690285263
  0
ARC
  5
2ACF
330
1F
100
AcDbEntity
  8
HALFEN
100
AcDbCircle
 10
393.0420323870107
 20
108.8984060215828
 30
0.0
 40
1.5
100
AcDbArc
 50
270.0
 51
286.3807690285264
  0
ARC
  5
2AD0
330
1F
100
AcDbEntity
  8
HALFEN
100
AcDbCircle
 10
393.0420323870107
 20
91.8984060215828
 30
0.0
 40
1.5
100
AcDbArc
 50
73.61923097147361
 51
90.0
  0
LINE
  5
2AD1
330
1F
100
AcDbEntity
  8
HALFEN
 62
     1
100
AcDbLine
 10
396.6642567430417
 20
107.3522072115552
 30
0.0
 11
396.6642567430417
 21
93.44460483161034
 31
0.0
  0
LINE
  5
2AD2
330
1F
100
AcDbEntity
  8
HALFEN
 62
     1
100
AcDbLine
 10
534.8516007270718
 20
93.44460483161034
 30
0.0
 11
534.8516007270718
 21
107.3522072115552
 31
0.0
  0
LINE
  5
2AD3
330
1F
100
AcDbEntity
  8
HALFEN
  6
MITTE2
 62
     1
 48
6.0
100
AcDbLine
 10
513.2579287350568
 20
135.3984060215828
 30
0.0
 11
513.2579287350568
 21
65.3984060215828
 31
0.0
  0
LINE
  5
2AD4
330
1F
100
AcDbEntity
  8
HALFEN
100
AcDbLine
 10
378.2579287350567
 20
93.39840602158281
 30
0.0
 11
378.2579287350567
 21
107.3984060215828
 31
0.0
  0
LINE
  5
2AD5
330
1F
100
AcDbEntity
  8
HALFEN
100
AcDbLine
 10
555.2579287350567
 20
107.3984060215828
 30
0.0
 11
555.2579287350567
 21
93.39840602158281
 31
0.0
  0
LINE
  5
2AD6
330
1F
100
AcDbEntity
  8
HALFEN
 62
     1
100
AcDbLine
 10
554.9579287350566
 20
107.1598868056063
 30
0.0
 11
553.5579287350566
 21
107.1598868056063
 31
0.0
  0
LINE
  5
2AD7
330
1F
100
AcDbEntity
  8
HALFEN
 62
     1
100
AcDbLine
 10
554.9579287350566
 20
106.4605838480739
 30
0.0
 11
553.5579287350566
 21
106.4605838480737
 31
0.0
  0
LINE
  5
2AD8
330
1F
100
AcDbEntity
  8
HALFEN
 62
     1
100
AcDbLine
 10
554.9579287350566
 20
105.3481534898886
 30
0.0
 11
553.5579287350566
 21
105.3481534898886
 31
0.0
  0
LINE
  5
2AD9
330
1F
100
AcDbEntity
  8
HALFEN
 62
     1
100
AcDbLine
 10
554.9579287350566
 20
103.8984060215828
 30
0.0
 11
553.5579287350566
 21
103.8984060215828
 31
0.0
  0
LINE
  5
2ADA
330
1F
100
AcDbEntity
  8
HALFEN
 62
     1
100
AcDbLine
 10
554.9579287350566
 20
102.2101393373004
 30
0.0
 11
553.5579287350566
 21
102.2101393373004
 31
0.0
  0
LINE
  5
2ADB
330
1F
100
AcDbEntity
  8
HALFEN
 62
     1
100
AcDbLine
 10
554.9579287350566
 20
93.63692523755933
 30
0.0
 11
553.5579287350566
 21
93.63692523755933
 31
0.0
  0
LINE
  5
2ADC
330
1F
100
AcDbEntity
  8
HALFEN
 62
     1
100
AcDbLine
 10
554.9579287350566
 20
94.33622819509173
 30
0.0
 11
553.5579287350566
 21
94.33622819509174
 31
0.0
  0
LINE
  5
2ADD
330
1F
100
AcDbEntity
  8
HALFEN
 62
     1
100
AcDbLine
 10
554.9579287350566
 20
95.44865855327696
 30
0.0
 11
553.5579287350566
 21
95.44865855327696
 31
0.0
  0
LINE
  5
2ADE
330
1F
100
AcDbEntity
  8
HALFEN
 62
     1
100
AcDbLine
 10
554.9579287350566
 20
96.8984060215828
 30
0.0
 11
553.5579287350566
 21
96.89840602158286
 31
0.0
  0
LINE
  5
2ADF
330
1F
100
AcDbEntity
  8
HALFEN
 62
     1
100
AcDbLine
 10
554.9579287350566
 20
98.58667270586515
 30
0.0
 11
553.5579287350566
 21
98.58667270586515
 31
0.0
  0
LINE
  5
2AE0
330
1F
100
AcDbEntity
  8
HALFEN
  6
MITTE2
 62
     1
 48
6.0
100
AcDbLine
 10
555.2579287350567
 20
100.3984060215828
 30
0.0
 11
378.2579287350567
 21
100.3984060215828
 31
0.0
  0
LINE
  5
2AE1
330
1F
100
AcDbEntity
  8
HALFEN
100
AcDbLine
 10
645.2579287350568
 20
160.8984060215828
 30
0.0
 11
618.2579287350567
 21
160.8984060215828
 31
0.0
  0
LINE
  5
2AE2
330
1F
100
AcDbEntity
  8
HALFEN
100
AcDbLine
 10
602.2579287350567
 20
160.8984060215828
 30
0.0
 11
575.2579287350568
 21
160.8984060215828
 31
0.0
  0
LINE
  5
2AE3
330
1F
100
AcDbEntity
  8
HALFEN
100
AcDbLine
 10
645.2579287350568
 20
165.8984060215828
 30
0.0
 11
645.2579287350568
 21
160.8984060215828
 31
0.0
  0
LINE
  5
2AE4
330
1F
100
AcDbEntity
  8
HALFEN
100
AcDbLine
 10
575.2579287350568
 20
165.8984060215828
 30
0.0
 11
602.2579287350567
 21
165.8984060215828
 31
0.0
  0
LINE
  5
2AE5
330
1F
100
AcDbEntity
  8
HALFEN
100
AcDbLine
 10
618.2579287350567
 20
165.8984060215828
 30
0.0
 11
645.2579287350568
 21
165.8984060215828
 31
0.0
  0
LINE
  5
2AE6
330
1F
100
AcDbEntity
  8
HALFEN
100
AcDbLine
 10
575.2579287350568
 20
165.8984060215828
 30
0.0
 11
575.2579287350568
 21
160.8984060215828
 31
0.0
  0
LINE
  5
2AE7
330
1F
100
AcDbEntity
  8
HALFEN
  6
MITTE2
 62
     1
 48
6.0
100
AcDbLine
 10
645.2579287350568
 20
163.3984060215828
 30
0.0
 11
575.2579287350568
 21
163.3984060215828
 31
0.0
  0
LINE
  5
2AE8
330
1F
100
AcDbEntity
  8
HALFEN
  6
MITTE2
 62
     1
 48
6.0
100
AcDbLine
 10
610.2579287350567
 20
155.3984060215828
 30
0.0
 11
610.2579287350567
 21
171.3984060215828
 31
0.0
  0
CIRCLE
  5
2AE9
330
1F
100
AcDbEntity
  8
HALFEN
100
AcDbCircle
 10
610.2579287350567
 20
163.3984060215828
 30
0.0
 40
6.999999999999913
  0
CIRCLE
  5
2AEA
330
1F
100
AcDbEntity
  8
HALFEN
100
AcDbCircle
 10
610.2579287350567
 20
163.3984060215828
 30
0.0
 40
8.0
  0
LINE
  5
2AEB
330
1F
100
AcDbEntity
  8
HALFEN
100
AcDbLine
 10
695.2579287350568
 20
183.3984060215828
 30
0.0
 11
890.2579287350569
 21
183.3984060215828
 31
0.0
  0
LINE
  5
2AEC
330
1F
100
AcDbEntity
  8
HALFEN
100
AcDbLine
 10
695.2579287350568
 20
193.3984060215826
 30
0.0
 11
890.2579287350569
 21
193.3984060215826
 31
0.0
  0
LINE
  5
2AED
330
1F
100
AcDbEntity
  8
HALFEN
100
AcDbLine
 10
695.2579287350568
 20
211.3984060215828
 30
0.0
 11
890.2579287350569
 21
211.3984060215828
 31
0.0
  0
TEXT
  5
2AEE
330
1F
100
AcDbEntity
  8
HALFEN
100
AcDbText
 10
750.2579287350568
 20
203.8984060215828
 30
0.0
 40
5.0
  1
Halfen Gerüstanker HGA  - ZN -  205
  7
ARIAL50
100
AcDbText
  0
TEXT
  5
2AEF
330
1F
100
AcDbEntity
  8
HALFEN
100
AcDbText
 10
700.2579287350568
 20
185.8984060215828
 30
0.0
 40
5.0
  1
Id. Nr.
  7
ARIAL50
100
AcDbText
  0
TEXT
  5
2AF0
330
1F
100
AcDbEntity
  8
HALFEN
100
AcDbText
 10
700.2579287350568
 20
203.8984060215828
 30
0.0
 40
5.0
  1
Benennung
  7
ARIAL50
100
AcDbText
  0
TEXT
  5
2AF1
330
1F
100
AcDbEntity
  8
HALFEN
100
AcDbText
 10
695.2579287350568
 20
213.8984060215828
 30
0.0
 40
5.0
  1
A4
  7
ARIAL50
100
AcDbText
  0
LINE
  5
2AF2
330
1F
100
AcDbEntity
  8
HALFEN
100
AcDbLine
 10
695.2579287350568
 20
183.3984060215828
 30
0.0
 11
695.2579287350568
 21
211.3984060215828
 31
0.0
  0
LINE
  5
2AF3
330
1F
100
AcDbEntity
  8
HALFEN
100
AcDbLine
 10
745.2579287350568
 20
183.3984060215828
 30
0.0
 11
745.2579287350568
 21
211.3984060215828
 31
0.0
  0
LINE
  5
2AF4
330
1F
100
AcDbEntity
  8
HALFEN
100
AcDbLine
 10
890.2579287350569
 20
183.3984060215828
 30
0.0
 11
890.2579287350569
 21
211.3984060215828
 31
0.0
  0
TEXT
  5
2AF5
330
1F
100
AcDbEntity
  8
HALFEN
100
AcDbText
 10
750.2579287350568
 20
185.8984060215828
 30
0.0
 40
5.0
  1
0159.020-00004
  7
ARIAL50
100
AcDbText
  0
LINE
  5
2AF6
330
1F
100
AcDbEntity
  8
HALFEN
100
AcDbLine
 10
714.0916452197957
 20
171.3984060215828
 30
0.0
 11
881.4242122503179
 21
171.3984060215828
 31
0.0
  0
LINE
  5
2AF7
330
1F
100
AcDbEntity
  8
HALFEN
100
AcDbLine
 10
714.0916452197957
 20
155.3984060215828
 30
0.0
 11
881.4242122503179
 21
155.3984060215828
 31
0.0
  0
LINE
  5
2AF8
330
1F
100
AcDbEntity
  8
HALFEN
100
AcDbLine
 10
900.2579287350569
 20
170.3984060215828
 30
0.0
 11
900.2579287350569
 21
156.3984060215828
 31
0.0
  0
LINE
  5
2AF9
330
1F
100
AcDbEntity
  8
HALFEN
 62
     1
100
AcDbLine
 10
710.2579287350567
 20
169.4077457141743
 30
0.0
 11
710.2579287350567
 21
157.3890663289913
 31
0.0
  0
LINE
  5
2AFA
330
1F
100
AcDbEntity
  8
HALFEN
 62
     1
100
AcDbLine
 10
885.2579287350568
 20
169.4077457141743
 30
0.0
 11
885.2579287350568
 21
157.3890663289913
 31
0.0
  0
LINE
  5
2AFB
330
1F
100
AcDbEntity
  8
HALFEN
100
AcDbLine
 10
695.2579287350568
 20
170.3984060215828
 30
0.0
 11
710.0420323870106
 21
170.3984060215828
 31
0.0
  0
LINE
  5
2AFC
330
1F
100
AcDbEntity
  8
HALFEN
100
AcDbLine
 10
695.2579287350568
 20
156.3984060215828
 30
0.0
 11
710.0420323870106
 21
156.3984060215828
 31
0.0
  0
LINE
  5
2AFD
330
1F
100
AcDbEntity
  8
HALFEN
100
AcDbLine
 10
885.4738250831028
 20
170.3984060215828
 30
0.0
 11
902.2579287350568
 21
170.3984060215828
 31
0.0
  0
LINE
  5
2AFE
330
1F
100
AcDbEntity
  8
HALFEN
100
AcDbLine
 10
885.4738250831028
 20
156.3984060215828
 30
0.0
 11
902.2579287350568
 21
156.3984060215828
 31
0.0
  0
LINE
  5
2AFF
330
1F
100
AcDbEntity
  8
HALFEN
100
AcDbLine
 10
885.0507959033249
 20
170.4592929916035
 30
0.0
 11
882.2702706098743
 21
171.2766320815414
 31
0.0
  0
LINE
  5
2B00
330
1F
100
AcDbEntity
  8
HALFEN
100
AcDbLine
 10
885.0507959033247
 20
156.337519051562
 30
0.0
 11
882.2702706098743
 21
155.5201799616242
 31
0.0
  0
LINE
  5
2B01
330
1F
100
AcDbEntity
  8
HALFEN
100
AcDbLine
 10
710.4650615667889
 20
170.4592929916035
 30
0.0
 11
713.2455868602392
 21
171.2766320815414
 31
0.0
  0
LINE
  5
2B02
330
1F
100
AcDbEntity
  8
HALFEN
100
AcDbLine
 10
710.4650615667889
 20
156.337519051562
 30
0.0
 11
713.2455868602392
 21
155.5201799616242
 31
0.0
  0
ARC
  5
2B03
330
1F
100
AcDbEntity
  8
HALFEN
100
AcDbCircle
 10
714.0916452197957
 20
168.3984060215828
 30
0.0
 40
3.0
100
AcDbArc
 50
90.0
 51
106.3807690285264
  0
ARC
  5
2B04
330
1F
100
AcDbEntity
  8
HALFEN
100
AcDbCircle
 10
714.0916452197957
 20
158.3984060215828
 30
0.0
 40
3.0
100
AcDbArc
 50
253.6192309714736
 51
270.0
  0
ARC
  5
2B05
330
1F
100
AcDbEntity
  8
HALFEN
100
AcDbCircle
 10
881.4242122503179
 20
168.3984060215828
 30
0.0
 40
3.0
100
AcDbArc
 50
73.6192309714736
 51
90.0
  0
ARC
  5
2B06
330
1F
100
AcDbEntity
  8
HALFEN
100
AcDbCircle
 10
881.4242122503179
 20
158.3984060215828
 30
0.0
 40
3.0
100
AcDbArc
 50
270.0
 51
286.3807690285264
  0
ARC
  5
2B07
330
1F
100
AcDbEntity
  8
HALFEN
100
AcDbCircle
 10
885.4738250831028
 20
171.8984060215828
 30
0.0
 40
1.5
100
AcDbArc
 50
253.6192309714736
 51
270.0
  0
ARC
  5
2B08
330
1F
100
AcDbEntity
  8
HALFEN
100
AcDbCircle
 10
885.4738250831028
 20
154.8984060215826
 30
0.0
 40
1.5
100
AcDbArc
 50
90.0
 51
106.3807690285264
  0
ARC
  5
2B09
330
1F
100
AcDbEntity
  8
HALFEN
100
AcDbCircle
 10
710.0420323870106
 20
171.8984060215828
 30
0.0
 40
1.5
100
AcDbArc
 50
270.0
 51
286.3807690285264
  0
ARC
  5
2B0A
330
1F
100
AcDbEntity
  8
HALFEN
100
AcDbCircle
 10
710.0420323870106
 20
154.8984060215826
 30
0.0
 40
1.5
100
AcDbArc
 50
73.6192309714736
 51
90.0
  0
LINE
  5
2B0B
330
1F
100
AcDbEntity
  8
HALFEN
 62
     1
100
AcDbLine
 10
713.6642567430417
 20
170.3522072115552
 30
0.0
 11
713.6642567430417
 21
156.4446048316103
 31
0.0
  0
LINE
  5
2B0C
330
1F
100
AcDbEntity
  8
HALFEN
 62
     1
100
AcDbLine
 10
881.8516007270718
 20
156.4446048316103
 30
0.0
 11
881.8516007270718
 21
170.3522072115552
 31
0.0
  0
LINE
  5
2B0D
330
1F
100
AcDbEntity
  8
HALFEN
  6
MITTE2
 62
     1
 48
3.0
100
AcDbLine
 10
860.2579287350568
 20
167.8984060215828
 30
0.0
 11
860.2579287350568
 21
158.8984060215828
 31
0.0
  0
CIRCLE
  5
2B0E
330
1F
100
AcDbEntity
  8
HALFEN
100
AcDbCircle
 10
860.2579287350568
 20
163.3984060215828
 30
0.0
 40
3.0
  0
LINE
  5
2B0F
330
1F
100
AcDbEntity
  8
HALFEN
100
AcDbLine
 10
695.2579287350568
 20
156.3984060215828
 30
0.0
 11
695.2579287350568
 21
170.3984060215828
 31
0.0
  0
LINE
  5
2B10
330
1F
100
AcDbEntity
  8
HALFEN
100
AcDbLine
 10
862.7579287350569
 20
135.3984060215828
 30
0.0
 11
862.7579287350569
 21
108.3984060215828
 31
0.0
  0
LINE
  5
2B11
330
1F
100
AcDbEntity
  8
HALFEN
100
AcDbLine
 10
862.7579287350569
 20
92.39840602158279
 30
0.0
 11
862.7579287350569
 21
65.3984060215828
 31
0.0
  0
LINE
  5
2B12
330
1F
100
AcDbEntity
  8
HALFEN
100
AcDbLine
 10
857.757928735057
 20
135.3984060215828
 30
0.0
 11
862.7579287350569
 21
135.3984060215828
 31
0.0
  0
LINE
  5
2B13
330
1F
100
AcDbEntity
  8
HALFEN
100
AcDbLine
 10
857.757928735057
 20
65.3984060215828
 30
0.0
 11
857.757928735057
 21
92.39840602158279
 31
0.0
  0
LINE
  5
2B14
330
1F
100
AcDbEntity
  8
HALFEN
100
AcDbLine
 10
857.757928735057
 20
108.3984060215828
 30
0.0
 11
857.757928735057
 21
135.3984060215828
 31
0.0
  0
LINE
  5
2B15
330
1F
100
AcDbEntity
  8
HALFEN
100
AcDbLine
 10
857.757928735057
 20
65.3984060215828
 30
0.0
 11
862.7579287350569
 21
65.3984060215828
 31
0.0
  0
LINE
  5
2B16
330
1F
100
AcDbEntity
  8
HALFEN
100
AcDbLine
 10
902.2579287350568
 20
170.3984060215828
 30
0.0
 11
902.2579287350568
 21
156.3984060215828
 31
0.0
  0
LINE
  5
2B17
330
1F
100
AcDbEntity
  8
HALFEN
 62
     1
100
AcDbLine
 10
901.9579287350566
 20
170.1598868056063
 30
0.0
 11
900.5579287350569
 21
170.1598868056063
 31
0.0
  0
LINE
  5
2B18
330
1F
100
AcDbEntity
  8
HALFEN
 62
     1
100
AcDbLine
 10
901.9579287350566
 20
169.4605838480739
 30
0.0
 11
900.5579287350569
 21
169.4605838480738
 31
0.0
  0
LINE
  5
2B19
330
1F
100
AcDbEntity
  8
HALFEN
 62
     1
100
AcDbLine
 10
901.9579287350566
 20
168.3481534898886
 30
0.0
 11
900.5579287350569
 21
168.3481534898886
 31
0.0
  0
LINE
  5
2B1A
330
1F
100
AcDbEntity
  8
HALFEN
 62
     1
100
AcDbLine
 10
901.9579287350566
 20
166.8984060215828
 30
0.0
 11
900.5579287350569
 21
166.8984060215828
 31
0.0
  0
LINE
  5
2B1B
330
1F
100
AcDbEntity
  8
HALFEN
 62
     1
100
AcDbLine
 10
901.9579287350566
 20
165.2101393373004
 30
0.0
 11
900.5579287350569
 21
165.2101393373004
 31
0.0
  0
LINE
  5
2B1C
330
1F
100
AcDbEntity
  8
HALFEN
 62
     1
100
AcDbLine
 10
901.9579287350566
 20
156.6369252375593
 30
0.0
 11
900.5579287350569
 21
156.6369252375593
 31
0.0
  0
LINE
  5
2B1D
330
1F
100
AcDbEntity
  8
HALFEN
 62
     1
100
AcDbLine
 10
901.9579287350566
 20
157.3362281950917
 30
0.0
 11
900.5579287350569
 21
157.3362281950917
 31
0.0
  0
LINE
  5
2B1E
330
1F
100
AcDbEntity
  8
HALFEN
 62
     1
100
AcDbLine
 10
901.9579287350566
 20
158.4486585532769
 30
0.0
 11
900.5579287350569
 21
158.4486585532769
 31
0.0
  0
LINE
  5
2B1F
330
1F
100
AcDbEntity
  8
HALFEN
 62
     1
100
AcDbLine
 10
901.9579287350566
 20
159.8984060215828
 30
0.0
 11
900.5579287350569
 21
159.8984060215828
 31
0.0
  0
LINE
  5
2B20
330
1F
100
AcDbEntity
  8
HALFEN
 62
     1
100
AcDbLine
 10
901.9579287350566
 20
161.5866727058651
 30
0.0
 11
900.5579287350569
 21
161.5866727058651
 31
0.0
  0
LINE
  5
2B21
330
1F
100
AcDbEntity
  8
HALFEN
  6
MITTE2
 62
     1
 48
6.0
100
AcDbLine
 10
902.2579287350568
 20
163.3984060215828
 30
0.0
 11
695.2579287350568
 21
163.3984060215828
 31
0.0
  0
CIRCLE
  5
2B22
330
1F
100
AcDbEntity
  8
HALFEN
100
AcDbCircle
 10
860.2579287350568
 20
163.3984060215828
 30
0.0
 40
2.5
  0
LINE
  5
2B23
330
1F
100
AcDbEntity
  8
HALFEN
100
AcDbLine
 10
714.0916452197957
 20
108.3984060215828
 30
0.0
 11
881.4242122503179
 21
108.3984060215828
 31
0.0
  0
LINE
  5
2B24
330
1F
100
AcDbEntity
  8
HALFEN
100
AcDbLine
 10
714.0916452197957
 20
92.39840602158279
 30
0.0
 11
881.4242122503179
 21
92.39840602158279
 31
0.0
  0
LINE
  5
2B25
330
1F
100
AcDbEntity
  8
HALFEN
100
AcDbLine
 10
900.2579287350569
 20
107.3984060215828
 30
0.0
 11
900.2579287350569
 21
93.39840602158281
 31
0.0
  0
LINE
  5
2B26
330
1F
100
AcDbEntity
  8
HALFEN
 62
     1
100
AcDbLine
 10
710.2579287350567
 20
106.4077457141743
 30
0.0
 11
710.2579287350567
 21
94.38906632899131
 31
0.0
  0
LINE
  5
2B27
330
1F
100
AcDbEntity
  8
HALFEN
 62
     1
100
AcDbLine
 10
885.2579287350568
 20
106.4077457141742
 30
0.0
 11
885.2579287350568
 21
94.38906632899131
 31
0.0
  0
LINE
  5
2B28
330
1F
100
AcDbEntity
  8
HALFEN
100
AcDbLine
 10
695.2579287350568
 20
107.3984060215828
 30
0.0
 11
710.0420323870106
 21
107.3984060215828
 31
0.0
  0
LINE
  5
2B29
330
1F
100
AcDbEntity
  8
HALFEN
100
AcDbLine
 10
695.2579287350568
 20
93.39840602158281
 30
0.0
 11
710.0420323870106
 21
93.39840602158281
 31
0.0
  0
LINE
  5
2B2A
330
1F
100
AcDbEntity
  8
HALFEN
100
AcDbLine
 10
885.4738250831028
 20
107.3984060215827
 30
0.0
 11
902.2579287350568
 21
107.3984060215828
 31
0.0
  0
LINE
  5
2B2B
330
1F
100
AcDbEntity
  8
HALFEN
100
AcDbLine
 10
885.4738250831028
 20
93.39840602158281
 30
0.0
 11
902.2579287350568
 21
93.39840602158281
 31
0.0
  0
LINE
  5
2B2C
330
1F
100
AcDbEntity
  8
HALFEN
100
AcDbLine
 10
885.0507959033249
 20
107.4592929916035
 30
0.0
 11
882.2702706098743
 21
108.2766320815414
 31
0.0
  0
LINE
  5
2B2D
330
1F
100
AcDbEntity
  8
HALFEN
100
AcDbLine
 10
885.0507959033247
 20
93.33751905156209
 30
0.0
 11
882.2702706098743
 21
92.52017996162424
 31
0.0
  0
LINE
  5
2B2E
330
1F
100
AcDbEntity
  8
HALFEN
100
AcDbLine
 10
710.4650615667889
 20
107.4592929916035
 30
0.0
 11
713.2455868602392
 21
108.2766320815414
 31
0.0
  0
LINE
  5
2B2F
330
1F
100
AcDbEntity
  8
HALFEN
100
AcDbLine
 10
710.4650615667889
 20
93.3375190515621
 30
0.0
 11
713.2455868602392
 21
92.52017996162424
 31
0.0
  0
ARC
  5
2B30
330
1F
100
AcDbEntity
  8
HALFEN
100
AcDbCircle
 10
714.0916452197957
 20
105.3984060215828
 30
0.0
 40
3.0
100
AcDbArc
 50
90.0
 51
106.3807690285263
  0
ARC
  5
2B31
330
1F
100
AcDbEntity
  8
HALFEN
100
AcDbCircle
 10
714.0916452197957
 20
95.3984060215828
 30
0.0
 40
3.0
100
AcDbArc
 50
253.6192309714736
 51
270.0
  0
ARC
  5
2B32
330
1F
100
AcDbEntity
  8
HALFEN
100
AcDbCircle
 10
881.4242122503179
 20
105.3984060215828
 30
0.0
 40
3.0
100
AcDbArc
 50
73.61923097147361
 51
90.0
  0
ARC
  5
2B33
330
1F
100
AcDbEntity
  8
HALFEN
100
AcDbCircle
 10
881.4242122503179
 20
95.3984060215828
 30
0.0
 40
3.0
100
AcDbArc
 50
270.0
 51
286.3807690285264
  0
ARC
  5
2B34
330
1F
100
AcDbEntity
  8
HALFEN
100
AcDbCircle
 10
885.4738250831028
 20
108.8984060215828
 30
0.0
 40
1.5
100
AcDbArc
 50
253.6192309714736
 51
270.0
  0
ARC
  5
2B35
330
1F
100
AcDbEntity
  8
HALFEN
100
AcDbCircle
 10
885.4738250831028
 20
91.8984060215828
 30
0.0
 40
1.5
100
AcDbArc
 50
90.0
 51
106.3807690285263
  0
ARC
  5
2B36
330
1F
100
AcDbEntity
  8
HALFEN
100
AcDbCircle
 10
710.0420323870106
 20
108.8984060215828
 30
0.0
 40
1.5
100
AcDbArc
 50
270.0
 51
286.3807690285264
  0
ARC
  5
2B37
330
1F
100
AcDbEntity
  8
HALFEN
100
AcDbCircle
 10
710.0420323870106
 20
91.8984060215828
 30
0.0
 40
1.5
100
AcDbArc
 50
73.61923097147361
 51
90.0
  0
LINE
  5
2B38
330
1F
100
AcDbEntity
  8
HALFEN
 62
     1
100
AcDbLine
 10
713.6642567430417
 20
107.3522072115552
 30
0.0
 11
713.6642567430417
 21
93.44460483161034
 31
0.0
  0
LINE
  5
2B39
330
1F
100
AcDbEntity
  8
HALFEN
 62
     1
100
AcDbLine
 10
881.8516007270718
 20
93.44460483161034
 30
0.0
 11
881.8516007270718
 21
107.3522072115552
 31
0.0
  0
LINE
  5
2B3A
330
1F
100
AcDbEntity
  8
HALFEN
  6
MITTE2
 62
     1
 48
6.0
100
AcDbLine
 10
860.2579287350568
 20
135.3984060215828
 30
0.0
 11
860.2579287350568
 21
65.3984060215828
 31
0.0
  0
LINE
  5
2B3B
330
1F
100
AcDbEntity
  8
HALFEN
100
AcDbLine
 10
695.2579287350568
 20
93.39840602158281
 30
0.0
 11
695.2579287350568
 21
107.3984060215828
 31
0.0
  0
LINE
  5
2B3C
330
1F
100
AcDbEntity
  8
HALFEN
100
AcDbLine
 10
902.2579287350568
 20
107.3984060215828
 30
0.0
 11
902.2579287350568
 21
93.39840602158281
 31
0.0
  0
LINE
  5
2B3D
330
1F
100
AcDbEntity
  8
HALFEN
 62
     1
100
AcDbLine
 10
901.9579287350566
 20
107.1598868056063
 30
0.0
 11
900.5579287350569
 21
107.1598868056063
 31
0.0
  0
LINE
  5
2B3E
330
1F
100
AcDbEntity
  8
HALFEN
 62
     1
100
AcDbLine
 10
901.9579287350566
 20
106.4605838480739
 30
0.0
 11
900.5579287350569
 21
106.4605838480737
 31
0.0
  0
LINE
  5
2B3F
330
1F
100
AcDbEntity
  8
HALFEN
 62
     1
100
AcDbLine
 10
901.9579287350566
 20
105.3481534898886
 30
0.0
 11
900.5579287350569
 21
105.3481534898886
 31
0.0
  0
LINE
  5
2B40
330
1F
100
AcDbEntity
  8
HALFEN
 62
     1
100
AcDbLine
 10
901.9579287350566
 20
103.8984060215828
 30
0.0
 11
900.5579287350569
 21
103.8984060215828
 31
0.0
  0
LINE
  5
2B41
330
1F
100
AcDbEntity
  8
HALFEN
 62
     1
100
AcDbLine
 10
901.9579287350566
 20
102.2101393373004
 30
0.0
 11
900.5579287350569
 21
102.2101393373004
 31
0.0
  0
LINE
  5
2B42
330
1F
100
AcDbEntity
  8
HALFEN
 62
     1
100
AcDbLine
 10
901.9579287350566
 20
93.63692523755933
 30
0.0
 11
900.5579287350569
 21
93.63692523755933
 31
0.0
  0
LINE
  5
2B43
330
1F
100
AcDbEntity
  8
HALFEN
 62
     1
100
AcDbLine
 10
901.9579287350566
 20
94.33622819509173
 30
0.0
 11
900.5579287350569
 21
94.33622819509174
 31
0.0
  0
LINE
  5
2B44
330
1F
100
AcDbEntity
  8
HALFEN
 62
     1
100
AcDbLine
 10
901.9579287350566
 20
95.44865855327696
 30
0.0
 11
900.5579287350569
 21
95.44865855327696
 31
0.0
  0
LINE
  5
2B45
330
1F
100
AcDbEntity
  8
HALFEN
 62
     1
100
AcDbLine
 10
901.9579287350566
 20
96.8984060215828
 30
0.0
 11
900.5579287350569
 21
96.89840602158286
 31
0.0
  0
LINE
  5
2B46
330
1F
100
AcDbEntity
  8
HALFEN
 62
     1
100
AcDbLine
 10
901.9579287350566
 20
98.58667270586515
 30
0.0
 11
900.5579287350569
 21
98.58667270586515
 31
0.0
  0
LINE
  5
2B47
330
1F
100
AcDbEntity
  8
HALFEN
  6
MITTE2
 62
     1
 48
6.0
100
AcDbLine
 10
902.2579287350568
 20
100.3984060215828
 30
0.0
 11
695.2579287350568
 21
100.3984060215828
 31
0.0
  0
LINE
  5
2B48
330
1F
100
AcDbEntity
  8
HALFEN
100
AcDbLine
 10
992.2579287350568
 20
160.8984060215828
 30
0.0
 11
965.2579287350567
 21
160.8984060215828
 31
0.0
  0
LINE
  5
2B49
330
1F
100
AcDbEntity
  8
HALFEN
100
AcDbLine
 10
949.2579287350567
 20
160.8984060215828
 30
0.0
 11
922.2579287350567
 21
160.8984060215828
 31
0.0
  0
LINE
  5
2B4A
330
1F
100
AcDbEntity
  8
HALFEN
100
AcDbLine
 10
992.2579287350568
 20
165.8984060215828
 30
0.0
 11
992.2579287350568
 21
160.8984060215828
 31
0.0
  0
LINE
  5
2B4B
330
1F
100
AcDbEntity
  8
HALFEN
100
AcDbLine
 10
922.2579287350567
 20
165.8984060215828
 30
0.0
 11
949.2579287350567
 21
165.8984060215828
 31
0.0
  0
LINE
  5
2B4C
330
1F
100
AcDbEntity
  8
HALFEN
100
AcDbLine
 10
965.2579287350567
 20
165.8984060215828
 30
0.0
 11
992.2579287350568
 21
165.8984060215828
 31
0.0
  0
LINE
  5
2B4D
330
1F
100
AcDbEntity
  8
HALFEN
100
AcDbLine
 10
922.2579287350567
 20
165.8984060215828
 30
0.0
 11
922.2579287350567
 21
160.8984060215828
 31
0.0
  0
LINE
  5
2B4E
330
1F
100
AcDbEntity
  8
HALFEN
  6
MITTE2
 62
     1
 48
6.0
100
AcDbLine
 10
992.2579287350568
 20
163.3984060215828
 30
0.0
 11
922.2579287350567
 21
163.3984060215828
 31
0.0
  0
LINE
  5
2B4F
330
1F
100
AcDbEntity
  8
HALFEN
  6
MITTE2
 62
     1
 48
6.0
100
AcDbLine
 10
957.2579287350567
 20
155.3984060215828
 30
0.0
 11
957.2579287350567
 21
171.3984060215828
 31
0.0
  0
CIRCLE
  5
2B50
330
1F
100
AcDbEntity
  8
HALFEN
100
AcDbCircle
 10
957.2579287350567
 20
163.3984060215828
 30
0.0
 40
6.999999999999913
  0
CIRCLE
  5
2B51
330
1F
100
AcDbEntity
  8
HALFEN
100
AcDbCircle
 10
957.2579287350567
 20
163.3984060215828
 30
0.0
 40
8.0
  0
LINE
  5
2B83
330
1F
100
AcDbEntity
  8
HALFEN
100
AcDbLine
 10
1042.257928735057
 20
183.3984060215828
 30
0.0
 11
1237.257928735057
 21
183.3984060215828
 31
0.0
  0
LINE
  5
2B84
330
1F
100
AcDbEntity
  8
HALFEN
100
AcDbLine
 10
1042.257928735057
 20
193.3984060215826
 30
0.0
 11
1237.257928735057
 21
193.3984060215826
 31
0.0
  0
LINE
  5
2B85
330
1F
100
AcDbEntity
  8
HALFEN
100
AcDbLine
 10
1042.257928735057
 20
211.3984060215828
 30
0.0
 11
1237.257928735057
 21
211.3984060215828
 31
0.0
  0
TEXT
  5
2B86
330
1F
100
AcDbEntity
  8
HALFEN
100
AcDbText
 10
1097.257928735056
 20
203.8984060215828
 30
0.0
 40
5.0
  1
Halfen Gerüstanker HGA  - ZN -  235
  7
ARIAL50
100
AcDbText
  0
TEXT
  5
2B87
330
1F
100
AcDbEntity
  8
HALFEN
100
AcDbText
 10
1047.257928735056
 20
185.8984060215828
 30
0.0
 40
5.0
  1
Id. Nr.
  7
ARIAL50
100
AcDbText
  0
TEXT
  5
2B88
330
1F
100
AcDbEntity
  8
HALFEN
100
AcDbText
 10
1047.257928735056
 20
203.8984060215828
 30
0.0
 40
5.0
  1
Benennung
  7
ARIAL50
100
AcDbText
  0
TEXT
  5
2B89
330
1F
100
AcDbEntity
  8
HALFEN
100
AcDbText
 10
1042.257928735057
 20
213.8984060215828
 30
0.0
 40
5.0
  1
A4
  7
ARIAL50
100
AcDbText
  0
LINE
  5
2B8A
330
1F
100
AcDbEntity
  8
HALFEN
100
AcDbLine
 10
1042.257928735057
 20
183.3984060215828
 30
0.0
 11
1042.257928735057
 21
211.3984060215828
 31
0.0
  0
LINE
  5
2B8B
330
1F
100
AcDbEntity
  8
HALFEN
100
AcDbLine
 10
1092.257928735057
 20
183.3984060215828
 30
0.0
 11
1092.257928735057
 21
211.3984060215828
 31
0.0
  0
LINE
  5
2B8C
330
1F
100
AcDbEntity
  8
HALFEN
100
AcDbLine
 10
1237.257928735057
 20
183.3984060215828
 30
0.0
 11
1237.257928735057
 21
211.3984060215828
 31
0.0
  0
TEXT
  5
2B8D
330
1F
100
AcDbEntity
  8
HALFEN
100
AcDbText
 10
1097.257928735056
 20
185.8984060215828
 30
0.0
 40
5.0
  1
0159.020-00005
  7
ARIAL50
100
AcDbText
  0
LINE
  5
2B8E
330
1F
100
AcDbEntity
  8
HALFEN
100
AcDbLine
 10
1061.091645219796
 20
171.3984060215828
 30
0.0
 11
1258.424212250318
 21
171.3984060215828
 31
0.0
  0
LINE
  5
2B8F
330
1F
100
AcDbEntity
  8
HALFEN
100
AcDbLine
 10
1061.091645219796
 20
155.3984060215828
 30
0.0
 11
1258.424212250318
 21
155.3984060215828
 31
0.0
  0
LINE
  5
2B90
330
1F
100
AcDbEntity
  8
HALFEN
100
AcDbLine
 10
1277.257928735057
 20
170.3984060215828
 30
0.0
 11
1277.257928735057
 21
156.3984060215828
 31
0.0
  0
LINE
  5
2B91
330
1F
100
AcDbEntity
  8
HALFEN
 62
     1
100
AcDbLine
 10
1057.257928735056
 20
169.4077457141743
 30
0.0
 11
1057.257928735056
 21
157.3890663289913
 31
0.0
  0
LINE
  5
2B92
330
1F
100
AcDbEntity
  8
HALFEN
 62
     1
100
AcDbLine
 10
1262.257928735057
 20
169.4077457141743
 30
0.0
 11
1262.257928735057
 21
157.3890663289913
 31
0.0
  0
LINE
  5
2B93
330
1F
100
AcDbEntity
  8
HALFEN
100
AcDbLine
 10
1042.257928735057
 20
170.3984060215828
 30
0.0
 11
1057.04203238701
 21
170.3984060215828
 31
0.0
  0
LINE
  5
2B94
330
1F
100
AcDbEntity
  8
HALFEN
100
AcDbLine
 10
1042.257928735057
 20
156.3984060215828
 30
0.0
 11
1057.04203238701
 21
156.3984060215828
 31
0.0
  0
LINE
  5
2B95
330
1F
100
AcDbEntity
  8
HALFEN
100
AcDbLine
 10
1262.473825083103
 20
170.3984060215828
 30
0.0
 11
1279.257928735057
 21
170.3984060215828
 31
0.0
  0
LINE
  5
2B96
330
1F
100
AcDbEntity
  8
HALFEN
100
AcDbLine
 10
1262.473825083103
 20
156.3984060215828
 30
0.0
 11
1279.257928735057
 21
156.3984060215828
 31
0.0
  0
LINE
  5
2B97
330
1F
100
AcDbEntity
  8
HALFEN
100
AcDbLine
 10
1262.050795903325
 20
170.4592929916035
 30
0.0
 11
1259.270270609874
 21
171.2766320815414
 31
0.0
  0
LINE
  5
2B98
330
1F
100
AcDbEntity
  8
HALFEN
100
AcDbLine
 10
1262.050795903324
 20
156.337519051562
 30
0.0
 11
1259.270270609874
 21
155.5201799616242
 31
0.0
  0
LINE
  5
2B99
330
1F
100
AcDbEntity
  8
HALFEN
100
AcDbLine
 10
1057.465061566789
 20
170.4592929916035
 30
0.0
 11
1060.245586860239
 21
171.2766320815414
 31
0.0
  0
LINE
  5
2B9A
330
1F
100
AcDbEntity
  8
HALFEN
100
AcDbLine
 10
1057.465061566789
 20
156.337519051562
 30
0.0
 11
1060.245586860239
 21
155.5201799616242
 31
0.0
  0
ARC
  5
2B9B
330
1F
100
AcDbEntity
  8
HALFEN
100
AcDbCircle
 10
1061.091645219796
 20
168.3984060215828
 30
0.0
 40
3.0
100
AcDbArc
 50
90.0
 51
106.3807690285264
  0
ARC
  5
2B9C
330
1F
100
AcDbEntity
  8
HALFEN
100
AcDbCircle
 10
1061.091645219796
 20
158.3984060215828
 30
0.0
 40
3.0
100
AcDbArc
 50
253.6192309714736
 51
270.0
  0
ARC
  5
2B9D
330
1F
100
AcDbEntity
  8
HALFEN
100
AcDbCircle
 10
1258.424212250318
 20
168.3984060215828
 30
0.0
 40
3.0
100
AcDbArc
 50
73.6192309714736
 51
90.0
  0
ARC
  5
2B9E
330
1F
100
AcDbEntity
  8
HALFEN
100
AcDbCircle
 10
1258.424212250318
 20
158.3984060215828
 30
0.0
 40
3.0
100
AcDbArc
 50
270.0
 51
286.3807690285264
  0
ARC
  5
2B9F
330
1F
100
AcDbEntity
  8
HALFEN
100
AcDbCircle
 10
1262.473825083103
 20
171.8984060215828
 30
0.0
 40
1.5
100
AcDbArc
 50
253.6192309714736
 51
270.0
  0
ARC
  5
2BA0
330
1F
100
AcDbEntity
  8
HALFEN
100
AcDbCircle
 10
1262.473825083103
 20
154.8984060215826
 30
0.0
 40
1.5
100
AcDbArc
 50
90.0
 51
106.3807690285264
  0
ARC
  5
2BA1
330
1F
100
AcDbEntity
  8
HALFEN
100
AcDbCircle
 10
1057.04203238701
 20
171.8984060215828
 30
0.0
 40
1.5
100
AcDbArc
 50
270.0
 51
286.3807690285264
  0
ARC
  5
2BA2
330
1F
100
AcDbEntity
  8
HALFEN
100
AcDbCircle
 10
1057.04203238701
 20
154.8984060215826
 30
0.0
 40
1.5
100
AcDbArc
 50
73.6192309714736
 51
90.0
  0
LINE
  5
2BA3
330
1F
100
AcDbEntity
  8
HALFEN
 62
     1
100
AcDbLine
 10
1060.664256743041
 20
170.3522072115552
 30
0.0
 11
1060.664256743041
 21
156.4446048316103
 31
0.0
  0
LINE
  5
2BA4
330
1F
100
AcDbEntity
  8
HALFEN
 62
     1
100
AcDbLine
 10
1258.851600727072
 20
156.4446048316103
 30
0.0
 11
1258.851600727072
 21
170.3522072115552
 31
0.0
  0
LINE
  5
2BA5
330
1F
100
AcDbEntity
  8
HALFEN
  6
MITTE2
 62
     1
 48
3.0
100
AcDbLine
 10
1237.257928735057
 20
167.8984060215828
 30
0.0
 11
1237.257928735057
 21
158.8984060215828
 31
0.0
  0
CIRCLE
  5
2BA6
330
1F
100
AcDbEntity
  8
HALFEN
100
AcDbCircle
 10
1237.257928735057
 20
163.3984060215828
 30
0.0
 40
3.0
  0
LINE
  5
2BA7
330
1F
100
AcDbEntity
  8
HALFEN
100
AcDbLine
 10
1042.257928735057
 20
156.3984060215828
 30
0.0
 11
1042.257928735057
 21
170.3984060215828
 31
0.0
  0
LINE
  5
2BA8
330
1F
100
AcDbEntity
  8
HALFEN
100
AcDbLine
 10
1239.757928735057
 20
135.3984060215828
 30
0.0
 11
1239.757928735057
 21
108.3984060215828
 31
0.0
  0
LINE
  5
2BA9
330
1F
100
AcDbEntity
  8
HALFEN
100
AcDbLine
 10
1239.757928735057
 20
92.39840602158279
 30
0.0
 11
1239.757928735057
 21
65.3984060215828
 31
0.0
  0
LINE
  5
2BAA
330
1F
100
AcDbEntity
  8
HALFEN
100
AcDbLine
 10
1234.757928735057
 20
135.3984060215828
 30
0.0
 11
1239.757928735057
 21
135.3984060215828
 31
0.0
  0
LINE
  5
2BAB
330
1F
100
AcDbEntity
  8
HALFEN
100
AcDbLine
 10
1234.757928735057
 20
65.3984060215828
 30
0.0
 11
1234.757928735057
 21
92.39840602158279
 31
0.0
  0
LINE
  5
2BAC
330
1F
100
AcDbEntity
  8
HALFEN
100
AcDbLine
 10
1234.757928735057
 20
108.3984060215828
 30
0.0
 11
1234.757928735057
 21
135.3984060215828
 31
0.0
  0
LINE
  5
2BAD
330
1F
100
AcDbEntity
  8
HALFEN
100
AcDbLine
 10
1234.757928735057
 20
65.3984060215828
 30
0.0
 11
1239.757928735057
 21
65.3984060215828
 31
0.0
  0
LINE
  5
2BAE
330
1F
100
AcDbEntity
  8
HALFEN
100
AcDbLine
 10
1279.257928735057
 20
170.3984060215828
 30
0.0
 11
1279.257928735057
 21
156.3984060215828
 31
0.0
  0
LINE
  5
2BAF
330
1F
100
AcDbEntity
  8
HALFEN
 62
     1
100
AcDbLine
 10
1278.957928735056
 20
170.1598868056063
 30
0.0
 11
1277.557928735056
 21
170.1598868056063
 31
0.0
  0
LINE
  5
2BB0
330
1F
100
AcDbEntity
  8
HALFEN
 62
     1
100
AcDbLine
 10
1278.957928735056
 20
169.4605838480739
 30
0.0
 11
1277.557928735056
 21
169.4605838480738
 31
0.0
  0
LINE
  5
2BB1
330
1F
100
AcDbEntity
  8
HALFEN
 62
     1
100
AcDbLine
 10
1278.957928735056
 20
168.3481534898886
 30
0.0
 11
1277.557928735056
 21
168.3481534898886
 31
0.0
  0
LINE
  5
2BB2
330
1F
100
AcDbEntity
  8
HALFEN
 62
     1
100
AcDbLine
 10
1278.957928735056
 20
166.8984060215828
 30
0.0
 11
1277.557928735056
 21
166.8984060215828
 31
0.0
  0
LINE
  5
2BB3
330
1F
100
AcDbEntity
  8
HALFEN
 62
     1
100
AcDbLine
 10
1278.957928735056
 20
165.2101393373004
 30
0.0
 11
1277.557928735056
 21
165.2101393373004
 31
0.0
  0
LINE
  5
2BB4
330
1F
100
AcDbEntity
  8
HALFEN
 62
     1
100
AcDbLine
 10
1278.957928735056
 20
156.6369252375593
 30
0.0
 11
1277.557928735056
 21
156.6369252375593
 31
0.0
  0
LINE
  5
2BB5
330
1F
100
AcDbEntity
  8
HALFEN
 62
     1
100
AcDbLine
 10
1278.957928735056
 20
157.3362281950917
 30
0.0
 11
1277.557928735056
 21
157.3362281950917
 31
0.0
  0
LINE
  5
2BB6
330
1F
100
AcDbEntity
  8
HALFEN
 62
     1
100
AcDbLine
 10
1278.957928735056
 20
158.4486585532769
 30
0.0
 11
1277.557928735056
 21
158.4486585532769
 31
0.0
  0
LINE
  5
2BB7
330
1F
100
AcDbEntity
  8
HALFEN
 62
     1
100
AcDbLine
 10
1278.957928735056
 20
159.8984060215828
 30
0.0
 11
1277.557928735056
 21
159.8984060215828
 31
0.0
  0
LINE
  5
2BB8
330
1F
100
AcDbEntity
  8
HALFEN
 62
     1
100
AcDbLine
 10
1278.957928735056
 20
161.5866727058651
 30
0.0
 11
1277.557928735056
 21
161.5866727058651
 31
0.0
  0
LINE
  5
2BB9
330
1F
100
AcDbEntity
  8
HALFEN
  6
MITTE2
 62
     1
 48
6.0
100
AcDbLine
 10
1279.257928735057
 20
163.3984060215828
 30
0.0
 11
1042.257928735057
 21
163.3984060215828
 31
0.0
  0
CIRCLE
  5
2BBA
330
1F
100
AcDbEntity
  8
HALFEN
100
AcDbCircle
 10
1237.257928735057
 20
163.3984060215828
 30
0.0
 40
2.5
  0
LINE
  5
2BBB
330
1F
100
AcDbEntity
  8
HALFEN
100
AcDbLine
 10
1061.091645219796
 20
108.3984060215828
 30
0.0
 11
1258.424212250318
 21
108.3984060215828
 31
0.0
  0
LINE
  5
2BBC
330
1F
100
AcDbEntity
  8
HALFEN
100
AcDbLine
 10
1061.091645219796
 20
92.39840602158279
 30
0.0
 11
1258.424212250318
 21
92.39840602158279
 31
0.0
  0
LINE
  5
2BBD
330
1F
100
AcDbEntity
  8
HALFEN
100
AcDbLine
 10
1277.257928735057
 20
107.3984060215828
 30
0.0
 11
1277.257928735057
 21
93.39840602158281
 31
0.0
  0
LINE
  5
2BBE
330
1F
100
AcDbEntity
  8
HALFEN
 62
     1
100
AcDbLine
 10
1057.257928735056
 20
106.4077457141743
 30
0.0
 11
1057.257928735056
 21
94.38906632899131
 31
0.0
  0
LINE
  5
2BBF
330
1F
100
AcDbEntity
  8
HALFEN
 62
     1
100
AcDbLine
 10
1262.257928735057
 20
106.4077457141742
 30
0.0
 11
1262.257928735057
 21
94.38906632899131
 31
0.0
  0
LINE
  5
2BC0
330
1F
100
AcDbEntity
  8
HALFEN
100
AcDbLine
 10
1042.257928735057
 20
107.3984060215828
 30
0.0
 11
1057.04203238701
 21
107.3984060215828
 31
0.0
  0
LINE
  5
2BC1
330
1F
100
AcDbEntity
  8
HALFEN
100
AcDbLine
 10
1042.257928735057
 20
93.39840602158281
 30
0.0
 11
1057.04203238701
 21
93.39840602158281
 31
0.0
  0
LINE
  5
2BC2
330
1F
100
AcDbEntity
  8
HALFEN
100
AcDbLine
 10
1262.473825083103
 20
107.3984060215827
 30
0.0
 11
1279.257928735057
 21
107.3984060215828
 31
0.0
  0
LINE
  5
2BC3
330
1F
100
AcDbEntity
  8
HALFEN
100
AcDbLine
 10
1262.473825083103
 20
93.39840602158281
 30
0.0
 11
1279.257928735057
 21
93.39840602158281
 31
0.0
  0
LINE
  5
2BC4
330
1F
100
AcDbEntity
  8
HALFEN
100
AcDbLine
 10
1262.050795903325
 20
107.4592929916035
 30
0.0
 11
1259.270270609874
 21
108.2766320815414
 31
0.0
  0
LINE
  5
2BC5
330
1F
100
AcDbEntity
  8
HALFEN
100
AcDbLine
 10
1262.050795903324
 20
93.33751905156209
 30
0.0
 11
1259.270270609874
 21
92.52017996162424
 31
0.0
  0
LINE
  5
2BC6
330
1F
100
AcDbEntity
  8
HALFEN
100
AcDbLine
 10
1057.465061566789
 20
107.4592929916035
 30
0.0
 11
1060.245586860239
 21
108.2766320815414
 31
0.0
  0
LINE
  5
2BC7
330
1F
100
AcDbEntity
  8
HALFEN
100
AcDbLine
 10
1057.465061566789
 20
93.3375190515621
 30
0.0
 11
1060.245586860239
 21
92.52017996162424
 31
0.0
  0
ARC
  5
2BC8
330
1F
100
AcDbEntity
  8
HALFEN
100
AcDbCircle
 10
1061.091645219796
 20
105.3984060215828
 30
0.0
 40
3.0
100
AcDbArc
 50
90.0
 51
106.3807690285263
  0
ARC
  5
2BC9
330
1F
100
AcDbEntity
  8
HALFEN
100
AcDbCircle
 10
1061.091645219796
 20
95.3984060215828
 30
0.0
 40
3.0
100
AcDbArc
 50
253.6192309714736
 51
270.0
  0
ARC
  5
2BCA
330
1F
100
AcDbEntity
  8
HALFEN
100
AcDbCircle
 10
1258.424212250318
 20
105.3984060215828
 30
0.0
 40
3.0
100
AcDbArc
 50
73.61923097147361
 51
90.0
  0
ARC
  5
2BCB
330
1F
100
AcDbEntity
  8
HALFEN
100
AcDbCircle
 10
1258.424212250318
 20
95.3984060215828
 30
0.0
 40
3.0
100
AcDbArc
 50
270.0
 51
286.3807690285264
  0
ARC
  5
2BCC
330
1F
100
AcDbEntity
  8
HALFEN
100
AcDbCircle
 10
1262.473825083103
 20
108.8984060215828
 30
0.0
 40
1.5
100
AcDbArc
 50
253.6192309714736
 51
270.0
  0
ARC
  5
2BCD
330
1F
100
AcDbEntity
  8
HALFEN
100
AcDbCircle
 10
1262.473825083103
 20
91.8984060215828
 30
0.0
 40
1.5
100
AcDbArc
 50
90.0
 51
106.3807690285263
  0
ARC
  5
2BCE
330
1F
100
AcDbEntity
  8
HALFEN
100
AcDbCircle
 10
1057.04203238701
 20
108.8984060215828
 30
0.0
 40
1.5
100
AcDbArc
 50
270.0
 51
286.3807690285264
  0
ARC
  5
2BCF
330
1F
100
AcDbEntity
  8
HALFEN
100
AcDbCircle
 10
1057.04203238701
 20
91.8984060215828
 30
0.0
 40
1.5
100
AcDbArc
 50
73.61923097147361
 51
90.0
  0
LINE
  5
2BD0
330
1F
100
AcDbEntity
  8
HALFEN
 62
     1
100
AcDbLine
 10
1060.664256743041
 20
107.3522072115552
 30
0.0
 11
1060.664256743041
 21
93.44460483161034
 31
0.0
  0
LINE
  5
2BD1
330
1F
100
AcDbEntity
  8
HALFEN
 62
     1
100
AcDbLine
 10
1258.851600727072
 20
93.44460483161034
 30
0.0
 11
1258.851600727072
 21
107.3522072115552
 31
0.0
  0
LINE
  5
2BD2
330
1F
100
AcDbEntity
  8
HALFEN
  6
MITTE2
 62
     1
 48
6.0
100
AcDbLine
 10
1237.257928735057
 20
135.3984060215828
 30
0.0
 11
1237.257928735057
 21
65.3984060215828
 31
0.0
  0
LINE
  5
2BD3
330
1F
100
AcDbEntity
  8
HALFEN
100
AcDbLine
 10
1042.257928735057
 20
93.39840602158281
 30
0.0
 11
1042.257928735057
 21
107.3984060215828
 31
0.0
  0
LINE
  5
2BD4
330
1F
100
AcDbEntity
  8
HALFEN
100
AcDbLine
 10
1279.257928735057
 20
107.3984060215828
 30
0.0
 11
1279.257928735057
 21
93.39840602158281
 31
0.0
  0
LINE
  5
2BD5
330
1F
100
AcDbEntity
  8
HALFEN
 62
     1
100
AcDbLine
 10
1278.957928735056
 20
107.1598868056063
 30
0.0
 11
1277.557928735056
 21
107.1598868056063
 31
0.0
  0
LINE
  5
2BD6
330
1F
100
AcDbEntity
  8
HALFEN
 62
     1
100
AcDbLine
 10
1278.957928735056
 20
106.4605838480739
 30
0.0
 11
1277.557928735056
 21
106.4605838480737
 31
0.0
  0
LINE
  5
2BD7
330
1F
100
AcDbEntity
  8
HALFEN
 62
     1
100
AcDbLine
 10
1278.957928735056
 20
105.3481534898886
 30
0.0
 11
1277.557928735056
 21
105.3481534898886
 31
0.0
  0
LINE
  5
2BD8
330
1F
100
AcDbEntity
  8
HALFEN
 62
     1
100
AcDbLine
 10
1278.957928735056
 20
103.8984060215828
 30
0.0
 11
1277.557928735056
 21
103.8984060215828
 31
0.0
  0
LINE
  5
2BD9
330
1F
100
AcDbEntity
  8
HALFEN
 62
     1
100
AcDbLine
 10
1278.957928735056
 20
102.2101393373004
 30
0.0
 11
1277.557928735056
 21
102.2101393373004
 31
0.0
  0
LINE
  5
2BDA
330
1F
100
AcDbEntity
  8
HALFEN
 62
     1
100
AcDbLine
 10
1278.957928735056
 20
93.63692523755933
 30
0.0
 11
1277.557928735056
 21
93.63692523755933
 31
0.0
  0
LINE
  5
2BDB
330
1F
100
AcDbEntity
  8
HALFEN
 62
     1
100
AcDbLine
 10
1278.957928735056
 20
94.33622819509173
 30
0.0
 11
1277.557928735056
 21
94.33622819509174
 31
0.0
  0
LINE
  5
2BDC
330
1F
100
AcDbEntity
  8
HALFEN
 62
     1
100
AcDbLine
 10
1278.957928735056
 20
95.44865855327696
 30
0.0
 11
1277.557928735056
 21
95.44865855327696
 31
0.0
  0
LINE
  5
2BDD
330
1F
100
AcDbEntity
  8
HALFEN
 62
     1
100
AcDbLine
 10
1278.957928735056
 20
96.8984060215828
 30
0.0
 11
1277.557928735056
 21
96.89840602158286
 31
0.0
  0
LINE
  5
2BDE
330
1F
100
AcDbEntity
  8
HALFEN
 62
     1
100
AcDbLine
 10
1278.957928735056
 20
98.58667270586515
 30
0.0
 11
1277.557928735056
 21
98.58667270586515
 31
0.0
  0
LINE
  5
2BDF
330
1F
100
AcDbEntity
  8
HALFEN
  6
MITTE2
 62
     1
 48
6.0
100
AcDbLine
 10
1279.257928735057
 20
100.3984060215828
 30
0.0
 11
1042.257928735057
 21
100.3984060215828
 31
0.0
  0
LINE
  5
2BE0
330
1F
100
AcDbEntity
  8
HALFEN
100
AcDbLine
 10
1369.257928735056
 20
160.8984060215828
 30
0.0
 11
1342.257928735056
 21
160.8984060215828
 31
0.0
  0
LINE
  5
2BE1
330
1F
100
AcDbEntity
  8
HALFEN
100
AcDbLine
 10
1326.257928735056
 20
160.8984060215828
 30
0.0
 11
1299.257928735056
 21
160.8984060215828
 31
0.0
  0
LINE
  5
2BE2
330
1F
100
AcDbEntity
  8
HALFEN
100
AcDbLine
 10
1369.257928735056
 20
165.8984060215828
 30
0.0
 11
1369.257928735056
 21
160.8984060215828
 31
0.0
  0
LINE
  5
2BE3
330
1F
100
AcDbEntity
  8
HALFEN
100
AcDbLine
 10
1299.257928735056
 20
165.8984060215828
 30
0.0
 11
1326.257928735056
 21
165.8984060215828
 31
0.0
  0
LINE
  5
2BE4
330
1F
100
AcDbEntity
  8
HALFEN
100
AcDbLine
 10
1342.257928735056
 20
165.8984060215828
 30
0.0
 11
1369.257928735056
 21
165.8984060215828
 31
0.0
  0
LINE
  5
2BE5
330
1F
100
AcDbEntity
  8
HALFEN
100
AcDbLine
 10
1299.257928735056
 20
165.8984060215828
 30
0.0
 11
1299.257928735056
 21
160.8984060215828
 31
0.0
  0
LINE
  5
2BE6
330
1F
100
AcDbEntity
  8
HALFEN
  6
MITTE2
 62
     1
 48
6.0
100
AcDbLine
 10
1369.257928735056
 20
163.3984060215828
 30
0.0
 11
1299.257928735056
 21
163.3984060215828
 31
0.0
  0
LINE
  5
2BE7
330
1F
100
AcDbEntity
  8
HALFEN
  6
MITTE2
 62
     1
 48
6.0
100
AcDbLine
 10
1334.257928735056
 20
155.3984060215828
 30
0.0
 11
1334.257928735056
 21
171.3984060215828
 31
0.0
  0
CIRCLE
  5
2BE8
330
1F
100
AcDbEntity
  8
HALFEN
100
AcDbCircle
 10
1334.257928735056
 20
163.3984060215828
 30
0.0
 40
6.999999999999913
  0
CIRCLE
  5
2BE9
330
1F
100
AcDbEntity
  8
HALFEN
100
AcDbCircle
 10
1334.257928735056
 20
163.3984060215828
 30
0.0
 40
8.0
  0
LINE
  5
2BEC
330
1F
100
AcDbEntity
  8
HALFEN
100
AcDbLine
 10
1419.257928735056
 20
183.3984060215828
 30
0.0
 11
1614.257928735056
 21
183.3984060215828
 31
0.0
  0
LINE
  5
2BED
330
1F
100
AcDbEntity
  8
HALFEN
100
AcDbLine
 10
1419.257928735056
 20
193.3984060215826
 30
0.0
 11
1614.257928735056
 21
193.3984060215826
 31
0.0
  0
LINE
  5
2BEE
330
1F
100
AcDbEntity
  8
HALFEN
100
AcDbLine
 10
1419.257928735056
 20
211.3984060215828
 30
0.0
 11
1614.257928735056
 21
211.3984060215828
 31
0.0
  0
TEXT
  5
2BEF
330
1F
100
AcDbEntity
  8
HALFEN
100
AcDbText
 10
1474.257928735056
 20
203.8984060215828
 30
0.0
 40
5.0
  1
Halfen Gerüstanker HGA  - ZN -  265
  7
ARIAL50
100
AcDbText
  0
TEXT
  5
2BF0
330
1F
100
AcDbEntity
  8
HALFEN
100
AcDbText
 10
1424.257928735056
 20
185.8984060215828
 30
0.0
 40
5.0
  1
Id. Nr.
  7
ARIAL50
100
AcDbText
  0
TEXT
  5
2BF1
330
1F
100
AcDbEntity
  8
HALFEN
100
AcDbText
 10
1424.257928735056
 20
203.8984060215828
 30
0.0
 40
5.0
  1
Benennung
  7
ARIAL50
100
AcDbText
  0
TEXT
  5
2BF2
330
1F
100
AcDbEntity
  8
HALFEN
100
AcDbText
 10
1419.257928735056
 20
213.8984060215828
 30
0.0
 40
5.0
  1
A4
  7
ARIAL50
100
AcDbText
  0
LINE
  5
2BF3
330
1F
100
AcDbEntity
  8
HALFEN
100
AcDbLine
 10
1419.257928735056
 20
183.3984060215828
 30
0.0
 11
1419.257928735056
 21
211.3984060215828
 31
0.0
  0
LINE
  5
2BF4
330
1F
100
AcDbEntity
  8
HALFEN
100
AcDbLine
 10
1469.257928735056
 20
183.3984060215828
 30
0.0
 11
1469.257928735056
 21
211.3984060215828
 31
0.0
  0
LINE
  5
2BF5
330
1F
100
AcDbEntity
  8
HALFEN
100
AcDbLine
 10
1614.257928735056
 20
183.3984060215828
 30
0.0
 11
1614.257928735056
 21
211.3984060215828
 31
0.0
  0
TEXT
  5
2BF6
330
1F
100
AcDbEntity
  8
HALFEN
100
AcDbText
 10
1474.257928735056
 20
185.8984060215828
 30
0.0
 40
5.0
  1
0159.020-00006
  7
ARIAL50
100
AcDbText
  0
LINE
  5
2BF7
330
1F
100
AcDbEntity
  8
HALFEN
100
AcDbLine
 10
1438.091645219795
 20
171.3984060215828
 30
0.0
 11
1665.424212250317
 21
171.3984060215828
 31
0.0
  0
LINE
  5
2BF8
330
1F
100
AcDbEntity
  8
HALFEN
100
AcDbLine
 10
1438.091645219795
 20
155.3984060215828
 30
0.0
 11
1665.424212250317
 21
155.3984060215828
 31
0.0
  0
LINE
  5
2BF9
330
1F
100
AcDbEntity
  8
HALFEN
100
AcDbLine
 10
1684.257928735056
 20
170.3984060215828
 30
0.0
 11
1684.257928735056
 21
156.3984060215828
 31
0.0
  0
LINE
  5
2BFA
330
1F
100
AcDbEntity
  8
HALFEN
 62
     1
100
AcDbLine
 10
1434.257928735056
 20
169.4077457141743
 30
0.0
 11
1434.257928735056
 21
157.3890663289913
 31
0.0
  0
LINE
  5
2BFB
330
1F
100
AcDbEntity
  8
HALFEN
 62
     1
100
AcDbLine
 10
1669.257928735056
 20
169.4077457141743
 30
0.0
 11
1669.257928735056
 21
157.3890663289913
 31
0.0
  0
LINE
  5
2BFC
330
1F
100
AcDbEntity
  8
HALFEN
100
AcDbLine
 10
1419.257928735056
 20
170.3984060215828
 30
0.0
 11
1434.04203238701
 21
170.3984060215828
 31
0.0
  0
LINE
  5
2BFD
330
1F
100
AcDbEntity
  8
HALFEN
100
AcDbLine
 10
1419.257928735056
 20
156.3984060215828
 30
0.0
 11
1434.04203238701
 21
156.3984060215828
 31
0.0
  0
LINE
  5
2BFE
330
1F
100
AcDbEntity
  8
HALFEN
100
AcDbLine
 10
1669.473825083102
 20
170.3984060215828
 30
0.0
 11
1686.257928735056
 21
170.3984060215828
 31
0.0
  0
LINE
  5
2BFF
330
1F
100
AcDbEntity
  8
HALFEN
100
AcDbLine
 10
1669.473825083102
 20
156.3984060215828
 30
0.0
 11
1686.257928735056
 21
156.3984060215828
 31
0.0
  0
LINE
  5
2C00
330
1F
100
AcDbEntity
  8
HALFEN
100
AcDbLine
 10
1669.050795903324
 20
170.4592929916035
 30
0.0
 11
1666.270270609873
 21
171.2766320815414
 31
0.0
  0
LINE
  5
2C01
330
1F
100
AcDbEntity
  8
HALFEN
100
AcDbLine
 10
1669.050795903324
 20
156.337519051562
 30
0.0
 11
1666.270270609873
 21
155.5201799616242
 31
0.0
  0
LINE
  5
2C02
330
1F
100
AcDbEntity
  8
HALFEN
100
AcDbLine
 10
1434.465061566788
 20
170.4592929916035
 30
0.0
 11
1437.245586860238
 21
171.2766320815414
 31
0.0
  0
LINE
  5
2C03
330
1F
100
AcDbEntity
  8
HALFEN
100
AcDbLine
 10
1434.465061566788
 20
156.337519051562
 30
0.0
 11
1437.245586860238
 21
155.5201799616242
 31
0.0
  0
ARC
  5
2C04
330
1F
100
AcDbEntity
  8
HALFEN
100
AcDbCircle
 10
1438.091645219795
 20
168.3984060215828
 30
0.0
 40
3.0
100
AcDbArc
 50
90.0
 51
106.3807690285264
  0
ARC
  5
2C05
330
1F
100
AcDbEntity
  8
HALFEN
100
AcDbCircle
 10
1438.091645219795
 20
158.3984060215828
 30
0.0
 40
3.0
100
AcDbArc
 50
253.6192309714736
 51
270.0
  0
ARC
  5
2C06
330
1F
100
AcDbEntity
  8
HALFEN
100
AcDbCircle
 10
1665.424212250317
 20
168.3984060215828
 30
0.0
 40
3.0
100
AcDbArc
 50
73.6192309714736
 51
90.0
  0
ARC
  5
2C07
330
1F
100
AcDbEntity
  8
HALFEN
100
AcDbCircle
 10
1665.424212250317
 20
158.3984060215828
 30
0.0
 40
3.0
100
AcDbArc
 50
270.0
 51
286.3807690285264
  0
ARC
  5
2C08
330
1F
100
AcDbEntity
  8
HALFEN
100
AcDbCircle
 10
1669.473825083102
 20
171.8984060215828
 30
0.0
 40
1.5
100
AcDbArc
 50
253.6192309714736
 51
270.0
  0
ARC
  5
2C09
330
1F
100
AcDbEntity
  8
HALFEN
100
AcDbCircle
 10
1669.473825083102
 20
154.8984060215826
 30
0.0
 40
1.5
100
AcDbArc
 50
90.0
 51
106.3807690285264
  0
ARC
  5
2C0A
330
1F
100
AcDbEntity
  8
HALFEN
100
AcDbCircle
 10
1434.04203238701
 20
171.8984060215828
 30
0.0
 40
1.5
100
AcDbArc
 50
270.0
 51
286.3807690285264
  0
ARC
  5
2C0B
330
1F
100
AcDbEntity
  8
HALFEN
100
AcDbCircle
 10
1434.04203238701
 20
154.8984060215826
 30
0.0
 40
1.5
100
AcDbArc
 50
73.6192309714736
 51
90.0
  0
LINE
  5
2C0C
330
1F
100
AcDbEntity
  8
HALFEN
 62
     1
100
AcDbLine
 10
1437.664256743041
 20
170.3522072115552
 30
0.0
 11
1437.664256743041
 21
156.4446048316103
 31
0.0
  0
LINE
  5
2C0D
330
1F
100
AcDbEntity
  8
HALFEN
 62
     1
100
AcDbLine
 10
1665.851600727071
 20
156.4446048316103
 30
0.0
 11
1665.851600727071
 21
170.3522072115552
 31
0.0
  0
LINE
  5
2C0E
330
1F
100
AcDbEntity
  8
HALFEN
  6
MITTE2
 62
     1
 48
3.0
100
AcDbLine
 10
1644.257928735056
 20
167.8984060215828
 30
0.0
 11
1644.257928735056
 21
158.8984060215828
 31
0.0
  0
CIRCLE
  5
2C0F
330
1F
100
AcDbEntity
  8
HALFEN
100
AcDbCircle
 10
1644.257928735056
 20
163.3984060215828
 30
0.0
 40
3.0
  0
LINE
  5
2C10
330
1F
100
AcDbEntity
  8
HALFEN
100
AcDbLine
 10
1419.257928735056
 20
156.3984060215828
 30
0.0
 11
1419.257928735056
 21
170.3984060215828
 31
0.0
  0
LINE
  5
2C11
330
1F
100
AcDbEntity
  8
HALFEN
100
AcDbLine
 10
1646.757928735056
 20
135.3984060215828
 30
0.0
 11
1646.757928735056
 21
108.3984060215828
 31
0.0
  0
LINE
  5
2C12
330
1F
100
AcDbEntity
  8
HALFEN
100
AcDbLine
 10
1646.757928735056
 20
92.39840602158279
 30
0.0
 11
1646.757928735056
 21
65.39840602158278
 31
0.0
  0
LINE
  5
2C13
330
1F
100
AcDbEntity
  8
HALFEN
100
AcDbLine
 10
1641.757928735056
 20
135.3984060215828
 30
0.0
 11
1646.757928735056
 21
135.3984060215828
 31
0.0
  0
LINE
  5
2C14
330
1F
100
AcDbEntity
  8
HALFEN
100
AcDbLine
 10
1641.757928735056
 20
65.39840602158278
 30
0.0
 11
1641.757928735056
 21
92.39840602158279
 31
0.0
  0
LINE
  5
2C15
330
1F
100
AcDbEntity
  8
HALFEN
100
AcDbLine
 10
1641.757928735056
 20
108.3984060215828
 30
0.0
 11
1641.757928735056
 21
135.3984060215828
 31
0.0
  0
LINE
  5
2C16
330
1F
100
AcDbEntity
  8
HALFEN
100
AcDbLine
 10
1641.757928735056
 20
65.39840602158278
 30
0.0
 11
1646.757928735056
 21
65.39840602158278
 31
0.0
  0
LINE
  5
2C17
330
1F
100
AcDbEntity
  8
HALFEN
100
AcDbLine
 10
1686.257928735056
 20
170.3984060215828
 30
0.0
 11
1686.257928735056
 21
156.3984060215828
 31
0.0
  0
LINE
  5
2C18
330
1F
100
AcDbEntity
  8
HALFEN
 62
     1
100
AcDbLine
 10
1685.957928735056
 20
170.1598868056063
 30
0.0
 11
1684.557928735056
 21
170.1598868056063
 31
0.0
  0
LINE
  5
2C19
330
1F
100
AcDbEntity
  8
HALFEN
 62
     1
100
AcDbLine
 10
1685.957928735056
 20
169.4605838480739
 30
0.0
 11
1684.557928735056
 21
169.4605838480738
 31
0.0
  0
LINE
  5
2C1A
330
1F
100
AcDbEntity
  8
HALFEN
 62
     1
100
AcDbLine
 10
1685.957928735056
 20
168.3481534898886
 30
0.0
 11
1684.557928735056
 21
168.3481534898886
 31
0.0
  0
LINE
  5
2C1B
330
1F
100
AcDbEntity
  8
HALFEN
 62
     1
100
AcDbLine
 10
1685.957928735056
 20
166.8984060215828
 30
0.0
 11
1684.557928735056
 21
166.8984060215828
 31
0.0
  0
LINE
  5
2C1C
330
1F
100
AcDbEntity
  8
HALFEN
 62
     1
100
AcDbLine
 10
1685.957928735056
 20
165.2101393373004
 30
0.0
 11
1684.557928735056
 21
165.2101393373004
 31
0.0
  0
LINE
  5
2C1D
330
1F
100
AcDbEntity
  8
HALFEN
 62
     1
100
AcDbLine
 10
1685.957928735056
 20
156.6369252375593
 30
0.0
 11
1684.557928735056
 21
156.6369252375593
 31
0.0
  0
LINE
  5
2C1E
330
1F
100
AcDbEntity
  8
HALFEN
 62
     1
100
AcDbLine
 10
1685.957928735056
 20
157.3362281950917
 30
0.0
 11
1684.557928735056
 21
157.3362281950917
 31
0.0
  0
LINE
  5
2C1F
330
1F
100
AcDbEntity
  8
HALFEN
 62
     1
100
AcDbLine
 10
1685.957928735056
 20
158.4486585532769
 30
0.0
 11
1684.557928735056
 21
158.4486585532769
 31
0.0
  0
LINE
  5
2C20
330
1F
100
AcDbEntity
  8
HALFEN
 62
     1
100
AcDbLine
 10
1685.957928735056
 20
159.8984060215828
 30
0.0
 11
1684.557928735056
 21
159.8984060215828
 31
0.0
  0
LINE
  5
2C21
330
1F
100
AcDbEntity
  8
HALFEN
 62
     1
100
AcDbLine
 10
1685.957928735056
 20
161.5866727058651
 30
0.0
 11
1684.557928735056
 21
161.5866727058651
 31
0.0
  0
LINE
  5
2C22
330
1F
100
AcDbEntity
  8
HALFEN
  6
MITTE2
 62
     1
 48
6.0
100
AcDbLine
 10
1686.257928735056
 20
163.3984060215828
 30
0.0
 11
1419.257928735056
 21
163.3984060215828
 31
0.0
  0
CIRCLE
  5
2C23
330
1F
100
AcDbEntity
  8
HALFEN
100
AcDbCircle
 10
1644.257928735056
 20
163.3984060215828
 30
0.0
 40
2.5
  0
LINE
  5
2C24
330
1F
100
AcDbEntity
  8
HALFEN
100
AcDbLine
 10
1438.091645219795
 20
108.3984060215828
 30
0.0
 11
1665.424212250317
 21
108.3984060215828
 31
0.0
  0
LINE
  5
2C25
330
1F
100
AcDbEntity
  8
HALFEN
100
AcDbLine
 10
1438.091645219795
 20
92.39840602158279
 30
0.0
 11
1665.424212250317
 21
92.39840602158279
 31
0.0
  0
LINE
  5
2C26
330
1F
100
AcDbEntity
  8
HALFEN
100
AcDbLine
 10
1684.257928735056
 20
107.3984060215828
 30
0.0
 11
1684.257928735056
 21
93.39840602158281
 31
0.0
  0
LINE
  5
2C27
330
1F
100
AcDbEntity
  8
HALFEN
 62
     1
100
AcDbLine
 10
1434.257928735056
 20
106.4077457141742
 30
0.0
 11
1434.257928735056
 21
94.38906632899131
 31
0.0
  0
LINE
  5
2C28
330
1F
100
AcDbEntity
  8
HALFEN
 62
     1
100
AcDbLine
 10
1669.257928735056
 20
106.4077457141742
 30
0.0
 11
1669.257928735056
 21
94.38906632899131
 31
0.0
  0
LINE
  5
2C29
330
1F
100
AcDbEntity
  8
HALFEN
100
AcDbLine
 10
1419.257928735056
 20
107.3984060215828
 30
0.0
 11
1434.04203238701
 21
107.3984060215828
 31
0.0
  0
LINE
  5
2C2A
330
1F
100
AcDbEntity
  8
HALFEN
100
AcDbLine
 10
1419.257928735056
 20
93.39840602158281
 30
0.0
 11
1434.04203238701
 21
93.39840602158281
 31
0.0
  0
LINE
  5
2C2B
330
1F
100
AcDbEntity
  8
HALFEN
100
AcDbLine
 10
1669.473825083102
 20
107.3984060215827
 30
0.0
 11
1686.257928735056
 21
107.3984060215828
 31
0.0
  0
LINE
  5
2C2C
330
1F
100
AcDbEntity
  8
HALFEN
100
AcDbLine
 10
1669.473825083102
 20
93.39840602158281
 30
0.0
 11
1686.257928735056
 21
93.39840602158281
 31
0.0
  0
LINE
  5
2C2D
330
1F
100
AcDbEntity
  8
HALFEN
100
AcDbLine
 10
1669.050795903324
 20
107.4592929916035
 30
0.0
 11
1666.270270609873
 21
108.2766320815414
 31
0.0
  0
LINE
  5
2C2E
330
1F
100
AcDbEntity
  8
HALFEN
100
AcDbLine
 10
1669.050795903324
 20
93.33751905156203
 30
0.0
 11
1666.270270609873
 21
92.52017996162422
 31
0.0
  0
LINE
  5
2C2F
330
1F
100
AcDbEntity
  8
HALFEN
100
AcDbLine
 10
1434.465061566788
 20
107.4592929916035
 30
0.0
 11
1437.245586860238
 21
108.2766320815414
 31
0.0
  0
LINE
  5
2C30
330
1F
100
AcDbEntity
  8
HALFEN
100
AcDbLine
 10
1434.465061566788
 20
93.33751905156209
 30
0.0
 11
1437.245586860238
 21
92.52017996162422
 31
0.0
  0
ARC
  5
2C31
330
1F
100
AcDbEntity
  8
HALFEN
100
AcDbCircle
 10
1438.091645219795
 20
105.3984060215828
 30
0.0
 40
3.0
100
AcDbArc
 50
90.0
 51
106.3807690285263
  0
ARC
  5
2C32
330
1F
100
AcDbEntity
  8
HALFEN
100
AcDbCircle
 10
1438.091645219795
 20
95.39840602158276
 30
0.0
 40
3.0
100
AcDbArc
 50
253.6192309714736
 51
270.0
  0
ARC
  5
2C33
330
1F
100
AcDbEntity
  8
HALFEN
100
AcDbCircle
 10
1665.424212250317
 20
105.3984060215828
 30
0.0
 40
3.0
100
AcDbArc
 50
73.61923097147361
 51
90.0
  0
ARC
  5
2C34
330
1F
100
AcDbEntity
  8
HALFEN
100
AcDbCircle
 10
1665.424212250317
 20
95.39840602158276
 30
0.0
 40
3.0
100
AcDbArc
 50
270.0
 51
286.3807690285264
  0
ARC
  5
2C35
330
1F
100
AcDbEntity
  8
HALFEN
100
AcDbCircle
 10
1669.473825083102
 20
108.8984060215828
 30
0.0
 40
1.5
100
AcDbArc
 50
253.6192309714736
 51
270.0
  0
ARC
  5
2C36
330
1F
100
AcDbEntity
  8
HALFEN
100
AcDbCircle
 10
1669.473825083102
 20
91.8984060215828
 30
0.0
 40
1.5
100
AcDbArc
 50
90.0
 51
106.3807690285263
  0
ARC
  5
2C37
330
1F
100
AcDbEntity
  8
HALFEN
100
AcDbCircle
 10
1434.04203238701
 20
108.8984060215828
 30
0.0
 40
1.5
100
AcDbArc
 50
270.0
 51
286.3807690285264
  0
ARC
  5
2C38
330
1F
100
AcDbEntity
  8
HALFEN
100
AcDbCircle
 10
1434.04203238701
 20
91.8984060215828
 30
0.0
 40
1.5
100
AcDbArc
 50
73.61923097147361
 51
90.0
  0
LINE
  5
2C39
330
1F
100
AcDbEntity
  8
HALFEN
 62
     1
100
AcDbLine
 10
1437.664256743041
 20
107.3522072115552
 30
0.0
 11
1437.664256743041
 21
93.44460483161032
 31
0.0
  0
LINE
  5
2C3A
330
1F
100
AcDbEntity
  8
HALFEN
 62
     1
100
AcDbLine
 10
1665.851600727071
 20
93.44460483161032
 30
0.0
 11
1665.851600727071
 21
107.3522072115552
 31
0.0
  0
LINE
  5
2C3B
330
1F
100
AcDbEntity
  8
HALFEN
  6
MITTE2
 62
     1
 48
6.0
100
AcDbLine
 10
1644.257928735056
 20
135.3984060215828
 30
0.0
 11
1644.257928735056
 21
65.39840602158278
 31
0.0
  0
LINE
  5
2C3C
330
1F
100
AcDbEntity
  8
HALFEN
100
AcDbLine
 10
1419.257928735056
 20
93.39840602158281
 30
0.0
 11
1419.257928735056
 21
107.3984060215828
 31
0.0
  0
LINE
  5
2C3D
330
1F
100
AcDbEntity
  8
HALFEN
100
AcDbLine
 10
1686.257928735056
 20
107.3984060215828
 30
0.0
 11
1686.257928735056
 21
93.39840602158281
 31
0.0
  0
LINE
  5
2C3E
330
1F
100
AcDbEntity
  8
HALFEN
 62
     1
100
AcDbLine
 10
1685.957928735056
 20
107.1598868056063
 30
0.0
 11
1684.557928735056
 21
107.1598868056063
 31
0.0
  0
LINE
  5
2C3F
330
1F
100
AcDbEntity
  8
HALFEN
 62
     1
100
AcDbLine
 10
1685.957928735056
 20
106.4605838480737
 30
0.0
 11
1684.557928735056
 21
106.4605838480737
 31
0.0
  0
LINE
  5
2C40
330
1F
100
AcDbEntity
  8
HALFEN
 62
     1
100
AcDbLine
 10
1685.957928735056
 20
105.3481534898886
 30
0.0
 11
1684.557928735056
 21
105.3481534898886
 31
0.0
  0
LINE
  5
2C41
330
1F
100
AcDbEntity
  8
HALFEN
 62
     1
100
AcDbLine
 10
1685.957928735056
 20
103.8984060215828
 30
0.0
 11
1684.557928735056
 21
103.8984060215827
 31
0.0
  0
LINE
  5
2C42
330
1F
100
AcDbEntity
  8
HALFEN
 62
     1
100
AcDbLine
 10
1685.957928735056
 20
102.2101393373004
 30
0.0
 11
1684.557928735056
 21
102.2101393373004
 31
0.0
  0
LINE
  5
2C43
330
1F
100
AcDbEntity
  8
HALFEN
 62
     1
100
AcDbLine
 10
1685.957928735056
 20
93.63692523755927
 30
0.0
 11
1684.557928735056
 21
93.63692523755927
 31
0.0
  0
LINE
  5
2C44
330
1F
100
AcDbEntity
  8
HALFEN
 62
     1
100
AcDbLine
 10
1685.957928735056
 20
94.33622819509173
 30
0.0
 11
1684.557928735056
 21
94.33622819509173
 31
0.0
  0
LINE
  5
2C45
330
1F
100
AcDbEntity
  8
HALFEN
 62
     1
100
AcDbLine
 10
1685.957928735056
 20
95.44865855327694
 30
0.0
 11
1684.557928735056
 21
95.44865855327694
 31
0.0
  0
LINE
  5
2C46
330
1F
100
AcDbEntity
  8
HALFEN
 62
     1
100
AcDbLine
 10
1685.957928735056
 20
96.8984060215828
 30
0.0
 11
1684.557928735056
 21
96.89840602158282
 31
0.0
  0
LINE
  5
2C47
330
1F
100
AcDbEntity
  8
HALFEN
 62
     1
100
AcDbLine
 10
1685.957928735056
 20
98.58667270586515
 30
0.0
 11
1684.557928735056
 21
98.58667270586515
 31
0.0
  0
LINE
  5
2C48
330
1F
100
AcDbEntity
  8
HALFEN
  6
MITTE2
 62
     1
 48
6.0
100
AcDbLine
 10
1686.257928735056
 20
100.3984060215828
 30
0.0
 11
1419.257928735056
 21
100.3984060215828
 31
0.0
  0
LINE
  5
2C49
330
1F
100
AcDbEntity
  8
HALFEN
100
AcDbLine
 10
1776.257928735056
 20
160.8984060215828
 30
0.0
 11
1749.257928735056
 21
160.8984060215828
 31
0.0
  0
LINE
  5
2C4A
330
1F
100
AcDbEntity
  8
HALFEN
100
AcDbLine
 10
1733.257928735056
 20
160.8984060215828
 30
0.0
 11
1706.257928735056
 21
160.8984060215828
 31
0.0
  0
LINE
  5
2C4C
330
1F
100
AcDbEntity
  8
HALFEN
100
AcDbLine
 10
1706.257928735056
 20
165.8984060215828
 30
0.0
 11
1733.257928735056
 21
165.8984060215828
 31
0.0
  0
LINE
  5
2C4D
330
1F
100
AcDbEntity
  8
HALFEN
100
AcDbLine
 10
1749.257928735056
 20
165.8984060215828
 30
0.0
 11
1776.257928735056
 21
165.8984060215828
 31
0.0
  0
LINE
  5
2C4E
330
1F
100
AcDbEntity
  8
HALFEN
100
AcDbLine
 10
1706.257928735056
 20
165.8984060215828
 30
0.0
 11
1706.257928735056
 21
160.8984060215828
 31
0.0
  0
LINE
  5
2C4F
330
1F
100
AcDbEntity
  8
HALFEN
  6
MITTE2
 62
     1
 48
6.0
100
AcDbLine
 10
1776.257928735056
 20
163.3984060215828
 30
0.0
 11
1706.257928735056
 21
163.3984060215828
 31
0.0
  0
LINE
  5
2C50
330
1F
100
AcDbEntity
  8
HALFEN
  6
MITTE2
 62
     1
 48
6.0
100
AcDbLine
 10
1741.257928735056
 20
155.3984060215828
 30
0.0
 11
1741.257928735056
 21
171.3984060215828
 31
0.0
  0
CIRCLE
  5
2C51
330
1F
100
AcDbEntity
  8
HALFEN
100
AcDbCircle
 10
1741.257928735056
 20
163.3984060215828
 30
0.0
 40
6.999999999999913
  0
CIRCLE
  5
2C52
330
1F
100
AcDbEntity
  8
HALFEN
100
AcDbCircle
 10
1741.257928735056
 20
163.3984060215828
 30
0.0
 40
8.0
  0
LINE
  5
2D21
330
1F
100
AcDbEntity
  8
HALFEN
100
AcDbLine
 10
1776.257928735056
 20
165.8984060215828
 30
0.0
 11
1776.257928735056
 21
160.8984060215828
 31
0.0
  0
LINE
  5
2D22
330
1F
100
AcDbEntity
  8
HALFEN
100
AcDbLine
 10
1826.257928735056
 20
183.3984060215828
 30
0.0
 11
2021.257928735056
 21
183.3984060215828
 31
0.0
  0
LINE
  5
2D23
330
1F
100
AcDbEntity
  8
HALFEN
100
AcDbLine
 10
1826.257928735056
 20
193.3984060215826
 30
0.0
 11
2021.257928735056
 21
193.3984060215826
 31
0.0
  0
LINE
  5
2D24
330
1F
100
AcDbEntity
  8
HALFEN
100
AcDbLine
 10
1826.257928735056
 20
211.3984060215828
 30
0.0
 11
2021.257928735056
 21
211.3984060215828
 31
0.0
  0
TEXT
  5
2D25
330
1F
100
AcDbEntity
  8
HALFEN
100
AcDbText
 10
1881.257928735056
 20
203.8984060215828
 30
0.0
 40
5.0
  1
Halfen Gerüstanker HGA  - ZN -  295
  7
ARIAL50
100
AcDbText
  0
TEXT
  5
2D26
330
1F
100
AcDbEntity
  8
HALFEN
100
AcDbText
 10
1831.257928735056
 20
185.8984060215828
 30
0.0
 40
5.0
  1
Id. Nr.
  7
ARIAL50
100
AcDbText
  0
TEXT
  5
2D27
330
1F
100
AcDbEntity
  8
HALFEN
100
AcDbText
 10
1831.257928735056
 20
203.8984060215828
 30
0.0
 40
5.0
  1
Benennung
  7
ARIAL50
100
AcDbText
  0
TEXT
  5
2D28
330
1F
100
AcDbEntity
  8
HALFEN
100
AcDbText
 10
1826.257928735056
 20
213.8984060215828
 30
0.0
 40
5.0
  1
A4
  7
ARIAL50
100
AcDbText
  0
LINE
  5
2D29
330
1F
100
AcDbEntity
  8
HALFEN
100
AcDbLine
 10
1826.257928735056
 20
183.3984060215828
 30
0.0
 11
1826.257928735056
 21
211.3984060215828
 31
0.0
  0
LINE
  5
2D2A
330
1F
100
AcDbEntity
  8
HALFEN
100
AcDbLine
 10
1876.257928735055
 20
183.3984060215828
 30
0.0
 11
1876.257928735055
 21
211.3984060215828
 31
0.0
  0
LINE
  5
2D2B
330
1F
100
AcDbEntity
  8
HALFEN
100
AcDbLine
 10
2021.257928735056
 20
183.3984060215828
 30
0.0
 11
2021.257928735056
 21
211.3984060215828
 31
0.0
  0
TEXT
  5
2D2C
330
1F
100
AcDbEntity
  8
HALFEN
100
AcDbText
 10
1881.257928735056
 20
185.8984060215828
 30
0.0
 40
5.0
  1
0159.020-00007
  7
ARIAL50
100
AcDbText
  0
LINE
  5
2D2D
330
1F
100
AcDbEntity
  8
HALFEN
100
AcDbLine
 10
1845.091645219795
 20
171.3984060215828
 30
0.0
 11
2102.424212250317
 21
171.3984060215828
 31
0.0
  0
LINE
  5
2D2E
330
1F
100
AcDbEntity
  8
HALFEN
100
AcDbLine
 10
1845.091645219795
 20
155.3984060215828
 30
0.0
 11
2102.424212250317
 21
155.3984060215828
 31
0.0
  0
LINE
  5
2D2F
330
1F
100
AcDbEntity
  8
HALFEN
100
AcDbLine
 10
2121.257928735056
 20
170.3984060215828
 30
0.0
 11
2121.257928735056
 21
156.3984060215828
 31
0.0
  0
LINE
  5
2D30
330
1F
100
AcDbEntity
  8
HALFEN
 62
     1
100
AcDbLine
 10
1841.257928735055
 20
169.4077457141743
 30
0.0
 11
1841.257928735055
 21
157.3890663289913
 31
0.0
  0
LINE
  5
2D31
330
1F
100
AcDbEntity
  8
HALFEN
 62
     1
100
AcDbLine
 10
2106.257928735056
 20
169.4077457141743
 30
0.0
 11
2106.257928735056
 21
157.3890663289913
 31
0.0
  0
LINE
  5
2D32
330
1F
100
AcDbEntity
  8
HALFEN
100
AcDbLine
 10
1826.257928735056
 20
170.3984060215828
 30
0.0
 11
1841.042032387009
 21
170.3984060215828
 31
0.0
  0
LINE
  5
2D33
330
1F
100
AcDbEntity
  8
HALFEN
100
AcDbLine
 10
1826.257928735056
 20
156.3984060215828
 30
0.0
 11
1841.042032387009
 21
156.3984060215828
 31
0.0
  0
LINE
  5
2D34
330
1F
100
AcDbEntity
  8
HALFEN
100
AcDbLine
 10
2106.473825083102
 20
170.3984060215828
 30
0.0
 11
2123.257928735057
 21
170.3984060215828
 31
0.0
  0
LINE
  5
2D35
330
1F
100
AcDbEntity
  8
HALFEN
100
AcDbLine
 10
2106.473825083102
 20
156.3984060215828
 30
0.0
 11
2123.257928735057
 21
156.3984060215828
 31
0.0
  0
LINE
  5
2D36
330
1F
100
AcDbEntity
  8
HALFEN
100
AcDbLine
 10
2106.050795903324
 20
170.4592929916035
 30
0.0
 11
2103.270270609874
 21
171.2766320815414
 31
0.0
  0
LINE
  5
2D37
330
1F
100
AcDbEntity
  8
HALFEN
100
AcDbLine
 10
2106.050795903324
 20
156.337519051562
 30
0.0
 11
2103.270270609874
 21
155.5201799616242
 31
0.0
  0
LINE
  5
2D38
330
1F
100
AcDbEntity
  8
HALFEN
100
AcDbLine
 10
1841.465061566788
 20
170.4592929916035
 30
0.0
 11
1844.245586860238
 21
171.2766320815414
 31
0.0
  0
LINE
  5
2D39
330
1F
100
AcDbEntity
  8
HALFEN
100
AcDbLine
 10
1841.465061566788
 20
156.337519051562
 30
0.0
 11
1844.245586860238
 21
155.5201799616242
 31
0.0
  0
ARC
  5
2D3A
330
1F
100
AcDbEntity
  8
HALFEN
100
AcDbCircle
 10
1845.091645219795
 20
168.3984060215828
 30
0.0
 40
3.0
100
AcDbArc
 50
90.0
 51
106.3807690285264
  0
ARC
  5
2D3B
330
1F
100
AcDbEntity
  8
HALFEN
100
AcDbCircle
 10
1845.091645219795
 20
158.3984060215828
 30
0.0
 40
3.0
100
AcDbArc
 50
253.6192309714736
 51
270.0
  0
ARC
  5
2D3C
330
1F
100
AcDbEntity
  8
HALFEN
100
AcDbCircle
 10
2102.424212250317
 20
168.3984060215828
 30
0.0
 40
3.0
100
AcDbArc
 50
73.6192309714736
 51
90.0
  0
ARC
  5
2D3D
330
1F
100
AcDbEntity
  8
HALFEN
100
AcDbCircle
 10
2102.424212250317
 20
158.3984060215828
 30
0.0
 40
3.0
100
AcDbArc
 50
270.0
 51
286.3807690285264
  0
ARC
  5
2D3E
330
1F
100
AcDbEntity
  8
HALFEN
100
AcDbCircle
 10
2106.473825083102
 20
171.8984060215828
 30
0.0
 40
1.5
100
AcDbArc
 50
253.6192309714736
 51
270.0
  0
ARC
  5
2D3F
330
1F
100
AcDbEntity
  8
HALFEN
100
AcDbCircle
 10
2106.473825083102
 20
154.8984060215826
 30
0.0
 40
1.5
100
AcDbArc
 50
90.0
 51
106.3807690285264
  0
ARC
  5
2D40
330
1F
100
AcDbEntity
  8
HALFEN
100
AcDbCircle
 10
1841.042032387009
 20
171.8984060215828
 30
0.0
 40
1.5
100
AcDbArc
 50
270.0
 51
286.3807690285264
  0
ARC
  5
2D41
330
1F
100
AcDbEntity
  8
HALFEN
100
AcDbCircle
 10
1841.042032387009
 20
154.8984060215826
 30
0.0
 40
1.5
100
AcDbArc
 50
73.6192309714736
 51
90.0
  0
LINE
  5
2D42
330
1F
100
AcDbEntity
  8
HALFEN
 62
     1
100
AcDbLine
 10
1844.66425674304
 20
170.3522072115552
 30
0.0
 11
1844.66425674304
 21
156.4446048316103
 31
0.0
  0
LINE
  5
2D43
330
1F
100
AcDbEntity
  8
HALFEN
 62
     1
100
AcDbLine
 10
2102.851600727071
 20
156.4446048316103
 30
0.0
 11
2102.851600727071
 21
170.3522072115552
 31
0.0
  0
LINE
  5
2D44
330
1F
100
AcDbEntity
  8
HALFEN
  6
MITTE2
 62
     1
 48
3.0
100
AcDbLine
 10
2081.257928735056
 20
167.8984060215828
 30
0.0
 11
2081.257928735056
 21
158.8984060215828
 31
0.0
  0
CIRCLE
  5
2D45
330
1F
100
AcDbEntity
  8
HALFEN
100
AcDbCircle
 10
2081.257928735056
 20
163.3984060215828
 30
0.0
 40
3.0
  0
LINE
  5
2D46
330
1F
100
AcDbEntity
  8
HALFEN
100
AcDbLine
 10
1826.257928735056
 20
156.3984060215828
 30
0.0
 11
1826.257928735056
 21
170.3984060215828
 31
0.0
  0
LINE
  5
2D47
330
1F
100
AcDbEntity
  8
HALFEN
100
AcDbLine
 10
2083.757928735057
 20
135.3984060215828
 30
0.0
 11
2083.757928735057
 21
108.3984060215828
 31
0.0
  0
LINE
  5
2D48
330
1F
100
AcDbEntity
  8
HALFEN
100
AcDbLine
 10
2083.757928735057
 20
92.39840602158279
 30
0.0
 11
2083.757928735057
 21
65.3984060215828
 31
0.0
  0
LINE
  5
2D49
330
1F
100
AcDbEntity
  8
HALFEN
100
AcDbLine
 10
2078.757928735056
 20
135.3984060215828
 30
0.0
 11
2083.757928735057
 21
135.3984060215828
 31
0.0
  0
LINE
  5
2D4A
330
1F
100
AcDbEntity
  8
HALFEN
100
AcDbLine
 10
2078.757928735056
 20
65.3984060215828
 30
0.0
 11
2078.757928735056
 21
92.39840602158279
 31
0.0
  0
LINE
  5
2D4B
330
1F
100
AcDbEntity
  8
HALFEN
100
AcDbLine
 10
2078.757928735056
 20
108.3984060215828
 30
0.0
 11
2078.757928735056
 21
135.3984060215828
 31
0.0
  0
LINE
  5
2D4C
330
1F
100
AcDbEntity
  8
HALFEN
100
AcDbLine
 10
2078.757928735056
 20
65.3984060215828
 30
0.0
 11
2083.757928735057
 21
65.3984060215828
 31
0.0
  0
LINE
  5
2D4D
330
1F
100
AcDbEntity
  8
HALFEN
100
AcDbLine
 10
2123.257928735057
 20
170.3984060215828
 30
0.0
 11
2123.257928735057
 21
156.3984060215828
 31
0.0
  0
LINE
  5
2D4E
330
1F
100
AcDbEntity
  8
HALFEN
 62
     1
100
AcDbLine
 10
2122.957928735056
 20
170.1598868056063
 30
0.0
 11
2121.557928735056
 21
170.1598868056063
 31
0.0
  0
LINE
  5
2D4F
330
1F
100
AcDbEntity
  8
HALFEN
 62
     1
100
AcDbLine
 10
2122.957928735056
 20
169.4605838480739
 30
0.0
 11
2121.557928735056
 21
169.4605838480738
 31
0.0
  0
LINE
  5
2D50
330
1F
100
AcDbEntity
  8
HALFEN
 62
     1
100
AcDbLine
 10
2122.957928735056
 20
168.3481534898886
 30
0.0
 11
2121.557928735056
 21
168.3481534898886
 31
0.0
  0
LINE
  5
2D51
330
1F
100
AcDbEntity
  8
HALFEN
 62
     1
100
AcDbLine
 10
2122.957928735056
 20
166.8984060215828
 30
0.0
 11
2121.557928735056
 21
166.8984060215828
 31
0.0
  0
LINE
  5
2D52
330
1F
100
AcDbEntity
  8
HALFEN
 62
     1
100
AcDbLine
 10
2122.957928735056
 20
165.2101393373004
 30
0.0
 11
2121.557928735056
 21
165.2101393373004
 31
0.0
  0
LINE
  5
2D53
330
1F
100
AcDbEntity
  8
HALFEN
 62
     1
100
AcDbLine
 10
2122.957928735056
 20
156.6369252375593
 30
0.0
 11
2121.557928735056
 21
156.6369252375593
 31
0.0
  0
LINE
  5
2D54
330
1F
100
AcDbEntity
  8
HALFEN
 62
     1
100
AcDbLine
 10
2122.957928735056
 20
157.3362281950917
 30
0.0
 11
2121.557928735056
 21
157.3362281950917
 31
0.0
  0
LINE
  5
2D55
330
1F
100
AcDbEntity
  8
HALFEN
 62
     1
100
AcDbLine
 10
2122.957928735056
 20
158.4486585532769
 30
0.0
 11
2121.557928735056
 21
158.4486585532769
 31
0.0
  0
LINE
  5
2D56
330
1F
100
AcDbEntity
  8
HALFEN
 62
     1
100
AcDbLine
 10
2122.957928735056
 20
159.8984060215828
 30
0.0
 11
2121.557928735056
 21
159.8984060215828
 31
0.0
  0
LINE
  5
2D57
330
1F
100
AcDbEntity
  8
HALFEN
 62
     1
100
AcDbLine
 10
2122.957928735056
 20
161.5866727058651
 30
0.0
 11
2121.557928735056
 21
161.5866727058651
 31
0.0
  0
LINE
  5
2D58
330
1F
100
AcDbEntity
  8
HALFEN
  6
MITTE2
 62
     1
 48
6.0
100
AcDbLine
 10
2123.257928735057
 20
163.3984060215828
 30
0.0
 11
1826.257928735056
 21
163.3984060215828
 31
0.0
  0
CIRCLE
  5
2D59
330
1F
100
AcDbEntity
  8
HALFEN
100
AcDbCircle
 10
2081.257928735056
 20
163.3984060215828
 30
0.0
 40
2.5
  0
LINE
  5
2D5A
330
1F
100
AcDbEntity
  8
HALFEN
100
AcDbLine
 10
1845.091645219795
 20
108.3984060215828
 30
0.0
 11
2102.424212250317
 21
108.3984060215828
 31
0.0
  0
LINE
  5
2D5B
330
1F
100
AcDbEntity
  8
HALFEN
100
AcDbLine
 10
1845.091645219795
 20
92.39840602158279
 30
0.0
 11
2102.424212250317
 21
92.39840602158279
 31
0.0
  0
LINE
  5
2D5C
330
1F
100
AcDbEntity
  8
HALFEN
100
AcDbLine
 10
2121.257928735056
 20
107.3984060215828
 30
0.0
 11
2121.257928735056
 21
93.39840602158281
 31
0.0
  0
LINE
  5
2D5D
330
1F
100
AcDbEntity
  8
HALFEN
 62
     1
100
AcDbLine
 10
1841.257928735055
 20
106.4077457141743
 30
0.0
 11
1841.257928735055
 21
94.38906632899131
 31
0.0
  0
LINE
  5
2D5E
330
1F
100
AcDbEntity
  8
HALFEN
 62
     1
100
AcDbLine
 10
2106.257928735056
 20
106.4077457141742
 30
0.0
 11
2106.257928735056
 21
94.38906632899131
 31
0.0
  0
LINE
  5
2D5F
330
1F
100
AcDbEntity
  8
HALFEN
100
AcDbLine
 10
1826.257928735056
 20
107.3984060215828
 30
0.0
 11
1841.042032387009
 21
107.3984060215828
 31
0.0
  0
LINE
  5
2D60
330
1F
100
AcDbEntity
  8
HALFEN
100
AcDbLine
 10
1826.257928735056
 20
93.39840602158281
 30
0.0
 11
1841.042032387009
 21
93.39840602158281
 31
0.0
  0
LINE
  5
2D61
330
1F
100
AcDbEntity
  8
HALFEN
100
AcDbLine
 10
2106.473825083102
 20
107.3984060215827
 30
0.0
 11
2123.257928735057
 21
107.3984060215828
 31
0.0
  0
LINE
  5
2D62
330
1F
100
AcDbEntity
  8
HALFEN
100
AcDbLine
 10
2106.473825083102
 20
93.39840602158281
 30
0.0
 11
2123.257928735057
 21
93.39840602158281
 31
0.0
  0
LINE
  5
2D63
330
1F
100
AcDbEntity
  8
HALFEN
100
AcDbLine
 10
2106.050795903324
 20
107.4592929916035
 30
0.0
 11
2103.270270609874
 21
108.2766320815414
 31
0.0
  0
LINE
  5
2D64
330
1F
100
AcDbEntity
  8
HALFEN
100
AcDbLine
 10
2106.050795903324
 20
93.33751905156209
 30
0.0
 11
2103.270270609874
 21
92.52017996162424
 31
0.0
  0
LINE
  5
2D65
330
1F
100
AcDbEntity
  8
HALFEN
100
AcDbLine
 10
1841.465061566788
 20
107.4592929916035
 30
0.0
 11
1844.245586860238
 21
108.2766320815414
 31
0.0
  0
LINE
  5
2D66
330
1F
100
AcDbEntity
  8
HALFEN
100
AcDbLine
 10
1841.465061566788
 20
93.3375190515621
 30
0.0
 11
1844.245586860238
 21
92.52017996162424
 31
0.0
  0
ARC
  5
2D67
330
1F
100
AcDbEntity
  8
HALFEN
100
AcDbCircle
 10
1845.091645219795
 20
105.3984060215828
 30
0.0
 40
3.0
100
AcDbArc
 50
90.0
 51
106.3807690285263
  0
ARC
  5
2D68
330
1F
100
AcDbEntity
  8
HALFEN
100
AcDbCircle
 10
1845.091645219795
 20
95.3984060215828
 30
0.0
 40
3.0
100
AcDbArc
 50
253.6192309714736
 51
270.0
  0
ARC
  5
2D69
330
1F
100
AcDbEntity
  8
HALFEN
100
AcDbCircle
 10
2102.424212250317
 20
105.3984060215828
 30
0.0
 40
3.0
100
AcDbArc
 50
73.61923097147361
 51
90.0
  0
ARC
  5
2D6A
330
1F
100
AcDbEntity
  8
HALFEN
100
AcDbCircle
 10
2102.424212250317
 20
95.3984060215828
 30
0.0
 40
3.0
100
AcDbArc
 50
270.0
 51
286.3807690285264
  0
ARC
  5
2D6B
330
1F
100
AcDbEntity
  8
HALFEN
100
AcDbCircle
 10
2106.473825083102
 20
108.8984060215828
 30
0.0
 40
1.5
100
AcDbArc
 50
253.6192309714736
 51
270.0
  0
ARC
  5
2D6C
330
1F
100
AcDbEntity
  8
HALFEN
100
AcDbCircle
 10
2106.473825083102
 20
91.8984060215828
 30
0.0
 40
1.5
100
AcDbArc
 50
90.0
 51
106.3807690285263
  0
ARC
  5
2D6D
330
1F
100
AcDbEntity
  8
HALFEN
100
AcDbCircle
 10
1841.042032387009
 20
108.8984060215828
 30
0.0
 40
1.5
100
AcDbArc
 50
270.0
 51
286.3807690285264
  0
ARC
  5
2D6E
330
1F
100
AcDbEntity
  8
HALFEN
100
AcDbCircle
 10
1841.042032387009
 20
91.8984060215828
 30
0.0
 40
1.5
100
AcDbArc
 50
73.61923097147361
 51
90.0
  0
LINE
  5
2D6F
330
1F
100
AcDbEntity
  8
HALFEN
 62
     1
100
AcDbLine
 10
1844.66425674304
 20
107.3522072115552
 30
0.0
 11
1844.66425674304
 21
93.44460483161034
 31
0.0
  0
LINE
  5
2D70
330
1F
100
AcDbEntity
  8
HALFEN
 62
     1
100
AcDbLine
 10
2102.851600727071
 20
93.44460483161034
 30
0.0
 11
2102.851600727071
 21
107.3522072115552
 31
0.0
  0
LINE
  5
2D71
330
1F
100
AcDbEntity
  8
HALFEN
  6
MITTE2
 62
     1
 48
6.0
100
AcDbLine
 10
2081.257928735056
 20
135.3984060215828
 30
0.0
 11
2081.257928735056
 21
65.3984060215828
 31
0.0
  0
LINE
  5
2D72
330
1F
100
AcDbEntity
  8
HALFEN
100
AcDbLine
 10
1826.257928735056
 20
93.39840602158281
 30
0.0
 11
1826.257928735056
 21
107.3984060215828
 31
0.0
  0
LINE
  5
2D73
330
1F
100
AcDbEntity
  8
HALFEN
100
AcDbLine
 10
2123.257928735057
 20
107.3984060215828
 30
0.0
 11
2123.257928735057
 21
93.39840602158281
 31
0.0
  0
LINE
  5
2D74
330
1F
100
AcDbEntity
  8
HALFEN
 62
     1
100
AcDbLine
 10
2122.957928735056
 20
107.1598868056063
 30
0.0
 11
2121.557928735056
 21
107.1598868056063
 31
0.0
  0
LINE
  5
2D75
330
1F
100
AcDbEntity
  8
HALFEN
 62
     1
100
AcDbLine
 10
2122.957928735056
 20
106.4605838480739
 30
0.0
 11
2121.557928735056
 21
106.4605838480737
 31
0.0
  0
LINE
  5
2D76
330
1F
100
AcDbEntity
  8
HALFEN
 62
     1
100
AcDbLine
 10
2122.957928735056
 20
105.3481534898886
 30
0.0
 11
2121.557928735056
 21
105.3481534898886
 31
0.0
  0
LINE
  5
2D77
330
1F
100
AcDbEntity
  8
HALFEN
 62
     1
100
AcDbLine
 10
2122.957928735056
 20
103.8984060215828
 30
0.0
 11
2121.557928735056
 21
103.8984060215828
 31
0.0
  0
LINE
  5
2D78
330
1F
100
AcDbEntity
  8
HALFEN
 62
     1
100
AcDbLine
 10
2122.957928735056
 20
102.2101393373004
 30
0.0
 11
2121.557928735056
 21
102.2101393373004
 31
0.0
  0
LINE
  5
2D79
330
1F
100
AcDbEntity
  8
HALFEN
 62
     1
100
AcDbLine
 10
2122.957928735056
 20
93.63692523755933
 30
0.0
 11
2121.557928735056
 21
93.63692523755933
 31
0.0
  0
LINE
  5
2D7A
330
1F
100
AcDbEntity
  8
HALFEN
 62
     1
100
AcDbLine
 10
2122.957928735056
 20
94.33622819509173
 30
0.0
 11
2121.557928735056
 21
94.33622819509174
 31
0.0
  0
LINE
  5
2D7B
330
1F
100
AcDbEntity
  8
HALFEN
 62
     1
100
AcDbLine
 10
2122.957928735056
 20
95.44865855327696
 30
0.0
 11
2121.557928735056
 21
95.44865855327696
 31
0.0
  0
LINE
  5
2D7C
330
1F
100
AcDbEntity
  8
HALFEN
 62
     1
100
AcDbLine
 10
2122.957928735056
 20
96.8984060215828
 30
0.0
 11
2121.557928735056
 21
96.89840602158286
 31
0.0
  0
LINE
  5
2D7D
330
1F
100
AcDbEntity
  8
HALFEN
 62
     1
100
AcDbLine
 10
2122.957928735056
 20
98.58667270586515
 30
0.0
 11
2121.557928735056
 21
98.58667270586515
 31
0.0
  0
LINE
  5
2D7E
330
1F
100
AcDbEntity
  8
HALFEN
  6
MITTE2
 62
     1
 48
6.0
100
AcDbLine
 10
2123.257928735057
 20
100.3984060215828
 30
0.0
 11
1826.257928735056
 21
100.3984060215828
 31
0.0
  0
LINE
  5
2D7F
330
1F
100
AcDbEntity
  8
HALFEN
100
AcDbLine
 10
2213.257928735056
 20
160.8984060215828
 30
0.0
 11
2186.257928735056
 21
160.8984060215828
 31
0.0
  0
LINE
  5
2D80
330
1F
100
AcDbEntity
  8
HALFEN
100
AcDbLine
 10
2170.257928735056
 20
160.8984060215828
 30
0.0
 11
2143.257928735057
 21
160.8984060215828
 31
0.0
  0
LINE
  5
2D81
330
1F
100
AcDbEntity
  8
HALFEN
100
AcDbLine
 10
2143.257928735057
 20
165.8984060215828
 30
0.0
 11
2170.257928735056
 21
165.8984060215828
 31
0.0
  0
LINE
  5
2D82
330
1F
100
AcDbEntity
  8
HALFEN
100
AcDbLine
 10
2186.257928735056
 20
165.8984060215828
 30
0.0
 11
2213.257928735056
 21
165.8984060215828
 31
0.0
  0
LINE
  5
2D83
330
1F
100
AcDbEntity
  8
HALFEN
100
AcDbLine
 10
2143.257928735057
 20
165.8984060215828
 30
0.0
 11
2143.257928735057
 21
160.8984060215828
 31
0.0
  0
LINE
  5
2D84
330
1F
100
AcDbEntity
  8
HALFEN
  6
MITTE2
 62
     1
 48
6.0
100
AcDbLine
 10
2213.257928735056
 20
163.3984060215828
 30
0.0
 11
2143.257928735057
 21
163.3984060215828
 31
0.0
  0
LINE
  5
2D85
330
1F
100
AcDbEntity
  8
HALFEN
  6
MITTE2
 62
     1
 48
6.0
100
AcDbLine
 10
2178.257928735055
 20
155.3984060215828
 30
0.0
 11
2178.257928735055
 21
171.3984060215828
 31
0.0
  0
CIRCLE
  5
2D86
330
1F
100
AcDbEntity
  8
HALFEN
100
AcDbCircle
 10
2178.257928735055
 20
163.3984060215828
 30
0.0
 40
6.999999999999913
  0
CIRCLE
  5
2D87
330
1F
100
AcDbEntity
  8
HALFEN
100
AcDbCircle
 10
2178.257928735055
 20
163.3984060215828
 30
0.0
 40
8.0
  0
LINE
  5
2D88
330
1F
100
AcDbEntity
  8
HALFEN
100
AcDbLine
 10
2213.257928735056
 20
165.8984060215828
 30
0.0
 11
2213.257928735056
 21
160.8984060215828
 31
0.0
  0
LINE
  5
2D90
330
1F
100
AcDbEntity
  8
HALFEN
100
AcDbLine
 10
2233.257928735056
 20
183.3984060215828
 30
0.0
 11
2428.257928735055
 21
183.3984060215828
 31
0.0
  0
LINE
  5
2D91
330
1F
100
AcDbEntity
  8
HALFEN
100
AcDbLine
 10
2233.257928735056
 20
193.3984060215826
 30
0.0
 11
2428.257928735055
 21
193.3984060215826
 31
0.0
  0
LINE
  5
2D92
330
1F
100
AcDbEntity
  8
HALFEN
100
AcDbLine
 10
2233.257928735056
 20
211.3984060215828
 30
0.0
 11
2428.257928735055
 21
211.3984060215828
 31
0.0
  0
TEXT
  5
2D93
330
1F
100
AcDbEntity
  8
HALFEN
100
AcDbText
 10
2288.257928735056
 20
203.8984060215828
 30
0.0
 40
5.0
  1
Halfen Gerüstanker HGA  - ZN -  325
  7
ARIAL50
100
AcDbText
  0
TEXT
  5
2D94
330
1F
100
AcDbEntity
  8
HALFEN
100
AcDbText
 10
2238.257928735055
 20
185.8984060215828
 30
0.0
 40
5.0
  1
Id. Nr.
  7
ARIAL50
100
AcDbText
  0
TEXT
  5
2D95
330
1F
100
AcDbEntity
  8
HALFEN
100
AcDbText
 10
2238.257928735055
 20
203.8984060215828
 30
0.0
 40
5.0
  1
Benennung
  7
ARIAL50
100
AcDbText
  0
TEXT
  5
2D96
330
1F
100
AcDbEntity
  8
HALFEN
100
AcDbText
 10
2233.257928735056
 20
213.8984060215828
 30
0.0
 40
5.0
  1
A4
  7
ARIAL50
100
AcDbText
  0
LINE
  5
2D97
330
1F
100
AcDbEntity
  8
HALFEN
100
AcDbLine
 10
2233.257928735056
 20
183.3984060215828
 30
0.0
 11
2233.257928735056
 21
211.3984060215828
 31
0.0
  0
LINE
  5
2D98
330
1F
100
AcDbEntity
  8
HALFEN
100
AcDbLine
 10
2283.257928735055
 20
183.3984060215828
 30
0.0
 11
2283.257928735055
 21
211.3984060215828
 31
0.0
  0
LINE
  5
2D99
330
1F
100
AcDbEntity
  8
HALFEN
100
AcDbLine
 10
2428.257928735055
 20
183.3984060215828
 30
0.0
 11
2428.257928735055
 21
211.3984060215828
 31
0.0
  0
TEXT
  5
2D9A
330
1F
100
AcDbEntity
  8
HALFEN
100
AcDbText
 10
2288.257928735056
 20
185.8984060215828
 30
0.0
 40
5.0
  1
0159.020-00008
  7
ARIAL50
100
AcDbText
  0
LINE
  5
2D9B
330
1F
100
AcDbEntity
  8
HALFEN
100
AcDbLine
 10
2252.091645219794
 20
171.3984060215828
 30
0.0
 11
2539.424212250317
 21
171.3984060215828
 31
0.0
  0
LINE
  5
2D9C
330
1F
100
AcDbEntity
  8
HALFEN
100
AcDbLine
 10
2252.091645219794
 20
155.3984060215828
 30
0.0
 11
2539.424212250317
 21
155.3984060215828
 31
0.0
  0
LINE
  5
2D9D
330
1F
100
AcDbEntity
  8
HALFEN
100
AcDbLine
 10
2558.257928735057
 20
170.3984060215828
 30
0.0
 11
2558.257928735057
 21
156.3984060215828
 31
0.0
  0
LINE
  5
2D9E
330
1F
100
AcDbEntity
  8
HALFEN
 62
     1
100
AcDbLine
 10
2248.257928735055
 20
169.4077457141743
 30
0.0
 11
2248.257928735055
 21
157.3890663289913
 31
0.0
  0
LINE
  5
2D9F
330
1F
100
AcDbEntity
  8
HALFEN
 62
     1
100
AcDbLine
 10
2543.257928735056
 20
169.4077457141743
 30
0.0
 11
2543.257928735056
 21
157.3890663289913
 31
0.0
  0
LINE
  5
2DA0
330
1F
100
AcDbEntity
  8
HALFEN
100
AcDbLine
 10
2233.257928735056
 20
170.3984060215828
 30
0.0
 11
2248.042032387009
 21
170.3984060215828
 31
0.0
  0
LINE
  5
2DA1
330
1F
100
AcDbEntity
  8
HALFEN
100
AcDbLine
 10
2233.257928735056
 20
156.3984060215828
 30
0.0
 11
2248.042032387009
 21
156.3984060215828
 31
0.0
  0
LINE
  5
2DA2
330
1F
100
AcDbEntity
  8
HALFEN
100
AcDbLine
 10
2543.473825083101
 20
170.3984060215828
 30
0.0
 11
2560.257928735055
 21
170.3984060215828
 31
0.0
  0
LINE
  5
2DA3
330
1F
100
AcDbEntity
  8
HALFEN
100
AcDbLine
 10
2543.473825083101
 20
156.3984060215828
 30
0.0
 11
2560.257928735055
 21
156.3984060215828
 31
0.0
  0
LINE
  5
2DA4
330
1F
100
AcDbEntity
  8
HALFEN
100
AcDbLine
 10
2543.050795903323
 20
170.4592929916035
 30
0.0
 11
2540.270270609873
 21
171.2766320815414
 31
0.0
  0
LINE
  5
2DA5
330
1F
100
AcDbEntity
  8
HALFEN
100
AcDbLine
 10
2543.050795903323
 20
156.337519051562
 30
0.0
 11
2540.270270609873
 21
155.5201799616242
 31
0.0
  0
LINE
  5
2DA6
330
1F
100
AcDbEntity
  8
HALFEN
100
AcDbLine
 10
2248.465061566787
 20
170.4592929916035
 30
0.0
 11
2251.245586860237
 21
171.2766320815414
 31
0.0
  0
LINE
  5
2DA7
330
1F
100
AcDbEntity
  8
HALFEN
100
AcDbLine
 10
2248.465061566787
 20
156.337519051562
 30
0.0
 11
2251.245586860237
 21
155.5201799616242
 31
0.0
  0
ARC
  5
2DA8
330
1F
100
AcDbEntity
  8
HALFEN
100
AcDbCircle
 10
2252.091645219794
 20
168.3984060215828
 30
0.0
 40
3.0
100
AcDbArc
 50
90.0
 51
106.3807690285264
  0
ARC
  5
2DA9
330
1F
100
AcDbEntity
  8
HALFEN
100
AcDbCircle
 10
2252.091645219794
 20
158.3984060215828
 30
0.0
 40
3.0
100
AcDbArc
 50
253.6192309714736
 51
270.0
  0
ARC
  5
2DAA
330
1F
100
AcDbEntity
  8
HALFEN
100
AcDbCircle
 10
2539.424212250317
 20
168.3984060215828
 30
0.0
 40
3.0
100
AcDbArc
 50
73.61923097147355
 51
90.0
  0
ARC
  5
2DAB
330
1F
100
AcDbEntity
  8
HALFEN
100
AcDbCircle
 10
2539.424212250317
 20
158.3984060215828
 30
0.0
 40
3.0
100
AcDbArc
 50
270.0
 51
286.3807690285264
  0
ARC
  5
2DAC
330
1F
100
AcDbEntity
  8
HALFEN
100
AcDbCircle
 10
2543.473825083101
 20
171.8984060215828
 30
0.0
 40
1.5
100
AcDbArc
 50
253.6192309714736
 51
270.0
  0
ARC
  5
2DAD
330
1F
100
AcDbEntity
  8
HALFEN
100
AcDbCircle
 10
2543.473825083101
 20
154.8984060215826
 30
0.0
 40
1.5
100
AcDbArc
 50
90.0
 51
106.3807690285264
  0
ARC
  5
2DAE
330
1F
100
AcDbEntity
  8
HALFEN
100
AcDbCircle
 10
2248.042032387009
 20
171.8984060215828
 30
0.0
 40
1.5
100
AcDbArc
 50
270.0
 51
286.3807690285264
  0
ARC
  5
2DAF
330
1F
100
AcDbEntity
  8
HALFEN
100
AcDbCircle
 10
2248.042032387009
 20
154.8984060215826
 30
0.0
 40
1.5
100
AcDbArc
 50
73.61923097147355
 51
90.0
  0
LINE
  5
2DB0
330
1F
100
AcDbEntity
  8
HALFEN
 62
     1
100
AcDbLine
 10
2251.66425674304
 20
170.3522072115552
 30
0.0
 11
2251.66425674304
 21
156.4446048316103
 31
0.0
  0
LINE
  5
2DB1
330
1F
100
AcDbEntity
  8
HALFEN
 62
     1
100
AcDbLine
 10
2539.85160072707
 20
156.4446048316103
 30
0.0
 11
2539.85160072707
 21
170.3522072115552
 31
0.0
  0
LINE
  5
2DB2
330
1F
100
AcDbEntity
  8
HALFEN
  6
MITTE2
 62
     1
 48
3.0
100
AcDbLine
 10
2518.257928735057
 20
167.8984060215828
 30
0.0
 11
2518.257928735057
 21
158.8984060215828
 31
0.0
  0
CIRCLE
  5
2DB3
330
1F
100
AcDbEntity
  8
HALFEN
100
AcDbCircle
 10
2518.257928735057
 20
163.3984060215828
 30
0.0
 40
3.0
  0
LINE
  5
2DB4
330
1F
100
AcDbEntity
  8
HALFEN
100
AcDbLine
 10
2233.257928735056
 20
156.3984060215828
 30
0.0
 11
2233.257928735056
 21
170.3984060215828
 31
0.0
  0
LINE
  5
2DB5
330
1F
100
AcDbEntity
  8
HALFEN
100
AcDbLine
 10
2520.757928735056
 20
135.3984060215828
 30
0.0
 11
2520.757928735056
 21
108.3984060215828
 31
0.0
  0
LINE
  5
2DB6
330
1F
100
AcDbEntity
  8
HALFEN
100
AcDbLine
 10
2520.757928735056
 20
92.39840602158279
 30
0.0
 11
2520.757928735056
 21
65.3984060215828
 31
0.0
  0
LINE
  5
2DB7
330
1F
100
AcDbEntity
  8
HALFEN
100
AcDbLine
 10
2515.757928735057
 20
135.3984060215828
 30
0.0
 11
2520.757928735056
 21
135.3984060215828
 31
0.0
  0
LINE
  5
2DB8
330
1F
100
AcDbEntity
  8
HALFEN
100
AcDbLine
 10
2515.757928735057
 20
65.3984060215828
 30
0.0
 11
2515.757928735057
 21
92.39840602158279
 31
0.0
  0
LINE
  5
2DB9
330
1F
100
AcDbEntity
  8
HALFEN
100
AcDbLine
 10
2515.757928735057
 20
108.3984060215828
 30
0.0
 11
2515.757928735057
 21
135.3984060215828
 31
0.0
  0
LINE
  5
2DBA
330
1F
100
AcDbEntity
  8
HALFEN
100
AcDbLine
 10
2515.757928735057
 20
65.3984060215828
 30
0.0
 11
2520.757928735056
 21
65.3984060215828
 31
0.0
  0
LINE
  5
2DBB
330
1F
100
AcDbEntity
  8
HALFEN
100
AcDbLine
 10
2560.257928735055
 20
170.3984060215828
 30
0.0
 11
2560.257928735055
 21
156.3984060215828
 31
0.0
  0
LINE
  5
2DBC
330
1F
100
AcDbEntity
  8
HALFEN
 62
     1
100
AcDbLine
 10
2559.957928735056
 20
170.1598868056063
 30
0.0
 11
2558.557928735055
 21
170.1598868056063
 31
0.0
  0
LINE
  5
2DBD
330
1F
100
AcDbEntity
  8
HALFEN
 62
     1
100
AcDbLine
 10
2559.957928735056
 20
169.4605838480739
 30
0.0
 11
2558.557928735055
 21
169.4605838480738
 31
0.0
  0
LINE
  5
2DBE
330
1F
100
AcDbEntity
  8
HALFEN
 62
     1
100
AcDbLine
 10
2559.957928735056
 20
168.3481534898886
 30
0.0
 11
2558.557928735055
 21
168.3481534898886
 31
0.0
  0
LINE
  5
2DBF
330
1F
100
AcDbEntity
  8
HALFEN
 62
     1
100
AcDbLine
 10
2559.957928735056
 20
166.8984060215828
 30
0.0
 11
2558.557928735055
 21
166.8984060215828
 31
0.0
  0
LINE
  5
2DC0
330
1F
100
AcDbEntity
  8
HALFEN
 62
     1
100
AcDbLine
 10
2559.957928735056
 20
165.2101393373004
 30
0.0
 11
2558.557928735055
 21
165.2101393373004
 31
0.0
  0
LINE
  5
2DC1
330
1F
100
AcDbEntity
  8
HALFEN
 62
     1
100
AcDbLine
 10
2559.957928735056
 20
156.6369252375593
 30
0.0
 11
2558.557928735055
 21
156.6369252375593
 31
0.0
  0
LINE
  5
2DC2
330
1F
100
AcDbEntity
  8
HALFEN
 62
     1
100
AcDbLine
 10
2559.957928735056
 20
157.3362281950917
 30
0.0
 11
2558.557928735055
 21
157.3362281950917
 31
0.0
  0
LINE
  5
2DC3
330
1F
100
AcDbEntity
  8
HALFEN
 62
     1
100
AcDbLine
 10
2559.957928735056
 20
158.4486585532769
 30
0.0
 11
2558.557928735055
 21
158.4486585532769
 31
0.0
  0
LINE
  5
2DC4
330
1F
100
AcDbEntity
  8
HALFEN
 62
     1
100
AcDbLine
 10
2559.957928735056
 20
159.8984060215828
 30
0.0
 11
2558.557928735055
 21
159.8984060215828
 31
0.0
  0
LINE
  5
2DC5
330
1F
100
AcDbEntity
  8
HALFEN
 62
     1
100
AcDbLine
 10
2559.957928735056
 20
161.5866727058651
 30
0.0
 11
2558.557928735055
 21
161.5866727058651
 31
0.0
  0
LINE
  5
2DC6
330
1F
100
AcDbEntity
  8
HALFEN
  6
MITTE2
 62
     1
 48
6.0
100
AcDbLine
 10
2560.257928735055
 20
163.3984060215828
 30
0.0
 11
2233.257928735056
 21
163.3984060215828
 31
0.0
  0
CIRCLE
  5
2DC7
330
1F
100
AcDbEntity
  8
HALFEN
100
AcDbCircle
 10
2518.257928735057
 20
163.3984060215828
 30
0.0
 40
2.5
  0
LINE
  5
2DC8
330
1F
100
AcDbEntity
  8
HALFEN
100
AcDbLine
 10
2252.091645219794
 20
108.3984060215828
 30
0.0
 11
2539.424212250317
 21
108.3984060215828
 31
0.0
  0
LINE
  5
2DC9
330
1F
100
AcDbEntity
  8
HALFEN
100
AcDbLine
 10
2252.091645219794
 20
92.39840602158279
 30
0.0
 11
2539.424212250317
 21
92.39840602158279
 31
0.0
  0
LINE
  5
2DCA
330
1F
100
AcDbEntity
  8
HALFEN
100
AcDbLine
 10
2558.257928735057
 20
107.3984060215828
 30
0.0
 11
2558.257928735057
 21
93.39840602158281
 31
0.0
  0
LINE
  5
2DCB
330
1F
100
AcDbEntity
  8
HALFEN
 62
     1
100
AcDbLine
 10
2248.257928735055
 20
106.4077457141743
 30
0.0
 11
2248.257928735055
 21
94.38906632899131
 31
0.0
  0
LINE
  5
2DCC
330
1F
100
AcDbEntity
  8
HALFEN
 62
     1
100
AcDbLine
 10
2543.257928735056
 20
106.4077457141742
 30
0.0
 11
2543.257928735056
 21
94.38906632899131
 31
0.0
  0
LINE
  5
2DCD
330
1F
100
AcDbEntity
  8
HALFEN
100
AcDbLine
 10
2233.257928735056
 20
107.3984060215828
 30
0.0
 11
2248.042032387009
 21
107.3984060215828
 31
0.0
  0
LINE
  5
2DCE
330
1F
100
AcDbEntity
  8
HALFEN
100
AcDbLine
 10
2233.257928735056
 20
93.39840602158281
 30
0.0
 11
2248.042032387009
 21
93.39840602158281
 31
0.0
  0
LINE
  5
2DCF
330
1F
100
AcDbEntity
  8
HALFEN
100
AcDbLine
 10
2543.473825083101
 20
107.3984060215827
 30
0.0
 11
2560.257928735055
 21
107.3984060215828
 31
0.0
  0
LINE
  5
2DD0
330
1F
100
AcDbEntity
  8
HALFEN
100
AcDbLine
 10
2543.473825083101
 20
93.39840602158281
 30
0.0
 11
2560.257928735055
 21
93.39840602158281
 31
0.0
  0
LINE
  5
2DD1
330
1F
100
AcDbEntity
  8
HALFEN
100
AcDbLine
 10
2543.050795903323
 20
107.4592929916035
 30
0.0
 11
2540.270270609873
 21
108.2766320815414
 31
0.0
  0
LINE
  5
2DD2
330
1F
100
AcDbEntity
  8
HALFEN
100
AcDbLine
 10
2543.050795903323
 20
93.33751905156209
 30
0.0
 11
2540.270270609873
 21
92.52017996162424
 31
0.0
  0
LINE
  5
2DD3
330
1F
100
AcDbEntity
  8
HALFEN
100
AcDbLine
 10
2248.465061566787
 20
107.4592929916035
 30
0.0
 11
2251.245586860237
 21
108.2766320815414
 31
0.0
  0
LINE
  5
2DD4
330
1F
100
AcDbEntity
  8
HALFEN
100
AcDbLine
 10
2248.465061566787
 20
93.3375190515621
 30
0.0
 11
2251.245586860237
 21
92.52017996162424
 31
0.0
  0
ARC
  5
2DD5
330
1F
100
AcDbEntity
  8
HALFEN
100
AcDbCircle
 10
2252.091645219794
 20
105.3984060215828
 30
0.0
 40
3.0
100
AcDbArc
 50
90.0
 51
106.3807690285264
  0
ARC
  5
2DD6
330
1F
100
AcDbEntity
  8
HALFEN
100
AcDbCircle
 10
2252.091645219794
 20
95.3984060215828
 30
0.0
 40
3.0
100
AcDbArc
 50
253.6192309714736
 51
270.0
  0
ARC
  5
2DD7
330
1F
100
AcDbEntity
  8
HALFEN
100
AcDbCircle
 10
2539.424212250317
 20
105.3984060215828
 30
0.0
 40
3.0
100
AcDbArc
 50
73.6192309714736
 51
90.0
  0
ARC
  5
2DD8
330
1F
100
AcDbEntity
  8
HALFEN
100
AcDbCircle
 10
2539.424212250317
 20
95.3984060215828
 30
0.0
 40
3.0
100
AcDbArc
 50
270.0
 51
286.3807690285264
  0
ARC
  5
2DD9
330
1F
100
AcDbEntity
  8
HALFEN
100
AcDbCircle
 10
2543.473825083101
 20
108.8984060215828
 30
0.0
 40
1.5
100
AcDbArc
 50
253.6192309714736
 51
270.0
  0
ARC
  5
2DDA
330
1F
100
AcDbEntity
  8
HALFEN
100
AcDbCircle
 10
2543.473825083101
 20
91.8984060215828
 30
0.0
 40
1.5
100
AcDbArc
 50
90.0
 51
106.3807690285264
  0
ARC
  5
2DDB
330
1F
100
AcDbEntity
  8
HALFEN
100
AcDbCircle
 10
2248.042032387009
 20
108.8984060215828
 30
0.0
 40
1.5
100
AcDbArc
 50
270.0
 51
286.3807690285264
  0
ARC
  5
2DDC
330
1F
100
AcDbEntity
  8
HALFEN
100
AcDbCircle
 10
2248.042032387009
 20
91.8984060215828
 30
0.0
 40
1.5
100
AcDbArc
 50
73.6192309714736
 51
90.0
  0
LINE
  5
2DDD
330
1F
100
AcDbEntity
  8
HALFEN
 62
     1
100
AcDbLine
 10
2251.66425674304
 20
107.3522072115552
 30
0.0
 11
2251.66425674304
 21
93.44460483161034
 31
0.0
  0
LINE
  5
2DDE
330
1F
100
AcDbEntity
  8
HALFEN
 62
     1
100
AcDbLine
 10
2539.85160072707
 20
93.44460483161034
 30
0.0
 11
2539.85160072707
 21
107.3522072115552
 31
0.0
  0
LINE
  5
2DDF
330
1F
100
AcDbEntity
  8
HALFEN
  6
MITTE2
 62
     1
 48
6.0
100
AcDbLine
 10
2518.257928735057
 20
135.3984060215828
 30
0.0
 11
2518.257928735057
 21
65.3984060215828
 31
0.0
  0
LINE
  5
2DE0
330
1F
100
AcDbEntity
  8
HALFEN
100
AcDbLine
 10
2233.257928735056
 20
93.39840602158281
 30
0.0
 11
2233.257928735056
 21
107.3984060215828
 31
0.0
  0
LINE
  5
2DE1
330
1F
100
AcDbEntity
  8
HALFEN
100
AcDbLine
 10
2560.257928735055
 20
107.3984060215828
 30
0.0
 11
2560.257928735055
 21
93.39840602158281
 31
0.0
  0
LINE
  5
2DE2
330
1F
100
AcDbEntity
  8
HALFEN
 62
     1
100
AcDbLine
 10
2559.957928735056
 20
107.1598868056063
 30
0.0
 11
2558.557928735055
 21
107.1598868056063
 31
0.0
  0
LINE
  5
2DE3
330
1F
100
AcDbEntity
  8
HALFEN
 62
     1
100
AcDbLine
 10
2559.957928735056
 20
106.4605838480739
 30
0.0
 11
2558.557928735055
 21
106.4605838480737
 31
0.0
  0
LINE
  5
2DE4
330
1F
100
AcDbEntity
  8
HALFEN
 62
     1
100
AcDbLine
 10
2559.957928735056
 20
105.3481534898886
 30
0.0
 11
2558.557928735055
 21
105.3481534898886
 31
0.0
  0
LINE
  5
2DE5
330
1F
100
AcDbEntity
  8
HALFEN
 62
     1
100
AcDbLine
 10
2559.957928735056
 20
103.8984060215828
 30
0.0
 11
2558.557928735055
 21
103.8984060215828
 31
0.0
  0
LINE
  5
2DE6
330
1F
100
AcDbEntity
  8
HALFEN
 62
     1
100
AcDbLine
 10
2559.957928735056
 20
102.2101393373004
 30
0.0
 11
2558.557928735055
 21
102.2101393373004
 31
0.0
  0
LINE
  5
2DE7
330
1F
100
AcDbEntity
  8
HALFEN
 62
     1
100
AcDbLine
 10
2559.957928735056
 20
93.63692523755933
 30
0.0
 11
2558.557928735055
 21
93.63692523755933
 31
0.0
  0
LINE
  5
2DE8
330
1F
100
AcDbEntity
  8
HALFEN
 62
     1
100
AcDbLine
 10
2559.957928735056
 20
94.33622819509173
 30
0.0
 11
2558.557928735055
 21
94.33622819509174
 31
0.0
  0
LINE
  5
2DE9
330
1F
100
AcDbEntity
  8
HALFEN
 62
     1
100
AcDbLine
 10
2559.957928735056
 20
95.44865855327696
 30
0.0
 11
2558.557928735055
 21
95.44865855327696
 31
0.0
  0
LINE
  5
2DEA
330
1F
100
AcDbEntity
  8
HALFEN
 62
     1
100
AcDbLine
 10
2559.957928735056
 20
96.8984060215828
 30
0.0
 11
2558.557928735055
 21
96.89840602158286
 31
0.0
  0
LINE
  5
2DEB
330
1F
100
AcDbEntity
  8
HALFEN
 62
     1
100
AcDbLine
 10
2559.957928735056
 20
98.58667270586515
 30
0.0
 11
2558.557928735055
 21
98.58667270586515
 31
0.0
  0
LINE
  5
2DEC
330
1F
100
AcDbEntity
  8
HALFEN
  6
MITTE2
 62
     1
 48
6.0
100
AcDbLine
 10
2560.257928735055
 20
100.3984060215828
 30
0.0
 11
2233.257928735056
 21
100.3984060215828
 31
0.0
  0
LINE
  5
2DED
330
1F
100
AcDbEntity
  8
HALFEN
100
AcDbLine
 10
2650.257928735055
 20
160.8984060215828
 30
0.0
 11
2623.257928735055
 21
160.8984060215828
 31
0.0
  0
LINE
  5
2DEE
330
1F
100
AcDbEntity
  8
HALFEN
100
AcDbLine
 10
2607.257928735055
 20
160.8984060215828
 30
0.0
 11
2580.257928735055
 21
160.8984060215828
 31
0.0
  0
LINE
  5
2DEF
330
1F
100
AcDbEntity
  8
HALFEN
100
AcDbLine
 10
2580.257928735055
 20
165.8984060215828
 30
0.0
 11
2607.257928735055
 21
165.8984060215828
 31
0.0
  0
LINE
  5
2DF0
330
1F
100
AcDbEntity
  8
HALFEN
100
AcDbLine
 10
2623.257928735055
 20
165.8984060215828
 30
0.0
 11
2650.257928735055
 21
165.8984060215828
 31
0.0
  0
LINE
  5
2DF1
330
1F
100
AcDbEntity
  8
HALFEN
100
AcDbLine
 10
2580.257928735055
 20
165.8984060215828
 30
0.0
 11
2580.257928735055
 21
160.8984060215828
 31
0.0
  0
LINE
  5
2DF2
330
1F
100
AcDbEntity
  8
HALFEN
  6
MITTE2
 62
     1
 48
6.0
100
AcDbLine
 10
2650.257928735055
 20
163.3984060215828
 30
0.0
 11
2580.257928735055
 21
163.3984060215828
 31
0.0
  0
LINE
  5
2DF3
330
1F
100
AcDbEntity
  8
HALFEN
  6
MITTE2
 62
     1
 48
6.0
100
AcDbLine
 10
2615.257928735055
 20
155.3984060215828
 30
0.0
 11
2615.257928735055
 21
171.3984060215828
 31
0.0
  0
CIRCLE
  5
2DF4
330
1F
100
AcDbEntity
  8
HALFEN
100
AcDbCircle
 10
2615.257928735055
 20
163.3984060215828
 30
0.0
 40
6.999999999999913
  0
CIRCLE
  5
2DF5
330
1F
100
AcDbEntity
  8
HALFEN
100
AcDbCircle
 10
2615.257928735055
 20
163.3984060215828
 30
0.0
 40
8.0
  0
LINE
  5
2DF6
330
1F
100
AcDbEntity
  8
HALFEN
100
AcDbLine
 10
2650.257928735055
 20
165.8984060215828
 30
0.0
 11
2650.257928735055
 21
160.8984060215828
 31
0.0
  0
LINE
  5
2DFE
330
1F
100
AcDbEntity
  8
HALFEN
100
AcDbLine
 10
2700.257928735055
 20
183.3984060215828
 30
0.0
 11
2895.257928735055
 21
183.3984060215828
 31
0.0
  0
LINE
  5
2DFF
330
1F
100
AcDbEntity
  8
HALFEN
100
AcDbLine
 10
2700.257928735055
 20
193.3984060215826
 30
0.0
 11
2895.257928735055
 21
193.3984060215826
 31
0.0
  0
LINE
  5
2E00
330
1F
100
AcDbEntity
  8
HALFEN
100
AcDbLine
 10
2700.257928735055
 20
211.3984060215828
 30
0.0
 11
2895.257928735055
 21
211.3984060215828
 31
0.0
  0
TEXT
  5
2E01
330
1F
100
AcDbEntity
  8
HALFEN
100
AcDbText
 10
2755.257928735055
 20
203.8984060215828
 30
0.0
 40
5.0
  1
Halfen Gerüstanker HGA  - ZN -  355
  7
ARIAL50
100
AcDbText
  0
TEXT
  5
2E02
330
1F
100
AcDbEntity
  8
HALFEN
100
AcDbText
 10
2705.257928735055
 20
185.8984060215828
 30
0.0
 40
5.0
  1
Id. Nr.
  7
ARIAL50
100
AcDbText
  0
TEXT
  5
2E03
330
1F
100
AcDbEntity
  8
HALFEN
100
AcDbText
 10
2705.257928735055
 20
203.8984060215828
 30
0.0
 40
5.0
  1
Benennung
  7
ARIAL50
100
AcDbText
  0
TEXT
  5
2E04
330
1F
100
AcDbEntity
  8
HALFEN
100
AcDbText
 10
2700.257928735055
 20
213.8984060215828
 30
0.0
 40
5.0
  1
A4
  7
ARIAL50
100
AcDbText
  0
LINE
  5
2E05
330
1F
100
AcDbEntity
  8
HALFEN
100
AcDbLine
 10
2700.257928735055
 20
183.3984060215828
 30
0.0
 11
2700.257928735055
 21
211.3984060215828
 31
0.0
  0
LINE
  5
2E06
330
1F
100
AcDbEntity
  8
HALFEN
100
AcDbLine
 10
2750.257928735055
 20
183.3984060215828
 30
0.0
 11
2750.257928735055
 21
211.3984060215828
 31
0.0
  0
LINE
  5
2E07
330
1F
100
AcDbEntity
  8
HALFEN
100
AcDbLine
 10
2895.257928735055
 20
183.3984060215828
 30
0.0
 11
2895.257928735055
 21
211.3984060215828
 31
0.0
  0
TEXT
  5
2E08
330
1F
100
AcDbEntity
  8
HALFEN
100
AcDbText
 10
2755.257928735055
 20
185.8984060215828
 30
0.0
 40
5.0
  1
0159.020-00009
  7
ARIAL50
100
AcDbText
  0
LINE
  5
2E09
330
1F
100
AcDbEntity
  8
HALFEN
100
AcDbLine
 10
2719.091645219794
 20
171.3984060215828
 30
0.0
 11
3036.424212250316
 21
171.3984060215828
 31
0.0
  0
LINE
  5
2E0A
330
1F
100
AcDbEntity
  8
HALFEN
100
AcDbLine
 10
2719.091645219794
 20
155.3984060215828
 30
0.0
 11
3036.424212250316
 21
155.3984060215828
 31
0.0
  0
LINE
  5
2E0B
330
1F
100
AcDbEntity
  8
HALFEN
100
AcDbLine
 10
3055.257928735055
 20
170.3984060215828
 30
0.0
 11
3055.257928735055
 21
156.3984060215828
 31
0.0
  0
LINE
  5
2E0C
330
1F
100
AcDbEntity
  8
HALFEN
 62
     1
100
AcDbLine
 10
2715.257928735055
 20
169.4077457141743
 30
0.0
 11
2715.257928735055
 21
157.3890663289913
 31
0.0
  0
LINE
  5
2E0D
330
1F
100
AcDbEntity
  8
HALFEN
 62
     1
100
AcDbLine
 10
3040.257928735055
 20
169.4077457141743
 30
0.0
 11
3040.257928735055
 21
157.3890663289913
 31
0.0
  0
LINE
  5
2E0E
330
1F
100
AcDbEntity
  8
HALFEN
100
AcDbLine
 10
2700.257928735055
 20
170.3984060215828
 30
0.0
 11
2715.042032387009
 21
170.3984060215828
 31
0.0
  0
LINE
  5
2E0F
330
1F
100
AcDbEntity
  8
HALFEN
100
AcDbLine
 10
2700.257928735055
 20
156.3984060215828
 30
0.0
 11
2715.042032387009
 21
156.3984060215828
 31
0.0
  0
LINE
  5
2E10
330
1F
100
AcDbEntity
  8
HALFEN
100
AcDbLine
 10
3040.473825083101
 20
170.3984060215828
 30
0.0
 11
3057.257928735055
 21
170.3984060215828
 31
0.0
  0
LINE
  5
2E11
330
1F
100
AcDbEntity
  8
HALFEN
100
AcDbLine
 10
3040.473825083101
 20
156.3984060215828
 30
0.0
 11
3057.257928735055
 21
156.3984060215828
 31
0.0
  0
LINE
  5
2E12
330
1F
100
AcDbEntity
  8
HALFEN
100
AcDbLine
 10
3040.050795903323
 20
170.4592929916035
 30
0.0
 11
3037.270270609872
 21
171.2766320815414
 31
0.0
  0
LINE
  5
2E13
330
1F
100
AcDbEntity
  8
HALFEN
100
AcDbLine
 10
3040.050795903323
 20
156.337519051562
 30
0.0
 11
3037.270270609872
 21
155.5201799616242
 31
0.0
  0
LINE
  5
2E14
330
1F
100
AcDbEntity
  8
HALFEN
100
AcDbLine
 10
2715.465061566787
 20
170.4592929916035
 30
0.0
 11
2718.245586860237
 21
171.2766320815414
 31
0.0
  0
LINE
  5
2E15
330
1F
100
AcDbEntity
  8
HALFEN
100
AcDbLine
 10
2715.465061566787
 20
156.337519051562
 30
0.0
 11
2718.245586860237
 21
155.5201799616242
 31
0.0
  0
ARC
  5
2E16
330
1F
100
AcDbEntity
  8
HALFEN
100
AcDbCircle
 10
2719.091645219794
 20
168.3984060215828
 30
0.0
 40
3.0
100
AcDbArc
 50
90.0
 51
106.3807690285264
  0
ARC
  5
2E17
330
1F
100
AcDbEntity
  8
HALFEN
100
AcDbCircle
 10
2719.091645219794
 20
158.3984060215828
 30
0.0
 40
3.0
100
AcDbArc
 50
253.6192309714736
 51
270.0
  0
ARC
  5
2E18
330
1F
100
AcDbEntity
  8
HALFEN
100
AcDbCircle
 10
3036.424212250316
 20
168.3984060215828
 30
0.0
 40
3.0
100
AcDbArc
 50
73.6192309714736
 51
90.0
  0
ARC
  5
2E19
330
1F
100
AcDbEntity
  8
HALFEN
100
AcDbCircle
 10
3036.424212250316
 20
158.3984060215828
 30
0.0
 40
3.0
100
AcDbArc
 50
270.0
 51
286.3807690285264
  0
ARC
  5
2E1A
330
1F
100
AcDbEntity
  8
HALFEN
100
AcDbCircle
 10
3040.473825083101
 20
171.8984060215828
 30
0.0
 40
1.5
100
AcDbArc
 50
253.6192309714736
 51
270.0
  0
ARC
  5
2E1B
330
1F
100
AcDbEntity
  8
HALFEN
100
AcDbCircle
 10
3040.473825083101
 20
154.8984060215826
 30
0.0
 40
1.5
100
AcDbArc
 50
90.0
 51
106.3807690285264
  0
ARC
  5
2E1C
330
1F
100
AcDbEntity
  8
HALFEN
100
AcDbCircle
 10
2715.042032387009
 20
171.8984060215828
 30
0.0
 40
1.5
100
AcDbArc
 50
270.0
 51
286.3807690285264
  0
ARC
  5
2E1D
330
1F
100
AcDbEntity
  8
HALFEN
100
AcDbCircle
 10
2715.042032387009
 20
154.8984060215826
 30
0.0
 40
1.5
100
AcDbArc
 50
73.6192309714736
 51
90.0
  0
LINE
  5
2E1E
330
1F
100
AcDbEntity
  8
HALFEN
 62
     1
100
AcDbLine
 10
2718.66425674304
 20
170.3522072115552
 30
0.0
 11
2718.66425674304
 21
156.4446048316103
 31
0.0
  0
LINE
  5
2E1F
330
1F
100
AcDbEntity
  8
HALFEN
 62
     1
100
AcDbLine
 10
3036.85160072707
 20
156.4446048316103
 30
0.0
 11
3036.85160072707
 21
170.3522072115552
 31
0.0
  0
LINE
  5
2E20
330
1F
100
AcDbEntity
  8
HALFEN
  6
MITTE2
 62
     1
 48
3.0
100
AcDbLine
 10
3015.257928735055
 20
167.8984060215828
 30
0.0
 11
3015.257928735055
 21
158.8984060215828
 31
0.0
  0
CIRCLE
  5
2E21
330
1F
100
AcDbEntity
  8
HALFEN
100
AcDbCircle
 10
3015.257928735055
 20
163.3984060215828
 30
0.0
 40
3.0
  0
LINE
  5
2E22
330
1F
100
AcDbEntity
  8
HALFEN
100
AcDbLine
 10
2700.257928735055
 20
156.3984060215828
 30
0.0
 11
2700.257928735055
 21
170.3984060215828
 31
0.0
  0
LINE
  5
2E23
330
1F
100
AcDbEntity
  8
HALFEN
100
AcDbLine
 10
3017.757928735055
 20
135.3984060215828
 30
0.0
 11
3017.757928735055
 21
108.3984060215828
 31
0.0
  0
LINE
  5
2E24
330
1F
100
AcDbEntity
  8
HALFEN
100
AcDbLine
 10
3017.757928735055
 20
92.39840602158279
 30
0.0
 11
3017.757928735055
 21
65.3984060215828
 31
0.0
  0
LINE
  5
2E25
330
1F
100
AcDbEntity
  8
HALFEN
100
AcDbLine
 10
3012.757928735055
 20
135.3984060215828
 30
0.0
 11
3017.757928735055
 21
135.3984060215828
 31
0.0
  0
LINE
  5
2E26
330
1F
100
AcDbEntity
  8
HALFEN
100
AcDbLine
 10
3012.757928735055
 20
65.3984060215828
 30
0.0
 11
3012.757928735055
 21
92.39840602158279
 31
0.0
  0
LINE
  5
2E27
330
1F
100
AcDbEntity
  8
HALFEN
100
AcDbLine
 10
3012.757928735055
 20
108.3984060215828
 30
0.0
 11
3012.757928735055
 21
135.3984060215828
 31
0.0
  0
LINE
  5
2E28
330
1F
100
AcDbEntity
  8
HALFEN
100
AcDbLine
 10
3012.757928735055
 20
65.3984060215828
 30
0.0
 11
3017.757928735055
 21
65.3984060215828
 31
0.0
  0
LINE
  5
2E29
330
1F
100
AcDbEntity
  8
HALFEN
100
AcDbLine
 10
3057.257928735055
 20
170.3984060215828
 30
0.0
 11
3057.257928735055
 21
156.3984060215828
 31
0.0
  0
LINE
  5
2E2A
330
1F
100
AcDbEntity
  8
HALFEN
 62
     1
100
AcDbLine
 10
3056.957928735055
 20
170.1598868056063
 30
0.0
 11
3055.557928735055
 21
170.1598868056063
 31
0.0
  0
LINE
  5
2E2B
330
1F
100
AcDbEntity
  8
HALFEN
 62
     1
100
AcDbLine
 10
3056.957928735055
 20
169.4605838480739
 30
0.0
 11
3055.557928735055
 21
169.4605838480738
 31
0.0
  0
LINE
  5
2E2C
330
1F
100
AcDbEntity
  8
HALFEN
 62
     1
100
AcDbLine
 10
3056.957928735055
 20
168.3481534898886
 30
0.0
 11
3055.557928735055
 21
168.3481534898886
 31
0.0
  0
LINE
  5
2E2D
330
1F
100
AcDbEntity
  8
HALFEN
 62
     1
100
AcDbLine
 10
3056.957928735055
 20
166.8984060215828
 30
0.0
 11
3055.557928735055
 21
166.8984060215828
 31
0.0
  0
LINE
  5
2E2E
330
1F
100
AcDbEntity
  8
HALFEN
 62
     1
100
AcDbLine
 10
3056.957928735055
 20
165.2101393373004
 30
0.0
 11
3055.557928735055
 21
165.2101393373004
 31
0.0
  0
LINE
  5
2E2F
330
1F
100
AcDbEntity
  8
HALFEN
 62
     1
100
AcDbLine
 10
3056.957928735055
 20
156.6369252375593
 30
0.0
 11
3055.557928735055
 21
156.6369252375593
 31
0.0
  0
LINE
  5
2E30
330
1F
100
AcDbEntity
  8
HALFEN
 62
     1
100
AcDbLine
 10
3056.957928735055
 20
157.3362281950917
 30
0.0
 11
3055.557928735055
 21
157.3362281950917
 31
0.0
  0
LINE
  5
2E31
330
1F
100
AcDbEntity
  8
HALFEN
 62
     1
100
AcDbLine
 10
3056.957928735055
 20
158.4486585532769
 30
0.0
 11
3055.557928735055
 21
158.4486585532769
 31
0.0
  0
LINE
  5
2E32
330
1F
100
AcDbEntity
  8
HALFEN
 62
     1
100
AcDbLine
 10
3056.957928735055
 20
159.8984060215828
 30
0.0
 11
3055.557928735055
 21
159.8984060215828
 31
0.0
  0
LINE
  5
2E33
330
1F
100
AcDbEntity
  8
HALFEN
 62
     1
100
AcDbLine
 10
3056.957928735055
 20
161.5866727058651
 30
0.0
 11
3055.557928735055
 21
161.5866727058651
 31
0.0
  0
LINE
  5
2E34
330
1F
100
AcDbEntity
  8
HALFEN
  6
MITTE2
 62
     1
 48
6.0
100
AcDbLine
 10
3057.257928735055
 20
163.3984060215828
 30
0.0
 11
2700.257928735055
 21
163.3984060215828
 31
0.0
  0
CIRCLE
  5
2E35
330
1F
100
AcDbEntity
  8
HALFEN
100
AcDbCircle
 10
3015.257928735055
 20
163.3984060215828
 30
0.0
 40
2.5
  0
LINE
  5
2E36
330
1F
100
AcDbEntity
  8
HALFEN
100
AcDbLine
 10
2719.091645219794
 20
108.3984060215828
 30
0.0
 11
3036.424212250316
 21
108.3984060215828
 31
0.0
  0
LINE
  5
2E37
330
1F
100
AcDbEntity
  8
HALFEN
100
AcDbLine
 10
2719.091645219794
 20
92.39840602158279
 30
0.0
 11
3036.424212250316
 21
92.39840602158279
 31
0.0
  0
LINE
  5
2E38
330
1F
100
AcDbEntity
  8
HALFEN
100
AcDbLine
 10
3055.257928735055
 20
107.3984060215828
 30
0.0
 11
3055.257928735055
 21
93.39840602158281
 31
0.0
  0
LINE
  5
2E39
330
1F
100
AcDbEntity
  8
HALFEN
 62
     1
100
AcDbLine
 10
2715.257928735055
 20
106.4077457141743
 30
0.0
 11
2715.257928735055
 21
94.38906632899131
 31
0.0
  0
LINE
  5
2E3A
330
1F
100
AcDbEntity
  8
HALFEN
 62
     1
100
AcDbLine
 10
3040.257928735055
 20
106.4077457141742
 30
0.0
 11
3040.257928735055
 21
94.38906632899131
 31
0.0
  0
LINE
  5
2E3B
330
1F
100
AcDbEntity
  8
HALFEN
100
AcDbLine
 10
2700.257928735055
 20
107.3984060215828
 30
0.0
 11
2715.042032387009
 21
107.3984060215828
 31
0.0
  0
LINE
  5
2E3C
330
1F
100
AcDbEntity
  8
HALFEN
100
AcDbLine
 10
2700.257928735055
 20
93.39840602158281
 30
0.0
 11
2715.042032387009
 21
93.39840602158281
 31
0.0
  0
LINE
  5
2E3D
330
1F
100
AcDbEntity
  8
HALFEN
100
AcDbLine
 10
3040.473825083101
 20
107.3984060215827
 30
0.0
 11
3057.257928735055
 21
107.3984060215828
 31
0.0
  0
LINE
  5
2E3E
330
1F
100
AcDbEntity
  8
HALFEN
100
AcDbLine
 10
3040.473825083101
 20
93.39840602158281
 30
0.0
 11
3057.257928735055
 21
93.39840602158281
 31
0.0
  0
LINE
  5
2E3F
330
1F
100
AcDbEntity
  8
HALFEN
100
AcDbLine
 10
3040.050795903323
 20
107.4592929916035
 30
0.0
 11
3037.270270609872
 21
108.2766320815414
 31
0.0
  0
LINE
  5
2E40
330
1F
100
AcDbEntity
  8
HALFEN
100
AcDbLine
 10
3040.050795903323
 20
93.33751905156209
 30
0.0
 11
3037.270270609872
 21
92.52017996162424
 31
0.0
  0
LINE
  5
2E41
330
1F
100
AcDbEntity
  8
HALFEN
100
AcDbLine
 10
2715.465061566787
 20
107.4592929916035
 30
0.0
 11
2718.245586860237
 21
108.2766320815414
 31
0.0
  0
LINE
  5
2E42
330
1F
100
AcDbEntity
  8
HALFEN
100
AcDbLine
 10
2715.465061566787
 20
93.3375190515621
 30
0.0
 11
2718.245586860237
 21
92.52017996162424
 31
0.0
  0
ARC
  5
2E43
330
1F
100
AcDbEntity
  8
HALFEN
100
AcDbCircle
 10
2719.091645219794
 20
105.3984060215828
 30
0.0
 40
3.0
100
AcDbArc
 50
90.0
 51
106.3807690285263
  0
ARC
  5
2E44
330
1F
100
AcDbEntity
  8
HALFEN
100
AcDbCircle
 10
2719.091645219794
 20
95.3984060215828
 30
0.0
 40
3.0
100
AcDbArc
 50
253.6192309714736
 51
270.0
  0
ARC
  5
2E45
330
1F
100
AcDbEntity
  8
HALFEN
100
AcDbCircle
 10
3036.424212250316
 20
105.3984060215828
 30
0.0
 40
3.0
100
AcDbArc
 50
73.61923097147361
 51
90.0
  0
ARC
  5
2E46
330
1F
100
AcDbEntity
  8
HALFEN
100
AcDbCircle
 10
3036.424212250316
 20
95.3984060215828
 30
0.0
 40
3.0
100
AcDbArc
 50
270.0
 51
286.3807690285264
  0
ARC
  5
2E47
330
1F
100
AcDbEntity
  8
HALFEN
100
AcDbCircle
 10
3040.473825083101
 20
108.8984060215828
 30
0.0
 40
1.5
100
AcDbArc
 50
253.6192309714736
 51
270.0
  0
ARC
  5
2E48
330
1F
100
AcDbEntity
  8
HALFEN
100
AcDbCircle
 10
3040.473825083101
 20
91.8984060215828
 30
0.0
 40
1.5
100
AcDbArc
 50
90.0
 51
106.3807690285263
  0
ARC
  5
2E49
330
1F
100
AcDbEntity
  8
HALFEN
100
AcDbCircle
 10
2715.042032387009
 20
108.8984060215828
 30
0.0
 40
1.5
100
AcDbArc
 50
270.0
 51
286.3807690285264
  0
ARC
  5
2E4A
330
1F
100
AcDbEntity
  8
HALFEN
100
AcDbCircle
 10
2715.042032387009
 20
91.8984060215828
 30
0.0
 40
1.5
100
AcDbArc
 50
73.61923097147361
 51
90.0
  0
LINE
  5
2E4B
330
1F
100
AcDbEntity
  8
HALFEN
 62
     1
100
AcDbLine
 10
2718.66425674304
 20
107.3522072115552
 30
0.0
 11
2718.66425674304
 21
93.44460483161034
 31
0.0
  0
LINE
  5
2E4C
330
1F
100
AcDbEntity
  8
HALFEN
 62
     1
100
AcDbLine
 10
3036.85160072707
 20
93.44460483161034
 30
0.0
 11
3036.85160072707
 21
107.3522072115552
 31
0.0
  0
LINE
  5
2E4D
330
1F
100
AcDbEntity
  8
HALFEN
  6
MITTE2
 62
     1
 48
6.0
100
AcDbLine
 10
3015.257928735055
 20
135.3984060215828
 30
0.0
 11
3015.257928735055
 21
65.3984060215828
 31
0.0
  0
LINE
  5
2E4E
330
1F
100
AcDbEntity
  8
HALFEN
100
AcDbLine
 10
2700.257928735055
 20
93.39840602158281
 30
0.0
 11
2700.257928735055
 21
107.3984060215828
 31
0.0
  0
LINE
  5
2E4F
330
1F
100
AcDbEntity
  8
HALFEN
100
AcDbLine
 10
3057.257928735055
 20
107.3984060215828
 30
0.0
 11
3057.257928735055
 21
93.39840602158281
 31
0.0
  0
LINE
  5
2E50
330
1F
100
AcDbEntity
  8
HALFEN
 62
     1
100
AcDbLine
 10
3056.957928735055
 20
107.1598868056063
 30
0.0
 11
3055.557928735055
 21
107.1598868056063
 31
0.0
  0
LINE
  5
2E51
330
1F
100
AcDbEntity
  8
HALFEN
 62
     1
100
AcDbLine
 10
3056.957928735055
 20
106.4605838480739
 30
0.0
 11
3055.557928735055
 21
106.4605838480737
 31
0.0
  0
LINE
  5
2E52
330
1F
100
AcDbEntity
  8
HALFEN
 62
     1
100
AcDbLine
 10
3056.957928735055
 20
105.3481534898886
 30
0.0
 11
3055.557928735055
 21
105.3481534898886
 31
0.0
  0
LINE
  5
2E53
330
1F
100
AcDbEntity
  8
HALFEN
 62
     1
100
AcDbLine
 10
3056.957928735055
 20
103.8984060215828
 30
0.0
 11
3055.557928735055
 21
103.8984060215828
 31
0.0
  0
LINE
  5
2E54
330
1F
100
AcDbEntity
  8
HALFEN
 62
     1
100
AcDbLine
 10
3056.957928735055
 20
102.2101393373004
 30
0.0
 11
3055.557928735055
 21
102.2101393373004
 31
0.0
  0
LINE
  5
2E55
330
1F
100
AcDbEntity
  8
HALFEN
 62
     1
100
AcDbLine
 10
3056.957928735055
 20
93.63692523755933
 30
0.0
 11
3055.557928735055
 21
93.63692523755933
 31
0.0
  0
LINE
  5
2E56
330
1F
100
AcDbEntity
  8
HALFEN
 62
     1
100
AcDbLine
 10
3056.957928735055
 20
94.33622819509173
 30
0.0
 11
3055.557928735055
 21
94.33622819509174
 31
0.0
  0
LINE
  5
2E57
330
1F
100
AcDbEntity
  8
HALFEN
 62
     1
100
AcDbLine
 10
3056.957928735055
 20
95.44865855327696
 30
0.0
 11
3055.557928735055
 21
95.44865855327696
 31
0.0
  0
LINE
  5
2E58
330
1F
100
AcDbEntity
  8
HALFEN
 62
     1
100
AcDbLine
 10
3056.957928735055
 20
96.8984060215828
 30
0.0
 11
3055.557928735055
 21
96.89840602158286
 31
0.0
  0
LINE
  5
2E59
330
1F
100
AcDbEntity
  8
HALFEN
 62
     1
100
AcDbLine
 10
3056.957928735055
 20
98.58667270586515
 30
0.0
 11
3055.557928735055
 21
98.58667270586515
 31
0.0
  0
LINE
  5
2E5A
330
1F
100
AcDbEntity
  8
HALFEN
  6
MITTE2
 62
     1
 48
6.0
100
AcDbLine
 10
3057.257928735055
 20
100.3984060215828
 30
0.0
 11
2700.257928735055
 21
100.3984060215828
 31
0.0
  0
LINE
  5
2E5B
330
1F
100
AcDbEntity
  8
HALFEN
100
AcDbLine
 10
3147.257928735055
 20
160.8984060215828
 30
0.0
 11
3120.257928735055
 21
160.8984060215828
 31
0.0
  0
LINE
  5
2E5C
330
1F
100
AcDbEntity
  8
HALFEN
100
AcDbLine
 10
3104.257928735056
 20
160.8984060215828
 30
0.0
 11
3077.257928735055
 21
160.8984060215828
 31
0.0
  0
LINE
  5
2E5D
330
1F
100
AcDbEntity
  8
HALFEN
100
AcDbLine
 10
3077.257928735055
 20
165.8984060215828
 30
0.0
 11
3104.257928735056
 21
165.8984060215828
 31
0.0
  0
LINE
  5
2E5E
330
1F
100
AcDbEntity
  8
HALFEN
100
AcDbLine
 10
3120.257928735055
 20
165.8984060215828
 30
0.0
 11
3147.257928735055
 21
165.8984060215828
 31
0.0
  0
LINE
  5
2E5F
330
1F
100
AcDbEntity
  8
HALFEN
100
AcDbLine
 10
3077.257928735055
 20
165.8984060215828
 30
0.0
 11
3077.257928735055
 21
160.8984060215828
 31
0.0
  0
LINE
  5
2E60
330
1F
100
AcDbEntity
  8
HALFEN
  6
MITTE2
 62
     1
 48
6.0
100
AcDbLine
 10
3147.257928735055
 20
163.3984060215828
 30
0.0
 11
3077.257928735055
 21
163.3984060215828
 31
0.0
  0
LINE
  5
2E61
330
1F
100
AcDbEntity
  8
HALFEN
  6
MITTE2
 62
     1
 48
6.0
100
AcDbLine
 10
3112.257928735055
 20
155.3984060215828
 30
0.0
 11
3112.257928735055
 21
171.3984060215828
 31
0.0
  0
CIRCLE
  5
2E62
330
1F
100
AcDbEntity
  8
HALFEN
100
AcDbCircle
 10
3112.257928735055
 20
163.3984060215828
 30
0.0
 40
6.999999999999913
  0
CIRCLE
  5
2E63
330
1F
100
AcDbEntity
  8
HALFEN
100
AcDbCircle
 10
3112.257928735055
 20
163.3984060215828
 30
0.0
 40
8.0
  0
LINE
  5
2E64
330
1F
100
AcDbEntity
  8
HALFEN
100
AcDbLine
 10
3147.257928735055
 20
165.8984060215828
 30
0.0
 11
3147.257928735055
 21
160.8984060215828
 31
0.0
  0
ENDSEC
  0
SECTION
  2
OBJECTS
  0
DICTIONARY
  5
C
330
0
100
AcDbDictionary
281
     1
  3
ACAD_ASSOCPERSSUBENTMANAGER
350
2FF3
  3
ACAD_BACKGROUND
350
2484
  3
ACAD_CIP_PREVIOUS_PRODUCT_INFO
350
2FF7
  3
ACAD_COLOR
350
D7
  3
ACAD_DETAILVIEWSTYLE
350
300A
  3
ACAD_FIELDLIST
350
3072
  3
ACAD_GROUP
350
D
  3
ACAD_LAYOUT
350
1A
  3
ACAD_MATERIAL
350
D6
  3
ACAD_MLEADERSTYLE
350
211B
  3
ACAD_MLINESTYLE
350
17
  3
ACAD_PERSUBENTMGR
350
24E5
  3
ACAD_PLOTSETTINGS
350
19
  3
ACAD_PLOTSTYLENAME
350
E
  3
ACAD_SCALELIST
350
20F9
  3
ACAD_SECTIONVIEWSTYLE
350
3008
  3
ACAD_TABLESTYLE
350
133
  3
ACAD_VISUALSTYLE
350
20E8
  3
ACDB_RECOMPOSE_DATA
350
308C
  3
AcDbVariableDictionary
350
34
  3
AcmDictionary
350
49
  3
AEC_PROPERTY_SET_DEFS
350
227C
  3
AMG
350
2B
  3
AMGSNAPSETTINGS
350
1B4
  0
DICTIONARY
  5
2F9E
330
8
100
AcDbDictionary
280
     1
281
     1
  0
DICTIONARY
  5
C0
330
2
100
AcDbDictionary
280
     1
281
     1
  3
ACAD_LAYERFILTERS
360
27EF
  3
ACAD_LAYERSTATES
360
37E
  3
ACLYDICTIONARY
360
27EE
  3
AMLAYER_GROUPCOLORS
360
C1
  0
DICTIONARY
  5
252F
330
10
100
AcDbDictionary
280
     1
281
     1
  3
ADSK_XREC_LAYER_RECONCILED
360
2B52
  0
DICTIONARY
  5
2B53
330
27ED
100
AcDbDictionary
280
     1
281
     1
  3
ADSK_XREC_LAYER_RECONCILED
360
2B54
  0
DICTIONARY
  5
83
330
1F
100
AcDbDictionary
280
     1
281
     1
  3
ACAD_SORTENTS
360
7BE
  0
ACDBASSOCPERSSUBENTMANAGER
  5
2FF3
102
{ACAD_REACTORS
330
C
102
}
330
C
100
AcDbAssocPersSubentManager
 90
        2
 90
        3
 90
        0
 90
        2
 90
        0
 90
        0
 90
        0
 90
        0
 90
        0
290
     0
  0
DICTIONARY
  5
2484
102
{ACAD_REACTORS
330
C
102
}
330
C
100
AcDbDictionary
281
     1
  0
XRECORD
  5
2FF7
102
{ACAD_REACTORS
330
C
102
}
330
C
100
AcDbXrecord
280
     1
300
AMECH_PP
300
2015
300
PDSU_F_S
  0
DICTIONARY
  5
D7
102
{ACAD_REACTORS
330
C
102
}
330
C
100
AcDbDictionary
281
     1
  0
DICTIONARY
  5
300A
102
{ACAD_REACTORS
330
C
102
}
330
C
100
AcDbDictionary
281
     1
  3
Metric50
350
300B
  0
FIELDLIST
  5
3072
102
{ACAD_REACTORS
330
C
102
}
330
C
100
AcDbIdSet
 90
        6
330
3070
330
3071
330
3073
330
307B
330
307C
330
307D
100
AcDbFieldList
  0
DICTIONARY
  5
D
102
{ACAD_REACTORS
330
C
102
}
330
C
100
AcDbDictionary
281
     1
  0
DICTIONARY
  5
1A
102
{ACAD_REACTORS
330
C
102
}
330
C
100
AcDbDictionary
281
     1
  3
Layout1
350
27A7
  3
Model
350
22
  0
DICTIONARY
  5
D6
102
{ACAD_REACTORS
330
C
102
}
330
C
100
AcDbDictionary
281
     1
  3
ByBlock
350
378
  3
ByLayer
350
37B
  3
Global
350
2F5
  0
DICTIONARY
  5
211B
102
{ACAD_REACTORS
330
C
102
}
330
C
100
AcDbDictionary
281
     1
  3
Standard
350
211C
  0
DICTIONARY
  5
17
102
{ACAD_REACTORS
330
C
102
}
330
C
100
AcDbDictionary
281
     1
  3
Standard
350
18
  0
ACDBPERSSUBENTMANAGER
  5
24E5
102
{ACAD_REACTORS
330
C
102
}
330
C
100
AcDbPersSubentManager
 90
        2
 90
        0
 90
        2
 90
        0
 90
        0
 90
        0
  0
DICTIONARY
  5
19
102
{ACAD_REACTORS
330
C
102
}
330
C
100
AcDbDictionary
281
     1
  3
1_1
350
2049
  3
1_1 A4
350
209D
  3
1_1 A4quer
350
20D1
  0
ACDBDICTIONARYWDFLT
  5
E
102
{ACAD_REACTORS
330
C
102
}
330
C
100
AcDbDictionary
281
     1
  3
Normal
350
F
100
AcDbDictionaryWithDefault
340
F
  0
DICTIONARY
  5
20F9
102
{ACAD_REACTORS
330
C
102
}
330
C
100
AcDbDictionary
281
     1
  3
A0
350
20FA
  3
A1
350
20FB
  3
A2
350
20FC
  3
A3
350
20FD
  3
A4
350
20FE
  3
A5
350
20FF
  3
A6
350
2100
  3
A7
350
2101
  3
A8
350
2102
  3
A9
350
2103
  3
B0
350
2104
  3
B1
350
2105
  3
B2
350
2106
  3
B3
350
2107
  3
B4
350
2108
  3
B5
350
2109
  3
B6
350
210A
  3
B7
350
210B
  3
B8
350
210C
  3
B9
350
210D
  3
C0
350
210E
  3
C1
350
210F
  3
C2
350
2110
  3
C3
350
2111
  3
C4
350
2112
  3
C5
350
2113
  3
C6
350
2114
  3
C7
350
2115
  3
C8
350
2116
  3
C9
350
2117
  3
D0
350
2118
  3
D1
350
2119
  3
D2
350
211A
  0
DICTIONARY
  5
3008
102
{ACAD_REACTORS
330
C
102
}
330
C
100
AcDbDictionary
281
     1
  3
Metric50
350
3009
  0
DICTIONARY
  5
133
102
{ACAD_REACTORS
330
C
102
}
330
C
100
AcDbDictionary
281
     1
  3
Standard
350
134
  0
DICTIONARY
  5
20E8
102
{ACAD_REACTORS
330
C
102
}
330
C
100
AcDbDictionary
281
     1
  3
2dWireframe
350
20EE
  3
3D Hidden
350
20F0
  3
3dWireframe
350
20EF
  3
Basic
350
20ED
  3
Brighten
350
20F4
  3
ColorChange
350
20F8
  3
Conceptual
350
20F1
  3
Dim
350
20F3
  3
EdgeColorOff
350
27F5
  3
Facepattern
350
20F7
  3
Flat
350
20E9
  3
FlatWithEdges
350
20EA
  3
Gouraud
350
20EB
  3
GouraudWithEdges
350
20EC
  3
Hidden
350
2FED
  3
JitterOff
350
27F3
  3
Linepattern
350
20F6
  3
OverhangOff
350
27F4
  3
Realistic
350
20F2
  3
Shaded
350
2FF2
  3
Shaded with edges
350
2FF1
  3
Shades of Gray
350
2FEE
  3
Sketchy
350
2FEF
  3
Thicken
350
20F5
  3
Wireframe
350
2FEC
  3
X-Ray
350
2FF0
  0
XRECORD
  5
308C
102
{ACAD_REACTORS
330
C
102
}
330
C
100
AcDbXrecord
280
     1
 90
        1
330
134
330
3009
330
300B
  0
DICTIONARY
  5
34
102
{ACAD_REACTORS
330
C
102
}
330
C
100
AcDbDictionary
281
     1
  3
CANNOSCALE
350
215A
  3
CMLEADERSTYLE
350
2158
  3
CTABLESTYLE
350
152
  3
CVIEWDETAILSTYLE
350
3085
  3
CVIEWSECTIONSTYLE
350
3086
  3
DIMASSOC
350
AD
  3
INDEXCTL
350
35
  3
LAYEREVAL
350
258A
  3
LAYERNOTIFY
350
258B
  3
LIGHTINGUNITS
350
215B
  3
MSLTSCALE
350
2159
  3
SORTENTS
350
2FEA
  0
DICTIONARY
  5
49
102
{ACAD_REACTORS
330
C
102
}
330
C
100
AcDbDictionary
281
     1
  3
AcmBOM
350
1B1
  3
AcmStdDictionary
350
4A
  3
AMDTSECTSYM_ARROWCOLOR
350
13D
  0
DICTIONARY
  5
227C
102
{ACAD_REACTORS
330
C
102
}
330
C
100
AcDbDictionary
281
     1
  0
DICTIONARY
  5
2B
102
{ACAD_REACTORS
330
C
102
}
330
C
100
AcDbDictionary
281
     1
  0
DICTIONARY
  5
1B4
102
{ACAD_REACTORS
330
C
102
}
330
C
100
AcDbDictionary
281
     1
  0
DICTIONARY
  5
27EF
102
{ACAD_REACTORS
330
C0
102
}
330
C0
100
AcDbDictionary
281
     1
  0
DICTIONARY
  5
37E
102
{ACAD_REACTORS
330
C0
102
}
330
C0
100
AcDbDictionary
281
     1
  0
DICTIONARY
  5
27EE
102
{ACAD_REACTORS
330
C0
102
}
330
C0
100
AcDbDictionary
281
     1
1001
ACAD
1000
<All
  0
DICTIONARY
  5
C1
102
{ACAD_REACTORS
330
C0
102
}
330
C0
100
AcDbDictionary
280
     1
281
     1
  0
XRECORD
  5
2B52
102
{ACAD_REACTORS
330
252F
102
}
330
252F
100
AcDbXrecord
280
     1
290
     1
  0
XRECORD
  5
2B54
102
{ACAD_REACTORS
330
2B53
102
}
330
2B53
100
AcDbXrecord
280
     1
290
     1
  0
SORTENTSTABLE
  5
7BE
102
{ACAD_REACTORS
330
83
102
}
330
83
100
AcDbSortentsTable
330
1F
  0
ACDBDETAILVIEWSTYLE
  5
300B
102
{ACAD_XDICTIONARY
360
308A
102
}
102
{ACAD_REACTORS
330
300A
330
3067
102
}
330
300A
100
AcDbModelDocViewStyle
 70
     0
  3
Metric50
290
     0
100
AcDbDetailViewStyle
 70
     0
 71
     0
 90
        3
 71
     1
340
11
 62
   256
 40
5.0
340
0
 62
   256
 40
5.0
300

 40
0.0
280
     1
 71
     2
340
16
 90
       25
 62
   256
 71
     3
340
11
 62
   256
 40
5.0
 90
        0
 40
15.0
 90
        1
300
%<\AcVar ViewDetailId>% (%<\AcVar ViewScale \f "%sn">%)
 71
     4
340
16
 90
       25
 62
   256
340
16
 90
       25
 62
   256
280
     0
  0
LAYOUT
  5
27A7
102
{ACAD_REACTORS
330
1A
102
}
330
1A
100
AcDbPlotSettings
  1

  2
\\DLANT038\DLATTNO008
  4

  6

 40
0.0
 41
0.0
 42
0.0
 43
0.0
 44
0.0
 45
0.0
 46
0.0
 47
0.0
 48
0.0
 49
0.0
140
0.0
141
0.0
142
1.0
143
1.0
 70
   688
 72
     0
 73
     0
 74
     5
  7
Halfen Plotstil Mono.ctb
 75
    16
147
1.0
 76
     0
 77
     2
 78
   300
148
0.0
149
0.0
100
AcDbLayout
  1
Layout1
 70
     1
 71
     1
 10
0.0
 20
0.0
 11
12.0
 21
9.0
 12
0.0
 22
0.0
 32
0.0
 14
0.0
 24
0.0
 34
0.0
 15
0.0
 25
0.0
 35
0.0
146
0.0
 13
0.0
 23
0.0
 33
0.0
 16
1.0
 26
0.0
 36
0.0
 17
0.0
 27
1.0
 37
0.0
 76
     0
330
27A6
  0
LAYOUT
  5
22
102
{ACAD_XDICTIONARY
360
2B5E
102
}
102
{ACAD_REACTORS
330
1A
102
}
330
1A
100
AcDbPlotSettings
  1

  2
none_device
  4
Letter_(8.50_x_11.00_Inches)
  6

 40
6.349999904632567
 41
6.349999904632567
 42
6.350006103515625
 43
6.350006103515625
 44
215.8999938964844
 45
279.3999938964844
 46
0.0
 47
0.0
 48
0.0
 49
0.0
140
0.0
141
0.0
142
1.0
143
1.0
 70
 11952
 72
     1
 73
     1
 74
     0
  7

 75
     0
147
1.0
 76
     0
 77
     2
 78
   300
148
-131.3052631578947
149
0.0
100
AcDbLayout
  1
Model
 70
     1
 71
     0
 10
0.0
 20
0.0
 11
12.0
 21
9.0
 12
0.0
 22
0.0
 32
0.0
 14
0.0
 24
0.0
 34
0.0
 15
0.0
 25
0.0
 35
0.0
146
0.0
 13
0.0
 23
0.0
 33
0.0
 16
1.0
 26
0.0
 36
0.0
 17
0.0
 27
1.0
 37
0.0
 76
     0
330
1F
331
2038
  0
MATERIAL
  5
378
102
{ACAD_REACTORS
330
D6
102
}
330
D6
100
AcDbMaterial
  1
ByBlock
 73
     1
 78
     1
172
     1
176
     1
270
     1
274
     1
 94
       63
  0
MATERIAL
  5
37B
102
{ACAD_REACTORS
330
D6
102
}
330
D6
100
AcDbMaterial
  1
ByLayer
 73
     1
 78
     1
172
     1
176
     1
270
     1
274
     1
 94
       63
  0
MATERIAL
  5
2F5
102
{ACAD_REACTORS
330
D6
102
}
330
D6
100
AcDbMaterial
  1
Global
 73
     1
 78
     1
172
     1
176
     1
270
     1
274
     1
 94
       63
  0
MLEADERSTYLE
  5
211C
102
{ACAD_REACTORS
330
211B
102
}
330
211B
100
AcDbMLeaderStyle
179
     2
170
     2
171
     1
172
     0
 90
        2
 40
0.0
 41
0.0
173
     1
 91
-1023410175
340
14
 92
       -2
290
     1
 42
2.0
291
     1
 43
5.0
  3
Standard
 44
4.0
300

342
11
174
     1
178
     6
175
     1
176
     0
 93
-1023410169
 45
4.0
292
     0
297
     0
 46
4.0
 94
-1056964608
 47
1.0
 49
1.0
140
1.0
293
     1
141
0.0
294
     1
177
     0
142
1.0
295
     0
296
     0
143
0.125
271
     0
272
     9
273
     9
298
     0
  0
MLINESTYLE
  5
18
102
{ACAD_REACTORS
330
17
102
}
330
17
100
AcDbMlineStyle
  2
STANDARD
 70
     0
  3

 62
   256
 51
90.0
 52
90.0
 71
     2
 49
0.5
 62
   256
  6
BYLAYER
 49
-0.5
 62
   256
  6
BYLAYER
  0
PLOTSETTINGS
  5
2049
102
{ACAD_REACTORS
330
19
102
}
330
19
100
AcDbPlotSettings
  1
1_1
  2
\\DLANT038\DLAKCHL051
  4
A4
  6

 40
4.233333110809326
 41
4.910679340362547
 42
4.910659790039061
 43
4.23333740234375
 44
209.9733276367186
 45
296.9259948730469
 46
0.0
 47
0.0
 48
24.90093274188247
 49
12.40213442150343
140
312.1014685830396
141
197.4207494171995
142
1.0
143
1.0
 70
  2720
 72
     1
 73
     1
 74
     4
  7
Halfen Plotstil Mono.ctb
 75
     0
147
1.002024516728287
 76
     0
 77
     2
 78
   300
148
-24.90093274188247
149
-12.40213442150343
1001
ACAD_PSEXT
1000
\\DLANT038\DLAKCHL051
1000
HP LaserJet 4100 PCL 6
1000
KCT Druckerraum / HPLJ4100TN
1000
KCT Druckerraum / HPLJ4100TN
1070
     0
  0
PLOTSETTINGS
  5
209D
102
{ACAD_REACTORS
330
19
102
}
330
19
100
AcDbPlotSettings
  1
1_1 A4
  2
none_device
  4
ISO_A4_(210.00_x_297.00_MM)
  6

 40
7.5
 41
20.0
 42
7.5
 43
20.0
 44
210.0
 45
297.0
 46
14.0
 47
0.0
 48
23.29621887238795
 49
20.8961684602267
140
208.5408150098058
141
308.1505137125635
142
1.0
143
1.0
 70
  2720
 72
     1
 73
     0
 74
     4
  7
Halfen Plotstil Mono.ctb
 75
     0
147
0.8946775018293976
 76
     0
 77
     2
 78
   300
148
-23.29621887238795
149
-20.8961684602267
1001
ACAD_PSEXT
1000
Kein
1000
Kein
1000
Nicht anwendbar
1000
Das Layout wird erst geplottet, wenn ein neuer Plotter-Konfigurationsname ausgewählt wird.
1070
     0
  0
PLOTSETTINGS
  5
20D1
102
{ACAD_REACTORS
330
19
102
}
330
19
100
AcDbPlotSettings
  1
1_1 A4quer
  2
none_device
  4
ISO_A4_(297.00_x_210.00_MM)
  6

 40
7.5
 41
20.0
 42
7.5
 43
20.0
 44
297.0
 45
210.0
 46
0.0
 47
0.0
 48
24.90093274188247
 49
12.40213442150343
140
312.1014685830396
141
197.4207494171995
142
1.0
143
1.0
 70
  2720
 72
     1
 73
     0
 74
     4
  7
Halfen Plotstil Mono.ctb
 75
     0
147
0.9188264651313843
 76
     0
 77
     2
 78
   300
148
-24.90093274188247
149
-12.40213442150343
1001
ACAD_PSEXT
1000
Kein
1000
Kein
1000
Nicht anwendbar
1000
Das Layout wird erst geplottet, wenn ein neuer Plotter-Konfigurationsname ausgewählt wird.
1070
     0
  0
ACDBPLACEHOLDER
  5
F
102
{ACAD_REACTORS
330
E
102
}
330
E
  0
SCALE
  5
20FA
102
{ACAD_REACTORS
330
20F9
102
}
330
20F9
100
AcDbScale
 70
     0
300
1:1
140
1.0
141
1.0
290
     1
  0
SCALE
  5
20FB
102
{ACAD_REACTORS
330
20F9
102
}
330
20F9
100
AcDbScale
 70
     0
300
1:2
140
1.0
141
2.0
290
     0
  0
SCALE
  5
20FC
102
{ACAD_REACTORS
330
20F9
102
}
330
20F9
100
AcDbScale
 70
     0
300
1:4
140
1.0
141
4.0
290
     0
  0
SCALE
  5
20FD
102
{ACAD_REACTORS
330
20F9
102
}
330
20F9
100
AcDbScale
 70
     0
300
1:5
140
1.0
141
5.0
290
     0
  0
SCALE
  5
20FE
102
{ACAD_REACTORS
330
20F9
102
}
330
20F9
100
AcDbScale
 70
     0
300
1:8
140
1.0
141
8.0
290
     0
  0
SCALE
  5
20FF
102
{ACAD_REACTORS
330
20F9
102
}
330
20F9
100
AcDbScale
 70
     0
300
1:10
140
1.0
141
10.0
290
     0
  0
SCALE
  5
2100
102
{ACAD_REACTORS
330
20F9
102
}
330
20F9
100
AcDbScale
 70
     0
300
1:16
140
1.0
141
16.0
290
     0
  0
SCALE
  5
2101
102
{ACAD_REACTORS
330
20F9
102
}
330
20F9
100
AcDbScale
 70
     0
300
1:20
140
1.0
141
20.0
290
     0
  0
SCALE
  5
2102
102
{ACAD_REACTORS
330
20F9
102
}
330
20F9
100
AcDbScale
 70
     0
300
1:30
140
1.0
141
30.0
290
     0
  0
SCALE
  5
2103
102
{ACAD_REACTORS
330
20F9
102
}
330
20F9
100
AcDbScale
 70
     0
300
1:40
140
1.0
141
40.0
290
     0
  0
SCALE
  5
2104
102
{ACAD_REACTORS
330
20F9
102
}
330
20F9
100
AcDbScale
 70
     0
300
1:50
140
1.0
141
50.0
290
     0
  0
SCALE
  5
2105
102
{ACAD_REACTORS
330
20F9
102
}
330
20F9
100
AcDbScale
 70
     0
300
1:100
140
1.0
141
100.0
290
     0
  0
SCALE
  5
2106
102
{ACAD_REACTORS
330
20F9
102
}
330
20F9
100
AcDbScale
 70
     0
300
2:1
140
2.0
141
1.0
290
     0
  0
SCALE
  5
2107
102
{ACAD_REACTORS
330
20F9
102
}
330
20F9
100
AcDbScale
 70
     0
300
4:1
140
4.0
141
1.0
290
     0
  0
SCALE
  5
2108
102
{ACAD_REACTORS
330
20F9
102
}
330
20F9
100
AcDbScale
 70
     0
300
8:1
140
8.0
141
1.0
290
     0
  0
SCALE
  5
2109
102
{ACAD_REACTORS
330
20F9
102
}
330
20F9
100
AcDbScale
 70
     0
300
10:1
140
10.0
141
1.0
290
     0
  0
SCALE
  5
210A
102
{ACAD_REACTORS
330
20F9
102
}
330
20F9
100
AcDbScale
 70
     0
300
100:1
140
100.0
141
1.0
290
     0
  0
SCALE
  5
210B
102
{ACAD_REACTORS
330
20F9
102
}
330
20F9
100
AcDbScale
 70
     0
300
1/128" = 1'-0"
140
0.0078125
141
12.0
290
     0
  0
SCALE
  5
210C
102
{ACAD_REACTORS
330
20F9
102
}
330
20F9
100
AcDbScale
 70
     0
300
1/64" = 1'-0"
140
0.015625
141
12.0
290
     0
  0
SCALE
  5
210D
102
{ACAD_REACTORS
330
20F9
102
}
330
20F9
100
AcDbScale
 70
     0
300
1/32" = 1'-0"
140
0.03125
141
12.0
290
     0
  0
SCALE
  5
210E
102
{ACAD_REACTORS
330
20F9
102
}
330
20F9
100
AcDbScale
 70
     0
300
1/16" = 1'-0"
140
0.0625
141
12.0
290
     0
  0
SCALE
  5
210F
102
{ACAD_REACTORS
330
20F9
102
}
330
20F9
100
AcDbScale
 70
     0
300
3/32" = 1'-0"
140
0.09375
141
12.0
290
     0
  0
SCALE
  5
2110
102
{ACAD_REACTORS
330
20F9
102
}
330
20F9
100
AcDbScale
 70
     0
300
1/8" = 1'-0"
140
0.125
141
12.0
290
     0
  0
SCALE
  5
2111
102
{ACAD_REACTORS
330
20F9
102
}
330
20F9
100
AcDbScale
 70
     0
300
3/16" = 1'-0"
140
0.1875
141
12.0
290
     0
  0
SCALE
  5
2112
102
{ACAD_REACTORS
330
20F9
102
}
330
20F9
100
AcDbScale
 70
     0
300
1/4" = 1'-0"
140
0.25
141
12.0
290
     0
  0
SCALE
  5
2113
102
{ACAD_REACTORS
330
20F9
102
}
330
20F9
100
AcDbScale
 70
     0
300
3/8" = 1'-0"
140
0.375
141
12.0
290
     0
  0
SCALE
  5
2114
102
{ACAD_REACTORS
330
20F9
102
}
330
20F9
100
AcDbScale
 70
     0
300
1/2" = 1'-0"
140
0.5
141
12.0
290
     0
  0
SCALE
  5
2115
102
{ACAD_REACTORS
330
20F9
102
}
330
20F9
100
AcDbScale
 70
     0
300
3/4" = 1'-0"
140
0.75
141
12.0
290
     0
  0
SCALE
  5
2116
102
{ACAD_REACTORS
330
20F9
102
}
330
20F9
100
AcDbScale
 70
     0
300
1" = 1'-0"
140
1.0
141
12.0
290
     0
  0
SCALE
  5
2117
102
{ACAD_REACTORS
330
20F9
102
}
330
20F9
100
AcDbScale
 70
     0
300
1-1/2" = 1'-0"
140
1.5
141
12.0
290
     0
  0
SCALE
  5
2118
102
{ACAD_REACTORS
330
20F9
102
}
330
20F9
100
AcDbScale
 70
     0
300
3" = 1'-0"
140
3.0
141
12.0
290
     0
  0
SCALE
  5
2119
102
{ACAD_REACTORS
330
20F9
102
}
330
20F9
100
AcDbScale
 70
     0
300
6" = 1'-0"
140
6.0
141
12.0
290
     0
  0
SCALE
  5
211A
102
{ACAD_REACTORS
330
20F9
102
}
330
20F9
100
AcDbScale
 70
     0
300
1'-0" = 1'-0"
140
12.0
141
12.0
290
     0
  0
ACDBSECTIONVIEWSTYLE
  5
3009
102
{ACAD_XDICTIONARY
360
3088
102
}
102
{ACAD_REACTORS
330
3008
330
3066
102
}
330
3008
100
AcDbModelDocViewStyle
 70
     0
  3
Metric50
290
     0
100
AcDbSectionViewStyle
 70
     0
 71
     0
 90
      102
 71
     1
340
11
 62
   256
 40
5.0
340
0
340
0
 62
   256
 40
5.0
300
I, O, Q, S, X, Z
 40
10.0
 90
        0
 40
2.5
 90
        0
 71
     2
340
16
 90
       25
 62
   256
340
16
 90
       50
 62
   256
 40
5.0
 40
2.5
 40
5.0
 71
     3
340
11
 62
   256
 40
5.0
 90
        0
 40
15.0
 90
        1
300
%<\AcVar ViewSectionStartId>%-%<\AcVar ViewSectionEndId>% (%<\AcVar ViewScale \f "%sn">%)
 71
     4
 62
   256
 62
   257
300
ANSI31
 40
1.0
 90
        0
290
     0
290
     0
 90
        6
 40
0.0
 40
1.570796326794896
 40
0.2617993877991494
 40
1.308996938995747
 40
-0.2617993877991494
 40
1.832595714594046
  0
TABLESTYLE
  5
134
102
{ACAD_XDICTIONARY
360
2155
102
}
102
{ACAD_REACTORS
330
133
102
}
330
133
100
AcDbTableStyle
280
     0
  3
Standard
 70
     0
 71
     0
 40
1.5
 41
1.5
280
     0
281
     0
  7
STANDARD
140
4.5
170
     2
 62
     7
 63
     7
283
     0
 90
        4
 91
        0
  1

274
    -2
284
     1
 64
     3
275
    -2
285
     1
 65
     1
276
    -2
286
     1
 66
     3
277
    -2
287
     1
 67
     3
278
    -2
288
     1
 68
     1
279
    -2
289
     1
 69
     3
  7
STANDARD
140
6.0
170
     5
 62
     7
 63
     7
283
     0
 90
        4
 91
        0
  1

274
    -2
284
     1
 64
     0
275
    -2
285
     1
 65
     0
276
    -2
286
     1
 66
     0
277
    -2
287
     1
 67
     0
278
    -2
288
     1
 68
     0
279
    -2
289
     1
 69
     0
  7
STANDARD
140
4.5
170
     5
 62
     7
 63
     7
283
     0
 90
        4
 91
        0
  1

274
    -2
284
     1
 64
     3
275
    -2
285
     1
 65
     1
276
    -2
286
     1
 66
     3
277
    -2
287
     1
 67
     3
278
    -2
288
     1
 68
     1
279
    -2
289
     1
 69
     3
  0
VISUALSTYLE
  5
20EE
102
{ACAD_REACTORS
330
20E8
102
}
330
20E8
100
AcDbVisualStyle
  2
2dWireframe
 70
     4
177
     3
291
     0
 70
    58
 90
        0
176
     1
 90
        2
176
     1
 90
        0
176
     1
 90
        0
176
     1
 40
0.6
176
     1
 40
30.0
176
     1
 62
     7
176
     1
 90
        1
176
     1
 90
        4
176
     1
 62
     7
176
     1
 62
   257
176
     1
 90
        1
176
     1
 90
        1
176
     1
 40
1.0
176
     1
 90
        0
176
     1
 62
   257
176
     1
 40
1.0
176
     1
 90
        1
176
     1
 90
        6
176
     1
 90
        2
176
     1
 62
     7
176
     1
 90
        5
176
     1
 90
        0
176
     1
 90
        0
176
     1
290
     0
176
     1
 90
        1
176
     1
 40
0.0
176
     1
 90
        0
176
     1
290
     1
176
     1
290
     1
176
     1
290
     0
176
     1
290
     0
176
     1
290
     0
176
     1
290
     0
176
     1
290
     0
176
     1
290
     0
176
     1
290
     0
176
     1
 90
       50
176
     1
 40
0.0
176
     1
 40
1.0
176
     1
 90
        0
176
     1
 62
    18
420
        0
176
     1
 90
       50
176
     1
 90
        3
176
     1
 62
     5
420
      255
176
     1
290
     0
176
     1
 90
       50
176
     1
 90
       50
176
     1
 90
       50
176
     1
290
     0
176
     1
 90
       50
176
     1
 62
   256
176
     0
 40
1.0
176
     0
 90
        2
176
     1
  1
strokes_ogs.tif
176
     1
290
     0
176
     1
 40
1.0
176
     1
 40
1.0
176
     1
  0
VISUALSTYLE
  5
20F0
102
{ACAD_REACTORS
330
20E8
102
}
330
20E8
100
AcDbVisualStyle
  2
3D Hidden
 70
     6
177
     3
291
     0
 70
    58
 90
        1
176
     1
 90
        2
176
     1
 90
        2
176
     1
 90
        0
176
     1
 40
0.6
176
     1
 40
30.0
176
     1
 62
     7
176
     1
 90
        2
176
     1
 90
        2
176
     1
 62
     7
176
     1
 62
   257
176
     1
 90
        2
176
     1
 90
        1
176
     1
 40
40.0
176
     1
 90
        0
176
     1
 62
   257
176
     1
 40
1.0
176
     1
 90
        1
176
     1
 90
        6
176
     1
 90
        2
176
     1
 62
     7
176
     1
 90
        3
176
     1
 90
        0
176
     1
 90
        0
176
     1
290
     0
176
     1
 90
        1
176
     1
 40
0.0
176
     1
 90
        0
176
     1
290
     0
176
     1
290
     1
176
     1
290
     1
176
     1
290
     0
176
     1
290
     0
176
     1
290
     0
176
     1
290
     0
176
     1
290
     0
176
     1
290
     0
176
     1
 90
       50
176
     1
 40
0.0
176
     1
 40
1.0
176
     1
 90
        0
176
     1
 62
    18
420
        0
176
     1
 90
       50
176
     1
 90
        3
176
     1
 62
     5
420
      255
176
     1
290
     0
176
     1
 90
       50
176
     1
 90
       50
176
     1
 90
       50
176
     1
290
     0
176
     1
 90
       50
176
     1
 62
   256
176
     0
 40
1.0
176
     0
 90
        2
176
     1
  1
strokes_ogs.tif
176
     1
290
     0
176
     1
 40
1.0
176
     1
 40
1.0
176
     1
  0
VISUALSTYLE
  5
20EF
102
{ACAD_REACTORS
330
20E8
102
}
330
20E8
100
AcDbVisualStyle
  2
3dWireframe
 70
     5
177
     3
291
     0
 70
    58
 90
        0
176
     1
 90
        2
176
     1
 90
        0
176
     1
 90
        0
176
     1
 40
0.6
176
     1
 40
30.0
176
     1
 62
     7
176
     1
 90
        1
176
     1
 90
        4
176
     1
 62
     7
176
     1
 62
   257
176
     1
 90
        1
176
     1
 90
        1
176
     1
 40
1.0
176
     1
 90
        0
176
     1
 62
   257
176
     1
 40
1.0
176
     1
 90
        1
176
     1
 90
        6
176
     1
 90
        2
176
     1
 62
     7
176
     1
 90
        5
176
     1
 90
        0
176
     1
 90
        0
176
     1
290
     0
176
     1
 90
        1
176
     1
 40
0.0
176
     1
 90
        0
176
     1
290
     0
176
     1
290
     1
176
     1
290
     1
176
     1
290
     0
176
     1
290
     0
176
     1
290
     0
176
     1
290
     0
176
     1
290
     0
176
     1
290
     0
176
     1
 90
       50
176
     1
 40
0.0
176
     1
 40
1.0
176
     1
 90
        0
176
     1
 62
    18
420
        0
176
     1
 90
       50
176
     1
 90
        3
176
     1
 62
     5
420
      255
176
     1
290
     0
176
     1
 90
       50
176
     1
 90
       50
176
     1
 90
       50
176
     1
290
     0
176
     1
 90
       50
176
     1
 62
   256
176
     0
 40
1.0
176
     0
 90
        2
176
     1
  1
strokes_ogs.tif
176
     1
290
     0
176
     1
 40
1.0
176
     1
 40
1.0
176
     1
  0
VISUALSTYLE
  5
20ED
102
{ACAD_REACTORS
330
20E8
102
}
330
20E8
100
AcDbVisualStyle
  2
Basic
 70
     7
177
     3
291
     1
 70
    58
 90
        1
176
     1
 90
        0
176
     1
 90
        1
176
     1
 90
        0
176
     1
 40
0.6
176
     1
 40
30.0
176
     1
 62
     7
176
     1
 90
        0
176
     1
 90
        4
176
     1
 62
     7
176
     1
 62
   257
176
     1
 90
        1
176
     1
 90
        1
176
     1
 40
1.0
176
     1
 90
        8
176
     1
 62
     7
176
     1
 40
1.0
176
     1
 90
        1
176
     1
 90
        6
176
     1
 90
        2
176
     1
 62
     7
176
     1
 90
        5
176
     1
 90
        0
176
     1
 90
        0
176
     1
290
     0
176
     1
 90
        1
176
     1
 40
0.0
176
     1
 90
        0
176
     1
290
     0
176
     1
290
     1
176
     1
290
     1
176
     1
290
     0
176
     1
290
     0
176
     1
290
     0
176
     1
290
     0
176
     1
290
     0
176
     1
290
     0
176
     1
 90
       50
176
     1
 40
0.0
176
     1
 40
1.0
176
     1
 90
        0
176
     1
 62
    18
420
        0
176
     1
 90
       50
176
     1
 90
        3
176
     1
 62
     5
420
      255
176
     1
290
     0
176
     1
 90
       50
176
     1
 90
       50
176
     1
 90
       50
176
     1
290
     0
176
     1
 90
       50
176
     1
 62
   256
176
     0
 40
1.0
176
     0
 90
        2
176
     1
  1
strokes_ogs.tif
176
     1
290
     0
176
     1
 40
1.0
176
     1
 40
1.0
176
     1
  0
VISUALSTYLE
  5
20F4
102
{ACAD_REACTORS
330
20E8
102
}
330
20E8
100
AcDbVisualStyle
  2
Brighten
 70
    12
177
     3
291
     1
 70
    58
 90
        2
176
     1
 90
        2
176
     1
 90
        0
176
     1
 90
        0
176
     1
 40
0.6
176
     1
 40
30.0
176
     1
 62
     7
176
     1
 90
        1
176
     1
 90
        4
176
     1
 62
     7
176
     1
 62
   257
176
     1
 90
        1
176
     1
 90
        1
176
     1
 40
1.0
176
     1
 90
        8
176
     1
 62
     7
176
     1
 40
1.0
176
     1
 90
        1
176
     1
 90
        6
176
     1
 90
        2
176
     1
 62
     7
176
     1
 90
        5
176
     1
 90
        0
176
     1
 90
        0
176
     1
290
     0
176
     1
 90
        1
176
     1
 40
50.0
176
     1
 90
        0
176
     1
290
     0
176
     1
290
     1
176
     1
290
     1
176
     1
290
     0
176
     1
290
     0
176
     1
290
     0
176
     1
290
     0
176
     1
290
     0
176
     1
290
     0
176
     1
 90
       50
176
     1
 40
0.0
176
     1
 40
1.0
176
     1
 90
        0
176
     1
 62
    18
420
        0
176
     1
 90
       50
176
     1
 90
        3
176
     1
 62
     5
420
      255
176
     1
290
     0
176
     1
 90
       50
176
     1
 90
       50
176
     1
 90
       50
176
     1
290
     0
176
     1
 90
       50
176
     1
 62
   256
176
     0
 40
1.0
176
     0
 90
        2
176
     1
  1
strokes_ogs.tif
176
     1
290
     0
176
     1
 40
1.0
176
     1
 40
1.0
176
     1
  0
VISUALSTYLE
  5
20F8
102
{ACAD_REACTORS
330
20E8
102
}
330
20E8
100
AcDbVisualStyle
  2
ColorChange
 70
    16
177
     3
291
     1
 70
    58
 90
        2
176
     1
 90
        2
176
     1
 90
        3
176
     1
 90
        0
176
     1
 40
0.6
176
     1
 40
30.0
176
     1
 62
     8
176
     1
 90
        1
176
     1
 90
        4
176
     1
 62
     7
176
     1
 62
   257
176
     1
 90
        1
176
     1
 90
        1
176
     1
 40
1.0
176
     1
 90
        8
176
     1
 62
     8
176
     1
 40
1.0
176
     1
 90
        1
176
     1
 90
        6
176
     1
 90
        2
176
     1
 62
     7
176
     1
 90
        5
176
     1
 90
        0
176
     1
 90
        0
176
     1
290
     0
176
     1
 90
        1
176
     1
 40
0.0
176
     1
 90
        0
176
     1
290
     0
176
     1
290
     1
176
     1
290
     1
176
     1
290
     0
176
     1
290
     0
176
     1
290
     0
176
     1
290
     0
176
     1
290
     0
176
     1
290
     0
176
     1
 90
       50
176
     1
 40
0.0
176
     1
 40
1.0
176
     1
 90
        0
176
     1
 62
    18
420
        0
176
     1
 90
       50
176
     1
 90
        3
176
     1
 62
     5
420
      255
176
     1
290
     0
176
     1
 90
       50
176
     1
 90
       50
176
     1
 90
       50
176
     1
290
     0
176
     1
 90
       50
176
     1
 62
   256
176
     0
 40
1.0
176
     0
 90
        2
176
     1
  1
strokes_ogs.tif
176
     1
290
     0
176
     1
 40
1.0
176
     1
 40
1.0
176
     1
  0
VISUALSTYLE
  5
20F1
102
{ACAD_REACTORS
330
20E8
102
}
330
20E8
100
AcDbVisualStyle
  2
Conceptual
 70
     9
177
     3
291
     0
 70
    58
 90
        3
176
     1
 90
        2
176
     1
 90
        0
176
     1
 90
        0
176
     1
 40
0.6
176
     1
 40
30.0
176
     1
 62
     7
176
     1
 90
        2
176
     1
 90
        2
176
     1
 62
     7
176
     1
 62
   257
176
     1
 90
        1
176
     1
 90
        1
176
     1
 40
40.0
176
     1
 90
        8
176
     1
 62
     7
176
     1
 40
1.0
176
     1
 90
        1
176
     1
 90
        6
176
     1
 90
        2
176
     1
 62
     7
176
     1
 90
        3
176
     1
 90
        0
176
     1
 90
        0
176
     1
290
     0
176
     1
 90
        1
176
     1
 40
0.0
176
     1
 90
        0
176
     1
290
     0
176
     1
290
     1
176
     1
290
     1
176
     1
290
     0
176
     1
290
     0
176
     1
290
     0
176
     1
290
     0
176
     1
290
     0
176
     1
290
     0
176
     1
 90
       50
176
     1
 40
0.0
176
     1
 40
1.0
176
     1
 90
        0
176
     1
 62
    18
420
        0
176
     1
 90
       50
176
     1
 90
        3
176
     1
 62
     5
420
      255
176
     1
290
     0
176
     1
 90
       50
176
     1
 90
       50
176
     1
 90
       50
176
     1
290
     0
176
     1
 90
       50
176
     1
 62
   256
176
     0
 40
1.0
176
     0
 90
        2
176
     1
  1
strokes_ogs.tif
176
     1
290
     0
176
     1
 40
1.0
176
     1
 40
1.0
176
     1
  0
VISUALSTYLE
  5
20F3
102
{ACAD_REACTORS
330
20E8
102
}
330
20E8
100
AcDbVisualStyle
  2
Dim
 70
    11
177
     3
291
     1
 70
    58
 90
        2
176
     1
 90
        2
176
     1
 90
        0
176
     1
 90
        0
176
     1
 40
0.6
176
     1
 40
30.0
176
     1
 62
     7
176
     1
 90
        1
176
     1
 90
        4
176
     1
 62
     7
176
     1
 62
   257
176
     1
 90
        1
176
     1
 90
        1
176
     1
 40
1.0
176
     1
 90
        8
176
     1
 62
     7
176
     1
 40
1.0
176
     1
 90
        1
176
     1
 90
        6
176
     1
 90
        2
176
     1
 62
     7
176
     1
 90
        5
176
     1
 90
        0
176
     1
 90
        0
176
     1
290
     0
176
     1
 90
        1
176
     1
 40
-50.0
176
     1
 90
        0
176
     1
290
     0
176
     1
290
     1
176
     1
290
     1
176
     1
290
     0
176
     1
290
     0
176
     1
290
     0
176
     1
290
     0
176
     1
290
     0
176
     1
290
     0
176
     1
 90
       50
176
     1
 40
0.0
176
     1
 40
1.0
176
     1
 90
        0
176
     1
 62
    18
420
        0
176
     1
 90
       50
176
     1
 90
        3
176
     1
 62
     5
420
      255
176
     1
290
     0
176
     1
 90
       50
176
     1
 90
       50
176
     1
 90
       50
176
     1
290
     0
176
     1
 90
       50
176
     1
 62
   256
176
     0
 40
1.0
176
     0
 90
        2
176
     1
  1
strokes_ogs.tif
176
     1
290
     0
176
     1
 40
1.0
176
     1
 40
1.0
176
     1
  0
VISUALSTYLE
  5
27F5
102
{ACAD_REACTORS
330
20E8
102
}
330
20E8
100
AcDbVisualStyle
  2
EdgeColorOff
 70
    22
177
     3
291
     1
 70
    58
 90
        2
176
     0
 90
        2
176
     0
 90
        0
176
     0
 90
        0
176
     0
 40
0.6
176
     0
 40
30.0
176
     0
 62
     7
176
     0
 90
        1
176
     0
 90
        4
176
     0
 62
     7
176
     0
 62
   257
176
     0
 90
        1
176
     0
 90
        1
176
     0
 40
1.0
176
     0
 90
        8
176
     2
 62
     7
176
     0
 40
1.0
176
     0
 90
        1
176
     0
 90
        6
176
     0
 90
        2
176
     0
 62
     7
176
     0
 90
        5
176
     0
 90
        0
176
     0
 90
        0
176
     0
290
     0
176
     0
 90
        1
176
     0
 40
0.0
176
     0
 90
        0
176
     0
290
     0
176
     1
290
     1
176
     1
290
     1
176
     1
290
     0
176
     1
290
     0
176
     1
290
     0
176
     1
290
     0
176
     1
290
     0
176
     1
290
     0
176
     1
 90
       50
176
     1
 40
0.0
176
     1
 40
1.0
176
     1
 90
        0
176
     1
 62
    18
420
        0
176
     1
 90
       50
176
     1
 90
        3
176
     1
 62
     5
420
      255
176
     1
290
     0
176
     1
 90
       50
176
     1
 90
       50
176
     1
 90
       50
176
     1
290
     0
176
     1
 90
       50
176
     1
 62
   256
176
     0
 40
1.0
176
     0
 90
        2
176
     1
  1
strokes_ogs.tif
176
     1
290
     0
176
     1
 40
1.0
176
     1
 40
1.0
176
     1
  0
VISUALSTYLE
  5
20F7
102
{ACAD_REACTORS
330
20E8
102
}
330
20E8
100
AcDbVisualStyle
  2
Facepattern
 70
    15
177
     3
291
     1
 70
    58
 90
        2
176
     1
 90
        2
176
     1
 90
        0
176
     1
 90
        0
176
     1
 40
0.6
176
     1
 40
30.0
176
     1
 62
     7
176
     1
 90
        1
176
     1
 90
        4
176
     1
 62
     7
176
     1
 62
   257
176
     1
 90
        1
176
     1
 90
        1
176
     1
 40
1.0
176
     1
 90
        8
176
     1
 62
     7
176
     1
 40
1.0
176
     1
 90
        1
176
     1
 90
        6
176
     1
 90
        2
176
     1
 62
     7
176
     1
 90
        5
176
     1
 90
        0
176
     1
 90
        0
176
     1
290
     0
176
     1
 90
        1
176
     1
 40
0.0
176
     1
 90
        0
176
     1
290
     0
176
     1
290
     1
176
     1
290
     1
176
     1
290
     0
176
     1
290
     0
176
     1
290
     0
176
     1
290
     0
176
     1
290
     0
176
     1
290
     0
176
     1
 90
       50
176
     1
 40
0.0
176
     1
 40
1.0
176
     1
 90
        0
176
     1
 62
    18
420
        0
176
     1
 90
       50
176
     1
 90
        3
176
     1
 62
     5
420
      255
176
     1
290
     0
176
     1
 90
       50
176
     1
 90
       50
176
     1
 90
       50
176
     1
290
     0
176
     1
 90
       50
176
     1
 62
   256
176
     0
 40
1.0
176
     0
 90
        2
176
     1
  1
strokes_ogs.tif
176
     1
290
     0
176
     1
 40
1.0
176
     1
 40
1.0
176
     1
  0
VISUALSTYLE
  5
20E9
102
{ACAD_REACTORS
330
20E8
102
}
330
20E8
100
AcDbVisualStyle
  2
Flat
 70
     0
177
     3
291
     1
 70
    58
 90
        2
176
     1
 90
        1
176
     1
 90
        1
176
     1
 90
        2
176
     1
 40
0.6
176
     1
 40
30.0
176
     1
 62
     7
176
     1
 90
        0
176
     1
 90
        4
176
     1
 62
     7
176
     1
 62
   257
176
     1
 90
        1
176
     1
 90
        1
176
     1
 40
1.0
176
     1
 90
        8
176
     1
 62
     7
176
     1
 40
1.0
176
     1
 90
        1
176
     1
 90
        6
176
     1
 90
        2
176
     1
 62
     7
176
     1
 90
        5
176
     1
 90
        0
176
     1
 90
        0
176
     1
290
     0
176
     1
 90
       13
176
     1
 40
0.0
176
     1
 90
        0
176
     1
290
     0
176
     1
290
     1
176
     1
290
     1
176
     1
290
     0
176
     1
290
     0
176
     1
290
     0
176
     1
290
     0
176
     1
290
     0
176
     1
290
     0
176
     1
 90
       50
176
     1
 40
0.0
176
     1
 40
1.0
176
     1
 90
        0
176
     1
 62
    18
420
        0
176
     1
 90
       50
176
     1
 90
        3
176
     1
 62
     5
420
      255
176
     1
290
     0
176
     1
 90
       50
176
     1
 90
       50
176
     1
 90
       50
176
     1
290
     0
176
     1
 90
       50
176
     1
 62
   256
176
     0
 40
1.0
176
     0
 90
        2
176
     1
  1
strokes_ogs.tif
176
     1
290
     0
176
     1
 40
1.0
176
     1
 40
1.0
176
     1
  0
VISUALSTYLE
  5
20EA
102
{ACAD_REACTORS
330
20E8
102
}
330
20E8
100
AcDbVisualStyle
  2
FlatWithEdges
 70
     1
177
     3
291
     1
 70
    58
 90
        2
176
     1
 90
        1
176
     1
 90
        1
176
     1
 90
        2
176
     1
 40
0.6
176
     1
 40
30.0
176
     1
 62
     7
176
     1
 90
        1
176
     1
 90
        4
176
     1
 62
     7
176
     1
 62
   257
176
     1
 90
        1
176
     1
 90
        1
176
     1
 40
1.0
176
     1
 90
        0
176
     1
 62
   257
176
     1
 40
1.0
176
     1
 90
        1
176
     1
 90
        6
176
     1
 90
        2
176
     1
 62
     7
176
     1
 90
        5
176
     1
 90
        0
176
     1
 90
        0
176
     1
290
     0
176
     1
 90
       13
176
     1
 40
0.0
176
     1
 90
        0
176
     1
290
     0
176
     1
290
     1
176
     1
290
     1
176
     1
290
     0
176
     1
290
     0
176
     1
290
     0
176
     1
290
     0
176
     1
290
     0
176
     1
290
     0
176
     1
 90
       50
176
     1
 40
0.0
176
     1
 40
1.0
176
     1
 90
        0
176
     1
 62
    18
420
        0
176
     1
 90
       50
176
     1
 90
        3
176
     1
 62
     5
420
      255
176
     1
290
     0
176
     1
 90
       50
176
     1
 90
       50
176
     1
 90
       50
176
     1
290
     0
176
     1
 90
       50
176
     1
 62
   256
176
     0
 40
1.0
176
     0
 90
        2
176
     1
  1
strokes_ogs.tif
176
     1
290
     0
176
     1
 40
1.0
176
     1
 40
1.0
176
     1
  0
VISUALSTYLE
  5
20EB
102
{ACAD_REACTORS
330
20E8
102
}
330
20E8
100
AcDbVisualStyle
  2
Gouraud
 70
     2
177
     3
291
     1
 70
    58
 90
        2
176
     1
 90
        2
176
     1
 90
        1
176
     1
 90
        2
176
     1
 40
0.6
176
     1
 40
30.0
176
     1
 62
     7
176
     1
 90
        0
176
     1
 90
        4
176
     1
 62
     7
176
     1
 62
   257
176
     1
 90
        1
176
     1
 90
        1
176
     1
 40
1.0
176
     1
 90
        0
176
     1
 62
     7
176
     1
 40
1.0
176
     1
 90
        1
176
     1
 90
        6
176
     1
 90
        2
176
     1
 62
     7
176
     1
 90
        5
176
     1
 90
        0
176
     1
 90
        0
176
     1
290
     0
176
     1
 90
       13
176
     1
 40
0.0
176
     1
 90
        0
176
     1
290
     0
176
     1
290
     1
176
     1
290
     1
176
     1
290
     0
176
     1
290
     0
176
     1
290
     0
176
     1
290
     0
176
     1
290
     0
176
     1
290
     0
176
     1
 90
       50
176
     1
 40
0.0
176
     1
 40
1.0
176
     1
 90
        0
176
     1
 62
    18
420
        0
176
     1
 90
       50
176
     1
 90
        3
176
     1
 62
     5
420
      255
176
     1
290
     0
176
     1
 90
       50
176
     1
 90
       50
176
     1
 90
       50
176
     1
290
     0
176
     1
 90
       50
176
     1
 62
   256
176
     0
 40
1.0
176
     0
 90
        2
176
     1
  1
strokes_ogs.tif
176
     1
290
     0
176
     1
 40
1.0
176
     1
 40
1.0
176
     1
  0
VISUALSTYLE
  5
20EC
102
{ACAD_REACTORS
330
20E8
102
}
330
20E8
100
AcDbVisualStyle
  2
GouraudWithEdges
 70
     3
177
     3
291
     1
 70
    58
 90
        2
176
     1
 90
        2
176
     1
 90
        1
176
     1
 90
        2
176
     1
 40
0.6
176
     1
 40
30.0
176
     1
 62
     7
176
     1
 90
        1
176
     1
 90
        4
176
     1
 62
     7
176
     1
 62
   257
176
     1
 90
        1
176
     1
 90
        1
176
     1
 40
1.0
176
     1
 90
        0
176
     1
 62
   257
176
     1
 40
1.0
176
     1
 90
        1
176
     1
 90
        6
176
     1
 90
        2
176
     1
 62
     7
176
     1
 90
        5
176
     1
 90
        0
176
     1
 90
        0
176
     1
290
     0
176
     1
 90
       13
176
     1
 40
0.0
176
     1
 90
        0
176
     1
290
     0
176
     1
290
     1
176
     1
290
     1
176
     1
290
     0
176
     1
290
     0
176
     1
290
     0
176
     1
290
     0
176
     1
290
     0
176
     1
290
     0
176
     1
 90
       50
176
     1
 40
0.0
176
     1
 40
1.0
176
     1
 90
        0
176
     1
 62
    18
420
        0
176
     1
 90
       50
176
     1
 90
        3
176
     1
 62
     5
420
      255
176
     1
290
     0
176
     1
 90
       50
176
     1
 90
       50
176
     1
 90
       50
176
     1
290
     0
176
     1
 90
       50
176
     1
 62
   256
176
     0
 40
1.0
176
     0
 90
        2
176
     1
  1
strokes_ogs.tif
176
     1
290
     0
176
     1
 40
1.0
176
     1
 40
1.0
176
     1
  0
VISUALSTYLE
  5
2FED
102
{ACAD_REACTORS
330
20E8
102
}
330
20E8
100
AcDbVisualStyle
  2
Hidden
 70
     6
177
     3
291
     0
 70
    58
 90
        1
176
     1
 90
        2
176
     1
 90
        2
176
     1
 90
        0
176
     1
 40
0.6
176
     1
 40
30.0
176
     1
 62
     7
420
 16777215
176
     1
 90
        2
176
     1
 90
        2
176
     1
 62
     7
176
     1
 62
   257
176
     1
 90
        2
176
     1
 90
        1
176
     1
 40
40.0
176
     1
 90
        0
176
     1
 62
   257
176
     1
 40
1.0
176
     1
 90
        1
176
     1
 90
        6
176
     1
 90
        2
176
     1
 62
     7
176
     1
 90
        3
176
     1
 90
        0
176
     1
 90
        0
176
     1
290
     0
176
     1
 90
        1
176
     1
 40
0.0
176
     1
 90
        0
176
     1
290
     0
176
     1
290
     1
176
     1
290
     1
176
     1
290
     0
176
     1
290
     0
176
     1
290
     0
176
     1
290
     0
176
     1
290
     0
176
     1
290
     0
176
     1
 90
       50
176
     1
 40
0.0
176
     1
 40
1.0
176
     1
 90
        0
176
     1
 62
    18
420
        0
176
     1
 90
       50
176
     1
 90
        3
176
     1
 62
     5
420
      255
176
     1
290
     0
176
     1
 90
       50
176
     1
 90
       50
176
     1
 90
       50
176
     1
290
     0
176
     1
 90
       50
176
     1
 62
   256
176
     0
 40
1.0
176
     0
 90
        2
176
     1
  1
strokes_ogs.tif
176
     1
290
     0
176
     1
 40
1.0
176
     1
 40
1.0
176
     1
  0
VISUALSTYLE
  5
27F3
102
{ACAD_REACTORS
330
20E8
102
}
330
20E8
100
AcDbVisualStyle
  2
JitterOff
 70
    20
177
     3
291
     1
 70
    58
 90
        2
176
     0
 90
        2
176
     0
 90
        0
176
     0
 90
        0
176
     0
 40
0.6
176
     0
 40
30.0
176
     0
 62
     7
176
     0
 90
        1
176
     0
 90
        4
176
     0
 62
     7
176
     0
 62
   257
176
     0
 90
        1
176
     0
 90
        1
176
     0
 40
1.0
176
     0
 90
       10
176
     2
 62
     7
176
     0
 40
1.0
176
     0
 90
        1
176
     0
 90
        6
176
     0
 90
        2
176
     0
 62
     7
176
     0
 90
        5
176
     0
 90
        0
176
     0
 90
        0
176
     0
290
     0
176
     0
 90
        1
176
     0
 40
0.0
176
     0
 90
        0
176
     0
290
     0
176
     1
290
     1
176
     1
290
     1
176
     1
290
     0
176
     1
290
     0
176
     1
290
     0
176
     1
290
     0
176
     1
290
     0
176
     1
290
     0
176
     1
 90
       50
176
     1
 40
0.0
176
     1
 40
1.0
176
     1
 90
        0
176
     1
 62
    18
420
        0
176
     1
 90
       50
176
     1
 90
        3
176
     1
 62
     5
420
      255
176
     1
290
     0
176
     1
 90
       50
176
     1
 90
       50
176
     1
 90
       50
176
     1
290
     0
176
     1
 90
       50
176
     1
 62
   256
176
     0
 40
1.0
176
     0
 90
        2
176
     1
  1
strokes_ogs.tif
176
     1
290
     0
176
     1
 40
1.0
176
     1
 40
1.0
176
     1
  0
VISUALSTYLE
  5
20F6
102
{ACAD_REACTORS
330
20E8
102
}
330
20E8
100
AcDbVisualStyle
  2
Linepattern
 70
    14
177
     3
291
     1
 70
    58
 90
        2
176
     1
 90
        2
176
     1
 90
        0
176
     1
 90
        0
176
     1
 40
0.6
176
     1
 40
30.0
176
     1
 62
     7
176
     1
 90
        1
176
     1
 90
        4
176
     1
 62
     7
176
     1
 62
   257
176
     1
 90
        7
176
     1
 90
        7
176
     1
 40
1.0
176
     1
 90
        8
176
     1
 62
     7
176
     1
 40
1.0
176
     1
 90
        1
176
     1
 90
        6
176
     1
 90
        2
176
     1
 62
     7
176
     1
 90
        5
176
     1
 90
        0
176
     1
 90
        0
176
     1
290
     0
176
     1
 90
        1
176
     1
 40
0.0
176
     1
 90
        0
176
     1
290
     0
176
     1
290
     1
176
     1
290
     1
176
     1
290
     0
176
     1
290
     0
176
     1
290
     0
176
     1
290
     0
176
     1
290
     0
176
     1
290
     0
176
     1
 90
       50
176
     1
 40
0.0
176
     1
 40
1.0
176
     1
 90
        0
176
     1
 62
    18
420
        0
176
     1
 90
       50
176
     1
 90
        3
176
     1
 62
     5
420
      255
176
     1
290
     0
176
     1
 90
       50
176
     1
 90
       50
176
     1
 90
       50
176
     1
290
     0
176
     1
 90
       50
176
     1
 62
   256
176
     0
 40
1.0
176
     0
 90
        2
176
     1
  1
strokes_ogs.tif
176
     1
290
     0
176
     1
 40
1.0
176
     1
 40
1.0
176
     1
  0
VISUALSTYLE
  5
27F4
102
{ACAD_REACTORS
330
20E8
102
}
330
20E8
100
AcDbVisualStyle
  2
OverhangOff
 70
    21
177
     3
291
     1
 70
    58
 90
        2
176
     0
 90
        2
176
     0
 90
        0
176
     0
 90
        0
176
     0
 40
0.6
176
     0
 40
30.0
176
     0
 62
     7
176
     0
 90
        1
176
     0
 90
        4
176
     0
 62
     7
176
     0
 62
   257
176
     0
 90
        1
176
     0
 90
        1
176
     0
 40
1.0
176
     0
 90
        9
176
     2
 62
     7
176
     0
 40
1.0
176
     0
 90
        1
176
     0
 90
        6
176
     0
 90
        2
176
     0
 62
     7
176
     0
 90
        5
176
     0
 90
        0
176
     0
 90
        0
176
     0
290
     0
176
     0
 90
        1
176
     0
 40
0.0
176
     0
 90
        0
176
     0
290
     0
176
     1
290
     1
176
     1
290
     1
176
     1
290
     0
176
     1
290
     0
176
     1
290
     0
176
     1
290
     0
176
     1
290
     0
176
     1
290
     0
176
     1
 90
       50
176
     1
 40
0.0
176
     1
 40
1.0
176
     1
 90
        0
176
     1
 62
    18
420
        0
176
     1
 90
       50
176
     1
 90
        3
176
     1
 62
     5
420
      255
176
     1
290
     0
176
     1
 90
       50
176
     1
 90
       50
176
     1
 90
       50
176
     1
290
     0
176
     1
 90
       50
176
     1
 62
   256
176
     0
 40
1.0
176
     0
 90
        2
176
     1
  1
strokes_ogs.tif
176
     1
290
     0
176
     1
 40
1.0
176
     1
 40
1.0
176
     1
  0
VISUALSTYLE
  5
20F2
102
{ACAD_REACTORS
330
20E8
102
}
330
20E8
100
AcDbVisualStyle
  2
Realistic
 70
     8
177
     3
291
     0
 70
    58
 90
        2
176
     1
 90
        2
176
     1
 90
        0
176
     1
 90
        0
176
     1
 40
0.6
176
     1
 40
30.0
176
     1
 62
     7
176
     1
 90
        1
176
     1
 90
        0
176
     1
 62
     7
176
     1
 62
   257
176
     1
 90
        1
176
     1
 90
        1
176
     1
 40
1.0
176
     1
 90
        8
176
     1
 62
     8
176
     1
 40
1.0
176
     1
 90
        1
176
     1
 90
        6
176
     1
 90
        2
176
     1
 62
     7
176
     1
 90
        5
176
     1
 90
        0
176
     1
 90
        0
176
     1
290
     0
176
     1
 90
       13
176
     1
 40
0.0
176
     1
 90
        0
176
     1
290
     0
176
     1
290
     1
176
     1
290
     1
176
     1
290
     0
176
     1
290
     0
176
     1
290
     0
176
     1
290
     0
176
     1
290
     0
176
     1
290
     0
176
     1
 90
       50
176
     1
 40
0.0
176
     1
 40
1.0
176
     1
 90
        0
176
     1
 62
    18
420
        0
176
     1
 90
       50
176
     1
 90
        3
176
     1
 62
     5
420
      255
176
     1
290
     0
176
     1
 90
       50
176
     1
 90
       50
176
     1
 90
       50
176
     1
290
     0
176
     1
 90
       50
176
     1
 62
   256
176
     0
 40
1.0
176
     0
 90
        2
176
     1
  1
strokes_ogs.tif
176
     1
290
     0
176
     1
 40
1.0
176
     1
 40
1.0
176
     1
  0
VISUALSTYLE
  5
2FF2
102
{ACAD_REACTORS
330
20E8
102
}
330
20E8
100
AcDbVisualStyle
  2
Shaded
 70
    27
177
     3
291
     0
 70
    58
 90
        2
176
     1
 90
        2
176
     1
 90
        1
176
     1
 90
        2
176
     1
 40
0.6
176
     1
 40
30.0
176
     1
 62
     7
420
 16777215
176
     1
 90
        0
176
     1
 90
        4
176
     1
 62
     7
176
     1
 62
   257
176
     1
 90
        1
176
     1
 90
        1
176
     1
 40
1.0
176
     1
 90
        8
176
     1
 62
   257
176
     1
 40
1.0
176
     1
 90
        1
176
     1
 90
        6
176
     1
 90
        2
176
     1
 62
     8
420
  7895160
176
     1
 90
        3
176
     1
 90
        0
176
     1
 90
        0
176
     1
290
     0
176
     1
 90
        5
176
     1
 40
0.0
176
     1
 90
        0
176
     1
290
     0
176
     1
290
     1
176
     1
290
     1
176
     1
290
     0
176
     1
290
     0
176
     1
290
     0
176
     1
290
     0
176
     1
290
     0
176
     1
290
     0
176
     1
 90
       50
176
     1
 40
0.0
176
     1
 40
1.0
176
     1
 90
        0
176
     1
 62
    18
420
        0
176
     1
 90
       50
176
     1
 90
        3
176
     1
 62
     5
420
      255
176
     1
290
     0
176
     1
 90
       50
176
     1
 90
       50
176
     1
 90
       50
176
     1
290
     0
176
     1
 90
       50
176
     1
 62
   256
176
     0
 40
1.0
176
     0
 90
        2
176
     1
  1
strokes_ogs.tif
176
     1
290
     0
176
     1
 40
1.0
176
     1
 40
1.0
176
     1
  0
VISUALSTYLE
  5
2FF1
102
{ACAD_REACTORS
330
20E8
102
}
330
20E8
100
AcDbVisualStyle
  2
Shaded with edges
 70
    26
177
     3
291
     0
 70
    58
 90
        2
176
     1
 90
        2
176
     1
 90
        1
176
     1
 90
        2
176
     1
 40
0.6
176
     1
 40
30.0
176
     1
 62
     7
420
 16777215
176
     1
 90
        1
176
     1
 90
       10
176
     1
 62
     7
176
     1
 62
   257
176
     1
 90
        2
176
     1
 90
        1
176
     1
 40
1.0
176
     1
 90
        8
176
     1
 62
   257
176
     1
 40
1.0
176
     1
 90
        1
176
     1
 90
        6
176
     1
 90
        2
176
     1
 62
     7
176
     1
 90
        3
176
     1
 90
        0
176
     1
 90
        0
176
     1
290
     0
176
     1
 90
        5
176
     1
 40
0.0
176
     1
 90
        0
176
     1
290
     0
176
     1
290
     1
176
     1
290
     1
176
     1
290
     0
176
     1
290
     0
176
     1
290
     0
176
     1
290
     0
176
     1
290
     0
176
     1
290
     0
176
     1
 90
       50
176
     1
 40
0.0
176
     1
 40
1.0
176
     1
 90
        0
176
     1
 62
    18
420
        0
176
     1
 90
       50
176
     1
 90
        3
176
     1
 62
     5
420
      255
176
     1
290
     0
176
     1
 90
       50
176
     1
 90
       50
176
     1
 90
       50
176
     1
290
     0
176
     1
 90
       50
176
     1
 62
   256
176
     0
 40
1.0
176
     0
 90
        2
176
     1
  1
strokes_ogs.tif
176
     1
290
     0
176
     1
 40
1.0
176
     1
 40
1.0
176
     1
  0
VISUALSTYLE
  5
2FEE
102
{ACAD_REACTORS
330
20E8
102
}
330
20E8
100
AcDbVisualStyle
  2
Shades of Gray
 70
    23
177
     3
291
     0
 70
    58
 90
        2
176
     1
 90
        2
176
     1
 90
        3
176
     1
 90
        0
176
     1
 40
0.6
176
     1
 40
30.0
176
     1
 62
     7
420
 16777215
176
     1
 90
        2
176
     1
 90
        2
176
     1
 62
     7
176
     1
 62
     7
176
     1
 90
        1
176
     1
 90
        1
176
     1
 40
40.0
176
     1
 90
        8
176
     1
 62
     7
176
     1
 40
1.0
176
     1
 90
        1
176
     1
 90
        6
176
     1
 90
        2
176
     1
 62
     7
176
     1
 90
        3
176
     1
 90
        0
176
     1
 90
        0
176
     1
290
     0
176
     1
 90
        1
176
     1
 40
0.0
176
     1
 90
        0
176
     1
290
     0
176
     1
290
     1
176
     1
290
     1
176
     1
290
     0
176
     1
290
     0
176
     1
290
     0
176
     1
290
     0
176
     1
290
     0
176
     1
290
     0
176
     1
 90
       50
176
     1
 40
0.0
176
     1
 40
1.0
176
     1
 90
        0
176
     1
 62
    18
420
        0
176
     1
 90
       50
176
     1
 90
        3
176
     1
 62
     5
420
      255
176
     1
290
     0
176
     1
 90
       50
176
     1
 90
       50
176
     1
 90
       50
176
     1
290
     0
176
     1
 90
       50
176
     1
 62
   256
176
     0
 40
1.0
176
     0
 90
        2
176
     1
  1
strokes_ogs.tif
176
     1
290
     0
176
     1
 40
1.0
176
     1
 40
1.0
176
     1
  0
VISUALSTYLE
  5
2FEF
102
{ACAD_REACTORS
330
20E8
102
}
330
20E8
100
AcDbVisualStyle
  2
Sketchy
 70
    24
177
     3
291
     0
 70
    58
 90
        1
176
     1
 90
        2
176
     1
 90
        2
176
     1
 90
        0
176
     1
 40
0.6
176
     1
 40
30.0
176
     1
 62
     7
420
 16777215
176
     1
 90
        2
176
     1
 90
        2
176
     1
 62
     7
176
     1
 62
     7
176
     1
 90
        1
176
     1
 90
        1
176
     1
 40
40.0
176
     1
 90
       11
176
     1
 62
     7
176
     1
 40
1.0
176
     1
 90
        1
176
     1
 90
        6
176
     1
 90
        2
176
     1
 62
     7
176
     1
 90
        6
176
     1
 90
        0
176
     1
 90
        0
176
     1
290
     0
176
     1
 90
        1
176
     1
 40
0.0
176
     1
 90
        0
176
     1
290
     0
176
     1
290
     1
176
     1
290
     1
176
     1
290
     0
176
     1
290
     0
176
     1
290
     0
176
     1
290
     0
176
     1
290
     0
176
     1
290
     0
176
     1
 90
       50
176
     1
 40
0.0
176
     1
 40
1.0
176
     1
 90
        0
176
     1
 62
    18
420
        0
176
     1
 90
       50
176
     1
 90
        3
176
     1
 62
     5
420
      255
176
     1
290
     0
176
     1
 90
       50
176
     1
 90
       50
176
     1
 90
       50
176
     1
290
     0
176
     1
 90
       50
176
     1
 62
   256
176
     0
 40
1.0
176
     0
 90
        2
176
     1
  1
strokes_ogs.tif
176
     1
290
     0
176
     1
 40
1.0
176
     1
 40
1.0
176
     1
  0
VISUALSTYLE
  5
20F5
102
{ACAD_REACTORS
330
20E8
102
}
330
20E8
100
AcDbVisualStyle
  2
Thicken
 70
    13
177
     3
291
     1
 70
    58
 90
        2
176
     1
 90
        2
176
     1
 90
        0
176
     1
 90
        0
176
     1
 40
0.6
176
     1
 40
30.0
176
     1
 62
     7
176
     1
 90
        1
176
     1
 90
        4
176
     1
 62
     7
176
     1
 62
   257
176
     1
 90
        1
176
     1
 90
        1
176
     1
 40
1.0
176
     1
 90
       12
176
     1
 62
     7
176
     1
 40
1.0
176
     1
 90
        1
176
     1
 90
        6
176
     1
 90
        2
176
     1
 62
     7
176
     1
 90
        5
176
     1
 90
        0
176
     1
 90
        0
176
     1
290
     0
176
     1
 90
        1
176
     1
 40
0.0
176
     1
 90
        0
176
     1
290
     0
176
     1
290
     1
176
     1
290
     1
176
     1
290
     0
176
     1
290
     0
176
     1
290
     0
176
     1
290
     0
176
     1
290
     0
176
     1
290
     0
176
     1
 90
       50
176
     1
 40
0.0
176
     1
 40
1.0
176
     1
 90
        0
176
     1
 62
    18
420
        0
176
     1
 90
       50
176
     1
 90
        3
176
     1
 62
     5
420
      255
176
     1
290
     0
176
     1
 90
       50
176
     1
 90
       50
176
     1
 90
       50
176
     1
290
     0
176
     1
 90
       50
176
     1
 62
   256
176
     0
 40
1.0
176
     0
 90
        2
176
     1
  1
strokes_ogs.tif
176
     1
290
     0
176
     1
 40
1.0
176
     1
 40
1.0
176
     1
  0
VISUALSTYLE
  5
2FEC
102
{ACAD_REACTORS
330
20E8
102
}
330
20E8
100
AcDbVisualStyle
  2
Wireframe
 70
     5
177
     3
291
     0
 70
    58
 90
        0
176
     1
 90
        2
176
     1
 90
        0
176
     1
 90
        0
176
     1
 40
0.6
176
     1
 40
30.0
176
     1
 62
     7
420
 16777215
176
     1
 90
        1
176
     1
 90
        4
176
     1
 62
     7
176
     1
 62
   257
176
     1
 90
        1
176
     1
 90
        1
176
     1
 40
1.0
176
     1
 90
        0
176
     1
 62
   257
176
     1
 40
1.0
176
     1
 90
        1
176
     1
 90
        6
176
     1
 90
        2
176
     1
 62
     7
176
     1
 90
        3
176
     1
 90
        0
176
     1
 90
        0
176
     1
290
     0
176
     1
 90
        1
176
     1
 40
0.0
176
     1
 90
        0
176
     1
290
     0
176
     1
290
     1
176
     1
290
     1
176
     1
290
     0
176
     1
290
     0
176
     1
290
     0
176
     1
290
     0
176
     1
290
     0
176
     1
290
     0
176
     1
 90
       50
176
     1
 40
0.0
176
     1
 40
1.0
176
     1
 90
        0
176
     1
 62
    18
420
        0
176
     1
 90
       50
176
     1
 90
        3
176
     1
 62
     5
420
      255
176
     1
290
     0
176
     1
 90
       50
176
     1
 90
       50
176
     1
 90
       50
176
     1
290
     0
176
     1
 90
       50
176
     1
 62
   256
176
     0
 40
1.0
176
     0
 90
        2
176
     1
  1
strokes_ogs.tif
176
     1
290
     0
176
     1
 40
1.0
176
     1
 40
1.0
176
     1
  0
VISUALSTYLE
  5
2FF0
102
{ACAD_REACTORS
330
20E8
102
}
330
20E8
100
AcDbVisualStyle
  2
X-Ray
 70
    25
177
     3
291
     0
 70
    58
 90
        2
176
     1
 90
        2
176
     1
 90
        1
176
     1
 90
        1
176
     1
 40
0.5
176
     1
 40
30.0
176
     1
 62
     7
420
 16777215
176
     1
 90
        1
176
     1
 90
        0
176
     1
 62
     7
176
     1
 62
   257
176
     1
 90
        1
176
     1
 90
        1
176
     1
 40
1.0
176
     1
 90
        8
176
     1
 62
     7
176
     1
 40
1.0
176
     1
 90
        1
176
     1
 90
        6
176
     1
 90
        2
176
     1
 62
     7
176
     1
 90
        3
176
     1
 90
        0
176
     1
 90
        0
176
     1
290
     0
176
     1
 90
       13
176
     1
 40
0.0
176
     1
 90
        0
176
     1
290
     0
176
     1
290
     1
176
     1
290
     1
176
     1
290
     0
176
     1
290
     0
176
     1
290
     0
176
     1
290
     0
176
     1
290
     0
176
     1
290
     0
176
     1
 90
       50
176
     1
 40
0.0
176
     1
 40
1.0
176
     1
 90
        0
176
     1
 62
    18
420
        0
176
     1
 90
       50
176
     1
 90
        3
176
     1
 62
     5
420
      255
176
     1
290
     0
176
     1
 90
       50
176
     1
 90
       50
176
     1
 90
       50
176
     1
290
     0
176
     1
 90
       50
176
     1
 62
   256
176
     0
 40
1.0
176
     0
 90
        2
176
     1
  1
strokes_ogs.tif
176
     1
290
     0
176
     1
 40
1.0
176
     1
 40
1.0
176
     1
  0
DICTIONARYVAR
  5
215A
102
{ACAD_REACTORS
330
34
102
}
330
34
100
DictionaryVariables
280
     0
  1
1:1
  0
DICTIONARYVAR
  5
2158
102
{ACAD_REACTORS
330
34
102
}
330
34
100
DictionaryVariables
280
     0
  1
STANDARD
  0
DICTIONARYVAR
  5
152
102
{ACAD_REACTORS
330
34
102
}
330
34
100
DictionaryVariables
280
     0
  1
STANDARD
  0
DICTIONARYVAR
  5
3085
102
{ACAD_REACTORS
330
34
102
}
330
34
100
DictionaryVariables
280
     0
  1
Metric50
  0
DICTIONARYVAR
  5
3086
102
{ACAD_REACTORS
330
34
102
}
330
34
100
DictionaryVariables
280
     0
  1
Metric50
  0
DICTIONARYVAR
  5
AD
102
{ACAD_REACTORS
330
34
102
}
330
34
100
DictionaryVariables
280
     0
  1
2
  0
DICTIONARYVAR
  5
35
102
{ACAD_REACTORS
330
34
102
}
330
34
100
DictionaryVariables
280
     0
  1
0
  0
DICTIONARYVAR
  5
258A
102
{ACAD_REACTORS
330
34
102
}
330
34
100
DictionaryVariables
280
     0
  1
1
  0
DICTIONARYVAR
  5
258B
102
{ACAD_REACTORS
330
34
102
}
330
34
100
DictionaryVariables
280
     0
  1
15
  0
DICTIONARYVAR
  5
215B
102
{ACAD_REACTORS
330
34
102
}
330
34
100
DictionaryVariables
280
     0
  1
0
  0
DICTIONARYVAR
  5
2159
102
{ACAD_REACTORS
330
34
102
}
330
34
100
DictionaryVariables
280
     0
  1
0
  0
DICTIONARYVAR
  5
2FEA
102
{ACAD_REACTORS
330
34
102
}
330
34
100
DictionaryVariables
280
     0
  1
127
  0
DICTIONARY
  5
1B1
102
{ACAD_REACTORS
330
49
102
}
330
49
100
AcDbDictionary
281
     1
  0
DICTIONARY
  5
4A
102
{ACAD_REACTORS
330
49
102
}
330
49
100
AcDbDictionary
281
     1
  0
XRECORD
  5
13D
102
{ACAD_REACTORS
330
49
102
}
330
49
100
AcDbXrecord
280
     1
 90
-1023410169
  0
DICTIONARY
  5
308A
330
300B
100
AcDbDictionary
280
     1
281
     1
  3
ACAD_XREC_ROUNDTRIP
360
308B
  0
DICTIONARY
  5
2B5E
330
22
100
AcDbDictionary
280
     1
281
     1
  0
DICTIONARY
  5
3088
330
3009
100
AcDbDictionary
280
     1
281
     1
  3
ACAD_XREC_ROUNDTRIP
360
3089
  0
DICTIONARY
  5
2155
330
134
100
AcDbDictionary
280
     1
281
     1
  3
ACAD_ROUNDTRIP_2008_TABLESTYLE_CELLSTYLEMAP
360
3087
  0
XRECORD
  5
308B
102
{ACAD_REACTORS
330
308A
102
}
330
308A
100
AcDbXrecord
280
     1
102
DISPLAYNAME
  1
Metric50
102
FLAGS
 90
        0
  0
XRECORD
  5
3089
102
{ACAD_REACTORS
330
3088
102
}
330
3088
100
AcDbXrecord
280
     1
102
DISPLAYNAME
  1
Metric50
102
FLAGS
 90
        0
  0
CELLSTYLEMAP
  5
3087
102
{ACAD_REACTORS
330
2155
102
}
330
2155
100
AcDbCellStyleMap
 90
        3
300
CELLSTYLE
  1
TABLEFORMAT_BEGIN
 90
        5
170
     1
 91
        0
 92
    32768
 62
   257
 93
        1
300
CONTENTFORMAT
  1
CONTENTFORMAT_BEGIN
 90
        0
 91
        0
 92
        4
 93
        0
300

 40
0.0
140
1.0
 94
        5
 62
     7
340
11
144
6.0
309
CONTENTFORMAT_END
171
     1
301
MARGIN
  1
CELLMARGIN_BEGIN
 40
1.5
 40
1.5
 40
1.5
 40
1.5
 40
0.18
 40
0.18
309
CELLMARGIN_END
 94
        6
 95
        1
302
GRIDFORMAT
  1
GRIDFORMAT_BEGIN
 90
        0
 91
        1
 62
     0
 92
       -2
340
0
 93
        0
 40
0.045
309
GRIDFORMAT_END
 95
        2
302
GRIDFORMAT
  1
GRIDFORMAT_BEGIN
 90
        0
 91
        1
 62
     0
 92
       -2
340
0
 93
        0
 40
0.045
309
GRIDFORMAT_END
 95
        4
302
GRIDFORMAT
  1
GRIDFORMAT_BEGIN
 90
        0
 91
        1
 62
     0
 92
       -2
340
0
 93
        0
 40
0.045
309
GRIDFORMAT_END
 95
        8
302
GRIDFORMAT
  1
GRIDFORMAT_BEGIN
 90
        0
 91
        1
 62
     0
 92
       -2
340
0
 93
        0
 40
0.045
309
GRIDFORMAT_END
 95
       16
302
GRIDFORMAT
  1
GRIDFORMAT_BEGIN
 90
        0
 91
        1
 62
     0
 92
       -2
340
0
 93
        0
 40
0.045
309
GRIDFORMAT_END
 95
       32
302
GRIDFORMAT
  1
GRIDFORMAT_BEGIN
 90
        0
 91
        1
 62
     0
 92
       -2
340
0
 93
        0
 40
0.045
309
GRIDFORMAT_END
309
TABLEFORMAT_END
  1
CELLSTYLE_BEGIN
 90
        1
 91
        1
300
_TITLE
309
CELLSTYLE_END
300
CELLSTYLE
  1
TABLEFORMAT_BEGIN
 90
        5
170
     1
 91
        0
 92
        0
 62
   257
 93
        1
300
CONTENTFORMAT
  1
CONTENTFORMAT_BEGIN
 90
        0
 91
        0
 92
        4
 93
        0
300

 40
0.0
140
1.0
 94
        5
 62
     7
340
11
144
4.5
309
CONTENTFORMAT_END
171
     1
301
MARGIN
  1
CELLMARGIN_BEGIN
 40
1.5
 40
1.5
 40
1.5
 40
1.5
 40
0.18
 40
0.18
309
CELLMARGIN_END
 94
        6
 95
        1
302
GRIDFORMAT
  1
GRIDFORMAT_BEGIN
 90
        0
 91
        1
 62
     3
 92
       -2
340
14
 93
        0
 40
0.045
309
GRIDFORMAT_END
 95
        2
302
GRIDFORMAT
  1
GRIDFORMAT_BEGIN
 90
        0
 91
        1
 62
     1
 92
       -2
340
14
 93
        0
 40
0.045
309
GRIDFORMAT_END
 95
        4
302
GRIDFORMAT
  1
GRIDFORMAT_BEGIN
 90
        0
 91
        1
 62
     3
 92
       -2
340
14
 93
        0
 40
0.045
309
GRIDFORMAT_END
 95
        8
302
GRIDFORMAT
  1
GRIDFORMAT_BEGIN
 90
        0
 91
        1
 62
     3
 92
       -2
340
14
 93
        0
 40
0.045
309
GRIDFORMAT_END
 95
       16
302
GRIDFORMAT
  1
GRIDFORMAT_BEGIN
 90
        0
 91
        1
 62
     1
 92
       -2
340
14
 93
        0
 40
0.045
309
GRIDFORMAT_END
 95
       32
302
GRIDFORMAT
  1
GRIDFORMAT_BEGIN
 90
        0
 91
        1
 62
     3
 92
       -2
340
14
 93
        0
 40
0.045
309
GRIDFORMAT_END
309
TABLEFORMAT_END
  1
CELLSTYLE_BEGIN
 90
        2
 91
        1
300
_HEADER
309
CELLSTYLE_END
300
CELLSTYLE
  1
TABLEFORMAT_BEGIN
 90
        5
170
     1
 91
        0
 92
        0
 62
   257
 93
        1
300
CONTENTFORMAT
  1
CONTENTFORMAT_BEGIN
 90
        0
 91
        0
 92
        4
 93
        0
300

 40
0.0
140
1.0
 94
        2
 62
     7
340
11
144
4.5
309
CONTENTFORMAT_END
171
     1
301
MARGIN
  1
CELLMARGIN_BEGIN
 40
1.5
 40
1.5
 40
1.5
 40
1.5
 40
0.18
 40
0.18
309
CELLMARGIN_END
 94
        6
 95
        1
302
GRIDFORMAT
  1
GRIDFORMAT_BEGIN
 90
        0
 91
        1
 62
     3
 92
       -2
340
14
 93
        0
 40
0.045
309
GRIDFORMAT_END
 95
        2
302
GRIDFORMAT
  1
GRIDFORMAT_BEGIN
 90
        0
 91
        1
 62
     1
 92
       -2
340
14
 93
        0
 40
0.045
309
GRIDFORMAT_END
 95
        4
302
GRIDFORMAT
  1
GRIDFORMAT_BEGIN
 90
        0
 91
        1
 62
     3
 92
       -2
340
14
 93
        0
 40
0.045
309
GRIDFORMAT_END
 95
        8
302
GRIDFORMAT
  1
GRIDFORMAT_BEGIN
 90
        0
 91
        1
 62
     3
 92
       -2
340
14
 93
        0
 40
0.045
309
GRIDFORMAT_END
 95
       16
302
GRIDFORMAT
  1
GRIDFORMAT_BEGIN
 90
        0
 91
        1
 62
     1
 92
       -2
340
14
 93
        0
 40
0.045
309
GRIDFORMAT_END
 95
       32
302
GRIDFORMAT
  1
GRIDFORMAT_BEGIN
 90
        0
 91
        1
 62
     3
 92
       -2
340
14
 93
        0
 40
0.045
309
GRIDFORMAT_END
309
TABLEFORMAT_END
  1
CELLSTYLE_BEGIN
 90
        3
 91
        2
300
_DATA
309
CELLSTYLE_END
  0
ENDSEC
  0
SECTION
  2
ACDSDATA
 70
     2
 71
     8
  0
ACDSSCHEMA
 90
        0
  1
AcDb_Thumbnail_Schema
  2
AcDbDs::ID
280
    10
 91
        8
  2
Thumbnail_Data
280
    15
 91
        0
101
ACDSRECORD
 95
        0
 90
        1
  2
AcDbDs::TreatedAsObjectData
280
     1
291
     1
101
ACDSRECORD
 95
        0
 90
        2
  2
AcDbDs::Legacy
280
     1
291
     1
101
ACDSRECORD
  1
AcDbDs::ID
 90
        3
  2
AcDs:Indexable
280
     1
291
     1
101
ACDSRECORD
  1
AcDbDs::ID
 90
        4
  2
AcDbDs::HandleAttribute
280
     7
282
     1
  0
ACDSSCHEMA
 90
        1
  1
AcDbDs::TreatedAsObjectDataSchema
  2
AcDbDs::TreatedAsObjectData
280
     1
 91
        0
  0
ACDSSCHEMA
 90
        2
  1
AcDbDs::LegacySchema
  2
AcDbDs::Legacy
280
     1
 91
        0
  0
ACDSSCHEMA
 90
        3
  1
AcDbDs::IndexedPropertySchema
  2
AcDs:Indexable
280
     1
 91
        0
  0
ACDSSCHEMA
 90
        4
  1
AcDbDs::HandleAttributeSchema
  2
AcDbDs::HandleAttribute
280
     7
 91
        1
284
     1
  0
ACDSRECORD
 90
        0
  2
AcDbDs::ID
280
    10
320
22
  2
Thumbnail_Data
280
    15
 94
     1192
310
89504E470D0A1A0A0000000D4948445200000100000000AA0803000000755C616800000300504C5445000000000000FFFFFF0000000000000000000000000000000000000000000000000000330000660000990000CC0000FF0033000033330033660033990033CC0033FF0066000066330066660066990066CC0066FF0099
310
000099330099660099990099CC0099FF00CC0000CC3300CC6600CC9900CCCC00CCFF00FF0000FF3300FF6600FF9900FFCC00FFFF3300003300333300663300993300CC3300FF3333003333333333663333993333CC3333FF3366003366333366663366993366CC3366FF3399003399333399663399993399CC3399FF33CC00
310
33CC3333CC6633CC9933CCCC33CCFF33FF0033FF3333FF6633FF9933FFCC33FFFF6600006600336600666600996600CC6600FF6633006633336633666633996633CC6633FF6666006666336666666666996666CC6666FF6699006699336699666699996699CC6699FF66CC0066CC3366CC6666CC9966CCCC66CCFF66FF0066
310
FF3366FF6666FF9966FFCC66FFFF9900009900339900669900999900CC9900FF9933009933339933669933999933CC9933FF9966009966339966669966999966CC9966FF9999009999339999669999999999CC9999FF99CC0099CC3399CC6699CC9999CCCC99CCFF99FF0099FF3399FF6699FF9999FFCC99FFFFCC0000CC00
310
33CC0066CC0099CC00CCCC00FFCC3300CC3333CC3366CC3399CC33CCCC33FFCC6600CC6633CC6666CC6699CC66CCCC66FFCC9900CC9933CC9966CC9999CC99CCCC99FFCCCC00CCCC33CCCC66CCCC99CCCCCCCCCCFFCCFF00CCFF33CCFF66CCFF99CCFFCCCCFFFFFF0000FF0033FF0066FF0099FF00CCFF00FFFF3300FF3333
310
FF3366FF3399FF33CCFF33FFFF6600FF6633FF6666FF6699FF66CCFF66FFFF9900FF9933FF9966FF9999FF99CCFF99FFFFCC00FFCC33FFCC66FFCC99FFCCCCFFCCFFFFFF00FFFF33FFFF66FFFF99FFFFCCFFFFFF0000000D0D0D1A1A1A2828283535354343435050505D5D5D6B6B6B787878868686939393A1A1A1AEAEAEBB
310
BBBBC9C9C9D6D6D6E4E4E4F1F1F1FFFFFF000000000000000000000000000000000000000000000000000000000000C11FEF66000001634944415478DAEDD5410E8320100550EF7F284FC28A935429A220B45DE8A6BE5934993F16C88BC4293EBC260000000000000000000000000000000000000000000000000000000000
310
000000000000000000000000000000000000000000000000000000000000000000000000000000000000000000000000F0348070A863538F4E4FB6FFED2ED7DB64B877FC6D02C015B818605E2A84ED2775398A4D5FAA7DE01DC526CA0F2E61A8D3515C160EF13429470CB7BC01F5B2733B8DDF826E344C47F187417B440017
310
5F81B5AAA6E9DA3607F58BDA8986E928DE06BDC93CDFF41548372BAFBE36A1EC95BAD41FDB3DD8935E344C47F161709AEC4774057C0601000000000000000000000000000000000000000000000000000000000000000000000000000000000000000000000000000000000000000000000000000000000000000000000000
310
0000000000000000000000000000000000000000000000000000FEA05E04DEE752C39BFBAD0000000049454E44AE426082
  0
ENDSEC
  0
EOF
