  0
SECTION
  2
HEADER
  9
$ACADVER
  1
AC1024
  9
$ACADMAINTVER
 70
    63
  9
$DWGCODEPAGE
  3
ANSI_1252
  9
$LASTSAVEDBY
  1
uhlaender
  9
$INSBASE
 10
2180.823443548172
 20
1984.423199999994
 30
0.0
  9
$EXTMIN
 10
1053.666238016498
 20
2386.138305709767
 30
-0.0000000349181948
  9
$EXTMAX
 10
4153.877700925952
 20
3427.673475430582
 30
0.0000000814935746
  9
$LIMMIN
 10
0.0
 20
0.0
  9
$LIMMAX
 10
841.0
 20
1189.0
  9
$ORTHOMODE
 70
     1
  9
$REGENMODE
 70
     1
  9
$FILLMODE
 70
     1
  9
$QTEXTMODE
 70
     0
  9
$MIRRTEXT
 70
     1
  9
$LTSCALE
 40
5.0
  9
$ATTMODE
 70
     1
  9
$TEXTSIZE
 40
3.5
  9
$TRACEWID
 40
0.05
  9
$TEXTSTYLE
  7
ARIAL50
  9
$CLAYER
  8
HALFEN
  9
$CELTYPE
  6
BYLAYER
  9
$CECOLOR
 62
   256
  9
$CELTSCALE
 40
1.0
  9
$DISPSILH
 70
     0
  9
$DIMSCALE
 40
1.0
  9
$DIMASZ
 40
2.5
  9
$DIMEXO
 40
1.0
  9
$DIMDLI
 40
10.0
  9
$DIMRND
 40
0.0
  9
$DIMDLE
 40
0.0
  9
$DIMEXE
 40
1.0
  9
$DIMTP
 40
0.1
  9
$DIMTM
 40
0.1
  9
$DIMTXT
 40
3.5
  9
$DIMCEN
 40
0.09
  9
$DIMTSZ
 40
0.0
  9
$DIMTOL
 70
     0
  9
$DIMLIM
 70
     0
  9
$DIMTIH
 70
     0
  9
$DIMTOH
 70
     0
  9
$DIMSE1
 70
     0
  9
$DIMSE2
 70
     0
  9
$DIMTAD
 70
     1
  9
$DIMZIN
 70
     8
  9
$DIMBLK
  1

  9
$DIMASO
 70
     1
  9
$DIMSHO
 70
     1
  9
$DIMPOST
  1

  9
$DIMAPOST
  1

  9
$DIMALT
 70
     0
  9
$DIMALTD
 70
     2
  9
$DIMALTF
 40
0.0393701
  9
$DIMLFAC
 40
1.0
  9
$DIMTOFL
 70
     1
  9
$DIMTVP
 40
0.0
  9
$DIMTIX
 70
     0
  9
$DIMSOXD
 70
     0
  9
$DIMSAH
 70
     0
  9
$DIMBLK1
  1

  9
$DIMBLK2
  1

  9
$DIMSTYLE
  2
GEN-ISO
  9
$DIMCLRD
 70
     1
  9
$DIMCLRE
 70
     1
  9
$DIMCLRT
 70
     7
  9
$DIMTFAC
 40
0.71
  9
$DIMGAP
 40
3.0
  9
$DIMJUST
 70
     0
  9
$DIMSD1
 70
     0
  9
$DIMSD2
 70
     0
  9
$DIMTOLJ
 70
     0
  9
$DIMTZIN
 70
     0
  9
$DIMALTZ
 70
     0
  9
$DIMALTTZ
 70
     0
  9
$DIMUPT
 70
     0
  9
$DIMDEC
 70
     1
  9
$DIMTDEC
 70
     3
  9
$DIMALTU
 70
     2
  9
$DIMALTTD
 70
     4
  9
$DIMTXSTY
  7
STANDARD
  9
$DIMAUNIT
 70
     0
  9
$DIMADEC
 70
     0
  9
$DIMALTRND
 40
0.0
  9
$DIMAZIN
 70
     0
  9
$DIMDSEP
 70
    46
  9
$DIMATFIT
 70
     3
  9
$DIMFRAC
 70
     0
  9
$DIMLDRBLK
  1

  9
$DIMLUNIT
 70
     2
  9
$DIMLWD
 70
    -2
  9
$DIMLWE
 70
    -2
  9
$DIMTMOVE
 70
     0
  9
$DIMFXL
 40
1.0
  9
$DIMFXLON
 70
     0
  9
$DIMJOGANG
 40
0.7853981633974483
  9
$DIMTFILL
 70
     0
  9
$DIMTFILLCLR
 70
     0
  9
$DIMARCSYM
 70
     0
  9
$DIMLTYPE
  6

  9
$DIMLTEX1
  6

  9
$DIMLTEX2
  6

  9
$DIMTXTDIRECTION
 70
     0
  9
$LUNITS
 70
     2
  9
$LUPREC
 70
     2
  9
$SKETCHINC
 40
0.1
  9
$FILLETRAD
 40
0.0
  9
$AUNITS
 70
     0
  9
$AUPREC
 70
     0
  9
$MENU
  1
.
  9
$ELEVATION
 40
0.0
  9
$PELEVATION
 40
0.0
  9
$THICKNESS
 40
0.0
  9
$LIMCHECK
 70
     0
  9
$CHAMFERA
 40
2.5
  9
$CHAMFERB
 40
2.5
  9
$CHAMFERC
 40
1.0
  9
$CHAMFERD
 40
0.0
  9
$SKPOLY
 70
     0
  9
$TDCREATE
 40
2451438.371298843
  9
$TDUCREATE
 40
2451438.287965509
  9
$TDUPDATE
 40
2456115.472371724
  9
$TDUUPDATE
 40
2456115.389038391
  9
$TDINDWG
 40
1.2023730671
  9
$TDUSRTIMER
 40
1.2023730671
  9
$USRTIMER
 70
     1
  9
$ANGBASE
 50
0.0
  9
$ANGDIR
 70
     0
  9
$PDMODE
 70
     0
  9
$PDSIZE
 40
0.0
  9
$PLINEWID
 40
0.0
  9
$SPLFRAME
 70
     0
  9
$SPLINETYPE
 70
     6
  9
$SPLINESEGS
 70
     8
  9
$HANDSEED
  5
A0C
  9
$SURFTAB1
 70
     6
  9
$SURFTAB2
 70
     6
  9
$SURFTYPE
 70
     6
  9
$SURFU
 70
     6
  9
$SURFV
 70
     6
  9
$UCSBASE
  2

  9
$UCSNAME
  2

  9
$UCSORG
 10
0.0
 20
0.0
 30
0.0
  9
$UCSXDIR
 10
1.0
 20
0.0
 30
0.0
  9
$UCSYDIR
 10
0.0
 20
1.0
 30
0.0
  9
$UCSORTHOREF
  2

  9
$UCSORTHOVIEW
 70
     0
  9
$UCSORGTOP
 10
0.0
 20
0.0
 30
0.0
  9
$UCSORGBOTTOM
 10
0.0
 20
0.0
 30
0.0
  9
$UCSORGLEFT
 10
0.0
 20
0.0
 30
0.0
  9
$UCSORGRIGHT
 10
0.0
 20
0.0
 30
0.0
  9
$UCSORGFRONT
 10
0.0
 20
0.0
 30
0.0
  9
$UCSORGBACK
 10
0.0
 20
0.0
 30
0.0
  9
$PUCSBASE
  2

  9
$PUCSNAME
  2

  9
$PUCSORG
 10
0.0
 20
0.0
 30
0.0
  9
$PUCSXDIR
 10
1.0
 20
0.0
 30
0.0
  9
$PUCSYDIR
 10
0.0
 20
1.0
 30
0.0
  9
$PUCSORTHOREF
  2

  9
$PUCSORTHOVIEW
 70
     0
  9
$PUCSORGTOP
 10
0.0
 20
0.0
 30
0.0
  9
$PUCSORGBOTTOM
 10
0.0
 20
0.0
 30
0.0
  9
$PUCSORGLEFT
 10
0.0
 20
0.0
 30
0.0
  9
$PUCSORGRIGHT
 10
0.0
 20
0.0
 30
0.0
  9
$PUCSORGFRONT
 10
0.0
 20
0.0
 30
0.0
  9
$PUCSORGBACK
 10
0.0
 20
0.0
 30
0.0
  9
$USERI1
 70
     0
  9
$USERI2
 70
     0
  9
$USERI3
 70
     0
  9
$USERI4
 70
     0
  9
$USERI5
 70
     0
  9
$USERR1
 40
0.0
  9
$USERR2
 40
0.0
  9
$USERR3
 40
0.0
  9
$USERR4
 40
0.0
  9
$USERR5
 40
0.0
  9
$WORLDVIEW
 70
     1
  9
$SHADEDGE
 70
     3
  9
$SHADEDIF
 70
    70
  9
$TILEMODE
 70
     1
  9
$MAXACTVP
 70
    48
  9
$PINSBASE
 10
0.0
 20
0.0
 30
0.0
  9
$PLIMCHECK
 70
     0
  9
$PEXTMIN
 10
1.000000000000000E+20
 20
1.000000000000000E+20
 30
1.000000000000000E+20
  9
$PEXTMAX
 10
-1.000000000000000E+20
 20
-1.000000000000000E+20
 30
-1.000000000000000E+20
  9
$PLIMMIN
 10
0.0
 20
0.0
  9
$PLIMMAX
 10
12.0
 20
9.0
  9
$UNITMODE
 70
     0
  9
$VISRETAIN
 70
     1
  9
$PLINEGEN
 70
     0
  9
$PSLTSCALE
 70
     1
  9
$TREEDEPTH
 70
  3020
  9
$CMLSTYLE
  2
STANDARD
  9
$CMLJUST
 70
     0
  9
$CMLSCALE
 40
1.0
  9
$PROXYGRAPHICS
 70
     1
  9
$MEASUREMENT
 70
     1
  9
$CELWEIGHT
370
    -1
  9
$ENDCAPS
280
     0
  9
$JOINSTYLE
280
     0
  9
$LWDISPLAY
290
     0
  9
$INSUNITS
 70
     4
  9
$HYPERLINKBASE
  1

  9
$STYLESHEET
  1

  9
$XEDIT
290
     1
  9
$CEPSNTYPE
380
     0
  9
$PSTYLEMODE
290
     1
  9
$FINGERPRINTGUID
  2
{913F7494-FBD6-449B-9AA4-029E5852811C}
  9
$VERSIONGUID
  2
{90ADD343-547A-4AAC-918B-73674A52555D}
  9
$EXTNAMES
290
     1
  9
$PSVPSCALE
 40
0.0
  9
$OLESTARTUP
290
     0
  9
$SORTENTS
280
   127
  9
$INDEXCTL
280
     0
  9
$HIDETEXT
280
     1
  9
$XCLIPFRAME
280
     2
  9
$HALOGAP
280
     0
  9
$OBSCOLOR
 70
   257
  9
$OBSLTYPE
280
     0
  9
$INTERSECTIONDISPLAY
280
     0
  9
$INTERSECTIONCOLOR
 70
   257
  9
$DIMASSOC
280
     1
  9
$PROJECTNAME
  1

  9
$CAMERADISPLAY
290
     0
  9
$LENSLENGTH
 40
50.0
  9
$CAMERAHEIGHT
 40
0.0
  9
$STEPSPERSEC
 40
2.0
  9
$STEPSIZE
 40
6.0
  9
$3DDWFPREC
 40
2.0
  9
$PSOLWIDTH
 40
0.25
  9
$PSOLHEIGHT
 40
4.0
  9
$LOFTANG1
 40
1.570796326794896
  9
$LOFTANG2
 40
1.570796326794896
  9
$LOFTMAG1
 40
0.0
  9
$LOFTMAG2
 40
0.0
  9
$LOFTPARAM
 70
     7
  9
$LOFTNORMALS
280
     1
  9
$LATITUDE
 40
37.795
  9
$LONGITUDE
 40
-122.394
  9
$NORTHDIRECTION
 40
0.0
  9
$TIMEZONE
 70
 -8000
  9
$LIGHTGLYPHDISPLAY
280
     1
  9
$TILEMODELIGHTSYNCH
280
     1
  9
$CMATERIAL
347
932
  9
$SOLIDHIST
280
     0
  9
$SHOWHIST
280
     1
  9
$DWFFRAME
280
     2
  9
$DGNFRAME
280
     0
  9
$REALWORLDSCALE
290
     1
  9
$INTERFERECOLOR
 62
     1
  9
$INTERFEREOBJVS
345
954
  9
$INTERFEREVPVS
346
951
  9
$CSHADOW
280
     0
  9
$SHADOWPLANELOCATION
 40
0.0
  0
ENDSEC
  0
SECTION
  2
CLASSES
  0
CLASS
  1
ACDBDICTIONARYWDFLT
  2
AcDbDictionaryWithDefault
  3
ObjectDBX Classes
 90
        0
 91
        1
280
     0
281
     0
  0
CLASS
  1
TABLESTYLE
  2
AcDbTableStyle
  3
ObjectDBX Classes
 90
     4095
 91
        1
280
     0
281
     0
  0
CLASS
  1
ACME_DOCUMENT
  2
AcMeDbDoc
  3
AcMeServices
 90
     1024
 91
        2
280
     1
281
     0
  0
CLASS
  1
AMGSETTINGSOBJ
  2
AmgSettingsObj
  3
"AcadM|Product Description: AutoCAD Mechanical|Company: Autodesk, Inc."
 90
     1024
 91
        2
280
     1
281
     0
  0
CLASS
  1
ACMESCOPE
  2
AcMeScope
  3
AcMeServices
 90
     1024
 91
        1
280
     1
281
     0
  0
CLASS
  1
ACMECOMMANDHISTORY
  2
AcMeCommandHistory
  3
AcMeServices
 90
     1024
 91
        1
280
     1
281
     0
  0
CLASS
  1
ACIMSYSVARMAN
  2
AcImSysVarManager
  3
AcMeServices
 90
     1024
 91
        3
280
     1
281
     0
  0
CLASS
  1
ACIMINTSYSVAR
  2
AcImIntSysVar
  3
AcMeServices
 90
     1024
 91
        2
280
     1
281
     0
  0
CLASS
  1
ACMEDRAWINGMAN
  2
AcMeDrawingMan
  3
AcMeServices
 90
     1024
 91
        0
280
     1
281
     0
  0
CLASS
  1
ACMEVIEW
  2
AcMeView
  3
AcMeServices
 90
     1024
 91
        0
280
     1
281
     0
  0
CLASS
  1
ACDBENTITYCACHE
  2
AcMeEntityCache
  3
AcMeServices
 90
     1024
 91
        1
280
     1
281
     0
  0
CLASS
  1
GSMANAGER
  2
AcMeGSManager
  3
AcMeServices
 90
        0
 91
        0
280
     1
281
     0
  0
CLASS
  1
AMDTINTERNALREACTOR
  2
AmdtInternalReactor
  3
AcMeServices
 90
     1024
 91
        0
280
     1
281
     0
  0
CLASS
  1
ACMESTATEMGR
  2
AcMeStateMgr
  3
AcMeServices
 90
     1024
 91
        1
280
     1
281
     0
  0
CLASS
  1
ACGREFMASTER
  2
AcGrefMaster
  3
AcAttribServices
 90
     1024
 91
        1
280
     1
281
     0
  0
CLASS
  1
AM_DRAWING_MGR
  2
AcDmDwgMgr
  3
AcMechDwgViewMgmt
 90
        0
 91
        0
280
     1
281
     0
  0
CLASS
  1
AM_DWG_DOCUMENT
  2
AcDmDwgDocument
  3
AcMechDwgViewMgmt
 90
        0
 91
        0
280
     1
281
     0
  0
CLASS
  1
AM_DWG_SHEET
  2
AcDmSheet
  3
AcMechDwgViewMgmt
 90
        0
 91
        0
280
     1
281
     0
  0
CLASS
  1
AM_VIEWDIMPARMAP
  2
AcDmViewDimParMap
  3
AcMechDwgViewMgmt
 90
        0
 91
        0
280
     1
281
     0
  0
CLASS
  1
ACIMREALSYSVAR
  2
AcImRealSysVar
  3
AcMeServices
 90
     1024
 91
        0
280
     1
281
     0
  0
CLASS
  1
AM_DWGMGR_NAME
  2
AcDmDwgMgrName
  3
AcMechDwgViewMgmt
 90
        0
 91
        0
280
     1
281
     0
  0
CLASS
  1
ACME_DATABASE
  2
AcMeDbDatabase
  3
AcMeServices
 90
     1024
 91
        1
280
     1
281
     0
  0
CLASS
  1
ACRFINSADJUSTERMGR
  2
AcRfInsAdjusterMgr
  3
AcMeServices
 90
     1024
 91
        1
280
     1
281
     0
  0
CLASS
  1
ACGREFACADMASTER
  2
AcGrefacadMaster
  3
AcGrefServices
 90
     1024
 91
        1
280
     1
281
     0
  0
CLASS
  1
AMDTMENUSTATEMGR
  2
AmdtMenuStateMgr
  3
McadcomServices
 90
     1024
 91
        1
280
     1
281
     0
  0
CLASS
  1
AMDTMCOMMENUSTATE
  2
AmdtMcomMenuState
  3
McadcomServices
 90
     1024
 91
        1
280
     1
281
     0
  0
CLASS
  1
AMIMASTER
  2
AmiMaster
  3
AmiServices
 90
     1024
 91
        1
280
     1
281
     0
  0
CLASS
  1
MAPIAMMOUDLE
  2
MApiAmModule
  3
MApiAmServices
 90
     1024
 91
        1
280
     1
281
     0
  0
CLASS
  1
AMDTADMENUSTATE
  2
AmdtAdMenuState
  3
DesignerServices
 90
        0
 91
        0
280
     1
281
     0
  0
CLASS
  1
ADAPPL
  2
AcAdAppl
  3
DesignerAssemblies
 90
     1024
 91
        0
280
     1
281
     0
  0
CLASS
  1
DEPMGR
  2
AcAdDepMgr
  3
DesignerAssemblies
 90
     1024
 91
        0
280
     1
281
     0
  0
CLASS
  1
PARAMMGR
  2
AcAdParamMgr
  3
DesignerAssemblies
 90
     1024
 91
        0
280
     1
281
     0
  0
CLASS
  1
PARAMSCOPE
  2
AcAdParamScope
  3
DesignerAssemblies
 90
     1024
 91
        0
280
     1
281
     0
  0
CLASS
  1
NAMEDAPPL
  2
AcAdNamedAppl
  3
DesignerAssemblies
 90
     1024
 91
        0
280
     1
281
     0
  0
CLASS
  1
AMDTDMMENUSTATE
  2
AmdtDmMenuState
  3
AcMechDwgViewMgmt
 90
        0
 91
        0
280
     1
281
     0
  0
CLASS
  1
AMDTAMMENUSTATE
  2
AmdtAmMenuState
  3
DesignerAssemblies
 90
     1024
 91
        1
280
     1
281
     0
  0
CLASS
  1
ACIMSTRSYSVAR
  2
AcImStrSysVar
  3
AcMeServices
 90
     1024
 91
        5
280
     1
281
     0
  0
CLASS
  1
ACAMPROJECT
  2
AcAmProject
  3
DesignerAssemblies
 90
     1024
 91
        1
280
     1
281
     0
  0
CLASS
  1
ACAMGRCOMPDEF
  2
AcAmGrCompDef
  3
DesignerAssemblies
 90
     1024
 91
        1
280
     1
281
     0
  0
CLASS
  1
ACCMCONTEXT
  2
AcCmContext
  3
DesignerAssemblies
 90
     1024
 91
        0
280
     1
281
     0
  0
CLASS
  1
ACAMCOMPDEF
  2
AcAmCompDef
  3
DesignerAssemblies
 90
     1024
 91
        1
280
     1
281
     0
  0
CLASS
  1
ACAMCOMPDEFMGR
  2
AcAmCompDefMgr
  3
DesignerAssemblies
 90
     1024
 91
        1
280
     1
281
     0
  0
CLASS
  1
AMCONTEXTMGR
  2
AcAmContextMgr
  3
DesignerAssemblies
 90
     1024
 91
        1
280
     1
281
     0
  0
CLASS
  1
ACAMCONTEXTMODELER
  2
AcAmContextModeler
  3
DesignerAssemblies
 90
     1024
 91
        1
280
     1
281
     0
  0
CLASS
  1
ACMDATADICTIONARY
  2
AcmDataDictionary
  3
"AcmSymBB|Product Description: AutoCAD Mechanical|Company: Autodesk, Inc."
 90
     1024
 91
        1
280
     1
281
     0
  0
CLASS
  1
CATALOGSTATE
  2
AcAmCatalogState
  3
DesignerAssemblies
 90
     1024
 91
        0
280
     1
281
     0
  0
CLASS
  1
ACAMGRCOMPDEFSET
  2
AcAmGrCompDefSet
  3
DesignerAssemblies
 90
     1024
 91
        1
280
     1
281
     0
  0
CLASS
  1
AMDTBROWSERDBTAB
  2
AmdtBrowserDbTab
  3
McadcomServices
 90
     1024
 91
        1
280
     1
281
     0
  0
CLASS
  1
CBROWSERAPPOBJECT
  2
CBrowserAppObject
  3
McadcomServices
 90
     1024
 91
        2
280
     1
281
     0
  0
CLASS
  1
DM_PLACEHOLDER
  2
AcDmSelsetPlaceholder
  3
McadcomServices
 90
     1024
 91
        1
280
     1
281
     0
  0
CLASS
  1
ACMSTANDARDDIN
  2
AcmStandardDIN
  3
"Amdt_StdImp|Product Description: AutoCAD Mechanical|Company: Autodesk, Inc."
 90
     1024
 91
        1
280
     1
281
     0
  0
CLASS
  1
AMGOBJPROPCFG
  2
AmgObjPropCfg
  3
"AmgLay|Product Description: AutoCAD Mechanical|Company: Autodesk, Inc."
 90
     1025
 91
        1
280
     1
281
     0
  0
CLASS
  1
AMDTEDGESTANDARDDIN13715
  2
AmdtEdgeStdDIN13715
  3
"Amdt_StdImp|Product Description: AutoCAD Mechanical|Company: Autodesk, Inc."
 90
     1024
 91
        1
280
     1
281
     0
  0
CLASS
  1
ACMSURFSTANDARDDIN
  2
AcmSurfTextStdDIN
  3
"Amdt_StdImp|Product Description: AutoCAD Mechanical|Company: Autodesk, Inc."
 90
     1024
 91
        0
280
     1
281
     0
  0
CLASS
  1
ACMFCFSTANDARDDIN
  2
AcmFCFStdDIN
  3
"Amdt_StdImp|Product Description: AutoCAD Mechanical|Company: Autodesk, Inc."
 90
     1024
 91
        0
280
     1
281
     0
  0
CLASS
  1
ACMWELDSTANDARDDIN
  2
AcmWeldingStdDIN
  3
"Amdt_StdImp|Product Description: AutoCAD Mechanical|Company: Autodesk, Inc."
 90
     1024
 91
        1
280
     1
281
     0
  0
CLASS
  1
ACMIDSTANDARDDIN
  2
AcmIdStdDIN
  3
"Amdt_StdImp|Product Description: AutoCAD Mechanical|Company: Autodesk, Inc."
 90
     1024
 91
        0
280
     1
281
     0
  0
CLASS
  1
ACMDATUMSTANDARDDIN
  2
AcmDatumStdDIN
  3
"Amdt_StdImp|Product Description: AutoCAD Mechanical|Company: Autodesk, Inc."
 90
     1024
 91
        1
280
     1
281
     0
  0
CLASS
  1
ACMBOMSTANDARDDIN
  2
AcmBOMStdDIN
  3
"Amdt_StdImp|Product Description: AutoCAD Mechanical|Company: Autodesk, Inc."
 90
     1024
 91
        1
280
     1
281
     0
  0
CLASS
  1
ACMDETAILSTANDARDDIN
  2
AmdtDetailSymStdDIN
  3
"Amdt_StdImp|Product Description: AutoCAD Mechanical|Company: Autodesk, Inc."
 90
     1024
 91
        1
280
     1
281
     0
  0
CLASS
  1
ACMSECTIONSTANDARDDIN
  2
AmdtSectionSymStdDIN
  3
"Amdt_StdImp|Product Description: AutoCAD Mechanical|Company: Autodesk, Inc."
 90
     1024
 91
        1
280
     1
281
     0
  0
CLASS
  1
ACMCENTERLINESTANDARDDIN
  2
AmdtCenterLineStdDIN
  3
"Amdt_StdImp|Product Description: AutoCAD Mechanical|Company: Autodesk, Inc."
 90
     1024
 91
        1
280
     1
281
     0
  0
CLASS
  1
ACMTHREADLINESTANDARDDIN
  2
AmdtThreadLineStdDIN
  3
"Amdt_StdImp|Product Description: AutoCAD Mechanical|Company: Autodesk, Inc."
 90
     1024
 91
        1
280
     1
281
     0
  0
CLASS
  1
ACMNOTESTANDARDDIN
  2
AmdtNoteStdDIN
  3
"Amdt_StdImp|Product Description: AutoCAD Mechanical|Company: Autodesk, Inc."
 90
     1024
 91
        1
280
     1
281
     0
  0
CLASS
  1
AMDTNOTETEMPLATEDB
  2
AmdtNoteTemplateDB
  3
AcmSymBB|Product Description: AutoCAD Mechanical|Company: Autodesk, Inc.
 90
     1024
 91
        6
280
     1
281
     0
  0
CLASS
  1
ACAMGLAYSTD
  2
AcAmgLayStd
  3
"AmgLay|Product Description: AutoCAD Mechanical|Company: Autodesk, Inc."
 90
     1024
 91
        1
280
     1
281
     0
  0
CLASS
  1
ACAMGDIMSTD
  2
AcAmgDimStd
  3
"AmgDim|Product Description: AutoCAD Mechanical|Company: Autodesk, Inc."
 90
     1024
 91
        1
280
     1
281
     0
  0
CLASS
  1
ACAMGHOLECHARTSTDDIN
  2
AcAmgHoleChartStdDIN
  3
AmgDim|Product Description: AutoCAD Mechanical|Company: Autodesk, Inc.
 90
     1024
 91
        1
280
     1
281
     0
  0
CLASS
  1
ACAMGTITLESTD
  2
AcAmgTitleStd
  3
"AmgTitle|Product Description: AutoCAD Mechanical|Company: Autodesk, Inc."
 90
     4095
 91
        1
280
     1
281
     0
  0
CLASS
  1
ACAMGFILTERDAT
  2
AcAmgFilterDat
  3
"AcadM|Product Description: AutoCAD Mechanical|Company: Autodesk, Inc."
 90
     1024
 91
        6
280
     1
281
     0
  0
CLASS
  1
DICTIONARYVAR
  2
AcDbDictionaryVar
  3
ObjectDBX Classes
 90
        0
 91
       10
280
     0
281
     0
  0
CLASS
  1
ACRFATTGENMGR
  2
AcRfAttGeneralMgr
  3
AcAttribServices
 90
     1024
 91
        0
280
     1
281
     0
  0
CLASS
  1
MATERIAL
  2
AcDbMaterial
  3
ObjectDBX Classes
 90
     1153
 91
        3
280
     0
281
     0
  0
CLASS
  1
VISUALSTYLE
  2
AcDbVisualStyle
  3
ObjectDBX Classes
 90
     4095
 91
       24
280
     0
281
     0
  0
CLASS
  1
SCALE
  2
AcDbScale
  3
ObjectDBX Classes
 90
     1153
 91
       17
280
     0
281
     0
  0
CLASS
  1
MLEADERSTYLE
  2
AcDbMLeaderStyle
  3
ACDB_MLEADERSTYLE_CLASS
 90
     4095
 91
        1
280
     0
281
     0
  0
CLASS
  1
ACMSURFSTANDARDDIN2002
  2
AcmSurfTextStdDIN2002
  3
"Amdt_StdImp|Product Description: AutoCAD Mechanical|Company: Autodesk, Inc."
 90
     1024
 91
        1
280
     0
281
     0
  0
CLASS
  1
ACMFCFSTANDARDDIN2008
  2
AcmFCFStdDIN2008
  3
"Amdt_StdImp|Product Description: AutoCAD Mechanical|Company: Autodesk, Inc."
 90
     1024
 91
        1
280
     0
281
     0
  0
CLASS
  1
ACMIDSTANDARDDIN2008
  2
AcmIdStdDIN2008
  3
"Amdt_StdImp|Product Description: AutoCAD Mechanical|Company: Autodesk, Inc."
 90
     1024
 91
        1
280
     0
281
     0
  0
CLASS
  1
ACMTAPERSTANDARDDIN
  2
AcmTaperStdDIN
  3
"Amdt_StdImp|Product Description: AutoCAD Mechanical|Company: Autodesk, Inc."
 90
     1024
 91
        1
280
     0
281
     0
  0
CLASS
  1
ACMANOOTATIONVIEWSTANDARDDIN
  2
AmdtAnViewStdDIN
  3
"Amdt_StdImp|Product Description: AutoCAD Mechanical|Company: Autodesk, Inc."
 90
     1024
 91
        1
280
     0
281
     0
  0
CLASS
  1
CELLSTYLEMAP
  2
AcDbCellStyleMap
  3
ObjectDBX Classes
 90
     1152
 91
        1
280
     0
281
     0
  0
ENDSEC
  0
SECTION
  2
TABLES
  0
TABLE
  2
VPORT
  5
19
330
0
100
AcDbSymbolTable
 70
     1
  0
VPORT
  5
92A
330
19
100
AcDbSymbolTableRecord
100
AcDbViewportTableRecord
  2
*Active
 70
     0
 10
0.0
 20
0.0
 11
1.0
 21
1.0
 12
2603.771969471225
 22
2906.905890570174
 13
0.0
 23
0.0
 14
273.4512969780281
 24
273.4512969780281
 15
10.0
 25
10.0
 16
0.0
 26
0.0
 36
1.0
 17
0.0
 27
0.0
 37
0.0
 40
1484.353309589043
 41
2.095291479820627
 42
50.0
 43
0.0
 44
0.0
 50
0.0
 51
0.0
 71
     0
 72
   100
 73
     1
 74
     1
 75
     0
 76
     0
 77
     0
 78
     1
281
     0
 65
     1
110
0.0
120
0.0
130
0.0
111
1.0
121
0.0
131
0.0
112
0.0
122
1.0
132
0.0
 79
     0
146
0.0
348
950
 60
     3
 61
     5
292
     1
282
     1
141
0.0
142
0.0
 63
   250
421
  3355443
1001
ACAD_NAV_VCDISPLAY
1070
     3
  0
ENDTAB
  0
TABLE
  2
LTYPE
  5
14
330
0
100
AcDbSymbolTable
 70
    21
  0
LTYPE
  5
15
330
14
100
AcDbSymbolTableRecord
100
AcDbLinetypeTableRecord
  2
BYBLOCK
 70
     0
  3

 72
    65
 73
     0
 40
0.0
  0
LTYPE
  5
16
330
14
100
AcDbSymbolTableRecord
100
AcDbLinetypeTableRecord
  2
BYLAYER
 70
     0
  3

 72
    65
 73
     0
 40
0.0
  0
LTYPE
  5
8
330
14
100
AcDbSymbolTableRecord
100
AcDbLinetypeTableRecord
  2
CONTINUOUS
 70
     0
  3
Solid line
 72
    65
 73
     0
 40
0.0
  0
LTYPE
  5
3F
330
14
100
AcDbSymbolTableRecord
100
AcDbLinetypeTableRecord
  2
MITTE2
 70
     0
  3
Mitte (.5x) ___ _ ___ _ ___ _ ___ _ ___ _ ___
 72
    65
 73
     4
 40
1.125
 49
0.75
 74
     0
 49
-0.125
 74
     0
 49
0.125
 74
     0
 49
-0.125
 74
     0
  0
LTYPE
  5
989
330
14
100
AcDbSymbolTableRecord
100
AcDbLinetypeTableRecord
  2
HIDDEN
 70
     0
  3
Hidden __ __ __ __ __ __ __ __ __ __ __ __ __ __
 72
    65
 73
     2
 40
9.525
 49
6.349999999999999
 74
     0
 49
-3.174999999999999
 74
     0
  0
LTYPE
  5
98A
330
14
100
AcDbSymbolTableRecord
100
AcDbLinetypeTableRecord
  2
PHANTOM2
 70
     0
  3
Phantom (.5x) ___ _ _ ___ _ _ ___ _ _ ___ _ _
 72
    65
 73
     6
 40
31.75
 49
15.875
 74
     0
 49
-3.174999999999999
 74
     0
 49
3.174999999999999
 74
     0
 49
-3.174999999999999
 74
     0
 49
3.174999999999999
 74
     0
 49
-3.174999999999999
 74
     0
  0
LTYPE
  5
98B
330
14
100
AcDbSymbolTableRecord
100
AcDbLinetypeTableRecord
  2
CENTER
 70
     0
  3
Center ____ _ ____ _ ____ _ ____ _ ____ _ ____
 72
    65
 73
     4
 40
50.8
 49
31.75
 74
     0
 49
-6.349999999999999
 74
     0
 49
6.349999999999999
 74
     0
 49
-6.349999999999999
 74
     0
  0
LTYPE
  5
9C6
330
14
100
AcDbSymbolTableRecord
100
AcDbLinetypeTableRecord
  2
AM_ISO02W050
 70
     0
  3
__ __ __ __ __ __ __ __ __ __ __ __ __ __ __
 72
    65
 73
     2
 40
7.5
 49
6.0
 74
     0
 49
-1.5
 74
     0
  0
LTYPE
  5
9C7
330
14
100
AcDbSymbolTableRecord
100
AcDbLinetypeTableRecord
  2
AM_ISO08W050
 70
     0
  3
____ . ____ . ____ . ____ . ____ . ____ . ____
 72
    65
 73
     4
 40
18.0
 49
12.0
 74
     0
 49
-1.5
 74
     0
 49
3.0
 74
     0
 49
-1.5
 74
     0
  0
LTYPE
  5
9C8
330
14
100
AcDbSymbolTableRecord
100
AcDbLinetypeTableRecord
  2
AM_ISO09W050
 70
     0
  3
_____ . . _____ . . _____ . . ____ .. ____
 72
    65
 73
     6
 40
22.5
 49
12.0
 74
     0
 49
-1.5
 74
     0
 49
3.0
 74
     0
 49
-1.5
 74
     0
 49
3.0
 74
     0
 49
-1.5
 74
     0
  0
LTYPE
  5
9C9
330
14
100
AcDbSymbolTableRecord
100
AcDbLinetypeTableRecord
  2
Amconstr
 70
     0
  3
_______________________
 72
    65
 73
     2
 40
9999.0
 49
9999.0
 74
     0
 49
0.0
 74
     0
  0
LTYPE
  5
9CA
330
14
100
AcDbSymbolTableRecord
100
AcDbLinetypeTableRecord
  2
AM_ISO08W050x2
 70
     0
  3
__ . __ . __ . __ . __ . __
 72
    65
 73
     4
 40
9.0
 49
6.0
 74
     0
 49
-0.75
 74
     0
 49
1.5
 74
     0
 49
-0.75
 74
     0
  0
LTYPE
  5
9CB
330
14
100
AcDbSymbolTableRecord
100
AcDbLinetypeTableRecord
  2
AM_ISO02W050x2
 70
     0
  3
 _ _ _ _ _ _ _ _ _ _ _ _
 72
    65
 73
     2
 40
3.75
 49
3.0
 74
     0
 49
-0.75
 74
     0
  0
LTYPE
  5
9CE
330
14
100
AcDbSymbolTableRecord
100
AcDbLinetypeTableRecord
  2
Amzigzag
 70
     0
  3
/\/-/\/-/\/-/\/-/\/-/\/
 72
    65
 73
     2
 40
11.0001
 49
0.0001
 74
     4
 75
   136
340
9CD
 46
0.04
 50
0.0
 44
0.0
 45
0.0
 49
-11.0
 74
     0
  0
LTYPE
  5
9CF
330
14
100
AcDbSymbolTableRecord
100
AcDbLinetypeTableRecord
  2
AM_DIN_F_W050
 70
     0
  3
__ __ __ __ __ __ __ __ __ __ __ __ __ __ __
 72
    65
 73
     2
 40
6.25
 49
4.75
 74
     0
 49
-1.5
 74
     0
  0
LTYPE
  5
9D0
330
14
100
AcDbSymbolTableRecord
100
AcDbLinetypeTableRecord
  2
AM_DIN_G_W050
 70
     0
  3
____ . ____ . ____ . ____ . ____ . ____ . ____
 72
    65
 73
     4
 40
13.75
 49
9.75
 74
     0
 49
-1.5
 74
     0
 49
1.0
 74
     0
 49
-1.5
 74
     0
  0
LTYPE
  5
9D1
330
14
100
AcDbSymbolTableRecord
100
AcDbLinetypeTableRecord
  2
AM_DIN_K_W050
 70
     0
  3
_____ . . _____ . . _____ . . ____ .. ____
 72
    65
 73
     6
 40
16.25
 49
9.75
 74
     0
 49
-1.5
 74
     0
 49
1.0
 74
     0
 49
-1.5
 74
     0
 49
1.0
 74
     0
 49
-1.5
 74
     0
  0
LTYPE
  5
9D2
330
14
100
AcDbSymbolTableRecord
100
AcDbLinetypeTableRecord
  2
AM_DIN_G_W050x2
 70
     0
  3
__ . __ . __ . __ . __ . __
 72
    65
 73
     4
 40
6.875
 49
4.75
 74
     0
 49
-0.875
 74
     0
 49
0.375
 74
     0
 49
-0.875
 74
     0
  0
LTYPE
  5
9D3
330
14
100
AcDbSymbolTableRecord
100
AcDbLinetypeTableRecord
  2
AM_DIN_F_W050x2
 70
     0
  3
 _ _ _ _ _ _ _ _ _ _ _ _
 72
    65
 73
     2
 40
3.125
 49
2.25
 74
     0
 49
-0.875
 74
     0
  0
LTYPE
  5
9E2
330
14
100
AcDbSymbolTableRecord
100
AcDbLinetypeTableRecord
  2
ACDINWELD
 70
     0
  3
_ _ _ _ _
 72
    65
 73
     2
 40
2.0
 49
2.0
 74
     0
 49
-1.0
 74
     0
  0
LTYPE
  5
9E3
330
14
100
AcDbSymbolTableRecord
100
AcDbLinetypeTableRecord
  2
ACDINTGL
 70
     0
  3
_ _ _ _ _
 72
    65
 73
     2
 40
3.0
 49
2.0
 74
     0
 49
-1.0
 74
     0
  0
LTYPE
  5
9E4
330
14
100
AcDbSymbolTableRecord
100
AcDbLinetypeTableRecord
  2
ACDINTGB
 70
     0
  3
__ . . __ . .
 72
    65
 73
     6
 40
9.0
 49
4.0
 74
     0
 49
-1.0
 74
     0
 49
1.0
 74
     0
 49
-1.0
 74
     0
 49
1.0
 74
     0
 49
-1.0
 74
     0
  0
ENDTAB
  0
TABLE
  2
LAYER
  5
10
330
0
100
AcDbSymbolTable
 70
     2
  0
LAYER
  5
4
102
{ACAD_XDICTIONARY
360
9FD
102
}
330
10
100
AcDbSymbolTableRecord
100
AcDbLayerTableRecord
  2
0
 70
     0
 62
     7
  6
CONTINUOUS
370
    -3
390
5
347
942
  0
LAYER
  5
25
102
{ACAD_XDICTIONARY
360
9FF
102
}
330
10
100
AcDbSymbolTableRecord
100
AcDbLayerTableRecord
  2
HALFEN
 70
     0
 62
     2
  6
CONTINUOUS
370
    -3
390
5
347
942
  0
ENDTAB
  0
TABLE
  2
STYLE
  5
11
330
0
100
AcDbSymbolTable
 70
     5
  0
STYLE
  5
12
330
11
100
AcDbSymbolTableRecord
100
AcDbTextStyleTableRecord
  2
STANDARD
 70
     0
 40
0.0
 41
1.0
 50
0.0
 71
     0
 42
0.2
  3
ISOCP.SHX
  4

  0
STYLE
  5
26
330
11
100
AcDbSymbolTableRecord
100
AcDbTextStyleTableRecord
  2
ARIAL50
 70
     0
 40
5.0
 41
1.0
 50
0.0
 71
     0
 42
3.5
  3
ARIAL.TTF
  4

1001
ACAD
1000
Arial
1071
       34
  0
STYLE
  5
9CD
330
11
100
AcDbSymbolTableRecord
100
AcDbTextStyleTableRecord
  2

 70
     1
 40
0.0
 41
1.0
 50
0.0
 71
     0
 42
3.5
  3
genltshp.shx
  4

  0
STYLE
  5
9E0
330
11
100
AcDbSymbolTableRecord
100
AcDbTextStyleTableRecord
  2
ACDINTS
 70
     0
 40
1.0
 41
1.0
 50
0.0
 71
     0
 42
3.5
  3
isocp.shx
  4

  0
STYLE
  5
9E1
330
11
100
AcDbSymbolTableRecord
100
AcDbTextStyleTableRecord
  2
ACDINGDT
 70
     0
 40
0.0
 41
1.0
 50
0.0
 71
     0
 42
3.5
  3
amgdt.shx
  4

  0
ENDTAB
  0
TABLE
  2
VIEW
  5
17
330
0
100
AcDbSymbolTable
 70
     0
  0
ENDTAB
  0
TABLE
  2
UCS
  5
18
330
0
100
AcDbSymbolTable
 70
     0
  0
ENDTAB
  0
TABLE
  2
APPID
  5
1B
330
0
100
AcDbSymbolTable
 70
    10
  0
APPID
  5
1C
330
1B
100
AcDbSymbolTableRecord
100
AcDbRegAppTableRecord
  2
ACAD
 70
     0
  0
APPID
  5
558
330
1B
100
AcDbSymbolTableRecord
100
AcDbRegAppTableRecord
  2
DCO15
 70
     0
  0
APPID
  5
982
330
1B
100
AcDbSymbolTableRecord
100
AcDbRegAppTableRecord
  2
MCAD_NO_VIS
 70
     0
  0
APPID
  5
983
330
1B
100
AcDbSymbolTableRecord
100
AcDbRegAppTableRecord
  2
ACAD_TEMP_GRAPHIC
 70
     0
  0
APPID
  5
990
330
1B
100
AcDbSymbolTableRecord
100
AcDbRegAppTableRecord
  2
ACATTRIBSERVICES
 70
     0
  0
APPID
  5
9A8
330
1B
100
AcDbSymbolTableRecord
100
AcDbRegAppTableRecord
  2
DESIGNERASSEMBLIES
 70
     0
  0
APPID
  5
9C3
330
1B
100
AcDbSymbolTableRecord
100
AcDbRegAppTableRecord
  2
ACAD_DSTYLE_DIMJAG
 70
     0
  0
APPID
  5
9C4
330
1B
100
AcDbSymbolTableRecord
100
AcDbRegAppTableRecord
  2
ACAD_DSTYLE_DIMBREAK
 70
     0
  0
APPID
  5
9EB
330
1B
100
AcDbSymbolTableRecord
100
AcDbRegAppTableRecord
  2
ACAD_NAV_VCDISPLAY
 70
     0
  0
APPID
  5
9F4
330
1B
100
AcDbSymbolTableRecord
100
AcDbRegAppTableRecord
  2
ACAD_EXEMPT_FROM_CAD_STANDARDS
 70
     0
  0
ENDTAB
  0
TABLE
  2
DIMSTYLE
  5
1D
330
0
100
AcDbSymbolTable
 70
     8
100
AcDbDimStyleTable
 71
     0
  0
DIMSTYLE
105
29
330
1D
100
AcDbSymbolTableRecord
100
AcDbDimStyleTableRecord
  2
GEN-ISO
 70
     0
 41
2.5
 42
1.0
 43
10.0
 44
1.0
 47
0.1
 48
0.1
 73
     0
 74
     0
 77
     1
 78
     8
140
3.5
141
0.0
143
0.0393701
146
0.71
147
3.0
172
     1
176
     1
177
     1
178
     7
271
     1
272
     3
274
     4
283
     0
340
12
  0
DIMSTYLE
105
9C2
102
{ACAD_REACTORS
330
9B1
102
}
330
1D
100
AcDbSymbolTableRecord
100
AcDbDimStyleTableRecord
  2
AM_DIN
 70
     0
  4
"
 41
3.5
 42
1.0
 43
10.0
 44
1.0
 47
0.1
 48
0.1
 50
90.0
 73
     0
 74
     0
 77
     1
 78
     8
 79
     2
140
3.5
141
0.0
143
0.0393701
146
0.71
147
1.5
172
     1
176
   256
177
   256
178
     2
271
     2
272
     3
274
     4
283
     0
284
     8
340
12
345
15
346
15
347
15
371
    -1
372
    -1
1001
ACAD_DSTYLE_DIMJAG
1070
   388
1040
1.5
1001
ACAD_DSTYLE_DIMBREAK
1070
   391
1040
3.75
  0
DIMSTYLE
105
9D4
330
1D
100
AcDbSymbolTableRecord
100
AcDbDimStyleTableRecord
  2
AM_DIN$3
 70
     0
  4
"
 41
3.5
 42
1.0
 43
10.0
 44
1.0
 47
0.1
 48
0.1
 50
90.0
 73
     0
 77
     1
 78
     8
 79
     2
140
3.5
141
0.0
143
0.0393701
146
0.71
147
1.5
176
   256
177
   256
178
     2
271
     2
272
     3
274
     4
283
     0
284
     8
288
     1
289
     0
340
12
345
15
346
15
347
15
371
    -1
372
    -1
1001
ACAD_DSTYLE_DIMBREAK
1070
   391
1040
3.75
1001
ACAD_DSTYLE_DIMJAG
1070
   388
1040
1.5
  0
DIMSTYLE
105
9D5
330
1D
100
AcDbSymbolTableRecord
100
AcDbDimStyleTableRecord
  2
AM_DIN$4
 70
     0
  4
"
 41
3.5
 42
1.0
 43
10.0
 44
1.0
 47
0.1
 48
0.1
 50
90.0
 73
     0
 77
     1
 78
     8
 79
     2
140
3.5
141
0.0
143
0.0393701
146
0.71
147
1.5
176
   256
177
   256
178
     2
271
     2
272
     3
274
     4
283
     0
284
     8
288
     1
289
     0
340
12
345
15
346
15
347
15
371
    -1
372
    -1
1001
ACAD_DSTYLE_DIMBREAK
1070
   391
1040
3.75
1001
ACAD_DSTYLE_DIMJAG
1070
   388
1040
1.5
  0
DIMSTYLE
105
9D6
330
1D
100
AcDbSymbolTableRecord
100
AcDbDimStyleTableRecord
  2
AM_DIN$6
 70
     0
  4
"
 41
3.5
 42
1.0
 43
10.0
 44
1.0
 47
0.1
 48
0.1
 50
90.0
 73
     0
 74
     0
 78
     8
 79
     2
140
3.5
141
0.0
143
0.0393701
146
0.71
147
1.5
172
     1
176
   256
177
   256
178
     2
271
     2
272
     3
274
     4
283
     0
284
     8
340
12
345
15
346
15
347
15
371
    -1
372
    -1
1001
ACAD_DSTYLE_DIMBREAK
1070
   391
1040
3.75
1001
ACAD_DSTYLE_DIMJAG
1070
   388
1040
1.5
  0
DIMSTYLE
105
9D7
330
1D
100
AcDbSymbolTableRecord
100
AcDbDimStyleTableRecord
  2
AM_DIN$7
 70
     0
  4
"
 41
3.5
 42
1.0
 43
10.0
 44
1.0
 47
0.1
 48
0.1
 50
90.0
 73
     0
 74
     0
 77
     1
 78
     8
 79
     2
140
3.5
141
0.0
143
0.0393701
146
0.71
147
1.5
172
     1
176
   256
177
   256
178
     2
271
     2
272
     3
274
     4
283
     0
284
     8
340
12
345
15
346
15
347
15
371
    -1
372
    -1
1001
ACAD_DSTYLE_DIMBREAK
1070
   391
1040
3.75
1001
ACAD_DSTYLE_DIMJAG
1070
   388
1040
1.5
  0
DIMSTYLE
105
9D8
330
1D
100
AcDbSymbolTableRecord
100
AcDbDimStyleTableRecord
  2
AM_DIN$SF
 70
     0
  4
"
 41
3.5
 42
1.0
 43
10.0
 44
1.0
 47
0.1
 48
0.1
 50
90.0
 73
     0
 74
     0
 75
     1
 76
     1
 77
     1
 78
     8
 79
     2
140
3.5
141
0.0
143
0.0393701
146
0.71
147
1.5
172
     1
176
   256
177
   256
178
     2
271
     2
272
     3
274
     4
283
     0
284
     8
340
12
345
15
346
15
347
15
371
    -1
372
    -1
1001
ACAD_DSTYLE_DIMBREAK
1070
   391
1040
3.75
1001
ACAD_DSTYLE_DIMJAG
1070
   388
1040
1.5
  0
DIMSTYLE
105
9DD
330
1D
100
AcDbSymbolTableRecord
100
AcDbDimStyleTableRecord
  2
AM_DIN$SH
 70
     0
  4
"
 41
3.5
 42
1.0
 43
10.0
 44
1.0
 47
0.1
 48
0.1
 50
90.0
 73
     0
 74
     0
 75
     1
 76
     1
 77
     1
 78
     8
 79
     2
140
3.5
141
0.0
143
0.0393701
144
2.0
146
0.71
147
1.5
172
     1
173
     1
176
   256
177
   256
178
     2
271
     2
272
     3
274
     4
283
     0
284
     8
340
12
343
9D9
345
15
346
15
347
15
371
    -1
372
    -1
1001
ACAD_DSTYLE_DIMBREAK
1070
   391
1040
3.75
1001
ACAD_DSTYLE_DIMJAG
1070
   388
1040
1.5
  0
ENDTAB
  0
TABLE
  2
BLOCK_RECORD
  5
1
330
0
100
AcDbSymbolTable
 70
     2
  0
BLOCK_RECORD
  5
2
330
1
100
AcDbSymbolTableRecord
100
AcDbBlockTableRecord
  2
*MODEL_SPACE
340
A
 70
     0
280
     1
281
     0
  0
BLOCK_RECORD
  5
C
330
1
100
AcDbSymbolTableRecord
100
AcDbBlockTableRecord
  2
*PAPER_SPACE
340
F
 70
     0
280
     1
281
     0
  0
BLOCK_RECORD
  5
9D9
330
1
100
AcDbSymbolTableRecord
100
AcDbBlockTableRecord
  2
GENAXEH
340
0
 70
     0
280
     1
281
     0
  0
ENDTAB
  0
ENDSEC
  0
SECTION
  2
BLOCKS
  0
BLOCK
  5
3
330
2
100
AcDbEntity
  8
0
100
AcDbBlockBegin
  2
*MODEL_SPACE
 70
     0
 10
0.0
 20
0.0
 30
0.0
  3
*MODEL_SPACE
  1

  0
ENDBLK
  5
9
330
2
100
AcDbEntity
  8
0
100
AcDbBlockEnd
  0
BLOCK
  5
D
330
C
100
AcDbEntity
 67
     1
  8
0
100
AcDbBlockBegin
  2
*PAPER_SPACE
 70
     0
 10
0.0
 20
0.0
 30
0.0
  3
*PAPER_SPACE
  1

  0
ENDBLK
  5
E
330
C
100
AcDbEntity
 67
     1
  8
0
100
AcDbBlockEnd
  0
BLOCK
  5
9DB
330
9D9
100
AcDbEntity
  8
0
100
AcDbBlockBegin
  2
GENAXEH
 70
     0
 10
0.0
 20
0.0
 30
0.0
  3
GENAXEH
  1

  0
LINE
  5
9DA
330
9D9
100
AcDbEntity
  8
0
100
AcDbLine
 10
-1.0
 20
0.0
 30
0.0
 11
1.0
 21
0.0
 31
0.0
  0
ENDBLK
  5
9DC
330
9D9
100
AcDbEntity
  8
0
100
AcDbBlockEnd
  0
ENDSEC
  0
SECTION
  2
ENTITIES
  0
TEXT
  5
2A
330
2
100
AcDbEntity
  8
HALFEN
100
AcDbText
 10
1303.96397358771
 20
2596.654844595975
 30
0.0
 40
5.0
  1
HTU 60/22/3 - D3 - A4 - 3000 - SF
  7
ARIAL50
100
AcDbText
  0
LINE
  5
2B
330
2
100
AcDbEntity
  8
HALFEN
100
AcDbLine
 10
1248.96397358771
 20
2576.154844595976
 30
0.0
 11
1418.96397358771
 21
2576.154844595976
 31
0.0
  0
LINE
  5
2C
330
2
100
AcDbEntity
  8
HALFEN
100
AcDbLine
 10
1248.96397358771
 20
2586.154844595975
 30
0.0
 11
1418.96397358771
 21
2586.154844595975
 31
0.0
  0
LINE
  5
2D
330
2
100
AcDbEntity
  8
HALFEN
100
AcDbLine
 10
1248.96397358771
 20
2604.154844595975
 30
0.0
 11
1418.96397358771
 21
2604.154844595975
 31
0.0
  0
LINE
  5
30
330
2
100
AcDbEntity
  8
HALFEN
100
AcDbLine
 10
4153.877373587709
 20
2556.154844595975
 30
0.0
 11
1153.87737358771
 21
2556.154844595975
 31
0.0
  0
LINE
  5
31
330
2
100
AcDbEntity
  8
HALFEN
100
AcDbLine
 10
1210.21732358771
 20
2534.154844595975
 30
0.0
 11
1153.87737358771
 21
2534.154844595975
 31
0.0
  0
LINE
  5
33
330
2
100
AcDbEntity
  8
HALFEN
100
AcDbLine
 10
1058.96397358771
 20
2604.154844595975
 30
0.0
 11
1228.96397358771
 21
2604.154844595975
 31
0.0
  0
LINE
  5
34
330
2
100
AcDbEntity
  8
HALFEN
100
AcDbLine
 10
1058.96397358771
 20
2586.154844595975
 30
0.0
 11
1228.96397358771
 21
2586.154844595975
 31
0.0
  0
LINE
  5
35
330
2
100
AcDbEntity
  8
HALFEN
100
AcDbLine
 10
1058.96397358771
 20
2576.154844595976
 30
0.0
 11
1228.96397358771
 21
2576.154844595976
 31
0.0
  0
TEXT
  5
36
330
2
100
AcDbEntity
  8
HALFEN
100
AcDbText
 10
1113.96397358771
 20
2596.654844595975
 30
0.0
 40
5.0
  1
HTU 60/22/3 - D3 - FV - 3000 - SF
  7
ARIAL50
100
AcDbText
  0
LINE
  5
37
330
2
100
AcDbEntity
  8
HALFEN
100
AcDbLine
 10
1133.87627358771
 20
2483.982344595975
 30
0.0
 11
1131.95517358771
 21
2551.078544595975
 31
0.0
  0
LINE
  5
38
330
2
100
AcDbEntity
  8
HALFEN
100
AcDbLine
 10
1126.42237358771
 20
2552.147744595975
 30
0.0
 11
1128.37847358771
 21
2483.824944595975
 31
0.0
  0
LINE
  5
39
330
2
100
AcDbEntity
  8
HALFEN
100
AcDbLine
 10
1123.92067358771
 20
2534.154844595975
 30
0.0
 11
1123.42027358771
 21
2552.183544595975
 31
0.0
  0
LINE
  5
3A
330
2
100
AcDbEntity
  8
HALFEN
100
AcDbLine
 10
1153.87737358771
 20
2534.154844595975
 30
0.0
 11
1153.87737358771
 21
2556.154844595975
 31
0.0
  0
LINE
  5
3B
330
2
100
AcDbEntity
  8
HALFEN
100
AcDbLine
 10
1066.41897358771
 20
2552.147744595975
 30
0.0
 11
1064.46287358771
 21
2483.824944595975
 31
0.0
  0
LINE
  5
3C
330
2
100
AcDbEntity
  8
HALFEN
100
AcDbLine
 10
1058.96507358771
 20
2483.982344595975
 30
0.0
 11
1060.88617358771
 21
2551.078544595975
 31
0.0
  0
LINE
  5
3D
330
2
100
AcDbEntity
  8
HALFEN
100
AcDbLine
 10
1068.92067358771
 20
2534.154844595975
 30
0.0
 11
1069.42107358771
 21
2552.183544595975
 31
0.0
  0
LINE
  5
3E
330
2
100
AcDbEntity
  8
HALFEN
  6
MITTE2
 62
     1
100
AcDbLine
 10
1096.42067358771
 20
2556.154844595975
 30
0.0
 11
1096.42067358771
 21
2481.153644595975
 31
0.0
  0
LINE
  5
40
330
2
100
AcDbEntity
  8
HALFEN
100
AcDbLine
 10
1065.920675244258
 20
2534.154844595975
 30
0.0
 11
1068.92067358771
 21
2534.154844595975
 31
0.0
  0
ARC
  5
41
330
2
100
AcDbEntity
  8
HALFEN
100
AcDbCircle
 10
1061.71397358771
 20
2483.903644595975
 30
0.0
 40
2.75
100
AcDbArc
 50
178.36
 51
358.36
  0
ARC
  5
5D
330
2
100
AcDbEntity
  8
HALFEN
100
AcDbCircle
 10
1131.12737358771
 20
2483.903644595975
 30
0.0
 40
2.75
100
AcDbArc
 50
181.6399999999999
 51
1.639999999999999
  0
ARC
  5
5E
330
2
100
AcDbEntity
  8
HALFEN
100
AcDbCircle
 10
1070.42067358771
 20
2552.154844595975
 30
0.0
 40
4.0
100
AcDbArc
 50
90.0
 51
178.3601
  0
TEXT
  5
5F
330
2
100
AcDbEntity
  8
HALFEN
100
AcDbText
 10
1063.96397358771
 20
2578.654844595976
 30
0.0
 40
5.0
  1
Id. Nr.
  7
ARIAL50
100
AcDbText
  0
TEXT
  5
60
330
2
100
AcDbEntity
  8
HALFEN
100
AcDbText
 10
1063.96397358771
 20
2596.654844595975
 30
0.0
 40
5.0
  1
Benennung
  7
ARIAL50
100
AcDbText
  0
POLYLINE
  5
61
330
2
100
AcDbEntity
  8
HALFEN
100
AcDb2dPolyline
 66
     1
 10
0.0
 20
0.0
 30
0.0
 70
     1
  0
VERTEX
  5
62
330
61
100
AcDbEntity
  8
HALFEN
100
AcDbVertex
100
AcDb2dVertex
 10
1066.38387358771
 20
2550.921144595975
 30
0.0
 42
0.3435085
 50
88.35998999999999
  0
VERTEX
  5
63
330
61
100
AcDbEntity
  8
HALFEN
100
AcDbVertex
100
AcDb2dVertex
 10
1066.31507358771
 20
2551.010044595975
 30
0.0
 42
0.0285948
  0
VERTEX
  5
64
330
61
100
AcDbEntity
  8
HALFEN
100
AcDbVertex
100
AcDb2dVertex
 10
1065.58337358771
 20
2551.104644595975
 30
0.0
 42
0.0120487
 70
     2
 50
173.6398
  0
VERTEX
  5
65
330
61
100
AcDbEntity
  8
HALFEN
100
AcDbVertex
100
AcDb2dVertex
 10
1064.692973587709
 20
2551.179444595975
 30
0.0
 42
0.008547065
 50
173.6398
  0
VERTEX
  5
66
330
61
100
AcDbEntity
  8
HALFEN
100
AcDbVertex
100
AcDb2dVertex
 10
1063.641473587709
 20
2551.226844595976
 30
0.0
 42
0.008547065
  0
VERTEX
  5
67
330
61
100
AcDbEntity
  8
HALFEN
100
AcDbVertex
100
AcDb2dVertex
 10
1062.58907358771
 20
2551.239644595975
 30
0.0
 42
0.0120487
  0
VERTEX
  5
68
330
61
100
AcDbEntity
  8
HALFEN
100
AcDbVertex
100
AcDb2dVertex
 10
1061.69587358771
 20
2551.215944595976
 30
0.0
 42
0.0285948
 70
     2
 50
186.3602
  0
VERTEX
  5
69
330
61
100
AcDbEntity
  8
HALFEN
100
AcDbVertex
100
AcDb2dVertex
 10
1060.95987358771
 20
2551.163344595976
 30
0.0
 42
0.3435085
 50
186.3602
  0
VERTEX
  5
6A
330
61
100
AcDbEntity
  8
HALFEN
100
AcDbVertex
100
AcDb2dVertex
 10
1060.88617358771
 20
2551.078544595975
 30
0.0
 42
0.3435085
  0
VERTEX
  5
6B
330
61
100
AcDbEntity
  8
HALFEN
100
AcDbVertex
100
AcDb2dVertex
 10
1060.954873587709
 20
2550.989644595976
 30
0.0
 42
0.0285948
  0
VERTEX
  5
6C
330
61
100
AcDbEntity
  8
HALFEN
100
AcDbVertex
100
AcDb2dVertex
 10
1061.686673587709
 20
2550.895044595975
 30
0.0
 42
0.0120487
 70
     2
 50
353.6398
  0
VERTEX
  5
6D
330
61
100
AcDbEntity
  8
HALFEN
100
AcDbVertex
100
AcDb2dVertex
 10
1062.57707358771
 20
2550.820244595975
 30
0.0
 42
0.008547065
 50
353.6398
  0
VERTEX
  5
6E
330
61
100
AcDbEntity
  8
HALFEN
100
AcDbVertex
100
AcDb2dVertex
 10
1063.628473587709
 20
2550.772844595976
 30
0.0
 42
0.008547065
  0
VERTEX
  5
6F
330
61
100
AcDbEntity
  8
HALFEN
100
AcDbVertex
100
AcDb2dVertex
 10
1064.68097358771
 20
2550.760044595975
 30
0.0
 42
0.0120487
  0
VERTEX
  5
70
330
61
100
AcDbEntity
  8
HALFEN
100
AcDbVertex
100
AcDb2dVertex
 10
1065.57417358771
 20
2550.783744595976
 30
0.0
 42
0.0285948
 70
     2
 50
6.360229
  0
VERTEX
  5
71
330
61
100
AcDbEntity
  8
HALFEN
100
AcDbVertex
100
AcDb2dVertex
 10
1066.31017358771
 20
2550.836344595976
 30
0.0
 42
0.3435085
 50
6.360229
  0
SEQEND
  5
72
330
61
100
AcDbEntity
  8
HALFEN
  0
TEXT
  5
73
330
2
100
AcDbEntity
  8
HALFEN
100
AcDbText
 10
1058.96397358771
 20
2606.654844595976
 30
0.0
 40
5.0
  1
fv
  7
ARIAL50
100
AcDbText
  0
LINE
  5
74
330
2
100
AcDbEntity
  8
HALFEN
100
AcDbLine
 10
1058.96397358771
 20
2576.154844595976
 30
0.0
 11
1058.96397358771
 21
2604.154844595975
 31
0.0
  0
LINE
  5
75
330
2
100
AcDbEntity
  8
HALFEN
100
AcDbLine
 10
1122.42067358771
 20
2553.154844595975
 30
0.0
 11
1070.42067358771
 21
2553.154844595975
 31
0.0
  0
LINE
  5
76
330
2
100
AcDbEntity
  8
HALFEN
100
AcDbLine
 10
1122.42067358771
 20
2556.154844595975
 30
0.0
 11
1070.42067358771
 21
2556.154844595975
 31
0.0
  0
TEXT
  5
77
330
2
100
AcDbEntity
  8
HALFEN
100
AcDbText
 10
1113.96397358771
 20
2578.654844595976
 30
0.0
 40
5.0
  1
0015.010-00004
  7
ARIAL50
100
AcDbText
  0
ARC
  5
78
330
2
100
AcDbEntity
  8
HALFEN
100
AcDbCircle
 10
1070.42067358771
 20
2552.154844595975
 30
0.0
 40
1.0
100
AcDbArc
 50
90.0
 51
178.3560999999999
  0
LINE
  5
79
330
2
100
AcDbEntity
  8
HALFEN
100
AcDbLine
 10
1108.96397358771
 20
2576.154844595976
 30
0.0
 11
1108.96397358771
 21
2604.154844595975
 31
0.0
  0
POLYLINE
  5
7A
330
2
100
AcDbEntity
  8
HALFEN
100
AcDb2dPolyline
 66
     1
 10
0.0
 20
0.0
 30
0.0
 70
     1
  0
VERTEX
  5
7B
330
7A
100
AcDbEntity
  8
HALFEN
100
AcDbVertex
100
AcDb2dVertex
 10
1126.45747358771
 20
2550.921144595975
 30
0.0
 42
0.3435085
 50
271.64
  0
VERTEX
  5
7C
330
7A
100
AcDbEntity
  8
HALFEN
100
AcDbVertex
100
AcDb2dVertex
 10
1126.53117358771
 20
2550.836344595976
 30
0.0
 42
0.0285948
  0
VERTEX
  5
7D
330
7A
100
AcDbEntity
  8
HALFEN
100
AcDbVertex
100
AcDb2dVertex
 10
1127.26717358771
 20
2550.783744595976
 30
0.0
 42
0.0120487
 70
     2
 50
176.9198
  0
VERTEX
  5
7E
330
7A
100
AcDbEntity
  8
HALFEN
100
AcDbVertex
100
AcDb2dVertex
 10
1128.160373587709
 20
2550.760044595975
 30
0.0
 42
0.008547065
 50
176.9198
  0
VERTEX
  5
7F
330
7A
100
AcDbEntity
  8
HALFEN
100
AcDbVertex
100
AcDb2dVertex
 10
1129.21287358771
 20
2550.772844595976
 30
0.0
 42
0.008547065
  0
VERTEX
  5
80
330
7A
100
AcDbEntity
  8
HALFEN
100
AcDbVertex
100
AcDb2dVertex
 10
1130.26427358771
 20
2550.820244595975
 30
0.0
 42
0.0120487
  0
VERTEX
  5
81
330
7A
100
AcDbEntity
  8
HALFEN
100
AcDbVertex
100
AcDb2dVertex
 10
1131.15467358771
 20
2550.895044595975
 30
0.0
 42
0.0285948
 70
     2
 50
183.0802
  0
VERTEX
  5
82
330
7A
100
AcDbEntity
  8
HALFEN
100
AcDbVertex
100
AcDb2dVertex
 10
1131.88647358771
 20
2550.989644595976
 30
0.0
 42
0.3435085
 50
183.0802
  0
VERTEX
  5
83
330
7A
100
AcDbEntity
  8
HALFEN
100
AcDbVertex
100
AcDb2dVertex
 10
1131.95517358771
 20
2551.078544595975
 30
0.0
 42
0.3435085
  0
VERTEX
  5
84
330
7A
100
AcDbEntity
  8
HALFEN
100
AcDbVertex
100
AcDb2dVertex
 10
1131.88147358771
 20
2551.163344595976
 30
0.0
 42
0.0285948
  0
VERTEX
  5
85
330
7A
100
AcDbEntity
  8
HALFEN
100
AcDbVertex
100
AcDb2dVertex
 10
1131.14547358771
 20
2551.215944595976
 30
0.0
 42
0.0120487
 70
     2
 50
356.9198
  0
VERTEX
  5
86
330
7A
100
AcDbEntity
  8
HALFEN
100
AcDbVertex
100
AcDb2dVertex
 10
1130.25227358771
 20
2551.239644595975
 30
0.0
 42
0.008547065
 50
356.9198
  0
VERTEX
  5
87
330
7A
100
AcDbEntity
  8
HALFEN
100
AcDbVertex
100
AcDb2dVertex
 10
1129.19987358771
 20
2551.226844595976
 30
0.0
 42
0.008547065
  0
VERTEX
  5
88
330
7A
100
AcDbEntity
  8
HALFEN
100
AcDbVertex
100
AcDb2dVertex
 10
1128.14837358771
 20
2551.179444595975
 30
0.0
 42
0.0120487
  0
VERTEX
  5
89
330
7A
100
AcDbEntity
  8
HALFEN
100
AcDbVertex
100
AcDb2dVertex
 10
1127.25797358771
 20
2551.104644595975
 30
0.0
 42
0.0285948
 70
     2
 50
3.0802
  0
VERTEX
  5
8A
330
7A
100
AcDbEntity
  8
HALFEN
100
AcDbVertex
100
AcDb2dVertex
 10
1126.52627358771
 20
2551.010044595975
 30
0.0
 42
0.3435085
 50
3.0802
  0
SEQEND
  5
8B
330
7A
100
AcDbEntity
  8
HALFEN
  0
ARC
  5
8C
330
2
100
AcDbEntity
  8
HALFEN
100
AcDbCircle
 10
1122.42067358771
 20
2552.154844595975
 30
0.0
 40
1.0
100
AcDbArc
 50
1.643899999999949
 51
90.0
  0
ARC
  5
8D
330
2
100
AcDbEntity
  8
HALFEN
100
AcDbCircle
 10
1122.42067358771
 20
2552.154844595975
 30
0.0
 40
4.0
100
AcDbArc
 50
1.639904
 51
90.0
  0
LINE
  5
8E
330
2
100
AcDbEntity
  8
HALFEN
100
AcDbLine
 10
1244.32444358771
 20
2495.375044595976
 30
0.0
 11
1248.90827358771
 21
2550.700744595975
 31
0.0
  0
LINE
  5
8F
330
2
100
AcDbEntity
  8
HALFEN
100
AcDbLine
 10
1238.84323358771
 20
2495.829144595976
 30
0.0
 11
1243.42706358771
 21
2551.154844595976
 31
0.0
  0
LINE
  5
90
330
2
100
AcDbEntity
  8
HALFEN
100
AcDbLine
 10
1213.43030358771
 20
2495.375044595976
 30
0.0
 11
1208.84647358771
 21
2550.700744595975
 31
0.0
  0
LINE
  5
91
330
2
100
AcDbEntity
  8
HALFEN
100
AcDbLine
 10
1218.91151358771
 20
2495.829144595976
 30
0.0
 11
1214.32769358771
 21
2551.154844595976
 31
0.0
  0
ARC
  5
92
330
2
100
AcDbEntity
  8
HALFEN
100
AcDbCircle
 10
1228.87737358771
 20
2496.654844595975
 30
0.0
 40
15.5
100
AcDbArc
 50
184.7362
 51
355.2638
  0
LINE
  5
93
330
2
100
AcDbEntity
  8
HALFEN
100
AcDbLine
 10
1242.01858358771
 20
2534.154844595975
 30
0.0
 11
1215.73617358771
 21
2534.154844595975
 31
0.0
  0
ARC
  5
AA
330
2
100
AcDbEntity
  8
HALFEN
100
AcDbCircle
 10
1228.87737358771
 20
2496.654844595975
 30
0.0
 40
10.0
100
AcDbArc
 50
184.7362
 51
355.2638
  0
LINE
  5
AB
330
2
100
AcDbEntity
  8
HALFEN
100
AcDbLine
 10
4153.877373587709
 20
2534.154844595975
 30
0.0
 11
4097.537417135881
 21
2534.154844595976
 31
0.0
  0
TEXT
  5
AC
330
2
100
AcDbEntity
  8
HALFEN
100
AcDbText
 10
1253.96397358771
 20
2596.654844595975
 30
0.0
 40
5.0
  1
Benennung
  7
ARIAL50
100
AcDbText
  0
LINE
  5
AD
330
2
100
AcDbEntity
  8
HALFEN
100
AcDbLine
 10
1214.32768358771
 20
2551.154844595976
 30
0.0
 11
1208.84646358771
 21
2550.700744595975
 31
0.0
  0
TEXT
  5
AE
330
2
100
AcDbEntity
  8
HALFEN
100
AcDbText
 10
1248.96397358771
 20
2606.654844595976
 30
0.0
 40
5.0
  1
A4
  7
ARIAL50
100
AcDbText
  0
LINE
  5
AF
330
2
100
AcDbEntity
  8
HALFEN
100
AcDbLine
 10
1228.96397358771
 20
2576.154844595976
 30
0.0
 11
1228.96397358771
 21
2604.154844595975
 31
0.0
  0
LINE
  5
B0
330
2
100
AcDbEntity
  8
HALFEN
100
AcDbLine
 10
1248.96397358771
 20
2576.154844595976
 30
0.0
 11
1248.96397358771
 21
2604.154844595975
 31
0.0
  0
LINE
  5
B1
330
2
100
AcDbEntity
  8
HALFEN
100
AcDbLine
 10
1243.42706358771
 20
2551.154844595976
 30
0.0
 11
1248.90828358771
 21
2550.700744595975
 31
0.0
  0
TEXT
  5
B2
330
2
100
AcDbEntity
  8
HALFEN
100
AcDbText
 10
1253.96397358771
 20
2578.654844595976
 30
0.0
 40
5.0
  1
Id. Nr.
  7
ARIAL50
100
AcDbText
  0
LINE
  5
B3
330
2
100
AcDbEntity
  8
HALFEN
100
AcDbLine
 10
1298.96397358771
 20
2576.154844595976
 30
0.0
 11
1298.96397358771
 21
2604.154844595975
 31
0.0
  0
TEXT
  5
B4
330
2
100
AcDbEntity
  8
HALFEN
100
AcDbText
 10
1303.96397358771
 20
2578.654844595976
 30
0.0
 40
5.0
  1
0015.010-00054
  7
ARIAL50
100
AcDbText
  0
LINE
  5
B5
330
2
100
AcDbEntity
  8
HALFEN
100
AcDbLine
 10
1418.96397358771
 20
2576.154844595976
 30
0.0
 11
1418.96397358771
 21
2604.154844595975
 31
0.0
  0
LINE
  5
B6
330
2
100
AcDbEntity
  8
HALFEN
100
AcDbLine
 10
1153.87736858771
 20
2454.198142939427
 30
0.0
 11
1153.877368587709
 21
2393.198146252524
 31
0.0
  0
LINE
  5
B7
330
2
100
AcDbEntity
  8
HALFEN
100
AcDbLine
 10
1153.87736858771
 20
2454.198142939427
 30
0.0
 11
4153.87736858771
 21
2454.198142939427
 31
0.0
  0
ELLIPSE
  5
B8
330
2
100
AcDbEntity
  8
HALFEN
100
AcDbEllipse
 10
1211.58707358771
 20
2456.715393767701
 30
0.0
 11
2.740614999999933
 21
0.0
 31
0.0
210
0.0
220
0.0
230
1.0
 40
0.91849852251193
 41
0.0
 42
6.283185307179586
  0
ELLIPSE
  5
B9
330
2
100
AcDbEntity
  8
HALFEN
100
AcDbEllipse
 10
1246.16767358771
 20
2456.715393767701
 30
0.0
 11
2.740614999999933
 21
0.0
 31
0.0
210
0.0
220
0.0
230
1.0
 40
0.91849852251193
 41
0.0
 42
6.283185307179586
  0
ARC
  5
BA
330
2
100
AcDbEntity
  8
HALFEN
100
AcDbCircle
 10
1228.87737358771
 20
2382.430121120289
 30
0.0
 40
78.72472347568647
100
AcDbArc
 50
77.31270616761488
 51
102.6872938323849
  0
ARC
  5
BB
330
2
100
AcDbEntity
  8
HALFEN
100
AcDbCircle
 10
1228.87737358771
 20
2377.395619463742
 30
0.0
 40
78.72472347568647
100
AcDbArc
 50
77.31270616761488
 51
102.6872938323849
  0
LINE
  5
BC
330
2
100
AcDbEntity
  8
HALFEN
100
AcDbLine
 10
1153.877368587709
 20
2393.198146252524
 30
0.0
 11
4153.87736858771
 21
2393.198146252524
 31
0.0
  0
ARC
  5
BD
330
2
100
AcDbEntity
  8
HALFEN
100
AcDbCircle
 10
1228.87737358771
 20
2470.00066972821
 30
0.0
 40
78.72472347568647
100
AcDbArc
 50
257.312706167615
 51
282.6872938323851
  0
ARC
  5
BE
330
2
100
AcDbEntity
  8
HALFEN
100
AcDbCircle
 10
1228.87737358771
 20
2464.966168071662
 30
0.0
 40
78.72472347568647
100
AcDbArc
 50
257.312706167615
 51
282.6872938323851
  0
ELLIPSE
  5
BF
330
2
100
AcDbEntity
  8
HALFEN
100
AcDbEllipse
 10
1211.58707358771
 20
2390.680895424249
 30
0.0
 11
2.740614999999933
 21
0.0
 31
0.0
210
0.0
220
0.0
230
-1.0
 40
0.91849852251193
 41
0.0
 42
6.283185307179586
  0
ELLIPSE
  5
C0
330
2
100
AcDbEntity
  8
HALFEN
100
AcDbEllipse
 10
1246.16767358771
 20
2390.680895424249
 30
0.0
 11
2.740614999999933
 21
0.0
 31
0.0
210
0.0
220
0.0
230
-1.0
 40
0.91849852251193
 41
0.0
 42
6.283185307179586
  0
LINE
  5
C1
330
2
100
AcDbEntity
  8
HALFEN
100
AcDbLine
 10
4153.877373587709
 20
2794.068244595975
 30
0.0
 11
4153.877373587709
 21
2816.068244595975
 31
0.0
  0
LINE
  5
C2
330
2
100
AcDbEntity
  8
HALFEN
100
AcDbLine
 10
4153.87736858771
 20
2714.111542939416
 30
0.0
 11
4153.87736858771
 21
2653.111546252512
 31
0.0
  0
LINE
  5
C3
330
2
100
AcDbEntity
  8
HALFEN
100
AcDbLine
 10
1153.87736858771
 20
2714.111542939427
 30
0.0
 11
4153.87736858771
 21
2714.111542939427
 31
0.0
  0
LINE
  5
C4
330
2
100
AcDbEntity
  8
HALFEN
100
AcDbLine
 10
1153.877368587709
 20
2653.111546252523
 30
0.0
 11
4153.87736858771
 21
2653.111546252523
 31
0.0
  0
LINE
  5
C5
330
2
100
AcDbEntity
  8
HALFEN
100
AcDbLine
 10
4153.877373587709
 20
2816.068244595975
 30
0.0
 11
1153.87737358771
 21
2816.068244595975
 31
0.0
  0
LINE
  5
C6
330
2
100
AcDbEntity
  8
HALFEN
100
AcDbLine
 10
4153.877373587709
 20
2794.068244595975
 30
0.0
 11
4097.537417135881
 21
2794.068244595975
 31
0.0
  0
LINE
  5
C7
330
2
100
AcDbEntity
  8
HALFEN
100
AcDbLine
 10
1122.42067358771
 20
2813.068244595975
 30
0.0
 11
1070.42067358771
 21
2813.068244595975
 31
0.0
  0
LINE
  5
C8
330
2
100
AcDbEntity
  8
HALFEN
100
AcDbLine
 10
1122.42067358771
 20
2816.068244595975
 30
0.0
 11
1070.42067358771
 21
2816.068244595975
 31
0.0
  0
LINE
  5
C9
330
2
100
AcDbEntity
  8
HALFEN
100
AcDbLine
 10
1065.920675244258
 20
2794.068244595975
 30
0.0
 11
1068.92067358771
 21
2794.068244595974
 31
0.0
  0
TEXT
  5
CA
330
2
100
AcDbEntity
  8
HALFEN
100
AcDbText
 10
1063.96397358771
 20
2856.568244595975
 30
0.0
 40
5.0
  1
Benennung
  7
ARIAL50
100
AcDbText
  0
TEXT
  5
CB
330
2
100
AcDbEntity
  8
HALFEN
100
AcDbText
 10
1063.96397358771
 20
2838.568244595975
 30
0.0
 40
5.0
  1
Id. Nr.
  7
ARIAL50
100
AcDbText
  0
LINE
  5
CC
330
2
100
AcDbEntity
  8
HALFEN
100
AcDbLine
 10
1058.96397358771
 20
2836.068244595974
 30
0.0
 11
1228.96397358771
 21
2836.068244595974
 31
0.0
  0
LINE
  5
CD
330
2
100
AcDbEntity
  8
HALFEN
100
AcDbLine
 10
1058.96397358771
 20
2846.068244595975
 30
0.0
 11
1228.96397358771
 21
2846.068244595975
 31
0.0
  0
LINE
  5
CE
330
2
100
AcDbEntity
  8
HALFEN
100
AcDbLine
 10
1058.96397358771
 20
2864.068244595975
 30
0.0
 11
1228.96397358771
 21
2864.068244595975
 31
0.0
  0
LINE
  5
CF
330
2
100
AcDbEntity
  8
HALFEN
100
AcDbLine
 10
1066.41897358771
 20
2812.061144595975
 30
0.0
 11
1064.46287358771
 21
2743.738344595975
 31
0.0
  0
LINE
  5
D0
330
2
100
AcDbEntity
  8
HALFEN
100
AcDbLine
 10
1058.96507358771
 20
2743.895744595974
 30
0.0
 11
1060.88617358771
 21
2810.991944595975
 31
0.0
  0
ARC
  5
D1
330
2
100
AcDbEntity
  8
HALFEN
100
AcDbCircle
 10
1061.71397358771
 20
2743.817044595975
 30
0.0
 40
2.75
100
AcDbArc
 50
178.36
 51
358.36
  0
LINE
  5
D2
330
2
100
AcDbEntity
  8
HALFEN
100
AcDbLine
 10
1058.96397358771
 20
2836.068244595974
 30
0.0
 11
1058.96397358771
 21
2864.068244595975
 31
0.0
  0
ARC
  5
D3
330
2
100
AcDbEntity
  8
HALFEN
100
AcDbCircle
 10
1070.42067358771
 20
2812.068244595975
 30
0.0
 40
1.0
100
AcDbArc
 50
90.0
 51
178.3560999999999
  0
POLYLINE
  5
D4
330
2
100
AcDbEntity
  8
HALFEN
100
AcDb2dPolyline
 66
     1
 10
0.0
 20
0.0
 30
0.0
 70
     1
  0
VERTEX
  5
D5
330
D4
100
AcDbEntity
  8
HALFEN
100
AcDbVertex
100
AcDb2dVertex
 10
1066.38387358771
 20
2810.834544595975
 30
0.0
 42
0.3435085
 50
88.35998999999999
  0
VERTEX
  5
D6
330
D4
100
AcDbEntity
  8
HALFEN
100
AcDbVertex
100
AcDb2dVertex
 10
1066.31507358771
 20
2810.923444595975
 30
0.0
 42
0.0285948
  0
VERTEX
  5
D7
330
D4
100
AcDbEntity
  8
HALFEN
100
AcDbVertex
100
AcDb2dVertex
 10
1065.58337358771
 20
2811.018044595975
 30
0.0
 42
0.0120487
 70
     2
 50
173.6398
  0
VERTEX
  5
D8
330
D4
100
AcDbEntity
  8
HALFEN
100
AcDbVertex
100
AcDb2dVertex
 10
1064.692973587709
 20
2811.092844595975
 30
0.0
 42
0.008547065
 50
173.6398
  0
VERTEX
  5
D9
330
D4
100
AcDbEntity
  8
HALFEN
100
AcDbVertex
100
AcDb2dVertex
 10
1063.641473587709
 20
2811.140244595975
 30
0.0
 42
0.008547065
  0
VERTEX
  5
DA
330
D4
100
AcDbEntity
  8
HALFEN
100
AcDbVertex
100
AcDb2dVertex
 10
1062.58907358771
 20
2811.153044595975
 30
0.0
 42
0.0120487
  0
VERTEX
  5
DB
330
D4
100
AcDbEntity
  8
HALFEN
100
AcDbVertex
100
AcDb2dVertex
 10
1061.69587358771
 20
2811.129344595975
 30
0.0
 42
0.0285948
 70
     2
 50
186.3602
  0
VERTEX
  5
DC
330
D4
100
AcDbEntity
  8
HALFEN
100
AcDbVertex
100
AcDb2dVertex
 10
1060.95987358771
 20
2811.076744595975
 30
0.0
 42
0.3435085
 50
186.3602
  0
VERTEX
  5
DD
330
D4
100
AcDbEntity
  8
HALFEN
100
AcDbVertex
100
AcDb2dVertex
 10
1060.88617358771
 20
2810.991944595975
 30
0.0
 42
0.3435085
  0
VERTEX
  5
DE
330
D4
100
AcDbEntity
  8
HALFEN
100
AcDbVertex
100
AcDb2dVertex
 10
1060.954873587709
 20
2810.903044595974
 30
0.0
 42
0.0285948
  0
VERTEX
  5
DF
330
D4
100
AcDbEntity
  8
HALFEN
100
AcDbVertex
100
AcDb2dVertex
 10
1061.686673587709
 20
2810.808444595974
 30
0.0
 42
0.0120487
 70
     2
 50
353.6398
  0
VERTEX
  5
E0
330
D4
100
AcDbEntity
  8
HALFEN
100
AcDbVertex
100
AcDb2dVertex
 10
1062.57707358771
 20
2810.733644595975
 30
0.0
 42
0.008547065
 50
353.6398
  0
VERTEX
  5
E1
330
D4
100
AcDbEntity
  8
HALFEN
100
AcDbVertex
100
AcDb2dVertex
 10
1063.628473587709
 20
2810.686244595975
 30
0.0
 42
0.008547065
  0
VERTEX
  5
E2
330
D4
100
AcDbEntity
  8
HALFEN
100
AcDbVertex
100
AcDb2dVertex
 10
1064.68097358771
 20
2810.673444595975
 30
0.0
 42
0.0120487
  0
VERTEX
  5
E3
330
D4
100
AcDbEntity
  8
HALFEN
100
AcDbVertex
100
AcDb2dVertex
 10
1065.57417358771
 20
2810.697144595975
 30
0.0
 42
0.0285948
 70
     2
 50
6.360229
  0
VERTEX
  5
E4
330
D4
100
AcDbEntity
  8
HALFEN
100
AcDbVertex
100
AcDb2dVertex
 10
1066.31017358771
 20
2810.749744595975
 30
0.0
 42
0.3435085
 50
6.360229
  0
SEQEND
  5
E5
330
D4
100
AcDbEntity
  8
HALFEN
  0
ARC
  5
E6
330
2
100
AcDbEntity
  8
HALFEN
100
AcDbCircle
 10
1070.42067358771
 20
2812.068244595975
 30
0.0
 40
4.0
100
AcDbArc
 50
90.0
 51
178.3601
  0
LINE
  5
E7
330
2
100
AcDbEntity
  8
HALFEN
100
AcDbLine
 10
1068.92067358771
 20
2794.068244595975
 30
0.0
 11
1069.42107358771
 21
2812.096944595975
 31
0.0
  0
TEXT
  5
E8
330
2
100
AcDbEntity
  8
HALFEN
100
AcDbText
 10
1058.96397358771
 20
2866.568244595974
 30
0.0
 40
5.0
  1
fv
  7
ARIAL50
100
AcDbText
  0
LINE
  5
E9
330
2
100
AcDbEntity
  8
HALFEN
100
AcDbLine
 10
1153.87736858771
 20
2714.111542939427
 30
0.0
 11
1153.877368587709
 21
2653.111546252523
 31
0.0
  0
ARC
  5
EA
330
2
100
AcDbEntity
  8
HALFEN
100
AcDbCircle
 10
1228.87737358771
 20
2729.914069728209
 30
0.0
 40
78.72472347568647
100
AcDbArc
 50
257.312706167615
 51
282.6872938323851
  0
ARC
  5
EB
330
2
100
AcDbEntity
  8
HALFEN
100
AcDbCircle
 10
1228.87737358771
 20
2724.879568071662
 30
0.0
 40
78.72472347568647
100
AcDbArc
 50
257.312706167615
 51
282.6872938323851
  0
ELLIPSE
  5
EC
330
2
100
AcDbEntity
  8
HALFEN
100
AcDbEllipse
 10
1211.58707358771
 20
2650.594295424249
 30
0.0
 11
2.740614999999933
 21
0.0
 31
0.0
210
0.0
220
0.0
230
-1.0
 40
0.91849852251193
 41
0.0
 42
6.283185307179586
  0
ELLIPSE
  5
ED
330
2
100
AcDbEntity
  8
HALFEN
100
AcDbEllipse
 10
1246.16767358771
 20
2650.594295424249
 30
0.0
 11
2.740614999999933
 21
0.0
 31
0.0
210
0.0
220
0.0
230
-1.0
 40
0.91849852251193
 41
0.0
 42
6.283185307179586
  0
TEXT
  5
EE
330
2
100
AcDbEntity
  8
HALFEN
100
AcDbText
 10
1248.96397358771
 20
2866.568244595974
 30
0.0
 40
5.0
  1
A4
  7
ARIAL50
100
AcDbText
  0
ARC
  5
EF
330
2
100
AcDbEntity
  8
HALFEN
100
AcDbCircle
 10
1228.87737358771
 20
2642.343521120289
 30
0.0
 40
78.72472347568647
100
AcDbArc
 50
77.31270616761488
 51
102.6872938323849
  0
ARC
  5
F0
330
2
100
AcDbEntity
  8
HALFEN
100
AcDbCircle
 10
1228.87737358771
 20
2637.309019463741
 30
0.0
 40
78.72472347568647
100
AcDbArc
 50
77.31270616761488
 51
102.6872938323849
  0
ARC
  5
F1
330
2
100
AcDbEntity
  8
HALFEN
100
AcDbCircle
 10
1228.87737358771
 20
2756.568244595975
 30
0.0
 40
15.5
100
AcDbArc
 50
184.7362
 51
355.2638
  0
LINE
  5
F2
330
2
100
AcDbEntity
  8
HALFEN
100
AcDbLine
 10
1238.84323358771
 20
2755.742544595975
 30
0.0
 11
1243.42706358771
 21
2811.068244595975
 31
0.0
  0
LINE
  5
F3
330
2
100
AcDbEntity
  8
HALFEN
100
AcDbLine
 10
1248.96397358771
 20
2864.068244595975
 30
0.0
 11
1418.96397358771
 21
2864.068244595975
 31
0.0
  0
LINE
  5
F4
330
2
100
AcDbEntity
  8
HALFEN
100
AcDbLine
 10
1248.96397358771
 20
2846.068244595975
 30
0.0
 11
1418.96397358771
 21
2846.068244595975
 31
0.0
  0
LINE
  5
F5
330
2
100
AcDbEntity
  8
HALFEN
100
AcDbLine
 10
1248.96397358771
 20
2836.068244595974
 30
0.0
 11
1418.96397358771
 21
2836.068244595974
 31
0.0
  0
LINE
  5
F6
330
2
100
AcDbEntity
  8
HALFEN
100
AcDbLine
 10
1218.91151358771
 20
2755.742544595975
 30
0.0
 11
1214.32769358771
 21
2811.068244595975
 31
0.0
  0
LINE
  5
F7
330
2
100
AcDbEntity
  8
HALFEN
100
AcDbLine
 10
1213.43030358771
 20
2755.288444595975
 30
0.0
 11
1208.84647358771
 21
2810.614144595975
 31
0.0
  0
LINE
  5
F8
330
2
100
AcDbEntity
  8
HALFEN
100
AcDbLine
 10
1133.87627358771
 20
2743.895744595974
 30
0.0
 11
1131.95517358771
 21
2810.991944595975
 31
0.0
  0
LINE
  5
F9
330
2
100
AcDbEntity
  8
HALFEN
100
AcDbLine
 10
1126.42237358771
 20
2812.061144595975
 30
0.0
 11
1128.37847358771
 21
2743.738344595975
 31
0.0
  0
LINE
  5
FA
330
2
100
AcDbEntity
  8
HALFEN
  6
MITTE2
 62
     1
100
AcDbLine
 10
1096.42067358771
 20
2816.068244595975
 30
0.0
 11
1096.42067358771
 21
2741.067044595975
 31
0.0
  0
ARC
  5
FB
330
2
100
AcDbEntity
  8
HALFEN
100
AcDbCircle
 10
1131.12737358771
 20
2743.817044595975
 30
0.0
 40
2.75
100
AcDbArc
 50
181.6399999999999
 51
1.639999999999999
  0
ELLIPSE
  5
FC
330
2
100
AcDbEntity
  8
HALFEN
100
AcDbEllipse
 10
1211.58707358771
 20
2716.628793767701
 30
0.0
 11
2.740614999999933
 21
0.0
 31
0.0
210
0.0
220
0.0
230
1.0
 40
0.91849852251193
 41
0.0
 42
6.283185307179586
  0
ARC
  5
FD
330
2
100
AcDbEntity
  8
HALFEN
100
AcDbCircle
 10
1228.87737358771
 20
2756.568244595975
 30
0.0
 40
10.0
100
AcDbArc
 50
184.7362
 51
355.2638
  0
LINE
  5
FE
330
2
100
AcDbEntity
  8
HALFEN
100
AcDbLine
 10
1210.21732358771
 20
2794.068244595975
 30
0.0
 11
1153.87737358771
 21
2794.068244595975
 31
0.0
  0
TEXT
  5
FF
330
2
100
AcDbEntity
  8
HALFEN
100
AcDbText
 10
1113.96397358771
 20
2856.568244595975
 30
0.0
 40
5.0
  1
HTU 60/22/3 - D2 - FV - 3000 - SF
  7
ARIAL50
100
AcDbText
  0
LINE
  5
100
330
2
100
AcDbEntity
  8
HALFEN
100
AcDbLine
 10
1108.96397358771
 20
2836.068244595974
 30
0.0
 11
1108.96397358771
 21
2864.068244595975
 31
0.0
  0
LINE
  5
101
330
2
100
AcDbEntity
  8
HALFEN
100
AcDbLine
 10
1153.87737358771
 20
2794.068244595975
 30
0.0
 11
1153.87737358771
 21
2816.068244595975
 31
0.0
  0
ARC
  5
102
330
2
100
AcDbEntity
  8
HALFEN
100
AcDbCircle
 10
1122.42067358771
 20
2812.068244595975
 30
0.0
 40
1.0
100
AcDbArc
 50
1.643899999999949
 51
90.0
  0
LINE
  5
103
330
2
100
AcDbEntity
  8
HALFEN
100
AcDbLine
 10
1123.92067358771
 20
2794.068244595975
 30
0.0
 11
1123.42027358771
 21
2812.096944595975
 31
0.0
  0
ARC
  5
104
330
2
100
AcDbEntity
  8
HALFEN
100
AcDbCircle
 10
1122.42067358771
 20
2812.068244595975
 30
0.0
 40
4.0
100
AcDbArc
 50
1.639904
 51
90.0
  0
POLYLINE
  5
105
330
2
100
AcDbEntity
  8
HALFEN
100
AcDb2dPolyline
 66
     1
 10
0.0
 20
0.0
 30
0.0
 70
     1
  0
VERTEX
  5
106
330
105
100
AcDbEntity
  8
HALFEN
100
AcDbVertex
100
AcDb2dVertex
 10
1126.45747358771
 20
2810.834544595975
 30
0.0
 42
0.3435085
 50
271.64
  0
VERTEX
  5
107
330
105
100
AcDbEntity
  8
HALFEN
100
AcDbVertex
100
AcDb2dVertex
 10
1126.53117358771
 20
2810.749744595975
 30
0.0
 42
0.0285948
  0
VERTEX
  5
108
330
105
100
AcDbEntity
  8
HALFEN
100
AcDbVertex
100
AcDb2dVertex
 10
1127.26717358771
 20
2810.697144595975
 30
0.0
 42
0.0120487
 70
     2
 50
176.9198
  0
VERTEX
  5
109
330
105
100
AcDbEntity
  8
HALFEN
100
AcDbVertex
100
AcDb2dVertex
 10
1128.160373587709
 20
2810.673444595975
 30
0.0
 42
0.008547065
 50
176.9198
  0
VERTEX
  5
10A
330
105
100
AcDbEntity
  8
HALFEN
100
AcDbVertex
100
AcDb2dVertex
 10
1129.21287358771
 20
2810.686244595975
 30
0.0
 42
0.008547065
  0
VERTEX
  5
10B
330
105
100
AcDbEntity
  8
HALFEN
100
AcDbVertex
100
AcDb2dVertex
 10
1130.26427358771
 20
2810.733644595975
 30
0.0
 42
0.0120487
  0
VERTEX
  5
10C
330
105
100
AcDbEntity
  8
HALFEN
100
AcDbVertex
100
AcDb2dVertex
 10
1131.15467358771
 20
2810.808444595974
 30
0.0
 42
0.0285948
 70
     2
 50
183.0802
  0
VERTEX
  5
10D
330
105
100
AcDbEntity
  8
HALFEN
100
AcDbVertex
100
AcDb2dVertex
 10
1131.88647358771
 20
2810.903044595974
 30
0.0
 42
0.3435085
 50
183.0802
  0
VERTEX
  5
10E
330
105
100
AcDbEntity
  8
HALFEN
100
AcDbVertex
100
AcDb2dVertex
 10
1131.95517358771
 20
2810.991944595975
 30
0.0
 42
0.3435085
  0
VERTEX
  5
10F
330
105
100
AcDbEntity
  8
HALFEN
100
AcDbVertex
100
AcDb2dVertex
 10
1131.88147358771
 20
2811.076744595975
 30
0.0
 42
0.0285948
  0
VERTEX
  5
110
330
105
100
AcDbEntity
  8
HALFEN
100
AcDbVertex
100
AcDb2dVertex
 10
1131.14547358771
 20
2811.129344595975
 30
0.0
 42
0.0120487
 70
     2
 50
356.9198
  0
VERTEX
  5
111
330
105
100
AcDbEntity
  8
HALFEN
100
AcDbVertex
100
AcDb2dVertex
 10
1130.25227358771
 20
2811.153044595975
 30
0.0
 42
0.008547065
 50
356.9198
  0
VERTEX
  5
112
330
105
100
AcDbEntity
  8
HALFEN
100
AcDbVertex
100
AcDb2dVertex
 10
1129.19987358771
 20
2811.140244595975
 30
0.0
 42
0.008547065
  0
VERTEX
  5
113
330
105
100
AcDbEntity
  8
HALFEN
100
AcDbVertex
100
AcDb2dVertex
 10
1128.14837358771
 20
2811.092844595975
 30
0.0
 42
0.0120487
  0
VERTEX
  5
114
330
105
100
AcDbEntity
  8
HALFEN
100
AcDbVertex
100
AcDb2dVertex
 10
1127.25797358771
 20
2811.018044595975
 30
0.0
 42
0.0285948
 70
     2
 50
3.0802
  0
VERTEX
  5
115
330
105
100
AcDbEntity
  8
HALFEN
100
AcDbVertex
100
AcDb2dVertex
 10
1126.52627358771
 20
2810.923444595975
 30
0.0
 42
0.3435085
 50
3.0802
  0
SEQEND
  5
116
330
105
100
AcDbEntity
  8
HALFEN
  0
TEXT
  5
117
330
2
100
AcDbEntity
  8
HALFEN
100
AcDbText
 10
1113.96397358771
 20
2838.568244595975
 30
0.0
 40
5.0
  1
0015.010-00003
  7
ARIAL50
100
AcDbText
  0
LINE
  5
118
330
2
100
AcDbEntity
  8
HALFEN
100
AcDbLine
 10
1248.96397358771
 20
2836.068244595974
 30
0.0
 11
1248.96397358771
 21
2864.068244595975
 31
0.0
  0
LINE
  5
119
330
2
100
AcDbEntity
  8
HALFEN
100
AcDbLine
 10
1228.96397358771
 20
2836.068244595974
 30
0.0
 11
1228.96397358771
 21
2864.068244595975
 31
0.0
  0
LINE
  5
11A
330
2
100
AcDbEntity
  8
HALFEN
100
AcDbLine
 10
1242.01858358771
 20
2794.068244595975
 30
0.0
 11
1215.73617358771
 21
2794.068244595975
 31
0.0
  0
LINE
  5
11B
330
2
100
AcDbEntity
  8
HALFEN
100
AcDbLine
 10
1214.32768358771
 20
2811.068244595975
 30
0.0
 11
1208.84646358771
 21
2810.614144595975
 31
0.0
  0
LINE
  5
11C
330
2
100
AcDbEntity
  8
HALFEN
100
AcDbLine
 10
1244.32444358771
 20
2755.288444595975
 30
0.0
 11
1248.90827358771
 21
2810.614144595975
 31
0.0
  0
ELLIPSE
  5
11D
330
2
100
AcDbEntity
  8
HALFEN
100
AcDbEllipse
 10
1246.16767358771
 20
2716.628793767701
 30
0.0
 11
2.740614999999933
 21
0.0
 31
0.0
210
0.0
220
0.0
230
1.0
 40
0.91849852251193
 41
0.0
 42
6.283185307179586
  0
TEXT
  5
11E
330
2
100
AcDbEntity
  8
HALFEN
100
AcDbText
 10
1303.96397358771
 20
2856.568244595975
 30
0.0
 40
5.0
  1
HTU 60/22/3 - D2 - A4 - 3000 - SF
  7
ARIAL50
100
AcDbText
  0
LINE
  5
11F
330
2
100
AcDbEntity
  8
HALFEN
100
AcDbLine
 10
1298.96397358771
 20
2836.068244595974
 30
0.0
 11
1298.96397358771
 21
2864.068244595975
 31
0.0
  0
LINE
  5
120
330
2
100
AcDbEntity
  8
HALFEN
100
AcDbLine
 10
1243.42706358771
 20
2811.068244595975
 30
0.0
 11
1248.90828358771
 21
2810.614144595975
 31
0.0
  0
TEXT
  5
121
330
2
100
AcDbEntity
  8
HALFEN
100
AcDbText
 10
1253.96397358771
 20
2838.568244595975
 30
0.0
 40
5.0
  1
Id. Nr.
  7
ARIAL50
100
AcDbText
  0
TEXT
  5
122
330
2
100
AcDbEntity
  8
HALFEN
100
AcDbText
 10
1253.96397358771
 20
2856.568244595975
 30
0.0
 40
5.0
  1
Benennung
  7
ARIAL50
100
AcDbText
  0
TEXT
  5
123
330
2
100
AcDbEntity
  8
HALFEN
100
AcDbText
 10
1303.96397358771
 20
2838.568244595975
 30
0.0
 40
5.0
  1
0015.010-00053
  7
ARIAL50
100
AcDbText
  0
LINE
  5
124
330
2
100
AcDbEntity
  8
HALFEN
100
AcDbLine
 10
1418.96397358771
 20
2836.068244595974
 30
0.0
 11
1418.96397358771
 21
2864.068244595975
 31
0.0
  0
LINE
  5
19F
330
2
100
AcDbEntity
  8
HALFEN
100
AcDbLine
 10
4153.87736858771
 20
2454.198142939416
 30
0.0
 11
4153.87736858771
 21
2393.198146252512
 31
0.0
  0
LINE
  5
1A0
330
2
100
AcDbEntity
  8
HALFEN
100
AcDbLine
 10
4153.877373587709
 20
2534.154844595975
 30
0.0
 11
4153.877373587709
 21
2556.154844595975
 31
0.0
  0
ARC
  5
1A5
330
2
100
AcDbEntity
  8
HALFEN
100
AcDbCircle
 10
1678.87737358771
 20
2724.879568071662
 30
0.0
 40
78.72472347568647
100
AcDbArc
 50
257.312706167615
 51
282.6872938323851
  0
ARC
  5
1A6
330
2
100
AcDbEntity
  8
HALFEN
100
AcDbCircle
 10
1678.87737358771
 20
2729.914069728209
 30
0.0
 40
78.72472347568647
100
AcDbArc
 50
257.312706167615
 51
282.6872938323851
  0
ELLIPSE
  5
1A7
330
2
100
AcDbEntity
  8
HALFEN
100
AcDbEllipse
 10
1661.58707358771
 20
2650.594295424249
 30
0.0
 11
2.740614999999933
 21
0.0
 31
0.0
210
0.0
220
0.0
230
-1.0
 40
0.91849852251193
 41
0.0
 42
6.283185307179586
  0
ELLIPSE
  5
1A8
330
2
100
AcDbEntity
  8
HALFEN
100
AcDbEllipse
 10
1696.16767358771
 20
2650.594295424249
 30
0.0
 11
2.740614999999933
 21
0.0
 31
0.0
210
0.0
220
0.0
230
-1.0
 40
0.91849852251193
 41
0.0
 42
6.283185307179586
  0
LINE
  5
1A9
330
2
100
AcDbEntity
  8
HALFEN
100
AcDbLine
 10
1688.84323358771
 20
2755.742544595975
 30
0.0
 11
1693.42706358771
 21
2811.068244595975
 31
0.0
  0
ARC
  5
1AA
330
2
100
AcDbEntity
  8
HALFEN
100
AcDbCircle
 10
1678.87737358771
 20
2756.568244595975
 30
0.0
 40
15.5
100
AcDbArc
 50
184.7362
 51
355.2638
  0
ARC
  5
1AB
330
2
100
AcDbEntity
  8
HALFEN
100
AcDbCircle
 10
1678.87737358771
 20
2637.309019463741
 30
0.0
 40
78.72472347568647
100
AcDbArc
 50
77.31270616761488
 51
102.6872938323849
  0
ARC
  5
1AC
330
2
100
AcDbEntity
  8
HALFEN
100
AcDbCircle
 10
1678.87737358771
 20
2642.343521120289
 30
0.0
 40
78.72472347568647
100
AcDbArc
 50
77.31270616761488
 51
102.6872938323849
  0
LINE
  5
1AD
330
2
100
AcDbEntity
  8
HALFEN
100
AcDbLine
 10
1663.43030358771
 20
2755.288444595975
 30
0.0
 11
1658.84647358771
 21
2810.614144595975
 31
0.0
  0
LINE
  5
1AE
330
2
100
AcDbEntity
  8
HALFEN
100
AcDbLine
 10
1668.91151358771
 20
2755.742544595975
 30
0.0
 11
1664.32769358771
 21
2811.068244595975
 31
0.0
  0
ELLIPSE
  5
1AF
330
2
100
AcDbEntity
  8
HALFEN
100
AcDbEllipse
 10
1661.58707358771
 20
2716.628793767701
 30
0.0
 11
2.740614999999933
 21
0.0
 31
0.0
210
0.0
220
0.0
230
1.0
 40
0.91849852251193
 41
0.0
 42
6.283185307179586
  0
ARC
  5
1B0
330
2
100
AcDbEntity
  8
HALFEN
100
AcDbCircle
 10
1678.87737358771
 20
2756.568244595975
 30
0.0
 40
10.0
100
AcDbArc
 50
184.7362
 51
355.2638
  0
LINE
  5
1B1
330
2
100
AcDbEntity
  8
HALFEN
100
AcDbLine
 10
1664.32768358771
 20
2811.068244595975
 30
0.0
 11
1658.84646358771
 21
2810.614144595975
 31
0.0
  0
LINE
  5
1B2
330
2
100
AcDbEntity
  8
HALFEN
100
AcDbLine
 10
1692.01858358771
 20
2794.068244595975
 30
0.0
 11
1665.73617358771
 21
2794.068244595975
 31
0.0
  0
LINE
  5
1B3
330
2
100
AcDbEntity
  8
HALFEN
100
AcDbLine
 10
1694.32444358771
 20
2755.288444595975
 30
0.0
 11
1698.90827358771
 21
2810.614144595975
 31
0.0
  0
ELLIPSE
  5
1B4
330
2
100
AcDbEntity
  8
HALFEN
100
AcDbEllipse
 10
1696.16767358771
 20
2716.628793767701
 30
0.0
 11
2.740614999999933
 21
0.0
 31
0.0
210
0.0
220
0.0
230
1.0
 40
0.91849852251193
 41
0.0
 42
6.283185307179586
  0
LINE
  5
1B5
330
2
100
AcDbEntity
  8
HALFEN
100
AcDbLine
 10
1693.42706358771
 20
2811.068244595975
 30
0.0
 11
1698.90828358771
 21
2810.614144595975
 31
0.0
  0
ARC
  5
1B6
330
2
100
AcDbEntity
  8
HALFEN
100
AcDbCircle
 10
2128.87737358771
 20
2724.879568071662
 30
0.0
 40
78.72472347568647
100
AcDbArc
 50
257.312706167615
 51
282.6872938323851
  0
ARC
  5
1B7
330
2
100
AcDbEntity
  8
HALFEN
100
AcDbCircle
 10
2128.87737358771
 20
2729.914069728209
 30
0.0
 40
78.72472347568647
100
AcDbArc
 50
257.312706167615
 51
282.6872938323851
  0
ELLIPSE
  5
1B8
330
2
100
AcDbEntity
  8
HALFEN
100
AcDbEllipse
 10
2111.58707358771
 20
2650.594295424249
 30
0.0
 11
2.740614999999933
 21
0.0
 31
0.0
210
0.0
220
0.0
230
-1.0
 40
0.91849852251193
 41
0.0
 42
6.283185307179586
  0
ELLIPSE
  5
1B9
330
2
100
AcDbEntity
  8
HALFEN
100
AcDbEllipse
 10
2146.16767358771
 20
2650.594295424249
 30
0.0
 11
2.740614999999933
 21
0.0
 31
0.0
210
0.0
220
0.0
230
-1.0
 40
0.91849852251193
 41
0.0
 42
6.283185307179586
  0
LINE
  5
1BA
330
2
100
AcDbEntity
  8
HALFEN
100
AcDbLine
 10
2138.84323358771
 20
2755.742544595975
 30
0.0
 11
2143.42706358771
 21
2811.068244595975
 31
0.0
  0
ARC
  5
1BB
330
2
100
AcDbEntity
  8
HALFEN
100
AcDbCircle
 10
2128.87737358771
 20
2756.568244595975
 30
0.0
 40
15.5
100
AcDbArc
 50
184.7362
 51
355.2638
  0
ARC
  5
1BC
330
2
100
AcDbEntity
  8
HALFEN
100
AcDbCircle
 10
2128.87737358771
 20
2637.309019463741
 30
0.0
 40
78.72472347568647
100
AcDbArc
 50
77.31270616761488
 51
102.6872938323849
  0
ARC
  5
1BD
330
2
100
AcDbEntity
  8
HALFEN
100
AcDbCircle
 10
2128.87737358771
 20
2642.343521120289
 30
0.0
 40
78.72472347568647
100
AcDbArc
 50
77.31270616761488
 51
102.6872938323849
  0
LINE
  5
1BE
330
2
100
AcDbEntity
  8
HALFEN
100
AcDbLine
 10
2113.43030358771
 20
2755.288444595975
 30
0.0
 11
2108.84647358771
 21
2810.614144595975
 31
0.0
  0
LINE
  5
1BF
330
2
100
AcDbEntity
  8
HALFEN
100
AcDbLine
 10
2118.91151358771
 20
2755.742544595975
 30
0.0
 11
2114.327693587711
 21
2811.068244595975
 31
0.0
  0
ELLIPSE
  5
1C0
330
2
100
AcDbEntity
  8
HALFEN
100
AcDbEllipse
 10
2111.58707358771
 20
2716.628793767701
 30
0.0
 11
2.740614999999933
 21
0.0
 31
0.0
210
0.0
220
0.0
230
1.0
 40
0.91849852251193
 41
0.0
 42
6.283185307179586
  0
ARC
  5
1C1
330
2
100
AcDbEntity
  8
HALFEN
100
AcDbCircle
 10
2128.87737358771
 20
2756.568244595975
 30
0.0
 40
10.0
100
AcDbArc
 50
184.7362
 51
355.2638
  0
LINE
  5
1C2
330
2
100
AcDbEntity
  8
HALFEN
100
AcDbLine
 10
2114.32768358771
 20
2811.068244595975
 30
0.0
 11
2108.84646358771
 21
2810.614144595975
 31
0.0
  0
LINE
  5
1C3
330
2
100
AcDbEntity
  8
HALFEN
100
AcDbLine
 10
2142.01858358771
 20
2794.068244595975
 30
0.0
 11
2115.73617358771
 21
2794.068244595975
 31
0.0
  0
LINE
  5
1C4
330
2
100
AcDbEntity
  8
HALFEN
100
AcDbLine
 10
2144.324443587709
 20
2755.288444595975
 30
0.0
 11
2148.90827358771
 21
2810.614144595975
 31
0.0
  0
ELLIPSE
  5
1C5
330
2
100
AcDbEntity
  8
HALFEN
100
AcDbEllipse
 10
2146.16767358771
 20
2716.628793767701
 30
0.0
 11
2.740614999999933
 21
0.0
 31
0.0
210
0.0
220
0.0
230
1.0
 40
0.91849852251193
 41
0.0
 42
6.283185307179586
  0
LINE
  5
1C6
330
2
100
AcDbEntity
  8
HALFEN
100
AcDbLine
 10
2143.42706358771
 20
2811.068244595975
 30
0.0
 11
2148.90828358771
 21
2810.614144595975
 31
0.0
  0
ARC
  5
1C7
330
2
100
AcDbEntity
  8
HALFEN
100
AcDbCircle
 10
2578.87737358771
 20
2724.879568071662
 30
0.0
 40
78.72472347568647
100
AcDbArc
 50
257.312706167615
 51
282.6872938323851
  0
ARC
  5
1C8
330
2
100
AcDbEntity
  8
HALFEN
100
AcDbCircle
 10
2578.87737358771
 20
2729.914069728209
 30
0.0
 40
78.72472347568647
100
AcDbArc
 50
257.312706167615
 51
282.6872938323851
  0
ELLIPSE
  5
1C9
330
2
100
AcDbEntity
  8
HALFEN
100
AcDbEllipse
 10
2561.58707358771
 20
2650.594295424249
 30
0.0
 11
2.740614999999933
 21
0.0
 31
0.0
210
0.0
220
0.0
230
-1.0
 40
0.91849852251193
 41
0.0
 42
6.283185307179586
  0
ELLIPSE
  5
1CA
330
2
100
AcDbEntity
  8
HALFEN
100
AcDbEllipse
 10
2596.16767358771
 20
2650.594295424249
 30
0.0
 11
2.740614999999933
 21
0.0
 31
0.0
210
0.0
220
0.0
230
-1.0
 40
0.91849852251193
 41
0.0
 42
6.283185307179586
  0
LINE
  5
1CB
330
2
100
AcDbEntity
  8
HALFEN
100
AcDbLine
 10
2588.84323358771
 20
2755.742544595975
 30
0.0
 11
2593.42706358771
 21
2811.068244595975
 31
0.0
  0
ARC
  5
1CC
330
2
100
AcDbEntity
  8
HALFEN
100
AcDbCircle
 10
2578.87737358771
 20
2756.568244595975
 30
0.0
 40
15.5
100
AcDbArc
 50
184.7362
 51
355.2638
  0
ARC
  5
1CD
330
2
100
AcDbEntity
  8
HALFEN
100
AcDbCircle
 10
2578.87737358771
 20
2637.309019463741
 30
0.0
 40
78.72472347568647
100
AcDbArc
 50
77.31270616761488
 51
102.6872938323849
  0
ARC
  5
1CE
330
2
100
AcDbEntity
  8
HALFEN
100
AcDbCircle
 10
2578.87737358771
 20
2642.343521120289
 30
0.0
 40
78.72472347568647
100
AcDbArc
 50
77.31270616761488
 51
102.6872938323849
  0
LINE
  5
1CF
330
2
100
AcDbEntity
  8
HALFEN
100
AcDbLine
 10
2563.43030358771
 20
2755.288444595975
 30
0.0
 11
2558.84647358771
 21
2810.614144595975
 31
0.0
  0
LINE
  5
1D0
330
2
100
AcDbEntity
  8
HALFEN
100
AcDbLine
 10
2568.91151358771
 20
2755.742544595975
 30
0.0
 11
2564.32769358771
 21
2811.068244595975
 31
0.0
  0
ELLIPSE
  5
1D1
330
2
100
AcDbEntity
  8
HALFEN
100
AcDbEllipse
 10
2561.58707358771
 20
2716.628793767701
 30
0.0
 11
2.740614999999933
 21
0.0
 31
0.0
210
0.0
220
0.0
230
1.0
 40
0.91849852251193
 41
0.0
 42
6.283185307179586
  0
ARC
  5
1D2
330
2
100
AcDbEntity
  8
HALFEN
100
AcDbCircle
 10
2578.87737358771
 20
2756.568244595975
 30
0.0
 40
10.0
100
AcDbArc
 50
184.7362
 51
355.2638
  0
LINE
  5
1D3
330
2
100
AcDbEntity
  8
HALFEN
100
AcDbLine
 10
2564.32768358771
 20
2811.068244595975
 30
0.0
 11
2558.84646358771
 21
2810.614144595975
 31
0.0
  0
LINE
  5
1D4
330
2
100
AcDbEntity
  8
HALFEN
100
AcDbLine
 10
2592.01858358771
 20
2794.068244595975
 30
0.0
 11
2565.73617358771
 21
2794.068244595975
 31
0.0
  0
LINE
  5
1D5
330
2
100
AcDbEntity
  8
HALFEN
100
AcDbLine
 10
2594.324443587709
 20
2755.288444595975
 30
0.0
 11
2598.90827358771
 21
2810.614144595975
 31
0.0
  0
ELLIPSE
  5
1D6
330
2
100
AcDbEntity
  8
HALFEN
100
AcDbEllipse
 10
2596.16767358771
 20
2716.628793767701
 30
0.0
 11
2.740614999999933
 21
0.0
 31
0.0
210
0.0
220
0.0
230
1.0
 40
0.91849852251193
 41
0.0
 42
6.283185307179586
  0
LINE
  5
1D7
330
2
100
AcDbEntity
  8
HALFEN
100
AcDbLine
 10
2593.42706358771
 20
2811.068244595975
 30
0.0
 11
2598.90828358771
 21
2810.614144595975
 31
0.0
  0
LINE
  5
1D8
330
2
100
AcDbEntity
  8
HALFEN
100
AcDbLine
 10
1660.217330039539
 20
2794.068244595975
 30
0.0
 11
1247.53742358771
 21
2794.068244595975
 31
0.0
  0
LINE
  5
1D9
330
2
100
AcDbEntity
  8
HALFEN
100
AcDbLine
 10
2110.21733003954
 20
2794.068244595975
 30
0.0
 11
1697.53741713588
 21
2794.068244595975
 31
0.0
  0
LINE
  5
1DA
330
2
100
AcDbEntity
  8
HALFEN
100
AcDbLine
 10
2560.217330039539
 20
2794.068244595975
 30
0.0
 11
2147.537417135881
 21
2794.068244595975
 31
0.0
  0
ARC
  5
1DB
330
2
100
AcDbEntity
  8
HALFEN
100
AcDbCircle
 10
2728.87737358771
 20
2729.914069728209
 30
0.0
 40
78.72472347568647
100
AcDbArc
 50
257.312706167615
 51
282.6872938323851
  0
ARC
  5
1DC
330
2
100
AcDbEntity
  8
HALFEN
100
AcDbCircle
 10
2728.87737358771
 20
2724.879568071662
 30
0.0
 40
78.72472347568647
100
AcDbArc
 50
257.312706167615
 51
282.6872938323851
  0
ELLIPSE
  5
1DD
330
2
100
AcDbEntity
  8
HALFEN
100
AcDbEllipse
 10
2711.58707358771
 20
2650.594295424249
 30
0.0
 11
2.740614999999933
 21
0.0
 31
0.0
210
0.0
220
0.0
230
-1.0
 40
0.91849852251193
 41
0.0
 42
6.283185307179586
  0
ELLIPSE
  5
1DE
330
2
100
AcDbEntity
  8
HALFEN
100
AcDbEllipse
 10
2746.16767358771
 20
2650.594295424249
 30
0.0
 11
2.740614999999933
 21
0.0
 31
0.0
210
0.0
220
0.0
230
-1.0
 40
0.91849852251193
 41
0.0
 42
6.283185307179586
  0
LINE
  5
1DF
330
2
100
AcDbEntity
  8
HALFEN
100
AcDbLine
 10
2744.324443587709
 20
2755.288444595975
 30
0.0
 11
2748.90827358771
 21
2810.614144595975
 31
0.0
  0
LINE
  5
1E0
330
2
100
AcDbEntity
  8
HALFEN
100
AcDbLine
 10
2718.91151358771
 20
2755.742544595975
 30
0.0
 11
2714.327693587711
 21
2811.068244595975
 31
0.0
  0
LINE
  5
1E1
330
2
100
AcDbEntity
  8
HALFEN
100
AcDbLine
 10
2713.43030358771
 20
2755.288444595975
 30
0.0
 11
2708.84647358771
 21
2810.614144595975
 31
0.0
  0
LINE
  5
1E2
330
2
100
AcDbEntity
  8
HALFEN
100
AcDbLine
 10
2738.84323358771
 20
2755.742544595975
 30
0.0
 11
2743.42706358771
 21
2811.068244595975
 31
0.0
  0
ARC
  5
1E3
330
2
100
AcDbEntity
  8
HALFEN
100
AcDbCircle
 10
2728.87737358771
 20
2642.343521120289
 30
0.0
 40
78.72472347568647
100
AcDbArc
 50
77.31270616761488
 51
102.6872938323849
  0
ARC
  5
1E4
330
2
100
AcDbEntity
  8
HALFEN
100
AcDbCircle
 10
2728.87737358771
 20
2637.309019463741
 30
0.0
 40
78.72472347568647
100
AcDbArc
 50
77.31270616761488
 51
102.6872938323849
  0
ELLIPSE
  5
1E5
330
2
100
AcDbEntity
  8
HALFEN
100
AcDbEllipse
 10
2711.58707358771
 20
2716.628793767701
 30
0.0
 11
2.740614999999933
 21
0.0
 31
0.0
210
0.0
220
0.0
230
1.0
 40
0.91849852251193
 41
0.0
 42
6.283185307179586
  0
ELLIPSE
  5
1E6
330
2
100
AcDbEntity
  8
HALFEN
100
AcDbEllipse
 10
2746.16767358771
 20
2716.628793767701
 30
0.0
 11
2.740614999999933
 21
0.0
 31
0.0
210
0.0
220
0.0
230
1.0
 40
0.91849852251193
 41
0.0
 42
6.283185307179586
  0
ARC
  5
1E7
330
2
100
AcDbEntity
  8
HALFEN
100
AcDbCircle
 10
2728.87737358771
 20
2756.568244595975
 30
0.0
 40
15.5
100
AcDbArc
 50
184.7362
 51
355.2638
  0
ARC
  5
1E8
330
2
100
AcDbEntity
  8
HALFEN
100
AcDbCircle
 10
2728.87737358771
 20
2756.568244595975
 30
0.0
 40
10.0
100
AcDbArc
 50
184.7362
 51
355.2638
  0
LINE
  5
1E9
330
2
100
AcDbEntity
  8
HALFEN
100
AcDbLine
 10
2714.32768358771
 20
2811.068244595975
 30
0.0
 11
2708.84646358771
 21
2810.614144595975
 31
0.0
  0
LINE
  5
1EA
330
2
100
AcDbEntity
  8
HALFEN
100
AcDbLine
 10
2742.018584164947
 20
2794.068244595975
 30
0.0
 11
2715.736169937761
 21
2794.068244595975
 31
0.0
  0
LINE
  5
1EB
330
2
100
AcDbEntity
  8
HALFEN
100
AcDbLine
 10
2743.42706358771
 20
2811.068244595975
 30
0.0
 11
2748.90828358771
 21
2810.614144595975
 31
0.0
  0
LINE
  5
1EC
330
2
100
AcDbEntity
  8
HALFEN
100
AcDbLine
 10
2710.21733003954
 20
2794.068244595975
 30
0.0
 11
2597.53741713588
 21
2794.068244595975
 31
0.0
  0
ARC
  5
1ED
330
2
100
AcDbEntity
  8
HALFEN
100
AcDbCircle
 10
3178.87737358771
 20
2724.879568071662
 30
0.0
 40
78.72472347568647
100
AcDbArc
 50
257.312706167615
 51
282.6872938323851
  0
ARC
  5
1EE
330
2
100
AcDbEntity
  8
HALFEN
100
AcDbCircle
 10
3178.87737358771
 20
2729.914069728209
 30
0.0
 40
78.72472347568647
100
AcDbArc
 50
257.312706167615
 51
282.6872938323851
  0
ELLIPSE
  5
1EF
330
2
100
AcDbEntity
  8
HALFEN
100
AcDbEllipse
 10
3161.58707358771
 20
2650.594295424249
 30
0.0
 11
2.740614999999933
 21
0.0
 31
0.0
210
0.0
220
0.0
230
-1.0
 40
0.91849852251193
 41
0.0
 42
6.283185307179586
  0
ELLIPSE
  5
1F0
330
2
100
AcDbEntity
  8
HALFEN
100
AcDbEllipse
 10
3196.16767358771
 20
2650.594295424249
 30
0.0
 11
2.740614999999933
 21
0.0
 31
0.0
210
0.0
220
0.0
230
-1.0
 40
0.91849852251193
 41
0.0
 42
6.283185307179586
  0
LINE
  5
1F1
330
2
100
AcDbEntity
  8
HALFEN
100
AcDbLine
 10
3188.84323358771
 20
2755.742544595975
 30
0.0
 11
3193.42706358771
 21
2811.068244595975
 31
0.0
  0
LINE
  5
1F2
330
2
100
AcDbEntity
  8
HALFEN
100
AcDbLine
 10
3163.43030358771
 20
2755.288444595975
 30
0.0
 11
3158.84647358771
 21
2810.614144595975
 31
0.0
  0
LINE
  5
1F3
330
2
100
AcDbEntity
  8
HALFEN
100
AcDbLine
 10
3168.911513587711
 20
2755.742544595975
 30
0.0
 11
3164.32769358771
 21
2811.068244595975
 31
0.0
  0
LINE
  5
1F4
330
2
100
AcDbEntity
  8
HALFEN
100
AcDbLine
 10
3194.32444358771
 20
2755.288444595975
 30
0.0
 11
3198.90827358771
 21
2810.614144595975
 31
0.0
  0
ARC
  5
1F5
330
2
100
AcDbEntity
  8
HALFEN
100
AcDbCircle
 10
3178.87737358771
 20
2637.309019463741
 30
0.0
 40
78.72472347568647
100
AcDbArc
 50
77.31270616761488
 51
102.6872938323849
  0
ARC
  5
1F6
330
2
100
AcDbEntity
  8
HALFEN
100
AcDbCircle
 10
3178.87737358771
 20
2642.343521120289
 30
0.0
 40
78.72472347568647
100
AcDbArc
 50
77.31270616761488
 51
102.6872938323849
  0
ELLIPSE
  5
1F7
330
2
100
AcDbEntity
  8
HALFEN
100
AcDbEllipse
 10
3161.58707358771
 20
2716.628793767701
 30
0.0
 11
2.740614999999933
 21
0.0
 31
0.0
210
0.0
220
0.0
230
1.0
 40
0.91849852251193
 41
0.0
 42
6.283185307179586
  0
ELLIPSE
  5
1F8
330
2
100
AcDbEntity
  8
HALFEN
100
AcDbEllipse
 10
3196.16767358771
 20
2716.628793767701
 30
0.0
 11
2.740614999999933
 21
0.0
 31
0.0
210
0.0
220
0.0
230
1.0
 40
0.91849852251193
 41
0.0
 42
6.283185307179586
  0
ARC
  5
1F9
330
2
100
AcDbEntity
  8
HALFEN
100
AcDbCircle
 10
3178.87737358771
 20
2756.568244595975
 30
0.0
 40
10.0
100
AcDbArc
 50
184.7362
 51
355.2638
  0
ARC
  5
1FA
330
2
100
AcDbEntity
  8
HALFEN
100
AcDbCircle
 10
3178.87737358771
 20
2756.568244595975
 30
0.0
 40
15.5
100
AcDbArc
 50
184.7362
 51
355.2638
  0
LINE
  5
1FB
330
2
100
AcDbEntity
  8
HALFEN
100
AcDbLine
 10
3192.018584164946
 20
2794.068244595975
 30
0.0
 11
3165.736169937761
 21
2794.068244595975
 31
0.0
  0
LINE
  5
1FC
330
2
100
AcDbEntity
  8
HALFEN
100
AcDbLine
 10
3164.32768358771
 20
2811.068244595975
 30
0.0
 11
3158.84646358771
 21
2810.614144595975
 31
0.0
  0
LINE
  5
1FD
330
2
100
AcDbEntity
  8
HALFEN
100
AcDbLine
 10
3193.42706358771
 20
2811.068244595975
 30
0.0
 11
3198.90828358771
 21
2810.614144595975
 31
0.0
  0
ARC
  5
1FE
330
2
100
AcDbEntity
  8
HALFEN
100
AcDbCircle
 10
3628.87737358771
 20
2724.879568071662
 30
0.0
 40
78.72472347568647
100
AcDbArc
 50
257.312706167615
 51
282.6872938323851
  0
ARC
  5
1FF
330
2
100
AcDbEntity
  8
HALFEN
100
AcDbCircle
 10
3628.87737358771
 20
2729.914069728209
 30
0.0
 40
78.72472347568647
100
AcDbArc
 50
257.312706167615
 51
282.6872938323851
  0
ELLIPSE
  5
200
330
2
100
AcDbEntity
  8
HALFEN
100
AcDbEllipse
 10
3611.58707358771
 20
2650.594295424249
 30
0.0
 11
2.740614999999933
 21
0.0
 31
0.0
210
0.0
220
0.0
230
-1.0
 40
0.91849852251193
 41
0.0
 42
6.283185307179586
  0
ELLIPSE
  5
201
330
2
100
AcDbEntity
  8
HALFEN
100
AcDbEllipse
 10
3646.16767358771
 20
2650.594295424249
 30
0.0
 11
2.740614999999933
 21
0.0
 31
0.0
210
0.0
220
0.0
230
-1.0
 40
0.91849852251193
 41
0.0
 42
6.283185307179586
  0
LINE
  5
202
330
2
100
AcDbEntity
  8
HALFEN
100
AcDbLine
 10
3638.84323358771
 20
2755.742544595975
 30
0.0
 11
3643.427063587711
 21
2811.068244595975
 31
0.0
  0
LINE
  5
203
330
2
100
AcDbEntity
  8
HALFEN
100
AcDbLine
 10
3613.430303587711
 20
2755.288444595975
 30
0.0
 11
3608.84647358771
 21
2810.614144595975
 31
0.0
  0
LINE
  5
204
330
2
100
AcDbEntity
  8
HALFEN
100
AcDbLine
 10
3618.91151358771
 20
2755.742544595975
 30
0.0
 11
3614.327693587711
 21
2811.068244595975
 31
0.0
  0
LINE
  5
205
330
2
100
AcDbEntity
  8
HALFEN
100
AcDbLine
 10
3644.32444358771
 20
2755.288444595975
 30
0.0
 11
3648.90827358771
 21
2810.614144595975
 31
0.0
  0
ARC
  5
206
330
2
100
AcDbEntity
  8
HALFEN
100
AcDbCircle
 10
3628.87737358771
 20
2637.309019463741
 30
0.0
 40
78.72472347568647
100
AcDbArc
 50
77.31270616761488
 51
102.6872938323849
  0
ARC
  5
207
330
2
100
AcDbEntity
  8
HALFEN
100
AcDbCircle
 10
3628.87737358771
 20
2642.343521120289
 30
0.0
 40
78.72472347568647
100
AcDbArc
 50
77.31270616761488
 51
102.6872938323849
  0
ELLIPSE
  5
208
330
2
100
AcDbEntity
  8
HALFEN
100
AcDbEllipse
 10
3611.58707358771
 20
2716.628793767701
 30
0.0
 11
2.740614999999933
 21
0.0
 31
0.0
210
0.0
220
0.0
230
1.0
 40
0.91849852251193
 41
0.0
 42
6.283185307179586
  0
ELLIPSE
  5
209
330
2
100
AcDbEntity
  8
HALFEN
100
AcDbEllipse
 10
3646.16767358771
 20
2716.628793767701
 30
0.0
 11
2.740614999999933
 21
0.0
 31
0.0
210
0.0
220
0.0
230
1.0
 40
0.91849852251193
 41
0.0
 42
6.283185307179586
  0
ARC
  5
20A
330
2
100
AcDbEntity
  8
HALFEN
100
AcDbCircle
 10
3628.87737358771
 20
2756.568244595975
 30
0.0
 40
10.0
100
AcDbArc
 50
184.7362
 51
355.2638
  0
ARC
  5
20B
330
2
100
AcDbEntity
  8
HALFEN
100
AcDbCircle
 10
3628.87737358771
 20
2756.568244595975
 30
0.0
 40
15.5
100
AcDbArc
 50
184.7362
 51
355.2638
  0
LINE
  5
20C
330
2
100
AcDbEntity
  8
HALFEN
100
AcDbLine
 10
3642.018584164946
 20
2794.068244595975
 30
0.0
 11
3615.736169937761
 21
2794.068244595975
 31
0.0
  0
LINE
  5
20D
330
2
100
AcDbEntity
  8
HALFEN
100
AcDbLine
 10
3614.32768358771
 20
2811.068244595975
 30
0.0
 11
3608.84646358771
 21
2810.614144595975
 31
0.0
  0
LINE
  5
20E
330
2
100
AcDbEntity
  8
HALFEN
100
AcDbLine
 10
3643.427063587711
 20
2811.068244595975
 30
0.0
 11
3648.90828358771
 21
2810.614144595975
 31
0.0
  0
ARC
  5
20F
330
2
100
AcDbEntity
  8
HALFEN
100
AcDbCircle
 10
4078.877373587709
 20
2724.879568071662
 30
0.0
 40
78.72472347568647
100
AcDbArc
 50
257.312706167615
 51
282.6872938323851
  0
ARC
  5
210
330
2
100
AcDbEntity
  8
HALFEN
100
AcDbCircle
 10
4078.877373587709
 20
2729.914069728209
 30
0.0
 40
78.72472347568647
100
AcDbArc
 50
257.312706167615
 51
282.6872938323851
  0
ELLIPSE
  5
211
330
2
100
AcDbEntity
  8
HALFEN
100
AcDbEllipse
 10
4061.587073587709
 20
2650.594295424249
 30
0.0
 11
2.740614999999933
 21
0.0
 31
0.0
210
0.0
220
0.0
230
-1.0
 40
0.91849852251193
 41
0.0
 42
6.283185307179586
  0
ELLIPSE
  5
212
330
2
100
AcDbEntity
  8
HALFEN
100
AcDbEllipse
 10
4096.16767358771
 20
2650.594295424249
 30
0.0
 11
2.740614999999933
 21
0.0
 31
0.0
210
0.0
220
0.0
230
-1.0
 40
0.91849852251193
 41
0.0
 42
6.283185307179586
  0
LINE
  5
213
330
2
100
AcDbEntity
  8
HALFEN
100
AcDbLine
 10
4088.843233587709
 20
2755.742544595975
 30
0.0
 11
4093.42706358771
 21
2811.068244595975
 31
0.0
  0
LINE
  5
214
330
2
100
AcDbEntity
  8
HALFEN
100
AcDbLine
 10
4063.43030358771
 20
2755.288444595975
 30
0.0
 11
4058.846473587709
 21
2810.614144595975
 31
0.0
  0
LINE
  5
215
330
2
100
AcDbEntity
  8
HALFEN
100
AcDbLine
 10
4068.91151358771
 20
2755.742544595975
 30
0.0
 11
4064.32769358771
 21
2811.068244595975
 31
0.0
  0
LINE
  5
216
330
2
100
AcDbEntity
  8
HALFEN
100
AcDbLine
 10
4094.324443587709
 20
2755.288444595975
 30
0.0
 11
4098.908273587709
 21
2810.614144595975
 31
0.0
  0
ARC
  5
217
330
2
100
AcDbEntity
  8
HALFEN
100
AcDbCircle
 10
4078.877373587709
 20
2637.309019463741
 30
0.0
 40
78.72472347568647
100
AcDbArc
 50
77.31270616761488
 51
102.6872938323849
  0
ARC
  5
218
330
2
100
AcDbEntity
  8
HALFEN
100
AcDbCircle
 10
4078.877373587709
 20
2642.343521120289
 30
0.0
 40
78.72472347568647
100
AcDbArc
 50
77.31270616761488
 51
102.6872938323849
  0
ELLIPSE
  5
219
330
2
100
AcDbEntity
  8
HALFEN
100
AcDbEllipse
 10
4061.587073587709
 20
2716.628793767701
 30
0.0
 11
2.740614999999933
 21
0.0
 31
0.0
210
0.0
220
0.0
230
1.0
 40
0.91849852251193
 41
0.0
 42
6.283185307179586
  0
ELLIPSE
  5
21A
330
2
100
AcDbEntity
  8
HALFEN
100
AcDbEllipse
 10
4096.16767358771
 20
2716.628793767701
 30
0.0
 11
2.740614999999933
 21
0.0
 31
0.0
210
0.0
220
0.0
230
1.0
 40
0.91849852251193
 41
0.0
 42
6.283185307179586
  0
ARC
  5
21B
330
2
100
AcDbEntity
  8
HALFEN
100
AcDbCircle
 10
4078.877373587709
 20
2756.568244595975
 30
0.0
 40
10.0
100
AcDbArc
 50
184.7362
 51
355.2638
  0
ARC
  5
21C
330
2
100
AcDbEntity
  8
HALFEN
100
AcDbCircle
 10
4078.877373587709
 20
2756.568244595975
 30
0.0
 40
15.5
100
AcDbArc
 50
184.7362
 51
355.2638
  0
LINE
  5
21D
330
2
100
AcDbEntity
  8
HALFEN
100
AcDbLine
 10
4092.018584164946
 20
2794.068244595975
 30
0.0
 11
4065.73616993776
 21
2794.068244595975
 31
0.0
  0
LINE
  5
21E
330
2
100
AcDbEntity
  8
HALFEN
100
AcDbLine
 10
4064.327683587709
 20
2811.068244595975
 30
0.0
 11
4058.84646358771
 21
2810.614144595975
 31
0.0
  0
LINE
  5
21F
330
2
100
AcDbEntity
  8
HALFEN
100
AcDbLine
 10
4093.42706358771
 20
2811.068244595975
 30
0.0
 11
4098.90828358771
 21
2810.614144595975
 31
0.0
  0
LINE
  5
220
330
2
100
AcDbEntity
  8
HALFEN
100
AcDbLine
 10
3160.21733003954
 20
2794.068244595975
 30
0.0
 11
2747.53741713588
 21
2794.068244595975
 31
0.0
  0
LINE
  5
221
330
2
100
AcDbEntity
  8
HALFEN
100
AcDbLine
 10
3610.21733003954
 20
2794.068244595975
 30
0.0
 11
3197.537417135881
 21
2794.068244595975
 31
0.0
  0
LINE
  5
222
330
2
100
AcDbEntity
  8
HALFEN
100
AcDbLine
 10
4060.217330039539
 20
2794.068244595975
 30
0.0
 11
3647.53741713588
 21
2794.068244595975
 31
0.0
  0
ARC
  5
2A1
330
2
100
AcDbEntity
  8
HALFEN
100
AcDbCircle
 10
1378.87737358771
 20
2377.395619463742
 30
0.0
 40
78.72472347568647
100
AcDbArc
 50
77.31270616761488
 51
102.6872938323849
  0
ARC
  5
2A2
330
2
100
AcDbEntity
  8
HALFEN
100
AcDbCircle
 10
1378.87737358771
 20
2382.430121120289
 30
0.0
 40
78.72472347568647
100
AcDbArc
 50
77.31270616761488
 51
102.6872938323849
  0
ARC
  5
2A3
330
2
100
AcDbEntity
  8
HALFEN
100
AcDbCircle
 10
1378.87737358771
 20
2464.966168071662
 30
0.0
 40
78.72472347568647
100
AcDbArc
 50
257.312706167615
 51
282.6872938323851
  0
ARC
  5
2A4
330
2
100
AcDbEntity
  8
HALFEN
100
AcDbCircle
 10
1378.87737358771
 20
2470.00066972821
 30
0.0
 40
78.72472347568647
100
AcDbArc
 50
257.312706167615
 51
282.6872938323851
  0
ELLIPSE
  5
2A5
330
2
100
AcDbEntity
  8
HALFEN
100
AcDbEllipse
 10
1361.58707358771
 20
2390.680895424249
 30
0.0
 11
2.740614999999933
 21
0.0
 31
0.0
210
0.0
220
0.0
230
-1.0
 40
0.91849852251193
 41
0.0
 42
6.283185307179586
  0
ELLIPSE
  5
2A6
330
2
100
AcDbEntity
  8
HALFEN
100
AcDbEllipse
 10
1361.58707358771
 20
2456.715393767701
 30
0.0
 11
2.740614999999933
 21
0.0
 31
0.0
210
0.0
220
0.0
230
1.0
 40
0.91849852251193
 41
0.0
 42
6.283185307179586
  0
ELLIPSE
  5
2A7
330
2
100
AcDbEntity
  8
HALFEN
100
AcDbEllipse
 10
1396.16767358771
 20
2390.680895424249
 30
0.0
 11
2.740614999999933
 21
0.0
 31
0.0
210
0.0
220
0.0
230
-1.0
 40
0.91849852251193
 41
0.0
 42
6.283185307179586
  0
ELLIPSE
  5
2A8
330
2
100
AcDbEntity
  8
HALFEN
100
AcDbEllipse
 10
1396.16767358771
 20
2456.715393767701
 30
0.0
 11
2.740614999999933
 21
0.0
 31
0.0
210
0.0
220
0.0
230
1.0
 40
0.91849852251193
 41
0.0
 42
6.283185307179586
  0
LINE
  5
2A9
330
2
100
AcDbEntity
  8
HALFEN
100
AcDbLine
 10
1388.84323358771
 20
2495.829144595976
 30
0.0
 11
1393.42706358771
 21
2551.154844595976
 31
0.0
  0
ARC
  5
2AA
330
2
100
AcDbEntity
  8
HALFEN
100
AcDbCircle
 10
1378.87737358771
 20
2496.654844595975
 30
0.0
 40
15.5
100
AcDbArc
 50
184.7362
 51
355.2638
  0
LINE
  5
2AB
330
2
100
AcDbEntity
  8
HALFEN
100
AcDbLine
 10
1363.43030358771
 20
2495.375044595976
 30
0.0
 11
1358.84647358771
 21
2550.700744595975
 31
0.0
  0
LINE
  5
2AC
330
2
100
AcDbEntity
  8
HALFEN
100
AcDbLine
 10
1368.91151358771
 20
2495.829144595976
 30
0.0
 11
1364.32769358771
 21
2551.154844595976
 31
0.0
  0
ARC
  5
2AD
330
2
100
AcDbEntity
  8
HALFEN
100
AcDbCircle
 10
1378.87737358771
 20
2496.654844595975
 30
0.0
 40
10.0
100
AcDbArc
 50
184.7362
 51
355.2638
  0
LINE
  5
2AE
330
2
100
AcDbEntity
  8
HALFEN
100
AcDbLine
 10
1364.32768358771
 20
2551.154844595976
 30
0.0
 11
1358.84646358771
 21
2550.700744595975
 31
0.0
  0
LINE
  5
2AF
330
2
100
AcDbEntity
  8
HALFEN
100
AcDbLine
 10
1392.01858358771
 20
2534.154844595975
 30
0.0
 11
1365.73617358771
 21
2534.154844595975
 31
0.0
  0
LINE
  5
2B0
330
2
100
AcDbEntity
  8
HALFEN
100
AcDbLine
 10
1394.32444358771
 20
2495.375044595976
 30
0.0
 11
1398.90827358771
 21
2550.700744595975
 31
0.0
  0
LINE
  5
2B1
330
2
100
AcDbEntity
  8
HALFEN
100
AcDbLine
 10
1393.42706358771
 20
2551.154844595976
 30
0.0
 11
1398.90828358771
 21
2550.700744595975
 31
0.0
  0
ARC
  5
2C3
330
2
100
AcDbEntity
  8
HALFEN
100
AcDbCircle
 10
1528.87737358771
 20
2377.395619463742
 30
0.0
 40
78.72472347568647
100
AcDbArc
 50
77.31270616761488
 51
102.6872938323849
  0
ARC
  5
2C4
330
2
100
AcDbEntity
  8
HALFEN
100
AcDbCircle
 10
1528.87737358771
 20
2382.430121120289
 30
0.0
 40
78.72472347568647
100
AcDbArc
 50
77.31270616761488
 51
102.6872938323849
  0
ARC
  5
2C5
330
2
100
AcDbEntity
  8
HALFEN
100
AcDbCircle
 10
1528.87737358771
 20
2464.966168071662
 30
0.0
 40
78.72472347568647
100
AcDbArc
 50
257.312706167615
 51
282.6872938323851
  0
ARC
  5
2C6
330
2
100
AcDbEntity
  8
HALFEN
100
AcDbCircle
 10
1528.87737358771
 20
2470.00066972821
 30
0.0
 40
78.72472347568647
100
AcDbArc
 50
257.312706167615
 51
282.6872938323851
  0
ELLIPSE
  5
2C7
330
2
100
AcDbEntity
  8
HALFEN
100
AcDbEllipse
 10
1511.58707358771
 20
2390.680895424249
 30
0.0
 11
2.740614999999933
 21
0.0
 31
0.0
210
0.0
220
0.0
230
-1.0
 40
0.91849852251193
 41
0.0
 42
6.283185307179586
  0
ELLIPSE
  5
2C8
330
2
100
AcDbEntity
  8
HALFEN
100
AcDbEllipse
 10
1511.58707358771
 20
2456.715393767701
 30
0.0
 11
2.740614999999933
 21
0.0
 31
0.0
210
0.0
220
0.0
230
1.0
 40
0.91849852251193
 41
0.0
 42
6.283185307179586
  0
ELLIPSE
  5
2C9
330
2
100
AcDbEntity
  8
HALFEN
100
AcDbEllipse
 10
1546.16767358771
 20
2390.680895424249
 30
0.0
 11
2.740614999999933
 21
0.0
 31
0.0
210
0.0
220
0.0
230
-1.0
 40
0.91849852251193
 41
0.0
 42
6.283185307179586
  0
ELLIPSE
  5
2CA
330
2
100
AcDbEntity
  8
HALFEN
100
AcDbEllipse
 10
1546.16767358771
 20
2456.715393767701
 30
0.0
 11
2.740614999999933
 21
0.0
 31
0.0
210
0.0
220
0.0
230
1.0
 40
0.91849852251193
 41
0.0
 42
6.283185307179586
  0
LINE
  5
2CB
330
2
100
AcDbEntity
  8
HALFEN
100
AcDbLine
 10
1538.84323358771
 20
2495.829144595976
 30
0.0
 11
1543.42706358771
 21
2551.154844595976
 31
0.0
  0
ARC
  5
2CC
330
2
100
AcDbEntity
  8
HALFEN
100
AcDbCircle
 10
1528.87737358771
 20
2496.654844595975
 30
0.0
 40
15.5
100
AcDbArc
 50
184.7362
 51
355.2638
  0
LINE
  5
2CD
330
2
100
AcDbEntity
  8
HALFEN
100
AcDbLine
 10
1513.43030358771
 20
2495.375044595976
 30
0.0
 11
1508.84647358771
 21
2550.700744595975
 31
0.0
  0
LINE
  5
2CE
330
2
100
AcDbEntity
  8
HALFEN
100
AcDbLine
 10
1518.91151358771
 20
2495.829144595976
 30
0.0
 11
1514.32769358771
 21
2551.154844595976
 31
0.0
  0
ARC
  5
2CF
330
2
100
AcDbEntity
  8
HALFEN
100
AcDbCircle
 10
1528.87737358771
 20
2496.654844595975
 30
0.0
 40
10.0
100
AcDbArc
 50
184.7362
 51
355.2638
  0
LINE
  5
2D0
330
2
100
AcDbEntity
  8
HALFEN
100
AcDbLine
 10
1514.327683587709
 20
2551.154844595976
 30
0.0
 11
1508.84646358771
 21
2550.700744595975
 31
0.0
  0
LINE
  5
2D1
330
2
100
AcDbEntity
  8
HALFEN
100
AcDbLine
 10
1542.01858358771
 20
2534.154844595975
 30
0.0
 11
1515.73617358771
 21
2534.154844595975
 31
0.0
  0
LINE
  5
2D2
330
2
100
AcDbEntity
  8
HALFEN
100
AcDbLine
 10
1544.32444358771
 20
2495.375044595976
 30
0.0
 11
1548.908273587709
 21
2550.700744595975
 31
0.0
  0
LINE
  5
2D3
330
2
100
AcDbEntity
  8
HALFEN
100
AcDbLine
 10
1543.42706358771
 20
2551.154844595976
 30
0.0
 11
1548.90828358771
 21
2550.700744595975
 31
0.0
  0
ARC
  5
2E5
330
2
100
AcDbEntity
  8
HALFEN
100
AcDbCircle
 10
1678.87737358771
 20
2377.395619463742
 30
0.0
 40
78.72472347568647
100
AcDbArc
 50
77.31270616761488
 51
102.6872938323849
  0
ARC
  5
2E6
330
2
100
AcDbEntity
  8
HALFEN
100
AcDbCircle
 10
1678.87737358771
 20
2382.430121120289
 30
0.0
 40
78.72472347568647
100
AcDbArc
 50
77.31270616761488
 51
102.6872938323849
  0
ARC
  5
2E7
330
2
100
AcDbEntity
  8
HALFEN
100
AcDbCircle
 10
1678.87737358771
 20
2464.966168071662
 30
0.0
 40
78.72472347568647
100
AcDbArc
 50
257.312706167615
 51
282.6872938323851
  0
ARC
  5
2E8
330
2
100
AcDbEntity
  8
HALFEN
100
AcDbCircle
 10
1678.87737358771
 20
2470.00066972821
 30
0.0
 40
78.72472347568647
100
AcDbArc
 50
257.312706167615
 51
282.6872938323851
  0
ELLIPSE
  5
2E9
330
2
100
AcDbEntity
  8
HALFEN
100
AcDbEllipse
 10
1661.58707358771
 20
2390.680895424249
 30
0.0
 11
2.740614999999933
 21
0.0
 31
0.0
210
0.0
220
0.0
230
-1.0
 40
0.91849852251193
 41
0.0
 42
6.283185307179586
  0
ELLIPSE
  5
2EA
330
2
100
AcDbEntity
  8
HALFEN
100
AcDbEllipse
 10
1661.58707358771
 20
2456.715393767701
 30
0.0
 11
2.740614999999933
 21
0.0
 31
0.0
210
0.0
220
0.0
230
1.0
 40
0.91849852251193
 41
0.0
 42
6.283185307179586
  0
ELLIPSE
  5
2EB
330
2
100
AcDbEntity
  8
HALFEN
100
AcDbEllipse
 10
1696.16767358771
 20
2390.680895424249
 30
0.0
 11
2.740614999999933
 21
0.0
 31
0.0
210
0.0
220
0.0
230
-1.0
 40
0.91849852251193
 41
0.0
 42
6.283185307179586
  0
ELLIPSE
  5
2EC
330
2
100
AcDbEntity
  8
HALFEN
100
AcDbEllipse
 10
1696.16767358771
 20
2456.715393767701
 30
0.0
 11
2.740614999999933
 21
0.0
 31
0.0
210
0.0
220
0.0
230
1.0
 40
0.91849852251193
 41
0.0
 42
6.283185307179586
  0
LINE
  5
2ED
330
2
100
AcDbEntity
  8
HALFEN
100
AcDbLine
 10
1688.84323358771
 20
2495.829144595976
 30
0.0
 11
1693.42706358771
 21
2551.154844595976
 31
0.0
  0
ARC
  5
2EE
330
2
100
AcDbEntity
  8
HALFEN
100
AcDbCircle
 10
1678.87737358771
 20
2496.654844595975
 30
0.0
 40
15.5
100
AcDbArc
 50
184.7362
 51
355.2638
  0
LINE
  5
2EF
330
2
100
AcDbEntity
  8
HALFEN
100
AcDbLine
 10
1663.43030358771
 20
2495.375044595976
 30
0.0
 11
1658.84647358771
 21
2550.700744595975
 31
0.0
  0
LINE
  5
2F0
330
2
100
AcDbEntity
  8
HALFEN
100
AcDbLine
 10
1668.91151358771
 20
2495.829144595976
 30
0.0
 11
1664.32769358771
 21
2551.154844595976
 31
0.0
  0
ARC
  5
2F1
330
2
100
AcDbEntity
  8
HALFEN
100
AcDbCircle
 10
1678.87737358771
 20
2496.654844595975
 30
0.0
 40
10.0
100
AcDbArc
 50
184.7362
 51
355.2638
  0
LINE
  5
2F2
330
2
100
AcDbEntity
  8
HALFEN
100
AcDbLine
 10
1664.32768358771
 20
2551.154844595976
 30
0.0
 11
1658.84646358771
 21
2550.700744595975
 31
0.0
  0
LINE
  5
2F3
330
2
100
AcDbEntity
  8
HALFEN
100
AcDbLine
 10
1692.01858358771
 20
2534.154844595975
 30
0.0
 11
1665.73617358771
 21
2534.154844595975
 31
0.0
  0
LINE
  5
2F4
330
2
100
AcDbEntity
  8
HALFEN
100
AcDbLine
 10
1694.32444358771
 20
2495.375044595976
 30
0.0
 11
1698.90827358771
 21
2550.700744595975
 31
0.0
  0
LINE
  5
2F5
330
2
100
AcDbEntity
  8
HALFEN
100
AcDbLine
 10
1693.42706358771
 20
2551.154844595976
 30
0.0
 11
1698.90828358771
 21
2550.700744595975
 31
0.0
  0
ARC
  5
307
330
2
100
AcDbEntity
  8
HALFEN
100
AcDbCircle
 10
1828.87737358771
 20
2377.395619463742
 30
0.0
 40
78.72472347568647
100
AcDbArc
 50
77.31270616761488
 51
102.6872938323849
  0
ARC
  5
308
330
2
100
AcDbEntity
  8
HALFEN
100
AcDbCircle
 10
1828.87737358771
 20
2382.430121120289
 30
0.0
 40
78.72472347568647
100
AcDbArc
 50
77.31270616761488
 51
102.6872938323849
  0
ARC
  5
309
330
2
100
AcDbEntity
  8
HALFEN
100
AcDbCircle
 10
1828.87737358771
 20
2464.966168071662
 30
0.0
 40
78.72472347568647
100
AcDbArc
 50
257.312706167615
 51
282.6872938323851
  0
ARC
  5
30A
330
2
100
AcDbEntity
  8
HALFEN
100
AcDbCircle
 10
1828.87737358771
 20
2470.00066972821
 30
0.0
 40
78.72472347568647
100
AcDbArc
 50
257.312706167615
 51
282.6872938323851
  0
ELLIPSE
  5
30B
330
2
100
AcDbEntity
  8
HALFEN
100
AcDbEllipse
 10
1811.58707358771
 20
2390.680895424249
 30
0.0
 11
2.740614999999933
 21
0.0
 31
0.0
210
0.0
220
0.0
230
-1.0
 40
0.91849852251193
 41
0.0
 42
6.283185307179586
  0
ELLIPSE
  5
30C
330
2
100
AcDbEntity
  8
HALFEN
100
AcDbEllipse
 10
1811.58707358771
 20
2456.715393767701
 30
0.0
 11
2.740614999999933
 21
0.0
 31
0.0
210
0.0
220
0.0
230
1.0
 40
0.91849852251193
 41
0.0
 42
6.283185307179586
  0
ELLIPSE
  5
30D
330
2
100
AcDbEntity
  8
HALFEN
100
AcDbEllipse
 10
1846.16767358771
 20
2390.680895424249
 30
0.0
 11
2.740614999999933
 21
0.0
 31
0.0
210
0.0
220
0.0
230
-1.0
 40
0.91849852251193
 41
0.0
 42
6.283185307179586
  0
ELLIPSE
  5
30E
330
2
100
AcDbEntity
  8
HALFEN
100
AcDbEllipse
 10
1846.16767358771
 20
2456.715393767701
 30
0.0
 11
2.740614999999933
 21
0.0
 31
0.0
210
0.0
220
0.0
230
1.0
 40
0.91849852251193
 41
0.0
 42
6.283185307179586
  0
LINE
  5
30F
330
2
100
AcDbEntity
  8
HALFEN
100
AcDbLine
 10
1838.84323358771
 20
2495.829144595976
 30
0.0
 11
1843.42706358771
 21
2551.154844595976
 31
0.0
  0
ARC
  5
310
330
2
100
AcDbEntity
  8
HALFEN
100
AcDbCircle
 10
1828.87737358771
 20
2496.654844595975
 30
0.0
 40
15.5
100
AcDbArc
 50
184.7362
 51
355.2638
  0
LINE
  5
311
330
2
100
AcDbEntity
  8
HALFEN
100
AcDbLine
 10
1813.43030358771
 20
2495.375044595976
 30
0.0
 11
1808.84647358771
 21
2550.700744595975
 31
0.0
  0
LINE
  5
312
330
2
100
AcDbEntity
  8
HALFEN
100
AcDbLine
 10
1818.91151358771
 20
2495.829144595976
 30
0.0
 11
1814.32769358771
 21
2551.154844595976
 31
0.0
  0
ARC
  5
313
330
2
100
AcDbEntity
  8
HALFEN
100
AcDbCircle
 10
1828.87737358771
 20
2496.654844595975
 30
0.0
 40
10.0
100
AcDbArc
 50
184.7362
 51
355.2638
  0
LINE
  5
314
330
2
100
AcDbEntity
  8
HALFEN
100
AcDbLine
 10
1814.32768358771
 20
2551.154844595976
 30
0.0
 11
1808.84646358771
 21
2550.700744595975
 31
0.0
  0
LINE
  5
315
330
2
100
AcDbEntity
  8
HALFEN
100
AcDbLine
 10
1842.01858358771
 20
2534.154844595975
 30
0.0
 11
1815.73617358771
 21
2534.154844595975
 31
0.0
  0
LINE
  5
316
330
2
100
AcDbEntity
  8
HALFEN
100
AcDbLine
 10
1844.32444358771
 20
2495.375044595976
 30
0.0
 11
1848.90827358771
 21
2550.700744595975
 31
0.0
  0
LINE
  5
317
330
2
100
AcDbEntity
  8
HALFEN
100
AcDbLine
 10
1843.42706358771
 20
2551.154844595976
 30
0.0
 11
1848.90828358771
 21
2550.700744595975
 31
0.0
  0
ARC
  5
329
330
2
100
AcDbEntity
  8
HALFEN
100
AcDbCircle
 10
1978.87737358771
 20
2377.395619463742
 30
0.0
 40
78.72472347568647
100
AcDbArc
 50
77.31270616761488
 51
102.6872938323849
  0
ARC
  5
32A
330
2
100
AcDbEntity
  8
HALFEN
100
AcDbCircle
 10
1978.87737358771
 20
2382.430121120289
 30
0.0
 40
78.72472347568647
100
AcDbArc
 50
77.31270616761488
 51
102.6872938323849
  0
ARC
  5
32B
330
2
100
AcDbEntity
  8
HALFEN
100
AcDbCircle
 10
1978.87737358771
 20
2464.966168071662
 30
0.0
 40
78.72472347568647
100
AcDbArc
 50
257.312706167615
 51
282.6872938323851
  0
ARC
  5
32C
330
2
100
AcDbEntity
  8
HALFEN
100
AcDbCircle
 10
1978.87737358771
 20
2470.00066972821
 30
0.0
 40
78.72472347568647
100
AcDbArc
 50
257.312706167615
 51
282.6872938323851
  0
ELLIPSE
  5
32D
330
2
100
AcDbEntity
  8
HALFEN
100
AcDbEllipse
 10
1961.58707358771
 20
2390.680895424249
 30
0.0
 11
2.740614999999933
 21
0.0
 31
0.0
210
0.0
220
0.0
230
-1.0
 40
0.91849852251193
 41
0.0
 42
6.283185307179586
  0
ELLIPSE
  5
32E
330
2
100
AcDbEntity
  8
HALFEN
100
AcDbEllipse
 10
1961.58707358771
 20
2456.715393767701
 30
0.0
 11
2.740614999999933
 21
0.0
 31
0.0
210
0.0
220
0.0
230
1.0
 40
0.91849852251193
 41
0.0
 42
6.283185307179586
  0
ELLIPSE
  5
32F
330
2
100
AcDbEntity
  8
HALFEN
100
AcDbEllipse
 10
1996.16767358771
 20
2390.680895424249
 30
0.0
 11
2.740614999999933
 21
0.0
 31
0.0
210
0.0
220
0.0
230
-1.0
 40
0.91849852251193
 41
0.0
 42
6.283185307179586
  0
ELLIPSE
  5
330
330
2
100
AcDbEntity
  8
HALFEN
100
AcDbEllipse
 10
1996.16767358771
 20
2456.715393767701
 30
0.0
 11
2.740614999999933
 21
0.0
 31
0.0
210
0.0
220
0.0
230
1.0
 40
0.91849852251193
 41
0.0
 42
6.283185307179586
  0
LINE
  5
331
330
2
100
AcDbEntity
  8
HALFEN
100
AcDbLine
 10
1988.84323358771
 20
2495.829144595976
 30
0.0
 11
1993.42706358771
 21
2551.154844595976
 31
0.0
  0
ARC
  5
332
330
2
100
AcDbEntity
  8
HALFEN
100
AcDbCircle
 10
1978.87737358771
 20
2496.654844595975
 30
0.0
 40
15.5
100
AcDbArc
 50
184.7362
 51
355.2638
  0
LINE
  5
333
330
2
100
AcDbEntity
  8
HALFEN
100
AcDbLine
 10
1963.43030358771
 20
2495.375044595976
 30
0.0
 11
1958.84647358771
 21
2550.700744595975
 31
0.0
  0
LINE
  5
334
330
2
100
AcDbEntity
  8
HALFEN
100
AcDbLine
 10
1968.91151358771
 20
2495.829144595976
 30
0.0
 11
1964.32769358771
 21
2551.154844595976
 31
0.0
  0
ARC
  5
335
330
2
100
AcDbEntity
  8
HALFEN
100
AcDbCircle
 10
1978.87737358771
 20
2496.654844595975
 30
0.0
 40
10.0
100
AcDbArc
 50
184.7362
 51
355.2638
  0
LINE
  5
336
330
2
100
AcDbEntity
  8
HALFEN
100
AcDbLine
 10
1964.32768358771
 20
2551.154844595976
 30
0.0
 11
1958.84646358771
 21
2550.700744595975
 31
0.0
  0
LINE
  5
337
330
2
100
AcDbEntity
  8
HALFEN
100
AcDbLine
 10
1992.01858358771
 20
2534.154844595975
 30
0.0
 11
1965.73617358771
 21
2534.154844595975
 31
0.0
  0
LINE
  5
338
330
2
100
AcDbEntity
  8
HALFEN
100
AcDbLine
 10
1994.32444358771
 20
2495.375044595976
 30
0.0
 11
1998.90827358771
 21
2550.700744595975
 31
0.0
  0
LINE
  5
339
330
2
100
AcDbEntity
  8
HALFEN
100
AcDbLine
 10
1993.42706358771
 20
2551.154844595976
 30
0.0
 11
1998.90828358771
 21
2550.700744595975
 31
0.0
  0
ARC
  5
34B
330
2
100
AcDbEntity
  8
HALFEN
100
AcDbCircle
 10
2128.87737358771
 20
2377.395619463742
 30
0.0
 40
78.72472347568647
100
AcDbArc
 50
77.31270616761488
 51
102.6872938323849
  0
ARC
  5
34C
330
2
100
AcDbEntity
  8
HALFEN
100
AcDbCircle
 10
2128.87737358771
 20
2382.430121120289
 30
0.0
 40
78.72472347568647
100
AcDbArc
 50
77.31270616761488
 51
102.6872938323849
  0
ARC
  5
34D
330
2
100
AcDbEntity
  8
HALFEN
100
AcDbCircle
 10
2128.87737358771
 20
2464.966168071662
 30
0.0
 40
78.72472347568647
100
AcDbArc
 50
257.312706167615
 51
282.6872938323851
  0
ARC
  5
34E
330
2
100
AcDbEntity
  8
HALFEN
100
AcDbCircle
 10
2128.87737358771
 20
2470.00066972821
 30
0.0
 40
78.72472347568647
100
AcDbArc
 50
257.312706167615
 51
282.6872938323851
  0
ELLIPSE
  5
34F
330
2
100
AcDbEntity
  8
HALFEN
100
AcDbEllipse
 10
2111.58707358771
 20
2390.680895424249
 30
0.0
 11
2.740614999999933
 21
0.0
 31
0.0
210
0.0
220
0.0
230
-1.0
 40
0.91849852251193
 41
0.0
 42
6.283185307179586
  0
ELLIPSE
  5
350
330
2
100
AcDbEntity
  8
HALFEN
100
AcDbEllipse
 10
2111.58707358771
 20
2456.715393767701
 30
0.0
 11
2.740614999999933
 21
0.0
 31
0.0
210
0.0
220
0.0
230
1.0
 40
0.91849852251193
 41
0.0
 42
6.283185307179586
  0
ELLIPSE
  5
351
330
2
100
AcDbEntity
  8
HALFEN
100
AcDbEllipse
 10
2146.16767358771
 20
2390.680895424249
 30
0.0
 11
2.740614999999933
 21
0.0
 31
0.0
210
0.0
220
0.0
230
-1.0
 40
0.91849852251193
 41
0.0
 42
6.283185307179586
  0
ELLIPSE
  5
352
330
2
100
AcDbEntity
  8
HALFEN
100
AcDbEllipse
 10
2146.16767358771
 20
2456.715393767701
 30
0.0
 11
2.740614999999933
 21
0.0
 31
0.0
210
0.0
220
0.0
230
1.0
 40
0.91849852251193
 41
0.0
 42
6.283185307179586
  0
LINE
  5
353
330
2
100
AcDbEntity
  8
HALFEN
100
AcDbLine
 10
2138.84323358771
 20
2495.829144595976
 30
0.0
 11
2143.42706358771
 21
2551.154844595976
 31
0.0
  0
ARC
  5
354
330
2
100
AcDbEntity
  8
HALFEN
100
AcDbCircle
 10
2128.87737358771
 20
2496.654844595975
 30
0.0
 40
15.5
100
AcDbArc
 50
184.7362
 51
355.2638
  0
LINE
  5
355
330
2
100
AcDbEntity
  8
HALFEN
100
AcDbLine
 10
2113.43030358771
 20
2495.375044595976
 30
0.0
 11
2108.84647358771
 21
2550.700744595975
 31
0.0
  0
LINE
  5
356
330
2
100
AcDbEntity
  8
HALFEN
100
AcDbLine
 10
2118.91151358771
 20
2495.829144595976
 30
0.0
 11
2114.327693587711
 21
2551.154844595976
 31
0.0
  0
ARC
  5
357
330
2
100
AcDbEntity
  8
HALFEN
100
AcDbCircle
 10
2128.87737358771
 20
2496.654844595975
 30
0.0
 40
10.0
100
AcDbArc
 50
184.7362
 51
355.2638
  0
LINE
  5
358
330
2
100
AcDbEntity
  8
HALFEN
100
AcDbLine
 10
2114.32768358771
 20
2551.154844595976
 30
0.0
 11
2108.84646358771
 21
2550.700744595975
 31
0.0
  0
LINE
  5
359
330
2
100
AcDbEntity
  8
HALFEN
100
AcDbLine
 10
2142.01858358771
 20
2534.154844595975
 30
0.0
 11
2115.73617358771
 21
2534.154844595975
 31
0.0
  0
LINE
  5
35A
330
2
100
AcDbEntity
  8
HALFEN
100
AcDbLine
 10
2144.324443587709
 20
2495.375044595976
 30
0.0
 11
2148.90827358771
 21
2550.700744595975
 31
0.0
  0
LINE
  5
35B
330
2
100
AcDbEntity
  8
HALFEN
100
AcDbLine
 10
2143.42706358771
 20
2551.154844595976
 30
0.0
 11
2148.90828358771
 21
2550.700744595975
 31
0.0
  0
ARC
  5
36D
330
2
100
AcDbEntity
  8
HALFEN
100
AcDbCircle
 10
2278.87737358771
 20
2377.395619463742
 30
0.0
 40
78.72472347568647
100
AcDbArc
 50
77.31270616761488
 51
102.6872938323849
  0
ARC
  5
36E
330
2
100
AcDbEntity
  8
HALFEN
100
AcDbCircle
 10
2278.87737358771
 20
2382.430121120289
 30
0.0
 40
78.72472347568647
100
AcDbArc
 50
77.31270616761488
 51
102.6872938323849
  0
ARC
  5
36F
330
2
100
AcDbEntity
  8
HALFEN
100
AcDbCircle
 10
2278.87737358771
 20
2464.966168071662
 30
0.0
 40
78.72472347568647
100
AcDbArc
 50
257.312706167615
 51
282.6872938323851
  0
ARC
  5
370
330
2
100
AcDbEntity
  8
HALFEN
100
AcDbCircle
 10
2278.87737358771
 20
2470.00066972821
 30
0.0
 40
78.72472347568647
100
AcDbArc
 50
257.312706167615
 51
282.6872938323851
  0
ELLIPSE
  5
371
330
2
100
AcDbEntity
  8
HALFEN
100
AcDbEllipse
 10
2261.58707358771
 20
2390.680895424249
 30
0.0
 11
2.740614999999933
 21
0.0
 31
0.0
210
0.0
220
0.0
230
-1.0
 40
0.91849852251193
 41
0.0
 42
6.283185307179586
  0
ELLIPSE
  5
372
330
2
100
AcDbEntity
  8
HALFEN
100
AcDbEllipse
 10
2261.58707358771
 20
2456.715393767701
 30
0.0
 11
2.740614999999933
 21
0.0
 31
0.0
210
0.0
220
0.0
230
1.0
 40
0.91849852251193
 41
0.0
 42
6.283185307179586
  0
ELLIPSE
  5
373
330
2
100
AcDbEntity
  8
HALFEN
100
AcDbEllipse
 10
2296.16767358771
 20
2390.680895424249
 30
0.0
 11
2.740614999999933
 21
0.0
 31
0.0
210
0.0
220
0.0
230
-1.0
 40
0.91849852251193
 41
0.0
 42
6.283185307179586
  0
ELLIPSE
  5
374
330
2
100
AcDbEntity
  8
HALFEN
100
AcDbEllipse
 10
2296.16767358771
 20
2456.715393767701
 30
0.0
 11
2.740614999999933
 21
0.0
 31
0.0
210
0.0
220
0.0
230
1.0
 40
0.91849852251193
 41
0.0
 42
6.283185307179586
  0
LINE
  5
375
330
2
100
AcDbEntity
  8
HALFEN
100
AcDbLine
 10
2288.84323358771
 20
2495.829144595976
 30
0.0
 11
2293.42706358771
 21
2551.154844595976
 31
0.0
  0
ARC
  5
376
330
2
100
AcDbEntity
  8
HALFEN
100
AcDbCircle
 10
2278.87737358771
 20
2496.654844595975
 30
0.0
 40
15.5
100
AcDbArc
 50
184.7362
 51
355.2638
  0
LINE
  5
377
330
2
100
AcDbEntity
  8
HALFEN
100
AcDbLine
 10
2263.430303587711
 20
2495.375044595976
 30
0.0
 11
2258.84647358771
 21
2550.700744595975
 31
0.0
  0
LINE
  5
378
330
2
100
AcDbEntity
  8
HALFEN
100
AcDbLine
 10
2268.91151358771
 20
2495.829144595976
 30
0.0
 11
2264.327693587711
 21
2551.154844595976
 31
0.0
  0
ARC
  5
379
330
2
100
AcDbEntity
  8
HALFEN
100
AcDbCircle
 10
2278.87737358771
 20
2496.654844595975
 30
0.0
 40
10.0
100
AcDbArc
 50
184.7362
 51
355.2638
  0
LINE
  5
37A
330
2
100
AcDbEntity
  8
HALFEN
100
AcDbLine
 10
2264.32768358771
 20
2551.154844595976
 30
0.0
 11
2258.84646358771
 21
2550.700744595975
 31
0.0
  0
LINE
  5
37B
330
2
100
AcDbEntity
  8
HALFEN
100
AcDbLine
 10
2292.01858358771
 20
2534.154844595975
 30
0.0
 11
2265.73617358771
 21
2534.154844595975
 31
0.0
  0
LINE
  5
37C
330
2
100
AcDbEntity
  8
HALFEN
100
AcDbLine
 10
2294.32444358771
 20
2495.375044595976
 30
0.0
 11
2298.90827358771
 21
2550.700744595975
 31
0.0
  0
LINE
  5
37D
330
2
100
AcDbEntity
  8
HALFEN
100
AcDbLine
 10
2293.42706358771
 20
2551.154844595976
 30
0.0
 11
2298.90828358771
 21
2550.700744595975
 31
0.0
  0
ARC
  5
38F
330
2
100
AcDbEntity
  8
HALFEN
100
AcDbCircle
 10
2428.87737358771
 20
2377.395619463742
 30
0.0
 40
78.72472347568647
100
AcDbArc
 50
77.31270616761488
 51
102.6872938323849
  0
ARC
  5
390
330
2
100
AcDbEntity
  8
HALFEN
100
AcDbCircle
 10
2428.87737358771
 20
2382.430121120289
 30
0.0
 40
78.72472347568647
100
AcDbArc
 50
77.31270616761488
 51
102.6872938323849
  0
ARC
  5
391
330
2
100
AcDbEntity
  8
HALFEN
100
AcDbCircle
 10
2428.87737358771
 20
2464.966168071662
 30
0.0
 40
78.72472347568647
100
AcDbArc
 50
257.312706167615
 51
282.6872938323851
  0
ARC
  5
392
330
2
100
AcDbEntity
  8
HALFEN
100
AcDbCircle
 10
2428.87737358771
 20
2470.00066972821
 30
0.0
 40
78.72472347568647
100
AcDbArc
 50
257.312706167615
 51
282.6872938323851
  0
ELLIPSE
  5
393
330
2
100
AcDbEntity
  8
HALFEN
100
AcDbEllipse
 10
2411.58707358771
 20
2390.680895424249
 30
0.0
 11
2.740614999999933
 21
0.0
 31
0.0
210
0.0
220
0.0
230
-1.0
 40
0.91849852251193
 41
0.0
 42
6.283185307179586
  0
ELLIPSE
  5
394
330
2
100
AcDbEntity
  8
HALFEN
100
AcDbEllipse
 10
2411.58707358771
 20
2456.715393767701
 30
0.0
 11
2.740614999999933
 21
0.0
 31
0.0
210
0.0
220
0.0
230
1.0
 40
0.91849852251193
 41
0.0
 42
6.283185307179586
  0
ELLIPSE
  5
395
330
2
100
AcDbEntity
  8
HALFEN
100
AcDbEllipse
 10
2446.16767358771
 20
2390.680895424249
 30
0.0
 11
2.740614999999933
 21
0.0
 31
0.0
210
0.0
220
0.0
230
-1.0
 40
0.91849852251193
 41
0.0
 42
6.283185307179586
  0
ELLIPSE
  5
396
330
2
100
AcDbEntity
  8
HALFEN
100
AcDbEllipse
 10
2446.16767358771
 20
2456.715393767701
 30
0.0
 11
2.740614999999933
 21
0.0
 31
0.0
210
0.0
220
0.0
230
1.0
 40
0.91849852251193
 41
0.0
 42
6.283185307179586
  0
LINE
  5
397
330
2
100
AcDbEntity
  8
HALFEN
100
AcDbLine
 10
2438.84323358771
 20
2495.829144595976
 30
0.0
 11
2443.42706358771
 21
2551.154844595976
 31
0.0
  0
ARC
  5
398
330
2
100
AcDbEntity
  8
HALFEN
100
AcDbCircle
 10
2428.87737358771
 20
2496.654844595975
 30
0.0
 40
15.5
100
AcDbArc
 50
184.7362
 51
355.2638
  0
LINE
  5
399
330
2
100
AcDbEntity
  8
HALFEN
100
AcDbLine
 10
2413.43030358771
 20
2495.375044595976
 30
0.0
 11
2408.84647358771
 21
2550.700744595975
 31
0.0
  0
LINE
  5
39A
330
2
100
AcDbEntity
  8
HALFEN
100
AcDbLine
 10
2418.911513587711
 20
2495.829144595976
 30
0.0
 11
2414.32769358771
 21
2551.154844595976
 31
0.0
  0
ARC
  5
39B
330
2
100
AcDbEntity
  8
HALFEN
100
AcDbCircle
 10
2428.87737358771
 20
2496.654844595975
 30
0.0
 40
10.0
100
AcDbArc
 50
184.7362
 51
355.2638
  0
LINE
  5
39C
330
2
100
AcDbEntity
  8
HALFEN
100
AcDbLine
 10
2414.32768358771
 20
2551.154844595976
 30
0.0
 11
2408.84646358771
 21
2550.700744595975
 31
0.0
  0
LINE
  5
39D
330
2
100
AcDbEntity
  8
HALFEN
100
AcDbLine
 10
2442.018583587711
 20
2534.154844595975
 30
0.0
 11
2415.73617358771
 21
2534.154844595975
 31
0.0
  0
LINE
  5
39E
330
2
100
AcDbEntity
  8
HALFEN
100
AcDbLine
 10
2444.32444358771
 20
2495.375044595976
 30
0.0
 11
2448.90827358771
 21
2550.700744595975
 31
0.0
  0
LINE
  5
39F
330
2
100
AcDbEntity
  8
HALFEN
100
AcDbLine
 10
2443.42706358771
 20
2551.154844595976
 30
0.0
 11
2448.90828358771
 21
2550.700744595975
 31
0.0
  0
ARC
  5
3B1
330
2
100
AcDbEntity
  8
HALFEN
100
AcDbCircle
 10
2578.87737358771
 20
2377.395619463742
 30
0.0
 40
78.72472347568647
100
AcDbArc
 50
77.31270616761488
 51
102.6872938323849
  0
ARC
  5
3B2
330
2
100
AcDbEntity
  8
HALFEN
100
AcDbCircle
 10
2578.87737358771
 20
2382.430121120289
 30
0.0
 40
78.72472347568647
100
AcDbArc
 50
77.31270616761488
 51
102.6872938323849
  0
ARC
  5
3B3
330
2
100
AcDbEntity
  8
HALFEN
100
AcDbCircle
 10
2578.87737358771
 20
2464.966168071662
 30
0.0
 40
78.72472347568647
100
AcDbArc
 50
257.312706167615
 51
282.6872938323851
  0
ARC
  5
3B4
330
2
100
AcDbEntity
  8
HALFEN
100
AcDbCircle
 10
2578.87737358771
 20
2470.00066972821
 30
0.0
 40
78.72472347568647
100
AcDbArc
 50
257.312706167615
 51
282.6872938323851
  0
ELLIPSE
  5
3B5
330
2
100
AcDbEntity
  8
HALFEN
100
AcDbEllipse
 10
2561.58707358771
 20
2390.680895424249
 30
0.0
 11
2.740614999999933
 21
0.0
 31
0.0
210
0.0
220
0.0
230
-1.0
 40
0.91849852251193
 41
0.0
 42
6.283185307179586
  0
ELLIPSE
  5
3B6
330
2
100
AcDbEntity
  8
HALFEN
100
AcDbEllipse
 10
2561.58707358771
 20
2456.715393767701
 30
0.0
 11
2.740614999999933
 21
0.0
 31
0.0
210
0.0
220
0.0
230
1.0
 40
0.91849852251193
 41
0.0
 42
6.283185307179586
  0
ELLIPSE
  5
3B7
330
2
100
AcDbEntity
  8
HALFEN
100
AcDbEllipse
 10
2596.16767358771
 20
2390.680895424249
 30
0.0
 11
2.740614999999933
 21
0.0
 31
0.0
210
0.0
220
0.0
230
-1.0
 40
0.91849852251193
 41
0.0
 42
6.283185307179586
  0
ELLIPSE
  5
3B8
330
2
100
AcDbEntity
  8
HALFEN
100
AcDbEllipse
 10
2596.16767358771
 20
2456.715393767701
 30
0.0
 11
2.740614999999933
 21
0.0
 31
0.0
210
0.0
220
0.0
230
1.0
 40
0.91849852251193
 41
0.0
 42
6.283185307179586
  0
LINE
  5
3B9
330
2
100
AcDbEntity
  8
HALFEN
100
AcDbLine
 10
2588.84323358771
 20
2495.829144595976
 30
0.0
 11
2593.42706358771
 21
2551.154844595976
 31
0.0
  0
ARC
  5
3BA
330
2
100
AcDbEntity
  8
HALFEN
100
AcDbCircle
 10
2578.87737358771
 20
2496.654844595975
 30
0.0
 40
15.5
100
AcDbArc
 50
184.7362
 51
355.2638
  0
LINE
  5
3BB
330
2
100
AcDbEntity
  8
HALFEN
100
AcDbLine
 10
2563.43030358771
 20
2495.375044595976
 30
0.0
 11
2558.84647358771
 21
2550.700744595975
 31
0.0
  0
LINE
  5
3BC
330
2
100
AcDbEntity
  8
HALFEN
100
AcDbLine
 10
2568.91151358771
 20
2495.829144595976
 30
0.0
 11
2564.32769358771
 21
2551.154844595976
 31
0.0
  0
ARC
  5
3BD
330
2
100
AcDbEntity
  8
HALFEN
100
AcDbCircle
 10
2578.87737358771
 20
2496.654844595975
 30
0.0
 40
10.0
100
AcDbArc
 50
184.7362
 51
355.2638
  0
LINE
  5
3BE
330
2
100
AcDbEntity
  8
HALFEN
100
AcDbLine
 10
2564.32768358771
 20
2551.154844595976
 30
0.0
 11
2558.84646358771
 21
2550.700744595975
 31
0.0
  0
LINE
  5
3BF
330
2
100
AcDbEntity
  8
HALFEN
100
AcDbLine
 10
2592.01858358771
 20
2534.154844595975
 30
0.0
 11
2565.73617358771
 21
2534.154844595975
 31
0.0
  0
LINE
  5
3C0
330
2
100
AcDbEntity
  8
HALFEN
100
AcDbLine
 10
2594.324443587709
 20
2495.375044595976
 30
0.0
 11
2598.90827358771
 21
2550.700744595975
 31
0.0
  0
LINE
  5
3C1
330
2
100
AcDbEntity
  8
HALFEN
100
AcDbLine
 10
2593.42706358771
 20
2551.154844595976
 30
0.0
 11
2598.90828358771
 21
2550.700744595975
 31
0.0
  0
ARC
  5
3D3
330
2
100
AcDbEntity
  8
HALFEN
100
AcDbCircle
 10
2728.87737358771
 20
2377.395619463742
 30
0.0
 40
78.72472347568647
100
AcDbArc
 50
77.31270616761488
 51
102.6872938323849
  0
ARC
  5
3D4
330
2
100
AcDbEntity
  8
HALFEN
100
AcDbCircle
 10
2728.87737358771
 20
2382.430121120289
 30
0.0
 40
78.72472347568647
100
AcDbArc
 50
77.31270616761488
 51
102.6872938323849
  0
ARC
  5
3D5
330
2
100
AcDbEntity
  8
HALFEN
100
AcDbCircle
 10
2728.87737358771
 20
2464.966168071662
 30
0.0
 40
78.72472347568647
100
AcDbArc
 50
257.312706167615
 51
282.6872938323851
  0
ARC
  5
3D6
330
2
100
AcDbEntity
  8
HALFEN
100
AcDbCircle
 10
2728.87737358771
 20
2470.00066972821
 30
0.0
 40
78.72472347568647
100
AcDbArc
 50
257.312706167615
 51
282.6872938323851
  0
ELLIPSE
  5
3D7
330
2
100
AcDbEntity
  8
HALFEN
100
AcDbEllipse
 10
2711.58707358771
 20
2390.680895424249
 30
0.0
 11
2.740614999999933
 21
0.0
 31
0.0
210
0.0
220
0.0
230
-1.0
 40
0.91849852251193
 41
0.0
 42
6.283185307179586
  0
ELLIPSE
  5
3D8
330
2
100
AcDbEntity
  8
HALFEN
100
AcDbEllipse
 10
2711.58707358771
 20
2456.715393767701
 30
0.0
 11
2.740614999999933
 21
0.0
 31
0.0
210
0.0
220
0.0
230
1.0
 40
0.91849852251193
 41
0.0
 42
6.283185307179586
  0
ELLIPSE
  5
3D9
330
2
100
AcDbEntity
  8
HALFEN
100
AcDbEllipse
 10
2746.16767358771
 20
2390.680895424249
 30
0.0
 11
2.740614999999933
 21
0.0
 31
0.0
210
0.0
220
0.0
230
-1.0
 40
0.91849852251193
 41
0.0
 42
6.283185307179586
  0
ELLIPSE
  5
3DA
330
2
100
AcDbEntity
  8
HALFEN
100
AcDbEllipse
 10
2746.16767358771
 20
2456.715393767701
 30
0.0
 11
2.740614999999933
 21
0.0
 31
0.0
210
0.0
220
0.0
230
1.0
 40
0.91849852251193
 41
0.0
 42
6.283185307179586
  0
LINE
  5
3DB
330
2
100
AcDbEntity
  8
HALFEN
100
AcDbLine
 10
2738.84323358771
 20
2495.829144595976
 30
0.0
 11
2743.42706358771
 21
2551.154844595976
 31
0.0
  0
ARC
  5
3DC
330
2
100
AcDbEntity
  8
HALFEN
100
AcDbCircle
 10
2728.87737358771
 20
2496.654844595975
 30
0.0
 40
15.5
100
AcDbArc
 50
184.7362
 51
355.2638
  0
LINE
  5
3DD
330
2
100
AcDbEntity
  8
HALFEN
100
AcDbLine
 10
2713.43030358771
 20
2495.375044595976
 30
0.0
 11
2708.84647358771
 21
2550.700744595975
 31
0.0
  0
LINE
  5
3DE
330
2
100
AcDbEntity
  8
HALFEN
100
AcDbLine
 10
2718.91151358771
 20
2495.829144595976
 30
0.0
 11
2714.327693587711
 21
2551.154844595976
 31
0.0
  0
ARC
  5
3DF
330
2
100
AcDbEntity
  8
HALFEN
100
AcDbCircle
 10
2728.87737358771
 20
2496.654844595975
 30
0.0
 40
10.0
100
AcDbArc
 50
184.7362
 51
355.2638
  0
LINE
  5
3E0
330
2
100
AcDbEntity
  8
HALFEN
100
AcDbLine
 10
2714.32768358771
 20
2551.154844595976
 30
0.0
 11
2708.84646358771
 21
2550.700744595975
 31
0.0
  0
LINE
  5
3E1
330
2
100
AcDbEntity
  8
HALFEN
100
AcDbLine
 10
2742.01858358771
 20
2534.154844595975
 30
0.0
 11
2715.73617358771
 21
2534.154844595975
 31
0.0
  0
LINE
  5
3E2
330
2
100
AcDbEntity
  8
HALFEN
100
AcDbLine
 10
2744.324443587709
 20
2495.375044595976
 30
0.0
 11
2748.90827358771
 21
2550.700744595975
 31
0.0
  0
LINE
  5
3E3
330
2
100
AcDbEntity
  8
HALFEN
100
AcDbLine
 10
2743.42706358771
 20
2551.154844595976
 30
0.0
 11
2748.90828358771
 21
2550.700744595975
 31
0.0
  0
ARC
  5
3F5
330
2
100
AcDbEntity
  8
HALFEN
100
AcDbCircle
 10
2878.87737358771
 20
2377.395619463742
 30
0.0
 40
78.72472347568647
100
AcDbArc
 50
77.31270616761488
 51
102.6872938323849
  0
ARC
  5
3F6
330
2
100
AcDbEntity
  8
HALFEN
100
AcDbCircle
 10
2878.87737358771
 20
2382.430121120289
 30
0.0
 40
78.72472347568647
100
AcDbArc
 50
77.31270616761488
 51
102.6872938323849
  0
ARC
  5
3F7
330
2
100
AcDbEntity
  8
HALFEN
100
AcDbCircle
 10
2878.87737358771
 20
2464.966168071662
 30
0.0
 40
78.72472347568647
100
AcDbArc
 50
257.312706167615
 51
282.6872938323851
  0
ARC
  5
3F8
330
2
100
AcDbEntity
  8
HALFEN
100
AcDbCircle
 10
2878.87737358771
 20
2470.00066972821
 30
0.0
 40
78.72472347568647
100
AcDbArc
 50
257.312706167615
 51
282.6872938323851
  0
ELLIPSE
  5
3F9
330
2
100
AcDbEntity
  8
HALFEN
100
AcDbEllipse
 10
2861.58707358771
 20
2390.680895424249
 30
0.0
 11
2.740614999999933
 21
0.0
 31
0.0
210
0.0
220
0.0
230
-1.0
 40
0.91849852251193
 41
0.0
 42
6.283185307179586
  0
ELLIPSE
  5
3FA
330
2
100
AcDbEntity
  8
HALFEN
100
AcDbEllipse
 10
2861.58707358771
 20
2456.715393767701
 30
0.0
 11
2.740614999999933
 21
0.0
 31
0.0
210
0.0
220
0.0
230
1.0
 40
0.91849852251193
 41
0.0
 42
6.283185307179586
  0
ELLIPSE
  5
3FB
330
2
100
AcDbEntity
  8
HALFEN
100
AcDbEllipse
 10
2896.16767358771
 20
2390.680895424249
 30
0.0
 11
2.740614999999933
 21
0.0
 31
0.0
210
0.0
220
0.0
230
-1.0
 40
0.91849852251193
 41
0.0
 42
6.283185307179586
  0
ELLIPSE
  5
3FC
330
2
100
AcDbEntity
  8
HALFEN
100
AcDbEllipse
 10
2896.16767358771
 20
2456.715393767701
 30
0.0
 11
2.740614999999933
 21
0.0
 31
0.0
210
0.0
220
0.0
230
1.0
 40
0.91849852251193
 41
0.0
 42
6.283185307179586
  0
LINE
  5
3FD
330
2
100
AcDbEntity
  8
HALFEN
100
AcDbLine
 10
2888.84323358771
 20
2495.829144595976
 30
0.0
 11
2893.42706358771
 21
2551.154844595976
 31
0.0
  0
ARC
  5
3FE
330
2
100
AcDbEntity
  8
HALFEN
100
AcDbCircle
 10
2878.87737358771
 20
2496.654844595975
 30
0.0
 40
15.5
100
AcDbArc
 50
184.7362
 51
355.2638
  0
LINE
  5
3FF
330
2
100
AcDbEntity
  8
HALFEN
100
AcDbLine
 10
2863.430303587711
 20
2495.375044595976
 30
0.0
 11
2858.84647358771
 21
2550.700744595975
 31
0.0
  0
LINE
  5
400
330
2
100
AcDbEntity
  8
HALFEN
100
AcDbLine
 10
2868.91151358771
 20
2495.829144595976
 30
0.0
 11
2864.327693587711
 21
2551.154844595976
 31
0.0
  0
ARC
  5
401
330
2
100
AcDbEntity
  8
HALFEN
100
AcDbCircle
 10
2878.87737358771
 20
2496.654844595975
 30
0.0
 40
10.0
100
AcDbArc
 50
184.7362
 51
355.2638
  0
LINE
  5
402
330
2
100
AcDbEntity
  8
HALFEN
100
AcDbLine
 10
2864.32768358771
 20
2551.154844595976
 30
0.0
 11
2858.84646358771
 21
2550.700744595975
 31
0.0
  0
LINE
  5
403
330
2
100
AcDbEntity
  8
HALFEN
100
AcDbLine
 10
2892.01858358771
 20
2534.154844595975
 30
0.0
 11
2865.73617358771
 21
2534.154844595975
 31
0.0
  0
LINE
  5
404
330
2
100
AcDbEntity
  8
HALFEN
100
AcDbLine
 10
2894.32444358771
 20
2495.375044595976
 30
0.0
 11
2898.90827358771
 21
2550.700744595975
 31
0.0
  0
LINE
  5
405
330
2
100
AcDbEntity
  8
HALFEN
100
AcDbLine
 10
2893.42706358771
 20
2551.154844595976
 30
0.0
 11
2898.90828358771
 21
2550.700744595975
 31
0.0
  0
ARC
  5
417
330
2
100
AcDbEntity
  8
HALFEN
100
AcDbCircle
 10
3028.87737358771
 20
2377.395619463742
 30
0.0
 40
78.72472347568647
100
AcDbArc
 50
77.31270616761488
 51
102.6872938323849
  0
ARC
  5
418
330
2
100
AcDbEntity
  8
HALFEN
100
AcDbCircle
 10
3028.87737358771
 20
2382.430121120289
 30
0.0
 40
78.72472347568647
100
AcDbArc
 50
77.31270616761488
 51
102.6872938323849
  0
ARC
  5
419
330
2
100
AcDbEntity
  8
HALFEN
100
AcDbCircle
 10
3028.87737358771
 20
2464.966168071662
 30
0.0
 40
78.72472347568647
100
AcDbArc
 50
257.312706167615
 51
282.6872938323851
  0
ARC
  5
41A
330
2
100
AcDbEntity
  8
HALFEN
100
AcDbCircle
 10
3028.87737358771
 20
2470.00066972821
 30
0.0
 40
78.72472347568647
100
AcDbArc
 50
257.312706167615
 51
282.6872938323851
  0
ELLIPSE
  5
41B
330
2
100
AcDbEntity
  8
HALFEN
100
AcDbEllipse
 10
3011.58707358771
 20
2390.680895424249
 30
0.0
 11
2.740614999999933
 21
0.0
 31
0.0
210
0.0
220
0.0
230
-1.0
 40
0.91849852251193
 41
0.0
 42
6.283185307179586
  0
ELLIPSE
  5
41C
330
2
100
AcDbEntity
  8
HALFEN
100
AcDbEllipse
 10
3011.58707358771
 20
2456.715393767701
 30
0.0
 11
2.740614999999933
 21
0.0
 31
0.0
210
0.0
220
0.0
230
1.0
 40
0.91849852251193
 41
0.0
 42
6.283185307179586
  0
ELLIPSE
  5
41D
330
2
100
AcDbEntity
  8
HALFEN
100
AcDbEllipse
 10
3046.16767358771
 20
2390.680895424249
 30
0.0
 11
2.740614999999933
 21
0.0
 31
0.0
210
0.0
220
0.0
230
-1.0
 40
0.91849852251193
 41
0.0
 42
6.283185307179586
  0
ELLIPSE
  5
41E
330
2
100
AcDbEntity
  8
HALFEN
100
AcDbEllipse
 10
3046.16767358771
 20
2456.715393767701
 30
0.0
 11
2.740614999999933
 21
0.0
 31
0.0
210
0.0
220
0.0
230
1.0
 40
0.91849852251193
 41
0.0
 42
6.283185307179586
  0
LINE
  5
41F
330
2
100
AcDbEntity
  8
HALFEN
100
AcDbLine
 10
3038.84323358771
 20
2495.829144595976
 30
0.0
 11
3043.42706358771
 21
2551.154844595976
 31
0.0
  0
ARC
  5
420
330
2
100
AcDbEntity
  8
HALFEN
100
AcDbCircle
 10
3028.87737358771
 20
2496.654844595975
 30
0.0
 40
15.5
100
AcDbArc
 50
184.7362
 51
355.2638
  0
LINE
  5
421
330
2
100
AcDbEntity
  8
HALFEN
100
AcDbLine
 10
3013.430303587711
 20
2495.375044595976
 30
0.0
 11
3008.84647358771
 21
2550.700744595975
 31
0.0
  0
LINE
  5
422
330
2
100
AcDbEntity
  8
HALFEN
100
AcDbLine
 10
3018.91151358771
 20
2495.829144595976
 30
0.0
 11
3014.327693587711
 21
2551.154844595976
 31
0.0
  0
ARC
  5
423
330
2
100
AcDbEntity
  8
HALFEN
100
AcDbCircle
 10
3028.87737358771
 20
2496.654844595975
 30
0.0
 40
10.0
100
AcDbArc
 50
184.7362
 51
355.2638
  0
LINE
  5
424
330
2
100
AcDbEntity
  8
HALFEN
100
AcDbLine
 10
3014.32768358771
 20
2551.154844595976
 30
0.0
 11
3008.84646358771
 21
2550.700744595975
 31
0.0
  0
LINE
  5
425
330
2
100
AcDbEntity
  8
HALFEN
100
AcDbLine
 10
3042.01858358771
 20
2534.154844595975
 30
0.0
 11
3015.73617358771
 21
2534.154844595975
 31
0.0
  0
LINE
  5
426
330
2
100
AcDbEntity
  8
HALFEN
100
AcDbLine
 10
3044.32444358771
 20
2495.375044595976
 30
0.0
 11
3048.90827358771
 21
2550.700744595975
 31
0.0
  0
LINE
  5
427
330
2
100
AcDbEntity
  8
HALFEN
100
AcDbLine
 10
3043.42706358771
 20
2551.154844595976
 30
0.0
 11
3048.90828358771
 21
2550.700744595975
 31
0.0
  0
ARC
  5
439
330
2
100
AcDbEntity
  8
HALFEN
100
AcDbCircle
 10
3178.87737358771
 20
2377.395619463742
 30
0.0
 40
78.72472347568647
100
AcDbArc
 50
77.31270616761488
 51
102.6872938323849
  0
ARC
  5
43A
330
2
100
AcDbEntity
  8
HALFEN
100
AcDbCircle
 10
3178.87737358771
 20
2382.430121120289
 30
0.0
 40
78.72472347568647
100
AcDbArc
 50
77.31270616761488
 51
102.6872938323849
  0
ARC
  5
43B
330
2
100
AcDbEntity
  8
HALFEN
100
AcDbCircle
 10
3178.87737358771
 20
2464.966168071662
 30
0.0
 40
78.72472347568647
100
AcDbArc
 50
257.312706167615
 51
282.6872938323851
  0
ARC
  5
43C
330
2
100
AcDbEntity
  8
HALFEN
100
AcDbCircle
 10
3178.87737358771
 20
2470.00066972821
 30
0.0
 40
78.72472347568647
100
AcDbArc
 50
257.312706167615
 51
282.6872938323851
  0
ELLIPSE
  5
43D
330
2
100
AcDbEntity
  8
HALFEN
100
AcDbEllipse
 10
3161.58707358771
 20
2390.680895424249
 30
0.0
 11
2.740614999999933
 21
0.0
 31
0.0
210
0.0
220
0.0
230
-1.0
 40
0.91849852251193
 41
0.0
 42
6.283185307179586
  0
ELLIPSE
  5
43E
330
2
100
AcDbEntity
  8
HALFEN
100
AcDbEllipse
 10
3161.58707358771
 20
2456.715393767701
 30
0.0
 11
2.740614999999933
 21
0.0
 31
0.0
210
0.0
220
0.0
230
1.0
 40
0.91849852251193
 41
0.0
 42
6.283185307179586
  0
ELLIPSE
  5
43F
330
2
100
AcDbEntity
  8
HALFEN
100
AcDbEllipse
 10
3196.16767358771
 20
2390.680895424249
 30
0.0
 11
2.740614999999933
 21
0.0
 31
0.0
210
0.0
220
0.0
230
-1.0
 40
0.91849852251193
 41
0.0
 42
6.283185307179586
  0
ELLIPSE
  5
440
330
2
100
AcDbEntity
  8
HALFEN
100
AcDbEllipse
 10
3196.16767358771
 20
2456.715393767701
 30
0.0
 11
2.740614999999933
 21
0.0
 31
0.0
210
0.0
220
0.0
230
1.0
 40
0.91849852251193
 41
0.0
 42
6.283185307179586
  0
LINE
  5
441
330
2
100
AcDbEntity
  8
HALFEN
100
AcDbLine
 10
3188.84323358771
 20
2495.829144595976
 30
0.0
 11
3193.42706358771
 21
2551.154844595976
 31
0.0
  0
ARC
  5
442
330
2
100
AcDbEntity
  8
HALFEN
100
AcDbCircle
 10
3178.87737358771
 20
2496.654844595975
 30
0.0
 40
15.5
100
AcDbArc
 50
184.7362
 51
355.2638
  0
LINE
  5
443
330
2
100
AcDbEntity
  8
HALFEN
100
AcDbLine
 10
3163.43030358771
 20
2495.375044595976
 30
0.0
 11
3158.84647358771
 21
2550.700744595975
 31
0.0
  0
LINE
  5
444
330
2
100
AcDbEntity
  8
HALFEN
100
AcDbLine
 10
3168.911513587711
 20
2495.829144595976
 30
0.0
 11
3164.32769358771
 21
2551.154844595976
 31
0.0
  0
ARC
  5
445
330
2
100
AcDbEntity
  8
HALFEN
100
AcDbCircle
 10
3178.87737358771
 20
2496.654844595975
 30
0.0
 40
10.0
100
AcDbArc
 50
184.7362
 51
355.2638
  0
LINE
  5
446
330
2
100
AcDbEntity
  8
HALFEN
100
AcDbLine
 10
3164.32768358771
 20
2551.154844595976
 30
0.0
 11
3158.84646358771
 21
2550.700744595975
 31
0.0
  0
LINE
  5
447
330
2
100
AcDbEntity
  8
HALFEN
100
AcDbLine
 10
3192.018583587711
 20
2534.154844595975
 30
0.0
 11
3165.73617358771
 21
2534.154844595975
 31
0.0
  0
LINE
  5
448
330
2
100
AcDbEntity
  8
HALFEN
100
AcDbLine
 10
3194.32444358771
 20
2495.375044595976
 30
0.0
 11
3198.90827358771
 21
2550.700744595975
 31
0.0
  0
LINE
  5
449
330
2
100
AcDbEntity
  8
HALFEN
100
AcDbLine
 10
3193.42706358771
 20
2551.154844595976
 30
0.0
 11
3198.90828358771
 21
2550.700744595975
 31
0.0
  0
ARC
  5
45B
330
2
100
AcDbEntity
  8
HALFEN
100
AcDbCircle
 10
3328.87737358771
 20
2377.395619463742
 30
0.0
 40
78.72472347568647
100
AcDbArc
 50
77.31270616761488
 51
102.6872938323849
  0
ARC
  5
45C
330
2
100
AcDbEntity
  8
HALFEN
100
AcDbCircle
 10
3328.87737358771
 20
2382.430121120289
 30
0.0
 40
78.72472347568647
100
AcDbArc
 50
77.31270616761488
 51
102.6872938323849
  0
ARC
  5
45D
330
2
100
AcDbEntity
  8
HALFEN
100
AcDbCircle
 10
3328.87737358771
 20
2464.966168071662
 30
0.0
 40
78.72472347568647
100
AcDbArc
 50
257.312706167615
 51
282.6872938323851
  0
ARC
  5
45E
330
2
100
AcDbEntity
  8
HALFEN
100
AcDbCircle
 10
3328.87737358771
 20
2470.00066972821
 30
0.0
 40
78.72472347568647
100
AcDbArc
 50
257.312706167615
 51
282.6872938323851
  0
ELLIPSE
  5
45F
330
2
100
AcDbEntity
  8
HALFEN
100
AcDbEllipse
 10
3311.587073587709
 20
2390.680895424249
 30
0.0
 11
2.740614999999933
 21
0.0
 31
0.0
210
0.0
220
0.0
230
-1.0
 40
0.91849852251193
 41
0.0
 42
6.283185307179586
  0
ELLIPSE
  5
460
330
2
100
AcDbEntity
  8
HALFEN
100
AcDbEllipse
 10
3311.587073587709
 20
2456.715393767701
 30
0.0
 11
2.740614999999933
 21
0.0
 31
0.0
210
0.0
220
0.0
230
1.0
 40
0.91849852251193
 41
0.0
 42
6.283185307179586
  0
ELLIPSE
  5
461
330
2
100
AcDbEntity
  8
HALFEN
100
AcDbEllipse
 10
3346.16767358771
 20
2390.680895424249
 30
0.0
 11
2.740614999999933
 21
0.0
 31
0.0
210
0.0
220
0.0
230
-1.0
 40
0.91849852251193
 41
0.0
 42
6.283185307179586
  0
ELLIPSE
  5
462
330
2
100
AcDbEntity
  8
HALFEN
100
AcDbEllipse
 10
3346.16767358771
 20
2456.715393767701
 30
0.0
 11
2.740614999999933
 21
0.0
 31
0.0
210
0.0
220
0.0
230
1.0
 40
0.91849852251193
 41
0.0
 42
6.283185307179586
  0
LINE
  5
463
330
2
100
AcDbEntity
  8
HALFEN
100
AcDbLine
 10
3338.84323358771
 20
2495.829144595976
 30
0.0
 11
3343.42706358771
 21
2551.154844595976
 31
0.0
  0
ARC
  5
464
330
2
100
AcDbEntity
  8
HALFEN
100
AcDbCircle
 10
3328.87737358771
 20
2496.654844595975
 30
0.0
 40
15.5
100
AcDbArc
 50
184.7362
 51
355.2638
  0
LINE
  5
465
330
2
100
AcDbEntity
  8
HALFEN
100
AcDbLine
 10
3313.43030358771
 20
2495.375044595976
 30
0.0
 11
3308.84647358771
 21
2550.700744595975
 31
0.0
  0
LINE
  5
466
330
2
100
AcDbEntity
  8
HALFEN
100
AcDbLine
 10
3318.91151358771
 20
2495.829144595976
 30
0.0
 11
3314.32769358771
 21
2551.154844595976
 31
0.0
  0
ARC
  5
467
330
2
100
AcDbEntity
  8
HALFEN
100
AcDbCircle
 10
3328.87737358771
 20
2496.654844595975
 30
0.0
 40
10.0
100
AcDbArc
 50
184.7362
 51
355.2638
  0
LINE
  5
468
330
2
100
AcDbEntity
  8
HALFEN
100
AcDbLine
 10
3314.32768358771
 20
2551.154844595976
 30
0.0
 11
3308.84646358771
 21
2550.700744595975
 31
0.0
  0
LINE
  5
469
330
2
100
AcDbEntity
  8
HALFEN
100
AcDbLine
 10
3344.32444358771
 20
2495.375044595976
 30
0.0
 11
3348.90827358771
 21
2550.700744595975
 31
0.0
  0
LINE
  5
46A
330
2
100
AcDbEntity
  8
HALFEN
100
AcDbLine
 10
3343.42706358771
 20
2551.154844595976
 30
0.0
 11
3348.90828358771
 21
2550.700744595975
 31
0.0
  0
ARC
  5
47C
330
2
100
AcDbEntity
  8
HALFEN
100
AcDbCircle
 10
3478.87737358771
 20
2377.395619463742
 30
0.0
 40
78.72472347568647
100
AcDbArc
 50
77.31270616761488
 51
102.6872938323849
  0
ARC
  5
47D
330
2
100
AcDbEntity
  8
HALFEN
100
AcDbCircle
 10
3478.87737358771
 20
2382.430121120289
 30
0.0
 40
78.72472347568647
100
AcDbArc
 50
77.31270616761488
 51
102.6872938323849
  0
ARC
  5
47E
330
2
100
AcDbEntity
  8
HALFEN
100
AcDbCircle
 10
3478.87737358771
 20
2464.966168071662
 30
0.0
 40
78.72472347568647
100
AcDbArc
 50
257.312706167615
 51
282.6872938323851
  0
ARC
  5
47F
330
2
100
AcDbEntity
  8
HALFEN
100
AcDbCircle
 10
3478.87737358771
 20
2470.00066972821
 30
0.0
 40
78.72472347568647
100
AcDbArc
 50
257.312706167615
 51
282.6872938323851
  0
ELLIPSE
  5
480
330
2
100
AcDbEntity
  8
HALFEN
100
AcDbEllipse
 10
3461.58707358771
 20
2390.680895424249
 30
0.0
 11
2.740614999999933
 21
0.0
 31
0.0
210
0.0
220
0.0
230
-1.0
 40
0.91849852251193
 41
0.0
 42
6.283185307179586
  0
ELLIPSE
  5
481
330
2
100
AcDbEntity
  8
HALFEN
100
AcDbEllipse
 10
3461.58707358771
 20
2456.715393767701
 30
0.0
 11
2.740614999999933
 21
0.0
 31
0.0
210
0.0
220
0.0
230
1.0
 40
0.91849852251193
 41
0.0
 42
6.283185307179586
  0
ELLIPSE
  5
482
330
2
100
AcDbEntity
  8
HALFEN
100
AcDbEllipse
 10
3496.16767358771
 20
2390.680895424249
 30
0.0
 11
2.740614999999933
 21
0.0
 31
0.0
210
0.0
220
0.0
230
-1.0
 40
0.91849852251193
 41
0.0
 42
6.283185307179586
  0
ELLIPSE
  5
483
330
2
100
AcDbEntity
  8
HALFEN
100
AcDbEllipse
 10
3496.16767358771
 20
2456.715393767701
 30
0.0
 11
2.740614999999933
 21
0.0
 31
0.0
210
0.0
220
0.0
230
1.0
 40
0.91849852251193
 41
0.0
 42
6.283185307179586
  0
LINE
  5
484
330
2
100
AcDbEntity
  8
HALFEN
100
AcDbLine
 10
3488.84323358771
 20
2495.829144595976
 30
0.0
 11
3493.427063587711
 21
2551.154844595976
 31
0.0
  0
ARC
  5
485
330
2
100
AcDbEntity
  8
HALFEN
100
AcDbCircle
 10
3478.87737358771
 20
2496.654844595975
 30
0.0
 40
15.5
100
AcDbArc
 50
184.7362
 51
355.2638
  0
LINE
  5
486
330
2
100
AcDbEntity
  8
HALFEN
100
AcDbLine
 10
3463.43030358771
 20
2495.375044595976
 30
0.0
 11
3458.84647358771
 21
2550.700744595975
 31
0.0
  0
LINE
  5
487
330
2
100
AcDbEntity
  8
HALFEN
100
AcDbLine
 10
3468.91151358771
 20
2495.829144595976
 30
0.0
 11
3464.327693587711
 21
2551.154844595976
 31
0.0
  0
ARC
  5
488
330
2
100
AcDbEntity
  8
HALFEN
100
AcDbCircle
 10
3478.87737358771
 20
2496.654844595975
 30
0.0
 40
10.0
100
AcDbArc
 50
184.7362
 51
355.2638
  0
LINE
  5
489
330
2
100
AcDbEntity
  8
HALFEN
100
AcDbLine
 10
3464.32768358771
 20
2551.154844595976
 30
0.0
 11
3458.84646358771
 21
2550.700744595975
 31
0.0
  0
LINE
  5
48A
330
2
100
AcDbEntity
  8
HALFEN
100
AcDbLine
 10
3492.01858358771
 20
2534.154844595975
 30
0.0
 11
3465.73617358771
 21
2534.154844595975
 31
0.0
  0
LINE
  5
48B
330
2
100
AcDbEntity
  8
HALFEN
100
AcDbLine
 10
3494.32444358771
 20
2495.375044595976
 30
0.0
 11
3498.90827358771
 21
2550.700744595975
 31
0.0
  0
LINE
  5
48C
330
2
100
AcDbEntity
  8
HALFEN
100
AcDbLine
 10
3493.427063587711
 20
2551.154844595976
 30
0.0
 11
3498.90828358771
 21
2550.700744595975
 31
0.0
  0
ARC
  5
49E
330
2
100
AcDbEntity
  8
HALFEN
100
AcDbCircle
 10
3628.87737358771
 20
2377.395619463742
 30
0.0
 40
78.72472347568647
100
AcDbArc
 50
77.31270616761488
 51
102.6872938323849
  0
ARC
  5
49F
330
2
100
AcDbEntity
  8
HALFEN
100
AcDbCircle
 10
3628.87737358771
 20
2382.430121120289
 30
0.0
 40
78.72472347568647
100
AcDbArc
 50
77.31270616761488
 51
102.6872938323849
  0
ARC
  5
4A0
330
2
100
AcDbEntity
  8
HALFEN
100
AcDbCircle
 10
3628.87737358771
 20
2464.966168071662
 30
0.0
 40
78.72472347568647
100
AcDbArc
 50
257.312706167615
 51
282.6872938323851
  0
ARC
  5
4A1
330
2
100
AcDbEntity
  8
HALFEN
100
AcDbCircle
 10
3628.87737358771
 20
2470.00066972821
 30
0.0
 40
78.72472347568647
100
AcDbArc
 50
257.312706167615
 51
282.6872938323851
  0
ELLIPSE
  5
4A2
330
2
100
AcDbEntity
  8
HALFEN
100
AcDbEllipse
 10
3611.58707358771
 20
2390.680895424249
 30
0.0
 11
2.740614999999933
 21
0.0
 31
0.0
210
0.0
220
0.0
230
-1.0
 40
0.91849852251193
 41
0.0
 42
6.283185307179586
  0
ELLIPSE
  5
4A3
330
2
100
AcDbEntity
  8
HALFEN
100
AcDbEllipse
 10
3611.58707358771
 20
2456.715393767701
 30
0.0
 11
2.740614999999933
 21
0.0
 31
0.0
210
0.0
220
0.0
230
1.0
 40
0.91849852251193
 41
0.0
 42
6.283185307179586
  0
ELLIPSE
  5
4A4
330
2
100
AcDbEntity
  8
HALFEN
100
AcDbEllipse
 10
3646.16767358771
 20
2390.680895424249
 30
0.0
 11
2.740614999999933
 21
0.0
 31
0.0
210
0.0
220
0.0
230
-1.0
 40
0.91849852251193
 41
0.0
 42
6.283185307179586
  0
ELLIPSE
  5
4A5
330
2
100
AcDbEntity
  8
HALFEN
100
AcDbEllipse
 10
3646.16767358771
 20
2456.715393767701
 30
0.0
 11
2.740614999999933
 21
0.0
 31
0.0
210
0.0
220
0.0
230
1.0
 40
0.91849852251193
 41
0.0
 42
6.283185307179586
  0
LINE
  5
4A6
330
2
100
AcDbEntity
  8
HALFEN
100
AcDbLine
 10
3638.84323358771
 20
2495.829144595976
 30
0.0
 11
3643.427063587711
 21
2551.154844595976
 31
0.0
  0
ARC
  5
4A7
330
2
100
AcDbEntity
  8
HALFEN
100
AcDbCircle
 10
3628.87737358771
 20
2496.654844595975
 30
0.0
 40
15.5
100
AcDbArc
 50
184.7362
 51
355.2638
  0
LINE
  5
4A8
330
2
100
AcDbEntity
  8
HALFEN
100
AcDbLine
 10
3613.430303587711
 20
2495.375044595976
 30
0.0
 11
3608.84647358771
 21
2550.700744595975
 31
0.0
  0
LINE
  5
4A9
330
2
100
AcDbEntity
  8
HALFEN
100
AcDbLine
 10
3618.91151358771
 20
2495.829144595976
 30
0.0
 11
3614.327693587711
 21
2551.154844595976
 31
0.0
  0
ARC
  5
4AA
330
2
100
AcDbEntity
  8
HALFEN
100
AcDbCircle
 10
3628.87737358771
 20
2496.654844595975
 30
0.0
 40
10.0
100
AcDbArc
 50
184.7362
 51
355.2638
  0
LINE
  5
4AB
330
2
100
AcDbEntity
  8
HALFEN
100
AcDbLine
 10
3614.32768358771
 20
2551.154844595976
 30
0.0
 11
3608.84646358771
 21
2550.700744595975
 31
0.0
  0
LINE
  5
4AC
330
2
100
AcDbEntity
  8
HALFEN
100
AcDbLine
 10
3642.01858358771
 20
2534.154844595975
 30
0.0
 11
3615.73617358771
 21
2534.154844595975
 31
0.0
  0
LINE
  5
4AD
330
2
100
AcDbEntity
  8
HALFEN
100
AcDbLine
 10
3644.32444358771
 20
2495.375044595976
 30
0.0
 11
3648.90827358771
 21
2550.700744595975
 31
0.0
  0
LINE
  5
4AE
330
2
100
AcDbEntity
  8
HALFEN
100
AcDbLine
 10
3643.427063587711
 20
2551.154844595976
 30
0.0
 11
3648.90828358771
 21
2550.700744595975
 31
0.0
  0
ARC
  5
4C0
330
2
100
AcDbEntity
  8
HALFEN
100
AcDbCircle
 10
3778.87737358771
 20
2377.395619463742
 30
0.0
 40
78.72472347568647
100
AcDbArc
 50
77.31270616761488
 51
102.6872938323849
  0
ARC
  5
4C1
330
2
100
AcDbEntity
  8
HALFEN
100
AcDbCircle
 10
3778.87737358771
 20
2382.430121120289
 30
0.0
 40
78.72472347568647
100
AcDbArc
 50
77.31270616761488
 51
102.6872938323849
  0
ARC
  5
4C2
330
2
100
AcDbEntity
  8
HALFEN
100
AcDbCircle
 10
3778.87737358771
 20
2464.966168071662
 30
0.0
 40
78.72472347568647
100
AcDbArc
 50
257.312706167615
 51
282.6872938323851
  0
ARC
  5
4C3
330
2
100
AcDbEntity
  8
HALFEN
100
AcDbCircle
 10
3778.87737358771
 20
2470.00066972821
 30
0.0
 40
78.72472347568647
100
AcDbArc
 50
257.312706167615
 51
282.6872938323851
  0
ELLIPSE
  5
4C4
330
2
100
AcDbEntity
  8
HALFEN
100
AcDbEllipse
 10
3761.58707358771
 20
2390.680895424249
 30
0.0
 11
2.740614999999933
 21
0.0
 31
0.0
210
0.0
220
0.0
230
-1.0
 40
0.91849852251193
 41
0.0
 42
6.283185307179586
  0
ELLIPSE
  5
4C5
330
2
100
AcDbEntity
  8
HALFEN
100
AcDbEllipse
 10
3761.58707358771
 20
2456.715393767701
 30
0.0
 11
2.740614999999933
 21
0.0
 31
0.0
210
0.0
220
0.0
230
1.0
 40
0.91849852251193
 41
0.0
 42
6.283185307179586
  0
ELLIPSE
  5
4C6
330
2
100
AcDbEntity
  8
HALFEN
100
AcDbEllipse
 10
3796.16767358771
 20
2390.680895424249
 30
0.0
 11
2.740614999999933
 21
0.0
 31
0.0
210
0.0
220
0.0
230
-1.0
 40
0.91849852251193
 41
0.0
 42
6.283185307179586
  0
ELLIPSE
  5
4C7
330
2
100
AcDbEntity
  8
HALFEN
100
AcDbEllipse
 10
3796.16767358771
 20
2456.715393767701
 30
0.0
 11
2.740614999999933
 21
0.0
 31
0.0
210
0.0
220
0.0
230
1.0
 40
0.91849852251193
 41
0.0
 42
6.283185307179586
  0
LINE
  5
4C8
330
2
100
AcDbEntity
  8
HALFEN
100
AcDbLine
 10
3788.84323358771
 20
2495.829144595976
 30
0.0
 11
3793.42706358771
 21
2551.154844595976
 31
0.0
  0
ARC
  5
4C9
330
2
100
AcDbEntity
  8
HALFEN
100
AcDbCircle
 10
3778.87737358771
 20
2496.654844595975
 30
0.0
 40
15.5
100
AcDbArc
 50
184.7362
 51
355.2638
  0
LINE
  5
4CA
330
2
100
AcDbEntity
  8
HALFEN
100
AcDbLine
 10
3763.430303587711
 20
2495.375044595976
 30
0.0
 11
3758.84647358771
 21
2550.700744595975
 31
0.0
  0
LINE
  5
4CB
330
2
100
AcDbEntity
  8
HALFEN
100
AcDbLine
 10
3768.91151358771
 20
2495.829144595976
 30
0.0
 11
3764.327693587711
 21
2551.154844595976
 31
0.0
  0
ARC
  5
4CC
330
2
100
AcDbEntity
  8
HALFEN
100
AcDbCircle
 10
3778.87737358771
 20
2496.654844595975
 30
0.0
 40
10.0
100
AcDbArc
 50
184.7362
 51
355.2638
  0
LINE
  5
4CD
330
2
100
AcDbEntity
  8
HALFEN
100
AcDbLine
 10
3764.32768358771
 20
2551.154844595976
 30
0.0
 11
3758.846463587711
 21
2550.700744595975
 31
0.0
  0
LINE
  5
4CE
330
2
100
AcDbEntity
  8
HALFEN
100
AcDbLine
 10
3792.01858358771
 20
2534.154844595975
 30
0.0
 11
3765.73617358771
 21
2534.154844595975
 31
0.0
  0
LINE
  5
4CF
330
2
100
AcDbEntity
  8
HALFEN
100
AcDbLine
 10
3794.32444358771
 20
2495.375044595976
 30
0.0
 11
3798.90827358771
 21
2550.700744595975
 31
0.0
  0
LINE
  5
4D0
330
2
100
AcDbEntity
  8
HALFEN
100
AcDbLine
 10
3793.42706358771
 20
2551.154844595976
 30
0.0
 11
3798.90828358771
 21
2550.700744595975
 31
0.0
  0
ARC
  5
4E2
330
2
100
AcDbEntity
  8
HALFEN
100
AcDbCircle
 10
3928.87737358771
 20
2377.395619463742
 30
0.0
 40
78.72472347568647
100
AcDbArc
 50
77.31270616761488
 51
102.6872938323849
  0
ARC
  5
4E3
330
2
100
AcDbEntity
  8
HALFEN
100
AcDbCircle
 10
3928.87737358771
 20
2382.430121120289
 30
0.0
 40
78.72472347568647
100
AcDbArc
 50
77.31270616761488
 51
102.6872938323849
  0
ARC
  5
4E4
330
2
100
AcDbEntity
  8
HALFEN
100
AcDbCircle
 10
3928.87737358771
 20
2464.966168071662
 30
0.0
 40
78.72472347568647
100
AcDbArc
 50
257.312706167615
 51
282.6872938323851
  0
ARC
  5
4E5
330
2
100
AcDbEntity
  8
HALFEN
100
AcDbCircle
 10
3928.87737358771
 20
2470.00066972821
 30
0.0
 40
78.72472347568647
100
AcDbArc
 50
257.312706167615
 51
282.6872938323851
  0
ELLIPSE
  5
4E6
330
2
100
AcDbEntity
  8
HALFEN
100
AcDbEllipse
 10
3911.58707358771
 20
2390.680895424249
 30
0.0
 11
2.740614999999933
 21
0.0
 31
0.0
210
0.0
220
0.0
230
-1.0
 40
0.91849852251193
 41
0.0
 42
6.283185307179586
  0
ELLIPSE
  5
4E7
330
2
100
AcDbEntity
  8
HALFEN
100
AcDbEllipse
 10
3911.58707358771
 20
2456.715393767701
 30
0.0
 11
2.740614999999933
 21
0.0
 31
0.0
210
0.0
220
0.0
230
1.0
 40
0.91849852251193
 41
0.0
 42
6.283185307179586
  0
ELLIPSE
  5
4E8
330
2
100
AcDbEntity
  8
HALFEN
100
AcDbEllipse
 10
3946.16767358771
 20
2390.680895424249
 30
0.0
 11
2.740614999999933
 21
0.0
 31
0.0
210
0.0
220
0.0
230
-1.0
 40
0.91849852251193
 41
0.0
 42
6.283185307179586
  0
ELLIPSE
  5
4E9
330
2
100
AcDbEntity
  8
HALFEN
100
AcDbEllipse
 10
3946.16767358771
 20
2456.715393767701
 30
0.0
 11
2.740614999999933
 21
0.0
 31
0.0
210
0.0
220
0.0
230
1.0
 40
0.91849852251193
 41
0.0
 42
6.283185307179586
  0
LINE
  5
4EA
330
2
100
AcDbEntity
  8
HALFEN
100
AcDbLine
 10
3938.84323358771
 20
2495.829144595976
 30
0.0
 11
3943.427063587711
 21
2551.154844595976
 31
0.0
  0
ARC
  5
4EB
330
2
100
AcDbEntity
  8
HALFEN
100
AcDbCircle
 10
3928.87737358771
 20
2496.654844595975
 30
0.0
 40
15.5
100
AcDbArc
 50
184.7362
 51
355.2638
  0
LINE
  5
4EC
330
2
100
AcDbEntity
  8
HALFEN
100
AcDbLine
 10
3913.430303587711
 20
2495.375044595976
 30
0.0
 11
3908.84647358771
 21
2550.700744595975
 31
0.0
  0
LINE
  5
4ED
330
2
100
AcDbEntity
  8
HALFEN
100
AcDbLine
 10
3918.91151358771
 20
2495.829144595976
 30
0.0
 11
3914.32769358771
 21
2551.154844595976
 31
0.0
  0
ARC
  5
4EE
330
2
100
AcDbEntity
  8
HALFEN
100
AcDbCircle
 10
3928.87737358771
 20
2496.654844595975
 30
0.0
 40
10.0
100
AcDbArc
 50
184.7362
 51
355.2638
  0
LINE
  5
4EF
330
2
100
AcDbEntity
  8
HALFEN
100
AcDbLine
 10
3914.32768358771
 20
2551.154844595976
 30
0.0
 11
3908.84646358771
 21
2550.700744595975
 31
0.0
  0
LINE
  5
4F0
330
2
100
AcDbEntity
  8
HALFEN
100
AcDbLine
 10
3942.01858358771
 20
2534.154844595975
 30
0.0
 11
3915.73617358771
 21
2534.154844595975
 31
0.0
  0
LINE
  5
4F1
330
2
100
AcDbEntity
  8
HALFEN
100
AcDbLine
 10
3944.32444358771
 20
2495.375044595976
 30
0.0
 11
3948.90827358771
 21
2550.700744595975
 31
0.0
  0
LINE
  5
4F2
330
2
100
AcDbEntity
  8
HALFEN
100
AcDbLine
 10
3943.427063587711
 20
2551.154844595976
 30
0.0
 11
3948.90828358771
 21
2550.700744595975
 31
0.0
  0
ARC
  5
504
330
2
100
AcDbEntity
  8
HALFEN
100
AcDbCircle
 10
4078.877373587709
 20
2377.395619463742
 30
0.0
 40
78.72472347568647
100
AcDbArc
 50
77.31270616761488
 51
102.6872938323849
  0
ARC
  5
505
330
2
100
AcDbEntity
  8
HALFEN
100
AcDbCircle
 10
4078.877373587709
 20
2382.430121120289
 30
0.0
 40
78.72472347568647
100
AcDbArc
 50
77.31270616761488
 51
102.6872938323849
  0
ARC
  5
506
330
2
100
AcDbEntity
  8
HALFEN
100
AcDbCircle
 10
4078.877373587709
 20
2464.966168071662
 30
0.0
 40
78.72472347568647
100
AcDbArc
 50
257.312706167615
 51
282.6872938323851
  0
ARC
  5
507
330
2
100
AcDbEntity
  8
HALFEN
100
AcDbCircle
 10
4078.877373587709
 20
2470.00066972821
 30
0.0
 40
78.72472347568647
100
AcDbArc
 50
257.312706167615
 51
282.6872938323851
  0
ELLIPSE
  5
508
330
2
100
AcDbEntity
  8
HALFEN
100
AcDbEllipse
 10
4061.587073587709
 20
2390.680895424249
 30
0.0
 11
2.740614999999933
 21
0.0
 31
0.0
210
0.0
220
0.0
230
-1.0
 40
0.91849852251193
 41
0.0
 42
6.283185307179586
  0
ELLIPSE
  5
509
330
2
100
AcDbEntity
  8
HALFEN
100
AcDbEllipse
 10
4061.587073587709
 20
2456.715393767701
 30
0.0
 11
2.740614999999933
 21
0.0
 31
0.0
210
0.0
220
0.0
230
1.0
 40
0.91849852251193
 41
0.0
 42
6.283185307179586
  0
ELLIPSE
  5
50A
330
2
100
AcDbEntity
  8
HALFEN
100
AcDbEllipse
 10
4096.16767358771
 20
2390.680895424249
 30
0.0
 11
2.740614999999933
 21
0.0
 31
0.0
210
0.0
220
0.0
230
-1.0
 40
0.91849852251193
 41
0.0
 42
6.283185307179586
  0
ELLIPSE
  5
50B
330
2
100
AcDbEntity
  8
HALFEN
100
AcDbEllipse
 10
4096.16767358771
 20
2456.715393767701
 30
0.0
 11
2.740614999999933
 21
0.0
 31
0.0
210
0.0
220
0.0
230
1.0
 40
0.91849852251193
 41
0.0
 42
6.283185307179586
  0
LINE
  5
50C
330
2
100
AcDbEntity
  8
HALFEN
100
AcDbLine
 10
4088.843233587709
 20
2495.829144595976
 30
0.0
 11
4093.42706358771
 21
2551.154844595976
 31
0.0
  0
ARC
  5
50D
330
2
100
AcDbEntity
  8
HALFEN
100
AcDbCircle
 10
4078.877373587709
 20
2496.654844595975
 30
0.0
 40
15.5
100
AcDbArc
 50
184.7362
 51
355.2638
  0
LINE
  5
50E
330
2
100
AcDbEntity
  8
HALFEN
100
AcDbLine
 10
4063.43030358771
 20
2495.375044595976
 30
0.0
 11
4058.846473587709
 21
2550.700744595975
 31
0.0
  0
LINE
  5
50F
330
2
100
AcDbEntity
  8
HALFEN
100
AcDbLine
 10
4068.91151358771
 20
2495.829144595976
 30
0.0
 11
4064.32769358771
 21
2551.154844595976
 31
0.0
  0
ARC
  5
510
330
2
100
AcDbEntity
  8
HALFEN
100
AcDbCircle
 10
4078.877373587709
 20
2496.654844595975
 30
0.0
 40
10.0
100
AcDbArc
 50
184.7362
 51
355.2638
  0
LINE
  5
511
330
2
100
AcDbEntity
  8
HALFEN
100
AcDbLine
 10
4064.327683587709
 20
2551.154844595976
 30
0.0
 11
4058.84646358771
 21
2550.700744595975
 31
0.0
  0
LINE
  5
512
330
2
100
AcDbEntity
  8
HALFEN
100
AcDbLine
 10
4092.01858358771
 20
2534.154844595975
 30
0.0
 11
4065.736173587709
 21
2534.154844595975
 31
0.0
  0
LINE
  5
513
330
2
100
AcDbEntity
  8
HALFEN
100
AcDbLine
 10
4094.324443587709
 20
2495.375044595976
 30
0.0
 11
4098.908273587709
 21
2550.700744595975
 31
0.0
  0
LINE
  5
514
330
2
100
AcDbEntity
  8
HALFEN
100
AcDbLine
 10
4093.42706358771
 20
2551.154844595976
 30
0.0
 11
4098.90828358771
 21
2550.700744595975
 31
0.0
  0
LINE
  5
526
330
2
100
AcDbEntity
  8
HALFEN
100
AcDbLine
 10
1360.21733003954
 20
2534.154844595976
 30
0.0
 11
1247.53742358771
 21
2534.154844595975
 31
0.0
  0
LINE
  5
527
330
2
100
AcDbEntity
  8
HALFEN
100
AcDbLine
 10
1510.217330039539
 20
2534.154844595975
 30
0.0
 11
1397.53741713588
 21
2534.154844595976
 31
0.0
  0
LINE
  5
528
330
2
100
AcDbEntity
  8
HALFEN
100
AcDbLine
 10
1660.21733003954
 20
2534.154844595976
 30
0.0
 11
1547.53741713588
 21
2534.154844595976
 31
0.0
  0
LINE
  5
529
330
2
100
AcDbEntity
  8
HALFEN
100
AcDbLine
 10
1810.21733003954
 20
2534.154844595975
 30
0.0
 11
1697.53741713588
 21
2534.154844595976
 31
0.0
  0
LINE
  5
52A
330
2
100
AcDbEntity
  8
HALFEN
100
AcDbLine
 10
1960.217330039539
 20
2534.154844595975
 30
0.0
 11
1847.53741713588
 21
2534.154844595975
 31
0.0
  0
LINE
  5
52B
330
2
100
AcDbEntity
  8
HALFEN
100
AcDbLine
 10
2110.21733003954
 20
2534.154844595975
 30
0.0
 11
1997.53741713588
 21
2534.154844595975
 31
0.0
  0
LINE
  5
52C
330
2
100
AcDbEntity
  8
HALFEN
100
AcDbLine
 10
2260.21733003954
 20
2534.154844595975
 30
0.0
 11
2147.537417135881
 21
2534.154844595975
 31
0.0
  0
LINE
  5
52D
330
2
100
AcDbEntity
  8
HALFEN
100
AcDbLine
 10
2410.21733003954
 20
2534.154844595975
 30
0.0
 11
2297.53741713588
 21
2534.154844595975
 31
0.0
  0
LINE
  5
52E
330
2
100
AcDbEntity
  8
HALFEN
100
AcDbLine
 10
2560.217330039539
 20
2534.154844595975
 30
0.0
 11
2447.53741713588
 21
2534.154844595975
 31
0.0
  0
LINE
  5
52F
330
2
100
AcDbEntity
  8
HALFEN
100
AcDbLine
 10
2710.217330039539
 20
2534.154844595975
 30
0.0
 11
2597.53741713588
 21
2534.154844595975
 31
0.0
  0
LINE
  5
530
330
2
100
AcDbEntity
  8
HALFEN
100
AcDbLine
 10
2860.217330039539
 20
2534.154844595975
 30
0.0
 11
2747.53741713588
 21
2534.154844595975
 31
0.0
  0
LINE
  5
531
330
2
100
AcDbEntity
  8
HALFEN
100
AcDbLine
 10
3010.21733003954
 20
2534.154844595974
 30
0.0
 11
2897.53741713588
 21
2534.154844595974
 31
0.0
  0
LINE
  5
532
330
2
100
AcDbEntity
  8
HALFEN
100
AcDbLine
 10
3160.21733003954
 20
2534.154844595975
 30
0.0
 11
3047.537417135881
 21
2534.154844595975
 31
0.0
  0
LINE
  5
533
330
2
100
AcDbEntity
  8
HALFEN
100
AcDbLine
 10
3310.217330039539
 20
2534.154844595975
 30
0.0
 11
3197.53741713588
 21
2534.154844595975
 31
0.0
  0
LINE
  5
534
330
2
100
AcDbEntity
  8
HALFEN
100
AcDbLine
 10
3342.018584164947
 20
2534.154844595975
 30
0.0
 11
3315.736169937762
 21
2534.154844595975
 31
0.0
  0
LINE
  5
535
330
2
100
AcDbEntity
  8
HALFEN
100
AcDbLine
 10
3460.217330039539
 20
2534.154844595975
 30
0.0
 11
3347.537417135881
 21
2534.154844595975
 31
0.0
  0
LINE
  5
536
330
2
100
AcDbEntity
  8
HALFEN
100
AcDbLine
 10
3610.217330039539
 20
2534.154844595975
 30
0.0
 11
3497.53741713588
 21
2534.154844595975
 31
0.0
  0
LINE
  5
537
330
2
100
AcDbEntity
  8
HALFEN
100
AcDbLine
 10
3760.21733003954
 20
2534.154844595975
 30
0.0
 11
3647.53741713588
 21
2534.154844595975
 31
0.0
  0
LINE
  5
538
330
2
100
AcDbEntity
  8
HALFEN
100
AcDbLine
 10
3910.217330039539
 20
2534.154844595975
 30
0.0
 11
3797.53741713588
 21
2534.154844595975
 31
0.0
  0
LINE
  5
539
330
2
100
AcDbEntity
  8
HALFEN
100
AcDbLine
 10
4060.217330039539
 20
2534.154844595975
 30
0.0
 11
3947.53741713588
 21
2534.154844595975
 31
0.0
  0
LINE
  5
54D
330
2
100
AcDbEntity
  8
HALFEN
 62
     1
100
AcDbLine
 10
1068.92067358771
 20
2794.068244595974
 30
0.0
 11
1123.92067358771
 21
2794.068244595975
 31
0.0
  0
LINE
  5
54E
330
2
100
AcDbEntity
  8
HALFEN
100
AcDbLine
 10
1123.92067358771
 20
2794.068244595975
 30
0.0
 11
1126.920671931162
 21
2794.068244595975
 31
0.0
  0
LINE
  5
54F
330
2
100
AcDbEntity
  8
HALFEN
 62
     1
100
AcDbLine
 10
1068.92067358771
 20
2534.154844595975
 30
0.0
 11
1123.92067358771
 21
2534.154844595975
 31
0.0
  0
LINE
  5
550
330
2
100
AcDbEntity
  8
HALFEN
100
AcDbLine
 10
1123.92067358771
 20
2534.154844595975
 30
0.0
 11
1126.920671931162
 21
2534.154844595975
 31
0.0
  0
TEXT
  5
745
330
2
100
AcDbEntity
  8
HALFEN
100
AcDbText
 10
1108.96397358771
 20
3133.941242939426
 30
0.0
 40
5.0
  1
HTU 60/22/3 - AN3 - FV - 3000 - SF
  7
ARIAL50
100
AcDbText
  0
TEXT
  5
746
330
2
100
AcDbEntity
  8
HALFEN
100
AcDbText
 10
1108.96397358771
 20
3115.941242939426
 30
0.0
 40
5.0
  1
0015.010-00002
  7
ARIAL50
100
AcDbText
  0
TEXT
  5
747
330
2
100
AcDbEntity
  8
HALFEN
100
AcDbText
 10
1108.96397358771
 20
3393.314241282876
 30
0.0
 40
5.0
  1
0015.010-00001
  7
ARIAL50
100
AcDbText
  0
TEXT
  5
748
330
2
100
AcDbEntity
  8
HALFEN
100
AcDbText
 10
1108.96397358771
 20
3411.314241282877
 30
0.0
 40
5.0
  1
HTU 60/22/3 - AN2 - FV - 3000 - SF
  7
ARIAL50
100
AcDbText
  0
LINE
  5
749
330
2
100
AcDbEntity
  8
HALFEN
100
AcDbLine
 10
1053.96397358771
 20
3418.814241282877
 30
0.0
 11
1223.96397358771
 21
3418.814241282877
 31
0.0
  0
LINE
  5
74A
330
2
100
AcDbEntity
  8
HALFEN
100
AcDbLine
 10
1053.96397358771
 20
3400.814241282877
 30
0.0
 11
1223.96397358771
 21
3400.814241282877
 31
0.0
  0
LINE
  5
74B
330
2
100
AcDbEntity
  8
HALFEN
100
AcDbLine
 10
1053.96397358771
 20
3390.814241282877
 30
0.0
 11
1223.96397358771
 21
3390.814241282877
 31
0.0
  0
LINE
  5
74C
330
2
100
AcDbEntity
  8
HALFEN
100
AcDbLine
 10
1053.96397358771
 20
3113.441242939426
 30
0.0
 11
1223.96397358771
 21
3113.441242939426
 31
0.0
  0
LINE
  5
74D
330
2
100
AcDbEntity
  8
HALFEN
100
AcDbLine
 10
1053.96397358771
 20
3123.441242939426
 30
0.0
 11
1223.96397358771
 21
3123.441242939426
 31
0.0
  0
LINE
  5
74E
330
2
100
AcDbEntity
  8
HALFEN
100
AcDbLine
 10
1053.96397358771
 20
3141.441242939426
 30
0.0
 11
1223.96397358771
 21
3141.441242939426
 31
0.0
  0
LINE
  5
74F
330
2
100
AcDbEntity
  8
HALFEN
100
AcDbLine
 10
1103.96397358771
 20
3113.441242939426
 30
0.0
 11
1103.96397358771
 21
3141.441242939426
 31
0.0
  0
LINE
  5
750
330
2
100
AcDbEntity
  8
HALFEN
100
AcDbLine
 10
1053.96397358771
 20
3113.441242939426
 30
0.0
 11
1053.96397358771
 21
3141.441242939426
 31
0.0
  0
TEXT
  5
751
330
2
100
AcDbEntity
  8
HALFEN
100
AcDbText
 10
1058.96397358771
 20
3115.941242939426
 30
0.0
 40
5.0
  1
Id. Nr.
  7
ARIAL50
100
AcDbText
  0
TEXT
  5
752
330
2
100
AcDbEntity
  8
HALFEN
100
AcDbText
 10
1058.96397358771
 20
3133.941242939426
 30
0.0
 40
5.0
  1
Benennung
  7
ARIAL50
100
AcDbText
  0
TEXT
  5
753
330
2
100
AcDbEntity
  8
HALFEN
100
AcDbText
 10
1053.96397358771
 20
3143.941242939426
 30
0.0
 40
5.0
  1
fv
  7
ARIAL50
100
AcDbText
  0
TEXT
  5
754
330
2
100
AcDbEntity
  8
HALFEN
100
AcDbText
 10
1058.96397358771
 20
3393.314241282876
 30
0.0
 40
5.0
  1
Id. Nr.
  7
ARIAL50
100
AcDbText
  0
TEXT
  5
755
330
2
100
AcDbEntity
  8
HALFEN
100
AcDbText
 10
1058.96397358771
 20
3411.314241282877
 30
0.0
 40
5.0
  1
Benennung
  7
ARIAL50
100
AcDbText
  0
TEXT
  5
756
330
2
100
AcDbEntity
  8
HALFEN
100
AcDbText
 10
1053.96397358771
 20
3421.314241282877
 30
0.0
 40
5.0
  1
fv
  7
ARIAL50
100
AcDbText
  0
LINE
  5
757
330
2
100
AcDbEntity
  8
HALFEN
100
AcDbLine
 10
1053.96397358771
 20
3390.814241282877
 30
0.0
 11
1053.96397358771
 21
3418.814241282877
 31
0.0
  0
LINE
  5
758
330
2
100
AcDbEntity
  8
HALFEN
100
AcDbLine
 10
1103.96397358771
 20
3390.814241282877
 30
0.0
 11
1103.96397358771
 21
3418.814241282877
 31
0.0
  0
LINE
  5
759
330
2
100
AcDbEntity
  8
HALFEN
100
AcDbLine
 10
1118.64134958771
 20
3339.402541282877
 30
0.0
 11
1104.80264958771
 21
3339.402541282877
 31
0.0
  0
LINE
  5
75A
330
2
100
AcDbEntity
  8
HALFEN
100
AcDbLine
 10
1103.80264958771
 20
3346.402541282877
 30
0.0
 11
1118.801419641196
 21
3346.402541282877
 31
0.0
  0
LINE
  5
75B
330
2
100
AcDbEntity
  8
HALFEN
100
AcDbLine
 10
1060.862348361784
 20
3348.812541282877
 30
0.0
 11
1063.785720967953
 21
3348.812541282877
 31
0.0
  0
LINE
  5
75C
330
2
100
AcDbEntity
  8
HALFEN
100
AcDbLine
 10
1117.302651517368
 20
3367.814241282876
 30
0.0
 11
1065.30264958771
 21
3367.814241282876
 31
0.0
  0
LINE
  5
75D
330
2
100
AcDbEntity
  8
HALFEN
100
AcDbLine
 10
1117.30266958771
 20
3370.814241282876
 30
0.0
 11
1065.302629587709
 21
3370.814241282876
 31
0.0
  0
LINE
  5
75E
330
2
100
AcDbEntity
  8
HALFEN
100
AcDbLine
 10
1243.96397358771
 20
3113.441242939426
 30
0.0
 11
1418.96397358771
 21
3113.441242939426
 31
0.0
  0
LINE
  5
75F
330
2
100
AcDbEntity
  8
HALFEN
100
AcDbLine
 10
1243.96397358771
 20
3123.441242939426
 30
0.0
 11
1418.96397358771
 21
3123.441242939426
 31
0.0
  0
LINE
  5
760
330
2
100
AcDbEntity
  8
HALFEN
100
AcDbLine
 10
1243.96397358771
 20
3141.441242939426
 30
0.0
 11
1418.96397358771
 21
3141.441242939426
 31
0.0
  0
TEXT
  5
761
330
2
100
AcDbEntity
  8
HALFEN
100
AcDbText
 10
1298.96397358771
 20
3133.941242939426
 30
0.0
 40
5.0
  1
HTU 60/22/3 - AN3 - A4 - 3000 - SF
  7
ARIAL50
100
AcDbText
  0
TEXT
  5
762
330
2
100
AcDbEntity
  8
HALFEN
100
AcDbText
 10
1298.96397358771
 20
3411.314241282877
 30
0.0
 40
5.0
  1
HTU 60/22/3 - AN2 - A4 - 3000 - SF
  7
ARIAL50
100
AcDbText
  0
LINE
  5
763
330
2
100
AcDbEntity
  8
HALFEN
100
AcDbLine
 10
1243.96397358771
 20
3390.814241282877
 30
0.0
 11
1418.96397358771
 21
3390.814241282877
 31
0.0
  0
LINE
  5
764
330
2
100
AcDbEntity
  8
HALFEN
100
AcDbLine
 10
1243.96397358771
 20
3400.814241282877
 30
0.0
 11
1418.96397358771
 21
3400.814241282877
 31
0.0
  0
LINE
  5
765
330
2
100
AcDbEntity
  8
HALFEN
100
AcDbLine
 10
1243.96397358771
 20
3418.814241282877
 30
0.0
 11
1418.96397358771
 21
3418.814241282877
 31
0.0
  0
TEXT
  5
766
330
2
100
AcDbEntity
  8
HALFEN
100
AcDbText
 10
1248.96397358771
 20
3115.941242939426
 30
0.0
 40
5.0
  1
Id. Nr.
  7
ARIAL50
100
AcDbText
  0
TEXT
  5
767
330
2
100
AcDbEntity
  8
HALFEN
100
AcDbText
 10
1243.96397358771
 20
3143.941242939426
 30
0.0
 40
5.0
  1
A4
  7
ARIAL50
100
AcDbText
  0
TEXT
  5
768
330
2
100
AcDbEntity
  8
HALFEN
100
AcDbText
 10
1248.96397358771
 20
3133.941242939426
 30
0.0
 40
5.0
  1
Benennung
  7
ARIAL50
100
AcDbText
  0
LINE
  5
769
330
2
100
AcDbEntity
  8
HALFEN
100
AcDbLine
 10
1243.96397358771
 20
3113.441242939426
 30
0.0
 11
1243.96397358771
 21
3141.441242939426
 31
0.0
  0
LINE
  5
76A
330
2
100
AcDbEntity
  8
HALFEN
100
AcDbLine
 10
1223.96397358771
 20
3113.441242939426
 30
0.0
 11
1223.96397358771
 21
3141.441242939426
 31
0.0
  0
LINE
  5
76B
330
2
100
AcDbEntity
  8
HALFEN
100
AcDbLine
 10
1148.87736858771
 20
3250.814241282878
 30
0.0
 11
1148.877368587709
 21
3189.814244595974
 31
0.0
  0
LINE
  5
76C
330
2
100
AcDbEntity
  8
HALFEN
100
AcDbLine
 10
1220.14134958771
 20
3365.360141282876
 30
0.0
 11
1220.14134958771
 21
3274.314241282877
 31
0.0
  0
LINE
  5
76D
330
2
100
AcDbEntity
  8
HALFEN
100
AcDbLine
 10
1227.14134958771
 20
3365.360141282876
 30
0.0
 11
1227.14134958771
 21
3274.314241282877
 31
0.0
  0
ARC
  5
76E
330
2
100
AcDbEntity
  8
HALFEN
100
AcDbCircle
 10
1223.64134958771
 20
3274.314241282877
 30
0.0
 40
3.5
100
AcDbArc
 50
180.0
 51
0.0
  0
ARC
  5
76F
330
2
100
AcDbEntity
  8
HALFEN
100
AcDbCircle
 10
1223.64134958771
 20
3342.995541932733
 30
0.0
 40
3.5
100
AcDbArc
 50
180.0
 51
0.0
  0
LINE
  5
770
330
2
100
AcDbEntity
  8
HALFEN
100
AcDbLine
 10
1220.14134958771
 20
3365.360141282876
 30
0.0
 11
1227.14134958771
 21
3365.360141282876
 31
0.0
  0
TEXT
  5
771
330
2
100
AcDbEntity
  8
HALFEN
100
AcDbText
 10
1298.96397358771
 20
3115.941242939426
 30
0.0
 40
5.0
  1
0015.010-00052
  7
ARIAL50
100
AcDbText
  0
LINE
  5
772
330
2
100
AcDbEntity
  8
HALFEN
100
AcDbLine
 10
1293.96397358771
 20
3113.441242939426
 30
0.0
 11
1293.96397358771
 21
3141.441242939426
 31
0.0
  0
ARC
  5
773
330
2
100
AcDbEntity
  8
HALFEN
100
AcDbCircle
 10
1063.96394958771
 20
3349.402541282876
 30
0.0
 40
9.999976
100
AcDbArc
 50
178.3599999999932
 51
270.0
  0
LINE
  5
774
330
2
100
AcDbEntity
  8
HALFEN
100
AcDbLine
 10
1054.42964958771
 20
3365.814241282877
 30
0.0
 11
1061.42964958771
 21
3365.814241282877
 31
0.0
  0
LINE
  5
775
330
2
100
AcDbEntity
  8
HALFEN
100
AcDbLine
 10
1054.42964958771
 20
3365.814241282877
 30
0.0
 11
1053.96804958771
 21
3349.688741282876
 31
0.0
  0
LINE
  5
776
330
2
100
AcDbEntity
  8
HALFEN
100
AcDbLine
 10
1099.81434958771
 20
3334.060241282877
 30
0.0
 11
1103.27444958771
 21
3283.635741282877
 31
0.0
  0
LINE
  5
777
330
2
100
AcDbEntity
  8
HALFEN
100
AcDbLine
 10
1079.33084958771
 20
3283.635741282877
 30
0.0
 11
1082.790949587709
 21
3334.060241282877
 31
0.0
  0
LINE
  5
778
330
2
100
AcDbEntity
  8
HALFEN
100
AcDbLine
 10
1092.82648958771
 20
3334.678741282876
 30
0.0
 11
1096.29180958771
 21
3282.143241282876
 31
0.0
  0
LINE
  5
779
330
2
100
AcDbEntity
  8
HALFEN
100
AcDbLine
 10
1089.77880958771
 20
3334.678741282876
 30
0.0
 11
1086.31348958771
 21
3282.143241282876
 31
0.0
  0
ARC
  5
77A
330
2
100
AcDbEntity
  8
HALFEN
100
AcDbCircle
 10
1091.30264958771
 20
3282.814241282877
 30
0.0
 40
12.0
100
AcDbArc
 50
176.0746000000026
 51
3.925445999992919
  0
ARC
  5
77B
330
2
100
AcDbEntity
  8
HALFEN
100
AcDbCircle
 10
1091.30264958771
 20
3281.814241282877
 30
0.0
 40
5.0
100
AcDbArc
 50
176.2261999999987
 51
3.77377300001071
  0
ARC
  5
77C
330
2
100
AcDbEntity
  8
HALFEN
100
AcDbCircle
 10
1078.80264958771
 20
3335.402541282876
 30
0.0
 40
11.0
100
AcDbArc
 50
356.2261660000022
 51
90.0
  0
ARC
  5
77D
330
2
100
AcDbEntity
  8
HALFEN
100
AcDbCircle
 10
1065.302629587709
 20
3366.814241282876
 30
0.0
 40
4.0
100
AcDbArc
 50
90.0
 51
178.3601000000044
  0
LINE
  5
77E
330
2
100
AcDbEntity
  8
HALFEN
100
AcDbLine
 10
1063.96394958771
 20
3339.402541282877
 30
0.0
 11
1077.802649587709
 21
3339.402541282877
 31
0.0
  0
LINE
  5
77F
330
2
100
AcDbEntity
  8
HALFEN
100
AcDbLine
 10
1063.803749534282
 20
3346.402541282877
 30
0.0
 11
1078.80264958771
 21
3346.402541282877
 31
0.0
  0
ARC
  5
780
330
2
100
AcDbEntity
  8
HALFEN
100
AcDbCircle
 10
1065.30264958771
 20
3366.814241282876
 30
0.0
 40
1.0
100
AcDbArc
 50
90.0
 51
178.3561000000127
  0
LINE
  5
781
330
2
100
AcDbEntity
  8
HALFEN
100
AcDbLine
 10
1063.785720967953
 20
3348.812541282877
 30
0.0
 11
1064.30305958771
 21
3366.842941282877
 31
0.0
  0
LINE
  5
782
330
2
100
AcDbEntity
  8
HALFEN
100
AcDbLine
 10
1061.30426958771
 20
3366.928741282877
 30
0.0
 11
1060.804978167447
 21
3349.488391672821
 31
0.0
  0
ARC
  5
783
330
2
100
AcDbEntity
  8
HALFEN
100
AcDbCircle
 10
1077.802649587709
 20
3334.402541282877
 30
0.0
 40
5.0
100
AcDbArc
 50
356.0746459999954
 51
90.0
  0
ARC
  5
784
330
2
100
AcDbEntity
  8
HALFEN
100
AcDbCircle
 10
1103.80264958771
 20
3335.402541282876
 30
0.0
 40
11.0
100
AcDbArc
 50
90.0
 51
183.7738000000012
  0
ARC
  5
785
330
2
100
AcDbEntity
  8
HALFEN
100
AcDbCircle
 10
1104.80264958771
 20
3334.402541282877
 30
0.0
 40
5.0
100
AcDbArc
 50
90.0
 51
183.9253999999974
  0
TEXT
  5
786
330
2
100
AcDbEntity
  8
HALFEN
100
AcDbText
 10
1248.96397358771
 20
3411.314241282877
 30
0.0
 40
5.0
  1
Benennung
  7
ARIAL50
100
AcDbText
  0
TEXT
  5
787
330
2
100
AcDbEntity
  8
HALFEN
100
AcDbText
 10
1248.96397358771
 20
3393.314241282876
 30
0.0
 40
5.0
  1
Id. Nr.
  7
ARIAL50
100
AcDbText
  0
TEXT
  5
788
330
2
100
AcDbEntity
  8
HALFEN
100
AcDbText
 10
1243.96397358771
 20
3421.314241282877
 30
0.0
 40
5.0
  1
A4
  7
ARIAL50
100
AcDbText
  0
LINE
  5
789
330
2
100
AcDbEntity
  8
HALFEN
100
AcDbLine
 10
4148.641349587711
 20
3348.814241282877
 30
0.0
 11
4077.14134958771
 21
3348.814241282877
 31
0.0
  0
LINE
  5
78A
330
2
100
AcDbEntity
  8
HALFEN
100
AcDbLine
 10
1148.64134958771
 20
3348.814241282877
 30
0.0
 11
1148.64134958771
 21
3370.814241282876
 31
0.0
  0
LINE
  5
78B
330
2
100
AcDbEntity
  8
HALFEN
100
AcDbLine
 10
1223.96397358771
 20
3390.814241282877
 30
0.0
 11
1223.96397358771
 21
3418.814241282877
 31
0.0
  0
LINE
  5
78C
330
2
100
AcDbEntity
  8
HALFEN
100
AcDbLine
 10
1243.96397358771
 20
3390.814241282877
 30
0.0
 11
1243.96397358771
 21
3418.814241282877
 31
0.0
  0
TEXT
  5
78D
330
2
100
AcDbEntity
  8
HALFEN
100
AcDbText
 10
1298.96397358771
 20
3393.314241282876
 30
0.0
 40
5.0
  1
0015.010-00051
  7
ARIAL50
100
AcDbText
  0
LINE
  5
78E
330
2
100
AcDbEntity
  8
HALFEN
100
AcDbLine
 10
1293.96397358771
 20
3390.814241282877
 30
0.0
 11
1293.96397358771
 21
3418.814241282877
 31
0.0
  0
LINE
  5
78F
330
2
100
AcDbEntity
  8
HALFEN
100
AcDbLine
 10
1418.96397358771
 20
3113.441242939426
 30
0.0
 11
1418.96397358771
 21
3141.441242939426
 31
0.0
  0
ARC
  5
790
330
2
100
AcDbEntity
  8
HALFEN
100
AcDbCircle
 10
1117.30266958771
 20
3366.814241282876
 30
0.0
 40
4.0
100
AcDbArc
 50
1.639903999998044
 51
90.0
  0
ARC
  5
791
330
2
100
AcDbEntity
  8
HALFEN
100
AcDbCircle
 10
1118.64134958771
 20
3349.402541282876
 30
0.0
 40
10.0
100
AcDbArc
 50
270.0
 51
1.639899999995556
  0
LINE
  5
792
330
2
100
AcDbEntity
  8
HALFEN
100
AcDbLine
 10
1128.17564958771
 20
3365.814241282877
 30
0.0
 11
1121.17564958771
 21
3365.814241282877
 31
0.0
  0
LINE
  5
793
330
2
100
AcDbEntity
  8
HALFEN
100
AcDbLine
 10
1118.819578207466
 20
3348.812541282875
 30
0.0
 11
1118.3022401394
 21
3366.842922055241
 31
0.0
  0
LINE
  5
794
330
2
100
AcDbEntity
  8
HALFEN
100
AcDbLine
 10
1121.30435958771
 20
3366.807141282877
 30
0.0
 11
1121.800190902884
 21
3349.488395345519
 31
0.0
  0
LINE
  5
795
330
2
100
AcDbEntity
  8
HALFEN
100
AcDbLine
 10
1128.17564958771
 20
3365.814241282877
 30
0.0
 11
1128.63734958771
 21
3349.688741282876
 31
0.0
  0
LINE
  5
796
330
2
100
AcDbEntity
  8
HALFEN
100
AcDbLine
 10
1418.96397358771
 20
3390.814241282877
 30
0.0
 11
1418.96397358771
 21
3418.814241282877
 31
0.0
  0
ARC
  5
797
330
2
100
AcDbEntity
  8
HALFEN
100
AcDbCircle
 10
1117.302651517368
 20
3366.814241282876
 30
0.0
 40
1.0
100
AcDbArc
 50
1.643512584138515
 51
90.0
  0
LINE
  5
798
330
2
100
AcDbEntity
  8
HALFEN
 62
     1
100
AcDbLine
 10
1063.785720967953
 20
3348.812541282877
 30
0.0
 11
1118.819578207466
 21
3348.812541282875
 31
0.0
  0
LINE
  5
799
330
2
100
AcDbEntity
  8
HALFEN
100
AcDbLine
 10
1118.819578207466
 20
3348.812541282875
 30
0.0
 11
1121.742830867122
 21
3348.812541282877
 31
0.0
  0
LINE
  5
79A
330
2
100
AcDbEntity
  8
HALFEN
100
AcDbLine
 10
1148.64134958771
 20
3370.814241282876
 30
0.0
 11
4148.641349587709
 21
3370.814241282877
 31
0.0
  0
ARC
  5
79B
330
2
100
AcDbEntity
  8
HALFEN
100
AcDbCircle
 10
1063.803749534282
 20
3349.402541282876
 30
0.0
 40
3.0
100
AcDbArc
 50
178.3601544595762
 51
270.0
  0
ARC
  5
79C
330
2
100
AcDbEntity
  8
HALFEN
100
AcDbCircle
 10
1118.801419641196
 20
3349.402541282876
 30
0.0
 40
3.0
100
AcDbArc
 50
270.0
 51
1.639915712525839
  0
LINE
  5
79D
330
2
100
AcDbEntity
  8
HALFEN
100
AcDbLine
 10
1148.87736858771
 20
3250.814241282878
 30
0.0
 11
4148.87736858771
 21
3250.814241282878
 31
0.0
  0
LINE
  5
79E
330
2
100
AcDbEntity
  8
HALFEN
100
AcDbLine
 10
1148.877368587709
 20
3189.814244595974
 30
0.0
 11
4148.87736858771
 21
3189.814244595965
 31
0.0
  0
CIRCLE
  5
79F
330
2
100
AcDbEntity
  8
HALFEN
100
AcDbCircle
 10
1223.64134958771
 20
3254.000742111152
 30
0.0
 40
3.186500828273892
  0
LINE
  5
7A0
330
2
100
AcDbEntity
  8
HALFEN
100
AcDbLine
 10
1226.827850415984
 20
3254.000742111152
 30
0.0
 11
1226.827850415984
 21
3250.814241282878
 31
0.0
  0
LINE
  5
7A1
330
2
100
AcDbEntity
  8
HALFEN
100
AcDbLine
 10
1220.454848759436
 20
3254.000742111152
 30
0.0
 11
1220.454848759436
 21
3250.814241282878
 31
0.0
  0
LINE
  5
7A2
330
2
100
AcDbEntity
  8
HALFEN
100
AcDbLine
 10
1220.454848759436
 20
3186.627743767699
 30
0.0
 11
1220.454848759436
 21
3189.814244595974
 31
0.0
  0
LINE
  5
7A3
330
2
100
AcDbEntity
  8
HALFEN
100
AcDbLine
 10
1226.827850415984
 20
3186.627743767699
 30
0.0
 11
1226.827850415984
 21
3189.814244595974
 31
0.0
  0
CIRCLE
  5
7A4
330
2
100
AcDbEntity
  8
HALFEN
100
AcDbCircle
 10
1223.64134958771
 20
3186.627743767699
 30
0.0
 40
3.186500828273892
  0
LINE
  5
7A5
330
2
100
AcDbEntity
  8
HALFEN
100
AcDbLine
 10
1148.87736858771
 20
2912.441246252523
 30
0.0
 11
4148.87736858771
 21
2912.441246252515
 31
0.0
  0
LINE
  5
7A6
330
2
100
AcDbEntity
  8
HALFEN
100
AcDbLine
 10
1148.87736858771
 20
2973.441242939427
 30
0.0
 11
4148.87736858771
 21
2973.441242939427
 31
0.0
  0
LINE
  5
7A7
330
2
100
AcDbEntity
  8
HALFEN
100
AcDbLine
 10
1148.64134958771
 20
3093.441242939426
 30
0.0
 11
4148.641349587711
 21
3093.441242939426
 31
0.0
  0
ARC
  5
7A8
330
2
100
AcDbEntity
  8
HALFEN
100
AcDbCircle
 10
1118.64134958771
 20
3072.029542939425
 30
0.0
 40
10.0
100
AcDbArc
 50
270.0
 51
1.639899999995556
  0
ARC
  5
7A9
330
2
100
AcDbEntity
  8
HALFEN
100
AcDbCircle
 10
1104.80264958771
 20
3057.029542939426
 30
0.0
 40
5.0
100
AcDbArc
 50
90.0
 51
183.9253999999974
  0
ARC
  5
7AA
330
2
100
AcDbEntity
  8
HALFEN
100
AcDbCircle
 10
1103.80264958771
 20
3058.029542939426
 30
0.0
 40
11.0
100
AcDbArc
 50
90.0
 51
183.7738000000012
  0
ARC
  5
7AB
330
2
100
AcDbEntity
  8
HALFEN
100
AcDbCircle
 10
1077.80264958771
 20
3057.029542939426
 30
0.0
 40
5.0
100
AcDbArc
 50
356.0746459999954
 51
90.0
  0
ARC
  5
7AC
330
2
100
AcDbEntity
  8
HALFEN
100
AcDbCircle
 10
1078.80264958771
 20
3058.029542939426
 30
0.0
 40
11.0
100
AcDbArc
 50
356.2261660000022
 51
90.0
  0
ARC
  5
7AD
330
2
100
AcDbEntity
  8
HALFEN
100
AcDbCircle
 10
1063.96394958771
 20
3072.029542939425
 30
0.0
 40
9.999976
100
AcDbArc
 50
178.3599999999932
 51
270.0
  0
ARC
  5
7AE
330
2
100
AcDbEntity
  8
HALFEN
100
AcDbCircle
 10
1091.30264958771
 20
3004.441242939426
 30
0.0
 40
5.0
100
AcDbArc
 50
176.2261999999987
 51
3.77377300001071
  0
ARC
  5
7AF
330
2
100
AcDbEntity
  8
HALFEN
100
AcDbCircle
 10
1091.30264958771
 20
3005.441242939426
 30
0.0
 40
12.0
100
AcDbArc
 50
176.0746000000026
 51
3.925445999992919
  0
LINE
  5
7B0
330
2
100
AcDbEntity
  8
HALFEN
100
AcDbLine
 10
1092.82648958771
 20
3057.305742939425
 30
0.0
 11
1096.29180958771
 21
3004.770242939426
 31
0.0
  0
LINE
  5
7B1
330
2
100
AcDbEntity
  8
HALFEN
100
AcDbLine
 10
1089.77880958771
 20
3057.305742939425
 30
0.0
 11
1086.31348958771
 21
3004.770242939426
 31
0.0
  0
LINE
  5
7B2
330
2
100
AcDbEntity
  8
HALFEN
100
AcDbLine
 10
1079.33084958771
 20
3006.262742939426
 30
0.0
 11
1082.79094958771
 21
3056.687242939425
 31
0.0
  0
LINE
  5
7B3
330
2
100
AcDbEntity
  8
HALFEN
100
AcDbLine
 10
1148.87736858771
 20
2973.441242939427
 30
0.0
 11
1148.87736858771
 21
2912.441246252523
 31
0.0
  0
LINE
  5
7B4
330
2
100
AcDbEntity
  8
HALFEN
100
AcDbLine
 10
1099.81434958771
 20
3056.687242939425
 30
0.0
 11
1103.27444958771
 21
3006.262742939426
 31
0.0
  0
LINE
  5
7B5
330
2
100
AcDbEntity
  8
HALFEN
 62
     1
100
AcDbLine
 10
1063.785720967953
 20
3071.439542939426
 30
0.0
 11
1118.819578207466
 21
3071.439542939424
 31
0.0
  0
LINE
  5
7B6
330
2
100
AcDbEntity
  8
HALFEN
100
AcDbLine
 10
1117.30266958771
 20
3093.441242939426
 30
0.0
 11
1065.30262958771
 21
3093.441242939426
 31
0.0
  0
LINE
  5
7B7
330
2
100
AcDbEntity
  8
HALFEN
100
AcDbLine
 10
1117.302651517368
 20
3090.441242939426
 30
0.0
 11
1065.30264958771
 21
3090.441242939426
 31
0.0
  0
LINE
  5
7B8
330
2
100
AcDbEntity
  8
HALFEN
100
AcDbLine
 10
1063.803749534282
 20
3069.029542939425
 30
0.0
 11
1078.80264958771
 21
3069.029542939425
 31
0.0
  0
LINE
  5
7B9
330
2
100
AcDbEntity
  8
HALFEN
100
AcDbLine
 10
1063.785720967953
 20
3071.439542939426
 30
0.0
 11
1064.30305958771
 21
3089.469942939425
 31
0.0
  0
ARC
  5
7BA
330
2
100
AcDbEntity
  8
HALFEN
100
AcDbCircle
 10
1065.30264958771
 20
3089.441242939426
 30
0.0
 40
1.0
100
AcDbArc
 50
90.0
 51
178.3561000000127
  0
LINE
  5
7BB
330
2
100
AcDbEntity
  8
HALFEN
100
AcDbLine
 10
1063.96394958771
 20
3062.029542939426
 30
0.0
 11
1077.80264958771
 21
3062.029542939426
 31
0.0
  0
ARC
  5
7BC
330
2
100
AcDbEntity
  8
HALFEN
100
AcDbCircle
 10
1065.30262958771
 20
3089.441242939426
 30
0.0
 40
4.0
100
AcDbArc
 50
90.0
 51
178.3601000000044
  0
ARC
  5
7BD
330
2
100
AcDbEntity
  8
HALFEN
100
AcDbCircle
 10
1063.803749534282
 20
3072.029542939425
 30
0.0
 40
3.0
100
AcDbArc
 50
178.3601544595762
 51
270.0
  0
LINE
  5
7BE
330
2
100
AcDbEntity
  8
HALFEN
100
AcDbLine
 10
1061.30426958771
 20
3089.555742939425
 30
0.0
 11
1060.804978167448
 21
3072.11539332937
 31
0.0
  0
LINE
  5
7BF
330
2
100
AcDbEntity
  8
HALFEN
100
AcDbLine
 10
1060.862348361784
 20
3071.439542939426
 30
0.0
 11
1063.785720967953
 21
3071.439542939426
 31
0.0
  0
LINE
  5
7C0
330
2
100
AcDbEntity
  8
HALFEN
100
AcDbLine
 10
1054.42964958771
 20
3088.441242939426
 30
0.0
 11
1053.96804958771
 21
3072.315742939426
 31
0.0
  0
LINE
  5
7C1
330
2
100
AcDbEntity
  8
HALFEN
100
AcDbLine
 10
1054.42964958771
 20
3088.441242939426
 30
0.0
 11
1061.42964958771
 21
3088.441242939426
 31
0.0
  0
LINE
  5
7C2
330
2
100
AcDbEntity
  8
HALFEN
100
AcDbLine
 10
4148.641349587711
 20
3071.441242939426
 30
0.0
 11
4077.14134958771
 21
3071.441242939426
 31
0.0
  0
LINE
  5
7C3
330
2
100
AcDbEntity
  8
HALFEN
100
AcDbLine
 10
1128.17564958771
 20
3088.441242939426
 30
0.0
 11
1121.17564958771
 21
3088.441242939426
 31
0.0
  0
LINE
  5
7C4
330
2
100
AcDbEntity
  8
HALFEN
100
AcDbLine
 10
1103.80264958771
 20
3069.029542939425
 30
0.0
 11
1118.801419641196
 21
3069.029542939425
 31
0.0
  0
LINE
  5
7C5
330
2
100
AcDbEntity
  8
HALFEN
100
AcDbLine
 10
1118.64134958771
 20
3062.029542939426
 30
0.0
 11
1104.80264958771
 21
3062.029542939426
 31
0.0
  0
LINE
  5
7C6
330
2
100
AcDbEntity
  8
HALFEN
100
AcDbLine
 10
1118.819578207466
 20
3071.439542939425
 30
0.0
 11
1121.742830867122
 21
3071.439542939426
 31
0.0
  0
ARC
  5
7C7
330
2
100
AcDbEntity
  8
HALFEN
100
AcDbCircle
 10
1118.801419641196
 20
3072.029542939425
 30
0.0
 40
3.0
100
AcDbArc
 50
270.0
 51
1.639915712525839
  0
LINE
  5
7C8
330
2
100
AcDbEntity
  8
HALFEN
100
AcDbLine
 10
1121.30435958771
 20
3089.434142939425
 30
0.0
 11
1121.800190902885
 21
3072.115397002068
 31
0.0
  0
LINE
  5
7C9
330
2
100
AcDbEntity
  8
HALFEN
100
AcDbLine
 10
1118.819578207466
 20
3071.439542939425
 30
0.0
 11
1118.3022401394
 21
3089.46992371179
 31
0.0
  0
ARC
  5
7CA
330
2
100
AcDbEntity
  8
HALFEN
100
AcDbCircle
 10
1117.302651517368
 20
3089.441242939426
 30
0.0
 40
1.0
100
AcDbArc
 50
1.643512584138515
 51
90.0
  0
ARC
  5
7CB
330
2
100
AcDbEntity
  8
HALFEN
100
AcDbCircle
 10
1117.30266958771
 20
3089.441242939426
 30
0.0
 40
4.0
100
AcDbArc
 50
1.639903999998044
 51
90.0
  0
LINE
  5
7CC
330
2
100
AcDbEntity
  8
HALFEN
100
AcDbLine
 10
1128.17564958771
 20
3088.441242939426
 30
0.0
 11
1128.63734958771
 21
3072.315742939426
 31
0.0
  0
LINE
  5
7CD
330
2
100
AcDbEntity
  8
HALFEN
100
AcDbLine
 10
1148.64134958771
 20
3071.441242939426
 30
0.0
 11
1148.64134958771
 21
3093.441242939426
 31
0.0
  0
LINE
  5
7CE
330
2
100
AcDbEntity
  8
HALFEN
100
AcDbLine
 10
1227.14134958771
 20
3087.987142939426
 30
0.0
 11
1227.14134958771
 21
2996.941242939426
 31
0.0
  0
LINE
  5
7CF
330
2
100
AcDbEntity
  8
HALFEN
100
AcDbLine
 10
1220.14134958771
 20
3087.987142939426
 30
0.0
 11
1220.14134958771
 21
2996.941242939426
 31
0.0
  0
CIRCLE
  5
7D0
330
2
100
AcDbEntity
  8
HALFEN
100
AcDbCircle
 10
1223.64134958771
 20
2909.254745424249
 30
0.0
 40
3.186500828273892
  0
LINE
  5
7D1
330
2
100
AcDbEntity
  8
HALFEN
100
AcDbLine
 10
1226.827850415984
 20
2909.254745424249
 30
0.0
 11
1226.827850415984
 21
2912.441246252523
 31
0.0
  0
LINE
  5
7D2
330
2
100
AcDbEntity
  8
HALFEN
100
AcDbLine
 10
1220.454848759436
 20
2909.254745424249
 30
0.0
 11
1220.454848759436
 21
2912.441246252523
 31
0.0
  0
LINE
  5
7D3
330
2
100
AcDbEntity
  8
HALFEN
100
AcDbLine
 10
1220.454848759436
 20
2976.627743767701
 30
0.0
 11
1220.454848759436
 21
2973.441242939427
 31
0.0
  0
LINE
  5
7D4
330
2
100
AcDbEntity
  8
HALFEN
100
AcDbLine
 10
1226.827850415984
 20
2976.627743767701
 30
0.0
 11
1226.827850415984
 21
2973.441242939427
 31
0.0
  0
CIRCLE
  5
7D5
330
2
100
AcDbEntity
  8
HALFEN
100
AcDbCircle
 10
1223.64134958771
 20
2976.627743767701
 30
0.0
 40
3.186500828273892
  0
ARC
  5
7D6
330
2
100
AcDbEntity
  8
HALFEN
100
AcDbCircle
 10
1223.64134958771
 20
2996.941242939426
 30
0.0
 40
3.5
100
AcDbArc
 50
180.0
 51
0.0
  0
ARC
  5
7D7
330
2
100
AcDbEntity
  8
HALFEN
100
AcDbCircle
 10
1223.64134958771
 20
3065.622543589282
 30
0.0
 40
3.5
100
AcDbArc
 50
180.0
 51
0.0
  0
LINE
  5
7D8
330
2
100
AcDbEntity
  8
HALFEN
100
AcDbLine
 10
1220.14134958771
 20
3087.987142939426
 30
0.0
 11
1227.14134958771
 21
3087.987142939426
 31
0.0
  0
LINE
  5
7D9
330
2
100
AcDbEntity
  8
HALFEN
100
AcDbLine
 10
4148.641349587709
 20
3348.814241282877
 30
0.0
 11
4148.641349587709
 21
3370.814241282876
 31
0.0
  0
LINE
  5
7DA
330
2
100
AcDbEntity
  8
HALFEN
100
AcDbLine
 10
4148.87736858771
 20
3250.814241282866
 30
0.0
 11
4148.87736858771
 21
3189.814244595963
 31
0.0
  0
LINE
  5
7DB
330
2
100
AcDbEntity
  8
HALFEN
100
AcDbLine
 10
4148.641349587711
 20
3071.441242939426
 30
0.0
 11
4148.641349587711
 21
3093.441242939426
 31
0.0
  0
LINE
  5
7DC
330
2
100
AcDbEntity
  8
HALFEN
100
AcDbLine
 10
4148.87736858771
 20
2973.441242939415
 30
0.0
 11
4148.87736858771
 21
2912.441246252511
 31
0.0
  0
LINE
  5
7DD
330
2
100
AcDbEntity
  8
HALFEN
100
AcDbLine
 10
1677.14134958771
 20
3365.360141282876
 30
0.0
 11
1677.14134958771
 21
3274.314241282877
 31
0.0
  0
LINE
  5
7DE
330
2
100
AcDbEntity
  8
HALFEN
100
AcDbLine
 10
1670.14134958771
 20
3365.360141282876
 30
0.0
 11
1670.14134958771
 21
3274.314241282877
 31
0.0
  0
CIRCLE
  5
7DF
330
2
100
AcDbEntity
  8
HALFEN
100
AcDbCircle
 10
1673.64134958771
 20
3186.627743767699
 30
0.0
 40
3.186500828273892
  0
LINE
  5
7E0
330
2
100
AcDbEntity
  8
HALFEN
100
AcDbLine
 10
1676.827850415984
 20
3186.627743767699
 30
0.0
 11
1676.827850415984
 21
3189.814244595974
 31
0.0
  0
LINE
  5
7E1
330
2
100
AcDbEntity
  8
HALFEN
100
AcDbLine
 10
1670.454848759436
 20
3186.627743767699
 30
0.0
 11
1670.454848759436
 21
3189.814244595974
 31
0.0
  0
LINE
  5
7E2
330
2
100
AcDbEntity
  8
HALFEN
100
AcDbLine
 10
1670.454848759436
 20
3254.000742111152
 30
0.0
 11
1670.454848759436
 21
3250.814241282878
 31
0.0
  0
LINE
  5
7E3
330
2
100
AcDbEntity
  8
HALFEN
100
AcDbLine
 10
1676.827850415984
 20
3254.000742111152
 30
0.0
 11
1676.827850415984
 21
3250.814241282878
 31
0.0
  0
CIRCLE
  5
7E4
330
2
100
AcDbEntity
  8
HALFEN
100
AcDbCircle
 10
1673.64134958771
 20
3254.000742111152
 30
0.0
 40
3.186500828273892
  0
ARC
  5
7E5
330
2
100
AcDbEntity
  8
HALFEN
100
AcDbCircle
 10
1673.64134958771
 20
3274.314241282877
 30
0.0
 40
3.5
100
AcDbArc
 50
180.0
 51
0.0
  0
ARC
  5
7E6
330
2
100
AcDbEntity
  8
HALFEN
100
AcDbCircle
 10
1673.64134958771
 20
3342.995541932733
 30
0.0
 40
3.5
100
AcDbArc
 50
180.0
 51
0.0
  0
LINE
  5
7E7
330
2
100
AcDbEntity
  8
HALFEN
100
AcDbLine
 10
1670.14134958771
 20
3365.360141282876
 30
0.0
 11
1677.14134958771
 21
3365.360141282876
 31
0.0
  0
LINE
  5
7E8
330
2
100
AcDbEntity
  8
HALFEN
100
AcDbLine
 10
2127.14134958771
 20
3365.360141282876
 30
0.0
 11
2127.14134958771
 21
3274.314241282877
 31
0.0
  0
LINE
  5
7E9
330
2
100
AcDbEntity
  8
HALFEN
100
AcDbLine
 10
2120.14134958771
 20
3365.360141282876
 30
0.0
 11
2120.14134958771
 21
3274.314241282877
 31
0.0
  0
CIRCLE
  5
7EA
330
2
100
AcDbEntity
  8
HALFEN
100
AcDbCircle
 10
2123.64134958771
 20
3186.627743767699
 30
0.0
 40
3.186500828273892
  0
LINE
  5
7EB
330
2
100
AcDbEntity
  8
HALFEN
100
AcDbLine
 10
2126.827850415984
 20
3186.627743767699
 30
0.0
 11
2126.827850415984
 21
3189.814244595974
 31
0.0
  0
LINE
  5
7EC
330
2
100
AcDbEntity
  8
HALFEN
100
AcDbLine
 10
2120.454848759436
 20
3186.627743767699
 30
0.0
 11
2120.454848759436
 21
3189.814244595974
 31
0.0
  0
LINE
  5
7ED
330
2
100
AcDbEntity
  8
HALFEN
100
AcDbLine
 10
2120.454848759436
 20
3254.000742111152
 30
0.0
 11
2120.454848759436
 21
3250.814241282878
 31
0.0
  0
LINE
  5
7EE
330
2
100
AcDbEntity
  8
HALFEN
100
AcDbLine
 10
2126.827850415984
 20
3254.000742111152
 30
0.0
 11
2126.827850415984
 21
3250.814241282878
 31
0.0
  0
CIRCLE
  5
7EF
330
2
100
AcDbEntity
  8
HALFEN
100
AcDbCircle
 10
2123.64134958771
 20
3254.000742111152
 30
0.0
 40
3.186500828273892
  0
ARC
  5
7F0
330
2
100
AcDbEntity
  8
HALFEN
100
AcDbCircle
 10
2123.64134958771
 20
3274.314241282877
 30
0.0
 40
3.5
100
AcDbArc
 50
180.0
 51
0.0
  0
ARC
  5
7F1
330
2
100
AcDbEntity
  8
HALFEN
100
AcDbCircle
 10
2123.64134958771
 20
3342.995541932733
 30
0.0
 40
3.5
100
AcDbArc
 50
180.0
 51
0.0
  0
LINE
  5
7F2
330
2
100
AcDbEntity
  8
HALFEN
100
AcDbLine
 10
2120.14134958771
 20
3365.360141282876
 30
0.0
 11
2127.14134958771
 21
3365.360141282876
 31
0.0
  0
LINE
  5
7F3
330
2
100
AcDbEntity
  8
HALFEN
100
AcDbLine
 10
2577.14134958771
 20
3365.360141282876
 30
0.0
 11
2577.14134958771
 21
3274.314241282877
 31
0.0
  0
LINE
  5
7F4
330
2
100
AcDbEntity
  8
HALFEN
100
AcDbLine
 10
2570.14134958771
 20
3365.360141282876
 30
0.0
 11
2570.14134958771
 21
3274.314241282877
 31
0.0
  0
CIRCLE
  5
7F5
330
2
100
AcDbEntity
  8
HALFEN
100
AcDbCircle
 10
2573.64134958771
 20
3186.627743767699
 30
0.0
 40
3.186500828273892
  0
LINE
  5
7F6
330
2
100
AcDbEntity
  8
HALFEN
100
AcDbLine
 10
2576.827850415984
 20
3186.627743767699
 30
0.0
 11
2576.827850415984
 21
3189.814244595974
 31
0.0
  0
LINE
  5
7F7
330
2
100
AcDbEntity
  8
HALFEN
100
AcDbLine
 10
2570.454848759436
 20
3186.627743767699
 30
0.0
 11
2570.454848759436
 21
3189.814244595974
 31
0.0
  0
LINE
  5
7F8
330
2
100
AcDbEntity
  8
HALFEN
100
AcDbLine
 10
2570.454848759436
 20
3254.000742111152
 30
0.0
 11
2570.454848759436
 21
3250.814241282878
 31
0.0
  0
LINE
  5
7F9
330
2
100
AcDbEntity
  8
HALFEN
100
AcDbLine
 10
2576.827850415984
 20
3254.000742111152
 30
0.0
 11
2576.827850415984
 21
3250.814241282878
 31
0.0
  0
CIRCLE
  5
7FA
330
2
100
AcDbEntity
  8
HALFEN
100
AcDbCircle
 10
2573.64134958771
 20
3254.000742111152
 30
0.0
 40
3.186500828273892
  0
ARC
  5
7FB
330
2
100
AcDbEntity
  8
HALFEN
100
AcDbCircle
 10
2573.64134958771
 20
3274.314241282877
 30
0.0
 40
3.5
100
AcDbArc
 50
180.0
 51
0.0
  0
ARC
  5
7FC
330
2
100
AcDbEntity
  8
HALFEN
100
AcDbCircle
 10
2573.64134958771
 20
3342.995541932733
 30
0.0
 40
3.5
100
AcDbArc
 50
180.0
 51
0.0
  0
LINE
  5
7FD
330
2
100
AcDbEntity
  8
HALFEN
100
AcDbLine
 10
2570.14134958771
 20
3365.360141282876
 30
0.0
 11
2577.14134958771
 21
3365.360141282876
 31
0.0
  0
LINE
  5
7FE
330
2
100
AcDbEntity
  8
HALFEN
100
AcDbLine
 10
2720.14134958771
 20
3365.360141282876
 30
0.0
 11
2720.14134958771
 21
3274.314241282877
 31
0.0
  0
LINE
  5
7FF
330
2
100
AcDbEntity
  8
HALFEN
100
AcDbLine
 10
2727.14134958771
 20
3365.360141282876
 30
0.0
 11
2727.14134958771
 21
3274.314241282877
 31
0.0
  0
LINE
  5
800
330
2
100
AcDbEntity
  8
HALFEN
100
AcDbLine
 10
2720.454848759436
 20
3186.627743767699
 30
0.0
 11
2720.454848759436
 21
3189.814244595974
 31
0.0
  0
LINE
  5
801
330
2
100
AcDbEntity
  8
HALFEN
100
AcDbLine
 10
2726.827850415984
 20
3186.627743767699
 30
0.0
 11
2726.827850415984
 21
3189.814244595974
 31
0.0
  0
CIRCLE
  5
802
330
2
100
AcDbEntity
  8
HALFEN
100
AcDbCircle
 10
2723.64134958771
 20
3186.627743767699
 30
0.0
 40
3.186500828273892
  0
ARC
  5
803
330
2
100
AcDbEntity
  8
HALFEN
100
AcDbCircle
 10
2723.64134958771
 20
3274.314241282877
 30
0.0
 40
3.5
100
AcDbArc
 50
180.0
 51
0.0
  0
CIRCLE
  5
804
330
2
100
AcDbEntity
  8
HALFEN
100
AcDbCircle
 10
2723.64134958771
 20
3254.000742111152
 30
0.0
 40
3.186500828273892
  0
LINE
  5
805
330
2
100
AcDbEntity
  8
HALFEN
100
AcDbLine
 10
2726.827850415984
 20
3254.000742111152
 30
0.0
 11
2726.827850415984
 21
3250.814241282878
 31
0.0
  0
LINE
  5
806
330
2
100
AcDbEntity
  8
HALFEN
100
AcDbLine
 10
2720.454848759436
 20
3254.000742111152
 30
0.0
 11
2720.454848759436
 21
3250.814241282878
 31
0.0
  0
LINE
  5
807
330
2
100
AcDbEntity
  8
HALFEN
100
AcDbLine
 10
2720.14134958771
 20
3365.360141282876
 30
0.0
 11
2727.14134958771
 21
3365.360141282876
 31
0.0
  0
ARC
  5
808
330
2
100
AcDbEntity
  8
HALFEN
100
AcDbCircle
 10
2723.64134958771
 20
3342.995541932733
 30
0.0
 40
3.5
100
AcDbArc
 50
180.0
 51
0.0
  0
LINE
  5
809
330
2
100
AcDbEntity
  8
HALFEN
100
AcDbLine
 10
3177.14134958771
 20
3365.360141282876
 30
0.0
 11
3177.14134958771
 21
3274.314241282877
 31
0.0
  0
LINE
  5
80A
330
2
100
AcDbEntity
  8
HALFEN
100
AcDbLine
 10
3170.14134958771
 20
3365.360141282876
 30
0.0
 11
3170.14134958771
 21
3274.314241282877
 31
0.0
  0
CIRCLE
  5
80B
330
2
100
AcDbEntity
  8
HALFEN
100
AcDbCircle
 10
3173.64134958771
 20
3254.000742111152
 30
0.0
 40
3.186500828273892
  0
ARC
  5
80C
330
2
100
AcDbEntity
  8
HALFEN
100
AcDbCircle
 10
3173.64134958771
 20
3274.314241282877
 30
0.0
 40
3.5
100
AcDbArc
 50
180.0
 51
0.0
  0
CIRCLE
  5
80D
330
2
100
AcDbEntity
  8
HALFEN
100
AcDbCircle
 10
3173.64134958771
 20
3186.627743767699
 30
0.0
 40
3.186500828273892
  0
LINE
  5
80E
330
2
100
AcDbEntity
  8
HALFEN
100
AcDbLine
 10
3170.454848759436
 20
3186.627743767699
 30
0.0
 11
3170.454848759436
 21
3189.814244595974
 31
0.0
  0
LINE
  5
80F
330
2
100
AcDbEntity
  8
HALFEN
100
AcDbLine
 10
3170.454848759436
 20
3254.000742111152
 30
0.0
 11
3170.454848759436
 21
3250.814241282878
 31
0.0
  0
LINE
  5
810
330
2
100
AcDbEntity
  8
HALFEN
100
AcDbLine
 10
3176.827850415984
 20
3186.627743767699
 30
0.0
 11
3176.827850415984
 21
3189.814244595974
 31
0.0
  0
LINE
  5
811
330
2
100
AcDbEntity
  8
HALFEN
100
AcDbLine
 10
3176.827850415984
 20
3254.000742111152
 30
0.0
 11
3176.827850415984
 21
3250.814241282878
 31
0.0
  0
ARC
  5
812
330
2
100
AcDbEntity
  8
HALFEN
100
AcDbCircle
 10
3173.64134958771
 20
3342.995541932733
 30
0.0
 40
3.5
100
AcDbArc
 50
180.0
 51
0.0
  0
LINE
  5
813
330
2
100
AcDbEntity
  8
HALFEN
100
AcDbLine
 10
3170.14134958771
 20
3365.360141282876
 30
0.0
 11
3177.14134958771
 21
3365.360141282876
 31
0.0
  0
LINE
  5
814
330
2
100
AcDbEntity
  8
HALFEN
100
AcDbLine
 10
3627.14134958771
 20
3365.360141282876
 30
0.0
 11
3627.14134958771
 21
3274.314241282877
 31
0.0
  0
LINE
  5
815
330
2
100
AcDbEntity
  8
HALFEN
100
AcDbLine
 10
3620.14134958771
 20
3365.360141282876
 30
0.0
 11
3620.14134958771
 21
3274.314241282877
 31
0.0
  0
CIRCLE
  5
816
330
2
100
AcDbEntity
  8
HALFEN
100
AcDbCircle
 10
3623.64134958771
 20
3254.000742111152
 30
0.0
 40
3.186500828273892
  0
ARC
  5
817
330
2
100
AcDbEntity
  8
HALFEN
100
AcDbCircle
 10
3623.64134958771
 20
3274.314241282877
 30
0.0
 40
3.5
100
AcDbArc
 50
180.0
 51
0.0
  0
CIRCLE
  5
818
330
2
100
AcDbEntity
  8
HALFEN
100
AcDbCircle
 10
3623.64134958771
 20
3186.627743767699
 30
0.0
 40
3.186500828273892
  0
LINE
  5
819
330
2
100
AcDbEntity
  8
HALFEN
100
AcDbLine
 10
3620.454848759436
 20
3186.627743767699
 30
0.0
 11
3620.454848759436
 21
3189.814244595974
 31
0.0
  0
LINE
  5
81A
330
2
100
AcDbEntity
  8
HALFEN
100
AcDbLine
 10
3620.454848759436
 20
3254.000742111152
 30
0.0
 11
3620.454848759436
 21
3250.814241282878
 31
0.0
  0
LINE
  5
81B
330
2
100
AcDbEntity
  8
HALFEN
100
AcDbLine
 10
3626.827850415984
 20
3186.627743767699
 30
0.0
 11
3626.827850415984
 21
3189.814244595974
 31
0.0
  0
LINE
  5
81C
330
2
100
AcDbEntity
  8
HALFEN
100
AcDbLine
 10
3626.827850415984
 20
3254.000742111152
 30
0.0
 11
3626.827850415984
 21
3250.814241282878
 31
0.0
  0
ARC
  5
81D
330
2
100
AcDbEntity
  8
HALFEN
100
AcDbCircle
 10
3623.64134958771
 20
3342.995541932733
 30
0.0
 40
3.5
100
AcDbArc
 50
180.0
 51
0.0
  0
LINE
  5
81E
330
2
100
AcDbEntity
  8
HALFEN
100
AcDbLine
 10
3620.14134958771
 20
3365.360141282876
 30
0.0
 11
3627.14134958771
 21
3365.360141282876
 31
0.0
  0
LINE
  5
81F
330
2
100
AcDbEntity
  8
HALFEN
100
AcDbLine
 10
4077.14134958771
 20
3365.360141282876
 30
0.0
 11
4077.14134958771
 21
3274.314241282877
 31
0.0
  0
LINE
  5
820
330
2
100
AcDbEntity
  8
HALFEN
100
AcDbLine
 10
4070.14134958771
 20
3365.360141282876
 30
0.0
 11
4070.14134958771
 21
3274.314241282877
 31
0.0
  0
CIRCLE
  5
821
330
2
100
AcDbEntity
  8
HALFEN
100
AcDbCircle
 10
4073.641349587709
 20
3254.000742111152
 30
0.0
 40
3.186500828273892
  0
ARC
  5
822
330
2
100
AcDbEntity
  8
HALFEN
100
AcDbCircle
 10
4073.641349587709
 20
3274.314241282877
 30
0.0
 40
3.5
100
AcDbArc
 50
180.0
 51
0.0
  0
CIRCLE
  5
823
330
2
100
AcDbEntity
  8
HALFEN
100
AcDbCircle
 10
4073.641349587709
 20
3186.627743767699
 30
0.0
 40
3.186500828273892
  0
LINE
  5
824
330
2
100
AcDbEntity
  8
HALFEN
100
AcDbLine
 10
4070.454848759436
 20
3186.627743767699
 30
0.0
 11
4070.454848759436
 21
3189.814244595974
 31
0.0
  0
LINE
  5
825
330
2
100
AcDbEntity
  8
HALFEN
100
AcDbLine
 10
4070.454848759436
 20
3254.000742111152
 30
0.0
 11
4070.454848759436
 21
3250.814241282878
 31
0.0
  0
LINE
  5
826
330
2
100
AcDbEntity
  8
HALFEN
100
AcDbLine
 10
4076.827850415984
 20
3186.627743767699
 30
0.0
 11
4076.827850415984
 21
3189.814244595974
 31
0.0
  0
LINE
  5
827
330
2
100
AcDbEntity
  8
HALFEN
100
AcDbLine
 10
4076.827850415984
 20
3254.000742111152
 30
0.0
 11
4076.827850415984
 21
3250.814241282878
 31
0.0
  0
ARC
  5
828
330
2
100
AcDbEntity
  8
HALFEN
100
AcDbCircle
 10
4073.641349587709
 20
3342.995541932733
 30
0.0
 40
3.5
100
AcDbArc
 50
180.0
 51
0.0
  0
LINE
  5
829
330
2
100
AcDbEntity
  8
HALFEN
100
AcDbLine
 10
4070.14134958771
 20
3365.360141282876
 30
0.0
 11
4077.14134958771
 21
3365.360141282876
 31
0.0
  0
LINE
  5
82A
330
2
100
AcDbEntity
  8
HALFEN
100
AcDbLine
 10
1370.454848759436
 20
2909.254745424249
 30
0.0
 11
1370.454848759436
 21
2912.441246252523
 31
0.0
  0
LINE
  5
82B
330
2
100
AcDbEntity
  8
HALFEN
100
AcDbLine
 10
1376.827850415984
 20
2909.254745424249
 30
0.0
 11
1376.827850415984
 21
2912.441246252523
 31
0.0
  0
CIRCLE
  5
82C
330
2
100
AcDbEntity
  8
HALFEN
100
AcDbCircle
 10
1373.64134958771
 20
2909.254745424249
 30
0.0
 40
3.186500828273892
  0
LINE
  5
82D
330
2
100
AcDbEntity
  8
HALFEN
100
AcDbLine
 10
1370.14134958771
 20
3087.987142939426
 30
0.0
 11
1370.14134958771
 21
2996.941242939426
 31
0.0
  0
LINE
  5
82E
330
2
100
AcDbEntity
  8
HALFEN
100
AcDbLine
 10
1377.14134958771
 20
3087.987142939426
 30
0.0
 11
1377.14134958771
 21
2996.941242939426
 31
0.0
  0
CIRCLE
  5
82F
330
2
100
AcDbEntity
  8
HALFEN
100
AcDbCircle
 10
1373.64134958771
 20
2976.627743767701
 30
0.0
 40
3.186500828273892
  0
LINE
  5
830
330
2
100
AcDbEntity
  8
HALFEN
100
AcDbLine
 10
1376.827850415984
 20
2976.627743767701
 30
0.0
 11
1376.827850415984
 21
2973.441242939427
 31
0.0
  0
LINE
  5
831
330
2
100
AcDbEntity
  8
HALFEN
100
AcDbLine
 10
1370.454848759436
 20
2976.627743767701
 30
0.0
 11
1370.454848759436
 21
2973.441242939427
 31
0.0
  0
ARC
  5
832
330
2
100
AcDbEntity
  8
HALFEN
100
AcDbCircle
 10
1373.64134958771
 20
2996.941242939426
 30
0.0
 40
3.5
100
AcDbArc
 50
180.0
 51
0.0
  0
ARC
  5
833
330
2
100
AcDbEntity
  8
HALFEN
100
AcDbCircle
 10
1373.64134958771
 20
3065.622543589282
 30
0.0
 40
3.5
100
AcDbArc
 50
180.0
 51
0.0
  0
LINE
  5
834
330
2
100
AcDbEntity
  8
HALFEN
100
AcDbLine
 10
1370.14134958771
 20
3087.987142939426
 30
0.0
 11
1377.14134958771
 21
3087.987142939426
 31
0.0
  0
LINE
  5
835
330
2
100
AcDbEntity
  8
HALFEN
100
AcDbLine
 10
1520.454848759436
 20
2909.254745424249
 30
0.0
 11
1520.454848759436
 21
2912.441246252523
 31
0.0
  0
LINE
  5
836
330
2
100
AcDbEntity
  8
HALFEN
100
AcDbLine
 10
1526.827850415984
 20
2909.254745424249
 30
0.0
 11
1526.827850415984
 21
2912.441246252523
 31
0.0
  0
CIRCLE
  5
837
330
2
100
AcDbEntity
  8
HALFEN
100
AcDbCircle
 10
1523.64134958771
 20
2909.254745424249
 30
0.0
 40
3.186500828273892
  0
LINE
  5
838
330
2
100
AcDbEntity
  8
HALFEN
100
AcDbLine
 10
1520.14134958771
 20
3087.987142939426
 30
0.0
 11
1520.14134958771
 21
2996.941242939426
 31
0.0
  0
LINE
  5
839
330
2
100
AcDbEntity
  8
HALFEN
100
AcDbLine
 10
1527.14134958771
 20
3087.987142939426
 30
0.0
 11
1527.14134958771
 21
2996.941242939426
 31
0.0
  0
CIRCLE
  5
83A
330
2
100
AcDbEntity
  8
HALFEN
100
AcDbCircle
 10
1523.64134958771
 20
2976.627743767701
 30
0.0
 40
3.186500828273892
  0
LINE
  5
83B
330
2
100
AcDbEntity
  8
HALFEN
100
AcDbLine
 10
1526.827850415984
 20
2976.627743767701
 30
0.0
 11
1526.827850415984
 21
2973.441242939427
 31
0.0
  0
LINE
  5
83C
330
2
100
AcDbEntity
  8
HALFEN
100
AcDbLine
 10
1520.454848759436
 20
2976.627743767701
 30
0.0
 11
1520.454848759436
 21
2973.441242939427
 31
0.0
  0
ARC
  5
83D
330
2
100
AcDbEntity
  8
HALFEN
100
AcDbCircle
 10
1523.64134958771
 20
2996.941242939426
 30
0.0
 40
3.5
100
AcDbArc
 50
180.0
 51
0.0
  0
ARC
  5
83E
330
2
100
AcDbEntity
  8
HALFEN
100
AcDbCircle
 10
1523.64134958771
 20
3065.622543589282
 30
0.0
 40
3.5
100
AcDbArc
 50
180.0
 51
0.0
  0
LINE
  5
83F
330
2
100
AcDbEntity
  8
HALFEN
100
AcDbLine
 10
1520.14134958771
 20
3087.987142939426
 30
0.0
 11
1527.14134958771
 21
3087.987142939426
 31
0.0
  0
LINE
  5
840
330
2
100
AcDbEntity
  8
HALFEN
100
AcDbLine
 10
1670.454848759436
 20
2909.254745424249
 30
0.0
 11
1670.454848759436
 21
2912.441246252523
 31
0.0
  0
LINE
  5
841
330
2
100
AcDbEntity
  8
HALFEN
100
AcDbLine
 10
1676.827850415984
 20
2909.254745424249
 30
0.0
 11
1676.827850415984
 21
2912.441246252523
 31
0.0
  0
CIRCLE
  5
842
330
2
100
AcDbEntity
  8
HALFEN
100
AcDbCircle
 10
1673.64134958771
 20
2909.254745424249
 30
0.0
 40
3.186500828273892
  0
LINE
  5
843
330
2
100
AcDbEntity
  8
HALFEN
100
AcDbLine
 10
1670.14134958771
 20
3087.987142939426
 30
0.0
 11
1670.14134958771
 21
2996.941242939426
 31
0.0
  0
LINE
  5
844
330
2
100
AcDbEntity
  8
HALFEN
100
AcDbLine
 10
1677.14134958771
 20
3087.987142939426
 30
0.0
 11
1677.14134958771
 21
2996.941242939426
 31
0.0
  0
CIRCLE
  5
845
330
2
100
AcDbEntity
  8
HALFEN
100
AcDbCircle
 10
1673.64134958771
 20
2976.627743767701
 30
0.0
 40
3.186500828273892
  0
LINE
  5
846
330
2
100
AcDbEntity
  8
HALFEN
100
AcDbLine
 10
1676.827850415984
 20
2976.627743767701
 30
0.0
 11
1676.827850415984
 21
2973.441242939427
 31
0.0
  0
LINE
  5
847
330
2
100
AcDbEntity
  8
HALFEN
100
AcDbLine
 10
1670.454848759436
 20
2976.627743767701
 30
0.0
 11
1670.454848759436
 21
2973.441242939427
 31
0.0
  0
ARC
  5
848
330
2
100
AcDbEntity
  8
HALFEN
100
AcDbCircle
 10
1673.64134958771
 20
2996.941242939426
 30
0.0
 40
3.5
100
AcDbArc
 50
180.0
 51
0.0
  0
ARC
  5
849
330
2
100
AcDbEntity
  8
HALFEN
100
AcDbCircle
 10
1673.64134958771
 20
3065.622543589282
 30
0.0
 40
3.5
100
AcDbArc
 50
180.0
 51
0.0
  0
LINE
  5
84A
330
2
100
AcDbEntity
  8
HALFEN
100
AcDbLine
 10
1670.14134958771
 20
3087.987142939426
 30
0.0
 11
1677.14134958771
 21
3087.987142939426
 31
0.0
  0
LINE
  5
84B
330
2
100
AcDbEntity
  8
HALFEN
100
AcDbLine
 10
1820.454848759436
 20
2909.254745424249
 30
0.0
 11
1820.454848759436
 21
2912.441246252523
 31
0.0
  0
LINE
  5
84C
330
2
100
AcDbEntity
  8
HALFEN
100
AcDbLine
 10
1826.827850415984
 20
2909.254745424249
 30
0.0
 11
1826.827850415984
 21
2912.441246252523
 31
0.0
  0
CIRCLE
  5
84D
330
2
100
AcDbEntity
  8
HALFEN
100
AcDbCircle
 10
1823.64134958771
 20
2909.254745424249
 30
0.0
 40
3.186500828273892
  0
LINE
  5
84E
330
2
100
AcDbEntity
  8
HALFEN
100
AcDbLine
 10
1820.14134958771
 20
3087.987142939426
 30
0.0
 11
1820.14134958771
 21
2996.941242939426
 31
0.0
  0
LINE
  5
84F
330
2
100
AcDbEntity
  8
HALFEN
100
AcDbLine
 10
1827.14134958771
 20
3087.987142939426
 30
0.0
 11
1827.14134958771
 21
2996.941242939426
 31
0.0
  0
CIRCLE
  5
850
330
2
100
AcDbEntity
  8
HALFEN
100
AcDbCircle
 10
1823.64134958771
 20
2976.627743767701
 30
0.0
 40
3.186500828273892
  0
LINE
  5
851
330
2
100
AcDbEntity
  8
HALFEN
100
AcDbLine
 10
1826.827850415984
 20
2976.627743767701
 30
0.0
 11
1826.827850415984
 21
2973.441242939427
 31
0.0
  0
LINE
  5
852
330
2
100
AcDbEntity
  8
HALFEN
100
AcDbLine
 10
1820.454848759436
 20
2976.627743767701
 30
0.0
 11
1820.454848759436
 21
2973.441242939427
 31
0.0
  0
ARC
  5
853
330
2
100
AcDbEntity
  8
HALFEN
100
AcDbCircle
 10
1823.64134958771
 20
2996.941242939426
 30
0.0
 40
3.5
100
AcDbArc
 50
180.0
 51
0.0
  0
ARC
  5
854
330
2
100
AcDbEntity
  8
HALFEN
100
AcDbCircle
 10
1823.64134958771
 20
3065.622543589282
 30
0.0
 40
3.5
100
AcDbArc
 50
180.0
 51
0.0
  0
LINE
  5
855
330
2
100
AcDbEntity
  8
HALFEN
100
AcDbLine
 10
1820.14134958771
 20
3087.987142939426
 30
0.0
 11
1827.14134958771
 21
3087.987142939426
 31
0.0
  0
LINE
  5
856
330
2
100
AcDbEntity
  8
HALFEN
100
AcDbLine
 10
1970.454848759436
 20
2909.254745424249
 30
0.0
 11
1970.454848759436
 21
2912.441246252523
 31
0.0
  0
LINE
  5
857
330
2
100
AcDbEntity
  8
HALFEN
100
AcDbLine
 10
1976.827850415984
 20
2909.254745424249
 30
0.0
 11
1976.827850415984
 21
2912.441246252523
 31
0.0
  0
CIRCLE
  5
858
330
2
100
AcDbEntity
  8
HALFEN
100
AcDbCircle
 10
1973.64134958771
 20
2909.254745424249
 30
0.0
 40
3.186500828273892
  0
LINE
  5
859
330
2
100
AcDbEntity
  8
HALFEN
100
AcDbLine
 10
1970.14134958771
 20
3087.987142939426
 30
0.0
 11
1970.14134958771
 21
2996.941242939426
 31
0.0
  0
LINE
  5
85A
330
2
100
AcDbEntity
  8
HALFEN
100
AcDbLine
 10
1977.14134958771
 20
3087.987142939426
 30
0.0
 11
1977.14134958771
 21
2996.941242939426
 31
0.0
  0
CIRCLE
  5
85B
330
2
100
AcDbEntity
  8
HALFEN
100
AcDbCircle
 10
1973.64134958771
 20
2976.627743767701
 30
0.0
 40
3.186500828273892
  0
LINE
  5
85C
330
2
100
AcDbEntity
  8
HALFEN
100
AcDbLine
 10
1976.827850415984
 20
2976.627743767701
 30
0.0
 11
1976.827850415984
 21
2973.441242939427
 31
0.0
  0
LINE
  5
85D
330
2
100
AcDbEntity
  8
HALFEN
100
AcDbLine
 10
1970.454848759436
 20
2976.627743767701
 30
0.0
 11
1970.454848759436
 21
2973.441242939427
 31
0.0
  0
ARC
  5
85E
330
2
100
AcDbEntity
  8
HALFEN
100
AcDbCircle
 10
1973.64134958771
 20
2996.941242939426
 30
0.0
 40
3.5
100
AcDbArc
 50
180.0
 51
0.0
  0
ARC
  5
85F
330
2
100
AcDbEntity
  8
HALFEN
100
AcDbCircle
 10
1973.64134958771
 20
3065.622543589282
 30
0.0
 40
3.5
100
AcDbArc
 50
180.0
 51
0.0
  0
LINE
  5
860
330
2
100
AcDbEntity
  8
HALFEN
100
AcDbLine
 10
1970.14134958771
 20
3087.987142939426
 30
0.0
 11
1977.14134958771
 21
3087.987142939426
 31
0.0
  0
LINE
  5
861
330
2
100
AcDbEntity
  8
HALFEN
100
AcDbLine
 10
2120.454848759437
 20
2909.254745424249
 30
0.0
 11
2120.454848759437
 21
2912.441246252523
 31
0.0
  0
LINE
  5
862
330
2
100
AcDbEntity
  8
HALFEN
100
AcDbLine
 10
2126.827850415985
 20
2909.254745424249
 30
0.0
 11
2126.827850415985
 21
2912.441246252523
 31
0.0
  0
CIRCLE
  5
863
330
2
100
AcDbEntity
  8
HALFEN
100
AcDbCircle
 10
2123.64134958771
 20
2909.254745424249
 30
0.0
 40
3.186500828273892
  0
LINE
  5
864
330
2
100
AcDbEntity
  8
HALFEN
100
AcDbLine
 10
2120.141349587711
 20
3087.987142939426
 30
0.0
 11
2120.141349587711
 21
2996.941242939426
 31
0.0
  0
LINE
  5
865
330
2
100
AcDbEntity
  8
HALFEN
100
AcDbLine
 10
2127.141349587711
 20
3087.987142939426
 30
0.0
 11
2127.141349587711
 21
2996.941242939426
 31
0.0
  0
CIRCLE
  5
866
330
2
100
AcDbEntity
  8
HALFEN
100
AcDbCircle
 10
2123.64134958771
 20
2976.627743767701
 30
0.0
 40
3.186500828273892
  0
LINE
  5
867
330
2
100
AcDbEntity
  8
HALFEN
100
AcDbLine
 10
2126.827850415985
 20
2976.627743767701
 30
0.0
 11
2126.827850415985
 21
2973.441242939427
 31
0.0
  0
LINE
  5
868
330
2
100
AcDbEntity
  8
HALFEN
100
AcDbLine
 10
2120.454848759437
 20
2976.627743767701
 30
0.0
 11
2120.454848759437
 21
2973.441242939427
 31
0.0
  0
ARC
  5
869
330
2
100
AcDbEntity
  8
HALFEN
100
AcDbCircle
 10
2123.64134958771
 20
2996.941242939426
 30
0.0
 40
3.5
100
AcDbArc
 50
180.0
 51
0.0
  0
ARC
  5
86A
330
2
100
AcDbEntity
  8
HALFEN
100
AcDbCircle
 10
2123.64134958771
 20
3065.622543589282
 30
0.0
 40
3.5
100
AcDbArc
 50
180.0
 51
0.0
  0
LINE
  5
86B
330
2
100
AcDbEntity
  8
HALFEN
100
AcDbLine
 10
2120.141349587711
 20
3087.987142939426
 30
0.0
 11
2127.141349587711
 21
3087.987142939426
 31
0.0
  0
LINE
  5
86C
330
2
100
AcDbEntity
  8
HALFEN
100
AcDbLine
 10
2270.454848759436
 20
2909.254745424249
 30
0.0
 11
2270.454848759436
 21
2912.441246252523
 31
0.0
  0
LINE
  5
86D
330
2
100
AcDbEntity
  8
HALFEN
100
AcDbLine
 10
2276.827850415985
 20
2909.254745424249
 30
0.0
 11
2276.827850415985
 21
2912.441246252523
 31
0.0
  0
CIRCLE
  5
86E
330
2
100
AcDbEntity
  8
HALFEN
100
AcDbCircle
 10
2273.641349587711
 20
2909.254745424249
 30
0.0
 40
3.186500828273892
  0
LINE
  5
86F
330
2
100
AcDbEntity
  8
HALFEN
100
AcDbLine
 10
2270.14134958771
 20
3087.987142939426
 30
0.0
 11
2270.14134958771
 21
2996.941242939426
 31
0.0
  0
LINE
  5
870
330
2
100
AcDbEntity
  8
HALFEN
100
AcDbLine
 10
2277.141349587711
 20
3087.987142939426
 30
0.0
 11
2277.141349587711
 21
2996.941242939426
 31
0.0
  0
CIRCLE
  5
871
330
2
100
AcDbEntity
  8
HALFEN
100
AcDbCircle
 10
2273.641349587711
 20
2976.627743767701
 30
0.0
 40
3.186500828273892
  0
LINE
  5
872
330
2
100
AcDbEntity
  8
HALFEN
100
AcDbLine
 10
2276.827850415985
 20
2976.627743767701
 30
0.0
 11
2276.827850415985
 21
2973.441242939427
 31
0.0
  0
LINE
  5
873
330
2
100
AcDbEntity
  8
HALFEN
100
AcDbLine
 10
2270.454848759436
 20
2976.627743767701
 30
0.0
 11
2270.454848759436
 21
2973.441242939427
 31
0.0
  0
ARC
  5
874
330
2
100
AcDbEntity
  8
HALFEN
100
AcDbCircle
 10
2273.641349587711
 20
2996.941242939426
 30
0.0
 40
3.5
100
AcDbArc
 50
180.0
 51
0.0
  0
ARC
  5
875
330
2
100
AcDbEntity
  8
HALFEN
100
AcDbCircle
 10
2273.641349587711
 20
3065.622543589282
 30
0.0
 40
3.5
100
AcDbArc
 50
180.0
 51
0.0
  0
LINE
  5
876
330
2
100
AcDbEntity
  8
HALFEN
100
AcDbLine
 10
2270.14134958771
 20
3087.987142939426
 30
0.0
 11
2277.141349587711
 21
3087.987142939426
 31
0.0
  0
LINE
  5
877
330
2
100
AcDbEntity
  8
HALFEN
100
AcDbLine
 10
2420.454848759437
 20
2909.254745424249
 30
0.0
 11
2420.454848759437
 21
2912.441246252523
 31
0.0
  0
LINE
  5
878
330
2
100
AcDbEntity
  8
HALFEN
100
AcDbLine
 10
2426.827850415985
 20
2909.254745424249
 30
0.0
 11
2426.827850415985
 21
2912.441246252523
 31
0.0
  0
CIRCLE
  5
879
330
2
100
AcDbEntity
  8
HALFEN
100
AcDbCircle
 10
2423.641349587711
 20
2909.254745424249
 30
0.0
 40
3.186500828273892
  0
LINE
  5
87A
330
2
100
AcDbEntity
  8
HALFEN
100
AcDbLine
 10
2420.141349587711
 20
3087.987142939426
 30
0.0
 11
2420.141349587711
 21
2996.941242939426
 31
0.0
  0
LINE
  5
87B
330
2
100
AcDbEntity
  8
HALFEN
100
AcDbLine
 10
2427.14134958771
 20
3087.987142939426
 30
0.0
 11
2427.14134958771
 21
2996.941242939426
 31
0.0
  0
CIRCLE
  5
87C
330
2
100
AcDbEntity
  8
HALFEN
100
AcDbCircle
 10
2423.641349587711
 20
2976.627743767701
 30
0.0
 40
3.186500828273892
  0
LINE
  5
87D
330
2
100
AcDbEntity
  8
HALFEN
100
AcDbLine
 10
2426.827850415985
 20
2976.627743767701
 30
0.0
 11
2426.827850415985
 21
2973.441242939427
 31
0.0
  0
LINE
  5
87E
330
2
100
AcDbEntity
  8
HALFEN
100
AcDbLine
 10
2420.454848759437
 20
2976.627743767701
 30
0.0
 11
2420.454848759437
 21
2973.441242939427
 31
0.0
  0
ARC
  5
87F
330
2
100
AcDbEntity
  8
HALFEN
100
AcDbCircle
 10
2423.641349587711
 20
2996.941242939426
 30
0.0
 40
3.5
100
AcDbArc
 50
180.0
 51
0.0
  0
ARC
  5
880
330
2
100
AcDbEntity
  8
HALFEN
100
AcDbCircle
 10
2423.641349587711
 20
3065.622543589282
 30
0.0
 40
3.5
100
AcDbArc
 50
180.0
 51
0.0
  0
LINE
  5
881
330
2
100
AcDbEntity
  8
HALFEN
100
AcDbLine
 10
2420.141349587711
 20
3087.987142939426
 30
0.0
 11
2427.14134958771
 21
3087.987142939426
 31
0.0
  0
LINE
  5
882
330
2
100
AcDbEntity
  8
HALFEN
100
AcDbLine
 10
2570.454848759437
 20
2909.254745424249
 30
0.0
 11
2570.454848759437
 21
2912.441246252523
 31
0.0
  0
LINE
  5
883
330
2
100
AcDbEntity
  8
HALFEN
100
AcDbLine
 10
2576.827850415984
 20
2909.254745424249
 30
0.0
 11
2576.827850415984
 21
2912.441246252523
 31
0.0
  0
CIRCLE
  5
884
330
2
100
AcDbEntity
  8
HALFEN
100
AcDbCircle
 10
2573.641349587711
 20
2909.254745424249
 30
0.0
 40
3.186500828273892
  0
LINE
  5
885
330
2
100
AcDbEntity
  8
HALFEN
100
AcDbLine
 10
2570.141349587711
 20
3087.987142939426
 30
0.0
 11
2570.141349587711
 21
2996.941242939426
 31
0.0
  0
LINE
  5
886
330
2
100
AcDbEntity
  8
HALFEN
100
AcDbLine
 10
2577.141349587711
 20
3087.987142939426
 30
0.0
 11
2577.141349587711
 21
2996.941242939426
 31
0.0
  0
CIRCLE
  5
887
330
2
100
AcDbEntity
  8
HALFEN
100
AcDbCircle
 10
2573.641349587711
 20
2976.627743767701
 30
0.0
 40
3.186500828273892
  0
LINE
  5
888
330
2
100
AcDbEntity
  8
HALFEN
100
AcDbLine
 10
2576.827850415984
 20
2976.627743767701
 30
0.0
 11
2576.827850415984
 21
2973.441242939427
 31
0.0
  0
LINE
  5
889
330
2
100
AcDbEntity
  8
HALFEN
100
AcDbLine
 10
2570.454848759437
 20
2976.627743767701
 30
0.0
 11
2570.454848759437
 21
2973.441242939427
 31
0.0
  0
ARC
  5
88A
330
2
100
AcDbEntity
  8
HALFEN
100
AcDbCircle
 10
2573.641349587711
 20
2996.941242939426
 30
0.0
 40
3.5
100
AcDbArc
 50
180.0
 51
0.0
  0
ARC
  5
88B
330
2
100
AcDbEntity
  8
HALFEN
100
AcDbCircle
 10
2573.641349587711
 20
3065.622543589282
 30
0.0
 40
3.5
100
AcDbArc
 50
180.0
 51
0.0
  0
LINE
  5
88C
330
2
100
AcDbEntity
  8
HALFEN
100
AcDbLine
 10
2570.141349587711
 20
3087.987142939426
 30
0.0
 11
2577.141349587711
 21
3087.987142939426
 31
0.0
  0
LINE
  5
88D
330
2
100
AcDbEntity
  8
HALFEN
100
AcDbLine
 10
2720.454848759437
 20
2909.254745424249
 30
0.0
 11
2720.454848759437
 21
2912.441246252523
 31
0.0
  0
LINE
  5
88E
330
2
100
AcDbEntity
  8
HALFEN
100
AcDbLine
 10
2726.827850415985
 20
2909.254745424249
 30
0.0
 11
2726.827850415985
 21
2912.441246252523
 31
0.0
  0
CIRCLE
  5
88F
330
2
100
AcDbEntity
  8
HALFEN
100
AcDbCircle
 10
2723.64134958771
 20
2909.254745424249
 30
0.0
 40
3.186500828273892
  0
LINE
  5
890
330
2
100
AcDbEntity
  8
HALFEN
100
AcDbLine
 10
2720.141349587711
 20
3087.987142939426
 30
0.0
 11
2720.141349587711
 21
2996.941242939426
 31
0.0
  0
LINE
  5
891
330
2
100
AcDbEntity
  8
HALFEN
100
AcDbLine
 10
2727.141349587711
 20
3087.987142939426
 30
0.0
 11
2727.141349587711
 21
2996.941242939426
 31
0.0
  0
CIRCLE
  5
892
330
2
100
AcDbEntity
  8
HALFEN
100
AcDbCircle
 10
2723.64134958771
 20
2976.627743767701
 30
0.0
 40
3.186500828273892
  0
LINE
  5
893
330
2
100
AcDbEntity
  8
HALFEN
100
AcDbLine
 10
2726.827850415985
 20
2976.627743767701
 30
0.0
 11
2726.827850415985
 21
2973.441242939427
 31
0.0
  0
LINE
  5
894
330
2
100
AcDbEntity
  8
HALFEN
100
AcDbLine
 10
2720.454848759437
 20
2976.627743767701
 30
0.0
 11
2720.454848759437
 21
2973.441242939427
 31
0.0
  0
ARC
  5
895
330
2
100
AcDbEntity
  8
HALFEN
100
AcDbCircle
 10
2723.64134958771
 20
2996.941242939426
 30
0.0
 40
3.5
100
AcDbArc
 50
180.0
 51
0.0
  0
ARC
  5
896
330
2
100
AcDbEntity
  8
HALFEN
100
AcDbCircle
 10
2723.64134958771
 20
3065.622543589282
 30
0.0
 40
3.5
100
AcDbArc
 50
180.0
 51
0.0
  0
LINE
  5
897
330
2
100
AcDbEntity
  8
HALFEN
100
AcDbLine
 10
2720.141349587711
 20
3087.987142939426
 30
0.0
 11
2727.141349587711
 21
3087.987142939426
 31
0.0
  0
LINE
  5
898
330
2
100
AcDbEntity
  8
HALFEN
100
AcDbLine
 10
2870.454848759436
 20
2909.254745424249
 30
0.0
 11
2870.454848759436
 21
2912.441246252523
 31
0.0
  0
LINE
  5
899
330
2
100
AcDbEntity
  8
HALFEN
100
AcDbLine
 10
2876.827850415985
 20
2909.254745424249
 30
0.0
 11
2876.827850415985
 21
2912.441246252523
 31
0.0
  0
CIRCLE
  5
89A
330
2
100
AcDbEntity
  8
HALFEN
100
AcDbCircle
 10
2873.641349587711
 20
2909.254745424249
 30
0.0
 40
3.186500828273892
  0
LINE
  5
89B
330
2
100
AcDbEntity
  8
HALFEN
100
AcDbLine
 10
2870.141349587711
 20
3087.987142939426
 30
0.0
 11
2870.141349587711
 21
2996.941242939426
 31
0.0
  0
LINE
  5
89C
330
2
100
AcDbEntity
  8
HALFEN
100
AcDbLine
 10
2877.141349587711
 20
3087.987142939426
 30
0.0
 11
2877.141349587711
 21
2996.941242939426
 31
0.0
  0
CIRCLE
  5
89D
330
2
100
AcDbEntity
  8
HALFEN
100
AcDbCircle
 10
2873.641349587711
 20
2976.627743767701
 30
0.0
 40
3.186500828273892
  0
LINE
  5
89E
330
2
100
AcDbEntity
  8
HALFEN
100
AcDbLine
 10
2876.827850415985
 20
2976.627743767701
 30
0.0
 11
2876.827850415985
 21
2973.441242939427
 31
0.0
  0
LINE
  5
89F
330
2
100
AcDbEntity
  8
HALFEN
100
AcDbLine
 10
2870.454848759436
 20
2976.627743767701
 30
0.0
 11
2870.454848759436
 21
2973.441242939427
 31
0.0
  0
ARC
  5
8A0
330
2
100
AcDbEntity
  8
HALFEN
100
AcDbCircle
 10
2873.641349587711
 20
2996.941242939426
 30
0.0
 40
3.5
100
AcDbArc
 50
180.0
 51
0.0
  0
ARC
  5
8A1
330
2
100
AcDbEntity
  8
HALFEN
100
AcDbCircle
 10
2873.641349587711
 20
3065.622543589282
 30
0.0
 40
3.5
100
AcDbArc
 50
180.0
 51
0.0
  0
LINE
  5
8A2
330
2
100
AcDbEntity
  8
HALFEN
100
AcDbLine
 10
2870.141349587711
 20
3087.987142939426
 30
0.0
 11
2877.141349587711
 21
3087.987142939426
 31
0.0
  0
LINE
  5
8A3
330
2
100
AcDbEntity
  8
HALFEN
100
AcDbLine
 10
3020.454848759437
 20
2909.254745424249
 30
0.0
 11
3020.454848759437
 21
2912.441246252523
 31
0.0
  0
LINE
  5
8A4
330
2
100
AcDbEntity
  8
HALFEN
100
AcDbLine
 10
3026.827850415985
 20
2909.254745424249
 30
0.0
 11
3026.827850415985
 21
2912.441246252523
 31
0.0
  0
CIRCLE
  5
8A5
330
2
100
AcDbEntity
  8
HALFEN
100
AcDbCircle
 10
3023.641349587711
 20
2909.254745424249
 30
0.0
 40
3.186500828273892
  0
LINE
  5
8A6
330
2
100
AcDbEntity
  8
HALFEN
100
AcDbLine
 10
3020.14134958771
 20
3087.987142939426
 30
0.0
 11
3020.14134958771
 21
2996.941242939426
 31
0.0
  0
LINE
  5
8A7
330
2
100
AcDbEntity
  8
HALFEN
100
AcDbLine
 10
3027.141349587711
 20
3087.987142939426
 30
0.0
 11
3027.141349587711
 21
2996.941242939426
 31
0.0
  0
CIRCLE
  5
8A8
330
2
100
AcDbEntity
  8
HALFEN
100
AcDbCircle
 10
3023.641349587711
 20
2976.627743767701
 30
0.0
 40
3.186500828273892
  0
LINE
  5
8A9
330
2
100
AcDbEntity
  8
HALFEN
100
AcDbLine
 10
3026.827850415985
 20
2976.627743767701
 30
0.0
 11
3026.827850415985
 21
2973.441242939427
 31
0.0
  0
LINE
  5
8AA
330
2
100
AcDbEntity
  8
HALFEN
100
AcDbLine
 10
3020.454848759437
 20
2976.627743767701
 30
0.0
 11
3020.454848759437
 21
2973.441242939427
 31
0.0
  0
ARC
  5
8AB
330
2
100
AcDbEntity
  8
HALFEN
100
AcDbCircle
 10
3023.641349587711
 20
2996.941242939426
 30
0.0
 40
3.5
100
AcDbArc
 50
180.0
 51
0.0
  0
ARC
  5
8AC
330
2
100
AcDbEntity
  8
HALFEN
100
AcDbCircle
 10
3023.641349587711
 20
3065.622543589282
 30
0.0
 40
3.5
100
AcDbArc
 50
180.0
 51
0.0
  0
LINE
  5
8AD
330
2
100
AcDbEntity
  8
HALFEN
100
AcDbLine
 10
3020.14134958771
 20
3087.987142939426
 30
0.0
 11
3027.141349587711
 21
3087.987142939426
 31
0.0
  0
LINE
  5
8AE
330
2
100
AcDbEntity
  8
HALFEN
100
AcDbLine
 10
3170.454848759437
 20
2909.254745424249
 30
0.0
 11
3170.454848759437
 21
2912.441246252523
 31
0.0
  0
LINE
  5
8AF
330
2
100
AcDbEntity
  8
HALFEN
100
AcDbLine
 10
3176.827850415985
 20
2909.254745424249
 30
0.0
 11
3176.827850415985
 21
2912.441246252523
 31
0.0
  0
CIRCLE
  5
8B0
330
2
100
AcDbEntity
  8
HALFEN
100
AcDbCircle
 10
3173.641349587711
 20
2909.254745424249
 30
0.0
 40
3.186500828273892
  0
LINE
  5
8B1
330
2
100
AcDbEntity
  8
HALFEN
100
AcDbLine
 10
3170.141349587711
 20
3087.987142939426
 30
0.0
 11
3170.141349587711
 21
2996.941242939426
 31
0.0
  0
LINE
  5
8B2
330
2
100
AcDbEntity
  8
HALFEN
100
AcDbLine
 10
3177.14134958771
 20
3087.987142939426
 30
0.0
 11
3177.14134958771
 21
2996.941242939426
 31
0.0
  0
CIRCLE
  5
8B3
330
2
100
AcDbEntity
  8
HALFEN
100
AcDbCircle
 10
3173.641349587711
 20
2976.627743767701
 30
0.0
 40
3.186500828273892
  0
LINE
  5
8B4
330
2
100
AcDbEntity
  8
HALFEN
100
AcDbLine
 10
3176.827850415985
 20
2976.627743767701
 30
0.0
 11
3176.827850415985
 21
2973.441242939427
 31
0.0
  0
LINE
  5
8B5
330
2
100
AcDbEntity
  8
HALFEN
100
AcDbLine
 10
3170.454848759437
 20
2976.627743767701
 30
0.0
 11
3170.454848759437
 21
2973.441242939427
 31
0.0
  0
ARC
  5
8B6
330
2
100
AcDbEntity
  8
HALFEN
100
AcDbCircle
 10
3173.641349587711
 20
2996.941242939426
 30
0.0
 40
3.5
100
AcDbArc
 50
180.0
 51
0.0
  0
ARC
  5
8B7
330
2
100
AcDbEntity
  8
HALFEN
100
AcDbCircle
 10
3173.641349587711
 20
3065.622543589282
 30
0.0
 40
3.5
100
AcDbArc
 50
180.0
 51
0.0
  0
LINE
  5
8B8
330
2
100
AcDbEntity
  8
HALFEN
100
AcDbLine
 10
3170.141349587711
 20
3087.987142939426
 30
0.0
 11
3177.14134958771
 21
3087.987142939426
 31
0.0
  0
LINE
  5
8B9
330
2
100
AcDbEntity
  8
HALFEN
100
AcDbLine
 10
3320.454848759437
 20
2909.254745424249
 30
0.0
 11
3320.454848759437
 21
2912.441246252523
 31
0.0
  0
LINE
  5
8BA
330
2
100
AcDbEntity
  8
HALFEN
100
AcDbLine
 10
3326.827850415984
 20
2909.254745424249
 30
0.0
 11
3326.827850415984
 21
2912.441246252523
 31
0.0
  0
CIRCLE
  5
8BB
330
2
100
AcDbEntity
  8
HALFEN
100
AcDbCircle
 10
3323.64134958771
 20
2909.254745424249
 30
0.0
 40
3.186500828273892
  0
LINE
  5
8BC
330
2
100
AcDbEntity
  8
HALFEN
100
AcDbLine
 10
3320.141349587711
 20
3087.987142939426
 30
0.0
 11
3320.141349587711
 21
2996.941242939426
 31
0.0
  0
LINE
  5
8BD
330
2
100
AcDbEntity
  8
HALFEN
100
AcDbLine
 10
3327.141349587711
 20
3087.987142939426
 30
0.0
 11
3327.141349587711
 21
2996.941242939426
 31
0.0
  0
CIRCLE
  5
8BE
330
2
100
AcDbEntity
  8
HALFEN
100
AcDbCircle
 10
3323.64134958771
 20
2976.627743767701
 30
0.0
 40
3.186500828273892
  0
LINE
  5
8BF
330
2
100
AcDbEntity
  8
HALFEN
100
AcDbLine
 10
3326.827850415984
 20
2976.627743767701
 30
0.0
 11
3326.827850415984
 21
2973.441242939427
 31
0.0
  0
LINE
  5
8C0
330
2
100
AcDbEntity
  8
HALFEN
100
AcDbLine
 10
3320.454848759437
 20
2976.627743767701
 30
0.0
 11
3320.454848759437
 21
2973.441242939427
 31
0.0
  0
ARC
  5
8C1
330
2
100
AcDbEntity
  8
HALFEN
100
AcDbCircle
 10
3323.64134958771
 20
2996.941242939426
 30
0.0
 40
3.5
100
AcDbArc
 50
180.0
 51
0.0
  0
ARC
  5
8C2
330
2
100
AcDbEntity
  8
HALFEN
100
AcDbCircle
 10
3323.64134958771
 20
3065.622543589282
 30
0.0
 40
3.5
100
AcDbArc
 50
180.0
 51
0.0
  0
LINE
  5
8C3
330
2
100
AcDbEntity
  8
HALFEN
100
AcDbLine
 10
3320.141349587711
 20
3087.987142939426
 30
0.0
 11
3327.141349587711
 21
3087.987142939426
 31
0.0
  0
LINE
  5
8C4
330
2
100
AcDbEntity
  8
HALFEN
100
AcDbLine
 10
3470.454848759437
 20
2909.254745424249
 30
0.0
 11
3470.454848759437
 21
2912.441246252523
 31
0.0
  0
LINE
  5
8C5
330
2
100
AcDbEntity
  8
HALFEN
100
AcDbLine
 10
3476.827850415985
 20
2909.254745424249
 30
0.0
 11
3476.827850415985
 21
2912.441246252523
 31
0.0
  0
CIRCLE
  5
8C6
330
2
100
AcDbEntity
  8
HALFEN
100
AcDbCircle
 10
3473.641349587711
 20
2909.254745424249
 30
0.0
 40
3.186500828273892
  0
LINE
  5
8C7
330
2
100
AcDbEntity
  8
HALFEN
100
AcDbLine
 10
3470.141349587711
 20
3087.987142939426
 30
0.0
 11
3470.141349587711
 21
2996.941242939426
 31
0.0
  0
LINE
  5
8C8
330
2
100
AcDbEntity
  8
HALFEN
100
AcDbLine
 10
3477.141349587711
 20
3087.987142939426
 30
0.0
 11
3477.141349587711
 21
2996.941242939426
 31
0.0
  0
CIRCLE
  5
8C9
330
2
100
AcDbEntity
  8
HALFEN
100
AcDbCircle
 10
3473.641349587711
 20
2976.627743767701
 30
0.0
 40
3.186500828273892
  0
LINE
  5
8CA
330
2
100
AcDbEntity
  8
HALFEN
100
AcDbLine
 10
3476.827850415985
 20
2976.627743767701
 30
0.0
 11
3476.827850415985
 21
2973.441242939427
 31
0.0
  0
LINE
  5
8CB
330
2
100
AcDbEntity
  8
HALFEN
100
AcDbLine
 10
3470.454848759437
 20
2976.627743767701
 30
0.0
 11
3470.454848759437
 21
2973.441242939427
 31
0.0
  0
ARC
  5
8CC
330
2
100
AcDbEntity
  8
HALFEN
100
AcDbCircle
 10
3473.641349587711
 20
2996.941242939426
 30
0.0
 40
3.5
100
AcDbArc
 50
180.0
 51
0.0
  0
ARC
  5
8CD
330
2
100
AcDbEntity
  8
HALFEN
100
AcDbCircle
 10
3473.641349587711
 20
3065.622543589282
 30
0.0
 40
3.5
100
AcDbArc
 50
180.0
 51
0.0
  0
LINE
  5
8CE
330
2
100
AcDbEntity
  8
HALFEN
100
AcDbLine
 10
3470.141349587711
 20
3087.987142939426
 30
0.0
 11
3477.141349587711
 21
3087.987142939426
 31
0.0
  0
LINE
  5
8CF
330
2
100
AcDbEntity
  8
HALFEN
100
AcDbLine
 10
3620.454848759437
 20
2909.254745424249
 30
0.0
 11
3620.454848759437
 21
2912.441246252523
 31
0.0
  0
LINE
  5
8D0
330
2
100
AcDbEntity
  8
HALFEN
100
AcDbLine
 10
3626.827850415985
 20
2909.254745424249
 30
0.0
 11
3626.827850415985
 21
2912.441246252523
 31
0.0
  0
CIRCLE
  5
8D1
330
2
100
AcDbEntity
  8
HALFEN
100
AcDbCircle
 10
3623.641349587711
 20
2909.254745424249
 30
0.0
 40
3.186500828273892
  0
LINE
  5
8D2
330
2
100
AcDbEntity
  8
HALFEN
100
AcDbLine
 10
3620.141349587711
 20
3087.987142939426
 30
0.0
 11
3620.141349587711
 21
2996.941242939426
 31
0.0
  0
LINE
  5
8D3
330
2
100
AcDbEntity
  8
HALFEN
100
AcDbLine
 10
3627.141349587711
 20
3087.987142939426
 30
0.0
 11
3627.141349587711
 21
2996.941242939426
 31
0.0
  0
CIRCLE
  5
8D4
330
2
100
AcDbEntity
  8
HALFEN
100
AcDbCircle
 10
3623.641349587711
 20
2976.627743767701
 30
0.0
 40
3.186500828273892
  0
LINE
  5
8D5
330
2
100
AcDbEntity
  8
HALFEN
100
AcDbLine
 10
3626.827850415985
 20
2976.627743767701
 30
0.0
 11
3626.827850415985
 21
2973.441242939427
 31
0.0
  0
LINE
  5
8D6
330
2
100
AcDbEntity
  8
HALFEN
100
AcDbLine
 10
3620.454848759437
 20
2976.627743767701
 30
0.0
 11
3620.454848759437
 21
2973.441242939427
 31
0.0
  0
ARC
  5
8D7
330
2
100
AcDbEntity
  8
HALFEN
100
AcDbCircle
 10
3623.641349587711
 20
2996.941242939426
 30
0.0
 40
3.5
100
AcDbArc
 50
180.0
 51
0.0
  0
ARC
  5
8D8
330
2
100
AcDbEntity
  8
HALFEN
100
AcDbCircle
 10
3623.641349587711
 20
3065.622543589282
 30
0.0
 40
3.5
100
AcDbArc
 50
180.0
 51
0.0
  0
LINE
  5
8D9
330
2
100
AcDbEntity
  8
HALFEN
100
AcDbLine
 10
3620.141349587711
 20
3087.987142939426
 30
0.0
 11
3627.141349587711
 21
3087.987142939426
 31
0.0
  0
LINE
  5
8DA
330
2
100
AcDbEntity
  8
HALFEN
100
AcDbLine
 10
3770.454848759437
 20
2909.254745424249
 30
0.0
 11
3770.454848759437
 21
2912.441246252523
 31
0.0
  0
LINE
  5
8DB
330
2
100
AcDbEntity
  8
HALFEN
100
AcDbLine
 10
3776.827850415985
 20
2909.254745424249
 30
0.0
 11
3776.827850415985
 21
2912.441246252523
 31
0.0
  0
CIRCLE
  5
8DC
330
2
100
AcDbEntity
  8
HALFEN
100
AcDbCircle
 10
3773.641349587711
 20
2909.254745424249
 30
0.0
 40
3.186500828273892
  0
LINE
  5
8DD
330
2
100
AcDbEntity
  8
HALFEN
100
AcDbLine
 10
3770.14134958771
 20
3087.987142939426
 30
0.0
 11
3770.14134958771
 21
2996.941242939426
 31
0.0
  0
LINE
  5
8DE
330
2
100
AcDbEntity
  8
HALFEN
100
AcDbLine
 10
3777.141349587711
 20
3087.987142939426
 30
0.0
 11
3777.141349587711
 21
2996.941242939426
 31
0.0
  0
CIRCLE
  5
8DF
330
2
100
AcDbEntity
  8
HALFEN
100
AcDbCircle
 10
3773.641349587711
 20
2976.627743767701
 30
0.0
 40
3.186500828273892
  0
LINE
  5
8E0
330
2
100
AcDbEntity
  8
HALFEN
100
AcDbLine
 10
3776.827850415985
 20
2976.627743767701
 30
0.0
 11
3776.827850415985
 21
2973.441242939427
 31
0.0
  0
LINE
  5
8E1
330
2
100
AcDbEntity
  8
HALFEN
100
AcDbLine
 10
3770.454848759437
 20
2976.627743767701
 30
0.0
 11
3770.454848759437
 21
2973.441242939427
 31
0.0
  0
ARC
  5
8E2
330
2
100
AcDbEntity
  8
HALFEN
100
AcDbCircle
 10
3773.641349587711
 20
2996.941242939426
 30
0.0
 40
3.5
100
AcDbArc
 50
180.0
 51
0.0
  0
ARC
  5
8E3
330
2
100
AcDbEntity
  8
HALFEN
100
AcDbCircle
 10
3773.641349587711
 20
3065.622543589282
 30
0.0
 40
3.5
100
AcDbArc
 50
180.0
 51
0.0
  0
LINE
  5
8E4
330
2
100
AcDbEntity
  8
HALFEN
100
AcDbLine
 10
3770.14134958771
 20
3087.987142939426
 30
0.0
 11
3777.141349587711
 21
3087.987142939426
 31
0.0
  0
LINE
  5
8E5
330
2
100
AcDbEntity
  8
HALFEN
100
AcDbLine
 10
3920.454848759437
 20
2909.254745424249
 30
0.0
 11
3920.454848759437
 21
2912.441246252523
 31
0.0
  0
LINE
  5
8E6
330
2
100
AcDbEntity
  8
HALFEN
100
AcDbLine
 10
3926.827850415985
 20
2909.254745424249
 30
0.0
 11
3926.827850415985
 21
2912.441246252523
 31
0.0
  0
CIRCLE
  5
8E7
330
2
100
AcDbEntity
  8
HALFEN
100
AcDbCircle
 10
3923.641349587711
 20
2909.254745424249
 30
0.0
 40
3.186500828273892
  0
LINE
  5
8E8
330
2
100
AcDbEntity
  8
HALFEN
100
AcDbLine
 10
3920.141349587711
 20
3087.987142939426
 30
0.0
 11
3920.141349587711
 21
2996.941242939426
 31
0.0
  0
LINE
  5
8E9
330
2
100
AcDbEntity
  8
HALFEN
100
AcDbLine
 10
3927.14134958771
 20
3087.987142939426
 30
0.0
 11
3927.14134958771
 21
2996.941242939426
 31
0.0
  0
CIRCLE
  5
8EA
330
2
100
AcDbEntity
  8
HALFEN
100
AcDbCircle
 10
3923.641349587711
 20
2976.627743767701
 30
0.0
 40
3.186500828273892
  0
LINE
  5
8EB
330
2
100
AcDbEntity
  8
HALFEN
100
AcDbLine
 10
3926.827850415985
 20
2976.627743767701
 30
0.0
 11
3926.827850415985
 21
2973.441242939427
 31
0.0
  0
LINE
  5
8EC
330
2
100
AcDbEntity
  8
HALFEN
100
AcDbLine
 10
3920.454848759437
 20
2976.627743767701
 30
0.0
 11
3920.454848759437
 21
2973.441242939427
 31
0.0
  0
ARC
  5
8ED
330
2
100
AcDbEntity
  8
HALFEN
100
AcDbCircle
 10
3923.641349587711
 20
2996.941242939426
 30
0.0
 40
3.5
100
AcDbArc
 50
180.0
 51
0.0
  0
ARC
  5
8EE
330
2
100
AcDbEntity
  8
HALFEN
100
AcDbCircle
 10
3923.641349587711
 20
3065.622543589282
 30
0.0
 40
3.5
100
AcDbArc
 50
180.0
 51
0.0
  0
LINE
  5
8EF
330
2
100
AcDbEntity
  8
HALFEN
100
AcDbLine
 10
3920.141349587711
 20
3087.987142939426
 30
0.0
 11
3927.14134958771
 21
3087.987142939426
 31
0.0
  0
LINE
  5
8F0
330
2
100
AcDbEntity
  8
HALFEN
100
AcDbLine
 10
4070.454848759436
 20
2909.254745424249
 30
0.0
 11
4070.454848759436
 21
2912.441246252523
 31
0.0
  0
LINE
  5
8F1
330
2
100
AcDbEntity
  8
HALFEN
100
AcDbLine
 10
4076.827850415984
 20
2909.254745424249
 30
0.0
 11
4076.827850415984
 21
2912.441246252523
 31
0.0
  0
CIRCLE
  5
8F2
330
2
100
AcDbEntity
  8
HALFEN
100
AcDbCircle
 10
4073.641349587711
 20
2909.254745424249
 30
0.0
 40
3.186500828273892
  0
LINE
  5
8F3
330
2
100
AcDbEntity
  8
HALFEN
100
AcDbLine
 10
4070.14134958771
 20
3087.987142939426
 30
0.0
 11
4070.14134958771
 21
2996.941242939426
 31
0.0
  0
LINE
  5
8F4
330
2
100
AcDbEntity
  8
HALFEN
100
AcDbLine
 10
4077.14134958771
 20
3087.987142939426
 30
0.0
 11
4077.14134958771
 21
2996.941242939426
 31
0.0
  0
CIRCLE
  5
8F5
330
2
100
AcDbEntity
  8
HALFEN
100
AcDbCircle
 10
4073.641349587711
 20
2976.627743767701
 30
0.0
 40
3.186500828273892
  0
LINE
  5
8F6
330
2
100
AcDbEntity
  8
HALFEN
100
AcDbLine
 10
4076.827850415984
 20
2976.627743767701
 30
0.0
 11
4076.827850415984
 21
2973.441242939427
 31
0.0
  0
LINE
  5
8F7
330
2
100
AcDbEntity
  8
HALFEN
100
AcDbLine
 10
4070.454848759436
 20
2976.627743767701
 30
0.0
 11
4070.454848759436
 21
2973.441242939427
 31
0.0
  0
ARC
  5
8F8
330
2
100
AcDbEntity
  8
HALFEN
100
AcDbCircle
 10
4073.641349587711
 20
2996.941242939426
 30
0.0
 40
3.5
100
AcDbArc
 50
180.0
 51
0.0
  0
ARC
  5
8F9
330
2
100
AcDbEntity
  8
HALFEN
100
AcDbCircle
 10
4073.641349587711
 20
3065.622543589282
 30
0.0
 40
3.5
100
AcDbArc
 50
180.0
 51
0.0
  0
LINE
  5
8FA
330
2
100
AcDbEntity
  8
HALFEN
100
AcDbLine
 10
4070.14134958771
 20
3087.987142939426
 30
0.0
 11
4077.14134958771
 21
3087.987142939426
 31
0.0
  0
LINE
  5
8FB
330
2
100
AcDbEntity
  8
HALFEN
100
AcDbLine
 10
1220.14134958771
 20
3071.441242939426
 30
0.0
 11
1148.64134958771
 21
3071.441242939426
 31
0.0
  0
LINE
  5
8FC
330
2
100
AcDbEntity
  8
HALFEN
100
AcDbLine
 10
1370.14134958771
 20
3071.441242939427
 30
0.0
 11
1227.14134958771
 21
3071.441242939426
 31
0.0
  0
LINE
  5
8FD
330
2
100
AcDbEntity
  8
HALFEN
100
AcDbLine
 10
1520.14134958771
 20
3071.441242939427
 30
0.0
 11
1377.14134958771
 21
3071.441242939427
 31
0.0
  0
LINE
  5
8FE
330
2
100
AcDbEntity
  8
HALFEN
100
AcDbLine
 10
1670.14134958771
 20
3071.441242939427
 30
0.0
 11
1527.14134958771
 21
3071.441242939427
 31
0.0
  0
LINE
  5
8FF
330
2
100
AcDbEntity
  8
HALFEN
100
AcDbLine
 10
1670.14134958771
 20
3348.814241282877
 30
0.0
 11
1227.14134958771
 21
3348.814241282877
 31
0.0
  0
LINE
  5
900
330
2
100
AcDbEntity
  8
HALFEN
100
AcDbLine
 10
1220.14134958771
 20
3348.814241282877
 30
0.0
 11
1148.64134958771
 21
3348.814241282877
 31
0.0
  0
LINE
  5
901
330
2
100
AcDbEntity
  8
HALFEN
100
AcDbLine
 10
2120.14134958771
 20
3348.814241282877
 30
0.0
 11
1677.14134958771
 21
3348.814241282877
 31
0.0
  0
LINE
  5
902
330
2
100
AcDbEntity
  8
HALFEN
100
AcDbLine
 10
1820.14134958771
 20
3071.441242939427
 30
0.0
 11
1677.14134958771
 21
3071.441242939427
 31
0.0
  0
LINE
  5
903
330
2
100
AcDbEntity
  8
HALFEN
100
AcDbLine
 10
1970.14134958771
 20
3071.441242939427
 30
0.0
 11
1827.14134958771
 21
3071.441242939427
 31
0.0
  0
LINE
  5
904
330
2
100
AcDbEntity
  8
HALFEN
100
AcDbLine
 10
2120.141349587711
 20
3071.441242939427
 30
0.0
 11
1977.14134958771
 21
3071.441242939427
 31
0.0
  0
LINE
  5
905
330
2
100
AcDbEntity
  8
HALFEN
100
AcDbLine
 10
2270.14134958771
 20
3071.441242939427
 30
0.0
 11
2127.141349587711
 21
3071.441242939427
 31
0.0
  0
LINE
  5
906
330
2
100
AcDbEntity
  8
HALFEN
100
AcDbLine
 10
2420.141349587711
 20
3071.441242939427
 30
0.0
 11
2277.141349587711
 21
3071.441242939427
 31
0.0
  0
LINE
  5
907
330
2
100
AcDbEntity
  8
HALFEN
100
AcDbLine
 10
2570.141349587711
 20
3071.441242939426
 30
0.0
 11
2427.14134958771
 21
3071.441242939427
 31
0.0
  0
LINE
  5
908
330
2
100
AcDbEntity
  8
HALFEN
100
AcDbLine
 10
2720.141349587711
 20
3071.441242939426
 30
0.0
 11
2577.14134958771
 21
3071.441242939426
 31
0.0
  0
LINE
  5
909
330
2
100
AcDbEntity
  8
HALFEN
100
AcDbLine
 10
2870.141349587711
 20
3071.441242939426
 30
0.0
 11
2727.14134958771
 21
3071.441242939426
 31
0.0
  0
LINE
  5
90A
330
2
100
AcDbEntity
  8
HALFEN
100
AcDbLine
 10
3020.14134958771
 20
3071.441242939426
 30
0.0
 11
2877.141349587711
 21
3071.441242939426
 31
0.0
  0
LINE
  5
90B
330
2
100
AcDbEntity
  8
HALFEN
100
AcDbLine
 10
3170.141349587711
 20
3071.441242939426
 30
0.0
 11
3027.141349587711
 21
3071.441242939426
 31
0.0
  0
LINE
  5
90C
330
2
100
AcDbEntity
  8
HALFEN
100
AcDbLine
 10
3320.141349587711
 20
3071.441242939426
 30
0.0
 11
3177.141349587711
 21
3071.441242939426
 31
0.0
  0
LINE
  5
90D
330
2
100
AcDbEntity
  8
HALFEN
100
AcDbLine
 10
3470.141349587712
 20
3071.441242939426
 30
0.0
 11
3327.14134958771
 21
3071.441242939426
 31
0.0
  0
LINE
  5
90E
330
2
100
AcDbEntity
  8
HALFEN
100
AcDbLine
 10
3170.14134958771
 20
3348.814241282877
 30
0.0
 11
2127.14134958771
 21
3348.814241282877
 31
0.0
  0
LINE
  5
90F
330
2
100
AcDbEntity
  8
HALFEN
100
AcDbLine
 10
3620.14134958771
 20
3071.441242939425
 30
0.0
 11
3477.14134958771
 21
3071.441242939426
 31
0.0
  0
LINE
  5
910
330
2
100
AcDbEntity
  8
HALFEN
100
AcDbLine
 10
3770.14134958771
 20
3071.441242939425
 30
0.0
 11
3627.141349587711
 21
3071.441242939425
 31
0.0
  0
LINE
  5
911
330
2
100
AcDbEntity
  8
HALFEN
100
AcDbLine
 10
3920.141349587711
 20
3071.441242939426
 30
0.0
 11
3777.141349587711
 21
3071.441242939425
 31
0.0
  0
LINE
  5
912
330
2
100
AcDbEntity
  8
HALFEN
100
AcDbLine
 10
4070.14134958771
 20
3071.441242939426
 30
0.0
 11
3927.141349587711
 21
3071.441242939426
 31
0.0
  0
LINE
  5
913
330
2
100
AcDbEntity
  8
HALFEN
100
AcDbLine
 10
4070.14134958771
 20
3348.814241282877
 30
0.0
 11
3627.14134958771
 21
3348.814241282877
 31
0.0
  0
LINE
  5
914
330
2
100
AcDbEntity
  8
HALFEN
100
AcDbLine
 10
3620.141349587711
 20
3348.814241282877
 30
0.0
 11
3177.14134958771
 21
3348.814241282877
 31
0.0
  0
LINE
  5
915
330
2
100
AcDbEntity
  8
HALFEN
  6
MITTE2
 62
     1
100
AcDbLine
 10
1091.30264958771
 20
3370.814241282876
 30
0.0
 11
1091.302654404818
 21
3270.814241282878
 31
0.0
  0
LINE
  5
916
330
2
100
AcDbEntity
  8
HALFEN
  6
MITTE2
 62
     1
100
AcDbLine
 10
1091.30264958771
 20
3093.441242939426
 30
0.0
 11
1091.302654404819
 21
2993.441242939427
 31
0.0
  0
TEXT
  5
9F3
330
2
100
AcDbEntity
  8
HALFEN
100
AcDbText
 10
1108.96397358771
 20
3403.314241282877
 30
0.0
 40
5.0
  1

  7
ARIAL50
100
AcDbText
  0
TEXT
  5
9F6
330
2
100
AcDbEntity
  8
HALFEN
100
AcDbText
 10
1303.96397358771
 20
3403.314241282877
 30
0.0
 40
5.0
  1

  7
ARIAL50
100
AcDbText
  0
TEXT
  5
9F7
330
2
100
AcDbEntity
  8
HALFEN
100
AcDbText
 10
1303.96397358771
 20
3125.941242939426
 30
0.0
 40
5.0
  1

  7
ARIAL50
100
AcDbText
  0
TEXT
  5
9F8
330
2
100
AcDbEntity
  8
HALFEN
100
AcDbText
 10
1108.96397358771
 20
3125.941242939426
 30
0.0
 40
5.0
  1

  7
ARIAL50
100
AcDbText
  0
TEXT
  5
9F9
330
2
100
AcDbEntity
  8
HALFEN
100
AcDbText
 10
1113.96397358771
 20
2848.568244595975
 30
0.0
 40
5.0
  1

  7
ARIAL50
100
AcDbText
  0
TEXT
  5
9FA
330
2
100
AcDbEntity
  8
HALFEN
100
AcDbText
 10
1303.96397358771
 20
2848.568244595975
 30
0.0
 40
5.0
  1

  7
ARIAL50
100
AcDbText
  0
TEXT
  5
9FB
330
2
100
AcDbEntity
  8
HALFEN
100
AcDbText
 10
1303.96397358771
 20
2588.654844595975
 30
0.0
 40
5.0
  1

  7
ARIAL50
100
AcDbText
  0
TEXT
  5
9FC
330
2
100
AcDbEntity
  8
HALFEN
100
AcDbText
 10
1113.96397358771
 20
2588.654844595975
 30
0.0
 40
5.0
  1

  7
ARIAL50
100
AcDbText
  0
ENDSEC
  0
SECTION
  2
OBJECTS
  0
DICTIONARY
  5
7
330
0
100
AcDbDictionary
281
     1
  3
ACAD_CIP_PREVIOUS_PRODUCT_INFO
350
97B
  3
ACAD_COLOR
350
23
  3
ACAD_GROUP
350
1F
  3
ACAD_LAYOUT
350
B
  3
ACAD_MATERIAL
350
22
  3
ACAD_MLEADERSTYLE
350
975
  3
ACAD_MLINESTYLE
350
20
  3
ACAD_PLOTSETTINGS
350
21
  3
ACAD_PLOTSTYLENAME
350
6
  3
ACAD_SCALELIST
350
963
  3
ACAD_TABLESTYLE
350
24
  3
ACAD_VISUALSTYLE
350
94A
  3
ACDB_RECOMPOSE_DATA
350
A0B
  3
AcDbVariableDictionary
350
55A
  3
AcmDictionary
350
9A9
  3
AMG
350
97D
  3
AMGSNAPSETTINGS
350
9EC
  3
ASE_INDEX_DICTIONARY
350
557
  0
DICTIONARY
  5
9FD
330
4
100
AcDbDictionary
280
     1
281
     1
  3
ADSK_XREC_LAYER_RECONCILED
360
9FE
  0
DICTIONARY
  5
9FF
330
25
100
AcDbDictionary
280
     1
281
     1
  3
ADSK_XREC_LAYER_RECONCILED
360
A00
  0
XRECORD
  5
97B
102
{ACAD_REACTORS
330
7
102
}
330
7
100
AcDbXrecord
280
     1
300
AMECH_PP
300
2012
300
PDSP_F_S
  0
DICTIONARY
  5
23
102
{ACAD_REACTORS
330
7
102
}
330
7
100
AcDbDictionary
281
     1
  0
DICTIONARY
  5
1F
102
{ACAD_REACTORS
330
7
102
}
330
7
100
AcDbDictionary
281
     1
  0
DICTIONARY
  5
B
102
{ACAD_REACTORS
330
7
102
}
330
7
100
AcDbDictionary
281
     1
  3
Layout1
350
F
  3
Model
350
A
  0
DICTIONARY
  5
22
102
{ACAD_REACTORS
330
7
102
}
330
7
100
AcDbDictionary
281
     1
  3
ByBlock
350
93A
  3
ByLayer
350
932
  3
Global
350
942
  0
DICTIONARY
  5
975
102
{ACAD_REACTORS
330
7
102
}
330
7
100
AcDbDictionary
281
     1
  3
Standard
350
976
  0
DICTIONARY
  5
20
102
{ACAD_REACTORS
330
7
102
}
330
7
100
AcDbDictionary
281
     1
  3
STANDARD
350
27
  0
DICTIONARY
  5
21
102
{ACAD_REACTORS
330
7
102
}
330
7
100
AcDbDictionary
281
     1
  0
ACDBDICTIONARYWDFLT
  5
6
102
{ACAD_REACTORS
330
7
102
}
330
7
100
AcDbDictionary
281
     1
  3
Normal
350
5
100
AcDbDictionaryWithDefault
340
5
  0
DICTIONARY
  5
963
102
{ACAD_REACTORS
330
7
102
}
330
7
100
AcDbDictionary
281
     1
  3
A0
350
964
  3
A1
350
965
  3
A2
350
966
  3
A3
350
967
  3
A4
350
968
  3
A5
350
969
  3
A6
350
96A
  3
A7
350
96B
  3
A8
350
96C
  3
A9
350
96D
  3
B0
350
96E
  3
B1
350
96F
  3
B2
350
970
  3
B3
350
971
  3
B4
350
972
  3
B5
350
973
  3
B6
350
974
  0
DICTIONARY
  5
24
102
{ACAD_REACTORS
330
7
102
}
330
7
100
AcDbDictionary
281
     1
  3
Standard
350
28
  0
DICTIONARY
  5
94A
102
{ACAD_REACTORS
330
7
102
}
330
7
100
AcDbDictionary
281
     1
  3
2dWireframe
350
950
  3
Basic
350
94F
  3
Brighten
350
956
  3
ColorChange
350
95A
  3
Conceptual
350
953
  3
Dim
350
955
  3
EdgeColorOff
350
962
  3
Facepattern
350
959
  3
Flat
350
94B
  3
FlatWithEdges
350
94C
  3
Gouraud
350
94D
  3
GouraudWithEdges
350
94E
  3
Hidden
350
952
  3
JitterOff
350
960
  3
Linepattern
350
958
  3
OverhangOff
350
961
  3
Realistic
350
954
  3
Shaded
350
95F
  3
Shaded with edges
350
95E
  3
Shades of Gray
350
95B
  3
Sketchy
350
95C
  3
Thicken
350
957
  3
Wireframe
350
951
  3
X-Ray
350
95D
  0
XRECORD
  5
A0B
102
{ACAD_REACTORS
330
7
102
}
330
7
100
AcDbXrecord
280
     1
 90
        1
330
28
  0
DICTIONARY
  5
55A
102
{ACAD_REACTORS
330
7
102
}
330
7
100
AcDbDictionary
281
     1
  3
CANNOSCALE
350
A03
  3
CMLEADERSTYLE
350
A01
  3
CTABLESTYLE
350
55B
  3
DIMASSOC
350
569
  3
HIDETEXT
350
568
  3
LAYEREVAL
350
A05
  3
LAYERNOTIFY
350
A06
  3
LIGHTINGUNITS
350
A04
  3
MSLTSCALE
350
A02
  3
PROJECTNAME
350
56A
  0
DICTIONARY
  5
9A9
102
{ACAD_REACTORS
330
7
102
}
330
7
100
AcDbDictionary
281
     1
  3
AcmStdDictionary
350
9B0
  0
DICTIONARY
  5
97D
102
{ACAD_REACTORS
330
7
102
}
330
7
100
AcDbDictionary
281
     1
  0
DICTIONARY
  5
9EC
102
{ACAD_REACTORS
330
7
102
}
330
7
100
AcDbDictionary
281
     1
  0
DICTIONARY
  5
557
102
{ACAD_REACTORS
330
7
102
}
330
7
100
AcDbDictionary
281
     1
  3
ASEBlockHierarchyIndexRecord
350
559
1001
DCO15
1040
1565416942.359
  0
XRECORD
  5
9FE
102
{ACAD_REACTORS
330
9FD
102
}
330
9FD
100
AcDbXrecord
280
     1
290
     1
  0
XRECORD
  5
A00
102
{ACAD_REACTORS
330
9FF
102
}
330
9FF
100
AcDbXrecord
280
     1
290
     1
  0
LAYOUT
  5
F
102
{ACAD_REACTORS
330
B
102
}
330
B
100
AcDbPlotSettings
  1

  2
Microsoft Office Document Image Writer
  4

  6

 40
0.0
 41
0.0
 42
0.0
 43
0.0
 44
0.0
 45
0.0
 46
0.0
 47
0.0
 48
0.0
 49
0.0
140
0.0
141
0.0
142
1.0
143
1.0
 70
   688
 72
     0
 73
     0
 74
     5
  7

 75
    16
147
1.0
 76
     0
 77
     2
 78
   300
148
0.0
149
0.0
100
AcDbLayout
  1
Layout1
 70
     1
 71
     1
 10
0.0
 20
0.0
 11
12.0
 21
9.0
 12
0.0
 22
0.0
 32
0.0
 14
1.000000000000000E+20
 24
1.000000000000000E+20
 34
1.000000000000000E+20
 15
-1.000000000000000E+20
 25
-1.000000000000000E+20
 35
-1.000000000000000E+20
146
0.0
 13
0.0
 23
0.0
 33
0.0
 16
1.0
 26
0.0
 36
0.0
 17
0.0
 27
1.0
 37
0.0
 76
     0
330
C
  0
LAYOUT
  5
A
102
{ACAD_REACTORS
330
B
102
}
330
B
100
AcDbPlotSettings
  1

  2
Microsoft Office Document Image Writer
  4

  6

 40
0.0
 41
0.0
 42
0.0
 43
0.0
 44
0.0
 45
0.0
 46
0.0
 47
0.0
 48
0.0
 49
0.0
140
0.0
141
0.0
142
1.0
143
1.0
 70
  1712
 72
     0
 73
     0
 74
     0
  7

 75
     0
147
1.0
 76
     0
 77
     2
 78
   300
148
0.0
149
0.0
100
AcDbLayout
  1
Model
 70
     1
 71
     0
 10
0.0
 20
0.0
 11
12.0
 21
9.0
 12
0.0
 22
0.0
 32
0.0
 14
0.0
 24
0.0
 34
0.0
 15
0.0
 25
0.0
 35
0.0
146
0.0
 13
0.0
 23
0.0
 33
0.0
 16
1.0
 26
0.0
 36
0.0
 17
0.0
 27
1.0
 37
0.0
 76
     0
330
2
331
92A
  0
MATERIAL
  5
93A
102
{ACAD_XDICTIONARY
360
93B
102
}
102
{ACAD_REACTORS
330
22
102
}
330
22
100
AcDbMaterial
  1
ByBlock
 72
     0
 43
0.0008202099737533
 43
0.0
 43
0.0
 43
0.0
 43
0.0
 43
0.0008202099737533
 43
0.0
 43
0.0
 43
0.0
 43
0.0
 43
1.0
 43
0.0
 43
0.0
 43
0.0
 43
0.0
 43
1.0
 77
     0
 47
0.0008202099737533
 47
0.0
 47
0.0
 47
0.0
 47
0.0
 47
0.0008202099737533
 47
0.0
 47
0.0
 47
0.0
 47
0.0
 47
1.0
 47
0.0
 47
0.0
 47
0.0
 47
0.0
 47
1.0
171
     0
 49
0.0008202099737533
 49
0.0
 49
0.0
 49
0.0
 49
0.0
 49
0.0008202099737533
 49
0.0
 49
0.0
 49
0.0
 49
0.0
 49
1.0
 49
0.0
 49
0.0
 49
0.0
 49
0.0
 49
1.0
175
     0
142
0.0008202099737533
142
0.0
142
0.0
142
0.0
142
0.0
142
0.0008202099737533
142
0.0
142
0.0
142
0.0
142
0.0
142
1.0
142
0.0
142
0.0
142
0.0
142
0.0
142
1.0
179
     0
144
0.0008202099737533
144
0.0
144
0.0
144
0.0
144
0.0
144
0.0008202099737533
144
0.0
144
0.0
144
0.0
144
0.0
144
1.0
144
0.0
144
0.0
144
0.0
144
0.0
144
1.0
147
0.0008202099737533
147
0.0
147
0.0
147
0.0
147
0.0
147
0.0008202099737533
147
0.0
147
0.0
147
0.0
147
0.0
147
1.0
147
0.0
147
0.0
147
0.0
147
0.0
147
1.0
  0
MATERIAL
  5
932
102
{ACAD_XDICTIONARY
360
933
102
}
102
{ACAD_REACTORS
330
22
102
}
330
22
100
AcDbMaterial
  1
ByLayer
 72
     0
 43
0.0008202099737533
 43
0.0
 43
0.0
 43
0.0
 43
0.0
 43
0.0008202099737533
 43
0.0
 43
0.0
 43
0.0
 43
0.0
 43
1.0
 43
0.0
 43
0.0
 43
0.0
 43
0.0
 43
1.0
 77
     0
 47
0.0008202099737533
 47
0.0
 47
0.0
 47
0.0
 47
0.0
 47
0.0008202099737533
 47
0.0
 47
0.0
 47
0.0
 47
0.0
 47
1.0
 47
0.0
 47
0.0
 47
0.0
 47
0.0
 47
1.0
171
     0
 49
0.0008202099737533
 49
0.0
 49
0.0
 49
0.0
 49
0.0
 49
0.0008202099737533
 49
0.0
 49
0.0
 49
0.0
 49
0.0
 49
1.0
 49
0.0
 49
0.0
 49
0.0
 49
0.0
 49
1.0
175
     0
142
0.0008202099737533
142
0.0
142
0.0
142
0.0
142
0.0
142
0.0008202099737533
142
0.0
142
0.0
142
0.0
142
0.0
142
1.0
142
0.0
142
0.0
142
0.0
142
0.0
142
1.0
179
     0
144
0.0008202099737533
144
0.0
144
0.0
144
0.0
144
0.0
144
0.0008202099737533
144
0.0
144
0.0
144
0.0
144
0.0
144
1.0
144
0.0
144
0.0
144
0.0
144
0.0
144
1.0
147
0.0008202099737533
147
0.0
147
0.0
147
0.0
147
0.0
147
0.0008202099737533
147
0.0
147
0.0
147
0.0
147
0.0
147
1.0
147
0.0
147
0.0
147
0.0
147
0.0
147
1.0
  0
MATERIAL
  5
942
102
{ACAD_XDICTIONARY
360
943
102
}
102
{ACAD_REACTORS
330
22
102
}
330
22
100
AcDbMaterial
  1
Global
 72
     0
 43
0.0008202099737533
 43
0.0
 43
0.0
 43
0.0
 43
0.0
 43
0.0008202099737533
 43
0.0
 43
0.0
 43
0.0
 43
0.0
 43
1.0
 43
0.0
 43
0.0
 43
0.0
 43
0.0
 43
1.0
 77
     0
 47
0.0008202099737533
 47
0.0
 47
0.0
 47
0.0
 47
0.0
 47
0.0008202099737533
 47
0.0
 47
0.0
 47
0.0
 47
0.0
 47
1.0
 47
0.0
 47
0.0
 47
0.0
 47
0.0
 47
1.0
171
     0
 49
0.0008202099737533
 49
0.0
 49
0.0
 49
0.0
 49
0.0
 49
0.0008202099737533
 49
0.0
 49
0.0
 49
0.0
 49
0.0
 49
1.0
 49
0.0
 49
0.0
 49
0.0
 49
0.0
 49
1.0
175
     0
142
0.0008202099737533
142
0.0
142
0.0
142
0.0
142
0.0
142
0.0008202099737533
142
0.0
142
0.0
142
0.0
142
0.0
142
1.0
142
0.0
142
0.0
142
0.0
142
0.0
142
1.0
179
     0
144
0.0008202099737533
144
0.0
144
0.0
144
0.0
144
0.0
144
0.0008202099737533
144
0.0
144
0.0
144
0.0
144
0.0
144
1.0
144
0.0
144
0.0
144
0.0
144
0.0
144
1.0
147
0.0008202099737533
147
0.0
147
0.0
147
0.0
147
0.0
147
0.0008202099737533
147
0.0
147
0.0
147
0.0
147
0.0
147
1.0
147
0.0
147
0.0
147
0.0
147
0.0
147
1.0
  0
MLEADERSTYLE
  5
976
102
{ACAD_XDICTIONARY
360
A09
102
}
102
{ACAD_REACTORS
330
975
102
}
330
975
100
AcDbMLeaderStyle
179
     2
170
     2
171
     1
172
     0
 90
        2
 40
0.0
 41
0.0
173
     1
 91
-1056964608
340
15
 92
       -2
290
     1
 42
2.0
291
     1
 43
0.36
  3
Standard
 44
4.0
300

342
12
174
     1
178
     6
175
     1
176
     0
 93
-1056964608
 45
4.0
292
     0
297
     0
 46
4.0
 94
-1056964608
 47
1.0
 49
1.0
140
1.0
293
     1
141
0.0
294
     1
177
     0
142
1.0
295
     0
296
     0
143
0.125
271
     0
272
     9
273
     9
  0
MLINESTYLE
  5
27
102
{ACAD_REACTORS
330
20
102
}
330
20
100
AcDbMlineStyle
  2
STANDARD
 70
     0
  3

 62
     0
 51
90.0
 52
90.0
 71
     2
 49
0.5
 62
   256
  6
BYLAYER
 49
-0.5
 62
   256
  6
BYLAYER
  0
ACDBPLACEHOLDER
  5
5
102
{ACAD_REACTORS
330
6
102
}
330
6
  0
SCALE
  5
964
102
{ACAD_REACTORS
330
963
102
}
330
963
100
AcDbScale
 70
     0
300
1:1
140
1.0
141
1.0
290
     1
  0
SCALE
  5
965
102
{ACAD_REACTORS
330
963
102
}
330
963
100
AcDbScale
 70
     0
300
1:2
140
1.0
141
2.0
290
     0
  0
SCALE
  5
966
102
{ACAD_REACTORS
330
963
102
}
330
963
100
AcDbScale
 70
     0
300
1:4
140
1.0
141
4.0
290
     0
  0
SCALE
  5
967
102
{ACAD_REACTORS
330
963
102
}
330
963
100
AcDbScale
 70
     0
300
1:5
140
1.0
141
5.0
290
     0
  0
SCALE
  5
968
102
{ACAD_REACTORS
330
963
102
}
330
963
100
AcDbScale
 70
     0
300
1:8
140
1.0
141
8.0
290
     0
  0
SCALE
  5
969
102
{ACAD_REACTORS
330
963
102
}
330
963
100
AcDbScale
 70
     0
300
1:10
140
1.0
141
10.0
290
     0
  0
SCALE
  5
96A
102
{ACAD_REACTORS
330
963
102
}
330
963
100
AcDbScale
 70
     0
300
1:16
140
1.0
141
16.0
290
     0
  0
SCALE
  5
96B
102
{ACAD_REACTORS
330
963
102
}
330
963
100
AcDbScale
 70
     0
300
1:20
140
1.0
141
20.0
290
     0
  0
SCALE
  5
96C
102
{ACAD_REACTORS
330
963
102
}
330
963
100
AcDbScale
 70
     0
300
1:30
140
1.0
141
30.0
290
     0
  0
SCALE
  5
96D
102
{ACAD_REACTORS
330
963
102
}
330
963
100
AcDbScale
 70
     0
300
1:40
140
1.0
141
40.0
290
     0
  0
SCALE
  5
96E
102
{ACAD_REACTORS
330
963
102
}
330
963
100
AcDbScale
 70
     0
300
1:50
140
1.0
141
50.0
290
     0
  0
SCALE
  5
96F
102
{ACAD_REACTORS
330
963
102
}
330
963
100
AcDbScale
 70
     0
300
1:100
140
1.0
141
100.0
290
     0
  0
SCALE
  5
970
102
{ACAD_REACTORS
330
963
102
}
330
963
100
AcDbScale
 70
     0
300
2:1
140
2.0
141
1.0
290
     0
  0
SCALE
  5
971
102
{ACAD_REACTORS
330
963
102
}
330
963
100
AcDbScale
 70
     0
300
4:1
140
4.0
141
1.0
290
     0
  0
SCALE
  5
972
102
{ACAD_REACTORS
330
963
102
}
330
963
100
AcDbScale
 70
     0
300
8:1
140
8.0
141
1.0
290
     0
  0
SCALE
  5
973
102
{ACAD_REACTORS
330
963
102
}
330
963
100
AcDbScale
 70
     0
300
10:1
140
10.0
141
1.0
290
     0
  0
SCALE
  5
974
102
{ACAD_REACTORS
330
963
102
}
330
963
100
AcDbScale
 70
     0
300
100:1
140
100.0
141
1.0
290
     0
  0
TABLESTYLE
  5
28
102
{ACAD_XDICTIONARY
360
A07
102
}
102
{ACAD_REACTORS
330
24
102
}
330
24
100
AcDbTableStyle
280
     0
  3
Standard
 70
     0
 71
     0
 40
1.5
 41
1.5
280
     0
281
     0
  7
STANDARD
140
4.5
170
     2
 62
     0
 63
     7
283
     0
 90
        4
 91
        0
  1

274
    -2
284
     1
 64
     0
275
    -2
285
     1
 65
     0
276
    -2
286
     1
 66
     0
277
    -2
287
     1
 67
     0
278
    -2
288
     1
 68
     0
279
    -2
289
     1
 69
     0
  7
STANDARD
140
6.0
170
     5
 62
     0
 63
     7
283
     0
 90
        4
 91
        0
  1

274
    -2
284
     1
 64
     0
275
    -2
285
     1
 65
     0
276
    -2
286
     1
 66
     0
277
    -2
287
     1
 67
     0
278
    -2
288
     1
 68
     0
279
    -2
289
     1
 69
     0
  7
STANDARD
140
4.5
170
     5
 62
     0
 63
     7
283
     0
 90
        4
 91
        0
  1

274
    -2
284
     1
 64
     0
275
    -2
285
     1
 65
     0
276
    -2
286
     1
 66
     0
277
    -2
287
     1
 67
     0
278
    -2
288
     1
 68
     0
279
    -2
289
     1
 69
     0
  0
VISUALSTYLE
  5
950
102
{ACAD_REACTORS
330
94A
102
}
330
94A
100
AcDbVisualStyle
  2
2dWireframe
 70
     4
177
     2
291
     0
 71
     0
176
     1
 72
     2
176
     1
 73
     0
176
     1
 90
        0
176
     1
 40
0.6
176
     1
 41
30.0
176
     1
 63
     7
421
 16777215
176
     1
 74
     1
176
     1
 91
        4
176
     1
 64
     7
176
     1
 65
   257
176
     1
 75
     1
176
     1
175
     1
176
     1
 42
1.0
176
     1
 92
        0
176
     1
 66
   257
176
     1
 43
1.0
176
     1
 76
     1
176
     1
 77
     6
176
     1
 78
     2
176
     1
 67
     7
176
     1
 79
     5
176
     1
170
     0
176
     1
171
     0
176
     1
290
     0
176
     1
 93
        1
176
     1
 44
0.0
176
     1
173
     0
176
     1
  0
VISUALSTYLE
  5
94F
102
{ACAD_REACTORS
330
94A
102
}
330
94A
100
AcDbVisualStyle
  2
Basic
 70
     7
177
     2
291
     1
 71
     1
176
     1
 72
     0
176
     1
 73
     1
176
     1
 90
        0
176
     1
 40
0.6
176
     1
 41
30.0
176
     1
 63
     7
421
 16777215
176
     1
 74
     0
176
     1
 91
        4
176
     1
 64
     7
176
     1
 65
   257
176
     1
 75
     1
176
     1
175
     1
176
     1
 42
1.0
176
     1
 92
        8
176
     1
 66
     7
176
     1
 43
1.0
176
     1
 76
     1
176
     1
 77
     6
176
     1
 78
     2
176
     1
 67
     7
176
     1
 79
     5
176
     1
170
     0
176
     1
171
     0
176
     1
290
     0
176
     1
 93
        1
176
     1
 44
0.0
176
     1
173
     0
176
     1
  0
VISUALSTYLE
  5
956
102
{ACAD_REACTORS
330
94A
102
}
330
94A
100
AcDbVisualStyle
  2
Brighten
 70
    12
177
     2
291
     1
 71
     2
176
     1
 72
     2
176
     1
 73
     0
176
     1
 90
        0
176
     1
 40
0.6
176
     1
 41
30.0
176
     1
 63
     7
421
 16777215
176
     1
 74
     1
176
     1
 91
        4
176
     1
 64
     7
176
     1
 65
   257
176
     1
 75
     1
176
     1
175
     1
176
     1
 42
1.0
176
     1
 92
        8
176
     1
 66
     7
176
     1
 43
1.0
176
     1
 76
     1
176
     1
 77
     6
176
     1
 78
     2
176
     1
 67
     7
176
     1
 79
     5
176
     1
170
     0
176
     1
171
     0
176
     1
290
     0
176
     1
 93
        1
176
     1
 44
50.0
176
     1
173
     0
176
     1
  0
VISUALSTYLE
  5
95A
102
{ACAD_REACTORS
330
94A
102
}
330
94A
100
AcDbVisualStyle
  2
ColorChange
 70
    16
177
     2
291
     1
 71
     2
176
     1
 72
     2
176
     1
 73
     3
176
     1
 90
        0
176
     1
 40
0.6
176
     1
 41
30.0
176
     1
 63
     8
421
  8421504
176
     1
 74
     1
176
     1
 91
        4
176
     1
 64
     7
176
     1
 65
   257
176
     1
 75
     1
176
     1
175
     1
176
     1
 42
1.0
176
     1
 92
        8
176
     1
 66
     8
424
  8421504
176
     1
 43
1.0
176
     1
 76
     1
176
     1
 77
     6
176
     1
 78
     2
176
     1
 67
     7
176
     1
 79
     5
176
     1
170
     0
176
     1
171
     0
176
     1
290
     0
176
     1
 93
        1
176
     1
 44
0.0
176
     1
173
     0
176
     1
  0
VISUALSTYLE
  5
953
102
{ACAD_REACTORS
330
94A
102
}
330
94A
100
AcDbVisualStyle
  2
Conceptual
 70
     9
177
     2
291
     0
 71
     3
176
     1
 72
     2
176
     1
 73
     0
176
     1
 90
        0
176
     1
 40
0.6
176
     1
 41
30.0
176
     1
 63
     7
421
 16777215
176
     1
 74
     2
176
     1
 91
        2
176
     1
 64
     7
176
     1
 65
   257
176
     1
 75
     1
176
     1
175
     1
176
     1
 42
179.0
176
     1
 92
        8
176
     1
 66
     7
176
     1
 43
1.0
176
     1
 76
     1
176
     1
 77
     6
176
     1
 78
     2
176
     1
 67
     7
176
     1
 79
     3
176
     1
170
     0
176
     1
171
     0
176
     1
290
     0
176
     1
 93
        1
176
     1
 44
0.0
176
     1
173
     0
176
     1
  0
VISUALSTYLE
  5
955
102
{ACAD_REACTORS
330
94A
102
}
330
94A
100
AcDbVisualStyle
  2
Dim
 70
    11
177
     2
291
     1
 71
     2
176
     1
 72
     2
176
     1
 73
     0
176
     1
 90
        0
176
     1
 40
0.6
176
     1
 41
30.0
176
     1
 63
     7
421
 16777215
176
     1
 74
     1
176
     1
 91
        4
176
     1
 64
     7
176
     1
 65
   257
176
     1
 75
     1
176
     1
175
     1
176
     1
 42
1.0
176
     1
 92
        8
176
     1
 66
     7
176
     1
 43
1.0
176
     1
 76
     1
176
     1
 77
     6
176
     1
 78
     2
176
     1
 67
     7
176
     1
 79
     5
176
     1
170
     0
176
     1
171
     0
176
     1
290
     0
176
     1
 93
        1
176
     1
 44
-50.0
176
     1
173
     0
176
     1
  0
VISUALSTYLE
  5
962
102
{ACAD_REACTORS
330
94A
102
}
330
94A
100
AcDbVisualStyle
  2
EdgeColorOff
 70
    22
177
     2
291
     1
 71
     2
176
     0
 72
     2
176
     0
 73
     0
176
     0
 90
        0
176
     0
 40
0.6
176
     0
 41
30.0
176
     0
 63
     7
421
 16777215
176
     0
 74
     1
176
     0
 91
        4
176
     0
 64
     7
176
     0
 65
   257
176
     0
 75
     1
176
     0
175
     1
176
     0
 42
1.0
176
     0
 92
        8
176
     2
 66
     7
176
     0
 43
1.0
176
     0
 76
     1
176
     0
 77
     6
176
     0
 78
     2
176
     0
 67
     7
176
     0
 79
     5
176
     0
170
     0
176
     0
171
     0
176
     0
290
     0
176
     0
 93
        1
176
     0
 44
0.0
176
     0
173
     0
176
     0
  0
VISUALSTYLE
  5
959
102
{ACAD_REACTORS
330
94A
102
}
330
94A
100
AcDbVisualStyle
  2
Facepattern
 70
    15
177
     2
291
     1
 71
     2
176
     1
 72
     2
176
     1
 73
     0
176
     1
 90
        0
176
     1
 40
0.6
176
     1
 41
30.0
176
     1
 63
     7
421
 16777215
176
     1
 74
     1
176
     1
 91
        4
176
     1
 64
     7
176
     1
 65
   257
176
     1
 75
     1
176
     1
175
     1
176
     1
 42
1.0
176
     1
 92
        8
176
     1
 66
     7
176
     1
 43
1.0
176
     1
 76
     1
176
     1
 77
     6
176
     1
 78
     2
176
     1
 67
     7
176
     1
 79
     5
176
     1
170
     0
176
     1
171
     0
176
     1
290
     0
176
     1
 93
        1
176
     1
 44
0.0
176
     1
173
     0
176
     1
  0
VISUALSTYLE
  5
94B
102
{ACAD_REACTORS
330
94A
102
}
330
94A
100
AcDbVisualStyle
  2
Flat
 70
     0
177
     2
291
     1
 71
     2
176
     1
 72
     1
176
     1
 73
     1
176
     1
 90
        2
176
     1
 40
0.6
176
     1
 41
30.0
176
     1
 63
     7
421
 16777215
176
     1
 74
     0
176
     1
 91
        0
176
     1
 64
     7
176
     1
 65
   257
176
     1
 75
     1
176
     1
175
     1
176
     1
 42
1.0
176
     1
 92
        8
176
     1
 66
     7
176
     1
 43
1.0
176
     1
 76
     1
176
     1
 77
     6
176
     1
 78
     2
176
     1
 67
     7
176
     1
 79
     5
176
     1
170
     0
176
     1
171
     0
176
     1
290
     0
176
     1
 93
       13
176
     1
 44
0.0
176
     1
173
     0
176
     1
  0
VISUALSTYLE
  5
94C
102
{ACAD_REACTORS
330
94A
102
}
330
94A
100
AcDbVisualStyle
  2
FlatWithEdges
 70
     1
177
     2
291
     1
 71
     2
176
     1
 72
     1
176
     1
 73
     1
176
     1
 90
        2
176
     1
 40
0.6
176
     1
 41
30.0
176
     1
 63
     7
421
 16777215
176
     1
 74
     1
176
     1
 91
        0
176
     1
 64
     7
176
     1
 65
   257
176
     1
 75
     1
176
     1
175
     1
176
     1
 42
1.0
176
     1
 92
        0
176
     1
 66
   257
176
     1
 43
1.0
176
     1
 76
     1
176
     1
 77
     6
176
     1
 78
     2
176
     1
 67
     7
176
     1
 79
     5
176
     1
170
     0
176
     1
171
     0
176
     1
290
     0
176
     1
 93
       13
176
     1
 44
0.0
176
     1
173
     0
176
     1
  0
VISUALSTYLE
  5
94D
102
{ACAD_REACTORS
330
94A
102
}
330
94A
100
AcDbVisualStyle
  2
Gouraud
 70
     2
177
     2
291
     1
 71
     2
176
     1
 72
     2
176
     1
 73
     1
176
     1
 90
        2
176
     1
 40
0.6
176
     1
 41
30.0
176
     1
 63
     7
421
 16777215
176
     1
 74
     0
176
     1
 91
        0
176
     1
 64
     7
176
     1
 65
   257
176
     1
 75
     1
176
     1
175
     1
176
     1
 42
1.0
176
     1
 92
        0
176
     1
 66
     7
176
     1
 43
1.0
176
     1
 76
     1
176
     1
 77
     6
176
     1
 78
     2
176
     1
 67
     7
176
     1
 79
     5
176
     1
170
     0
176
     1
171
     0
176
     1
290
     0
176
     1
 93
       13
176
     1
 44
0.0
176
     1
173
     0
176
     1
  0
VISUALSTYLE
  5
94E
102
{ACAD_REACTORS
330
94A
102
}
330
94A
100
AcDbVisualStyle
  2
GouraudWithEdges
 70
     3
177
     2
291
     1
 71
     2
176
     1
 72
     2
176
     1
 73
     1
176
     1
 90
        2
176
     1
 40
0.6
176
     1
 41
30.0
176
     1
 63
     7
421
 16777215
176
     1
 74
     1
176
     1
 91
        0
176
     1
 64
     7
176
     1
 65
   257
176
     1
 75
     1
176
     1
175
     1
176
     1
 42
1.0
176
     1
 92
        0
176
     1
 66
   257
176
     1
 43
1.0
176
     1
 76
     1
176
     1
 77
     6
176
     1
 78
     2
176
     1
 67
     7
176
     1
 79
     5
176
     1
170
     0
176
     1
171
     0
176
     1
290
     0
176
     1
 93
       13
176
     1
 44
0.0
176
     1
173
     0
176
     1
  0
VISUALSTYLE
  5
952
102
{ACAD_REACTORS
330
94A
102
}
330
94A
100
AcDbVisualStyle
  2
Hidden
 70
     6
177
     2
291
     0
 71
     1
176
     1
 72
     2
176
     1
 73
     2
176
     1
 90
        0
176
     1
 40
0.6
176
     1
 41
30.0
176
     1
 63
     7
421
 16777215
176
     1
 74
     2
176
     1
 91
        2
176
     1
 64
     7
176
     1
 65
   257
176
     1
 75
     2
176
     1
175
     1
176
     1
 42
40.0
176
     1
 92
        0
176
     1
 66
   257
176
     1
 43
1.0
176
     1
 76
     1
176
     1
 77
     6
176
     1
 78
     2
176
     1
 67
     7
176
     1
 79
     3
176
     1
170
     0
176
     1
171
     0
176
     1
290
     0
176
     1
 93
        1
176
     1
 44
0.0
176
     1
173
     0
176
     1
  0
VISUALSTYLE
  5
960
102
{ACAD_REACTORS
330
94A
102
}
330
94A
100
AcDbVisualStyle
  2
JitterOff
 70
    20
177
     2
291
     1
 71
     2
176
     0
 72
     2
176
     0
 73
     0
176
     0
 90
        0
176
     0
 40
0.6
176
     0
 41
30.0
176
     0
 63
     7
421
 16777215
176
     0
 74
     1
176
     0
 91
        4
176
     0
 64
     7
176
     0
 65
   257
176
     0
 75
     1
176
     0
175
     1
176
     0
 42
1.0
176
     0
 92
       10
176
     2
 66
     7
176
     0
 43
1.0
176
     0
 76
     1
176
     0
 77
     6
176
     0
 78
     2
176
     0
 67
     7
176
     0
 79
     5
176
     0
170
     0
176
     0
171
     0
176
     0
290
     0
176
     0
 93
        1
176
     0
 44
0.0
176
     0
173
     0
176
     0
  0
VISUALSTYLE
  5
958
102
{ACAD_REACTORS
330
94A
102
}
330
94A
100
AcDbVisualStyle
  2
Linepattern
 70
    14
177
     2
291
     1
 71
     2
176
     1
 72
     2
176
     1
 73
     0
176
     1
 90
        0
176
     1
 40
0.6
176
     1
 41
30.0
176
     1
 63
     7
421
 16777215
176
     1
 74
     1
176
     1
 91
        4
176
     1
 64
     7
176
     1
 65
   257
176
     1
 75
     7
176
     1
175
     7
176
     1
 42
1.0
176
     1
 92
        8
176
     1
 66
     7
176
     1
 43
1.0
176
     1
 76
     1
176
     1
 77
     6
176
     1
 78
     2
176
     1
 67
     7
176
     1
 79
     5
176
     1
170
     0
176
     1
171
     0
176
     1
290
     0
176
     1
 93
        1
176
     1
 44
0.0
176
     1
173
     0
176
     1
  0
VISUALSTYLE
  5
961
102
{ACAD_REACTORS
330
94A
102
}
330
94A
100
AcDbVisualStyle
  2
OverhangOff
 70
    21
177
     2
291
     1
 71
     2
176
     0
 72
     2
176
     0
 73
     0
176
     0
 90
        0
176
     0
 40
0.6
176
     0
 41
30.0
176
     0
 63
     7
421
 16777215
176
     0
 74
     1
176
     0
 91
        4
176
     0
 64
     7
176
     0
 65
   257
176
     0
 75
     1
176
     0
175
     1
176
     0
 42
1.0
176
     0
 92
        9
176
     2
 66
     7
176
     0
 43
1.0
176
     0
 76
     1
176
     0
 77
     6
176
     0
 78
     2
176
     0
 67
     7
176
     0
 79
     5
176
     0
170
     0
176
     0
171
     0
176
     0
290
     0
176
     0
 93
        1
176
     0
 44
0.0
176
     0
173
     0
176
     0
  0
VISUALSTYLE
  5
954
102
{ACAD_REACTORS
330
94A
102
}
330
94A
100
AcDbVisualStyle
  2
Realistic
 70
     8
177
     2
291
     0
 71
     2
176
     1
 72
     3
176
     1
 73
     0
176
     1
 90
        2
176
     1
 40
0.6
176
     1
 41
30.0
176
     1
 63
     7
421
 16777215
176
     1
 74
     0
176
     1
 91
        0
176
     1
 64
     7
176
     1
 65
   257
176
     1
 75
     1
176
     1
175
     1
176
     1
 42
1.0
176
     1
 92
        8
176
     1
 66
   257
176
     1
 43
1.0
176
     1
 76
     1
176
     1
 77
     6
176
     1
 78
     2
176
     1
 67
     7
176
     1
 79
     3
176
     1
170
     0
176
     1
171
     0
176
     1
290
     0
176
     1
 93
       13
176
     1
 44
0.0
176
     1
173
     0
176
     1
  0
VISUALSTYLE
  5
95F
102
{ACAD_REACTORS
330
94A
102
}
330
94A
100
AcDbVisualStyle
  2
Shaded
 70
    27
177
     2
291
     0
 71
     2
176
     1
 72
     2
176
     1
 73
     1
176
     1
 90
        2
176
     1
 40
0.6
176
     1
 41
30.0
176
     1
 63
     7
421
 16777215
176
     1
 74
     0
176
     1
 91
        4
176
     1
 64
     7
176
     1
 65
   257
176
     1
 75
     1
176
     1
175
     1
176
     1
 42
1.0
176
     1
 92
        8
176
     1
 66
   257
176
     1
 43
1.0
176
     1
 76
     1
176
     1
 77
     6
176
     1
 78
     2
176
     1
 67
     8
425
  7895160
176
     1
 79
     3
176
     1
170
     0
176
     1
171
     0
176
     1
290
     0
176
     1
 93
        5
176
     1
 44
0.0
176
     1
173
     0
176
     1
  0
VISUALSTYLE
  5
95E
102
{ACAD_REACTORS
330
94A
102
}
330
94A
100
AcDbVisualStyle
  2
Shaded with edges
 70
    26
177
     2
291
     0
 71
     2
176
     1
 72
     2
176
     1
 73
     1
176
     1
 90
        2
176
     1
 40
0.6
176
     1
 41
30.0
176
     1
 63
     7
421
 16777215
176
     1
 74
     1
176
     1
 91
       10
176
     1
 64
     7
176
     1
 65
   257
176
     1
 75
     2
176
     1
175
     1
176
     1
 42
1.0
176
     1
 92
        8
176
     1
 66
   257
176
     1
 43
1.0
176
     1
 76
     1
176
     1
 77
     6
176
     1
 78
     2
176
     1
 67
     7
176
     1
 79
     3
176
     1
170
     0
176
     1
171
     0
176
     1
290
     0
176
     1
 93
        5
176
     1
 44
0.0
176
     1
173
     0
176
     1
  0
VISUALSTYLE
  5
95B
102
{ACAD_REACTORS
330
94A
102
}
330
94A
100
AcDbVisualStyle
  2
Shades of Gray
 70
    23
177
     2
291
     0
 71
     2
176
     1
 72
     2
176
     1
 73
     3
176
     1
 90
        0
176
     1
 40
0.6
176
     1
 41
30.0
176
     1
 63
     7
421
 16777215
176
     1
 74
     2
176
     1
 91
        2
176
     1
 64
     7
176
     1
 65
     7
176
     1
 75
     1
176
     1
175
     1
176
     1
 42
40.0
176
     1
 92
        8
176
     1
 66
     7
176
     1
 43
1.0
176
     1
 76
     1
176
     1
 77
     6
176
     1
 78
     2
176
     1
 67
     7
176
     1
 79
     3
176
     1
170
     0
176
     1
171
     0
176
     1
290
     0
176
     1
 93
        1
176
     1
 44
0.0
176
     1
173
     0
176
     1
  0
VISUALSTYLE
  5
95C
102
{ACAD_REACTORS
330
94A
102
}
330
94A
100
AcDbVisualStyle
  2
Sketchy
 70
    24
177
     2
291
     0
 71
     1
176
     1
 72
     2
176
     1
 73
     2
176
     1
 90
        0
176
     1
 40
0.6
176
     1
 41
30.0
176
     1
 63
     7
421
 16777215
176
     1
 74
     2
176
     1
 91
        2
176
     1
 64
     7
176
     1
 65
     7
176
     1
 75
     1
176
     1
175
     1
176
     1
 42
40.0
176
     1
 92
       11
176
     1
 66
     7
176
     1
 43
1.0
176
     1
 76
     1
176
     1
 77
     6
176
     1
 78
     2
176
     1
 67
     7
176
     1
 79
     6
176
     1
170
     0
176
     1
171
     0
176
     1
290
     0
176
     1
 93
        1
176
     1
 44
0.0
176
     1
173
     0
176
     1
  0
VISUALSTYLE
  5
957
102
{ACAD_REACTORS
330
94A
102
}
330
94A
100
AcDbVisualStyle
  2
Thicken
 70
    13
177
     2
291
     1
 71
     2
176
     1
 72
     2
176
     1
 73
     0
176
     1
 90
        0
176
     1
 40
0.6
176
     1
 41
30.0
176
     1
 63
     7
421
 16777215
176
     1
 74
     1
176
     1
 91
        4
176
     1
 64
     7
176
     1
 65
   257
176
     1
 75
     1
176
     1
175
     1
176
     1
 42
1.0
176
     1
 92
       12
176
     1
 66
     7
176
     1
 43
1.0
176
     1
 76
     1
176
     1
 77
     6
176
     1
 78
     2
176
     1
 67
     7
176
     1
 79
     5
176
     1
170
     0
176
     1
171
     0
176
     1
290
     0
176
     1
 93
        1
176
     1
 44
0.0
176
     1
173
     0
176
     1
  0
VISUALSTYLE
  5
951
102
{ACAD_REACTORS
330
94A
102
}
330
94A
100
AcDbVisualStyle
  2
Wireframe
 70
     5
177
     2
291
     0
 71
     0
176
     1
 72
     2
176
     1
 73
     0
176
     1
 90
        0
176
     1
 40
0.6
176
     1
 41
30.0
176
     1
 63
     7
421
 16777215
176
     1
 74
     1
176
     1
 91
        4
176
     1
 64
     7
176
     1
 65
   257
176
     1
 75
     1
176
     1
175
     1
176
     1
 42
1.0
176
     1
 92
        0
176
     1
 66
   257
176
     1
 43
1.0
176
     1
 76
     1
176
     1
 77
     6
176
     1
 78
     2
176
     1
 67
     7
176
     1
 79
     3
176
     1
170
     0
176
     1
171
     0
176
     1
290
     0
176
     1
 93
        1
176
     1
 44
0.0
176
     1
173
     0
176
     1
  0
VISUALSTYLE
  5
95D
102
{ACAD_REACTORS
330
94A
102
}
330
94A
100
AcDbVisualStyle
  2
X-Ray
 70
    25
177
     2
291
     0
 71
     2
176
     1
 72
     2
176
     1
 73
     1
176
     1
 90
        1
176
     1
 40
0.5
176
     1
 41
30.0
176
     1
 63
     7
421
 16777215
176
     1
 74
     1
176
     1
 91
        0
176
     1
 64
     7
176
     1
 65
   257
176
     1
 75
     1
176
     1
175
     1
176
     1
 42
1.0
176
     1
 92
        8
176
     1
 66
     7
176
     1
 43
1.0
176
     1
 76
     1
176
     1
 77
     6
176
     1
 78
     2
176
     1
 67
     7
176
     1
 79
     3
176
     1
170
     0
176
     1
171
     0
176
     1
290
     0
176
     1
 93
       13
176
     1
 44
0.0
176
     1
173
     0
176
     1
  0
DICTIONARYVAR
  5
A03
102
{ACAD_REACTORS
330
55A
102
}
330
55A
100
DictionaryVariables
280
     0
  1
1:1
  0
DICTIONARYVAR
  5
A01
102
{ACAD_REACTORS
330
55A
102
}
330
55A
100
DictionaryVariables
280
     0
  1
STANDARD
  0
DICTIONARYVAR
  5
55B
102
{ACAD_REACTORS
330
55A
102
}
330
55A
100
DictionaryVariables
280
     0
  1
STANDARD
  0
DICTIONARYVAR
  5
569
102
{ACAD_REACTORS
330
55A
102
}
330
55A
100
DictionaryVariables
280
     0
  1
1
  0
DICTIONARYVAR
  5
568
102
{ACAD_REACTORS
330
55A
102
}
330
55A
100
DictionaryVariables
280
     0
  1
1
  0
DICTIONARYVAR
  5
A05
102
{ACAD_REACTORS
330
55A
102
}
330
55A
100
DictionaryVariables
280
     0
  1
1
  0
DICTIONARYVAR
  5
A06
102
{ACAD_REACTORS
330
55A
102
}
330
55A
100
DictionaryVariables
280
     0
  1
15
  0
DICTIONARYVAR
  5
A04
102
{ACAD_REACTORS
330
55A
102
}
330
55A
100
DictionaryVariables
280
     0
  1
0
  0
DICTIONARYVAR
  5
A02
102
{ACAD_REACTORS
330
55A
102
}
330
55A
100
DictionaryVariables
280
     0
  1
0
  0
DICTIONARYVAR
  5
56A
102
{ACAD_REACTORS
330
55A
102
}
330
55A
100
DictionaryVariables
280
     0
  1

  0
DICTIONARY
  5
9B0
102
{ACAD_REACTORS
330
9A9
102
}
330
9A9
100
AcDbDictionary
281
     1
  0
XRECORD
  5
559
102
{ACAD_REACTORS
330
557
102
}
330
557
100
AcDbXrecord
280
     1
  0
DICTIONARY
  5
93B
330
93A
100
AcDbDictionary
280
     1
281
     1
  3
BUMPTILE
360
93D
  3
DIFFUSETILE
360
93C
  3
OPACITYTILE
360
940
  3
REFLECTIONTILE
360
93F
  3
REFRACTIONTILE
360
941
  3
SPECULARTILE
360
93E
  0
DICTIONARY
  5
933
330
932
100
AcDbDictionary
280
     1
281
     1
  3
BUMPTILE
360
935
  3
DIFFUSETILE
360
934
  3
OPACITYTILE
360
938
  3
REFLECTIONTILE
360
937
  3
REFRACTIONTILE
360
939
  3
SPECULARTILE
360
936
  0
DICTIONARY
  5
943
330
942
100
AcDbDictionary
280
     1
281
     1
  3
BUMPTILE
360
945
  3
DIFFUSETILE
360
944
  3
OPACITYTILE
360
948
  3
REFLECTIONTILE
360
947
  3
REFRACTIONTILE
360
949
  3
SPECULARTILE
360
946
  0
DICTIONARY
  5
A09
330
976
100
AcDbDictionary
280
     1
281
     1
  3
ACAD_XREC_ROUNDTRIP
360
A0A
  0
DICTIONARY
  5
A07
330
28
100
AcDbDictionary
280
     1
281
     1
  3
ACAD_ROUNDTRIP_2008_TABLESTYLE_CELLSTYLEMAP
360
A08
  0
XRECORD
  5
93D
102
{ACAD_REACTORS
330
93B
102
}
330
93B
100
AcDbXrecord
280
     1
270
     1
271
     1
  0
XRECORD
  5
93C
102
{ACAD_REACTORS
330
93B
102
}
330
93B
100
AcDbXrecord
280
     1
270
     1
271
     1
  0
XRECORD
  5
940
102
{ACAD_REACTORS
330
93B
102
}
330
93B
100
AcDbXrecord
280
     1
270
     1
271
     1
  0
XRECORD
  5
93F
102
{ACAD_REACTORS
330
93B
102
}
330
93B
100
AcDbXrecord
280
     1
270
     1
271
     1
  0
XRECORD
  5
941
102
{ACAD_REACTORS
330
93B
102
}
330
93B
100
AcDbXrecord
280
     1
270
     1
271
     1
  0
XRECORD
  5
93E
102
{ACAD_REACTORS
330
93B
102
}
330
93B
100
AcDbXrecord
280
     1
270
     1
271
     1
  0
XRECORD
  5
935
102
{ACAD_REACTORS
330
933
102
}
330
933
100
AcDbXrecord
280
     1
270
     1
271
     1
  0
XRECORD
  5
934
102
{ACAD_REACTORS
330
933
102
}
330
933
100
AcDbXrecord
280
     1
270
     1
271
     1
  0
XRECORD
  5
938
102
{ACAD_REACTORS
330
933
102
}
330
933
100
AcDbXrecord
280
     1
270
     1
271
     1
  0
XRECORD
  5
937
102
{ACAD_REACTORS
330
933
102
}
330
933
100
AcDbXrecord
280
     1
270
     1
271
     1
  0
XRECORD
  5
939
102
{ACAD_REACTORS
330
933
102
}
330
933
100
AcDbXrecord
280
     1
270
     1
271
     1
  0
XRECORD
  5
936
102
{ACAD_REACTORS
330
933
102
}
330
933
100
AcDbXrecord
280
     1
270
     1
271
     1
  0
XRECORD
  5
945
102
{ACAD_REACTORS
330
943
102
}
330
943
100
AcDbXrecord
280
     1
270
     1
271
     1
  0
XRECORD
  5
944
102
{ACAD_REACTORS
330
943
102
}
330
943
100
AcDbXrecord
280
     1
270
     1
271
     1
  0
XRECORD
  5
948
102
{ACAD_REACTORS
330
943
102
}
330
943
100
AcDbXrecord
280
     1
270
     1
271
     1
  0
XRECORD
  5
947
102
{ACAD_REACTORS
330
943
102
}
330
943
100
AcDbXrecord
280
     1
270
     1
271
     1
  0
XRECORD
  5
949
102
{ACAD_REACTORS
330
943
102
}
330
943
100
AcDbXrecord
280
     1
270
     1
271
     1
  0
XRECORD
  5
946
102
{ACAD_REACTORS
330
943
102
}
330
943
100
AcDbXrecord
280
     1
270
     1
271
     1
  0
XRECORD
  5
A0A
102
{ACAD_REACTORS
330
A09
102
}
330
A09
100
AcDbXrecord
280
     1
102
ACAD_ROUNDTRIP_2012_MLEADER_STYLE
298
     1
  0
CELLSTYLEMAP
  5
A08
102
{ACAD_REACTORS
330
A07
102
}
330
A07
100
AcDbCellStyleMap
 90
        3
300
CELLSTYLE
  1
TABLEFORMAT_BEGIN
 90
        5
170
     1
 91
        0
 92
    32768
 62
   257
 93
        1
300
CONTENTFORMAT
  1
CONTENTFORMAT_BEGIN
 90
        0
 91
        0
 92
        4
 93
        0
300

 40
0.0
140
1.0
 94
        5
 62
     0
340
12
144
6.0
309
CONTENTFORMAT_END
171
     1
301
MARGIN
  1
CELLMARGIN_BEGIN
 40
1.5
 40
1.5
 40
1.5
 40
1.5
 40
0.18
 40
0.18
309
CELLMARGIN_END
 94
        6
 95
        1
302
GRIDFORMAT
  1
GRIDFORMAT_BEGIN
 90
        0
 91
        1
 62
     0
 92
       -2
340
0
 93
        0
 40
0.045
309
GRIDFORMAT_END
 95
        2
302
GRIDFORMAT
  1
GRIDFORMAT_BEGIN
 90
        0
 91
        1
 62
     0
 92
       -2
340
0
 93
        0
 40
0.045
309
GRIDFORMAT_END
 95
        4
302
GRIDFORMAT
  1
GRIDFORMAT_BEGIN
 90
        0
 91
        1
 62
     0
 92
       -2
340
0
 93
        0
 40
0.045
309
GRIDFORMAT_END
 95
        8
302
GRIDFORMAT
  1
GRIDFORMAT_BEGIN
 90
        0
 91
        1
 62
     0
 92
       -2
340
0
 93
        0
 40
0.045
309
GRIDFORMAT_END
 95
       16
302
GRIDFORMAT
  1
GRIDFORMAT_BEGIN
 90
        0
 91
        1
 62
     0
 92
       -2
340
0
 93
        0
 40
0.045
309
GRIDFORMAT_END
 95
       32
302
GRIDFORMAT
  1
GRIDFORMAT_BEGIN
 90
        0
 91
        1
 62
     0
 92
       -2
340
0
 93
        0
 40
0.045
309
GRIDFORMAT_END
309
TABLEFORMAT_END
  1
CELLSTYLE_BEGIN
 90
        1
 91
        1
300
_TITLE
309
CELLSTYLE_END
300
CELLSTYLE
  1
TABLEFORMAT_BEGIN
 90
        5
170
     1
 91
        0
 92
        0
 62
   257
 93
        1
300
CONTENTFORMAT
  1
CONTENTFORMAT_BEGIN
 90
        0
 91
        0
 92
        4
 93
        0
300

 40
0.0
140
1.0
 94
        5
 62
     0
340
12
144
4.5
309
CONTENTFORMAT_END
171
     1
301
MARGIN
  1
CELLMARGIN_BEGIN
 40
1.5
 40
1.5
 40
1.5
 40
1.5
 40
0.18
 40
0.18
309
CELLMARGIN_END
 94
        6
 95
        1
302
GRIDFORMAT
  1
GRIDFORMAT_BEGIN
 90
        0
 91
        1
 62
     0
 92
       -2
340
0
 93
        0
 40
0.045
309
GRIDFORMAT_END
 95
        2
302
GRIDFORMAT
  1
GRIDFORMAT_BEGIN
 90
        0
 91
        1
 62
     0
 92
       -2
340
0
 93
        0
 40
0.045
309
GRIDFORMAT_END
 95
        4
302
GRIDFORMAT
  1
GRIDFORMAT_BEGIN
 90
        0
 91
        1
 62
     0
 92
       -2
340
0
 93
        0
 40
0.045
309
GRIDFORMAT_END
 95
        8
302
GRIDFORMAT
  1
GRIDFORMAT_BEGIN
 90
        0
 91
        1
 62
     0
 92
       -2
340
0
 93
        0
 40
0.045
309
GRIDFORMAT_END
 95
       16
302
GRIDFORMAT
  1
GRIDFORMAT_BEGIN
 90
        0
 91
        1
 62
     0
 92
       -2
340
0
 93
        0
 40
0.045
309
GRIDFORMAT_END
 95
       32
302
GRIDFORMAT
  1
GRIDFORMAT_BEGIN
 90
        0
 91
        1
 62
     0
 92
       -2
340
0
 93
        0
 40
0.045
309
GRIDFORMAT_END
309
TABLEFORMAT_END
  1
CELLSTYLE_BEGIN
 90
        2
 91
        1
300
_HEADER
309
CELLSTYLE_END
300
CELLSTYLE
  1
TABLEFORMAT_BEGIN
 90
        5
170
     1
 91
        0
 92
        0
 62
   257
 93
        1
300
CONTENTFORMAT
  1
CONTENTFORMAT_BEGIN
 90
        0
 91
        0
 92
        4
 93
        0
300

 40
0.0
140
1.0
 94
        2
 62
     0
340
12
144
4.5
309
CONTENTFORMAT_END
171
     1
301
MARGIN
  1
CELLMARGIN_BEGIN
 40
1.5
 40
1.5
 40
1.5
 40
1.5
 40
0.18
 40
0.18
309
CELLMARGIN_END
 94
        6
 95
        1
302
GRIDFORMAT
  1
GRIDFORMAT_BEGIN
 90
        0
 91
        1
 62
     0
 92
       -2
340
0
 93
        0
 40
0.045
309
GRIDFORMAT_END
 95
        2
302
GRIDFORMAT
  1
GRIDFORMAT_BEGIN
 90
        0
 91
        1
 62
     0
 92
       -2
340
0
 93
        0
 40
0.045
309
GRIDFORMAT_END
 95
        4
302
GRIDFORMAT
  1
GRIDFORMAT_BEGIN
 90
        0
 91
        1
 62
     0
 92
       -2
340
0
 93
        0
 40
0.045
309
GRIDFORMAT_END
 95
        8
302
GRIDFORMAT
  1
GRIDFORMAT_BEGIN
 90
        0
 91
        1
 62
     0
 92
       -2
340
0
 93
        0
 40
0.045
309
GRIDFORMAT_END
 95
       16
302
GRIDFORMAT
  1
GRIDFORMAT_BEGIN
 90
        0
 91
        1
 62
     0
 92
       -2
340
0
 93
        0
 40
0.045
309
GRIDFORMAT_END
 95
       32
302
GRIDFORMAT
  1
GRIDFORMAT_BEGIN
 90
        0
 91
        1
 62
     0
 92
       -2
340
0
 93
        0
 40
0.045
309
GRIDFORMAT_END
309
TABLEFORMAT_END
  1
CELLSTYLE_BEGIN
 90
        3
 91
        2
300
_DATA
309
CELLSTYLE_END
  0
ENDSEC
  0
EOF
