  0
SECTION
  2
HEADER
  9
$ACADVER
  1
AC1024
  9
$ACADMAINTVER
 70
    63
  9
$DWGCODEPAGE
  3
ANSI_1252
  9
$LASTSAVEDBY
  1
uhlaender
  9
$INSBASE
 10
2608.427376000002
 20
1949.504003313091
 30
0.0
  9
$EXTMIN
 10
1091.164546147811
 20
986.8957931994119
 30
-0.0000000349181948
  9
$EXTMAX
 10
4187.418987570856
 20
2028.418741346234
 30
0.0000000814935746
  9
$LIMMIN
 10
0.0
 20
0.0
  9
$LIMMAX
 10
841.0
 20
1189.0
  9
$ORTHOMODE
 70
     0
  9
$REGENMODE
 70
     1
  9
$FILLMODE
 70
     1
  9
$QTEXTMODE
 70
     0
  9
$MIRRTEXT
 70
     1
  9
$LTSCALE
 40
1.0
  9
$ATTMODE
 70
     1
  9
$TEXTSIZE
 40
3.5
  9
$TRACEWID
 40
0.05
  9
$TEXTSTYLE
  7
ARIAL50
  9
$CLAYER
  8
HALFEN
  9
$CELTYPE
  6
BYLAYER
  9
$CECOLOR
 62
   256
  9
$CELTSCALE
 40
1.0
  9
$DISPSILH
 70
     0
  9
$DIMSCALE
 40
1.0
  9
$DIMASZ
 40
2.5
  9
$DIMEXO
 40
1.0
  9
$DIMDLI
 40
10.0
  9
$DIMRND
 40
0.0
  9
$DIMDLE
 40
0.0
  9
$DIMEXE
 40
1.0
  9
$DIMTP
 40
0.1
  9
$DIMTM
 40
0.1
  9
$DIMTXT
 40
3.5
  9
$DIMCEN
 40
0.09
  9
$DIMTSZ
 40
0.0
  9
$DIMTOL
 70
     0
  9
$DIMLIM
 70
     0
  9
$DIMTIH
 70
     0
  9
$DIMTOH
 70
     0
  9
$DIMSE1
 70
     0
  9
$DIMSE2
 70
     0
  9
$DIMTAD
 70
     1
  9
$DIMZIN
 70
     8
  9
$DIMBLK
  1

  9
$DIMASO
 70
     1
  9
$DIMSHO
 70
     1
  9
$DIMPOST
  1

  9
$DIMAPOST
  1

  9
$DIMALT
 70
     0
  9
$DIMALTD
 70
     2
  9
$DIMALTF
 40
0.0393701
  9
$DIMLFAC
 40
1.0
  9
$DIMTOFL
 70
     1
  9
$DIMTVP
 40
0.0
  9
$DIMTIX
 70
     0
  9
$DIMSOXD
 70
     0
  9
$DIMSAH
 70
     0
  9
$DIMBLK1
  1

  9
$DIMBLK2
  1

  9
$DIMSTYLE
  2
GEN-ISO
  9
$DIMCLRD
 70
     1
  9
$DIMCLRE
 70
     1
  9
$DIMCLRT
 70
     7
  9
$DIMTFAC
 40
0.71
  9
$DIMGAP
 40
3.0
  9
$DIMJUST
 70
     0
  9
$DIMSD1
 70
     0
  9
$DIMSD2
 70
     0
  9
$DIMTOLJ
 70
     0
  9
$DIMTZIN
 70
     0
  9
$DIMALTZ
 70
     0
  9
$DIMALTTZ
 70
     0
  9
$DIMUPT
 70
     0
  9
$DIMDEC
 70
     1
  9
$DIMTDEC
 70
     3
  9
$DIMALTU
 70
     2
  9
$DIMALTTD
 70
     4
  9
$DIMTXSTY
  7
STANDARD
  9
$DIMAUNIT
 70
     0
  9
$DIMADEC
 70
     0
  9
$DIMALTRND
 40
0.0
  9
$DIMAZIN
 70
     0
  9
$DIMDSEP
 70
    46
  9
$DIMATFIT
 70
     3
  9
$DIMFRAC
 70
     0
  9
$DIMLDRBLK
  1

  9
$DIMLUNIT
 70
     2
  9
$DIMLWD
 70
    -2
  9
$DIMLWE
 70
    -2
  9
$DIMTMOVE
 70
     0
  9
$DIMFXL
 40
1.0
  9
$DIMFXLON
 70
     0
  9
$DIMJOGANG
 40
0.7853981633974483
  9
$DIMTFILL
 70
     0
  9
$DIMTFILLCLR
 70
     0
  9
$DIMARCSYM
 70
     0
  9
$DIMLTYPE
  6

  9
$DIMLTEX1
  6

  9
$DIMLTEX2
  6

  9
$DIMTXTDIRECTION
 70
     0
  9
$LUNITS
 70
     2
  9
$LUPREC
 70
     2
  9
$SKETCHINC
 40
0.1
  9
$FILLETRAD
 40
3.0
  9
$AUNITS
 70
     0
  9
$AUPREC
 70
     0
  9
$MENU
  1
.
  9
$ELEVATION
 40
0.0
  9
$PELEVATION
 40
0.0
  9
$THICKNESS
 40
0.0
  9
$LIMCHECK
 70
     0
  9
$CHAMFERA
 40
2.5
  9
$CHAMFERB
 40
2.5
  9
$CHAMFERC
 40
1.0
  9
$CHAMFERD
 40
0.0
  9
$SKPOLY
 70
     0
  9
$TDCREATE
 40
2451438.371298843
  9
$TDUCREATE
 40
2451438.287965509
  9
$TDUPDATE
 40
2456115.471631736
  9
$TDUUPDATE
 40
2456115.388298403
  9
$TDINDWG
 40
1.2087853009
  9
$TDUSRTIMER
 40
1.2087853009
  9
$USRTIMER
 70
     1
  9
$ANGBASE
 50
0.0
  9
$ANGDIR
 70
     0
  9
$PDMODE
 70
     0
  9
$PDSIZE
 40
0.0
  9
$PLINEWID
 40
0.0
  9
$SPLFRAME
 70
     0
  9
$SPLINETYPE
 70
     6
  9
$SPLINESEGS
 70
     8
  9
$HANDSEED
  5
9D9
  9
$SURFTAB1
 70
     6
  9
$SURFTAB2
 70
     6
  9
$SURFTYPE
 70
     6
  9
$SURFU
 70
     6
  9
$SURFV
 70
     6
  9
$UCSBASE
  2

  9
$UCSNAME
  2

  9
$UCSORG
 10
0.0
 20
0.0
 30
0.0
  9
$UCSXDIR
 10
1.0
 20
0.0
 30
0.0
  9
$UCSYDIR
 10
0.0
 20
1.0
 30
0.0
  9
$UCSORTHOREF
  2

  9
$UCSORTHOVIEW
 70
     0
  9
$UCSORGTOP
 10
0.0
 20
0.0
 30
0.0
  9
$UCSORGBOTTOM
 10
0.0
 20
0.0
 30
0.0
  9
$UCSORGLEFT
 10
0.0
 20
0.0
 30
0.0
  9
$UCSORGRIGHT
 10
0.0
 20
0.0
 30
0.0
  9
$UCSORGFRONT
 10
0.0
 20
0.0
 30
0.0
  9
$UCSORGBACK
 10
0.0
 20
0.0
 30
0.0
  9
$PUCSBASE
  2

  9
$PUCSNAME
  2

  9
$PUCSORG
 10
0.0
 20
0.0
 30
0.0
  9
$PUCSXDIR
 10
1.0
 20
0.0
 30
0.0
  9
$PUCSYDIR
 10
0.0
 20
1.0
 30
0.0
  9
$PUCSORTHOREF
  2

  9
$PUCSORTHOVIEW
 70
     0
  9
$PUCSORGTOP
 10
0.0
 20
0.0
 30
0.0
  9
$PUCSORGBOTTOM
 10
0.0
 20
0.0
 30
0.0
  9
$PUCSORGLEFT
 10
0.0
 20
0.0
 30
0.0
  9
$PUCSORGRIGHT
 10
0.0
 20
0.0
 30
0.0
  9
$PUCSORGFRONT
 10
0.0
 20
0.0
 30
0.0
  9
$PUCSORGBACK
 10
0.0
 20
0.0
 30
0.0
  9
$USERI1
 70
     0
  9
$USERI2
 70
     0
  9
$USERI3
 70
     0
  9
$USERI4
 70
     0
  9
$USERI5
 70
     0
  9
$USERR1
 40
0.0
  9
$USERR2
 40
0.0
  9
$USERR3
 40
0.0
  9
$USERR4
 40
0.0
  9
$USERR5
 40
0.0
  9
$WORLDVIEW
 70
     1
  9
$SHADEDGE
 70
     3
  9
$SHADEDIF
 70
    70
  9
$TILEMODE
 70
     1
  9
$MAXACTVP
 70
    48
  9
$PINSBASE
 10
0.0
 20
0.0
 30
0.0
  9
$PLIMCHECK
 70
     0
  9
$PEXTMIN
 10
1.000000000000000E+20
 20
1.000000000000000E+20
 30
1.000000000000000E+20
  9
$PEXTMAX
 10
-1.000000000000000E+20
 20
-1.000000000000000E+20
 30
-1.000000000000000E+20
  9
$PLIMMIN
 10
0.0
 20
0.0
  9
$PLIMMAX
 10
12.0
 20
9.0
  9
$UNITMODE
 70
     0
  9
$VISRETAIN
 70
     1
  9
$PLINEGEN
 70
     0
  9
$PSLTSCALE
 70
     1
  9
$TREEDEPTH
 70
  3020
  9
$CMLSTYLE
  2
STANDARD
  9
$CMLJUST
 70
     0
  9
$CMLSCALE
 40
1.0
  9
$PROXYGRAPHICS
 70
     1
  9
$MEASUREMENT
 70
     1
  9
$CELWEIGHT
370
    -1
  9
$ENDCAPS
280
     0
  9
$JOINSTYLE
280
     0
  9
$LWDISPLAY
290
     0
  9
$INSUNITS
 70
     4
  9
$HYPERLINKBASE
  1

  9
$STYLESHEET
  1

  9
$XEDIT
290
     1
  9
$CEPSNTYPE
380
     0
  9
$PSTYLEMODE
290
     1
  9
$FINGERPRINTGUID
  2
{09059C57-DBE2-4450-AC7B-05FE3EED8ADD}
  9
$VERSIONGUID
  2
{6C19D0E0-5127-41A5-AE4D-D618EE6BE9E0}
  9
$EXTNAMES
290
     1
  9
$PSVPSCALE
 40
0.0
  9
$OLESTARTUP
290
     0
  9
$SORTENTS
280
   127
  9
$INDEXCTL
280
     0
  9
$HIDETEXT
280
     1
  9
$XCLIPFRAME
280
     2
  9
$HALOGAP
280
     0
  9
$OBSCOLOR
 70
   257
  9
$OBSLTYPE
280
     0
  9
$INTERSECTIONDISPLAY
280
     0
  9
$INTERSECTIONCOLOR
 70
   257
  9
$DIMASSOC
280
     1
  9
$PROJECTNAME
  1

  9
$CAMERADISPLAY
290
     0
  9
$LENSLENGTH
 40
50.0
  9
$CAMERAHEIGHT
 40
0.0
  9
$STEPSPERSEC
 40
2.0
  9
$STEPSIZE
 40
6.0
  9
$3DDWFPREC
 40
2.0
  9
$PSOLWIDTH
 40
0.25
  9
$PSOLHEIGHT
 40
4.0
  9
$LOFTANG1
 40
1.570796326794896
  9
$LOFTANG2
 40
1.570796326794896
  9
$LOFTMAG1
 40
0.0
  9
$LOFTMAG2
 40
0.0
  9
$LOFTPARAM
 70
     7
  9
$LOFTNORMALS
280
     1
  9
$LATITUDE
 40
37.795
  9
$LONGITUDE
 40
-122.394
  9
$NORTHDIRECTION
 40
0.0
  9
$TIMEZONE
 70
 -8000
  9
$LIGHTGLYPHDISPLAY
280
     1
  9
$TILEMODELIGHTSYNCH
280
     1
  9
$CMATERIAL
347
903
  9
$SOLIDHIST
280
     0
  9
$SHOWHIST
280
     1
  9
$DWFFRAME
280
     2
  9
$DGNFRAME
280
     0
  9
$REALWORLDSCALE
290
     1
  9
$INTERFERECOLOR
 62
     1
  9
$INTERFEREOBJVS
345
925
  9
$INTERFEREVPVS
346
922
  9
$CSHADOW
280
     0
  9
$SHADOWPLANELOCATION
 40
0.0
  0
ENDSEC
  0
SECTION
  2
CLASSES
  0
CLASS
  1
ACDBDICTIONARYWDFLT
  2
AcDbDictionaryWithDefault
  3
ObjectDBX Classes
 90
        0
 91
        1
280
     0
281
     0
  0
CLASS
  1
TABLESTYLE
  2
AcDbTableStyle
  3
ObjectDBX Classes
 90
     4095
 91
        1
280
     0
281
     0
  0
CLASS
  1
ACME_DOCUMENT
  2
AcMeDbDoc
  3
AcMeServices
 90
     1024
 91
        2
280
     1
281
     0
  0
CLASS
  1
AMGSETTINGSOBJ
  2
AmgSettingsObj
  3
"AcadM|Product Description: AutoCAD Mechanical|Company: Autodesk, Inc."
 90
     1024
 91
        2
280
     1
281
     0
  0
CLASS
  1
ACMESCOPE
  2
AcMeScope
  3
AcMeServices
 90
     1024
 91
        1
280
     1
281
     0
  0
CLASS
  1
ACMECOMMANDHISTORY
  2
AcMeCommandHistory
  3
AcMeServices
 90
     1024
 91
        1
280
     1
281
     0
  0
CLASS
  1
ACIMSYSVARMAN
  2
AcImSysVarManager
  3
AcMeServices
 90
     1024
 91
        3
280
     1
281
     0
  0
CLASS
  1
ACIMINTSYSVAR
  2
AcImIntSysVar
  3
AcMeServices
 90
     1024
 91
        2
280
     1
281
     0
  0
CLASS
  1
ACMEDRAWINGMAN
  2
AcMeDrawingMan
  3
AcMeServices
 90
     1024
 91
        0
280
     1
281
     0
  0
CLASS
  1
ACMEVIEW
  2
AcMeView
  3
AcMeServices
 90
     1024
 91
        0
280
     1
281
     0
  0
CLASS
  1
ACDBENTITYCACHE
  2
AcMeEntityCache
  3
AcMeServices
 90
     1024
 91
        1
280
     1
281
     0
  0
CLASS
  1
GSMANAGER
  2
AcMeGSManager
  3
AcMeServices
 90
        0
 91
        0
280
     1
281
     0
  0
CLASS
  1
AMDTINTERNALREACTOR
  2
AmdtInternalReactor
  3
AcMeServices
 90
     1024
 91
        0
280
     1
281
     0
  0
CLASS
  1
ACMESTATEMGR
  2
AcMeStateMgr
  3
AcMeServices
 90
     1024
 91
        1
280
     1
281
     0
  0
CLASS
  1
ACGREFMASTER
  2
AcGrefMaster
  3
AcAttribServices
 90
     1024
 91
        1
280
     1
281
     0
  0
CLASS
  1
AM_DRAWING_MGR
  2
AcDmDwgMgr
  3
AcMechDwgViewMgmt
 90
        0
 91
        0
280
     1
281
     0
  0
CLASS
  1
AM_DWG_DOCUMENT
  2
AcDmDwgDocument
  3
AcMechDwgViewMgmt
 90
        0
 91
        0
280
     1
281
     0
  0
CLASS
  1
AM_DWG_SHEET
  2
AcDmSheet
  3
AcMechDwgViewMgmt
 90
        0
 91
        0
280
     1
281
     0
  0
CLASS
  1
AM_VIEWDIMPARMAP
  2
AcDmViewDimParMap
  3
AcMechDwgViewMgmt
 90
        0
 91
        0
280
     1
281
     0
  0
CLASS
  1
ACIMREALSYSVAR
  2
AcImRealSysVar
  3
AcMeServices
 90
     1024
 91
        0
280
     1
281
     0
  0
CLASS
  1
AM_DWGMGR_NAME
  2
AcDmDwgMgrName
  3
AcMechDwgViewMgmt
 90
        0
 91
        0
280
     1
281
     0
  0
CLASS
  1
ACME_DATABASE
  2
AcMeDbDatabase
  3
AcMeServices
 90
     1024
 91
        1
280
     1
281
     0
  0
CLASS
  1
ACRFINSADJUSTERMGR
  2
AcRfInsAdjusterMgr
  3
AcMeServices
 90
     1024
 91
        1
280
     1
281
     0
  0
CLASS
  1
ACGREFACADMASTER
  2
AcGrefacadMaster
  3
AcGrefServices
 90
     1024
 91
        1
280
     1
281
     0
  0
CLASS
  1
AMDTMENUSTATEMGR
  2
AmdtMenuStateMgr
  3
McadcomServices
 90
     1024
 91
        1
280
     1
281
     0
  0
CLASS
  1
AMDTMCOMMENUSTATE
  2
AmdtMcomMenuState
  3
McadcomServices
 90
     1024
 91
        1
280
     1
281
     0
  0
CLASS
  1
AMIMASTER
  2
AmiMaster
  3
AmiServices
 90
     1024
 91
        1
280
     1
281
     0
  0
CLASS
  1
MAPIAMMOUDLE
  2
MApiAmModule
  3
MApiAmServices
 90
     1024
 91
        1
280
     1
281
     0
  0
CLASS
  1
AMDTADMENUSTATE
  2
AmdtAdMenuState
  3
DesignerServices
 90
        0
 91
        0
280
     1
281
     0
  0
CLASS
  1
ADAPPL
  2
AcAdAppl
  3
DesignerAssemblies
 90
     1024
 91
        0
280
     1
281
     0
  0
CLASS
  1
DEPMGR
  2
AcAdDepMgr
  3
DesignerAssemblies
 90
     1024
 91
        0
280
     1
281
     0
  0
CLASS
  1
PARAMMGR
  2
AcAdParamMgr
  3
DesignerAssemblies
 90
     1024
 91
        0
280
     1
281
     0
  0
CLASS
  1
PARAMSCOPE
  2
AcAdParamScope
  3
DesignerAssemblies
 90
     1024
 91
        0
280
     1
281
     0
  0
CLASS
  1
NAMEDAPPL
  2
AcAdNamedAppl
  3
DesignerAssemblies
 90
     1024
 91
        0
280
     1
281
     0
  0
CLASS
  1
AMDTDMMENUSTATE
  2
AmdtDmMenuState
  3
AcMechDwgViewMgmt
 90
        0
 91
        0
280
     1
281
     0
  0
CLASS
  1
AMDTAMMENUSTATE
  2
AmdtAmMenuState
  3
DesignerAssemblies
 90
     1024
 91
        1
280
     1
281
     0
  0
CLASS
  1
ACIMSTRSYSVAR
  2
AcImStrSysVar
  3
AcMeServices
 90
     1024
 91
        5
280
     1
281
     0
  0
CLASS
  1
ACAMPROJECT
  2
AcAmProject
  3
DesignerAssemblies
 90
     1024
 91
        1
280
     1
281
     0
  0
CLASS
  1
ACAMGRCOMPDEF
  2
AcAmGrCompDef
  3
DesignerAssemblies
 90
     1024
 91
        1
280
     1
281
     0
  0
CLASS
  1
ACCMCONTEXT
  2
AcCmContext
  3
DesignerAssemblies
 90
     1024
 91
        0
280
     1
281
     0
  0
CLASS
  1
ACAMCOMPDEF
  2
AcAmCompDef
  3
DesignerAssemblies
 90
     1024
 91
        1
280
     1
281
     0
  0
CLASS
  1
ACAMCOMPDEFMGR
  2
AcAmCompDefMgr
  3
DesignerAssemblies
 90
     1024
 91
        1
280
     1
281
     0
  0
CLASS
  1
AMCONTEXTMGR
  2
AcAmContextMgr
  3
DesignerAssemblies
 90
     1024
 91
        1
280
     1
281
     0
  0
CLASS
  1
ACAMCONTEXTMODELER
  2
AcAmContextModeler
  3
DesignerAssemblies
 90
     1024
 91
        1
280
     1
281
     0
  0
CLASS
  1
ACMDATADICTIONARY
  2
AcmDataDictionary
  3
"AcmSymBB|Product Description: AutoCAD Mechanical|Company: Autodesk, Inc."
 90
     1024
 91
        1
280
     1
281
     0
  0
CLASS
  1
CATALOGSTATE
  2
AcAmCatalogState
  3
DesignerAssemblies
 90
     1024
 91
        0
280
     1
281
     0
  0
CLASS
  1
ACAMGRCOMPDEFSET
  2
AcAmGrCompDefSet
  3
DesignerAssemblies
 90
     1024
 91
        1
280
     1
281
     0
  0
CLASS
  1
AMDTBROWSERDBTAB
  2
AmdtBrowserDbTab
  3
McadcomServices
 90
     1024
 91
        1
280
     1
281
     0
  0
CLASS
  1
CBROWSERAPPOBJECT
  2
CBrowserAppObject
  3
McadcomServices
 90
     1024
 91
        2
280
     1
281
     0
  0
CLASS
  1
DM_PLACEHOLDER
  2
AcDmSelsetPlaceholder
  3
McadcomServices
 90
     1024
 91
        1
280
     1
281
     0
  0
CLASS
  1
ACMSTANDARDDIN
  2
AcmStandardDIN
  3
"Amdt_StdImp|Product Description: AutoCAD Mechanical|Company: Autodesk, Inc."
 90
     1024
 91
        1
280
     1
281
     0
  0
CLASS
  1
AMGOBJPROPCFG
  2
AmgObjPropCfg
  3
"AmgLay|Product Description: AutoCAD Mechanical|Company: Autodesk, Inc."
 90
     1025
 91
        1
280
     1
281
     0
  0
CLASS
  1
AMDTEDGESTANDARDDIN13715
  2
AmdtEdgeStdDIN13715
  3
"Amdt_StdImp|Product Description: AutoCAD Mechanical|Company: Autodesk, Inc."
 90
     1024
 91
        1
280
     1
281
     0
  0
CLASS
  1
ACMSURFSTANDARDDIN
  2
AcmSurfTextStdDIN
  3
"Amdt_StdImp|Product Description: AutoCAD Mechanical|Company: Autodesk, Inc."
 90
     1024
 91
        0
280
     1
281
     0
  0
CLASS
  1
ACMFCFSTANDARDDIN
  2
AcmFCFStdDIN
  3
"Amdt_StdImp|Product Description: AutoCAD Mechanical|Company: Autodesk, Inc."
 90
     1024
 91
        0
280
     1
281
     0
  0
CLASS
  1
ACMWELDSTANDARDDIN
  2
AcmWeldingStdDIN
  3
"Amdt_StdImp|Product Description: AutoCAD Mechanical|Company: Autodesk, Inc."
 90
     1024
 91
        1
280
     1
281
     0
  0
CLASS
  1
ACMIDSTANDARDDIN
  2
AcmIdStdDIN
  3
"Amdt_StdImp|Product Description: AutoCAD Mechanical|Company: Autodesk, Inc."
 90
     1024
 91
        0
280
     1
281
     0
  0
CLASS
  1
ACMDATUMSTANDARDDIN
  2
AcmDatumStdDIN
  3
"Amdt_StdImp|Product Description: AutoCAD Mechanical|Company: Autodesk, Inc."
 90
     1024
 91
        1
280
     1
281
     0
  0
CLASS
  1
ACMBOMSTANDARDDIN
  2
AcmBOMStdDIN
  3
"Amdt_StdImp|Product Description: AutoCAD Mechanical|Company: Autodesk, Inc."
 90
     1024
 91
        1
280
     1
281
     0
  0
CLASS
  1
ACMDETAILSTANDARDDIN
  2
AmdtDetailSymStdDIN
  3
"Amdt_StdImp|Product Description: AutoCAD Mechanical|Company: Autodesk, Inc."
 90
     1024
 91
        1
280
     1
281
     0
  0
CLASS
  1
ACMSECTIONSTANDARDDIN
  2
AmdtSectionSymStdDIN
  3
"Amdt_StdImp|Product Description: AutoCAD Mechanical|Company: Autodesk, Inc."
 90
     1024
 91
        1
280
     1
281
     0
  0
CLASS
  1
ACMCENTERLINESTANDARDDIN
  2
AmdtCenterLineStdDIN
  3
"Amdt_StdImp|Product Description: AutoCAD Mechanical|Company: Autodesk, Inc."
 90
     1024
 91
        1
280
     1
281
     0
  0
CLASS
  1
ACMTHREADLINESTANDARDDIN
  2
AmdtThreadLineStdDIN
  3
"Amdt_StdImp|Product Description: AutoCAD Mechanical|Company: Autodesk, Inc."
 90
     1024
 91
        1
280
     1
281
     0
  0
CLASS
  1
ACMNOTESTANDARDDIN
  2
AmdtNoteStdDIN
  3
"Amdt_StdImp|Product Description: AutoCAD Mechanical|Company: Autodesk, Inc."
 90
     1024
 91
        1
280
     1
281
     0
  0
CLASS
  1
AMDTNOTETEMPLATEDB
  2
AmdtNoteTemplateDB
  3
AcmSymBB|Product Description: AutoCAD Mechanical|Company: Autodesk, Inc.
 90
     1024
 91
        6
280
     1
281
     0
  0
CLASS
  1
ACAMGLAYSTD
  2
AcAmgLayStd
  3
"AmgLay|Product Description: AutoCAD Mechanical|Company: Autodesk, Inc."
 90
     1024
 91
        1
280
     1
281
     0
  0
CLASS
  1
ACAMGDIMSTD
  2
AcAmgDimStd
  3
"AmgDim|Product Description: AutoCAD Mechanical|Company: Autodesk, Inc."
 90
     1024
 91
        1
280
     1
281
     0
  0
CLASS
  1
ACAMGHOLECHARTSTDDIN
  2
AcAmgHoleChartStdDIN
  3
AmgDim|Product Description: AutoCAD Mechanical|Company: Autodesk, Inc.
 90
     1024
 91
        1
280
     1
281
     0
  0
CLASS
  1
ACAMGTITLESTD
  2
AcAmgTitleStd
  3
"AmgTitle|Product Description: AutoCAD Mechanical|Company: Autodesk, Inc."
 90
     4095
 91
        1
280
     1
281
     0
  0
CLASS
  1
ACAMGFILTERDAT
  2
AcAmgFilterDat
  3
"AcadM|Product Description: AutoCAD Mechanical|Company: Autodesk, Inc."
 90
     1024
 91
        6
280
     1
281
     0
  0
CLASS
  1
DICTIONARYVAR
  2
AcDbDictionaryVar
  3
ObjectDBX Classes
 90
        0
 91
       10
280
     0
281
     0
  0
CLASS
  1
ACRFATTGENMGR
  2
AcRfAttGeneralMgr
  3
AcAttribServices
 90
     1024
 91
        0
280
     1
281
     0
  0
CLASS
  1
MATERIAL
  2
AcDbMaterial
  3
ObjectDBX Classes
 90
     1153
 91
        3
280
     0
281
     0
  0
CLASS
  1
VISUALSTYLE
  2
AcDbVisualStyle
  3
ObjectDBX Classes
 90
     4095
 91
       24
280
     0
281
     0
  0
CLASS
  1
SCALE
  2
AcDbScale
  3
ObjectDBX Classes
 90
     1153
 91
       17
280
     0
281
     0
  0
CLASS
  1
MLEADERSTYLE
  2
AcDbMLeaderStyle
  3
ACDB_MLEADERSTYLE_CLASS
 90
     4095
 91
        1
280
     0
281
     0
  0
CLASS
  1
ACMSURFSTANDARDDIN2002
  2
AcmSurfTextStdDIN2002
  3
"Amdt_StdImp|Product Description: AutoCAD Mechanical|Company: Autodesk, Inc."
 90
     1024
 91
        1
280
     0
281
     0
  0
CLASS
  1
ACMFCFSTANDARDDIN2008
  2
AcmFCFStdDIN2008
  3
"Amdt_StdImp|Product Description: AutoCAD Mechanical|Company: Autodesk, Inc."
 90
     1024
 91
        1
280
     0
281
     0
  0
CLASS
  1
ACMIDSTANDARDDIN2008
  2
AcmIdStdDIN2008
  3
"Amdt_StdImp|Product Description: AutoCAD Mechanical|Company: Autodesk, Inc."
 90
     1024
 91
        1
280
     0
281
     0
  0
CLASS
  1
ACMTAPERSTANDARDDIN
  2
AcmTaperStdDIN
  3
"Amdt_StdImp|Product Description: AutoCAD Mechanical|Company: Autodesk, Inc."
 90
     1024
 91
        1
280
     0
281
     0
  0
CLASS
  1
ACMANOOTATIONVIEWSTANDARDDIN
  2
AmdtAnViewStdDIN
  3
"Amdt_StdImp|Product Description: AutoCAD Mechanical|Company: Autodesk, Inc."
 90
     1024
 91
        1
280
     0
281
     0
  0
CLASS
  1
CELLSTYLEMAP
  2
AcDbCellStyleMap
  3
ObjectDBX Classes
 90
     1152
 91
        1
280
     0
281
     0
  0
ENDSEC
  0
SECTION
  2
TABLES
  0
TABLE
  2
VPORT
  5
19
330
0
100
AcDbSymbolTable
 70
     1
  0
VPORT
  5
8FB
330
19
100
AcDbSymbolTableRecord
100
AcDbViewportTableRecord
  2
*Active
 70
     0
 10
0.0
 20
0.0
 11
1.0
 21
1.0
 12
2639.291766859334
 22
1507.657267272822
 13
0.0
 23
0.0
 14
273.4512969780281
 24
273.4512969780281
 15
10.0
 25
10.0
 16
0.0
 26
0.0
 36
1.0
 17
0.0
 27
0.0
 37
0.0
 40
1482.458723361705
 41
2.095291479820627
 42
50.0
 43
0.0
 44
0.0
 50
0.0
 51
0.0
 71
     0
 72
   100
 73
     1
 74
     1
 75
     0
 76
     0
 77
     0
 78
     1
281
     0
 65
     1
110
0.0
120
0.0
130
0.0
111
1.0
121
0.0
131
0.0
112
0.0
122
1.0
132
0.0
 79
     0
146
0.0
348
921
 60
     3
 61
     5
292
     1
282
     1
141
0.0
142
0.0
 63
   250
421
  3355443
1001
ACAD_NAV_VCDISPLAY
1070
     3
  0
ENDTAB
  0
TABLE
  2
LTYPE
  5
14
330
0
100
AcDbSymbolTable
 70
    21
  0
LTYPE
  5
15
330
14
100
AcDbSymbolTableRecord
100
AcDbLinetypeTableRecord
  2
BYBLOCK
 70
     0
  3

 72
    65
 73
     0
 40
0.0
  0
LTYPE
  5
16
330
14
100
AcDbSymbolTableRecord
100
AcDbLinetypeTableRecord
  2
BYLAYER
 70
     0
  3

 72
    65
 73
     0
 40
0.0
  0
LTYPE
  5
8
330
14
100
AcDbSymbolTableRecord
100
AcDbLinetypeTableRecord
  2
CONTINUOUS
 70
     0
  3
Solid line
 72
    65
 73
     0
 40
0.0
  0
LTYPE
  5
3B9
330
14
100
AcDbSymbolTableRecord
100
AcDbLinetypeTableRecord
  2
MITTE2
 70
     0
  3
Mitte (.5x) ___ _ ___ _ ___ _ ___ _ ___ _ ___
 72
    65
 73
     4
 40
28.575
 49
19.05
 74
     0
 49
-3.174999999999999
 74
     0
 49
3.174999999999999
 74
     0
 49
-3.174999999999999
 74
     0
  0
LTYPE
  5
95A
330
14
100
AcDbSymbolTableRecord
100
AcDbLinetypeTableRecord
  2
HIDDEN
 70
     0
  3
Hidden __ __ __ __ __ __ __ __ __ __ __ __ __ __
 72
    65
 73
     2
 40
9.525
 49
6.349999999999999
 74
     0
 49
-3.174999999999999
 74
     0
  0
LTYPE
  5
95B
330
14
100
AcDbSymbolTableRecord
100
AcDbLinetypeTableRecord
  2
PHANTOM2
 70
     0
  3
Phantom (.5x) ___ _ _ ___ _ _ ___ _ _ ___ _ _
 72
    65
 73
     6
 40
31.75
 49
15.875
 74
     0
 49
-3.174999999999999
 74
     0
 49
3.174999999999999
 74
     0
 49
-3.174999999999999
 74
     0
 49
3.174999999999999
 74
     0
 49
-3.174999999999999
 74
     0
  0
LTYPE
  5
95C
330
14
100
AcDbSymbolTableRecord
100
AcDbLinetypeTableRecord
  2
CENTER
 70
     0
  3
Center ____ _ ____ _ ____ _ ____ _ ____ _ ____
 72
    65
 73
     4
 40
50.8
 49
31.75
 74
     0
 49
-6.349999999999999
 74
     0
 49
6.349999999999999
 74
     0
 49
-6.349999999999999
 74
     0
  0
LTYPE
  5
997
330
14
100
AcDbSymbolTableRecord
100
AcDbLinetypeTableRecord
  2
AM_ISO02W050
 70
     0
  3
__ __ __ __ __ __ __ __ __ __ __ __ __ __ __
 72
    65
 73
     2
 40
7.5
 49
6.0
 74
     0
 49
-1.5
 74
     0
  0
LTYPE
  5
998
330
14
100
AcDbSymbolTableRecord
100
AcDbLinetypeTableRecord
  2
AM_ISO08W050
 70
     0
  3
____ . ____ . ____ . ____ . ____ . ____ . ____
 72
    65
 73
     4
 40
18.0
 49
12.0
 74
     0
 49
-1.5
 74
     0
 49
3.0
 74
     0
 49
-1.5
 74
     0
  0
LTYPE
  5
999
330
14
100
AcDbSymbolTableRecord
100
AcDbLinetypeTableRecord
  2
AM_ISO09W050
 70
     0
  3
_____ . . _____ . . _____ . . ____ .. ____
 72
    65
 73
     6
 40
22.5
 49
12.0
 74
     0
 49
-1.5
 74
     0
 49
3.0
 74
     0
 49
-1.5
 74
     0
 49
3.0
 74
     0
 49
-1.5
 74
     0
  0
LTYPE
  5
99A
330
14
100
AcDbSymbolTableRecord
100
AcDbLinetypeTableRecord
  2
Amconstr
 70
     0
  3
_______________________
 72
    65
 73
     2
 40
9999.0
 49
9999.0
 74
     0
 49
0.0
 74
     0
  0
LTYPE
  5
99B
330
14
100
AcDbSymbolTableRecord
100
AcDbLinetypeTableRecord
  2
AM_ISO08W050x2
 70
     0
  3
__ . __ . __ . __ . __ . __
 72
    65
 73
     4
 40
9.0
 49
6.0
 74
     0
 49
-0.75
 74
     0
 49
1.5
 74
     0
 49
-0.75
 74
     0
  0
LTYPE
  5
99C
330
14
100
AcDbSymbolTableRecord
100
AcDbLinetypeTableRecord
  2
AM_ISO02W050x2
 70
     0
  3
 _ _ _ _ _ _ _ _ _ _ _ _
 72
    65
 73
     2
 40
3.75
 49
3.0
 74
     0
 49
-0.75
 74
     0
  0
LTYPE
  5
99F
330
14
100
AcDbSymbolTableRecord
100
AcDbLinetypeTableRecord
  2
Amzigzag
 70
     0
  3
/\/-/\/-/\/-/\/-/\/-/\/
 72
    65
 73
     2
 40
11.0001
 49
0.0001
 74
     4
 75
   136
340
99E
 46
0.04
 50
0.0
 44
0.0
 45
0.0
 49
-11.0
 74
     0
  0
LTYPE
  5
9A0
330
14
100
AcDbSymbolTableRecord
100
AcDbLinetypeTableRecord
  2
AM_DIN_F_W050
 70
     0
  3
__ __ __ __ __ __ __ __ __ __ __ __ __ __ __
 72
    65
 73
     2
 40
6.25
 49
4.75
 74
     0
 49
-1.5
 74
     0
  0
LTYPE
  5
9A1
330
14
100
AcDbSymbolTableRecord
100
AcDbLinetypeTableRecord
  2
AM_DIN_G_W050
 70
     0
  3
____ . ____ . ____ . ____ . ____ . ____ . ____
 72
    65
 73
     4
 40
13.75
 49
9.75
 74
     0
 49
-1.5
 74
     0
 49
1.0
 74
     0
 49
-1.5
 74
     0
  0
LTYPE
  5
9A2
330
14
100
AcDbSymbolTableRecord
100
AcDbLinetypeTableRecord
  2
AM_DIN_K_W050
 70
     0
  3
_____ . . _____ . . _____ . . ____ .. ____
 72
    65
 73
     6
 40
16.25
 49
9.75
 74
     0
 49
-1.5
 74
     0
 49
1.0
 74
     0
 49
-1.5
 74
     0
 49
1.0
 74
     0
 49
-1.5
 74
     0
  0
LTYPE
  5
9A3
330
14
100
AcDbSymbolTableRecord
100
AcDbLinetypeTableRecord
  2
AM_DIN_G_W050x2
 70
     0
  3
__ . __ . __ . __ . __ . __
 72
    65
 73
     4
 40
6.875
 49
4.75
 74
     0
 49
-0.875
 74
     0
 49
0.375
 74
     0
 49
-0.875
 74
     0
  0
LTYPE
  5
9A4
330
14
100
AcDbSymbolTableRecord
100
AcDbLinetypeTableRecord
  2
AM_DIN_F_W050x2
 70
     0
  3
 _ _ _ _ _ _ _ _ _ _ _ _
 72
    65
 73
     2
 40
3.125
 49
2.25
 74
     0
 49
-0.875
 74
     0
  0
LTYPE
  5
9B3
330
14
100
AcDbSymbolTableRecord
100
AcDbLinetypeTableRecord
  2
ACDINWELD
 70
     0
  3
_ _ _ _ _
 72
    65
 73
     2
 40
2.0
 49
2.0
 74
     0
 49
-1.0
 74
     0
  0
LTYPE
  5
9B4
330
14
100
AcDbSymbolTableRecord
100
AcDbLinetypeTableRecord
  2
ACDINTGL
 70
     0
  3
_ _ _ _ _
 72
    65
 73
     2
 40
3.0
 49
2.0
 74
     0
 49
-1.0
 74
     0
  0
LTYPE
  5
9B5
330
14
100
AcDbSymbolTableRecord
100
AcDbLinetypeTableRecord
  2
ACDINTGB
 70
     0
  3
__ . . __ . .
 72
    65
 73
     6
 40
9.0
 49
4.0
 74
     0
 49
-1.0
 74
     0
 49
1.0
 74
     0
 49
-1.0
 74
     0
 49
1.0
 74
     0
 49
-1.0
 74
     0
  0
ENDTAB
  0
TABLE
  2
LAYER
  5
10
330
0
100
AcDbSymbolTable
 70
     2
  0
LAYER
  5
4
102
{ACAD_XDICTIONARY
360
9CA
102
}
330
10
100
AcDbSymbolTableRecord
100
AcDbLayerTableRecord
  2
0
 70
     0
 62
     7
  6
CONTINUOUS
370
    -3
390
5
347
913
  0
LAYER
  5
25
102
{ACAD_XDICTIONARY
360
9CC
102
}
330
10
100
AcDbSymbolTableRecord
100
AcDbLayerTableRecord
  2
HALFEN
 70
     0
 62
     2
  6
CONTINUOUS
370
    -3
390
5
347
913
  0
ENDTAB
  0
TABLE
  2
STYLE
  5
11
330
0
100
AcDbSymbolTable
 70
     5
  0
STYLE
  5
12
330
11
100
AcDbSymbolTableRecord
100
AcDbTextStyleTableRecord
  2
STANDARD
 70
     0
 40
0.0
 41
1.0
 50
0.0
 71
     0
 42
0.2
  3
ISOCP.SHX
  4

  0
STYLE
  5
26
330
11
100
AcDbSymbolTableRecord
100
AcDbTextStyleTableRecord
  2
ARIAL50
 70
     0
 40
5.0
 41
1.0
 50
0.0
 71
     0
 42
3.5
  3
ARIAL.TTF
  4

1001
ACAD
1000
Arial
1071
       34
  0
STYLE
  5
99E
330
11
100
AcDbSymbolTableRecord
100
AcDbTextStyleTableRecord
  2

 70
     1
 40
0.0
 41
1.0
 50
0.0
 71
     0
 42
3.5
  3
genltshp.shx
  4

  0
STYLE
  5
9B1
330
11
100
AcDbSymbolTableRecord
100
AcDbTextStyleTableRecord
  2
ACDINTS
 70
     0
 40
1.0
 41
1.0
 50
0.0
 71
     0
 42
3.5
  3
isocp.shx
  4

  0
STYLE
  5
9B2
330
11
100
AcDbSymbolTableRecord
100
AcDbTextStyleTableRecord
  2
ACDINGDT
 70
     0
 40
0.0
 41
1.0
 50
0.0
 71
     0
 42
3.5
  3
amgdt.shx
  4

  0
ENDTAB
  0
TABLE
  2
VIEW
  5
17
330
0
100
AcDbSymbolTable
 70
     0
  0
ENDTAB
  0
TABLE
  2
UCS
  5
18
330
0
100
AcDbSymbolTable
 70
     0
  0
ENDTAB
  0
TABLE
  2
APPID
  5
1B
330
0
100
AcDbSymbolTable
 70
    12
  0
APPID
  5
1C
330
1B
100
AcDbSymbolTableRecord
100
AcDbRegAppTableRecord
  2
ACAD
 70
     0
  0
APPID
  5
9B
330
1B
100
AcDbSymbolTableRecord
100
AcDbRegAppTableRecord
  2
GENIUS_GENODEF_13
 70
     0
  0
APPID
  5
9C
330
1B
100
AcDbSymbolTableRecord
100
AcDbRegAppTableRecord
  2
GENIUS_GENOBJ-N-FIL_13
 70
     0
  0
APPID
  5
3C0
330
1B
100
AcDbSymbolTableRecord
100
AcDbRegAppTableRecord
  2
DCO15
 70
     0
  0
APPID
  5
953
330
1B
100
AcDbSymbolTableRecord
100
AcDbRegAppTableRecord
  2
MCAD_NO_VIS
 70
     0
  0
APPID
  5
954
330
1B
100
AcDbSymbolTableRecord
100
AcDbRegAppTableRecord
  2
ACAD_TEMP_GRAPHIC
 70
     0
  0
APPID
  5
961
330
1B
100
AcDbSymbolTableRecord
100
AcDbRegAppTableRecord
  2
ACATTRIBSERVICES
 70
     0
  0
APPID
  5
979
330
1B
100
AcDbSymbolTableRecord
100
AcDbRegAppTableRecord
  2
DESIGNERASSEMBLIES
 70
     0
  0
APPID
  5
994
330
1B
100
AcDbSymbolTableRecord
100
AcDbRegAppTableRecord
  2
ACAD_DSTYLE_DIMJAG
 70
     0
  0
APPID
  5
995
330
1B
100
AcDbSymbolTableRecord
100
AcDbRegAppTableRecord
  2
ACAD_DSTYLE_DIMBREAK
 70
     0
  0
APPID
  5
9BC
330
1B
100
AcDbSymbolTableRecord
100
AcDbRegAppTableRecord
  2
ACAD_NAV_VCDISPLAY
 70
     0
  0
APPID
  5
9C5
330
1B
100
AcDbSymbolTableRecord
100
AcDbRegAppTableRecord
  2
ACAD_EXEMPT_FROM_CAD_STANDARDS
 70
     0
  0
ENDTAB
  0
TABLE
  2
DIMSTYLE
  5
1D
330
0
100
AcDbSymbolTable
 70
     8
100
AcDbDimStyleTable
 71
     0
  0
DIMSTYLE
105
29
330
1D
100
AcDbSymbolTableRecord
100
AcDbDimStyleTableRecord
  2
GEN-ISO
 70
     0
 41
2.5
 42
1.0
 43
10.0
 44
1.0
 47
0.1
 48
0.1
 73
     0
 74
     0
 77
     1
 78
     8
140
3.5
141
0.0
143
0.0393701
146
0.71
147
3.0
172
     1
176
     1
177
     1
178
     7
271
     1
272
     3
274
     4
283
     0
340
12
  0
DIMSTYLE
105
993
102
{ACAD_REACTORS
330
982
102
}
330
1D
100
AcDbSymbolTableRecord
100
AcDbDimStyleTableRecord
  2
AM_DIN
 70
     0
  4
"
 41
3.5
 42
1.0
 43
10.0
 44
1.0
 47
0.1
 48
0.1
 50
90.0
 73
     0
 74
     0
 77
     1
 78
     8
 79
     2
140
3.5
141
0.0
143
0.0393701
146
0.71
147
1.5
172
     1
176
   256
177
   256
178
     2
271
     2
272
     3
274
     4
283
     0
284
     8
340
12
345
15
346
15
347
15
371
    -1
372
    -1
1001
ACAD_DSTYLE_DIMJAG
1070
   388
1040
1.5
1001
ACAD_DSTYLE_DIMBREAK
1070
   391
1040
3.75
  0
DIMSTYLE
105
9A5
330
1D
100
AcDbSymbolTableRecord
100
AcDbDimStyleTableRecord
  2
AM_DIN$3
 70
     0
  4
"
 41
3.5
 42
1.0
 43
10.0
 44
1.0
 47
0.1
 48
0.1
 50
90.0
 73
     0
 77
     1
 78
     8
 79
     2
140
3.5
141
0.0
143
0.0393701
146
0.71
147
1.5
176
   256
177
   256
178
     2
271
     2
272
     3
274
     4
283
     0
284
     8
288
     1
289
     0
340
12
345
15
346
15
347
15
371
    -1
372
    -1
1001
ACAD_DSTYLE_DIMBREAK
1070
   391
1040
3.75
1001
ACAD_DSTYLE_DIMJAG
1070
   388
1040
1.5
  0
DIMSTYLE
105
9A6
330
1D
100
AcDbSymbolTableRecord
100
AcDbDimStyleTableRecord
  2
AM_DIN$4
 70
     0
  4
"
 41
3.5
 42
1.0
 43
10.0
 44
1.0
 47
0.1
 48
0.1
 50
90.0
 73
     0
 77
     1
 78
     8
 79
     2
140
3.5
141
0.0
143
0.0393701
146
0.71
147
1.5
176
   256
177
   256
178
     2
271
     2
272
     3
274
     4
283
     0
284
     8
288
     1
289
     0
340
12
345
15
346
15
347
15
371
    -1
372
    -1
1001
ACAD_DSTYLE_DIMBREAK
1070
   391
1040
3.75
1001
ACAD_DSTYLE_DIMJAG
1070
   388
1040
1.5
  0
DIMSTYLE
105
9A7
330
1D
100
AcDbSymbolTableRecord
100
AcDbDimStyleTableRecord
  2
AM_DIN$6
 70
     0
  4
"
 41
3.5
 42
1.0
 43
10.0
 44
1.0
 47
0.1
 48
0.1
 50
90.0
 73
     0
 74
     0
 78
     8
 79
     2
140
3.5
141
0.0
143
0.0393701
146
0.71
147
1.5
172
     1
176
   256
177
   256
178
     2
271
     2
272
     3
274
     4
283
     0
284
     8
340
12
345
15
346
15
347
15
371
    -1
372
    -1
1001
ACAD_DSTYLE_DIMBREAK
1070
   391
1040
3.75
1001
ACAD_DSTYLE_DIMJAG
1070
   388
1040
1.5
  0
DIMSTYLE
105
9A8
330
1D
100
AcDbSymbolTableRecord
100
AcDbDimStyleTableRecord
  2
AM_DIN$7
 70
     0
  4
"
 41
3.5
 42
1.0
 43
10.0
 44
1.0
 47
0.1
 48
0.1
 50
90.0
 73
     0
 74
     0
 77
     1
 78
     8
 79
     2
140
3.5
141
0.0
143
0.0393701
146
0.71
147
1.5
172
     1
176
   256
177
   256
178
     2
271
     2
272
     3
274
     4
283
     0
284
     8
340
12
345
15
346
15
347
15
371
    -1
372
    -1
1001
ACAD_DSTYLE_DIMBREAK
1070
   391
1040
3.75
1001
ACAD_DSTYLE_DIMJAG
1070
   388
1040
1.5
  0
DIMSTYLE
105
9A9
330
1D
100
AcDbSymbolTableRecord
100
AcDbDimStyleTableRecord
  2
AM_DIN$SF
 70
     0
  4
"
 41
3.5
 42
1.0
 43
10.0
 44
1.0
 47
0.1
 48
0.1
 50
90.0
 73
     0
 74
     0
 75
     1
 76
     1
 77
     1
 78
     8
 79
     2
140
3.5
141
0.0
143
0.0393701
146
0.71
147
1.5
172
     1
176
   256
177
   256
178
     2
271
     2
272
     3
274
     4
283
     0
284
     8
340
12
345
15
346
15
347
15
371
    -1
372
    -1
1001
ACAD_DSTYLE_DIMBREAK
1070
   391
1040
3.75
1001
ACAD_DSTYLE_DIMJAG
1070
   388
1040
1.5
  0
DIMSTYLE
105
9AE
330
1D
100
AcDbSymbolTableRecord
100
AcDbDimStyleTableRecord
  2
AM_DIN$SH
 70
     0
  4
"
 41
3.5
 42
1.0
 43
10.0
 44
1.0
 47
0.1
 48
0.1
 50
90.0
 73
     0
 74
     0
 75
     1
 76
     1
 77
     1
 78
     8
 79
     2
140
3.5
141
0.0
143
0.0393701
144
2.0
146
0.71
147
1.5
172
     1
173
     1
176
   256
177
   256
178
     2
271
     2
272
     3
274
     4
283
     0
284
     8
340
12
343
9AA
345
15
346
15
347
15
371
    -1
372
    -1
1001
ACAD_DSTYLE_DIMBREAK
1070
   391
1040
3.75
1001
ACAD_DSTYLE_DIMJAG
1070
   388
1040
1.5
  0
ENDTAB
  0
TABLE
  2
BLOCK_RECORD
  5
1
330
0
100
AcDbSymbolTable
 70
     2
  0
BLOCK_RECORD
  5
2
330
1
100
AcDbSymbolTableRecord
100
AcDbBlockTableRecord
  2
*MODEL_SPACE
340
A
 70
     0
280
     1
281
     0
  0
BLOCK_RECORD
  5
C
330
1
100
AcDbSymbolTableRecord
100
AcDbBlockTableRecord
  2
*PAPER_SPACE
340
F
 70
     0
280
     1
281
     0
  0
BLOCK_RECORD
  5
9AA
330
1
100
AcDbSymbolTableRecord
100
AcDbBlockTableRecord
  2
GENAXEH
340
0
 70
     0
280
     1
281
     0
  0
ENDTAB
  0
ENDSEC
  0
SECTION
  2
BLOCKS
  0
BLOCK
  5
3
330
2
100
AcDbEntity
  8
0
100
AcDbBlockBegin
  2
*MODEL_SPACE
 70
     0
 10
0.0
 20
0.0
 30
0.0
  3
*MODEL_SPACE
  1

  0
ENDBLK
  5
9
330
2
100
AcDbEntity
  8
0
100
AcDbBlockEnd
  0
BLOCK
  5
D
330
C
100
AcDbEntity
 67
     1
  8
0
100
AcDbBlockBegin
  2
*PAPER_SPACE
 70
     0
 10
0.0
 20
0.0
 30
0.0
  3
*PAPER_SPACE
  1

  0
ENDBLK
  5
E
330
C
100
AcDbEntity
 67
     1
  8
0
100
AcDbBlockEnd
  0
BLOCK
  5
9AC
330
9AA
100
AcDbEntity
  8
0
100
AcDbBlockBegin
  2
GENAXEH
 70
     0
 10
0.0
 20
0.0
 30
0.0
  3
GENAXEH
  1

  0
LINE
  5
9AB
330
9AA
100
AcDbEntity
  8
0
100
AcDbLine
 10
-1.0
 20
0.0
 30
0.0
 11
1.0
 21
0.0
 31
0.0
  0
ENDBLK
  5
9AD
330
9AA
100
AcDbEntity
  8
0
100
AcDbBlockEnd
  0
ENDSEC
  0
SECTION
  2
ENTITIES
  0
TEXT
  5
2B
330
2
100
AcDbEntity
  8
HALFEN
100
AcDbText
 10
1147.250000000002
 20
1716.63100496964
 30
0.0
 40
5.0
  1
0015.020-00002
  7
ARIAL50
100
AcDbText
  0
TEXT
  5
2C
330
2
100
AcDbEntity
  8
HALFEN
100
AcDbText
 10
1147.250000000002
 20
1734.63100496964
 30
0.0
 40
5.0
  1
HTU 60/22/6 - AN3 - FV - 3000 - SF
  7
ARIAL50
100
AcDbText
  0
TEXT
  5
2D
330
2
100
AcDbEntity
  8
HALFEN
100
AcDbText
 10
1147.250000000002
 20
2012.004003313091
 30
0.0
 40
5.0
  1
HTU 60/22/6 - AN2 - FV - 3000 - SF
  7
ARIAL50
100
AcDbText
  0
TEXT
  5
2E
330
2
100
AcDbEntity
  8
HALFEN
100
AcDbText
 10
1147.250000000002
 20
1994.004003313091
 30
0.0
 40
5.0
  1
0015.020-00001
  7
ARIAL50
100
AcDbText
  0
LINE
  5
30
330
2
100
AcDbEntity
  8
HALFEN
100
AcDbLine
 10
1092.250000000002
 20
1742.13100496964
 30
0.0
 11
1262.250000000002
 21
1742.13100496964
 31
0.0
  0
LINE
  5
31
330
2
100
AcDbEntity
  8
HALFEN
100
AcDbLine
 10
1092.250000000002
 20
1724.13100496964
 30
0.0
 11
1262.250000000002
 21
1724.13100496964
 31
0.0
  0
LINE
  5
32
330
2
100
AcDbEntity
  8
HALFEN
100
AcDbLine
 10
1092.250000000002
 20
1714.13100496964
 30
0.0
 11
1262.250000000002
 21
1714.13100496964
 31
0.0
  0
LINE
  5
33
330
2
100
AcDbEntity
  8
HALFEN
100
AcDbLine
 10
1092.250000000002
 20
1991.504003313091
 30
0.0
 11
1262.250000000002
 21
1991.504003313091
 31
0.0
  0
LINE
  5
34
330
2
100
AcDbEntity
  8
HALFEN
100
AcDbLine
 10
1092.250000000002
 20
2001.504003313091
 30
0.0
 11
1262.250000000002
 21
2001.504003313091
 31
0.0
  0
LINE
  5
35
330
2
100
AcDbEntity
  8
HALFEN
100
AcDbLine
 10
1092.250000000002
 20
2019.504003313091
 30
0.0
 11
1262.250000000002
 21
2019.504003313091
 31
0.0
  0
TEXT
  5
3E
330
2
100
AcDbEntity
  8
HALFEN
100
AcDbText
 10
1097.250000000002
 20
1716.63100496964
 30
0.0
 40
5.0
  1
Id. Nr.
  7
ARIAL50
100
AcDbText
  0
TEXT
  5
3F
330
2
100
AcDbEntity
  8
HALFEN
100
AcDbText
 10
1097.250000000002
 20
1734.63100496964
 30
0.0
 40
5.0
  1
Benennung
  7
ARIAL50
100
AcDbText
  0
TEXT
  5
40
330
2
100
AcDbEntity
  8
HALFEN
100
AcDbText
 10
1092.250000000002
 20
1744.63100496964
 30
0.0
 40
5.0
  1
fv
  7
ARIAL50
100
AcDbText
  0
LINE
  5
41
330
2
100
AcDbEntity
  8
HALFEN
100
AcDbLine
 10
1092.250000000002
 20
1714.13100496964
 30
0.0
 11
1092.250000000002
 21
1742.13100496964
 31
0.0
  0
LINE
  5
42
330
2
100
AcDbEntity
  8
HALFEN
100
AcDbLine
 10
1142.250000000002
 20
1714.13100496964
 30
0.0
 11
1142.250000000002
 21
1742.13100496964
 31
0.0
  0
TEXT
  5
43
330
2
100
AcDbEntity
  8
HALFEN
100
AcDbText
 10
1097.250000000002
 20
2012.004003313091
 30
0.0
 40
5.0
  1
Benennung
  7
ARIAL50
100
AcDbText
  0
TEXT
  5
44
330
2
100
AcDbEntity
  8
HALFEN
100
AcDbText
 10
1097.250000000002
 20
1994.004003313091
 30
0.0
 40
5.0
  1
Id. Nr.
  7
ARIAL50
100
AcDbText
  0
LINE
  5
45
330
2
100
AcDbEntity
  8
HALFEN
100
AcDbLine
 10
1092.250000000002
 20
1991.504003313091
 30
0.0
 11
1092.250000000002
 21
2019.504003313091
 31
0.0
  0
TEXT
  5
46
330
2
100
AcDbEntity
  8
HALFEN
100
AcDbText
 10
1092.250000000002
 20
2022.004003313091
 30
0.0
 40
5.0
  1
fv
  7
ARIAL50
100
AcDbText
  0
LINE
  5
47
330
2
100
AcDbEntity
  8
HALFEN
100
AcDbLine
 10
1142.250000000002
 20
1991.504003313091
 30
0.0
 11
1142.250000000002
 21
2019.504003313091
 31
0.0
  0
LINE
  5
52
330
2
100
AcDbEntity
  8
HALFEN
100
AcDbLine
 10
1262.250000000002
 20
1714.13100496964
 30
0.0
 11
1262.250000000002
 21
1742.13100496964
 31
0.0
  0
LINE
  5
53
330
2
100
AcDbEntity
  8
HALFEN
100
AcDbLine
 10
1262.250000000002
 20
1991.504003313091
 30
0.0
 11
1262.250000000002
 21
2019.504003313091
 31
0.0
  0
LINE
  5
8A
330
2
100
AcDbEntity
  8
HALFEN
100
AcDbLine
 10
1148.786155259468
 20
1965.504003313091
 30
0.0
 11
1110.391196740536
 21
1965.504003313091
 31
0.0
  0
LINE
  5
8B
330
2
100
AcDbEntity
  8
HALFEN
100
AcDbLine
 10
1148.786155259468
 20
1971.504003313091
 30
0.0
 11
1110.391196740536
 21
1971.504003313091
 31
0.0
  0
LINE
  5
8C
330
2
100
AcDbEntity
  8
HALFEN
100
AcDbLine
 10
1099.148364774077
 20
1949.502303313091
 30
0.0
 11
1105.074185776848
 21
1949.502303313091
 31
0.0
  0
ARC
  5
8D
330
2
100
AcDbEntity
  8
HALFEN
100
AcDbCircle
 10
1129.588676000002
 20
1883.504003313091
 30
0.0
 40
5.0
100
AcDbArc
 50
176.0746
 51
3.925354
  0
LINE
  5
8E
330
2
100
AcDbEntity
  8
HALFEN
100
AcDbLine
 10
1131.116876000002
 20
1934.270803313091
 30
0.0
 11
1134.576976000002
 21
1883.846303313091
 31
0.0
  0
ARC
  5
8F
330
2
100
AcDbEntity
  8
HALFEN
100
AcDbCircle
 10
1129.588676000002
 20
1883.504003313091
 30
0.0
 40
12.0
100
AcDbArc
 50
176.0746
 51
3.925445999999999
  0
ARC
  5
90
330
2
100
AcDbEntity
  8
HALFEN
100
AcDbCircle
 10
1143.088676000002
 20
1935.092303313091
 30
0.0
 40
12.0
100
AcDbArc
 50
90.0
 51
183.9254
  0
LINE
  5
98
330
2
100
AcDbEntity
  8
HALFEN
100
AcDbLine
 10
1124.600376000002
 20
1883.846303313091
 30
0.0
 11
1128.060476000002
 21
1934.270803313091
 31
0.0
  0
LINE
  5
99
330
2
100
AcDbEntity
  8
HALFEN
100
AcDbLine
 10
1117.616876000002
 20
1884.325503313091
 30
0.0
 11
1121.076976000002
 21
1934.75000331309
 31
0.0
  0
ARC
  5
9A
330
2
100
AcDbEntity
  8
HALFEN
100
AcDbCircle
 10
1110.391196740536
 20
1960.504003313091
 30
0.0
 40
11.0
100
AcDbArc
 50
90.0
 51
178.3601544595861
1001
GENIUS_GENODEF_13
1002
{
1000
HIER
1070
     0
1002
}
1002
{
1000
MANEDIT
1070
     0
1002
}
1002
{
1000
NOSEL
1070
     0
1002
}
1002
{
1000
BEHIND
1070
     0
1002
}
1002
{
1000
REACTOR
1002
}
1001
GENIUS_GENOBJ-N-FIL_13
1002
{
1000
OWNER
1000
GEN
1002
}
  0
LINE
  5
9D
330
2
100
AcDbEntity
  8
HALFEN
100
AcDbLine
 10
1102.089776000002
 20
1947.092303313091
 30
0.0
 11
1116.088676000002
 21
1947.092303313091
 31
0.0
  0
LINE
  5
9E
330
2
100
AcDbEntity
  8
HALFEN
100
AcDbLine
 10
1102.249976000002
 20
1940.092303313091
 30
0.0
 11
1116.088676000002
 21
1940.092303313091
 31
0.0
  0
LINE
  5
9F
330
2
100
AcDbEntity
  8
HALFEN
100
AcDbLine
 10
1099.558461034304
 20
1966.50400331309
 30
0.0
 11
1099.091077521291
 21
1950.178203313091
 31
0.0
  0
LINE
  5
A0
330
2
100
AcDbEntity
  8
HALFEN
100
AcDbLine
 10
1092.715676000002
 20
1966.50400331309
 30
0.0
 11
1099.558461034304
 21
1966.50400331309
 31
0.0
  0
ARC
  5
A1
330
2
100
AcDbEntity
  8
HALFEN
100
AcDbCircle
 10
1102.089776000002
 20
1950.09230331309
 30
0.0
 40
3.0
100
AcDbArc
 50
178.3602
 51
270.0
  0
LINE
  5
A2
330
2
100
AcDbEntity
  8
HALFEN
100
AcDbLine
 10
1092.715676000002
 20
1966.50400331309
 30
0.0
 11
1092.254076000002
 21
1950.378503313091
 31
0.0
  0
ARC
  5
A3
330
2
100
AcDbEntity
  8
HALFEN
100
AcDbCircle
 10
1102.249976000002
 20
1950.09230331309
 30
0.0
 40
9.999976
100
AcDbArc
 50
178.36
 51
270.0
  0
ARC
  5
A4
330
2
100
AcDbEntity
  8
HALFEN
100
AcDbCircle
 10
1116.088676000002
 20
1935.092303313091
 30
0.0
 40
5.0
100
AcDbArc
 50
356.074646
 51
90.0
  0
ARC
  5
A5
330
2
100
AcDbEntity
  8
HALFEN
100
AcDbCircle
 10
1116.088676000002
 20
1935.092303313091
 30
0.0
 40
12.0
100
AcDbArc
 50
356.074524
 51
90.0
  0
ARC
  5
A6
330
2
100
AcDbEntity
  8
HALFEN
100
AcDbCircle
 10
1110.391196740536
 20
1960.504003313091
 30
0.0
 40
5.0
100
AcDbArc
 50
90.0
 51
178.3601544595861
1001
GENIUS_GENODEF_13
1002
{
1000
HIER
1070
     0
1002
}
1002
{
1000
MANEDIT
1070
     0
1002
}
1002
{
1000
NOSEL
1070
     0
1002
}
1002
{
1000
BEHIND
1070
     0
1002
}
1002
{
1000
REACTOR
1002
}
1001
GENIUS_GENOBJ-N-FIL_13
1002
{
1000
OWNER
1000
GEN
1002
}
  0
LINE
  5
A7
330
2
100
AcDbEntity
  8
HALFEN
100
AcDbLine
 10
1105.393244462478
 20
1960.647087296331
 30
0.0
 11
1105.074185776848
 21
1949.502303313091
 31
0.0
  0
LINE
  5
A8
330
2
100
AcDbEntity
  8
HALFEN
100
AcDbLine
 10
1138.100376000002
 20
1934.75000331309
 30
0.0
 11
1141.560476000002
 21
1884.325503313091
 31
0.0
  0
ARC
  5
A9
330
2
100
AcDbEntity
  8
HALFEN
100
AcDbCircle
 10
1148.786155259468
 20
1960.504003313091
 30
0.0
 40
11.0
100
AcDbArc
 50
1.639915712517166
 51
90.0
1001
GENIUS_GENODEF_13
1002
{
1000
HIER
1070
     0
1002
}
1002
{
1000
MANEDIT
1070
     0
1002
}
1002
{
1000
NOSEL
1070
     0
1002
}
1002
{
1000
BEHIND
1070
     0
1002
}
1002
{
1000
REACTOR
1002
}
1001
GENIUS_GENOBJ-N-FIL_13
1002
{
1000
OWNER
1000
GEN
1002
}
  0
ARC
  5
AA
330
2
100
AcDbEntity
  8
HALFEN
100
AcDbCircle
 10
1157.087376000002
 20
1950.09230331309
 30
0.0
 40
3.0
100
AcDbArc
 50
270.0
 51
1.639799999999972
  0
ARC
  5
AB
330
2
100
AcDbEntity
  8
HALFEN
100
AcDbCircle
 10
1156.927376000002
 20
1950.09230331309
 30
0.0
 40
10.0
100
AcDbArc
 50
270.0
 51
1.639900000000011
  0
LINE
  5
AC
330
2
100
AcDbEntity
  8
HALFEN
100
AcDbLine
 10
1143.088676000002
 20
1947.092303313091
 30
0.0
 11
1157.087376000002
 21
1947.092303313091
 31
0.0
  0
LINE
  5
AD
330
2
100
AcDbEntity
  8
HALFEN
100
AcDbLine
 10
1156.927376000002
 20
1940.092303313091
 30
0.0
 11
1143.088676000002
 21
1940.092303313091
 31
0.0
  0
ARC
  5
AE
330
2
100
AcDbEntity
  8
HALFEN
100
AcDbCircle
 10
1143.088676000002
 20
1935.092303313091
 30
0.0
 40
5.0
100
AcDbArc
 50
90.0
 51
183.9254
  0
ARC
  5
AF
330
2
100
AcDbEntity
  8
HALFEN
100
AcDbCircle
 10
1148.786155259468
 20
1960.504003313091
 30
0.0
 40
5.0
100
AcDbArc
 50
1.639915712517166
 51
90.0
1001
GENIUS_GENODEF_13
1002
{
1000
HIER
1070
     0
1002
}
1002
{
1000
MANEDIT
1070
     0
1002
}
1002
{
1000
NOSEL
1070
     0
1002
}
1002
{
1000
BEHIND
1070
     0
1002
}
1002
{
1000
REACTOR
1002
}
1001
GENIUS_GENOBJ-N-FIL_13
1002
{
1000
OWNER
1000
GEN
1002
}
  0
LINE
  5
B0
330
2
100
AcDbEntity
  8
HALFEN
100
AcDbLine
 10
1153.784107362282
 20
1960.647093417495
 30
0.0
 11
1154.103179883745
 21
1949.502303313091
 31
0.0
  0
LINE
  5
B1
330
2
100
AcDbEntity
  8
HALFEN
100
AcDbLine
 10
1159.618883997123
 20
1966.50400331309
 30
0.0
 11
1160.086287521291
 21
1950.178203313091
 31
0.0
  0
LINE
  5
B2
330
2
100
AcDbEntity
  8
HALFEN
100
AcDbLine
 10
1166.461676000002
 20
1966.50400331309
 30
0.0
 11
1159.618883997123
 21
1966.50400331309
 31
0.0
  0
LINE
  5
B3
330
2
100
AcDbEntity
  8
HALFEN
100
AcDbLine
 10
1166.461676000002
 20
1966.50400331309
 30
0.0
 11
1166.923376000002
 21
1950.378503313091
 31
0.0
  0
LINE
  5
F7
330
2
100
AcDbEntity
  8
HALFEN
100
AcDbLine
 10
1186.927376000002
 20
1971.504003313091
 30
0.0
 11
4186.927376000002
 21
1971.504003313091
 31
0.0
  0
LINE
  5
F8
330
2
100
AcDbEntity
  8
HALFEN
100
AcDbLine
 10
1187.163395000002
 20
1851.504003313092
 30
0.0
 11
4187.163395000002
 21
1851.504003313092
 31
0.0
  0
LINE
  5
F9
330
2
100
AcDbEntity
  8
HALFEN
100
AcDbLine
 10
1187.163395000002
 20
1790.504006626188
 30
0.0
 11
4187.163395000001
 21
1790.50400662618
 31
0.0
  0
LINE
  5
FA
330
2
100
AcDbEntity
  8
HALFEN
100
AcDbLine
 10
1187.163395000002
 20
1851.504003313092
 30
0.0
 11
1187.163395000002
 21
1790.504006626188
 31
0.0
  0
LINE
  5
FB
330
2
100
AcDbEntity
  8
HALFEN
100
AcDbLine
 10
4186.927376000002
 20
1949.504003313091
 30
0.0
 11
4115.427376000002
 21
1949.504003313091
 31
0.0
  0
LINE
  5
FC
330
2
100
AcDbEntity
  8
HALFEN
100
AcDbLine
 10
1186.927376000002
 20
1949.504003313091
 30
0.0
 11
1186.927376000002
 21
1971.504003313091
 31
0.0
  0
LINE
  5
FD
330
2
100
AcDbEntity
  8
HALFEN
100
AcDbLine
 10
1258.740875171728
 20
1787.317505797914
 30
0.0
 11
1258.740875171728
 21
1790.504006626188
 31
0.0
  0
LINE
  5
FE
330
2
100
AcDbEntity
  8
HALFEN
100
AcDbLine
 10
1265.113876828276
 20
1787.317505797914
 30
0.0
 11
1265.113876828276
 21
1790.504006626188
 31
0.0
  0
CIRCLE
  5
FF
330
2
100
AcDbEntity
  8
HALFEN
100
AcDbCircle
 10
1261.927376000002
 20
1787.317505797914
 30
0.0
 40
3.186500828273892
  0
LINE
  5
100
330
2
100
AcDbEntity
  8
HALFEN
100
AcDbLine
 10
1258.427376000002
 20
1966.04990331309
 30
0.0
 11
1258.427376000002
 21
1875.00400331309
 31
0.0
  0
LINE
  5
101
330
2
100
AcDbEntity
  8
HALFEN
100
AcDbLine
 10
1265.427376000002
 20
1966.04990331309
 30
0.0
 11
1265.427376000002
 21
1875.00400331309
 31
0.0
  0
CIRCLE
  5
102
330
2
100
AcDbEntity
  8
HALFEN
100
AcDbCircle
 10
1261.927376000002
 20
1854.690504141366
 30
0.0
 40
3.186500828273892
  0
LINE
  5
103
330
2
100
AcDbEntity
  8
HALFEN
100
AcDbLine
 10
1265.113876828276
 20
1854.690504141366
 30
0.0
 11
1265.113876828276
 21
1851.504003313092
 31
0.0
  0
LINE
  5
104
330
2
100
AcDbEntity
  8
HALFEN
100
AcDbLine
 10
1258.740875171728
 20
1854.690504141366
 30
0.0
 11
1258.740875171728
 21
1851.504003313092
 31
0.0
  0
ARC
  5
105
330
2
100
AcDbEntity
  8
HALFEN
100
AcDbCircle
 10
1261.927376000002
 20
1875.00400331309
 30
0.0
 40
3.5
100
AcDbArc
 50
180.0
 51
0.0
  0
ARC
  5
106
330
2
100
AcDbEntity
  8
HALFEN
100
AcDbCircle
 10
1261.927376000002
 20
1943.685303962947
 30
0.0
 40
3.5
100
AcDbArc
 50
180.0
 51
0.0
  0
LINE
  5
107
330
2
100
AcDbEntity
  8
HALFEN
100
AcDbLine
 10
1258.427376000002
 20
1966.049903313091
 30
0.0
 11
1265.427376000002
 21
1966.04990331309
 31
0.0
  0
LINE
  5
108
330
2
100
AcDbEntity
  8
HALFEN
 62
     1
100
AcDbLine
 10
1105.074185776848
 20
1949.502303313091
 30
0.0
 11
1154.103179883745
 21
1949.502303313091
 31
0.0
  0
LINE
  5
109
330
2
100
AcDbEntity
  8
HALFEN
100
AcDbLine
 10
1154.103179883745
 20
1949.502303313091
 30
0.0
 11
1160.028787225927
 21
1949.502303313091
 31
0.0
  0
LINE
  5
10A
330
2
100
AcDbEntity
  8
HALFEN
100
AcDbLine
 10
1187.163395000002
 20
1513.131008282737
 30
0.0
 11
4187.163395000001
 21
1513.131008282729
 31
0.0
  0
LINE
  5
10B
330
2
100
AcDbEntity
  8
HALFEN
100
AcDbLine
 10
1187.163395000002
 20
1574.131004969641
 30
0.0
 11
4187.163395000003
 21
1574.131004969641
 31
0.0
  0
LINE
  5
10C
330
2
100
AcDbEntity
  8
HALFEN
100
AcDbLine
 10
1186.927376000002
 20
1694.13100496964
 30
0.0
 11
4186.927376000002
 21
1694.13100496964
 31
0.0
  0
LINE
  5
10D
330
2
100
AcDbEntity
  8
HALFEN
 62
     1
100
AcDbLine
 10
1105.074185776848
 20
1672.12930496964
 30
0.0
 11
1154.103179883745
 21
1672.12930496964
 31
0.0
  0
ARC
  5
10E
330
2
100
AcDbEntity
  8
HALFEN
100
AcDbCircle
 10
1143.088676000002
 20
1657.71930496964
 30
0.0
 40
12.0
100
AcDbArc
 50
90.0
 51
183.9254
  0
ARC
  5
10F
330
2
100
AcDbEntity
  8
HALFEN
100
AcDbCircle
 10
1129.588676000002
 20
1606.13100496964
 30
0.0
 40
12.0
100
AcDbArc
 50
176.0746
 51
3.925445999999999
  0
ARC
  5
110
330
2
100
AcDbEntity
  8
HALFEN
100
AcDbCircle
 10
1129.588676000002
 20
1606.13100496964
 30
0.0
 40
5.0
100
AcDbArc
 50
176.0746
 51
3.925354
  0
LINE
  5
111
330
2
100
AcDbEntity
  8
HALFEN
100
AcDbLine
 10
1131.116876000002
 20
1656.89780496964
 30
0.0
 11
1134.576976000002
 21
1606.47330496964
 31
0.0
  0
LINE
  5
112
330
2
100
AcDbEntity
  8
HALFEN
100
AcDbLine
 10
1148.786155259468
 20
1694.13100496964
 30
0.0
 11
1110.391196740536
 21
1694.13100496964
 31
0.0
  0
LINE
  5
113
330
2
100
AcDbEntity
  8
HALFEN
100
AcDbLine
 10
1148.786155259468
 20
1688.13100496964
 30
0.0
 11
1110.391196740536
 21
1688.13100496964
 31
0.0
  0
LINE
  5
114
330
2
100
AcDbEntity
  8
HALFEN
100
AcDbLine
 10
1117.616876000002
 20
1606.95250496964
 30
0.0
 11
1121.076976000002
 21
1657.377004969639
 31
0.0
  0
LINE
  5
115
330
2
100
AcDbEntity
  8
HALFEN
100
AcDbLine
 10
1124.600376000002
 20
1606.47330496964
 30
0.0
 11
1128.060476000002
 21
1656.89780496964
 31
0.0
  0
LINE
  5
116
330
2
100
AcDbEntity
  8
HALFEN
100
AcDbLine
 10
1099.148364774077
 20
1672.12930496964
 30
0.0
 11
1105.074185776848
 21
1672.12930496964
 31
0.0
  0
ARC
  5
117
330
2
100
AcDbEntity
  8
HALFEN
100
AcDbCircle
 10
1110.391196740536
 20
1683.13100496964
 30
0.0
 40
11.0
100
AcDbArc
 50
90.0
 51
178.3601544595861
1001
GENIUS_GENODEF_13
1002
{
1000
HIER
1070
     0
1002
}
1002
{
1000
MANEDIT
1070
     0
1002
}
1002
{
1000
NOSEL
1070
     0
1002
}
1002
{
1000
BEHIND
1070
     0
1002
}
1002
{
1000
REACTOR
1002
}
1001
GENIUS_GENOBJ-N-FIL_13
1002
{
1000
OWNER
1000
GEN
1002
}
  0
LINE
  5
118
330
2
100
AcDbEntity
  8
HALFEN
100
AcDbLine
 10
1102.249976000002
 20
1662.719304969639
 30
0.0
 11
1116.088676000002
 21
1662.719304969639
 31
0.0
  0
LINE
  5
119
330
2
100
AcDbEntity
  8
HALFEN
100
AcDbLine
 10
1102.089776000002
 20
1669.71930496964
 30
0.0
 11
1116.088676000002
 21
1669.71930496964
 31
0.0
  0
ARC
  5
11A
330
2
100
AcDbEntity
  8
HALFEN
100
AcDbCircle
 10
1102.249976000002
 20
1672.71930496964
 30
0.0
 40
9.999976
100
AcDbArc
 50
178.36
 51
270.0
  0
LINE
  5
11B
330
2
100
AcDbEntity
  8
HALFEN
100
AcDbLine
 10
1092.715676000002
 20
1689.13100496964
 30
0.0
 11
1099.558461034304
 21
1689.13100496964
 31
0.0
  0
ARC
  5
11C
330
2
100
AcDbEntity
  8
HALFEN
100
AcDbCircle
 10
1102.089776000002
 20
1672.71930496964
 30
0.0
 40
3.0
100
AcDbArc
 50
178.3602
 51
270.0
  0
LINE
  5
11D
330
2
100
AcDbEntity
  8
HALFEN
100
AcDbLine
 10
1092.715676000002
 20
1689.13100496964
 30
0.0
 11
1092.254076000002
 21
1673.00550496964
 31
0.0
  0
LINE
  5
11E
330
2
100
AcDbEntity
  8
HALFEN
100
AcDbLine
 10
1099.558461034304
 20
1689.13100496964
 30
0.0
 11
1099.091077521291
 21
1672.805204969639
 31
0.0
  0
ARC
  5
11F
330
2
100
AcDbEntity
  8
HALFEN
100
AcDbCircle
 10
1116.088676000002
 20
1657.71930496964
 30
0.0
 40
12.0
100
AcDbArc
 50
356.074524
 51
90.0
  0
ARC
  5
120
330
2
100
AcDbEntity
  8
HALFEN
100
AcDbCircle
 10
1116.088676000002
 20
1657.71930496964
 30
0.0
 40
5.0
100
AcDbArc
 50
356.074646
 51
90.0
  0
LINE
  5
121
330
2
100
AcDbEntity
  8
HALFEN
100
AcDbLine
 10
1105.393244462478
 20
1683.27408895288
 30
0.0
 11
1105.074185776848
 21
1672.12930496964
 31
0.0
  0
ARC
  5
122
330
2
100
AcDbEntity
  8
HALFEN
100
AcDbCircle
 10
1110.391196740536
 20
1683.13100496964
 30
0.0
 40
5.0
100
AcDbArc
 50
90.0
 51
178.3601544595861
1001
GENIUS_GENODEF_13
1002
{
1000
HIER
1070
     0
1002
}
1002
{
1000
MANEDIT
1070
     0
1002
}
1002
{
1000
NOSEL
1070
     0
1002
}
1002
{
1000
BEHIND
1070
     0
1002
}
1002
{
1000
REACTOR
1002
}
1001
GENIUS_GENOBJ-N-FIL_13
1002
{
1000
OWNER
1000
GEN
1002
}
  0
LINE
  5
123
330
2
100
AcDbEntity
  8
HALFEN
100
AcDbLine
 10
1138.100376000002
 20
1657.377004969639
 30
0.0
 11
1141.560476000002
 21
1606.95250496964
 31
0.0
  0
LINE
  5
124
330
2
100
AcDbEntity
  8
HALFEN
100
AcDbLine
 10
1187.163395000002
 20
1574.131004969641
 30
0.0
 11
1187.163395000002
 21
1513.131008282737
 31
0.0
  0
LINE
  5
125
330
2
100
AcDbEntity
  8
HALFEN
100
AcDbLine
 10
4186.927376000002
 20
1672.13100496964
 30
0.0
 11
4115.427376000003
 21
1672.131004969639
 31
0.0
  0
LINE
  5
126
330
2
100
AcDbEntity
  8
HALFEN
100
AcDbLine
 10
1166.461676000002
 20
1689.13100496964
 30
0.0
 11
1159.618883997123
 21
1689.13100496964
 31
0.0
  0
ARC
  5
127
330
2
100
AcDbEntity
  8
HALFEN
100
AcDbCircle
 10
1156.927376000002
 20
1672.71930496964
 30
0.0
 40
10.0
100
AcDbArc
 50
270.0
 51
1.639900000000011
  0
LINE
  5
128
330
2
100
AcDbEntity
  8
HALFEN
100
AcDbLine
 10
1156.927376000002
 20
1662.719304969639
 30
0.0
 11
1143.088676000002
 21
1662.719304969639
 31
0.0
  0
ARC
  5
129
330
2
100
AcDbEntity
  8
HALFEN
100
AcDbCircle
 10
1143.088676000002
 20
1657.71930496964
 30
0.0
 40
5.0
100
AcDbArc
 50
90.0
 51
183.9254
  0
LINE
  5
12A
330
2
100
AcDbEntity
  8
HALFEN
100
AcDbLine
 10
1143.088676000002
 20
1669.71930496964
 30
0.0
 11
1157.087376000002
 21
1669.71930496964
 31
0.0
  0
LINE
  5
12B
330
2
100
AcDbEntity
  8
HALFEN
100
AcDbLine
 10
1154.103179883745
 20
1672.12930496964
 30
0.0
 11
1160.028787225927
 21
1672.12930496964
 31
0.0
  0
LINE
  5
12C
330
2
100
AcDbEntity
  8
HALFEN
100
AcDbLine
 10
1153.784107362282
 20
1683.274095074043
 30
0.0
 11
1154.103179883745
 21
1672.12930496964
 31
0.0
  0
ARC
  5
12D
330
2
100
AcDbEntity
  8
HALFEN
100
AcDbCircle
 10
1148.786155259468
 20
1683.13100496964
 30
0.0
 40
5.0
100
AcDbArc
 50
1.639915712517166
 51
90.0
1001
GENIUS_GENODEF_13
1002
{
1000
HIER
1070
     0
1002
}
1002
{
1000
MANEDIT
1070
     0
1002
}
1002
{
1000
NOSEL
1070
     0
1002
}
1002
{
1000
BEHIND
1070
     0
1002
}
1002
{
1000
REACTOR
1002
}
1001
GENIUS_GENOBJ-N-FIL_13
1002
{
1000
OWNER
1000
GEN
1002
}
  0
ARC
  5
12E
330
2
100
AcDbEntity
  8
HALFEN
100
AcDbCircle
 10
1148.786155259468
 20
1683.13100496964
 30
0.0
 40
11.0
100
AcDbArc
 50
1.639915712517166
 51
90.0
1001
GENIUS_GENODEF_13
1002
{
1000
HIER
1070
     0
1002
}
1002
{
1000
MANEDIT
1070
     0
1002
}
1002
{
1000
NOSEL
1070
     0
1002
}
1002
{
1000
BEHIND
1070
     0
1002
}
1002
{
1000
REACTOR
1002
}
1001
GENIUS_GENOBJ-N-FIL_13
1002
{
1000
OWNER
1000
GEN
1002
}
  0
ARC
  5
12F
330
2
100
AcDbEntity
  8
HALFEN
100
AcDbCircle
 10
1157.087376000002
 20
1672.71930496964
 30
0.0
 40
3.0
100
AcDbArc
 50
270.0
 51
1.639799999999972
  0
LINE
  5
130
330
2
100
AcDbEntity
  8
HALFEN
100
AcDbLine
 10
1159.618883997123
 20
1689.13100496964
 30
0.0
 11
1160.086287521291
 21
1672.805204969639
 31
0.0
  0
LINE
  5
131
330
2
100
AcDbEntity
  8
HALFEN
100
AcDbLine
 10
1166.461676000002
 20
1689.13100496964
 30
0.0
 11
1166.923376000002
 21
1673.00550496964
 31
0.0
  0
LINE
  5
132
330
2
100
AcDbEntity
  8
HALFEN
100
AcDbLine
 10
1186.927376000002
 20
1672.13100496964
 30
0.0
 11
1186.927376000002
 21
1694.13100496964
 31
0.0
  0
LINE
  5
133
330
2
100
AcDbEntity
  8
HALFEN
100
AcDbLine
 10
1265.427376000002
 20
1688.676904969639
 30
0.0
 11
1265.427376000002
 21
1597.63100496964
 31
0.0
  0
LINE
  5
134
330
2
100
AcDbEntity
  8
HALFEN
100
AcDbLine
 10
1258.427376000002
 20
1688.676904969639
 30
0.0
 11
1258.427376000002
 21
1597.63100496964
 31
0.0
  0
CIRCLE
  5
135
330
2
100
AcDbEntity
  8
HALFEN
100
AcDbCircle
 10
1261.927376000002
 20
1509.944507454463
 30
0.0
 40
3.186500828273892
  0
LINE
  5
136
330
2
100
AcDbEntity
  8
HALFEN
100
AcDbLine
 10
1265.113876828276
 20
1509.944507454463
 30
0.0
 11
1265.113876828276
 21
1513.131008282737
 31
0.0
  0
LINE
  5
137
330
2
100
AcDbEntity
  8
HALFEN
100
AcDbLine
 10
1258.740875171728
 20
1509.944507454463
 30
0.0
 11
1258.740875171728
 21
1513.131008282737
 31
0.0
  0
ARC
  5
138
330
2
100
AcDbEntity
  8
HALFEN
100
AcDbCircle
 10
1261.927376000002
 20
1597.63100496964
 30
0.0
 40
3.5
100
AcDbArc
 50
180.0
 51
0.0
  0
LINE
  5
139
330
2
100
AcDbEntity
  8
HALFEN
100
AcDbLine
 10
1258.740875171728
 20
1577.317505797915
 30
0.0
 11
1258.740875171728
 21
1574.131004969641
 31
0.0
  0
LINE
  5
13A
330
2
100
AcDbEntity
  8
HALFEN
100
AcDbLine
 10
1265.113876828276
 20
1577.317505797915
 30
0.0
 11
1265.113876828276
 21
1574.131004969641
 31
0.0
  0
CIRCLE
  5
13B
330
2
100
AcDbEntity
  8
HALFEN
100
AcDbCircle
 10
1261.927376000002
 20
1577.317505797915
 30
0.0
 40
3.186500828273892
  0
ARC
  5
13C
330
2
100
AcDbEntity
  8
HALFEN
100
AcDbCircle
 10
1261.927376000002
 20
1666.312305619496
 30
0.0
 40
3.5
100
AcDbArc
 50
180.0
 51
0.0
  0
LINE
  5
13D
330
2
100
AcDbEntity
  8
HALFEN
100
AcDbLine
 10
1258.427376000002
 20
1688.67690496964
 30
0.0
 11
1265.427376000002
 21
1688.676904969639
 31
0.0
  0
LINE
  5
142
330
2
100
AcDbEntity
  8
HALFEN
100
AcDbLine
 10
4187.163395000002
 20
1851.50400331308
 30
0.0
 11
4187.163395000001
 21
1790.504006626177
 31
0.0
  0
LINE
  5
143
330
2
100
AcDbEntity
  8
HALFEN
100
AcDbLine
 10
4187.163395000002
 20
1574.131004969629
 30
0.0
 11
4187.163395000001
 21
1513.131008282726
 31
0.0
  0
LINE
  5
144
330
2
100
AcDbEntity
  8
HALFEN
100
AcDbLine
 10
4186.927376000002
 20
1949.504003313091
 30
0.0
 11
4186.927376000002
 21
1971.504003313091
 31
0.0
  0
LINE
  5
145
330
2
100
AcDbEntity
  8
HALFEN
100
AcDbLine
 10
4186.927376000002
 20
1672.13100496964
 30
0.0
 11
4186.927376000002
 21
1694.13100496964
 31
0.0
  0
LINE
  5
264
330
2
100
AcDbEntity
  8
HALFEN
100
AcDbLine
 10
1715.427376000002
 20
1966.04990331309
 30
0.0
 11
1715.427376000002
 21
1875.00400331309
 31
0.0
  0
LINE
  5
265
330
2
100
AcDbEntity
  8
HALFEN
100
AcDbLine
 10
1708.427376000002
 20
1966.04990331309
 30
0.0
 11
1708.427376000002
 21
1875.00400331309
 31
0.0
  0
CIRCLE
  5
266
330
2
100
AcDbEntity
  8
HALFEN
100
AcDbCircle
 10
1711.927376000002
 20
1787.317505797914
 30
0.0
 40
3.186500828273892
  0
LINE
  5
267
330
2
100
AcDbEntity
  8
HALFEN
100
AcDbLine
 10
1715.113876828276
 20
1787.317505797914
 30
0.0
 11
1715.113876828276
 21
1790.504006626188
 31
0.0
  0
LINE
  5
268
330
2
100
AcDbEntity
  8
HALFEN
100
AcDbLine
 10
1708.740875171728
 20
1787.317505797914
 30
0.0
 11
1708.740875171728
 21
1790.504006626188
 31
0.0
  0
ARC
  5
269
330
2
100
AcDbEntity
  8
HALFEN
100
AcDbCircle
 10
1711.927376000002
 20
1875.00400331309
 30
0.0
 40
3.5
100
AcDbArc
 50
180.0
 51
0.0
  0
LINE
  5
26A
330
2
100
AcDbEntity
  8
HALFEN
100
AcDbLine
 10
1708.740875171728
 20
1854.690504141366
 30
0.0
 11
1708.740875171728
 21
1851.504003313092
 31
0.0
  0
LINE
  5
26B
330
2
100
AcDbEntity
  8
HALFEN
100
AcDbLine
 10
1715.113876828276
 20
1854.690504141366
 30
0.0
 11
1715.113876828276
 21
1851.504003313092
 31
0.0
  0
CIRCLE
  5
26C
330
2
100
AcDbEntity
  8
HALFEN
100
AcDbCircle
 10
1711.927376000002
 20
1854.690504141366
 30
0.0
 40
3.186500828273892
  0
ARC
  5
26D
330
2
100
AcDbEntity
  8
HALFEN
100
AcDbCircle
 10
1711.927376000002
 20
1943.685303962947
 30
0.0
 40
3.5
100
AcDbArc
 50
180.0
 51
0.0
  0
LINE
  5
26E
330
2
100
AcDbEntity
  8
HALFEN
100
AcDbLine
 10
1708.427376000002
 20
1966.049903313091
 30
0.0
 11
1715.427376000002
 21
1966.04990331309
 31
0.0
  0
LINE
  5
26F
330
2
100
AcDbEntity
  8
HALFEN
100
AcDbLine
 10
2165.427376000002
 20
1966.04990331309
 30
0.0
 11
2165.427376000002
 21
1875.00400331309
 31
0.0
  0
LINE
  5
270
330
2
100
AcDbEntity
  8
HALFEN
100
AcDbLine
 10
2158.427376000002
 20
1966.04990331309
 30
0.0
 11
2158.427376000002
 21
1875.00400331309
 31
0.0
  0
CIRCLE
  5
271
330
2
100
AcDbEntity
  8
HALFEN
100
AcDbCircle
 10
2161.927376000003
 20
1787.317505797914
 30
0.0
 40
3.186500828273892
  0
LINE
  5
272
330
2
100
AcDbEntity
  8
HALFEN
100
AcDbLine
 10
2165.113876828276
 20
1787.317505797914
 30
0.0
 11
2165.113876828276
 21
1790.504006626188
 31
0.0
  0
LINE
  5
273
330
2
100
AcDbEntity
  8
HALFEN
100
AcDbLine
 10
2158.740875171728
 20
1787.317505797914
 30
0.0
 11
2158.740875171728
 21
1790.504006626188
 31
0.0
  0
ARC
  5
274
330
2
100
AcDbEntity
  8
HALFEN
100
AcDbCircle
 10
2161.927376000003
 20
1875.00400331309
 30
0.0
 40
3.5
100
AcDbArc
 50
180.0
 51
0.0
  0
LINE
  5
275
330
2
100
AcDbEntity
  8
HALFEN
100
AcDbLine
 10
2158.740875171728
 20
1854.690504141366
 30
0.0
 11
2158.740875171728
 21
1851.504003313092
 31
0.0
  0
LINE
  5
276
330
2
100
AcDbEntity
  8
HALFEN
100
AcDbLine
 10
2165.113876828276
 20
1854.690504141366
 30
0.0
 11
2165.113876828276
 21
1851.504003313092
 31
0.0
  0
CIRCLE
  5
277
330
2
100
AcDbEntity
  8
HALFEN
100
AcDbCircle
 10
2161.927376000003
 20
1854.690504141366
 30
0.0
 40
3.186500828273892
  0
ARC
  5
278
330
2
100
AcDbEntity
  8
HALFEN
100
AcDbCircle
 10
2161.927376000003
 20
1943.685303962947
 30
0.0
 40
3.5
100
AcDbArc
 50
180.0
 51
0.0
  0
LINE
  5
279
330
2
100
AcDbEntity
  8
HALFEN
100
AcDbLine
 10
2158.427376000002
 20
1966.049903313091
 30
0.0
 11
2165.427376000002
 21
1966.04990331309
 31
0.0
  0
LINE
  5
27A
330
2
100
AcDbEntity
  8
HALFEN
100
AcDbLine
 10
2615.427376000003
 20
1966.04990331309
 30
0.0
 11
2615.427376000003
 21
1875.00400331309
 31
0.0
  0
LINE
  5
27B
330
2
100
AcDbEntity
  8
HALFEN
100
AcDbLine
 10
2608.427376000002
 20
1966.04990331309
 30
0.0
 11
2608.427376000002
 21
1875.00400331309
 31
0.0
  0
CIRCLE
  5
27C
330
2
100
AcDbEntity
  8
HALFEN
100
AcDbCircle
 10
2611.927376000002
 20
1787.317505797914
 30
0.0
 40
3.186500828273892
  0
LINE
  5
27D
330
2
100
AcDbEntity
  8
HALFEN
100
AcDbLine
 10
2615.113876828277
 20
1787.317505797914
 30
0.0
 11
2615.113876828277
 21
1790.504006626188
 31
0.0
  0
LINE
  5
27E
330
2
100
AcDbEntity
  8
HALFEN
100
AcDbLine
 10
2608.740875171728
 20
1787.317505797914
 30
0.0
 11
2608.740875171728
 21
1790.504006626188
 31
0.0
  0
ARC
  5
27F
330
2
100
AcDbEntity
  8
HALFEN
100
AcDbCircle
 10
2611.927376000002
 20
1875.00400331309
 30
0.0
 40
3.5
100
AcDbArc
 50
180.0
 51
0.0
  0
LINE
  5
280
330
2
100
AcDbEntity
  8
HALFEN
100
AcDbLine
 10
2608.740875171728
 20
1854.690504141366
 30
0.0
 11
2608.740875171728
 21
1851.504003313092
 31
0.0
  0
LINE
  5
281
330
2
100
AcDbEntity
  8
HALFEN
100
AcDbLine
 10
2615.113876828277
 20
1854.690504141366
 30
0.0
 11
2615.113876828277
 21
1851.504003313092
 31
0.0
  0
CIRCLE
  5
282
330
2
100
AcDbEntity
  8
HALFEN
100
AcDbCircle
 10
2611.927376000002
 20
1854.690504141366
 30
0.0
 40
3.186500828273892
  0
ARC
  5
283
330
2
100
AcDbEntity
  8
HALFEN
100
AcDbCircle
 10
2611.927376000002
 20
1943.685303962947
 30
0.0
 40
3.5
100
AcDbArc
 50
180.0
 51
0.0
  0
LINE
  5
284
330
2
100
AcDbEntity
  8
HALFEN
100
AcDbLine
 10
2608.427376000002
 20
1966.049903313091
 30
0.0
 11
2615.427376000003
 21
1966.04990331309
 31
0.0
  0
LINE
  5
285
330
2
100
AcDbEntity
  8
HALFEN
100
AcDbLine
 10
2758.427376000002
 20
1966.04990331309
 30
0.0
 11
2758.427376000002
 21
1875.00400331309
 31
0.0
  0
LINE
  5
286
330
2
100
AcDbEntity
  8
HALFEN
100
AcDbLine
 10
2765.427376000002
 20
1966.04990331309
 30
0.0
 11
2765.427376000002
 21
1875.00400331309
 31
0.0
  0
LINE
  5
287
330
2
100
AcDbEntity
  8
HALFEN
100
AcDbLine
 10
2758.740875171728
 20
1787.317505797914
 30
0.0
 11
2758.740875171728
 21
1790.504006626188
 31
0.0
  0
LINE
  5
288
330
2
100
AcDbEntity
  8
HALFEN
100
AcDbLine
 10
2765.113876828277
 20
1787.317505797914
 30
0.0
 11
2765.113876828277
 21
1790.504006626188
 31
0.0
  0
CIRCLE
  5
289
330
2
100
AcDbEntity
  8
HALFEN
100
AcDbCircle
 10
2761.927376000003
 20
1787.317505797914
 30
0.0
 40
3.186500828273892
  0
ARC
  5
28A
330
2
100
AcDbEntity
  8
HALFEN
100
AcDbCircle
 10
2761.927376000003
 20
1875.00400331309
 30
0.0
 40
3.5
100
AcDbArc
 50
180.0
 51
0.0
  0
CIRCLE
  5
28B
330
2
100
AcDbEntity
  8
HALFEN
100
AcDbCircle
 10
2761.927376000003
 20
1854.690504141366
 30
0.0
 40
3.186500828273892
  0
LINE
  5
28C
330
2
100
AcDbEntity
  8
HALFEN
100
AcDbLine
 10
2765.113876828277
 20
1854.690504141366
 30
0.0
 11
2765.113876828277
 21
1851.504003313092
 31
0.0
  0
LINE
  5
28D
330
2
100
AcDbEntity
  8
HALFEN
100
AcDbLine
 10
2758.740875171728
 20
1854.690504141366
 30
0.0
 11
2758.740875171728
 21
1851.504003313092
 31
0.0
  0
LINE
  5
28E
330
2
100
AcDbEntity
  8
HALFEN
100
AcDbLine
 10
2758.427376000002
 20
1966.049903313091
 30
0.0
 11
2765.427376000002
 21
1966.04990331309
 31
0.0
  0
ARC
  5
28F
330
2
100
AcDbEntity
  8
HALFEN
100
AcDbCircle
 10
2761.927376000003
 20
1943.685303962947
 30
0.0
 40
3.5
100
AcDbArc
 50
180.0
 51
0.0
  0
LINE
  5
290
330
2
100
AcDbEntity
  8
HALFEN
100
AcDbLine
 10
3215.427376000003
 20
1966.04990331309
 30
0.0
 11
3215.427376000003
 21
1875.00400331309
 31
0.0
  0
LINE
  5
291
330
2
100
AcDbEntity
  8
HALFEN
100
AcDbLine
 10
3208.427376000003
 20
1966.04990331309
 30
0.0
 11
3208.427376000003
 21
1875.00400331309
 31
0.0
  0
CIRCLE
  5
292
330
2
100
AcDbEntity
  8
HALFEN
100
AcDbCircle
 10
3211.927376000003
 20
1854.690504141366
 30
0.0
 40
3.186500828273892
  0
ARC
  5
293
330
2
100
AcDbEntity
  8
HALFEN
100
AcDbCircle
 10
3211.927376000003
 20
1875.00400331309
 30
0.0
 40
3.5
100
AcDbArc
 50
180.0
 51
0.0
  0
CIRCLE
  5
294
330
2
100
AcDbEntity
  8
HALFEN
100
AcDbCircle
 10
3211.927376000003
 20
1787.317505797914
 30
0.0
 40
3.186500828273892
  0
LINE
  5
295
330
2
100
AcDbEntity
  8
HALFEN
100
AcDbLine
 10
3208.740875171729
 20
1787.317505797914
 30
0.0
 11
3208.740875171729
 21
1790.504006626188
 31
0.0
  0
LINE
  5
296
330
2
100
AcDbEntity
  8
HALFEN
100
AcDbLine
 10
3208.740875171729
 20
1854.690504141366
 30
0.0
 11
3208.740875171729
 21
1851.504003313092
 31
0.0
  0
LINE
  5
297
330
2
100
AcDbEntity
  8
HALFEN
100
AcDbLine
 10
3215.113876828276
 20
1787.317505797914
 30
0.0
 11
3215.113876828276
 21
1790.504006626188
 31
0.0
  0
LINE
  5
298
330
2
100
AcDbEntity
  8
HALFEN
100
AcDbLine
 10
3215.113876828276
 20
1854.690504141366
 30
0.0
 11
3215.113876828276
 21
1851.504003313092
 31
0.0
  0
ARC
  5
299
330
2
100
AcDbEntity
  8
HALFEN
100
AcDbCircle
 10
3211.927376000003
 20
1943.685303962947
 30
0.0
 40
3.5
100
AcDbArc
 50
180.0
 51
0.0
  0
LINE
  5
29A
330
2
100
AcDbEntity
  8
HALFEN
100
AcDbLine
 10
3208.427376000003
 20
1966.049903313091
 30
0.0
 11
3215.427376000003
 21
1966.04990331309
 31
0.0
  0
LINE
  5
29B
330
2
100
AcDbEntity
  8
HALFEN
100
AcDbLine
 10
3665.427376000002
 20
1966.04990331309
 30
0.0
 11
3665.427376000002
 21
1875.00400331309
 31
0.0
  0
LINE
  5
29C
330
2
100
AcDbEntity
  8
HALFEN
100
AcDbLine
 10
3658.427376000002
 20
1966.04990331309
 30
0.0
 11
3658.427376000002
 21
1875.00400331309
 31
0.0
  0
CIRCLE
  5
29D
330
2
100
AcDbEntity
  8
HALFEN
100
AcDbCircle
 10
3661.927376000003
 20
1854.690504141366
 30
0.0
 40
3.186500828273892
  0
ARC
  5
29E
330
2
100
AcDbEntity
  8
HALFEN
100
AcDbCircle
 10
3661.927376000003
 20
1875.00400331309
 30
0.0
 40
3.5
100
AcDbArc
 50
180.0
 51
0.0
  0
CIRCLE
  5
29F
330
2
100
AcDbEntity
  8
HALFEN
100
AcDbCircle
 10
3661.927376000003
 20
1787.317505797914
 30
0.0
 40
3.186500828273892
  0
LINE
  5
2A0
330
2
100
AcDbEntity
  8
HALFEN
100
AcDbLine
 10
3658.740875171729
 20
1787.317505797914
 30
0.0
 11
3658.740875171729
 21
1790.504006626188
 31
0.0
  0
LINE
  5
2A1
330
2
100
AcDbEntity
  8
HALFEN
100
AcDbLine
 10
3658.740875171729
 20
1854.690504141366
 30
0.0
 11
3658.740875171729
 21
1851.504003313092
 31
0.0
  0
LINE
  5
2A2
330
2
100
AcDbEntity
  8
HALFEN
100
AcDbLine
 10
3665.113876828276
 20
1787.317505797914
 30
0.0
 11
3665.113876828276
 21
1790.504006626188
 31
0.0
  0
LINE
  5
2A3
330
2
100
AcDbEntity
  8
HALFEN
100
AcDbLine
 10
3665.113876828276
 20
1854.690504141366
 30
0.0
 11
3665.113876828276
 21
1851.504003313092
 31
0.0
  0
ARC
  5
2A4
330
2
100
AcDbEntity
  8
HALFEN
100
AcDbCircle
 10
3661.927376000003
 20
1943.685303962947
 30
0.0
 40
3.5
100
AcDbArc
 50
180.0
 51
0.0
  0
LINE
  5
2A5
330
2
100
AcDbEntity
  8
HALFEN
100
AcDbLine
 10
3658.427376000002
 20
1966.049903313091
 30
0.0
 11
3665.427376000002
 21
1966.04990331309
 31
0.0
  0
LINE
  5
2A6
330
2
100
AcDbEntity
  8
HALFEN
100
AcDbLine
 10
4115.427376000002
 20
1966.04990331309
 30
0.0
 11
4115.427376000002
 21
1875.00400331309
 31
0.0
  0
LINE
  5
2A7
330
2
100
AcDbEntity
  8
HALFEN
100
AcDbLine
 10
4108.427376000002
 20
1966.04990331309
 30
0.0
 11
4108.427376000002
 21
1875.00400331309
 31
0.0
  0
CIRCLE
  5
2A8
330
2
100
AcDbEntity
  8
HALFEN
100
AcDbCircle
 10
4111.927376000003
 20
1854.690504141366
 30
0.0
 40
3.186500828273892
  0
ARC
  5
2A9
330
2
100
AcDbEntity
  8
HALFEN
100
AcDbCircle
 10
4111.927376000003
 20
1875.00400331309
 30
0.0
 40
3.5
100
AcDbArc
 50
180.0
 51
0.0
  0
CIRCLE
  5
2AA
330
2
100
AcDbEntity
  8
HALFEN
100
AcDbCircle
 10
4111.927376000003
 20
1787.317505797914
 30
0.0
 40
3.186500828273892
  0
LINE
  5
2AB
330
2
100
AcDbEntity
  8
HALFEN
100
AcDbLine
 10
4108.740875171728
 20
1787.317505797914
 30
0.0
 11
4108.740875171728
 21
1790.504006626188
 31
0.0
  0
LINE
  5
2AC
330
2
100
AcDbEntity
  8
HALFEN
100
AcDbLine
 10
4108.740875171728
 20
1854.690504141366
 30
0.0
 11
4108.740875171728
 21
1851.504003313092
 31
0.0
  0
LINE
  5
2AD
330
2
100
AcDbEntity
  8
HALFEN
100
AcDbLine
 10
4115.113876828276
 20
1787.317505797914
 30
0.0
 11
4115.113876828276
 21
1790.504006626188
 31
0.0
  0
LINE
  5
2AE
330
2
100
AcDbEntity
  8
HALFEN
100
AcDbLine
 10
4115.113876828276
 20
1854.690504141366
 30
0.0
 11
4115.113876828276
 21
1851.504003313092
 31
0.0
  0
ARC
  5
2AF
330
2
100
AcDbEntity
  8
HALFEN
100
AcDbCircle
 10
4111.927376000003
 20
1943.685303962947
 30
0.0
 40
3.5
100
AcDbArc
 50
180.0
 51
0.0
  0
LINE
  5
2B0
330
2
100
AcDbEntity
  8
HALFEN
100
AcDbLine
 10
4108.427376000002
 20
1966.049903313091
 30
0.0
 11
4115.427376000002
 21
1966.04990331309
 31
0.0
  0
LINE
  5
2B1
330
2
100
AcDbEntity
  8
HALFEN
100
AcDbLine
 10
1408.740875171728
 20
1509.944507454463
 30
0.0
 11
1408.740875171728
 21
1513.131008282737
 31
0.0
  0
LINE
  5
2B2
330
2
100
AcDbEntity
  8
HALFEN
100
AcDbLine
 10
1415.113876828276
 20
1509.944507454463
 30
0.0
 11
1415.113876828276
 21
1513.131008282737
 31
0.0
  0
CIRCLE
  5
2B3
330
2
100
AcDbEntity
  8
HALFEN
100
AcDbCircle
 10
1411.927376000002
 20
1509.944507454463
 30
0.0
 40
3.186500828273892
  0
CIRCLE
  5
2B4
330
2
100
AcDbEntity
  8
HALFEN
100
AcDbCircle
 10
1411.927376000002
 20
1577.317505797915
 30
0.0
 40
3.186500828273892
  0
LINE
  5
2B5
330
2
100
AcDbEntity
  8
HALFEN
100
AcDbLine
 10
1415.113876828276
 20
1577.317505797915
 30
0.0
 11
1415.113876828276
 21
1574.131004969641
 31
0.0
  0
LINE
  5
2B6
330
2
100
AcDbEntity
  8
HALFEN
100
AcDbLine
 10
1408.740875171728
 20
1577.317505797915
 30
0.0
 11
1408.740875171728
 21
1574.131004969641
 31
0.0
  0
LINE
  5
2B7
330
2
100
AcDbEntity
  8
HALFEN
100
AcDbLine
 10
1408.427376000002
 20
1688.676904969639
 30
0.0
 11
1408.427376000002
 21
1597.63100496964
 31
0.0
  0
LINE
  5
2B8
330
2
100
AcDbEntity
  8
HALFEN
100
AcDbLine
 10
1415.427376000002
 20
1688.676904969639
 30
0.0
 11
1415.427376000002
 21
1597.63100496964
 31
0.0
  0
ARC
  5
2B9
330
2
100
AcDbEntity
  8
HALFEN
100
AcDbCircle
 10
1411.927376000002
 20
1597.63100496964
 30
0.0
 40
3.5
100
AcDbArc
 50
180.0
 51
0.0
  0
LINE
  5
2BA
330
2
100
AcDbEntity
  8
HALFEN
100
AcDbLine
 10
1408.427376000002
 20
1688.67690496964
 30
0.0
 11
1415.427376000002
 21
1688.676904969639
 31
0.0
  0
ARC
  5
2BB
330
2
100
AcDbEntity
  8
HALFEN
100
AcDbCircle
 10
1411.927376000002
 20
1666.312305619496
 30
0.0
 40
3.5
100
AcDbArc
 50
180.0
 51
0.0
  0
LINE
  5
2BC
330
2
100
AcDbEntity
  8
HALFEN
100
AcDbLine
 10
1558.740875171728
 20
1509.944507454463
 30
0.0
 11
1558.740875171728
 21
1513.131008282737
 31
0.0
  0
LINE
  5
2BD
330
2
100
AcDbEntity
  8
HALFEN
100
AcDbLine
 10
1565.113876828276
 20
1509.944507454463
 30
0.0
 11
1565.113876828276
 21
1513.131008282737
 31
0.0
  0
CIRCLE
  5
2BE
330
2
100
AcDbEntity
  8
HALFEN
100
AcDbCircle
 10
1561.927376000002
 20
1509.944507454463
 30
0.0
 40
3.186500828273892
  0
CIRCLE
  5
2BF
330
2
100
AcDbEntity
  8
HALFEN
100
AcDbCircle
 10
1561.927376000002
 20
1577.317505797915
 30
0.0
 40
3.186500828273892
  0
LINE
  5
2C0
330
2
100
AcDbEntity
  8
HALFEN
100
AcDbLine
 10
1565.113876828276
 20
1577.317505797915
 30
0.0
 11
1565.113876828276
 21
1574.131004969641
 31
0.0
  0
LINE
  5
2C1
330
2
100
AcDbEntity
  8
HALFEN
100
AcDbLine
 10
1558.740875171728
 20
1577.317505797915
 30
0.0
 11
1558.740875171728
 21
1574.131004969641
 31
0.0
  0
LINE
  5
2C2
330
2
100
AcDbEntity
  8
HALFEN
100
AcDbLine
 10
1558.427376000002
 20
1688.676904969639
 30
0.0
 11
1558.427376000002
 21
1597.63100496964
 31
0.0
  0
LINE
  5
2C3
330
2
100
AcDbEntity
  8
HALFEN
100
AcDbLine
 10
1565.427376000002
 20
1688.676904969639
 30
0.0
 11
1565.427376000002
 21
1597.63100496964
 31
0.0
  0
ARC
  5
2C4
330
2
100
AcDbEntity
  8
HALFEN
100
AcDbCircle
 10
1561.927376000002
 20
1597.63100496964
 30
0.0
 40
3.5
100
AcDbArc
 50
180.0
 51
0.0
  0
LINE
  5
2C5
330
2
100
AcDbEntity
  8
HALFEN
100
AcDbLine
 10
1558.427376000002
 20
1688.67690496964
 30
0.0
 11
1565.427376000002
 21
1688.676904969639
 31
0.0
  0
ARC
  5
2C6
330
2
100
AcDbEntity
  8
HALFEN
100
AcDbCircle
 10
1561.927376000002
 20
1666.312305619496
 30
0.0
 40
3.5
100
AcDbArc
 50
180.0
 51
0.0
  0
LINE
  5
2C7
330
2
100
AcDbEntity
  8
HALFEN
100
AcDbLine
 10
1708.740875171728
 20
1509.944507454463
 30
0.0
 11
1708.740875171728
 21
1513.131008282737
 31
0.0
  0
LINE
  5
2C8
330
2
100
AcDbEntity
  8
HALFEN
100
AcDbLine
 10
1715.113876828276
 20
1509.944507454463
 30
0.0
 11
1715.113876828276
 21
1513.131008282737
 31
0.0
  0
CIRCLE
  5
2C9
330
2
100
AcDbEntity
  8
HALFEN
100
AcDbCircle
 10
1711.927376000002
 20
1509.944507454463
 30
0.0
 40
3.186500828273892
  0
CIRCLE
  5
2CA
330
2
100
AcDbEntity
  8
HALFEN
100
AcDbCircle
 10
1711.927376000002
 20
1577.317505797915
 30
0.0
 40
3.186500828273892
  0
LINE
  5
2CB
330
2
100
AcDbEntity
  8
HALFEN
100
AcDbLine
 10
1715.113876828276
 20
1577.317505797915
 30
0.0
 11
1715.113876828276
 21
1574.131004969641
 31
0.0
  0
LINE
  5
2CC
330
2
100
AcDbEntity
  8
HALFEN
100
AcDbLine
 10
1708.740875171728
 20
1577.317505797915
 30
0.0
 11
1708.740875171728
 21
1574.131004969641
 31
0.0
  0
LINE
  5
2CD
330
2
100
AcDbEntity
  8
HALFEN
100
AcDbLine
 10
1708.427376000002
 20
1688.676904969639
 30
0.0
 11
1708.427376000002
 21
1597.63100496964
 31
0.0
  0
LINE
  5
2CE
330
2
100
AcDbEntity
  8
HALFEN
100
AcDbLine
 10
1715.427376000002
 20
1688.676904969639
 30
0.0
 11
1715.427376000002
 21
1597.63100496964
 31
0.0
  0
ARC
  5
2CF
330
2
100
AcDbEntity
  8
HALFEN
100
AcDbCircle
 10
1711.927376000002
 20
1597.63100496964
 30
0.0
 40
3.5
100
AcDbArc
 50
180.0
 51
0.0
  0
LINE
  5
2D0
330
2
100
AcDbEntity
  8
HALFEN
100
AcDbLine
 10
1708.427376000002
 20
1688.67690496964
 30
0.0
 11
1715.427376000002
 21
1688.676904969639
 31
0.0
  0
ARC
  5
2D1
330
2
100
AcDbEntity
  8
HALFEN
100
AcDbCircle
 10
1711.927376000002
 20
1666.312305619496
 30
0.0
 40
3.5
100
AcDbArc
 50
180.0
 51
0.0
  0
LINE
  5
2D2
330
2
100
AcDbEntity
  8
HALFEN
100
AcDbLine
 10
1858.740875171728
 20
1509.944507454463
 30
0.0
 11
1858.740875171728
 21
1513.131008282737
 31
0.0
  0
LINE
  5
2D3
330
2
100
AcDbEntity
  8
HALFEN
100
AcDbLine
 10
1865.113876828276
 20
1509.944507454463
 30
0.0
 11
1865.113876828276
 21
1513.131008282737
 31
0.0
  0
CIRCLE
  5
2D4
330
2
100
AcDbEntity
  8
HALFEN
100
AcDbCircle
 10
1861.927376000002
 20
1509.944507454463
 30
0.0
 40
3.186500828273892
  0
CIRCLE
  5
2D5
330
2
100
AcDbEntity
  8
HALFEN
100
AcDbCircle
 10
1861.927376000002
 20
1577.317505797915
 30
0.0
 40
3.186500828273892
  0
LINE
  5
2D6
330
2
100
AcDbEntity
  8
HALFEN
100
AcDbLine
 10
1865.113876828276
 20
1577.317505797915
 30
0.0
 11
1865.113876828276
 21
1574.131004969641
 31
0.0
  0
LINE
  5
2D7
330
2
100
AcDbEntity
  8
HALFEN
100
AcDbLine
 10
1858.740875171728
 20
1577.317505797915
 30
0.0
 11
1858.740875171728
 21
1574.131004969641
 31
0.0
  0
LINE
  5
2D8
330
2
100
AcDbEntity
  8
HALFEN
100
AcDbLine
 10
1858.427376000002
 20
1688.676904969639
 30
0.0
 11
1858.427376000002
 21
1597.63100496964
 31
0.0
  0
LINE
  5
2D9
330
2
100
AcDbEntity
  8
HALFEN
100
AcDbLine
 10
1865.427376000002
 20
1688.676904969639
 30
0.0
 11
1865.427376000002
 21
1597.63100496964
 31
0.0
  0
ARC
  5
2DA
330
2
100
AcDbEntity
  8
HALFEN
100
AcDbCircle
 10
1861.927376000002
 20
1597.63100496964
 30
0.0
 40
3.5
100
AcDbArc
 50
180.0
 51
0.0
  0
LINE
  5
2DB
330
2
100
AcDbEntity
  8
HALFEN
100
AcDbLine
 10
1858.427376000002
 20
1688.67690496964
 30
0.0
 11
1865.427376000002
 21
1688.676904969639
 31
0.0
  0
ARC
  5
2DC
330
2
100
AcDbEntity
  8
HALFEN
100
AcDbCircle
 10
1861.927376000002
 20
1666.312305619496
 30
0.0
 40
3.5
100
AcDbArc
 50
180.0
 51
0.0
  0
LINE
  5
2DD
330
2
100
AcDbEntity
  8
HALFEN
100
AcDbLine
 10
2008.740875171728
 20
1509.944507454463
 30
0.0
 11
2008.740875171728
 21
1513.131008282737
 31
0.0
  0
LINE
  5
2DE
330
2
100
AcDbEntity
  8
HALFEN
100
AcDbLine
 10
2015.113876828277
 20
1509.944507454463
 30
0.0
 11
2015.113876828277
 21
1513.131008282737
 31
0.0
  0
CIRCLE
  5
2DF
330
2
100
AcDbEntity
  8
HALFEN
100
AcDbCircle
 10
2011.927376000002
 20
1509.944507454463
 30
0.0
 40
3.186500828273892
  0
CIRCLE
  5
2E0
330
2
100
AcDbEntity
  8
HALFEN
100
AcDbCircle
 10
2011.927376000002
 20
1577.317505797915
 30
0.0
 40
3.186500828273892
  0
LINE
  5
2E1
330
2
100
AcDbEntity
  8
HALFEN
100
AcDbLine
 10
2015.113876828277
 20
1577.317505797915
 30
0.0
 11
2015.113876828277
 21
1574.131004969641
 31
0.0
  0
LINE
  5
2E2
330
2
100
AcDbEntity
  8
HALFEN
100
AcDbLine
 10
2008.740875171728
 20
1577.317505797915
 30
0.0
 11
2008.740875171728
 21
1574.131004969641
 31
0.0
  0
LINE
  5
2E3
330
2
100
AcDbEntity
  8
HALFEN
100
AcDbLine
 10
2008.427376000002
 20
1688.676904969639
 30
0.0
 11
2008.427376000002
 21
1597.63100496964
 31
0.0
  0
LINE
  5
2E4
330
2
100
AcDbEntity
  8
HALFEN
100
AcDbLine
 10
2015.427376000002
 20
1688.676904969639
 30
0.0
 11
2015.427376000002
 21
1597.63100496964
 31
0.0
  0
ARC
  5
2E5
330
2
100
AcDbEntity
  8
HALFEN
100
AcDbCircle
 10
2011.927376000002
 20
1597.63100496964
 30
0.0
 40
3.5
100
AcDbArc
 50
180.0
 51
0.0
  0
LINE
  5
2E6
330
2
100
AcDbEntity
  8
HALFEN
100
AcDbLine
 10
2008.427376000002
 20
1688.67690496964
 30
0.0
 11
2015.427376000002
 21
1688.676904969639
 31
0.0
  0
ARC
  5
2E7
330
2
100
AcDbEntity
  8
HALFEN
100
AcDbCircle
 10
2011.927376000002
 20
1666.312305619496
 30
0.0
 40
3.5
100
AcDbArc
 50
180.0
 51
0.0
  0
LINE
  5
2E8
330
2
100
AcDbEntity
  8
HALFEN
100
AcDbLine
 10
2158.740875171728
 20
1509.944507454463
 30
0.0
 11
2158.740875171728
 21
1513.131008282737
 31
0.0
  0
LINE
  5
2E9
330
2
100
AcDbEntity
  8
HALFEN
100
AcDbLine
 10
2165.113876828276
 20
1509.944507454463
 30
0.0
 11
2165.113876828276
 21
1513.131008282737
 31
0.0
  0
CIRCLE
  5
2EA
330
2
100
AcDbEntity
  8
HALFEN
100
AcDbCircle
 10
2161.927376000003
 20
1509.944507454463
 30
0.0
 40
3.186500828273892
  0
CIRCLE
  5
2EB
330
2
100
AcDbEntity
  8
HALFEN
100
AcDbCircle
 10
2161.927376000003
 20
1577.317505797915
 30
0.0
 40
3.186500828273892
  0
LINE
  5
2EC
330
2
100
AcDbEntity
  8
HALFEN
100
AcDbLine
 10
2165.113876828276
 20
1577.317505797915
 30
0.0
 11
2165.113876828276
 21
1574.131004969641
 31
0.0
  0
LINE
  5
2ED
330
2
100
AcDbEntity
  8
HALFEN
100
AcDbLine
 10
2158.740875171728
 20
1577.317505797915
 30
0.0
 11
2158.740875171728
 21
1574.131004969641
 31
0.0
  0
LINE
  5
2EE
330
2
100
AcDbEntity
  8
HALFEN
100
AcDbLine
 10
2158.427376000002
 20
1688.676904969639
 30
0.0
 11
2158.427376000002
 21
1597.63100496964
 31
0.0
  0
LINE
  5
2EF
330
2
100
AcDbEntity
  8
HALFEN
100
AcDbLine
 10
2165.427376000002
 20
1688.676904969639
 30
0.0
 11
2165.427376000002
 21
1597.63100496964
 31
0.0
  0
ARC
  5
2F0
330
2
100
AcDbEntity
  8
HALFEN
100
AcDbCircle
 10
2161.927376000003
 20
1597.63100496964
 30
0.0
 40
3.5
100
AcDbArc
 50
180.0
 51
0.0
  0
LINE
  5
2F1
330
2
100
AcDbEntity
  8
HALFEN
100
AcDbLine
 10
2158.427376000002
 20
1688.67690496964
 30
0.0
 11
2165.427376000002
 21
1688.676904969639
 31
0.0
  0
ARC
  5
2F2
330
2
100
AcDbEntity
  8
HALFEN
100
AcDbCircle
 10
2161.927376000003
 20
1666.312305619496
 30
0.0
 40
3.5
100
AcDbArc
 50
180.0
 51
0.0
  0
LINE
  5
2F3
330
2
100
AcDbEntity
  8
HALFEN
100
AcDbLine
 10
2308.740875171729
 20
1509.944507454463
 30
0.0
 11
2308.740875171729
 21
1513.131008282737
 31
0.0
  0
LINE
  5
2F4
330
2
100
AcDbEntity
  8
HALFEN
100
AcDbLine
 10
2315.113876828276
 20
1509.944507454463
 30
0.0
 11
2315.113876828276
 21
1513.131008282737
 31
0.0
  0
CIRCLE
  5
2F5
330
2
100
AcDbEntity
  8
HALFEN
100
AcDbCircle
 10
2311.927376000002
 20
1509.944507454463
 30
0.0
 40
3.186500828273892
  0
CIRCLE
  5
2F6
330
2
100
AcDbEntity
  8
HALFEN
100
AcDbCircle
 10
2311.927376000002
 20
1577.317505797915
 30
0.0
 40
3.186500828273892
  0
LINE
  5
2F7
330
2
100
AcDbEntity
  8
HALFEN
100
AcDbLine
 10
2315.113876828276
 20
1577.317505797915
 30
0.0
 11
2315.113876828276
 21
1574.131004969641
 31
0.0
  0
LINE
  5
2F8
330
2
100
AcDbEntity
  8
HALFEN
100
AcDbLine
 10
2308.740875171729
 20
1577.317505797915
 30
0.0
 11
2308.740875171729
 21
1574.131004969641
 31
0.0
  0
LINE
  5
2F9
330
2
100
AcDbEntity
  8
HALFEN
100
AcDbLine
 10
2308.427376000002
 20
1688.676904969639
 30
0.0
 11
2308.427376000002
 21
1597.63100496964
 31
0.0
  0
LINE
  5
2FA
330
2
100
AcDbEntity
  8
HALFEN
100
AcDbLine
 10
2315.427376000002
 20
1688.676904969639
 30
0.0
 11
2315.427376000002
 21
1597.63100496964
 31
0.0
  0
ARC
  5
2FB
330
2
100
AcDbEntity
  8
HALFEN
100
AcDbCircle
 10
2311.927376000002
 20
1597.63100496964
 30
0.0
 40
3.5
100
AcDbArc
 50
180.0
 51
0.0
  0
LINE
  5
2FC
330
2
100
AcDbEntity
  8
HALFEN
100
AcDbLine
 10
2308.427376000002
 20
1688.67690496964
 30
0.0
 11
2315.427376000002
 21
1688.676904969639
 31
0.0
  0
ARC
  5
2FD
330
2
100
AcDbEntity
  8
HALFEN
100
AcDbCircle
 10
2311.927376000002
 20
1666.312305619496
 30
0.0
 40
3.5
100
AcDbArc
 50
180.0
 51
0.0
  0
LINE
  5
2FE
330
2
100
AcDbEntity
  8
HALFEN
100
AcDbLine
 10
2458.740875171729
 20
1509.944507454463
 30
0.0
 11
2458.740875171729
 21
1513.131008282737
 31
0.0
  0
LINE
  5
2FF
330
2
100
AcDbEntity
  8
HALFEN
100
AcDbLine
 10
2465.113876828276
 20
1509.944507454463
 30
0.0
 11
2465.113876828276
 21
1513.131008282737
 31
0.0
  0
CIRCLE
  5
300
330
2
100
AcDbEntity
  8
HALFEN
100
AcDbCircle
 10
2461.927376000002
 20
1509.944507454463
 30
0.0
 40
3.186500828273892
  0
CIRCLE
  5
301
330
2
100
AcDbEntity
  8
HALFEN
100
AcDbCircle
 10
2461.927376000002
 20
1577.317505797915
 30
0.0
 40
3.186500828273892
  0
LINE
  5
302
330
2
100
AcDbEntity
  8
HALFEN
100
AcDbLine
 10
2465.113876828276
 20
1577.317505797915
 30
0.0
 11
2465.113876828276
 21
1574.131004969641
 31
0.0
  0
LINE
  5
303
330
2
100
AcDbEntity
  8
HALFEN
100
AcDbLine
 10
2458.740875171729
 20
1577.317505797915
 30
0.0
 11
2458.740875171729
 21
1574.131004969641
 31
0.0
  0
LINE
  5
304
330
2
100
AcDbEntity
  8
HALFEN
100
AcDbLine
 10
2458.427376000003
 20
1688.676904969639
 30
0.0
 11
2458.427376000003
 21
1597.63100496964
 31
0.0
  0
LINE
  5
305
330
2
100
AcDbEntity
  8
HALFEN
100
AcDbLine
 10
2465.427376000003
 20
1688.676904969639
 30
0.0
 11
2465.427376000003
 21
1597.63100496964
 31
0.0
  0
ARC
  5
306
330
2
100
AcDbEntity
  8
HALFEN
100
AcDbCircle
 10
2461.927376000002
 20
1597.63100496964
 30
0.0
 40
3.5
100
AcDbArc
 50
180.0
 51
0.0
  0
LINE
  5
307
330
2
100
AcDbEntity
  8
HALFEN
100
AcDbLine
 10
2458.427376000003
 20
1688.67690496964
 30
0.0
 11
2465.427376000003
 21
1688.676904969639
 31
0.0
  0
ARC
  5
308
330
2
100
AcDbEntity
  8
HALFEN
100
AcDbCircle
 10
2461.927376000002
 20
1666.312305619496
 30
0.0
 40
3.5
100
AcDbArc
 50
180.0
 51
0.0
  0
LINE
  5
309
330
2
100
AcDbEntity
  8
HALFEN
100
AcDbLine
 10
2608.740875171728
 20
1509.944507454463
 30
0.0
 11
2608.740875171728
 21
1513.131008282737
 31
0.0
  0
LINE
  5
30A
330
2
100
AcDbEntity
  8
HALFEN
100
AcDbLine
 10
2615.113876828277
 20
1509.944507454463
 30
0.0
 11
2615.113876828277
 21
1513.131008282737
 31
0.0
  0
CIRCLE
  5
30B
330
2
100
AcDbEntity
  8
HALFEN
100
AcDbCircle
 10
2611.927376000002
 20
1509.944507454463
 30
0.0
 40
3.186500828273892
  0
CIRCLE
  5
30C
330
2
100
AcDbEntity
  8
HALFEN
100
AcDbCircle
 10
2611.927376000002
 20
1577.317505797915
 30
0.0
 40
3.186500828273892
  0
LINE
  5
30D
330
2
100
AcDbEntity
  8
HALFEN
100
AcDbLine
 10
2615.113876828277
 20
1577.317505797915
 30
0.0
 11
2615.113876828277
 21
1574.131004969641
 31
0.0
  0
LINE
  5
30E
330
2
100
AcDbEntity
  8
HALFEN
100
AcDbLine
 10
2608.740875171728
 20
1577.317505797915
 30
0.0
 11
2608.740875171728
 21
1574.131004969641
 31
0.0
  0
LINE
  5
30F
330
2
100
AcDbEntity
  8
HALFEN
100
AcDbLine
 10
2608.427376000002
 20
1688.676904969639
 30
0.0
 11
2608.427376000002
 21
1597.63100496964
 31
0.0
  0
LINE
  5
310
330
2
100
AcDbEntity
  8
HALFEN
100
AcDbLine
 10
2615.427376000003
 20
1688.676904969639
 30
0.0
 11
2615.427376000003
 21
1597.63100496964
 31
0.0
  0
ARC
  5
311
330
2
100
AcDbEntity
  8
HALFEN
100
AcDbCircle
 10
2611.927376000002
 20
1597.63100496964
 30
0.0
 40
3.5
100
AcDbArc
 50
180.0
 51
0.0
  0
LINE
  5
312
330
2
100
AcDbEntity
  8
HALFEN
100
AcDbLine
 10
2608.427376000002
 20
1688.67690496964
 30
0.0
 11
2615.427376000003
 21
1688.676904969639
 31
0.0
  0
ARC
  5
313
330
2
100
AcDbEntity
  8
HALFEN
100
AcDbCircle
 10
2611.927376000002
 20
1666.312305619496
 30
0.0
 40
3.5
100
AcDbArc
 50
180.0
 51
0.0
  0
LINE
  5
314
330
2
100
AcDbEntity
  8
HALFEN
100
AcDbLine
 10
2758.740875171728
 20
1509.944507454463
 30
0.0
 11
2758.740875171728
 21
1513.131008282737
 31
0.0
  0
LINE
  5
315
330
2
100
AcDbEntity
  8
HALFEN
100
AcDbLine
 10
2765.113876828277
 20
1509.944507454463
 30
0.0
 11
2765.113876828277
 21
1513.131008282737
 31
0.0
  0
CIRCLE
  5
316
330
2
100
AcDbEntity
  8
HALFEN
100
AcDbCircle
 10
2761.927376000003
 20
1509.944507454463
 30
0.0
 40
3.186500828273892
  0
CIRCLE
  5
317
330
2
100
AcDbEntity
  8
HALFEN
100
AcDbCircle
 10
2761.927376000003
 20
1577.317505797915
 30
0.0
 40
3.186500828273892
  0
LINE
  5
318
330
2
100
AcDbEntity
  8
HALFEN
100
AcDbLine
 10
2765.113876828277
 20
1577.317505797915
 30
0.0
 11
2765.113876828277
 21
1574.131004969641
 31
0.0
  0
LINE
  5
319
330
2
100
AcDbEntity
  8
HALFEN
100
AcDbLine
 10
2758.740875171728
 20
1577.317505797915
 30
0.0
 11
2758.740875171728
 21
1574.131004969641
 31
0.0
  0
LINE
  5
31A
330
2
100
AcDbEntity
  8
HALFEN
100
AcDbLine
 10
2758.427376000002
 20
1688.676904969639
 30
0.0
 11
2758.427376000002
 21
1597.63100496964
 31
0.0
  0
LINE
  5
31B
330
2
100
AcDbEntity
  8
HALFEN
100
AcDbLine
 10
2765.427376000002
 20
1688.676904969639
 30
0.0
 11
2765.427376000002
 21
1597.63100496964
 31
0.0
  0
ARC
  5
31C
330
2
100
AcDbEntity
  8
HALFEN
100
AcDbCircle
 10
2761.927376000003
 20
1597.63100496964
 30
0.0
 40
3.5
100
AcDbArc
 50
180.0
 51
0.0
  0
LINE
  5
31D
330
2
100
AcDbEntity
  8
HALFEN
100
AcDbLine
 10
2758.427376000002
 20
1688.67690496964
 30
0.0
 11
2765.427376000002
 21
1688.676904969639
 31
0.0
  0
ARC
  5
31E
330
2
100
AcDbEntity
  8
HALFEN
100
AcDbCircle
 10
2761.927376000003
 20
1666.312305619496
 30
0.0
 40
3.5
100
AcDbArc
 50
180.0
 51
0.0
  0
LINE
  5
31F
330
2
100
AcDbEntity
  8
HALFEN
100
AcDbLine
 10
2908.740875171729
 20
1509.944507454463
 30
0.0
 11
2908.740875171729
 21
1513.131008282737
 31
0.0
  0
LINE
  5
320
330
2
100
AcDbEntity
  8
HALFEN
100
AcDbLine
 10
2915.113876828277
 20
1509.944507454463
 30
0.0
 11
2915.113876828277
 21
1513.131008282737
 31
0.0
  0
CIRCLE
  5
321
330
2
100
AcDbEntity
  8
HALFEN
100
AcDbCircle
 10
2911.927376000003
 20
1509.944507454463
 30
0.0
 40
3.186500828273892
  0
CIRCLE
  5
322
330
2
100
AcDbEntity
  8
HALFEN
100
AcDbCircle
 10
2911.927376000003
 20
1577.317505797915
 30
0.0
 40
3.186500828273892
  0
LINE
  5
323
330
2
100
AcDbEntity
  8
HALFEN
100
AcDbLine
 10
2915.113876828277
 20
1577.317505797915
 30
0.0
 11
2915.113876828277
 21
1574.131004969641
 31
0.0
  0
LINE
  5
324
330
2
100
AcDbEntity
  8
HALFEN
100
AcDbLine
 10
2908.740875171729
 20
1577.317505797915
 30
0.0
 11
2908.740875171729
 21
1574.131004969641
 31
0.0
  0
LINE
  5
325
330
2
100
AcDbEntity
  8
HALFEN
100
AcDbLine
 10
2908.427376000002
 20
1688.676904969639
 30
0.0
 11
2908.427376000002
 21
1597.63100496964
 31
0.0
  0
LINE
  5
326
330
2
100
AcDbEntity
  8
HALFEN
100
AcDbLine
 10
2915.427376000002
 20
1688.676904969639
 30
0.0
 11
2915.427376000002
 21
1597.63100496964
 31
0.0
  0
ARC
  5
327
330
2
100
AcDbEntity
  8
HALFEN
100
AcDbCircle
 10
2911.927376000003
 20
1597.63100496964
 30
0.0
 40
3.5
100
AcDbArc
 50
180.0
 51
0.0
  0
LINE
  5
328
330
2
100
AcDbEntity
  8
HALFEN
100
AcDbLine
 10
2908.427376000002
 20
1688.67690496964
 30
0.0
 11
2915.427376000002
 21
1688.676904969639
 31
0.0
  0
ARC
  5
329
330
2
100
AcDbEntity
  8
HALFEN
100
AcDbCircle
 10
2911.927376000003
 20
1666.312305619496
 30
0.0
 40
3.5
100
AcDbArc
 50
180.0
 51
0.0
  0
LINE
  5
32A
330
2
100
AcDbEntity
  8
HALFEN
100
AcDbLine
 10
3058.740875171729
 20
1509.944507454463
 30
0.0
 11
3058.740875171729
 21
1513.131008282737
 31
0.0
  0
LINE
  5
32B
330
2
100
AcDbEntity
  8
HALFEN
100
AcDbLine
 10
3065.113876828276
 20
1509.944507454463
 30
0.0
 11
3065.113876828276
 21
1513.131008282737
 31
0.0
  0
CIRCLE
  5
32C
330
2
100
AcDbEntity
  8
HALFEN
100
AcDbCircle
 10
3061.927376000002
 20
1509.944507454463
 30
0.0
 40
3.186500828273892
  0
CIRCLE
  5
32D
330
2
100
AcDbEntity
  8
HALFEN
100
AcDbCircle
 10
3061.927376000002
 20
1577.317505797915
 30
0.0
 40
3.186500828273892
  0
LINE
  5
32E
330
2
100
AcDbEntity
  8
HALFEN
100
AcDbLine
 10
3065.113876828276
 20
1577.317505797915
 30
0.0
 11
3065.113876828276
 21
1574.131004969641
 31
0.0
  0
LINE
  5
32F
330
2
100
AcDbEntity
  8
HALFEN
100
AcDbLine
 10
3058.740875171729
 20
1577.317505797915
 30
0.0
 11
3058.740875171729
 21
1574.131004969641
 31
0.0
  0
LINE
  5
330
330
2
100
AcDbEntity
  8
HALFEN
100
AcDbLine
 10
3058.427376000003
 20
1688.676904969639
 30
0.0
 11
3058.427376000003
 21
1597.63100496964
 31
0.0
  0
LINE
  5
331
330
2
100
AcDbEntity
  8
HALFEN
100
AcDbLine
 10
3065.427376000002
 20
1688.676904969639
 30
0.0
 11
3065.427376000002
 21
1597.63100496964
 31
0.0
  0
ARC
  5
332
330
2
100
AcDbEntity
  8
HALFEN
100
AcDbCircle
 10
3061.927376000002
 20
1597.63100496964
 30
0.0
 40
3.5
100
AcDbArc
 50
180.0
 51
0.0
  0
LINE
  5
333
330
2
100
AcDbEntity
  8
HALFEN
100
AcDbLine
 10
3058.427376000003
 20
1688.67690496964
 30
0.0
 11
3065.427376000002
 21
1688.676904969639
 31
0.0
  0
ARC
  5
334
330
2
100
AcDbEntity
  8
HALFEN
100
AcDbCircle
 10
3061.927376000002
 20
1666.312305619496
 30
0.0
 40
3.5
100
AcDbArc
 50
180.0
 51
0.0
  0
LINE
  5
335
330
2
100
AcDbEntity
  8
HALFEN
100
AcDbLine
 10
3208.740875171729
 20
1509.944507454463
 30
0.0
 11
3208.740875171729
 21
1513.131008282737
 31
0.0
  0
LINE
  5
336
330
2
100
AcDbEntity
  8
HALFEN
100
AcDbLine
 10
3215.113876828276
 20
1509.944507454463
 30
0.0
 11
3215.113876828276
 21
1513.131008282737
 31
0.0
  0
CIRCLE
  5
337
330
2
100
AcDbEntity
  8
HALFEN
100
AcDbCircle
 10
3211.927376000003
 20
1509.944507454463
 30
0.0
 40
3.186500828273892
  0
CIRCLE
  5
338
330
2
100
AcDbEntity
  8
HALFEN
100
AcDbCircle
 10
3211.927376000003
 20
1577.317505797915
 30
0.0
 40
3.186500828273892
  0
LINE
  5
339
330
2
100
AcDbEntity
  8
HALFEN
100
AcDbLine
 10
3215.113876828276
 20
1577.317505797915
 30
0.0
 11
3215.113876828276
 21
1574.131004969641
 31
0.0
  0
LINE
  5
33A
330
2
100
AcDbEntity
  8
HALFEN
100
AcDbLine
 10
3208.740875171729
 20
1577.317505797915
 30
0.0
 11
3208.740875171729
 21
1574.131004969641
 31
0.0
  0
LINE
  5
33B
330
2
100
AcDbEntity
  8
HALFEN
100
AcDbLine
 10
3208.427376000003
 20
1688.676904969639
 30
0.0
 11
3208.427376000003
 21
1597.63100496964
 31
0.0
  0
LINE
  5
33C
330
2
100
AcDbEntity
  8
HALFEN
100
AcDbLine
 10
3215.427376000003
 20
1688.676904969639
 30
0.0
 11
3215.427376000003
 21
1597.63100496964
 31
0.0
  0
ARC
  5
33D
330
2
100
AcDbEntity
  8
HALFEN
100
AcDbCircle
 10
3211.927376000003
 20
1597.63100496964
 30
0.0
 40
3.5
100
AcDbArc
 50
180.0
 51
0.0
  0
LINE
  5
33E
330
2
100
AcDbEntity
  8
HALFEN
100
AcDbLine
 10
3208.427376000003
 20
1688.67690496964
 30
0.0
 11
3215.427376000003
 21
1688.676904969639
 31
0.0
  0
ARC
  5
33F
330
2
100
AcDbEntity
  8
HALFEN
100
AcDbCircle
 10
3211.927376000003
 20
1666.312305619496
 30
0.0
 40
3.5
100
AcDbArc
 50
180.0
 51
0.0
  0
LINE
  5
340
330
2
100
AcDbEntity
  8
HALFEN
100
AcDbLine
 10
3358.740875171728
 20
1509.944507454463
 30
0.0
 11
3358.740875171728
 21
1513.131008282737
 31
0.0
  0
LINE
  5
341
330
2
100
AcDbEntity
  8
HALFEN
100
AcDbLine
 10
3365.113876828277
 20
1509.944507454463
 30
0.0
 11
3365.113876828277
 21
1513.131008282737
 31
0.0
  0
CIRCLE
  5
342
330
2
100
AcDbEntity
  8
HALFEN
100
AcDbCircle
 10
3361.927376000003
 20
1509.944507454463
 30
0.0
 40
3.186500828273892
  0
CIRCLE
  5
343
330
2
100
AcDbEntity
  8
HALFEN
100
AcDbCircle
 10
3361.927376000003
 20
1577.317505797915
 30
0.0
 40
3.186500828273892
  0
LINE
  5
344
330
2
100
AcDbEntity
  8
HALFEN
100
AcDbLine
 10
3365.113876828277
 20
1577.317505797915
 30
0.0
 11
3365.113876828277
 21
1574.131004969641
 31
0.0
  0
LINE
  5
345
330
2
100
AcDbEntity
  8
HALFEN
100
AcDbLine
 10
3358.740875171728
 20
1577.317505797915
 30
0.0
 11
3358.740875171728
 21
1574.131004969641
 31
0.0
  0
LINE
  5
346
330
2
100
AcDbEntity
  8
HALFEN
100
AcDbLine
 10
3358.427376000002
 20
1688.676904969639
 30
0.0
 11
3358.427376000002
 21
1597.63100496964
 31
0.0
  0
LINE
  5
347
330
2
100
AcDbEntity
  8
HALFEN
100
AcDbLine
 10
3365.427376000003
 20
1688.676904969639
 30
0.0
 11
3365.427376000003
 21
1597.63100496964
 31
0.0
  0
ARC
  5
348
330
2
100
AcDbEntity
  8
HALFEN
100
AcDbCircle
 10
3361.927376000003
 20
1597.63100496964
 30
0.0
 40
3.5
100
AcDbArc
 50
180.0
 51
0.0
  0
LINE
  5
349
330
2
100
AcDbEntity
  8
HALFEN
100
AcDbLine
 10
3358.427376000002
 20
1688.67690496964
 30
0.0
 11
3365.427376000003
 21
1688.676904969639
 31
0.0
  0
ARC
  5
34A
330
2
100
AcDbEntity
  8
HALFEN
100
AcDbCircle
 10
3361.927376000003
 20
1666.312305619496
 30
0.0
 40
3.5
100
AcDbArc
 50
180.0
 51
0.0
  0
LINE
  5
34B
330
2
100
AcDbEntity
  8
HALFEN
100
AcDbLine
 10
3508.740875171728
 20
1509.944507454463
 30
0.0
 11
3508.740875171728
 21
1513.131008282737
 31
0.0
  0
LINE
  5
34C
330
2
100
AcDbEntity
  8
HALFEN
100
AcDbLine
 10
3515.113876828277
 20
1509.944507454463
 30
0.0
 11
3515.113876828277
 21
1513.131008282737
 31
0.0
  0
CIRCLE
  5
34D
330
2
100
AcDbEntity
  8
HALFEN
100
AcDbCircle
 10
3511.927376000003
 20
1509.944507454463
 30
0.0
 40
3.186500828273892
  0
CIRCLE
  5
34E
330
2
100
AcDbEntity
  8
HALFEN
100
AcDbCircle
 10
3511.927376000003
 20
1577.317505797915
 30
0.0
 40
3.186500828273892
  0
LINE
  5
34F
330
2
100
AcDbEntity
  8
HALFEN
100
AcDbLine
 10
3515.113876828277
 20
1577.317505797915
 30
0.0
 11
3515.113876828277
 21
1574.131004969641
 31
0.0
  0
LINE
  5
350
330
2
100
AcDbEntity
  8
HALFEN
100
AcDbLine
 10
3508.740875171728
 20
1577.317505797915
 30
0.0
 11
3508.740875171728
 21
1574.131004969641
 31
0.0
  0
LINE
  5
351
330
2
100
AcDbEntity
  8
HALFEN
100
AcDbLine
 10
3508.427376000002
 20
1688.676904969639
 30
0.0
 11
3508.427376000002
 21
1597.63100496964
 31
0.0
  0
LINE
  5
352
330
2
100
AcDbEntity
  8
HALFEN
100
AcDbLine
 10
3515.427376000002
 20
1688.676904969639
 30
0.0
 11
3515.427376000002
 21
1597.63100496964
 31
0.0
  0
ARC
  5
353
330
2
100
AcDbEntity
  8
HALFEN
100
AcDbCircle
 10
3511.927376000003
 20
1597.63100496964
 30
0.0
 40
3.5
100
AcDbArc
 50
180.0
 51
0.0
  0
LINE
  5
354
330
2
100
AcDbEntity
  8
HALFEN
100
AcDbLine
 10
3508.427376000002
 20
1688.67690496964
 30
0.0
 11
3515.427376000002
 21
1688.676904969639
 31
0.0
  0
ARC
  5
355
330
2
100
AcDbEntity
  8
HALFEN
100
AcDbCircle
 10
3511.927376000003
 20
1666.312305619496
 30
0.0
 40
3.5
100
AcDbArc
 50
180.0
 51
0.0
  0
LINE
  5
356
330
2
100
AcDbEntity
  8
HALFEN
100
AcDbLine
 10
3658.740875171729
 20
1509.944507454463
 30
0.0
 11
3658.740875171729
 21
1513.131008282737
 31
0.0
  0
LINE
  5
357
330
2
100
AcDbEntity
  8
HALFEN
100
AcDbLine
 10
3665.113876828276
 20
1509.944507454463
 30
0.0
 11
3665.113876828276
 21
1513.131008282737
 31
0.0
  0
CIRCLE
  5
358
330
2
100
AcDbEntity
  8
HALFEN
100
AcDbCircle
 10
3661.927376000003
 20
1509.944507454463
 30
0.0
 40
3.186500828273892
  0
CIRCLE
  5
359
330
2
100
AcDbEntity
  8
HALFEN
100
AcDbCircle
 10
3661.927376000003
 20
1577.317505797915
 30
0.0
 40
3.186500828273892
  0
LINE
  5
35A
330
2
100
AcDbEntity
  8
HALFEN
100
AcDbLine
 10
3665.113876828276
 20
1577.317505797915
 30
0.0
 11
3665.113876828276
 21
1574.131004969641
 31
0.0
  0
LINE
  5
35B
330
2
100
AcDbEntity
  8
HALFEN
100
AcDbLine
 10
3658.740875171729
 20
1577.317505797915
 30
0.0
 11
3658.740875171729
 21
1574.131004969641
 31
0.0
  0
LINE
  5
35C
330
2
100
AcDbEntity
  8
HALFEN
100
AcDbLine
 10
3658.427376000002
 20
1688.676904969639
 30
0.0
 11
3658.427376000002
 21
1597.63100496964
 31
0.0
  0
LINE
  5
35D
330
2
100
AcDbEntity
  8
HALFEN
100
AcDbLine
 10
3665.427376000002
 20
1688.676904969639
 30
0.0
 11
3665.427376000002
 21
1597.63100496964
 31
0.0
  0
ARC
  5
35E
330
2
100
AcDbEntity
  8
HALFEN
100
AcDbCircle
 10
3661.927376000003
 20
1597.63100496964
 30
0.0
 40
3.5
100
AcDbArc
 50
180.0
 51
0.0
  0
LINE
  5
35F
330
2
100
AcDbEntity
  8
HALFEN
100
AcDbLine
 10
3658.427376000002
 20
1688.67690496964
 30
0.0
 11
3665.427376000002
 21
1688.676904969639
 31
0.0
  0
ARC
  5
360
330
2
100
AcDbEntity
  8
HALFEN
100
AcDbCircle
 10
3661.927376000003
 20
1666.312305619496
 30
0.0
 40
3.5
100
AcDbArc
 50
180.0
 51
0.0
  0
LINE
  5
361
330
2
100
AcDbEntity
  8
HALFEN
100
AcDbLine
 10
3808.740875171729
 20
1509.944507454463
 30
0.0
 11
3808.740875171729
 21
1513.131008282737
 31
0.0
  0
LINE
  5
362
330
2
100
AcDbEntity
  8
HALFEN
100
AcDbLine
 10
3815.113876828276
 20
1509.944507454463
 30
0.0
 11
3815.113876828276
 21
1513.131008282737
 31
0.0
  0
CIRCLE
  5
363
330
2
100
AcDbEntity
  8
HALFEN
100
AcDbCircle
 10
3811.927376000003
 20
1509.944507454463
 30
0.0
 40
3.186500828273892
  0
CIRCLE
  5
364
330
2
100
AcDbEntity
  8
HALFEN
100
AcDbCircle
 10
3811.927376000003
 20
1577.317505797915
 30
0.0
 40
3.186500828273892
  0
LINE
  5
365
330
2
100
AcDbEntity
  8
HALFEN
100
AcDbLine
 10
3815.113876828276
 20
1577.317505797915
 30
0.0
 11
3815.113876828276
 21
1574.131004969641
 31
0.0
  0
LINE
  5
366
330
2
100
AcDbEntity
  8
HALFEN
100
AcDbLine
 10
3808.740875171729
 20
1577.317505797915
 30
0.0
 11
3808.740875171729
 21
1574.131004969641
 31
0.0
  0
LINE
  5
367
330
2
100
AcDbEntity
  8
HALFEN
100
AcDbLine
 10
3808.427376000003
 20
1688.676904969639
 30
0.0
 11
3808.427376000003
 21
1597.63100496964
 31
0.0
  0
LINE
  5
368
330
2
100
AcDbEntity
  8
HALFEN
100
AcDbLine
 10
3815.427376000002
 20
1688.676904969639
 30
0.0
 11
3815.427376000002
 21
1597.63100496964
 31
0.0
  0
ARC
  5
369
330
2
100
AcDbEntity
  8
HALFEN
100
AcDbCircle
 10
3811.927376000003
 20
1597.63100496964
 30
0.0
 40
3.5
100
AcDbArc
 50
180.0
 51
0.0
  0
LINE
  5
36A
330
2
100
AcDbEntity
  8
HALFEN
100
AcDbLine
 10
3808.427376000003
 20
1688.67690496964
 30
0.0
 11
3815.427376000002
 21
1688.676904969639
 31
0.0
  0
ARC
  5
36B
330
2
100
AcDbEntity
  8
HALFEN
100
AcDbCircle
 10
3811.927376000003
 20
1666.312305619496
 30
0.0
 40
3.5
100
AcDbArc
 50
180.0
 51
0.0
  0
LINE
  5
36C
330
2
100
AcDbEntity
  8
HALFEN
100
AcDbLine
 10
3958.740875171729
 20
1509.944507454463
 30
0.0
 11
3958.740875171729
 21
1513.131008282737
 31
0.0
  0
LINE
  5
36D
330
2
100
AcDbEntity
  8
HALFEN
100
AcDbLine
 10
3965.113876828276
 20
1509.944507454463
 30
0.0
 11
3965.113876828276
 21
1513.131008282737
 31
0.0
  0
CIRCLE
  5
36E
330
2
100
AcDbEntity
  8
HALFEN
100
AcDbCircle
 10
3961.927376000003
 20
1509.944507454463
 30
0.0
 40
3.186500828273892
  0
CIRCLE
  5
36F
330
2
100
AcDbEntity
  8
HALFEN
100
AcDbCircle
 10
3961.927376000003
 20
1577.317505797915
 30
0.0
 40
3.186500828273892
  0
LINE
  5
370
330
2
100
AcDbEntity
  8
HALFEN
100
AcDbLine
 10
3965.113876828276
 20
1577.317505797915
 30
0.0
 11
3965.113876828276
 21
1574.131004969641
 31
0.0
  0
LINE
  5
371
330
2
100
AcDbEntity
  8
HALFEN
100
AcDbLine
 10
3958.740875171729
 20
1577.317505797915
 30
0.0
 11
3958.740875171729
 21
1574.131004969641
 31
0.0
  0
LINE
  5
372
330
2
100
AcDbEntity
  8
HALFEN
100
AcDbLine
 10
3958.427376000003
 20
1688.676904969639
 30
0.0
 11
3958.427376000003
 21
1597.63100496964
 31
0.0
  0
LINE
  5
373
330
2
100
AcDbEntity
  8
HALFEN
100
AcDbLine
 10
3965.427376000003
 20
1688.676904969639
 30
0.0
 11
3965.427376000003
 21
1597.63100496964
 31
0.0
  0
ARC
  5
374
330
2
100
AcDbEntity
  8
HALFEN
100
AcDbCircle
 10
3961.927376000003
 20
1597.63100496964
 30
0.0
 40
3.5
100
AcDbArc
 50
180.0
 51
0.0
  0
LINE
  5
375
330
2
100
AcDbEntity
  8
HALFEN
100
AcDbLine
 10
3958.427376000003
 20
1688.67690496964
 30
0.0
 11
3965.427376000003
 21
1688.676904969639
 31
0.0
  0
ARC
  5
376
330
2
100
AcDbEntity
  8
HALFEN
100
AcDbCircle
 10
3961.927376000003
 20
1666.312305619496
 30
0.0
 40
3.5
100
AcDbArc
 50
180.0
 51
0.0
  0
LINE
  5
377
330
2
100
AcDbEntity
  8
HALFEN
100
AcDbLine
 10
4108.740875171728
 20
1509.944507454463
 30
0.0
 11
4108.740875171728
 21
1513.131008282737
 31
0.0
  0
LINE
  5
378
330
2
100
AcDbEntity
  8
HALFEN
100
AcDbLine
 10
4115.113876828276
 20
1509.944507454463
 30
0.0
 11
4115.113876828276
 21
1513.131008282737
 31
0.0
  0
CIRCLE
  5
379
330
2
100
AcDbEntity
  8
HALFEN
100
AcDbCircle
 10
4111.927376000003
 20
1509.944507454463
 30
0.0
 40
3.186500828273892
  0
CIRCLE
  5
37A
330
2
100
AcDbEntity
  8
HALFEN
100
AcDbCircle
 10
4111.927376000003
 20
1577.317505797915
 30
0.0
 40
3.186500828273892
  0
LINE
  5
37B
330
2
100
AcDbEntity
  8
HALFEN
100
AcDbLine
 10
4115.113876828276
 20
1577.317505797915
 30
0.0
 11
4115.113876828276
 21
1574.131004969641
 31
0.0
  0
LINE
  5
37C
330
2
100
AcDbEntity
  8
HALFEN
100
AcDbLine
 10
4108.740875171728
 20
1577.317505797915
 30
0.0
 11
4108.740875171728
 21
1574.131004969641
 31
0.0
  0
LINE
  5
37D
330
2
100
AcDbEntity
  8
HALFEN
100
AcDbLine
 10
4108.427376000002
 20
1688.676904969639
 30
0.0
 11
4108.427376000002
 21
1597.63100496964
 31
0.0
  0
LINE
  5
37E
330
2
100
AcDbEntity
  8
HALFEN
100
AcDbLine
 10
4115.427376000002
 20
1688.676904969639
 30
0.0
 11
4115.427376000002
 21
1597.63100496964
 31
0.0
  0
ARC
  5
37F
330
2
100
AcDbEntity
  8
HALFEN
100
AcDbCircle
 10
4111.927376000003
 20
1597.63100496964
 30
0.0
 40
3.5
100
AcDbArc
 50
180.0
 51
0.0
  0
LINE
  5
380
330
2
100
AcDbEntity
  8
HALFEN
100
AcDbLine
 10
4108.427376000002
 20
1688.67690496964
 30
0.0
 11
4115.427376000002
 21
1688.676904969639
 31
0.0
  0
ARC
  5
381
330
2
100
AcDbEntity
  8
HALFEN
100
AcDbCircle
 10
4111.927376000003
 20
1666.312305619496
 30
0.0
 40
3.5
100
AcDbArc
 50
180.0
 51
0.0
  0
LINE
  5
39C
330
2
100
AcDbEntity
  8
HALFEN
100
AcDbLine
 10
1258.427376000003
 20
1672.13100496964
 30
0.0
 11
1186.927376000002
 21
1672.13100496964
 31
0.0
  0
LINE
  5
39D
330
2
100
AcDbEntity
  8
HALFEN
100
AcDbLine
 10
1408.427376000002
 20
1672.13100496964
 30
0.0
 11
1265.427376000002
 21
1672.13100496964
 31
0.0
  0
LINE
  5
39E
330
2
100
AcDbEntity
  8
HALFEN
100
AcDbLine
 10
1558.427376000002
 20
1672.13100496964
 30
0.0
 11
1415.427376000002
 21
1672.13100496964
 31
0.0
  0
LINE
  5
39F
330
2
100
AcDbEntity
  8
HALFEN
100
AcDbLine
 10
1708.427376000003
 20
1672.131004969641
 30
0.0
 11
1565.427376000002
 21
1672.13100496964
 31
0.0
  0
LINE
  5
3A0
330
2
100
AcDbEntity
  8
HALFEN
100
AcDbLine
 10
1858.427376000002
 20
1672.13100496964
 30
0.0
 11
1715.427376000002
 21
1672.131004969641
 31
0.0
  0
LINE
  5
3A1
330
2
100
AcDbEntity
  8
HALFEN
100
AcDbLine
 10
1708.427376000003
 20
1949.504003313091
 30
0.0
 11
1265.427376000002
 21
1949.504003313091
 31
0.0
  0
LINE
  5
3A2
330
2
100
AcDbEntity
  8
HALFEN
100
AcDbLine
 10
1258.427376000002
 20
1949.504003313091
 30
0.0
 11
1186.927376000002
 21
1949.504003313091
 31
0.0
  0
LINE
  5
3A3
330
2
100
AcDbEntity
  8
HALFEN
100
AcDbLine
 10
2158.427376000002
 20
1949.504003313091
 30
0.0
 11
1715.427376000002
 21
1949.504003313091
 31
0.0
  0
LINE
  5
3A4
330
2
100
AcDbEntity
  8
HALFEN
100
AcDbLine
 10
2608.427376000002
 20
1949.504003313091
 30
0.0
 11
2165.427376000002
 21
1949.504003313091
 31
0.0
  0
LINE
  5
3A5
330
2
100
AcDbEntity
  8
HALFEN
100
AcDbLine
 10
2608.427376000002
 20
1672.13100496964
 30
0.0
 11
2465.427376000003
 21
1672.131004969641
 31
0.0
  0
LINE
  5
3A6
330
2
100
AcDbEntity
  8
HALFEN
100
AcDbLine
 10
2458.427376000003
 20
1672.131004969641
 30
0.0
 11
2315.427376000002
 21
1672.13100496964
 31
0.0
  0
LINE
  5
3A7
330
2
100
AcDbEntity
  8
HALFEN
100
AcDbLine
 10
2308.427376000002
 20
1672.13100496964
 30
0.0
 11
2165.427376000002
 21
1672.131004969641
 31
0.0
  0
LINE
  5
3A8
330
2
100
AcDbEntity
  8
HALFEN
100
AcDbLine
 10
2158.427376000003
 20
1672.131004969641
 30
0.0
 11
2015.427376000003
 21
1672.131004969641
 31
0.0
  0
LINE
  5
3A9
330
2
100
AcDbEntity
  8
HALFEN
100
AcDbLine
 10
2008.427376000002
 20
1672.131004969641
 30
0.0
 11
1865.427376000002
 21
1672.13100496964
 31
0.0
  0
LINE
  5
3AA
330
2
100
AcDbEntity
  8
HALFEN
100
AcDbLine
 10
2758.427376000002
 20
1949.504003313091
 30
0.0
 11
2615.427376000003
 21
1949.504003313091
 31
0.0
  0
LINE
  5
3AB
330
2
100
AcDbEntity
  8
HALFEN
100
AcDbLine
 10
3208.427376000003
 20
1949.504003313091
 30
0.0
 11
2765.427376000002
 21
1949.504003313091
 31
0.0
  0
LINE
  5
3AC
330
2
100
AcDbEntity
  8
HALFEN
100
AcDbLine
 10
3358.427376000002
 20
1672.13100496964
 30
0.0
 11
3215.427376000003
 21
1672.13100496964
 31
0.0
  0
LINE
  5
3AD
330
2
100
AcDbEntity
  8
HALFEN
100
AcDbLine
 10
3208.427376000003
 20
1672.13100496964
 30
0.0
 11
3065.427376000002
 21
1672.13100496964
 31
0.0
  0
LINE
  5
3AE
330
2
100
AcDbEntity
  8
HALFEN
100
AcDbLine
 10
3058.427376000003
 20
1672.13100496964
 30
0.0
 11
2915.427376000002
 21
1672.13100496964
 31
0.0
  0
LINE
  5
3AF
330
2
100
AcDbEntity
  8
HALFEN
100
AcDbLine
 10
2908.427376000002
 20
1672.13100496964
 30
0.0
 11
2765.427376000002
 21
1672.13100496964
 31
0.0
  0
LINE
  5
3B0
330
2
100
AcDbEntity
  8
HALFEN
100
AcDbLine
 10
2758.427376000002
 20
1672.13100496964
 30
0.0
 11
2615.427376000002
 21
1672.13100496964
 31
0.0
  0
LINE
  5
3B1
330
2
100
AcDbEntity
  8
HALFEN
100
AcDbLine
 10
3658.427376000002
 20
1949.504003313091
 30
0.0
 11
3215.427376000003
 21
1949.504003313091
 31
0.0
  0
LINE
  5
3B2
330
2
100
AcDbEntity
  8
HALFEN
100
AcDbLine
 10
4108.427376000001
 20
1949.504003313091
 30
0.0
 11
3665.427376000002
 21
1949.504003313091
 31
0.0
  0
LINE
  5
3B3
330
2
100
AcDbEntity
  8
HALFEN
100
AcDbLine
 10
4108.427376000002
 20
1672.131004969639
 30
0.0
 11
3965.427376000003
 21
1672.131004969639
 31
0.0
  0
LINE
  5
3B4
330
2
100
AcDbEntity
  8
HALFEN
100
AcDbLine
 10
3958.427376000003
 20
1672.13100496964
 30
0.0
 11
3815.427376000002
 21
1672.13100496964
 31
0.0
  0
LINE
  5
3B5
330
2
100
AcDbEntity
  8
HALFEN
100
AcDbLine
 10
3808.427376000003
 20
1672.13100496964
 30
0.0
 11
3665.427376000002
 21
1672.13100496964
 31
0.0
  0
LINE
  5
3B6
330
2
100
AcDbEntity
  8
HALFEN
100
AcDbLine
 10
3658.427376000002
 20
1672.13100496964
 30
0.0
 11
3515.427376000002
 21
1672.13100496964
 31
0.0
  0
LINE
  5
3B7
330
2
100
AcDbEntity
  8
HALFEN
100
AcDbLine
 10
3508.427376000002
 20
1672.13100496964
 30
0.0
 11
3365.427376000002
 21
1672.13100496964
 31
0.0
  0
LINE
  5
3BB
330
2
100
AcDbEntity
  8
HALFEN
  6
MITTE2
 62
     1
100
AcDbLine
 10
1129.588676000002
 20
1971.504003313091
 30
0.0
 11
1129.588680817111
 21
1871.504003313092
 31
0.0
  0
LINE
  5
3BC
330
2
100
AcDbEntity
  8
HALFEN
  6
MITTE2
 62
     1
100
AcDbLine
 10
1129.588676000002
 20
1694.13100496964
 30
0.0
 11
1129.588680817111
 21
1594.131004969641
 31
0.0
  0
ARC
  5
666
330
2
100
AcDbEntity
  8
HALFEN
100
AcDbCircle
 10
1148.706700000001
 20
1405.758006626189
 30
0.0
 40
5.0
100
AcDbArc
 50
2.5762940000058
 51
90.0
  0
ARC
  5
667
330
2
100
AcDbEntity
  8
HALFEN
100
AcDbCircle
 10
1148.706700000001
 20
1405.758006626189
 30
0.0
 40
11.0
100
AcDbArc
 50
2.549255000002891
 51
90.0
  0
LINE
  5
668
330
2
100
AcDbEntity
  8
HALFEN
100
AcDbLine
 10
1099.206657405478
 20
1394.758006626189
 30
0.0
 11
1105.206700000002
 21
1394.758006626189
 31
0.0
  0
ARC
  5
669
330
2
100
AcDbEntity
  8
HALFEN
100
AcDbCircle
 10
1110.706700000002
 20
1405.758006626189
 30
0.0
 40
11.0
100
AcDbArc
 50
90.0
 51
177.4506999999988
  0
LINE
  5
66A
330
2
100
AcDbEntity
  8
HALFEN
100
AcDbLine
 10
1091.468600000002
 20
1344.627606626189
 30
0.0
 11
1094.458400000001
 21
1411.759006626189
 31
0.0
  0
LINE
  5
66B
330
2
100
AcDbEntity
  8
HALFEN
100
AcDbLine
 10
1099.952900000001
 20
1411.514306626189
 30
0.0
 11
1096.963200000002
 21
1344.382906626189
 31
0.0
  0
ARC
  5
66C
330
2
100
AcDbEntity
  8
HALFEN
100
AcDbCircle
 10
1094.215900000002
 20
1344.505306626189
 30
0.0
 40
2.75
100
AcDbArc
 50
177.4500000000019
 51
357.450000000002
  0
POLYLINE
  5
66D
330
2
100
AcDbEntity
  8
HALFEN
100
AcDb2dPolyline
 66
     1
 10
0.0
 20
0.0
 30
0.0
 70
     1
  0
VERTEX
  5
66E
330
66D
100
AcDbEntity
  8
HALFEN
100
AcDbVertex
100
AcDb2dVertex
 10
1094.458400000001
 20
1411.759006626189
 30
0.0
 42
0.3435085
 50
267.45
  0
VERTEX
  5
66F
330
66D
100
AcDbEntity
  8
HALFEN
100
AcDbVertex
100
AcDb2dVertex
 10
1094.525800000002
 20
1411.669006626189
 30
0.0
 42
0.0285948
  0
VERTEX
  5
670
330
66D
100
AcDbEntity
  8
HALFEN
100
AcDbVertex
100
AcDb2dVertex
 10
1095.255900000001
 20
1411.562806626189
 30
0.0
 42
0.0120487
 70
     2
 50
172.7298
  0
VERTEX
  5
671
330
66D
100
AcDbEntity
  8
HALFEN
100
AcDbVertex
100
AcDb2dVertex
 10
1096.145000000001
 20
1411.473906626189
 30
0.0
 42
0.008547065
 50
172.7298
  0
VERTEX
  5
672
330
66D
100
AcDbEntity
  8
HALFEN
100
AcDbVertex
100
AcDb2dVertex
 10
1097.195600000001
 20
1411.409806626189
 30
0.0
 42
0.008547065
  0
VERTEX
  5
673
330
66D
100
AcDbEntity
  8
HALFEN
100
AcDbVertex
100
AcDb2dVertex
 10
1098.247700000001
 20
1411.380306626189
 30
0.0
 42
0.0120487
  0
VERTEX
  5
674
330
66D
100
AcDbEntity
  8
HALFEN
100
AcDbVertex
100
AcDb2dVertex
 10
1099.141100000001
 20
1411.389806626189
 30
0.0
 42
0.0285948
 70
     2
 50
187.2702
  0
VERTEX
  5
675
330
66D
100
AcDbEntity
  8
HALFEN
100
AcDbVertex
100
AcDb2dVertex
 10
1099.877800000002
 20
1411.430706626189
 30
0.0
 42
0.3435085
 50
187.2702
  0
VERTEX
  5
676
330
66D
100
AcDbEntity
  8
HALFEN
100
AcDbVertex
100
AcDb2dVertex
 10
1099.952900000001
 20
1411.514306626189
 30
0.0
 42
0.3435085
  0
VERTEX
  5
677
330
66D
100
AcDbEntity
  8
HALFEN
100
AcDbVertex
100
AcDb2dVertex
 10
1099.885600000001
 20
1411.604306626189
 30
0.0
 42
0.0285948
  0
VERTEX
  5
678
330
66D
100
AcDbEntity
  8
HALFEN
100
AcDbVertex
100
AcDb2dVertex
 10
1099.155400000001
 20
1411.710606626189
 30
0.0
 42
0.0120487
 70
     2
 50
352.7298
  0
VERTEX
  5
679
330
66D
100
AcDbEntity
  8
HALFEN
100
AcDbVertex
100
AcDb2dVertex
 10
1098.266300000001
 20
1411.799406626189
 30
0.0
 42
0.008547065
 50
352.7298
  0
VERTEX
  5
67A
330
66D
100
AcDbEntity
  8
HALFEN
100
AcDbVertex
100
AcDb2dVertex
 10
1097.215800000001
 20
1411.863506626189
 30
0.0
 42
0.008547065
  0
VERTEX
  5
67B
330
66D
100
AcDbEntity
  8
HALFEN
100
AcDbVertex
100
AcDb2dVertex
 10
1096.163700000001
 20
1411.893106626189
 30
0.0
 42
0.0120487
  0
VERTEX
  5
67C
330
66D
100
AcDbEntity
  8
HALFEN
100
AcDbVertex
100
AcDb2dVertex
 10
1095.270200000001
 20
1411.883606626189
 30
0.0
 42
0.0285948
 70
     2
 50
7.270202999999998
  0
VERTEX
  5
67D
330
66D
100
AcDbEntity
  8
HALFEN
100
AcDbVertex
100
AcDb2dVertex
 10
1094.533500000001
 20
1411.842706626189
 30
0.0
 42
0.3435085
 50
7.270202999999998
  0
SEQEND
  5
67E
330
66D
100
AcDbEntity
  8
HALFEN
  0
LINE
  5
67F
330
2
100
AcDbEntity
  8
HALFEN
100
AcDbLine
 10
1105.206700000002
 20
1394.758006626189
 30
0.0
 11
1105.711800000001
 21
1405.982706626189
 31
0.0
  0
LINE
  5
680
330
2
100
AcDbEntity
  8
HALFEN
  6
MITTE2
 62
     1
100
AcDbLine
 10
1129.706700000002
 20
1416.758006626189
 30
0.0
 11
1129.706700000002
 21
1341.756806626189
 31
0.0
  0
LINE
  5
681
330
2
100
AcDbEntity
  8
HALFEN
100
AcDbLine
 10
1148.706700000001
 20
1416.758006626189
 30
0.0
 11
1110.706700000002
 21
1416.758006626189
 31
0.0
  0
LINE
  5
682
330
2
100
AcDbEntity
  8
HALFEN
100
AcDbLine
 10
1148.706700000001
 20
1410.758006626189
 30
0.0
 11
1110.706700000002
 21
1410.758006626189
 31
0.0
  0
ARC
  5
683
330
2
100
AcDbEntity
  8
HALFEN
100
AcDbCircle
 10
1110.706700000002
 20
1405.758006626189
 30
0.0
 40
5.0
100
AcDbArc
 50
90.0
 51
177.4237000000052
  0
LINE
  5
684
330
2
100
AcDbEntity
  8
HALFEN
100
AcDbLine
 10
1154.206700000002
 20
1394.758006626189
 30
0.0
 11
1153.701600000001
 21
1405.982706626189
 31
0.0
  0
LINE
  5
685
330
2
100
AcDbEntity
  8
HALFEN
100
AcDbLine
 10
1167.944800000001
 20
1344.627606626189
 30
0.0
 11
1164.955000000001
 21
1411.759006626189
 31
0.0
  0
LINE
  5
686
330
2
100
AcDbEntity
  8
HALFEN
100
AcDbLine
 10
1159.460500000002
 20
1411.514306626189
 30
0.0
 11
1162.450200000001
 21
1344.382906626189
 31
0.0
  0
ARC
  5
687
330
2
100
AcDbEntity
  8
HALFEN
100
AcDbCircle
 10
1165.197500000001
 20
1344.505306626189
 30
0.0
 40
2.75
100
AcDbArc
 50
182.549999999998
 51
2.549999999998016
  0
POLYLINE
  5
688
330
2
100
AcDbEntity
  8
HALFEN
100
AcDb2dPolyline
 66
     1
 10
0.0
 20
0.0
 30
0.0
 70
     1
  0
VERTEX
  5
689
330
688
100
AcDbEntity
  8
HALFEN
100
AcDbVertex
100
AcDb2dVertex
 10
1164.955000000001
 20
1411.759006626189
 30
0.0
 42
0.3435085
 50
92.54999000000001
  0
VERTEX
  5
68A
330
688
100
AcDbEntity
  8
HALFEN
100
AcDbVertex
100
AcDb2dVertex
 10
1164.879900000002
 20
1411.842706626189
 30
0.0
 42
0.0285948
  0
VERTEX
  5
68B
330
688
100
AcDbEntity
  8
HALFEN
100
AcDbVertex
100
AcDb2dVertex
 10
1164.143200000001
 20
1411.883606626189
 30
0.0
 42
0.0120487
 70
     2
 50
177.8298
  0
VERTEX
  5
68C
330
688
100
AcDbEntity
  8
HALFEN
100
AcDbVertex
100
AcDb2dVertex
 10
1163.249700000001
 20
1411.893106626189
 30
0.0
 42
0.008547065
 50
177.8298
  0
VERTEX
  5
68D
330
688
100
AcDbEntity
  8
HALFEN
100
AcDbVertex
100
AcDb2dVertex
 10
1162.197600000001
 20
1411.863506626189
 30
0.0
 42
0.008547065
  0
VERTEX
  5
68E
330
688
100
AcDbEntity
  8
HALFEN
100
AcDbVertex
100
AcDb2dVertex
 10
1161.147100000001
 20
1411.799406626189
 30
0.0
 42
0.0120487
  0
VERTEX
  5
68F
330
688
100
AcDbEntity
  8
HALFEN
100
AcDbVertex
100
AcDb2dVertex
 10
1160.258000000001
 20
1411.710606626189
 30
0.0
 42
0.0285948
 70
     2
 50
182.1702
  0
VERTEX
  5
690
330
688
100
AcDbEntity
  8
HALFEN
100
AcDbVertex
100
AcDb2dVertex
 10
1159.527800000001
 20
1411.604306626189
 30
0.0
 42
0.3435085
 50
182.1702
  0
VERTEX
  5
691
330
688
100
AcDbEntity
  8
HALFEN
100
AcDbVertex
100
AcDb2dVertex
 10
1159.460500000002
 20
1411.514306626189
 30
0.0
 42
0.3435085
  0
VERTEX
  5
692
330
688
100
AcDbEntity
  8
HALFEN
100
AcDbVertex
100
AcDb2dVertex
 10
1159.535600000002
 20
1411.430706626189
 30
0.0
 42
0.0285948
  0
VERTEX
  5
693
330
688
100
AcDbEntity
  8
HALFEN
100
AcDbVertex
100
AcDb2dVertex
 10
1160.272300000001
 20
1411.389806626189
 30
0.0
 42
0.0120487
 70
     2
 50
357.8298
  0
VERTEX
  5
694
330
688
100
AcDbEntity
  8
HALFEN
100
AcDbVertex
100
AcDb2dVertex
 10
1161.165700000001
 20
1411.380306626189
 30
0.0
 42
0.008547065
 50
357.8298
  0
VERTEX
  5
695
330
688
100
AcDbEntity
  8
HALFEN
100
AcDbVertex
100
AcDb2dVertex
 10
1162.217800000002
 20
1411.409806626189
 30
0.0
 42
0.008547065
  0
VERTEX
  5
696
330
688
100
AcDbEntity
  8
HALFEN
100
AcDbVertex
100
AcDb2dVertex
 10
1163.268400000001
 20
1411.473906626189
 30
0.0
 42
0.0120487
  0
VERTEX
  5
697
330
688
100
AcDbEntity
  8
HALFEN
100
AcDbVertex
100
AcDb2dVertex
 10
1164.157500000001
 20
1411.562806626189
 30
0.0
 42
0.0285948
 70
     2
 50
2.170211999999999
  0
VERTEX
  5
698
330
688
100
AcDbEntity
  8
HALFEN
100
AcDbVertex
100
AcDb2dVertex
 10
1164.887600000001
 20
1411.669006626189
 30
0.0
 42
0.3435085
 50
2.170211999999999
  0
SEQEND
  5
699
330
688
100
AcDbEntity
  8
HALFEN
  0
LINE
  5
69A
330
2
100
AcDbEntity
  8
HALFEN
100
AcDbLine
 10
4187.163400000001
 20
1394.758006626189
 30
0.0
 11
4130.823443548171
 21
1394.758006626189
 31
0.0
  0
LINE
  5
69B
330
2
100
AcDbEntity
  8
HALFEN
100
AcDbLine
 10
4187.163400000001
 20
1416.758006626189
 30
0.0
 11
1187.163400000001
 21
1416.758006626189
 31
0.0
  0
LINE
  5
69C
330
2
100
AcDbEntity
  8
HALFEN
100
AcDbLine
 10
1187.163395000001
 20
1253.801308282737
 30
0.0
 11
4187.163395000001
 21
1253.801308282737
 31
0.0
  0
LINE
  5
69D
330
2
100
AcDbEntity
  8
HALFEN
100
AcDbLine
 10
1187.163395000001
 20
1314.801304969641
 30
0.0
 11
4187.163395000001
 21
1314.801304969641
 31
0.0
  0
ARC
  5
69E
330
2
100
AcDbEntity
  8
HALFEN
100
AcDbCircle
 10
1262.163400000002
 20
1237.998781493955
 30
0.0
 40
78.72472347568647
100
AcDbArc
 50
77.31270616762063
 51
102.6872938323794
  0
ARC
  5
69F
330
2
100
AcDbEntity
  8
HALFEN
100
AcDbCircle
 10
1262.163400000002
 20
1243.033283150502
 30
0.0
 40
78.72472347568647
100
AcDbArc
 50
77.31270616762063
 51
102.6872938323794
  0
ARC
  5
6A0
330
2
100
AcDbEntity
  8
HALFEN
100
AcDbCircle
 10
1262.163400000002
 20
1325.569330101876
 30
0.0
 40
78.72472347568647
100
AcDbArc
 50
257.3127061676206
 51
282.6872938323794
  0
ARC
  5
6A1
330
2
100
AcDbEntity
  8
HALFEN
100
AcDbCircle
 10
1262.163400000002
 20
1330.603831758423
 30
0.0
 40
78.72472347568647
100
AcDbArc
 50
257.3127061676206
 51
282.6872938323794
  0
LINE
  5
6A2
330
2
100
AcDbEntity
  8
HALFEN
100
AcDbLine
 10
1187.163395000001
 20
1314.801304969641
 30
0.0
 11
1187.163395000001
 21
1253.801308282737
 31
0.0
  0
ELLIPSE
  5
6A3
330
2
100
AcDbEntity
  8
HALFEN
100
AcDbEllipse
 10
1244.873100000002
 20
1251.284057454463
 30
0.0
 11
2.740614999999933
 21
0.0
 31
0.0
210
0.0
220
0.0
230
-1.0
 40
0.91849852251193
 41
0.0
 42
6.283185307179586
  0
ELLIPSE
  5
6A4
330
2
100
AcDbEntity
  8
HALFEN
100
AcDbEllipse
 10
1244.873100000002
 20
1317.318555797915
 30
0.0
 11
2.740614999999933
 21
0.0
 31
0.0
210
0.0
220
0.0
230
1.0
 40
0.91849852251193
 41
0.0
 42
6.283185307179586
  0
ELLIPSE
  5
6A5
330
2
100
AcDbEntity
  8
HALFEN
100
AcDbEllipse
 10
1279.453700000002
 20
1251.284057454463
 30
0.0
 11
2.740614999999933
 21
0.0
 31
0.0
210
0.0
220
0.0
230
-1.0
 40
0.91849852251193
 41
0.0
 42
6.283185307179586
  0
ELLIPSE
  5
6A6
330
2
100
AcDbEntity
  8
HALFEN
100
AcDbEllipse
 10
1279.453700000002
 20
1317.318555797915
 30
0.0
 11
2.740614999999933
 21
0.0
 31
0.0
210
0.0
220
0.0
230
1.0
 40
0.91849852251193
 41
0.0
 42
6.283185307179586
  0
LINE
  5
6A7
330
2
100
AcDbEntity
  8
HALFEN
100
AcDbLine
 10
1092.250000000002
 20
1464.758006626189
 30
0.0
 11
1262.250000000002
 21
1464.758006626189
 31
0.0
  0
LINE
  5
6A8
330
2
100
AcDbEntity
  8
HALFEN
100
AcDbLine
 10
1092.250000000002
 20
1446.758006626189
 30
0.0
 11
1262.250000000002
 21
1446.758006626189
 31
0.0
  0
LINE
  5
6A9
330
2
100
AcDbEntity
  8
HALFEN
100
AcDbLine
 10
1092.250000000002
 20
1436.758006626189
 30
0.0
 11
1262.250000000002
 21
1436.758006626189
 31
0.0
  0
TEXT
  5
6AA
330
2
100
AcDbEntity
  8
HALFEN
100
AcDbText
 10
1097.250000000002
 20
1439.258006626189
 30
0.0
 40
5.0
  1
Id. Nr.
  7
ARIAL50
100
AcDbText
  0
TEXT
  5
6AB
330
2
100
AcDbEntity
  8
HALFEN
100
AcDbText
 10
1097.250000000002
 20
1457.258006626189
 30
0.0
 40
5.0
  1
Benennung
  7
ARIAL50
100
AcDbText
  0
TEXT
  5
6AC
330
2
100
AcDbEntity
  8
HALFEN
100
AcDbText
 10
1092.250000000002
 20
1467.258006626189
 30
0.0
 40
5.0
  1
fv
  7
ARIAL50
100
AcDbText
  0
LINE
  5
6AD
330
2
100
AcDbEntity
  8
HALFEN
100
AcDbLine
 10
1092.250000000002
 20
1436.758006626189
 30
0.0
 11
1092.250000000002
 21
1464.758006626189
 31
0.0
  0
LINE
  5
6AE
330
2
100
AcDbEntity
  8
HALFEN
100
AcDbLine
 10
1272.129260000002
 20
1356.432306626189
 30
0.0
 11
1276.713090000002
 21
1411.758006626189
 31
0.0
  0
ARC
  5
6AF
330
2
100
AcDbEntity
  8
HALFEN
100
AcDbCircle
 10
1262.163400000002
 20
1357.258006626189
 30
0.0
 40
15.5
100
AcDbArc
 50
184.7362000000058
 51
355.2637999999942
  0
LINE
  5
6B0
330
2
100
AcDbEntity
  8
HALFEN
100
AcDbLine
 10
1243.503350000002
 20
1394.758006626189
 30
0.0
 11
1187.163400000001
 21
1394.758006626189
 31
0.0
  0
LINE
  5
6B1
330
2
100
AcDbEntity
  8
HALFEN
100
AcDbLine
 10
1187.163400000001
 20
1394.758006626189
 30
0.0
 11
1187.163400000001
 21
1416.758006626189
 31
0.0
  0
LINE
  5
6B2
330
2
100
AcDbEntity
  8
HALFEN
100
AcDbLine
 10
1246.716330000002
 20
1355.978206626189
 30
0.0
 11
1242.132500000002
 21
1411.303906626189
 31
0.0
  0
LINE
  5
6B3
330
2
100
AcDbEntity
  8
HALFEN
100
AcDbLine
 10
1252.197540000002
 20
1356.432306626189
 30
0.0
 11
1247.613720000002
 21
1411.758006626189
 31
0.0
  0
ARC
  5
6B4
330
2
100
AcDbEntity
  8
HALFEN
100
AcDbCircle
 10
1262.163400000002
 20
1357.258006626189
 30
0.0
 40
10.0
100
AcDbArc
 50
184.7362000000058
 51
355.2637999999942
  0
LINE
  5
6B5
330
2
100
AcDbEntity
  8
HALFEN
100
AcDbLine
 10
1247.613710000001
 20
1411.758006626189
 30
0.0
 11
1242.132490000002
 21
1411.303906626189
 31
0.0
  0
LINE
  5
6B6
330
2
100
AcDbEntity
  8
HALFEN
100
AcDbLine
 10
1275.304610000002
 20
1394.758006626189
 30
0.0
 11
1249.022200000001
 21
1394.758006626189
 31
0.0
  0
TEXT
  5
6B7
330
2
100
AcDbEntity
  8
HALFEN
100
AcDbText
 10
1147.250000000002
 20
1457.258006626189
 30
0.0
 40
5.0
  1
HTU 60/22/6 - D2 - FV - 3000 - SF
  7
ARIAL50
100
AcDbText
  0
TEXT
  5
6B8
330
2
100
AcDbEntity
  8
HALFEN
100
AcDbText
 10
1147.250000000002
 20
1439.258006626189
 30
0.0
 40
5.0
  1
0015.020-00003
  7
ARIAL50
100
AcDbText
  0
LINE
  5
6B9
330
2
100
AcDbEntity
  8
HALFEN
100
AcDbLine
 10
1142.250000000002
 20
1436.758006626189
 30
0.0
 11
1142.250000000002
 21
1464.758006626189
 31
0.0
  0
LINE
  5
6BA
330
2
100
AcDbEntity
  8
HALFEN
100
AcDbLine
 10
1262.250000000002
 20
1436.758006626189
 30
0.0
 11
1262.250000000002
 21
1464.758006626189
 31
0.0
  0
LINE
  5
6BB
330
2
100
AcDbEntity
  8
HALFEN
100
AcDbLine
 10
1277.610470000001
 20
1355.978206626189
 30
0.0
 11
1282.194300000002
 21
1411.303906626189
 31
0.0
  0
LINE
  5
6BC
330
2
100
AcDbEntity
  8
HALFEN
100
AcDbLine
 10
1276.713090000002
 20
1411.758006626189
 30
0.0
 11
1282.194310000001
 21
1411.303906626189
 31
0.0
  0
LINE
  5
6BD
330
2
100
AcDbEntity
  8
HALFEN
100
AcDbLine
 10
1187.163395000002
 20
1054.887904969641
 30
0.0
 11
4187.163395000001
 21
1054.887904969641
 31
0.0
  0
LINE
  5
6BE
330
2
100
AcDbEntity
  8
HALFEN
100
AcDbLine
 10
1187.163395000001
 20
993.887908282738
 30
0.0
 11
4187.163395000001
 21
993.887908282738
 31
0.0
  0
LINE
  5
6BF
330
2
100
AcDbEntity
  8
HALFEN
100
AcDbLine
 10
4187.163400000001
 20
1156.844606626189
 30
0.0
 11
1187.163400000002
 21
1156.844606626189
 31
0.0
  0
LINE
  5
6C0
330
2
100
AcDbEntity
  8
HALFEN
100
AcDbLine
 10
4187.163400000001
 20
1134.844606626189
 30
0.0
 11
4130.823443548172
 21
1134.844606626189
 31
0.0
  0
LINE
  5
6C1
330
2
100
AcDbEntity
  8
HALFEN
100
AcDbLine
 10
1148.706700000002
 20
1150.844606626189
 30
0.0
 11
1110.706700000002
 21
1150.844606626189
 31
0.0
  0
LINE
  5
6C2
330
2
100
AcDbEntity
  8
HALFEN
100
AcDbLine
 10
1148.706700000002
 20
1156.844606626189
 30
0.0
 11
1110.706700000002
 21
1156.844606626189
 31
0.0
  0
LINE
  5
6C3
330
2
100
AcDbEntity
  8
HALFEN
100
AcDbLine
 10
1099.206657405478
 20
1134.844606626189
 30
0.0
 11
1105.206700000002
 21
1134.844606626189
 31
0.0
  0
TEXT
  5
6C4
330
2
100
AcDbEntity
  8
HALFEN
100
AcDbText
 10
1097.250000000002
 20
1197.344606626189
 30
0.0
 40
5.0
  1
Benennung
  7
ARIAL50
100
AcDbText
  0
TEXT
  5
6C5
330
2
100
AcDbEntity
  8
HALFEN
100
AcDbText
 10
1097.250000000002
 20
1179.344606626189
 30
0.0
 40
5.0
  1
Id. Nr.
  7
ARIAL50
100
AcDbText
  0
LINE
  5
6C6
330
2
100
AcDbEntity
  8
HALFEN
100
AcDbLine
 10
1092.250000000002
 20
1176.844606626189
 30
0.0
 11
1262.250000000002
 21
1176.844606626189
 31
0.0
  0
LINE
  5
6C7
330
2
100
AcDbEntity
  8
HALFEN
100
AcDbLine
 10
1092.250000000002
 20
1186.844606626189
 30
0.0
 11
1262.250000000002
 21
1186.844606626189
 31
0.0
  0
LINE
  5
6C8
330
2
100
AcDbEntity
  8
HALFEN
100
AcDbLine
 10
1092.250000000002
 20
1204.844606626189
 30
0.0
 11
1262.250000000002
 21
1204.844606626189
 31
0.0
  0
LINE
  5
6C9
330
2
100
AcDbEntity
  8
HALFEN
100
AcDbLine
 10
1099.952900000002
 20
1151.600906626189
 30
0.0
 11
1096.963200000002
 21
1084.46950662619
 31
0.0
  0
LINE
  5
6CA
330
2
100
AcDbEntity
  8
HALFEN
100
AcDbLine
 10
1091.468600000002
 20
1084.714206626189
 30
0.0
 11
1094.458400000002
 21
1151.845606626189
 31
0.0
  0
ARC
  5
6CB
330
2
100
AcDbEntity
  8
HALFEN
100
AcDbCircle
 10
1094.215900000002
 20
1084.591906626189
 30
0.0
 40
2.75
100
AcDbArc
 50
177.4500000000019
 51
357.450000000002
  0
ARC
  5
6CC
330
2
100
AcDbEntity
  8
HALFEN
100
AcDbCircle
 10
1110.706700000002
 20
1145.844606626189
 30
0.0
 40
5.0
100
AcDbArc
 50
90.0
 51
177.4237000000052
  0
POLYLINE
  5
6CD
330
2
100
AcDbEntity
  8
HALFEN
100
AcDb2dPolyline
 66
     1
 10
0.0
 20
0.0
 30
0.0
 70
     1
  0
VERTEX
  5
6CE
330
6CD
100
AcDbEntity
  8
HALFEN
100
AcDbVertex
100
AcDb2dVertex
 10
1094.458400000002
 20
1151.845606626189
 30
0.0
 42
0.3435085
 50
267.45
  0
VERTEX
  5
6CF
330
6CD
100
AcDbEntity
  8
HALFEN
100
AcDbVertex
100
AcDb2dVertex
 10
1094.525800000002
 20
1151.755606626189
 30
0.0
 42
0.0285948
  0
VERTEX
  5
6D0
330
6CD
100
AcDbEntity
  8
HALFEN
100
AcDbVertex
100
AcDb2dVertex
 10
1095.255900000002
 20
1151.649406626189
 30
0.0
 42
0.0120487
 70
     2
 50
172.7298
  0
VERTEX
  5
6D1
330
6CD
100
AcDbEntity
  8
HALFEN
100
AcDbVertex
100
AcDb2dVertex
 10
1096.145000000002
 20
1151.560506626189
 30
0.0
 42
0.008547065
 50
172.7298
  0
VERTEX
  5
6D2
330
6CD
100
AcDbEntity
  8
HALFEN
100
AcDbVertex
100
AcDb2dVertex
 10
1097.195600000002
 20
1151.496406626189
 30
0.0
 42
0.008547065
  0
VERTEX
  5
6D3
330
6CD
100
AcDbEntity
  8
HALFEN
100
AcDbVertex
100
AcDb2dVertex
 10
1098.247700000002
 20
1151.466906626189
 30
0.0
 42
0.0120487
  0
VERTEX
  5
6D4
330
6CD
100
AcDbEntity
  8
HALFEN
100
AcDbVertex
100
AcDb2dVertex
 10
1099.141100000002
 20
1151.476406626189
 30
0.0
 42
0.0285948
 70
     2
 50
187.2702
  0
VERTEX
  5
6D5
330
6CD
100
AcDbEntity
  8
HALFEN
100
AcDbVertex
100
AcDb2dVertex
 10
1099.877800000002
 20
1151.517306626189
 30
0.0
 42
0.3435085
 50
187.2702
  0
VERTEX
  5
6D6
330
6CD
100
AcDbEntity
  8
HALFEN
100
AcDbVertex
100
AcDb2dVertex
 10
1099.952900000002
 20
1151.600906626189
 30
0.0
 42
0.3435085
  0
VERTEX
  5
6D7
330
6CD
100
AcDbEntity
  8
HALFEN
100
AcDbVertex
100
AcDb2dVertex
 10
1099.885600000002
 20
1151.69090662619
 30
0.0
 42
0.0285948
  0
VERTEX
  5
6D8
330
6CD
100
AcDbEntity
  8
HALFEN
100
AcDbVertex
100
AcDb2dVertex
 10
1099.155400000002
 20
1151.797206626189
 30
0.0
 42
0.0120487
 70
     2
 50
352.7298
  0
VERTEX
  5
6D9
330
6CD
100
AcDbEntity
  8
HALFEN
100
AcDbVertex
100
AcDb2dVertex
 10
1098.266300000002
 20
1151.886006626189
 30
0.0
 42
0.008547065
 50
352.7298
  0
VERTEX
  5
6DA
330
6CD
100
AcDbEntity
  8
HALFEN
100
AcDbVertex
100
AcDb2dVertex
 10
1097.215800000002
 20
1151.950106626189
 30
0.0
 42
0.008547065
  0
VERTEX
  5
6DB
330
6CD
100
AcDbEntity
  8
HALFEN
100
AcDbVertex
100
AcDb2dVertex
 10
1096.163700000002
 20
1151.979706626189
 30
0.0
 42
0.0120487
  0
VERTEX
  5
6DC
330
6CD
100
AcDbEntity
  8
HALFEN
100
AcDbVertex
100
AcDb2dVertex
 10
1095.270200000002
 20
1151.97020662619
 30
0.0
 42
0.0285948
 70
     2
 50
7.270202999999998
  0
VERTEX
  5
6DD
330
6CD
100
AcDbEntity
  8
HALFEN
100
AcDbVertex
100
AcDb2dVertex
 10
1094.533500000002
 20
1151.92930662619
 30
0.0
 42
0.3435085
 50
7.270202999999998
  0
SEQEND
  5
6DE
330
6CD
100
AcDbEntity
  8
HALFEN
  0
LINE
  5
6DF
330
2
100
AcDbEntity
  8
HALFEN
100
AcDbLine
 10
1105.206700000002
 20
1134.844606626189
 30
0.0
 11
1105.711800000002
 21
1146.069306626189
 31
0.0
  0
ARC
  5
6E0
330
2
100
AcDbEntity
  8
HALFEN
100
AcDbCircle
 10
1110.706700000002
 20
1145.844606626189
 30
0.0
 40
11.0
100
AcDbArc
 50
90.0
 51
177.4506999999988
  0
LINE
  5
6E1
330
2
100
AcDbEntity
  8
HALFEN
100
AcDbLine
 10
1092.250000000002
 20
1176.844606626189
 30
0.0
 11
1092.250000000002
 21
1204.844606626189
 31
0.0
  0
TEXT
  5
6E2
330
2
100
AcDbEntity
  8
HALFEN
100
AcDbText
 10
1092.250000000002
 20
1207.344606626189
 30
0.0
 40
5.0
  1
fv
  7
ARIAL50
100
AcDbText
  0
LINE
  5
6E3
330
2
100
AcDbEntity
  8
HALFEN
100
AcDbLine
 10
1159.460500000002
 20
1151.600906626189
 30
0.0
 11
1162.450200000002
 21
1084.46950662619
 31
0.0
  0
LINE
  5
6E4
330
2
100
AcDbEntity
  8
HALFEN
100
AcDbLine
 10
1167.944800000002
 20
1084.714206626189
 30
0.0
 11
1164.955000000001
 21
1151.845606626189
 31
0.0
  0
LINE
  5
6E5
330
2
100
AcDbEntity
  8
HALFEN
  6
MITTE2
 62
     1
100
AcDbLine
 10
1129.706700000002
 20
1156.844606626189
 30
0.0
 11
1129.706700000002
 21
1081.84340662619
 31
0.0
  0
LINE
  5
6E6
330
2
100
AcDbEntity
  8
HALFEN
100
AcDbLine
 10
1277.610470000002
 20
1096.064806626189
 30
0.0
 11
1282.194300000002
 21
1151.39050662619
 31
0.0
  0
LINE
  5
6E7
330
2
100
AcDbEntity
  8
HALFEN
100
AcDbLine
 10
1252.197540000002
 20
1096.518906626189
 30
0.0
 11
1247.613720000002
 21
1151.844606626189
 31
0.0
  0
LINE
  5
6E8
330
2
100
AcDbEntity
  8
HALFEN
100
AcDbLine
 10
1246.716330000002
 20
1096.064806626189
 30
0.0
 11
1242.132500000002
 21
1151.39050662619
 31
0.0
  0
LINE
  5
6E9
330
2
100
AcDbEntity
  8
HALFEN
100
AcDbLine
 10
1272.129260000002
 20
1096.518906626189
 30
0.0
 11
1276.713090000002
 21
1151.844606626189
 31
0.0
  0
ARC
  5
6EA
330
2
100
AcDbEntity
  8
HALFEN
100
AcDbCircle
 10
1262.163400000002
 20
1097.344606626189
 30
0.0
 40
15.5
100
AcDbArc
 50
184.7362000000058
 51
355.2637999999942
  0
ARC
  5
6EB
330
2
100
AcDbEntity
  8
HALFEN
100
AcDbCircle
 10
1262.163400000002
 20
1070.690431758424
 30
0.0
 40
78.72472347568647
100
AcDbArc
 50
257.3127061676206
 51
282.6872938323794
  0
ARC
  5
6EC
330
2
100
AcDbEntity
  8
HALFEN
100
AcDbCircle
 10
1262.163400000002
 20
1065.655930101876
 30
0.0
 40
78.72472347568647
100
AcDbArc
 50
257.3127061676206
 51
282.6872938323794
  0
ARC
  5
6ED
330
2
100
AcDbEntity
  8
HALFEN
100
AcDbCircle
 10
1262.163400000002
 20
983.119883150503
 30
0.0
 40
78.72472347568647
100
AcDbArc
 50
77.31270616762063
 51
102.6872938323794
  0
ARC
  5
6EE
330
2
100
AcDbEntity
  8
HALFEN
100
AcDbCircle
 10
1262.163400000002
 20
978.0853814939556
 30
0.0
 40
78.72472347568647
100
AcDbArc
 50
77.31270616762063
 51
102.6872938323794
  0
LINE
  5
6EF
330
2
100
AcDbEntity
  8
HALFEN
100
AcDbLine
 10
1187.163395000002
 20
1054.887904969641
 30
0.0
 11
1187.163395000001
 21
993.887908282738
 31
0.0
  0
ELLIPSE
  5
6F0
330
2
100
AcDbEntity
  8
HALFEN
100
AcDbEllipse
 10
1244.873100000002
 20
991.370657454464
 30
0.0
 11
2.740614999999933
 21
0.0
 31
0.0
210
0.0
220
0.0
230
-1.0
 40
0.91849852251193
 41
0.0
 42
6.283185307179586
  0
ARC
  5
6F1
330
2
100
AcDbEntity
  8
HALFEN
100
AcDbCircle
 10
1165.197500000002
 20
1084.591906626189
 30
0.0
 40
2.75
100
AcDbArc
 50
182.549999999998
 51
2.549999999998016
  0
ELLIPSE
  5
6F2
330
2
100
AcDbEntity
  8
HALFEN
100
AcDbEllipse
 10
1244.873100000002
 20
1057.405155797915
 30
0.0
 11
2.740614999999933
 21
0.0
 31
0.0
210
0.0
220
0.0
230
1.0
 40
0.91849852251193
 41
0.0
 42
6.283185307179586
  0
ARC
  5
6F3
330
2
100
AcDbEntity
  8
HALFEN
100
AcDbCircle
 10
1262.163400000002
 20
1097.344606626189
 30
0.0
 40
10.0
100
AcDbArc
 50
184.7362000000058
 51
355.2637999999942
  0
ELLIPSE
  5
6F4
330
2
100
AcDbEntity
  8
HALFEN
100
AcDbEllipse
 10
1279.453700000002
 20
991.370657454464
 30
0.0
 11
2.740614999999933
 21
0.0
 31
0.0
210
0.0
220
0.0
230
-1.0
 40
0.91849852251193
 41
0.0
 42
6.283185307179586
  0
ELLIPSE
  5
6F5
330
2
100
AcDbEntity
  8
HALFEN
100
AcDbEllipse
 10
1279.453700000002
 20
1057.405155797915
 30
0.0
 11
2.740614999999933
 21
0.0
 31
0.0
210
0.0
220
0.0
230
1.0
 40
0.91849852251193
 41
0.0
 42
6.283185307179586
  0
TEXT
  5
6F6
330
2
100
AcDbEntity
  8
HALFEN
100
AcDbText
 10
1147.250000000002
 20
1197.344606626189
 30
0.0
 40
5.0
  1
HTU 60/22/6 - D3 - FV - 3000 - SF
  7
ARIAL50
100
AcDbText
  0
LINE
  5
6F7
330
2
100
AcDbEntity
  8
HALFEN
100
AcDbLine
 10
1243.503350000002
 20
1134.844606626189
 30
0.0
 11
1187.163400000002
 21
1134.844606626189
 31
0.0
  0
ARC
  5
6F8
330
2
100
AcDbEntity
  8
HALFEN
100
AcDbCircle
 10
1148.706700000002
 20
1145.844606626189
 30
0.0
 40
5.0
100
AcDbArc
 50
2.5762940000058
 51
90.0
  0
ARC
  5
6F9
330
2
100
AcDbEntity
  8
HALFEN
100
AcDbCircle
 10
1148.706700000002
 20
1145.844606626189
 30
0.0
 40
11.0
100
AcDbArc
 50
2.549255000002891
 51
90.0
  0
POLYLINE
  5
6FA
330
2
100
AcDbEntity
  8
HALFEN
100
AcDb2dPolyline
 66
     1
 10
0.0
 20
0.0
 30
0.0
 70
     1
  0
VERTEX
  5
6FB
330
6FA
100
AcDbEntity
  8
HALFEN
100
AcDbVertex
100
AcDb2dVertex
 10
1164.955000000001
 20
1151.845606626189
 30
0.0
 42
0.3435085
 50
92.54999000000001
  0
VERTEX
  5
6FC
330
6FA
100
AcDbEntity
  8
HALFEN
100
AcDbVertex
100
AcDb2dVertex
 10
1164.879900000002
 20
1151.92930662619
 30
0.0
 42
0.0285948
  0
VERTEX
  5
6FD
330
6FA
100
AcDbEntity
  8
HALFEN
100
AcDbVertex
100
AcDb2dVertex
 10
1164.143200000002
 20
1151.97020662619
 30
0.0
 42
0.0120487
 70
     2
 50
177.8298
  0
VERTEX
  5
6FE
330
6FA
100
AcDbEntity
  8
HALFEN
100
AcDbVertex
100
AcDb2dVertex
 10
1163.249700000002
 20
1151.979706626189
 30
0.0
 42
0.008547065
 50
177.8298
  0
VERTEX
  5
6FF
330
6FA
100
AcDbEntity
  8
HALFEN
100
AcDbVertex
100
AcDb2dVertex
 10
1162.197600000002
 20
1151.950106626189
 30
0.0
 42
0.008547065
  0
VERTEX
  5
700
330
6FA
100
AcDbEntity
  8
HALFEN
100
AcDbVertex
100
AcDb2dVertex
 10
1161.147100000002
 20
1151.886006626189
 30
0.0
 42
0.0120487
  0
VERTEX
  5
701
330
6FA
100
AcDbEntity
  8
HALFEN
100
AcDbVertex
100
AcDb2dVertex
 10
1160.258000000002
 20
1151.797206626189
 30
0.0
 42
0.0285948
 70
     2
 50
182.1702
  0
VERTEX
  5
702
330
6FA
100
AcDbEntity
  8
HALFEN
100
AcDbVertex
100
AcDb2dVertex
 10
1159.527800000002
 20
1151.69090662619
 30
0.0
 42
0.3435085
 50
182.1702
  0
VERTEX
  5
703
330
6FA
100
AcDbEntity
  8
HALFEN
100
AcDbVertex
100
AcDb2dVertex
 10
1159.460500000002
 20
1151.600906626189
 30
0.0
 42
0.3435085
  0
VERTEX
  5
704
330
6FA
100
AcDbEntity
  8
HALFEN
100
AcDbVertex
100
AcDb2dVertex
 10
1159.535600000002
 20
1151.517306626189
 30
0.0
 42
0.0285948
  0
VERTEX
  5
705
330
6FA
100
AcDbEntity
  8
HALFEN
100
AcDbVertex
100
AcDb2dVertex
 10
1160.272300000002
 20
1151.476406626189
 30
0.0
 42
0.0120487
 70
     2
 50
357.8298
  0
VERTEX
  5
706
330
6FA
100
AcDbEntity
  8
HALFEN
100
AcDbVertex
100
AcDb2dVertex
 10
1161.165700000002
 20
1151.466906626189
 30
0.0
 42
0.008547065
 50
357.8298
  0
VERTEX
  5
707
330
6FA
100
AcDbEntity
  8
HALFEN
100
AcDbVertex
100
AcDb2dVertex
 10
1162.217800000002
 20
1151.496406626189
 30
0.0
 42
0.008547065
  0
VERTEX
  5
708
330
6FA
100
AcDbEntity
  8
HALFEN
100
AcDbVertex
100
AcDb2dVertex
 10
1163.268400000001
 20
1151.560506626189
 30
0.0
 42
0.0120487
  0
VERTEX
  5
709
330
6FA
100
AcDbEntity
  8
HALFEN
100
AcDbVertex
100
AcDb2dVertex
 10
1164.157500000002
 20
1151.649406626189
 30
0.0
 42
0.0285948
 70
     2
 50
2.170211999999999
  0
VERTEX
  5
70A
330
6FA
100
AcDbEntity
  8
HALFEN
100
AcDbVertex
100
AcDb2dVertex
 10
1164.887600000002
 20
1151.755606626189
 30
0.0
 42
0.3435085
 50
2.170211999999999
  0
SEQEND
  5
70B
330
6FA
100
AcDbEntity
  8
HALFEN
  0
LINE
  5
70C
330
2
100
AcDbEntity
  8
HALFEN
100
AcDbLine
 10
1154.206700000002
 20
1134.844606626189
 30
0.0
 11
1153.701600000002
 21
1146.069306626189
 31
0.0
  0
LINE
  5
70D
330
2
100
AcDbEntity
  8
HALFEN
100
AcDbLine
 10
1187.163400000002
 20
1134.844606626189
 30
0.0
 11
1187.163400000002
 21
1156.844606626189
 31
0.0
  0
TEXT
  5
70E
330
2
100
AcDbEntity
  8
HALFEN
100
AcDbText
 10
1147.250000000002
 20
1179.344606626189
 30
0.0
 40
5.0
  1
0015.020-00004
  7
ARIAL50
100
AcDbText
  0
LINE
  5
70F
330
2
100
AcDbEntity
  8
HALFEN
100
AcDbLine
 10
1142.250000000002
 20
1176.844606626189
 30
0.0
 11
1142.250000000002
 21
1204.844606626189
 31
0.0
  0
LINE
  5
710
330
2
100
AcDbEntity
  8
HALFEN
100
AcDbLine
 10
1275.304610000002
 20
1134.844606626189
 30
0.0
 11
1249.022200000002
 21
1134.844606626189
 31
0.0
  0
LINE
  5
711
330
2
100
AcDbEntity
  8
HALFEN
100
AcDbLine
 10
1247.613710000002
 20
1151.844606626189
 30
0.0
 11
1242.132490000002
 21
1151.39050662619
 31
0.0
  0
LINE
  5
712
330
2
100
AcDbEntity
  8
HALFEN
100
AcDbLine
 10
1262.250000000002
 20
1176.844606626189
 30
0.0
 11
1262.250000000002
 21
1204.844606626189
 31
0.0
  0
LINE
  5
713
330
2
100
AcDbEntity
  8
HALFEN
100
AcDbLine
 10
1276.713090000002
 20
1151.844606626189
 30
0.0
 11
1282.194310000002
 21
1151.39050662619
 31
0.0
  0
LINE
  5
714
330
2
100
AcDbEntity
  8
HALFEN
100
AcDbLine
 10
4187.163395000001
 20
1314.80130496963
 30
0.0
 11
4187.163395000001
 21
1253.801308282726
 31
0.0
  0
LINE
  5
715
330
2
100
AcDbEntity
  8
HALFEN
100
AcDbLine
 10
4187.163400000001
 20
1394.758006626189
 30
0.0
 11
4187.163400000001
 21
1416.758006626189
 31
0.0
  0
LINE
  5
716
330
2
100
AcDbEntity
  8
HALFEN
100
AcDbLine
 10
4187.163395000001
 20
1054.88790496963
 30
0.0
 11
4187.163395000001
 21
993.8879082827266
 31
0.0
  0
LINE
  5
717
330
2
100
AcDbEntity
  8
HALFEN
100
AcDbLine
 10
4187.163400000001
 20
1134.844606626189
 30
0.0
 11
4187.163400000001
 21
1156.844606626189
 31
0.0
  0
LINE
  5
718
330
2
100
AcDbEntity
  8
HALFEN
100
AcDbLine
 10
1727.610470000001
 20
1355.978206626189
 30
0.0
 11
1732.194300000002
 21
1411.303906626189
 31
0.0
  0
LINE
  5
719
330
2
100
AcDbEntity
  8
HALFEN
100
AcDbLine
 10
1702.197540000002
 20
1356.432306626189
 30
0.0
 11
1697.613720000002
 21
1411.758006626189
 31
0.0
  0
LINE
  5
71A
330
2
100
AcDbEntity
  8
HALFEN
100
AcDbLine
 10
1696.716330000002
 20
1355.978206626189
 30
0.0
 11
1692.132500000002
 21
1411.303906626189
 31
0.0
  0
LINE
  5
71B
330
2
100
AcDbEntity
  8
HALFEN
100
AcDbLine
 10
1722.129260000002
 20
1356.432306626189
 30
0.0
 11
1726.713090000002
 21
1411.758006626189
 31
0.0
  0
ARC
  5
71C
330
2
100
AcDbEntity
  8
HALFEN
100
AcDbCircle
 10
1712.163400000002
 20
1357.258006626189
 30
0.0
 40
15.5
100
AcDbArc
 50
184.7362000000058
 51
355.2637999999942
  0
ARC
  5
71D
330
2
100
AcDbEntity
  8
HALFEN
100
AcDbCircle
 10
1712.163400000002
 20
1330.603831758423
 30
0.0
 40
78.72472347568647
100
AcDbArc
 50
257.3127061676206
 51
282.6872938323794
  0
ARC
  5
71E
330
2
100
AcDbEntity
  8
HALFEN
100
AcDbCircle
 10
1712.163400000002
 20
1325.569330101876
 30
0.0
 40
78.72472347568647
100
AcDbArc
 50
257.3127061676206
 51
282.6872938323794
  0
ARC
  5
71F
330
2
100
AcDbEntity
  8
HALFEN
100
AcDbCircle
 10
1712.163400000002
 20
1243.033283150502
 30
0.0
 40
78.72472347568647
100
AcDbArc
 50
77.31270616762063
 51
102.6872938323794
  0
ARC
  5
720
330
2
100
AcDbEntity
  8
HALFEN
100
AcDbCircle
 10
1712.163400000002
 20
1237.998781493955
 30
0.0
 40
78.72472347568647
100
AcDbArc
 50
77.31270616762063
 51
102.6872938323794
  0
ELLIPSE
  5
721
330
2
100
AcDbEntity
  8
HALFEN
100
AcDbEllipse
 10
1694.873100000002
 20
1251.284057454463
 30
0.0
 11
2.740614999999933
 21
0.0
 31
0.0
210
0.0
220
0.0
230
-1.0
 40
0.91849852251193
 41
0.0
 42
6.283185307179586
  0
ELLIPSE
  5
722
330
2
100
AcDbEntity
  8
HALFEN
100
AcDbEllipse
 10
1694.873100000002
 20
1317.318555797915
 30
0.0
 11
2.740614999999933
 21
0.0
 31
0.0
210
0.0
220
0.0
230
1.0
 40
0.91849852251193
 41
0.0
 42
6.283185307179586
  0
ARC
  5
723
330
2
100
AcDbEntity
  8
HALFEN
100
AcDbCircle
 10
1712.163400000002
 20
1357.258006626189
 30
0.0
 40
10.0
100
AcDbArc
 50
184.7362000000058
 51
355.2637999999942
  0
ELLIPSE
  5
724
330
2
100
AcDbEntity
  8
HALFEN
100
AcDbEllipse
 10
1729.453700000002
 20
1251.284057454463
 30
0.0
 11
2.740614999999933
 21
0.0
 31
0.0
210
0.0
220
0.0
230
-1.0
 40
0.91849852251193
 41
0.0
 42
6.283185307179586
  0
ELLIPSE
  5
725
330
2
100
AcDbEntity
  8
HALFEN
100
AcDbEllipse
 10
1729.453700000002
 20
1317.318555797915
 30
0.0
 11
2.740614999999933
 21
0.0
 31
0.0
210
0.0
220
0.0
230
1.0
 40
0.91849852251193
 41
0.0
 42
6.283185307179586
  0
LINE
  5
726
330
2
100
AcDbEntity
  8
HALFEN
100
AcDbLine
 10
1725.304610000002
 20
1394.758006626189
 30
0.0
 11
1699.022200000001
 21
1394.758006626189
 31
0.0
  0
LINE
  5
727
330
2
100
AcDbEntity
  8
HALFEN
100
AcDbLine
 10
1697.613710000001
 20
1411.758006626189
 30
0.0
 11
1692.132490000002
 21
1411.303906626189
 31
0.0
  0
LINE
  5
728
330
2
100
AcDbEntity
  8
HALFEN
100
AcDbLine
 10
1726.713090000002
 20
1411.758006626189
 30
0.0
 11
1732.194310000001
 21
1411.303906626189
 31
0.0
  0
LINE
  5
729
330
2
100
AcDbEntity
  8
HALFEN
100
AcDbLine
 10
2177.610470000002
 20
1355.978206626189
 30
0.0
 11
2182.194300000002
 21
1411.303906626189
 31
0.0
  0
LINE
  5
72A
330
2
100
AcDbEntity
  8
HALFEN
100
AcDbLine
 10
2152.197540000002
 20
1356.432306626189
 30
0.0
 11
2147.613720000002
 21
1411.758006626189
 31
0.0
  0
LINE
  5
72B
330
2
100
AcDbEntity
  8
HALFEN
100
AcDbLine
 10
2146.716330000002
 20
1355.978206626189
 30
0.0
 11
2142.132500000002
 21
1411.303906626189
 31
0.0
  0
LINE
  5
72C
330
2
100
AcDbEntity
  8
HALFEN
100
AcDbLine
 10
2172.129260000001
 20
1356.432306626189
 30
0.0
 11
2176.713090000002
 21
1411.758006626189
 31
0.0
  0
ARC
  5
72D
330
2
100
AcDbEntity
  8
HALFEN
100
AcDbCircle
 10
2162.163400000002
 20
1357.258006626189
 30
0.0
 40
15.5
100
AcDbArc
 50
184.7362000000058
 51
355.2637999999942
  0
ARC
  5
72E
330
2
100
AcDbEntity
  8
HALFEN
100
AcDbCircle
 10
2162.163400000002
 20
1330.603831758423
 30
0.0
 40
78.72472347568647
100
AcDbArc
 50
257.3127061676206
 51
282.6872938323794
  0
ARC
  5
72F
330
2
100
AcDbEntity
  8
HALFEN
100
AcDbCircle
 10
2162.163400000002
 20
1325.569330101876
 30
0.0
 40
78.72472347568647
100
AcDbArc
 50
257.3127061676206
 51
282.6872938323794
  0
ARC
  5
730
330
2
100
AcDbEntity
  8
HALFEN
100
AcDbCircle
 10
2162.163400000002
 20
1243.033283150502
 30
0.0
 40
78.72472347568647
100
AcDbArc
 50
77.31270616762063
 51
102.6872938323794
  0
ARC
  5
731
330
2
100
AcDbEntity
  8
HALFEN
100
AcDbCircle
 10
2162.163400000002
 20
1237.998781493955
 30
0.0
 40
78.72472347568647
100
AcDbArc
 50
77.31270616762063
 51
102.6872938323794
  0
ELLIPSE
  5
732
330
2
100
AcDbEntity
  8
HALFEN
100
AcDbEllipse
 10
2144.873100000002
 20
1251.284057454463
 30
0.0
 11
2.740614999999933
 21
0.0
 31
0.0
210
0.0
220
0.0
230
-1.0
 40
0.91849852251193
 41
0.0
 42
6.283185307179586
  0
ELLIPSE
  5
733
330
2
100
AcDbEntity
  8
HALFEN
100
AcDbEllipse
 10
2144.873100000002
 20
1317.318555797915
 30
0.0
 11
2.740614999999933
 21
0.0
 31
0.0
210
0.0
220
0.0
230
1.0
 40
0.91849852251193
 41
0.0
 42
6.283185307179586
  0
ARC
  5
734
330
2
100
AcDbEntity
  8
HALFEN
100
AcDbCircle
 10
2162.163400000002
 20
1357.258006626189
 30
0.0
 40
10.0
100
AcDbArc
 50
184.7362000000058
 51
355.2637999999942
  0
ELLIPSE
  5
735
330
2
100
AcDbEntity
  8
HALFEN
100
AcDbEllipse
 10
2179.453700000002
 20
1251.284057454463
 30
0.0
 11
2.740614999999933
 21
0.0
 31
0.0
210
0.0
220
0.0
230
-1.0
 40
0.91849852251193
 41
0.0
 42
6.283185307179586
  0
ELLIPSE
  5
736
330
2
100
AcDbEntity
  8
HALFEN
100
AcDbEllipse
 10
2179.453700000002
 20
1317.318555797915
 30
0.0
 11
2.740614999999933
 21
0.0
 31
0.0
210
0.0
220
0.0
230
1.0
 40
0.91849852251193
 41
0.0
 42
6.283185307179586
  0
LINE
  5
737
330
2
100
AcDbEntity
  8
HALFEN
100
AcDbLine
 10
2175.304610000002
 20
1394.758006626189
 30
0.0
 11
2149.022200000002
 21
1394.758006626189
 31
0.0
  0
LINE
  5
738
330
2
100
AcDbEntity
  8
HALFEN
100
AcDbLine
 10
2147.613710000001
 20
1411.758006626189
 30
0.0
 11
2142.132490000002
 21
1411.303906626189
 31
0.0
  0
LINE
  5
739
330
2
100
AcDbEntity
  8
HALFEN
100
AcDbLine
 10
2176.713090000002
 20
1411.758006626189
 30
0.0
 11
2182.194310000002
 21
1411.303906626189
 31
0.0
  0
LINE
  5
73A
330
2
100
AcDbEntity
  8
HALFEN
100
AcDbLine
 10
2627.610470000002
 20
1355.978206626189
 30
0.0
 11
2632.194300000002
 21
1411.303906626189
 31
0.0
  0
LINE
  5
73B
330
2
100
AcDbEntity
  8
HALFEN
100
AcDbLine
 10
2602.197540000002
 20
1356.432306626189
 30
0.0
 11
2597.613720000002
 21
1411.758006626189
 31
0.0
  0
LINE
  5
73C
330
2
100
AcDbEntity
  8
HALFEN
100
AcDbLine
 10
2596.716330000002
 20
1355.978206626189
 30
0.0
 11
2592.132500000002
 21
1411.303906626189
 31
0.0
  0
LINE
  5
73D
330
2
100
AcDbEntity
  8
HALFEN
100
AcDbLine
 10
2622.129260000002
 20
1356.432306626189
 30
0.0
 11
2626.713090000002
 21
1411.758006626189
 31
0.0
  0
ARC
  5
73E
330
2
100
AcDbEntity
  8
HALFEN
100
AcDbCircle
 10
2612.163400000002
 20
1357.258006626189
 30
0.0
 40
15.5
100
AcDbArc
 50
184.7362000000058
 51
355.2637999999942
  0
ARC
  5
73F
330
2
100
AcDbEntity
  8
HALFEN
100
AcDbCircle
 10
2612.163400000002
 20
1330.603831758423
 30
0.0
 40
78.72472347568647
100
AcDbArc
 50
257.3127061676206
 51
282.6872938323794
  0
ARC
  5
740
330
2
100
AcDbEntity
  8
HALFEN
100
AcDbCircle
 10
2612.163400000002
 20
1325.569330101876
 30
0.0
 40
78.72472347568647
100
AcDbArc
 50
257.3127061676206
 51
282.6872938323794
  0
ARC
  5
741
330
2
100
AcDbEntity
  8
HALFEN
100
AcDbCircle
 10
2612.163400000002
 20
1243.033283150502
 30
0.0
 40
78.72472347568647
100
AcDbArc
 50
77.31270616762063
 51
102.6872938323794
  0
ARC
  5
742
330
2
100
AcDbEntity
  8
HALFEN
100
AcDbCircle
 10
2612.163400000002
 20
1237.998781493955
 30
0.0
 40
78.72472347568647
100
AcDbArc
 50
77.31270616762063
 51
102.6872938323794
  0
ELLIPSE
  5
743
330
2
100
AcDbEntity
  8
HALFEN
100
AcDbEllipse
 10
2594.873100000002
 20
1251.284057454463
 30
0.0
 11
2.740614999999933
 21
0.0
 31
0.0
210
0.0
220
0.0
230
-1.0
 40
0.91849852251193
 41
0.0
 42
6.283185307179586
  0
ELLIPSE
  5
744
330
2
100
AcDbEntity
  8
HALFEN
100
AcDbEllipse
 10
2594.873100000002
 20
1317.318555797915
 30
0.0
 11
2.740614999999933
 21
0.0
 31
0.0
210
0.0
220
0.0
230
1.0
 40
0.91849852251193
 41
0.0
 42
6.283185307179586
  0
ARC
  5
745
330
2
100
AcDbEntity
  8
HALFEN
100
AcDbCircle
 10
2612.163400000002
 20
1357.258006626189
 30
0.0
 40
10.0
100
AcDbArc
 50
184.7362000000058
 51
355.2637999999942
  0
ELLIPSE
  5
746
330
2
100
AcDbEntity
  8
HALFEN
100
AcDbEllipse
 10
2629.453700000002
 20
1251.284057454463
 30
0.0
 11
2.740614999999933
 21
0.0
 31
0.0
210
0.0
220
0.0
230
-1.0
 40
0.91849852251193
 41
0.0
 42
6.283185307179586
  0
ELLIPSE
  5
747
330
2
100
AcDbEntity
  8
HALFEN
100
AcDbEllipse
 10
2629.453700000002
 20
1317.318555797915
 30
0.0
 11
2.740614999999933
 21
0.0
 31
0.0
210
0.0
220
0.0
230
1.0
 40
0.91849852251193
 41
0.0
 42
6.283185307179586
  0
LINE
  5
748
330
2
100
AcDbEntity
  8
HALFEN
100
AcDbLine
 10
2625.304610000002
 20
1394.758006626189
 30
0.0
 11
2599.022200000002
 21
1394.758006626189
 31
0.0
  0
LINE
  5
749
330
2
100
AcDbEntity
  8
HALFEN
100
AcDbLine
 10
2597.613710000002
 20
1411.758006626189
 30
0.0
 11
2592.132490000002
 21
1411.303906626189
 31
0.0
  0
LINE
  5
74A
330
2
100
AcDbEntity
  8
HALFEN
100
AcDbLine
 10
2626.713090000002
 20
1411.758006626189
 30
0.0
 11
2632.194310000002
 21
1411.303906626189
 31
0.0
  0
LINE
  5
74B
330
2
100
AcDbEntity
  8
HALFEN
100
AcDbLine
 10
1693.503356451832
 20
1394.758006626189
 30
0.0
 11
1280.823450000001
 21
1394.758006626189
 31
0.0
  0
LINE
  5
74C
330
2
100
AcDbEntity
  8
HALFEN
100
AcDbLine
 10
2143.503356451832
 20
1394.758006626189
 30
0.0
 11
1730.823443548172
 21
1394.758006626189
 31
0.0
  0
LINE
  5
74D
330
2
100
AcDbEntity
  8
HALFEN
100
AcDbLine
 10
2772.129260000002
 20
1356.432306626189
 30
0.0
 11
2776.713090000002
 21
1411.758006626189
 31
0.0
  0
LINE
  5
74E
330
2
100
AcDbEntity
  8
HALFEN
100
AcDbLine
 10
2746.716330000002
 20
1355.978206626189
 30
0.0
 11
2742.132500000002
 21
1411.303906626189
 31
0.0
  0
LINE
  5
74F
330
2
100
AcDbEntity
  8
HALFEN
100
AcDbLine
 10
2752.197540000002
 20
1356.432306626189
 30
0.0
 11
2747.613720000002
 21
1411.758006626189
 31
0.0
  0
LINE
  5
750
330
2
100
AcDbEntity
  8
HALFEN
100
AcDbLine
 10
2777.610470000002
 20
1355.978206626189
 30
0.0
 11
2782.194300000002
 21
1411.303906626189
 31
0.0
  0
ARC
  5
751
330
2
100
AcDbEntity
  8
HALFEN
100
AcDbCircle
 10
2762.163400000002
 20
1325.569330101876
 30
0.0
 40
78.72472347568647
100
AcDbArc
 50
257.3127061676206
 51
282.6872938323794
  0
ARC
  5
752
330
2
100
AcDbEntity
  8
HALFEN
100
AcDbCircle
 10
2762.163400000002
 20
1330.603831758423
 30
0.0
 40
78.72472347568647
100
AcDbArc
 50
257.3127061676206
 51
282.6872938323794
  0
ELLIPSE
  5
753
330
2
100
AcDbEntity
  8
HALFEN
100
AcDbEllipse
 10
2744.873100000002
 20
1251.284057454463
 30
0.0
 11
2.740614999999933
 21
0.0
 31
0.0
210
0.0
220
0.0
230
-1.0
 40
0.91849852251193
 41
0.0
 42
6.283185307179586
  0
ELLIPSE
  5
754
330
2
100
AcDbEntity
  8
HALFEN
100
AcDbEllipse
 10
2779.453700000002
 20
1251.284057454463
 30
0.0
 11
2.740614999999933
 21
0.0
 31
0.0
210
0.0
220
0.0
230
-1.0
 40
0.91849852251193
 41
0.0
 42
6.283185307179586
  0
ARC
  5
755
330
2
100
AcDbEntity
  8
HALFEN
100
AcDbCircle
 10
2762.163400000002
 20
1237.998781493955
 30
0.0
 40
78.72472347568647
100
AcDbArc
 50
77.31270616762063
 51
102.6872938323794
  0
ARC
  5
756
330
2
100
AcDbEntity
  8
HALFEN
100
AcDbCircle
 10
2762.163400000002
 20
1243.033283150502
 30
0.0
 40
78.72472347568647
100
AcDbArc
 50
77.31270616762063
 51
102.6872938323794
  0
ELLIPSE
  5
757
330
2
100
AcDbEntity
  8
HALFEN
100
AcDbEllipse
 10
2744.873100000002
 20
1317.318555797915
 30
0.0
 11
2.740614999999933
 21
0.0
 31
0.0
210
0.0
220
0.0
230
1.0
 40
0.91849852251193
 41
0.0
 42
6.283185307179586
  0
ELLIPSE
  5
758
330
2
100
AcDbEntity
  8
HALFEN
100
AcDbEllipse
 10
2779.453700000002
 20
1317.318555797915
 30
0.0
 11
2.740614999999933
 21
0.0
 31
0.0
210
0.0
220
0.0
230
1.0
 40
0.91849852251193
 41
0.0
 42
6.283185307179586
  0
ARC
  5
759
330
2
100
AcDbEntity
  8
HALFEN
100
AcDbCircle
 10
2762.163400000002
 20
1357.258006626189
 30
0.0
 40
15.5
100
AcDbArc
 50
184.7362000000058
 51
355.2637999999942
  0
ARC
  5
75A
330
2
100
AcDbEntity
  8
HALFEN
100
AcDbCircle
 10
2762.163400000002
 20
1357.258006626189
 30
0.0
 40
10.0
100
AcDbArc
 50
184.7362000000058
 51
355.2637999999942
  0
LINE
  5
75B
330
2
100
AcDbEntity
  8
HALFEN
100
AcDbLine
 10
2775.304610000002
 20
1394.758006626189
 30
0.0
 11
2749.022200000002
 21
1394.758006626189
 31
0.0
  0
LINE
  5
75C
330
2
100
AcDbEntity
  8
HALFEN
100
AcDbLine
 10
2747.613710000002
 20
1411.758006626189
 30
0.0
 11
2742.132490000002
 21
1411.303906626189
 31
0.0
  0
LINE
  5
75D
330
2
100
AcDbEntity
  8
HALFEN
100
AcDbLine
 10
2776.713090000002
 20
1411.758006626189
 30
0.0
 11
2782.194310000002
 21
1411.303906626189
 31
0.0
  0
ARC
  5
75E
330
2
100
AcDbEntity
  8
HALFEN
100
AcDbCircle
 10
3212.163400000002
 20
1357.258006626189
 30
0.0
 40
15.5
100
AcDbArc
 50
184.7362000000058
 51
355.2637999999942
  0
ARC
  5
75F
330
2
100
AcDbEntity
  8
HALFEN
100
AcDbCircle
 10
3212.163400000002
 20
1243.033283150502
 30
0.0
 40
78.72472347568647
100
AcDbArc
 50
77.31270616762063
 51
102.6872938323794
  0
ARC
  5
760
330
2
100
AcDbEntity
  8
HALFEN
100
AcDbCircle
 10
3212.163400000002
 20
1237.998781493955
 30
0.0
 40
78.72472347568647
100
AcDbArc
 50
77.31270616762063
 51
102.6872938323794
  0
ARC
  5
761
330
2
100
AcDbEntity
  8
HALFEN
100
AcDbCircle
 10
3212.163400000002
 20
1330.603831758423
 30
0.0
 40
78.72472347568647
100
AcDbArc
 50
257.3127061676206
 51
282.6872938323794
  0
ARC
  5
762
330
2
100
AcDbEntity
  8
HALFEN
100
AcDbCircle
 10
3212.163400000002
 20
1325.569330101876
 30
0.0
 40
78.72472347568647
100
AcDbArc
 50
257.3127061676206
 51
282.6872938323794
  0
LINE
  5
763
330
2
100
AcDbEntity
  8
HALFEN
100
AcDbLine
 10
3202.197540000002
 20
1356.432306626189
 30
0.0
 11
3197.613720000002
 21
1411.758006626189
 31
0.0
  0
LINE
  5
764
330
2
100
AcDbEntity
  8
HALFEN
100
AcDbLine
 10
3196.716330000002
 20
1355.978206626189
 30
0.0
 11
3192.132500000002
 21
1411.303906626189
 31
0.0
  0
ELLIPSE
  5
765
330
2
100
AcDbEntity
  8
HALFEN
100
AcDbEllipse
 10
3194.873100000002
 20
1251.284057454463
 30
0.0
 11
2.740614999999933
 21
0.0
 31
0.0
210
0.0
220
0.0
230
-1.0
 40
0.91849852251193
 41
0.0
 42
6.283185307179586
  0
ELLIPSE
  5
766
330
2
100
AcDbEntity
  8
HALFEN
100
AcDbEllipse
 10
3194.873100000002
 20
1317.318555797915
 30
0.0
 11
2.740614999999933
 21
0.0
 31
0.0
210
0.0
220
0.0
230
1.0
 40
0.91849852251193
 41
0.0
 42
6.283185307179586
  0
LINE
  5
767
330
2
100
AcDbEntity
  8
HALFEN
100
AcDbLine
 10
3197.613710000002
 20
1411.758006626189
 30
0.0
 11
3192.132490000002
 21
1411.303906626189
 31
0.0
  0
LINE
  5
768
330
2
100
AcDbEntity
  8
HALFEN
100
AcDbLine
 10
3227.610470000001
 20
1355.978206626189
 30
0.0
 11
3232.194300000002
 21
1411.303906626189
 31
0.0
  0
LINE
  5
769
330
2
100
AcDbEntity
  8
HALFEN
100
AcDbLine
 10
3222.129260000001
 20
1356.432306626189
 30
0.0
 11
3226.713090000002
 21
1411.758006626189
 31
0.0
  0
ELLIPSE
  5
76A
330
2
100
AcDbEntity
  8
HALFEN
100
AcDbEllipse
 10
3229.453700000002
 20
1251.284057454463
 30
0.0
 11
2.740614999999933
 21
0.0
 31
0.0
210
0.0
220
0.0
230
-1.0
 40
0.91849852251193
 41
0.0
 42
6.283185307179586
  0
ELLIPSE
  5
76B
330
2
100
AcDbEntity
  8
HALFEN
100
AcDbEllipse
 10
3229.453700000002
 20
1317.318555797915
 30
0.0
 11
2.740614999999933
 21
0.0
 31
0.0
210
0.0
220
0.0
230
1.0
 40
0.91849852251193
 41
0.0
 42
6.283185307179586
  0
ARC
  5
76C
330
2
100
AcDbEntity
  8
HALFEN
100
AcDbCircle
 10
3212.163400000002
 20
1357.258006626189
 30
0.0
 40
10.0
100
AcDbArc
 50
184.7362000000058
 51
355.2637999999942
  0
LINE
  5
76D
330
2
100
AcDbEntity
  8
HALFEN
100
AcDbLine
 10
3226.713090000002
 20
1411.758006626189
 30
0.0
 11
3232.194310000002
 21
1411.303906626189
 31
0.0
  0
LINE
  5
76E
330
2
100
AcDbEntity
  8
HALFEN
100
AcDbLine
 10
3225.304610000002
 20
1394.758006626189
 30
0.0
 11
3199.022200000002
 21
1394.758006626189
 31
0.0
  0
ARC
  5
76F
330
2
100
AcDbEntity
  8
HALFEN
100
AcDbCircle
 10
3662.163400000002
 20
1357.258006626189
 30
0.0
 40
15.5
100
AcDbArc
 50
184.7362000000058
 51
355.2637999999942
  0
ARC
  5
770
330
2
100
AcDbEntity
  8
HALFEN
100
AcDbCircle
 10
3662.163400000002
 20
1243.033283150502
 30
0.0
 40
78.72472347568647
100
AcDbArc
 50
77.31270616762063
 51
102.6872938323794
  0
ARC
  5
771
330
2
100
AcDbEntity
  8
HALFEN
100
AcDbCircle
 10
3662.163400000002
 20
1237.998781493955
 30
0.0
 40
78.72472347568647
100
AcDbArc
 50
77.31270616762063
 51
102.6872938323794
  0
ARC
  5
772
330
2
100
AcDbEntity
  8
HALFEN
100
AcDbCircle
 10
3662.163400000002
 20
1330.603831758423
 30
0.0
 40
78.72472347568647
100
AcDbArc
 50
257.3127061676206
 51
282.6872938323794
  0
ARC
  5
773
330
2
100
AcDbEntity
  8
HALFEN
100
AcDbCircle
 10
3662.163400000002
 20
1325.569330101876
 30
0.0
 40
78.72472347568647
100
AcDbArc
 50
257.3127061676206
 51
282.6872938323794
  0
LINE
  5
774
330
2
100
AcDbEntity
  8
HALFEN
100
AcDbLine
 10
3652.197540000003
 20
1356.432306626189
 30
0.0
 11
3647.613720000002
 21
1411.758006626189
 31
0.0
  0
LINE
  5
775
330
2
100
AcDbEntity
  8
HALFEN
100
AcDbLine
 10
3646.716330000002
 20
1355.978206626189
 30
0.0
 11
3642.132500000002
 21
1411.303906626189
 31
0.0
  0
ELLIPSE
  5
776
330
2
100
AcDbEntity
  8
HALFEN
100
AcDbEllipse
 10
3644.873100000002
 20
1251.284057454463
 30
0.0
 11
2.740614999999933
 21
0.0
 31
0.0
210
0.0
220
0.0
230
-1.0
 40
0.91849852251193
 41
0.0
 42
6.283185307179586
  0
ELLIPSE
  5
777
330
2
100
AcDbEntity
  8
HALFEN
100
AcDbEllipse
 10
3644.873100000002
 20
1317.318555797915
 30
0.0
 11
2.740614999999933
 21
0.0
 31
0.0
210
0.0
220
0.0
230
1.0
 40
0.91849852251193
 41
0.0
 42
6.283185307179586
  0
LINE
  5
778
330
2
100
AcDbEntity
  8
HALFEN
100
AcDbLine
 10
3647.613710000002
 20
1411.758006626189
 30
0.0
 11
3642.132490000002
 21
1411.303906626189
 31
0.0
  0
LINE
  5
779
330
2
100
AcDbEntity
  8
HALFEN
100
AcDbLine
 10
3677.610470000001
 20
1355.978206626189
 30
0.0
 11
3682.194300000002
 21
1411.303906626189
 31
0.0
  0
LINE
  5
77A
330
2
100
AcDbEntity
  8
HALFEN
100
AcDbLine
 10
3672.129260000002
 20
1356.432306626189
 30
0.0
 11
3676.713090000002
 21
1411.758006626189
 31
0.0
  0
ELLIPSE
  5
77B
330
2
100
AcDbEntity
  8
HALFEN
100
AcDbEllipse
 10
3679.453700000002
 20
1251.284057454463
 30
0.0
 11
2.740614999999933
 21
0.0
 31
0.0
210
0.0
220
0.0
230
-1.0
 40
0.91849852251193
 41
0.0
 42
6.283185307179586
  0
ELLIPSE
  5
77C
330
2
100
AcDbEntity
  8
HALFEN
100
AcDbEllipse
 10
3679.453700000002
 20
1317.318555797915
 30
0.0
 11
2.740614999999933
 21
0.0
 31
0.0
210
0.0
220
0.0
230
1.0
 40
0.91849852251193
 41
0.0
 42
6.283185307179586
  0
ARC
  5
77D
330
2
100
AcDbEntity
  8
HALFEN
100
AcDbCircle
 10
3662.163400000002
 20
1357.258006626189
 30
0.0
 40
10.0
100
AcDbArc
 50
184.7362000000058
 51
355.2637999999942
  0
LINE
  5
77E
330
2
100
AcDbEntity
  8
HALFEN
100
AcDbLine
 10
3676.713090000002
 20
1411.758006626189
 30
0.0
 11
3682.194310000002
 21
1411.303906626189
 31
0.0
  0
LINE
  5
77F
330
2
100
AcDbEntity
  8
HALFEN
100
AcDbLine
 10
3675.304610000002
 20
1394.758006626189
 30
0.0
 11
3649.022200000003
 21
1394.758006626189
 31
0.0
  0
ARC
  5
780
330
2
100
AcDbEntity
  8
HALFEN
100
AcDbCircle
 10
4112.163400000002
 20
1357.258006626189
 30
0.0
 40
15.5
100
AcDbArc
 50
184.7362000000058
 51
355.2637999999942
  0
ARC
  5
781
330
2
100
AcDbEntity
  8
HALFEN
100
AcDbCircle
 10
4112.163400000002
 20
1243.033283150502
 30
0.0
 40
78.72472347568647
100
AcDbArc
 50
77.31270616762063
 51
102.6872938323794
  0
ARC
  5
782
330
2
100
AcDbEntity
  8
HALFEN
100
AcDbCircle
 10
4112.163400000002
 20
1237.998781493955
 30
0.0
 40
78.72472347568647
100
AcDbArc
 50
77.31270616762063
 51
102.6872938323794
  0
ARC
  5
783
330
2
100
AcDbEntity
  8
HALFEN
100
AcDbCircle
 10
4112.163400000002
 20
1330.603831758423
 30
0.0
 40
78.72472347568647
100
AcDbArc
 50
257.3127061676206
 51
282.6872938323794
  0
ARC
  5
784
330
2
100
AcDbEntity
  8
HALFEN
100
AcDbCircle
 10
4112.163400000002
 20
1325.569330101876
 30
0.0
 40
78.72472347568647
100
AcDbArc
 50
257.3127061676206
 51
282.6872938323794
  0
LINE
  5
785
330
2
100
AcDbEntity
  8
HALFEN
100
AcDbLine
 10
4102.197540000002
 20
1356.432306626189
 30
0.0
 11
4097.613720000002
 21
1411.758006626189
 31
0.0
  0
LINE
  5
786
330
2
100
AcDbEntity
  8
HALFEN
100
AcDbLine
 10
4096.716330000002
 20
1355.978206626189
 30
0.0
 11
4092.132500000001
 21
1411.303906626189
 31
0.0
  0
ELLIPSE
  5
787
330
2
100
AcDbEntity
  8
HALFEN
100
AcDbEllipse
 10
4094.873100000001
 20
1251.284057454463
 30
0.0
 11
2.740614999999933
 21
0.0
 31
0.0
210
0.0
220
0.0
230
-1.0
 40
0.91849852251193
 41
0.0
 42
6.283185307179586
  0
ELLIPSE
  5
788
330
2
100
AcDbEntity
  8
HALFEN
100
AcDbEllipse
 10
4094.873100000001
 20
1317.318555797915
 30
0.0
 11
2.740614999999933
 21
0.0
 31
0.0
210
0.0
220
0.0
230
1.0
 40
0.91849852251193
 41
0.0
 42
6.283185307179586
  0
LINE
  5
789
330
2
100
AcDbEntity
  8
HALFEN
100
AcDbLine
 10
4097.613710000001
 20
1411.758006626189
 30
0.0
 11
4092.132490000001
 21
1411.303906626189
 31
0.0
  0
LINE
  5
78A
330
2
100
AcDbEntity
  8
HALFEN
100
AcDbLine
 10
4127.610470000001
 20
1355.978206626189
 30
0.0
 11
4132.194300000001
 21
1411.303906626189
 31
0.0
  0
LINE
  5
78B
330
2
100
AcDbEntity
  8
HALFEN
100
AcDbLine
 10
4122.129260000002
 20
1356.432306626189
 30
0.0
 11
4126.713090000001
 21
1411.758006626189
 31
0.0
  0
ELLIPSE
  5
78C
330
2
100
AcDbEntity
  8
HALFEN
100
AcDbEllipse
 10
4129.453700000001
 20
1251.284057454463
 30
0.0
 11
2.740614999999933
 21
0.0
 31
0.0
210
0.0
220
0.0
230
-1.0
 40
0.91849852251193
 41
0.0
 42
6.283185307179586
  0
ELLIPSE
  5
78D
330
2
100
AcDbEntity
  8
HALFEN
100
AcDbEllipse
 10
4129.453700000001
 20
1317.318555797915
 30
0.0
 11
2.740614999999933
 21
0.0
 31
0.0
210
0.0
220
0.0
230
1.0
 40
0.91849852251193
 41
0.0
 42
6.283185307179586
  0
ARC
  5
78E
330
2
100
AcDbEntity
  8
HALFEN
100
AcDbCircle
 10
4112.163400000002
 20
1357.258006626189
 30
0.0
 40
10.0
100
AcDbArc
 50
184.7362000000058
 51
355.2637999999942
  0
LINE
  5
78F
330
2
100
AcDbEntity
  8
HALFEN
100
AcDbLine
 10
4126.713090000001
 20
1411.758006626189
 30
0.0
 11
4132.194310000001
 21
1411.303906626189
 31
0.0
  0
LINE
  5
790
330
2
100
AcDbEntity
  8
HALFEN
100
AcDbLine
 10
4125.304610000002
 20
1394.758006626189
 30
0.0
 11
4099.022200000002
 21
1394.758006626189
 31
0.0
  0
LINE
  5
791
330
2
100
AcDbEntity
  8
HALFEN
100
AcDbLine
 10
2593.503356451832
 20
1394.758006626189
 30
0.0
 11
2180.823443548172
 21
1394.758006626189
 31
0.0
  0
LINE
  5
792
330
2
100
AcDbEntity
  8
HALFEN
100
AcDbLine
 10
2743.503356451832
 20
1394.758006626189
 30
0.0
 11
2630.823443548172
 21
1394.758006626189
 31
0.0
  0
LINE
  5
793
330
2
100
AcDbEntity
  8
HALFEN
100
AcDbLine
 10
3193.503356451832
 20
1394.758006626189
 30
0.0
 11
2780.823443548172
 21
1394.758006626189
 31
0.0
  0
LINE
  5
794
330
2
100
AcDbEntity
  8
HALFEN
100
AcDbLine
 10
3643.503356451832
 20
1394.758006626189
 30
0.0
 11
3230.823443548173
 21
1394.75800662619
 31
0.0
  0
LINE
  5
795
330
2
100
AcDbEntity
  8
HALFEN
100
AcDbLine
 10
4093.503356451832
 20
1394.758006626189
 30
0.0
 11
3680.823443548172
 21
1394.758006626189
 31
0.0
  0
ARC
  5
796
330
2
100
AcDbEntity
  8
HALFEN
100
AcDbCircle
 10
1412.163400000002
 20
978.0853814939556
 30
0.0
 40
78.72472347568647
100
AcDbArc
 50
77.31270616762063
 51
102.6872938323794
  0
ARC
  5
797
330
2
100
AcDbEntity
  8
HALFEN
100
AcDbCircle
 10
1412.163400000002
 20
983.119883150503
 30
0.0
 40
78.72472347568647
100
AcDbArc
 50
77.31270616762063
 51
102.6872938323794
  0
ARC
  5
798
330
2
100
AcDbEntity
  8
HALFEN
100
AcDbCircle
 10
1412.163400000002
 20
1065.655930101876
 30
0.0
 40
78.72472347568647
100
AcDbArc
 50
257.3127061676206
 51
282.6872938323794
  0
ARC
  5
799
330
2
100
AcDbEntity
  8
HALFEN
100
AcDbCircle
 10
1412.163400000002
 20
1070.690431758424
 30
0.0
 40
78.72472347568647
100
AcDbArc
 50
257.3127061676206
 51
282.6872938323794
  0
ARC
  5
79A
330
2
100
AcDbEntity
  8
HALFEN
100
AcDbCircle
 10
1412.163400000002
 20
1097.344606626189
 30
0.0
 40
15.5
100
AcDbArc
 50
184.7362000000058
 51
355.2637999999942
  0
LINE
  5
79B
330
2
100
AcDbEntity
  8
HALFEN
100
AcDbLine
 10
1422.129260000002
 20
1096.518906626189
 30
0.0
 11
1426.713090000002
 21
1151.844606626189
 31
0.0
  0
ELLIPSE
  5
79C
330
2
100
AcDbEntity
  8
HALFEN
100
AcDbEllipse
 10
1394.873100000002
 20
991.370657454464
 30
0.0
 11
2.740614999999933
 21
0.0
 31
0.0
210
0.0
220
0.0
230
-1.0
 40
0.91849852251193
 41
0.0
 42
6.283185307179586
  0
ELLIPSE
  5
79D
330
2
100
AcDbEntity
  8
HALFEN
100
AcDbEllipse
 10
1394.873100000002
 20
1057.405155797915
 30
0.0
 11
2.740614999999933
 21
0.0
 31
0.0
210
0.0
220
0.0
230
1.0
 40
0.91849852251193
 41
0.0
 42
6.283185307179586
  0
LINE
  5
79E
330
2
100
AcDbEntity
  8
HALFEN
100
AcDbLine
 10
1396.716330000002
 20
1096.064806626189
 30
0.0
 11
1392.132500000002
 21
1151.39050662619
 31
0.0
  0
LINE
  5
79F
330
2
100
AcDbEntity
  8
HALFEN
100
AcDbLine
 10
1402.197540000002
 20
1096.518906626189
 30
0.0
 11
1397.613720000002
 21
1151.844606626189
 31
0.0
  0
ARC
  5
7A0
330
2
100
AcDbEntity
  8
HALFEN
100
AcDbCircle
 10
1412.163400000002
 20
1097.344606626189
 30
0.0
 40
10.0
100
AcDbArc
 50
184.7362000000058
 51
355.2637999999942
  0
LINE
  5
7A1
330
2
100
AcDbEntity
  8
HALFEN
100
AcDbLine
 10
1397.613710000002
 20
1151.844606626189
 30
0.0
 11
1392.132490000002
 21
1151.39050662619
 31
0.0
  0
LINE
  5
7A2
330
2
100
AcDbEntity
  8
HALFEN
100
AcDbLine
 10
1425.304610000002
 20
1134.844606626189
 30
0.0
 11
1399.022200000002
 21
1134.844606626189
 31
0.0
  0
ELLIPSE
  5
7A3
330
2
100
AcDbEntity
  8
HALFEN
100
AcDbEllipse
 10
1429.453700000002
 20
991.370657454464
 30
0.0
 11
2.740614999999933
 21
0.0
 31
0.0
210
0.0
220
0.0
230
-1.0
 40
0.91849852251193
 41
0.0
 42
6.283185307179586
  0
ELLIPSE
  5
7A4
330
2
100
AcDbEntity
  8
HALFEN
100
AcDbEllipse
 10
1429.453700000002
 20
1057.405155797915
 30
0.0
 11
2.740614999999933
 21
0.0
 31
0.0
210
0.0
220
0.0
230
1.0
 40
0.91849852251193
 41
0.0
 42
6.283185307179586
  0
LINE
  5
7A5
330
2
100
AcDbEntity
  8
HALFEN
100
AcDbLine
 10
1427.610470000002
 20
1096.064806626189
 30
0.0
 11
1432.194300000002
 21
1151.39050662619
 31
0.0
  0
LINE
  5
7A6
330
2
100
AcDbEntity
  8
HALFEN
100
AcDbLine
 10
1426.713090000002
 20
1151.844606626189
 30
0.0
 11
1432.194310000002
 21
1151.39050662619
 31
0.0
  0
ARC
  5
7A7
330
2
100
AcDbEntity
  8
HALFEN
100
AcDbCircle
 10
1562.163400000002
 20
978.0853814939556
 30
0.0
 40
78.72472347568647
100
AcDbArc
 50
77.31270616762063
 51
102.6872938323794
  0
ARC
  5
7A8
330
2
100
AcDbEntity
  8
HALFEN
100
AcDbCircle
 10
1562.163400000002
 20
983.119883150503
 30
0.0
 40
78.72472347568647
100
AcDbArc
 50
77.31270616762063
 51
102.6872938323794
  0
ARC
  5
7A9
330
2
100
AcDbEntity
  8
HALFEN
100
AcDbCircle
 10
1562.163400000002
 20
1065.655930101876
 30
0.0
 40
78.72472347568647
100
AcDbArc
 50
257.3127061676206
 51
282.6872938323794
  0
ARC
  5
7AA
330
2
100
AcDbEntity
  8
HALFEN
100
AcDbCircle
 10
1562.163400000002
 20
1070.690431758424
 30
0.0
 40
78.72472347568647
100
AcDbArc
 50
257.3127061676206
 51
282.6872938323794
  0
ARC
  5
7AB
330
2
100
AcDbEntity
  8
HALFEN
100
AcDbCircle
 10
1562.163400000002
 20
1097.344606626189
 30
0.0
 40
15.5
100
AcDbArc
 50
184.7362000000058
 51
355.2637999999942
  0
LINE
  5
7AC
330
2
100
AcDbEntity
  8
HALFEN
100
AcDbLine
 10
1572.129260000002
 20
1096.518906626189
 30
0.0
 11
1576.713090000002
 21
1151.844606626189
 31
0.0
  0
ELLIPSE
  5
7AD
330
2
100
AcDbEntity
  8
HALFEN
100
AcDbEllipse
 10
1544.873100000002
 20
991.370657454464
 30
0.0
 11
2.740614999999933
 21
0.0
 31
0.0
210
0.0
220
0.0
230
-1.0
 40
0.91849852251193
 41
0.0
 42
6.283185307179586
  0
ELLIPSE
  5
7AE
330
2
100
AcDbEntity
  8
HALFEN
100
AcDbEllipse
 10
1544.873100000002
 20
1057.405155797915
 30
0.0
 11
2.740614999999933
 21
0.0
 31
0.0
210
0.0
220
0.0
230
1.0
 40
0.91849852251193
 41
0.0
 42
6.283185307179586
  0
LINE
  5
7AF
330
2
100
AcDbEntity
  8
HALFEN
100
AcDbLine
 10
1546.716330000002
 20
1096.064806626189
 30
0.0
 11
1542.132500000002
 21
1151.39050662619
 31
0.0
  0
LINE
  5
7B0
330
2
100
AcDbEntity
  8
HALFEN
100
AcDbLine
 10
1552.197540000002
 20
1096.518906626189
 30
0.0
 11
1547.613720000002
 21
1151.844606626189
 31
0.0
  0
ARC
  5
7B1
330
2
100
AcDbEntity
  8
HALFEN
100
AcDbCircle
 10
1562.163400000002
 20
1097.344606626189
 30
0.0
 40
10.0
100
AcDbArc
 50
184.7362000000058
 51
355.2637999999942
  0
LINE
  5
7B2
330
2
100
AcDbEntity
  8
HALFEN
100
AcDbLine
 10
1547.613710000002
 20
1151.844606626189
 30
0.0
 11
1542.132490000002
 21
1151.39050662619
 31
0.0
  0
LINE
  5
7B3
330
2
100
AcDbEntity
  8
HALFEN
100
AcDbLine
 10
1575.304610000002
 20
1134.844606626189
 30
0.0
 11
1549.022200000002
 21
1134.844606626189
 31
0.0
  0
ELLIPSE
  5
7B4
330
2
100
AcDbEntity
  8
HALFEN
100
AcDbEllipse
 10
1579.453700000002
 20
991.370657454464
 30
0.0
 11
2.740614999999933
 21
0.0
 31
0.0
210
0.0
220
0.0
230
-1.0
 40
0.91849852251193
 41
0.0
 42
6.283185307179586
  0
ELLIPSE
  5
7B5
330
2
100
AcDbEntity
  8
HALFEN
100
AcDbEllipse
 10
1579.453700000002
 20
1057.405155797915
 30
0.0
 11
2.740614999999933
 21
0.0
 31
0.0
210
0.0
220
0.0
230
1.0
 40
0.91849852251193
 41
0.0
 42
6.283185307179586
  0
LINE
  5
7B6
330
2
100
AcDbEntity
  8
HALFEN
100
AcDbLine
 10
1577.610470000002
 20
1096.064806626189
 30
0.0
 11
1582.194300000002
 21
1151.39050662619
 31
0.0
  0
LINE
  5
7B7
330
2
100
AcDbEntity
  8
HALFEN
100
AcDbLine
 10
1576.713090000002
 20
1151.844606626189
 30
0.0
 11
1582.194310000002
 21
1151.39050662619
 31
0.0
  0
ARC
  5
7B8
330
2
100
AcDbEntity
  8
HALFEN
100
AcDbCircle
 10
1712.163400000002
 20
978.0853814939556
 30
0.0
 40
78.72472347568647
100
AcDbArc
 50
77.31270616762063
 51
102.6872938323794
  0
ARC
  5
7B9
330
2
100
AcDbEntity
  8
HALFEN
100
AcDbCircle
 10
1712.163400000002
 20
983.119883150503
 30
0.0
 40
78.72472347568647
100
AcDbArc
 50
77.31270616762063
 51
102.6872938323794
  0
ARC
  5
7BA
330
2
100
AcDbEntity
  8
HALFEN
100
AcDbCircle
 10
1712.163400000002
 20
1065.655930101876
 30
0.0
 40
78.72472347568647
100
AcDbArc
 50
257.3127061676206
 51
282.6872938323794
  0
ARC
  5
7BB
330
2
100
AcDbEntity
  8
HALFEN
100
AcDbCircle
 10
1712.163400000002
 20
1070.690431758424
 30
0.0
 40
78.72472347568647
100
AcDbArc
 50
257.3127061676206
 51
282.6872938323794
  0
ARC
  5
7BC
330
2
100
AcDbEntity
  8
HALFEN
100
AcDbCircle
 10
1712.163400000002
 20
1097.344606626189
 30
0.0
 40
15.5
100
AcDbArc
 50
184.7362000000058
 51
355.2637999999942
  0
LINE
  5
7BD
330
2
100
AcDbEntity
  8
HALFEN
100
AcDbLine
 10
1722.129260000002
 20
1096.518906626189
 30
0.0
 11
1726.713090000002
 21
1151.844606626189
 31
0.0
  0
ELLIPSE
  5
7BE
330
2
100
AcDbEntity
  8
HALFEN
100
AcDbEllipse
 10
1694.873100000002
 20
991.370657454464
 30
0.0
 11
2.740614999999933
 21
0.0
 31
0.0
210
0.0
220
0.0
230
-1.0
 40
0.91849852251193
 41
0.0
 42
6.283185307179586
  0
ELLIPSE
  5
7BF
330
2
100
AcDbEntity
  8
HALFEN
100
AcDbEllipse
 10
1694.873100000002
 20
1057.405155797915
 30
0.0
 11
2.740614999999933
 21
0.0
 31
0.0
210
0.0
220
0.0
230
1.0
 40
0.91849852251193
 41
0.0
 42
6.283185307179586
  0
LINE
  5
7C0
330
2
100
AcDbEntity
  8
HALFEN
100
AcDbLine
 10
1696.716330000002
 20
1096.064806626189
 30
0.0
 11
1692.132500000002
 21
1151.39050662619
 31
0.0
  0
LINE
  5
7C1
330
2
100
AcDbEntity
  8
HALFEN
100
AcDbLine
 10
1702.197540000002
 20
1096.518906626189
 30
0.0
 11
1697.613720000002
 21
1151.844606626189
 31
0.0
  0
ARC
  5
7C2
330
2
100
AcDbEntity
  8
HALFEN
100
AcDbCircle
 10
1712.163400000002
 20
1097.344606626189
 30
0.0
 40
10.0
100
AcDbArc
 50
184.7362000000058
 51
355.2637999999942
  0
LINE
  5
7C3
330
2
100
AcDbEntity
  8
HALFEN
100
AcDbLine
 10
1697.613710000002
 20
1151.844606626189
 30
0.0
 11
1692.132490000002
 21
1151.39050662619
 31
0.0
  0
LINE
  5
7C4
330
2
100
AcDbEntity
  8
HALFEN
100
AcDbLine
 10
1725.304610000002
 20
1134.844606626189
 30
0.0
 11
1699.022200000002
 21
1134.844606626189
 31
0.0
  0
ELLIPSE
  5
7C5
330
2
100
AcDbEntity
  8
HALFEN
100
AcDbEllipse
 10
1729.453700000002
 20
991.370657454464
 30
0.0
 11
2.740614999999933
 21
0.0
 31
0.0
210
0.0
220
0.0
230
-1.0
 40
0.91849852251193
 41
0.0
 42
6.283185307179586
  0
ELLIPSE
  5
7C6
330
2
100
AcDbEntity
  8
HALFEN
100
AcDbEllipse
 10
1729.453700000002
 20
1057.405155797915
 30
0.0
 11
2.740614999999933
 21
0.0
 31
0.0
210
0.0
220
0.0
230
1.0
 40
0.91849852251193
 41
0.0
 42
6.283185307179586
  0
LINE
  5
7C7
330
2
100
AcDbEntity
  8
HALFEN
100
AcDbLine
 10
1727.610470000002
 20
1096.064806626189
 30
0.0
 11
1732.194300000002
 21
1151.39050662619
 31
0.0
  0
LINE
  5
7C8
330
2
100
AcDbEntity
  8
HALFEN
100
AcDbLine
 10
1726.713090000002
 20
1151.844606626189
 30
0.0
 11
1732.194310000002
 21
1151.39050662619
 31
0.0
  0
ARC
  5
7C9
330
2
100
AcDbEntity
  8
HALFEN
100
AcDbCircle
 10
1862.163400000002
 20
978.0853814939556
 30
0.0
 40
78.72472347568647
100
AcDbArc
 50
77.31270616762063
 51
102.6872938323794
  0
ARC
  5
7CA
330
2
100
AcDbEntity
  8
HALFEN
100
AcDbCircle
 10
1862.163400000002
 20
983.119883150503
 30
0.0
 40
78.72472347568647
100
AcDbArc
 50
77.31270616762063
 51
102.6872938323794
  0
ARC
  5
7CB
330
2
100
AcDbEntity
  8
HALFEN
100
AcDbCircle
 10
1862.163400000002
 20
1065.655930101876
 30
0.0
 40
78.72472347568647
100
AcDbArc
 50
257.3127061676206
 51
282.6872938323794
  0
ARC
  5
7CC
330
2
100
AcDbEntity
  8
HALFEN
100
AcDbCircle
 10
1862.163400000002
 20
1070.690431758424
 30
0.0
 40
78.72472347568647
100
AcDbArc
 50
257.3127061676206
 51
282.6872938323794
  0
ARC
  5
7CD
330
2
100
AcDbEntity
  8
HALFEN
100
AcDbCircle
 10
1862.163400000002
 20
1097.344606626189
 30
0.0
 40
15.5
100
AcDbArc
 50
184.7362000000058
 51
355.2637999999942
  0
LINE
  5
7CE
330
2
100
AcDbEntity
  8
HALFEN
100
AcDbLine
 10
1872.129260000002
 20
1096.518906626189
 30
0.0
 11
1876.713090000002
 21
1151.844606626189
 31
0.0
  0
ELLIPSE
  5
7CF
330
2
100
AcDbEntity
  8
HALFEN
100
AcDbEllipse
 10
1844.873100000002
 20
991.370657454464
 30
0.0
 11
2.740614999999933
 21
0.0
 31
0.0
210
0.0
220
0.0
230
-1.0
 40
0.91849852251193
 41
0.0
 42
6.283185307179586
  0
ELLIPSE
  5
7D0
330
2
100
AcDbEntity
  8
HALFEN
100
AcDbEllipse
 10
1844.873100000002
 20
1057.405155797915
 30
0.0
 11
2.740614999999933
 21
0.0
 31
0.0
210
0.0
220
0.0
230
1.0
 40
0.91849852251193
 41
0.0
 42
6.283185307179586
  0
LINE
  5
7D1
330
2
100
AcDbEntity
  8
HALFEN
100
AcDbLine
 10
1846.716330000002
 20
1096.064806626189
 30
0.0
 11
1842.132500000002
 21
1151.39050662619
 31
0.0
  0
LINE
  5
7D2
330
2
100
AcDbEntity
  8
HALFEN
100
AcDbLine
 10
1852.197540000002
 20
1096.518906626189
 30
0.0
 11
1847.613720000002
 21
1151.844606626189
 31
0.0
  0
ARC
  5
7D3
330
2
100
AcDbEntity
  8
HALFEN
100
AcDbCircle
 10
1862.163400000002
 20
1097.344606626189
 30
0.0
 40
10.0
100
AcDbArc
 50
184.7362000000058
 51
355.2637999999942
  0
LINE
  5
7D4
330
2
100
AcDbEntity
  8
HALFEN
100
AcDbLine
 10
1847.613710000002
 20
1151.844606626189
 30
0.0
 11
1842.132490000002
 21
1151.39050662619
 31
0.0
  0
LINE
  5
7D5
330
2
100
AcDbEntity
  8
HALFEN
100
AcDbLine
 10
1875.304610000002
 20
1134.844606626189
 30
0.0
 11
1849.022200000002
 21
1134.844606626189
 31
0.0
  0
ELLIPSE
  5
7D6
330
2
100
AcDbEntity
  8
HALFEN
100
AcDbEllipse
 10
1879.453700000002
 20
991.370657454464
 30
0.0
 11
2.740614999999933
 21
0.0
 31
0.0
210
0.0
220
0.0
230
-1.0
 40
0.91849852251193
 41
0.0
 42
6.283185307179586
  0
ELLIPSE
  5
7D7
330
2
100
AcDbEntity
  8
HALFEN
100
AcDbEllipse
 10
1879.453700000002
 20
1057.405155797915
 30
0.0
 11
2.740614999999933
 21
0.0
 31
0.0
210
0.0
220
0.0
230
1.0
 40
0.91849852251193
 41
0.0
 42
6.283185307179586
  0
LINE
  5
7D8
330
2
100
AcDbEntity
  8
HALFEN
100
AcDbLine
 10
1877.610470000002
 20
1096.064806626189
 30
0.0
 11
1882.194300000002
 21
1151.39050662619
 31
0.0
  0
LINE
  5
7D9
330
2
100
AcDbEntity
  8
HALFEN
100
AcDbLine
 10
1876.713090000002
 20
1151.844606626189
 30
0.0
 11
1882.194310000002
 21
1151.39050662619
 31
0.0
  0
ARC
  5
7DA
330
2
100
AcDbEntity
  8
HALFEN
100
AcDbCircle
 10
2012.163400000002
 20
978.0853814939556
 30
0.0
 40
78.72472347568647
100
AcDbArc
 50
77.31270616762063
 51
102.6872938323794
  0
ARC
  5
7DB
330
2
100
AcDbEntity
  8
HALFEN
100
AcDbCircle
 10
2012.163400000002
 20
983.119883150503
 30
0.0
 40
78.72472347568647
100
AcDbArc
 50
77.31270616762063
 51
102.6872938323794
  0
ARC
  5
7DC
330
2
100
AcDbEntity
  8
HALFEN
100
AcDbCircle
 10
2012.163400000002
 20
1065.655930101876
 30
0.0
 40
78.72472347568647
100
AcDbArc
 50
257.3127061676206
 51
282.6872938323794
  0
ARC
  5
7DD
330
2
100
AcDbEntity
  8
HALFEN
100
AcDbCircle
 10
2012.163400000002
 20
1070.690431758424
 30
0.0
 40
78.72472347568647
100
AcDbArc
 50
257.3127061676206
 51
282.6872938323794
  0
ARC
  5
7DE
330
2
100
AcDbEntity
  8
HALFEN
100
AcDbCircle
 10
2012.163400000002
 20
1097.344606626189
 30
0.0
 40
15.5
100
AcDbArc
 50
184.7362000000058
 51
355.2637999999942
  0
LINE
  5
7DF
330
2
100
AcDbEntity
  8
HALFEN
100
AcDbLine
 10
2022.129260000002
 20
1096.518906626189
 30
0.0
 11
2026.713090000002
 21
1151.844606626189
 31
0.0
  0
ELLIPSE
  5
7E0
330
2
100
AcDbEntity
  8
HALFEN
100
AcDbEllipse
 10
1994.873100000002
 20
991.370657454464
 30
0.0
 11
2.740614999999933
 21
0.0
 31
0.0
210
0.0
220
0.0
230
-1.0
 40
0.91849852251193
 41
0.0
 42
6.283185307179586
  0
ELLIPSE
  5
7E1
330
2
100
AcDbEntity
  8
HALFEN
100
AcDbEllipse
 10
1994.873100000002
 20
1057.405155797915
 30
0.0
 11
2.740614999999933
 21
0.0
 31
0.0
210
0.0
220
0.0
230
1.0
 40
0.91849852251193
 41
0.0
 42
6.283185307179586
  0
LINE
  5
7E2
330
2
100
AcDbEntity
  8
HALFEN
100
AcDbLine
 10
1996.716330000002
 20
1096.064806626189
 30
0.0
 11
1992.132500000002
 21
1151.39050662619
 31
0.0
  0
LINE
  5
7E3
330
2
100
AcDbEntity
  8
HALFEN
100
AcDbLine
 10
2002.197540000002
 20
1096.518906626189
 30
0.0
 11
1997.613720000002
 21
1151.844606626189
 31
0.0
  0
ARC
  5
7E4
330
2
100
AcDbEntity
  8
HALFEN
100
AcDbCircle
 10
2012.163400000002
 20
1097.344606626189
 30
0.0
 40
10.0
100
AcDbArc
 50
184.7362000000058
 51
355.2637999999942
  0
LINE
  5
7E5
330
2
100
AcDbEntity
  8
HALFEN
100
AcDbLine
 10
1997.613710000002
 20
1151.844606626189
 30
0.0
 11
1992.132490000002
 21
1151.39050662619
 31
0.0
  0
LINE
  5
7E6
330
2
100
AcDbEntity
  8
HALFEN
100
AcDbLine
 10
2025.304610000002
 20
1134.844606626189
 30
0.0
 11
1999.022200000002
 21
1134.844606626189
 31
0.0
  0
ELLIPSE
  5
7E7
330
2
100
AcDbEntity
  8
HALFEN
100
AcDbEllipse
 10
2029.453700000002
 20
991.370657454464
 30
0.0
 11
2.740614999999933
 21
0.0
 31
0.0
210
0.0
220
0.0
230
-1.0
 40
0.91849852251193
 41
0.0
 42
6.283185307179586
  0
ELLIPSE
  5
7E8
330
2
100
AcDbEntity
  8
HALFEN
100
AcDbEllipse
 10
2029.453700000002
 20
1057.405155797915
 30
0.0
 11
2.740614999999933
 21
0.0
 31
0.0
210
0.0
220
0.0
230
1.0
 40
0.91849852251193
 41
0.0
 42
6.283185307179586
  0
LINE
  5
7E9
330
2
100
AcDbEntity
  8
HALFEN
100
AcDbLine
 10
2027.610470000002
 20
1096.064806626189
 30
0.0
 11
2032.194300000002
 21
1151.39050662619
 31
0.0
  0
LINE
  5
7EA
330
2
100
AcDbEntity
  8
HALFEN
100
AcDbLine
 10
2026.713090000002
 20
1151.844606626189
 30
0.0
 11
2032.194310000002
 21
1151.39050662619
 31
0.0
  0
ARC
  5
7EB
330
2
100
AcDbEntity
  8
HALFEN
100
AcDbCircle
 10
2162.163400000002
 20
978.0853814939556
 30
0.0
 40
78.72472347568647
100
AcDbArc
 50
77.31270616762063
 51
102.6872938323794
  0
ARC
  5
7EC
330
2
100
AcDbEntity
  8
HALFEN
100
AcDbCircle
 10
2162.163400000002
 20
983.119883150503
 30
0.0
 40
78.72472347568647
100
AcDbArc
 50
77.31270616762063
 51
102.6872938323794
  0
ARC
  5
7ED
330
2
100
AcDbEntity
  8
HALFEN
100
AcDbCircle
 10
2162.163400000002
 20
1065.655930101876
 30
0.0
 40
78.72472347568647
100
AcDbArc
 50
257.3127061676206
 51
282.6872938323794
  0
ARC
  5
7EE
330
2
100
AcDbEntity
  8
HALFEN
100
AcDbCircle
 10
2162.163400000002
 20
1070.690431758424
 30
0.0
 40
78.72472347568647
100
AcDbArc
 50
257.3127061676206
 51
282.6872938323794
  0
ARC
  5
7EF
330
2
100
AcDbEntity
  8
HALFEN
100
AcDbCircle
 10
2162.163400000002
 20
1097.344606626189
 30
0.0
 40
15.5
100
AcDbArc
 50
184.7362000000058
 51
355.2637999999942
  0
LINE
  5
7F0
330
2
100
AcDbEntity
  8
HALFEN
100
AcDbLine
 10
2172.129260000002
 20
1096.518906626189
 30
0.0
 11
2176.713090000002
 21
1151.844606626189
 31
0.0
  0
ELLIPSE
  5
7F1
330
2
100
AcDbEntity
  8
HALFEN
100
AcDbEllipse
 10
2144.873100000003
 20
991.370657454464
 30
0.0
 11
2.740614999999933
 21
0.0
 31
0.0
210
0.0
220
0.0
230
-1.0
 40
0.91849852251193
 41
0.0
 42
6.283185307179586
  0
ELLIPSE
  5
7F2
330
2
100
AcDbEntity
  8
HALFEN
100
AcDbEllipse
 10
2144.873100000003
 20
1057.405155797915
 30
0.0
 11
2.740614999999933
 21
0.0
 31
0.0
210
0.0
220
0.0
230
1.0
 40
0.91849852251193
 41
0.0
 42
6.283185307179586
  0
LINE
  5
7F3
330
2
100
AcDbEntity
  8
HALFEN
100
AcDbLine
 10
2146.716330000002
 20
1096.064806626189
 30
0.0
 11
2142.132500000002
 21
1151.39050662619
 31
0.0
  0
LINE
  5
7F4
330
2
100
AcDbEntity
  8
HALFEN
100
AcDbLine
 10
2152.197540000002
 20
1096.518906626189
 30
0.0
 11
2147.613720000002
 21
1151.844606626189
 31
0.0
  0
ARC
  5
7F5
330
2
100
AcDbEntity
  8
HALFEN
100
AcDbCircle
 10
2162.163400000002
 20
1097.344606626189
 30
0.0
 40
10.0
100
AcDbArc
 50
184.7362000000058
 51
355.2637999999942
  0
LINE
  5
7F6
330
2
100
AcDbEntity
  8
HALFEN
100
AcDbLine
 10
2147.613710000003
 20
1151.844606626189
 30
0.0
 11
2142.132490000002
 21
1151.39050662619
 31
0.0
  0
LINE
  5
7F7
330
2
100
AcDbEntity
  8
HALFEN
100
AcDbLine
 10
2175.304610000002
 20
1134.844606626189
 30
0.0
 11
2149.022200000002
 21
1134.844606626189
 31
0.0
  0
ELLIPSE
  5
7F8
330
2
100
AcDbEntity
  8
HALFEN
100
AcDbEllipse
 10
2179.453700000002
 20
991.370657454464
 30
0.0
 11
2.740614999999933
 21
0.0
 31
0.0
210
0.0
220
0.0
230
-1.0
 40
0.91849852251193
 41
0.0
 42
6.283185307179586
  0
ELLIPSE
  5
7F9
330
2
100
AcDbEntity
  8
HALFEN
100
AcDbEllipse
 10
2179.453700000002
 20
1057.405155797915
 30
0.0
 11
2.740614999999933
 21
0.0
 31
0.0
210
0.0
220
0.0
230
1.0
 40
0.91849852251193
 41
0.0
 42
6.283185307179586
  0
LINE
  5
7FA
330
2
100
AcDbEntity
  8
HALFEN
100
AcDbLine
 10
2177.610470000002
 20
1096.064806626189
 30
0.0
 11
2182.194300000002
 21
1151.39050662619
 31
0.0
  0
LINE
  5
7FB
330
2
100
AcDbEntity
  8
HALFEN
100
AcDbLine
 10
2176.713090000002
 20
1151.844606626189
 30
0.0
 11
2182.194310000002
 21
1151.39050662619
 31
0.0
  0
ARC
  5
7FC
330
2
100
AcDbEntity
  8
HALFEN
100
AcDbCircle
 10
2312.163400000002
 20
978.0853814939556
 30
0.0
 40
78.72472347568647
100
AcDbArc
 50
77.31270616762063
 51
102.6872938323794
  0
ARC
  5
7FD
330
2
100
AcDbEntity
  8
HALFEN
100
AcDbCircle
 10
2312.163400000002
 20
983.119883150503
 30
0.0
 40
78.72472347568647
100
AcDbArc
 50
77.31270616762063
 51
102.6872938323794
  0
ARC
  5
7FE
330
2
100
AcDbEntity
  8
HALFEN
100
AcDbCircle
 10
2312.163400000002
 20
1065.655930101876
 30
0.0
 40
78.72472347568647
100
AcDbArc
 50
257.3127061676206
 51
282.6872938323794
  0
ARC
  5
7FF
330
2
100
AcDbEntity
  8
HALFEN
100
AcDbCircle
 10
2312.163400000002
 20
1070.690431758424
 30
0.0
 40
78.72472347568647
100
AcDbArc
 50
257.3127061676206
 51
282.6872938323794
  0
ARC
  5
800
330
2
100
AcDbEntity
  8
HALFEN
100
AcDbCircle
 10
2312.163400000002
 20
1097.344606626189
 30
0.0
 40
15.5
100
AcDbArc
 50
184.7362000000058
 51
355.2637999999942
  0
LINE
  5
801
330
2
100
AcDbEntity
  8
HALFEN
100
AcDbLine
 10
2322.129260000002
 20
1096.518906626189
 30
0.0
 11
2326.713090000002
 21
1151.844606626189
 31
0.0
  0
ELLIPSE
  5
802
330
2
100
AcDbEntity
  8
HALFEN
100
AcDbEllipse
 10
2294.873100000003
 20
991.370657454464
 30
0.0
 11
2.740614999999933
 21
0.0
 31
0.0
210
0.0
220
0.0
230
-1.0
 40
0.91849852251193
 41
0.0
 42
6.283185307179586
  0
ELLIPSE
  5
803
330
2
100
AcDbEntity
  8
HALFEN
100
AcDbEllipse
 10
2294.873100000003
 20
1057.405155797915
 30
0.0
 11
2.740614999999933
 21
0.0
 31
0.0
210
0.0
220
0.0
230
1.0
 40
0.91849852251193
 41
0.0
 42
6.283185307179586
  0
LINE
  5
804
330
2
100
AcDbEntity
  8
HALFEN
100
AcDbLine
 10
2296.716330000002
 20
1096.064806626189
 30
0.0
 11
2292.132500000002
 21
1151.39050662619
 31
0.0
  0
LINE
  5
805
330
2
100
AcDbEntity
  8
HALFEN
100
AcDbLine
 10
2302.197540000002
 20
1096.518906626189
 30
0.0
 11
2297.613720000002
 21
1151.844606626189
 31
0.0
  0
ARC
  5
806
330
2
100
AcDbEntity
  8
HALFEN
100
AcDbCircle
 10
2312.163400000002
 20
1097.344606626189
 30
0.0
 40
10.0
100
AcDbArc
 50
184.7362000000058
 51
355.2637999999942
  0
LINE
  5
807
330
2
100
AcDbEntity
  8
HALFEN
100
AcDbLine
 10
2297.613710000002
 20
1151.844606626189
 30
0.0
 11
2292.132490000002
 21
1151.39050662619
 31
0.0
  0
LINE
  5
808
330
2
100
AcDbEntity
  8
HALFEN
100
AcDbLine
 10
2325.304610000002
 20
1134.844606626189
 30
0.0
 11
2299.022200000002
 21
1134.844606626189
 31
0.0
  0
ELLIPSE
  5
809
330
2
100
AcDbEntity
  8
HALFEN
100
AcDbEllipse
 10
2329.453700000002
 20
991.370657454464
 30
0.0
 11
2.740614999999933
 21
0.0
 31
0.0
210
0.0
220
0.0
230
-1.0
 40
0.91849852251193
 41
0.0
 42
6.283185307179586
  0
ELLIPSE
  5
80A
330
2
100
AcDbEntity
  8
HALFEN
100
AcDbEllipse
 10
2329.453700000002
 20
1057.405155797915
 30
0.0
 11
2.740614999999933
 21
0.0
 31
0.0
210
0.0
220
0.0
230
1.0
 40
0.91849852251193
 41
0.0
 42
6.283185307179586
  0
LINE
  5
80B
330
2
100
AcDbEntity
  8
HALFEN
100
AcDbLine
 10
2327.610470000002
 20
1096.064806626189
 30
0.0
 11
2332.194300000002
 21
1151.39050662619
 31
0.0
  0
LINE
  5
80C
330
2
100
AcDbEntity
  8
HALFEN
100
AcDbLine
 10
2326.713090000002
 20
1151.844606626189
 30
0.0
 11
2332.194310000001
 21
1151.39050662619
 31
0.0
  0
ARC
  5
80D
330
2
100
AcDbEntity
  8
HALFEN
100
AcDbCircle
 10
2462.163400000002
 20
978.0853814939556
 30
0.0
 40
78.72472347568647
100
AcDbArc
 50
77.31270616762063
 51
102.6872938323794
  0
ARC
  5
80E
330
2
100
AcDbEntity
  8
HALFEN
100
AcDbCircle
 10
2462.163400000002
 20
983.119883150503
 30
0.0
 40
78.72472347568647
100
AcDbArc
 50
77.31270616762063
 51
102.6872938323794
  0
ARC
  5
80F
330
2
100
AcDbEntity
  8
HALFEN
100
AcDbCircle
 10
2462.163400000002
 20
1065.655930101876
 30
0.0
 40
78.72472347568647
100
AcDbArc
 50
257.3127061676206
 51
282.6872938323794
  0
ARC
  5
810
330
2
100
AcDbEntity
  8
HALFEN
100
AcDbCircle
 10
2462.163400000002
 20
1070.690431758424
 30
0.0
 40
78.72472347568647
100
AcDbArc
 50
257.3127061676206
 51
282.6872938323794
  0
ARC
  5
811
330
2
100
AcDbEntity
  8
HALFEN
100
AcDbCircle
 10
2462.163400000002
 20
1097.344606626189
 30
0.0
 40
15.5
100
AcDbArc
 50
184.7362000000058
 51
355.2637999999942
  0
LINE
  5
812
330
2
100
AcDbEntity
  8
HALFEN
100
AcDbLine
 10
2472.129260000003
 20
1096.518906626189
 30
0.0
 11
2476.713090000002
 21
1151.844606626189
 31
0.0
  0
ELLIPSE
  5
813
330
2
100
AcDbEntity
  8
HALFEN
100
AcDbEllipse
 10
2444.873100000003
 20
991.370657454464
 30
0.0
 11
2.740614999999933
 21
0.0
 31
0.0
210
0.0
220
0.0
230
-1.0
 40
0.91849852251193
 41
0.0
 42
6.283185307179586
  0
ELLIPSE
  5
814
330
2
100
AcDbEntity
  8
HALFEN
100
AcDbEllipse
 10
2444.873100000003
 20
1057.405155797915
 30
0.0
 11
2.740614999999933
 21
0.0
 31
0.0
210
0.0
220
0.0
230
1.0
 40
0.91849852251193
 41
0.0
 42
6.283185307179586
  0
LINE
  5
815
330
2
100
AcDbEntity
  8
HALFEN
100
AcDbLine
 10
2446.716330000002
 20
1096.064806626189
 30
0.0
 11
2442.132500000003
 21
1151.39050662619
 31
0.0
  0
LINE
  5
816
330
2
100
AcDbEntity
  8
HALFEN
100
AcDbLine
 10
2452.197540000002
 20
1096.518906626189
 30
0.0
 11
2447.613720000002
 21
1151.844606626189
 31
0.0
  0
ARC
  5
817
330
2
100
AcDbEntity
  8
HALFEN
100
AcDbCircle
 10
2462.163400000002
 20
1097.344606626189
 30
0.0
 40
10.0
100
AcDbArc
 50
184.7362000000058
 51
355.2637999999942
  0
LINE
  5
818
330
2
100
AcDbEntity
  8
HALFEN
100
AcDbLine
 10
2447.613710000002
 20
1151.844606626189
 30
0.0
 11
2442.132490000002
 21
1151.39050662619
 31
0.0
  0
LINE
  5
819
330
2
100
AcDbEntity
  8
HALFEN
100
AcDbLine
 10
2475.304610000002
 20
1134.844606626189
 30
0.0
 11
2449.022200000002
 21
1134.844606626189
 31
0.0
  0
ELLIPSE
  5
81A
330
2
100
AcDbEntity
  8
HALFEN
100
AcDbEllipse
 10
2479.453700000002
 20
991.370657454464
 30
0.0
 11
2.740614999999933
 21
0.0
 31
0.0
210
0.0
220
0.0
230
-1.0
 40
0.91849852251193
 41
0.0
 42
6.283185307179586
  0
ELLIPSE
  5
81B
330
2
100
AcDbEntity
  8
HALFEN
100
AcDbEllipse
 10
2479.453700000002
 20
1057.405155797915
 30
0.0
 11
2.740614999999933
 21
0.0
 31
0.0
210
0.0
220
0.0
230
1.0
 40
0.91849852251193
 41
0.0
 42
6.283185307179586
  0
LINE
  5
81C
330
2
100
AcDbEntity
  8
HALFEN
100
AcDbLine
 10
2477.610470000002
 20
1096.064806626189
 30
0.0
 11
2482.194300000002
 21
1151.39050662619
 31
0.0
  0
LINE
  5
81D
330
2
100
AcDbEntity
  8
HALFEN
100
AcDbLine
 10
2476.713090000002
 20
1151.844606626189
 30
0.0
 11
2482.194310000002
 21
1151.39050662619
 31
0.0
  0
ARC
  5
81E
330
2
100
AcDbEntity
  8
HALFEN
100
AcDbCircle
 10
2612.163400000002
 20
978.0853814939556
 30
0.0
 40
78.72472347568647
100
AcDbArc
 50
77.31270616762063
 51
102.6872938323794
  0
ARC
  5
81F
330
2
100
AcDbEntity
  8
HALFEN
100
AcDbCircle
 10
2612.163400000002
 20
983.119883150503
 30
0.0
 40
78.72472347568647
100
AcDbArc
 50
77.31270616762063
 51
102.6872938323794
  0
ARC
  5
820
330
2
100
AcDbEntity
  8
HALFEN
100
AcDbCircle
 10
2612.163400000002
 20
1065.655930101876
 30
0.0
 40
78.72472347568647
100
AcDbArc
 50
257.3127061676206
 51
282.6872938323794
  0
ARC
  5
821
330
2
100
AcDbEntity
  8
HALFEN
100
AcDbCircle
 10
2612.163400000002
 20
1070.690431758424
 30
0.0
 40
78.72472347568647
100
AcDbArc
 50
257.3127061676206
 51
282.6872938323794
  0
ARC
  5
822
330
2
100
AcDbEntity
  8
HALFEN
100
AcDbCircle
 10
2612.163400000002
 20
1097.344606626189
 30
0.0
 40
15.5
100
AcDbArc
 50
184.7362000000058
 51
355.2637999999942
  0
LINE
  5
823
330
2
100
AcDbEntity
  8
HALFEN
100
AcDbLine
 10
2622.129260000003
 20
1096.518906626189
 30
0.0
 11
2626.713090000002
 21
1151.844606626189
 31
0.0
  0
ELLIPSE
  5
824
330
2
100
AcDbEntity
  8
HALFEN
100
AcDbEllipse
 10
2594.873100000003
 20
991.370657454464
 30
0.0
 11
2.740614999999933
 21
0.0
 31
0.0
210
0.0
220
0.0
230
-1.0
 40
0.91849852251193
 41
0.0
 42
6.283185307179586
  0
ELLIPSE
  5
825
330
2
100
AcDbEntity
  8
HALFEN
100
AcDbEllipse
 10
2594.873100000003
 20
1057.405155797915
 30
0.0
 11
2.740614999999933
 21
0.0
 31
0.0
210
0.0
220
0.0
230
1.0
 40
0.91849852251193
 41
0.0
 42
6.283185307179586
  0
LINE
  5
826
330
2
100
AcDbEntity
  8
HALFEN
100
AcDbLine
 10
2596.716330000002
 20
1096.064806626189
 30
0.0
 11
2592.132500000003
 21
1151.39050662619
 31
0.0
  0
LINE
  5
827
330
2
100
AcDbEntity
  8
HALFEN
100
AcDbLine
 10
2602.197540000002
 20
1096.518906626189
 30
0.0
 11
2597.613720000002
 21
1151.844606626189
 31
0.0
  0
ARC
  5
828
330
2
100
AcDbEntity
  8
HALFEN
100
AcDbCircle
 10
2612.163400000002
 20
1097.344606626189
 30
0.0
 40
10.0
100
AcDbArc
 50
184.7362000000058
 51
355.2637999999942
  0
LINE
  5
829
330
2
100
AcDbEntity
  8
HALFEN
100
AcDbLine
 10
2597.613710000003
 20
1151.844606626189
 30
0.0
 11
2592.132490000002
 21
1151.39050662619
 31
0.0
  0
LINE
  5
82A
330
2
100
AcDbEntity
  8
HALFEN
100
AcDbLine
 10
2625.304610000002
 20
1134.844606626189
 30
0.0
 11
2599.022200000002
 21
1134.844606626189
 31
0.0
  0
ELLIPSE
  5
82B
330
2
100
AcDbEntity
  8
HALFEN
100
AcDbEllipse
 10
2629.453700000002
 20
991.370657454464
 30
0.0
 11
2.740614999999933
 21
0.0
 31
0.0
210
0.0
220
0.0
230
-1.0
 40
0.91849852251193
 41
0.0
 42
6.283185307179586
  0
ELLIPSE
  5
82C
330
2
100
AcDbEntity
  8
HALFEN
100
AcDbEllipse
 10
2629.453700000002
 20
1057.405155797915
 30
0.0
 11
2.740614999999933
 21
0.0
 31
0.0
210
0.0
220
0.0
230
1.0
 40
0.91849852251193
 41
0.0
 42
6.283185307179586
  0
LINE
  5
82D
330
2
100
AcDbEntity
  8
HALFEN
100
AcDbLine
 10
2627.610470000002
 20
1096.064806626189
 30
0.0
 11
2632.194300000002
 21
1151.39050662619
 31
0.0
  0
LINE
  5
82E
330
2
100
AcDbEntity
  8
HALFEN
100
AcDbLine
 10
2626.713090000002
 20
1151.844606626189
 30
0.0
 11
2632.194310000002
 21
1151.39050662619
 31
0.0
  0
ARC
  5
82F
330
2
100
AcDbEntity
  8
HALFEN
100
AcDbCircle
 10
2762.163400000002
 20
978.0853814939556
 30
0.0
 40
78.72472347568647
100
AcDbArc
 50
77.31270616762063
 51
102.6872938323794
  0
ARC
  5
830
330
2
100
AcDbEntity
  8
HALFEN
100
AcDbCircle
 10
2762.163400000002
 20
983.119883150503
 30
0.0
 40
78.72472347568647
100
AcDbArc
 50
77.31270616762063
 51
102.6872938323794
  0
ARC
  5
831
330
2
100
AcDbEntity
  8
HALFEN
100
AcDbCircle
 10
2762.163400000002
 20
1065.655930101876
 30
0.0
 40
78.72472347568647
100
AcDbArc
 50
257.3127061676206
 51
282.6872938323794
  0
ARC
  5
832
330
2
100
AcDbEntity
  8
HALFEN
100
AcDbCircle
 10
2762.163400000002
 20
1070.690431758424
 30
0.0
 40
78.72472347568647
100
AcDbArc
 50
257.3127061676206
 51
282.6872938323794
  0
ARC
  5
833
330
2
100
AcDbEntity
  8
HALFEN
100
AcDbCircle
 10
2762.163400000002
 20
1097.344606626189
 30
0.0
 40
15.5
100
AcDbArc
 50
184.7362000000058
 51
355.2637999999942
  0
LINE
  5
834
330
2
100
AcDbEntity
  8
HALFEN
100
AcDbLine
 10
2772.129260000003
 20
1096.518906626189
 30
0.0
 11
2776.713090000002
 21
1151.844606626189
 31
0.0
  0
ELLIPSE
  5
835
330
2
100
AcDbEntity
  8
HALFEN
100
AcDbEllipse
 10
2744.873100000003
 20
991.370657454464
 30
0.0
 11
2.740614999999933
 21
0.0
 31
0.0
210
0.0
220
0.0
230
-1.0
 40
0.91849852251193
 41
0.0
 42
6.283185307179586
  0
ELLIPSE
  5
836
330
2
100
AcDbEntity
  8
HALFEN
100
AcDbEllipse
 10
2744.873100000003
 20
1057.405155797915
 30
0.0
 11
2.740614999999933
 21
0.0
 31
0.0
210
0.0
220
0.0
230
1.0
 40
0.91849852251193
 41
0.0
 42
6.283185307179586
  0
LINE
  5
837
330
2
100
AcDbEntity
  8
HALFEN
100
AcDbLine
 10
2746.716330000002
 20
1096.064806626189
 30
0.0
 11
2742.132500000002
 21
1151.39050662619
 31
0.0
  0
LINE
  5
838
330
2
100
AcDbEntity
  8
HALFEN
100
AcDbLine
 10
2752.197540000002
 20
1096.518906626189
 30
0.0
 11
2747.613720000002
 21
1151.844606626189
 31
0.0
  0
ARC
  5
839
330
2
100
AcDbEntity
  8
HALFEN
100
AcDbCircle
 10
2762.163400000002
 20
1097.344606626189
 30
0.0
 40
10.0
100
AcDbArc
 50
184.7362000000058
 51
355.2637999999942
  0
LINE
  5
83A
330
2
100
AcDbEntity
  8
HALFEN
100
AcDbLine
 10
2747.613710000003
 20
1151.844606626189
 30
0.0
 11
2742.132490000002
 21
1151.39050662619
 31
0.0
  0
LINE
  5
83B
330
2
100
AcDbEntity
  8
HALFEN
100
AcDbLine
 10
2775.304610000002
 20
1134.844606626189
 30
0.0
 11
2749.022200000002
 21
1134.844606626189
 31
0.0
  0
ELLIPSE
  5
83C
330
2
100
AcDbEntity
  8
HALFEN
100
AcDbEllipse
 10
2779.453700000002
 20
991.370657454464
 30
0.0
 11
2.740614999999933
 21
0.0
 31
0.0
210
0.0
220
0.0
230
-1.0
 40
0.91849852251193
 41
0.0
 42
6.283185307179586
  0
ELLIPSE
  5
83D
330
2
100
AcDbEntity
  8
HALFEN
100
AcDbEllipse
 10
2779.453700000002
 20
1057.405155797915
 30
0.0
 11
2.740614999999933
 21
0.0
 31
0.0
210
0.0
220
0.0
230
1.0
 40
0.91849852251193
 41
0.0
 42
6.283185307179586
  0
LINE
  5
83E
330
2
100
AcDbEntity
  8
HALFEN
100
AcDbLine
 10
2777.610470000003
 20
1096.064806626189
 30
0.0
 11
2782.194300000002
 21
1151.39050662619
 31
0.0
  0
LINE
  5
83F
330
2
100
AcDbEntity
  8
HALFEN
100
AcDbLine
 10
2776.713090000002
 20
1151.844606626189
 30
0.0
 11
2782.194310000002
 21
1151.39050662619
 31
0.0
  0
ARC
  5
840
330
2
100
AcDbEntity
  8
HALFEN
100
AcDbCircle
 10
2912.163400000002
 20
978.0853814939556
 30
0.0
 40
78.72472347568647
100
AcDbArc
 50
77.31270616762063
 51
102.6872938323794
  0
ARC
  5
841
330
2
100
AcDbEntity
  8
HALFEN
100
AcDbCircle
 10
2912.163400000002
 20
983.119883150503
 30
0.0
 40
78.72472347568647
100
AcDbArc
 50
77.31270616762063
 51
102.6872938323794
  0
ARC
  5
842
330
2
100
AcDbEntity
  8
HALFEN
100
AcDbCircle
 10
2912.163400000002
 20
1065.655930101876
 30
0.0
 40
78.72472347568647
100
AcDbArc
 50
257.3127061676206
 51
282.6872938323794
  0
ARC
  5
843
330
2
100
AcDbEntity
  8
HALFEN
100
AcDbCircle
 10
2912.163400000002
 20
1070.690431758424
 30
0.0
 40
78.72472347568647
100
AcDbArc
 50
257.3127061676206
 51
282.6872938323794
  0
ARC
  5
844
330
2
100
AcDbEntity
  8
HALFEN
100
AcDbCircle
 10
2912.163400000002
 20
1097.344606626189
 30
0.0
 40
15.5
100
AcDbArc
 50
184.7362000000058
 51
355.2637999999942
  0
LINE
  5
845
330
2
100
AcDbEntity
  8
HALFEN
100
AcDbLine
 10
2922.129260000003
 20
1096.518906626189
 30
0.0
 11
2926.713090000002
 21
1151.844606626189
 31
0.0
  0
ELLIPSE
  5
846
330
2
100
AcDbEntity
  8
HALFEN
100
AcDbEllipse
 10
2894.873100000003
 20
991.370657454464
 30
0.0
 11
2.740614999999933
 21
0.0
 31
0.0
210
0.0
220
0.0
230
-1.0
 40
0.91849852251193
 41
0.0
 42
6.283185307179586
  0
ELLIPSE
  5
847
330
2
100
AcDbEntity
  8
HALFEN
100
AcDbEllipse
 10
2894.873100000003
 20
1057.405155797915
 30
0.0
 11
2.740614999999933
 21
0.0
 31
0.0
210
0.0
220
0.0
230
1.0
 40
0.91849852251193
 41
0.0
 42
6.283185307179586
  0
LINE
  5
848
330
2
100
AcDbEntity
  8
HALFEN
100
AcDbLine
 10
2896.716330000002
 20
1096.064806626189
 30
0.0
 11
2892.132500000002
 21
1151.39050662619
 31
0.0
  0
LINE
  5
849
330
2
100
AcDbEntity
  8
HALFEN
100
AcDbLine
 10
2902.197540000002
 20
1096.518906626189
 30
0.0
 11
2897.613720000002
 21
1151.844606626189
 31
0.0
  0
ARC
  5
84A
330
2
100
AcDbEntity
  8
HALFEN
100
AcDbCircle
 10
2912.163400000002
 20
1097.344606626189
 30
0.0
 40
10.0
100
AcDbArc
 50
184.7362000000058
 51
355.2637999999942
  0
LINE
  5
84B
330
2
100
AcDbEntity
  8
HALFEN
100
AcDbLine
 10
2897.613710000003
 20
1151.844606626189
 30
0.0
 11
2892.132490000002
 21
1151.39050662619
 31
0.0
  0
LINE
  5
84C
330
2
100
AcDbEntity
  8
HALFEN
100
AcDbLine
 10
2925.304610000002
 20
1134.844606626189
 30
0.0
 11
2899.022200000002
 21
1134.844606626189
 31
0.0
  0
ELLIPSE
  5
84D
330
2
100
AcDbEntity
  8
HALFEN
100
AcDbEllipse
 10
2929.453700000002
 20
991.370657454464
 30
0.0
 11
2.740614999999933
 21
0.0
 31
0.0
210
0.0
220
0.0
230
-1.0
 40
0.91849852251193
 41
0.0
 42
6.283185307179586
  0
ELLIPSE
  5
84E
330
2
100
AcDbEntity
  8
HALFEN
100
AcDbEllipse
 10
2929.453700000002
 20
1057.405155797915
 30
0.0
 11
2.740614999999933
 21
0.0
 31
0.0
210
0.0
220
0.0
230
1.0
 40
0.91849852251193
 41
0.0
 42
6.283185307179586
  0
LINE
  5
84F
330
2
100
AcDbEntity
  8
HALFEN
100
AcDbLine
 10
2927.610470000002
 20
1096.064806626189
 30
0.0
 11
2932.194300000002
 21
1151.39050662619
 31
0.0
  0
LINE
  5
850
330
2
100
AcDbEntity
  8
HALFEN
100
AcDbLine
 10
2926.713090000002
 20
1151.844606626189
 30
0.0
 11
2932.194310000001
 21
1151.39050662619
 31
0.0
  0
ARC
  5
851
330
2
100
AcDbEntity
  8
HALFEN
100
AcDbCircle
 10
3062.163400000002
 20
978.0853814939556
 30
0.0
 40
78.72472347568647
100
AcDbArc
 50
77.31270616762063
 51
102.6872938323794
  0
ARC
  5
852
330
2
100
AcDbEntity
  8
HALFEN
100
AcDbCircle
 10
3062.163400000002
 20
983.119883150503
 30
0.0
 40
78.72472347568647
100
AcDbArc
 50
77.31270616762063
 51
102.6872938323794
  0
ARC
  5
853
330
2
100
AcDbEntity
  8
HALFEN
100
AcDbCircle
 10
3062.163400000002
 20
1065.655930101876
 30
0.0
 40
78.72472347568647
100
AcDbArc
 50
257.3127061676206
 51
282.6872938323794
  0
ARC
  5
854
330
2
100
AcDbEntity
  8
HALFEN
100
AcDbCircle
 10
3062.163400000002
 20
1070.690431758424
 30
0.0
 40
78.72472347568647
100
AcDbArc
 50
257.3127061676206
 51
282.6872938323794
  0
ARC
  5
855
330
2
100
AcDbEntity
  8
HALFEN
100
AcDbCircle
 10
3062.163400000002
 20
1097.344606626189
 30
0.0
 40
15.5
100
AcDbArc
 50
184.7362000000058
 51
355.2637999999942
  0
LINE
  5
856
330
2
100
AcDbEntity
  8
HALFEN
100
AcDbLine
 10
3072.129260000003
 20
1096.518906626189
 30
0.0
 11
3076.713090000002
 21
1151.844606626189
 31
0.0
  0
ELLIPSE
  5
857
330
2
100
AcDbEntity
  8
HALFEN
100
AcDbEllipse
 10
3044.873100000003
 20
991.370657454464
 30
0.0
 11
2.740614999999933
 21
0.0
 31
0.0
210
0.0
220
0.0
230
-1.0
 40
0.91849852251193
 41
0.0
 42
6.283185307179586
  0
ELLIPSE
  5
858
330
2
100
AcDbEntity
  8
HALFEN
100
AcDbEllipse
 10
3044.873100000003
 20
1057.405155797915
 30
0.0
 11
2.740614999999933
 21
0.0
 31
0.0
210
0.0
220
0.0
230
1.0
 40
0.91849852251193
 41
0.0
 42
6.283185307179586
  0
LINE
  5
859
330
2
100
AcDbEntity
  8
HALFEN
100
AcDbLine
 10
3046.716330000002
 20
1096.064806626189
 30
0.0
 11
3042.132500000003
 21
1151.39050662619
 31
0.0
  0
LINE
  5
85A
330
2
100
AcDbEntity
  8
HALFEN
100
AcDbLine
 10
3052.197540000002
 20
1096.518906626189
 30
0.0
 11
3047.613720000002
 21
1151.844606626189
 31
0.0
  0
ARC
  5
85B
330
2
100
AcDbEntity
  8
HALFEN
100
AcDbCircle
 10
3062.163400000002
 20
1097.344606626189
 30
0.0
 40
10.0
100
AcDbArc
 50
184.7362000000058
 51
355.2637999999942
  0
LINE
  5
85C
330
2
100
AcDbEntity
  8
HALFEN
100
AcDbLine
 10
3047.613710000002
 20
1151.844606626189
 30
0.0
 11
3042.132490000002
 21
1151.39050662619
 31
0.0
  0
LINE
  5
85D
330
2
100
AcDbEntity
  8
HALFEN
100
AcDbLine
 10
3075.304610000002
 20
1134.844606626189
 30
0.0
 11
3049.022200000002
 21
1134.844606626189
 31
0.0
  0
ELLIPSE
  5
85E
330
2
100
AcDbEntity
  8
HALFEN
100
AcDbEllipse
 10
3079.453700000002
 20
991.370657454464
 30
0.0
 11
2.740614999999933
 21
0.0
 31
0.0
210
0.0
220
0.0
230
-1.0
 40
0.91849852251193
 41
0.0
 42
6.283185307179586
  0
ELLIPSE
  5
85F
330
2
100
AcDbEntity
  8
HALFEN
100
AcDbEllipse
 10
3079.453700000002
 20
1057.405155797915
 30
0.0
 11
2.740614999999933
 21
0.0
 31
0.0
210
0.0
220
0.0
230
1.0
 40
0.91849852251193
 41
0.0
 42
6.283185307179586
  0
LINE
  5
860
330
2
100
AcDbEntity
  8
HALFEN
100
AcDbLine
 10
3077.610470000002
 20
1096.064806626189
 30
0.0
 11
3082.194300000002
 21
1151.39050662619
 31
0.0
  0
LINE
  5
861
330
2
100
AcDbEntity
  8
HALFEN
100
AcDbLine
 10
3076.713090000002
 20
1151.844606626189
 30
0.0
 11
3082.194310000002
 21
1151.39050662619
 31
0.0
  0
ARC
  5
862
330
2
100
AcDbEntity
  8
HALFEN
100
AcDbCircle
 10
3212.163400000002
 20
978.0853814939556
 30
0.0
 40
78.72472347568647
100
AcDbArc
 50
77.31270616762063
 51
102.6872938323794
  0
ARC
  5
863
330
2
100
AcDbEntity
  8
HALFEN
100
AcDbCircle
 10
3212.163400000002
 20
983.119883150503
 30
0.0
 40
78.72472347568647
100
AcDbArc
 50
77.31270616762063
 51
102.6872938323794
  0
ARC
  5
864
330
2
100
AcDbEntity
  8
HALFEN
100
AcDbCircle
 10
3212.163400000002
 20
1065.655930101876
 30
0.0
 40
78.72472347568647
100
AcDbArc
 50
257.3127061676206
 51
282.6872938323794
  0
ARC
  5
865
330
2
100
AcDbEntity
  8
HALFEN
100
AcDbCircle
 10
3212.163400000002
 20
1070.690431758424
 30
0.0
 40
78.72472347568647
100
AcDbArc
 50
257.3127061676206
 51
282.6872938323794
  0
ARC
  5
866
330
2
100
AcDbEntity
  8
HALFEN
100
AcDbCircle
 10
3212.163400000002
 20
1097.344606626189
 30
0.0
 40
15.5
100
AcDbArc
 50
184.7362000000058
 51
355.2637999999942
  0
LINE
  5
867
330
2
100
AcDbEntity
  8
HALFEN
100
AcDbLine
 10
3222.129260000003
 20
1096.518906626189
 30
0.0
 11
3226.713090000002
 21
1151.844606626189
 31
0.0
  0
ELLIPSE
  5
868
330
2
100
AcDbEntity
  8
HALFEN
100
AcDbEllipse
 10
3194.873100000003
 20
991.370657454464
 30
0.0
 11
2.740614999999933
 21
0.0
 31
0.0
210
0.0
220
0.0
230
-1.0
 40
0.91849852251193
 41
0.0
 42
6.283185307179586
  0
ELLIPSE
  5
869
330
2
100
AcDbEntity
  8
HALFEN
100
AcDbEllipse
 10
3194.873100000003
 20
1057.405155797915
 30
0.0
 11
2.740614999999933
 21
0.0
 31
0.0
210
0.0
220
0.0
230
1.0
 40
0.91849852251193
 41
0.0
 42
6.283185307179586
  0
LINE
  5
86A
330
2
100
AcDbEntity
  8
HALFEN
100
AcDbLine
 10
3196.716330000002
 20
1096.064806626189
 30
0.0
 11
3192.132500000003
 21
1151.39050662619
 31
0.0
  0
LINE
  5
86B
330
2
100
AcDbEntity
  8
HALFEN
100
AcDbLine
 10
3202.197540000002
 20
1096.518906626189
 30
0.0
 11
3197.613720000002
 21
1151.844606626189
 31
0.0
  0
ARC
  5
86C
330
2
100
AcDbEntity
  8
HALFEN
100
AcDbCircle
 10
3212.163400000002
 20
1097.344606626189
 30
0.0
 40
10.0
100
AcDbArc
 50
184.7362000000058
 51
355.2637999999942
  0
LINE
  5
86D
330
2
100
AcDbEntity
  8
HALFEN
100
AcDbLine
 10
3197.613710000002
 20
1151.844606626189
 30
0.0
 11
3192.132490000002
 21
1151.39050662619
 31
0.0
  0
LINE
  5
86E
330
2
100
AcDbEntity
  8
HALFEN
100
AcDbLine
 10
3225.304610000002
 20
1134.844606626189
 30
0.0
 11
3199.022200000002
 21
1134.844606626189
 31
0.0
  0
ELLIPSE
  5
86F
330
2
100
AcDbEntity
  8
HALFEN
100
AcDbEllipse
 10
3229.453700000002
 20
991.370657454464
 30
0.0
 11
2.740614999999933
 21
0.0
 31
0.0
210
0.0
220
0.0
230
-1.0
 40
0.91849852251193
 41
0.0
 42
6.283185307179586
  0
ELLIPSE
  5
870
330
2
100
AcDbEntity
  8
HALFEN
100
AcDbEllipse
 10
3229.453700000002
 20
1057.405155797915
 30
0.0
 11
2.740614999999933
 21
0.0
 31
0.0
210
0.0
220
0.0
230
1.0
 40
0.91849852251193
 41
0.0
 42
6.283185307179586
  0
LINE
  5
871
330
2
100
AcDbEntity
  8
HALFEN
100
AcDbLine
 10
3227.610470000003
 20
1096.064806626189
 30
0.0
 11
3232.194300000002
 21
1151.39050662619
 31
0.0
  0
LINE
  5
872
330
2
100
AcDbEntity
  8
HALFEN
100
AcDbLine
 10
3226.713090000002
 20
1151.844606626189
 30
0.0
 11
3232.194310000002
 21
1151.39050662619
 31
0.0
  0
ARC
  5
873
330
2
100
AcDbEntity
  8
HALFEN
100
AcDbCircle
 10
3362.163400000002
 20
978.0853814939556
 30
0.0
 40
78.72472347568647
100
AcDbArc
 50
77.31270616762063
 51
102.6872938323794
  0
ARC
  5
874
330
2
100
AcDbEntity
  8
HALFEN
100
AcDbCircle
 10
3362.163400000002
 20
983.119883150503
 30
0.0
 40
78.72472347568647
100
AcDbArc
 50
77.31270616762063
 51
102.6872938323794
  0
ARC
  5
875
330
2
100
AcDbEntity
  8
HALFEN
100
AcDbCircle
 10
3362.163400000002
 20
1065.655930101876
 30
0.0
 40
78.72472347568647
100
AcDbArc
 50
257.3127061676206
 51
282.6872938323794
  0
ARC
  5
876
330
2
100
AcDbEntity
  8
HALFEN
100
AcDbCircle
 10
3362.163400000002
 20
1070.690431758424
 30
0.0
 40
78.72472347568647
100
AcDbArc
 50
257.3127061676206
 51
282.6872938323794
  0
ARC
  5
877
330
2
100
AcDbEntity
  8
HALFEN
100
AcDbCircle
 10
3362.163400000002
 20
1097.344606626189
 30
0.0
 40
15.5
100
AcDbArc
 50
184.7362000000058
 51
355.2637999999942
  0
LINE
  5
878
330
2
100
AcDbEntity
  8
HALFEN
100
AcDbLine
 10
3372.129260000003
 20
1096.518906626189
 30
0.0
 11
3376.713090000002
 21
1151.844606626189
 31
0.0
  0
ELLIPSE
  5
879
330
2
100
AcDbEntity
  8
HALFEN
100
AcDbEllipse
 10
3344.873100000003
 20
991.370657454464
 30
0.0
 11
2.740614999999933
 21
0.0
 31
0.0
210
0.0
220
0.0
230
-1.0
 40
0.91849852251193
 41
0.0
 42
6.283185307179586
  0
ELLIPSE
  5
87A
330
2
100
AcDbEntity
  8
HALFEN
100
AcDbEllipse
 10
3344.873100000003
 20
1057.405155797915
 30
0.0
 11
2.740614999999933
 21
0.0
 31
0.0
210
0.0
220
0.0
230
1.0
 40
0.91849852251193
 41
0.0
 42
6.283185307179586
  0
LINE
  5
87B
330
2
100
AcDbEntity
  8
HALFEN
100
AcDbLine
 10
3346.716330000003
 20
1096.064806626189
 30
0.0
 11
3342.132500000003
 21
1151.39050662619
 31
0.0
  0
LINE
  5
87C
330
2
100
AcDbEntity
  8
HALFEN
100
AcDbLine
 10
3352.197540000002
 20
1096.518906626189
 30
0.0
 11
3347.613720000003
 21
1151.844606626189
 31
0.0
  0
ARC
  5
87D
330
2
100
AcDbEntity
  8
HALFEN
100
AcDbCircle
 10
3362.163400000002
 20
1097.344606626189
 30
0.0
 40
10.0
100
AcDbArc
 50
184.7362000000058
 51
355.2637999999942
  0
LINE
  5
87E
330
2
100
AcDbEntity
  8
HALFEN
100
AcDbLine
 10
3347.613710000003
 20
1151.844606626189
 30
0.0
 11
3342.132490000002
 21
1151.39050662619
 31
0.0
  0
LINE
  5
87F
330
2
100
AcDbEntity
  8
HALFEN
100
AcDbLine
 10
3375.304610000002
 20
1134.844606626189
 30
0.0
 11
3349.022200000002
 21
1134.844606626189
 31
0.0
  0
ELLIPSE
  5
880
330
2
100
AcDbEntity
  8
HALFEN
100
AcDbEllipse
 10
3379.453700000002
 20
991.370657454464
 30
0.0
 11
2.740614999999933
 21
0.0
 31
0.0
210
0.0
220
0.0
230
-1.0
 40
0.91849852251193
 41
0.0
 42
6.283185307179586
  0
ELLIPSE
  5
881
330
2
100
AcDbEntity
  8
HALFEN
100
AcDbEllipse
 10
3379.453700000002
 20
1057.405155797915
 30
0.0
 11
2.740614999999933
 21
0.0
 31
0.0
210
0.0
220
0.0
230
1.0
 40
0.91849852251193
 41
0.0
 42
6.283185307179586
  0
LINE
  5
882
330
2
100
AcDbEntity
  8
HALFEN
100
AcDbLine
 10
3377.610470000003
 20
1096.064806626189
 30
0.0
 11
3382.194300000002
 21
1151.39050662619
 31
0.0
  0
LINE
  5
883
330
2
100
AcDbEntity
  8
HALFEN
100
AcDbLine
 10
3376.713090000002
 20
1151.844606626189
 30
0.0
 11
3382.194310000002
 21
1151.39050662619
 31
0.0
  0
ARC
  5
884
330
2
100
AcDbEntity
  8
HALFEN
100
AcDbCircle
 10
3512.163400000002
 20
978.0853814939556
 30
0.0
 40
78.72472347568647
100
AcDbArc
 50
77.31270616762063
 51
102.6872938323794
  0
ARC
  5
885
330
2
100
AcDbEntity
  8
HALFEN
100
AcDbCircle
 10
3512.163400000002
 20
983.119883150503
 30
0.0
 40
78.72472347568647
100
AcDbArc
 50
77.31270616762063
 51
102.6872938323794
  0
ARC
  5
886
330
2
100
AcDbEntity
  8
HALFEN
100
AcDbCircle
 10
3512.163400000002
 20
1065.655930101876
 30
0.0
 40
78.72472347568647
100
AcDbArc
 50
257.3127061676206
 51
282.6872938323794
  0
ARC
  5
887
330
2
100
AcDbEntity
  8
HALFEN
100
AcDbCircle
 10
3512.163400000002
 20
1070.690431758424
 30
0.0
 40
78.72472347568647
100
AcDbArc
 50
257.3127061676206
 51
282.6872938323794
  0
ARC
  5
888
330
2
100
AcDbEntity
  8
HALFEN
100
AcDbCircle
 10
3512.163400000002
 20
1097.344606626189
 30
0.0
 40
15.5
100
AcDbArc
 50
184.7362000000058
 51
355.2637999999942
  0
LINE
  5
889
330
2
100
AcDbEntity
  8
HALFEN
100
AcDbLine
 10
3522.129260000003
 20
1096.518906626189
 30
0.0
 11
3526.713090000002
 21
1151.844606626189
 31
0.0
  0
ELLIPSE
  5
88A
330
2
100
AcDbEntity
  8
HALFEN
100
AcDbEllipse
 10
3494.873100000003
 20
991.370657454464
 30
0.0
 11
2.740614999999933
 21
0.0
 31
0.0
210
0.0
220
0.0
230
-1.0
 40
0.91849852251193
 41
0.0
 42
6.283185307179586
  0
ELLIPSE
  5
88B
330
2
100
AcDbEntity
  8
HALFEN
100
AcDbEllipse
 10
3494.873100000003
 20
1057.405155797915
 30
0.0
 11
2.740614999999933
 21
0.0
 31
0.0
210
0.0
220
0.0
230
1.0
 40
0.91849852251193
 41
0.0
 42
6.283185307179586
  0
LINE
  5
88C
330
2
100
AcDbEntity
  8
HALFEN
100
AcDbLine
 10
3496.716330000003
 20
1096.064806626189
 30
0.0
 11
3492.132500000002
 21
1151.39050662619
 31
0.0
  0
LINE
  5
88D
330
2
100
AcDbEntity
  8
HALFEN
100
AcDbLine
 10
3502.197540000003
 20
1096.518906626189
 30
0.0
 11
3497.613720000003
 21
1151.844606626189
 31
0.0
  0
ARC
  5
88E
330
2
100
AcDbEntity
  8
HALFEN
100
AcDbCircle
 10
3512.163400000002
 20
1097.344606626189
 30
0.0
 40
10.0
100
AcDbArc
 50
184.7362000000058
 51
355.2637999999942
  0
LINE
  5
88F
330
2
100
AcDbEntity
  8
HALFEN
100
AcDbLine
 10
3497.613710000003
 20
1151.844606626189
 30
0.0
 11
3492.132490000002
 21
1151.39050662619
 31
0.0
  0
LINE
  5
890
330
2
100
AcDbEntity
  8
HALFEN
100
AcDbLine
 10
3525.304610000002
 20
1134.844606626189
 30
0.0
 11
3499.022200000002
 21
1134.844606626189
 31
0.0
  0
ELLIPSE
  5
891
330
2
100
AcDbEntity
  8
HALFEN
100
AcDbEllipse
 10
3529.453700000002
 20
991.370657454464
 30
0.0
 11
2.740614999999933
 21
0.0
 31
0.0
210
0.0
220
0.0
230
-1.0
 40
0.91849852251193
 41
0.0
 42
6.283185307179586
  0
ELLIPSE
  5
892
330
2
100
AcDbEntity
  8
HALFEN
100
AcDbEllipse
 10
3529.453700000002
 20
1057.405155797915
 30
0.0
 11
2.740614999999933
 21
0.0
 31
0.0
210
0.0
220
0.0
230
1.0
 40
0.91849852251193
 41
0.0
 42
6.283185307179586
  0
LINE
  5
893
330
2
100
AcDbEntity
  8
HALFEN
100
AcDbLine
 10
3527.610470000003
 20
1096.064806626189
 30
0.0
 11
3532.194300000002
 21
1151.39050662619
 31
0.0
  0
LINE
  5
894
330
2
100
AcDbEntity
  8
HALFEN
100
AcDbLine
 10
3526.713090000002
 20
1151.844606626189
 30
0.0
 11
3532.194310000002
 21
1151.39050662619
 31
0.0
  0
ARC
  5
895
330
2
100
AcDbEntity
  8
HALFEN
100
AcDbCircle
 10
3662.163400000002
 20
978.0853814939556
 30
0.0
 40
78.72472347568647
100
AcDbArc
 50
77.31270616762063
 51
102.6872938323794
  0
ARC
  5
896
330
2
100
AcDbEntity
  8
HALFEN
100
AcDbCircle
 10
3662.163400000002
 20
983.119883150503
 30
0.0
 40
78.72472347568647
100
AcDbArc
 50
77.31270616762063
 51
102.6872938323794
  0
ARC
  5
897
330
2
100
AcDbEntity
  8
HALFEN
100
AcDbCircle
 10
3662.163400000002
 20
1065.655930101876
 30
0.0
 40
78.72472347568647
100
AcDbArc
 50
257.3127061676206
 51
282.6872938323794
  0
ARC
  5
898
330
2
100
AcDbEntity
  8
HALFEN
100
AcDbCircle
 10
3662.163400000002
 20
1070.690431758424
 30
0.0
 40
78.72472347568647
100
AcDbArc
 50
257.3127061676206
 51
282.6872938323794
  0
ARC
  5
899
330
2
100
AcDbEntity
  8
HALFEN
100
AcDbCircle
 10
3662.163400000002
 20
1097.344606626189
 30
0.0
 40
15.5
100
AcDbArc
 50
184.7362000000058
 51
355.2637999999942
  0
LINE
  5
89A
330
2
100
AcDbEntity
  8
HALFEN
100
AcDbLine
 10
3672.129260000003
 20
1096.518906626189
 30
0.0
 11
3676.713090000002
 21
1151.844606626189
 31
0.0
  0
ELLIPSE
  5
89B
330
2
100
AcDbEntity
  8
HALFEN
100
AcDbEllipse
 10
3644.873100000002
 20
991.370657454464
 30
0.0
 11
2.740614999999933
 21
0.0
 31
0.0
210
0.0
220
0.0
230
-1.0
 40
0.91849852251193
 41
0.0
 42
6.283185307179586
  0
ELLIPSE
  5
89C
330
2
100
AcDbEntity
  8
HALFEN
100
AcDbEllipse
 10
3644.873100000002
 20
1057.405155797915
 30
0.0
 11
2.740614999999933
 21
0.0
 31
0.0
210
0.0
220
0.0
230
1.0
 40
0.91849852251193
 41
0.0
 42
6.283185307179586
  0
LINE
  5
89D
330
2
100
AcDbEntity
  8
HALFEN
100
AcDbLine
 10
3646.716330000002
 20
1096.064806626189
 30
0.0
 11
3642.132500000002
 21
1151.39050662619
 31
0.0
  0
LINE
  5
89E
330
2
100
AcDbEntity
  8
HALFEN
100
AcDbLine
 10
3652.197540000003
 20
1096.518906626189
 30
0.0
 11
3647.613720000002
 21
1151.844606626189
 31
0.0
  0
ARC
  5
89F
330
2
100
AcDbEntity
  8
HALFEN
100
AcDbCircle
 10
3662.163400000002
 20
1097.344606626189
 30
0.0
 40
10.0
100
AcDbArc
 50
184.7362000000058
 51
355.2637999999942
  0
LINE
  5
8A0
330
2
100
AcDbEntity
  8
HALFEN
100
AcDbLine
 10
3647.613710000003
 20
1151.844606626189
 30
0.0
 11
3642.132490000002
 21
1151.39050662619
 31
0.0
  0
LINE
  5
8A1
330
2
100
AcDbEntity
  8
HALFEN
100
AcDbLine
 10
3675.304610000002
 20
1134.844606626189
 30
0.0
 11
3649.022200000003
 21
1134.844606626189
 31
0.0
  0
ELLIPSE
  5
8A2
330
2
100
AcDbEntity
  8
HALFEN
100
AcDbEllipse
 10
3679.453700000002
 20
991.370657454464
 30
0.0
 11
2.740614999999933
 21
0.0
 31
0.0
210
0.0
220
0.0
230
-1.0
 40
0.91849852251193
 41
0.0
 42
6.283185307179586
  0
ELLIPSE
  5
8A3
330
2
100
AcDbEntity
  8
HALFEN
100
AcDbEllipse
 10
3679.453700000002
 20
1057.405155797915
 30
0.0
 11
2.740614999999933
 21
0.0
 31
0.0
210
0.0
220
0.0
230
1.0
 40
0.91849852251193
 41
0.0
 42
6.283185307179586
  0
LINE
  5
8A4
330
2
100
AcDbEntity
  8
HALFEN
100
AcDbLine
 10
3677.610470000003
 20
1096.064806626189
 30
0.0
 11
3682.194300000002
 21
1151.39050662619
 31
0.0
  0
LINE
  5
8A5
330
2
100
AcDbEntity
  8
HALFEN
100
AcDbLine
 10
3676.713090000002
 20
1151.844606626189
 30
0.0
 11
3682.194310000002
 21
1151.39050662619
 31
0.0
  0
ARC
  5
8A6
330
2
100
AcDbEntity
  8
HALFEN
100
AcDbCircle
 10
3812.163400000002
 20
978.0853814939556
 30
0.0
 40
78.72472347568647
100
AcDbArc
 50
77.31270616762063
 51
102.6872938323794
  0
ARC
  5
8A7
330
2
100
AcDbEntity
  8
HALFEN
100
AcDbCircle
 10
3812.163400000002
 20
983.119883150503
 30
0.0
 40
78.72472347568647
100
AcDbArc
 50
77.31270616762063
 51
102.6872938323794
  0
ARC
  5
8A8
330
2
100
AcDbEntity
  8
HALFEN
100
AcDbCircle
 10
3812.163400000002
 20
1065.655930101876
 30
0.0
 40
78.72472347568647
100
AcDbArc
 50
257.3127061676206
 51
282.6872938323794
  0
ARC
  5
8A9
330
2
100
AcDbEntity
  8
HALFEN
100
AcDbCircle
 10
3812.163400000002
 20
1070.690431758424
 30
0.0
 40
78.72472347568647
100
AcDbArc
 50
257.3127061676206
 51
282.6872938323794
  0
ARC
  5
8AA
330
2
100
AcDbEntity
  8
HALFEN
100
AcDbCircle
 10
3812.163400000002
 20
1097.344606626189
 30
0.0
 40
15.5
100
AcDbArc
 50
184.7362000000058
 51
355.2637999999942
  0
LINE
  5
8AB
330
2
100
AcDbEntity
  8
HALFEN
100
AcDbLine
 10
3822.129260000003
 20
1096.518906626189
 30
0.0
 11
3826.713090000002
 21
1151.844606626189
 31
0.0
  0
ELLIPSE
  5
8AC
330
2
100
AcDbEntity
  8
HALFEN
100
AcDbEllipse
 10
3794.873100000002
 20
991.370657454464
 30
0.0
 11
2.740614999999933
 21
0.0
 31
0.0
210
0.0
220
0.0
230
-1.0
 40
0.91849852251193
 41
0.0
 42
6.283185307179586
  0
ELLIPSE
  5
8AD
330
2
100
AcDbEntity
  8
HALFEN
100
AcDbEllipse
 10
3794.873100000002
 20
1057.405155797915
 30
0.0
 11
2.740614999999933
 21
0.0
 31
0.0
210
0.0
220
0.0
230
1.0
 40
0.91849852251193
 41
0.0
 42
6.283185307179586
  0
LINE
  5
8AE
330
2
100
AcDbEntity
  8
HALFEN
100
AcDbLine
 10
3796.716330000002
 20
1096.064806626189
 30
0.0
 11
3792.132500000003
 21
1151.39050662619
 31
0.0
  0
LINE
  5
8AF
330
2
100
AcDbEntity
  8
HALFEN
100
AcDbLine
 10
3802.197540000003
 20
1096.518906626189
 30
0.0
 11
3797.613720000003
 21
1151.844606626189
 31
0.0
  0
ARC
  5
8B0
330
2
100
AcDbEntity
  8
HALFEN
100
AcDbCircle
 10
3812.163400000002
 20
1097.344606626189
 30
0.0
 40
10.0
100
AcDbArc
 50
184.7362000000058
 51
355.2637999999942
  0
LINE
  5
8B1
330
2
100
AcDbEntity
  8
HALFEN
100
AcDbLine
 10
3797.613710000002
 20
1151.844606626189
 30
0.0
 11
3792.132490000002
 21
1151.39050662619
 31
0.0
  0
LINE
  5
8B2
330
2
100
AcDbEntity
  8
HALFEN
100
AcDbLine
 10
3825.304610000002
 20
1134.844606626189
 30
0.0
 11
3799.022200000003
 21
1134.844606626189
 31
0.0
  0
ELLIPSE
  5
8B3
330
2
100
AcDbEntity
  8
HALFEN
100
AcDbEllipse
 10
3829.453700000002
 20
991.370657454464
 30
0.0
 11
2.740614999999933
 21
0.0
 31
0.0
210
0.0
220
0.0
230
-1.0
 40
0.91849852251193
 41
0.0
 42
6.283185307179586
  0
ELLIPSE
  5
8B4
330
2
100
AcDbEntity
  8
HALFEN
100
AcDbEllipse
 10
3829.453700000002
 20
1057.405155797915
 30
0.0
 11
2.740614999999933
 21
0.0
 31
0.0
210
0.0
220
0.0
230
1.0
 40
0.91849852251193
 41
0.0
 42
6.283185307179586
  0
LINE
  5
8B5
330
2
100
AcDbEntity
  8
HALFEN
100
AcDbLine
 10
3827.610470000003
 20
1096.064806626189
 30
0.0
 11
3832.194300000002
 21
1151.39050662619
 31
0.0
  0
LINE
  5
8B6
330
2
100
AcDbEntity
  8
HALFEN
100
AcDbLine
 10
3826.713090000002
 20
1151.844606626189
 30
0.0
 11
3832.194310000002
 21
1151.39050662619
 31
0.0
  0
ARC
  5
8B7
330
2
100
AcDbEntity
  8
HALFEN
100
AcDbCircle
 10
3962.163400000002
 20
978.0853814939556
 30
0.0
 40
78.72472347568647
100
AcDbArc
 50
77.31270616762063
 51
102.6872938323794
  0
ARC
  5
8B8
330
2
100
AcDbEntity
  8
HALFEN
100
AcDbCircle
 10
3962.163400000002
 20
983.119883150503
 30
0.0
 40
78.72472347568647
100
AcDbArc
 50
77.31270616762063
 51
102.6872938323794
  0
ARC
  5
8B9
330
2
100
AcDbEntity
  8
HALFEN
100
AcDbCircle
 10
3962.163400000002
 20
1065.655930101876
 30
0.0
 40
78.72472347568647
100
AcDbArc
 50
257.3127061676206
 51
282.6872938323794
  0
ARC
  5
8BA
330
2
100
AcDbEntity
  8
HALFEN
100
AcDbCircle
 10
3962.163400000002
 20
1070.690431758424
 30
0.0
 40
78.72472347568647
100
AcDbArc
 50
257.3127061676206
 51
282.6872938323794
  0
ARC
  5
8BB
330
2
100
AcDbEntity
  8
HALFEN
100
AcDbCircle
 10
3962.163400000002
 20
1097.344606626189
 30
0.0
 40
15.5
100
AcDbArc
 50
184.7362000000058
 51
355.2637999999942
  0
LINE
  5
8BC
330
2
100
AcDbEntity
  8
HALFEN
100
AcDbLine
 10
3972.129260000003
 20
1096.518906626189
 30
0.0
 11
3976.713090000002
 21
1151.844606626189
 31
0.0
  0
ELLIPSE
  5
8BD
330
2
100
AcDbEntity
  8
HALFEN
100
AcDbEllipse
 10
3944.873100000002
 20
991.370657454464
 30
0.0
 11
2.740614999999933
 21
0.0
 31
0.0
210
0.0
220
0.0
230
-1.0
 40
0.91849852251193
 41
0.0
 42
6.283185307179586
  0
ELLIPSE
  5
8BE
330
2
100
AcDbEntity
  8
HALFEN
100
AcDbEllipse
 10
3944.873100000002
 20
1057.405155797915
 30
0.0
 11
2.740614999999933
 21
0.0
 31
0.0
210
0.0
220
0.0
230
1.0
 40
0.91849852251193
 41
0.0
 42
6.283185307179586
  0
LINE
  5
8BF
330
2
100
AcDbEntity
  8
HALFEN
100
AcDbLine
 10
3946.716330000003
 20
1096.064806626189
 30
0.0
 11
3942.132500000003
 21
1151.39050662619
 31
0.0
  0
LINE
  5
8C0
330
2
100
AcDbEntity
  8
HALFEN
100
AcDbLine
 10
3952.197540000002
 20
1096.518906626189
 30
0.0
 11
3947.613720000003
 21
1151.844606626189
 31
0.0
  0
ARC
  5
8C1
330
2
100
AcDbEntity
  8
HALFEN
100
AcDbCircle
 10
3962.163400000002
 20
1097.344606626189
 30
0.0
 40
10.0
100
AcDbArc
 50
184.7362000000058
 51
355.2637999999942
  0
LINE
  5
8C2
330
2
100
AcDbEntity
  8
HALFEN
100
AcDbLine
 10
3947.613710000002
 20
1151.844606626189
 30
0.0
 11
3942.132490000002
 21
1151.39050662619
 31
0.0
  0
LINE
  5
8C3
330
2
100
AcDbEntity
  8
HALFEN
100
AcDbLine
 10
3975.304610000002
 20
1134.844606626189
 30
0.0
 11
3949.022200000003
 21
1134.844606626189
 31
0.0
  0
ELLIPSE
  5
8C4
330
2
100
AcDbEntity
  8
HALFEN
100
AcDbEllipse
 10
3979.453700000002
 20
991.370657454464
 30
0.0
 11
2.740614999999933
 21
0.0
 31
0.0
210
0.0
220
0.0
230
-1.0
 40
0.91849852251193
 41
0.0
 42
6.283185307179586
  0
ELLIPSE
  5
8C5
330
2
100
AcDbEntity
  8
HALFEN
100
AcDbEllipse
 10
3979.453700000002
 20
1057.405155797915
 30
0.0
 11
2.740614999999933
 21
0.0
 31
0.0
210
0.0
220
0.0
230
1.0
 40
0.91849852251193
 41
0.0
 42
6.283185307179586
  0
LINE
  5
8C6
330
2
100
AcDbEntity
  8
HALFEN
100
AcDbLine
 10
3977.610470000003
 20
1096.064806626189
 30
0.0
 11
3982.194300000002
 21
1151.39050662619
 31
0.0
  0
LINE
  5
8C7
330
2
100
AcDbEntity
  8
HALFEN
100
AcDbLine
 10
3976.713090000002
 20
1151.844606626189
 30
0.0
 11
3982.194310000002
 21
1151.39050662619
 31
0.0
  0
ARC
  5
8C8
330
2
100
AcDbEntity
  8
HALFEN
100
AcDbCircle
 10
4112.163400000002
 20
978.0853814939556
 30
0.0
 40
78.72472347568647
100
AcDbArc
 50
77.31270616762063
 51
102.6872938323794
  0
ARC
  5
8C9
330
2
100
AcDbEntity
  8
HALFEN
100
AcDbCircle
 10
4112.163400000002
 20
983.119883150503
 30
0.0
 40
78.72472347568647
100
AcDbArc
 50
77.31270616762063
 51
102.6872938323794
  0
ARC
  5
8CA
330
2
100
AcDbEntity
  8
HALFEN
100
AcDbCircle
 10
4112.163400000002
 20
1065.655930101876
 30
0.0
 40
78.72472347568647
100
AcDbArc
 50
257.3127061676206
 51
282.6872938323794
  0
ARC
  5
8CB
330
2
100
AcDbEntity
  8
HALFEN
100
AcDbCircle
 10
4112.163400000002
 20
1070.690431758424
 30
0.0
 40
78.72472347568647
100
AcDbArc
 50
257.3127061676206
 51
282.6872938323794
  0
ARC
  5
8CC
330
2
100
AcDbEntity
  8
HALFEN
100
AcDbCircle
 10
4112.163400000002
 20
1097.344606626189
 30
0.0
 40
15.5
100
AcDbArc
 50
184.7362000000058
 51
355.2637999999942
  0
LINE
  5
8CD
330
2
100
AcDbEntity
  8
HALFEN
100
AcDbLine
 10
4122.129260000003
 20
1096.518906626189
 30
0.0
 11
4126.713090000001
 21
1151.844606626189
 31
0.0
  0
ELLIPSE
  5
8CE
330
2
100
AcDbEntity
  8
HALFEN
100
AcDbEllipse
 10
4094.873100000002
 20
991.370657454464
 30
0.0
 11
2.740614999999933
 21
0.0
 31
0.0
210
0.0
220
0.0
230
-1.0
 40
0.91849852251193
 41
0.0
 42
6.283185307179586
  0
ELLIPSE
  5
8CF
330
2
100
AcDbEntity
  8
HALFEN
100
AcDbEllipse
 10
4094.873100000002
 20
1057.405155797915
 30
0.0
 11
2.740614999999933
 21
0.0
 31
0.0
210
0.0
220
0.0
230
1.0
 40
0.91849852251193
 41
0.0
 42
6.283185307179586
  0
LINE
  5
8D0
330
2
100
AcDbEntity
  8
HALFEN
100
AcDbLine
 10
4096.716330000002
 20
1096.064806626189
 30
0.0
 11
4092.132500000002
 21
1151.39050662619
 31
0.0
  0
LINE
  5
8D1
330
2
100
AcDbEntity
  8
HALFEN
100
AcDbLine
 10
4102.197540000002
 20
1096.518906626189
 30
0.0
 11
4097.613720000002
 21
1151.844606626189
 31
0.0
  0
ARC
  5
8D2
330
2
100
AcDbEntity
  8
HALFEN
100
AcDbCircle
 10
4112.163400000002
 20
1097.344606626189
 30
0.0
 40
10.0
100
AcDbArc
 50
184.7362000000058
 51
355.2637999999942
  0
LINE
  5
8D3
330
2
100
AcDbEntity
  8
HALFEN
100
AcDbLine
 10
4097.613710000002
 20
1151.844606626189
 30
0.0
 11
4092.132490000001
 21
1151.39050662619
 31
0.0
  0
LINE
  5
8D4
330
2
100
AcDbEntity
  8
HALFEN
100
AcDbLine
 10
4125.304610000002
 20
1134.844606626189
 30
0.0
 11
4099.022200000002
 21
1134.844606626189
 31
0.0
  0
ELLIPSE
  5
8D5
330
2
100
AcDbEntity
  8
HALFEN
100
AcDbEllipse
 10
4129.453700000001
 20
991.370657454464
 30
0.0
 11
2.740614999999933
 21
0.0
 31
0.0
210
0.0
220
0.0
230
-1.0
 40
0.91849852251193
 41
0.0
 42
6.283185307179586
  0
ELLIPSE
  5
8D6
330
2
100
AcDbEntity
  8
HALFEN
100
AcDbEllipse
 10
4129.453700000001
 20
1057.405155797915
 30
0.0
 11
2.740614999999933
 21
0.0
 31
0.0
210
0.0
220
0.0
230
1.0
 40
0.91849852251193
 41
0.0
 42
6.283185307179586
  0
LINE
  5
8D7
330
2
100
AcDbEntity
  8
HALFEN
100
AcDbLine
 10
4127.610470000003
 20
1096.064806626189
 30
0.0
 11
4132.194300000001
 21
1151.39050662619
 31
0.0
  0
LINE
  5
8D8
330
2
100
AcDbEntity
  8
HALFEN
100
AcDbLine
 10
4126.713090000001
 20
1151.844606626189
 30
0.0
 11
4132.194310000002
 21
1151.39050662619
 31
0.0
  0
LINE
  5
8D9
330
2
100
AcDbEntity
  8
HALFEN
100
AcDbLine
 10
1393.503356451832
 20
1134.844606626189
 30
0.0
 11
1280.823450000002
 21
1134.844606626189
 31
0.0
  0
LINE
  5
8DA
330
2
100
AcDbEntity
  8
HALFEN
100
AcDbLine
 10
1543.503356451832
 20
1134.844606626189
 30
0.0
 11
1430.823443548172
 21
1134.84460662619
 31
0.0
  0
LINE
  5
8DB
330
2
100
AcDbEntity
  8
HALFEN
100
AcDbLine
 10
1693.503356451832
 20
1134.844606626189
 30
0.0
 11
1580.823443548172
 21
1134.844606626189
 31
0.0
  0
LINE
  5
8DC
330
2
100
AcDbEntity
  8
HALFEN
100
AcDbLine
 10
1843.503356451831
 20
1134.844606626189
 30
0.0
 11
1730.823443548172
 21
1134.84460662619
 31
0.0
  0
LINE
  5
8DD
330
2
100
AcDbEntity
  8
HALFEN
100
AcDbLine
 10
1993.503356451832
 20
1134.844606626189
 30
0.0
 11
1880.823443548172
 21
1134.844606626189
 31
0.0
  0
LINE
  5
8DE
330
2
100
AcDbEntity
  8
HALFEN
100
AcDbLine
 10
2143.503356451832
 20
1134.844606626189
 30
0.0
 11
2030.823443548172
 21
1134.844606626189
 31
0.0
  0
LINE
  5
8DF
330
2
100
AcDbEntity
  8
HALFEN
100
AcDbLine
 10
2293.503356451832
 20
1134.844606626189
 30
0.0
 11
2180.823443548172
 21
1134.844606626189
 31
0.0
  0
LINE
  5
8E0
330
2
100
AcDbEntity
  8
HALFEN
100
AcDbLine
 10
2443.503356451832
 20
1134.84460662619
 30
0.0
 11
2330.823443548172
 21
1134.84460662619
 31
0.0
  0
LINE
  5
8E1
330
2
100
AcDbEntity
  8
HALFEN
100
AcDbLine
 10
2593.503356451833
 20
1134.84460662619
 30
0.0
 11
2480.823443548172
 21
1134.844606626189
 31
0.0
  0
LINE
  5
8E2
330
2
100
AcDbEntity
  8
HALFEN
100
AcDbLine
 10
2743.503356451832
 20
1134.84460662619
 30
0.0
 11
2630.823443548172
 21
1134.84460662619
 31
0.0
  0
LINE
  5
8E3
330
2
100
AcDbEntity
  8
HALFEN
100
AcDbLine
 10
2893.503356451832
 20
1134.844606626189
 30
0.0
 11
2780.823443548173
 21
1134.84460662619
 31
0.0
  0
LINE
  5
8E4
330
2
100
AcDbEntity
  8
HALFEN
100
AcDbLine
 10
3043.503356451832
 20
1134.844606626189
 30
0.0
 11
2930.823443548172
 21
1134.84460662619
 31
0.0
  0
LINE
  5
8E5
330
2
100
AcDbEntity
  8
HALFEN
100
AcDbLine
 10
3193.503356451832
 20
1134.844606626189
 30
0.0
 11
3080.823443548172
 21
1134.844606626189
 31
0.0
  0
LINE
  5
8E6
330
2
100
AcDbEntity
  8
HALFEN
100
AcDbLine
 10
3343.503356451832
 20
1134.844606626189
 30
0.0
 11
3230.823443548171
 21
1134.844606626189
 31
0.0
  0
LINE
  5
8E7
330
2
100
AcDbEntity
  8
HALFEN
100
AcDbLine
 10
3493.503356451832
 20
1134.844606626189
 30
0.0
 11
3380.823443548172
 21
1134.844606626189
 31
0.0
  0
LINE
  5
8E8
330
2
100
AcDbEntity
  8
HALFEN
100
AcDbLine
 10
3643.503356451832
 20
1134.844606626189
 30
0.0
 11
3530.823443548173
 21
1134.844606626189
 31
0.0
  0
LINE
  5
8E9
330
2
100
AcDbEntity
  8
HALFEN
100
AcDbLine
 10
3793.503356451832
 20
1134.844606626189
 30
0.0
 11
3680.823443548173
 21
1134.84460662619
 31
0.0
  0
LINE
  5
8EA
330
2
100
AcDbEntity
  8
HALFEN
100
AcDbLine
 10
3943.503356451832
 20
1134.844606626189
 30
0.0
 11
3830.823443548172
 21
1134.844606626189
 31
0.0
  0
LINE
  5
8EB
330
2
100
AcDbEntity
  8
HALFEN
100
AcDbLine
 10
4093.503356451832
 20
1134.844606626189
 30
0.0
 11
3980.823443548171
 21
1134.844606626189
 31
0.0
  0
LINE
  5
8EC
330
2
100
AcDbEntity
  8
HALFEN
 62
     1
100
AcDbLine
 10
1105.206700000002
 20
1394.758006626189
 30
0.0
 11
1154.206700000002
 21
1394.758006626189
 31
0.0
  0
LINE
  5
8ED
330
2
100
AcDbEntity
  8
HALFEN
100
AcDbLine
 10
1154.206700000002
 20
1394.758006626189
 30
0.0
 11
1160.206742594525
 21
1394.758006626189
 31
0.0
  0
LINE
  5
8EE
330
2
100
AcDbEntity
  8
HALFEN
 62
     1
100
AcDbLine
 10
1105.206700000002
 20
1134.844606626189
 30
0.0
 11
1154.206700000002
 21
1134.844606626189
 31
0.0
  0
LINE
  5
8EF
330
2
100
AcDbEntity
  8
HALFEN
100
AcDbLine
 10
1154.206700000002
 20
1134.844606626189
 30
0.0
 11
1160.206742594525
 21
1134.844606626189
 31
0.0
  0
TEXT
  5
9C4
330
2
100
AcDbEntity
  8
HALFEN
100
AcDbText
 10
1147.250000000002
 20
2004.004003313091
 30
0.0
 40
5.0
  1

  7
ARIAL50
100
AcDbText
  0
TEXT
  5
9C7
330
2
100
AcDbEntity
  8
HALFEN
100
AcDbText
 10
1147.250000000002
 20
1726.63100496964
 30
0.0
 40
5.0
  1

  7
ARIAL50
100
AcDbText
  0
TEXT
  5
9C8
330
2
100
AcDbEntity
  8
HALFEN
100
AcDbText
 10
1147.250000000002
 20
1449.258006626189
 30
0.0
 40
5.0
  1

  7
ARIAL50
100
AcDbText
  0
TEXT
  5
9C9
330
2
100
AcDbEntity
  8
HALFEN
100
AcDbText
 10
1147.250000000002
 20
1189.344606626189
 30
0.0
 40
5.0
  1

  7
ARIAL50
100
AcDbText
  0
ENDSEC
  0
SECTION
  2
OBJECTS
  0
DICTIONARY
  5
7
330
0
100
AcDbDictionary
281
     1
  3
ACAD_CIP_PREVIOUS_PRODUCT_INFO
350
94C
  3
ACAD_COLOR
350
23
  3
ACAD_GROUP
350
1F
  3
ACAD_LAYOUT
350
B
  3
ACAD_MATERIAL
350
22
  3
ACAD_MLEADERSTYLE
350
946
  3
ACAD_MLINESTYLE
350
20
  3
ACAD_PLOTSETTINGS
350
21
  3
ACAD_PLOTSTYLENAME
350
6
  3
ACAD_SCALELIST
350
934
  3
ACAD_TABLESTYLE
350
24
  3
ACAD_VISUALSTYLE
350
91B
  3
ACDB_RECOMPOSE_DATA
350
9D8
  3
AcDbVariableDictionary
350
3C2
  3
AcmDictionary
350
97A
  3
AMG
350
94E
  3
AMGSNAPSETTINGS
350
9BD
  3
ASE_INDEX_DICTIONARY
350
3BF
  0
DICTIONARY
  5
9CA
330
4
100
AcDbDictionary
280
     1
281
     1
  3
ADSK_XREC_LAYER_RECONCILED
360
9CB
  0
DICTIONARY
  5
9CC
330
25
100
AcDbDictionary
280
     1
281
     1
  3
ADSK_XREC_LAYER_RECONCILED
360
9CD
  0
XRECORD
  5
94C
102
{ACAD_REACTORS
330
7
102
}
330
7
100
AcDbXrecord
280
     1
300
AMECH_PP
300
2012
300
PDSP_F_S
  0
DICTIONARY
  5
23
102
{ACAD_REACTORS
330
7
102
}
330
7
100
AcDbDictionary
281
     1
  0
DICTIONARY
  5
1F
102
{ACAD_REACTORS
330
7
102
}
330
7
100
AcDbDictionary
281
     1
  0
DICTIONARY
  5
B
102
{ACAD_REACTORS
330
7
102
}
330
7
100
AcDbDictionary
281
     1
  3
Layout1
350
F
  3
Model
350
A
  0
DICTIONARY
  5
22
102
{ACAD_REACTORS
330
7
102
}
330
7
100
AcDbDictionary
281
     1
  3
ByBlock
350
90B
  3
ByLayer
350
903
  3
Global
350
913
  0
DICTIONARY
  5
946
102
{ACAD_REACTORS
330
7
102
}
330
7
100
AcDbDictionary
281
     1
  3
Standard
350
947
  0
DICTIONARY
  5
20
102
{ACAD_REACTORS
330
7
102
}
330
7
100
AcDbDictionary
281
     1
  3
STANDARD
350
27
  0
DICTIONARY
  5
21
102
{ACAD_REACTORS
330
7
102
}
330
7
100
AcDbDictionary
281
     1
  0
ACDBDICTIONARYWDFLT
  5
6
102
{ACAD_REACTORS
330
7
102
}
330
7
100
AcDbDictionary
281
     1
  3
Normal
350
5
100
AcDbDictionaryWithDefault
340
5
  0
DICTIONARY
  5
934
102
{ACAD_REACTORS
330
7
102
}
330
7
100
AcDbDictionary
281
     1
  3
A0
350
935
  3
A1
350
936
  3
A2
350
937
  3
A3
350
938
  3
A4
350
939
  3
A5
350
93A
  3
A6
350
93B
  3
A7
350
93C
  3
A8
350
93D
  3
A9
350
93E
  3
B0
350
93F
  3
B1
350
940
  3
B2
350
941
  3
B3
350
942
  3
B4
350
943
  3
B5
350
944
  3
B6
350
945
  0
DICTIONARY
  5
24
102
{ACAD_REACTORS
330
7
102
}
330
7
100
AcDbDictionary
281
     1
  3
Standard
350
28
  0
DICTIONARY
  5
91B
102
{ACAD_REACTORS
330
7
102
}
330
7
100
AcDbDictionary
281
     1
  3
2dWireframe
350
921
  3
Basic
350
920
  3
Brighten
350
927
  3
ColorChange
350
92B
  3
Conceptual
350
924
  3
Dim
350
926
  3
EdgeColorOff
350
933
  3
Facepattern
350
92A
  3
Flat
350
91C
  3
FlatWithEdges
350
91D
  3
Gouraud
350
91E
  3
GouraudWithEdges
350
91F
  3
Hidden
350
923
  3
JitterOff
350
931
  3
Linepattern
350
929
  3
OverhangOff
350
932
  3
Realistic
350
925
  3
Shaded
350
930
  3
Shaded with edges
350
92F
  3
Shades of Gray
350
92C
  3
Sketchy
350
92D
  3
Thicken
350
928
  3
Wireframe
350
922
  3
X-Ray
350
92E
  0
XRECORD
  5
9D8
102
{ACAD_REACTORS
330
7
102
}
330
7
100
AcDbXrecord
280
     1
 90
        1
330
28
  0
DICTIONARY
  5
3C2
102
{ACAD_REACTORS
330
7
102
}
330
7
100
AcDbDictionary
281
     1
  3
CANNOSCALE
350
9D0
  3
CMLEADERSTYLE
350
9CE
  3
CTABLESTYLE
350
3C3
  3
DIMASSOC
350
3D1
  3
HIDETEXT
350
3D0
  3
LAYEREVAL
350
9D2
  3
LAYERNOTIFY
350
9D3
  3
LIGHTINGUNITS
350
9D1
  3
MSLTSCALE
350
9CF
  3
PROJECTNAME
350
3D2
  0
DICTIONARY
  5
97A
102
{ACAD_REACTORS
330
7
102
}
330
7
100
AcDbDictionary
281
     1
  3
AcmStdDictionary
350
981
  0
DICTIONARY
  5
94E
102
{ACAD_REACTORS
330
7
102
}
330
7
100
AcDbDictionary
281
     1
  0
DICTIONARY
  5
9BD
102
{ACAD_REACTORS
330
7
102
}
330
7
100
AcDbDictionary
281
     1
  0
DICTIONARY
  5
3BF
102
{ACAD_REACTORS
330
7
102
}
330
7
100
AcDbDictionary
281
     1
  3
ASEBlockHierarchyIndexRecord
350
3C1
1001
DCO15
1040
1565416940.25
  0
XRECORD
  5
9CB
102
{ACAD_REACTORS
330
9CA
102
}
330
9CA
100
AcDbXrecord
280
     1
290
     1
  0
XRECORD
  5
9CD
102
{ACAD_REACTORS
330
9CC
102
}
330
9CC
100
AcDbXrecord
280
     1
290
     1
  0
LAYOUT
  5
F
102
{ACAD_REACTORS
330
B
102
}
330
B
100
AcDbPlotSettings
  1

  2
Microsoft Office Document Image Writer
  4

  6

 40
0.0
 41
0.0
 42
0.0
 43
0.0
 44
0.0
 45
0.0
 46
0.0
 47
0.0
 48
0.0
 49
0.0
140
0.0
141
0.0
142
1.0
143
1.0
 70
   688
 72
     0
 73
     0
 74
     5
  7

 75
    16
147
1.0
 76
     0
 77
     2
 78
   300
148
0.0
149
0.0
100
AcDbLayout
  1
Layout1
 70
     1
 71
     1
 10
0.0
 20
0.0
 11
12.0
 21
9.0
 12
0.0
 22
0.0
 32
0.0
 14
1.000000000000000E+20
 24
1.000000000000000E+20
 34
1.000000000000000E+20
 15
-1.000000000000000E+20
 25
-1.000000000000000E+20
 35
-1.000000000000000E+20
146
0.0
 13
0.0
 23
0.0
 33
0.0
 16
1.0
 26
0.0
 36
0.0
 17
0.0
 27
1.0
 37
0.0
 76
     0
330
C
  0
LAYOUT
  5
A
102
{ACAD_REACTORS
330
B
102
}
330
B
100
AcDbPlotSettings
  1

  2
Microsoft Office Document Image Writer
  4

  6

 40
0.0
 41
0.0
 42
0.0
 43
0.0
 44
0.0
 45
0.0
 46
0.0
 47
0.0
 48
0.0
 49
0.0
140
0.0
141
0.0
142
1.0
143
1.0
 70
  1712
 72
     0
 73
     0
 74
     0
  7

 75
     0
147
1.0
 76
     0
 77
     2
 78
   300
148
0.0
149
0.0
100
AcDbLayout
  1
Model
 70
     1
 71
     0
 10
0.0
 20
0.0
 11
12.0
 21
9.0
 12
0.0
 22
0.0
 32
0.0
 14
0.0
 24
0.0
 34
0.0
 15
0.0
 25
0.0
 35
0.0
146
0.0
 13
0.0
 23
0.0
 33
0.0
 16
1.0
 26
0.0
 36
0.0
 17
0.0
 27
1.0
 37
0.0
 76
     0
330
2
331
8FB
  0
MATERIAL
  5
90B
102
{ACAD_XDICTIONARY
360
90C
102
}
102
{ACAD_REACTORS
330
22
102
}
330
22
100
AcDbMaterial
  1
ByBlock
 72
     0
 43
0.0008202099737533
 43
0.0
 43
0.0
 43
0.0
 43
0.0
 43
0.0008202099737533
 43
0.0
 43
0.0
 43
0.0
 43
0.0
 43
1.0
 43
0.0
 43
0.0
 43
0.0
 43
0.0
 43
1.0
 77
     0
 47
0.0008202099737533
 47
0.0
 47
0.0
 47
0.0
 47
0.0
 47
0.0008202099737533
 47
0.0
 47
0.0
 47
0.0
 47
0.0
 47
1.0
 47
0.0
 47
0.0
 47
0.0
 47
0.0
 47
1.0
171
     0
 49
0.0008202099737533
 49
0.0
 49
0.0
 49
0.0
 49
0.0
 49
0.0008202099737533
 49
0.0
 49
0.0
 49
0.0
 49
0.0
 49
1.0
 49
0.0
 49
0.0
 49
0.0
 49
0.0
 49
1.0
175
     0
142
0.0008202099737533
142
0.0
142
0.0
142
0.0
142
0.0
142
0.0008202099737533
142
0.0
142
0.0
142
0.0
142
0.0
142
1.0
142
0.0
142
0.0
142
0.0
142
0.0
142
1.0
179
     0
144
0.0008202099737533
144
0.0
144
0.0
144
0.0
144
0.0
144
0.0008202099737533
144
0.0
144
0.0
144
0.0
144
0.0
144
1.0
144
0.0
144
0.0
144
0.0
144
0.0
144
1.0
147
0.0008202099737533
147
0.0
147
0.0
147
0.0
147
0.0
147
0.0008202099737533
147
0.0
147
0.0
147
0.0
147
0.0
147
1.0
147
0.0
147
0.0
147
0.0
147
0.0
147
1.0
  0
MATERIAL
  5
903
102
{ACAD_XDICTIONARY
360
904
102
}
102
{ACAD_REACTORS
330
22
102
}
330
22
100
AcDbMaterial
  1
ByLayer
 72
     0
 43
0.0008202099737533
 43
0.0
 43
0.0
 43
0.0
 43
0.0
 43
0.0008202099737533
 43
0.0
 43
0.0
 43
0.0
 43
0.0
 43
1.0
 43
0.0
 43
0.0
 43
0.0
 43
0.0
 43
1.0
 77
     0
 47
0.0008202099737533
 47
0.0
 47
0.0
 47
0.0
 47
0.0
 47
0.0008202099737533
 47
0.0
 47
0.0
 47
0.0
 47
0.0
 47
1.0
 47
0.0
 47
0.0
 47
0.0
 47
0.0
 47
1.0
171
     0
 49
0.0008202099737533
 49
0.0
 49
0.0
 49
0.0
 49
0.0
 49
0.0008202099737533
 49
0.0
 49
0.0
 49
0.0
 49
0.0
 49
1.0
 49
0.0
 49
0.0
 49
0.0
 49
0.0
 49
1.0
175
     0
142
0.0008202099737533
142
0.0
142
0.0
142
0.0
142
0.0
142
0.0008202099737533
142
0.0
142
0.0
142
0.0
142
0.0
142
1.0
142
0.0
142
0.0
142
0.0
142
0.0
142
1.0
179
     0
144
0.0008202099737533
144
0.0
144
0.0
144
0.0
144
0.0
144
0.0008202099737533
144
0.0
144
0.0
144
0.0
144
0.0
144
1.0
144
0.0
144
0.0
144
0.0
144
0.0
144
1.0
147
0.0008202099737533
147
0.0
147
0.0
147
0.0
147
0.0
147
0.0008202099737533
147
0.0
147
0.0
147
0.0
147
0.0
147
1.0
147
0.0
147
0.0
147
0.0
147
0.0
147
1.0
  0
MATERIAL
  5
913
102
{ACAD_XDICTIONARY
360
914
102
}
102
{ACAD_REACTORS
330
22
102
}
330
22
100
AcDbMaterial
  1
Global
 72
     0
 43
0.0008202099737533
 43
0.0
 43
0.0
 43
0.0
 43
0.0
 43
0.0008202099737533
 43
0.0
 43
0.0
 43
0.0
 43
0.0
 43
1.0
 43
0.0
 43
0.0
 43
0.0
 43
0.0
 43
1.0
 77
     0
 47
0.0008202099737533
 47
0.0
 47
0.0
 47
0.0
 47
0.0
 47
0.0008202099737533
 47
0.0
 47
0.0
 47
0.0
 47
0.0
 47
1.0
 47
0.0
 47
0.0
 47
0.0
 47
0.0
 47
1.0
171
     0
 49
0.0008202099737533
 49
0.0
 49
0.0
 49
0.0
 49
0.0
 49
0.0008202099737533
 49
0.0
 49
0.0
 49
0.0
 49
0.0
 49
1.0
 49
0.0
 49
0.0
 49
0.0
 49
0.0
 49
1.0
175
     0
142
0.0008202099737533
142
0.0
142
0.0
142
0.0
142
0.0
142
0.0008202099737533
142
0.0
142
0.0
142
0.0
142
0.0
142
1.0
142
0.0
142
0.0
142
0.0
142
0.0
142
1.0
179
     0
144
0.0008202099737533
144
0.0
144
0.0
144
0.0
144
0.0
144
0.0008202099737533
144
0.0
144
0.0
144
0.0
144
0.0
144
1.0
144
0.0
144
0.0
144
0.0
144
0.0
144
1.0
147
0.0008202099737533
147
0.0
147
0.0
147
0.0
147
0.0
147
0.0008202099737533
147
0.0
147
0.0
147
0.0
147
0.0
147
1.0
147
0.0
147
0.0
147
0.0
147
0.0
147
1.0
  0
MLEADERSTYLE
  5
947
102
{ACAD_XDICTIONARY
360
9D6
102
}
102
{ACAD_REACTORS
330
946
102
}
330
946
100
AcDbMLeaderStyle
179
     2
170
     2
171
     1
172
     0
 90
        2
 40
0.0
 41
0.0
173
     1
 91
-1056964608
340
15
 92
       -2
290
     1
 42
2.0
291
     1
 43
0.36
  3
Standard
 44
4.0
300

342
12
174
     1
178
     6
175
     1
176
     0
 93
-1056964608
 45
4.0
292
     0
297
     0
 46
4.0
 94
-1056964608
 47
1.0
 49
1.0
140
1.0
293
     1
141
0.0
294
     1
177
     0
142
1.0
295
     0
296
     0
143
0.125
271
     0
272
     9
273
     9
  0
MLINESTYLE
  5
27
102
{ACAD_REACTORS
330
20
102
}
330
20
100
AcDbMlineStyle
  2
STANDARD
 70
     0
  3

 62
     0
 51
90.0
 52
90.0
 71
     2
 49
0.5
 62
   256
  6
BYLAYER
 49
-0.5
 62
   256
  6
BYLAYER
  0
ACDBPLACEHOLDER
  5
5
102
{ACAD_REACTORS
330
6
102
}
330
6
  0
SCALE
  5
935
102
{ACAD_REACTORS
330
934
102
}
330
934
100
AcDbScale
 70
     0
300
1:1
140
1.0
141
1.0
290
     1
  0
SCALE
  5
936
102
{ACAD_REACTORS
330
934
102
}
330
934
100
AcDbScale
 70
     0
300
1:2
140
1.0
141
2.0
290
     0
  0
SCALE
  5
937
102
{ACAD_REACTORS
330
934
102
}
330
934
100
AcDbScale
 70
     0
300
1:4
140
1.0
141
4.0
290
     0
  0
SCALE
  5
938
102
{ACAD_REACTORS
330
934
102
}
330
934
100
AcDbScale
 70
     0
300
1:5
140
1.0
141
5.0
290
     0
  0
SCALE
  5
939
102
{ACAD_REACTORS
330
934
102
}
330
934
100
AcDbScale
 70
     0
300
1:8
140
1.0
141
8.0
290
     0
  0
SCALE
  5
93A
102
{ACAD_REACTORS
330
934
102
}
330
934
100
AcDbScale
 70
     0
300
1:10
140
1.0
141
10.0
290
     0
  0
SCALE
  5
93B
102
{ACAD_REACTORS
330
934
102
}
330
934
100
AcDbScale
 70
     0
300
1:16
140
1.0
141
16.0
290
     0
  0
SCALE
  5
93C
102
{ACAD_REACTORS
330
934
102
}
330
934
100
AcDbScale
 70
     0
300
1:20
140
1.0
141
20.0
290
     0
  0
SCALE
  5
93D
102
{ACAD_REACTORS
330
934
102
}
330
934
100
AcDbScale
 70
     0
300
1:30
140
1.0
141
30.0
290
     0
  0
SCALE
  5
93E
102
{ACAD_REACTORS
330
934
102
}
330
934
100
AcDbScale
 70
     0
300
1:40
140
1.0
141
40.0
290
     0
  0
SCALE
  5
93F
102
{ACAD_REACTORS
330
934
102
}
330
934
100
AcDbScale
 70
     0
300
1:50
140
1.0
141
50.0
290
     0
  0
SCALE
  5
940
102
{ACAD_REACTORS
330
934
102
}
330
934
100
AcDbScale
 70
     0
300
1:100
140
1.0
141
100.0
290
     0
  0
SCALE
  5
941
102
{ACAD_REACTORS
330
934
102
}
330
934
100
AcDbScale
 70
     0
300
2:1
140
2.0
141
1.0
290
     0
  0
SCALE
  5
942
102
{ACAD_REACTORS
330
934
102
}
330
934
100
AcDbScale
 70
     0
300
4:1
140
4.0
141
1.0
290
     0
  0
SCALE
  5
943
102
{ACAD_REACTORS
330
934
102
}
330
934
100
AcDbScale
 70
     0
300
8:1
140
8.0
141
1.0
290
     0
  0
SCALE
  5
944
102
{ACAD_REACTORS
330
934
102
}
330
934
100
AcDbScale
 70
     0
300
10:1
140
10.0
141
1.0
290
     0
  0
SCALE
  5
945
102
{ACAD_REACTORS
330
934
102
}
330
934
100
AcDbScale
 70
     0
300
100:1
140
100.0
141
1.0
290
     0
  0
TABLESTYLE
  5
28
102
{ACAD_XDICTIONARY
360
9D4
102
}
102
{ACAD_REACTORS
330
24
102
}
330
24
100
AcDbTableStyle
280
     0
  3
Standard
 70
     0
 71
     0
 40
1.5
 41
1.5
280
     0
281
     0
  7
STANDARD
140
4.5
170
     2
 62
     0
 63
     7
283
     0
 90
        4
 91
        0
  1

274
    -2
284
     1
 64
     0
275
    -2
285
     1
 65
     0
276
    -2
286
     1
 66
     0
277
    -2
287
     1
 67
     0
278
    -2
288
     1
 68
     0
279
    -2
289
     1
 69
     0
  7
STANDARD
140
6.0
170
     5
 62
     0
 63
     7
283
     0
 90
        4
 91
        0
  1

274
    -2
284
     1
 64
     0
275
    -2
285
     1
 65
     0
276
    -2
286
     1
 66
     0
277
    -2
287
     1
 67
     0
278
    -2
288
     1
 68
     0
279
    -2
289
     1
 69
     0
  7
STANDARD
140
4.5
170
     5
 62
     0
 63
     7
283
     0
 90
        4
 91
        0
  1

274
    -2
284
     1
 64
     0
275
    -2
285
     1
 65
     0
276
    -2
286
     1
 66
     0
277
    -2
287
     1
 67
     0
278
    -2
288
     1
 68
     0
279
    -2
289
     1
 69
     0
  0
VISUALSTYLE
  5
921
102
{ACAD_REACTORS
330
91B
102
}
330
91B
100
AcDbVisualStyle
  2
2dWireframe
 70
     4
177
     2
291
     0
 71
     0
176
     1
 72
     2
176
     1
 73
     0
176
     1
 90
        0
176
     1
 40
0.6
176
     1
 41
30.0
176
     1
 63
     7
421
 16777215
176
     1
 74
     1
176
     1
 91
        4
176
     1
 64
     7
176
     1
 65
   257
176
     1
 75
     1
176
     1
175
     1
176
     1
 42
1.0
176
     1
 92
        0
176
     1
 66
   257
176
     1
 43
1.0
176
     1
 76
     1
176
     1
 77
     6
176
     1
 78
     2
176
     1
 67
     7
176
     1
 79
     5
176
     1
170
     0
176
     1
171
     0
176
     1
290
     0
176
     1
 93
        1
176
     1
 44
0.0
176
     1
173
     0
176
     1
  0
VISUALSTYLE
  5
920
102
{ACAD_REACTORS
330
91B
102
}
330
91B
100
AcDbVisualStyle
  2
Basic
 70
     7
177
     2
291
     1
 71
     1
176
     1
 72
     0
176
     1
 73
     1
176
     1
 90
        0
176
     1
 40
0.6
176
     1
 41
30.0
176
     1
 63
     7
421
 16777215
176
     1
 74
     0
176
     1
 91
        4
176
     1
 64
     7
176
     1
 65
   257
176
     1
 75
     1
176
     1
175
     1
176
     1
 42
1.0
176
     1
 92
        8
176
     1
 66
     7
176
     1
 43
1.0
176
     1
 76
     1
176
     1
 77
     6
176
     1
 78
     2
176
     1
 67
     7
176
     1
 79
     5
176
     1
170
     0
176
     1
171
     0
176
     1
290
     0
176
     1
 93
        1
176
     1
 44
0.0
176
     1
173
     0
176
     1
  0
VISUALSTYLE
  5
927
102
{ACAD_REACTORS
330
91B
102
}
330
91B
100
AcDbVisualStyle
  2
Brighten
 70
    12
177
     2
291
     1
 71
     2
176
     1
 72
     2
176
     1
 73
     0
176
     1
 90
        0
176
     1
 40
0.6
176
     1
 41
30.0
176
     1
 63
     7
421
 16777215
176
     1
 74
     1
176
     1
 91
        4
176
     1
 64
     7
176
     1
 65
   257
176
     1
 75
     1
176
     1
175
     1
176
     1
 42
1.0
176
     1
 92
        8
176
     1
 66
     7
176
     1
 43
1.0
176
     1
 76
     1
176
     1
 77
     6
176
     1
 78
     2
176
     1
 67
     7
176
     1
 79
     5
176
     1
170
     0
176
     1
171
     0
176
     1
290
     0
176
     1
 93
        1
176
     1
 44
50.0
176
     1
173
     0
176
     1
  0
VISUALSTYLE
  5
92B
102
{ACAD_REACTORS
330
91B
102
}
330
91B
100
AcDbVisualStyle
  2
ColorChange
 70
    16
177
     2
291
     1
 71
     2
176
     1
 72
     2
176
     1
 73
     3
176
     1
 90
        0
176
     1
 40
0.6
176
     1
 41
30.0
176
     1
 63
     8
421
  8421504
176
     1
 74
     1
176
     1
 91
        4
176
     1
 64
     7
176
     1
 65
   257
176
     1
 75
     1
176
     1
175
     1
176
     1
 42
1.0
176
     1
 92
        8
176
     1
 66
     8
424
  8421504
176
     1
 43
1.0
176
     1
 76
     1
176
     1
 77
     6
176
     1
 78
     2
176
     1
 67
     7
176
     1
 79
     5
176
     1
170
     0
176
     1
171
     0
176
     1
290
     0
176
     1
 93
        1
176
     1
 44
0.0
176
     1
173
     0
176
     1
  0
VISUALSTYLE
  5
924
102
{ACAD_REACTORS
330
91B
102
}
330
91B
100
AcDbVisualStyle
  2
Conceptual
 70
     9
177
     2
291
     0
 71
     3
176
     1
 72
     2
176
     1
 73
     0
176
     1
 90
        0
176
     1
 40
0.6
176
     1
 41
30.0
176
     1
 63
     7
421
 16777215
176
     1
 74
     2
176
     1
 91
        2
176
     1
 64
     7
176
     1
 65
   257
176
     1
 75
     1
176
     1
175
     1
176
     1
 42
179.0
176
     1
 92
        8
176
     1
 66
     7
176
     1
 43
1.0
176
     1
 76
     1
176
     1
 77
     6
176
     1
 78
     2
176
     1
 67
     7
176
     1
 79
     3
176
     1
170
     0
176
     1
171
     0
176
     1
290
     0
176
     1
 93
        1
176
     1
 44
0.0
176
     1
173
     0
176
     1
  0
VISUALSTYLE
  5
926
102
{ACAD_REACTORS
330
91B
102
}
330
91B
100
AcDbVisualStyle
  2
Dim
 70
    11
177
     2
291
     1
 71
     2
176
     1
 72
     2
176
     1
 73
     0
176
     1
 90
        0
176
     1
 40
0.6
176
     1
 41
30.0
176
     1
 63
     7
421
 16777215
176
     1
 74
     1
176
     1
 91
        4
176
     1
 64
     7
176
     1
 65
   257
176
     1
 75
     1
176
     1
175
     1
176
     1
 42
1.0
176
     1
 92
        8
176
     1
 66
     7
176
     1
 43
1.0
176
     1
 76
     1
176
     1
 77
     6
176
     1
 78
     2
176
     1
 67
     7
176
     1
 79
     5
176
     1
170
     0
176
     1
171
     0
176
     1
290
     0
176
     1
 93
        1
176
     1
 44
-50.0
176
     1
173
     0
176
     1
  0
VISUALSTYLE
  5
933
102
{ACAD_REACTORS
330
91B
102
}
330
91B
100
AcDbVisualStyle
  2
EdgeColorOff
 70
    22
177
     2
291
     1
 71
     2
176
     0
 72
     2
176
     0
 73
     0
176
     0
 90
        0
176
     0
 40
0.6
176
     0
 41
30.0
176
     0
 63
     7
421
 16777215
176
     0
 74
     1
176
     0
 91
        4
176
     0
 64
     7
176
     0
 65
   257
176
     0
 75
     1
176
     0
175
     1
176
     0
 42
1.0
176
     0
 92
        8
176
     2
 66
     7
176
     0
 43
1.0
176
     0
 76
     1
176
     0
 77
     6
176
     0
 78
     2
176
     0
 67
     7
176
     0
 79
     5
176
     0
170
     0
176
     0
171
     0
176
     0
290
     0
176
     0
 93
        1
176
     0
 44
0.0
176
     0
173
     0
176
     0
  0
VISUALSTYLE
  5
92A
102
{ACAD_REACTORS
330
91B
102
}
330
91B
100
AcDbVisualStyle
  2
Facepattern
 70
    15
177
     2
291
     1
 71
     2
176
     1
 72
     2
176
     1
 73
     0
176
     1
 90
        0
176
     1
 40
0.6
176
     1
 41
30.0
176
     1
 63
     7
421
 16777215
176
     1
 74
     1
176
     1
 91
        4
176
     1
 64
     7
176
     1
 65
   257
176
     1
 75
     1
176
     1
175
     1
176
     1
 42
1.0
176
     1
 92
        8
176
     1
 66
     7
176
     1
 43
1.0
176
     1
 76
     1
176
     1
 77
     6
176
     1
 78
     2
176
     1
 67
     7
176
     1
 79
     5
176
     1
170
     0
176
     1
171
     0
176
     1
290
     0
176
     1
 93
        1
176
     1
 44
0.0
176
     1
173
     0
176
     1
  0
VISUALSTYLE
  5
91C
102
{ACAD_REACTORS
330
91B
102
}
330
91B
100
AcDbVisualStyle
  2
Flat
 70
     0
177
     2
291
     1
 71
     2
176
     1
 72
     1
176
     1
 73
     1
176
     1
 90
        2
176
     1
 40
0.6
176
     1
 41
30.0
176
     1
 63
     7
421
 16777215
176
     1
 74
     0
176
     1
 91
        0
176
     1
 64
     7
176
     1
 65
   257
176
     1
 75
     1
176
     1
175
     1
176
     1
 42
1.0
176
     1
 92
        8
176
     1
 66
     7
176
     1
 43
1.0
176
     1
 76
     1
176
     1
 77
     6
176
     1
 78
     2
176
     1
 67
     7
176
     1
 79
     5
176
     1
170
     0
176
     1
171
     0
176
     1
290
     0
176
     1
 93
       13
176
     1
 44
0.0
176
     1
173
     0
176
     1
  0
VISUALSTYLE
  5
91D
102
{ACAD_REACTORS
330
91B
102
}
330
91B
100
AcDbVisualStyle
  2
FlatWithEdges
 70
     1
177
     2
291
     1
 71
     2
176
     1
 72
     1
176
     1
 73
     1
176
     1
 90
        2
176
     1
 40
0.6
176
     1
 41
30.0
176
     1
 63
     7
421
 16777215
176
     1
 74
     1
176
     1
 91
        0
176
     1
 64
     7
176
     1
 65
   257
176
     1
 75
     1
176
     1
175
     1
176
     1
 42
1.0
176
     1
 92
        0
176
     1
 66
   257
176
     1
 43
1.0
176
     1
 76
     1
176
     1
 77
     6
176
     1
 78
     2
176
     1
 67
     7
176
     1
 79
     5
176
     1
170
     0
176
     1
171
     0
176
     1
290
     0
176
     1
 93
       13
176
     1
 44
0.0
176
     1
173
     0
176
     1
  0
VISUALSTYLE
  5
91E
102
{ACAD_REACTORS
330
91B
102
}
330
91B
100
AcDbVisualStyle
  2
Gouraud
 70
     2
177
     2
291
     1
 71
     2
176
     1
 72
     2
176
     1
 73
     1
176
     1
 90
        2
176
     1
 40
0.6
176
     1
 41
30.0
176
     1
 63
     7
421
 16777215
176
     1
 74
     0
176
     1
 91
        0
176
     1
 64
     7
176
     1
 65
   257
176
     1
 75
     1
176
     1
175
     1
176
     1
 42
1.0
176
     1
 92
        0
176
     1
 66
     7
176
     1
 43
1.0
176
     1
 76
     1
176
     1
 77
     6
176
     1
 78
     2
176
     1
 67
     7
176
     1
 79
     5
176
     1
170
     0
176
     1
171
     0
176
     1
290
     0
176
     1
 93
       13
176
     1
 44
0.0
176
     1
173
     0
176
     1
  0
VISUALSTYLE
  5
91F
102
{ACAD_REACTORS
330
91B
102
}
330
91B
100
AcDbVisualStyle
  2
GouraudWithEdges
 70
     3
177
     2
291
     1
 71
     2
176
     1
 72
     2
176
     1
 73
     1
176
     1
 90
        2
176
     1
 40
0.6
176
     1
 41
30.0
176
     1
 63
     7
421
 16777215
176
     1
 74
     1
176
     1
 91
        0
176
     1
 64
     7
176
     1
 65
   257
176
     1
 75
     1
176
     1
175
     1
176
     1
 42
1.0
176
     1
 92
        0
176
     1
 66
   257
176
     1
 43
1.0
176
     1
 76
     1
176
     1
 77
     6
176
     1
 78
     2
176
     1
 67
     7
176
     1
 79
     5
176
     1
170
     0
176
     1
171
     0
176
     1
290
     0
176
     1
 93
       13
176
     1
 44
0.0
176
     1
173
     0
176
     1
  0
VISUALSTYLE
  5
923
102
{ACAD_REACTORS
330
91B
102
}
330
91B
100
AcDbVisualStyle
  2
Hidden
 70
     6
177
     2
291
     0
 71
     1
176
     1
 72
     2
176
     1
 73
     2
176
     1
 90
        0
176
     1
 40
0.6
176
     1
 41
30.0
176
     1
 63
     7
421
 16777215
176
     1
 74
     2
176
     1
 91
        2
176
     1
 64
     7
176
     1
 65
   257
176
     1
 75
     2
176
     1
175
     1
176
     1
 42
40.0
176
     1
 92
        0
176
     1
 66
   257
176
     1
 43
1.0
176
     1
 76
     1
176
     1
 77
     6
176
     1
 78
     2
176
     1
 67
     7
176
     1
 79
     3
176
     1
170
     0
176
     1
171
     0
176
     1
290
     0
176
     1
 93
        1
176
     1
 44
0.0
176
     1
173
     0
176
     1
  0
VISUALSTYLE
  5
931
102
{ACAD_REACTORS
330
91B
102
}
330
91B
100
AcDbVisualStyle
  2
JitterOff
 70
    20
177
     2
291
     1
 71
     2
176
     0
 72
     2
176
     0
 73
     0
176
     0
 90
        0
176
     0
 40
0.6
176
     0
 41
30.0
176
     0
 63
     7
421
 16777215
176
     0
 74
     1
176
     0
 91
        4
176
     0
 64
     7
176
     0
 65
   257
176
     0
 75
     1
176
     0
175
     1
176
     0
 42
1.0
176
     0
 92
       10
176
     2
 66
     7
176
     0
 43
1.0
176
     0
 76
     1
176
     0
 77
     6
176
     0
 78
     2
176
     0
 67
     7
176
     0
 79
     5
176
     0
170
     0
176
     0
171
     0
176
     0
290
     0
176
     0
 93
        1
176
     0
 44
0.0
176
     0
173
     0
176
     0
  0
VISUALSTYLE
  5
929
102
{ACAD_REACTORS
330
91B
102
}
330
91B
100
AcDbVisualStyle
  2
Linepattern
 70
    14
177
     2
291
     1
 71
     2
176
     1
 72
     2
176
     1
 73
     0
176
     1
 90
        0
176
     1
 40
0.6
176
     1
 41
30.0
176
     1
 63
     7
421
 16777215
176
     1
 74
     1
176
     1
 91
        4
176
     1
 64
     7
176
     1
 65
   257
176
     1
 75
     7
176
     1
175
     7
176
     1
 42
1.0
176
     1
 92
        8
176
     1
 66
     7
176
     1
 43
1.0
176
     1
 76
     1
176
     1
 77
     6
176
     1
 78
     2
176
     1
 67
     7
176
     1
 79
     5
176
     1
170
     0
176
     1
171
     0
176
     1
290
     0
176
     1
 93
        1
176
     1
 44
0.0
176
     1
173
     0
176
     1
  0
VISUALSTYLE
  5
932
102
{ACAD_REACTORS
330
91B
102
}
330
91B
100
AcDbVisualStyle
  2
OverhangOff
 70
    21
177
     2
291
     1
 71
     2
176
     0
 72
     2
176
     0
 73
     0
176
     0
 90
        0
176
     0
 40
0.6
176
     0
 41
30.0
176
     0
 63
     7
421
 16777215
176
     0
 74
     1
176
     0
 91
        4
176
     0
 64
     7
176
     0
 65
   257
176
     0
 75
     1
176
     0
175
     1
176
     0
 42
1.0
176
     0
 92
        9
176
     2
 66
     7
176
     0
 43
1.0
176
     0
 76
     1
176
     0
 77
     6
176
     0
 78
     2
176
     0
 67
     7
176
     0
 79
     5
176
     0
170
     0
176
     0
171
     0
176
     0
290
     0
176
     0
 93
        1
176
     0
 44
0.0
176
     0
173
     0
176
     0
  0
VISUALSTYLE
  5
925
102
{ACAD_REACTORS
330
91B
102
}
330
91B
100
AcDbVisualStyle
  2
Realistic
 70
     8
177
     2
291
     0
 71
     2
176
     1
 72
     3
176
     1
 73
     0
176
     1
 90
        2
176
     1
 40
0.6
176
     1
 41
30.0
176
     1
 63
     7
421
 16777215
176
     1
 74
     0
176
     1
 91
        0
176
     1
 64
     7
176
     1
 65
   257
176
     1
 75
     1
176
     1
175
     1
176
     1
 42
1.0
176
     1
 92
        8
176
     1
 66
   257
176
     1
 43
1.0
176
     1
 76
     1
176
     1
 77
     6
176
     1
 78
     2
176
     1
 67
     7
176
     1
 79
     3
176
     1
170
     0
176
     1
171
     0
176
     1
290
     0
176
     1
 93
       13
176
     1
 44
0.0
176
     1
173
     0
176
     1
  0
VISUALSTYLE
  5
930
102
{ACAD_REACTORS
330
91B
102
}
330
91B
100
AcDbVisualStyle
  2
Shaded
 70
    27
177
     2
291
     0
 71
     2
176
     1
 72
     2
176
     1
 73
     1
176
     1
 90
        2
176
     1
 40
0.6
176
     1
 41
30.0
176
     1
 63
     7
421
 16777215
176
     1
 74
     0
176
     1
 91
        4
176
     1
 64
     7
176
     1
 65
   257
176
     1
 75
     1
176
     1
175
     1
176
     1
 42
1.0
176
     1
 92
        8
176
     1
 66
   257
176
     1
 43
1.0
176
     1
 76
     1
176
     1
 77
     6
176
     1
 78
     2
176
     1
 67
     8
425
  7895160
176
     1
 79
     3
176
     1
170
     0
176
     1
171
     0
176
     1
290
     0
176
     1
 93
        5
176
     1
 44
0.0
176
     1
173
     0
176
     1
  0
VISUALSTYLE
  5
92F
102
{ACAD_REACTORS
330
91B
102
}
330
91B
100
AcDbVisualStyle
  2
Shaded with edges
 70
    26
177
     2
291
     0
 71
     2
176
     1
 72
     2
176
     1
 73
     1
176
     1
 90
        2
176
     1
 40
0.6
176
     1
 41
30.0
176
     1
 63
     7
421
 16777215
176
     1
 74
     1
176
     1
 91
       10
176
     1
 64
     7
176
     1
 65
   257
176
     1
 75
     2
176
     1
175
     1
176
     1
 42
1.0
176
     1
 92
        8
176
     1
 66
   257
176
     1
 43
1.0
176
     1
 76
     1
176
     1
 77
     6
176
     1
 78
     2
176
     1
 67
     7
176
     1
 79
     3
176
     1
170
     0
176
     1
171
     0
176
     1
290
     0
176
     1
 93
        5
176
     1
 44
0.0
176
     1
173
     0
176
     1
  0
VISUALSTYLE
  5
92C
102
{ACAD_REACTORS
330
91B
102
}
330
91B
100
AcDbVisualStyle
  2
Shades of Gray
 70
    23
177
     2
291
     0
 71
     2
176
     1
 72
     2
176
     1
 73
     3
176
     1
 90
        0
176
     1
 40
0.6
176
     1
 41
30.0
176
     1
 63
     7
421
 16777215
176
     1
 74
     2
176
     1
 91
        2
176
     1
 64
     7
176
     1
 65
     7
176
     1
 75
     1
176
     1
175
     1
176
     1
 42
40.0
176
     1
 92
        8
176
     1
 66
     7
176
     1
 43
1.0
176
     1
 76
     1
176
     1
 77
     6
176
     1
 78
     2
176
     1
 67
     7
176
     1
 79
     3
176
     1
170
     0
176
     1
171
     0
176
     1
290
     0
176
     1
 93
        1
176
     1
 44
0.0
176
     1
173
     0
176
     1
  0
VISUALSTYLE
  5
92D
102
{ACAD_REACTORS
330
91B
102
}
330
91B
100
AcDbVisualStyle
  2
Sketchy
 70
    24
177
     2
291
     0
 71
     1
176
     1
 72
     2
176
     1
 73
     2
176
     1
 90
        0
176
     1
 40
0.6
176
     1
 41
30.0
176
     1
 63
     7
421
 16777215
176
     1
 74
     2
176
     1
 91
        2
176
     1
 64
     7
176
     1
 65
     7
176
     1
 75
     1
176
     1
175
     1
176
     1
 42
40.0
176
     1
 92
       11
176
     1
 66
     7
176
     1
 43
1.0
176
     1
 76
     1
176
     1
 77
     6
176
     1
 78
     2
176
     1
 67
     7
176
     1
 79
     6
176
     1
170
     0
176
     1
171
     0
176
     1
290
     0
176
     1
 93
        1
176
     1
 44
0.0
176
     1
173
     0
176
     1
  0
VISUALSTYLE
  5
928
102
{ACAD_REACTORS
330
91B
102
}
330
91B
100
AcDbVisualStyle
  2
Thicken
 70
    13
177
     2
291
     1
 71
     2
176
     1
 72
     2
176
     1
 73
     0
176
     1
 90
        0
176
     1
 40
0.6
176
     1
 41
30.0
176
     1
 63
     7
421
 16777215
176
     1
 74
     1
176
     1
 91
        4
176
     1
 64
     7
176
     1
 65
   257
176
     1
 75
     1
176
     1
175
     1
176
     1
 42
1.0
176
     1
 92
       12
176
     1
 66
     7
176
     1
 43
1.0
176
     1
 76
     1
176
     1
 77
     6
176
     1
 78
     2
176
     1
 67
     7
176
     1
 79
     5
176
     1
170
     0
176
     1
171
     0
176
     1
290
     0
176
     1
 93
        1
176
     1
 44
0.0
176
     1
173
     0
176
     1
  0
VISUALSTYLE
  5
922
102
{ACAD_REACTORS
330
91B
102
}
330
91B
100
AcDbVisualStyle
  2
Wireframe
 70
     5
177
     2
291
     0
 71
     0
176
     1
 72
     2
176
     1
 73
     0
176
     1
 90
        0
176
     1
 40
0.6
176
     1
 41
30.0
176
     1
 63
     7
421
 16777215
176
     1
 74
     1
176
     1
 91
        4
176
     1
 64
     7
176
     1
 65
   257
176
     1
 75
     1
176
     1
175
     1
176
     1
 42
1.0
176
     1
 92
        0
176
     1
 66
   257
176
     1
 43
1.0
176
     1
 76
     1
176
     1
 77
     6
176
     1
 78
     2
176
     1
 67
     7
176
     1
 79
     3
176
     1
170
     0
176
     1
171
     0
176
     1
290
     0
176
     1
 93
        1
176
     1
 44
0.0
176
     1
173
     0
176
     1
  0
VISUALSTYLE
  5
92E
102
{ACAD_REACTORS
330
91B
102
}
330
91B
100
AcDbVisualStyle
  2
X-Ray
 70
    25
177
     2
291
     0
 71
     2
176
     1
 72
     2
176
     1
 73
     1
176
     1
 90
        1
176
     1
 40
0.5
176
     1
 41
30.0
176
     1
 63
     7
421
 16777215
176
     1
 74
     1
176
     1
 91
        0
176
     1
 64
     7
176
     1
 65
   257
176
     1
 75
     1
176
     1
175
     1
176
     1
 42
1.0
176
     1
 92
        8
176
     1
 66
     7
176
     1
 43
1.0
176
     1
 76
     1
176
     1
 77
     6
176
     1
 78
     2
176
     1
 67
     7
176
     1
 79
     3
176
     1
170
     0
176
     1
171
     0
176
     1
290
     0
176
     1
 93
       13
176
     1
 44
0.0
176
     1
173
     0
176
     1
  0
DICTIONARYVAR
  5
9D0
102
{ACAD_REACTORS
330
3C2
102
}
330
3C2
100
DictionaryVariables
280
     0
  1
1:1
  0
DICTIONARYVAR
  5
9CE
102
{ACAD_REACTORS
330
3C2
102
}
330
3C2
100
DictionaryVariables
280
     0
  1
STANDARD
  0
DICTIONARYVAR
  5
3C3
102
{ACAD_REACTORS
330
3C2
102
}
330
3C2
100
DictionaryVariables
280
     0
  1
STANDARD
  0
DICTIONARYVAR
  5
3D1
102
{ACAD_REACTORS
330
3C2
102
}
330
3C2
100
DictionaryVariables
280
     0
  1
1
  0
DICTIONARYVAR
  5
3D0
102
{ACAD_REACTORS
330
3C2
102
}
330
3C2
100
DictionaryVariables
280
     0
  1
1
  0
DICTIONARYVAR
  5
9D2
102
{ACAD_REACTORS
330
3C2
102
}
330
3C2
100
DictionaryVariables
280
     0
  1
1
  0
DICTIONARYVAR
  5
9D3
102
{ACAD_REACTORS
330
3C2
102
}
330
3C2
100
DictionaryVariables
280
     0
  1
15
  0
DICTIONARYVAR
  5
9D1
102
{ACAD_REACTORS
330
3C2
102
}
330
3C2
100
DictionaryVariables
280
     0
  1
0
  0
DICTIONARYVAR
  5
9CF
102
{ACAD_REACTORS
330
3C2
102
}
330
3C2
100
DictionaryVariables
280
     0
  1
0
  0
DICTIONARYVAR
  5
3D2
102
{ACAD_REACTORS
330
3C2
102
}
330
3C2
100
DictionaryVariables
280
     0
  1

  0
DICTIONARY
  5
981
102
{ACAD_REACTORS
330
97A
102
}
330
97A
100
AcDbDictionary
281
     1
  0
XRECORD
  5
3C1
102
{ACAD_REACTORS
330
3BF
102
}
330
3BF
100
AcDbXrecord
280
     1
  0
DICTIONARY
  5
90C
330
90B
100
AcDbDictionary
280
     1
281
     1
  3
BUMPTILE
360
90E
  3
DIFFUSETILE
360
90D
  3
OPACITYTILE
360
911
  3
REFLECTIONTILE
360
910
  3
REFRACTIONTILE
360
912
  3
SPECULARTILE
360
90F
  0
DICTIONARY
  5
904
330
903
100
AcDbDictionary
280
     1
281
     1
  3
BUMPTILE
360
906
  3
DIFFUSETILE
360
905
  3
OPACITYTILE
360
909
  3
REFLECTIONTILE
360
908
  3
REFRACTIONTILE
360
90A
  3
SPECULARTILE
360
907
  0
DICTIONARY
  5
914
330
913
100
AcDbDictionary
280
     1
281
     1
  3
BUMPTILE
360
916
  3
DIFFUSETILE
360
915
  3
OPACITYTILE
360
919
  3
REFLECTIONTILE
360
918
  3
REFRACTIONTILE
360
91A
  3
SPECULARTILE
360
917
  0
DICTIONARY
  5
9D6
330
947
100
AcDbDictionary
280
     1
281
     1
  3
ACAD_XREC_ROUNDTRIP
360
9D7
  0
DICTIONARY
  5
9D4
330
28
100
AcDbDictionary
280
     1
281
     1
  3
ACAD_ROUNDTRIP_2008_TABLESTYLE_CELLSTYLEMAP
360
9D5
  0
XRECORD
  5
90E
102
{ACAD_REACTORS
330
90C
102
}
330
90C
100
AcDbXrecord
280
     1
270
     1
271
     1
  0
XRECORD
  5
90D
102
{ACAD_REACTORS
330
90C
102
}
330
90C
100
AcDbXrecord
280
     1
270
     1
271
     1
  0
XRECORD
  5
911
102
{ACAD_REACTORS
330
90C
102
}
330
90C
100
AcDbXrecord
280
     1
270
     1
271
     1
  0
XRECORD
  5
910
102
{ACAD_REACTORS
330
90C
102
}
330
90C
100
AcDbXrecord
280
     1
270
     1
271
     1
  0
XRECORD
  5
912
102
{ACAD_REACTORS
330
90C
102
}
330
90C
100
AcDbXrecord
280
     1
270
     1
271
     1
  0
XRECORD
  5
90F
102
{ACAD_REACTORS
330
90C
102
}
330
90C
100
AcDbXrecord
280
     1
270
     1
271
     1
  0
XRECORD
  5
906
102
{ACAD_REACTORS
330
904
102
}
330
904
100
AcDbXrecord
280
     1
270
     1
271
     1
  0
XRECORD
  5
905
102
{ACAD_REACTORS
330
904
102
}
330
904
100
AcDbXrecord
280
     1
270
     1
271
     1
  0
XRECORD
  5
909
102
{ACAD_REACTORS
330
904
102
}
330
904
100
AcDbXrecord
280
     1
270
     1
271
     1
  0
XRECORD
  5
908
102
{ACAD_REACTORS
330
904
102
}
330
904
100
AcDbXrecord
280
     1
270
     1
271
     1
  0
XRECORD
  5
90A
102
{ACAD_REACTORS
330
904
102
}
330
904
100
AcDbXrecord
280
     1
270
     1
271
     1
  0
XRECORD
  5
907
102
{ACAD_REACTORS
330
904
102
}
330
904
100
AcDbXrecord
280
     1
270
     1
271
     1
  0
XRECORD
  5
916
102
{ACAD_REACTORS
330
914
102
}
330
914
100
AcDbXrecord
280
     1
270
     1
271
     1
  0
XRECORD
  5
915
102
{ACAD_REACTORS
330
914
102
}
330
914
100
AcDbXrecord
280
     1
270
     1
271
     1
  0
XRECORD
  5
919
102
{ACAD_REACTORS
330
914
102
}
330
914
100
AcDbXrecord
280
     1
270
     1
271
     1
  0
XRECORD
  5
918
102
{ACAD_REACTORS
330
914
102
}
330
914
100
AcDbXrecord
280
     1
270
     1
271
     1
  0
XRECORD
  5
91A
102
{ACAD_REACTORS
330
914
102
}
330
914
100
AcDbXrecord
280
     1
270
     1
271
     1
  0
XRECORD
  5
917
102
{ACAD_REACTORS
330
914
102
}
330
914
100
AcDbXrecord
280
     1
270
     1
271
     1
  0
XRECORD
  5
9D7
102
{ACAD_REACTORS
330
9D6
102
}
330
9D6
100
AcDbXrecord
280
     1
102
ACAD_ROUNDTRIP_2012_MLEADER_STYLE
298
     1
  0
CELLSTYLEMAP
  5
9D5
102
{ACAD_REACTORS
330
9D4
102
}
330
9D4
100
AcDbCellStyleMap
 90
        3
300
CELLSTYLE
  1
TABLEFORMAT_BEGIN
 90
        5
170
     1
 91
        0
 92
    32768
 62
   257
 93
        1
300
CONTENTFORMAT
  1
CONTENTFORMAT_BEGIN
 90
        0
 91
        0
 92
        4
 93
        0
300

 40
0.0
140
1.0
 94
        5
 62
     0
340
12
144
6.0
309
CONTENTFORMAT_END
171
     1
301
MARGIN
  1
CELLMARGIN_BEGIN
 40
1.5
 40
1.5
 40
1.5
 40
1.5
 40
0.18
 40
0.18
309
CELLMARGIN_END
 94
        6
 95
        1
302
GRIDFORMAT
  1
GRIDFORMAT_BEGIN
 90
        0
 91
        1
 62
     0
 92
       -2
340
0
 93
        0
 40
0.045
309
GRIDFORMAT_END
 95
        2
302
GRIDFORMAT
  1
GRIDFORMAT_BEGIN
 90
        0
 91
        1
 62
     0
 92
       -2
340
0
 93
        0
 40
0.045
309
GRIDFORMAT_END
 95
        4
302
GRIDFORMAT
  1
GRIDFORMAT_BEGIN
 90
        0
 91
        1
 62
     0
 92
       -2
340
0
 93
        0
 40
0.045
309
GRIDFORMAT_END
 95
        8
302
GRIDFORMAT
  1
GRIDFORMAT_BEGIN
 90
        0
 91
        1
 62
     0
 92
       -2
340
0
 93
        0
 40
0.045
309
GRIDFORMAT_END
 95
       16
302
GRIDFORMAT
  1
GRIDFORMAT_BEGIN
 90
        0
 91
        1
 62
     0
 92
       -2
340
0
 93
        0
 40
0.045
309
GRIDFORMAT_END
 95
       32
302
GRIDFORMAT
  1
GRIDFORMAT_BEGIN
 90
        0
 91
        1
 62
     0
 92
       -2
340
0
 93
        0
 40
0.045
309
GRIDFORMAT_END
309
TABLEFORMAT_END
  1
CELLSTYLE_BEGIN
 90
        1
 91
        1
300
_TITLE
309
CELLSTYLE_END
300
CELLSTYLE
  1
TABLEFORMAT_BEGIN
 90
        5
170
     1
 91
        0
 92
        0
 62
   257
 93
        1
300
CONTENTFORMAT
  1
CONTENTFORMAT_BEGIN
 90
        0
 91
        0
 92
        4
 93
        0
300

 40
0.0
140
1.0
 94
        5
 62
     0
340
12
144
4.5
309
CONTENTFORMAT_END
171
     1
301
MARGIN
  1
CELLMARGIN_BEGIN
 40
1.5
 40
1.5
 40
1.5
 40
1.5
 40
0.18
 40
0.18
309
CELLMARGIN_END
 94
        6
 95
        1
302
GRIDFORMAT
  1
GRIDFORMAT_BEGIN
 90
        0
 91
        1
 62
     0
 92
       -2
340
0
 93
        0
 40
0.045
309
GRIDFORMAT_END
 95
        2
302
GRIDFORMAT
  1
GRIDFORMAT_BEGIN
 90
        0
 91
        1
 62
     0
 92
       -2
340
0
 93
        0
 40
0.045
309
GRIDFORMAT_END
 95
        4
302
GRIDFORMAT
  1
GRIDFORMAT_BEGIN
 90
        0
 91
        1
 62
     0
 92
       -2
340
0
 93
        0
 40
0.045
309
GRIDFORMAT_END
 95
        8
302
GRIDFORMAT
  1
GRIDFORMAT_BEGIN
 90
        0
 91
        1
 62
     0
 92
       -2
340
0
 93
        0
 40
0.045
309
GRIDFORMAT_END
 95
       16
302
GRIDFORMAT
  1
GRIDFORMAT_BEGIN
 90
        0
 91
        1
 62
     0
 92
       -2
340
0
 93
        0
 40
0.045
309
GRIDFORMAT_END
 95
       32
302
GRIDFORMAT
  1
GRIDFORMAT_BEGIN
 90
        0
 91
        1
 62
     0
 92
       -2
340
0
 93
        0
 40
0.045
309
GRIDFORMAT_END
309
TABLEFORMAT_END
  1
CELLSTYLE_BEGIN
 90
        2
 91
        1
300
_HEADER
309
CELLSTYLE_END
300
CELLSTYLE
  1
TABLEFORMAT_BEGIN
 90
        5
170
     1
 91
        0
 92
        0
 62
   257
 93
        1
300
CONTENTFORMAT
  1
CONTENTFORMAT_BEGIN
 90
        0
 91
        0
 92
        4
 93
        0
300

 40
0.0
140
1.0
 94
        2
 62
     0
340
12
144
4.5
309
CONTENTFORMAT_END
171
     1
301
MARGIN
  1
CELLMARGIN_BEGIN
 40
1.5
 40
1.5
 40
1.5
 40
1.5
 40
0.18
 40
0.18
309
CELLMARGIN_END
 94
        6
 95
        1
302
GRIDFORMAT
  1
GRIDFORMAT_BEGIN
 90
        0
 91
        1
 62
     0
 92
       -2
340
0
 93
        0
 40
0.045
309
GRIDFORMAT_END
 95
        2
302
GRIDFORMAT
  1
GRIDFORMAT_BEGIN
 90
        0
 91
        1
 62
     0
 92
       -2
340
0
 93
        0
 40
0.045
309
GRIDFORMAT_END
 95
        4
302
GRIDFORMAT
  1
GRIDFORMAT_BEGIN
 90
        0
 91
        1
 62
     0
 92
       -2
340
0
 93
        0
 40
0.045
309
GRIDFORMAT_END
 95
        8
302
GRIDFORMAT
  1
GRIDFORMAT_BEGIN
 90
        0
 91
        1
 62
     0
 92
       -2
340
0
 93
        0
 40
0.045
309
GRIDFORMAT_END
 95
       16
302
GRIDFORMAT
  1
GRIDFORMAT_BEGIN
 90
        0
 91
        1
 62
     0
 92
       -2
340
0
 93
        0
 40
0.045
309
GRIDFORMAT_END
 95
       32
302
GRIDFORMAT
  1
GRIDFORMAT_BEGIN
 90
        0
 91
        1
 62
     0
 92
       -2
340
0
 93
        0
 40
0.045
309
GRIDFORMAT_END
309
TABLEFORMAT_END
  1
CELLSTYLE_BEGIN
 90
        3
 91
        2
300
_DATA
309
CELLSTYLE_END
  0
ENDSEC
  0
EOF
