  0
SECTION
  2
HEADER
  9
$ACADVER
  1
AC1032
  9
$ACADMAINTVER
 90
4
  9
$DWGCODEPAGE
  3
ANSI_1252
  9
$LASTSAVEDBY
  1
ezdxf
  9
$REQUIREDVERSIONS
160
0
  9
$INSBASE
 10
0.0
 20
0.0
 30
0.0
  9
$EXTMIN
 10
1e+20
 20
1e+20
 30
1e+20
  9
$EXTMAX
 10
-1e+20
 20
-1e+20
 30
-1e+20
  9
$LIMMIN
 10
0.0
 20
0.0
  9
$LIMMAX
 10
420.0
 20
297.0
  9
$ORTHOMODE
 70
0
  9
$REGENMODE
 70
1
  9
$FILLMODE
 70
1
  9
$QTEXTMODE
 70
0
  9
$MIRRTEXT
 70
1
  9
$LTSCALE
 40
1.0
  9
$ATTMODE
 70
1
  9
$TEXTSIZE
 40
2.5
  9
$TRACEWID
 40
1.0
  9
$TEXTSTYLE
  7
Standard
  9
$CLAYER
  8
0
  9
$CELTYPE
  6
ByLayer
  9
$CECOLOR
 62
256
  9
$CELTSCALE
 40
1.0
  9
$DISPSILH
 70
0
  9
$DIMSCALE
 40
1.0
  9
$DIMASZ
 40
2.5
  9
$DIMEXO
 40
0.625
  9
$DIMDLI
 40
3.75
  9
$DIMRND
 40
0.0
  9
$DIMDLE
 40
0.0
  9
$DIMEXE
 40
1.25
  9
$DIMTP
 40
0.0
  9
$DIMTM
 40
0.0
  9
$DIMTXT
 40
2.5
  9
$DIMCEN
 40
2.5
  9
$DIMTSZ
 40
0.0
  9
$DIMTOL
 70
0
  9
$DIMLIM
 70
0
  9
$DIMTIH
 70
0
  9
$DIMTOH
 70
0
  9
$DIMSE1
 70
0
  9
$DIMSE2
 70
0
  9
$DIMTAD
 70
1
  9
$DIMZIN
 70
8
  9
$DIMBLK
  1

  9
$DIMASO
 70
1
  9
$DIMSHO
 70
1
  9
$DIMPOST
  1

  9
$DIMAPOST
  1

  9
$DIMALT
 70
0
  9
$DIMALTD
 70
3
  9
$DIMALTF
 40
0.03937007874
  9
$DIMLFAC
 40
1.0
  9
$DIMTOFL
 70
1
  9
$DIMTVP
 40
0.0
  9
$DIMTIX
 70
0
  9
$DIMSOXD
 70
0
  9
$DIMSAH
 70
0
  9
$DIMBLK1
  1

  9
$DIMBLK2
  1

  9
$DIMSTYLE
  2
ISO-25
  9
$DIMCLRD
 70
0
  9
$DIMCLRE
 70
0
  9
$DIMCLRT
 70
0
  9
$DIMTFAC
 40
1.0
  9
$DIMGAP
 40
0.625
  9
$DIMJUST
 70
0
  9
$DIMSD1
 70
0
  9
$DIMSD2
 70
0
  9
$DIMTOLJ
 70
0
  9
$DIMTZIN
 70
8
  9
$DIMALTZ
 70
0
  9
$DIMALTTZ
 70
0
  9
$DIMUPT
 70
0
  9
$DIMDEC
 70
2
  9
$DIMTDEC
 70
2
  9
$DIMALTU
 70
2
  9
$DIMALTTD
 70
3
  9
$DIMTXSTY
  7
Standard
  9
$DIMAUNIT
 70
0
  9
$DIMADEC
 70
0
  9
$DIMALTRND
 40
0.0
  9
$DIMAZIN
 70
0
  9
$DIMDSEP
 70
44
  9
$DIMATFIT
 70
3
  9
$DIMFRAC
 70
0
  9
$DIMLDRBLK
  1

  9
$DIMLUNIT
 70
2
  9
$DIMLWD
 70
-2
  9
$DIMLWE
 70
-2
  9
$DIMTMOVE
 70
0
  9
$DIMFXL
 40
1.0
  9
$DIMFXLON
 70
0
  9
$DIMJOGANG
 40
0.785398163397
  9
$DIMTFILL
 70
0
  9
$DIMTFILLCLR
 70
0
  9
$DIMARCSYM
 70
0
  9
$DIMLTYPE
  6

  9
$DIMLTEX1
  6

  9
$DIMLTEX2
  6

  9
$DIMTXTDIRECTION
 70
0
  9
$LUNITS
 70
2
  9
$LUPREC
 70
4
  9
$SKETCHINC
 40
1.0
  9
$FILLETRAD
 40
10.0
  9
$AUNITS
 70
0
  9
$AUPREC
 70
2
  9
$MENU
  1
.
  9
$ELEVATION
 40
0.0
  9
$PELEVATION
 40
0.0
  9
$THICKNESS
 40
0.0
  9
$LIMCHECK
 70
0
  9
$CHAMFERA
 40
0.0
  9
$CHAMFERB
 40
0.0
  9
$CHAMFERC
 40
0.0
  9
$CHAMFERD
 40
0.0
  9
$SKPOLY
 70
0
  9
$TDCREATE
 40
2461085.246006944
  9
$TDUCREATE
 40
2458532.153996898
  9
$TDUPDATE
 40
2461085.246006944
  9
$TDUUPDATE
 40
2458532.1544311
  9
$TDINDWG
 40
0.0
  9
$TDUSRTIMER
 40
0.0
  9
$USRTIMER
 70
1
  9
$ANGBASE
 50
0.0
  9
$ANGDIR
 70
0
  9
$PDMODE
 70
0
  9
$PDSIZE
 40
0.0
  9
$PLINEWID
 40
0.0
  9
$SPLFRAME
 70
0
  9
$SPLINETYPE
 70
6
  9
$SPLINESEGS
 70
8
  9
$HANDSEED
  5
75F
  9
$SURFTAB1
 70
6
  9
$SURFTAB2
 70
6
  9
$SURFTYPE
 70
6
  9
$SURFU
 70
6
  9
$SURFV
 70
6
  9
$UCSBASE
  2

  9
$UCSNAME
  2

  9
$UCSORG
 10
0.0
 20
0.0
 30
0.0
  9
$UCSXDIR
 10
1.0
 20
0.0
 30
0.0
  9
$UCSYDIR
 10
0.0
 20
1.0
 30
0.0
  9
$UCSORTHOREF
  2

  9
$UCSORTHOVIEW
 70
0
  9
$UCSORGTOP
 10
0.0
 20
0.0
 30
0.0
  9
$UCSORGBOTTOM
 10
0.0
 20
0.0
 30
0.0
  9
$UCSORGLEFT
 10
0.0
 20
0.0
 30
0.0
  9
$UCSORGRIGHT
 10
0.0
 20
0.0
 30
0.0
  9
$UCSORGFRONT
 10
0.0
 20
0.0
 30
0.0
  9
$UCSORGBACK
 10
0.0
 20
0.0
 30
0.0
  9
$PUCSBASE
  2

  9
$PUCSNAME
  2

  9
$PUCSORG
 10
0.0
 20
0.0
 30
0.0
  9
$PUCSXDIR
 10
1.0
 20
0.0
 30
0.0
  9
$PUCSYDIR
 10
0.0
 20
1.0
 30
0.0
  9
$PUCSORTHOREF
  2

  9
$PUCSORTHOVIEW
 70
0
  9
$PUCSORGTOP
 10
0.0
 20
0.0
 30
0.0
  9
$PUCSORGBOTTOM
 10
0.0
 20
0.0
 30
0.0
  9
$PUCSORGLEFT
 10
0.0
 20
0.0
 30
0.0
  9
$PUCSORGRIGHT
 10
0.0
 20
0.0
 30
0.0
  9
$PUCSORGFRONT
 10
0.0
 20
0.0
 30
0.0
  9
$PUCSORGBACK
 10
0.0
 20
0.0
 30
0.0
  9
$USERI1
 70
0
  9
$USERI2
 70
0
  9
$USERI3
 70
0
  9
$USERI4
 70
0
  9
$USERI5
 70
0
  9
$USERR1
 40
0.0
  9
$USERR2
 40
0.0
  9
$USERR3
 40
0.0
  9
$USERR4
 40
0.0
  9
$USERR5
 40
0.0
  9
$WORLDVIEW
 70
1
  9
$SHADEDGE
 70
3
  9
$SHADEDIF
 70
70
  9
$TILEMODE
 70
1
  9
$MAXACTVP
 70
64
  9
$PINSBASE
 10
0.0
 20
0.0
 30
0.0
  9
$PLIMCHECK
 70
0
  9
$PEXTMIN
 10
1e+20
 20
1e+20
 30
1e+20
  9
$PEXTMAX
 10
-1e+20
 20
-1e+20
 30
-1e+20
  9
$PLIMMIN
 10
0.0
 20
0.0
  9
$PLIMMAX
 10
420.0
 20
297.0
  9
$UNITMODE
 70
0
  9
$VISRETAIN
 70
1
  9
$PLINEGEN
 70
0
  9
$PSLTSCALE
 70
1
  9
$TREEDEPTH
 70
3020
  9
$CMLSTYLE
  2
Standard
  9
$CMLJUST
 70
0
  9
$CMLSCALE
 40
20.0
  9
$PROXYGRAPHICS
 70
1
  9
$MEASUREMENT
 70
1
  9
$CELWEIGHT
370
-1
  9
$ENDCAPS
280
0
  9
$JOINSTYLE
280
0
  9
$LWDISPLAY
290
0
  9
$INSUNITS
 70
6
  9
$HYPERLINKBASE
  1

  9
$STYLESHEET
  1

  9
$XEDIT
290
1
  9
$CEPSNTYPE
380
0
  9
$PSTYLEMODE
290
1
  9
$FINGERPRINTGUID
  2
{1F40E0E8-1C5B-4B12-850F-FAB004D2E1E4}
  9
$VERSIONGUID
  2
{F0E4EF30-B79A-40BB-AE89-B75C89799A52}
  9
$EXTNAMES
290
1
  9
$PSVPSCALE
 40
0.0
  9
$OLESTARTUP
290
0
  9
$SORTENTS
280
127
  9
$INDEXCTL
280
0
  9
$HIDETEXT
280
1
  9
$XCLIPFRAME
280
1
  9
$HALOGAP
280
0
  9
$OBSCOLOR
 70
257
  9
$OBSLTYPE
280
0
  9
$INTERSECTIONDISPLAY
280
0
  9
$INTERSECTIONCOLOR
 70
257
  9
$DIMASSOC
280
2
  9
$PROJECTNAME
  1

  9
$CAMERADISPLAY
290
0
  9
$LENSLENGTH
 40
50.0
  9
$CAMERAHEIGHT
 40
0.0
  9
$STEPSPERSEC
 40
24.0
  9
$STEPSIZE
 40
100.0
  9
$3DDWFPREC
 40
2.0
  9
$PSOLWIDTH
 40
0.005
  9
$PSOLHEIGHT
 40
0.08
  9
$LOFTANG1
 40
1.570796326795
  9
$LOFTANG2
 40
1.570796326795
  9
$LOFTMAG1
 40
0.0
  9
$LOFTMAG2
 40
0.0
  9
$LOFTPARAM
 70
7
  9
$LOFTNORMALS
280
1
  9
$LATITUDE
 40
37.795
  9
$LONGITUDE
 40
-122.394
  9
$NORTHDIRECTION
 40
0.0
  9
$TIMEZONE
 70
-8000
  9
$LIGHTGLYPHDISPLAY
280
1
  9
$TILEMODELIGHTSYNCH
280
1
  9
$CMATERIAL
347
20
  9
$SOLIDHIST
280
0
  9
$SHOWHIST
280
1
  9
$DWFFRAME
280
2
  9
$DGNFRAME
280
2
  9
$REALWORLDSCALE
290
1
  9
$INTERFERECOLOR
 62
256
  9
$CSHADOW
280
0
  9
$SHADOWPLANELOCATION
 40
0.0
  0
ENDSEC
  0
SECTION
  2
CLASSES
  0
CLASS
  1
ACDBDICTIONARYWDFLT
  2
AcDbDictionaryWithDefault
  3
ObjectDBX Classes
 90
0
 91
0
280
0
281
0
  0
CLASS
  1
SUN
  2
AcDbSun
  3
SCENEOE
 90
1153
 91
0
280
0
281
0
  0
CLASS
  1
VISUALSTYLE
  2
AcDbVisualStyle
  3
ObjectDBX Classes
 90
4095
 91
0
280
0
281
0
  0
CLASS
  1
MATERIAL
  2
AcDbMaterial
  3
ObjectDBX Classes
 90
1153
 91
0
280
0
281
0
  0
CLASS
  1
SCALE
  2
AcDbScale
  3
ObjectDBX Classes
 90
1153
 91
0
280
0
281
0
  0
CLASS
  1
TABLESTYLE
  2
AcDbTableStyle
  3
ObjectDBX Classes
 90
4095
 91
0
280
0
281
0
  0
CLASS
  1
MLEADERSTYLE
  2
AcDbMLeaderStyle
  3
ACDB_MLEADERSTYLE_CLASS
 90
4095
 91
0
280
0
281
0
  0
CLASS
  1
DICTIONARYVAR
  2
AcDbDictionaryVar
  3
ObjectDBX Classes
 90
0
 91
0
280
0
281
0
  0
CLASS
  1
CELLSTYLEMAP
  2
AcDbCellStyleMap
  3
ObjectDBX Classes
 90
1152
 91
0
280
0
281
0
  0
CLASS
  1
MENTALRAYRENDERSETTINGS
  2
AcDbMentalRayRenderSettings
  3
SCENEOE
 90
1024
 91
0
280
0
281
0
  0
CLASS
  1
ACDBDETAILVIEWSTYLE
  2
AcDbDetailViewStyle
  3
ObjectDBX Classes
 90
1025
 91
0
280
0
281
0
  0
CLASS
  1
ACDBSECTIONVIEWSTYLE
  2
AcDbSectionViewStyle
  3
ObjectDBX Classes
 90
1025
 91
0
280
0
281
0
  0
CLASS
  1
RASTERVARIABLES
  2
AcDbRasterVariables
  3
ISM
 90
0
 91
0
280
0
281
0
  0
CLASS
  1
LAYOUT
  2
AcDbLayout
  3
ObjectDBX Classes
 90
0
 91
0
280
0
281
0
  0
CLASS
  1
ACDBPLACEHOLDER
  2
AcDbPlaceHolder
  3
ObjectDBX Classes
 90
0
 91
0
280
0
281
0
  0
ENDSEC
  0
SECTION
  2
TABLES
  0
TABLE
  2
VPORT
  5
8
330
0
100
AcDbSymbolTable
 70
1
  0
VPORT
  5
23
330
8
100
AcDbSymbolTableRecord
100
AcDbViewportTableRecord
  2
*Active
 70
0
 10
0.0
 20
0.0
 11
1.0
 21
1.0
 12
0.0
 22
0.0
 13
0.0
 23
0.0
 14
0.5
 24
0.5
 15
0.5
 25
0.5
 16
0.0
 26
0.0
 36
1.0
 17
0.0
 27
0.0
 37
0.0
 40
1000.0
 41
1.34
 42
50.0
 43
0.0
 44
0.0
 50
0.0
 51
0.0
 71
0
 72
1000
 73
1
 74
3
 75
0
 76
0
 77
0
 78
0
281
0
 65
0
146
0.0
  0
ENDTAB
  0
TABLE
  2
LTYPE
  5
2
330
0
100
AcDbSymbolTable
 70
3
  0
LTYPE
  5
24
330
2
100
AcDbSymbolTableRecord
100
AcDbLinetypeTableRecord
  2
ByBlock
 70
0
  3

 72
65
 73
0
 40
0.0
  0
LTYPE
  5
25
330
2
100
AcDbSymbolTableRecord
100
AcDbLinetypeTableRecord
  2
ByLayer
 70
0
  3

 72
65
 73
0
 40
0.0
  0
LTYPE
  5
26
330
2
100
AcDbSymbolTableRecord
100
AcDbLinetypeTableRecord
  2
Continuous
 70
0
  3

 72
65
 73
0
 40
0.0
  0
ENDTAB
  0
TABLE
  2
LAYER
  5
1
330
0
100
AcDbSymbolTable
 70
3
  0
LAYER
  5
27
330
1
100
AcDbSymbolTableRecord
100
AcDbLayerTableRecord
  2
0
 70
0
 62
7
  6
Continuous
370
-3
390
13
347
21
  0
LAYER
  5
28
330
1
100
AcDbSymbolTableRecord
100
AcDbLayerTableRecord
  2
Defpoints
 70
0
 62
7
  6
Continuous
290
0
370
-3
390
13
347
21
  0
LAYER
  5
759
330
1
100
AcDbSymbolTableRecord
100
AcDbLayerTableRecord
  2
A-DETL-GENF
 70
0
 62
92
  6
Continuous
370
18
390
13
347
21
348
0
  0
ENDTAB
  0
TABLE
  2
STYLE
  5
5
330
0
100
AcDbSymbolTable
 70
1
  0
STYLE
  5
29
330
5
100
AcDbSymbolTableRecord
100
AcDbTextStyleTableRecord
  2
Standard
 70
0
 40
0.0
 41
1.0
 50
0.0
 71
0
 42
2.5
  3
txt
  4

  0
ENDTAB
  0
TABLE
  2
VIEW
  5
7
330
0
100
AcDbSymbolTable
 70
0
  0
ENDTAB
  0
TABLE
  2
UCS
  5
6
330
0
100
AcDbSymbolTable
 70
0
  0
ENDTAB
  0
TABLE
  2
APPID
  5
3
330
0
100
AcDbSymbolTable
 70
3
  0
APPID
  5
2A
330
3
100
AcDbSymbolTableRecord
100
AcDbRegAppTableRecord
  2
ACAD
 70
0
  0
APPID
  5
75C
330
3
100
AcDbSymbolTableRecord
100
AcDbRegAppTableRecord
  2
HATCHBACKGROUNDCOLOR
 70
0
  0
APPID
  5
75D
330
3
100
AcDbSymbolTableRecord
100
AcDbRegAppTableRecord
  2
EZDXF
 70
0
  0
ENDTAB
  0
TABLE
  2
DIMSTYLE
  5
4
330
0
100
AcDbSymbolTable
 70
1
100
AcDbDimStyleTable
  0
DIMSTYLE
105
2B
330
4
100
AcDbSymbolTableRecord
100
AcDbDimStyleTableRecord
  2
Standard
 70
0
 40
1.0
 41
2.5
 42
0.625
 43
3.75
 44
1.25
 45
0.0
 46
0.0
 47
0.0
 48
0.0
 49
2.5
140
2.5
141
2.5
142
0.0
143
0.03937007874
144
1.0
145
0.0
146
1.0
147
0.625
148
0.0
 69
0
 70
0
 71
0
 72
0
 73
0
 74
0
 75
0
 76
0
 77
1
 78
8
 79
3
170
0
171
3
172
1
173
0
174
0
175
0
176
0
177
0
178
0
179
2
271
2
272
2
273
2
274
3
275
0
276
0
277
2
278
44
279
0
280
0
281
0
282
0
283
0
284
8
285
0
286
0
288
0
289
3
290
0
371
-2
372
-2
  0
ENDTAB
  0
TABLE
  2
BLOCK_RECORD
  5
9
330
0
100
AcDbSymbolTable
 70
3
  0
BLOCK_RECORD
  5
17
330
9
100
AcDbSymbolTableRecord
100
AcDbBlockTableRecord
  2
*Model_Space
340
1A
 70
0
280
1
281
0
  0
BLOCK_RECORD
  5
1B
330
9
100
AcDbSymbolTableRecord
100
AcDbBlockTableRecord
  2
*Paper_Space
340
1E
 70
0
280
1
281
0
  0
BLOCK_RECORD
  5
2F
330
9
100
AcDbSymbolTableRecord
100
AcDbBlockTableRecord
  2
90 boom_aanzicht - 1_ Boom_Schaduw-3645209-00_0 Basismaterialen
340
0
 70
0
280
1
281
0
  0
ENDTAB
  0
ENDSEC
  0
SECTION
  2
BLOCKS
  0
BLOCK
  5
18
330
17
100
AcDbEntity
  8
0
100
AcDbBlockBegin
  2
*Model_Space
 70
0
 10
0.0
 20
0.0
 30
0.0
  3
*Model_Space
  1

  0
ENDBLK
  5
19
330
17
100
AcDbEntity
  8
0
100
AcDbBlockEnd
  0
BLOCK
  5
1C
330
1B
100
AcDbEntity
  8
0
100
AcDbBlockBegin
  2
*Paper_Space
 70
0
 10
0.0
 20
0.0
 30
0.0
  3
*Paper_Space
  1

  0
ENDBLK
  5
1D
330
1B
100
AcDbEntity
  8
0
100
AcDbBlockEnd
  0
BLOCK
  5
30
330
2F
100
AcDbEntity
  8
0
100
AcDbBlockBegin
  2
90 boom_aanzicht - 1_ Boom_Schaduw-3645209-00_0 Basismaterialen
 70
0
 10
0.0
 20
0.0
 30
0.0
  3
90 boom_aanzicht - 1_ Boom_Schaduw-3645209-00_0 Basismaterialen
  1

  0
LINE
  5
32
330
2F
100
AcDbEntity
  8
A-DETL-GENF
370
13
100
AcDbLine
 10
41.45102125362021
 20
130.9420290831844
 30
0.0
 11
-30.76678152462644
 21
226.7782902888615
 31
0.0
  0
LINE
  5
33
330
2F
100
AcDbEntity
  8
A-DETL-GENF
370
13
100
AcDbLine
 10
8.012681485398751
 20
101.5269178487504
 30
0.0
 11
56.15788333756337
 21
165.4177586525348
 31
0.0
  0
LINE
  5
34
330
2F
100
AcDbEntity
  8
A-DETL-GENF
370
13
100
AcDbLine
 10
699.7994177123416
 20
3901.941074411952
 30
0.0
 11
648.6451407444164
 21
3969.825092765973
 31
0.0
  0
LINE
  5
35
330
2F
100
AcDbEntity
  8
A-DETL-GENF
370
13
100
AcDbLine
 10
-821.5717333469566
 20
4308.810502530104
 30
0.0
 11
-797.4991324208733
 21
4340.755922931998
 31
0.0
  0
LINE
  5
36
330
2F
100
AcDbEntity
  8
A-DETL-GENF
370
13
100
AcDbLine
 10
-825.8992779455308
 20
4170.363174718195
 30
0.0
 11
-705.5362733151203
 21
4330.090276727653
 31
0.0
  0
LINE
  5
37
330
2F
100
AcDbEntity
  8
A-DETL-GENF
370
13
100
AcDbLine
 10
-803.7548731219767
 20
3934.340828143077
 30
0.0
 11
-550.9925633981161
 21
4269.767742362939
 31
0.0
  0
LINE
  5
38
330
2F
100
AcDbEntity
  8
A-DETL-GENF
370
13
100
AcDbLine
 10
-1114.185210528029
 20
3920.499302900624
 30
0.0
 11
-1275.548217352092
 21
4134.635245507593
 31
0.0
  0
LINE
  5
39
330
2F
100
AcDbEntity
  8
A-DETL-GENF
370
13
100
AcDbLine
 10
-1038.225141681693
 20
4021.30171891308
 30
0.0
 11
-978.043639366489
 21
4101.165269917809
 31
0.0
  0
LINE
  5
3A
330
2F
100
AcDbEntity
  8
A-DETL-GENF
370
13
100
AcDbLine
 10
-1690.940571186389
 20
3685.937016845298
 30
0.0
 11
-1570.577566555979
 21
3845.664118854755
 31
0.0
  0
LINE
  5
3B
330
2F
100
AcDbEntity
  8
A-DETL-GENF
370
13
100
AcDbLine
 10
-1931.666580447208
 20
3366.482812826382
 30
0.0
 11
-1847.412477205921
 21
3478.291784233003
 31
0.0
  0
LINE
  5
3C
330
2F
100
AcDbEntity
  8
A-DETL-GENF
370
13
100
AcDbLine
 10
-2401.082298505806
 20
2743.547114989496
 30
0.0
 11
-2112.211087392822
 21
3126.892159812194
 31
0.0
  0
LINE
  5
3D
330
2F
100
AcDbEntity
  8
A-DETL-GENF
370
13
100
AcDbLine
 10
-2333.120009437548
 20
2568.327154438914
 30
0.0
 11
-1148.439313769314
 21
4140.451536899104
 31
0.0
  0
LINE
  5
3E
330
2F
100
AcDbEntity
  8
A-DETL-GENF
370
13
100
AcDbLine
 10
-2279.927907561315
 20
2506.210975622834
 30
0.0
 11
-1146.584515621478
 21
4010.208455014301
 31
0.0
  0
LINE
  5
3F
330
2F
100
AcDbEntity
  8
A-DETL-GENF
370
13
100
AcDbLine
 10
-2301.62821592012
 20
2344.709211625675
 30
0.0
 11
-1114.185210528027
 21
3920.499302900624
 31
0.0
  0
LINE
  5
40
330
2F
100
AcDbEntity
  8
A-DETL-GENF
370
13
100
AcDbLine
 10
-2208.275552110946
 20
2070.478934231988
 30
0.0
 11
-839.8637745110974
 21
3886.422697540242
 31
0.0
  0
LINE
  5
41
330
2F
100
AcDbEntity
  8
A-DETL-GENF
370
13
100
AcDbLine
 10
-2153.599376015721
 20
2010.332188423122
 30
0.0
 11
-295.6781348520141
 21
4475.876950487977
 31
0.0
  0
LINE
  5
42
330
2F
100
AcDbEntity
  8
A-DETL-GENF
370
13
100
AcDbLine
 10
-2083.468694285379
 20
1970.694264288039
 30
0.0
 11
-190.217893761719
 21
4483.122935151651
 31
0.0
  0
LINE
  5
43
330
2F
100
AcDbEntity
  8
A-DETL-GENF
370
13
100
AcDbLine
 10
-2034.627765150017
 20
1957.060256721814
 30
0.0
 11
-2299.426375336918
 21
2308.459881142622
 31
0.0
  0
LINE
  5
44
330
2F
100
AcDbEntity
  8
A-DETL-GENF
370
13
100
AcDbLine
 10
-1914.185210528029
 20
1929.932070470013
 30
0.0
 11
-2282.977168087489
 21
2419.335528004546
 31
0.0
  0
LINE
  5
45
330
2F
100
AcDbEntity
  8
A-DETL-GENF
370
13
100
AcDbLine
 10
-1900.753383956271
 20
1947.756706366966
 30
0.0
 11
-4.390144609115489
 21
4464.315723053908
 31
0.0
  0
LINE
  5
46
330
2F
100
AcDbEntity
  8
A-DETL-GENF
370
13
100
AcDbLine
 10
-1803.558150166531
 20
1944.034655891784
 30
0.0
 11
54.48101293533117
 21
4409.735905654025
 31
0.0
  0
LINE
  5
47
330
2F
100
AcDbEntity
  8
A-DETL-GENF
370
13
100
AcDbLine
 10
-1693.043534155808
 20
1957.98802262014
 30
0.0
 11
126.8474943191187
 21
4373.064987871228
 31
0.0
  0
LINE
  5
48
330
2F
100
AcDbEntity
  8
A-DETL-GENF
370
13
100
AcDbLine
 10
-1628.5917823836
 20
1949.05023704828
 30
0.0
 11
-2326.697209239973
 21
2875.467428703143
 31
0.0
  0
LINE
  5
49
330
2F
100
AcDbEntity
  8
A-DETL-GENF
370
13
100
AcDbLine
 10
-1593.152764975836
 20
1957.843068426062
 30
0.0
 11
224.798121039927
 21
4370.34537767351
 31
0.0
  0
LINE
  5
4A
330
2F
100
AcDbEntity
  8
A-DETL-GENF
370
13
100
AcDbLine
 10
-1514.185210528017
 20
1929.932070470027
 30
0.0
 11
-1297.531802193279
 21
2217.440854087053
 31
0.0
  0
LINE
  5
4B
330
2F
100
AcDbEntity
  8
A-DETL-GENF
370
13
100
AcDbLine
 10
-1514.185210528019
 20
1929.932070470027
 30
0.0
 11
-2278.116084134682
 21
2943.702580365714
 31
0.0
  0
LINE
  5
4C
330
2F
100
AcDbEntity
  8
A-DETL-GENF
370
13
100
AcDbLine
 10
-1377.734560677202
 20
1845.599234437209
 30
0.0
 11
-1028.681847249013
 21
2308.807830264639
 31
0.0
  0
LINE
  5
4D
330
2F
100
AcDbEntity
  8
A-DETL-GENF
370
13
100
AcDbLine
 10
-1347.647662118355
 20
1841.633761409665
 30
0.0
 11
-2226.297595920341
 21
3007.641606078715
 31
0.0
  0
LINE
  5
4E
330
2F
100
AcDbEntity
  8
A-DETL-GENF
370
13
100
AcDbLine
 10
-1289.880091960268
 20
1829.481570042188
 30
0.0
 11
-928.7910780690381
 21
2308.662876070564
 31
0.0
  0
LINE
  5
4F
330
2F
100
AcDbEntity
  8
A-DETL-GENF
370
13
100
AcDbLine
 10
-1234.758760878366
 20
1824.529611762761
 30
0.0
 11
-2173.590196995555
 21
3070.401007436541
 31
0.0
  0
LINE
  5
50
330
2F
100
AcDbEntity
  8
A-DETL-GENF
370
13
100
AcDbLine
 10
-1189.989322780293
 20
1829.336615848112
 30
0.0
 11
-852.9729098151447
 21
2276.572501474597
 31
0.0
  0
LINE
  5
51
330
2F
100
AcDbEntity
  8
A-DETL-GENF
370
13
100
AcDbLine
 10
-1080.918168854331
 20
1885.785215086329
 30
0.0
 11
-2055.858506360643
 21
3179.574741362948
 31
0.0
  0
LINE
  5
52
330
2F
100
AcDbEntity
  8
A-DETL-GENF
370
13
100
AcDbLine
 10
-1019.20612044191
 20
1936.595042971079
 30
0.0
 11
-1247.895829239687
 21
2240.076536789052
 31
0.0
  0
LINE
  5
53
330
2F
100
AcDbEntity
  8
A-DETL-GENF
370
13
100
AcDbLine
 10
-1005.844450359033
 20
1941.000633060655
 30
0.0
 11
-777.1547415612537
 21
2244.482126878628
 31
0.0
  0
LINE
  5
54
330
2F
100
AcDbEntity
  8
A-DETL-GENF
370
13
100
AcDbLine
 10
-778.6872701517201
 20
2015.529194677512
 30
0.0
 11
-1007.376978949498
 21
2319.010688495485
 31
0.0
  0
LINE
  5
55
330
2F
100
AcDbEntity
  8
A-DETL-GENF
370
13
100
AcDbLine
 10
-747.4665545325372
 20
2018.470717414302
 30
0.0
 11
697.3190145896461
 21
3935.765925269787
 31
0.0
  0
LINE
  5
56
330
2F
100
AcDbEntity
  8
A-DETL-GENF
370
13
100
AcDbLine
 10
-682.0995418930319
 20
1972.511190880312
 30
0.0
 11
-477.482434021334
 21
2244.047264296393
 31
0.0
  0
LINE
  5
57
330
2F
100
AcDbEntity
  8
A-DETL-GENF
370
13
100
AcDbLine
 10
-612.053391994142
 20
1927.103051724011
 30
0.0
 11
-888.888302644081
 21
2294.475386345765
 31
0.0
  0
LINE
  5
58
330
2F
100
AcDbEntity
  8
A-DETL-GENF
370
13
100
AcDbLine
 10
-521.9192612676471
 20
1940.195502454198
 30
0.0
 11
-764.1852105280175
 21
2261.693275875127
 31
0.0
  0
LINE
  5
59
330
2F
100
AcDbEntity
  8
A-DETL-GENF
370
13
100
AcDbLine
 10
-446.2091021439623
 20
2020.139413094995
 30
0.0
 11
-349.9186984396336
 21
2147.921094702563
 31
0.0
  0
LINE
  5
5A
330
2F
100
AcDbEntity
  8
A-DETL-GENF
370
13
100
AcDbLine
 10
-471.5248531278009
 20
2006.024346255605
 30
0.0
 11
-864.1852105280294
 21
2527.102240199197
 31
0.0
  0
LINE
  5
5B
330
2F
100
AcDbEntity
  8
A-DETL-GENF
370
13
100
AcDbLine
 10
-401.8325021298727
 20
2046.243954919293
 30
0.0
 11
-786.9941169471854
 21
2557.370681349562
 31
0.0
  0
LINE
  5
5C
330
2F
100
AcDbEntity
  8
A-DETL-GENF
370
13
100
AcDbLine
 10
-324.551217285021
 20
2076.392708219802
 30
0.0
 11
-384.7327196002262
 21
2156.256259224532
 31
0.0
  0
LINE
  5
5D
330
2F
100
AcDbEntity
  8
A-DETL-GENF
370
13
100
AcDbLine
 10
-493.059423767596
 20
2300.010651033045
 30
0.0
 11
-1619.243718105913
 21
3794.507687024942
 31
0.0
  0
LINE
  5
5E
330
2F
100
AcDbEntity
  8
A-DETL-GENF
370
13
100
AcDbLine
 10
-313.8097970505096
 20
2195.839225305401
 30
0.0
 11
-301.7734965874674
 21
2211.811935506349
 31
0.0
  0
LINE
  5
5F
330
2F
100
AcDbEntity
  8
A-DETL-GENF
370
13
100
AcDbLine
 10
-441.3735326322106
 20
2291.965394899232
 30
0.0
 11
-417.3009317061271
 21
2323.910815301124
 31
0.0
  0
LINE
  5
60
330
2F
100
AcDbEntity
  8
A-DETL-GENF
370
13
100
AcDbLine
 10
-253.1359716325856
 20
2143.651628972118
 30
0.0
 11
-241.0996711695439
 21
2159.624339173064
 31
0.0
  0
LINE
  5
61
330
2F
100
AcDbEntity
  8
A-DETL-GENF
370
13
100
AcDbLine
 10
-203.9451670905096
 20
2076.22554924898
 30
0.0
 11
-179.8725661644267
 21
2108.170969650874
 31
0.0
  0
LINE
  5
62
330
2F
100
AcDbEntity
  8
A-DETL-GENF
370
13
100
AcDbLine
 10
-82.71136015953805
 20
1971.699280617973
 30
0.0
 11
-58.63875923345466
 21
2003.644701019866
 31
0.0
  0
LINE
  5
63
330
2F
100
AcDbEntity
  8
A-DETL-GENF
370
13
100
AcDbLine
 10
-30.05208757674763
 20
1908.876013447222
 30
0.0
 11
6.05681381237637
 21
1956.794144050061
 31
0.0
  0
LINE
  5
64
330
2F
100
AcDbEntity
  8
A-DETL-GENF
370
13
100
AcDbLine
 10
5.278300033898462
 20
1823.05653920973
 30
0.0
 11
53.42350188606253
 21
1886.947380013514
 31
0.0
  0
LINE
  5
65
330
2F
100
AcDbEntity
  8
A-DETL-GENF
370
13
100
AcDbLine
 10
-5.54271212224328
 20
1543.28760673915
 30
0.0
 11
42.60248972992133
 21
1607.178447542934
 31
0.0
  0
LINE
  5
66
330
2F
100
AcDbEntity
  8
A-DETL-GENF
370
13
100
AcDbLine
 10
-1.942346646598025
 20
1415.360970937505
 30
0.0
 11
46.20285520556659
 21
1479.251811741289
 31
0.0
  0
LINE
  5
67
330
2F
100
AcDbEntity
  8
A-DETL-GENF
370
13
100
AcDbLine
 10
-14.18521052802029
 20
1133.705177497779
 30
0.0
 11
45.99629178718494
 21
1213.568728502509
 31
0.0
  0
LINE
  5
68
330
2F
100
AcDbEntity
  8
A-DETL-GENF
370
13
100
AcDbLine
 10
-14.18521052802029
 20
1001.000695335738
 30
0.0
 11
45.99629178718548
 21
1080.864246340468
 31
0.0
  0
LINE
  5
69
330
2F
100
AcDbEntity
  8
A-DETL-GENF
370
13
100
AcDbLine
 10
-11.69932866366906
 20
871.5950898289447
 30
0.0
 11
48.48217365153616
 21
951.4586408336748
 31
0.0
  0
LINE
  5
6A
330
2F
100
AcDbEntity
  8
A-DETL-GENF
370
13
100
AcDbLine
 10
-31.18373986148255
 20
580.3294385224829
 30
0.0
 11
53.07036337980553
 21
692.1384099291048
 31
0.0
  0
LINE
  5
6B
330
2F
100
AcDbEntity
  8
A-DETL-GENF
370
13
100
AcDbLine
 10
-34.90779522886816
 20
442.6829679697256
 30
0.0
 11
49.34630801241965
 21
554.4919393763474
 31
0.0
  0
LINE
  5
6C
330
2F
100
AcDbEntity
  8
A-DETL-GENF
370
13
100
AcDbLine
 10
-38.63185059625325
 20
305.0364974169688
 30
0.0
 11
45.62225264503456
 21
416.8454688235906
 31
0.0
  0
LINE
  5
6D
330
2F
100
AcDbEntity
  8
A-DETL-GENF
370
13
100
AcDbLine
 10
-42.35590596363994
 20
167.3900268642098
 30
0.0
 11
41.89819727764731
 21
279.1989982708311
 31
0.0
  0
LINE
  5
6E
330
2F
100
AcDbEntity
  8
A-DETL-GENF
370
13
100
AcDbLine
 10
48.65175220491209
 20
386.7953006864734
 30
0.0
 11
-35.60235103637437
 21
498.6042720930947
 31
0.0
  0
LINE
  5
6F
330
2F
100
AcDbEntity
  8
A-DETL-GENF
370
13
100
AcDbLine
 10
50.49562445834764
 20
517.0528817228646
 30
0.0
 11
-21.72217831989766
 21
612.8891429285395
 31
0.0
  0
LINE
  5
70
330
2F
100
AcDbEntity
  8
A-DETL-GENF
370
13
100
AcDbLine
 10
45.99629178718169
 20
921.1371443310094
 30
0.0
 11
-14.18521052802191
 21
1001.000695335738
 31
0.0
  0
LINE
  5
71
330
2F
100
AcDbEntity
  8
A-DETL-GENF
370
13
100
AcDbLine
 10
45.9962917871844
 20
1053.841626493047
 30
0.0
 11
-14.18521052802137
 21
1133.705177497778
 31
0.0
  0
LINE
  5
72
330
2F
100
AcDbEntity
  8
A-DETL-GENF
370
13
100
AcDbLine
 10
43.78686049527575
 20
1189.47812300974
 30
0.0
 11
-16.39464181992893
 21
1269.34167401447
 31
0.0
  0
LINE
  5
73
330
2F
100
AcDbEntity
  8
A-DETL-GENF
370
13
100
AcDbLine
 10
46.0360667829594
 20
1319.197807614936
 30
0.0
 11
-2.109135069204128
 21
1383.088648418719
 31
0.0
  0
LINE
  5
74
330
2F
100
AcDbEntity
  8
A-DETL-GENF
370
13
100
AcDbLine
 10
43.51061500264289
 20
1455.253677484298
 30
0.0
 11
-4.634586849520097
 21
1519.144518288081
 31
0.0
  0
LINE
  5
75
330
2F
100
AcDbEntity
  8
A-DETL-GENF
370
13
100
AcDbLine
 10
48.57409706924777
 20
1581.238691990483
 30
0.0
 11
0.4288952170847765
 21
1645.129532794265
 31
0.0
  0
LINE
  5
76
330
2F
100
AcDbEntity
  8
A-DETL-GENF
370
13
100
AcDbLine
 10
67.59312888419942
 20
1954.11303079434
 30
0.0
 11
55.55682842115771
 21
1970.085740995286
 31
0.0
  0
LINE
  5
77
330
2F
100
AcDbEntity
  8
A-DETL-GENF
370
13
100
AcDbLine
 10
121.0559542808547
 20
2015.869947364553
 30
0.0
 11
96.98335335477302
 21
2047.815367766444
 31
0.0
  0
LINE
  5
78
330
2F
100
AcDbEntity
  8
A-DETL-GENF
370
13
100
AcDbLine
 10
163.3598804873473
 20
2092.435223320056
 30
0.0
 11
151.3235800243056
 21
2108.407933521003
 31
0.0
  0
LINE
  5
79
330
2F
100
AcDbEntity
  8
A-DETL-GENF
370
13
100
AcDbLine
 10
207.9258147177089
 20
2165.99871324102
 30
0.0
 11
198.8985893704295
 21
2177.978245891727
 31
0.0
  0
LINE
  5
7A
330
2F
100
AcDbEntity
  8
A-DETL-GENF
370
13
100
AcDbLine
 10
195.6285461052731
 20
2208.36432971496
 30
0.0
 11
219.7011470313564
 21
2240.309750116852
 31
0.0
  0
LINE
  5
7B
330
2F
100
AcDbEntity
  8
A-DETL-GENF
370
13
100
AcDbLine
 10
182.0872500273662
 20
2323.098905038785
 30
0.0
 11
203.1507758376889
 21
2351.051147890442
 31
0.0
  0
LINE
  5
7C
330
2F
100
AcDbEntity
  8
A-DETL-GENF
370
13
100
AcDbLine
 10
299.4950999503647
 20
2309.891131777623
 30
0.0
 11
290.4678746030842
 21
2321.870664428332
 31
0.0
  0
LINE
  5
7D
330
2F
100
AcDbEntity
  8
A-DETL-GENF
370
13
100
AcDbLine
 10
182.1411704357132
 20
2465.625056236847
 30
0.0
 11
-1064.18521052803
 21
4119.556026143683
 31
0.0
  0
LINE
  5
7E
330
2F
100
AcDbEntity
  8
A-DETL-GENF
370
13
100
AcDbLine
 10
90.94419425399626
 20
2467.556949172156
 30
0.0
 11
301.5794523572146
 21
2747.079377688709
 31
0.0
  0
LINE
  5
7F
330
2F
100
AcDbEntity
  8
A-DETL-GENF
370
13
100
AcDbLine
 10
-6.391812140243843
 20
2471.092188091509
 30
0.0
 11
216.2797464260151
 21
2766.587326809009
 31
0.0
  0
LINE
  5
80
330
2F
100
AcDbEntity
  8
A-DETL-GENF
370
13
100
AcDbLine
 10
-64.1852105280295
 20
2527.102240199197
 30
0.0
 11
-1114.185210528029
 21
3920.499302900624
 31
0.0
  0
LINE
  5
81
330
2F
100
AcDbEntity
  8
A-DETL-GENF
370
13
100
AcDbLine
 10
-58.03841221088576
 20
2535.259317075505
 30
0.0
 11
98.43349380864817
 21
2742.904549687801
 31
0.0
  0
LINE
  5
82
330
2F
100
AcDbEntity
  8
A-DETL-GENF
370
13
100
AcDbLine
 10
-197.7291334038835
 20
2571.616529348433
 30
0.0
 11
-1327.293784679902
 21
4070.599450509734
 31
0.0
  0
LINE
  5
83
330
2F
100
AcDbEntity
  8
A-DETL-GENF
370
13
100
AcDbLine
 10
-245.7836501077925
 20
2551.521935664604
 30
0.0
 11
789.3765787703167
 21
3925.225956944695
 31
0.0
  0
LINE
  5
84
330
2F
100
AcDbEntity
  8
A-DETL-GENF
370
13
100
AcDbLine
 10
-273.1328858837383
 20
2538.976206445531
 30
0.0
 11
-1367.003051544673
 21
3990.59094531093
 31
0.0
  0
LINE
  5
85
330
2F
100
AcDbEntity
  8
A-DETL-GENF
370
13
100
AcDbLine
 10
-329.6047863961543
 20
2481.212467425554
 30
0.0
 11
-1412.871828069844
 21
3918.756385510682
 31
0.0
  0
LINE
  5
86
330
2F
100
AcDbEntity
  8
A-DETL-GENF
370
13
100
AcDbLine
 10
-383.8398617855731
 20
2420.480361209234
 30
0.0
 11
-1478.399970460987
 21
3873.010685379212
 31
0.0
  0
LINE
  5
87
330
2F
100
AcDbEntity
  8
A-DETL-GENF
370
13
100
AcDbLine
 10
227.7916477576329
 20
2537.749308864335
 30
0.0
 11
-798.3029667166107
 21
3899.422853494967
 31
0.0
  0
LINE
  5
88
330
2F
100
AcDbEntity
  8
A-DETL-GENF
370
13
100
AcDbLine
 10
320.5047053523398
 20
2506.785072349666
 30
0.0
 11
1214.20001473313
 21
3692.75880476989
 31
0.0
  0
LINE
  5
89
330
2F
100
AcDbEntity
  8
A-DETL-GENF
370
13
100
AcDbLine
 10
376.1730530508909
 20
2447.954982729151
 30
0.0
 11
1264.805083671067
 21
3627.209517289683
 31
0.0
  0
LINE
  5
8A
330
2F
100
AcDbEntity
  8
A-DETL-GENF
370
13
100
AcDbLine
 10
345.1455772722811
 20
2382.015384405115
 30
0.0
 11
339.1274270407613
 21
2390.001739505587
 31
0.0
  0
LINE
  5
8B
330
2F
100
AcDbEntity
  8
A-DETL-GENF
370
13
100
AcDbLine
 10
402.9092948316134
 20
2438.0648243025
 30
0.0
 11
162.1832855707925
 21
2757.519028321418
 31
0.0
  0
LINE
  5
8C
330
2F
100
AcDbEntity
  8
A-DETL-GENF
370
13
100
AcDbLine
 10
447.6123420506556
 20
2410.053639094492
 30
0.0
 11
1311.216900273848
 21
3556.095596012357
 31
0.0
  0
LINE
  5
8D
330
2F
100
AcDbEntity
  8
A-DETL-GENF
370
13
100
AcDbLine
 10
556.9634160952712
 20
2366.332582592322
 30
0.0
 11
259.0649796350057
 21
2761.657160065733
 31
0.0
  0
LINE
  5
8E
330
2F
100
AcDbEntity
  8
A-DETL-GENF
370
13
100
AcDbLine
 10
602.2904612613277
 20
2349.909471886917
 30
0.0
 11
1439.586812358872
 21
3461.039258772574
 31
0.0
  0
LINE
  5
8F
330
2F
100
AcDbEntity
  8
A-DETL-GENF
370
13
100
AcDbLine
 10
674.908635969806
 20
2342.51847148498
 30
0.0
 11
364.9738990464989
 21
2753.815759159337
 31
0.0
  0
LINE
  5
90
330
2F
100
AcDbEntity
  8
A-DETL-GENF
370
13
100
AcDbLine
 10
723.2447562516227
 20
2377.716760544494
 30
0.0
 11
1512.502524635433
 21
3425.097195001907
 31
0.0
  0
LINE
  5
91
330
2F
100
AcDbEntity
  8
A-DETL-GENF
370
13
100
AcDbLine
 10
802.472371551506
 20
2438.644641078813
 30
0.0
 11
-579.7085359288193
 21
4272.860656893171
 31
0.0
  0
LINE
  5
92
330
2F
100
AcDbEntity
  8
A-DETL-GENF
370
13
100
AcDbLine
 10
939.691601167979
 20
2399.542460922739
 30
0.0
 11
1663.703758455785
 21
3360.339045041741
 31
0.0
  0
LINE
  5
93
330
2F
100
AcDbEntity
  8
A-DETL-GENF
370
13
100
AcDbLine
 10
969.7823523255818
 20
2306.769754263062
 30
0.0
 11
1741.959669054507
 21
3331.483663800924
 31
0.0
  0
LINE
  5
94
330
2F
100
AcDbEntity
  8
A-DETL-GENF
370
13
100
AcDbLine
 10
997.4749823999923
 20
2210.814633438318
 30
0.0
 11
1809.925263655259
 21
3288.972572002164
 31
0.0
  0
LINE
  5
95
330
2F
100
AcDbEntity
  8
A-DETL-GENF
370
13
100
AcDbLine
 10
1123.667276519324
 20
2145.109087872451
 30
0.0
 11
-479.8177667488464
 21
4273.005611087249
 31
0.0
  0
LINE
  5
96
330
2F
100
AcDbEntity
  8
A-DETL-GENF
370
13
100
AcDbLine
 10
1147.892306399787
 20
2245.665869578024
 30
0.0
 11
-428.9819153695522
 21
4338.248639923734
 31
0.0
  0
LINE
  5
97
330
2F
100
AcDbEntity
  8
A-DETL-GENF
370
13
100
AcDbLine
 10
1167.277145942228
 20
2352.645800807326
 30
0.0
 11
-377.1319488458436
 21
4402.145892509294
 31
0.0
  0
LINE
  5
98
330
2F
100
AcDbEntity
  8
A-DETL-GENF
370
13
100
AcDbLine
 10
1328.125532671139
 20
2384.1937696175
 30
0.0
 11
1929.940555823189
 21
3182.829279664793
 31
0.0
  0
LINE
  5
99
330
2F
100
AcDbEntity
  8
A-DETL-GENF
370
13
100
AcDbLine
 10
1349.742867806623
 20
2375.914573808032
 30
0.0
 11
-238.2425437991402
 21
4483.24239108821
 31
0.0
  0
LINE
  5
9A
330
2F
100
AcDbEntity
  8
A-DETL-GENF
370
13
100
AcDbLine
 10
1411.136633104321
 20
2361.648738422325
 30
0.0
 11
1979.851829983008
 21
3116.359295417016
 31
0.0
  0
LINE
  5
9B
330
2F
100
AcDbEntity
  8
A-DETL-GENF
370
13
100
AcDbLine
 10
1481.901991307772
 20
2322.853058414287
 30
0.0
 11
2026.544587260377
 21
3045.618195007087
 31
0.0
  0
LINE
  5
9C
330
2F
100
AcDbEntity
  8
A-DETL-GENF
370
13
100
AcDbLine
 10
1497.738056971199
 20
2312.222806564489
 30
0.0
 11
-138.3517746191651
 21
4483.387345282284
 31
0.0
  0
LINE
  5
9D
330
2F
100
AcDbEntity
  8
A-DETL-GENF
370
13
100
AcDbLine
 10
1546.166398447943
 20
2275.430324962115
 30
0.0
 11
2072.754543705985
 21
2974.236396253495
 31
0.0
  0
LINE
  5
9E
330
2F
100
AcDbEntity
  8
A-DETL-GENF
370
13
100
AcDbLine
 10
1611.992032220959
 20
2230.079409228437
 30
0.0
 11
2120.525726784441
 21
2904.926415218399
 31
0.0
  0
LINE
  5
9F
330
2F
100
AcDbEntity
  8
A-DETL-GENF
370
13
100
AcDbLine
 10
1673.314526786844
 20
2178.752625928899
 30
0.0
 11
2163.793770655764
 21
2829.640566617442
 31
0.0
  0
LINE
  5
A0
330
2F
100
AcDbEntity
  8
A-DETL-GENF
370
13
100
AcDbLine
 10
1721.189317885502
 20
2148.397450045654
 30
0.0
 11
-38.46100543919231
 21
4483.532299476364
 31
0.0
  0
LINE
  5
A1
330
2F
100
AcDbEntity
  8
A-DETL-GENF
370
13
100
AcDbLine
 10
1742.118102898513
 20
2137.353573154816
 30
0.0
 11
1910.626309381088
 21
2360.971515968059
 31
0.0
  0
LINE
  5
A2
330
2F
100
AcDbEntity
  8
A-DETL-GENF
370
13
100
AcDbLine
 10
1812.325865813293
 20
2097.817939206387
 30
0.0
 11
1995.879447874669
 21
2341.401769770812
 31
0.0
  0
LINE
  5
A3
330
2F
100
AcDbEntity
  8
A-DETL-GENF
370
13
100
AcDbLine
 10
1875.501300299838
 20
2076.323015030771
 30
0.0
 11
143.7504603773929
 21
4374.43399948664
 31
0.0
  0
LINE
  5
A4
330
2F
100
AcDbEntity
  8
A-DETL-GENF
370
13
100
AcDbLine
 10
1960.456195729529
 20
2096.288543141538
 30
0.0
 11
248.5837112777973
 21
4368.020058907667
 31
0.0
  0
LINE
  5
A5
330
2F
100
AcDbEntity
  8
A-DETL-GENF
370
13
100
AcDbLine
 10
2028.187987251185
 20
2139.109902105691
 30
0.0
 11
723.872018638425
 21
3869.99565401006
 31
0.0
  0
LINE
  5
A6
330
2F
100
AcDbEntity
  8
A-DETL-GENF
370
13
100
AcDbLine
 10
1958.771511233253
 20
2424.862356771843
 30
0.0
 11
2130.288792831588
 21
2652.473477135322
 31
0.0
  0
LINE
  5
A7
330
2F
100
AcDbEntity
  8
A-DETL-GENF
370
13
100
AcDbLine
 10
2019.322980928122
 20
2416.283127164426
 30
0.0
 11
881.8925871707461
 21
3925.704241153812
 31
0.0
  0
LINE
  5
A8
330
2F
100
AcDbEntity
  8
A-DETL-GENF
370
13
100
AcDbLine
 10
2050.042799958354
 20
2413.27896567507
 30
0.0
 11
2191.469330399087
 21
2600.958310536184
 31
0.0
  0
LINE
  5
A9
330
2F
100
AcDbEntity
  8
A-DETL-GENF
370
13
100
AcDbLine
 10
2130.447857134186
 20
2401.519917804001
 30
0.0
 11
978.5034563692788
 21
3930.201769633692
 31
0.0
  0
LINE
  5
AA
330
2F
100
AcDbEntity
  8
A-DETL-GENF
370
13
100
AcDbLine
 10
2227.981616088406
 20
2384.002785861639
 30
0.0
 11
2354.362770950338
 21
2551.716242971572
 31
0.0
  0
LINE
  5
AB
330
2F
100
AcDbEntity
  8
A-DETL-GENF
370
13
100
AcDbLine
 10
2243.095372358323
 20
2384.736098219444
 30
0.0
 11
1428.065691857922
 21
3466.317015194436
 31
0.0
  0
LINE
  5
AC
330
2F
100
AcDbEntity
  8
A-DETL-GENF
370
13
100
AcDbLine
 10
2328.563418444027
 20
2384.774863664872
 30
0.0
 11
2400.781221222274
 21
2480.611124870549
 31
0.0
  0
LINE
  5
AD
330
2F
100
AcDbEntity
  8
A-DETL-GENF
370
13
100
AcDbLine
 10
2343.167043706452
 20
2384.640987128052
 30
0.0
 11
2171.649762108116
 21
2612.252107491531
 31
0.0
  0
LINE
  5
AE
330
2F
100
AcDbEntity
  8
A-DETL-GENF
370
13
100
AcDbLine
 10
2398.838151502609
 20
2443.46741397533
 30
0.0
 11
2305.556822914041
 21
2567.255918032661
 31
0.0
  0
LINE
  5
AF
330
2F
100
AcDbEntity
  8
A-DETL-GENF
370
13
100
AcDbLine
 10
2171.649762108116
 20
2612.252107491531
 30
0.0
 11
2129.522710487472
 21
2668.156593194843
 31
0.0
  0
LINE
  5
B0
330
2F
100
AcDbEntity
  8
A-DETL-GENF
370
13
100
AcDbLine
 10
2129.522710487472
 20
2668.156593194843
 30
0.0
 11
1581.871039419106
 21
3394.914907337879
 31
0.0
  0
LINE
  5
B1
330
2F
100
AcDbEntity
  8
A-DETL-GENF
370
13
100
AcDbLine
 10
2173.157517820589
 20
2742.955730243066
 30
0.0
 11
1724.805325572311
 21
3337.939185228301
 31
0.0
  0
LINE
  5
B2
330
2F
100
AcDbEntity
  8
A-DETL-GENF
370
13
100
AcDbLine
 10
-1308.077331554891
 20
2319.940087793781
 30
0.0
 11
-1958.0375565591
 21
3182.466438644859
 31
0.0
  0
LINE
  5
B3
330
2F
100
AcDbEntity
  8
A-DETL-GENF
370
13
100
AcDbLine
 10
-1247.895829239687
 20
2240.076536789052
 30
0.0
 11
-1308.077331554891
 21
2319.940087793781
 31
0.0
  0
LINE
  5
B4
330
2F
100
AcDbEntity
  8
A-DETL-GENF
370
13
100
AcDbLine
 10
-777.1547415612537
 20
2244.482126878628
 30
0.0
 11
-741.0458401721297
 21
2292.400257481466
 31
0.0
  0
LINE
  5
B5
330
2F
100
AcDbEntity
  8
A-DETL-GENF
370
13
100
AcDbLine
 10
-741.0458401721297
 20
2292.400257481466
 30
0.0
 11
566.6724443394326
 21
4027.801035080855
 31
0.0
  0
LINE
  5
B6
330
2F
100
AcDbEntity
  8
A-DETL-GENF
370
13
100
AcDbLine
 10
-804.827707962979
 20
2340.463342278383
 30
0.0
 11
516.1523060214761
 21
4093.463029300506
 31
0.0
  0
LINE
  5
B7
330
2F
100
AcDbEntity
  8
A-DETL-GENF
370
13
100
AcDbLine
 10
-824.3667128432212
 20
2341.556826879856
 30
0.0
 11
-932.6934170105889
 21
2485.311218688369
 31
0.0
  0
LINE
  5
B8
330
2F
100
AcDbEntity
  8
A-DETL-GENF
370
13
100
AcDbLine
 10
-892.6821766799147
 20
2356.581006673402
 30
0.0
 11
449.0192637700596
 21
4137.078955383181
 31
0.0
  0
LINE
  5
B9
330
2F
100
AcDbEntity
  8
A-DETL-GENF
370
13
100
AcDbLine
 10
-956.4640444707661
 20
2404.644091470316
 30
0.0
 11
-864.1852105280273
 21
2527.102240199197
 31
0.0
  0
LINE
  5
BA
330
2F
100
AcDbEntity
  8
A-DETL-GENF
370
13
100
AcDbLine
 10
-814.1852105280288
 20
2593.454481280217
 30
0.0
 11
-1675.213554707934
 21
3736.077686692553
 31
0.0
  0
LINE
  5
BB
330
2F
100
AcDbEntity
  8
A-DETL-GENF
370
13
100
AcDbLine
 10
-814.1852105280278
 20
2593.454481280217
 30
0.0
 11
389.7422217401796
 21
4191.120145878493
 31
0.0
  0
LINE
  5
BC
330
2F
100
AcDbEntity
  8
A-DETL-GENF
370
13
100
AcDbLine
 10
-936.4427883020483
 20
2696.62216011543
 30
0.0
 11
312.2705970162277
 21
4353.720791790134
 31
0.0
  0
LINE
  5
BD
330
2F
100
AcDbEntity
  8
A-DETL-GENF
370
13
100
AcDbLine
 10
-984.5482151584405
 20
2686.829342208656
 30
0.0
 11
-1693.714046703133
 21
3627.924186630171
 31
0.0
  0
LINE
  5
BE
330
2F
100
AcDbEntity
  8
A-DETL-GENF
370
13
100
AcDbLine
 10
-1064.185210528015
 20
2659.806722361252
 30
0.0
 11
-1735.030792454181
 21
3550.048877963308
 31
0.0
  0
LINE
  5
BF
330
2F
100
AcDbEntity
  8
A-DETL-GENF
370
13
100
AcDbLine
 10
-1129.614311904898
 20
2613.929590364682
 30
0.0
 11
-1799.386600341109
 21
3502.747437398814
 31
0.0
  0
LINE
  5
C0
330
2F
100
AcDbEntity
  8
A-DETL-GENF
370
13
100
AcDbLine
 10
-1164.185210528016
 20
2527.102240199214
 30
0.0
 11
-1849.918011362359
 21
3437.100402561696
 31
0.0
  0
LINE
  5
C1
330
2F
100
AcDbEntity
  8
A-DETL-GENF
370
13
100
AcDbLine
 10
102.0017832555883
 20
2837.382579326146
 30
0.0
 11
-810.8724601772705
 21
4048.807616864367
 31
0.0
  0
LINE
  5
C2
330
2F
100
AcDbEntity
  8
A-DETL-GENF
370
13
100
AcDbLine
 10
330.3067581058616
 20
2799.820609024995
 30
0.0
 11
-829.2262521057992
 21
4338.572885724302
 31
0.0
  0
LINE
  5
C3
330
2F
100
AcDbEntity
  8
A-DETL-GENF
370
13
100
AcDbLine
 10
343.7065039778594
 20
2802.983863392021
 30
0.0
 11
1109.443487994495
 21
3819.151162754527
 31
0.0
  0
LINE
  5
C4
330
2F
100
AcDbEntity
  8
A-DETL-GENF
370
13
100
AcDbLine
 10
264.4249482781808
 20
2830.478167612794
 30
0.0
 11
1049.271579906824
 21
3872.004825881805
 31
0.0
  0
LINE
  5
C5
330
2F
100
AcDbEntity
  8
A-DETL-GENF
370
13
100
AcDbLine
 10
209.7692730917782
 20
2890.652119046551
 30
0.0
 11
987.9108735210447
 21
3923.280900383625
 31
0.0
  0
LINE
  5
C6
330
2F
100
AcDbEntity
  8
A-DETL-GENF
370
13
100
AcDbLine
 10
156.7564256991567
 20
2897.425196773774
 30
0.0
 11
-814.1852105280294
 21
4185.908267224704
 31
0.0
  0
LINE
  5
C7
330
2F
100
AcDbEntity
  8
A-DETL-GENF
100
AcDbLine
 10
-455.3385905023035
 20
2007.483617141155
 30
0.0
 11
-466.4260690884943
 21
1998.479686468497
 31
0.0
  0
LINE
  5
C8
330
2F
100
AcDbEntity
  8
A-DETL-GENF
100
AcDbLine
 10
-466.4260690884942
 20
1998.479686468498
 30
0.0
 11
-475.4603650556447
 21
1989.537449654116
 31
0.0
  0
LINE
  5
C9
330
2F
100
AcDbEntity
  8
A-DETL-GENF
100
AcDbLine
 10
-475.4603650556441
 20
1989.537449654117
 30
0.0
 11
-482.8375120036358
 21
1980.751938374519
 31
0.0
  0
LINE
  5
CA
330
2F
100
AcDbEntity
  8
A-DETL-GENF
100
AcDbLine
 10
-482.8375120036358
 20
1980.751938374519
 30
0.0
 11
-488.9535435323503
 21
1972.218184306175
 31
0.0
  0
LINE
  5
CB
330
2F
100
AcDbEntity
  8
A-DETL-GENF
100
AcDbLine
 10
-488.9535435323495
 20
1972.218184306177
 30
0.0
 11
-494.2044932419467
 21
1964.031219125592
 31
0.0
  0
LINE
  5
CC
330
2F
100
AcDbEntity
  8
A-DETL-GENF
100
AcDbLine
 10
-494.2044932419438
 20
1964.031219125597
 30
0.0
 11
-498.9863947324409
 21
1956.286074509285
 31
0.0
  0
LINE
  5
CD
330
2F
100
AcDbEntity
  8
A-DETL-GENF
100
AcDbLine
 10
-498.9863947324433
 20
1956.286074509281
 30
0.0
 11
-503.6952816038585
 21
1949.07778213375
 31
0.0
  0
LINE
  5
CE
330
2F
100
AcDbEntity
  8
A-DETL-GENF
100
AcDbLine
 10
-503.6952816038585
 20
1949.07778213375
 30
0.0
 11
-508.7271874560785
 21
1942.501373675429
 31
0.0
  0
LINE
  5
CF
330
2F
100
AcDbEntity
  8
A-DETL-GENF
100
AcDbLine
 10
-508.7271874560785
 20
1942.501373675429
 30
0.0
 11
-514.4781458892598
 21
1936.651880810898
 31
0.0
  0
LINE
  5
D0
330
2F
100
AcDbEntity
  8
A-DETL-GENF
100
AcDbLine
 10
-514.4781458892601
 20
1936.651880810898
 30
0.0
 11
-521.3441905032835
 21
1931.624335216595
 31
0.0
  0
LINE
  5
D1
330
2F
100
AcDbEntity
  8
A-DETL-GENF
100
AcDbLine
 10
-521.3441905032835
 20
1931.624335216595
 30
0.0
 11
-529.6139734000644
 21
1927.500626953597
 31
0.0
  0
LINE
  5
D2
330
2F
100
AcDbEntity
  8
A-DETL-GENF
100
AcDbLine
 10
-529.6139734000643
 20
1927.500626953597
 30
0.0
 11
-539.1466206881236
 21
1924.310079621195
 31
0.0
  0
LINE
  5
D3
330
2F
100
AcDbEntity
  8
A-DETL-GENF
100
AcDbLine
 10
-539.1466206881233
 20
1924.310079621195
 30
0.0
 11
-549.6938769781539
 21
1922.068875203281
 31
0.0
  0
LINE
  5
D4
330
2F
100
AcDbEntity
  8
A-DETL-GENF
100
AcDbLine
 10
-549.6938769781535
 20
1922.068875203281
 30
0.0
 11
-561.0074868804328
 21
1920.793195683646
 31
0.0
  0
LINE
  5
D5
330
2F
100
AcDbEntity
  8
A-DETL-GENF
100
AcDbLine
 10
-561.007486880433
 20
1920.793195683646
 30
0.0
 11
-572.8391950053755
 21
1920.499223046288
 31
0.0
  0
LINE
  5
D6
330
2F
100
AcDbEntity
  8
A-DETL-GENF
100
AcDbLine
 10
-572.8391950053755
 20
1920.499223046288
 30
0.0
 11
-584.9407459636752
 21
1921.203139274963
 31
0.0
  0
LINE
  5
D7
330
2F
100
AcDbEntity
  8
A-DETL-GENF
100
AcDbLine
 10
-584.9407459636755
 20
1921.203139274963
 30
0.0
 11
-597.0638843654707
 21
1922.921126353565
 31
0.0
  0
LINE
  5
D8
330
2F
100
AcDbEntity
  8
A-DETL-GENF
100
AcDbLine
 10
-597.0638843654704
 20
1922.921126353565
 30
0.0
 11
-608.9603548217311
 21
1925.669366265989
 31
0.0
  0
LINE
  5
D9
330
2F
100
AcDbEntity
  8
A-DETL-GENF
100
AcDbLine
 10
-608.9603548217322
 20
1925.669366265989
 30
0.0
 11
-620.381901942319
 21
1929.464040996059
 31
0.0
  0
LINE
  5
DA
330
2F
100
AcDbEntity
  8
A-DETL-GENF
100
AcDbLine
 10
-620.381901942319
 20
1929.464040996059
 30
0.0
 11
-631.0802703382035
 21
1934.32133252767
 31
0.0
  0
LINE
  5
DB
330
2F
100
AcDbEntity
  8
A-DETL-GENF
100
AcDbLine
 10
-631.0802703382038
 20
1934.32133252767
 30
0.0
 11
-640.8773637500703
 21
1940.213371893233
 31
0.0
  0
LINE
  5
DC
330
2F
100
AcDbEntity
  8
A-DETL-GENF
100
AcDbLine
 10
-640.8773637500693
 20
1940.213371893232
 30
0.0
 11
-649.8757224409273
 21
1946.936086319404
 31
0.0
  0
LINE
  5
DD
330
2F
100
AcDbEntity
  8
A-DETL-GENF
100
AcDbLine
 10
-649.8757224409277
 20
1946.936086319404
 30
0.0
 11
-658.2480458041914
 21
1954.241352081355
 31
0.0
  0
LINE
  5
DE
330
2F
100
AcDbEntity
  8
A-DETL-GENF
100
AcDbLine
 10
-658.2480458041922
 20
1954.241352081355
 30
0.0
 11
-666.1670332331466
 21
1961.88104545423
 31
0.0
  0
LINE
  5
DF
330
2F
100
AcDbEntity
  8
A-DETL-GENF
100
AcDbLine
 10
-666.1670332331421
 20
1961.881045454226
 30
0.0
 11
-673.8053841210545
 21
1969.607042713151
 31
0.0
  0
LINE
  5
E0
330
2F
100
AcDbEntity
  8
A-DETL-GENF
100
AcDbLine
 10
-673.8053841212799
 20
1969.607042713379
 30
0.0
 11
-681.3357978617672
 21
1977.171220133696
 31
0.0
  0
LINE
  5
E1
330
2F
100
AcDbEntity
  8
A-DETL-GENF
100
AcDbLine
 10
-681.3357978617694
 20
1977.171220133698
 30
0.0
 11
-688.9309738481385
 21
1984.325453990607
 31
0.0
  0
LINE
  5
E2
330
2F
100
AcDbEntity
  8
A-DETL-GENF
100
AcDbLine
 10
-688.930973848139
 20
1984.325453990608
 30
0.0
 11
-696.7636114738611
 21
1990.821620559199
 31
0.0
  0
LINE
  5
E3
330
2F
100
AcDbEntity
  8
A-DETL-GENF
100
AcDbLine
 10
-696.7636114738611
 20
1990.821620559199
 30
0.0
 11
-705.0064101323538
 21
1996.411596114714
 31
0.0
  0
LINE
  5
E4
330
2F
100
AcDbEntity
  8
A-DETL-GENF
100
AcDbLine
 10
-705.0064101323542
 20
1996.411596114714
 30
0.0
 11
-713.8320692167553
 21
2000.84725693229
 31
0.0
  0
LINE
  5
E5
330
2F
100
AcDbEntity
  8
A-DETL-GENF
100
AcDbLine
 10
-713.8320692167556
 20
2000.84725693229
 30
0.0
 11
-723.3915699689301
 21
2003.941328241609
 31
0.0
  0
LINE
  5
E6
330
2F
100
AcDbEntity
  8
A-DETL-GENF
100
AcDbLine
 10
-723.3915699689304
 20
2003.941328241609
 30
0.0
 11
-733.7490210239768
 21
2005.749931089757
 31
0.0
  0
LINE
  5
E7
330
2F
100
AcDbEntity
  8
A-DETL-GENF
100
AcDbLine
 10
-733.749021023977
 20
2005.749931089757
 30
0.0
 11
-744.9468128655803
 21
2006.390035478501
 31
0.0
  0
LINE
  5
E8
330
2F
100
AcDbEntity
  8
A-DETL-GENF
100
AcDbLine
 10
-744.9468128655801
 20
2006.390035478501
 30
0.0
 11
-757.027335976733
 21
2005.978611409437
 31
0.0
  0
LINE
  5
E9
330
2F
100
AcDbEntity
  8
A-DETL-GENF
100
AcDbLine
 10
-757.0273359767323
 20
2005.978611409437
 30
0.0
 11
-770.0329808413952
 21
2004.632628884227
 31
0.0
  0
LINE
  5
EA
330
2F
100
AcDbEntity
  8
A-DETL-GENF
100
AcDbLine
 10
-770.0329808413941
 20
2004.632628884227
 30
0.0
 11
-784.0061379425625
 21
2002.4690579045
 31
0.0
  0
LINE
  5
EB
330
2F
100
AcDbEntity
  8
A-DETL-GENF
100
AcDbLine
 10
-784.006137942562
 20
2002.4690579045
 30
0.0
 11
-798.989197764192
 21
1999.604868471851
 31
0.0
  0
LINE
  5
EC
330
2F
100
AcDbEntity
  8
A-DETL-GENF
100
AcDbLine
 10
-798.9891977641904
 20
1999.604868471851
 30
0.0
 11
-815.0245507894176
 21
1996.157030588013
 31
0.0
  0
LINE
  5
ED
330
2F
100
AcDbEntity
  8
A-DETL-GENF
100
AcDbLine
 10
-815.0245507893984
 20
1996.157030588017
 30
0.0
 11
-832.1545875018925
 21
1992.242514254554
 31
0.0
  0
LINE
  5
EE
330
2F
100
AcDbEntity
  8
A-DETL-GENF
100
AcDbLine
 10
-832.1545875017202
 20
1992.242514254593
 30
0.0
 11
-850.4216983846854
 21
1987.978289473216
 31
0.0
  0
LINE
  5
EF
330
2F
100
AcDbEntity
  8
A-DETL-GENF
100
AcDbLine
 10
-850.4216983846854
 20
1987.978289473216
 30
0.0
 11
-869.8004366597286
 21
1983.45458919189
 31
0.0
  0
LINE
  5
F0
330
2F
100
AcDbEntity
  8
A-DETL-GENF
100
AcDbLine
 10
-869.8004366597196
 20
1983.454589191891
 30
0.0
 11
-889.9940064985645
 21
1978.654698144565
 31
0.0
  0
LINE
  5
F1
330
2F
100
AcDbEntity
  8
A-DETL-GENF
100
AcDbLine
 10
-889.9940064986218
 20
1978.654698144551
 30
0.0
 11
-910.6377748126794
 21
1973.535164011254
 31
0.0
  0
LINE
  5
F2
330
2F
100
AcDbEntity
  8
A-DETL-GENF
100
AcDbLine
 10
-910.6377748126456
 20
1973.535164011262
 30
0.0
 11
-931.3671085116227
 21
1968.052534472196
 31
0.0
  0
LINE
  5
F3
330
2F
100
AcDbEntity
  8
A-DETL-GENF
100
AcDbLine
 10
-931.3671085116235
 20
1968.052534472196
 30
0.0
 11
-951.817374506117
 21
1962.163357207654
 31
0.0
  0
LINE
  5
F4
330
2F
100
AcDbEntity
  8
A-DETL-GENF
100
AcDbLine
 10
-951.8173745061011
 20
1962.163357207659
 30
0.0
 11
-971.6239397061244
 21
1955.82417989777
 31
0.0
  0
LINE
  5
F5
330
2F
100
AcDbEntity
  8
A-DETL-GENF
100
AcDbLine
 10
-971.6239397061258
 20
1955.824179897769
 30
0.0
 11
-990.4221710225078
 21
1948.991550222734
 31
0.0
  0
LINE
  5
F6
330
2F
100
AcDbEntity
  8
A-DETL-GENF
100
AcDbLine
 10
-990.4221710225106
 20
1948.991550222733
 30
0.0
 11
-1007.847435365126
 21
1941.622015862749
 31
0.0
  0
LINE
  5
F7
330
2F
100
AcDbEntity
  8
A-DETL-GENF
100
AcDbLine
 10
-1007.847435365126
 20
1941.622015862749
 30
0.0
 11
-1023.53509964468
 21
1933.672124497978
 31
0.0
  0
LINE
  5
F8
330
2F
100
AcDbEntity
  8
A-DETL-GENF
100
AcDbLine
 10
-1023.535099644679
 20
1933.672124497979
 30
0.0
 11
-1037.12053077118
 21
1925.098423808654
 31
0.0
  0
LINE
  5
F9
330
2F
100
AcDbEntity
  8
A-DETL-GENF
100
AcDbLine
 10
-1037.12053077118
 20
1925.098423808654
 30
0.0
 11
-1048.393021155324
 21
1915.898016549085
 31
0.0
  0
LINE
  5
FA
330
2F
100
AcDbEntity
  8
A-DETL-GENF
100
AcDbLine
 10
-1048.393021155324
 20
1915.898016549086
 30
0.0
 11
-1057.757565209743
 21
1906.230225770061
 31
0.0
  0
LINE
  5
FB
330
2F
100
AcDbEntity
  8
A-DETL-GENF
100
AcDbLine
 10
-1057.757565209743
 20
1906.230225770061
 30
0.0
 11
-1065.773082846509
 21
1896.294929596513
 31
0.0
  0
LINE
  5
FC
330
2F
100
AcDbEntity
  8
A-DETL-GENF
100
AcDbLine
 10
-1065.773082846509
 20
1896.294929596512
 30
0.0
 11
-1072.998493978522
 21
1886.292006153345
 31
0.0
  0
LINE
  5
FD
330
2F
100
AcDbEntity
  8
A-DETL-GENF
100
AcDbLine
 10
-1072.998493978525
 20
1886.29200615334
 30
0.0
 11
-1079.992718518142
 21
1876.421333565475
 31
0.0
  0
LINE
  5
FE
330
2F
100
AcDbEntity
  8
A-DETL-GENF
100
AcDbLine
 10
-1079.992718518142
 20
1876.421333565475
 30
0.0
 11
-1087.314676377708
 21
1866.88278995782
 31
0.0
  0
LINE
  5
FF
330
2F
100
AcDbEntity
  8
A-DETL-GENF
100
AcDbLine
 10
-1087.314676377709
 20
1866.882789957819
 30
0.0
 11
-1095.523287470129
 21
1857.876253455337
 31
0.0
  0
LINE
  5
100
330
2F
100
AcDbEntity
  8
A-DETL-GENF
100
AcDbLine
 10
-1095.523287470129
 20
1857.876253455337
 30
0.0
 11
-1105.177471707893
 21
1849.601602182929
 31
0.0
  0
LINE
  5
101
330
2F
100
AcDbEntity
  8
A-DETL-GENF
100
AcDbLine
 10
-1105.177471707893
 20
1849.601602182929
 30
0.0
 11
-1116.836149003349
 21
1842.258714265561
 31
0.0
  0
LINE
  5
102
330
2F
100
AcDbEntity
  8
A-DETL-GENF
100
AcDbLine
 10
-1116.836149003349
 20
1842.258714265561
 30
0.0
 11
-1131.058239269262
 21
1836.047467828064
 31
0.0
  0
LINE
  5
103
330
2F
100
AcDbEntity
  8
A-DETL-GENF
100
AcDbLine
 10
-1131.058239269262
 20
1836.047467828064
 30
0.0
 11
-1148.221491175982
 21
1831.126619965
 31
0.0
  0
LINE
  5
104
330
2F
100
AcDbEntity
  8
A-DETL-GENF
100
AcDbLine
 10
-1148.221491175984
 20
1831.126619964999
 30
0.0
 11
-1167.97896842489
 21
1827.490443649132
 31
0.0
  0
LINE
  5
105
330
2F
100
AcDbEntity
  8
A-DETL-GENF
100
AcDbLine
 10
-1167.978968424888
 20
1827.490443649132
 30
0.0
 11
-1189.802563475226
 21
1825.092090822753
 31
0.0
  0
LINE
  5
106
330
2F
100
AcDbEntity
  8
A-DETL-GENF
100
AcDbLine
 10
-1189.802563475228
 20
1825.092090822753
 30
0.0
 11
-1213.164168786648
 21
1823.884713428324
 31
0.0
  0
LINE
  5
107
330
2F
100
AcDbEntity
  8
A-DETL-GENF
100
AcDbLine
 10
-1213.164168786651
 20
1823.884713428324
 30
0.0
 11
-1237.535676818112
 21
1823.821463408101
 31
0.0
  0
LINE
  5
108
330
2F
100
AcDbEntity
  8
A-DETL-GENF
100
AcDbLine
 10
-1237.535676818112
 20
1823.821463408101
 30
0.0
 11
-1262.388980029147
 21
1824.855492704409
 31
0.0
  0
LINE
  5
109
330
2F
100
AcDbEntity
  8
A-DETL-GENF
100
AcDbLine
 10
-1262.388980029152
 20
1824.85549270441
 30
0.0
 11
-1287.195970879128
 21
1826.939953259676
 31
0.0
  0
LINE
  5
10A
330
2F
100
AcDbEntity
  8
A-DETL-GENF
100
AcDbLine
 10
-1287.195970879126
 20
1826.939953259676
 30
0.0
 11
-1311.428541827295
 21
1830.027997016262
 31
0.0
  0
LINE
  5
10B
330
2F
100
AcDbEntity
  8
A-DETL-GENF
100
AcDbLine
 10
-1311.428541827297
 20
1830.027997016262
 30
0.0
 11
-1334.558585332887
 21
1834.072775916456
 31
0.0
  0
LINE
  5
10C
330
2F
100
AcDbEntity
  8
A-DETL-GENF
100
AcDbLine
 10
-1334.558585332892
 20
1834.072775916457
 30
0.0
 11
-1356.057993855292
 21
1839.027441902619
 31
0.0
  0
LINE
  5
10D
330
2F
100
AcDbEntity
  8
A-DETL-GENF
100
AcDbLine
 10
-1356.057993855292
 20
1839.027441902619
 30
0.0
 11
-1375.528053673315
 21
1844.828681955048
 31
0.0
  0
LINE
  5
10E
330
2F
100
AcDbEntity
  8
A-DETL-GENF
100
AcDbLine
 10
-1375.528053673315
 20
1844.828681955048
 30
0.0
 11
-1393.087626342698
 21
1851.347323206053
 31
0.0
  0
LINE
  5
10F
330
2F
100
AcDbEntity
  8
A-DETL-GENF
100
AcDbLine
 10
-1393.087626342697
 20
1851.347323206053
 30
0.0
 11
-1408.984967238742
 21
1858.437727825846
 31
0.0
  0
LINE
  5
110
330
2F
100
AcDbEntity
  8
A-DETL-GENF
100
AcDbLine
 10
-1408.984967238743
 20
1858.437727825846
 30
0.0
 11
-1423.468331737175
 21
1865.954257984639
 31
0.0
  0
LINE
  5
111
330
2F
100
AcDbEntity
  8
A-DETL-GENF
100
AcDbLine
 10
-1423.468331737175
 20
1865.954257984639
 30
0.0
 11
-1436.785975212886
 21
1873.751275852645
 31
0.0
  0
LINE
  5
112
330
2F
100
AcDbEntity
  8
A-DETL-GENF
100
AcDbLine
 10
-1436.785975212887
 20
1873.751275852646
 30
0.0
 11
-1449.186153041463
 21
1881.683143600113
 31
0.0
  0
LINE
  5
113
330
2F
100
AcDbEntity
  8
A-DETL-GENF
100
AcDbLine
 10
-1449.186153041462
 20
1881.683143600113
 30
0.0
 11
-1460.917120598086
 21
1889.604223397265
 31
0.0
  0
LINE
  5
114
330
2F
100
AcDbEntity
  8
A-DETL-GENF
100
AcDbLine
 10
-1460.917120598005
 20
1889.60422339721
 30
0.0
 11
-1472.227133258274
 21
1897.368877414302
 31
0.0
  0
LINE
  5
115
330
2F
100
AcDbEntity
  8
A-DETL-GENF
100
AcDbLine
 10
-1472.227133258303
 20
1897.368877414322
 30
0.0
 11
-1483.364446397177
 21
1904.831467821553
 31
0.0
  0
LINE
  5
116
330
2F
100
AcDbEntity
  8
A-DETL-GENF
100
AcDbLine
 10
-1483.364446397176
 20
1904.831467821552
 30
0.0
 11
-1494.577315390148
 21
1911.846356789064
 31
0.0
  0
LINE
  5
117
330
2F
100
AcDbEntity
  8
A-DETL-GENF
100
AcDbLine
 10
-1494.577315390147
 20
1911.846356789064
 30
0.0
 11
-1506.070820770301
 21
1918.295775453442
 31
0.0
  0
LINE
  5
118
330
2F
100
AcDbEntity
  8
A-DETL-GENF
100
AcDbLine
 10
-1506.070820770299
 20
1918.295775453441
 30
0.0
 11
-1517.877343700457
 21
1924.173430815738
 31
0.0
  0
LINE
  5
119
330
2F
100
AcDbEntity
  8
A-DETL-GENF
100
AcDbLine
 10
-1517.877343700458
 20
1924.173430815739
 30
0.0
 11
-1529.986090501761
 21
1929.500898843375
 31
0.0
  0
LINE
  5
11A
330
2F
100
AcDbEntity
  8
A-DETL-GENF
100
AcDbLine
 10
-1529.986090501761
 20
1929.500898843375
 30
0.0
 11
-1542.386267494674
 21
1934.299755503712
 31
0.0
  0
LINE
  5
11B
330
2F
100
AcDbEntity
  8
A-DETL-GENF
100
AcDbLine
 10
-1542.386267494673
 20
1934.299755503711
 30
0.0
 11
-1555.067081000071
 21
1938.591576764069
 31
0.0
  0
LINE
  5
11C
330
2F
100
AcDbEntity
  8
A-DETL-GENF
100
AcDbLine
 10
-1555.067081000076
 20
1938.591576764071
 30
0.0
 11
-1568.017737338826
 21
1942.397938591872
 31
0.0
  0
LINE
  5
11D
330
2F
100
AcDbEntity
  8
A-DETL-GENF
100
AcDbLine
 10
-1568.017737338829
 20
1942.397938591873
 30
0.0
 11
-1581.227442831397
 21
1945.740416954478
 31
0.0
  0
LINE
  5
11E
330
2F
100
AcDbEntity
  8
A-DETL-GENF
100
AcDbLine
 10
-1581.2274428314
 20
1945.740416954478
 30
0.0
 11
-1594.685403798792
 21
1948.640587819206
 31
0.0
  0
LINE
  5
11F
330
2F
100
AcDbEntity
  8
A-DETL-GENF
100
AcDbLine
 10
-1594.685403798795
 20
1948.640587819207
 30
0.0
 11
-1608.380826561751
 21
1951.120027153484
 31
0.0
  0
LINE
  5
120
330
2F
100
AcDbEntity
  8
A-DETL-GENF
100
AcDbLine
 10
-1608.380826561754
 20
1951.120027153484
 30
0.0
 11
-1622.30291744087
 21
1953.200310924632
 31
0.0
  0
LINE
  5
121
330
2F
100
AcDbEntity
  8
A-DETL-GENF
100
AcDbLine
 10
-1622.302917440866
 20
1953.200310924632
 30
0.0
 11
-1636.441782222014
 21
1954.89941910549
 31
0.0
  0
LINE
  5
122
330
2F
100
AcDbEntity
  8
A-DETL-GENF
100
AcDbLine
 10
-1636.441782222012
 20
1954.899419105489
 30
0.0
 11
-1650.791124551008
 21
1956.220947690608
 31
0.0
  0
LINE
  5
123
330
2F
100
AcDbEntity
  8
A-DETL-GENF
100
AcDbLine
 10
-1650.791124551007
 20
1956.220947690608
 30
0.0
 11
-1665.345547538253
 21
1957.164896679954
 31
0.0
  0
LINE
  5
124
330
2F
100
AcDbEntity
  8
A-DETL-GENF
100
AcDbLine
 10
-1665.345547538242
 20
1957.164896679954
 30
0.0
 11
-1680.099654294556
 21
1957.731266073561
 31
0.0
  0
LINE
  5
125
330
2F
100
AcDbEntity
  8
A-DETL-GENF
100
AcDbLine
 10
-1680.099654294559
 20
1957.731266073561
 30
0.0
 11
-1695.048047930464
 21
1957.920055871465
 31
0.0
  0
LINE
  5
126
330
2F
100
AcDbEntity
  8
A-DETL-GENF
100
AcDbLine
 10
-1695.048047930464
 20
1957.920055871465
 30
0.0
 11
-1710.185331556792
 21
1957.731266073561
 31
0.0
  0
LINE
  5
127
330
2F
100
AcDbEntity
  8
A-DETL-GENF
100
AcDbLine
 10
-1710.185331556794
 20
1957.731266073561
 30
0.0
 11
-1725.506108284216
 21
1957.164896679954
 31
0.0
  0
LINE
  5
128
330
2F
100
AcDbEntity
  8
A-DETL-GENF
100
AcDbLine
 10
-1725.506108284219
 20
1957.164896679954
 30
0.0
 11
-1741.004981223276
 21
1956.220947690608
 31
0.0
  0
LINE
  5
129
330
2F
100
AcDbEntity
  8
A-DETL-GENF
100
AcDbLine
 10
-1741.004981223276
 20
1956.220947690608
 30
0.0
 11
-1756.676553484782
 21
1954.89941910549
 31
0.0
  0
LINE
  5
12A
330
2F
100
AcDbEntity
  8
A-DETL-GENF
100
AcDbLine
 10
-1756.676553484785
 20
1954.89941910549
 30
0.0
 11
-1772.515428179285
 21
1953.200310924632
 31
0.0
  0
LINE
  5
12B
330
2F
100
AcDbEntity
  8
A-DETL-GENF
100
AcDbLine
 10
-1772.515428179264
 20
1953.200310924635
 30
0.0
 11
-1788.518906854978
 21
1951.14519912513
 31
0.0
  0
LINE
  5
12C
330
2F
100
AcDbEntity
  8
A-DETL-GENF
100
AcDbLine
 10
-1788.51890685496
 20
1951.145199125132
 30
0.0
 11
-1804.695084810703
 21
1948.841963592464
 31
0.0
  0
LINE
  5
12D
330
2F
100
AcDbEntity
  8
A-DETL-GENF
100
AcDbLine
 10
-1804.695084810575
 20
1948.841963592482
 30
0.0
 11
-1821.054755781683
 21
1946.420060189282
 31
0.0
  0
LINE
  5
12E
330
2F
100
AcDbEntity
  8
A-DETL-GENF
100
AcDbLine
 10
-1821.054755781142
 20
1946.42006018936
 30
0.0
 11
-1837.608713505085
 21
1944.008944778077
 31
0.0
  0
LINE
  5
12F
330
2F
100
AcDbEntity
  8
A-DETL-GENF
100
AcDbLine
 10
-1837.608713505102
 20
1944.008944778074
 30
0.0
 11
-1854.367751716219
 21
1941.738073221503
 31
0.0
  0
LINE
  5
130
330
2F
100
AcDbEntity
  8
A-DETL-GENF
100
AcDbLine
 10
-1854.367751716235
 20
1941.738073221501
 30
0.0
 11
-1871.342664151375
 21
1939.736901382127
 31
0.0
  0
LINE
  5
131
330
2F
100
AcDbEntity
  8
A-DETL-GENF
100
AcDbLine
 10
-1871.342664151372
 20
1939.736901382128
 30
0.0
 11
-1888.544244546606
 21
1938.134885122551
 31
0.0
  0
LINE
  5
132
330
2F
100
AcDbEntity
  8
A-DETL-GENF
100
AcDbLine
 10
-1888.544244546604
 20
1938.134885122551
 30
0.0
 11
-1905.983286637733
 21
1937.061480305332
 31
0.0
  0
LINE
  5
133
330
2F
100
AcDbEntity
  8
A-DETL-GENF
100
AcDbLine
 10
-1905.983286637734
 20
1937.061480305332
 30
0.0
 11
-1923.670584161141
 21
1936.646142793133
 31
0.0
  0
LINE
  5
134
330
2F
100
AcDbEntity
  8
A-DETL-GENF
100
AcDbLine
 10
-1923.670584161141
 20
1936.646142793133
 30
0.0
 11
-1941.61693085264
 21
1937.018328448482
 31
0.0
  0
LINE
  5
135
330
2F
100
AcDbEntity
  8
A-DETL-GENF
100
AcDbLine
 10
-1941.61693085264
 20
1937.018328448482
 30
0.0
 11
-1959.805236683641
 21
1938.275129166253
 31
0.0
  0
LINE
  5
136
330
2F
100
AcDbEntity
  8
A-DETL-GENF
100
AcDbLine
 10
-1959.80523668364
 20
1938.275129166253
 30
0.0
 11
-1978.106876565726
 21
1940.384180970342
 31
0.0
  0
LINE
  5
137
330
2F
100
AcDbEntity
  8
A-DETL-GENF
100
AcDbLine
 10
-1978.106876565722
 20
1940.384180970341
 30
0.0
 11
-1996.365341645502
 21
1943.280755916992
 31
0.0
  0
LINE
  5
138
330
2F
100
AcDbEntity
  8
A-DETL-GENF
100
AcDbLine
 10
-1996.3653416455
 20
1943.280755916992
 30
0.0
 11
-2014.424123069876
 21
1946.900126062383
 31
0.0
  0
LINE
  5
139
330
2F
100
AcDbEntity
  8
A-DETL-GENF
100
AcDbLine
 10
-2014.424123069879
 20
1946.900126062384
 30
0.0
 11
-2032.126711985597
 21
1951.177563462653
 31
0.0
  0
LINE
  5
13A
330
2F
100
AcDbEntity
  8
A-DETL-GENF
100
AcDbLine
 10
-2032.126711985602
 20
1951.177563462654
 30
0.0
 11
-2049.316599539563
 21
1956.048340174118
 31
0.0
  0
LINE
  5
13B
330
2F
100
AcDbEntity
  8
A-DETL-GENF
100
AcDbLine
 10
-2049.316599539563
 20
1956.048340174118
 30
0.0
 11
-2065.837276878396
 21
1961.447728252816
 31
0.0
  0
LINE
  5
13C
330
2F
100
AcDbEntity
  8
A-DETL-GENF
100
AcDbLine
 10
-2065.837276878399
 20
1961.447728252817
 30
0.0
 11
-2081.532235148984
 21
1967.31099975506
 31
0.0
  0
LINE
  5
13D
330
2F
100
AcDbEntity
  8
A-DETL-GENF
100
AcDbLine
 10
-2081.532235148982
 20
1967.310999755059
 30
0.0
 11
-2096.244965498083
 21
1973.57342673699
 31
0.0
  0
LINE
  5
13E
330
2F
100
AcDbEntity
  8
A-DETL-GENF
100
AcDbLine
 10
-2096.24496549808
 20
1973.573426736989
 30
0.0
 11
-2109.818959072453
 21
1980.17028125482
 31
0.0
  0
LINE
  5
13F
330
2F
100
AcDbEntity
  8
A-DETL-GENF
100
AcDbLine
 10
-2109.818959072454
 20
1980.17028125482
 30
0.0
 11
-2122.156167720196
 21
1987.051225556066
 31
0.0
  0
LINE
  5
140
330
2F
100
AcDbEntity
  8
A-DETL-GENF
100
AcDbLine
 10
-2122.156167720196
 20
1987.051225556066
 30
0.0
 11
-2133.392386094794
 21
1994.223482653927
 31
0.0
  0
LINE
  5
141
330
2F
100
AcDbEntity
  8
A-DETL-GENF
100
AcDbLine
 10
-2133.392386094794
 20
1994.223482653926
 30
0.0
 11
-2143.721869551215
 21
2001.708665752806
 31
0.0
  0
LINE
  5
142
330
2F
100
AcDbEntity
  8
A-DETL-GENF
100
AcDbLine
 10
-2143.721869551216
 20
2001.708665752806
 30
0.0
 11
-2153.338873444147
 21
2009.528388057169
 31
0.0
  0
LINE
  5
143
330
2F
100
AcDbEntity
  8
A-DETL-GENF
100
AcDbLine
 10
-2153.338873444147
 20
2009.528388057169
 30
0.0
 11
-2162.437653128423
 21
2017.70426277153
 31
0.0
  0
LINE
  5
144
330
2F
100
AcDbEntity
  8
A-DETL-GENF
100
AcDbLine
 10
-2162.437653128425
 20
2017.704262771532
 30
0.0
 11
-2171.212463959008
 21
2026.257903100321
 31
0.0
  0
LINE
  5
145
330
2F
100
AcDbEntity
  8
A-DETL-GENF
100
AcDbLine
 10
-2171.212463959008
 20
2026.257903100322
 30
0.0
 11
-2179.857561290594
 21
2035.210922248086
 31
0.0
  0
LINE
  5
146
330
2F
100
AcDbEntity
  8
A-DETL-GENF
100
AcDbLine
 10
-2179.857561290601
 20
2035.210922248094
 30
0.0
 11
-2188.567200477997
 21
2044.584933419247
 31
0.0
  0
LINE
  5
147
330
2F
100
AcDbEntity
  8
A-DETL-GENF
100
AcDbLine
 10
-2188.567200477998
 20
2044.584933419248
 30
0.0
 11
-2197.535636876073
 21
2054.401549818304
 31
0.0
  0
LINE
  5
148
330
2F
100
AcDbEntity
  8
A-DETL-GENF
100
AcDbLine
 10
-2197.535636876073
 20
2054.401549818304
 30
0.0
 11
-2206.957125839736
 21
2064.682384649673
 31
0.0
  0
LINE
  5
149
330
2F
100
AcDbEntity
  8
A-DETL-GENF
100
AcDbLine
 10
-2206.957125839783
 20
2064.682384649723
 30
0.0
 11
-2216.959382486383
 21
2075.439137315123
 31
0.0
  0
LINE
  5
14A
330
2F
100
AcDbEntity
  8
A-DETL-GENF
100
AcDbLine
 10
-2216.959382486383
 20
2075.439137315123
 30
0.0
 11
-2227.403960983943
 21
2086.643852004875
 31
0.0
  0
LINE
  5
14B
330
2F
100
AcDbEntity
  8
A-DETL-GENF
100
AcDbLine
 10
-2227.403960983917
 20
2086.643852004847
 30
0.0
 11
-2238.085875262663
 21
2098.258659106442
 31
0.0
  0
LINE
  5
14C
330
2F
100
AcDbEntity
  8
A-DETL-GENF
100
AcDbLine
 10
-2238.08587526266
 20
2098.25865910644
 30
0.0
 11
-2248.800139253155
 21
2110.245689007317
 31
0.0
  0
LINE
  5
14D
330
2F
100
AcDbEntity
  8
A-DETL-GENF
100
AcDbLine
 10
-2248.800139253155
 20
2110.245689007318
 30
0.0
 11
-2259.34176688578
 21
2122.567072094989
 31
0.0
  0
LINE
  5
14E
330
2F
100
AcDbEntity
  8
A-DETL-GENF
100
AcDbLine
 10
-2259.341766885781
 20
2122.56707209499
 30
0.0
 11
-2269.505772091031
 21
2135.184938756937
 31
0.0
  0
LINE
  5
14F
330
2F
100
AcDbEntity
  8
A-DETL-GENF
100
AcDbLine
 10
-2269.505772091032
 20
2135.184938756938
 30
0.0
 11
-2279.087168799255
 21
2148.061419380632
 31
0.0
  0
LINE
  5
150
330
2F
100
AcDbEntity
  8
A-DETL-GENF
100
AcDbLine
 10
-2279.087168799256
 20
2148.061419380633
 30
0.0
 11
-2287.880970940801
 21
2161.15864435362
 31
0.0
  0
LINE
  5
151
330
2F
100
AcDbEntity
  8
A-DETL-GENF
100
AcDbLine
 10
-2287.880970940801
 20
2161.15864435362
 30
0.0
 11
-2295.682192446575
 21
2174.438744063344
 31
0.0
  0
LINE
  5
152
330
2F
100
AcDbEntity
  8
A-DETL-GENF
100
AcDbLine
 10
-2295.682192446575
 20
2174.438744063344
 30
0.0
 11
-2302.285847246513
 21
2187.863848897277
 31
0.0
  0
LINE
  5
153
330
2F
100
AcDbEntity
  8
A-DETL-GENF
100
AcDbLine
 10
-2302.285847246513
 20
2187.863848897277
 30
0.0
 11
-2307.537288436544
 21
2201.397924459255
 31
0.0
  0
LINE
  5
154
330
2F
100
AcDbEntity
  8
A-DETL-GENF
100
AcDbLine
 10
-2307.537288436544
 20
2201.397924459254
 30
0.0
 11
-2311.483225773535
 21
2215.012277218354
 31
0.0
  0
LINE
  5
155
330
2F
100
AcDbEntity
  8
A-DETL-GENF
100
AcDbLine
 10
-2311.483225773535
 20
2215.012277218355
 30
0.0
 11
-2314.220708179238
 21
2228.68004885998
 31
0.0
  0
LINE
  5
156
330
2F
100
AcDbEntity
  8
A-DETL-GENF
100
AcDbLine
 10
-2314.220708179238
 20
2228.680048859981
 30
0.0
 11
-2315.846784576099
 21
2242.374381069429
 31
0.0
  0
LINE
  5
157
330
2F
100
AcDbEntity
  8
A-DETL-GENF
100
AcDbLine
 10
-2315.846784576099
 20
2242.374381069429
 30
0.0
 11
-2316.458503886011
 21
2256.068415532206
 31
0.0
  0
LINE
  5
158
330
2F
100
AcDbEntity
  8
A-DETL-GENF
100
AcDbLine
 10
-2316.458503886011
 20
2256.068415532206
 30
0.0
 11
-2316.152915030863
 21
2269.735293933612
 31
0.0
  0
LINE
  5
159
330
2F
100
AcDbEntity
  8
A-DETL-GENF
100
AcDbLine
 10
-2316.152915030863
 20
2269.735293933612
 30
0.0
 11
-2315.027066933102
 21
2283.348157959048
 31
0.0
  0
LINE
  5
15A
330
2F
100
AcDbEntity
  8
A-DETL-GENF
100
AcDbLine
 10
-2315.027066933102
 20
2283.348157959048
 30
0.0
 11
-2313.178008514482
 21
2296.880149293983
 31
0.0
  0
LINE
  5
15B
330
2F
100
AcDbEntity
  8
A-DETL-GENF
100
AcDbLine
 10
-2313.178008514481
 20
2296.880149293988
 30
0.0
 11
-2310.702788697032
 21
2310.304409623684
 31
0.0
  0
LINE
  5
15C
330
2F
100
AcDbEntity
  8
A-DETL-GENF
100
AcDbLine
 10
-2310.70278869703
 20
2310.304409623688
 30
0.0
 11
-2307.69845640292
 21
2323.59408063362
 31
0.0
  0
LINE
  5
15D
330
2F
100
AcDbEntity
  8
A-DETL-GENF
100
AcDbLine
 10
-2307.698456402919
 20
2323.594080633624
 30
0.0
 11
-2304.268377884994
 21
2336.72317819698
 31
0.0
  0
LINE
  5
15E
330
2F
100
AcDbEntity
  8
A-DETL-GENF
100
AcDbLine
 10
-2304.268377884993
 20
2336.723178196986
 30
0.0
 11
-2300.541188718271
 21
2349.669214938101
 31
0.0
  0
LINE
  5
15F
330
2F
100
AcDbEntity
  8
A-DETL-GENF
100
AcDbLine
 10
-2300.541188718273
 20
2349.669214938096
 30
0.0
 11
-2296.65184180898
 21
2362.410577669331
 31
0.0
  0
LINE
  5
160
330
2F
100
AcDbEntity
  8
A-DETL-GENF
100
AcDbLine
 10
-2296.651841808976
 20
2362.410577669345
 30
0.0
 11
-2292.735290062893
 21
2374.925653203393
 31
0.0
  0
LINE
  5
161
330
2F
100
AcDbEntity
  8
A-DETL-GENF
100
AcDbLine
 10
-2292.735290063226
 20
2374.925653202326
 30
0.0
 11
-2288.926486386513
 21
2387.19282835044
 31
0.0
  0
LINE
  5
162
330
2F
100
AcDbEntity
  8
A-DETL-GENF
100
AcDbLine
 10
-2288.926486386515
 20
2387.192828350434
 30
0.0
 11
-2285.360383684972
 21
2399.190489924903
 31
0.0
  0
LINE
  5
163
330
2F
100
AcDbEntity
  8
A-DETL-GENF
100
AcDbLine
 10
-2285.360383684974
 20
2399.190489924897
 30
0.0
 11
-2282.171934865038
 21
2410.897024738164
 31
0.0
  0
LINE
  5
164
330
2F
100
AcDbEntity
  8
A-DETL-GENF
100
AcDbLine
 10
-2282.171934865037
 20
2410.897024738168
 30
0.0
 11
-2279.496092831979
 21
2422.290819602479
 31
0.0
  0
LINE
  5
165
330
2F
100
AcDbEntity
  8
A-DETL-GENF
100
AcDbLine
 10
-2279.496092831979
 20
2422.290819602479
 30
0.0
 11
-2277.467810492321
 21
2433.350261330107
 31
0.0
  0
LINE
  5
166
330
2F
100
AcDbEntity
  8
A-DETL-GENF
100
AcDbLine
 10
-2277.467810492322
 20
2433.350261330105
 30
0.0
 11
-2276.222040751898
 21
2444.053736733135
 31
0.0
  0
LINE
  5
167
330
2F
100
AcDbEntity
  8
A-DETL-GENF
100
AcDbLine
 10
-2276.222040751898
 20
2444.053736733135
 30
0.0
 11
-2275.86854594241
 21
2454.399416801511
 31
0.0
  0
LINE
  5
168
330
2F
100
AcDbEntity
  8
A-DETL-GENF
100
AcDbLine
 10
-2275.86854594241
 20
2454.399416801511
 30
0.0
 11
-2276.416326097676
 21
2464.464609235765
 31
0.0
  0
LINE
  5
169
330
2F
100
AcDbEntity
  8
A-DETL-GENF
100
AcDbLine
 10
-2276.416326097676
 20
2464.464609235765
 30
0.0
 11
-2277.849190677935
 21
2474.346405914
 31
0.0
  0
LINE
  5
16A
330
2F
100
AcDbEntity
  8
A-DETL-GENF
100
AcDbLine
 10
-2277.849190677935
 20
2474.346405914
 30
0.0
 11
-2280.150949142738
 21
2484.141898714459
 31
0.0
  0
LINE
  5
16B
330
2F
100
AcDbEntity
  8
A-DETL-GENF
100
AcDbLine
 10
-2280.150949142738
 20
2484.141898714459
 30
0.0
 11
-2283.305410952189
 21
2493.94817951528
 31
0.0
  0
LINE
  5
16C
330
2F
100
AcDbEntity
  8
A-DETL-GENF
100
AcDbLine
 10
-2283.305410952189
 20
2493.94817951528
 30
0.0
 11
-2287.296385565978
 21
2503.862340194605
 31
0.0
  0
LINE
  5
16D
330
2F
100
AcDbEntity
  8
A-DETL-GENF
100
AcDbLine
 10
-2287.296385565978
 20
2503.862340194605
 30
0.0
 11
-2292.10768244379
 21
2513.981472630673
 31
0.0
  0
LINE
  5
16E
330
2F
100
AcDbEntity
  8
A-DETL-GENF
100
AcDbLine
 10
-2292.10768244379
 20
2513.981472630673
 30
0.0
 11
-2297.72311104573
 21
2524.402668701626
 31
0.0
  0
LINE
  5
16F
330
2F
100
AcDbEntity
  8
A-DETL-GENF
100
AcDbLine
 10
-2297.723111045731
 20
2524.402668701626
 30
0.0
 11
-2304.126480831349
 21
2535.223020285636
 31
0.0
  0
LINE
  5
170
330
2F
100
AcDbEntity
  8
A-DETL-GENF
100
AcDbLine
 10
-2304.126480831349
 20
2535.223020285635
 30
0.0
 11
-2311.301601260892
 21
2546.539619260882
 31
0.0
  0
LINE
  5
171
330
2F
100
AcDbEntity
  8
A-DETL-GENF
100
AcDbLine
 10
-2311.30160126089
 20
2546.539619260879
 30
0.0
 11
-2319.200800121566
 21
2558.419890542083
 31
0.0
  0
LINE
  5
172
330
2F
100
AcDbEntity
  8
A-DETL-GENF
100
AcDbLine
 10
-2319.200800121569
 20
2558.419890542088
 30
0.0
 11
-2327.650478512859
 21
2570.812591190418
 31
0.0
  0
LINE
  5
173
330
2F
100
AcDbEntity
  8
A-DETL-GENF
100
AcDbLine
 10
-2327.650478512423
 20
2570.812591189781
 30
0.0
 11
-2336.445555861125
 21
2583.636811302185
 31
0.0
  0
LINE
  5
174
330
2F
100
AcDbEntity
  8
A-DETL-GENF
100
AcDbLine
 10
-2336.445555861109
 20
2583.636811302162
 30
0.0
 11
-2345.380951593423
 21
2596.811640975592
 31
0.0
  0
LINE
  5
175
330
2F
100
AcDbEntity
  8
A-DETL-GENF
100
AcDbLine
 10
-2345.380951593421
 20
2596.811640975589
 30
0.0
 11
-2354.251585136687
 21
2610.25617030792
 31
0.0
  0
LINE
  5
176
330
2F
100
AcDbEntity
  8
A-DETL-GENF
100
AcDbLine
 10
-2354.251585136692
 20
2610.256170307928
 30
0.0
 11
-2362.852375917835
 21
2623.889489396425
 31
0.0
  0
LINE
  5
177
330
2F
100
AcDbEntity
  8
A-DETL-GENF
100
AcDbLine
 10
-2362.852375917836
 20
2623.889489396427
 30
0.0
 11
-2370.97824336359
 21
2637.630688338419
 31
0.0
  0
LINE
  5
178
330
2F
100
AcDbEntity
  8
A-DETL-GENF
100
AcDbLine
 10
-2370.978243363589
 20
2637.630688338418
 30
0.0
 11
-2378.424106900803
 21
2651.398857231299
 31
0.0
  0
LINE
  5
179
330
2F
100
AcDbEntity
  8
A-DETL-GENF
100
AcDbLine
 10
-2378.424106900803
 20
2651.398857231299
 30
0.0
 11
-2384.984885956331
 21
2665.113086172434
 31
0.0
  0
LINE
  5
17A
330
2F
100
AcDbEntity
  8
A-DETL-GENF
100
AcDbLine
 10
-2384.984885956331
 20
2665.113086172434
 30
0.0
 11
-2390.455499957169
 21
2678.692465259058
 31
0.0
  0
LINE
  5
17B
330
2F
100
AcDbEntity
  8
A-DETL-GENF
100
AcDbLine
 10
-2390.455499957169
 20
2678.692465259058
 30
0.0
 11
-2394.675842140213
 21
2692.065074577817
 31
0.0
  0
LINE
  5
17C
330
2F
100
AcDbEntity
  8
A-DETL-GENF
100
AcDbLine
 10
-2394.675842140213
 20
2692.065074577815
 30
0.0
 11
-2397.66570098391
 21
2705.194954171981
 31
0.0
  0
LINE
  5
17D
330
2F
100
AcDbEntity
  8
A-DETL-GENF
100
AcDbLine
 10
-2397.66570098391
 20
2705.194954171981
 30
0.0
 11
-2399.489838776611
 21
2718.05513407393
 31
0.0
  0
LINE
  5
17E
330
2F
100
AcDbEntity
  8
A-DETL-GENF
100
AcDbLine
 10
-2399.489838776611
 20
2718.05513407393
 30
0.0
 11
-2400.213017806804
 21
2730.618644316138
 31
0.0
  0
LINE
  5
17F
330
2F
100
AcDbEntity
  8
A-DETL-GENF
100
AcDbLine
 10
-2400.213017806804
 20
2730.618644316138
 30
0.0
 11
-2399.900000363254
 21
2742.858514931089
 31
0.0
  0
LINE
  5
180
330
2F
100
AcDbEntity
  8
A-DETL-GENF
100
AcDbLine
 10
-2399.900000363254
 20
2742.858514931089
 30
0.0
 11
-2398.615548734174
 21
2754.747775951226
 31
0.0
  0
LINE
  5
181
330
2F
100
AcDbEntity
  8
A-DETL-GENF
100
AcDbLine
 10
-2398.615548734174
 20
2754.747775951226
 30
0.0
 11
-2396.424425208049
 21
2766.25945740896
 31
0.0
  0
LINE
  5
182
330
2F
100
AcDbEntity
  8
A-DETL-GENF
100
AcDbLine
 10
-2396.424425208051
 20
2766.259457408958
 30
0.0
 11
-2393.39139207351
 21
2777.36658933677
 31
0.0
  0
LINE
  5
183
330
2F
100
AcDbEntity
  8
A-DETL-GENF
100
AcDbLine
 10
-2393.39139207351
 20
2777.36658933677
 30
0.0
 11
-2389.581211619042
 21
2788.042201767101
 31
0.0
  0
LINE
  5
184
330
2F
100
AcDbEntity
  8
A-DETL-GENF
100
AcDbLine
 10
-2389.581211619042
 20
2788.042201767101
 30
0.0
 11
-2385.058646132998
 21
2798.259324732399
 31
0.0
  0
LINE
  5
185
330
2F
100
AcDbEntity
  8
A-DETL-GENF
100
AcDbLine
 10
-2385.058646132998
 20
2798.259324732399
 30
0.0
 11
-2379.893854755762
 21
2808.012564240849
 31
0.0
  0
LINE
  5
186
330
2F
100
AcDbEntity
  8
A-DETL-GENF
100
AcDbLine
 10
-2379.893854755762
 20
2808.012564240849
 30
0.0
 11
-2374.178584032549
 21
2817.382830203401
 31
0.0
  0
LINE
  5
187
330
2F
100
AcDbEntity
  8
A-DETL-GENF
100
AcDbLine
 10
-2374.178584032549
 20
2817.382830203401
 30
0.0
 11
-2368.009977360882
 21
2826.47260850681
 31
0.0
  0
LINE
  5
188
330
2F
100
AcDbEntity
  8
A-DETL-GENF
100
AcDbLine
 10
-2368.009977360881
 20
2826.472608506812
 30
0.0
 11
-2361.485178138154
 21
2835.384385037695
 31
0.0
  0
LINE
  5
189
330
2F
100
AcDbEntity
  8
A-DETL-GENF
100
AcDbLine
 10
-2361.485178138159
 20
2835.384385037688
 30
0.0
 11
-2354.701329761186
 21
2844.220645682826
 31
0.0
  0
LINE
  5
18A
330
2F
100
AcDbEntity
  8
A-DETL-GENF
100
AcDbLine
 10
-2354.701329761166
 20
2844.220645682851
 30
0.0
 11
-2347.755575627616
 21
2853.083876328928
 31
0.0
  0
LINE
  5
18B
330
2F
100
AcDbEntity
  8
A-DETL-GENF
100
AcDbLine
 10
-2347.755575627596
 20
2853.083876328954
 30
0.0
 11
-2340.745059134543
 21
2862.076562862494
 31
0.0
  0
LINE
  5
18C
330
2F
100
AcDbEntity
  8
A-DETL-GENF
100
AcDbLine
 10
-2340.745059134544
 20
2862.076562862493
 30
0.0
 11
-2333.76692367908
 21
2871.301191170454
 31
0.0
  0
LINE
  5
18D
330
2F
100
AcDbEntity
  8
A-DETL-GENF
100
AcDbLine
 10
-2333.766923679075
 20
2871.301191170461
 30
0.0
 11
-2326.918312658657
 21
2880.860247139445
 31
0.0
  0
LINE
  5
18E
330
2F
100
AcDbEntity
  8
A-DETL-GENF
100
AcDbLine
 10
-2326.918312658657
 20
2880.860247139445
 30
0.0
 11
-2320.296369470527
 21
2890.856216656148
 31
0.0
  0
LINE
  5
18F
330
2F
100
AcDbEntity
  8
A-DETL-GENF
100
AcDbLine
 10
-2320.296369470529
 20
2890.856216656145
 30
0.0
 11
-2313.923581004186
 21
2901.394282600355
 31
0.0
  0
LINE
  5
190
330
2F
100
AcDbEntity
  8
A-DETL-GENF
100
AcDbLine
 10
-2313.923581004189
 20
2901.394282600351
 30
0.0
 11
-2307.523808119738
 21
2912.590415824404
 31
0.0
  0
LINE
  5
191
330
2F
100
AcDbEntity
  8
A-DETL-GENF
100
AcDbLine
 10
-2307.523808119564
 20
2912.590415824709
 30
0.0
 11
-2300.746255169168
 21
2924.563284174228
 31
0.0
  0
LINE
  5
192
330
2F
100
AcDbEntity
  8
A-DETL-GENF
100
AcDbLine
 10
-2300.746255169167
 20
2924.56328417423
 30
0.0
 11
-2293.240126504994
 21
2937.431555494939
 31
0.0
  0
LINE
  5
193
330
2F
100
AcDbEntity
  8
A-DETL-GENF
100
AcDbLine
 10
-2293.240126504996
 20
2937.431555494936
 30
0.0
 11
-2284.654626479539
 21
2951.31389763223
 31
0.0
  0
LINE
  5
194
330
2F
100
AcDbEntity
  8
A-DETL-GENF
100
AcDbLine
 10
-2284.654626479541
 20
2951.313897632227
 30
0.0
 11
-2274.638959444917
 21
2966.328978431608
 31
0.0
  0
LINE
  5
195
330
2F
100
AcDbEntity
  8
A-DETL-GENF
100
AcDbLine
 10
-2274.638959444917
 20
2966.328978431607
 30
0.0
 11
-2262.842329753664
 21
2982.595465738599
 31
0.0
  0
LINE
  5
196
330
2F
100
AcDbEntity
  8
A-DETL-GENF
100
AcDbLine
 10
-2262.842329753658
 20
2982.595465738607
 30
0.0
 11
-2248.913941758027
 21
3000.232027398818
 31
0.0
  0
LINE
  5
197
330
2F
100
AcDbEntity
  8
A-DETL-GENF
100
AcDbLine
 10
-2248.913941758028
 20
3000.232027398817
 30
0.0
 11
-2232.502999810002
 21
3019.357331257811
 31
0.0
  0
LINE
  5
198
330
2F
100
AcDbEntity
  8
A-DETL-GENF
100
AcDbLine
 10
-2232.502999810003
 20
3019.357331257809
 30
0.0
 11
-2213.258708262253
 21
3040.090045161012
 31
0.0
  0
LINE
  5
199
330
2F
100
AcDbEntity
  8
A-DETL-GENF
100
AcDbLine
 10
-2213.258708262254
 20
3040.090045161011
 30
0.0
 11
-2190.968790779033
 21
3062.477816041974
 31
0.0
  0
LINE
  5
19A
330
2F
100
AcDbEntity
  8
A-DETL-GENF
100
AcDbLine
 10
-2190.968790779027
 20
3062.47781604198
 30
0.0
 11
-2165.975048273044
 21
3086.284207186071
 31
0.0
  0
LINE
  5
19B
330
2F
100
AcDbEntity
  8
A-DETL-GENF
100
AcDbLine
 10
-2165.975048273069
 20
3086.284207186048
 30
0.0
 11
-2138.757800968784
 21
3111.201760966515
 31
0.0
  0
LINE
  5
19C
330
2F
100
AcDbEntity
  8
A-DETL-GENF
100
AcDbLine
 10
-2138.757800968785
 20
3111.201760966513
 30
0.0
 11
-2109.797369091003
 21
3136.923019756569
 31
0.0
  0
LINE
  5
19D
330
2F
100
AcDbEntity
  8
A-DETL-GENF
100
AcDbLine
 10
-2109.797369091078
 20
3136.923019756502
 30
0.0
 11
-2079.574072864436
 21
3163.140525929501
 31
0.0
  0
LINE
  5
19E
330
2F
100
AcDbEntity
  8
A-DETL-GENF
100
AcDbLine
 10
-2079.574072864564
 20
3163.140525929391
 30
0.0
 11
-2048.568232514208
 21
3189.546821858406
 31
0.0
  0
LINE
  5
19F
330
2F
100
AcDbEntity
  8
A-DETL-GENF
100
AcDbLine
 10
-2048.568232514036
 20
3189.546821858553
 30
0.0
 11
-2017.26016826413
 21
3215.834449917205
 31
0.0
  0
LINE
  5
1A0
330
2F
100
AcDbEntity
  8
A-DETL-GENF
100
AcDbLine
 10
-2017.260168264257
 20
3215.834449917098
 30
0.0
 11
-1986.13020033935
 21
3241.695952478516
 31
0.0
  0
LINE
  5
1A1
330
2F
100
AcDbEntity
  8
A-DETL-GENF
100
AcDbLine
 10
-1986.130200339512
 20
3241.695952478381
 30
0.0
 11
-1955.65864896585
 21
3266.82387191493
 31
0.0
  0
LINE
  5
1A2
330
2F
100
AcDbEntity
  8
A-DETL-GENF
100
AcDbLine
 10
-1955.658648965458
 20
3266.823871915255
 30
0.0
 11
-1926.325834365424
 21
3290.910750602002
 31
0.0
  0
LINE
  5
1A3
330
2F
100
AcDbEntity
  8
A-DETL-GENF
100
AcDbLine
 10
-1926.325834365424
 20
3290.910750602002
 30
0.0
 11
-1898.514033871879
 21
3313.712060835255
 31
0.0
  0
LINE
  5
1A4
330
2F
100
AcDbEntity
  8
A-DETL-GENF
100
AcDbLine
 10
-1898.514033871879
 20
3313.712060835255
 30
0.0
 11
-1872.213353244717
 21
3335.234994610002
 31
0.0
  0
LINE
  5
1A5
330
2F
100
AcDbEntity
  8
A-DETL-GENF
100
AcDbLine
 10
-1872.213353244717
 20
3335.234994610002
 30
0.0
 11
-1847.31585535138
 21
3355.5496738442
 31
0.0
  0
LINE
  5
1A6
330
2F
100
AcDbEntity
  8
A-DETL-GENF
100
AcDbLine
 10
-1847.315855349971
 20
3355.549673845351
 30
0.0
 11
-1823.713603056235
 21
3374.726220459213
 31
0.0
  0
LINE
  5
1A7
330
2F
100
AcDbEntity
  8
A-DETL-GENF
100
AcDbLine
 10
-1823.713603055163
 20
3374.726220460082
 30
0.0
 11
-1801.298659226933
 21
3392.834756372635
 31
0.0
  0
LINE
  5
1A8
330
2F
100
AcDbEntity
  8
A-DETL-GENF
100
AcDbLine
 10
-1801.29865922686
 20
3392.834756372695
 30
0.0
 11
-1779.963086730993
 21
3409.945403503256
 31
0.0
  0
LINE
  5
1A9
330
2F
100
AcDbEntity
  8
A-DETL-GENF
100
AcDbLine
 10
-1779.963086731243
 20
3409.945403503056
 30
0.0
 11
-1759.598948434832
 21
3426.128283769949
 31
0.0
  0
LINE
  5
1AA
330
2F
100
AcDbEntity
  8
A-DETL-GENF
100
AcDbLine
 10
-1759.598948434887
 20
3426.128283769904
 30
0.0
 11
-1740.098307205417
 21
3441.453519091732
 31
0.0
  0
LINE
  5
1AB
330
2F
100
AcDbEntity
  8
A-DETL-GENF
100
AcDbLine
 10
-1740.098307205432
 20
3441.453519091721
 30
0.0
 11
-1721.353225908696
 21
3455.991231387851
 31
0.0
  0
LINE
  5
1AC
330
2F
100
AcDbEntity
  8
A-DETL-GENF
100
AcDbLine
 10
-1721.353225908681
 20
3455.991231387863
 30
0.0
 11
-1703.255767411943
 21
3469.811542577291
 31
0.0
  0
LINE
  5
1AD
330
2F
100
AcDbEntity
  8
A-DETL-GENF
100
AcDbLine
 10
-1703.255767411921
 20
3469.811542577307
 30
0.0
 11
-1685.676407154366
 21
3482.956705608474
 31
0.0
  0
LINE
  5
1AE
330
2F
100
AcDbEntity
  8
A-DETL-GENF
100
AcDbLine
 10
-1685.676407154352
 20
3482.956705608484
 30
0.0
 11
-1668.399270867204
 21
3495.357497548671
 31
0.0
  0
LINE
  5
1AF
330
2F
100
AcDbEntity
  8
A-DETL-GENF
100
AcDbLine
 10
-1668.3992708672
 20
3495.357497548674
 30
0.0
 11
-1651.186896854393
 21
3506.916826494636
 31
0.0
  0
LINE
  5
1B0
330
2F
100
AcDbEntity
  8
A-DETL-GENF
100
AcDbLine
 10
-1651.186896854391
 20
3506.916826494638
 30
0.0
 11
-1633.801823419748
 21
3517.537600543214
 31
0.0
  0
LINE
  5
1B1
330
2F
100
AcDbEntity
  8
A-DETL-GENF
100
AcDbLine
 10
-1633.801823419748
 20
3517.537600543214
 30
0.0
 11
-1616.006588867231
 21
3527.122727791105
 31
0.0
  0
LINE
  5
1B2
330
2F
100
AcDbEntity
  8
A-DETL-GENF
100
AcDbLine
 10
-1616.006588867232
 20
3527.122727791105
 30
0.0
 11
-1597.56373150066
 21
3535.575116335187
 31
0.0
  0
LINE
  5
1B3
330
2F
100
AcDbEntity
  8
A-DETL-GENF
100
AcDbLine
 10
-1597.563731500657
 20
3535.575116335189
 30
0.0
 11
-1578.235789624124
 21
3542.797674272271
 31
0.0
  0
LINE
  5
1B4
330
2F
100
AcDbEntity
  8
A-DETL-GENF
100
AcDbLine
 10
-1578.235789624121
 20
3542.797674272272
 30
0.0
 11
-1557.785301541449
 21
3548.693309699161
 31
0.0
  0
LINE
  5
1B5
330
2F
100
AcDbEntity
  8
A-DETL-GENF
100
AcDbLine
 10
-1557.785301541448
 20
3548.693309699161
 30
0.0
 11
-1535.974805556588
 21
3553.164930712597
 31
0.0
  0
LINE
  5
1B6
330
2F
100
AcDbEntity
  8
A-DETL-GENF
100
AcDbLine
 10
-1535.974805556588
 20
3553.164930712597
 30
0.0
 11
-1512.56683997322
 21
3556.115445409458
 31
0.0
  0
LINE
  5
1B7
330
2F
100
AcDbEntity
  8
A-DETL-GENF
100
AcDbLine
 10
-1512.566839973218
 20
3556.115445409458
 30
0.0
 11
-1487.430081277597
 21
3557.509792819081
 31
0.0
  0
LINE
  5
1B8
330
2F
100
AcDbEntity
  8
A-DETL-GENF
100
AcDbLine
 10
-1487.430081277597
 20
3557.509792819081
 30
0.0
 11
-1460.857758683487
 21
3557.561035701247
 31
0.0
  0
LINE
  5
1B9
330
2F
100
AcDbEntity
  8
A-DETL-GENF
100
AcDbLine
 10
-1460.857758683487
 20
3557.561035701247
 30
0.0
 11
-1433.249239587076
 21
3556.54426774834
 31
0.0
  0
LINE
  5
1BA
330
2F
100
AcDbEntity
  8
A-DETL-GENF
100
AcDbLine
 10
-1433.249239587074
 20
3556.54426774834
 30
0.0
 11
-1405.003891384453
 21
3554.734582652707
 31
0.0
  0
LINE
  5
1BB
330
2F
100
AcDbEntity
  8
A-DETL-GENF
100
AcDbLine
 10
-1405.00389138444
 20
3554.734582652706
 30
0.0
 11
-1376.521081471284
 21
3552.407074106722
 31
0.0
  0
LINE
  5
1BC
330
2F
100
AcDbEntity
  8
A-DETL-GENF
100
AcDbLine
 10
-1376.521081471344
 20
3552.407074106727
 30
0.0
 11
-1348.200177244095
 21
3549.836835802714
 31
0.0
  0
LINE
  5
1BD
330
2F
100
AcDbEntity
  8
A-DETL-GENF
100
AcDbLine
 10
-1348.200177244095
 20
3549.836835802714
 30
0.0
 11
-1320.440546098518
 21
3547.29896143312
 31
0.0
  0
LINE
  5
1BE
330
2F
100
AcDbEntity
  8
A-DETL-GENF
100
AcDbLine
 10
-1320.440546098522
 20
3547.29896143312
 30
0.0
 11
-1293.641555430927
 21
3545.068544690223
 31
0.0
  0
LINE
  5
1BF
330
2F
100
AcDbEntity
  8
A-DETL-GENF
100
AcDbLine
 10
-1293.641555430912
 20
3545.068544690222
 30
0.0
 11
-1268.202572637129
 21
3543.420679266406
 31
0.0
  0
LINE
  5
1C0
330
2F
100
AcDbEntity
  8
A-DETL-GENF
100
AcDbLine
 10
-1268.202572637129
 20
3543.420679266406
 30
0.0
 11
-1244.522965113009
 21
3542.630458854084
 31
0.0
  0
LINE
  5
1C1
330
2F
100
AcDbEntity
  8
A-DETL-GENF
100
AcDbLine
 10
-1244.522965113009
 20
3542.630458854084
 30
0.0
 11
-1222.911253164713
 21
3542.908249219834
 31
0.0
  0
LINE
  5
1C2
330
2F
100
AcDbEntity
  8
A-DETL-GENF
100
AcDbLine
 10
-1222.911253164709
 20
3542.908249219834
 30
0.0
 11
-1203.312568736593
 21
3544.205504427359
 31
0.0
  0
LINE
  5
1C3
330
2F
100
AcDbEntity
  8
A-DETL-GENF
100
AcDbLine
 10
-1203.312568736593
 20
3544.205504427359
 30
0.0
 11
-1185.581196683235
 21
3546.408950614591
 31
0.0
  0
LINE
  5
1C4
330
2F
100
AcDbEntity
  8
A-DETL-GENF
100
AcDbLine
 10
-1185.581196683234
 20
3546.408950614591
 30
0.0
 11
-1169.571421859067
 21
3549.405313919532
 31
0.0
  0
LINE
  5
1C5
330
2F
100
AcDbEntity
  8
A-DETL-GENF
100
AcDbLine
 10
-1169.571421859067
 20
3549.405313919532
 30
0.0
 11
-1155.137529118665
 21
3553.081320480147
 31
0.0
  0
LINE
  5
1C6
330
2F
100
AcDbEntity
  8
A-DETL-GENF
100
AcDbLine
 10
-1155.137529118666
 20
3553.081320480147
 30
0.0
 11
-1142.133803316189
 21
3557.32369643437
 31
0.0
  0
LINE
  5
1C7
330
2F
100
AcDbEntity
  8
A-DETL-GENF
100
AcDbLine
 10
-1142.133803316188
 20
3557.32369643437
 30
0.0
 11
-1130.414529306072
 21
3562.019167920168
 31
0.0
  0
LINE
  5
1C8
330
2F
100
AcDbEntity
  8
A-DETL-GENF
100
AcDbLine
 10
-1130.414529306071
 20
3562.019167920168
 30
0.0
 11
-1119.833991942889
 21
3567.054461075506
 31
0.0
  0
LINE
  5
1C9
330
2F
100
AcDbEntity
  8
A-DETL-GENF
100
AcDbLine
 10
-1119.833991942892
 20
3567.054461075505
 30
0.0
 11
-1110.246476081078
 21
3572.316302038352
 31
0.0
  0
LINE
  5
1CA
330
2F
100
AcDbEntity
  8
A-DETL-GENF
100
AcDbLine
 10
-1110.246476081079
 20
3572.316302038351
 30
0.0
 11
-1101.506266575069
 21
3577.691416946672
 31
0.0
  0
LINE
  5
1CB
330
2F
100
AcDbEntity
  8
A-DETL-GENF
100
AcDbLine
 10
-1101.506266575068
 20
3577.691416946674
 30
0.0
 11
-1093.483838857175
 21
3583.089006908528
 31
0.0
  0
LINE
  5
1CC
330
2F
100
AcDbEntity
  8
A-DETL-GENF
100
AcDbLine
 10
-1093.483838857173
 20
3583.089006908529
 30
0.0
 11
-1086.114430672177
 21
3588.508172912897
 31
0.0
  0
LINE
  5
1CD
330
2F
100
AcDbEntity
  8
A-DETL-GENF
100
AcDbLine
 10
-1086.114430672176
 20
3588.508172912898
 30
0.0
 11
-1079.349470342859
 21
3593.97049091865
 31
0.0
  0
LINE
  5
1CE
330
2F
100
AcDbEntity
  8
A-DETL-GENF
100
AcDbLine
 10
-1079.349470342861
 20
3593.970490918648
 30
0.0
 11
-1073.140386191599
 21
3599.497536884929
 31
0.0
  0
LINE
  5
1CF
330
2F
100
AcDbEntity
  8
A-DETL-GENF
100
AcDbLine
 10
-1073.1403861916
 20
3599.497536884928
 30
0.0
 11
-1067.438606541324
 21
3605.110886770739
 31
0.0
  0
LINE
  5
1D0
330
2F
100
AcDbEntity
  8
A-DETL-GENF
100
AcDbLine
 10
-1067.438606541322
 20
3605.11088677074
 30
0.0
 11
-1062.195559714685
 21
3610.832116535087
 31
0.0
  0
LINE
  5
1D1
330
2F
100
AcDbEntity
  8
A-DETL-GENF
100
AcDbLine
 10
-1062.195559714685
 20
3610.832116535087
 30
0.0
 11
-1057.362674034198
 21
3616.682802137009
 31
0.0
  0
LINE
  5
1D2
330
2F
100
AcDbEntity
  8
A-DETL-GENF
100
AcDbLine
 10
-1057.362674034198
 20
3616.682802137009
 30
0.0
 11
-1052.891377822789
 21
3622.684519535515
 31
0.0
  0
LINE
  5
1D3
330
2F
100
AcDbEntity
  8
A-DETL-GENF
100
AcDbLine
 10
-1052.891377822789
 20
3622.684519535514
 30
0.0
 11
-1048.733099403111
 21
3628.858844689639
 31
0.0
  0
LINE
  5
1D4
330
2F
100
AcDbEntity
  8
A-DETL-GENF
100
AcDbLine
 10
-1048.73309940311
 20
3628.85884468964
 30
0.0
 11
-1044.839267097676
 21
3635.227353558358
 31
0.0
  0
LINE
  5
1D5
330
2F
100
AcDbEntity
  8
A-DETL-GENF
100
AcDbLine
 10
-1044.839267097676
 20
3635.227353558357
 30
0.0
 11
-1041.155012886744
 21
3641.791844127906
 31
0.0
  0
LINE
  5
1D6
330
2F
100
AcDbEntity
  8
A-DETL-GENF
100
AcDbLine
 10
-1041.155012886743
 20
3641.791844127908
 30
0.0
 11
-1037.60028338074
 21
3648.475002492915
 31
0.0
  0
LINE
  5
1D7
330
2F
100
AcDbEntity
  8
A-DETL-GENF
100
AcDbLine
 10
-1037.600283380717
 20
3648.475002492958
 30
0.0
 11
-1034.088728847344
 21
3655.179736775321
 31
0.0
  0
LINE
  5
1D8
330
2F
100
AcDbEntity
  8
A-DETL-GENF
100
AcDbLine
 10
-1034.088728847349
 20
3655.179736775313
 30
0.0
 11
-1030.533999554227
 21
3661.808955096786
 31
0.0
  0
LINE
  5
1D9
330
2F
100
AcDbEntity
  8
A-DETL-GENF
100
AcDbLine
 10
-1030.533999554226
 20
3661.808955096787
 30
0.0
 11
-1026.84974576951
 21
3668.265565579265
 31
0.0
  0
LINE
  5
1DA
330
2F
100
AcDbEntity
  8
A-DETL-GENF
100
AcDbLine
 10
-1026.849745769511
 20
3668.265565579265
 30
0.0
 11
-1022.949617760799
 21
3674.452476344508
 31
0.0
  0
LINE
  5
1DB
330
2F
100
AcDbEntity
  8
A-DETL-GENF
100
AcDbLine
 10
-1022.949617760799
 20
3674.452476344508
 30
0.0
 11
-1018.747265795971
 21
3680.272595514411
 31
0.0
  0
LINE
  5
1DC
330
2F
100
AcDbEntity
  8
A-DETL-GENF
100
AcDbLine
 10
-1018.747265795971
 20
3680.272595514411
 30
0.0
 11
-1014.156340142626
 21
3685.628831210729
 31
0.0
  0
LINE
  5
1DD
330
2F
100
AcDbEntity
  8
A-DETL-GENF
100
AcDbLine
 10
-1014.156340142626
 20
3685.628831210729
 30
0.0
 11
-1009.09049106878
 21
3690.424091555325
 31
0.0
  0
LINE
  5
1DE
330
2F
100
AcDbEntity
  8
A-DETL-GENF
100
AcDbLine
 10
-1009.09049106878
 20
3690.424091555325
 30
0.0
 11
-1003.463368842034
 21
3694.561284670025
 31
0.0
  0
LINE
  5
1DF
330
2F
100
AcDbEntity
  8
A-DETL-GENF
100
AcDbLine
 10
-1003.463368842034
 20
3694.561284670025
 30
0.0
 11
-997.2219043539151
 21
3697.964894649589
 31
0.0
  0
LINE
  5
1E0
330
2F
100
AcDbEntity
  8
A-DETL-GENF
100
AcDbLine
 10
-997.221904353915
 20
3697.964894649589
 30
0.0
 11
-990.4461509890239
 21
3700.645709480488
 31
0.0
  0
LINE
  5
1E1
330
2F
100
AcDbEntity
  8
A-DETL-GENF
100
AcDbLine
 10
-990.4461509890239
 20
3700.645709480488
 30
0.0
 11
-983.2494427561655
 21
3702.636093122087
 31
0.0
  0
LINE
  5
1E2
330
2F
100
AcDbEntity
  8
A-DETL-GENF
100
AcDbLine
 10
-983.2494427561655
 20
3702.636093122087
 30
0.0
 11
-975.745113663452
 21
3703.968409533756
 31
0.0
  0
LINE
  5
1E3
330
2F
100
AcDbEntity
  8
A-DETL-GENF
100
AcDbLine
 10
-975.745113663452
 20
3703.968409533756
 30
0.0
 11
-968.0464977195494
 21
3704.67502267493
 31
0.0
  0
LINE
  5
1E4
330
2F
100
AcDbEntity
  8
A-DETL-GENF
100
AcDbLine
 10
-968.0464977195498
 20
3704.67502267493
 30
0.0
 11
-960.2669289327089
 21
3704.788296505015
 31
0.0
  0
LINE
  5
1E5
330
2F
100
AcDbEntity
  8
A-DETL-GENF
100
AcDbLine
 10
-960.2669289327087
 20
3704.788296505015
 30
0.0
 11
-952.5197413114581
 21
3704.340594983342
 31
0.0
  0
LINE
  5
1E6
330
2F
100
AcDbEntity
  8
A-DETL-GENF
100
AcDbLine
 10
-952.5197413114583
 20
3704.340594983342
 30
0.0
 11
-944.9182688640474
 21
3703.364282069315
 31
0.0
  0
LINE
  5
1E7
330
2F
100
AcDbEntity
  8
A-DETL-GENF
100
AcDbLine
 10
-944.9182688640476
 20
3703.364282069315
 30
0.0
 11
-937.5758455992823
 21
3701.89172172237
 31
0.0
  0
LINE
  5
1E8
330
2F
100
AcDbEntity
  8
A-DETL-GENF
100
AcDbLine
 10
-937.575845599282
 20
3701.89172172237
 30
0.0
 11
-930.605805525136
 21
3699.955277901911
 31
0.0
  0
LINE
  5
1E9
330
2F
100
AcDbEntity
  8
A-DETL-GENF
100
AcDbLine
 10
-930.6058055251343
 20
3699.95527790191
 30
0.0
 11
-924.0711119815423
 21
3697.595405559184
 31
0.0
  0
LINE
  5
1EA
330
2F
100
AcDbEntity
  8
A-DETL-GENF
100
AcDbLine
 10
-924.0711119815423
 20
3697.595405559184
 30
0.0
 11
-917.8332456326777
 21
3694.884923613293
 31
0.0
  0
LINE
  5
1EB
330
2F
100
AcDbEntity
  8
A-DETL-GENF
100
AcDbLine
 10
-917.8332456326748
 20
3694.884923613291
 30
0.0
 11
-911.7033164738453
 21
3691.904741975218
 31
0.0
  0
LINE
  5
1EC
330
2F
100
AcDbEntity
  8
A-DETL-GENF
100
AcDbLine
 10
-911.7033164738518
 20
3691.90474197522
 30
0.0
 11
-905.4924345004086
 21
3688.735770555933
 31
0.0
  0
LINE
  5
1ED
330
2F
100
AcDbEntity
  8
A-DETL-GENF
100
AcDbLine
 10
-905.49243450056
 20
3688.735770556011
 30
0.0
 11
-899.0117097081927
 21
3685.458919266513
 31
0.0
  0
LINE
  5
1EE
330
2F
100
AcDbEntity
  8
A-DETL-GENF
100
AcDbLine
 10
-899.0117097081951
 20
3685.458919266514
 30
0.0
 11
-892.0722520921192
 21
3682.155098017847
 31
0.0
  0
LINE
  5
1EF
330
2F
100
AcDbEntity
  8
A-DETL-GENF
100
AcDbLine
 10
-892.0722520921169
 20
3682.155098017846
 30
0.0
 11
-884.4851716481297
 21
3678.905216720958
 31
0.0
  0
LINE
  5
1F0
330
2F
100
AcDbEntity
  8
A-DETL-GENF
100
AcDbLine
 10
-884.485171648131
 20
3678.905216720959
 30
0.0
 11
-876.0615783712504
 21
3675.790185286864
 31
0.0
  0
LINE
  5
1F1
330
2F
100
AcDbEntity
  8
A-DETL-GENF
100
AcDbLine
 10
-876.0615783712512
 20
3675.790185286864
 30
0.0
 11
-866.6125822570634
 21
3672.89091362651
 31
0.0
  0
LINE
  5
1F2
330
2F
100
AcDbEntity
  8
A-DETL-GENF
100
AcDbLine
 10
-866.612582257064
 20
3672.89091362651
 30
0.0
 11
-855.9492933008737
 21
3670.288311650912
 31
0.0
  0
LINE
  5
1F3
330
2F
100
AcDbEntity
  8
A-DETL-GENF
100
AcDbLine
 10
-855.9492933008715
 20
3670.288311650911
 30
0.0
 11
-843.9358905952328
 21
3668.054299279107
 31
0.0
  0
LINE
  5
1F4
330
2F
100
AcDbEntity
  8
A-DETL-GENF
100
AcDbLine
 10
-843.9358905952341
 20
3668.054299279107
 30
0.0
 11
-830.648829620425
 21
3666.224836462245
 31
0.0
  0
LINE
  5
1F5
330
2F
100
AcDbEntity
  8
A-DETL-GENF
100
AcDbLine
 10
-830.6488296204287
 20
3666.224836462245
 30
0.0
 11
-816.217634952869
 21
3664.826893159563
 31
0.0
  0
LINE
  5
1F6
330
2F
100
AcDbEntity
  8
A-DETL-GENF
100
AcDbLine
 10
-816.2176349528658
 20
3664.826893159562
 30
0.0
 11
-800.7718311698269
 21
3663.887439330232
 31
0.0
  0
LINE
  5
1F7
330
2F
100
AcDbEntity
  8
A-DETL-GENF
100
AcDbLine
 10
-800.7718311698256
 20
3663.887439330232
 30
0.0
 11
-784.4409428482729
 21
3663.433444933489
 31
0.0
  0
LINE
  5
1F8
330
2F
100
AcDbEntity
  8
A-DETL-GENF
100
AcDbLine
 10
-784.4409428482711
 20
3663.433444933489
 30
0.0
 11
-767.3544945654565
 21
3663.491879928504
 31
0.0
  0
LINE
  5
1F9
330
2F
100
AcDbEntity
  8
A-DETL-GENF
100
AcDbLine
 10
-767.3544945654571
 20
3663.491879928504
 30
0.0
 11
-749.642010897937
 21
3664.089714274551
 31
0.0
  0
LINE
  5
1FA
330
2F
100
AcDbEntity
  8
A-DETL-GENF
100
AcDbLine
 10
-749.6420108979432
 20
3664.089714274551
 30
0.0
 11
-731.433016423261
 21
3665.253917930763
 31
0.0
  0
LINE
  5
1FB
330
2F
100
AcDbEntity
  8
A-DETL-GENF
100
AcDbLine
 10
-731.4330164232526
 20
3665.253917930764
 30
0.0
 11
-712.8570357178359
 21
3667.011460856415
 31
0.0
  0
LINE
  5
1FC
330
2F
100
AcDbEntity
  8
A-DETL-GENF
100
AcDbLine
 10
-712.857035717828
 20
3667.011460856416
 30
0.0
 11
-694.0435933590506
 21
3669.389313010641
 31
0.0
  0
LINE
  5
1FD
330
2F
100
AcDbEntity
  8
A-DETL-GENF
100
AcDbLine
 10
-694.0435933590527
 20
3669.389313010641
 30
0.0
 11
-675.0988248230491
 21
3672.434475717774
 31
0.0
  0
LINE
  5
1FE
330
2F
100
AcDbEntity
  8
A-DETL-GENF
100
AcDbLine
 10
-675.0988248230555
 20
3672.434475717773
 30
0.0
 11
-656.0353091831315
 21
3676.274075762244
 31
0.0
  0
LINE
  5
1FF
330
2F
100
AcDbEntity
  8
A-DETL-GENF
100
AcDbLine
 10
-656.035309183128
 20
3676.274075762245
 30
0.0
 11
-636.8422364120253
 21
3681.055271293472
 31
0.0
  0
LINE
  5
200
330
2F
100
AcDbEntity
  8
A-DETL-GENF
100
AcDbLine
 10
-636.8422364120247
 20
3681.055271293472
 30
0.0
 11
-617.50879648261
 21
3686.925220460949
 31
0.0
  0
LINE
  5
201
330
2F
100
AcDbEntity
  8
A-DETL-GENF
100
AcDbLine
 10
-617.508796482611
 20
3686.925220460948
 30
0.0
 11
-598.024179367194
 21
3694.031081414236
 31
0.0
  0
LINE
  5
202
330
2F
100
AcDbEntity
  8
A-DETL-GENF
100
AcDbLine
 10
-598.0241793671947
 20
3694.031081414236
 30
0.0
 11
-578.3775750387983
 21
3702.520012302819
 31
0.0
  0
LINE
  5
203
330
2F
100
AcDbEntity
  8
A-DETL-GENF
100
AcDbLine
 10
-578.3775750387953
 20
3702.520012302821
 30
0.0
 11
-558.5581734695953
 21
3712.539171276055
 31
0.0
  0
LINE
  5
204
330
2F
100
AcDbEntity
  8
A-DETL-GENF
100
AcDbLine
 10
-558.5581734695917
 20
3712.539171276056
 30
0.0
 11
-538.555164632875
 21
3724.235716483603
 31
0.0
  0
LINE
  5
205
330
2F
100
AcDbEntity
  8
A-DETL-GENF
100
AcDbLine
 10
-538.5551646328757
 20
3724.235716483602
 30
0.0
 11
-518.3577385006761
 21
3737.756806074853
 31
0.0
  0
LINE
  5
206
330
2F
100
AcDbEntity
  8
A-DETL-GENF
100
AcDbLine
 10
-518.3577385006746
 20
3737.756806074854
 30
0.0
 11
-497.9550850460138
 21
3753.249598199293
 31
0.0
  0
LINE
  5
207
330
2F
100
AcDbEntity
  8
A-DETL-GENF
100
AcDbLine
 10
-497.9550850460131
 20
3753.249598199293
 30
0.0
 11
-477.3597887773827
 21
3770.75710596956
 31
0.0
  0
LINE
  5
208
330
2F
100
AcDbEntity
  8
A-DETL-GENF
100
AcDbLine
 10
-477.3597887773852
 20
3770.757105969557
 30
0.0
 11
-456.6780123468915
 21
3789.905762350878
 31
0.0
  0
LINE
  5
209
330
2F
100
AcDbEntity
  8
A-DETL-GENF
100
AcDbLine
 10
-456.6780123468938
 20
3789.905762350876
 30
0.0
 11
-436.0393129424194
 21
3810.217855271648
 31
0.0
  0
LINE
  5
20A
330
2F
100
AcDbEntity
  8
A-DETL-GENF
100
AcDbLine
 10
-436.0393129424173
 20
3810.21785527165
 30
0.0
 11
-415.5732477519847
 21
3831.215672660162
 31
0.0
  0
LINE
  5
20B
330
2F
100
AcDbEntity
  8
A-DETL-GENF
100
AcDbLine
 10
-415.5732477520009
 20
3831.215672660145
 30
0.0
 11
-395.4093739635205
 21
3852.421502444908
 31
0.0
  0
LINE
  5
20C
330
2F
100
AcDbEntity
  8
A-DETL-GENF
100
AcDbLine
 10
-395.4093739633893
 20
3852.421502445048
 30
0.0
 11
-375.6772487652021
 21
3873.35763255405
 31
0.0
  0
LINE
  5
20D
330
2F
100
AcDbEntity
  8
A-DETL-GENF
100
AcDbLine
 10
-375.6772487652872
 20
3873.35763255396
 30
0.0
 11
-356.5064293447266
 21
3893.546350916065
 31
0.0
  0
LINE
  5
20E
330
2F
100
AcDbEntity
  8
A-DETL-GENF
100
AcDbLine
 10
-356.5064293447599
 20
3893.546350916031
 30
0.0
 11
-338.0264728902991
 21
3912.509945459276
 31
0.0
  0
LINE
  5
20F
330
2F
100
AcDbEntity
  8
A-DETL-GENF
100
AcDbLine
 10
-338.0264728902948
 20
3912.50994545928
 30
0.0
 11
-320.3669365896847
 21
3929.770704112156
 31
0.0
  0
LINE
  5
210
330
2F
100
AcDbEntity
  8
A-DETL-GENF
100
AcDbLine
 10
-320.3669365896819
 20
3929.770704112159
 30
0.0
 11
-303.6573776309145
 21
3944.850914802954
 31
0.0
  0
LINE
  5
211
330
2F
100
AcDbEntity
  8
A-DETL-GENF
100
AcDbLine
 10
-303.6573776309122
 20
3944.850914802957
 30
0.0
 11
-287.9918200299568
 21
3957.409827059101
 31
0.0
  0
LINE
  5
212
330
2F
100
AcDbEntity
  8
A-DETL-GENF
100
AcDbLine
 10
-287.9918200299554
 20
3957.409827059102
 30
0.0
 11
-273.3221551142021
 21
3967.654536803951
 31
0.0
  0
LINE
  5
213
330
2F
100
AcDbEntity
  8
A-DETL-GENF
100
AcDbLine
 10
-273.3221551142011
 20
3967.654536803951
 30
0.0
 11
-259.5647410385833
 21
3975.929101559885
 31
0.0
  0
LINE
  5
214
330
2F
100
AcDbEntity
  8
A-DETL-GENF
100
AcDbLine
 10
-259.5647410385808
 20
3975.929101559886
 30
0.0
 11
-246.6359359585868
 21
3982.577578849353
 31
0.0
  0
LINE
  5
215
330
2F
100
AcDbEntity
  8
A-DETL-GENF
100
AcDbLine
 10
-246.6359359585855
 20
3982.577578849354
 30
0.0
 11
-234.4520980294227
 21
3987.944026194666
 31
0.0
  0
LINE
  5
216
330
2F
100
AcDbEntity
  8
A-DETL-GENF
100
AcDbLine
 10
-234.4520980294247
 20
3987.944026194665
 30
0.0
 11
-222.9295854063054
 21
3992.372501118341
 31
0.0
  0
LINE
  5
217
330
2F
100
AcDbEntity
  8
A-DETL-GENF
100
AcDbLine
 10
-222.9295854062996
 20
3992.372501118344
 30
0.0
 11
-211.9847562445266
 21
3996.207061142678
 31
0.0
  0
LINE
  5
218
330
2F
100
AcDbEntity
  8
A-DETL-GENF
100
AcDbLine
 10
-211.9847562446369
 20
3996.207061142639
 30
0.0
 11
-201.5339686993065
 21
3999.791763790069
 31
0.0
  0
LINE
  5
219
330
2F
100
AcDbEntity
  8
A-DETL-GENF
100
AcDbLine
 10
-201.5339686993141
 20
3999.791763790066
 30
0.0
 11
-191.4935809257051
 21
4003.470666582952
 31
0.0
  0
LINE
  5
21A
330
2F
100
AcDbEntity
  8
A-DETL-GENF
100
AcDbLine
 10
-191.4935809257035
 20
4003.470666582952
 30
0.0
 11
-181.779951079128
 21
4007.58782704372
 31
0.0
  0
LINE
  5
21B
330
2F
100
AcDbEntity
  8
A-DETL-GENF
100
AcDbLine
 10
-181.7799510791295
 20
4007.58782704372
 30
0.0
 11
-172.3175181463838
 21
4012.410621993286
 31
0.0
  0
LINE
  5
21C
330
2F
100
AcDbEntity
  8
A-DETL-GENF
100
AcDbLine
 10
-172.3175181463837
 20
4012.410621993286
 30
0.0
 11
-163.0630444409792
 21
4017.899705446537
 31
0.0
  0
LINE
  5
21D
330
2F
100
AcDbEntity
  8
A-DETL-GENF
100
AcDbLine
 10
-163.0630444409785
 20
4017.899705446537
 30
0.0
 11
-153.9813731077517
 21
4023.939050717094
 31
0.0
  0
LINE
  5
21E
330
2F
100
AcDbEntity
  8
A-DETL-GENF
100
AcDbLine
 10
-153.9813731077519
 20
4023.939050717094
 30
0.0
 11
-145.0373472916696
 21
4030.412631118341
 31
0.0
  0
LINE
  5
21F
330
2F
100
AcDbEntity
  8
A-DETL-GENF
100
AcDbLine
 10
-145.0373472916719
 20
4030.41263111834
 30
0.0
 11
-136.1958101379851
 21
4037.204419963798
 31
0.0
  0
LINE
  5
220
330
2F
100
AcDbEntity
  8
A-DETL-GENF
100
AcDbLine
 10
-136.19581013799
 20
4037.204419963795
 30
0.0
 11
-127.4216047912632
 21
4044.198390566945
 31
0.0
  0
LINE
  5
221
330
2F
100
AcDbEntity
  8
A-DETL-GENF
100
AcDbLine
 10
-127.4216047912498
 20
4044.198390566956
 30
0.0
 11
-118.6795743969048
 21
4051.278516241332
 31
0.0
  0
LINE
  5
222
330
2F
100
AcDbEntity
  8
A-DETL-GENF
100
AcDbLine
 10
-118.6795743969456
 20
4051.278516241299
 30
0.0
 11
-109.9345620998071
 21
4058.32877030024
 31
0.0
  0
LINE
  5
223
330
2F
100
AcDbEntity
  8
A-DETL-GENF
100
AcDbLine
 10
-109.9345620997945
 20
4058.32877030025
 30
0.0
 11
-101.1514110448864
 21
4065.233126057389
 31
0.0
  0
LINE
  5
224
330
2F
100
AcDbEntity
  8
A-DETL-GENF
100
AcDbLine
 10
-101.1514110448906
 20
4065.233126057386
 30
0.0
 11
-92.29496437722861
 21
4071.875556826173
 31
0.0
  0
LINE
  5
225
330
2F
100
AcDbEntity
  8
A-DETL-GENF
100
AcDbLine
 10
-92.29496437722811
 20
4071.875556826174
 30
0.0
 11
-83.32829205294807
 21
4078.152640510512
 31
0.0
  0
LINE
  5
226
330
2F
100
AcDbEntity
  8
A-DETL-GENF
100
AcDbLine
 10
-83.32829205294907
 20
4078.152640510512
 30
0.0
 11
-74.20737127285189
 21
4084.01137337637
 31
0.0
  0
LINE
  5
227
330
2F
100
AcDbEntity
  8
A-DETL-GENF
100
AcDbLine
 10
-74.20737127285271
 20
4084.01137337637
 30
0.0
 11
-64.88640604930679
 21
4089.411356280081
 31
0.0
  0
LINE
  5
228
330
2F
100
AcDbEntity
  8
A-DETL-GENF
100
AcDbLine
 10
-64.88640604930583
 20
4089.411356280081
 30
0.0
 11
-55.31960039454129
 21
4094.312190078076
 31
0.0
  0
LINE
  5
229
330
2F
100
AcDbEntity
  8
A-DETL-GENF
100
AcDbLine
 10
-55.31960039454013
 20
4094.312190078076
 30
0.0
 11
-45.46115832022795
 21
4098.67347562665
 31
0.0
  0
LINE
  5
22A
330
2F
100
AcDbEntity
  8
A-DETL-GENF
100
AcDbLine
 10
-45.46115832022723
 20
4098.67347562665
 30
0.0
 11
-35.2652838388715
 21
4102.454813782239
 31
0.0
  0
LINE
  5
22B
330
2F
100
AcDbEntity
  8
A-DETL-GENF
100
AcDbLine
 10
-35.26528383887006
 20
4102.454813782239
 30
0.0
 11
-24.6861809627012
 21
4105.615805401206
 31
0.0
  0
LINE
  5
22C
330
2F
100
AcDbEntity
  8
A-DETL-GENF
100
AcDbLine
 10
-24.68618096270262
 20
4105.615805401206
 30
0.0
 11
-13.67805370352645
 21
4108.116051339883
 31
0.0
  0
LINE
  5
22D
330
2F
100
AcDbEntity
  8
A-DETL-GENF
100
AcDbLine
 10
-13.67805370352659
 20
4108.116051339883
 30
0.0
 11
-2.195106073714476
 21
4109.915152454703
 31
0.0
  0
LINE
  5
22E
330
2F
100
AcDbEntity
  8
A-DETL-GENF
100
AcDbLine
 10
-2.195106073714495
 20
4109.915152454703
 30
0.0
 11
9.808457914783977
 21
4110.97270960203
 31
0.0
  0
LINE
  5
22F
330
2F
100
AcDbEntity
  8
A-DETL-GENF
100
AcDbLine
 10
9.808457914784311
 20
4110.97270960203
 30
0.0
 11
22.3577634720864
 21
4111.261796223526
 31
0.0
  0
LINE
  5
230
330
2F
100
AcDbEntity
  8
A-DETL-GENF
100
AcDbLine
 10
22.3577634720862
 20
4111.261796223526
 30
0.0
 11
35.39525269741506
 21
4110.809376102134
 31
0.0
  0
LINE
  5
231
330
2F
100
AcDbEntity
  8
A-DETL-GENF
100
AcDbLine
 10
35.39525269741708
 20
4110.809376102134
 30
0.0
 11
48.8426969124784
 21
4109.655885605993
 31
0.0
  0
LINE
  5
232
330
2F
100
AcDbEntity
  8
A-DETL-GENF
100
AcDbLine
 10
48.84269691247841
 20
4109.655885605993
 30
0.0
 11
62.62186743911594
 21
4107.841761103448
 31
0.0
  0
LINE
  5
233
330
2F
100
AcDbEntity
  8
A-DETL-GENF
100
AcDbLine
 10
62.62186743911282
 20
4107.84176110345
 30
0.0
 11
76.65453559862608
 21
4105.407438962671
 31
0.0
  0
LINE
  5
234
330
2F
100
AcDbEntity
  8
A-DETL-GENF
100
AcDbLine
 10
76.6545355986285
 20
4105.407438962669
 30
0.0
 11
90.862472713127
 21
4102.39335555183
 31
0.0
  0
LINE
  5
235
330
2F
100
AcDbEntity
  8
A-DETL-GENF
100
AcDbLine
 10
90.86247271312124
 20
4102.393355551831
 30
0.0
 11
105.1674501037643
 21
4098.839947239206
 31
0.0
  0
LINE
  5
236
330
2F
100
AcDbEntity
  8
A-DETL-GENF
100
AcDbLine
 10
105.1674501037714
 20
4098.839947239205
 30
0.0
 11
119.491239092529
 21
4094.787650393004
 31
0.0
  0
LINE
  5
237
330
2F
100
AcDbEntity
  8
A-DETL-GENF
100
AcDbLine
 10
119.4912390925276
 20
4094.787650393004
 30
0.0
 11
133.7556110008455
 21
4090.276901381463
 31
0.0
  0
LINE
  5
238
330
2F
100
AcDbEntity
  8
A-DETL-GENF
100
AcDbLine
 10
133.7556110008507
 20
4090.276901381463
 30
0.0
 11
147.8823371504229
 21
4085.348136572758
 31
0.0
  0
LINE
  5
239
330
2F
100
AcDbEntity
  8
A-DETL-GENF
100
AcDbLine
 10
147.8823371504293
 20
4085.348136572756
 30
0.0
 11
161.8098248858826
 21
4080.034153937631
 31
0.0
  0
LINE
  5
23A
330
2F
100
AcDbEntity
  8
A-DETL-GENF
100
AcDbLine
 10
161.809824885883
 20
4080.034153937631
 30
0.0
 11
175.5430256422096
 21
4074.337197856785
 31
0.0
  0
LINE
  5
23B
330
2F
100
AcDbEntity
  8
A-DETL-GENF
100
AcDbLine
 10
175.5430256422073
 20
4074.337197856785
 30
0.0
 11
189.1035268770494
 21
4068.251874313211
 31
0.0
  0
LINE
  5
23C
330
2F
100
AcDbEntity
  8
A-DETL-GENF
100
AcDbLine
 10
189.1035268770541
 20
4068.251874313208
 30
0.0
 11
202.5129160488663
 21
4061.772789290148
 31
0.0
  0
LINE
  5
23D
330
2F
100
AcDbEntity
  8
A-DETL-GENF
100
AcDbLine
 10
202.5129160488696
 20
4061.772789290146
 30
0.0
 11
215.7927806152922
 21
4054.89454877073
 31
0.0
  0
LINE
  5
23E
330
2F
100
AcDbEntity
  8
A-DETL-GENF
100
AcDbLine
 10
215.7927806152881
 20
4054.894548770731
 30
0.0
 11
228.9647080340979
 21
4047.611758738055
 31
0.0
  0
LINE
  5
23F
330
2F
100
AcDbEntity
  8
A-DETL-GENF
100
AcDbLine
 10
228.9647080341025
 20
4047.611758738052
 30
0.0
 11
242.050285763199
 21
4039.91902517529
 31
0.0
  0
LINE
  5
240
330
2F
100
AcDbEntity
  8
A-DETL-GENF
100
AcDbLine
 10
242.0502857631992
 20
4039.91902517529
 30
0.0
 11
255.0711012607705
 21
4031.810954065543
 31
0.0
  0
LINE
  5
241
330
2F
100
AcDbEntity
  8
A-DETL-GENF
100
AcDbLine
 10
255.0711012607611
 20
4031.810954065548
 30
0.0
 11
268.0487419845946
 21
4023.282151391938
 31
0.0
  0
LINE
  5
242
330
2F
100
AcDbEntity
  8
A-DETL-GENF
100
AcDbLine
 10
268.0487419845953
 20
4023.282151391938
 30
0.0
 11
281.0047953924491
 21
4014.327223137644
 31
0.0
  0
LINE
  5
243
330
2F
100
AcDbEntity
  8
A-DETL-GENF
100
AcDbLine
 10
281.004795392449
 20
4014.327223137644
 30
0.0
 11
293.9473567924588
 21
4004.953361276453
 31
0.0
  0
LINE
  5
244
330
2F
100
AcDbEntity
  8
A-DETL-GENF
100
AcDbLine
 10
293.9473567924627
 20
4004.95336127645
 30
0.0
 11
306.8305528925409
 21
3995.218101744966
 31
0.0
  0
LINE
  5
245
330
2F
100
AcDbEntity
  8
A-DETL-GENF
100
AcDbLine
 10
306.8305528925395
 20
3995.218101744967
 30
0.0
 11
319.5950182513974
 21
3985.191566470533
 31
0.0
  0
LINE
  5
246
330
2F
100
AcDbEntity
  8
A-DETL-GENF
100
AcDbLine
 10
319.5950182514004
 20
3985.191566470529
 30
0.0
 11
332.1813874267681
 21
3974.943877380464
 31
0.0
  0
LINE
  5
247
330
2F
100
AcDbEntity
  8
A-DETL-GENF
100
AcDbLine
 10
332.181387426761
 20
3974.94387738047
 30
0.0
 11
344.5302949770592
 21
3964.545156402025
 31
0.0
  0
LINE
  5
248
330
2F
100
AcDbEntity
  8
A-DETL-GENF
100
AcDbLine
 10
344.5302949770529
 20
3964.54515640203
 30
0.0
 11
356.582375460682
 21
3954.065525462578
 31
0.0
  0
LINE
  5
249
330
2F
100
AcDbEntity
  8
A-DETL-GENF
100
AcDbLine
 10
356.5823754606829
 20
3954.065525462576
 30
0.0
 11
368.2782634355285
 21
3943.575106489351
 31
0.0
  0
LINE
  5
24A
330
2F
100
AcDbEntity
  8
A-DETL-GENF
100
AcDbLine
 10
368.2782634355143
 20
3943.575106489365
 30
0.0
 11
379.5585934598635
 21
3933.144021409718
 31
0.0
  0
LINE
  5
24B
330
2F
100
AcDbEntity
  8
A-DETL-GENF
100
AcDbLine
 10
379.5585934598744
 20
3933.144021409708
 30
0.0
 11
390.3640000922456
 21
3922.842392150964
 31
0.0
  0
LINE
  5
24C
330
2F
100
AcDbEntity
  8
A-DETL-GENF
100
AcDbLine
 10
390.3640000922306
 20
3922.842392150979
 30
0.0
 11
400.6351178905537
 21
3912.740340640432
 31
0.0
  0
LINE
  5
24D
330
2F
100
AcDbEntity
  8
A-DETL-GENF
100
AcDbLine
 10
400.635117890564
 20
3912.740340640422
 30
0.0
 11
410.3557562697281
 21
3902.906190806637
 31
0.0
  0
LINE
  5
24E
330
2F
100
AcDbEntity
  8
A-DETL-GENF
100
AcDbLine
 10
410.3557562697141
 20
3902.906190806651
 30
0.0
 11
419.6824240714159
 21
3893.40107458373
 31
0.0
  0
LINE
  5
24F
330
2F
100
AcDbEntity
  8
A-DETL-GENF
100
AcDbLine
 10
419.6824240714047
 20
3893.401074583741
 30
0.0
 11
428.8148049932511
 21
3884.284325906858
 31
0.0
  0
LINE
  5
250
330
2F
100
AcDbEntity
  8
A-DETL-GENF
100
AcDbLine
 10
428.8148049932522
 20
3884.284325906858
 30
0.0
 11
437.952582733309
 21
3875.615278711286
 31
0.0
  0
LINE
  5
251
330
2F
100
AcDbEntity
  8
A-DETL-GENF
100
AcDbLine
 10
437.952582733308
 20
3875.615278711287
 30
0.0
 11
447.2954409898198
 21
3867.453266932362
 31
0.0
  0
LINE
  5
252
330
2F
100
AcDbEntity
  8
A-DETL-GENF
100
AcDbLine
 10
447.2954409898171
 20
3867.453266932363
 30
0.0
 11
457.0430634606045
 21
3859.85762450536
 31
0.0
  0
LINE
  5
253
330
2F
100
AcDbEntity
  8
A-DETL-GENF
100
AcDbLine
 10
457.043063460605
 20
3859.857624505359
 30
0.0
 11
467.395133843762
 21
3852.887685365518
 31
0.0
  0
LINE
  5
254
330
2F
100
AcDbEntity
  8
A-DETL-GENF
100
AcDbLine
 10
467.3951338437606
 20
3852.887685365519
 30
0.0
 11
478.5513358372522
 21
3846.602783448182
 31
0.0
  0
LINE
  5
255
330
2F
100
AcDbEntity
  8
A-DETL-GENF
100
AcDbLine
 10
478.5513358372524
 20
3846.602783448182
 30
0.0
 11
490.7113531393106
 21
3841.062252688588
 31
0.0
  0
LINE
  5
256
330
2F
100
AcDbEntity
  8
A-DETL-GENF
100
AcDbLine
 10
490.7113531393095
 20
3841.062252688589
 30
0.0
 11
504.0748694476201
 21
3836.325427022048
 31
0.0
  0
LINE
  5
257
330
2F
100
AcDbEntity
  8
A-DETL-GENF
100
AcDbLine
 10
504.0748694476205
 20
3836.325427022048
 30
0.0
 11
518.7759067047205
 21
3832.416579424298
 31
0.0
  0
LINE
  5
258
330
2F
100
AcDbEntity
  8
A-DETL-GENF
100
AcDbLine
 10
518.7759067047198
 20
3832.416579424298
 30
0.0
 11
534.6858398288427
 21
3829.219739033309
 31
0.0
  0
LINE
  5
259
330
2F
100
AcDbEntity
  8
A-DETL-GENF
100
AcDbLine
 10
534.685839828847
 20
3829.219739033308
 30
0.0
 11
551.6103819833445
 21
3826.583874027413
 31
0.0
  0
LINE
  5
25A
330
2F
100
AcDbEntity
  8
A-DETL-GENF
100
AcDbLine
 10
551.6103819833461
 20
3826.583874027413
 30
0.0
 11
569.3552463310411
 21
3824.357952584941
 31
0.0
  0
LINE
  5
25B
330
2F
100
AcDbEntity
  8
A-DETL-GENF
100
AcDbLine
 10
569.3552463310407
 20
3824.357952584941
 30
0.0
 11
587.7261460347181
 21
3822.390942884398
 31
0.0
  0
LINE
  5
25C
330
2F
100
AcDbEntity
  8
A-DETL-GENF
100
AcDbLine
 10
587.7261460347348
 20
3822.390942884396
 30
0.0
 11
606.5287942574269
 21
3820.531813104035
 31
0.0
  0
LINE
  5
25D
330
2F
100
AcDbEntity
  8
A-DETL-GENF
100
AcDbLine
 10
606.5287942574269
 20
3820.531813104035
 30
0.0
 11
625.5689041621896
 21
3818.629531422362
 31
0.0
  0
LINE
  5
25E
330
2F
100
AcDbEntity
  8
A-DETL-GENF
100
AcDbLine
 10
625.5689041621198
 20
3818.629531422369
 30
0.0
 11
644.6521889114194
 21
3816.533066017655
 31
0.0
  0
LINE
  5
25F
330
2F
100
AcDbEntity
  8
A-DETL-GENF
100
AcDbLine
 10
644.6521889114265
 20
3816.533066017653
 30
0.0
 11
663.5843616686545
 21
3814.091385068396
 31
0.0
  0
LINE
  5
260
330
2F
100
AcDbEntity
  8
A-DETL-GENF
100
AcDbLine
 10
663.5843616686528
 20
3814.091385068397
 30
0.0
 11
682.1711355962161
 21
3811.153456752928
 31
0.0
  0
LINE
  5
261
330
2F
100
AcDbEntity
  8
A-DETL-GENF
100
AcDbLine
 10
682.1711355962098
 20
3811.153456752929
 30
0.0
 11
700.262298186178
 21
3807.60870419954
 31
0.0
  0
LINE
  5
262
330
2F
100
AcDbEntity
  8
A-DETL-GENF
100
AcDbLine
 10
700.2622981861836
 20
3807.60870419954
 30
0.0
 11
717.8839342448298
 21
3803.508370336349
 31
0.0
  0
LINE
  5
263
330
2F
100
AcDbEntity
  8
A-DETL-GENF
100
AcDbLine
 10
717.8839342448252
 20
3803.50837033635
 30
0.0
 11
735.1062029075546
 21
3798.944153041331
 31
0.0
  0
LINE
  5
264
330
2F
100
AcDbEntity
  8
A-DETL-GENF
100
AcDbLine
 10
735.1062029075669
 20
3798.944153041328
 30
0.0
 11
751.9992633093462
 21
3794.007750192424
 31
0.0
  0
LINE
  5
265
330
2F
100
AcDbEntity
  8
A-DETL-GENF
100
AcDbLine
 10
751.9992633093462
 20
3794.007750192424
 30
0.0
 11
768.6332745857432
 21
3788.790859667636
 31
0.0
  0
LINE
  5
266
330
2F
100
AcDbEntity
  8
A-DETL-GENF
100
AcDbLine
 10
768.6332745857812
 20
3788.790859667624
 30
0.0
 11
785.0783958715957
 21
3783.38517934501
 31
0.0
  0
LINE
  5
267
330
2F
100
AcDbEntity
  8
A-DETL-GENF
100
AcDbLine
 10
785.0783958716539
 20
3783.38517934499
 30
0.0
 11
801.4047863022431
 21
3777.882407102505
 31
0.0
  0
LINE
  5
268
330
2F
100
AcDbEntity
  8
A-DETL-GENF
100
AcDbLine
 10
801.4047863022431
 20
3777.882407102505
 30
0.0
 11
817.682605013201
 21
3772.374240818055
 31
0.0
  0
LINE
  5
269
330
2F
100
AcDbEntity
  8
A-DETL-GENF
100
AcDbLine
 10
817.6826050131191
 20
3772.374240818083
 30
0.0
 11
833.9820111392901
 21
3766.952378369795
 31
0.0
  0
LINE
  5
26A
330
2F
100
AcDbEntity
  8
A-DETL-GENF
100
AcDbLine
 10
833.9820111393141
 20
3766.952378369787
 30
0.0
 11
850.3731638158956
 21
3761.708517635552
 31
0.0
  0
LINE
  5
26B
330
2F
100
AcDbEntity
  8
A-DETL-GENF
100
AcDbLine
 10
850.3731638158916
 20
3761.708517635553
 30
0.0
 11
866.9118305611643
 21
3756.696598542152
 31
0.0
  0
LINE
  5
26C
330
2F
100
AcDbEntity
  8
A-DETL-GENF
100
AcDbLine
 10
866.9118305611389
 20
3756.69659854216
 30
0.0
 11
883.5962124234544
 21
3751.819529211435
 31
0.0
  0
LINE
  5
26D
330
2F
100
AcDbEntity
  8
A-DETL-GENF
100
AcDbLine
 10
883.5962124228975
 20
3751.819529211597
 30
0.0
 11
900.4101188341202
 21
3746.942459814068
 31
0.0
  0
LINE
  5
26E
330
2F
100
AcDbEntity
  8
A-DETL-GENF
100
AcDbLine
 10
900.4101188341699
 20
3746.942459814054
 30
0.0
 11
917.3373592249117
 21
3741.930540520495
 31
0.0
  0
LINE
  5
26F
330
2F
100
AcDbEntity
  8
A-DETL-GENF
100
AcDbLine
 10
917.337359224914
 20
3741.930540520494
 30
0.0
 11
934.3617430272205
 21
3736.64892150137
 31
0.0
  0
LINE
  5
270
330
2F
100
AcDbEntity
  8
A-DETL-GENF
100
AcDbLine
 10
934.361743027215
 20
3736.648921501371
 30
0.0
 11
951.4670796724583
 21
3730.96275292727
 31
0.0
  0
LINE
  5
271
330
2F
100
AcDbEntity
  8
A-DETL-GENF
100
AcDbLine
 10
951.4670796724631
 20
3730.962752927268
 30
0.0
 11
968.6371785919096
 21
3724.737184968839
 31
0.0
  0
LINE
  5
272
330
2F
100
AcDbEntity
  8
A-DETL-GENF
100
AcDbLine
 10
968.637178591914
 20
3724.737184968836
 30
0.0
 11
985.85584921712
 21
3717.837367796653
 31
0.0
  0
LINE
  5
273
330
2F
100
AcDbEntity
  8
A-DETL-GENF
100
AcDbLine
 10
985.8558492171146
 20
3717.837367796655
 30
0.0
 11
1003.106900979505
 21
3710.128451581287
 31
0.0
  0
LINE
  5
274
330
2F
100
AcDbEntity
  8
A-DETL-GENF
100
AcDbLine
 10
1003.106900979503
 20
3710.128451581288
 30
0.0
 11
1020.374143310341
 21
3701.475586493317
 31
0.0
  0
LINE
  5
275
330
2F
100
AcDbEntity
  8
A-DETL-GENF
100
AcDbLine
 10
1020.374143310341
 20
3701.475586493317
 30
0.0
 11
1037.670168875842
 21
3691.783478654703
 31
0.0
  0
LINE
  5
276
330
2F
100
AcDbEntity
  8
A-DETL-GENF
100
AcDbLine
 10
1037.670168875835
 20
3691.783478654707
 30
0.0
 11
1055.122703280445
 21
3681.1150579924
 31
0.0
  0
LINE
  5
277
330
2F
100
AcDbEntity
  8
A-DETL-GENF
100
AcDbLine
 10
1055.122703280446
 20
3681.1150579924
 30
0.0
 11
1072.888255362997
 21
3669.572810384874
 31
0.0
  0
LINE
  5
278
330
2F
100
AcDbEntity
  8
A-DETL-GENF
100
AcDbLine
 10
1072.888255362986
 20
3669.572810384881
 30
0.0
 11
1091.123333962586
 21
3657.259221710404
 31
0.0
  0
LINE
  5
279
330
2F
100
AcDbEntity
  8
A-DETL-GENF
100
AcDbLine
 10
1091.123333962586
 20
3657.259221710404
 30
0.0
 11
1109.984447918138
 21
3644.276777847425
 31
0.0
  0
LINE
  5
27A
330
2F
100
AcDbEntity
  8
A-DETL-GENF
100
AcDbLine
 10
1109.984447918138
 20
3644.276777847425
 30
0.0
 11
1129.628106069115
 21
3630.727964674187
 31
0.0
  0
LINE
  5
27B
330
2F
100
AcDbEntity
  8
A-DETL-GENF
100
AcDbLine
 10
1129.6281060693
 20
3630.727964674061
 30
0.0
 11
1150.210817253878
 21
3616.715268069166
 31
0.0
  0
LINE
  5
27C
330
2F
100
AcDbEntity
  8
A-DETL-GENF
100
AcDbLine
 10
1150.21081725389
 20
3616.715268069159
 30
0.0
 11
1171.8890903117
 21
3602.341173910613
 31
0.0
  0
LINE
  5
27D
330
2F
100
AcDbEntity
  8
A-DETL-GENF
100
AcDbLine
 10
1171.88909031171
 20
3602.341173910605
 30
0.0
 11
1194.819434081957
 21
3587.708168076936
 31
0.0
  0
LINE
  5
27E
330
2F
100
AcDbEntity
  8
A-DETL-GENF
100
AcDbLine
 10
1194.819434081951
 20
3587.70816807694
 30
0.0
 11
1219.158357403193
 21
3572.918736446516
 31
0.0
  0
LINE
  5
27F
330
2F
100
AcDbEntity
  8
A-DETL-GENF
100
AcDbLine
 10
1219.158357403201
 20
3572.918736446511
 30
0.0
 11
1244.985014171881
 21
3558.071768900289
 31
0.0
  0
LINE
  5
280
330
2F
100
AcDbEntity
  8
A-DETL-GENF
100
AcDbLine
 10
1244.985014171869
 20
3558.071768900295
 30
0.0
 11
1272.0691385136
 21
3543.251771329984
 31
0.0
  0
LINE
  5
281
330
2F
100
AcDbEntity
  8
A-DETL-GENF
100
AcDbLine
 10
1272.069138513635
 20
3543.251771329966
 30
0.0
 11
1300.103109611379
 21
3528.539653629886
 31
0.0
  0
LINE
  5
282
330
2F
100
AcDbEntity
  8
A-DETL-GENF
100
AcDbLine
 10
1300.103109611348
 20
3528.539653629902
 30
0.0
 11
1328.779306647759
 21
3514.016325694284
 31
0.0
  0
LINE
  5
283
330
2F
100
AcDbEntity
  8
A-DETL-GENF
100
AcDbLine
 10
1328.77930664774
 20
3514.016325694294
 30
0.0
 11
1357.790108806286
 21
3499.76269741745
 31
0.0
  0
LINE
  5
284
330
2F
100
AcDbEntity
  8
A-DETL-GENF
100
AcDbLine
 10
1357.790108806269
 20
3499.762697417458
 30
0.0
 11
1386.827895269112
 21
3485.859678693793
 31
0.0
  0
LINE
  5
285
330
2F
100
AcDbEntity
  8
A-DETL-GENF
100
AcDbLine
 10
1386.827895269127
 20
3485.859678693786
 30
0.0
 11
1415.585045219532
 21
3472.388179417575
 31
0.0
  0
LINE
  5
286
330
2F
100
AcDbEntity
  8
A-DETL-GENF
100
AcDbLine
 10
1415.58504521938
 20
3472.388179417646
 30
0.0
 11
1443.753937840547
 21
3459.429109483032
 31
0.0
  0
LINE
  5
287
330
2F
100
AcDbEntity
  8
A-DETL-GENF
100
AcDbLine
 10
1443.753937840377
 20
3459.42910948311
 30
0.0
 11
1471.026952314487
 21
3447.063378784609
 31
0.0
  0
LINE
  5
288
330
2F
100
AcDbEntity
  8
A-DETL-GENF
100
AcDbLine
 10
1471.026952314771
 20
3447.063378784481
 30
0.0
 11
1497.096467825236
 21
3435.371897216306
 31
0.0
  0
LINE
  5
289
330
2F
100
AcDbEntity
  8
A-DETL-GENF
100
AcDbLine
 10
1497.096467824571
 20
3435.371897216604
 30
0.0
 11
1521.734017447952
 21
3424.408604709752
 31
0.0
  0
LINE
  5
28A
330
2F
100
AcDbEntity
  8
A-DETL-GENF
100
AcDbLine
 10
1521.734017448247
 20
3424.408604709621
 30
0.0
 11
1545.027749838142
 21
3414.119561341208
 31
0.0
  0
LINE
  5
28B
330
2F
100
AcDbEntity
  8
A-DETL-GENF
100
AcDbLine
 10
1545.027749837776
 20
3414.11956134137
 30
0.0
 11
1567.144967539106
 21
3404.423857226038
 31
0.0
  0
LINE
  5
28C
330
2F
100
AcDbEntity
  8
A-DETL-GENF
100
AcDbLine
 10
1567.144967538559
 20
3404.423857226276
 30
0.0
 11
1588.252973100221
 21
3395.240582477196
 31
0.0
  0
LINE
  5
28D
330
2F
100
AcDbEntity
  8
A-DETL-GENF
100
AcDbLine
 10
1588.252973099895
 20
3395.240582477337
 30
0.0
 11
1608.519069066353
 21
3386.48882720948
 31
0.0
  0
LINE
  5
28E
330
2F
100
AcDbEntity
  8
A-DETL-GENF
100
AcDbLine
 10
1608.519069066174
 20
3386.488827209557
 30
0.0
 11
1628.110557986083
 21
3378.08768153604
 31
0.0
  0
LINE
  5
28F
330
2F
100
AcDbEntity
  8
A-DETL-GENF
100
AcDbLine
 10
1628.110557985338
 20
3378.08768153636
 30
0.0
 11
1647.194742402563
 21
3369.956235572513
 31
0.0
  0
LINE
  5
290
330
2F
100
AcDbEntity
  8
A-DETL-GENF
100
AcDbLine
 10
1647.194742402731
 20
3369.956235572441
 30
0.0
 11
1665.938924866881
 21
3362.013579430979
 31
0.0
  0
LINE
  5
291
330
2F
100
AcDbEntity
  8
A-DETL-GENF
100
AcDbLine
 10
1665.938924866881
 20
3362.013579430979
 30
0.0
 11
1684.510407922878
 21
3354.178803226637
 31
0.0
  0
LINE
  5
292
330
2F
100
AcDbEntity
  8
A-DETL-GENF
100
AcDbLine
 10
1684.510407922878
 20
3354.178803226637
 30
0.0
 11
1703.076494118105
 21
3346.370997073257
 31
0.0
  0
LINE
  5
293
330
2F
100
AcDbEntity
  8
A-DETL-GENF
100
AcDbLine
 10
1703.076494118105
 20
3346.370997073257
 30
0.0
 11
1721.76041167047
 21
3338.502958085989
 31
0.0
  0
LINE
  5
294
330
2F
100
AcDbEntity
  8
A-DETL-GENF
100
AcDbLine
 10
1721.760411670316
 20
3338.502958086054
 30
0.0
 11
1740.509091482717
 21
3330.462311384902
 31
0.0
  0
LINE
  5
295
330
2F
100
AcDbEntity
  8
A-DETL-GENF
100
AcDbLine
 10
1740.509091482704
 20
3330.462311384908
 30
0.0
 11
1759.225390129482
 21
3322.130389090969
 31
0.0
  0
LINE
  5
296
330
2F
100
AcDbEntity
  8
A-DETL-GENF
100
AcDbLine
 10
1759.225390129464
 20
3322.130389090977
 30
0.0
 11
1777.812164184838
 21
3313.388523325343
 31
0.0
  0
LINE
  5
297
330
2F
100
AcDbEntity
  8
A-DETL-GENF
100
AcDbLine
 10
1777.812164184837
 20
3313.388523325343
 30
0.0
 11
1796.172270223554
 21
3304.118046209085
 31
0.0
  0
LINE
  5
298
330
2F
100
AcDbEntity
  8
A-DETL-GENF
100
AcDbLine
 10
1796.172270223554
 20
3304.118046209085
 30
0.0
 11
1814.208564819693
 21
3294.200289863256
 31
0.0
  0
LINE
  5
299
330
2F
100
AcDbEntity
  8
A-DETL-GENF
100
AcDbLine
 10
1814.208564819696
 20
3294.200289863254
 30
0.0
 11
1831.823904547869
 21
3283.516586409028
 31
0.0
  0
LINE
  5
29A
330
2F
100
AcDbEntity
  8
A-DETL-GENF
100
AcDbLine
 10
1831.823904547865
 20
3283.51658640903
 30
0.0
 11
1848.921145982134
 21
3271.948267967399
 31
0.0
  0
LINE
  5
29B
330
2F
100
AcDbEntity
  8
A-DETL-GENF
100
AcDbLine
 10
1848.921145982135
 20
3271.948267967398
 30
0.0
 11
1865.403145696829
 21
3259.376666659573
 31
0.0
  0
LINE
  5
29C
330
2F
100
AcDbEntity
  8
A-DETL-GENF
100
AcDbLine
 10
1865.403145696829
 20
3259.376666659573
 30
0.0
 11
1881.172760266704
 21
3245.683114606581
 31
0.0
  0
LINE
  5
29D
330
2F
100
AcDbEntity
  8
A-DETL-GENF
100
AcDbLine
 10
1881.172760266702
 20
3245.683114606582
 30
0.0
 11
1896.16073002828
 21
3230.802883871565
 31
0.0
  0
LINE
  5
29E
330
2F
100
AcDbEntity
  8
A-DETL-GENF
100
AcDbLine
 10
1896.160730028284
 20
3230.802883871561
 30
0.0
 11
1910.409330368495
 21
3214.88700628586
 31
0.0
  0
LINE
  5
29F
330
2F
100
AcDbEntity
  8
A-DETL-GENF
100
AcDbLine
 10
1910.409330368496
 20
3214.887006285859
 30
0.0
 11
1923.988720436882
 21
3198.140453622881
 31
0.0
  0
LINE
  5
2A0
330
2F
100
AcDbEntity
  8
A-DETL-GENF
100
AcDbLine
 10
1923.988720436882
 20
3198.14045362288
 30
0.0
 11
1936.969059382839
 21
3180.76819765607
 31
0.0
  0
LINE
  5
2A1
330
2F
100
AcDbEntity
  8
A-DETL-GENF
100
AcDbLine
 10
1936.96905938284
 20
3180.768197656067
 30
0.0
 11
1949.420506355761
 21
3162.97521015874
 31
0.0
  0
LINE
  5
2A2
330
2F
100
AcDbEntity
  8
A-DETL-GENF
100
AcDbLine
 10
1949.420506355766
 20
3162.975210158733
 30
0.0
 11
1961.413220504898
 21
3144.966462904351
 31
0.0
  0
LINE
  5
2A3
330
2F
100
AcDbEntity
  8
A-DETL-GENF
100
AcDbLine
 10
1961.413220504892
 20
3144.96646290436
 30
0.0
 11
1973.017360979939
 21
3126.946927666294
 31
0.0
  0
LINE
  5
2A4
330
2F
100
AcDbEntity
  8
A-DETL-GENF
100
AcDbLine
 10
1973.017360979914
 20
3126.946927666333
 30
0.0
 11
1984.303086930425
 21
3109.1215762179
 31
0.0
  0
LINE
  5
2A5
330
2F
100
AcDbEntity
  8
A-DETL-GENF
100
AcDbLine
 10
1984.303086930425
 20
3109.1215762179
 30
0.0
 11
1995.340557505455
 21
3091.695380332687
 31
0.0
  0
LINE
  5
2A6
330
2F
100
AcDbEntity
  8
A-DETL-GENF
100
AcDbLine
 10
1995.340557505463
 20
3091.695380332674
 30
0.0
 11
2006.19993185444
 21
3074.873311783904
 31
0.0
  0
LINE
  5
2A7
330
2F
100
AcDbEntity
  8
A-DETL-GENF
100
AcDbLine
 10
2006.199931854436
 20
3074.873311783909
 30
0.0
 11
2016.941474889214
 21
3058.802806409864
 31
0.0
  0
LINE
  5
2A8
330
2F
100
AcDbEntity
  8
A-DETL-GENF
100
AcDbLine
 10
2016.941474889218
 20
3058.802806409858
 30
0.0
 11
2027.58587456915
 21
3043.401156307773
 31
0.0
  0
LINE
  5
2A9
330
2F
100
AcDbEntity
  8
A-DETL-GENF
100
AcDbLine
 10
2027.585874569139
 20
3043.401156307789
 30
0.0
 11
2038.14392461649
 21
3028.528117639713
 31
0.0
  0
LINE
  5
2AA
330
2F
100
AcDbEntity
  8
A-DETL-GENF
100
AcDbLine
 10
2038.14392461652
 20
3028.528117639672
 30
0.0
 11
2048.626418752748
 21
3014.043446567781
 31
0.0
  0
LINE
  5
2AB
330
2F
100
AcDbEntity
  8
A-DETL-GENF
100
AcDbLine
 10
2048.626418752775
 20
3014.043446567744
 30
0.0
 11
2059.044150700177
 21
2999.806899254078
 31
0.0
  0
LINE
  5
2AC
330
2F
100
AcDbEntity
  8
A-DETL-GENF
100
AcDbLine
 10
2059.044150700177
 20
2999.806899254078
 30
0.0
 11
2069.407914180283
 21
2985.678231860455
 31
0.0
  0
LINE
  5
2AD
330
2F
100
AcDbEntity
  8
A-DETL-GENF
100
AcDbLine
 10
2069.407914179991
 20
2985.678231860855
 30
0.0
 11
2079.728502914826
 21
2971.517200549428
 31
0.0
  0
LINE
  5
2AE
330
2F
100
AcDbEntity
  8
A-DETL-GENF
100
AcDbLine
 10
2079.728502914877
 20
2971.517200549355
 30
0.0
 11
2090.016710626147
 21
2957.183561482597
 31
0.0
  0
LINE
  5
2AF
330
2F
100
AcDbEntity
  8
A-DETL-GENF
100
AcDbLine
 10
2090.016710626152
 20
2957.18356148259
 30
0.0
 11
2100.283331035465
 21
2942.53707082224
 31
0.0
  0
LINE
  5
2B0
330
2F
100
AcDbEntity
  8
A-DETL-GENF
100
AcDbLine
 10
2100.283331035461
 20
2942.537070822247
 30
0.0
 11
2110.53915786533
 21
2927.437484730399
 31
0.0
  0
LINE
  5
2B1
330
2F
100
AcDbEntity
  8
A-DETL-GENF
100
AcDbLine
 10
2110.539157865336
 20
2927.437484730389
 30
0.0
 11
2120.758106311083
 21
2911.794903308353
 31
0.0
  0
LINE
  5
2B2
330
2F
100
AcDbEntity
  8
A-DETL-GENF
100
AcDbLine
 10
2120.758106311084
 20
2911.794903308351
 30
0.0
 11
2130.766577464723
 21
2895.720802413802
 31
0.0
  0
LINE
  5
2B3
330
2F
100
AcDbEntity
  8
A-DETL-GENF
100
AcDbLine
 10
2130.766577464723
 20
2895.720802413801
 30
0.0
 11
2140.354093892332
 21
2879.377001843733
 31
0.0
  0
LINE
  5
2B4
330
2F
100
AcDbEntity
  8
A-DETL-GENF
100
AcDbLine
 10
2140.354093892331
 20
2879.377001843734
 30
0.0
 11
2149.310178159713
 21
2862.925321395165
 31
0.0
  0
LINE
  5
2B5
330
2F
100
AcDbEntity
  8
A-DETL-GENF
100
AcDbLine
 10
2149.310178159713
 20
2862.925321395165
 30
0.0
 11
2157.424352832817
 21
2846.527580865038
 31
0.0
  0
LINE
  5
2B6
330
2F
100
AcDbEntity
  8
A-DETL-GENF
100
AcDbLine
 10
2157.424352832817
 20
2846.527580865038
 30
0.0
 11
2164.486140477728
 21
2830.345600050232
 31
0.0
  0
LINE
  5
2B7
330
2F
100
AcDbEntity
  8
A-DETL-GENF
100
AcDbLine
 10
2164.486140477729
 20
2830.34560005023
 30
0.0
 11
2170.285063660117
 21
2814.54119874779
 31
0.0
  0
LINE
  5
2B8
330
2F
100
AcDbEntity
  8
A-DETL-GENF
100
AcDbLine
 10
2170.285063660117
 20
2814.541198747789
 30
0.0
 11
2174.610644946207
 21
2799.276196754624
 31
0.0
  0
LINE
  5
2B9
330
2F
100
AcDbEntity
  8
A-DETL-GENF
100
AcDbLine
 10
2174.610644946207
 20
2799.276196754624
 30
0.0
 11
2177.25240690167
 21
2784.712413867679
 31
0.0
  0
LINE
  5
2BA
330
2F
100
AcDbEntity
  8
A-DETL-GENF
100
AcDbLine
 10
2177.25240690167
 20
2784.712413867679
 30
0.0
 11
2177.999872092453
 21
2771.011669883968
 31
0.0
  0
LINE
  5
2BB
330
2F
100
AcDbEntity
  8
A-DETL-GENF
100
AcDbLine
 10
2177.999872092453
 20
2771.011669883968
 30
0.0
 11
2176.743304412816
 21
2758.28993565859
 31
0.0
  0
LINE
  5
2BC
330
2F
100
AcDbEntity
  8
A-DETL-GENF
100
AcDbLine
 10
2176.743304412816
 20
2758.28993565859
 30
0.0
 11
2173.775933069733
 21
2746.479786279708
 31
0.0
  0
LINE
  5
2BD
330
2F
100
AcDbEntity
  8
A-DETL-GENF
100
AcDbLine
 10
2173.775933069733
 20
2746.479786279708
 30
0.0
 11
2169.491728598075
 21
2735.467947893572
 31
0.0
  0
LINE
  5
2BE
330
2F
100
AcDbEntity
  8
A-DETL-GENF
100
AcDbLine
 10
2169.491728598075
 20
2735.467947893572
 30
0.0
 11
2164.28466153313
 21
2725.141146646465
 31
0.0
  0
LINE
  5
2BF
330
2F
100
AcDbEntity
  8
A-DETL-GENF
100
AcDbLine
 10
2164.28466153313
 20
2725.141146646464
 30
0.0
 11
2158.548702409907
 21
2715.386108684736
 31
0.0
  0
LINE
  5
2C0
330
2F
100
AcDbEntity
  8
A-DETL-GENF
100
AcDbLine
 10
2158.548702409909
 20
2715.386108684738
 30
0.0
 11
2152.677821763523
 21
2706.089560154622
 31
0.0
  0
LINE
  5
2C1
330
2F
100
AcDbEntity
  8
A-DETL-GENF
100
AcDbLine
 10
2152.677821763483
 20
2706.089560154556
 30
0.0
 11
2147.065990129087
 21
2697.138227202558
 31
0.0
  0
LINE
  5
2C2
330
2F
100
AcDbEntity
  8
A-DETL-GENF
100
AcDbLine
 10
2147.065990129087
 20
2697.138227202558
 30
0.0
 11
2142.107178041647
 21
2688.418835974707
 31
0.0
  0
LINE
  5
2C3
330
2F
100
AcDbEntity
  8
A-DETL-GENF
100
AcDbLine
 10
2142.107178041647
 20
2688.418835974707
 30
0.0
 11
2138.195356036525
 21
2679.818112617405
 31
0.0
  0
LINE
  5
2C4
330
2F
100
AcDbEntity
  8
A-DETL-GENF
100
AcDbLine
 10
2138.195356036525
 20
2679.818112617405
 30
0.0
 11
2135.724494648731
 21
2671.222783277004
 31
0.0
  0
LINE
  5
2C5
330
2F
100
AcDbEntity
  8
A-DETL-GENF
100
AcDbLine
 10
2135.724494648731
 20
2671.222783277004
 30
0.0
 11
2135.016606329046
 21
2662.553736057835
 31
0.0
  0
LINE
  5
2C6
330
2F
100
AcDbEntity
  8
A-DETL-GENF
100
AcDbLine
 10
2135.016606329046
 20
2662.553736057835
 30
0.0
 11
2136.10587119203
 21
2653.868506896458
 31
0.0
  0
LINE
  5
2C7
330
2F
100
AcDbEntity
  8
A-DETL-GENF
100
AcDbLine
 10
2136.10587119203
 20
2653.868506896458
 30
0.0
 11
2138.954511268151
 21
2645.258793687654
 31
0.0
  0
LINE
  5
2C8
330
2F
100
AcDbEntity
  8
A-DETL-GENF
100
AcDbLine
 10
2138.954511268151
 20
2645.258793687654
 30
0.0
 11
2143.524748587741
 21
2636.816294325995
 31
0.0
  0
LINE
  5
2C9
330
2F
100
AcDbEntity
  8
A-DETL-GENF
100
AcDbLine
 10
2143.524748587741
 20
2636.816294325995
 30
0.0
 11
2149.778805180992
 21
2628.632706706263
 31
0.0
  0
LINE
  5
2CA
330
2F
100
AcDbEntity
  8
A-DETL-GENF
100
AcDbLine
 10
2149.778805180992
 20
2628.632706706263
 30
0.0
 11
2157.678903078095
 21
2620.799728722996
 31
0.0
  0
LINE
  5
2CB
330
2F
100
AcDbEntity
  8
A-DETL-GENF
100
AcDbLine
 10
2157.678903078094
 20
2620.799728722997
 30
0.0
 11
2167.187264309798
 21
2613.409058270975
 31
0.0
  0
LINE
  5
2CC
330
2F
100
AcDbEntity
  8
A-DETL-GENF
100
AcDbLine
 10
2167.187264309798
 20
2613.409058270975
 30
0.0
 11
2178.266110906153
 21
2606.552393244808
 31
0.0
  0
LINE
  5
2CD
330
2F
100
AcDbEntity
  8
A-DETL-GENF
100
AcDbLine
 10
2178.266110906152
 20
2606.552393244809
 30
0.0
 11
2190.87766489763
 21
2600.321431539241
 31
0.0
  0
LINE
  5
2CE
330
2F
100
AcDbEntity
  8
A-DETL-GENF
100
AcDbLine
 10
2190.87766489763
 20
2600.321431539241
 30
0.0
 11
2204.984148314423
 21
2594.80787104888
 31
0.0
  0
LINE
  5
2CF
330
2F
100
AcDbEntity
  8
A-DETL-GENF
100
AcDbLine
 10
2204.984148314425
 20
2594.807871048879
 30
0.0
 11
2220.49381461076
 21
2590.053065725111
 31
0.0
  0
LINE
  5
2D0
330
2F
100
AcDbEntity
  8
A-DETL-GENF
100
AcDbLine
 10
2220.493814610758
 20
2590.053065725112
 30
0.0
 11
2237.099042936637
 21
2585.896993746001
 31
0.0
  0
LINE
  5
2D1
330
2F
100
AcDbEntity
  8
A-DETL-GENF
100
AcDbLine
 10
2237.099042936641
 20
2585.896993745999
 30
0.0
 11
2254.438243865243
 21
2582.129289346323
 31
0.0
  0
LINE
  5
2D2
330
2F
100
AcDbEntity
  8
A-DETL-GENF
100
AcDbLine
 10
2254.438243865259
 20
2582.12928934632
 30
0.0
 11
2272.149827970598
 21
2578.539586760856
 31
0.0
  0
LINE
  5
2D3
330
2F
100
AcDbEntity
  8
A-DETL-GENF
100
AcDbLine
 10
2272.149827970598
 20
2578.539586760856
 30
0.0
 11
2289.872205826194
 21
2574.917520224336
 31
0.0
  0
LINE
  5
2D4
330
2F
100
AcDbEntity
  8
A-DETL-GENF
100
AcDbLine
 10
2289.872205826197
 20
2574.917520224335
 30
0.0
 11
2307.243788005764
 21
2571.052723971505
 31
0.0
  0
LINE
  5
2D5
330
2F
100
AcDbEntity
  8
A-DETL-GENF
100
AcDbLine
 10
2307.243788005764
 20
2571.052723971505
 30
0.0
 11
2323.902985082795
 21
2566.734832237171
 31
0.0
  0
LINE
  5
2D6
330
2F
100
AcDbEntity
  8
A-DETL-GENF
100
AcDbLine
 10
2323.902985082799
 20
2566.734832237169
 30
0.0
 11
2339.488207630894
 21
2561.753479256074
 31
0.0
  0
LINE
  5
2D7
330
2F
100
AcDbEntity
  8
A-DETL-GENF
100
AcDbLine
 10
2339.488207630896
 20
2561.753479256073
 30
0.0
 11
2353.637866223949
 21
2555.89829926292
 31
0.0
  0
LINE
  5
2D8
330
2F
100
AcDbEntity
  8
A-DETL-GENF
100
AcDbLine
 10
2353.637866223949
 20
2555.89829926292
 30
0.0
 11
2365.990371435434
 21
2548.958926492588
 31
0.0
  0
LINE
  5
2D9
330
2F
100
AcDbEntity
  8
A-DETL-GENF
100
AcDbLine
 10
2365.990371435434
 20
2548.958926492588
 30
0.0
 11
2376.268237011761
 21
2540.793764785381
 31
0.0
  0
LINE
  5
2DA
330
2F
100
AcDbEntity
  8
A-DETL-GENF
100
AcDbLine
 10
2376.268237011761
 20
2540.793764785381
 30
0.0
 11
2384.530389390682
 21
2531.536296404348
 31
0.0
  0
LINE
  5
2DB
330
2F
100
AcDbEntity
  8
A-DETL-GENF
100
AcDbLine
 10
2384.530389390682
 20
2531.536296404348
 30
0.0
 11
2390.919858182884
 21
2521.388773218167
 31
0.0
  0
LINE
  5
2DC
330
2F
100
AcDbEntity
  8
A-DETL-GENF
100
AcDbLine
 10
2390.919858182884
 20
2521.388773218167
 30
0.0
 11
2395.579672998641
 21
2510.553447095417
 31
0.0
  0
LINE
  5
2DD
330
2F
100
AcDbEntity
  8
A-DETL-GENF
100
AcDbLine
 10
2395.579672998641
 20
2510.553447095417
 30
0.0
 11
2398.65286344878
 21
2499.232569904846
 31
0.0
  0
LINE
  5
2DE
330
2F
100
AcDbEntity
  8
A-DETL-GENF
100
AcDbLine
 10
2398.65286344878
 20
2499.232569904846
 30
0.0
 11
2400.282459143575
 21
2487.628393515068
 31
0.0
  0
LINE
  5
2DF
330
2F
100
AcDbEntity
  8
A-DETL-GENF
100
AcDbLine
 10
2400.282459143575
 20
2487.628393515068
 30
0.0
 11
2400.611489693715
 21
2475.943169794692
 31
0.0
  0
LINE
  5
2E0
330
2F
100
AcDbEntity
  8
A-DETL-GENF
100
AcDbLine
 10
2400.611489693715
 20
2475.943169794692
 30
0.0
 11
2399.782984709749
 21
2464.379150612364
 31
0.0
  0
LINE
  5
2E1
330
2F
100
AcDbEntity
  8
A-DETL-GENF
100
AcDbLine
 10
2399.782984709749
 20
2464.379150612365
 30
0.0
 11
2397.939973802229
 21
2453.138587836871
 31
0.0
  0
LINE
  5
2E2
330
2F
100
AcDbEntity
  8
A-DETL-GENF
100
AcDbLine
 10
2397.939973802229
 20
2453.13858783687
 30
0.0
 11
2395.225486581843
 21
2442.423733336717
 31
0.0
  0
LINE
  5
2E3
330
2F
100
AcDbEntity
  8
A-DETL-GENF
100
AcDbLine
 10
2395.225486581843
 20
2442.423733336717
 30
0.0
 11
2391.737570261012
 21
2432.410783277331
 31
0.0
  0
LINE
  5
2E4
330
2F
100
AcDbEntity
  8
A-DETL-GENF
100
AcDbLine
 10
2391.737570261012
 20
2432.410783277332
 30
0.0
 11
2387.394342461712
 21
2423.171711010745
 31
0.0
  0
LINE
  5
2E5
330
2F
100
AcDbEntity
  8
A-DETL-GENF
100
AcDbLine
 10
2387.394342461712
 20
2423.171711010745
 30
0.0
 11
2382.068938407792
 21
2414.752434185805
 31
0.0
  0
LINE
  5
2E6
330
2F
100
AcDbEntity
  8
A-DETL-GENF
100
AcDbLine
 10
2382.068938407792
 20
2414.752434185805
 30
0.0
 11
2375.634493323374
 21
2407.198870451256
 31
0.0
  0
LINE
  5
2E7
330
2F
100
AcDbEntity
  8
A-DETL-GENF
100
AcDbLine
 10
2375.634493323374
 20
2407.198870451256
 30
0.0
 11
2367.964142432585
 21
2400.556937455874
 31
0.0
  0
LINE
  5
2E8
330
2F
100
AcDbEntity
  8
A-DETL-GENF
100
AcDbLine
 10
2367.964142432585
 20
2400.556937455874
 30
0.0
 11
2358.931020958855
 21
2394.872552848438
 31
0.0
  0
LINE
  5
2E9
330
2F
100
AcDbEntity
  8
A-DETL-GENF
100
AcDbLine
 10
2358.931020958855
 20
2394.872552848438
 30
0.0
 11
2348.408264126586
 21
2390.191634277726
 31
0.0
  0
LINE
  5
2EA
330
2F
100
AcDbEntity
  8
A-DETL-GENF
100
AcDbLine
 10
2348.408264126586
 20
2390.191634277726
 30
0.0
 11
2336.269007159625
 21
2386.56009939255
 31
0.0
  0
LINE
  5
2EB
330
2F
100
AcDbEntity
  8
A-DETL-GENF
100
AcDbLine
 10
2336.269007159625
 20
2386.56009939255
 30
0.0
 11
2322.386385282096
 21
2384.023865841723
 31
0.0
  0
LINE
  5
2EC
330
2F
100
AcDbEntity
  8
A-DETL-GENF
100
AcDbLine
 10
2322.386385282095
 20
2384.023865841723
 30
0.0
 11
2306.633533717571
 21
2382.628851273919
 31
0.0
  0
LINE
  5
2ED
330
2F
100
AcDbEntity
  8
A-DETL-GENF
100
AcDbLine
 10
2306.633533717571
 20
2382.628851273919
 30
0.0
 11
2288.947463371408
 21
2382.38768747669
 31
0.0
  0
LINE
  5
2EE
330
2F
100
AcDbEntity
  8
A-DETL-GENF
100
AcDbLine
 10
2288.947463371408
 20
2382.38768747669
 30
0.0
 11
2269.520687873088
 21
2383.179862792332
 31
0.0
  0
LINE
  5
2EF
330
2F
100
AcDbEntity
  8
A-DETL-GENF
100
AcDbLine
 10
2269.520687873093
 20
2383.179862792331
 30
0.0
 11
2248.60959653264
 21
2384.851579701918
 31
0.0
  0
LINE
  5
2F0
330
2F
100
AcDbEntity
  8
A-DETL-GENF
100
AcDbLine
 10
2248.60959653264
 20
2384.851579701918
 30
0.0
 11
2226.470578660905
 21
2387.249040686414
 31
0.0
  0
LINE
  5
2F1
330
2F
100
AcDbEntity
  8
A-DETL-GENF
100
AcDbLine
 10
2226.470578660908
 20
2387.249040686414
 30
0.0
 11
2203.360023567925
 21
2390.218448226823
 31
0.0
  0
LINE
  5
2F2
330
2F
100
AcDbEntity
  8
A-DETL-GENF
100
AcDbLine
 10
2203.360023567934
 20
2390.218448226821
 30
0.0
 11
2179.534320564221
 21
2393.606004804221
 31
0.0
  0
LINE
  5
2F3
330
2F
100
AcDbEntity
  8
A-DETL-GENF
100
AcDbLine
 10
2179.534320564244
 20
2393.606004804217
 30
0.0
 11
2155.249858960923
 21
2397.257912899507
 31
0.0
  0
LINE
  5
2F4
330
2F
100
AcDbEntity
  8
A-DETL-GENF
100
AcDbLine
 10
2155.249858960758
 20
2397.257912899531
 30
0.0
 11
2130.763028066481
 21
2401.020374993997
 31
0.0
  0
LINE
  5
2F5
330
2F
100
AcDbEntity
  8
A-DETL-GENF
100
AcDbLine
 10
2130.763028066481
 20
2401.020374993997
 30
0.0
 11
2106.330217193411
 21
2404.739593568387
 31
0.0
  0
LINE
  5
2F6
330
2F
100
AcDbEntity
  8
A-DETL-GENF
100
AcDbLine
 10
2106.330217193416
 20
2404.739593568386
 30
0.0
 11
2082.207815651141
 21
2408.261771103837
 31
0.0
  0
LINE
  5
2F7
330
2F
100
AcDbEntity
  8
A-DETL-GENF
100
AcDbLine
 10
2082.207815651171
 20
2408.261771103833
 30
0.0
 11
2058.635114122207
 21
2411.448408329443
 31
0.0
  0
LINE
  5
2F8
330
2F
100
AcDbEntity
  8
A-DETL-GENF
100
AcDbLine
 10
2058.635114122194
 20
2411.448408329446
 30
0.0
 11
2035.783008775987
 21
2414.222198966339
 31
0.0
  0
LINE
  5
2F9
330
2F
100
AcDbEntity
  8
A-DETL-GENF
100
AcDbLine
 10
2035.783008775962
 20
2414.222198966342
 30
0.0
 11
2013.805297154222
 21
2416.521134983852
 31
0.0
  0
LINE
  5
2FA
330
2F
100
AcDbEntity
  8
A-DETL-GENF
100
AcDbLine
 10
2013.80529715423
 20
2416.521134983852
 30
0.0
 11
1992.855776798595
 21
2418.283208351305
 31
0.0
  0
LINE
  5
2FB
330
2F
100
AcDbEntity
  8
A-DETL-GENF
100
AcDbLine
 10
1992.855776798608
 20
2418.283208351304
 30
0.0
 11
1973.08824525044
 21
2419.446411037924
 31
0.0
  0
LINE
  5
2FC
330
2F
100
AcDbEntity
  8
A-DETL-GENF
100
AcDbLine
 10
1973.088245250437
 20
2419.446411037924
 30
0.0
 11
1954.65650005123
 21
2419.948735012968
 31
0.0
  0
LINE
  5
2FD
330
2F
100
AcDbEntity
  8
A-DETL-GENF
100
AcDbLine
 10
1954.656500051228
 20
2419.948735012968
 30
0.0
 11
1937.714338742592
 21
2419.72817224573
 31
0.0
  0
LINE
  5
2FE
330
2F
100
AcDbEntity
  8
A-DETL-GENF
100
AcDbLine
 10
1937.714338742593
 20
2419.72817224573
 30
0.0
 11
1922.415558866019
 21
2418.72271470554
 31
0.0
  0
LINE
  5
2FF
330
2F
100
AcDbEntity
  8
A-DETL-GENF
100
AcDbLine
 10
1922.41555886602
 20
2418.72271470554
 30
0.0
 11
1908.913957962995
 21
2416.870354361654
 31
0.0
  0
LINE
  5
300
330
2F
100
AcDbEntity
  8
A-DETL-GENF
100
AcDbLine
 10
1908.913957962995
 20
2416.870354361654
 30
0.0
 11
1897.363333575006
 21
2414.109083183332
 31
0.0
  0
LINE
  5
301
330
2F
100
AcDbEntity
  8
A-DETL-GENF
100
AcDbLine
 10
1897.363333575006
 20
2414.109083183332
 30
0.0
 11
1887.914075149996
 21
2410.411478251134
 31
0.0
  0
LINE
  5
302
330
2F
100
AcDbEntity
  8
A-DETL-GENF
100
AcDbLine
 10
1887.914075149996
 20
2410.411478251134
 30
0.0
 11
1880.702939761321
 21
2405.888457090651
 31
0.0
  0
LINE
  5
303
330
2F
100
AcDbEntity
  8
A-DETL-GENF
100
AcDbLine
 10
1880.702939761321
 20
2405.888457090651
 30
0.0
 11
1875.863276388096
 21
2400.68552233874
 31
0.0
  0
LINE
  5
304
330
2F
100
AcDbEntity
  8
A-DETL-GENF
100
AcDbLine
 10
1875.863276388096
 20
2400.68552233874
 30
0.0
 11
1873.528434010133
 21
2394.948176632365
 31
0.0
  0
LINE
  5
305
330
2F
100
AcDbEntity
  8
A-DETL-GENF
100
AcDbLine
 10
1873.528434010133
 20
2394.948176632365
 30
0.0
 11
1873.831761606824
 21
2388.821922608348
 31
0.0
  0
LINE
  5
306
330
2F
100
AcDbEntity
  8
A-DETL-GENF
100
AcDbLine
 10
1873.831761606824
 20
2388.821922608348
 30
0.0
 11
1876.906608157567
 21
2382.452262903616
 31
0.0
  0
LINE
  5
307
330
2F
100
AcDbEntity
  8
A-DETL-GENF
100
AcDbLine
 10
1876.906608157567
 20
2382.452262903616
 30
0.0
 11
1882.886322642032
 21
2375.984700155028
 31
0.0
  0
LINE
  5
308
330
2F
100
AcDbEntity
  8
A-DETL-GENF
100
AcDbLine
 10
1882.886322642032
 20
2375.984700155028
 30
0.0
 11
1891.904254039752
 21
2369.564736999477
 31
0.0
  0
LINE
  5
309
330
2F
100
AcDbEntity
  8
A-DETL-GENF
100
AcDbLine
 10
1891.904254039752
 20
2369.564736999477
 30
0.0
 11
1904.093751329983
 21
2363.337876073819
 31
0.0
  0
LINE
  5
30A
330
2F
100
AcDbEntity
  8
A-DETL-GENF
100
AcDbLine
 10
1904.093751329982
 20
2363.337876073819
 30
0.0
 11
1919.588163492537
 21
2357.449620014948
 31
0.0
  0
LINE
  5
30B
330
2F
100
AcDbEntity
  8
A-DETL-GENF
100
AcDbLine
 10
1919.588163492538
 20
2357.449620014947
 30
0.0
 11
1938.345590481008
 21
2351.977237666688
 31
0.0
  0
LINE
  5
30C
330
2F
100
AcDbEntity
  8
A-DETL-GENF
100
AcDbLine
 10
1938.345590481007
 20
2351.977237666688
 30
0.0
 11
1959.623136145373
 21
2346.725062700422
 31
0.0
  0
LINE
  5
30D
330
2F
100
AcDbEntity
  8
A-DETL-GENF
100
AcDbLine
 10
1959.623136145383
 20
2346.725062700419
 30
0.0
 11
1982.502655310783
 21
2341.429194994463
 31
0.0
  0
LINE
  5
30E
330
2F
100
AcDbEntity
  8
A-DETL-GENF
100
AcDbLine
 10
1982.502655310877
 20
2341.429194994441
 30
0.0
 11
2006.066002801184
 21
2335.825734427219
 31
0.0
  0
LINE
  5
30F
330
2F
100
AcDbEntity
  8
A-DETL-GENF
100
AcDbLine
 10
2006.066002801173
 20
2335.825734427221
 30
0.0
 11
2029.395033441386
 21
2329.650780876914
 31
0.0
  0
LINE
  5
310
330
2F
100
AcDbEntity
  8
A-DETL-GENF
100
AcDbLine
 10
2029.39503344139
 20
2329.650780876913
 30
0.0
 11
2051.571602055892
 21
2322.640434222025
 31
0.0
  0
LINE
  5
311
330
2F
100
AcDbEntity
  8
A-DETL-GENF
100
AcDbLine
 10
2051.571602055891
 20
2322.640434222025
 30
0.0
 11
2071.677563469011
 21
2314.530794340764
 31
0.0
  0
LINE
  5
312
330
2F
100
AcDbEntity
  8
A-DETL-GENF
100
AcDbLine
 10
2071.677563469012
 20
2314.530794340763
 30
0.0
 11
2088.79477250562
 21
2305.057961111512
 31
0.0
  0
LINE
  5
313
330
2F
100
AcDbEntity
  8
A-DETL-GENF
100
AcDbLine
 10
2088.79477250562
 20
2305.057961111512
 30
0.0
 11
2102.005083989901
 21
2293.958034412619
 31
0.0
  0
LINE
  5
314
330
2F
100
AcDbEntity
  8
A-DETL-GENF
100
AcDbLine
 10
2102.005083989901
 20
2293.958034412619
 30
0.0
 11
2110.390352746453
 21
2280.967114122396
 31
0.0
  0
LINE
  5
315
330
2F
100
AcDbEntity
  8
A-DETL-GENF
100
AcDbLine
 10
2110.390352746453
 20
2280.967114122396
 30
0.0
 11
2113.293508188287
 21
2265.94252978856
 31
0.0
  0
LINE
  5
316
330
2F
100
AcDbEntity
  8
A-DETL-GENF
100
AcDbLine
 10
2113.293508188287
 20
2265.94252978856
 30
0.0
 11
2111.10177808359
 21
2249.226529636607
 31
0.0
  0
LINE
  5
317
330
2F
100
AcDbEntity
  8
A-DETL-GENF
100
AcDbLine
 10
2111.10177808359
 20
2249.226529636607
 30
0.0
 11
2104.463464788542
 21
2231.282591561405
 31
0.0
  0
LINE
  5
318
330
2F
100
AcDbEntity
  8
A-DETL-GENF
100
AcDbLine
 10
2104.463464788542
 20
2231.282591561405
 30
0.0
 11
2094.026870659604
 21
2212.574193457889
 31
0.0
  0
LINE
  5
319
330
2F
100
AcDbEntity
  8
A-DETL-GENF
100
AcDbLine
 10
2094.026870659604
 20
2212.574193457888
 30
0.0
 11
2080.440298053514
 21
2193.564813220854
 31
0.0
  0
LINE
  5
31A
330
2F
100
AcDbEntity
  8
A-DETL-GENF
100
AcDbLine
 10
2080.440298053514
 20
2193.564813220854
 30
0.0
 11
2064.352049326314
 21
2174.717928745234
 31
0.0
  0
LINE
  5
31B
330
2F
100
AcDbEntity
  8
A-DETL-GENF
100
AcDbLine
 10
2064.352049326314
 20
2174.717928745234
 30
0.0
 11
2046.410426834603
 21
2156.497017925932
 31
0.0
  0
LINE
  5
31C
330
2F
100
AcDbEntity
  8
A-DETL-GENF
100
AcDbLine
 10
2046.410426834603
 20
2156.497017925932
 30
0.0
 11
2027.263732934841
 21
2139.365558657744
 31
0.0
  0
LINE
  5
31D
330
2F
100
AcDbEntity
  8
A-DETL-GENF
100
AcDbLine
 10
2027.263732934842
 20
2139.365558657745
 30
0.0
 11
2007.560269983625
 21
2123.787028835638
 31
0.0
  0
LINE
  5
31E
330
2F
100
AcDbEntity
  8
A-DETL-GENF
100
AcDbLine
 10
2007.560269983626
 20
2123.787028835639
 30
0.0
 11
1987.948340337277
 21
2110.224906354481
 31
0.0
  0
LINE
  5
31F
330
2F
100
AcDbEntity
  8
A-DETL-GENF
100
AcDbLine
 10
1987.948340337278
 20
2110.224906354481
 30
0.0
 11
1968.945971127352
 21
2099.051960340296
 31
0.0
  0
LINE
  5
320
330
2F
100
AcDbEntity
  8
A-DETL-GENF
100
AcDbLine
 10
1968.945971127351
 20
2099.051960340295
 30
0.0
 11
1950.550088584945
 21
2090.278124843803
 31
0.0
  0
LINE
  5
321
330
2F
100
AcDbEntity
  8
A-DETL-GENF
100
AcDbLine
 10
1950.550088584946
 20
2090.278124843804
 30
0.0
 11
1932.627343716522
 21
2083.822625146951
 31
0.0
  0
LINE
  5
322
330
2F
100
AcDbEntity
  8
A-DETL-GENF
100
AcDbLine
 10
1932.627343716522
 20
2083.822625146951
 30
0.0
 11
1915.044387528414
 21
2079.604686531617
 31
0.0
  0
LINE
  5
323
330
2F
100
AcDbEntity
  8
A-DETL-GENF
100
AcDbLine
 10
1915.044387528415
 20
2079.604686531617
 30
0.0
 11
1897.667871026812
 21
2077.54353427968
 31
0.0
  0
LINE
  5
324
330
2F
100
AcDbEntity
  8
A-DETL-GENF
100
AcDbLine
 10
1897.667871026812
 20
2077.54353427968
 30
0.0
 11
1880.364445217904
 21
2077.54353427968
 31
0.0
  0
LINE
  5
325
330
2F
100
AcDbEntity
  8
A-DETL-GENF
100
AcDbLine
 10
1880.364445217904
 20
2077.54353427968
 30
0.0
 11
1863.000761108158
 21
2079.568489993647
 31
0.0
  0
LINE
  5
326
330
2F
100
AcDbEntity
  8
A-DETL-GENF
100
AcDbLine
 10
1863.000761108158
 20
2079.568489993647
 30
0.0
 11
1845.443469703766
 21
2083.493048523378
 31
0.0
  0
LINE
  5
327
330
2F
100
AcDbEntity
  8
A-DETL-GENF
100
AcDbLine
 10
1845.443469703765
 20
2083.493048523378
 30
0.0
 11
1827.559222011055
 21
2089.251294544087
 31
0.0
  0
LINE
  5
328
330
2F
100
AcDbEntity
  8
A-DETL-GENF
100
AcDbLine
 10
1827.559222011055
 20
2089.251294544087
 30
0.0
 11
1809.214669036493
 21
2096.762453337689
 31
0.0
  0
LINE
  5
329
330
2F
100
AcDbEntity
  8
A-DETL-GENF
100
AcDbLine
 10
1809.214669036492
 20
2096.762453337689
 30
0.0
 11
1790.331067760068
 21
2105.912464693181
 31
0.0
  0
LINE
  5
32A
330
2F
100
AcDbEntity
  8
A-DETL-GENF
100
AcDbLine
 10
1790.331067760068
 20
2105.912464693181
 30
0.0
 11
1771.048099059447
 21
2116.454126427636
 31
0.0
  0
LINE
  5
32B
330
2F
100
AcDbEntity
  8
A-DETL-GENF
100
AcDbLine
 10
1771.048099059448
 20
2116.454126427635
 30
0.0
 11
1751.560049785683
 21
2128.106950865137
 31
0.0
  0
LINE
  5
32C
330
2F
100
AcDbEntity
  8
A-DETL-GENF
100
AcDbLine
 10
1751.560049785678
 20
2128.10695086514
 30
0.0
 11
1732.061206789968
 21
2140.590450329873
 31
0.0
  0
LINE
  5
32D
330
2F
100
AcDbEntity
  8
A-DETL-GENF
100
AcDbLine
 10
1732.061206789969
 20
2140.590450329872
 30
0.0
 11
1712.74585692361
 21
2153.624137145979
 31
0.0
  0
LINE
  5
32E
330
2F
100
AcDbEntity
  8
A-DETL-GENF
100
AcDbLine
 10
1712.745856923611
 20
2153.624137145978
 30
0.0
 11
1693.808287038125
 21
2166.927523637541
 31
0.0
  0
LINE
  5
32F
330
2F
100
AcDbEntity
  8
A-DETL-GENF
100
AcDbLine
 10
1693.808287038114
 20
2166.927523637549
 30
0.0
 11
1675.442783984581
 21
2180.220122128767
 31
0.0
  0
LINE
  5
330
330
2F
100
AcDbEntity
  8
A-DETL-GENF
100
AcDbLine
 10
1675.442783984629
 20
2180.220122128732
 30
0.0
 11
1657.843634614547
 21
2193.221444943707
 31
0.0
  0
LINE
  5
331
330
2F
100
AcDbEntity
  8
A-DETL-GENF
100
AcDbLine
 10
1657.843634614438
 20
2193.221444943787
 30
0.0
 11
1641.205125778905
 21
2205.651004406671
 31
0.0
  0
LINE
  5
332
330
2F
100
AcDbEntity
  8
A-DETL-GENF
100
AcDbLine
 10
1641.205125778905
 20
2205.651004406671
 30
0.0
 11
1625.72154432895
 21
2217.228312841774
 31
0.0
  0
LINE
  5
333
330
2F
100
AcDbEntity
  8
A-DETL-GENF
100
AcDbLine
 10
1625.721544329119
 20
2217.228312841648
 30
0.0
 11
1611.532309071044
 21
2227.741206494397
 31
0.0
  0
LINE
  5
334
330
2F
100
AcDbEntity
  8
A-DETL-GENF
100
AcDbLine
 10
1611.532309071147
 20
2227.741206494322
 30
0.0
 11
1598.557366626365
 21
2237.250817297587
 31
0.0
  0
LINE
  5
335
330
2F
100
AcDbEntity
  8
A-DETL-GENF
100
AcDbLine
 10
1598.557366626458
 20
2237.25081729752
 30
0.0
 11
1586.661795571316
 21
2245.88660110551
 31
0.0
  0
LINE
  5
336
330
2F
100
AcDbEntity
  8
A-DETL-GENF
100
AcDbLine
 10
1586.661795571111
 20
2245.886601105659
 30
0.0
 11
1575.710674482108
 21
2253.778013772373
 31
0.0
  0
LINE
  5
337
330
2F
100
AcDbEntity
  8
A-DETL-GENF
100
AcDbLine
 10
1575.710674482093
 20
2253.778013772385
 30
0.0
 11
1565.569081935439
 21
2261.054511152464
 31
0.0
  0
LINE
  5
338
330
2F
100
AcDbEntity
  8
A-DETL-GENF
100
AcDbLine
 10
1565.569081935439
 20
2261.054511152464
 30
0.0
 11
1556.102096507197
 21
2267.84554910009
 31
0.0
  0
LINE
  5
339
330
2F
100
AcDbEntity
  8
A-DETL-GENF
100
AcDbLine
 10
1556.102096507752
 20
2267.845549099691
 30
0.0
 11
1547.174796774124
 21
2274.280583469043
 31
0.0
  0
LINE
  5
33A
330
2F
100
AcDbEntity
  8
A-DETL-GENF
100
AcDbLine
 10
1547.174796774179
 20
2274.280583469003
 30
0.0
 11
1538.652261312235
 21
2280.489070114071
 31
0.0
  0
LINE
  5
33B
330
2F
100
AcDbEntity
  8
A-DETL-GENF
100
AcDbLine
 10
1538.652261312264
 20
2280.48907011405
 30
0.0
 11
1530.399568697608
 21
2286.600464889243
 31
0.0
  0
LINE
  5
33C
330
2F
100
AcDbEntity
  8
A-DETL-GENF
100
AcDbLine
 10
1530.399568697597
 20
2286.600464889251
 30
0.0
 11
1522.281797506662
 21
2292.744223648885
 31
0.0
  0
LINE
  5
33D
330
2F
100
AcDbEntity
  8
A-DETL-GENF
100
AcDbLine
 10
1522.281797506656
 20
2292.74422364889
 30
0.0
 11
1514.170322648993
 21
2299.020135280793
 31
0.0
  0
LINE
  5
33E
330
2F
100
AcDbEntity
  8
A-DETL-GENF
100
AcDbLine
 10
1514.170322649013
 20
2299.020135280777
 30
0.0
 11
1505.961704365346
 21
2305.409320808381
 31
0.0
  0
LINE
  5
33F
330
2F
100
AcDbEntity
  8
A-DETL-GENF
100
AcDbLine
 10
1505.961704365376
 20
2305.409320808358
 30
0.0
 11
1497.558799230518
 21
2311.863234287963
 31
0.0
  0
LINE
  5
340
330
2F
100
AcDbEntity
  8
A-DETL-GENF
100
AcDbLine
 10
1497.558799230516
 20
2311.863234287964
 30
0.0
 11
1488.864463818715
 21
2318.333329776444
 31
0.0
  0
LINE
  5
341
330
2F
100
AcDbEntity
  8
A-DETL-GENF
100
AcDbLine
 10
1488.86446381871
 20
2318.333329776448
 30
0.0
 11
1479.781554704387
 21
2324.771061330583
 31
0.0
  0
LINE
  5
342
330
2F
100
AcDbEntity
  8
A-DETL-GENF
100
AcDbLine
 10
1479.781554704384
 20
2324.771061330585
 30
0.0
 11
1470.212928461744
 21
2331.127883007073
 31
0.0
  0
LINE
  5
343
330
2F
100
AcDbEntity
  8
A-DETL-GENF
100
AcDbLine
 10
1470.212928461745
 20
2331.127883007072
 30
0.0
 11
1460.061441665398
 21
2337.355248862652
 31
0.0
  0
LINE
  5
344
330
2F
100
AcDbEntity
  8
A-DETL-GENF
100
AcDbLine
 10
1460.061441665399
 20
2337.355248862651
 30
0.0
 11
1449.229950889403
 21
2343.404612954132
 31
0.0
  0
LINE
  5
345
330
2F
100
AcDbEntity
  8
A-DETL-GENF
100
AcDbLine
 10
1449.229950889402
 20
2343.404612954132
 30
0.0
 11
1437.621312708379
 21
2349.227429338246
 31
0.0
  0
LINE
  5
346
330
2F
100
AcDbEntity
  8
A-DETL-GENF
100
AcDbLine
 10
1437.621312708377
 20
2349.227429338247
 30
0.0
 11
1425.138383696378
 21
2354.775152071631
 31
0.0
  0
LINE
  5
347
330
2F
100
AcDbEntity
  8
A-DETL-GENF
100
AcDbLine
 10
1425.138383696378
 20
2354.775152071631
 30
0.0
 11
1411.731692663802
 21
2360.006427201689
 31
0.0
  0
LINE
  5
348
330
2F
100
AcDbEntity
  8
A-DETL-GENF
100
AcDbLine
 10
1411.731692663803
 20
2360.006427201688
 30
0.0
 11
1397.542457365289
 21
2364.908668737588
 31
0.0
  0
LINE
  5
349
330
2F
100
AcDbEntity
  8
A-DETL-GENF
100
AcDbLine
 10
1397.542457365284
 20
2364.90866873759
 30
0.0
 11
1382.759567791113
 21
2369.476482679237
 31
0.0
  0
LINE
  5
34A
330
2F
100
AcDbEntity
  8
A-DETL-GENF
100
AcDbLine
 10
1382.759567791109
 20
2369.476482679238
 30
0.0
 11
1367.571913931421
 21
2373.704475026435
 31
0.0
  0
LINE
  5
34B
330
2F
100
AcDbEntity
  8
A-DETL-GENF
100
AcDbLine
 10
1367.571913931419
 20
2373.704475026435
 30
0.0
 11
1352.168385776758
 21
2377.587251778985
 31
0.0
  0
LINE
  5
34C
330
2F
100
AcDbEntity
  8
A-DETL-GENF
100
AcDbLine
 10
1352.168385776752
 20
2377.587251778987
 30
0.0
 11
1336.737873317556
 21
2381.119418936686
 31
0.0
  0
LINE
  5
34D
330
2F
100
AcDbEntity
  8
A-DETL-GENF
100
AcDbLine
 10
1336.737873317556
 20
2381.119418936686
 30
0.0
 11
1321.469266544228
 21
2384.29558249941
 31
0.0
  0
LINE
  5
34E
330
2F
100
AcDbEntity
  8
A-DETL-GENF
100
AcDbLine
 10
1321.46926654424
 20
2384.295582499408
 30
0.0
 11
1306.551455446786
 21
2387.110348466886
 31
0.0
  0
LINE
  5
34F
330
2F
100
AcDbEntity
  8
A-DETL-GENF
100
AcDbLine
 10
1306.55145544679
 20
2387.110348466885
 30
0.0
 11
1292.173330015779
 21
2389.558322839022
 31
0.0
  0
LINE
  5
350
330
2F
100
AcDbEntity
  8
A-DETL-GENF
100
AcDbLine
 10
1292.173330015786
 20
2389.558322839021
 30
0.0
 11
1278.523780241768
 21
2391.634111615584
 31
0.0
  0
LINE
  5
351
330
2F
100
AcDbEntity
  8
A-DETL-GENF
100
AcDbLine
 10
1278.523780241776
 20
2391.634111615583
 30
0.0
 11
1265.753018639897
 21
2393.317037815319
 31
0.0
  0
LINE
  5
352
330
2F
100
AcDbEntity
  8
A-DETL-GENF
100
AcDbLine
 10
1265.753018639905
 20
2393.317037815318
 30
0.0
 11
1253.856547826447
 21
2394.525292532859
 31
0.0
  0
LINE
  5
353
330
2F
100
AcDbEntity
  8
A-DETL-GENF
100
AcDbLine
 10
1253.856547826447
 20
2394.525292532859
 30
0.0
 11
1242.791192942007
 21
2395.161783881578
 31
0.0
  0
LINE
  5
354
330
2F
100
AcDbEntity
  8
A-DETL-GENF
100
AcDbLine
 10
1242.791192942007
 20
2395.161783881578
 30
0.0
 11
1232.513779128006
 21
2395.129419975054
 31
0.0
  0
LINE
  5
355
330
2F
100
AcDbEntity
  8
A-DETL-GENF
100
AcDbLine
 10
1232.513779128006
 20
2395.129419975054
 30
0.0
 11
1222.981131525031
 21
2394.331108926659
 31
0.0
  0
LINE
  5
356
330
2F
100
AcDbEntity
  8
A-DETL-GENF
100
AcDbLine
 10
1222.981131525032
 20
2394.331108926659
 30
0.0
 11
1214.150075274232
 21
2392.669758849971
 31
0.0
  0
LINE
  5
357
330
2F
100
AcDbEntity
  8
A-DETL-GENF
100
AcDbLine
 10
1214.150075274232
 20
2392.669758849971
 30
0.0
 11
1205.977435516752
 21
2390.04827785843
 31
0.0
  0
LINE
  5
358
330
2F
100
AcDbEntity
  8
A-DETL-GENF
100
AcDbLine
 10
1205.977435516753
 20
2390.04827785843
 30
0.0
 11
1198.420037393463
 21
2386.369574065548
 31
0.0
  0
LINE
  5
359
330
2F
100
AcDbEntity
  8
A-DETL-GENF
100
AcDbLine
 10
1198.420037393463
 20
2386.369574065548
 30
0.0
 11
1191.434706045371
 21
2381.5365555848
 31
0.0
  0
LINE
  5
35A
330
2F
100
AcDbEntity
  8
A-DETL-GENF
100
AcDbLine
 10
1191.434706045371
 20
2381.5365555848
 30
0.0
 11
1184.978266613485
 21
2375.452130529696
 31
0.0
  0
LINE
  5
35B
330
2F
100
AcDbEntity
  8
A-DETL-GENF
100
AcDbLine
 10
1184.978266613485
 20
2375.452130529696
 30
0.0
 11
1179.016539002233
 21
2368.064156962384
 31
0.0
  0
LINE
  5
35C
330
2F
100
AcDbEntity
  8
A-DETL-GENF
100
AcDbLine
 10
1179.016539002233
 20
2368.064156962384
 30
0.0
 11
1173.551322170289
 21
2359.500292739815
 31
0.0
  0
LINE
  5
35D
330
2F
100
AcDbEntity
  8
A-DETL-GENF
100
AcDbLine
 10
1173.551322170289
 20
2359.500292739814
 30
0.0
 11
1168.593409839052
 21
2349.933145667681
 31
0.0
  0
LINE
  5
35E
330
2F
100
AcDbEntity
  8
A-DETL-GENF
100
AcDbLine
 10
1168.593409839053
 20
2349.933145667681
 30
0.0
 11
1164.153595730619
 21
2339.535323551641
 31
0.0
  0
LINE
  5
35F
330
2F
100
AcDbEntity
  8
A-DETL-GENF
100
AcDbLine
 10
1164.153595730619
 20
2339.535323551642
 30
0.0
 11
1160.242673566806
 21
2328.47943419739
 31
0.0
  0
LINE
  5
360
330
2F
100
AcDbEntity
  8
A-DETL-GENF
100
AcDbLine
 10
1160.242673566806
 20
2328.47943419739
 30
0.0
 11
1156.871437069428
 21
2316.938085410479
 31
0.0
  0
LINE
  5
361
330
2F
100
AcDbEntity
  8
A-DETL-GENF
100
AcDbLine
 10
1156.871437069429
 20
2316.938085410481
 30
0.0
 11
1154.050679960444
 21
2305.083884996744
 31
0.0
  0
LINE
  5
362
330
2F
100
AcDbEntity
  8
A-DETL-GENF
100
AcDbLine
 10
1154.050679960444
 20
2305.083884996746
 30
0.0
 11
1151.791195961669
 21
2293.089440761736
 31
0.0
  0
LINE
  5
363
330
2F
100
AcDbEntity
  8
A-DETL-GENF
100
AcDbLine
 10
1151.791195961669
 20
2293.089440761735
 30
0.0
 11
1150.10377879492
 21
2281.127360511149
 31
0.0
  0
LINE
  5
364
330
2F
100
AcDbEntity
  8
A-DETL-GENF
100
AcDbLine
 10
1150.10377879492
 20
2281.127360511149
 30
0.0
 11
1148.999222181876
 21
2269.370252050607
 31
0.0
  0
LINE
  5
365
330
2F
100
AcDbEntity
  8
A-DETL-GENF
100
AcDbLine
 10
1148.999222181876
 20
2269.370252050607
 30
0.0
 11
1148.454139749199
 21
2257.958359222245
 31
0.0
  0
LINE
  5
366
330
2F
100
AcDbEntity
  8
A-DETL-GENF
100
AcDbLine
 10
1148.454139749199
 20
2257.958359222243
 30
0.0
 11
1148.308424740994
 21
2246.902470013987
 31
0.0
  0
LINE
  5
367
330
2F
100
AcDbEntity
  8
A-DETL-GENF
100
AcDbLine
 10
1148.308424740994
 20
2246.902470013978
 30
0.0
 11
1148.367790305795
 21
2236.181008450004
 31
0.0
  0
LINE
  5
368
330
2F
100
AcDbEntity
  8
A-DETL-GENF
100
AcDbLine
 10
1148.367790305795
 20
2236.181008450004
 30
0.0
 11
1148.437949592552
 21
2225.772398554646
 31
0.0
  0
LINE
  5
369
330
2F
100
AcDbEntity
  8
A-DETL-GENF
100
AcDbLine
 10
1148.437949592552
 20
2225.772398554646
 30
0.0
 11
1148.324615749798
 21
2215.655064352232
 31
0.0
  0
LINE
  5
36A
330
2F
100
AcDbEntity
  8
A-DETL-GENF
100
AcDbLine
 10
1148.324615749798
 20
2215.655064352231
 30
0.0
 11
1147.833501926345
 21
2205.807429866984
 31
0.0
  0
LINE
  5
36B
330
2F
100
AcDbEntity
  8
A-DETL-GENF
100
AcDbLine
 10
1147.833501926345
 20
2205.807429866983
 30
0.0
 11
1146.770321270865
 21
2196.20791912323
 31
0.0
  0
LINE
  5
36C
330
2F
100
AcDbEntity
  8
A-DETL-GENF
100
AcDbLine
 10
1146.770321270865
 20
2196.20791912323
 30
0.0
 11
1144.940786932171
 21
2186.834956145333
 31
0.0
  0
LINE
  5
36D
330
2F
100
AcDbEntity
  8
A-DETL-GENF
100
AcDbLine
 10
1144.940786932171
 20
2186.834956145332
 30
0.0
 11
1142.150612058657
 21
2177.666964957447
 31
0.0
  0
LINE
  5
36E
330
2F
100
AcDbEntity
  8
A-DETL-GENF
100
AcDbLine
 10
1142.150612058657
 20
2177.666964957447
 30
0.0
 11
1138.205509799412
 21
2168.682369583933
 31
0.0
  0
LINE
  5
36F
330
2F
100
AcDbEntity
  8
A-DETL-GENF
100
AcDbLine
 10
1138.205509799412
 20
2168.682369583933
 30
0.0
 11
1132.975955586606
 21
2159.893756008552
 31
0.0
  0
LINE
  5
370
330
2F
100
AcDbEntity
  8
A-DETL-GENF
100
AcDbLine
 10
1132.975955586607
 20
2159.893756008553
 30
0.0
 11
1126.59147398807
 21
2151.450358052841
 31
0.0
  0
LINE
  5
371
330
2F
100
AcDbEntity
  8
A-DETL-GENF
100
AcDbLine
 10
1126.59147398807
 20
2151.450358052841
 30
0.0
 11
1119.246351854713
 21
2143.535571497835
 31
0.0
  0
LINE
  5
372
330
2F
100
AcDbEntity
  8
A-DETL-GENF
100
AcDbLine
 10
1119.246351854713
 20
2143.535571497835
 30
0.0
 11
1111.134876038004
 21
2136.332792124468
 31
0.0
  0
LINE
  5
373
330
2F
100
AcDbEntity
  8
A-DETL-GENF
100
AcDbLine
 10
1111.134876038003
 20
2136.332792124467
 30
0.0
 11
1102.451333389545
 21
2130.025415713812
 31
0.0
  0
LINE
  5
374
330
2F
100
AcDbEntity
  8
A-DETL-GENF
100
AcDbLine
 10
1102.451333389545
 20
2130.025415713812
 30
0.0
 11
1093.390010760109
 21
2124.79683804687
 31
0.0
  0
LINE
  5
375
330
2F
100
AcDbEntity
  8
A-DETL-GENF
100
AcDbLine
 10
1093.39001076011
 20
2124.79683804687
 30
0.0
 11
1084.145195001302
 21
2120.830454904576
 31
0.0
  0
LINE
  5
376
330
2F
100
AcDbEntity
  8
A-DETL-GENF
100
AcDbLine
 10
1084.145195001303
 20
2120.830454904576
 30
0.0
 11
1074.911172964312
 21
2118.309662068036
 31
0.0
  0
LINE
  5
377
330
2F
100
AcDbEntity
  8
A-DETL-GENF
100
AcDbLine
 10
1074.911172964312
 20
2118.309662068036
 30
0.0
 11
1065.882231500467
 21
2117.417855318184
 31
0.0
  0
LINE
  5
378
330
2F
100
AcDbEntity
  8
A-DETL-GENF
100
AcDbLine
 10
1065.882231500467
 20
2117.417855318184
 30
0.0
 11
1057.252657461231
 21
2118.338430436024
 31
0.0
  0
LINE
  5
379
330
2F
100
AcDbEntity
  8
A-DETL-GENF
100
AcDbLine
 10
1057.252657461231
 20
2118.338430436024
 30
0.0
 11
1049.171763889694
 21
2121.221520241804
 31
0.0
  0
LINE
  5
37A
330
2F
100
AcDbEntity
  8
A-DETL-GENF
100
AcDbLine
 10
1049.171763889694
 20
2121.221520241804
 30
0.0
 11
1041.60896859765
 21
2126.084205712453
 31
0.0
  0
LINE
  5
37B
330
2F
100
AcDbEntity
  8
A-DETL-GENF
100
AcDbLine
 10
1041.60896859765
 20
2126.084205712453
 30
0.0
 11
1034.48871558907
 21
2132.910304864042
 31
0.0
  0
LINE
  5
37C
330
2F
100
AcDbEntity
  8
A-DETL-GENF
100
AcDbLine
 10
1034.48871558907
 20
2132.910304864042
 30
0.0
 11
1027.735448867786
 21
2141.68363571278
 31
0.0
  0
LINE
  5
37D
330
2F
100
AcDbEntity
  8
A-DETL-GENF
100
AcDbLine
 10
1027.735448867786
 20
2141.68363571278
 30
0.0
 11
1021.27361243777
 21
2152.388016274809
 31
0.0
  0
LINE
  5
37E
330
2F
100
AcDbEntity
  8
A-DETL-GENF
100
AcDbLine
 10
1021.27361243777
 20
2152.388016274809
 30
0.0
 11
1015.027650302715
 21
2165.007264566165
 31
0.0
  0
LINE
  5
37F
330
2F
100
AcDbEntity
  8
A-DETL-GENF
100
AcDbLine
 10
1015.027650302716
 20
2165.007264566164
 30
0.0
 11
1008.922006466455
 21
2179.525198603124
 31
0.0
  0
LINE
  5
380
330
2F
100
AcDbEntity
  8
A-DETL-GENF
100
AcDbLine
 10
1008.922006466455
 20
2179.525198603126
 30
0.0
 11
1002.881124932959
 21
2195.925636401659
 31
0.0
  0
LINE
  5
381
330
2F
100
AcDbEntity
  8
A-DETL-GENF
100
AcDbLine
 10
1002.881124932959
 20
2195.925636401657
 30
0.0
 11
996.8294497059225
 21
2214.192395978008
 31
0.0
  0
LINE
  5
382
330
2F
100
AcDbEntity
  8
A-DETL-GENF
100
AcDbLine
 10
996.8294497059252
 20
2214.192395977999
 30
0.0
 11
990.6914247893192
 21
2234.309295348303
 31
0.0
  0
LINE
  5
383
330
2F
100
AcDbEntity
  8
A-DETL-GENF
100
AcDbLine
 10
990.6914247893103
 20
2234.309295348333
 30
0.0
 11
984.3887957612897
 21
2256.16575764063
 31
0.0
  0
LINE
  5
384
330
2F
100
AcDbEntity
  8
A-DETL-GENF
100
AcDbLine
 10
984.3887957612219
 20
2256.165757640865
 30
0.0
 11
977.8325144970933
 21
2279.273626432565
 31
0.0
  0
LINE
  5
385
330
2F
100
AcDbEntity
  8
A-DETL-GENF
100
AcDbLine
 10
977.8325144970144
 20
2279.273626432839
 30
0.0
 11
970.9308344459326
 21
2303.050350413051
 31
0.0
  0
LINE
  5
386
330
2F
100
AcDbEntity
  8
A-DETL-GENF
100
AcDbLine
 10
970.930834445928
 20
2303.050350413067
 30
0.0
 11
963.5920090576197
 21
2326.913378271271
 31
0.0
  0
LINE
  5
387
330
2F
100
AcDbEntity
  8
A-DETL-GENF
100
AcDbLine
 10
963.592009057619
 20
2326.913378271274
 30
0.0
 11
955.7242917813786
 21
2350.280158696569
 31
0.0
  0
LINE
  5
388
330
2F
100
AcDbEntity
  8
A-DETL-GENF
100
AcDbLine
 10
955.7242917813786
 20
2350.280158696569
 30
0.0
 11
947.2359360668704
 21
2372.568140378112
 31
0.0
  0
LINE
  5
389
330
2F
100
AcDbEntity
  8
A-DETL-GENF
100
AcDbLine
 10
947.2359360668693
 20
2372.568140378114
 30
0.0
 11
938.0351953636136
 21
2393.194772005214
 31
0.0
  0
LINE
  5
38A
330
2F
100
AcDbEntity
  8
A-DETL-GENF
100
AcDbLine
 10
938.0351953636134
 20
2393.194772005214
 30
0.0
 11
928.0303231208526
 21
2411.577502267146
 31
0.0
  0
LINE
  5
38B
330
2F
100
AcDbEntity
  8
A-DETL-GENF
100
AcDbLine
 10
928.0303231208526
 20
2411.577502267146
 30
0.0
 11
917.129572788248
 21
2427.133779853146
 31
0.0
  0
LINE
  5
38C
330
2F
100
AcDbEntity
  8
A-DETL-GENF
100
AcDbLine
 10
917.129572788248
 20
2427.133779853146
 30
0.0
 11
905.2411978153207
 21
2439.281053452417
 31
0.0
  0
LINE
  5
38D
330
2F
100
AcDbEntity
  8
A-DETL-GENF
100
AcDbLine
 10
905.2411978153207
 20
2439.281053452417
 30
0.0
 11
892.3229228292756
 21
2447.600389561015
 31
0.0
  0
LINE
  5
38E
330
2F
100
AcDbEntity
  8
A-DETL-GENF
100
AcDbLine
 10
892.3229228292756
 20
2447.600389561015
 30
0.0
 11
878.5303571686062
 21
2452.327325901914
 31
0.0
  0
LINE
  5
38F
330
2F
100
AcDbEntity
  8
A-DETL-GENF
100
AcDbLine
 10
878.5303571686062
 20
2452.327325901914
 30
0.0
 11
864.0685813496277
 21
2453.861018004842
 31
0.0
  0
LINE
  5
390
330
2F
100
AcDbEntity
  8
A-DETL-GENF
100
AcDbLine
 10
864.0685813496277
 20
2453.861018004842
 30
0.0
 11
849.1426758887948
 21
2452.600621399592
 31
0.0
  0
LINE
  5
391
330
2F
100
AcDbEntity
  8
A-DETL-GENF
100
AcDbLine
 10
849.1426758887948
 20
2452.600621399592
 30
0.0
 11
833.9577213024227
 21
2448.945291615818
 31
0.0
  0
LINE
  5
392
330
2F
100
AcDbEntity
  8
A-DETL-GENF
100
AcDbLine
 10
833.9577213024224
 20
2448.945291615818
 30
0.0
 11
818.718798106688
 21
2443.294184183351
 31
0.0
  0
LINE
  5
393
330
2F
100
AcDbEntity
  8
A-DETL-GENF
100
AcDbLine
 10
818.718798106688
 20
2443.294184183351
 30
0.0
 11
803.630986818184
 21
2436.046454631915
 31
0.0
  0
LINE
  5
394
330
2F
100
AcDbEntity
  8
A-DETL-GENF
100
AcDbLine
 10
803.630986818182
 20
2436.046454631915
 30
0.0
 11
788.8993679529477
 21
2427.601258491235
 31
0.0
  0
LINE
  5
395
330
2F
100
AcDbEntity
  8
A-DETL-GENF
100
AcDbLine
 10
788.8993679529476
 20
2427.601258491235
 30
0.0
 11
774.729022027436
 21
2418.357751291106
 31
0.0
  0
LINE
  5
396
330
2F
100
AcDbEntity
  8
A-DETL-GENF
100
AcDbLine
 10
774.7290220274367
 20
2418.357751291107
 30
0.0
 11
761.3250295579595
 21
2408.715088561181
 31
0.0
  0
LINE
  5
397
330
2F
100
AcDbEntity
  8
A-DETL-GENF
100
AcDbLine
 10
761.3250295579587
 20
2408.71508856118
 30
0.0
 11
748.832206173117
 21
2399.034667875881
 31
0.0
  0
LINE
  5
398
330
2F
100
AcDbEntity
  8
A-DETL-GENF
100
AcDbLine
 10
748.8322061731191
 20
2399.034667875883
 30
0.0
 11
737.1543079500801
 21
2389.526854987858
 31
0.0
  0
LINE
  5
399
330
2F
100
AcDbEntity
  8
A-DETL-GENF
100
AcDbLine
 10
737.1543079500806
 20
2389.526854987858
 30
0.0
 11
726.1348260782289
 21
2380.364257694466
 31
0.0
  0
LINE
  5
39A
330
2F
100
AcDbEntity
  8
A-DETL-GENF
100
AcDbLine
 10
726.1348260782925
 20
2380.364257694519
 30
0.0
 11
715.6172517470598
 21
2371.719483793169
 31
0.0
  0
LINE
  5
39B
330
2F
100
AcDbEntity
  8
A-DETL-GENF
100
AcDbLine
 10
715.6172517470628
 20
2371.719483793171
 30
0.0
 11
705.445076145692
 21
2363.765141081084
 31
0.0
  0
LINE
  5
39C
330
2F
100
AcDbEntity
  8
A-DETL-GENF
100
AcDbLine
 10
705.4450761456932
 20
2363.765141081084
 30
0.0
 11
695.4617904636397
 21
2356.673837355605
 31
0.0
  0
LINE
  5
39D
330
2F
100
AcDbEntity
  8
A-DETL-GENF
100
AcDbLine
 10
695.4617904636402
 20
2356.673837355606
 30
0.0
 11
685.510885890486
 21
2350.618180414041
 31
0.0
  0
LINE
  5
39E
330
2F
100
AcDbEntity
  8
A-DETL-GENF
100
AcDbLine
 10
685.510885890486
 20
2350.618180414041
 30
0.0
 11
675.4358536154016
 21
2345.770778053767
 31
0.0
  0
LINE
  5
39F
330
2F
100
AcDbEntity
  8
A-DETL-GENF
100
AcDbLine
 10
675.4358536154012
 20
2345.770778053766
 30
0.0
 11
665.080184827834
 21
2342.304238072089
 31
0.0
  0
LINE
  5
3A0
330
2F
100
AcDbEntity
  8
A-DETL-GENF
100
AcDbLine
 10
665.0801848278339
 20
2342.304238072089
 30
0.0
 11
654.2873707170929
 21
2340.391168266284
 31
0.0
  0
LINE
  5
3A1
330
2F
100
AcDbEntity
  8
A-DETL-GENF
100
AcDbLine
 10
654.2873707170929
 20
2340.391168266284
 30
0.0
 11
642.9345758387717
 21
2340.142093428244
 31
0.0
  0
LINE
  5
3A2
330
2F
100
AcDbEntity
  8
A-DETL-GENF
100
AcDbLine
 10
642.9345758387717
 20
2340.142093428244
 30
0.0
 11
631.0336582122222
 21
2341.41920632787
 31
0.0
  0
LINE
  5
3A3
330
2F
100
AcDbEntity
  8
A-DETL-GENF
100
AcDbLine
 10
631.0336582122229
 20
2341.41920632787
 30
0.0
 11
618.6301492230826
 21
2344.022616729618
 31
0.0
  0
LINE
  5
3A4
330
2F
100
AcDbEntity
  8
A-DETL-GENF
100
AcDbLine
 10
618.6301492230837
 20
2344.022616729618
 30
0.0
 11
605.7695802568519
 21
2347.752434397941
 31
0.0
  0
LINE
  5
3A5
330
2F
100
AcDbEntity
  8
A-DETL-GENF
100
AcDbLine
 10
605.7695802568517
 20
2347.752434397941
 30
0.0
 11
592.4974826990269
 21
2352.408769097259
 31
0.0
  0
LINE
  5
3A6
330
2F
100
AcDbEntity
  8
A-DETL-GENF
100
AcDbLine
 10
592.4974826990276
 20
2352.408769097258
 30
0.0
 11
578.8593879352492
 21
2357.791730592094
 31
0.0
  0
LINE
  5
3A7
330
2F
100
AcDbEntity
  8
A-DETL-GENF
100
AcDbLine
 10
578.8593879352525
 20
2357.791730592092
 30
0.0
 11
564.9008273508757
 21
2363.701428646796
 31
0.0
  0
LINE
  5
3A8
330
2F
100
AcDbEntity
  8
A-DETL-GENF
100
AcDbLine
 10
564.9008273508762
 20
2363.701428646796
 30
0.0
 11
550.6673323315437
 21
2369.937973025926
 31
0.0
  0
LINE
  5
3A9
330
2F
100
AcDbEntity
  8
A-DETL-GENF
100
AcDbLine
 10
550.6673323315437
 20
2369.937973025926
 30
0.0
 11
536.2044342628762
 21
2376.301473493804
 31
0.0
  0
LINE
  5
3AA
330
2F
100
AcDbEntity
  8
A-DETL-GENF
100
AcDbLine
 10
536.204434262878
 20
2376.301473493803
 30
0.0
 11
521.5576645302702
 21
2382.592039814972
 31
0.0
  0
LINE
  5
3AB
330
2F
100
AcDbEntity
  8
A-DETL-GENF
100
AcDbLine
 10
521.5576645302853
 20
2382.592039814966
 30
0.0
 11
506.7799782531668
 21
2388.659435009538
 31
0.0
  0
LINE
  5
3AC
330
2F
100
AcDbEntity
  8
A-DETL-GENF
100
AcDbLine
 10
506.7799782531742
 20
2388.659435009534
 30
0.0
 11
491.9540254868701
 21
2394.552035120291
 31
0.0
  0
LINE
  5
3AD
330
2F
100
AcDbEntity
  8
A-DETL-GENF
100
AcDbLine
 10
491.9540254865014
 20
2394.552035120437
 30
0.0
 11
477.1698800206412
 21
2400.367869446009
 31
0.0
  0
LINE
  5
3AE
330
2F
100
AcDbEntity
  8
A-DETL-GENF
100
AcDbLine
 10
477.1698800208538
 20
2400.367869445926
 30
0.0
 11
462.5176156439685
 21
2406.204967284985
 31
0.0
  0
LINE
  5
3AF
330
2F
100
AcDbEntity
  8
A-DETL-GENF
100
AcDbLine
 10
462.5176156439917
 20
2406.204967284976
 30
0.0
 11
448.0873061457725
 21
2412.161357935929
 31
0.0
  0
LINE
  5
3B0
330
2F
100
AcDbEntity
  8
A-DETL-GENF
100
AcDbLine
 10
448.0873061457696
 20
2412.161357935929
 30
0.0
 11
433.9690253152574
 21
2418.335070697334
 31
0.0
  0
LINE
  5
3B1
330
2F
100
AcDbEntity
  8
A-DETL-GENF
100
AcDbLine
 10
433.9690253152587
 20
2418.335070697333
 30
0.0
 11
420.2528469417622
 21
2424.824134867733
 31
0.0
  0
LINE
  5
3B2
330
2F
100
AcDbEntity
  8
A-DETL-GENF
100
AcDbLine
 10
420.2528469417567
 20
2424.824134867736
 30
0.0
 11
407.0288448147286
 21
2431.726579745774
 31
0.0
  0
LINE
  5
3B3
330
2F
100
AcDbEntity
  8
A-DETL-GENF
100
AcDbLine
 10
407.0288448147256
 20
2431.726579745776
 30
0.0
 11
394.3870927229228
 21
2439.140434629962
 31
0.0
  0
LINE
  5
3B4
330
2F
100
AcDbEntity
  8
A-DETL-GENF
100
AcDbLine
 10
394.3870927229239
 20
2439.140434629961
 30
0.0
 11
382.4176644559352
 21
2447.163728818802
 31
0.0
  0
LINE
  5
3B5
330
2F
100
AcDbEntity
  8
A-DETL-GENF
100
AcDbLine
 10
382.4176644559337
 20
2447.163728818803
 30
0.0
 11
371.1851065883339
 21
2455.846532195604
 31
0.0
  0
LINE
  5
3B6
330
2F
100
AcDbEntity
  8
A-DETL-GENF
100
AcDbLine
 10
371.1851065883317
 20
2455.846532195605
 30
0.0
 11
360.651856835815
 21
2465.047076982452
 31
0.0
  0
LINE
  5
3B7
330
2F
100
AcDbEntity
  8
A-DETL-GENF
100
AcDbLine
 10
360.6518568358149
 20
2465.047076982452
 30
0.0
 11
350.7548256997509
 21
2474.575635986056
 31
0.0
  0
LINE
  5
3B8
330
2F
100
AcDbEntity
  8
A-DETL-GENF
100
AcDbLine
 10
350.7548256997493
 20
2474.575635986056
 30
0.0
 11
341.4309236810909
 21
2484.242482013198
 31
0.0
  0
LINE
  5
3B9
330
2F
100
AcDbEntity
  8
A-DETL-GENF
100
AcDbLine
 10
341.4309236810906
 20
2484.242482013198
 30
0.0
 11
332.6170612813401
 21
2493.857887870698
 31
0.0
  0
LINE
  5
3BA
330
2F
100
AcDbEntity
  8
A-DETL-GENF
100
AcDbLine
 10
332.6170612813415
 20
2493.857887870696
 30
0.0
 11
324.2501490013041
 21
2503.232126365346
 31
0.0
  0
LINE
  5
3BB
330
2F
100
AcDbEntity
  8
A-DETL-GENF
100
AcDbLine
 10
324.2501490013041
 20
2503.232126365346
 30
0.0
 11
316.2670973424996
 21
2512.175470303842
 31
0.0
  0
LINE
  5
3BC
330
2F
100
AcDbEntity
  8
A-DETL-GENF
100
AcDbLine
 10
316.2670973425016
 20
2512.175470303839
 30
0.0
 11
308.6048168060119
 21
2520.498192493009
 31
0.0
  0
LINE
  5
3BD
330
2F
100
AcDbEntity
  8
A-DETL-GENF
100
AcDbLine
 10
308.6048168060119
 20
2520.498192493009
 30
0.0
 11
301.2002178929301
 21
2528.010565739596
 31
0.0
  0
LINE
  5
3BE
330
2F
100
AcDbEntity
  8
A-DETL-GENF
100
AcDbLine
 10
301.2002178929301
 20
2528.010565739596
 30
0.0
 11
293.9902111046226
 21
2534.522862850382
 31
0.0
  0
LINE
  5
3BF
330
2F
100
AcDbEntity
  8
A-DETL-GENF
100
AcDbLine
 10
293.990211104622
 20
2534.522862850383
 30
0.0
 11
286.9228100847008
 21
2539.883273724364
 31
0.0
  0
LINE
  5
3C0
330
2F
100
AcDbEntity
  8
A-DETL-GENF
100
AcDbLine
 10
286.9228100847008
 20
2539.883273724364
 30
0.0
 11
279.9904410478397
 21
2544.091656629654
 31
0.0
  0
LINE
  5
3C1
330
2F
100
AcDbEntity
  8
A-DETL-GENF
100
AcDbLine
 10
279.9904410478397
 20
2544.091656629654
 30
0.0
 11
273.1966333508207
 21
2547.185786926539
 31
0.0
  0
LINE
  5
3C2
330
2F
100
AcDbEntity
  8
A-DETL-GENF
100
AcDbLine
 10
273.1966333508207
 20
2547.185786926539
 30
0.0
 11
266.5449163505645
 21
2549.203439975276
 31
0.0
  0
LINE
  5
3C3
330
2F
100
AcDbEntity
  8
A-DETL-GENF
100
AcDbLine
 10
266.5449163505644
 20
2549.203439975276
 30
0.0
 11
260.038819404268
 21
2550.182391136185
 31
0.0
  0
LINE
  5
3C4
330
2F
100
AcDbEntity
  8
A-DETL-GENF
100
AcDbLine
 10
260.038819404268
 20
2550.182391136185
 30
0.0
 11
253.6818718689905
 21
2550.160415769557
 31
0.0
  0
LINE
  5
3C5
330
2F
100
AcDbEntity
  8
A-DETL-GENF
100
AcDbLine
 10
253.6818718689905
 20
2550.160415769557
 30
0.0
 11
247.477603101375
 21
2549.17528923575
 31
0.0
  0
LINE
  5
3C6
330
2F
100
AcDbEntity
  8
A-DETL-GENF
100
AcDbLine
 10
247.4776031013749
 20
2549.17528923575
 30
0.0
 11
241.429542458896
 21
2547.264786894982
 31
0.0
  0
LINE
  5
3C7
330
2F
100
AcDbEntity
  8
A-DETL-GENF
100
AcDbLine
 10
241.4295424588959
 20
2547.264786894982
 30
0.0
 11
235.5412192981968
 21
2544.466684107613
 31
0.0
  0
LINE
  5
3C8
330
2F
100
AcDbEntity
  8
A-DETL-GENF
100
AcDbLine
 10
235.5412192981965
 20
2544.466684107613
 30
0.0
 11
229.8161629764745
 21
2540.818756233965
 31
0.0
  0
LINE
  5
3C9
330
2F
100
AcDbEntity
  8
A-DETL-GENF
100
AcDbLine
 10
229.8161629764746
 20
2540.818756233965
 30
0.0
 11
224.2417790049734
 21
2536.377802246158
 31
0.0
  0
LINE
  5
3CA
330
2F
100
AcDbEntity
  8
A-DETL-GENF
100
AcDbLine
 10
224.2417790049735
 20
2536.377802246158
 30
0.0
 11
218.7409775114004
 21
2531.276715563777
 31
0.0
  0
LINE
  5
3CB
330
2F
100
AcDbEntity
  8
A-DETL-GENF
100
AcDbLine
 10
218.7409775113998
 20
2531.276715563776
 30
0.0
 11
213.2205447784779
 21
2525.66741321834
 31
0.0
  0
LINE
  5
3CC
330
2F
100
AcDbEntity
  8
A-DETL-GENF
100
AcDbLine
 10
213.2205447784773
 20
2525.66741321834
 30
0.0
 11
207.5872670878238
 21
2519.701812241336
 31
0.0
  0
LINE
  5
3CD
330
2F
100
AcDbEntity
  8
A-DETL-GENF
100
AcDbLine
 10
207.5872670878238
 20
2519.701812241336
 30
0.0
 11
201.7479307221582
 21
2513.531829664176
 31
0.0
  0
LINE
  5
3CE
330
2F
100
AcDbEntity
  8
A-DETL-GENF
100
AcDbLine
 10
201.747930722156
 20
2513.531829664174
 30
0.0
 11
195.6093219636528
 21
2507.309382518383
 31
0.0
  0
LINE
  5
3CF
330
2F
100
AcDbEntity
  8
A-DETL-GENF
100
AcDbLine
 10
195.6093219636528
 20
2507.309382518383
 30
0.0
 11
189.078227094198
 21
2501.18638783537
 31
0.0
  0
LINE
  5
3D0
330
2F
100
AcDbEntity
  8
A-DETL-GENF
100
AcDbLine
 10
189.0782270941967
 20
2501.186387835369
 30
0.0
 11
182.0614323962409
 21
2495.314762646657
 31
0.0
  0
LINE
  5
3D1
330
2F
100
AcDbEntity
  8
A-DETL-GENF
100
AcDbLine
 10
182.0614323962397
 20
2495.314762646657
 30
0.0
 11
174.465724152228
 21
2489.846423983732
 31
0.0
  0
LINE
  5
3D2
330
2F
100
AcDbEntity
  8
A-DETL-GENF
100
AcDbLine
 10
174.4657241522277
 20
2489.846423983732
 30
0.0
 11
166.1978886439124
 21
2484.933288878041
 31
0.0
  0
LINE
  5
3D3
330
2F
100
AcDbEntity
  8
A-DETL-GENF
100
AcDbLine
 10
166.1978886439125
 20
2484.933288878041
 30
0.0
 11
157.2002807747979
 21
2480.691918331573
 31
0.0
  0
LINE
  5
3D4
330
2F
100
AcDbEntity
  8
A-DETL-GENF
100
AcDbLine
 10
157.200280774799
 20
2480.691918331573
 30
0.0
 11
147.5575299323396
 21
2477.097449228701
 31
0.0
  0
LINE
  5
3D5
330
2F
100
AcDbEntity
  8
A-DETL-GENF
100
AcDbLine
 10
147.5575299323402
 20
2477.097449228701
 30
0.0
 11
137.3898341240801
 21
2474.089662424233
 31
0.0
  0
LINE
  5
3D6
330
2F
100
AcDbEntity
  8
A-DETL-GENF
100
AcDbLine
 10
137.3898341240804
 20
2474.089662424233
 30
0.0
 11
126.8173913586703
 21
2471.608338773077
 31
0.0
  0
LINE
  5
3D7
330
2F
100
AcDbEntity
  8
A-DETL-GENF
100
AcDbLine
 10
126.8173913586674
 20
2471.608338773076
 30
0.0
 11
115.9603996444854
 21
2469.593259130075
 31
0.0
  0
LINE
  5
3D8
330
2F
100
AcDbEntity
  8
A-DETL-GENF
100
AcDbLine
 10
115.960399644483
 20
2469.593259130074
 30
0.0
 11
104.9390569892051
 21
2467.984204350068
 31
0.0
  0
LINE
  5
3D9
330
2F
100
AcDbEntity
  8
A-DETL-GENF
100
AcDbLine
 10
104.9390569891998
 20
2467.984204350067
 30
0.0
 11
93.8735614013496
 21
2466.720955287897
 31
0.0
  0
LINE
  5
3DA
330
2F
100
AcDbEntity
  8
A-DETL-GENF
100
AcDbLine
 10
93.87356140134443
 20
2466.720955287897
 30
0.0
 11
82.88411088913146
 21
2465.743292798471
 31
0.0
  0
LINE
  5
3DB
330
2F
100
AcDbEntity
  8
A-DETL-GENF
100
AcDbLine
 10
82.8841108891468
 20
2465.743292798473
 30
0.0
 11
72.09090346069017
 21
2464.990997736636
 31
0.0
  0
LINE
  5
3DC
330
2F
100
AcDbEntity
  8
A-DETL-GENF
100
AcDbLine
 10
72.0909034606537
 20
2464.990997736633
 30
0.0
 11
61.61413712406904
 21
2464.403850957259
 31
0.0
  0
LINE
  5
3DD
330
2F
100
AcDbEntity
  8
A-DETL-GENF
100
AcDbLine
 10
61.61413712409193
 20
2464.403850957261
 30
0.0
 11
51.55209642418746
 21
2463.948799997391
 31
0.0
  0
LINE
  5
3DE
330
2F
100
AcDbEntity
  8
A-DETL-GENF
100
AcDbLine
 10
51.55209642416921
 20
2463.948799997391
 30
0.0
 11
41.9154120516226
 21
2463.701459123195
 31
0.0
  0
LINE
  5
3DF
330
2F
100
AcDbEntity
  8
A-DETL-GENF
100
AcDbLine
 10
41.91541205162237
 20
2463.701459123195
 30
0.0
 11
32.69280123351498
 21
2463.764609282901
 31
0.0
  0
LINE
  5
3E0
330
2F
100
AcDbEntity
  8
A-DETL-GENF
100
AcDbLine
 10
32.69280123351482
 20
2463.764609282901
 30
0.0
 11
23.87298119695981
 21
2464.241031424843
 31
0.0
  0
LINE
  5
3E1
330
2F
100
AcDbEntity
  8
A-DETL-GENF
100
AcDbLine
 10
23.87298119696021
 20
2464.241031424843
 30
0.0
 11
15.44466916907253
 21
2465.233506497322
 31
0.0
  0
LINE
  5
3E2
330
2F
100
AcDbEntity
  8
A-DETL-GENF
100
AcDbLine
 10
15.44466916907291
 20
2465.233506497322
 30
0.0
 11
7.396582376964277
 21
2466.84481544867
 31
0.0
  0
LINE
  5
3E3
330
2F
100
AcDbEntity
  8
A-DETL-GENF
100
AcDbLine
 10
7.396582376964166
 20
2466.84481544867
 30
0.0
 11
-0.2825619519765686
 21
2469.177739227187
 31
0.0
  0
LINE
  5
3E4
330
2F
100
AcDbEntity
  8
A-DETL-GENF
100
AcDbLine
 10
-0.2825619519762348
 20
2469.177739227187
 30
0.0
 11
-7.604046590915118
 21
2472.335058781173
 31
0.0
  0
LINE
  5
3E5
330
2F
100
AcDbEntity
  8
A-DETL-GENF
100
AcDbLine
 10
-7.604046590915023
 20
2472.335058781173
 30
0.0
 11
-14.57915431274007
 21
2476.419555058927
 31
0.0
  0
LINE
  5
3E6
330
2F
100
AcDbEntity
  8
A-DETL-GENF
100
AcDbLine
 10
-14.57915431274026
 20
2476.419555058927
 30
0.0
 11
-21.2191678900628
 21
2481.534009008783
 31
0.0
  0
LINE
  5
3E7
330
2F
100
AcDbEntity
  8
A-DETL-GENF
100
AcDbLine
 10
-21.21916789006281
 20
2481.534009008783
 30
0.0
 11
-27.56047391730574
 21
2487.726313466968
 31
0.0
  0
LINE
  5
3E8
330
2F
100
AcDbEntity
  8
A-DETL-GENF
100
AcDbLine
 10
-27.56047391730565
 20
2487.726313466968
 30
0.0
 11
-33.73987427281073
 21
2494.824808821523
 31
0.0
  0
LINE
  5
3E9
330
2F
100
AcDbEntity
  8
A-DETL-GENF
100
AcDbLine
 10
-33.73987427281115
 20
2494.824808821523
 30
0.0
 11
-39.9192746568699
 21
2502.602947348278
 31
0.0
  0
LINE
  5
3EA
330
2F
100
AcDbEntity
  8
A-DETL-GENF
100
AcDbLine
 10
-39.91927465687538
 20
2502.602947348285
 30
0.0
 11
-46.26058076935698
 21
2510.834181323165
 31
0.0
  0
LINE
  5
3EB
330
2F
100
AcDbEntity
  8
A-DETL-GENF
100
AcDbLine
 10
-46.26058076936415
 20
2510.834181323175
 30
0.0
 11
-52.92569830986686
 21
2519.291963022183
 31
0.0
  0
LINE
  5
3EC
330
2F
100
AcDbEntity
  8
A-DETL-GENF
100
AcDbLine
 10
-52.92569830986726
 20
2519.291963022184
 30
0.0
 11
-60.07653297883697
 21
2527.74974472117
 31
0.0
  0
LINE
  5
3ED
330
2F
100
AcDbEntity
  8
A-DETL-GENF
100
AcDbLine
 10
-60.07653297883796
 20
2527.749744721172
 30
0.0
 11
-67.87499047586324
 21
2535.980978696057
 31
0.0
  0
LINE
  5
3EE
330
2F
100
AcDbEntity
  8
A-DETL-GENF
100
AcDbLine
 10
-67.87499047586212
 20
2535.980978696056
 30
0.0
 11
-76.4829765010964
 21
2543.759117222845
 31
0.0
  0
LINE
  5
3EF
330
2F
100
AcDbEntity
  8
A-DETL-GENF
100
AcDbLine
 10
-76.48297650109652
 20
2543.759117222845
 30
0.0
 11
-86.06239675413639
 21
2550.85761257733
 31
0.0
  0
LINE
  5
3F0
330
2F
100
AcDbEntity
  8
A-DETL-GENF
100
AcDbLine
 10
-86.0623967541362
 20
2550.85761257733
 30
0.0
 11
-96.77515693541282
 21
2557.049917035515
 31
0.0
  0
LINE
  5
3F1
330
2F
100
AcDbEntity
  8
A-DETL-GENF
100
AcDbLine
 10
-96.77515693541268
 20
2557.049917035515
 30
0.0
 11
-108.7219983681129
 21
2562.144543830028
 31
0.0
  0
LINE
  5
3F2
330
2F
100
AcDbEntity
  8
A-DETL-GENF
100
AcDbLine
 10
-108.7219983681128
 20
2562.144543830028
 30
0.0
 11
-121.7590048697801
 21
2566.090250020246
 31
0.0
  0
LINE
  5
3F3
330
2F
100
AcDbEntity
  8
A-DETL-GENF
100
AcDbLine
 10
-121.7590048697796
 20
2566.090250020246
 30
0.0
 11
-135.6810958815467
 21
2568.870853622343
 31
0.0
  0
LINE
  5
3F4
330
2F
100
AcDbEntity
  8
A-DETL-GENF
100
AcDbLine
 10
-135.6810958815472
 20
2568.870853622343
 30
0.0
 11
-150.2831908444055
 21
2570.470172652426
 31
0.0
  0
LINE
  5
3F5
330
2F
100
AcDbEntity
  8
A-DETL-GENF
100
AcDbLine
 10
-150.2831908444055
 20
2570.470172652426
 30
0.0
 11
-165.3602091994897
 21
2570.872025126634
 31
0.0
  0
LINE
  5
3F6
330
2F
100
AcDbEntity
  8
A-DETL-GENF
100
AcDbLine
 10
-165.3602091994894
 20
2570.872025126634
 30
0.0
 11
-180.7070703876527
 21
2570.060229061143
 31
0.0
  0
LINE
  5
3F7
330
2F
100
AcDbEntity
  8
A-DETL-GENF
100
AcDbLine
 10
-180.7070703876526
 20
2570.060229061143
 30
0.0
 11
-196.1186938503051
 21
2568.018602472024
 31
0.0
  0
LINE
  5
3F8
330
2F
100
AcDbEntity
  8
A-DETL-GENF
100
AcDbLine
 10
-196.1186938503058
 20
2568.018602472024
 30
0.0
 11
-211.3899990283026
 21
2564.730963375451
 31
0.0
  0
LINE
  5
3F9
330
2F
100
AcDbEntity
  8
A-DETL-GENF
100
AcDbLine
 10
-211.3899990283015
 20
2564.730963375451
 30
0.0
 11
-226.315905362498
 21
2560.181129787532
 31
0.0
  0
LINE
  5
3FA
330
2F
100
AcDbEntity
  8
A-DETL-GENF
100
AcDbLine
 10
-226.3159053624976
 20
2560.181129787532
 30
0.0
 11
-240.6913322944403
 21
2554.352919724474
 31
0.0
  0
LINE
  5
3FB
330
2F
100
AcDbEntity
  8
A-DETL-GENF
100
AcDbLine
 10
-240.6913322944412
 20
2554.352919724474
 30
0.0
 11
-254.3541905458075
 21
2547.262691580976
 31
0.0
  0
LINE
  5
3FC
330
2F
100
AcDbEntity
  8
A-DETL-GENF
100
AcDbLine
 10
-254.3541905458076
 20
2547.262691580976
 30
0.0
 11
-267.3143559628129
 21
2539.056965266824
 31
0.0
  0
LINE
  5
3FD
330
2F
100
AcDbEntity
  8
A-DETL-GENF
100
AcDbLine
 10
-267.3143559628132
 20
2539.056965266824
 30
0.0
 11
-279.6246956729097
 21
2529.914801070397
 31
0.0
  0
LINE
  5
3FE
330
2F
100
AcDbEntity
  8
A-DETL-GENF
100
AcDbLine
 10
-279.6246956729104
 20
2529.914801070396
 30
0.0
 11
-291.3380768029962
 21
2520.015259280072
 31
0.0
  0
LINE
  5
3FF
330
2F
100
AcDbEntity
  8
A-DETL-GENF
100
AcDbLine
 10
-291.3380768029974
 20
2520.01525928007
 30
0.0
 11
-302.5073664806634
 21
2509.537400184158
 31
0.0
  0
LINE
  5
400
330
2F
100
AcDbEntity
  8
A-DETL-GENF
100
AcDbLine
 10
-302.5073664806629
 20
2509.537400184158
 30
0.0
 11
-313.1854318328054
 21
2498.660284071141
 31
0.0
  0
LINE
  5
401
330
2F
100
AcDbEntity
  8
A-DETL-GENF
100
AcDbLine
 10
-313.1854318328084
 20
2498.660284071137
 30
0.0
 11
-323.4251399867462
 21
2487.56297122932
 31
0.0
  0
LINE
  5
402
330
2F
100
AcDbEntity
  8
A-DETL-GENF
100
AcDbLine
 10
-323.4251399867417
 20
2487.562971229325
 30
0.0
 11
-333.2793580696445
 21
2476.42452194716
 31
0.0
  0
LINE
  5
403
330
2F
100
AcDbEntity
  8
A-DETL-GENF
100
AcDbLine
 10
-333.2793580696521
 20
2476.424521947152
 30
0.0
 11
-342.8009532086995
 21
2465.423996513014
 31
0.0
  0
LINE
  5
404
330
2F
100
AcDbEntity
  8
A-DETL-GENF
100
AcDbLine
 10
-342.8009532086995
 20
2465.423996513014
 30
0.0
 11
-352.042792531212
 21
2454.740455215203
 31
0.0
  0
LINE
  5
405
330
2F
100
AcDbEntity
  8
A-DETL-GENF
100
AcDbLine
 10
-352.0427925312113
 20
2454.740455215205
 30
0.0
 11
-361.0539800801298
 21
2444.510898723315
 31
0.0
  0
LINE
  5
406
330
2F
100
AcDbEntity
  8
A-DETL-GENF
100
AcDbLine
 10
-361.0539800801519
 20
2444.510898723291
 30
0.0
 11
-369.8685675627301
 21
2434.7040892312
 31
0.0
  0
LINE
  5
407
330
2F
100
AcDbEntity
  8
A-DETL-GENF
100
AcDbLine
 10
-369.8685675627402
 20
2434.704089231189
 30
0.0
 11
-378.5168436018631
 21
2425.246729313983
 31
0.0
  0
LINE
  5
408
330
2F
100
AcDbEntity
  8
A-DETL-GENF
100
AcDbLine
 10
-378.5168436019152
 20
2425.246729313927
 30
0.0
 11
-387.0290968205053
 21
2416.06552154655
 31
0.0
  0
LINE
  5
409
330
2F
100
AcDbEntity
  8
A-DETL-GENF
100
AcDbLine
 10
-387.0290968205426
 20
2416.06552154651
 30
0.0
 11
-395.4356158413515
 21
2407.087168504043
 31
0.0
  0
LINE
  5
40A
330
2F
100
AcDbEntity
  8
A-DETL-GENF
100
AcDbLine
 10
-395.4356158412032
 20
2407.087168504201
 30
0.0
 11
-403.7666892877124
 21
2398.238372761582
 31
0.0
  0
LINE
  5
40B
330
2F
100
AcDbEntity
  8
A-DETL-GENF
100
AcDbLine
 10
-403.7666892877124
 20
2398.238372761582
 30
0.0
 11
-412.052605782246
 21
2389.445836893941
 31
0.0
  0
LINE
  5
40C
330
2F
100
AcDbEntity
  8
A-DETL-GENF
100
AcDbLine
 10
-412.0526057814081
 20
2389.445836894833
 30
0.0
 11
-420.3236539479355
 21
2380.636263476552
 31
0.0
  0
LINE
  5
40D
330
2F
100
AcDbEntity
  8
A-DETL-GENF
100
AcDbLine
 10
-420.3236539480238
 20
2380.636263476458
 30
0.0
 11
-428.6101224080808
 21
2371.73635508395
 31
0.0
  0
LINE
  5
40E
330
2F
100
AcDbEntity
  8
A-DETL-GENF
100
AcDbLine
 10
-428.6101224080177
 20
2371.736355084018
 30
0.0
 11
-436.9422997851893
 21
2362.672814291553
 31
0.0
  0
LINE
  5
40F
330
2F
100
AcDbEntity
  8
A-DETL-GENF
100
AcDbLine
 10
-436.942299785179
 20
2362.672814291564
 30
0.0
 11
-445.3088968297989
 21
2353.3904831574
 31
0.0
  0
LINE
  5
410
330
2F
100
AcDbEntity
  8
A-DETL-GENF
100
AcDbLine
 10
-445.3088968297962
 20
2353.390483157403
 30
0.0
 11
-453.5323128010763
 21
2343.906761672002
 31
0.0
  0
LINE
  5
411
330
2F
100
AcDbEntity
  8
A-DETL-GENF
100
AcDbLine
 10
-453.5323128010785
 20
2343.906761672
 30
0.0
 11
-461.3933690858472
 21
2334.257189309273
 31
0.0
  0
LINE
  5
412
330
2F
100
AcDbEntity
  8
A-DETL-GENF
100
AcDbLine
 10
-461.3933690858464
 20
2334.257189309274
 30
0.0
 11
-468.6728870707906
 21
2324.47730554279
 31
0.0
  0
LINE
  5
413
330
2F
100
AcDbEntity
  8
A-DETL-GENF
100
AcDbLine
 10
-468.6728870707909
 20
2324.477305542789
 30
0.0
 11
-475.1516881425985
 21
2314.602649846358
 31
0.0
  0
LINE
  5
414
330
2F
100
AcDbEntity
  8
A-DETL-GENF
100
AcDbLine
 10
-475.1516881425988
 20
2314.602649846358
 30
0.0
 11
-480.6105936878211
 21
2304.668761693717
 31
0.0
  0
LINE
  5
415
330
2F
100
AcDbEntity
  8
A-DETL-GENF
100
AcDbLine
 10
-480.610593687821
 20
2304.668761693717
 30
0.0
 11
-484.8304250932862
 21
2294.711180558607
 31
0.0
  0
LINE
  5
416
330
2F
100
AcDbEntity
  8
A-DETL-GENF
100
AcDbLine
 10
-484.8304250932862
 20
2294.711180558607
 30
0.0
 11
-487.5920037455442
 21
2284.765445914696
 31
0.0
  0
LINE
  5
417
330
2F
100
AcDbEntity
  8
A-DETL-GENF
100
AcDbLine
 10
-487.5920037455442
 20
2284.765445914696
 30
0.0
 11
-488.6761510314227
 21
2274.867097235795
 31
0.0
  0
LINE
  5
418
330
2F
100
AcDbEntity
  8
A-DETL-GENF
100
AcDbLine
 10
-488.6761510314227
 20
2274.867097235795
 30
0.0
 11
-487.8636883376108
 21
2265.051673995607
 31
0.0
  0
LINE
  5
419
330
2F
100
AcDbEntity
  8
A-DETL-GENF
100
AcDbLine
 10
-487.8636883376108
 20
2265.051673995607
 30
0.0
 11
-485.0184757995146
 21
2255.352658875902
 31
0.0
  0
LINE
  5
41A
330
2F
100
AcDbEntity
  8
A-DETL-GENF
100
AcDbLine
 10
-485.0184757995146
 20
2255.352658875902
 30
0.0
 11
-480.3365285482403
 21
2245.795307390748
 31
0.0
  0
LINE
  5
41B
330
2F
100
AcDbEntity
  8
A-DETL-GENF
100
AcDbLine
 10
-480.3365285482403
 20
2245.795307390748
 30
0.0
 11
-474.0969004636112
 21
2236.402818262241
 31
0.0
  0
LINE
  5
41C
330
2F
100
AcDbEntity
  8
A-DETL-GENF
100
AcDbLine
 10
-474.0969004636112
 20
2236.402818262241
 30
0.0
 11
-466.5786454253111
 21
2227.198390212407
 31
0.0
  0
LINE
  5
41D
330
2F
100
AcDbEntity
  8
A-DETL-GENF
100
AcDbLine
 10
-466.5786454253114
 20
2227.198390212407
 30
0.0
 11
-458.0608173134416
 21
2218.20522196345
 31
0.0
  0
LINE
  5
41E
330
2F
100
AcDbEntity
  8
A-DETL-GENF
100
AcDbLine
 10
-458.0608173134417
 20
2218.20522196345
 30
0.0
 11
-448.8224700075486
 21
2209.446512237363
 31
0.0
  0
LINE
  5
41F
330
2F
100
AcDbEntity
  8
A-DETL-GENF
100
AcDbLine
 10
-448.8224700075485
 20
2209.446512237363
 30
0.0
 11
-439.1426573875898
 21
2200.945459756308
 31
0.0
  0
LINE
  5
420
330
2F
100
AcDbEntity
  8
A-DETL-GENF
100
AcDbLine
 10
-439.1426573875892
 20
2200.945459756307
 30
0.0
 11
-429.3004333336678
 21
2192.725263242349
 31
0.0
  0
LINE
  5
421
330
2F
100
AcDbEntity
  8
A-DETL-GENF
100
AcDbLine
 10
-429.3004333336723
 20
2192.725263242353
 30
0.0
 11
-419.574851725202
 21
2184.809121417525
 31
0.0
  0
LINE
  5
422
330
2F
100
AcDbEntity
  8
A-DETL-GENF
100
AcDbLine
 10
-419.574851725202
 20
2184.809121417525
 30
0.0
 11
-410.2449664422535
 21
2177.220233004039
 31
0.0
  0
LINE
  5
423
330
2F
100
AcDbEntity
  8
A-DETL-GENF
100
AcDbLine
 10
-410.2449664422477
 20
2177.220233004034
 30
0.0
 11
-401.5263337933829
 21
2169.978477627841
 31
0.0
  0
LINE
  5
424
330
2F
100
AcDbEntity
  8
A-DETL-GENF
100
AcDbLine
 10
-401.5263337933939
 20
2169.97847762785
 30
0.0
 11
-393.3805198009548
 21
2163.090458530547
 31
0.0
  0
LINE
  5
425
330
2F
100
AcDbEntity
  8
A-DETL-GENF
100
AcDbLine
 10
-393.3805198009653
 20
2163.090458530556
 30
0.0
 11
-385.7055929166299
 21
2156.559459857664
 31
0.0
  0
LINE
  5
426
330
2F
100
AcDbEntity
  8
A-DETL-GENF
100
AcDbLine
 10
-385.7055929163835
 20
2156.559459857456
 30
0.0
 11
-378.3996215918139
 21
2150.388765754602
 31
0.0
  0
LINE
  5
427
330
2F
100
AcDbEntity
  8
A-DETL-GENF
100
AcDbLine
 10
-378.3996215918077
 20
2150.388765754596
 30
0.0
 11
-371.360674277706
 21
2144.58166036705
 31
0.0
  0
LINE
  5
428
330
2F
100
AcDbEntity
  8
A-DETL-GENF
100
AcDbLine
 10
-371.3606742776995
 20
2144.581660367045
 30
0.0
 11
-364.4868194256411
 21
2139.141427840475
 31
0.0
  0
LINE
  5
429
330
2F
100
AcDbEntity
  8
A-DETL-GENF
100
AcDbLine
 10
-364.4868194256389
 20
2139.141427840473
 30
0.0
 11
-357.6761254871016
 21
2134.071352320386
 31
0.0
  0
LINE
  5
42A
330
2F
100
AcDbEntity
  8
A-DETL-GENF
100
AcDbLine
 10
-357.6761254871009
 20
2134.071352320386
 30
0.0
 11
-350.8266609134545
 21
2129.374717952242
 31
0.0
  0
LINE
  5
42B
330
2F
100
AcDbEntity
  8
A-DETL-GENF
100
AcDbLine
 10
-350.8266609134541
 20
2129.374717952242
 30
0.0
 11
-343.8364941559176
 21
2125.054808881667
 31
0.0
  0
LINE
  5
42C
330
2F
100
AcDbEntity
  8
A-DETL-GENF
100
AcDbLine
 10
-343.8364941559184
 20
2125.054808881667
 30
0.0
 11
-336.6036936659909
 21
2121.114909254114
 31
0.0
  0
LINE
  5
42D
330
2F
100
AcDbEntity
  8
A-DETL-GENF
100
AcDbLine
 10
-336.6036936659924
 20
2121.114909254115
 30
0.0
 11
-329.1050643795857
 21
2117.539694165941
 31
0.0
  0
LINE
  5
42E
330
2F
100
AcDbEntity
  8
A-DETL-GENF
100
AcDbLine
 10
-329.1050643795854
 20
2117.539694165941
 30
0.0
 11
-321.6323571716759
 21
2114.23940251714
 31
0.0
  0
LINE
  5
42F
330
2F
100
AcDbEntity
  8
A-DETL-GENF
100
AcDbLine
 10
-321.6323571716759
 20
2114.23940251714
 30
0.0
 11
-314.5560594016337
 21
2111.105664158461
 31
0.0
  0
LINE
  5
430
330
2F
100
AcDbEntity
  8
A-DETL-GENF
100
AcDbLine
 10
-314.5560594016361
 20
2111.105664158463
 30
0.0
 11
-308.2466584288416
 21
2108.030108940589
 31
0.0
  0
LINE
  5
431
330
2F
100
AcDbEntity
  8
A-DETL-GENF
100
AcDbLine
 10
-308.2466584288421
 20
2108.03010894059
 30
0.0
 11
-303.0746416128205
 21
2104.904366714384
 31
0.0
  0
LINE
  5
432
330
2F
100
AcDbEntity
  8
A-DETL-GENF
100
AcDbLine
 10
-303.0746416128204
 20
2104.904366714384
 30
0.0
 11
-299.4104963130889
 21
2101.620067330602
 31
0.0
  0
LINE
  5
433
330
2F
100
AcDbEntity
  8
A-DETL-GENF
100
AcDbLine
 10
-299.4104963130889
 20
2101.620067330602
 30
0.0
 11
-297.6247098891665
 21
2098.068840639993
 31
0.0
  0
LINE
  5
434
330
2F
100
AcDbEntity
  8
A-DETL-GENF
100
AcDbLine
 10
-297.6247098891665
 20
2098.068840639993
 30
0.0
 11
-298.0877697002954
 21
2094.142316493384
 31
0.0
  0
LINE
  5
435
330
2F
100
AcDbEntity
  8
A-DETL-GENF
100
AcDbLine
 10
-298.0877697002954
 20
2094.142316493384
 30
0.0
 11
-301.1701631061336
 21
2089.732124741529
 31
0.0
  0
LINE
  5
436
330
2F
100
AcDbEntity
  8
A-DETL-GENF
100
AcDbLine
 10
-301.1701631061336
 20
2089.732124741529
 30
0.0
 11
-307.242377466062
 21
2084.729895235147
 31
0.0
  0
LINE
  5
437
330
2F
100
AcDbEntity
  8
A-DETL-GENF
100
AcDbLine
 10
-307.242377466062
 20
2084.729895235147
 30
0.0
 11
-316.5163268376331
 21
2079.056437351358
 31
0.0
  0
LINE
  5
438
330
2F
100
AcDbEntity
  8
A-DETL-GENF
100
AcDbLine
 10
-316.5163268376314
 20
2079.056437351359
 30
0.0
 11
-328.5696320692838
 21
2072.749278572426
 31
0.0
  0
LINE
  5
439
330
2F
100
AcDbEntity
  8
A-DETL-GENF
100
AcDbLine
 10
-328.5696320692804
 20
2072.749278572428
 30
0.0
 11
-342.8213407083246
 21
2065.875125906909
 31
0.0
  0
LINE
  5
43A
330
2F
100
AcDbEntity
  8
A-DETL-GENF
100
AcDbLine
 10
-342.8213407082888
 20
2065.875125906926
 30
0.0
 11
-358.6905003005739
 21
2058.500686363375
 31
0.0
  0
LINE
  5
43B
330
2F
100
AcDbEntity
  8
A-DETL-GENF
100
AcDbLine
 10
-358.6905003008729
 20
2058.500686363236
 30
0.0
 11
-375.596158393995
 21
2050.692666950178
 31
0.0
  0
LINE
  5
43C
330
2F
100
AcDbEntity
  8
A-DETL-GENF
100
AcDbLine
 10
-375.5961583939328
 20
2050.692666950207
 30
0.0
 11
-392.9573625342484
 21
2042.517774676088
 31
0.0
  0
LINE
  5
43D
330
2F
100
AcDbEntity
  8
A-DETL-GENF
100
AcDbLine
 10
-392.9573625342441
 20
2042.51777467609
 30
0.0
 11
-410.1931602686002
 21
2034.04271654959
 31
0.0
  0
LINE
  5
43E
330
2F
100
AcDbEntity
  8
A-DETL-GENF
100
AcDbLine
 10
-410.1931602685986
 20
2034.042716549591
 30
0.0
 11
-426.7225991435203
 21
2025.334199579242
 31
0.0
  0
LINE
  5
43F
330
2F
100
AcDbEntity
  8
A-DETL-GENF
100
AcDbLine
 10
-426.7225991435219
 20
2025.334199579242
 30
0.0
 11
-441.9647267058851
 21
2016.458930773543
 31
0.0
  0
LINE
  5
440
330
2F
100
AcDbEntity
  8
A-DETL-GENF
100
AcDbLine
 10
-441.9647267058851
 20
2016.458930773543
 30
0.0
 11
-455.3385905023039
 21
2007.483617141154
 31
0.0
  0
LINE
  5
441
330
2F
100
AcDbEntity
  8
A-DETL-GENF
100
AcDbLine
 10
164.6443841194923
 20
2484.200984422287
 30
0.0
 11
196.7365245655368
 21
2174.552744563214
 31
0.0
  0
LINE
  5
442
330
2F
100
AcDbEntity
  8
A-DETL-GENF
100
AcDbLine
 10
196.7365245655368
 20
2174.552744563214
 30
0.0
 11
26.83681411864088
 21
1930.272894507382
 31
0.0
  0
LINE
  5
443
330
2F
100
AcDbEntity
  8
A-DETL-GENF
100
AcDbLine
 10
26.83681411864087
 20
1930.272894507382
 30
0.0
 11
-448.2400798667182
 21
2350.01007243247
 31
0.0
  0
LINE
  5
444
330
2F
100
AcDbEntity
  8
A-DETL-GENF
100
AcDbLine
 10
385.1261819784705
 20
2445.348167338821
 30
0.0
 11
48.28046711102523
 21
1911.327122769418
 31
0.0
  0
LINE
  5
445
330
2F
100
AcDbEntity
  8
A-DETL-GENF
100
AcDbLine
 10
48.28046711102543
 20
1911.327122769418
 30
0.0
 11
48.28046711102543
 21
1682.444185790339
 31
0.0
  0
LINE
  5
446
330
2F
100
AcDbEntity
  8
A-DETL-GENF
100
AcDbLine
 10
48.28046711102543
 20
1682.444185790339
 30
0.0
 11
48.28046711102543
 21
1.183477368318381
 31
0.0
  0
LINE
  5
447
330
2F
100
AcDbEntity
  8
A-DETL-GENF
100
AcDbLine
 10
48.28046711102543
 20
1.183477368318381
 30
0.0
 11
-45.75817008319609
 21
1.183477368318381
 31
0.0
  0
LINE
  5
448
330
2F
100
AcDbEntity
  8
A-DETL-GENF
100
AcDbLine
 10
-45.75817008319609
 20
1.183477368318381
 30
0.0
 11
7.142202444473158
 21
1896.670406332793
 31
0.0
  0
LINE
  5
449
330
2F
100
AcDbEntity
  8
A-DETL-GENF
100
AcDbLine
 10
7.142202444472885
 20
1896.670406332793
 30
0.0
 11
-464.4352848050223
 21
2330.170437655866
 31
0.0
  0
LINE
  5
44A
330
2F
100
AcDbEntity
  8
A-DETL-GENF
100
AcDbLine
 10
175.9986642769445
 20
2490.950025581192
 30
0.0
 11
221.632661453481
 21
2216.024299586113
 31
0.0
  0
LINE
  5
44B
330
2F
100
AcDbEntity
  8
A-DETL-GENF
100
AcDbLine
 10
221.632661453481
 20
2216.024299586113
 30
0.0
 11
379.2986655509368
 21
2449.574725008965
 31
0.0
  0
LINE
  5
44C
330
2F
100
AcDbEntity
  8
A-DETL-GENF
100
AcDbLine
 10
-1019.54539622265
 20
2679.944079287054
 30
0.0
 11
-1028.947082399772
 21
2675.159875921715
 31
0.0
  0
LINE
  5
44D
330
2F
100
AcDbEntity
  8
A-DETL-GENF
100
AcDbLine
 10
-1028.947082399773
 20
2675.159875921715
 30
0.0
 11
-1037.748610459738
 21
2670.005059550137
 31
0.0
  0
LINE
  5
44E
330
2F
100
AcDbEntity
  8
A-DETL-GENF
100
AcDbLine
 10
-1037.748610459741
 20
2670.005059550135
 30
0.0
 11
-1046.025800462778
 21
2664.457169988579
 31
0.0
  0
LINE
  5
44F
330
2F
100
AcDbEntity
  8
A-DETL-GENF
100
AcDbLine
 10
-1046.025800462776
 20
2664.457169988581
 30
0.0
 11
-1053.854472468982
 21
2658.493747053475
 31
0.0
  0
LINE
  5
450
330
2F
100
AcDbEntity
  8
A-DETL-GENF
100
AcDbLine
 10
-1053.854472468984
 20
2658.493747053473
 30
0.0
 11
-1061.310446538304
 21
2652.092330561152
 31
0.0
  0
LINE
  5
451
330
2F
100
AcDbEntity
  8
A-DETL-GENF
100
AcDbLine
 10
-1061.310446538304
 20
2652.092330561152
 30
0.0
 11
-1068.469542731112
 21
2645.230460327905
 31
0.0
  0
LINE
  5
452
330
2F
100
AcDbEntity
  8
A-DETL-GENF
100
AcDbLine
 10
-1068.469542731112
 20
2645.230460327905
 30
0.0
 11
-1075.407581107359
 21
2637.885676170062
 31
0.0
  0
LINE
  5
453
330
2F
100
AcDbEntity
  8
A-DETL-GENF
100
AcDbLine
 10
-1075.407581107358
 20
2637.885676170064
 30
0.0
 11
-1082.200381726998
 21
2630.035517904022
 31
0.0
  0
LINE
  5
454
330
2F
100
AcDbEntity
  8
A-DETL-GENF
100
AcDbLine
 10
-1082.200381726997
 20
2630.035517904024
 30
0.0
 11
-1088.923764650537
 21
2621.657525346076
 31
0.0
  0
LINE
  5
455
330
2F
100
AcDbEntity
  8
A-DETL-GENF
100
AcDbLine
 10
-1088.923764650537
 20
2621.657525346075
 30
0.0
 11
-1095.653549937787
 21
2612.729238312556
 31
0.0
  0
LINE
  5
456
330
2F
100
AcDbEntity
  8
A-DETL-GENF
100
AcDbLine
 10
-1095.653549937787
 20
2612.729238312556
 30
0.0
 11
-1102.439601645185
 21
2603.246599996097
 31
0.0
  0
LINE
  5
457
330
2F
100
AcDbEntity
  8
A-DETL-GENF
100
AcDbLine
 10
-1102.439601645183
 20
2603.246599996098
 30
0.0
 11
-1109.227959814656
 21
2593.279167094586
 31
0.0
  0
LINE
  5
458
330
2F
100
AcDbEntity
  8
A-DETL-GENF
100
AcDbLine
 10
-1109.227959814656
 20
2593.279167094585
 30
0.0
 11
-1115.938708484616
 21
2582.914899682034
 31
0.0
  0
LINE
  5
459
330
2F
100
AcDbEntity
  8
A-DETL-GENF
100
AcDbLine
 10
-1115.938708484617
 20
2582.914899682033
 30
0.0
 11
-1122.491931692782
 21
2572.241757832567
 31
0.0
  0
LINE
  5
45A
330
2F
100
AcDbEntity
  8
A-DETL-GENF
100
AcDbLine
 10
-1122.491931692781
 20
2572.241757832569
 30
0.0
 11
-1128.8077134777
 21
2561.347701620379
 31
0.0
  0
LINE
  5
45B
330
2F
100
AcDbEntity
  8
A-DETL-GENF
100
AcDbLine
 10
-1128.8077134777
 20
2561.347701620379
 30
0.0
 11
-1134.806137877507
 21
2550.32069111948
 31
0.0
  0
LINE
  5
45C
330
2F
100
AcDbEntity
  8
A-DETL-GENF
100
AcDbLine
 10
-1134.806137877508
 20
2550.320691119477
 30
0.0
 11
-1140.407288930198
 21
2539.248686403996
 31
0.0
  0
LINE
  5
45D
330
2F
100
AcDbEntity
  8
A-DETL-GENF
100
AcDbLine
 10
-1140.407288930197
 20
2539.248686403996
 30
0.0
 11
-1145.53125067418
 21
2528.219647548053
 31
0.0
  0
LINE
  5
45E
330
2F
100
AcDbEntity
  8
A-DETL-GENF
100
AcDbLine
 10
-1145.53125067418
 20
2528.219647548052
 30
0.0
 11
-1150.098107147728
 21
2517.321534625802
 31
0.0
  0
LINE
  5
45F
330
2F
100
AcDbEntity
  8
A-DETL-GENF
100
AcDbLine
 10
-1150.098107147728
 20
2517.321534625802
 30
0.0
 11
-1154.027942388835
 21
2506.642307711264
 31
0.0
  0
LINE
  5
460
330
2F
100
AcDbEntity
  8
A-DETL-GENF
100
AcDbLine
 10
-1154.027942388835
 20
2506.642307711264
 30
0.0
 11
-1157.294097472183
 21
2496.2474236035
 31
0.0
  0
LINE
  5
461
330
2F
100
AcDbEntity
  8
A-DETL-GENF
100
AcDbLine
 10
-1157.294097472183
 20
2496.2474236035
 30
0.0
 11
-1160.082941618632
 21
2486.112326001017
 31
0.0
  0
LINE
  5
462
330
2F
100
AcDbEntity
  8
A-DETL-GENF
100
AcDbLine
 10
-1160.082941618629
 20
2486.112326001031
 30
0.0
 11
-1162.634101085585
 21
2476.189955327121
 31
0.0
  0
LINE
  5
463
330
2F
100
AcDbEntity
  8
A-DETL-GENF
100
AcDbLine
 10
-1162.634101085608
 20
2476.18995532703
 30
0.0
 11
-1165.187202130339
 21
2466.433252005182
 31
0.0
  0
LINE
  5
464
330
2F
100
AcDbEntity
  8
A-DETL-GENF
100
AcDbLine
 10
-1165.187202130339
 20
2466.433252005182
 30
0.0
 11
-1167.981871009999
 21
2456.795156458583
 31
0.0
  0
LINE
  5
465
330
2F
100
AcDbEntity
  8
A-DETL-GENF
100
AcDbLine
 10
-1167.98187101
 20
2456.795156458583
 30
0.0
 11
-1171.257733982122
 21
2447.228609110734
 31
0.0
  0
LINE
  5
466
330
2F
100
AcDbEntity
  8
A-DETL-GENF
100
AcDbLine
 10
-1171.257733982122
 20
2447.228609110735
 30
0.0
 11
-1175.254417303978
 21
2437.686550385011
 31
0.0
  0
LINE
  5
467
330
2F
100
AcDbEntity
  8
A-DETL-GENF
100
AcDbLine
 10
-1175.254417303978
 20
2437.686550385011
 30
0.0
 11
-1180.2115472327
 21
2428.121920704754
 31
0.0
  0
LINE
  5
468
330
2F
100
AcDbEntity
  8
A-DETL-GENF
100
AcDbLine
 10
-1180.2115472327
 20
2428.121920704754
 30
0.0
 11
-1186.368750025697
 21
2418.487660493339
 31
0.0
  0
LINE
  5
469
330
2F
100
AcDbEntity
  8
A-DETL-GENF
100
AcDbLine
 10
-1186.368750025697
 20
2418.487660493339
 30
0.0
 11
-1193.965651940378
 21
2408.736710174177
 31
0.0
  0
LINE
  5
46A
330
2F
100
AcDbEntity
  8
A-DETL-GENF
100
AcDbLine
 10
-1193.965651940378
 20
2408.736710174177
 30
0.0
 11
-1203.145964011841
 21
2398.839405498288
 31
0.0
  0
LINE
  5
46B
330
2F
100
AcDbEntity
  8
A-DETL-GENF
100
AcDbLine
 10
-1203.145964011842
 20
2398.839405498286
 30
0.0
 11
-1213.669736386359
 21
2388.835663527529
 31
0.0
  0
LINE
  5
46C
330
2F
100
AcDbEntity
  8
A-DETL-GENF
100
AcDbLine
 10
-1213.669736386361
 20
2388.835663527527
 30
0.0
 11
-1225.201103988166
 21
2378.782796651407
 31
0.0
  0
LINE
  5
46D
330
2F
100
AcDbEntity
  8
A-DETL-GENF
100
AcDbLine
 10
-1225.201103988165
 20
2378.782796651408
 30
0.0
 11
-1237.40420174164
 21
2368.738117259563
 31
0.0
  0
LINE
  5
46E
330
2F
100
AcDbEntity
  8
A-DETL-GENF
100
AcDbLine
 10
-1237.404201741636
 20
2368.738117259567
 30
0.0
 11
-1249.943164570639
 21
2358.758937741438
 31
0.0
  0
LINE
  5
46F
330
2F
100
AcDbEntity
  8
A-DETL-GENF
100
AcDbLine
 10
-1249.943164570555
 20
2358.758937741504
 30
0.0
 11
-1262.482127399992
 21
2348.902570486613
 31
0.0
  0
LINE
  5
470
330
2F
100
AcDbEntity
  8
A-DETL-GENF
100
AcDbLine
 10
-1262.482127399889
 20
2348.902570486695
 30
0.0
 11
-1274.685225153298
 21
2339.226327884687
 31
0.0
  0
LINE
  5
471
330
2F
100
AcDbEntity
  8
A-DETL-GENF
100
AcDbLine
 10
-1274.685225153303
 20
2339.226327884684
 30
0.0
 11
-1286.216592755107
 21
2329.787522325137
 31
0.0
  0
LINE
  5
472
330
2F
100
AcDbEntity
  8
A-DETL-GENF
100
AcDbLine
 10
-1286.216592755109
 20
2329.787522325136
 30
0.0
 11
-1296.740365129627
 21
2320.643466197524
 31
0.0
  0
LINE
  5
473
330
2F
100
AcDbEntity
  8
A-DETL-GENF
100
AcDbLine
 10
-1296.740365129627
 20
2320.643466197524
 30
0.0
 11
-1305.920677200951
 21
2311.851471891355
 31
0.0
  0
LINE
  5
474
330
2F
100
AcDbEntity
  8
A-DETL-GENF
100
AcDbLine
 10
-1305.920677200951
 20
2311.851471891355
 30
0.0
 11
-1313.500511353703
 21
2303.458274666138
 31
0.0
  0
LINE
  5
475
330
2F
100
AcDbEntity
  8
A-DETL-GENF
100
AcDbLine
 10
-1313.500511353703
 20
2303.458274666138
 30
0.0
 11
-1319.538239813335
 21
2295.468301260834
 31
0.0
  0
LINE
  5
476
330
2F
100
AcDbEntity
  8
A-DETL-GENF
100
AcDbLine
 10
-1319.538239813335
 20
2295.468301260834
 30
0.0
 11
-1324.17108226568
 21
2287.87540128448
 31
0.0
  0
LINE
  5
477
330
2F
100
AcDbEntity
  8
A-DETL-GENF
100
AcDbLine
 10
-1324.17108226568
 20
2287.87540128448
 30
0.0
 11
-1327.536258396574
 21
2280.673424345838
 31
0.0
  0
LINE
  5
478
330
2F
100
AcDbEntity
  8
A-DETL-GENF
100
AcDbLine
 10
-1327.536258396574
 20
2280.673424345838
 30
0.0
 11
-1329.770987891851
 21
2273.856220054012
 31
0.0
  0
LINE
  5
479
330
2F
100
AcDbEntity
  8
A-DETL-GENF
100
AcDbLine
 10
-1329.770987891851
 20
2273.856220054012
 30
0.0
 11
-1331.012490437345
 21
2267.4176380178
 31
0.0
  0
LINE
  5
47A
330
2F
100
AcDbEntity
  8
A-DETL-GENF
100
AcDbLine
 10
-1331.012490437345
 20
2267.4176380178
 30
0.0
 11
-1331.397985718753
 21
2261.351527846238
 31
0.0
  0
LINE
  5
47B
330
2F
100
AcDbEntity
  8
A-DETL-GENF
100
AcDbLine
 10
-1331.397985718753
 20
2261.351527846238
 30
0.0
 11
-1331.064693422185
 21
2255.65173914819
 31
0.0
  0
LINE
  5
47C
330
2F
100
AcDbEntity
  8
A-DETL-GENF
100
AcDbLine
 10
-1331.064693422185
 20
2255.65173914819
 30
0.0
 11
-1330.149833233061
 21
2250.312121532555
 31
0.0
  0
LINE
  5
47D
330
2F
100
AcDbEntity
  8
A-DETL-GENF
100
AcDbLine
 10
-1330.149833233061
 20
2250.312121532555
 30
0.0
 11
-1328.790624837355
 21
2245.326524608371
 31
0.0
  0
LINE
  5
47E
330
2F
100
AcDbEntity
  8
A-DETL-GENF
100
AcDbLine
 10
-1328.790624837355
 20
2245.326524608371
 30
0.0
 11
-1327.090833600927
 21
2240.703132604628
 31
0.0
  0
LINE
  5
47F
330
2F
100
AcDbEntity
  8
A-DETL-GENF
100
AcDbLine
 10
-1327.090833600927
 20
2240.703132604628
 30
0.0
 11
-1325.020407609887
 21
2236.507468231096
 31
0.0
  0
LINE
  5
480
330
2F
100
AcDbEntity
  8
A-DETL-GENF
100
AcDbLine
 10
-1325.020407609887
 20
2236.507468231096
 30
0.0
 11
-1322.515840630375
 21
2232.819388817671
 31
0.0
  0
LINE
  5
481
330
2F
100
AcDbEntity
  8
A-DETL-GENF
100
AcDbLine
 10
-1322.515840630375
 20
2232.819388817671
 30
0.0
 11
-1319.51362642811
 21
2229.718751694249
 31
0.0
  0
LINE
  5
482
330
2F
100
AcDbEntity
  8
A-DETL-GENF
100
AcDbLine
 10
-1319.51362642811
 20
2229.718751694249
 30
0.0
 11
-1315.950258769231
 21
2227.285414190657
 31
0.0
  0
LINE
  5
483
330
2F
100
AcDbEntity
  8
A-DETL-GENF
100
AcDbLine
 10
-1315.950258769231
 20
2227.285414190657
 30
0.0
 11
-1311.762231419876
 21
2225.599233636858
 31
0.0
  0
LINE
  5
484
330
2F
100
AcDbEntity
  8
A-DETL-GENF
100
AcDbLine
 10
-1311.762231419876
 20
2225.599233636858
 30
0.0
 11
-1306.886038146043
 21
2224.740067362647
 31
0.0
  0
LINE
  5
485
330
2F
100
AcDbEntity
  8
A-DETL-GENF
100
AcDbLine
 10
-1306.886038146043
 20
2224.740067362647
 30
0.0
 11
-1301.258172713871
 21
2224.787772698022
 31
0.0
  0
LINE
  5
486
330
2F
100
AcDbEntity
  8
A-DETL-GENF
100
AcDbLine
 10
-1301.258172713871
 20
2224.787772698022
 30
0.0
 11
-1294.815128889218
 21
2225.82220697281
 31
0.0
  0
LINE
  5
487
330
2F
100
AcDbEntity
  8
A-DETL-GENF
100
AcDbLine
 10
-1294.815128889218
 20
2225.82220697281
 30
0.0
 11
-1287.493400438223
 21
2227.923227516908
 31
0.0
  0
LINE
  5
488
330
2F
100
AcDbEntity
  8
A-DETL-GENF
100
AcDbLine
 10
-1287.493400438223
 20
2227.923227516908
 30
0.0
 11
-1279.254063137169
 21
2231.133155901825
 31
0.0
  0
LINE
  5
489
330
2F
100
AcDbEntity
  8
A-DETL-GENF
100
AcDbLine
 10
-1279.254063137169
 20
2231.133155901825
 30
0.0
 11
-1270.156520803476
 21
2235.3441706656
 31
0.0
  0
LINE
  5
48A
330
2F
100
AcDbEntity
  8
A-DETL-GENF
100
AcDbLine
 10
-1270.156520803475
 20
2235.3441706656
 30
0.0
 11
-1260.284759264847
 21
2240.410914587888
 31
0.0
  0
LINE
  5
48B
330
2F
100
AcDbEntity
  8
A-DETL-GENF
100
AcDbLine
 10
-1260.284759264842
 20
2240.410914587891
 30
0.0
 11
-1249.722764349
 21
2246.188030448405
 31
0.0
  0
LINE
  5
48C
330
2F
100
AcDbEntity
  8
A-DETL-GENF
100
AcDbLine
 10
-1249.722764349
 20
2246.188030448405
 30
0.0
 11
-1238.554521883639
 21
2252.530161026733
 31
0.0
  0
LINE
  5
48D
330
2F
100
AcDbEntity
  8
A-DETL-GENF
100
AcDbLine
 10
-1238.554521883622
 20
2252.530161026743
 30
0.0
 11
-1226.864017696262
 21
2259.291949102635
 31
0.0
  0
LINE
  5
48E
330
2F
100
AcDbEntity
  8
A-DETL-GENF
100
AcDbLine
 10
-1226.864017696262
 20
2259.291949102635
 30
0.0
 11
-1214.735237614555
 21
2266.328037455776
 31
0.0
  0
LINE
  5
48F
330
2F
100
AcDbEntity
  8
A-DETL-GENF
100
AcDbLine
 10
-1214.735237614703
 20
2266.328037455691
 30
0.0
 11
-1202.252167466655
 21
2273.493068865638
 31
0.0
  0
LINE
  5
490
330
2F
100
AcDbEntity
  8
A-DETL-GENF
100
AcDbLine
 10
-1202.252167466651
 20
2273.49306886564
 30
0.0
 11
-1189.498793079781
 21
2280.641686112111
 31
0.0
  0
LINE
  5
491
330
2F
100
AcDbEntity
  8
A-DETL-GENF
100
AcDbLine
 10
-1189.498793079771
 20
2280.641686112117
 30
0.0
 11
-1176.559100281775
 21
2287.628531974768
 31
0.0
  0
LINE
  5
492
330
2F
100
AcDbEntity
  8
A-DETL-GENF
100
AcDbLine
 10
-1176.559100281775
 20
2287.628531974768
 30
0.0
 11
-1163.49590831867
 21
2294.318490115483
 31
0.0
  0
LINE
  5
493
330
2F
100
AcDbEntity
  8
A-DETL-GENF
100
AcDbLine
 10
-1163.495908318671
 20
2294.318490115483
 30
0.0
 11
-1150.287370109327
 21
2300.617407725047
 31
0.0
  0
LINE
  5
494
330
2F
100
AcDbEntity
  8
A-DETL-GENF
100
AcDbLine
 10
-1150.287370109324
 20
2300.617407725048
 30
0.0
 11
-1136.890471991492
 21
2306.441372876431
 31
0.0
  0
LINE
  5
495
330
2F
100
AcDbEntity
  8
A-DETL-GENF
100
AcDbLine
 10
-1136.89047199149
 20
2306.441372876431
 30
0.0
 11
-1123.262200302226
 21
2311.706473642674
 31
0.0
  0
LINE
  5
496
330
2F
100
AcDbEntity
  8
A-DETL-GENF
100
AcDbLine
 10
-1123.262200302229
 20
2311.706473642673
 30
0.0
 11
-1109.359541379004
 21
2316.328798096677
 31
0.0
  0
LINE
  5
497
330
2F
100
AcDbEntity
  8
A-DETL-GENF
100
AcDbLine
 10
-1109.359541379005
 20
2316.328798096677
 30
0.0
 11
-1095.139481559299
 21
2320.224434311514
 31
0.0
  0
LINE
  5
498
330
2F
100
AcDbEntity
  8
A-DETL-GENF
100
AcDbLine
 10
-1095.1394815593
 20
2320.224434311514
 30
0.0
 11
-1080.559007180452
 21
2323.309470360121
 31
0.0
  0
LINE
  5
499
330
2F
100
AcDbEntity
  8
A-DETL-GENF
100
AcDbLine
 10
-1080.559007180453
 20
2323.309470360121
 30
0.0
 11
-1065.575104579659
 21
2325.499994315467
 31
0.0
  0
LINE
  5
49A
330
2F
100
AcDbEntity
  8
A-DETL-GENF
100
AcDbLine
 10
-1065.575104579656
 20
2325.499994315467
 30
0.0
 11
-1050.144760094669
 21
2326.712094250593
 31
0.0
  0
LINE
  5
49B
330
2F
100
AcDbEntity
  8
A-DETL-GENF
100
AcDbLine
 10
-1050.14476009467
 20
2326.712094250593
 30
0.0
 11
-1034.224960062406
 21
2326.861858238432
 31
0.0
  0
LINE
  5
49C
330
2F
100
AcDbEntity
  8
A-DETL-GENF
100
AcDbLine
 10
-1034.224960062406
 20
2326.861858238432
 30
0.0
 11
-1017.798974043372
 21
2325.900510676898
 31
0.0
  0
LINE
  5
49D
330
2F
100
AcDbEntity
  8
A-DETL-GENF
100
AcDbLine
 10
-1017.79897404337
 20
2325.900510676898
 30
0.0
 11
-1000.955204488239
 21
2323.919821263177
 31
0.0
  0
LINE
  5
49E
330
2F
100
AcDbEntity
  8
A-DETL-GENF
100
AcDbLine
 10
-1000.95520448824
 20
2323.919821263177
 30
0.0
 11
-983.8083370711288
 21
2321.046696019397
 31
0.0
  0
LINE
  5
49F
330
2F
100
AcDbEntity
  8
A-DETL-GENF
100
AcDbLine
 10
-983.8083370711304
 20
2321.046696019398
 30
0.0
 11
-966.473057465606
 21
2317.408040967619
 31
0.0
  0
LINE
  5
4A0
330
2F
100
AcDbEntity
  8
A-DETL-GENF
100
AcDbLine
 10
-966.4730574656076
 20
2317.408040967619
 30
0.0
 11
-949.0640513453749
 21
2313.130762129972
 31
0.0
  0
LINE
  5
4A1
330
2F
100
AcDbEntity
  8
A-DETL-GENF
100
AcDbLine
 10
-949.0640513453739
 20
2313.130762129972
 30
0.0
 11
-931.6960043841282
 21
2308.341765528547
 31
0.0
  0
LINE
  5
4A2
330
2F
100
AcDbEntity
  8
A-DETL-GENF
100
AcDbLine
 10
-931.696004384133
 20
2308.341765528548
 30
0.0
 11
-914.4836022555825
 21
2303.167957185475
 31
0.0
  0
LINE
  5
4A3
330
2F
100
AcDbEntity
  8
A-DETL-GENF
100
AcDbLine
 10
-914.4836022555804
 20
2303.167957185475
 30
0.0
 11
-897.5415306337387
 21
2297.736243122824
 31
0.0
  0
LINE
  5
4A4
330
2F
100
AcDbEntity
  8
A-DETL-GENF
100
AcDbLine
 10
-897.5415306337181
 20
2297.736243122818
 30
0.0
 11
-880.9844751920939
 21
2292.173529362667
 31
0.0
  0
LINE
  5
4A5
330
2F
100
AcDbEntity
  8
A-DETL-GENF
100
AcDbLine
 10
-880.984475192067
 20
2292.173529362658
 30
0.0
 11
-864.9271216042507
 21
2286.606721927094
 31
0.0
  0
LINE
  5
4A6
330
2F
100
AcDbEntity
  8
A-DETL-GENF
100
AcDbLine
 10
-864.9271216043061
 20
2286.606721927113
 30
0.0
 11
-849.4773290060836
 21
2281.162044545221
 31
0.0
  0
LINE
  5
4A7
330
2F
100
AcDbEntity
  8
A-DETL-GENF
100
AcDbLine
 10
-849.4773290060836
 20
2281.162044545221
 30
0.0
 11
-834.7156503792643
 21
2275.962991773301
 31
0.0
  0
LINE
  5
4A8
330
2F
100
AcDbEntity
  8
A-DETL-GENF
100
AcDbLine
 10
-834.7156503793295
 20
2275.962991773324
 30
0.0
 11
-820.7158121675062
 21
2271.132375874741
 31
0.0
  0
LINE
  5
4A9
330
2F
100
AcDbEntity
  8
A-DETL-GENF
100
AcDbLine
 10
-820.7158121675275
 20
2271.132375874748
 30
0.0
 11
-807.5515408146186
 21
2266.793009112836
 31
0.0
  0
LINE
  5
4AA
330
2F
100
AcDbEntity
  8
A-DETL-GENF
100
AcDbLine
 10
-807.5515408146244
 20
2266.793009112838
 30
0.0
 11
-795.2965627640593
 21
2263.067703750837
 31
0.0
  0
LINE
  5
4AB
330
2F
100
AcDbEntity
  8
A-DETL-GENF
100
AcDbLine
 10
-795.2965627640598
 20
2263.067703750838
 30
0.0
 11
-784.0246044595868
 21
2260.079272052139
 31
0.0
  0
LINE
  5
4AC
330
2F
100
AcDbEntity
  8
A-DETL-GENF
100
AcDbLine
 10
-784.0246044595893
 20
2260.079272052139
 30
0.0
 11
-773.8093923450858
 21
2257.950526279959
 31
0.0
  0
LINE
  5
4AD
330
2F
100
AcDbEntity
  8
A-DETL-GENF
100
AcDbLine
 10
-773.8093923450865
 20
2257.950526279959
 30
0.0
 11
-764.7246528640209
 21
2256.804278697654
 31
0.0
  0
LINE
  5
4AE
330
2F
100
AcDbEntity
  8
A-DETL-GENF
100
AcDbLine
 10
-764.7246528640208
 20
2256.804278697654
 30
0.0
 11
-756.8441124598612
 21
2256.763341568511
 31
0.0
  0
LINE
  5
4AF
330
2F
100
AcDbEntity
  8
A-DETL-GENF
100
AcDbLine
 10
-756.8441124598612
 20
2256.763341568511
 30
0.0
 11
-750.2414975767656
 21
2257.950527155816
 31
0.0
  0
LINE
  5
4B0
330
2F
100
AcDbEntity
  8
A-DETL-GENF
100
AcDbLine
 10
-750.2414975767656
 20
2257.950527155816
 30
0.0
 11
-744.9878040545693
 21
2260.43884052589
 31
0.0
  0
LINE
  5
4B1
330
2F
100
AcDbEntity
  8
A-DETL-GENF
100
AcDbLine
 10
-744.9878040545693
 20
2260.43884052589
 30
0.0
 11
-741.1431053195483
 21
2264.102057956629
 31
0.0
  0
LINE
  5
4B2
330
2F
100
AcDbEntity
  8
A-DETL-GENF
100
AcDbLine
 10
-741.1431053195483
 20
2264.102057956629
 30
0.0
 11
-738.7647441943471
 21
2268.764148528958
 31
0.0
  0
LINE
  5
4B3
330
2F
100
AcDbEntity
  8
A-DETL-GENF
100
AcDbLine
 10
-738.7647441943471
 20
2268.764148528958
 30
0.0
 11
-737.9100635017484
 21
2274.249081323845
 31
0.0
  0
LINE
  5
4B4
330
2F
100
AcDbEntity
  8
A-DETL-GENF
100
AcDbLine
 10
-737.9100635017484
 20
2274.249081323845
 30
0.0
 11
-738.636406064119
 21
2280.380825422216
 31
0.0
  0
LINE
  5
4B5
330
2F
100
AcDbEntity
  8
A-DETL-GENF
100
AcDbLine
 10
-738.636406064119
 20
2280.380825422216
 30
0.0
 11
-741.0011147045191
 21
2286.983349904964
 31
0.0
  0
LINE
  5
4B6
330
2F
100
AcDbEntity
  8
A-DETL-GENF
100
AcDbLine
 10
-741.0011147045191
 20
2286.983349904964
 30
0.0
 11
-745.0615322453159
 21
2293.88062385302
 31
0.0
  0
LINE
  5
4B7
330
2F
100
AcDbEntity
  8
A-DETL-GENF
100
AcDbLine
 10
-745.0615322453159
 20
2293.88062385302
 30
0.0
 11
-750.8750015092918
 21
2300.89661634731
 31
0.0
  0
LINE
  5
4B8
330
2F
100
AcDbEntity
  8
A-DETL-GENF
100
AcDbLine
 10
-750.8750015092918
 20
2300.89661634731
 30
0.0
 11
-758.4988653190914
 21
2307.855296468695
 31
0.0
  0
LINE
  5
4B9
330
2F
100
AcDbEntity
  8
A-DETL-GENF
100
AcDbLine
 10
-758.4988653190914
 20
2307.855296468695
 30
0.0
 11
-767.9904664973585
 21
2314.580633298172
 31
0.0
  0
LINE
  5
4BA
330
2F
100
AcDbEntity
  8
A-DETL-GENF
100
AcDbLine
 10
-767.990466497358
 20
2314.580633298172
 30
0.0
 11
-779.3422958720813
 21
2320.936851048748
 31
0.0
  0
LINE
  5
4BB
330
2F
100
AcDbEntity
  8
A-DETL-GENF
100
AcDbLine
 10
-779.3422958720824
 20
2320.936851048749
 30
0.0
 11
-792.2874362922024
 21
2326.949194462093
 31
0.0
  0
LINE
  5
4BC
330
2F
100
AcDbEntity
  8
A-DETL-GENF
100
AcDbLine
 10
-792.2874362922028
 20
2326.949194462094
 30
0.0
 11
-806.4941186121505
 21
2332.683163411922
 31
0.0
  0
LINE
  5
4BD
330
2F
100
AcDbEntity
  8
A-DETL-GENF
100
AcDbLine
 10
-806.4941186121556
 20
2332.683163411925
 30
0.0
 11
-821.6305736863478
 21
2338.204257772015
 31
0.0
  0
LINE
  5
4BE
330
2F
100
AcDbEntity
  8
A-DETL-GENF
100
AcDbLine
 10
-821.6305736863519
 20
2338.204257772017
 30
0.0
 11
-837.3650323689426
 21
2343.577977416156
 31
0.0
  0
LINE
  5
4BF
330
2F
100
AcDbEntity
  8
A-DETL-GENF
100
AcDbLine
 10
-837.3650323689204
 20
2343.577977416149
 30
0.0
 11
-853.3657255143811
 21
2348.8698222181
 31
0.0
  0
LINE
  5
4C0
330
2F
100
AcDbEntity
  8
A-DETL-GENF
100
AcDbLine
 10
-853.3657255143811
 20
2348.8698222181
 30
0.0
 11
-869.3008839769317
 21
2354.145292051622
 31
0.0
  0
LINE
  5
4C1
330
2F
100
AcDbEntity
  8
A-DETL-GENF
100
AcDbLine
 10
-869.3008839769658
 20
2354.145292051634
 30
0.0
 11
-884.8387386108674
 21
2359.469886790433
 31
0.0
  0
LINE
  5
4C2
330
2F
100
AcDbEntity
  8
A-DETL-GENF
100
AcDbLine
 10
-884.8387386108832
 20
2359.469886790439
 30
0.0
 11
-899.6475202706494
 21
2364.909106308326
 31
0.0
  0
LINE
  5
4C3
330
2F
100
AcDbEntity
  8
A-DETL-GENF
100
AcDbLine
 10
-899.6475202706479
 20
2364.909106308326
 30
0.0
 11
-913.395459810542
 21
2370.528450479077
 31
0.0
  0
LINE
  5
4C4
330
2F
100
AcDbEntity
  8
A-DETL-GENF
100
AcDbLine
 10
-913.3954598105416
 20
2370.528450479077
 30
0.0
 11
-925.8054002920701
 21
2376.381137950122
 31
0.0
  0
LINE
  5
4C5
330
2F
100
AcDbEntity
  8
A-DETL-GENF
100
AcDbLine
 10
-925.8054002920701
 20
2376.381137950122
 30
0.0
 11
-936.8186336062278
 21
2382.471262463566
 31
0.0
  0
LINE
  5
4C6
330
2F
100
AcDbEntity
  8
A-DETL-GENF
100
AcDbLine
 10
-936.8186336062276
 20
2382.471262463566
 30
0.0
 11
-946.4310638516558
 21
2388.790636535128
 31
0.0
  0
LINE
  5
4C7
330
2F
100
AcDbEntity
  8
A-DETL-GENF
100
AcDbLine
 10
-946.4310638516549
 20
2388.790636535128
 30
0.0
 11
-954.6385951263012
 21
2395.33107268067
 31
0.0
  0
LINE
  5
4C8
330
2F
100
AcDbEntity
  8
A-DETL-GENF
100
AcDbLine
 10
-954.638595126301
 20
2395.33107268067
 30
0.0
 11
-961.437131528528
 21
2402.084383415945
 31
0.0
  0
LINE
  5
4C9
330
2F
100
AcDbEntity
  8
A-DETL-GENF
100
AcDbLine
 10
-961.437131528528
 20
2402.084383415945
 30
0.0
 11
-966.8225771568382
 21
2409.042381256745
 31
0.0
  0
LINE
  5
4CA
330
2F
100
AcDbEntity
  8
A-DETL-GENF
100
AcDbLine
 10
-966.8225771568382
 20
2409.042381256745
 30
0.0
 11
-970.7908361090405
 21
2416.196878718825
 31
0.0
  0
LINE
  5
4CB
330
2F
100
AcDbEntity
  8
A-DETL-GENF
100
AcDbLine
 10
-970.7908361090405
 20
2416.196878718825
 30
0.0
 11
-973.3378124840532
 21
2423.53968831794
 31
0.0
  0
LINE
  5
4CC
330
2F
100
AcDbEntity
  8
A-DETL-GENF
100
AcDbLine
 10
-973.3378124840532
 20
2423.53968831794
 30
0.0
 11
-974.4594103798238
 21
2431.06262256995
 31
0.0
  0
LINE
  5
4CD
330
2F
100
AcDbEntity
  8
A-DETL-GENF
100
AcDbLine
 10
-974.4594103798238
 20
2431.06262256995
 30
0.0
 11
-974.151533894577
 21
2438.757493990575
 31
0.0
  0
LINE
  5
4CE
330
2F
100
AcDbEntity
  8
A-DETL-GENF
100
AcDbLine
 10
-974.151533894577
 20
2438.757493990575
 30
0.0
 11
-972.4244228254418
 21
2446.602469287192
 31
0.0
  0
LINE
  5
4CF
330
2F
100
AcDbEntity
  8
A-DETL-GENF
100
AcDbLine
 10
-972.4244228254418
 20
2446.602469287192
 30
0.0
 11
-969.3456597632224
 21
2454.521131933415
 31
0.0
  0
LINE
  5
4D0
330
2F
100
AcDbEntity
  8
A-DETL-GENF
100
AcDbLine
 10
-969.3456597632224
 20
2454.521131933415
 30
0.0
 11
-964.9971629980424
 21
2462.423419594552
 31
0.0
  0
LINE
  5
4D1
330
2F
100
AcDbEntity
  8
A-DETL-GENF
100
AcDbLine
 10
-964.9971629980424
 20
2462.423419594552
 30
0.0
 11
-959.4608508191945
 21
2470.219269935769
 31
0.0
  0
LINE
  5
4D2
330
2F
100
AcDbEntity
  8
A-DETL-GENF
100
AcDbLine
 10
-959.4608508191945
 20
2470.219269935769
 30
0.0
 11
-952.8186415165251
 21
2477.818620622335
 31
0.0
  0
LINE
  5
4D3
330
2F
100
AcDbEntity
  8
A-DETL-GENF
100
AcDbLine
 10
-952.8186415165251
 20
2477.818620622335
 30
0.0
 11
-945.1524533796039
 21
2485.131409319489
 31
0.0
  0
LINE
  5
4D4
330
2F
100
AcDbEntity
  8
A-DETL-GENF
100
AcDbLine
 10
-945.1524533796033
 20
2485.13140931949
 30
0.0
 11
-936.5442046982778
 21
2492.067573692466
 31
0.0
  0
LINE
  5
4D5
330
2F
100
AcDbEntity
  8
A-DETL-GENF
100
AcDbLine
 10
-936.5442046982771
 20
2492.067573692466
 30
0.0
 11
-927.0758137622548
 21
2498.537051406467
 31
0.0
  0
LINE
  5
4D6
330
2F
100
AcDbEntity
  8
A-DETL-GENF
100
AcDbLine
 10
-927.0758137622562
 20
2498.537051406466
 30
0.0
 11
-916.829198860965
 21
2504.449780126765
 31
0.0
  0
LINE
  5
4D7
330
2F
100
AcDbEntity
  8
A-DETL-GENF
100
AcDbLine
 10
-916.829198860964
 20
2504.449780126765
 30
0.0
 11
-905.8862782845338
 21
2509.715697518558
 31
0.0
  0
LINE
  5
4D8
330
2F
100
AcDbEntity
  8
A-DETL-GENF
100
AcDbLine
 10
-905.8862782845341
 20
2509.715697518558
 30
0.0
 11
-894.3508152093862
 21
2514.280902639902
 31
0.0
  0
LINE
  5
4D9
330
2F
100
AcDbEntity
  8
A-DETL-GENF
100
AcDbLine
 10
-894.3508152093857
 20
2514.280902639902
 30
0.0
 11
-882.4139523614524
 21
2518.236140120141
 31
0.0
  0
LINE
  5
4DA
330
2F
100
AcDbEntity
  8
A-DETL-GENF
100
AcDbLine
 10
-882.4139523614537
 20
2518.236140120141
 30
0.0
 11
-870.2886773535203
 21
2521.708315981303
 31
0.0
  0
LINE
  5
4DB
330
2F
100
AcDbEntity
  8
A-DETL-GENF
100
AcDbLine
 10
-870.288677353527
 20
2521.7083159813
 30
0.0
 11
-858.1879777983719
 21
2524.824336245514
 31
0.0
  0
LINE
  5
4DC
330
2F
100
AcDbEntity
  8
A-DETL-GENF
100
AcDbLine
 10
-858.1879777983703
 20
2524.824336245514
 30
0.0
 11
-846.3248413089412
 21
2527.711106934868
 31
0.0
  0
LINE
  5
4DD
330
2F
100
AcDbEntity
  8
A-DETL-GENF
100
AcDbLine
 10
-846.3248413089412
 20
2527.711106934868
 30
0.0
 11
-834.9122554978693
 21
2530.495534071461
 31
0.0
  0
LINE
  5
4DE
330
2F
100
AcDbEntity
  8
A-DETL-GENF
100
AcDbLine
 10
-834.9122554978627
 20
2530.495534071463
 30
0.0
 11
-824.163207978361
 21
2533.30452367742
 31
0.0
  0
LINE
  5
4DF
330
2F
100
AcDbEntity
  8
A-DETL-GENF
100
AcDbLine
 10
-824.1632079783539
 20
2533.304523677422
 30
0.0
 11
-814.2906863629242
 21
2536.264981774805
 31
0.0
  0
LINE
  5
4E0
330
2F
100
AcDbEntity
  8
A-DETL-GENF
100
AcDbLine
 10
-814.290686362923
 20
2536.264981774805
 30
0.0
 11
-805.5076782644857
 21
2539.503814385744
 31
0.0
  0
LINE
  5
4E1
330
2F
100
AcDbEntity
  8
A-DETL-GENF
100
AcDbLine
 10
-805.5076782644857
 20
2539.503814385744
 30
0.0
 11
-798.0271712958321
 21
2543.147927532331
 31
0.0
  0
LINE
  5
4E2
330
2F
100
AcDbEntity
  8
A-DETL-GENF
100
AcDbLine
 10
-798.0271712958321
 20
2543.147927532331
 30
0.0
 11
-792.0191459555735
 21
2547.28601897139
 31
0.0
  0
LINE
  5
4E3
330
2F
100
AcDbEntity
  8
A-DETL-GENF
100
AcDbLine
 10
-792.0191459555735
 20
2547.28601897139
 30
0.0
 11
-787.4815542828427
 21
2551.853953398762
 31
0.0
  0
LINE
  5
4E4
330
2F
100
AcDbEntity
  8
A-DETL-GENF
100
AcDbLine
 10
-787.4815542828427
 20
2551.853953398762
 30
0.0
 11
-784.369341202873
 21
2556.749387244981
 31
0.0
  0
LINE
  5
4E5
330
2F
100
AcDbEntity
  8
A-DETL-GENF
100
AcDbLine
 10
-784.369341202873
 20
2556.749387244981
 30
0.0
 11
-782.6374516408981
 21
2561.869976940654
 31
0.0
  0
LINE
  5
4E6
330
2F
100
AcDbEntity
  8
A-DETL-GENF
100
AcDbLine
 10
-782.6374516408981
 20
2561.869976940654
 30
0.0
 11
-782.2408305218744
 21
2567.11337891628
 31
0.0
  0
LINE
  5
4E7
330
2F
100
AcDbEntity
  8
A-DETL-GENF
100
AcDbLine
 10
-782.2408305218744
 20
2567.11337891628
 30
0.0
 11
-783.1344227707585
 21
2572.377249602467
 31
0.0
  0
LINE
  5
4E8
330
2F
100
AcDbEntity
  8
A-DETL-GENF
100
AcDbLine
 10
-783.1344227707585
 20
2572.377249602467
 30
0.0
 11
-785.2731733125064
 21
2577.559245429784
 31
0.0
  0
LINE
  5
4E9
330
2F
100
AcDbEntity
  8
A-DETL-GENF
100
AcDbLine
 10
-785.2731733125064
 20
2577.559245429784
 30
0.0
 11
-788.6120270723517
 21
2582.557022828765
 31
0.0
  0
LINE
  5
4EA
330
2F
100
AcDbEntity
  8
A-DETL-GENF
100
AcDbLine
 10
-788.6120270723517
 20
2582.557022828765
 30
0.0
 11
-793.1059289755282
 21
2587.268238229982
 31
0.0
  0
LINE
  5
4EB
330
2F
100
AcDbEntity
  8
A-DETL-GENF
100
AcDbLine
 10
-793.1059289755282
 20
2587.268238229982
 30
0.0
 11
-798.7098239467148
 21
2591.590548064006
 31
0.0
  0
LINE
  5
4EC
330
2F
100
AcDbEntity
  8
A-DETL-GENF
100
AcDbLine
 10
-798.7098239467148
 20
2591.590548064006
 30
0.0
 11
-805.3499855044666
 21
2595.460499316999
 31
0.0
  0
LINE
  5
4ED
330
2F
100
AcDbEntity
  8
A-DETL-GENF
100
AcDbLine
 10
-805.3499855044673
 20
2595.460499317
 30
0.0
 11
-812.8380015408998
 21
2598.970201197533
 31
0.0
  0
LINE
  5
4EE
330
2F
100
AcDbEntity
  8
A-DETL-GENF
100
AcDbLine
 10
-812.8380015408972
 20
2598.970201197532
 30
0.0
 11
-820.956788541453
 21
2602.25065346991
 31
0.0
  0
LINE
  5
4EF
330
2F
100
AcDbEntity
  8
A-DETL-GENF
100
AcDbLine
 10
-820.9567885414555
 20
2602.250653469911
 30
0.0
 11
-829.4892629916642
 21
2605.432855898263
 31
0.0
  0
LINE
  5
4F0
330
2F
100
AcDbEntity
  8
A-DETL-GENF
100
AcDbLine
 10
-829.48926299164
 20
2605.432855898254
 30
0.0
 11
-838.218341376678
 21
2608.64780824675
 31
0.0
  0
LINE
  5
4F1
330
2F
100
AcDbEntity
  8
A-DETL-GENF
100
AcDbLine
 10
-838.2183413766753
 20
2608.647808246749
 30
0.0
 11
-846.9269401822188
 21
2612.026510279677
 31
0.0
  0
LINE
  5
4F2
330
2F
100
AcDbEntity
  8
A-DETL-GENF
100
AcDbLine
 10
-846.9269401822161
 20
2612.026510279676
 30
0.0
 11
-855.3979758939121
 21
2615.699961761245
 31
0.0
  0
LINE
  5
4F3
330
2F
100
AcDbEntity
  8
A-DETL-GENF
100
AcDbLine
 10
-855.3979758939118
 20
2615.699961761245
 30
0.0
 11
-863.414364996778
 21
2619.799162455616
 31
0.0
  0
LINE
  5
4F4
330
2F
100
AcDbEntity
  8
A-DETL-GENF
100
AcDbLine
 10
-863.4143649967779
 20
2619.799162455616
 30
0.0
 11
-870.759023976532
 21
2624.455112127023
 31
0.0
  0
LINE
  5
4F5
330
2F
100
AcDbEntity
  8
A-DETL-GENF
100
AcDbLine
 10
-870.759023976532
 20
2624.455112127023
 30
0.0
 11
-877.2148693186117
 21
2629.798810539632
 31
0.0
  0
LINE
  5
4F6
330
2F
100
AcDbEntity
  8
A-DETL-GENF
100
AcDbLine
 10
-877.2148693186117
 20
2629.798810539632
 30
0.0
 11
-882.6405919432837
 21
2635.904627353019
 31
0.0
  0
LINE
  5
4F7
330
2F
100
AcDbEntity
  8
A-DETL-GENF
100
AcDbLine
 10
-882.6405919432837
 20
2635.904627353019
 30
0.0
 11
-887.1979805095696
 21
2642.620411807509
 31
0.0
  0
LINE
  5
4F8
330
2F
100
AcDbEntity
  8
A-DETL-GENF
100
AcDbLine
 10
-887.1979805095696
 20
2642.620411807509
 30
0.0
 11
-891.1245981118739
 21
2649.737383038875
 31
0.0
  0
LINE
  5
4F9
330
2F
100
AcDbEntity
  8
A-DETL-GENF
100
AcDbLine
 10
-891.1245981118738
 20
2649.737383038874
 30
0.0
 11
-894.658007844184
 21
2657.046760182782
 31
0.0
  0
LINE
  5
4FA
330
2F
100
AcDbEntity
  8
A-DETL-GENF
100
AcDbLine
 10
-894.6580078441852
 20
2657.046760182785
 30
0.0
 11
-898.0357728004909
 21
2664.33976237494
 31
0.0
  0
LINE
  5
4FB
330
2F
100
AcDbEntity
  8
A-DETL-GENF
100
AcDbLine
 10
-898.0357728004914
 20
2664.339762374942
 30
0.0
 11
-901.4954560749215
 21
2671.407608751018
 31
0.0
  0
LINE
  5
4FC
330
2F
100
AcDbEntity
  8
A-DETL-GENF
100
AcDbLine
 10
-901.4954560749215
 20
2671.407608751018
 30
0.0
 11
-905.2746207614617
 21
2678.041518446746
 31
0.0
  0
LINE
  5
4FD
330
2F
100
AcDbEntity
  8
A-DETL-GENF
100
AcDbLine
 10
-905.2746207614617
 20
2678.041518446746
 30
0.0
 11
-909.6108299542404
 21
2684.032710597798
 31
0.0
  0
LINE
  5
4FE
330
2F
100
AcDbEntity
  8
A-DETL-GENF
100
AcDbLine
 10
-909.6108299542404
 20
2684.032710597798
 30
0.0
 11
-914.7416467472456
 21
2689.172404339875
 31
0.0
  0
LINE
  5
4FF
330
2F
100
AcDbEntity
  8
A-DETL-GENF
100
AcDbLine
 10
-914.7416467472456
 20
2689.172404339875
 30
0.0
 11
-920.9046342346045
 21
2693.251818808717
 31
0.0
  0
LINE
  5
500
330
2F
100
AcDbEntity
  8
A-DETL-GENF
100
AcDbLine
 10
-920.9046342346045
 20
2693.251818808717
 30
0.0
 11
-928.2653331287883
 21
2696.112318405893
 31
0.0
  0
LINE
  5
501
330
2F
100
AcDbEntity
  8
A-DETL-GENF
100
AcDbLine
 10
-928.2653331287883
 20
2696.112318405893
 30
0.0
 11
-936.7011946148104
 21
2697.795848597033
 31
0.0
  0
LINE
  5
502
330
2F
100
AcDbEntity
  8
A-DETL-GENF
100
AcDbLine
 10
-936.7011946148103
 20
2697.795848597033
 30
0.0
 11
-946.0176474961679
 21
2698.394500113564
 31
0.0
  0
LINE
  5
503
330
2F
100
AcDbEntity
  8
A-DETL-GENF
100
AcDbLine
 10
-946.0176474961679
 20
2698.394500113564
 30
0.0
 11
-956.0201205762179
 21
2698.000363687052
 31
0.0
  0
LINE
  5
504
330
2F
100
AcDbEntity
  8
A-DETL-GENF
100
AcDbLine
 10
-956.0201205762179
 20
2698.000363687052
 30
0.0
 11
-966.5140426583187
 21
2696.705530048924
 31
0.0
  0
LINE
  5
505
330
2F
100
AcDbEntity
  8
A-DETL-GENF
100
AcDbLine
 10
-966.5140426583192
 20
2696.705530048924
 30
0.0
 11
-977.3048425462435
 21
2694.602089930712
 31
0.0
  0
LINE
  5
506
330
2F
100
AcDbEntity
  8
A-DETL-GENF
100
AcDbLine
 10
-977.3048425462453
 20
2694.602089930711
 30
0.0
 11
-988.1979490430733
 21
2691.782134063947
 31
0.0
  0
LINE
  5
507
330
2F
100
AcDbEntity
  8
A-DETL-GENF
100
AcDbLine
 10
-988.1979490430762
 20
2691.782134063946
 30
0.0
 11
-998.9987909527206
 21
2688.33775318009
 31
0.0
  0
LINE
  5
508
330
2F
100
AcDbEntity
  8
A-DETL-GENF
100
AcDbLine
 10
-998.998790952722
 20
2688.33775318009
 30
0.0
 11
-1009.512797077988
 21
2684.361038010604
 31
0.0
  0
LINE
  5
509
330
2F
100
AcDbEntity
  8
A-DETL-GENF
100
AcDbLine
 10
-1009.512797077986
 20
2684.361038010605
 30
0.0
 11
-1019.545396222652
 21
2679.944079287054
 31
0.0
  0
LINE
  5
50A
330
2F
100
AcDbEntity
  8
A-DETL-GENF
100
AcDbLine
 10
-1984.853266317774
 20
3242.748957454419
 30
0.0
 11
-1975.46250834387
 21
3264.935310349946
 31
0.0
  0
LINE
  5
50B
330
2F
100
AcDbEntity
  8
A-DETL-GENF
100
AcDbLine
 10
-1975.462508343898
 20
3264.935310349882
 30
0.0
 11
-1963.585727750253
 21
3293.911945034089
 31
0.0
  0
LINE
  5
50C
330
2F
100
AcDbEntity
  8
A-DETL-GENF
100
AcDbLine
 10
-1963.585727750253
 20
3293.911945034089
 30
0.0
 11
-1953.067428697941
 21
3319.687644496544
 31
0.0
  0
LINE
  5
50D
330
2F
100
AcDbEntity
  8
A-DETL-GENF
100
AcDbLine
 10
-1953.067428697945
 20
3319.687644496536
 30
0.0
 11
-1943.403881203831
 21
3342.682863703838
 31
0.0
  0
LINE
  5
50E
330
2F
100
AcDbEntity
  8
A-DETL-GENF
100
AcDbLine
 10
-1943.403881203835
 20
3342.682863703829
 30
0.0
 11
-1934.399351748793
 21
3363.144995929803
 31
0.0
  0
LINE
  5
50F
330
2F
100
AcDbEntity
  8
A-DETL-GENF
100
AcDbLine
 10
-1934.399351748793
 20
3363.144995929803
 30
0.0
 11
-1925.935105929333
 21
3381.278169024989
 31
0.0
  0
LINE
  5
510
330
2F
100
AcDbEntity
  8
A-DETL-GENF
100
AcDbLine
 10
-1925.935105929332
 20
3381.278169024991
 30
0.0
 11
-1917.892409342223
 21
3397.286510840151
 31
0.0
  0
LINE
  5
511
330
2F
100
AcDbEntity
  8
A-DETL-GENF
100
AcDbLine
 10
-1917.892409342225
 20
3397.286510840146
 30
0.0
 11
-1910.152527584388
 21
3411.374149225873
 31
0.0
  0
LINE
  5
512
330
2F
100
AcDbEntity
  8
A-DETL-GENF
100
AcDbLine
 10
-1910.152527584389
 20
3411.374149225871
 30
0.0
 11
-1902.596726252463
 21
3423.745212032798
 31
0.0
  0
LINE
  5
513
330
2F
100
AcDbEntity
  8
A-DETL-GENF
100
AcDbLine
 10
-1902.596726252463
 20
3423.745212032797
 30
0.0
 11
-1895.106270943088
 21
3434.603827111561
 31
0.0
  0
LINE
  5
514
330
2F
100
AcDbEntity
  8
A-DETL-GENF
100
AcDbLine
 10
-1895.106270943087
 20
3434.603827111561
 30
0.0
 11
-1887.562427253182
 21
3444.154122312828
 31
0.0
  0
LINE
  5
515
330
2F
100
AcDbEntity
  8
A-DETL-GENF
100
AcDbLine
 10
-1887.562427253182
 20
3444.154122312828
 30
0.0
 11
-1879.846460779244
 21
3452.600225487271
 31
0.0
  0
LINE
  5
516
330
2F
100
AcDbEntity
  8
A-DETL-GENF
100
AcDbLine
 10
-1879.846460779245
 20
3452.600225487271
 30
0.0
 11
-1871.839637118054
 21
3460.14626448549
 31
0.0
  0
LINE
  5
517
330
2F
100
AcDbEntity
  8
A-DETL-GENF
100
AcDbLine
 10
-1871.839637118054
 20
3460.14626448549
 30
0.0
 11
-1863.453250723561
 21
3466.988272888673
 31
0.0
  0
LINE
  5
518
330
2F
100
AcDbEntity
  8
A-DETL-GENF
100
AcDbLine
 10
-1863.453250723559
 20
3466.988272888674
 30
0.0
 11
-1854.718711477013
 21
3473.289907199761
 31
0.0
  0
LINE
  5
519
330
2F
100
AcDbEntity
  8
A-DETL-GENF
100
AcDbLine
 10
-1854.718711477016
 20
3473.28990719976
 30
0.0
 11
-1845.69745811724
 21
3479.206729652463
 31
0.0
  0
LINE
  5
51A
330
2F
100
AcDbEntity
  8
A-DETL-GENF
100
AcDbLine
 10
-1845.697458117242
 20
3479.206729652462
 30
0.0
 11
-1836.450929382539
 21
3484.894302480193
 31
0.0
  0
LINE
  5
51B
330
2F
100
AcDbEntity
  8
A-DETL-GENF
100
AcDbLine
 10
-1836.450929382531
 20
3484.894302480198
 30
0.0
 11
-1827.040564011715
 21
3490.508187916606
 31
0.0
  0
LINE
  5
51C
330
2F
100
AcDbEntity
  8
A-DETL-GENF
100
AcDbLine
 10
-1827.040564011715
 20
3490.508187916606
 30
0.0
 11
-1817.527800743343
 21
3496.203948195257
 31
0.0
  0
LINE
  5
51D
330
2F
100
AcDbEntity
  8
A-DETL-GENF
100
AcDbLine
 10
-1817.527800743338
 20
3496.20394819526
 30
0.0
 11
-1807.974078315713
 21
3502.137145549634
 31
0.0
  0
LINE
  5
51E
330
2F
100
AcDbEntity
  8
A-DETL-GENF
100
AcDbLine
 10
-1807.974078315708
 20
3502.137145549637
 30
0.0
 11
-1798.440835467921
 21
3508.463342213313
 31
0.0
  0
LINE
  5
51F
330
2F
100
AcDbEntity
  8
A-DETL-GENF
100
AcDbLine
 10
-1798.440835467921
 20
3508.463342213311
 30
0.0
 11
-1788.989510938111
 21
3515.33810041989
 31
0.0
  0
LINE
  5
520
330
2F
100
AcDbEntity
  8
A-DETL-GENF
100
AcDbLine
 10
-1788.989510938114
 20
3515.338100419887
 30
0.0
 11
-1779.681543464982
 21
3522.916982402828
 31
0.0
  0
LINE
  5
521
330
2F
100
AcDbEntity
  8
A-DETL-GENF
100
AcDbLine
 10
-1779.681543464981
 20
3522.916982402829
 30
0.0
 11
-1770.579737089946
 21
3531.30301402898
 31
0.0
  0
LINE
  5
522
330
2F
100
AcDbEntity
  8
A-DETL-GENF
100
AcDbLine
 10
-1770.579737089944
 20
3531.303014028982
 30
0.0
 11
-1761.752357066391
 21
3540.389075697741
 31
0.0
  0
LINE
  5
523
330
2F
100
AcDbEntity
  8
A-DETL-GENF
100
AcDbLine
 10
-1761.75235706639
 20
3540.389075697742
 30
0.0
 11
-1753.269033950427
 21
3550.015511441892
 31
0.0
  0
LINE
  5
524
330
2F
100
AcDbEntity
  8
A-DETL-GENF
100
AcDbLine
 10
-1753.269033950426
 20
3550.015511441892
 30
0.0
 11
-1745.199398298021
 21
3560.022665293974
 31
0.0
  0
LINE
  5
525
330
2F
100
AcDbEntity
  8
A-DETL-GENF
100
AcDbLine
 10
-1745.199398298021
 20
3560.022665293974
 30
0.0
 11
-1737.613080665832
 21
3570.250881286777
 31
0.0
  0
LINE
  5
526
330
2F
100
AcDbEntity
  8
A-DETL-GENF
100
AcDbLine
 10
-1737.613080665832
 20
3570.250881286777
 30
0.0
 11
-1730.579711609692
 21
3580.540503452978
 31
0.0
  0
LINE
  5
527
330
2F
100
AcDbEntity
  8
A-DETL-GENF
100
AcDbLine
 10
-1730.579711609692
 20
3580.540503452979
 30
0.0
 11
-1724.168921685849
 21
3590.731875825152
 31
0.0
  0
LINE
  5
528
330
2F
100
AcDbEntity
  8
A-DETL-GENF
100
AcDbLine
 10
-1724.168921685847
 20
3590.731875825154
 30
0.0
 11
-1718.450341450403
 21
3600.665342436091
 31
0.0
  0
LINE
  5
529
330
2F
100
AcDbEntity
  8
A-DETL-GENF
100
AcDbLine
 10
-1718.450341450403
 20
3600.665342436091
 30
0.0
 11
-1713.493601459606
 21
3610.181247318398
 31
0.0
  0
LINE
  5
52A
330
2F
100
AcDbEntity
  8
A-DETL-GENF
100
AcDbLine
 10
-1713.493601459605
 20
3610.181247318399
 30
0.0
 11
-1709.368332269699
 21
3619.11993450476
 31
0.0
  0
LINE
  5
52B
330
2F
100
AcDbEntity
  8
A-DETL-GENF
100
AcDbLine
 10
-1709.368332269699
 20
3619.11993450476
 30
0.0
 11
-1706.113445072294
 21
3627.359956291776
 31
0.0
  0
LINE
  5
52C
330
2F
100
AcDbEntity
  8
A-DETL-GENF
100
AcDbLine
 10
-1706.113445072294
 20
3627.359956291775
 30
0.0
 11
-1703.644973600738
 21
3634.932698031411
 31
0.0
  0
LINE
  5
52D
330
2F
100
AcDbEntity
  8
A-DETL-GENF
100
AcDbLine
 10
-1703.644973600738
 20
3634.932698031411
 30
0.0
 11
-1701.84823222388
 21
3641.907753339522
 31
0.0
  0
LINE
  5
52E
330
2F
100
AcDbEntity
  8
A-DETL-GENF
100
AcDbLine
 10
-1701.84823222388
 20
3641.907753339523
 30
0.0
 11
-1700.608535310707
 21
3648.354715831994
 31
0.0
  0
LINE
  5
52F
330
2F
100
AcDbEntity
  8
A-DETL-GENF
100
AcDbLine
 10
-1700.608535310708
 20
3648.354715831993
 30
0.0
 11
-1699.81119723007
 21
3654.343179124719
 31
0.0
  0
LINE
  5
530
330
2F
100
AcDbEntity
  8
A-DETL-GENF
100
AcDbLine
 10
-1699.81119723007
 20
3654.343179124719
 30
0.0
 11
-1699.341532350541
 21
3659.94273683358
 31
0.0
  0
LINE
  5
531
330
2F
100
AcDbEntity
  8
A-DETL-GENF
100
AcDbLine
 10
-1699.341532350541
 20
3659.942736833579
 30
0.0
 11
-1699.084855041523
 21
3665.2229825744
 31
0.0
  0
LINE
  5
532
330
2F
100
AcDbEntity
  8
A-DETL-GENF
100
AcDbLine
 10
-1699.084855041523
 20
3665.222982574394
 30
0.0
 11
-1698.926479671589
 21
3670.253509963096
 31
0.0
  0
LINE
  5
533
330
2F
100
AcDbEntity
  8
A-DETL-GENF
100
AcDbLine
 10
-1698.926479671589
 20
3670.253509963089
 30
0.0
 11
-1698.751720609587
 21
3675.103912615534
 31
0.0
  0
LINE
  5
534
330
2F
100
AcDbEntity
  8
A-DETL-GENF
100
AcDbLine
 10
-1698.751720609587
 20
3675.103912615534
 30
0.0
 11
-1698.445892224369
 21
3679.843784147588
 31
0.0
  0
LINE
  5
535
330
2F
100
AcDbEntity
  8
A-DETL-GENF
100
AcDbLine
 10
-1698.445892224369
 20
3679.843784147588
 30
0.0
 11
-1697.90386602196
 21
3684.54067130824
 31
0.0
  0
LINE
  5
536
330
2F
100
AcDbEntity
  8
A-DETL-GENF
100
AcDbLine
 10
-1697.90386602196
 20
3684.54067130824
 30
0.0
 11
-1697.058742056954
 21
3689.253933378923
 31
0.0
  0
LINE
  5
537
330
2F
100
AcDbEntity
  8
A-DETL-GENF
100
AcDbLine
 10
-1697.058742056954
 20
3689.253933378923
 30
0.0
 11
-1695.853177520569
 21
3694.040882774195
 31
0.0
  0
LINE
  5
538
330
2F
100
AcDbEntity
  8
A-DETL-GENF
100
AcDbLine
 10
-1695.853177520569
 20
3694.040882774195
 30
0.0
 11
-1694.229829604573
 21
3698.958831908682
 31
0.0
  0
LINE
  5
539
330
2F
100
AcDbEntity
  8
A-DETL-GENF
100
AcDbLine
 10
-1694.229829604573
 20
3698.958831908682
 30
0.0
 11
-1692.131355500462
 21
3704.065093196941
 31
0.0
  0
LINE
  5
53A
330
2F
100
AcDbEntity
  8
A-DETL-GENF
100
AcDbLine
 10
-1692.131355500462
 20
3704.065093196942
 30
0.0
 11
-1689.500412399591
 21
3709.416979053494
 31
0.0
  0
LINE
  5
53B
330
2F
100
AcDbEntity
  8
A-DETL-GENF
100
AcDbLine
 10
-1689.50041239959
 20
3709.416979053495
 30
0.0
 11
-1686.279657493869
 21
3715.071801892934
 31
0.0
  0
LINE
  5
53C
330
2F
100
AcDbEntity
  8
A-DETL-GENF
100
AcDbLine
 10
-1686.279657493869
 20
3715.071801892934
 30
0.0
 11
-1682.411747974512
 21
3721.086874129851
 31
0.0
  0
LINE
  5
53D
330
2F
100
AcDbEntity
  8
A-DETL-GENF
100
AcDbLine
 10
-1682.411747974511
 20
3721.086874129852
 30
0.0
 11
-1677.839341033291
 21
3727.519508178769
 31
0.0
  0
LINE
  5
53E
330
2F
100
AcDbEntity
  8
A-DETL-GENF
100
AcDbLine
 10
-1677.839341033291
 20
3727.519508178769
 30
0.0
 11
-1672.505093861562
 21
3734.427016454278
 31
0.0
  0
LINE
  5
53F
330
2F
100
AcDbEntity
  8
A-DETL-GENF
100
AcDbLine
 10
-1672.505093861563
 20
3734.427016454278
 30
0.0
 11
-1666.385796276269
 21
3741.836690585716
 31
0.0
  0
LINE
  5
540
330
2F
100
AcDbEntity
  8
A-DETL-GENF
100
AcDbLine
 10
-1666.385796276272
 20
3741.836690585711
 30
0.0
 11
-1659.594768596272
 21
3749.655739061684
 31
0.0
  0
LINE
  5
541
330
2F
100
AcDbEntity
  8
A-DETL-GENF
100
AcDbLine
 10
-1659.594768596273
 20
3749.655739061683
 30
0.0
 11
-1652.279463765757
 21
3757.761349585454
 31
0.0
  0
LINE
  5
542
330
2F
100
AcDbEntity
  8
A-DETL-GENF
100
AcDbLine
 10
-1652.279463765759
 20
3757.761349585452
 30
0.0
 11
-1644.587334728745
 21
3766.030709860352
 31
0.0
  0
LINE
  5
543
330
2F
100
AcDbEntity
  8
A-DETL-GENF
100
AcDbLine
 10
-1644.587334728765
 20
3766.030709860331
 30
0.0
 11
-1636.665834429466
 21
3774.341007589703
 31
0.0
  0
LINE
  5
544
330
2F
100
AcDbEntity
  8
A-DETL-GENF
100
AcDbLine
 10
-1636.665834429459
 20
3774.34100758971
 30
0.0
 11
-1628.66241581221
 21
3782.569430476879
 31
0.0
  0
LINE
  5
545
330
2F
100
AcDbEntity
  8
A-DETL-GENF
100
AcDbLine
 10
-1628.662415812175
 20
3782.569430476914
 30
0.0
 11
-1620.724531820972
 21
3790.5931662252
 31
0.0
  0
LINE
  5
546
330
2F
100
AcDbEntity
  8
A-DETL-GENF
100
AcDbLine
 10
-1620.724531820996
 20
3790.593166225176
 30
0.0
 11
-1612.999635399841
 21
3798.289402537923
 31
0.0
  0
LINE
  5
547
330
2F
100
AcDbEntity
  8
A-DETL-GENF
100
AcDbLine
 10
-1612.999635399865
 20
3798.289402537899
 30
0.0
 11
-1605.635179493326
 21
3805.535327118411
 31
0.0
  0
LINE
  5
548
330
2F
100
AcDbEntity
  8
A-DETL-GENF
100
AcDbLine
 10
-1605.635179493306
 20
3805.53532711843
 30
0.0
 11
-1598.778617045094
 21
3812.208127670132
 31
0.0
  0
LINE
  5
549
330
2F
100
AcDbEntity
  8
A-DETL-GENF
100
AcDbLine
 10
-1598.778617045098
 20
3812.208127670127
 30
0.0
 11
-1592.538489808189
 21
3818.215012679969
 31
0.0
  0
LINE
  5
54A
330
2F
100
AcDbEntity
  8
A-DETL-GENF
100
AcDbLine
 10
-1592.538489808209
 20
3818.215012679951
 30
0.0
 11
-1586.867694768373
 21
3823.583273770516
 31
0.0
  0
LINE
  5
54B
330
2F
100
AcDbEntity
  8
A-DETL-GENF
100
AcDbLine
 10
-1586.867694768381
 20
3823.583273770508
 30
0.0
 11
-1581.680217719952
 21
3828.370223347913
 31
0.0
  0
LINE
  5
54C
330
2F
100
AcDbEntity
  8
A-DETL-GENF
100
AcDbLine
 10
-1581.680217719952
 20
3828.370223347913
 30
0.0
 11
-1576.890044457706
 21
3832.633173818485
 31
0.0
  0
LINE
  5
54D
330
2F
100
AcDbEntity
  8
A-DETL-GENF
100
AcDbLine
 10
-1576.890044457703
 20
3832.633173818488
 30
0.0
 11
-1572.411160775612
 21
3836.429437588357
 31
0.0
  0
LINE
  5
54E
330
2F
100
AcDbEntity
  8
A-DETL-GENF
100
AcDbLine
 10
-1572.411160775607
 20
3836.429437588361
 30
0.0
 11
-1568.157552468318
 21
3839.816327063775
 31
0.0
  0
LINE
  5
54F
330
2F
100
AcDbEntity
  8
A-DETL-GENF
100
AcDbLine
 10
-1568.157552468316
 20
3839.816327063776
 30
0.0
 11
-1564.043205330344
 21
3842.851154651047
 31
0.0
  0
LINE
  5
550
330
2F
100
AcDbEntity
  8
A-DETL-GENF
100
AcDbLine
 10
-1564.043205330345
 20
3842.851154651047
 30
0.0
 11
-1559.982105155792
 21
3845.591232756275
 31
0.0
  0
LINE
  5
551
330
2F
100
AcDbEntity
  8
A-DETL-GENF
100
AcDbLine
 10
-1559.982105155792
 20
3845.591232756275
 30
0.0
 11
-1555.88823773918
 21
3848.09387378577
 31
0.0
  0
LINE
  5
552
330
2F
100
AcDbEntity
  8
A-DETL-GENF
100
AcDbLine
 10
-1555.888237739175
 20
3848.093873785773
 30
0.0
 11
-1551.67558887516
 21
3850.416390145738
 31
0.0
  0
LINE
  5
553
330
2F
100
AcDbEntity
  8
A-DETL-GENF
100
AcDbLine
 10
-1551.675588875165
 20
3850.416390145735
 30
0.0
 11
-1547.262240266544
 21
3852.618823402389
 31
0.0
  0
LINE
  5
554
330
2F
100
AcDbEntity
  8
A-DETL-GENF
100
AcDbLine
 10
-1547.262240266547
 20
3852.618823402389
 30
0.0
 11
-1542.582657252065
 21
3854.7721317621
 31
0.0
  0
LINE
  5
555
330
2F
100
AcDbEntity
  8
A-DETL-GENF
100
AcDbLine
 10
-1542.582657252056
 20
3854.772131762103
 30
0.0
 11
-1537.575401078895
 21
3856.95000259114
 31
0.0
  0
LINE
  5
556
330
2F
100
AcDbEntity
  8
A-DETL-GENF
100
AcDbLine
 10
-1537.575401078903
 20
3856.950002591136
 30
0.0
 11
-1532.17903299398
 21
3859.22612325589
 31
0.0
  0
LINE
  5
557
330
2F
100
AcDbEntity
  8
A-DETL-GENF
100
AcDbLine
 10
-1532.179032994055
 20
3859.226123255858
 30
0.0
 11
-1526.33211424501
 21
3861.674181122518
 31
0.0
  0
LINE
  5
558
330
2F
100
AcDbEntity
  8
A-DETL-GENF
100
AcDbLine
 10
-1526.332114244894
 20
3861.674181122567
 30
0.0
 11
-1519.973206078734
 21
3864.367863557557
 31
0.0
  0
LINE
  5
559
330
2F
100
AcDbEntity
  8
A-DETL-GENF
100
AcDbLine
 10
-1519.973206078769
 20
3864.367863557543
 30
0.0
 11
-1513.040869742737
 21
3867.380857927223
 31
0.0
  0
LINE
  5
55A
330
2F
100
AcDbEntity
  8
A-DETL-GENF
100
AcDbLine
 10
-1513.040869742743
 20
3867.38085792722
 30
0.0
 11
-1505.473666484147
 21
3870.786851597874
 31
0.0
  0
LINE
  5
55B
330
2F
100
AcDbEntity
  8
A-DETL-GENF
100
AcDbLine
 10
-1505.473666484135
 20
3870.78685159788
 30
0.0
 11
-1497.210157549999
 21
3874.659531935782
 31
0.0
  0
LINE
  5
55C
330
2F
100
AcDbEntity
  8
A-DETL-GENF
100
AcDbLine
 10
-1497.210157550002
 20
3874.65953193578
 30
0.0
 11
-1488.188904187872
 21
3879.072586307361
 31
0.0
  0
LINE
  5
55D
330
2F
100
AcDbEntity
  8
A-DETL-GENF
100
AcDbLine
 10
-1488.188904187884
 20
3879.072586307355
 30
0.0
 11
-1478.388061500798
 21
3884.09356146564
 31
0.0
  0
LINE
  5
55E
330
2F
100
AcDbEntity
  8
A-DETL-GENF
100
AcDbLine
 10
-1478.388061500792
 20
3884.093561465643
 30
0.0
 11
-1467.944160016758
 21
3889.765441711264
 31
0.0
  0
LINE
  5
55F
330
2F
100
AcDbEntity
  8
A-DETL-GENF
100
AcDbLine
 10
-1467.944160016756
 20
3889.765441711264
 30
0.0
 11
-1457.033324119598
 21
3896.125070731494
 31
0.0
  0
LINE
  5
560
330
2F
100
AcDbEntity
  8
A-DETL-GENF
100
AcDbLine
 10
-1457.033324119594
 20
3896.125070731496
 30
0.0
 11
-1445.831678193026
 21
3903.20929221366
 31
0.0
  0
LINE
  5
561
330
2F
100
AcDbEntity
  8
A-DETL-GENF
100
AcDbLine
 10
-1445.831678193025
 20
3903.209292213661
 30
0.0
 11
-1434.515346621304
 21
3911.054949845094
 31
0.0
  0
LINE
  5
562
330
2F
100
AcDbEntity
  8
A-DETL-GENF
100
AcDbLine
 10
-1434.515346621303
 20
3911.054949845094
 30
0.0
 11
-1423.260453788004
 21
3919.69888731312
 31
0.0
  0
LINE
  5
563
330
2F
100
AcDbEntity
  8
A-DETL-GENF
100
AcDbLine
 10
-1423.260453788005
 20
3919.698887313119
 30
0.0
 11
-1412.243124077244
 21
3929.177948305143
 31
0.0
  0
LINE
  5
564
330
2F
100
AcDbEntity
  8
A-DETL-GENF
100
AcDbLine
 10
-1412.243124077244
 20
3929.177948305143
 30
0.0
 11
-1401.639481872872
 21
3939.528976508422
 31
0.0
  0
LINE
  5
565
330
2F
100
AcDbEntity
  8
A-DETL-GENF
100
AcDbLine
 10
-1401.639481872872
 20
3939.528976508422
 30
0.0
 11
-1391.625651558732
 21
3950.788815610323
 31
0.0
  0
LINE
  5
566
330
2F
100
AcDbEntity
  8
A-DETL-GENF
100
AcDbLine
 10
-1391.625651558734
 20
3950.788815610322
 30
0.0
 11
-1382.37775751881
 21
3962.994309298176
 31
0.0
  0
LINE
  5
567
330
2F
100
AcDbEntity
  8
A-DETL-GENF
100
AcDbLine
 10
-1382.37775751881
 20
3962.994309298176
 30
0.0
 11
-1374.020725185819
 21
3976.136587797344
 31
0.0
  0
LINE
  5
568
330
2F
100
AcDbEntity
  8
A-DETL-GENF
100
AcDbLine
 10
-1374.020725185819
 20
3976.136587797344
 30
0.0
 11
-1366.474684187812
 21
3990.023927485745
 31
0.0
  0
LINE
  5
569
330
2F
100
AcDbEntity
  8
A-DETL-GENF
100
AcDbLine
 10
-1366.474684187812
 20
3990.023927485745
 30
0.0
 11
-1359.608565201435
 21
4004.418891279221
 31
0.0
  0
LINE
  5
56A
330
2F
100
AcDbEntity
  8
A-DETL-GENF
100
AcDbLine
 10
-1359.608565201435
 20
4004.418891279221
 30
0.0
 11
-1353.291298903885
 21
4019.084042093656
 31
0.0
  0
LINE
  5
56B
330
2F
100
AcDbEntity
  8
A-DETL-GENF
100
AcDbLine
 10
-1353.291298903888
 20
4019.084042093648
 30
0.0
 11
-1347.391815971538
 21
4033.781942844978
 31
0.0
  0
LINE
  5
56C
330
2F
100
AcDbEntity
  8
A-DETL-GENF
100
AcDbLine
 10
-1347.391815971524
 20
4033.781942845013
 30
0.0
 11
-1341.779047081841
 21
4048.275156449103
 31
0.0
  0
LINE
  5
56D
330
2F
100
AcDbEntity
  8
A-DETL-GENF
100
AcDbLine
 10
-1341.779047081841
 20
4048.275156449103
 30
0.0
 11
-1336.321922911052
 21
4062.326245821912
 31
0.0
  0
LINE
  5
56E
330
2F
100
AcDbEntity
  8
A-DETL-GENF
100
AcDbLine
 10
-1336.321922911054
 20
4062.326245821909
 30
0.0
 11
-1330.889374136362
 21
4075.697773879267
 31
0.0
  0
LINE
  5
56F
330
2F
100
AcDbEntity
  8
A-DETL-GENF
100
AcDbLine
 10
-1330.889374136364
 20
4075.697773879263
 30
0.0
 11
-1325.350331434552
 21
4088.152303537158
 31
0.0
  0
LINE
  5
570
330
2F
100
AcDbEntity
  8
A-DETL-GENF
100
AcDbLine
 10
-1325.350331434552
 20
4088.152303537159
 30
0.0
 11
-1319.573725482404
 21
4099.452397711399
 31
0.0
  0
LINE
  5
571
330
2F
100
AcDbEntity
  8
A-DETL-GENF
100
AcDbLine
 10
-1319.573725482404
 20
4099.452397711399
 30
0.0
 11
-1313.453062459248
 21
4109.417249428243
 31
0.0
  0
LINE
  5
572
330
2F
100
AcDbEntity
  8
A-DETL-GENF
100
AcDbLine
 10
-1313.453062459249
 20
4109.417249428242
 30
0.0
 11
-1306.980150554744
 21
4118.092572155163
 31
0.0
  0
LINE
  5
573
330
2F
100
AcDbEntity
  8
A-DETL-GENF
100
AcDbLine
 10
-1306.980150554744
 20
4118.092572155163
 30
0.0
 11
-1300.171373460819
 21
4125.580709469908
 31
0.0
  0
LINE
  5
574
330
2F
100
AcDbEntity
  8
A-DETL-GENF
100
AcDbLine
 10
-1300.17137346082
 20
4125.580709469908
 30
0.0
 11
-1293.04311486954
 21
4131.984004950293
 31
0.0
  0
LINE
  5
575
330
2F
100
AcDbEntity
  8
A-DETL-GENF
100
AcDbLine
 10
-1293.04311486954
 20
4131.984004950293
 30
0.0
 11
-1285.611758472695
 21
4137.404802174098
 31
0.0
  0
LINE
  5
576
330
2F
100
AcDbEntity
  8
A-DETL-GENF
100
AcDbLine
 10
-1285.611758472694
 20
4137.4048021741
 30
0.0
 11
-1277.893687962769
 21
4141.945444719071
 31
0.0
  0
LINE
  5
577
330
2F
100
AcDbEntity
  8
A-DETL-GENF
100
AcDbLine
 10
-1277.893687962769
 20
4141.945444719071
 30
0.0
 11
-1269.905287031549
 21
4145.70827616299
 31
0.0
  0
LINE
  5
578
330
2F
100
AcDbEntity
  8
A-DETL-GENF
100
AcDbLine
 10
-1269.90528703155
 20
4145.70827616299
 30
0.0
 11
-1261.662939370964
 21
4148.795640083672
 31
0.0
  0
LINE
  5
579
330
2F
100
AcDbEntity
  8
A-DETL-GENF
100
AcDbLine
 10
-1261.662939370964
 20
4148.795640083672
 30
0.0
 11
-1253.183028673081
 21
4151.309880058862
 31
0.0
  0
LINE
  5
57A
330
2F
100
AcDbEntity
  8
A-DETL-GENF
100
AcDbLine
 10
-1253.183028673081
 20
4151.309880058862
 30
0.0
 11
-1244.481938629966
 21
4153.353339666376
 31
0.0
  0
LINE
  5
57B
330
2F
100
AcDbEntity
  8
A-DETL-GENF
100
AcDbLine
 10
-1244.481938629963
 20
4153.353339666377
 30
0.0
 11
-1235.585610063655
 21
4155.01062293067
 31
0.0
  0
LINE
  5
57C
330
2F
100
AcDbEntity
  8
A-DETL-GENF
100
AcDbLine
 10
-1235.585610063652
 20
4155.010622930671
 30
0.0
 11
-1226.55821231634
 21
4156.295375662894
 31
0.0
  0
LINE
  5
57D
330
2F
100
AcDbEntity
  8
A-DETL-GENF
100
AcDbLine
 10
-1226.558212316342
 20
4156.295375662894
 30
0.0
 11
-1217.473471859897
 21
4157.203504121013
 31
0.0
  0
LINE
  5
57E
330
2F
100
AcDbEntity
  8
A-DETL-GENF
100
AcDbLine
 10
-1217.473471859897
 20
4157.203504121013
 30
0.0
 11
-1208.40511516649
 21
4157.730914562886
 31
0.0
  0
LINE
  5
57F
330
2F
100
AcDbEntity
  8
A-DETL-GENF
100
AcDbLine
 10
-1208.40511516649
 20
4157.730914562886
 30
0.0
 11
-1199.426868708274
 21
4157.873513246376
 31
0.0
  0
LINE
  5
580
330
2F
100
AcDbEntity
  8
A-DETL-GENF
100
AcDbLine
 10
-1199.426868708273
 20
4157.873513246376
 30
0.0
 11
-1190.61245895713
 21
4157.627206429446
 31
0.0
  0
LINE
  5
581
330
2F
100
AcDbEntity
  8
A-DETL-GENF
100
AcDbLine
 10
-1190.61245895713
 20
4157.627206429446
 30
0.0
 11
-1182.035612385357
 21
4156.987900369887
 31
0.0
  0
LINE
  5
582
330
2F
100
AcDbEntity
  8
A-DETL-GENF
100
AcDbLine
 10
-1182.035612385357
 20
4156.987900369887
 30
0.0
 11
-1173.770055464974
 21
4155.951501325663
 31
0.0
  0
LINE
  5
583
330
2F
100
AcDbEntity
  8
A-DETL-GENF
100
AcDbLine
 10
-1173.770055464976
 20
4155.951501325663
 30
0.0
 11
-1165.889514668003
 21
4154.513915554636
 31
0.0
  0
LINE
  5
584
330
2F
100
AcDbEntity
  8
A-DETL-GENF
100
AcDbLine
 10
-1165.889514668001
 20
4154.513915554635
 30
0.0
 11
-1158.467716466738
 21
4152.671049314664
 31
0.0
  0
LINE
  5
585
330
2F
100
AcDbEntity
  8
A-DETL-GENF
100
AcDbLine
 10
-1158.467716466736
 20
4152.671049314663
 30
0.0
 11
-1151.570878153703
 21
4150.415397409193
 31
0.0
  0
LINE
  5
586
330
2F
100
AcDbEntity
  8
A-DETL-GENF
100
AcDbLine
 10
-1151.570878153703
 20
4150.415397409193
 30
0.0
 11
-1145.23518030551
 21
4147.725808823341
 31
0.0
  0
LINE
  5
587
330
2F
100
AcDbEntity
  8
A-DETL-GENF
100
AcDbLine
 10
-1145.23518030551
 20
4147.725808823341
 30
0.0
 11
-1139.489294318998
 21
4144.577721087777
 31
0.0
  0
LINE
  5
588
330
2F
100
AcDbEntity
  8
A-DETL-GENF
100
AcDbLine
 10
-1139.489294318998
 20
4144.577721087777
 30
0.0
 11
-1134.361891591834
 21
4140.946571733134
 31
0.0
  0
LINE
  5
589
330
2F
100
AcDbEntity
  8
A-DETL-GENF
100
AcDbLine
 10
-1134.361891591834
 20
4140.946571733134
 30
0.0
 11
-1129.88164352058
 21
4136.80779829015
 31
0.0
  0
LINE
  5
58A
330
2F
100
AcDbEntity
  8
A-DETL-GENF
100
AcDbLine
 10
-1129.88164352058
 20
4136.80779829015
 30
0.0
 11
-1126.077221502628
 21
4132.136838289355
 31
0.0
  0
LINE
  5
58B
330
2F
100
AcDbEntity
  8
A-DETL-GENF
100
AcDbLine
 10
-1126.077221502628
 20
4132.136838289355
 30
0.0
 11
-1122.977296935092
 21
4126.90912926152
 31
0.0
  0
LINE
  5
58C
330
2F
100
AcDbEntity
  8
A-DETL-GENF
100
AcDbLine
 10
-1122.977296935092
 20
4126.90912926152
 30
0.0
 11
-1120.610541215226
 21
4121.100108737279
 31
0.0
  0
LINE
  5
58D
330
2F
100
AcDbEntity
  8
A-DETL-GENF
100
AcDbLine
 10
-1120.610541215226
 20
4121.100108737279
 30
0.0
 11
-1119.00562573973
 21
4114.685214247197
 31
0.0
  0
LINE
  5
58E
330
2F
100
AcDbEntity
  8
A-DETL-GENF
100
AcDbLine
 10
-1119.00562573973
 20
4114.685214247197
 30
0.0
 11
-1118.191221906133
 21
4107.639883322046
 31
0.0
  0
LINE
  5
58F
330
2F
100
AcDbEntity
  8
A-DETL-GENF
100
AcDbLine
 10
-1118.191221906133
 20
4107.639883322046
 30
0.0
 11
-1118.171425620785
 21
4099.955928467842
 31
0.0
  0
LINE
  5
590
330
2F
100
AcDbEntity
  8
A-DETL-GENF
100
AcDbLine
 10
-1118.171425620785
 20
4099.955928467842
 30
0.0
 11
-1118.852030827389
 21
4091.690662092111
 31
0.0
  0
LINE
  5
591
330
2F
100
AcDbEntity
  8
A-DETL-GENF
100
AcDbLine
 10
-1118.852030827389
 20
4091.690662092111
 30
0.0
 11
-1120.114255978603
 21
4082.917771578002
 31
0.0
  0
LINE
  5
592
330
2F
100
AcDbEntity
  8
A-DETL-GENF
100
AcDbLine
 10
-1120.114255978603
 20
4082.917771578002
 30
0.0
 11
-1121.839319527919
 21
4073.710944308388
 31
0.0
  0
LINE
  5
593
330
2F
100
AcDbEntity
  8
A-DETL-GENF
100
AcDbLine
 10
-1121.839319527919
 20
4073.710944308388
 30
0.0
 11
-1123.908439927856
 21
4064.143867666381
 31
0.0
  0
LINE
  5
594
330
2F
100
AcDbEntity
  8
A-DETL-GENF
100
AcDbLine
 10
-1123.908439927856
 20
4064.143867666383
 30
0.0
 11
-1126.202835631479
 21
4054.290229035015
 31
0.0
  0
LINE
  5
595
330
2F
100
AcDbEntity
  8
A-DETL-GENF
100
AcDbLine
 10
-1126.202835631523
 20
4054.290229034826
 30
0.0
 11
-1128.603725092038
 21
4044.223715797099
 31
0.0
  0
LINE
  5
596
330
2F
100
AcDbEntity
  8
A-DETL-GENF
100
AcDbLine
 10
-1128.603725092049
 20
4044.223715797055
 30
0.0
 11
-1130.992326762015
 21
4034.018015335849
 31
0.0
  0
LINE
  5
597
330
2F
100
AcDbEntity
  8
A-DETL-GENF
100
AcDbLine
 10
-1130.992326762013
 20
4034.018015335862
 30
0.0
 11
-1133.249859094772
 21
4023.746815034239
 31
0.0
  0
LINE
  5
598
330
2F
100
AcDbEntity
  8
A-DETL-GENF
100
AcDbLine
 10
-1133.249859094771
 20
4023.746815034246
 30
0.0
 11
-1135.257540543112
 21
4013.48380227522
 31
0.0
  0
LINE
  5
599
330
2F
100
AcDbEntity
  8
A-DETL-GENF
100
AcDbLine
 10
-1135.257540543113
 20
4013.483802275215
 30
0.0
 11
-1136.908877305493
 21
4003.308122760426
 31
0.0
  0
LINE
  5
59A
330
2F
100
AcDbEntity
  8
A-DETL-GENF
100
AcDbLine
 10
-1136.908877305493
 20
4003.308122760425
 30
0.0
 11
-1138.146526561209
 21
3993.320755466148
 31
0.0
  0
LINE
  5
59B
330
2F
100
AcDbEntity
  8
A-DETL-GENF
100
AcDbLine
 10
-1138.146526561209
 20
3993.320755466148
 30
0.0
 11
-1138.925433235771
 21
3983.628137687248
 31
0.0
  0
LINE
  5
59C
330
2F
100
AcDbEntity
  8
A-DETL-GENF
100
AcDbLine
 10
-1138.925433235771
 20
3983.628137687249
 30
0.0
 11
-1139.200542254136
 21
3974.336706718488
 31
0.0
  0
LINE
  5
59D
330
2F
100
AcDbEntity
  8
A-DETL-GENF
100
AcDbLine
 10
-1139.200542254136
 20
3974.336706718487
 30
0.0
 11
-1138.926798541121
 21
3965.552899854876
 31
0.0
  0
LINE
  5
59E
330
2F
100
AcDbEntity
  8
A-DETL-GENF
100
AcDbLine
 10
-1138.926798541121
 20
3965.552899854876
 30
0.0
 11
-1138.059147021961
 21
3957.383154391175
 31
0.0
  0
LINE
  5
59F
330
2F
100
AcDbEntity
  8
A-DETL-GENF
100
AcDbLine
 10
-1138.059147021961
 20
3957.383154391175
 30
0.0
 11
-1136.552532621611
 21
3949.93390762232
 31
0.0
  0
LINE
  5
5A0
330
2F
100
AcDbEntity
  8
A-DETL-GENF
100
AcDbLine
 10
-1136.552532621611
 20
3949.93390762232
 30
0.0
 11
-1134.361900265305
 21
3943.311596843109
 31
0.0
  0
LINE
  5
5A1
330
2F
100
AcDbEntity
  8
A-DETL-GENF
100
AcDbLine
 10
-1134.361900265305
 20
3943.311596843109
 30
0.0
 11
-1131.442194877861
 21
3937.622659348412
 31
0.0
  0
LINE
  5
5A2
330
2F
100
AcDbEntity
  8
A-DETL-GENF
100
AcDbLine
 10
-1131.442194877861
 20
3937.622659348412
 30
0.0
 11
-1127.748361384512
 21
3932.973532433162
 31
0.0
  0
LINE
  5
5A3
330
2F
100
AcDbEntity
  8
A-DETL-GENF
100
AcDbLine
 10
-1127.748361384512
 20
3932.973532433162
 30
0.0
 11
-1123.266746734386
 21
3929.44677322985
 31
0.0
  0
LINE
  5
5A4
330
2F
100
AcDbEntity
  8
A-DETL-GENF
100
AcDbLine
 10
-1123.266746734386
 20
3929.44677322985
 30
0.0
 11
-1118.109305974269
 21
3927.029418221838
 31
0.0
  0
LINE
  5
5A5
330
2F
100
AcDbEntity
  8
A-DETL-GENF
100
AcDbLine
 10
-1118.109305974269
 20
3927.029418221838
 30
0.0
 11
-1112.419396174838
 21
3925.684623730081
 31
0.0
  0
LINE
  5
5A6
330
2F
100
AcDbEntity
  8
A-DETL-GENF
100
AcDbLine
 10
-1112.419396174838
 20
3925.684623730081
 30
0.0
 11
-1106.34037440719
 21
3925.375546075633
 31
0.0
  0
LINE
  5
5A7
330
2F
100
AcDbEntity
  8
A-DETL-GENF
100
AcDbLine
 10
-1106.34037440719
 20
3925.375546075633
 30
0.0
 11
-1100.015597742003
 21
3926.065341579512
 31
0.0
  0
LINE
  5
5A8
330
2F
100
AcDbEntity
  8
A-DETL-GENF
100
AcDbLine
 10
-1100.015597742003
 20
3926.065341579512
 30
0.0
 11
-1093.588423250233
 21
3927.717166562673
 31
0.0
  0
LINE
  5
5A9
330
2F
100
AcDbEntity
  8
A-DETL-GENF
100
AcDbLine
 10
-1093.588423250233
 20
3927.717166562673
 30
0.0
 11
-1087.202208002699
 21
3930.294177346137
 31
0.0
  0
LINE
  5
5AA
330
2F
100
AcDbEntity
  8
A-DETL-GENF
100
AcDbLine
 10
-1087.202208002699
 20
3930.294177346137
 30
0.0
 11
-1081.000309070356
 21
3933.759530250957
 31
0.0
  0
LINE
  5
5AB
330
2F
100
AcDbEntity
  8
A-DETL-GENF
100
AcDbLine
 10
-1081.000309070356
 20
3933.759530250957
 30
0.0
 11
-1075.126083524023
 21
3938.076381598121
 31
0.0
  0
LINE
  5
5AC
330
2F
100
AcDbEntity
  8
A-DETL-GENF
100
AcDbLine
 10
-1075.126083524023
 20
3938.076381598121
 30
0.0
 11
-1069.722888434516
 21
3943.207887708649
 31
0.0
  0
LINE
  5
5AD
330
2F
100
AcDbEntity
  8
A-DETL-GENF
100
AcDbLine
 10
-1069.722888434516
 20
3943.207887708651
 30
0.0
 11
-1064.903361496515
 21
3949.110381999963
 31
0.0
  0
LINE
  5
5AE
330
2F
100
AcDbEntity
  8
A-DETL-GENF
100
AcDbLine
 10
-1064.903361496515
 20
3949.110381999963
 30
0.0
 11
-1060.657262898614
 21
3955.712906275563
 31
0.0
  0
LINE
  5
5AF
330
2F
100
AcDbEntity
  8
A-DETL-GENF
100
AcDbLine
 10
-1060.657262898614
 20
3955.712906275563
 30
0.0
 11
-1056.943633453544
 21
3962.937679435319
 31
0.0
  0
LINE
  5
5B0
330
2F
100
AcDbEntity
  8
A-DETL-GENF
100
AcDbLine
 10
-1056.943633453544
 20
3962.937679435319
 30
0.0
 11
-1053.721513974039
 21
3970.706920379166
 31
0.0
  0
LINE
  5
5B1
330
2F
100
AcDbEntity
  8
A-DETL-GENF
100
AcDbLine
 10
-1053.721513974039
 20
3970.706920379166
 30
0.0
 11
-1050.949945272276
 21
3978.942848006937
 31
0.0
  0
LINE
  5
5B2
330
2F
100
AcDbEntity
  8
A-DETL-GENF
100
AcDbLine
 10
-1050.949945272276
 20
3978.942848006937
 30
0.0
 11
-1048.587968161125
 21
3987.567681218641
 31
0.0
  0
LINE
  5
5B3
330
2F
100
AcDbEntity
  8
A-DETL-GENF
100
AcDbLine
 10
-1048.587968161125
 20
3987.567681218639
 30
0.0
 11
-1046.594623452904
 21
3996.50363891414
 31
0.0
  0
LINE
  5
5B4
330
2F
100
AcDbEntity
  8
A-DETL-GENF
100
AcDbLine
 10
-1046.594623452904
 20
3996.50363891414
 30
0.0
 11
-1044.928951960343
 21
4005.672939993309
 31
0.0
  0
LINE
  5
5B5
330
2F
100
AcDbEntity
  8
A-DETL-GENF
100
AcDbLine
 10
-1044.928951960343
 20
4005.672939993309
 30
0.0
 11
-1043.549994495761
 21
4014.997803356076
 31
0.0
  0
LINE
  5
5B6
330
2F
100
AcDbEntity
  8
A-DETL-GENF
100
AcDbLine
 10
-1043.549994495761
 20
4014.997803356075
 30
0.0
 11
-1042.416791871889
 21
4024.400447902383
 31
0.0
  0
LINE
  5
5B7
330
2F
100
AcDbEntity
  8
A-DETL-GENF
100
AcDbLine
 10
-1042.416791871889
 20
4024.40044790238
 30
0.0
 11
-1041.493163476908
 21
4033.81469146528
 31
0.0
  0
LINE
  5
5B8
330
2F
100
AcDbEntity
  8
A-DETL-GENF
100
AcDbLine
 10
-1041.493163476908
 20
4033.814691465284
 30
0.0
 11
-1040.762043001629
 21
4043.22074761068
 31
0.0
  0
LINE
  5
5B9
330
2F
100
AcDbEntity
  8
A-DETL-GENF
100
AcDbLine
 10
-1040.762043001629
 20
4043.220747610677
 30
0.0
 11
-1040.211142712452
 21
4052.610428837725
 31
0.0
  0
LINE
  5
5BA
330
2F
100
AcDbEntity
  8
A-DETL-GENF
100
AcDbLine
 10
-1040.211142712452
 20
4052.610428837721
 30
0.0
 11
-1039.828174876051
 21
4061.975547645479
 31
0.0
  0
LINE
  5
5BB
330
2F
100
AcDbEntity
  8
A-DETL-GENF
100
AcDbLine
 10
-1039.828174876051
 20
4061.97554764548
 30
0.0
 11
-1039.600851758687
 21
4071.307916533025
 31
0.0
  0
LINE
  5
5BC
330
2F
100
AcDbEntity
  8
A-DETL-GENF
100
AcDbLine
 10
-1039.600851758687
 20
4071.307916533025
 30
0.0
 11
-1039.516885627036
 21
4080.599347999467
 31
0.0
  0
LINE
  5
5BD
330
2F
100
AcDbEntity
  8
A-DETL-GENF
100
AcDbLine
 10
-1039.516885627037
 20
4080.599347999453
 30
0.0
 11
-1039.563988747498
 21
4089.841654543848
 31
0.0
  0
LINE
  5
5BE
330
2F
100
AcDbEntity
  8
A-DETL-GENF
100
AcDbLine
 10
-1039.563988747498
 20
4089.84165454385
 30
0.0
 11
-1039.729873386747
 21
4099.026648665414
 31
0.0
  0
LINE
  5
5BF
330
2F
100
AcDbEntity
  8
A-DETL-GENF
100
AcDbLine
 10
-1039.729873386747
 20
4099.026648665414
 30
0.0
 11
-1040.002251810905
 21
4108.14614286312
 31
0.0
  0
LINE
  5
5C0
330
2F
100
AcDbEntity
  8
A-DETL-GENF
100
AcDbLine
 10
-1040.002251810905
 20
4108.146142863112
 30
0.0
 11
-1040.368836286648
 21
4117.191949636086
 31
0.0
  0
LINE
  5
5C1
330
2F
100
AcDbEntity
  8
A-DETL-GENF
100
AcDbLine
 10
-1040.36883628665
 20
4117.191949636128
 30
0.0
 11
-1040.804368677951
 21
4126.15519919728
 31
0.0
  0
LINE
  5
5C2
330
2F
100
AcDbEntity
  8
A-DETL-GENF
100
AcDbLine
 10
-1040.804368677951
 20
4126.15519919728
 30
0.0
 11
-1041.231709237429
 21
4135.02429261488
 31
0.0
  0
LINE
  5
5C3
330
2F
100
AcDbEntity
  8
A-DETL-GENF
100
AcDbLine
 10
-1041.231709237429
 20
4135.024292614885
 30
0.0
 11
-1041.560747814992
 21
4143.786948670858
 31
0.0
  0
LINE
  5
5C4
330
2F
100
AcDbEntity
  8
A-DETL-GENF
100
AcDbLine
 10
-1041.560747814992
 20
4143.786948670855
 30
0.0
 11
-1041.701374261109
 21
4152.430886147235
 31
0.0
  0
LINE
  5
5C5
330
2F
100
AcDbEntity
  8
A-DETL-GENF
100
AcDbLine
 10
-1041.701374261109
 20
4152.430886147235
 30
0.0
 11
-1041.563478425693
 21
4160.943823826044
 31
0.0
  0
LINE
  5
5C6
330
2F
100
AcDbEntity
  8
A-DETL-GENF
100
AcDbLine
 10
-1041.563478425693
 20
4160.943823826044
 30
0.0
 11
-1041.056950158794
 21
4169.313480489355
 31
0.0
  0
LINE
  5
5C7
330
2F
100
AcDbEntity
  8
A-DETL-GENF
100
AcDbLine
 10
-1041.056950158794
 20
4169.313480489357
 30
0.0
 11
-1040.091679310604
 21
4177.527574919033
 31
0.0
  0
LINE
  5
5C8
330
2F
100
AcDbEntity
  8
A-DETL-GENF
100
AcDbLine
 10
-1040.091679310604
 20
4177.527574919033
 30
0.0
 11
-1038.577555731172
 21
4185.573825897182
 31
0.0
  0
LINE
  5
5C9
330
2F
100
AcDbEntity
  8
A-DETL-GENF
100
AcDbLine
 10
-1038.577555731172
 20
4185.573825897182
 30
0.0
 11
-1036.424469270551
 21
4193.439952205802
 31
0.0
  0
LINE
  5
5CA
330
2F
100
AcDbEntity
  8
A-DETL-GENF
100
AcDbLine
 10
-1036.424469270551
 20
4193.439952205802
 30
0.0
 11
-1033.542309778792
 21
4201.113672626898
 31
0.0
  0
LINE
  5
5CB
330
2F
100
AcDbEntity
  8
A-DETL-GENF
100
AcDbLine
 10
-1033.542309778792
 20
4201.113672626898
 30
0.0
 11
-1029.869638519971
 21
4208.588164263936
 31
0.0
  0
LINE
  5
5CC
330
2F
100
AcDbEntity
  8
A-DETL-GENF
100
AcDbLine
 10
-1029.869638519971
 20
4208.588164263936
 30
0.0
 11
-1025.459702412323
 21
4215.878437506009
 31
0.0
  0
LINE
  5
5CD
330
2F
100
AcDbEntity
  8
A-DETL-GENF
100
AcDbLine
 10
-1025.459702412322
 20
4215.878437506009
 30
0.0
 11
-1020.394419788525
 21
4223.00496106364
 31
0.0
  0
LINE
  5
5CE
330
2F
100
AcDbEntity
  8
A-DETL-GENF
100
AcDbLine
 10
-1020.394419788525
 20
4223.00496106364
 30
0.0
 11
-1014.755708980559
 21
4229.988203647462
 31
0.0
  0
LINE
  5
5CF
330
2F
100
AcDbEntity
  8
A-DETL-GENF
100
AcDbLine
 10
-1014.75570898056
 20
4229.988203647462
 30
0.0
 11
-1008.625488320827
 21
4236.848633967926
 31
0.0
  0
LINE
  5
5D0
330
2F
100
AcDbEntity
  8
A-DETL-GENF
100
AcDbLine
 10
-1008.625488320827
 20
4236.848633967928
 30
0.0
 11
-1002.085676141727
 21
4243.606720735662
 31
0.0
  0
LINE
  5
5D1
330
2F
100
AcDbEntity
  8
A-DETL-GENF
100
AcDbLine
 10
-1002.085676141725
 20
4243.606720735664
 30
0.0
 11
-995.2181907753779
 21
4250.282932661198
 31
0.0
  0
LINE
  5
5D2
330
2F
100
AcDbEntity
  8
A-DETL-GENF
100
AcDbLine
 10
-995.2181907753733
 20
4250.282932661202
 30
0.0
 11
-988.1049505543291
 21
4256.89773845508
 31
0.0
  0
LINE
  5
5D3
330
2F
100
AcDbEntity
  8
A-DETL-GENF
100
AcDbLine
 10
-988.104950554325
 20
4256.897738455085
 30
0.0
 11
-980.8278738105055
 21
4263.47160682789
 31
0.0
  0
LINE
  5
5D4
330
2F
100
AcDbEntity
  8
A-DETL-GENF
100
AcDbLine
 10
-980.8278738105364
 20
4263.471606827861
 30
0.0
 11
-973.4688788764835
 21
4270.025006490181
 31
0.0
  0
LINE
  5
5D5
330
2F
100
AcDbEntity
  8
A-DETL-GENF
100
AcDbLine
 10
-973.4688788767374
 20
4270.025006489956
 30
0.0
 11
-966.0730208390951
 21
4276.563395763192
 31
0.0
  0
LINE
  5
5D6
330
2F
100
AcDbEntity
  8
A-DETL-GENF
100
AcDbLine
 10
-966.0730208390964
 20
4276.563395763189
 30
0.0
 11
-958.5379018027833
 21
4283.032191412076
 31
0.0
  0
LINE
  5
5D7
330
2F
100
AcDbEntity
  8
A-DETL-GENF
100
AcDbLine
 10
-958.5379018027847
 20
4283.032191412075
 30
0.0
 11
-950.7242606272933
 21
4289.361799812549
 31
0.0
  0
LINE
  5
5D8
330
2F
100
AcDbEntity
  8
A-DETL-GENF
100
AcDbLine
 10
-950.7242606272916
 20
4289.361799812549
 30
0.0
 11
-942.4928361712971
 21
4295.482627340373
 31
0.0
  0
LINE
  5
5D9
330
2F
100
AcDbEntity
  8
A-DETL-GENF
100
AcDbLine
 10
-942.4928361712941
 20
4295.482627340375
 30
0.0
 11
-933.7043672943059
 21
4301.325080371277
 31
0.0
  0
LINE
  5
5DA
330
2F
100
AcDbEntity
  8
A-DETL-GENF
100
AcDbLine
 10
-933.704367294308
 20
4301.325080371274
 30
0.0
 11
-924.219592855553
 21
4306.819565281192
 31
0.0
  0
LINE
  5
5DB
330
2F
100
AcDbEntity
  8
A-DETL-GENF
100
AcDbLine
 10
-924.2195928555542
 20
4306.819565281192
 30
0.0
 11
-913.8992517144101
 21
4311.896488445777
 31
0.0
  0
LINE
  5
5DC
330
2F
100
AcDbEntity
  8
A-DETL-GENF
100
AcDbLine
 10
-913.8992517144085
 20
4311.896488445777
 30
0.0
 11
-902.6040827298337
 21
4316.486256240863
 31
0.0
  0
LINE
  5
5DD
330
2F
100
AcDbEntity
  8
A-DETL-GENF
100
AcDbLine
 10
-902.6040827298325
 20
4316.486256240863
 30
0.0
 11
-890.194824761196
 21
4320.519275042209
 31
0.0
  0
LINE
  5
5DE
330
2F
100
AcDbEntity
  8
A-DETL-GENF
100
AcDbLine
 10
-890.194824761196
 20
4320.519275042209
 30
0.0
 11
-876.5322166678671
 21
4323.925951225647
 31
0.0
  0
LINE
  5
5DF
330
2F
100
AcDbEntity
  8
A-DETL-GENF
100
AcDbLine
 10
-876.5322166678654
 20
4323.925951225647
 30
0.0
 11
-861.5438972639148
 21
4326.652383846421
 31
0.0
  0
LINE
  5
5E0
330
2F
100
AcDbEntity
  8
A-DETL-GENF
100
AcDbLine
 10
-861.5438972639179
 20
4326.65238384642
 30
0.0
 11
-845.4251051838303
 21
4328.707442677676
 31
0.0
  0
LINE
  5
5E1
330
2F
100
AcDbEntity
  8
A-DETL-GENF
100
AcDbLine
 10
-845.4251051838294
 20
4328.707442677676
 30
0.0
 11
-828.4379790172273
 21
4330.115690172112
 31
0.0
  0
LINE
  5
5E2
330
2F
100
AcDbEntity
  8
A-DETL-GENF
100
AcDbLine
 10
-828.4379790172312
 20
4330.115690172112
 30
0.0
 11
-810.8446573535649
 21
4330.901688782393
 31
0.0
  0
LINE
  5
5E3
330
2F
100
AcDbEntity
  8
A-DETL-GENF
100
AcDbLine
 10
-810.8446573535641
 20
4330.901688782393
 30
0.0
 11
-792.907278782175
 21
4331.090000961184
 31
0.0
  0
LINE
  5
5E4
330
2F
100
AcDbEntity
  8
A-DETL-GENF
100
AcDbLine
 10
-792.9072787821752
 20
4331.090000961184
 30
0.0
 11
-774.8879818929412
 21
4330.705189161114
 31
0.0
  0
LINE
  5
5E5
330
2F
100
AcDbEntity
  8
A-DETL-GENF
100
AcDbLine
 10
-774.8879818929389
 20
4330.705189161114
 30
0.0
 11
-757.0489052747745
 21
4329.771815834881
 31
0.0
  0
LINE
  5
5E6
330
2F
100
AcDbEntity
  8
A-DETL-GENF
100
AcDbLine
 10
-757.0489052747683
 20
4329.771815834881
 30
0.0
 11
-739.6521875178303
 21
4328.314443435082
 31
0.0
  0
LINE
  5
5E7
330
2F
100
AcDbEntity
  8
A-DETL-GENF
100
AcDbLine
 10
-739.6521875178306
 20
4328.314443435082
 30
0.0
 11
-722.9599672110274
 21
4326.357634414484
 31
0.0
  0
LINE
  5
5E8
330
2F
100
AcDbEntity
  8
A-DETL-GENF
100
AcDbLine
 10
-722.9599672110274
 20
4326.357634414484
 30
0.0
 11
-707.2343829443861
 21
4323.925951225647
 31
0.0
  0
LINE
  5
5E9
330
2F
100
AcDbEntity
  8
A-DETL-GENF
100
AcDbLine
 10
-707.2343829443881
 20
4323.925951225647
 30
0.0
 11
-692.6727213121605
 21
4321.046685484083
 31
0.0
  0
LINE
  5
5EA
330
2F
100
AcDbEntity
  8
A-DETL-GENF
100
AcDbLine
 10
-692.6727213121578
 20
4321.046685484082
 30
0.0
 11
-679.2128609305361
 21
4317.758045456415
 31
0.0
  0
LINE
  5
5EB
330
2F
100
AcDbEntity
  8
A-DETL-GENF
100
AcDbLine
 10
-679.2128609305383
 20
4317.758045456415
 30
0.0
 11
-666.7278284207601
 21
4314.100968572113
 31
0.0
  0
LINE
  5
5EC
330
2F
100
AcDbEntity
  8
A-DETL-GENF
100
AcDbLine
 10
-666.7278284207632
 20
4314.100968572114
 30
0.0
 11
-655.0906504035241
 21
4310.116392260576
 31
0.0
  0
LINE
  5
5ED
330
2F
100
AcDbEntity
  8
A-DETL-GENF
100
AcDbLine
 10
-655.0906504035272
 20
4310.116392260577
 30
0.0
 11
-644.1743535006361
 21
4305.845253951311
 31
0.0
  0
LINE
  5
5EE
330
2F
100
AcDbEntity
  8
A-DETL-GENF
100
AcDbLine
 10
-644.1743535006311
 20
4305.845253951308
 30
0.0
 11
-633.8519643327879
 21
4301.328491073715
 31
0.0
  0
LINE
  5
5EF
330
2F
100
AcDbEntity
  8
A-DETL-GENF
100
AcDbLine
 10
-633.8519643327837
 20
4301.328491073713
 30
0.0
 11
-623.9965095212312
 21
4296.607041057227
 31
0.0
  0
LINE
  5
5F0
330
2F
100
AcDbEntity
  8
A-DETL-GENF
100
AcDbLine
 10
-623.9965095212287
 20
4296.607041057226
 30
0.0
 11
-614.4810156872077
 21
4291.721841331312
 31
0.0
  0
LINE
  5
5F1
330
2F
100
AcDbEntity
  8
A-DETL-GENF
100
AcDbLine
 10
-614.4810156872051
 20
4291.721841331312
 30
0.0
 11
-605.1785094518314
 21
4286.713829325407
 31
0.0
  0
LINE
  5
5F2
330
2F
100
AcDbEntity
  8
A-DETL-GENF
100
AcDbLine
 10
-605.1785094518403
 20
4286.713829325412
 30
0.0
 11
-595.9620174362251
 21
4281.623942468989
 31
0.0
  0
LINE
  5
5F3
330
2F
100
AcDbEntity
  8
A-DETL-GENF
100
AcDbLine
 10
-595.9620174362251
 20
4281.623942468989
 30
0.0
 11
-586.7291417545842
 21
4276.513586904735
 31
0.0
  0
LINE
  5
5F4
330
2F
100
AcDbEntity
  8
A-DETL-GENF
100
AcDbLine
 10
-586.729141754619
 20
4276.513586904753
 30
0.0
 11
-577.4757864934189
 21
4271.526043628877
 31
0.0
  0
LINE
  5
5F5
330
2F
100
AcDbEntity
  8
A-DETL-GENF
100
AcDbLine
 10
-577.4757864934116
 20
4271.526043628873
 30
0.0
 11
-568.2224312323694
 21
4266.825062350737
 31
0.0
  0
LINE
  5
5F6
330
2F
100
AcDbEntity
  8
A-DETL-GENF
100
AcDbLine
 10
-568.2224312323712
 20
4266.825062350738
 30
0.0
 11
-558.9895555507497
 21
4262.574392779821
 31
0.0
  0
LINE
  5
5F7
330
2F
100
AcDbEntity
  8
A-DETL-GENF
100
AcDbLine
 10
-558.9895555507499
 20
4262.574392779821
 30
0.0
 11
-549.7976390282593
 21
4258.937784625518
 31
0.0
  0
LINE
  5
5F8
330
2F
100
AcDbEntity
  8
A-DETL-GENF
100
AcDbLine
 10
-549.797639028258
 20
4258.937784625518
 30
0.0
 11
-540.6671612441879
 21
4256.078987597286
 31
0.0
  0
LINE
  5
5F9
330
2F
100
AcDbEntity
  8
A-DETL-GENF
100
AcDbLine
 10
-540.667161244188
 20
4256.078987597286
 30
0.0
 11
-531.6186017783772
 21
4254.16175140455
 31
0.0
  0
LINE
  5
5FA
330
2F
100
AcDbEntity
  8
A-DETL-GENF
100
AcDbLine
 10
-531.6186017783771
 20
4254.16175140455
 30
0.0
 11
-522.6724402101161
 21
4253.349825756767
 31
0.0
  0
LINE
  5
5FB
330
2F
100
AcDbEntity
  8
A-DETL-GENF
100
AcDbLine
 10
-522.6724402101161
 20
4253.349825756767
 30
0.0
 11
-513.8491561189693
 21
4253.806960363259
 31
0.0
  0
LINE
  5
5FC
330
2F
100
AcDbEntity
  8
A-DETL-GENF
100
AcDbLine
 10
-513.8491561189693
 20
4253.806960363259
 30
0.0
 11
-505.1692290845026
 21
4255.696904933624
 31
0.0
  0
LINE
  5
5FD
330
2F
100
AcDbEntity
  8
A-DETL-GENF
100
AcDbLine
 10
-505.1692290845023
 20
4255.696904933624
 30
0.0
 11
-496.6483601177617
 21
4259.135648844213
 31
0.0
  0
LINE
  5
5FE
330
2F
100
AcDbEntity
  8
A-DETL-GENF
100
AcDbLine
 10
-496.6483601177617
 20
4259.135648844213
 30
0.0
 11
-488.2831359551628
 21
4264.048140139724
 31
0.0
  0
LINE
  5
5FF
330
2F
100
AcDbEntity
  8
A-DETL-GENF
100
AcDbLine
 10
-488.2831359551621
 20
4264.048140139726
 30
0.0
 11
-480.0653647654337
 21
4270.311566531748
 31
0.0
  0
LINE
  5
600
330
2F
100
AcDbEntity
  8
A-DETL-GENF
100
AcDbLine
 10
-480.0653647654337
 20
4270.311566531748
 30
0.0
 11
-471.9868547161947
 21
4277.803115732046
 31
0.0
  0
LINE
  5
601
330
2F
100
AcDbEntity
  8
A-DETL-GENF
100
AcDbLine
 10
-471.9868547161952
 20
4277.803115732045
 30
0.0
 11
-464.0394139761731
 21
4286.399975452211
 31
0.0
  0
LINE
  5
602
330
2F
100
AcDbEntity
  8
A-DETL-GENF
100
AcDbLine
 10
-464.0394139761736
 20
4286.399975452211
 30
0.0
 11
-456.2148507131267
 21
4295.979333403974
 31
0.0
  0
LINE
  5
603
330
2F
100
AcDbEntity
  8
A-DETL-GENF
100
AcDbLine
 10
-456.2148507131275
 20
4295.979333403972
 30
0.0
 11
-448.5049730955084
 21
4306.418377298956
 31
0.0
  0
LINE
  5
604
330
2F
100
AcDbEntity
  8
A-DETL-GENF
100
AcDbLine
 10
-448.5049730955089
 20
4306.418377298954
 30
0.0
 11
-440.9015892913517
 21
4317.594294848854
 31
0.0
  0
LINE
  5
605
330
2F
100
AcDbEntity
  8
A-DETL-GENF
100
AcDbLine
 10
-440.9015892913507
 20
4317.594294848855
 30
0.0
 11
-433.396507468834
 21
4329.384273765323
 31
0.0
  0
LINE
  5
606
330
2F
100
AcDbEntity
  8
A-DETL-GENF
100
AcDbLine
 10
-433.3965074688316
 20
4329.384273765326
 30
0.0
 11
-425.9815357962573
 21
4341.665501760075
 31
0.0
  0
LINE
  5
607
330
2F
100
AcDbEntity
  8
A-DETL-GENF
100
AcDbLine
 10
-425.981535796255
 20
4341.665501760078
 30
0.0
 11
-418.630050822726
 21
4354.311755094296
 31
0.0
  0
LINE
  5
608
330
2F
100
AcDbEntity
  8
A-DETL-GENF
100
AcDbLine
 10
-418.6300508226682
 20
4354.311755094395
 30
0.0
 11
-411.2417026200354
 21
4367.183164228071
 31
0.0
  0
LINE
  5
609
330
2F
100
AcDbEntity
  8
A-DETL-GENF
100
AcDbLine
 10
-411.2417026200215
 20
4367.183164228094
 30
0.0
 11
-403.6977096415435
 21
4380.136448170533
 31
0.0
  0
LINE
  5
60A
330
2F
100
AcDbEntity
  8
A-DETL-GENF
100
AcDbLine
 10
-403.697709641547
 20
4380.136448170527
 30
0.0
 11
-395.8792903399723
 21
4393.028325931299
 31
0.0
  0
LINE
  5
60B
330
2F
100
AcDbEntity
  8
A-DETL-GENF
100
AcDbLine
 10
-395.8792903399699
 20
4393.028325931303
 30
0.0
 11
-387.6676631682622
 21
4405.71551651985
 31
0.0
  0
LINE
  5
60C
330
2F
100
AcDbEntity
  8
A-DETL-GENF
100
AcDbLine
 10
-387.6676631682625
 20
4405.715516519849
 30
0.0
 11
-378.9440465796368
 21
4418.054738945618
 31
0.0
  0
LINE
  5
60D
330
2F
100
AcDbEntity
  8
A-DETL-GENF
100
AcDbLine
 10
-378.944046579636
 20
4418.054738945619
 30
0.0
 11
-369.5896590267516
 21
4429.902712218027
 31
0.0
  0
LINE
  5
60E
330
2F
100
AcDbEntity
  8
A-DETL-GENF
100
AcDbLine
 10
-369.5896590267511
 20
4429.902712218027
 30
0.0
 11
-359.4857189629602
 21
4441.116155346597
 31
0.0
  0
LINE
  5
60F
330
2F
100
AcDbEntity
  8
A-DETL-GENF
100
AcDbLine
 10
-359.4857189629601
 20
4441.116155346597
 30
0.0
 11
-348.5134448407829
 21
4451.551787340814
 31
0.0
  0
LINE
  5
610
330
2F
100
AcDbEntity
  8
A-DETL-GENF
100
AcDbLine
 10
-348.513444840783
 20
4451.551787340814
 30
0.0
 11
-336.5540551134329
 21
4461.066327210059
 31
0.0
  0
LINE
  5
611
330
2F
100
AcDbEntity
  8
A-DETL-GENF
100
AcDbLine
 10
-336.5540551134342
 20
4461.066327210057
 30
0.0
 11
-323.5304100383772
 21
4469.54583245449
 31
0.0
  0
LINE
  5
612
330
2F
100
AcDbEntity
  8
A-DETL-GENF
100
AcDbLine
 10
-323.5304100383779
 20
4469.54583245449
 30
0.0
 11
-309.53193709175
 21
4476.993714537012
 31
0.0
  0
LINE
  5
613
330
2F
100
AcDbEntity
  8
A-DETL-GENF
100
AcDbLine
 10
-309.53193709175
 20
4476.993714537012
 30
0.0
 11
-294.6897055539397
 21
4483.442723411169
 31
0.0
  0
LINE
  5
614
330
2F
100
AcDbEntity
  8
A-DETL-GENF
100
AcDbLine
 10
-294.6897055539423
 20
4483.442723411168
 30
0.0
 11
-279.1347847054712
 21
4488.925609030535
 31
0.0
  0
LINE
  5
615
330
2F
100
AcDbEntity
  8
A-DETL-GENF
100
AcDbLine
 10
-279.1347847054701
 20
4488.925609030536
 30
0.0
 11
-262.9982438270122
 21
4493.475121348688
 31
0.0
  0
LINE
  5
616
330
2F
100
AcDbEntity
  8
A-DETL-GENF
100
AcDbLine
 10
-262.9982438270151
 20
4493.475121348686
 30
0.0
 11
-246.4111521989474
 21
4497.124010319168
 31
0.0
  0
LINE
  5
617
330
2F
100
AcDbEntity
  8
A-DETL-GENF
100
AcDbLine
 10
-246.4111521989495
 20
4497.124010319168
 30
0.0
 11
-229.5045791020802
 21
4499.905025895587
 31
0.0
  0
LINE
  5
618
330
2F
100
AcDbEntity
  8
A-DETL-GENF
100
AcDbLine
 10
-229.504579102079
 20
4499.905025895587
 30
0.0
 11
-212.4095938165249
 21
4501.850918031452
 31
0.0
  0
LINE
  5
619
330
2F
100
AcDbEntity
  8
A-DETL-GENF
100
AcDbLine
 10
-212.4095938165287
 20
4501.850918031451
 30
0.0
 11
-195.2572656232155
 21
4502.994436680339
 31
0.0
  0
LINE
  5
61A
330
2F
100
AcDbEntity
  8
A-DETL-GENF
100
AcDbLine
 10
-195.2572656232149
 20
4502.994436680339
 30
0.0
 11
-178.1786638025502
 21
4503.36833179586
 31
0.0
  0
LINE
  5
61B
330
2F
100
AcDbEntity
  8
A-DETL-GENF
100
AcDbLine
 10
-178.1786638025484
 20
4503.36833179586
 30
0.0
 11
-161.3014460061945
 21
4503.013539906536
 31
0.0
  0
LINE
  5
61C
330
2F
100
AcDbEntity
  8
A-DETL-GENF
100
AcDbLine
 10
-161.3014460061967
 20
4503.013539906536
 30
0.0
 11
-144.7396233704112
 21
4502.003743840931
 31
0.0
  0
LINE
  5
61D
330
2F
100
AcDbEntity
  8
A-DETL-GENF
100
AcDbLine
 10
-144.7396233704039
 20
4502.003743840931
 30
0.0
 11
-128.6037954025999
 21
4500.420813002583
 31
0.0
  0
LINE
  5
61E
330
2F
100
AcDbEntity
  8
A-DETL-GENF
100
AcDbLine
 10
-128.6037954026016
 20
4500.420813002583
 30
0.0
 11
-113.0045616097556
 21
4498.346616795035
 31
0.0
  0
LINE
  5
61F
330
2F
100
AcDbEntity
  8
A-DETL-GENF
100
AcDbLine
 10
-113.0045616097647
 20
4498.346616795037
 30
0.0
 11
-98.05252149970096
 21
4495.863024621828
 31
0.0
  0
LINE
  5
620
330
2F
100
AcDbEntity
  8
A-DETL-GENF
100
AcDbLine
 10
-98.052521499707
 20
4495.863024621829
 30
0.0
 11
-83.85827457928531
 21
4493.051905886539
 31
0.0
  0
LINE
  5
621
330
2F
100
AcDbEntity
  8
A-DETL-GENF
100
AcDbLine
 10
-83.85827457928085
 20
4493.051905886538
 30
0.0
 11
-70.53242035618962
 21
4489.995129992709
 31
0.0
  0
LINE
  5
622
330
2F
100
AcDbEntity
  8
A-DETL-GENF
100
AcDbLine
 10
-70.53242035618874
 20
4489.995129992709
 30
0.0
 11
-58.18555833754787
 21
4486.774566343812
 31
0.0
  0
LINE
  5
623
330
2F
100
AcDbEntity
  8
A-DETL-GENF
100
AcDbLine
 10
-58.18555833754956
 20
4486.774566343813
 30
0.0
 11
-46.92828803075257
 21
4483.472084343488
 31
0.0
  0
LINE
  5
624
330
2F
100
AcDbEntity
  8
A-DETL-GENF
100
AcDbLine
 10
-46.92828803075842
 20
4483.472084343491
 30
0.0
 11
-36.87120894336436
 21
4480.169553395252
 31
0.0
  0
LINE
  5
625
330
2F
100
AcDbEntity
  8
A-DETL-GENF
100
AcDbLine
 10
-36.87120894336977
 20
4480.169553395255
 30
0.0
 11
-28.07644573017721
 21
4476.925648653702
 31
0.0
  0
LINE
  5
626
330
2F
100
AcDbEntity
  8
A-DETL-GENF
100
AcDbLine
 10
-28.07644573017476
 20
4476.925648653701
 30
0.0
 11
-20.4122236385006
 21
4473.706268277488
 31
0.0
  0
LINE
  5
627
330
2F
100
AcDbEntity
  8
A-DETL-GENF
100
AcDbLine
 10
-20.41222363850082
 20
4473.706268277488
 30
0.0
 11
-13.69829306317394
 21
4470.454116176454
 31
0.0
  0
LINE
  5
628
330
2F
100
AcDbEntity
  8
A-DETL-GENF
100
AcDbLine
 10
-13.6982930631747
 20
4470.454116176454
 30
0.0
 11
-7.754404398901818
 21
4467.11189626024
 31
0.0
  0
LINE
  5
629
330
2F
100
AcDbEntity
  8
A-DETL-GENF
100
AcDbLine
 10
-7.754404398902674
 20
4467.11189626024
 30
0.0
 11
-2.400308040803346
 21
4463.622312438657
 31
0.0
  0
LINE
  5
62A
330
2F
100
AcDbEntity
  8
A-DETL-GENF
100
AcDbLine
 10
-2.40030804080393
 20
4463.622312438657
 30
0.0
 11
2.544245616417804
 21
4459.928068621414
 31
0.0
  0
LINE
  5
62B
330
2F
100
AcDbEntity
  8
A-DETL-GENF
100
AcDbLine
 10
2.54424561641908
 20
4459.928068621413
 30
0.0
 11
7.259506177642959
 21
4455.971868718289
 31
0.0
  0
LINE
  5
62C
330
2F
100
AcDbEntity
  8
A-DETL-GENF
100
AcDbLine
 10
7.259506177641064
 20
4455.97186871829
 30
0.0
 11
11.92572324844672
 21
4451.696416638989
 31
0.0
  0
LINE
  5
62D
330
2F
100
AcDbEntity
  8
A-DETL-GENF
100
AcDbLine
 10
11.92572324844837
 20
4451.696416638987
 30
0.0
 11
16.72314643342988
 21
4447.044416293362
 31
0.0
  0
LINE
  5
62E
330
2F
100
AcDbEntity
  8
A-DETL-GENF
100
AcDbLine
 10
16.7231464334309
 20
4447.044416293361
 30
0.0
 11
21.83202533775038
 21
4441.958571591015
 31
0.0
  0
LINE
  5
62F
330
2F
100
AcDbEntity
  8
A-DETL-GENF
100
AcDbLine
 10
21.83202533775038
 20
4441.958571591015
 30
0.0
 11
27.41962939110522
 21
4436.412966367639
 31
0.0
  0
LINE
  5
630
330
2F
100
AcDbEntity
  8
A-DETL-GENF
100
AcDbLine
 10
27.41962939110475
 20
4436.412966367639
 30
0.0
 11
33.60130731869191
 21
4430.507204162238
 31
0.0
  0
LINE
  5
631
330
2F
100
AcDbEntity
  8
A-DETL-GENF
100
AcDbLine
 10
33.60130731869362
 20
4430.507204162235
 30
0.0
 11
40.4794276703871
 21
4424.372268439794
 31
0.0
  0
LINE
  5
632
330
2F
100
AcDbEntity
  8
A-DETL-GENF
100
AcDbLine
 10
40.47942767038943
 20
4424.372268439793
 30
0.0
 11
48.15635899578754
 21
4418.139142665228
 31
0.0
  0
LINE
  5
633
330
2F
100
AcDbEntity
  8
A-DETL-GENF
100
AcDbLine
 10
48.15635899578534
 20
4418.139142665229
 30
0.0
 11
56.7344698444924
 21
4411.938810303384
 31
0.0
  0
LINE
  5
634
330
2F
100
AcDbEntity
  8
A-DETL-GENF
100
AcDbLine
 10
56.73446984449082
 20
4411.938810303386
 30
0.0
 11
66.31612876637428
 21
4405.902254819289
 31
0.0
  0
LINE
  5
635
330
2F
100
AcDbEntity
  8
A-DETL-GENF
100
AcDbLine
 10
66.31612876637584
 20
4405.902254819287
 30
0.0
 11
77.00370431117057
 21
4400.160459677752
 31
0.0
  0
LINE
  5
636
330
2F
100
AcDbEntity
  8
A-DETL-GENF
100
AcDbLine
 10
77.00370431116914
 20
4400.160459677753
 30
0.0
 11
88.89956502834147
 21
4394.844408343796
 31
0.0
  0
LINE
  5
637
330
2F
100
AcDbEntity
  8
A-DETL-GENF
100
AcDbLine
 10
88.89956502834399
 20
4394.844408343796
 30
0.0
 11
102.1060794678982
 21
4390.085084282271
 31
0.0
  0
LINE
  5
638
330
2F
100
AcDbEntity
  8
A-DETL-GENF
100
AcDbLine
 10
102.1060794678977
 20
4390.085084282271
 30
0.0
 11
116.7256161793012
 21
4386.013470958125
 31
0.0
  0
LINE
  5
639
330
2F
100
AcDbEntity
  8
A-DETL-GENF
100
AcDbLine
 10
116.7256161793001
 20
4386.013470958127
 30
0.0
 11
132.7840931483907
 21
4382.712795127714
 31
0.0
  0
LINE
  5
63A
330
2F
100
AcDbEntity
  8
A-DETL-GENF
100
AcDbLine
 10
132.7840931483876
 20
4382.712795127714
 30
0.0
 11
150.0016261041795
 21
4380.075256713047
 31
0.0
  0
LINE
  5
63B
330
2F
100
AcDbEntity
  8
A-DETL-GENF
100
AcDbLine
 10
150.0016261041806
 20
4380.075256713047
 30
0.0
 11
168.0218802122056
 21
4377.945298927573
 31
0.0
  0
LINE
  5
63C
330
2F
100
AcDbEntity
  8
A-DETL-GENF
100
AcDbLine
 10
168.0218802121958
 20
4377.945298927573
 30
0.0
 11
186.4885206374453
 21
4376.167364984702
 31
0.0
  0
LINE
  5
63D
330
2F
100
AcDbEntity
  8
A-DETL-GENF
100
AcDbLine
 10
186.4885206374214
 20
4376.167364984705
 30
0.0
 11
205.0452125449632
 21
4374.585898097923
 31
0.0
  0
LINE
  5
63E
330
2F
100
AcDbEntity
  8
A-DETL-GENF
100
AcDbLine
 10
205.0452125449632
 20
4374.585898097923
 30
0.0
 11
223.3356211004875
 21
4373.045341480677
 31
0.0
  0
LINE
  5
63F
330
2F
100
AcDbEntity
  8
A-DETL-GENF
100
AcDbLine
 10
223.3356211004645
 20
4373.045341480678
 30
0.0
 11
241.0034114685905
 21
4371.390138346407
 31
0.0
  0
LINE
  5
640
330
2F
100
AcDbEntity
  8
A-DETL-GENF
100
AcDbLine
 10
241.0034114685875
 20
4371.390138346408
 30
0.0
 11
257.6922488150324
 21
4369.464731908532
 31
0.0
  0
LINE
  5
641
330
2F
100
AcDbEntity
  8
A-DETL-GENF
100
AcDbLine
 10
257.6922488150426
 20
4369.464731908531
 30
0.0
 11
273.0457983045439
 21
4367.113565380532
 31
0.0
  0
LINE
  5
642
330
2F
100
AcDbEntity
  8
A-DETL-GENF
100
AcDbLine
 10
273.0457983045426
 20
4367.113565380532
 30
0.0
 11
286.707725102783
 21
4364.181081975817
 31
0.0
  0
LINE
  5
643
330
2F
100
AcDbEntity
  8
A-DETL-GENF
100
AcDbLine
 10
286.7077251027815
 20
4364.181081975818
 30
0.0
 11
298.4165814446048
 21
4360.540380201764
 31
0.0
  0
LINE
  5
644
330
2F
100
AcDbEntity
  8
A-DETL-GENF
100
AcDbLine
 10
298.4165814446051
 20
4360.540380201764
 30
0.0
 11
308.2904678445066
 21
4356.179179741251
 31
0.0
  0
LINE
  5
645
330
2F
100
AcDbEntity
  8
A-DETL-GENF
100
AcDbLine
 10
308.2904678445065
 20
4356.179179741251
 30
0.0
 11
316.5423718869984
 21
4351.113855571011
 31
0.0
  0
LINE
  5
646
330
2F
100
AcDbEntity
  8
A-DETL-GENF
100
AcDbLine
 10
316.5423718869985
 20
4351.113855571011
 30
0.0
 11
323.38528115673
 21
4345.360782667887
 31
0.0
  0
LINE
  5
647
330
2F
100
AcDbEntity
  8
A-DETL-GENF
100
AcDbLine
 10
323.38528115673
 20
4345.360782667887
 30
0.0
 11
329.0321832376576
 21
4338.936336008649
 31
0.0
  0
LINE
  5
648
330
2F
100
AcDbEntity
  8
A-DETL-GENF
100
AcDbLine
 10
329.0321832376576
 20
4338.936336008649
 30
0.0
 11
333.696065714708
 21
4331.856890570104
 31
0.0
  0
LINE
  5
649
330
2F
100
AcDbEntity
  8
A-DETL-GENF
100
AcDbLine
 10
333.696065714708
 20
4331.856890570104
 30
0.0
 11
337.5899161719761
 21
4324.13882132895
 31
0.0
  0
LINE
  5
64A
330
2F
100
AcDbEntity
  8
A-DETL-GENF
100
AcDbLine
 10
337.5899161719761
 20
4324.13882132895
 30
0.0
 11
340.92672219425
 21
4315.798503262031
 31
0.0
  0
LINE
  5
64B
330
2F
100
AcDbEntity
  8
A-DETL-GENF
100
AcDbLine
 10
340.92672219425
 20
4315.798503262031
 30
0.0
 11
343.9194713656252
 21
4306.852311346113
 31
0.0
  0
LINE
  5
64C
330
2F
100
AcDbEntity
  8
A-DETL-GENF
100
AcDbLine
 10
343.9194713656252
 20
4306.852311346113
 30
0.0
 11
346.7811512706185
 21
4297.316620558019
 31
0.0
  0
LINE
  5
64D
330
2F
100
AcDbEntity
  8
A-DETL-GENF
100
AcDbLine
 10
346.7811512706055
 20
4297.316620558063
 30
0.0
 11
349.6988086976042
 21
4287.226227712586
 31
0.0
  0
LINE
  5
64E
330
2F
100
AcDbEntity
  8
A-DETL-GENF
100
AcDbLine
 10
349.6988086976042
 20
4287.226227712586
 30
0.0
 11
352.7557272513769
 21
4276.689616977093
 31
0.0
  0
LINE
  5
64F
330
2F
100
AcDbEntity
  8
A-DETL-GENF
100
AcDbLine
 10
352.7557272513672
 20
4276.689616977127
 30
0.0
 11
356.0092497401229
 21
4265.833694357115
 31
0.0
  0
LINE
  5
650
330
2F
100
AcDbEntity
  8
A-DETL-GENF
100
AcDbLine
 10
356.009249740118
 20
4265.83369435713
 30
0.0
 11
359.5167189722429
 21
4254.785365857891
 31
0.0
  0
LINE
  5
651
330
2F
100
AcDbEntity
  8
A-DETL-GENF
100
AcDbLine
 10
359.5167189722415
 20
4254.785365857896
 30
0.0
 11
363.3354777563731
 21
4243.671537484916
 31
0.0
  0
LINE
  5
652
330
2F
100
AcDbEntity
  8
A-DETL-GENF
100
AcDbLine
 10
363.3354777563722
 20
4243.67153748492
 30
0.0
 11
367.5228689008797
 21
4232.619115243586
 31
0.0
  0
LINE
  5
653
330
2F
100
AcDbEntity
  8
A-DETL-GENF
100
AcDbLine
 10
367.5228689008784
 20
4232.61911524359
 30
0.0
 11
372.1362352141309
 21
4221.755005139327
 31
0.0
  0
LINE
  5
654
330
2F
100
AcDbEntity
  8
A-DETL-GENF
100
AcDbLine
 10
372.1362352141299
 20
4221.755005139327
 30
0.0
 11
377.2329195049098
 21
4211.206113177597
 31
0.0
  0
LINE
  5
655
330
2F
100
AcDbEntity
  8
A-DETL-GENF
100
AcDbLine
 10
377.23291950491
 20
4211.206113177596
 30
0.0
 11
382.8702645814465
 21
4201.099345363686
 31
0.0
  0
LINE
  5
656
330
2F
100
AcDbEntity
  8
A-DETL-GENF
100
AcDbLine
 10
382.8702645814465
 20
4201.099345363686
 30
0.0
 11
389.1056132522463
 21
4191.561607703124
 31
0.0
  0
LINE
  5
657
330
2F
100
AcDbEntity
  8
A-DETL-GENF
100
AcDbLine
 10
389.1056132522463
 20
4191.561607703124
 30
0.0
 11
395.9717328351886
 21
4182.689785425821
 31
0.0
  0
LINE
  5
658
330
2F
100
AcDbEntity
  8
A-DETL-GENF
100
AcDbLine
 10
395.9717328351886
 20
4182.689785425821
 30
0.0
 11
403.4030886849511
 21
4174.460680659858
 31
0.0
  0
LINE
  5
659
330
2F
100
AcDbEntity
  8
A-DETL-GENF
100
AcDbLine
 10
403.4030886849512
 20
4174.460680659858
 30
0.0
 11
411.3095706660005
 21
4166.821074757701
 31
0.0
  0
LINE
  5
65A
330
2F
100
AcDbEntity
  8
A-DETL-GENF
100
AcDbLine
 10
411.309570666
 20
4166.821074757703
 30
0.0
 11
419.601068642941
 21
4159.717749072021
 31
0.0
  0
LINE
  5
65B
330
2F
100
AcDbEntity
  8
A-DETL-GENF
100
AcDbLine
 10
419.6010686429412
 20
4159.717749072021
 30
0.0
 11
428.1874724796873
 21
4153.097484955311
 31
0.0
  0
LINE
  5
65C
330
2F
100
AcDbEntity
  8
A-DETL-GENF
100
AcDbLine
 10
428.1874724796838
 20
4153.097484955313
 30
0.0
 11
436.9786720405619
 21
4146.907063760177
 31
0.0
  0
LINE
  5
65D
330
2F
100
AcDbEntity
  8
A-DETL-GENF
100
AcDbLine
 10
436.9786720405632
 20
4146.907063760176
 30
0.0
 11
445.8845571900389
 21
4141.093266839214
 31
0.0
  0
LINE
  5
65E
330
2F
100
AcDbEntity
  8
A-DETL-GENF
100
AcDbLine
 10
445.8845571900373
 20
4141.093266839215
 30
0.0
 11
454.8150177923063
 21
4135.602875544921
 31
0.0
  0
LINE
  5
65F
330
2F
100
AcDbEntity
  8
A-DETL-GENF
100
AcDbLine
 10
454.8150177922898
 20
4135.602875544932
 30
0.0
 11
463.6799437115414
 21
4130.382671229907
 31
0.0
  0
LINE
  5
660
330
2F
100
AcDbEntity
  8
A-DETL-GENF
100
AcDbLine
 10
463.6799437115674
 20
4130.382671229891
 30
0.0
 11
472.3892248129462
 21
4125.379435246507
 31
0.0
  0
LINE
  5
661
330
2F
100
AcDbEntity
  8
A-DETL-GENF
100
AcDbLine
 10
472.3892248123699
 20
4125.379435246838
 30
0.0
 11
480.8629907486834
 21
4120.53721978663
 31
0.0
  0
LINE
  5
662
330
2F
100
AcDbEntity
  8
A-DETL-GENF
100
AcDbLine
 10
480.8629907486552
 20
4120.537219786647
 30
0.0
 11
489.062330333624
 21
4115.789160394956
 31
0.0
  0
LINE
  5
663
330
2F
100
AcDbEntity
  8
A-DETL-GENF
100
AcDbLine
 10
489.0623303336226
 20
4115.789160394956
 30
0.0
 11
496.9585721699208
 21
4111.065663455971
 31
0.0
  0
LINE
  5
664
330
2F
100
AcDbEntity
  8
A-DETL-GENF
100
AcDbLine
 10
496.958572169925
 20
4111.065663455969
 30
0.0
 11
504.5230448605018
 21
4106.297135353766
 31
0.0
  0
LINE
  5
665
330
2F
100
AcDbEntity
  8
A-DETL-GENF
100
AcDbLine
 10
504.5230448605042
 20
4106.297135353765
 30
0.0
 11
511.7270770085331
 21
4101.413982472519
 31
0.0
  0
LINE
  5
666
330
2F
100
AcDbEntity
  8
A-DETL-GENF
100
AcDbLine
 10
511.7270770085337
 20
4101.413982472518
 30
0.0
 11
518.5419972163471
 21
4096.346611196304
 31
0.0
  0
LINE
  5
667
330
2F
100
AcDbEntity
  8
A-DETL-GENF
100
AcDbLine
 10
518.5419972163465
 20
4096.346611196305
 30
0.0
 11
524.9391340872407
 21
4091.025427909239
 31
0.0
  0
LINE
  5
668
330
2F
100
AcDbEntity
  8
A-DETL-GENF
100
AcDbLine
 10
524.9391340872397
 20
4091.025427909239
 30
0.0
 11
530.8898162239631
 21
4085.380838995467
 31
0.0
  0
LINE
  5
669
330
2F
100
AcDbEntity
  8
A-DETL-GENF
100
AcDbLine
 10
530.889816223963
 20
4085.380838995467
 30
0.0
 11
536.3653722292602
 21
4079.343250839135
 31
0.0
  0
LINE
  5
66A
330
2F
100
AcDbEntity
  8
A-DETL-GENF
100
AcDbLine
 10
536.3653722292598
 20
4079.343250839135
 30
0.0
 11
541.3371307061554
 21
4072.843069824321
 31
0.0
  0
LINE
  5
66B
330
2F
100
AcDbEntity
  8
A-DETL-GENF
100
AcDbLine
 10
541.3371307061554
 20
4072.843069824321
 30
0.0
 11
545.8187447121745
 21
4065.840040820332
 31
0.0
  0
LINE
  5
66C
330
2F
100
AcDbEntity
  8
A-DETL-GENF
100
AcDbLine
 10
545.8187447121745
 20
4065.840040820332
 30
0.0
 11
549.9931651250661
 21
4058.411262636908
 31
0.0
  0
LINE
  5
66D
330
2F
100
AcDbEntity
  8
A-DETL-GENF
100
AcDbLine
 10
549.9931651250647
 20
4058.411262636911
 30
0.0
 11
554.085667276524
 21
4050.663172568817
 31
0.0
  0
LINE
  5
66E
330
2F
100
AcDbEntity
  8
A-DETL-GENF
100
AcDbLine
 10
554.0856672766134
 20
4050.663172568648
 30
0.0
 11
558.3215264988003
 21
4042.702207911059
 31
0.0
  0
LINE
  5
66F
330
2F
100
AcDbEntity
  8
A-DETL-GENF
100
AcDbLine
 10
558.321526498802
 20
4042.702207911054
 30
0.0
 11
562.9260181241451
 21
4034.634805958432
 31
0.0
  0
LINE
  5
670
330
2F
100
AcDbEntity
  8
A-DETL-GENF
100
AcDbLine
 10
562.9260181241448
 20
4034.634805958432
 30
0.0
 11
568.124417484807
 21
4026.567404005771
 31
0.0
  0
LINE
  5
671
330
2F
100
AcDbEntity
  8
A-DETL-GENF
100
AcDbLine
 10
568.1244174848067
 20
4026.567404005773
 30
0.0
 11
574.1419999124824
 21
4018.606439347979
 31
0.0
  0
LINE
  5
672
330
2F
100
AcDbEntity
  8
A-DETL-GENF
100
AcDbLine
 10
574.1419999124823
 20
4018.606439347979
 30
0.0
 11
581.2040407399757
 21
4010.85834927992
 31
0.0
  0
LINE
  5
673
330
2F
100
AcDbEntity
  8
A-DETL-GENF
100
AcDbLine
 10
581.2040407399755
 20
4010.85834927992
 30
0.0
 11
589.5358152988435
 21
4003.429571096463
 31
0.0
  0
LINE
  5
674
330
2F
100
AcDbEntity
  8
A-DETL-GENF
100
AcDbLine
 10
589.535815298843
 20
4003.429571096464
 30
0.0
 11
599.362598921475
 21
3996.426542092474
 31
0.0
  0
LINE
  5
675
330
2F
100
AcDbEntity
  8
A-DETL-GENF
100
AcDbLine
 10
599.3625989214753
 20
3996.426542092474
 30
0.0
 11
610.8161435436353
 21
3989.932501692221
 31
0.0
  0
LINE
  5
676
330
2F
100
AcDbEntity
  8
A-DETL-GENF
100
AcDbLine
 10
610.8161435436341
 20
3989.932501692222
 30
0.0
 11
623.6541075141836
 21
3983.93789783778
 31
0.0
  0
LINE
  5
677
330
2F
100
AcDbEntity
  8
A-DETL-GENF
100
AcDbLine
 10
623.654107514185
 20
3983.93789783778
 30
0.0
 11
637.5406257859082
 21
3978.409980600559
 31
0.0
  0
LINE
  5
678
330
2F
100
AcDbEntity
  8
A-DETL-GENF
100
AcDbLine
 10
637.5406257859058
 20
3978.40998060056
 30
0.0
 11
652.1398333116
 21
3973.31600005207
 31
0.0
  0
LINE
  5
679
330
2F
100
AcDbEntity
  8
A-DETL-GENF
100
AcDbLine
 10
652.1398333115958
 20
3973.316000052072
 30
0.0
 11
667.1158650434965
 21
3968.62320626372
 31
0.0
  0
LINE
  5
67A
330
2F
100
AcDbEntity
  8
A-DETL-GENF
100
AcDbLine
 10
667.115865043498
 20
3968.623206263719
 30
0.0
 11
682.1328559345276
 21
3964.298849307018
 31
0.0
  0
LINE
  5
67B
330
2F
100
AcDbEntity
  8
A-DETL-GENF
100
AcDbLine
 10
682.132855934534
 20
3964.298849307017
 30
0.0
 11
696.8549409371923
 21
3960.310179253378
 31
0.0
  0
LINE
  5
67C
330
2F
100
AcDbEntity
  8
A-DETL-GENF
100
AcDbLine
 10
696.8549409371956
 20
3960.310179253376
 30
0.0
 11
710.9462550041495
 21
3956.624446174272
 31
0.0
  0
LINE
  5
67D
330
2F
100
AcDbEntity
  8
A-DETL-GENF
100
AcDbLine
 10
710.9462550041495
 20
3956.624446174272
 30
0.0
 11
724.0709330882419
 21
3953.208900141201
 31
0.0
  0
LINE
  5
67E
330
2F
100
AcDbEntity
  8
A-DETL-GENF
100
AcDbLine
 10
724.0709330881282
 20
3953.208900141231
 30
0.0
 11
735.8931101415578
 21
3950.030791225609
 31
0.0
  0
LINE
  5
67F
330
2F
100
AcDbEntity
  8
A-DETL-GENF
100
AcDbLine
 10
735.8931101415603
 20
3950.030791225607
 30
0.0
 11
746.1629331627437
 21
3947.055320814087
 31
0.0
  0
LINE
  5
680
330
2F
100
AcDbEntity
  8
A-DETL-GENF
100
AcDbLine
 10
746.1629331627482
 20
3947.055320814085
 30
0.0
 11
754.9745973318275
 21
3944.239495553897
 31
0.0
  0
LINE
  5
681
330
2F
100
AcDbEntity
  8
A-DETL-GENF
100
AcDbLine
 10
754.9745973318297
 20
3944.239495553896
 30
0.0
 11
762.5083098744703
 21
3941.538273407436
 31
0.0
  0
LINE
  5
682
330
2F
100
AcDbEntity
  8
A-DETL-GENF
100
AcDbLine
 10
762.5083098744685
 20
3941.538273407437
 30
0.0
 11
768.9442780163209
 21
3938.90661233707
 31
0.0
  0
LINE
  5
683
330
2F
100
AcDbEntity
  8
A-DETL-GENF
100
AcDbLine
 10
768.9442780163223
 20
3938.906612337069
 30
0.0
 11
774.4627089831753
 21
3936.299470305301
 31
0.0
  0
LINE
  5
684
330
2F
100
AcDbEntity
  8
A-DETL-GENF
100
AcDbLine
 10
774.4627089831754
 20
3936.299470305301
 30
0.0
 11
779.2438100008249
 21
3933.671805274496
 31
0.0
  0
LINE
  5
685
330
2F
100
AcDbEntity
  8
A-DETL-GENF
100
AcDbLine
 10
779.2438100008259
 20
3933.671805274496
 30
0.0
 11
783.4677882946473
 21
3930.978575206984
 31
0.0
  0
LINE
  5
686
330
2F
100
AcDbEntity
  8
A-DETL-GENF
100
AcDbLine
 10
783.4677882946484
 20
3930.978575206984
 30
0.0
 11
787.3148510907124
 21
3928.174738065303
 31
0.0
  0
LINE
  5
687
330
2F
100
AcDbEntity
  8
A-DETL-GENF
100
AcDbLine
 10
787.3148510907134
 20
3928.174738065301
 30
0.0
 11
790.9652056146743
 21
3925.215251811746
 31
0.0
  0
LINE
  5
688
330
2F
100
AcDbEntity
  8
A-DETL-GENF
100
AcDbLine
 10
790.9652056146743
 20
3925.215251811746
 30
0.0
 11
794.5990590920476
 21
3922.055074408752
 31
0.0
  0
LINE
  5
689
330
2F
100
AcDbEntity
  8
A-DETL-GENF
100
AcDbLine
 10
794.5990590920383
 20
3922.05507440876
 30
0.0
 11
798.3710245320872
 21
3918.682949145251
 31
0.0
  0
LINE
  5
68A
330
2F
100
AcDbEntity
  8
A-DETL-GENF
100
AcDbLine
 10
798.3710245320767
 20
3918.68294914526
 30
0.0
 11
802.3333380777549
 21
3915.222760616279
 31
0.0
  0
LINE
  5
68B
330
2F
100
AcDbEntity
  8
A-DETL-GENF
100
AcDbLine
 10
802.3333380777547
 20
3915.222760616279
 30
0.0
 11
806.512641655744
 21
3911.832178743551
 31
0.0
  0
LINE
  5
68C
330
2F
100
AcDbEntity
  8
A-DETL-GENF
100
AcDbLine
 10
806.512641655744
 20
3911.832178743551
 30
0.0
 11
810.9355771920608
 21
3908.668873448498
 31
0.0
  0
LINE
  5
68D
330
2F
100
AcDbEntity
  8
A-DETL-GENF
100
AcDbLine
 10
810.9355771920608
 20
3908.668873448498
 30
0.0
 11
815.6287866135416
 21
3905.890514652865
 31
0.0
  0
LINE
  5
68E
330
2F
100
AcDbEntity
  8
A-DETL-GENF
100
AcDbLine
 10
815.6287866135416
 20
3905.890514652865
 30
0.0
 11
820.6189118467454
 21
3903.654772278153
 31
0.0
  0
LINE
  5
68F
330
2F
100
AcDbEntity
  8
A-DETL-GENF
100
AcDbLine
 10
820.6189118467454
 20
3903.654772278153
 30
0.0
 11
825.9325948176767
 21
3902.119316245971
 31
0.0
  0
LINE
  5
690
330
2F
100
AcDbEntity
  8
A-DETL-GENF
100
AcDbLine
 10
825.9325948176767
 20
3902.119316245971
 30
0.0
 11
831.5964774531719
 21
3901.441816477925
 31
0.0
  0
LINE
  5
691
330
2F
100
AcDbEntity
  8
A-DETL-GENF
100
AcDbLine
 10
831.5964774531719
 20
3901.441816477925
 30
0.0
 11
837.6372016795128
 21
3901.779942895619
 31
0.0
  0
LINE
  5
692
330
2F
100
AcDbEntity
  8
A-DETL-GENF
100
AcDbLine
 10
837.6372016795128
 20
3901.779942895619
 30
0.0
 11
844.0814094233971
 21
3903.291365420662
 31
0.0
  0
LINE
  5
693
330
2F
100
AcDbEntity
  8
A-DETL-GENF
100
AcDbLine
 10
844.0814094233971
 20
3903.291365420662
 30
0.0
 11
850.9414076283846
 21
3906.062083786788
 31
0.0
  0
LINE
  5
694
330
2F
100
AcDbEntity
  8
A-DETL-GENF
100
AcDbLine
 10
850.9414076283846
 20
3906.062083786788
 30
0.0
 11
858.1721633090903
 21
3909.891416976762
 31
0.0
  0
LINE
  5
695
330
2F
100
AcDbEntity
  8
A-DETL-GENF
100
AcDbLine
 10
858.1721633090879
 20
3909.891416976761
 30
0.0
 11
865.7143084971289
 21
3914.507013785375
 31
0.0
  0
LINE
  5
696
330
2F
100
AcDbEntity
  8
A-DETL-GENF
100
AcDbLine
 10
865.7143084971307
 20
3914.507013785376
 30
0.0
 11
873.5084752241188
 21
3919.636523007488
 31
0.0
  0
LINE
  5
697
330
2F
100
AcDbEntity
  8
A-DETL-GENF
100
AcDbLine
 10
873.5084752241057
 20
3919.636523007478
 30
0.0
 11
881.495295521821
 21
3925.007593437999
 31
0.0
  0
LINE
  5
698
330
2F
100
AcDbEntity
  8
A-DETL-GENF
100
AcDbLine
 10
881.4952955218236
 20
3925.007593438
 30
0.0
 11
889.6154014218095
 21
3930.34787387174
 31
0.0
  0
LINE
  5
699
330
2F
100
AcDbEntity
  8
A-DETL-GENF
100
AcDbLine
 10
889.6154014218121
 20
3930.347873871742
 30
0.0
 11
897.809424956026
 21
3935.385013103569
 31
0.0
  0
LINE
  5
69A
330
2F
100
AcDbEntity
  8
A-DETL-GENF
100
AcDbLine
 10
897.8094249560243
 20
3935.385013103569
 30
0.0
 11
906.0179981559281
 21
3939.846659928437
 31
0.0
  0
LINE
  5
69B
330
2F
100
AcDbEntity
  8
A-DETL-GENF
100
AcDbLine
 10
906.0179981559274
 20
3939.846659928436
 30
0.0
 11
914.1817530534101
 21
3943.460463141065
 31
0.0
  0
LINE
  5
69C
330
2F
100
AcDbEntity
  8
A-DETL-GENF
100
AcDbLine
 10
914.1817530534099
 20
3943.460463141065
 30
0.0
 11
922.2413216802255
 21
3945.95407153645
 31
0.0
  0
LINE
  5
69D
330
2F
100
AcDbEntity
  8
A-DETL-GENF
100
AcDbLine
 10
922.2413216802255
 20
3945.95407153645
 30
0.0
 11
930.1714567502266
 21
3947.104294308186
 31
0.0
  0
LINE
  5
69E
330
2F
100
AcDbEntity
  8
A-DETL-GENF
100
AcDbLine
 10
930.1714567502266
 20
3947.104294308186
 30
0.0
 11
938.083393706354
 21
3946.884582245142
 31
0.0
  0
LINE
  5
69F
330
2F
100
AcDbEntity
  8
A-DETL-GENF
100
AcDbLine
 10
938.083393706354
 20
3946.884582245142
 30
0.0
 11
946.1224886735087
 21
3945.317546534958
 31
0.0
  0
LINE
  5
6A0
330
2F
100
AcDbEntity
  8
A-DETL-GENF
100
AcDbLine
 10
946.1224886735087
 20
3945.317546534958
 30
0.0
 11
954.4340977768683
 21
3942.425798365274
 31
0.0
  0
LINE
  5
6A1
330
2F
100
AcDbEntity
  8
A-DETL-GENF
100
AcDbLine
 10
954.4340977768683
 20
3942.425798365274
 30
0.0
 11
963.1635771416107
 21
3938.231948923795
 31
0.0
  0
LINE
  5
6A2
330
2F
100
AcDbEntity
  8
A-DETL-GENF
100
AcDbLine
 10
963.1635771416117
 20
3938.231948923795
 30
0.0
 11
972.4562828929148
 21
3932.758609398059
 31
0.0
  0
LINE
  5
6A3
330
2F
100
AcDbEntity
  8
A-DETL-GENF
100
AcDbLine
 10
972.4562828929121
 20
3932.758609398061
 30
0.0
 11
982.4575711555397
 21
3926.028390975774
 31
0.0
  0
LINE
  5
6A4
330
2F
100
AcDbEntity
  8
A-DETL-GENF
100
AcDbLine
 10
982.4575711555398
 20
3926.028390975774
 30
0.0
 11
993.3127980548057
 21
3918.06390484461
 31
0.0
  0
LINE
  5
6A5
330
2F
100
AcDbEntity
  8
A-DETL-GENF
100
AcDbLine
 10
993.3127980548135
 20
3918.063904844604
 30
0.0
 11
1005.167319716023
 21
3908.887762192179
 31
0.0
  0
LINE
  5
6A6
330
2F
100
AcDbEntity
  8
A-DETL-GENF
100
AcDbLine
 10
1005.167319716021
 20
3908.887762192179
 30
0.0
 11
1018.166492263871
 21
3898.522574206107
 31
0.0
  0
LINE
  5
6A7
330
2F
100
AcDbEntity
  8
A-DETL-GENF
100
AcDbLine
 10
1018.16649226384
 20
3898.522574206131
 30
0.0
 11
1032.381956931875
 21
3887.015493886506
 31
0.0
  0
LINE
  5
6A8
330
2F
100
AcDbEntity
  8
A-DETL-GENF
100
AcDbLine
 10
1032.38195693187
 20
3887.015493886509
 30
0.0
 11
1047.590495387156
 21
3874.511841482944
 31
0.0
  0
LINE
  5
6A9
330
2F
100
AcDbEntity
  8
A-DETL-GENF
100
AcDbLine
 10
1047.590495387112
 20
3874.511841482981
 30
0.0
 11
1063.495174404466
 21
3861.181479057518
 31
0.0
  0
LINE
  5
6AA
330
2F
100
AcDbEntity
  8
A-DETL-GENF
100
AcDbLine
 10
1063.4951744045
 20
3861.181479057489
 30
0.0
 11
1079.799060759035
 21
3847.194268672241
 31
0.0
  0
LINE
  5
6AB
330
2F
100
AcDbEntity
  8
A-DETL-GENF
100
AcDbLine
 10
1079.799060759037
 20
3847.194268672239
 30
0.0
 11
1096.20522122599
 21
3832.720072389054
 31
0.0
  0
LINE
  5
6AC
330
2F
100
AcDbEntity
  8
A-DETL-GENF
100
AcDbLine
 10
1096.205221226006
 20
3832.72007238904
 30
0.0
 11
1112.416722580535
 21
3817.928752270061
 31
0.0
  0
LINE
  5
6AD
330
2F
100
AcDbEntity
  8
A-DETL-GENF
100
AcDbLine
 10
1112.416722580549
 20
3817.928752270049
 30
0.0
 11
1128.136631597731
 21
3802.990170377331
 31
0.0
  0
LINE
  5
6AE
330
2F
100
AcDbEntity
  8
A-DETL-GENF
100
AcDbLine
 10
1128.136631597721
 20
3802.990170377341
 30
0.0
 11
1143.068015052523
 21
3788.074188772777
 31
0.0
  0
LINE
  5
6AF
330
2F
100
AcDbEntity
  8
A-DETL-GENF
100
AcDbLine
 10
1143.068015052523
 20
3788.074188772777
 30
0.0
 11
1156.913939720269
 21
3773.350669518487
 31
0.0
  0
LINE
  5
6B0
330
2F
100
AcDbEntity
  8
A-DETL-GENF
100
AcDbLine
 10
1156.913939720271
 20
3773.350669518486
 30
0.0
 11
1169.377472376188
 21
3758.989474676516
 31
0.0
  0
LINE
  5
6B1
330
2F
100
AcDbEntity
  8
A-DETL-GENF
100
AcDbLine
 10
1169.37747237619
 20
3758.989474676513
 30
0.0
 11
1180.256223732543
 21
3745.132155967976
 31
0.0
  0
LINE
  5
6B2
330
2F
100
AcDbEntity
  8
A-DETL-GENF
100
AcDbLine
 10
1180.256223732545
 20
3745.132155967973
 30
0.0
 11
1189.725980251963
 21
3731.807023750436
 31
0.0
  0
LINE
  5
6B3
330
2F
100
AcDbEntity
  8
A-DETL-GENF
100
AcDbLine
 10
1189.725980251964
 20
3731.807023750435
 30
0.0
 11
1198.057072334673
 21
3719.014078040566
 31
0.0
  0
LINE
  5
6B4
330
2F
100
AcDbEntity
  8
A-DETL-GENF
100
AcDbLine
 10
1198.057072334671
 20
3719.01407804057
 30
0.0
 11
1205.519830380482
 21
3706.753318855101
 31
0.0
  0
LINE
  5
6B5
330
2F
100
AcDbEntity
  8
A-DETL-GENF
100
AcDbLine
 10
1205.519830380479
 20
3706.753318855107
 30
0.0
 11
1212.384584789331
 21
3695.024746210721
 31
0.0
  0
LINE
  5
6B6
330
2F
100
AcDbEntity
  8
A-DETL-GENF
100
AcDbLine
 10
1212.384584789331
 20
3695.024746210721
 30
0.0
 11
1218.921665961454
 21
3683.828360124044
 31
0.0
  0
LINE
  5
6B7
330
2F
100
AcDbEntity
  8
A-DETL-GENF
100
AcDbLine
 10
1218.921665961455
 20
3683.828360124042
 30
0.0
 11
1225.401404296518
 21
3673.164160611808
 31
0.0
  0
LINE
  5
6B8
330
2F
100
AcDbEntity
  8
A-DETL-GENF
100
AcDbLine
 10
1225.401404296517
 20
3673.16416061181
 30
0.0
 11
1232.094130194886
 21
3663.032147690652
 31
0.0
  0
LINE
  5
6B9
330
2F
100
AcDbEntity
  8
A-DETL-GENF
100
AcDbLine
 10
1232.094130194886
 20
3663.032147690652
 30
0.0
 11
1239.270174056366
 21
3653.432321377343
 31
0.0
  0
LINE
  5
6BA
330
2F
100
AcDbEntity
  8
A-DETL-GENF
100
AcDbLine
 10
1239.270174056366
 20
3653.432321377343
 30
0.0
 11
1247.199866280907
 21
3644.364681688414
 31
0.0
  0
LINE
  5
6BB
330
2F
100
AcDbEntity
  8
A-DETL-GENF
100
AcDbLine
 10
1247.199866280907
 20
3644.364681688414
 30
0.0
 11
1256.111895461591
 21
3635.599296753257
 31
0.0
  0
LINE
  5
6BC
330
2F
100
AcDbEntity
  8
A-DETL-GENF
100
AcDbLine
 10
1256.111895461568
 20
3635.599296753279
 30
0.0
 11
1266.068382963601
 21
3625.986507151236
 31
0.0
  0
LINE
  5
6BD
330
2F
100
AcDbEntity
  8
A-DETL-GENF
100
AcDbLine
 10
1266.068382963597
 20
3625.986507151239
 30
0.0
 11
1277.089808345355
 21
3614.146721574343
 31
0.0
  0
LINE
  5
6BE
330
2F
100
AcDbEntity
  8
A-DETL-GENF
100
AcDbLine
 10
1277.089808345355
 20
3614.146721574343
 30
0.0
 11
1289.196651164776
 21
3598.700348714546
 31
0.0
  0
LINE
  5
6BF
330
2F
100
AcDbEntity
  8
A-DETL-GENF
100
AcDbLine
 10
1289.196651164776
 20
3598.700348714545
 30
0.0
 11
1302.409390980224
 21
3578.26779726386
 31
0.0
  0
LINE
  5
6C0
330
2F
100
AcDbEntity
  8
A-DETL-GENF
100
AcDbLine
 10
1302.409390980224
 20
3578.267797263859
 30
0.0
 11
1316.748507349917
 21
3551.469475914231
 31
0.0
  0
LINE
  5
6C1
330
2F
100
AcDbEntity
  8
A-DETL-GENF
100
AcDbLine
 10
1316.748507349916
 20
3551.469475914233
 30
0.0
 11
1332.234479832073
 21
3516.92579335765
 31
0.0
  0
LINE
  5
6C2
330
2F
100
AcDbEntity
  8
A-DETL-GENF
100
AcDbLine
 10
1332.234479832074
 20
3516.925793357648
 30
0.0
 11
1334.396510722805
 21
3511.256473057211
 31
0.0
  0
LINE
  5
6C3
330
2F
100
AcDbEntity
  8
A-DETL-GENF
100
AcDbLine
 10
99.7843830322934
 20
2763.135482947854
 30
0.0
 11
99.24960701251366
 21
2759.843057679546
 31
0.0
  0
LINE
  5
6C4
330
2F
100
AcDbEntity
  8
A-DETL-GENF
100
AcDbLine
 10
99.24960701251366
 20
2759.843057679546
 30
0.0
 11
99.00163805330922
 21
2756.503603133998
 31
0.0
  0
LINE
  5
6C5
330
2F
100
AcDbEntity
  8
A-DETL-GENF
100
AcDbLine
 10
99.00163805330922
 20
2756.503603133998
 30
0.0
 11
99.05840159561085
 21
2753.182064547311
 31
0.0
  0
LINE
  5
6C6
330
2F
100
AcDbEntity
  8
A-DETL-GENF
100
AcDbLine
 10
99.05840159561085
 20
2753.182064547311
 30
0.0
 11
99.43782308076516
 21
2749.943387155412
 31
0.0
  0
LINE
  5
6C7
330
2F
100
AcDbEntity
  8
A-DETL-GENF
100
AcDbLine
 10
99.43782308076516
 20
2749.943387155412
 30
0.0
 11
100.1578279498415
 21
2746.852516194368
 31
0.0
  0
LINE
  5
6C8
330
2F
100
AcDbEntity
  8
A-DETL-GENF
100
AcDbLine
 10
100.1578279498415
 20
2746.852516194368
 30
0.0
 11
101.2363416444637
 21
2743.974396900174
 31
0.0
  0
LINE
  5
6C9
330
2F
100
AcDbEntity
  8
A-DETL-GENF
100
AcDbLine
 10
101.2363416444637
 20
2743.974396900174
 30
0.0
 11
102.6912896057012
 21
2741.373974508827
 31
0.0
  0
LINE
  5
6CA
330
2F
100
AcDbEntity
  8
A-DETL-GENF
100
AcDbLine
 10
102.6912896057012
 20
2741.373974508827
 30
0.0
 11
104.5405972747619
 21
2739.116194256427
 31
0.0
  0
LINE
  5
6CB
330
2F
100
AcDbEntity
  8
A-DETL-GENF
100
AcDbLine
 10
104.5405972747619
 20
2739.116194256427
 30
0.0
 11
106.8021900931311
 21
2737.266001378868
 31
0.0
  0
LINE
  5
6CC
330
2F
100
AcDbEntity
  8
A-DETL-GENF
100
AcDbLine
 10
106.8021900931311
 20
2737.266001378868
 30
0.0
 11
109.4939935017395
 21
2735.888341112249
 31
0.0
  0
LINE
  5
6CD
330
2F
100
AcDbEntity
  8
A-DETL-GENF
100
AcDbLine
 10
109.4939935017395
 20
2735.888341112249
 30
0.0
 11
112.6189950745145
 21
2735.032855505177
 31
0.0
  0
LINE
  5
6CE
330
2F
100
AcDbEntity
  8
A-DETL-GENF
100
AcDbLine
 10
112.6189950745145
 20
2735.032855505177
 30
0.0
 11
116.1204309139048
 21
2734.68797385684
 31
0.0
  0
LINE
  5
6CF
330
2F
100
AcDbEntity
  8
A-DETL-GENF
100
AcDbLine
 10
116.1204309139049
 20
2734.68797385684
 30
0.0
 11
119.9265992548011
 21
2734.826822279069
 31
0.0
  0
LINE
  5
6D0
330
2F
100
AcDbEntity
  8
A-DETL-GENF
100
AcDbLine
 10
119.9265992548011
 20
2734.826822279069
 30
0.0
 11
123.9657983322329
 21
2735.422526883697
 31
0.0
  0
LINE
  5
6D1
330
2F
100
AcDbEntity
  8
A-DETL-GENF
100
AcDbLine
 10
123.9657983322329
 20
2735.422526883697
 30
0.0
 11
128.1663263809525
 21
2736.448213782556
 31
0.0
  0
LINE
  5
6D2
330
2F
100
AcDbEntity
  8
A-DETL-GENF
100
AcDbLine
 10
128.1663263809526
 20
2736.448213782556
 30
0.0
 11
132.4564816361279
 21
2737.877009087444
 31
0.0
  0
LINE
  5
6D3
330
2F
100
AcDbEntity
  8
A-DETL-GENF
100
AcDbLine
 10
132.4564816361277
 20
2737.877009087444
 30
0.0
 11
136.7645623326497
 21
2739.682038910227
 31
0.0
  0
LINE
  5
6D4
330
2F
100
AcDbEntity
  8
A-DETL-GENF
100
AcDbLine
 10
136.76456233265
 20
2739.682038910227
 30
0.0
 11
141.0188667052706
 21
2741.836429362702
 31
0.0
  0
LINE
  5
6D5
330
2F
100
AcDbEntity
  8
A-DETL-GENF
100
AcDbLine
 10
141.0188667052699
 20
2741.836429362701
 30
0.0
 11
145.1476929890195
 21
2744.313306556668
 31
0.0
  0
LINE
  5
6D6
330
2F
100
AcDbEntity
  8
A-DETL-GENF
100
AcDbLine
 10
145.1476929890201
 20
2744.313306556668
 30
0.0
 11
149.0793394187877
 21
2747.085796604026
 31
0.0
  0
LINE
  5
6D7
330
2F
100
AcDbEntity
  8
A-DETL-GENF
100
AcDbLine
 10
149.0793394187875
 20
2747.085796604026
 30
0.0
 11
152.7660048157561
 21
2750.116947905317
 31
0.0
  0
LINE
  5
6D8
330
2F
100
AcDbEntity
  8
A-DETL-GENF
100
AcDbLine
 10
152.7660048157575
 20
2750.116947905318
 30
0.0
 11
156.2554903441896
 21
2753.329498016444
 31
0.0
  0
LINE
  5
6D9
330
2F
100
AcDbEntity
  8
A-DETL-GENF
100
AcDbLine
 10
156.2554903441901
 20
2753.329498016444
 30
0.0
 11
159.6194977556158
 21
2756.636106782056
 31
0.0
  0
LINE
  5
6DA
330
2F
100
AcDbEntity
  8
A-DETL-GENF
100
AcDbLine
 10
159.6194977556147
 20
2756.636106782055
 30
0.0
 11
162.9297288003094
 21
2759.949434046833
 31
0.0
  0
LINE
  5
6DB
330
2F
100
AcDbEntity
  8
A-DETL-GENF
100
AcDbLine
 10
162.9297288003126
 20
2759.949434046836
 30
0.0
 11
166.257885229799
 21
2763.182139655459
 31
0.0
  0
LINE
  5
6DC
330
2F
100
AcDbEntity
  8
A-DETL-GENF
100
AcDbLine
 10
166.2578852297969
 20
2763.182139655456
 30
0.0
 11
169.6756687944994
 21
2766.246883452508
 31
0.0
  0
LINE
  5
6DD
330
2F
100
AcDbEntity
  8
A-DETL-GENF
100
AcDbLine
 10
169.6756687944988
 20
2766.246883452507
 30
0.0
 11
173.2547812453835
 21
2769.0563252827
 31
0.0
  0
LINE
  5
6DE
330
2F
100
AcDbEntity
  8
A-DETL-GENF
100
AcDbLine
 10
173.2547812453835
 20
2769.0563252827
 30
0.0
 11
177.0669243334218
 21
2771.523124990717
 31
0.0
  0
LINE
  5
6DF
330
2F
100
AcDbEntity
  8
A-DETL-GENF
100
AcDbLine
 10
177.0669243334218
 20
2771.523124990717
 30
0.0
 11
181.1837998091697
 21
2773.559942421238
 31
0.0
  0
LINE
  5
6E0
330
2F
100
AcDbEntity
  8
A-DETL-GENF
100
AcDbLine
 10
181.1837998091697
 20
2773.559942421238
 30
0.0
 11
185.677109423876
 21
2775.079437418844
 31
0.0
  0
LINE
  5
6E1
330
2F
100
AcDbEntity
  8
A-DETL-GENF
100
AcDbLine
 10
185.677109423876
 20
2775.079437418844
 30
0.0
 11
190.5983888128183
 21
2776.017784483503
 31
0.0
  0
LINE
  5
6E2
330
2F
100
AcDbEntity
  8
A-DETL-GENF
100
AcDbLine
 10
190.5983888128183
 20
2776.017784483503
 30
0.0
 11
195.9185091491938
 21
2776.405216736298
 31
0.0
  0
LINE
  5
6E3
330
2F
100
AcDbEntity
  8
A-DETL-GENF
100
AcDbLine
 10
195.9185091491937
 20
2776.405216736298
 30
0.0
 11
201.5881754907832
 21
2776.295481953599
 31
0.0
  0
LINE
  5
6E4
330
2F
100
AcDbEntity
  8
A-DETL-GENF
100
AcDbLine
 10
201.5881754907833
 20
2776.295481953599
 30
0.0
 11
207.5580928955071
 21
2775.742327911743
 31
0.0
  0
LINE
  5
6E5
330
2F
100
AcDbEntity
  8
A-DETL-GENF
100
AcDbLine
 10
207.558092895506
 20
2775.742327911743
 30
0.0
 11
213.778966421283
 21
2774.799502387029
 31
0.0
  0
LINE
  5
6E6
330
2F
100
AcDbEntity
  8
A-DETL-GENF
100
AcDbLine
 10
213.7789664212837
 20
2774.799502387029
 30
0.0
 11
220.2015011257552
 21
2773.520753155898
 31
0.0
  0
LINE
  5
6E7
330
2F
100
AcDbEntity
  8
A-DETL-GENF
100
AcDbLine
 10
220.2015011257563
 20
2773.520753155898
 30
0.0
 11
226.7764020669837
 21
2771.959827994651
 31
0.0
  0
LINE
  5
6E8
330
2F
100
AcDbEntity
  8
A-DETL-GENF
100
AcDbLine
 10
226.7764020669783
 20
2771.959827994653
 30
0.0
 11
233.4543743024614
 21
2770.170474679661
 31
0.0
  0
LINE
  5
6E9
330
2F
100
AcDbEntity
  8
A-DETL-GENF
100
AcDbLine
 10
233.4543743024555
 20
2770.170474679662
 30
0.0
 11
240.1861228901253
 21
2768.206440987222
 31
0.0
  0
LINE
  5
6EA
330
2F
100
AcDbEntity
  8
A-DETL-GENF
100
AcDbLine
 10
240.1861228901175
 20
2768.206440987225
 30
0.0
 11
246.9223528878754
 21
2766.121474693713
 31
0.0
  0
LINE
  5
6EB
330
2F
100
AcDbEntity
  8
A-DETL-GENF
100
AcDbLine
 10
246.9223528878607
 20
2766.121474693717
 30
0.0
 11
253.6260930901566
 21
2763.967830585933
 31
0.0
  0
LINE
  5
6EC
330
2F
100
AcDbEntity
  8
A-DETL-GENF
100
AcDbLine
 10
253.6260930902598
 20
2763.9678305859
 30
0.0
 11
260.3096672383789
 21
2761.791791492074
 31
0.0
  0
LINE
  5
6ED
330
2F
100
AcDbEntity
  8
A-DETL-GENF
100
AcDbLine
 10
260.3096672384499
 20
2761.79179149205
 30
0.0
 11
266.9977228110274
 21
2759.638147250779
 31
0.0
  0
LINE
  5
6EE
330
2F
100
AcDbEntity
  8
A-DETL-GENF
100
AcDbLine
 10
266.997722811017
 20
2759.638147250782
 30
0.0
 11
273.7149072859859
 21
2757.55168770079
 31
0.0
  0
LINE
  5
6EF
330
2F
100
AcDbEntity
  8
A-DETL-GENF
100
AcDbLine
 10
273.7149072860008
 20
2757.551687700785
 30
0.0
 11
280.4858681415435
 21
2755.577202680632
 31
0.0
  0
LINE
  5
6F0
330
2F
100
AcDbEntity
  8
A-DETL-GENF
100
AcDbLine
 10
280.485868141545
 20
2755.577202680631
 30
0.0
 11
287.335252856078
 21
2753.759482029022
 31
0.0
  0
LINE
  5
6F1
330
2F
100
AcDbEntity
  8
A-DETL-GENF
100
AcDbLine
 10
287.3352528560837
 20
2753.75948202902
 30
0.0
 11
294.2877089075632
 21
2752.143315584634
 31
0.0
  0
LINE
  5
6F2
330
2F
100
AcDbEntity
  8
A-DETL-GENF
100
AcDbLine
 10
294.2877089075615
 20
2752.143315584635
 30
0.0
 11
301.3678837741057
 21
2750.773493186115
 31
0.0
  0
LINE
  5
6F3
330
2F
100
AcDbEntity
  8
A-DETL-GENF
100
AcDbLine
 10
301.3678837741043
 20
2750.773493186115
 30
0.0
 11
308.6004249342297
 21
2749.694804672037
 31
0.0
  0
LINE
  5
6F4
330
2F
100
AcDbEntity
  8
A-DETL-GENF
100
AcDbLine
 10
308.6004249342273
 20
2749.694804672038
 30
0.0
 11
316.00997986577
 21
2748.952039881114
 31
0.0
  0
LINE
  5
6F5
330
2F
100
AcDbEntity
  8
A-DETL-GENF
100
AcDbLine
 10
316.0099798657699
 20
2748.952039881114
 30
0.0
 11
323.5864655087985
 21
2748.582896925599
 31
0.0
  0
LINE
  5
6F6
330
2F
100
AcDbEntity
  8
A-DETL-GENF
100
AcDbLine
 10
323.5864655087993
 20
2748.582896925599
 30
0.0
 11
331.1808766500014
 21
2748.596707012095
 31
0.0
  0
LINE
  5
6F7
330
2F
100
AcDbEntity
  8
A-DETL-GENF
100
AcDbLine
 10
331.1808766500016
 20
2748.596707012095
 30
0.0
 11
338.6094775374771
 21
2748.995709620953
 31
0.0
  0
LINE
  5
6F8
330
2F
100
AcDbEntity
  8
A-DETL-GENF
100
AcDbLine
 10
338.6094775374782
 20
2748.995709620953
 30
0.0
 11
345.688532419601
 21
2749.782144232316
 31
0.0
  0
LINE
  5
6F9
330
2F
100
AcDbEntity
  8
A-DETL-GENF
100
AcDbLine
 10
345.6885324196007
 20
2749.782144232316
 30
0.0
 11
352.2343055448847
 21
2750.958250326501
 31
0.0
  0
LINE
  5
6FA
330
2F
100
AcDbEntity
  8
A-DETL-GENF
100
AcDbLine
 10
352.2343055448851
 20
2750.958250326501
 30
0.0
 11
358.0630611614263
 21
2752.52626738379
 31
0.0
  0
LINE
  5
6FB
330
2F
100
AcDbEntity
  8
A-DETL-GENF
100
AcDbLine
 10
358.0630611614262
 20
2752.52626738379
 30
0.0
 11
362.9910635175999
 21
2754.488434884362
 31
0.0
  0
LINE
  5
6FC
330
2F
100
AcDbEntity
  8
A-DETL-GENF
100
AcDbLine
 10
362.9910635175999
 20
2754.488434884362
 30
0.0
 11
366.8345768615028
 21
2756.846992308499
 31
0.0
  0
LINE
  5
6FD
330
2F
100
AcDbEntity
  8
A-DETL-GENF
100
AcDbLine
 10
366.8345768615028
 20
2756.846992308499
 30
0.0
 11
369.4098654417871
 21
2759.604179136518
 31
0.0
  0
LINE
  5
6FE
330
2F
100
AcDbEntity
  8
A-DETL-GENF
100
AcDbLine
 10
369.4098654417871
 20
2759.604179136518
 30
0.0
 11
370.5331935065497
 21
2762.762234848597
 31
0.0
  0
LINE
  5
6FF
330
2F
100
AcDbEntity
  8
A-DETL-GENF
100
AcDbLine
 10
370.5331935065497
 20
2762.762234848597
 30
0.0
 11
370.0805767655256
 21
2766.309215484718
 31
0.0
  0
LINE
  5
700
330
2F
100
AcDbEntity
  8
A-DETL-GENF
100
AcDbLine
 10
370.0805767655256
 20
2766.309215484718
 30
0.0
 11
368.1670367740303
 21
2770.176443323693
 31
0.0
  0
LINE
  5
701
330
2F
100
AcDbEntity
  8
A-DETL-GENF
100
AcDbLine
 10
368.1670367740303
 20
2770.176443323693
 30
0.0
 11
364.9673465492935
 21
2774.281057204104
 31
0.0
  0
LINE
  5
702
330
2F
100
AcDbEntity
  8
A-DETL-GENF
100
AcDbLine
 10
364.9673465492936
 20
2774.281057204104
 30
0.0
 11
360.6562791078525
 21
2778.540195964462
 31
0.0
  0
LINE
  5
703
330
2F
100
AcDbEntity
  8
A-DETL-GENF
100
AcDbLine
 10
360.656279107852
 20
2778.540195964463
 30
0.0
 11
355.4086074666606
 21
2782.870998443281
 31
0.0
  0
LINE
  5
704
330
2F
100
AcDbEntity
  8
A-DETL-GENF
100
AcDbLine
 10
355.4086074666626
 20
2782.87099844328
 30
0.0
 11
349.399104642531
 21
2787.190603479141
 31
0.0
  0
LINE
  5
705
330
2F
100
AcDbEntity
  8
A-DETL-GENF
100
AcDbLine
 10
349.3991046425293
 20
2787.190603479142
 30
0.0
 11
342.8025436524169
 21
2791.416149910555
 31
0.0
  0
LINE
  5
706
330
2F
100
AcDbEntity
  8
A-DETL-GENF
100
AcDbLine
 10
342.8025436524168
 20
2791.416149910555
 30
0.0
 11
335.7936975129959
 21
2795.464776576068
 31
0.0
  0
LINE
  5
707
330
2F
100
AcDbEntity
  8
A-DETL-GENF
100
AcDbLine
 10
335.7936975129939
 20
2795.46477657607
 30
0.0
 11
328.5473392414949
 21
2799.253622314195
 31
0.0
  0
LINE
  5
708
330
2F
100
AcDbEntity
  8
A-DETL-GENF
100
AcDbLine
 10
328.5473392414972
 20
2799.253622314193
 30
0.0
 11
321.2382418543161
 21
2802.699825963479
 31
0.0
  0
LINE
  5
709
330
2F
100
AcDbEntity
  8
A-DETL-GENF
100
AcDbLine
 10
321.2382418543165
 20
2802.699825963479
 30
0.0
 11
314.0157840006998
 21
2805.748519997726
 31
0.0
  0
LINE
  5
70A
330
2F
100
AcDbEntity
  8
A-DETL-GENF
100
AcDbLine
 10
314.0157840006962
 20
2805.748519997727
 30
0.0
 11
306.9277668569701
 21
2808.456811431764
 31
0.0
  0
LINE
  5
70B
330
2F
100
AcDbEntity
  8
A-DETL-GENF
100
AcDbLine
 10
306.9277668569692
 20
2808.456811431766
 30
0.0
 11
299.9965972321552
 21
2810.909800915614
 31
0.0
  0
LINE
  5
70C
330
2F
100
AcDbEntity
  8
A-DETL-GENF
100
AcDbLine
 10
299.9965972321437
 20
2810.909800915618
 30
0.0
 11
293.2446819345038
 21
2813.192589099483
 31
0.0
  0
LINE
  5
70D
330
2F
100
AcDbEntity
  8
A-DETL-GENF
100
AcDbLine
 10
293.244681935112
 20
2813.192589099278
 30
0.0
 11
286.6944277735818
 21
2815.390276633055
 31
0.0
  0
LINE
  5
70E
330
2F
100
AcDbEntity
  8
A-DETL-GENF
100
AcDbLine
 10
286.6944277735864
 20
2815.390276633054
 30
0.0
 11
280.3682415572036
 21
2817.587964166711
 31
0.0
  0
LINE
  5
70F
330
2F
100
AcDbEntity
  8
A-DETL-GENF
100
AcDbLine
 10
280.3682415571989
 20
2817.587964166713
 30
0.0
 11
274.2885300943292
 21
2819.870752350455
 31
0.0
  0
LINE
  5
710
330
2F
100
AcDbEntity
  8
A-DETL-GENF
100
AcDbLine
 10
274.2885300943263
 20
2819.870752350457
 30
0.0
 11
268.4777001937148
 21
2822.32374183427
 31
0.0
  0
LINE
  5
711
330
2F
100
AcDbEntity
  8
A-DETL-GENF
100
AcDbLine
 10
268.4777001937137
 20
2822.323741834271
 30
0.0
 11
262.9581586639748
 21
2825.032033268309
 31
0.0
  0
LINE
  5
712
330
2F
100
AcDbEntity
  8
A-DETL-GENF
100
AcDbLine
 10
262.9581586639758
 20
2825.032033268309
 30
0.0
 11
257.7523123137238
 21
2828.080727302591
 31
0.0
  0
LINE
  5
713
330
2F
100
AcDbEntity
  8
A-DETL-GENF
100
AcDbLine
 10
257.7523123137238
 20
2828.080727302591
 30
0.0
 11
252.8676300841555
 21
2831.537755159261
 31
0.0
  0
LINE
  5
714
330
2F
100
AcDbEntity
  8
A-DETL-GENF
100
AcDbLine
 10
252.8676300841556
 20
2831.537755159261
 30
0.0
 11
248.2518294452629
 21
2835.402370349155
 31
0.0
  0
LINE
  5
715
330
2F
100
AcDbEntity
  8
A-DETL-GENF
100
AcDbLine
 10
248.2518294452622
 20
2835.402370349155
 30
0.0
 11
243.8376899992036
 21
2839.656656955131
 31
0.0
  0
LINE
  5
716
330
2F
100
AcDbEntity
  8
A-DETL-GENF
100
AcDbLine
 10
243.8376899992035
 20
2839.656656955131
 30
0.0
 11
239.5579913484125
 21
2844.282699060051
 31
0.0
  0
LINE
  5
717
330
2F
100
AcDbEntity
  8
A-DETL-GENF
100
AcDbLine
 10
239.557991348412
 20
2844.282699060051
 30
0.0
 11
235.3455130953259
 21
2849.262580746841
 31
0.0
  0
LINE
  5
718
330
2F
100
AcDbEntity
  8
A-DETL-GENF
100
AcDbLine
 10
235.3455130953253
 20
2849.262580746842
 30
0.0
 11
231.1330348423773
 21
2854.578386098397
 31
0.0
  0
LINE
  5
719
330
2F
100
AcDbEntity
  8
A-DETL-GENF
100
AcDbLine
 10
231.1330348423794
 20
2854.578386098394
 30
0.0
 11
226.853336191733
 21
2860.212199197603
 31
0.0
  0
LINE
  5
71A
330
2F
100
AcDbEntity
  8
A-DETL-GENF
100
AcDbLine
 10
226.8533361917346
 20
2860.212199197601
 30
0.0
 11
222.4391967456661
 21
2866.146104127349
 31
0.0
  0
LINE
  5
71B
330
2F
100
AcDbEntity
  8
A-DETL-GENF
100
AcDbLine
 10
222.4391967456661
 20
2866.146104127349
 30
0.0
 11
217.8233961066291
 21
2872.362184970507
 31
0.0
  0
LINE
  5
71C
330
2F
100
AcDbEntity
  8
A-DETL-GENF
100
AcDbLine
 10
217.8233961066372
 20
2872.362184970496
 30
0.0
 11
212.9387138770739
 21
2878.842525809948
 31
0.0
  0
LINE
  5
71D
330
2F
100
AcDbEntity
  8
A-DETL-GENF
100
AcDbLine
 10
212.9387138770673
 20
2878.842525809957
 30
0.0
 11
207.7478053922935
 21
2885.543083328335
 31
0.0
  0
LINE
  5
71E
330
2F
100
AcDbEntity
  8
A-DETL-GENF
100
AcDbLine
 10
207.7478053922917
 20
2885.543083328337
 30
0.0
 11
202.332828920076
 21
2892.315304606853
 31
0.0
  0
LINE
  5
71F
330
2F
100
AcDbEntity
  8
A-DETL-GENF
100
AcDbLine
 10
202.3328289200751
 20
2892.315304606854
 30
0.0
 11
196.8058184611982
 21
2898.984509326607
 31
0.0
  0
LINE
  5
720
330
2F
100
AcDbEntity
  8
A-DETL-GENF
100
AcDbLine
 10
196.805818461201
 20
2898.984509326604
 30
0.0
 11
191.2788080164609
 21
2905.376017168494
 31
0.0
  0
LINE
  5
721
330
2F
100
AcDbEntity
  8
A-DETL-GENF
100
AcDbLine
 10
191.2788080164643
 20
2905.376017168491
 30
0.0
 11
185.8638315867925
 21
2911.315147813532
 31
0.0
  0
LINE
  5
722
330
2F
100
AcDbEntity
  8
A-DETL-GENF
100
AcDbLine
 10
185.863831586794
 20
2911.31514781353
 30
0.0
 11
180.6729231731265
 21
2916.62722094266
 31
0.0
  0
LINE
  5
723
330
2F
100
AcDbEntity
  8
A-DETL-GENF
100
AcDbLine
 10
180.6729231731274
 20
2916.627220942659
 30
0.0
 11
175.8181167759757
 21
2921.137556236896
 31
0.0
  0
LINE
  5
724
330
2F
100
AcDbEntity
  8
A-DETL-GENF
100
AcDbLine
 10
175.8181167759756
 20
2921.137556236896
 30
0.0
 11
171.4114463964117
 21
2924.67147337725
 31
0.0
  0
LINE
  5
725
330
2F
100
AcDbEntity
  8
A-DETL-GENF
100
AcDbLine
 10
171.4114463964118
 20
2924.67147337725
 30
0.0
 11
167.564946035227
 21
2927.054292044632
 31
0.0
  0
LINE
  5
726
330
2F
100
AcDbEntity
  8
A-DETL-GENF
100
AcDbLine
 10
167.564946035227
 20
2927.054292044632
 30
0.0
 11
164.3906496929372
 21
2928.111331920088
 31
0.0
  0
LINE
  5
727
330
2F
100
AcDbEntity
  8
A-DETL-GENF
100
AcDbLine
 10
164.3906496929372
 20
2928.111331920088
 30
0.0
 11
161.962873256571
 21
2927.727259203273
 31
0.0
  0
LINE
  5
728
330
2F
100
AcDbEntity
  8
A-DETL-GENF
100
AcDbLine
 10
161.962873256571
 20
2927.727259203273
 30
0.0
 11
160.2050601557435
 21
2926.02412616861
 31
0.0
  0
LINE
  5
729
330
2F
100
AcDbEntity
  8
A-DETL-GENF
100
AcDbLine
 10
160.2050601557435
 20
2926.02412616861
 30
0.0
 11
159.0029357058898
 21
2923.183331609269
 31
0.0
  0
LINE
  5
72A
330
2F
100
AcDbEntity
  8
A-DETL-GENF
100
AcDbLine
 10
159.0029357058898
 20
2923.183331609269
 30
0.0
 11
158.2422252221677
 21
2919.386274318418
 31
0.0
  0
LINE
  5
72B
330
2F
100
AcDbEntity
  8
A-DETL-GENF
100
AcDbLine
 10
158.2422252221677
 20
2919.386274318418
 30
0.0
 11
157.8086540205665
 21
2914.814353089156
 31
0.0
  0
LINE
  5
72C
330
2F
100
AcDbEntity
  8
A-DETL-GENF
100
AcDbLine
 10
157.8086540205666
 20
2914.814353089157
 30
0.0
 11
157.5879474159672
 21
2909.64896671469
 31
0.0
  0
LINE
  5
72D
330
2F
100
AcDbEntity
  8
A-DETL-GENF
100
AcDbLine
 10
157.5879474159672
 20
2909.648966714689
 30
0.0
 11
157.4658307245043
 21
2904.071513988422
 31
0.0
  0
LINE
  5
72E
330
2F
100
AcDbEntity
  8
A-DETL-GENF
100
AcDbLine
 10
157.4658307245023
 20
2904.071513988315
 30
0.0
 11
157.3280292608997
 21
2898.263393702641
 31
0.0
  0
LINE
  5
72F
330
2F
100
AcDbEntity
  8
A-DETL-GENF
100
AcDbLine
 10
157.3280292608998
 20
2898.263393702642
 30
0.0
 11
157.0602683413017
 21
2892.406004651324
 31
0.0
  0
LINE
  5
730
330
2F
100
AcDbEntity
  8
A-DETL-GENF
100
AcDbLine
 10
157.0602683413017
 20
2892.406004651324
 30
0.0
 11
156.5482732807228
 21
2886.680745627375
 31
0.0
  0
LINE
  5
731
330
2F
100
AcDbEntity
  8
A-DETL-GENF
100
AcDbLine
 10
156.5482732807228
 20
2886.680745627375
 30
0.0
 11
155.6968151779692
 21
2881.24064853227
 31
0.0
  0
LINE
  5
732
330
2F
100
AcDbEntity
  8
A-DETL-GENF
100
AcDbLine
 10
155.6968151779692
 20
2881.24064853227
 30
0.0
 11
154.4868482639463
 21
2876.125277700623
 31
0.0
  0
LINE
  5
733
330
2F
100
AcDbEntity
  8
A-DETL-GENF
100
AcDbLine
 10
154.4868482639463
 20
2876.125277700623
 30
0.0
 11
152.9183725530693
 21
2871.345830575394
 31
0.0
  0
LINE
  5
734
330
2F
100
AcDbEntity
  8
A-DETL-GENF
100
AcDbLine
 10
152.9183725530693
 20
2871.345830575394
 30
0.0
 11
150.9913880593372
 21
2866.913504599645
 31
0.0
  0
LINE
  5
735
330
2F
100
AcDbEntity
  8
A-DETL-GENF
100
AcDbLine
 10
150.9913880593372
 20
2866.913504599645
 30
0.0
 11
148.7058947971654
 21
2862.839497216334
 31
0.0
  0
LINE
  5
736
330
2F
100
AcDbEntity
  8
A-DETL-GENF
100
AcDbLine
 10
148.7058947971654
 20
2862.839497216334
 30
0.0
 11
146.0618927805531
 21
2859.13500586842
 31
0.0
  0
LINE
  5
737
330
2F
100
AcDbEntity
  8
A-DETL-GENF
100
AcDbLine
 10
146.0618927805531
 20
2859.13500586842
 30
0.0
 11
143.0593820237769
 21
2855.811227998862
 31
0.0
  0
LINE
  5
738
330
2F
100
AcDbEntity
  8
A-DETL-GENF
100
AcDbLine
 10
143.0593820237769
 20
2855.811227998862
 30
0.0
 11
139.6983625411132
 21
2852.879361050653
 31
0.0
  0
LINE
  5
739
330
2F
100
AcDbEntity
  8
A-DETL-GENF
100
AcDbLine
 10
139.6983625411133
 20
2852.879361050653
 30
0.0
 11
135.9788343465614
 21
2850.350602466821
 31
0.0
  0
LINE
  5
73A
330
2F
100
AcDbEntity
  8
A-DETL-GENF
100
AcDbLine
 10
135.9788343465615
 20
2850.350602466821
 30
0.0
 11
131.9007974546752
 21
2848.236149690256
 31
0.0
  0
LINE
  5
73B
330
2F
100
AcDbEntity
  8
A-DETL-GENF
100
AcDbLine
 10
131.9007974546753
 20
2848.236149690256
 30
0.0
 11
127.4866586714347
 21
2846.529284238562
 31
0.0
  0
LINE
  5
73C
330
2F
100
AcDbEntity
  8
A-DETL-GENF
100
AcDbLine
 10
127.4866586714349
 20
2846.529284238562
 30
0.0
 11
122.8484519717127
 21
2845.15162392745
 31
0.0
  0
LINE
  5
73D
330
2F
100
AcDbEntity
  8
A-DETL-GENF
100
AcDbLine
 10
122.8484519717113
 20
2845.15162392745
 30
0.0
 11
118.1206181226429
 21
2844.006870647138
 31
0.0
  0
LINE
  5
73E
330
2F
100
AcDbEntity
  8
A-DETL-GENF
100
AcDbLine
 10
118.1206181226511
 20
2844.00687064714
 30
0.0
 11
113.4375978907977
 21
2842.998726288016
 31
0.0
  0
LINE
  5
73F
330
2F
100
AcDbEntity
  8
A-DETL-GENF
100
AcDbLine
 10
113.4375978907977
 20
2842.998726288016
 30
0.0
 11
108.9338320434495
 21
2842.030892740303
 31
0.0
  0
LINE
  5
740
330
2F
100
AcDbEntity
  8
A-DETL-GENF
100
AcDbLine
 10
108.933832043442
 20
2842.030892740302
 30
0.0
 11
104.7437613470392
 21
2841.007071894217
 31
0.0
  0
LINE
  5
741
330
2F
100
AcDbEntity
  8
A-DETL-GENF
100
AcDbLine
 10
104.7437613470396
 20
2841.007071894217
 30
0.0
 11
101.001826568833
 21
2839.830965640184
 31
0.0
  0
LINE
  5
742
330
2F
100
AcDbEntity
  8
A-DETL-GENF
100
AcDbLine
 10
101.0018265688329
 20
2839.830965640184
 30
0.0
 11
97.84246847554753
 21
2838.406275868317
 31
0.0
  0
LINE
  5
743
330
2F
100
AcDbEntity
  8
A-DETL-GENF
100
AcDbLine
 10
97.84246847554749
 20
2838.406275868317
 30
0.0
 11
95.4001278341755
 21
2836.636704469043
 31
0.0
  0
LINE
  5
744
330
2F
100
AcDbEntity
  8
A-DETL-GENF
100
AcDbLine
 10
95.4001278341755
 20
2836.636704469043
 30
0.0
 11
93.8092454115711
 21
2834.425953332509
 31
0.0
  0
LINE
  5
745
330
2F
100
AcDbEntity
  8
A-DETL-GENF
100
AcDbLine
 10
93.8092454115711
 20
2834.425953332509
 30
0.0
 11
93.15571391767335
 21
2831.706837731419
 31
0.0
  0
LINE
  5
746
330
2F
100
AcDbEntity
  8
A-DETL-GENF
100
AcDbLine
 10
93.15571391767335
 20
2831.706837731419
 30
0.0
 11
93.33123383392957
 21
2828.528626467648
 31
0.0
  0
LINE
  5
747
330
2F
100
AcDbEntity
  8
A-DETL-GENF
100
AcDbLine
 10
93.33123383392957
 20
2828.528626467648
 30
0.0
 11
94.1789575845949
 21
2824.969701725521
 31
0.0
  0
LINE
  5
748
330
2F
100
AcDbEntity
  8
A-DETL-GENF
100
AcDbLine
 10
94.1789575845949
 20
2824.969701725521
 30
0.0
 11
95.542037594063
 21
2821.108445689294
 31
0.0
  0
LINE
  5
749
330
2F
100
AcDbEntity
  8
A-DETL-GENF
100
AcDbLine
 10
95.542037594063
 20
2821.108445689294
 30
0.0
 11
97.26362628714388
 21
2817.023240543222
 31
0.0
  0
LINE
  5
74A
330
2F
100
AcDbEntity
  8
A-DETL-GENF
100
AcDbLine
 10
97.26362628714344
 20
2817.023240543223
 30
0.0
 11
99.18687608762536
 21
2812.792468471675
 31
0.0
  0
LINE
  5
74B
330
2F
100
AcDbEntity
  8
A-DETL-GENF
100
AcDbLine
 10
99.18687608769717
 20
2812.792468471517
 30
0.0
 11
101.1549394206066
 21
2808.494511658645
 31
0.0
  0
LINE
  5
74C
330
2F
100
AcDbEntity
  8
A-DETL-GENF
100
AcDbLine
 10
101.1549394206064
 20
2808.494511658645
 30
0.0
 11
103.010968710055
 21
2804.207752288681
 31
0.0
  0
LINE
  5
74D
330
2F
100
AcDbEntity
  8
A-DETL-GENF
100
AcDbLine
 10
103.010968710055
 20
2804.207752288681
 30
0.0
 11
104.5981163804128
 21
2800.010572546003
 31
0.0
  0
LINE
  5
74E
330
2F
100
AcDbEntity
  8
A-DETL-GENF
100
AcDbLine
 10
104.5981163804128
 20
2800.010572546003
 30
0.0
 11
105.7595348562128
 21
2795.981354614829
 31
0.0
  0
LINE
  5
74F
330
2F
100
AcDbEntity
  8
A-DETL-GENF
100
AcDbLine
 10
105.7595348562128
 20
2795.981354614829
 30
0.0
 11
106.3787087975324
 21
2792.179445006906
 31
0.0
  0
LINE
  5
750
330
2F
100
AcDbEntity
  8
A-DETL-GENF
100
AcDbLine
 10
106.3787087975324
 20
2792.179445006906
 30
0.0
 11
106.5004518075995
 21
2788.5880475439
 31
0.0
  0
LINE
  5
751
330
2F
100
AcDbEntity
  8
A-DETL-GENF
100
AcDbLine
 10
106.5004518075995
 20
2788.5880475439
 30
0.0
 11
106.209909725187
 21
2785.171330374862
 31
0.0
  0
LINE
  5
752
330
2F
100
AcDbEntity
  8
A-DETL-GENF
100
AcDbLine
 10
106.209909725187
 20
2785.171330374862
 30
0.0
 11
105.5922283893451
 21
2781.893461648949
 31
0.0
  0
LINE
  5
753
330
2F
100
AcDbEntity
  8
A-DETL-GENF
100
AcDbLine
 10
105.5922283893451
 20
2781.893461648949
 30
0.0
 11
104.7325536391239
 21
2778.718609515212
 31
0.0
  0
LINE
  5
754
330
2F
100
AcDbEntity
  8
A-DETL-GENF
100
AcDbLine
 10
104.7325536391239
 20
2778.718609515212
 30
0.0
 11
103.716031313158
 21
2775.610942122773
 31
0.0
  0
LINE
  5
755
330
2F
100
AcDbEntity
  8
A-DETL-GENF
100
AcDbLine
 10
103.7160313131576
 20
2775.610942122772
 30
0.0
 11
102.6278072506406
 21
2772.534627620731
 31
0.0
  0
LINE
  5
756
330
2F
100
AcDbEntity
  8
A-DETL-GENF
100
AcDbLine
 10
102.6278072506466
 20
2772.534627620748
 30
0.0
 11
101.5530272903303
 21
2769.453834158131
 31
0.0
  0
LINE
  5
757
330
2F
100
AcDbEntity
  8
A-DETL-GENF
100
AcDbLine
 10
101.5530272903301
 20
2769.45383415813
 30
0.0
 11
100.5768372711532
 21
2766.332729884171
 31
0.0
  0
LINE
  5
758
330
2F
100
AcDbEntity
  8
A-DETL-GENF
100
AcDbLine
 10
100.5768372711532
 20
2766.332729884171
 30
0.0
 11
99.7843830322934
 21
2763.135482947854
 31
0.0
  0
ENDBLK
  5
31
330
2F
100
AcDbEntity
  8
0
100
AcDbBlockEnd
  0
ENDSEC
  0
SECTION
  2
ENTITIES
  0
INSERT
  5
75A
330
17
100
AcDbEntity
  8
0
100
AcDbBlockReference
  2
90 boom_aanzicht - 1_ Boom_Schaduw-3645209-00_0 Basismaterialen
 10
0.0
 20
0.0
 30
0.0
  0
ENDSEC
  0
SECTION
  2
OBJECTS
  0
DICTIONARY
  5
A
330
0
100
AcDbDictionary
281
1
  3
ACAD_COLOR
350
B
  3
ACAD_GROUP
350
C
  3
ACAD_LAYOUT
350
D
  3
ACAD_MATERIAL
350
E
  3
ACAD_MLEADERSTYLE
350
F
  3
ACAD_MLINESTYLE
350
10
  3
ACAD_PLOTSETTINGS
350
11
  3
ACAD_PLOTSTYLENAME
350
12
  3
ACAD_SCALELIST
350
14
  3
ACAD_TABLESTYLE
350
15
  3
ACAD_VISUALSTYLE
350
16
  3
EZDXF_META
350
2D
  0
DICTIONARY
  5
B
330
A
100
AcDbDictionary
281
1
  0
DICTIONARY
  5
C
330
A
100
AcDbDictionary
281
1
  0
DICTIONARY
  5
D
330
A
100
AcDbDictionary
281
1
  3
Model
350
1A
  3
Layout1
350
1E
  0
DICTIONARY
  5
E
330
A
100
AcDbDictionary
281
1
  3
ByBlock
350
1F
  3
ByLayer
350
20
  3
Global
350
21
  0
DICTIONARY
  5
F
330
A
100
AcDbDictionary
281
1
  3
Standard
350
2C
  0
DICTIONARY
  5
10
330
A
100
AcDbDictionary
281
1
  3
Standard
350
22
  0
DICTIONARY
  5
11
330
A
100
AcDbDictionary
281
1
  0
ACDBDICTIONARYWDFLT
  5
12
330
A
100
AcDbDictionary
281
1
  3
Normal
350
13
100
AcDbDictionaryWithDefault
340
13
  0
ACDBPLACEHOLDER
  5
13
330
12
  0
DICTIONARY
  5
14
330
A
100
AcDbDictionary
281
1
  0
DICTIONARY
  5
15
330
A
100
AcDbDictionary
281
1
  0
DICTIONARY
  5
16
330
A
100
AcDbDictionary
281
1
  0
LAYOUT
  5
1A
330
D
100
AcDbPlotSettings
  1

  4
A3
  6

 40
7.5
 41
20.0
 42
7.5
 43
20.0
 44
420.0
 45
297.0
 46
0.0
 47
0.0
 48
0.0
 49
0.0
140
0.0
141
0.0
142
1.0
143
1.0
 70
1024
 72
1
 73
0
 74
5
  7

 75
16
 76
0
 77
2
 78
300
147
1.0
148
0.0
149
0.0
100
AcDbLayout
  1
Model
 70
1
 71
0
 10
0.0
 20
0.0
 11
420.0
 21
297.0
 12
0.0
 22
0.0
 32
0.0
 14
1e+20
 24
1e+20
 34
1e+20
 15
-1e+20
 25
-1e+20
 35
-1e+20
146
0.0
 13
0.0
 23
0.0
 33
0.0
 16
1.0
 26
0.0
 36
0.0
 17
0.0
 27
1.0
 37
0.0
 76
1
330
17
  0
LAYOUT
  5
1E
330
D
100
AcDbPlotSettings
  1

  4
A3
  6

 40
7.5
 41
20.0
 42
7.5
 43
20.0
 44
420.0
 45
297.0
 46
0.0
 47
0.0
 48
0.0
 49
0.0
140
0.0
141
0.0
142
1.0
143
1.0
 70
0
 72
1
 73
0
 74
5
  7

 75
16
 76
0
 77
2
 78
300
147
1.0
148
0.0
149
0.0
100
AcDbLayout
  1
Layout1
 70
1
 71
1
 10
0.0
 20
0.0
 11
420.0
 21
297.0
 12
0.0
 22
0.0
 32
0.0
 14
1e+20
 24
1e+20
 34
1e+20
 15
-1e+20
 25
-1e+20
 35
-1e+20
146
0.0
 13
0.0
 23
0.0
 33
0.0
 16
1.0
 26
0.0
 36
0.0
 17
0.0
 27
1.0
 37
0.0
 76
1
330
1B
  0
MATERIAL
  5
1F
102
{ACAD_REACTORS
330
E
102
}
330
E
100
AcDbMaterial
  1
ByBlock
  2

 70
0
 40
1.0
 71
1
 41
1.0
 91
-1023410177
 42
1.0
 72
1
  3

 73
1
 74
1
 75
1
 44
0.5
 73
0
 45
1.0
 46
1.0
 77
1
  4

 78
1
 79
1
170
1
 48
1.0
171
1
  6

172
1
173
1
174
1
140
1.0
141
1.0
175
1
  7

176
1
177
1
178
1
143
1.0
179
1
  8

270
1
271
1
272
1
145
1.0
146
1.0
273
1
  9

274
1
275
1
276
1
 42
1.0
 72
1
  3

 73
1
 74
1
 75
1
 94
63
  0
MATERIAL
  5
20
102
{ACAD_REACTORS
330
E
102
}
330
E
100
AcDbMaterial
  1
ByLayer
  2

 70
0
 40
1.0
 71
1
 41
1.0
 91
-1023410177
 42
1.0
 72
1
  3

 73
1
 74
1
 75
1
 44
0.5
 73
0
 45
1.0
 46
1.0
 77
1
  4

 78
1
 79
1
170
1
 48
1.0
171
1
  6

172
1
173
1
174
1
140
1.0
141
1.0
175
1
  7

176
1
177
1
178
1
143
1.0
179
1
  8

270
1
271
1
272
1
145
1.0
146
1.0
273
1
  9

274
1
275
1
276
1
 42
1.0
 72
1
  3

 73
1
 74
1
 75
1
 94
63
  0
MATERIAL
  5
21
102
{ACAD_REACTORS
330
E
102
}
330
E
100
AcDbMaterial
  1
Global
  2

 70
0
 40
1.0
 71
1
 41
1.0
 91
-1023410177
 42
1.0
 72
1
  3

 73
1
 74
1
 75
1
 44
0.5
 73
0
 45
1.0
 46
1.0
 77
1
  4

 78
1
 79
1
170
1
 48
1.0
171
1
  6

172
1
173
1
174
1
140
1.0
141
1.0
175
1
  7

176
1
177
1
178
1
143
1.0
179
1
  8

270
1
271
1
272
1
145
1.0
146
1.0
273
1
  9

274
1
275
1
276
1
 42
1.0
 72
1
  3

 73
1
 74
1
 75
1
 94
63
  0
MLINESTYLE
  5
22
102
{ACAD_REACTORS
330
10
102
}
330
10
100
AcDbMlineStyle
  2
Standard
 70
0
  3

 62
256
 51
90.0
 52
90.0
 71
2
 49
0.5
 62
256
  6
BYLAYER
 49
-0.5
 62
256
  6
BYLAYER
  0
MLEADERSTYLE
  5
2C
102
{ACAD_REACTORS
330
F
102
}
330
F
100
AcDbMLeaderStyle
179
2
170
2
171
1
172
0
 90
2
 40
0.0
 41
0.0
173
1
 91
-1056964608
 92
-2
290
1
 42
2.0
291
1
 43
8.0
  3
Standard
 44
4.0
300

342
29
174
1
175
1
176
0
178
1
 93
-1056964608
 45
4.0
292
0
297
0
 46
4.0
 94
-1056964608
 47
1.0
 49
1.0
140
1.0
294
1
141
0.0
177
0
142
1.0
295
0
296
0
143
3.75
271
0
272
9
273
9
  0
DICTIONARY
  5
2D
330
A
100
AcDbDictionary
280
1
281
1
  3
CREATED_BY_EZDXF
350
2E
  3
WRITTEN_BY_EZDXF
350
75E
  0
DICTIONARYVAR
  5
2E
330
2D
100
DictionaryVariables
280
0
  1
1.4.3 @ 2026-02-13T04:54:15.336705+00:00
  0
DICTIONARYVAR
  5
75E
330
2D
100
DictionaryVariables
280
0
  1
1.4.3 @ 2026-02-13T04:54:15.455871+00:00
  0
ENDSEC
  0
EOF
