  0
SECTION
  2
HEADER
  9
$ACADVER
  1
AC1032
  9
$ACADMAINTVER
 90
4
  9
$DWGCODEPAGE
  3
ANSI_1252
  9
$LASTSAVEDBY
  1
ezdxf
  9
$REQUIREDVERSIONS
160
0
  9
$INSBASE
 10
0.0
 20
0.0
 30
0.0
  9
$EXTMIN
 10
1e+20
 20
1e+20
 30
1e+20
  9
$EXTMAX
 10
-1e+20
 20
-1e+20
 30
-1e+20
  9
$LIMMIN
 10
0.0
 20
0.0
  9
$LIMMAX
 10
420.0
 20
297.0
  9
$ORTHOMODE
 70
0
  9
$REGENMODE
 70
1
  9
$FILLMODE
 70
1
  9
$QTEXTMODE
 70
0
  9
$MIRRTEXT
 70
1
  9
$LTSCALE
 40
1.0
  9
$ATTMODE
 70
1
  9
$TEXTSIZE
 40
2.5
  9
$TRACEWID
 40
1.0
  9
$TEXTSTYLE
  7
Standard
  9
$CLAYER
  8
0
  9
$CELTYPE
  6
ByLayer
  9
$CECOLOR
 62
256
  9
$CELTSCALE
 40
1.0
  9
$DISPSILH
 70
0
  9
$DIMSCALE
 40
1.0
  9
$DIMASZ
 40
2.5
  9
$DIMEXO
 40
0.625
  9
$DIMDLI
 40
3.75
  9
$DIMRND
 40
0.0
  9
$DIMDLE
 40
0.0
  9
$DIMEXE
 40
1.25
  9
$DIMTP
 40
0.0
  9
$DIMTM
 40
0.0
  9
$DIMTXT
 40
2.5
  9
$DIMCEN
 40
2.5
  9
$DIMTSZ
 40
0.0
  9
$DIMTOL
 70
0
  9
$DIMLIM
 70
0
  9
$DIMTIH
 70
0
  9
$DIMTOH
 70
0
  9
$DIMSE1
 70
0
  9
$DIMSE2
 70
0
  9
$DIMTAD
 70
1
  9
$DIMZIN
 70
8
  9
$DIMBLK
  1

  9
$DIMASO
 70
1
  9
$DIMSHO
 70
1
  9
$DIMPOST
  1

  9
$DIMAPOST
  1

  9
$DIMALT
 70
0
  9
$DIMALTD
 70
3
  9
$DIMALTF
 40
0.03937007874
  9
$DIMLFAC
 40
1.0
  9
$DIMTOFL
 70
1
  9
$DIMTVP
 40
0.0
  9
$DIMTIX
 70
0
  9
$DIMSOXD
 70
0
  9
$DIMSAH
 70
0
  9
$DIMBLK1
  1

  9
$DIMBLK2
  1

  9
$DIMSTYLE
  2
ISO-25
  9
$DIMCLRD
 70
0
  9
$DIMCLRE
 70
0
  9
$DIMCLRT
 70
0
  9
$DIMTFAC
 40
1.0
  9
$DIMGAP
 40
0.625
  9
$DIMJUST
 70
0
  9
$DIMSD1
 70
0
  9
$DIMSD2
 70
0
  9
$DIMTOLJ
 70
0
  9
$DIMTZIN
 70
8
  9
$DIMALTZ
 70
0
  9
$DIMALTTZ
 70
0
  9
$DIMUPT
 70
0
  9
$DIMDEC
 70
2
  9
$DIMTDEC
 70
2
  9
$DIMALTU
 70
2
  9
$DIMALTTD
 70
3
  9
$DIMTXSTY
  7
Standard
  9
$DIMAUNIT
 70
0
  9
$DIMADEC
 70
0
  9
$DIMALTRND
 40
0.0
  9
$DIMAZIN
 70
0
  9
$DIMDSEP
 70
44
  9
$DIMATFIT
 70
3
  9
$DIMFRAC
 70
0
  9
$DIMLDRBLK
  1

  9
$DIMLUNIT
 70
2
  9
$DIMLWD
 70
-2
  9
$DIMLWE
 70
-2
  9
$DIMTMOVE
 70
0
  9
$DIMFXL
 40
1.0
  9
$DIMFXLON
 70
0
  9
$DIMJOGANG
 40
0.785398163397
  9
$DIMTFILL
 70
0
  9
$DIMTFILLCLR
 70
0
  9
$DIMARCSYM
 70
0
  9
$DIMLTYPE
  6

  9
$DIMLTEX1
  6

  9
$DIMLTEX2
  6

  9
$DIMTXTDIRECTION
 70
0
  9
$LUNITS
 70
2
  9
$LUPREC
 70
4
  9
$SKETCHINC
 40
1.0
  9
$FILLETRAD
 40
10.0
  9
$AUNITS
 70
0
  9
$AUPREC
 70
2
  9
$MENU
  1
.
  9
$ELEVATION
 40
0.0
  9
$PELEVATION
 40
0.0
  9
$THICKNESS
 40
0.0
  9
$LIMCHECK
 70
0
  9
$CHAMFERA
 40
0.0
  9
$CHAMFERB
 40
0.0
  9
$CHAMFERC
 40
0.0
  9
$CHAMFERD
 40
0.0
  9
$SKPOLY
 70
0
  9
$TDCREATE
 40
2461085.245972222
  9
$TDUCREATE
 40
2458532.153996898
  9
$TDUPDATE
 40
2461085.245972222
  9
$TDUUPDATE
 40
2458532.1544311
  9
$TDINDWG
 40
0.0
  9
$TDUSRTIMER
 40
0.0
  9
$USRTIMER
 70
1
  9
$ANGBASE
 50
0.0
  9
$ANGDIR
 70
0
  9
$PDMODE
 70
0
  9
$PDSIZE
 40
0.0
  9
$PLINEWID
 40
0.0
  9
$SPLFRAME
 70
0
  9
$SPLINETYPE
 70
6
  9
$SPLINESEGS
 70
8
  9
$HANDSEED
  5
298
  9
$SURFTAB1
 70
6
  9
$SURFTAB2
 70
6
  9
$SURFTYPE
 70
6
  9
$SURFU
 70
6
  9
$SURFV
 70
6
  9
$UCSBASE
  2

  9
$UCSNAME
  2

  9
$UCSORG
 10
0.0
 20
0.0
 30
0.0
  9
$UCSXDIR
 10
1.0
 20
0.0
 30
0.0
  9
$UCSYDIR
 10
0.0
 20
1.0
 30
0.0
  9
$UCSORTHOREF
  2

  9
$UCSORTHOVIEW
 70
0
  9
$UCSORGTOP
 10
0.0
 20
0.0
 30
0.0
  9
$UCSORGBOTTOM
 10
0.0
 20
0.0
 30
0.0
  9
$UCSORGLEFT
 10
0.0
 20
0.0
 30
0.0
  9
$UCSORGRIGHT
 10
0.0
 20
0.0
 30
0.0
  9
$UCSORGFRONT
 10
0.0
 20
0.0
 30
0.0
  9
$UCSORGBACK
 10
0.0
 20
0.0
 30
0.0
  9
$PUCSBASE
  2

  9
$PUCSNAME
  2

  9
$PUCSORG
 10
0.0
 20
0.0
 30
0.0
  9
$PUCSXDIR
 10
1.0
 20
0.0
 30
0.0
  9
$PUCSYDIR
 10
0.0
 20
1.0
 30
0.0
  9
$PUCSORTHOREF
  2

  9
$PUCSORTHOVIEW
 70
0
  9
$PUCSORGTOP
 10
0.0
 20
0.0
 30
0.0
  9
$PUCSORGBOTTOM
 10
0.0
 20
0.0
 30
0.0
  9
$PUCSORGLEFT
 10
0.0
 20
0.0
 30
0.0
  9
$PUCSORGRIGHT
 10
0.0
 20
0.0
 30
0.0
  9
$PUCSORGFRONT
 10
0.0
 20
0.0
 30
0.0
  9
$PUCSORGBACK
 10
0.0
 20
0.0
 30
0.0
  9
$USERI1
 70
0
  9
$USERI2
 70
0
  9
$USERI3
 70
0
  9
$USERI4
 70
0
  9
$USERI5
 70
0
  9
$USERR1
 40
0.0
  9
$USERR2
 40
0.0
  9
$USERR3
 40
0.0
  9
$USERR4
 40
0.0
  9
$USERR5
 40
0.0
  9
$WORLDVIEW
 70
1
  9
$SHADEDGE
 70
3
  9
$SHADEDIF
 70
70
  9
$TILEMODE
 70
1
  9
$MAXACTVP
 70
64
  9
$PINSBASE
 10
0.0
 20
0.0
 30
0.0
  9
$PLIMCHECK
 70
0
  9
$PEXTMIN
 10
1e+20
 20
1e+20
 30
1e+20
  9
$PEXTMAX
 10
-1e+20
 20
-1e+20
 30
-1e+20
  9
$PLIMMIN
 10
0.0
 20
0.0
  9
$PLIMMAX
 10
420.0
 20
297.0
  9
$UNITMODE
 70
0
  9
$VISRETAIN
 70
1
  9
$PLINEGEN
 70
0
  9
$PSLTSCALE
 70
1
  9
$TREEDEPTH
 70
3020
  9
$CMLSTYLE
  2
Standard
  9
$CMLJUST
 70
0
  9
$CMLSCALE
 40
20.0
  9
$PROXYGRAPHICS
 70
1
  9
$MEASUREMENT
 70
1
  9
$CELWEIGHT
370
-1
  9
$ENDCAPS
280
0
  9
$JOINSTYLE
280
0
  9
$LWDISPLAY
290
0
  9
$INSUNITS
 70
6
  9
$HYPERLINKBASE
  1

  9
$STYLESHEET
  1

  9
$XEDIT
290
1
  9
$CEPSNTYPE
380
0
  9
$PSTYLEMODE
290
1
  9
$FINGERPRINTGUID
  2
{95AF1D31-C44D-44D5-AE67-9FFFBE334574}
  9
$VERSIONGUID
  2
{7A7060E3-3CE9-4DFC-A8A9-3D7626CCB400}
  9
$EXTNAMES
290
1
  9
$PSVPSCALE
 40
0.0
  9
$OLESTARTUP
290
0
  9
$SORTENTS
280
127
  9
$INDEXCTL
280
0
  9
$HIDETEXT
280
1
  9
$XCLIPFRAME
280
1
  9
$HALOGAP
280
0
  9
$OBSCOLOR
 70
257
  9
$OBSLTYPE
280
0
  9
$INTERSECTIONDISPLAY
280
0
  9
$INTERSECTIONCOLOR
 70
257
  9
$DIMASSOC
280
2
  9
$PROJECTNAME
  1

  9
$CAMERADISPLAY
290
0
  9
$LENSLENGTH
 40
50.0
  9
$CAMERAHEIGHT
 40
0.0
  9
$STEPSPERSEC
 40
24.0
  9
$STEPSIZE
 40
100.0
  9
$3DDWFPREC
 40
2.0
  9
$PSOLWIDTH
 40
0.005
  9
$PSOLHEIGHT
 40
0.08
  9
$LOFTANG1
 40
1.570796326795
  9
$LOFTANG2
 40
1.570796326795
  9
$LOFTMAG1
 40
0.0
  9
$LOFTMAG2
 40
0.0
  9
$LOFTPARAM
 70
7
  9
$LOFTNORMALS
280
1
  9
$LATITUDE
 40
37.795
  9
$LONGITUDE
 40
-122.394
  9
$NORTHDIRECTION
 40
0.0
  9
$TIMEZONE
 70
-8000
  9
$LIGHTGLYPHDISPLAY
280
1
  9
$TILEMODELIGHTSYNCH
280
1
  9
$CMATERIAL
347
20
  9
$SOLIDHIST
280
0
  9
$SHOWHIST
280
1
  9
$DWFFRAME
280
2
  9
$DGNFRAME
280
2
  9
$REALWORLDSCALE
290
1
  9
$INTERFERECOLOR
 62
256
  9
$CSHADOW
280
0
  9
$SHADOWPLANELOCATION
 40
0.0
  0
ENDSEC
  0
SECTION
  2
CLASSES
  0
CLASS
  1
ACDBDICTIONARYWDFLT
  2
AcDbDictionaryWithDefault
  3
ObjectDBX Classes
 90
0
 91
0
280
0
281
0
  0
CLASS
  1
SUN
  2
AcDbSun
  3
SCENEOE
 90
1153
 91
0
280
0
281
0
  0
CLASS
  1
VISUALSTYLE
  2
AcDbVisualStyle
  3
ObjectDBX Classes
 90
4095
 91
0
280
0
281
0
  0
CLASS
  1
MATERIAL
  2
AcDbMaterial
  3
ObjectDBX Classes
 90
1153
 91
0
280
0
281
0
  0
CLASS
  1
SCALE
  2
AcDbScale
  3
ObjectDBX Classes
 90
1153
 91
0
280
0
281
0
  0
CLASS
  1
TABLESTYLE
  2
AcDbTableStyle
  3
ObjectDBX Classes
 90
4095
 91
0
280
0
281
0
  0
CLASS
  1
MLEADERSTYLE
  2
AcDbMLeaderStyle
  3
ACDB_MLEADERSTYLE_CLASS
 90
4095
 91
0
280
0
281
0
  0
CLASS
  1
DICTIONARYVAR
  2
AcDbDictionaryVar
  3
ObjectDBX Classes
 90
0
 91
0
280
0
281
0
  0
CLASS
  1
CELLSTYLEMAP
  2
AcDbCellStyleMap
  3
ObjectDBX Classes
 90
1152
 91
0
280
0
281
0
  0
CLASS
  1
MENTALRAYRENDERSETTINGS
  2
AcDbMentalRayRenderSettings
  3
SCENEOE
 90
1024
 91
0
280
0
281
0
  0
CLASS
  1
ACDBDETAILVIEWSTYLE
  2
AcDbDetailViewStyle
  3
ObjectDBX Classes
 90
1025
 91
0
280
0
281
0
  0
CLASS
  1
ACDBSECTIONVIEWSTYLE
  2
AcDbSectionViewStyle
  3
ObjectDBX Classes
 90
1025
 91
0
280
0
281
0
  0
CLASS
  1
RASTERVARIABLES
  2
AcDbRasterVariables
  3
ISM
 90
0
 91
0
280
0
281
0
  0
CLASS
  1
LAYOUT
  2
AcDbLayout
  3
ObjectDBX Classes
 90
0
 91
0
280
0
281
0
  0
CLASS
  1
ACDBPLACEHOLDER
  2
AcDbPlaceHolder
  3
ObjectDBX Classes
 90
0
 91
0
280
0
281
0
  0
ENDSEC
  0
SECTION
  2
TABLES
  0
TABLE
  2
VPORT
  5
8
330
0
100
AcDbSymbolTable
 70
1
  0
VPORT
  5
23
330
8
100
AcDbSymbolTableRecord
100
AcDbViewportTableRecord
  2
*Active
 70
0
 10
0.0
 20
0.0
 11
1.0
 21
1.0
 12
0.0
 22
0.0
 13
0.0
 23
0.0
 14
0.5
 24
0.5
 15
0.5
 25
0.5
 16
0.0
 26
0.0
 36
1.0
 17
0.0
 27
0.0
 37
0.0
 40
1000.0
 41
1.34
 42
50.0
 43
0.0
 44
0.0
 50
0.0
 51
0.0
 71
0
 72
1000
 73
1
 74
3
 75
0
 76
0
 77
0
 78
0
281
0
 65
0
146
0.0
  0
ENDTAB
  0
TABLE
  2
LTYPE
  5
2
330
0
100
AcDbSymbolTable
 70
3
  0
LTYPE
  5
24
330
2
100
AcDbSymbolTableRecord
100
AcDbLinetypeTableRecord
  2
ByBlock
 70
0
  3

 72
65
 73
0
 40
0.0
  0
LTYPE
  5
25
330
2
100
AcDbSymbolTableRecord
100
AcDbLinetypeTableRecord
  2
ByLayer
 70
0
  3

 72
65
 73
0
 40
0.0
  0
LTYPE
  5
26
330
2
100
AcDbSymbolTableRecord
100
AcDbLinetypeTableRecord
  2
Continuous
 70
0
  3

 72
65
 73
0
 40
0.0
  0
ENDTAB
  0
TABLE
  2
LAYER
  5
1
330
0
100
AcDbSymbolTable
 70
3
  0
LAYER
  5
27
330
1
100
AcDbSymbolTableRecord
100
AcDbLayerTableRecord
  2
0
 70
0
 62
7
  6
Continuous
370
-3
390
13
347
21
  0
LAYER
  5
28
330
1
100
AcDbSymbolTableRecord
100
AcDbLayerTableRecord
  2
Defpoints
 70
0
 62
7
  6
Continuous
290
0
370
-3
390
13
347
21
  0
LAYER
  5
292
330
1
100
AcDbSymbolTableRecord
100
AcDbLayerTableRecord
  2
A-DETL-GENF
 70
0
 62
92
  6
Continuous
370
18
390
13
347
21
348
0
  0
ENDTAB
  0
TABLE
  2
STYLE
  5
5
330
0
100
AcDbSymbolTable
 70
1
  0
STYLE
  5
29
330
5
100
AcDbSymbolTableRecord
100
AcDbTextStyleTableRecord
  2
Standard
 70
0
 40
0.0
 41
1.0
 50
0.0
 71
0
 42
2.5
  3
txt
  4

  0
ENDTAB
  0
TABLE
  2
VIEW
  5
7
330
0
100
AcDbSymbolTable
 70
0
  0
ENDTAB
  0
TABLE
  2
UCS
  5
6
330
0
100
AcDbSymbolTable
 70
0
  0
ENDTAB
  0
TABLE
  2
APPID
  5
3
330
0
100
AcDbSymbolTable
 70
3
  0
APPID
  5
2A
330
3
100
AcDbSymbolTableRecord
100
AcDbRegAppTableRecord
  2
ACAD
 70
0
  0
APPID
  5
295
330
3
100
AcDbSymbolTableRecord
100
AcDbRegAppTableRecord
  2
HATCHBACKGROUNDCOLOR
 70
0
  0
APPID
  5
296
330
3
100
AcDbSymbolTableRecord
100
AcDbRegAppTableRecord
  2
EZDXF
 70
0
  0
ENDTAB
  0
TABLE
  2
DIMSTYLE
  5
4
330
0
100
AcDbSymbolTable
 70
1
100
AcDbDimStyleTable
  0
DIMSTYLE
105
2B
330
4
100
AcDbSymbolTableRecord
100
AcDbDimStyleTableRecord
  2
Standard
 70
0
 40
1.0
 41
2.5
 42
0.625
 43
3.75
 44
1.25
 45
0.0
 46
0.0
 47
0.0
 48
0.0
 49
2.5
140
2.5
141
2.5
142
0.0
143
0.03937007874
144
1.0
145
0.0
146
1.0
147
0.625
148
0.0
 69
0
 70
0
 71
0
 72
0
 73
0
 74
0
 75
0
 76
0
 77
1
 78
8
 79
3
170
0
171
3
172
1
173
0
174
0
175
0
176
0
177
0
178
0
179
2
271
2
272
2
273
2
274
3
275
0
276
0
277
2
278
44
279
0
280
0
281
0
282
0
283
0
284
8
285
0
286
0
288
0
289
3
290
0
371
-2
372
-2
  0
ENDTAB
  0
TABLE
  2
BLOCK_RECORD
  5
9
330
0
100
AcDbSymbolTable
 70
3
  0
BLOCK_RECORD
  5
17
330
9
100
AcDbSymbolTableRecord
100
AcDbBlockTableRecord
  2
*Model_Space
340
1A
 70
0
280
1
281
0
  0
BLOCK_RECORD
  5
1B
330
9
100
AcDbSymbolTableRecord
100
AcDbBlockTableRecord
  2
*Paper_Space
340
1E
 70
0
280
1
281
0
  0
BLOCK_RECORD
  5
2F
330
9
100
AcDbSymbolTableRecord
100
AcDbBlockTableRecord
  2
31 AcouStream_rooster - Type 1-1635758-00_0 Basismaterialen
340
0
 70
0
280
1
281
0
  0
ENDTAB
  0
ENDSEC
  0
SECTION
  2
BLOCKS
  0
BLOCK
  5
18
330
17
100
AcDbEntity
  8
0
100
AcDbBlockBegin
  2
*Model_Space
 70
0
 10
0.0
 20
0.0
 30
0.0
  3
*Model_Space
  1

  0
ENDBLK
  5
19
330
17
100
AcDbEntity
  8
0
100
AcDbBlockEnd
  0
BLOCK
  5
1C
330
1B
100
AcDbEntity
  8
0
100
AcDbBlockBegin
  2
*Paper_Space
 70
0
 10
0.0
 20
0.0
 30
0.0
  3
*Paper_Space
  1

  0
ENDBLK
  5
1D
330
1B
100
AcDbEntity
  8
0
100
AcDbBlockEnd
  0
BLOCK
  5
30
330
2F
100
AcDbEntity
  8
0
100
AcDbBlockBegin
  2
31 AcouStream_rooster - Type 1-1635758-00_0 Basismaterialen
 70
0
 10
0.0
 20
0.0
 30
0.0
  3
31 AcouStream_rooster - Type 1-1635758-00_0 Basismaterialen
  1

  0
HATCH
  5
32
330
2F
100
AcDbEntity
  8
A-DETL-GENF
100
AcDbHatch
 10
0.0
 20
0.0
 30
0.0
210
0.0
220
0.0
230
1.0
  2
SOLID
 70
1
 71
0
 91
1
 92
1
 93
144
 72
1
 10
-11.32434252929545
 20
6.928876260362062
 11
-10.33458167695544
 21
8.706844406344642
 72
1
 10
-10.33458167695544
 20
8.706844406344642
 11
-9.295246167832842
 21
10.45004463394415
 72
1
 10
-9.295246167832842
 20
10.45004463394415
 11
-8.20659621569581
 21
12.1586594374238
 72
1
 10
-8.20659621569581
 20
12.1586594374238
 11
-7.068892034355826
 21
13.83287131110311
 72
1
 10
-7.068892034355826
 20
13.83287131110311
 11
-5.882307099638114
 21
15.4728019178632
 72
1
 10
-5.882307099638114
 20
15.4728019178632
 11
-4.64666793563515
 21
17.07832959476447
 72
1
 10
-4.64666793563515
 20
17.07832959476447
 11
-3.361714328492144
 21
18.64927184750257
 72
1
 10
-3.361714328492144
 20
18.64927184750257
 11
2.437529314744893
 21
25.32477620502279
 72
1
 10
2.437529314744892
 20
25.32477620502279
 11
8.173213152334961
 21
29.75786646418622
 72
1
 10
8.173213152334961
 20
29.75786646418622
 11
11.19041741582441
 21
31.85125999598222
 72
1
 10
11.19041741582441
 20
31.85125999598222
 11
13.66601279016435
 21
33.40890748670178
 72
1
 10
13.66601279016435
 20
33.40890748670178
 11
16.20105876364249
 21
34.8571828977042
 72
1
 10
16.20105876364249
 20
34.8571828977042
 11
19.23617337621718
 21
36.40715518472355
 72
1
 10
19.23617337621718
 20
36.40715518472355
 11
21.44862135762419
 21
37.4272385448433
 72
1
 10
21.44862135762419
 20
37.4272385448433
 11
24.16223941618574
 21
38.54699245036411
 72
1
 10
24.16223941618574
 20
38.54699245036411
 11
26.93662979956464
 21
39.55494267940363
 72
1
 10
26.93662979956464
 20
39.55494267940363
 11
26.61695819828458
 21
41.24123275074467
 72
1
 10
26.61695819828458
 20
41.24123275074467
 11
23.39424200214487
 21
40.0724945042416
 72
1
 10
23.39424200214487
 20
40.0724945042416
 11
20.25437134798805
 21
38.75802298730434
 72
1
 10
20.25437134798805
 20
38.75802298730434
 11
17.19619521296272
 21
37.29984295972217
 72
1
 10
17.19619521296272
 20
37.29984295972217
 11
14.21856257420451
 21
35.69997918130173
 72
1
 10
14.21856257420451
 20
35.69997918130173
 11
11.32070608314437
 21
33.95978149196322
 72
1
 10
11.32070608314437
 20
33.95978149196322
 11
8.503393088364351
 21
32.07790005172364
 72
1
 10
8.503393088364351
 20
32.07790005172364
 11
5.767774612746143
 21
30.05231010074386
 72
1
 10
5.767774612746143
 20
30.05231010074386
 11
2.789326104338886
 21
27.67258786610509
 72
1
 10
2.789326104338886
 20
27.67258786610509
 11
2.421305824804812
 21
27.55403069616885
 72
1
 10
2.421305824804812
 20
27.55403069616885
 11
2.035225203057336
 21
27.5331385395753
 72
1
 10
2.035225203057336
 20
27.5331385395753
 11
1.656560339988777
 21
27.61128999617767
 72
1
 10
1.656560339988777
 20
27.61128999617767
 11
1.31029799666702
 21
27.78332812652069
 72
1
 10
1.31029799666702
 20
27.78332812652069
 11
1.019286805974513
 21
28.03790074010492
 72
1
 10
1.019286805974513
 20
28.03790074010492
 11
0.8027295717765468
 21
28.35820948648685
 72
1
 10
0.8027295717765468
 20
28.35820948648685
 11
0.6749161434732173
 21
28.7231183192647
 72
1
 10
0.6749161434732173
 20
28.7231183192647
 11
0.6442804791826235
 21
29.10854818936646
 72
1
 10
0.6442804791826235
 20
29.10854818936646
 11
0.712844118524447
 21
29.48906593672295
 72
1
 10
0.712844118524447
 20
29.48906593672295
 11
1.337498056247784
 21
31.49267493472142
 72
1
 10
1.337498056247784
 20
31.49267493472142
 11
1.891823560904458
 21
33.50934757852181
 72
1
 10
1.891823560904458
 20
33.50934757852181
 11
2.376303141064613
 21
35.53899424118264
 72
1
 10
2.376303141064613
 20
35.53899424118264
 11
2.791419305246415
 21
37.58152529584474
 72
1
 10
2.791419305246415
 20
37.58152529584474
 11
3.365183931340175
 21
41.33872154965217
 72
1
 10
3.365183931340175
 20
41.33872154965217
 11
3.414204730386063
 21
41.70512107850326
 72
1
 10
3.414204730386063
 20
41.70512107850326
 11
3.621069810344579
 21
43.78633518474341
 72
1
 10
3.621069810344579
 20
43.78633518474341
 11
3.918489823662957
 21
47.57509325484307
 72
1
 10
3.918489823662957
 20
47.57509325484307
 11
4.236338084503813
 21
49.24824364782398
 72
1
 10
4.236338084503813
 20
49.24824364782398
 11
4.707748203044753
 21
50.88282338314215
 72
1
 10
4.707748203044753
 20
50.88282338314215
 11
5.329857911701902
 21
52.46868416512475
 72
1
 10
5.329857911701902
 20
52.46868416512475
 11
6.095483523623715
 21
53.9876016287625
 72
1
 10
6.095483523623715
 20
53.9876016287625
 11
7.00023963748489
 21
55.43090091364253
 72
1
 10
7.00023963748489
 20
55.43090091364253
 11
8.034600228523004
 21
56.78281535214338
 72
1
 10
8.034600228523004
 20
56.78281535214338
 11
9.18975104804616
 21
58.03278366714335
 72
1
 10
9.18975104804616
 20
58.03278366714335
 11
10.45624690320392
 21
59.16986331584462
 72
1
 10
10.45624690320392
 20
59.16986331584462
 11
11.82283514820395
 21
60.18462923694272
 72
1
 10
11.82283514820395
 20
60.18462923694272
 11
13.27884931904659
 21
61.06845344706342
 72
1
 10
13.27884931904659
 20
61.06845344706342
 11
14.80869454444549
 21
61.8122033936427
 72
1
 10
14.80869454444549
 20
61.8122033936427
 11
16.40341966316504
 21
62.41147499304286
 72
1
 10
16.40341966316504
 20
62.41147499304286
 11
18.04490226230296
 21
62.85939235012439
 72
1
 10
18.04490226230296
 20
62.85939235012439
 11
19.72255984230691
 21
63.15312958932299
 72
1
 10
19.72255984230691
 20
63.15312958932299
 11
21.66288830097559
 21
63.30349292354027
 72
1
 10
21.66288830097559
 20
63.30349292354027
 11
21.66288830097559
 21
62.49999997120318
 72
1
 10
21.66288830097559
 20
62.49999997120318
 11
21.15929515362198
 21
62.28835095358453
 72
1
 10
21.15929515362198
 20
62.28835095358453
 11
20.71103838288834
 21
61.97615352852686
 72
1
 10
20.71103838288834
 20
61.97615352852686
 11
19.88600831935887
 21
61.02758041861472
 72
1
 10
19.88600831935887
 20
61.02758041861472
 11
19.57625702400636
 21
60.38700713699191
 72
1
 10
19.57625702400636
 20
60.38700713699191
 11
19.42607569155566
 21
59.69150331853544
 72
1
 10
19.42607569155566
 20
59.69150331853544
 11
19.44391252246981
 21
58.98019337092978
 72
1
 10
19.44391252246981
 20
58.98019337092978
 11
19.62876413556664
 21
58.29309084929384
 72
1
 10
19.62876413556664
 20
58.29309084929384
 11
19.97023201154958
 21
57.66884756036542
 72
1
 10
19.97023201154958
 20
57.66884756036542
 11
20.44910744439905
 21
57.14257926955107
 72
1
 10
20.44910744439905
 20
57.14257926955107
 11
21.51526868482967
 21
58.2087405099817
 72
1
 10
21.51526868482967
 20
58.2087405099817
 11
21.23642985708633
 21
58.47996017132674
 72
1
 10
21.23642985708633
 20
58.47996017132674
 11
21.03670717815838
 21
58.81375958426676
 72
1
 10
21.03670717815838
 20
58.81375958426676
 11
20.92953188250921
 21
59.18769093165264
 72
1
 10
20.92953188250921
 20
59.18769093165264
 11
20.92211144667594
 21
59.57660754699549
 72
1
 10
20.92211144667594
 20
59.57660754699549
 11
21.01494489067407
 21
59.95435501321209
 72
1
 10
21.01494489067407
 20
59.95435501321209
 11
21.20178921917419
 21
60.29553003202691
 72
1
 10
21.20178921917419
 20
60.29553003202691
 11
21.87128574061685
 21
60.96794922217993
 72
1
 10
21.87128574061685
 20
60.96794922217993
 11
22.13286135449748
 21
61.07428191309157
 72
1
 10
22.13286135449748
 20
61.07428191309157
 11
22.41288830095376
 21
61.11052211441024
 72
1
 10
22.41288830095376
 20
61.11052211441024
 11
22.69291524740571
 21
61.07428191306342
 72
1
 10
22.69291524740571
 20
61.07428191306342
 11
22.95449086127768
 21
60.96794922212579
 72
1
 10
22.95449086127768
 20
60.96794922212579
 11
23.18037959182122
 21
60.79853043819605
 72
1
 10
23.18037959182122
 20
60.79853043819605
 11
23.81083171118581
 21
59.95435501311896
 72
1
 10
23.81083171118581
 20
59.95435501311896
 11
23.90366515518394
 21
59.5766075469002
 72
1
 10
23.90366515518394
 20
59.5766075469002
 11
23.896244719355
 21
59.18769093155951
 72
1
 10
23.896244719355
 20
59.18769093155951
 11
23.78906942370583
 21
58.8137595841693
 72
1
 10
23.78906942370583
 20
58.8137595841693
 11
23.58934674477788
 21
58.47996017122711
 72
1
 10
23.58934674477788
 20
58.47996017122711
 11
23.3105079170302
 21
58.20874050988208
 72
1
 10
23.3105079170302
 20
58.20874050988208
 11
24.37666915741752
 21
57.14257926949692
 72
1
 10
24.37666915741752
 20
57.14257926949692
 11
24.85554459016736
 21
57.66884756017917
 72
1
 10
24.85554459016736
 20
57.66884756017917
 11
25.19701246611998
 21
58.2930908489365
 72
1
 10
25.19701246611998
 20
58.2930908489365
 11
25.38186407925579
 21
58.98019337039052
 72
1
 10
25.38186407925579
 20
58.98019337039052
 11
25.39970091029122
 21
59.69150331782941
 72
1
 10
25.39970091029122
 20
59.69150331782941
 11
25.24951957803544
 21
60.3870071361581
 72
1
 10
25.24951957803544
 20
60.3870071361581
 11
24.93976828292983
 21
61.0275804177181
 72
1
 10
24.93976828292983
 20
61.0275804177181
 11
24.11473821957794
 21
61.97615352804607
 72
1
 10
24.11473821957794
 20
61.97615352804607
 11
23.66648144861041
 21
62.28835095340911
 72
1
 10
23.66648144861041
 20
62.28835095340911
 11
23.16288830093194
 21
62.49999997120318
 72
1
 10
23.16288830093194
 20
62.49999997120318
 11
23.16288830093194
 21
63.299999971203
 72
1
 10
23.16288830093194
 20
63.299999971203
 11
43.07598953072355
 21
63.299999971203
 72
1
 10
43.07598953072355
 20
63.299999971203
 11
43.07598953072355
 21
57.39999997285463
 72
1
 10
43.07598953072355
 20
57.39999997285463
 11
41.75855838284667
 21
57.28473968232378
 72
1
 10
41.75855838284667
 20
57.28473968232378
 11
41.75855838284667
 21
55.99999997282246
 72
1
 10
41.75855838284667
 20
55.99999997282246
 11
50.42954292216395
 21
55.99999997282246
 72
1
 10
50.42954292216395
 20
55.99999997282246
 11
50.42954292216395
 21
57.39999997352168
 72
1
 10
50.42954292216395
 20
57.39999997352168
 11
44.57598953136427
 21
57.39999997352168
 72
1
 10
44.57598953136427
 20
57.39999997352168
 11
44.57598953136427
 21
63.5999999730633
 72
1
 10
44.57598953136427
 20
63.5999999730633
 11
47.40852142919894
 21
63.5999999730633
 72
1
 10
47.40852142919894
 20
63.5999999730633
 11
47.40852142919894
 21
62.63252726760035
 72
1
 10
47.40852142919894
 20
62.63252726760035
 11
49.57598953076539
 21
62.63252726760035
 72
1
 10
49.57598953076539
 20
62.63252726760035
 11
49.57598953076539
 21
64.99999997342466
 72
1
 10
49.57598953076539
 20
64.99999997342466
 11
21.08434967924571
 21
64.97733974652358
 72
1
 10
21.08434967924571
 20
64.97733974652358
 11
19.19105312854681
 21
64.79654317938314
 72
1
 10
19.19105312854681
 20
64.79654317938314
 11
17.32219570642628
 21
64.4364793671434
 72
1
 10
17.32219570642628
 20
64.4364793671434
 11
15.49671901656727
 21
63.90056108850462
 72
1
 10
15.49671901656727
 20
63.90056108850462
 11
13.73041976184507
 21
63.19371045380314
 72
1
 10
13.73041976184507
 20
63.19371045380314
 11
12.03863283690411
 21
62.32177033538413
 72
1
 10
12.03863283690411
 20
62.32177033538413
 11
10.4381755336261
 21
61.29348350516353
 72
1
 10
10.4381755336261
 20
61.29348350516353
 11
8.941975805524033
 21
60.11728983794148
 72
1
 10
8.941975805524033
 20
60.11728983794148
 11
7.564820110905907
 21
58.80479300852368
 72
1
 10
7.564820110905907
 20
58.80479300852368
 11
6.318146370907254
 21
57.36676265518176
 72
1
 10
6.318146370907254
 20
57.36676265518176
 11
5.214214808885583
 21
55.81723610052472
 72
1
 10
5.214214808885583
 20
55.81723610052472
 11
4.262480924308056
 21
54.16995590586472
 72
1
 10
4.262480924308056
 20
54.16995590586472
 11
3.47134040590646
 21
52.43892060690271
 72
1
 10
3.47134040590646
 20
52.43892060690271
 11
2.848856719466016
 21
50.64255778504421
 72
1
 10
2.848856719466016
 20
50.64255778504421
 11
2.399344410785613
 21
48.79328652772423
 72
1
 10
2.399344410785613
 20
48.79328652772423
 11
2.12796193268366
 21
46.91234626134179
 72
1
 10
2.12796193268366
 20
46.91234626134179
 11
1.71086537258335
 21
41.77626732920164
 72
1
 10
1.71086537258335
 20
41.77626732920164
 11
1.427081762124748
 21
39.69763986176296
 72
1
 10
1.427081762124748
 20
39.69763986176296
 11
1.070480278906632
 21
37.62862673656243
 72
1
 10
1.070480278906632
 20
37.62862673656243
 11
0.6410565987243558
 21
35.5701981538622
 72
1
 10
0.6410565987243558
 20
35.5701981538622
 11
0.1400702213240266
 21
33.52891775528298
 72
1
 10
0.1400702213240266
 20
33.52891775528298
 11
-0.431129791817034
 21
31.50976627022399
 72
1
 10
-0.431129791817034
 20
31.50976627022399
 11
-1.072503959896062
 21
29.51213328680281
 72
1
 10
-1.072503959896062
 20
29.51213328680281
 11
-1.784473721956976
 21
27.53520193486397
 72
1
 10
-1.784473721956976
 20
27.53520193486397
 11
-2.565628419215454
 21
25.58327648994366
 72
1
 10
-2.565628419215454
 20
25.58327648994366
 11
-3.412881140014064
 21
23.66388653020254
 72
1
 10
-3.412881140014064
 20
23.66388653020254
 11
-4.324722448495061
 21
21.77929831742303
 72
1
 10
-4.324722448495061
 20
21.77929831742303
 11
-5.300738591952677
 21
19.92928891260332
 72
1
 10
-5.300738591952677
 20
19.92928891260332
 11
-6.340989279572136
 21
18.11389048836471
 72
1
 10
-6.340989279572136
 20
18.11389048836471
 11
-7.445770632034021
 21
16.33326260100316
 72
1
 10
-7.445770632034021
 20
16.33326260100316
 11
-10.9156564291745
 21
11.05958720792221
 72
1
 10
-10.9156564291745
 20
11.05958720792221
 11
-11.98481997569291
 21
9.246201942663207
 72
1
 10
-11.98481997569291
 20
9.246201942663207
 11
-13.00000000001437
 21
7.399885700104727
 72
1
 10
-13.00000000001437
 20
7.399885700104727
 11
-11.74932184321311
 21
7.048333411985135
 72
1
 10
-11.74932184321311
 20
7.048333411985135
 11
-11.32434252929545
 21
6.928876260362062
 97
0
 75
0
 76
1
 98
1
 10
0.0
 20
0.0
450
0
451
0
460
0.0
461
0.0
452
0
462
0.0
453
0
470

  0
HATCH
  5
33
330
2F
100
AcDbEntity
  8
A-DETL-GENF
100
AcDbHatch
 10
0.0
 20
0.0
 30
0.0
210
0.0
220
0.0
230
1.0
  2
SOLID
 70
1
 71
0
 91
1
 92
1
 93
38
 72
1
 10
19.23617337621718
 20
23.63330656228613
 11
32.95682319137159
 21
38.08178556793601
 72
1
 10
32.95682319137159
 20
38.08178556793601
 11
33.09418986022786
 21
38.37809345893841
 72
1
 10
33.09418986022786
 20
38.37809345893841
 11
33.16416762501452
 21
38.69710925857859
 72
1
 10
33.16416762501452
 20
38.69710925857859
 11
33.1634389808455
 21
39.02370907036878
 72
1
 10
33.1634389808455
 20
39.02370907036878
 11
32.07261919549026
 21
49.01273482212006
 72
1
 10
32.07261919549026
 20
49.01273482212006
 11
32.22818379288958
 21
49.36843283558038
 72
1
 10
32.22818379288958
 20
49.36843283558038
 11
32.54075569289866
 21
49.59869405260842
 72
1
 10
32.54075569289866
 20
49.59869405260842
 11
32.92658150733035
 21
49.6418201660575
 72
1
 10
32.92658150733035
 20
49.6418201660575
 11
33.28227952079067
 21
49.48625556865603
 72
1
 10
33.28227952079067
 20
49.48625556865603
 11
33.63170352963094
 21
49.05501186251541
 72
1
 10
33.63170352963094
 20
49.05501186251541
 11
34.16203776854765
 21
48.33510087256366
 72
1
 10
34.16203776854765
 20
48.33510087256366
 11
34.52392055303587
 21
47.95875762493724
 72
1
 10
34.52392055303587
 20
47.95875762493724
 11
34.97087728064644
 21
47.6889001192288
 72
1
 10
34.97087728064644
 20
47.6889001192288
 11
35.47244858902392
 21
47.54391869848781
 72
1
 10
35.47244858902392
 20
47.54391869848781
 11
35.99445322237956
 21
47.53369360695017
 72
1
 10
35.99445322237956
 20
47.53369360695017
 11
36.50131742762826
 21
47.65892166766657
 72
1
 10
36.50131742762826
 20
47.65892166766657
 11
52.34937317664576
 21
53.86263276944177
 72
1
 10
52.34937317664576
 20
53.86263276944177
 11
51.62034029556547
 21
55.7250266747038
 72
1
 10
51.62034029556547
 20
55.7250266747038
 11
35.77228454623178
 21
49.521315572777
 72
1
 10
35.77228454623178
 20
49.521315572777
 11
35.02823234225777
 21
50.53134155138249
 72
1
 10
35.02823234225777
 20
50.53134155138249
 11
34.57016430601969
 21
51.01663498181126
 72
1
 10
34.57016430601969
 20
51.01663498181126
 11
34.00868872421656
 21
51.37730271046322
 72
1
 10
34.00868872421656
 20
51.37730271046322
 11
33.37686943975509
 21
51.59210594886072
 72
1
 10
33.37686943975509
 20
51.59210594886072
 11
32.71191265398456
 21
51.64839549059695
 72
1
 10
32.71191265398456
 20
51.64839549059695
 11
32.05297594991322
 21
51.54285659034062
 72
1
 10
32.05297594991322
 20
51.54285659034062
 11
31.43886240350098
 21
51.28170416059844
 72
1
 10
31.43886240350098
 20
51.28170416059844
 11
30.9057355710538
 21
50.8803167916223
 72
1
 10
30.9057355710538
 20
50.8803167916223
 11
30.48498991103655
 21
50.36233114604706
 72
1
 10
30.48498991103655
 20
50.36233114604706
 11
30.20140204570429
 21
49.75825005704757
 72
1
 10
30.20140204570429
 20
49.75825005704757
 11
30.07167173001095
 21
49.10364629549865
 72
1
 10
30.07167173001095
 20
49.10364629549865
 11
30.10343844626329
 21
48.43706778160378
 72
1
 10
30.10343844626329
 20
48.43706778160378
 11
31.29908347426638
 21
37.74028386630261
 72
1
 10
31.29908347426638
 20
37.74028386630261
 11
30.49402271256611
 21
36.89554163310398
 72
1
 10
30.49402271256611
 20
36.89554163310398
 11
30.42420674283824
 21
36.09754144756563
 72
1
 10
30.42420674283824
 20
36.09754144756563
 11
28.30788454502042
 21
33.87690565858945
 72
1
 10
28.30788454502042
 20
33.87690565858945
 11
27.46186435326488
 21
33.56897949120389
 72
1
 10
27.46186435326488
 20
33.56897949120389
 11
19.20556871316503
 21
24.90573076620262
 72
1
 10
19.20556871316503
 20
24.90573076620262
 11
19.23617337621718
 21
23.63330656228613
 97
0
 75
0
 76
1
 98
1
 10
0.0
 20
0.0
450
0
451
0
460
0.0
461
0.0
452
0
462
0.0
453
0
470

  0
HATCH
  5
34
330
2F
100
AcDbEntity
  8
A-DETL-GENF
100
AcDbHatch
 10
0.0
 20
0.0
 30
0.0
210
0.0
220
0.0
230
1.0
  2
SOLID
 70
1
 71
0
 91
1
 92
1
 93
21
 72
1
 10
35.2957580827325
 20
42.59066357560956
 11
42.21412744400614
 21
43.65743436275075
 72
1
 10
42.21412744400614
 20
43.65743436275075
 11
49.20515808254464
 21
44.01426085060253
 72
1
 10
49.20515808254464
 20
44.01426085060253
 11
58.12575808266754
 21
44.01426085060253
 72
1
 10
58.12575808266754
 20
44.01426085060253
 11
58.12575808266754
 21
46.71426085060408
 72
1
 10
58.12575808266754
 20
46.71426085060408
 11
55.92575808266371
 21
46.71426085060408
 72
1
 10
55.92575808266371
 20
46.71426085060408
 11
55.92575808266371
 21
52.91426085060268
 72
1
 10
55.92575808266371
 20
52.91426085060268
 11
54.72575808266398
 21
52.91426085060268
 72
1
 10
54.72575808266398
 20
52.91426085060268
 11
54.72575808266398
 21
45.71426085050252
 72
1
 10
54.72575808266398
 20
45.71426085050252
 11
35.42575808265104
 21
45.71426085050252
 72
1
 10
35.42575808265104
 20
45.71426085050252
 11
33.96173395776492
 21
46.6058140035019
 72
1
 10
33.96173395776492
 20
46.6058140035019
 11
33.80636248515707
 21
47.92831007172649
 72
1
 10
33.80636248515707
 20
47.92831007172649
 11
33.63170352963094
 21
48.38336681463188
 72
1
 10
33.63170352963094
 20
48.38336681463188
 11
33.35215518910466
 21
48.78266008444487
 72
1
 10
33.35215518910466
 20
48.78266008444487
 11
32.98432140430015
 21
49.10247361882184
 72
1
 10
32.98432140430015
 20
49.10247361882184
 11
32.55004988266541
 21
49.32381190178535
 72
1
 10
32.55004988266541
 20
49.32381190178535
 11
32.365758082663
 21
47.21734698839474
 72
1
 10
32.365758082663
 20
47.21734698839474
 11
32.365758082663
 21
45.9385562750782
 72
1
 10
32.365758082663
 20
45.9385562750782
 11
34.83241687592783
 21
44.43642431756813
 72
1
 10
34.83241687592783
 20
44.43642431756813
 11
33.8586194348669
 21
43.46262687650288
 72
1
 10
33.8586194348669
 20
43.46262687650288
 11
34.05074463525433
 21
43.34605766158208
 72
1
 10
34.05074463525433
 20
43.34605766158208
 11
35.2957580827325
 21
42.59066357560956
 97
0
 75
0
 76
1
 98
1
 10
0.0
 20
0.0
450
0
451
0
460
0.0
461
0.0
452
0
462
0.0
453
0
470

  0
HATCH
  5
35
330
2F
100
AcDbEntity
  8
A-DETL-GENF
100
AcDbHatch
 10
0.0
 20
0.0
 30
0.0
210
0.0
220
0.0
230
1.0
  2
SOLID
 70
1
 71
0
 91
1
 92
1
 93
132
 72
1
 10
121.6159895302275
 20
47.89989853960342
 11
121.8537597561017
 21
47.9600516120176
 72
1
 10
121.8537597561017
 20
47.9600516120176
 11
122.0343195435027
 21
48.12603726080696
 72
1
 10
122.0343195435027
 20
48.12603726080696
 11
122.1093027978959
 21
48.48139712843384
 72
1
 10
122.1093027978959
 20
48.48139712843384
 11
122.0742470997853
 21
48.59989853954479
 72
1
 10
122.0742470997853
 20
48.59989853954479
 11
122.0887100562813
 21
48.96279514586488
 72
1
 10
122.0887100562813
 20
48.96279514586488
 11
121.9543749464623
 21
49.1679954156419
 72
1
 10
121.9543749464623
 20
49.1679954156419
 11
121.7386201468416
 21
49.28462705323101
 72
1
 10
121.7386201468416
 20
49.28462705323101
 11
121.1636165393673
 21
49.35767046139151
 72
1
 10
121.1636165393673
 20
49.35767046139151
 11
120.7402818339739
 21
49.52727778750567
 72
1
 10
120.7402818339739
 20
49.52727778750567
 11
120.3731597023691
 21
49.79783325012199
 72
1
 10
120.3731597023691
 20
49.79783325012199
 11
120.085816090132
 21
50.15196961703471
 72
1
 10
120.085816090132
 20
50.15196961703471
 11
119.8966958779773
 21
50.56695451220376
 72
1
 10
119.8966958779773
 20
50.56695451220376
 11
119.8179388859897
 21
51.0161496302536
 72
1
 10
119.8179388859897
 20
51.0161496302536
 11
119.8546006061358
 21
51.47072067655871
 72
1
 10
119.8546006061358
 20
51.47072067655871
 11
120.0043276850561
 21
51.90148827016619
 72
1
 10
120.0043276850561
 20
51.90148827016619
 11
120.257508988227
 21
52.28080099812128
 72
1
 10
120.257508988227
 20
52.28080099812128
 11
120.5978925485379
 21
52.58431038798518
 72
1
 10
120.5978925485379
 20
52.58431038798518
 11
121.0036287966808
 21
52.79253386122126
 72
1
 10
121.0036287966808
 20
52.79253386122126
 11
121.4486731074014
 21
52.89210533985379
 72
1
 10
121.4486731074014
 20
52.89210533985379
 11
121.9044576306618
 21
52.87663322870483
 72
1
 10
121.9044576306618
 20
52.87663322870483
 11
122.3417250911646
 21
52.7471106984335
 72
1
 10
122.3417250911646
 20
52.7471106984335
 11
122.7324068428536
 21
52.51185193289016
 72
1
 10
122.7324068428536
 20
52.51185193289016
 11
123.0514246240086
 21
52.18595843315291
 72
1
 10
123.0514246240086
 20
52.18595843315291
 11
123.4441395942428
 21
51.56226671482453
 72
1
 10
123.4441395942428
 20
51.56226671482453
 11
123.6952947239804
 21
51.43402642159827
 72
1
 10
123.6952947239804
 20
51.43402642159827
 11
123.977294954543
 21
51.4334416479877
 72
1
 10
123.977294954543
 20
51.4334416479877
 11
124.5422342670656
 21
51.7531478980705
 72
1
 10
124.5422342670656
 20
51.7531478980705
 11
124.6041849588706
 21
51.86191760802802
 72
1
 10
124.6041849588706
 20
51.86191760802802
 11
124.6099642351721
 21
52.22955134811727
 72
1
 10
124.6099642351721
 20
52.22955134811727
 11
124.2506765889506
 21
52.91605494922645
 72
1
 10
124.2506765889506
 20
52.91605494922645
 11
123.6724384623423
 21
53.54048921702855
 72
1
 10
123.6724384623423
 20
53.54048921702855
 11
123.0988053515443
 21
53.93560960410283
 72
1
 10
123.0988053515443
 20
53.93560960410283
 11
122.3737563767583
 21
54.20888380931131
 72
1
 10
122.3737563767583
 20
54.20888380931131
 11
121.6042792648556
 21
54.29987711301837
 72
1
 10
121.6042792648556
 20
54.29987711301837
 11
120.8354887299474
 21
54.20325454576818
 72
1
 10
120.8354887299474
 20
54.20325454576818
 11
120.1124592319062
 21
53.92468112272016
 72
1
 10
120.1124592319062
 20
53.92468112272016
 11
119.4775822448936
 21
53.48048970178964
 72
1
 10
119.4775822448936
 20
53.48048970178964
 11
118.9680808302966
 21
52.89672338245813
 72
1
 10
118.9680808302966
 20
52.89672338245813
 11
118.6138272355151
 21
52.20760858965935
 72
1
 10
118.6138272355151
 20
52.20760858965935
 11
118.4355914736113
 21
51.4535483664396
 72
1
 10
118.4355914736113
 20
51.4535483664396
 11
118.4438235700844
 21
50.67875352930487
 72
1
 10
118.4438235700844
 20
50.67875352930487
 11
115.7159895303631
 21
50.67875352930487
 72
1
 10
115.7159895303631
 20
50.67875352930487
 11
115.7159895303631
 21
60.00000000059277
 72
1
 10
115.7159895303631
 20
60.00000000059277
 11
115.5456186618257
 21
61.29409522597892
 72
1
 10
115.5456186618257
 20
61.29409522597892
 11
115.0461165493529
 21
62.50000000034747
 72
1
 10
115.0461165493529
 20
62.50000000034747
 11
114.2515234364418
 21
63.53553390617868
 72
1
 10
114.2515234364418
 20
63.53553390617868
 11
113.2159895306106
 21
64.33012701909203
 72
1
 10
113.2159895306106
 20
64.33012701909203
 11
112.010084756242
 21
64.82962913156483
 72
1
 10
112.010084756242
 20
64.82962913156483
 11
110.7159895308537
 21
65.00000000010218
 72
1
 10
110.7159895308537
 20
65.00000000010218
 11
61.06379907673798
 21
64.94867392894223
 72
1
 10
61.06379907673798
 20
64.94867392894223
 11
60.92243613966292
 21
64.85355339070614
 72
1
 10
60.92243613966292
 20
64.85355339070614
 11
60.77598953026472
 21
64.50000000013694
 72
1
 10
60.77598953026472
 20
64.50000000013694
 11
60.77598953026472
 21
62.70000000003989
 72
1
 10
60.77598953026472
 20
62.70000000003989
 11
60.92243613965425
 21
62.34644660949235
 72
1
 10
60.92243613965425
 20
62.34644660949235
 11
61.14658000766904
 21
62.21703708695741
 72
1
 10
61.14658000766904
 20
62.21703708695741
 11
61.57598953036417
 21
62.20000000010281
 72
1
 10
61.57598953036417
 20
62.20000000010281
 11
62.55539905280794
 21
62.21703708695308
 72
1
 10
62.55539905280794
 20
62.21703708695308
 11
62.77954292082705
 21
62.34644660947502
 72
1
 10
62.77954292082705
 20
62.34644660947502
 11
62.92598953026423
 21
62.70000000000307
 72
1
 10
62.92598953026423
 20
62.70000000000307
 11
63.00472932742201
 21
63.60000000010249
 72
1
 10
63.00472932742201
 20
63.60000000010249
 11
65.77598953026359
 21
63.60000000010249
 72
1
 10
65.77598953026359
 20
63.60000000010249
 11
65.77598953026359
 21
59.12792944010764
 72
1
 10
65.77598953026359
 20
59.12792944010764
 11
66.9246382118137
 21
59.12792944010764
 72
1
 10
66.9246382118137
 20
59.12792944010764
 11
66.22470073025094
 21
57.4000000001039
 72
1
 10
66.22470073025094
 20
57.4000000001039
 11
60.14658000769092
 21
57.3829629132493
 72
1
 10
60.14658000769092
 20
57.3829629132493
 11
59.92243613966315
 21
57.25355339070571
 72
1
 10
59.92243613966315
 20
57.25355339070571
 11
59.77598953026495
 21
56.9000000001365
 72
1
 10
59.77598953026495
 20
56.9000000001365
 11
59.77598953026495
 21
56.00000000010205
 72
1
 10
59.77598953026495
 20
56.00000000010205
 11
67.27598953074838
 21
56.00000000010205
 72
1
 10
67.27598953074838
 20
56.00000000010205
 11
69.0559895303027
 21
60.39427017899754
 72
1
 10
69.0559895303027
 20
60.39427017899754
 11
67.27598953026325
 21
60.55000000002522
 72
1
 10
67.27598953026325
 20
60.55000000002522
 11
67.27598953026325
 21
63.50000000010251
 72
1
 10
67.27598953026325
 20
63.50000000010251
 11
104.0338466731644
 21
63.50000000010251
 72
1
 10
104.0338466731644
 20
63.50000000010251
 11
104.0338466731644
 21
62.64577676420273
 72
1
 10
104.0338466731644
 20
62.64577676420273
 11
103.5819121042695
 21
62.4316445554937
 72
1
 10
103.5819121042695
 20
62.4316445554937
 11
103.1793339513803
 21
62.13494894011045
 72
1
 10
103.1793339513803
 20
62.13494894011045
 11
102.3917259563107
 21
61.22113954032364
 72
1
 10
102.3917259563107
 20
61.22113954032364
 11
102.0825289940432
 21
60.58564770054292
 72
1
 10
102.0825289940432
 20
60.58564770054292
 11
101.9305741812072
 21
59.8954576000886
 72
1
 10
101.9305741812072
 20
59.8954576000886
 11
101.9442942102959
 21
59.18887115760046
 72
1
 10
101.9442942102959
 20
59.18887115760046
 11
102.1229276918968
 21
58.505100202413
 72
1
 10
102.1229276918968
 20
58.505100202413
 11
102.4565614077898
 21
57.88209042437844
 72
1
 10
102.4565614077898
 20
57.88209042437844
 11
102.9266804424041
 21
57.35441558775818
 72
1
 10
102.9266804424041
 20
57.35441558775818
 11
103.2754975145013
 21
57.2289778448762
 72
1
 10
103.2754975145013
 20
57.2289778448762
 11
103.4001070896578
 21
57.24923054892313
 72
1
 10
103.4001070896578
 20
57.24923054892313
 11
103.6912446588665
 21
57.47867965640231
 72
1
 10
103.6912446588665
 20
57.47867965640231
 11
104.0439240760884
 21
58.37954850848309
 72
1
 10
104.0439240760884
 20
58.37954850848309
 11
103.7884678318164
 21
58.61070994188126
 72
1
 10
103.7884678318164
 20
58.61070994188126
 11
103.5924913643816
 21
58.89405906441135
 72
1
 10
103.5924913643816
 20
58.89405906441135
 11
103.4663329551354
 21
59.21464845413628
 72
1
 10
103.4663329551354
 20
59.21464845413628
 11
103.4166477966482
 21
59.55556616569578
 72
1
 10
103.4166477966482
 20
59.55556616569578
 11
103.4460569135454
 21
59.89882788053133
 72
1
 10
103.4460569135454
 20
59.89882788053133
 11
103.5530088964672
 21
60.22632562766236
 72
1
 10
103.5530088964672
 20
60.22632562766236
 11
103.7318617430691
 21
60.52078302745038
 72
1
 10
103.7318617430691
 20
60.52078302745038
 11
104.3743869698511
 21
61.15742710777524
 72
1
 10
104.3743869698511
 20
61.15742710777524
 11
104.6359625836624
 21
61.26375979870855
 72
1
 10
104.6359625836624
 20
61.26375979870855
 11
104.9159895300624
 21
61.30000000008135
 72
1
 10
104.9159895300624
 20
61.30000000008135
 11
105.1960164764753
 21
61.2637597988125
 72
1
 10
105.1960164764753
 20
61.2637597988125
 11
105.45759209033
 21
61.15742710797449
 72
1
 10
105.45759209033
 20
61.15742710797449
 11
105.6834808208865
 21
60.9880083241552
 72
1
 10
105.6834808208865
 20
60.9880083241552
 11
106.3078742882715
 21
60.1591572417043
 72
1
 10
106.3078742882715
 20
60.1591572417043
 11
106.4038272446599
 21
59.7906277421506
 72
1
 10
106.4038272446599
 20
59.7906277421506
 11
106.4038834648472
 21
59.40981156770184
 72
1
 10
106.4038834648472
 20
59.40981156770184
 11
106.3080393252265
 21
59.04125375299191
 72
1
 10
106.3080393252265
 20
59.04125375299191
 11
106.1224723410529
 21
58.70870923526937
 72
1
 10
106.1224723410529
 20
58.70870923526937
 11
105.8591430023507
 21
58.43361175934533
 72
1
 10
105.8591430023507
 20
58.43361175934533
 11
106.140734401765
 21
57.47867965650192
 72
1
 10
106.140734401765
 20
57.47867965650192
 11
106.4318719709911
 21
57.24923054900543
 72
1
 10
106.4318719709911
 20
57.24923054900543
 11
106.6821918156877
 21
57.24058156761825
 72
1
 10
106.6821918156877
 20
57.24058156761825
 11
106.9052986182923
 21
57.35441558783614
 72
1
 10
106.9052986182923
 20
57.35441558783614
 11
107.3758040177327
 21
57.88264369233372
 72
1
 10
107.3758040177327
 20
57.88264369233372
 11
107.709543660247
 21
58.50635685741735
 72
1
 10
107.709543660247
 20
58.50635685741735
 11
108.2159895303648
 21
59.80000000008386
 72
1
 10
108.2159895303648
 20
59.80000000008386
 11
108.2159895303648
 21
61.10000000010305
 72
1
 10
108.2159895303648
 20
61.10000000010305
 11
107.2187717871664
 21
61.40714285720253
 72
1
 10
107.2187717871664
 20
61.40714285720253
 11
106.8532725948837
 21
61.93405142020296
 72
1
 10
106.8532725948837
 20
61.93405142020296
 11
106.3699251800416
 21
62.35547468710935
 72
1
 10
106.3699251800416
 20
62.35547468710935
 11
105.7981323876663
 21
62.64577676410311
 72
1
 10
105.7981323876663
 20
62.64577676410311
 11
105.7981323876663
 21
63.50000000010251
 72
1
 10
105.7981323876663
 20
63.50000000010251
 11
110.7159895305678
 21
63.50000000010251
 72
1
 10
110.7159895305678
 20
63.50000000010251
 11
111.621856188373
 21
63.38074039212248
 72
1
 10
111.621856188373
 20
63.38074039212248
 11
112.4659895304678
 21
63.03108891337593
 72
1
 10
112.4659895304678
 20
63.03108891337593
 11
113.1908632645761
 21
62.47487373431514
 72
1
 10
113.1908632645761
 20
62.47487373431514
 11
113.747078443639
 21
61.7500000002047
 72
1
 10
113.747078443639
 20
61.7500000002047
 11
114.0967299223812
 21
60.90586665811207
 72
1
 10
114.0967299223812
 20
60.90586665811207
 11
114.2159895303634
 21
60.00000000030255
 72
1
 10
114.2159895303634
 20
60.00000000030255
 11
114.2159895303634
 21
49.17875352930304
 72
1
 10
114.2159895303634
 20
49.17875352930304
 11
119.0568486884461
 21
49.17875352930304
 72
1
 10
119.0568486884461
 20
49.17875352930304
 11
119.7528270157875
 21
48.52047036277184
 72
1
 10
119.7528270157875
 20
48.52047036277184
 11
120.1855462482024
 21
48.23741150627991
 72
1
 10
120.1855462482024
 20
48.23741150627991
 11
120.8811284913788
 21
47.9854195698718
 72
1
 10
120.8811284913788
 20
47.9854195698718
 11
121.6159895302275
 21
47.89989853960342
 97
0
 75
0
 76
1
 98
1
 10
0.0
 20
0.0
450
0
451
0
460
0.0
461
0.0
452
0
462
0.0
453
0
470

  0
HATCH
  5
36
330
2F
100
AcDbEntity
  8
A-DETL-GENF
100
AcDbHatch
 10
0.0
 20
0.0
 30
0.0
210
0.0
220
0.0
230
1.0
  2
SOLID
 70
1
 71
0
 91
2
 92
1
 93
43
 72
1
 10
50.59299927317163
 20
55.99349459708968
 11
52.07202008724393
 21
55.99349459708968
 72
1
 10
52.07202008724393
 20
55.99349459708968
 11
52.07202008724393
 21
57.64999999688339
 72
1
 10
52.07202008724393
 20
57.64999999688339
 11
58.27995897348731
 21
57.64999999688339
 72
1
 10
58.27995897348731
 20
57.64999999688339
 11
58.27995897348731
 21
56.00000000010205
 72
1
 10
58.27995897348731
 20
56.00000000010205
 11
59.77598953026495
 21
56.00000000010205
 72
1
 10
59.77598953026495
 20
56.00000000010205
 11
59.77598953026495
 21
57.6499999968639
 72
1
 10
59.77598953026495
 20
57.6499999968639
 11
61.57598953036417
 21
57.6499999968639
 72
1
 10
61.57598953036417
 20
57.6499999968639
 11
61.57598953036417
 21
60.6984904958017
 72
1
 10
61.57598953036417
 20
60.6984904958017
 11
63.14762803830828
 21
60.75666701165692
 72
1
 10
63.14762803830828
 20
60.75666701165692
 11
63.58820199530453
 21
60.92767023702228
 72
1
 10
63.58820199530453
 20
60.92767023702228
 11
63.97364273677504
 21
61.20113495044275
 72
1
 10
63.97364273677504
 20
61.20113495044275
 11
64.28058708558744
 21
61.56048531067582
 72
1
 10
64.28058708558744
 20
61.56048531067582
 11
64.49042985963622
 21
61.98393958784302
 72
1
 10
64.49042985963622
 20
61.98393958784302
 11
64.59045160979782
 21
62.44583044525728
 72
1
 10
64.59045160979782
 20
62.44583044525728
 11
64.5745895990197
 21
62.91816074418612
 72
1
 10
64.5745895990197
 20
62.91816074418612
 11
64.40891855546799
 21
63.24528111369708
 72
1
 10
64.40891855546799
 20
63.24528111369708
 11
64.10883707755653
 21
63.45600780264288
 72
1
 10
64.10883707755653
 20
63.45600780264288
 11
63.74490184211847
 21
63.50079368469317
 72
1
 10
63.74490184211847
 20
63.50079368469317
 11
63.40268314486504
 21
63.36910847644526
 72
1
 10
63.40268314486504
 20
63.36910847644526
 11
63.26560842254843
 21
63.24528111369708
 72
1
 10
63.26560842254843
 20
63.24528111369708
 11
62.76505352424583
 21
62.20000000010281
 72
1
 10
62.76505352424583
 20
62.20000000010281
 11
60.57598953036439
 21
62.20000000010281
 72
1
 10
60.57598953036439
 20
62.20000000010281
 11
60.57598953036439
 21
64.9999999968644
 72
1
 10
60.57598953036439
 20
64.9999999968644
 11
49.77598953036685
 21
64.9999999968644
 72
1
 10
49.77598953036685
 20
64.9999999968644
 11
49.77598953036685
 21
62.19999999688453
 72
1
 10
49.77598953036685
 20
62.19999999688453
 11
47.58692553798843
 21
62.19999999688453
 72
1
 10
47.58692553798843
 20
62.19999999688453
 11
47.08637063818281
 21
63.24528111369708
 72
1
 10
47.08637063818281
 20
63.24528111369708
 11
46.78628916027135
 21
63.45600780264288
 72
1
 10
46.78628916027135
 20
63.45600780264288
 11
46.42235392483329
 21
63.50079368469317
 72
1
 10
46.42235392483329
 20
63.50079368469317
 11
46.0801352275842
 21
63.36910847644526
 72
1
 10
46.0801352275842
 20
63.36910847644526
 11
45.94306050526326
 21
63.24528111369708
 72
1
 10
45.94306050526326
 20
63.24528111369708
 11
45.77738946171154
 21
62.91816074418612
 72
1
 10
45.77738946171154
 20
62.91816074418612
 11
45.78756614972522
 21
62.43940468613036
 72
1
 10
45.78756614972522
 20
62.43940468613036
 11
45.90998546441892
 21
61.97645281012691
 72
1
 10
45.90998546441892
 20
61.97645281012691
 11
46.13778831131715
 21
61.55524408390121
 72
1
 10
46.13778831131715
 20
61.55524408390121
 11
46.45821100806265
 21
61.19937862686128
 72
1
 10
46.45821100806265
 20
61.19937862686128
 11
46.85330042729843
 21
60.92879540692557
 72
1
 10
46.85330042729843
 20
60.92879540692557
 11
47.30091990164932
 21
60.75865506988259
 72
1
 10
47.30091990164932
 20
60.75865506988259
 11
47.77598953036297
 21
60.6984904958017
 72
1
 10
47.77598953036297
 20
60.6984904958017
 11
48.77598953036708
 21
60.6984904958017
 72
1
 10
48.77598953036708
 20
60.6984904958017
 11
48.77598953036708
 21
57.64999999688339
 72
1
 10
48.77598953036708
 20
57.64999999688339
 11
50.59299927317163
 21
57.64999999688339
 72
1
 10
50.59299927317163
 20
57.64999999688339
 11
50.59299927317163
 21
55.99349459708968
 97
0
 92
1
 93
17
 72
1
 10
50.27598953036673
 20
59.14999999688305
 11
50.27598953036673
 21
60.85609110542435
 72
1
 10
50.27598953036673
 20
60.85609110542435
 11
50.73761648728773
 21
61.01655511591411
 72
1
 10
50.73761648728773
 20
61.01655511591411
 11
51.14785216572267
 21
61.28217671547115
 72
1
 10
51.14785216572267
 20
61.28217671547115
 11
51.48316741826528
 21
61.63772112540084
 72
1
 10
51.48316741826528
 20
61.63772112540084
 11
51.72433017313559
 21
62.06279602665737
 72
1
 10
51.72433017313559
 20
62.06279602665737
 11
51.85750849345459
 21
62.53302116530353
 72
1
 10
51.85750849345459
 20
62.53302116530353
 11
51.87506391065674
 21
63.02142668671432
 72
1
 10
51.87506391065674
 20
63.02142668671432
 11
51.77598953036639
 21
63.49999999686474
 72
1
 10
51.77598953036639
 20
63.49999999686474
 11
58.57598953036485
 21
63.49999999686474
 72
1
 10
58.57598953036485
 20
63.49999999686474
 11
58.51978426547013
 21
62.9481132184243
 72
1
 10
58.51978426547013
 20
62.9481132184243
 11
58.60023040095007
 21
62.39923575732227
 72
1
 10
58.60023040095007
 20
62.39923575732227
 11
58.81244408215421
 21
61.88668975789664
 72
1
 10
58.81244408215421
 20
61.88668975789664
 11
59.14354189627254
 21
61.44159169510285
 72
1
 10
59.14354189627254
 20
61.44159169510285
 11
59.57342301947937
 21
61.09096330501861
 72
1
 10
59.57342301947937
 20
61.09096330501861
 11
60.07598953036451
 21
60.85609110540269
 72
1
 10
60.07598953036451
 20
60.85609110540269
 11
60.07598953036451
 21
59.14999999688305
 72
1
 10
60.07598953036451
 20
59.14999999688305
 11
50.27598953036673
 21
59.14999999688305
 97
0
 75
0
 76
1
 98
1
 10
0.0
 20
0.0
450
0
451
0
460
0.0
461
0.0
452
0
462
0.0
453
0
470

  0
HATCH
  5
37
330
2F
100
AcDbEntity
  8
A-DETL-GENF
100
AcDbHatch
 10
0.0
 20
0.0
 30
0.0
210
0.0
220
0.0
230
1.0
  2
SOLID
 70
1
 71
0
 91
1
 92
1
 93
82
 72
1
 10
120.315989530466
 20
-7.459674268196522
 11
121.9465495146106
 21
-7.245006973817732
 72
1
 10
121.9465495146106
 20
-7.245006973817732
 11
123.4659895304653
 21
-6.615634312038844
 72
1
 10
123.4659895304653
 20
-6.615634312038844
 11
124.770762251939
 21
-5.614446989673121
 72
1
 10
124.770762251939
 20
-5.614446989673121
 11
125.7719495743069
 21
-4.309674268197238
 72
1
 10
125.7719495743069
 20
-4.309674268197238
 11
126.4013222360879
 21
-2.790234252342565
 72
1
 10
126.4013222360879
 20
-2.790234252342565
 11
126.6159895304039
 21
-1.159674268197955
 72
1
 10
126.6159895304039
 20
-1.159674268197955
 11
126.6159895304646
 21
51.09989853600325
 72
1
 10
126.6159895304646
 20
51.09989853600325
 11
126.4682631809873
 21
52.30631489052632
 72
1
 10
126.4682631809873
 20
52.30631489052632
 11
126.0338133622823
 21
53.44144345145013
 72
1
 10
126.0338133622823
 20
53.44144345145013
 11
125.3383119486485
 21
54.43820885936961
 72
1
 10
125.3383119486485
 20
54.43820885936961
 11
124.422856494045
 21
55.23771170829162
 72
1
 10
124.422856494045
 20
55.23771170829162
 11
123.3415417554441
 21
55.79270894330377
 72
1
 10
123.3415417554441
 20
55.79270894330377
 11
122.1582632044284
 21
56.07040547820988
 72
1
 10
122.1582632044284
 20
56.07040547820988
 11
120.9429414093016
 21
56.05439207486458
 72
1
 10
120.9429414093016
 20
56.05439207486458
 11
119.7673903909619
 21
55.74561497391012
 72
1
 10
119.7673903909619
 20
55.74561497391012
 11
120.1551453324134
 21
54.39017728240312
 72
1
 10
120.1551453324134
 20
54.39017728240312
 11
121.037541274223
 21
54.65312208861618
 72
1
 10
121.037541274223
 20
54.65312208861618
 11
121.9577757021343
 21
54.6836371164321
 72
1
 10
121.9577757021343
 20
54.6836371164321
 11
122.8556526051233
 21
54.47972626257645
 72
1
 10
122.8556526051233
 20
54.47972626257645
 11
123.6724384623423
 21
54.05472810648053
 72
1
 10
123.6724384623423
 20
54.05472810648053
 11
124.3547042246551
 21
53.43644338338457
 72
1
 10
124.3547042246551
 20
53.43644338338457
 11
124.8578203106111
 21
52.6653164332076
 72
1
 10
124.8578203106111
 20
52.6653164332076
 11
125.1488759960151
 21
51.79178958345933
 72
1
 10
125.1488759960151
 20
51.79178958345933
 11
125.2088322287235
 21
50.87300352599015
 72
1
 10
125.2088322287235
 20
50.87300352599015
 11
125.0337670450191
 21
49.96905952844793
 72
1
 10
125.0337670450191
 20
49.96905952844793
 11
124.6351321200482
 21
49.13908798325651
 72
1
 10
124.6351321200482
 20
49.13908798325651
 11
124.0390036704879
 21
48.43738046522224
 72
1
 10
124.0390036704879
 20
48.43738046522224
 11
123.284376710696
 21
47.90983831449872
 72
1
 10
123.284376710696
 20
47.90983831449872
 11
122.4206142414588
 21
47.59097005647299
 72
1
 10
122.4206142414588
 20
47.59097005647299
 11
121.5042182296087
 21
47.50163406874889
 72
1
 10
121.5042182296087
 20
47.50163406874889
 11
120.5951336008717
 21
47.64767415583827
 72
1
 10
120.5951336008717
 20
47.64767415583827
 11
119.7528270157875
 21
48.01953728382956
 72
1
 10
119.7528270157875
 20
48.01953728382956
 11
119.0323969307306
 21
48.59289848044113
 72
1
 10
119.0323969307306
 20
48.59289848044113
 11
118.0423667677242
 21
47.60286831743258
 72
1
 10
118.0423667677242
 20
47.60286831743258
 11
118.9528551286253
 21
46.86814769767016
 72
1
 10
118.9528551286253
 20
46.86814769767016
 11
120.0091557912162
 21
46.36512448284977
 72
1
 10
120.0091557912162
 20
46.36512448284977
 11
121.1534340360886
 21
46.12134026933422
 72
1
 10
121.1534340360886
 20
46.12134026933422
 11
122.3230381831147
 21
46.15014276396819
 72
1
 10
122.3230381831147
 20
46.15014276396819
 11
123.4539299048996
 21
46.44995496860036
 72
1
 10
123.4539299048996
 20
46.44995496860036
 11
124.4841904620715
 21
47.00436152409225
 72
1
 10
124.4841904620715
 20
47.00436152409225
 11
125.3574108866666
 21
47.78300748633437
 72
1
 10
125.3574108866666
 20
47.78300748633437
 11
125.3574108866666
 21
-0.4337297720028346
 72
1
 10
125.3574108866666
 20
-0.4337297720028346
 11
121.7545427340342
 21
1.972410592967383
 72
1
 10
121.7545427340342
 20
1.972410592967383
 11
121.4265437713919
 21
2.075247427679784
 72
1
 10
121.4265437713919
 20
2.075247427679784
 11
121.0845627879635
 21
2.109999996503592
 72
1
 10
121.0845627879635
 20
2.109999996503592
 11
117.4206979466645
 21
2.109999996503592
 72
1
 10
117.4206979466645
 20
2.109999996503592
 11
108.1767337260798
 21
2.784224872040971
 72
1
 10
108.1767337260798
 20
2.784224872040971
 11
108.0740206585929
 21
2.557572887160211
 72
1
 10
108.0740206585929
 20
2.557572887160211
 11
108.0304493643313
 21
2.312577705982664
 72
1
 10
108.0304493643313
 20
2.312577705982664
 11
108.0487178256154
 21
2.064409698766354
 72
1
 10
108.0487178256154
 20
2.064409698766354
 11
108.1276948392849
 21
1.828435700634116
 72
1
 10
108.1276948392849
 20
1.828435700634116
 11
108.3908085280954
 21
1.500000000001824
 72
1
 10
108.3908085280954
 20
1.500000000001824
 11
108.9013177812675
 21
1.092693300273958
 72
1
 10
108.9013177812675
 20
1.092693300273958
 11
109.3189706680719
 21
0.9695720977650751
 72
1
 10
109.3189706680719
 20
0.9695720977650751
 11
109.6561611213928
 21
0.9768174953019751
 72
1
 10
109.6561611213928
 20
0.9768174953019751
 11
109.9357315442523
 21
1.047339350942076
 72
1
 10
109.9357315442523
 20
1.047339350942076
 11
110.2127270723748
 21
1.194234360545004
 72
1
 10
110.2127270723748
 20
1.194234360545004
 11
110.4544467441637
 21
1.414982797191726
 72
1
 10
110.4544467441637
 20
1.414982797191726
 11
112.0638279488228
 21
1.297118036803999
 72
1
 10
112.0638279488228
 20
1.297118036803999
 11
114.8674388059653
 21
-0.0693686558965907
 72
1
 10
114.8674388059653
 20
-0.0693686558965908
 11
121.0565138930616
 21
-0.0900000035976973
 72
1
 10
121.0565138930616
 20
-0.0900000035976973
 11
121.7605923801458
 21
-0.1615494083726787
 72
1
 10
121.7605923801458
 20
-0.1615494083726787
 11
122.4358843548463
 21
-0.3732722984765303
 72
1
 10
122.4358843548463
 20
-0.3732722984765303
 11
123.1014081467645
 21
-0.7489380402410007
 72
1
 10
123.1014081467645
 20
-0.7489380402410007
 11
123.9122524994893
 21
-1.312811340614933
 72
1
 10
123.9122524994893
 20
-1.312811340614933
 11
123.2975656101556
 21
-2.573959982513668
 72
1
 10
123.2975656101556
 20
-2.573959982513668
 11
122.8510115680022
 21
-3.272412602642867
 72
1
 10
122.8510115680022
 20
-3.272412602642867
 11
122.2444772491587
 21
-3.837534443662434
 72
1
 10
122.2444772491587
 20
-3.837534443662434
 11
121.5162398467764
 21
-4.233661772814821
 72
1
 10
121.5162398467764
 20
-4.233661772814821
 11
119.1314658781639
 21
-3.121623408396863
 72
1
 10
119.1314658781639
 20
-3.121623408396863
 11
117.9364640160646
 21
-2.726022391996883
 72
1
 10
117.9364640160646
 20
-2.726022391996883
 11
116.9432426421555
 21
-3.645967242092689
 72
1
 10
116.9432426421555
 20
-3.645967242092689
 11
121.1669266432637
 21
-5.615503437495322
 72
1
 10
121.1669266432637
 20
-5.615503437495322
 11
120.315989530466
 21
-6.05967426819684
 72
1
 10
120.315989530466
 20
-6.05967426819684
 11
116.797478512568
 21
-6.05967426831379
 72
1
 10
116.797478512568
 20
-6.05967426831379
 11
116.4474785126244
 21
-6.15345648564828
 72
1
 10
116.4474785126244
 20
-6.15345648564828
 11
116.1912607300153
 21
-6.409674268255236
 72
1
 10
116.1912607300153
 20
-6.409674268255236
 11
116.0974785126808
 21
-6.759674268196682
 72
1
 10
116.0974785126808
 20
-6.759674268196682
 11
116.1912607300153
 21
-7.109674268140293
 72
1
 10
116.1912607300153
 20
-7.109674268140293
 11
116.4474785126244
 21
-7.365892050747248
 72
1
 10
116.4474785126244
 20
-7.365892050747248
 11
116.797478512568
 21
-7.459674268196522
 72
1
 10
116.797478512568
 20
-7.459674268196522
 11
120.315989530466
 21
-7.459674268196522
 97
0
 75
0
 76
1
 98
1
 10
0.0
 20
0.0
450
0
451
0
460
0.0
461
0.0
452
0
462
0.0
453
0
470

  0
HATCH
  5
38
330
2F
100
AcDbEntity
  8
A-DETL-GENF
100
AcDbHatch
 10
0.0
 20
0.0
 30
0.0
210
0.0
220
0.0
230
1.0
  2
SOLID
 70
1
 71
0
 91
1
 92
1
 93
67
 72
1
 10
76.17560577660471
 20
43.27000000000445
 11
84.17560577643397
 21
43.27000000000445
 72
1
 10
84.17560577643397
 20
43.27000000000445
 11
89.87239197977605
 21
46.58241959830726
 72
1
 10
89.87239197977605
 20
46.58241959830726
 11
96.03189524126662
 21
48.92464422750204
 72
1
 10
96.03189524126662
 20
48.92464422750204
 11
96.99130242867724
 21
48.1627969838241
 72
1
 10
96.99130242867724
 20
48.1627969838241
 11
97.26912875907382
 21
48.43234801819721
 72
1
 10
97.26912875907382
 20
48.43234801819721
 11
97.60668411549155
 21
48.62182522353972
 72
1
 10
97.60668411549155
 20
48.62182522353972
 11
97.98148802682117
 21
48.71860981967219
 72
1
 10
97.98148802682117
 20
48.71860981967219
 11
98.36857934713883
 21
48.71625615766965
 72
1
 10
98.36857934713883
 20
48.71625615766965
 11
98.74217861515983
 21
48.61492098643655
 72
1
 10
98.74217861515983
 20
48.61492098643655
 11
99.07740491165347
 21
48.4213530135428
 72
1
 10
99.07740491165347
 20
48.4213530135428
 11
99.35193287596556
 21
48.14844345561898
 72
1
 10
99.35193287596556
 20
48.14844345561898
 11
99.54747952766458
 21
47.81436751065542
 72
1
 10
99.54747952766458
 20
47.81436751065542
 11
99.65102187430806
 21
47.44137392834326
 72
1
 10
99.65102187430806
 20
47.44137392834326
 11
99.65566421511454
 21
47.05430329052139
 72
1
 10
99.65566421511454
 20
47.05430329052139
 11
99.56109738003585
 21
46.67893368107183
 72
1
 10
99.56109738003585
 20
46.67893368107183
 11
99.37361931980865
 21
46.3402639202065
 72
1
 10
99.37361931980865
 20
46.3402639202065
 11
99.10571567578042
 21
46.06084869601231
 72
1
 10
99.10571567578042
 20
46.06084869601231
 11
98.77522826269634
 21
45.85929647006226
 72
1
 10
98.77522826269634
 20
45.85929647006226
 11
98.4041668416259
 21
45.74903019331716
 72
1
 10
98.4041668416259
 20
45.74903019331716
 11
98.01724331656843
 21
45.73739336603836
 72
1
 10
98.01724331656843
 20
45.73739336603836
 11
98.03414338973951
 21
45.49417396730688
 72
1
 10
98.03414338973951
 20
45.49417396730688
 11
98.10939724692383
 21
45.2622728129987
 72
1
 10
98.10939724692383
 20
45.2622728129987
 11
98.23853170189824
 21
45.05547440649909
 72
1
 10
98.23853170189824
 20
45.05547440649909
 11
98.41387083628103
 21
44.88607111153259
 72
1
 10
98.41387083628103
 20
44.88607111153259
 11
98.62499226601709
 21
44.76413247820504
 72
1
 10
98.62499226601709
 20
44.76413247820504
 11
98.8593466613185
 21
44.69690669599232
 72
1
 10
98.8593466613185
 20
44.69690669599232
 11
99.10300369498962
 21
44.68838975199658
 72
1
 10
99.10300369498962
 20
44.68838975199658
 11
108.8781903724508
 21
45.54360777006748
 72
1
 10
108.8781903724508
 20
45.54360777006748
 11
110.016016508327
 21
45.79457920482626
 72
1
 10
110.016016508327
 20
45.79457920482626
 11
111.0512639706237
 21
46.32927319988773
 72
1
 10
111.0512639706237
 20
46.32927319988773
 11
111.9145259364517
 21
47.11184189010224
 72
1
 10
111.9145259364517
 20
47.11184189010224
 11
115.7159895304671
 21
47.11184189010224
 72
1
 10
115.7159895304671
 20
47.11184189010224
 11
115.7159895304671
 21
48.51184189000231
 72
1
 10
115.7159895304671
 20
48.51184189000231
 11
112.723425022256
 21
48.51184189000231
 72
1
 10
112.723425022256
 20
48.51184189000231
 11
112.9198625390831
 21
49.25786817915744
 72
1
 10
112.9198625390831
 20
49.25786817915744
 11
112.9859895304668
 21
50.02648391093554
 72
1
 10
112.9859895304668
 20
50.02648391093554
 11
112.9859895304668
 21
54.73510503682305
 72
1
 10
112.9859895304668
 20
54.73510503682305
 11
113.6193041871618
 21
55.56919259230301
 72
1
 10
113.6193041871618
 20
55.56919259230301
 11
112.6630191471383
 21
58.24052265040283
 72
1
 10
112.6630191471383
 20
58.24052265040283
 11
111.1695217501035
 21
60.65298008674503
 72
1
 10
111.1695217501035
 20
60.65298008674503
 11
109.2047838968978
 21
62.70000000000307
 72
1
 10
109.2047838968978
 20
62.70000000000307
 11
107.6290504064808
 21
62.70000000000307
 72
1
 10
107.6290504064808
 20
62.70000000000307
 11
107.6290504064808
 21
61.40000000000337
 72
1
 10
107.6290504064808
 20
61.40000000000337
 11
108.4159895304644
 21
61.40000000000337
 72
1
 10
108.4159895304644
 20
61.40000000000337
 11
110.1803201899469
 21
59.47361526739322
 72
1
 10
110.1803201899469
 20
59.47361526739322
 11
111.4859895304671
 21
57.21108385606376
 72
1
 10
111.4859895304671
 20
57.21108385606376
 11
111.4859895304671
 21
50.02648391123009
 72
1
 10
111.4859895304671
 20
50.02648391123009
 11
111.3947532301115
 21
49.29225387946106
 72
1
 10
111.3947532301115
 20
49.29225387946106
 11
111.1265937040565
 21
48.60268280217127
 72
1
 10
111.1265937040565
 20
48.60268280217127
 11
110.6978215410009
 21
47.99971328864419
 72
1
 10
110.6978215410009
 20
47.99971328864419
 11
110.1345164648593
 21
47.52002047731544
 72
1
 10
110.1345164648593
 20
47.52002047731544
 11
109.4709410563706
 21
47.19278129979209
 72
1
 10
109.4709410563706
 20
47.19278129979209
 11
108.7474567590686
 21
47.03789981733754
 72
1
 10
108.7474567590686
 20
47.03789981733754
 11
101.0381032096852
 21
46.36341877863293
 72
1
 10
101.0381032096852
 20
46.36341877863293
 11
101.1628958638834
 21
47.09379270068609
 72
1
 10
101.1628958638834
 20
47.09379270068609
 11
101.104870814174
 21
47.83247555967607
 72
1
 10
101.104870814174
 20
47.83247555967607
 11
100.8675677128452
 21
48.53440611938744
 72
1
 10
100.8675677128452
 20
48.53440611938744
 11
100.465462557245
 21
49.15676511256909
 72
1
 10
100.465462557245
 20
49.15676511256909
 11
99.92308462292054
 21
49.66158730791828
 72
1
 10
99.92308462292054
 20
49.66158730791828
 11
99.27352012532027
 21
50.01807747049617
 72
1
 10
99.27352012532027
 20
50.01807747049617
 11
98.55639388977046
 21
50.2044889369971
 72
1
 10
98.55639388977046
 20
50.2044889369971
 11
97.81545215229154
 21
50.20945020878136
 72
1
 10
97.81545215229154
 20
50.20945020878136
 11
96.40788202976448
 21
50.58660748640202
 72
1
 10
96.40788202976448
 20
50.58660748640202
 11
89.81459705491193
 21
48.21115161653272
 72
1
 10
89.81459705491193
 20
48.21115161653272
 11
83.70946209315169
 21
44.77000000000411
 72
1
 10
83.70946209315169
 20
44.77000000000411
 11
76.17560577660471
 21
44.77000000000411
 72
1
 10
76.17560577660471
 20
44.77000000000411
 11
76.17560577660471
 21
43.27000000000445
 97
0
 75
0
 76
1
 98
1
 10
0.0
 20
0.0
450
0
451
0
460
0.0
461
0.0
452
0
462
0.0
453
0
470

  0
HATCH
  5
39
330
2F
100
AcDbEntity
  8
A-DETL-GENF
100
AcDbHatch
 10
0.0
 20
0.0
 30
0.0
210
0.0
220
0.0
230
1.0
  2
SOLID
 70
1
 71
0
 91
1
 92
1
 93
165
 72
1
 10
119.9866675223677
 20
-2.159674264697901
 11
123.1014081467645
 21
-2.159674264697901
 72
1
 10
123.1014081467645
 20
-2.159674264697901
 11
122.9964217505353
 21
-0.9596742646981739
 72
1
 10
122.9964217505353
 20
-0.9596742646981739
 11
120.0152915412649
 21
-0.9596742646981739
 72
1
 10
120.0152915412649
 20
-0.9596742646981739
 11
115.0628794584996
 21
-0.7232765290390774
 72
1
 10
115.0628794584996
 20
-0.7232765290390774
 11
110.796730560416
 21
1.38090878387897
 72
1
 10
110.796730560416
 20
1.38090878387897
 11
109.6561611213928
 21
0.9712005943915585
 72
1
 10
109.6561611213928
 20
0.9712005943915585
 11
109.3670705281273
 21
0.9605181292151598
 72
1
 10
109.3670705281273
 20
0.9605181292151598
 11
109.0827753059053
 21
1.014031798448723
 72
1
 10
109.0827753059053
 20
1.014031798448723
 11
108.8173535331084
 21
1.129091646791442
 72
1
 10
108.8173535331084
 20
1.129091646791442
 11
108.5839486895905
 21
1.300000000004035
 72
1
 10
108.5839486895905
 20
1.300000000004035
 11
103.4159895304655
 21
1.300000000004035
 72
1
 10
103.4159895304655
 20
1.300000000004035
 11
103.469109470402
 21
2.870170662266355
 72
1
 10
103.469109470402
 20
2.870170662266355
 11
103.6171823781415
 21
3.046789896597471
 72
1
 10
103.6171823781415
 20
3.046789896597471
 11
103.8287457578239
 21
3.138227724223941
 72
1
 10
103.8287457578239
 20
3.138227724223941
 11
104.0588466733615
 21
3.125055457497313
 72
1
 10
104.0588466733615
 20
3.125055457497313
 11
104.5149833352016
 21
3.026921791919784
 72
1
 10
104.5149833352016
 20
3.026921791919784
 11
105.6264785113034
 21
2.991538705823143
 72
1
 10
105.6264785113034
 20
2.991538705823143
 11
106.2544830703589
 21
3.141771166850253
 72
1
 10
106.2544830703589
 20
3.141771166850253
 11
106.8260975879798
 21
3.442131553368892
 72
1
 10
106.8260975879798
 20
3.442131553368892
 11
107.3060646508312
 21
3.874093515948561
 72
1
 10
107.3060646508312
 20
3.874093515948561
 11
107.6647796974675
 21
4.411013467022513
 72
1
 10
107.6647796974675
 20
4.411013467022513
 11
107.8801170395432
 21
5.019773968080772
 72
1
 10
107.8801170395432
 20
5.019773968080772
 11
107.9387945832034
 21
5.662826426603345
 72
1
 10
107.9387945832034
 20
5.662826426603345
 11
107.8371930739561
 21
6.300507108340667
 72
1
 10
107.8371930739561
 20
6.300507108340667
 11
107.5815793337552
 21
6.893483612397068
 72
1
 10
107.5815793337552
 20
6.893483612397068
 11
108.4842947177502
 21
7.086329656314399
 72
1
 10
108.4842947177502
 20
7.086329656314399
 11
109.4257424388816
 21
7.595241447855807
 72
1
 10
109.4257424388816
 20
7.595241447855807
 11
110.0107718931008
 21
8.098837010388621
 72
1
 10
110.0107718931008
 20
8.098837010388621
 11
110.5395236196859
 21
8.855478453075666
 72
1
 10
110.5395236196859
 20
8.855478453075666
 11
110.8645260266721
 21
9.719456517963863
 72
1
 10
110.8645260266721
 20
9.719456517963863
 11
110.9655505117348
 21
10.63699600734684
 72
1
 10
110.9655505117348
 20
10.63699600734684
 11
110.8363091702682
 21
11.55098798587349
 72
1
 10
110.8363091702682
 20
11.55098798587349
 11
110.4848461633047
 21
12.40454432021254
 72
1
 10
110.4848461633047
 20
12.40454432021254
 11
109.9139215381272
 21
13.15999400758314
 72
1
 10
109.9139215381272
 20
13.15999400758314
 11
109.2152271619058
 21
13.72491218570351
 72
1
 10
109.2152271619058
 20
13.72491218570351
 11
108.376094021864
 21
14.10954218250336
 72
1
 10
108.376094021864
 20
14.10954218250336
 11
107.9873900537675
 21
12.65836023940148
 72
1
 10
107.9873900537675
 20
12.65836023940148
 11
108.6175962076993
 21
12.29683648090904
 72
1
 10
108.6175962076993
 20
12.29683648090904
 11
108.9482568191218
 21
11.99031489761597
 72
1
 10
108.9482568191218
 20
11.99031489761597
 11
109.2422665392946
 21
11.54660704728835
 72
1
 10
109.2422665392946
 20
11.54660704728835
 11
109.4257424388816
 21
10.98687245917447
 72
1
 10
109.4257424388816
 20
10.98687245917447
 11
109.4257424388816
 21
10.25643740165065
 72
1
 10
109.4257424388816
 20
10.25643740165065
 11
109.2557010438089
 21
9.682932505378737
 72
1
 10
109.2557010438089
 20
9.682932505378737
 11
109.097084622194
 21
9.360536689988994
 72
1
 10
109.097084622194
 20
9.360536689988994
 11
108.565322474398
 21
8.807245721461605
 72
1
 10
108.565322474398
 20
8.807245721461605
 11
108.0805991286279
 21
8.553469255551107
 72
1
 10
108.0805991286279
 20
8.553469255551107
 11
107.6045752378363
 21
8.417249621927004
 72
1
 10
107.6045752378363
 20
8.417249621927004
 11
107.0853440500312
 21
8.393549787500694
 72
1
 10
107.0853440500312
 20
8.393549787500694
 11
106.4057221552398
 21
8.573032309931325
 72
1
 10
106.4057221552398
 20
8.573032309931325
 11
105.9583698031025
 21
8.827408692201358
 72
1
 10
105.9583698031025
 20
8.827408692201358
 11
105.6263696516628
 21
9.113150773603104
 72
1
 10
105.6263696516628
 20
9.113150773603104
 11
104.5163891095492
 21
9.14869167485582
 72
1
 10
104.5163891095492
 20
9.14869167485582
 11
104.3275971592954
 21
9.007420540247773
 72
1
 10
104.3275971592954
 20
9.007420540247773
 11
104.230145033968
 21
8.55960650689554
 72
1
 10
104.230145033968
 20
8.55960650689554
 11
104.5277609627997
 21
7.448888739432328
 72
1
 10
104.5277609627997
 20
7.448888739432328
 11
104.8867273162106
 21
7.499714547142088
 72
1
 10
104.8867273162106
 20
7.499714547142088
 11
105.2474031045278
 21
7.462930293309966
 72
1
 10
105.2474031045278
 20
7.462930293309966
 11
105.5887184327734
 21
7.340684834031907
 72
1
 10
105.5887184327734
 20
7.340684834031907
 11
105.9749296586576
 21
7.048333411985135
 72
1
 10
105.9749296586576
 20
7.048333411985135
 11
106.1358078960363
 21
6.872950832089492
 72
1
 10
106.1358078960363
 20
6.872950832089492
 11
106.3096222546829
 21
6.554786292366213
 72
1
 10
106.3096222546829
 20
6.554786292366213
 11
106.402023621126
 21
6.204212344265044
 72
1
 10
106.402023621126
 20
6.204212344265044
 11
106.4002276426687
 21
5.281703573976455
 72
1
 10
106.4002276426687
 20
5.281703573976455
 11
106.2904543191175
 21
5.021553116827215
 72
1
 10
106.2904543191175
 20
5.021553116827215
 11
106.1180710584893
 21
4.79791847197888
 72
1
 10
106.1180710584893
 20
4.79791847197888
 11
105.8944364136409
 21
4.625535211352763
 72
1
 10
105.8944364136409
 20
4.625535211352763
 11
105.6342859564895
 21
4.515761887799453
 72
1
 10
105.6342859564895
 20
4.515761887799453
 11
105.354761332382
 21
4.475831605587273
 72
1
 10
105.354761332382
 20
4.475831605587273
 11
104.3675633438264
 21
4.603852186192682
 72
1
 10
104.3675633438264
 20
4.603852186192682
 11
104.0514018142614
 21
4.774239794573725
 72
1
 10
104.0514018142614
 20
4.774239794573725
 11
103.784806156975
 21
5.014898900743299
 72
1
 10
103.784806156975
 20
5.014898900743299
 11
103.58306001069
 21
5.312032780207658
 72
1
 10
103.58306001069
 20
5.312032780207658
 11
103.4577292622858
 21
5.648607071220971
 72
1
 10
103.4577292622858
 20
5.648607071220971
 11
103.4159989870879
 21
6.005326336187977
 72
1
 10
103.4159989870879
 20
6.005326336187977
 11
103.4602615363299
 21
6.361740248096526
 72
1
 10
103.4602615363299
 20
6.361740248096526
 11
103.2193936334358
 21
6.454295410352756
 72
1
 10
103.2193936334358
 20
6.454295410352756
 11
102.9628615072508
 21
6.482135542224489
 72
1
 10
102.9628615072508
 20
6.482135542224489
 11
102.7077460427761
 21
6.4434069418028
 72
1
 10
102.7077460427761
 20
6.4434069418028
 11
102.4710337982633
 21
6.34068830665924
 72
1
 10
102.4710337982633
 20
6.34068830665924
 11
102.2684859755856
 21
6.180819034336354
 72
1
 10
102.2684859755856
 20
6.180819034336354
 11
102.113588979407
 21
5.974443829236093
 72
1
 10
102.113588979407
 20
5.974443829236093
 11
102.0166564410642
 21
5.735303937714729
 72
1
 10
102.0166564410642
 20
5.735303937714729
 11
101.9841424977679
 21
5.47932220360658
 72
1
 10
101.9841424977679
 20
5.47932220360658
 11
102.1164359946644
 21
4.250000000003365
 72
1
 10
102.1164359946644
 20
4.250000000003365
 11
100.3586959894646
 21
4.250000000003365
 72
1
 10
100.3586959894646
 20
4.250000000003365
 11
100.3586959894646
 21
3.250000000003592
 72
1
 10
100.3586959894646
 20
3.250000000003592
 11
101.9159895304615
 21
3.250000000003592
 72
1
 10
101.9159895304615
 20
3.250000000003592
 11
101.9159895304615
 21
1.500000000001824
 72
1
 10
101.9159895304615
 20
1.500000000001824
 11
85.11598953046537
 21
1.500000000001824
 72
1
 10
85.11598953046537
 20
1.500000000001824
 11
85.11598953046537
 21
10.30000000006263
 72
1
 10
85.11598953046537
 20
10.30000000006263
 11
86.119964126701
 21
10.30000000006263
 72
1
 10
86.119964126701
 20
10.30000000006263
 11
86.60292703982029
 21
11.17059047745383
 72
1
 10
86.60292703982029
 20
11.17059047745383
 11
86.61996412667489
 21
11.30000000000609
 72
1
 10
86.61996412667489
 20
11.30000000000609
 11
86.47351751726367
 21
11.65355339060129
 72
1
 10
86.47351751726367
 20
11.65355339060129
 11
86.2493736492186
 21
11.78296291314921
 72
1
 10
86.2493736492186
 20
11.78296291314921
 11
86.11996412667499
 21
11.80000000000165
 72
1
 10
86.11996412667499
 20
11.80000000000165
 11
84.87599715370015
 21
11.74207390469817
 72
1
 10
84.87599715370015
 20
11.74207390469817
 11
84.4659895304092
 21
11.57224318645213
 72
1
 10
84.4659895304092
 20
11.57224318645213
 11
84.11390800241524
 21
11.30208152805427
 72
1
 10
84.11390800241524
 20
11.30208152805427
 11
83.84374634401522
 21
10.95000000006248
 72
1
 10
83.84374634401522
 20
10.95000000006248
 11
83.67391562577136
 21
10.53999237676505
 72
1
 10
83.67391562577136
 20
10.53999237676505
 11
83.61598953046573
 21
10.10000000012115
 72
1
 10
83.61598953046573
 20
10.10000000012115
 11
83.61598953046573
 21
1.500000000001824
 72
1
 10
83.61598953046573
 20
1.500000000001824
 11
67.2759895304625
 21
1.500000000001824
 72
1
 10
67.2759895304625
 20
1.500000000001824
 11
67.2759895304625
 21
22.37000000040337
 72
1
 10
67.2759895304625
 20
22.37000000040337
 11
69.65598190719084
 21
22.42792609550976
 72
1
 10
69.65598190719084
 20
22.42792609550976
 11
70.06598953049911
 21
22.59775681376014
 72
1
 10
70.06598953049911
 20
22.59775681376014
 11
70.41807105850174
 21
22.86791847216666
 72
1
 10
70.41807105850174
 20
22.86791847216666
 11
70.68823271691042
 21
23.22000000016928
 72
1
 10
70.68823271691042
 20
23.22000000016928
 11
70.85806343515863
 21
23.63000762347971
 72
1
 10
70.85806343515863
 20
23.63000762347971
 11
70.91598953046427
 21
24.07000000013443
 72
1
 10
70.91598953046427
 20
24.07000000013443
 11
70.91598953046427
 21
24.88227065087416
 72
1
 10
70.91598953046427
 20
24.88227065087416
 11
71.48319736314498
 21
24.55311550372968
 72
1
 10
71.48319736314498
 20
24.55311550372968
 11
72.1018511541509
 21
24.33554867900532
 72
1
 10
72.1018511541509
 20
24.33554867900532
 11
76.73199796842282
 21
23.18112342088439
 72
1
 10
76.73199796842282
 20
23.18112342088439
 11
77.60894299433805
 21
24.50839691298114
 72
1
 10
77.60894299433805
 20
24.50839691298114
 11
72.0326681091239
 21
25.95363280532715
 72
1
 10
72.0326681091239
 20
25.95363280532715
 11
71.64940483648392
 21
26.21100829059648
 72
1
 10
71.64940483648392
 20
26.21100829059648
 11
71.33536568098164
 21
26.54940492973122
 72
1
 10
71.33536568098164
 20
26.54940492973122
 11
70.86829533392391
 21
27.36691942588899
 72
1
 10
70.86829533392391
 20
27.36691942588899
 11
70.53706323616869
 21
27.7141410669284
 72
1
 10
70.53706323616869
 20
27.7141410669284
 11
70.01327258101149
 21
28.01229528786874
 72
1
 10
70.01327258101149
 20
28.01229528786874
 11
69.76396930373026
 21
27.99818014444609
 72
1
 10
69.76396930373026
 20
27.99818014444609
 11
69.64984420677276
 21
27.94513142011964
 72
1
 10
69.64984420677276
 20
27.94513142011964
 11
69.43182823537354
 21
27.64670185632363
 72
1
 10
69.43182823537354
 20
27.64670185632363
 11
69.41598953046461
 21
27.52185058346538
 72
1
 10
69.41598953046461
 20
27.52185058346538
 11
69.41598953046461
 21
23.87000000000237
 72
1
 10
69.41598953046461
 20
23.87000000000237
 11
64.76598953046566
 21
23.87000000000237
 72
1
 10
64.76598953046566
 20
23.87000000000237
 11
64.76598953046566
 21
26.39487066848307
 72
1
 10
64.76598953046566
 20
26.39487066848307
 11
65.75741088676244
 21
27.02857864380426
 72
1
 10
65.75741088676244
 20
27.02857864380426
 11
64.73033578644919
 21
28.05565374411969
 72
1
 10
64.73033578644919
 20
28.05565374411969
 11
64.49025061227213
 21
28.14452910021086
 72
1
 10
64.49025061227213
 20
28.14452910021086
 11
64.23546742962598
 21
28.16953409215035
 72
1
 10
64.23546742962598
 20
28.16953409215035
 11
63.98268465691213
 21
28.12902989977625
 72
1
 10
63.98268465691213
 20
28.12902989977625
 11
63.74846960622204
 21
28.02567115650316
 72
1
 10
63.74846960622204
 20
28.02567115650316
 11
63.54817266634387
 21
27.86623196540699
 72
1
 10
63.54817266634387
 20
27.86623196540699
 11
63.39492124260144
 21
27.66116192639189
 72
1
 10
63.39492124260144
 20
27.66116192639189
 11
63.29875939035845
 21
27.42390127235652
 72
1
 10
63.29875939035845
 20
27.42390127235652
 11
63.26598953046601
 21
27.17000000007959
 72
1
 10
63.26598953046601
 20
27.17000000007959
 11
63.32391562577164
 21
23.63000762324148
 72
1
 10
63.32391562577164
 20
23.63000762324148
 11
63.49374634401552
 21
23.21999999994404
 72
1
 10
63.49374634401552
 20
23.21999999994404
 11
63.76390800241555
 21
22.86791847195225
 72
1
 10
63.76390800241555
 20
22.86791847195225
 11
64.11598953040517
 21
22.59775681355222
 72
1
 10
64.11598953040517
 20
22.59775681355222
 11
64.52599715370478
 21
22.42792609530835
 72
1
 10
64.52599715370478
 20
22.42792609530835
 11
64.96598953034866
 21
22.37000000000271
 72
1
 10
64.96598953034866
 20
22.37000000000271
 11
65.77598953046282
 21
22.37000000000271
 72
1
 10
65.77598953046282
 20
22.37000000000271
 11
65.77598953046282
 21
9.000000000002286
 72
1
 10
65.77598953046282
 20
9.000000000002286
 11
60.2759895305074
 21
9.000000000002286
 72
1
 10
60.2759895305074
 20
9.000000000002286
 11
60.2759895305074
 21
7.600000000002603
 72
1
 10
60.2759895305074
 20
7.600000000002603
 11
65.77598953046282
 21
7.600000000002603
 72
1
 10
65.77598953046282
 20
7.600000000002603
 11
65.77598953046282
 21
1.400000000004013
 72
1
 10
65.77598953046282
 20
1.400000000004013
 11
62.92598953046348
 21
1.400000000004013
 72
1
 10
62.92598953046348
 20
1.400000000004013
 11
62.92598953046348
 21
2.299999999962659
 72
1
 10
62.92598953046348
 20
2.299999999962659
 11
60.77598953046397
 21
2.299999999962659
 72
1
 10
60.77598953046397
 20
2.299999999962659
 11
60.77598953046397
 21
0.4999999999998864
 72
1
 10
60.77598953046397
 20
0.4999999999998864
 11
60.92243613987083
 21
0.1464466094090255
 72
1
 10
60.92243613987083
 20
0.1464466094090255
 11
61.1465800079116
 21
0.0170370868589316
 72
1
 10
61.1465800079116
 20
0.0170370868589316
 11
61.27598953046386
 21
2.1657e-12
 72
1
 10
61.27598953046386
 20
2.1657e-12
 11
108.3885608117077
 21
2.1657e-12
 72
1
 10
108.3885608117077
 20
2.1657e-12
 11
108.9587576658709
 21
-0.1915262643280187
 72
1
 10
108.9587576658709
 20
-0.1915262643280187
 11
109.5581972730959
 21
-0.2413150151865636
 72
1
 10
109.5581972730959
 20
-0.2413150151865636
 11
110.1521786248224
 21
-0.1464840274906805
 72
1
 10
110.1521786248224
 20
-0.1464840274906805
 11
110.7063166858807
 21
0.0874770199406101
 72
1
 10
110.7063166858807
 20
0.0874770199406101
 11
114.7561189230082
 21
-1.910000000046778
 72
1
 10
114.7561189230082
 20
-1.910000000046778
 11
119.9866675223677
 21
-2.159674264697901
 97
0
 75
0
 76
1
 98
1
 10
0.0
 20
0.0
450
0
451
0
460
0.0
461
0.0
452
0
462
0.0
453
0
470

  0
HATCH
  5
3A
330
2F
100
AcDbEntity
  8
A-DETL-GENF
100
AcDbHatch
 10
0.0
 20
0.0
 30
0.0
210
0.0
220
0.0
230
1.0
  2
SOLID
 70
1
 71
0
 91
1
 92
1
 93
41
 72
1
 10
101.415989530466
 20
1.500000000001824
 11
101.415989530466
 21
3.045195620536594
 72
1
 10
101.415989530466
 20
3.045195620536594
 11
100.1854524544057
 21
3.045195620536594
 72
1
 10
100.1854524544057
 20
3.045195620536594
 11
99.22135213580464
 21
5.543856542106062
 72
1
 10
99.22135213580464
 20
5.543856542106062
 11
98.71745750022332
 21
8.17423408564547
 72
1
 10
98.71745750022332
 20
8.17423408564547
 11
98.68986571305138
 21
10.85229952894384
 72
1
 10
98.68986571305138
 20
10.85229952894384
 11
99.35122428914231
 21
11.62487113902554
 72
1
 10
99.35122428914231
 20
11.62487113902554
 11
99.39536388110022
 21
12.13576471326791
 72
1
 10
99.39536388110022
 20
12.13576471326791
 11
99.8973628093756
 21
13.70522849026375
 72
1
 10
99.8973628093756
 20
13.70522849026375
 11
98.69861903078939
 21
14.39732353352054
 72
1
 10
98.69861903078939
 20
14.39732353352054
 11
98.27833723092795
 21
14.31009616506644
 72
1
 10
98.27833723092795
 20
14.31009616506644
 11
98.07946162458661
 21
14.09937510068194
 72
1
 10
98.07946162458661
 20
14.09937510068194
 11
98.02387751438074
 21
13.9644147253484
 72
1
 10
98.02387751438074
 20
13.9644147253484
 11
97.44357531594308
 21
9.813319758113307
 72
1
 10
97.44357531594308
 20
9.813319758113307
 11
97.9462853941752
 21
5.395141032378927
 72
1
 10
97.9462853941752
 20
5.395141032378927
 11
97.81622957237384
 21
5.173149798405916
 72
1
 10
97.81622957237384
 20
5.173149798405916
 11
97.5930079362799
 21
5.045217293049694
 72
1
 10
97.5930079362799
 20
5.045217293049694
 11
97.46436635596775
 21
5.028385321602445
 72
1
 10
97.46436635596775
 20
5.028385321602445
 11
88.3103000640615
 21
5.05808959532892
 72
1
 10
88.3103000640615
 20
5.05808959532892
 11
88.08275039687345
 21
5.145437728746384
 72
1
 10
88.08275039687345
 20
5.145437728746384
 11
87.88309135329939
 21
5.285240496133508
 72
1
 10
87.88309135329939
 20
5.285240496133508
 11
87.72318438710376
 21
5.469192418143888
 72
1
 10
87.72318438710376
 20
5.469192418143888
 11
87.61252933886696
 21
5.686365178291697
 72
1
 10
87.61252933886696
 20
5.686365178291697
 11
86.96916239491733
 21
7.609468384198203
 72
1
 10
86.96916239491733
 20
7.609468384198203
 11
86.91598953046496
 21
8.217237006003051
 72
1
 10
86.91598953046496
 20
8.217237006003051
 11
86.91598953046496
 21
10.07838532160346
 72
1
 10
86.91598953046496
 20
10.07838532160346
 11
85.78658000791293
 21
10.06134823474886
 72
1
 10
85.78658000791293
 20
10.06134823474886
 11
85.56243613987216
 21
9.931938712196603
 72
1
 10
85.56243613987216
 20
9.931938712196603
 11
85.4159895304653
 21
9.578385321603577
 72
1
 10
85.4159895304653
 20
9.578385321603577
 11
85.41598953046962
 21
8.217237006003051
 72
1
 10
85.41598953046962
 20
8.217237006003051
 11
85.57251309460177
 21
7.048333411985135
 72
1
 10
85.57251309460177
 20
7.048333411985135
 11
85.71752642656425
 21
6.507136289404968
 72
1
 10
85.71752642656425
 20
6.507136289404968
 11
87.40081354830856
 21
1.96919241813602
 72
1
 10
87.40081354830856
 20
1.96919241813602
 11
87.56072051450853
 21
1.785240496127807
 72
1
 10
87.56072051450853
 20
1.785240496127807
 11
87.76037955807828
 21
1.645437728745014
 72
1
 10
87.76037955807828
 20
1.645437728745014
 11
87.98792922526631
 21
1.55808959532755
 72
1
 10
87.98792922526631
 20
1.55808959532755
 11
88.22985112086735
 21
1.528385321605407
 72
1
 10
88.22985112086735
 20
1.528385321605407
 11
89.41598953046439
 21
1.528385321605407
 72
1
 10
89.41598953046439
 20
1.528385321605407
 11
89.41598953046439
 21
3.000000000001483
 72
1
 10
89.41598953046439
 20
3.000000000001483
 11
96.4159895304628
 21
3.000000000001483
 72
1
 10
96.4159895304628
 20
3.000000000001483
 11
96.4159895304628
 21
1.500000000001824
 72
1
 10
96.4159895304628
 20
1.500000000001824
 11
101.415989530466
 21
1.500000000001824
 97
0
 75
0
 76
1
 98
1
 10
0.0
 20
0.0
450
0
451
0
460
0.0
461
0.0
452
0
462
0.0
453
0
470

  0
HATCH
  5
3B
330
2F
100
AcDbEntity
  8
A-DETL-GENF
100
AcDbHatch
 10
0.0
 20
0.0
 30
0.0
210
0.0
220
0.0
230
1.0
  2
SOLID
 70
1
 71
0
 91
2
 92
1
 93
44
 72
1
 10
49.77598953036685
 20
3.2421042e-09
 11
60.57598953036439
 21
3.2421042e-09
 72
1
 10
60.57598953036439
 20
3.2421042e-09
 11
60.57598953036439
 21
2.800000000003695
 72
1
 10
60.57598953036439
 20
2.800000000003695
 11
62.76505352424583
 21
2.800000000003695
 72
1
 10
62.76505352424583
 20
2.800000000003695
 11
63.26560842254843
 21
1.754718886407255
 72
1
 10
63.26560842254843
 20
1.754718886407255
 11
63.56568990046421
 21
1.543992197461449
 72
1
 10
63.56568990046421
 20
1.543992197461449
 11
63.92962513589361
 21
1.499206315411169
 72
1
 10
63.92962513589361
 20
1.499206315411169
 11
64.27184383315138
 21
1.630891523659079
 72
1
 10
64.27184383315138
 20
1.630891523659079
 11
64.40891855546799
 21
1.754718886407255
 72
1
 10
64.40891855546799
 20
1.754718886407255
 11
64.5745895990197
 21
2.081839255920379
 72
1
 10
64.5745895990197
 20
2.081839255920379
 11
64.59045160979782
 21
2.554169554847061
 72
1
 10
64.59045160979782
 20
2.554169554847061
 11
64.49042985963622
 21
3.016060412263482
 72
1
 10
64.49042985963622
 20
3.016060412263482
 11
64.28058708558744
 21
3.439514689430677
 72
1
 10
64.28058708558744
 20
3.439514689430677
 11
63.97364273677504
 21
3.798865049663755
 72
1
 10
63.97364273677504
 20
3.798865049663755
 11
63.58820199530453
 21
4.072329763084224
 72
1
 10
63.58820199530453
 20
4.072329763084224
 11
63.14762803830828
 21
4.243332988447417
 72
1
 10
63.14762803830828
 20
4.243332988447417
 11
62.67862589793029
 21
4.3015095043048
 72
1
 10
62.67862589793029
 20
4.3015095043048
 11
61.57598953036417
 21
4.3015095043048
 72
1
 10
61.57598953036417
 20
4.3015095043048
 11
61.57598953036417
 21
7.350000003242598
 72
1
 10
61.57598953036417
 20
7.350000003242598
 11
59.77598953026495
 21
7.350000003242598
 72
1
 10
59.77598953026495
 20
7.350000003242598
 11
59.77598953026495
 21
9.000000000002286
 72
1
 10
59.77598953026495
 20
9.000000000002286
 11
58.27995897348731
 21
9.000000000002286
 72
1
 10
58.27995897348731
 20
9.000000000002286
 11
58.27995897348731
 21
7.350000003223107
 72
1
 10
58.27995897348731
 20
7.350000003223107
 11
52.07202008724393
 21
7.350000003223107
 72
1
 10
52.07202008724393
 20
7.350000003223107
 11
52.07202008724393
 21
9.006505403016815
 72
1
 10
52.07202008724393
 20
9.006505403016815
 11
50.59299927317163
 21
9.006505403016815
 72
1
 10
50.59299927317163
 20
9.006505403016815
 11
50.59299927317163
 21
7.350000003223107
 72
1
 10
50.59299927317163
 20
7.350000003223107
 11
48.77598953036708
 21
7.350000003223107
 72
1
 10
48.77598953036708
 20
7.350000003223107
 11
48.77598953036708
 21
4.3015095043048
 72
1
 10
48.77598953036708
 20
4.3015095043048
 11
47.77598953036297
 21
4.3015095043048
 72
1
 10
47.77598953036297
 20
4.3015095043048
 11
47.22598953044539
 21
4.212863866862448
 72
1
 10
47.22598953044539
 20
4.212863866862448
 11
46.85330042729843
 21
4.071204593180931
 72
1
 10
46.85330042729843
 20
4.071204593180931
 11
46.45821100806265
 21
3.800621373245224
 72
1
 10
46.45821100806265
 20
3.800621373245224
 11
46.13778831131715
 21
3.444755916205292
 72
1
 10
46.13778831131715
 20
3.444755916205292
 11
45.85087242221418
 21
2.800000000103318
 72
1
 10
45.85087242221418
 20
2.800000000103318
 11
45.78756614972522
 21
2.560595313976136
 72
1
 10
45.78756614972522
 20
2.560595313976136
 11
45.77738946171154
 21
2.081839255920379
 72
1
 10
45.77738946171154
 20
2.081839255920379
 11
45.94306050526326
 21
1.754718886407255
 72
1
 10
45.94306050526326
 20
1.754718886407255
 11
46.24314198317904
 21
1.543992197461449
 72
1
 10
46.24314198317904
 20
1.543992197461449
 11
46.60707721860844
 21
1.499206315411169
 72
1
 10
46.60707721860844
 20
1.499206315411169
 11
46.9492959158662
 21
1.630891523659079
 72
1
 10
46.9492959158662
 20
1.630891523659079
 11
47.08637063818281
 21
1.754718886407255
 72
1
 10
47.08637063818281
 20
1.754718886407255
 11
47.58692553798843
 21
2.800000003224141
 72
1
 10
47.58692553798843
 20
2.800000003224141
 11
49.77598953036685
 21
2.800000003224141
 72
1
 10
49.77598953036685
 20
2.800000003224141
 11
49.77598953036685
 21
3.2421044e-09
 97
0
 92
1
 93
18
 72
1
 10
52.56379907673991
 20
1.500000003243928
 11
51.77598953036639
 21
1.500000003243928
 72
1
 10
51.77598953036639
 20
1.500000003243928
 11
51.87506391065674
 21
1.978573313392178
 72
1
 10
51.87506391065674
 20
1.978573313392178
 11
51.85750849345459
 21
2.466978834800818
 72
1
 10
51.85750849345459
 20
2.466978834800818
 11
51.72433017313559
 21
2.937203973446975
 72
1
 10
51.72433017313559
 20
2.937203973446975
 11
51.48316741826528
 21
3.362278874705663
 72
1
 10
51.48316741826528
 20
3.362278874705663
 11
51.14785216572267
 21
3.717823284633192
 72
1
 10
51.14785216572267
 20
3.717823284633192
 11
50.7376164872834
 21
3.983444884192385
 72
1
 10
50.7376164872834
 20
3.983444884192385
 11
50.27598953036673
 21
4.143908894684324
 72
1
 10
50.27598953036673
 20
4.143908894684324
 11
50.27598953036673
 21
5.850000003223448
 72
1
 10
50.27598953036673
 20
5.850000003223448
 11
60.07598953036451
 21
5.850000003223448
 72
1
 10
60.07598953036451
 20
5.850000003223448
 11
60.07598953036451
 21
4.14390889470165
 72
1
 10
60.07598953036451
 20
4.14390889470165
 11
59.57342301947937
 21
3.909036695087894
 72
1
 10
59.57342301947937
 20
3.909036695087894
 11
59.14354189627254
 21
3.558408305003661
 72
1
 10
59.14354189627254
 20
3.558408305003661
 11
58.81244408215421
 21
3.113310242209854
 72
1
 10
58.81244408215421
 20
3.113310242209854
 11
58.60023040095007
 21
2.600764242784237
 72
1
 10
58.60023040095007
 20
2.600764242784237
 11
58.51978426547013
 21
2.051886781682207
 72
1
 10
58.51978426547013
 20
2.051886781682207
 11
58.57598953036485
 21
1.500000003243928
 72
1
 10
58.57598953036485
 20
1.500000003243928
 11
52.56379907673991
 21
1.500000003243928
 97
0
 75
0
 76
1
 98
1
 10
0.0
 20
0.0
450
0
451
0
460
0.0
461
0.0
452
0
462
0.0
453
0
470

  0
HATCH
  5
3C
330
2F
100
AcDbEntity
  8
A-DETL-GENF
100
AcDbHatch
 10
0.0
 20
0.0
 30
0.0
210
0.0
220
0.0
230
1.0
  2
SOLID
 70
1
 71
0
 91
2
 92
1
 93
45
 72
1
 10
49.57598953046652
 20
0.0283853224027382
 11
49.57598953046652
 21
2.800000000103318
 72
1
 10
49.57598953046652
 20
2.800000000103318
 11
47.77598953048425
 21
2.800000000103318
 72
1
 10
47.77598953048425
 20
2.800000000103318
 11
47.22598953044539
 21
1.428385320901566
 72
1
 10
47.22598953044539
 20
1.428385320901566
 11
44.57598953046332
 21
1.428385320901566
 72
1
 10
44.57598953046332
 20
1.428385320901566
 11
44.57598953046332
 21
3.278637852708101
 72
1
 10
44.57598953046332
 20
3.278637852708101
 11
44.69524913844552
 21
4.184504510504615
 72
1
 10
44.69524913844552
 20
4.184504510504615
 11
45.04490061719208
 21
5.028637852584256
 72
1
 10
45.04490061719208
 20
5.028637852584256
 11
45.60111579623771
 21
5.753511586696856
 72
1
 10
45.60111579623771
 20
5.753511586696856
 11
47.55883224296572
 21
7.628385320904488
 72
1
 10
47.55883224296572
 20
7.628385320904488
 11
50.07598953046207
 21
7.628385320904488
 72
1
 10
50.07598953046207
 20
7.628385320904488
 11
50.07598953046207
 21
9.028385320804546
 72
1
 10
50.07598953046207
 20
9.028385320804546
 11
48.62598953046673
 21
9.028385320804546
 72
1
 10
48.62598953046673
 20
9.028385320804546
 11
48.62598953046673
 21
20.3283853209016
 72
1
 10
48.62598953046673
 20
20.3283853209016
 11
53.66421809821775
 21
20.37949658126399
 72
1
 10
53.66421809821775
 20
20.37949658126399
 11
54.02598953053048
 21
20.52934721500973
 72
1
 10
54.02598953053048
 20
20.52934721500973
 11
54.33664970228374
 21
20.76772514888611
 72
1
 10
54.33664970228374
 20
20.76772514888611
 11
54.57502763615796
 21
21.07838532063938
 72
1
 10
54.57502763615796
 20
21.07838532063938
 11
54.72487826990153
 21
21.44015675295428
 72
1
 10
54.72487826990153
 20
21.44015675295428
 11
54.77598953046534
 21
21.82838532057424
 72
1
 10
54.77598953046534
 20
21.82838532057424
 11
54.75895244361073
 21
27.6084989987652
 72
1
 10
54.75895244361073
 20
27.6084989987652
 11
54.52598953046972
 21
27.91210217810315
 72
1
 10
54.52598953046972
 20
27.91210217810315
 11
54.27598953046977
 21
27.9790894762085
 72
1
 10
54.27598953046977
 20
27.9790894762085
 11
54.02598953047417
 21
27.91210217810315
 72
1
 10
54.02598953047417
 20
27.91210217810315
 11
53.84297682858391
 21
27.72908947621289
 72
1
 10
53.84297682858391
 20
27.72908947621289
 11
51.89393845613395
 21
24.35325598924335
 72
1
 10
51.89393845613395
 20
24.35325598924335
 11
53.27598953046567
 21
24.35325598924335
 72
1
 10
53.27598953046567
 20
24.35325598924335
 11
53.27598953046567
 21
21.82838532070418
 72
1
 10
53.27598953046567
 20
21.82838532070418
 11
48.62598953046673
 21
21.82838532070418
 72
1
 10
48.62598953046673
 20
21.82838532070418
 11
48.62598953046673
 21
26.42816261580421
 72
1
 10
48.62598953046673
 20
26.42816261580421
 11
34.05074463525433
 21
20.67020886506312
 72
1
 10
34.05074463525433
 20
20.67020886506312
 11
33.3407921378919
 21
20.32029403420671
 72
1
 10
33.3407921378919
 20
20.32029403420671
 11
32.6762863781966
 21
19.84430056852924
 72
1
 10
32.6762863781966
 20
19.84430056852924
 11
25.99598953170116
 21
14.1783853227482
 72
1
 10
25.99598953170116
 20
14.1783853227482
 11
16.45912428948708
 21
4.921220007813815
 72
1
 10
16.45912428948708
 20
4.921220007813815
 11
15.85306869698841
 21
4.211566104294371
 72
1
 10
15.85306869698841
 20
4.211566104294371
 11
15.38944508013867
 21
3.401649327164591
 72
1
 10
15.38944508013867
 20
3.401649327164591
 11
15.08440445460378
 21
2.519684327435101
 72
1
 10
15.08440445460378
 20
2.519684327435101
 11
14.74977654103453
 21
1.009296271359841
 72
1
 10
14.74977654103453
 20
1.009296271359841
 11
14.7879079795858
 21
0.754233236305521
 72
1
 10
14.7879079795858
 20
0.754233236305521
 11
14.89000229127676
 21
0.517404374093411
 72
1
 10
14.89000229127676
 20
0.517404374093411
 11
15.04926906516509
 21
0.3145614467005999
 72
1
 10
15.04926906516509
 20
0.3145614467005999
 11
15.2551152836108
 21
0.1591957722160089
 72
1
 10
15.2551152836108
 20
0.1591957722160089
 11
15.49384987616434
 21
0.0616409016313412
 72
1
 10
15.49384987616434
 20
0.0616409016313412
 11
15.74959432851146
 21
0.0283853224027382
 72
1
 10
15.74959432851146
 20
0.0283853224027382
 11
49.57598953046652
 21
0.0283853224027382
 97
0
 92
1
 93
56
 72
1
 10
43.07598953046366
 20
1.528385321102956
 11
34.96598953046378
 21
1.528385321102956
 72
1
 10
34.96598953046378
 20
1.528385321102956
 11
34.96598953046378
 21
3.198037938415996
 72
1
 10
34.96598953046378
 20
3.198037938415996
 11
35.47225961472788
 21
3.340930154211076
 72
1
 10
35.47225961472788
 20
3.340930154211076
 11
35.93940478298803
 21
3.582804037315821
 72
1
 10
35.93940478298803
 20
3.582804037315821
 11
36.34830196518135
 21
3.913758230448434
 72
1
 10
36.34830196518135
 20
3.913758230448434
 11
36.68221253272343
 21
4.320244781809527
 72
1
 10
36.68221253272343
 20
4.320244781809527
 11
37.02163031684754
 21
4.966133101835015
 72
1
 10
37.02163031684754
 20
4.966133101835015
 11
37.19508629522938
 21
5.674856727579253
 72
1
 10
37.19508629522938
 20
5.674856727579253
 11
37.1923200426714
 21
6.404492597019992
 72
1
 10
37.1923200426714
 20
6.404492597019992
 11
37.01349519106525
 21
7.111880628138727
 72
1
 10
37.01349519106525
 20
7.111880628138727
 11
36.66918975004099
 21
7.75517676321835
 72
1
 10
36.66918975004099
 20
7.75517676321835
 11
36.17977038699701
 21
8.296328166433625
 72
1
 10
36.17977038699701
 20
8.296328166433625
 11
35.11360914656638
 21
7.230166926002993
 72
1
 10
35.11360914656638
 20
7.230166926002993
 11
35.39244797430973
 21
6.958947264660122
 72
1
 10
35.39244797430973
 20
6.958947264660122
 11
35.59217065323335
 21
6.625147851717935
 72
1
 10
35.59217065323335
 20
6.625147851717935
 11
35.69934594889118
 21
6.251216504332058
 72
1
 10
35.69934594889118
 20
6.251216504332058
 11
35.70676638472445
 21
5.862299888989201
 72
1
 10
35.70676638472445
 20
5.862299888989201
 11
35.61393294072199
 21
5.484552422774771
 72
1
 10
35.61393294072199
 20
5.484552422774771
 11
35.42708861222186
 21
5.143377403957782
 72
1
 10
35.42708861222186
 20
5.143377403957782
 11
34.75759209078353
 21
4.470958213806926
 72
1
 10
34.75759209078353
 20
4.470958213806926
 11
34.49601647689857
 21
4.364625522895283
 72
1
 10
34.49601647689857
 20
4.364625522895283
 11
34.2159895304423
 21
4.32838532157445
 72
1
 10
34.2159895304423
 20
4.32838532157445
 11
33.93596258398601
 21
4.364625522921272
 72
1
 10
33.93596258398601
 20
4.364625522921272
 11
33.67438697011837
 21
4.470958213858904
 72
1
 10
33.67438697011837
 20
4.470958213858904
 11
33.44849823957916
 21
4.640376997790809
 72
1
 10
33.44849823957916
 20
4.640376997790809
 11
32.81804612021024
 21
5.484552422867898
 72
1
 10
32.81804612021024
 20
5.484552422867898
 11
32.72521267620778
 21
5.862299889084494
 72
1
 10
32.72521267620778
 20
5.862299889084494
 11
32.73263311204105
 21
6.251216504427349
 72
1
 10
32.73263311204105
 20
6.251216504427349
 11
32.83980840769455
 21
6.625147851815393
 72
1
 10
32.83980840769455
 20
6.625147851815393
 11
33.13142829048373
 21
7.048333411985135
 72
1
 10
33.13142829048373
 20
7.048333411985135
 11
33.31836991436585
 21
7.230166926102618
 72
1
 10
33.31836991436585
 20
7.230166926102618
 11
32.25220867398287
 21
8.296328166487768
 72
1
 10
32.25220867398287
 20
8.296328166487768
 11
31.77333324123303
 21
7.770059875805521
 72
1
 10
31.77333324123303
 20
7.770059875805521
 11
31.40563940685202
 21
7.048333411985135
 72
1
 10
31.40563940685202
 20
7.048333411985135
 11
31.24701375214027
 21
6.458714065594171
 72
1
 10
31.24701375214027
 20
6.458714065594171
 11
31.22917692110483
 21
5.747404118157442
 72
1
 10
31.22917692110483
 20
5.747404118157442
 11
31.37935825336061
 21
5.051900299828758
 72
1
 10
31.37935825336061
 20
5.051900299828758
 11
31.68910954846623
 21
4.411327018268758
 72
1
 10
31.68910954846623
 20
4.411327018268758
 11
32.51413961181811
 21
3.462753907938622
 72
1
 10
32.51413961181811
 20
3.462753907938622
 11
32.96239638278564
 21
3.150556482577752
 72
1
 10
32.96239638278564
 20
3.150556482577752
 11
33.46598953046412
 21
2.938907464781511
 72
1
 10
33.46598953046412
 20
2.938907464781511
 11
33.46598953046412
 21
1.528385321603241
 72
1
 10
33.46598953046412
 20
1.528385321603241
 11
16.44708723914545
 21
1.528385321603241
 72
1
 10
16.44708723914545
 20
1.528385321603241
 11
16.60204373198148
 21
2.380841039470737
 72
1
 10
16.60204373198148
 20
2.380841039470737
 11
16.96165497090645
 21
3.169112580523198
 72
1
 10
16.96165497090645
 20
3.169112580523198
 11
17.50388361915433
 21
3.84489387548511
 72
1
 10
17.50388361915433
 20
3.84489387548511
 11
27.00462674641781
 21
13.06699647544462
 72
1
 10
27.00462674641781
 20
13.06699647544462
 11
34.11168598929362
 21
19.03354515821574
 72
1
 10
34.11168598929362
 20
19.03354515821574
 11
34.62491258943927
 21
19.28649954551415
 72
1
 10
34.62491258943927
 20
19.28649954551415
 11
47.12598953046707
 21
24.22310081400388
 72
1
 10
47.12598953046707
 20
24.22310081400388
 11
47.12598953046707
 21
9.399705664523365
 72
1
 10
47.12598953046707
 20
9.399705664523365
 11
44.54045562428537
 21
6.814171758222545
 72
1
 10
44.54045562428537
 20
6.814171758222545
 11
43.74586251142615
 21
5.778637852421655
 72
1
 10
43.74586251142615
 20
5.778637852421655
 11
43.24636039898801
 21
4.572733078100753
 72
1
 10
43.24636039898801
 20
4.572733078100753
 11
43.07598953046366
 21
3.278637852773073
 72
1
 10
43.07598953046366
 20
3.278637852773073
 11
43.07598953046366
 21
1.528385321102956
 97
0
 75
0
 76
1
 98
1
 10
0.0
 20
0.0
450
0
451
0
460
0.0
461
0.0
452
0
462
0.0
453
0
470

  0
HATCH
  5
3D
330
2F
100
AcDbEntity
  8
A-DETL-GENF
100
AcDbHatch
 10
0.0
 20
0.0
 30
0.0
210
0.0
220
0.0
230
1.0
  2
SOLID
 70
1
 71
0
 91
1
 92
1
 93
60
 72
1
 10
100.3348585411063
 20
7.73471250954301
 11
101.1548906448194
 21
8.429290283821087
 72
1
 10
101.1548906448194
 20
8.429290283821087
 11
100.8108279827311
 21
9.857727285407533
 72
1
 10
100.8108279827311
 20
9.857727285407533
 11
100.8052880339129
 21
11.32700625548468
 72
1
 10
100.8052880339129
 20
11.32700625548468
 11
101.1385691597659
 21
12.75799719678944
 72
1
 10
101.1385691597659
 20
12.75799719678944
 11
101.7927220565024
 21
14.07363216539999
 72
1
 10
101.7927220565024
 20
14.07363216539999
 11
105.4037661749216
 21
11.15080064499381
 72
1
 10
105.4037661749216
 20
11.15080064499381
 11
105.3004128644535
 21
10.64194151536433
 72
1
 10
105.3004128644535
 20
10.64194151536433
 11
105.3271217222848
 21
10.12337989173213
 72
1
 10
105.3271217222848
 20
10.12337989173213
 11
105.4822076855259
 21
9.627831847041563
 72
1
 10
105.4822076855259
 20
9.627831847041563
 11
105.7558863747559
 21
9.186561526654373
 72
1
 10
105.7558863747559
 20
9.186561526654373
 11
106.1308913908498
 21
8.827408692201358
 72
1
 10
106.1308913908498
 20
8.827408692201358
 11
106.5835636527932
 21
8.573032309931325
 72
1
 10
106.5835636527932
 20
8.573032309931325
 11
107.0853440500312
 21
8.439480995674462
 72
1
 10
107.0853440500312
 20
8.439480995674462
 11
107.6045752378363
 21
8.43518050702425
 72
1
 10
107.6045752378363
 20
8.43518050702425
 11
108.1084989004334
 21
8.560402161977345
 72
1
 10
108.1084989004334
 20
8.560402161977345
 11
108.565322474398
 21
8.807245721463772
 72
1
 10
108.565322474398
 20
8.807245721463772
 11
108.9462249427384
 21
9.160137815743354
 72
1
 10
108.9462249427384
 20
9.160137815743354
 11
109.2271751539455
 21
9.596814468902094
 72
1
 10
109.2271751539455
 20
9.596814468902094
 11
109.3904479483063
 21
10.08972573395203
 72
1
 10
109.3904479483063
 20
10.08972573395203
 11
109.4257424388816
 21
10.60777382006508
 72
1
 10
109.4257424388816
 20
10.60777382006508
 11
109.3308318949064
 21
11.11827505339765
 72
1
 10
109.3308318949064
 20
11.11827505339765
 11
109.1117042262664
 21
11.58902189133393
 72
1
 10
109.1117042262664
 20
11.58902189133393
 11
108.7821842060811
 21
11.99031489761597
 72
1
 10
108.7821842060811
 20
11.99031489761597
 11
108.3630612652087
 21
12.29683648090904
 72
1
 10
108.3630612652087
 20
12.29683648090904
 11
107.8807778862373
 21
12.48924818263444
 72
1
 10
107.8807778862373
 20
12.48924818263444
 11
107.3657613462602
 21
12.55541074107053
 72
1
 10
107.3657613462602
 20
12.55541074107053
 11
106.8505040587495
 21
12.49114995783833
 72
1
 10
106.8505040587495
 20
12.49114995783833
 11
106.3675136259655
 21
12.30052004824198
 72
1
 10
106.3675136259655
 20
12.30052004824198
 11
102.705931094397
 21
15.26425809378096
 72
1
 10
102.705931094397
 20
15.26425809378096
 11
106.1001325564397
 21
18.10812626493634
 72
1
 10
106.1001325564397
 20
18.10812626493634
 11
106.5177390659854
 21
18.22209656419253
 72
1
 10
106.5177390659854
 20
18.22209656419253
 11
106.9443850272639
 21
18.14890059674266
 72
1
 10
106.9443850272639
 20
18.14890059674266
 11
119.1480306499878
 21
13.15999400758314
 72
1
 10
119.1480306499878
 20
13.15999400758314
 11
118.8719099809655
 21
15.0014075564229
 72
1
 10
118.8719099809655
 20
15.0014075564229
 11
106.3703357007009
 21
20.1121087542184
 72
1
 10
106.3703357007009
 20
20.1121087542184
 11
76.31661770326573
 21
33.95750451124295
 72
1
 10
76.31661770326573
 20
33.95750451124295
 11
76.84991007112471
 21
31.95019920960303
 72
1
 10
76.84991007112471
 20
31.95019920960303
 11
88.18103422346688
 21
26.73008307373626
 72
1
 10
88.18103422346688
 20
26.73008307373626
 11
87.34419122444184
 21
24.91357714338145
 72
1
 10
87.34419122444184
 20
24.91357714338145
 11
89.16069715478152
 21
24.07673414436076
 72
1
 10
89.16069715478152
 20
24.07673414436076
 11
89.99754015380653
 21
25.89324007470908
 72
1
 10
89.99754015380653
 20
25.89324007470908
 11
96.35531091002782
 21
22.96428957813883
 72
1
 10
96.35531091002782
 20
22.96428957813883
 11
95.51846791100279
 21
21.14778364778618
 72
1
 10
95.51846791100279
 20
21.14778364778618
 11
97.3349738413468
 21
20.31094064877848
 72
1
 10
97.3349738413468
 20
20.31094064877848
 11
98.1718168403718
 21
22.12744657912464
 72
1
 10
98.1718168403718
 20
22.12744657912464
 11
103.6403974398069
 21
19.5736645346882
 72
1
 10
103.6403974398069
 20
19.5736645346882
 11
103.8132873992434
 21
19.39276151864658
 72
1
 10
103.8132873992434
 20
19.39276151864658
 11
103.9358521548955
 21
19.17459937720108
 72
1
 10
103.9358521548955
 20
19.17459937720108
 11
104.0004170891473
 21
18.93283873410124
 72
1
 10
104.0004170891473
 20
18.93283873410124
 11
104.0029393498931
 21
18.68261787667982
 72
1
 10
104.0029393498931
 20
18.68261787667982
 11
103.9432610011354
 21
18.43960484415601
 72
1
 10
103.9432610011354
 20
18.43960484415601
 11
103.8251189124465
 21
18.21901634452835
 72
1
 10
103.8251189124465
 20
18.21901634452835
 11
103.6559107680105
 21
18.03466493242842
 72
1
 10
103.6559107680105
 20
18.03466493242842
 11
102.095396185365
 21
16.71288894264479
 72
1
 10
102.095396185365
 20
16.71288894264479
 11
100.8592755871954
 21
15.40277189623488
 72
1
 10
100.8592755871954
 20
15.40277189623488
 11
99.94410508374926
 21
13.85136487094443
 72
1
 10
99.94410508374926
 20
13.85136487094443
 11
99.39536388110022
 21
12.13576471326791
 72
1
 10
99.39536388110022
 20
12.13576471326791
 11
99.24032155814508
 21
10.34122781295122
 72
1
 10
99.24032155814508
 20
10.34122781295122
 11
99.48668291058571
 21
8.55693330459887
 72
1
 10
99.48668291058571
 20
8.55693330459887
 11
100.3348585411063
 21
7.73471250954301
 97
0
 75
0
 76
1
 98
1
 10
0.0
 20
0.0
450
0
451
0
460
0.0
461
0.0
452
0
462
0.0
453
0
470

  0
HATCH
  5
3E
330
2F
100
AcDbEntity
  8
A-DETL-GENF
100
AcDbHatch
 10
0.0
 20
0.0
 30
0.0
210
0.0
220
0.0
230
1.0
  2
SOLID
 70
1
 71
0
 91
1
 92
1
 93
6
 72
1
 10
52.56379907673991
 20
65.00000000010218
 11
62.56379907673764
 21
65.00000000010218
 72
1
 10
62.56379907673764
 20
65.00000000010218
 11
62.56379907673764
 21
80.00000000010309
 72
1
 10
62.56379907673764
 20
80.00000000010309
 11
61.06379907673798
 21
80.00000000010309
 72
1
 10
61.06379907673798
 20
80.00000000010309
 11
61.06379907673798
 21
66.500000000104
 72
1
 10
61.06379907673798
 20
66.500000000104
 11
52.56379907673991
 21
66.500000000104
 72
1
 10
52.56379907673991
 20
66.500000000104
 11
52.56379907673991
 21
65.00000000010218
 97
0
 75
0
 76
1
 98
1
 10
0.0
 20
0.0
450
0
451
0
460
0.0
461
0.0
452
0
462
0.0
453
0
470

  0
HATCH
  5
3F
330
2F
100
AcDbEntity
  8
A-DETL-GENF
100
AcDbHatch
 10
0.0
 20
0.0
 30
0.0
210
0.0
220
0.0
230
1.0
  2
SOLID
 70
1
 71
0
 91
1
 92
1
 93
6
 72
1
 10
61.06379907673798
 20
-14.99999999999659
 11
62.56379907673764
 21
-14.99999999999659
 72
1
 10
62.56379907673764
 20
-14.99999999999659
 11
62.56379907673764
 21
2.1654e-12
 72
1
 10
62.56379907673764
 20
2.1657e-12
 11
52.56379907673991
 21
2.1657e-12
 72
1
 10
52.56379907673991
 20
2.1657e-12
 11
52.56379907673991
 21
-1.499999999997493
 72
1
 10
52.56379907673991
 20
-1.499999999997493
 11
61.06379907673798
 21
-1.499999999997493
 72
1
 10
61.06379907673798
 20
-1.499999999997493
 11
61.06379907673798
 21
-14.99999999999659
 97
0
 75
0
 76
1
 98
1
 10
0.0
 20
0.0
450
0
451
0
460
0.0
461
0.0
452
0
462
0.0
453
0
470

  0
LINE
  5
40
330
2F
100
AcDbEntity
  8
A-DETL-GENF
100
AcDbLine
 10
-10.33458167693993
 20
8.706844406340013
 30
0.0
 11
-9.295246167819997
 21
10.45004463393983
 31
0.0
  0
LINE
  5
41
330
2F
100
AcDbEntity
  8
A-DETL-GENF
100
AcDbLine
 10
-9.295246167819982
 20
10.45004463393986
 30
0.0
 11
-8.206596215680184
 21
12.15865943741961
 31
0.0
  0
LINE
  5
42
330
2F
100
AcDbEntity
  8
A-DETL-GENF
100
AcDbLine
 10
-8.206596215679882
 20
12.15865943742008
 30
0.0
 11
-7.068892034340116
 21
13.83287131109971
 31
0.0
  0
LINE
  5
43
330
2F
100
AcDbEntity
  8
A-DETL-GENF
100
AcDbLine
 10
-7.068892034339699
 20
13.8328713111003
 30
0.0
 11
-5.882307099619779
 21
15.47280191786021
 31
0.0
  0
LINE
  5
44
330
2F
100
AcDbEntity
  8
A-DETL-GENF
100
AcDbLine
 10
-5.882307099619866
 20
15.47280191786008
 30
0.0
 11
-4.646667935619618
 21
17.07832959476036
 31
0.0
  0
LINE
  5
45
330
2F
100
AcDbEntity
  8
A-DETL-GENF
100
AcDbLine
 10
-4.646667935619699
 20
17.07832959476024
 30
0.0
 11
-3.361714328479736
 21
18.64927184750019
 31
0.0
  0
LINE
  5
46
330
2F
100
AcDbEntity
  8
A-DETL-GENF
100
AcDbLine
 10
-3.361714328479651
 20
18.64927184750028
 30
0.0
 11
2.43752931475938
 21
25.32477620501969
 31
0.0
  0
LINE
  5
47
330
2F
100
AcDbEntity
  8
A-DETL-GENF
100
AcDbLine
 10
2.437529314759351
 20
25.32477620501966
 30
0.0
 11
8.173213152349799
 21
29.75786646418139
 31
0.0
  0
LINE
  5
48
330
2F
100
AcDbEntity
  8
A-DETL-GENF
100
AcDbLine
 10
8.173213152349629
 20
29.75786646418125
 30
0.0
 11
9.975120222940971
 21
31.03104178378062
 31
0.0
  0
LINE
  5
49
330
2F
100
AcDbEntity
  8
A-DETL-GENF
100
AcDbLine
 10
9.975120222939792
 20
31.0310417837798
 30
0.0
 11
11.19041741584011
 21
31.85125999597997
 31
0.0
  0
LINE
  5
4A
330
2F
100
AcDbEntity
  8
A-DETL-GENF
100
AcDbLine
 10
11.19041741584042
 20
31.85125999598017
 30
0.0
 11
12.42074247420017
 21
32.6438312387
 31
0.0
  0
LINE
  5
4B
330
2F
100
AcDbEntity
  8
A-DETL-GENF
100
AcDbLine
 10
12.42074247419934
 20
32.64383123869948
 30
0.0
 11
13.66601279018078
 21
33.40890748670044
 31
0.0
  0
LINE
  5
4C
330
2F
100
AcDbEntity
  8
A-DETL-GENF
100
AcDbLine
 10
13.66601279017987
 20
33.40890748669988
 30
0.0
 11
14.92614575595967
 21
34.14664071475975
 31
0.0
  0
LINE
  5
4D
330
2F
100
AcDbEntity
  8
A-DETL-GENF
100
AcDbLine
 10
14.92614575596068
 20
34.14664071476033
 30
0.0
 11
16.2010587636603
 21
34.85718289770007
 31
0.0
  0
LINE
  5
4E
330
2F
100
AcDbEntity
  8
A-DETL-GENF
100
AcDbLine
 10
16.20105876366008
 20
34.85718289769995
 30
0.0
 11
17.49069674138027
 21
35.54063535200003
 31
0.0
  0
LINE
  5
4F
330
2F
100
AcDbEntity
  8
A-DETL-GENF
100
AcDbLine
 10
17.49069674138003
 20
35.5406353519999
 30
0.0
 11
18.79511476106058
 21
36.19689676116024
 31
0.0
  0
LINE
  5
50
330
2F
100
AcDbEntity
  8
A-DETL-GENF
100
AcDbLine
 10
18.79511476106037
 20
36.19689676116013
 30
0.0
 11
20.1143954305402
 21
36.82581515036007
 31
0.0
  0
LINE
  5
51
330
2F
100
AcDbEntity
  8
A-DETL-GENF
100
AcDbLine
 10
20.11439543054019
 20
36.82581515036007
 30
0.0
 11
21.44862135763982
 21
37.4272385448399
 31
0.0
  0
LINE
  5
52
330
2F
100
AcDbEntity
  8
A-DETL-GENF
100
AcDbLine
 10
21.4486213576401
 20
37.42723854484003
 30
0.0
 11
22.7978751502603
 21
38.00101496976002
 31
0.0
  0
LINE
  5
53
330
2F
100
AcDbEntity
  8
A-DETL-GENF
100
AcDbLine
 10
22.79787515026014
 20
38.00101496975996
 30
0.0
 11
24.16223941620027
 21
38.54699245036009
 31
0.0
  0
LINE
  5
54
330
2F
100
AcDbEntity
  8
A-DETL-GENF
100
AcDbLine
 10
24.16223941619983
 20
38.54699245035991
 30
0.0
 11
25.54179676336012
 21
39.06501901183994
 31
0.0
  0
LINE
  5
55
330
2F
100
AcDbEntity
  8
A-DETL-GENF
100
AcDbLine
 10
25.54179676335988
 20
39.06501901183985
 30
0.0
 11
26.93662979958007
 21
39.55494267940002
 31
0.0
  0
LINE
  5
56
330
2F
100
AcDbEntity
  8
A-DETL-GENF
100
AcDbLine
 10
26.93662979958007
 20
39.55494267940002
 30
0.0
 11
26.61695819830011
 21
41.24123275073997
 31
0.0
  0
LINE
  5
57
330
2F
100
AcDbEntity
  8
A-DETL-GENF
100
AcDbLine
 10
26.61695819830011
 20
41.24123275073997
 30
0.0
 11
24.99517246855997
 21
40.67520683377991
 31
0.0
  0
LINE
  5
58
330
2F
100
AcDbEntity
  8
A-DETL-GENF
100
AcDbLine
 10
24.99517246856006
 20
40.67520683377995
 30
0.0
 11
23.39424200216015
 21
40.07249450423997
 31
0.0
  0
LINE
  5
59
330
2F
100
AcDbEntity
  8
A-DETL-GENF
100
AcDbLine
 10
23.39424200216017
 20
40.07249450423998
 30
0.0
 11
21.81402292125975
 21
39.4333488570998
 31
0.0
  0
LINE
  5
5A
330
2F
100
AcDbEntity
  8
A-DETL-GENF
100
AcDbLine
 10
21.81402292125973
 20
39.43334885709978
 30
0.0
 11
20.25437134799986
 21
38.75802298729988
 31
0.0
  0
LINE
  5
5B
330
2F
100
AcDbEntity
  8
A-DETL-GENF
100
AcDbLine
 10
20.25437134800071
 20
38.75802298730027
 30
0.0
 11
18.71514340454017
 21
38.04676998984
 31
0.0
  0
LINE
  5
5C
330
2F
100
AcDbEntity
  8
A-DETL-GENF
100
AcDbLine
 10
18.71514340454075
 20
38.04676998984028
 30
0.0
 11
17.19619521297977
 21
37.29984295971988
 31
0.0
  0
LINE
  5
5D
330
2F
100
AcDbEntity
  8
A-DETL-GENF
100
AcDbLine
 10
17.19619521297985
 20
37.29984295971991
 30
0.0
 11
15.69738289550005
 21
36.51749499187989
 31
0.0
  0
LINE
  5
5E
330
2F
100
AcDbEntity
  8
A-DETL-GENF
100
AcDbLine
 10
15.69738289549981
 20
36.51749499187977
 30
0.0
 11
14.21856257422001
 21
35.69997918129998
 31
0.0
  0
LINE
  5
5F
330
2F
100
AcDbEntity
  8
A-DETL-GENF
100
AcDbLine
 10
14.21856257421971
 20
35.69997918129981
 30
0.0
 11
12.75963833057933
 21
34.84746425799952
 31
0.0
  0
LINE
  5
60
330
2F
100
AcDbEntity
  8
A-DETL-GENF
100
AcDbLine
 10
12.75963833057995
 20
34.84746425799988
 30
0.0
 11
11.32070608316038
 21
33.95978149196016
 31
0.0
  0
LINE
  5
61
330
2F
100
AcDbEntity
  8
A-DETL-GENF
100
AcDbLine
 10
11.32070608316014
 20
33.95978149196002
 30
0.0
 11
9.901909709799641
 21
33.03667778817973
 31
0.0
  0
LINE
  5
62
330
2F
100
AcDbEntity
  8
A-DETL-GENF
100
AcDbLine
 10
9.90190970979978
 20
33.03667778817982
 30
0.0
 11
8.503393088379942
 21
32.07790005171994
 31
0.0
  0
LINE
  5
63
330
2F
100
AcDbEntity
  8
A-DETL-GENF
100
AcDbLine
 10
8.50339308838051
 20
32.07790005172036
 30
0.0
 11
7.125300096739781
 21
31.08319518755975
 31
0.0
  0
LINE
  5
64
330
2F
100
AcDbEntity
  8
A-DETL-GENF
100
AcDbLine
 10
7.125300096740162
 20
31.08319518756002
 30
0.0
 11
5.76777461275973
 21
30.05231010073968
 31
0.0
  0
LINE
  5
65
330
2F
100
AcDbEntity
  8
A-DETL-GENF
100
AcDbLine
 10
5.767774612760224
 20
30.05231010074007
 30
0.0
 11
4.430960514299687
 21
28.98499169625974
 31
0.0
  0
LINE
  5
66
330
2F
100
AcDbEntity
  8
A-DETL-GENF
100
AcDbLine
 10
4.430960514299629
 20
28.98499169625968
 30
0.0
 11
3.115001679200035
 21
27.88098687915999
 31
0.0
  0
ARC
  5
67
330
2F
100
AcDbEntity
  8
A-DETL-GENF
100
AcDbCircle
 10
2.147608205983893
 20
29.03410683695227
 30
0.0
 40
1.505169681158927
100
AcDbArc
 50
162.4063453060266
 51
309.9944870207326
  0
LINE
  5
68
330
2F
100
AcDbEntity
  8
A-DETL-GENF
100
AcDbLine
 10
0.7128441185400217
 20
29.48906593671996
 30
0.0
 11
1.33749805626004
 21
31.49267493472003
 31
0.0
  0
LINE
  5
69
330
2F
100
AcDbEntity
  8
A-DETL-GENF
100
AcDbLine
 10
1.337498056260011
 20
31.49267493471993
 30
0.0
 11
1.891823560920077
 21
33.50934757852009
 31
0.0
  0
LINE
  5
6A
330
2F
100
AcDbEntity
  8
A-DETL-GENF
100
AcDbLine
 10
1.891823560920094
 20
33.50934757852016
 30
0.0
 11
2.376303141080055
 21
35.53899424117981
 31
0.0
  0
LINE
  5
6B
330
2F
100
AcDbEntity
  8
A-DETL-GENF
100
AcDbLine
 10
2.376303141080067
 20
35.53899424117985
 30
0.0
 11
2.79141930526004
 21
37.58152529584004
 31
0.0
  0
LINE
  5
6C
330
2F
100
AcDbEntity
  8
A-DETL-GENF
100
AcDbLine
 10
2.791419305260036
 20
37.58152529584004
 30
0.0
 11
3.13749372584011
 21
39.63688099118019
 31
0.0
  0
LINE
  5
6D
330
2F
100
AcDbEntity
  8
A-DETL-GENF
100
AcDbLine
 10
3.137493725840097
 20
39.63688099118014
 30
0.0
 11
3.414204730400098
 21
41.70512107850018
 31
0.0
  0
LINE
  5
6E
330
2F
100
AcDbEntity
  8
A-DETL-GENF
100
AcDbLine
 10
3.414204730400096
 20
41.70512107850022
 30
0.0
 11
3.621069810360039
 21
43.78633518474003
 31
0.0
  0
LINE
  5
6F
330
2F
100
AcDbEntity
  8
A-DETL-GENF
100
AcDbLine
 10
3.621069810360046
 20
43.78633518474014
 30
0.0
 11
3.7576064571004
 21
45.88061293684505
 31
0.0
  0
LINE
  5
70
330
2F
100
AcDbEntity
  8
A-DETL-GENF
100
AcDbLine
 10
3.757606457099865
 20
45.88061293683714
 30
0.0
 11
3.81839467390001
 21
46.73044799660014
 31
0.0
  0
LINE
  5
71
330
2F
100
AcDbEntity
  8
A-DETL-GENF
100
AcDbLine
 10
3.818394673900001
 20
46.7304479966
 30
0.0
 11
3.91848982368011
 21
47.57509325484
 31
0.0
  0
LINE
  5
72
330
2F
100
AcDbEntity
  8
A-DETL-GENF
100
AcDbLine
 10
3.918489823680097
 20
47.57509325483991
 30
0.0
 11
4.057876866140039
 21
48.41495723932009
 31
0.0
  0
LINE
  5
73
330
2F
100
AcDbEntity
  8
A-DETL-GENF
100
AcDbLine
 10
4.057876866140006
 20
48.41495723931991
 30
0.0
 11
4.236338084520061
 21
49.24824364781999
 31
0.0
  0
LINE
  5
74
330
2F
100
AcDbEntity
  8
A-DETL-GENF
100
AcDbLine
 10
4.236338084520067
 20
49.24824364782001
 30
0.0
 11
4.453120344360039
 21
50.07133608328012
 31
0.0
  0
LINE
  5
75
330
2F
100
AcDbEntity
  8
A-DETL-GENF
100
AcDbLine
 10
4.453120344360026
 20
50.07133608328008
 30
0.0
 11
4.707748203060075
 21
50.88282338314004
 31
0.0
  0
LINE
  5
76
330
2F
100
AcDbEntity
  8
A-DETL-GENF
100
AcDbLine
 10
4.707748203060071
 20
50.88282338314002
 30
0.0
 11
5.000326010780103
 21
51.68288781669998
 31
0.0
  0
LINE
  5
77
330
2F
100
AcDbEntity
  8
A-DETL-GENF
100
AcDbLine
 10
5.000326010780112
 20
51.68288781670001
 30
0.0
 11
5.329857911720074
 21
52.46868416512001
 31
0.0
  0
LINE
  5
78
330
2F
100
AcDbEntity
  8
A-DETL-GENF
100
AcDbLine
 10
5.329857911720091
 20
52.46868416512005
 30
0.0
 11
5.694976440180151
 21
53.23699360688003
 31
0.0
  0
LINE
  5
79
330
2F
100
AcDbEntity
  8
A-DETL-GENF
100
AcDbLine
 10
5.694976440180147
 20
53.23699360688003
 30
0.0
 11
6.095483523640099
 21
53.98760162875997
 31
0.0
  0
LINE
  5
7A
330
2F
100
AcDbEntity
  8
A-DETL-GENF
100
AcDbLine
 10
6.095483523640094
 20
53.98760162875996
 30
0.0
 11
6.531187237260136
 21
54.71994248932009
 31
0.0
  0
LINE
  5
7B
330
2F
100
AcDbEntity
  8
A-DETL-GENF
100
AcDbLine
 10
6.531187237260162
 20
54.71994248932013
 30
0.0
 11
7.000239637500141
 21
55.43090091364009
 31
0.0
  0
LINE
  5
7C
330
2F
100
AcDbEntity
  8
A-DETL-GENF
100
AcDbLine
 10
7.000239637500109
 20
55.43090091364004
 30
0.0
 11
7.501541555339997
 21
56.11868120521994
 31
0.0
  0
LINE
  5
7D
330
2F
100
AcDbEntity
  8
A-DETL-GENF
100
AcDbLine
 10
7.501541555339974
 20
56.1186812052199
 30
0.0
 11
8.034600228540054
 21
56.78281535213998
 31
0.0
  0
LINE
  5
7E
330
2F
100
AcDbEntity
  8
A-DETL-GENF
100
AcDbLine
 10
8.034600228540077
 20
56.78281535214001
 30
0.0
 11
8.597856458840102
 21
57.42146296817999
 31
0.0
  0
LINE
  5
7F
330
2F
100
AcDbEntity
  8
A-DETL-GENF
100
AcDbLine
 10
8.59785645884
 20
57.42146296817987
 30
0.0
 11
9.189751048060092
 21
58.03278366713997
 31
0.0
  0
LINE
  5
80
330
2F
100
AcDbEntity
  8
A-DETL-GENF
100
AcDbLine
 10
9.189751048060032
 20
58.03278366713992
 30
0.0
 11
9.809538379100076
 21
58.61583477821993
 31
0.0
  0
LINE
  5
81
330
2F
100
AcDbEntity
  8
A-DETL-GENF
100
AcDbLine
 10
9.809538379100118
 20
58.61583477821996
 30
0.0
 11
10.45624690322002
 21
59.16986331584001
 31
0.0
  0
LINE
  5
82
330
2F
100
AcDbEntity
  8
A-DETL-GENF
100
AcDbLine
 10
10.45624690322006
 20
59.16986331584005
 30
0.0
 11
11.12797852480011
 21
59.69331342156003
 31
0.0
  0
LINE
  5
83
330
2F
100
AcDbEntity
  8
A-DETL-GENF
100
AcDbLine
 10
11.12797852480003
 20
59.69331342155998
 30
0.0
 11
11.82283514822002
 21
60.18462923693998
 31
0.0
  0
LINE
  5
84
330
2F
100
AcDbEntity
  8
A-DETL-GENF
100
AcDbLine
 10
11.82283514821993
 20
60.18462923693991
 30
0.0
 11
12.54029154666012
 21
60.64330742322002
 31
0.0
  0
LINE
  5
85
330
2F
100
AcDbEntity
  8
A-DETL-GENF
100
AcDbLine
 10
12.54029154665998
 20
60.64330742321994
 30
0.0
 11
13.27884931906011
 21
61.06845344705999
 31
0.0
  0
LINE
  5
86
330
2F
100
AcDbEntity
  8
A-DETL-GENF
100
AcDbLine
 10
13.27884931906011
 20
61.06845344705999
 30
0.0
 11
14.0353093854801
 21
61.45821497602
 31
0.0
  0
LINE
  5
87
330
2F
100
AcDbEntity
  8
A-DETL-GENF
100
AcDbLine
 10
14.0353093854801
 20
61.45821497602
 30
0.0
 11
14.80869454446001
 21
61.81220339363999
 31
0.0
  0
LINE
  5
88
330
2F
100
AcDbEntity
  8
A-DETL-GENF
100
AcDbLine
 10
14.80869454446001
 20
61.81220339363999
 30
0.0
 11
15.59905240778013
 21
62.13036743836002
 31
0.0
  0
LINE
  5
89
330
2F
100
AcDbEntity
  8
A-DETL-GENF
100
AcDbLine
 10
15.59905240777998
 20
62.13036743835996
 30
0.0
 11
16.40341966318014
 21
62.41147499303998
 31
0.0
  0
LINE
  5
8A
330
2F
100
AcDbEntity
  8
A-DETL-GENF
100
AcDbLine
 10
16.40341966318002
 20
62.41147499303995
 30
0.0
 11
17.21871629002007
 21
62.65446841193996
 31
0.0
  0
LINE
  5
8B
330
2F
100
AcDbEntity
  8
A-DETL-GENF
100
AcDbLine
 10
17.21871629002007
 20
62.65446841193996
 30
0.0
 11
18.04490226232011
 21
62.85939235012
 31
0.0
  0
LINE
  5
8C
330
2F
100
AcDbEntity
  8
A-DETL-GENF
100
AcDbLine
 10
18.04490226232012
 20
62.85939235012
 30
0.0
 11
18.8807007493001
 21
63.02584094670001
 31
0.0
  0
LINE
  5
8D
330
2F
100
AcDbEntity
  8
A-DETL-GENF
100
AcDbLine
 10
18.88070074930005
 20
63.02584094669999
 30
0.0
 11
19.72255984232012
 21
63.15312958931991
 31
0.0
  0
LINE
  5
8E
330
2F
100
AcDbEntity
  8
A-DETL-GENF
100
AcDbLine
 10
19.72255984232007
 20
63.1531295893199
 30
0.0
 11
20.56860622288007
 21
63.24105142679998
 31
0.0
  0
LINE
  5
8F
330
2F
100
AcDbEntity
  8
A-DETL-GENF
100
AcDbLine
 10
20.56860622288008
 20
63.24105142679998
 30
0.0
 11
21.66288830099165
 21
63.30349292353703
 31
0.0
  0
LINE
  5
90
330
2F
100
AcDbEntity
  8
A-DETL-GENF
100
AcDbLine
 10
21.66288830099165
 20
63.30349292353703
 30
0.0
 11
21.66288830099166
 21
62.49999997119993
 31
0.0
  0
ARC
  5
91
330
2F
100
AcDbEntity
  8
A-DETL-GENF
100
AcDbCircle
 10
22.4128883007686
 20
60.01052211442317
 30
0.0
 40
2.599999999816785
100
AcDbArc
 50
106.7658729687542
 51
142.9462404514208
  0
ARC
  5
92
330
2F
100
AcDbEntity
  8
A-DETL-GENF
100
AcDbCircle
 10
22.41288830074665
 20
59.41052211443572
 30
0.0
 40
2.999999999895829
100
AcDbArc
 50
133.7617426800608
 51
229.1111568401893
  0
LINE
  5
93
330
2F
100
AcDbEntity
  8
A-DETL-GENF
100
AcDbLine
 10
20.44910744441442
 20
57.14257926954787
 30
0.0
 11
21.51526868484598
 21
58.20874050997942
 31
0.0
  0
ARC
  5
94
330
2F
100
AcDbEntity
  8
A-DETL-GENF
100
AcDbCircle
 10
22.41288830085815
 20
59.41052211442543
 30
0.0
 40
1.49999999994489
100
AcDbArc
 50
128.9424412676547
 51
233.2436729713369
  0
ARC
  5
95
330
2F
100
AcDbEntity
  8
A-DETL-GENF
100
AcDbCircle
 10
22.41288830091408
 20
60.0105221144218
 30
0.0
 40
1.09999999998613
100
AcDbArc
 50
31.00758300053892
 51
148.9924169937564
  0
ARC
  5
96
330
2F
100
AcDbEntity
  8
A-DETL-GENF
100
AcDbCircle
 10
22.41288830103387
 20
59.41052211432547
 30
0.0
 40
1.499999999944947
100
AcDbArc
 50
306.7563270286593
 51
51.05755873271247
  0
LINE
  5
97
330
2F
100
AcDbEntity
  8
A-DETL-GENF
100
AcDbLine
 10
23.31050791704601
 20
58.20874050987936
 30
0.0
 11
24.37666915743053
 21
57.14257926949482
 31
0.0
  0
ARC
  5
98
330
2F
100
AcDbEntity
  8
A-DETL-GENF
100
AcDbCircle
 10
22.41288830114164
 20
59.41052211433204
 30
0.0
 40
2.999999999829173
100
AcDbArc
 50
310.888843159817
 51
46.2382572998749
  0
ARC
  5
99
330
2F
100
AcDbEntity
  8
A-DETL-GENF
100
AcDbCircle
 10
22.41288830116908
 20
60.01052211442318
 30
0.0
 40
2.599999999816767
100
AcDbArc
 50
37.05375952432192
 51
73.23412703124541
  0
LINE
  5
9A
330
2F
100
AcDbEntity
  8
A-DETL-GENF
100
AcDbLine
 10
23.16288830094602
 20
62.49999997119993
 30
0.0
 11
23.16288830094602
 21
63.29999997119994
 31
0.0
  0
LINE
  5
9B
330
2F
100
AcDbEntity
  8
A-DETL-GENF
100
AcDbLine
 10
23.16288830094602
 20
63.29999997119994
 30
0.0
 11
43.07598953074003
 21
63.29999997119994
 31
0.0
  0
LINE
  5
9C
330
2F
100
AcDbEntity
  8
A-DETL-GENF
100
AcDbLine
 10
43.07598953074003
 20
63.29999997119994
 30
0.0
 11
43.07598953074003
 21
57.39999997285238
 31
0.0
  0
LINE
  5
9D
330
2F
100
AcDbEntity
  8
A-DETL-GENF
100
AcDbLine
 10
43.07598953074003
 20
57.39999997285238
 30
0.0
 11
41.75855838286007
 21
57.28473968232001
 31
0.0
  0
LINE
  5
9E
330
2F
100
AcDbEntity
  8
A-DETL-GENF
100
AcDbLine
 10
41.75855838286007
 20
57.28473968232001
 30
0.0
 11
41.75855838286007
 21
55.99999997281993
 31
0.0
  0
LINE
  5
9F
330
2F
100
AcDbEntity
  8
A-DETL-GENF
100
AcDbLine
 10
41.75855838286007
 20
55.99999997281993
 30
0.0
 11
50.42954292218001
 21
55.99999997281993
 31
0.0
  0
LINE
  5
A0
330
2F
100
AcDbEntity
  8
A-DETL-GENF
100
AcDbLine
 10
50.42954292218001
 20
55.99999997281993
 30
0.0
 11
50.42954292218001
 21
57.39999997351997
 31
0.0
  0
LINE
  5
A1
330
2F
100
AcDbEntity
  8
A-DETL-GENF
100
AcDbLine
 10
50.42954292218001
 20
57.39999997351997
 30
0.0
 11
44.57598953138004
 21
57.39999997351997
 31
0.0
  0
LINE
  5
A2
330
2F
100
AcDbEntity
  8
A-DETL-GENF
100
AcDbLine
 10
44.57598953138004
 20
57.39999997351997
 30
0.0
 11
44.57598953138004
 21
63.59999997305993
 31
0.0
  0
LINE
  5
A3
330
2F
100
AcDbEntity
  8
A-DETL-GENF
100
AcDbLine
 10
44.57598953138004
 20
63.59999997305993
 30
0.0
 11
47.40852142921371
 21
63.59999997305993
 31
0.0
  0
LINE
  5
A4
330
2F
100
AcDbEntity
  8
A-DETL-GENF
100
AcDbLine
 10
47.40852142921371
 20
63.59999997305993
 30
0.0
 11
47.40852142921371
 21
62.63252726759636
 31
0.0
  0
LINE
  5
A5
330
2F
100
AcDbEntity
  8
A-DETL-GENF
100
AcDbLine
 10
47.40852142921371
 20
62.63252726759636
 30
0.0
 11
49.57598953078004
 21
62.63252726759636
 31
0.0
  0
LINE
  5
A6
330
2F
100
AcDbEntity
  8
A-DETL-GENF
100
AcDbLine
 10
49.57598953078004
 20
62.63252726759636
 30
0.0
 11
49.57598953078004
 21
64.99999997342
 31
0.0
  0
LINE
  5
A7
330
2F
100
AcDbEntity
  8
A-DETL-GENF
100
AcDbLine
 10
49.57598953078004
 20
64.99999997342
 30
0.0
 11
22.03640621868008
 21
64.99999997342
 31
0.0
  0
LINE
  5
A8
330
2F
100
AcDbEntity
  8
A-DETL-GENF
100
AcDbLine
 10
22.03640621868008
 20
64.99999997342
 30
0.0
 11
21.08434967925999
 21
64.97733974652
 31
0.0
  0
LINE
  5
A9
330
2F
100
AcDbEntity
  8
A-DETL-GENF
100
AcDbLine
 10
21.0843496792601
 20
64.97733974652
 30
0.0
 11
20.13605676122002
 21
64.90951206784
 31
0.0
  0
LINE
  5
AA
330
2F
100
AcDbEntity
  8
A-DETL-GENF
100
AcDbLine
 10
20.13605676122015
 20
64.90951206784001
 30
0.0
 11
19.19105312856006
 21
64.79654317938001
 31
0.0
  0
LINE
  5
AB
330
2F
100
AcDbEntity
  8
A-DETL-GENF
100
AcDbLine
 10
19.19105312856012
 20
64.79654317938002
 30
0.0
 11
18.25170735840014
 21
64.63863674963994
 31
0.0
  0
LINE
  5
AC
330
2F
100
AcDbEntity
  8
A-DETL-GENF
100
AcDbLine
 10
18.25170735840027
 20
64.63863674963997
 30
0.0
 11
17.32219570644005
 21
64.43647936713992
 31
0.0
  0
LINE
  5
AD
330
2F
100
AcDbEntity
  8
A-DETL-GENF
100
AcDbLine
 10
17.32219570644015
 20
64.43647936713997
 30
0.0
 11
16.40385207604005
 21
64.19047505130003
 31
0.0
  0
LINE
  5
AE
330
2F
100
AcDbEntity
  8
A-DETL-GENF
100
AcDbLine
 10
16.40385207604004
 20
64.19047505130003
 30
0.0
 11
15.49671901658005
 21
63.90056108850004
 31
0.0
  0
LINE
  5
AF
330
2F
100
AcDbEntity
  8
A-DETL-GENF
100
AcDbLine
 10
15.49671901657996
 20
63.9005610885
 30
0.0
 11
14.60441086042007
 21
63.56786050913993
 31
0.0
  0
LINE
  5
B0
330
2F
100
AcDbEntity
  8
A-DETL-GENF
100
AcDbLine
 10
14.60441086042013
 20
63.56786050913996
 30
0.0
 11
13.73041976186001
 21
63.19371045379993
 31
0.0
  0
LINE
  5
B1
330
2F
100
AcDbEntity
  8
A-DETL-GENF
100
AcDbLine
 10
13.73041976185999
 20
63.19371045379992
 30
0.0
 11
12.8747002217201
 21
62.77816475777998
 31
0.0
  0
LINE
  5
B2
330
2F
100
AcDbEntity
  8
A-DETL-GENF
100
AcDbLine
 10
12.87470022172013
 20
62.77816475777999
 30
0.0
 11
12.03863283692003
 21
62.32177033537995
 31
0.0
  0
LINE
  5
B3
330
2F
100
AcDbEntity
  8
A-DETL-GENF
100
AcDbLine
 10
12.03863283692007
 20
62.32177033537997
 30
0.0
 11
11.22592365007999
 21
61.82657022719993
 31
0.0
  0
LINE
  5
B4
330
2F
100
AcDbEntity
  8
A-DETL-GENF
100
AcDbLine
 10
11.22592365008007
 20
61.82657022719999
 30
0.0
 11
10.43817553364
 21
61.29348350515989
 31
0.0
  0
LINE
  5
B5
330
2F
100
AcDbEntity
  8
A-DETL-GENF
100
AcDbLine
 10
10.43817553364008
 20
61.29348350515994
 30
0.0
 11
9.676121047799962
 21
60.72314319227994
 31
0.0
  0
LINE
  5
B6
330
2F
100
AcDbEntity
  8
A-DETL-GENF
100
AcDbLine
 10
9.676121047799953
 20
60.72314319227993
 30
0.0
 11
8.94197580554006
 21
60.11728983793997
 31
0.0
  0
LINE
  5
B7
330
2F
100
AcDbEntity
  8
A-DETL-GENF
100
AcDbLine
 10
8.941975805540064
 20
60.11728983793997
 30
0.0
 11
8.237955419899961
 21
59.4776639915599
 31
0.0
  0
LINE
  5
B8
330
2F
100
AcDbEntity
  8
A-DETL-GENF
100
AcDbLine
 10
8.237955419900034
 20
59.47766399155997
 30
0.0
 11
7.564820110920052
 21
58.80479300851987
 31
0.0
  0
LINE
  5
B9
330
2F
100
AcDbEntity
  8
A-DETL-GENF
100
AcDbLine
 10
7.564820110920137
 20
58.80479300851995
 30
0.0
 11
6.92393175472007
 21
58.10011888299996
 31
0.0
  0
LINE
  5
BA
330
2F
100
AcDbEntity
  8
A-DETL-GENF
100
AcDbLine
 10
6.923931754720099
 20
58.100118883
 30
0.0
 11
6.318146370920073
 21
57.36676265517993
 31
0.0
  0
LINE
  5
BB
330
2F
100
AcDbEntity
  8
A-DETL-GENF
100
AcDbLine
 10
6.318146370920101
 20
57.36676265517997
 30
0.0
 11
5.748206058060063
 21
56.60579746425996
 31
0.0
  0
LINE
  5
BC
330
2F
100
AcDbEntity
  8
A-DETL-GENF
100
AcDbLine
 10
5.748206058060043
 20
56.60579746425995
 30
0.0
 11
5.214214808900007
 21
55.81723610051988
 31
0.0
  0
LINE
  5
BD
330
2F
100
AcDbEntity
  8
A-DETL-GENF
100
AcDbLine
 10
5.214214808899988
 20
55.81723610051985
 30
0.0
 11
4.718342343020027
 21
55.00423225139996
 31
0.0
  0
LINE
  5
BE
330
2F
100
AcDbEntity
  8
A-DETL-GENF
100
AcDbLine
 10
4.718342343020024
 20
55.00423225139996
 30
0.0
 11
4.262480924320056
 21
54.16995590585992
 31
0.0
  0
LINE
  5
BF
330
2F
100
AcDbEntity
  8
A-DETL-GENF
100
AcDbLine
 10
4.262480924320064
 20
54.16995590585994
 30
0.0
 11
3.846544600540051
 21
53.31438114039987
 31
0.0
  0
LINE
  5
C0
330
2F
100
AcDbEntity
  8
A-DETL-GENF
100
AcDbLine
 10
3.846544600540028
 20
53.31438114039982
 30
0.0
 11
3.47134040592005
 21
52.43892060689986
 31
0.0
  0
LINE
  5
C1
330
2F
100
AcDbEntity
  8
A-DETL-GENF
100
AcDbLine
 10
3.471340405920063
 20
52.43892060689988
 30
0.0
 11
3.138549308360015
 21
51.54759526325988
 31
0.0
  0
LINE
  5
C2
330
2F
100
AcDbEntity
  8
A-DETL-GENF
100
AcDbLine
 10
3.138549308360083
 20
51.54759526326007
 30
0.0
 11
2.848856719480032
 21
50.64255778503996
 31
0.0
  0
LINE
  5
C3
330
2F
100
AcDbEntity
  8
A-DETL-GENF
100
AcDbLine
 10
2.848856719480055
 20
50.64255778504004
 30
0.0
 11
2.602155679700087
 21
49.72333628119992
 31
0.0
  0
LINE
  5
C4
330
2F
100
AcDbEntity
  8
A-DETL-GENF
100
AcDbLine
 10
2.602155679700082
 20
49.7233362811999
 30
0.0
 11
2.399344410800046
 21
48.79328652772004
 31
0.0
  0
LINE
  5
C5
330
2F
100
AcDbEntity
  8
A-DETL-GENF
100
AcDbLine
 10
2.399344410800039
 20
48.79328652772001
 30
0.0
 11
2.241248969360096
 21
47.8561293937
 31
0.0
  0
LINE
  5
C6
330
2F
100
AcDbEntity
  8
A-DETL-GENF
100
AcDbLine
 10
2.241248969360098
 20
47.8561293937
 30
0.0
 11
2.127961932700052
 21
46.91234626133996
 31
0.0
  0
LINE
  5
C7
330
2F
100
AcDbEntity
  8
A-DETL-GENF
100
AcDbLine
 10
2.127961932700054
 20
46.91234626133997
 30
0.0
 11
2.059575878060017
 21
45.96241851287936
 31
0.0
  0
LINE
  5
C8
330
2F
100
AcDbEntity
  8
A-DETL-GENF
100
AcDbLine
 10
2.059575878059761
 20
45.96241851287542
 30
0.0
 11
1.921730336000105
 21
43.86452244441996
 31
0.0
  0
LINE
  5
C9
330
2F
100
AcDbEntity
  8
A-DETL-GENF
100
AcDbLine
 10
1.921730336000094
 20
43.86452244441986
 30
0.0
 11
1.71086537260005
 21
41.77626732919963
 31
0.0
  0
LINE
  5
CA
330
2F
100
AcDbEntity
  8
A-DETL-GENF
100
AcDbLine
 10
1.710865372600065
 20
41.77626732919982
 30
0.0
 11
1.427081762139951
 21
39.69763986175966
 31
0.0
  0
LINE
  5
CB
330
2F
100
AcDbEntity
  8
A-DETL-GENF
100
AcDbLine
 10
1.427081762139938
 20
39.69763986175966
 30
0.0
 11
1.070480278920032
 21
37.62862673655983
 31
0.0
  0
LINE
  5
CC
330
2F
100
AcDbEntity
  8
A-DETL-GENF
100
AcDbLine
 10
1.070480278920121
 20
37.62862673656028
 30
0.0
 11
0.641056598739977
 21
35.57019815385975
 31
0.0
  0
LINE
  5
CD
330
2F
100
AcDbEntity
  8
A-DETL-GENF
100
AcDbLine
 10
0.6410565987399707
 20
35.57019815385976
 30
0.0
 11
0.140070221339984
 21
33.52891775527985
 31
0.0
  0
LINE
  5
CE
330
2F
100
AcDbEntity
  8
A-DETL-GENF
100
AcDbLine
 10
0.1400702213400115
 20
33.52891775527996
 30
0.0
 11
-0.4311297917998477
 21
31.50976627021996
 31
0.0
  0
LINE
  5
CF
330
2F
100
AcDbEntity
  8
A-DETL-GENF
100
AcDbLine
 10
-0.4311297917998012
 20
31.50976627022009
 30
0.0
 11
-1.072503959880078
 21
29.51213328679951
 31
0.0
  0
LINE
  5
D0
330
2F
100
AcDbEntity
  8
A-DETL-GENF
100
AcDbLine
 10
-1.072503959879951
 20
29.51213328679991
 30
0.0
 11
-1.784473721939859
 21
27.53520193485998
 31
0.0
  0
LINE
  5
D1
330
2F
100
AcDbEntity
  8
A-DETL-GENF
100
AcDbLine
 10
-1.784473721939825
 20
27.53520193486006
 30
0.0
 11
-2.565628419199878
 21
25.58327648994016
 31
0.0
  0
LINE
  5
D2
330
2F
100
AcDbEntity
  8
A-DETL-GENF
100
AcDbLine
 10
-2.565628419199955
 20
25.58327648993997
 30
0.0
 11
-3.412881139999968
 21
23.66388653019996
 31
0.0
  0
LINE
  5
D3
330
2F
100
AcDbEntity
  8
A-DETL-GENF
100
AcDbLine
 10
-3.412881139999968
 20
23.66388653019996
 30
0.0
 11
-4.324722448479993
 21
21.77929831741987
 31
0.0
  0
LINE
  5
D4
330
2F
100
AcDbEntity
  8
A-DETL-GENF
100
AcDbLine
 10
-4.324722448479775
 20
21.77929831742028
 30
0.0
 11
-5.300738591939972
 21
19.92928891259998
 31
0.0
  0
LINE
  5
D5
330
2F
100
AcDbEntity
  8
A-DETL-GENF
100
AcDbLine
 10
-5.300738591939916
 20
19.92928891260008
 30
0.0
 11
-6.340989279560204
 21
18.11389048835966
 31
0.0
  0
LINE
  5
D6
330
2F
100
AcDbEntity
  8
A-DETL-GENF
100
AcDbLine
 10
-6.340989279560107
 20
18.11389048835985
 30
0.0
 11
-7.445770632020095
 21
16.33326260099977
 31
0.0
  0
LINE
  5
D7
330
2F
100
AcDbEntity
  8
A-DETL-GENF
100
AcDbLine
 10
-7.445770632020029
 20
16.33326260099989
 30
0.0
 11
-8.615378770015354
 21
14.58756480686678
 31
0.0
  0
LINE
  5
D8
330
2F
100
AcDbEntity
  8
A-DETL-GENF
100
AcDbLine
 10
-8.615378770034196
 20
14.58756480683877
 30
0.0
 11
-9.792509360559897
 21
12.84004149594009
 31
0.0
  0
LINE
  5
D9
330
2F
100
AcDbEntity
  8
A-DETL-GENF
100
AcDbLine
 10
-9.792509360559947
 20
12.84004149594002
 30
0.0
 11
-10.91565642916021
 21
11.05958720791964
 31
0.0
  0
LINE
  5
DA
330
2F
100
AcDbEntity
  8
A-DETL-GENF
100
AcDbLine
 10
-10.9156564291602
 20
11.05958720791963
 30
0.0
 11
-11.98481997568023
 21
9.246201942659534
 31
0.0
  0
LINE
  5
DB
330
2F
100
AcDbEntity
  8
A-DETL-GENF
100
AcDbLine
 10
-11.98481997568
 20
9.246201942659908
 30
0.0
 11
-12.99999999999999
 21
7.399885700099989
 31
0.0
  0
LINE
  5
DC
330
2F
100
AcDbEntity
  8
A-DETL-GENF
100
AcDbLine
 10
-12.99999999999999
 20
7.399885700099989
 30
0.0
 11
-11.32434252927998
 21
6.928876260359889
 31
0.0
  0
LINE
  5
DD
330
2F
100
AcDbEntity
  8
A-DETL-GENF
100
AcDbLine
 10
-11.32434252927998
 20
6.928876260359889
 30
0.0
 11
-10.33458167693983
 21
8.706844406340196
 31
0.0
  0
LINE
  5
DE
330
2F
100
AcDbEntity
  8
A-DETL-GENF
100
AcDbLine
 10
51.62034029558009
 20
55.72502667469997
 30
0.0
 11
35.77228454624779
 21
49.52131557277501
 31
0.0
  0
LINE
  5
DF
330
2F
100
AcDbEntity
  8
A-DETL-GENF
100
AcDbLine
 10
35.77228454624779
 20
49.52131557277501
 30
0.0
 11
35.02823234227477
 21
50.5313415513787
 31
0.0
  0
ARC
  5
E0
330
2F
100
AcDbEntity
  8
A-DETL-GENF
100
AcDbCircle
 10
32.81414302331992
 20
48.90029633822592
 30
0.0
 40
2.749999999937906
100
AcDbArc
 50
36.37782667400092
 51
189.6975219653972
  0
LINE
  5
E1
330
2F
100
AcDbEntity
  8
A-DETL-GENF
100
AcDbLine
 10
30.10343844628002
 20
48.43706778160033
 30
0.0
 11
31.2990834742801
 21
37.74028386629998
 31
0.0
  0
LINE
  5
E2
330
2F
100
AcDbEntity
  8
A-DETL-GENF
100
AcDbLine
 10
31.2990834742801
 20
37.74028386629998
 30
0.0
 11
30.49402271258005
 21
36.89554163309994
 31
0.0
  0
LINE
  5
E3
330
2F
100
AcDbEntity
  8
A-DETL-GENF
100
AcDbLine
 10
30.49402271258005
 20
36.89554163309994
 30
0.0
 11
30.42420674285397
 21
36.09754144756283
 31
0.0
  0
LINE
  5
E4
330
2F
100
AcDbEntity
  8
A-DETL-GENF
100
AcDbLine
 10
30.42420674285397
 20
36.09754144756283
 30
0.0
 11
28.30788454503183
 21
33.87690565858584
 31
0.0
  0
LINE
  5
E5
330
2F
100
AcDbEntity
  8
A-DETL-GENF
100
AcDbLine
 10
28.30788454503183
 20
33.87690565858584
 30
0.0
 11
27.46186435328009
 21
33.56897949120002
 31
0.0
  0
LINE
  5
E6
330
2F
100
AcDbEntity
  8
A-DETL-GENF
100
AcDbLine
 10
27.4618643532801
 20
33.56897949120002
 30
0.0
 11
19.20556871318004
 21
24.90573076620003
 31
0.0
  0
LINE
  5
E7
330
2F
100
AcDbEntity
  8
A-DETL-GENF
100
AcDbLine
 10
19.20556871318004
 20
24.90573076620003
 30
0.0
 11
19.2361733762304
 21
23.633306562283
 31
0.0
  0
LINE
  5
E8
330
2F
100
AcDbEntity
  8
A-DETL-GENF
100
AcDbLine
 10
19.2361733762304
 20
23.633306562283
 30
0.0
 11
32.75857989553001
 21
37.82223294584738
 31
0.0
  0
ARC
  5
E9
330
2F
100
AcDbEntity
  8
A-DETL-GENF
100
AcDbCircle
 10
31.67272250626058
 20
38.8570825632712
 30
0.0
 40
1.500000000171083
100
AcDbArc
 50
316.3778266699939
 51
6.377826669726099
  0
LINE
  5
EA
330
2F
100
AcDbEntity
  8
A-DETL-GENF
100
AcDbLine
 10
33.16343898086163
 20
39.02370907036487
 30
0.0
 11
32.06878478617684
 21
48.81698308462829
 31
0.0
  0
ARC
  5
EB
330
2F
100
AcDbEntity
  8
A-DETL-GENF
100
AcDbCircle
 10
32.81414302339295
 20
48.90029633816568
 30
0.0
 40
0.7500000000006085
100
AcDbArc
 50
36.37782666947979
 51
186.3778266697254
  0
LINE
  5
EC
330
2F
100
AcDbEntity
  8
A-DETL-GENF
100
AcDbLine
 10
33.4179855649753
 20
49.34512685080646
 30
0.0
 11
34.16203776856225
 21
48.33510087255994
 31
0.0
  0
ARC
  5
ED
330
2F
100
AcDbEntity
  8
A-DETL-GENF
100
AcDbCircle
 10
35.77228454627526
 20
49.52131557305326
 30
0.0
 40
2.000000000200399
100
AcDbArc
 50
216.3778266694793
 51
291.3778266697645
  0
LINE
  5
EE
330
2F
100
AcDbEntity
  8
A-DETL-GENF
100
AcDbLine
 10
36.50131742764098
 20
47.65892166766292
 30
0.0
 11
52.34937317665998
 21
53.86263276943991
 31
0.0
  0
LINE
  5
EF
330
2F
100
AcDbEntity
  8
A-DETL-GENF
100
AcDbLine
 10
52.34937317665998
 20
53.86263276943991
 30
0.0
 11
51.62034029558009
 21
55.72502667469997
 31
0.0
  0
LINE
  5
F0
330
2F
100
AcDbEntity
  8
A-DETL-GENF
100
AcDbLine
 10
54.72575808268002
 20
45.71426085049997
 30
0.0
 11
35.42575808266281
 21
45.71426085049997
 31
0.0
  0
LINE
  5
F1
330
2F
100
AcDbEntity
  8
A-DETL-GENF
100
AcDbLine
 10
35.42575808266281
 20
45.71426085049997
 30
0.0
 11
33.96173395778006
 21
46.60581400349992
 31
0.0
  0
LINE
  5
F2
330
2F
100
AcDbEntity
  8
A-DETL-GENF
100
AcDbLine
 10
33.96173395778006
 20
46.60581400349992
 30
0.0
 11
33.86575808268008
 21
47.44451822287991
 31
0.0
  0
ARC
  5
F3
330
2F
100
AcDbEntity
  8
A-DETL-GENF
100
AcDbCircle
 10
31.8657580830672
 20
47.44451822291416
 30
0.0
 40
1.999999999612875
100
AcDbArc
 50
359.9999999990187
 51
69.99233207248663
  0
LINE
  5
F4
330
2F
100
AcDbEntity
  8
A-DETL-GENF
100
AcDbLine
 10
32.55004988268006
 20
49.32381190178238
 30
0.0
 11
32.36575808268007
 21
47.21734698839311
 31
0.0
  0
LINE
  5
F5
330
2F
100
AcDbEntity
  8
A-DETL-GENF
100
AcDbLine
 10
32.36575808268007
 20
47.21734698839311
 30
0.0
 11
32.36575808268007
 21
45.93855627507444
 31
0.0
  0
LINE
  5
F6
330
2F
100
AcDbEntity
  8
A-DETL-GENF
100
AcDbLine
 10
32.36575808268007
 20
45.93855627507444
 30
0.0
 11
34.8324168759447
 21
44.43642431756457
 31
0.0
  0
LINE
  5
F7
330
2F
100
AcDbEntity
  8
A-DETL-GENF
100
AcDbLine
 10
34.8324168759447
 20
44.43642431756457
 30
0.0
 11
33.85861943488008
 21
43.46262687649995
 31
0.0
  0
LINE
  5
F8
330
2F
100
AcDbEntity
  8
A-DETL-GENF
100
AcDbLine
 10
33.85861943488008
 20
43.46262687649995
 30
0.0
 11
35.29575808274684
 21
42.59066357560679
 31
0.0
  0
ARC
  5
F9
330
2F
100
AcDbEntity
  8
A-DETL-GENF
100
AcDbCircle
 10
49.20515808255624
 20
-24.64913188128599
 30
0.0
 40
68.66339273178595
100
AcDbArc
 50
90.00000000000006
 51
101.6875046138206
  0
LINE
  5
FA
330
2F
100
AcDbEntity
  8
A-DETL-GENF
100
AcDbLine
 10
49.20515808255615
 20
44.01426085060001
 30
0.0
 11
58.12575808268003
 21
44.01426085060001
 31
0.0
  0
LINE
  5
FB
330
2F
100
AcDbEntity
  8
A-DETL-GENF
100
AcDbLine
 10
58.12575808268003
 20
44.01426085060001
 30
0.0
 11
58.12575808268003
 21
46.71426085059993
 31
0.0
  0
LINE
  5
FC
330
2F
100
AcDbEntity
  8
A-DETL-GENF
100
AcDbLine
 10
58.12575808268003
 20
46.71426085059993
 30
0.0
 11
55.92575808268012
 21
46.71426085059993
 31
0.0
  0
LINE
  5
FD
330
2F
100
AcDbEntity
  8
A-DETL-GENF
100
AcDbLine
 10
55.92575808268012
 20
46.71426085059993
 30
0.0
 11
55.92575808268012
 21
52.91426085059992
 31
0.0
  0
LINE
  5
FE
330
2F
100
AcDbEntity
  8
A-DETL-GENF
100
AcDbLine
 10
55.92575808268012
 20
52.91426085059992
 30
0.0
 11
54.72575808268002
 21
52.91426085059992
 31
0.0
  0
LINE
  5
FF
330
2F
100
AcDbEntity
  8
A-DETL-GENF
100
AcDbLine
 10
54.72575808268002
 20
52.91426085059992
 30
0.0
 11
54.72575808268002
 21
45.71426085049997
 31
0.0
  0
LINE
  5
100
330
2F
100
AcDbEntity
  8
A-DETL-GENF
100
AcDbLine
 10
105.79813238768
 20
63.50000000009995
 30
0.0
 11
110.7159895305808
 21
63.50000000009995
 31
0.0
  0
ARC
  5
101
330
2F
100
AcDbEntity
  8
A-DETL-GENF
100
AcDbCircle
 10
110.7159895305808
 20
60.00000000030072
 30
0.0
 40
3.499999999799223
100
AcDbArc
 50
359.9999999999995
 51
90.00000000000006
  0
LINE
  5
102
330
2F
100
AcDbEntity
  8
A-DETL-GENF
100
AcDbLine
 10
114.21598953038
 20
60.00000000030071
 30
0.0
 11
114.21598953038
 21
49.17875352930005
 31
0.0
  0
LINE
  5
103
330
2F
100
AcDbEntity
  8
A-DETL-GENF
100
AcDbLine
 10
114.21598953038
 20
49.17875352930005
 30
0.0
 11
119.0568486884581
 21
49.17875352930005
 31
0.0
  0
ARC
  5
104
330
2F
100
AcDbEntity
  8
A-DETL-GENF
100
AcDbCircle
 10
121.61598953048
 20
51.09989853970002
 30
0.0
 40
3.200000000045218
100
AcDbArc
 50
216.8955286111922
 51
269.9999999957555
  0
ARC
  5
105
330
2F
100
AcDbEntity
  8
A-DETL-GENF
100
AcDbCircle
 10
121.61598953028
 20
48.39989853959996
 30
0.0
 40
0.4999999999998864
100
AcDbArc
 50
269.9999999957559
 51
23.5781784708197
  0
ARC
  5
106
330
2F
100
AcDbEntity
  8
A-DETL-GENF
100
AcDbCircle
 10
121.61598953028
 20
48.79989853959996
 30
0.0
 40
0.500000000047161
100
AcDbArc
 50
336.421821516768
 51
89.99999999501858
  0
ARC
  5
107
330
2F
100
AcDbEntity
  8
A-DETL-GENF
100
AcDbCircle
 10
121.61598953048
 20
51.09989853970001
 30
0.0
 40
1.799999999981892
100
AcDbArc
 50
22.55585779529492
 51
269.999999995018
  0
ARC
  5
108
330
2F
100
AcDbEntity
  8
A-DETL-GENF
100
AcDbCircle
 10
123.8375159975402
 20
52.02262331660772
 30
0.0
 40
0.6055354617746729
100
AcDbArc
 50
202.5558577952956
 51
310.27638611992
  0
ARC
  5
109
330
2F
100
AcDbEntity
  8
A-DETL-GENF
100
AcDbCircle
 10
124.14215568758
 20
52.05304309679995
 30
0.0
 40
0.5000000000000016
100
AcDbArc
 50
280.0000000093888
 51
20.67192928379553
  0
ARC
  5
10A
330
2F
100
AcDbEntity
  8
A-DETL-GENF
100
AcDbCircle
 10
121.61598953048
 20
51.09989853970001
 30
0.0
 40
3.199999999997984
100
AcDbArc
 50
20.67192928379529
 51
187.5625117231505
  0
LINE
  5
10B
330
2F
100
AcDbEntity
  8
A-DETL-GENF
100
AcDbLine
 10
118.4438235700987
 20
50.67875352930005
 30
0.0
 11
115.71598953038
 21
50.67875352930005
 31
0.0
  0
LINE
  5
10C
330
2F
100
AcDbEntity
  8
A-DETL-GENF
100
AcDbLine
 10
115.71598953038
 20
50.67875352930005
 30
0.0
 11
115.71598953038
 21
60.00000000058964
 31
0.0
  0
ARC
  5
10D
330
2F
100
AcDbEntity
  8
A-DETL-GENF
100
AcDbCircle
 10
110.7159895308697
 20
60.00000000058964
 30
0.0
 40
4.999999999510322
100
AcDbArc
 50
0.0
 51
90.0
  0
LINE
  5
10E
330
2F
100
AcDbEntity
  8
A-DETL-GENF
100
AcDbLine
 10
110.7159895308697
 20
65.00000000009996
 30
0.0
 11
62.5637990767517
 21
65.00000000009996
 31
0.0
  0
ARC
  5
10F
330
2F
100
AcDbEntity
  8
A-DETL-GENF
100
AcDbCircle
 10
61.27598953024715
 20
64.50000000013291
 30
0.0
 40
0.4999999999670451
100
AcDbArc
 50
90.0
 51
180.0
  0
LINE
  5
110
330
2F
100
AcDbEntity
  8
A-DETL-GENF
100
AcDbLine
 10
60.77598953028011
 20
64.50000000013291
 30
0.0
 11
60.77598953028011
 21
62.70000000003697
 31
0.0
  0
ARC
  5
111
330
2F
100
AcDbEntity
  8
A-DETL-GENF
100
AcDbCircle
 10
61.27598953021716
 20
62.70000000003698
 30
0.0
 40
0.4999999999370531
100
AcDbArc
 50
180.0000000000004
 51
269.9999999999988
  0
ARC
  5
112
330
2F
100
AcDbEntity
  8
A-DETL-GENF
100
AcDbCircle
 10
62.4259895302876
 20
62.70000000009233
 30
0.0
 40
0.4999999999924018
100
AcDbArc
 50
284.9999999982355
 51
329.9999999929456
  0
ARC
  5
113
330
2F
100
AcDbEntity
  8
A-DETL-GENF
100
AcDbCircle
 10
62.4259895302876
 20
62.70000000009233
 30
0.0
 40
0.4999999999924075
100
AcDbArc
 50
344.9999999911816
 51
359.9999999894172
  0
LINE
  5
114
330
2F
100
AcDbEntity
  8
A-DETL-GENF
100
AcDbLine
 10
62.92598953028001
 20
62.69999999999997
 30
0.0
 11
63.00472932743623
 21
63.60000000009994
 31
0.0
  0
LINE
  5
115
330
2F
100
AcDbEntity
  8
A-DETL-GENF
100
AcDbLine
 10
63.00472932743623
 20
63.60000000009994
 30
0.0
 11
65.77598953028011
 21
63.60000000009994
 31
0.0
  0
LINE
  5
116
330
2F
100
AcDbEntity
  8
A-DETL-GENF
100
AcDbLine
 10
65.77598953028011
 20
63.60000000009994
 30
0.0
 11
65.77598953028011
 21
59.12792944010378
 31
0.0
  0
LINE
  5
117
330
2F
100
AcDbEntity
  8
A-DETL-GENF
100
AcDbLine
 10
65.77598953028011
 20
59.12792944010378
 30
0.0
 11
66.92463821182851
 21
59.12792944010378
 31
0.0
  0
LINE
  5
118
330
2F
100
AcDbEntity
  8
A-DETL-GENF
100
AcDbLine
 10
66.92463821182851
 20
59.12792944010378
 30
0.0
 11
66.22470073026523
 21
57.40000000010004
 31
0.0
  0
LINE
  5
119
330
2F
100
AcDbEntity
  8
A-DETL-GENF
100
AcDbLine
 10
66.22470073026523
 20
57.40000000010004
 30
0.0
 11
60.27598953024714
 21
57.40000000010004
 31
0.0
  0
ARC
  5
11A
330
2F
100
AcDbEntity
  8
A-DETL-GENF
100
AcDbCircle
 10
60.27598953024715
 20
56.900000000133
 30
0.0
 40
0.499999999967038
100
AcDbArc
 50
90.00000000000081
 51
179.9999999999992
  0
LINE
  5
11B
330
2F
100
AcDbEntity
  8
A-DETL-GENF
100
AcDbLine
 10
59.77598953028008
 20
56.00000000009995
 30
0.0
 11
67.27598953076333
 21
56.00000000009995
 31
0.0
  0
LINE
  5
11C
330
2F
100
AcDbEntity
  8
A-DETL-GENF
100
AcDbLine
 10
67.27598953076333
 20
56.00000000009995
 30
0.0
 11
69.05598953031723
 21
60.39427017899443
 31
0.0
  0
LINE
  5
11D
330
2F
100
AcDbEntity
  8
A-DETL-GENF
100
AcDbLine
 10
69.05598953031723
 20
60.39427017899443
 30
0.0
 11
67.27598953028011
 21
60.55000000002269
 31
0.0
  0
LINE
  5
11E
330
2F
100
AcDbEntity
  8
A-DETL-GENF
100
AcDbLine
 10
67.27598953028011
 20
60.55000000002269
 30
0.0
 11
67.27598953028011
 21
63.50000000010005
 31
0.0
  0
LINE
  5
11F
330
2F
100
AcDbEntity
  8
A-DETL-GENF
100
AcDbLine
 10
67.27598953028011
 20
63.50000000010005
 30
0.0
 11
104.03384667318
 21
63.50000000009995
 31
0.0
  0
LINE
  5
120
330
2F
100
AcDbEntity
  8
A-DETL-GENF
100
AcDbLine
 10
104.03384667318
 20
63.50000000009995
 30
0.0
 11
104.03384667318
 21
62.64577676420003
 31
0.0
  0
ARC
  5
121
330
2F
100
AcDbEntity
  8
A-DETL-GENF
100
AcDbCircle
 10
104.9159895301071
 20
60.20000000041399
 30
0.0
 40
2.599999999673689
100
AcDbArc
 50
109.8333619063972
 51
142.9462404779282
  0
ARC
  5
122
330
2F
100
AcDbEntity
  8
A-DETL-GENF
100
AcDbCircle
 10
104.9159895302771
 20
59.60000000005255
 30
0.0
 40
2.999999999965435
100
AcDbArc
 50
133.7617427000105
 51
228.4630409686772
  0
ARC
  5
123
330
2F
100
AcDbEntity
  8
A-DETL-GENF
100
AcDbCircle
 10
103.258231957049
 20
57.72867965645753
 30
0.0
 40
0.499999999975853
100
AcDbArc
 50
228.4630409686781
 51
329.999999990787
  0
LINE
  5
124
330
2F
100
AcDbEntity
  8
A-DETL-GENF
100
AcDbLine
 10
103.6912446588801
 20
57.47867965639998
 30
0.0
 11
104.0439240761049
 21
58.37954850848017
 31
0.0
  0
ARC
  5
125
330
2F
100
AcDbEntity
  8
A-DETL-GENF
100
AcDbCircle
 10
104.9159895302922
 20
59.60000000012536
 30
0.0
 40
1.49999999994861
100
AcDbArc
 50
128.94244127208
 51
234.452550274138
  0
ARC
  5
126
330
2F
100
AcDbEntity
  8
A-DETL-GENF
100
AcDbCircle
 10
104.9159895302801
 20
60.20000000009243
 30
0.0
 40
1.099999999986126
100
AcDbArc
 50
31.00758302474394
 51
148.9924169962248
  0
ARC
  5
127
330
2F
100
AcDbEntity
  8
A-DETL-GENF
100
AcDbCircle
 10
104.9159895304678
 20
59.600000000146
 30
0.0
 40
1.49999999994496
100
AcDbArc
 50
308.9593584920389
 51
51.057558747807
  0
LINE
  5
128
330
2F
100
AcDbEntity
  8
A-DETL-GENF
100
AcDbLine
 10
105.8591430023633
 20
58.43361175934183
 30
0.0
 11
106.14073440178
 21
57.47867965649992
 31
0.0
  0
ARC
  5
129
330
2F
100
AcDbEntity
  8
A-DETL-GENF
100
AcDbCircle
 10
106.5737471036534
 20
57.7286796565852
 30
0.0
 40
0.5000000000263546
100
AcDbArc
 50
210.0000000095391
 51
311.536959029262
  0
ARC
  5
12A
330
2F
100
AcDbEntity
  8
A-DETL-GENF
100
AcDbCircle
 10
104.9159895307782
 20
59.59999999991719
 30
0.0
 40
2.999999999585042
100
AcDbArc
 50
311.5369590292646
 51
338.6202490801125
  0
LINE
  5
12B
330
2F
100
AcDbEntity
  8
A-DETL-GENF
100
AcDbLine
 10
107.7095436602635
 20
58.50635685741323
 30
0.0
 11
108.21598953038
 21
59.80000000008001
 31
0.0
  0
LINE
  5
12C
330
2F
100
AcDbEntity
  8
A-DETL-GENF
100
AcDbLine
 10
108.21598953038
 20
59.80000000008001
 30
0.0
 11
108.21598953038
 21
61.10000000009994
 31
0.0
  0
LINE
  5
12D
330
2F
100
AcDbEntity
  8
A-DETL-GENF
100
AcDbLine
 10
108.21598953038
 20
61.10000000009994
 30
0.0
 11
107.21877178718
 21
61.40714285720004
 31
0.0
  0
ARC
  5
12E
330
2F
100
AcDbEntity
  8
A-DETL-GENF
100
AcDbCircle
 10
104.9159895299458
 20
60.199999999734
 30
0.0
 40
2.600000000493059
100
AcDbArc
 50
27.66400449853479
 51
70.16663808120775
  0
LINE
  5
12F
330
2F
100
AcDbEntity
  8
A-DETL-GENF
100
AcDbLine
 10
105.79813238768
 20
62.6457767641
 30
0.0
 11
105.79813238768
 21
63.50000000009995
 31
0.0
  0
LINE
  5
130
330
2F
100
AcDbEntity
  8
A-DETL-GENF
100
AcDbLine
 10
51.77598953038007
 20
63.49999999685995
 30
0.0
 11
58.57598953038007
 21
63.49999999685995
 31
0.0
  0
ARC
  5
131
330
2F
100
AcDbEntity
  8
A-DETL-GENF
100
AcDbCircle
 10
60.77068603618659
 20
62.9976822510592
 30
0.0
 40
2.251447505571861
100
AcDbArc
 50
167.1083064599351
 51
252.0278003710537
  0
LINE
  5
132
330
2F
100
AcDbEntity
  8
A-DETL-GENF
100
AcDbLine
 10
60.07598953038005
 20
60.85609110539999
 30
0.0
 11
60.07598953038005
 21
59.14999999687998
 31
0.0
  0
LINE
  5
133
330
2F
100
AcDbEntity
  8
A-DETL-GENF
100
AcDbLine
 10
60.07598953038005
 20
59.14999999687998
 30
0.0
 11
50.27598953038005
 21
59.14999999687998
 31
0.0
  0
LINE
  5
134
330
2F
100
AcDbEntity
  8
A-DETL-GENF
100
AcDbLine
 10
50.27598953038005
 20
59.14999999687998
 30
0.0
 11
50.27598953038005
 21
60.85609110541991
 31
0.0
  0
ARC
  5
135
330
2F
100
AcDbEntity
  8
A-DETL-GENF
100
AcDbCircle
 10
49.84159864124122
 20
62.84999999686995
 30
0.0
 40
2.040678346033588
100
AcDbArc
 50
282.2903560149058
 51
18.57353715373312
  0
LINE
  5
136
330
2F
100
AcDbEntity
  8
A-DETL-GENF
100
AcDbLine
 10
58.27995897350296
 20
57.64999999687997
 30
0.0
 11
58.27995897350296
 21
56.00000000009995
 31
0.0
  0
LINE
  5
137
330
2F
100
AcDbEntity
  8
A-DETL-GENF
100
AcDbLine
 10
58.27995897350296
 20
56.00000000009995
 30
0.0
 11
59.77598953028008
 21
56.00000000009995
 31
0.0
  0
LINE
  5
138
330
2F
100
AcDbEntity
  8
A-DETL-GENF
100
AcDbLine
 10
59.77598953028008
 20
56.00000000009995
 30
0.0
 11
59.77598953028008
 21
57.64999999685996
 31
0.0
  0
LINE
  5
139
330
2F
100
AcDbEntity
  8
A-DETL-GENF
100
AcDbLine
 10
59.77598953028008
 20
57.64999999685996
 30
0.0
 11
61.57598953038005
 21
57.64999999685996
 31
0.0
  0
LINE
  5
13A
330
2F
100
AcDbEntity
  8
A-DETL-GENF
100
AcDbLine
 10
61.57598953038005
 20
57.64999999685996
 30
0.0
 11
61.57598953038005
 21
60.69849049579783
 31
0.0
  0
LINE
  5
13B
330
2F
100
AcDbEntity
  8
A-DETL-GENF
100
AcDbLine
 10
61.57598953038005
 20
60.69849049579783
 30
0.0
 11
62.67862589794824
 21
60.69849049579783
 31
0.0
  0
ARC
  5
13C
330
2F
100
AcDbEntity
  8
A-DETL-GENF
100
AcDbCircle
 10
62.67862589794825
 20
62.61805813734177
 30
0.0
 40
1.919567641543949
100
AcDbArc
 50
269.9999999999994
 51
8.994441608076823
  0
ARC
  5
13D
330
2F
100
AcDbEntity
  8
A-DETL-GENF
100
AcDbCircle
 10
63.83726348902196
 20
62.75025230499363
 30
0.0
 40
0.7562030391729385
100
AcDbArc
 50
12.82896707074063
 51
167.1710329292412
  0
LINE
  5
13E
330
2F
100
AcDbEntity
  8
A-DETL-GENF
100
AcDbLine
 10
63.09993737901112
 20
62.91816074418202
 30
0.0
 11
62.76505352425935
 21
62.20000000009993
 31
0.0
  0
LINE
  5
13F
330
2F
100
AcDbEntity
  8
A-DETL-GENF
100
AcDbLine
 10
62.76505352425935
 20
62.20000000009993
 30
0.0
 11
60.57598953038006
 21
62.20000000009993
 31
0.0
  0
LINE
  5
140
330
2F
100
AcDbEntity
  8
A-DETL-GENF
100
AcDbLine
 10
60.57598953038006
 20
62.20000000009993
 30
0.0
 11
60.57598953038006
 21
64.99999999685996
 31
0.0
  0
LINE
  5
141
330
2F
100
AcDbEntity
  8
A-DETL-GENF
100
AcDbLine
 10
52.56379907675208
 20
64.99999999685996
 30
0.0
 11
49.77598953038004
 21
64.99999999685996
 31
0.0
  0
LINE
  5
142
330
2F
100
AcDbEntity
  8
A-DETL-GENF
100
AcDbLine
 10
49.77598953038004
 20
64.99999999685996
 30
0.0
 11
49.77598953038004
 21
62.19999999687995
 31
0.0
  0
LINE
  5
143
330
2F
100
AcDbEntity
  8
A-DETL-GENF
100
AcDbLine
 10
49.77598953038004
 20
62.19999999687995
 30
0.0
 11
47.58692553800228
 21
62.19999999687995
 31
0.0
  0
LINE
  5
144
330
2F
100
AcDbEntity
  8
A-DETL-GENF
100
AcDbLine
 10
47.58692553800228
 20
62.19999999687995
 30
0.0
 11
47.25204168174901
 21
62.91816074418202
 31
0.0
  0
ARC
  5
145
330
2F
100
AcDbEntity
  8
A-DETL-GENF
100
AcDbCircle
 10
46.51471557173817
 20
62.75025230499363
 30
0.0
 40
0.7562030391729506
100
AcDbArc
 50
12.82896707075931
 51
167.1710329292428
  0
ARC
  5
146
330
2F
100
AcDbEntity
  8
A-DETL-GENF
100
AcDbCircle
 10
47.79084303960252
 20
62.72147357214027
 30
0.0
 40
2.023037605657441
100
AcDbArc
 50
174.4206797903816
 51
269.579320209619
  0
LINE
  5
147
330
2F
100
AcDbEntity
  8
A-DETL-GENF
100
AcDbLine
 10
47.77598953038006
 20
60.69849049579783
 30
0.0
 11
48.77598953038003
 21
60.69849049579783
 31
0.0
  0
LINE
  5
148
330
2F
100
AcDbEntity
  8
A-DETL-GENF
100
AcDbLine
 10
48.77598953038003
 20
60.69849049579783
 30
0.0
 11
48.77598953038003
 21
57.64999999687998
 31
0.0
  0
LINE
  5
149
330
2F
100
AcDbEntity
  8
A-DETL-GENF
100
AcDbLine
 10
48.77598953038003
 20
57.64999999687998
 30
0.0
 11
50.59299927318913
 21
57.64999999687997
 31
0.0
  0
LINE
  5
14A
330
2F
100
AcDbEntity
  8
A-DETL-GENF
100
AcDbLine
 10
50.59299927318913
 20
57.64999999687997
 30
0.0
 11
50.59299927318913
 21
55.99349459708706
 31
0.0
  0
LINE
  5
14B
330
2F
100
AcDbEntity
  8
A-DETL-GENF
100
AcDbLine
 10
50.59299927318913
 20
55.99349459708706
 30
0.0
 11
52.07202008725715
 21
55.99349459708706
 31
0.0
  0
LINE
  5
14C
330
2F
100
AcDbEntity
  8
A-DETL-GENF
100
AcDbLine
 10
52.07202008725715
 20
55.99349459708706
 30
0.0
 11
52.07202008725715
 21
57.64999999687997
 31
0.0
  0
LINE
  5
14D
330
2F
100
AcDbEntity
  8
A-DETL-GENF
100
AcDbLine
 10
52.07202008725715
 20
57.64999999687997
 30
0.0
 11
58.27995897350296
 21
57.64999999687997
 31
0.0
  0
LINE
  5
14E
330
2F
100
AcDbEntity
  8
A-DETL-GENF
100
AcDbLine
 10
119.7673903909787
 20
55.74561497390748
 30
0.0
 11
120.1551453324277
 21
54.39017728239933
 31
0.0
  0
ARC
  5
14F
330
2F
100
AcDbEntity
  8
A-DETL-GENF
100
AcDbCircle
 10
121.61598953048
 20
51.099898536
 30
0.0
 40
3.599999999998656
100
AcDbArc
 50
224.1379985168932
 51
113.9406455304991
  0
LINE
  5
150
330
2F
100
AcDbEntity
  8
A-DETL-GENF
100
AcDbLine
 10
119.0323969307448
 20
48.59289848043879
 30
0.0
 11
118.0423667677357
 21
47.60286831742964
 31
0.0
  0
ARC
  5
151
330
2F
100
AcDbEntity
  8
A-DETL-GENF
100
AcDbCircle
 10
121.61598953048
 20
51.09989853600001
 30
0.0
 40
4.99999999999988
100
AcDbArc
 50
224.3793702084081
 51
318.4419739478727
  0
LINE
  5
152
330
2F
100
AcDbEntity
  8
A-DETL-GENF
100
AcDbLine
 10
125.3574108866801
 20
47.78300748633181
 30
0.0
 11
125.3574108866801
 21
-0.4337297720065063
 31
0.0
  0
LINE
  5
153
330
2F
100
AcDbEntity
  8
A-DETL-GENF
100
AcDbLine
 10
125.3574108866801
 20
-0.4337297720065063
 30
0.0
 11
122.0551493152814
 21
1.805694014949702
 31
0.0
  0
ARC
  5
154
330
2F
100
AcDbEntity
  8
A-DETL-GENF
100
AcDbCircle
 10
121.08456278798
 20
0.4099999964000487
 30
0.0
 40
1.700000000115924
100
AcDbArc
 50
55.18467012416174
 51
90.00000000000047
  0
LINE
  5
155
330
2F
100
AcDbEntity
  8
A-DETL-GENF
100
AcDbLine
 10
121.08456278798
 20
2.109999996499971
 30
0.0
 11
117.4206979466797
 21
2.109999996499971
 31
0.0
  0
LINE
  5
156
330
2F
100
AcDbEntity
  8
A-DETL-GENF
100
AcDbLine
 10
117.42069794668
 20
2.109999996499971
 30
0.0
 11
110.79080023488
 21
2.593563309099937
 31
0.0
  0
LINE
  5
157
330
2F
100
AcDbEntity
  8
A-DETL-GENF
100
AcDbLine
 10
110.79080023488
 20
2.593563309099937
 30
0.0
 11
108.1767337260945
 21
2.78422487203746
 31
0.0
  0
ARC
  5
158
330
2F
100
AcDbEntity
  8
A-DETL-GENF
100
AcDbCircle
 10
109.029135741666
 20
2.261337882738647
 30
0.0
 40
0.999999999864177
100
AcDbArc
 50
148.4738949649434
 51
234.2408746305427
  0
ARC
  5
159
330
2F
100
AcDbEntity
  8
A-DETL-GENF
100
AcDbCircle
 10
109.4639091048755
 20
2.256906300180375
 30
0.0
 40
1.299999999911175
100
AcDbArc
 50
218.3751031865024
 51
226.9830932547776
  0
ARC
  5
15A
330
2F
100
AcDbEntity
  8
A-DETL-GENF
100
AcDbCircle
 10
109.4639091048755
 20
2.256906300180375
 30
0.0
 40
1.299999999911191
100
AcDbArc
 50
291.3152170227273
 51
319.636588084267
  0
LINE
  5
15B
330
2F
100
AcDbEntity
  8
A-DETL-GENF
100
AcDbLine
 10
110.4544467441805
 20
1.414982797189052
 30
0.0
 11
112.06382794884
 21
1.297118036799964
 31
0.0
  0
LINE
  5
15C
330
2F
100
AcDbEntity
  8
A-DETL-GENF
100
AcDbLine
 10
112.06382794884
 20
1.297118036799964
 30
0.0
 11
114.86743880598
 21
-0.0693686559000594
 31
0.0
  0
LINE
  5
15D
330
2F
100
AcDbEntity
  8
A-DETL-GENF
100
AcDbLine
 10
114.86743880598
 20
-0.0693686559000594
 30
0.0
 11
121.0565138930765
 21
-0.0900000036003453
 31
0.0
  0
ARC
  5
15E
330
2F
100
AcDbEntity
  8
A-DETL-GENF
100
AcDbCircle
 10
121.0565138929801
 20
-3.590000003600073
 30
0.0
 40
3.499999999999734
100
AcDbArc
 50
55.18467053165626
 51
89.99999999842095
  0
LINE
  5
15F
330
2F
100
AcDbEntity
  8
A-DETL-GENF
100
AcDbLine
 10
123.0547802521403
 20
-0.7165123043419277
 30
0.0
 11
123.9122524995037
 21
-1.312811340618368
 31
0.0
  0
LINE
  5
160
330
2F
100
AcDbEntity
  8
A-DETL-GENF
100
AcDbLine
 10
123.9122524995037
 20
-1.312811340618368
 30
0.0
 11
123.2975656101723
 21
-2.573959982517001
 31
0.0
  0
ARC
  5
161
330
2F
100
AcDbEntity
  8
A-DETL-GENF
100
AcDbCircle
 10
120.31598953058
 20
-1.159674268199976
 30
0.0
 40
3.300000000017908
100
AcDbArc
 50
291.3283518108601
 51
334.6230664743936
  0
LINE
  5
162
330
2F
100
AcDbEntity
  8
A-DETL-GENF
100
AcDbLine
 10
121.5162398467947
 20
-4.233661772817528
 30
0.0
 11
119.13146587818
 21
-3.121623408400052
 31
0.0
  0
LINE
  5
163
330
2F
100
AcDbEntity
  8
A-DETL-GENF
100
AcDbLine
 10
119.13146587818
 20
-3.121623408400052
 30
0.0
 11
117.93646401608
 21
-2.726022392000056
 31
0.0
  0
LINE
  5
164
330
2F
100
AcDbEntity
  8
A-DETL-GENF
100
AcDbLine
 10
117.93646401608
 20
-2.726022392000056
 30
0.0
 11
116.9432426421726
 21
-3.645967242094618
 31
0.0
  0
LINE
  5
165
330
2F
100
AcDbEntity
  8
A-DETL-GENF
100
AcDbLine
 10
116.9432426421726
 20
-3.645967242094626
 30
0.0
 11
121.1669266432801
 21
-5.61550343750006
 31
0.0
  0
LINE
  5
166
330
2F
100
AcDbEntity
  8
A-DETL-GENF
100
AcDbLine
 10
121.1669266432801
 20
-5.61550343750006
 30
0.0
 11
120.3159895304801
 21
-6.059674268200039
 31
0.0
  0
LINE
  5
167
330
2F
100
AcDbEntity
  8
A-DETL-GENF
100
AcDbLine
 10
120.3159895304801
 20
-6.059674268200039
 30
0.0
 11
116.7974785125799
 21
-6.059674268200039
 31
0.0
  0
ARC
  5
168
330
2F
100
AcDbEntity
  8
A-DETL-GENF
100
AcDbCircle
 10
116.7974785125799
 20
-6.759674268200032
 30
0.0
 40
0.6999999998844401
100
AcDbArc
 50
89.99999999999991
 51
269.9999999999995
  0
LINE
  5
169
330
2F
100
AcDbEntity
  8
A-DETL-GENF
100
AcDbLine
 10
116.7974785125799
 20
-7.459674268200033
 30
0.0
 11
120.3159895304801
 21
-7.459674268200033
 31
0.0
  0
ARC
  5
16A
330
2F
100
AcDbEntity
  8
A-DETL-GENF
100
AcDbCircle
 10
120.3159895304801
 20
-1.159674268199993
 30
0.0
 40
6.300000000000086
100
AcDbArc
 50
269.9999999999996
 51
5.09e-14
  0
LINE
  5
16B
330
2F
100
AcDbEntity
  8
A-DETL-GENF
100
AcDbLine
 10
126.61598953042
 20
-1.159674268199993
 30
0.0
 11
126.61598953042
 21
51.099898536
 31
0.0
  0
ARC
  5
16C
330
2F
100
AcDbEntity
  8
A-DETL-GENF
100
AcDbCircle
 10
121.61598953048
 20
51.099898536
 30
0.0
 40
5.000000000000895
100
AcDbArc
 50
0.0
 51
111.6983393860005
  0
ARC
  5
16D
330
2F
100
AcDbEntity
  8
A-DETL-GENF
100
AcDbCircle
 10
108.4859895300467
 20
50.02648391239389
 30
0.0
 40
4.500000000918563
100
AcDbArc
 50
274.9999999996673
 51
319.6317179747773
  0
LINE
  5
16E
330
2F
100
AcDbEntity
  8
A-DETL-GENF
100
AcDbLine
 10
111.9145259364665
 20
47.1118418901
 30
0.0
 11
115.71598953048
 21
47.1118418901
 31
0.0
  0
LINE
  5
16F
330
2F
100
AcDbEntity
  8
A-DETL-GENF
100
AcDbLine
 10
115.71598953048
 20
47.1118418901
 30
0.0
 11
115.71598953048
 21
48.51184188999996
 31
0.0
  0
LINE
  5
170
330
2F
100
AcDbEntity
  8
A-DETL-GENF
100
AcDbLine
 10
115.71598953048
 20
48.51184188999996
 30
0.0
 11
112.7234250222728
 21
48.51184188999996
 31
0.0
  0
ARC
  5
171
330
2F
100
AcDbEntity
  8
A-DETL-GENF
100
AcDbCircle
 10
108.4859895329942
 20
50.02648391093242
 30
0.0
 40
4.499999997485779
100
AcDbArc
 50
340.3309214217629
 51
3.619e-13
  0
LINE
  5
172
330
2F
100
AcDbEntity
  8
A-DETL-GENF
100
AcDbLine
 10
112.98598953048
 20
50.02648391093245
 30
0.0
 11
112.98598953048
 21
54.73510503682
 31
0.0
  0
LINE
  5
173
330
2F
100
AcDbEntity
  8
A-DETL-GENF
100
AcDbLine
 10
112.98598953048
 20
54.73510503682
 30
0.0
 11
113.61930418718
 21
55.56919259229999
 31
0.0
  0
ARC
  5
174
330
2F
100
AcDbEntity
  8
A-DETL-GENF
100
AcDbCircle
 10
100.5013981119311
 20
52.3800641534896
 30
0.0
 40
13.49999999993633
100
AcDbArc
 50
13.66424052674226
 51
49.85717029301521
  0
LINE
  5
175
330
2F
100
AcDbEntity
  8
A-DETL-GENF
100
AcDbLine
 10
109.2047838969111
 20
62.69999999999997
 30
0.0
 11
107.6290504064932
 21
62.69999999999997
 31
0.0
  0
LINE
  5
176
330
2F
100
AcDbEntity
  8
A-DETL-GENF
100
AcDbLine
 10
107.6290504064932
 20
62.69999999999997
 30
0.0
 11
107.6290504064932
 21
61.39999999999998
 31
0.0
  0
LINE
  5
177
330
2F
100
AcDbEntity
  8
A-DETL-GENF
100
AcDbLine
 10
107.6290504064932
 20
61.39999999999998
 30
0.0
 11
108.4159895304796
 21
61.39999999999998
 31
0.0
  0
ARC
  5
178
330
2F
100
AcDbEntity
  8
A-DETL-GENF
100
AcDbCircle
 10
100.5013981115906
 20
52.38006415307649
 30
0.0
 40
12.00000000044032
100
AcDbArc
 50
23.73987753827954
 51
48.73449225006293
  0
LINE
  5
179
330
2F
100
AcDbEntity
  8
A-DETL-GENF
100
AcDbLine
 10
111.48598953048
 20
57.2110838560613
 30
0.0
 11
111.48598953048
 21
50.02648391122599
 31
0.0
  0
ARC
  5
17A
330
2F
100
AcDbEntity
  8
A-DETL-GENF
100
AcDbCircle
 10
108.4859895308652
 20
50.02648391122599
 30
0.0
 40
2.999999999614843
100
AcDbArc
 50
275.0000000001501
 51
0.0
  0
LINE
  5
17B
330
2F
100
AcDbEntity
  8
A-DETL-GENF
100
AcDbLine
 10
108.7474567590824
 20
47.03789981733517
 30
0.0
 11
101.0381032096997
 21
46.36341877863045
 31
0.0
  0
ARC
  5
17C
330
2F
100
AcDbEntity
  8
A-DETL-GENF
100
AcDbCircle
 10
98.16598953046062
 20
47.23000000004867
 30
0.0
 40
2.999999999964494
100
AcDbArc
 50
343.2102574396338
 51
96.71009902187765
  0
LINE
  5
17D
330
2F
100
AcDbEntity
  8
A-DETL-GENF
100
AcDbLine
 10
97.81545215230577
 20
50.209450208779
 30
0.0
 11
96.40788202978015
 21
50.58660748639994
 31
0.0
  0
ARC
  5
17E
330
2F
100
AcDbEntity
  8
A-DETL-GENF
100
AcDbCircle
 10
107.2637480191558
 20
10.11735776861811
 30
0.0
 40
41.89999998925382
100
AcDbArc
 50
105.0160657339176
 51
124.2049475840727
  0
LINE
  5
17F
330
2F
100
AcDbEntity
  8
A-DETL-GENF
100
AcDbLine
 10
83.70946209316523
 20
44.76999999999996
 30
0.0
 11
76.17560577662009
 21
44.76999999999996
 31
0.0
  0
LINE
  5
180
330
2F
100
AcDbEntity
  8
A-DETL-GENF
100
AcDbLine
 10
76.17560577662009
 20
44.76999999999996
 30
0.0
 11
76.17560577662009
 21
43.26999999999997
 31
0.0
  0
LINE
  5
181
330
2F
100
AcDbEntity
  8
A-DETL-GENF
100
AcDbLine
 10
76.17560577662009
 20
43.26999999999997
 30
0.0
 11
84.1756057764489
 21
43.26999999999997
 31
0.0
  0
ARC
  5
182
330
2F
100
AcDbEntity
  8
A-DETL-GENF
100
AcDbCircle
 10
107.2637480197432
 20
10.11735776598224
 30
0.0
 40
40.39999999187334
100
AcDbArc
 50
106.141838433436
 51
124.8541005776643
  0
LINE
  5
183
330
2F
100
AcDbEntity
  8
A-DETL-GENF
100
AcDbLine
 10
96.03189524128005
 20
48.92464422749996
 30
0.0
 11
96.99130242869026
 21
48.16279698381968
 31
0.0
  0
ARC
  5
184
330
2F
100
AcDbEntity
  8
A-DETL-GENF
100
AcDbCircle
 10
98.16598953042975
 20
47.23000000002515
 30
0.0
 40
1.499999999989771
100
AcDbArc
 50
264.3089598664661
 51
141.5475702502937
  0
ARC
  5
185
330
2F
100
AcDbEntity
  8
A-DETL-GENF
100
AcDbCircle
 10
99.01584795226101
 20
45.68458445008633
 30
0.0
 40
1.000000000000865
100
AcDbArc
 50
176.9728638786258
 51
274.9999999996674
  0
LINE
  5
186
330
2F
100
AcDbEntity
  8
A-DETL-GENF
100
AcDbLine
 10
99.10300369500298
 20
44.68838975199322
 30
0.0
 11
108.8781903724652
 21
45.54360777006368
 31
0.0
  0
LINE
  5
187
330
2F
100
AcDbEntity
  8
A-DETL-GENF
100
AcDbLine
 10
115.0628794585126
 20
-0.7232765290434781
 30
0.0
 11
110.7967305604279
 21
1.380908783876061
 31
0.0
  0
LINE
  5
188
330
2F
100
AcDbEntity
  8
A-DETL-GENF
100
AcDbLine
 10
110.7967305604279
 20
1.380908783876064
 30
0.0
 11
109.9357315442669
 21
1.045550206599403
 31
0.0
  0
ARC
  5
189
330
2F
100
AcDbEntity
  8
A-DETL-GENF
100
AcDbCircle
 10
109.4639091048755
 20
2.256906300180342
 30
0.0
 40
1.299999999911139
100
AcDbArc
 50
227.3987034127408
 51
291.280882435318
  0
LINE
  5
18A
330
2F
100
AcDbEntity
  8
A-DETL-GENF
100
AcDbLine
 10
108.5839486896044
 20
1.299999999999983
 30
0.0
 11
103.4159895304799
 21
1.299999999999983
 31
0.0
  0
LINE
  5
18B
330
2F
100
AcDbEntity
  8
A-DETL-GENF
100
AcDbLine
 10
103.4159895304799
 20
1.299999999999983
 30
0.0
 11
103.4159895304799
 21
2.645898033696672
 31
0.0
  0
ARC
  5
18C
330
2F
100
AcDbEntity
  8
A-DETL-GENF
100
AcDbCircle
 10
103.9159895305248
 20
2.645898033696666
 30
0.0
 40
0.5000000000448609
100
AcDbArc
 50
73.39845040317373
 51
179.9999999999996
  0
ARC
  5
18D
330
2F
100
AcDbEntity
  8
A-DETL-GENF
100
AcDbCircle
 10
104.9159895309248
 20
6.000000001756882
 30
0.0
 40
3.000000001804449
100
AcDbArc
 50
253.3984504031722
 51
271.2382572980909
  0
ARC
  5
18E
330
2F
100
AcDbEntity
  8
A-DETL-GENF
100
AcDbCircle
 10
105.3402535992979
 20
5.575735931121293
 30
0.0
 40
2.5999999999064
100
AcDbArc
 50
262.0537595320125
 51
30.45264358177211
  0
ARC
  5
18F
330
2F
100
AcDbEntity
  8
A-DETL-GENF
100
AcDbCircle
 10
107.2659895303204
 20
10.58000000000694
 30
0.0
 40
3.700000000024139
100
AcDbArc
 50
274.8929623635461
 51
72.54070065145163
  0
LINE
  5
190
330
2F
100
AcDbEntity
  8
A-DETL-GENF
100
AcDbLine
 10
108.3760940218801
 20
14.10954218249998
 30
0.0
 11
107.9873900537801
 21
12.6583602394
 31
0.0
  0
ARC
  5
191
330
2F
100
AcDbEntity
  8
A-DETL-GENF
100
AcDbCircle
 10
107.2659895304017
 20
10.5800000000225
 30
0.0
 40
2.199999999944511
100
AcDbArc
 50
333.2147657286659
 51
70.85807071183737
  0
ARC
  5
192
330
2F
100
AcDbEntity
  8
A-DETL-GENF
100
AcDbCircle
 10
107.2659895304017
 20
10.5800000000225
 30
0.0
 40
2.199999999944511
100
AcDbArc
 50
319.3888538050702
 51
326.3373823799093
  0
ARC
  5
193
330
2F
100
AcDbEntity
  8
A-DETL-GENF
100
AcDbCircle
 10
107.2659895304017
 20
10.5800000000225
 30
0.0
 40
2.19999999994452
100
AcDbArc
 50
306.5035669618587
 51
311.4058554753482
  0
ARC
  5
194
330
2F
100
AcDbEntity
  8
A-DETL-GENF
100
AcDbCircle
 10
107.2659895304017
 20
10.5800000000225
 30
0.0
 40
2.199999999944517
100
AcDbArc
 50
292.6555291588992
 51
296.474328570787
  0
ARC
  5
195
330
2F
100
AcDbEntity
  8
A-DETL-GENF
100
AcDbCircle
 10
107.2659895304017
 20
10.5800000000225
 30
0.0
 40
2.199999999944506
100
AcDbArc
 50
221.8166940479809
 51
281.5428016662258
  0
LINE
  5
196
330
2F
100
AcDbEntity
  8
A-DETL-GENF
100
AcDbLine
 10
105.6263696516801
 20
9.11315077359989
 30
0.0
 11
104.6303259465801
 21
9.182115553299992
 31
0.0
  0
ARC
  5
197
330
2F
100
AcDbEntity
  8
A-DETL-GENF
100
AcDbCircle
 10
104.7131079471523
 20
8.68901602946077
 30
0.0
 40
0.5000000000291934
100
AcDbArc
 50
99.52999999934585
 51
195.0000000011353
  0
LINE
  5
198
330
2F
100
AcDbEntity
  8
A-DETL-GENF
100
AcDbLine
 10
104.2301450339821
 20
8.559606506892372
 30
0.0
 11
104.5277609628165
 21
7.448888739428562
 31
0.0
  0
ARC
  5
199
330
2F
100
AcDbEntity
  8
A-DETL-GENF
100
AcDbCircle
 10
104.915989530587
 20
6.000000000096035
 30
0.0
 40
1.499999999932592
100
AcDbArc
 50
353.9424412630428
 51
105.0000000053071
  0
ARC
  5
19A
330
2F
100
AcDbEntity
  8
A-DETL-GENF
100
AcDbCircle
 10
105.3402535991909
 20
5.575735931289169
 30
0.0
 40
1.100000000011202
100
AcDbArc
 50
256.0075830098377
 51
13.99241699016687
  0
ARC
  5
19B
330
2F
100
AcDbEntity
  8
A-DETL-GENF
100
AcDbCircle
 10
104.9159895303839
 20
5.999999999892933
 30
0.0
 40
1.499999999932548
100
AcDbArc
 50
166.0449756233362
 51
276.057558736964
  0
ARC
  5
19C
330
2F
100
AcDbEntity
  8
A-DETL-GENF
100
AcDbCircle
 10
102.984137877863
 20
5.482361909817013
 30
0.0
 40
0.9999999999978497
100
AcDbArc
 50
61.56746343963056
 51
195.0000000008939
  0
LINE
  5
19D
330
2F
100
AcDbEntity
  8
A-DETL-GENF
100
AcDbLine
 10
102.0182120515801
 20
5.223542864699978
 30
0.0
 11
102.1164359946801
 21
4.24999999999999
 31
0.0
  0
LINE
  5
19E
330
2F
100
AcDbEntity
  8
A-DETL-GENF
100
AcDbLine
 10
102.1164359946801
 20
4.24999999999999
 30
0.0
 11
100.3586959894801
 21
4.24999999999999
 31
0.0
  0
LINE
  5
19F
330
2F
100
AcDbEntity
  8
A-DETL-GENF
100
AcDbLine
 10
100.3586959894801
 20
4.24999999999999
 30
0.0
 11
100.3586959894801
 21
3.249999999999988
 31
0.0
  0
LINE
  5
1A0
330
2F
100
AcDbEntity
  8
A-DETL-GENF
100
AcDbLine
 10
100.3586959894801
 20
3.249999999999988
 30
0.0
 11
101.91598953048
 21
3.249999999999988
 31
0.0
  0
LINE
  5
1A1
330
2F
100
AcDbEntity
  8
A-DETL-GENF
100
AcDbLine
 10
101.91598953048
 20
3.249999999999988
 30
0.0
 11
101.91598953048
 21
1.499999999999988
 31
0.0
  0
LINE
  5
1A2
330
2F
100
AcDbEntity
  8
A-DETL-GENF
100
AcDbLine
 10
101.91598953048
 20
1.499999999999988
 30
0.0
 11
101.4159895304812
 21
1.499999999999988
 31
0.0
  0
LINE
  5
1A3
330
2F
100
AcDbEntity
  8
A-DETL-GENF
100
AcDbLine
 10
96.41598953047978
 20
1.499999999999988
 30
0.0
 11
89.4159895304798
 21
1.499999999999988
 31
0.0
  0
LINE
  5
1A4
330
2F
100
AcDbEntity
  8
A-DETL-GENF
100
AcDbLine
 10
88.2298511208811
 20
1.499999999999988
 30
0.0
 11
85.11598953048006
 21
1.499999999999988
 31
0.0
  0
LINE
  5
1A5
330
2F
100
AcDbEntity
  8
A-DETL-GENF
100
AcDbLine
 10
85.11598953048006
 20
1.499999999999988
 30
0.0
 11
85.11598953048006
 21
10.3000000000606
 31
0.0
  0
LINE
  5
1A6
330
2F
100
AcDbEntity
  8
A-DETL-GENF
100
AcDbLine
 10
85.11598953048006
 20
10.3000000000606
 30
0.0
 11
86.11996412671515
 21
10.3000000000606
 31
0.0
  0
LINE
  5
1A7
330
2F
100
AcDbEntity
  8
A-DETL-GENF
100
AcDbLine
 10
86.11996412671515
 20
10.3000000000606
 30
0.0
 11
86.55297682858011
 21
11.04999999999999
 31
0.0
  0
ARC
  5
1A8
330
2F
100
AcDbEntity
  8
A-DETL-GENF
100
AcDbCircle
 10
86.11996412669176
 20
11.30000000000222
 30
0.0
 40
0.4999999999977528
100
AcDbArc
 50
329.9999999995565
 51
90.0000000013402
  0
LINE
  5
1A9
330
2F
100
AcDbEntity
  8
A-DETL-GENF
100
AcDbLine
 10
86.11996412669176
 20
11.79999999999999
 30
0.0
 11
85.31598953036203
 21
11.79999999999999
 31
0.0
  0
ARC
  5
1AA
330
2F
100
AcDbEntity
  8
A-DETL-GENF
100
AcDbCircle
 10
85.31598953036203
 20
10.10000000011804
 30
0.0
 40
1.699999999881949
100
AcDbArc
 50
89.99999999999999
 51
180.0000000000001
  0
LINE
  5
1AB
330
2F
100
AcDbEntity
  8
A-DETL-GENF
100
AcDbLine
 10
83.61598953048006
 20
10.10000000011803
 30
0.0
 11
83.61598953048006
 21
1.499999999999988
 31
0.0
  0
LINE
  5
1AC
330
2F
100
AcDbEntity
  8
A-DETL-GENF
100
AcDbLine
 10
83.61598953048006
 20
1.499999999999988
 30
0.0
 11
67.27598953048
 21
1.499999999999988
 31
0.0
  0
LINE
  5
1AD
330
2F
100
AcDbEntity
  8
A-DETL-GENF
100
AcDbLine
 10
67.27598953048
 20
1.499999999999988
 30
0.0
 11
67.27598953048
 21
22.37000000039997
 31
0.0
  0
LINE
  5
1AE
330
2F
100
AcDbEntity
  8
A-DETL-GENF
100
AcDbLine
 10
67.27598953048
 20
22.37000000039997
 30
0.0
 11
69.21598953054807
 21
22.37000000039997
 31
0.0
  0
ARC
  5
1AF
330
2F
100
AcDbEntity
  8
A-DETL-GENF
100
AcDbCircle
 10
69.21598953054807
 20
24.07000000013185
 30
0.0
 40
1.699999999931875
100
AcDbArc
 50
269.9999999999996
 51
359.9999999999996
  0
LINE
  5
1B0
330
2F
100
AcDbEntity
  8
A-DETL-GENF
100
AcDbLine
 10
70.91598953047995
 20
24.07000000013185
 30
0.0
 11
70.91598953047995
 21
24.88227065087096
 31
0.0
  0
ARC
  5
1B1
330
2F
100
AcDbEntity
  8
A-DETL-GENF
100
AcDbCircle
 10
72.94857778842689
 20
27.73158371945908
 30
0.0
 40
3.499999998452973
100
AcDbArc
 50
234.4974278688845
 51
255.9999999994115
  0
LINE
  5
1B2
330
2F
100
AcDbEntity
  8
A-DETL-GENF
100
AcDbLine
 10
72.10185115416745
 20
24.33554867900286
 30
0.0
 11
76.73199796843592
 21
23.18112342088012
 31
0.0
  0
LINE
  5
1B3
330
2F
100
AcDbEntity
  8
A-DETL-GENF
100
AcDbLine
 10
76.73199796843592
 20
23.18112342088012
 30
0.0
 11
77.60894299435031
 21
24.50839691297876
 31
0.0
  0
LINE
  5
1B4
330
2F
100
AcDbEntity
  8
A-DETL-GENF
100
AcDbLine
 10
77.60894299435031
 20
24.50839691297876
 30
0.0
 11
72.46473399796551
 21
25.79099226830355
 31
0.0
  0
ARC
  5
1B5
330
2F
100
AcDbEntity
  8
A-DETL-GENF
100
AcDbCircle
 10
72.94857778923001
 20
27.73158372104409
 30
0.0
 40
2.000000000198709
100
AcDbArc
 50
202.9791375782673
 51
255.9999999994944
  0
ARC
  5
1B6
330
2F
100
AcDbEntity
  8
A-DETL-GENF
100
AcDbCircle
 10
69.26598953024978
 20
26.16999999985374
 30
0.0
 40
2.00000000023451
100
AcDbArc
 50
22.97913757826695
 51
64.32071137508785
  0
ARC
  5
1B7
330
2F
100
AcDbEntity
  8
A-DETL-GENF
100
AcDbCircle
 10
69.91598953048008
 20
27.5218505834627
 30
0.0
 40
0.5000000000000979
100
AcDbArc
 50
64.32071137508623
 51
179.9999999999996
  0
LINE
  5
1B8
330
2F
100
AcDbEntity
  8
A-DETL-GENF
100
AcDbLine
 10
69.41598953047995
 20
27.5218505834627
 30
0.0
 11
69.41598953047995
 21
23.86999999999997
 31
0.0
  0
LINE
  5
1B9
330
2F
100
AcDbEntity
  8
A-DETL-GENF
100
AcDbLine
 10
69.41598953047995
 20
23.86999999999997
 30
0.0
 11
64.76598953048007
 21
23.86999999999997
 31
0.0
  0
LINE
  5
1BA
330
2F
100
AcDbEntity
  8
A-DETL-GENF
100
AcDbLine
 10
64.76598953048007
 20
23.86999999999997
 30
0.0
 11
64.76598953048007
 21
26.39487066847995
 31
0.0
  0
LINE
  5
1BB
330
2F
100
AcDbEntity
  8
A-DETL-GENF
100
AcDbLine
 10
64.76598953048007
 20
26.39487066847995
 30
0.0
 11
65.75741088678005
 21
27.02857864380001
 31
0.0
  0
LINE
  5
1BC
330
2F
100
AcDbEntity
  8
A-DETL-GENF
100
AcDbLine
 10
65.75741088678005
 20
27.02857864380001
 30
0.0
 11
64.73033578646523
 21
28.05565374411485
 31
0.0
  0
ARC
  5
1BD
330
2F
100
AcDbEntity
  8
A-DETL-GENF
100
AcDbCircle
 10
64.26598953040416
 20
27.17000000007588
 30
0.0
 40
0.9999999999240912
100
AcDbArc
 50
62.33207893020713
 51
180.0
  0
LINE
  5
1BE
330
2F
100
AcDbEntity
  8
A-DETL-GENF
100
AcDbLine
 10
63.26598953048007
 20
27.17000000007588
 30
0.0
 11
63.26598953048007
 21
24.06999999988193
 31
0.0
  0
ARC
  5
1BF
330
2F
100
AcDbEntity
  8
A-DETL-GENF
100
AcDbCircle
 10
64.96598953036202
 20
24.06999999988193
 30
0.0
 40
1.699999999881967
100
AcDbArc
 50
180.0000000000001
 51
269.9999999999993
  0
LINE
  5
1C0
330
2F
100
AcDbEntity
  8
A-DETL-GENF
100
AcDbLine
 10
64.96598953036201
 20
22.36999999999997
 30
0.0
 11
65.77598953048
 21
22.36999999999996
 31
0.0
  0
LINE
  5
1C1
330
2F
100
AcDbEntity
  8
A-DETL-GENF
100
AcDbLine
 10
65.77598953048
 20
22.36999999999996
 30
0.0
 11
65.77598953048
 21
8.999999999999984
 31
0.0
  0
LINE
  5
1C2
330
2F
100
AcDbEntity
  8
A-DETL-GENF
100
AcDbLine
 10
65.77598953048
 20
8.999999999999984
 30
0.0
 11
60.27598953052002
 21
8.999999999999984
 31
0.0
  0
LINE
  5
1C3
330
2F
100
AcDbEntity
  8
A-DETL-GENF
100
AcDbLine
 10
60.27598953052002
 20
8.999999999999984
 30
0.0
 11
60.27598953052002
 21
7.59999999999998
 31
0.0
  0
LINE
  5
1C4
330
2F
100
AcDbEntity
  8
A-DETL-GENF
100
AcDbLine
 10
60.27598953052002
 20
7.59999999999998
 30
0.0
 11
65.77598953048
 21
7.59999999999998
 31
0.0
  0
LINE
  5
1C5
330
2F
100
AcDbEntity
  8
A-DETL-GENF
100
AcDbLine
 10
65.77598953048
 20
7.59999999999998
 30
0.0
 11
65.77598953048
 21
1.399999999999935
 31
0.0
  0
LINE
  5
1C6
330
2F
100
AcDbEntity
  8
A-DETL-GENF
100
AcDbLine
 10
65.77598953048
 20
1.399999999999935
 30
0.0
 11
62.92598953048002
 21
1.399999999999935
 31
0.0
  0
LINE
  5
1C7
330
2F
100
AcDbEntity
  8
A-DETL-GENF
100
AcDbLine
 10
62.92598953048002
 20
1.399999999999935
 30
0.0
 11
62.92598953048002
 21
2.299999999959962
 31
0.0
  0
LINE
  5
1C8
330
2F
100
AcDbEntity
  8
A-DETL-GENF
100
AcDbLine
 10
62.92598953048002
 20
2.299999999959962
 30
0.0
 11
60.77598953047999
 21
2.299999999959969
 31
0.0
  0
LINE
  5
1C9
330
2F
100
AcDbEntity
  8
A-DETL-GENF
100
AcDbLine
 10
60.77598953047999
 20
2.299999999959969
 30
0.0
 11
60.77598953047999
 21
0.4999999999970354
 31
0.0
  0
ARC
  5
1CA
330
2F
100
AcDbEntity
  8
A-DETL-GENF
100
AcDbCircle
 10
61.27598953047704
 20
0.4999999999970375
 30
0.0
 40
0.499999999997046
100
AcDbArc
 50
180.0000000000001
 51
269.9999999999998
  0
LINE
  5
1CB
330
2F
100
AcDbEntity
  8
A-DETL-GENF
100
AcDbLine
 10
62.56379907675118
 20
-8.5e-15
 30
0.0
 11
108.3885608117227
 21
-8.5e-15
 31
0.0
  0
ARC
  5
1CC
330
2F
100
AcDbEntity
  8
A-DETL-GENF
100
AcDbCircle
 10
109.463909104862
 20
2.256906300404399
 30
0.0
 40
2.500000000072556
100
AcDbArc
 50
244.5235981118225
 51
299.7992784201897
  0
LINE
  5
1CD
330
2F
100
AcDbEntity
  8
A-DETL-GENF
100
AcDbLine
 10
110.7063166858957
 20
0.0874770199361828
 30
0.0
 11
114.7561189230211
 21
-1.910000000049631
 31
0.0
  0
LINE
  5
1CE
330
2F
100
AcDbEntity
  8
A-DETL-GENF
100
AcDbLine
 10
114.7561189230211
 20
-1.910000000049631
 30
0.0
 11
119.9866675223806
 21
-2.159674264700067
 31
0.0
  0
LINE
  5
1CF
330
2F
100
AcDbEntity
  8
A-DETL-GENF
100
AcDbLine
 10
119.9866675223806
 20
-2.159674264700066
 30
0.0
 11
123.1014081467799
 21
-2.159674264700066
 31
0.0
  0
LINE
  5
1D0
330
2F
100
AcDbEntity
  8
A-DETL-GENF
100
AcDbLine
 10
123.1014081467799
 20
-2.159674264700066
 30
0.0
 11
122.9964217505488
 21
-0.9596742647000688
 31
0.0
  0
LINE
  5
1D1
330
2F
100
AcDbEntity
  8
A-DETL-GENF
100
AcDbLine
 10
122.9964217505488
 20
-0.9596742647000688
 30
0.0
 11
120.0152915412808
 21
-0.9596742647000688
 31
0.0
  0
LINE
  5
1D2
330
2F
100
AcDbEntity
  8
A-DETL-GENF
100
AcDbLine
 10
120.0152915412808
 20
-0.959674264700069
 30
0.0
 11
115.0628794585126
 21
-0.7232765290434826
 31
0.0
  0
LINE
  5
1D3
330
2F
100
AcDbEntity
  8
A-DETL-GENF
100
AcDbLine
 10
97.46436635598012
 20
5.028385321600025
 30
0.0
 11
88.5522219596801
 21
5.028385321600025
 31
0.0
  0
ARC
  5
1D4
330
2F
100
AcDbEntity
  8
A-DETL-GENF
100
AcDbCircle
 10
88.5522219596801
 20
6.028385321600023
 30
0.0
 40
0.9999999999995738
100
AcDbArc
 50
199.9999999990441
 51
269.9999999999997
  0
LINE
  5
1D5
330
2F
100
AcDbEntity
  8
A-DETL-GENF
100
AcDbLine
 10
87.61252933888426
 20
5.68636517828849
 30
0.0
 11
87.127065357767
 21
7.020166504435922
 31
0.0
  0
ARC
  5
1D6
330
2F
100
AcDbEntity
  8
A-DETL-GENF
100
AcDbCircle
 10
90.41598953047956
 20
8.217237005999875
 30
0.0
 40
3.499999999996663
100
AcDbArc
 50
179.9999999999995
 51
199.9999999990459
  0
LINE
  5
1D7
330
2F
100
AcDbEntity
  8
A-DETL-GENF
100
AcDbLine
 10
86.91598953047998
 20
8.217237005999923
 30
0.0
 11
86.91598953047998
 21
10.07838532160003
 31
0.0
  0
LINE
  5
1D8
330
2F
100
AcDbEntity
  8
A-DETL-GENF
100
AcDbLine
 10
86.91598953047998
 20
10.07838532160003
 30
0.0
 11
85.91598953047998
 21
10.07838532160003
 31
0.0
  0
ARC
  5
1D9
330
2F
100
AcDbEntity
  8
A-DETL-GENF
100
AcDbCircle
 10
85.91598953047998
 20
9.578385321600022
 30
0.0
 40
0.4999999999999858
100
AcDbArc
 50
90.0
 51
179.9999999999998
  0
LINE
  5
1DA
330
2F
100
AcDbEntity
  8
A-DETL-GENF
100
AcDbLine
 10
85.41598953047998
 20
9.578385321600024
 30
0.0
 11
85.41598953047998
 21
8.217237005999916
 31
0.0
  0
ARC
  5
1DB
330
2F
100
AcDbEntity
  8
A-DETL-GENF
100
AcDbCircle
 10
90.41598953048062
 20
8.217237006000042
 30
0.0
 40
4.999999999998518
100
AcDbArc
 50
180.0000000000013
 51
199.99999999979
  0
LINE
  5
1DC
330
2F
100
AcDbEntity
  8
A-DETL-GENF
100
AcDbLine
 10
85.71752642657957
 20
6.507136289401571
 30
0.0
 11
87.29015850008874
 21
2.186365178276186
 31
0.0
  0
ARC
  5
1DD
330
2F
100
AcDbEntity
  8
A-DETL-GENF
100
AcDbCircle
 10
88.2298511208801
 20
2.528385321599983
 30
0.0
 40
0.9999999999980913
100
AcDbArc
 50
199.9999999997921
 51
269.9999999999997
  0
LINE
  5
1DE
330
2F
100
AcDbEntity
  8
A-DETL-GENF
100
AcDbLine
 10
88.2298511208801
 20
1.528385321601887
 30
0.0
 11
89.41598953047998
 21
1.528385321601894
 31
0.0
  0
LINE
  5
1DF
330
2F
100
AcDbEntity
  8
A-DETL-GENF
100
AcDbLine
 10
89.41598953047998
 20
1.528385321601894
 30
0.0
 11
89.41598953047998
 21
2.999999999999986
 31
0.0
  0
LINE
  5
1E0
330
2F
100
AcDbEntity
  8
A-DETL-GENF
100
AcDbLine
 10
89.41598953047998
 20
2.999999999999986
 30
0.0
 11
96.41598953047998
 21
2.999999999999964
 31
0.0
  0
LINE
  5
1E1
330
2F
100
AcDbEntity
  8
A-DETL-GENF
100
AcDbLine
 10
96.41598953047998
 20
2.999999999999964
 30
0.0
 11
96.41598953047998
 21
1.500000000000004
 31
0.0
  0
LINE
  5
1E2
330
2F
100
AcDbEntity
  8
A-DETL-GENF
100
AcDbLine
 10
96.41598953047998
 20
1.500000000000004
 30
0.0
 11
101.4159895304799
 21
1.499999999999988
 31
0.0
  0
LINE
  5
1E3
330
2F
100
AcDbEntity
  8
A-DETL-GENF
100
AcDbLine
 10
101.4159895304799
 20
1.499999999999988
 30
0.0
 11
101.4159895304799
 21
3.045195620532964
 31
0.0
  0
LINE
  5
1E4
330
2F
100
AcDbEntity
  8
A-DETL-GENF
100
AcDbLine
 10
101.4159895304799
 20
3.045195620532964
 30
0.0
 11
100.1854524544215
 21
3.045195620532968
 31
0.0
  0
ARC
  5
1E5
330
2F
100
AcDbEntity
  8
A-DETL-GENF
100
AcDbCircle
 10
113.6273155047796
 20
9.667023424099899
 30
0.0
 40
14.98440141362591
100
AcDbArc
 50
175.4631262297958
 51
206.2261128169788
  0
LINE
  5
1E6
330
2F
100
AcDbEntity
  8
A-DETL-GENF
100
AcDbLine
 10
98.68986571306596
 20
10.85229952894096
 30
0.0
 11
99.3485162047744
 21
11.59352642447612
 31
0.0
  0
ARC
  5
1E7
330
2F
100
AcDbEntity
  8
A-DETL-GENF
100
AcDbCircle
 10
104.9713765617405
 20
11.22153532696794
 30
0.0
 40
5.623621394869928
100
AcDbArc
 50
153.9364911236593
 51
166.9676581665151
  0
LINE
  5
1E8
330
2F
100
AcDbEntity
  8
A-DETL-GENF
100
AcDbLine
 10
99.8973628093896
 20
13.70522849026005
 30
0.0
 11
98.6986190308018
 21
14.39732353351712
 31
0.0
  0
ARC
  5
1E9
330
2F
100
AcDbEntity
  8
A-DETL-GENF
100
AcDbCircle
 10
98.60233961228006
 20
13.80509868299995
 30
0.0
 40
0.6000000000008054
100
AcDbArc
 50
80.76607200408424
 51
164.6017460489372
  0
ARC
  5
1EA
330
2F
100
AcDbEntity
  8
A-DETL-GENF
100
AcDbCircle
 10
113.6273155047801
 20
9.667023423999938
 30
0.0
 40
16.18440141360477
100
AcDbArc
 50
164.6017460489372
 51
194.362407589693
  0
ARC
  5
1EB
330
2F
100
AcDbEntity
  8
A-DETL-GENF
100
AcDbCircle
 10
97.46436635598012
 20
5.528385321600021
 30
0.0
 40
0.5000000000019131
100
AcDbArc
 50
269.9999999999997
 51
14.36240758970738
  0
ARC
  5
1EC
330
2F
100
AcDbEntity
  8
A-DETL-GENF
100
AcDbCircle
 10
49.84159864124104
 20
2.150000003229627
 30
0.0
 40
2.040678346033587
100
AcDbArc
 50
341.426462846266
 51
77.70964398509338
  0
LINE
  5
1ED
330
2F
100
AcDbEntity
  8
A-DETL-GENF
100
AcDbLine
 10
50.27598953037988
 20
4.143908894679667
 30
0.0
 11
50.27598953037989
 21
5.850000003219602
 31
0.0
  0
LINE
  5
1EE
330
2F
100
AcDbEntity
  8
A-DETL-GENF
100
AcDbLine
 10
50.27598953037989
 20
5.850000003219602
 30
0.0
 11
60.0759895303799
 21
5.850000003219544
 31
0.0
  0
LINE
  5
1EF
330
2F
100
AcDbEntity
  8
A-DETL-GENF
100
AcDbLine
 10
60.0759895303799
 20
5.850000003219544
 30
0.0
 11
60.07598953037988
 21
4.143908894699531
 31
0.0
  0
ARC
  5
1F0
330
2F
100
AcDbEntity
  8
A-DETL-GENF
100
AcDbCircle
 10
60.77068603618643
 20
2.002317749040307
 30
0.0
 40
2.251447505571876
100
AcDbArc
 50
107.9721996289456
 51
192.8916935400634
  0
LINE
  5
1F1
330
2F
100
AcDbEntity
  8
A-DETL-GENF
100
AcDbLine
 10
58.57598953037989
 20
1.50000000323958
 30
0.0
 11
51.77598953037988
 21
1.50000000323962
 31
0.0
  0
LINE
  5
1F2
330
2F
100
AcDbEntity
  8
A-DETL-GENF
100
AcDbLine
 10
58.27995897350281
 20
7.350000003219554
 30
0.0
 11
52.07202008725701
 21
7.350000003219591
 31
0.0
  0
LINE
  5
1F3
330
2F
100
AcDbEntity
  8
A-DETL-GENF
100
AcDbLine
 10
52.07202008725701
 20
7.350000003219591
 30
0.0
 11
52.07202008725701
 21
9.006505403012508
 31
0.0
  0
LINE
  5
1F4
330
2F
100
AcDbEntity
  8
A-DETL-GENF
100
AcDbLine
 10
52.07202008725701
 20
9.006505403012508
 30
0.0
 11
50.592999273189
 21
9.006505403012516
 31
0.0
  0
LINE
  5
1F5
330
2F
100
AcDbEntity
  8
A-DETL-GENF
100
AcDbLine
 10
50.592999273189
 20
9.006505403012516
 30
0.0
 11
50.59299927318899
 21
7.350000003219604
 31
0.0
  0
LINE
  5
1F6
330
2F
100
AcDbEntity
  8
A-DETL-GENF
100
AcDbLine
 10
50.59299927318899
 20
7.350000003219604
 30
0.0
 11
48.77598953037989
 21
7.350000003219611
 31
0.0
  0
LINE
  5
1F7
330
2F
100
AcDbEntity
  8
A-DETL-GENF
100
AcDbLine
 10
48.77598953037989
 20
7.350000003219611
 30
0.0
 11
48.77598953037987
 21
4.301509504301765
 31
0.0
  0
LINE
  5
1F8
330
2F
100
AcDbEntity
  8
A-DETL-GENF
100
AcDbLine
 10
48.77598953037987
 20
4.301509504301765
 30
0.0
 11
47.7759895303799
 21
4.301509504301772
 31
0.0
  0
ARC
  5
1F9
330
2F
100
AcDbEntity
  8
A-DETL-GENF
100
AcDbCircle
 10
47.79084303960233
 20
2.278526427959326
 30
0.0
 40
2.02303760565743
100
AcDbArc
 50
90.42067979037964
 51
185.5793202096176
  0
ARC
  5
1FA
330
2F
100
AcDbEntity
  8
A-DETL-GENF
100
AcDbCircle
 10
46.51471557173799
 20
2.249747695105969
 30
0.0
 40
0.7562030391729481
100
AcDbArc
 50
192.828967070756
 51
347.1710329292401
  0
LINE
  5
1FB
330
2F
100
AcDbEntity
  8
A-DETL-GENF
100
AcDbLine
 10
47.25204168174883
 20
2.081839255917582
 30
0.0
 11
47.5869255380021
 21
2.800000003219642
 31
0.0
  0
LINE
  5
1FC
330
2F
100
AcDbEntity
  8
A-DETL-GENF
100
AcDbLine
 10
47.5869255380021
 20
2.800000003219642
 30
0.0
 11
47.77598953050043
 21
2.800000003219641
 31
0.0
  0
LINE
  5
1FD
330
2F
100
AcDbEntity
  8
A-DETL-GENF
100
AcDbLine
 10
49.57598953047867
 20
2.80000000321963
 30
0.0
 11
49.77598953037988
 21
2.800000003219629
 31
0.0
  0
LINE
  5
1FE
330
2F
100
AcDbEntity
  8
A-DETL-GENF
100
AcDbLine
 10
49.77598953037988
 20
2.800000003219629
 30
0.0
 11
49.77598953037986
 21
3.2396186e-09
 31
0.0
  0
LINE
  5
1FF
330
2F
100
AcDbEntity
  8
A-DETL-GENF
100
AcDbLine
 10
49.77598953037986
 20
3.2396188e-09
 30
0.0
 11
52.56379907675189
 21
3.2396023e-09
 31
0.0
  0
LINE
  5
200
330
2F
100
AcDbEntity
  8
A-DETL-GENF
100
AcDbLine
 10
60.57598953037987
 20
3.2395548e-09
 30
0.0
 11
60.57598953037988
 21
2.799999999999587
 31
0.0
  0
LINE
  5
201
330
2F
100
AcDbEntity
  8
A-DETL-GENF
100
AcDbLine
 10
60.57598953037988
 20
2.799999999999587
 30
0.0
 11
62.76505352425918
 21
2.799999999999574
 31
0.0
  0
LINE
  5
202
330
2F
100
AcDbEntity
  8
A-DETL-GENF
100
AcDbLine
 10
62.76505352425918
 20
2.799999999999575
 30
0.0
 11
63.09993737901093
 21
2.081839255917499
 31
0.0
  0
ARC
  5
203
330
2F
100
AcDbEntity
  8
A-DETL-GENF
100
AcDbCircle
 10
63.83726348902178
 20
2.249747695105866
 30
0.0
 40
0.7562030391729443
100
AcDbArc
 50
192.8289670707574
 51
347.1710329292565
  0
ARC
  5
204
330
2F
100
AcDbEntity
  8
A-DETL-GENF
100
AcDbCircle
 10
62.67862589794807
 20
2.38194186275774
 30
0.0
 40
1.919567641543941
100
AcDbArc
 50
351.0055583919216
 51
89.99999999999957
  0
LINE
  5
205
330
2F
100
AcDbEntity
  8
A-DETL-GENF
100
AcDbLine
 10
62.67862589794807
 20
4.301509504301678
 30
0.0
 11
61.57598953037989
 21
4.301509504301685
 31
0.0
  0
LINE
  5
206
330
2F
100
AcDbEntity
  8
A-DETL-GENF
100
AcDbLine
 10
61.57598953037989
 20
4.301509504301685
 30
0.0
 11
61.57598953037989
 21
7.350000003239552
 31
0.0
  0
LINE
  5
207
330
2F
100
AcDbEntity
  8
A-DETL-GENF
100
AcDbLine
 10
61.57598953037989
 20
7.350000003239552
 30
0.0
 11
59.77598953027993
 21
7.350000003239562
 31
0.0
  0
LINE
  5
208
330
2F
100
AcDbEntity
  8
A-DETL-GENF
100
AcDbLine
 10
59.77598953027993
 20
7.350000003239562
 30
0.0
 11
59.77598953027994
 21
8.99999999999957
 31
0.0
  0
LINE
  5
209
330
2F
100
AcDbEntity
  8
A-DETL-GENF
100
AcDbLine
 10
59.77598953027994
 20
8.99999999999957
 30
0.0
 11
58.27995897350283
 21
8.999999999999579
 31
0.0
  0
LINE
  5
20A
330
2F
100
AcDbEntity
  8
A-DETL-GENF
100
AcDbLine
 10
58.27995897350283
 20
8.999999999999579
 30
0.0
 11
58.27995897350281
 21
7.350000003219554
 31
0.0
  0
ARC
  5
20B
330
2F
100
AcDbEntity
  8
A-DETL-GENF
100
AcDbCircle
 10
35.91043830840515
 20
16.03113111524282
 30
0.0
 40
3.499999998695652
100
AcDbArc
 50
111.5487700076194
 51
130.3030506636994
  0
LINE
  5
20C
330
2F
100
AcDbEntity
  8
A-DETL-GENF
100
AcDbLine
 10
34.62491258945482
 20
19.28649954551102
 30
0.0
 11
47.12598953048
 21
24.22310081400122
 31
0.0
  0
LINE
  5
20D
330
2F
100
AcDbEntity
  8
A-DETL-GENF
100
AcDbLine
 10
47.12598953048
 20
24.22310081400122
 30
0.0
 11
47.12598953048
 21
9.39970566451987
 31
0.0
  0
LINE
  5
20E
330
2F
100
AcDbEntity
  8
A-DETL-GENF
100
AcDbLine
 10
47.12598953048
 20
9.39970566451987
 30
0.0
 11
44.54045562429938
 21
6.814171758219254
 31
0.0
  0
ARC
  5
20F
330
2F
100
AcDbEntity
  8
A-DETL-GENF
100
AcDbCircle
 10
48.07598952991376
 20
3.278637852768949
 30
0.0
 40
4.999999999433756
100
AcDbArc
 50
135.0000000013293
 51
179.9999999999998
  0
LINE
  5
210
330
2F
100
AcDbEntity
  8
A-DETL-GENF
100
AcDbLine
 10
43.07598953047999
 20
3.278637852768928
 30
0.0
 11
43.07598953047999
 21
1.528385321099978
 31
0.0
  0
LINE
  5
211
330
2F
100
AcDbEntity
  8
A-DETL-GENF
100
AcDbLine
 10
43.07598953047999
 20
1.528385321099978
 30
0.0
 11
34.96598953048005
 21
1.528385321099978
 31
0.0
  0
LINE
  5
212
330
2F
100
AcDbEntity
  8
A-DETL-GENF
100
AcDbLine
 10
34.96598953048005
 20
1.528385321099978
 30
0.0
 11
34.96598953048005
 21
3.198037938412212
 31
0.0
  0
ARC
  5
213
330
2F
100
AcDbEntity
  8
A-DETL-GENF
100
AcDbCircle
 10
34.51650222796982
 20
5.758889586329583
 30
0.0
 40
2.599999999569043
100
AcDbArc
 50
279.9552951498439
 51
326.4045828964309
  0
ARC
  5
214
330
2F
100
AcDbEntity
  8
A-DETL-GENF
100
AcDbCircle
 10
34.2159895306794
 20
6.028385321543641
 30
0.0
 40
2.999999999895827
100
AcDbArc
 50
325.292984882311
 51
49.11115684018986
  0
LINE
  5
215
330
2F
100
AcDbEntity
  8
A-DETL-GENF
100
AcDbLine
 10
36.17977038701163
 20
8.2963281664315
 30
0.0
 11
35.11360914658008
 21
7.230166925999948
 31
0.0
  0
ARC
  5
216
330
2F
100
AcDbEntity
  8
A-DETL-GENF
100
AcDbCircle
 10
34.2159895305679
 20
6.028385321553929
 30
0.0
 40
1.499999999944895
100
AcDbArc
 50
308.9424412676547
 51
53.24367297133722
  0
ARC
  5
217
330
2F
100
AcDbEntity
  8
A-DETL-GENF
100
AcDbCircle
 10
34.21598953051198
 20
5.428385321557559
 30
0.0
 40
1.09999999998613
100
AcDbArc
 50
211.0075830005392
 51
328.9924169937564
  0
ARC
  5
218
330
2F
100
AcDbEntity
  8
A-DETL-GENF
100
AcDbCircle
 10
34.21598953039219
 20
6.028385321653891
 30
0.0
 40
1.499999999944951
100
AcDbArc
 50
126.7563270286602
 51
231.0575587327124
  0
LINE
  5
219
330
2F
100
AcDbEntity
  8
A-DETL-GENF
100
AcDbLine
 10
33.31836991438005
 20
7.230166926099999
 30
0.0
 11
32.25220867399551
 21
8.296328166484534
 31
0.0
  0
ARC
  5
21A
330
2F
100
AcDbEntity
  8
A-DETL-GENF
100
AcDbCircle
 10
34.21598953028441
 20
6.028385321647326
 30
0.0
 40
2.999999999829174
100
AcDbArc
 50
130.8888431598178
 51
226.238257299875
  0
ARC
  5
21B
330
2F
100
AcDbEntity
  8
A-DETL-GENF
100
AcDbCircle
 10
34.21598953025699
 20
5.428385321556186
 30
0.0
 40
2.599999999816773
100
AcDbArc
 50
217.0537595243221
 51
253.2341270312454
  0
LINE
  5
21C
330
2F
100
AcDbEntity
  8
A-DETL-GENF
100
AcDbLine
 10
33.46598953048006
 20
2.938907464779421
 30
0.0
 11
33.46598953048006
 21
1.528385321599975
 31
0.0
  0
LINE
  5
21D
330
2F
100
AcDbEntity
  8
A-DETL-GENF
100
AcDbLine
 10
33.46598953048006
 20
1.528385321599975
 30
0.0
 11
16.44708723916033
 21
1.528385321599975
 31
0.0
  0
ARC
  5
21E
330
2F
100
AcDbEntity
  8
A-DETL-GENF
100
AcDbCircle
 10
19.94165538952606
 20
1.333466232811784
 30
0.0
 40
3.500000001246364
100
AcDbArc
 50
134.1473653129572
 51
176.8074793827479
  0
LINE
  5
21F
330
2F
100
AcDbEntity
  8
A-DETL-GENF
100
AcDbLine
 10
17.50388361916732
 20
3.844893875481711
 30
0.0
 11
27.00462674643282
 21
13.06699647544167
 31
0.0
  0
LINE
  5
220
330
2F
100
AcDbEntity
  8
A-DETL-GENF
100
AcDbLine
 10
27.00462674643278
 20
13.06699647544163
 30
0.0
 11
33.64653195754107
 21
18.70034973225171
 31
0.0
  0
ARC
  5
221
330
2F
100
AcDbEntity
  8
A-DETL-GENF
100
AcDbCircle
 10
19.94165538992479
 20
1.333466232580795
 30
0.0
 40
5.000000001710129
100
AcDbArc
 50
134.1473653123395
 51
166.2760865780378
  0
LINE
  5
222
330
2F
100
AcDbEntity
  8
A-DETL-GENF
100
AcDbLine
 10
15.08440445461677
 20
2.519684327431273
 30
0.0
 11
14.77814414178247
 21
1.265628941309677
 31
0.0
  0
ARC
  5
223
330
2F
100
AcDbEntity
  8
A-DETL-GENF
100
AcDbCircle
 10
15.74959432852808
 20
1.028385322416757
 30
0.0
 40
1.00000000001674
100
AcDbArc
 50
166.276086578038
 51
269.9999999999997
  0
LINE
  5
224
330
2F
100
AcDbEntity
  8
A-DETL-GENF
100
AcDbLine
 10
15.74959432852808
 20
0.0283853224000141
 30
0.0
 11
49.57598953048001
 21
0.0283853224000141
 31
0.0
  0
LINE
  5
225
330
2F
100
AcDbEntity
  8
A-DETL-GENF
100
AcDbLine
 10
49.57598953048001
 20
0.0283853224000141
 30
0.0
 11
49.57598953048001
 21
2.800000000099942
 31
0.0
  0
LINE
  5
226
330
2F
100
AcDbEntity
  8
A-DETL-GENF
100
AcDbLine
 10
49.57598953048001
 20
2.800000000099942
 30
0.0
 11
47.7759895305
 21
2.800000000099942
 31
0.0
  0
LINE
  5
227
330
2F
100
AcDbEntity
  8
A-DETL-GENF
100
AcDbLine
 10
47.7759895305
 20
2.800000000099942
 30
0.0
 11
47.22598953046008
 21
1.428385320899975
 31
0.0
  0
LINE
  5
228
330
2F
100
AcDbEntity
  8
A-DETL-GENF
100
AcDbLine
 10
47.22598953046008
 20
1.428385320899975
 30
0.0
 11
44.57598953048001
 21
1.428385320899975
 31
0.0
  0
LINE
  5
229
330
2F
100
AcDbEntity
  8
A-DETL-GENF
100
AcDbLine
 10
44.57598953048001
 20
1.428385320899975
 30
0.0
 11
44.57598953048001
 21
3.2786378527041
 31
0.0
  0
ARC
  5
22A
330
2F
100
AcDbEntity
  8
A-DETL-GENF
100
AcDbCircle
 10
48.07598953021435
 20
3.278637852704095
 30
0.0
 40
3.49999999973434
100
AcDbArc
 50
134.9999999996845
 51
180.0
  0
LINE
  5
22B
330
2F
100
AcDbEntity
  8
A-DETL-GENF
100
AcDbLine
 10
45.6011157962529
 20
5.753511586692797
 30
0.0
 11
47.41741088678008
 21
7.569806677199978
 31
0.0
  0
LINE
  5
22C
330
2F
100
AcDbEntity
  8
A-DETL-GENF
100
AcDbLine
 10
47.55883224298005
 20
7.628385320899979
 30
0.0
 11
50.07598953047999
 21
7.628385320899979
 31
0.0
  0
LINE
  5
22D
330
2F
100
AcDbEntity
  8
A-DETL-GENF
100
AcDbLine
 10
50.07598953047999
 20
7.628385320899979
 30
0.0
 11
50.07598953047999
 21
9.028385320799943
 31
0.0
  0
LINE
  5
22E
330
2F
100
AcDbEntity
  8
A-DETL-GENF
100
AcDbLine
 10
50.07598953047999
 20
9.028385320799943
 30
0.0
 11
48.62598953047999
 21
9.028385320799943
 31
0.0
  0
LINE
  5
22F
330
2F
100
AcDbEntity
  8
A-DETL-GENF
100
AcDbLine
 10
48.62598953047999
 20
9.028385320799943
 30
0.0
 11
48.62598953047999
 21
20.32838532089999
 31
0.0
  0
LINE
  5
230
330
2F
100
AcDbEntity
  8
A-DETL-GENF
100
AcDbLine
 10
48.62598953047999
 20
20.32838532089999
 30
0.0
 11
53.27598953060888
 21
20.32838532089999
 31
0.0
  0
ARC
  5
231
330
2F
100
AcDbEntity
  8
A-DETL-GENF
100
AcDbCircle
 10
53.27598953060888
 20
21.82838532057112
 30
0.0
 40
1.499999999871113
100
AcDbArc
 50
269.9999999999995
 51
1.368e-13
  0
LINE
  5
232
330
2F
100
AcDbEntity
  8
A-DETL-GENF
100
AcDbLine
 10
54.77598953048
 20
21.82838532057112
 30
0.0
 11
54.77598953048
 21
27.47908947621218
 31
0.0
  0
ARC
  5
233
330
2F
100
AcDbEntity
  8
A-DETL-GENF
100
AcDbCircle
 10
54.27598953048504
 20
27.47908947621218
 30
0.0
 40
0.4999999999949623
100
AcDbArc
 50
0.0
 51
149.999999999905
  0
LINE
  5
234
330
2F
100
AcDbEntity
  8
A-DETL-GENF
100
AcDbLine
 10
53.8429768285976
 20
27.72908947621037
 30
0.0
 11
51.89393845614841
 21
24.3532559892399
 31
0.0
  0
LINE
  5
235
330
2F
100
AcDbEntity
  8
A-DETL-GENF
100
AcDbLine
 10
51.89393845614841
 20
24.3532559892399
 30
0.0
 11
53.27598953048001
 21
24.3532559892399
 31
0.0
  0
LINE
  5
236
330
2F
100
AcDbEntity
  8
A-DETL-GENF
100
AcDbLine
 10
53.27598953048001
 20
24.3532559892399
 30
0.0
 11
53.27598953048001
 21
21.82838532069999
 31
0.0
  0
LINE
  5
237
330
2F
100
AcDbEntity
  8
A-DETL-GENF
100
AcDbLine
 10
53.27598953048001
 20
21.82838532069999
 30
0.0
 11
48.62598953047999
 21
21.82838532069999
 31
0.0
  0
LINE
  5
238
330
2F
100
AcDbEntity
  8
A-DETL-GENF
100
AcDbLine
 10
48.62598953047999
 20
21.82838532069999
 30
0.0
 11
48.62598953047999
 21
26.42816261580098
 31
0.0
  0
LINE
  5
239
330
2F
100
AcDbEntity
  8
A-DETL-GENF
100
AcDbLine
 10
48.62598953047999
 20
26.42816261580098
 30
0.0
 11
34.07397299529096
 21
20.68165744464637
 31
0.0
  0
ARC
  5
23A
330
2F
100
AcDbEntity
  8
A-DETL-GENF
100
AcDbCircle
 10
35.9104383081525
 20
16.03113111549458
 30
0.0
 40
4.999999998347775
100
AcDbArc
 50
111.5487700075922
 51
130.3030506636987
  0
LINE
  5
23B
330
2F
100
AcDbEntity
  8
A-DETL-GENF
100
AcDbLine
 10
32.67628637821014
 20
19.84430056852546
 30
0.0
 11
25.99598953171625
 21
14.17838532274387
 31
0.0
  0
LINE
  5
23C
330
2F
100
AcDbEntity
  8
A-DETL-GENF
100
AcDbLine
 10
25.99598953171651
 20
14.1783853227441
 30
0.0
 11
16.45912428950001
 21
4.921220007810569
 31
0.0
  0
LINE
  5
23D
330
2F
100
AcDbEntity
  8
A-DETL-GENF
100
AcDbLine
 10
76.31661770328002
 20
33.95750451124004
 30
0.0
 11
76.84991007114013
 21
31.95019920959993
 31
0.0
  0
LINE
  5
23E
330
2F
100
AcDbEntity
  8
A-DETL-GENF
100
AcDbLine
 10
76.84991007114013
 20
31.95019920959993
 30
0.0
 11
88.18103422348238
 21
26.73008307373457
 31
0.0
  0
LINE
  5
23F
330
2F
100
AcDbEntity
  8
A-DETL-GENF
100
AcDbLine
 10
88.18103422348238
 20
26.73008307373458
 30
0.0
 11
87.34419122445446
 21
24.91357714337822
 31
0.0
  0
LINE
  5
240
330
2F
100
AcDbEntity
  8
A-DETL-GENF
100
AcDbLine
 10
87.34419122445446
 20
24.91357714337822
 30
0.0
 11
89.1606971547943
 21
24.07673414435789
 31
0.0
  0
LINE
  5
241
330
2F
100
AcDbEntity
  8
A-DETL-GENF
100
AcDbLine
 10
89.1606971547943
 20
24.07673414435789
 30
0.0
 11
89.99754015381805
 21
25.89324007470526
 31
0.0
  0
LINE
  5
242
330
2F
100
AcDbEntity
  8
A-DETL-GENF
100
AcDbLine
 10
89.99754015381805
 20
25.89324007470525
 30
0.0
 11
96.35531091004246
 21
22.96428957813455
 31
0.0
  0
LINE
  5
243
330
2F
100
AcDbEntity
  8
A-DETL-GENF
100
AcDbLine
 10
96.35531091004246
 20
22.96428957813456
 30
0.0
 11
95.51846791101741
 21
21.14778364778467
 31
0.0
  0
LINE
  5
244
330
2F
100
AcDbEntity
  8
A-DETL-GENF
100
AcDbLine
 10
95.51846791101741
 20
21.14778364778466
 30
0.0
 11
97.33497384136246
 21
20.31094064877553
 31
0.0
  0
LINE
  5
245
330
2F
100
AcDbEntity
  8
A-DETL-GENF
100
AcDbLine
 10
97.33497384136246
 20
20.31094064877554
 30
0.0
 11
98.17181684038592
 21
22.12744657912236
 31
0.0
  0
LINE
  5
246
330
2F
100
AcDbEntity
  8
A-DETL-GENF
100
AcDbLine
 10
98.17181684038592
 20
22.12744657912235
 30
0.0
 11
103.4280080994
 21
19.70598085023994
 31
0.0
  0
ARC
  5
247
330
2F
100
AcDbEntity
  8
A-DETL-GENF
100
AcDbCircle
 10
103.0095865998858
 20
18.7977278850637
 30
0.0
 40
1.000000000003581
100
AcDbArc
 50
310.2650297975674
 51
65.26502979770164
  0
LINE
  5
248
330
2F
100
AcDbEntity
  8
A-DETL-GENF
100
AcDbLine
 10
103.6559107680227
 20
18.03466493242529
 30
0.0
 11
102.09539618538
 21
16.71288894264
 31
0.0
  0
ARC
  5
249
330
2F
100
AcDbEntity
  8
A-DETL-GENF
100
AcDbCircle
 10
107.3177009877672
 20
10.54733376376737
 30
0.0
 40
8.08000854657709
100
AcDbArc
 50
130.2650297975678
 51
194.2608263399995
  0
LINE
  5
24A
330
2F
100
AcDbEntity
  8
A-DETL-GENF
100
AcDbLine
 10
99.48668291060191
 20
8.55693330459593
 30
0.0
 11
100.33485854112
 21
7.734712509539972
 31
0.0
  0
LINE
  5
24B
330
2F
100
AcDbEntity
  8
A-DETL-GENF
100
AcDbLine
 10
100.33485854112
 20
7.734712509539972
 30
0.0
 11
101.1548906448335
 21
8.429290283818816
 31
0.0
  0
ARC
  5
24C
330
2F
100
AcDbEntity
  8
A-DETL-GENF
100
AcDbCircle
 10
107.0964885501663
 20
10.61607743673859
 30
0.0
 40
6.331241878243909
100
AcDbArc
 50
146.8994477246157
 51
200.2059857312866
  0
LINE
  5
24D
330
2F
100
AcDbEntity
  8
A-DETL-GENF
100
AcDbLine
 10
101.7927220565163
 20
14.07363216539655
 30
0.0
 11
105.4037661749372
 21
11.15080064499058
 31
0.0
  0
ARC
  5
24E
330
2F
100
AcDbEntity
  8
A-DETL-GENF
100
AcDbCircle
 10
107.3619454106278
 20
10.48815346591902
 30
0.0
 40
2.067260797050417
100
AcDbArc
 50
161.3041984531975
 51
118.7532422233502
  0
LINE
  5
24F
330
2F
100
AcDbEntity
  8
A-DETL-GENF
100
AcDbLine
 10
106.3675136259829
 20
12.30052004823878
 30
0.0
 11
102.7059310944112
 21
15.26425809377768
 31
0.0
  0
LINE
  5
250
330
2F
100
AcDbEntity
  8
A-DETL-GENF
100
AcDbLine
 10
102.7059310944112
 20
15.26425809377767
 30
0.0
 11
105.9196550420999
 21
17.98632375029995
 31
0.0
  0
ARC
  5
251
330
2F
100
AcDbEntity
  8
A-DETL-GENF
100
AcDbCircle
 10
106.5659792102365
 20
17.22326079767298
 30
0.0
 40
0.9999999999946108
100
AcDbArc
 50
67.76502979783082
 51
130.2650297979742
  0
LINE
  5
252
330
2F
100
AcDbEntity
  8
A-DETL-GENF
100
AcDbLine
 10
106.9443850272786
 20
18.14890059674059
 30
0.0
 11
119.1480306500001
 21
13.15999400757999
 31
0.0
  0
LINE
  5
253
330
2F
100
AcDbEntity
  8
A-DETL-GENF
100
AcDbLine
 10
119.1480306500001
 20
13.15999400757999
 30
0.0
 11
118.87190998098
 21
15.00140755641995
 31
0.0
  0
LINE
  5
254
330
2F
100
AcDbEntity
  8
A-DETL-GENF
100
AcDbLine
 10
118.87190998098
 20
15.00140755641995
 30
0.0
 11
106.3703357007159
 21
20.11210875421666
 31
0.0
  0
LINE
  5
255
330
2F
100
AcDbEntity
  8
A-DETL-GENF
100
AcDbLine
 10
106.3703357007153
 20
20.11210875421695
 30
0.0
 11
76.31661770328002
 21
33.95750451124004
 31
0.0
  0
LINE
  5
256
330
2F
100
AcDbEntity
  8
A-DETL-GENF
100
AcDbLine
 10
62.56379907675203
 20
65.00000000009992
 30
0.0
 11
62.56379907675207
 21
80.00000000009994
 31
0.0
  0
LINE
  5
257
330
2F
100
AcDbEntity
  8
A-DETL-GENF
100
AcDbLine
 10
62.56379907675207
 20
80.00000000009994
 30
0.0
 11
61.06379907675208
 21
80.00000000009994
 31
0.0
  0
LINE
  5
258
330
2F
100
AcDbEntity
  8
A-DETL-GENF
100
AcDbLine
 10
61.06379907675208
 20
80.00000000009994
 30
0.0
 11
61.06379907675205
 21
66.50000000009993
 31
0.0
  0
LINE
  5
259
330
2F
100
AcDbEntity
  8
A-DETL-GENF
100
AcDbLine
 10
61.06379907675205
 20
66.50000000009993
 30
0.0
 11
52.56379907675203
 21
66.50000000009994
 31
0.0
  0
LINE
  5
25A
330
2F
100
AcDbEntity
  8
A-DETL-GENF
100
AcDbLine
 10
52.56379907675203
 20
66.50000000009994
 30
0.0
 11
52.56379907675203
 21
65.00000000009996
 31
0.0
  0
LINE
  5
25B
330
2F
100
AcDbEntity
  8
A-DETL-GENF
100
AcDbLine
 10
52.56379907675203
 20
65.00000000009996
 30
0.0
 11
62.56379907675203
 21
65.00000000009992
 31
0.0
  0
LINE
  5
25C
330
2F
100
AcDbEntity
  8
A-DETL-GENF
100
AcDbLine
 10
62.5637990767521
 20
1.72e-14
 30
0.0
 11
52.56379907675211
 21
-1.68e-14
 31
0.0
  0
LINE
  5
25D
330
2F
100
AcDbEntity
  8
A-DETL-GENF
100
AcDbLine
 10
52.56379907675211
 20
-1.69e-14
 30
0.0
 11
52.56379907675211
 21
-1.500000000000004
 31
0.0
  0
LINE
  5
25E
330
2F
100
AcDbEntity
  8
A-DETL-GENF
100
AcDbLine
 10
52.56379907675211
 20
-1.500000000000004
 30
0.0
 11
61.06379907675213
 21
-1.499999999999987
 31
0.0
  0
LINE
  5
25F
330
2F
100
AcDbEntity
  8
A-DETL-GENF
100
AcDbLine
 10
61.06379907675213
 20
-1.499999999999988
 30
0.0
 11
61.06379907675215
 21
-14.99999999999998
 31
0.0
  0
LINE
  5
260
330
2F
100
AcDbEntity
  8
A-DETL-GENF
100
AcDbLine
 10
61.06379907675215
 20
-14.99999999999998
 30
0.0
 11
62.56379907675215
 21
-14.99999999999998
 31
0.0
  0
LINE
  5
261
330
2F
100
AcDbEntity
  8
A-DETL-GENF
100
AcDbLine
 10
62.56379907675215
 20
-14.99999999999998
 30
0.0
 11
62.5637990767521
 21
1.69e-14
 31
0.0
  0
LINE
  5
262
330
2F
100
AcDbEntity
  8
A-DETL-GENF
100
AcDbLine
 10
142.84914700008
 20
19.07601699189998
 30
0.0
 11
126.6159895305801
 21
20.36487016310001
 31
0.0
  0
LINE
  5
263
330
2F
100
AcDbEntity
  8
A-DETL-GENF
100
AcDbLine
 10
126.6159895304095
 20
13.28076465939094
 30
0.0
 11
143.2830697299801
 21
15.09949672809997
 31
0.0
  0
LINE
  5
264
330
2F
100
AcDbEntity
  8
A-DETL-GENF
100
AcDbLine
 10
143.2830697299801
 20
15.09949672809997
 30
0.0
 11
146.5967476924631
 21
13.63989315850743
 31
0.0
  0
LINE
  5
265
330
2F
100
AcDbEntity
  8
A-DETL-GENF
100
AcDbLine
 10
145.7700397526493
 20
21.21594450343089
 30
0.0
 11
142.84914700008
 21
19.07601699189998
 31
0.0
  0
ARC
  5
266
330
2F
100
AcDbEntity
  8
A-DETL-GENF
100
AcDbCircle
 10
148.3704113644801
 20
17.66656885679994
 30
0.0
 40
4.400000000001103
100
AcDbArc
 50
96.22754512670129
 51
126.2275451314559
  0
ARC
  5
267
330
2F
100
AcDbEntity
  8
A-DETL-GENF
100
AcDbCircle
 10
148.3704113644801
 20
17.66656885679993
 30
0.0
 40
4.400000000001081
100
AcDbArc
 50
276.2275451314581
 51
96.22754512670207
  0
ARC
  5
268
330
2F
100
AcDbEntity
  8
A-DETL-GENF
100
AcDbCircle
 10
148.3704113644801
 20
17.66656885679994
 30
0.0
 40
4.400000000000275
100
AcDbArc
 50
246.2275451261951
 51
276.2275451267013
  0
CIRCLE
  5
269
330
2F
100
AcDbEntity
  8
A-DETL-GENF
100
AcDbCircle
 10
148.3704113644801
 20
17.66656885679994
 30
0.0
 40
3.400000000000744
  0
ARC
  5
26A
330
2F
100
AcDbEntity
  8
A-DETL-GENF
100
AcDbCircle
 10
148.37041136438
 20
17.66656885679994
 30
0.0
 40
2.400000000000765
100
AcDbArc
 50
208.251857963043
 51
164.2032322892152
  0
LINE
  5
26B
330
2F
100
AcDbEntity
  8
A-DETL-GENF
100
AcDbLine
 10
146.2563104304567
 20
16.53053309979739
 30
0.0
 11
145.2086696165544
 21
16.41621325960805
 31
0.0
  0
LINE
  5
26C
330
2F
100
AcDbEntity
  8
A-DETL-GENF
100
AcDbLine
 10
145.0134105045932
 20
18.20559133010134
 30
0.0
 11
146.0610513185226
 21
18.31991117029366
 31
0.0
  0
LINE
  5
26D
330
2F
100
AcDbEntity
  8
A-DETL-GENF
100
AcDbLine
 10
116.3659895450801
 20
46.9981490082
 30
0.0
 11
116.3659895450801
 21
23.94782318361278
 31
0.0
  0
ARC
  5
26E
330
2F
100
AcDbEntity
  8
A-DETL-GENF
100
AcDbCircle
 10
107.2659895450801
 20
10.57999999999991
 30
0.0
 40
16.17123052424701
100
AcDbArc
 50
328.4145453831909
 51
55.75535018682213
  0
LINE
  5
26F
330
2F
100
AcDbEntity
  8
A-DETL-GENF
100
AcDbLine
 10
109.44528633418
 20
21.74357080139997
 30
0.0
 11
119.6911408453338
 21
20.93008752784916
 31
0.0
  0
LINE
  5
270
330
2F
100
AcDbEntity
  8
A-DETL-GENF
100
AcDbLine
 10
106.1851722913671
 20
20.37548584713136
 30
0.0
 11
109.44528633418
 21
21.74357080139997
 31
0.0
  0
LINE
  5
271
330
2F
100
AcDbEntity
  8
A-DETL-GENF
100
AcDbLine
 10
119.1111417514109
 20
15.09128994474166
 30
0.0
 11
106.1851722913671
 21
20.37548584713137
 31
0.0
  0
ARC
  5
272
330
2F
100
AcDbEntity
  8
A-DETL-GENF
100
AcDbCircle
 10
106.97678646528
 20
10.55576186269999
 30
0.0
 40
12.95428860235259
100
AcDbArc
 50
12.70450091669115
 51
20.49452544244718
  0
ARC
  5
273
330
2F
100
AcDbEntity
  8
A-DETL-GENF
100
AcDbCircle
 10
119.22371181868
 20
13.31673663599994
 30
0.0
 40
0.4000000000278239
100
AcDbArc
 50
247.7650297715836
 51
12.70450091669083
  0
LINE
  5
274
330
2F
100
AcDbEntity
  8
A-DETL-GENF
100
AcDbLine
 10
115.739632314538
 20
14.30891086396492
 30
0.0
 11
119.0723494916768
 21
12.94648071640121
 31
0.0
  0
LINE
  5
275
330
2F
100
AcDbEntity
  8
A-DETL-GENF
100
AcDbLine
 10
115.1720080889685
 20
12.92300254622388
 30
0.0
 11
115.739632314538
 21
14.30891086396493
 31
0.0
  0
LINE
  5
276
330
2F
100
AcDbEntity
  8
A-DETL-GENF
100
AcDbLine
 10
112.9510672021491
 20
13.83262970958859
 30
0.0
 11
115.1720080889685
 21
12.92300254622388
 31
0.0
  0
LINE
  5
277
330
2F
100
AcDbEntity
  8
A-DETL-GENF
100
AcDbLine
 10
113.5180963194094
 20
15.21708501650344
 30
0.0
 11
112.9510672021491
 21
13.83262970958859
 31
0.0
  0
LINE
  5
278
330
2F
100
AcDbEntity
  8
A-DETL-GENF
100
AcDbLine
 10
107.5011335492819
 20
17.67684713474007
 30
0.0
 11
113.5180963194094
 21
15.21708501650345
 31
0.0
  0
LINE
  5
279
330
2F
100
AcDbEntity
  8
A-DETL-GENF
100
AcDbLine
 10
106.0912118293727
 20
15.5527484225819
 30
0.0
 11
106.8492346220727
 21
17.40353289288191
 31
0.0
  0
ARC
  5
27A
330
2F
100
AcDbEntity
  8
A-DETL-GENF
100
AcDbCircle
 10
107.3119306407801
 20
17.21402723519993
 30
0.0
 40
0.5000000000147816
100
AcDbArc
 50
67.76502980014949
 51
157.7275453036276
  0
ARC
  5
27B
330
2F
100
AcDbEntity
  8
A-DETL-GENF
100
AcDbCircle
 10
106.55390784808
 20
15.36324276489993
 30
0.0
 40
0.5000000000149996
100
AcDbArc
 50
157.727545303627
 51
247.7650297246955
  0
LINE
  5
27C
330
2F
100
AcDbEntity
  8
A-DETL-GENF
100
AcDbLine
 10
107.1524518146656
 20
14.57838831014679
 30
0.0
 11
106.3647049389672
 21
14.9004228656051
 31
0.0
  0
ARC
  5
27D
330
2F
100
AcDbEntity
  8
A-DETL-GENF
100
AcDbCircle
 10
107.26598954118
 20
10.57999998659996
 30
0.0
 40
4.00000000015222
100
AcDbArc
 50
10.49063520990365
 51
91.62652659490742
  0
LINE
  5
27E
330
2F
100
AcDbEntity
  8
A-DETL-GENF
100
AcDbLine
 10
113.6648173193963
 20
10.2984309649933
 30
0.0
 11
111.1991282620278
 21
11.30829924088033
 31
0.0
  0
ARC
  5
27F
330
2F
100
AcDbEntity
  8
A-DETL-GENF
100
AcDbCircle
 10
114.95345580158
 20
13.44476388809997
 30
0.0
 40
3.400000000101826
100
AcDbArc
 50
247.7275451223095
 51
268.2827201696214
  0
LINE
  5
280
330
2F
100
AcDbEntity
  8
A-DETL-GENF
100
AcDbLine
 10
119.121821638933
 20
9.918263685898397
 30
0.0
 11
114.8515656218331
 21
10.04629093800144
 31
0.0
  0
ARC
  5
281
330
2F
100
AcDbEntity
  8
A-DETL-GENF
100
AcDbCircle
 10
119.22371181868
 20
13.31673663599994
 30
0.0
 40
3.400000000117777
100
AcDbArc
 50
268.2827201696213
 51
351.9648052255981
  0
LINE
  5
282
330
2F
100
AcDbEntity
  8
A-DETL-GENF
100
AcDbLine
 10
108.6696271861599
 20
7.156580462279996
 30
0.0
 11
114.89298110938
 21
2.29436349339997
 31
0.0
  0
LINE
  5
283
330
2F
100
AcDbEntity
  8
A-DETL-GENF
100
AcDbLine
 10
124.1159895305801
 20
44.09989853599999
 30
0.0
 11
124.1159895305801
 21
9.099898535999989
 31
0.0
  0
LINE
  5
284
330
2F
100
AcDbEntity
  8
A-DETL-GENF
100
AcDbLine
 10
125.1159895305801
 20
9.099898535999985
 30
0.0
 11
125.1159895305801
 21
44.09989853599999
 31
0.0
  0
LINE
  5
285
330
2F
100
AcDbEntity
  8
A-DETL-GENF
100
AcDbLine
 10
125.1159895305801
 20
44.09989853599999
 30
0.0
 11
124.1159895305801
 21
44.09989853599999
 31
0.0
  0
LINE
  5
286
330
2F
100
AcDbEntity
  8
A-DETL-GENF
100
AcDbLine
 10
118.09189830638
 20
48.34657671610003
 30
0.0
 11
116.3659895450801
 21
46.9981490082
 31
0.0
  0
ARC
  5
287
330
2F
100
AcDbEntity
  8
A-DETL-GENF
100
AcDbCircle
 10
124.9159895304799
 20
46.69989853599999
 30
0.0
 40
0.500000000019341
100
AcDbArc
 50
0.0
 51
126.8698976456858
  0
LINE
  5
288
330
2F
100
AcDbEntity
  8
A-DETL-GENF
100
AcDbLine
 10
122.6277889971139
 20
56.00516859166415
 30
0.0
 11
115.71598953038
 21
57.85717967707995
 31
0.0
  0
ARC
  5
289
330
2F
100
AcDbEntity
  8
A-DETL-GENF
100
AcDbCircle
 10
128.0927059051801
 20
56.21759412609998
 30
0.0
 40
0.9999999999998832
100
AcDbArc
 50
261.6903584536987
 51
331.8891549384604
  0
LINE
  5
28A
330
2F
100
AcDbEntity
  8
A-DETL-GENF
100
AcDbLine
 10
122.3386030961801
 20
56.04740595229994
 30
0.0
 11
127.9481831920721
 21
55.22809264290112
 31
0.0
  0
ARC
  5
28B
330
2F
100
AcDbEntity
  8
A-DETL-GENF
100
AcDbCircle
 10
131.6159895305801
 20
54.33547875690001
 30
0.0
 40
2.994481914816891
100
AcDbArc
 50
104.504774982579
 51
151.8891549384612
  0
LINE
  5
28C
330
2F
100
AcDbEntity
  8
A-DETL-GENF
100
AcDbLine
 10
130.8659895305801
 20
57.2345168625767
 30
0.0
 11
130.8659895305801
 21
55.63451686257666
 31
0.0
  0
ARC
  5
28D
330
2F
100
AcDbEntity
  8
A-DETL-GENF
100
AcDbCircle
 10
131.6159895305801
 20
54.33547875690001
 30
0.0
 40
1.5
100
AcDbArc
 50
119.9999999999999
 51
60.00000000000029
  0
LINE
  5
28E
330
2F
100
AcDbEntity
  8
A-DETL-GENF
100
AcDbLine
 10
132.3659895305801
 20
55.63451686257666
 30
0.0
 11
132.3659895305801
 21
57.2345168625767
 31
0.0
  0
ARC
  5
28F
330
2F
100
AcDbEntity
  8
A-DETL-GENF
100
AcDbCircle
 10
131.6159895305801
 20
54.33547875690001
 30
0.0
 40
2.994481914816893
100
AcDbArc
 50
310.7175367140432
 51
75.49522501742102
  0
LINE
  5
290
330
2F
100
AcDbEntity
  8
A-DETL-GENF
100
AcDbLine
 10
124.1159895305801
 20
9.099898535999989
 30
0.0
 11
125.1159895305801
 21
9.099898535999985
 31
0.0
  0
ARC
  5
291
330
2F
100
AcDbEntity
  8
A-DETL-GENF
100
AcDbCircle
 10
146.6159895305801
 20
36.90716275879994
 30
0.0
 40
20.00000000000004
100
AcDbArc
 50
130.7175367140437
 51
180.0
  0
ENDBLK
  5
31
330
2F
100
AcDbEntity
  8
0
100
AcDbBlockEnd
  0
ENDSEC
  0
SECTION
  2
ENTITIES
  0
INSERT
  5
293
330
17
100
AcDbEntity
  8
0
100
AcDbBlockReference
  2
31 AcouStream_rooster - Type 1-1635758-00_0 Basismaterialen
 10
0.0
 20
0.0
 30
0.0
  0
ENDSEC
  0
SECTION
  2
OBJECTS
  0
DICTIONARY
  5
A
330
0
100
AcDbDictionary
281
1
  3
ACAD_COLOR
350
B
  3
ACAD_GROUP
350
C
  3
ACAD_LAYOUT
350
D
  3
ACAD_MATERIAL
350
E
  3
ACAD_MLEADERSTYLE
350
F
  3
ACAD_MLINESTYLE
350
10
  3
ACAD_PLOTSETTINGS
350
11
  3
ACAD_PLOTSTYLENAME
350
12
  3
ACAD_SCALELIST
350
14
  3
ACAD_TABLESTYLE
350
15
  3
ACAD_VISUALSTYLE
350
16
  3
EZDXF_META
350
2D
  0
DICTIONARY
  5
B
330
A
100
AcDbDictionary
281
1
  0
DICTIONARY
  5
C
330
A
100
AcDbDictionary
281
1
  0
DICTIONARY
  5
D
330
A
100
AcDbDictionary
281
1
  3
Model
350
1A
  3
Layout1
350
1E
  0
DICTIONARY
  5
E
330
A
100
AcDbDictionary
281
1
  3
ByBlock
350
1F
  3
ByLayer
350
20
  3
Global
350
21
  0
DICTIONARY
  5
F
330
A
100
AcDbDictionary
281
1
  3
Standard
350
2C
  0
DICTIONARY
  5
10
330
A
100
AcDbDictionary
281
1
  3
Standard
350
22
  0
DICTIONARY
  5
11
330
A
100
AcDbDictionary
281
1
  0
ACDBDICTIONARYWDFLT
  5
12
330
A
100
AcDbDictionary
281
1
  3
Normal
350
13
100
AcDbDictionaryWithDefault
340
13
  0
ACDBPLACEHOLDER
  5
13
330
12
  0
DICTIONARY
  5
14
330
A
100
AcDbDictionary
281
1
  0
DICTIONARY
  5
15
330
A
100
AcDbDictionary
281
1
  0
DICTIONARY
  5
16
330
A
100
AcDbDictionary
281
1
  0
LAYOUT
  5
1A
330
D
100
AcDbPlotSettings
  1

  4
A3
  6

 40
7.5
 41
20.0
 42
7.5
 43
20.0
 44
420.0
 45
297.0
 46
0.0
 47
0.0
 48
0.0
 49
0.0
140
0.0
141
0.0
142
1.0
143
1.0
 70
1024
 72
1
 73
0
 74
5
  7

 75
16
 76
0
 77
2
 78
300
147
1.0
148
0.0
149
0.0
100
AcDbLayout
  1
Model
 70
1
 71
0
 10
0.0
 20
0.0
 11
420.0
 21
297.0
 12
0.0
 22
0.0
 32
0.0
 14
1e+20
 24
1e+20
 34
1e+20
 15
-1e+20
 25
-1e+20
 35
-1e+20
146
0.0
 13
0.0
 23
0.0
 33
0.0
 16
1.0
 26
0.0
 36
0.0
 17
0.0
 27
1.0
 37
0.0
 76
1
330
17
  0
LAYOUT
  5
1E
330
D
100
AcDbPlotSettings
  1

  4
A3
  6

 40
7.5
 41
20.0
 42
7.5
 43
20.0
 44
420.0
 45
297.0
 46
0.0
 47
0.0
 48
0.0
 49
0.0
140
0.0
141
0.0
142
1.0
143
1.0
 70
0
 72
1
 73
0
 74
5
  7

 75
16
 76
0
 77
2
 78
300
147
1.0
148
0.0
149
0.0
100
AcDbLayout
  1
Layout1
 70
1
 71
1
 10
0.0
 20
0.0
 11
420.0
 21
297.0
 12
0.0
 22
0.0
 32
0.0
 14
1e+20
 24
1e+20
 34
1e+20
 15
-1e+20
 25
-1e+20
 35
-1e+20
146
0.0
 13
0.0
 23
0.0
 33
0.0
 16
1.0
 26
0.0
 36
0.0
 17
0.0
 27
1.0
 37
0.0
 76
1
330
1B
  0
MATERIAL
  5
1F
102
{ACAD_REACTORS
330
E
102
}
330
E
100
AcDbMaterial
  1
ByBlock
  2

 70
0
 40
1.0
 71
1
 41
1.0
 91
-1023410177
 42
1.0
 72
1
  3

 73
1
 74
1
 75
1
 44
0.5
 73
0
 45
1.0
 46
1.0
 77
1
  4

 78
1
 79
1
170
1
 48
1.0
171
1
  6

172
1
173
1
174
1
140
1.0
141
1.0
175
1
  7

176
1
177
1
178
1
143
1.0
179
1
  8

270
1
271
1
272
1
145
1.0
146
1.0
273
1
  9

274
1
275
1
276
1
 42
1.0
 72
1
  3

 73
1
 74
1
 75
1
 94
63
  0
MATERIAL
  5
20
102
{ACAD_REACTORS
330
E
102
}
330
E
100
AcDbMaterial
  1
ByLayer
  2

 70
0
 40
1.0
 71
1
 41
1.0
 91
-1023410177
 42
1.0
 72
1
  3

 73
1
 74
1
 75
1
 44
0.5
 73
0
 45
1.0
 46
1.0
 77
1
  4

 78
1
 79
1
170
1
 48
1.0
171
1
  6

172
1
173
1
174
1
140
1.0
141
1.0
175
1
  7

176
1
177
1
178
1
143
1.0
179
1
  8

270
1
271
1
272
1
145
1.0
146
1.0
273
1
  9

274
1
275
1
276
1
 42
1.0
 72
1
  3

 73
1
 74
1
 75
1
 94
63
  0
MATERIAL
  5
21
102
{ACAD_REACTORS
330
E
102
}
330
E
100
AcDbMaterial
  1
Global
  2

 70
0
 40
1.0
 71
1
 41
1.0
 91
-1023410177
 42
1.0
 72
1
  3

 73
1
 74
1
 75
1
 44
0.5
 73
0
 45
1.0
 46
1.0
 77
1
  4

 78
1
 79
1
170
1
 48
1.0
171
1
  6

172
1
173
1
174
1
140
1.0
141
1.0
175
1
  7

176
1
177
1
178
1
143
1.0
179
1
  8

270
1
271
1
272
1
145
1.0
146
1.0
273
1
  9

274
1
275
1
276
1
 42
1.0
 72
1
  3

 73
1
 74
1
 75
1
 94
63
  0
MLINESTYLE
  5
22
102
{ACAD_REACTORS
330
10
102
}
330
10
100
AcDbMlineStyle
  2
Standard
 70
0
  3

 62
256
 51
90.0
 52
90.0
 71
2
 49
0.5
 62
256
  6
BYLAYER
 49
-0.5
 62
256
  6
BYLAYER
  0
MLEADERSTYLE
  5
2C
102
{ACAD_REACTORS
330
F
102
}
330
F
100
AcDbMLeaderStyle
179
2
170
2
171
1
172
0
 90
2
 40
0.0
 41
0.0
173
1
 91
-1056964608
 92
-2
290
1
 42
2.0
291
1
 43
8.0
  3
Standard
 44
4.0
300

342
29
174
1
175
1
176
0
178
1
 93
-1056964608
 45
4.0
292
0
297
0
 46
4.0
 94
-1056964608
 47
1.0
 49
1.0
140
1.0
294
1
141
0.0
177
0
142
1.0
295
0
296
0
143
3.75
271
0
272
9
273
9
  0
DICTIONARY
  5
2D
330
A
100
AcDbDictionary
280
1
281
1
  3
CREATED_BY_EZDXF
350
2E
  3
WRITTEN_BY_EZDXF
350
297
  0
DICTIONARYVAR
  5
2E
330
2D
100
DictionaryVariables
280
0
  1
1.4.3 @ 2026-02-13T04:54:12.081370+00:00
  0
DICTIONARYVAR
  5
297
330
2D
100
DictionaryVariables
280
0
  1
1.4.3 @ 2026-02-13T04:54:12.114746+00:00
  0
ENDSEC
  0
EOF
