  0
SECTION
  2
HEADER
  9
$ACADVER
  1
AC1032
  9
$ACADMAINTVER
 90
4
  9
$DWGCODEPAGE
  3
ANSI_1252
  9
$LASTSAVEDBY
  1
ezdxf
  9
$REQUIREDVERSIONS
160
0
  9
$INSBASE
 10
0.0
 20
0.0
 30
0.0
  9
$EXTMIN
 10
1e+20
 20
1e+20
 30
1e+20
  9
$EXTMAX
 10
-1e+20
 20
-1e+20
 30
-1e+20
  9
$LIMMIN
 10
0.0
 20
0.0
  9
$LIMMAX
 10
420.0
 20
297.0
  9
$ORTHOMODE
 70
0
  9
$REGENMODE
 70
1
  9
$FILLMODE
 70
1
  9
$QTEXTMODE
 70
0
  9
$MIRRTEXT
 70
1
  9
$LTSCALE
 40
1.0
  9
$ATTMODE
 70
1
  9
$TEXTSIZE
 40
2.5
  9
$TRACEWID
 40
1.0
  9
$TEXTSTYLE
  7
Standard
  9
$CLAYER
  8
0
  9
$CELTYPE
  6
ByLayer
  9
$CECOLOR
 62
256
  9
$CELTSCALE
 40
1.0
  9
$DISPSILH
 70
0
  9
$DIMSCALE
 40
1.0
  9
$DIMASZ
 40
2.5
  9
$DIMEXO
 40
0.625
  9
$DIMDLI
 40
3.75
  9
$DIMRND
 40
0.0
  9
$DIMDLE
 40
0.0
  9
$DIMEXE
 40
1.25
  9
$DIMTP
 40
0.0
  9
$DIMTM
 40
0.0
  9
$DIMTXT
 40
2.5
  9
$DIMCEN
 40
2.5
  9
$DIMTSZ
 40
0.0
  9
$DIMTOL
 70
0
  9
$DIMLIM
 70
0
  9
$DIMTIH
 70
0
  9
$DIMTOH
 70
0
  9
$DIMSE1
 70
0
  9
$DIMSE2
 70
0
  9
$DIMTAD
 70
1
  9
$DIMZIN
 70
8
  9
$DIMBLK
  1

  9
$DIMASO
 70
1
  9
$DIMSHO
 70
1
  9
$DIMPOST
  1

  9
$DIMAPOST
  1

  9
$DIMALT
 70
0
  9
$DIMALTD
 70
3
  9
$DIMALTF
 40
0.03937007874
  9
$DIMLFAC
 40
1.0
  9
$DIMTOFL
 70
1
  9
$DIMTVP
 40
0.0
  9
$DIMTIX
 70
0
  9
$DIMSOXD
 70
0
  9
$DIMSAH
 70
0
  9
$DIMBLK1
  1

  9
$DIMBLK2
  1

  9
$DIMSTYLE
  2
ISO-25
  9
$DIMCLRD
 70
0
  9
$DIMCLRE
 70
0
  9
$DIMCLRT
 70
0
  9
$DIMTFAC
 40
1.0
  9
$DIMGAP
 40
0.625
  9
$DIMJUST
 70
0
  9
$DIMSD1
 70
0
  9
$DIMSD2
 70
0
  9
$DIMTOLJ
 70
0
  9
$DIMTZIN
 70
8
  9
$DIMALTZ
 70
0
  9
$DIMALTTZ
 70
0
  9
$DIMUPT
 70
0
  9
$DIMDEC
 70
2
  9
$DIMTDEC
 70
2
  9
$DIMALTU
 70
2
  9
$DIMALTTD
 70
3
  9
$DIMTXSTY
  7
Standard
  9
$DIMAUNIT
 70
0
  9
$DIMADEC
 70
0
  9
$DIMALTRND
 40
0.0
  9
$DIMAZIN
 70
0
  9
$DIMDSEP
 70
44
  9
$DIMATFIT
 70
3
  9
$DIMFRAC
 70
0
  9
$DIMLDRBLK
  1

  9
$DIMLUNIT
 70
2
  9
$DIMLWD
 70
-2
  9
$DIMLWE
 70
-2
  9
$DIMTMOVE
 70
0
  9
$DIMFXL
 40
1.0
  9
$DIMFXLON
 70
0
  9
$DIMJOGANG
 40
0.785398163397
  9
$DIMTFILL
 70
0
  9
$DIMTFILLCLR
 70
0
  9
$DIMARCSYM
 70
0
  9
$DIMLTYPE
  6

  9
$DIMLTEX1
  6

  9
$DIMLTEX2
  6

  9
$DIMTXTDIRECTION
 70
0
  9
$LUNITS
 70
2
  9
$LUPREC
 70
4
  9
$SKETCHINC
 40
1.0
  9
$FILLETRAD
 40
10.0
  9
$AUNITS
 70
0
  9
$AUPREC
 70
2
  9
$MENU
  1
.
  9
$ELEVATION
 40
0.0
  9
$PELEVATION
 40
0.0
  9
$THICKNESS
 40
0.0
  9
$LIMCHECK
 70
0
  9
$CHAMFERA
 40
0.0
  9
$CHAMFERB
 40
0.0
  9
$CHAMFERC
 40
0.0
  9
$CHAMFERD
 40
0.0
  9
$SKPOLY
 70
0
  9
$TDCREATE
 40
2461085.245972222
  9
$TDUCREATE
 40
2458532.153996898
  9
$TDUPDATE
 40
2461085.245972222
  9
$TDUUPDATE
 40
2458532.1544311
  9
$TDINDWG
 40
0.0
  9
$TDUSRTIMER
 40
0.0
  9
$USRTIMER
 70
1
  9
$ANGBASE
 50
0.0
  9
$ANGDIR
 70
0
  9
$PDMODE
 70
0
  9
$PDSIZE
 40
0.0
  9
$PLINEWID
 40
0.0
  9
$SPLFRAME
 70
0
  9
$SPLINETYPE
 70
6
  9
$SPLINESEGS
 70
8
  9
$HANDSEED
  5
12A
  9
$SURFTAB1
 70
6
  9
$SURFTAB2
 70
6
  9
$SURFTYPE
 70
6
  9
$SURFU
 70
6
  9
$SURFV
 70
6
  9
$UCSBASE
  2

  9
$UCSNAME
  2

  9
$UCSORG
 10
0.0
 20
0.0
 30
0.0
  9
$UCSXDIR
 10
1.0
 20
0.0
 30
0.0
  9
$UCSYDIR
 10
0.0
 20
1.0
 30
0.0
  9
$UCSORTHOREF
  2

  9
$UCSORTHOVIEW
 70
0
  9
$UCSORGTOP
 10
0.0
 20
0.0
 30
0.0
  9
$UCSORGBOTTOM
 10
0.0
 20
0.0
 30
0.0
  9
$UCSORGLEFT
 10
0.0
 20
0.0
 30
0.0
  9
$UCSORGRIGHT
 10
0.0
 20
0.0
 30
0.0
  9
$UCSORGFRONT
 10
0.0
 20
0.0
 30
0.0
  9
$UCSORGBACK
 10
0.0
 20
0.0
 30
0.0
  9
$PUCSBASE
  2

  9
$PUCSNAME
  2

  9
$PUCSORG
 10
0.0
 20
0.0
 30
0.0
  9
$PUCSXDIR
 10
1.0
 20
0.0
 30
0.0
  9
$PUCSYDIR
 10
0.0
 20
1.0
 30
0.0
  9
$PUCSORTHOREF
  2

  9
$PUCSORTHOVIEW
 70
0
  9
$PUCSORGTOP
 10
0.0
 20
0.0
 30
0.0
  9
$PUCSORGBOTTOM
 10
0.0
 20
0.0
 30
0.0
  9
$PUCSORGLEFT
 10
0.0
 20
0.0
 30
0.0
  9
$PUCSORGRIGHT
 10
0.0
 20
0.0
 30
0.0
  9
$PUCSORGFRONT
 10
0.0
 20
0.0
 30
0.0
  9
$PUCSORGBACK
 10
0.0
 20
0.0
 30
0.0
  9
$USERI1
 70
0
  9
$USERI2
 70
0
  9
$USERI3
 70
0
  9
$USERI4
 70
0
  9
$USERI5
 70
0
  9
$USERR1
 40
0.0
  9
$USERR2
 40
0.0
  9
$USERR3
 40
0.0
  9
$USERR4
 40
0.0
  9
$USERR5
 40
0.0
  9
$WORLDVIEW
 70
1
  9
$SHADEDGE
 70
3
  9
$SHADEDIF
 70
70
  9
$TILEMODE
 70
1
  9
$MAXACTVP
 70
64
  9
$PINSBASE
 10
0.0
 20
0.0
 30
0.0
  9
$PLIMCHECK
 70
0
  9
$PEXTMIN
 10
1e+20
 20
1e+20
 30
1e+20
  9
$PEXTMAX
 10
-1e+20
 20
-1e+20
 30
-1e+20
  9
$PLIMMIN
 10
0.0
 20
0.0
  9
$PLIMMAX
 10
420.0
 20
297.0
  9
$UNITMODE
 70
0
  9
$VISRETAIN
 70
1
  9
$PLINEGEN
 70
0
  9
$PSLTSCALE
 70
1
  9
$TREEDEPTH
 70
3020
  9
$CMLSTYLE
  2
Standard
  9
$CMLJUST
 70
0
  9
$CMLSCALE
 40
20.0
  9
$PROXYGRAPHICS
 70
1
  9
$MEASUREMENT
 70
1
  9
$CELWEIGHT
370
-1
  9
$ENDCAPS
280
0
  9
$JOINSTYLE
280
0
  9
$LWDISPLAY
290
0
  9
$INSUNITS
 70
6
  9
$HYPERLINKBASE
  1

  9
$STYLESHEET
  1

  9
$XEDIT
290
1
  9
$CEPSNTYPE
380
0
  9
$PSTYLEMODE
290
1
  9
$FINGERPRINTGUID
  2
{37C6A0B7-BB78-4221-B6D3-9850918FC2B9}
  9
$VERSIONGUID
  2
{7920C4E6-235A-4CC2-878C-679D6DB07DD8}
  9
$EXTNAMES
290
1
  9
$PSVPSCALE
 40
0.0
  9
$OLESTARTUP
290
0
  9
$SORTENTS
280
127
  9
$INDEXCTL
280
0
  9
$HIDETEXT
280
1
  9
$XCLIPFRAME
280
1
  9
$HALOGAP
280
0
  9
$OBSCOLOR
 70
257
  9
$OBSLTYPE
280
0
  9
$INTERSECTIONDISPLAY
280
0
  9
$INTERSECTIONCOLOR
 70
257
  9
$DIMASSOC
280
2
  9
$PROJECTNAME
  1

  9
$CAMERADISPLAY
290
0
  9
$LENSLENGTH
 40
50.0
  9
$CAMERAHEIGHT
 40
0.0
  9
$STEPSPERSEC
 40
24.0
  9
$STEPSIZE
 40
100.0
  9
$3DDWFPREC
 40
2.0
  9
$PSOLWIDTH
 40
0.005
  9
$PSOLHEIGHT
 40
0.08
  9
$LOFTANG1
 40
1.570796326795
  9
$LOFTANG2
 40
1.570796326795
  9
$LOFTMAG1
 40
0.0
  9
$LOFTMAG2
 40
0.0
  9
$LOFTPARAM
 70
7
  9
$LOFTNORMALS
280
1
  9
$LATITUDE
 40
37.795
  9
$LONGITUDE
 40
-122.394
  9
$NORTHDIRECTION
 40
0.0
  9
$TIMEZONE
 70
-8000
  9
$LIGHTGLYPHDISPLAY
280
1
  9
$TILEMODELIGHTSYNCH
280
1
  9
$CMATERIAL
347
20
  9
$SOLIDHIST
280
0
  9
$SHOWHIST
280
1
  9
$DWFFRAME
280
2
  9
$DGNFRAME
280
2
  9
$REALWORLDSCALE
290
1
  9
$INTERFERECOLOR
 62
256
  9
$CSHADOW
280
0
  9
$SHADOWPLANELOCATION
 40
0.0
  0
ENDSEC
  0
SECTION
  2
CLASSES
  0
CLASS
  1
ACDBDICTIONARYWDFLT
  2
AcDbDictionaryWithDefault
  3
ObjectDBX Classes
 90
0
 91
0
280
0
281
0
  0
CLASS
  1
SUN
  2
AcDbSun
  3
SCENEOE
 90
1153
 91
0
280
0
281
0
  0
CLASS
  1
VISUALSTYLE
  2
AcDbVisualStyle
  3
ObjectDBX Classes
 90
4095
 91
0
280
0
281
0
  0
CLASS
  1
MATERIAL
  2
AcDbMaterial
  3
ObjectDBX Classes
 90
1153
 91
0
280
0
281
0
  0
CLASS
  1
SCALE
  2
AcDbScale
  3
ObjectDBX Classes
 90
1153
 91
0
280
0
281
0
  0
CLASS
  1
TABLESTYLE
  2
AcDbTableStyle
  3
ObjectDBX Classes
 90
4095
 91
0
280
0
281
0
  0
CLASS
  1
MLEADERSTYLE
  2
AcDbMLeaderStyle
  3
ACDB_MLEADERSTYLE_CLASS
 90
4095
 91
0
280
0
281
0
  0
CLASS
  1
DICTIONARYVAR
  2
AcDbDictionaryVar
  3
ObjectDBX Classes
 90
0
 91
0
280
0
281
0
  0
CLASS
  1
CELLSTYLEMAP
  2
AcDbCellStyleMap
  3
ObjectDBX Classes
 90
1152
 91
0
280
0
281
0
  0
CLASS
  1
MENTALRAYRENDERSETTINGS
  2
AcDbMentalRayRenderSettings
  3
SCENEOE
 90
1024
 91
0
280
0
281
0
  0
CLASS
  1
ACDBDETAILVIEWSTYLE
  2
AcDbDetailViewStyle
  3
ObjectDBX Classes
 90
1025
 91
0
280
0
281
0
  0
CLASS
  1
ACDBSECTIONVIEWSTYLE
  2
AcDbSectionViewStyle
  3
ObjectDBX Classes
 90
1025
 91
0
280
0
281
0
  0
CLASS
  1
RASTERVARIABLES
  2
AcDbRasterVariables
  3
ISM
 90
0
 91
0
280
0
281
0
  0
CLASS
  1
LAYOUT
  2
AcDbLayout
  3
ObjectDBX Classes
 90
0
 91
0
280
0
281
0
  0
CLASS
  1
ACDBPLACEHOLDER
  2
AcDbPlaceHolder
  3
ObjectDBX Classes
 90
0
 91
0
280
0
281
0
  0
ENDSEC
  0
SECTION
  2
TABLES
  0
TABLE
  2
VPORT
  5
8
330
0
100
AcDbSymbolTable
 70
1
  0
VPORT
  5
23
330
8
100
AcDbSymbolTableRecord
100
AcDbViewportTableRecord
  2
*Active
 70
0
 10
0.0
 20
0.0
 11
1.0
 21
1.0
 12
0.0
 22
0.0
 13
0.0
 23
0.0
 14
0.5
 24
0.5
 15
0.5
 25
0.5
 16
0.0
 26
0.0
 36
1.0
 17
0.0
 27
0.0
 37
0.0
 40
1000.0
 41
1.34
 42
50.0
 43
0.0
 44
0.0
 50
0.0
 51
0.0
 71
0
 72
1000
 73
1
 74
3
 75
0
 76
0
 77
0
 78
0
281
0
 65
0
146
0.0
  0
ENDTAB
  0
TABLE
  2
LTYPE
  5
2
330
0
100
AcDbSymbolTable
 70
4
  0
LTYPE
  5
24
330
2
100
AcDbSymbolTableRecord
100
AcDbLinetypeTableRecord
  2
ByBlock
 70
0
  3

 72
65
 73
0
 40
0.0
  0
LTYPE
  5
25
330
2
100
AcDbSymbolTableRecord
100
AcDbLinetypeTableRecord
  2
ByLayer
 70
0
  3

 72
65
 73
0
 40
0.0
  0
LTYPE
  5
26
330
2
100
AcDbSymbolTableRecord
100
AcDbLinetypeTableRecord
  2
Continuous
 70
0
  3

 72
65
 73
0
 40
0.0
  0
LTYPE
  5
124
330
2
100
AcDbSymbolTableRecord
100
AcDbLinetypeTableRecord
  2
Dash
 70
0
  3

 72
65
 73
2
 40
6.350000000000001
 49
3.175
 74
0
 49
-3.175
 74
0
  0
ENDTAB
  0
TABLE
  2
LAYER
  5
1
330
0
100
AcDbSymbolTable
 70
4
  0
LAYER
  5
27
330
1
100
AcDbSymbolTableRecord
100
AcDbLayerTableRecord
  2
0
 70
0
 62
7
  6
Continuous
370
-3
390
13
347
21
  0
LAYER
  5
28
330
1
100
AcDbSymbolTableRecord
100
AcDbLayerTableRecord
  2
Defpoints
 70
0
 62
7
  6
Continuous
290
0
370
-3
390
13
347
21
  0
LAYER
  5
122
330
1
100
AcDbSymbolTableRecord
100
AcDbLayerTableRecord
  2
A-DETL-GENF-HDLN
 70
0
 62
1
  6
Dash
370
18
390
13
347
21
348
0
  0
LAYER
  5
123
330
1
100
AcDbSymbolTableRecord
100
AcDbLayerTableRecord
  2
A-DETL-GENF
 70
0
 62
92
  6
Continuous
370
18
390
13
347
21
348
0
  0
ENDTAB
  0
TABLE
  2
STYLE
  5
5
330
0
100
AcDbSymbolTable
 70
1
  0
STYLE
  5
29
330
5
100
AcDbSymbolTableRecord
100
AcDbTextStyleTableRecord
  2
Standard
 70
0
 40
0.0
 41
1.0
 50
0.0
 71
0
 42
2.5
  3
txt
  4

  0
ENDTAB
  0
TABLE
  2
VIEW
  5
7
330
0
100
AcDbSymbolTable
 70
0
  0
ENDTAB
  0
TABLE
  2
UCS
  5
6
330
0
100
AcDbSymbolTable
 70
0
  0
ENDTAB
  0
TABLE
  2
APPID
  5
3
330
0
100
AcDbSymbolTable
 70
3
  0
APPID
  5
2A
330
3
100
AcDbSymbolTableRecord
100
AcDbRegAppTableRecord
  2
ACAD
 70
0
  0
APPID
  5
127
330
3
100
AcDbSymbolTableRecord
100
AcDbRegAppTableRecord
  2
HATCHBACKGROUNDCOLOR
 70
0
  0
APPID
  5
128
330
3
100
AcDbSymbolTableRecord
100
AcDbRegAppTableRecord
  2
EZDXF
 70
0
  0
ENDTAB
  0
TABLE
  2
DIMSTYLE
  5
4
330
0
100
AcDbSymbolTable
 70
1
100
AcDbDimStyleTable
  0
DIMSTYLE
105
2B
330
4
100
AcDbSymbolTableRecord
100
AcDbDimStyleTableRecord
  2
Standard
 70
0
 40
1.0
 41
2.5
 42
0.625
 43
3.75
 44
1.25
 45
0.0
 46
0.0
 47
0.0
 48
0.0
 49
2.5
140
2.5
141
2.5
142
0.0
143
0.03937007874
144
1.0
145
0.0
146
1.0
147
0.625
148
0.0
 69
0
 70
0
 71
0
 72
0
 73
0
 74
0
 75
0
 76
0
 77
1
 78
8
 79
3
170
0
171
3
172
1
173
0
174
0
175
0
176
0
177
0
178
0
179
2
271
2
272
2
273
2
274
3
275
0
276
0
277
2
278
44
279
0
280
0
281
0
282
0
283
0
284
8
285
0
286
0
288
0
289
3
290
0
371
-2
372
-2
  0
ENDTAB
  0
TABLE
  2
BLOCK_RECORD
  5
9
330
0
100
AcDbSymbolTable
 70
3
  0
BLOCK_RECORD
  5
17
330
9
100
AcDbSymbolTableRecord
100
AcDbBlockTableRecord
  2
*Model_Space
340
1A
 70
0
280
1
281
0
  0
BLOCK_RECORD
  5
1B
330
9
100
AcDbSymbolTableRecord
100
AcDbBlockTableRecord
  2
*Paper_Space
340
1E
 70
0
280
1
281
0
  0
BLOCK_RECORD
  5
2F
330
9
100
AcDbSymbolTableRecord
100
AcDbBlockTableRecord
  2
31 Harol SC700 - verticaal-4583195-00_0 Basismaterialen
340
0
 70
0
280
1
281
0
  0
ENDTAB
  0
ENDSEC
  0
SECTION
  2
BLOCKS
  0
BLOCK
  5
18
330
17
100
AcDbEntity
  8
0
100
AcDbBlockBegin
  2
*Model_Space
 70
0
 10
0.0
 20
0.0
 30
0.0
  3
*Model_Space
  1

  0
ENDBLK
  5
19
330
17
100
AcDbEntity
  8
0
100
AcDbBlockEnd
  0
BLOCK
  5
1C
330
1B
100
AcDbEntity
  8
0
100
AcDbBlockBegin
  2
*Paper_Space
 70
0
 10
0.0
 20
0.0
 30
0.0
  3
*Paper_Space
  1

  0
ENDBLK
  5
1D
330
1B
100
AcDbEntity
  8
0
100
AcDbBlockEnd
  0
BLOCK
  5
30
330
2F
100
AcDbEntity
  8
0
100
AcDbBlockBegin
  2
31 Harol SC700 - verticaal-4583195-00_0 Basismaterialen
 70
0
 10
0.0
 20
0.0
 30
0.0
  3
31 Harol SC700 - verticaal-4583195-00_0 Basismaterialen
  1

  0
HATCH
  5
32
330
2F
100
AcDbEntity
  8
A-DETL-GENF
  6
Dash
100
AcDbHatch
 10
0.0
 20
0.0
 30
0.0
210
0.0
220
0.0
230
1.0
  2
SOLID
 70
1
 71
0
 91
2
 92
1
 93
85
 72
1
 10
-56.81849495704753
 20
17.06575818988765
 11
-53.29891357696983
 21
17.07673699199753
 72
1
 10
-53.29891357696983
 20
17.07673699199753
 11
-49.80787865294923
 21
17.5242286503932
 72
1
 10
-49.80787865294923
 20
17.5242286503932
 11
-46.40193884562916
 21
18.41144207115898
 72
1
 10
-46.40193884562916
 20
18.41144207115898
 11
-43.13236305633375
 21
19.71430345408126
 72
1
 10
-43.13236305633375
 20
19.71430345408126
 11
-40.0547172181616
 21
21.4218366806613
 72
1
 10
-40.0547172181616
 20
21.4218366806613
 11
-37.21265889640235
 21
23.49795761181935
 72
1
 10
-37.21265889640235
 20
23.49795761181935
 11
-34.65726936723257
 21
25.91819685191384
 72
1
 10
-34.65726936723257
 20
25.91819685191384
 11
-32.4218434310554
 21
28.63673405212933
 72
1
 10
-32.4218434310554
 20
28.63673405212933
 11
-30.54975841408209
 21
31.61714867333587
 72
1
 10
-30.54975841408209
 20
31.61714867333587
 11
-29.06184801507789
 21
34.80677189083546
 72
1
 10
-29.06184801507789
 20
34.80677189083546
 11
-27.997816642484
 21
38.13269357466884
 72
1
 10
-27.997816642484
 20
38.13269357466884
 11
-27.34511648194174
 21
41.92816080126839
 72
1
 10
-27.34511648194174
 20
41.92816080126839
 11
-27.42121283866954
 21
42.22758696262111
 72
1
 10
-27.42121283866954
 20
42.22758696262111
 11
-27.56811263533784
 21
42.4993720456301
 72
1
 10
-27.56811263533784
 20
42.4993720456301
 11
-27.77692438328234
 21
42.72706555790104
 72
1
 10
-27.77692438328234
 20
42.72706555790104
 11
-28.03500921344688
 21
42.89688576296047
 72
1
 10
-28.03500921344688
 20
42.89688576296047
 11
-28.3267458765516
 21
42.9985538553577
 72
1
 10
-28.3267458765516
 20
42.9985538553577
 11
-28.63447625939443
 21
43.02591611185357
 72
1
 10
-28.63447625939443
 20
43.02591611185357
 11
-28.93957418771091
 21
42.97731636137838
 72
1
 10
-28.93957418771091
 20
42.97731636137838
 11
-29.22357282330761
 21
42.85569622904589
 72
1
 10
-29.22357282330761
 20
42.85569622904589
 11
-29.46928241696897
 21
42.66841708663309
 72
1
 10
-29.46928241696897
 20
42.66841708663309
 11
-31.16779491338039
 21
41.0825165643473
 72
1
 10
-31.16779491338039
 20
41.0825165643473
 11
-31.55684775522083
 21
40.92545737126447
 72
1
 10
-31.55684775522083
 20
40.92545737126447
 11
-31.97323226682291
 21
40.87394385482986
 72
1
 10
-31.97323226682291
 20
40.87394385482986
 11
-32.38883089121401
 21
40.93145461281396
 72
1
 10
-32.38883089121401
 20
40.93145461281396
 11
-32.77557914069941
 21
41.09410606652953
 72
1
 10
-32.77557914069941
 20
41.09410606652953
 11
-33.10736073181664
 21
41.35091471061306
 72
1
 10
-33.10736073181664
 20
41.35091471061306
 11
-33.36177116215154
 21
41.6845388056864
 72
1
 10
-33.36177116215154
 20
41.6845388056864
 11
-33.52163063858116
 21
42.07244942899162
 72
1
 10
-33.52163063858116
 20
42.07244942899162
 11
-33.57614419193382
 21
42.48845180442881
 72
1
 10
-33.57614419193382
 20
42.48845180442881
 11
-33.52163137961312
 21
47.92750502155086
 72
1
 10
-33.52163137961312
 20
47.92750502155086
 11
-33.36177402577634
 21
48.3154134358981
 72
1
 10
-33.36177402577634
 20
48.3154134358981
 11
-33.10736680970293
 21
48.64903639659666
 72
1
 10
-33.10736680970293
 20
48.64903639659666
 11
-32.77558907397819
 21
48.90584536367996
 72
1
 10
-32.77558907397819
 20
48.90584536367996
 11
-32.38884475616243
 21
49.06849881164478
 72
1
 10
-32.38884475616243
 20
49.06849881164478
 11
-31.97324951929158
 21
49.12601324973982
 72
1
 10
-31.97324951929158
 20
49.12601324973982
 11
-31.55686724089071
 21
49.07450490355395
 72
1
 10
-31.55686724089071
 20
49.07450490355395
 11
-31.16781494497557
 21
48.91745197444597
 72
1
 10
-31.16781494497557
 20
48.91745197444597
 11
-30.83236414534137
 21
48.66545976719329
 72
1
 10
-30.83236414534137
 20
48.66545976719329
 11
-29.22355717429228
 21
47.14429464539144
 72
1
 10
-29.22355717429228
 20
47.14429464539144
 11
-28.93955871796205
 21
47.02267916874006
 72
1
 10
-28.93955871796205
 20
47.02267916874006
 11
-28.63446217808915
 21
46.97408340024668
 72
1
 10
-28.63446217808915
 20
46.97408340024668
 11
-28.32673407002096
 21
47.00144868596805
 72
1
 10
-28.32673407002096
 20
47.00144868596805
 11
-28.03500018949494
 21
47.10311869289818
 72
1
 10
-28.03500018949494
 20
47.10311869289818
 11
-27.77691825292896
 21
47.27293966149588
 72
1
 10
-27.77691825292896
 20
47.27293966149588
 11
-27.56810913247492
 21
47.50063287301565
 72
1
 10
-27.56810913247492
 20
47.50063287301565
 11
-27.42121137469816
 21
47.77241678740309
 72
1
 10
-27.42121137469816
 20
47.77241678740309
 11
-27.34511622990225
 21
48.07184119571955
 72
1
 10
-27.34511622990225
 20
48.07184119571955
 11
-27.34442949347947
 21
48.38078289852005
 72
1
 10
-27.34442949347947
 20
48.38078289852005
 11
-27.997816642484
 21
51.86730642534103
 72
1
 10
-27.997816642484
 20
51.86730642534103
 11
-29.06184801507789
 21
55.19322810917223
 72
1
 10
-29.06184801507789
 20
55.19322810917223
 11
-30.54975841408209
 21
58.38285132667182
 72
1
 10
-30.54975841408209
 20
58.38285132667182
 11
-32.4218434310554
 21
61.36326594787837
 72
1
 10
-32.4218434310554
 20
61.36326594787837
 11
-34.65726936723257
 21
64.08180314809385
 72
1
 10
-34.65726936723257
 20
64.08180314809385
 11
-37.21265889640235
 21
66.50204238818618
 72
1
 10
-37.21265889640235
 20
66.50204238818618
 11
-40.0547172181616
 21
68.57816331934639
 72
1
 10
-40.0547172181616
 20
68.57816331934639
 11
-43.13236305633375
 21
70.28569654592643
 72
1
 10
-43.13236305633375
 20
70.28569654592643
 11
-46.40193884562916
 21
71.58855792884872
 72
1
 10
-46.40193884562916
 20
71.58855792884872
 11
-49.80787865294923
 21
72.47577134961449
 72
1
 10
-49.80787865294923
 20
72.47577134961449
 11
-53.29891357696983
 21
72.92326300801017
 72
1
 10
-53.29891357696983
 20
72.92326300801017
 11
-56.81849495704753
 21
72.93424181012004
 72
1
 10
-56.81849495704753
 20
72.93424181012004
 11
-60.31097367355948
 21
72.49816149665618
 72
1
 10
-60.31097367355948
 20
72.49816149665618
 11
-63.72238220210255
 21
71.63221376354342
 72
1
 10
-63.72238220210255
 20
71.63221376354342
 11
-66.99619837679461
 21
70.3400445488566
 72
1
 10
-66.99619837679461
 20
70.3400445488566
 11
-70.08443700242388
 21
68.65174486685329
 72
1
 10
-70.08443700242388
 20
68.65174486685329
 11
-72.93326506086159
 21
66.58492307518048
 72
1
 10
-72.93326506086159
 20
66.58492307518048
 11
-75.50370385495056
 21
64.18067308174474
 72
1
 10
-75.50370385495056
 20
64.18067308174474
 11
-77.74800223026205
 21
61.46945593300027
 72
1
 10
-77.74800223026205
 20
61.46945593300027
 11
-79.63864454044305
 21
58.50077857093586
 72
1
 10
-79.63864454044305
 20
58.50077857093586
 11
-81.13697091369997
 21
55.3160349856088
 72
1
 10
-81.13697091369997
 20
55.3160349856088
 11
-82.22866287186088
 21
51.97002507923334
 72
1
 10
-82.22866287186088
 20
51.97002507923334
 11
-82.88658828518967
 21
48.51246701383883
 72
1
 10
-82.88658828518967
 20
48.51246701383883
 11
-83.1105282365115
 21
45.00000000000492
 72
1
 10
-83.1105282365115
 20
45.00000000000492
 11
-82.88658828518967
 21
41.48753298616886
 72
1
 10
-82.88658828518967
 20
41.48753298616886
 11
-82.22866287186088
 21
38.02997492077434
 72
1
 10
-82.22866287186088
 20
38.02997492077434
 11
-81.13697091369997
 21
34.68396501439674
 72
1
 10
-81.13697091369997
 20
34.68396501439674
 11
-79.63864454044305
 21
31.49922142907183
 72
1
 10
-79.63864454044305
 20
31.49922142907183
 11
-77.74800223026205
 21
28.53054406700526
 72
1
 10
-77.74800223026205
 20
28.53054406700526
 11
-75.50370385495056
 21
25.81932691826293
 72
1
 10
-75.50370385495056
 20
25.81932691826293
 11
-72.93326506086159
 21
23.41507692482719
 72
1
 10
-72.93326506086159
 20
23.41507692482719
 11
-70.08443700242388
 21
21.34825513315441
 72
1
 10
-70.08443700242388
 20
21.34825513315441
 11
-66.99619837679461
 21
19.6599554511511
 72
1
 10
-66.99619837679461
 20
19.6599554511511
 11
-63.72238220210255
 21
18.36778623646428
 72
1
 10
-63.72238220210255
 20
18.36778623646428
 11
-60.31097367355948
 21
17.50183850335151
 72
1
 10
-60.31097367355948
 20
17.50183850335151
 11
-56.81849495704753
 21
17.06575818988765
 97
0
 92
1
 93
77
 72
1
 10
-56.7641915365519
 20
17.96106092009358
 11
-60.14473257696224
 21
18.38316091085859
 72
1
 10
-60.14473257696224
 20
18.38316091085859
 11
-63.44680224740887
 21
19.22135063852512
 72
1
 10
-63.44680224740887
 20
19.22135063852512
 11
-66.6156899810375
 21
20.47210107716423
 72
1
 10
-66.6156899810375
 20
20.47210107716423
 11
-69.60494853562237
 21
22.10628571236219
 72
1
 10
-69.60494853562237
 20
22.10628571236219
 11
-72.36247028796014
 21
24.106860608106
 72
1
 10
-72.36247028796014
 20
24.106860608106
 11
-74.85052581414655
 21
26.43404900329275
 72
1
 10
-74.85052581414655
 20
26.43404900329275
 11
-77.02289441112048
 21
29.05836621105263
 72
1
 10
-77.02289441112048
 20
29.05836621105263
 11
-78.85294229314907
 21
31.93189207270368
 72
1
 10
-78.85294229314907
 20
31.93189207270368
 11
-80.30324864268319
 21
35.01455936266295
 72
1
 10
-80.30324864268319
 20
35.01455936266295
 11
-81.35995385207583
 21
38.25332459474197
 72
1
 10
-81.35995385207583
 20
38.25332459474197
 11
-81.9967953598586
 21
41.60006315967989
 72
1
 10
-81.9967953598586
 20
41.60006315967989
 11
-82.21356120992937
 21
44.99995120111969
 72
1
 10
-82.21356120992937
 20
44.99995120111969
 11
-81.99680224118033
 21
48.3998396812831
 72
1
 10
-81.99680224118033
 20
48.3998396812831
 11
-81.35996750713863
 21
51.74657953517076
 72
1
 10
-81.35996750713863
 20
51.74657953517076
 11
-80.30326885296012
 21
54.985346905999
 72
1
 10
-80.30326885296012
 20
54.985346905999
 11
-78.85296874269847
 21
58.06801713134683
 72
1
 10
-78.85296874269847
 20
58.06801713134683
 11
-77.02292667664095
 21
60.94154669697738
 72
1
 10
-77.02292667664095
 20
60.94154669697738
 11
-74.85056339124723
 21
63.56586830157414
 72
1
 10
-74.85056339124723
 20
63.56586830157414
 11
-72.36251257525997
 21
65.89306173253918
 72
1
 10
-72.36251257525997
 20
65.89306173253918
 11
-69.60499487205692
 21
67.89364220945814
 72
1
 10
-69.60499487205692
 20
67.89364220945814
 11
-66.61573962504639
 21
69.52783289486432
 72
1
 10
-66.61573962504639
 20
69.52783289486432
 11
-63.44685442292288
 21
70.77858974727995
 72
1
 10
-63.44685442292288
 20
70.77858974727995
 11
-60.14478644896087
 21
71.61678615827896
 72
1
 10
-60.14478644896087
 20
71.61678615827896
 11
-56.76424626288504
 21
72.0388929912049
 72
1
 10
-56.76424626288504
 20
72.0388929912049
 11
-53.35747164900413
 21
72.02826951165707
 72
1
 10
-53.35747164900413
 20
72.02826951165707
 11
-49.97832811683178
 21
71.5951239044271
 72
1
 10
-49.97832811683178
 20
71.5951239044271
 11
-46.68155187210703
 21
70.73635005742352
 72
1
 10
-46.68155187210703
 20
70.73635005742352
 11
-43.51676861044084
 21
69.47525012690137
 72
1
 10
-43.51676861044084
 20
69.47525012690137
 11
-40.53776332148256
 21
67.82244837944062
 72
1
 10
-40.53776332148256
 20
67.82244837944062
 11
-37.78679432886912
 21
65.81287237197276
 72
1
 10
-37.78679432886912
 20
65.81287237197276
 11
-35.31330571708706
 21
63.47020717706278
 72
1
 10
-35.31330571708706
 20
63.47020717706278
 11
-33.14952519331045
 21
60.83880451440947
 72
1
 10
-33.14952519331045
 20
60.83880451440947
 11
-31.33743982444602
 21
57.95391755925249
 72
1
 10
-31.33743982444602
 20
57.95391755925249
 11
-29.89721561582572
 21
54.86652701755363
 72
1
 10
-29.89721561582572
 20
54.86652701755363
 11
-28.86728447351796
 21
51.64720612423482
 72
1
 10
-28.86728447351796
 20
51.64720612423482
 11
-28.25677407667788
 21
48.09860752602418
 72
1
 10
-28.25677407667788
 20
48.09860752602418
 11
-28.35840757647534
 21
47.95589685228825
 72
1
 10
-28.35840757647534
 20
47.95589685228825
 11
-28.51550206810717
 21
47.87832736487199
 72
1
 10
-28.51550206810717
 20
47.87832736487199
 11
-28.69059885628933
 21
47.88439526795658
 72
1
 10
-28.69059885628933
 20
47.88439526795658
 11
-28.84194665372282
 21
47.97265368894993
 72
1
 10
-28.84194665372282
 20
47.97265368894993
 11
-30.20499459561857
 21
49.30654018909195
 72
1
 10
-30.20499459561857
 20
49.30654018909195
 11
-30.72680344196689
 21
49.69853777062542
 72
1
 10
-30.72680344196689
 20
49.69853777062542
 11
-31.33199544675612
 21
49.94285153077861
 72
1
 10
-31.33199544675612
 20
49.94285153077861
 11
-31.97970328694138
 21
50.02298348332825
 72
1
 10
-31.97970328694138
 20
50.02298348332825
 11
-32.62618863596733
 21
49.93352248872971
 72
1
 10
-32.62618863596733
 20
49.93352248872971
 11
-33.22779571948526
 21
49.68050965680316
 72
1
 10
-33.22779571948526
 20
49.68050965680316
 11
-33.74389929653536
 21
49.28103040350599
 72
1
 10
-33.74389929653536
 20
49.28103040350599
 11
-34.13964799525754
 21
48.7620607092902
 72
1
 10
-34.13964799525754
 20
48.7620607092902
 11
-34.38831775158525
 21
48.15864548877672
 72
1
 10
-34.38831775158525
 20
48.15864548877672
 11
-34.47311642818105
 21
47.51153208256147
 72
1
 10
-34.47311642818105
 20
47.51153208256147
 11
-34.47311642818105
 21
42.48846791744838
 72
1
 10
-34.47311642818105
 20
42.48846791744838
 11
-34.38831890408073
 21
41.84135883317025
 72
1
 10
-34.38831890408073
 20
41.84135883317025
 11
-34.1396524495795
 21
41.23794704884973
 72
1
 10
-34.1396524495795
 20
41.23794704884973
 11
-33.74390875083602
 21
40.71897911924824
 72
1
 10
-33.74390875083602
 20
40.71897911924824
 11
-33.22781117108093
 21
40.3194993635397
 72
1
 10
-33.22781117108093
 20
40.3194993635397
 11
-32.62621020353157
 21
40.06648342947386
 72
1
 10
-32.62621020353157
 20
40.06648342947386
 11
-31.97973012401862
 21
39.97701671027442
 72
1
 10
-31.97973012401862
 20
39.97701671027442
 11
-31.33202575773174
 21
40.05714062022696
 72
1
 10
-31.33202575773174
 20
40.05714062022696
 11
-30.72683460220922
 21
40.30144463641902
 72
1
 10
-30.72683460220922
 20
40.30144463641902
 11
-30.20502336787898
 21
40.69343165500163
 72
1
 10
-30.20502336787898
 20
40.69343165500163
 11
-28.6905639197688
 21
42.11559636871524
 72
1
 10
-28.6905639197688
 20
42.11559636871524
 11
-28.51547758796821
 21
42.12166204901797
 72
1
 10
-28.51547758796821
 20
42.12166204901797
 11
-28.35839307857375
 21
42.04409612242619
 72
1
 10
-28.35839307857375
 20
42.04409612242619
 11
-28.25676616949547
 21
41.90139367881613
 72
1
 10
-28.25676616949547
 20
41.90139367881613
 11
-28.23482913883724
 21
41.72758118666643
 72
1
 10
-28.23482913883724
 20
41.72758118666643
 11
-28.86727101969086
 21
38.35280425002547
 72
1
 10
-28.86727101969086
 20
38.35280425002547
 11
-29.89719564614021
 21
35.13348127214629
 72
1
 10
-29.89719564614021
 20
35.13348127214629
 11
-31.33741360593281
 21
32.04608781546225
 72
1
 10
-31.33741360593281
 20
32.04608781546225
 11
-33.14949313583041
 21
29.16119719267978
 72
1
 10
-33.14949313583041
 20
29.16119719267978
 11
-35.31326833368098
 21
26.5297901505761
 72
1
 10
-35.31326833368098
 20
26.5297901505761
 11
-37.78675220394306
 21
24.18711994936999
 72
1
 10
-37.78675220394306
 20
24.18711994936999
 11
-40.53771712919927
 21
22.17753837398992
 72
1
 10
-40.53771712919927
 20
22.17753837398992
 11
-43.51671907291244
 21
20.52473059707303
 72
1
 10
-43.51671907291244
 20
20.52473059707303
 11
-46.68149978212652
 21
19.2636242610821
 72
1
 10
-46.68149978212652
 20
19.2636242610821
 11
-49.97827428869793
 21
18.40484374145994
 72
1
 10
-49.97827428869793
 20
18.40484374145994
 11
-53.35741694418539
 21
17.97169129489965
 72
1
 10
-53.35741694418539
 20
17.97169129489965
 11
-56.7641915365519
 21
17.96106092009358
 97
0
 75
0
 76
1
 98
1
 10
0.0
 20
0.0
450
0
451
0
460
0.0
461
0.0
452
0
462
0.0
453
0
470

  0
HATCH
  5
33
330
2F
100
AcDbEntity
  8
A-DETL-GENF-HDLN
100
AcDbHatch
 10
0.0
 20
0.0
 30
0.0
210
0.0
220
0.0
230
1.0
  2
SOLID
 70
1
 71
0
 91
1
 92
1
 93
219
 72
1
 10
-11.62500000001685
 20
0.4523797003460516
 11
-10.12500000001719
 21
0.5523797003460289
 72
1
 10
-10.12500000001719
 20
0.5523797003460289
 11
-10.12500000001719
 21
84.7523797003464
 72
1
 10
-10.12500000001719
 20
84.7523797003464
 11
-12.37500000001668
 21
84.7523797003464
 72
1
 10
-12.37500000001668
 20
84.7523797003464
 11
-12.8538152334583
 21
84.81541692171272
 72
1
 10
-12.8538152334583
 20
84.81541692171272
 11
-13.30000000001863
 21
85.000232703347
 72
1
 10
-13.30000000001863
 20
85.000232703347
 11
-13.68314754521044
 21
85.29423215515219
 72
1
 10
-13.68314754521044
 20
85.29423215515219
 11
-13.97714699701781
 21
85.67737970034617
 72
1
 10
-13.97714699701781
 20
85.67737970034617
 11
-14.16196277865207
 21
86.1235644669065
 72
1
 10
-14.16196277865207
 20
86.1235644669065
 11
-14.22500000001625
 21
86.60237970034811
 72
1
 10
-14.22500000001625
 20
86.60237970034811
 11
-14.16196277865207
 21
87.08119493378759
 72
1
 10
-14.16196277865207
 20
87.08119493378759
 11
-13.97714699701781
 21
87.52737970034791
 72
1
 10
-13.97714699701781
 20
87.52737970034791
 11
-13.68314754521044
 21
87.91052724554189
 72
1
 10
-13.68314754521044
 20
87.91052724554189
 11
-13.30000000001863
 21
88.20452669734927
 72
1
 10
-13.30000000001863
 20
88.20452669734927
 11
-12.8538152334583
 21
88.38934247898135
 72
1
 10
-12.8538152334583
 20
88.38934247898135
 11
-12.37500000001668
 21
88.4523797003477
 72
1
 10
-12.37500000001668
 20
88.4523797003477
 11
-11.19211997657759
 21
88.49157537760365
 72
1
 10
-11.19211997657759
 20
88.49157537760365
 11
-11.02590866565281
 21
88.67398896509495
 72
1
 10
-11.02590866565281
 20
88.67398896509495
 11
-11.00406412582073
 21
88.7549242417257
 72
1
 10
-11.00406412582073
 20
88.7549242417257
 11
-11.10909352307175
 21
89.06100667008884
 72
1
 10
-11.10909352307175
 20
89.06100667008884
 11
-11.76300372784374
 21
89.54525772233822
 72
1
 10
-11.76300372784374
 20
89.54525772233822
 11
-12.51790944449417
 21
89.84892694448627
 72
1
 10
-12.51790944449417
 20
89.84892694448627
 11
-13.32500000001646
 21
89.95237970034736
 72
1
 10
-13.32500000001646
 20
89.95237970034736
 11
-96.92500000001912
 21
89.95237970034736
 72
1
 10
-96.92500000001912
 20
89.95237970034736
 11
-97.7381601352097
 21
89.8473386006444
 72
1
 10
-97.7381601352097
 20
89.8473386006444
 11
-98.49793574863483
 21
89.53911132192738
 72
1
 10
-98.49793574863483
 20
89.53911132192738
 11
-99.15444704905838
 21
89.04793319689307
 72
1
 10
-99.15444704905838
 20
89.04793319689307
 11
-99.2341893168327
 21
88.66879898341975
 72
1
 10
-99.2341893168327
 20
88.66879898341975
 11
-99.07118053288478
 21
88.49063820596712
 72
1
 10
-99.07118053288478
 20
88.49063820596712
 11
-98.91284172463808
 21
88.4523797003477
 72
1
 10
-98.91284172463808
 20
88.4523797003477
 11
-97.87500000001891
 21
88.4523797003477
 72
1
 10
-97.87500000001891
 20
88.4523797003477
 11
-97.39618476657726
 21
88.38934247898135
 72
1
 10
-97.39618476657726
 20
88.38934247898135
 11
-96.95000000001694
 21
88.20452669734927
 72
1
 10
-96.95000000001694
 20
88.20452669734927
 11
-96.5668524548208
 21
87.91052724554189
 72
1
 10
-96.5668524548208
 20
87.91052724554189
 11
-96.27285300301342
 21
87.52737970034791
 72
1
 10
-96.27285300301342
 20
87.52737970034791
 11
-96.0880372213835
 21
87.08119493378759
 72
1
 10
-96.0880372213835
 20
87.08119493378759
 11
-96.02500000001498
 21
86.60237970034811
 72
1
 10
-96.02500000001498
 20
86.60237970034811
 11
-96.0880372213835
 21
86.1235644669065
 72
1
 10
-96.0880372213835
 20
86.1235644669065
 11
-96.27285300301342
 21
85.67737970034617
 72
1
 10
-96.27285300301342
 20
85.67737970034617
 11
-96.5668524548208
 21
85.29423215515219
 72
1
 10
-96.5668524548208
 20
85.29423215515219
 11
-96.95000000001694
 21
85.000232703347
 72
1
 10
-96.95000000001694
 20
85.000232703347
 11
-97.39618476657726
 21
84.81541692171272
 72
1
 10
-97.39618476657726
 20
84.81541692171272
 11
-98.30844660605312
 21
84.7523797003464
 72
1
 10
-98.30844660605312
 20
84.7523797003464
 11
-100.1250000000184
 21
84.7523797003464
 72
1
 10
-100.1250000000184
 20
84.7523797003464
 11
-100.0814938062298
 21
79.60369884914726
 72
1
 10
-100.0814938062298
 20
79.60369884914726
 11
-99.95367920901909
 21
79.27892081519737
 72
1
 10
-99.95367920901909
 20
79.27892081519737
 11
-99.74950010356712
 21
78.99585150302556
 72
1
 10
-99.74950010356712
 20
78.99585150302556
 11
-99.48164656948819
 21
78.7720841531289
 72
1
 10
-99.48164656948819
 20
78.7720841531289
 11
-99.10046222572292
 21
78.60835777669759
 72
1
 10
-99.10046222572292
 20
78.60835777669759
 11
-98.8244292316918
 21
78.55353533547897
 72
1
 10
-98.8244292316918
 20
78.55353533547897
 11
-98.32980717119527
 21
78.61814953444815
 72
1
 10
-98.32980717119527
 20
78.61814953444815
 11
-97.96804322366015
 21
78.78487091811145
 72
1
 10
-97.96804322366015
 20
78.78487091811145
 11
-97.84602169381748
 21
78.86032255799472
 72
1
 10
-97.84602169381748
 20
78.86032255799472
 11
-97.60379620108766
 21
79.11160756206196
 72
1
 10
-97.60379620108766
 20
79.11160756206196
 11
-97.39686975232875
 21
79.5406424507953
 72
1
 10
-97.39686975232875
 20
79.5406424507953
 11
-97.33912310303269
 21
79.75164378444634
 72
1
 10
-97.33912310303269
 20
79.75164378444634
 11
-97.3331253821239
 21
80.10061566001873
 72
1
 10
-97.3331253821239
 20
80.10061566001873
 11
-97.42707835789786
 21
80.46587812749146
 72
1
 10
-97.42707835789786
 20
80.46587812749146
 11
-97.69061156231167
 21
80.87714256177377
 72
1
 10
-97.69061156231167
 20
80.87714256177377
 11
-97.80909567014798
 21
81.00882928851325
 72
1
 10
-97.80909567014798
 20
81.00882928851325
 11
-98.42812443189607
 21
81.48316477609082
 72
1
 10
-98.42812443189607
 20
81.48316477609082
 11
-98.46754921374152
 21
81.52858036489222
 72
1
 10
-98.46754921374152
 20
81.52858036489222
 11
-98.57611299798656
 21
81.75155522512911
 72
1
 10
-98.57611299798656
 20
81.75155522512911
 11
-98.62326742058175
 21
81.99503077621864
 72
1
 10
-98.62326742058175
 20
81.99503077621864
 11
-98.60579898554805
 21
82.24241456171475
 72
1
 10
-98.60579898554805
 20
82.24241456171475
 11
-98.42450866988023
 21
82.62546239797184
 72
1
 10
-98.42450866988023
 20
82.62546239797184
 11
-98.24406170221259
 21
82.80563714264314
 72
1
 10
-98.24406170221259
 20
82.80563714264314
 11
-98.19879933547371
 21
82.84492891407174
 72
1
 10
-98.19879933547371
 20
82.84492891407174
 11
-97.97582447523467
 21
82.95349269831677
 72
1
 10
-97.97582447523467
 20
82.95349269831677
 11
-97.73234892414729
 21
83.0006471209098
 72
1
 10
-97.73234892414729
 20
83.0006471209098
 11
-97.48496513865116
 21
82.98317868587829
 72
1
 10
-97.48496513865116
 20
82.98317868587829
 11
-97.25053191491092
 21
82.90227783820006
 72
1
 10
-97.25053191491092
 20
82.90227783820006
 11
-96.45232178504052
 21
82.31717990983518
 72
1
 10
-96.45232178504052
 20
82.31717990983518
 11
-95.99111248902703
 21
81.77200588458363
 72
1
 10
-95.99111248902703
 20
81.77200588458363
 11
-95.6522434715095
 21
81.12241792982466
 72
1
 10
-95.6522434715095
 20
81.12241792982466
 11
-95.4677311611965
 21
80.47933903451752
 72
1
 10
-95.4677311611965
 20
80.47933903451752
 11
-95.43440673750332
 21
79.70101017530416
 72
1
 10
-95.43440673750332
 20
79.70101017530416
 11
-95.64708921439836
 21
78.80018347887903
 72
1
 10
-95.64708921439836
 20
78.80018347887903
 11
-95.9095551223463
 21
78.2285849397532
 72
1
 10
-95.9095551223463
 20
78.2285849397532
 11
-96.39154762210386
 21
77.6165477182689
 72
1
 10
-96.39154762210386
 20
77.6165477182689
 11
-95.50254883600739
 21
76.80904271429004
 72
1
 10
-95.50254883600739
 20
76.80904271429004
 11
-95.26179582993296
 21
76.79416710664563
 72
1
 10
-95.26179582993296
 20
76.79416710664563
 11
-94.95547548425674
 21
76.97835325897542
 72
1
 10
-94.95547548425674
 20
76.97835325897542
 11
-94.36125863782478
 21
77.95055984354426
 72
1
 10
-94.36125863782478
 20
77.95055984354426
 11
-94.01293393969806
 21
79.03543274316861
 72
1
 10
-94.01293393969806
 20
79.03543274316861
 11
-93.93012911325937
 21
80.17184053281999
 72
1
 10
-93.93012911325937
 20
80.17184053281999
 11
-93.66862816030815
 21
81.65488613309479
 72
1
 10
-93.66862816030815
 20
81.65488613309479
 11
-93.74121378128943
 21
82.0274254811386
 72
1
 10
-93.74121378128943
 20
82.0274254811386
 11
-93.93253054459824
 21
82.19847520806927
 72
1
 10
-93.93253054459824
 20
82.19847520806927
 11
-94.18350048431817
 21
82.25208679602864
 72
1
 10
-94.18350048431817
 20
82.25208679602864
 11
-94.31084051921103
 21
82.22906607802771
 72
1
 10
-94.31084051921103
 20
82.22906607802771
 11
-94.60163982837634
 21
81.98516035852984
 72
1
 10
-94.60163982837634
 20
81.98516035852984
 11
-94.93002153885621
 21
82.29494273632933
 72
1
 10
-94.93002153885621
 20
82.29494273632933
 11
-95.1682308602434
 21
82.67842153441367
 72
1
 10
-95.1682308602434
 20
82.67842153441367
 11
-95.30041571712201
 21
83.11007745408573
 72
1
 10
-95.30041571712201
 20
83.11007745408573
 11
-95.31777962618402
 21
83.56118516188583
 72
1
 10
-95.31777962618402
 20
83.56118516188583
 11
-95.2191670743135
 21
84.00172486950571
 72
1
 10
-95.2191670743135
 20
84.00172486950571
 11
-95.0111404143201
 21
84.4023800555507
 72
1
 10
-95.0111404143201
 20
84.4023800555507
 11
-94.70754316114576
 21
84.73648838714476
 72
1
 10
-94.70754316114576
 20
84.73648838714476
 11
-94.32857874983198
 21
84.98181601366593
 72
1
 10
-94.32857874983198
 20
84.98181601366593
 11
-93.8994660609504
 21
85.12203715905902
 72
1
 10
-93.8994660609504
 20
85.12203715905902
 11
-93.44876118400406
 21
85.1478205504865
 72
1
 10
-93.44876118400406
 20
85.1478205504865
 11
-93.00645710019123
 21
85.05745038495817
 72
1
 10
-93.00645710019123
 20
85.05745038495817
 11
-92.60198774454567
 21
84.85694051059232
 72
1
 10
-92.60198774454567
 20
84.85694051059232
 11
-92.26226927084734
 21
84.55963422407741
 72
1
 10
-92.26226927084734
 20
84.55963422407741
 11
-92.00990886688813
 21
84.18531631655746
 72
1
 10
-92.00990886688813
 20
84.18531631655746
 11
-91.86170031777834
 21
83.75889645850079
 72
1
 10
-91.86170031777834
 20
83.75889645850079
 11
-91.8275064327615
 21
83.30875154005192
 72
1
 10
-91.8275064327615
 20
83.30875154005192
 11
-92.08363502619333
 21
83.29268117501302
 72
1
 10
-92.08363502619333
 20
83.29268117501302
 11
-92.37109550773594
 21
83.044849155764
 72
1
 10
-92.37109550773594
 20
83.044849155764
 11
-92.42470709569749
 21
82.79387921604408
 72
1
 10
-92.42470709569749
 20
82.79387921604408
 11
-92.34675708372149
 21
82.54937173427938
 72
1
 10
-92.34675708372149
 20
82.54937173427938
 11
-92.15778065819437
 21
82.37573987198589
 72
1
 10
-92.15778065819437
 20
82.37573987198589
 11
-91.1938862466826
 21
81.64216260293308
 72
1
 10
-91.1938862466826
 20
81.64216260293308
 11
-90.9652620912186
 21
81.65696501214677
 72
1
 10
-90.9652620912186
 20
81.65696501214677
 11
-90.70602988922347
 21
81.87545124643304
 72
1
 10
-90.70602988922347
 20
81.87545124643304
 11
-90.4422059875045
 21
82.53745098931643
 72
1
 10
-90.4422059875045
 20
82.53745098931643
 11
-90.32900732929399
 21
83.24103664470866
 72
1
 10
-90.32900732929399
 20
83.24103664470866
 11
-90.37187652440596
 21
83.95237970034655
 72
1
 10
-90.37187652440596
 20
83.95237970034655
 11
-87.6250000000169
 21
83.95237970034655
 72
1
 10
-87.6250000000169
 20
83.95237970034655
 11
-87.6250000000169
 21
85.45237970034621
 72
1
 10
-87.6250000000169
 20
85.45237970034621
 11
-91.05309595743228
 21
85.45237970034621
 72
1
 10
-91.05309595743228
 20
85.45237970034621
 11
-91.54112362762457
 21
85.93730512367415
 72
1
 10
-91.54112362762457
 20
85.93730512367415
 11
-92.12029277333455
 21
86.30863620737311
 72
1
 10
-92.12029277333455
 20
86.30863620737311
 11
-92.76464983551409
 21
86.54973297109693
 72
1
 10
-92.76464983551409
 20
86.54973297109693
 11
-93.44532007320942
 21
86.64979145689782
 72
1
 10
-93.44532007320942
 20
86.64979145689782
 11
-94.1318014900052
 21
86.60432787306026
 72
1
 10
-94.1318014900052
 20
86.60432787306026
 11
-94.02500000001542
 21
88.4523797003477
 72
1
 10
-94.02500000001542
 20
88.4523797003477
 11
-16.22500000001579
 21
88.4523797003477
 72
1
 10
-16.2250000000158
 20
88.4523797003477
 11
-16.12500000001583
 21
86.75237970034809
 72
1
 10
-16.12500000001583
 20
86.75237970034809
 11
-17.29324080127372
 21
86.59303454091788
 72
1
 10
-17.29324080127372
 20
86.59303454091788
 11
-18.0111338469304
 21
86.36502148482484
 72
1
 10
-18.0111338469304
 20
86.36502148482484
 11
-18.65725700804918
 21
85.97787133382388
 72
1
 10
-18.65725700804918
 20
85.97787133382388
 11
-19.19690404259897
 21
85.45237970034621
 72
1
 10
-19.19690404259897
 20
85.45237970034621
 11
-22.62500000001868
 21
85.45237970034621
 72
1
 10
-22.62500000001868
 20
85.45237970034621
 11
-22.62500000001868
 21
83.95237970034655
 72
1
 10
-22.62500000001868
 20
83.95237970034655
 11
-18.33632477259841
 21
83.95237970034655
 72
1
 10
-18.33632477259841
 20
83.95237970034655
 11
-18.14793108712234
 21
84.34735272252597
 72
1
 10
-18.14793108712234
 20
84.34735272252597
 11
-17.86743610581059
 21
84.68323727774997
 72
1
 10
-17.86743610581059
 20
84.68323727774997
 11
-17.51237897323111
 21
84.93903075221974
 72
1
 10
-17.51237897323111
 20
84.93903075221974
 11
-17.10496115032166
 21
85.09873856840176
 72
1
 10
-17.10496115032166
 20
85.09873856840176
 11
-16.67065817346725
 21
85.1523743142085
 72
1
 10
-16.67065817346725
 20
85.1523743142085
 11
-15.39493118800192
 21
85.1523743142085
 72
1
 10
-15.39493118800192
 20
85.1523743142085
 11
-14.99566998521552
 21
84.51561454137745
 72
1
 10
-14.99566998521552
 20
84.51561454137745
 11
-14.46450016589079
 21
83.98388985755277
 72
1
 10
-14.46450016589079
 20
83.98388985755277
 11
-13.8281575939198
 21
83.58396405512994
 72
1
 10
-13.8281575939198
 20
83.58396405512994
 11
-13.11867189102753
 21
83.33596697098788
 72
1
 10
-13.11867189102753
 20
83.33596697098788
 11
-12.37175426010084
 21
83.25238127270877
 72
1
 10
-12.37175426010084
 20
83.25238127270877
 11
-11.62500000001685
 21
83.33741415688377
 72
1
 10
-11.62500000001685
 20
83.33741415688377
 11
-11.66525431393331
 21
15.18191133564244
 72
1
 10
-11.66525431393331
 20
15.18191133564243
 11
-11.8078281528732
 21
15.03393487157102
 72
1
 10
-11.8078281528732
 20
15.03393487157102
 11
-12.00325962440079
 21
14.97044571183554
 72
1
 10
-12.00325962440079
 20
14.97044571183554
 11
-12.20557921653163
 21
15.00637781598267
 72
1
 10
-12.20557921653163
 20
15.00637781598267
 11
-12.3671971892723
 21
15.1332792121787
 72
1
 10
-12.3671971892723
 20
15.1332792121787
 11
-12.7467388340326
 21
15.78100591321302
 72
1
 10
-12.7467388340326
 20
15.78100591321302
 11
-13.27521293765963
 21
16.31421962378461
 72
1
 10
-13.27521293765963
 20
16.31421962378461
 11
-13.91952517525606
 21
16.69952921336528
 72
1
 10
-13.91952517525606
 20
16.69952921336528
 11
-14.63932715818681
 21
16.91280566474817
 72
1
 10
-14.63932715818681
 20
16.91280566474817
 11
-15.3895431476006
 21
16.94069309138754
 72
1
 10
-15.3895431476006
 20
16.94069309138754
 11
-16.12319280611743
 21
16.78144511525825
 72
1
 10
-16.12319280611743
 20
16.78144511525825
 11
-16.79433321999725
 21
16.44503422929108
 72
1
 10
-16.79433321999725
 20
16.44503422929108
 11
-17.36093595539695
 21
15.95252729575815
 72
1
 10
-17.36093595539695
 20
15.95252729575815
 11
-17.50149153852039
 21
15.55147990176645
 72
1
 10
-17.50149153852039
 20
15.55147990176645
 11
-17.41178900631976
 21
15.27842169297374
 72
1
 10
-17.41178900631976
 20
15.27842169297374
 11
-17.31729601260902
 21
15.16850876394209
 72
1
 10
-17.31729601260902
 20
15.16850876394209
 11
-16.48774322088823
 21
14.70577285276718
 72
1
 10
-16.48774322088823
 20
14.70577285276718
 11
-16.24362494328561
 21
14.7041379424443
 72
1
 10
-16.24362494328561
 20
14.7041379424443
 11
-16.12865401825897
 21
14.74783740548097
 72
1
 10
-16.12865401825897
 20
14.74783740548097
 11
-15.89180003161061
 21
15.02099426709676
 72
1
 10
-15.89180003161061
 20
15.02099426709676
 11
-15.86796339919709
 21
15.2639515089005
 72
1
 10
-15.86796339919709
 20
15.2639515089005
 11
-15.96200213375088
 21
15.48923604630945
 72
1
 10
-15.96200213375088
 20
15.48923604630945
 11
-15.54100612485469
 21
15.65221466412822
 72
1
 10
-15.54100612485469
 20
15.65221466412822
 11
-15.09232622674867
 21
15.70207465220002
 72
1
 10
-15.09232622674867
 20
15.70207465220002
 11
-14.64582066470394
 21
15.63549798633039
 72
1
 10
-14.64582066470394
 20
15.63549798633039
 11
-14.23120296881685
 21
15.45691513263799
 72
1
 10
-14.23120296881685
 20
15.45691513263799
 11
-13.87606463275037
 21
15.17821021407607
 72
1
 10
-13.87606463275037
 20
15.17821021407607
 11
-13.60403898726764
 21
14.81793015970934
 72
1
 10
-13.60403898726764
 20
14.81793015970934
 11
-13.43322847698015
 21
14.40005046535817
 72
1
 10
-13.43322847698015
 20
14.40005046535817
 11
-13.37500000001645
 21
13.95237970034731
 72
1
 10
-13.37500000001645
 20
13.95237970034731
 11
-13.43322847698015
 21
13.50470893533646
 72
1
 10
-13.43322847698015
 20
13.50470893533646
 11
-13.60403898726764
 21
13.08682924098528
 72
1
 10
-13.60403898726764
 20
13.08682924098528
 11
-13.87606463275037
 21
12.72654918661639
 72
1
 10
-13.87606463275037
 20
12.72654918661639
 11
-14.23120296881685
 21
12.44784426805663
 72
1
 10
-14.23120296881685
 20
12.44784426805663
 11
-14.64582066470394
 21
12.26926141436424
 72
1
 10
-14.64582066470394
 20
12.26926141436424
 11
-15.09232622674867
 21
12.20268474849461
 72
1
 10
-15.09232622674867
 20
12.20268474849461
 11
-15.54100612485469
 21
12.25254473656424
 72
1
 10
-15.54100612485469
 20
12.25254473656424
 11
-15.96200213375088
 21
12.41552335438734
 72
1
 10
-15.96200213375088
 20
12.41552335438734
 11
-15.88823611594317
 21
12.87347878380108
 72
1
 10
-15.88823611594317
 20
12.87347878380108
 11
-16.01587621162396
 21
13.07535331047933
 72
1
 10
-16.01587621162396
 20
13.07535331047933
 11
-16.22259495925123
 21
13.19498891523759
 72
1
 10
-16.22259495925123
 20
13.19498891523759
 11
-16.57543082031009
 21
13.16730726146185
 72
1
 10
-16.57543082031009
 20
13.16730726146185
 11
-17.28427836057356
 21
12.74138868962335
 72
1
 10
-17.28427836057356
 20
12.74138868962335
 11
-17.52187694106648
 21
12.33892306509817
 72
1
 10
-17.52187694106648
 20
12.33892306509817
 11
-17.47130050796277
 21
12.10321611260346
 72
1
 10
-17.47130050796277
 20
12.10321611260346
 11
-17.40435613663793
 21
12.00185782083605
 72
1
 10
-17.40435613663793
 20
12.00185782083605
 11
-16.84196214553024
 21
11.49229006969043
 72
1
 10
-16.84196214553024
 20
11.49229006969043
 11
-16.16969282275636
 21
11.14015337479667
 72
1
 10
-16.16969282275636
 20
11.14015337479667
 11
-15.43056939332556
 21
10.96798238332086
 72
1
 10
-15.43056939332556
 20
10.96798238332086
 11
-14.67189134615401
 21
10.98679501131973
 72
1
 10
-14.67189134615401
 20
10.98679501131973
 11
-13.94220954898958
 21
11.19538736286007
 72
1
 10
-13.94220954898958
 20
11.19538736286007
 11
-13.28821928261398
 21
11.58041077217936
 72
1
 10
-13.28821928261398
 20
11.58041077217936
 11
-12.75177202152217
 21
12.11722603863508
 72
1
 10
-12.75177202152217
 20
12.11722603863508
 11
-12.29419808319637
 21
12.84487732580599
 72
1
 10
-12.29419808319637
 20
12.84487732580599
 11
-12.10663078646192
 21
12.92879897178488
 72
1
 10
-12.10663078646192
 20
12.92879897178488
 11
-11.9016365814527
 21
12.91459652905448
 72
1
 10
-11.9016365814527
 20
12.91459652905448
 11
-11.72743433225495
 21
12.80561070500601
 72
1
 10
-11.72743433225495
 20
12.80561070500601
 11
-11.62500000001685
 21
12.62747721279466
 72
1
 10
-11.62500000001685
 20
12.62747721279466
 11
-11.62500000001685
 21
2.452379700347762
 72
1
 10
-11.62500000001685
 20
2.452379700347762
 11
-11.88381904512137
 21
2.418305526636396
 72
1
 10
-11.88381904512137
 20
2.418305526636396
 11
-12.12500000001673
 21
2.318405104132739
 72
1
 10
-12.12500000001673
 20
2.318405104132739
 11
-12.3321067812029
 21
2.159486481534043
 72
1
 10
-12.3321067812029
 20
2.159486481534043
 11
-12.4910254038016
 21
1.95237970034571
 72
1
 10
-12.4910254038016
 20
1.95237970034571
 11
-12.59092582630742
 21
1.711198745448177
 72
1
 10
-12.59092582630742
 20
1.711198745448177
 11
-12.62500000002095
 21
1.452379700345824
 72
1
 10
-12.62500000002095
 20
1.452379700345824
 11
-12.59092582630742
 21
1.19356065524347
 72
1
 10
-12.59092582630742
 20
1.19356065524347
 11
-12.4910254038016
 21
0.9523797003459378
 72
1
 10
-12.4910254038016
 20
0.9523797003459378
 11
-12.3321067812029
 21
0.7452729191597713
 72
1
 10
-12.3321067812029
 20
0.7452729191597713
 11
-12.12500000001673
 21
0.5863542965610749
 72
1
 10
-12.12500000001673
 20
0.5863542965610749
 11
-11.88381904512137
 21
0.4864538740595834
 72
1
 10
-11.88381904512137
 20
0.4864538740595834
 11
-11.62500000001685
 21
0.4523797003460516
 97
0
 75
0
 76
1
 98
1
 10
0.0
 20
0.0
450
0
451
0
460
0.0
461
0.0
452
0
462
0.0
453
0
470

  0
HATCH
  5
34
330
2F
100
AcDbEntity
  8
A-DETL-GENF
  6
Dash
100
AcDbHatch
 10
0.0
 20
0.0
 30
0.0
210
0.0
220
0.0
230
1.0
  2
SOLID
 70
1
 71
0
 91
1
 92
1
 93
79
 72
1
 10
-32.67500001750253
 20
-9.953259934354646
 11
-32.54559049042822
 21
-9.936222846904469
 72
1
 10
-32.54559049042822
 20
-9.936222846904469
 11
-32.24198730046518
 21
-9.703259925609467
 72
1
 10
-32.24198730046518
 20
-9.703259925609467
 11
-32.17500000001651
 21
-9.453259916866456
 72
1
 10
-32.17500000001651
 20
-9.453259916866456
 11
-32.15873576470143
 21
-0.3788791360254997
 72
1
 10
-32.15873576470143
 20
-0.3788791360255004
 11
-32.03468023007835
 21
-0.1530182459395405
 72
1
 10
-32.03468023007835
 20
-0.1530182459395405
 11
-31.81721311375595
 21
-0.0147758115713714
 72
1
 10
-31.81721311375595
 20
-0.0147758115713714
 11
-31.04003111111902
 21
0.1564061721092912
 72
1
 10
-31.04003111111902
 20
0.1564061721092912
 11
-30.75597516714881
 21
0.3342110859604816
 72
1
 10
-30.75597516714881
 20
0.3342110859604816
 11
-30.51869665247409
 21
0.5708569673295358
 72
1
 10
-30.51869665247409
 20
0.5708569673295358
 11
-30.34013401111391
 21
0.8544372025460972
 72
1
 10
-30.34013401111391
 20
0.8544372025460972
 11
-30.22927145346061
 21
1.170683720320494
 72
1
 10
-30.22927145346061
 20
1.170683720320494
 11
-30.19168692436414
 21
1.503684876263406
 72
1
 10
-30.19168692436414
 20
1.503684876263406
 11
-30.25614355783444
 21
1.993281615013603
 72
1
 10
-30.25614355783444
 20
1.993281615013603
 11
-30.44512084518521
 21
2.449513145119004
 72
1
 10
-30.44512084518521
 20
2.449513145119004
 11
-30.74574029658896
 21
2.841288041756275
 72
1
 10
-30.74574029658896
 20
2.841288041756275
 11
-31.13751519322407
 21
3.141907493157867
 72
1
 10
-31.13751519322407
 20
3.141907493157867
 11
-31.59374672332514
 21
3.330884780510803
 72
1
 10
-31.59374672332514
 20
3.330884780510803
 11
-32.08334346207967
 21
3.395341413976769
 72
1
 10
-32.08334346207967
 20
3.395341413976769
 11
-32.5729402008342
 21
3.330884780510803
 72
1
 10
-32.5729402008342
 20
3.330884780510803
 11
-33.05485131155331
 21
3.1222028579136
 72
1
 10
-33.05485131155331
 20
3.1222028579136
 11
-33.4209466275747
 21
2.841288041756275
 72
1
 10
-33.4209466275747
 20
2.841288041756275
 11
-33.72156607897846
 21
2.449513145119004
 72
1
 10
-33.72156607897846
 20
2.449513145119004
 11
-33.91054336632923
 21
1.993281615013603
 72
1
 10
-33.91054336632923
 20
1.993281615013603
 11
-33.97499999979519
 21
1.503684876263406
 72
1
 10
-33.97499999979519
 20
1.503684876263406
 11
-97.5133296267748
 21
1.554726708235955
 72
1
 10
-97.5133296267748
 20
1.554726708235955
 11
-97.87460963548455
 21
1.704373787657255
 72
1
 10
-97.87460963548455
 20
1.704373787657255
 11
-98.18484781222394
 21
1.942427913372114
 72
1
 10
-98.18484781222394
 20
1.942427913372114
 11
-98.42290193793445
 21
2.252666090109318
 72
1
 10
-98.42290193793445
 20
2.252666090109318
 11
-98.57254901736007
 21
2.613946098821236
 72
1
 10
-98.57254901736007
 20
2.613946098821236
 11
-98.6235908493348
 21
3.001647303957395
 72
1
 10
-98.6235908493348
 20
3.001647303957395
 11
-98.6235908493348
 21
76.85631775494254
 72
1
 10
-98.6235908493348
 20
76.85631775494254
 11
-97.88966699149597
 21
76.97134603157724
 72
1
 10
-97.88966699149597
 20
76.97134603157724
 11
-97.20418936440046
 21
77.25769574132546
 72
1
 10
-97.20418936440046
 20
77.25769574132546
 11
-96.60652972688897
 21
77.69891982409622
 72
1
 10
-96.60652972688897
 20
77.69891982409622
 11
-96.13101583847332
 21
78.26967570487612
 72
1
 10
-96.13101583847332
 20
78.26967570487612
 11
-95.80495977674313
 21
78.93718089447098
 72
1
 10
-95.80495977674313
 20
78.93718089447098
 11
-95.64708921439836
 21
79.66309591640459
 72
1
 10
-95.64708921439836
 20
79.66309591640459
 11
-95.66647175840158
 21
80.40572641033314
 72
1
 10
-95.66647175840158
 20
80.40572641033314
 11
-95.86199413413841
 21
81.12241792982466
 72
1
 10
-95.86199413413841
 20
81.12241792982466
 11
-96.22242612849197
 21
81.77200588458363
 72
1
 10
-96.22242612849197
 20
81.77200588458363
 11
-96.72706561933066
 21
82.31717990983518
 72
1
 10
-96.72706561933066
 20
82.31717990983518
 11
-97.51740834871568
 21
82.7874418022175
 72
1
 10
-97.51740834871568
 20
82.7874418022175
 11
-97.87669470712662
 21
82.78015283607391
 72
1
 10
-97.87669470712662
 20
82.78015283607391
 11
-98.19133609480376
 21
82.60654231355491
 72
1
 10
-98.19133609480376
 20
82.60654231355491
 11
-98.3890773715048
 21
82.30647864721809
 72
1
 10
-98.3890773715048
 20
82.30647864721809
 11
-98.42450866988023
 21
81.94886930804697
 72
1
 10
-98.42450866988023
 20
81.94886930804697
 11
-98.2894934461246
 21
81.61583671846809
 72
1
 10
-98.2894934461246
 20
81.61583671846809
 11
-98.01503697898534
 21
81.38385942643363
 72
1
 10
-98.01503697898534
 20
81.38385942643363
 11
-97.69061156231167
 21
81.17067100248052
 72
1
 10
-97.69061156231167
 20
81.17067100248052
 11
-97.42707835789786
 21
80.88562468121741
 72
1
 10
-97.42707835789786
 20
80.88562468121741
 11
-97.2399509393208
 21
80.5455004622779
 72
1
 10
-97.2399509393208
 20
80.5455004622779
 11
-97.14024505306745
 21
80.17032065027016
 72
1
 10
-97.14024505306745
 20
80.17032065027016
 11
-97.13383014775599
 21
79.7821711892603
 72
1
 10
-97.13383014775599
 20
79.7821711892603
 11
-97.22108385362428
 21
79.40390151573727
 72
1
 10
-97.22108385362428
 20
79.40390151573727
 11
-97.39686975232875
 21
79.05777946658436
 72
1
 10
-97.39686975232875
 20
79.05777946658436
 11
-97.65083974569055
 21
78.76418042440913
 72
1
 10
-97.65083974569055
 20
78.76418042440913
 11
-97.96804322366015
 21
78.54038786721524
 72
1
 10
-97.96804322366015
 20
78.54038786721524
 11
-98.32980717119527
 21
78.39957593108714
 72
1
 10
-98.32980717119527
 20
78.39957593108714
 11
-98.7148354042913
 21
78.35003388012036
 72
1
 10
-98.7148354042913
 20
78.35003388012036
 11
-99.10046222572292
 21
78.3946781371451
 72
1
 10
-99.10046222572292
 20
78.3946781371451
 11
-99.57510191631074
 21
78.55442210148935
 72
1
 10
-99.57510191631074
 20
78.55442210148935
 11
-99.7982311805943
 21
78.52135264530266
 72
1
 10
-99.7982311805943
 20
78.52135264530266
 11
-100.084663805719
 21
78.18933979401679
 72
1
 10
-100.084663805719
 20
78.18933979401679
 11
-100.0981073541359
 21
78.07655653117166
 72
1
 10
-100.0981073541359
 20
78.07655653117166
 11
-100.0981073541359
 21
3.008835840736907
 72
1
 10
-100.0981073541359
 20
3.008835840736912
 11
-99.9955837590336
 21
2.230091821569152
 72
1
 10
-99.9955837590336
 20
2.230091821569152
 11
-99.69499978729054
 21
1.504417920370622
 72
1
 10
-99.69499978729054
 20
1.504417920370622
 11
-99.21683973985935
 21
0.8812676142787438
 72
1
 10
-99.21683973985935
 20
0.8812676142787438
 11
-98.59368943376964
 21
0.4031075668432152
 72
1
 10
-98.59368943376964
 20
0.4031075668432152
 11
-97.86801553256893
 21
0.1025235951088177
 72
1
 10
-97.86801553256893
 20
0.1025235951088177
 11
-97.08927151339898
 21
4.3315e-12
 72
1
 10
-97.08927151339898
 20
4.3315e-12
 11
-33.75495204658029
 21
-0.0266620255865064
 72
1
 10
-33.75495204658029
 20
-0.0266620255865064
 11
-33.40418025111784
 21
-0.2291802161227849
 72
1
 10
-33.40418025111784
 20
-0.2291802161227849
 11
-33.20166206058373
 21
-0.5799520115852319
 72
1
 10
-33.20166206058373
 20
-0.5799520115852319
 11
-33.17500003499289
 21
-0.7824702021215103
 72
1
 10
-33.17500003499289
 20
-0.7824702021215103
 11
-33.15796294754055
 21
-9.582669443945099
 72
1
 10
-33.15796294754055
 20
-9.582669443945099
 11
-33.02855342046191
 21
-9.806813319825824
 72
1
 10
-33.02855342046191
 20
-9.806813319825824
 11
-32.80440954458118
 21
-9.936222846904469
 72
1
 10
-32.80440954458118
 20
-9.936222846904469
 11
-32.67500001750253
 21
-9.953259934354646
 97
0
 75
0
 76
1
 98
1
 10
0.0
 20
0.0
450
0
451
0
460
0.0
461
0.0
452
0
462
0.0
453
0
470

  0
HATCH
  5
35
330
2F
100
AcDbEntity
  8
A-DETL-GENF
  6
Dash
100
AcDbHatch
 10
0.0
 20
0.0
 30
0.0
210
0.0
220
0.0
230
1.0
  2
SOLID
 70
1
 71
0
 91
2
 92
1
 93
68
 72
1
 10
-22.42923256791168
 20
-36.04783751883283
 11
-22.05417843448087
 21
-35.94734206666095
 72
1
 10
-22.05417843448087
 20
-35.94734206666095
 11
-21.77961975322193
 21
-35.67278338540201
 72
1
 10
-21.77961975322193
 20
-35.67278338540201
 11
-21.67912430105005
 21
-35.29772925196902
 72
1
 10
-21.67912430105005
 20
-35.29772925196902
 11
-21.77961975322193
 21
-34.9226751185382
 72
1
 10
-21.77961975322193
 20
-34.9226751185382
 11
-22.05417843448087
 21
-34.6481164372771
 72
1
 10
-22.05417843448087
 20
-34.6481164372771
 11
-22.42923256791168
 21
-34.54762098510738
 72
1
 10
-22.42923256791168
 20
-34.54762098510738
 11
-23.43655355723419
 21
-34.54762098510738
 72
1
 10
-23.43655355723419
 20
-34.54762098510738
 11
-23.43655355723419
 21
-32.54762065728064
 72
1
 10
-23.43655355723419
 20
-32.54762065728064
 11
-16.93655342312473
 21
-32.54762065728064
 72
1
 10
-16.93655342312473
 20
-32.54762065728064
 11
-16.93655342312473
 21
-34.54762098510738
 72
1
 10
-16.93655342312473
 20
-34.54762098510738
 11
-17.91063791712315
 21
-34.54762098510738
 72
1
 10
-17.91063791712315
 20
-34.54762098510738
 11
-18.28566147325367
 21
-34.64810824411381
 72
1
 10
-18.28566147325367
 20
-34.64810824411381
 11
-18.56019777037127
 21
-34.92264454123573
 72
1
 10
-18.56019777037127
 20
-34.92264454123573
 11
-18.66068502937986
 21
-35.29766809736409
 72
1
 10
-18.66068502937986
 20
-35.29766809736409
 11
-18.56019777037127
 21
-35.67269165349244
 72
1
 10
-18.56019777037127
 20
-35.67269165349244
 11
-18.28566147325367
 21
-35.94722795061437
 72
1
 10
-18.28566147325367
 20
-35.94722795061437
 11
-17.91063791712315
 21
-36.04771520962297
 72
1
 10
-17.91063791712315
 20
-36.04771520962297
 11
-12.44598973088248
 21
-35.98980304826821
 72
1
 10
-12.44598973088248
 20
-35.98980304826821
 11
-12.03608073370896
 21
-35.82001318230214
 72
1
 10
-12.03608073370896
 20
-35.82001318230214
 11
-11.68408389788802
 21
-35.54991651049444
 72
1
 10
-11.68408389788802
 20
-35.54991651049444
 11
-11.41398722608681
 21
-35.19791967467567
 72
1
 10
-11.41398722608681
 20
-35.19791967467567
 11
-11.24419736011425
 21
-34.78801067750432
 72
1
 10
-11.24419736011425
 20
-34.78801067750432
 11
-11.18628519876166
 21
-34.34812413973054
 72
1
 10
-11.18628519876166
 20
-34.34812413973054
 11
-11.18628519876166
 21
-11.54818226790895
 72
1
 10
-11.18628519876166
 20
-11.54818226790895
 11
-16.43295216090779
 21
-0.6825233703843026
 72
1
 10
-16.43295216090779
 20
-0.6825233703843026
 11
-16.71198148442314
 21
-0.4074750945152858
 72
1
 10
-16.71198148442314
 20
-0.4074750945152858
 11
-17.04656875266566
 21
-0.2036117153261614
 72
1
 10
-17.04656875266566
 20
-0.2036117153261614
 11
-17.41894160309877
 21
-0.0817618991438849
 72
1
 10
-17.41894160309877
 20
-0.0817618991438849
 11
-17.84650114710052
 21
-0.1942157694708669
 72
1
 10
-17.84650114710052
 20
-0.1942157694708669
 11
-17.97961564197479
 21
-0.3780576071958876
 72
1
 10
-17.97961564197479
 20
-0.3780576071958876
 11
-18.01154112074684
 21
-0.4877406904306327
 72
1
 10
-18.01154112074684
 20
-0.4877406904306327
 11
-18.68655349105909
 21
-4.449544862649782
 72
1
 10
-18.68655349105909
 20
-4.449544862649782
 11
-18.09184303658229
 21
-4.900020526089673
 72
1
 10
-18.09184303658229
 20
-4.900020526089673
 11
-17.62668084571359
 21
-5.4833154636703
 72
1
 10
-17.62668084571359
 20
-5.4833154636703
 11
-17.31983507303345
 21
-6.163355550584827
 72
1
 10
-17.31983507303345
 20
-6.163355550584827
 11
-17.19028272655281
 21
-6.898083416900584
 72
1
 10
-17.19028272655281
 20
-6.898083416900584
 11
-17.24603602652651
 21
-7.642059503588512
 72
1
 10
-17.24603602652651
 20
-7.642059503588512
 11
-17.4836468862822
 21
-8.349272291471772
 72
1
 10
-17.4836468862822
 20
-8.349272291471772
 11
-17.88842016060311
 21
-8.975983903313397
 72
1
 10
-17.88842016060311
 20
-8.975983903313397
 11
-18.43532247327844
 21
-9.483435091518317
 72
1
 10
-18.43532247327844
 20
-9.483435091518317
 11
-19.09053041694486
 21
-9.840242320394111
 72
1
 10
-19.09053041694486
 20
-9.840242320394111
 11
-19.81352237618855
 21
-10.02433869430665
 72
1
 10
-19.81352237618855
 20
-10.02433869430665
 11
-20.55958460416604
 21
-10.02433869430665
 72
1
 10
-20.55958460416604
 20
-10.02433869430665
 11
-21.28257656341406
 21
-9.840242320394111
 72
1
 10
-21.28257656341406
 20
-9.840242320394111
 11
-21.93778450708048
 21
-9.483435091518317
 72
1
 10
-21.93778450708048
 20
-9.483435091518317
 11
-22.48468681975582
 21
-8.975983903313397
 72
1
 10
-22.48468681975582
 20
-8.975983903313397
 11
-22.88946009407672
 21
-8.349272291471772
 72
1
 10
-22.88946009407672
 20
-8.349272291471772
 11
-23.12707095383241
 21
-7.642059503588512
 72
1
 10
-23.12707095383241
 20
-7.642059503588512
 11
-23.18282425380611
 21
-6.898083416900584
 72
1
 10
-23.18282425380611
 20
-6.898083416900584
 11
-23.05327190732548
 21
-6.163355550584827
 72
1
 10
-23.05327190732548
 20
-6.163355550584827
 11
-22.74642613464533
 21
-5.4833154636703
 72
1
 10
-22.74642613464533
 20
-5.4833154636703
 11
-22.28126394377663
 21
-4.900020526089673
 72
1
 10
-22.28126394377663
 20
-4.900020526089673
 11
-21.68655348929983
 21
-4.449544862649782
 72
1
 10
-21.68655348929983
 20
-4.449544862649782
 11
-22.44947882040302
 21
-0.2784833979904473
 72
1
 10
-22.44947882040302
 20
-0.2784833979904477
 11
-22.62084648018736
 21
-0.1296532469807005
 72
1
 10
-22.62084648018736
 20
-0.1296532469807005
 11
-22.95416537192378
 21
-0.0817618831412745
 72
1
 10
-22.95416537192378
 20
-0.0817618831412745
 11
-23.32653822522866
 21
-0.2036116989965251
 72
1
 10
-23.32653822522866
 20
-0.2036116989965251
 11
-23.6611254961177
 21
-0.4074750788830159
 72
1
 10
-23.6611254961177
 20
-0.4074750788830159
 11
-23.94015482175547
 21
-0.6825233563438475
 72
1
 10
-23.94015482175547
 20
-0.6825233563438475
 11
-24.14880492574879
 21
-1.014146717410955
 72
1
 10
-24.14880492574879
 20
-1.014146717410955
 11
-29.18642343501974
 21
-11.54734936141823
 72
1
 10
-29.18642343501974
 20
-11.54734936141823
 11
-29.12850398039243
 21
-34.78797434354159
 72
1
 10
-29.12850398039243
 20
-34.78797434354159
 11
-28.95869273163174
 21
-35.19793496334531
 72
1
 10
-28.95869273163174
 20
-35.19793496334531
 11
-28.68856204470865
 21
-35.54997612852391
 72
1
 10
-28.68856204470865
 20
-35.54997612852391
 11
-28.33652087953005
 21
-35.82010681544701
 72
1
 10
-28.33652087953005
 20
-35.82010681544701
 11
-27.92656025972849
 21
-35.98991806420769
 72
1
 10
-27.92656025972849
 20
-35.98991806420769
 11
-27.48661832404471
 21
-36.04783751883283
 72
1
 10
-27.48661832404471
 20
-36.04783751883283
 11
-22.42923256791168
 21
-36.04783751883283
 97
0
 92
1
 93
78
 72
1
 10
-24.93655341258879
 20
-34.54762098510738
 11
-27.68655332254126
 21
-34.54762098510738
 72
1
 10
-27.68655332254126
 20
-34.54762098510738
 11
-27.68655332254126
 21
-11.93322713618091
 72
1
 10
-27.68655332254126
 20
-11.93322713618091
 11
-25.15154314714306
 21
-6.672093838079326
 72
1
 10
-25.15154314714306
 20
-6.672093838079326
 11
-24.94532663874801
 21
-6.617240349364339
 72
1
 10
-24.94532663874801
 20
-6.617240349364339
 11
-24.75643902075678
 21
-6.716515831389034
 72
1
 10
-24.75643902075678
 20
-6.716515831389034
 11
-24.68467101863613
 21
-6.917472312824799
 72
1
 10
-24.68467101863613
 20
-6.917472312824799
 11
-24.58207495636758
 21
-8.011670367988291
 72
1
 10
-24.58207495636758
 20
-8.011670367988291
 11
-24.21731147060502
 21
-9.048368460670758
 72
1
 10
-24.21731147060502
 20
-9.048368460670758
 11
-23.6121365927975
 21
-9.965733547853006
 72
1
 10
-23.6121365927975
 20
-9.965733547853006
 11
-22.80264550292716
 21
-10.70905010985225
 72
1
 10
-22.80264550292716
 20
-10.70905010985225
 11
-21.83711966089471
 21
-11.23398361448372
 72
1
 10
-21.83711966089471
 20
-11.23398361448372
 11
-20.7731470967615
 21
-11.5092248154007
 72
1
 10
-20.7731470967615
 20
-11.5092248154007
 11
-19.67418761795613
 21
-11.51835716748269
 72
1
 10
-19.67418761795613
 20
-11.51835716748269
 11
-18.60578779893806
 21
-11.26083597876152
 72
1
 10
-18.60578779893806
 20
-11.26083597876152
 11
-17.63167150727841
 21
-10.75202089816357
 72
1
 10
-17.63167150727841
 20
-10.75202089816357
 11
-16.80993914366223
 21
-10.02225980129867
 72
1
 10
-16.80993914366223
 20
-10.02225980129867
 11
-16.18960228912504
 21
-9.115078715288433
 72
1
 10
-16.18960228912504
 20
-9.115078715288433
 11
-15.80766044784958
 21
-8.084585743065714
 72
1
 10
-15.80766044784958
 20
-8.084585743065714
 11
-15.608358486867
 21
-6.781918064775601
 72
1
 10
-15.608358486867
 20
-6.781918064775601
 11
-15.40860895849546
 21
-6.679424566011647
 72
1
 10
-15.40860895849546
 20
-6.679424566011647
 11
-15.19195166666438
 21
-6.738283798654373
 72
1
 10
-15.19195166666438
 20
-6.738283798654373
 11
-15.0955271880426
 21
-6.85525594814377
 72
1
 10
-15.0955271880426
 20
-6.85525594814377
 11
-12.68655365781333
 21
-11.93322713618091
 72
1
 10
-12.68655365781333
 20
-11.93322713618091
 11
-12.68655365781333
 21
-34.54762098510738
 72
1
 10
-12.68655365781333
 20
-34.54762098510738
 11
-15.43655356777013
 21
-34.54762098510738
 72
1
 10
-15.43655356777013
 20
-34.54762098510738
 11
-15.49447966171136
 21
-32.30762869062969
 72
1
 10
-15.49447966171136
 20
-32.30762869062969
 11
-15.66431037597461
 21
-31.89762107695461
 72
1
 10
-15.66431037597461
 20
-31.89762107695461
 11
-15.93447202802904
 21
-31.54553955722509
 72
1
 10
-15.93447202802904
 20
-31.54553955722509
 11
-16.28655354776289
 21
-31.2753779051685
 72
1
 10
-16.28655354776289
 20
-31.2753779051685
 11
-16.69656116143796
 21
-31.10554719090742
 72
1
 10
-16.69656116143796
 20
-31.10554719090742
 11
-17.13655352775564
 21
-31.04762109696185
 72
1
 10
-17.13655352775564
 20
-31.04762109696185
 11
-17.9282355330336
 21
-31.04762109696185
 72
1
 10
-17.9282355330336
 20
-31.04762109696185
 11
-17.76822942479934
 21
-30.49031528509411
 72
1
 10
-17.76822942479934
 20
-30.49031528509411
 11
-17.74367030216803
 21
-29.91101521422283
 72
1
 10
-17.74367030216803
 20
-29.91101521422283
 11
-17.85593368762748
 21
-29.34216667999169
 72
1
 10
-17.85593368762748
 20
-29.34216667999169
 11
-18.09873186425448
 21
-28.81563010192437
 72
1
 10
-18.09873186425448
 20
-28.81563010192437
 11
-18.56221719648987
 21
-28.28169515231865
 72
1
 10
-18.56221719648987
 20
-28.28169515231865
 11
-18.68293182127538
 21
-28.23204572045078
 72
1
 10
-18.68293182127538
 20
-28.23204572045078
 11
-19.06221564084717
 21
-28.28294161879293
 72
1
 10
-19.06221564084717
 20
-28.28294161879293
 11
-19.2447715349444
 21
-28.46640998967469
 72
1
 10
-19.2447715349444
 20
-28.46640998967469
 11
-19.31113539139317
 21
-28.71657620669714
 72
1
 10
-19.31113539139317
 20
-28.71657620669714
 11
-19.24352506847012
 21
-28.96640843403199
 72
1
 10
-19.24352506847012
 20
-28.96640843403199
 11
-18.9425839120602
 21
-29.35261120683008
 72
1
 10
-18.9425839120602
 20
-29.35261120683008
 11
-18.79765060172186
 21
-29.68114924191675
 72
1
 10
-18.79765060172186
 20
-29.68114924191675
 11
-18.73789644517445
 21
-30.0352288173236
 72
1
 10
-18.73789644517445
 20
-30.0352288173236
 11
-18.76698606760019
 21
-30.39313480890637
 72
1
 10
-18.76698606760019
 20
-30.39313480890637
 11
-18.88313544979133
 21
-30.73291742464946
 72
1
 10
-18.88313544979133
 20
-30.73291742464946
 11
-19.22503909565504
 21
-31.16818527975345
 72
1
 10
-19.22503909565504
 20
-31.16818527975345
 11
-19.34321810720668
 21
-31.27714872620759
 72
1
 10
-19.34321810720668
 20
-31.27714872620759
 11
-19.65893526177897
 21
-31.44822059196687
 72
1
 10
-19.65893526177897
 20
-31.44822059196687
 11
-20.00701038356582
 21
-31.53646238782245
 72
1
 10
-20.00701038356582
 20
-31.53646238782245
 11
-20.36609659179892
 21
-31.53646238803469
 72
1
 10
-20.36609659179892
 20
-31.53646238803469
 11
-20.71417171369406
 21
-31.44822059259493
 72
1
 10
-20.71417171369406
 20
-31.44822059259493
 11
-21.14806788139031
 21
-31.16818527975345
 72
1
 10
-21.14806788139031
 20
-31.16818527975345
 11
-21.29388563681041
 21
-31.03373835099555
 72
1
 10
-21.29388563681041
 20
-31.03373835099555
 11
-21.48997152653932
 21
-30.73291742620012
 72
1
 10
-21.48997152653932
 20
-30.73291742620012
 11
-21.60612090912896
 21
-30.39313481059781
 72
1
 10
-21.60612090912896
 20
-30.39313481059781
 11
-21.63521053198351
 21
-30.03522881904752
 72
1
 10
-21.63521053198351
 20
-30.03522881904752
 11
-21.57545637585625
 21
-29.68114924357137
 72
1
 10
-21.57545637585625
 20
-29.68114924357137
 11
-21.43052306590776
 21
-29.35261120831361
 72
1
 10
-21.43052306590776
 20
-29.35261120831361
 11
-21.07933122925724
 21
-28.84594285444867
 72
1
 10
-21.07933122925724
 20
-28.84594285444867
 11
-21.07868601103874
 21
-28.58712461317809
 72
1
 10
-21.07868601103874
 20
-28.58712461317809
 11
-21.20753635629984
 21
-28.36265883216436
 72
1
 10
-21.20753635629984
 20
-28.36265883216436
 11
-21.31089133864112
 21
-28.28294161611175
 72
1
 10
-21.31089133864112
 20
-28.28294161611175
 11
-21.69017516036565
 21
-28.23204571793853
 72
1
 10
-21.69017516036565
 20
-28.23204571793853
 11
-21.91464093935659
 21
-28.36089606523543
 72
1
 10
-21.91464093935659
 20
-28.36089606523543
 11
-22.27437511661122
 21
-28.81563010202832
 72
1
 10
-22.27437511661122
 20
-28.81563010202832
 11
-22.51717329287005
 21
-29.34216668015629
 72
1
 10
-22.51717329287005
 20
-29.34216668015629
 11
-22.6294366781909
 21
-29.91101521431812
 72
1
 10
-22.6294366781909
 20
-29.91101521431812
 11
-22.60487755566787
 21
-30.49031528509627
 72
1
 10
-22.60487755566787
 20
-30.49031528509627
 11
-22.44487144777579
 21
-31.04762109696185
 72
1
 10
-22.44487144777579
 20
-31.04762109696185
 11
-23.67654581892095
 21
-31.10554719090742
 72
1
 10
-23.67654581892095
 20
-31.10554719090742
 11
-24.08655343259603
 21
-31.2753779051685
 72
1
 10
-24.08655343259603
 20
-31.2753779051685
 11
-24.43863495232555
 21
-31.54553955722509
 72
1
 10
-24.43863495232555
 20
-31.54553955722509
 11
-24.70879660438431
 21
-31.89762107695461
 72
1
 10
-24.70879660438431
 20
-31.89762107695461
 11
-24.87862731864323
 21
-32.30762869062969
 72
1
 10
-24.87862731864323
 20
-32.30762869062969
 11
-24.93655341258879
 21
-32.7476210569452
 72
1
 10
-24.93655341258879
 20
-32.7476210569452
 11
-24.93655341258879
 21
-34.54762098510738
 97
0
 75
0
 76
1
 98
1
 10
0.0
 20
0.0
450
0
451
0
460
0.0
461
0.0
452
0
462
0.0
453
0
470

  0
ARC
  5
36
330
2F
100
AcDbEntity
  8
A-DETL-GENF
100
AcDbCircle
 10
-28.59098443819355
 20
41.7709177887752
 30
0.0
 40
1.255751698956291
100
AcDbArc
 50
353.0614545517843
 51
134.3804970379128
  0
LINE
  5
37
330
2F
100
AcDbEntity
  8
A-DETL-GENF
100
AcDbLine
 10
-29.46928241695197
 20
42.66841708662958
 30
0.0
 11
-30.83234564898548
 21
41.33451556216381
 31
0.0
  0
ARC
  5
38
330
2F
100
AcDbEntity
  8
A-DETL-GENF
100
AcDbCircle
 10
-31.96159429755527
 20
42.48845180442535
 30
0.0
 40
1.614549894442992
100
AcDbArc
 50
180.0000000000004
 51
314.3804970379126
  0
LINE
  5
39
330
2F
100
AcDbEntity
  8
A-DETL-GENF
100
AcDbLine
 10
-33.57614419191981
 20
42.48845180442535
 30
0.0
 11
-33.57614419191981
 21
47.51150542447328
 31
0.0
  0
ARC
  5
3A
330
2F
100
AcDbEntity
  8
A-DETL-GENF
100
AcDbCircle
 10
-31.96159429758186
 20
47.51150542447328
 30
0.0
 40
1.614549894561367
100
AcDbArc
 50
45.62042134606208
 51
180.0000000000004
  0
LINE
  5
3B
330
2F
100
AcDbEntity
  8
A-DETL-GENF
100
AcDbLine
 10
-30.83236414532577
 20
48.66545976718867
 30
0.0
 11
-29.46926803067662
 21
47.33156883571306
 31
0.0
  0
ARC
  5
3C
330
2F
100
AcDbEntity
  8
A-DETL-GENF
100
AcDbCircle
 10
-28.59098443819355
 20
48.22908221122524
 30
0.0
 40
1.255751698956291
100
AcDbArc
 50
225.6204213460608
 51
6.93854544820754
  0
ARC
  5
3D
330
2F
100
AcDbEntity
  8
A-DETL-GENF
100
AcDbCircle
 10
-55.12500000000026
 20
45.00000000000009
 30
0.0
 40
27.98552823649301
100
AcDbArc
 50
6.938545448207331
 51
353.0614545517922
  0
ARC
  5
3E
330
2F
100
AcDbEntity
  8
A-DETL-GENF
100
AcDbCircle
 10
-55.12500254317544
 20
44.99997861451912
 30
0.0
 40
27.08855866675204
100
AcDbArc
 50
6.938603148783179
 51
353.0615128169519
  0
ARC
  5
3F
330
2F
100
AcDbEntity
  8
A-DETL-GENF
100
AcDbCircle
 10
-28.59100020284773
 20
48.22908633395502
 30
0.0
 40
0.3587921720803924
100
AcDbArc
 50
225.6195042785743
 51
6.938603148782529
  0
LINE
  5
40
330
2F
100
AcDbEntity
  8
A-DETL-GENF
100
AcDbLine
 10
-28.84194665370887
 20
47.97265368894574
 30
0.0
 11
-30.20499459560614
 21
49.30654018908433
 31
0.0
  0
ARC
  5
41
330
2F
100
AcDbEntity
  8
A-DETL-GENF
100
AcDbCircle
 10
-31.9615997797232
 20
47.51153208255646
 30
0.0
 40
2.511516648441363
100
AcDbArc
 50
45.61950427857533
 51
179.9999999999998
  0
LINE
  5
42
330
2F
100
AcDbEntity
  8
A-DETL-GENF
100
AcDbLine
 10
-34.4731164281646
 20
47.51153208255646
 30
0.0
 11
-34.4731164281646
 21
42.48846791744403
 31
0.0
  0
ARC
  5
43
330
2F
100
AcDbEntity
  8
A-DETL-GENF
100
AcDbCircle
 10
-31.9615997797232
 20
42.48846791744404
 30
0.0
 40
2.511516648441361
100
AcDbArc
 50
179.9999999999999
 51
314.3795773374521
  0
LINE
  5
44
330
2F
100
AcDbEntity
  8
A-DETL-GENF
100
AcDbLine
 10
-30.20502336786505
 20
40.69343165499886
 30
0.0
 11
-28.84190387643211
 21
42.02734540108302
 31
0.0
  0
ARC
  5
45
330
2F
100
AcDbEntity
  8
A-DETL-GENF
100
AcDbCircle
 10
-28.59097481689468
 20
41.77092230549193
 30
0.0
 40
0.3587731863784339
100
AcDbArc
 50
353.0615128169255
 51
134.3795773374519
  0
CIRCLE
  5
46
330
2F
100
AcDbEntity
  8
A-DETL-GENF-HDLN
100
AcDbCircle
 10
-55.1250000000002
 20
45.00000000000009
 30
0.0
 40
35.00000000000003
  0
LINE
  5
47
330
2F
100
AcDbEntity
  8
A-DETL-GENF-HDLN
100
AcDbLine
 10
-20.12500000000039
 20
-7.218286921104883
 30
0.0
 11
-20.12500000000033
 21
44.9999999999998
 31
0.0
  0
LINE
  5
48
330
2F
100
AcDbEntity
  8
A-DETL-GENF
100
AcDbLine
 10
-16.67065817345191
 20
85.15237431420464
 30
0.0
 11
-15.39493118798582
 21
85.15237431420464
 31
0.0
  0
ARC
  5
49
330
2F
100
AcDbEntity
  8
A-DETL-GENF
100
AcDbCircle
 10
-12.37500000000018
 20
86.6023797003435
 30
0.0
 40
3.350000000000003
100
AcDbArc
 50
205.647765735134
 51
282.9370619792669
  0
LINE
  5
4A
330
2F
100
AcDbEntity
  8
A-DETL-GENF
100
AcDbLine
 10
-11.62500000000033
 20
83.33741415688056
 30
0.0
 11
-11.62500000000033
 21
15.27728218789991
 31
0.0
  0
ARC
  5
4B
330
2F
100
AcDbEntity
  8
A-DETL-GENF
100
AcDbCircle
 10
-12.03254328406919
 20
15.39311811055505
 30
0.0
 40
0.4236856020293708
100
AcDbArc
 50
217.8272179687784
 51
344.1332734880913
  0
ARC
  5
4C
330
2F
100
AcDbEntity
  8
A-DETL-GENF
100
AcDbCircle
 10
-15.12500000000008
 20
13.95237970034379
 30
0.0
 40
2.999999999999991
100
AcDbArc
 50
23.18075564396546
 51
138.1859030887412
  0
ARC
  5
4D
330
2F
100
AcDbEntity
  8
A-DETL-GENF
100
AcDbCircle
 10
-16.94710671808168
 20
15.58233800124057
 30
0.0
 40
0.5552429661128641
100
AcDbArc
 50
138.1859030887412
 51
228.1859030888009
  0
LINE
  5
4E
330
2F
100
AcDbEntity
  8
A-DETL-GENF
100
AcDbLine
 10
-17.31729601259419
 20
15.16850876393834
 30
0.0
 11
-16.60211853054128
 21
14.75100829471001
 31
0.0
  0
ARC
  5
4F
330
2F
100
AcDbEntity
  8
A-DETL-GENF
100
AcDbCircle
 10
-16.36243686707676
 20
15.1898165674202
 30
0.0
 40
0.5000000000000241
100
AcDbArc
 50
241.3561718524117
 51
36.78678929824555
  0
ARC
  5
50
330
2F
100
AcDbEntity
  8
A-DETL-GENF
100
AcDbCircle
 10
-15.12500000000008
 20
13.95237970034379
 30
0.0
 40
1.75
100
AcDbArc
 50
241.4264214034707
 51
118.5735785965297
  0
ARC
  5
51
330
2F
100
AcDbEntity
  8
A-DETL-GENF
100
AcDbCircle
 10
-16.36243686707675
 20
12.71494283326739
 30
0.0
 40
0.5000000000000244
100
AcDbArc
 50
323.2132107017549
 51
115.2132107017249
  0
LINE
  5
52
330
2F
100
AcDbEntity
  8
A-DETL-GENF
100
AcDbLine
 10
-16.57543082029504
 20
13.16730726145827
 30
0.0
 11
-17.28427836055592
 21
12.74138868962094
 31
0.0
  0
ARC
  5
53
330
2F
100
AcDbEntity
  8
A-DETL-GENF
100
AcDbCircle
 10
-17.03159068791728
 20
12.32084578060555
 30
0.0
 40
0.4906194026194708
100
AcDbArc
 50
121.0000000000011
 51
220.5547189834498
  0
ARC
  5
54
330
2F
100
AcDbEntity
  8
A-DETL-GENF
100
AcDbCircle
 10
-15.12500000000008
 20
13.95237970034379
 30
0.0
 40
3.000000000000019
100
AcDbArc
 50
220.5547189834496
 51
336.819244356036
  0
ARC
  5
55
330
2F
100
AcDbEntity
  8
A-DETL-GENF
100
AcDbCircle
 10
-12.03254328406919
 20
12.51164129013254
 30
0.0
 40
0.4236856020293684
100
AcDbArc
 50
15.86672651244353
 51
142.1727820312107
  0
LINE
  5
56
330
2F
100
AcDbEntity
  8
A-DETL-GENF
100
AcDbLine
 10
-11.62500000000141
 20
12.62747721279148
 30
0.0
 11
-11.62500000000141
 21
2.452379700343938
 31
0.0
  0
ARC
  5
57
330
2F
100
AcDbEntity
  8
A-DETL-GENF
100
AcDbCircle
 10
-11.62500000000142
 20
1.452379700343929
 30
0.0
 40
0.9999999999999962
100
AcDbArc
 50
89.99999999999969
 51
270.0000000001003
  0
LINE
  5
58
330
2F
100
AcDbEntity
  8
A-DETL-GENF
100
AcDbLine
 10
-11.62499999999766
 20
0.4523797003439367
 30
0.0
 11
-10.12500000000013
 21
0.5523797003437955
 31
0.0
  0
LINE
  5
59
330
2F
100
AcDbEntity
  8
A-DETL-GENF
100
AcDbLine
 10
-10.12500000000013
 20
0.5523797003437955
 30
0.0
 11
-10.12500000000013
 21
84.75237970034362
 31
0.0
  0
LINE
  5
5A
330
2F
100
AcDbEntity
  8
A-DETL-GENF
100
AcDbLine
 10
-10.12500000000013
 20
84.75237970034362
 30
0.0
 11
-12.37500000000018
 21
84.75237970034362
 31
0.0
  0
ARC
  5
5B
330
2F
100
AcDbEntity
  8
A-DETL-GENF
100
AcDbCircle
 10
-12.37500000000016
 20
86.6023797003435
 30
0.0
 40
1.850000000000022
100
AcDbArc
 50
90.0000000000004
 51
269.9999999999997
  0
LINE
  5
5C
330
2F
100
AcDbEntity
  8
A-DETL-GENF
100
AcDbLine
 10
-12.37500000000016
 20
88.45237970034364
 30
0.0
 11
-11.35392049204274
 21
88.45237970034364
 31
0.0
  0
ARC
  5
5D
330
2F
100
AcDbEntity
  8
A-DETL-GENF
100
AcDbCircle
 10
-11.35392049204275
 20
88.80593537108965
 30
0.0
 40
0.353555670746049
100
AcDbArc
 50
269.9999999999997
 51
46.17398832172774
  0
ARC
  5
5E
330
2F
100
AcDbEntity
  8
A-DETL-GENF
100
AcDbCircle
 10
-13.32499999999989
 20
86.75237970034388
 30
0.0
 40
3.199999999999875
100
AcDbArc
 50
46.17398832172886
 51
90.00000000000095
  0
LINE
  5
5F
330
2F
100
AcDbEntity
  8
A-DETL-GENF
100
AcDbLine
 10
-13.32499999999995
 20
89.95237970034377
 30
0.0
 11
-96.9249999999999
 21
89.95237970034377
 31
0.0
  0
ARC
  5
60
330
2F
100
AcDbEntity
  8
A-DETL-GENF
100
AcDbCircle
 10
-96.92499999999991
 20
86.7523797003438
 30
0.0
 40
3.199999999999988
100
AcDbArc
 50
89.99999999999974
 51
134.1630164513702
  0
ARC
  5
61
330
2F
100
AcDbEntity
  8
A-DETL-GENF
100
AcDbCircle
 10
-98.91284172461992
 20
88.79916391237008
 30
0.0
 40
0.3467842120264778
100
AcDbArc
 50
134.1630164513675
 51
269.9999999999997
  0
LINE
  5
62
330
2F
100
AcDbEntity
  8
A-DETL-GENF
100
AcDbLine
 10
-98.91284172461992
 20
88.45237970034364
 30
0.0
 11
-97.87500000000021
 21
88.45237970034364
 31
0.0
  0
ARC
  5
63
330
2F
100
AcDbEntity
  8
A-DETL-GENF
100
AcDbCircle
 10
-97.87500000000021
 20
86.6023797003435
 30
0.0
 40
1.850000000000005
100
AcDbArc
 50
269.9999999999998
 51
90.00000000000067
  0
LINE
  5
64
330
2F
100
AcDbEntity
  8
A-DETL-GENF
100
AcDbLine
 10
-97.87500000000021
 20
84.75237970034362
 30
0.0
 11
-100.1250000000002
 21
84.75237970034362
 31
0.0
  0
LINE
  5
65
330
2F
100
AcDbEntity
  8
A-DETL-GENF
100
AcDbLine
 10
-100.1250000000002
 20
84.75237970034362
 30
0.0
 11
-100.1250000000002
 21
79.95000009618101
 31
0.0
  0
ARC
  5
66
330
2F
100
AcDbEntity
  8
A-DETL-GENF
100
AcDbCircle
 10
-98.72500000000002
 20
79.95000009618101
 30
0.0
 40
1.399999999999991
100
AcDbArc
 50
180.0
 51
63.46089506721995
  0
ARC
  5
67
330
2F
100
AcDbEntity
  8
A-DETL-GENF
100
AcDbCircle
 10
-97.67500000000025
 20
82.05237970034374
 30
0.0
 40
0.9499999999999509
100
AcDbArc
 50
63.460895067219
 51
243.4608950672198
  0
ARC
  5
68
330
2F
100
AcDbEntity
  8
A-DETL-GENF
100
AcDbCircle
 10
-98.72500000000002
 20
79.95000009618101
 30
0.0
 40
3.299999999999891
100
AcDbArc
 50
314.9999999999973
 51
63.46089506721955
  0
LINE
  5
69
330
2F
100
AcDbEntity
  8
A-DETL-GENF
100
AcDbLine
 10
-96.39154762208459
 20
77.6165477182654
 30
0.0
 11
-95.70891981251714
 21
76.93391990869796
 31
0.0
  0
ARC
  5
6A
330
2F
100
AcDbEntity
  8
A-DETL-GENF
100
AcDbCircle
 10
-95.35193985572543
 20
77.29089986548966
 30
0.0
 40
0.5048458963900794
100
AcDbArc
 50
225.0000000000002
 51
321.7500626150086
  0
ARC
  5
6B
330
2F
100
AcDbEntity
  8
A-DETL-GENF
100
AcDbCircle
 10
-98.7250000000001
 20
79.95000009618106
 30
0.0
 40
4.800000000000066
100
AcDbArc
 50
321.7500626150067
 51
2.648968754341718
  0
LINE
  5
6C
330
2F
100
AcDbEntity
  8
A-DETL-GENF
100
AcDbLine
 10
-93.93012911324266
 20
80.17184053281657
 30
0.0
 11
-93.66862816029378
 21
81.65488613308838
 31
0.0
  0
ARC
  5
6D
330
2F
100
AcDbEntity
  8
A-DETL-GENF
100
AcDbCircle
 10
-94.15896948344705
 20
81.75268892859198
 30
0.0
 40
0.500000000000034
100
AcDbArc
 50
348.7198973027555
 51
152.2934758989754
  0
ARC
  5
6E
330
2F
100
AcDbEntity
  8
A-DETL-GENF
100
AcDbCircle
 10
-93.57500000000012
 20
83.40237970034372
 30
0.0
 40
1.749999999999963
100
AcDbArc
 50
356.9331080041977
 51
234.0802651972428
  0
ARC
  5
6F
330
2F
100
AcDbEntity
  8
A-DETL-GENF
100
AcDbCircle
 10
-91.92530922824841
 20
82.81841021689677
 30
0.0
 40
0.4999999999999964
100
AcDbArc
 50
78.71989730246082
 51
242.2934758990058
  0
LINE
  5
70
330
2F
100
AcDbEntity
  8
A-DETL-GENF
100
AcDbLine
 10
-92.15778065818094
 20
82.37573987198407
 30
0.0
 11
-91.40078829416379
 21
81.74054785853329
 31
0.0
  0
ARC
  5
71
330
2F
100
AcDbEntity
  8
A-DETL-GENF
100
AcDbCircle
 10
-91.10805270097939
 20
82.089416553391
 30
0.0
 40
0.4554157372871252
100
AcDbArc
 50
229.9999999999978
 51
331.9771183330735
  0
ARC
  5
72
330
2F
100
AcDbEntity
  8
A-DETL-GENF
100
AcDbCircle
 10
-93.57500000000003
 20
83.40237970034369
 30
0.0
 40
3.249999999999953
100
AcDbArc
 50
331.9771183330711
 51
9.743097376809708
  0
LINE
  5
73
330
2F
100
AcDbEntity
  8
A-DETL-GENF
100
AcDbLine
 10
-90.37187652439071
 20
83.95237970034377
 30
0.0
 11
-87.62500000000038
 21
83.95237970034377
 31
0.0
  0
LINE
  5
74
330
2F
100
AcDbEntity
  8
A-DETL-GENF
100
AcDbLine
 10
-87.62500000000038
 20
83.95237970034377
 30
0.0
 11
-87.62500000000038
 21
85.45237970034378
 31
0.0
  0
LINE
  5
75
330
2F
100
AcDbEntity
  8
A-DETL-GENF
100
AcDbLine
 10
-87.62500000000038
 20
85.45237970034378
 30
0.0
 11
-91.05309595741645
 21
85.45237970034378
 31
0.0
  0
ARC
  5
76
330
2F
100
AcDbEntity
  8
A-DETL-GENF
100
AcDbCircle
 10
-93.5750000000001
 20
83.40237970034372
 30
0.0
 40
3.250000000000012
100
AcDbArc
 50
39.10689781539074
 51
99.8647811129512
  0
LINE
  5
77
330
2F
100
AcDbEntity
  8
A-DETL-GENF
100
AcDbLine
 10
-94.13180148998774
 20
86.60432787305788
 30
0.0
 11
-94.025
 21
88.45237970034378
 31
0.0
  0
LINE
  5
78
330
2F
100
AcDbEntity
  8
A-DETL-GENF
100
AcDbLine
 10
-94.025
 20
88.45237970034378
 30
0.0
 11
-16.22499999999983
 21
88.45237970034378
 31
0.0
  0
LINE
  5
79
330
2F
100
AcDbEntity
  8
A-DETL-GENF
100
AcDbLine
 10
-16.22499999999983
 20
88.45237970034378
 30
0.0
 11
-16.12500000000039
 21
86.75237970034375
 31
0.0
  0
LINE
  5
7A
330
2F
100
AcDbEntity
  8
A-DETL-GENF
100
AcDbLine
 10
-16.12500000000039
 20
86.75237970034375
 30
0.0
 11
-17.2932408012557
 21
86.59303454091533
 31
0.0
  0
ARC
  5
7B
330
2F
100
AcDbEntity
  8
A-DETL-GENF
100
AcDbCircle
 10
-16.67500000000024
 20
83.40237970034364
 30
0.0
 40
3.250000000000058
100
AcDbArc
 50
100.9660867443475
 51
140.8931021846083
  0
LINE
  5
7C
330
2F
100
AcDbEntity
  8
A-DETL-GENF
100
AcDbLine
 10
-19.1969040425839
 20
85.45237970034378
 30
0.0
 11
-22.62500000000001
 21
85.45237970034378
 31
0.0
  0
LINE
  5
7D
330
2F
100
AcDbEntity
  8
A-DETL-GENF
100
AcDbLine
 10
-22.62500000000001
 20
85.45237970034378
 30
0.0
 11
-22.625
 21
83.95237970034377
 31
0.0
  0
LINE
  5
7E
330
2F
100
AcDbEntity
  8
A-DETL-GENF
100
AcDbLine
 10
-22.625
 20
83.95237970034377
 30
0.0
 11
-18.33632477258388
 21
83.95237970034377
 31
0.0
  0
ARC
  5
7F
330
2F
100
AcDbEntity
  8
A-DETL-GENF
100
AcDbCircle
 10
-16.67500000000026
 20
83.40237970034369
 30
0.0
 40
1.75000000000003
100
AcDbArc
 50
89.85784651717478
 51
161.6823015888031
  0
LINE
  5
80
330
2F
100
AcDbEntity
  8
A-DETL-GENF
100
AcDbLine
 10
-33.17500003497529
 20
-0.7824702021253004
 30
0.0
 11
-33.17500003497529
 21
-9.453259916870786
 31
0.0
  0
ARC
  5
81
330
2F
100
AcDbEntity
  8
A-DETL-GENF
100
AcDbCircle
 10
-32.67500001748819
 20
-9.453259916870786
 30
0.0
 40
0.5000000174872526
100
AcDbArc
 50
180.0
 51
359.9999999999992
  0
LINE
  5
82
330
2F
100
AcDbEntity
  8
A-DETL-GENF
100
AcDbLine
 10
-32.17500000000054
 20
-9.45325991687079
 30
0.0
 11
-32.17500000000054
 21
-0.5077229536333356
 31
0.0
  0
ARC
  5
83
330
2F
100
AcDbEntity
  8
A-DETL-GENF
100
AcDbCircle
 10
-31.65652328230853
 20
-0.50772295363334
 30
0.0
 40
0.5184767176922283
100
AcDbArc
 50
93.66578321214848
 51
179.9999999999994
  0
ARC
  5
84
330
2F
100
AcDbEntity
  8
A-DETL-GENF
100
AcDbCircle
 10
-31.68568417513415
 20
1.503684876258258
 30
0.0
 40
1.493997250921341
100
AcDbArc
 50
269.8470338431206
 51
359.9999999999994
  0
ARC
  5
85
330
2F
100
AcDbEntity
  8
A-DETL-GENF
100
AcDbCircle
 10
-32.08334346206477
 20
1.503684876258262
 30
0.0
 40
1.891656537715064
100
AcDbArc
 50
359.9999999999992
 51
180.0000000000016
  0
LINE
  5
86
330
2F
100
AcDbEntity
  8
A-DETL-GENF
100
AcDbLine
 10
-33.97499999977984
 20
1.503684876258195
 30
0.0
 11
-97.12562842162104
 21
1.503684876258195
 31
0.0
  0
ARC
  5
87
330
2F
100
AcDbEntity
  8
A-DETL-GENF
100
AcDbCircle
 10
-97.12562842162104
 20
3.001647303953884
 30
0.0
 40
1.497962427695549
100
AcDbArc
 50
180.0000000000006
 51
269.9999999999997
  0
LINE
  5
88
330
2F
100
AcDbEntity
  8
A-DETL-GENF
100
AcDbLine
 10
-98.62359084931666
 20
3.001647303953866
 30
0.0
 11
-98.62359084931666
 21
76.85631775493962
 31
0.0
  0
ARC
  5
89
330
2F
100
AcDbEntity
  8
A-DETL-GENF
100
AcDbCircle
 10
-98.73313470166875
 20
79.95411878183441
 30
0.0
 40
3.099737256255524
100
AcDbArc
 50
272.0252386107787
 51
63.43572553390853
  0
ARC
  5
8A
330
2F
100
AcDbEntity
  8
A-DETL-GENF
100
AcDbCircle
 10
-97.68228424027348
 20
82.05589093406242
 30
0.0
 40
0.7499004816081773
100
AcDbArc
 50
63.43572553390881
 51
243.6579382006871
  0
ARC
  5
8B
330
2F
100
AcDbEntity
  8
A-DETL-GENF
100
AcDbCircle
 10
-98.72500378374406
 20
79.95000176970129
 30
0.0
 40
1.600000201137838
100
AcDbArc
 50
242.4925293043221
 51
63.65793820068821
  0
ARC
  5
8C
330
2F
100
AcDbEntity
  8
A-DETL-GENF
100
AcDbCircle
 10
-99.61829380440086
 20
78.0765565311676
 30
0.0
 40
0.479813549717983
100
AcDbArc
 50
71.2404040533693
 51
180.0
  0
LINE
  5
8D
330
2F
100
AcDbEntity
  8
A-DETL-GENF
100
AcDbLine
 10
-100.0981073541188
 20
78.0765565311676
 30
0.0
 11
-100.0981073541188
 21
3.008835840734476
 31
0.0
  0
ARC
  5
8E
330
2F
100
AcDbEntity
  8
A-DETL-GENF
100
AcDbCircle
 10
-97.08927151338412
 20
3.008835840734471
 30
0.0
 40
3.00883584073451
100
AcDbArc
 50
179.9999999999998
 51
269.9999999999994
  0
LINE
  5
8F
330
2F
100
AcDbEntity
  8
A-DETL-GENF
100
AcDbLine
 10
-97.08927151338413
 20
0.0
 30
0.0
 11
-33.9574702371006
 21
0.0
 31
0.0
  0
ARC
  5
90
330
2F
100
AcDbEntity
  8
A-DETL-GENF
100
AcDbCircle
 10
-33.9574702371006
 20
-0.7824702021252993
 30
0.0
 40
0.7824702021252465
100
AcDbArc
 50
359.9999999999996
 51
90.00000000000006
  0
LINE
  5
91
330
2F
100
AcDbEntity
  8
A-DETL-GENF
100
AcDbLine
 10
-28.60895437677734
 20
86.19744074852485
 30
0.0
 11
-20.61414546401027
 21
86.19744074852485
 31
0.0
  0
ARC
  5
92
330
2F
100
AcDbEntity
  8
A-DETL-GENF
100
AcDbCircle
 10
-20.61414546401027
 20
87.19320542723705
 30
0.0
 40
0.9957646787121468
100
AcDbArc
 50
269.999999999999
 51
89.9999999999992
  0
LINE
  5
93
330
2F
100
AcDbEntity
  8
A-DETL-GENF
100
AcDbLine
 10
-20.61414546401027
 20
88.18896989387046
 30
0.0
 11
-28.60895437677735
 21
88.18896989387046
 31
0.0
  0
ARC
  5
94
330
2F
100
AcDbEntity
  8
A-DETL-GENF
100
AcDbCircle
 10
-28.60895437677735
 20
87.19320542454044
 30
0.0
 40
0.9957646760155686
100
AcDbArc
 50
89.99999999999991
 51
269.9999999999995
  0
ARC
  5
95
330
2F
100
AcDbEntity
  8
A-DETL-GENF
100
AcDbCircle
 10
-89.60895443346836
 20
87.19320545285225
 30
0.0
 40
0.9957646494695779
100
AcDbArc
 50
90.0
 51
269.9999999999997
  0
LINE
  5
96
330
2F
100
AcDbEntity
  8
A-DETL-GENF
100
AcDbLine
 10
-89.60895443346836
 20
86.19744080338278
 30
0.0
 11
-81.61415192037292
 21
86.19744080338278
 31
0.0
  0
ARC
  5
97
330
2F
100
AcDbEntity
  8
A-DETL-GENF
100
AcDbCircle
 10
-81.61415192037292
 20
87.1932053718235
 30
0.0
 40
0.9957645452438157
100
AcDbArc
 50
269.9999999999997
 51
90.0
  0
LINE
  5
98
330
2F
100
AcDbEntity
  8
A-DETL-GENF
100
AcDbLine
 10
-81.61415192037292
 20
88.1889698938704
 30
0.0
 11
-89.60895443346836
 21
88.1889698938704
 31
0.0
  0
ARC
  5
99
330
2F
100
AcDbEntity
  8
A-DETL-GENF
100
AcDbCircle
 10
-97.32077621969867
 20
10.53138431039727
 30
0.0
 40
1.001469991911185
100
AcDbArc
 50
0.0456946711174703
 51
179.9999999999995
  0
LINE
  5
9A
330
2F
100
AcDbEntity
  8
A-DETL-GENF
100
AcDbLine
 10
-98.3222462116099
 20
10.53138431039727
 30
0.0
 11
-98.3222462116099
 21
4.790698541817706
 31
0.0
  0
ARC
  5
9B
330
2F
100
AcDbEntity
  8
A-DETL-GENF
100
AcDbCircle
 10
-95.26155358877018
 20
4.790700143481536
 30
0.0
 40
3.060691017280816
100
AcDbArc
 50
179.9999999999997
 51
269.9999999999991
  0
LINE
  5
9C
330
2F
100
AcDbEntity
  8
A-DETL-GENF
100
AcDbLine
 10
-95.26155513525008
 20
1.730007442372587
 30
0.0
 11
-89.52073722855232
 21
1.730007442372587
 31
0.0
  0
ARC
  5
9D
330
2F
100
AcDbEntity
  8
A-DETL-GENF
100
AcDbCircle
 10
-89.52073722855232
 20
2.731477289522206
 30
0.0
 40
1.001469847149508
100
AcDbArc
 50
269.9999999999996
 51
89.99999999999996
  0
LINE
  5
9E
330
2F
100
AcDbEntity
  8
A-DETL-GENF
100
AcDbLine
 10
-89.52073722855232
 20
3.732947136671621
 30
0.0
 11
-95.26155353946615
 21
3.732947136671621
 31
0.0
  0
ARC
  5
9F
330
2F
100
AcDbEntity
  8
A-DETL-GENF
100
AcDbCircle
 10
-95.2615535394661
 20
4.790700143481553
 30
0.0
 40
1.057753006809823
100
AcDbArc
 50
180.0000000000006
 51
269.9999999999976
  0
LINE
  5
A0
330
2F
100
AcDbEntity
  8
A-DETL-GENF
100
AcDbLine
 10
-96.319306546276
 20
4.790700143481536
 30
0.0
 11
-96.319306546276
 21
10.53218300512579
 31
0.0
  0
ARC
  5
A1
330
2F
100
AcDbEntity
  8
A-DETL-GENF
100
AcDbCircle
 10
-42.61609722673923
 20
2.690700186905798
 30
0.0
 40
0.9987080635107753
100
AcDbArc
 50
117.4893341572998
 51
269.9999999999984
  0
LINE
  5
A2
330
2F
100
AcDbEntity
  8
A-DETL-GENF
100
AcDbLine
 10
-42.61609722673923
 20
1.691989200798288
 30
0.0
 11
-34.99649681806158
 21
1.691989200798288
 31
0.0
  0
ARC
  5
A3
330
2F
100
AcDbEntity
  8
A-DETL-GENF
100
AcDbCircle
 10
-34.99649681806156
 20
2.692112271078376
 30
0.0
 40
1.000123070280055
100
AcDbArc
 50
269.9999999999976
 51
340.7864381208792
  0
ARC
  5
A4
330
2F
100
AcDbEntity
  8
A-DETL-GENF
100
AcDbCircle
 10
-32.11154721216441
 20
1.69069961986047
 30
0.0
 40
2.053689050742184
100
AcDbArc
 50
90.00000000000018
 51
160.8917872348993
  0
LINE
  5
A5
330
2F
100
AcDbEntity
  8
A-DETL-GENF
100
AcDbLine
 10
-32.11154721216442
 20
3.744388670602608
 30
0.0
 11
-28.34327812460389
 21
3.744388670602608
 31
0.0
  0
LINE
  5
A6
330
2F
100
AcDbEntity
  8
A-DETL-GENF
100
AcDbLine
 10
-28.34327812460389
 20
3.744388670602608
 30
0.0
 11
-28.34327812460389
 21
0.8564734378573803
 31
0.0
  0
ARC
  5
A7
330
2F
100
AcDbEntity
  8
A-DETL-GENF
100
AcDbCircle
 10
-27.52566821016773
 20
0.8564734378573803
 30
0.0
 40
0.8176099144361118
100
AcDbArc
 50
180.0
 51
269.9999999999999
  0
LINE
  5
A8
330
2F
100
AcDbEntity
  8
A-DETL-GENF
100
AcDbLine
 10
-27.52566821016773
 20
0.0388635234212837
 30
0.0
 11
-24.27057902592116
 21
0.0388635234212837
 31
0.0
  0
ARC
  5
A9
330
2F
100
AcDbEntity
  8
A-DETL-GENF
100
AcDbCircle
 10
-24.27057902592117
 20
0.8026819819159761
 30
0.0
 40
0.7638184584945124
100
AcDbArc
 50
269.9999999999999
 51
1.43e-14
  0
LINE
  5
AA
330
2F
100
AcDbEntity
  8
A-DETL-GENF
100
AcDbLine
 10
-23.50676056742667
 20
0.8026819819159761
 30
0.0
 11
-23.50676056742667
 21
4.459215743887865
 31
0.0
  0
ARC
  5
AB
330
2F
100
AcDbEntity
  8
A-DETL-GENF
100
AcDbCircle
 10
-24.4869530739558
 20
4.459215743887865
 30
0.0
 40
0.9801925065289971
100
AcDbArc
 50
0.0
 51
90.00000000000021
  0
LINE
  5
AC
330
2F
100
AcDbEntity
  8
A-DETL-GENF
100
AcDbLine
 10
-24.4869530739558
 20
5.439408250416656
 30
0.0
 11
-35.46155349016218
 21
5.439408250416656
 31
0.0
  0
ARC
  5
AD
330
2F
100
AcDbEntity
  8
A-DETL-GENF
100
AcDbCircle
 10
-35.46155349016226
 20
-11.05929981309368
 30
0.0
 40
16.49870806351036
100
AcDbArc
 50
89.9999999999993
 51
117.4893341573125
  0
ARC
  5
AE
330
2F
100
AcDbEntity
  8
A-DETL-GENF
100
AcDbCircle
 10
-16.01634374260919
 20
4.439409068802193
 30
0.0
 40
0.999999999999984
100
AcDbArc
 50
89.9999999999991
 51
180.000000000001
  0
LINE
  5
AF
330
2F
100
AcDbEntity
  8
A-DETL-GENF
100
AcDbLine
 10
-17.01634374260895
 20
4.439409068802176
 30
0.0
 11
-17.01634374260895
 21
0.860298855568363
 31
0.0
  0
ARC
  5
B0
330
2F
100
AcDbEntity
  8
A-DETL-GENF
100
AcDbCircle
 10
-16.19490841046207
 20
0.860298855568363
 30
0.0
 40
0.821435332146906
100
AcDbArc
 50
179.9999999999998
 51
269.9999999999995
  0
LINE
  5
B1
330
2F
100
AcDbEntity
  8
A-DETL-GENF
100
AcDbLine
 10
-16.19490841046207
 20
0.0388635234212837
 30
0.0
 11
-13.47031149121619
 21
0.0388635234212837
 31
0.0
  0
ARC
  5
B2
330
2F
100
AcDbEntity
  8
A-DETL-GENF
100
AcDbCircle
 10
-13.47031149121619
 20
0.546329587985725
 30
0.0
 40
0.5074660645647096
100
AcDbArc
 50
269.9999999999994
 51
7e-14
  0
LINE
  5
B3
330
2F
100
AcDbEntity
  8
A-DETL-GENF
100
AcDbLine
 10
-12.96284542665141
 20
0.546329587985725
 30
0.0
 11
-12.96284542665141
 21
1.590700186906047
 31
0.0
  0
ARC
  5
B4
330
2F
100
AcDbEntity
  8
A-DETL-GENF
100
AcDbCircle
 10
-11.8615534901621
 20
1.590700186906031
 30
0.0
 40
1.101291936489309
100
AcDbArc
 50
118.456485455225
 51
179.9999999999992
  0
ARC
  5
B5
330
2F
100
AcDbEntity
  8
A-DETL-GENF
100
AcDbCircle
 10
-12.86271656373373
 20
3.438013380710033
 30
0.0
 40
0.999872365099209
100
AcDbArc
 50
298.4548807327569
 51
0.0560969724950543
  0
LINE
  5
B6
330
2F
100
AcDbEntity
  8
A-DETL-GENF
100
AcDbLine
 10
-11.86284467786907
 20
3.438992332459708
 30
0.0
 11
-11.86284467786907
 21
4.439511368738316
 31
0.0
  0
SPLINE
  5
B7
330
2F
100
AcDbEntity
  8
A-DETL-GENF
100
AcDbSpline
 70
8
 71
3
 72
12
 73
8
 74
0
 42
1e-09
 40
0.0
 40
0.0
 40
0.0
 40
0.0
 40
0.2857142857142857
 40
0.4285714285714286
 40
0.5714285714285714
 40
0.7857142857142857
 40
1.0
 40
1.0
 40
1.0
 40
1.0
 10
-11.86284467786879
 20
4.439511368738316
 30
0.0
 10
-11.8632635758186
 20
4.591573111737219
 30
0.0
 10
-11.91401754629699
 20
4.81276441200201
 30
0.0
 10
-12.0744645644619
 20
5.068301504351764
 30
0.0
 10
-12.26046935664006
 20
5.254448683019088
 30
0.0
 10
-12.52709307494356
 20
5.401355489656491
 30
0.0
 10
-12.74869607068332
 20
5.439094895339676
 30
0.0
 10
-12.8627423779325
 20
5.439409068802034
 30
0.0
  0
LINE
  5
B8
330
2F
100
AcDbEntity
  8
A-DETL-GENF
100
AcDbLine
 10
-12.8627423779325
 20
5.439409068802017
 30
0.0
 11
-16.01634374260918
 21
5.439409068802017
 31
0.0
  0
ARC
  5
B9
330
2F
100
AcDbEntity
  8
A-DETL-GENF
100
AcDbCircle
 10
-32.1115534901624
 20
1.690700186905737
 30
0.0
 40
2.964795283815425
100
AcDbArc
 50
106.8438229279805
 51
162.0766355104406
  0
LINE
  5
BA
330
2F
100
AcDbEntity
  8
A-DETL-GENF
100
AcDbLine
 10
-34.93246426039678
 20
2.60310004514219
 30
0.0
 11
-41.64043462225645
 21
2.60310004514219
 31
0.0
  0
ARC
  5
BB
330
2F
100
AcDbEntity
  8
A-DETL-GENF
100
AcDbCircle
 10
-41.64043462225645
 20
2.913074726127895
 30
0.0
 40
0.3099746809855983
100
AcDbArc
 50
113.8560333573305
 51
269.9999999999997
  0
ARC
  5
BC
330
2F
100
AcDbEntity
  8
A-DETL-GENF
100
AcDbCircle
 10
-35.4615534901621
 20
-11.05929981309439
 30
0.0
 40
15.58759957194477
100
AcDbArc
 50
90.0000000000003
 51
113.8560333573291
  0
LINE
  5
BD
330
2F
100
AcDbEntity
  8
A-DETL-GENF
100
AcDbLine
 10
-35.46155427396307
 20
4.528300269064954
 30
0.0
 11
-32.97064420054417
 21
4.528300269064954
 31
0.0
  0
LINE
  5
BE
330
2F
100
AcDbEntity
  8
A-DETL-GENF
100
AcDbLine
 10
-12.6865536578006
 20
-11.93322713618368
 30
0.0
 11
-12.6865536578006
 21
-34.54762098510955
 31
0.0
  0
LINE
  5
BF
330
2F
100
AcDbEntity
  8
A-DETL-GENF
100
AcDbLine
 10
-12.6865536578006
 20
-34.54762098510955
 30
0.0
 11
-15.43655356775145
 21
-34.54762098510955
 31
0.0
  0
LINE
  5
C0
330
2F
100
AcDbEntity
  8
A-DETL-GENF
100
AcDbLine
 10
-15.43655356775145
 20
-34.54762098510955
 30
0.0
 11
-15.43655356775145
 21
-32.74762105695034
 31
0.0
  0
ARC
  5
C1
330
2F
100
AcDbEntity
  8
A-DETL-GENF
100
AcDbCircle
 10
-17.13655352773643
 20
-32.74762105695034
 30
0.0
 40
1.699999959984616
100
AcDbArc
 50
1.209e-13
 51
90.0
  0
LINE
  5
C2
330
2F
100
AcDbEntity
  8
A-DETL-GENF
100
AcDbLine
 10
-17.13655352773642
 20
-31.04762109696582
 30
0.0
 11
-17.9282355330148
 21
-31.04762109696582
 31
0.0
  0
ARC
  5
C3
330
2F
100
AcDbEntity
  8
A-DETL-GENF
100
AcDbCircle
 10
-20.18655348852458
 20
-30.09762108396686
 30
0.0
 40
2.450000002627726
100
AcDbArc
 50
337.1851124733916
 51
45.14283468503939
  0
ARC
  5
C4
330
2F
100
AcDbEntity
  8
A-DETL-GENF
100
AcDbCircle
 10
-18.81113694702152
 20
-28.7153297402261
 30
0.0
 40
0.4999999980387423
100
AcDbArc
 50
45.14283468503932
 51
225.1428346850398
  0
ARC
  5
C5
330
2F
100
AcDbEntity
  8
A-DETL-GENF
100
AcDbCircle
 10
-20.18655348852457
 20
-30.09762108396686
 30
0.0
 40
1.450000008355675
100
AcDbArc
 50
134.8571653831878
 51
45.14283468503953
  0
ARC
  5
C6
330
2F
100
AcDbEntity
  8
A-DETL-GENF
100
AcDbCircle
 10
-21.56197003330329
 20
-28.7153297402261
 30
0.0
 40
0.5000000007945147
100
AcDbArc
 50
314.8571653831865
 51
134.8571653832085
  0
ARC
  5
C7
330
2F
100
AcDbEntity
  8
A-DETL-GENF
100
AcDbCircle
 10
-20.18655348820892
 20
-30.09762108428305
 30
0.0
 40
2.450000006229146
100
AcDbArc
 50
134.8571653832084
 51
202.8148874831557
  0
LINE
  5
C8
330
2F
100
AcDbEntity
  8
A-DETL-GENF
100
AcDbLine
 10
-22.44487144775881
 20
-31.04762109696582
 30
0.0
 11
-23.23655345258839
 21
-31.04762109696582
 31
0.0
  0
ARC
  5
C9
330
2F
100
AcDbEntity
  8
A-DETL-GENF
100
AcDbCircle
 10
-23.23655345258839
 20
-32.74762105695034
 30
0.0
 40
1.6999999599846
100
AcDbArc
 50
89.99999999999982
 51
180.0000000000001
  0
LINE
  5
CA
330
2F
100
AcDbEntity
  8
A-DETL-GENF
100
AcDbLine
 10
-24.93655341257336
 20
-32.74762105695034
 30
0.0
 11
-24.93655341257336
 21
-34.54762098510955
 31
0.0
  0
LINE
  5
CB
330
2F
100
AcDbEntity
  8
A-DETL-GENF
100
AcDbLine
 10
-24.93655341257336
 20
-34.54762098510955
 30
0.0
 11
-27.6865533225242
 21
-34.54762098510955
 31
0.0
  0
LINE
  5
CC
330
2F
100
AcDbEntity
  8
A-DETL-GENF
100
AcDbLine
 10
-27.6865533225242
 20
-34.54762098510955
 30
0.0
 11
-27.6865533225242
 21
-11.93322713618369
 31
0.0
  0
LINE
  5
CD
330
2F
100
AcDbEntity
  8
A-DETL-GENF
100
AcDbLine
 10
-27.6865533225242
 20
-11.93322713618369
 30
0.0
 11
-25.243372872119
 21
-6.783149819567062
 31
0.0
  0
ARC
  5
CE
330
2F
100
AcDbEntity
  8
A-DETL-GENF
100
AcDbCircle
 10
-24.9781274107132
 20
-6.908981430633265
 30
0.0
 40
0.2935792042020237
100
AcDbArc
 50
358.3426633898854
 51
154.6204847196256
  0
ARC
  5
CF
330
2F
100
AcDbEntity
  8
A-DETL-GENF
100
AcDbCircle
 10
-20.18655349016241
 20
-7.047621074516497
 30
0.0
 40
4.5
100
AcDbArc
 50
178.3426633898856
 51
0.7051027973067688
  0
ARC
  5
D0
330
2F
100
AcDbEntity
  8
A-DETL-GENF
100
AcDbCircle
 10
-15.37623002128904
 20
-6.988420487715379
 30
0.0
 40
0.3106877454964819
100
AcDbArc
 50
25.37951528037455
 51
180.7051027973132
  0
LINE
  5
D1
330
2F
100
AcDbEntity
  8
A-DETL-GENF
100
AcDbLine
 10
-15.09552718802363
 20
-6.855255948147272
 30
0.0
 11
-12.6865536578006
 21
-11.93322713618368
 31
0.0
  0
ARC
  5
D2
330
2F
100
AcDbEntity
  8
A-DETL-GENF
100
AcDbCircle
 10
-12.88587626863757
 20
-34.34812413973461
 30
0.0
 40
1.699591069890408
100
AcDbArc
 50
269.9999999999997
 51
3.82e-14
  0
LINE
  5
D3
330
2F
100
AcDbEntity
  8
A-DETL-GENF
100
AcDbLine
 10
-11.18628519874677
 20
-34.34812413973461
 30
0.0
 11
-11.18628519874677
 21
-11.54818226791402
 31
0.0
  0
LINE
  5
D4
330
2F
100
AcDbEntity
  8
A-DETL-GENF
100
AcDbLine
 10
-11.18628519874677
 20
-11.54818226791401
 30
0.0
 11
-16.22430205823359
 21
-1.014146729194683
 31
0.0
  0
ARC
  5
D5
330
2F
100
AcDbEntity
  8
A-DETL-GENF
100
AcDbCircle
 10
-17.75793026692514
 20
-1.747621069885196
 30
0.0
 40
1.700000026748746
100
AcDbArc
 50
25.55996456408717
 51
78.49782733104927
  0
ARC
  5
D6
330
2F
100
AcDbEntity
  8
A-DETL-GENF
100
AcDbCircle
 10
-17.51864415503612
 20
-0.5717204972783052
 30
0.0
 40
0.5000000267486764
100
AcDbArc
 50
78.4978273310491
 51
170.330792699844
  0
LINE
  5
D7
330
2F
100
AcDbEntity
  8
A-DETL-GENF
100
AcDbLine
 10
-18.0115411207296
 20
-0.4877406904350572
 30
0.0
 11
-18.68655349104437
 21
-4.449544862653982
 31
0.0
  0
ARC
  5
D8
330
2F
100
AcDbEntity
  8
A-DETL-GENF
100
AcDbCircle
 10
-20.18655349016241
 20
-7.047621074516497
 30
0.0
 40
3.000000000000007
100
AcDbArc
 50
119.9999999805506
 51
60.00000001945021
  0
LINE
  5
D9
330
2F
100
AcDbEntity
  8
A-DETL-GENF
100
AcDbLine
 10
-21.68655348928044
 20
-4.449544862653976
 30
0.0
 11
-22.36156586508385
 21
-0.4877406582209424
 31
0.0
  0
ARC
  5
DA
330
2F
100
AcDbEntity
  8
A-DETL-GENF
100
AcDbCircle
 10
-22.85446282528869
 20
-0.571720464129033
 30
0.0
 40
0.5000000211809854
100
AcDbArc
 50
9.66920730015577
 51
101.5021724617845
  0
ARC
  5
DB
330
2F
100
AcDbEntity
  8
A-DETL-GENF
100
AcDbCircle
 10
-22.61517671339968
 20
-1.747621058495058
 30
0.0
 40
1.700000030205152
100
AcDbArc
 50
101.5021724617841
 51
154.4400354769898
  0
LINE
  5
DC
330
2F
100
AcDbEntity
  8
A-DETL-GENF
100
AcDbLine
 10
-24.14880492573218
 20
-1.014146717414218
 30
0.0
 11
-29.18642343500214
 21
-11.54734936142233
 31
0.0
  0
LINE
  5
DD
330
2F
100
AcDbEntity
  8
A-DETL-GENF
100
AcDbLine
 10
-29.18642343500214
 20
-11.54734936142233
 30
0.0
 11
-29.18642343500214
 21
-34.34803240786241
 31
0.0
  0
ARC
  5
DE
330
2F
100
AcDbEntity
  8
A-DETL-GENF
100
AcDbCircle
 10
-27.48661832402766
 20
-34.34803240786241
 30
0.0
 40
1.699805110974406
100
AcDbArc
 50
179.9999999999998
 51
269.9999999999993
  0
LINE
  5
DF
330
2F
100
AcDbEntity
  8
A-DETL-GENF
100
AcDbLine
 10
-27.48661832402767
 20
-36.04783751883672
 30
0.0
 11
-22.42923256789626
 21
-36.04783751883672
 31
0.0
  0
ARC
  5
E0
330
2F
100
AcDbEntity
  8
A-DETL-GENF
100
AcDbCircle
 10
-22.42923256789626
 20
-35.29772925197308
 30
0.0
 40
0.7501082668637036
100
AcDbArc
 50
269.9999999999993
 51
89.99999999999935
  0
LINE
  5
E1
330
2F
100
AcDbEntity
  8
A-DETL-GENF
100
AcDbLine
 10
-22.42923256789626
 20
-34.54762098510955
 30
0.0
 11
-23.43655355721767
 21
-34.54762098510955
 31
0.0
  0
LINE
  5
E2
330
2F
100
AcDbEntity
  8
A-DETL-GENF
100
AcDbLine
 10
-23.43655355721767
 20
-34.54762098510955
 30
0.0
 11
-23.43655355721767
 21
-32.54762065728399
 31
0.0
  0
LINE
  5
E3
330
2F
100
AcDbEntity
  8
A-DETL-GENF
100
AcDbLine
 10
-23.43655355721767
 20
-32.54762065728399
 30
0.0
 11
-16.93655342310714
 21
-32.54762065728399
 31
0.0
  0
LINE
  5
E4
330
2F
100
AcDbEntity
  8
A-DETL-GENF
100
AcDbLine
 10
-16.93655342310714
 20
-32.54762065728399
 30
0.0
 11
-16.93655342310714
 21
-34.54762098510955
 31
0.0
  0
LINE
  5
E5
330
2F
100
AcDbEntity
  8
A-DETL-GENF
100
AcDbLine
 10
-16.93655342310714
 20
-34.54762098510955
 30
0.0
 11
-17.91063791710719
 21
-34.54762098510955
 31
0.0
  0
ARC
  5
E6
330
2F
100
AcDbEntity
  8
A-DETL-GENF
100
AcDbCircle
 10
-17.91063791710718
 20
-35.29766809736734
 30
0.0
 40
0.7500471122576579
100
AcDbArc
 50
90.0
 51
269.9999999999991
  0
LINE
  5
E7
330
2F
100
AcDbEntity
  8
A-DETL-GENF
100
AcDbLine
 10
-17.91063791710718
 20
-36.04771520962493
 30
0.0
 11
-12.88587626863756
 21
-36.04771520962493
 31
0.0
  0
LINE
  5
E8
330
2F
100
AcDbEntity
  8
A-DETL-GENF-HDLN
100
AcDbLine
 10
5.897092959964671
 20
44.99999999999992
 30
0.0
 11
-113.8930326746787
 21
45.00000000000029
 31
0.0
  0
LINE
  5
E9
330
2F
100
AcDbEntity
  8
A-DETL-GENF-HDLN
100
AcDbLine
 10
-55.12500000000027
 20
-3.946631759586482
 30
0.0
 11
-55.12500000000013
 21
99.4263589930949
 31
0.0
  0
LINE
  5
EA
330
2F
100
AcDbEntity
  8
A-DETL-GENF
100
AcDbLine
 10
0.0
 20
-90.35565891650123
 30
0.0
 11
0.0
 21
0.0
 31
0.0
  0
LINE
  5
EB
330
2F
100
AcDbEntity
  8
A-DETL-GENF
100
AcDbLine
 10
-10.12500000000071
 20
0.0
 30
0.0
 11
-10.12500000000071
 21
-90.35565891650123
 31
0.0
  0
LINE
  5
EC
330
2F
100
AcDbEntity
  8
A-DETL-GENF
100
AcDbLine
 10
-30.12499999999994
 20
-1.015e-13
 30
0.0
 11
-30.12499999999994
 21
-90.35565891650123
 31
0.0
  0
LINE
  5
ED
330
2F
100
AcDbEntity
  8
A-DETL-GENF
100
AcDbLine
 10
-108.0000000000004
 20
88.6555047003436
 30
0.0
 11
-108.0000000000004
 21
83.5555047003436
 31
0.0
  0
LINE
  5
EE
330
2F
100
AcDbEntity
  8
A-DETL-GENF
100
AcDbLine
 10
-108.0000000000004
 20
83.55550470034365
 30
0.0
 11
-108.0000000000004
 21
80.90550470034358
 31
0.0
  0
ARC
  5
EF
330
2F
100
AcDbEntity
  8
A-DETL-GENF
100
AcDbCircle
 10
-106.0000000000003
 20
80.9055047003436
 30
0.0
 40
1.999999999999992
100
AcDbArc
 50
180.0000000000006
 51
2.036e-13
  0
LINE
  5
F0
330
2F
100
AcDbEntity
  8
A-DETL-GENF
100
AcDbLine
 10
-104.0000000000002
 20
80.9055047003436
 30
0.0
 11
-104.0000000000002
 21
84.05550470034366
 31
0.0
  0
LINE
  5
F1
330
2F
100
AcDbEntity
  8
A-DETL-GENF
100
AcDbLine
 10
-104.0000000000002
 20
84.05550470034363
 30
0.0
 11
-104.0000000000002
 21
88.65550470034368
 31
0.0
  0
ARC
  5
F2
330
2F
100
AcDbEntity
  8
A-DETL-GENF
100
AcDbCircle
 10
-102.0000000000004
 20
88.65550470034367
 30
0.0
 40
2.000000000000014
100
AcDbArc
 50
90.0
 51
179.9999999999996
  0
LINE
  5
F3
330
2F
100
AcDbEntity
  8
A-DETL-GENF
100
AcDbLine
 10
-102.0000000000004
 20
90.65550470034368
 30
0.0
 11
-98.01729889353221
 21
90.65550470034368
 31
0.0
  0
LINE
  5
F4
330
2F
100
AcDbEntity
  8
A-DETL-GENF
100
AcDbLine
 10
-98.01729889353221
 20
90.65550470034368
 30
0.0
 11
-87.98270110646841
 21
90.65550470034368
 31
0.0
  0
LINE
  5
F5
330
2F
100
AcDbEntity
  8
A-DETL-GENF
100
AcDbLine
 10
-87.98270110646841
 20
90.65550470034368
 30
0.0
 11
-33.0172988935321
 21
90.65550470034368
 31
0.0
  0
LINE
  5
F6
330
2F
100
AcDbEntity
  8
A-DETL-GENF
100
AcDbLine
 10
-33.01729889353207
 20
90.65550470034361
 30
0.0
 11
-22.98270110646855
 21
90.65550470034361
 31
0.0
  0
LINE
  5
F7
330
2F
100
AcDbEntity
  8
A-DETL-GENF
100
AcDbLine
 10
-22.98270110646855
 20
90.65550470034361
 30
0.0
 11
-8.35000000000031
 21
90.65550470034361
 31
0.0
  0
ARC
  5
F8
330
2F
100
AcDbEntity
  8
A-DETL-GENF
100
AcDbCircle
 10
-8.35000000000031
 20
89.3055047003436
 30
0.0
 40
1.349999999999995
100
AcDbArc
 50
269.9999999999997
 51
90.0
  0
LINE
  5
F9
330
2F
100
AcDbEntity
  8
A-DETL-GENF
100
AcDbLine
 10
-8.35000000000031
 20
87.95550470034362
 30
0.0
 11
-12.2500000000005
 21
87.95550470034362
 31
0.0
  0
ARC
  5
FA
330
2F
100
AcDbEntity
  8
A-DETL-GENF
100
AcDbCircle
 10
-12.2500000000005
 20
86.5555047003436
 30
0.0
 40
1.400000000000005
100
AcDbArc
 50
90.0
 51
269.9999999999993
  0
LINE
  5
FB
330
2F
100
AcDbEntity
  8
A-DETL-GENF
100
AcDbLine
 10
-12.25000000000051
 20
85.15550470034358
 30
0.0
 11
-7.500000000000502
 21
85.15550470034358
 31
0.0
  0
ARC
  5
FC
330
2F
100
AcDbEntity
  8
A-DETL-GENF
100
AcDbCircle
 10
-7.500000000000502
 20
84.65550470034356
 30
0.0
 40
0.5
100
AcDbArc
 50
0.0
 51
90.0
  0
LINE
  5
FD
330
2F
100
AcDbEntity
  8
A-DETL-GENF
100
AcDbLine
 10
-7.000000000000346
 20
84.65550470034356
 30
0.0
 11
-7.000000000000346
 21
78.65550470034357
 31
0.0
  0
LINE
  5
FE
330
2F
100
AcDbEntity
  8
A-DETL-GENF
100
AcDbLine
 10
-7.000000000000346
 20
78.6555047003436
 30
0.0
 11
-7.000000000000346
 21
72.65550470034364
 31
0.0
  0
LINE
  5
FF
330
2F
100
AcDbEntity
  8
A-DETL-GENF
100
AcDbLine
 10
-7.000000000000346
 20
72.65550470034364
 30
0.0
 11
-7.000000000000346
 21
25.65550470034357
 31
0.0
  0
LINE
  5
100
330
2F
100
AcDbEntity
  8
A-DETL-GENF
100
AcDbLine
 10
-7.000000000000346
 20
25.65550470034357
 30
0.0
 11
-7.000000000000346
 21
19.65550470034365
 31
0.0
  0
LINE
  5
101
330
2F
100
AcDbEntity
  8
A-DETL-GENF
100
AcDbLine
 10
-7.000000000000346
 20
19.65550470034365
 30
0.0
 11
-7.000000000000346
 21
16.15550470034363
 31
0.0
  0
ARC
  5
102
330
2F
100
AcDbEntity
  8
A-DETL-GENF
100
AcDbCircle
 10
-7.500000000000502
 20
16.15550470034363
 30
0.0
 40
0.4999999999999981
100
AcDbArc
 50
269.9999999999996
 51
5.09e-14
  0
LINE
  5
103
330
2F
100
AcDbEntity
  8
A-DETL-GENF
100
AcDbLine
 10
-7.500000000000502
 20
15.65550470034361
 30
0.0
 11
-8.500000000000275
 21
15.65550470034361
 31
0.0
  0
ARC
  5
104
330
2F
100
AcDbEntity
  8
A-DETL-GENF
100
AcDbCircle
 10
-8.500000000000275
 20
14.15550470034361
 30
0.0
 40
1.5
100
AcDbArc
 50
89.99999999999999
 51
269.9999999999992
  0
LINE
  5
105
330
2F
100
AcDbEntity
  8
A-DETL-GENF
100
AcDbLine
 10
-8.500000000000284
 20
12.65550470034362
 30
0.0
 11
-2.000000000000399
 21
12.65550470034362
 31
0.0
  0
ARC
  5
106
330
2F
100
AcDbEntity
  8
A-DETL-GENF
100
AcDbCircle
 10
-2.000000000000399
 20
14.65550470034363
 30
0.0
 40
2.000000000000004
100
AcDbArc
 50
269.9999999999996
 51
2.54e-14
  0
LINE
  5
107
330
2F
100
AcDbEntity
  8
A-DETL-GENF
100
AcDbLine
 10
-3.13e-13
 20
14.65550470034363
 30
0.0
 11
-3.13e-13
 21
20.1555047003436
 31
0.0
  0
LINE
  5
108
330
2F
100
AcDbEntity
  8
A-DETL-GENF
100
AcDbLine
 10
-3.13e-13
 20
20.1555047003436
 30
0.0
 11
-3.13e-13
 21
25.15550470034362
 31
0.0
  0
LINE
  5
109
330
2F
100
AcDbEntity
  8
A-DETL-GENF
100
AcDbLine
 10
-3.13e-13
 20
25.15550470034362
 30
0.0
 11
-3.13e-13
 21
26.65550470034361
 31
0.0
  0
ARC
  5
10A
330
2F
100
AcDbEntity
  8
A-DETL-GENF
100
AcDbCircle
 10
-1.000000000000085
 20
26.65550470034361
 30
0.0
 40
1.000000000000003
100
AcDbArc
 50
359.9999999999996
 51
90.00000000000006
  0
LINE
  5
10B
330
2F
100
AcDbEntity
  8
A-DETL-GENF
100
AcDbLine
 10
-1.000000000000085
 20
27.65550470034359
 30
0.0
 11
-2.000000000000399
 21
27.65550470034359
 31
0.0
  0
ARC
  5
10C
330
2F
100
AcDbEntity
  8
A-DETL-GENF
100
AcDbCircle
 10
-2.000000000000399
 20
28.65550470034364
 30
0.0
 40
1.0
100
AcDbArc
 50
180.0
 51
269.9999999999997
  0
LINE
  5
10D
330
2F
100
AcDbEntity
  8
A-DETL-GENF
100
AcDbLine
 10
-3.000000000000443
 20
28.65550470034364
 30
0.0
 11
-3.000000000000443
 21
69.15550470034364
 31
0.0
  0
ARC
  5
10E
330
2F
100
AcDbEntity
  8
A-DETL-GENF
100
AcDbCircle
 10
-2.000000000000399
 20
69.15550470034363
 30
0.0
 40
0.999999999999995
100
AcDbArc
 50
89.99999999999972
 51
179.9999999999994
  0
LINE
  5
10F
330
2F
100
AcDbEntity
  8
A-DETL-GENF
100
AcDbLine
 10
-2.000000000000399
 20
70.15550470034367
 30
0.0
 11
-1.000000000000085
 21
70.15550470034367
 31
0.0
  0
ARC
  5
110
330
2F
100
AcDbEntity
  8
A-DETL-GENF
100
AcDbCircle
 10
-1.000000000000085
 20
71.15550470034366
 30
0.0
 40
1.0
100
AcDbArc
 50
269.9999999999997
 51
0.0
  0
LINE
  5
111
330
2F
100
AcDbEntity
  8
A-DETL-GENF
100
AcDbLine
 10
-3.13e-13
 20
71.15550470034366
 30
0.0
 11
-3.13e-13
 21
73.15550470034364
 31
0.0
  0
LINE
  5
112
330
2F
100
AcDbEntity
  8
A-DETL-GENF
100
AcDbLine
 10
-3.13e-13
 20
73.15550470034366
 30
0.0
 11
-3.13e-13
 21
78.15550470034368
 31
0.0
  0
LINE
  5
113
330
2F
100
AcDbEntity
  8
A-DETL-GENF
100
AcDbLine
 10
-3.13e-13
 20
78.15550470034364
 30
0.0
 11
-3.13e-13
 21
84.15550470034358
 31
0.0
  0
ARC
  5
114
330
2F
100
AcDbEntity
  8
A-DETL-GENF
100
AcDbCircle
 10
-1.000000000000085
 20
84.15550470034358
 30
0.0
 40
1.0
100
AcDbArc
 50
359.9999999999996
 51
90.00000000000006
  0
LINE
  5
115
330
2F
100
AcDbEntity
  8
A-DETL-GENF
100
AcDbLine
 10
-1.000000000000085
 20
85.15550470034358
 30
0.0
 11
-2.000000000000399
 21
85.15550470034358
 31
0.0
  0
ARC
  5
116
330
2F
100
AcDbEntity
  8
A-DETL-GENF
100
AcDbCircle
 10
-2.000000000000399
 20
86.15550470034361
 30
0.0
 40
1.0
100
AcDbArc
 50
180.0
 51
269.9999999999997
  0
LINE
  5
117
330
2F
100
AcDbEntity
  8
A-DETL-GENF
100
AcDbLine
 10
-3.000000000000443
 20
86.15550470034361
 30
0.0
 11
-3.000000000000443
 21
89.65550470034363
 31
0.0
  0
ARC
  5
118
330
2F
100
AcDbEntity
  8
A-DETL-GENF
100
AcDbCircle
 10
-8.000000000000389
 20
89.65550470034363
 30
0.0
 40
5.000000000000015
100
AcDbArc
 50
359.9999999999996
 51
90.00000000000006
  0
LINE
  5
119
330
2F
100
AcDbEntity
  8
A-DETL-GENF
100
AcDbLine
 10
-8.000000000000389
 20
94.65550470034319
 30
0.0
 11
-25.5000000000002
 21
94.65550470034319
 31
0.0
  0
LINE
  5
11A
330
2F
100
AcDbEntity
  8
A-DETL-GENF
100
AcDbLine
 10
-25.5000000000002
 20
94.65550470034319
 30
0.0
 11
-30.50000000000042
 21
94.65550470034319
 31
0.0
  0
LINE
  5
11B
330
2F
100
AcDbEntity
  8
A-DETL-GENF
100
AcDbLine
 10
-30.50000000000045
 20
94.65550470034319
 30
0.0
 11
-90.50000000000034
 21
94.65550470034319
 31
0.0
  0
LINE
  5
11C
330
2F
100
AcDbEntity
  8
A-DETL-GENF
100
AcDbLine
 10
-90.50000000000034
 20
94.65550470034319
 30
0.0
 11
-95.50000000000028
 21
94.65550470034319
 31
0.0
  0
LINE
  5
11D
330
2F
100
AcDbEntity
  8
A-DETL-GENF
100
AcDbLine
 10
-95.50000000000028
 20
94.65550470034319
 30
0.0
 11
-102.0000000000004
 21
94.65550470034319
 31
0.0
  0
ARC
  5
11E
330
2F
100
AcDbEntity
  8
A-DETL-GENF
100
AcDbCircle
 10
-102.0000000000004
 20
88.6555047003436
 30
0.0
 40
5.999999999999983
100
AcDbArc
 50
89.99999999999991
 51
180.0000000000001
  0
LINE
  5
11F
330
2F
100
AcDbEntity
  8
A-DETL-GENF-HDLN
100
AcDbLine
 10
-12.67084616244612
 20
75.65550470034368
 30
0.0
 11
21.52981212840514
 21
75.65550470034357
 31
0.0
  0
LINE
  5
120
330
2F
100
AcDbEntity
  8
A-DETL-GENF-HDLN
100
AcDbLine
 10
-12.67084616244612
 20
22.65550470034368
 30
0.0
 11
21.52981212840514
 21
22.65550470034358
 31
0.0
  0
LINE
  5
121
330
2F
100
AcDbEntity
  8
A-DETL-GENF-HDLN
100
AcDbLine
 10
0.0
 20
0.0
 30
0.0
 11
-10.12500000000071
 21
3.27e-14
 31
0.0
  0
ENDBLK
  5
31
330
2F
100
AcDbEntity
  8
0
100
AcDbBlockEnd
  0
ENDSEC
  0
SECTION
  2
ENTITIES
  0
INSERT
  5
125
330
17
100
AcDbEntity
  8
0
100
AcDbBlockReference
  2
31 Harol SC700 - verticaal-4583195-00_0 Basismaterialen
 10
0.0
 20
0.0
 30
0.0
  0
ENDSEC
  0
SECTION
  2
OBJECTS
  0
DICTIONARY
  5
A
330
0
100
AcDbDictionary
281
1
  3
ACAD_COLOR
350
B
  3
ACAD_GROUP
350
C
  3
ACAD_LAYOUT
350
D
  3
ACAD_MATERIAL
350
E
  3
ACAD_MLEADERSTYLE
350
F
  3
ACAD_MLINESTYLE
350
10
  3
ACAD_PLOTSETTINGS
350
11
  3
ACAD_PLOTSTYLENAME
350
12
  3
ACAD_SCALELIST
350
14
  3
ACAD_TABLESTYLE
350
15
  3
ACAD_VISUALSTYLE
350
16
  3
EZDXF_META
350
2D
  0
DICTIONARY
  5
B
330
A
100
AcDbDictionary
281
1
  0
DICTIONARY
  5
C
330
A
100
AcDbDictionary
281
1
  0
DICTIONARY
  5
D
330
A
100
AcDbDictionary
281
1
  3
Model
350
1A
  3
Layout1
350
1E
  0
DICTIONARY
  5
E
330
A
100
AcDbDictionary
281
1
  3
ByBlock
350
1F
  3
ByLayer
350
20
  3
Global
350
21
  0
DICTIONARY
  5
F
330
A
100
AcDbDictionary
281
1
  3
Standard
350
2C
  0
DICTIONARY
  5
10
330
A
100
AcDbDictionary
281
1
  3
Standard
350
22
  0
DICTIONARY
  5
11
330
A
100
AcDbDictionary
281
1
  0
ACDBDICTIONARYWDFLT
  5
12
330
A
100
AcDbDictionary
281
1
  3
Normal
350
13
100
AcDbDictionaryWithDefault
340
13
  0
ACDBPLACEHOLDER
  5
13
330
12
  0
DICTIONARY
  5
14
330
A
100
AcDbDictionary
281
1
  0
DICTIONARY
  5
15
330
A
100
AcDbDictionary
281
1
  0
DICTIONARY
  5
16
330
A
100
AcDbDictionary
281
1
  0
LAYOUT
  5
1A
330
D
100
AcDbPlotSettings
  1

  4
A3
  6

 40
7.5
 41
20.0
 42
7.5
 43
20.0
 44
420.0
 45
297.0
 46
0.0
 47
0.0
 48
0.0
 49
0.0
140
0.0
141
0.0
142
1.0
143
1.0
 70
1024
 72
1
 73
0
 74
5
  7

 75
16
 76
0
 77
2
 78
300
147
1.0
148
0.0
149
0.0
100
AcDbLayout
  1
Model
 70
1
 71
0
 10
0.0
 20
0.0
 11
420.0
 21
297.0
 12
0.0
 22
0.0
 32
0.0
 14
1e+20
 24
1e+20
 34
1e+20
 15
-1e+20
 25
-1e+20
 35
-1e+20
146
0.0
 13
0.0
 23
0.0
 33
0.0
 16
1.0
 26
0.0
 36
0.0
 17
0.0
 27
1.0
 37
0.0
 76
1
330
17
  0
LAYOUT
  5
1E
330
D
100
AcDbPlotSettings
  1

  4
A3
  6

 40
7.5
 41
20.0
 42
7.5
 43
20.0
 44
420.0
 45
297.0
 46
0.0
 47
0.0
 48
0.0
 49
0.0
140
0.0
141
0.0
142
1.0
143
1.0
 70
0
 72
1
 73
0
 74
5
  7

 75
16
 76
0
 77
2
 78
300
147
1.0
148
0.0
149
0.0
100
AcDbLayout
  1
Layout1
 70
1
 71
1
 10
0.0
 20
0.0
 11
420.0
 21
297.0
 12
0.0
 22
0.0
 32
0.0
 14
1e+20
 24
1e+20
 34
1e+20
 15
-1e+20
 25
-1e+20
 35
-1e+20
146
0.0
 13
0.0
 23
0.0
 33
0.0
 16
1.0
 26
0.0
 36
0.0
 17
0.0
 27
1.0
 37
0.0
 76
1
330
1B
  0
MATERIAL
  5
1F
102
{ACAD_REACTORS
330
E
102
}
330
E
100
AcDbMaterial
  1
ByBlock
  2

 70
0
 40
1.0
 71
1
 41
1.0
 91
-1023410177
 42
1.0
 72
1
  3

 73
1
 74
1
 75
1
 44
0.5
 73
0
 45
1.0
 46
1.0
 77
1
  4

 78
1
 79
1
170
1
 48
1.0
171
1
  6

172
1
173
1
174
1
140
1.0
141
1.0
175
1
  7

176
1
177
1
178
1
143
1.0
179
1
  8

270
1
271
1
272
1
145
1.0
146
1.0
273
1
  9

274
1
275
1
276
1
 42
1.0
 72
1
  3

 73
1
 74
1
 75
1
 94
63
  0
MATERIAL
  5
20
102
{ACAD_REACTORS
330
E
102
}
330
E
100
AcDbMaterial
  1
ByLayer
  2

 70
0
 40
1.0
 71
1
 41
1.0
 91
-1023410177
 42
1.0
 72
1
  3

 73
1
 74
1
 75
1
 44
0.5
 73
0
 45
1.0
 46
1.0
 77
1
  4

 78
1
 79
1
170
1
 48
1.0
171
1
  6

172
1
173
1
174
1
140
1.0
141
1.0
175
1
  7

176
1
177
1
178
1
143
1.0
179
1
  8

270
1
271
1
272
1
145
1.0
146
1.0
273
1
  9

274
1
275
1
276
1
 42
1.0
 72
1
  3

 73
1
 74
1
 75
1
 94
63
  0
MATERIAL
  5
21
102
{ACAD_REACTORS
330
E
102
}
330
E
100
AcDbMaterial
  1
Global
  2

 70
0
 40
1.0
 71
1
 41
1.0
 91
-1023410177
 42
1.0
 72
1
  3

 73
1
 74
1
 75
1
 44
0.5
 73
0
 45
1.0
 46
1.0
 77
1
  4

 78
1
 79
1
170
1
 48
1.0
171
1
  6

172
1
173
1
174
1
140
1.0
141
1.0
175
1
  7

176
1
177
1
178
1
143
1.0
179
1
  8

270
1
271
1
272
1
145
1.0
146
1.0
273
1
  9

274
1
275
1
276
1
 42
1.0
 72
1
  3

 73
1
 74
1
 75
1
 94
63
  0
MLINESTYLE
  5
22
102
{ACAD_REACTORS
330
10
102
}
330
10
100
AcDbMlineStyle
  2
Standard
 70
0
  3

 62
256
 51
90.0
 52
90.0
 71
2
 49
0.5
 62
256
  6
BYLAYER
 49
-0.5
 62
256
  6
BYLAYER
  0
MLEADERSTYLE
  5
2C
102
{ACAD_REACTORS
330
F
102
}
330
F
100
AcDbMLeaderStyle
179
2
170
2
171
1
172
0
 90
2
 40
0.0
 41
0.0
173
1
 91
-1056964608
 92
-2
290
1
 42
2.0
291
1
 43
8.0
  3
Standard
 44
4.0
300

342
29
174
1
175
1
176
0
178
1
 93
-1056964608
 45
4.0
292
0
297
0
 46
4.0
 94
-1056964608
 47
1.0
 49
1.0
140
1.0
294
1
141
0.0
177
0
142
1.0
295
0
296
0
143
3.75
271
0
272
9
273
9
  0
DICTIONARY
  5
2D
330
A
100
AcDbDictionary
280
1
281
1
  3
CREATED_BY_EZDXF
350
2E
  3
WRITTEN_BY_EZDXF
350
129
  0
DICTIONARYVAR
  5
2E
330
2D
100
DictionaryVariables
280
0
  1
1.4.3 @ 2026-02-13T04:54:12.011737+00:00
  0
DICTIONARYVAR
  5
129
330
2D
100
DictionaryVariables
280
0
  1
1.4.3 @ 2026-02-13T04:54:12.026900+00:00
  0
ENDSEC
  0
EOF
