  0
SECTION
  2
HEADER
  9
$ACADVER
  1
AC1018
  9
$ACADMAINTVER
 70
    39
  9
$DWGCODEPAGE
  3
ANSI_1252
  9
$LASTSAVEDBY
  1
uhlaender
  9
$INSBASE
 10
162.1764899999995
 20
2650.25
 30
0.0
  9
$EXTMIN
 10
77.24999999999804
 20
2316.25
 30
0.0
  9
$EXTMAX
 10
354.7499999999994
 20
2936.25
 30
0.0
  9
$LIMMIN
 10
0.0
 20
0.0
  9
$LIMMAX
 10
841.0
 20
1189.0
  9
$ORTHOMODE
 70
     0
  9
$REGENMODE
 70
     1
  9
$FILLMODE
 70
     1
  9
$QTEXTMODE
 70
     0
  9
$MIRRTEXT
 70
     1
  9
$LTSCALE
 40
10.0
  9
$ATTMODE
 70
     1
  9
$TEXTSIZE
 40
3.5
  9
$TRACEWID
 40
0.05
  9
$TEXTSTYLE
  7
ARIAL50
  9
$CLAYER
  8
HALFEN
  9
$CELTYPE
  6
BYLAYER
  9
$CECOLOR
 62
   256
  9
$CELTSCALE
 40
1.0
  9
$DISPSILH
 70
     0
  9
$DIMSCALE
 40
1.0
  9
$DIMASZ
 40
2.5
  9
$DIMEXO
 40
1.0
  9
$DIMDLI
 40
10.0
  9
$DIMRND
 40
0.0
  9
$DIMDLE
 40
0.0
  9
$DIMEXE
 40
1.0
  9
$DIMTP
 40
0.1
  9
$DIMTM
 40
0.1
  9
$DIMTXT
 40
3.5
  9
$DIMCEN
 40
0.0
  9
$DIMTSZ
 40
0.0
  9
$DIMTOL
 70
     0
  9
$DIMLIM
 70
     0
  9
$DIMTIH
 70
     0
  9
$DIMTOH
 70
     0
  9
$DIMSE1
 70
     0
  9
$DIMSE2
 70
     0
  9
$DIMTAD
 70
     1
  9
$DIMZIN
 70
     8
  9
$DIMBLK
  1

  9
$DIMASO
 70
     1
  9
$DIMSHO
 70
     1
  9
$DIMPOST
  1

  9
$DIMAPOST
  1

  9
$DIMALT
 70
     0
  9
$DIMALTD
 70
     2
  9
$DIMALTF
 40
0.03937
  9
$DIMLFAC
 40
1.0
  9
$DIMTOFL
 70
     1
  9
$DIMTVP
 40
0.0
  9
$DIMTIX
 70
     0
  9
$DIMSOXD
 70
     0
  9
$DIMSAH
 70
     0
  9
$DIMBLK1
  1

  9
$DIMBLK2
  1

  9
$DIMSTYLE
  2
GEN-ISO
  9
$DIMCLRD
 70
     1
  9
$DIMCLRE
 70
     1
  9
$DIMCLRT
 70
     7
  9
$DIMTFAC
 40
0.71
  9
$DIMGAP
 40
3.0
  9
$DIMJUST
 70
     0
  9
$DIMSD1
 70
     0
  9
$DIMSD2
 70
     0
  9
$DIMTOLJ
 70
     0
  9
$DIMTZIN
 70
     0
  9
$DIMALTZ
 70
     0
  9
$DIMALTTZ
 70
     0
  9
$DIMUPT
 70
     0
  9
$DIMDEC
 70
     1
  9
$DIMTDEC
 70
     3
  9
$DIMALTU
 70
     2
  9
$DIMALTTD
 70
     4
  9
$DIMTXSTY
  7
STANDARD
  9
$DIMAUNIT
 70
     0
  9
$DIMADEC
 70
     0
  9
$DIMALTRND
 40
0.0
  9
$DIMAZIN
 70
     0
  9
$DIMDSEP
 70
    46
  9
$DIMATFIT
 70
     3
  9
$DIMFRAC
 70
     0
  9
$DIMLDRBLK
  1

  9
$DIMLUNIT
 70
     2
  9
$DIMLWD
 70
    -2
  9
$DIMLWE
 70
    -2
  9
$DIMTMOVE
 70
     0
  9
$LUNITS
 70
     2
  9
$LUPREC
 70
     2
  9
$SKETCHINC
 40
0.1
  9
$FILLETRAD
 40
0.0
  9
$AUNITS
 70
     0
  9
$AUPREC
 70
     0
  9
$MENU
  1
.
  9
$ELEVATION
 40
0.0
  9
$PELEVATION
 40
0.0
  9
$THICKNESS
 40
0.0
  9
$LIMCHECK
 70
     0
  9
$CHAMFERA
 40
0.8118988160481421
  9
$CHAMFERB
 40
0.8118988160481421
  9
$CHAMFERC
 40
1.0
  9
$CHAMFERD
 40
0.0
  9
$SKPOLY
 70
     0
  9
$TDCREATE
 40
2451438.412965509
  9
$TDUCREATE
 40
2451438.329632176
  9
$TDUPDATE
 40
2453921.403055185
  9
$TDUUPDATE
 40
2453921.319721852
  9
$TDINDWG
 40
0.7236432523
  9
$TDUSRTIMER
 40
0.7236432523
  9
$USRTIMER
 70
     1
  9
$ANGBASE
 50
0.0
  9
$ANGDIR
 70
     0
  9
$PDMODE
 70
     0
  9
$PDSIZE
 40
0.0
  9
$PLINEWID
 40
0.0
  9
$SPLFRAME
 70
     0
  9
$SPLINETYPE
 70
     6
  9
$SPLINESEGS
 70
     8
  9
$HANDSEED
  5
4D4
  9
$SURFTAB1
 70
     6
  9
$SURFTAB2
 70
     6
  9
$SURFTYPE
 70
     6
  9
$SURFU
 70
     6
  9
$SURFV
 70
     6
  9
$UCSBASE
  2

  9
$UCSNAME
  2

  9
$UCSORG
 10
0.0
 20
0.0
 30
0.0
  9
$UCSXDIR
 10
1.0
 20
0.0
 30
0.0
  9
$UCSYDIR
 10
0.0
 20
1.0
 30
0.0
  9
$UCSORTHOREF
  2

  9
$UCSORTHOVIEW
 70
     0
  9
$UCSORGTOP
 10
0.0
 20
0.0
 30
0.0
  9
$UCSORGBOTTOM
 10
0.0
 20
0.0
 30
0.0
  9
$UCSORGLEFT
 10
0.0
 20
0.0
 30
0.0
  9
$UCSORGRIGHT
 10
0.0
 20
0.0
 30
0.0
  9
$UCSORGFRONT
 10
0.0
 20
0.0
 30
0.0
  9
$UCSORGBACK
 10
0.0
 20
0.0
 30
0.0
  9
$PUCSBASE
  2

  9
$PUCSNAME
  2

  9
$PUCSORG
 10
0.0
 20
0.0
 30
0.0
  9
$PUCSXDIR
 10
1.0
 20
0.0
 30
0.0
  9
$PUCSYDIR
 10
0.0
 20
1.0
 30
0.0
  9
$PUCSORTHOREF
  2

  9
$PUCSORTHOVIEW
 70
     0
  9
$PUCSORGTOP
 10
0.0
 20
0.0
 30
0.0
  9
$PUCSORGBOTTOM
 10
0.0
 20
0.0
 30
0.0
  9
$PUCSORGLEFT
 10
0.0
 20
0.0
 30
0.0
  9
$PUCSORGRIGHT
 10
0.0
 20
0.0
 30
0.0
  9
$PUCSORGFRONT
 10
0.0
 20
0.0
 30
0.0
  9
$PUCSORGBACK
 10
0.0
 20
0.0
 30
0.0
  9
$USERI1
 70
     0
  9
$USERI2
 70
     0
  9
$USERI3
 70
     0
  9
$USERI4
 70
     0
  9
$USERI5
 70
     0
  9
$USERR1
 40
0.0
  9
$USERR2
 40
0.0
  9
$USERR3
 40
0.0
  9
$USERR4
 40
0.0
  9
$USERR5
 40
0.0
  9
$WORLDVIEW
 70
     1
  9
$SHADEDGE
 70
     3
  9
$SHADEDIF
 70
    70
  9
$TILEMODE
 70
     1
  9
$MAXACTVP
 70
    48
  9
$PINSBASE
 10
0.0
 20
0.0
 30
0.0
  9
$PLIMCHECK
 70
     0
  9
$PEXTMIN
 10
1.000000000000000E+20
 20
1.000000000000000E+20
 30
1.000000000000000E+20
  9
$PEXTMAX
 10
-1.000000000000000E+20
 20
-1.000000000000000E+20
 30
-1.000000000000000E+20
  9
$PLIMMIN
 10
0.0
 20
0.0
  9
$PLIMMAX
 10
12.0
 20
9.0
  9
$UNITMODE
 70
     0
  9
$VISRETAIN
 70
     1
  9
$PLINEGEN
 70
     0
  9
$PSLTSCALE
 70
     1
  9
$TREEDEPTH
 70
  3020
  9
$CMLSTYLE
  2
STANDARD
  9
$CMLJUST
 70
     0
  9
$CMLSCALE
 40
1.0
  9
$PROXYGRAPHICS
 70
     1
  9
$MEASUREMENT
 70
     1
  9
$CELWEIGHT
370
    -1
  9
$ENDCAPS
280
     0
  9
$JOINSTYLE
280
     0
  9
$LWDISPLAY
290
     0
  9
$INSUNITS
 70
     4
  9
$HYPERLINKBASE
  1

  9
$STYLESHEET
  1

  9
$XEDIT
290
     1
  9
$CEPSNTYPE
380
     0
  9
$PSTYLEMODE
290
     1
  9
$FINGERPRINTGUID
  2
{92F503C5-0A50-45E7-8B44-BF6453473815}
  9
$VERSIONGUID
  2
{A5A25E26-F293-4E71-B112-DB3BD46DD421}
  9
$EXTNAMES
290
     1
  9
$PSVPSCALE
 40
0.0
  9
$OLESTARTUP
290
     0
  9
$SORTENTS
280
   127
  9
$INDEXCTL
280
     0
  9
$HIDETEXT
280
     1
  9
$XCLIPFRAME
290
     0
  9
$HALOGAP
280
     0
  9
$OBSCOLOR
 70
   257
  9
$OBSLTYPE
280
     0
  9
$INTERSECTIONDISPLAY
280
     0
  9
$INTERSECTIONCOLOR
 70
   257
  9
$DIMASSOC
280
     1
  9
$PROJECTNAME
  1

  0
ENDSEC
  0
SECTION
  2
CLASSES
  0
CLASS
  1
ACDBDICTIONARYWDFLT
  2
AcDbDictionaryWithDefault
  3
ObjectDBX Classes
 90
        0
 91
        1
280
     0
281
     0
  0
CLASS
  1
ACME_DOCUMENT
  2
AcMeDbDoc
  3
AcMeServices
 90
        0
 91
        0
280
     1
281
     0
  0
CLASS
  1
AMGSETTINGSOBJ
  2
AmgSettingsObj
  3
"AcadM|Product Description: AutoCAD Mechanical 2000|Company: Autodesk"
 90
        0
 91
        0
280
     1
281
     0
  0
CLASS
  1
ACMESCOPE
  2
AcMeScope
  3
AcMeServices
 90
        0
 91
        0
280
     1
281
     0
  0
CLASS
  1
ACMECOMMANDHISTORY
  2
AcMeCommandHistory
  3
AcMeServices
 90
        0
 91
        0
280
     1
281
     0
  0
CLASS
  1
ACIMSYSVARMAN
  2
AcImSysVarManager
  3
AcMeServices
 90
        0
 91
        0
280
     1
281
     0
  0
CLASS
  1
ACIMREALSYSVAR
  2
AcImRealSysVar
  3
AcMeServices
 90
        0
 91
        0
280
     1
281
     0
  0
CLASS
  1
ACIMINTSYSVAR
  2
AcImIntSysVar
  3
AcMeServices
 90
        0
 91
        0
280
     1
281
     0
  0
CLASS
  1
ACMEDRAWINGMAN
  2
AcMeDrawingMan
  3
AcMeServices
 90
        0
 91
        0
280
     1
281
     0
  0
CLASS
  1
ACMEVIEW
  2
AcMeView
  3
AcMeServices
 90
        0
 91
        0
280
     1
281
     0
  0
CLASS
  1
ACDBENTITYCACHE
  2
AcMeEntityCache
  3
AcMeServices
 90
        0
 91
        0
280
     1
281
     0
  0
CLASS
  1
GSMANAGER
  2
AcMeGSManager
  3
AcMeServices
 90
        0
 91
        0
280
     1
281
     0
  0
CLASS
  1
AMDTINTERNALREACTOR
  2
AmdtInternalReactor
  3
AcMeServices
 90
        0
 91
        0
280
     1
281
     0
  0
CLASS
  1
ACMESTATEMGR
  2
AcMeStateMgr
  3
AcMeServices
 90
        0
 91
        0
280
     1
281
     0
  0
CLASS
  1
ACGREFMASTER
  2
AcGrefMaster
  3
AcAttribServices
 90
        0
 91
        0
280
     1
281
     0
  0
CLASS
  1
ACME_DATABASE
  2
AcMeDbDatabase
  3
AcMeServices
 90
        0
 91
        0
280
     1
281
     0
  0
CLASS
  1
ACRFINSADJUSTERMGR
  2
AcRfInsAdjusterMgr
  3
AcMeServices
 90
        0
 91
        0
280
     1
281
     0
  0
CLASS
  1
ACGREFACADMASTER
  2
AcGrefacadMaster
  3
AcGrefServices
 90
        0
 91
        0
280
     1
281
     0
  0
CLASS
  1
AMIMASTER
  2
AmiMaster
  3
AmiServices
 90
        0
 91
        0
280
     1
281
     0
  0
CLASS
  1
ACMDATADICTIONARY
  2
AcmDataDictionary
  3
"AcmSymBB|Product Description: AutoCAD Mechanical 2000|Company: Autodesk"
 90
        0
 91
        0
280
     1
281
     0
  0
CLASS
  1
ACMDATAENTRYBLOCK
  2
AcmDataEntryBlock
  3
"AcmSymBB|Product Description: AutoCAD Mechanical 2000|Company: Autodesk"
 90
        0
 91
        0
280
     1
281
     0
  0
CLASS
  1
ACIMSTRSYSVAR
  2
AcImStrSysVar
  3
AcMeServices
 90
        0
 91
        0
280
     1
281
     0
  0
CLASS
  1
ACMSTANDARDDIN
  2
AcmStandardDIN
  3
"Amdt_StdImp|Product Description: AutoCAD Mechanical 2000|Company: Autodesk"
 90
        0
 91
        0
280
     1
281
     0
  0
CLASS
  1
AMGOBJPROPCFG
  2
AmgObjPropCfg
  3
"AmgLay|Product Description: AutoCAD Mechanical 2000|Company: Autodesk"
 90
        1
 91
        0
280
     1
281
     0
  0
CLASS
  1
AMDTEDGESTANDARDDIN
  2
AmdtEdgeStdDIN
  3
"Amdt_StdImp|Product Description: AutoCAD Mechanical 2000|Company: Autodesk"
 90
        0
 91
        0
280
     1
281
     0
  0
CLASS
  1
ACMSURFSTANDARDDIN
  2
AcmSurfTextStdDIN
  3
"Amdt_StdImp|Product Description: AutoCAD Mechanical 2000|Company: Autodesk"
 90
        0
 91
        0
280
     1
281
     0
  0
CLASS
  1
ACMFCFSTANDARDDIN
  2
AcmFCFStdDIN
  3
"Amdt_StdImp|Product Description: AutoCAD Mechanical 2000|Company: Autodesk"
 90
        0
 91
        0
280
     1
281
     0
  0
CLASS
  1
ACMWELDSTANDARDDIN
  2
AcmWeldingStdDIN
  3
"Amdt_StdImp|Product Description: AutoCAD Mechanical 2000|Company: Autodesk"
 90
        0
 91
        0
280
     1
281
     0
  0
CLASS
  1
ACMIDSTANDARDDIN
  2
AcmIdStdDIN
  3
"Amdt_StdImp|Product Description: AutoCAD Mechanical 2000|Company: Autodesk"
 90
        0
 91
        0
280
     1
281
     0
  0
CLASS
  1
ACMDATUMSTANDARDDIN
  2
AcmDatumStdDIN
  3
"Amdt_StdImp|Product Description: AutoCAD Mechanical 2000|Company: Autodesk"
 90
        0
 91
        0
280
     1
281
     0
  0
CLASS
  1
ACMBOMSTANDARDDIN
  2
AcmBOMStdDIN
  3
"Amdt_StdImp|Product Description: AutoCAD Mechanical 2000|Company: Autodesk"
 90
        0
 91
        0
280
     1
281
     0
  0
CLASS
  1
ACMDETAILSTANDARDDIN
  2
AmdtDetailSymStdDIN
  3
"Amdt_StdImp|Product Description: AutoCAD Mechanical 2000|Company: Autodesk"
 90
        0
 91
        0
280
     1
281
     0
  0
CLASS
  1
ACMSECTIONSTANDARDDIN
  2
AmdtSectionSymStdDIN
  3
"Amdt_StdImp|Product Description: AutoCAD Mechanical 2000|Company: Autodesk"
 90
        0
 91
        0
280
     1
281
     0
  0
CLASS
  1
ACMCENTERLINESTANDARDDIN
  2
AmdtCenterLineStdDIN
  3
"Amdt_StdImp|Product Description: AutoCAD Mechanical 2000|Company: Autodesk"
 90
        0
 91
        0
280
     1
281
     0
  0
CLASS
  1
ACMNOTESTANDARDDIN
  2
AmdtNoteStdDIN
  3
"Amdt_StdImp|Product Description: AutoCAD Mechanical 2000|Company: Autodesk"
 90
        0
 91
        0
280
     1
281
     0
  0
CLASS
  1
ACAMGLAYSTD
  2
AcAmgLayStd
  3
"AcAmgLayStd|Product Description: AutoCAD Mechanical 2000|Company: Autodesk"
 90
        0
 91
        0
280
     1
281
     0
  0
CLASS
  1
ACAMGDIMSTD
  2
AcAmgDimStd
  3
"AcAmgDimStd|Product Description: AutoCAD Mechanical 2000|Company: Autodesk"
 90
        0
 91
        0
280
     1
281
     0
  0
CLASS
  1
ACAMGHOLECHARTSTDDIN
  2
AcAmgHoleChartStdDIN
  3
ACMSYMBB_MODULE_NAME
 90
        0
 91
        0
280
     1
281
     0
  0
CLASS
  1
ACAMGTITLESTD
  2
AcAmgTitleStd
  3
"TITLEAPP"
 90
        0
 91
        0
280
     1
281
     0
  0
CLASS
  1
ACAMGFILTERDAT
  2
AcAmgFilterDat
  3
"AcadM|Product Description: AutoCAD Mechanical 2000|Company: Autodesk"
 90
        0
 91
        0
280
     1
281
     0
  0
CLASS
  1
LAYER_INDEX
  2
AcDbLayerIndex
  3
ObjectDBX Classes
 90
        0
 91
        0
280
     0
281
     0
  0
CLASS
  1
IDBUFFER
  2
AcDbIdBuffer
  3
ObjectDBX Classes
 90
        0
 91
        0
280
     0
281
     0
  0
CLASS
  1
DICTIONARYVAR
  2
AcDbDictionaryVar
  3
ObjectDBX Classes
 90
        0
 91
        4
280
     0
281
     0
  0
CLASS
  1
AMDTFORMULAUPDATEDISPATCHER
  2
AmdtFormulaUpdateDispatcher
  3
AcMeServices
 90
        0
 91
        0
280
     1
281
     0
  0
CLASS
  1
STDPART2D
  2
AmgStdPart
  3
"AmgStdPart|Product Description: AutoCAD Mechanical 2000|Company: Autodesk"
 90
     1023
 91
        0
280
     1
281
     1
  0
CLASS
  1
ACMSTANDARDANSI
  2
AcmStandardANSI
  3
"Amdt_StdImp|Product Description: AutoCAD Mechanical 2000|Company: Autodesk"
 90
        0
 91
        0
280
     1
281
     0
  0
CLASS
  1
ACMSURFSTANDARDANSI
  2
AcmSurfTextStdANSI
  3
"Amdt_StdImp|Product Description: AutoCAD Mechanical 2000|Company: Autodesk"
 90
        0
 91
        0
280
     1
281
     0
  0
CLASS
  1
ACMFCFSTANDARDANSI
  2
AcmFCFStdANSI
  3
"Amdt_StdImp|Product Description: AutoCAD Mechanical 2000|Company: Autodesk"
 90
        0
 91
        0
280
     1
281
     0
  0
CLASS
  1
ACMWELDSTANDARDANSI
  2
AcmWeldingStdANSI
  3
"Amdt_StdImp|Product Description: AutoCAD Mechanical 2000|Company: Autodesk"
 90
        0
 91
        0
280
     1
281
     0
  0
CLASS
  1
ACMIDSTANDARDANSI
  2
AcmIdStdANSI
  3
"Amdt_StdImp|Product Description: AutoCAD Mechanical 2000|Company: Autodesk"
 90
        0
 91
        0
280
     1
281
     0
  0
CLASS
  1
ACMDATUMSTANDARDANSI
  2
AcmDatumStdANSI
  3
"Amdt_StdImp|Product Description: AutoCAD Mechanical 2000|Company: Autodesk"
 90
        0
 91
        0
280
     1
281
     0
  0
CLASS
  1
ACMBOMSTANDARDANSI
  2
AcmBOMStdANSI
  3
"Amdt_StdImp|Product Description: AutoCAD Mechanical 2000|Company: Autodesk"
 90
        0
 91
        0
280
     1
281
     0
  0
CLASS
  1
ACMDETAILSTANDARDANSI
  2
AmdtDetailSymStdANSI
  3
"Amdt_StdImp|Product Description: AutoCAD Mechanical 2000|Company: Autodesk"
 90
        0
 91
        0
280
     1
281
     0
  0
CLASS
  1
ACMSECTIONSTANDARDANSI
  2
AmdtSectionSymStdANSI
  3
"Amdt_StdImp|Product Description: AutoCAD Mechanical 2000|Company: Autodesk"
 90
        0
 91
        0
280
     1
281
     0
  0
CLASS
  1
ACMCENTERLINESTANDARDANSI
  2
AmdtCenterLineStdANSI
  3
"Amdt_StdImp|Product Description: AutoCAD Mechanical 2000|Company: Autodesk"
 90
        0
 91
        0
280
     1
281
     0
  0
CLASS
  1
ACMNOTESTANDARDANSI
  2
AmdtNoteStdANSI
  3
"Amdt_StdImp|Product Description: AutoCAD Mechanical 2000|Company: Autodesk"
 90
        0
 91
        0
280
     1
281
     0
  0
CLASS
  1
ACAMGHOLECHARTSTDANSI
  2
AcAmgHoleChartStdANSI
  3
ACMSYMBB_MODULE_NAME
 90
        0
 91
        0
280
     1
281
     0
  0
CLASS
  1
TABLESTYLE
  2
AcDbTableStyle
  3
ObjectDBX Classes
 90
     2047
 91
        1
280
     0
281
     0
  0
ENDSEC
  0
SECTION
  2
TABLES
  0
TABLE
  2
VPORT
  5
1A
330
0
100
AcDbSymbolTable
 70
     2
  0
VPORT
  5
4D3
330
1A
100
AcDbSymbolTableRecord
100
AcDbViewportTableRecord
  2
*Active
 70
     0
 10
0.0
 20
0.0
 11
1.0
 21
1.0
 12
216.0118577991517
 22
2626.25564325619
 13
0.0
 23
0.0
 14
591.0780415444143
 24
591.0780415444143
 15
20.0
 25
20.0
 16
0.0
 26
0.0
 36
1.0
 17
0.0
 27
0.0
 37
0.0
 40
625.2345158879763
 41
1.553947368421052
 42
50.0
 43
0.0
 44
0.0
 50
0.0
 51
0.0
 71
     0
 72
   100
 73
     1
 74
     1
 75
     0
 76
     0
 77
     0
 78
     0
281
     0
 65
     1
110
0.0
120
0.0
130
0.0
111
1.0
121
0.0
131
0.0
112
0.0
122
1.0
132
0.0
 79
     0
146
0.0
  0
ENDTAB
  0
TABLE
  2
LTYPE
  5
15
330
0
100
AcDbSymbolTable
 70
     2
  0
LTYPE
  5
16
330
15
100
AcDbSymbolTableRecord
100
AcDbLinetypeTableRecord
  2
BYBLOCK
 70
     0
  3

 72
    65
 73
     0
 40
0.0
  0
LTYPE
  5
17
330
15
100
AcDbSymbolTableRecord
100
AcDbLinetypeTableRecord
  2
BYLAYER
 70
     0
  3

 72
    65
 73
     0
 40
0.0
  0
LTYPE
  5
9
330
15
100
AcDbSymbolTableRecord
100
AcDbLinetypeTableRecord
  2
CONTINUOUS
 70
     0
  3
Solid line
 72
    65
 73
     0
 40
0.0
  0
LTYPE
  5
2F
330
15
100
AcDbSymbolTableRecord
100
AcDbLinetypeTableRecord
  2
MITTE2
 70
     0
  3
Mitte (.5x) ___ _ ___ _ ___ _ ___ _ ___ _ ___
 72
    65
 73
     4
 40
1.125
 49
0.75
 74
     0
 49
-0.125
 74
     0
 49
0.125
 74
     0
 49
-0.125
 74
     0
  0
ENDTAB
  0
TABLE
  2
LAYER
  5
11
330
0
100
AcDbSymbolTable
 70
     2
  0
LAYER
  5
5
330
11
100
AcDbSymbolTableRecord
100
AcDbLayerTableRecord
  2
0
 70
     0
 62
     7
  6
CONTINUOUS
370
    -3
390
6
  0
LAYER
  5
26
330
11
100
AcDbSymbolTableRecord
100
AcDbLayerTableRecord
  2
HALFEN
 70
     0
 62
     2
  6
CONTINUOUS
370
    -3
390
6
  0
ENDTAB
  0
TABLE
  2
STYLE
  5
12
330
0
100
AcDbSymbolTable
 70
     2
  0
STYLE
  5
13
330
12
100
AcDbSymbolTableRecord
100
AcDbTextStyleTableRecord
  2
STANDARD
 70
     0
 40
0.0
 41
1.0
 50
0.0
 71
     0
 42
0.2
  3
ISOCP.SHX
  4

  0
STYLE
  5
27
330
12
100
AcDbSymbolTableRecord
100
AcDbTextStyleTableRecord
  2
ARIAL50
 70
     0
 40
5.0
 41
1.0
 50
0.0
 71
     0
 42
3.5
  3
ARIAL.TTF
  4

1001
ACAD
1000
Arial
1071
       34
  0
ENDTAB
  0
TABLE
  2
VIEW
  5
18
330
0
100
AcDbSymbolTable
 70
     0
  0
ENDTAB
  0
TABLE
  2
UCS
  5
19
330
0
100
AcDbSymbolTable
 70
     0
  0
ENDTAB
  0
TABLE
  2
APPID
  5
1C
330
0
100
AcDbSymbolTable
 70
     3
  0
APPID
  5
1D
330
1C
100
AcDbSymbolTableRecord
100
AcDbRegAppTableRecord
  2
ACAD
 70
     0
  0
APPID
  5
E2
330
1C
100
AcDbSymbolTableRecord
100
AcDbRegAppTableRecord
  2
GENIUS_GENOREF_13
 70
     0
  0
APPID
  5
4BC
330
1C
100
AcDbSymbolTableRecord
100
AcDbRegAppTableRecord
  2
DCO15
 70
     0
  0
ENDTAB
  0
TABLE
  2
DIMSTYLE
  5
1E
330
0
100
AcDbSymbolTable
 70
     1
100
AcDbDimStyleTable
 71
     0
  0
DIMSTYLE
105
2A
330
1E
100
AcDbSymbolTableRecord
100
AcDbDimStyleTableRecord
  2
GEN-ISO
 70
     0
 41
2.5
 42
1.0
 43
10.0
 44
1.0
 47
0.1
 48
0.1
 73
     0
 74
     0
 77
     1
 78
     8
140
3.5
141
0.0
143
0.03937
146
0.71
147
3.0
172
     1
176
     1
177
     1
178
     7
271
     1
272
     3
274
     4
283
     0
340
13
  0
ENDTAB
  0
TABLE
  2
BLOCK_RECORD
  5
1
330
0
100
AcDbSymbolTable
 70
     0
  0
BLOCK_RECORD
  5
2
102
{ACAD_XDICTIONARY
360
3
102
}
330
1
100
AcDbSymbolTableRecord
100
AcDbBlockTableRecord
  2
*MODEL_SPACE
340
B
  0
BLOCK_RECORD
  5
D
330
1
100
AcDbSymbolTableRecord
100
AcDbBlockTableRecord
  2
*PAPER_SPACE
340
10
  0
ENDTAB
  0
ENDSEC
  0
SECTION
  2
BLOCKS
  0
BLOCK
  5
4
330
2
100
AcDbEntity
  8
0
100
AcDbBlockBegin
  2
*MODEL_SPACE
 70
     0
 10
0.0
 20
0.0
 30
0.0
  3
*MODEL_SPACE
  1

  0
ENDBLK
  5
A
330
2
100
AcDbEntity
  8
0
100
AcDbBlockEnd
  0
BLOCK
  5
E
330
D
100
AcDbEntity
 67
     1
  8
0
100
AcDbBlockBegin
  2
*PAPER_SPACE
 70
     0
 10
0.0
 20
0.0
 30
0.0
  3
*PAPER_SPACE
  1

  0
ENDBLK
  5
F
330
D
100
AcDbEntity
 67
     1
  8
0
100
AcDbBlockEnd
  0
ENDSEC
  0
SECTION
  2
ENTITIES
  0
LINE
  5
2B
330
2
100
AcDbEntity
  8
HALFEN
100
AcDbLine
 10
226.7499999999995
 20
2659.75
 30
0.0
 11
196.7499999999994
 21
2659.75
 31
0.0
  0
LINE
  5
2C
330
2
100
AcDbEntity
  8
HALFEN
100
AcDbLine
 10
251.2499999999995
 20
2651.25
 30
0.0
 11
136.2499999999995
 21
2651.250000000001
 31
0.0
  0
LINE
  5
2D
330
2
100
AcDbEntity
  8
HALFEN
100
AcDbLine
 10
204.7500000000038
 20
2654.75
 30
0.0
 11
203.2500000000041
 21
2656.25
 31
0.0
  0
LINE
  5
2E
330
2
100
AcDbEntity
  8
HALFEN
  6
MITTE2
 62
     1
100
AcDbLine
 10
77.24999999999946
 20
2716.25
 30
0.0
 11
251.2499999999995
 21
2716.25
 31
0.0
  0
LINE
  5
30
330
2
100
AcDbEntity
  8
HALFEN
100
AcDbLine
 10
251.2499999999995
 20
2698.75
 30
0.0
 11
136.2499999999995
 21
2698.75
 31
0.0
  0
LINE
  5
31
330
2
100
AcDbEntity
  8
HALFEN
100
AcDbLine
 10
136.2499999999995
 20
2733.750000000001
 30
0.0
 11
251.2499999999995
 21
2733.750000000001
 31
0.0
  0
LINE
  5
32
330
2
100
AcDbEntity
  8
HALFEN
100
AcDbLine
 10
77.24999999999946
 20
2756.25
 30
0.0
 11
227.2499999999995
 21
2756.25
 31
0.0
  0
LINE
  5
33
330
2
100
AcDbEntity
  8
HALFEN
100
AcDbLine
 10
77.24999999999946
 20
2766.25
 30
0.0
 11
227.2499999999995
 21
2766.25
 31
0.0
  0
LINE
  5
34
330
2
100
AcDbEntity
  8
HALFEN
100
AcDbLine
 10
77.24999999999946
 20
2776.25
 30
0.0
 11
227.2499999999995
 21
2776.25
 31
0.0
  0
TEXT
  5
35
330
2
100
AcDbEntity
  8
HALFEN
100
AcDbText
 10
132.2499999999994
 20
2758.75
 30
0.0
 40
5.0
  1
0245.060-00003
  7
ARIAL50
100
AcDbText
  0
TEXT
  5
36
330
2
100
AcDbEntity
  8
HALFEN
100
AcDbText
 10
132.2499999999994
 20
2768.75
 30
0.0
 40
5.0
  1
HKZ GF - 38/17 - 125 - A4
  7
ARIAL50
100
AcDbText
  0
LINE
  5
37
330
2
100
AcDbEntity
  8
HALFEN
100
AcDbLine
 10
203.2500000000041
 20
2656.25
 30
0.0
 11
201.750000000004
 21
2654.75
 31
0.0
  0
LINE
  5
38
330
2
100
AcDbEntity
  8
HALFEN
100
AcDbLine
 10
201.750000000004
 20
2654.75
 30
0.0
 11
200.2500000000043
 21
2656.25
 31
0.0
  0
LINE
  5
39
330
2
100
AcDbEntity
  8
HALFEN
100
AcDbLine
 10
200.2500000000043
 20
2656.25
 30
0.0
 11
198.7500000000042
 21
2654.75
 31
0.0
  0
LINE
  5
3A
330
2
100
AcDbEntity
  8
HALFEN
100
AcDbLine
 10
198.7500000000043
 20
2654.75
 30
0.0
 11
197.2500000000046
 21
2656.25
 31
0.0
  0
LINE
  5
3B
330
2
100
AcDbEntity
  8
HALFEN
100
AcDbLine
 10
197.2500000000046
 20
2656.25
 30
0.0
 11
195.7500000000045
 21
2654.75
 31
0.0
  0
LINE
  5
3C
330
2
100
AcDbEntity
  8
HALFEN
100
AcDbLine
 10
194.2500000000049
 20
2656.25
 30
0.0
 11
192.7500000000048
 21
2654.75
 31
0.0
  0
LINE
  5
3D
330
2
100
AcDbEntity
  8
HALFEN
100
AcDbLine
 10
192.7500000000049
 20
2654.75
 30
0.0
 11
191.2500000000052
 21
2656.25
 31
0.0
  0
LINE
  5
3E
330
2
100
AcDbEntity
  8
HALFEN
100
AcDbLine
 10
191.2500000000052
 20
2656.25
 30
0.0
 11
189.7500000000051
 21
2654.75
 31
0.0
  0
LINE
  5
3F
330
2
100
AcDbEntity
  8
HALFEN
100
AcDbLine
 10
189.7500000000052
 20
2654.75
 30
0.0
 11
188.2500000000054
 21
2656.25
 31
0.0
  0
LINE
  5
40
330
2
100
AcDbEntity
  8
HALFEN
100
AcDbLine
 10
195.7500000000046
 20
2654.75
 30
0.0
 11
194.2500000000049
 21
2656.25
 31
0.0
  0
LINE
  5
41
330
2
100
AcDbEntity
  8
HALFEN
100
AcDbLine
 10
182.250000000006
 20
2656.25
 30
0.0
 11
180.7500000000059
 21
2654.75
 31
0.0
  0
LINE
  5
42
330
2
100
AcDbEntity
  8
HALFEN
100
AcDbLine
 10
186.7500000000054
 20
2654.75
 30
0.0
 11
185.2500000000057
 21
2656.25
 31
0.0
  0
LINE
  5
43
330
2
100
AcDbEntity
  8
HALFEN
100
AcDbLine
 10
185.2500000000057
 20
2656.25
 30
0.0
 11
183.7500000000057
 21
2654.75
 31
0.0
  0
LINE
  5
44
330
2
100
AcDbEntity
  8
HALFEN
100
AcDbLine
 10
183.7500000000057
 20
2654.75
 30
0.0
 11
182.250000000006
 21
2656.25
 31
0.0
  0
LINE
  5
45
330
2
100
AcDbEntity
  8
HALFEN
100
AcDbLine
 10
180.750000000006
 20
2654.75
 30
0.0
 11
179.2500000000063
 21
2656.25
 31
0.0
  0
LINE
  5
46
330
2
100
AcDbEntity
  8
HALFEN
100
AcDbLine
 10
177.7500000000063
 20
2654.75
 30
0.0
 11
176.2500000000066
 21
2656.25
 31
0.0
  0
LINE
  5
47
330
2
100
AcDbEntity
  8
HALFEN
100
AcDbLine
 10
176.2500000000066
 20
2656.25
 30
0.0
 11
174.7500000000065
 21
2654.75
 31
0.0
  0
LINE
  5
48
330
2
100
AcDbEntity
  8
HALFEN
100
AcDbLine
 10
174.7500000000066
 20
2654.75
 30
0.0
 11
173.2500000000069
 21
2656.25
 31
0.0
  0
LINE
  5
49
330
2
100
AcDbEntity
  8
HALFEN
100
AcDbLine
 10
173.2500000000069
 20
2656.25
 30
0.0
 11
171.7500000000068
 21
2654.75
 31
0.0
  0
LINE
  5
4A
330
2
100
AcDbEntity
  8
HALFEN
100
AcDbLine
 10
179.2500000000063
 20
2656.25
 30
0.0
 11
177.7500000000062
 21
2654.75
 31
0.0
  0
LINE
  5
4B
330
2
100
AcDbEntity
  8
HALFEN
100
AcDbLine
 10
188.2500000000054
 20
2656.25
 30
0.0
 11
186.7500000000054
 21
2654.75
 31
0.0
  0
LINE
  5
4C
330
2
100
AcDbEntity
  8
HALFEN
100
AcDbLine
 10
171.7500000000069
 20
2654.75
 30
0.0
 11
170.2500000000071
 21
2656.25
 31
0.0
  0
LINE
  5
4D
330
2
100
AcDbEntity
  8
HALFEN
  6
MITTE2
 62
     1
100
AcDbLine
 10
211.7499999999994
 20
2664.75
 30
0.0
 11
211.7499999999994
 21
2646.25
 31
0.0
  0
LINE
  5
4E
330
2
100
AcDbEntity
  8
HALFEN
100
AcDbLine
 10
170.2500000000071
 20
2656.25
 30
0.0
 11
136.2499999999995
 21
2656.25
 31
0.0
  0
TEXT
  5
4F
330
2
100
AcDbEntity
  8
HALFEN
100
AcDbText
 10
82.24999999999946
 20
2758.75
 30
0.0
 40
5.0
  1
Id. Nr.
  7
ARIAL50
100
AcDbText
  0
TEXT
  5
50
330
2
100
AcDbEntity
  8
HALFEN
100
AcDbText
 10
82.24999999999946
 20
2768.75
 30
0.0
 40
5.0
  1
Benennung
  7
ARIAL50
100
AcDbText
  0
LINE
  5
51
330
2
100
AcDbEntity
  8
HALFEN
100
AcDbLine
 10
77.24999999999946
 20
2756.25
 30
0.0
 11
77.24999999999946
 21
2776.25
 31
0.0
  0
LINE
  5
52
330
2
100
AcDbEntity
  8
HALFEN
100
AcDbLine
 10
170.2500000000071
 20
2698.75
 30
0.0
 11
170.2500000000071
 21
2733.750000000001
 31
0.0
  0
ARC
  5
53
330
2
100
AcDbEntity
  8
HALFEN
100
AcDbCircle
 10
190.7499999999995
 20
2716.25
 30
0.0
 40
6.5
100
AcDbArc
 50
90.0
 51
270.0
  0
LINE
  5
54
330
2
100
AcDbEntity
  8
HALFEN
100
AcDbLine
 10
177.750000000007
 20
2698.75
 30
0.0
 11
177.750000000007
 21
2733.750000000001
 31
0.0
  0
LINE
  5
55
330
2
100
AcDbEntity
  8
HALFEN
100
AcDbLine
 10
176.2500000000069
 20
2698.75
 30
0.0
 11
176.250000000007
 21
2733.750000000001
 31
0.0
  0
LINE
  5
56
330
2
100
AcDbEntity
  8
HALFEN
100
AcDbLine
 10
174.7500000000069
 20
2698.75
 30
0.0
 11
174.7500000000069
 21
2733.750000000001
 31
0.0
  0
LINE
  5
57
330
2
100
AcDbEntity
  8
HALFEN
100
AcDbLine
 10
171.7500000000068
 20
2698.75
 30
0.0
 11
171.7500000000068
 21
2733.750000000001
 31
0.0
  0
LINE
  5
58
330
2
100
AcDbEntity
  8
HALFEN
100
AcDbLine
 10
173.2500000000068
 20
2698.75
 30
0.0
 11
173.2500000000068
 21
2733.750000000001
 31
0.0
  0
LINE
  5
59
330
2
100
AcDbEntity
  8
HALFEN
100
AcDbLine
 10
185.2500000000073
 20
2698.75
 30
0.0
 11
185.2500000000073
 21
2712.78589838485
 31
0.0
  0
LINE
  5
5A
330
2
100
AcDbEntity
  8
HALFEN
100
AcDbLine
 10
185.2500000000073
 20
2719.71410161515
 30
0.0
 11
185.2500000000073
 21
2733.750000000001
 31
0.0
  0
LINE
  5
5B
330
2
100
AcDbEntity
  8
HALFEN
100
AcDbLine
 10
186.7500000000073
 20
2698.75
 30
0.0
 11
186.7500000000073
 21
2711.126524617014
 31
0.0
  0
LINE
  5
5C
330
2
100
AcDbEntity
  8
HALFEN
100
AcDbLine
 10
186.7500000000073
 20
2721.373475382986
 30
0.0
 11
186.7500000000074
 21
2733.750000000001
 31
0.0
  0
LINE
  5
5D
330
2
100
AcDbEntity
  8
HALFEN
100
AcDbLine
 10
183.7500000000072
 20
2698.75
 30
0.0
 11
183.7500000000072
 21
2733.750000000001
 31
0.0
  0
LINE
  5
5E
330
2
100
AcDbEntity
  8
HALFEN
100
AcDbLine
 10
182.2500000000071
 20
2698.75
 30
0.0
 11
182.2500000000071
 21
2733.750000000001
 31
0.0
  0
LINE
  5
5F
330
2
100
AcDbEntity
  8
HALFEN
100
AcDbLine
 10
180.7500000000071
 20
2698.75
 30
0.0
 11
180.7500000000071
 21
2733.750000000001
 31
0.0
  0
LINE
  5
60
330
2
100
AcDbEntity
  8
HALFEN
100
AcDbLine
 10
179.250000000007
 20
2698.75
 30
0.0
 11
179.250000000007
 21
2733.750000000001
 31
0.0
  0
LINE
  5
61
330
2
100
AcDbEntity
  8
HALFEN
100
AcDbLine
 10
127.2499999999994
 20
2756.25
 30
0.0
 11
127.2499999999994
 21
2776.25
 31
0.0
  0
LINE
  5
62
330
2
100
AcDbEntity
  8
HALFEN
100
AcDbLine
 10
190.7499999999995
 20
2709.75
 30
0.0
 11
196.7499999999994
 21
2709.75
 31
0.0
  0
LINE
  5
63
330
2
100
AcDbEntity
  8
HALFEN
100
AcDbLine
 10
190.7499999999995
 20
2722.75
 30
0.0
 11
196.7499999999994
 21
2722.75
 31
0.0
  0
LINE
  5
64
330
2
100
AcDbEntity
  8
HALFEN
100
AcDbLine
 10
192.7500000000075
 20
2698.75
 30
0.0
 11
192.7500000000075
 21
2709.75
 31
0.0
  0
LINE
  5
65
330
2
100
AcDbEntity
  8
HALFEN
100
AcDbLine
 10
192.7500000000075
 20
2722.75
 30
0.0
 11
192.7500000000076
 21
2733.750000000001
 31
0.0
  0
LINE
  5
66
330
2
100
AcDbEntity
  8
HALFEN
100
AcDbLine
 10
194.2500000000076
 20
2698.75
 30
0.0
 11
194.2500000000075
 21
2709.75
 31
0.0
  0
LINE
  5
67
330
2
100
AcDbEntity
  8
HALFEN
100
AcDbLine
 10
194.2500000000075
 20
2722.75
 30
0.0
 11
194.2500000000076
 21
2733.750000000001
 31
0.0
  0
LINE
  5
68
330
2
100
AcDbEntity
  8
HALFEN
100
AcDbLine
 10
191.2500000000075
 20
2698.75
 30
0.0
 11
191.2500000000075
 21
2709.75
 31
0.0
  0
LINE
  5
69
330
2
100
AcDbEntity
  8
HALFEN
100
AcDbLine
 10
191.2500000000075
 20
2722.75
 30
0.0
 11
191.2500000000075
 21
2733.750000000001
 31
0.0
  0
LINE
  5
6A
330
2
100
AcDbEntity
  8
HALFEN
100
AcDbLine
 10
188.2500000000074
 20
2698.75
 30
0.0
 11
188.2500000000074
 21
2710.249999999997
 31
0.0
  0
LINE
  5
6B
330
2
100
AcDbEntity
  8
HALFEN
100
AcDbLine
 10
188.2500000000074
 20
2722.250000000003
 30
0.0
 11
188.2500000000074
 21
2733.750000000001
 31
0.0
  0
LINE
  5
6C
330
2
100
AcDbEntity
  8
HALFEN
100
AcDbLine
 10
189.7500000000074
 20
2698.75
 30
0.0
 11
189.7500000000074
 21
2709.827383710667
 31
0.0
  0
LINE
  5
6D
330
2
100
AcDbEntity
  8
HALFEN
100
AcDbLine
 10
189.7500000000074
 20
2722.672616289334
 30
0.0
 11
189.7500000000074
 21
2733.750000000001
 31
0.0
  0
LINE
  5
6E
330
2
100
AcDbEntity
  8
HALFEN
100
AcDbLine
 10
195.7500000000077
 20
2698.75
 30
0.0
 11
195.7500000000077
 21
2709.75
 31
0.0
  0
LINE
  5
6F
330
2
100
AcDbEntity
  8
HALFEN
100
AcDbLine
 10
195.7500000000077
 20
2722.75
 30
0.0
 11
195.7500000000077
 21
2733.750000000001
 31
0.0
  0
LINE
  5
70
330
2
100
AcDbEntity
  8
HALFEN
100
AcDbLine
 10
196.7499999999994
 20
2659.75
 30
0.0
 11
196.7499999999994
 21
2655.749999999995
 31
0.0
  0
LINE
  5
71
330
2
100
AcDbEntity
  8
HALFEN
100
AcDbLine
 10
196.7499999999994
 20
2701.25
 30
0.0
 11
196.7499999999995
 21
2731.25
 31
0.0
  0
LINE
  5
72
330
2
100
AcDbEntity
  8
HALFEN
100
AcDbLine
 10
249.7499999999995
 20
2654.75
 30
0.0
 11
248.2499999999998
 21
2656.25
 31
0.0
  0
LINE
  5
73
330
2
100
AcDbEntity
  8
HALFEN
100
AcDbLine
 10
251.2499999999995
 20
2656.25
 30
0.0
 11
249.7499999999994
 21
2654.75
 31
0.0
  0
LINE
  5
74
330
2
100
AcDbEntity
  8
HALFEN
100
AcDbLine
 10
248.2499999999998
 20
2656.25
 30
0.0
 11
246.7499999999997
 21
2654.75
 31
0.0
  0
LINE
  5
75
330
2
100
AcDbEntity
  8
HALFEN
100
AcDbLine
 10
246.7499999999998
 20
2654.75
 30
0.0
 11
245.2500000000001
 21
2656.25
 31
0.0
  0
LINE
  5
76
330
2
100
AcDbEntity
  8
HALFEN
100
AcDbLine
 10
242.2500000000003
 20
2656.25
 30
0.0
 11
240.7500000000003
 21
2654.75
 31
0.0
  0
LINE
  5
77
330
2
100
AcDbEntity
  8
HALFEN
100
AcDbLine
 10
240.7500000000003
 20
2654.75
 30
0.0
 11
239.2500000000006
 21
2656.25
 31
0.0
  0
LINE
  5
78
330
2
100
AcDbEntity
  8
HALFEN
100
AcDbLine
 10
239.2500000000006
 20
2656.25
 30
0.0
 11
237.7500000000006
 21
2654.75
 31
0.0
  0
LINE
  5
79
330
2
100
AcDbEntity
  8
HALFEN
100
AcDbLine
 10
243.75
 20
2654.75
 30
0.0
 11
242.2500000000003
 21
2656.25
 31
0.0
  0
LINE
  5
7A
330
2
100
AcDbEntity
  8
HALFEN
100
AcDbLine
 10
245.2500000000001
 20
2656.25
 30
0.0
 11
243.75
 21
2654.75
 31
0.0
  0
LINE
  5
7B
330
2
100
AcDbEntity
  8
HALFEN
100
AcDbLine
 10
230.2500000000015
 20
2656.25
 30
0.0
 11
228.7500000000014
 21
2654.75
 31
0.0
  0
LINE
  5
7C
330
2
100
AcDbEntity
  8
HALFEN
100
AcDbLine
 10
236.2500000000009
 20
2656.25
 30
0.0
 11
234.7500000000009
 21
2654.75
 31
0.0
  0
LINE
  5
7D
330
2
100
AcDbEntity
  8
HALFEN
100
AcDbLine
 10
234.7500000000009
 20
2654.75
 30
0.0
 11
233.2500000000012
 21
2656.25
 31
0.0
  0
LINE
  5
7E
330
2
100
AcDbEntity
  8
HALFEN
100
AcDbLine
 10
233.2500000000012
 20
2656.25
 30
0.0
 11
231.7500000000011
 21
2654.75
 31
0.0
  0
LINE
  5
7F
330
2
100
AcDbEntity
  8
HALFEN
100
AcDbLine
 10
231.7500000000012
 20
2654.75
 30
0.0
 11
230.2500000000015
 21
2656.25
 31
0.0
  0
LINE
  5
80
330
2
100
AcDbEntity
  8
HALFEN
100
AcDbLine
 10
227.2500000000018
 20
2656.25
 30
0.0
 11
225.7500000000017
 21
2654.75
 31
0.0
  0
LINE
  5
81
330
2
100
AcDbEntity
  8
HALFEN
100
AcDbLine
 10
225.7500000000018
 20
2654.75
 30
0.0
 11
224.2500000000021
 21
2656.25
 31
0.0
  0
LINE
  5
82
330
2
100
AcDbEntity
  8
HALFEN
100
AcDbLine
 10
224.2500000000021
 20
2656.25
 30
0.0
 11
222.750000000002
 21
2654.75
 31
0.0
  0
LINE
  5
83
330
2
100
AcDbEntity
  8
HALFEN
100
AcDbLine
 10
222.750000000002
 20
2654.75
 30
0.0
 11
221.2500000000023
 21
2656.25
 31
0.0
  0
LINE
  5
84
330
2
100
AcDbEntity
  8
HALFEN
100
AcDbLine
 10
228.7500000000015
 20
2654.75
 30
0.0
 11
227.2500000000018
 21
2656.25
 31
0.0
  0
LINE
  5
85
330
2
100
AcDbEntity
  8
HALFEN
100
AcDbLine
 10
218.2500000000026
 20
2656.25
 30
0.0
 11
216.7500000000026
 21
2654.75
 31
0.0
  0
LINE
  5
86
330
2
100
AcDbEntity
  8
HALFEN
100
AcDbLine
 10
216.7500000000026
 20
2654.75
 30
0.0
 11
215.2500000000029
 21
2656.25
 31
0.0
  0
LINE
  5
87
330
2
100
AcDbEntity
  8
HALFEN
100
AcDbLine
 10
215.2500000000029
 20
2656.25
 30
0.0
 11
213.7500000000029
 21
2654.75
 31
0.0
  0
LINE
  5
88
330
2
100
AcDbEntity
  8
HALFEN
100
AcDbLine
 10
219.7500000000023
 20
2654.75
 30
0.0
 11
218.2500000000026
 21
2656.25
 31
0.0
  0
LINE
  5
89
330
2
100
AcDbEntity
  8
HALFEN
100
AcDbLine
 10
213.7500000000029
 20
2654.75
 30
0.0
 11
212.2500000000032
 21
2656.25
 31
0.0
  0
LINE
  5
8A
330
2
100
AcDbEntity
  8
HALFEN
100
AcDbLine
 10
206.2500000000038
 20
2656.25
 30
0.0
 11
204.7500000000037
 21
2654.75
 31
0.0
  0
LINE
  5
8B
330
2
100
AcDbEntity
  8
HALFEN
100
AcDbLine
 10
210.7500000000032
 20
2654.75
 30
0.0
 11
209.2500000000035
 21
2656.25
 31
0.0
  0
LINE
  5
8C
330
2
100
AcDbEntity
  8
HALFEN
100
AcDbLine
 10
209.2500000000035
 20
2656.25
 30
0.0
 11
207.7500000000034
 21
2654.75
 31
0.0
  0
LINE
  5
8D
330
2
100
AcDbEntity
  8
HALFEN
100
AcDbLine
 10
207.7500000000035
 20
2654.75
 30
0.0
 11
206.2500000000038
 21
2656.25
 31
0.0
  0
LINE
  5
8E
330
2
100
AcDbEntity
  8
HALFEN
100
AcDbLine
 10
212.2500000000032
 20
2656.25
 30
0.0
 11
210.7500000000031
 21
2654.75
 31
0.0
  0
LINE
  5
8F
330
2
100
AcDbEntity
  8
HALFEN
100
AcDbLine
 10
221.2500000000023
 20
2656.25
 30
0.0
 11
219.7500000000023
 21
2654.75
 31
0.0
  0
LINE
  5
90
330
2
100
AcDbEntity
  8
HALFEN
100
AcDbLine
 10
237.7500000000006
 20
2654.75
 30
0.0
 11
236.2500000000009
 21
2656.25
 31
0.0
  0
LINE
  5
91
330
2
100
AcDbEntity
  8
HALFEN
100
AcDbLine
 10
251.2499999999995
 20
2656.25
 30
0.0
 11
251.2499999999995
 21
2651.25
 31
0.0
  0
ARC
  5
92
330
2
100
AcDbEntity
  8
HALFEN
100
AcDbCircle
 10
232.7499999999995
 20
2716.25
 30
0.0
 40
6.5
100
AcDbArc
 50
270.0
 51
90.0
  0
LINE
  5
93
330
2
100
AcDbEntity
  8
HALFEN
  6
MITTE2
 62
     1
100
AcDbLine
 10
211.7499999999995
 20
2693.75
 30
0.0
 11
211.7499999999995
 21
2738.75
 31
0.0
  0
CIRCLE
  5
94
330
2
100
AcDbEntity
  8
HALFEN
100
AcDbCircle
 10
211.7499999999995
 20
2716.25
 30
0.0
 40
6.5
  0
LINE
  5
95
330
2
100
AcDbEntity
  8
HALFEN
100
AcDbLine
 10
226.7499999999994
 20
2709.75
 30
0.0
 11
232.7499999999995
 21
2709.75
 31
0.0
  0
LINE
  5
96
330
2
100
AcDbEntity
  8
HALFEN
100
AcDbLine
 10
226.7499999999994
 20
2722.75
 30
0.0
 11
232.7499999999995
 21
2722.75
 31
0.0
  0
LINE
  5
97
330
2
100
AcDbEntity
  8
HALFEN
100
AcDbLine
 10
227.2500000000038
 20
2698.75
 30
0.0
 11
227.2500000000037
 21
2709.75
 31
0.0
  0
LINE
  5
98
330
2
100
AcDbEntity
  8
HALFEN
100
AcDbLine
 10
227.2500000000037
 20
2722.750000000001
 30
0.0
 11
227.2500000000038
 21
2733.750000000001
 31
0.0
  0
LINE
  5
99
330
2
100
AcDbEntity
  8
HALFEN
100
AcDbLine
 10
226.7499999999994
 20
2659.75
 30
0.0
 11
226.7499999999994
 21
2655.749999999998
 31
0.0
  0
LINE
  5
9A
330
2
100
AcDbEntity
  8
HALFEN
100
AcDbLine
 10
226.7499999999994
 20
2701.25
 30
0.0
 11
226.7499999999995
 21
2731.25
 31
0.0
  0
LINE
  5
9B
330
2
100
AcDbEntity
  8
HALFEN
100
AcDbLine
 10
236.250000000002
 20
2698.75
 30
0.0
 11
236.250000000002
 21
2710.77277442495
 31
0.0
  0
LINE
  5
9C
330
2
100
AcDbEntity
  8
HALFEN
100
AcDbLine
 10
236.250000000002
 20
2721.72722557505
 30
0.0
 11
236.2500000000021
 21
2733.750000000001
 31
0.0
  0
LINE
  5
9D
330
2
100
AcDbEntity
  8
HALFEN
100
AcDbLine
 10
234.7500000000023
 20
2698.75
 30
0.0
 11
234.7500000000023
 21
2710.065341561574
 31
0.0
  0
LINE
  5
9E
330
2
100
AcDbEntity
  8
HALFEN
100
AcDbLine
 10
234.7500000000023
 20
2722.434658438426
 30
0.0
 11
234.7500000000023
 21
2733.750000000001
 31
0.0
  0
LINE
  5
9F
330
2
100
AcDbEntity
  8
HALFEN
100
AcDbLine
 10
233.2500000000026
 20
2698.75
 30
0.0
 11
233.2500000000026
 21
2709.769259301592
 31
0.0
  0
LINE
  5
A0
330
2
100
AcDbEntity
  8
HALFEN
100
AcDbLine
 10
233.2500000000026
 20
2722.730740698408
 30
0.0
 11
233.2500000000026
 21
2733.750000000001
 31
0.0
  0
LINE
  5
A1
330
2
100
AcDbEntity
  8
HALFEN
100
AcDbLine
 10
230.2500000000031
 20
2698.75
 30
0.0
 11
230.2500000000031
 21
2709.75
 31
0.0
  0
LINE
  5
A2
330
2
100
AcDbEntity
  8
HALFEN
100
AcDbLine
 10
230.2500000000031
 20
2722.750000000001
 30
0.0
 11
230.2500000000032
 21
2733.750000000001
 31
0.0
  0
LINE
  5
A3
330
2
100
AcDbEntity
  8
HALFEN
100
AcDbLine
 10
228.7500000000034
 20
2698.75
 30
0.0
 11
228.7500000000034
 21
2709.75
 31
0.0
  0
LINE
  5
A4
330
2
100
AcDbEntity
  8
HALFEN
100
AcDbLine
 10
228.7500000000035
 20
2722.750000000001
 30
0.0
 11
228.7500000000035
 21
2733.750000000001
 31
0.0
  0
LINE
  5
A5
330
2
100
AcDbEntity
  8
HALFEN
100
AcDbLine
 10
231.7500000000028
 20
2698.75
 30
0.0
 11
231.7500000000028
 21
2709.75
 31
0.0
  0
LINE
  5
A6
330
2
100
AcDbEntity
  8
HALFEN
100
AcDbLine
 10
231.7500000000029
 20
2722.750000000001
 30
0.0
 11
231.7500000000029
 21
2733.750000000001
 31
0.0
  0
LINE
  5
A7
330
2
100
AcDbEntity
  8
HALFEN
100
AcDbLine
 10
237.7500000000017
 20
2698.75
 30
0.0
 11
237.7500000000017
 21
2712.096688068544
 31
0.0
  0
LINE
  5
A8
330
2
100
AcDbEntity
  8
HALFEN
100
AcDbLine
 10
237.7500000000017
 20
2720.403311931456
 30
0.0
 11
237.7500000000018
 21
2733.750000000001
 31
0.0
  0
LINE
  5
A9
330
2
100
AcDbEntity
  8
HALFEN
100
AcDbLine
 10
239.2500000000014
 20
2698.75
 30
0.0
 11
239.2500000000014
 21
2733.750000000001
 31
0.0
  0
LINE
  5
AA
330
2
100
AcDbEntity
  8
HALFEN
100
AcDbLine
 10
240.7500000000012
 20
2698.75
 30
0.0
 11
240.7500000000011
 21
2733.750000000001
 31
0.0
  0
LINE
  5
AB
330
2
100
AcDbEntity
  8
HALFEN
100
AcDbLine
 10
242.2500000000009
 20
2698.75
 30
0.0
 11
242.2500000000009
 21
2733.750000000001
 31
0.0
  0
LINE
  5
AC
330
2
100
AcDbEntity
  8
HALFEN
100
AcDbLine
 10
243.7500000000006
 20
2698.75
 30
0.0
 11
243.7500000000006
 21
2733.750000000001
 31
0.0
  0
LINE
  5
AD
330
2
100
AcDbEntity
  8
HALFEN
100
AcDbLine
 10
245.2500000000003
 20
2698.75
 30
0.0
 11
245.2500000000003
 21
2733.750000000001
 31
0.0
  0
LINE
  5
AE
330
2
100
AcDbEntity
  8
HALFEN
100
AcDbLine
 10
246.75
 20
2698.75
 30
0.0
 11
246.75
 21
2733.750000000001
 31
0.0
  0
LINE
  5
AF
330
2
100
AcDbEntity
  8
HALFEN
100
AcDbLine
 10
248.2499999999997
 20
2698.75
 30
0.0
 11
248.2499999999997
 21
2733.750000000001
 31
0.0
  0
LINE
  5
B0
330
2
100
AcDbEntity
  8
HALFEN
100
AcDbLine
 10
249.7499999999995
 20
2698.75
 30
0.0
 11
249.7499999999995
 21
2733.750000000001
 31
0.0
  0
LINE
  5
B1
330
2
100
AcDbEntity
  8
HALFEN
100
AcDbLine
 10
251.2499999999995
 20
2698.75
 30
0.0
 11
251.2499999999995
 21
2733.750000000001
 31
0.0
  0
LINE
  5
B2
330
2
100
AcDbEntity
  8
HALFEN
100
AcDbLine
 10
227.2499999999995
 20
2756.25
 30
0.0
 11
227.2499999999995
 21
2776.25
 31
0.0
  0
LINE
  5
B3
330
2
100
AcDbEntity
  8
HALFEN
100
AcDbLine
 10
136.2499999999995
 20
2698.75
 30
0.0
 11
136.2499999999995
 21
2710.250000000001
 31
0.0
  0
LINE
  5
B4
330
2
100
AcDbEntity
  8
HALFEN
100
AcDbLine
 10
136.2499999999995
 20
2656.25
 30
0.0
 11
136.2499999999995
 21
2651.25
 31
0.0
  0
LINE
  5
B5
330
2
100
AcDbEntity
  8
HALFEN
100
AcDbLine
 10
196.7499999999995
 20
2731.25
 30
0.0
 11
226.7499999999995
 21
2731.25
 31
0.0
  0
LINE
  5
B6
330
2
100
AcDbEntity
  8
HALFEN
100
AcDbLine
 10
196.7499999999994
 20
2701.25
 30
0.0
 11
226.7499999999994
 21
2701.25
 31
0.0
  0
LINE
  5
B7
330
2
100
AcDbEntity
  8
HALFEN
100
AcDbLine
 10
197.2500000000078
 20
2731.25
 30
0.0
 11
197.2500000000078
 21
2733.750000000001
 31
0.0
  0
LINE
  5
B8
330
2
100
AcDbEntity
  8
HALFEN
100
AcDbLine
 10
198.7500000000078
 20
2731.25
 30
0.0
 11
198.7500000000078
 21
2733.750000000001
 31
0.0
  0
LINE
  5
B9
330
2
100
AcDbEntity
  8
HALFEN
100
AcDbLine
 10
200.2500000000079
 20
2731.25
 30
0.0
 11
200.2500000000079
 21
2733.750000000001
 31
0.0
  0
LINE
  5
BA
330
2
100
AcDbEntity
  8
HALFEN
100
AcDbLine
 10
201.7500000000079
 20
2731.25
 30
0.0
 11
201.750000000008
 21
2733.750000000001
 31
0.0
  0
LINE
  5
BB
330
2
100
AcDbEntity
  8
HALFEN
100
AcDbLine
 10
203.250000000008
 20
2731.25
 30
0.0
 11
203.250000000008
 21
2733.750000000001
 31
0.0
  0
LINE
  5
BC
330
2
100
AcDbEntity
  8
HALFEN
100
AcDbLine
 10
204.750000000008
 20
2731.25
 30
0.0
 11
204.7500000000081
 21
2733.750000000001
 31
0.0
  0
LINE
  5
BD
330
2
100
AcDbEntity
  8
HALFEN
100
AcDbLine
 10
206.2500000000081
 20
2731.25
 30
0.0
 11
206.2500000000081
 21
2733.750000000001
 31
0.0
  0
LINE
  5
BE
330
2
100
AcDbEntity
  8
HALFEN
100
AcDbLine
 10
207.7500000000082
 20
2731.25
 30
0.0
 11
207.7500000000082
 21
2733.750000000001
 31
0.0
  0
LINE
  5
BF
330
2
100
AcDbEntity
  8
HALFEN
100
AcDbLine
 10
209.2500000000082
 20
2731.25
 30
0.0
 11
209.2500000000082
 21
2733.750000000001
 31
0.0
  0
LINE
  5
C0
330
2
100
AcDbEntity
  8
HALFEN
100
AcDbLine
 10
210.7500000000082
 20
2731.25
 30
0.0
 11
210.7500000000083
 21
2733.750000000001
 31
0.0
  0
LINE
  5
C1
330
2
100
AcDbEntity
  8
HALFEN
100
AcDbLine
 10
212.2500000000083
 20
2731.25
 30
0.0
 11
212.2500000000083
 21
2733.750000000001
 31
0.0
  0
LINE
  5
C2
330
2
100
AcDbEntity
  8
HALFEN
100
AcDbLine
 10
213.7500000000084
 20
2731.25
 30
0.0
 11
213.7500000000084
 21
2733.750000000001
 31
0.0
  0
LINE
  5
C3
330
2
100
AcDbEntity
  8
HALFEN
100
AcDbLine
 10
215.2500000000085
 20
2731.25
 30
0.0
 11
215.2500000000085
 21
2733.750000000001
 31
0.0
  0
LINE
  5
C4
330
2
100
AcDbEntity
  8
HALFEN
100
AcDbLine
 10
216.7500000000085
 20
2731.25
 30
0.0
 11
216.7500000000085
 21
2733.750000000001
 31
0.0
  0
LINE
  5
C5
330
2
100
AcDbEntity
  8
HALFEN
100
AcDbLine
 10
218.2500000000085
 20
2731.25
 30
0.0
 11
218.2500000000086
 21
2733.750000000001
 31
0.0
  0
LINE
  5
C6
330
2
100
AcDbEntity
  8
HALFEN
100
AcDbLine
 10
219.7500000000086
 20
2731.25
 30
0.0
 11
219.7500000000086
 21
2733.750000000001
 31
0.0
  0
LINE
  5
C7
330
2
100
AcDbEntity
  8
HALFEN
100
AcDbLine
 10
221.2500000000087
 20
2731.25
 30
0.0
 11
221.2500000000087
 21
2733.750000000001
 31
0.0
  0
LINE
  5
C8
330
2
100
AcDbEntity
  8
HALFEN
100
AcDbLine
 10
222.7500000000087
 20
2731.25
 30
0.0
 11
222.7500000000087
 21
2733.750000000001
 31
0.0
  0
LINE
  5
C9
330
2
100
AcDbEntity
  8
HALFEN
100
AcDbLine
 10
224.2500000000088
 20
2731.25
 30
0.0
 11
224.2500000000088
 21
2733.750000000001
 31
0.0
  0
LINE
  5
CA
330
2
100
AcDbEntity
  8
HALFEN
100
AcDbLine
 10
225.7500000000089
 20
2731.25
 30
0.0
 11
225.7500000000089
 21
2733.750000000001
 31
0.0
  0
LINE
  5
CB
330
2
100
AcDbEntity
  8
HALFEN
100
AcDbLine
 10
197.2500000000077
 20
2698.75
 30
0.0
 11
197.2500000000077
 21
2701.25
 31
0.0
  0
LINE
  5
CC
330
2
100
AcDbEntity
  8
HALFEN
100
AcDbLine
 10
198.7500000000078
 20
2698.75
 30
0.0
 11
198.7500000000078
 21
2701.25
 31
0.0
  0
LINE
  5
CD
330
2
100
AcDbEntity
  8
HALFEN
100
AcDbLine
 10
200.2500000000078
 20
2698.75
 30
0.0
 11
200.2500000000078
 21
2701.25
 31
0.0
  0
LINE
  5
CE
330
2
100
AcDbEntity
  8
HALFEN
100
AcDbLine
 10
201.7500000000079
 20
2698.75
 30
0.0
 11
201.7500000000079
 21
2701.25
 31
0.0
  0
LINE
  5
CF
330
2
100
AcDbEntity
  8
HALFEN
100
AcDbLine
 10
203.250000000008
 20
2698.75
 30
0.0
 11
203.250000000008
 21
2701.25
 31
0.0
  0
LINE
  5
D0
330
2
100
AcDbEntity
  8
HALFEN
100
AcDbLine
 10
204.750000000008
 20
2698.75
 30
0.0
 11
204.750000000008
 21
2701.25
 31
0.0
  0
LINE
  5
D1
330
2
100
AcDbEntity
  8
HALFEN
100
AcDbLine
 10
206.2500000000081
 20
2698.75
 30
0.0
 11
206.2500000000081
 21
2701.25
 31
0.0
  0
LINE
  5
D2
330
2
100
AcDbEntity
  8
HALFEN
100
AcDbLine
 10
207.7500000000081
 20
2698.75
 30
0.0
 11
207.7500000000081
 21
2701.25
 31
0.0
  0
LINE
  5
D3
330
2
100
AcDbEntity
  8
HALFEN
100
AcDbLine
 10
209.2500000000082
 20
2698.75
 30
0.0
 11
209.2500000000082
 21
2701.25
 31
0.0
  0
LINE
  5
D4
330
2
100
AcDbEntity
  8
HALFEN
100
AcDbLine
 10
210.7500000000082
 20
2698.75
 30
0.0
 11
210.7500000000082
 21
2701.25
 31
0.0
  0
LINE
  5
D5
330
2
100
AcDbEntity
  8
HALFEN
100
AcDbLine
 10
212.2500000000083
 20
2698.75
 30
0.0
 11
212.2500000000083
 21
2701.25
 31
0.0
  0
LINE
  5
D6
330
2
100
AcDbEntity
  8
HALFEN
100
AcDbLine
 10
213.7500000000084
 20
2698.75
 30
0.0
 11
213.7500000000084
 21
2701.25
 31
0.0
  0
LINE
  5
D7
330
2
100
AcDbEntity
  8
HALFEN
100
AcDbLine
 10
215.2500000000084
 20
2698.75
 30
0.0
 11
215.2500000000084
 21
2701.25
 31
0.0
  0
LINE
  5
D8
330
2
100
AcDbEntity
  8
HALFEN
100
AcDbLine
 10
216.7500000000085
 20
2698.75
 30
0.0
 11
216.7500000000085
 21
2701.25
 31
0.0
  0
LINE
  5
D9
330
2
100
AcDbEntity
  8
HALFEN
100
AcDbLine
 10
218.2500000000085
 20
2698.75
 30
0.0
 11
218.2500000000085
 21
2701.25
 31
0.0
  0
LINE
  5
DA
330
2
100
AcDbEntity
  8
HALFEN
100
AcDbLine
 10
219.7500000000086
 20
2698.75
 30
0.0
 11
219.7500000000085
 21
2701.25
 31
0.0
  0
LINE
  5
DB
330
2
100
AcDbEntity
  8
HALFEN
100
AcDbLine
 10
221.2500000000086
 20
2698.75
 30
0.0
 11
221.2500000000086
 21
2701.25
 31
0.0
  0
LINE
  5
DC
330
2
100
AcDbEntity
  8
HALFEN
100
AcDbLine
 10
222.7500000000087
 20
2698.75
 30
0.0
 11
222.7500000000087
 21
2701.25
 31
0.0
  0
LINE
  5
DD
330
2
100
AcDbEntity
  8
HALFEN
100
AcDbLine
 10
224.2500000000088
 20
2698.75
 30
0.0
 11
224.2500000000088
 21
2701.25
 31
0.0
  0
LINE
  5
DE
330
2
100
AcDbEntity
  8
HALFEN
100
AcDbLine
 10
225.7500000000088
 20
2698.75
 30
0.0
 11
225.7500000000088
 21
2701.25
 31
0.0
  0
LINE
  5
DF
330
2
100
AcDbEntity
  8
HALFEN
 62
     1
100
AcDbLine
 10
163.2499999999995
 20
2711.3235
 30
0.0
 11
102.4499999999994
 21
2711.3235
 31
0.0
  0
LINE
  5
E0
330
2
100
AcDbEntity
  8
HALFEN
 62
     1
100
AcDbLine
 10
163.2499999999995
 20
2721.1765
 30
0.0
 11
102.4499999999994
 21
2721.1765
 31
0.0
  0
LINE
  5
E1
330
2
100
AcDbEntity
  8
HALFEN
100
AcDbLine
 10
162.1764899999995
 20
2710.25
 30
0.0
 11
102.4499999999994
 21
2710.250000000001
 31
0.0
1001
GENIUS_GENOREF_13
1005
0
  0
LINE
  5
E3
330
2
100
AcDbEntity
  8
HALFEN
100
AcDbLine
 10
162.1764899999995
 20
2722.25
 30
0.0
 11
102.4499999999994
 21
2722.250000000001
 31
0.0
  0
LINE
  5
E4
330
2
100
AcDbEntity
  8
HALFEN
100
AcDbLine
 10
162.1764899999995
 20
2722.25
 30
0.0
 11
162.1764899999995
 21
2710.25
 31
0.0
  0
LINE
  5
E5
330
2
100
AcDbEntity
  8
HALFEN
100
AcDbLine
 10
163.2499999999995
 20
2721.1765
 30
0.0
 11
163.2499999999995
 21
2711.3235
 31
0.0
  0
LINE
  5
E6
330
2
100
AcDbEntity
  8
HALFEN
100
AcDbLine
 10
163.2499999999995
 20
2721.1765
 30
0.0
 11
162.1764899999995
 21
2722.25
 31
0.0
  0
LINE
  5
E7
330
2
100
AcDbEntity
  8
HALFEN
100
AcDbLine
 10
162.1764899999995
 20
2710.25
 30
0.0
 11
163.2499999999995
 21
2711.3235
 31
0.0
  0
ARC
  5
E8
330
2
100
AcDbEntity
  8
HALFEN
100
AcDbCircle
 10
162.1764899999995
 20
2716.25
 30
0.0
 40
6.0
100
AcDbArc
 50
270.0
 51
89.99999999999959
  0
LINE
  5
E9
330
2
100
AcDbEntity
  8
HALFEN
100
AcDbLine
 10
136.2499999999995
 20
2722.25
 30
0.0
 11
136.2499999999995
 21
2733.750000000001
 31
0.0
  0
LINE
  5
EA
330
2
100
AcDbEntity
  8
HALFEN
  6
MITTE2
 62
     1
100
AcDbLine
 10
136.2499999999995
 20
2656.25
 30
0.0
 11
77.24999999999804
 21
2656.25
 31
0.0
  0
LINE
  5
EB
330
2
100
AcDbEntity
  8
HALFEN
100
AcDbLine
 10
101.6445963744799
 20
2726.644999999999
 30
0.0
 11
102.4499999999994
 21
2725.25
 31
0.0
  0
ARC
  5
EC
330
2
100
AcDbEntity
  8
HALFEN
100
AcDbCircle
 10
97.85467889145266
 20
2708.45375
 30
0.0
 40
4.595321108546784
100
AcDbArc
 50
334.4384694047263
 51
34.43846940471808
  0
ARC
  5
ED
330
2
100
AcDbEntity
  8
HALFEN
100
AcDbCircle
 10
85.27682100412608
 20
2716.25
 30
0.0
 40
17.17317899587339
100
AcDbArc
 50
342.3830311595681
 51
17.61696884043186
  0
LINE
  5
EE
330
2
100
AcDbEntity
  8
HALFEN
100
AcDbLine
 10
101.6445963744799
 20
2705.855
 30
0.0
 11
102.4499999999994
 21
2707.25
 31
0.0
  0
ARC
  5
EF
330
2
100
AcDbEntity
  8
HALFEN
100
AcDbCircle
 10
97.85467889146033
 20
2724.04625
 30
0.0
 40
4.595321108539113
100
AcDbArc
 50
325.5615305952196
 51
25.56153059541875
  0
LINE
  5
F0
330
2
100
AcDbEntity
  8
HALFEN
100
AcDbLine
 10
91.05540362551895
 20
2721.4475
 30
0.0
 11
101.6445963744799
 21
2721.4475
 31
0.0
  0
LINE
  5
F1
330
2
100
AcDbEntity
  8
HALFEN
100
AcDbLine
 10
91.05540362551895
 20
2705.855
 30
0.0
 11
101.6445963744799
 21
2705.855
 31
0.0
  0
LINE
  5
F2
330
2
100
AcDbEntity
  8
HALFEN
100
AcDbLine
 10
91.05540362551895
 20
2711.0525
 30
0.0
 11
101.6445963744799
 21
2711.0525
 31
0.0
  0
LINE
  5
F3
330
2
100
AcDbEntity
  8
HALFEN
100
AcDbLine
 10
91.05540362551895
 20
2726.644999999999
 30
0.0
 11
101.6445963744799
 21
2726.644999999999
 31
0.0
  0
LINE
  5
F4
330
2
100
AcDbEntity
  8
HALFEN
100
AcDbLine
 10
91.05540362551895
 20
2726.644999999999
 30
0.0
 11
90.24999999999947
 21
2725.25
 31
0.0
  0
ARC
  5
F5
330
2
100
AcDbEntity
  8
HALFEN
100
AcDbCircle
 10
107.4231789958727
 20
2716.25
 30
0.0
 40
17.17317899587332
100
AcDbArc
 50
162.3830311595681
 51
197.6169688404318
  0
LINE
  5
F6
330
2
100
AcDbEntity
  8
HALFEN
100
AcDbLine
 10
91.05540362551895
 20
2705.855
 30
0.0
 11
90.24999999999947
 21
2707.25
 31
0.0
  0
ARC
  5
F7
330
2
100
AcDbEntity
  8
HALFEN
100
AcDbCircle
 10
94.84532110853857
 20
2708.453750000002
 30
0.0
 40
4.595321108539113
100
AcDbArc
 50
145.5615305952504
 51
205.5615305956205
  0
ARC
  5
F8
330
2
100
AcDbEntity
  8
HALFEN
100
AcDbCircle
 10
94.84532110853857
 20
2724.04625
 30
0.0
 40
4.595321108539113
100
AcDbArc
 50
154.4384694045812
 51
214.4384694047803
  0
LINE
  5
F9
330
2
100
AcDbEntity
  8
HALFEN
100
AcDbLine
 10
102.4499999999994
 20
2725.25
 30
0.0
 11
102.4499999999994
 21
2707.25
 31
0.0
  0
LINE
  5
FA
330
2
100
AcDbEntity
  8
HALFEN
100
AcDbLine
 10
87.24999999999946
 20
2696.25
 30
0.0
 11
90.24999999999947
 21
2696.25
 31
0.0
  0
LINE
  5
FB
330
2
100
AcDbEntity
  8
HALFEN
100
AcDbLine
 10
90.24999999999947
 20
2696.25
 30
0.0
 11
90.24999999999947
 21
2736.25
 31
0.0
  0
LINE
  5
FC
330
2
100
AcDbEntity
  8
HALFEN
100
AcDbLine
 10
87.24999999999946
 20
2696.25
 30
0.0
 11
87.24999999999946
 21
2736.25
 31
0.0
  0
LINE
  5
FD
330
2
100
AcDbEntity
  8
HALFEN
100
AcDbLine
 10
87.24999999999946
 20
2736.25
 30
0.0
 11
90.24999999999947
 21
2736.25
 31
0.0
  0
LINE
  5
FE
330
2
100
AcDbEntity
  8
HALFEN
100
AcDbLine
 10
87.24999999999946
 20
2636.25
 30
0.0
 11
87.24999999999946
 21
2676.25
 31
0.0
  0
LINE
  5
FF
330
2
100
AcDbEntity
  8
HALFEN
100
AcDbLine
 10
90.24999999999947
 20
2636.25
 30
0.0
 11
90.24999999999947
 21
2676.25
 31
0.0
  0
LINE
  5
100
330
2
100
AcDbEntity
  8
HALFEN
100
AcDbLine
 10
87.24999999999946
 20
2636.25
 30
0.0
 11
90.24999999999947
 21
2636.25
 31
0.0
  0
LINE
  5
101
330
2
100
AcDbEntity
  8
HALFEN
100
AcDbLine
 10
87.24999999999946
 20
2676.25
 30
0.0
 11
90.24999999999947
 21
2676.25
 31
0.0
  0
LINE
  5
102
330
2
100
AcDbEntity
  8
HALFEN
100
AcDbLine
 10
162.1764899999995
 20
2662.25
 30
0.0
 11
102.4499999999994
 21
2662.250000000001
 31
0.0
  0
LINE
  5
103
330
2
100
AcDbEntity
  8
HALFEN
 62
     1
100
AcDbLine
 10
136.2499999999994
 20
2651.3235
 30
0.0
 11
102.4499999999994
 21
2651.3235
 31
0.0
  0
LINE
  5
104
330
2
100
AcDbEntity
  8
HALFEN
100
AcDbLine
 10
162.1764899999995
 20
2650.25
 30
0.0
 11
102.4499999999994
 21
2650.250000000001
 31
0.0
  0
LINE
  5
105
330
2
100
AcDbEntity
  8
HALFEN
 62
     1
100
AcDbLine
 10
163.2499999999995
 20
2661.1765
 30
0.0
 11
102.4499999999994
 21
2661.1765
 31
0.0
  0
LINE
  5
106
330
2
100
AcDbEntity
  8
HALFEN
100
AcDbLine
 10
91.05540362551895
 20
2666.645
 30
0.0
 11
101.6445963744799
 21
2666.645
 31
0.0
  0
LINE
  5
107
330
2
100
AcDbEntity
  8
HALFEN
100
AcDbLine
 10
91.05540362551895
 20
2651.0525
 30
0.0
 11
101.6445963744799
 21
2651.0525
 31
0.0
  0
LINE
  5
108
330
2
100
AcDbEntity
  8
HALFEN
100
AcDbLine
 10
91.05540362551895
 20
2645.855
 30
0.0
 11
101.6445963744799
 21
2645.855
 31
0.0
  0
LINE
  5
109
330
2
100
AcDbEntity
  8
HALFEN
100
AcDbLine
 10
91.05540362551895
 20
2661.4475
 30
0.0
 11
101.6445963744799
 21
2661.4475
 31
0.0
  0
ARC
  5
10A
330
2
100
AcDbEntity
  8
HALFEN
100
AcDbCircle
 10
94.84532110853857
 20
2664.04625
 30
0.0
 40
4.595321108539113
100
AcDbArc
 50
154.4384694045812
 51
214.4384694047803
  0
ARC
  5
10B
330
2
100
AcDbEntity
  8
HALFEN
100
AcDbCircle
 10
94.84532110853857
 20
2648.453750000002
 30
0.0
 40
4.595321108539113
100
AcDbArc
 50
145.5615305952504
 51
205.5615305956205
  0
LINE
  5
10C
330
2
100
AcDbEntity
  8
HALFEN
100
AcDbLine
 10
91.05540362551895
 20
2645.855
 30
0.0
 11
90.24999999999947
 21
2647.25
 31
0.0
  0
ARC
  5
10D
330
2
100
AcDbEntity
  8
HALFEN
100
AcDbCircle
 10
107.4231789958727
 20
2656.25
 30
0.0
 40
17.17317899587332
100
AcDbArc
 50
162.3830311595681
 51
197.6169688404318
  0
LINE
  5
10E
330
2
100
AcDbEntity
  8
HALFEN
100
AcDbLine
 10
91.05540362551895
 20
2666.645
 30
0.0
 11
90.24999999999947
 21
2665.25
 31
0.0
  0
ARC
  5
10F
330
2
100
AcDbEntity
  8
HALFEN
100
AcDbCircle
 10
97.85467889146033
 20
2664.04625
 30
0.0
 40
4.595321108539113
100
AcDbArc
 50
325.5615305952196
 51
25.56153059541875
  0
ARC
  5
110
330
2
100
AcDbEntity
  8
HALFEN
100
AcDbCircle
 10
97.85467889145266
 20
2648.45375
 30
0.0
 40
4.595321108546784
100
AcDbArc
 50
334.4384694047263
 51
34.43846940471808
  0
LINE
  5
111
330
2
100
AcDbEntity
  8
HALFEN
100
AcDbLine
 10
102.4499999999994
 20
2665.25
 30
0.0
 11
102.4499999999994
 21
2647.25
 31
0.0
  0
LINE
  5
112
330
2
100
AcDbEntity
  8
HALFEN
100
AcDbLine
 10
101.6445963744799
 20
2645.855
 30
0.0
 11
102.4499999999994
 21
2647.25
 31
0.0
  0
ARC
  5
113
330
2
100
AcDbEntity
  8
HALFEN
100
AcDbCircle
 10
85.27682100412608
 20
2656.25
 30
0.0
 40
17.17317899587339
100
AcDbArc
 50
342.3830311595681
 51
17.61696884043186
  0
LINE
  5
114
330
2
100
AcDbEntity
  8
HALFEN
100
AcDbLine
 10
101.6445963744799
 20
2666.645
 30
0.0
 11
102.4499999999994
 21
2665.25
 31
0.0
  0
LINE
  5
115
330
2
100
AcDbEntity
  8
HALFEN
100
AcDbLine
 10
162.1764899999995
 20
2662.25
 30
0.0
 11
162.1764899999995
 21
2656.25
 31
0.0
  0
LINE
  5
116
330
2
100
AcDbEntity
  8
HALFEN
100
AcDbLine
 10
163.2499999999995
 20
2661.1765
 30
0.0
 11
163.2499999999995
 21
2656.25
 31
0.0
  0
LINE
  5
117
330
2
100
AcDbEntity
  8
HALFEN
100
AcDbLine
 10
163.2499999999995
 20
2661.1765
 30
0.0
 11
162.1764899999995
 21
2662.25
 31
0.0
  0
LINE
  5
118
330
2
100
AcDbEntity
  8
HALFEN
100
AcDbLine
 10
162.1764899999995
 20
2650.25
 30
0.0
 11
163.176499315324
 21
2651.250000000001
 31
0.0
  0
LINE
  5
119
330
2
100
AcDbEntity
  8
HALFEN
100
AcDbLine
 10
162.1764899999995
 20
2651.25
 30
0.0
 11
162.1764899999995
 21
2650.25
 31
0.0
  0
LINE
  5
11A
330
2
100
AcDbEntity
  8
HALFEN
100
AcDbLine
 10
196.2500000000023
 20
2816.25
 30
0.0
 11
194.7500000000023
 21
2814.75
 31
0.0
  0
LINE
  5
11B
330
2
100
AcDbEntity
  8
HALFEN
100
AcDbLine
 10
201.7499999999995
 20
2819.75
 30
0.0
 11
171.7499999999994
 21
2819.749999999999
 31
0.0
  0
LINE
  5
11C
330
2
100
AcDbEntity
  8
HALFEN
100
AcDbLine
 10
226.2499999999995
 20
2811.25
 30
0.0
 11
111.2499999999994
 21
2811.250000000001
 31
0.0
  0
LINE
  5
11D
330
2
100
AcDbEntity
  8
HALFEN
100
AcDbLine
 10
171.7499999999995
 20
2891.25
 30
0.0
 11
201.7499999999995
 21
2891.25
 31
0.0
  0
LINE
  5
11E
330
2
100
AcDbEntity
  8
HALFEN
100
AcDbLine
 10
171.7499999999994
 20
2861.25
 30
0.0
 11
201.7499999999994
 21
2861.25
 31
0.0
  0
LINE
  5
11F
330
2
100
AcDbEntity
  8
HALFEN
100
AcDbLine
 10
226.2499999999995
 20
2858.75
 30
0.0
 11
111.2499999999994
 21
2858.75
 31
0.0
  0
LINE
  5
120
330
2
100
AcDbEntity
  8
HALFEN
100
AcDbLine
 10
111.2499999999994
 20
2893.75
 30
0.0
 11
226.2499999999995
 21
2893.75
 31
0.0
  0
LINE
  5
121
330
2
100
AcDbEntity
  8
HALFEN
  6
MITTE2
 62
     1
100
AcDbLine
 10
77.24999999999946
 20
2876.25
 30
0.0
 11
226.2499999999995
 21
2876.25
 31
0.0
  0
TEXT
  5
122
330
2
100
AcDbEntity
  8
HALFEN
100
AcDbText
 10
132.2499999999994
 20
2928.75
 30
0.0
 40
5.0
  1
HKZ GF - 38/17 - 100 - A4
  7
ARIAL50
100
AcDbText
  0
LINE
  5
123
330
2
100
AcDbEntity
  8
HALFEN
100
AcDbLine
 10
77.24999999999946
 20
2936.25
 30
0.0
 11
227.2499999999995
 21
2936.25
 31
0.0
  0
LINE
  5
124
330
2
100
AcDbEntity
  8
HALFEN
100
AcDbLine
 10
77.24999999999946
 20
2926.25
 30
0.0
 11
227.2499999999995
 21
2926.25
 31
0.0
  0
LINE
  5
125
330
2
100
AcDbEntity
  8
HALFEN
100
AcDbLine
 10
77.24999999999946
 20
2916.25
 30
0.0
 11
227.2499999999995
 21
2916.25
 31
0.0
  0
LINE
  5
126
330
2
100
AcDbEntity
  8
HALFEN
100
AcDbLine
 10
171.7499999999994
 20
2861.25
 30
0.0
 11
171.7499999999995
 21
2891.25
 31
0.0
  0
LINE
  5
127
330
2
100
AcDbEntity
  8
HALFEN
100
AcDbLine
 10
145.2500000000071
 20
2858.75
 30
0.0
 11
145.2500000000071
 21
2893.75
 31
0.0
  0
LINE
  5
128
330
2
100
AcDbEntity
  8
HALFEN
100
AcDbLine
 10
152.750000000007
 20
2858.75
 30
0.0
 11
152.750000000007
 21
2893.75
 31
0.0
  0
LINE
  5
129
330
2
100
AcDbEntity
  8
HALFEN
100
AcDbLine
 10
151.2500000000069
 20
2858.75
 30
0.0
 11
151.250000000007
 21
2893.75
 31
0.0
  0
LINE
  5
12A
330
2
100
AcDbEntity
  8
HALFEN
100
AcDbLine
 10
149.7500000000069
 20
2858.75
 30
0.0
 11
149.7500000000069
 21
2893.75
 31
0.0
  0
LINE
  5
12B
330
2
100
AcDbEntity
  8
HALFEN
100
AcDbLine
 10
146.7500000000068
 20
2858.75
 30
0.0
 11
146.7500000000068
 21
2893.75
 31
0.0
  0
LINE
  5
12C
330
2
100
AcDbEntity
  8
HALFEN
100
AcDbLine
 10
148.2500000000068
 20
2858.75
 30
0.0
 11
148.2500000000068
 21
2893.75
 31
0.0
  0
LINE
  5
12D
330
2
100
AcDbEntity
  8
HALFEN
100
AcDbLine
 10
160.2500000000073
 20
2858.75
 30
0.0
 11
160.2500000000073
 21
2872.78589838485
 31
0.0
  0
LINE
  5
12E
330
2
100
AcDbEntity
  8
HALFEN
100
AcDbLine
 10
161.7500000000073
 20
2858.75
 30
0.0
 11
161.7500000000073
 21
2871.126524617015
 31
0.0
  0
LINE
  5
12F
330
2
100
AcDbEntity
  8
HALFEN
100
AcDbLine
 10
158.7500000000072
 20
2858.75
 30
0.0
 11
158.7500000000072
 21
2893.75
 31
0.0
  0
LINE
  5
130
330
2
100
AcDbEntity
  8
HALFEN
100
AcDbLine
 10
157.2500000000071
 20
2858.75
 30
0.0
 11
157.2500000000071
 21
2893.75
 31
0.0
  0
LINE
  5
131
330
2
100
AcDbEntity
  8
HALFEN
100
AcDbLine
 10
155.7500000000071
 20
2858.75
 30
0.0
 11
155.7500000000071
 21
2893.75
 31
0.0
  0
LINE
  5
132
330
2
100
AcDbEntity
  8
HALFEN
100
AcDbLine
 10
154.250000000007
 20
2858.75
 30
0.0
 11
154.250000000007
 21
2893.75
 31
0.0
  0
LINE
  5
133
330
2
100
AcDbEntity
  8
HALFEN
100
AcDbLine
 10
167.7500000000075
 20
2858.75
 30
0.0
 11
167.7500000000075
 21
2869.750000000001
 31
0.0
  0
LINE
  5
134
330
2
100
AcDbEntity
  8
HALFEN
100
AcDbLine
 10
169.2500000000076
 20
2858.75
 30
0.0
 11
169.2500000000075
 21
2869.750000000001
 31
0.0
  0
LINE
  5
135
330
2
100
AcDbEntity
  8
HALFEN
100
AcDbLine
 10
166.2500000000075
 20
2858.75
 30
0.0
 11
166.2500000000075
 21
2869.750000000001
 31
0.0
  0
LINE
  5
136
330
2
100
AcDbEntity
  8
HALFEN
100
AcDbLine
 10
163.2500000000074
 20
2858.75
 30
0.0
 11
163.2500000000074
 21
2870.249999999997
 31
0.0
  0
LINE
  5
137
330
2
100
AcDbEntity
  8
HALFEN
100
AcDbLine
 10
164.7500000000074
 20
2858.75
 30
0.0
 11
164.7500000000074
 21
2869.827383710666
 31
0.0
  0
LINE
  5
138
330
2
100
AcDbEntity
  8
HALFEN
100
AcDbLine
 10
170.7500000000077
 20
2858.75
 30
0.0
 11
170.7500000000077
 21
2869.750000000001
 31
0.0
  0
LINE
  5
139
330
2
100
AcDbEntity
  8
HALFEN
  6
MITTE2
 62
     1
100
AcDbLine
 10
186.7499999999995
 20
2853.75
 30
0.0
 11
186.7499999999995
 21
2898.75
 31
0.0
  0
LINE
  5
13A
330
2
100
AcDbEntity
  8
HALFEN
100
AcDbLine
 10
111.2499999999994
 20
2858.75
 30
0.0
 11
111.2499999999994
 21
2870.25
 31
0.0
  0
LINE
  5
13B
330
2
100
AcDbEntity
  8
HALFEN
100
AcDbLine
 10
87.24999999999946
 20
2856.25
 30
0.0
 11
87.24999999999946
 21
2896.25
 31
0.0
  0
LINE
  5
13C
330
2
100
AcDbEntity
  8
HALFEN
100
AcDbLine
 10
90.24999999999947
 20
2856.25
 30
0.0
 11
90.24999999999947
 21
2896.25
 31
0.0
  0
LINE
  5
13D
330
2
100
AcDbEntity
  8
HALFEN
100
AcDbLine
 10
132.1764899999995
 20
2810.25
 30
0.0
 11
102.4499999999994
 21
2810.250000000001
 31
0.0
  0
LINE
  5
13E
330
2
100
AcDbEntity
  8
HALFEN
100
AcDbLine
 10
132.1764899999995
 20
2822.25
 30
0.0
 11
102.4499999999994
 21
2822.25
 31
0.0
  0
LINE
  5
13F
330
2
100
AcDbEntity
  8
HALFEN
 62
     1
100
AcDbLine
 10
133.2499999999995
 20
2821.1765
 30
0.0
 11
102.4499999999994
 21
2821.1765
 31
0.0
  0
LINE
  5
140
330
2
100
AcDbEntity
  8
HALFEN
100
AcDbLine
 10
145.2500000000071
 20
2816.25
 30
0.0
 11
111.2499999999994
 21
2816.25
 31
0.0
  0
LINE
  5
141
330
2
100
AcDbEntity
  8
HALFEN
100
AcDbLine
 10
91.05540362551895
 20
2826.645
 30
0.0
 11
101.6445963744799
 21
2826.645
 31
0.0
  0
LINE
  5
142
330
2
100
AcDbEntity
  8
HALFEN
100
AcDbLine
 10
91.05540362551895
 20
2811.0525
 30
0.0
 11
101.6445963744799
 21
2811.0525
 31
0.0
  0
LINE
  5
143
330
2
100
AcDbEntity
  8
HALFEN
100
AcDbLine
 10
91.05540362551895
 20
2821.447500000001
 30
0.0
 11
101.6445963744799
 21
2821.447500000001
 31
0.0
  0
LINE
  5
144
330
2
100
AcDbEntity
  8
HALFEN
100
AcDbLine
 10
91.05540362551895
 20
2805.855
 30
0.0
 11
101.6445963744799
 21
2805.855
 31
0.0
  0
LINE
  5
145
330
2
100
AcDbEntity
  8
HALFEN
  6
MITTE2
 62
     1
100
AcDbLine
 10
111.2499999999994
 20
2816.25
 30
0.0
 11
77.24999999999804
 21
2816.25
 31
0.0
  0
LINE
  5
146
330
2
100
AcDbEntity
  8
HALFEN
100
AcDbLine
 10
91.05540362551895
 20
2805.855
 30
0.0
 11
90.24999999999947
 21
2807.25
 31
0.0
  0
LINE
  5
147
330
2
100
AcDbEntity
  8
HALFEN
100
AcDbLine
 10
87.24999999999946
 20
2796.250000000001
 30
0.0
 11
87.24999999999946
 21
2836.25
 31
0.0
  0
LINE
  5
148
330
2
100
AcDbEntity
  8
HALFEN
100
AcDbLine
 10
90.24999999999947
 20
2796.250000000001
 30
0.0
 11
90.24999999999947
 21
2836.25
 31
0.0
  0
LINE
  5
149
330
2
100
AcDbEntity
  8
HALFEN
100
AcDbLine
 10
87.24999999999946
 20
2796.250000000001
 30
0.0
 11
90.24999999999947
 21
2796.250000000001
 31
0.0
  0
ARC
  5
14A
330
2
100
AcDbEntity
  8
HALFEN
100
AcDbCircle
 10
94.84532110853857
 20
2824.04625
 30
0.0
 40
4.595321108539113
100
AcDbArc
 50
154.4384694045812
 51
214.4384694047803
  0
ARC
  5
14B
330
2
100
AcDbEntity
  8
HALFEN
100
AcDbCircle
 10
94.84532110853857
 20
2808.453750000003
 30
0.0
 40
4.595321108539113
100
AcDbArc
 50
145.5615305952504
 51
205.5615305956205
  0
ARC
  5
14C
330
2
100
AcDbEntity
  8
HALFEN
100
AcDbCircle
 10
107.4231789958727
 20
2816.25
 30
0.0
 40
17.17317899587332
100
AcDbArc
 50
162.3830311595681
 51
197.6169688404318
  0
LINE
  5
14D
330
2
100
AcDbEntity
  8
HALFEN
100
AcDbLine
 10
91.05540362551895
 20
2826.645
 30
0.0
 11
90.24999999999947
 21
2825.25
 31
0.0
  0
LINE
  5
14E
330
2
100
AcDbEntity
  8
HALFEN
 62
     1
100
AcDbLine
 10
87.24999999999804
 20
2821.1765
 30
0.0
 11
86.24999999999806
 21
2821.176500000001
 31
0.0
  0
LINE
  5
14F
330
2
100
AcDbEntity
  8
HALFEN
100
AcDbLine
 10
87.24999999999804
 20
2810.250000000001
 30
0.0
 11
86.24999999999806
 21
2810.25
 31
0.0
  0
LINE
  5
150
330
2
100
AcDbEntity
  8
HALFEN
 62
     1
100
AcDbLine
 10
87.24999999999804
 20
2811.3235
 30
0.0
 11
86.24999999999806
 21
2811.3235
 31
0.0
  0
LINE
  5
151
330
2
100
AcDbEntity
  8
HALFEN
100
AcDbLine
 10
87.24999999999804
 20
2822.25
 30
0.0
 11
86.24999999999804
 21
2822.25
 31
0.0
  0
LINE
  5
152
330
2
100
AcDbEntity
  8
HALFEN
100
AcDbLine
 10
87.24999999999946
 20
2836.25
 30
0.0
 11
90.24999999999947
 21
2836.25
 31
0.0
  0
LINE
  5
153
330
2
100
AcDbEntity
  8
HALFEN
100
AcDbLine
 10
87.24999999999946
 20
2856.25
 30
0.0
 11
90.24999999999947
 21
2856.25
 31
0.0
  0
LINE
  5
154
330
2
100
AcDbEntity
  8
HALFEN
100
AcDbLine
 10
101.6445963744799
 20
2805.855
 30
0.0
 11
102.4499999999994
 21
2807.25
 31
0.0
  0
LINE
  5
155
330
2
100
AcDbEntity
  8
HALFEN
 62
     1
100
AcDbLine
 10
111.2499999999994
 20
2811.3235
 30
0.0
 11
102.4499999999994
 21
2811.3235
 31
0.0
  0
ARC
  5
156
330
2
100
AcDbEntity
  8
HALFEN
100
AcDbCircle
 10
97.85467889146033
 20
2824.04625
 30
0.0
 40
4.595321108539113
100
AcDbArc
 50
325.5615305952196
 51
25.56153059541875
  0
ARC
  5
157
330
2
100
AcDbEntity
  8
HALFEN
100
AcDbCircle
 10
97.85467889145266
 20
2808.45375
 30
0.0
 40
4.595321108546784
100
AcDbArc
 50
334.4384694047263
 51
34.43846940471808
  0
LINE
  5
158
330
2
100
AcDbEntity
  8
HALFEN
100
AcDbLine
 10
102.4499999999994
 20
2825.25
 30
0.0
 11
102.4499999999994
 21
2807.25
 31
0.0
  0
ARC
  5
159
330
2
100
AcDbEntity
  8
HALFEN
100
AcDbCircle
 10
85.27682100412608
 20
2816.25
 30
0.0
 40
17.17317899587339
100
AcDbArc
 50
342.3830311595681
 51
17.61696884043186
  0
LINE
  5
15A
330
2
100
AcDbEntity
  8
HALFEN
100
AcDbLine
 10
101.6445963744799
 20
2826.645
 30
0.0
 11
102.4499999999994
 21
2825.25
 31
0.0
  0
LINE
  5
15B
330
2
100
AcDbEntity
  8
HALFEN
100
AcDbLine
 10
111.2499999999994
 20
2816.25
 30
0.0
 11
111.2499999999994
 21
2811.25
 31
0.0
  0
LINE
  5
15C
330
2
100
AcDbEntity
  8
HALFEN
100
AcDbLine
 10
154.2500000000063
 20
2816.25
 30
0.0
 11
152.7500000000062
 21
2814.75
 31
0.0
  0
LINE
  5
15D
330
2
100
AcDbEntity
  8
HALFEN
100
AcDbLine
 10
132.1764899999995
 20
2810.25
 30
0.0
 11
133.176499315324
 21
2811.250000000001
 31
0.0
  0
LINE
  5
15E
330
2
100
AcDbEntity
  8
HALFEN
100
AcDbLine
 10
133.2499999999995
 20
2821.1765
 30
0.0
 11
133.2499999999995
 21
2816.25
 31
0.0
  0
LINE
  5
15F
330
2
100
AcDbEntity
  8
HALFEN
100
AcDbLine
 10
132.1764899999995
 20
2822.25
 30
0.0
 11
132.1764899999995
 21
2816.25
 31
0.0
  0
LINE
  5
160
330
2
100
AcDbEntity
  8
HALFEN
100
AcDbLine
 10
132.1764899999995
 20
2811.25
 30
0.0
 11
132.1764899999995
 21
2810.25
 31
0.0
  0
LINE
  5
161
330
2
100
AcDbEntity
  8
HALFEN
100
AcDbLine
 10
133.2499999999995
 20
2821.1765
 30
0.0
 11
132.1764899999995
 21
2822.25
 31
0.0
  0
LINE
  5
162
330
2
100
AcDbEntity
  8
HALFEN
100
AcDbLine
 10
152.7500000000063
 20
2814.75
 30
0.0
 11
151.2500000000066
 21
2816.25
 31
0.0
  0
LINE
  5
163
330
2
100
AcDbEntity
  8
HALFEN
100
AcDbLine
 10
151.2500000000066
 20
2816.25
 30
0.0
 11
149.7500000000065
 21
2814.75
 31
0.0
  0
LINE
  5
164
330
2
100
AcDbEntity
  8
HALFEN
100
AcDbLine
 10
149.7500000000066
 20
2814.75
 30
0.0
 11
148.2500000000069
 21
2816.25
 31
0.0
  0
LINE
  5
165
330
2
100
AcDbEntity
  8
HALFEN
100
AcDbLine
 10
148.2500000000069
 20
2816.25
 30
0.0
 11
146.7500000000068
 21
2814.75
 31
0.0
  0
LINE
  5
166
330
2
100
AcDbEntity
  8
HALFEN
100
AcDbLine
 10
146.7500000000069
 20
2814.75
 30
0.0
 11
145.2500000000071
 21
2816.25
 31
0.0
  0
LINE
  5
167
330
2
100
AcDbEntity
  8
HALFEN
100
AcDbLine
 10
175.2500000000043
 20
2816.25
 30
0.0
 11
173.7500000000042
 21
2814.75
 31
0.0
  0
LINE
  5
168
330
2
100
AcDbEntity
  8
HALFEN
100
AcDbLine
 10
164.7500000000051
 20
2814.75
 30
0.0
 11
163.2500000000054
 21
2816.25
 31
0.0
  0
LINE
  5
169
330
2
100
AcDbEntity
  8
HALFEN
100
AcDbLine
 10
161.7500000000054
 20
2814.75
 30
0.0
 11
160.2500000000057
 21
2816.25
 31
0.0
  0
LINE
  5
16A
330
2
100
AcDbEntity
  8
HALFEN
100
AcDbLine
 10
160.2500000000057
 20
2816.25
 30
0.0
 11
158.7500000000057
 21
2814.75
 31
0.0
  0
LINE
  5
16B
330
2
100
AcDbEntity
  8
HALFEN
100
AcDbLine
 10
158.7500000000057
 20
2814.75
 30
0.0
 11
157.250000000006
 21
2816.25
 31
0.0
  0
LINE
  5
16C
330
2
100
AcDbEntity
  8
HALFEN
100
AcDbLine
 10
163.2500000000054
 20
2816.25
 30
0.0
 11
161.7500000000054
 21
2814.75
 31
0.0
  0
LINE
  5
16D
330
2
100
AcDbEntity
  8
HALFEN
100
AcDbLine
 10
155.750000000006
 20
2814.75
 30
0.0
 11
154.2500000000063
 21
2816.25
 31
0.0
  0
LINE
  5
16E
330
2
100
AcDbEntity
  8
HALFEN
100
AcDbLine
 10
157.250000000006
 20
2816.25
 30
0.0
 11
155.7500000000059
 21
2814.75
 31
0.0
  0
LINE
  5
16F
330
2
100
AcDbEntity
  8
HALFEN
100
AcDbLine
 10
173.7500000000043
 20
2814.75
 30
0.0
 11
172.2500000000046
 21
2816.25
 31
0.0
  0
LINE
  5
170
330
2
100
AcDbEntity
  8
HALFEN
100
AcDbLine
 10
172.2500000000046
 20
2816.25
 30
0.0
 11
170.7500000000045
 21
2814.75
 31
0.0
  0
LINE
  5
171
330
2
100
AcDbEntity
  8
HALFEN
100
AcDbLine
 10
169.2500000000049
 20
2816.25
 30
0.0
 11
167.7500000000048
 21
2814.75
 31
0.0
  0
LINE
  5
172
330
2
100
AcDbEntity
  8
HALFEN
100
AcDbLine
 10
170.7500000000046
 20
2814.75
 30
0.0
 11
169.2500000000049
 21
2816.25
 31
0.0
  0
LINE
  5
173
330
2
100
AcDbEntity
  8
HALFEN
100
AcDbLine
 10
171.7499999999994
 20
2819.749999999999
 30
0.0
 11
171.7499999999994
 21
2815.749999999995
 31
0.0
  0
LINE
  5
174
330
2
100
AcDbEntity
  8
HALFEN
100
AcDbLine
 10
166.2500000000052
 20
2816.25
 30
0.0
 11
164.7500000000051
 21
2814.75
 31
0.0
  0
LINE
  5
175
330
2
100
AcDbEntity
  8
HALFEN
100
AcDbLine
 10
167.7500000000049
 20
2814.75
 30
0.0
 11
166.2500000000052
 21
2816.25
 31
0.0
  0
LINE
  5
176
330
2
100
AcDbEntity
  8
HALFEN
100
AcDbLine
 10
172.2500000000077
 20
2858.75
 30
0.0
 11
172.2500000000077
 21
2861.25
 31
0.0
  0
LINE
  5
177
330
2
100
AcDbEntity
  8
HALFEN
100
AcDbLine
 10
173.7500000000078
 20
2858.75
 30
0.0
 11
173.7500000000078
 21
2861.25
 31
0.0
  0
LINE
  5
178
330
2
100
AcDbEntity
  8
HALFEN
100
AcDbLine
 10
185.7500000000032
 20
2814.75
 30
0.0
 11
184.2500000000034
 21
2816.25
 31
0.0
  0
LINE
  5
179
330
2
100
AcDbEntity
  8
HALFEN
100
AcDbLine
 10
179.7500000000037
 20
2814.75
 30
0.0
 11
178.250000000004
 21
2816.25
 31
0.0
  0
LINE
  5
17A
330
2
100
AcDbEntity
  8
HALFEN
100
AcDbLine
 10
181.2500000000037
 20
2816.25
 30
0.0
 11
179.7500000000037
 21
2814.75
 31
0.0
  0
LINE
  5
17B
330
2
100
AcDbEntity
  8
HALFEN
100
AcDbLine
 10
184.2500000000034
 20
2816.25
 30
0.0
 11
182.7500000000034
 21
2814.75
 31
0.0
  0
LINE
  5
17C
330
2
100
AcDbEntity
  8
HALFEN
100
AcDbLine
 10
182.7500000000035
 20
2814.75
 30
0.0
 11
181.2500000000037
 21
2816.25
 31
0.0
  0
LINE
  5
17D
330
2
100
AcDbEntity
  8
HALFEN
100
AcDbLine
 10
176.750000000004
 20
2814.75
 30
0.0
 11
175.2500000000043
 21
2816.25
 31
0.0
  0
LINE
  5
17E
330
2
100
AcDbEntity
  8
HALFEN
100
AcDbLine
 10
178.250000000004
 20
2816.25
 30
0.0
 11
176.750000000004
 21
2814.75
 31
0.0
  0
LINE
  5
17F
330
2
100
AcDbEntity
  8
HALFEN
100
AcDbLine
 10
175.2500000000078
 20
2858.75
 30
0.0
 11
175.2500000000078
 21
2861.25
 31
0.0
  0
LINE
  5
180
330
2
100
AcDbEntity
  8
HALFEN
100
AcDbLine
 10
176.7500000000079
 20
2858.75
 30
0.0
 11
176.7500000000079
 21
2861.25
 31
0.0
  0
LINE
  5
181
330
2
100
AcDbEntity
  8
HALFEN
100
AcDbLine
 10
178.2500000000079
 20
2858.75
 30
0.0
 11
178.2500000000079
 21
2861.25
 31
0.0
  0
LINE
  5
182
330
2
100
AcDbEntity
  8
HALFEN
100
AcDbLine
 10
179.750000000008
 20
2858.75
 30
0.0
 11
179.750000000008
 21
2861.25
 31
0.0
  0
LINE
  5
183
330
2
100
AcDbEntity
  8
HALFEN
100
AcDbLine
 10
181.2500000000081
 20
2858.75
 30
0.0
 11
181.2500000000081
 21
2861.25
 31
0.0
  0
LINE
  5
184
330
2
100
AcDbEntity
  8
HALFEN
100
AcDbLine
 10
182.7500000000081
 20
2858.75
 30
0.0
 11
182.750000000008
 21
2861.25
 31
0.0
  0
LINE
  5
185
330
2
100
AcDbEntity
  8
HALFEN
100
AcDbLine
 10
184.2500000000082
 20
2858.75
 30
0.0
 11
184.2500000000082
 21
2861.25
 31
0.0
  0
LINE
  5
186
330
2
100
AcDbEntity
  8
HALFEN
100
AcDbLine
 10
193.2500000000026
 20
2816.25
 30
0.0
 11
191.7500000000025
 21
2814.75
 31
0.0
  0
LINE
  5
187
330
2
100
AcDbEntity
  8
HALFEN
100
AcDbLine
 10
191.7500000000026
 20
2814.75
 30
0.0
 11
190.2500000000029
 21
2816.25
 31
0.0
  0
LINE
  5
188
330
2
100
AcDbEntity
  8
HALFEN
100
AcDbLine
 10
190.2500000000029
 20
2816.25
 30
0.0
 11
188.7500000000028
 21
2814.75
 31
0.0
  0
LINE
  5
189
330
2
100
AcDbEntity
  8
HALFEN
100
AcDbLine
 10
194.7500000000023
 20
2814.75
 30
0.0
 11
193.2500000000026
 21
2816.25
 31
0.0
  0
LINE
  5
18A
330
2
100
AcDbEntity
  8
HALFEN
100
AcDbLine
 10
188.7500000000029
 20
2814.75
 30
0.0
 11
187.2500000000032
 21
2816.25
 31
0.0
  0
LINE
  5
18B
330
2
100
AcDbEntity
  8
HALFEN
  6
MITTE2
 62
     1
100
AcDbLine
 10
186.7499999999994
 20
2824.75
 30
0.0
 11
186.7499999999994
 21
2806.25
 31
0.0
  0
LINE
  5
18C
330
2
100
AcDbEntity
  8
HALFEN
100
AcDbLine
 10
187.2500000000032
 20
2816.25
 30
0.0
 11
185.7500000000031
 21
2814.75
 31
0.0
  0
LINE
  5
18D
330
2
100
AcDbEntity
  8
HALFEN
100
AcDbLine
 10
185.7500000000082
 20
2858.75
 30
0.0
 11
185.7500000000082
 21
2861.25
 31
0.0
  0
LINE
  5
18E
330
2
100
AcDbEntity
  8
HALFEN
100
AcDbLine
 10
187.2500000000083
 20
2858.75
 30
0.0
 11
187.2500000000083
 21
2861.25
 31
0.0
  0
LINE
  5
18F
330
2
100
AcDbEntity
  8
HALFEN
100
AcDbLine
 10
188.7500000000083
 20
2858.75
 30
0.0
 11
188.7500000000083
 21
2861.25
 31
0.0
  0
LINE
  5
190
330
2
100
AcDbEntity
  8
HALFEN
100
AcDbLine
 10
190.2500000000084
 20
2858.75
 30
0.0
 11
190.2500000000084
 21
2861.25
 31
0.0
  0
LINE
  5
191
330
2
100
AcDbEntity
  8
HALFEN
100
AcDbLine
 10
191.7500000000084
 20
2858.75
 30
0.0
 11
191.7500000000084
 21
2861.25
 31
0.0
  0
LINE
  5
192
330
2
100
AcDbEntity
  8
HALFEN
100
AcDbLine
 10
193.2500000000085
 20
2858.75
 30
0.0
 11
193.2500000000085
 21
2861.25
 31
0.0
  0
LINE
  5
193
330
2
100
AcDbEntity
  8
HALFEN
100
AcDbLine
 10
194.7500000000086
 20
2858.75
 30
0.0
 11
194.7500000000085
 21
2861.25
 31
0.0
  0
LINE
  5
194
330
2
100
AcDbEntity
  8
HALFEN
100
AcDbLine
 10
132.1764899999995
 20
2882.25
 30
0.0
 11
102.4499999999994
 21
2882.250000000001
 31
0.0
  0
LINE
  5
195
330
2
100
AcDbEntity
  8
HALFEN
 62
     1
100
AcDbLine
 10
133.2499999999995
 20
2871.3235
 30
0.0
 11
102.4499999999994
 21
2871.3235
 31
0.0
  0
LINE
  5
196
330
2
100
AcDbEntity
  8
HALFEN
100
AcDbLine
 10
132.1764899999995
 20
2870.25
 30
0.0
 11
102.4499999999994
 21
2870.25
 31
0.0
  0
LINE
  5
197
330
2
100
AcDbEntity
  8
HALFEN
 62
     1
100
AcDbLine
 10
133.2499999999995
 20
2881.1765
 30
0.0
 11
102.4499999999994
 21
2881.1765
 31
0.0
  0
TEXT
  5
198
330
2
100
AcDbEntity
  8
HALFEN
100
AcDbText
 10
82.24999999999946
 20
2928.75
 30
0.0
 40
5.0
  1
Benennung
  7
ARIAL50
100
AcDbText
  0
LINE
  5
199
330
2
100
AcDbEntity
  8
HALFEN
100
AcDbLine
 10
91.05540362551895
 20
2886.645
 30
0.0
 11
101.6445963744799
 21
2886.645
 31
0.0
  0
LINE
  5
19A
330
2
100
AcDbEntity
  8
HALFEN
100
AcDbLine
 10
91.05540362551895
 20
2871.0525
 30
0.0
 11
101.6445963744799
 21
2871.0525
 31
0.0
  0
LINE
  5
19B
330
2
100
AcDbEntity
  8
HALFEN
100
AcDbLine
 10
91.05540362551895
 20
2865.855
 30
0.0
 11
101.6445963744799
 21
2865.855
 31
0.0
  0
LINE
  5
19C
330
2
100
AcDbEntity
  8
HALFEN
100
AcDbLine
 10
91.05540362551895
 20
2881.4475
 30
0.0
 11
101.6445963744799
 21
2881.4475
 31
0.0
  0
TEXT
  5
19D
330
2
100
AcDbEntity
  8
HALFEN
100
AcDbText
 10
82.24999999999946
 20
2918.75
 30
0.0
 40
5.0
  1
Id. Nr.
  7
ARIAL50
100
AcDbText
  0
LINE
  5
19E
330
2
100
AcDbEntity
  8
HALFEN
100
AcDbLine
 10
77.24999999999946
 20
2916.25
 30
0.0
 11
77.24999999999946
 21
2936.25
 31
0.0
  0
LINE
  5
19F
330
2
100
AcDbEntity
  8
HALFEN
100
AcDbLine
 10
87.24999999999946
 20
2896.25
 30
0.0
 11
90.24999999999947
 21
2896.25
 31
0.0
  0
ARC
  5
1A0
330
2
100
AcDbEntity
  8
HALFEN
100
AcDbCircle
 10
94.84532110853857
 20
2884.046249999999
 30
0.0
 40
4.595321108539113
100
AcDbArc
 50
154.4384694045812
 51
214.4384694047803
  0
ARC
  5
1A1
330
2
100
AcDbEntity
  8
HALFEN
100
AcDbCircle
 10
94.84532110853857
 20
2868.453750000003
 30
0.0
 40
4.595321108539113
100
AcDbArc
 50
145.5615305952504
 51
205.5615305956205
  0
LINE
  5
1A2
330
2
100
AcDbEntity
  8
HALFEN
100
AcDbLine
 10
91.05540362551895
 20
2865.855
 30
0.0
 11
90.24999999999947
 21
2867.25
 31
0.0
  0
ARC
  5
1A3
330
2
100
AcDbEntity
  8
HALFEN
100
AcDbCircle
 10
107.4231789958727
 20
2876.25
 30
0.0
 40
17.17317899587332
100
AcDbArc
 50
162.3830311595681
 51
197.6169688404318
  0
LINE
  5
1A4
330
2
100
AcDbEntity
  8
HALFEN
100
AcDbLine
 10
91.05540362551895
 20
2886.645
 30
0.0
 11
90.24999999999947
 21
2885.25
 31
0.0
  0
LINE
  5
1A5
330
2
100
AcDbEntity
  8
HALFEN
100
AcDbLine
 10
87.24999999999946
 20
2882.250000000001
 30
0.0
 11
86.24999999999946
 21
2882.250000000002
 31
0.0
  0
LINE
  5
1A6
330
2
100
AcDbEntity
  8
HALFEN
 62
     1
100
AcDbLine
 10
87.24999999999946
 20
2871.3235
 30
0.0
 11
86.24999999999946
 21
2871.3235
 31
0.0
  0
LINE
  5
1A7
330
2
100
AcDbEntity
  8
HALFEN
100
AcDbLine
 10
87.24999999999946
 20
2870.250000000001
 30
0.0
 11
86.24999999999946
 21
2870.25
 31
0.0
  0
LINE
  5
1A8
330
2
100
AcDbEntity
  8
HALFEN
 62
     1
100
AcDbLine
 10
87.24999999999946
 20
2881.1765
 30
0.0
 11
86.24999999999946
 21
2881.1765
 31
0.0
  0
ARC
  5
1A9
330
2
100
AcDbEntity
  8
HALFEN
100
AcDbCircle
 10
97.85467889146033
 20
2884.046249999999
 30
0.0
 40
4.595321108539113
100
AcDbArc
 50
325.5615305952196
 51
25.56153059541875
  0
ARC
  5
1AA
330
2
100
AcDbEntity
  8
HALFEN
100
AcDbCircle
 10
97.85467889145266
 20
2868.45375
 30
0.0
 40
4.595321108546784
100
AcDbArc
 50
334.4384694047263
 51
34.43846940471808
  0
LINE
  5
1AB
330
2
100
AcDbEntity
  8
HALFEN
100
AcDbLine
 10
102.4499999999994
 20
2885.25
 30
0.0
 11
102.4499999999994
 21
2867.25
 31
0.0
  0
LINE
  5
1AC
330
2
100
AcDbEntity
  8
HALFEN
100
AcDbLine
 10
101.6445963744799
 20
2865.855
 30
0.0
 11
102.4499999999994
 21
2867.25
 31
0.0
  0
ARC
  5
1AD
330
2
100
AcDbEntity
  8
HALFEN
100
AcDbCircle
 10
85.27682100412608
 20
2876.25
 30
0.0
 40
17.17317899587339
100
AcDbArc
 50
342.3830311595681
 51
17.61696884043186
  0
LINE
  5
1AE
330
2
100
AcDbEntity
  8
HALFEN
100
AcDbLine
 10
101.6445963744799
 20
2886.645
 30
0.0
 11
102.4499999999994
 21
2885.25
 31
0.0
  0
LINE
  5
1AF
330
2
100
AcDbEntity
  8
HALFEN
100
AcDbLine
 10
111.2499999999994
 20
2882.25
 30
0.0
 11
111.2499999999994
 21
2893.75
 31
0.0
  0
TEXT
  5
1B0
330
2
100
AcDbEntity
  8
HALFEN
100
AcDbText
 10
132.2499999999994
 20
2918.75
 30
0.0
 40
5.0
  1
0245.060-00002
  7
ARIAL50
100
AcDbText
  0
ARC
  5
1B1
330
2
100
AcDbEntity
  8
HALFEN
100
AcDbCircle
 10
132.1764899999995
 20
2876.25
 30
0.0
 40
6.0
100
AcDbArc
 50
270.0
 51
89.99999999999959
  0
LINE
  5
1B2
330
2
100
AcDbEntity
  8
HALFEN
100
AcDbLine
 10
127.2499999999994
 20
2916.25
 30
0.0
 11
127.2499999999994
 21
2936.25
 31
0.0
  0
LINE
  5
1B3
330
2
100
AcDbEntity
  8
HALFEN
100
AcDbLine
 10
132.1764899999995
 20
2882.25
 30
0.0
 11
132.1764899999995
 21
2870.25
 31
0.0
  0
LINE
  5
1B4
330
2
100
AcDbEntity
  8
HALFEN
100
AcDbLine
 10
133.2499999999995
 20
2881.1765
 30
0.0
 11
133.2499999999995
 21
2871.3235
 31
0.0
  0
LINE
  5
1B5
330
2
100
AcDbEntity
  8
HALFEN
100
AcDbLine
 10
133.2499999999995
 20
2881.1765
 30
0.0
 11
132.1764899999995
 21
2882.25
 31
0.0
  0
LINE
  5
1B6
330
2
100
AcDbEntity
  8
HALFEN
100
AcDbLine
 10
132.1764899999995
 20
2870.25
 30
0.0
 11
133.2499999999995
 21
2871.3235
 31
0.0
  0
ARC
  5
1B7
330
2
100
AcDbEntity
  8
HALFEN
100
AcDbCircle
 10
165.7499999999995
 20
2876.25
 30
0.0
 40
6.5
100
AcDbArc
 50
90.0
 51
270.0
  0
LINE
  5
1B8
330
2
100
AcDbEntity
  8
HALFEN
100
AcDbLine
 10
160.2500000000073
 20
2879.71410161515
 30
0.0
 11
160.2500000000073
 21
2893.75
 31
0.0
  0
LINE
  5
1B9
330
2
100
AcDbEntity
  8
HALFEN
100
AcDbLine
 10
161.7500000000073
 20
2881.373475382986
 30
0.0
 11
161.7500000000074
 21
2893.75
 31
0.0
  0
LINE
  5
1BA
330
2
100
AcDbEntity
  8
HALFEN
100
AcDbLine
 10
163.2500000000074
 20
2882.250000000004
 30
0.0
 11
163.2500000000074
 21
2893.75
 31
0.0
  0
LINE
  5
1BB
330
2
100
AcDbEntity
  8
HALFEN
100
AcDbLine
 10
167.7500000000075
 20
2882.75
 30
0.0
 11
167.7500000000076
 21
2893.75
 31
0.0
  0
LINE
  5
1BC
330
2
100
AcDbEntity
  8
HALFEN
100
AcDbLine
 10
169.2500000000075
 20
2882.75
 30
0.0
 11
169.2500000000076
 21
2893.75
 31
0.0
  0
LINE
  5
1BD
330
2
100
AcDbEntity
  8
HALFEN
100
AcDbLine
 10
170.7500000000077
 20
2882.75
 30
0.0
 11
170.7500000000077
 21
2893.75
 31
0.0
  0
LINE
  5
1BE
330
2
100
AcDbEntity
  8
HALFEN
100
AcDbLine
 10
172.2500000000078
 20
2891.25
 30
0.0
 11
172.2500000000078
 21
2893.75
 31
0.0
  0
LINE
  5
1BF
330
2
100
AcDbEntity
  8
HALFEN
100
AcDbLine
 10
173.7500000000078
 20
2891.25
 30
0.0
 11
173.7500000000078
 21
2893.75
 31
0.0
  0
LINE
  5
1C0
330
2
100
AcDbEntity
  8
HALFEN
100
AcDbLine
 10
166.2500000000075
 20
2882.75
 30
0.0
 11
166.2500000000075
 21
2893.75
 31
0.0
  0
LINE
  5
1C1
330
2
100
AcDbEntity
  8
HALFEN
100
AcDbLine
 10
164.7500000000074
 20
2882.672616289334
 30
0.0
 11
164.7500000000074
 21
2893.75
 31
0.0
  0
LINE
  5
1C2
330
2
100
AcDbEntity
  8
HALFEN
100
AcDbLine
 10
165.7499999999995
 20
2869.75
 30
0.0
 11
171.7499999999994
 21
2869.75
 31
0.0
  0
LINE
  5
1C3
330
2
100
AcDbEntity
  8
HALFEN
100
AcDbLine
 10
165.7499999999995
 20
2882.75
 30
0.0
 11
171.7499999999994
 21
2882.75
 31
0.0
  0
CIRCLE
  5
1C4
330
2
100
AcDbEntity
  8
HALFEN
100
AcDbCircle
 10
186.7499999999995
 20
2876.25
 30
0.0
 40
6.5
  0
LINE
  5
1C5
330
2
100
AcDbEntity
  8
HALFEN
100
AcDbLine
 10
178.250000000008
 20
2891.25
 30
0.0
 11
178.250000000008
 21
2893.75
 31
0.0
  0
LINE
  5
1C6
330
2
100
AcDbEntity
  8
HALFEN
100
AcDbLine
 10
179.750000000008
 20
2891.25
 30
0.0
 11
179.750000000008
 21
2893.75
 31
0.0
  0
LINE
  5
1C7
330
2
100
AcDbEntity
  8
HALFEN
100
AcDbLine
 10
181.2500000000081
 20
2891.25
 30
0.0
 11
181.2500000000081
 21
2893.75
 31
0.0
  0
LINE
  5
1C8
330
2
100
AcDbEntity
  8
HALFEN
100
AcDbLine
 10
182.7500000000082
 20
2891.25
 30
0.0
 11
182.7500000000082
 21
2893.75
 31
0.0
  0
LINE
  5
1C9
330
2
100
AcDbEntity
  8
HALFEN
100
AcDbLine
 10
184.2500000000082
 20
2891.25
 30
0.0
 11
184.2500000000082
 21
2893.75
 31
0.0
  0
LINE
  5
1CA
330
2
100
AcDbEntity
  8
HALFEN
100
AcDbLine
 10
175.2500000000079
 20
2891.25
 30
0.0
 11
175.2500000000079
 21
2893.75
 31
0.0
  0
LINE
  5
1CB
330
2
100
AcDbEntity
  8
HALFEN
100
AcDbLine
 10
176.7500000000079
 20
2891.25
 30
0.0
 11
176.7500000000079
 21
2893.75
 31
0.0
  0
LINE
  5
1CC
330
2
100
AcDbEntity
  8
HALFEN
100
AcDbLine
 10
187.2500000000083
 20
2891.25
 30
0.0
 11
187.2500000000083
 21
2893.75
 31
0.0
  0
LINE
  5
1CD
330
2
100
AcDbEntity
  8
HALFEN
100
AcDbLine
 10
188.7500000000084
 20
2891.25
 30
0.0
 11
188.7500000000084
 21
2893.75
 31
0.0
  0
LINE
  5
1CE
330
2
100
AcDbEntity
  8
HALFEN
100
AcDbLine
 10
190.2500000000084
 20
2891.25
 30
0.0
 11
190.2500000000084
 21
2893.75
 31
0.0
  0
LINE
  5
1CF
330
2
100
AcDbEntity
  8
HALFEN
100
AcDbLine
 10
191.7500000000085
 20
2891.25
 30
0.0
 11
191.7500000000085
 21
2893.75
 31
0.0
  0
LINE
  5
1D0
330
2
100
AcDbEntity
  8
HALFEN
100
AcDbLine
 10
193.2500000000085
 20
2891.25
 30
0.0
 11
193.2500000000086
 21
2893.75
 31
0.0
  0
LINE
  5
1D1
330
2
100
AcDbEntity
  8
HALFEN
100
AcDbLine
 10
194.7500000000086
 20
2891.25
 30
0.0
 11
194.7500000000086
 21
2893.75
 31
0.0
  0
LINE
  5
1D2
330
2
100
AcDbEntity
  8
HALFEN
100
AcDbLine
 10
185.7500000000082
 20
2891.25
 30
0.0
 11
185.7500000000083
 21
2893.75
 31
0.0
  0
LINE
  5
1D3
330
2
100
AcDbEntity
  8
HALFEN
100
AcDbLine
 10
269.7499999999994
 20
2858.75
 30
0.0
 11
269.7499999999994
 21
2893.75
 31
0.0
  0
LINE
  5
1D4
330
2
100
AcDbEntity
  8
HALFEN
100
AcDbLine
 10
264.7499999999994
 20
2858.75
 30
0.0
 11
264.7499999999995
 21
2893.75
 31
0.0
  0
LINE
  5
1D5
330
2
100
AcDbEntity
  8
HALFEN
100
AcDbLine
 10
261.2499999999995
 20
2861.25
 30
0.0
 11
261.2499999999995
 21
2891.25
 31
0.0
  0
ARC
  5
1D6
330
2
100
AcDbEntity
  8
HALFEN
100
AcDbCircle
 10
264.7499999999994
 20
2876.25
 30
0.0
 40
15.0
100
AcDbArc
 50
103.4933988215516
 51
256.5066011784484
  0
LINE
  5
1D7
330
2
100
AcDbEntity
  8
HALFEN
100
AcDbLine
 10
218.7500000000006
 20
2858.75
 30
0.0
 11
218.7500000000006
 21
2893.75
 31
0.0
  0
LINE
  5
1D8
330
2
100
AcDbEntity
  8
HALFEN
100
AcDbLine
 10
220.2500000000003
 20
2858.75
 30
0.0
 11
220.2500000000003
 21
2893.75
 31
0.0
  0
LINE
  5
1D9
330
2
100
AcDbEntity
  8
HALFEN
100
AcDbLine
 10
221.75
 20
2858.75
 30
0.0
 11
221.75
 21
2893.75
 31
0.0
  0
LINE
  5
1DA
330
2
100
AcDbEntity
  8
HALFEN
100
AcDbLine
 10
223.2499999999997
 20
2858.75
 30
0.0
 11
223.2499999999997
 21
2893.75
 31
0.0
  0
LINE
  5
1DB
330
2
100
AcDbEntity
  8
HALFEN
100
AcDbLine
 10
224.7499999999995
 20
2858.75
 30
0.0
 11
224.7499999999995
 21
2893.75
 31
0.0
  0
LINE
  5
1DC
330
2
100
AcDbEntity
  8
HALFEN
100
AcDbLine
 10
226.2499999999995
 20
2858.75
 30
0.0
 11
226.2499999999995
 21
2893.75
 31
0.0
  0
LINE
  5
1DD
330
2
100
AcDbEntity
  8
HALFEN
100
AcDbLine
 10
201.7499999999994
 20
2861.25
 30
0.0
 11
201.7499999999995
 21
2891.25
 31
0.0
  0
LINE
  5
1DE
330
2
100
AcDbEntity
  8
HALFEN
100
AcDbLine
 10
202.2500000000038
 20
2858.75
 30
0.0
 11
202.2500000000037
 21
2869.75
 31
0.0
  0
LINE
  5
1DF
330
2
100
AcDbEntity
  8
HALFEN
100
AcDbLine
 10
211.250000000002
 20
2858.75
 30
0.0
 11
211.250000000002
 21
2870.77277442495
 31
0.0
  0
LINE
  5
1E0
330
2
100
AcDbEntity
  8
HALFEN
100
AcDbLine
 10
209.7500000000023
 20
2858.75
 30
0.0
 11
209.7500000000023
 21
2870.065341561574
 31
0.0
  0
LINE
  5
1E1
330
2
100
AcDbEntity
  8
HALFEN
100
AcDbLine
 10
208.2500000000026
 20
2858.75
 30
0.0
 11
208.2500000000026
 21
2869.769259301592
 31
0.0
  0
LINE
  5
1E2
330
2
100
AcDbEntity
  8
HALFEN
100
AcDbLine
 10
205.2500000000031
 20
2858.75
 30
0.0
 11
205.2500000000031
 21
2869.75
 31
0.0
  0
LINE
  5
1E3
330
2
100
AcDbEntity
  8
HALFEN
100
AcDbLine
 10
203.7500000000034
 20
2858.75
 30
0.0
 11
203.7500000000034
 21
2869.75
 31
0.0
  0
LINE
  5
1E4
330
2
100
AcDbEntity
  8
HALFEN
100
AcDbLine
 10
206.7500000000028
 20
2858.75
 30
0.0
 11
206.7500000000028
 21
2869.75
 31
0.0
  0
LINE
  5
1E5
330
2
100
AcDbEntity
  8
HALFEN
100
AcDbLine
 10
212.7500000000017
 20
2858.75
 30
0.0
 11
212.7500000000017
 21
2872.096688068544
 31
0.0
  0
LINE
  5
1E6
330
2
100
AcDbEntity
  8
HALFEN
100
AcDbLine
 10
214.2500000000014
 20
2858.75
 30
0.0
 11
214.2500000000014
 21
2893.75
 31
0.0
  0
LINE
  5
1E7
330
2
100
AcDbEntity
  8
HALFEN
100
AcDbLine
 10
215.7500000000012
 20
2858.75
 30
0.0
 11
215.7500000000011
 21
2893.75
 31
0.0
  0
LINE
  5
1E8
330
2
100
AcDbEntity
  8
HALFEN
100
AcDbLine
 10
217.2500000000009
 20
2858.75
 30
0.0
 11
217.2500000000009
 21
2893.75
 31
0.0
  0
LINE
  5
1E9
330
2
100
AcDbEntity
  8
HALFEN
100
AcDbLine
 10
215.7500000000003
 20
2814.75
 30
0.0
 11
214.2500000000006
 21
2816.25
 31
0.0
  0
LINE
  5
1EA
330
2
100
AcDbEntity
  8
HALFEN
100
AcDbLine
 10
205.2500000000015
 20
2816.25
 30
0.0
 11
203.7500000000014
 21
2814.75
 31
0.0
  0
LINE
  5
1EB
330
2
100
AcDbEntity
  8
HALFEN
100
AcDbLine
 10
202.2500000000018
 20
2816.25
 30
0.0
 11
200.7500000000017
 21
2814.75
 31
0.0
  0
LINE
  5
1EC
330
2
100
AcDbEntity
  8
HALFEN
100
AcDbLine
 10
200.7500000000018
 20
2814.75
 30
0.0
 11
199.250000000002
 21
2816.25
 31
0.0
  0
LINE
  5
1ED
330
2
100
AcDbEntity
  8
HALFEN
100
AcDbLine
 10
199.250000000002
 20
2816.25
 30
0.0
 11
197.750000000002
 21
2814.75
 31
0.0
  0
LINE
  5
1EE
330
2
100
AcDbEntity
  8
HALFEN
100
AcDbLine
 10
203.7500000000015
 20
2814.75
 30
0.0
 11
202.2500000000018
 21
2816.25
 31
0.0
  0
LINE
  5
1EF
330
2
100
AcDbEntity
  8
HALFEN
100
AcDbLine
 10
201.7499999999994
 20
2819.75
 30
0.0
 11
201.7499999999994
 21
2815.749999999998
 31
0.0
  0
LINE
  5
1F0
330
2
100
AcDbEntity
  8
HALFEN
100
AcDbLine
 10
197.750000000002
 20
2814.75
 30
0.0
 11
196.2500000000023
 21
2816.25
 31
0.0
  0
LINE
  5
1F1
330
2
100
AcDbEntity
  8
HALFEN
100
AcDbLine
 10
196.2500000000086
 20
2858.75
 30
0.0
 11
196.2500000000086
 21
2861.25
 31
0.0
  0
LINE
  5
1F2
330
2
100
AcDbEntity
  8
HALFEN
100
AcDbLine
 10
197.7500000000087
 20
2858.75
 30
0.0
 11
197.7500000000087
 21
2861.25
 31
0.0
  0
LINE
  5
1F3
330
2
100
AcDbEntity
  8
HALFEN
100
AcDbLine
 10
199.2500000000087
 20
2858.75
 30
0.0
 11
199.2500000000087
 21
2861.25
 31
0.0
  0
LINE
  5
1F4
330
2
100
AcDbEntity
  8
HALFEN
100
AcDbLine
 10
200.7500000000088
 20
2858.75
 30
0.0
 11
200.7500000000088
 21
2861.25
 31
0.0
  0
LINE
  5
1F5
330
2
100
AcDbEntity
  8
HALFEN
100
AcDbLine
 10
214.2500000000006
 20
2816.25
 30
0.0
 11
212.7500000000006
 21
2814.75
 31
0.0
  0
LINE
  5
1F6
330
2
100
AcDbEntity
  8
HALFEN
100
AcDbLine
 10
211.2500000000009
 20
2816.25
 30
0.0
 11
209.7500000000009
 21
2814.75
 31
0.0
  0
LINE
  5
1F7
330
2
100
AcDbEntity
  8
HALFEN
100
AcDbLine
 10
209.7500000000009
 20
2814.75
 30
0.0
 11
208.2500000000012
 21
2816.25
 31
0.0
  0
LINE
  5
1F8
330
2
100
AcDbEntity
  8
HALFEN
100
AcDbLine
 10
212.7500000000006
 20
2814.75
 30
0.0
 11
211.2500000000009
 21
2816.25
 31
0.0
  0
LINE
  5
1F9
330
2
100
AcDbEntity
  8
HALFEN
100
AcDbLine
 10
206.7500000000012
 20
2814.75
 30
0.0
 11
205.2500000000015
 21
2816.25
 31
0.0
  0
LINE
  5
1FA
330
2
100
AcDbEntity
  8
HALFEN
100
AcDbLine
 10
208.2500000000012
 20
2816.25
 30
0.0
 11
206.7500000000011
 21
2814.75
 31
0.0
  0
LINE
  5
1FB
330
2
100
AcDbEntity
  8
HALFEN
100
AcDbLine
 10
226.2499999999995
 20
2816.25
 30
0.0
 11
224.7499999999994
 21
2814.75
 31
0.0
  0
LINE
  5
1FC
330
2
100
AcDbEntity
  8
HALFEN
100
AcDbLine
 10
224.7499999999995
 20
2814.75
 30
0.0
 11
223.2499999999998
 21
2816.25
 31
0.0
  0
LINE
  5
1FD
330
2
100
AcDbEntity
  8
HALFEN
100
AcDbLine
 10
223.2499999999998
 20
2816.25
 30
0.0
 11
221.7499999999997
 21
2814.75
 31
0.0
  0
LINE
  5
1FE
330
2
100
AcDbEntity
  8
HALFEN
100
AcDbLine
 10
221.7499999999998
 20
2814.75
 30
0.0
 11
220.2500000000001
 21
2816.25
 31
0.0
  0
LINE
  5
1FF
330
2
100
AcDbEntity
  8
HALFEN
100
AcDbLine
 10
220.2500000000001
 20
2816.25
 30
0.0
 11
218.75
 21
2814.75
 31
0.0
  0
LINE
  5
200
330
2
100
AcDbEntity
  8
HALFEN
100
AcDbLine
 10
217.2500000000003
 20
2816.25
 30
0.0
 11
215.7500000000003
 21
2814.75
 31
0.0
  0
LINE
  5
201
330
2
100
AcDbEntity
  8
HALFEN
100
AcDbLine
 10
218.75
 20
2814.75
 30
0.0
 11
217.2500000000003
 21
2816.25
 31
0.0
  0
LINE
  5
202
330
2
100
AcDbEntity
  8
HALFEN
100
AcDbLine
 10
226.2499999999995
 20
2816.25
 30
0.0
 11
226.2499999999995
 21
2811.25
 31
0.0
  0
LINE
  5
203
330
2
100
AcDbEntity
  8
HALFEN
100
AcDbLine
 10
264.7499999999994
 20
2858.75
 30
0.0
 11
269.7499999999994
 21
2858.75
 31
0.0
  0
LINE
  5
204
330
2
100
AcDbEntity
  8
HALFEN
100
AcDbLine
 10
261.2499999999995
 20
2861.25
 30
0.0
 11
264.7499999999995
 21
2861.25
 31
0.0
  0
LINE
  5
205
330
2
100
AcDbEntity
  8
HALFEN
100
AcDbLine
 10
201.7499999999994
 20
2869.75
 30
0.0
 11
207.7499999999995
 21
2869.75
 31
0.0
  0
LINE
  5
206
330
2
100
AcDbEntity
  8
HALFEN
100
AcDbLine
 10
201.7499999999994
 20
2882.75
 30
0.0
 11
207.7499999999995
 21
2882.75
 31
0.0
  0
LINE
  5
207
330
2
100
AcDbEntity
  8
HALFEN
100
AcDbLine
 10
202.2500000000037
 20
2882.750000000001
 30
0.0
 11
202.2500000000038
 21
2893.75
 31
0.0
  0
LINE
  5
208
330
2
100
AcDbEntity
  8
HALFEN
100
AcDbLine
 10
203.7500000000035
 20
2882.750000000001
 30
0.0
 11
203.7500000000035
 21
2893.75
 31
0.0
  0
LINE
  5
209
330
2
100
AcDbEntity
  8
HALFEN
100
AcDbLine
 10
197.7500000000087
 20
2891.25
 30
0.0
 11
197.7500000000087
 21
2893.75
 31
0.0
  0
LINE
  5
20A
330
2
100
AcDbEntity
  8
HALFEN
100
AcDbLine
 10
199.2500000000088
 20
2891.25
 30
0.0
 11
199.2500000000088
 21
2893.75
 31
0.0
  0
LINE
  5
20B
330
2
100
AcDbEntity
  8
HALFEN
100
AcDbLine
 10
200.7500000000089
 20
2891.25
 30
0.0
 11
200.7500000000089
 21
2893.75
 31
0.0
  0
LINE
  5
20C
330
2
100
AcDbEntity
  8
HALFEN
100
AcDbLine
 10
196.2500000000087
 20
2891.25
 30
0.0
 11
196.2500000000087
 21
2893.75
 31
0.0
  0
ARC
  5
20D
330
2
100
AcDbEntity
  8
HALFEN
100
AcDbCircle
 10
207.7499999999995
 20
2876.25
 30
0.0
 40
6.5
100
AcDbArc
 50
270.0
 51
90.0
  0
LINE
  5
20E
330
2
100
AcDbEntity
  8
HALFEN
100
AcDbLine
 10
211.250000000002
 20
2881.72722557505
 30
0.0
 11
211.2500000000021
 21
2893.75
 31
0.0
  0
LINE
  5
20F
330
2
100
AcDbEntity
  8
HALFEN
100
AcDbLine
 10
209.7500000000023
 20
2882.434658438426
 30
0.0
 11
209.7500000000023
 21
2893.75
 31
0.0
  0
LINE
  5
210
330
2
100
AcDbEntity
  8
HALFEN
100
AcDbLine
 10
208.2500000000026
 20
2882.730740698408
 30
0.0
 11
208.2500000000026
 21
2893.75
 31
0.0
  0
LINE
  5
211
330
2
100
AcDbEntity
  8
HALFEN
100
AcDbLine
 10
212.7500000000017
 20
2880.403311931456
 30
0.0
 11
212.7500000000018
 21
2893.75
 31
0.0
  0
LINE
  5
212
330
2
100
AcDbEntity
  8
HALFEN
100
AcDbLine
 10
205.2500000000031
 20
2882.750000000001
 30
0.0
 11
205.2500000000032
 21
2893.75
 31
0.0
  0
LINE
  5
213
330
2
100
AcDbEntity
  8
HALFEN
100
AcDbLine
 10
206.7500000000029
 20
2882.750000000001
 30
0.0
 11
206.7500000000029
 21
2893.75
 31
0.0
  0
LINE
  5
214
330
2
100
AcDbEntity
  8
HALFEN
100
AcDbLine
 10
227.2499999999995
 20
2916.25
 30
0.0
 11
227.2499999999995
 21
2936.25
 31
0.0
  0
ARC
  5
215
330
2
100
AcDbEntity
  8
HALFEN
100
AcDbCircle
 10
264.7499999999994
 20
2876.25
 30
0.0
 40
9.0
100
AcDbArc
 50
112.8853804761577
 51
247.1146195238423
  0
ARC
  5
216
330
2
100
AcDbEntity
  8
HALFEN
100
AcDbCircle
 10
264.7499999999994
 20
2876.25
 30
0.0
 40
5.999999999999545
100
AcDbArc
 50
326.4426902380786
 51
33.5573097619142
  0
ARC
  5
217
330
2
100
AcDbEntity
  8
HALFEN
100
AcDbCircle
 10
264.7499999999994
 20
2876.25
 30
0.0
 40
4.926500000000032
100
AcDbArc
 50
135.2710127780864
 51
224.7289872219136
  0
LINE
  5
218
330
2
100
AcDbEntity
  8
HALFEN
  6
MITTE2
 62
     1
100
AcDbLine
 10
249.7499999999994
 20
2876.25
 30
0.0
 11
279.7499999999994
 21
2876.25
 31
0.0
  0
LINE
  5
219
330
2
100
AcDbEntity
  8
HALFEN
100
AcDbLine
 10
269.7499999999994
 20
2893.75
 30
0.0
 11
264.7499999999995
 21
2893.75
 31
0.0
  0
LINE
  5
21A
330
2
100
AcDbEntity
  8
HALFEN
100
AcDbLine
 10
261.2499999999995
 20
2891.25
 30
0.0
 11
264.7499999999995
 21
2891.250000000001
 31
0.0
  0
ARC
  5
21B
330
2
100
AcDbEntity
  8
HALFEN
100
AcDbCircle
 10
261.2499999999995
 20
2876.25
 30
0.0
 40
15.0
100
AcDbArc
 50
304.5181078410613
 51
55.48189215893876
  0
ARC
  5
21C
330
2
100
AcDbEntity
  8
HALFEN
100
AcDbCircle
 10
264.7499999999994
 20
2876.25
 30
0.0
 40
9.0
100
AcDbArc
 50
303.748988595888
 51
56.25101140411199
  0
POLYLINE
  5
21D
330
2
100
AcDbEntity
  8
HALFEN
100
AcDb2dPolyline
 66
     1
 10
0.0
 20
0.0
 30
0.0
  0
VERTEX
  5
21E
330
21D
100
AcDbEntity
  8
HALFEN
100
AcDbVertex
100
AcDb2dVertex
 10
269.7499999999994
 20
2883.755553499463
 30
0.0
  0
VERTEX
  5
21F
330
21D
100
AcDbEntity
  8
HALFEN
100
AcDbVertex
100
AcDb2dVertex
 10
273.7499999999994
 20
2881.446152422707
 30
0.0
  0
VERTEX
  5
220
330
21D
100
AcDbEntity
  8
HALFEN
100
AcDbVertex
100
AcDb2dVertex
 10
273.7499999999994
 20
2871.053847577293
 30
0.0
  0
SEQEND
  5
221
330
21D
100
AcDbEntity
  8
HALFEN
  0
POLYLINE
  5
222
330
2
100
AcDbEntity
  8
HALFEN
100
AcDb2dPolyline
 66
     1
 10
0.0
 20
0.0
 30
0.0
  0
VERTEX
  5
223
330
222
100
AcDbEntity
  8
HALFEN
100
AcDbVertex
100
AcDb2dVertex
 10
273.7499999999994
 20
2871.053847577293
 30
0.0
  0
VERTEX
  5
224
330
222
100
AcDbEntity
  8
HALFEN
100
AcDbVertex
100
AcDb2dVertex
 10
269.7499999999994
 20
2868.744446500537
 30
0.0
  0
SEQEND
  5
225
330
222
100
AcDbEntity
  8
HALFEN
  0
LINE
  5
226
330
2
100
AcDbEntity
  8
HALFEN
100
AcDbLine
 10
77.24999999999946
 20
2596.25
 30
0.0
 11
227.2499999999995
 21
2596.25
 31
0.0
  0
LINE
  5
227
330
2
100
AcDbEntity
  8
HALFEN
100
AcDbLine
 10
77.24999999999946
 20
2606.25
 30
0.0
 11
227.2499999999995
 21
2606.25
 31
0.0
  0
LINE
  5
228
330
2
100
AcDbEntity
  8
HALFEN
100
AcDbLine
 10
77.24999999999946
 20
2616.25
 30
0.0
 11
227.2499999999995
 21
2616.25
 31
0.0
  0
TEXT
  5
229
330
2
100
AcDbEntity
  8
HALFEN
100
AcDbText
 10
132.2499999999994
 20
2608.750000000001
 30
0.0
 40
5.0
  1
HKZ GF - 38/17 - 150 - A4
  7
ARIAL50
100
AcDbText
  0
LINE
  5
22A
330
2
100
AcDbEntity
  8
HALFEN
  6
MITTE2
 62
     1
100
AcDbLine
 10
77.24999999999946
 20
2556.25
 30
0.0
 11
276.2499999999995
 21
2556.25
 31
0.0
  0
LINE
  5
22B
330
2
100
AcDbEntity
  8
HALFEN
100
AcDbLine
 10
111.2499999999995
 20
2573.75
 30
0.0
 11
276.2499999999995
 21
2573.75
 31
0.0
  0
LINE
  5
22C
330
2
100
AcDbEntity
  8
HALFEN
100
AcDbLine
 10
276.2499999999995
 20
2538.75
 30
0.0
 11
111.2499999999995
 21
2538.75
 31
0.0
  0
LINE
  5
22D
330
2
100
AcDbEntity
  8
HALFEN
100
AcDbLine
 10
221.7499999999994
 20
2541.25
 30
0.0
 11
251.7499999999994
 21
2541.25
 31
0.0
  0
LINE
  5
22E
330
2
100
AcDbEntity
  8
HALFEN
100
AcDbLine
 10
221.7499999999995
 20
2571.25
 30
0.0
 11
251.7499999999995
 21
2571.25
 31
0.0
  0
LINE
  5
22F
330
2
100
AcDbEntity
  8
HALFEN
100
AcDbLine
 10
276.2499999999995
 20
2491.25
 30
0.0
 11
111.2499999999995
 21
2491.250000000001
 31
0.0
  0
LINE
  5
230
330
2
100
AcDbEntity
  8
HALFEN
100
AcDbLine
 10
251.7499999999995
 20
2499.750000000001
 30
0.0
 11
221.7499999999994
 21
2499.75
 31
0.0
  0
LINE
  5
231
330
2
100
AcDbEntity
  8
HALFEN
100
AcDbLine
 10
246.2500000000023
 20
2496.25
 30
0.0
 11
244.7500000000023
 21
2494.75
 31
0.0
  0
TEXT
  5
232
330
2
100
AcDbEntity
  8
HALFEN
100
AcDbText
 10
82.24999999999946
 20
2608.750000000001
 30
0.0
 40
5.0
  1
Benennung
  7
ARIAL50
100
AcDbText
  0
LINE
  5
233
330
2
100
AcDbEntity
  8
HALFEN
 62
     1
100
AcDbLine
 10
133.2499999999995
 20
2561.1765
 30
0.0
 11
102.4499999999994
 21
2561.1765
 31
0.0
  0
LINE
  5
234
330
2
100
AcDbEntity
  8
HALFEN
100
AcDbLine
 10
132.1764899999995
 20
2550.25
 30
0.0
 11
102.4499999999994
 21
2550.250000000001
 31
0.0
  0
LINE
  5
235
330
2
100
AcDbEntity
  8
HALFEN
 62
     1
100
AcDbLine
 10
133.2499999999995
 20
2551.3235
 30
0.0
 11
102.4499999999994
 21
2551.3235
 31
0.0
  0
LINE
  5
236
330
2
100
AcDbEntity
  8
HALFEN
100
AcDbLine
 10
132.1764899999995
 20
2562.250000000001
 30
0.0
 11
102.4499999999994
 21
2562.250000000001
 31
0.0
  0
LINE
  5
237
330
2
100
AcDbEntity
  8
HALFEN
100
AcDbLine
 10
195.2500000000071
 20
2496.25
 30
0.0
 11
111.2499999999995
 21
2496.25
 31
0.0
  0
LINE
  5
238
330
2
100
AcDbEntity
  8
HALFEN
 62
     1
100
AcDbLine
 10
133.2499999999995
 20
2501.1765
 30
0.0
 11
102.4499999999994
 21
2501.1765
 31
0.0
  0
LINE
  5
239
330
2
100
AcDbEntity
  8
HALFEN
100
AcDbLine
 10
132.1764899999995
 20
2502.25
 30
0.0
 11
102.4499999999994
 21
2502.25
 31
0.0
  0
LINE
  5
23A
330
2
100
AcDbEntity
  8
HALFEN
100
AcDbLine
 10
132.1764899999995
 20
2490.25
 30
0.0
 11
102.4499999999994
 21
2490.25
 31
0.0
  0
LINE
  5
23B
330
2
100
AcDbEntity
  8
HALFEN
100
AcDbLine
 10
91.05540362551895
 20
2561.4475
 30
0.0
 11
101.6445963744799
 21
2561.4475
 31
0.0
  0
LINE
  5
23C
330
2
100
AcDbEntity
  8
HALFEN
100
AcDbLine
 10
91.05540362551895
 20
2545.854999999999
 30
0.0
 11
101.6445963744799
 21
2545.854999999999
 31
0.0
  0
LINE
  5
23D
330
2
100
AcDbEntity
  8
HALFEN
100
AcDbLine
 10
91.05540362551895
 20
2551.0525
 30
0.0
 11
101.6445963744799
 21
2551.0525
 31
0.0
  0
LINE
  5
23E
330
2
100
AcDbEntity
  8
HALFEN
100
AcDbLine
 10
91.05540362551895
 20
2566.645
 30
0.0
 11
101.6445963744799
 21
2566.645
 31
0.0
  0
LINE
  5
23F
330
2
100
AcDbEntity
  8
HALFEN
  6
MITTE2
 62
     1
100
AcDbLine
 10
111.2499999999995
 20
2496.25
 30
0.0
 11
77.24999999999804
 21
2496.25
 31
0.0
  0
LINE
  5
240
330
2
100
AcDbEntity
  8
HALFEN
100
AcDbLine
 10
91.05540362551895
 20
2485.855
 30
0.0
 11
101.6445963744799
 21
2485.855
 31
0.0
  0
LINE
  5
241
330
2
100
AcDbEntity
  8
HALFEN
100
AcDbLine
 10
91.05540362551895
 20
2501.447500000001
 30
0.0
 11
101.6445963744799
 21
2501.447500000001
 31
0.0
  0
LINE
  5
242
330
2
100
AcDbEntity
  8
HALFEN
100
AcDbLine
 10
91.05540362551895
 20
2491.0525
 30
0.0
 11
101.6445963744799
 21
2491.0525
 31
0.0
  0
LINE
  5
243
330
2
100
AcDbEntity
  8
HALFEN
100
AcDbLine
 10
91.05540362551895
 20
2506.645
 30
0.0
 11
101.6445963744799
 21
2506.645
 31
0.0
  0
LINE
  5
244
330
2
100
AcDbEntity
  8
HALFEN
100
AcDbLine
 10
87.24999999999946
 20
2516.25
 30
0.0
 11
90.24999999999947
 21
2516.25
 31
0.0
  0
LINE
  5
245
330
2
100
AcDbEntity
  8
HALFEN
100
AcDbLine
 10
91.05540362551895
 20
2506.645
 30
0.0
 11
90.24999999999947
 21
2505.25
 31
0.0
  0
ARC
  5
246
330
2
100
AcDbEntity
  8
HALFEN
100
AcDbCircle
 10
107.4231789958727
 20
2496.25
 30
0.0
 40
17.17317899587332
100
AcDbArc
 50
162.3830311595681
 51
197.6169688404318
  0
ARC
  5
247
330
2
100
AcDbEntity
  8
HALFEN
100
AcDbCircle
 10
94.84532110853857
 20
2488.453750000003
 30
0.0
 40
4.595321108539113
100
AcDbArc
 50
145.5615305952504
 51
205.5615305956205
  0
ARC
  5
248
330
2
100
AcDbEntity
  8
HALFEN
100
AcDbCircle
 10
94.84532110853857
 20
2504.04625
 30
0.0
 40
4.595321108539113
100
AcDbArc
 50
154.4384694045812
 51
214.4384694047803
  0
LINE
  5
249
330
2
100
AcDbEntity
  8
HALFEN
100
AcDbLine
 10
87.24999999999946
 20
2476.25
 30
0.0
 11
90.24999999999947
 21
2476.25
 31
0.0
  0
LINE
  5
24A
330
2
100
AcDbEntity
  8
HALFEN
100
AcDbLine
 10
90.24999999999947
 20
2476.25
 30
0.0
 11
90.24999999999947
 21
2516.25
 31
0.0
  0
LINE
  5
24B
330
2
100
AcDbEntity
  8
HALFEN
100
AcDbLine
 10
87.24999999999946
 20
2476.25
 30
0.0
 11
87.24999999999946
 21
2516.25
 31
0.0
  0
LINE
  5
24C
330
2
100
AcDbEntity
  8
HALFEN
100
AcDbLine
 10
91.05540362551895
 20
2485.855
 30
0.0
 11
90.24999999999947
 21
2487.25
 31
0.0
  0
LINE
  5
24D
330
2
100
AcDbEntity
  8
HALFEN
100
AcDbLine
 10
91.05540362551895
 20
2566.645
 30
0.0
 11
90.24999999999947
 21
2565.25
 31
0.0
  0
ARC
  5
24E
330
2
100
AcDbEntity
  8
HALFEN
100
AcDbCircle
 10
107.4231789958727
 20
2556.25
 30
0.0
 40
17.17317899587332
100
AcDbArc
 50
162.3830311595681
 51
197.6169688404318
  0
LINE
  5
24F
330
2
100
AcDbEntity
  8
HALFEN
100
AcDbLine
 10
91.05540362551895
 20
2545.854999999999
 30
0.0
 11
90.24999999999947
 21
2547.25
 31
0.0
  0
ARC
  5
250
330
2
100
AcDbEntity
  8
HALFEN
100
AcDbCircle
 10
94.84532110853857
 20
2548.453750000002
 30
0.0
 40
4.595321108539113
100
AcDbArc
 50
145.5615305952504
 51
205.5615305956205
  0
ARC
  5
251
330
2
100
AcDbEntity
  8
HALFEN
100
AcDbCircle
 10
94.84532110853857
 20
2564.04625
 30
0.0
 40
4.595321108539113
100
AcDbArc
 50
154.4384694045812
 51
214.4384694047803
  0
LINE
  5
252
330
2
100
AcDbEntity
  8
HALFEN
100
AcDbLine
 10
87.24999999999946
 20
2576.25
 30
0.0
 11
90.24999999999947
 21
2576.25
 31
0.0
  0
LINE
  5
253
330
2
100
AcDbEntity
  8
HALFEN
100
AcDbLine
 10
87.24999999999946
 20
2536.25
 30
0.0
 11
90.24999999999947
 21
2536.25
 31
0.0
  0
LINE
  5
254
330
2
100
AcDbEntity
  8
HALFEN
100
AcDbLine
 10
90.24999999999947
 20
2536.25
 30
0.0
 11
90.24999999999947
 21
2576.25
 31
0.0
  0
LINE
  5
255
330
2
100
AcDbEntity
  8
HALFEN
100
AcDbLine
 10
87.24999999999946
 20
2536.25
 30
0.0
 11
87.24999999999946
 21
2576.25
 31
0.0
  0
LINE
  5
256
330
2
100
AcDbEntity
  8
HALFEN
 62
     1
100
AcDbLine
 10
111.2499999999994
 20
2491.3235
 30
0.0
 11
102.4499999999994
 21
2491.3235
 31
0.0
  0
LINE
  5
257
330
2
100
AcDbEntity
  8
HALFEN
100
AcDbLine
 10
101.6445963744799
 20
2506.645
 30
0.0
 11
102.4499999999994
 21
2505.25
 31
0.0
  0
ARC
  5
258
330
2
100
AcDbEntity
  8
HALFEN
100
AcDbCircle
 10
85.27682100412608
 20
2496.25
 30
0.0
 40
17.17317899587339
100
AcDbArc
 50
342.3830311595681
 51
17.61696884043186
  0
LINE
  5
259
330
2
100
AcDbEntity
  8
HALFEN
100
AcDbLine
 10
102.4499999999994
 20
2505.25
 30
0.0
 11
102.4499999999994
 21
2487.25
 31
0.0
  0
ARC
  5
25A
330
2
100
AcDbEntity
  8
HALFEN
100
AcDbCircle
 10
97.85467889145266
 20
2488.45375
 30
0.0
 40
4.595321108546784
100
AcDbArc
 50
334.4384694047263
 51
34.43846940471808
  0
ARC
  5
25B
330
2
100
AcDbEntity
  8
HALFEN
100
AcDbCircle
 10
97.85467889146033
 20
2504.04625
 30
0.0
 40
4.595321108539113
100
AcDbArc
 50
325.5615305952196
 51
25.56153059541875
  0
LINE
  5
25C
330
2
100
AcDbEntity
  8
HALFEN
100
AcDbLine
 10
101.6445963744799
 20
2485.855
 30
0.0
 11
102.4499999999994
 21
2487.25
 31
0.0
  0
LINE
  5
25D
330
2
100
AcDbEntity
  8
HALFEN
100
AcDbLine
 10
111.2499999999995
 20
2496.25
 30
0.0
 11
111.2499999999995
 21
2491.25
 31
0.0
  0
LINE
  5
25E
330
2
100
AcDbEntity
  8
HALFEN
100
AcDbLine
 10
101.6445963744799
 20
2566.645
 30
0.0
 11
102.4499999999994
 21
2565.25
 31
0.0
  0
ARC
  5
25F
330
2
100
AcDbEntity
  8
HALFEN
100
AcDbCircle
 10
85.27682100412608
 20
2556.25
 30
0.0
 40
17.17317899587339
100
AcDbArc
 50
342.3830311595681
 51
17.61696884043186
  0
LINE
  5
260
330
2
100
AcDbEntity
  8
HALFEN
100
AcDbLine
 10
101.6445963744799
 20
2545.854999999999
 30
0.0
 11
102.4499999999994
 21
2547.25
 31
0.0
  0
LINE
  5
261
330
2
100
AcDbEntity
  8
HALFEN
100
AcDbLine
 10
102.4499999999994
 20
2565.25
 30
0.0
 11
102.4499999999994
 21
2547.25
 31
0.0
  0
ARC
  5
262
330
2
100
AcDbEntity
  8
HALFEN
100
AcDbCircle
 10
97.85467889145266
 20
2548.45375
 30
0.0
 40
4.595321108546784
100
AcDbArc
 50
334.4384694047263
 51
34.43846940471808
  0
ARC
  5
263
330
2
100
AcDbEntity
  8
HALFEN
100
AcDbCircle
 10
97.85467889146033
 20
2564.04625
 30
0.0
 40
4.595321108539113
100
AcDbArc
 50
325.5615305952196
 51
25.56153059541875
  0
LINE
  5
264
330
2
100
AcDbEntity
  8
HALFEN
100
AcDbLine
 10
111.2499999999995
 20
2562.250000000001
 30
0.0
 11
111.2499999999995
 21
2573.75
 31
0.0
  0
LINE
  5
265
330
2
100
AcDbEntity
  8
HALFEN
100
AcDbLine
 10
111.2499999999995
 20
2538.75
 30
0.0
 11
111.2499999999995
 21
2550.250000000001
 31
0.0
  0
TEXT
  5
266
330
2
100
AcDbEntity
  8
HALFEN
100
AcDbText
 10
82.24999999999946
 20
2598.75
 30
0.0
 40
5.0
  1
Id. Nr.
  7
ARIAL50
100
AcDbText
  0
LINE
  5
267
330
2
100
AcDbEntity
  8
HALFEN
100
AcDbLine
 10
77.24999999999946
 20
2596.25
 30
0.0
 11
77.24999999999946
 21
2616.25
 31
0.0
  0
TEXT
  5
268
330
2
100
AcDbEntity
  8
HALFEN
100
AcDbText
 10
132.2499999999994
 20
2598.75
 30
0.0
 40
5.0
  1
0245.060-00004
  7
ARIAL50
100
AcDbText
  0
LINE
  5
269
330
2
100
AcDbEntity
  8
HALFEN
100
AcDbLine
 10
204.2500000000063
 20
2496.25
 30
0.0
 11
202.7500000000062
 21
2494.75
 31
0.0
  0
ARC
  5
26A
330
2
100
AcDbEntity
  8
HALFEN
100
AcDbCircle
 10
132.1764899999995
 20
2556.25
 30
0.0
 40
6.0
100
AcDbArc
 50
270.0
 51
89.99999999999959
  0
LINE
  5
26B
330
2
100
AcDbEntity
  8
HALFEN
100
AcDbLine
 10
133.2499999999995
 20
2501.1765
 30
0.0
 11
132.1764899999995
 21
2502.25
 31
0.0
  0
LINE
  5
26C
330
2
100
AcDbEntity
  8
HALFEN
100
AcDbLine
 10
132.1764899999995
 20
2491.25
 30
0.0
 11
132.1764899999995
 21
2490.25
 31
0.0
  0
LINE
  5
26D
330
2
100
AcDbEntity
  8
HALFEN
100
AcDbLine
 10
132.1764899999995
 20
2502.25
 30
0.0
 11
132.1764899999995
 21
2496.25
 31
0.0
  0
LINE
  5
26E
330
2
100
AcDbEntity
  8
HALFEN
100
AcDbLine
 10
133.2499999999995
 20
2501.1765
 30
0.0
 11
133.2499999999995
 21
2496.25
 31
0.0
  0
LINE
  5
26F
330
2
100
AcDbEntity
  8
HALFEN
100
AcDbLine
 10
132.1764899999995
 20
2490.25
 30
0.0
 11
133.176499315324
 21
2491.250000000001
 31
0.0
  0
LINE
  5
270
330
2
100
AcDbEntity
  8
HALFEN
100
AcDbLine
 10
132.1764899999995
 20
2550.25
 30
0.0
 11
133.2499999999995
 21
2551.3235
 31
0.0
  0
LINE
  5
271
330
2
100
AcDbEntity
  8
HALFEN
100
AcDbLine
 10
133.2499999999995
 20
2561.1765
 30
0.0
 11
132.1764899999995
 21
2562.250000000001
 31
0.0
  0
LINE
  5
272
330
2
100
AcDbEntity
  8
HALFEN
100
AcDbLine
 10
133.2499999999995
 20
2561.1765
 30
0.0
 11
133.2499999999995
 21
2551.3235
 31
0.0
  0
LINE
  5
273
330
2
100
AcDbEntity
  8
HALFEN
100
AcDbLine
 10
132.1764899999995
 20
2562.250000000001
 30
0.0
 11
132.1764899999995
 21
2550.25
 31
0.0
  0
LINE
  5
274
330
2
100
AcDbEntity
  8
HALFEN
100
AcDbLine
 10
196.7500000000068
 20
2494.75
 30
0.0
 11
195.2500000000071
 21
2496.25
 31
0.0
  0
LINE
  5
275
330
2
100
AcDbEntity
  8
HALFEN
100
AcDbLine
 10
198.2500000000069
 20
2496.25
 30
0.0
 11
196.7500000000068
 21
2494.75
 31
0.0
  0
LINE
  5
276
330
2
100
AcDbEntity
  8
HALFEN
100
AcDbLine
 10
199.7500000000066
 20
2494.75
 30
0.0
 11
198.2500000000069
 21
2496.25
 31
0.0
  0
LINE
  5
277
330
2
100
AcDbEntity
  8
HALFEN
100
AcDbLine
 10
201.2500000000066
 20
2496.25
 30
0.0
 11
199.7500000000065
 21
2494.75
 31
0.0
  0
LINE
  5
278
330
2
100
AcDbEntity
  8
HALFEN
100
AcDbLine
 10
202.7500000000063
 20
2494.75
 30
0.0
 11
201.2500000000066
 21
2496.25
 31
0.0
  0
LINE
  5
279
330
2
100
AcDbEntity
  8
HALFEN
100
AcDbLine
 10
198.2500000000068
 20
2538.75
 30
0.0
 11
198.2500000000068
 21
2573.75
 31
0.0
  0
LINE
  5
27A
330
2
100
AcDbEntity
  8
HALFEN
100
AcDbLine
 10
196.7500000000068
 20
2538.75
 30
0.0
 11
196.7500000000068
 21
2573.75
 31
0.0
  0
LINE
  5
27B
330
2
100
AcDbEntity
  8
HALFEN
100
AcDbLine
 10
199.7500000000069
 20
2538.75
 30
0.0
 11
199.7500000000069
 21
2573.75
 31
0.0
  0
LINE
  5
27C
330
2
100
AcDbEntity
  8
HALFEN
100
AcDbLine
 10
201.2500000000069
 20
2538.75
 30
0.0
 11
201.250000000007
 21
2573.75
 31
0.0
  0
LINE
  5
27D
330
2
100
AcDbEntity
  8
HALFEN
100
AcDbLine
 10
202.750000000007
 20
2538.75
 30
0.0
 11
202.750000000007
 21
2573.75
 31
0.0
  0
LINE
  5
27E
330
2
100
AcDbEntity
  8
HALFEN
100
AcDbLine
 10
195.2500000000071
 20
2538.75
 30
0.0
 11
195.2500000000071
 21
2573.75
 31
0.0
  0
LINE
  5
27F
330
2
100
AcDbEntity
  8
HALFEN
100
AcDbLine
 10
127.2499999999994
 20
2596.25
 30
0.0
 11
127.2499999999994
 21
2616.25
 31
0.0
  0
LINE
  5
280
330
2
100
AcDbEntity
  8
HALFEN
100
AcDbLine
 10
225.2500000000043
 20
2496.25
 30
0.0
 11
223.7500000000043
 21
2494.75
 31
0.0
  0
LINE
  5
281
330
2
100
AcDbEntity
  8
HALFEN
100
AcDbLine
 10
214.7500000000052
 20
2494.75
 30
0.0
 11
213.2500000000054
 21
2496.25
 31
0.0
  0
LINE
  5
282
330
2
100
AcDbEntity
  8
HALFEN
100
AcDbLine
 10
207.250000000006
 20
2496.25
 30
0.0
 11
205.750000000006
 21
2494.75
 31
0.0
  0
LINE
  5
283
330
2
100
AcDbEntity
  8
HALFEN
100
AcDbLine
 10
205.750000000006
 20
2494.75
 30
0.0
 11
204.2500000000063
 21
2496.25
 31
0.0
  0
LINE
  5
284
330
2
100
AcDbEntity
  8
HALFEN
100
AcDbLine
 10
213.2500000000054
 20
2496.25
 30
0.0
 11
211.7500000000054
 21
2494.75
 31
0.0
  0
LINE
  5
285
330
2
100
AcDbEntity
  8
HALFEN
100
AcDbLine
 10
208.7500000000058
 20
2494.75
 30
0.0
 11
207.250000000006
 21
2496.25
 31
0.0
  0
LINE
  5
286
330
2
100
AcDbEntity
  8
HALFEN
100
AcDbLine
 10
210.2500000000057
 20
2496.25
 30
0.0
 11
208.7500000000057
 21
2494.75
 31
0.0
  0
LINE
  5
287
330
2
100
AcDbEntity
  8
HALFEN
100
AcDbLine
 10
211.7500000000055
 20
2494.75
 30
0.0
 11
210.2500000000057
 21
2496.25
 31
0.0
  0
LINE
  5
288
330
2
100
AcDbEntity
  8
HALFEN
100
AcDbLine
 10
217.7500000000049
 20
2494.75
 30
0.0
 11
216.2500000000052
 21
2496.25
 31
0.0
  0
LINE
  5
289
330
2
100
AcDbEntity
  8
HALFEN
100
AcDbLine
 10
216.2500000000052
 20
2496.25
 30
0.0
 11
214.7500000000051
 21
2494.75
 31
0.0
  0
LINE
  5
28A
330
2
100
AcDbEntity
  8
HALFEN
100
AcDbLine
 10
221.7499999999994
 20
2499.75
 30
0.0
 11
221.7499999999994
 21
2495.749999999995
 31
0.0
  0
LINE
  5
28B
330
2
100
AcDbEntity
  8
HALFEN
100
AcDbLine
 10
220.7500000000046
 20
2494.75
 30
0.0
 11
219.2500000000049
 21
2496.25
 31
0.0
  0
LINE
  5
28C
330
2
100
AcDbEntity
  8
HALFEN
100
AcDbLine
 10
219.2500000000049
 20
2496.25
 30
0.0
 11
217.7500000000048
 21
2494.75
 31
0.0
  0
LINE
  5
28D
330
2
100
AcDbEntity
  8
HALFEN
100
AcDbLine
 10
222.2500000000046
 20
2496.25
 30
0.0
 11
220.7500000000045
 21
2494.75
 31
0.0
  0
LINE
  5
28E
330
2
100
AcDbEntity
  8
HALFEN
100
AcDbLine
 10
223.7500000000043
 20
2494.75
 30
0.0
 11
222.2500000000046
 21
2496.25
 31
0.0
  0
ARC
  5
28F
330
2
100
AcDbEntity
  8
HALFEN
100
AcDbCircle
 10
215.7499999999995
 20
2556.25
 30
0.0
 40
6.5
100
AcDbArc
 50
90.0
 51
270.0
  0
LINE
  5
290
330
2
100
AcDbEntity
  8
HALFEN
100
AcDbLine
 10
213.2500000000074
 20
2562.250000000003
 30
0.0
 11
213.2500000000074
 21
2573.75
 31
0.0
  0
LINE
  5
291
330
2
100
AcDbEntity
  8
HALFEN
100
AcDbLine
 10
211.7500000000073
 20
2561.373475382986
 30
0.0
 11
211.7500000000074
 21
2573.75
 31
0.0
  0
LINE
  5
292
330
2
100
AcDbEntity
  8
HALFEN
100
AcDbLine
 10
210.2500000000073
 20
2559.71410161515
 30
0.0
 11
210.2500000000073
 21
2573.75
 31
0.0
  0
LINE
  5
293
330
2
100
AcDbEntity
  8
HALFEN
100
AcDbLine
 10
213.2500000000074
 20
2538.75
 30
0.0
 11
213.2500000000074
 21
2550.249999999997
 31
0.0
  0
LINE
  5
294
330
2
100
AcDbEntity
  8
HALFEN
100
AcDbLine
 10
204.2500000000071
 20
2538.75
 30
0.0
 11
204.2500000000071
 21
2573.75
 31
0.0
  0
LINE
  5
295
330
2
100
AcDbEntity
  8
HALFEN
100
AcDbLine
 10
205.7500000000071
 20
2538.75
 30
0.0
 11
205.7500000000072
 21
2573.75
 31
0.0
  0
LINE
  5
296
330
2
100
AcDbEntity
  8
HALFEN
100
AcDbLine
 10
207.2500000000071
 20
2538.75
 30
0.0
 11
207.2500000000072
 21
2573.75
 31
0.0
  0
LINE
  5
297
330
2
100
AcDbEntity
  8
HALFEN
100
AcDbLine
 10
208.7500000000072
 20
2538.75
 30
0.0
 11
208.7500000000072
 21
2573.75
 31
0.0
  0
LINE
  5
298
330
2
100
AcDbEntity
  8
HALFEN
100
AcDbLine
 10
211.7500000000073
 20
2538.75
 30
0.0
 11
211.7500000000073
 21
2551.126524617015
 31
0.0
  0
LINE
  5
299
330
2
100
AcDbEntity
  8
HALFEN
100
AcDbLine
 10
210.2500000000073
 20
2538.75
 30
0.0
 11
210.2500000000073
 21
2552.78589838485
 31
0.0
  0
LINE
  5
29A
330
2
100
AcDbEntity
  8
HALFEN
100
AcDbLine
 10
215.7499999999995
 20
2562.75
 30
0.0
 11
221.7499999999994
 21
2562.75
 31
0.0
  0
LINE
  5
29B
330
2
100
AcDbEntity
  8
HALFEN
100
AcDbLine
 10
215.7499999999995
 20
2549.75
 30
0.0
 11
221.7499999999994
 21
2549.75
 31
0.0
  0
LINE
  5
29C
330
2
100
AcDbEntity
  8
HALFEN
100
AcDbLine
 10
214.7500000000075
 20
2562.672616289334
 30
0.0
 11
214.7500000000075
 21
2573.75
 31
0.0
  0
LINE
  5
29D
330
2
100
AcDbEntity
  8
HALFEN
100
AcDbLine
 10
216.2500000000075
 20
2562.75
 30
0.0
 11
216.2500000000075
 21
2573.75
 31
0.0
  0
LINE
  5
29E
330
2
100
AcDbEntity
  8
HALFEN
100
AcDbLine
 10
223.7500000000078
 20
2571.25
 30
0.0
 11
223.7500000000078
 21
2573.75
 31
0.0
  0
LINE
  5
29F
330
2
100
AcDbEntity
  8
HALFEN
100
AcDbLine
 10
222.2500000000078
 20
2571.25
 30
0.0
 11
222.2500000000078
 21
2573.75
 31
0.0
  0
LINE
  5
2A0
330
2
100
AcDbEntity
  8
HALFEN
100
AcDbLine
 10
220.7500000000077
 20
2562.75
 30
0.0
 11
220.7500000000077
 21
2573.75
 31
0.0
  0
LINE
  5
2A1
330
2
100
AcDbEntity
  8
HALFEN
100
AcDbLine
 10
219.2500000000076
 20
2562.75
 30
0.0
 11
219.2500000000077
 21
2573.75
 31
0.0
  0
LINE
  5
2A2
330
2
100
AcDbEntity
  8
HALFEN
100
AcDbLine
 10
217.7500000000076
 20
2562.75
 30
0.0
 11
217.7500000000076
 21
2573.75
 31
0.0
  0
LINE
  5
2A3
330
2
100
AcDbEntity
  8
HALFEN
100
AcDbLine
 10
223.7500000000078
 20
2538.75
 30
0.0
 11
223.7500000000078
 21
2541.25
 31
0.0
  0
LINE
  5
2A4
330
2
100
AcDbEntity
  8
HALFEN
100
AcDbLine
 10
222.2500000000077
 20
2538.75
 30
0.0
 11
222.2500000000077
 21
2541.25
 31
0.0
  0
LINE
  5
2A5
330
2
100
AcDbEntity
  8
HALFEN
100
AcDbLine
 10
220.7500000000077
 20
2538.75
 30
0.0
 11
220.7500000000077
 21
2549.750000000001
 31
0.0
  0
LINE
  5
2A6
330
2
100
AcDbEntity
  8
HALFEN
100
AcDbLine
 10
214.7500000000075
 20
2538.75
 30
0.0
 11
214.7500000000075
 21
2549.827383710666
 31
0.0
  0
LINE
  5
2A7
330
2
100
AcDbEntity
  8
HALFEN
100
AcDbLine
 10
216.2500000000075
 20
2538.75
 30
0.0
 11
216.2500000000075
 21
2549.750000000001
 31
0.0
  0
LINE
  5
2A8
330
2
100
AcDbEntity
  8
HALFEN
100
AcDbLine
 10
219.2500000000076
 20
2538.75
 30
0.0
 11
219.2500000000076
 21
2549.750000000001
 31
0.0
  0
LINE
  5
2A9
330
2
100
AcDbEntity
  8
HALFEN
100
AcDbLine
 10
217.7500000000076
 20
2538.75
 30
0.0
 11
217.7500000000076
 21
2549.750000000001
 31
0.0
  0
LINE
  5
2AA
330
2
100
AcDbEntity
  8
HALFEN
100
AcDbLine
 10
221.7499999999994
 20
2541.25
 30
0.0
 11
221.7499999999995
 21
2571.25
 31
0.0
  0
LINE
  5
2AB
330
2
100
AcDbEntity
  8
HALFEN
100
AcDbLine
 10
235.7500000000032
 20
2494.75
 30
0.0
 11
234.2500000000035
 21
2496.25
 31
0.0
  0
LINE
  5
2AC
330
2
100
AcDbEntity
  8
HALFEN
100
AcDbLine
 10
228.2500000000041
 20
2496.25
 30
0.0
 11
226.750000000004
 21
2494.75
 31
0.0
  0
LINE
  5
2AD
330
2
100
AcDbEntity
  8
HALFEN
100
AcDbLine
 10
226.750000000004
 20
2494.75
 30
0.0
 11
225.2500000000043
 21
2496.25
 31
0.0
  0
LINE
  5
2AE
330
2
100
AcDbEntity
  8
HALFEN
100
AcDbLine
 10
232.7500000000035
 20
2494.75
 30
0.0
 11
231.2500000000038
 21
2496.25
 31
0.0
  0
LINE
  5
2AF
330
2
100
AcDbEntity
  8
HALFEN
100
AcDbLine
 10
234.2500000000035
 20
2496.25
 30
0.0
 11
232.7500000000034
 21
2494.75
 31
0.0
  0
LINE
  5
2B0
330
2
100
AcDbEntity
  8
HALFEN
100
AcDbLine
 10
231.2500000000038
 20
2496.25
 30
0.0
 11
229.7500000000037
 21
2494.75
 31
0.0
  0
LINE
  5
2B1
330
2
100
AcDbEntity
  8
HALFEN
100
AcDbLine
 10
229.7500000000038
 20
2494.75
 30
0.0
 11
228.2500000000041
 21
2496.25
 31
0.0
  0
LINE
  5
2B2
330
2
100
AcDbEntity
  8
HALFEN
100
AcDbLine
 10
237.2500000000032
 20
2496.25
 30
0.0
 11
235.7500000000031
 21
2494.75
 31
0.0
  0
LINE
  5
2B3
330
2
100
AcDbEntity
  8
HALFEN
  6
MITTE2
 62
     1
100
AcDbLine
 10
236.7499999999994
 20
2504.75
 30
0.0
 11
236.7499999999994
 21
2486.25
 31
0.0
  0
LINE
  5
2B4
330
2
100
AcDbEntity
  8
HALFEN
100
AcDbLine
 10
238.7500000000029
 20
2494.75
 30
0.0
 11
237.2500000000032
 21
2496.25
 31
0.0
  0
LINE
  5
2B5
330
2
100
AcDbEntity
  8
HALFEN
100
AcDbLine
 10
244.7500000000023
 20
2494.75
 30
0.0
 11
243.2500000000026
 21
2496.25
 31
0.0
  0
LINE
  5
2B6
330
2
100
AcDbEntity
  8
HALFEN
100
AcDbLine
 10
240.2500000000029
 20
2496.25
 30
0.0
 11
238.7500000000029
 21
2494.75
 31
0.0
  0
LINE
  5
2B7
330
2
100
AcDbEntity
  8
HALFEN
100
AcDbLine
 10
241.7500000000026
 20
2494.75
 30
0.0
 11
240.2500000000029
 21
2496.25
 31
0.0
  0
LINE
  5
2B8
330
2
100
AcDbEntity
  8
HALFEN
100
AcDbLine
 10
243.2500000000026
 20
2496.25
 30
0.0
 11
241.7500000000026
 21
2494.75
 31
0.0
  0
CIRCLE
  5
2B9
330
2
100
AcDbEntity
  8
HALFEN
100
AcDbCircle
 10
236.7499999999995
 20
2556.25
 30
0.0
 40
6.5
  0
LINE
  5
2BA
330
2
100
AcDbEntity
  8
HALFEN
100
AcDbLine
 10
226.7500000000079
 20
2571.25
 30
0.0
 11
226.750000000008
 21
2573.75
 31
0.0
  0
LINE
  5
2BB
330
2
100
AcDbEntity
  8
HALFEN
100
AcDbLine
 10
225.2500000000079
 20
2571.25
 30
0.0
 11
225.2500000000079
 21
2573.75
 31
0.0
  0
LINE
  5
2BC
330
2
100
AcDbEntity
  8
HALFEN
100
AcDbLine
 10
234.2500000000082
 20
2571.25
 30
0.0
 11
234.2500000000082
 21
2573.75
 31
0.0
  0
LINE
  5
2BD
330
2
100
AcDbEntity
  8
HALFEN
100
AcDbLine
 10
232.7500000000082
 20
2571.25
 30
0.0
 11
232.7500000000082
 21
2573.75
 31
0.0
  0
LINE
  5
2BE
330
2
100
AcDbEntity
  8
HALFEN
100
AcDbLine
 10
231.2500000000081
 20
2571.25
 30
0.0
 11
231.2500000000081
 21
2573.75
 31
0.0
  0
LINE
  5
2BF
330
2
100
AcDbEntity
  8
HALFEN
100
AcDbLine
 10
229.750000000008
 20
2571.25
 30
0.0
 11
229.7500000000081
 21
2573.75
 31
0.0
  0
LINE
  5
2C0
330
2
100
AcDbEntity
  8
HALFEN
100
AcDbLine
 10
228.250000000008
 20
2571.25
 30
0.0
 11
228.250000000008
 21
2573.75
 31
0.0
  0
LINE
  5
2C1
330
2
100
AcDbEntity
  8
HALFEN
100
AcDbLine
 10
234.2500000000082
 20
2538.75
 30
0.0
 11
234.2500000000082
 21
2541.25
 31
0.0
  0
LINE
  5
2C2
330
2
100
AcDbEntity
  8
HALFEN
100
AcDbLine
 10
232.7500000000081
 20
2538.75
 30
0.0
 11
232.7500000000081
 21
2541.25
 31
0.0
  0
LINE
  5
2C3
330
2
100
AcDbEntity
  8
HALFEN
100
AcDbLine
 10
231.2500000000081
 20
2538.75
 30
0.0
 11
231.2500000000081
 21
2541.25
 31
0.0
  0
LINE
  5
2C4
330
2
100
AcDbEntity
  8
HALFEN
100
AcDbLine
 10
229.750000000008
 20
2538.75
 30
0.0
 11
229.750000000008
 21
2541.25
 31
0.0
  0
LINE
  5
2C5
330
2
100
AcDbEntity
  8
HALFEN
100
AcDbLine
 10
228.250000000008
 20
2538.75
 30
0.0
 11
228.250000000008
 21
2541.25
 31
0.0
  0
LINE
  5
2C6
330
2
100
AcDbEntity
  8
HALFEN
100
AcDbLine
 10
226.7500000000079
 20
2538.75
 30
0.0
 11
226.7500000000079
 21
2541.25
 31
0.0
  0
LINE
  5
2C7
330
2
100
AcDbEntity
  8
HALFEN
100
AcDbLine
 10
225.2500000000078
 20
2538.75
 30
0.0
 11
225.2500000000078
 21
2541.25
 31
0.0
  0
LINE
  5
2C8
330
2
100
AcDbEntity
  8
HALFEN
100
AcDbLine
 10
235.7500000000082
 20
2571.25
 30
0.0
 11
235.7500000000083
 21
2573.75
 31
0.0
  0
LINE
  5
2C9
330
2
100
AcDbEntity
  8
HALFEN
100
AcDbLine
 10
244.7500000000086
 20
2571.25
 30
0.0
 11
244.7500000000086
 21
2573.75
 31
0.0
  0
LINE
  5
2CA
330
2
100
AcDbEntity
  8
HALFEN
100
AcDbLine
 10
243.2500000000085
 20
2571.25
 30
0.0
 11
243.2500000000086
 21
2573.75
 31
0.0
  0
LINE
  5
2CB
330
2
100
AcDbEntity
  8
HALFEN
100
AcDbLine
 10
241.7500000000085
 20
2571.25
 30
0.0
 11
241.7500000000085
 21
2573.75
 31
0.0
  0
LINE
  5
2CC
330
2
100
AcDbEntity
  8
HALFEN
100
AcDbLine
 10
240.2500000000085
 20
2571.25
 30
0.0
 11
240.2500000000085
 21
2573.75
 31
0.0
  0
LINE
  5
2CD
330
2
100
AcDbEntity
  8
HALFEN
100
AcDbLine
 10
238.7500000000084
 20
2571.25
 30
0.0
 11
238.7500000000084
 21
2573.75
 31
0.0
  0
LINE
  5
2CE
330
2
100
AcDbEntity
  8
HALFEN
100
AcDbLine
 10
237.2500000000083
 20
2571.25
 30
0.0
 11
237.2500000000083
 21
2573.75
 31
0.0
  0
LINE
  5
2CF
330
2
100
AcDbEntity
  8
HALFEN
100
AcDbLine
 10
244.7500000000086
 20
2538.75
 30
0.0
 11
244.7500000000085
 21
2541.25
 31
0.0
  0
LINE
  5
2D0
330
2
100
AcDbEntity
  8
HALFEN
100
AcDbLine
 10
243.2500000000085
 20
2538.75
 30
0.0
 11
243.2500000000085
 21
2541.25
 31
0.0
  0
LINE
  5
2D1
330
2
100
AcDbEntity
  8
HALFEN
100
AcDbLine
 10
241.7500000000085
 20
2538.75
 30
0.0
 11
241.7500000000085
 21
2541.25
 31
0.0
  0
LINE
  5
2D2
330
2
100
AcDbEntity
  8
HALFEN
100
AcDbLine
 10
240.2500000000084
 20
2538.75
 30
0.0
 11
240.2500000000084
 21
2541.25
 31
0.0
  0
LINE
  5
2D3
330
2
100
AcDbEntity
  8
HALFEN
100
AcDbLine
 10
238.7500000000084
 20
2538.75
 30
0.0
 11
238.7500000000084
 21
2541.25
 31
0.0
  0
LINE
  5
2D4
330
2
100
AcDbEntity
  8
HALFEN
100
AcDbLine
 10
237.2500000000083
 20
2538.75
 30
0.0
 11
237.2500000000083
 21
2541.25
 31
0.0
  0
LINE
  5
2D5
330
2
100
AcDbEntity
  8
HALFEN
100
AcDbLine
 10
235.7500000000082
 20
2538.75
 30
0.0
 11
235.7500000000082
 21
2541.25
 31
0.0
  0
LINE
  5
2D6
330
2
100
AcDbEntity
  8
HALFEN
  6
MITTE2
 62
     1
100
AcDbLine
 10
236.7499999999995
 20
2533.75
 30
0.0
 11
236.7499999999995
 21
2578.75
 31
0.0
  0
LINE
  5
2D7
330
2
100
AcDbEntity
  8
HALFEN
100
AcDbLine
 10
265.7500000000003
 20
2494.75
 30
0.0
 11
264.2500000000006
 21
2496.25
 31
0.0
  0
LINE
  5
2D8
330
2
100
AcDbEntity
  8
HALFEN
100
AcDbLine
 10
255.2500000000015
 20
2496.25
 30
0.0
 11
253.7500000000014
 21
2494.75
 31
0.0
  0
LINE
  5
2D9
330
2
100
AcDbEntity
  8
HALFEN
100
AcDbLine
 10
247.750000000002
 20
2494.75
 30
0.0
 11
246.2500000000023
 21
2496.25
 31
0.0
  0
LINE
  5
2DA
330
2
100
AcDbEntity
  8
HALFEN
100
AcDbLine
 10
251.7499999999994
 20
2499.750000000001
 30
0.0
 11
251.7499999999994
 21
2495.749999999998
 31
0.0
  0
LINE
  5
2DB
330
2
100
AcDbEntity
  8
HALFEN
100
AcDbLine
 10
253.7500000000015
 20
2494.75
 30
0.0
 11
252.2500000000018
 21
2496.25
 31
0.0
  0
LINE
  5
2DC
330
2
100
AcDbEntity
  8
HALFEN
100
AcDbLine
 10
249.2500000000021
 20
2496.25
 30
0.0
 11
247.750000000002
 21
2494.75
 31
0.0
  0
LINE
  5
2DD
330
2
100
AcDbEntity
  8
HALFEN
100
AcDbLine
 10
250.7500000000018
 20
2494.75
 30
0.0
 11
249.2500000000021
 21
2496.25
 31
0.0
  0
LINE
  5
2DE
330
2
100
AcDbEntity
  8
HALFEN
100
AcDbLine
 10
252.2500000000018
 20
2496.25
 30
0.0
 11
250.7500000000017
 21
2494.75
 31
0.0
  0
LINE
  5
2DF
330
2
100
AcDbEntity
  8
HALFEN
100
AcDbLine
 10
258.2500000000012
 20
2496.25
 30
0.0
 11
256.7500000000011
 21
2494.75
 31
0.0
  0
LINE
  5
2E0
330
2
100
AcDbEntity
  8
HALFEN
100
AcDbLine
 10
256.7500000000012
 20
2494.75
 30
0.0
 11
255.2500000000015
 21
2496.25
 31
0.0
  0
LINE
  5
2E1
330
2
100
AcDbEntity
  8
HALFEN
100
AcDbLine
 10
262.7500000000006
 20
2494.75
 30
0.0
 11
261.2500000000009
 21
2496.25
 31
0.0
  0
LINE
  5
2E2
330
2
100
AcDbEntity
  8
HALFEN
100
AcDbLine
 10
259.7500000000009
 20
2494.75
 30
0.0
 11
258.2500000000012
 21
2496.25
 31
0.0
  0
LINE
  5
2E3
330
2
100
AcDbEntity
  8
HALFEN
100
AcDbLine
 10
261.2500000000009
 20
2496.25
 30
0.0
 11
259.7500000000009
 21
2494.75
 31
0.0
  0
LINE
  5
2E4
330
2
100
AcDbEntity
  8
HALFEN
100
AcDbLine
 10
264.2500000000006
 20
2496.25
 30
0.0
 11
262.7500000000006
 21
2494.75
 31
0.0
  0
LINE
  5
2E5
330
2
100
AcDbEntity
  8
HALFEN
100
AcDbLine
 10
251.7499999999994
 20
2562.75
 30
0.0
 11
257.7499999999995
 21
2562.75
 31
0.0
  0
LINE
  5
2E6
330
2
100
AcDbEntity
  8
HALFEN
100
AcDbLine
 10
251.7499999999994
 20
2549.75
 30
0.0
 11
257.7499999999995
 21
2549.75
 31
0.0
  0
LINE
  5
2E7
330
2
100
AcDbEntity
  8
HALFEN
100
AcDbLine
 10
246.2500000000087
 20
2571.25
 30
0.0
 11
246.2500000000087
 21
2573.75
 31
0.0
  0
LINE
  5
2E8
330
2
100
AcDbEntity
  8
HALFEN
100
AcDbLine
 10
250.7500000000089
 20
2571.25
 30
0.0
 11
250.7500000000089
 21
2573.75
 31
0.0
  0
LINE
  5
2E9
330
2
100
AcDbEntity
  8
HALFEN
100
AcDbLine
 10
249.2500000000088
 20
2571.25
 30
0.0
 11
249.2500000000088
 21
2573.75
 31
0.0
  0
LINE
  5
2EA
330
2
100
AcDbEntity
  8
HALFEN
100
AcDbLine
 10
247.7500000000087
 20
2571.25
 30
0.0
 11
247.7500000000087
 21
2573.75
 31
0.0
  0
LINE
  5
2EB
330
2
100
AcDbEntity
  8
HALFEN
100
AcDbLine
 10
253.7500000000035
 20
2562.750000000001
 30
0.0
 11
253.7500000000035
 21
2573.75
 31
0.0
  0
LINE
  5
2EC
330
2
100
AcDbEntity
  8
HALFEN
100
AcDbLine
 10
252.2500000000037
 20
2562.750000000001
 30
0.0
 11
252.2500000000038
 21
2573.75
 31
0.0
  0
LINE
  5
2ED
330
2
100
AcDbEntity
  8
HALFEN
100
AcDbLine
 10
250.7500000000088
 20
2538.75
 30
0.0
 11
250.7500000000088
 21
2541.25
 31
0.0
  0
LINE
  5
2EE
330
2
100
AcDbEntity
  8
HALFEN
100
AcDbLine
 10
249.2500000000088
 20
2538.75
 30
0.0
 11
249.2500000000088
 21
2541.25
 31
0.0
  0
LINE
  5
2EF
330
2
100
AcDbEntity
  8
HALFEN
100
AcDbLine
 10
247.7500000000087
 20
2538.75
 30
0.0
 11
247.7500000000087
 21
2541.25
 31
0.0
  0
LINE
  5
2F0
330
2
100
AcDbEntity
  8
HALFEN
100
AcDbLine
 10
246.2500000000086
 20
2538.75
 30
0.0
 11
246.2500000000086
 21
2541.25
 31
0.0
  0
LINE
  5
2F1
330
2
100
AcDbEntity
  8
HALFEN
100
AcDbLine
 10
253.7500000000034
 20
2538.75
 30
0.0
 11
253.7500000000034
 21
2549.749999999999
 31
0.0
  0
LINE
  5
2F2
330
2
100
AcDbEntity
  8
HALFEN
100
AcDbLine
 10
252.2500000000038
 20
2538.75
 30
0.0
 11
252.2500000000037
 21
2549.749999999999
 31
0.0
  0
LINE
  5
2F3
330
2
100
AcDbEntity
  8
HALFEN
100
AcDbLine
 10
251.7499999999994
 20
2541.25
 30
0.0
 11
251.7499999999995
 21
2571.25
 31
0.0
  0
LINE
  5
2F4
330
2
100
AcDbEntity
  8
HALFEN
100
AcDbLine
 10
256.7500000000029
 20
2562.750000000001
 30
0.0
 11
256.7500000000029
 21
2573.75
 31
0.0
  0
LINE
  5
2F5
330
2
100
AcDbEntity
  8
HALFEN
100
AcDbLine
 10
255.2500000000031
 20
2562.750000000001
 30
0.0
 11
255.2500000000032
 21
2573.75
 31
0.0
  0
LINE
  5
2F6
330
2
100
AcDbEntity
  8
HALFEN
100
AcDbLine
 10
262.7500000000017
 20
2560.403311931457
 30
0.0
 11
262.7500000000018
 21
2573.75
 31
0.0
  0
LINE
  5
2F7
330
2
100
AcDbEntity
  8
HALFEN
100
AcDbLine
 10
258.2500000000026
 20
2562.730740698408
 30
0.0
 11
258.2500000000026
 21
2573.75
 31
0.0
  0
LINE
  5
2F8
330
2
100
AcDbEntity
  8
HALFEN
100
AcDbLine
 10
259.7500000000023
 20
2562.434658438426
 30
0.0
 11
259.7500000000023
 21
2573.75
 31
0.0
  0
LINE
  5
2F9
330
2
100
AcDbEntity
  8
HALFEN
100
AcDbLine
 10
261.250000000002
 20
2561.72722557505
 30
0.0
 11
261.2500000000021
 21
2573.75
 31
0.0
  0
ARC
  5
2FA
330
2
100
AcDbEntity
  8
HALFEN
100
AcDbCircle
 10
257.7499999999995
 20
2556.25
 30
0.0
 40
6.5
100
AcDbArc
 50
270.0
 51
90.0
  0
LINE
  5
2FB
330
2
100
AcDbEntity
  8
HALFEN
100
AcDbLine
 10
264.2500000000014
 20
2538.75
 30
0.0
 11
264.2500000000014
 21
2573.75
 31
0.0
  0
LINE
  5
2FC
330
2
100
AcDbEntity
  8
HALFEN
100
AcDbLine
 10
262.7500000000017
 20
2538.75
 30
0.0
 11
262.7500000000017
 21
2552.096688068544
 31
0.0
  0
LINE
  5
2FD
330
2
100
AcDbEntity
  8
HALFEN
100
AcDbLine
 10
256.7500000000028
 20
2538.75
 30
0.0
 11
256.7500000000028
 21
2549.749999999999
 31
0.0
  0
LINE
  5
2FE
330
2
100
AcDbEntity
  8
HALFEN
100
AcDbLine
 10
255.2500000000031
 20
2538.75
 30
0.0
 11
255.2500000000031
 21
2549.749999999999
 31
0.0
  0
LINE
  5
2FF
330
2
100
AcDbEntity
  8
HALFEN
100
AcDbLine
 10
258.2500000000026
 20
2538.75
 30
0.0
 11
258.2500000000026
 21
2549.769259301593
 31
0.0
  0
LINE
  5
300
330
2
100
AcDbEntity
  8
HALFEN
100
AcDbLine
 10
259.7500000000023
 20
2538.75
 30
0.0
 11
259.7500000000023
 21
2550.065341561575
 31
0.0
  0
LINE
  5
301
330
2
100
AcDbEntity
  8
HALFEN
100
AcDbLine
 10
261.250000000002
 20
2538.75
 30
0.0
 11
261.250000000002
 21
2550.77277442495
 31
0.0
  0
LINE
  5
302
330
2
100
AcDbEntity
  8
HALFEN
100
AcDbLine
 10
276.2499999999995
 20
2496.25
 30
0.0
 11
274.7499999999994
 21
2494.75
 31
0.0
  0
LINE
  5
303
330
2
100
AcDbEntity
  8
HALFEN
100
AcDbLine
 10
268.75
 20
2494.75
 30
0.0
 11
267.2500000000003
 21
2496.25
 31
0.0
  0
LINE
  5
304
330
2
100
AcDbEntity
  8
HALFEN
100
AcDbLine
 10
267.2500000000003
 20
2496.25
 30
0.0
 11
265.7500000000003
 21
2494.75
 31
0.0
  0
LINE
  5
305
330
2
100
AcDbEntity
  8
HALFEN
100
AcDbLine
 10
270.2500000000001
 20
2496.25
 30
0.0
 11
268.75
 21
2494.75
 31
0.0
  0
LINE
  5
306
330
2
100
AcDbEntity
  8
HALFEN
100
AcDbLine
 10
271.7499999999998
 20
2494.75
 30
0.0
 11
270.2500000000001
 21
2496.25
 31
0.0
  0
LINE
  5
307
330
2
100
AcDbEntity
  8
HALFEN
100
AcDbLine
 10
273.2499999999998
 20
2496.25
 30
0.0
 11
271.7499999999997
 21
2494.75
 31
0.0
  0
LINE
  5
308
330
2
100
AcDbEntity
  8
HALFEN
100
AcDbLine
 10
274.7499999999995
 20
2494.75
 30
0.0
 11
273.2499999999998
 21
2496.25
 31
0.0
  0
LINE
  5
309
330
2
100
AcDbEntity
  8
HALFEN
100
AcDbLine
 10
276.2499999999995
 20
2496.25
 30
0.0
 11
276.2499999999995
 21
2491.25
 31
0.0
  0
LINE
  5
30A
330
2
100
AcDbEntity
  8
HALFEN
100
AcDbLine
 10
267.2500000000009
 20
2538.75
 30
0.0
 11
267.2500000000009
 21
2573.75
 31
0.0
  0
LINE
  5
30B
330
2
100
AcDbEntity
  8
HALFEN
100
AcDbLine
 10
265.7500000000012
 20
2538.75
 30
0.0
 11
265.7500000000011
 21
2573.75
 31
0.0
  0
LINE
  5
30C
330
2
100
AcDbEntity
  8
HALFEN
100
AcDbLine
 10
274.7499999999995
 20
2538.75
 30
0.0
 11
274.7499999999995
 21
2573.75
 31
0.0
  0
LINE
  5
30D
330
2
100
AcDbEntity
  8
HALFEN
100
AcDbLine
 10
273.2499999999997
 20
2538.75
 30
0.0
 11
273.2499999999997
 21
2573.75
 31
0.0
  0
LINE
  5
30E
330
2
100
AcDbEntity
  8
HALFEN
100
AcDbLine
 10
271.75
 20
2538.75
 30
0.0
 11
271.75
 21
2573.75
 31
0.0
  0
LINE
  5
30F
330
2
100
AcDbEntity
  8
HALFEN
100
AcDbLine
 10
270.2500000000003
 20
2538.75
 30
0.0
 11
270.2500000000003
 21
2573.75
 31
0.0
  0
LINE
  5
310
330
2
100
AcDbEntity
  8
HALFEN
100
AcDbLine
 10
268.7500000000006
 20
2538.75
 30
0.0
 11
268.7500000000006
 21
2573.75
 31
0.0
  0
LINE
  5
311
330
2
100
AcDbEntity
  8
HALFEN
100
AcDbLine
 10
276.2499999999995
 20
2538.75
 30
0.0
 11
276.2499999999995
 21
2573.75
 31
0.0
  0
LINE
  5
312
330
2
100
AcDbEntity
  8
HALFEN
100
AcDbLine
 10
227.2499999999995
 20
2596.25
 30
0.0
 11
227.2499999999995
 21
2616.25
 31
0.0
  0
LINE
  5
313
330
2
100
AcDbEntity
  8
HALFEN
100
AcDbLine
 10
77.24999999999946
 20
2436.25
 30
0.0
 11
227.2499999999995
 21
2436.25
 31
0.0
  0
LINE
  5
314
330
2
100
AcDbEntity
  8
HALFEN
100
AcDbLine
 10
77.24999999999946
 20
2446.25
 30
0.0
 11
227.2499999999995
 21
2446.25
 31
0.0
  0
LINE
  5
315
330
2
100
AcDbEntity
  8
HALFEN
100
AcDbLine
 10
77.24999999999946
 20
2456.25
 30
0.0
 11
227.2499999999995
 21
2456.25
 31
0.0
  0
TEXT
  5
316
330
2
100
AcDbEntity
  8
HALFEN
100
AcDbText
 10
132.2499999999994
 20
2448.75
 30
0.0
 40
5.0
  1
HKZ GF - 38/17 - 175 - A4
  7
ARIAL50
100
AcDbText
  0
LINE
  5
317
330
2
100
AcDbEntity
  8
HALFEN
  6
MITTE2
 62
     1
100
AcDbLine
 10
77.24999999999946
 20
2396.25
 30
0.0
 11
301.2499999999995
 21
2396.25
 31
0.0
  0
LINE
  5
318
330
2
100
AcDbEntity
  8
HALFEN
100
AcDbLine
 10
136.2499999999995
 20
2413.75
 30
0.0
 11
301.2499999999995
 21
2413.75
 31
0.0
  0
LINE
  5
319
330
2
100
AcDbEntity
  8
HALFEN
100
AcDbLine
 10
301.2499999999995
 20
2378.75
 30
0.0
 11
136.2499999999995
 21
2378.75
 31
0.0
  0
LINE
  5
31A
330
2
100
AcDbEntity
  8
HALFEN
100
AcDbLine
 10
246.7499999999994
 20
2381.25
 30
0.0
 11
276.7499999999994
 21
2381.25
 31
0.0
  0
LINE
  5
31B
330
2
100
AcDbEntity
  8
HALFEN
100
AcDbLine
 10
246.7499999999995
 20
2411.25
 30
0.0
 11
276.7499999999995
 21
2411.25
 31
0.0
  0
LINE
  5
31C
330
2
100
AcDbEntity
  8
HALFEN
100
AcDbLine
 10
301.2499999999995
 20
2331.25
 30
0.0
 11
136.2499999999995
 21
2331.25
 31
0.0
  0
LINE
  5
31D
330
2
100
AcDbEntity
  8
HALFEN
100
AcDbLine
 10
276.7499999999995
 20
2339.75
 30
0.0
 11
246.7499999999994
 21
2339.75
 31
0.0
  0
LINE
  5
31E
330
2
100
AcDbEntity
  8
HALFEN
100
AcDbLine
 10
271.2500000000023
 20
2336.25
 30
0.0
 11
269.7500000000023
 21
2334.75
 31
0.0
  0
TEXT
  5
31F
330
2
100
AcDbEntity
  8
HALFEN
100
AcDbText
 10
82.24999999999946
 20
2448.75
 30
0.0
 40
5.0
  1
Benennung
  7
ARIAL50
100
AcDbText
  0
LINE
  5
320
330
2
100
AcDbEntity
  8
HALFEN
 62
     1
100
AcDbLine
 10
163.2499999999995
 20
2401.1765
 30
0.0
 11
102.4499999999994
 21
2401.1765
 31
0.0
  0
LINE
  5
321
330
2
100
AcDbEntity
  8
HALFEN
100
AcDbLine
 10
162.1764899999995
 20
2390.25
 30
0.0
 11
102.4499999999994
 21
2390.25
 31
0.0
  0
LINE
  5
322
330
2
100
AcDbEntity
  8
HALFEN
 62
     1
100
AcDbLine
 10
163.2499999999995
 20
2391.3235
 30
0.0
 11
102.4499999999994
 21
2391.3235
 31
0.0
  0
LINE
  5
323
330
2
100
AcDbEntity
  8
HALFEN
100
AcDbLine
 10
162.1764899999995
 20
2402.25
 30
0.0
 11
102.4499999999994
 21
2402.25
 31
0.0
  0
LINE
  5
324
330
2
100
AcDbEntity
  8
HALFEN
100
AcDbLine
 10
220.2500000000072
 20
2336.25
 30
0.0
 11
136.2499999999995
 21
2336.25
 31
0.0
  0
LINE
  5
325
330
2
100
AcDbEntity
  8
HALFEN
 62
     1
100
AcDbLine
 10
163.2499999999995
 20
2341.1765
 30
0.0
 11
102.4499999999994
 21
2341.1765
 31
0.0
  0
LINE
  5
326
330
2
100
AcDbEntity
  8
HALFEN
100
AcDbLine
 10
162.1764899999995
 20
2342.25
 30
0.0
 11
102.4499999999994
 21
2342.250000000001
 31
0.0
  0
LINE
  5
327
330
2
100
AcDbEntity
  8
HALFEN
100
AcDbLine
 10
162.1764899999995
 20
2330.25
 30
0.0
 11
102.4499999999994
 21
2330.250000000001
 31
0.0
  0
LINE
  5
328
330
2
100
AcDbEntity
  8
HALFEN
100
AcDbLine
 10
91.05540362551895
 20
2401.447500000001
 30
0.0
 11
101.6445963744799
 21
2401.447500000001
 31
0.0
  0
LINE
  5
329
330
2
100
AcDbEntity
  8
HALFEN
100
AcDbLine
 10
91.05540362551895
 20
2385.855
 30
0.0
 11
101.6445963744799
 21
2385.855
 31
0.0
  0
LINE
  5
32A
330
2
100
AcDbEntity
  8
HALFEN
100
AcDbLine
 10
91.05540362551895
 20
2391.0525
 30
0.0
 11
101.6445963744799
 21
2391.0525
 31
0.0
  0
LINE
  5
32B
330
2
100
AcDbEntity
  8
HALFEN
100
AcDbLine
 10
91.05540362551895
 20
2406.645
 30
0.0
 11
101.6445963744799
 21
2406.645
 31
0.0
  0
LINE
  5
32C
330
2
100
AcDbEntity
  8
HALFEN
  6
MITTE2
 62
     1
100
AcDbLine
 10
136.2499999999995
 20
2336.25
 30
0.0
 11
77.24999999999804
 21
2336.25
 31
0.0
  0
LINE
  5
32D
330
2
100
AcDbEntity
  8
HALFEN
100
AcDbLine
 10
91.05540362551895
 20
2325.855
 30
0.0
 11
101.6445963744799
 21
2325.855
 31
0.0
  0
LINE
  5
32E
330
2
100
AcDbEntity
  8
HALFEN
100
AcDbLine
 10
91.05540362551895
 20
2341.447500000001
 30
0.0
 11
101.6445963744799
 21
2341.447500000001
 31
0.0
  0
LINE
  5
32F
330
2
100
AcDbEntity
  8
HALFEN
100
AcDbLine
 10
91.05540362551895
 20
2331.0525
 30
0.0
 11
101.6445963744799
 21
2331.0525
 31
0.0
  0
LINE
  5
330
330
2
100
AcDbEntity
  8
HALFEN
100
AcDbLine
 10
91.05540362551895
 20
2346.645
 30
0.0
 11
101.6445963744799
 21
2346.645
 31
0.0
  0
LINE
  5
331
330
2
100
AcDbEntity
  8
HALFEN
100
AcDbLine
 10
87.24999999999946
 20
2356.25
 30
0.0
 11
90.24999999999947
 21
2356.25
 31
0.0
  0
LINE
  5
332
330
2
100
AcDbEntity
  8
HALFEN
100
AcDbLine
 10
91.05540362551895
 20
2346.645
 30
0.0
 11
90.24999999999947
 21
2345.25
 31
0.0
  0
ARC
  5
333
330
2
100
AcDbEntity
  8
HALFEN
100
AcDbCircle
 10
107.4231789958727
 20
2336.25
 30
0.0
 40
17.17317899587332
100
AcDbArc
 50
162.3830311595681
 51
197.6169688404318
  0
ARC
  5
334
330
2
100
AcDbEntity
  8
HALFEN
100
AcDbCircle
 10
94.84532110853857
 20
2328.453750000003
 30
0.0
 40
4.595321108539113
100
AcDbArc
 50
145.5615305952504
 51
205.5615305956205
  0
ARC
  5
335
330
2
100
AcDbEntity
  8
HALFEN
100
AcDbCircle
 10
94.84532110853857
 20
2344.046249999999
 30
0.0
 40
4.595321108539113
100
AcDbArc
 50
154.4384694045812
 51
214.4384694047803
  0
LINE
  5
336
330
2
100
AcDbEntity
  8
HALFEN
100
AcDbLine
 10
87.24999999999946
 20
2316.25
 30
0.0
 11
90.24999999999947
 21
2316.25
 31
0.0
  0
LINE
  5
337
330
2
100
AcDbEntity
  8
HALFEN
100
AcDbLine
 10
90.24999999999947
 20
2316.25
 30
0.0
 11
90.24999999999947
 21
2356.25
 31
0.0
  0
LINE
  5
338
330
2
100
AcDbEntity
  8
HALFEN
100
AcDbLine
 10
87.24999999999946
 20
2316.25
 30
0.0
 11
87.24999999999946
 21
2356.25
 31
0.0
  0
LINE
  5
339
330
2
100
AcDbEntity
  8
HALFEN
100
AcDbLine
 10
91.05540362551895
 20
2325.855
 30
0.0
 11
90.24999999999947
 21
2327.25
 31
0.0
  0
LINE
  5
33A
330
2
100
AcDbEntity
  8
HALFEN
100
AcDbLine
 10
91.05540362551895
 20
2406.645
 30
0.0
 11
90.24999999999947
 21
2405.25
 31
0.0
  0
ARC
  5
33B
330
2
100
AcDbEntity
  8
HALFEN
100
AcDbCircle
 10
107.4231789958727
 20
2396.25
 30
0.0
 40
17.17317899587332
100
AcDbArc
 50
162.3830311595681
 51
197.6169688404318
  0
LINE
  5
33C
330
2
100
AcDbEntity
  8
HALFEN
100
AcDbLine
 10
91.05540362551895
 20
2385.855
 30
0.0
 11
90.24999999999947
 21
2387.25
 31
0.0
  0
ARC
  5
33D
330
2
100
AcDbEntity
  8
HALFEN
100
AcDbCircle
 10
94.84532110853857
 20
2388.453750000003
 30
0.0
 40
4.595321108539113
100
AcDbArc
 50
145.5615305952504
 51
205.5615305956205
  0
ARC
  5
33E
330
2
100
AcDbEntity
  8
HALFEN
100
AcDbCircle
 10
94.84532110853857
 20
2404.046249999999
 30
0.0
 40
4.595321108539113
100
AcDbArc
 50
154.4384694045812
 51
214.4384694047803
  0
LINE
  5
33F
330
2
100
AcDbEntity
  8
HALFEN
100
AcDbLine
 10
87.24999999999946
 20
2416.25
 30
0.0
 11
90.24999999999947
 21
2416.25
 31
0.0
  0
LINE
  5
340
330
2
100
AcDbEntity
  8
HALFEN
100
AcDbLine
 10
87.24999999999946
 20
2376.25
 30
0.0
 11
90.24999999999947
 21
2376.25
 31
0.0
  0
LINE
  5
341
330
2
100
AcDbEntity
  8
HALFEN
100
AcDbLine
 10
90.24999999999947
 20
2376.25
 30
0.0
 11
90.24999999999947
 21
2416.25
 31
0.0
  0
LINE
  5
342
330
2
100
AcDbEntity
  8
HALFEN
100
AcDbLine
 10
87.24999999999946
 20
2376.25
 30
0.0
 11
87.24999999999946
 21
2416.25
 31
0.0
  0
LINE
  5
343
330
2
100
AcDbEntity
  8
HALFEN
 62
     1
100
AcDbLine
 10
136.2499999999994
 20
2331.3235
 30
0.0
 11
102.4499999999994
 21
2331.3235
 31
0.0
  0
LINE
  5
344
330
2
100
AcDbEntity
  8
HALFEN
100
AcDbLine
 10
101.6445963744799
 20
2346.645
 30
0.0
 11
102.4499999999994
 21
2345.25
 31
0.0
  0
ARC
  5
345
330
2
100
AcDbEntity
  8
HALFEN
100
AcDbCircle
 10
85.27682100412608
 20
2336.25
 30
0.0
 40
17.17317899587339
100
AcDbArc
 50
342.3830311595681
 51
17.61696884043186
  0
LINE
  5
346
330
2
100
AcDbEntity
  8
HALFEN
100
AcDbLine
 10
102.4499999999994
 20
2345.25
 30
0.0
 11
102.4499999999994
 21
2327.25
 31
0.0
  0
ARC
  5
347
330
2
100
AcDbEntity
  8
HALFEN
100
AcDbCircle
 10
97.85467889145266
 20
2328.453749999999
 30
0.0
 40
4.595321108546784
100
AcDbArc
 50
334.4384694047263
 51
34.43846940471808
  0
ARC
  5
348
330
2
100
AcDbEntity
  8
HALFEN
100
AcDbCircle
 10
97.85467889146033
 20
2344.046249999999
 30
0.0
 40
4.595321108539113
100
AcDbArc
 50
325.5615305952196
 51
25.56153059541875
  0
LINE
  5
349
330
2
100
AcDbEntity
  8
HALFEN
100
AcDbLine
 10
101.6445963744799
 20
2325.855
 30
0.0
 11
102.4499999999994
 21
2327.25
 31
0.0
  0
LINE
  5
34A
330
2
100
AcDbEntity
  8
HALFEN
100
AcDbLine
 10
136.2499999999995
 20
2336.25
 30
0.0
 11
136.2499999999995
 21
2331.25
 31
0.0
  0
LINE
  5
34B
330
2
100
AcDbEntity
  8
HALFEN
100
AcDbLine
 10
101.6445963744799
 20
2406.645
 30
0.0
 11
102.4499999999994
 21
2405.25
 31
0.0
  0
ARC
  5
34C
330
2
100
AcDbEntity
  8
HALFEN
100
AcDbCircle
 10
85.27682100412608
 20
2396.25
 30
0.0
 40
17.17317899587339
100
AcDbArc
 50
342.3830311595681
 51
17.61696884043186
  0
LINE
  5
34D
330
2
100
AcDbEntity
  8
HALFEN
100
AcDbLine
 10
101.6445963744799
 20
2385.855
 30
0.0
 11
102.4499999999994
 21
2387.25
 31
0.0
  0
LINE
  5
34E
330
2
100
AcDbEntity
  8
HALFEN
100
AcDbLine
 10
102.4499999999994
 20
2405.25
 30
0.0
 11
102.4499999999994
 21
2387.25
 31
0.0
  0
ARC
  5
34F
330
2
100
AcDbEntity
  8
HALFEN
100
AcDbCircle
 10
97.85467889145266
 20
2388.45375
 30
0.0
 40
4.595321108546784
100
AcDbArc
 50
334.4384694047263
 51
34.43846940471808
  0
ARC
  5
350
330
2
100
AcDbEntity
  8
HALFEN
100
AcDbCircle
 10
97.85467889146033
 20
2404.046249999999
 30
0.0
 40
4.595321108539113
100
AcDbArc
 50
325.5615305952196
 51
25.56153059541875
  0
LINE
  5
351
330
2
100
AcDbEntity
  8
HALFEN
100
AcDbLine
 10
136.2499999999995
 20
2402.25
 30
0.0
 11
136.2499999999995
 21
2413.75
 31
0.0
  0
LINE
  5
352
330
2
100
AcDbEntity
  8
HALFEN
100
AcDbLine
 10
136.2499999999995
 20
2378.75
 30
0.0
 11
136.2499999999995
 21
2390.25
 31
0.0
  0
TEXT
  5
353
330
2
100
AcDbEntity
  8
HALFEN
100
AcDbText
 10
82.24999999999946
 20
2438.75
 30
0.0
 40
5.0
  1
Id. Nr.
  7
ARIAL50
100
AcDbText
  0
LINE
  5
354
330
2
100
AcDbEntity
  8
HALFEN
100
AcDbLine
 10
77.24999999999946
 20
2436.25
 30
0.0
 11
77.24999999999946
 21
2456.25
 31
0.0
  0
TEXT
  5
355
330
2
100
AcDbEntity
  8
HALFEN
100
AcDbText
 10
132.2499999999994
 20
2438.75
 30
0.0
 40
5.0
  1
0245.060-00005
  7
ARIAL50
100
AcDbText
  0
LINE
  5
356
330
2
100
AcDbEntity
  8
HALFEN
100
AcDbLine
 10
229.2500000000063
 20
2336.25
 30
0.0
 11
227.7500000000062
 21
2334.75
 31
0.0
  0
ARC
  5
357
330
2
100
AcDbEntity
  8
HALFEN
100
AcDbCircle
 10
162.1764899999995
 20
2396.25
 30
0.0
 40
6.0
100
AcDbArc
 50
270.0
 51
89.99999999999959
  0
LINE
  5
358
330
2
100
AcDbEntity
  8
HALFEN
100
AcDbLine
 10
163.2499999999995
 20
2341.1765
 30
0.0
 11
162.1764899999995
 21
2342.25
 31
0.0
  0
LINE
  5
359
330
2
100
AcDbEntity
  8
HALFEN
100
AcDbLine
 10
162.1764899999995
 20
2331.25
 30
0.0
 11
162.1764899999995
 21
2330.25
 31
0.0
  0
LINE
  5
35A
330
2
100
AcDbEntity
  8
HALFEN
100
AcDbLine
 10
162.1764899999995
 20
2342.25
 30
0.0
 11
162.1764899999995
 21
2336.25
 31
0.0
  0
LINE
  5
35B
330
2
100
AcDbEntity
  8
HALFEN
100
AcDbLine
 10
163.2499999999995
 20
2341.1765
 30
0.0
 11
163.2499999999995
 21
2336.25
 31
0.0
  0
LINE
  5
35C
330
2
100
AcDbEntity
  8
HALFEN
100
AcDbLine
 10
162.1764899999995
 20
2330.25
 30
0.0
 11
163.176499315324
 21
2331.25
 31
0.0
  0
LINE
  5
35D
330
2
100
AcDbEntity
  8
HALFEN
100
AcDbLine
 10
162.1764899999995
 20
2390.25
 30
0.0
 11
163.2499999999995
 21
2391.3235
 31
0.0
  0
LINE
  5
35E
330
2
100
AcDbEntity
  8
HALFEN
100
AcDbLine
 10
163.2499999999995
 20
2401.1765
 30
0.0
 11
162.1764899999995
 21
2402.25
 31
0.0
  0
LINE
  5
35F
330
2
100
AcDbEntity
  8
HALFEN
100
AcDbLine
 10
163.2499999999995
 20
2401.1765
 30
0.0
 11
163.2499999999995
 21
2391.3235
 31
0.0
  0
LINE
  5
360
330
2
100
AcDbEntity
  8
HALFEN
100
AcDbLine
 10
162.1764899999995
 20
2402.25
 30
0.0
 11
162.1764899999995
 21
2390.25
 31
0.0
  0
LINE
  5
361
330
2
100
AcDbEntity
  8
HALFEN
100
AcDbLine
 10
221.7500000000069
 20
2334.75
 30
0.0
 11
220.2500000000072
 21
2336.25
 31
0.0
  0
LINE
  5
362
330
2
100
AcDbEntity
  8
HALFEN
100
AcDbLine
 10
223.2500000000069
 20
2336.25
 30
0.0
 11
221.7500000000068
 21
2334.75
 31
0.0
  0
LINE
  5
363
330
2
100
AcDbEntity
  8
HALFEN
100
AcDbLine
 10
224.7500000000066
 20
2334.75
 30
0.0
 11
223.2500000000069
 21
2336.25
 31
0.0
  0
LINE
  5
364
330
2
100
AcDbEntity
  8
HALFEN
100
AcDbLine
 10
226.2500000000066
 20
2336.25
 30
0.0
 11
224.7500000000065
 21
2334.75
 31
0.0
  0
LINE
  5
365
330
2
100
AcDbEntity
  8
HALFEN
100
AcDbLine
 10
227.7500000000063
 20
2334.75
 30
0.0
 11
226.2500000000066
 21
2336.25
 31
0.0
  0
LINE
  5
366
330
2
100
AcDbEntity
  8
HALFEN
100
AcDbLine
 10
223.2500000000068
 20
2378.75
 30
0.0
 11
223.2500000000069
 21
2413.75
 31
0.0
  0
LINE
  5
367
330
2
100
AcDbEntity
  8
HALFEN
100
AcDbLine
 10
221.7500000000068
 20
2378.75
 30
0.0
 11
221.7500000000068
 21
2413.75
 31
0.0
  0
LINE
  5
368
330
2
100
AcDbEntity
  8
HALFEN
100
AcDbLine
 10
224.7500000000069
 20
2378.75
 30
0.0
 11
224.7500000000069
 21
2413.75
 31
0.0
  0
LINE
  5
369
330
2
100
AcDbEntity
  8
HALFEN
100
AcDbLine
 10
226.2500000000069
 20
2378.75
 30
0.0
 11
226.250000000007
 21
2413.75
 31
0.0
  0
LINE
  5
36A
330
2
100
AcDbEntity
  8
HALFEN
100
AcDbLine
 10
227.750000000007
 20
2378.75
 30
0.0
 11
227.750000000007
 21
2413.75
 31
0.0
  0
LINE
  5
36B
330
2
100
AcDbEntity
  8
HALFEN
100
AcDbLine
 10
220.2500000000071
 20
2378.75
 30
0.0
 11
220.2500000000071
 21
2413.75
 31
0.0
  0
LINE
  5
36C
330
2
100
AcDbEntity
  8
HALFEN
100
AcDbLine
 10
127.2499999999994
 20
2436.25
 30
0.0
 11
127.2499999999994
 21
2456.25
 31
0.0
  0
LINE
  5
36D
330
2
100
AcDbEntity
  8
HALFEN
100
AcDbLine
 10
250.2500000000043
 20
2336.25
 30
0.0
 11
248.7500000000043
 21
2334.75
 31
0.0
  0
LINE
  5
36E
330
2
100
AcDbEntity
  8
HALFEN
100
AcDbLine
 10
239.7500000000052
 20
2334.75
 30
0.0
 11
238.2500000000054
 21
2336.25
 31
0.0
  0
LINE
  5
36F
330
2
100
AcDbEntity
  8
HALFEN
100
AcDbLine
 10
232.250000000006
 20
2336.25
 30
0.0
 11
230.750000000006
 21
2334.75
 31
0.0
  0
LINE
  5
370
330
2
100
AcDbEntity
  8
HALFEN
100
AcDbLine
 10
230.750000000006
 20
2334.75
 30
0.0
 11
229.2500000000063
 21
2336.25
 31
0.0
  0
LINE
  5
371
330
2
100
AcDbEntity
  8
HALFEN
100
AcDbLine
 10
238.2500000000054
 20
2336.25
 30
0.0
 11
236.7500000000054
 21
2334.75
 31
0.0
  0
LINE
  5
372
330
2
100
AcDbEntity
  8
HALFEN
100
AcDbLine
 10
233.7500000000058
 20
2334.75
 30
0.0
 11
232.250000000006
 21
2336.25
 31
0.0
  0
LINE
  5
373
330
2
100
AcDbEntity
  8
HALFEN
100
AcDbLine
 10
235.2500000000057
 20
2336.25
 30
0.0
 11
233.7500000000057
 21
2334.75
 31
0.0
  0
LINE
  5
374
330
2
100
AcDbEntity
  8
HALFEN
100
AcDbLine
 10
236.7500000000055
 20
2334.75
 30
0.0
 11
235.2500000000057
 21
2336.25
 31
0.0
  0
LINE
  5
375
330
2
100
AcDbEntity
  8
HALFEN
100
AcDbLine
 10
242.7500000000049
 20
2334.75
 30
0.0
 11
241.2500000000052
 21
2336.25
 31
0.0
  0
LINE
  5
376
330
2
100
AcDbEntity
  8
HALFEN
100
AcDbLine
 10
241.2500000000052
 20
2336.25
 30
0.0
 11
239.7500000000051
 21
2334.75
 31
0.0
  0
LINE
  5
377
330
2
100
AcDbEntity
  8
HALFEN
100
AcDbLine
 10
246.7499999999994
 20
2339.75
 30
0.0
 11
246.7499999999994
 21
2335.749999999995
 31
0.0
  0
LINE
  5
378
330
2
100
AcDbEntity
  8
HALFEN
100
AcDbLine
 10
245.7500000000046
 20
2334.75
 30
0.0
 11
244.2500000000049
 21
2336.25
 31
0.0
  0
LINE
  5
379
330
2
100
AcDbEntity
  8
HALFEN
100
AcDbLine
 10
244.2500000000049
 20
2336.25
 30
0.0
 11
242.7500000000048
 21
2334.75
 31
0.0
  0
LINE
  5
37A
330
2
100
AcDbEntity
  8
HALFEN
100
AcDbLine
 10
247.2500000000046
 20
2336.25
 30
0.0
 11
245.7500000000045
 21
2334.75
 31
0.0
  0
LINE
  5
37B
330
2
100
AcDbEntity
  8
HALFEN
100
AcDbLine
 10
248.7500000000043
 20
2334.75
 30
0.0
 11
247.2500000000046
 21
2336.25
 31
0.0
  0
ARC
  5
37C
330
2
100
AcDbEntity
  8
HALFEN
100
AcDbCircle
 10
240.7499999999995
 20
2396.25
 30
0.0
 40
6.5
100
AcDbArc
 50
90.0
 51
270.0
  0
LINE
  5
37D
330
2
100
AcDbEntity
  8
HALFEN
100
AcDbLine
 10
238.2500000000074
 20
2402.250000000003
 30
0.0
 11
238.2500000000074
 21
2413.75
 31
0.0
  0
LINE
  5
37E
330
2
100
AcDbEntity
  8
HALFEN
100
AcDbLine
 10
236.7500000000073
 20
2401.373475382986
 30
0.0
 11
236.7500000000074
 21
2413.75
 31
0.0
  0
LINE
  5
37F
330
2
100
AcDbEntity
  8
HALFEN
100
AcDbLine
 10
235.2500000000073
 20
2399.71410161515
 30
0.0
 11
235.2500000000073
 21
2413.75
 31
0.0
  0
LINE
  5
380
330
2
100
AcDbEntity
  8
HALFEN
100
AcDbLine
 10
238.2500000000074
 20
2378.75
 30
0.0
 11
238.2500000000074
 21
2390.249999999997
 31
0.0
  0
LINE
  5
381
330
2
100
AcDbEntity
  8
HALFEN
100
AcDbLine
 10
229.2500000000071
 20
2378.75
 30
0.0
 11
229.2500000000071
 21
2413.75
 31
0.0
  0
LINE
  5
382
330
2
100
AcDbEntity
  8
HALFEN
100
AcDbLine
 10
230.7500000000071
 20
2378.75
 30
0.0
 11
230.7500000000072
 21
2413.75
 31
0.0
  0
LINE
  5
383
330
2
100
AcDbEntity
  8
HALFEN
100
AcDbLine
 10
232.2500000000071
 20
2378.75
 30
0.0
 11
232.2500000000072
 21
2413.75
 31
0.0
  0
LINE
  5
384
330
2
100
AcDbEntity
  8
HALFEN
100
AcDbLine
 10
233.7500000000072
 20
2378.75
 30
0.0
 11
233.7500000000072
 21
2413.75
 31
0.0
  0
LINE
  5
385
330
2
100
AcDbEntity
  8
HALFEN
100
AcDbLine
 10
236.7500000000073
 20
2378.75
 30
0.0
 11
236.7500000000073
 21
2391.126524617014
 31
0.0
  0
LINE
  5
386
330
2
100
AcDbEntity
  8
HALFEN
100
AcDbLine
 10
235.2500000000073
 20
2378.75
 30
0.0
 11
235.2500000000073
 21
2392.78589838485
 31
0.0
  0
LINE
  5
387
330
2
100
AcDbEntity
  8
HALFEN
100
AcDbLine
 10
240.7499999999995
 20
2402.75
 30
0.0
 11
246.7499999999994
 21
2402.75
 31
0.0
  0
LINE
  5
388
330
2
100
AcDbEntity
  8
HALFEN
100
AcDbLine
 10
240.7499999999995
 20
2389.75
 30
0.0
 11
246.7499999999994
 21
2389.75
 31
0.0
  0
LINE
  5
389
330
2
100
AcDbEntity
  8
HALFEN
100
AcDbLine
 10
239.7500000000075
 20
2402.672616289334
 30
0.0
 11
239.7500000000075
 21
2413.75
 31
0.0
  0
LINE
  5
38A
330
2
100
AcDbEntity
  8
HALFEN
100
AcDbLine
 10
241.2500000000075
 20
2402.75
 30
0.0
 11
241.2500000000075
 21
2413.75
 31
0.0
  0
LINE
  5
38B
330
2
100
AcDbEntity
  8
HALFEN
100
AcDbLine
 10
248.7500000000078
 20
2411.25
 30
0.0
 11
248.7500000000078
 21
2413.75
 31
0.0
  0
LINE
  5
38C
330
2
100
AcDbEntity
  8
HALFEN
100
AcDbLine
 10
247.2500000000078
 20
2411.25
 30
0.0
 11
247.2500000000078
 21
2413.75
 31
0.0
  0
LINE
  5
38D
330
2
100
AcDbEntity
  8
HALFEN
100
AcDbLine
 10
245.7500000000077
 20
2402.75
 30
0.0
 11
245.7500000000077
 21
2413.75
 31
0.0
  0
LINE
  5
38E
330
2
100
AcDbEntity
  8
HALFEN
100
AcDbLine
 10
244.2500000000076
 20
2402.75
 30
0.0
 11
244.2500000000077
 21
2413.75
 31
0.0
  0
LINE
  5
38F
330
2
100
AcDbEntity
  8
HALFEN
100
AcDbLine
 10
242.7500000000076
 20
2402.75
 30
0.0
 11
242.7500000000076
 21
2413.75
 31
0.0
  0
LINE
  5
390
330
2
100
AcDbEntity
  8
HALFEN
100
AcDbLine
 10
248.7500000000078
 20
2378.75
 30
0.0
 11
248.7500000000078
 21
2381.25
 31
0.0
  0
LINE
  5
391
330
2
100
AcDbEntity
  8
HALFEN
100
AcDbLine
 10
247.2500000000077
 20
2378.75
 30
0.0
 11
247.2500000000077
 21
2381.25
 31
0.0
  0
LINE
  5
392
330
2
100
AcDbEntity
  8
HALFEN
100
AcDbLine
 10
245.7500000000077
 20
2378.75
 30
0.0
 11
245.7500000000077
 21
2389.750000000001
 31
0.0
  0
LINE
  5
393
330
2
100
AcDbEntity
  8
HALFEN
100
AcDbLine
 10
239.7500000000075
 20
2378.75
 30
0.0
 11
239.7500000000075
 21
2389.827383710667
 31
0.0
  0
LINE
  5
394
330
2
100
AcDbEntity
  8
HALFEN
100
AcDbLine
 10
241.2500000000075
 20
2378.75
 30
0.0
 11
241.2500000000075
 21
2389.750000000001
 31
0.0
  0
LINE
  5
395
330
2
100
AcDbEntity
  8
HALFEN
100
AcDbLine
 10
244.2500000000076
 20
2378.75
 30
0.0
 11
244.2500000000076
 21
2389.750000000001
 31
0.0
  0
LINE
  5
396
330
2
100
AcDbEntity
  8
HALFEN
100
AcDbLine
 10
242.7500000000076
 20
2378.75
 30
0.0
 11
242.7500000000076
 21
2389.750000000001
 31
0.0
  0
LINE
  5
397
330
2
100
AcDbEntity
  8
HALFEN
100
AcDbLine
 10
246.7499999999994
 20
2381.25
 30
0.0
 11
246.7499999999995
 21
2411.25
 31
0.0
  0
LINE
  5
398
330
2
100
AcDbEntity
  8
HALFEN
100
AcDbLine
 10
260.7500000000032
 20
2334.75
 30
0.0
 11
259.2500000000035
 21
2336.25
 31
0.0
  0
LINE
  5
399
330
2
100
AcDbEntity
  8
HALFEN
100
AcDbLine
 10
253.2500000000041
 20
2336.25
 30
0.0
 11
251.750000000004
 21
2334.75
 31
0.0
  0
LINE
  5
39A
330
2
100
AcDbEntity
  8
HALFEN
100
AcDbLine
 10
251.750000000004
 20
2334.75
 30
0.0
 11
250.2500000000043
 21
2336.25
 31
0.0
  0
LINE
  5
39B
330
2
100
AcDbEntity
  8
HALFEN
100
AcDbLine
 10
257.7500000000035
 20
2334.75
 30
0.0
 11
256.2500000000038
 21
2336.25
 31
0.0
  0
LINE
  5
39C
330
2
100
AcDbEntity
  8
HALFEN
100
AcDbLine
 10
259.2500000000035
 20
2336.25
 30
0.0
 11
257.7500000000034
 21
2334.75
 31
0.0
  0
LINE
  5
39D
330
2
100
AcDbEntity
  8
HALFEN
100
AcDbLine
 10
256.2500000000038
 20
2336.25
 30
0.0
 11
254.7500000000037
 21
2334.75
 31
0.0
  0
LINE
  5
39E
330
2
100
AcDbEntity
  8
HALFEN
100
AcDbLine
 10
254.7500000000038
 20
2334.75
 30
0.0
 11
253.2500000000041
 21
2336.25
 31
0.0
  0
LINE
  5
39F
330
2
100
AcDbEntity
  8
HALFEN
100
AcDbLine
 10
262.2500000000032
 20
2336.25
 30
0.0
 11
260.7500000000031
 21
2334.75
 31
0.0
  0
LINE
  5
3A0
330
2
100
AcDbEntity
  8
HALFEN
  6
MITTE2
 62
     1
100
AcDbLine
 10
261.7499999999994
 20
2344.75
 30
0.0
 11
261.7499999999994
 21
2326.25
 31
0.0
  0
LINE
  5
3A1
330
2
100
AcDbEntity
  8
HALFEN
100
AcDbLine
 10
263.7500000000029
 20
2334.75
 30
0.0
 11
262.2500000000032
 21
2336.25
 31
0.0
  0
LINE
  5
3A2
330
2
100
AcDbEntity
  8
HALFEN
100
AcDbLine
 10
269.7500000000023
 20
2334.75
 30
0.0
 11
268.2500000000026
 21
2336.25
 31
0.0
  0
LINE
  5
3A3
330
2
100
AcDbEntity
  8
HALFEN
100
AcDbLine
 10
265.2500000000029
 20
2336.25
 30
0.0
 11
263.7500000000029
 21
2334.75
 31
0.0
  0
LINE
  5
3A4
330
2
100
AcDbEntity
  8
HALFEN
100
AcDbLine
 10
266.7500000000026
 20
2334.75
 30
0.0
 11
265.2500000000029
 21
2336.25
 31
0.0
  0
LINE
  5
3A5
330
2
100
AcDbEntity
  8
HALFEN
100
AcDbLine
 10
268.2500000000026
 20
2336.25
 30
0.0
 11
266.7500000000026
 21
2334.75
 31
0.0
  0
CIRCLE
  5
3A6
330
2
100
AcDbEntity
  8
HALFEN
100
AcDbCircle
 10
261.7499999999995
 20
2396.25
 30
0.0
 40
6.5
  0
LINE
  5
3A7
330
2
100
AcDbEntity
  8
HALFEN
100
AcDbLine
 10
251.7500000000079
 20
2411.25
 30
0.0
 11
251.750000000008
 21
2413.75
 31
0.0
  0
LINE
  5
3A8
330
2
100
AcDbEntity
  8
HALFEN
100
AcDbLine
 10
250.2500000000079
 20
2411.25
 30
0.0
 11
250.2500000000079
 21
2413.75
 31
0.0
  0
LINE
  5
3A9
330
2
100
AcDbEntity
  8
HALFEN
100
AcDbLine
 10
259.2500000000082
 20
2411.25
 30
0.0
 11
259.2500000000082
 21
2413.75
 31
0.0
  0
LINE
  5
3AA
330
2
100
AcDbEntity
  8
HALFEN
100
AcDbLine
 10
257.7500000000082
 20
2411.25
 30
0.0
 11
257.7500000000082
 21
2413.75
 31
0.0
  0
LINE
  5
3AB
330
2
100
AcDbEntity
  8
HALFEN
100
AcDbLine
 10
256.2500000000081
 20
2411.25
 30
0.0
 11
256.2500000000081
 21
2413.75
 31
0.0
  0
LINE
  5
3AC
330
2
100
AcDbEntity
  8
HALFEN
100
AcDbLine
 10
254.750000000008
 20
2411.25
 30
0.0
 11
254.7500000000081
 21
2413.75
 31
0.0
  0
LINE
  5
3AD
330
2
100
AcDbEntity
  8
HALFEN
100
AcDbLine
 10
253.250000000008
 20
2411.25
 30
0.0
 11
253.250000000008
 21
2413.75
 31
0.0
  0
LINE
  5
3AE
330
2
100
AcDbEntity
  8
HALFEN
100
AcDbLine
 10
259.2500000000082
 20
2378.75
 30
0.0
 11
259.2500000000082
 21
2381.25
 31
0.0
  0
LINE
  5
3AF
330
2
100
AcDbEntity
  8
HALFEN
100
AcDbLine
 10
257.7500000000081
 20
2378.75
 30
0.0
 11
257.7500000000081
 21
2381.25
 31
0.0
  0
LINE
  5
3B0
330
2
100
AcDbEntity
  8
HALFEN
100
AcDbLine
 10
256.2500000000081
 20
2378.75
 30
0.0
 11
256.2500000000081
 21
2381.25
 31
0.0
  0
LINE
  5
3B1
330
2
100
AcDbEntity
  8
HALFEN
100
AcDbLine
 10
254.750000000008
 20
2378.75
 30
0.0
 11
254.750000000008
 21
2381.25
 31
0.0
  0
LINE
  5
3B2
330
2
100
AcDbEntity
  8
HALFEN
100
AcDbLine
 10
253.250000000008
 20
2378.75
 30
0.0
 11
253.250000000008
 21
2381.25
 31
0.0
  0
LINE
  5
3B3
330
2
100
AcDbEntity
  8
HALFEN
100
AcDbLine
 10
251.7500000000079
 20
2378.75
 30
0.0
 11
251.7500000000079
 21
2381.25
 31
0.0
  0
LINE
  5
3B4
330
2
100
AcDbEntity
  8
HALFEN
100
AcDbLine
 10
250.2500000000078
 20
2378.75
 30
0.0
 11
250.2500000000078
 21
2381.25
 31
0.0
  0
LINE
  5
3B5
330
2
100
AcDbEntity
  8
HALFEN
100
AcDbLine
 10
260.7500000000082
 20
2411.25
 30
0.0
 11
260.7500000000083
 21
2413.75
 31
0.0
  0
LINE
  5
3B6
330
2
100
AcDbEntity
  8
HALFEN
100
AcDbLine
 10
269.7500000000086
 20
2411.25
 30
0.0
 11
269.7500000000086
 21
2413.75
 31
0.0
  0
LINE
  5
3B7
330
2
100
AcDbEntity
  8
HALFEN
100
AcDbLine
 10
268.2500000000085
 20
2411.25
 30
0.0
 11
268.2500000000086
 21
2413.75
 31
0.0
  0
LINE
  5
3B8
330
2
100
AcDbEntity
  8
HALFEN
100
AcDbLine
 10
266.7500000000085
 20
2411.25
 30
0.0
 11
266.7500000000085
 21
2413.75
 31
0.0
  0
LINE
  5
3B9
330
2
100
AcDbEntity
  8
HALFEN
100
AcDbLine
 10
265.2500000000085
 20
2411.25
 30
0.0
 11
265.2500000000085
 21
2413.75
 31
0.0
  0
LINE
  5
3BA
330
2
100
AcDbEntity
  8
HALFEN
100
AcDbLine
 10
263.7500000000084
 20
2411.25
 30
0.0
 11
263.7500000000084
 21
2413.75
 31
0.0
  0
LINE
  5
3BB
330
2
100
AcDbEntity
  8
HALFEN
100
AcDbLine
 10
262.2500000000083
 20
2411.25
 30
0.0
 11
262.2500000000083
 21
2413.75
 31
0.0
  0
LINE
  5
3BC
330
2
100
AcDbEntity
  8
HALFEN
100
AcDbLine
 10
269.7500000000086
 20
2378.75
 30
0.0
 11
269.7500000000085
 21
2381.25
 31
0.0
  0
LINE
  5
3BD
330
2
100
AcDbEntity
  8
HALFEN
100
AcDbLine
 10
268.2500000000085
 20
2378.75
 30
0.0
 11
268.2500000000085
 21
2381.25
 31
0.0
  0
LINE
  5
3BE
330
2
100
AcDbEntity
  8
HALFEN
100
AcDbLine
 10
266.7500000000085
 20
2378.75
 30
0.0
 11
266.7500000000085
 21
2381.25
 31
0.0
  0
LINE
  5
3BF
330
2
100
AcDbEntity
  8
HALFEN
100
AcDbLine
 10
265.2500000000084
 20
2378.75
 30
0.0
 11
265.2500000000084
 21
2381.25
 31
0.0
  0
LINE
  5
3C0
330
2
100
AcDbEntity
  8
HALFEN
100
AcDbLine
 10
263.7500000000084
 20
2378.75
 30
0.0
 11
263.7500000000084
 21
2381.25
 31
0.0
  0
LINE
  5
3C1
330
2
100
AcDbEntity
  8
HALFEN
100
AcDbLine
 10
262.2500000000083
 20
2378.75
 30
0.0
 11
262.2500000000083
 21
2381.25
 31
0.0
  0
LINE
  5
3C2
330
2
100
AcDbEntity
  8
HALFEN
100
AcDbLine
 10
260.7500000000082
 20
2378.75
 30
0.0
 11
260.7500000000082
 21
2381.25
 31
0.0
  0
LINE
  5
3C3
330
2
100
AcDbEntity
  8
HALFEN
  6
MITTE2
 62
     1
100
AcDbLine
 10
261.7499999999995
 20
2373.75
 30
0.0
 11
261.7499999999995
 21
2418.75
 31
0.0
  0
LINE
  5
3C4
330
2
100
AcDbEntity
  8
HALFEN
100
AcDbLine
 10
290.7500000000003
 20
2334.75
 30
0.0
 11
289.2500000000006
 21
2336.25
 31
0.0
  0
LINE
  5
3C5
330
2
100
AcDbEntity
  8
HALFEN
100
AcDbLine
 10
280.2500000000015
 20
2336.25
 30
0.0
 11
278.7500000000014
 21
2334.75
 31
0.0
  0
LINE
  5
3C6
330
2
100
AcDbEntity
  8
HALFEN
100
AcDbLine
 10
272.750000000002
 20
2334.75
 30
0.0
 11
271.2500000000023
 21
2336.25
 31
0.0
  0
LINE
  5
3C7
330
2
100
AcDbEntity
  8
HALFEN
100
AcDbLine
 10
276.7499999999994
 20
2339.75
 30
0.0
 11
276.7499999999994
 21
2335.749999999998
 31
0.0
  0
LINE
  5
3C8
330
2
100
AcDbEntity
  8
HALFEN
100
AcDbLine
 10
278.7500000000015
 20
2334.75
 30
0.0
 11
277.2500000000018
 21
2336.25
 31
0.0
  0
LINE
  5
3C9
330
2
100
AcDbEntity
  8
HALFEN
100
AcDbLine
 10
274.2500000000021
 20
2336.25
 30
0.0
 11
272.750000000002
 21
2334.75
 31
0.0
  0
LINE
  5
3CA
330
2
100
AcDbEntity
  8
HALFEN
100
AcDbLine
 10
275.7500000000018
 20
2334.75
 30
0.0
 11
274.2500000000021
 21
2336.25
 31
0.0
  0
LINE
  5
3CB
330
2
100
AcDbEntity
  8
HALFEN
100
AcDbLine
 10
277.2500000000018
 20
2336.25
 30
0.0
 11
275.7500000000017
 21
2334.75
 31
0.0
  0
LINE
  5
3CC
330
2
100
AcDbEntity
  8
HALFEN
100
AcDbLine
 10
283.2500000000012
 20
2336.25
 30
0.0
 11
281.7500000000011
 21
2334.75
 31
0.0
  0
LINE
  5
3CD
330
2
100
AcDbEntity
  8
HALFEN
100
AcDbLine
 10
281.7500000000012
 20
2334.75
 30
0.0
 11
280.2500000000015
 21
2336.25
 31
0.0
  0
LINE
  5
3CE
330
2
100
AcDbEntity
  8
HALFEN
100
AcDbLine
 10
287.7500000000006
 20
2334.75
 30
0.0
 11
286.2500000000009
 21
2336.25
 31
0.0
  0
LINE
  5
3CF
330
2
100
AcDbEntity
  8
HALFEN
100
AcDbLine
 10
284.7500000000009
 20
2334.75
 30
0.0
 11
283.2500000000012
 21
2336.25
 31
0.0
  0
LINE
  5
3D0
330
2
100
AcDbEntity
  8
HALFEN
100
AcDbLine
 10
286.2500000000009
 20
2336.25
 30
0.0
 11
284.7500000000009
 21
2334.75
 31
0.0
  0
LINE
  5
3D1
330
2
100
AcDbEntity
  8
HALFEN
100
AcDbLine
 10
289.2500000000006
 20
2336.25
 30
0.0
 11
287.7500000000006
 21
2334.75
 31
0.0
  0
LINE
  5
3D2
330
2
100
AcDbEntity
  8
HALFEN
100
AcDbLine
 10
276.7499999999994
 20
2402.75
 30
0.0
 11
282.7499999999995
 21
2402.75
 31
0.0
  0
LINE
  5
3D3
330
2
100
AcDbEntity
  8
HALFEN
100
AcDbLine
 10
276.7499999999994
 20
2389.75
 30
0.0
 11
282.7499999999995
 21
2389.75
 31
0.0
  0
LINE
  5
3D4
330
2
100
AcDbEntity
  8
HALFEN
100
AcDbLine
 10
271.2500000000087
 20
2411.25
 30
0.0
 11
271.2500000000087
 21
2413.75
 31
0.0
  0
LINE
  5
3D5
330
2
100
AcDbEntity
  8
HALFEN
100
AcDbLine
 10
275.7500000000089
 20
2411.25
 30
0.0
 11
275.7500000000089
 21
2413.75
 31
0.0
  0
LINE
  5
3D6
330
2
100
AcDbEntity
  8
HALFEN
100
AcDbLine
 10
274.2500000000088
 20
2411.25
 30
0.0
 11
274.2500000000088
 21
2413.75
 31
0.0
  0
LINE
  5
3D7
330
2
100
AcDbEntity
  8
HALFEN
100
AcDbLine
 10
272.7500000000087
 20
2411.25
 30
0.0
 11
272.7500000000087
 21
2413.75
 31
0.0
  0
LINE
  5
3D8
330
2
100
AcDbEntity
  8
HALFEN
100
AcDbLine
 10
278.7500000000035
 20
2402.750000000001
 30
0.0
 11
278.7500000000035
 21
2413.75
 31
0.0
  0
LINE
  5
3D9
330
2
100
AcDbEntity
  8
HALFEN
100
AcDbLine
 10
277.2500000000037
 20
2402.750000000001
 30
0.0
 11
277.2500000000038
 21
2413.75
 31
0.0
  0
LINE
  5
3DA
330
2
100
AcDbEntity
  8
HALFEN
100
AcDbLine
 10
275.7500000000088
 20
2378.75
 30
0.0
 11
275.7500000000088
 21
2381.25
 31
0.0
  0
LINE
  5
3DB
330
2
100
AcDbEntity
  8
HALFEN
100
AcDbLine
 10
274.2500000000088
 20
2378.75
 30
0.0
 11
274.2500000000088
 21
2381.25
 31
0.0
  0
LINE
  5
3DC
330
2
100
AcDbEntity
  8
HALFEN
100
AcDbLine
 10
272.7500000000087
 20
2378.75
 30
0.0
 11
272.7500000000087
 21
2381.25
 31
0.0
  0
LINE
  5
3DD
330
2
100
AcDbEntity
  8
HALFEN
100
AcDbLine
 10
271.2500000000086
 20
2378.75
 30
0.0
 11
271.2500000000086
 21
2381.25
 31
0.0
  0
LINE
  5
3DE
330
2
100
AcDbEntity
  8
HALFEN
100
AcDbLine
 10
278.7500000000034
 20
2378.75
 30
0.0
 11
278.7500000000034
 21
2389.75
 31
0.0
  0
LINE
  5
3DF
330
2
100
AcDbEntity
  8
HALFEN
100
AcDbLine
 10
277.2500000000038
 20
2378.75
 30
0.0
 11
277.2500000000037
 21
2389.75
 31
0.0
  0
LINE
  5
3E0
330
2
100
AcDbEntity
  8
HALFEN
100
AcDbLine
 10
276.7499999999994
 20
2381.25
 30
0.0
 11
276.7499999999995
 21
2411.25
 31
0.0
  0
LINE
  5
3E1
330
2
100
AcDbEntity
  8
HALFEN
100
AcDbLine
 10
281.7500000000029
 20
2402.750000000001
 30
0.0
 11
281.7500000000029
 21
2413.75
 31
0.0
  0
LINE
  5
3E2
330
2
100
AcDbEntity
  8
HALFEN
100
AcDbLine
 10
280.2500000000031
 20
2402.750000000001
 30
0.0
 11
280.2500000000032
 21
2413.75
 31
0.0
  0
LINE
  5
3E3
330
2
100
AcDbEntity
  8
HALFEN
100
AcDbLine
 10
287.7500000000017
 20
2400.403311931456
 30
0.0
 11
287.7500000000018
 21
2413.75
 31
0.0
  0
LINE
  5
3E4
330
2
100
AcDbEntity
  8
HALFEN
100
AcDbLine
 10
283.2500000000026
 20
2402.730740698408
 30
0.0
 11
283.2500000000026
 21
2413.75
 31
0.0
  0
LINE
  5
3E5
330
2
100
AcDbEntity
  8
HALFEN
100
AcDbLine
 10
284.7500000000023
 20
2402.434658438426
 30
0.0
 11
284.7500000000023
 21
2413.75
 31
0.0
  0
LINE
  5
3E6
330
2
100
AcDbEntity
  8
HALFEN
100
AcDbLine
 10
286.250000000002
 20
2401.72722557505
 30
0.0
 11
286.2500000000021
 21
2413.75
 31
0.0
  0
ARC
  5
3E7
330
2
100
AcDbEntity
  8
HALFEN
100
AcDbCircle
 10
282.7499999999995
 20
2396.25
 30
0.0
 40
6.5
100
AcDbArc
 50
270.0
 51
90.0
  0
LINE
  5
3E8
330
2
100
AcDbEntity
  8
HALFEN
100
AcDbLine
 10
289.2500000000014
 20
2378.75
 30
0.0
 11
289.2500000000014
 21
2413.75
 31
0.0
  0
LINE
  5
3E9
330
2
100
AcDbEntity
  8
HALFEN
100
AcDbLine
 10
287.7500000000017
 20
2378.75
 30
0.0
 11
287.7500000000017
 21
2392.096688068544
 31
0.0
  0
LINE
  5
3EA
330
2
100
AcDbEntity
  8
HALFEN
100
AcDbLine
 10
281.7500000000028
 20
2378.75
 30
0.0
 11
281.7500000000028
 21
2389.75
 31
0.0
  0
LINE
  5
3EB
330
2
100
AcDbEntity
  8
HALFEN
100
AcDbLine
 10
280.2500000000031
 20
2378.75
 30
0.0
 11
280.2500000000031
 21
2389.75
 31
0.0
  0
LINE
  5
3EC
330
2
100
AcDbEntity
  8
HALFEN
100
AcDbLine
 10
283.2500000000026
 20
2378.75
 30
0.0
 11
283.2500000000026
 21
2389.769259301592
 31
0.0
  0
LINE
  5
3ED
330
2
100
AcDbEntity
  8
HALFEN
100
AcDbLine
 10
284.7500000000023
 20
2378.75
 30
0.0
 11
284.7500000000023
 21
2390.065341561574
 31
0.0
  0
LINE
  5
3EE
330
2
100
AcDbEntity
  8
HALFEN
100
AcDbLine
 10
286.250000000002
 20
2378.75
 30
0.0
 11
286.250000000002
 21
2390.77277442495
 31
0.0
  0
LINE
  5
3EF
330
2
100
AcDbEntity
  8
HALFEN
100
AcDbLine
 10
301.2499999999995
 20
2336.25
 30
0.0
 11
299.7499999999994
 21
2334.75
 31
0.0
  0
LINE
  5
3F0
330
2
100
AcDbEntity
  8
HALFEN
100
AcDbLine
 10
293.75
 20
2334.75
 30
0.0
 11
292.2500000000003
 21
2336.25
 31
0.0
  0
LINE
  5
3F1
330
2
100
AcDbEntity
  8
HALFEN
100
AcDbLine
 10
292.2500000000003
 20
2336.25
 30
0.0
 11
290.7500000000003
 21
2334.75
 31
0.0
  0
LINE
  5
3F2
330
2
100
AcDbEntity
  8
HALFEN
100
AcDbLine
 10
295.25
 20
2336.25
 30
0.0
 11
293.75
 21
2334.75
 31
0.0
  0
LINE
  5
3F3
330
2
100
AcDbEntity
  8
HALFEN
100
AcDbLine
 10
296.7499999999997
 20
2334.75
 30
0.0
 11
295.25
 21
2336.25
 31
0.0
  0
LINE
  5
3F4
330
2
100
AcDbEntity
  8
HALFEN
100
AcDbLine
 10
298.2499999999998
 20
2336.25
 30
0.0
 11
296.7499999999997
 21
2334.75
 31
0.0
  0
LINE
  5
3F5
330
2
100
AcDbEntity
  8
HALFEN
100
AcDbLine
 10
299.7499999999995
 20
2334.75
 30
0.0
 11
298.2499999999998
 21
2336.25
 31
0.0
  0
LINE
  5
3F6
330
2
100
AcDbEntity
  8
HALFEN
100
AcDbLine
 10
301.2499999999995
 20
2336.25
 30
0.0
 11
301.2499999999995
 21
2331.25
 31
0.0
  0
LINE
  5
3F7
330
2
100
AcDbEntity
  8
HALFEN
100
AcDbLine
 10
292.2500000000009
 20
2378.75
 30
0.0
 11
292.2500000000009
 21
2413.75
 31
0.0
  0
LINE
  5
3F8
330
2
100
AcDbEntity
  8
HALFEN
100
AcDbLine
 10
290.7500000000012
 20
2378.75
 30
0.0
 11
290.7500000000011
 21
2413.75
 31
0.0
  0
LINE
  5
3F9
330
2
100
AcDbEntity
  8
HALFEN
100
AcDbLine
 10
299.7499999999995
 20
2378.75
 30
0.0
 11
299.7499999999995
 21
2413.75
 31
0.0
  0
LINE
  5
3FA
330
2
100
AcDbEntity
  8
HALFEN
100
AcDbLine
 10
298.2499999999997
 20
2378.75
 30
0.0
 11
298.2499999999997
 21
2413.75
 31
0.0
  0
LINE
  5
3FB
330
2
100
AcDbEntity
  8
HALFEN
100
AcDbLine
 10
296.75
 20
2378.75
 30
0.0
 11
296.75
 21
2413.75
 31
0.0
  0
LINE
  5
3FC
330
2
100
AcDbEntity
  8
HALFEN
100
AcDbLine
 10
295.2500000000003
 20
2378.75
 30
0.0
 11
295.2500000000003
 21
2413.75
 31
0.0
  0
LINE
  5
3FD
330
2
100
AcDbEntity
  8
HALFEN
100
AcDbLine
 10
293.7500000000006
 20
2378.75
 30
0.0
 11
293.7500000000006
 21
2413.75
 31
0.0
  0
LINE
  5
3FE
330
2
100
AcDbEntity
  8
HALFEN
100
AcDbLine
 10
301.2499999999995
 20
2378.75
 30
0.0
 11
301.2499999999995
 21
2413.75
 31
0.0
  0
LINE
  5
3FF
330
2
100
AcDbEntity
  8
HALFEN
100
AcDbLine
 10
227.2499999999995
 20
2436.25
 30
0.0
 11
227.2499999999995
 21
2456.25
 31
0.0
  0
ARC
  5
400
330
2
100
AcDbEntity
  8
HALFEN
100
AcDbCircle
 10
264.7499999999995
 20
2876.25
 30
0.0
 40
6.0
100
AcDbArc
 50
125.6853347126515
 51
234.3146652873485
  0
POLYLINE
  5
401
330
2
100
AcDbEntity
  8
HALFEN
100
AcDb2dPolyline
 66
     1
 10
0.0
 20
0.0
 30
0.0
  0
VERTEX
  5
402
330
401
100
AcDbEntity
  8
HALFEN
100
AcDbVertex
100
AcDb2dVertex
 10
261.2499999999995
 20
2884.62157890325
 30
0.0
  0
VERTEX
  5
403
330
401
100
AcDbEntity
  8
HALFEN
100
AcDbVertex
100
AcDb2dVertex
 10
255.7499999999994
 20
2881.446152422707
 30
0.0
  0
VERTEX
  5
404
330
401
100
AcDbEntity
  8
HALFEN
100
AcDbVertex
100
AcDb2dVertex
 10
255.7499999999994
 20
2871.053847577293
 30
0.0
  0
SEQEND
  5
405
330
401
100
AcDbEntity
  8
HALFEN
  0
POLYLINE
  5
406
330
2
100
AcDbEntity
  8
HALFEN
100
AcDb2dPolyline
 66
     1
 10
0.0
 20
0.0
 30
0.0
  0
VERTEX
  5
407
330
406
100
AcDbEntity
  8
HALFEN
100
AcDbVertex
100
AcDb2dVertex
 10
255.7499999999994
 20
2871.053847577293
 30
0.0
  0
VERTEX
  5
408
330
406
100
AcDbEntity
  8
HALFEN
100
AcDbVertex
100
AcDb2dVertex
 10
261.2499999999995
 20
2867.878421096751
 30
0.0
  0
SEQEND
  5
409
330
406
100
AcDbEntity
  8
HALFEN
  0
ARC
  5
40A
330
2
100
AcDbEntity
  8
HALFEN
100
AcDbCircle
 10
291.7499999999994
 20
2716.25
 30
0.0
 40
15.0
100
AcDbArc
 50
103.4933988215516
 51
256.5066011784484
  0
LINE
  5
40B
330
2
100
AcDbEntity
  8
HALFEN
  6
MITTE2
 62
     1
100
AcDbLine
 10
276.7499999999994
 20
2716.25
 30
0.0
 11
306.7499999999995
 21
2716.25
 31
0.0
  0
POLYLINE
  5
40C
330
2
100
AcDbEntity
  8
HALFEN
100
AcDb2dPolyline
 66
     1
 10
0.0
 20
0.0
 30
0.0
  0
VERTEX
  5
40D
330
40C
100
AcDbEntity
  8
HALFEN
100
AcDbVertex
100
AcDb2dVertex
 10
300.7499999999994
 20
2711.053847577293
 30
0.0
  0
VERTEX
  5
40E
330
40C
100
AcDbEntity
  8
HALFEN
100
AcDbVertex
100
AcDb2dVertex
 10
296.7499999999994
 20
2708.744446500538
 30
0.0
  0
SEQEND
  5
40F
330
40C
100
AcDbEntity
  8
HALFEN
  0
POLYLINE
  5
410
330
2
100
AcDbEntity
  8
HALFEN
100
AcDb2dPolyline
 66
     1
 10
0.0
 20
0.0
 30
0.0
  0
VERTEX
  5
411
330
410
100
AcDbEntity
  8
HALFEN
100
AcDbVertex
100
AcDb2dVertex
 10
296.7499999999994
 20
2723.755553499463
 30
0.0
  0
VERTEX
  5
412
330
410
100
AcDbEntity
  8
HALFEN
100
AcDbVertex
100
AcDb2dVertex
 10
300.7499999999994
 20
2721.446152422707
 30
0.0
  0
VERTEX
  5
413
330
410
100
AcDbEntity
  8
HALFEN
100
AcDbVertex
100
AcDb2dVertex
 10
300.7499999999994
 20
2711.053847577293
 30
0.0
  0
SEQEND
  5
414
330
410
100
AcDbEntity
  8
HALFEN
  0
ARC
  5
415
330
2
100
AcDbEntity
  8
HALFEN
100
AcDbCircle
 10
291.7499999999994
 20
2716.25
 30
0.0
 40
9.0
100
AcDbArc
 50
303.748988595888
 51
56.25101140411199
  0
ARC
  5
416
330
2
100
AcDbEntity
  8
HALFEN
100
AcDbCircle
 10
291.7499999999994
 20
2716.25
 30
0.0
 40
5.999999999999545
100
AcDbArc
 50
326.4426902380786
 51
33.5573097619142
  0
ARC
  5
417
330
2
100
AcDbEntity
  8
HALFEN
100
AcDbCircle
 10
288.2499999999995
 20
2716.25
 30
0.0
 40
15.0
100
AcDbArc
 50
304.5181078410613
 51
55.48189215893876
  0
LINE
  5
418
330
2
100
AcDbEntity
  8
HALFEN
100
AcDbLine
 10
288.2499999999995
 20
2731.25
 30
0.0
 11
291.7499999999995
 21
2731.250000000001
 31
0.0
  0
LINE
  5
419
330
2
100
AcDbEntity
  8
HALFEN
100
AcDbLine
 10
288.2499999999995
 20
2701.25
 30
0.0
 11
291.7499999999995
 21
2701.25
 31
0.0
  0
POLYLINE
  5
41A
330
2
100
AcDbEntity
  8
HALFEN
100
AcDb2dPolyline
 66
     1
 10
0.0
 20
0.0
 30
0.0
  0
VERTEX
  5
41B
330
41A
100
AcDbEntity
  8
HALFEN
100
AcDbVertex
100
AcDb2dVertex
 10
282.7499999999994
 20
2711.053847577293
 30
0.0
  0
VERTEX
  5
41C
330
41A
100
AcDbEntity
  8
HALFEN
100
AcDbVertex
100
AcDb2dVertex
 10
288.2499999999995
 20
2707.87842109675
 30
0.0
  0
SEQEND
  5
41D
330
41A
100
AcDbEntity
  8
HALFEN
  0
POLYLINE
  5
41E
330
2
100
AcDbEntity
  8
HALFEN
100
AcDb2dPolyline
 66
     1
 10
0.0
 20
0.0
 30
0.0
  0
VERTEX
  5
41F
330
41E
100
AcDbEntity
  8
HALFEN
100
AcDbVertex
100
AcDb2dVertex
 10
288.2499999999995
 20
2724.62157890325
 30
0.0
  0
VERTEX
  5
420
330
41E
100
AcDbEntity
  8
HALFEN
100
AcDbVertex
100
AcDb2dVertex
 10
282.7499999999994
 20
2721.446152422707
 30
0.0
  0
VERTEX
  5
421
330
41E
100
AcDbEntity
  8
HALFEN
100
AcDbVertex
100
AcDb2dVertex
 10
282.7499999999994
 20
2711.053847577293
 30
0.0
  0
SEQEND
  5
422
330
41E
100
AcDbEntity
  8
HALFEN
  0
ARC
  5
423
330
2
100
AcDbEntity
  8
HALFEN
100
AcDbCircle
 10
291.7499999999994
 20
2716.25
 30
0.0
 40
9.0
100
AcDbArc
 50
112.8853804761577
 51
247.1146195238423
  0
ARC
  5
424
330
2
100
AcDbEntity
  8
HALFEN
100
AcDbCircle
 10
291.7499999999994
 20
2716.25
 30
0.0
 40
4.926500000000032
100
AcDbArc
 50
135.2710127780864
 51
224.7289872219136
  0
ARC
  5
425
330
2
100
AcDbEntity
  8
HALFEN
100
AcDbCircle
 10
291.7499999999995
 20
2716.25
 30
0.0
 40
6.0
100
AcDbArc
 50
125.6853347126515
 51
234.3146652873485
  0
LINE
  5
426
330
2
100
AcDbEntity
  8
HALFEN
100
AcDbLine
 10
288.2499999999995
 20
2701.25
 30
0.0
 11
288.2499999999995
 21
2731.25
 31
0.0
  0
LINE
  5
427
330
2
100
AcDbEntity
  8
HALFEN
100
AcDbLine
 10
296.7499999999994
 20
2733.750000000001
 30
0.0
 11
291.7499999999995
 21
2733.750000000001
 31
0.0
  0
LINE
  5
428
330
2
100
AcDbEntity
  8
HALFEN
100
AcDbLine
 10
291.7499999999994
 20
2698.75
 30
0.0
 11
296.7499999999994
 21
2698.75
 31
0.0
  0
LINE
  5
429
330
2
100
AcDbEntity
  8
HALFEN
100
AcDbLine
 10
291.7499999999994
 20
2698.75
 30
0.0
 11
291.7499999999995
 21
2733.750000000001
 31
0.0
  0
LINE
  5
42A
330
2
100
AcDbEntity
  8
HALFEN
100
AcDbLine
 10
296.7499999999994
 20
2698.75
 30
0.0
 11
296.7499999999994
 21
2733.750000000001
 31
0.0
  0
ARC
  5
42B
330
2
100
AcDbEntity
  8
HALFEN
100
AcDbCircle
 10
316.7499999999994
 20
2556.25
 30
0.0
 40
15.0
100
AcDbArc
 50
103.4933988215516
 51
256.5066011784484
  0
LINE
  5
42C
330
2
100
AcDbEntity
  8
HALFEN
  6
MITTE2
 62
     1
100
AcDbLine
 10
301.7499999999994
 20
2556.25
 30
0.0
 11
331.7499999999995
 21
2556.25
 31
0.0
  0
POLYLINE
  5
42D
330
2
100
AcDbEntity
  8
HALFEN
100
AcDb2dPolyline
 66
     1
 10
0.0
 20
0.0
 30
0.0
  0
VERTEX
  5
42E
330
42D
100
AcDbEntity
  8
HALFEN
100
AcDbVertex
100
AcDb2dVertex
 10
325.7499999999994
 20
2551.053847577293
 30
0.0
  0
VERTEX
  5
42F
330
42D
100
AcDbEntity
  8
HALFEN
100
AcDbVertex
100
AcDb2dVertex
 10
321.7499999999994
 20
2548.744446500537
 30
0.0
  0
SEQEND
  5
430
330
42D
100
AcDbEntity
  8
HALFEN
  0
POLYLINE
  5
431
330
2
100
AcDbEntity
  8
HALFEN
100
AcDb2dPolyline
 66
     1
 10
0.0
 20
0.0
 30
0.0
  0
VERTEX
  5
432
330
431
100
AcDbEntity
  8
HALFEN
100
AcDbVertex
100
AcDb2dVertex
 10
321.7499999999994
 20
2563.755553499463
 30
0.0
  0
VERTEX
  5
433
330
431
100
AcDbEntity
  8
HALFEN
100
AcDbVertex
100
AcDb2dVertex
 10
325.7499999999994
 20
2561.446152422707
 30
0.0
  0
VERTEX
  5
434
330
431
100
AcDbEntity
  8
HALFEN
100
AcDbVertex
100
AcDb2dVertex
 10
325.7499999999994
 20
2551.053847577293
 30
0.0
  0
SEQEND
  5
435
330
431
100
AcDbEntity
  8
HALFEN
  0
ARC
  5
436
330
2
100
AcDbEntity
  8
HALFEN
100
AcDbCircle
 10
316.7499999999994
 20
2556.25
 30
0.0
 40
9.0
100
AcDbArc
 50
303.748988595888
 51
56.25101140411199
  0
ARC
  5
437
330
2
100
AcDbEntity
  8
HALFEN
100
AcDbCircle
 10
316.7499999999994
 20
2556.25
 30
0.0
 40
5.999999999999545
100
AcDbArc
 50
326.4426902380786
 51
33.5573097619142
  0
ARC
  5
438
330
2
100
AcDbEntity
  8
HALFEN
100
AcDbCircle
 10
313.2499999999995
 20
2556.25
 30
0.0
 40
15.0
100
AcDbArc
 50
304.5181078410613
 51
55.48189215893876
  0
LINE
  5
439
330
2
100
AcDbEntity
  8
HALFEN
100
AcDbLine
 10
313.2499999999995
 20
2571.25
 30
0.0
 11
316.7499999999995
 21
2571.250000000001
 31
0.0
  0
LINE
  5
43A
330
2
100
AcDbEntity
  8
HALFEN
100
AcDbLine
 10
313.2499999999995
 20
2541.25
 30
0.0
 11
316.7499999999995
 21
2541.25
 31
0.0
  0
POLYLINE
  5
43B
330
2
100
AcDbEntity
  8
HALFEN
100
AcDb2dPolyline
 66
     1
 10
0.0
 20
0.0
 30
0.0
  0
VERTEX
  5
43C
330
43B
100
AcDbEntity
  8
HALFEN
100
AcDbVertex
100
AcDb2dVertex
 10
307.7499999999994
 20
2551.053847577293
 30
0.0
  0
VERTEX
  5
43D
330
43B
100
AcDbEntity
  8
HALFEN
100
AcDbVertex
100
AcDb2dVertex
 10
313.2499999999995
 20
2547.87842109675
 30
0.0
  0
SEQEND
  5
43E
330
43B
100
AcDbEntity
  8
HALFEN
  0
POLYLINE
  5
43F
330
2
100
AcDbEntity
  8
HALFEN
100
AcDb2dPolyline
 66
     1
 10
0.0
 20
0.0
 30
0.0
  0
VERTEX
  5
440
330
43F
100
AcDbEntity
  8
HALFEN
100
AcDbVertex
100
AcDb2dVertex
 10
313.2499999999995
 20
2564.62157890325
 30
0.0
  0
VERTEX
  5
441
330
43F
100
AcDbEntity
  8
HALFEN
100
AcDbVertex
100
AcDb2dVertex
 10
307.7499999999994
 20
2561.446152422707
 30
0.0
  0
VERTEX
  5
442
330
43F
100
AcDbEntity
  8
HALFEN
100
AcDbVertex
100
AcDb2dVertex
 10
307.7499999999994
 20
2551.053847577293
 30
0.0
  0
SEQEND
  5
443
330
43F
100
AcDbEntity
  8
HALFEN
  0
ARC
  5
444
330
2
100
AcDbEntity
  8
HALFEN
100
AcDbCircle
 10
316.7499999999994
 20
2556.25
 30
0.0
 40
9.0
100
AcDbArc
 50
112.8853804761577
 51
247.1146195238423
  0
ARC
  5
445
330
2
100
AcDbEntity
  8
HALFEN
100
AcDbCircle
 10
316.7499999999994
 20
2556.25
 30
0.0
 40
4.926500000000032
100
AcDbArc
 50
135.2710127780864
 51
224.7289872219136
  0
ARC
  5
446
330
2
100
AcDbEntity
  8
HALFEN
100
AcDbCircle
 10
316.7499999999995
 20
2556.25
 30
0.0
 40
6.0
100
AcDbArc
 50
125.6853347126515
 51
234.3146652873485
  0
LINE
  5
447
330
2
100
AcDbEntity
  8
HALFEN
100
AcDbLine
 10
313.2499999999995
 20
2541.25
 30
0.0
 11
313.2499999999995
 21
2571.25
 31
0.0
  0
LINE
  5
448
330
2
100
AcDbEntity
  8
HALFEN
100
AcDbLine
 10
321.7499999999994
 20
2573.75
 30
0.0
 11
316.7499999999995
 21
2573.75
 31
0.0
  0
LINE
  5
449
330
2
100
AcDbEntity
  8
HALFEN
100
AcDbLine
 10
316.7499999999994
 20
2538.75
 30
0.0
 11
321.7499999999994
 21
2538.75
 31
0.0
  0
LINE
  5
44A
330
2
100
AcDbEntity
  8
HALFEN
100
AcDbLine
 10
316.7499999999994
 20
2538.75
 30
0.0
 11
316.7499999999995
 21
2573.75
 31
0.0
  0
LINE
  5
44B
330
2
100
AcDbEntity
  8
HALFEN
100
AcDbLine
 10
321.7499999999994
 20
2538.75
 30
0.0
 11
321.7499999999994
 21
2573.75
 31
0.0
  0
ARC
  5
44C
330
2
100
AcDbEntity
  8
HALFEN
100
AcDbCircle
 10
339.7499999999994
 20
2396.25
 30
0.0
 40
15.0
100
AcDbArc
 50
103.4933988215516
 51
256.5066011784484
  0
LINE
  5
44D
330
2
100
AcDbEntity
  8
HALFEN
  6
MITTE2
 62
     1
100
AcDbLine
 10
324.7499999999994
 20
2396.25
 30
0.0
 11
354.7499999999994
 21
2396.25
 31
0.0
  0
POLYLINE
  5
44E
330
2
100
AcDbEntity
  8
HALFEN
100
AcDb2dPolyline
 66
     1
 10
0.0
 20
0.0
 30
0.0
  0
VERTEX
  5
44F
330
44E
100
AcDbEntity
  8
HALFEN
100
AcDbVertex
100
AcDb2dVertex
 10
348.7499999999994
 20
2391.053847577294
 30
0.0
  0
VERTEX
  5
450
330
44E
100
AcDbEntity
  8
HALFEN
100
AcDbVertex
100
AcDb2dVertex
 10
344.7499999999994
 20
2388.744446500537
 30
0.0
  0
SEQEND
  5
451
330
44E
100
AcDbEntity
  8
HALFEN
  0
POLYLINE
  5
452
330
2
100
AcDbEntity
  8
HALFEN
100
AcDb2dPolyline
 66
     1
 10
0.0
 20
0.0
 30
0.0
  0
VERTEX
  5
453
330
452
100
AcDbEntity
  8
HALFEN
100
AcDbVertex
100
AcDb2dVertex
 10
344.7499999999994
 20
2403.755553499463
 30
0.0
  0
VERTEX
  5
454
330
452
100
AcDbEntity
  8
HALFEN
100
AcDbVertex
100
AcDb2dVertex
 10
348.7499999999994
 20
2401.446152422707
 30
0.0
  0
VERTEX
  5
455
330
452
100
AcDbEntity
  8
HALFEN
100
AcDbVertex
100
AcDb2dVertex
 10
348.7499999999994
 20
2391.053847577294
 30
0.0
  0
SEQEND
  5
456
330
452
100
AcDbEntity
  8
HALFEN
  0
ARC
  5
457
330
2
100
AcDbEntity
  8
HALFEN
100
AcDbCircle
 10
339.7499999999994
 20
2396.250000000001
 30
0.0
 40
9.0
100
AcDbArc
 50
303.748988595888
 51
56.25101140411199
  0
ARC
  5
458
330
2
100
AcDbEntity
  8
HALFEN
100
AcDbCircle
 10
339.7499999999994
 20
2396.250000000001
 30
0.0
 40
5.999999999999545
100
AcDbArc
 50
326.4426902380786
 51
33.5573097619142
  0
ARC
  5
459
330
2
100
AcDbEntity
  8
HALFEN
100
AcDbCircle
 10
336.2499999999995
 20
2396.25
 30
0.0
 40
15.0
100
AcDbArc
 50
304.5181078410613
 51
55.48189215893876
  0
LINE
  5
45A
330
2
100
AcDbEntity
  8
HALFEN
100
AcDbLine
 10
336.2499999999995
 20
2411.25
 30
0.0
 11
339.7499999999995
 21
2411.250000000001
 31
0.0
  0
LINE
  5
45B
330
2
100
AcDbEntity
  8
HALFEN
100
AcDbLine
 10
336.2499999999995
 20
2381.25
 30
0.0
 11
339.7499999999995
 21
2381.25
 31
0.0
  0
POLYLINE
  5
45C
330
2
100
AcDbEntity
  8
HALFEN
100
AcDb2dPolyline
 66
     1
 10
0.0
 20
0.0
 30
0.0
  0
VERTEX
  5
45D
330
45C
100
AcDbEntity
  8
HALFEN
100
AcDbVertex
100
AcDb2dVertex
 10
330.7499999999994
 20
2391.053847577294
 30
0.0
  0
VERTEX
  5
45E
330
45C
100
AcDbEntity
  8
HALFEN
100
AcDbVertex
100
AcDb2dVertex
 10
336.2499999999995
 20
2387.87842109675
 30
0.0
  0
SEQEND
  5
45F
330
45C
100
AcDbEntity
  8
HALFEN
  0
POLYLINE
  5
460
330
2
100
AcDbEntity
  8
HALFEN
100
AcDb2dPolyline
 66
     1
 10
0.0
 20
0.0
 30
0.0
  0
VERTEX
  5
461
330
460
100
AcDbEntity
  8
HALFEN
100
AcDbVertex
100
AcDb2dVertex
 10
336.2499999999995
 20
2404.621578903249
 30
0.0
  0
VERTEX
  5
462
330
460
100
AcDbEntity
  8
HALFEN
100
AcDbVertex
100
AcDb2dVertex
 10
330.7499999999994
 20
2401.446152422707
 30
0.0
  0
VERTEX
  5
463
330
460
100
AcDbEntity
  8
HALFEN
100
AcDbVertex
100
AcDb2dVertex
 10
330.7499999999994
 20
2391.053847577294
 30
0.0
  0
SEQEND
  5
464
330
460
100
AcDbEntity
  8
HALFEN
  0
ARC
  5
465
330
2
100
AcDbEntity
  8
HALFEN
100
AcDbCircle
 10
339.7499999999994
 20
2396.250000000001
 30
0.0
 40
9.0
100
AcDbArc
 50
112.8853804761577
 51
247.1146195238423
  0
ARC
  5
466
330
2
100
AcDbEntity
  8
HALFEN
100
AcDbCircle
 10
339.7499999999994
 20
2396.25
 30
0.0
 40
4.926500000000032
100
AcDbArc
 50
135.2710127780864
 51
224.7289872219136
  0
ARC
  5
467
330
2
100
AcDbEntity
  8
HALFEN
100
AcDbCircle
 10
339.7499999999995
 20
2396.25
 30
0.0
 40
6.0
100
AcDbArc
 50
125.6853347126515
 51
234.3146652873485
  0
LINE
  5
468
330
2
100
AcDbEntity
  8
HALFEN
100
AcDbLine
 10
336.2499999999995
 20
2381.25
 30
0.0
 11
336.2499999999995
 21
2411.25
 31
0.0
  0
LINE
  5
469
330
2
100
AcDbEntity
  8
HALFEN
100
AcDbLine
 10
344.7499999999994
 20
2413.75
 30
0.0
 11
339.7499999999995
 21
2413.75
 31
0.0
  0
LINE
  5
46A
330
2
100
AcDbEntity
  8
HALFEN
100
AcDbLine
 10
339.7499999999994
 20
2378.75
 30
0.0
 11
344.7499999999994
 21
2378.75
 31
0.0
  0
LINE
  5
46B
330
2
100
AcDbEntity
  8
HALFEN
100
AcDbLine
 10
339.7499999999994
 20
2378.75
 30
0.0
 11
339.7499999999995
 21
2413.75
 31
0.0
  0
LINE
  5
46C
330
2
100
AcDbEntity
  8
HALFEN
100
AcDbLine
 10
344.7499999999994
 20
2378.75
 30
0.0
 11
344.7499999999994
 21
2413.75
 31
0.0
  0
LINE
  5
46D
330
2
100
AcDbEntity
  8
HALFEN
100
AcDbLine
 10
77.24999999999804
 20
2822.625
 30
0.0
 11
77.24999999999804
 21
2809.875
 31
0.0
  0
LINE
  5
46E
330
2
100
AcDbEntity
  8
HALFEN
100
AcDbLine
 10
86.24999999999804
 20
2822.625
 30
0.0
 11
86.24999999999804
 21
2809.875
 31
0.0
  0
LINE
  5
46F
330
2
100
AcDbEntity
  8
HALFEN
100
AcDbLine
 10
84.24999999999803
 20
2822.625
 30
0.0
 11
84.24999999999803
 21
2809.875
 31
0.0
  0
LINE
  5
470
330
2
100
AcDbEntity
  8
HALFEN
100
AcDbLine
 10
86.24999999999804
 20
2809.875
 30
0.0
 11
77.24999999999804
 21
2809.875
 31
0.0
  0
LINE
  5
471
330
2
100
AcDbEntity
  8
HALFEN
100
AcDbLine
 10
77.24999999999946
 20
2860.75
 30
0.0
 11
77.24999999999946
 21
2891.75
 31
0.0
  0
LINE
  5
472
330
2
100
AcDbEntity
  8
HALFEN
100
AcDbLine
 10
86.24999999999946
 20
2884.0
 30
0.0
 11
86.24999999999946
 21
2868.5
 31
0.0
  0
LINE
  5
473
330
2
100
AcDbEntity
  8
HALFEN
100
AcDbLine
 10
86.24999999999946
 20
2868.5
 30
0.0
 11
84.24999999999945
 21
2868.5
 31
0.0
  0
LINE
  5
474
330
2
100
AcDbEntity
  8
HALFEN
100
AcDbLine
 10
84.24999999999945
 20
2868.5
 30
0.0
 11
84.24999999999945
 21
2860.75
 31
0.0
  0
LINE
  5
475
330
2
100
AcDbEntity
  8
HALFEN
100
AcDbLine
 10
84.24999999999945
 20
2860.75
 30
0.0
 11
77.24999999999946
 21
2860.75
 31
0.0
  0
LINE
  5
476
330
2
100
AcDbEntity
  8
HALFEN
100
AcDbLine
 10
86.24999999999804
 20
2822.625
 30
0.0
 11
77.24999999999804
 21
2822.625
 31
0.0
  0
LINE
  5
477
330
2
100
AcDbEntity
  8
HALFEN
100
AcDbLine
 10
86.24999999999946
 20
2884.0
 30
0.0
 11
84.24999999999945
 21
2884.0
 31
0.0
  0
LINE
  5
478
330
2
100
AcDbEntity
  8
HALFEN
100
AcDbLine
 10
84.24999999999945
 20
2891.75
 30
0.0
 11
84.24999999999945
 21
2884.0
 31
0.0
  0
LINE
  5
479
330
2
100
AcDbEntity
  8
HALFEN
100
AcDbLine
 10
77.24999999999946
 20
2891.75
 30
0.0
 11
84.24999999999945
 21
2891.75
 31
0.0
  0
LINE
  5
47A
330
2
100
AcDbEntity
  8
HALFEN
100
AcDbLine
 10
86.24999999999804
 20
2649.875
 30
0.0
 11
77.24999999999804
 21
2649.875
 31
0.0
  0
LINE
  5
47B
330
2
100
AcDbEntity
  8
HALFEN
100
AcDbLine
 10
86.24999999999804
 20
2662.625
 30
0.0
 11
77.24999999999804
 21
2662.625
 31
0.0
  0
LINE
  5
47C
330
2
100
AcDbEntity
  8
HALFEN
100
AcDbLine
 10
77.24999999999804
 20
2662.625
 30
0.0
 11
77.24999999999804
 21
2649.875
 31
0.0
  0
LINE
  5
47D
330
2
100
AcDbEntity
  8
HALFEN
100
AcDbLine
 10
87.24999999999804
 20
2650.250000000001
 30
0.0
 11
86.24999999999806
 21
2650.25
 31
0.0
  0
LINE
  5
47E
330
2
100
AcDbEntity
  8
HALFEN
 62
     1
100
AcDbLine
 10
87.24999999999804
 20
2651.3235
 30
0.0
 11
86.24999999999806
 21
2651.3235
 31
0.0
  0
LINE
  5
47F
330
2
100
AcDbEntity
  8
HALFEN
100
AcDbLine
 10
87.24999999999804
 20
2662.250000000001
 30
0.0
 11
86.24999999999804
 21
2662.250000000001
 31
0.0
  0
LINE
  5
480
330
2
100
AcDbEntity
  8
HALFEN
 62
     1
100
AcDbLine
 10
87.24999999999804
 20
2661.1765
 30
0.0
 11
86.24999999999806
 21
2661.176500000001
 31
0.0
  0
LINE
  5
481
330
2
100
AcDbEntity
  8
HALFEN
100
AcDbLine
 10
86.24999999999804
 20
2662.625
 30
0.0
 11
86.24999999999804
 21
2649.875
 31
0.0
  0
LINE
  5
482
330
2
100
AcDbEntity
  8
HALFEN
100
AcDbLine
 10
84.24999999999803
 20
2662.625
 30
0.0
 11
84.24999999999803
 21
2649.875
 31
0.0
  0
LINE
  5
483
330
2
100
AcDbEntity
  8
HALFEN
100
AcDbLine
 10
77.24999999999946
 20
2731.75
 30
0.0
 11
84.24999999999945
 21
2731.75
 31
0.0
  0
LINE
  5
484
330
2
100
AcDbEntity
  8
HALFEN
100
AcDbLine
 10
84.24999999999945
 20
2700.75
 30
0.0
 11
77.24999999999946
 21
2700.75
 31
0.0
  0
LINE
  5
485
330
2
100
AcDbEntity
  8
HALFEN
100
AcDbLine
 10
77.24999999999946
 20
2700.75
 30
0.0
 11
77.24999999999946
 21
2731.75
 31
0.0
  0
LINE
  5
486
330
2
100
AcDbEntity
  8
HALFEN
100
AcDbLine
 10
87.24999999999946
 20
2710.250000000001
 30
0.0
 11
86.24999999999946
 21
2710.250000000001
 31
0.0
  0
LINE
  5
487
330
2
100
AcDbEntity
  8
HALFEN
 62
     1
100
AcDbLine
 10
87.24999999999946
 20
2711.3235
 30
0.0
 11
86.24999999999946
 21
2711.3235
 31
0.0
  0
LINE
  5
488
330
2
100
AcDbEntity
  8
HALFEN
100
AcDbLine
 10
87.24999999999946
 20
2722.250000000001
 30
0.0
 11
86.24999999999946
 21
2722.250000000002
 31
0.0
  0
LINE
  5
489
330
2
100
AcDbEntity
  8
HALFEN
 62
     1
100
AcDbLine
 10
87.24999999999946
 20
2721.1765
 30
0.0
 11
86.24999999999946
 21
2721.176500000001
 31
0.0
  0
LINE
  5
48A
330
2
100
AcDbEntity
  8
HALFEN
100
AcDbLine
 10
84.24999999999945
 20
2731.75
 30
0.0
 11
84.24999999999945
 21
2724.0
 31
0.0
  0
LINE
  5
48B
330
2
100
AcDbEntity
  8
HALFEN
100
AcDbLine
 10
86.24999999999946
 20
2724.0
 30
0.0
 11
84.24999999999945
 21
2724.0
 31
0.0
  0
LINE
  5
48C
330
2
100
AcDbEntity
  8
HALFEN
100
AcDbLine
 10
84.24999999999945
 20
2708.5
 30
0.0
 11
84.24999999999945
 21
2700.75
 31
0.0
  0
LINE
  5
48D
330
2
100
AcDbEntity
  8
HALFEN
100
AcDbLine
 10
86.24999999999946
 20
2708.5
 30
0.0
 11
84.24999999999945
 21
2708.5
 31
0.0
  0
LINE
  5
48E
330
2
100
AcDbEntity
  8
HALFEN
100
AcDbLine
 10
86.24999999999946
 20
2724.0
 30
0.0
 11
86.24999999999946
 21
2708.5
 31
0.0
  0
LINE
  5
48F
330
2
100
AcDbEntity
  8
HALFEN
100
AcDbLine
 10
86.24999999999804
 20
2489.875
 30
0.0
 11
77.24999999999804
 21
2489.875
 31
0.0
  0
LINE
  5
490
330
2
100
AcDbEntity
  8
HALFEN
100
AcDbLine
 10
86.24999999999804
 20
2502.625
 30
0.0
 11
77.24999999999804
 21
2502.625
 31
0.0
  0
LINE
  5
491
330
2
100
AcDbEntity
  8
HALFEN
100
AcDbLine
 10
77.24999999999804
 20
2502.625
 30
0.0
 11
77.24999999999804
 21
2489.875
 31
0.0
  0
LINE
  5
492
330
2
100
AcDbEntity
  8
HALFEN
100
AcDbLine
 10
87.24999999999804
 20
2490.250000000001
 30
0.0
 11
86.24999999999806
 21
2490.25
 31
0.0
  0
LINE
  5
493
330
2
100
AcDbEntity
  8
HALFEN
 62
     1
100
AcDbLine
 10
87.24999999999804
 20
2491.3235
 30
0.0
 11
86.24999999999806
 21
2491.3235
 31
0.0
  0
LINE
  5
494
330
2
100
AcDbEntity
  8
HALFEN
100
AcDbLine
 10
87.24999999999804
 20
2502.25
 30
0.0
 11
86.24999999999804
 21
2502.25
 31
0.0
  0
LINE
  5
495
330
2
100
AcDbEntity
  8
HALFEN
 62
     1
100
AcDbLine
 10
87.24999999999804
 20
2501.1765
 30
0.0
 11
86.24999999999806
 21
2501.176500000001
 31
0.0
  0
LINE
  5
496
330
2
100
AcDbEntity
  8
HALFEN
100
AcDbLine
 10
86.24999999999804
 20
2502.625
 30
0.0
 11
86.24999999999804
 21
2489.875
 31
0.0
  0
LINE
  5
497
330
2
100
AcDbEntity
  8
HALFEN
100
AcDbLine
 10
84.24999999999803
 20
2502.625
 30
0.0
 11
84.24999999999803
 21
2489.875
 31
0.0
  0
LINE
  5
498
330
2
100
AcDbEntity
  8
HALFEN
100
AcDbLine
 10
77.24999999999946
 20
2571.75
 30
0.0
 11
84.24999999999945
 21
2571.75
 31
0.0
  0
LINE
  5
499
330
2
100
AcDbEntity
  8
HALFEN
100
AcDbLine
 10
84.24999999999945
 20
2540.75
 30
0.0
 11
77.24999999999946
 21
2540.75
 31
0.0
  0
LINE
  5
49A
330
2
100
AcDbEntity
  8
HALFEN
100
AcDbLine
 10
77.24999999999946
 20
2540.75
 30
0.0
 11
77.24999999999946
 21
2571.75
 31
0.0
  0
LINE
  5
49B
330
2
100
AcDbEntity
  8
HALFEN
100
AcDbLine
 10
87.24999999999946
 20
2550.250000000001
 30
0.0
 11
86.24999999999946
 21
2550.250000000001
 31
0.0
  0
LINE
  5
49C
330
2
100
AcDbEntity
  8
HALFEN
 62
     1
100
AcDbLine
 10
87.24999999999946
 20
2551.3235
 30
0.0
 11
86.24999999999946
 21
2551.3235
 31
0.0
  0
LINE
  5
49D
330
2
100
AcDbEntity
  8
HALFEN
100
AcDbLine
 10
87.24999999999946
 20
2562.250000000001
 30
0.0
 11
86.24999999999946
 21
2562.250000000001
 31
0.0
  0
LINE
  5
49E
330
2
100
AcDbEntity
  8
HALFEN
 62
     1
100
AcDbLine
 10
87.24999999999946
 20
2561.1765
 30
0.0
 11
86.24999999999946
 21
2561.176500000001
 31
0.0
  0
LINE
  5
49F
330
2
100
AcDbEntity
  8
HALFEN
100
AcDbLine
 10
84.24999999999945
 20
2571.75
 30
0.0
 11
84.24999999999945
 21
2564.0
 31
0.0
  0
LINE
  5
4A0
330
2
100
AcDbEntity
  8
HALFEN
100
AcDbLine
 10
86.24999999999946
 20
2564.0
 30
0.0
 11
84.24999999999945
 21
2564.0
 31
0.0
  0
LINE
  5
4A1
330
2
100
AcDbEntity
  8
HALFEN
100
AcDbLine
 10
84.24999999999945
 20
2548.5
 30
0.0
 11
84.24999999999945
 21
2540.75
 31
0.0
  0
LINE
  5
4A2
330
2
100
AcDbEntity
  8
HALFEN
100
AcDbLine
 10
86.24999999999946
 20
2548.5
 30
0.0
 11
84.24999999999945
 21
2548.5
 31
0.0
  0
LINE
  5
4A3
330
2
100
AcDbEntity
  8
HALFEN
100
AcDbLine
 10
86.24999999999946
 20
2564.0
 30
0.0
 11
86.24999999999946
 21
2548.5
 31
0.0
  0
LINE
  5
4A4
330
2
100
AcDbEntity
  8
HALFEN
100
AcDbLine
 10
86.24999999999804
 20
2329.874999999999
 30
0.0
 11
77.24999999999804
 21
2329.875
 31
0.0
  0
LINE
  5
4A5
330
2
100
AcDbEntity
  8
HALFEN
100
AcDbLine
 10
86.24999999999804
 20
2342.625
 30
0.0
 11
77.24999999999804
 21
2342.625
 31
0.0
  0
LINE
  5
4A6
330
2
100
AcDbEntity
  8
HALFEN
100
AcDbLine
 10
77.24999999999804
 20
2342.625
 30
0.0
 11
77.24999999999804
 21
2329.875
 31
0.0
  0
LINE
  5
4A7
330
2
100
AcDbEntity
  8
HALFEN
100
AcDbLine
 10
87.24999999999804
 20
2330.250000000001
 30
0.0
 11
86.24999999999806
 21
2330.25
 31
0.0
  0
LINE
  5
4A8
330
2
100
AcDbEntity
  8
HALFEN
 62
     1
100
AcDbLine
 10
87.24999999999804
 20
2331.323499999999
 30
0.0
 11
86.24999999999806
 21
2331.3235
 31
0.0
  0
LINE
  5
4A9
330
2
100
AcDbEntity
  8
HALFEN
100
AcDbLine
 10
87.24999999999804
 20
2342.250000000001
 30
0.0
 11
86.24999999999804
 21
2342.250000000001
 31
0.0
  0
LINE
  5
4AA
330
2
100
AcDbEntity
  8
HALFEN
 62
     1
100
AcDbLine
 10
87.24999999999804
 20
2341.1765
 30
0.0
 11
86.24999999999806
 21
2341.176500000001
 31
0.0
  0
LINE
  5
4AB
330
2
100
AcDbEntity
  8
HALFEN
100
AcDbLine
 10
86.24999999999804
 20
2342.625
 30
0.0
 11
86.24999999999804
 21
2329.874999999999
 31
0.0
  0
LINE
  5
4AC
330
2
100
AcDbEntity
  8
HALFEN
100
AcDbLine
 10
84.24999999999803
 20
2342.625
 30
0.0
 11
84.24999999999803
 21
2329.875
 31
0.0
  0
LINE
  5
4AD
330
2
100
AcDbEntity
  8
HALFEN
100
AcDbLine
 10
77.24999999999946
 20
2411.75
 30
0.0
 11
84.24999999999945
 21
2411.75
 31
0.0
  0
LINE
  5
4AE
330
2
100
AcDbEntity
  8
HALFEN
100
AcDbLine
 10
84.24999999999945
 20
2380.75
 30
0.0
 11
77.24999999999946
 21
2380.75
 31
0.0
  0
LINE
  5
4AF
330
2
100
AcDbEntity
  8
HALFEN
100
AcDbLine
 10
77.24999999999946
 20
2380.75
 30
0.0
 11
77.24999999999946
 21
2411.75
 31
0.0
  0
LINE
  5
4B0
330
2
100
AcDbEntity
  8
HALFEN
100
AcDbLine
 10
87.24999999999946
 20
2390.250000000001
 30
0.0
 11
86.24999999999946
 21
2390.25
 31
0.0
  0
LINE
  5
4B1
330
2
100
AcDbEntity
  8
HALFEN
 62
     1
100
AcDbLine
 10
87.24999999999946
 20
2391.3235
 30
0.0
 11
86.24999999999946
 21
2391.3235
 31
0.0
  0
LINE
  5
4B2
330
2
100
AcDbEntity
  8
HALFEN
100
AcDbLine
 10
87.24999999999946
 20
2402.25
 30
0.0
 11
86.24999999999946
 21
2402.250000000002
 31
0.0
  0
LINE
  5
4B3
330
2
100
AcDbEntity
  8
HALFEN
 62
     1
100
AcDbLine
 10
87.24999999999946
 20
2401.1765
 30
0.0
 11
86.24999999999946
 21
2401.1765
 31
0.0
  0
LINE
  5
4B4
330
2
100
AcDbEntity
  8
HALFEN
100
AcDbLine
 10
84.24999999999945
 20
2411.75
 30
0.0
 11
84.24999999999945
 21
2404.0
 31
0.0
  0
LINE
  5
4B5
330
2
100
AcDbEntity
  8
HALFEN
100
AcDbLine
 10
86.24999999999946
 20
2404.0
 30
0.0
 11
84.24999999999945
 21
2404.0
 31
0.0
  0
LINE
  5
4B6
330
2
100
AcDbEntity
  8
HALFEN
100
AcDbLine
 10
84.24999999999945
 20
2388.5
 30
0.0
 11
84.24999999999945
 21
2380.75
 31
0.0
  0
LINE
  5
4B7
330
2
100
AcDbEntity
  8
HALFEN
100
AcDbLine
 10
86.24999999999946
 20
2388.5
 30
0.0
 11
84.24999999999945
 21
2388.5
 31
0.0
  0
LINE
  5
4B8
330
2
100
AcDbEntity
  8
HALFEN
100
AcDbLine
 10
86.24999999999946
 20
2404.0
 30
0.0
 11
86.24999999999946
 21
2388.5
 31
0.0
  0
ENDSEC
  0
SECTION
  2
OBJECTS
  0
DICTIONARY
  5
8
330
0
100
AcDbDictionary
281
     1
  3
ACAD_COLOR
350
24
  3
ACAD_GROUP
350
20
  3
ACAD_LAYOUT
350
C
  3
ACAD_MATERIAL
350
23
  3
ACAD_MLINESTYLE
350
21
  3
ACAD_PLOTSETTINGS
350
22
  3
ACAD_PLOTSTYLENAME
350
7
  3
ACAD_TABLESTYLE
350
25
  3
AcDbVariableDictionary
350
4BE
  3
ASE_INDEX_DICTIONARY
350
4BB
  0
DICTIONARY
  5
3
330
2
100
AcDbDictionary
280
     1
281
     1
  0
DICTIONARY
  5
24
102
{ACAD_REACTORS
330
8
102
}
330
8
100
AcDbDictionary
281
     1
  0
DICTIONARY
  5
20
102
{ACAD_REACTORS
330
8
102
}
330
0
100
AcDbDictionary
281
     1
  0
DICTIONARY
  5
C
102
{ACAD_REACTORS
330
8
102
}
330
8
100
AcDbDictionary
281
     1
  3
Layout1
350
10
  3
Model
350
B
  0
DICTIONARY
  5
23
102
{ACAD_REACTORS
330
8
102
}
330
8
100
AcDbDictionary
281
     1
  0
DICTIONARY
  5
21
102
{ACAD_REACTORS
330
8
102
}
330
0
100
AcDbDictionary
281
     1
  3
STANDARD
350
28
  0
DICTIONARY
  5
22
102
{ACAD_REACTORS
330
8
102
}
330
8
100
AcDbDictionary
281
     1
  0
ACDBDICTIONARYWDFLT
  5
7
102
{ACAD_REACTORS
330
8
102
}
330
8
100
AcDbDictionary
281
     1
  3
Normal
350
6
100
AcDbDictionaryWithDefault
340
6
  0
DICTIONARY
  5
25
102
{ACAD_REACTORS
330
8
102
}
330
8
100
AcDbDictionary
281
     1
  3
Standard
350
29
  0
DICTIONARY
  5
4BE
102
{ACAD_REACTORS
330
8
102
}
330
8
100
AcDbDictionary
281
     1
  3
CTABLESTYLE
350
4BF
  3
DIMASSOC
350
4CD
  3
HIDETEXT
350
4CC
  3
PROJECTNAME
350
4CE
  0
DICTIONARY
  5
4BB
102
{ACAD_REACTORS
330
8
102
}
330
8
100
AcDbDictionary
281
     1
  3
ASEBlockHierarchyIndexRecord
350
4BD
1001
DCO15
1040
1565411719.968
  0
LAYOUT
  5
10
102
{ACAD_REACTORS
330
C
102
}
330
C
100
AcDbPlotSettings
  1

  2
\\dlant020\DLAKBHL013
  4

  6

 40
0.0
 41
0.0
 42
0.0
 43
0.0
 44
0.0
 45
0.0
 46
0.0
 47
0.0
 48
0.0
 49
0.0
140
0.0
141
0.0
142
1.0
143
1.0
 70
   688
 72
     0
 73
     0
 74
     5
  7

 75
    16
147
1.0
 76
     0
 77
     2
 78
   300
148
0.0
149
0.0
100
AcDbLayout
  1
Layout1
 70
     1
 71
     1
 10
0.0
 20
0.0
 11
12.0
 21
9.0
 12
0.0
 22
0.0
 32
0.0
 14
1.000000000000000E+20
 24
1.000000000000000E+20
 34
1.000000000000000E+20
 15
-1.000000000000000E+20
 25
-1.000000000000000E+20
 35
-1.000000000000000E+20
146
0.0
 13
0.0
 23
0.0
 33
0.0
 16
1.0
 26
0.0
 36
0.0
 17
0.0
 27
1.0
 37
0.0
 76
     0
330
D
  0
LAYOUT
  5
B
102
{ACAD_REACTORS
330
C
102
}
330
C
100
AcDbPlotSettings
  1

  2
\\dlant020\DLAKBHL013
  4

  6

 40
0.0
 41
0.0
 42
0.0
 43
0.0
 44
0.0
 45
0.0
 46
0.0
 47
0.0
 48
0.0
 49
0.0
140
0.0
141
0.0
142
1.0
143
1.0
 70
  1712
 72
     0
 73
     0
 74
     0
  7

 75
     0
147
1.0
 76
     0
 77
     2
 78
   300
148
0.0
149
0.0
100
AcDbLayout
  1
Model
 70
     1
 71
     0
 10
0.0
 20
0.0
 11
12.0
 21
9.0
 12
0.0
 22
0.0
 32
0.0
 14
0.0
 24
0.0
 34
0.0
 15
0.0
 25
0.0
 35
0.0
146
0.0
 13
0.0
 23
0.0
 33
0.0
 16
1.0
 26
0.0
 36
0.0
 17
0.0
 27
1.0
 37
0.0
 76
     0
330
2
  0
MLINESTYLE
  5
28
102
{ACAD_REACTORS
330
21
102
}
330
0
100
AcDbMlineStyle
  2
STANDARD
 70
     0
  3

 62
     0
 51
90.0
 52
90.0
 71
     2
 49
0.5
 62
   256
  6
BYLAYER
 49
-0.5
 62
   256
  6
BYLAYER
  0
ACDBPLACEHOLDER
  5
6
102
{ACAD_REACTORS
330
7
102
}
330
7
  0
TABLESTYLE
  5
29
102
{ACAD_REACTORS
330
25
102
}
330
25
100
AcDbTableStyle
  3
Standard
 70
     0
 71
     0
 40
1.5
 41
1.5
280
     0
281
     0
  7
STANDARD
140
4.5
170
     2
 62
     0
 63
     7
283
     0
274
    -2
284
     1
 64
     0
275
    -2
285
     1
 65
     0
276
    -2
286
     1
 66
     0
277
    -2
287
     1
 67
     0
278
    -2
288
     1
 68
     0
279
    -2
289
     1
 69
     0
  7
STANDARD
140
6.0
170
     5
 62
     0
 63
     7
283
     0
274
    -2
284
     1
 64
     0
275
    -2
285
     1
 65
     0
276
    -2
286
     1
 66
     0
277
    -2
287
     1
 67
     0
278
    -2
288
     1
 68
     0
279
    -2
289
     1
 69
     0
  7
STANDARD
140
4.5
170
     5
 62
     0
 63
     7
283
     0
274
    -2
284
     1
 64
     0
275
    -2
285
     1
 65
     0
276
    -2
286
     1
 66
     0
277
    -2
287
     1
 67
     0
278
    -2
288
     1
 68
     0
279
    -2
289
     1
 69
     0
  0
DICTIONARYVAR
  5
4BF
102
{ACAD_REACTORS
330
4BE
102
}
330
4BE
100
DictionaryVariables
280
     0
  1
STANDARD
  0
DICTIONARYVAR
  5
4CD
102
{ACAD_REACTORS
330
4BE
102
}
330
4BE
100
DictionaryVariables
280
     0
  1
1
  0
DICTIONARYVAR
  5
4CC
102
{ACAD_REACTORS
330
4BE
102
}
330
4BE
100
DictionaryVariables
280
     0
  1
1
  0
DICTIONARYVAR
  5
4CE
102
{ACAD_REACTORS
330
4BE
102
}
330
4BE
100
DictionaryVariables
280
     0
  1

  0
XRECORD
  5
4BD
102
{ACAD_REACTORS
330
4BB
102
}
330
4BB
100
AcDbXrecord
280
     1
  0
ENDSEC
  0
EOF
