#273850	3832272	273538	-19.55	-21.51	13.97	21.89
A|-19.55|-7.3|-18.0|-7.3|0.78|0|1
L|-18.0|-7.3|-18.0|-4.75
A|-18.0|-4.75|-17.25|-4.0|0.75|0|0
A|-17.25|-4.0|-16.5|-4.75|0.75|0|0
L|-16.5|-4.75|-16.5|-17.76
L|-16.5|-17.76|-17.5|-18.03
L|-17.5|-18.03|-17.5|-19.58
L|-17.5|-19.58|-16.5|-19.31
L|-16.5|-19.31|-16.5|-21.51
L|-16.5|-21.51|-15.05|-21.12
L|-15.05|-21.12|-15.05|-18.92
L|-15.05|-18.92|-4.54|-16.11
L|-4.54|-16.11|-5.25|-18.5
L|-5.25|-18.5|-3.55|-18.04
L|-3.55|-18.04|0.0|-7.0
L|0.0|-7.0|0.0|2.0
A|-0.0|2.0|0.5|2.5|0.5|0|0
A|0.5|2.5|1.0|2.0|0.5|0|0
L|1.0|2.0|1.0|0.0
L|1.0|0.0|2.5|0.0
L|2.5|0.0|2.5|2.5
L|2.5|2.5|7.5|2.5
L|7.5|2.5|7.5|0.0
L|7.5|0.0|9.0|0.0
L|9.0|0.0|9.0|2.5
L|9.0|2.5|12.52|2.5
L|12.52|2.5|12.52|0.0
L|12.52|0.0|13.97|0.0
L|13.97|0.0|13.97|11.25
A|13.97|11.25|13.42|11.97|0.75|0|1
L|13.42|11.97|12.52|11.97
A|12.52|11.97|11.53|10.5|1.27|0|1
L|11.53|10.5|12.52|10.5
L|12.52|10.5|12.52|4.0
L|12.52|4.0|0.5|4.0
A|0.5|4.0|-1.5|2.0|2.0|0|1
L|-1.5|2.0|-1.5|-1.0
L|-1.5|-1.0|-6.5|-1.0
L|-6.5|-1.0|-6.5|17.55
L|-6.5|17.55|-4.75|18.02
L|-4.75|18.02|-4.0|18.99
L|-4.0|18.99|-4.0|21.55
L|-4.0|21.55|-4.84|21.89
L|-4.84|21.89|-6.03|21.65
A|-6.03|21.65|-5.93|20.53|0.57|0|1
L|-5.93|20.53|-5.5|19.5
L|-5.5|19.5|-18.65|15.76
L|-18.65|15.76|-19.55|14.58
L|-19.55|14.58|-19.55|-7.3
#274196	3832273	273538	-8.00	-10.86	14.00	22.00
L|-8.0|-10.86|-6.97|-10.86
L|-6.97|-10.86|-6.97|-8.53
L|-6.97|-8.53|-6.5|-6.55
L|-6.5|-6.55|-1.5|-6.55
L|-1.5|-6.55|-1.03|-8.53
L|-1.03|-8.53|-1.03|-10.86
L|-1.03|-10.86|0.0|-10.86
L|0.0|-10.86|0.0|-0.28
A|0.0|-0.28|1.24|1.2|1.5|0|0
L|1.24|1.2|3.9|1.67
L|3.9|1.67|3.9|0.0
L|3.9|0.0|5.4|0.0
L|5.4|0.0|5.4|1.93
L|5.4|1.93|12.5|3.18
L|12.5|3.18|12.5|0.0
L|12.5|0.0|14.0|0.0
L|14.0|0.0|14.0|11.5
A|14.0|11.5|13.5|12.0|0.5|0|1
L|13.5|12.0|11.0|12.0
L|11.0|12.0|11.0|10.5
L|11.0|10.5|12.5|10.5
L|12.5|10.5|12.5|4.7
L|12.5|4.7|0.98|2.68
A|0.98|2.68|-1.5|-0.28|3.0|0|1
L|-1.5|-0.28|-1.5|-5.05
L|-1.5|-5.05|-6.0|-5.05
A|-6.0|-5.05|-6.5|-4.55|0.5|0|0
L|-6.5|-4.55|-6.5|16.75
L|-6.5|16.75|-4.0|17.44
L|-4.0|17.44|-4.0|22.0
L|-4.0|22.0|-6.5|21.03
L|-6.5|21.03|-6.5|20.0
L|-6.5|20.0|-5.5|20.28
L|-5.5|20.28|-5.5|18.58
L|-5.5|18.58|-8.0|17.89
L|-8.0|17.89|-8.0|-10.86
#274592	858139	807581	-50.10	-10.00	39.90	49.00
L|-18.1|-1.5|-18.1|-8.0
L|-18.1|-8.0|-24.1|-8.0
L|-24.1|-8.0|-24.1|-10.0
L|-24.1|-10.0|-10.1|-10.0
L|-10.1|-10.0|-10.1|-8.0
L|-10.1|-8.0|-16.1|-8.0
L|-16.1|-8.0|-16.1|-1.5
L|-16.1|-1.5|-4.1|-1.5
L|-4.1|-1.5|-4.1|17.2
L|-4.1|17.2|9.9|17.2
L|9.9|17.2|9.9|-10.0
L|9.9|-10.0|15.9|-10.0
L|15.9|-10.0|15.9|-8.0
L|15.9|-8.0|11.9|-8.0
L|11.9|-8.0|11.9|-1.5
L|11.9|-1.5|37.9|-1.5
L|37.9|-1.5|37.9|-8.0
L|37.9|-8.0|31.9|-8.0
L|31.9|-8.0|31.9|-10.0
L|31.9|-10.0|39.9|-10.0
L|39.9|-10.0|39.9|27.0
A|39.9|27.0|36.9|30.0|3.0|0|1
L|36.9|30.0|14.9|30.0
A|14.9|30.0|11.9|33.0|3.0|0|0
L|11.9|33.0|11.9|49.0
L|11.9|49.0|-22.1|49.0
L|-22.1|49.0|-22.1|33.0
A|-22.1|33.0|-25.1|30.0|3.0|0|0
L|-25.1|30.0|-47.1|30.0
A|-47.1|30.0|-50.1|27.0|3.0|0|1
L|-50.1|27.0|-50.1|-10.0
L|-50.1|-10.0|-42.1|-10.0
L|-42.1|-10.0|-42.1|-8.0
L|-42.1|-8.0|-48.1|-8.0
L|-48.1|-8.0|-48.1|-1.5
L|-48.1|-1.5|-18.1|-1.5
#275007	858140	807581	-100.10	-10.00	39.90	45.00
L|-26.1|29.9|-98.6|29.9
A|-98.6|29.9|-100.1|28.4|1.54|0|1
L|-100.1|28.4|-100.1|-8.5
A|-100.1|-8.5|-98.6|-10.0|1.54|0|1
L|-98.6|-10.0|-96.1|-10.0
L|-96.1|-10.0|-96.1|-8.0
L|-96.1|-8.0|-98.1|-8.0
L|-98.1|-8.0|-98.1|-6.0
L|-98.1|-6.0|-91.1|-6.0
L|-91.1|-6.0|-91.1|-8.0
L|-91.1|-8.0|-93.1|-8.0
L|-93.1|-8.0|-93.1|-10.0
L|-93.1|-10.0|-83.1|-10.0
L|-83.1|-10.0|-83.1|-8.0
L|-83.1|-8.0|-89.1|-8.0
L|-89.1|-8.0|-89.1|-1.5
L|-89.1|-1.5|-20.2|-1.5
L|-20.2|-1.5|-20.2|-8.0
L|-20.2|-8.0|-26.2|-8.0
L|-26.2|-8.0|-26.2|-10.0
L|-26.2|-10.0|15.6|-10.0
L|15.6|-10.0|15.6|-8.0
L|15.6|-8.0|9.35|-8.0
L|9.35|-8.0|9.35|-1.5
L|9.35|-1.5|37.9|-1.5
L|37.9|-1.5|37.9|-8.0
L|37.9|-8.0|31.9|-8.0
L|31.9|-8.0|31.9|-10.0
L|31.9|-10.0|38.4|-10.0
A|38.4|-10.0|39.9|-8.5|1.54|0|1
L|39.9|-8.5|39.9|45.0
L|39.9|45.0|-6.8|45.0
L|-6.8|45.0|-6.8|43.0
L|-6.8|43.0|-4.2|43.0
L|-4.2|43.0|-4.2|35.63
L|-4.2|35.63|-26.1|29.9
#275250	3832276	273538	-9.60	-21.20	14.00	5.20
L|-9.6|5.2|-9.6|-21.2
A|-9.6|-21.2|-8.0|-21.2|0.8|0|1
L|-8.0|-21.2|-8.0|1.0
L|-8.0|1.0|-1.6|1.0
L|-1.6|1.0|-1.6|-0.8
A|-1.6|-0.8|-0.4|-2.0|1.2|0|1
L|-0.4|-2.0|14.0|-2.0
L|14.0|-2.0|14.0|0.0
L|14.0|0.0|0.0|0.0
L|0.0|0.0|0.0|5.2
A|-0.0|5.2|-1.6|5.2|0.8|0|1
L|-1.6|5.2|-1.6|2.6
L|-1.6|2.6|-8.0|2.6
L|-8.0|2.6|-8.0|5.2
A|-8.0|5.2|-9.6|5.2|0.8|0|1
#275566	858142	807581	-43.90	-70.32	72.10	-3.32
L|-3.9|-3.32|-40.9|-3.32
A|-40.9|-3.32|-43.9|-6.32|3.0|0|1
L|-43.9|-6.32|-43.9|-67.32
A|-43.9|-67.32|-40.9|-70.32|3.0|0|1
L|-40.9|-70.32|-38.4|-70.32
A|-38.4|-70.32|-36.9|-68.82|1.5|0|1
L|-36.9|-68.82|-36.9|-66.32
L|-36.9|-66.32|5.1|-66.32
L|5.1|-66.32|5.1|-68.82
A|5.1|-68.82|6.6|-70.32|1.5|0|1
L|6.6|-70.32|21.6|-70.32
A|21.6|-70.32|23.1|-68.82|1.5|0|1
L|23.1|-68.82|23.1|-66.32
L|23.1|-66.32|65.1|-66.32
L|65.1|-66.32|65.1|-68.82
A|65.1|-68.82|66.6|-70.32|1.5|0|1
L|66.6|-70.32|69.1|-70.32
A|69.1|-70.32|72.1|-67.32|3.0|0|1
L|72.1|-67.32|72.1|-6.32
A|72.1|-6.32|69.1|-3.32|3.0|0|1
L|69.1|-3.32|32.1|-3.32
L|32.1|-3.32|32.1|-13.32
L|32.1|-13.32|-3.9|-13.32
L|-3.9|-13.32|-3.9|-3.32
#275852	858143	807581	-17.90	-70.00	50.10	10.00
A|-14.9|10.0|-17.9|7.0|3.0|0|1
L|-17.9|7.0|-17.9|-67.0
A|-17.9|-67.0|-14.9|-70.0|3.0|0|1
L|-14.9|-70.0|-11.9|-70.0
L|-11.9|-70.0|-1.4|-70.0
A|-1.4|-70.0|0.1|-68.5|1.5|0|1
L|0.1|-68.5|0.1|-55.0
L|0.1|-55.0|20.6|-55.0
A|20.6|-55.0|22.1|-53.5|1.5|0|1
L|22.1|-53.5|22.1|-36.0
L|22.1|-36.0|48.1|-36.0
A|48.1|-36.0|50.1|-34.0|2.0|0|1
L|50.1|-34.0|50.1|7.0
A|50.1|7.0|47.1|10.0|3.0|0|1
L|47.1|10.0|33.7|10.0
A|33.7|10.0|32.2|8.5|1.5|0|1
L|32.2|8.5|32.2|0.0
L|32.2|0.0|22.0|0.0
L|22.0|0.0|22.0|8.5
A|22.0|8.5|20.5|10.0|1.5|0|1
L|20.5|10.0|11.7|10.0
A|11.7|10.0|10.2|8.5|1.5|0|1
L|10.2|8.5|10.2|0.0
L|10.2|0.0|0.0|0.0
L|0.0|0.0|0.0|8.5
A|0.0|8.5|-1.5|10.0|1.5|0|1
L|-1.5|10.0|-14.9|10.0
#276146	858144	807581	-17.90	-70.32	72.10	9.68
A|-14.9|9.68|-17.9|6.68|3.0|0|1
L|-17.9|6.68|-17.9|-67.32
A|-17.9|-67.32|-14.9|-70.32|3.0|0|1
L|-14.9|-70.32|0.1|-70.32
L|0.1|-70.32|3.56|-64.32
L|3.56|-64.32|6.64|-64.32
L|6.64|-64.32|10.1|-70.32
L|10.1|-70.32|20.6|-70.32
A|20.6|-70.32|22.1|-68.82|1.5|0|1
L|22.1|-68.82|22.1|-55.32
L|22.1|-55.32|42.6|-55.32
A|42.6|-55.32|44.1|-53.82|1.5|0|1
L|44.1|-53.82|44.1|-36.32
L|44.1|-36.32|70.1|-36.32
A|70.1|-36.32|72.1|-34.32|2.0|0|1
L|72.1|-34.32|72.1|6.68
A|72.1|6.68|69.1|9.68|3.0|0|1
L|69.1|9.68|33.7|9.68
A|33.7|9.68|32.2|8.18|1.5|0|1
L|32.2|8.18|32.2|-0.32
L|32.2|-0.32|22.0|-0.32
L|22.0|-0.32|22.0|8.18
A|22.0|8.18|20.5|9.68|1.5|0|1
L|20.5|9.68|11.7|9.68
A|11.7|9.68|10.2|8.18|1.5|0|1
L|10.2|8.18|10.2|-0.32
L|10.2|-0.32|0.0|-0.32
L|0.0|-0.32|0.0|8.18
A|0.0|8.18|-1.5|9.68|1.5|0|1
L|-1.5|9.68|-14.9|9.68
#276431	858145	807581	-39.90	-70.00	50.10	10.00
L|-1.5|10.0|-36.9|10.0
A|-36.9|10.0|-39.9|7.0|3.0|0|1
L|-39.9|7.0|-39.9|-34.0
A|-39.9|-34.0|-37.9|-36.0|2.0|0|1
L|-37.9|-36.0|-11.9|-36.0
L|-11.9|-36.0|-11.9|-53.5
A|-11.9|-53.5|-10.4|-55.0|1.5|0|1
L|-10.4|-55.0|10.1|-55.0
L|10.1|-55.0|10.1|-68.5
A|10.1|-68.5|11.6|-70.0|1.5|0|1
L|11.6|-70.0|47.1|-70.0
A|47.1|-70.0|50.1|-67.0|3.0|0|1
L|50.1|-67.0|50.1|7.0
A|50.1|7.0|47.1|10.0|3.0|0|1
L|47.1|10.0|33.7|10.0
A|33.7|10.0|32.2|8.5|1.5|0|1
L|32.2|8.5|32.2|-0.0
L|32.2|-0.0|22.0|-0.0
L|22.0|-0.0|22.0|8.5
A|22.0|8.5|20.5|10.0|1.5|0|1
L|20.5|10.0|11.7|10.0
A|11.7|10.0|10.2|8.5|1.5|0|1
L|10.2|8.5|10.2|-0.0
L|10.2|-0.0|0.0|-0.0
L|0.0|-0.0|0.0|8.5
A|0.0|8.5|-1.5|10.0|1.5|0|1
#276755	858146	807581	53.10	-65.32	72.10	-47.32
L|53.1|-47.32|53.1|-63.91
L|53.1|-63.91|54.51|-65.32
L|54.51|-65.32|69.88|-61.21
A|69.88|-61.21|72.1|-58.31|3.0|0|1
L|72.1|-58.31|72.1|-50.32
A|72.1|-50.32|69.1|-47.32|3.0|0|1
L|69.1|-47.32|53.1|-47.32
#277750	858148	807581	-702.93	5.35	-588.93	72.35
A|-641.43|5.35|-639.93|6.85|1.5|0|1
L|-639.93|6.85|-639.93|15.35
L|-639.93|15.35|-624.93|15.35
L|-624.93|15.35|-624.93|26.35
L|-624.93|26.35|-590.43|26.35
A|-590.43|26.35|-588.93|27.85|1.5|0|1
L|-588.93|27.85|-588.93|57.35
L|-588.93|57.35|-688.93|57.35
L|-688.93|57.35|-688.93|72.35
L|-688.93|72.35|-702.93|70.13
L|-702.93|70.13|-702.93|6.85
A|-702.93|6.85|-701.43|5.35|1.5|0|1
L|-701.43|5.35|-696.93|5.35
L|-696.93|5.35|-695.43|10.35
L|-695.43|10.35|-686.93|10.35
L|-686.93|10.35|-686.93|5.35
L|-686.93|5.35|-641.43|5.35
#278100	858149	807581	-702.93	5.35	-588.93	72.35
A|-641.43|5.35|-639.93|6.85|1.5|0|1
L|-639.93|6.85|-639.93|22.35
L|-639.93|22.35|-590.43|22.35
A|-590.43|22.35|-588.93|23.85|1.5|0|1
L|-588.93|23.85|-588.93|57.35
L|-588.93|57.35|-688.93|57.35
L|-688.93|57.35|-688.93|72.35
L|-688.93|72.35|-702.93|70.13
L|-702.93|70.13|-702.93|6.85
A|-702.93|6.85|-701.43|5.35|1.5|0|1
L|-701.43|5.35|-696.93|5.35
L|-696.93|5.35|-695.43|10.35
L|-695.43|10.35|-686.93|10.35
L|-686.93|10.35|-686.93|5.35
L|-686.93|5.35|-641.43|5.35
#278442	858150	807581	-690.93	5.35	-576.93	72.35
L|-576.93|6.85|-576.93|57.35
L|-576.93|57.35|-676.93|57.35
L|-676.93|57.35|-676.93|72.35
L|-676.93|72.35|-690.93|70.13
L|-690.93|70.13|-690.93|23.85
A|-690.93|23.85|-689.43|22.35|1.5|0|1
L|-689.43|22.35|-684.93|22.35
L|-684.93|22.35|-683.43|27.35
L|-683.43|27.35|-674.93|27.35
L|-674.93|27.35|-674.93|22.35
L|-674.93|22.35|-623.93|22.35
L|-623.93|22.35|-623.93|6.85
A|-623.93|6.85|-622.43|5.35|1.5|0|1
L|-622.43|5.35|-578.43|5.35
A|-578.43|5.35|-576.93|6.85|1.5|0|1
#278735	3832271	273538	-722.81	-4.69	-692.39	4.94
L|-692.39|-0.0|-693.18|4.94
L|-693.18|4.94|-722.81|0.25
L|-722.81|0.25|-722.02|-4.69
L|-722.02|-4.69|-692.39|-0.0
#279591	3842264	273538	-712.62	0.00	-692.62	6.00
L|-692.62|6.0|-712.62|6.0
L|-712.62|6.0|-712.62|0.0
L|-712.62|0.0|-692.62|0.0
L|-692.62|0.0|-692.62|6.0
#279863	3842265	273538	-712.62	0.00	-684.62	9.00
L|-684.62|9.0|-712.62|9.0
L|-712.62|9.0|-712.62|0.0
L|-712.62|0.0|-684.62|0.0
L|-684.62|0.0|-684.62|9.0
#284462	858155	807581	-31.96	0.00	0.00	50.00
L|-5.95|48.3|-11.44|46.09
L|-11.44|46.09|-14.58|44.2
L|-14.58|44.2|-16.81|42.19
L|-16.81|42.19|-18.63|39.47
L|-18.63|39.47|-20.19|34.65
L|-20.19|34.65|-21.59|28.62
L|-21.59|28.62|-23.7|22.46
L|-23.7|22.46|-26.13|17.65
L|-26.13|17.65|-28.51|13.76
L|-28.51|13.76|-30.55|9.54
L|-30.55|9.54|-31.71|5.7
L|-31.71|5.7|-31.96|2.73
L|-31.96|2.73|-31.35|1.08
L|-31.35|1.08|-30.49|0.32
L|-30.49|0.32|-28.72|0.0
L|-28.72|0.0|-20.53|0.0
L|-20.53|0.0|-17.38|5.97
L|-17.38|5.97|-10.25|5.97
L|-10.25|5.97|-6.89|0.0
L|-6.89|0.0|0.0|0.0
L|0.0|0.0|0.0|50.0
L|0.0|50.0|-5.95|48.3
#284935	3842030	273538	0.00	-19.50	9.00	20.50
L|9.0|-19.5|9.0|15.29
L|9.0|15.29|0.0|20.5
L|0.0|20.5|-0.0|18.77
L|-0.0|18.77|7.5|14.42
L|7.5|14.42|7.5|1.5
L|7.5|1.5|1.5|1.5
L|1.5|1.5|1.5|5.0
L|1.5|5.0|0.0|5.0
L|0.0|5.0|-0.0|0.0
L|-0.0|0.0|7.5|0.0
L|7.5|0.0|7.5|-14.5
L|7.5|-14.5|5.0|-14.5
L|5.0|-14.5|7.0|-14.0
L|7.0|-14.0|7.0|-13.0
L|7.0|-13.0|4.99|-11.46
L|4.99|-11.46|4.99|-6.32
A|4.99|-6.32|4.0|-6.32|0.5|0|1
L|4.0|-6.32|4.0|-19.5
L|4.0|-19.5|5.0|-19.5
L|5.0|-19.5|9.0|-19.5
#318323	858201	807581	-50.10	-10.00	39.90	47.00
L|-2.1|29.0|-47.88|16.73
A|-47.88|16.73|-50.1|13.84|3.0|0|1
L|-50.1|13.84|-50.1|-7.0
A|-50.1|-7.0|-47.1|-10.0|3.0|0|1
L|-47.1|-10.0|-40.1|-10.0
L|-40.1|-10.0|-34.33|-0.0
L|-34.33|-0.0|-0.0|-0.0
L|-0.0|-0.0|-0.0|-8.0
A|-0.0|-8.0|2.0|-10.0|2.0|0|1
L|2.0|-10.0|36.8|-10.0
A|36.8|-10.0|39.9|-7.0|3.0|0|1
L|39.9|-7.0|39.9|38.0
A|39.9|38.0|37.9|40.0|2.0|0|1
L|37.9|40.0|19.9|40.0
L|19.9|40.0|19.9|45.5
A|19.9|45.5|18.4|47.0|1.5|0|1
L|18.4|47.0|11.9|47.0
L|11.9|47.0|7.9|47.0
L|7.9|47.0|-0.6|47.0
A|-0.6|47.0|-2.1|45.5|1.5|0|1
L|-2.1|45.5|-2.1|29.0
#319031	858202	807581	-50.10	-10.00	39.90	70.00
L|-22.1|44.0|-48.62|36.89
A|-48.62|36.89|-50.1|34.96|2.0|0|1
L|-50.1|34.96|-50.1|-7.0
A|-50.1|-7.0|-47.1|-10.0|3.0|0|1
L|-47.1|-10.0|-40.1|-10.0
L|-40.1|-10.0|-34.33|-0.0
L|-34.33|-0.0|-0.0|-0.0
L|-0.0|-0.0|-0.0|-8.0
A|-0.0|-8.0|2.0|-10.0|2.0|0|1
L|2.0|-10.0|36.9|-10.0
A|36.9|-10.0|39.9|-7.0|3.0|0|1
L|39.9|-7.0|39.9|67.0
A|39.9|67.0|36.9|70.0|3.0|0|1
L|36.9|70.0|1.4|70.0
A|1.4|70.0|-0.1|68.5|1.5|0|1
L|-0.1|68.5|-0.1|55.0
L|-0.1|55.0|-20.6|55.0
A|-20.6|55.0|-22.1|53.5|1.5|0|1
L|-22.1|53.5|-22.1|44.0
#319979	858203	807581	63.80	-12.00	82.80	6.00
L|63.8|6.0|63.8|-10.59
L|63.8|-10.59|65.21|-12.0
L|65.21|-12.0|80.58|-7.88
A|80.58|-7.88|82.8|-4.99|3.0|0|1
L|82.8|-4.99|82.8|3.0
A|82.8|3.0|79.8|6.0|3.0|0|1
L|79.8|6.0|63.8|6.0
#320476	858204	807581	40.98	-15.50	59.98	2.50
L|40.98|2.5|40.98|-14.09
L|40.98|-14.09|42.4|-15.5
L|42.4|-15.5|57.76|-11.38
A|57.76|-11.38|59.98|-8.49|3.0|0|1
L|59.98|-8.49|59.98|-0.5
A|59.98|-0.5|56.98|2.5|3.0|0|1
L|56.98|2.5|40.98|2.5
#320824	858205	807581	-98.10	-10.00	17.90	57.00
A|-95.48|32.72|-98.1|29.75|3.0|0|1
L|-98.1|29.75|-98.1|-7.0
A|-98.1|-7.0|-95.1|-10.0|3.0|0|1
L|-95.1|-10.0|-90.1|-10.0
L|-90.1|-10.0|-84.1|0.0
L|-84.1|0.0|-48.1|0.0
L|-48.1|0.0|-48.1|-10.0
L|-48.1|-10.0|14.9|-10.0
A|14.9|-10.0|17.9|-7.0|3.0|0|1
L|17.9|-7.0|17.9|54.0
A|17.9|54.0|14.9|57.0|3.0|0|1
L|14.9|57.0|10.9|57.0
L|10.9|57.0|10.9|53.0
L|10.9|53.0|-31.1|53.0
L|-31.1|53.0|-31.1|43.0
L|-31.1|43.0|-95.48|32.72
#321287	858206	807581	49.98	-24.50	68.98	-6.50
L|49.98|-6.5|49.98|-23.09
L|49.98|-23.09|51.4|-24.5
L|51.4|-24.5|66.76|-20.38
A|66.76|-20.38|68.98|-17.49|3.0|0|1
L|68.98|-17.49|68.98|-9.5
A|68.98|-9.5|65.98|-6.5|3.0|0|1
L|65.98|-6.5|49.98|-6.5
#321682	858207	807581	-7.20	-14.00	60.80	66.00
L|9.3|66.0|-4.2|66.0
A|-4.2|66.0|-7.2|63.0|3.0|0|1
L|-7.2|63.0|-7.2|-11.0
A|-7.2|-11.0|-4.2|-14.0|3.0|0|1
L|-4.2|-14.0|9.2|-14.0
A|9.2|-14.0|10.7|-12.5|1.5|0|1
L|10.7|-12.5|10.7|-4.0
L|10.7|-4.0|20.9|-4.0
L|20.9|-4.0|20.9|-12.5
A|20.9|-12.5|22.4|-14.0|1.5|0|1
L|22.4|-14.0|31.2|-14.0
A|31.2|-14.0|32.7|-12.5|1.5|0|1
L|32.7|-12.5|32.7|-4.0
L|32.7|-4.0|42.9|-4.0
L|42.9|-4.0|42.9|-12.5
A|42.9|-12.5|44.4|-14.0|1.5|0|1
L|44.4|-14.0|57.8|-14.0
A|57.8|-14.0|60.8|-11.0|3.0|0|1
L|60.8|-11.0|60.8|30.0
A|60.8|30.0|58.8|32.0|2.0|0|1
L|58.8|32.0|32.8|32.0
L|32.8|32.0|32.8|49.5
A|32.8|49.5|31.3|51.0|1.5|0|1
L|31.3|51.0|17.18|51.0
A|17.18|51.0|16.21|50.26|1.0|0|1
L|16.21|50.26|14.8|45.0
L|14.8|45.0|10.8|45.0
L|10.8|45.0|10.8|64.5
A|10.8|64.5|9.3|66.0|1.5|0|1
#322098	858208	807581	-7.20	-14.00	82.80	66.00
L|31.3|66.0|-4.2|66.0
A|-4.2|66.0|-7.2|63.0|3.0|0|1
L|-7.2|63.0|-7.2|-11.0
A|-7.2|-11.0|-4.2|-14.0|3.0|0|1
L|-4.2|-14.0|9.2|-14.0
A|9.2|-14.0|10.7|-12.5|1.5|0|1
L|10.7|-12.5|10.7|-4.0
L|10.7|-4.0|20.9|-4.0
L|20.9|-4.0|20.9|-12.5
A|20.9|-12.5|22.4|-14.0|1.5|0|1
L|22.4|-14.0|31.2|-14.0
A|31.2|-14.0|32.7|-12.5|1.5|0|1
L|32.7|-12.5|32.7|-4.0
L|32.7|-4.0|42.9|-4.0
L|42.9|-4.0|42.9|-12.5
A|42.9|-12.5|44.4|-14.0|1.5|0|1
L|44.4|-14.0|79.8|-14.0
A|79.8|-14.0|82.8|-11.0|3.0|0|1
L|82.8|-11.0|82.8|30.0
A|82.8|30.0|80.8|32.0|2.0|0|1
L|80.8|32.0|54.8|32.0
L|54.8|32.0|54.8|49.5
A|54.8|49.5|53.3|51.0|1.5|0|1
L|53.3|51.0|39.18|51.0
A|39.18|51.0|38.21|50.26|1.0|0|1
L|38.21|50.26|36.8|45.0
L|36.8|45.0|32.8|45.0
L|32.8|45.0|32.8|64.5
A|32.8|64.5|31.3|66.0|1.5|0|1
#322532	858209	807581	63.80	48.00	82.80	66.00
L|65.21|66.0|63.8|64.59
L|63.8|64.59|63.8|48.0
L|63.8|48.0|79.8|48.0
A|79.8|48.0|82.8|51.0|3.0|0|1
L|82.8|51.0|82.8|58.99
A|82.8|58.99|80.58|61.88|3.0|0|1
L|80.58|61.88|65.21|66.0
#322992	858210	807581	63.80	48.00	82.80	66.00
L|65.21|66.0|63.8|64.59
L|63.8|64.59|63.8|48.0
L|63.8|48.0|79.8|48.0
A|79.8|48.0|82.8|51.0|3.0|0|1
L|82.8|51.0|82.8|58.99
A|82.8|58.99|80.58|61.88|3.0|0|1
L|80.58|61.88|65.21|66.0
#323638	858219	807581	-33.20	-14.00	82.80	53.00
L|-33.2|50.0|-33.2|-11.0
A|-33.2|-11.0|-30.2|-14.0|3.0|0|1
L|-30.2|-14.0|6.8|-14.0
L|6.8|-14.0|6.8|-4.0
L|6.8|-4.0|42.8|-4.0
L|42.8|-4.0|42.8|-14.0
L|42.8|-14.0|79.8|-14.0
A|79.8|-14.0|82.8|-11.0|3.0|0|1
L|82.8|-11.0|82.8|50.0
A|82.8|50.0|79.8|53.0|3.0|0|1
L|79.8|53.0|17.3|53.0
A|17.3|53.0|15.8|51.5|1.5|0|1
L|15.8|51.5|15.8|49.0
L|15.8|49.0|-26.2|49.0
L|-26.2|49.0|-26.2|51.5
A|-26.2|51.5|-27.7|53.0|1.5|0|1
L|-27.7|53.0|-30.2|53.0
A|-30.2|53.0|-33.2|50.0|3.0|0|1
#324738	858220	807581	124.97	-392.11	238.97	-325.11
L|126.47|-392.11|139.97|-392.11
L|139.97|-392.11|149.78|-375.11
L|149.78|-375.11|184.97|-375.11
L|184.97|-375.11|184.97|-392.11
L|184.97|-392.11|238.97|-392.11
L|238.97|-392.11|238.97|-326.61
A|238.97|-326.61|237.47|-325.11|1.5|0|1
L|237.47|-325.11|193.47|-325.11
A|193.47|-325.11|191.97|-326.61|1.5|0|1
L|191.97|-326.61|191.97|-341.11
L|191.97|-341.11|126.23|-351.52
A|126.23|-351.52|124.97|-353.0|1.5|0|1
L|124.97|-353.0|124.97|-390.61
A|124.97|-390.61|126.47|-392.11|1.5|0|1
#325744	858221	807581	124.97	-392.11	238.97	-325.11
L|126.47|-392.11|138.97|-392.11
L|138.97|-392.11|138.97|-375.11
L|138.97|-375.11|238.97|-375.11
L|238.97|-375.11|238.97|-326.61
A|238.97|-326.61|237.47|-325.11|1.5|0|1
L|237.47|-325.11|193.47|-325.11
A|193.47|-325.11|191.97|-326.61|1.5|0|1
L|191.97|-326.61|191.97|-341.11
L|191.97|-341.11|126.23|-351.52
A|126.23|-351.52|124.97|-353.0|1.5|0|1
L|124.97|-353.0|124.97|-390.61
A|124.97|-390.61|126.47|-392.11|1.5|0|1
#326160	858222	807581	124.97	-392.11	238.97	-325.11
A|124.97|-390.61|126.47|-392.11|1.5|0|1
L|126.47|-392.11|238.97|-392.11
L|238.97|-392.11|238.97|-326.61
A|238.97|-326.61|237.47|-325.11|1.5|0|1
L|237.47|-325.11|193.47|-325.11
A|193.47|-325.11|191.97|-326.61|1.5|0|1
L|191.97|-326.61|191.97|-341.11
L|191.97|-341.11|126.23|-351.52
A|126.23|-351.52|124.97|-353.0|1.5|0|1
L|124.97|-353.0|124.97|-390.61
#328064	858238	807581	-696.93	0.00	-582.93	67.00
L|-680.93|5.0|-680.93|1.5
A|-680.93|1.5|-679.43|0.0|1.5|0|1
L|-679.43|0.0|-651.43|0.0
A|-651.43|-0.0|-649.93|1.5|1.5|0|1
L|-649.93|1.5|-649.93|17.0
L|-649.93|17.0|-584.43|17.0
A|-584.43|17.0|-582.93|18.5|1.5|0|1
L|-582.93|18.5|-582.93|67.0
L|-582.93|67.0|-637.93|67.0
L|-637.93|67.0|-637.93|57.0
L|-637.93|57.0|-662.93|57.0
L|-662.93|57.0|-662.93|67.0
L|-662.93|67.0|-696.93|67.0
L|-696.93|67.0|-696.93|6.5
A|-696.93|6.5|-695.43|5.0|1.5|0|1
L|-695.43|5.0|-680.93|5.0
#328703	858239	807581	-702.93	5.35	-588.93	72.35
A|-641.43|5.35|-639.93|6.85|1.5|0|1
L|-639.93|6.85|-639.93|15.35
L|-639.93|15.35|-624.93|15.35
L|-624.93|15.35|-624.93|26.35
L|-624.93|26.35|-590.43|26.35
A|-590.43|26.35|-588.93|27.85|1.5|0|1
L|-588.93|27.85|-588.93|57.35
L|-588.93|57.35|-688.93|57.35
L|-688.93|57.35|-688.93|72.35
L|-688.93|72.35|-702.93|70.13
L|-702.93|70.13|-702.93|6.85
A|-702.93|6.85|-701.43|5.35|1.5|0|1
L|-701.43|5.35|-696.93|5.35
L|-696.93|5.35|-686.93|5.35
L|-686.93|5.35|-641.43|5.35
#329164	858240	807581	-702.93	5.35	-588.93	72.35
L|-688.93|72.35|-702.93|70.13
L|-702.93|70.13|-702.93|11.85
A|-702.93|11.85|-701.43|10.35|1.5|0|1
L|-701.43|10.35|-686.93|10.35
L|-686.93|10.35|-686.93|6.85
A|-686.93|6.85|-685.43|5.35|1.5|0|1
L|-685.43|5.35|-641.43|5.35
A|-641.43|5.35|-639.93|6.85|1.5|0|1
L|-639.93|6.85|-639.93|22.35
L|-639.93|22.35|-590.43|22.35
A|-590.43|22.35|-588.93|23.85|1.5|0|1
L|-588.93|23.85|-588.93|57.35
L|-588.93|57.35|-688.93|57.35
L|-688.93|57.35|-688.93|72.35
#329644	858241	807581	-702.93	13.35	-588.93	80.35
L|-688.93|80.35|-702.93|78.13
L|-702.93|78.13|-702.93|36.85
A|-702.93|36.85|-701.43|35.35|1.5|0|1
L|-701.43|35.35|-686.93|35.35
L|-686.93|35.35|-686.93|31.85
A|-686.93|31.85|-685.43|30.35|1.5|0|1
L|-685.43|30.35|-641.43|30.35
A|-641.43|30.35|-639.93|31.85|1.5|0|1
L|-639.93|31.85|-639.93|13.35
L|-639.93|13.35|-590.43|13.35
A|-590.43|13.35|-588.93|14.85|1.5|0|1
L|-588.93|14.85|-588.93|65.35
L|-588.93|65.35|-688.93|65.35
L|-688.93|65.35|-688.93|80.35
#330063	858242	807581	-29.53	0.03	83.47	90.03
L|80.47|90.03|-26.53|90.03
A|-26.53|90.03|-29.53|87.03|3.0|0|1
L|-29.53|87.03|-29.53|51.53
A|-29.53|51.53|-28.03|50.03|1.5|0|1
L|-28.03|50.03|-8.53|50.03
L|-8.53|50.03|-8.53|46.03
L|-8.53|46.03|-13.79|44.62
A|-13.79|44.62|-14.53|43.65|1.0|0|1
L|-14.53|43.65|-14.53|29.53
A|-14.53|29.53|-13.03|28.03|1.5|0|1
L|-13.03|28.03|4.47|28.03
L|4.47|28.03|4.47|2.03
A|4.47|2.03|6.47|0.03|2.0|0|1
L|6.47|0.03|47.47|0.03
A|47.47|0.03|49.47|2.03|2.0|0|1
L|49.47|2.03|49.47|28.03
L|49.47|28.03|66.97|28.03
A|66.97|28.03|68.47|29.53|1.5|0|1
L|68.47|29.53|68.47|43.65
A|68.47|43.65|67.73|44.62|1.0|0|1
L|67.73|44.62|62.47|46.03
L|62.47|46.03|62.47|50.03
L|62.47|50.03|81.97|50.03
A|81.97|50.03|83.47|51.53|1.5|0|1
L|83.47|51.53|83.47|87.03
A|83.47|87.03|80.47|90.03|3.0|0|1
#330599	858243	807581	-13.53	0.03	76.47	93.03
L|34.47|75.03|-11.31|62.76
A|-11.31|62.76|-13.53|59.86|3.0|0|1
L|-13.53|59.86|-13.53|3.03
A|-13.53|3.03|-10.53|0.03|3.0|0|1
L|-10.53|0.03|4.47|0.03
L|4.47|0.03|7.93|6.03
L|7.93|6.03|11.0|6.03
L|11.0|6.03|14.47|0.03
L|14.47|0.03|23.47|0.03
A|23.47|0.03|26.47|3.03|3.0|0|1
L|26.47|3.03|26.47|15.03
L|26.47|15.03|46.97|15.03
A|46.97|15.03|48.47|16.53|1.5|0|1
L|48.47|16.53|48.47|34.03
L|48.47|34.03|73.47|34.03
A|73.47|34.03|76.47|37.03|3.0|0|1
L|76.47|37.03|76.47|84.03
A|76.47|84.03|74.47|86.03|2.0|0|1
L|74.47|86.03|56.47|86.03
L|56.47|86.03|56.47|91.53
A|56.47|91.53|54.97|93.03|1.5|0|1
L|54.97|93.03|35.97|93.03
A|35.97|93.03|34.47|91.53|1.5|0|1
L|34.47|91.53|34.47|75.03
#330974	858244	807581	-29.53	0.03	83.47	68.03
L|80.47|68.03|-26.53|68.03
A|-26.53|68.03|-29.53|65.03|3.0|0|1
L|-29.53|65.03|-29.53|51.53
A|-29.53|51.53|-28.03|50.03|1.5|0|1
L|-28.03|50.03|-8.53|50.03
L|-8.53|50.03|-8.53|46.03
L|-8.53|46.03|-13.79|44.62
A|-13.79|44.62|-14.53|43.65|1.0|0|1
L|-14.53|43.65|-14.53|29.53
A|-14.53|29.53|-13.03|28.03|1.5|0|1
L|-13.03|28.03|4.47|28.03
L|4.47|28.03|4.47|2.03
A|4.47|2.03|6.47|0.03|2.0|0|1
L|6.47|0.03|47.47|0.03
A|47.47|0.03|49.47|2.03|2.0|0|1
L|49.47|2.03|49.47|28.03
L|49.47|28.03|66.97|28.03
A|66.97|28.03|68.47|29.53|1.5|0|1
L|68.47|29.53|68.47|43.65
A|68.47|43.65|67.73|44.62|1.0|0|1
L|67.73|44.62|62.47|46.03
L|62.47|46.03|62.47|50.03
L|62.47|50.03|81.97|50.03
A|81.97|50.03|83.47|51.53|1.5|0|1
L|83.47|51.53|83.47|65.03
A|83.47|65.03|80.47|68.03|3.0|0|1
#331562	858245	807581	-67.00	0.00	-0.00	77.60
L|-1.5|60.0|-48.5|60.0
L|-48.5|60.0|-48.5|76.1
A|-48.5|76.1|-50.0|77.6|1.5|0|1
L|-50.0|77.6|-65.5|73.44
A|-65.5|73.44|-67.0|71.94|1.5|0|1
L|-67.0|71.94|-67.0|39.5
A|-67.0|39.5|-65.5|38.0|1.5|0|1
L|-65.5|38.0|-64.5|38.0
A|-64.5|38.0|-63.0|36.5|1.5|0|0
L|-63.0|36.5|-63.0|31.5
A|-63.0|31.5|-61.5|30.0|1.5|0|1
L|-61.5|30.0|-59.27|30.0
A|-59.27|30.0|-57.79|31.25|1.5|0|1
L|-57.79|31.25|-57.0|38.0
L|-57.0|38.0|-54.0|38.0
L|-54.0|38.0|-53.28|31.27
A|-53.28|31.27|-51.8|30.0|1.5|0|1
L|-51.8|30.0|-48.0|30.0
L|-48.0|30.0|-48.0|38.0
L|-48.0|38.0|-41.0|38.0
L|-41.0|38.0|-41.0|19.5
A|-41.0|19.5|-39.5|18.0|1.5|0|1
L|-39.5|18.0|-34.0|18.0
L|-34.0|18.0|-34.0|20.57
L|-34.0|20.57|-32.0|20.57
L|-32.0|20.57|-32.0|30.0
L|-32.0|30.0|-19.0|30.0
L|-19.0|30.0|-19.0|20.57
L|-19.0|20.57|-17.0|20.57
L|-17.0|20.57|-17.0|1.5
A|-17.0|1.5|-15.5|0.0|1.5|0|1
L|-15.5|0.0|-1.5|0.0
A|-1.5|0.0|-0.0|1.5|1.5|0|1
L|0.0|1.5|0.0|58.5
A|-0.0|58.5|-1.5|60.0|1.5|0|1
#332066	858246	807581	-13.53	0.03	54.47	93.03
A|-13.53|3.03|-10.53|0.03|3.0|0|1
L|-10.53|0.03|1.47|0.03
A|1.47|0.03|4.47|3.03|3.0|0|1
L|4.47|3.03|4.47|15.03
L|4.47|15.03|24.97|15.03
A|24.97|15.03|26.47|16.53|1.5|0|1
L|26.47|16.53|26.47|34.03
L|26.47|34.03|51.47|34.03
A|51.47|34.03|54.47|37.03|3.0|0|1
L|54.47|37.03|54.47|84.03
A|54.47|84.03|52.47|86.03|2.0|0|1
L|52.47|86.03|34.47|86.03
L|34.47|86.03|34.47|91.53
A|34.47|91.53|32.97|93.03|1.5|0|1
L|32.97|93.03|26.47|93.03
L|26.47|93.03|22.47|93.03
L|22.47|93.03|13.97|93.03
A|13.97|93.03|12.47|91.53|1.5|0|1
L|12.47|91.53|12.47|75.03
L|12.47|75.03|-11.31|62.76
A|-11.31|62.76|-13.53|59.86|3.0|0|1
L|-13.53|59.86|-13.53|3.03
#332682	858247	807581	33.80	48.00	48.80	66.00
L|33.8|48.0|45.8|48.0
A|45.8|48.0|48.8|51.0|3.0|0|1
L|48.8|51.0|48.8|60.06
A|48.8|60.06|46.58|62.96|3.0|0|1
L|46.58|62.96|35.21|66.0
L|35.21|66.0|33.8|64.59
L|33.8|64.59|33.8|48.0
#333277	858248	807581	-13.68	-17.00	42.32	38.00
L|-5.98|38.0|-6.68|37.29
L|-6.68|37.29|-6.68|13.96
L|-6.68|13.96|-12.18|10.78
A|-12.18|10.78|-13.68|8.19|3.0|0|1
L|-13.68|8.19|-13.68|-14.0
A|-13.68|-14.0|-10.68|-17.0|3.0|0|1
L|-10.68|-17.0|39.32|-17.0
A|39.32|-17.0|42.32|-14.0|3.0|0|1
L|42.32|-14.0|42.32|4.0
L|42.32|4.0|35.32|4.0
L|35.32|4.0|35.32|37.29
L|35.32|37.29|34.61|38.0
L|34.61|38.0|-5.98|38.0
#333899	858249	807581	33.80	48.00	48.80	66.00
L|33.8|48.0|45.8|48.0
A|45.8|48.0|48.8|51.0|3.0|0|1
L|48.8|51.0|48.8|60.06
A|48.8|60.06|46.58|62.96|3.0|0|1
L|46.58|62.96|35.21|66.0
L|35.21|66.0|33.8|64.59
L|33.8|64.59|33.8|48.0
#334584	858250	807581	38.17	69.69	53.17	87.69
L|39.59|87.69|38.17|86.27
L|38.17|86.27|38.17|69.69
L|38.17|69.69|50.17|69.69
A|50.17|69.69|53.17|72.69|3.0|0|1
L|53.17|72.69|53.17|81.75
A|53.17|81.75|50.95|84.64|3.0|0|1
L|50.95|84.64|39.59|87.69
#335035	858251	807581	33.80	48.00	48.80	66.00
L|35.21|66.0|33.8|64.59
L|33.8|64.59|33.8|48.0
L|33.8|48.0|45.8|48.0
A|45.8|48.0|48.8|51.0|3.0|0|1
L|48.8|51.0|48.8|60.06
A|48.8|60.06|46.58|62.96|3.0|0|1
L|46.58|62.96|35.21|66.0
#335544	858252	807581	-2.83	-12.00	53.17	85.00
L|14.17|55.0|14.17|68.0
L|14.17|68.0|5.97|68.0
L|5.97|68.0|5.17|65.0
L|5.17|65.0|5.17|57.5
L|5.17|57.5|2.17|57.5
L|2.17|57.5|2.17|65.0
L|2.17|65.0|-1.33|65.0
A|-1.33|65.0|-2.83|63.5|1.5|0|1
L|-2.83|63.5|-2.83|-5.55
A|-2.83|-5.55|-0.61|-8.45|3.0|0|1
L|-0.61|-8.45|8.76|-12.0
L|8.76|-12.0|10.17|-10.59
L|10.17|-10.59|10.17|6.0
L|10.17|6.0|17.17|6.0
L|17.17|6.0|17.17|11.5
L|17.17|11.5|21.67|11.5
L|21.67|11.5|21.67|6.0
L|21.67|6.0|50.17|6.0
A|50.17|6.0|53.17|9.0|3.0|0|1
L|53.17|9.0|53.17|82.0
A|53.17|82.0|50.17|85.0|3.0|0|1
L|50.17|85.0|37.67|85.0
A|37.67|85.0|36.17|83.5|1.5|0|1
L|36.17|83.5|36.17|55.0
L|36.17|55.0|14.17|55.0
#335964	858253	807581	41.80	50.03	60.80	68.03
L|60.8|53.03|60.8|61.01
A|60.8|61.01|58.58|63.91|3.0|0|1
L|58.58|63.91|43.21|68.03
L|43.21|68.03|41.8|66.61
L|41.8|66.61|41.8|50.03
L|41.8|50.03|57.8|50.03
A|57.8|50.03|60.8|53.03|3.0|0|1
#336384	858254	807581	41.80	50.03	60.80	68.03
L|60.8|53.03|60.8|61.01
A|60.8|61.01|58.58|63.91|3.0|0|1
L|58.58|63.91|43.21|68.03
L|43.21|68.03|41.8|66.61
L|41.8|66.61|41.8|50.03
L|41.8|50.03|57.8|50.03
A|57.8|50.03|60.8|53.03|3.0|0|1
#336999	1429523	807588	-0.00	-0.00	325.00	20.00
L|325.0|20.0|-0.0|20.0
L|-0.0|20.0|-0.0|-0.0
L|-0.0|-0.0|325.0|-0.0
L|325.0|-0.0|325.0|20.0
#340774	2689616	273538	0.00	-11.58	6.91	0.00
L|0.0|-11.58|6.91|-11.58
L|6.91|-11.58|6.91|0.0
L|0.0|0.0|0.0|-11.58
#340776	2689620	273538	0.00	-11.74	15.00	12.77
L|0.0|-11.74|15.0|-11.74
L|15.0|-11.74|15.0|12.77
L|15.0|12.77|0.0|-0.0
L|0.0|-0.0|0.0|-11.74
#342433	2689627	273538	0.00	-30.00	15.00	0.00
L|0.0|-30.0|15.0|-30.0
L|15.0|-30.0|15.0|0.0
L|15.0|0.0|0.0|0.0
L|0.0|0.0|0.0|-30.0
#342435	2689626	273538	0.00	-20.00	15.00	0.00
A|0.0|-20.0|15.0|-20.0|7.5|0|1
L|15.0|-20.0|15.0|0.0
A|15.0|-0.0|-0.0|-0.0|7.5|0|1
L|0.0|0.0|0.0|-20.0
#348302	2689641	273538	-708.39	-0.00	-693.39	10.00
A|-693.39|-0.0|-693.39|10.0|5.0|0|1
L|-693.39|10.0|-708.39|10.0
A|-708.39|10.0|-708.39|-0.0|5.0|0|1
L|-708.39|0.0|-693.39|0.0
#348304	2689636	273538	-708.39	-0.00	-703.39	10.00
A|-703.39|-0.0|-703.39|10.0|5.0|0|1
L|-703.39|10.0|-708.39|10.0
A|-708.39|10.0|-708.39|-0.0|5.0|0|1
L|-708.39|0.0|-703.39|0.0
#348306	2689640	273538	-708.39	-0.00	-698.39	10.00
A|-698.39|-0.0|-698.39|10.0|5.0|0|1
L|-698.39|10.0|-708.39|10.0
A|-708.39|10.0|-708.39|-0.0|5.0|0|1
L|-708.39|0.0|-698.39|0.0
#349024	2689730	273538	-2.50	0.00	2.50	0.00
A|-2.5|0.0|2.5|-0.0|2.5|0|1
A|2.5|0.0|-2.5|0.0|2.5|0|1
#350961	666461	273538	-9.59	-22.50	35.41	12.50
L|-8.49|1.1|-8.49|11.4
L|-8.49|11.4|-0.14|11.4
L|-0.14|11.4|-0.14|12.5
L|-0.14|12.5|-9.59|12.5
L|-9.59|12.5|-9.59|-20.53
L|-9.59|-20.53|-5.55|-22.5
L|-5.55|-22.5|0.2|-18.01
L|0.2|-18.01|-0.48|-17.15
L|-0.48|-17.15|-6.23|-21.63
L|-6.23|-21.63|-8.49|-20.53
L|-8.49|-20.53|-8.49|-0.0
L|-8.49|-0.0|-0.69|-0.0
L|-0.69|-0.0|-0.69|-3.45
L|-0.69|-3.45|0.41|-3.45
L|0.41|-3.45|0.41|-0.0
L|0.41|-0.0|35.41|-0.0
L|35.41|-0.0|35.41|1.1
L|35.41|1.1|-8.49|1.1
#351889	666462	273538	-9.59	-36.42	0.21	-0.00
L|-4.23|-31.85|0.21|-31.85
L|0.21|-31.85|0.21|-30.55
L|0.21|-30.55|-4.77|-30.55
L|-4.77|-30.55|-8.29|-34.07
L|-8.29|-34.07|-8.29|-10.22
L|-8.29|-10.22|-6.64|-10.22
L|-6.64|-10.22|-0.79|-8.46
L|-0.79|-8.46|-0.79|-9.37
L|-0.79|-9.37|0.21|-9.37
L|0.21|-9.37|0.21|-7.31
L|0.21|-7.31|-6.64|-8.52
L|-6.64|-8.52|-8.29|-8.52
L|-8.29|-8.52|-8.29|-0.0
L|-8.29|-0.0|-9.59|-0.0
L|-9.59|-0.0|-9.59|-36.42
L|-9.59|-36.42|-8.8|-36.42
L|-8.8|-36.42|-4.23|-31.85
#352436	666463	273538	-16.10	-32.85	35.41	18.00
L|2.31|16.8|2.31|18.0
L|2.31|18.0|-4.36|18.0
A|-4.36|18.0|-7.99|16.82|6.07|0|1
A|-7.99|16.82|-12.17|-30.97|38.5|0|1
A|-12.17|-30.97|-7.91|-32.85|6.07|0|1
A|-7.91|-32.85|-4.18|-31.67|6.07|0|1
L|-4.18|-31.67|0.19|-27.09
L|0.19|-27.09|-0.81|-26.43
L|-0.81|-26.43|-4.89|-30.71
L|-4.89|-30.71|-6.63|-31.52
A|-6.63|-31.52|-8.49|-30.06|1.5|0|0
L|-8.49|-30.06|-8.49|-28.33
L|-8.49|-28.33|-9.69|-28.33
L|-9.69|-28.33|-9.61|-29.96
A|-9.61|-29.96|-11.01|-30.56|0.83|0|0
A|-11.01|-30.56|-16.1|-0.0|37.3|0|0
L|-16.1|-0.0|-9.79|-0.0
L|-9.79|-0.0|-9.79|-4.0
L|-9.79|-4.0|-8.59|-4.0
L|-8.59|-4.0|-8.59|-0.0
L|-8.59|-0.0|-0.88|-0.0
L|-0.88|-0.0|-0.88|-8.0
L|-0.88|-8.0|0.41|-8.0
L|0.41|-8.0|0.41|-0.0
L|0.41|-0.0|35.38|-0.0
A|35.38|-0.0|35.41|1.5|1.03|0|1
L|35.41|1.5|-15.66|1.5
A|-15.66|1.5|-7.2|15.91|37.3|0|0
A|-7.2|15.91|-4.37|16.8|4.87|0|0
L|-4.37|16.8|2.31|16.8
#352919	666464	273538	-10.59	-32.50	34.41	12.50
L|-10.59|12.5|-10.59|-31.05
L|-10.59|-31.05|-8.7|-32.5
L|-8.7|-32.5|-0.14|-30.21
L|-0.14|-30.21|-0.53|-28.76
L|-0.53|-28.76|-8.18|-30.81
L|-8.18|-30.81|-9.09|-30.11
L|-9.09|-30.11|-9.09|-0.0
L|-9.09|-0.0|-1.09|-0.0
L|-1.09|-0.0|-1.09|-4.0
L|-1.09|-4.0|0.41|-4.0
L|0.41|-4.0|0.41|-0.0
L|0.41|-0.0|34.41|-0.0
L|34.41|-0.0|34.41|0.88
L|34.41|0.88|30.25|2.0
L|30.25|2.0|-9.09|2.0
L|-9.09|2.0|-9.09|11.0
L|-9.09|11.0|4.41|11.0
L|4.41|11.0|4.41|12.5
L|4.41|12.5|-10.59|12.5
#353732	666465	273538	-14.59	-28.46	34.84	16.00
A|-14.07|16.0|-14.59|15.5|0.5|0|1
L|-14.59|15.5|-14.59|-26.51
A|-14.59|-26.51|-10.56|-28.46|2.5|0|1
L|-10.56|-28.46|-4.81|-24.01
A|-4.81|-24.01|-5.51|-23.1|0.58|1|1
L|-5.51|-23.1|-11.26|-27.55
A|-11.26|-27.55|-13.44|-26.48|1.35|0|0
L|-13.44|-26.48|-13.44|7.5
L|-13.44|7.5|-0.79|0.19
L|-0.79|0.19|-0.79|-10.0
L|-0.79|-10.0|0.41|-10.0
L|0.41|-10.0|0.41|-0.0
L|0.41|-0.0|34.84|-0.0
A|34.84|-0.0|34.84|1.15|0.57|1|1
L|34.84|1.15|-0.14|1.15
L|-0.14|1.15|-13.44|8.83
L|-13.44|8.83|-13.44|14.83
L|-13.44|14.83|-5.18|14.54
A|-5.18|14.54|-5.14|15.69|0.58|0|1
L|-5.14|15.69|-14.07|16.0
#354291	666466	273538	-9.59	-34.00	41.81	41.00
L|10.7|41.0|-9.59|41.0
L|-9.59|41.0|-9.59|-34.0
L|-9.59|-34.0|-7.67|-34.0
L|-7.67|-34.0|-1.79|-28.12
L|-1.79|-28.12|-2.78|-27.13
L|-2.78|-27.13|-7.33|-31.68
L|-7.33|-31.68|-8.19|-31.27
L|-8.19|-31.27|-8.19|17.21
L|-8.19|17.21|-5.44|17.61
L|-5.44|17.61|-4.61|17.4
L|-4.61|17.4|-0.05|21.95
L|-0.05|21.95|1.36|21.95
L|1.36|21.95|21.85|1.46
L|21.85|1.46|25.39|-0.0
L|25.39|-0.0|41.81|-0.0
L|41.81|-0.0|41.81|1.4
L|41.81|1.4|25.69|1.4
L|25.69|1.4|23.36|2.37
L|23.36|2.37|1.36|24.36
L|1.36|24.36|-0.05|24.36
L|-0.05|24.36|-3.38|21.02
L|-3.38|21.02|-8.19|23.01
L|-8.19|23.01|-8.19|39.6
L|-8.19|39.6|10.12|39.6
L|10.12|39.6|20.26|29.45
L|20.26|29.45|18.78|27.97
L|18.78|27.97|20.19|26.55
L|20.19|26.55|20.81|27.17
L|20.81|27.17|24.03|26.31
L|24.03|26.31|24.71|26.99
L|24.71|26.99|10.7|41.0
#354848	666467	273538	15.22	-0.00	29.96	6.45
L|29.96|-0.0|29.96|5.17
L|29.96|5.17|15.22|6.45
L|15.22|6.45|15.22|-0.0
L|15.22|-0.0|29.96|-0.0
#355297	666469	273538	0.41	-20.00	74.21	38.43
L|2.9|-1.15|73.47|17.76
L|73.47|17.76|74.21|18.73
L|74.21|18.73|74.21|38.43
L|74.21|38.43|73.2|38.16
L|73.2|38.16|72.46|37.19
L|72.46|37.19|72.46|21.6
L|72.46|21.6|70.24|18.71
L|70.24|18.71|1.9|0.4
L|1.9|0.4|0.41|-1.54
L|0.41|-1.54|0.41|-20.0
L|0.41|-20.0|15.41|-15.98
L|15.41|-15.98|15.41|-14.17
L|15.41|-14.17|2.16|-17.72
L|2.16|-17.72|2.16|-2.11
L|2.16|-2.11|2.9|-1.15
#355674	666470	273538	0.41	-8.90	25.25	17.73
L|20.57|3.55|2.07|0.29
L|2.07|0.29|0.41|-1.68
L|0.41|-1.68|0.41|-8.9
L|0.41|-8.9|2.61|-8.9
L|2.61|-8.9|2.61|-2.69
L|2.61|-2.69|3.44|-1.7
L|3.44|-1.7|24.43|2.0
L|24.43|2.0|25.25|2.98
L|25.25|2.98|25.25|17.73
L|25.25|17.73|23.79|17.34
L|23.79|17.34|23.05|16.38
L|23.05|16.38|23.05|6.51
L|23.05|6.51|20.57|3.55
#357201	666475	273538	-44.59	-48.00	261.77	12.00
L|-44.59|-15.23|-44.59|-21.01
A|-44.59|-21.01|-17.59|-48.0|27.0|0|1
L|-17.59|-48.0|0.41|-48.0
L|0.41|-48.0|0.41|-46.0
L|0.41|-46.0|-10.91|-46.0
L|-10.91|-46.0|-6.54|-40.79
L|-6.54|-40.79|-31.87|-19.53
A|-31.87|-19.53|-31.87|-16.47|2.0|0|0
L|-31.87|-16.47|-12.25|-0.0
L|-12.25|-0.0|234.05|0.0
L|234.05|0.0|238.43|-0.91
A|238.43|-0.91|241.08|-2.73|4.2|0|0
L|241.08|-2.73|255.84|-25.46
A|255.84|-25.46|255.92|-29.92|4.2|0|0
L|255.92|-29.92|253.04|-34.71
A|253.04|-34.71|250.91|-35.82|2.3|0|0
L|250.91|-35.82|246.02|-35.48
A|246.02|-35.48|245.09|-34.42|1.0|0|0
L|245.09|-34.42|245.64|-26.63
L|245.64|-26.63|244.84|-26.58
L|244.84|-26.58|244.3|-34.36
A|244.3|-34.36|246.95|-36.07|1.8|0|1
L|246.95|-36.07|248.53|-40.42
L|248.53|-40.42|260.27|-36.14
A|260.27|-36.14|261.77|-32.93|2.5|0|1
L|261.77|-32.93|246.01|10.35
A|246.01|10.35|243.68|12.0|2.5|0|1
L|243.68|12.0|-17.59|12.0
A|-17.59|12.0|-44.59|-15.23|27.0|0|1
#357836	666476	273538	-34.57	-44.01	220.22	4.20
A|-12.8|-0.47|-11.52|-0.0|2.0|0|0
L|-11.52|-0.0|220.22|-0.0
L|220.22|-0.0|220.22|4.2
L|220.22|4.2|-11.46|4.2
A|-11.46|4.2|-15.5|2.75|6.2|0|1
L|-15.5|2.75|-34.57|-13.25
A|-34.57|-13.25|-34.57|-22.75|6.2|0|1
L|-34.57|-22.75|-9.24|-44.01
L|-9.24|-44.01|-6.54|-40.79
L|-6.54|-40.79|-31.87|-19.53
A|-31.87|-19.53|-31.87|-16.47|2.0|0|0
L|-31.87|-16.47|-12.8|-0.47
#358409	666477	273538	-127.96	-29.88	129.14	31.37
L|0.59|31.37|-127.96|20.12
L|-127.96|20.12|-127.96|-29.88
L|-127.96|-29.88|-112.96|-29.88
L|-112.96|-29.88|-112.96|9.21
L|-112.96|9.21|0.41|18.41
L|0.41|18.41|105.0|9.45
L|105.0|9.45|109.29|8.33
A|109.29|8.33|111.83|6.42|4.2|0|0
L|111.77|6.54|126.45|-18.78
L|126.45|-18.78|114.38|-17.51
L|114.38|-17.51|113.42|-25.29
A|113.42|-25.29|114.14|-26.96|1.8|0|1
L|114.14|-26.96|114.14|-29.88
L|114.14|-29.88|129.14|-29.88
L|129.14|-29.88|129.14|20.12
L|129.14|20.12|0.59|31.37
#358926	666478	273538	-21.79	-28.00	169.42	11.68
L|169.42|5.33|-12.26|11.68
A|-12.26|11.68|-21.78|2.48|9.2|0|1
L|-21.79|2.48|-21.79|-28.0
L|-21.79|-28.0|-17.59|-28.0
L|-17.59|-28.0|-17.59|2.48
A|-17.58|2.48|-12.4|7.48|5.0|0|0
L|-12.4|7.48|169.27|1.14
L|169.27|1.14|169.42|5.33
#359441	666479	273538	-29.59	-41.24	179.91	19.87
A|-27.59|16.37|-26.03|17.87|1.5|0|0
L|-26.03|17.87|163.64|9.31
L|163.64|9.31|177.98|-34.84
A|177.98|-34.84|177.66|-35.47|0.5|0|0
L|177.66|-35.47|165.78|-39.33
L|165.78|-39.33|166.39|-41.24
L|166.39|-41.24|178.31|-37.37
A|178.31|-37.37|179.91|-34.22|2.5|0|1
L|179.91|-34.22|165.68|9.59
A|165.68|9.59|163.39|11.32|2.5|0|1
L|163.39|11.32|-25.96|19.87
A|-25.96|19.87|-29.59|16.37|3.5|0|1
L|-29.59|16.37|-29.59|-27.5
A|-29.59|-27.5|-27.09|-30.0|2.5|0|1
L|-27.09|-30.0|-14.59|-30.0
L|-14.59|-30.0|-14.59|-28.0
L|-14.59|-28.0|-27.09|-28.0
A|-27.09|-28.0|-27.59|-27.5|0.5|0|0
L|-27.59|-27.5|-27.59|16.37
#359931	666480	273538	-29.59	-42.70	264.26	12.00
L|-29.59|12.0|-29.59|-42.7
L|-29.59|-42.7|-14.59|-42.7
L|-14.59|-42.7|-14.59|-0.0
L|-14.59|-0.0|243.61|0.0
L|243.61|0.0|250.3|-9.55
L|250.3|-9.55|249.32|-37.7
L|249.32|-37.7|264.26|-37.7
L|264.26|-37.7|264.26|12.0
L|264.26|12.0|-29.59|12.0
#360523	666481	273538	-29.59	-42.70	237.63	12.00
L|-29.59|12.0|-29.59|-42.7
L|-29.59|-42.7|-14.59|-42.7
L|-14.59|-42.7|-14.59|-0.0
L|-14.59|-0.0|214.31|0.0
L|214.31|0.0|220.41|-9.39
L|220.41|-9.39|220.41|-18.42
L|220.41|-18.42|219.17|-36.15
L|219.17|-36.15|222.05|-36.35
L|222.05|-36.35|223.53|-40.41
L|223.53|-40.41|237.63|-35.29
L|237.63|-35.29|220.41|12.0
L|220.41|12.0|-29.59|12.0
#361045	666482	273538	-29.59	-42.70	230.41	29.60
L|-29.59|29.6|-29.59|-42.7
L|-29.59|-42.7|-14.59|-42.7
L|-14.59|-42.7|-14.59|-0.0
L|-14.59|-0.0|209.77|0.0
L|209.77|0.0|216.46|-9.55
L|216.46|-9.55|215.48|-37.7
L|215.48|-37.7|230.41|-37.7
L|230.41|-37.7|230.41|12.0
L|230.41|12.0|-4.45|12.0
L|-4.45|12.0|-29.59|29.6
#361577	666483	273538	-29.59	-42.70	237.63	29.60
L|-29.59|29.6|-29.59|-42.7
L|-29.59|-42.7|-14.59|-42.7
L|-14.59|-42.7|-14.59|-0.0
L|-14.59|-0.0|214.31|0.0
L|214.31|0.0|220.41|-9.39
L|220.41|-9.39|220.41|-18.42
L|220.41|-18.42|219.17|-36.15
L|219.17|-36.15|222.05|-36.35
L|222.05|-36.35|223.53|-40.41
L|223.53|-40.41|237.63|-35.29
L|237.63|-35.29|220.41|12.0
L|220.41|12.0|-4.45|12.0
L|-4.45|12.0|-29.59|29.6
#362643	666486	273538	13.00	-31.64	27.00	-1.64
L|13.0|-31.64|15.0|-31.64
L|15.0|-31.64|15.0|-18.14
L|15.0|-18.14|25.0|-18.14
L|25.0|-18.14|25.0|-31.64
L|25.0|-31.64|27.0|-31.64
L|27.0|-31.64|27.0|-1.64
L|27.0|-1.64|25.0|-1.64
L|25.0|-1.64|25.0|-15.14
L|25.0|-15.14|15.0|-15.14
L|15.0|-15.14|15.0|-1.64
L|15.0|-1.64|13.0|-1.64
L|13.0|-1.64|13.0|-31.64
#375749	666493	273538	0.00	0.00	170.00	12.00
L|170.0|0.0|170.0|12.0
L|170.0|12.0|0.0|12.0
L|0.0|12.0|0.0|0.0
L|0.0|0.0|170.0|0.0
#375751	666489	273538	0.00	0.00	175.00	4.00
L|175.0|0.0|175.0|4.0
L|175.0|4.0|0.0|4.0
L|0.0|4.0|0.0|0.0
L|0.0|0.0|175.0|0.0
#375753	666488	273538	0.00	0.00	175.00	5.00
L|175.0|0.0|175.0|5.0
L|175.0|5.0|0.0|5.0
L|0.0|5.0|0.0|0.0
L|0.0|0.0|175.0|0.0
#375755	666490	273538	0.00	0.00	175.00	6.00
L|175.0|0.0|175.0|6.0
L|175.0|6.0|0.0|6.0
L|0.0|6.0|0.0|0.0
L|0.0|0.0|175.0|0.0
#375757	666492	273538	0.00	0.00	170.00	10.00
L|170.0|0.0|170.0|10.0
L|170.0|10.0|0.0|10.0
L|0.0|10.0|0.0|0.0
L|0.0|0.0|170.0|0.0
#375759	666491	273538	0.00	0.00	170.00	8.00
L|170.0|0.0|170.0|8.0
L|170.0|8.0|0.0|8.0
L|0.0|8.0|0.0|0.0
L|0.0|0.0|170.0|0.0
#381115	666525	273538	0.00	16.00	170.00	24.00
L|170.0|16.0|170.0|24.0
L|170.0|24.0|0.0|24.0
L|0.0|24.0|-0.0|16.0
L|-0.0|16.0|170.0|16.0
#381117	858558	807581	0.00	15.00	228.50	21.00
L|228.5|15.0|228.5|21.0
L|228.5|21.0|0.0|21.0
L|0.0|21.0|-0.0|15.0
L|-0.0|15.0|228.5|15.0
#381119	666517	273538	0.00	12.00	170.00	18.00
L|170.0|12.0|170.0|18.0
L|170.0|18.0|0.0|18.0
L|0.0|18.0|-0.0|12.0
L|-0.0|12.0|170.0|12.0
#383892	666537	273538	0.00	0.00	10.00	25.00
L|10.0|25.0|0.0|25.0
L|0.0|25.0|0.0|0.0
L|0.0|0.0|10.0|0.0
L|10.0|0.0|10.0|25.0
#409180	666676	273538	-224.80	-50.00	0.00	0.00
L|-224.8|0.0|-224.8|-50.0
L|-224.8|-50.0|0.0|-50.0
L|0.0|-50.0|0.0|0.0
L|0.0|0.0|-224.8|0.0
#423568	858255	807581	-25.00	-11.20	25.00	34.70
L|23.5|34.7|-23.5|34.7
A|-23.5|34.7|-25.0|33.2|1.5|0|1
L|-25.0|33.2|-25.0|-11.2
L|-25.0|-11.2|-12.6|-11.2
L|-12.6|-11.2|-12.6|-2.3
L|-12.6|-2.3|12.6|-2.3
L|12.6|-2.3|12.6|-11.2
L|12.6|-11.2|25.0|-11.2
L|25.0|-11.2|25.0|33.2
A|25.0|33.2|23.5|34.7|1.5|0|1
#423570	858256	807581	-25.00	-11.20	25.00	49.70
L|23.5|49.7|-23.5|49.7
A|-23.5|49.7|-25.0|48.2|1.5|0|1
L|-25.0|48.2|-25.0|-11.2
L|-25.0|-11.2|-12.6|-11.2
L|-12.6|-11.2|-12.6|-2.3
L|-12.6|-2.3|12.6|-2.3
L|12.6|-2.3|12.6|-11.2
L|12.6|-11.2|25.0|-11.2
L|25.0|-11.2|25.0|48.2
A|25.0|48.2|23.5|49.7|1.5|0|1
#423572	858259	807581	-25.00	-11.20	25.00	69.70
L|23.5|69.7|-23.5|69.7
A|-23.5|69.7|-25.0|68.2|1.5|0|1
L|-25.0|68.2|-25.0|-11.2
L|-25.0|-11.2|-12.6|-11.2
L|-12.6|-11.2|-12.6|-2.3
L|-12.6|-2.3|12.6|-2.3
L|12.6|-2.3|12.6|-11.2
L|12.6|-11.2|25.0|-11.2
L|25.0|-11.2|25.0|68.2
A|25.0|68.2|23.5|69.7|1.5|0|1
#423574	858264	807581	-25.00	-11.20	25.00	89.70
L|23.5|89.7|-23.5|89.7
A|-23.5|89.7|-25.0|88.2|1.5|0|1
L|-25.0|88.2|-25.0|-11.2
L|-25.0|-11.2|-12.6|-11.2
L|-12.6|-11.2|-12.6|-2.3
L|-12.6|-2.3|12.6|-2.3
L|12.6|-2.3|12.6|-11.2
L|12.6|-11.2|25.0|-11.2
L|25.0|-11.2|25.0|88.2
A|25.0|88.2|23.5|89.7|1.5|0|1
#423576	858266	807581	-25.00	-11.20	25.00	109.70
L|23.5|109.7|-23.5|109.7
A|-23.5|109.7|-25.0|108.2|1.5|0|1
L|-25.0|108.2|-25.0|-11.2
L|-25.0|-11.2|-12.6|-11.2
L|-12.6|-11.2|-12.6|-2.3
L|-12.6|-2.3|12.6|-2.3
L|12.6|-2.3|12.6|-11.2
L|12.6|-11.2|25.0|-11.2
L|25.0|-11.2|25.0|108.2
A|25.0|108.2|23.5|109.7|1.5|0|1
#423578	858270	807581	-25.00	-11.20	25.00	134.70
L|23.5|134.7|-23.5|134.7
A|-23.5|134.7|-25.0|133.2|1.5|0|1
L|-25.0|133.2|-25.0|-11.2
L|-25.0|-11.2|-12.6|-11.2
L|-12.6|-11.2|-12.6|-2.3
L|-12.6|-2.3|12.6|-2.3
L|12.6|-2.3|12.6|-11.2
L|12.6|-11.2|25.0|-11.2
L|25.0|-11.2|25.0|133.2
A|25.0|133.2|23.5|134.7|1.5|0|1
#427123	3834075	273538	-25.00	0.00	25.00	16.00
A|23.5|0.0|25.0|1.5|1.5|0|1
L|25.0|1.5|25.0|6.0
L|25.0|6.0|23.1|6.0
L|23.1|6.0|22.3|5.2
A|22.3|5.2|22.55|4.6|0.35|0|1
L|22.55|4.6|23.5|4.6
L|23.5|4.6|23.5|2.3
L|23.5|2.3|14.1|2.3
L|14.1|2.3|14.1|4.6
L|14.1|4.6|15.05|4.6
A|15.05|4.6|15.3|5.2|0.35|0|1
L|15.3|5.2|14.5|6.0
L|14.5|6.0|10.9|6.0
L|10.9|6.0|10.9|4.8
L|10.9|4.8|12.1|4.8
L|12.1|4.8|12.1|2.7
L|12.1|2.7|6.5|2.7
L|6.5|2.7|5.33|3.26
L|5.33|3.26|5.0|4.2
L|5.0|4.2|5.0|16.0
L|5.0|16.0|3.5|16.0
L|3.5|16.0|2.0|14.7
L|2.0|14.7|2.0|4.45
L|2.0|4.45|0.87|2.5
L|0.87|2.5|-0.0|1.99
L|-0.0|1.99|-0.87|2.5
L|-0.87|2.5|-2.0|4.45
L|-2.0|4.45|-2.0|14.7
L|-2.0|14.7|-3.5|16.0
L|-3.5|16.0|-5.0|16.0
L|-5.0|16.0|-5.0|4.2
L|-5.0|4.2|-5.33|3.26
L|-5.33|3.26|-6.5|2.7
L|-6.5|2.7|-12.1|2.7
L|-12.1|2.7|-12.1|4.8
L|-12.1|4.8|-10.9|4.8
L|-10.9|4.8|-10.9|6.0
L|-10.9|6.0|-14.5|6.0
L|-14.5|6.0|-15.22|5.28
A|-15.22|5.28|-14.93|4.6|0.4|0|1
L|-14.93|4.6|-14.1|4.6
L|-14.1|4.6|-14.1|2.3
L|-14.1|2.3|-23.5|2.3
L|-23.5|2.3|-23.5|4.6
L|-23.5|4.6|-22.67|4.6
A|-22.67|4.6|-22.38|5.28|0.4|0|1
L|-22.38|5.28|-23.1|6.0
L|-23.1|6.0|-25.0|6.0
L|-25.0|6.0|-25.0|1.5
A|-25.0|1.5|-23.5|0.0|1.5|0|1
L|-23.5|0.0|23.5|-0.0
#428301	858282	807581	-25.00	-15.00	25.00	2.41
A|23.5|-15.0|25.0|-13.5|1.5|0|1
L|25.0|-13.5|25.0|2.41
L|25.0|2.41|-25.0|2.41
L|-25.0|2.3|-25.0|-13.5
A|-25.0|-13.5|-23.5|-15.0|1.5|0|1
L|-23.5|-15.0|23.5|-15.0
#428303	858288	807581	-25.00	-21.00	25.00	2.41
A|23.5|-21.0|25.0|-19.5|1.5|0|1
L|25.0|-19.5|25.0|2.41
L|25.0|2.41|-25.0|2.41
L|-25.0|2.3|-25.0|-19.5
A|-25.0|-19.5|-23.5|-21.0|1.5|0|1
L|-23.5|-21.0|23.5|-21.0
#428307	858296	807581	-25.00	-39.00	25.00	2.41
A|23.5|-39.0|25.0|-37.5|1.5|0|1
L|25.0|-37.5|25.0|2.41
L|25.0|2.41|-25.0|2.41
L|-25.0|2.3|-25.0|-37.5
A|-25.0|-37.5|-23.5|-39.0|1.5|0|1
L|-23.5|-39.0|23.5|-39.0
#428309	858300	807581	-25.00	-64.00	25.00	2.41
A|23.5|-64.0|25.0|-62.5|1.5|0|1
L|25.0|-62.5|25.0|2.41
L|25.0|2.41|-25.0|2.41
L|-25.0|2.3|-25.0|-62.5
A|-25.0|-62.5|-23.5|-64.0|1.5|0|1
L|-23.5|-64.0|23.5|-64.0
#428311	858304	807581	-25.00	-84.00	25.00	2.41
A|23.5|-84.0|25.0|-82.5|1.5|0|1
L|25.0|-82.5|25.0|2.41
L|25.0|2.41|-25.0|2.41
L|-25.0|2.3|-25.0|-82.5
A|-25.0|-82.5|-23.5|-84.0|1.5|0|1
L|-23.5|-84.0|23.5|-84.0
#428313	858328	807581	-25.00	-104.00	25.00	2.41
A|23.5|-104.0|25.0|-102.5|1.5|0|1
L|25.0|-102.5|25.0|2.41
L|25.0|2.41|-25.0|2.41
L|-25.0|2.3|-25.0|-102.5
A|-25.0|-102.5|-23.5|-104.0|1.5|0|1
L|-23.5|-104.0|23.5|-104.0
#428315	858308	807581	-25.00	-124.00	25.00	2.41
A|23.5|-124.0|25.0|-122.5|1.5|0|1
L|25.0|-122.5|25.0|2.41
L|25.0|2.41|-25.0|2.41
L|-25.0|2.3|-25.0|-122.5
A|-25.0|-122.5|-23.5|-124.0|1.5|0|1
L|-23.5|-124.0|23.5|-124.0
#428317	858312	807581	-25.00	-149.00	25.00	2.41
A|23.5|-149.0|25.0|-147.5|1.5|0|1
L|25.0|-147.5|25.0|2.41
L|25.0|2.41|-25.0|2.41
L|-25.0|2.3|-25.0|-147.5
A|-25.0|-147.5|-23.5|-149.0|1.5|0|1
L|-23.5|-149.0|23.5|-149.0
#428319	858332	807581	-25.00	-174.00	25.00	2.41
A|23.5|-174.0|25.0|-172.5|1.5|0|1
L|25.0|-172.5|25.0|2.41
L|25.0|2.41|-25.0|2.41
L|-25.0|2.3|-25.0|-172.5
A|-25.0|-172.5|-23.5|-174.0|1.5|0|1
L|-23.5|-174.0|23.5|-174.0
#428321	858316	807581	-25.00	-78.00	25.00	2.41
A|23.5|-78.0|25.0|-76.5|1.5|0|1
L|25.0|-76.5|25.0|2.41
L|25.0|2.41|-25.0|2.41
L|-25.0|2.3|-25.0|-76.5
A|-25.0|-76.5|-23.5|-78.0|1.5|0|1
L|-23.5|-78.0|23.5|-78.0
#428323	858320	807581	-25.00	-98.00	25.00	2.41
A|23.5|-98.0|25.0|-96.5|1.5|0|1
L|25.0|-96.5|25.0|2.41
L|25.0|2.41|-25.0|2.41
L|-25.0|2.3|-25.0|-96.5
A|-25.0|-96.5|-23.5|-98.0|1.5|0|1
L|-23.5|-98.0|23.5|-98.0
#428325	858324	807581	-25.00	-118.00	25.00	2.41
A|23.5|-118.0|25.0|-116.5|1.5|0|1
L|25.0|-116.5|25.0|2.41
L|25.0|2.41|-25.0|2.41
L|-25.0|2.3|-25.0|-116.5
A|-25.0|-116.5|-23.5|-118.0|1.5|0|1
L|-23.5|-118.0|23.5|-118.0
#428327	858336	807581	-25.00	-143.00	25.00	2.41
A|23.5|-143.0|25.0|-141.5|1.5|0|1
L|25.0|-141.5|25.0|2.41
L|25.0|2.41|-25.0|2.41
L|-25.0|2.3|-25.0|-141.5
A|-25.0|-141.5|-23.5|-143.0|1.5|0|1
L|-23.5|-143.0|23.5|-143.0
#430588	858292	807581	-25.00	-39.00	25.00	2.41
A|23.5|-39.0|25.0|-37.5|1.5|0|1
L|25.0|-37.5|25.0|2.41
L|25.0|2.41|-25.0|2.41
L|-25.0|2.3|-25.0|-37.5
A|-25.0|-37.5|-23.5|-39.0|1.5|0|1
L|-23.5|-39.0|23.5|-39.0
#432642	3834082	273538	-0.79	-6.20	0.00	6.20
L|0.0|-6.2|0.0|-3.3
L|0.0|-3.3|0.0|-1.53
L|0.0|-1.53|0.0|1.47
L|0.0|1.47|0.0|3.28
L|0.0|3.28|0.0|6.2
L|0.0|6.2|-0.79|6.2
L|-0.79|6.2|-0.79|-6.2
L|-0.79|-6.2|0.0|-6.2
#432644	3834083	273538	-2.79	-6.20	0.00	6.20
L|0.0|-6.2|0.0|-3.3
L|0.0|-3.3|0.0|-1.53
L|0.0|-1.53|0.0|1.47
L|0.0|1.47|0.0|3.28
L|0.0|3.28|0.0|6.2
L|0.0|6.2|-2.79|6.2
L|-2.79|6.2|-2.79|-6.2
L|-2.79|-6.2|0.0|-6.2
#432646	3834084	273538	-4.79	-6.20	0.00	6.20
L|0.0|-6.2|0.0|-3.3
L|0.0|-3.3|0.0|-1.53
L|0.0|-1.53|0.0|1.47
L|0.0|1.47|0.0|3.28
L|0.0|3.28|0.0|6.2
L|0.0|6.2|-4.79|6.2
L|-4.79|6.2|-4.79|-6.2
L|-4.79|-6.2|0.0|-6.2
#432648	3834085	273538	-6.79	-6.20	0.00	6.20
L|0.0|-6.2|0.0|-3.3
L|0.0|-3.3|0.0|-1.53
L|0.0|-1.53|0.0|1.47
L|0.0|1.47|0.0|3.28
L|0.0|3.28|0.0|6.2
L|0.0|6.2|-6.79|6.2
L|-6.79|6.2|-6.79|-6.2
L|-6.79|-6.2|0.0|-6.2
#432650	3834086	273538	-8.79	-6.20	0.00	6.20
L|0.0|-6.2|0.0|-3.3
L|0.0|-3.3|0.0|-1.53
L|0.0|-1.53|0.0|1.47
L|0.0|1.47|0.0|3.28
L|0.0|3.28|0.0|6.2
L|0.0|6.2|-8.79|6.2
L|-8.79|6.2|-8.79|-6.2
L|-8.79|-6.2|0.0|-6.2
#432652	3834087	273538	-10.79	-6.20	0.00	6.20
L|0.0|-6.2|0.0|-3.3
L|0.0|-3.3|0.0|-1.53
L|0.0|-1.53|0.0|1.47
L|0.0|1.47|0.0|3.28
L|0.0|3.28|0.0|6.2
L|0.0|6.2|-10.79|6.2
L|-10.79|6.2|-10.79|-6.2
L|-10.79|-6.2|0.0|-6.2
#446002	3834097	273538	-23.60	-9.56	23.50	0.00
A|19.96|-5.5|20.5|-6.04|0.54|0|0
L|20.5|-6.04|20.5|-9.38
A|20.5|-9.38|21.45|-9.56|0.49|0|1
L|21.45|-9.56|22.12|-7.85
L|22.12|-7.85|22.61|-6.81
L|22.61|-6.81|23.4|-5.19
A|23.4|-5.19|22.87|-4.45|0.68|0|1
A|22.87|-4.45|22.5|-3.76|0.58|0|0
L|22.5|-3.76|23.5|0.0
L|23.5|0.0|20.3|0.0
L|20.3|0.0|18.9|-1.4
L|18.9|-1.4|20.7|-1.4
L|20.7|-1.4|20.7|-3.0
L|20.7|-3.0|19.7|-4.0
L|19.7|-4.0|11.3|-4.0
L|11.3|-4.0|11.3|-1.4
L|11.3|-1.4|13.1|-1.4
L|13.1|-1.4|11.7|0.0
L|11.7|0.0|-11.7|-0.0
L|-11.7|-0.0|-13.1|-1.4
L|-13.1|-1.4|-11.3|-1.4
L|-11.3|-1.4|-11.3|-4.0
L|-11.3|-4.0|-19.8|-4.0
L|-19.8|-4.0|-20.8|-3.0
L|-20.8|-3.0|-20.8|-1.4
L|-20.8|-1.4|-19.0|-1.4
L|-19.0|-1.4|-20.4|0.0
L|-20.4|0.0|-23.6|0.0
L|-23.6|0.0|-22.6|-3.76
A|-22.6|-3.76|-22.97|-4.45|0.58|0|0
A|-22.97|-4.45|-23.5|-5.19|0.68|0|1
L|-23.5|-5.19|-22.71|-6.81
L|-22.71|-6.81|-22.22|-7.85
L|-22.22|-7.85|-21.55|-9.56
A|-21.55|-9.56|-20.6|-9.38|0.49|0|1
L|-20.6|-9.38|-20.6|-6.04
A|-20.6|-6.04|-20.06|-5.5|0.54|0|0
L|-20.06|-5.5|-10.8|-5.5
L|-10.8|-5.5|-9.8|-4.5
L|-9.8|-4.5|-9.8|-3.0
L|-9.8|-3.0|-8.8|-2.0
L|-8.8|-2.0|8.8|-2.0
L|8.8|-2.0|9.8|-3.0
L|9.8|-3.0|9.8|-4.5
L|9.8|-4.5|10.8|-5.5
L|10.8|-5.5|19.96|-5.5
#446658	3832270	273538	-3.50	-11.24	3.50	6.20
L|-3.5|-9.96|-3.5|-11.18
A|-3.5|-11.18|-2.97|-11.24|0.27|0|1
L|-2.97|-11.24|-2.78|-10.4
L|-2.78|-10.4|-1.86|-9.16
A|-1.86|-9.16|-1.15|-8.8|0.89|0|0
L|-1.15|-8.8|0.0|-8.8
L|0.0|-8.8|0.0|-3.3
L|0.0|-3.3|1.6|-3.3
L|1.6|-3.3|1.6|-4.47
L|1.6|-4.47|2.26|-4.04
L|2.26|-4.04|3.36|-2.94
A|3.36|-2.94|3.48|-2.18|0.64|0|1
L|3.48|-2.18|3.0|-1.28
L|3.0|-1.28|3.0|1.27
L|3.0|1.27|3.5|2.16
A|3.5|2.16|3.4|2.91|0.63|0|1
L|3.4|2.91|2.28|4.02
L|2.28|4.02|1.6|4.44
L|1.6|4.44|1.6|3.3
L|1.6|3.3|0.0|3.3
L|0.0|3.3|0.0|6.2
L|0.0|6.2|-2.61|6.2
L|-2.61|6.2|-3.5|5.56
L|-3.5|5.56|-2.3|4.48
L|-2.3|4.48|-3.49|3.3
L|-3.49|3.3|-2.3|2.2
L|-2.3|2.2|-3.49|1.1
L|-3.49|1.1|-2.31|0.01
L|-2.31|0.01|-3.49|-1.06
L|-3.49|-1.06|-2.31|-2.19
L|-2.31|-2.19|-3.49|-3.29
L|-3.49|-3.29|-2.31|-4.39
L|-2.31|-4.39|-3.49|-5.49
L|-3.49|-5.49|-2.1|-6.46
L|-2.1|-6.46|-1.71|-7.61
L|-1.71|-7.61|-3.03|-8.53
L|-3.03|-8.53|-3.5|-9.96
L|1.9|1.59|1.9|-1.59
A|1.9|-1.59|1.39|-2.1|0.51|0|0
L|1.39|-2.1|0.45|-2.1
A|0.45|-2.1|-0.1|-1.55|0.55|0|0
L|-0.1|-1.55|-0.1|1.56
A|-0.1|1.56|0.44|2.1|0.54|0|0
L|0.44|2.1|1.39|2.1
A|1.39|2.1|1.9|1.59|0.51|0|0
#447910	3834060	273538	-27.73	-5.00	0.00	5.00
L|-2.77|3.5|-2.18|2.91
L|-2.18|2.91|-1.29|2.54
L|-1.29|2.54|-0.36|2.87
L|-0.36|2.87|0.0|3.67
L|0.0|3.67|-0.42|4.69
L|-0.42|4.69|-1.25|5.0
L|-1.25|5.0|-15.5|5.0
L|-15.5|5.0|-15.5|3.06
L|-15.5|3.06|-15.89|2.16
L|-15.89|2.16|-17.0|1.71
L|-17.0|1.71|-22.05|1.85
L|-22.05|1.85|-26.11|1.68
A|-26.11|1.68|-26.91|1.35|1.27|0|1
L|-26.91|1.35|-27.73|0.61
A|-27.73|0.61|-27.73|-0.61|0.83|0|1
L|-27.73|-0.61|-26.92|-1.35
A|-26.92|-1.35|-26.1|-1.68|1.29|0|1
L|-26.1|-1.68|-22.05|-1.85
L|-22.05|-1.85|-17.0|-1.71
L|-17.0|-1.71|-15.89|-2.16
L|-15.89|-2.16|-15.5|-3.06
L|-15.5|-3.06|-15.5|-5.0
L|-15.5|-5.0|-1.25|-5.0
L|-1.25|-5.0|-0.42|-4.69
L|-0.42|-4.69|-0.0|-3.67
L|-0.0|-3.67|-0.36|-2.87
L|-0.36|-2.87|-1.29|-2.54
L|-1.29|-2.54|-2.18|-2.91
L|-2.18|-2.91|-2.77|-3.5
L|-2.77|-3.5|-6.49|-3.5
A|-6.49|-3.5|-7.23|-3.19|1.04|0|0
L|-7.23|-3.19|-9.72|-0.69
A|-9.72|-0.69|-9.72|0.69|0.97|0|0
L|-9.72|0.69|-7.22|3.2
A|-7.22|3.2|-6.5|3.5|1.01|0|0
L|-6.5|3.5|-2.77|3.5
L|-13.7|1.53|-13.7|2.98
A|-13.7|2.98|-13.18|3.5|0.52|0|0
L|-13.18|3.5|-10.26|3.5
A|-10.26|3.5|-9.9|2.63|0.51|0|0
L|-9.9|2.63|-10.81|1.72
L|-10.81|1.72|-11.51|0.0
L|-11.51|0.0|-10.81|-1.72
L|-10.81|-1.72|-9.92|-2.61
A|-9.92|-2.61|-10.28|-3.5|0.52|0|0
L|-10.28|-3.5|-13.13|-3.5
A|-13.13|-3.5|-13.7|-2.93|0.57|0|0
L|-13.7|-2.93|-13.7|-1.53
L|-13.7|-1.53|-14.49|0.0
L|-14.49|0.0|-13.7|1.53
L|-24.52|1.23|-21.84|1.31
L|-21.84|1.31|-17.98|1.24
L|-17.98|1.24|-16.21|1.04
L|-16.21|1.04|-15.5|0.0
L|-15.5|0.0|-16.21|-1.04
L|-16.21|-1.04|-17.98|-1.24
L|-17.98|-1.24|-21.84|-1.31
L|-21.84|-1.31|-24.52|-1.23
L|-24.52|-1.23|-26.42|-0.83
L|-26.42|-0.83|-26.8|0.0
L|-26.8|0.0|-26.42|0.83
L|-26.42|0.83|-24.52|1.23
#448700	858355	807581	-12.00	-25.00	0.00	25.00
A|-10.5|25.0|-12.0|23.5|1.5|0|1
L|-12.0|23.5|-12.0|-23.5
A|-12.0|-23.5|-10.5|-25.0|1.5|0|1
L|-10.5|-25.0|0.0|-25.0
L|0.0|-25.0|0.0|-23.87
L|0.0|-23.87|-2.8|-22.96
L|-2.8|-22.96|-3.84|-22.96
L|-3.84|-22.96|-4.1|-23.9
L|-4.1|-23.9|-10.2|-23.9
A|-10.2|-23.9|-10.7|-23.4|0.5|0|0
L|-10.7|-23.4|-10.7|23.4
A|-10.7|23.4|-10.2|23.9|0.5|0|0
L|-10.2|23.9|-4.1|23.9
L|-4.1|23.9|-3.84|22.96
L|-3.84|22.96|-2.8|22.96
L|-2.8|22.96|-0.0|23.87
L|-0.0|23.87|-0.0|25.0
L|0.0|25.0|-10.5|25.0
#448702	858359	807581	-15.00	-25.00	0.00	25.00
A|-13.5|25.0|-15.0|23.5|1.5|0|1
L|-15.0|23.5|-15.0|-23.5
A|-15.0|-23.5|-13.5|-25.0|1.5|0|1
L|-13.5|-25.0|0.0|-25.0
L|0.0|-25.0|0.0|-23.87
L|0.0|-23.87|-2.8|-22.96
L|-2.8|-22.96|-3.84|-22.96
L|-3.84|-22.96|-4.1|-23.9
L|-4.1|-23.9|-13.2|-23.9
A|-13.2|-23.9|-13.7|-23.4|0.5|0|0
L|-13.7|-23.4|-13.7|23.4
A|-13.7|23.4|-13.2|23.9|0.5|0|0
L|-13.2|23.9|-4.1|23.9
L|-4.1|23.9|-3.84|22.96
L|-3.84|22.96|-2.8|22.96
L|-2.8|22.96|-0.0|23.87
L|-0.0|23.87|-0.0|25.0
L|-0.0|25.0|-13.5|25.0
#448704	858361	807581	-20.00	-25.00	0.00	25.00
A|-18.5|25.0|-20.0|23.5|1.5|0|1
L|-20.0|23.5|-20.0|-23.5
A|-20.0|-23.5|-18.5|-25.0|1.5|0|1
L|-18.5|-25.0|0.0|-25.0
L|0.0|-25.0|0.0|-23.87
L|0.0|-23.87|-2.8|-22.96
L|-2.8|-22.96|-3.84|-22.96
L|-3.84|-22.96|-4.1|-23.9
L|-4.1|-23.9|-18.2|-23.9
A|-18.2|-23.9|-18.7|-23.4|0.5|0|0
L|-18.7|-23.4|-18.7|23.4
A|-18.7|23.4|-18.2|23.9|0.5|0|0
L|-18.2|23.9|-4.1|23.9
L|-4.1|23.9|-3.84|22.96
L|-3.84|22.96|-2.8|22.96
L|-2.8|22.96|-0.0|23.87
L|-0.0|23.87|-0.0|25.0
L|-0.0|25.0|-18.5|25.0
#448706	858363	807581	-25.00	-25.00	0.00	25.00
A|-23.5|25.0|-25.0|23.5|1.5|0|1
L|-25.0|23.5|-25.0|-23.5
A|-25.0|-23.5|-23.5|-25.0|1.5|0|1
L|-23.5|-25.0|0.0|-25.0
L|0.0|-25.0|0.0|-23.87
L|0.0|-23.87|-2.8|-22.96
L|-2.8|-22.96|-3.84|-22.96
L|-3.84|-22.96|-4.1|-23.9
L|-4.1|-23.9|-23.2|-23.9
A|-23.2|-23.9|-23.7|-23.4|0.5|0|0
L|-23.7|-23.4|-23.7|23.4
A|-23.7|23.4|-23.2|23.9|0.5|0|0
L|-23.2|23.9|-4.1|23.9
L|-4.1|23.9|-3.84|22.96
L|-3.84|22.96|-2.8|22.96
L|-2.8|22.96|-0.0|23.87
L|-0.0|23.87|-0.0|25.0
L|-0.0|25.0|-23.5|25.0
#448708	858365	807581	-30.00	-25.00	0.00	25.00
A|-28.5|25.0|-30.0|23.5|1.5|0|1
L|-30.0|23.5|-30.0|-23.5
A|-30.0|-23.5|-28.5|-25.0|1.5|0|1
L|-28.5|-25.0|0.0|-25.0
L|0.0|-25.0|0.0|-23.87
L|0.0|-23.87|-2.8|-22.96
L|-2.8|-22.96|-3.84|-22.96
L|-3.84|-22.96|-4.1|-23.9
L|-4.1|-23.9|-28.2|-23.9
A|-28.2|-23.9|-28.7|-23.4|0.5|0|0
L|-28.7|-23.4|-28.7|23.4
A|-28.7|23.4|-28.2|23.9|0.5|0|0
L|-28.2|23.9|-4.1|23.9
L|-4.1|23.9|-3.84|22.96
L|-3.84|22.96|-2.8|22.96
L|-2.8|22.96|-0.0|23.87
L|-0.0|23.87|-0.0|25.0
L|-0.0|25.0|-28.5|25.0
#448710	858367	807581	-45.00	-25.00	0.00	25.00
A|-43.5|25.0|-45.0|23.5|1.5|0|1
L|-45.0|23.5|-45.0|-23.5
A|-45.0|-23.5|-43.5|-25.0|1.5|0|1
L|-43.5|-25.0|0.0|-25.0
L|0.0|-25.0|0.0|-23.87
L|0.0|-23.87|-2.8|-22.96
L|-2.8|-22.96|-3.84|-22.96
L|-3.84|-22.96|-4.1|-23.9
L|-4.1|-23.9|-43.2|-23.9
A|-43.2|-23.9|-43.7|-23.4|0.5|0|0
L|-43.7|-23.4|-43.7|23.4
A|-43.7|23.4|-43.2|23.9|0.5|0|0
L|-43.2|23.9|-4.1|23.9
L|-4.1|23.9|-3.84|22.96
L|-3.84|22.96|-2.8|22.96
L|-2.8|22.96|-0.0|23.87
L|-0.0|23.87|-0.0|25.0
L|-0.0|25.0|-43.5|25.0
#448712	858357	807581	-60.00	-25.00	0.00	25.00
A|-58.5|25.0|-60.0|23.5|1.5|0|1
L|-60.0|23.5|-60.0|-23.5
A|-60.0|-23.5|-58.5|-25.0|1.5|0|1
L|-58.5|-25.0|0.0|-25.0
L|0.0|-25.0|0.0|-23.87
L|0.0|-23.87|-2.8|-22.96
L|-2.8|-22.96|-3.84|-22.96
L|-3.84|-22.96|-4.1|-23.9
L|-4.1|-23.9|-58.2|-23.9
A|-58.2|-23.9|-58.7|-23.4|0.5|0|0
L|-58.7|-23.4|-58.7|23.4
A|-58.7|23.4|-58.2|23.9|0.5|0|0
L|-58.2|23.9|-4.1|23.9
L|-4.1|23.9|-3.84|22.96
L|-3.84|22.96|-2.8|22.96
L|-2.8|22.96|-0.0|23.87
L|-0.0|23.87|-0.0|25.0
L|-0.0|25.0|-58.5|25.0
#448714	858369	807581	-100.00	-25.00	0.00	25.00
A|-98.5|25.0|-100.0|23.5|1.5|0|1
L|-100.0|23.5|-100.0|-23.5
A|-100.0|-23.5|-98.5|-25.0|1.5|0|1
L|-98.5|-25.0|0.0|-25.0
L|0.0|-25.0|0.0|-23.87
L|0.0|-23.87|-2.8|-22.96
L|-2.8|-22.96|-3.84|-22.96
L|-3.84|-22.96|-4.1|-23.9
L|-4.1|-23.9|-98.2|-23.9
A|-98.2|-23.9|-98.7|-23.4|0.5|0|0
L|-98.7|-23.4|-98.7|23.4
A|-98.7|23.4|-98.2|23.9|0.5|0|0
L|-98.2|23.9|-4.1|23.9
L|-4.1|23.9|-3.84|22.96
L|-3.84|22.96|-2.8|22.96
L|-2.8|22.96|0.0|23.87
L|0.0|23.87|0.0|25.0
L|0.0|25.0|-98.5|25.0
#464159	3834096	273538	-58.00	-25.00	0.00	25.00
L|-15.0|25.0|-58.0|0.0
L|-58.0|0.0|-15.0|-25.0
L|-15.0|-25.0|0.0|-25.0
L|0.0|-25.0|0.0|-23.87
L|0.0|-23.87|-2.8|-22.96
L|-2.8|-22.96|-3.84|-22.96
L|-3.84|-22.96|-4.1|-23.9
L|-4.1|-23.9|-14.78|-23.9
L|-14.78|-23.9|-55.85|-0.02
L|-55.85|-0.02|-14.7|23.9
L|-14.7|23.9|-4.1|23.9
L|-4.1|23.9|-3.84|22.96
L|-3.84|22.96|-2.8|22.96
L|-2.8|22.96|-0.0|23.87
L|0.0|23.87|0.0|25.0
L|0.0|25.0|-15.0|25.0
#551121	858382	807581	0.00	-67.00	114.00	0.00
L|30.0|0.0|0.0|0.0
L|0.0|0.0|0.0|-64.0
A|0.0|-64.0|3.0|-67.0|3.0|0|1
L|3.0|-67.0|63.0|-67.0
L|63.0|-67.0|63.0|-50.0
L|63.0|-50.0|111.0|-50.0
A|111.0|-50.0|114.0|-47.0|3.0|0|1
L|114.0|-47.0|114.0|0.0
L|114.0|0.0|84.0|0.0
L|84.0|0.0|84.0|-9.0
L|84.0|-9.0|30.0|-9.0
L|30.0|-9.0|30.0|0.0
#551123	858423	807581	0.00	-90.00	114.00	0.00
L|30.0|0.0|0.0|0.0
L|0.0|0.0|0.0|-87.0
A|0.0|-87.0|3.0|-90.0|3.0|0|1
L|3.0|-90.0|63.0|-90.0
L|63.0|-90.0|63.0|-73.0
L|63.0|-73.0|111.0|-73.0
A|111.0|-73.0|114.0|-70.0|3.0|0|1
L|114.0|-70.0|114.0|0.0
L|114.0|0.0|84.0|0.0
L|84.0|0.0|84.0|-9.0
L|84.0|-9.0|30.0|-9.0
L|30.0|-9.0|30.0|0.0
#556155	858384	807581	0.00	0.00	114.00	67.00
L|0.0|36.88|0.0|3.0
A|0.0|3.0|3.0|0.0|3.0|0|1
L|3.0|0.0|63.0|0.0
L|63.0|-0.0|63.0|17.0
L|63.0|17.0|111.0|17.0
A|111.0|17.0|114.0|20.0|3.0|0|1
L|114.0|20.0|114.0|64.0
A|114.0|64.0|111.0|67.0|3.0|0|1
L|111.0|67.0|73.0|67.0
L|73.0|67.0|73.0|51.0
L|73.0|51.0|2.53|39.84
A|2.53|39.84|0.0|36.88|3.0|0|1
#556157	858425	807581	0.00	-0.00	114.00	90.00
L|0.0|59.88|0.0|3.0
A|0.0|3.0|3.0|-0.0|3.0|0|1
L|3.0|0.0|63.0|0.0
L|63.0|0.0|63.0|17.0
L|63.0|17.0|111.0|17.0
A|111.0|17.0|114.0|20.0|3.0|0|1
L|114.0|20.0|114.0|87.0
A|114.0|87.0|111.0|90.0|3.0|0|1
L|111.0|90.0|73.0|90.0
L|73.0|90.0|73.0|74.0
L|73.0|74.0|2.53|62.84
A|2.53|62.84|0.0|59.88|3.0|0|1
#559991	858383	807581	-0.00	0.00	114.00	67.00
L|-0.0|36.88|-0.0|3.0
A|-0.0|3.0|3.0|0.0|3.0|0|1
L|3.0|0.0|15.0|-0.0
L|15.0|-0.0|24.8|14.0
L|24.8|14.0|60.0|14.0
L|60.0|14.0|60.0|0.0
L|60.0|0.0|104.0|0.0
L|104.0|0.0|104.0|25.0
L|104.0|25.0|114.0|25.0
L|114.0|25.0|114.0|64.0
A|114.0|64.0|111.0|67.0|3.0|0|1
L|111.0|67.0|73.0|67.0
L|73.0|67.0|73.0|51.0
L|73.0|51.0|2.53|39.84
A|2.53|39.84|0.0|36.88|3.0|0|1
#559993	858424	807581	0.00	0.00	114.00	90.00
L|0.0|59.88|0.0|3.0
A|0.0|3.0|3.0|0.0|3.0|0|1
L|3.0|0.0|15.0|-0.0
L|15.0|0.0|24.8|14.0
L|24.8|14.0|60.0|14.0
L|60.0|14.0|60.0|0.0
L|60.0|0.0|104.0|0.0
L|104.0|0.0|104.0|25.0
L|104.0|25.0|114.0|25.0
L|114.0|25.0|114.0|87.0
A|114.0|87.0|111.0|90.0|3.0|0|1
L|111.0|90.0|73.0|90.0
L|73.0|90.0|73.0|74.0
L|73.0|74.0|2.53|62.84
A|2.53|62.84|0.0|59.88|3.0|0|1
#559995	858385	807581	0.00	0.00	114.00	67.00
L|0.0|35.13|0.0|3.0
A|-0.0|3.0|3.0|0.0|3.0|0|1
L|3.0|0.0|15.0|-0.0
L|15.0|-0.0|24.8|14.0
L|24.8|14.0|60.0|14.0
L|60.0|14.0|60.0|0.0
L|60.0|0.0|104.0|0.0
L|104.0|0.0|104.0|25.0
L|104.0|25.0|114.0|25.0
L|114.0|25.0|114.0|64.0
A|114.0|64.0|111.0|67.0|3.0|0|1
L|111.0|67.0|84.0|67.0
L|84.0|67.0|84.0|51.0
L|84.0|51.0|2.53|38.1
A|2.53|38.1|0.0|35.13|3.0|0|1
#561006	858386	807581	0.00	-0.00	114.00	67.00
L|0.0|35.13|0.0|3.0
A|0.0|3.0|3.0|-0.0|3.0|0|1
L|3.0|0.0|74.0|0.0
L|74.0|0.0|74.0|14.0
L|74.0|14.0|80.0|14.0
L|80.0|14.0|82.0|9.0
L|82.0|9.0|89.0|9.0
L|89.0|9.0|89.0|21.0
L|89.0|21.0|111.0|21.0
A|111.0|21.0|114.0|24.0|3.0|0|1
L|114.0|24.0|114.0|64.0
A|114.0|64.0|111.0|67.0|3.0|0|1
L|111.0|67.0|84.0|67.0
L|84.0|67.0|84.0|51.0
L|84.0|51.0|2.53|38.1
A|2.53|38.1|0.0|35.13|3.0|0|1
#561008	858428	807581	0.00	-0.00	114.00	90.00
L|0.0|58.13|0.0|3.0
A|0.0|3.0|3.0|-0.0|3.0|0|1
L|3.0|0.0|74.0|0.0
L|74.0|0.0|74.0|14.0
L|74.0|14.0|80.0|14.0
L|80.0|14.0|82.0|9.0
L|82.0|9.0|89.0|9.0
L|89.0|9.0|89.0|21.0
L|89.0|21.0|111.0|21.0
A|111.0|21.0|114.0|24.0|3.0|0|1
L|114.0|24.0|114.0|87.0
A|114.0|87.0|111.0|90.0|3.0|0|1
L|111.0|90.0|84.0|90.0
L|84.0|90.0|84.0|74.0
L|84.0|74.0|2.53|61.1
A|2.53|61.1|0.0|58.13|3.0|0|1
#561921	858427	807581	0.00	0.00	114.00	90.00
L|0.0|58.13|0.0|3.0
A|0.0|3.0|3.0|0.0|3.0|0|1
L|3.0|0.0|15.0|-0.0
L|15.0|-0.0|24.8|14.0
L|24.8|14.0|60.0|14.0
L|60.0|14.0|60.0|0.0
L|60.0|0.0|104.0|0.0
L|104.0|0.0|104.0|25.0
L|104.0|25.0|114.0|25.0
L|114.0|25.0|114.0|87.0
A|114.0|87.0|111.0|90.0|3.0|0|1
L|111.0|90.0|84.0|90.0
L|84.0|90.0|84.0|74.0
L|84.0|74.0|2.53|61.1
A|2.53|61.1|0.0|58.13|3.0|0|1
#562678	858387	807581	0.00	0.00	67.00	114.00
L|47.0|114.0|0.0|114.0
L|0.0|114.0|0.0|84.0
L|0.0|84.0|9.0|84.0
L|9.0|84.0|9.0|30.0
L|9.0|30.0|0.0|30.0
L|0.0|30.0|0.0|0.0
L|0.0|0.0|64.0|0.0
A|64.0|0.0|67.0|3.0|3.0|0|1
L|67.0|3.0|67.0|63.0
L|67.0|63.0|50.0|63.0
L|50.0|63.0|50.0|111.0
A|50.0|111.0|47.0|114.0|3.0|0|1
#562680	858458	807581	0.00	0.00	90.00	114.00
L|70.0|114.0|0.0|114.0
L|0.0|114.0|0.0|84.0
L|0.0|84.0|9.0|84.0
L|9.0|84.0|9.0|30.0
L|9.0|30.0|0.0|30.0
L|0.0|30.0|0.0|0.0
L|0.0|0.0|87.0|0.0
A|87.0|0.0|90.0|3.0|3.0|0|1
L|90.0|3.0|90.0|63.0
L|90.0|63.0|73.0|63.0
L|73.0|63.0|73.0|111.0
A|73.0|111.0|70.0|114.0|3.0|0|1
#563502	858388	807581	0.00	0.00	67.00	114.00
L|43.0|114.0|0.0|114.0
L|0.0|114.0|0.0|84.0
L|0.0|84.0|9.0|84.0
L|9.0|84.0|9.0|30.0
L|9.0|30.0|0.0|30.0
L|0.0|30.0|0.0|0.0
L|0.0|0.0|64.0|0.0
A|64.0|0.0|67.0|3.0|3.0|0|1
L|67.0|3.0|67.0|74.0
L|67.0|74.0|53.0|74.0
L|53.0|74.0|53.0|80.0
L|53.0|80.0|58.0|82.0
L|58.0|82.0|58.0|89.0
L|58.0|89.0|46.0|89.0
L|46.0|89.0|46.0|111.0
A|46.0|111.0|43.0|114.0|3.0|0|1
#563504	858459	807581	0.00	0.00	90.00	114.00
L|66.0|114.0|0.0|114.0
L|0.0|114.0|0.0|84.0
L|0.0|84.0|9.0|84.0
L|9.0|84.0|9.0|30.0
L|9.0|30.0|0.0|30.0
L|0.0|30.0|0.0|0.0
L|0.0|0.0|87.0|0.0
A|87.0|0.0|90.0|3.0|3.0|0|1
L|90.0|3.0|90.0|74.0
L|90.0|74.0|76.0|74.0
L|76.0|74.0|76.0|80.0
L|76.0|80.0|81.0|82.0
L|81.0|82.0|81.0|89.0
L|81.0|89.0|69.0|89.0
L|69.0|89.0|69.0|111.0
A|69.0|111.0|66.0|114.0|3.0|0|1
#564398	858389	807581	-25.00	0.00	42.00	114.00
L|18.0|114.0|-1.0|114.0
A|-1.0|114.0|-4.0|111.0|3.0|0|1
L|-4.0|111.0|-4.0|89.0
L|-4.0|89.0|-16.0|89.0
L|-16.0|89.0|-16.0|82.0
L|-16.0|82.0|-11.0|80.0
L|-11.0|80.0|-11.0|74.0
L|-11.0|74.0|-25.0|74.0
L|-25.0|74.0|-25.0|3.0
A|-25.0|3.0|-22.0|0.0|3.0|0|1
L|-22.0|0.0|39.0|0.0
A|39.0|-0.0|42.0|3.0|3.0|0|1
L|42.0|3.0|42.0|74.0
L|42.0|74.0|28.0|74.0
L|28.0|74.0|28.0|80.0
L|28.0|80.0|33.0|82.0
L|33.0|82.0|33.0|89.0
L|33.0|89.0|21.0|89.0
L|21.0|89.0|21.0|111.0
A|21.0|111.0|18.0|114.0|3.0|0|1
#564400	858429	807581	-36.50	0.00	53.50	114.00
L|29.5|114.0|-12.5|114.0
A|-12.5|114.0|-15.5|111.0|3.0|0|1
L|-15.5|111.0|-15.5|89.0
L|-15.5|89.0|-27.5|89.0
L|-27.5|89.0|-27.5|82.0
L|-27.5|82.0|-22.5|80.0
L|-22.5|80.0|-22.5|74.0
L|-22.5|74.0|-36.5|74.0
L|-36.5|74.0|-36.5|3.0
A|-36.5|3.0|-33.5|0.0|3.0|0|1
L|-33.5|0.0|50.5|0.0
A|50.5|-0.0|53.5|3.0|3.0|0|1
L|53.5|3.0|53.5|74.0
L|53.5|74.0|39.5|74.0
L|39.5|74.0|39.5|80.0
L|39.5|80.0|44.5|82.0
L|44.5|82.0|44.5|89.0
L|44.5|89.0|32.5|89.0
L|32.5|89.0|32.5|111.0
A|32.5|111.0|29.5|114.0|3.0|0|1
#565217	858390	807581	-25.00	0.00	42.00	114.00
L|18.0|114.0|-5.0|114.0
A|-5.0|114.0|-8.0|111.0|3.0|0|1
L|-8.0|111.0|-8.0|63.0
L|-8.0|63.0|-25.0|63.0
L|-25.0|63.0|-25.0|3.0
A|-25.0|3.0|-22.0|0.0|3.0|0|1
L|-22.0|0.0|39.0|0.0
A|39.0|-0.0|42.0|3.0|3.0|0|1
L|42.0|3.0|42.0|74.0
L|42.0|74.0|28.0|74.0
L|28.0|74.0|28.0|80.0
L|28.0|80.0|33.0|82.0
L|33.0|82.0|33.0|89.0
L|33.0|89.0|21.0|89.0
L|21.0|89.0|21.0|111.0
A|21.0|111.0|18.0|114.0|3.0|0|1
#565219	858432	807581	-36.50	0.00	53.50	114.00
L|29.5|114.0|-16.5|114.0
A|-16.5|114.0|-19.5|111.0|3.0|0|1
L|-19.5|111.0|-19.5|63.0
L|-19.5|63.0|-36.5|63.0
L|-36.5|63.0|-36.5|3.0
A|-36.5|3.0|-33.5|0.0|3.0|0|1
L|-33.5|0.0|50.5|0.0
A|50.5|-0.0|53.5|3.0|3.0|0|1
L|53.5|3.0|53.5|74.0
L|53.5|74.0|39.5|74.0
L|39.5|74.0|39.5|80.0
L|39.5|80.0|44.5|82.0
L|44.5|82.0|44.5|89.0
L|44.5|89.0|32.5|89.0
L|32.5|89.0|32.5|111.0
A|32.5|111.0|29.5|114.0|3.0|0|1
#566017	858391	807581	-25.00	0.00	42.00	114.00
L|22.0|114.0|-5.0|114.0
A|-5.0|114.0|-8.0|111.0|3.0|0|1
L|-8.0|111.0|-8.0|63.0
L|-8.0|63.0|-25.0|63.0
L|-25.0|63.0|-25.0|3.0
A|-25.0|3.0|-22.0|0.0|3.0|0|1
L|-22.0|0.0|39.0|0.0
A|39.0|-0.0|42.0|3.0|3.0|0|1
L|42.0|3.0|42.0|63.0
L|42.0|63.0|25.0|63.0
L|25.0|63.0|25.0|111.0
A|25.0|111.0|22.0|114.0|3.0|0|1
#566019	858430	807581	-36.50	0.00	53.50	114.00
L|33.5|114.0|-16.5|114.0
A|-16.5|114.0|-19.5|111.0|3.0|0|1
L|-19.5|111.0|-19.5|63.0
L|-19.5|63.0|-36.5|63.0
L|-36.5|63.0|-36.5|3.0
A|-36.5|3.0|-33.5|0.0|3.0|0|1
L|-33.5|0.0|50.5|0.0
A|50.5|-0.0|53.5|3.0|3.0|0|1
L|53.5|3.0|53.5|63.0
L|53.5|63.0|36.5|63.0
L|36.5|63.0|36.5|111.0
A|36.5|111.0|33.5|114.0|3.0|0|1
#571543	858471	807581	-40.00	-10.00	14.00	80.00
A|-38.31|78.21|-40.0|76.23|2.0|0|1
L|-40.0|76.23|-40.0|32.5
A|-40.0|32.5|-38.0|30.5|2.0|0|1
L|-38.0|30.5|-35.0|30.5
L|-35.0|30.5|-35.0|20.5
L|-35.0|20.5|-33.0|20.5
L|-33.0|20.5|-32.0|25.5
L|-32.0|25.5|-29.0|25.5
L|-29.0|25.5|-28.0|20.5
L|-28.0|20.5|-25.0|20.5
L|-25.0|20.5|-25.0|27.0
L|-25.0|27.0|-20.0|27.0
L|-20.0|27.0|-20.0|5.0
L|-20.0|5.0|-16.6|5.0
L|-16.6|5.0|-16.6|7.5
L|-16.6|7.5|-14.3|7.5
L|-14.3|7.5|-14.3|17.0
L|-14.3|17.0|-2.3|17.0
L|-2.3|17.0|-2.3|7.5
L|-2.3|7.5|0.0|7.5
L|0.0|7.5|0.0|-10.0
L|0.0|-10.0|12.0|-10.0
A|12.0|-10.0|14.0|-8.0|2.0|0|1
L|14.0|-8.0|14.0|61.0
A|14.0|61.0|12.0|63.0|2.0|0|1
L|12.0|63.0|-27.0|63.0
L|-27.0|63.0|-27.0|80.0
L|-27.0|80.0|-38.31|78.21
#573859	858472	807581	-40.00	-78.46	14.00	11.54
A|-40.0|-74.69|-38.31|-76.67|2.0|0|1
L|-38.31|-76.67|-27.0|-78.46
L|-27.0|-78.46|-27.0|-61.46
L|-27.0|-61.46|14.0|-61.46
L|14.0|-61.46|14.0|9.54
A|14.0|9.54|12.0|11.54|2.0|0|1
L|12.0|11.54|0.0|11.54
L|0.0|11.54|0.0|-5.96
L|0.0|-5.96|-2.3|-5.96
L|-2.3|-5.96|-2.3|-15.46
L|-2.3|-15.46|-14.3|-15.46
L|-14.3|-15.46|-14.3|-5.96
L|-14.3|-5.96|-16.5|-5.96
L|-16.5|-5.96|-16.5|-3.46
L|-16.5|-3.46|-20.0|-3.46
L|-20.0|-3.46|-20.0|-23.46
L|-20.0|-23.46|-25.0|-23.46
L|-25.0|-23.46|-25.0|-15.46
L|-25.0|-15.46|-28.0|-15.46
L|-28.0|-15.46|-29.0|-20.46
L|-29.0|-20.46|-32.0|-20.46
L|-32.0|-20.46|-33.0|-15.46
L|-33.0|-15.46|-40.0|-15.46
L|-40.0|-15.46|-40.0|-74.69
#575103	858484	807581	-11.00	-40.00	79.00	14.00
L|77.21|-38.31|79.0|-27.0
L|79.0|-27.0|62.0|-27.0
L|62.0|-27.0|62.0|12.0
A|62.0|12.0|60.0|14.0|2.0|0|1
L|60.0|14.0|-9.0|14.0
A|-9.0|14.0|-11.0|12.0|2.0|0|1
L|-11.0|12.0|-11.0|0.0
L|-11.0|0.0|6.5|0.0
L|6.5|0.0|6.5|-2.3
L|6.5|-2.3|16.0|-2.3
L|16.0|-2.3|16.0|-14.3
L|16.0|-14.3|6.5|-14.3
L|6.5|-14.3|6.5|-16.6
L|6.5|-16.6|4.0|-16.6
L|4.0|-16.6|4.0|-20.0
L|4.0|-20.0|24.0|-20.0
L|24.0|-20.0|24.0|-25.0
L|24.0|-25.0|16.0|-25.0
L|16.0|-25.0|16.0|-28.0
L|16.0|-28.0|21.0|-29.0
L|21.0|-29.0|21.0|-32.0
L|21.0|-32.0|16.0|-33.0
L|16.0|-33.0|16.0|-40.0
L|16.0|-40.0|75.23|-40.0
A|75.23|-40.0|77.21|-38.31|2.0|0|1
#604103	858523	807581	0.00	0.00	15.00	17.00
A|13.0|0.0|15.0|2.0|2.0|0|1
L|15.0|2.0|15.0|14.0
A|15.0|14.0|12.0|17.0|3.0|0|1
L|12.0|17.0|0.0|17.0
L|0.0|17.0|0.0|0.0
L|0.0|0.0|13.0|0.0
#604105	858526	807581	0.00	-0.00	17.00	17.00
A|15.0|-0.0|17.0|2.0|2.0|0|1
L|17.0|2.0|17.0|14.0
A|17.0|14.0|14.0|17.0|3.0|0|1
L|14.0|17.0|0.0|17.0
L|0.0|17.0|0.0|0.0
L|0.0|0.0|15.0|0.0
#604107	858522	807581	0.00	-0.00	20.00	17.00
A|18.0|-0.0|20.0|2.0|2.0|0|1
L|20.0|2.0|20.0|14.0
A|20.0|14.0|17.0|17.0|3.0|0|1
L|17.0|17.0|0.0|17.0
L|0.0|17.0|0.0|0.0
L|0.0|0.0|18.0|0.0
#604109	858528	807581	0.00	-0.00	22.00	17.00
A|20.0|-0.0|22.0|2.0|2.0|0|1
L|22.0|2.0|22.0|14.0
A|22.0|14.0|19.0|17.0|3.0|0|1
L|19.0|17.0|0.0|17.0
L|0.0|17.0|0.0|0.0
L|0.0|0.0|20.0|0.0
#604111	858529	807581	0.00	-0.00	25.00	17.00
A|23.0|-0.0|25.0|2.0|2.0|0|1
L|25.0|2.0|25.0|14.0
A|25.0|14.0|22.0|17.0|3.0|0|1
L|22.0|17.0|0.0|17.0
L|0.0|17.0|0.0|0.0
L|0.0|0.0|23.0|0.0
#605022	858530	807581	0.00	-0.00	25.00	25.00
A|23.0|-0.0|25.0|2.0|2.0|0|1
L|25.0|2.0|25.0|22.0
A|25.0|22.0|22.0|25.0|3.0|0|1
L|22.0|25.0|0.0|25.0
L|0.0|25.0|0.0|0.0
L|0.0|0.0|23.0|0.0
#609231	858474	807581	0.00	-67.00	114.00	0.00
L|30.0|0.0|0.0|0.0
L|0.0|0.0|0.0|-64.0
A|0.0|-64.0|3.0|-67.0|3.0|0|1
L|3.0|-67.0|74.0|-67.0
L|74.0|-67.0|74.0|-53.0
L|74.0|-53.0|80.0|-53.0
L|80.0|-53.0|82.0|-58.0
L|82.0|-58.0|89.0|-58.0
L|89.0|-58.0|89.0|-46.0
L|89.0|-46.0|111.0|-46.0
A|111.0|-46.0|114.0|-43.0|3.0|0|1
L|114.0|-43.0|114.0|0.0
L|114.0|0.0|84.0|0.0
L|84.0|0.0|84.0|-9.0
L|84.0|-9.0|30.0|-9.0
L|30.0|-9.0|30.0|0.0
#609233	858426	807581	0.00	-90.00	114.00	0.00
L|30.0|0.0|0.0|0.0
L|0.0|0.0|0.0|-87.0
A|0.0|-87.0|3.0|-90.0|3.0|0|1
L|3.0|-90.0|74.0|-90.0
L|74.0|-90.0|74.0|-76.0
L|74.0|-76.0|80.0|-76.0
L|80.0|-76.0|82.0|-81.0
L|82.0|-81.0|89.0|-81.0
L|89.0|-81.0|89.0|-69.0
L|89.0|-69.0|111.0|-69.0
A|111.0|-69.0|114.0|-66.0|3.0|0|1
L|114.0|-66.0|114.0|0.0
L|114.0|0.0|84.0|0.0
L|84.0|0.0|84.0|-9.0
L|84.0|-9.0|30.0|-9.0
L|30.0|-9.0|30.0|0.0
#622916	858649	807581	0.00	-67.00	114.00	0.00
L|30.0|0.0|0.0|0.0
L|0.0|0.0|0.0|-47.0
A|0.0|-47.0|3.0|-50.0|3.0|0|1
L|3.0|-50.0|7.0|-50.0
L|7.0|-50.0|9.0|-45.0
L|9.0|-45.0|19.0|-45.0
L|19.0|-45.0|19.0|-50.0
L|19.0|-50.0|67.0|-50.0
L|67.0|-50.0|67.0|-67.0
L|67.0|-67.0|111.0|-67.0
A|111.0|-67.0|114.0|-64.0|3.0|0|1
L|114.0|-64.0|114.0|0.0
L|114.0|0.0|84.0|0.0
L|84.0|0.0|84.0|-9.0
L|84.0|-9.0|30.0|-9.0
L|30.0|-9.0|30.0|0.0
#622918	858627	807581	0.00	-90.00	114.00	0.00
L|33.27|0.0|0.0|0.0
L|0.0|0.0|0.0|-70.0
A|0.0|-70.0|3.0|-73.0|3.0|0|1
L|3.0|-73.0|7.0|-73.0
L|7.0|-73.0|9.0|-68.0
L|9.0|-68.0|19.0|-68.0
L|19.0|-68.0|19.0|-73.0
L|19.0|-73.0|67.0|-73.0
L|67.0|-73.0|67.0|-90.0
L|67.0|-90.0|111.0|-90.0
A|111.0|-90.0|114.0|-87.0|3.0|0|1
L|114.0|-87.0|114.0|0.0
L|114.0|0.0|84.0|0.0
L|84.0|0.0|84.0|-9.0
L|84.0|-9.0|33.27|-9.0
L|33.27|-9.0|33.27|0.0
#622920	858716	807581	0.00	-67.00	114.00	0.00
L|30.0|0.0|0.0|0.0
L|0.0|0.0|0.0|-39.0
A|0.0|-39.0|3.0|-42.0|3.0|0|1
L|3.0|-42.0|7.0|-42.0
L|7.0|-42.0|9.0|-37.0
L|9.0|-37.0|19.0|-37.0
L|19.0|-37.0|19.0|-42.0
L|19.0|-42.0|67.0|-42.0
L|67.0|-42.0|67.0|-67.0
L|67.0|-67.0|111.0|-67.0
A|111.0|-67.0|114.0|-64.0|3.0|0|1
L|114.0|-64.0|114.0|0.0
L|114.0|0.0|84.0|0.0
L|84.0|0.0|84.0|-9.0
L|84.0|-9.0|30.0|-9.0
L|30.0|-9.0|30.0|0.0
#624523	858621	807581	0.00	0.00	114.00	67.00
L|0.0|37.83|0.0|20.0
A|0.0|20.0|3.0|17.0|3.0|0|1
L|3.0|17.0|7.0|17.0
L|7.0|17.0|9.0|22.0
L|9.0|22.0|19.0|22.0
L|19.0|22.0|19.0|17.0
L|19.0|17.0|67.0|17.0
L|67.0|17.0|67.0|0.0
L|67.0|0.0|111.0|0.0
A|111.0|-0.0|114.0|3.0|3.0|0|1
L|114.0|3.0|114.0|64.0
A|114.0|64.0|111.0|67.0|3.0|0|1
L|111.0|67.0|67.0|67.0
L|67.0|67.0|67.0|51.0
L|67.0|51.0|2.53|40.79
A|2.53|40.79|0.0|37.83|3.0|0|1
#624525	858629	807581	0.00	0.00	114.00	90.00
L|0.0|60.83|0.0|20.0
A|0.0|20.0|3.0|17.0|3.0|0|1
L|3.0|17.0|7.0|17.0
L|7.0|17.0|9.0|22.0
L|9.0|22.0|19.0|22.0
L|19.0|22.0|19.0|17.0
L|19.0|17.0|67.0|17.0
L|67.0|17.0|67.0|0.0
L|67.0|0.0|111.0|0.0
A|111.0|0.0|114.0|3.0|3.0|0|1
L|114.0|3.0|114.0|87.0
A|114.0|87.0|111.0|90.0|3.0|0|1
L|111.0|90.0|67.0|90.0
L|67.0|90.0|67.0|74.0
L|67.0|74.0|2.53|63.79
A|2.53|63.79|-0.0|60.83|3.0|0|1
#624527	858718	807581	-0.00	0.00	114.00	90.00
L|-0.0|52.83|-0.0|28.0
A|-0.0|28.0|3.0|25.0|3.0|0|1
L|3.0|25.0|7.0|25.0
L|7.0|25.0|9.0|30.0
L|9.0|30.0|19.0|30.0
L|19.0|30.0|19.0|25.0
L|19.0|25.0|67.0|25.0
L|67.0|25.0|67.0|0.0
L|67.0|0.0|111.0|0.0
A|111.0|-0.0|114.0|3.0|3.0|0|1
L|114.0|3.0|114.0|87.0
A|114.0|87.0|111.0|90.0|3.0|0|1
L|111.0|90.0|67.0|90.0
L|67.0|90.0|67.0|66.0
L|67.0|66.0|2.53|55.79
A|2.53|55.79|-0.0|52.83|3.0|0|1
#625193	858727	807581	0.00	-67.00	114.00	0.00
L|30.0|0.0|0.0|0.0
L|0.0|0.0|0.0|-64.0
A|0.0|-64.0|3.0|-67.0|3.0|0|1
L|3.0|-67.0|63.0|-67.0
L|63.0|-67.0|63.0|-42.0
L|63.0|-42.0|111.0|-42.0
A|111.0|-42.0|114.0|-39.0|3.0|0|1
L|114.0|-39.0|114.0|0.0
L|114.0|0.0|84.0|0.0
L|84.0|0.0|84.0|-9.0
L|84.0|-9.0|30.0|-9.0
L|30.0|-9.0|30.0|0.0
#625368	858729	807581	0.00	0.00	114.00	90.00
L|0.0|51.88|0.0|3.0
A|0.0|3.0|3.0|0.0|3.0|0|1
L|3.0|0.0|63.0|0.0
L|63.0|0.0|63.0|25.0
L|63.0|25.0|111.0|25.0
A|111.0|25.0|114.0|28.0|3.0|0|1
L|114.0|28.0|114.0|87.0
A|114.0|87.0|111.0|90.0|3.0|0|1
L|111.0|90.0|73.0|90.0
L|73.0|90.0|73.0|66.0
L|73.0|66.0|2.53|54.84
A|2.53|54.84|0.0|51.88|3.0|0|1
#625640	858728	807581	0.00	0.00	114.00	67.00
L|0.0|28.88|0.0|3.0
A|0.0|3.0|3.0|0.0|3.0|0|1
L|3.0|0.0|15.0|-0.0
L|15.0|-0.0|24.8|14.0
L|24.8|14.0|60.0|14.0
L|60.0|14.0|60.0|0.0
L|60.0|0.0|104.0|0.0
L|104.0|0.0|104.0|25.0
L|104.0|25.0|114.0|25.0
L|114.0|25.0|114.0|64.0
A|114.0|64.0|111.0|67.0|3.0|0|1
L|111.0|67.0|73.0|67.0
L|73.0|67.0|73.0|43.0
L|73.0|43.0|2.53|31.84
A|2.53|31.84|0.0|28.88|3.0|0|1
#626671	858620	807581	0.00	0.00	114.00	67.00
L|0.0|37.83|0.0|3.0
A|0.0|3.0|3.0|0.0|3.0|0|1
L|3.0|0.0|15.0|-0.0
L|15.0|-0.0|24.8|14.0
L|24.8|14.0|60.0|14.0
L|60.0|14.0|60.0|0.0
L|60.0|0.0|104.0|0.0
L|104.0|0.0|104.0|25.0
L|104.0|25.0|114.0|25.0
L|114.0|25.0|114.0|64.0
A|114.0|64.0|111.0|67.0|3.0|0|1
L|111.0|67.0|67.0|67.0
L|67.0|67.0|67.0|51.0
L|67.0|51.0|2.53|40.79
A|2.53|40.79|0.0|37.83|3.0|0|1
#626717	858628	807581	0.00	0.00	114.00	90.00
L|0.0|60.83|0.0|3.0
A|-0.0|3.0|3.0|0.0|3.0|0|1
L|3.0|0.0|15.0|-0.0
L|15.0|0.0|24.8|14.0
L|24.8|14.0|60.0|14.0
L|60.0|14.0|60.0|0.0
L|60.0|0.0|104.0|0.0
L|104.0|0.0|104.0|25.0
L|104.0|25.0|114.0|25.0
L|114.0|25.0|114.0|87.0
A|114.0|87.0|111.0|90.0|3.0|0|1
L|111.0|90.0|67.0|90.0
L|67.0|90.0|67.0|74.0
L|67.0|74.0|2.53|63.79
A|2.53|63.79|0.0|60.83|3.0|0|1
#626819	858717	807581	0.00	0.00	114.00	67.00
L|0.0|29.83|0.0|3.0
A|-0.0|3.0|3.0|0.0|3.0|0|1
L|3.0|0.0|15.0|-0.0
L|15.0|-0.0|24.8|14.0
L|24.8|14.0|60.0|14.0
L|60.0|14.0|60.0|0.0
L|60.0|0.0|104.0|0.0
L|104.0|0.0|104.0|25.0
L|104.0|25.0|114.0|25.0
L|114.0|25.0|114.0|64.0
A|114.0|64.0|111.0|67.0|3.0|0|1
L|111.0|67.0|67.0|67.0
L|67.0|67.0|67.0|43.0
L|67.0|43.0|2.53|32.79
A|2.53|32.79|0.0|29.83|3.0|0|1
#627630	858746	807581	-25.00	-0.00	42.00	114.00
A|16.5|-0.0|19.5|3.0|3.0|0|1
L|19.5|3.0|19.5|16.0
L|19.5|16.0|23.0|16.0
A|23.0|16.0|25.0|18.0|2.0|0|1
L|25.0|18.0|25.0|67.0
L|25.0|67.0|42.0|67.0
L|42.0|67.0|42.0|111.0
A|42.0|111.0|39.0|114.0|3.0|0|1
L|39.0|114.0|-22.0|114.0
A|-22.0|114.0|-25.0|111.0|3.0|0|1
L|-25.0|111.0|-25.0|67.0
L|-25.0|67.0|-8.0|67.0
L|-8.0|67.0|-8.0|18.0
A|-8.0|18.0|-6.0|16.0|2.0|0|1
L|-6.0|16.0|-2.5|16.0
L|-2.5|16.0|-2.5|3.0
A|-2.5|3.0|0.5|-0.0|3.0|0|1
L|0.5|0.0|16.5|0.0
#627632	858747	807581	-36.50	-0.00	53.50	114.00
A|28.0|-0.0|31.0|3.0|3.0|0|1
L|31.0|3.0|31.0|16.0
L|31.0|16.0|34.5|16.0
A|34.5|16.0|36.5|18.0|2.0|0|1
L|36.5|18.0|36.5|67.0
L|36.5|67.0|53.5|67.0
L|53.5|67.0|53.5|111.0
A|53.5|111.0|50.5|114.0|3.0|0|1
L|50.5|114.0|-33.5|114.0
A|-33.5|114.0|-36.5|111.0|3.0|0|1
L|-36.5|111.0|-36.5|67.0
L|-36.5|67.0|-19.5|67.0
L|-19.5|67.0|-19.5|18.0
A|-19.5|18.0|-17.5|16.0|2.0|0|1
L|-17.5|16.0|-14.0|16.0
L|-14.0|16.0|-14.0|3.0
A|-14.0|3.0|-11.0|-0.0|3.0|0|1
L|-11.0|0.0|28.0|0.0
#628656	858622	807581	0.00	0.00	67.00	114.00
L|64.0|114.0|0.0|114.0
L|0.0|114.0|0.0|84.0
L|0.0|84.0|9.0|84.0
L|9.0|84.0|9.0|30.0
L|9.0|30.0|0.0|30.0
L|0.0|30.0|0.0|0.0
L|0.0|-0.0|45.45|-0.0
L|45.45|0.0|47.0|0.0
A|47.0|-0.0|50.0|3.0|3.0|0|1
L|50.0|3.0|50.0|67.0
L|50.0|67.0|67.0|67.0
L|67.0|67.0|67.0|111.0
A|67.0|111.0|64.0|114.0|3.0|0|1
#628658	858643	807581	0.00	0.00	90.00	114.00
L|87.0|114.0|0.0|114.0
L|0.0|114.0|0.0|84.0
L|0.0|84.0|9.0|84.0
L|9.0|84.0|9.0|30.0
L|9.0|30.0|0.0|30.0
L|0.0|30.0|0.0|0.0
L|0.0|0.0|68.45|0.0
L|68.45|0.0|70.0|0.0
A|70.0|0.0|73.0|3.0|3.0|0|1
L|73.0|3.0|73.0|67.0
L|73.0|67.0|90.0|67.0
L|90.0|67.0|90.0|111.0
A|90.0|111.0|87.0|114.0|3.0|0|1
#631733	858767	807581	-25.00	5.00	-0.00	17.00
L|-25.0|5.0|-1.9|5.0
L|-1.9|5.0|-0.0|17.0
L|-0.0|17.0|-23.69|13.25
L|-23.69|13.25|-25.0|5.0
#631735	858766	807581	-26.00	5.00	-0.00	20.00
L|-26.0|5.0|-2.38|5.0
L|-2.38|5.0|-0.0|20.0
L|-0.0|20.0|-24.23|16.16
L|-24.23|16.16|-26.0|5.0
#631737	858769	807581	-30.00	5.00	-0.00	22.00
L|-30.0|5.0|-2.69|5.0
L|-2.69|5.0|-0.0|22.0
L|0.0|22.0|-28.01|17.56
L|-28.01|17.56|-30.0|5.0
#633536	858777	807581	0.00	0.00	15.00	17.00
L|15.0|0.0|15.0|12.06
A|15.0|12.06|12.47|15.03|3.0|0|1
L|12.47|15.03|0.0|17.0
L|0.0|17.0|0.0|0.0
L|0.0|0.0|15.0|0.0
#633538	858778	807581	0.00	0.00	18.00	17.00
L|18.0|0.0|18.0|11.59
A|18.0|11.59|15.47|14.55|3.0|0|1
L|15.47|14.55|0.0|17.0
L|0.0|17.0|0.0|0.0
L|0.0|0.0|18.0|0.0
#640283	858786	807581	3.67	-59.00	70.50	-5.00
L|65.88|-5.0|5.5|-5.0
L|5.5|-5.0|3.67|-39.84
A|3.67|-39.84|6.66|-43.0|3.0|0|1
L|6.66|-43.0|15.5|-43.0
L|15.5|-43.0|19.84|-56.89
A|19.84|-56.89|22.71|-59.0|3.0|0|1
L|22.71|-59.0|50.57|-59.0
A|50.57|-59.0|53.5|-56.07|2.93|0|1
L|53.5|-56.07|53.5|-18.0
L|53.5|-18.0|70.5|-18.0
L|70.5|-18.0|68.84|-7.53
A|68.84|-7.53|65.88|-5.0|3.0|0|1
#640287	858799	807581	3.67	-59.00	93.50	-5.00
L|88.88|-5.0|5.5|-5.0
L|5.5|-5.0|3.67|-39.84
A|3.67|-39.84|6.66|-43.0|3.0|0|1
L|6.66|-43.0|15.5|-43.0
L|15.5|-43.0|19.84|-56.89
A|19.84|-56.89|22.71|-59.0|3.0|0|1
L|22.71|-59.0|73.57|-59.0
A|73.57|-59.0|76.5|-56.07|2.93|0|1
L|76.5|-56.07|76.5|-18.0
L|76.5|-18.0|93.5|-18.0
L|93.5|-18.0|91.84|-7.53
A|91.84|-7.53|88.88|-5.0|3.0|0|1
#642301	858802	807581	-59.00	-13.00	-5.00	77.00
L|-18.0|60.0|-56.21|57.33
A|-56.21|57.33|-59.0|54.34|3.0|0|1
L|-59.0|54.34|-59.0|-10.0
A|-59.0|-10.0|-56.0|-13.0|3.0|0|1
L|-56.0|-13.0|-47.0|-13.0
L|-47.0|-13.0|-46.0|-8.0
L|-46.0|-8.0|-36.0|-8.0
L|-36.0|-8.0|-35.0|-13.0
L|-35.0|-13.0|-8.0|-13.0
A|-8.0|-13.0|-5.0|-10.0|3.0|0|1
L|-5.0|-10.0|-5.0|72.38
A|-5.0|72.38|-7.53|75.34|3.0|0|1
L|-7.53|75.34|-18.0|77.0
L|-18.0|77.0|-18.0|60.0
#643533	858804	807581	-59.00	-53.00	-5.00	14.00
A|-59.0|-33.0|-56.0|-36.0|3.0|0|1
L|-56.0|-36.0|-18.0|-36.0
L|-18.0|-36.0|-18.0|-53.0
L|-18.0|-53.0|-7.53|-51.34
A|-7.53|-51.34|-5.0|-48.38|3.0|0|1
L|-5.0|-48.38|-5.0|11.0
A|-5.0|11.0|-8.0|14.0|3.0|0|1
L|-8.0|14.0|-40.0|14.0
A|-40.0|14.0|-43.0|11.0|3.0|0|1
L|-43.0|11.0|-43.0|2.0
L|-43.0|2.0|-56.89|-2.34
A|-56.89|-2.34|-59.0|-5.21|3.0|0|1
L|-59.0|-5.21|-59.0|-33.0
#651717	858157	807581	-946.14	988.46	-766.39	1026.46
L|-767.76|988.46|-766.39|1023.34
A|-766.39|1023.34|-769.38|1026.46|3.0|0|1
L|-769.38|1026.46|-943.14|1026.46
A|-943.14|1026.46|-946.14|1023.34|3.0|0|1
L|-946.14|1023.34|-944.76|988.46
L|-944.76|988.46|-767.76|988.46
#651719	858829	807581	-954.14	988.46	-773.39	1026.46
L|-774.76|988.46|-773.39|1023.34
A|-773.39|1023.34|-776.38|1026.46|3.0|0|1
L|-776.38|1026.46|-951.14|1026.46
A|-951.14|1026.46|-954.14|1023.34|3.0|0|1
L|-954.14|1023.34|-952.76|988.46
L|-952.76|988.46|-774.76|988.46
#653316	858832	807581	0.00	0.00	67.00	114.00
L|64.0|114.0|0.0|114.0
L|0.0|114.0|0.0|84.0
L|0.0|84.0|9.0|84.0
L|9.0|84.0|9.0|30.0
L|9.0|30.0|0.0|30.0
L|0.0|30.0|0.0|0.0
L|0.0|0.0|37.45|0.0
L|37.45|0.0|39.0|0.0
A|39.0|0.0|42.0|3.0|3.0|0|1
L|42.0|3.0|42.0|67.0
L|42.0|67.0|67.0|67.0
L|67.0|67.0|67.0|111.0
A|67.0|111.0|64.0|114.0|3.0|0|1
#658261	858602	807581	-944.26	973.46	-689.26	1027.46
A|-941.26|1027.46|-944.26|1024.46|3.0|0|1
L|-944.26|1024.46|-944.26|996.46
A|-944.26|996.46|-941.26|993.46|3.0|0|1
L|-941.26|993.46|-918.26|993.46
L|-918.26|993.46|-918.26|988.46
L|-918.26|988.46|-926.26|988.46
L|-926.26|988.46|-926.26|976.46
A|-926.26|976.46|-923.26|973.46|3.0|0|1
L|-923.26|973.46|-710.26|973.46
A|-710.26|973.46|-707.26|976.46|3.0|0|1
L|-707.26|976.46|-707.26|988.46
L|-707.26|988.46|-715.26|988.46
L|-715.26|988.46|-715.26|993.46
L|-715.26|993.46|-692.26|993.46
A|-692.26|993.46|-689.26|996.46|3.0|0|1
L|-689.26|996.46|-689.26|1024.46
A|-689.26|1024.46|-692.26|1027.46|3.0|0|1
L|-692.26|1027.46|-941.26|1027.46
#662024	3835511	273538	-16.50	-8.00	7.00	20.50
L|-16.5|18.5|-16.5|-8.0
L|-16.5|-8.0|-15.0|-8.0
L|-15.0|-8.0|-15.0|-4.0
L|-15.0|-4.0|-11.0|-4.0
L|-11.0|-4.0|-11.0|-8.0
L|-11.0|-8.0|-6.5|-8.0
L|-6.5|-8.0|-6.5|-6.5
L|-6.5|-6.5|-9.5|-6.5
L|-9.5|-6.5|-9.5|-1.5
L|-9.5|-1.5|-6.5|-1.5
L|-6.5|-1.5|-6.5|-3.48
L|-6.5|-3.48|-5.0|-3.48
L|-5.0|-3.48|-5.0|-1.5
L|-5.0|-1.5|7.0|-1.5
L|7.0|-1.5|7.0|-0.0
L|7.0|-0.0|0.0|0.0
L|0.0|0.0|0.0|10.5
L|0.0|10.5|-1.5|10.5
L|-1.5|10.5|-1.5|2.79
L|-1.5|2.79|-11.0|0.4
L|-11.0|0.4|-11.0|-2.5
L|-11.0|-2.5|-15.0|-2.5
L|-15.0|-2.5|-15.0|18.7
L|-15.0|18.7|-11.5|18.7
L|-11.5|18.7|-11.5|20.5
L|-11.5|20.5|-14.5|20.5
A|-14.5|20.5|-16.5|18.5|2.0|0|1
#662538	3832864	273538	-16.50	-0.74	11.00	25.26
L|-16.5|25.26|-16.5|-0.74
L|-16.5|-0.74|-15.0|-0.74
L|-15.0|-0.74|-15.0|1.26
L|-15.0|1.26|-10.0|1.26
L|-10.0|1.26|-10.0|-0.74
L|-10.0|-0.74|-1.0|-0.74
L|-1.0|-0.74|-1.0|0.76
L|-1.0|0.76|-8.5|0.76
L|-8.5|0.76|-8.5|5.76
L|-8.5|5.76|-5.5|5.76
L|-5.5|5.76|-5.5|4.8
L|-5.5|4.8|-4.0|4.8
L|-4.0|4.8|-4.0|5.76
L|-4.0|5.76|11.0|5.76
L|11.0|5.76|11.0|7.26
L|11.0|7.26|-11.0|7.26
L|-11.0|7.26|-11.0|5.76
L|-11.0|5.76|-10.0|5.76
L|-10.0|5.76|-10.0|2.76
L|-10.0|2.76|-15.0|2.76
L|-15.0|2.76|-15.0|25.26
L|-15.0|25.26|-16.5|25.26
#668169	667281	273538	-0.00	-400.00	1200.00	-100.00
L|101.7|-400.0|108.0|-379.0
L|108.0|-379.0|313.4|-221.0
L|313.4|-221.0|846.6|-221.0
L|846.6|-221.0|1052.0|-379.0
L|1052.0|-379.0|1058.3|-400.0
L|1058.3|-400.0|1200.0|-400.0
L|1200.0|-400.0|1200.0|-183.33
L|1200.0|-183.33|1160.0|-183.33
L|1160.0|-183.33|1160.0|-300.0
L|1160.0|-300.0|1122.32|-300.0
A|1122.32|-300.0|1093.59|-278.62|30.0|0|0
L|1093.59|-278.62|1052.0|-140.0
L|1052.0|-140.0|1000.0|-100.0
L|1000.0|-100.0|160.0|-100.0
L|160.0|-100.0|108.0|-140.0
L|108.0|-140.0|66.41|-278.62
A|66.41|-278.62|37.68|-300.0|30.0|0|0
L|37.68|-300.0|-0.0|-300.0
L|-0.0|-300.0|-0.0|-400.0
L|-0.0|-400.0|101.7|-400.0
#668171	667476	273538	-0.00	-400.00	900.00	-100.00
L|101.7|-400.0|108.0|-379.0
L|108.0|-379.0|313.4|-221.0
L|313.4|-221.0|546.6|-221.0
L|546.6|-221.0|752.0|-379.0
L|752.0|-379.0|758.3|-400.0
L|758.3|-400.0|900.0|-400.0
L|900.0|-400.0|900.0|-183.33
L|900.0|-183.33|860.0|-183.33
L|860.0|-183.33|860.0|-300.0
L|860.0|-300.0|822.32|-300.0
A|822.32|-300.0|793.59|-278.62|30.0|0|0
L|793.59|-278.62|752.0|-140.0
L|752.0|-140.0|700.0|-100.0
L|700.0|-100.0|160.0|-100.0
L|160.0|-100.0|108.0|-140.0
L|108.0|-140.0|66.41|-278.62
A|66.41|-278.62|37.68|-300.0|30.0|0|0
L|37.68|-300.0|-0.0|-300.0
L|-0.0|-300.0|-0.0|-400.0
L|-0.0|-400.0|101.7|-400.0
#668778	668780	273538	125.00	-221.00	769.12	-100.00
L|125.0|-221.0|769.12|-221.0
L|769.12|-221.0|769.12|-100.0
L|769.12|-100.0|132.0|-100.0
L|132.0|-100.0|132.0|-150.0
L|132.0|-150.0|125.0|-150.0
L|125.0|-150.0|125.0|-221.0
#696661	2690699	273538	-26.88	5.12	26.88	81.00
L|2.27|70.0|5.0|70.0
L|5.0|70.0|6.0|71.0
L|6.0|71.0|6.0|74.0
L|6.0|74.0|3.0|77.0
L|3.0|77.0|3.0|78.0
A|3.0|78.0|-0.0|81.0|3.0|0|1
A|-0.0|81.0|-3.0|78.0|3.0|0|1
L|-3.0|78.0|-3.0|77.0
L|-3.0|77.0|-6.0|74.0
L|-6.0|74.0|-6.0|71.0
L|-6.0|71.0|-5.0|70.0
L|-5.0|70.0|-2.27|70.0
L|-2.27|70.0|-1.27|68.98
L|-1.27|68.98|-2.25|25.12
L|-2.25|25.12|-2.25|13.12
A|-2.25|13.12|-5.25|10.12|3.0|0|0
L|-5.25|10.12|-26.88|10.12
L|-26.88|10.12|-26.88|5.12
L|-26.88|5.12|26.88|5.12
L|26.88|5.12|26.88|10.12
L|26.88|10.12|5.25|10.12
A|5.25|10.12|2.25|13.12|3.0|0|0
L|2.25|13.12|2.25|25.12
L|2.25|25.12|1.27|68.98
L|1.27|68.98|2.27|70.0
#696663	2690701	273538	-26.88	5.12	26.88	111.00
L|2.27|100.0|5.0|100.0
L|5.0|100.0|6.0|101.0
L|6.0|101.0|6.0|104.0
L|6.0|104.0|3.0|107.0
L|3.0|107.0|3.0|108.0
A|3.0|108.0|-0.0|111.0|3.0|0|1
A|-0.0|111.0|-3.0|108.0|3.0|0|1
L|-3.0|108.0|-3.0|107.0
L|-3.0|107.0|-6.0|104.0
L|-6.0|104.0|-6.0|101.0
L|-6.0|101.0|-5.0|100.0
L|-5.0|100.0|-2.27|100.0
L|-2.27|100.0|-1.27|98.98
L|-1.27|98.98|-2.25|25.12
L|-2.25|25.12|-2.25|13.12
A|-2.25|13.12|-5.25|10.12|3.0|0|0
L|-5.25|10.12|-26.88|10.12
L|-26.88|10.12|-26.88|5.12
L|-26.88|5.12|26.88|5.12
L|26.88|5.12|26.88|10.12
L|26.88|10.12|5.25|10.12
A|5.25|10.12|2.25|13.12|3.0|0|0
L|2.25|13.12|2.25|25.12
L|2.25|25.12|1.27|98.98
L|1.27|98.98|2.27|100.0
#696665	2690703	273538	-26.88	5.12	26.88	121.00
L|2.27|110.0|5.0|110.0
L|5.0|110.0|6.0|111.0
L|6.0|111.0|6.0|114.0
L|6.0|114.0|3.0|117.0
L|3.0|117.0|3.0|118.0
A|3.0|118.0|-0.0|121.0|3.0|0|1
A|-0.0|121.0|-3.0|118.0|3.0|0|1
L|-3.0|118.0|-3.0|117.0
L|-3.0|117.0|-6.0|114.0
L|-6.0|114.0|-6.0|111.0
L|-6.0|111.0|-5.0|110.0
L|-5.0|110.0|-2.27|110.0
L|-2.27|110.0|-1.27|108.98
L|-1.27|108.98|-2.25|25.12
L|-2.25|25.12|-2.25|13.12
A|-2.25|13.12|-5.25|10.12|3.0|0|0
L|-5.25|10.12|-26.88|10.12
L|-26.88|10.12|-26.88|5.12
L|-26.88|5.12|26.88|5.12
L|26.88|5.12|26.88|10.12
L|26.88|10.12|5.25|10.12
A|5.25|10.12|2.25|13.12|3.0|0|0
L|2.25|13.12|2.25|25.12
L|2.25|25.12|1.27|108.98
L|1.27|108.98|2.27|110.0
#696667	2690705	273538	-26.88	5.12	26.88	141.00
L|2.27|130.0|5.0|130.0
L|5.0|130.0|6.0|131.0
L|6.0|131.0|6.0|134.0
L|6.0|134.0|3.0|137.0
L|3.0|137.0|3.0|138.0
A|3.0|138.0|-0.0|141.0|3.0|0|1
A|-0.0|141.0|-3.0|138.0|3.0|0|1
L|-3.0|138.0|-3.0|137.0
L|-3.0|137.0|-6.0|134.0
L|-6.0|134.0|-6.0|131.0
L|-6.0|131.0|-5.0|130.0
L|-5.0|130.0|-2.27|130.0
L|-2.27|130.0|-1.27|128.98
L|-1.27|128.98|-2.25|25.12
L|-2.25|25.12|-2.25|13.12
A|-2.25|13.12|-5.25|10.12|3.0|0|0
L|-5.25|10.12|-26.88|10.12
L|-26.88|10.12|-26.88|5.12
L|-26.88|5.12|26.88|5.12
L|26.88|5.12|26.88|10.12
L|26.88|10.12|5.25|10.12
A|5.25|10.12|2.25|13.12|3.0|0|0
L|2.25|13.12|2.25|25.12
L|2.25|25.12|1.27|128.98
L|1.27|128.98|2.27|130.0
#696669	2690707	273538	-26.88	5.12	26.88	151.00
L|2.27|140.0|5.0|140.0
L|5.0|140.0|6.0|141.0
L|6.0|141.0|6.0|144.0
L|6.0|144.0|3.0|147.0
L|3.0|147.0|3.0|148.0
A|3.0|148.0|-0.0|151.0|3.0|0|1
A|-0.0|151.0|-3.0|148.0|3.0|0|1
L|-3.0|148.0|-3.0|147.0
L|-3.0|147.0|-6.0|144.0
L|-6.0|144.0|-6.0|141.0
L|-6.0|141.0|-5.0|140.0
L|-5.0|140.0|-2.27|140.0
L|-2.27|140.0|-1.27|138.98
L|-1.27|138.98|-2.25|25.12
L|-2.25|25.12|-2.25|13.12
A|-2.25|13.12|-5.25|10.12|3.0|0|0
L|-5.25|10.12|-26.88|10.12
L|-26.88|10.12|-26.88|5.12
L|-26.88|5.12|26.88|5.12
L|26.88|5.12|26.88|10.12
L|26.88|10.12|5.25|10.12
A|5.25|10.12|2.25|13.12|3.0|0|0
L|2.25|13.12|2.25|25.12
L|2.25|25.12|1.27|138.98
L|1.27|138.98|2.27|140.0
#696671	2690709	273538	-26.88	5.12	26.88	161.00
L|2.27|150.0|5.0|150.0
L|5.0|150.0|6.0|151.0
L|6.0|151.0|6.0|154.0
L|6.0|154.0|3.0|157.0
L|3.0|157.0|3.0|158.0
A|3.0|158.0|-0.0|161.0|3.0|0|1
A|-0.0|161.0|-3.0|158.0|3.0|0|1
L|-3.0|158.0|-3.0|157.0
L|-3.0|157.0|-6.0|154.0
L|-6.0|154.0|-6.0|151.0
L|-6.0|151.0|-5.0|150.0
L|-5.0|150.0|-2.27|150.0
L|-2.27|150.0|-1.27|148.98
L|-1.27|148.98|-2.25|25.12
L|-2.25|25.12|-2.25|13.12
A|-2.25|13.12|-5.25|10.12|3.0|0|0
L|-5.25|10.12|-26.88|10.12
L|-26.88|10.12|-26.88|5.12
L|-26.88|5.12|26.88|5.12
L|26.88|5.12|26.88|10.12
L|26.88|10.12|5.25|10.12
A|5.25|10.12|2.25|13.12|3.0|0|0
L|2.25|13.12|2.25|25.12
L|2.25|25.12|1.27|148.98
L|1.27|148.98|2.27|150.0
#696673	2690711	273538	-26.88	5.12	26.88	181.00
L|2.27|170.0|5.0|170.0
L|5.0|170.0|6.0|171.0
L|6.0|171.0|6.0|174.0
L|6.0|174.0|3.0|177.0
L|3.0|177.0|3.0|178.0
A|3.0|178.0|-0.0|181.0|3.0|0|1
A|-0.0|181.0|-3.0|178.0|3.0|0|1
L|-3.0|178.0|-3.0|177.0
L|-3.0|177.0|-6.0|174.0
L|-6.0|174.0|-6.0|171.0
L|-6.0|171.0|-5.0|170.0
L|-5.0|170.0|-2.27|170.0
L|-2.27|170.0|-1.27|168.98
L|-1.27|168.98|-2.25|25.12
L|-2.25|25.12|-2.25|13.12
A|-2.25|13.12|-5.25|10.12|3.0|0|0
L|-5.25|10.12|-26.88|10.12
L|-26.88|10.12|-26.88|5.12
L|-26.88|5.12|26.88|5.12
L|26.88|5.12|26.88|10.12
L|26.88|10.12|5.25|10.12
A|5.25|10.12|2.25|13.12|3.0|0|0
L|2.25|13.12|2.25|25.12
L|2.25|25.12|1.27|168.98
L|1.27|168.98|2.27|170.0
#696675	2690713	273538	-26.88	5.12	26.88	211.00
L|2.27|200.0|5.0|200.0
L|5.0|200.0|6.0|201.0
L|6.0|201.0|6.0|204.0
L|6.0|204.0|3.0|207.0
L|3.0|207.0|3.0|208.0
A|3.0|208.0|-0.0|211.0|3.0|0|1
A|-0.0|211.0|-3.0|208.0|3.0|0|1
L|-3.0|208.0|-3.0|207.0
L|-3.0|207.0|-6.0|204.0
L|-6.0|204.0|-6.0|201.0
L|-6.0|201.0|-5.0|200.0
L|-5.0|200.0|-2.27|200.0
L|-2.27|200.0|-1.27|198.98
L|-1.27|198.98|-2.25|25.12
L|-2.25|25.12|-2.25|13.12
A|-2.25|13.12|-5.25|10.12|3.0|0|0
L|-5.25|10.12|-26.88|10.12
L|-26.88|10.12|-26.88|5.12
L|-26.88|5.12|26.88|5.12
L|26.88|5.12|26.88|10.12
L|26.88|10.12|5.25|10.12
A|5.25|10.12|2.25|13.12|3.0|0|0
L|2.25|13.12|2.25|25.12
L|2.25|25.12|1.27|198.98
L|1.27|198.98|2.27|200.0
#697895	2690715	273538	-32.50	5.00	32.50	10.00
L|32.5|5.0|32.5|10.0
L|32.5|10.0|-32.5|10.0
L|-32.5|10.0|-32.5|5.0
L|-32.5|5.0|32.5|5.0
#697897	2690717	273538	-32.50	5.00	32.50	10.00
L|32.5|5.0|32.5|10.0
L|32.5|10.0|-32.5|10.0
L|-32.5|10.0|-32.5|5.0
L|-32.5|5.0|32.5|5.0
#697899	2690719	273538	-32.50	5.00	32.50	10.00
L|32.5|5.0|32.5|10.0
L|32.5|10.0|-32.5|10.0
L|-32.5|10.0|-32.5|5.0
L|-32.5|5.0|32.5|5.0
#697901	2690721	273538	-32.50	5.00	32.50	10.00
L|32.5|5.0|32.5|10.0
L|32.5|10.0|-32.5|10.0
L|-32.5|10.0|-32.5|5.0
L|-32.5|5.0|32.5|5.0
#697903	2690723	273538	-32.50	5.00	32.50	10.00
L|32.5|5.0|32.5|10.0
L|32.5|10.0|-32.5|10.0
L|-32.5|10.0|-32.5|5.0
L|-32.5|5.0|32.5|5.0
#697905	2690725	273538	-32.50	5.00	32.50	10.00
L|32.5|5.0|32.5|10.0
L|32.5|10.0|-32.5|10.0
L|-32.5|10.0|-32.5|5.0
L|-32.5|5.0|32.5|5.0
#697907	2690727	273538	-32.50	5.00	32.50	10.00
L|32.5|5.0|32.5|10.0
L|32.5|10.0|-32.5|10.0
L|-32.5|10.0|-32.5|5.0
L|-32.5|5.0|32.5|5.0
#697909	2690729	273538	-32.50	5.00	32.50	10.00
L|32.5|5.0|32.5|10.0
L|32.5|10.0|-32.5|10.0
L|-32.5|10.0|-32.5|5.0
L|-32.5|5.0|32.5|5.0
#699154	2690732	273538	-10.35	0.00	9.16	69.34
L|-8.35|67.34|9.16|67.34
L|9.16|67.34|9.16|69.34
L|9.16|69.34|-10.35|69.34
L|-10.35|69.34|-10.35|41.69
L|-10.35|41.69|-1.99|11.53
L|-1.99|11.53|-1.99|0.0
L|-1.99|0.0|-0.0|0.0
L|-0.0|0.0|-0.0|12.42
L|0.0|12.42|-8.35|42.54
L|-8.35|42.54|-8.35|67.34
#699156	2690731	273538	-10.35	0.00	9.16	54.34
L|-8.35|52.34|9.16|52.34
L|9.16|52.34|9.16|54.34
L|9.16|54.34|-10.35|54.34
L|-10.35|54.34|-10.35|26.69
L|-10.35|26.69|-1.99|11.53
L|-1.99|11.53|-1.99|0.0
L|-1.99|0.0|-0.0|0.0
L|-0.0|0.0|-0.0|12.42
L|-0.0|12.42|-8.35|27.54
L|-8.35|27.54|-8.35|52.34
#701312	2690736	273538	-32.43	6.45	32.43	43.20
L|-32.43|6.45|32.43|6.45
L|32.43|6.45|28.24|11.85
A|28.24|11.85|26.46|12.96|3.0|0|1
L|26.46|12.96|13.5|16.55
A|13.5|16.55|12.23|17.37|2.0|0|0
L|12.23|17.37|3.75|42.35
A|3.75|42.35|2.11|43.2|2.0|0|1
L|2.11|43.2|-2.11|43.2
A|-2.11|43.2|-3.75|42.35|2.0|0|1
L|-3.75|42.35|-12.23|17.37
A|-12.23|17.37|-13.5|16.55|2.0|0|0
L|-13.5|16.55|-26.46|12.96
A|-26.46|12.96|-28.24|11.85|3.0|0|1
L|-28.24|11.85|-32.43|6.45
#701314	2690740	273538	-25.00	16.70	25.00	178.20
L|-25.0|16.7|25.0|16.7
L|25.0|16.7|3.75|177.35
A|3.75|177.35|2.11|178.2|2.0|0|1
L|2.11|178.2|-2.11|178.2
A|-2.11|178.2|-3.75|177.35|2.0|0|1
L|-3.75|177.35|-25.0|16.7
#701316	2690739	273538	-25.00	6.70	25.00	168.20
L|-25.0|6.7|25.0|6.7
L|25.0|6.7|3.75|167.35
A|3.75|167.35|2.11|168.2|2.0|0|1
L|2.11|168.2|-2.11|168.2
A|-2.11|168.2|-3.75|167.35|2.0|0|1
L|-3.75|167.35|-25.0|6.7
#701318	2690738	273538	-25.00	16.70	25.00	158.20
A|3.75|157.35|2.11|158.2|2.0|0|1
L|2.11|158.2|-2.11|158.2
A|-2.11|158.2|-3.75|157.35|2.0|0|1
L|-3.75|157.35|-25.0|16.7
L|-25.0|16.7|25.0|16.7
L|25.0|16.7|3.75|157.35
#701320	2690737	273538	-25.00	6.70	25.00	148.20
A|3.75|147.35|2.11|148.2|2.0|0|1
L|2.11|148.2|-2.11|148.2
A|-2.11|148.2|-3.75|147.35|2.0|0|1
L|-3.75|147.35|-25.0|6.7
L|-25.0|6.7|25.0|6.7
L|25.0|6.7|3.75|147.35
#701322	2690735	273538	-32.43	6.45	32.43	23.20
L|-32.43|6.45|32.43|6.45
L|32.43|6.45|28.24|11.85
A|28.24|11.85|26.46|12.96|3.0|0|1
L|26.46|12.96|8.5|16.55
A|8.5|16.55|7.23|17.37|2.0|0|0
L|7.23|17.37|3.75|22.35
A|3.75|22.35|2.11|23.2|2.0|0|1
L|2.11|23.2|-2.11|23.2
A|-2.11|23.2|-3.75|22.35|2.0|0|1
L|-3.75|22.35|-7.23|17.37
A|-7.23|17.37|-8.5|16.55|2.0|0|0
L|-8.5|16.55|-26.46|12.96
A|-26.46|12.96|-28.24|11.85|3.0|0|1
L|-28.24|11.85|-32.43|6.45
#704512	2690758	273538	-40.00	0.00	40.00	10.00
L|40.0|10.0|-40.0|10.0
L|-40.0|10.0|-40.0|0.0
L|-40.0|0.0|40.0|0.0
L|40.0|0.0|40.0|10.0
#704516	2690756	273538	-40.00	0.00	40.00	10.00
L|40.0|10.0|-40.0|10.0
L|-40.0|10.0|-40.0|0.0
L|-40.0|0.0|40.0|0.0
L|40.0|0.0|40.0|10.0
#712620	2689674	273538	-6.00	0.00	6.00	0.00
A|-6.0|0.0|6.0|-0.0|6.0|0|1
A|6.0|0.0|-6.0|0.0|6.0|0|1
#712622	2689675	273538	-6.06	-7.00	6.06	7.00
L|-6.06|3.5|-6.06|-3.5
L|-6.06|-3.5|-0.0|-7.0
L|-0.0|-7.0|6.06|-3.5
L|6.06|-3.5|6.06|3.5
L|6.06|3.5|0.0|7.0
L|0.0|7.0|-6.06|3.5
#712624	2689676	273538	-10.00	0.00	10.00	0.00
A|-10.0|0.0|10.0|-0.0|10.0|0|1
A|10.0|0.0|-10.0|0.0|10.0|0|1
#712626	2689678	273538	-14.90	0.00	14.90	0.00
A|-14.9|0.0|14.9|-0.0|14.9|0|1
A|14.9|0.0|-14.9|0.0|14.9|0|1
#712628	2689677	273538	-12.00	0.00	12.00	0.00
A|-12.0|0.0|12.0|-0.0|12.0|0|1
A|12.0|0.0|-12.0|0.0|12.0|0|1
#734715	737396	273538	47.50	195.00	362.50	195.00
A|47.5|195.0|362.5|195.0|157.5|0|1
A|362.5|195.0|47.5|195.0|157.5|0|1
#734717	737395	273538	55.00	225.00	415.00	225.00
A|55.0|225.0|415.0|225.0|180.0|0|1
A|415.0|225.0|55.0|225.0|180.0|0|1
#734719	736756	273538	136.94	170.00	406.94	170.00
A|136.94|170.0|406.94|170.0|135.0|0|1
A|406.94|170.0|136.94|170.0|135.0|0|1
#734721	734766	273538	37.50	140.00	262.50	140.00
A|37.5|140.0|262.5|140.0|112.5|0|1
A|262.5|140.0|37.5|140.0|112.5|0|1
#734723	736630	273538	35.00	115.00	215.00	115.00
A|35.0|115.0|215.0|115.0|90.0|0|1
A|215.0|115.0|35.0|115.0|90.0|0|1
#752639	752774	273538	-0.00	12.00	170.00	16.00
L|170.0|12.0|170.0|16.0
L|170.0|16.0|-0.0|16.0
L|-0.0|16.0|-0.0|12.0
L|-0.0|12.0|170.0|12.0
#752643	752782	273538	0.00	12.00	170.00	18.00
L|170.0|12.0|170.0|18.0
L|170.0|18.0|0.0|18.0
L|0.0|18.0|-0.0|12.0
L|-0.0|12.0|170.0|12.0
#757096	2690639	273538	-397.93	5.00	0.00	60.00
L|0.0|5.0|0.0|60.0
L|0.0|60.0|-397.93|60.0
L|-397.93|60.0|-397.93|5.0
L|-397.93|5.0|0.0|5.0
#765696	2690640	273538	0.00	0.00	100.00	50.00
L|100.0|0.0|100.0|50.0
L|100.0|50.0|0.0|50.0
L|0.0|50.0|0.0|0.0
L|0.0|0.0|100.0|0.0
#816970	2334004	859097	0.00	-12.00	205.37	0.00
L|205.37|-12.0|205.37|0.0
L|205.37|0.0|0.0|0.0
L|0.0|0.0|0.0|-12.0
L|0.0|-12.0|205.37|-12.0
#816993	1448630	273538	0.00	-0.00	220.00	8.00
L|220.0|-0.0|220.0|8.0
L|220.0|8.0|0.0|8.0
L|0.0|8.0|0.0|0.0
L|0.0|-0.0|220.0|-0.0
#817005	1424428	807588	-953.26	998.46	-684.26	1052.46
L|-685.26|998.46|-684.26|999.46
L|-684.26|999.46|-684.26|1051.46
L|-684.26|1051.46|-685.26|1052.46
L|-685.26|1052.46|-952.26|1052.46
L|-952.26|1052.46|-953.26|1051.46
L|-953.26|1051.46|-953.26|999.46
L|-953.26|999.46|-952.26|998.46
L|-952.26|998.46|-685.26|998.46
#817022	808172	807588	-0.00	-114.00	67.00	0.00
A|64.0|-114.0|67.0|-111.0|3.0|0|1
L|67.0|-111.0|67.0|-51.0
L|67.0|-51.0|42.0|-51.0
L|42.0|-51.0|42.0|-3.0
A|42.0|-3.0|39.0|0.0|3.0|0|1
L|39.0|0.0|3.0|0.0
A|3.0|0.0|-0.0|-3.0|3.0|0|1
L|0.0|-3.0|0.0|-15.0
L|0.0|-15.0|14.0|-15.0
L|14.0|-15.0|14.0|-97.0
L|14.0|-97.0|34.0|-97.0
L|34.0|-97.0|34.0|-111.0
A|34.0|-111.0|37.0|-114.0|3.0|0|1
L|37.0|-114.0|64.0|-114.0
#821481	1429540	807588	-945.26	998.46	-692.26	1052.46
L|-693.26|998.46|-692.26|999.46
L|-692.26|999.46|-692.26|1051.46
L|-692.26|1051.46|-693.26|1052.46
L|-693.26|1052.46|-944.26|1052.46
L|-944.26|1052.46|-945.26|1051.46
L|-945.26|1051.46|-945.26|999.46
L|-945.26|999.46|-944.26|998.46
L|-944.26|998.46|-693.26|998.46
#825200	2341077	807588	-0.00	-125.00	67.00	-0.00
A|64.0|-125.0|67.0|-122.0|3.0|0|1
L|67.0|-122.0|67.0|-51.0
L|67.0|-51.0|42.0|-51.0
L|42.0|-51.0|42.0|-3.0
A|42.0|-3.0|39.0|-0.0|3.0|0|1
L|39.0|0.0|17.03|0.0
A|17.03|-0.0|12.0|-5.03|5.03|0|1
L|12.0|-5.03|12.0|-8.0
L|12.0|-8.0|-0.0|-8.0
L|-0.0|-8.0|-0.0|-25.0
L|-0.0|-25.0|5.0|-25.0
L|5.0|-25.0|5.0|-100.0
L|5.0|-100.0|-0.0|-100.0
L|-0.0|-100.0|-0.0|-117.0
L|-0.0|-117.0|12.0|-117.0
L|12.0|-117.0|12.0|-122.0
A|12.0|-122.0|15.0|-125.0|3.0|0|1
L|15.0|-125.0|64.0|-125.0
#825202	2341102	807588	-0.00	-102.00	67.00	-0.00
A|64.0|-102.0|67.0|-99.0|3.0|0|1
L|67.0|-99.0|67.0|-51.0
L|67.0|-51.0|50.0|-51.0
L|50.0|-51.0|50.0|-3.0
A|50.0|-3.0|47.0|-0.0|3.0|0|1
L|47.0|0.0|17.03|0.0
A|17.03|-0.0|12.0|-5.03|5.03|0|1
L|12.0|-5.03|12.0|-8.0
L|12.0|-8.0|-0.0|-8.0
L|-0.0|-8.0|-0.0|-26.0
L|-0.0|-26.0|5.0|-26.0
L|5.0|-26.0|5.0|-76.0
L|5.0|-76.0|-0.0|-76.0
L|-0.0|-76.0|-0.0|-94.0
L|-0.0|-94.0|12.0|-94.0
L|12.0|-94.0|12.0|-99.0
A|12.0|-99.0|15.0|-102.0|3.0|0|1
L|15.0|-102.0|64.0|-102.0
#827783	3820741	273538	1.50	0.00	148.50	3.00
L|148.5|3.0|1.5|3.0
L|1.5|3.0|1.5|0.0
L|1.5|0.0|148.5|0.0
L|148.5|0.0|148.5|3.0
#830133	3885399	273538	-10.00	-20.00	1550.00	0.00
L|1550.0|-20.0|1550.0|0.0
L|1550.0|0.0|-10.0|0.0
L|-10.0|0.0|-10.0|-20.0
L|-10.0|-20.0|1550.0|-20.0
#950825	950983	273538	4.24	38.00	111.72	145.75
L|111.72|125.93|111.72|145.75
L|111.72|145.75|4.24|38.0
L|4.24|38.0|24.01|38.0
L|24.01|38.0|111.72|125.93
#971063	3838083	273538	-0.00	-21.40	55.00	-0.00
A|-0.0|-0.0|0.0|-4.66|18.16|0|0
L|0.0|-4.66|1.5|-5.06
L|1.5|-5.06|1.5|-1.8
L|1.5|-1.8|4.9|-1.8
L|4.9|-1.8|4.9|-14.5
L|4.9|-14.5|1.5|-14.5
L|1.5|-14.5|1.5|-12.44
L|1.5|-12.44|0.0|-12.84
L|0.0|-12.84|0.2|-15.09
A|0.2|-15.09|1.19|-16.0|1.0|0|1
L|1.19|-16.0|4.58|-16.0
L|4.58|-16.0|4.58|-17.5
A|4.58|-17.5|4.68|-18.93|0.81|0|0
L|4.68|-18.93|4.52|-20.71
L|4.52|-20.71|7.5|-19.91
L|7.5|-19.91|6.1|-17.5
L|6.1|-17.5|10.89|-17.5
L|10.89|-17.5|10.89|-18.41
L|10.89|-18.41|9.97|-20.0
L|9.97|-20.0|11.5|-20.0
A|11.5|-20.0|12.0|-20.5|0.5|0|0
L|12.0|-20.5|12.0|-21.4
L|12.0|-21.4|19.58|-21.4
A|19.58|-21.4|35.42|-21.4|10.0|0|0
L|35.42|-21.4|43.0|-21.4
L|43.0|-21.4|43.0|-20.5
A|43.0|-20.5|43.5|-20.0|0.5|0|0
L|43.5|-20.0|45.03|-20.0
L|45.03|-20.0|44.11|-18.4
L|44.11|-18.4|44.11|-17.5
L|44.11|-17.5|48.9|-17.5
L|48.9|-17.5|47.5|-19.91
L|47.5|-19.91|50.48|-20.71
L|50.48|-20.71|50.32|-18.93
A|50.32|-18.93|50.42|-17.5|0.81|0|0
L|50.42|-17.5|50.42|-16.0
L|50.42|-16.0|53.81|-16.0
A|53.81|-16.0|54.8|-15.09|1.0|0|1
L|54.8|-15.09|55.0|-12.84
L|55.0|-12.84|53.5|-12.44
L|53.5|-12.44|53.5|-14.5
L|53.5|-14.5|50.1|-14.5
L|50.1|-14.5|50.1|-1.8
L|50.1|-1.8|53.5|-1.8
L|53.5|-1.8|53.5|-5.06
L|53.5|-5.06|55.0|-4.66
A|55.0|-4.66|55.0|-0.0|18.16|0|0
L|55.0|0.0|-0.0|-0.0
A|36.35|-19.4|18.65|-19.4|12.0|0|1
L|18.65|-19.4|13.94|-19.4
L|13.94|-19.4|13.18|-18.64
L|13.18|-18.64|13.18|-17.5
A|13.18|-17.5|11.18|-15.5|2.0|0|1
L|11.18|-15.5|6.6|-15.5
L|6.6|-15.5|6.6|-12.92
A|6.6|-12.92|7.28|-12.46|0.5|0|0
A|7.28|-12.46|9.83|-12.49|3.7|0|1
A|9.83|-12.49|10.5|-11.55|1.0|0|1
L|10.5|-11.55|10.5|-10.1
A|10.5|-10.1|9.58|-10.68|0.54|1|1
A|9.58|-10.68|7.62|-10.68|1.95|0|0
A|7.62|-10.68|6.92|-9.98|0.5|0|1
A|6.92|-9.98|6.92|-8.02|1.95|0|0
A|6.92|-8.02|7.62|-7.32|0.5|0|1
A|7.62|-7.32|9.58|-7.31|1.95|0|0
A|9.58|-7.31|10.5|-7.9|0.55|1|1
L|10.5|-7.9|10.5|-6.45
A|10.5|-6.45|9.83|-5.51|1.0|0|1
A|9.83|-5.51|7.28|-5.54|3.7|0|1
A|7.28|-5.54|6.6|-5.08|0.5|0|0
L|6.6|-5.08|6.6|-1.8
L|6.6|-1.8|48.4|-1.8
L|48.4|-1.8|48.4|-5.08
A|48.4|-5.08|47.72|-5.54|0.5|0|0
A|47.72|-5.54|45.17|-5.51|3.7|0|1
A|45.17|-5.51|44.5|-6.45|1.0|0|1
L|44.5|-6.45|44.5|-7.9
A|44.5|-7.9|45.42|-7.31|0.55|1|1
A|45.42|-7.31|47.38|-7.32|1.95|0|0
A|47.38|-7.32|48.08|-8.02|0.5|0|1
A|48.08|-8.02|48.08|-9.98|1.95|0|0
A|48.08|-9.98|47.38|-10.68|0.5|0|1
A|47.38|-10.68|45.42|-10.68|1.95|0|0
A|45.42|-10.68|44.5|-10.1|0.54|1|1
L|44.5|-10.1|44.5|-11.55
A|44.5|-11.55|45.17|-12.49|1.0|0|1
A|45.17|-12.49|47.72|-12.46|3.7|0|1
A|47.72|-12.46|48.4|-12.92|0.5|0|0
L|48.4|-12.92|48.4|-15.5
L|48.4|-15.5|43.82|-15.5
A|43.82|-15.5|41.82|-17.5|2.0|0|1
L|41.82|-17.5|41.82|-18.64
L|41.82|-18.64|41.06|-19.4
L|41.06|-19.4|36.35|-19.4
#971065	3838084	273538	0.00	0.00	70.00	29.01
L|15.3|19.3|19.58|19.3
A|19.58|19.3|21.28|21.0|1.7|0|1
L|21.28|21.0|21.28|24.5
L|21.28|24.5|24.48|24.5
L|24.48|24.5|24.48|21.1
A|24.48|21.1|25.78|19.8|1.3|0|1
L|25.78|19.8|27.28|19.8
L|27.28|19.8|27.28|21.1
L|27.28|21.1|25.78|21.1
L|25.78|21.1|25.78|24.5
L|25.78|24.5|47.38|24.5
L|47.38|24.5|47.38|21.1
L|47.38|21.1|45.88|21.1
L|45.88|21.1|45.88|19.8
L|45.88|19.8|47.38|19.8
A|47.38|19.8|48.68|21.1|1.3|0|1
L|48.68|21.1|48.68|24.5
L|48.68|24.5|53.3|24.5
L|53.3|24.5|53.3|16.2
L|53.3|16.2|49.9|16.2
A|49.9|16.2|48.4|14.7|1.5|0|1
L|48.4|14.7|48.4|1.8
L|48.4|1.8|6.6|1.8
L|6.6|1.8|6.6|14.3
L|6.6|14.3|13.6|14.3
A|13.6|14.3|15.3|16.0|1.7|0|1
L|15.3|16.0|15.3|19.3
A|19.71|27.07|19.58|26.5|0.3|0|0
L|19.58|26.5|19.58|21.0
L|19.58|21.0|12.6|21.0
L|12.6|21.0|12.6|20.0
L|12.6|20.0|13.6|20.0
L|13.6|20.0|13.6|16.0
L|13.6|16.0|6.6|16.0
L|6.6|16.0|6.6|20.0
L|6.6|20.0|7.6|20.0
L|7.6|20.0|7.6|21.0
L|7.6|21.0|4.9|21.0
L|4.9|21.0|4.9|16.0
L|4.9|16.0|1.19|16.0
A|1.19|16.0|0.2|15.09|1.0|0|1
L|0.2|15.09|0.0|12.84
L|0.0|12.84|1.5|12.44
L|1.5|12.44|1.5|14.5
L|1.5|14.5|4.9|14.5
L|4.9|14.5|4.9|1.8
L|4.9|1.8|1.5|1.8
L|1.5|1.8|1.5|5.06
L|1.5|5.06|-0.0|4.66
L|-0.0|4.66|-0.0|0.0
L|-0.0|0.0|55.0|0.0
L|55.0|0.0|55.0|4.66
L|55.0|4.66|53.5|5.06
L|53.5|5.06|53.5|1.8
L|53.5|1.8|50.1|1.8
L|50.1|1.8|50.1|14.5
L|50.1|14.5|53.5|14.5
L|53.5|14.5|53.5|12.44
L|53.5|12.44|55.0|12.84
L|55.0|12.84|55.0|24.5
L|55.0|24.5|70.0|24.5
L|70.0|24.5|70.0|26.0
L|70.0|26.0|65.42|26.0
L|65.42|26.0|65.42|28.76
L|65.42|28.76|62.58|29.01
L|62.58|29.01|64.03|26.5
L|64.03|26.5|59.12|26.5
L|59.12|26.5|59.12|27.42
L|59.12|27.42|60.03|29.0
L|60.03|29.0|58.72|29.0
A|58.72|29.0|57.02|27.3|1.7|0|1
L|57.02|27.3|57.02|26.5
L|57.02|26.5|27.98|26.5
L|27.98|26.5|27.98|27.3
A|27.98|27.3|26.28|29.0|1.7|0|1
L|26.28|29.0|24.97|29.0
L|24.97|29.0|25.87|27.44
L|25.87|27.44|25.87|26.5
L|25.98|26.5|21.18|26.5
A|21.18|26.5|21.67|27.71|0.85|0|0
L|21.67|27.71|22.42|29.01
L|22.42|29.01|19.56|28.76
L|19.56|28.76|19.71|27.07
#971067	3838078	273538	-0.00	-23.00	23.30	-0.00
L|20.0|-0.0|-0.0|0.0
L|-0.0|0.0|-0.0|-23.0
L|-0.0|-23.0|2.5|-23.0
L|2.5|-23.0|2.5|-22.0
L|2.5|-22.0|1.4|-22.0
L|1.4|-22.0|1.4|-20.0
L|1.4|-20.0|10.8|-20.0
L|10.8|-20.0|10.8|-22.0
L|10.8|-22.0|9.6|-22.0
L|9.6|-22.0|9.6|-23.0
L|9.6|-23.0|11.0|-23.0
A|11.0|-23.0|12.0|-22.0|1.0|0|1
L|12.0|-22.0|12.0|-20.0
A|12.0|-20.0|10.8|-18.8|1.2|0|1
L|10.8|-18.8|1.4|-18.8
L|1.4|-18.8|1.4|-13.0
L|1.4|-13.0|18.0|-13.0
L|18.0|-13.0|18.6|-13.6
L|18.6|-13.6|19.6|-13.6
L|19.6|-13.6|19.6|-12.8
L|19.6|-12.8|22.14|-12.8
L|22.14|-12.8|21.51|-13.31
A|21.51|-13.31|21.73|-14.09|1.02|0|1
L|21.73|-14.09|23.3|-13.18
L|23.3|-13.18|23.3|-11.8
L|23.3|-11.8|1.4|-11.8
L|1.4|-11.8|1.4|-1.4
L|1.4|-1.4|18.4|-1.4
L|18.4|-1.4|18.4|-4.8
A|18.4|-4.8|19.6|-6.0|1.2|0|1
L|19.6|-6.0|22.9|-6.0
A|22.9|-6.0|23.18|-5.32|0.4|0|1
L|23.18|-5.32|22.61|-4.74
L|22.61|-4.74|21.5|-5.0
L|21.5|-5.0|20.0|-5.0
L|20.0|-5.0|20.0|-0.0
#971069	3838079	273538	-0.06	-19.71	23.56	-0.00
L|6.6|-1.8|16.9|-1.8
L|16.9|-1.8|16.9|-14.5
L|16.9|-14.5|6.6|-14.5
L|6.6|-14.5|6.6|-1.8
L|1.5|-14.5|1.5|-12.8
L|1.5|-12.8|0.0|-12.8
L|0.0|-12.8|0.0|-16.5
A|0.0|-16.5|0.1|-17.93|0.81|0|0
L|0.1|-17.93|-0.06|-19.71
L|-0.06|-19.71|3.05|-18.88
L|3.05|-18.88|1.68|-16.5
L|1.68|-16.5|6.38|-16.5
L|6.38|-16.5|6.38|-17.3
L|6.38|-17.3|5.4|-19.0
L|5.4|-19.0|6.7|-19.0
A|6.7|-19.0|8.4|-17.3|1.7|0|1
L|8.4|-17.3|8.4|-16.5
L|8.4|-16.5|15.1|-16.5
L|15.1|-16.5|15.1|-17.3
A|15.1|-17.3|16.8|-19.0|1.7|0|1
L|16.8|-19.0|18.1|-19.0
L|18.1|-19.0|17.12|-17.3
L|17.12|-17.3|17.12|-16.5
L|17.12|-16.5|21.82|-16.5
L|21.82|-16.5|20.45|-18.88
L|20.45|-18.88|23.56|-19.71
L|23.56|-19.71|23.4|-17.93
A|23.4|-17.93|23.5|-16.5|0.81|0|0
L|23.5|-16.5|23.5|-12.84
L|23.5|-12.84|22.0|-12.44
L|22.0|-12.44|22.0|-14.5
L|22.0|-14.5|18.6|-14.5
L|18.6|-14.5|18.6|-1.8
L|18.6|-1.8|22.0|-1.8
L|22.0|-1.8|22.0|-5.06
L|22.0|-5.06|23.5|-4.66
A|23.5|-4.66|23.5|-0.0|18.16|0|0
L|23.5|0.0|-0.0|0.0
A|-0.0|0.0|0.0|-4.66|18.16|0|0
L|0.0|-4.66|1.5|-5.06
L|1.5|-5.06|1.5|-1.8
L|1.5|-1.8|4.9|-1.8
L|4.9|-1.8|4.9|-14.5
L|4.9|-14.5|1.5|-14.5
#971071	3838080	273538	-65.00	-30.07	0.00	-0.00
L|-1.5|-16.0|-5.0|-16.0
L|-5.0|-16.0|-5.0|-2.0
L|-5.0|-2.0|-1.5|-2.0
L|-1.5|-2.0|-1.5|-4.0
L|-1.5|-4.0|0.0|-3.6
L|0.0|-3.6|0.0|-0.0
L|0.0|-0.0|-60.0|-0.0
A|-60.0|-0.0|-65.0|-5.0|5.0|0|1
L|-65.0|-5.0|-65.0|-8.5
L|-65.0|-8.5|-62.8|-8.5
L|-62.8|-8.5|-62.8|-7.5
L|-62.8|-7.5|-64.0|-7.5
L|-64.0|-7.5|-64.0|-6.2
L|-64.0|-6.2|-58.5|-6.2
L|-58.5|-6.2|-58.5|-7.5
L|-58.5|-7.5|-59.7|-7.5
L|-59.7|-7.5|-59.7|-8.5
L|-59.7|-8.5|-57.5|-8.5
L|-57.5|-8.5|-57.5|-6.2
A|-57.5|-6.2|-59.0|-4.7|1.5|0|1
L|-59.0|-4.7|-62.98|-4.7
A|-62.98|-4.7|-60.0|-2.0|3.0|0|0
L|-60.0|-2.0|-50.2|-2.0
L|-50.2|-2.0|-50.2|-4.2
L|-50.2|-4.2|-52.2|-4.2
L|-52.2|-4.2|-52.2|-5.2
L|-52.2|-5.2|-50.2|-5.2
A|-50.2|-5.2|-48.7|-3.7|1.5|0|1
L|-48.7|-3.7|-48.7|-2.0
L|-48.7|-2.0|-23.2|-2.0
L|-23.2|-2.0|-23.2|-17.5
L|-23.2|-17.5|-48.0|-17.5
A|-48.0|-17.5|-49.0|-18.5|1.0|0|1
L|-49.0|-18.5|-49.0|-19.3
L|-49.0|-19.3|-47.8|-19.3
L|-47.8|-19.3|-38.0|-19.3
L|-38.0|-19.3|-38.0|-20.8
L|-38.0|-20.8|-40.0|-21.05
L|-40.0|-21.05|-40.0|-22.95
L|-40.0|-22.95|-38.0|-23.2
L|-38.0|-23.2|-38.0|-24.7
L|-38.0|-24.7|-45.1|-24.7
A|-45.1|-24.7|-45.1|-26.5|0.9|0|1
L|-45.1|-26.5|-25.0|-26.5
L|-25.0|-26.5|-25.0|-29.59
A|-25.0|-29.59|-24.37|-30.07|0.5|0|1
L|-24.37|-30.07|-21.96|-29.43
L|-21.96|-29.43|-23.65|-26.5
L|-23.65|-26.5|-18.35|-26.5
L|-18.35|-26.5|-20.09|-29.5
L|-20.09|-29.5|-18.35|-29.5
A|-18.35|-29.5|-17.49|-29.0|1.0|0|1
L|-17.49|-29.0|-16.04|-26.5
L|-16.04|-26.5|-9.76|-26.5
L|-9.76|-26.5|-8.31|-29.0
A|-8.31|-29.0|-7.45|-29.5|1.0|0|1
L|-7.45|-29.5|-5.71|-29.5
L|-5.71|-29.5|-7.45|-26.5
L|-7.45|-26.5|-2.15|-26.5
L|-2.15|-26.5|-3.84|-29.43
L|-3.84|-29.43|-1.43|-30.07
A|-1.43|-30.07|-0.8|-29.59|0.5|0|1
L|-0.8|-29.59|-0.8|-26.5
A|-0.8|-26.5|0.0|-25.7|0.8|0|1
L|0.0|-25.7|0.0|-23.1
L|0.0|-23.1|-1.3|-21.8
L|-1.3|-21.8|-10.7|-21.8
L|-10.7|-21.8|-11.58|-20.92
L|-11.58|-20.92|-12.47|-21.8
L|-12.47|-21.8|-13.7|-21.8
L|-13.7|-21.8|-15.5|-20.0
L|-15.5|-20.0|-13.7|-18.2
L|-13.7|-18.2|-12.47|-18.2
L|-12.47|-18.2|-11.58|-19.08
L|-11.58|-19.08|-10.7|-18.2
L|-10.7|-18.2|-1.3|-18.2
L|-1.3|-18.2|0.0|-16.9
L|0.0|-16.9|0.0|-14.4
L|0.0|-14.4|-1.5|-14.0
L|-1.5|-14.0|-1.5|-16.0
L|-6.8|-16.2|-21.7|-16.2
L|-21.7|-16.2|-21.7|-2.0
L|-21.7|-2.0|-6.8|-2.0
L|-6.8|-2.0|-6.8|-16.2
L|-21.7|-17.7|-16.53|-17.7
L|-16.53|-17.7|-16.53|-18.91
A|-16.53|-18.91|-16.56|-21.06|1.5|0|1
L|-16.56|-21.06|-14.32|-23.3
L|-14.32|-23.3|-10.21|-23.3
L|-10.21|-23.3|-10.21|-24.7
L|-10.21|-24.7|-36.2|-24.7
L|-36.2|-24.7|-36.2|-19.3
L|-36.2|-19.3|-21.7|-19.3
L|-21.7|-19.3|-21.7|-17.7
#971073	3838081	273538	-49.00	0.00	-0.00	37.07
L|-0.0|0.0|-0.0|3.6
L|-0.0|3.6|-1.5|4.0
L|-1.5|4.0|-1.5|2.0
L|-1.5|2.0|-5.0|2.0
L|-5.0|2.0|-5.0|16.0
L|-5.0|16.0|-1.5|16.0
L|-1.5|16.0|-1.5|14.0
L|-1.5|14.0|0.0|14.4
L|0.0|14.4|0.0|16.9
L|0.0|16.9|-1.3|18.2
L|-1.3|18.2|-10.7|18.2
L|-10.7|18.2|-11.58|19.08
L|-11.58|19.08|-12.47|18.2
L|-12.47|18.2|-13.7|18.2
L|-13.7|18.2|-15.5|20.0
L|-15.5|20.0|-13.7|21.8
L|-13.7|21.8|-12.47|21.8
L|-12.47|21.8|-11.58|20.92
L|-11.58|20.92|-10.7|21.8
L|-10.7|21.8|-1.3|21.8
L|-1.3|21.8|0.0|23.1
L|0.0|23.1|0.0|32.7
A|0.0|32.7|-0.8|33.5|0.8|0|1
L|-0.8|33.5|-0.8|36.59
A|-0.8|36.59|-1.43|37.07|0.5|0|1
L|-1.43|37.07|-3.84|36.43
L|-3.84|36.43|-2.15|33.5
L|-2.15|33.5|-7.45|33.5
L|-7.45|33.5|-5.71|36.5
L|-5.71|36.5|-7.45|36.5
A|-7.45|36.5|-8.31|36.0|1.0|0|1
L|-8.31|36.0|-9.76|33.5
L|-9.76|33.5|-16.04|33.5
L|-16.04|33.5|-17.49|36.0
A|-17.49|36.0|-18.35|36.5|1.0|0|1
L|-18.35|36.5|-20.09|36.5
L|-20.09|36.5|-18.35|33.5
L|-18.35|33.5|-23.65|33.5
L|-23.65|33.5|-21.96|36.43
L|-21.96|36.43|-24.37|37.07
A|-24.37|37.07|-25.0|36.59|0.5|0|1
L|-25.0|36.59|-25.0|33.5
L|-25.0|33.5|-45.1|33.5
A|-45.1|33.5|-45.1|31.7|0.9|0|1
L|-45.1|31.7|-38.0|31.7
L|-38.0|31.7|-38.0|30.2
L|-38.0|30.2|-40.0|29.95
L|-40.0|29.95|-40.0|28.05
L|-40.0|28.05|-38.0|27.8
L|-38.0|27.8|-38.0|26.3
L|-38.0|26.3|-47.8|26.3
L|-47.8|26.3|-49.0|26.3
L|-49.0|26.3|-49.0|25.5
A|-49.0|25.5|-48.0|24.5|1.0|0|1
L|-48.0|24.5|-35.0|24.5
L|-35.0|24.5|-35.0|12.9
L|-35.0|12.9|-33.5|12.5
L|-33.5|12.5|-33.5|14.5
L|-33.5|14.5|-30.0|14.5
L|-30.0|14.5|-30.0|1.8
L|-30.0|1.8|-33.5|1.8
L|-33.5|1.8|-33.5|5.0
L|-33.5|5.0|-35.0|4.6
L|-35.0|4.6|-35.0|0.0
L|-35.0|0.0|-0.0|0.0
L|-6.8|2.0|-21.7|2.0
L|-21.7|2.0|-21.7|4.0
L|-21.7|4.0|-23.2|4.0
L|-23.2|4.0|-23.2|2.0
L|-23.2|2.0|-28.2|2.0
L|-28.2|2.0|-28.2|14.5
A|-28.2|14.5|-30.0|16.3|1.8|0|1
L|-30.0|16.3|-33.2|16.3
L|-33.2|16.3|-33.2|24.5
A|-33.2|24.5|-35.0|26.3|1.8|0|1
L|-35.0|26.3|-36.2|26.3
L|-36.2|26.3|-36.2|31.7
L|-36.2|31.7|-1.8|31.7
L|-1.8|31.7|-1.8|23.9
L|-1.8|23.9|-9.61|23.9
L|-9.61|23.9|-10.21|23.3
L|-10.21|23.3|-14.32|23.3
L|-14.32|23.3|-16.56|21.06
A|-16.56|21.06|-16.53|18.91|1.5|0|1
L|-16.53|18.91|-16.53|17.7
L|-16.53|17.7|-23.2|17.7
L|-23.2|17.7|-23.2|14.2
L|-23.2|14.2|-21.7|14.2
L|-21.7|14.2|-21.7|16.2
L|-21.7|16.2|-6.8|16.2
L|-6.8|16.2|-6.8|2.0
#971075	3838082	273538	0.00	0.00	58.50	32.71
L|0.0|12.0|-0.0|7.0
A|-0.0|7.0|7.0|0.0|7.0|0|1
L|7.0|-0.0|58.5|-0.0
A|58.5|-0.0|58.5|4.66|18.16|0|0
L|58.5|4.66|57.0|5.06
L|57.0|5.06|57.0|1.8
L|57.0|1.8|53.6|1.8
L|53.6|1.8|53.6|14.5
L|53.6|14.5|57.0|14.5
L|57.0|14.5|57.0|12.44
L|57.0|12.44|58.5|12.84
L|58.5|12.84|58.3|15.09
A|58.3|15.09|57.31|16.0|1.0|0|1
L|57.31|16.0|53.6|16.0
L|53.6|16.0|53.6|20.0
A|53.6|20.0|52.6|21.0|1.0|0|1
L|52.6|21.0|50.9|21.0
L|50.9|21.0|50.9|20.0
L|50.9|20.0|51.9|20.0
L|51.9|20.0|51.9|16.0
L|51.9|16.0|44.9|16.0
L|44.9|16.0|44.9|20.0
L|44.9|20.0|45.9|20.0
L|45.9|20.0|45.9|21.0
L|45.9|21.0|38.6|21.0
L|38.6|21.0|38.6|27.5
L|38.6|27.5|42.5|27.5
A|42.5|27.5|43.5|28.5|1.0|0|1
L|43.5|28.5|43.5|29.5
A|43.5|29.5|43.4|30.93|0.81|0|0
L|43.4|30.93|43.56|32.71
L|43.56|32.71|40.45|31.88
L|40.45|31.88|41.82|29.5
L|41.82|29.5|37.12|29.5
L|37.12|29.5|37.12|30.3
L|37.12|30.3|38.1|32.0
L|38.1|32.0|36.8|32.0
A|36.8|32.0|35.1|30.3|1.7|0|1
L|35.1|30.3|35.1|29.5
L|35.1|29.5|28.4|29.5
L|28.4|29.5|28.4|30.3
A|28.4|30.3|26.7|32.0|1.7|0|1
L|26.7|32.0|25.4|32.0
L|25.4|32.0|26.38|30.3
L|26.38|30.3|26.38|29.5
L|26.38|29.5|21.68|29.5
L|21.68|29.5|23.05|31.88
L|23.05|31.88|19.94|32.71
L|19.94|32.71|20.1|30.93
A|20.1|30.93|20.0|29.5|0.81|0|0
L|20.0|29.5|20.0|12.84
L|20.0|12.84|21.5|12.44
L|21.5|12.44|21.5|14.5
L|21.5|14.5|24.9|14.5
L|24.9|14.5|24.9|1.8
L|24.9|1.8|21.5|1.8
L|21.5|1.8|21.0|5.3
L|21.0|5.3|20.0|5.3
L|20.0|5.3|20.0|1.8
L|20.0|1.8|7.0|1.8
A|7.0|1.8|1.8|6.78|5.2|0|0
A|1.8|6.78|2.3|7.3|0.5|0|0
L|2.3|7.3|10.3|7.3
A|10.3|7.3|11.8|8.8|1.5|0|1
L|11.8|8.8|11.8|10.8
A|11.8|10.8|10.6|12.0|1.2|0|1
L|10.6|12.0|9.6|12.0
L|9.6|12.0|9.6|11.0
L|9.6|11.0|10.6|11.0
L|10.6|11.0|10.6|9.0
L|10.6|9.0|1.5|9.0
L|1.5|9.0|1.5|11.0
L|1.5|11.0|2.5|11.0
L|2.5|11.0|2.5|12.0
L|2.5|12.0|0.0|12.0
L|38.6|19.3|43.2|19.3
L|43.2|19.3|43.2|16.2
A|43.2|16.2|44.9|14.5|1.7|0|1
L|44.9|14.5|51.9|14.5
L|51.9|14.5|51.9|1.8
L|51.9|1.8|38.6|1.8
L|38.6|1.8|38.6|2.8
A|38.6|2.8|36.9|3.51|1.0|0|1
L|36.9|3.51|36.9|1.8
L|36.9|1.8|26.6|1.8
L|26.6|1.8|26.6|14.5
A|26.6|14.5|24.9|16.2|1.7|0|1
L|24.9|16.2|21.7|16.2
L|21.7|16.2|21.7|27.5
L|21.7|27.5|24.9|27.5
L|24.9|27.5|24.9|26.5
A|24.9|26.5|26.6|25.79|1.0|0|1
L|26.6|25.79|26.6|27.5
L|26.6|27.5|36.9|27.5
L|36.9|27.5|36.9|21.0
A|36.9|21.0|38.6|19.3|1.7|0|1
#971077	3838073	273538	-9.46	0.00	-5.44	24.00
L|-6.45|21.33|-5.44|23.09
L|-5.44|23.09|-5.44|24.0
L|-5.44|24.0|-9.46|24.0
L|-9.46|24.0|-9.46|23.09
L|-9.46|23.09|-8.45|21.33
L|-8.45|21.33|-8.45|2.67
L|-8.45|2.67|-9.46|0.91
L|-9.46|0.91|-9.46|0.0
L|-9.46|0.0|-5.44|0.0
L|-5.44|0.0|-5.44|0.91
L|-5.44|0.91|-6.45|2.67
L|-6.45|2.67|-6.45|21.33
#971079	3838074	273538	6.02	0.00	12.18	20.00
L|7.6|15.45|9.88|14.13
A|9.88|14.13|10.38|13.27|1.0|0|0
L|10.38|13.27|10.38|6.73
A|10.38|6.73|9.88|5.87|1.0|0|0
L|9.88|5.87|7.6|4.55
A|7.6|4.55|7.1|3.69|1.0|0|1
L|7.1|3.69|7.1|2.69
L|7.1|2.69|6.02|0.82
L|6.02|0.82|6.02|0.0
L|6.02|0.0|10.18|0.0
L|10.18|0.0|10.18|0.82
L|10.18|0.82|8.87|3.09
L|8.87|3.09|12.18|5.0
L|12.18|5.0|12.18|15.0
L|12.18|15.0|8.87|16.91
L|8.87|16.91|10.18|19.18
L|10.18|19.18|10.18|20.0
L|10.18|20.0|6.02|20.0
L|6.02|20.0|6.02|19.18
L|6.02|19.18|7.1|17.31
L|7.1|17.31|7.1|16.31
A|7.1|16.31|7.6|15.45|1.0|0|1
#971081	3838087	273538	-2.08	-3.30	12.02	3.39
A|4.97|2.2|9.95|1.9|13.8|0|0
L|9.95|1.9|10.65|1.2
L|10.65|1.2|-1.1|1.2
A|-1.1|1.2|-2.08|0.0|1.0|0|1
L|-2.08|0.0|-0.0|0.0
L|-0.0|0.0|-0.0|-1.78
L|-0.0|-1.78|-1.01|-1.78
L|-1.01|-1.78|0.51|-3.3
L|0.51|-3.3|4.71|-3.3
L|4.71|-3.3|5.98|-2.03
L|5.98|-2.03|5.0|-2.03
L|5.0|-2.03|5.0|0.0
L|5.0|0.0|7.9|-0.0
L|7.9|-0.0|7.9|-1.8
A|7.9|-1.8|12.02|0.14|5.34|0|1
A|12.02|0.14|11.25|2.78|1.66|0|1
A|11.25|2.78|4.83|3.39|15.0|0|1
A|4.83|3.39|4.97|2.2|0.6|0|1
A|0.8|-0.9|1.3|-0.4|0.5|0|0
L|1.3|-0.4|3.7|-0.4
A|3.7|-0.4|4.2|-0.9|0.5|0|0
L|4.2|-0.9|4.2|-1.9
A|4.2|-1.9|3.7|-2.4|0.5|0|0
L|3.7|-2.4|1.3|-2.4
A|1.3|-2.4|0.8|-1.9|0.5|0|0
L|0.8|-1.9|0.8|-0.9
#971083	3838088	273538	-2.65	-6.91	14.41	2.00
A|-0.86|-6.19|2.91|-2.61|4.0|0|0
L|2.91|-2.61|2.28|-6.18
A|2.28|-6.18|3.66|-6.42|0.7|0|1
L|3.66|-6.42|4.19|-3.38
A|4.19|-3.38|5.64|-2.67|1.0|0|0
L|5.64|-2.67|13.67|-6.91
A|13.67|-6.91|14.41|-5.49|0.8|0|1
L|14.41|-5.49|2.5|0.8
L|2.5|0.8|2.5|-0.0
L|2.5|-0.0|0.0|0.0
L|-0.0|0.0|0.0|2.0
L|0.0|2.0|-1.39|1.2
L|-1.39|1.2|-2.65|-5.94
A|-2.65|-5.94|-0.86|-6.19|0.9|1|1
#971085	3838089	273538	-1.69	-2.38	10.40	4.00
L|2.5|0.0|2.5|-1.0
L|2.5|-1.0|1.5|-1.0
L|1.5|-1.0|2.88|-2.38
L|2.88|-2.38|3.69|-2.27
A|3.69|-2.27|5.45|-1.22|2.0|0|0
L|5.45|-1.22|6.45|-1.22
A|6.45|-1.22|8.21|-2.27|2.0|0|0
L|8.21|-2.27|9.02|-2.38
L|9.02|-2.38|10.4|-1.0
L|10.4|-1.0|9.6|-1.0
L|9.6|-1.0|9.6|-0.0
L|9.6|-0.0|10.4|0.0
L|10.4|0.0|10.4|0.95
L|10.4|0.95|4.15|0.95
A|4.15|0.95|3.65|1.47|0.5|0|0
A|3.65|1.47|3.4|3.32|5.11|0|1
A|3.4|3.32|2.46|4.0|1.0|0|1
L|2.46|4.0|-0.71|4.0
A|-0.71|4.0|-1.69|2.79|1.0|0|1
A|-1.69|2.79|-0.2|-0.0|5.76|0|1
L|-0.2|-0.0|2.5|0.0
#971087	3838090	273538	-10.00	0.00	0.00	17.50
L|-10.0|0.0|0.0|0.0
L|0.0|0.0|0.0|17.5
L|0.0|17.5|-10.0|17.5
L|-10.0|17.5|-10.0|0.0
#971089	3838091	273538	-7.50	0.00	0.00	17.50
L|-7.5|0.0|0.0|0.0
L|0.0|0.0|0.0|17.5
L|0.0|17.5|-7.5|17.5
L|-7.5|17.5|-7.5|0.0
#971091	3838075	273538	-23.58	-1.15	-17.43	24.85
A|-19.01|20.29|-18.51|21.16|1.0|0|1
L|-18.51|21.16|-18.51|22.16
L|-18.51|22.16|-17.43|24.03
L|-17.43|24.03|-17.43|24.85
L|-17.43|24.85|-21.59|24.85
L|-21.59|24.85|-21.59|24.03
L|-21.59|24.03|-20.28|21.76
L|-20.28|21.76|-23.58|19.85
L|-23.58|19.85|-23.58|3.85
L|-23.58|3.85|-20.28|1.94
L|-20.28|1.94|-21.59|-0.34
L|-21.59|-0.34|-21.59|-1.15
L|-21.59|-1.15|-17.43|-1.15
L|-17.43|-1.15|-17.43|-0.34
L|-17.43|-0.34|-18.51|1.54
L|-18.51|1.54|-18.51|2.53
A|-18.51|2.53|-19.01|3.4|1.0|0|1
L|-19.01|3.4|-21.28|4.71
A|-21.28|4.71|-21.78|5.58|1.0|0|0
L|-21.78|5.58|-21.78|18.12
A|-21.78|18.12|-21.28|18.98|1.0|0|0
L|-21.28|18.98|-19.01|20.29
#973655	3838071	273538	-7.66	14.60	11.66	23.60
A|-7.66|23.6|-7.66|14.6|30.0|0|1
L|-7.66|14.6|11.66|14.6
A|11.66|14.6|11.66|23.6|30.0|0|1
L|11.66|23.6|-7.66|23.6
#974931	3838072	273538	-9.66	-10.70	9.66	-1.70
A|-9.66|-1.7|-9.66|-10.7|30.0|0|1
L|-9.66|-10.7|9.66|-10.7
A|9.66|-10.7|9.66|-1.7|30.0|0|1
L|9.66|-1.7|-9.66|-1.7
#976082	3838076	273538	2.00	-5.10	12.00	-0.30
L|2.5|-3.4|3.5|-3.4
L|3.5|-3.4|3.04|-5.1
L|3.25|-2.5|3.25|-1.2
L|3.25|-1.2|10.75|-1.2
L|10.75|-1.2|10.75|-2.5
L|10.96|-5.1|10.5|-3.4
L|10.5|-3.4|11.5|-3.4
A|11.5|-3.4|12.0|-2.9|0.5|0|1
L|12.0|-2.9|12.0|-0.8
A|12.0|-0.8|11.5|-0.3|0.5|0|1
L|11.5|-0.3|2.5|-0.3
A|2.5|-0.3|2.0|-0.8|0.5|0|1
L|2.0|-0.8|2.0|-2.9
A|2.0|-2.9|2.5|-3.4|0.5|0|1
#977392	3838085	273538	-32.50	-47.00	3.57	-0.00
L|-19.5|-2.0|-19.5|-16.6
L|-19.5|-16.6|-18.0|-17.0
L|-18.0|-17.0|-18.0|-14.75
L|-18.0|-14.75|-13.7|-14.75
L|-13.7|-14.75|-13.7|-29.25
L|-13.7|-29.25|-18.0|-29.25
L|-18.0|-29.25|-18.0|-27.0
L|-18.0|-27.0|-19.5|-27.4
L|-19.5|-27.4|-19.5|-47.0
L|-19.5|-47.0|-15.9|-47.0
L|-15.9|-47.0|-15.5|-45.5
L|-15.5|-45.5|-17.8|-45.5
L|-17.8|-45.5|-17.8|-42.0
L|-17.8|-42.0|-1.8|-42.0
L|-1.8|-42.0|-1.8|-45.5
L|-1.8|-45.5|-5.5|-45.5
L|-5.5|-45.5|-5.1|-47.0
L|-5.1|-47.0|-0.8|-47.0
A|-0.8|-47.0|0.0|-46.2|0.8|0|1
L|0.0|-46.2|3.09|-46.2
A|3.09|-46.2|3.57|-45.57|0.5|0|1
L|3.57|-45.57|2.93|-43.16
L|2.93|-43.16|-0.0|-44.85
L|-0.0|-44.85|-0.0|-39.55
L|-0.0|-39.55|3.0|-41.29
L|3.0|-41.29|3.0|-39.55
A|3.0|-39.55|2.5|-38.69|1.0|0|1
L|2.5|-38.69|-0.0|-37.24
L|-0.0|-37.24|-0.0|-30.96
L|-0.0|-30.96|2.5|-29.51
A|2.5|-29.51|3.0|-28.65|1.0|0|1
L|3.0|-28.65|3.0|-26.91
L|3.0|-26.91|-0.0|-28.65
L|-0.0|-28.65|-0.0|-23.35
L|-0.0|-23.35|2.93|-25.04
L|2.93|-25.04|3.57|-22.63
A|3.57|-22.63|3.09|-22.0|0.5|0|1
L|3.09|-22.0|-0.0|-22.0
L|-0.0|-22.0|-0.0|-1.9
A|0.0|-1.9|-1.8|-1.9|0.9|0|1
L|-1.8|-1.9|-1.8|-9.0
L|-1.8|-9.0|-3.3|-9.0
L|-3.3|-9.0|-3.55|-7.0
L|-3.55|-7.0|-5.45|-7.0
L|-5.45|-7.0|-5.7|-9.0
L|-5.7|-9.0|-7.2|-9.0
L|-7.2|-9.0|-7.2|-0.0
L|-7.2|-0.0|-8.0|-0.0
A|-8.0|-0.0|-10.4|-0.0|3.7|0|0
L|-10.4|-0.0|-12.0|-0.0
A|-12.0|-0.0|-14.4|-0.0|3.7|0|0
L|-14.4|-0.0|-16.0|-0.0
A|-16.0|-0.0|-18.4|-0.0|3.7|0|0
L|-18.4|-0.0|-20.0|-0.0
A|-20.0|-0.0|-22.4|-0.0|3.7|0|0
L|-22.4|-0.0|-24.0|-0.0
A|-24.0|-0.0|-26.4|-0.0|3.7|0|0
L|-26.4|-0.0|-28.0|-0.0
A|-28.0|-0.0|-30.4|-0.0|3.68|0|0
L|-30.4|-0.0|-31.5|-0.0
L|-31.5|-0.0|-32.5|-1.0
L|-32.5|-1.0|-32.5|-2.0
L|-32.5|-2.0|-19.5|-2.0
L|-13.7|-13.05|-17.8|-13.05
L|-17.8|-13.05|-17.8|-2.0
L|-17.8|-2.0|-14.26|-2.0
A|-14.26|-2.0|-13.8|-2.69|0.5|0|0
A|-13.8|-2.69|-13.94|-4.87|3.55|0|1
A|-13.94|-4.87|-12.49|-6.0|1.5|0|1
L|-12.49|-6.0|-11.69|-6.0
A|-11.69|-6.0|-12.26|-5.06|0.55|1|1
A|-12.26|-5.06|-11.0|-2.01|2.05|0|0
A|-11.0|-2.01|-10.0|-2.01|0.5|0|1
A|-10.0|-2.01|-8.74|-5.06|2.05|0|0
A|-8.74|-5.06|-8.9|-6.0|0.56|1|1
L|-8.9|-6.0|-8.9|-9.0
A|-8.9|-9.0|-7.2|-10.7|1.7|0|1
L|-7.2|-10.7|-1.8|-10.7
L|-1.8|-10.7|-1.8|-31.2
L|-1.8|-31.2|-5.67|-31.2
A|-5.67|-31.2|-4.8|-32.7|1.0|0|1
L|-4.8|-32.7|-1.8|-32.7
L|-1.8|-32.7|-1.8|-40.3
L|-1.8|-40.3|-6.87|-40.3
A|-6.87|-40.3|-7.32|-39.58|0.5|0|0
A|-7.32|-39.58|-7.06|-37.13|3.55|0|1
A|-7.06|-37.13|-8.51|-36.0|1.5|0|1
L|-8.51|-36.0|-9.31|-36.0
A|-9.31|-36.0|-8.74|-36.94|0.55|1|1
A|-8.74|-36.94|-10.0|-39.99|2.05|0|0
A|-10.0|-39.99|-11.0|-39.99|0.5|0|1
A|-11.0|-39.99|-12.26|-36.94|2.05|0|0
A|-12.26|-36.94|-11.69|-36.0|0.55|1|1
L|-11.69|-36.0|-12.49|-36.0
A|-12.49|-36.0|-13.94|-37.13|1.5|0|1
A|-13.94|-37.13|-13.68|-39.58|3.55|0|1
A|-13.68|-39.58|-14.13|-40.3|0.5|0|0
L|-14.13|-40.3|-17.8|-40.3
L|-17.8|-40.3|-17.8|-30.95
L|-17.8|-30.95|-13.7|-30.95
A|-13.7|-30.95|-12.0|-29.25|1.7|0|1
L|-12.0|-29.25|-12.0|-14.75
A|-12.0|-14.75|-13.7|-13.05|1.7|0|1
#979667	3838086	273538	-21.00	-15.00	0.00	2.70
A|0.0|0.0|-5.1|0.0|21.75|0|0
L|-5.1|0.0|-5.1|1.7
L|-5.1|1.7|-4.31|1.7
L|-4.31|1.7|-5.31|2.7
A|-5.31|2.7|-6.1|2.7|0.56|0|1
L|-6.1|2.7|-6.1|-0.0
A|-6.1|-0.0|-4.6|-1.5|1.5|0|1
L|-4.6|-1.5|-1.5|-1.5
L|-1.5|-1.5|-1.5|-8.1
L|-1.5|-8.1|-5.25|-8.1
L|-5.25|-8.1|-6.23|-6.94
A|-6.23|-6.94|-7.38|-6.4|1.5|0|1
L|-7.38|-6.4|-10.12|-6.4
A|-10.12|-6.4|-11.27|-6.94|1.5|0|1
L|-11.27|-6.94|-12.25|-8.1
L|-12.25|-8.1|-14.5|-8.1
L|-14.5|-8.1|-14.5|-1.5
L|-14.5|-1.5|-12.7|-1.5
A|-12.7|-1.5|-11.2|-0.0|1.5|0|1
L|-11.2|-0.0|-11.2|2.7
A|-11.2|2.7|-11.99|2.7|0.56|0|1
L|-11.99|2.7|-12.99|1.7
L|-12.99|1.7|-12.2|1.7
L|-12.2|1.7|-12.2|-0.0
L|-12.2|-0.0|-16.0|-0.0
L|-16.0|-0.0|-20.0|-0.0
A|-20.0|0.0|-21.0|-1.0|1.0|0|1
L|-21.0|-1.0|-21.0|-2.4
L|-21.0|-2.4|-20.0|-2.4
L|-20.0|-2.4|-20.0|-1.4
L|-20.0|-1.4|-16.0|-1.4
L|-16.0|-1.4|-16.0|-8.4
L|-16.0|-8.4|-20.0|-8.4
L|-20.0|-8.4|-20.0|-7.4
L|-20.0|-7.4|-21.0|-7.4
L|-21.0|-7.4|-21.0|-8.6
A|-21.0|-8.6|-20.0|-9.6|1.0|0|1
L|-20.0|-9.6|-16.0|-9.6
L|-16.0|-9.6|-16.0|-13.5
A|-16.0|-13.5|-14.5|-15.0|1.5|0|1
L|-14.5|-15.0|-12.9|-15.0
L|-12.9|-15.0|-12.5|-13.5
L|-12.5|-13.5|-14.5|-13.5
L|-14.5|-13.5|-14.5|-9.6
L|-14.5|-9.6|-11.55|-9.6
L|-11.55|-9.6|-10.12|-7.9
L|-10.12|-7.9|-7.38|-7.9
L|-7.38|-7.9|-5.95|-9.6
L|-5.95|-9.6|-1.5|-9.6
L|-1.5|-9.6|-1.5|-13.5
L|-1.5|-13.5|-5.0|-13.5
L|-5.0|-13.5|-4.6|-15.0
A|-4.6|-15.0|0.0|-15.0|17.69|0|0
L|0.0|-15.0|0.0|0.0
#980746	3838092	273538	3.00	-7.00	7.00	0.00
L|4.5|0.0|3.0|0.0
L|3.0|0.0|3.0|-1.07
L|3.0|-1.07|7.0|-7.0
L|7.0|-7.0|7.0|-0.67
L|7.0|-0.67|4.5|-0.0
#982180	3838077	273538	0.00	0.00	5.00	46.00
L|0.0|0.0|5.0|0.0
L|5.0|0.0|5.0|46.0
L|5.0|46.0|0.0|46.0
L|0.0|46.0|0.0|0.0
#1009138	3838093	273538	0.00	-100.86	80.00	-0.00
L|7.0|-100.86|70.0|-100.86
L|70.0|-100.86|70.0|-65.0
L|70.0|-65.0|75.0|-65.0
A|75.0|-65.0|80.0|-60.0|5.0|0|1
L|80.0|-60.0|80.0|-0.0
L|80.0|-0.0|0.0|0.0
L|0.0|0.0|-0.0|-93.86
A|0.0|-93.86|7.0|-100.86|7.0|0|1
#1414640	3834098	273538	7.31	-8.87	12.39	8.90
A|7.31|8.77|7.31|-8.74|35.14|0|1
A|7.31|-8.74|9.21|-8.87|1.0|0|1
L|9.21|-8.87|10.79|-4.99
L|10.79|-4.99|10.79|-3.38
A|10.79|-3.38|12.39|-2.58|1.0|0|0
A|12.39|-2.58|12.39|2.62|3.25|1|1
A|12.39|2.62|10.79|3.42|1.0|0|0
L|10.79|3.42|10.79|5.02
L|10.79|5.02|9.21|8.9
A|9.21|8.9|7.31|8.77|1.0|0|1
#1422029	3881797	273538	0.00	0.00	250.00	15.00
L|250.0|0.0|250.0|15.0
L|250.0|15.0|0.0|15.0
L|0.0|15.0|0.0|0.0
L|0.0|0.0|250.0|0.0
#1422523	3857255	273538	0.00	0.00	200.00	8.00
L|200.0|0.0|200.0|8.0
L|200.0|8.0|0.0|8.0
L|0.0|8.0|0.0|0.0
L|0.0|0.0|200.0|0.0
#1428624	1448839	273538	-26.46	-6.36	-1.46	11.64
L|-26.46|-6.36|-1.46|-6.36
L|-1.46|-6.36|-1.46|11.64
L|-1.46|11.64|-26.46|11.64
L|-26.46|11.64|-26.46|-6.36
#1428631	2359880	807588	-921.26	-1050.51	-520.50	-996.51
L|-521.5|-996.51|-920.26|-996.51
L|-920.26|-996.51|-921.26|-997.51
L|-921.26|-997.51|-921.26|-1049.51
L|-921.26|-1049.51|-920.26|-1050.51
L|-920.26|-1050.51|-521.5|-1050.51
L|-521.5|-1050.51|-520.5|-1049.51
L|-520.5|-1049.51|-520.5|-997.51
L|-520.5|-997.51|-521.5|-996.51
#1428635	1424519	807588	-0.00	-114.00	67.00	-0.00
A|64.0|-114.0|67.0|-111.0|3.0|0|1
L|67.0|-111.0|67.0|-67.0
L|67.0|-67.0|42.0|-67.0
L|42.0|-67.0|42.0|-3.0
A|42.0|-3.0|39.0|-0.0|3.0|0|1
L|39.0|0.0|3.0|0.0
A|3.0|0.0|-0.0|-3.0|3.0|0|1
L|0.0|-3.0|0.0|-6.0
L|0.0|-6.0|5.0|-8.0
L|5.0|-8.0|5.0|-32.0
L|5.0|-32.0|10.0|-32.0
L|10.0|-32.0|10.0|-82.0
L|10.0|-82.0|5.0|-82.0
L|5.0|-82.0|5.0|-106.0
L|5.0|-106.0|0.0|-108.0
L|0.0|-108.0|0.0|-111.0
A|0.0|-111.0|3.0|-114.0|3.0|0|1
L|3.0|-114.0|64.0|-114.0
#1428636	1424425	807588	0.00	-139.00	67.00	-0.00
A|64.0|-139.0|67.0|-136.0|3.0|0|1
L|67.0|-136.0|67.0|-67.0
L|67.0|-67.0|42.0|-67.0
L|42.0|-67.0|42.0|-3.0
A|42.0|-3.0|39.0|-0.0|3.0|0|1
L|39.0|0.0|3.0|0.0
A|3.0|0.0|0.0|-3.0|3.0|0|1
L|0.0|-3.0|0.0|-6.0
L|0.0|-6.0|5.0|-8.0
L|5.0|-8.0|5.0|-32.0
L|5.0|-32.0|10.0|-32.0
L|10.0|-32.0|10.0|-107.0
L|10.0|-107.0|5.0|-107.0
L|5.0|-107.0|5.0|-131.0
L|5.0|-131.0|0.0|-133.0
L|0.0|-133.0|0.0|-136.0
A|-0.0|-136.0|3.0|-139.0|3.0|0|1
L|3.0|-139.0|64.0|-139.0
#1430994	3820647	273538	1.50	0.00	101.50	3.00
L|101.5|3.0|1.5|3.0
L|1.5|3.0|1.5|0.0
L|1.5|0.0|101.5|0.0
L|101.5|0.0|101.5|3.0
#1444397	3820122	273538	1.50	0.00	101.50	3.00
L|101.5|3.0|1.5|3.0
L|1.5|3.0|1.5|0.0
L|1.5|0.0|101.5|0.0
L|101.5|0.0|101.5|3.0
#1450712	1458976	273538	0.00	-40.00	300.00	0.00
L|295.0|0.0|5.0|0.0
L|5.0|-0.0|0.0|-5.0
L|0.0|-5.0|0.0|-40.0
L|0.0|-40.0|300.0|-40.0
L|300.0|-40.0|300.0|-5.0
L|300.0|-5.0|295.0|0.0
#1450714	2280835	273538	0.00	-80.00	105.00	0.00
L|100.0|0.0|5.0|0.0
L|5.0|-0.0|0.0|-5.0
L|0.0|-5.0|0.0|-80.0
L|0.0|-80.0|105.0|-80.0
L|105.0|-80.0|105.0|-5.0
L|105.0|-5.0|100.0|0.0
#1455714	1459268	807581	-11.00	53.20	7.82	100.00
L|-6.5|100.0|-10.5|100.0
A|-10.5|100.0|-11.0|99.5|0.5|0|1
L|-11.0|99.5|-11.0|64.5
A|-11.0|64.5|-10.5|64.0|0.5|0|1
L|-10.5|64.0|-9.3|64.0
L|-9.3|64.0|-9.3|65.4
L|-9.3|65.4|-5.5|65.4
L|-5.5|65.4|-5.5|53.2
L|-5.5|53.2|-4.0|53.2
L|-4.0|53.2|-4.0|54.8
L|-4.0|54.8|2.3|54.8
L|2.3|54.8|2.3|53.2
L|2.3|53.2|4.0|53.2
L|4.0|53.2|4.0|54.0
L|4.0|54.0|7.18|54.0
L|7.18|54.0|7.18|55.58
L|7.18|55.58|4.0|55.58
L|4.0|55.58|4.0|60.5
L|4.0|60.5|5.2|60.5
L|5.2|60.5|7.82|58.99
A|7.82|58.99|5.35|63.07|5.0|0|1
A|5.35|63.07|5.35|63.93|0.5|0|0
A|5.35|63.93|7.82|68.01|5.0|0|1
L|7.82|68.01|5.2|66.5
L|5.2|66.5|4.02|66.5
L|4.02|66.5|4.02|71.42
L|4.02|71.42|7.18|71.42
L|7.18|71.42|7.18|73.0
L|7.18|73.0|2.8|73.0
A|2.8|73.0|2.3|72.5|0.5|0|1
L|2.3|72.5|2.3|71.7
A|2.3|71.7|1.8|71.2|0.5|0|0
L|1.8|71.2|-7.77|71.2
A|-7.77|71.2|-8.77|72.13|1.0|0|0
L|-8.77|72.13|-9.2|78.2
L|-9.2|78.2|-9.2|90.9
A|-9.2|90.9|-8.7|91.4|0.5|0|0
L|-8.7|91.4|-7.2|91.4
L|-7.2|91.4|-7.2|89.9
L|-7.2|89.9|-6.0|89.9
L|-6.0|89.9|-6.0|93.7
L|-6.0|93.7|-7.0|93.7
L|-7.0|93.7|-7.0|92.7
L|-7.0|92.7|-8.4|92.7
A|-8.4|92.7|-9.4|93.7|1.0|0|0
L|-9.4|93.7|-9.4|97.7
A|-9.4|97.7|-8.4|98.7|1.0|0|0
L|-8.4|98.7|-7.0|98.7
L|-7.0|98.7|-7.0|97.7
L|-7.0|97.7|-6.0|97.7
L|-6.0|97.7|-6.0|99.5
A|-6.0|99.5|-6.5|100.0|0.5|0|1
L|1.8|56.3|-3.5|56.3
A|-3.5|56.3|-4.0|56.8|0.5|0|0
L|-4.0|56.8|-4.0|65.3
A|-4.0|65.3|-5.7|67.0|1.7|0|1
L|-5.7|67.0|-8.7|67.0
A|-8.7|67.0|-9.2|67.5|0.5|0|0
L|-9.2|67.5|-9.2|69.3
A|-9.2|69.3|-8.7|69.8|0.5|0|0
L|-8.7|69.8|1.8|69.8
A|1.8|69.8|2.3|69.3|0.5|0|0
L|2.3|69.3|2.3|56.8
A|2.3|56.8|1.8|56.3|0.5|0|0
#1458053	3569460	273538	-12.50	-150.00	12.50	0.00
L|10.5|0.0|-10.5|0.0
A|-10.5|-0.0|-12.5|-2.0|2.0|0|1
L|-12.5|-2.0|-12.5|-148.0
A|-12.5|-148.0|-10.5|-150.0|2.0|0|1
L|-10.5|-150.0|10.5|-150.0
A|10.5|-150.0|12.5|-148.0|2.0|0|1
L|12.5|-148.0|12.5|-2.0
A|12.5|-2.0|10.5|0.0|2.0|0|1
A|9.0|-2.0|10.5|-3.5|1.5|0|0
L|10.5|-3.5|10.5|-72.5
A|10.5|-72.5|9.0|-74.0|1.5|0|0
L|9.0|-74.0|-9.0|-74.0
A|-9.0|-74.0|-10.5|-72.5|1.5|0|0
L|-10.5|-72.5|-10.5|-3.5
A|-10.5|-3.5|-9.0|-2.0|1.5|0|0
L|-9.0|-2.0|9.0|-2.0
A|9.0|-76.0|10.5|-77.5|1.5|0|0
L|10.5|-77.5|10.5|-146.5
A|10.5|-146.5|9.0|-148.0|1.5|0|0
L|9.0|-148.0|-9.0|-148.0
A|-9.0|-148.0|-10.5|-146.5|1.5|0|0
L|-10.5|-146.5|-10.5|-77.5
A|-10.5|-77.5|-9.0|-76.0|1.5|0|0
L|-9.0|-76.0|9.0|-76.0
#1458055	3569462	273538	-12.50	-300.00	12.50	0.00
L|10.5|0.0|-10.5|0.0
A|-10.5|-0.0|-12.5|-2.0|2.0|0|1
L|-12.5|-2.0|-12.5|-298.0
A|-12.5|-298.0|-10.5|-300.0|2.0|0|1
L|-10.5|-300.0|10.5|-300.0
A|10.5|-300.0|12.5|-298.0|2.0|0|1
L|12.5|-298.0|12.5|-2.0
A|12.5|-2.0|10.5|0.0|2.0|0|1
A|9.0|-2.0|10.5|-3.5|1.5|0|0
L|10.5|-3.5|10.5|-147.5
A|10.5|-147.5|9.0|-149.0|1.5|0|0
L|9.0|-149.0|-9.0|-149.0
A|-9.0|-149.0|-10.5|-147.5|1.5|0|0
L|-10.5|-147.5|-10.5|-3.5
A|-10.5|-3.5|-9.0|-2.0|1.5|0|0
L|-9.0|-2.0|9.0|-2.0
A|9.0|-151.0|10.5|-152.5|1.5|0|0
L|10.5|-152.5|10.5|-296.5
A|10.5|-296.5|9.0|-298.0|1.5|0|0
L|9.0|-298.0|-9.0|-298.0
A|-9.0|-298.0|-10.5|-296.5|1.5|0|0
L|-10.5|-296.5|-10.5|-152.5
A|-10.5|-152.5|-9.0|-151.0|1.5|0|0
L|-9.0|-151.0|9.0|-151.0
#1458057	3569461	273538	-12.50	-200.00	12.50	0.00
L|10.5|0.0|-10.5|0.0
A|-10.5|-0.0|-12.5|-2.0|2.0|0|1
L|-12.5|-2.0|-12.5|-198.0
A|-12.5|-198.0|-10.5|-200.0|2.0|0|1
L|-10.5|-200.0|10.5|-200.0
A|10.5|-200.0|12.5|-198.0|2.0|0|1
L|12.5|-198.0|12.5|-2.0
A|12.5|-2.0|10.5|0.0|2.0|0|1
A|9.0|-2.0|10.5|-3.5|1.5|0|0
L|10.5|-3.5|10.5|-97.5
A|10.5|-97.5|9.0|-99.0|1.5|0|0
L|9.0|-99.0|-9.0|-99.0
A|-9.0|-99.0|-10.5|-97.5|1.5|0|0
L|-10.5|-97.5|-10.5|-3.5
A|-10.5|-3.5|-9.0|-2.0|1.5|0|0
L|-9.0|-2.0|9.0|-2.0
A|9.0|-101.0|10.5|-102.5|1.5|0|0
L|10.5|-102.5|10.5|-196.5
A|10.5|-196.5|9.0|-198.0|1.5|0|0
L|9.0|-198.0|-9.0|-198.0
A|-9.0|-198.0|-10.5|-196.5|1.5|0|0
L|-10.5|-196.5|-10.5|-102.5
A|-10.5|-102.5|-9.0|-101.0|1.5|0|0
L|-9.0|-101.0|9.0|-101.0
#1458059	3569458	273538	-12.50	-120.00	12.50	0.00
L|10.5|0.0|-10.5|0.0
A|-10.5|-0.0|-12.5|-2.0|2.0|0|1
L|-12.5|-2.0|-12.5|-118.0
A|-12.5|-118.0|-10.5|-120.0|2.0|0|1
L|-10.5|-120.0|10.5|-120.0
A|10.5|-120.0|12.5|-118.0|2.0|0|1
L|12.5|-118.0|12.5|-2.0
A|12.5|-2.0|10.5|0.0|2.0|0|1
A|9.0|-2.0|10.5|-3.5|1.5|0|0
L|10.5|-3.5|10.5|-57.5
A|10.5|-57.5|9.0|-59.0|1.5|0|0
L|9.0|-59.0|-9.0|-59.0
A|-9.0|-59.0|-10.5|-57.5|1.5|0|0
L|-10.5|-57.5|-10.5|-3.5
A|-10.5|-3.5|-9.0|-2.0|1.5|0|0
L|-9.0|-2.0|9.0|-2.0
A|9.0|-61.0|10.5|-62.5|1.5|0|0
L|10.5|-62.5|10.5|-116.5
A|10.5|-116.5|9.0|-118.0|1.5|0|0
L|9.0|-118.0|-9.0|-118.0
A|-9.0|-118.0|-10.5|-116.5|1.5|0|0
L|-10.5|-116.5|-10.5|-62.5
A|-10.5|-62.5|-9.0|-61.0|1.5|0|0
L|-9.0|-61.0|9.0|-61.0
#1465395	2208086	807581	-6.00	52.39	6.00	94.85
L|-4.5|92.35|-2.71|93.07
A|-2.71|93.07|-2.75|94.01|0.5|0|1
L|-2.75|94.01|-5.5|94.85
A|-5.5|94.85|-6.0|94.35|0.5|0|1
L|-6.0|94.35|-6.0|77.0
L|-6.0|77.0|-3.1|77.0
L|-3.1|77.0|-3.1|55.39
L|-3.1|55.39|-4.75|55.39
L|-4.75|55.39|-4.75|53.89
L|-4.75|53.89|-1.55|52.39
L|-1.55|52.39|1.55|52.39
L|1.55|52.39|4.75|53.89
L|4.75|53.89|4.75|55.39
L|4.75|55.39|3.1|55.39
L|3.1|55.39|3.1|77.0
L|3.1|77.0|6.0|77.0
L|6.0|77.0|6.0|94.35
A|6.0|94.35|5.5|94.85|0.5|0|1
L|5.5|94.85|2.76|94.01
A|2.76|94.01|2.71|93.07|0.5|0|1
L|2.71|93.07|4.5|92.35
L|4.5|92.35|4.5|78.39
L|4.5|78.39|0.0|77.94
L|0.0|77.94|-4.5|78.39
L|-4.5|78.39|-4.5|92.35
L|-1.6|77.0|1.6|77.0
L|1.6|77.0|1.6|53.89
L|1.6|53.89|-1.6|53.89
L|-1.6|53.89|-1.6|77.0
#1467159	2207902	807581	-6.00	55.39	6.00	94.85
L|-4.5|92.35|-2.71|93.07
A|-2.71|93.07|-2.75|94.01|0.5|0|1
L|-2.75|94.01|-5.5|94.85
A|-5.5|94.85|-6.0|94.35|0.5|0|1
L|-6.0|94.35|-6.0|80.0
L|-6.0|80.0|-3.1|80.0
L|-3.1|80.0|-3.1|58.39
L|-3.1|58.39|-4.75|58.39
L|-4.75|58.39|-4.75|56.89
L|-4.75|56.89|-1.55|55.39
L|-1.55|55.39|1.55|55.39
L|1.55|55.39|4.75|56.89
L|4.75|56.89|4.75|58.39
L|4.75|58.39|3.1|58.39
L|3.1|58.39|3.1|80.0
L|3.1|80.0|6.0|80.0
L|6.0|80.0|6.0|94.35
A|6.0|94.35|5.5|94.85|0.5|0|1
L|5.5|94.85|2.76|94.01
A|2.76|94.01|2.71|93.07|0.5|0|1
L|2.71|93.07|4.5|92.35
L|4.5|92.35|4.5|81.39
L|4.5|81.39|0.0|80.94
L|0.0|80.94|-4.5|81.39
L|-4.5|81.39|-4.5|92.35
L|-1.6|80.0|1.6|80.0
L|1.6|80.0|1.6|56.89
L|1.6|56.89|-1.6|56.89
L|-1.6|56.89|-1.6|80.0
#1468414	2208006	807581	-30.00	0.00	30.00	95.56
L|-30.0|0.0|30.0|0.0
L|30.0|0.0|30.0|80.0
L|30.0|80.0|26.99|80.0
L|26.99|80.0|26.99|78.66
L|26.99|78.66|28.8|78.66
L|28.8|78.66|28.8|76.3
A|28.8|76.3|28.3|75.8|0.5|0|0
L|28.3|75.8|22.7|75.8
A|22.7|75.8|22.2|76.3|0.5|0|0
L|22.2|76.3|22.2|78.66
L|22.2|78.66|23.77|78.66
L|23.77|78.66|23.77|80.0
L|23.77|80.0|21.0|80.0
L|21.0|80.0|21.0|74.8
A|21.0|74.8|22.0|73.8|1.0|0|1
L|22.0|73.8|26.99|73.8
L|26.99|73.8|26.99|70.5
L|26.99|70.5|10.1|70.5
L|10.1|70.5|7.5|77.0
L|7.5|77.0|7.5|95.56
L|7.5|95.56|6.04|95.56
L|6.04|95.56|3.9|93.06
L|3.9|93.06|3.9|75.0
L|3.9|75.0|5.25|75.0
L|5.25|75.0|5.25|70.5
L|5.25|70.5|-5.25|70.5
L|-5.25|70.5|-5.25|75.0
L|-5.25|75.0|-3.9|75.0
L|-3.9|75.0|-3.9|92.73
L|-3.9|92.73|-5.53|95.56
L|-5.53|95.56|-7.5|95.56
L|-7.5|95.56|-7.5|77.0
L|-7.5|77.0|-10.1|70.5
L|-10.1|70.5|-27.0|70.5
L|-27.0|70.5|-27.0|73.8
L|-27.0|73.8|-22.0|73.8
A|-22.0|73.8|-21.0|74.8|1.0|0|1
L|-21.0|74.8|-21.0|80.0
L|-21.0|80.0|-23.5|80.0
L|-23.5|80.0|-23.5|78.8
L|-23.5|78.8|-22.2|78.8
L|-22.2|78.8|-22.2|76.3
A|-22.2|76.3|-22.7|75.8|0.5|0|0
L|-22.7|75.8|-28.3|75.8
A|-28.3|75.8|-28.8|76.3|0.5|0|0
L|-28.8|76.3|-28.8|78.8
L|-28.8|78.8|-27.5|78.8
L|-27.5|78.8|-27.5|80.0
L|-27.5|80.0|-30.0|80.0
L|-30.0|80.0|-30.0|0.0
L|-28.0|68.0|28.0|68.0
L|28.0|68.0|28.0|2.0
L|28.0|2.0|15.0|2.0
L|15.0|2.0|15.0|16.0
L|15.0|16.0|12.0|16.0
L|12.0|16.0|12.0|7.0
L|12.0|7.0|7.75|7.0
L|7.75|7.0|7.75|5.0
L|7.75|5.0|12.0|5.0
L|12.0|5.0|12.0|2.0
L|12.0|2.0|-12.0|2.0
L|-12.0|2.0|-12.0|5.0
L|-12.0|5.0|-7.75|5.0
L|-7.75|5.0|-7.75|7.0
L|-7.75|7.0|-12.0|7.0
L|-12.0|7.0|-12.0|16.0
L|-12.0|16.0|-15.0|16.0
L|-15.0|16.0|-15.0|2.0
L|-15.0|2.0|-28.0|2.0
L|-28.0|2.0|-28.0|68.0
#1469978	2208158	807581	-6.00	2.39	6.00	41.85
L|-4.5|39.35|-2.71|40.07
A|-2.71|40.07|-2.75|41.01|0.5|0|1
L|-2.75|41.01|-5.5|41.85
A|-5.5|41.85|-6.0|41.35|0.5|0|1
L|-6.0|41.35|-6.0|27.0
L|-6.0|27.0|-3.1|27.0
L|-3.1|27.0|-3.1|5.39
L|-3.1|5.39|-4.75|5.39
L|-4.75|5.39|-4.75|3.89
L|-4.75|3.89|-1.55|2.39
L|-1.55|2.39|1.55|2.39
L|1.55|2.39|4.75|3.89
L|4.75|3.89|4.75|5.39
L|4.75|5.39|3.1|5.39
L|3.1|5.39|3.1|27.0
L|3.1|27.0|6.0|27.0
L|6.0|27.0|6.0|41.35
A|6.0|41.35|5.5|41.85|0.5|0|1
L|5.5|41.85|2.76|41.01
A|2.76|41.01|2.71|40.07|0.5|0|1
L|2.71|40.07|4.5|39.35
L|4.5|39.35|4.5|28.39
L|4.5|28.39|0.0|27.94
L|0.0|27.94|-4.5|28.39
L|-4.5|28.39|-4.5|39.35
L|-1.6|27.0|1.6|27.0
L|1.6|27.0|1.6|3.89
L|1.6|3.89|-1.6|3.89
L|-1.6|3.89|-1.6|27.0
#1471227	2208234	807581	-30.00	0.00	30.00	27.56
L|-30.0|0.0|30.0|0.0
L|30.0|0.0|30.0|12.0
L|30.0|12.0|26.99|12.0
L|26.99|12.0|26.99|10.66
L|26.99|10.66|28.8|10.66
L|28.8|10.66|28.8|8.3
A|28.8|8.3|28.3|7.8|0.5|0|0
L|28.3|7.8|22.7|7.8
A|22.7|7.8|22.2|8.3|0.5|0|0
L|22.2|8.3|22.2|10.66
L|22.2|10.66|23.77|10.66
L|23.77|10.66|23.77|12.0
L|23.77|12.0|21.0|12.0
L|21.0|12.0|21.0|6.8
A|21.0|6.8|22.0|5.8|1.0|0|1
L|22.0|5.8|26.99|5.8
L|26.99|5.8|26.99|2.5
L|26.99|2.5|10.1|2.5
L|10.1|2.5|7.5|9.0
L|7.5|9.0|7.5|27.56
L|7.5|27.56|6.04|27.56
L|6.04|27.56|3.9|25.06
L|3.9|25.06|3.9|7.0
L|3.9|7.0|5.25|7.0
L|5.25|7.0|5.25|2.5
L|5.25|2.5|-5.25|2.5
L|-5.25|2.5|-5.25|7.0
L|-5.25|7.0|-3.9|7.0
L|-3.9|7.0|-3.9|24.73
L|-3.9|24.73|-5.53|27.56
L|-5.53|27.56|-7.5|27.56
L|-7.5|27.56|-7.5|9.0
L|-7.5|9.0|-10.1|2.5
L|-10.1|2.5|-27.0|2.5
L|-27.0|2.5|-27.0|5.8
L|-27.0|5.8|-22.0|5.8
A|-22.0|5.8|-21.0|6.8|1.0|0|1
L|-21.0|6.8|-21.0|12.0
L|-21.0|12.0|-23.5|12.0
L|-23.5|12.0|-23.5|10.8
L|-23.5|10.8|-22.2|10.8
L|-22.2|10.8|-22.2|8.3
A|-22.2|8.3|-22.7|7.8|0.5|0|0
L|-22.7|7.8|-28.3|7.8
A|-28.3|7.8|-28.8|8.3|0.5|0|0
L|-28.8|8.3|-28.8|10.8
L|-28.8|10.8|-27.5|10.8
L|-27.5|10.8|-27.5|12.0
L|-27.5|12.0|-30.0|12.0
L|-30.0|12.0|-30.0|0.0
#1472405	2208292	807581	17.03	76.90	30.00	84.00
L|20.0|81.64|20.0|80.0
L|20.0|80.0|23.01|80.0
L|23.01|80.0|23.01|79.03
L|23.01|79.03|22.08|79.03
L|22.08|79.03|22.8|77.45
L|22.8|77.45|23.95|76.9
L|23.95|76.9|25.0|76.9
L|25.0|76.9|26.05|76.9
L|26.05|76.9|27.2|77.45
L|27.2|77.45|27.92|79.03
L|27.92|79.03|27.0|79.03
L|27.0|79.03|27.0|80.0
L|27.0|80.0|30.0|80.0
L|30.0|80.0|30.0|84.0
L|30.0|84.0|29.22|84.0
L|29.22|84.0|28.62|83.15
L|28.62|83.15|27.4|84.0
L|27.4|84.0|26.3|83.17
L|26.3|83.17|25.12|84.0
L|25.12|84.0|23.99|83.15
L|23.99|83.15|23.07|84.0
L|23.07|84.0|19.05|84.0
L|19.05|84.0|19.82|83.52
L|19.82|83.52|21.98|83.22
L|21.98|83.22|21.32|82.65
L|21.32|82.65|17.03|84.0
L|17.03|84.0|20.0|81.64
A|24.4|79.4|25.0|80.0|0.6|0|0
A|25.0|80.0|25.6|79.4|0.6|0|0
L|25.6|79.4|25.6|78.15
A|25.6|78.15|25.0|77.55|0.6|0|0
A|25.0|77.55|24.4|78.15|0.6|0|0
L|24.4|78.15|24.4|79.4
#1473473	2208356	807581	-12.50	40.00	12.50	45.00
A|12.5|45.0|-12.5|45.0|91.62|0|0
L|-12.5|45.0|-12.5|40.0
L|-12.5|40.0|12.5|40.0
L|12.5|40.0|12.5|45.0
#1474470	3569412	273538	-100.00	0.00	-0.00	200.00
L|-30.0|15.0|-92.5|15.0
A|-92.5|15.0|-100.0|7.5|7.5|0|1
L|-100.0|7.5|-100.0|0.0
L|-100.0|0.0|-0.0|0.0
L|0.0|0.0|0.0|200.0
L|0.0|200.0|-7.5|200.0
A|-7.5|200.0|-15.0|192.5|7.5|0|1
L|-15.0|192.5|-15.0|30.0
A|-15.0|30.0|-30.0|15.0|15.0|0|0
#1474472	3569414	273538	-100.00	0.00	-0.00	50.00
L|-19.5|8.0|-96.0|8.0
A|-96.0|8.0|-100.0|4.0|4.0|0|1
L|-100.0|4.0|-100.0|0.0
L|-100.0|0.0|-0.0|-0.0
L|0.0|0.0|0.0|50.0
L|0.0|50.0|-4.0|50.0
A|-4.0|50.0|-8.0|46.0|4.0|0|1
L|-8.0|46.0|-8.0|19.5
A|-8.0|19.5|-19.5|8.0|11.5|0|0
#1474474	3569415	273538	-100.00	0.00	-0.00	100.00
L|-20.0|8.0|-96.0|8.0
A|-96.0|8.0|-100.0|4.0|4.0|0|1
L|-100.0|4.0|-100.0|0.0
L|-100.0|0.0|-0.0|-0.0
L|0.0|0.0|0.0|100.0
L|0.0|100.0|-4.0|100.0
A|-4.0|100.0|-8.0|96.0|4.0|0|1
L|-8.0|96.0|-8.0|20.0
A|-8.0|20.0|-20.0|8.0|12.0|0|0
#1474476	3569417	273538	-90.00	0.00	0.00	150.00
L|-24.0|12.0|-84.0|12.0
A|-84.0|12.0|-90.0|6.0|6.0|0|1
L|-90.0|6.0|-90.0|0.0
L|-90.0|0.0|0.0|0.0
L|0.0|0.0|0.0|150.0
L|0.0|150.0|-6.0|150.0
A|-6.0|150.0|-12.0|144.0|6.0|0|1
L|-12.0|144.0|-12.0|24.0
A|-12.0|24.0|-24.0|12.0|12.0|0|0
#1474478	3569416	273538	-120.00	0.00	0.00	120.00
L|-23.0|10.0|-115.0|10.0
A|-115.0|10.0|-120.0|5.0|5.0|0|1
L|-120.0|5.0|-120.0|0.0
L|-120.0|0.0|0.0|0.0
L|0.0|0.0|0.0|120.0
L|0.0|120.0|-5.0|120.0
A|-5.0|120.0|-10.0|115.0|5.0|0|1
L|-10.0|115.0|-10.0|23.0
A|-10.0|23.0|-23.0|10.0|13.0|0|0
#1474480	3569413	273538	-65.00	0.00	0.00	50.00
L|-11.5|5.0|-62.5|5.0
A|-62.5|5.0|-65.0|2.5|2.5|0|1
L|-65.0|2.5|-65.0|0.0
L|-65.0|0.0|0.0|0.0
L|0.0|0.0|0.0|50.0
L|0.0|50.0|-2.5|50.0
A|-2.5|50.0|-5.0|47.5|2.5|0|1
L|-5.0|47.5|-5.0|11.5
A|-5.0|11.5|-11.5|5.0|6.5|0|0
#1478102	1478177	273538	0.00	0.00	320.00	95.00
L|320.0|0.0|320.0|95.0
L|320.0|95.0|0.0|95.0
L|0.0|95.0|0.0|0.0
L|0.0|0.0|320.0|0.0
#1479425	1479430	273538	10.50	37.00	30.50	192.31
L|30.5|192.31|10.5|192.31
L|10.5|192.31|10.5|37.0
L|10.5|37.0|14.5|37.0
L|14.5|37.0|14.5|188.31
L|14.5|188.31|30.5|188.31
L|30.5|188.31|30.5|192.31
#1480454	1480456	273538	-0.00	-30.00	-0.00	-10.00
A|-0.0|-10.0|-0.0|-30.0|10.0|0|1
A|-0.0|-30.0|-0.0|-10.0|10.0|0|1
#1485262	3569442	273538	-40.00	-40.00	40.00	40.00
L|35.0|40.0|-35.0|40.0
A|-35.0|40.0|-40.0|35.0|5.0|0|1
L|-40.0|35.0|-40.0|-35.0
A|-40.0|-35.0|-35.0|-40.0|5.0|0|1
L|-35.0|-40.0|35.0|-40.0
A|35.0|-40.0|40.0|-35.0|5.0|0|1
L|40.0|-35.0|40.0|35.0
A|40.0|35.0|35.0|40.0|5.0|0|1
A|33.5|35.0|35.0|33.5|1.5|0|0
L|35.0|33.5|35.0|-33.5
A|35.0|-33.5|33.5|-35.0|1.5|0|0
L|33.5|-35.0|-33.5|-35.0
A|-33.5|-35.0|-35.0|-33.5|1.5|0|0
L|-35.0|-33.5|-35.0|33.5
A|-35.0|33.5|-33.5|35.0|1.5|0|0
L|-33.5|35.0|33.5|35.0
#1485282	3569433	273538	-25.00	-30.00	25.00	30.00
L|22.0|30.0|-22.0|30.0
A|-22.0|30.0|-25.0|27.0|3.0|0|1
L|-25.0|27.0|-25.0|-27.0
A|-25.0|-27.0|-22.0|-30.0|3.0|0|1
L|-22.0|-30.0|22.0|-30.0
A|22.0|-30.0|25.0|-27.0|3.0|0|1
L|25.0|-27.0|25.0|27.0
A|25.0|27.0|22.0|30.0|3.0|0|1
A|20.5|27.0|22.0|25.5|1.5|0|0
L|22.0|25.5|22.0|-25.5
A|22.0|-25.5|20.5|-27.0|1.5|0|0
L|20.5|-27.0|-20.5|-27.0
A|-20.5|-27.0|-22.0|-25.5|1.5|0|0
L|-22.0|-25.5|-22.0|25.5
A|-22.0|25.5|-20.5|27.0|1.5|0|0
L|-20.5|27.0|20.5|27.0
#1485290	3569449	273538	-25.00	-75.00	25.00	75.00
L|20.0|75.0|-20.0|75.0
A|-20.0|75.0|-25.0|70.0|5.0|0|1
L|-25.0|70.0|-25.0|-70.0
A|-25.0|-70.0|-20.0|-75.0|5.0|0|1
L|-20.0|-75.0|20.0|-75.0
A|20.0|-75.0|25.0|-70.0|5.0|0|1
L|25.0|-70.0|25.0|70.0
A|25.0|70.0|20.0|75.0|5.0|0|1
A|18.5|70.0|20.0|68.5|1.5|0|0
L|20.0|68.5|20.0|-68.5
A|20.0|-68.5|18.5|-70.0|1.5|0|0
L|18.5|-70.0|-18.5|-70.0
A|-18.5|-70.0|-20.0|-68.5|1.5|0|0
L|-20.0|-68.5|-20.0|68.5
A|-20.0|68.5|-18.5|70.0|1.5|0|0
L|-18.5|70.0|18.5|70.0
#1488371	3885398	273538	-15.00	-1.00	215.00	1.00
L|215.0|-1.0|215.0|1.0
L|215.0|1.0|-15.0|1.0
L|-15.0|1.0|-15.0|-1.0
L|-15.0|-1.0|215.0|-1.0
#1488373	3885400	273538	-15.00	-2.00	215.00	52.00
L|215.0|-2.0|215.0|52.0
L|215.0|52.0|-15.0|52.0
L|-15.0|52.0|-15.0|-2.0
L|-15.0|-2.0|215.0|-2.0
#1500474	3857653	273538	0.00	-50.00	40.00	50.00
L|40.0|-50.0|40.0|50.0
L|40.0|50.0|0.0|50.0
L|0.0|50.0|0.0|-50.0
L|0.0|-50.0|40.0|-50.0
#1504019	3569377	273538	0.00	-75.00	143.94	75.00
L|127.38|-75.0|134.88|-67.63
L|134.88|-67.63|143.94|68.33
L|143.94|68.33|137.38|75.0
L|137.38|75.0|0.0|75.0
L|0.0|75.0|0.0|-75.0
L|0.0|-75.0|127.38|-75.0
#1507882	2690111	273538	-82.00	-7.83	15.61	116.00
L|-72.93|-1.3|-82.0|-5.06
L|-82.0|-5.06|-80.85|-7.83
L|-80.85|-7.83|-71.59|-4.0
L|-71.59|-4.0|5.0|-4.0
A|5.0|-4.0|8.0|-1.0|3.0|0|1
L|8.0|-1.0|8.0|106.27
L|8.0|106.27|15.61|113.88
L|15.61|113.88|13.49|116.0
L|13.49|116.0|6.17|108.69
A|6.17|108.69|5.0|105.86|4.0|0|1
L|5.0|105.86|5.0|-0.0
A|5.0|0.0|4.0|-1.0|1.0|0|0
L|4.0|-1.0|-71.4|-1.0
A|-71.4|-1.0|-72.93|-1.3|4.0|0|1
#1507883	2690110	273538	-82.00	-4.00	8.00	116.00
L|-82.0|-4.0|5.0|-4.0
A|5.0|-4.0|8.0|-1.0|3.0|0|1
L|8.0|-1.0|8.0|116.0
L|8.0|116.0|5.0|116.0
L|5.0|116.0|5.0|0.0
A|5.0|0.0|4.0|-1.0|1.0|0|0
L|4.0|-1.0|-82.0|-1.0
L|-82.0|-1.0|-82.0|-4.0
#1507886	2690109	273538	-81.00	-8.76	16.31	145.00
L|-71.93|-1.3|-81.0|-5.06
L|-81.0|-5.06|-79.47|-8.76
L|-79.47|-8.76|-70.4|-5.0
L|-70.4|-5.0|5.0|-5.0
A|5.0|-5.0|9.0|-1.0|4.0|0|1
L|9.0|-1.0|9.0|134.86
L|9.0|134.86|16.31|142.17
L|16.31|142.17|13.49|145.0
L|13.49|145.0|6.17|137.69
A|6.17|137.69|5.0|134.47|5.0|0|1
L|5.0|134.47|5.0|-0.0
A|5.0|0.0|4.0|-1.0|1.0|0|0
L|4.0|-1.0|-70.4|-1.0
A|-70.4|-1.0|-71.93|-1.3|4.0|0|1
#1507888	2690112	273538	-79.00	-5.00	14.00	60.00
A|10.0|2.0|7.0|-1.0|3.0|0|0
L|7.0|-1.0|-79.0|-1.0
L|-79.0|-1.0|-79.0|-5.0
L|-79.0|-5.0|7.0|-5.0
A|7.0|-5.0|14.0|2.0|7.0|0|1
L|14.0|2.0|14.0|60.0
L|14.0|60.0|10.0|60.0
L|10.0|60.0|10.0|2.0
#1507889	2690113	273538	-79.00	-5.00	14.00	43.00
A|10.0|2.0|7.0|-1.0|3.0|0|0
L|7.0|-1.0|-79.0|-1.0
L|-79.0|-1.0|-79.0|-5.0
L|-79.0|-5.0|7.0|-5.0
A|7.0|-5.0|14.0|2.0|7.0|0|1
L|14.0|2.0|14.0|43.0
L|14.0|43.0|10.0|43.0
L|10.0|43.0|10.0|2.0
#1507890	2690114	273538	-0.00	-19.00	17.00	19.00
L|14.0|19.0|3.0|19.0
A|3.0|19.0|-0.0|16.0|3.0|0|1
L|0.0|16.0|0.0|9.0
L|0.0|9.0|3.0|9.0
L|3.0|9.0|3.0|16.0
L|3.0|16.0|14.0|16.0
L|14.0|16.0|14.0|-16.0
L|14.0|-16.0|3.0|-16.0
L|3.0|-16.0|3.0|-9.0
L|3.0|-9.0|0.0|-9.0
L|0.0|-9.0|0.0|-16.0
A|-0.0|-16.0|3.0|-19.0|3.0|0|1
L|3.0|-19.0|14.0|-19.0
A|14.0|-19.0|17.0|-16.0|3.0|0|1
L|17.0|-16.0|17.0|16.0
A|17.0|16.0|14.0|19.0|3.0|0|1
#1507896	2690116	273538	-81.00	-5.00	14.00	75.00
L|10.0|75.0|10.0|1.07
A|10.0|1.07|7.93|-1.0|2.07|0|0
L|7.93|-1.0|-81.0|-1.0
L|-81.0|-1.0|-81.0|-5.0
L|-81.0|-5.0|9.0|-5.0
A|9.0|-5.0|14.0|-0.0|5.0|0|1
L|14.0|-0.0|14.0|75.0
L|14.0|75.0|10.0|75.0
#1518054	1514060	273538	-10.00	0.00	10.00	40.00
L|-10.0|0.0|10.0|0.0
L|10.0|0.0|10.0|40.0
L|10.0|40.0|8.0|40.0
L|8.0|40.0|8.0|2.0
L|8.0|2.0|-8.0|2.0
L|-8.0|2.0|-8.0|40.0
L|-8.0|40.0|-10.0|40.0
L|-10.0|40.0|-10.0|0.0
#1518056	1514056	273538	-776.80	578.13	-751.80	618.13
A|-754.8|616.13|-753.8|615.13|1.0|0|0
L|-753.8|615.13|-753.8|578.13
L|-753.8|578.13|-751.8|578.13
L|-751.8|578.13|-751.8|616.13
A|-751.8|616.13|-753.8|618.13|2.0|0|1
L|-753.8|618.13|-774.8|618.13
A|-774.8|618.13|-776.8|616.13|2.0|0|1
L|-776.8|616.13|-776.8|578.13
L|-776.8|578.13|-774.8|578.13
L|-774.8|578.13|-774.8|615.13
A|-774.8|615.13|-773.8|616.13|1.0|0|0
L|-773.8|616.13|-754.8|616.13
#1518058	1514057	273538	-10.00	0.00	10.00	20.00
L|-10.0|0.0|10.0|0.0
L|10.0|0.0|10.0|20.0
L|10.0|20.0|8.0|20.0
L|8.0|20.0|8.0|2.0
L|8.0|2.0|-8.0|2.0
L|-8.0|2.0|-8.0|20.0
L|-8.0|20.0|-10.0|20.0
L|-10.0|20.0|-10.0|0.0
#1518060	1514064	273538	-10.00	0.00	10.00	20.00
L|-10.0|18.0|-1.0|18.0
L|-1.0|18.0|-1.0|0.0
L|-1.0|0.0|1.0|0.0
L|1.0|0.0|1.0|18.0
L|1.0|18.0|10.0|18.0
L|10.0|18.0|10.0|20.0
L|10.0|20.0|-10.0|20.0
L|-10.0|20.0|-10.0|18.0
#1518062	1514065	273538	-20.00	0.00	20.00	40.00
L|-20.0|38.0|-1.0|38.0
L|-1.0|38.0|-1.0|0.0
L|-1.0|0.0|1.0|0.0
L|1.0|0.0|1.0|38.0
L|1.0|38.0|20.0|38.0
L|20.0|38.0|20.0|40.0
L|20.0|40.0|-20.0|40.0
L|-20.0|40.0|-20.0|38.0
#1519821	1518939	273538	-29.61	-32.45	79.49	47.36
A|-24.52|1.35|-29.61|-4.97|6.47|0|1
L|-29.61|-4.97|-29.61|-29.36
A|-29.61|-29.36|-26.56|-32.45|3.09|0|1
L|-26.56|-32.45|-21.09|-30.98
L|-21.09|-30.98|-21.09|-28.33
A|-21.09|-28.33|-22.59|-28.33|0.75|0|1
L|-22.59|-28.33|-22.59|-29.83
L|-22.59|-29.83|-26.19|-30.79
A|-26.2|-30.77|-28.09|-29.32|1.5|0|0
L|-28.09|-29.32|-28.09|-9.98
A|-28.09|-9.98|-27.54|-9.33|0.73|0|0
L|-27.54|-9.33|-22.59|-8.01
L|-22.59|-8.01|-22.59|-10.09
A|-22.59|-10.09|-21.09|-10.09|0.75|0|1
L|-21.09|-10.09|-21.09|-7.6
L|-21.09|-7.6|-20.19|-7.36
A|-20.19|-7.36|-20.46|-5.87|0.76|0|1
A|-20.46|-5.87|-21.21|-6.08|0.4|0|1
L|-21.21|-6.08|-27.38|-7.81
A|-27.38|-7.81|-28.09|-7.11|0.71|0|0
L|-28.09|-7.11|-28.09|-4.85
A|-28.09|-4.85|-24.44|-0.18|4.92|0|0
L|-24.44|-0.18|78.91|27.52
L|78.91|27.52|78.91|34.49
L|78.91|34.49|79.49|35.07
L|79.49|35.07|78.91|35.65
L|78.91|35.65|78.91|40.49
L|78.91|40.49|79.49|41.07
L|79.49|41.07|78.91|41.65
L|78.91|41.65|78.91|43.51
L|78.91|43.51|79.49|44.09
L|79.49|44.09|78.91|44.67
L|78.91|44.67|78.91|47.36
A|78.91|47.36|77.41|47.36|0.75|0|1
L|77.41|47.36|77.41|28.67
L|77.41|28.67|-24.52|1.35
#1519822	1518940	273538	-29.09	-32.34	99.99	30.52
A|-24.14|0.43|-29.09|-5.47|6.0|0|1
L|-29.09|-5.47|-29.09|-29.41
A|-29.09|-29.41|-26.16|-32.34|2.92|0|1
L|-26.16|-32.34|-21.4|-31.92
A|-21.4|-31.92|-20.59|-31.11|0.81|0|1
L|-20.59|-31.11|-20.59|-29.16
A|-20.59|-29.16|-22.09|-29.16|0.75|0|1
L|-22.09|-29.16|-22.09|-30.48
L|-22.09|-30.48|-25.98|-30.82
A|-25.98|-30.82|-27.59|-29.32|1.5|0|0
L|-27.59|-29.32|-27.59|-9.98
A|-27.59|-9.98|-27.04|-9.33|0.73|0|0
L|-27.04|-9.33|-22.09|-8.9
L|-22.09|-8.9|-22.09|-10.09
A|-22.09|-10.09|-20.59|-10.09|0.75|0|1
L|-20.59|-10.09|-20.59|-8.77
L|-20.59|-8.77|-19.79|-8.7
A|-19.79|-8.7|-19.92|-7.2|0.75|0|1
A|-19.92|-7.2|-20.71|-7.27|0.4|0|1
L|-20.71|-7.27|-26.88|-7.81
A|-26.88|-7.81|-27.59|-7.11|0.71|0|0
L|-27.59|-7.11|-27.59|-5.5
A|-27.59|-5.5|-23.48|-1.02|4.5|0|0
L|-23.48|-1.02|97.13|9.54
A|97.13|9.54|99.41|12.03|2.5|0|1
L|99.41|12.03|99.41|17.66
L|99.41|17.66|99.99|18.24
L|99.99|18.24|99.41|18.82
L|99.41|18.82|99.41|23.66
L|99.41|23.66|99.99|24.24
L|99.99|24.24|99.41|24.82
L|99.41|24.82|99.41|26.68
L|99.41|26.68|99.99|27.26
L|99.99|27.26|99.41|27.84
L|99.41|27.84|99.41|30.52
A|99.41|30.52|97.91|30.52|0.75|0|1
L|97.91|30.52|97.91|12.05
A|97.91|12.05|97.0|11.06|1.0|0|0
L|97.0|11.03|-24.14|0.43
#1519823	1518941	273538	-18.54	-28.46	94.46	49.80
A|-18.5|3.24|-11.33|-28.46|16.26|0|1
A|-11.33|-28.46|-10.55|-27.52|0.95|0|1
L|-10.55|-27.52|-10.55|-25.56
A|-10.55|-25.56|-12.13|-25.43|0.8|0|1
L|-12.13|-25.43|-12.13|-27.01
A|-12.13|-27.01|-18.54|1.51|14.65|0|0
L|-18.54|1.51|-18.54|-4.25
A|-18.54|-4.25|-16.01|-6.19|2.01|0|1
L|-16.01|-6.19|-12.13|-5.15
L|-12.13|-5.15|-12.13|-6.91
L|-12.13|-6.91|-10.54|-6.91
L|-10.54|-6.91|-10.54|-4.78
L|-10.54|-4.78|-8.71|-4.28
A|-8.71|-4.28|-9.14|-2.69|0.83|1|1
L|-9.14|-2.69|-16.4|-4.65
A|-16.4|-4.65|-16.94|-4.23|0.43|0|0
L|-16.94|-4.23|-16.94|1.79
L|-16.94|1.79|92.34|31.08
A|92.34|31.08|94.46|33.84|2.86|0|1
L|94.46|33.84|94.46|49.8
L|94.46|49.8|92.66|49.8
L|92.66|49.8|92.66|33.65
A|92.66|33.65|92.05|32.86|0.82|0|0
L|92.05|32.86|-18.5|3.24
#1522338	1519936	273538	0.00	0.00	105.00	20.00
L|103.33|0.0|105.0|1.67
L|105.0|1.67|105.0|16.95
A|105.0|16.95|101.95|20.0|3.05|0|1
L|101.95|20.0|0.0|20.0
L|0.0|20.0|0.0|0.0
L|0.0|0.0|103.33|0.0
#1522340	1519937	273538	-35.00	0.00	105.00	30.00
A|105.0|28.0|103.0|30.0|2.0|0|1
L|103.0|30.0|94.12|30.0
A|94.12|30.0|92.39|29.0|2.0|0|1
L|92.39|29.0|84.31|15.0
L|84.31|15.0|-33.0|15.0
A|-33.0|15.0|-35.0|13.0|2.0|0|1
L|-35.0|13.0|-35.0|0.0
L|-35.0|0.0|105.0|-0.0
L|105.0|-0.0|105.0|28.0
#1522342	1519938	273538	-35.00	-20.00	125.00	40.00
A|125.0|38.0|123.0|40.0|2.0|0|1
L|123.0|40.0|111.07|40.0
A|111.07|40.0|109.34|39.0|2.0|0|1
L|109.34|39.0|101.26|20.0
L|101.26|20.0|-32.0|20.0
A|-32.0|20.0|-35.0|17.0|3.0|0|1
L|-35.0|17.0|-35.0|-18.59
L|-35.0|-18.59|-33.59|-20.0
L|-33.59|-20.0|-25.0|-20.0
L|-25.0|-20.0|-20.0|0.0
L|-20.0|0.0|125.0|-0.0
L|125.0|-0.0|125.0|38.0
#1522343	3833609	273538	-60.00	-10.00	60.00	10.00
A|60.0|6.0|56.0|10.0|4.0|0|1
L|56.0|10.0|-56.0|10.0
A|-56.0|10.0|-60.0|6.0|4.0|0|1
L|-60.0|6.0|-60.0|-10.0
L|-60.0|-10.0|60.0|-10.0
L|60.0|-10.0|60.0|6.0
#1522345	3833610	273538	-60.00	-9.79	60.00	10.21
A|60.0|5.21|-0.0|10.21|362.5|0|1
A|-0.0|10.21|-60.0|5.21|362.5|0|1
L|-60.0|5.21|-60.0|-9.79
L|-60.0|-9.79|60.0|-9.79
L|60.0|-9.79|60.0|5.21
#1522348	1519941	273538	-116.00	-25.00	0.00	27.00
A|-113.25|9.17|-115.22|7.18|2.08|0|1
L|-115.22|7.18|-116.0|-25.0
L|-116.0|-25.0|0.0|-25.0
L|0.0|-25.0|0.0|25.0
A|0.0|25.0|-2.0|27.0|2.0|0|1
L|-2.0|27.0|-9.5|27.0
L|-9.5|27.0|-10.5|22.0
L|-10.5|22.0|-18.5|22.0
L|-18.5|22.0|-19.5|27.0
L|-19.5|27.0|-26.5|27.0
L|-26.5|27.0|-27.5|22.0
L|-27.5|22.0|-35.5|22.0
L|-35.5|22.0|-36.5|27.0
L|-36.5|27.0|-44.0|27.0
A|-44.0|27.0|-46.0|25.0|2.0|0|1
L|-46.0|25.0|-46.0|13.5
L|-46.0|13.5|-113.25|9.17
#1522349	1519942	273538	-116.00	-20.00	0.00	32.00
A|0.0|9.0|-3.0|12.0|3.0|0|1
L|-3.0|12.0|-41.0|12.0
A|-41.0|12.0|-42.0|13.0|1.0|0|0
L|-42.0|13.0|-42.0|23.0
A|-42.0|23.0|-43.0|24.0|1.0|0|1
L|-43.0|24.0|-46.27|24.0
A|-46.27|24.0|-47.22|23.31|1.0|0|1
L|-47.22|23.31|-52.5|6.99
L|-52.5|6.99|-57.0|6.99
L|-57.0|6.99|-57.0|29.0
A|-57.0|29.0|-60.0|32.0|3.0|0|1
L|-60.0|32.0|-67.98|32.0
A|-67.98|32.0|-69.81|31.37|3.0|0|1
L|-69.81|31.37|-93.23|13.3
A|-93.23|13.3|-94.97|12.67|3.0|0|0
L|-94.97|12.67|-112.39|12.09
A|-112.39|12.09|-115.29|9.17|3.0|0|1
L|-115.29|9.17|-116.0|-20.0
L|-116.0|-20.0|0.0|-20.0
L|0.0|-20.0|0.0|9.0
#1522351	1519943	273538	-116.00	-20.00	0.00	32.00
L|-3.0|17.0|-20.76|17.0
A|-20.76|17.0|-22.88|16.12|3.0|0|1
L|-22.88|16.12|-26.12|12.88
A|-26.12|12.88|-28.24|12.0|3.0|0|0
L|-28.24|12.0|-51.0|12.0
L|-51.0|12.0|-51.0|29.0
A|-51.0|29.0|-54.0|32.0|3.0|0|1
L|-54.0|32.0|-62.14|32.0
A|-62.14|32.0|-63.73|31.55|3.0|0|1
L|-63.73|31.55|-93.55|12.98
A|-93.55|12.98|-94.55|12.67|2.0|0|0
L|-94.55|12.67|-112.39|12.09
A|-112.39|12.09|-115.29|9.17|3.0|0|1
L|-115.29|9.17|-116.0|-20.0
L|-116.0|-20.0|0.0|-20.0
L|0.0|-20.0|0.0|14.0
A|0.0|14.0|-3.0|17.0|3.0|0|1
#1524500	1522453	273538	-101.02	-25.68	-1.00	90.00
L|-81.89|37.15|-35.09|38.5
A|-35.09|38.5|-32.0|35.5|3.0|0|0
L|-32.0|35.5|-32.0|14.05
A|-32.0|14.05|-35.09|11.05|3.0|0|0
L|-35.09|11.05|-81.89|12.41
A|-81.89|12.41|-84.8|15.41|3.0|0|0
L|-84.8|15.41|-84.8|34.15
A|-84.8|34.15|-81.89|37.15|3.0|0|0
A|-2.53|84.0|-1.0|85.53|1.53|0|1
L|-1.0|85.53|-1.0|89.03
A|-1.0|89.03|-2.0|90.0|1.0|0|1
L|-2.0|90.0|-5.58|90.0
A|-5.58|90.0|-6.29|89.7|1.0|0|1
L|-6.29|89.7|-10.71|85.26
A|-10.71|85.26|-11.0|84.56|1.0|0|1
L|-11.0|84.56|-11.0|69.83
A|-11.0|69.83|-11.0|67.84|1.0|1|0
L|-11.0|67.84|-11.0|48.11
A|-11.0|48.11|-13.92|45.11|3.0|0|0
L|-13.92|45.11|-95.02|42.76
A|-95.02|42.76|-96.05|43.76|1.0|0|0
L|-96.05|43.76|-96.05|62.33
A|-96.05|62.33|-97.05|63.33|1.0|0|1
L|-97.05|63.33|-100.02|63.33
A|-100.02|63.33|-101.02|62.33|1.0|0|1
L|-101.02|62.33|-101.02|38.26
A|-101.02|38.26|-100.02|37.26|1.0|0|1
L|-100.02|37.26|-92.0|37.26
A|-92.0|37.26|-91.0|36.26|1.0|0|0
L|-91.0|36.26|-91.0|13.32
A|-91.0|13.32|-92.0|12.32|1.0|0|0
L|-92.0|12.32|-100.02|12.32
A|-100.02|12.32|-101.02|11.32|1.0|0|1
L|-101.02|11.32|-101.02|-24.68
A|-101.02|-24.68|-100.02|-25.68|1.0|0|1
L|-100.02|-25.68|-97.02|-25.68
A|-97.02|-25.68|-96.02|-24.68|1.0|0|1
L|-96.02|-24.68|-96.02|5.79
A|-96.02|5.79|-94.99|6.79|1.0|0|0
L|-94.99|6.79|-10.97|4.36
A|-10.97|4.36|-10.0|3.36|1.0|0|0
L|-10.0|3.36|-10.0|1.0
A|-10.0|1.0|-9.0|0.0|1.0|0|1
L|-9.0|0.0|-6.0|0.0
A|-6.0|0.0|-5.0|1.0|1.0|0|1
L|-5.0|1.0|-5.0|2.98
A|-5.0|2.98|-4.0|3.98|1.0|0|0
L|-4.0|3.98|-2.0|3.98
A|-2.0|3.98|-1.0|4.98|1.0|0|1
L|-1.0|4.98|-1.0|9.09
A|-1.0|9.09|-1.97|10.09|1.0|0|1
L|-1.97|10.09|-23.09|10.7
A|-23.09|10.7|-26.0|13.7|3.0|0|0
L|-26.0|13.7|-26.0|35.85
A|-26.0|35.85|-23.09|38.85|3.0|0|0
L|-23.09|38.85|-1.97|39.46
A|-1.97|39.46|-1.0|40.46|1.0|0|1
L|-1.0|40.46|-1.0|44.35
A|-1.0|44.35|-2.0|45.4|1.0|0|1
L|-2.0|45.4|-3.89|45.4
A|-3.89|45.4|-4.89|46.4|1.0|0|0
L|-4.89|46.4|-4.89|59.4
A|-4.89|59.4|-3.89|60.4|1.0|0|0
L|-3.89|60.4|-2.0|60.4
A|-2.0|60.4|-1.0|61.4|1.0|0|1
L|-1.0|61.4|-1.0|65.4
A|-1.0|65.4|-2.0|66.4|1.0|0|1
L|-2.0|66.4|-3.9|66.4
A|-3.9|66.4|-4.9|67.4|1.0|0|0
L|-4.9|67.4|-4.88|71.32
A|-4.88|71.32|-3.89|72.2|1.0|0|0
L|-3.89|72.2|-2.0|72.2
A|-2.0|72.2|-1.0|73.2|1.0|0|1
L|-1.0|73.2|-1.0|77.2
A|-1.0|77.2|-2.0|78.2|1.0|0|1
L|-2.0|78.2|-3.89|78.2
A|-3.89|78.2|-4.89|79.2|1.0|0|0
L|-4.89|79.2|-4.89|84.0
L|-4.89|84.0|-2.53|84.0
#1524508	1522442	273538	-150.20	-0.00	-1.00	100.00
L|-2.0|100.0|-9.58|100.0
A|-9.58|100.0|-10.29|99.71|1.0|0|1
L|-10.29|99.71|-14.71|95.26
A|-14.71|95.26|-15.0|94.56|1.0|0|1
L|-15.0|94.56|-15.0|70.01
A|-15.0|70.01|-15.0|68.02|1.0|1|0
L|-15.0|68.02|-15.0|60.89
A|-15.0|60.89|-15.63|59.96|1.0|0|0
L|-15.63|59.96|-99.63|26.16
A|-99.63|26.16|-101.0|27.09|1.0|0|0
L|-101.0|27.09|-101.0|29.0
A|-101.0|29.0|-102.0|30.0|1.0|0|1
L|-102.0|30.0|-105.0|30.0
A|-105.0|30.0|-106.0|29.0|1.0|0|1
L|-106.0|29.0|-106.0|13.0
A|-106.0|13.0|-109.0|10.0|3.0|0|0
L|-109.0|10.0|-122.0|10.0
A|-122.0|10.0|-123.0|11.0|1.0|0|0
L|-123.0|11.0|-123.0|17.0
A|-123.0|17.0|-124.0|18.0|1.0|0|1
L|-124.0|18.0|-127.0|18.0
A|-127.0|18.0|-128.0|17.0|1.0|0|1
L|-128.0|17.0|-128.0|13.0
A|-128.0|13.0|-131.0|10.0|3.0|0|0
L|-131.0|10.0|-142.0|10.0
A|-142.0|10.0|-143.0|11.0|1.0|0|0
L|-143.0|11.0|-143.0|17.2
L|-143.0|17.2|-150.2|17.2
L|-150.2|17.2|-150.2|-0.0
L|-150.2|-0.0|-2.0|-0.0
A|-2.0|-0.0|-1.0|1.0|1.0|0|1
L|-1.0|1.0|-1.0|4.0
A|-1.0|4.0|-2.0|5.0|1.0|0|1
L|-2.0|5.0|-4.0|5.0
A|-4.0|5.0|-5.0|6.0|1.0|0|0
L|-5.0|6.0|-5.0|60.0
A|-5.0|60.0|-4.0|61.0|1.0|0|0
L|-4.0|61.0|-2.0|61.0
A|-2.0|61.0|-1.0|62.0|1.0|0|1
L|-1.0|62.0|-1.0|65.0
A|-1.0|65.0|-2.0|66.0|1.0|0|1
L|-2.0|66.0|-4.0|66.0
A|-4.0|66.0|-5.0|67.0|1.0|0|0
L|-5.0|67.0|-5.0|71.0
A|-5.0|71.0|-4.0|72.0|1.0|0|0
L|-4.0|72.0|-2.0|72.0
A|-2.0|72.0|-1.0|73.0|1.0|0|1
L|-1.0|73.0|-1.0|76.0
A|-1.0|76.0|-2.0|77.0|1.0|0|1
L|-2.0|77.0|-4.0|77.0
A|-4.0|77.0|-5.0|78.0|1.0|0|0
L|-5.0|78.0|-5.0|94.0
A|-5.0|94.0|-4.0|95.0|1.0|0|0
L|-4.0|95.0|-2.0|95.0
A|-2.0|95.0|-1.0|96.0|1.0|0|1
L|-1.0|96.0|-1.0|99.0
A|-1.0|99.0|-2.0|100.0|1.0|0|1
L|-99.37|18.45|-16.37|51.84
A|-16.37|51.84|-15.0|50.92|1.0|0|0
L|-15.0|50.92|-15.0|11.0
A|-15.0|11.0|-18.0|8.0|3.0|0|0
L|-18.0|8.0|-97.0|8.0
A|-97.0|8.0|-100.0|11.0|3.0|0|0
L|-100.0|11.0|-100.0|17.52
A|-100.0|17.52|-99.37|18.45|1.0|0|0
#1524509	1522443	273538	-25.00	0.00	-1.00	100.00
L|-17.0|23.0|-24.0|23.0
A|-24.0|23.0|-25.0|22.0|1.0|0|1
L|-25.0|22.0|-25.0|18.0
A|-25.0|18.0|-24.0|17.0|1.0|0|1
L|-24.0|17.0|-17.0|17.0
A|-17.0|17.0|-16.0|16.0|1.0|0|0
L|-16.0|16.0|-16.0|13.0
A|-16.0|13.0|-17.0|12.0|1.0|0|0
L|-17.0|12.0|-24.0|12.0
A|-24.0|12.0|-25.0|11.0|1.0|0|1
L|-25.0|11.0|-25.0|7.0
A|-25.0|7.0|-24.0|6.0|1.0|0|1
L|-24.0|6.0|-17.0|6.0
A|-17.0|6.0|-16.0|5.0|1.0|0|0
L|-16.0|5.0|-16.0|1.0
A|-16.0|1.0|-15.0|0.0|1.0|0|1
L|-15.0|0.0|-2.0|0.0
A|-2.0|0.0|-1.0|1.0|1.0|0|1
L|-1.0|1.0|-1.0|5.0
A|-1.0|5.0|-2.0|6.0|1.0|0|1
L|-2.0|6.0|-9.0|6.0
A|-9.0|6.0|-10.0|7.0|1.0|0|0
L|-10.0|7.0|-10.0|16.0
A|-10.0|16.0|-9.0|17.0|1.0|0|0
L|-9.0|17.0|-2.0|17.0
A|-2.0|17.0|-1.0|18.0|1.0|0|1
L|-1.0|18.0|-1.0|22.0
A|-1.0|22.0|-2.0|23.0|1.0|0|1
L|-2.0|23.0|-9.0|23.0
A|-9.0|23.0|-10.0|24.0|1.0|0|0
L|-10.0|24.0|-10.0|46.0
A|-10.0|46.0|-9.0|47.0|1.0|0|0
L|-9.0|47.0|-2.0|47.0
A|-2.0|47.0|-1.0|48.0|1.0|0|1
L|-1.0|48.0|-1.0|52.0
A|-1.0|52.0|-2.0|53.0|1.0|0|1
L|-2.0|53.0|-9.0|53.0
A|-9.0|53.0|-10.0|54.0|1.0|0|0
L|-10.0|54.0|-10.0|76.0
A|-10.0|76.0|-9.0|77.0|1.0|0|0
L|-9.0|77.0|-2.0|77.0
A|-2.0|77.0|-1.0|78.0|1.0|0|1
L|-1.0|78.0|-1.0|82.0
A|-1.0|82.0|-2.0|83.0|1.0|0|1
L|-2.0|83.0|-9.0|83.0
A|-9.0|83.0|-10.0|84.0|1.0|0|0
L|-10.0|84.0|-10.0|93.0
A|-10.0|93.0|-9.0|94.0|1.0|0|0
L|-9.0|94.0|-2.0|94.0
A|-2.0|94.0|-1.0|95.0|1.0|0|1
L|-1.0|95.0|-1.0|99.0
A|-1.0|99.0|-2.0|100.0|1.0|0|1
L|-2.0|100.0|-15.0|100.0
A|-15.0|100.0|-16.0|99.0|1.0|0|1
L|-16.0|99.0|-16.0|95.0
A|-16.0|95.0|-17.0|94.0|1.0|0|0
L|-17.0|94.0|-24.0|94.0
A|-24.0|94.0|-25.0|93.0|1.0|0|1
L|-25.0|93.0|-25.0|89.0
A|-25.0|89.0|-24.0|88.0|1.0|0|1
L|-24.0|88.0|-17.0|88.0
A|-17.0|88.0|-16.0|87.0|1.0|0|0
L|-16.0|87.0|-16.0|84.0
A|-16.0|84.0|-17.0|83.0|1.0|0|0
L|-17.0|83.0|-24.0|83.0
A|-24.0|83.0|-25.0|82.0|1.0|0|1
L|-25.0|82.0|-25.0|78.0
A|-25.0|78.0|-24.0|77.0|1.0|0|1
L|-24.0|77.0|-17.0|77.0
A|-17.0|77.0|-16.0|76.0|1.0|0|0
L|-16.0|76.0|-16.0|54.0
A|-16.0|54.0|-17.0|53.0|1.0|0|0
L|-17.0|53.0|-24.0|53.0
A|-24.0|53.0|-25.0|52.0|1.0|0|1
L|-25.0|52.0|-25.0|48.0
A|-25.0|48.0|-24.0|47.0|1.0|0|1
L|-24.0|47.0|-17.0|47.0
A|-17.0|47.0|-16.0|46.0|1.0|0|0
L|-16.0|46.0|-16.0|24.0
A|-16.0|24.0|-17.0|23.0|1.0|0|0
#1524510	1522444	273538	-51.00	-0.00	-1.00	80.00
A|-4.0|30.0|-3.0|31.0|1.0|0|0
L|-3.0|31.0|-2.0|31.0
A|-2.0|31.0|-1.0|32.0|1.0|0|1
L|-1.0|32.0|-1.0|35.0
A|-1.0|35.0|-2.0|36.0|1.0|0|1
L|-2.0|36.0|-3.0|36.0
A|-3.0|36.0|-4.0|37.0|1.0|0|0
L|-4.0|37.0|-4.0|54.0
A|-4.0|54.0|-3.0|55.0|1.0|0|0
L|-3.0|55.0|-2.0|55.0
A|-2.0|55.0|-1.0|56.0|1.0|0|1
L|-1.0|56.0|-1.0|59.0
A|-1.0|59.0|-2.0|60.0|1.0|0|1
L|-2.0|60.0|-3.0|60.0
A|-3.0|60.0|-4.0|61.0|1.0|0|0
L|-4.0|61.0|-4.0|74.0
A|-4.0|74.0|-3.0|75.0|1.0|0|0
L|-3.0|75.0|-2.0|75.0
A|-2.0|75.0|-1.0|76.0|1.0|0|1
L|-1.0|76.0|-1.0|79.0
A|-1.0|79.0|-2.0|80.0|1.0|0|1
L|-2.0|80.0|-10.0|80.0
A|-10.0|80.0|-11.0|79.0|1.0|0|1
L|-11.0|79.0|-11.0|65.89
L|-11.0|65.89|-10.4|65.0
L|-10.4|65.0|-11.0|64.22
L|-11.0|64.22|-11.0|48.47
L|-11.0|48.47|-10.4|47.58
L|-10.4|47.58|-11.0|46.8
L|-11.0|46.8|-11.0|41.0
A|-11.0|41.0|-12.0|40.0|1.0|0|0
L|-12.0|40.0|-33.0|40.0
A|-33.0|40.0|-34.0|39.0|1.0|0|1
L|-34.0|39.0|-34.0|11.0
A|-34.0|11.0|-35.0|10.0|1.0|0|0
L|-35.0|10.0|-43.0|10.0
A|-43.0|10.0|-44.0|11.0|1.0|0|0
L|-44.0|11.0|-44.0|24.0
A|-44.0|24.0|-45.0|25.0|1.0|0|1
L|-45.0|25.0|-50.0|25.0
A|-50.0|25.0|-51.0|24.0|1.0|0|1
L|-51.0|24.0|-51.0|-0.0
L|-51.0|-0.0|-2.0|0.0
A|-2.0|0.0|-1.0|1.0|1.0|0|1
L|-1.0|1.0|-1.0|4.0
A|-1.0|4.0|-2.0|5.0|1.0|0|1
L|-2.0|5.0|-3.0|5.0
A|-3.0|5.0|-4.0|6.0|1.0|0|0
L|-4.0|6.0|-4.0|30.0
A|-11.0|8.0|-12.0|7.0|1.0|0|0
L|-12.0|7.0|-26.0|7.0
A|-26.0|7.0|-27.0|8.0|1.0|0|0
L|-27.0|8.0|-27.0|32.0
A|-27.0|32.0|-26.0|33.0|1.0|0|0
L|-26.0|33.0|-12.0|33.0
A|-12.0|33.0|-11.0|32.0|1.0|0|0
L|-11.0|32.0|-11.0|8.0
#1524511	1522445	273538	-102.00	-21.00	102.00	-0.00
A|-101.0|-0.0|-102.0|-1.0|1.0|0|1
L|-102.0|-1.0|-102.0|-20.0
A|-102.0|-20.0|-101.0|-21.0|1.0|0|1
L|-101.0|-21.0|-0.92|-21.0
L|-0.92|-21.0|0.0|-20.08
L|0.0|-20.08|0.92|-21.0
L|0.92|-21.0|101.0|-21.0
A|101.0|-21.0|102.0|-20.0|1.0|0|1
L|102.0|-20.0|102.0|-1.0
A|102.0|-1.0|101.0|-0.0|1.0|0|1
L|101.0|0.0|95.0|0.0
A|95.0|0.0|94.0|-1.0|1.0|0|1
L|94.0|-1.0|94.0|-5.0
A|94.0|-5.0|93.0|-6.0|1.0|0|0
L|93.0|-6.0|83.0|-6.0
A|83.0|-6.0|82.0|-5.0|1.0|0|0
L|82.0|-5.0|82.0|-1.0
A|82.0|-1.0|81.0|0.0|1.0|0|1
L|81.0|0.0|0.92|0.0
L|0.92|0.0|0.0|-0.92
L|0.0|-0.92|-0.92|0.0
L|-0.92|0.0|-81.0|0.0
A|-81.0|-0.0|-82.0|-1.0|1.0|0|1
L|-82.0|-1.0|-82.0|-5.0
A|-82.0|-5.0|-83.0|-6.0|1.0|0|0
L|-83.0|-6.0|-93.0|-6.0
A|-93.0|-6.0|-94.0|-5.0|1.0|0|0
L|-94.0|-5.0|-94.0|-1.0
A|-94.0|-1.0|-95.0|-0.0|1.0|0|1
L|-95.0|0.0|-101.0|0.0
A|-95.0|-15.0|-96.0|-14.0|1.0|0|0
L|-96.0|-14.0|-96.0|-13.0
A|-96.0|-13.0|-95.0|-12.0|1.0|0|0
L|-95.0|-12.0|-78.22|-12.0
A|-78.22|-12.0|-77.22|-11.0|1.0|0|1
L|-77.22|-11.0|-77.22|-7.0
A|-77.22|-7.0|-76.22|-6.0|1.0|0|0
L|-76.22|-6.0|-74.75|-6.0
A|-74.75|-6.0|-73.75|-7.0|1.0|0|0
L|-73.75|-7.0|-73.75|-14.0
A|-73.75|-14.0|-74.75|-15.0|1.0|0|0
L|-74.75|-15.0|-95.0|-15.0
A|-70.75|-15.0|-71.75|-14.0|1.0|0|0
L|-71.75|-14.0|-71.75|-7.0
A|-71.75|-7.0|-70.75|-6.0|1.0|0|0
L|-70.75|-6.0|-50.5|-6.0
A|-50.5|-6.0|-49.5|-7.0|1.0|0|0
L|-49.5|-7.0|-49.5|-14.0
A|-49.5|-14.0|-50.5|-15.0|1.0|0|0
L|-50.5|-15.0|-70.75|-15.0
A|-45.5|-15.0|-46.5|-14.0|1.0|0|0
L|-46.5|-14.0|-46.5|-7.0
A|-46.5|-7.0|-45.5|-6.0|1.0|0|0
L|-45.5|-6.0|-14.0|-6.0
A|-14.0|-6.0|-13.0|-7.0|1.0|0|0
L|-13.0|-7.0|-13.0|-14.0
A|-13.0|-14.0|-14.0|-15.0|1.0|0|0
L|-14.0|-15.0|-45.5|-15.0
A|9.0|-6.0|10.0|-7.0|1.0|0|0
L|10.0|-7.0|10.0|-14.0
A|10.0|-14.0|9.0|-15.0|1.0|0|0
L|9.0|-15.0|-9.0|-15.0
A|-9.0|-15.0|-10.0|-14.0|1.0|0|0
L|-10.0|-14.0|-10.0|-7.0
A|-10.0|-7.0|-9.0|-6.0|1.0|0|0
L|-9.0|-6.0|9.0|-6.0
L|14.0|-6.0|45.5|-6.0
A|45.5|-6.0|46.5|-7.0|1.0|0|0
L|46.5|-7.0|46.5|-14.0
A|46.5|-14.0|45.5|-15.0|1.0|0|0
L|45.5|-15.0|14.0|-15.0
A|14.0|-15.0|13.0|-14.0|1.0|0|0
L|13.0|-14.0|13.0|-7.0
A|13.0|-7.0|14.0|-6.0|1.0|0|0
L|50.5|-6.0|70.75|-6.0
A|70.75|-6.0|71.75|-7.0|1.0|0|0
L|71.75|-7.0|71.75|-14.0
A|71.75|-14.0|70.75|-15.0|1.0|0|0
L|70.75|-15.0|50.5|-15.0
A|50.5|-15.0|49.5|-14.0|1.0|0|0
L|49.5|-14.0|49.5|-7.0
A|49.5|-7.0|50.5|-6.0|1.0|0|0
A|77.22|-11.0|78.22|-12.0|1.0|0|1
L|78.22|-12.0|95.0|-12.0
A|95.0|-12.0|96.0|-13.0|1.0|0|0
L|96.0|-13.0|96.0|-14.0
A|96.0|-14.0|95.0|-15.0|1.0|0|0
L|95.0|-15.0|74.75|-15.0
A|74.75|-15.0|73.75|-14.0|1.0|0|0
L|73.75|-14.0|73.75|-7.0
A|73.75|-7.0|74.75|-6.0|1.0|0|0
L|74.75|-6.0|76.22|-6.0
A|76.22|-6.0|77.22|-7.0|1.0|0|0
L|77.22|-7.0|77.22|-11.0
#1524512	1522446	273538	-102.00	-20.00	33.00	-0.00
A|33.0|-12.0|32.0|-11.0|1.0|0|1
L|32.0|-11.0|19.0|-11.0
A|19.0|-11.0|17.0|-9.0|2.0|0|0
L|17.0|-9.0|17.0|-1.0
A|17.0|-1.0|16.0|-0.0|1.0|0|1
L|16.0|-0.0|15.0|-0.0
A|15.0|-0.0|14.0|-1.0|1.0|0|1
L|14.0|-1.0|14.0|-2.0
L|14.0|-2.0|3.0|-2.0
L|3.0|-2.0|3.0|-1.0
A|3.0|-1.0|2.0|-0.0|1.0|0|1
L|2.0|-0.0|1.0|-0.0
A|1.0|-0.0|0.0|-1.0|1.0|0|1
L|0.0|-1.0|0.0|-9.0
A|0.0|-9.0|-2.0|-11.0|2.0|0|0
L|-2.0|-11.0|-23.6|-11.0
A|-23.6|-11.0|-24.47|-10.5|1.0|0|0
L|-24.47|-10.5|-25.05|-9.5
A|-25.05|-9.5|-25.91|-9.0|1.0|0|1
L|-25.91|-9.0|-43.65|-9.0
A|-43.65|-9.0|-44.52|-9.5|1.0|0|1
L|-44.52|-9.5|-45.1|-10.5
A|-45.1|-10.5|-45.96|-11.0|1.0|0|0
L|-45.96|-11.0|-83.0|-11.0
A|-83.0|-11.0|-85.0|-9.0|2.0|0|0
L|-85.0|-9.0|-85.0|-1.0
A|-85.0|-1.0|-86.0|0.0|1.0|0|1
L|-86.0|0.0|-87.0|0.0
A|-87.0|-0.0|-88.0|-1.0|1.0|0|1
L|-88.0|-1.0|-88.0|-2.0
L|-88.0|-2.0|-99.02|-2.0
L|-99.02|-2.0|-99.02|-0.83
A|-99.02|-0.83|-100.0|-0.0|1.0|0|1
L|-100.0|-0.0|-101.0|-0.0
A|-101.0|-0.0|-102.0|-1.0|1.0|0|1
L|-102.0|-1.0|-102.0|-19.0
A|-102.0|-19.0|-101.0|-20.0|1.0|0|1
L|-101.0|-20.0|-99.84|-20.0
A|-99.84|-20.0|-98.98|-19.5|1.0|0|1
L|-98.98|-19.5|-97.82|-17.5
A|-97.82|-17.5|-96.96|-17.0|1.0|0|0
L|-96.96|-17.0|-94.42|-17.0
L|-94.42|-17.0|-93.5|-16.08
L|-93.5|-16.08|-92.57|-17.0
L|-92.57|-17.0|-89.61|-17.0
A|-89.61|-17.0|-88.74|-17.5|1.0|0|0
L|-88.74|-17.5|-87.59|-19.5
A|-87.59|-19.5|-86.72|-20.0|1.0|0|1
L|-86.72|-20.0|-40.19|-20.0
L|-40.19|-20.0|-39.32|-18.5
A|-39.32|-18.5|-38.46|-18.0|1.0|0|0
L|-38.46|-18.0|-35.92|-18.0
L|-35.92|-18.0|-35.0|-17.08
L|-35.0|-17.08|-34.08|-18.0
L|-34.08|-18.0|-31.1|-18.0
A|-31.1|-18.0|-30.24|-18.5|1.0|0|0
L|-30.24|-18.5|-29.38|-20.0
L|-29.38|-20.0|2.73|-20.0
L|2.73|-20.0|4.18|-17.5
A|4.18|-17.5|5.04|-17.0|1.0|0|0
L|5.04|-17.0|7.58|-17.0
L|7.58|-17.0|8.5|-16.08
L|8.5|-16.08|9.42|-17.0
L|9.42|-17.0|12.4|-17.0
A|12.4|-17.0|13.26|-17.5|1.0|0|0
L|13.26|-17.5|14.7|-20.0
L|14.7|-20.0|32.0|-20.0
A|32.0|-20.0|33.0|-19.0|1.0|0|1
L|33.0|-19.0|33.0|-12.0
#1524513	1522447	273538	-150.20	-0.00	-1.00	100.00
L|-2.0|100.0|-9.58|100.0
A|-9.58|100.0|-10.29|99.71|1.0|0|1
L|-10.29|99.71|-14.71|95.26
A|-14.71|95.26|-15.0|94.56|1.0|0|1
L|-15.0|94.56|-15.0|70.01
A|-15.0|70.01|-15.0|68.02|1.0|1|0
L|-15.0|68.02|-15.0|60.89
A|-15.0|60.89|-15.63|59.96|1.0|0|0
L|-15.63|59.96|-99.63|26.16
A|-99.63|26.16|-101.0|27.09|1.0|0|0
L|-101.0|27.09|-101.0|29.0
A|-101.0|29.0|-102.0|30.0|1.0|0|1
L|-102.0|30.0|-105.0|30.0
A|-105.0|30.0|-106.0|29.0|1.0|0|1
L|-106.0|29.0|-106.0|13.0
A|-106.0|13.0|-109.0|10.0|3.0|0|0
L|-109.0|10.0|-122.0|10.0
A|-122.0|10.0|-123.0|11.0|1.0|0|0
L|-123.0|11.0|-123.0|17.0
A|-123.0|17.0|-124.0|18.0|1.0|0|1
L|-124.0|18.0|-127.0|18.0
A|-127.0|18.0|-128.0|17.0|1.0|0|1
L|-128.0|17.0|-128.0|13.0
A|-128.0|13.0|-131.0|10.0|3.0|0|0
L|-131.0|10.0|-142.0|10.0
A|-142.0|10.0|-143.0|11.0|1.0|0|0
L|-143.0|11.0|-143.0|17.2
L|-143.0|17.2|-150.2|17.2
L|-150.2|17.2|-150.2|-0.0
L|-150.2|-0.0|-2.0|-0.0
A|-2.0|-0.0|-1.0|1.0|1.0|0|1
L|-1.0|1.0|-1.0|4.0
A|-1.0|4.0|-2.0|5.0|1.0|0|1
L|-2.0|5.0|-4.0|5.0
A|-4.0|5.0|-5.0|6.0|1.0|0|0
L|-5.0|6.0|-5.0|60.0
A|-5.0|60.0|-4.0|61.0|1.0|0|0
L|-4.0|61.0|-2.0|61.0
A|-2.0|61.0|-1.0|62.0|1.0|0|1
L|-1.0|62.0|-1.0|65.0
A|-1.0|65.0|-2.0|66.0|1.0|0|1
L|-2.0|66.0|-4.0|66.0
A|-4.0|66.0|-5.0|67.0|1.0|0|0
L|-5.0|67.0|-5.0|71.0
A|-5.0|71.0|-4.0|72.0|1.0|0|0
L|-4.0|72.0|-2.0|72.0
A|-2.0|72.0|-1.0|73.0|1.0|0|1
L|-1.0|73.0|-1.0|76.0
A|-1.0|76.0|-2.0|77.0|1.0|0|1
L|-2.0|77.0|-4.0|77.0
A|-4.0|77.0|-5.0|78.0|1.0|0|0
L|-5.0|78.0|-5.0|94.0
A|-5.0|94.0|-4.0|95.0|1.0|0|0
L|-4.0|95.0|-2.0|95.0
A|-2.0|95.0|-1.0|96.0|1.0|0|1
L|-1.0|96.0|-1.0|99.0
A|-1.0|99.0|-2.0|100.0|1.0|0|1
L|-99.37|18.45|-16.37|51.84
A|-16.37|51.84|-15.0|50.92|1.0|0|0
L|-15.0|50.92|-15.0|11.0
A|-15.0|11.0|-18.0|8.0|3.0|0|0
L|-18.0|8.0|-97.0|8.0
A|-97.0|8.0|-100.0|11.0|3.0|0|0
L|-100.0|11.0|-100.0|17.52
A|-100.0|17.52|-99.37|18.45|1.0|0|0
#1540973	1535793	273538	-0.00	-11.00	18.73	136.00
L|5.09|136.0|1.0|136.0
A|1.0|136.0|-0.0|135.0|1.0|0|1
L|-0.0|135.0|-0.0|7.0
A|-0.0|7.0|4.0|3.0|4.0|0|1
L|4.0|3.0|7.0|3.0
L|7.0|3.0|7.0|-8.0
A|7.0|-8.0|10.0|-11.0|3.0|0|1
L|10.0|-11.0|15.99|-11.0
A|15.99|-11.0|18.73|-8.0|3.01|0|1
L|18.73|-8.0|6.08|135.07
A|6.08|135.07|5.09|136.0|1.0|0|1
#1540975	1535789	273538	-0.00	-9.40	19.00	136.00
L|4.0|4.0|9.5|4.0
L|9.5|4.0|9.5|-6.8
A|9.5|-6.8|14.0|-9.4|3.0|0|1
L|14.0|-9.4|17.5|-7.38
A|17.5|-7.38|19.0|-4.78|3.0|0|1
L|19.0|-4.78|19.0|107.55
A|19.0|107.55|17.5|110.14|3.0|0|1
L|17.5|110.14|9.5|114.76
L|9.5|114.76|9.5|133.0
A|9.5|133.0|6.5|136.0|3.0|0|1
L|6.5|136.0|3.0|136.0
A|3.0|136.0|-0.0|133.0|3.0|0|1
L|0.0|133.0|0.0|76.0
L|0.0|76.0|3.98|76.0
L|3.98|76.0|3.98|60.0
L|3.98|60.0|0.0|60.0
L|0.0|60.0|0.0|8.0
A|-0.0|8.0|4.0|4.0|4.0|0|1
#1541000	1535796	273538	-50.00	3.00	50.00	63.00
L|50.0|3.0|50.0|5.02
L|50.0|5.02|1.0|5.02
L|1.0|5.02|1.0|63.0
L|1.0|63.0|-1.0|63.0
L|-1.0|63.0|-1.0|5.02
L|-1.0|5.02|-50.0|5.02
L|-50.0|5.02|-50.0|3.0
L|-50.0|3.0|50.0|3.0
#1541001	1535797	273538	28.45	0.00	43.45	3.00
L|43.45|0.0|43.45|3.0
L|43.45|3.0|28.45|3.0
L|28.45|3.0|28.45|0.0
L|28.45|0.0|43.45|0.0
#1541016	1535808	273538	0.00	0.00	175.00	6.00
L|175.0|0.0|175.0|6.0
L|175.0|6.0|0.0|6.0
L|0.0|6.0|0.0|0.0
L|0.0|0.0|175.0|0.0
#1541018	1535809	273538	0.12	-20.00	275.00	-0.00
L|275.0|-20.0|275.0|-0.0
L|275.0|-0.0|6.41|-0.0
L|6.41|0.0|0.12|-17.27
A|0.12|-17.27|2.04|-20.0|2.04|0|1
L|2.04|-20.0|275.0|-20.0
#1541020	1535790	273538	-0.00	-11.00	19.00	136.00
L|6.5|136.0|3.0|136.0
A|3.0|136.0|-0.0|133.0|3.0|0|1
L|-0.0|133.0|-0.0|7.0
A|-0.0|7.0|4.0|3.0|4.0|0|1
L|4.0|3.0|9.5|3.0
L|9.5|3.0|9.5|-8.0
A|9.5|-8.0|12.5|-11.0|3.0|0|1
L|12.5|-11.0|16.0|-11.0
A|16.0|-11.0|19.0|-8.0|3.0|0|1
L|19.0|-8.0|19.0|110.13
A|19.0|110.13|17.78|112.55|3.0|0|1
L|17.78|112.55|11.72|114.17
A|11.72|114.17|9.5|117.07|3.0|0|0
L|9.5|117.07|9.5|133.0
A|9.5|133.0|6.5|136.0|3.0|0|1
#1546531	1541370	273538	0.00	0.00	2.50	2.50
L|0.0|2.5|-0.0|1.0
L|-0.0|1.0|1.0|1.0
L|1.0|1.0|1.0|0.0
L|1.0|0.0|2.5|-0.0
L|2.5|-0.0|2.5|2.5
L|2.5|2.5|0.0|2.5
#1546539	1541378	273538	-3.00	-27.00	27.00	3.00
L|-0.48|1.5|18.89|1.5
L|18.89|1.5|26.74|0.12
L|26.74|0.12|27.0|1.59
L|27.0|1.59|19.03|3.0
L|19.03|3.0|-0.5|3.0
A|-0.5|3.0|-3.0|0.5|2.5|0|1
L|-3.0|0.5|-3.0|-19.03
L|-3.0|-19.03|-1.59|-27.0
L|-1.59|-27.0|-0.12|-26.74
L|-0.12|-26.74|-1.5|-18.89
L|-1.5|-18.89|-1.5|0.48
A|-1.5|0.48|-0.48|1.5|1.02|0|0
#1546541	1541377	273538	-3.00	-37.00	37.00	3.00
L|-0.48|1.5|28.89|1.5
L|28.89|1.5|36.74|0.12
L|36.74|0.12|37.0|1.59
L|37.0|1.59|29.03|3.0
L|29.03|3.0|-0.5|3.0
A|-0.5|3.0|-3.0|0.5|2.5|0|1
L|-3.0|0.5|-3.0|-29.03
L|-3.0|-29.03|-1.59|-37.0
L|-1.59|-37.0|-0.12|-36.74
L|-0.12|-36.74|-1.5|-28.89
L|-1.5|-28.89|-1.5|0.48
A|-1.5|0.48|-0.48|1.5|1.02|0|0
#1554100	1546912	273538	1.00	0.00	20.00	100.00
L|1.0|100.0|1.0|9.21
L|1.0|9.21|2.47|8.68
A|2.47|8.68|11.36|0.81|16.2|0|1
L|11.36|0.81|12.18|0.0
L|12.18|0.0|20.0|0.0
A|20.0|-0.0|18.0|1.99|2.0|0|1
L|18.0|1.99|17.0|1.99
A|17.0|1.99|3.0|15.99|14.0|0|0
L|3.0|15.99|3.0|98.0
A|3.0|98.0|1.0|100.0|2.0|0|1
#1554101	1546931	273538	-0.00	0.00	20.00	20.00
L|-0.0|20.0|-0.0|0.0
L|0.0|0.0|20.0|0.0
A|20.0|0.0|-0.0|20.0|20.0|0|0
#1554102	1546914	273538	1.00	0.00	3.00	50.00
L|3.0|0.0|3.0|50.0
L|3.0|50.0|1.0|50.0
L|1.0|50.0|1.0|0.0
L|1.0|0.0|3.0|0.0
#1554103	1546916	273538	1.00	1.00	13.00	51.00
L|1.0|11.28|5.8|1.0
L|5.8|1.0|13.0|1.0
L|13.0|1.0|13.0|49.0
A|13.0|49.0|11.0|51.0|2.0|0|1
L|11.0|51.0|1.0|51.0
L|1.0|51.0|1.0|11.28
#1554104	1546933	273538	-20.00	0.13	20.00	1.57
L|19.57|0.13|20.0|1.57
A|20.0|1.57|-20.0|1.57|69.67|0|1
L|-20.0|1.57|-19.57|0.13
A|-19.57|0.13|19.57|0.13|68.17|0|0
#1554105	1546923	273538	1.00	1.00	13.00	51.00
L|1.0|11.28|5.8|1.0
L|5.8|1.0|13.0|1.0
L|13.0|1.0|13.0|49.0
A|13.0|49.0|11.0|51.0|2.0|0|1
L|11.0|51.0|1.0|51.0
L|1.0|51.0|1.0|11.28
#1554108	1546928	273538	1.00	0.00	17.00	75.00
L|1.0|75.0|1.0|6.21
L|1.0|6.21|2.47|5.68
A|2.47|5.68|8.36|0.81|13.87|0|1
L|8.36|0.81|9.18|0.0
L|9.18|0.0|17.0|0.0
A|17.0|0.0|15.0|1.99|2.0|0|1
L|15.0|1.99|14.0|1.99
A|14.0|1.99|3.0|12.99|11.0|0|0
L|3.0|12.99|3.0|73.0
A|3.0|73.0|1.0|75.0|2.0|0|1
#1554109	1546927	273538	1.00	0.00	3.00	100.00
L|1.0|100.0|1.0|0.0
L|1.0|0.0|3.0|0.0
L|3.0|0.0|3.0|98.0
A|3.0|98.0|1.0|100.0|2.0|0|1
#1554110	1546929	273538	1.00	0.00	3.00	75.00
L|1.0|75.0|1.0|0.0
L|1.0|0.0|3.0|0.0
L|3.0|0.0|3.0|73.0
A|3.0|73.0|1.0|75.0|2.0|0|1
#1554111	1546930	273538	0.50	0.00	10.91	70.00
L|9.92|0.0|10.91|1.13
L|10.91|1.13|3.53|7.54
L|3.53|7.54|3.53|66.99
L|3.53|66.99|1.8|70.0
L|1.8|70.0|0.5|69.25
L|0.5|69.25|2.03|66.59
L|2.03|66.59|2.03|6.85
L|2.03|6.85|9.92|0.0
#1554120	1546934	273538	-25.00	0.00	0.00	5.10
L|0.0|0.0|0.0|2.5
A|0.0|2.5|-12.02|5.1|15.4|0|1
L|-12.02|5.1|-12.0|4.0
L|-12.0|4.0|-10.11|4.0
A|-10.11|4.0|-2.0|1.0|7.82|0|0
L|-2.0|1.0|-24.15|0.52
A|-24.15|0.52|-25.0|0.0|1.0|0|1
L|-25.0|0.0|0.0|0.0
#1554122	1546935	273538	-25.00	-0.00	0.00	3.00
L|-5.0|3.0|-5.0|0.5
L|-5.0|0.5|-25.0|-0.0
L|-25.0|0.0|0.0|0.0
L|0.0|0.0|0.0|3.0
L|0.0|3.0|-5.0|3.0
#1554124	1546913	273538	0.00	0.00	185.00	2.50
L|185.0|0.0|185.0|2.5
L|185.0|2.5|0.0|2.5
L|0.0|2.5|0.0|0.0
L|0.0|0.0|185.0|0.0
#1554126	1546938	273538	0.00	0.00	185.00	2.50
L|185.0|0.0|185.0|2.5
L|185.0|2.5|0.0|2.5
L|0.0|2.5|0.0|0.0
L|0.0|0.0|185.0|0.0
#1557662	1554579	273538	-310.00	-10.00	0.00	-0.00
L|0.0|-0.0|-310.0|-0.0
L|-310.0|0.0|-300.0|-10.0
L|-300.0|-10.0|0.0|-10.0
L|-0.0|-10.0|-0.0|-0.0
#1557664	1554585	273538	35.00	0.00	105.00	0.00
A|35.0|0.0|105.0|-0.0|35.0|0|1
A|105.0|0.0|35.0|0.0|35.0|0|1
A|37.0|-0.0|103.0|0.0|33.0|0|0
A|103.0|0.0|37.0|-0.0|33.0|0|0
#1557665	1554584	273538	32.21	-12.00	107.79	12.00
L|107.79|12.0|32.21|12.0
A|32.21|12.0|32.21|9.0|1.54|0|1
L|32.21|9.0|32.21|-9.0
A|32.21|-9.0|32.21|-12.0|1.54|0|1
L|32.21|-12.0|107.79|-12.0
A|107.79|-12.0|107.79|-9.0|1.54|0|1
L|107.79|-9.0|107.79|9.0
A|107.79|9.0|107.79|12.0|1.54|0|1
#1557668	1554582	273538	35.00	0.00	135.00	0.00
A|35.0|0.0|135.0|-0.0|50.0|0|1
A|135.0|0.0|35.0|0.0|50.0|0|1
A|37.0|-0.0|133.0|0.0|48.0|0|0
A|133.0|-0.0|37.0|-0.0|48.0|0|0
#1578252	1557950	273538	0.00	5.00	20.00	50.00
L|20.0|5.0|20.0|50.0
L|20.0|50.0|0.0|50.0
L|0.0|50.0|0.0|5.0
L|0.0|5.0|20.0|5.0
#1578253	1557952	273538	0.00	5.00	20.00	50.00
L|20.0|5.0|20.0|50.0
L|20.0|50.0|0.0|50.0
L|0.0|50.0|0.0|5.0
L|0.0|5.0|20.0|5.0
#1578254	1557953	273538	0.00	5.00	15.00	50.00
L|15.0|5.0|15.0|50.0
L|15.0|50.0|0.0|50.0
L|0.0|50.0|0.0|5.0
L|0.0|5.0|15.0|5.0
#1578255	1557958	273538	25.00	-10.00	100.00	10.00
L|100.0|-10.0|100.0|10.0
L|100.0|10.0|25.0|10.0
L|25.0|10.0|25.0|-10.0
L|25.0|-10.0|100.0|-10.0
#1578260	1557960	273538	-30.00	-0.00	30.00	27.00
L|-24.0|25.4|-24.0|27.0
L|-24.0|27.0|-29.0|27.0
L|-29.0|27.0|-30.0|26.0
L|-30.0|26.0|-30.0|1.0
L|-30.0|1.0|-29.0|-0.0
L|-29.0|-0.0|-17.0|-0.0
L|-17.0|-0.0|-15.0|2.0
L|-15.0|2.0|-13.0|-0.0
L|-13.0|-0.0|-2.4|-0.0
L|-2.4|-0.0|0.0|2.4
L|0.0|2.4|2.4|0.0
L|2.4|0.0|13.0|0.0
L|13.0|0.0|15.0|2.0
L|15.0|2.0|17.0|-0.0
L|17.0|-0.0|29.0|-0.0
L|29.0|-0.0|30.0|1.0
L|30.0|1.0|30.0|26.0
L|30.0|26.0|29.0|27.0
L|29.0|27.0|24.0|27.0
L|24.0|27.0|24.0|25.4
L|24.0|25.4|27.0|25.4
L|27.0|25.4|27.0|26.2
L|27.0|26.2|29.2|26.2
L|29.2|26.2|29.2|0.8
L|29.2|0.8|17.33|0.8
L|17.33|0.8|15.0|3.13
L|15.0|3.13|12.67|0.8
L|12.67|0.8|2.73|0.8
L|2.73|0.8|0.0|3.53
L|0.0|3.53|-2.73|0.8
L|-2.73|0.8|-12.67|0.8
L|-12.67|0.8|-15.0|3.13
L|-15.0|3.13|-17.33|0.8
L|-17.33|0.8|-29.2|0.8
L|-29.2|0.8|-29.2|26.2
L|-29.2|26.2|-27.0|26.2
L|-27.0|26.2|-27.0|25.4
L|-27.0|25.4|-24.0|25.4
#1578261	1557961	273538	1.00	-0.00	40.80	27.80
L|2.47|27.8|1.0|26.33
L|1.0|26.33|1.0|1.47
L|1.0|1.47|2.47|-0.0
L|2.47|-0.0|21.8|-0.0
L|21.8|-0.0|21.8|0.8
L|21.8|0.8|2.8|0.8
L|2.8|0.8|1.8|1.8
L|1.8|1.8|1.8|26.0
L|1.8|26.0|2.8|27.0
L|2.8|27.0|40.8|27.0
L|40.8|27.0|40.8|27.8
L|40.8|27.8|2.47|27.8
#1578262	1557962	273538	0.00	0.00	5.56	12.50
L|5.56|0.0|5.56|12.5
L|5.56|12.5|0.0|12.5
L|0.0|12.5|0.0|0.0
L|0.0|0.0|5.56|0.0
#1578265	1557963	273538	0.00	0.00	5.56	12.50
L|5.56|0.0|5.56|12.5
L|5.56|12.5|0.0|12.5
L|0.0|12.5|0.0|0.0
L|0.0|0.0|5.56|0.0
#1578266	1557967	273538	0.00	0.00	5.56	12.50
L|5.56|0.0|5.56|12.5
L|5.56|12.5|0.0|12.5
L|0.0|12.5|0.0|0.0
L|0.0|0.0|5.56|0.0
#1578275	1557974	273538	-24.92	23.64	8.00	216.64
L|8.0|207.6|4.0|216.64
L|4.0|216.64|4.0|30.0
A|4.0|30.0|-4.54|26.46|5.0|0|0
L|-4.54|26.46|-22.09|44.02
L|-22.09|44.02|-24.92|41.19
L|-24.92|41.19|-7.36|23.64
A|-7.36|23.64|8.0|30.0|9.0|0|1
L|8.0|30.0|8.0|207.6
#1578277	1557973	273538	-28.35	1.30	28.35	45.00
L|10.0|45.0|-10.0|45.0
L|-10.0|45.0|-10.0|20.0
L|-10.0|20.0|-21.46|20.0
L|-21.46|20.0|-24.16|25.41
L|-24.16|25.41|-28.35|25.41
L|-28.35|25.41|-28.35|13.21
L|-28.35|13.21|-23.27|1.3
L|-23.27|1.3|-19.0|1.3
L|-19.0|1.3|-17.68|3.93
L|-17.68|3.93|17.68|3.93
L|17.68|3.93|19.0|1.3
L|19.0|1.3|23.27|1.3
L|23.27|1.3|28.35|13.21
L|28.35|13.21|28.35|25.41
L|28.35|25.41|24.16|25.41
L|24.16|25.41|21.46|20.0
L|21.46|20.0|10.0|20.0
L|10.0|20.0|10.0|45.0
#1578279	1557972	273538	-28.35	1.30	28.35	100.00
A|10.0|100.0|-10.0|100.0|10.0|0|1
L|-10.0|100.0|-10.0|20.0
L|-10.0|20.0|-21.46|20.0
L|-21.46|20.0|-24.16|25.41
L|-24.16|25.41|-28.35|25.41
L|-28.35|25.41|-28.35|13.21
L|-28.35|13.21|-23.27|1.3
L|-23.27|1.3|-19.0|1.3
L|-19.0|1.3|-17.68|3.93
L|-17.68|3.93|17.68|3.93
L|17.68|3.93|19.0|1.3
L|19.0|1.3|23.27|1.3
L|23.27|1.3|28.35|13.21
L|28.35|13.21|28.35|25.41
L|28.35|25.41|24.16|25.41
L|24.16|25.41|21.46|20.0
L|21.46|20.0|10.0|20.0
L|10.0|20.0|10.0|100.0
#1578281	1557951	273538	-28.35	1.30	28.35	81.30
A|12.0|81.3|-12.0|81.3|12.0|0|1
L|-12.0|81.3|-12.0|34.02
L|-12.0|34.02|-21.46|20.0
L|-21.46|20.0|-24.16|25.41
L|-24.16|25.41|-28.35|25.41
L|-28.35|25.41|-28.35|13.21
L|-28.35|13.21|-23.27|1.3
L|-23.27|1.3|-19.0|1.3
L|-19.0|1.3|-17.68|3.93
L|-17.68|3.93|17.68|3.93
L|17.68|3.93|19.0|1.3
L|19.0|1.3|23.27|1.3
L|23.27|1.3|28.35|13.21
L|28.35|13.21|28.35|25.41
L|28.35|25.41|24.16|25.41
L|24.16|25.41|21.46|20.0
L|21.46|20.0|12.0|34.02
L|12.0|34.02|12.0|81.3
A|-2.49|78.41|2.49|78.41|2.49|0|0
A|2.49|78.41|-2.49|78.41|2.49|0|0
A|-2.49|63.41|2.49|63.41|2.49|0|0
A|2.49|63.41|-2.49|63.41|2.49|0|0
A|-2.49|48.41|2.49|48.41|2.49|0|0
A|2.49|48.41|-2.49|48.41|2.49|0|0
#1584892	1584598	273538	-0.08	-33.94	10.38	25.09
L|-0.08|15.69|2.08|13.45
L|2.08|13.45|-0.08|11.21
L|-0.08|11.21|2.08|8.97
L|2.08|8.97|-0.08|6.72
L|-0.08|6.72|2.08|4.48
L|2.08|4.48|-0.08|2.24
L|-0.08|2.24|2.08|0.0
L|2.08|0.0|-0.08|-2.24
L|-0.08|-2.24|2.08|-4.48
L|2.08|-4.48|-0.08|-6.72
L|-0.08|-6.72|2.08|-8.97
L|2.08|-8.97|-0.08|-11.21
L|-0.08|-11.21|2.08|-13.45
L|2.08|-13.45|-0.08|-15.69
L|-0.08|-15.69|5.0|-20.77
L|5.0|-20.77|5.0|-33.94
A|5.0|-33.94|6.5|-33.94|0.75|0|1
L|6.5|-33.94|6.5|-20.62
A|6.5|-20.62|6.17|-19.82|1.13|0|1
L|6.17|-19.82|3.5|-17.15
L|3.5|-17.15|3.5|17.15
L|3.5|17.15|10.38|24.03
A|10.38|24.03|9.32|25.09|0.75|0|1
L|9.32|25.09|-0.08|15.69
#1584893	1584599	273538	0.00	-31.41	12.00	42.30
L|12.0|30.96|12.0|42.3
A|12.0|42.3|10.0|42.3|1.0|0|1
L|10.0|42.3|10.0|31.68
A|10.0|31.68|9.4|30.61|1.2|0|0
L|9.4|30.61|1.5|26.05
L|1.5|26.05|0.0|24.36
L|0.0|24.36|1.5|22.66
L|1.5|22.66|0.0|20.97
L|0.0|20.97|1.5|19.27
L|1.5|19.27|-0.0|17.58
L|-0.0|17.58|1.5|15.88
L|1.5|15.88|0.0|14.19
L|0.0|14.19|1.5|12.49
L|1.5|12.49|0.0|10.79
L|0.0|10.79|1.5|9.1
L|1.5|9.1|0.0|7.4
L|0.0|7.4|1.5|5.71
L|1.5|5.71|-0.0|4.01
L|-0.0|4.01|1.5|2.32
L|1.5|2.32|0.0|0.62
L|0.0|0.62|1.5|-1.07
L|1.5|-1.07|0.0|-2.77
L|0.0|-2.77|1.5|-4.46
L|1.5|-4.46|0.0|-6.16
L|0.0|-6.16|1.5|-7.86
L|1.5|-7.86|0.0|-9.55
L|0.0|-9.55|1.5|-11.25
L|1.5|-11.25|0.0|-12.94
L|0.0|-12.94|1.5|-14.64
L|1.5|-14.64|0.0|-16.33
L|0.0|-16.33|1.5|-18.03
L|1.5|-18.03|0.0|-19.72
L|0.0|-19.72|1.5|-21.42
L|1.5|-21.42|0.0|-23.11
L|0.0|-23.11|8.29|-31.41
A|8.29|-31.41|9.71|-29.99|1.0|0|1
L|9.71|-29.99|3.5|-23.79
L|3.5|-23.79|3.5|-0.6
L|3.5|-0.6|2.9|0.0
L|2.9|0.0|3.5|0.6
L|3.5|0.6|3.5|24.9
L|3.5|24.9|11.0|29.23
A|11.0|29.23|12.0|30.96|2.0|0|1
#1584894	1584600	273538	0.00	-20.11	7.00	26.60
L|0.0|17.33|1.5|14.85
L|1.5|14.85|0.0|12.38
L|-0.0|12.38|1.5|9.9
L|1.5|9.9|-0.0|7.43
L|-0.0|7.43|1.5|4.95
L|1.5|4.95|-0.0|2.48
L|-0.0|2.48|1.5|0.0
L|1.5|0.0|-0.0|-2.48
L|0.0|-2.48|1.5|-4.95
L|1.5|-4.95|0.0|-7.43
L|0.0|-7.43|1.5|-9.9
L|1.5|-9.9|0.0|-12.38
L|-0.0|-12.38|1.5|-14.85
L|1.5|-14.85|-0.0|-17.33
L|-0.0|-17.33|2.78|-20.11
A|2.78|-20.11|4.19|-18.69|1.0|0|1
L|4.19|-18.69|3.0|-17.5
L|3.0|-17.5|3.0|17.5
L|3.0|17.5|7.0|21.5
L|7.0|21.5|7.0|26.6
A|7.0|26.6|5.0|26.6|1.0|0|1
L|5.0|26.6|5.0|22.33
L|5.0|22.33|0.0|17.33
#1586006	3833625	273538	-113.30	1.71	98.30	298.31
L|42.29|290.86|39.54|290.13
A|39.54|290.13|39.38|289.25|0.49|0|1
L|39.38|289.25|61.85|272.68
A|61.85|272.68|65.79|258.99|11.7|0|0
L|65.79|258.99|-27.53|21.03
A|-27.53|21.03|-30.27|18.83|3.54|0|0
L|-30.27|18.83|-113.3|5.68
L|-113.3|5.68|-113.3|1.71
L|-113.3|1.71|-1.16|1.71
L|-1.16|1.71|98.3|255.33
L|98.3|255.33|98.3|298.31
L|98.3|298.31|46.77|298.31
A|46.77|298.31|47.11|293.23|4.7|0|0
A|47.11|293.23|42.29|290.86|4.7|0|0
#1586011	3833624	273538	-113.30	1.71	98.30	148.30
L|42.29|140.85|39.54|140.12
A|39.54|140.12|39.38|139.25|0.49|0|1
L|39.38|139.25|59.86|124.14
A|59.86|124.14|61.22|106.06|11.96|0|0
L|61.22|106.06|-25.21|19.63
L|-25.21|19.63|-113.3|5.68
L|-113.3|5.68|-113.3|1.71
L|-113.3|1.71|-0.7|1.71
L|-0.7|1.71|98.3|100.71
L|98.3|100.71|98.3|148.3
L|98.3|148.3|46.77|148.3
A|46.77|148.3|47.11|143.22|4.7|0|0
A|47.11|143.22|42.29|140.85|4.7|0|0
#1587604	1586059	273538	-150.00	-20.73	150.00	24.27
L|-150.0|17.32|-150.0|-19.58
L|-150.0|-19.58|-148.85|-20.73
L|-148.85|-20.73|-140.0|-20.73
L|-140.0|-20.73|-134.15|4.27
L|-134.15|4.27|134.15|4.27
L|134.15|4.27|140.0|-20.73
L|140.0|-20.73|148.85|-20.73
L|148.85|-20.73|150.0|-19.58
L|150.0|-19.58|150.0|17.32
A|150.0|17.32|148.05|19.32|2.0|0|1
L|148.05|19.32|0.0|24.27
L|0.0|24.27|-148.05|19.32
A|-148.05|19.32|-150.0|17.32|2.0|0|1
#1587605	1586060	273538	-170.00	-26.00	170.00	23.93
L|-170.0|21.93|-170.0|-24.85
L|-170.0|-24.85|-168.85|-26.0
L|-168.85|-26.0|-160.0|-26.0
L|-160.0|-26.0|-155.0|4.0
L|-155.0|4.0|155.0|4.0
L|155.0|4.0|160.0|-26.0
L|160.0|-26.0|168.85|-26.0
L|168.85|-26.0|170.0|-24.85
L|170.0|-24.85|170.0|12.05
A|170.0|12.05|168.05|14.05|2.0|0|1
L|168.05|14.05|-167.93|23.93
A|-167.93|23.93|-170.0|21.93|2.0|0|1
#1591648	2690644	273538	-136.44	-0.00	154.02	41.39
L|-83.68|19.35|-100.57|19.35
A|-100.57|19.35|-102.8|21.06|2.3|0|0
L|-102.8|21.06|-105.49|31.11
A|-105.49|31.11|-106.38|31.79|0.92|0|1
L|-106.38|31.79|-109.11|31.79
A|-109.11|31.79|-110.02|30.95|0.92|0|1
L|-110.02|30.95|-111.1|18.69
A|-111.1|18.69|-113.39|16.59|2.3|0|0
L|-113.39|16.59|-122.61|16.59
A|-122.61|16.59|-124.88|18.49|2.3|0|0
L|-124.88|18.49|-127.02|30.65
A|-127.02|30.65|-128.38|31.79|1.38|0|1
L|-128.38|31.79|-133.12|31.79
A|-133.12|31.79|-135.39|29.89|2.3|0|1
L|-135.39|29.89|-136.44|23.96
L|-136.44|23.96|-133.65|8.35
A|-133.65|8.35|-131.38|6.45|2.3|0|1
L|-131.38|6.45|-127.07|6.45
A|-127.07|6.45|-125.99|6.97|1.38|0|1
A|-125.99|6.97|-124.24|7.83|2.31|0|0
L|-124.24|7.83|-105.38|7.83
A|-105.38|7.83|-103.73|7.14|2.3|0|0
A|-103.73|7.14|-101.99|6.45|2.3|0|1
L|-101.99|6.45|-71.39|6.45
A|-71.39|6.45|-69.62|5.14|1.84|0|0
L|-69.62|5.14|-68.61|1.36
A|-68.61|1.36|-66.83|-0.0|1.84|0|1
L|-66.83|-0.0|-62.18|-0.0
A|-62.18|-0.0|-60.52|1.03|1.84|0|1
A|-60.52|1.03|-56.69|3.05|3.69|0|0
A|-56.7|3.05|-50.13|2.6|45.63|0|1
L|-50.13|2.6|1.02|2.6
L|1.02|2.6|30.79|2.6
A|30.79|2.6|55.68|7.27|68.67|0|1
A|55.68|7.27|60.58|4.79|3.69|0|0
L|60.58|4.79|61.49|1.36
A|61.49|1.36|63.17|-0.0|1.84|0|1
L|63.17|0.0|67.69|0.0
A|67.69|-0.0|69.5|1.52|1.84|0|1
L|69.5|1.52|70.68|8.23
A|70.68|8.23|77.65|21.07|23.05|0|0
A|77.65|21.07|84.12|28.0|68.68|0|1
A|84.12|28.0|110.02|41.39|36.4|0|0
A|110.02|41.39|113.89|38.35|3.69|0|0
L|113.89|38.35|116.56|23.18
A|116.56|23.18|118.31|21.66|1.84|0|1
L|118.31|21.66|121.0|21.66
A|121.0|21.66|122.82|23.18|1.84|0|1
L|122.82|23.18|124.77|34.24
A|124.77|34.24|130.2|36.81|3.69|0|0
A|130.2|36.81|145.16|20.91|36.4|0|0
A|145.16|20.91|147.65|19.35|2.77|0|1
L|147.65|19.35|152.02|19.35
A|152.02|19.35|154.02|21.35|2.0|0|1
L|154.02|21.35|154.02|24.88
A|154.02|24.88|142.55|38.68|61.75|0|1
A|142.55|38.68|77.32|33.52|45.16|0|1
A|77.32|33.52|30.8|11.36|59.92|0|0
L|30.8|11.35|1.02|11.35
L|1.02|11.35|-50.28|11.35
A|-50.28|11.35|-78.02|23.94|36.87|0|0
A|-78.02|23.94|-79.83|24.87|2.76|0|1
L|-79.83|24.87|-80.74|24.88
A|-80.74|24.88|-81.66|24.04|0.92|0|1
L|-81.66|24.04|-81.92|21.03
A|-81.92|21.03|-83.68|19.35|1.84|0|0
#1591649	2690646	273538	-136.42	-60.00	95.67	38.68
L|-83.65|19.36|-100.55|19.36
A|-100.55|19.36|-102.77|21.06|2.3|0|0
L|-102.77|21.06|-105.47|31.11
A|-105.47|31.11|-106.36|31.8|0.92|0|1
L|-106.36|31.8|-109.08|31.8
A|-109.08|31.8|-110.0|30.96|0.92|0|1
L|-110.0|30.96|-111.07|18.69
A|-111.07|18.69|-113.37|16.59|2.3|0|0
L|-113.37|16.59|-122.58|16.59
A|-122.58|16.59|-124.85|18.49|2.3|0|0
L|-124.85|18.49|-127.0|30.65
A|-127.0|30.65|-128.36|31.8|1.38|0|1
L|-128.36|31.8|-133.1|31.8
A|-133.1|31.8|-135.37|29.89|2.3|0|1
L|-135.37|29.89|-136.42|23.96
L|-136.42|23.96|-133.62|8.36
A|-133.62|8.36|-131.35|6.45|2.3|0|1
L|-131.35|6.45|-127.05|6.45
A|-127.05|6.45|-125.97|6.97|1.38|0|1
A|-125.97|6.97|-124.21|7.83|2.31|0|0
L|-124.21|7.83|-105.35|7.83
A|-105.35|7.83|-103.71|7.14|2.3|0|0
A|-103.71|7.14|-101.96|6.45|2.3|0|1
L|-101.96|6.45|-71.36|6.45
A|-71.36|6.45|-69.6|5.15|1.84|0|0
L|-69.6|5.15|-68.58|1.37
A|-68.58|1.37|-66.8|0.0|1.84|0|1
L|-66.8|0.0|-62.15|0.0
A|-62.15|-0.0|-60.5|1.03|1.84|0|1
A|-60.5|1.03|-56.67|3.06|3.69|0|0
A|-56.67|3.06|-50.11|2.6|45.63|0|1
L|-50.11|2.6|-27.27|2.6
A|-27.27|2.6|-2.68|7.27|68.67|0|1
A|-2.68|7.27|2.22|4.79|3.69|0|0
L|2.22|4.79|3.14|1.37
A|3.14|1.37|4.92|0.0|1.84|0|1
L|4.92|0.0|9.22|0.0
A|9.22|0.0|11.15|1.52|1.84|0|1
L|11.15|1.52|12.33|8.23
A|12.33|8.23|19.3|21.07|23.05|0|0
L|19.3|21.07|25.77|28.01
A|25.77|28.01|77.86|28.6|42.23|0|0
L|77.86|28.6|81.67|-60.0
L|81.67|-60.0|89.67|-60.0
L|89.67|-60.0|95.67|21.2
L|95.67|21.2|95.67|24.88
A|95.67|24.88|84.19|38.68|61.75|0|1
A|84.19|38.68|18.96|33.52|45.16|0|1
A|18.96|33.52|-27.56|11.36|59.92|0|0
L|-27.56|11.36|-50.26|11.36
A|-50.26|11.36|-78.0|23.94|36.87|0|0
A|-78.0|23.94|-79.8|24.87|2.76|0|1
L|-79.8|24.87|-80.71|24.89
A|-80.71|24.89|-81.63|24.04|0.92|0|1
L|-81.63|24.04|-81.89|21.04
A|-81.89|21.04|-83.65|19.36|1.84|0|0
#1591650	2690647	273538	-83.62	-60.00	153.99	43.76
A|153.99|25.04|136.27|43.76|61.75|0|1
A|136.27|43.76|77.08|33.72|45.47|0|1
A|77.08|33.72|33.09|11.71|59.6|0|0
A|33.09|11.71|-6.92|33.52|59.92|0|0
A|-6.92|33.52|-72.15|38.68|45.16|0|1
A|-72.15|38.68|-83.62|24.88|61.75|0|1
L|-83.62|24.88|-83.62|21.2
L|-83.62|21.2|-77.62|-60.0
L|-77.62|-60.0|-69.62|-60.0
L|-69.62|-60.0|-65.82|28.6
A|-65.82|28.6|-13.73|28.01|42.23|0|0
L|-13.73|28.01|-7.26|21.07
A|-7.26|21.07|-0.29|8.23|23.05|0|0
L|-0.29|8.23|0.89|1.52
A|0.89|1.52|2.82|0.0|1.84|0|1
L|2.82|0.0|7.12|0.0
A|7.12|0.0|8.9|1.37|1.84|0|1
L|8.9|1.37|10.16|4.7
A|10.16|4.7|14.59|6.94|3.33|0|0
A|14.58|6.94|32.39|2.62|69.04|0|1
A|32.39|2.62|56.68|7.67|68.67|0|1
A|56.68|7.67|60.55|4.95|3.69|0|0
L|60.55|4.95|61.47|1.53
A|61.47|1.53|63.14|0.16|1.84|0|1
L|63.14|0.16|67.66|0.16
A|67.66|0.16|69.47|1.68|1.84|0|1
L|69.47|1.68|70.66|8.39
A|70.66|8.39|77.63|21.24|23.05|0|0
A|77.63|21.24|84.09|28.17|68.68|0|1
A|84.09|28.17|109.99|41.56|36.4|0|0
A|109.99|41.56|113.86|38.52|3.69|0|0
L|113.86|38.52|116.54|23.34
A|116.54|23.34|118.28|21.82|1.84|0|1
L|118.28|21.82|120.98|21.82
A|120.98|21.82|122.79|23.34|1.84|0|1
L|122.79|23.34|124.74|34.4
A|124.74|34.4|130.18|36.98|3.69|0|0
A|130.18|36.98|145.13|21.08|36.4|0|0
A|145.13|21.08|147.63|19.51|2.77|0|1
L|147.63|19.51|151.99|19.51
A|151.99|19.51|153.99|21.51|2.0|0|1
L|153.99|21.51|153.99|25.04
#1591651	2690648	273538	-134.65	-0.02	154.02	41.39
L|-134.65|21.04|-134.65|17.98
L|-134.65|17.98|-133.75|17.98
L|-133.75|17.98|-133.12|14.39
L|-133.12|14.39|-124.75|14.39
L|-124.75|14.39|-121.63|26.05
A|-121.63|26.05|-54.83|21.55|39.6|0|0
L|-54.83|21.55|-52.51|17.83
L|-52.51|17.83|-50.47|15.22
L|-50.47|15.22|-47.43|12.08
L|-47.43|12.08|-44.0|9.32
L|-44.0|9.32|-40.46|7.11
L|-40.46|7.11|-37.32|5.58
L|-37.32|5.58|-32.76|3.98
L|-32.76|3.98|-25.04|2.93
L|-25.04|2.93|-23.86|-0.02
L|-23.86|-0.02|-17.36|-0.02
L|-17.36|-0.02|-16.63|2.69
L|-16.63|2.69|34.25|2.69
A|34.25|2.69|55.68|7.27|68.67|0|1
A|55.68|7.27|60.58|4.79|3.69|0|0
L|60.58|4.79|61.49|1.36
A|61.49|1.36|63.17|0.0|1.84|0|1
L|63.17|0.0|67.69|0.0
A|67.69|-0.0|69.5|1.52|1.84|0|1
L|69.5|1.52|70.68|8.23
A|70.68|8.23|77.65|21.07|23.05|0|0
A|77.65|21.07|84.12|28.0|68.68|0|1
A|84.12|28.0|110.02|41.39|36.4|0|0
A|110.02|41.39|113.89|38.35|3.69|0|0
L|113.89|38.35|116.56|23.18
A|116.56|23.18|118.31|21.66|1.84|0|1
L|118.31|21.66|121.0|21.66
A|121.0|21.66|122.81|23.16|1.84|0|1
L|122.81|23.16|124.77|34.24
A|124.77|34.24|130.2|36.81|3.69|0|0
A|130.2|36.81|145.16|20.91|36.4|0|0
A|145.16|20.91|147.65|19.35|2.77|0|1
L|147.65|19.35|152.02|19.35
A|152.02|19.35|154.02|21.35|2.0|0|1
L|154.02|21.35|154.02|24.88
A|154.02|24.88|142.55|38.68|61.75|0|1
A|142.55|38.68|77.32|33.52|45.16|0|1
A|77.32|33.52|37.09|11.69|59.92|0|0
L|37.09|11.69|0.35|11.69
L|0.35|11.69|-23.18|11.69
A|-23.18|11.69|-46.92|25.83|27.0|0|0
A|-46.92|25.83|-134.65|21.04|48.6|0|1
#1591652	2690645	273538	-114.22	-60.00	114.22	31.00
A|-100.41|-18.89|-114.22|-60.0|68.32|0|1
L|-114.22|-60.0|-103.09|-60.0
L|-103.09|-60.0|-102.02|-47.68
A|-102.02|-47.68|-92.6|-25.14|44.27|0|0
A|-92.6|-25.14|0.0|21.0|115.98|0|0
A|0.0|21.0|92.6|-25.14|115.98|0|0
A|92.6|-25.14|102.02|-47.68|44.27|0|0
L|102.02|-47.68|103.09|-60.0
L|103.09|-60.0|114.22|-60.0
A|114.22|-60.0|100.41|-18.89|68.32|0|1
A|100.41|-18.89|0.0|31.0|125.98|0|1
A|0.0|31.0|-100.41|-18.89|125.98|0|1
#1591653	2690649	273538	-405.51	2.78	52.43	68.37
L|51.84|44.82|44.07|45.46
L|44.07|45.46|39.67|33.18
L|39.67|33.18|16.7|35.09
L|16.7|35.09|15.53|47.83
L|15.53|47.83|10.0|48.29
L|10.0|48.29|4.96|34.26
L|4.96|34.26|-22.27|36.53
L|-22.27|36.53|-28.82|38.88
L|-28.82|38.88|-383.59|68.37
A|-383.59|68.37|-405.16|50.3|20.0|0|1
L|-405.16|50.3|-405.46|46.71
L|-405.46|46.71|-405.51|42.12
L|-405.51|42.12|-396.79|41.4
L|-396.79|41.4|-393.3|50.51
A|-393.3|50.51|-390.23|54.47|8.09|0|0
L|-390.23|54.47|-365.48|52.42
L|-365.48|52.42|-364.81|45.14
L|-364.81|45.14|-359.03|44.66
L|-359.03|44.66|-354.54|56.93
L|-354.54|56.93|-30.74|30.01
L|-30.74|30.01|-24.2|27.66
L|-24.2|27.66|32.82|22.92
L|32.82|22.92|36.68|3.63
L|36.68|3.63|46.86|2.78
L|46.86|2.78|51.29|24.79
L|51.29|24.79|52.43|38.45
L|52.43|38.45|51.84|44.82
#1591654	2690652	273538	-146.35	0.00	146.65	55.37
A|146.65|45.09|60.38|45.15|52.12|0|1
A|60.38|45.15|-63.78|49.49|75.38|0|0
A|-63.78|49.49|-146.35|45.16|51.77|0|1
L|-146.35|45.16|-146.35|35.16
L|-146.35|35.16|-137.95|35.16
A|-137.95|35.16|-134.45|37.71|6.08|0|1
A|-134.45|37.71|-112.56|54.81|42.93|0|0
A|-112.56|54.81|-109.09|53.26|3.0|0|0
L|-109.09|53.26|-106.76|43.36
A|-106.76|43.36|-103.82|41.07|3.03|0|1
L|-103.82|41.07|-100.87|41.07
A|-100.87|41.07|-98.13|43.36|3.23|0|1
L|-98.13|43.36|-95.69|53.32
A|-95.69|53.32|-92.66|55.34|2.69|0|0
A|-92.66|55.34|-67.05|36.16|44.18|0|0
A|-67.05|36.16|-44.98|16.7|84.76|0|1
A|-44.98|16.7|-41.53|10.57|8.63|0|0
L|-41.53|10.57|-39.43|2.3
A|-39.43|2.3|-36.36|0.0|3.0|0|1
L|-36.36|0.0|-31.95|0.0
A|-31.95|0.0|-28.36|2.55|3.35|0|1
L|-28.36|2.55|-27.61|5.63
A|-27.61|5.63|-23.77|7.01|3.12|0|0
A|-23.77|7.01|24.34|6.14|105.98|0|1
A|24.34|6.14|28.58|2.93|3.23|0|0
A|28.58|2.93|32.56|0.0|3.76|0|1
L|32.56|0.0|36.95|0.0
A|36.95|-0.0|39.86|2.3|3.0|0|1
L|39.86|2.3|42.4|12.8
A|42.44|12.79|45.61|16.79|6.07|0|0
A|45.61|16.79|71.43|41.07|98.88|0|1
A|71.43|41.07|92.33|55.37|38.53|0|0
A|92.33|55.37|96.02|53.26|3.0|0|0
L|96.02|53.26|98.34|43.36
A|98.34|43.36|101.28|41.07|3.03|0|1
L|101.28|41.07|104.23|41.07
A|104.23|41.07|106.97|43.36|3.23|0|1
L|106.97|43.36|109.41|53.34
A|109.41|53.34|112.84|55.26|2.69|0|0
A|112.84|55.26|134.45|37.13|36.86|0|0
A|134.45|37.13|137.35|35.07|3.07|0|1
L|137.35|35.07|146.65|35.07
L|146.65|35.07|146.65|45.09
#1591655	2690658	273538	-147.37	-61.01	145.63	55.37
L|-147.37|16.13|-147.37|-61.01
L|-147.37|-61.01|-135.25|-61.01
A|-135.25|-61.01|-132.36|-58.12|2.89|0|1
L|-132.36|-58.12|-132.36|20.13
A|-132.36|20.13|-66.19|44.59|37.61|0|0
A|-66.19|44.59|-44.24|19.89|117.85|0|1
A|-44.24|19.89|-39.19|13.32|10.21|0|0
L|-39.19|13.32|-36.53|2.3
A|-36.53|2.3|-33.47|-0.0|3.0|0|1
L|-33.47|-0.0|-28.96|-0.0
A|-28.96|-0.0|-25.39|2.44|3.23|0|1
L|-25.39|2.44|-24.66|5.48
A|-24.66|5.48|-21.21|7.34|2.68|0|0
A|-21.21|7.34|27.47|7.34|76.06|0|1
A|27.47|7.34|30.92|5.48|2.63|0|0
L|30.92|5.48|31.55|2.87
A|31.55|2.87|35.51|-0.0|3.76|0|1
L|35.51|-0.0|39.88|-0.0
A|39.88|-0.0|42.8|2.3|3.0|0|1
L|42.8|2.3|45.44|13.23
A|45.44|13.23|49.76|19.4|10.31|0|0
A|49.76|19.4|70.41|41.06|137.56|0|1
A|70.41|41.06|91.31|55.37|38.53|0|0
A|91.31|55.37|94.99|53.26|3.0|0|0
L|94.99|53.26|97.32|43.36
A|97.32|43.36|100.26|41.06|3.03|0|1
L|100.26|41.06|103.21|41.06
A|103.21|41.06|105.94|43.36|3.23|0|1
L|105.94|43.36|108.39|53.34
A|108.39|53.34|111.81|55.26|2.69|0|0
A|111.81|55.26|133.42|37.13|36.86|0|0
A|133.42|37.13|136.33|35.06|3.07|0|1
L|136.33|35.06|145.63|35.06
L|145.63|35.06|145.63|45.09
A|145.63|45.09|59.35|45.15|52.12|0|1
A|59.35|45.15|-52.44|45.15|66.09|0|0
A|-52.44|45.15|-147.37|16.13|51.9|0|1
#1591656	2690657	273538	-121.50	-61.00	148.36	67.99
A|102.82|67.99|59.26|45.15|52.12|0|1
A|59.26|45.15|-85.13|50.01|95.14|0|0
A|-85.13|50.01|-87.99|51.53|3.12|0|1
L|-87.99|51.53|-90.52|51.53
A|-90.52|51.53|-93.68|49.23|3.09|0|1
L|-93.68|49.23|-95.95|39.82
A|-95.95|39.82|-99.0|37.53|3.0|0|0
L|-99.0|37.53|-105.0|37.53
A|-105.0|37.53|-107.89|39.7|3.15|0|0
L|-107.89|39.7|-110.2|49.25
A|-110.2|49.25|-113.11|51.53|3.14|0|1
L|-113.11|51.53|-115.54|51.53
A|-115.54|51.53|-118.7|49.16|3.09|0|1
L|-118.7|49.16|-120.74|40.69
A|-120.74|40.69|-121.5|34.95|21.97|0|1
L|-121.5|34.95|-121.5|29.64
A|-121.5|29.64|-118.39|26.53|3.11|0|1
L|-118.39|26.53|-80.43|26.53
A|-80.43|26.53|-73.95|24.17|10.19|0|0
A|-73.95|24.17|-58.04|14.41|98.79|0|1
A|-58.04|14.41|-54.58|10.57|5.25|0|0
L|-54.58|10.57|-52.49|2.3
A|-52.49|2.3|-49.42|0.0|3.0|0|1
L|-49.42|0.0|-45.01|0.0
A|-45.01|0.0|-41.41|2.55|3.35|0|1
L|-41.41|2.55|-40.92|4.58
A|-40.92|4.58|-36.83|6.54|3.12|0|0
A|-36.83|6.54|11.39|5.69|105.98|0|1
A|11.39|5.69|15.53|3.09|3.23|0|0
A|15.53|3.09|19.54|0.0|3.76|0|1
L|19.54|0.0|23.93|0.0
A|23.93|-0.0|26.84|2.3|3.0|0|1
L|26.84|2.3|28.38|8.64
A|28.38|8.64|31.97|12.63|6.07|0|0
A|31.97|12.63|70.32|41.07|93.33|0|1
A|70.32|41.07|102.04|56.71|38.53|0|0
A|102.04|56.71|133.36|23.12|31.96|0|0
L|133.36|23.12|133.36|-57.96
A|133.36|-57.96|136.4|-61.0|3.04|0|1
L|136.4|-61.0|148.36|-61.0
L|148.36|-61.0|148.36|22.46
A|148.36|22.46|102.82|67.99|45.54|0|1
#1591657	2690656	273538	-121.50	-0.00	145.54	55.37
A|145.54|45.09|59.26|45.15|52.12|0|1
A|59.26|45.15|-85.13|50.01|95.14|0|0
A|-85.13|50.01|-87.99|51.53|3.12|0|1
L|-87.99|51.53|-90.52|51.53
A|-90.52|51.53|-93.68|49.23|3.09|0|1
L|-93.68|49.23|-95.95|39.82
A|-95.95|39.82|-99.0|37.53|3.0|0|0
L|-99.0|37.53|-105.0|37.53
A|-105.0|37.53|-107.89|39.7|3.15|0|0
L|-107.89|39.7|-110.2|49.25
A|-110.2|49.25|-113.11|51.53|3.14|0|1
L|-113.11|51.53|-115.54|51.53
A|-115.54|51.53|-118.7|49.16|3.09|0|1
L|-118.7|49.16|-120.74|40.69
A|-120.74|40.69|-121.5|34.95|21.97|0|1
L|-121.5|34.95|-121.5|29.64
A|-121.5|29.64|-118.39|26.53|3.11|0|1
L|-118.39|26.53|-80.43|26.53
A|-80.43|26.53|-73.95|24.17|10.19|0|0
A|-73.95|24.17|-58.04|14.41|98.79|0|1
A|-58.04|14.41|-54.58|10.57|5.25|0|0
L|-54.58|10.57|-52.49|2.3
A|-52.49|2.3|-49.42|-0.0|3.0|0|1
L|-49.42|0.0|-45.01|0.0
A|-45.01|0.0|-41.41|2.55|3.35|0|1
L|-41.41|2.55|-40.92|4.58
A|-40.92|4.58|-36.83|6.54|3.12|0|0
A|-36.83|6.54|11.39|5.69|105.98|0|1
A|11.39|5.69|15.53|3.09|3.23|0|0
A|15.53|3.09|19.54|-0.0|3.76|0|1
L|19.54|0.0|23.93|0.0
A|23.93|-0.0|26.84|2.3|3.0|0|1
L|26.84|2.3|28.38|8.64
A|28.38|8.64|31.97|12.63|6.07|0|0
A|31.97|12.63|70.32|41.07|93.33|0|1
A|70.32|41.07|91.22|55.37|38.53|0|0
A|91.22|55.37|94.91|53.26|3.0|0|0
L|94.91|53.26|97.23|43.36
A|97.23|43.36|100.17|41.07|3.03|0|1
L|100.17|41.07|103.12|41.07
A|103.12|41.07|105.86|43.36|3.23|0|1
L|105.86|43.36|108.3|53.34
A|108.3|53.34|111.73|55.26|2.69|0|0
A|111.73|55.26|133.34|37.13|36.86|0|0
A|133.34|37.13|136.24|35.07|3.07|0|1
L|136.24|35.07|145.54|35.07
L|145.54|35.07|145.54|45.09
#1591658	2690661	273538	-129.84	-64.73	130.15	37.71
L|112.65|-64.73|130.15|-64.73
A|130.15|-64.73|12.3|37.71|133.53|0|1
A|12.3|37.71|-11.99|37.71|12.44|0|1
A|-11.99|37.71|-129.84|-64.73|133.53|0|1
L|-129.84|-64.73|-112.35|-64.73
A|-112.35|-64.73|112.65|-64.73|115.31|0|0
#1591659	2690660	273538	-296.19	-38.65	-33.32	57.21
L|-256.63|44.21|-52.92|30.91
A|-52.92|30.91|-46.87|20.94|7.12|0|0
L|-46.87|20.94|-71.13|-34.23
L|-71.13|-34.23|-61.06|-38.65
L|-61.06|-38.65|-33.32|24.44
A|-33.32|24.44|-43.57|41.32|12.05|0|1
L|-43.57|41.32|-286.87|57.21
A|-286.87|57.21|-295.48|49.65|8.1|0|1
L|-295.48|49.65|-296.19|38.78
L|-296.19|38.78|-288.45|38.27
A|-288.45|38.27|-285.5|40.25|2.92|0|1
L|-285.5|40.25|-284.94|41.87
A|-284.94|41.87|-279.24|45.69|5.63|0|0
L|-279.24|45.69|-269.78|45.07
A|-269.78|45.07|-267.89|43.64|2.15|0|0
L|-267.89|43.64|-267.14|41.49
A|-267.14|41.49|-264.82|39.73|2.64|0|1
L|-264.82|39.73|-261.99|39.55
A|-261.99|39.55|-259.94|40.72|2.15|0|1
L|-259.94|40.72|-258.8|42.97
A|-258.8|42.97|-256.63|44.21|2.26|0|0
#1591660	2690653	273538	-296.19	8.83	71.26	57.21
L|53.58|10.9|57.14|22.32
A|57.14|22.32|59.05|23.63|1.87|0|0
L|59.05|23.63|67.28|23.09
A|67.28|23.09|70.76|26.14|3.27|0|1
L|70.76|26.14|71.26|33.85
L|71.26|33.85|70.62|37.58
A|70.62|37.58|67.82|40.09|3.04|0|1
L|67.82|40.09|62.53|40.44
A|62.53|40.44|59.41|38.3|3.05|0|1
L|59.41|38.3|58.99|36.94
A|58.99|36.94|55.95|34.85|2.98|0|0
L|55.95|34.85|34.7|36.24
A|34.7|36.24|31.94|38.72|3.0|0|0
L|31.94|38.72|31.7|40.11
A|31.7|40.11|28.9|42.63|3.05|0|1
L|28.9|42.63|27.69|42.71
A|27.69|42.71|24.46|40.49|3.16|0|1
L|24.46|40.49|24.08|39.29
A|24.08|39.29|20.95|37.13|3.07|0|0
L|20.95|37.13|-286.87|57.21
A|-286.87|57.21|-295.48|49.65|8.1|0|1
L|-295.49|49.65|-296.19|38.78
L|-296.19|38.78|-288.45|38.27
A|-288.45|38.27|-285.5|40.25|2.92|0|1
L|-285.5|40.25|-284.95|41.87
A|-284.95|41.87|-279.24|45.69|5.63|0|0
L|-279.24|45.69|-269.78|45.07
A|-269.78|45.07|-267.89|43.64|2.15|0|0
L|-267.89|43.64|-267.14|41.5
A|-267.14|41.5|-264.82|39.74|2.64|0|1
L|-264.82|39.74|-261.99|39.55
A|-261.99|39.55|-259.94|40.73|2.15|0|1
L|-259.94|40.73|-258.8|42.98
A|-258.8|42.98|-256.63|44.21|2.26|0|0
L|-256.63|44.21|23.02|25.98
A|23.02|25.98|24.76|24.86|2.15|0|0
L|24.76|24.86|25.17|23.6
A|25.17|23.6|26.97|22.39|2.16|0|1
L|26.97|22.39|33.0|22.0
A|33.0|22.0|35.64|19.63|2.87|0|0
L|35.64|19.63|36.98|12.02
A|36.98|12.02|39.75|9.53|3.02|0|1
L|39.75|9.53|50.56|8.83
A|50.56|8.83|53.58|10.9|2.96|0|1
#1591661	2690659	273538	-47.84	8.53	146.65	55.26
L|8.82|15.41|10.0|10.79
A|10.0|10.79|13.06|8.53|3.0|0|1
L|13.06|8.53|17.51|8.53
A|17.51|8.53|21.1|11.07|3.35|0|1
A|21.1|11.07|24.21|13.77|3.13|0|0
L|24.21|13.77|33.8|13.77
A|33.8|13.77|36.73|11.62|2.64|0|0
A|36.73|11.62|40.74|8.53|3.76|0|1
L|40.74|8.53|45.13|8.53
A|45.13|8.53|48.04|10.82|3.0|0|1
L|48.04|10.82|49.08|15.12
A|49.11|15.12|51.6|18.71|6.07|0|0
A|51.6|18.71|72.77|36.09|59.77|0|1
A|72.77|36.09|84.63|50.73|71.1|0|0
A|84.63|50.73|93.12|53.83|11.42|0|0
A|93.12|53.83|96.01|51.64|3.0|0|0
L|96.01|51.64|97.98|43.39
A|97.98|43.39|100.93|41.07|3.03|0|1
L|100.93|41.07|104.23|41.07
A|104.23|41.07|106.97|43.36|3.23|0|1
L|106.97|43.36|109.41|53.34
A|109.41|53.34|112.84|55.26|2.69|0|0
A|112.84|55.26|134.45|37.13|36.86|0|0
A|134.45|37.13|137.35|35.07|3.07|0|1
L|137.35|35.07|146.65|35.07
L|146.65|35.07|146.65|45.09
A|146.65|45.09|62.13|43.96|49.9|0|1
A|62.13|43.96|-9.48|50.01|41.74|0|0
A|-9.48|50.01|-12.34|51.53|3.12|0|1
L|-12.34|51.53|-16.85|51.53
A|-16.85|51.53|-20.01|49.23|3.09|0|1
L|-20.01|49.23|-22.28|39.82
A|-22.28|39.82|-25.33|37.53|3.0|0|0
L|-25.33|37.53|-31.34|37.53
A|-31.34|37.53|-34.22|39.7|3.15|0|0
L|-34.22|39.7|-36.53|49.25
A|-36.53|49.25|-39.44|51.53|3.14|0|1
L|-39.44|51.53|-41.87|51.53
A|-41.87|51.53|-45.03|49.16|3.09|0|1
L|-45.03|49.16|-47.07|40.69
A|-47.07|40.69|-47.83|34.95|21.97|0|1
L|-47.84|34.95|-47.84|29.64
A|-47.84|29.64|-44.72|26.53|3.11|0|1
L|-44.72|26.53|-6.76|26.53
A|-6.76|26.53|-4.15|25.43|4.69|0|0
A|-4.15|25.43|5.37|19.25|43.84|0|1
A|5.37|19.25|8.82|15.41|5.54|0|0
#1598539	3839184	273538	-15.00	-0.00	15.00	80.00
L|15.0|-0.0|15.0|5.0
L|15.0|5.0|-15.0|5.0
L|-15.0|5.0|-15.0|-0.0
L|-15.0|-0.0|15.0|-0.0
L|-3.0|80.0|-3.0|33.0
L|-3.0|33.0|3.0|33.0
L|3.0|33.0|3.0|80.0
L|3.0|80.0|-3.0|80.0
#1599849	3832866	273538	-2.41	-5.00	6.59	0.38
L|6.59|-4.0|3.68|-4.0
L|3.68|-4.0|3.68|-2.05
A|3.68|-2.05|2.48|0.38|3.04|0|1
L|2.48|0.38|-1.2|0.38
A|-1.2|0.38|-2.41|-2.05|3.04|0|1
L|-2.41|-2.05|-2.41|-5.0
L|-2.41|-5.0|6.59|-5.0
L|6.59|-5.0|6.59|-4.0
L|2.43|-2.05|2.45|-4.0
L|2.45|-4.0|-1.18|-4.0
L|-1.18|-4.0|-1.15|-2.05
A|-1.15|-2.05|2.43|-2.05|1.79|0|0
#1605392	1603098	273538	18.12	8.02	76.65	116.66
A|18.12|114.98|18.12|10.02|54.0|0|0
L|18.12|10.02|18.17|8.02
L|18.17|8.02|71.57|8.02
L|71.57|8.02|76.65|11.2
L|76.65|11.2|76.65|114.15
L|76.65|114.15|72.12|116.66
L|72.12|116.66|18.16|116.66
L|18.16|116.66|18.12|114.98
#1607703	1610022	273538	-17.00	-0.00	-0.00	40.00
L|-0.0|-0.0|0.0|40.0
L|0.0|40.0|-17.0|40.0
L|-17.0|40.0|-17.0|39.02
L|-17.0|39.02|-15.3|37.32
L|-15.3|37.32|-14.41|37.32
L|-14.41|37.32|-14.02|38.8
L|-14.02|38.8|-1.4|38.8
L|-1.4|38.8|-1.4|1.2
L|-1.4|1.2|-14.02|1.2
L|-14.02|1.2|-14.41|2.68
L|-14.41|2.68|-15.3|2.68
L|-15.3|2.68|-17.0|0.98
L|-17.0|0.98|-17.0|-0.0
L|-17.0|-0.0|0.0|-0.0
#1611833	1613238	273538	-34.47	40.69	-27.34	49.31
A|-27.34|41.62|-29.47|42.67|1.26|0|1
L|-29.47|42.67|-30.83|41.33
A|-30.83|41.33|-33.58|42.49|1.61|0|0
L|-33.58|42.49|-33.58|47.51
A|-33.58|47.51|-30.83|48.67|1.61|0|0
L|-30.83|48.67|-29.47|47.33
A|-29.47|47.33|-27.34|48.38|1.26|0|1
A|-27.34|48.38|-27.34|41.62|27.99|1|1
A|-28.23|41.73|-28.23|48.27|27.09|1|0
A|-28.23|48.27|-28.84|47.97|0.36|0|0
L|-28.84|47.97|-30.2|49.31
A|-30.2|49.31|-34.47|47.51|2.51|0|1
L|-34.47|47.51|-34.47|42.49
A|-34.47|42.49|-30.21|40.69|2.51|0|1
L|-30.21|40.69|-28.84|42.03
A|-28.84|42.03|-28.23|41.73|0.36|0|0
#1613339	1613328	273538	-29.60	0.00	0.00	30.00
L|-28.42|2.2|-28.42|16.35
L|-28.42|16.35|-11.17|16.35
L|-11.17|16.35|-11.17|2.3
A|-11.17|2.3|-12.27|1.2|1.1|0|0
L|-12.27|1.2|-14.73|1.2
A|-14.73|1.2|-14.73|0.0|0.6|0|1
L|-14.73|0.0|-12.2|0.0
A|-12.2|-0.0|-10.0|2.2|2.2|0|1
L|-10.0|2.2|-10.0|8.0
L|-10.0|8.0|-0.5|8.0
A|-0.5|8.0|0.0|8.5|0.5|0|1
L|0.0|8.5|0.0|9.5
L|0.0|9.5|-1.52|11.31
A|-1.52|11.31|-2.8|10.84|0.73|0|1
L|-2.8|10.84|-2.8|9.5
L|-2.8|9.5|-10.0|9.5
L|-10.0|9.5|-10.0|28.5
L|-10.0|28.5|-2.8|28.5
L|-2.8|28.5|-2.8|27.11
A|-2.8|27.11|-1.55|26.65|0.71|0|1
L|-1.55|26.65|0.0|28.5
L|0.0|28.5|0.0|29.5
A|-0.0|29.5|-0.5|30.0|0.5|0|1
L|-0.5|30.0|-28.19|30.0
A|-28.19|30.0|-29.6|28.59|1.41|0|1
L|-29.6|28.59|-29.6|2.2
A|-29.6|2.2|-27.4|-0.0|2.2|0|1
L|-27.4|-0.0|-24.9|-0.0
A|-24.9|-0.0|-24.9|1.2|0.6|0|1
L|-24.9|1.2|-27.42|1.2
A|-27.42|1.2|-28.42|2.2|1.0|0|0
L|-11.17|17.55|-28.42|17.55
L|-28.42|17.55|-28.42|28.8
L|-28.42|28.8|-11.17|28.8
L|-11.17|28.8|-11.17|17.55
#1614999	1615025	273538	-55.79	77.65	-45.86	89.65
A|-45.86|78.94|-48.82|80.4|1.75|0|1
L|-48.82|80.4|-50.72|78.54
A|-50.72|78.54|-54.54|80.15|2.25|0|0
L|-54.54|80.15|-54.54|87.15
A|-54.54|87.15|-50.72|88.75|2.25|0|0
L|-50.72|88.75|-48.82|86.9
A|-48.82|86.9|-45.86|88.36|1.75|0|1
A|-45.86|88.36|-45.86|78.94|39.0|1|1
A|-47.1|79.09|-47.1|88.21|37.75|1|0
A|-47.1|88.21|-47.94|87.79|0.5|0|0
L|-47.94|87.79|-49.84|89.65
A|-49.84|89.65|-55.79|87.15|3.5|0|1
L|-55.79|87.15|-55.79|80.15
A|-55.79|80.15|-49.84|77.65|3.5|0|1
L|-49.84|77.65|-47.94|79.5
A|-47.94|79.5|-47.1|79.09|0.5|0|0
#1615089	1615078	273538	-25.65	0.00	0.00	40.00
L|0.0|40.0|-19.75|40.0
L|-19.75|40.0|-19.75|30.83
L|-19.75|30.83|-22.47|30.83
L|-22.47|30.83|-22.99|31.43
L|-22.99|31.43|-25.65|30.16
L|-25.65|30.16|-25.65|29.03
A|-25.65|29.03|-24.89|28.45|0.6|0|1
A|-24.89|28.45|-24.45|29.4|0.69|0|1
L|-24.45|29.4|-23.42|29.88
L|-23.42|29.88|-22.65|29.63
L|-22.65|29.63|-18.25|29.63
L|-18.25|29.63|-18.25|38.5
L|-18.25|38.5|-1.5|38.5
L|-1.5|38.5|-1.5|1.5
L|-1.5|1.5|-18.25|1.5
L|-18.25|1.5|-18.25|10.37
L|-18.25|10.37|-22.65|10.37
L|-22.65|10.37|-23.42|10.12
L|-23.42|10.12|-24.45|10.6
A|-24.45|10.6|-24.89|11.55|0.69|0|1
A|-24.89|11.55|-25.65|10.98|0.6|0|1
L|-25.65|10.98|-25.65|9.84
L|-25.65|9.84|-22.99|8.57
L|-22.99|8.57|-22.47|9.17
L|-22.47|9.17|-19.75|9.17
L|-19.75|9.17|-19.75|0.0
L|-19.75|0.0|0.0|-0.0
L|0.0|-0.0|0.0|40.0
#1618558	1618646	807581	3.10	-36.69	71.10	-9.69
L|4.6|-31.19|29.6|-31.19
A|29.6|-31.19|30.1|-31.69|0.5|0|0
L|30.1|-31.69|30.1|-34.69
A|30.1|-34.69|32.1|-36.69|2.0|0|1
L|32.1|-36.69|42.1|-36.69
A|42.1|-36.69|44.1|-34.69|2.0|0|1
L|44.1|-34.69|44.1|-31.69
A|44.1|-31.69|44.6|-31.19|0.5|0|0
L|44.6|-31.19|69.6|-31.19
A|69.6|-31.19|71.1|-29.69|1.5|0|1
L|71.1|-29.69|71.1|-11.69
A|71.1|-11.69|69.1|-9.69|2.0|0|1
L|69.1|-9.69|5.1|-9.69
A|5.1|-9.69|3.1|-11.69|2.0|0|1
L|3.1|-11.69|3.1|-29.69
A|3.1|-29.69|4.6|-31.19|1.5|0|1
A|32.1|-35.19|31.6|-34.69|0.5|0|0
L|31.6|-34.69|31.6|-31.69
A|31.6|-31.69|29.6|-29.69|2.0|0|1
L|29.6|-29.69|5.1|-29.69
A|5.1|-29.69|4.6|-29.19|0.5|0|0
L|4.6|-29.19|4.6|-11.69
A|4.6|-11.69|5.1|-11.19|0.5|0|0
L|5.1|-11.19|69.1|-11.19
A|69.1|-11.19|69.6|-11.69|0.5|0|0
L|69.6|-11.69|69.6|-29.19
A|69.6|-29.19|69.1|-29.69|0.5|0|0
L|69.1|-29.69|44.6|-29.69
A|44.6|-29.69|42.6|-31.69|2.0|0|1
L|42.6|-31.69|42.6|-34.69
A|42.6|-34.69|42.1|-35.19|0.5|0|0
L|42.1|-35.19|32.1|-35.19
#1620396	1618703	807581	3.10	-36.69	71.10	-9.69
L|4.6|-31.19|29.6|-31.19
A|29.6|-31.19|30.1|-31.69|0.5|0|0
L|30.1|-31.69|30.1|-34.69
A|30.1|-34.69|32.1|-36.69|2.0|0|1
L|32.1|-36.69|42.1|-36.69
A|42.1|-36.69|44.1|-34.69|2.0|0|1
L|44.1|-34.69|44.1|-31.69
A|44.1|-31.69|44.6|-31.19|0.5|0|0
L|44.6|-31.19|69.6|-31.19
A|69.6|-31.19|71.1|-29.69|1.5|0|1
L|71.1|-29.69|71.1|-11.69
A|71.1|-11.69|69.1|-9.69|2.0|0|1
L|69.1|-9.69|5.1|-9.69
A|5.1|-9.69|3.1|-11.69|2.0|0|1
L|3.1|-11.69|3.1|-29.69
A|3.1|-29.69|4.6|-31.19|1.5|0|1
A|32.1|-35.19|31.6|-34.69|0.5|0|0
L|31.6|-34.69|31.6|-31.69
A|31.6|-31.69|29.6|-29.69|2.0|0|1
L|29.6|-29.69|5.1|-29.69
A|5.1|-29.69|4.6|-29.19|0.5|0|0
L|4.6|-29.19|4.6|-11.69
A|4.6|-11.69|5.1|-11.19|0.5|0|0
L|5.1|-11.19|69.1|-11.19
A|69.1|-11.19|69.6|-11.69|0.5|0|0
L|69.6|-11.69|69.6|-29.19
A|69.6|-29.19|69.1|-29.69|0.5|0|0
L|69.1|-29.69|44.6|-29.69
A|44.6|-29.69|42.6|-31.69|2.0|0|1
L|42.6|-31.69|42.6|-34.69
A|42.6|-34.69|42.1|-35.19|0.5|0|0
L|42.1|-35.19|32.1|-35.19
#1627760	2690127	273538	0.00	0.00	100.00	140.00
L|0.0|140.0|0.0|4.0
A|0.0|4.0|4.0|0.0|4.0|0|1
L|4.0|0.0|15.03|0.0
A|15.03|-0.0|35.03|0.0|10.0|0|0
L|35.03|0.0|100.0|0.0
L|100.0|0.0|100.0|140.0
L|100.0|140.0|0.0|140.0
#1627762	1626006	273538	-0.00	-94.00	160.00	0.00
L|160.0|-94.0|160.0|0.0
L|160.0|0.0|35.0|0.0
A|35.0|0.0|15.0|0.0|10.0|0|0
L|15.0|0.0|5.0|0.0
A|5.0|0.0|-0.0|-5.0|5.0|0|1
L|0.0|-5.0|0.0|-46.07
A|0.0|-46.07|3.82|-50.93|5.0|0|1
L|3.82|-50.93|135.0|-74.0
L|135.0|-74.0|135.0|-94.0
L|135.0|-94.0|160.0|-94.0
#1627764	1626004	273538	-0.00	-100.00	160.00	0.00
L|160.0|-100.0|160.0|0.0
L|160.0|0.0|35.0|0.0
A|35.0|0.0|15.0|0.0|10.0|0|0
L|15.0|0.0|5.0|0.0
A|5.0|0.0|-0.0|-5.0|5.0|0|1
L|0.0|-5.0|0.0|-56.07
A|-0.0|-56.07|3.82|-60.93|5.0|0|1
L|3.82|-60.93|135.0|-80.0
L|135.0|-80.0|135.0|-100.0
L|135.0|-100.0|160.0|-100.0
#1627766	1626007	273538	-676.80	528.13	-656.80	618.13
L|-658.3|616.63|-658.3|528.13
L|-658.3|528.13|-656.8|528.13
L|-656.8|528.13|-656.8|618.13
L|-656.8|618.13|-676.8|618.13
L|-676.8|618.13|-676.8|616.63
L|-676.8|616.63|-658.3|616.63
#1627886	2690128	273538	0.00	0.00	100.00	60.00
L|0.0|60.0|0.0|0.0
L|0.0|0.0|100.0|0.0
L|100.0|0.0|100.0|60.0
L|100.0|60.0|0.0|60.0
#1635758	2256247	273538	-13.00	6.93	50.43	65.00
L|-10.33|8.71|-9.3|10.45
L|-9.3|10.45|-8.21|12.16
L|-8.21|12.16|-7.07|13.83
L|-7.07|13.83|-5.88|15.47
L|-5.88|15.47|-4.65|17.08
L|-4.65|17.08|-3.36|18.65
L|-3.36|18.65|2.44|25.32
L|2.44|25.32|8.17|29.76
L|8.17|29.76|9.98|31.03
L|9.98|31.03|11.19|31.85
L|11.19|31.85|12.42|32.64
L|12.42|32.64|13.67|33.41
L|13.67|33.41|14.93|34.15
L|14.93|34.15|16.2|34.86
L|16.2|34.86|17.49|35.54
L|17.49|35.54|18.8|36.2
L|18.8|36.2|20.11|36.83
L|20.11|36.83|21.45|37.43
L|21.45|37.43|22.8|38.0
L|22.8|38.0|24.16|38.55
L|24.16|38.55|25.54|39.07
L|25.54|39.07|26.94|39.55
L|26.94|39.55|26.62|41.24
L|26.62|41.24|25.0|40.68
L|25.0|40.68|23.39|40.07
L|23.39|40.07|21.81|39.43
L|21.81|39.43|20.25|38.76
L|20.25|38.76|18.72|38.05
L|18.72|38.05|17.2|37.3
L|17.2|37.3|15.7|36.52
L|15.7|36.52|14.22|35.7
L|14.22|35.7|12.76|34.85
L|12.76|34.85|11.32|33.96
L|11.32|33.96|9.9|33.04
L|9.9|33.04|8.5|32.08
L|8.5|32.08|7.13|31.08
L|7.13|31.08|5.77|30.05
L|5.77|30.05|4.43|28.98
L|4.43|28.98|3.12|27.88
A|3.12|27.88|0.71|29.49|1.51|0|0
L|0.71|29.49|1.34|31.49
L|1.34|31.49|1.89|33.51
L|1.89|33.51|2.38|35.54
L|2.38|35.54|2.79|37.58
L|2.79|37.58|3.14|39.64
L|3.14|39.64|3.41|41.71
L|3.41|41.71|3.62|43.79
L|3.62|43.79|3.76|45.88
L|3.76|45.88|3.82|46.73
L|3.82|46.73|3.92|47.58
L|3.92|47.58|4.06|48.41
L|4.06|48.41|4.24|49.25
L|4.24|49.25|4.45|50.07
L|4.45|50.07|4.71|50.88
L|4.71|50.88|5.0|51.68
L|5.0|51.68|5.33|52.47
L|5.33|52.47|5.69|53.24
L|5.69|53.24|6.1|53.99
L|6.1|53.99|6.53|54.72
L|6.53|54.72|7.0|55.43
L|7.0|55.43|7.5|56.12
L|7.5|56.12|8.03|56.78
L|8.03|56.78|8.6|57.42
L|8.6|57.42|9.19|58.03
L|9.19|58.03|9.81|58.62
L|9.81|58.62|10.46|59.17
L|10.46|59.17|11.13|59.69
L|11.13|59.69|11.82|60.18
L|11.82|60.18|12.54|60.64
L|12.54|60.64|13.28|61.07
L|13.28|61.07|14.04|61.46
L|14.04|61.46|14.81|61.81
L|14.81|61.81|15.6|62.13
L|15.6|62.13|16.4|62.41
L|16.4|62.41|17.22|62.65
L|17.22|62.65|18.04|62.86
L|18.04|62.86|18.88|63.03
L|18.88|63.03|19.72|63.15
L|19.72|63.15|20.57|63.24
L|20.57|63.24|21.66|63.3
L|21.66|63.3|21.66|62.5
A|21.66|62.5|20.34|61.58|2.6|0|1
A|20.34|61.58|20.45|57.14|3.0|0|1
L|20.45|57.14|21.52|58.21
A|21.52|58.21|21.47|60.58|1.5|0|0
A|21.47|60.58|23.36|60.58|1.1|0|0
A|23.36|60.58|23.31|58.21|1.5|0|0
L|23.31|58.21|24.38|57.14
A|24.38|57.14|24.49|61.58|3.0|0|1
A|24.49|61.58|23.16|62.5|2.6|0|1
L|23.16|62.5|23.16|63.3
L|23.16|63.3|43.08|63.3
L|43.08|63.3|43.08|57.4
L|43.08|57.4|41.76|57.28
L|41.76|57.28|41.76|56.0
L|41.76|56.0|50.43|56.0
L|50.43|56.0|50.43|57.4
L|50.43|57.4|44.58|57.4
L|44.58|57.4|44.58|63.6
L|44.58|63.6|47.41|63.6
L|47.41|63.6|47.41|62.63
L|47.41|62.63|49.58|62.63
L|49.58|62.63|49.58|65.0
L|49.58|65.0|22.04|65.0
L|22.04|65.0|21.08|64.98
L|21.08|64.98|20.14|64.91
L|20.14|64.91|19.19|64.8
L|19.19|64.8|18.25|64.64
L|18.25|64.64|17.32|64.44
L|17.32|64.44|16.4|64.19
L|16.4|64.19|15.5|63.9
L|15.5|63.9|14.6|63.57
L|14.6|63.57|13.73|63.19
L|13.73|63.19|12.87|62.78
L|12.87|62.78|12.04|62.32
L|12.04|62.32|11.23|61.83
L|11.23|61.83|10.44|61.29
L|10.44|61.29|9.68|60.72
L|9.68|60.72|8.94|60.12
L|8.94|60.12|8.24|59.48
L|8.24|59.48|7.56|58.8
L|7.56|58.8|6.92|58.1
L|6.92|58.1|6.32|57.37
L|6.32|57.37|5.75|56.61
L|5.75|56.61|5.21|55.82
L|5.21|55.82|4.72|55.0
L|4.72|55.0|4.26|54.17
L|4.26|54.17|3.85|53.31
L|3.85|53.31|3.47|52.44
L|3.47|52.44|3.14|51.55
L|3.14|51.55|2.85|50.64
L|2.85|50.64|2.6|49.72
L|2.6|49.72|2.4|48.79
L|2.4|48.79|2.24|47.86
L|2.24|47.86|2.13|46.91
L|2.13|46.91|2.06|45.96
L|2.06|45.96|1.92|43.86
L|1.92|43.86|1.71|41.78
L|1.71|41.78|1.43|39.7
L|1.43|39.7|1.07|37.63
L|1.07|37.63|0.64|35.57
L|0.64|35.57|0.14|33.53
L|0.14|33.53|-0.43|31.51
L|-0.43|31.51|-1.07|29.51
L|-1.07|29.51|-1.78|27.54
L|-1.78|27.54|-2.57|25.58
L|-2.57|25.58|-3.41|23.66
L|-3.41|23.66|-4.32|21.78
L|-4.32|21.78|-5.3|19.93
L|-5.3|19.93|-6.34|18.11
L|-6.34|18.11|-7.45|16.33
L|-7.45|16.33|-8.62|14.59
L|-8.62|14.59|-9.79|12.84
L|-9.79|12.84|-10.92|11.06
L|-10.92|11.06|-11.98|9.25
L|-11.98|9.25|-13.0|7.4
L|-13.0|7.4|-11.32|6.93
L|-11.32|6.93|-10.33|8.71
#1648255	1648271	273538	-6.00	-24.00	99.00	6.00
L|99.0|6.0|-3.0|6.0
A|-3.0|6.0|-6.0|3.0|3.0|0|1
L|-6.0|3.0|-6.0|-21.0
A|-6.0|-21.0|-3.0|-24.0|3.0|0|1
L|-3.0|-24.0|0.0|-24.0
L|0.0|-24.0|0.0|0.0
L|0.0|0.0|99.0|0.0
L|99.0|0.0|99.0|6.0
#1648257	1648459	273538	-6.00	-54.00	154.00	6.00
L|154.0|6.0|-3.0|6.0
A|-3.0|6.0|-6.0|3.0|3.0|0|1
L|-6.0|3.0|-6.0|-51.0
A|-6.0|-51.0|-3.0|-54.0|3.0|0|1
L|-3.0|-54.0|0.0|-54.0
L|0.0|-54.0|0.0|0.0
L|0.0|0.0|154.0|0.0
L|154.0|0.0|154.0|6.0
#1649487	1649491	273538	1.00	1.00	13.00	56.00
L|1.0|5.6|10.02|1.0
L|10.02|1.0|13.0|1.0
L|13.0|1.0|13.0|51.0
A|13.0|51.0|8.0|56.0|5.0|0|1
L|8.0|56.0|1.0|56.0
L|1.0|56.0|1.0|48.0
L|1.0|48.0|2.23|48.0
L|2.23|48.0|2.23|41.0
L|2.23|41.0|1.0|41.0
L|1.0|41.0|1.0|21.0
L|1.0|21.0|2.23|21.0
L|2.23|21.0|2.23|14.0
L|2.23|14.0|1.0|14.0
L|1.0|14.0|1.0|5.6
#1649489	1650571	273538	1.00	1.00	13.00	71.00
L|1.0|5.6|10.02|1.0
L|10.02|1.0|13.0|1.0
L|13.0|1.0|13.0|66.0
A|13.0|66.0|8.0|71.0|5.0|0|1
L|8.0|71.0|1.0|71.0
L|1.0|71.0|1.0|63.0
L|1.0|63.0|2.23|63.0
L|2.23|63.0|2.23|56.0
L|2.23|56.0|1.0|56.0
L|1.0|56.0|1.0|21.0
L|1.0|21.0|2.23|21.0
L|2.23|21.0|2.23|14.0
L|2.23|14.0|1.0|14.0
L|1.0|14.0|1.0|5.6
#1651502	1651506	273538	-55.00	-0.00	0.00	12.00
L|-55.0|9.0|-55.0|-0.0
L|-55.0|-0.0|-25.0|-0.0
L|-25.0|0.0|-25.0|6.0
L|-25.0|6.0|0.0|6.0
L|0.0|6.0|0.0|12.0
L|0.0|12.0|-52.0|12.0
A|-52.0|12.0|-55.0|9.0|3.0|0|1
#1651504	1651730	273538	-95.00	-0.00	0.00	12.00
L|-95.0|9.0|-95.0|-0.0
L|-95.0|-0.0|-25.0|-0.0
L|-25.0|0.0|-25.0|6.0
L|-25.0|6.0|0.0|6.0
L|0.0|6.0|0.0|12.0
L|-0.0|12.0|-92.0|12.0
A|-92.0|12.0|-95.0|9.0|3.0|0|1
#1654465	1654469	273538	-60.00	-8.00	60.00	14.00
L|-60.0|6.0|-60.0|-8.0
L|-60.0|-8.0|-50.0|-8.0
L|-50.0|-8.0|-50.0|-0.0
L|-50.0|-0.0|-0.0|-0.0
L|0.0|0.0|50.0|0.0
L|50.0|0.0|50.0|-8.0
L|50.0|-8.0|60.0|-8.0
L|60.0|-8.0|60.0|6.0
A|60.0|6.0|52.0|14.0|8.0|0|1
L|52.0|14.0|-0.0|14.0
L|-0.0|14.0|-52.0|14.0
A|-52.0|14.0|-60.0|6.0|8.0|0|1
#1654467	1654527	273538	-46.00	-8.00	46.00	14.00
L|-46.0|6.0|-46.0|-8.0
L|-46.0|-8.0|-36.0|-8.0
L|-36.0|-8.0|-36.0|-0.0
L|-36.0|-0.0|0.0|0.0
L|0.0|0.0|36.0|0.0
L|36.0|0.0|36.0|-8.0
L|36.0|-8.0|46.0|-8.0
L|46.0|-8.0|46.0|6.0
A|46.0|6.0|38.0|14.0|8.0|0|1
L|38.0|14.0|-0.0|14.0
L|-0.0|14.0|-38.0|14.0
A|-38.0|14.0|-46.0|6.0|8.0|0|1
#1659922	1660066	273538	-29.59	-41.86	236.77	26.85
A|-27.59|24.8|-26.8|25.21|0.5|0|0
L|-26.8|25.21|-5.73|10.45
A|-5.73|10.45|-4.31|10.0|2.5|0|1
L|-4.31|10.0|219.01|10.0
L|219.01|10.0|235.06|-34.09
L|235.06|-34.09|222.84|-38.54
L|222.84|-38.54|223.53|-40.41
L|223.53|-40.41|235.28|-36.14
A|235.28|-36.14|236.77|-32.93|2.5|0|1
L|236.77|-32.93|221.01|10.35
A|221.01|10.35|218.71|12.0|2.5|0|1
L|218.71|12.0|-4.45|12.0
L|-4.45|12.0|-25.65|26.85
A|-25.65|26.85|-29.59|24.8|2.5|0|1
L|-29.59|24.8|-29.59|-39.44
A|-29.59|-39.44|-26.44|-41.86|2.5|0|1
L|-26.44|-41.86|-15.54|-38.94
L|-15.54|-38.94|-16.05|-37.0
L|-16.05|-37.0|-26.33|-39.76
A|-26.33|-39.76|-27.59|-38.79|1.0|0|0
L|-27.59|-38.79|-27.59|24.8
#1664921	1665027	273538	-14.59	-47.03	54.55	12.50
A|-13.54|10.95|-13.04|11.45|0.5|0|0
L|-13.04|11.45|-5.11|11.45
A|-5.11|11.45|-5.11|12.5|0.52|0|1
L|-5.11|12.5|-13.09|12.5
A|-13.09|12.5|-14.59|11.0|1.5|0|1
L|-14.59|11.0|-14.59|-45.5
A|-14.59|-45.5|-11.3|-47.03|2.0|0|1
L|-11.3|-47.03|-4.77|-41.56
A|-4.77|-41.56|-5.45|-40.75|0.52|0|1
L|-5.45|-40.75|-11.98|-46.23
A|-11.98|-46.23|-13.54|-45.5|0.95|0|0
L|-13.54|-45.5|-13.54|-0.0
L|-13.54|-0.0|-5.64|-0.0
L|-5.64|-0.0|-5.64|-3.48
A|-5.64|-3.48|-4.59|-3.48|0.52|0|1
L|-4.59|-3.48|-4.59|-0.0
L|-4.59|-0.0|54.41|-0.0
A|54.41|-0.0|54.55|1.03|0.53|0|1
L|54.55|1.03|51.66|1.4
L|51.66|1.4|-13.54|1.4
L|-13.54|1.4|-13.54|10.95
#1664923	1665089	273538	-14.59	-25.03	54.55	12.50
A|-13.54|10.95|-13.04|11.45|0.5|0|0
L|-13.04|11.45|-5.11|11.45
A|-5.11|11.45|-5.11|12.5|0.52|0|1
L|-5.11|12.5|-13.09|12.5
A|-13.09|12.5|-14.59|11.0|1.5|0|1
L|-14.59|11.0|-14.59|-23.5
A|-14.59|-23.5|-11.3|-25.03|2.0|0|1
L|-11.3|-25.03|-4.77|-19.56
A|-4.77|-19.56|-5.45|-18.75|0.52|0|1
L|-5.45|-18.75|-11.98|-24.23
A|-11.98|-24.23|-13.54|-23.5|0.95|0|0
L|-13.54|-23.5|-13.54|-0.0
L|-13.54|-0.0|-5.64|-0.0
L|-5.64|-0.0|-5.64|-3.48
A|-5.64|-3.48|-4.59|-3.48|0.52|0|1
L|-4.59|-3.48|-4.59|-0.0
L|-4.59|-0.0|54.41|-0.0
A|54.41|-0.0|54.55|1.03|0.53|0|1
L|54.55|1.03|51.66|1.4
L|51.66|1.4|-13.54|1.4
L|-13.54|1.4|-13.54|10.95
#1665689	1665775	273538	-24.36	-27.44	38.36	12.50
A|-14.09|1.85|-14.59|2.35|0.5|0|0
L|-14.59|2.35|-14.59|10.49
A|-14.59|10.49|-14.09|10.99|0.5|0|0
L|-14.09|10.99|-4.84|10.99
A|-4.84|10.99|-4.84|12.5|0.75|0|1
L|-4.84|12.5|-16.09|12.5
A|-16.09|12.5|-24.36|-23.61|19.0|0|1
A|-24.36|-23.61|-23.79|-24.51|1.0|0|0
L|-23.79|-24.51|-23.79|-27.12
A|-23.79|-27.12|-22.91|-27.44|0.5|0|1
L|-22.91|-27.44|-21.18|-25.38
A|-21.18|-25.38|-20.2|-25.05|1.0|0|0
A|-20.2|-25.05|-5.23|-22.09|19.0|0|1
A|-5.23|-22.09|-7.35|-21.67|1.5|1|1
A|-7.35|-21.67|-15.29|-23.98|17.5|0|0
L|-15.29|-23.98|-15.29|-21.5
A|-15.29|-21.5|-16.29|-20.5|1.0|0|1
L|-16.29|-20.5|-18.79|-20.5
L|-18.79|-20.5|-18.79|-22.0
L|-18.79|-22.0|-16.79|-22.0
L|-16.79|-22.0|-16.79|-23.99
A|-16.79|-23.99|-16.72|10.99|17.5|0|0
A|-16.72|10.99|-16.09|10.37|0.61|0|0
L|-16.09|10.37|-16.09|9.4
A|-16.09|9.4|-16.59|8.9|0.5|0|0
L|-16.59|8.9|-17.62|8.9
A|-17.62|8.9|-17.62|7.4|0.75|0|1
L|-17.62|7.4|-16.59|7.4
A|-16.59|7.4|-16.09|6.9|0.5|0|0
L|-16.09|6.9|-16.09|2.0
A|-16.09|2.0|-14.09|-0.0|2.0|0|1
L|-14.09|-0.0|-6.09|-0.0
L|-6.09|-0.0|-6.09|-1.5
L|-6.09|-1.5|-4.59|-1.5
L|-4.59|-1.5|-4.59|-0.0
L|-4.59|-0.0|30.16|-0.0
L|30.16|-0.0|38.31|-0.0
A|38.31|-0.0|38.36|0.58|0.29|0|1
L|38.36|0.58|32.24|1.85
L|32.24|1.85|-14.09|1.85
#1666365	1666389	273538	-23.29	-44.36	52.36	12.50
A|-14.09|1.85|-14.59|2.35|0.5|0|0
L|-14.59|2.35|-14.59|10.49
A|-14.59|10.49|-14.09|10.99|0.5|0|0
L|-14.09|10.99|-4.84|10.99
A|-4.84|10.99|-4.84|12.5|0.75|0|1
L|-4.84|12.5|-16.09|12.5
A|-16.09|12.5|-23.29|-41.03|27.25|0|1
L|-23.29|-41.03|-22.42|-41.19
A|-22.42|-41.19|-21.7|-41.98|1.0|0|0
L|-21.7|-41.98|-21.31|-44.19
A|-21.31|-44.19|-20.38|-44.36|0.5|0|1
L|-20.38|-44.36|-19.26|-42.41
A|-19.26|-42.41|-18.31|-41.91|1.0|0|0
A|-18.31|-41.91|-5.51|-39.87|27.25|0|1
A|-5.51|-39.87|-7.5|-39.03|1.51|1|1
A|-7.5|-39.03|-13.08|-40.2|21.0|0|0
L|-13.08|-40.2|-13.08|-37.66
A|-13.08|-37.66|-14.08|-36.66|1.0|0|1
L|-14.08|-36.66|-15.95|-36.66
A|-15.95|-36.66|-15.95|-38.16|0.75|0|1
L|-15.95|-38.16|-14.58|-38.16
L|-14.58|-38.16|-14.58|-40.17
L|-14.58|-40.17|-16.71|-40.49
A|-16.71|-40.49|-16.6|10.99|25.75|0|0
A|-16.6|10.99|-16.09|10.49|0.5|0|0
L|-16.09|10.49|-16.09|9.4
A|-16.09|9.4|-16.59|8.9|0.5|0|0
L|-16.59|8.9|-17.42|8.9
A|-17.42|8.9|-17.42|7.4|0.75|0|1
L|-17.42|7.4|-16.59|7.4
A|-16.59|7.4|-16.09|6.9|0.5|0|0
L|-16.09|6.9|-16.09|2.0
A|-16.09|2.0|-14.09|-0.0|2.0|0|1
L|-14.09|-0.0|-6.09|-0.0
L|-6.09|-0.0|-6.09|-1.5
L|-6.09|-1.5|-4.59|-1.5
L|-4.59|-1.5|-4.59|-0.0
L|-4.59|-0.0|45.16|-0.0
L|45.16|-0.0|52.28|-0.0
A|52.28|-0.0|52.36|0.78|0.4|0|1
L|52.36|0.78|47.24|1.85
L|47.24|1.85|-14.09|1.85
#1666932	1666934	273538	-29.59	-53.10	335.88	10.97
L|321.6|-1.18|-26.48|10.97
A|-26.48|10.97|-29.59|7.98|3.0|0|1
L|-29.59|7.98|-29.59|-40.06
A|-29.59|-40.06|-25.78|-42.98|3.03|0|1
L|-25.78|-42.98|-15.22|-40.15
L|-15.22|-40.15|-15.72|-38.22
L|-15.72|-38.22|-26.38|-41.07
A|-26.38|-41.07|-27.59|-40.15|0.96|0|0
L|-27.59|-40.15|-27.59|9.01
L|-27.59|9.01|322.17|-3.2
L|322.17|-3.2|334.21|-48.14
L|334.21|-48.14|322.89|-51.17
L|322.89|-51.17|323.41|-53.1
L|323.41|-53.1|333.76|-50.33
A|333.76|-50.33|335.88|-46.65|3.0|0|1
L|335.88|-46.65|324.27|-3.3
A|324.27|-3.3|321.6|-1.18|3.0|0|1
#1673939	1674041	807581	53.00	0.00	146.95	20.50
L|65.7|1.9|65.7|11.5
A|65.7|11.5|64.0|14.01|2.7|0|1
L|64.0|14.01|64.0|16.2
L|64.0|16.2|113.7|16.2
L|113.7|16.2|113.7|13.95
L|113.7|13.95|114.54|13.95
L|114.54|13.95|115.8|15.21
L|115.8|15.21|115.8|2.89
L|115.8|2.89|114.54|4.15
L|114.54|4.15|113.7|4.15
L|113.7|4.15|113.7|1.9
L|113.7|1.9|65.7|1.9
L|108.6|17.9|69.4|17.9
A|69.4|17.9|68.4|18.88|1.0|0|0
A|68.4|18.88|67.81|19.77|1.0|0|1
L|67.81|19.77|66.58|20.33
L|66.58|20.33|65.64|20.33
L|65.64|20.33|66.55|18.5
L|66.55|18.5|66.55|17.5
L|66.55|17.5|62.05|17.5
L|62.05|17.5|62.05|18.5
L|62.05|18.5|63.05|20.5
L|63.05|20.5|60.5|20.5
L|60.5|20.5|60.5|15.9
L|60.5|15.9|61.3|15.9
A|61.3|15.9|62.0|15.2|0.7|0|0
A|62.0|15.2|61.3|14.5|0.7|0|0
L|61.3|14.5|55.0|14.5
L|55.0|14.5|55.0|17.0
L|55.0|17.0|53.0|17.0
L|53.0|17.0|53.0|13.5
A|53.0|13.5|54.0|12.5|1.0|0|1
L|54.0|12.5|63.0|12.5
A|63.0|12.5|64.0|11.5|1.0|0|0
L|64.0|11.5|64.0|0.0
L|64.0|0.0|146.95|0.0
L|146.95|0.0|146.95|4.5
L|146.95|4.5|144.45|4.5
L|144.45|4.5|144.45|3.5
L|144.45|3.5|145.45|3.5
L|145.45|3.5|145.45|2.3
A|145.45|2.3|144.65|1.5|0.8|0|0
L|144.65|1.5|140.25|1.5
A|140.25|1.5|139.45|2.3|0.8|0|0
L|139.45|2.3|139.45|3.5
L|139.45|3.5|140.45|3.5
L|140.45|3.5|140.45|4.5
L|140.45|4.5|136.95|4.5
L|136.95|4.5|136.95|3.5
L|136.95|3.5|137.95|3.5
L|137.95|3.5|137.95|1.8
L|137.95|1.8|118.39|1.8
A|118.39|1.8|117.65|2.53|0.73|0|0
L|117.65|2.53|117.65|3.5
L|117.65|3.5|118.75|3.5
L|118.75|3.5|118.75|4.5
L|118.75|4.5|117.45|4.5
L|117.45|4.5|117.45|20.5
L|117.45|20.5|114.95|20.5
L|114.95|20.5|115.95|18.5
L|115.95|18.5|115.95|17.5
L|115.95|17.5|111.45|17.5
L|111.45|17.5|111.45|18.5
L|111.45|18.5|112.41|20.41
L|112.41|20.41|111.61|20.41
L|111.61|20.41|110.19|19.77
A|110.19|19.77|109.6|18.88|1.0|0|1
A|109.6|18.88|108.6|17.9|1.0|0|0
#1677694	1677696	807581	25.40	74.94	32.99	83.20
A|28.6|81.9|29.1|82.4|0.5|0|0
L|29.1|82.4|29.9|82.4
A|29.9|82.4|30.4|81.9|0.5|0|0
L|30.4|81.9|30.4|81.0
A|30.4|81.0|29.9|80.5|0.5|0|0
L|29.9|80.5|29.1|80.5
A|29.1|80.5|28.6|81.0|0.5|0|0
L|28.6|81.0|28.6|81.9
L|26.81|82.07|27.65|82.07
L|27.65|82.07|27.65|80.5
L|27.65|80.5|26.22|80.5
A|26.22|80.5|25.4|79.7|0.8|0|1
L|25.4|79.7|25.4|78.78
A|25.4|78.78|25.88|77.16|3.0|0|1
A|25.88|77.16|31.2|74.94|6.8|0|1
A|31.2|74.94|32.99|76.81|1.7|0|1
A|32.99|76.81|31.78|76.72|0.61|0|1
A|31.78|76.72|31.18|76.1|0.6|0|0
A|31.03|76.1|27.04|78.06|5.02|0|0
A|27.04|78.06|27.7|79.48|1.0|0|0
L|27.7|79.48|29.5|79.9
L|29.5|79.9|32.2|79.9
A|32.2|79.9|32.2|80.5|0.3|1|1
L|32.2|80.52|31.37|80.52
L|31.37|80.52|31.37|82.07
L|31.37|82.07|32.2|82.07
L|32.2|82.07|31.5|82.76
A|31.5|82.76|30.44|83.2|1.5|0|1
L|30.44|83.2|28.57|83.2
A|28.57|83.2|27.51|82.76|1.5|0|1
L|27.51|82.76|26.81|82.07
#2058266	2690162	273538	-12.50	-12.50	49.50	37.50
A|-12.5|-7.5|-7.5|-12.5|5.0|0|1
L|-7.5|-12.5|10.43|-12.5
A|10.43|-12.5|13.96|-11.04|5.0|0|1
L|13.96|-11.04|17.29|-7.71
A|17.29|-7.71|20.82|-6.25|5.0|0|0
L|20.82|-6.25|46.5|-6.25
A|46.5|-6.25|49.5|-3.25|3.0|0|1
L|49.5|-3.25|49.5|0.0
L|49.5|0.0|26.93|-0.0
A|-1.25|-6.25|-6.25|-1.25|5.0|0|0
L|0.0|26.93|0.0|37.5
L|0.0|37.5|-3.25|37.5
A|-3.25|37.5|-6.25|34.5|3.0|0|1
L|-6.25|34.5|-6.25|20.82
A|-6.25|20.82|-7.71|17.29|5.0|0|0
L|-7.71|17.29|-11.04|13.96
A|-11.04|13.96|-12.5|10.43|5.0|0|1
L|-12.5|10.43|-12.5|-7.5
#2059195	2690163	273538	-37.50	-40.00	37.50	-0.00
L|-37.5|-1.0|-37.5|-40.0
L|-37.5|-40.0|-35.5|-40.0
L|-35.5|-40.0|-35.5|-2.0
L|-35.5|-2.0|35.5|-2.0
L|35.5|-2.0|35.5|-40.0
L|35.5|-40.0|37.5|-40.0
L|37.5|-40.0|37.5|-1.0
L|37.5|-1.0|36.5|-0.0
L|36.5|-0.0|-36.5|-0.0
L|-36.5|-0.0|-37.5|-1.0
#2059613	2690164	273538	-50.00	-40.00	50.00	-0.00
L|-50.0|-1.0|-50.0|-40.0
L|-50.0|-40.0|-48.0|-40.0
L|-48.0|-40.0|-48.0|-2.0
L|-48.0|-2.0|48.0|-2.0
L|48.0|-2.0|48.0|-40.0
L|48.0|-40.0|50.0|-40.0
L|50.0|-40.0|50.0|-1.0
L|50.0|-1.0|49.0|-0.0
L|49.0|-0.0|-49.0|-0.0
L|-49.0|-0.0|-50.0|-1.0
#2059639	2690165	273538	-25.00	-40.00	25.00	-0.00
L|-25.0|-1.0|-25.0|-40.0
L|-25.0|-40.0|-23.0|-40.0
L|-23.0|-40.0|-23.0|-2.0
L|-23.0|-2.0|23.0|-2.0
L|23.0|-2.0|23.0|-40.0
L|23.0|-40.0|25.0|-40.0
L|25.0|-40.0|25.0|-1.0
L|25.0|-1.0|24.0|-0.0
L|24.0|-0.0|-24.0|-0.0
L|-24.0|-0.0|-25.0|-1.0
#2060005	666187	273538	0.00	0.00	250.00	12.50
L|250.0|0.0|250.0|12.5
L|250.0|12.5|0.0|12.5
L|0.0|12.5|0.0|0.0
L|0.0|0.0|250.0|0.0
#2060007	666188	273538	0.00	0.00	250.00	15.00
L|250.0|0.0|250.0|15.0
L|250.0|15.0|0.0|15.0
L|0.0|15.0|0.0|0.0
L|0.0|0.0|250.0|0.0
#2060009	666186	273538	0.00	0.00	250.00	6.50
L|250.0|0.0|250.0|6.5
L|250.0|6.5|0.0|6.5
L|0.0|6.5|0.0|0.0
L|0.0|0.0|250.0|0.0
#2060011	666185	273538	0.00	0.00	250.00	9.50
L|250.0|0.0|250.0|9.5
L|250.0|9.5|0.0|9.5
L|0.0|9.5|0.0|0.0
L|0.0|0.0|250.0|0.0
#2060175	1422240	273538	0.00	0.00	250.00	12.50
L|250.0|0.0|250.0|12.5
L|250.0|12.5|0.0|12.5
L|0.0|12.5|0.0|0.0
L|0.0|0.0|250.0|0.0
#2060238	1422241	273538	0.00	0.00	250.00	15.00
L|250.0|0.0|250.0|15.0
L|250.0|15.0|0.0|15.0
L|0.0|15.0|0.0|0.0
L|0.0|0.0|250.0|0.0
#2060293	3881794	273538	0.00	0.00	250.00	12.50
L|250.0|0.0|250.0|12.5
L|250.0|12.5|0.0|12.5
L|0.0|12.5|0.0|0.0
L|0.0|0.0|250.0|0.0
#2060503	2068313	273538	-31.00	-13.50	-1.00	-1.00
L|-1.0|-1.0|-31.0|-1.0
L|-31.0|-1.0|-31.0|-2.0
L|-31.0|-2.0|-2.0|-2.0
L|-2.0|-2.0|-2.0|-12.5
L|-2.0|-12.5|-11.0|-12.5
L|-11.0|-12.5|-11.0|-13.5
L|-11.0|-13.5|-1.0|-13.5
L|-1.0|-13.5|-1.0|-1.0
#2069725	2690149	273538	-11.00	-3.00	11.00	1.00
L|11.0|-3.0|11.0|1.0
L|11.0|1.0|-11.0|1.0
L|-11.0|1.0|-11.0|-3.0
L|-11.0|-3.0|11.0|-3.0
#2069727	2690147	273538	-36.00	-3.00	-24.00	1.00
L|-24.0|-3.0|-24.0|1.0
L|-24.0|1.0|-36.0|1.0
L|-36.0|1.0|-36.0|-3.0
L|-36.0|-3.0|-24.0|-3.0
#2069729	2690146	273538	-23.50	-3.00	-11.50	1.00
L|-11.5|-3.0|-11.5|1.0
L|-11.5|1.0|-23.5|1.0
L|-23.5|1.0|-23.5|-3.0
L|-23.5|-3.0|-11.5|-3.0
#2069731	2690148	273538	-21.00	-3.00	-9.00	1.00
L|-9.0|-3.0|-9.0|1.0
L|-9.0|1.0|-21.0|1.0
L|-21.0|1.0|-21.0|-3.0
L|-21.0|-3.0|-9.0|-3.0
#2069733	2690145	273538	-8.50	-3.00	8.50	1.00
L|8.5|-3.0|8.5|1.0
L|8.5|1.0|-8.5|1.0
L|-8.5|1.0|-8.5|-3.0
L|-8.5|-3.0|8.5|-3.0
#2069735	2690158	273538	-36.00	-3.00	-24.00	1.00
L|-24.0|-3.0|-24.0|1.0
L|-24.0|1.0|-36.0|1.0
L|-36.0|1.0|-36.0|-3.0
L|-36.0|-3.0|-24.0|-3.0
#2069737	2690157	273538	-23.50	-3.00	-11.50	1.00
L|-11.5|-3.0|-11.5|1.0
L|-11.5|1.0|-23.5|1.0
L|-23.5|1.0|-23.5|-3.0
L|-23.5|-3.0|-11.5|-3.0
#2069739	2690159	273538	-21.00	-3.00	-9.00	1.00
L|-9.0|-3.0|-9.0|1.0
L|-9.0|1.0|-21.0|1.0
L|-21.0|1.0|-21.0|-3.0
L|-21.0|-3.0|-9.0|-3.0
#2069741	2690160	273538	-11.00	-3.00	1.00	1.00
L|1.0|-3.0|1.0|1.0
L|1.0|1.0|-11.0|1.0
L|-11.0|1.0|-11.0|-3.0
L|-11.0|-3.0|1.0|-3.0
#2069743	2690156	273538	-8.50	-3.00	3.50	1.00
L|3.5|-3.0|3.5|1.0
L|3.5|1.0|-8.5|1.0
L|-8.5|1.0|-8.5|-3.0
L|-8.5|-3.0|3.5|-3.0
#2072043	2689736	273538	0.00	-12.75	15.00	0.00
L|0.0|-12.75|15.0|-12.75
L|15.0|-12.75|15.0|0.0
L|0.0|0.0|0.0|-12.75
#2072045	2689735	273538	0.00	-15.37	15.00	8.85
L|0.0|-15.37|15.0|-15.37
L|15.0|-15.37|15.0|8.85
L|15.0|8.85|0.0|-0.0
L|0.0|-0.0|0.0|-15.37
#2074362	3843925	273538	0.00	-11.00	4.00	5.00
L|0.0|-11.0|4.0|-11.0
L|4.0|-11.0|4.0|5.0
L|4.0|5.0|0.0|-0.0
L|0.0|-0.0|0.0|-11.0
#2074572	2689737	273538	0.00	-9.83	5.00	0.00
L|0.0|-9.83|5.0|-9.83
L|5.0|-9.83|5.0|0.0
L|0.0|0.0|0.0|-9.83
#2075434	3843922	273538	0.00	-8.50	5.00	0.00
L|0.0|-8.5|5.0|-8.5
L|5.0|-8.5|5.0|0.0
L|0.0|0.0|0.0|-8.5
#2075593	2327312	859097	0.00	-12.15	10.00	0.00
L|0.0|-12.15|10.0|-12.15
L|10.0|-12.15|10.0|0.0
L|0.0|0.0|0.0|-12.15
#2076780	3843928	273538	-0.00	-15.00	15.00	0.00
L|-0.0|-15.0|15.0|-15.0
L|15.0|-15.0|15.0|0.0
L|-0.0|0.0|-0.0|-15.0
#2078164	2327854	859097	0.00	0.00	75.00	28.00
L|75.0|0.0|75.0|28.0
L|75.0|28.0|0.0|28.0
L|0.0|28.0|0.0|0.0
L|0.0|0.0|75.0|0.0
#2080821	2327943	859097	-37.50	-40.00	37.50	0.00
L|36.5|-40.0|37.5|-40.0
L|37.5|-40.0|37.5|-1.0
L|37.5|-1.0|36.5|0.0
L|36.5|0.0|29.5|0.0
L|29.5|0.0|26.5|-3.0
L|26.5|-3.0|-26.5|-3.0
L|-26.5|-3.0|-29.5|0.0
L|-29.5|0.0|-36.5|0.0
L|-36.5|0.0|-37.5|-1.0
L|-37.5|-1.0|-37.5|-40.0
L|-37.5|-40.0|-36.5|-40.0
L|-36.5|-40.0|-36.5|-1.0
L|-36.5|-1.0|-29.91|-1.0
L|-29.91|-1.0|-26.91|-4.0
L|-26.91|-4.0|26.91|-4.0
L|26.91|-4.0|29.91|-1.0
L|29.91|-1.0|36.5|-1.0
L|36.5|-1.0|36.5|-40.0
#2091041	3843923	273538	0.00	-8.50	10.00	0.00
L|0.0|-8.5|10.0|-8.5
L|10.0|-8.5|10.0|0.0
L|0.0|0.0|0.0|-8.5
#2094365	2329191	859097	0.00	0.00	46.00	28.00
L|46.0|0.0|46.0|28.0
L|46.0|28.0|0.0|28.0
L|0.0|28.0|0.0|0.0
L|0.0|0.0|46.0|0.0
#2109165	2340277	859097	-10.00	-10.00	59.20	59.20
L|-0.8|-0.8|58.4|-0.8
L|58.4|-0.8|58.4|-10.0
L|58.4|-10.0|59.2|-10.0
L|59.2|-10.0|59.2|0.0
L|59.2|0.0|-0.0|0.0
L|-0.0|0.0|0.0|59.2
L|0.0|59.2|-10.0|59.2
L|-10.0|59.2|-10.0|58.4
L|-10.0|58.4|-0.8|58.4
L|-0.8|58.4|-0.8|-0.8
#2109477	2329252	859097	0.00	0.00	60.00	60.00
L|60.0|0.0|60.0|10.0
L|60.0|10.0|59.2|10.0
L|59.2|10.0|59.2|0.8
L|59.2|0.8|0.8|0.8
L|0.8|0.8|0.8|59.2
L|0.8|59.2|10.0|59.2
L|10.0|59.2|10.0|60.0
L|10.0|60.0|0.0|60.0
L|0.0|60.0|0.0|0.0
L|0.0|0.0|60.0|0.0
#2113468	2690174	273538	-25.00	4.47	25.00	52.00
A|-25.0|5.65|-23.83|4.47|1.17|0|1
L|-23.83|4.47|-10.73|4.47
L|-10.73|4.47|-2.5|25.2
L|-2.5|25.2|2.5|25.2
L|2.5|25.2|10.73|4.47
L|10.73|4.47|23.81|4.47
A|23.81|4.47|25.0|5.66|1.19|0|1
L|25.0|5.66|25.0|50.82
A|25.0|50.82|23.82|52.0|1.18|0|1
L|23.82|52.0|19.01|52.0
L|19.01|52.0|19.01|51.2
L|19.01|51.2|24.2|51.2
L|24.2|51.2|24.2|5.27
L|24.2|5.27|11.25|5.27
L|11.25|5.27|3.34|25.28
A|3.34|25.28|2.23|26.0|1.22|0|1
L|2.23|26.0|-2.22|26.0
A|-2.22|26.0|-3.34|25.28|1.23|0|1
L|-3.34|25.28|-11.25|5.27
L|-11.25|5.27|-24.2|5.27
L|-24.2|5.27|-24.2|48.27
A|-24.2|48.27|-23.59|48.38|0.32|0|0
L|-23.59|48.38|-21.99|44.43
L|-21.99|44.43|-21.25|44.73
L|-21.25|44.73|-23.14|49.4
A|-23.14|49.4|-25.0|49.03|0.97|0|1
L|-25.0|49.03|-25.0|5.65
#2113470	2690178	273538	-37.50	4.47	37.50	52.00
A|-37.5|5.65|-36.33|4.47|1.17|0|1
L|-36.33|4.47|-23.23|4.47
L|-23.23|4.47|-15.0|25.2
L|-15.0|25.2|15.0|25.2
L|15.0|25.2|23.23|4.47
L|23.23|4.47|36.31|4.47
A|36.31|4.47|37.5|5.66|1.19|0|1
L|37.5|5.66|37.5|50.82
A|37.5|50.82|36.32|52.0|1.18|0|1
L|36.32|52.0|31.51|52.0
L|31.51|52.0|31.51|51.2
L|31.51|51.2|36.7|51.2
L|36.7|51.2|36.7|5.27
L|36.7|5.27|23.75|5.27
L|23.75|5.27|15.84|25.28
A|15.84|25.28|14.73|26.0|1.22|0|1
L|14.73|26.0|-14.72|26.0
A|-14.72|26.0|-15.84|25.28|1.23|0|1
L|-15.84|25.28|-23.75|5.27
L|-23.75|5.27|-36.7|5.27
L|-36.7|5.27|-36.7|48.27
A|-36.7|48.27|-36.09|48.38|0.32|0|0
L|-36.09|48.38|-34.49|44.43
L|-34.49|44.43|-33.75|44.73
L|-33.75|44.73|-35.64|49.4
A|-35.64|49.4|-37.5|49.03|0.97|0|1
L|-37.5|49.03|-37.5|5.65
#2113472	2690179	273538	-50.00	4.47	50.00	52.00
A|-50.0|5.65|-48.83|4.47|1.17|0|1
L|-48.83|4.47|-35.73|4.47
L|-35.73|4.47|-27.5|25.2
L|-27.5|25.2|27.5|25.2
L|27.5|25.2|35.73|4.47
L|35.73|4.47|48.81|4.47
A|48.81|4.47|50.0|5.66|1.19|0|1
L|50.0|5.66|50.0|50.82
A|50.0|50.82|48.82|52.0|1.18|0|1
L|48.82|52.0|44.01|52.0
L|44.01|52.0|44.01|51.2
L|44.01|51.2|49.2|51.2
L|49.2|51.2|49.2|5.27
L|49.2|5.27|36.25|5.27
L|36.25|5.27|28.34|25.28
A|28.34|25.28|27.23|26.0|1.22|0|1
L|27.23|26.0|-27.22|26.0
A|-27.22|26.0|-28.34|25.28|1.23|0|1
L|-28.34|25.28|-36.25|5.27
L|-36.25|5.27|-49.2|5.27
L|-49.2|5.27|-49.2|48.27
A|-49.2|48.27|-48.59|48.38|0.32|0|0
L|-48.59|48.38|-46.99|44.43
L|-46.99|44.43|-46.25|44.73
L|-46.25|44.73|-48.14|49.4
A|-48.14|49.4|-50.0|49.03|0.97|0|1
L|-50.0|49.03|-50.0|5.65
#2127734	3878662	273538	-573.95	0.00	573.95	60.00
L|573.95|0.0|573.95|60.0
L|573.95|60.0|-573.95|60.0
L|-573.95|60.0|-573.95|0.0
L|-573.95|0.0|573.95|0.0
#2145922	2331104	859097	-20.00	-20.00	20.00	20.00
L|18.0|20.0|-18.0|20.0
A|-18.0|20.0|-20.0|18.0|2.0|0|1
L|-20.0|18.0|-20.0|-18.0
A|-20.0|-18.0|-18.0|-20.0|2.0|0|1
L|-18.0|-20.0|18.0|-20.0
A|18.0|-20.0|20.0|-18.0|2.0|0|1
L|20.0|-18.0|20.0|18.0
A|20.0|18.0|18.0|20.0|2.0|0|1
A|16.5|18.0|18.0|16.5|1.5|0|0
L|18.0|16.5|18.0|-16.5
A|18.0|-16.5|16.5|-18.0|1.5|0|0
L|16.5|-18.0|-16.5|-18.0
A|-16.5|-18.0|-18.0|-16.5|1.5|0|0
L|-18.0|-16.5|-18.0|16.5
A|-18.0|16.5|-16.5|18.0|1.5|0|0
L|-16.5|18.0|16.5|18.0
#2167145	2169533	273538	-22.51	6.21	22.51	14.67
L|-20.85|14.67|-22.51|13.0
L|-22.51|13.0|-12.51|13.0
L|-12.51|13.0|-12.51|6.58
L|-12.51|6.58|-10.07|6.58
L|-10.07|6.58|-9.29|8.45
L|-9.29|8.45|-10.92|8.45
L|-10.92|8.45|-10.92|13.0
L|-10.92|13.0|-4.67|13.0
L|-4.67|13.0|-0.9|7.19
L|-0.9|7.19|-0.9|6.21
L|-0.9|6.21|0.0|6.21
L|0.0|6.21|0.9|6.21
L|0.9|6.21|0.9|7.19
L|0.9|7.19|4.67|13.0
L|4.67|13.0|10.92|13.0
L|10.92|13.0|10.92|8.45
L|10.92|8.45|9.29|8.45
L|9.29|8.45|10.07|6.58
L|10.07|6.58|12.51|6.58
L|12.51|6.58|12.51|13.0
L|12.51|13.0|22.51|13.0
L|22.51|13.0|20.85|14.67
L|20.85|14.67|2.36|14.67
L|2.36|14.67|0.0|8.83
L|0.0|8.83|-2.36|14.67
L|-2.36|14.67|-20.85|14.67
#2183353	3881286	273538	0.00	0.00	100.00	2.00
L|100.0|0.0|100.0|2.0
L|100.0|2.0|0.0|2.0
L|0.0|2.0|0.0|0.0
L|0.0|0.0|100.0|0.0
#2192186	2190728	807581	-9.00	-7.20	7.32	42.80
A|-8.5|42.8|-9.0|42.3|0.5|0|1
L|-9.0|42.3|-9.0|-6.7
A|-9.0|-6.7|-8.5|-7.2|0.5|0|1
L|-8.5|-7.2|-4.5|-7.2
A|-4.5|-7.2|-4.0|-6.7|0.5|0|1
L|-4.0|-6.7|-4.0|-4.9
L|-4.0|-4.9|-5.0|-4.9
L|-5.0|-4.9|-5.0|-5.9
L|-5.0|-5.9|-6.5|-5.9
A|-6.5|-5.9|-7.5|-4.9|1.0|0|0
L|-7.5|-4.9|-7.5|-0.9
A|-7.5|-0.9|-6.5|0.1|1.0|0|0
L|-6.5|0.1|-5.0|0.1
L|-5.0|0.1|-5.0|-0.9
L|-5.0|-0.9|-4.0|-0.9
L|-4.0|-0.9|-4.0|2.9
L|-4.0|2.9|-5.2|2.9
L|-5.2|2.9|-5.2|1.9
A|-5.2|1.9|-5.7|1.4|0.5|0|0
L|-5.7|1.4|-6.5|1.4
A|-6.5|1.4|-7.0|1.9|0.5|0|0
L|-7.0|1.9|-7.0|10.7
A|-7.0|10.7|-6.0|11.7|1.0|0|0
L|-6.0|11.7|1.1|11.7
A|1.1|11.7|1.6|11.2|0.5|0|0
L|1.6|11.2|1.6|10.3
A|1.6|10.3|2.1|9.8|0.5|0|1
L|2.1|9.8|3.5|9.8
A|3.5|9.8|4.5|9.8|0.64|0|0
L|4.5|9.8|6.68|9.8
L|6.68|9.8|6.68|11.38
L|6.68|11.38|3.5|11.38
L|3.5|11.38|3.5|15.8
A|3.5|15.8|4.0|16.3|0.5|0|0
L|4.0|16.3|4.87|16.3
L|4.87|16.3|7.32|14.79
A|7.32|14.79|6.45|17.39|5.0|0|1
A|6.45|17.39|6.45|18.21|0.56|0|0
A|6.45|18.21|7.32|20.81|5.0|0|1
L|7.32|20.81|4.87|19.3
L|4.87|19.3|4.0|19.3
A|4.0|19.3|3.5|19.8|0.5|0|0
L|3.5|19.8|3.5|24.18
L|3.5|24.18|6.72|24.22
L|6.72|24.22|6.67|25.8
L|6.67|25.8|4.5|25.8
A|4.5|25.8|3.5|25.8|0.69|0|0
L|3.5|25.8|2.1|25.8
A|2.1|25.8|1.6|25.3|0.5|0|1
L|1.6|25.3|1.6|24.4
A|1.6|24.4|1.1|23.9|0.5|0|0
L|1.1|23.9|-6.0|23.9
A|-6.0|23.9|-7.0|24.9|1.0|0|0
L|-7.0|24.9|-7.0|33.6
A|-7.0|33.6|-6.5|34.2|0.51|0|0
L|-6.5|34.2|-5.7|34.2
A|-5.7|34.2|-5.2|33.7|0.5|0|0
L|-5.2|33.7|-5.2|32.7
L|-5.2|32.7|-4.0|32.7
L|-4.0|32.7|-4.0|36.5
L|-4.0|36.5|-5.0|36.5
L|-5.0|36.5|-5.0|35.5
L|-5.0|35.5|-6.5|35.5
A|-6.5|35.5|-7.5|36.5|1.0|0|0
L|-7.5|36.5|-7.5|40.5
A|-7.5|40.5|-6.5|41.5|1.0|0|0
L|-6.5|41.5|-5.0|41.5
L|-5.0|41.5|-5.0|40.5
L|-5.0|40.5|-4.0|40.5
L|-4.0|40.5|-4.0|42.3
A|-4.0|42.3|-4.5|42.8|0.5|0|1
L|-4.5|42.8|-8.5|42.8
A|1.8|13.7|1.3|13.2|0.5|0|0
L|1.3|13.2|-6.9|13.2
A|-6.9|13.2|-7.4|13.7|0.5|0|0
L|-7.4|13.7|-7.4|21.9
A|-7.4|21.9|-6.9|22.4|0.5|0|0
L|-6.9|22.4|1.3|22.4
A|1.3|22.4|1.8|21.9|0.5|0|0
L|1.8|21.9|1.8|13.7
#2192187	2190729	807581	-9.00	-7.20	7.32	42.80
A|-8.5|42.8|-9.0|42.3|0.5|0|1
L|-9.0|42.3|-9.0|-6.7
A|-9.0|-6.7|-8.5|-7.2|0.5|0|1
L|-8.5|-7.2|-4.5|-7.2
A|-4.5|-7.2|-4.0|-6.7|0.5|0|1
L|-4.0|-6.7|-4.0|-4.9
L|-4.0|-4.9|-5.0|-4.9
L|-5.0|-4.9|-5.0|-5.9
L|-5.0|-5.9|-6.5|-5.9
A|-6.5|-5.9|-7.5|-4.9|1.0|0|0
L|-7.5|-4.9|-7.5|-0.9
A|-7.5|-0.9|-6.5|0.1|1.0|0|0
L|-6.5|0.1|-5.0|0.1
L|-5.0|0.1|-5.0|-0.9
L|-5.0|-0.9|-4.0|-0.9
L|-4.0|-0.9|-4.0|2.9
L|-4.0|2.9|-5.2|2.9
L|-5.2|2.9|-5.2|1.9
A|-5.2|1.9|-5.7|1.4|0.5|0|0
L|-5.7|1.4|-6.5|1.4
A|-6.5|1.4|-7.0|1.9|0.5|0|0
L|-7.0|1.9|-7.0|10.7
A|-7.0|10.7|-6.0|11.7|1.0|0|0
L|-6.0|11.7|1.1|11.7
A|1.1|11.7|1.6|11.2|0.5|0|0
L|1.6|11.2|1.6|10.3
A|1.6|10.3|2.1|9.8|0.5|0|1
L|2.1|9.8|3.5|9.8
A|3.5|9.8|4.5|9.8|0.64|0|0
L|4.5|9.8|6.68|9.8
L|6.68|9.8|6.68|11.38
L|6.68|11.38|3.5|11.38
L|3.5|11.38|3.5|15.8
A|3.5|15.8|4.0|16.3|0.5|0|0
L|4.0|16.3|4.87|16.3
L|4.87|16.3|7.32|14.79
A|7.32|14.79|6.45|17.39|5.0|0|1
A|6.45|17.39|6.45|18.21|0.56|0|0
A|6.45|18.21|7.32|20.81|5.0|0|1
L|7.32|20.81|4.87|19.3
L|4.87|19.3|4.0|19.3
A|4.0|19.3|3.5|19.8|0.5|0|0
L|3.5|19.8|3.5|24.18
L|3.5|24.18|6.72|24.22
L|6.72|24.22|6.67|25.8
L|6.67|25.8|4.5|25.8
A|4.5|25.8|3.5|25.8|0.69|0|0
L|3.5|25.8|2.1|25.8
A|2.1|25.8|1.6|25.3|0.5|0|1
L|1.6|25.3|1.6|24.4
A|1.6|24.4|1.1|23.9|0.5|0|0
L|1.1|23.9|-6.0|23.9
A|-6.0|23.9|-7.0|24.9|1.0|0|0
L|-7.0|24.9|-7.0|33.6
A|-7.0|33.6|-6.5|34.2|0.51|0|0
L|-6.5|34.2|-5.7|34.2
A|-5.7|34.2|-5.2|33.7|0.5|0|0
L|-5.2|33.7|-5.2|32.7
L|-5.2|32.7|-4.0|32.7
L|-4.0|32.7|-4.0|36.5
L|-4.0|36.5|-5.0|36.5
L|-5.0|36.5|-5.0|35.5
L|-5.0|35.5|-6.5|35.5
A|-6.5|35.5|-7.5|36.5|1.0|0|0
L|-7.5|36.5|-7.5|40.5
A|-7.5|40.5|-6.5|41.5|1.0|0|0
L|-6.5|41.5|-5.0|41.5
L|-5.0|41.5|-5.0|40.5
L|-5.0|40.5|-4.0|40.5
L|-4.0|40.5|-4.0|42.3
A|-4.0|42.3|-4.5|42.8|0.5|0|1
L|-4.5|42.8|-8.5|42.8
A|1.8|13.7|1.3|13.2|0.5|0|0
L|1.3|13.2|-6.9|13.2
A|-6.9|13.2|-7.4|13.7|0.5|0|0
L|-7.4|13.7|-7.4|21.9
A|-7.4|21.9|-6.9|22.4|0.5|0|0
L|-6.9|22.4|1.3|22.4
A|1.3|22.4|1.8|21.9|0.5|0|0
L|1.8|21.9|1.8|13.7
#2192188	2190730	807581	-9.00	8.00	5.82	106.00
L|-9.0|8.0|-4.0|8.0
L|-4.0|8.0|-4.0|10.3
L|-4.0|10.3|-5.0|10.3
L|-5.0|10.3|-5.0|9.3
L|-5.0|9.3|-7.5|9.3
L|-7.5|9.3|-7.5|15.3
L|-7.5|15.3|-5.0|15.3
L|-5.0|15.3|-5.0|14.3
L|-5.0|14.3|-4.0|14.3
L|-4.0|14.3|-4.0|16.6
L|-4.0|16.6|-7.0|16.6
L|-7.0|16.6|-7.0|23.0
L|-7.0|23.0|2.0|23.0
L|2.0|23.0|2.0|26.0
L|2.0|26.0|5.18|26.0
L|5.18|26.0|5.18|27.58
L|5.18|27.58|2.01|27.58
L|2.01|27.58|2.01|32.5
L|2.01|32.5|3.2|32.5
L|3.2|32.5|5.82|30.99
A|5.82|30.99|2.0|35.62|5.0|0|1
L|2.0|35.62|2.0|71.18
A|2.0|71.18|5.82|75.81|5.0|0|1
L|5.82|75.81|3.2|74.3
L|3.2|74.3|2.0|74.3
L|2.0|74.3|2.0|79.22
L|2.0|79.22|5.18|79.22
L|5.18|79.22|5.18|80.8
L|5.18|80.8|0.0|80.8
L|0.0|80.8|0.0|78.8
L|0.0|78.8|-5.57|78.8
A|-5.57|78.8|-6.57|79.73|1.0|0|0
L|-6.57|79.73|-7.0|85.8
L|-7.0|85.8|-7.0|97.4
L|-7.0|97.4|-5.2|97.4
L|-5.2|97.4|-5.2|95.9
L|-5.2|95.9|-4.0|95.9
L|-4.0|95.9|-4.0|99.7
L|-4.0|99.7|-5.0|99.7
L|-5.0|99.7|-5.0|98.7
L|-5.0|98.7|-7.5|98.7
L|-7.5|98.7|-7.5|104.7
L|-7.5|104.7|-5.0|104.7
L|-5.0|104.7|-5.0|103.7
L|-5.0|103.7|-4.0|103.7
L|-4.0|103.7|-4.0|106.0
L|-4.0|106.0|-9.0|106.0
L|-9.0|106.0|-9.0|8.0
L|-7.0|24.8|-7.0|77.0
L|-7.0|77.0|0.2|77.0
L|0.2|77.0|0.2|24.8
L|0.2|24.8|-7.0|24.8
#2192189	2190731	807581	-9.00	8.00	5.82	106.00
L|-9.0|8.0|-4.0|8.0
L|-4.0|8.0|-4.0|10.3
L|-4.0|10.3|-5.0|10.3
L|-5.0|10.3|-5.0|9.3
L|-5.0|9.3|-7.5|9.3
L|-7.5|9.3|-7.5|15.3
L|-7.5|15.3|-5.0|15.3
L|-5.0|15.3|-5.0|14.3
L|-5.0|14.3|-4.0|14.3
L|-4.0|14.3|-4.0|16.6
L|-4.0|16.6|-7.0|16.6
L|-7.0|16.6|-7.0|23.0
L|-7.0|23.0|2.0|23.0
L|2.0|23.0|2.0|26.0
L|2.0|26.0|5.18|26.0
L|5.18|26.0|5.18|27.58
L|5.18|27.58|2.01|27.58
L|2.01|27.58|2.01|32.5
L|2.01|32.5|3.2|32.5
L|3.2|32.5|5.82|30.99
A|5.82|30.99|2.0|35.62|5.0|0|1
L|2.0|35.62|2.0|71.18
A|2.0|71.18|5.82|75.81|5.0|0|1
L|5.82|75.81|3.2|74.3
L|3.2|74.3|2.0|74.3
L|2.0|74.3|2.0|79.22
L|2.0|79.22|5.18|79.22
L|5.18|79.22|5.18|80.8
L|5.18|80.8|0.0|80.8
L|0.0|80.8|0.0|78.8
L|0.0|78.8|-5.57|78.8
A|-5.57|78.8|-6.57|79.73|1.0|0|0
L|-6.57|79.73|-7.0|85.8
L|-7.0|85.8|-7.0|97.4
L|-7.0|97.4|-5.2|97.4
L|-5.2|97.4|-5.2|95.9
L|-5.2|95.9|-4.0|95.9
L|-4.0|95.9|-4.0|99.7
L|-4.0|99.7|-5.0|99.7
L|-5.0|99.7|-5.0|98.7
L|-5.0|98.7|-7.5|98.7
L|-7.5|98.7|-7.5|104.7
L|-7.5|104.7|-5.0|104.7
L|-5.0|104.7|-5.0|103.7
L|-5.0|103.7|-4.0|103.7
L|-4.0|103.7|-4.0|106.0
L|-4.0|106.0|-9.0|106.0
L|-9.0|106.0|-9.0|8.0
L|-7.0|24.8|-7.0|77.0
L|-7.0|77.0|0.2|77.0
L|0.2|77.0|0.2|24.8
L|0.2|24.8|-7.0|24.8
#2192192	2190733	807581	-9.00	23.00	5.82	106.00
L|-9.0|32.5|-0.53|32.5
L|-0.53|32.5|-0.53|23.0
L|-0.53|23.0|1.16|23.0
L|1.16|23.0|1.16|26.0
L|1.16|26.0|5.18|26.0
L|5.18|26.0|5.18|27.58
L|5.18|27.58|2.01|27.58
L|2.01|27.58|2.01|32.5
L|2.01|32.5|3.2|32.5
L|3.2|32.5|5.82|30.99
A|5.82|30.99|2.0|35.62|5.0|0|1
L|2.0|35.62|2.0|71.18
A|2.0|71.18|5.82|75.81|5.0|0|1
L|5.82|75.81|3.2|74.3
L|3.2|74.3|2.0|74.3
L|2.0|74.3|2.0|79.22
L|2.0|79.22|5.18|79.22
L|5.18|79.22|5.18|80.8
L|5.18|80.8|0.0|80.8
L|0.0|80.8|0.0|78.8
L|0.0|78.8|-5.57|78.8
A|-5.57|78.8|-6.57|79.73|1.0|0|0
L|-6.57|79.73|-7.0|85.8
L|-7.0|85.8|-7.0|97.4
L|-7.0|97.4|-5.2|97.4
L|-5.2|97.4|-5.2|95.9
L|-5.2|95.9|-4.0|95.9
L|-4.0|95.9|-4.0|99.7
L|-4.0|99.7|-5.0|99.7
L|-5.0|99.7|-5.0|98.7
L|-5.0|98.7|-7.5|98.7
L|-7.5|98.7|-7.5|104.7
L|-7.5|104.7|-5.0|104.7
L|-5.0|104.7|-5.0|103.7
L|-5.0|103.7|-4.0|103.7
L|-4.0|103.7|-4.0|106.0
L|-4.0|106.0|-9.0|106.0
L|-9.0|106.0|-9.0|32.5
L|-7.0|34.34|-7.0|77.0
L|-7.0|77.0|0.2|77.0
L|0.2|77.0|0.2|34.34
L|0.2|34.34|-7.0|34.34
#2192193	2190732	807581	-9.00	23.00	5.82	106.00
L|-9.0|32.5|-0.53|32.5
L|-0.53|32.5|-0.53|23.0
L|-0.53|23.0|1.16|23.0
L|1.16|23.0|1.16|26.0
L|1.16|26.0|5.18|26.0
L|5.18|26.0|5.18|27.58
L|5.18|27.58|2.01|27.58
L|2.01|27.58|2.01|32.5
L|2.01|32.5|3.2|32.5
L|3.2|32.5|5.82|30.99
A|5.82|30.99|2.0|35.62|5.0|0|1
L|2.0|35.62|2.0|71.18
A|2.0|71.18|5.82|75.81|5.0|0|1
L|5.82|75.81|3.2|74.3
L|3.2|74.3|2.0|74.3
L|2.0|74.3|2.0|79.22
L|2.0|79.22|5.18|79.22
L|5.18|79.22|5.18|80.8
L|5.18|80.8|0.0|80.8
L|0.0|80.8|0.0|78.8
L|0.0|78.8|-5.57|78.8
A|-5.57|78.8|-6.57|79.73|1.0|0|0
L|-6.57|79.73|-7.0|85.8
L|-7.0|85.8|-7.0|97.4
L|-7.0|97.4|-5.2|97.4
L|-5.2|97.4|-5.2|95.9
L|-5.2|95.9|-4.0|95.9
L|-4.0|95.9|-4.0|99.7
L|-4.0|99.7|-5.0|99.7
L|-5.0|99.7|-5.0|98.7
L|-5.0|98.7|-7.5|98.7
L|-7.5|98.7|-7.5|104.7
L|-7.5|104.7|-5.0|104.7
L|-5.0|104.7|-5.0|103.7
L|-5.0|103.7|-4.0|103.7
L|-4.0|103.7|-4.0|106.0
L|-4.0|106.0|-9.0|106.0
L|-9.0|106.0|-9.0|32.5
L|-7.0|34.34|-7.0|77.0
L|-7.0|77.0|0.2|77.0
L|0.2|77.0|0.2|34.34
L|0.2|34.34|-7.0|34.34
#2192194	2207684	807581	-9.00	-161.00	5.82	-78.00
L|-9.0|-88.0|-9.0|-161.0
L|-9.0|-161.0|-4.0|-161.0
L|-4.0|-161.0|-4.0|-158.7
L|-4.0|-158.7|-5.0|-158.7
L|-5.0|-158.7|-5.0|-159.7
L|-5.0|-159.7|-7.5|-159.7
L|-7.5|-159.7|-7.5|-153.7
L|-7.5|-153.7|-5.0|-153.7
L|-5.0|-153.7|-5.0|-154.7
L|-5.0|-154.7|-4.0|-154.7
L|-4.0|-154.7|-4.0|-150.9
L|-4.0|-150.9|-5.2|-150.9
L|-5.2|-150.9|-5.2|-152.4
L|-5.2|-152.4|-7.0|-152.4
L|-7.0|-152.4|-7.0|-140.8
L|-7.0|-140.8|-6.57|-134.73
A|-6.57|-134.73|-5.57|-133.8|1.0|0|0
L|-5.57|-133.8|0.0|-133.8
L|0.0|-133.8|0.0|-135.8
L|0.0|-135.8|5.18|-135.8
L|5.18|-135.8|5.18|-134.22
L|5.18|-134.22|2.0|-134.22
L|2.0|-134.22|2.0|-129.3
L|2.0|-129.3|3.2|-129.3
L|3.2|-129.3|5.82|-130.81
A|5.82|-130.81|2.0|-126.18|5.0|0|1
L|2.0|-126.18|2.0|-90.62
A|2.0|-90.62|5.82|-85.99|5.0|0|1
L|5.82|-85.99|3.2|-87.5
L|3.2|-87.5|2.01|-87.5
L|2.01|-87.5|2.01|-82.58
L|2.01|-82.58|5.18|-82.58
L|5.18|-82.58|5.18|-81.0
L|5.18|-81.0|1.16|-81.0
L|1.16|-81.0|1.16|-78.0
L|1.16|-78.0|-0.53|-78.0
L|-0.53|-78.0|-0.53|-88.0
L|-0.53|-88.0|-9.0|-88.0
L|-7.0|-89.84|0.2|-89.84
L|0.2|-89.84|0.2|-132.0
L|0.2|-132.0|-7.0|-132.0
L|-7.0|-132.0|-7.0|-89.84
#2192195	2207524	807581	-9.00	-161.00	5.82	-78.00
L|-9.0|-88.0|-9.0|-161.0
L|-9.0|-161.0|-4.0|-161.0
L|-4.0|-161.0|-4.0|-158.7
L|-4.0|-158.7|-5.0|-158.7
L|-5.0|-158.7|-5.0|-159.7
L|-5.0|-159.7|-7.5|-159.7
L|-7.5|-159.7|-7.5|-153.7
L|-7.5|-153.7|-5.0|-153.7
L|-5.0|-153.7|-5.0|-154.7
L|-5.0|-154.7|-4.0|-154.7
L|-4.0|-154.7|-4.0|-150.9
L|-4.0|-150.9|-5.2|-150.9
L|-5.2|-150.9|-5.2|-152.4
L|-5.2|-152.4|-7.0|-152.4
L|-7.0|-152.4|-7.0|-140.8
L|-7.0|-140.8|-6.57|-134.73
A|-6.57|-134.73|-5.57|-133.8|1.0|0|0
L|-5.57|-133.8|0.0|-133.8
L|0.0|-133.8|0.0|-135.8
L|0.0|-135.8|5.18|-135.8
L|5.18|-135.8|5.18|-134.22
L|5.18|-134.22|2.0|-134.22
L|2.0|-134.22|2.0|-129.3
L|2.0|-129.3|3.2|-129.3
L|3.2|-129.3|5.82|-130.81
A|5.82|-130.81|2.0|-126.18|5.0|0|1
L|2.0|-126.18|2.0|-90.62
A|2.0|-90.62|5.82|-85.99|5.0|0|1
L|5.82|-85.99|3.2|-87.5
L|3.2|-87.5|2.01|-87.5
L|2.01|-87.5|2.01|-82.58
L|2.01|-82.58|5.18|-82.58
L|5.18|-82.58|5.18|-81.0
L|5.18|-81.0|1.16|-81.0
L|1.16|-81.0|1.16|-78.0
L|1.16|-78.0|-0.53|-78.0
L|-0.53|-78.0|-0.53|-88.0
L|-0.53|-88.0|-9.0|-88.0
L|-7.0|-89.84|0.2|-89.84
L|0.2|-89.84|0.2|-132.0
L|0.2|-132.0|-7.0|-132.0
L|-7.0|-132.0|-7.0|-89.84
#2192196	2190736	807581	-12.40	17.18	41.60	56.00
L|-12.4|17.82|-10.82|17.82
L|-10.82|17.82|-10.82|20.99
L|-10.82|20.99|-5.9|20.99
L|-5.9|20.99|-5.9|19.8
L|-5.9|19.8|-7.41|17.18
A|-7.41|17.18|-3.24|19.8|5.0|0|1
L|-3.24|19.8|4.3|19.8
L|4.3|19.8|4.3|24.2
L|4.3|24.2|13.97|24.2
A|13.97|24.2|16.5|26.7|2.5|0|1
L|16.5|26.7|16.5|29.7
L|16.5|29.7|18.6|29.7
L|18.6|29.7|17.1|32.3
L|17.1|32.3|17.1|33.5
L|17.1|33.5|22.02|33.5
L|22.02|33.5|22.02|30.32
L|22.02|30.32|23.6|30.32
L|23.6|30.32|23.6|46.2
L|23.6|46.2|26.1|46.2
A|26.1|46.2|26.6|46.7|0.5|0|1
L|26.6|46.7|26.6|53.5
A|26.6|53.5|27.1|54.0|0.5|0|0
L|27.1|54.0|32.5|54.0
A|32.5|54.0|33.0|53.5|0.5|0|0
L|33.0|53.5|33.0|51.5
A|33.0|51.5|33.5|51.0|0.5|0|1
L|33.5|51.0|35.3|51.0
L|35.3|51.0|35.3|52.0
L|35.3|52.0|34.3|52.0
L|34.3|52.0|34.3|54.5
L|34.3|54.5|40.3|54.5
L|40.3|54.5|40.3|52.0
L|40.3|52.0|39.3|52.0
L|39.3|52.0|39.3|51.0
L|39.3|51.0|41.6|51.0
L|41.6|51.0|41.6|56.0
L|41.6|56.0|1.6|56.0
L|1.6|56.0|1.6|53.51
L|1.6|53.51|2.6|53.51
L|2.6|53.51|2.6|26.0
L|2.6|26.0|0.6|26.0
L|0.6|26.0|0.6|25.0
L|0.6|25.0|1.6|25.0
L|1.6|25.0|1.6|23.5
A|1.6|23.5|0.6|22.5|1.0|0|0
L|0.6|22.5|-3.4|22.5
A|-3.4|22.5|-4.4|23.5|1.0|0|0
L|-4.4|23.5|-4.4|25.0
L|-4.4|25.0|-3.4|25.0
L|-3.4|25.0|-3.4|26.0
L|-3.4|26.0|-12.4|26.0
L|-12.4|26.0|-12.4|17.82
L|4.3|53.99|24.9|53.99
L|24.9|53.99|24.9|47.9
L|24.9|47.9|21.9|47.9
L|21.9|47.9|21.9|42.8
L|21.9|42.8|21.1|42.0
L|21.1|42.0|21.1|35.2
L|21.1|35.2|14.8|35.2
L|14.8|35.2|14.8|26.0
L|14.8|26.0|4.3|26.0
L|4.3|26.0|4.3|53.99
#2210948	2208527	807581	23.51	14.60	45.29	20.95
L|29.89|19.35|38.91|19.35
A|38.91|19.35|40.58|18.46|2.0|0|0
L|40.58|18.46|41.32|16.77
A|41.32|16.77|43.58|15.66|2.5|0|1
L|43.58|15.66|45.29|14.7
L|45.29|14.7|45.29|18.93
L|45.29|18.93|43.31|17.79
L|43.31|17.79|42.41|19.35
A|42.41|19.35|39.76|20.95|3.0|0|1
L|39.76|20.95|29.04|20.95
A|29.04|20.95|26.39|19.35|3.0|0|1
L|26.39|19.35|25.53|17.79
L|25.53|17.79|23.51|18.9
L|23.51|18.9|23.51|14.6
L|23.51|14.6|25.41|15.65
A|25.41|15.65|27.5|16.8|2.5|0|1
L|27.5|16.8|28.23|18.48
A|28.23|18.48|29.89|19.35|2.0|0|0
#2210951	2208528	807581	23.51	0.60	45.29	6.95
L|29.89|5.35|38.91|5.35
A|38.91|5.35|40.58|4.46|2.0|0|0
L|40.58|4.46|41.32|2.77
A|41.32|2.77|43.58|1.66|2.5|0|1
L|43.58|1.66|45.29|0.7
L|45.29|0.7|45.29|4.93
L|45.29|4.93|43.31|3.79
L|43.31|3.79|42.41|5.35
A|42.41|5.35|39.76|6.95|3.0|0|1
L|39.76|6.95|29.04|6.95
A|29.04|6.95|26.39|5.35|3.0|0|1
L|26.39|5.35|25.53|3.79
L|25.53|3.79|23.51|4.9
L|23.51|4.9|23.51|0.6
L|23.51|0.6|25.41|1.65
A|25.41|1.65|27.5|2.8|2.5|0|1
L|27.5|2.8|28.23|4.48
A|28.23|4.48|29.89|5.35|2.0|0|0
#2210952	2208529	807581	57.40	47.70	65.05	61.83
L|58.8|59.4|60.9|56.33
L|60.9|56.33|60.9|53.85
A|60.9|53.85|60.2|53.39|0.5|0|0
L|60.2|53.39|59.45|54.04
L|59.45|54.04|58.42|56.38
A|58.42|56.38|58.2|57.38|1.24|0|0
L|58.2|57.38|58.29|60.52
A|58.29|60.52|58.8|59.4|5.53|0|1
A|58.52|61.83|57.4|60.92|1.0|0|1
L|57.4|60.92|57.4|56.58
L|57.4|56.58|59.19|52.17
A|59.19|52.17|58.13|49.49|38.35|0|1
L|58.13|49.49|58.11|50.98
A|58.11|50.98|57.44|51.1|0.35|0|1
L|57.44|51.1|57.44|48.18
A|57.44|48.18|58.47|47.7|0.77|0|1
L|58.47|47.7|62.87|51.51
L|62.87|51.51|63.36|52.56
L|63.36|52.56|63.19|57.1
L|63.19|57.1|65.05|57.1
L|65.05|57.1|64.78|58.28
A|64.78|58.28|64.06|59.03|1.0|0|1
L|64.06|59.03|63.19|59.26
A|63.19|59.26|58.52|61.83|5.45|0|0
#2210955	2208521	807581	61.20	71.20	84.00	89.30
A|81.7|88.0|82.7|87.0|1.0|0|0
L|82.7|87.0|82.7|78.3
A|82.7|78.3|81.7|77.3|1.0|0|0
L|81.7|77.3|79.5|77.3
A|79.5|77.3|78.5|76.3|1.0|0|1
L|78.5|76.3|78.5|75.3
L|78.5|75.3|71.33|75.3
A|71.33|75.3|69.59|77.66|3.5|0|1
L|69.59|77.66|69.59|88.0
L|69.59|88.0|81.7|88.0
L|68.39|88.0|68.39|76.61
A|68.39|76.61|65.85|73.8|2.13|1|0
L|65.85|73.8|65.0|73.8
A|65.0|73.8|66.89|71.2|2.6|0|1
L|66.89|71.2|68.73|71.2
A|68.73|71.2|71.35|74.0|3.5|0|1
L|71.35|74.0|77.6|74.0
A|77.6|74.0|78.5|73.1|0.9|0|0
A|78.5|73.0|80.0|72.33|0.9|0|1
L|80.0|72.33|80.0|75.8
L|80.0|75.8|81.79|75.8
L|81.79|75.8|82.71|75.3
L|82.71|75.3|84.0|75.3
L|84.0|75.3|84.0|88.8
A|84.0|88.8|83.5|89.3|0.5|0|1
L|83.5|89.3|61.7|89.3
A|61.7|89.3|61.2|88.8|0.5|0|1
L|61.2|88.8|61.2|87.4
L|61.2|87.4|62.6|87.4
L|62.6|87.4|61.7|84.04
L|61.7|84.04|61.7|79.97
A|61.7|79.97|63.0|79.93|0.65|0|1
L|63.0|79.93|63.0|83.87
L|63.0|83.87|64.11|88.0
L|64.11|88.0|68.39|88.0
#2210956	2208523	807581	91.60	61.40	105.73	69.05
A|103.3|62.8|104.42|62.29|5.53|0|1
L|104.42|62.29|101.28|62.2
A|101.28|62.2|100.28|62.42|1.24|0|0
L|100.28|62.42|97.94|63.45
L|97.94|63.45|97.29|64.2
A|97.29|64.2|97.75|64.9|0.5|0|0
L|97.75|64.9|100.23|64.9
L|100.23|64.9|103.3|62.8
A|105.73|62.52|103.16|67.19|5.45|0|0
L|103.16|67.19|102.92|68.06
A|102.92|68.06|102.18|68.78|1.0|0|1
L|102.18|68.78|101.0|69.05
L|101.0|69.05|101.0|67.19
L|101.0|67.19|96.46|67.36
L|96.46|67.36|95.41|66.87
L|95.41|66.87|91.6|62.47
A|91.6|62.47|92.08|61.44|0.77|0|1
L|92.08|61.44|95.0|61.44
A|95.0|61.44|94.88|62.11|0.35|0|1
L|94.88|62.11|93.39|62.13
A|93.39|62.13|96.06|63.19|38.35|0|1
L|96.06|63.19|100.48|61.4
L|100.48|61.4|104.82|61.4
A|104.82|61.4|105.73|62.52|1.0|0|1
#2210959	2208524	807581	57.40	61.70	65.05	75.83
L|58.8|73.4|60.9|70.33
L|60.9|70.33|60.9|67.85
A|60.9|67.85|60.2|67.39|0.5|0|0
L|60.2|67.39|59.45|68.04
L|59.45|68.04|58.42|70.38
A|58.42|70.38|58.2|71.38|1.24|0|0
L|58.2|71.38|58.29|74.52
A|58.29|74.52|58.8|73.4|5.53|0|1
A|58.52|75.83|57.4|74.92|1.0|0|1
L|57.4|74.92|57.4|70.58
L|57.4|70.58|59.19|66.16
A|59.19|66.16|58.13|63.49|38.35|0|1
L|58.13|63.49|58.11|64.98
A|58.11|64.98|57.44|65.1|0.35|0|1
L|57.44|65.1|57.44|62.18
A|57.44|62.18|58.47|61.7|0.77|0|1
L|58.47|61.7|62.87|65.51
L|62.87|65.51|63.36|66.56
L|63.36|66.56|63.19|71.1
L|63.19|71.1|65.05|71.1
L|65.05|71.1|64.78|72.28
A|64.78|72.28|64.06|73.02|1.0|0|1
L|64.06|73.02|63.19|73.26
A|63.19|73.26|58.52|75.83|5.45|0|0
#2210960	2208525	807581	23.51	-20.95	45.29	-14.60
A|29.89|-19.35|28.23|-18.48|2.0|0|0
L|28.23|-18.48|27.5|-16.8
A|27.5|-16.8|25.41|-15.65|2.5|0|1
L|25.41|-15.65|23.51|-14.6
L|23.51|-14.6|23.51|-18.9
L|23.51|-18.9|25.53|-17.79
L|25.53|-17.79|26.39|-19.35
A|26.39|-19.35|29.04|-20.95|3.0|0|1
L|29.04|-20.95|39.76|-20.95
A|39.76|-20.95|42.41|-19.35|3.0|0|1
L|42.41|-19.35|43.31|-17.79
L|43.31|-17.79|45.29|-18.93
L|45.29|-18.93|45.29|-14.7
L|45.29|-14.7|43.58|-15.66
A|43.58|-15.66|41.32|-16.77|2.5|0|1
L|41.32|-16.77|40.58|-18.46
A|40.58|-18.46|38.91|-19.35|2.0|0|0
L|38.91|-19.35|29.89|-19.35
#2210961	2208526	807581	23.51	-20.95	45.29	-14.60
A|29.89|-19.35|28.23|-18.48|2.0|0|0
L|28.23|-18.48|27.5|-16.8
A|27.5|-16.8|25.41|-15.65|2.5|0|1
L|25.41|-15.65|23.51|-14.6
L|23.51|-14.6|23.51|-18.9
L|23.51|-18.9|25.53|-17.79
L|25.53|-17.79|26.39|-19.35
A|26.39|-19.35|29.04|-20.95|3.0|0|1
L|29.04|-20.95|39.76|-20.95
A|39.76|-20.95|42.41|-19.35|3.0|0|1
L|42.41|-19.35|43.31|-17.79
L|43.31|-17.79|45.29|-18.93
L|45.29|-18.93|45.29|-14.7
L|45.29|-14.7|43.58|-15.66
A|43.58|-15.66|41.32|-16.77|2.5|0|1
L|41.32|-16.77|40.58|-18.46
A|40.58|-18.46|38.91|-19.35|2.0|0|0
L|38.91|-19.35|29.89|-19.35
#2233876	2232655	807581	-17.00	-58.00	22.15	25.00
A|-7.5|25.0|-8.0|24.5|0.5|0|1
L|-8.0|24.5|-8.0|-28.5
L|-8.0|-28.5|-17.0|-32.7
L|-17.0|-32.7|-17.0|-57.5
A|-17.0|-57.5|-16.5|-58.0|0.5|0|1
L|-16.5|-58.0|-13.0|-58.0
L|-13.0|-58.0|-13.0|-55.98
L|-13.0|-55.98|-13.8|-55.98
L|-13.8|-55.98|-13.8|-56.8
L|-13.8|-56.8|-15.6|-56.8
L|-15.6|-56.8|-15.6|-52.0
A|-15.6|-52.0|-15.1|-51.5|0.5|0|0
L|-15.1|-51.5|-13.8|-51.5
L|-13.8|-51.5|-13.8|-52.38
L|-13.8|-52.38|-13.0|-52.38
L|-13.0|-52.38|-13.0|-51.5
A|-13.0|-51.5|-14.0|-50.5|1.0|0|1
L|-14.0|-50.5|-14.9|-50.5
A|-14.9|-50.5|-15.4|-50.0|0.5|0|0
L|-15.4|-50.0|-15.4|-44.45
L|-15.4|-44.45|-8.0|-41.0
L|-8.0|-41.0|-6.7|-41.0
A|-6.7|-41.0|-6.2|-40.5|0.5|0|1
L|-6.2|-40.5|-6.2|-37.0
L|-6.2|-37.0|-4.21|-37.0
L|-4.21|-37.0|-4.21|-35.5
L|-4.21|-35.5|-6.2|-35.5
L|-6.2|-35.5|-6.2|-32.5
L|-6.2|-32.5|12.7|-32.5
L|12.7|-32.5|12.7|-35.5
L|12.7|-35.5|11.21|-35.5
L|11.21|-35.5|11.21|-37.0
L|11.21|-37.0|12.7|-37.0
L|12.7|-37.0|12.7|-40.5
A|12.7|-40.5|13.2|-41.0|0.5|0|1
L|13.2|-41.0|18.5|-41.0
L|18.5|-41.0|18.5|-39.3
L|18.5|-39.3|15.0|-39.3
A|15.0|-39.3|14.5|-38.8|0.5|0|0
L|14.5|-38.8|14.5|-14.2
L|14.5|-14.2|18.8|-14.2
L|18.8|-14.2|21.55|-14.02
L|21.55|-14.02|21.55|-10.84
L|21.55|-10.84|19.0|-12.31
L|19.0|-12.31|19.0|-7.37
L|19.0|-7.37|21.5|-8.76
L|21.5|-8.76|21.5|-5.25
L|21.5|-5.25|19.0|-6.65
L|19.0|-6.65|19.0|-1.71
L|19.0|-1.71|21.61|-3.22
L|21.61|-3.22|22.15|-0.81
L|22.15|-0.81|18.7|-0.1
A|18.7|-0.1|17.2|-1.6|1.5|0|1
L|17.2|-1.6|17.2|-2.55
L|17.2|-2.55|14.0|-2.55
L|14.0|-2.55|14.0|-0.5
A|14.0|-0.5|13.5|0.0|0.5|0|1
L|13.5|0.0|11.01|-0.0
L|11.01|-0.0|11.01|-1.5
L|11.01|-1.5|12.4|-1.5
L|12.4|-1.5|12.4|-4.5
L|12.4|-4.5|-5.5|-4.5
A|-5.5|-4.5|-5.5|-3.1|0.7|0|0
L|-5.5|-3.1|-4.4|-3.1
L|-4.4|-3.1|-4.4|-1.04
L|-4.4|-1.04|-5.2|-1.04
L|-5.2|-1.04|-5.2|-1.9
L|-5.2|-1.9|-6.4|-1.9
L|-6.4|-1.9|-6.5|14.6
L|-6.5|14.6|-3.5|14.6
L|-3.5|14.6|-3.5|17.1
A|-3.5|17.1|-4.3|17.1|0.4|0|1
L|-4.3|17.1|-4.3|16.2
L|-4.3|16.2|-6.0|16.2
A|-6.0|16.2|-6.5|16.7|0.5|0|0
L|-6.5|16.7|-6.5|23.3
A|-6.5|23.3|-6.0|23.8|0.5|0|0
L|-6.0|23.8|-4.3|23.8
L|-4.3|23.8|-4.3|22.9
L|-4.3|22.9|-3.5|22.9
L|-3.5|22.9|-3.5|24.5
A|-3.5|24.5|-4.0|25.0|0.5|0|1
L|-4.0|25.0|-7.5|25.0
L|-6.2|-6.3|13.5|-6.3
A|13.5|-6.3|14.0|-5.8|0.5|0|1
L|14.0|-5.8|14.0|-4.85
A|14.0|-4.85|14.5|-4.35|0.5|0|0
L|14.5|-4.35|16.7|-4.35
A|16.7|-4.35|17.2|-4.85|0.5|0|0
L|17.2|-4.85|17.2|-11.9
A|17.2|-11.9|16.7|-12.4|0.5|0|0
L|16.7|-12.4|14.2|-12.4
A|14.2|-12.4|12.7|-13.9|1.5|0|1
L|12.7|-13.9|12.7|-30.7
L|12.7|-30.7|-6.2|-30.7
L|-6.2|-30.7|-6.2|-6.3
L|-8.0|-30.49|-8.0|-39.01
L|-8.0|-39.01|-15.4|-42.46
L|-15.4|-42.46|-15.4|-33.94
L|-15.4|-33.94|-8.0|-30.49
#2233878	2232656	807581	-59.00	-10.00	-4.50	15.76
L|-12.5|-8.2|-12.5|10.9
L|-12.5|10.9|-9.5|10.9
L|-9.5|10.9|-9.5|9.21
L|-9.5|9.21|-8.0|9.21
L|-8.0|9.21|-8.0|12.5
L|-8.0|12.5|-12.66|12.5
L|-12.66|12.5|-13.07|14.0
L|-13.07|14.0|-12.9|15.76
L|-12.9|15.76|-15.65|15.15
L|-15.65|15.15|-14.11|12.89
A|-14.11|12.89|-14.56|12.5|0.3|0|0
L|-14.56|12.5|-19.29|12.5
L|-19.29|12.5|-17.96|15.0
L|-17.96|15.0|-19.88|15.0
L|-19.88|15.0|-21.08|13.8
L|-21.08|13.8|-30.52|13.8
L|-30.52|13.8|-31.72|15.0
L|-31.72|15.0|-33.65|15.0
L|-33.65|15.0|-32.27|12.5
L|-32.27|12.5|-37.26|12.5
L|-37.26|12.5|-36.01|15.17
L|-36.01|15.17|-38.7|15.76
L|-38.7|15.76|-38.53|14.0
L|-38.53|14.0|-38.83|12.9
L|-38.83|12.9|-45.53|6.2
L|-45.53|6.2|-48.5|6.2
A|-48.5|6.2|-49.0|6.7|0.5|0|0
L|-49.0|6.7|-49.0|10.2
A|-49.0|10.2|-49.5|10.7|0.5|0|1
L|-49.5|10.7|-51.1|10.7
L|-51.1|10.7|-51.1|9.9
L|-51.1|9.9|-50.2|9.9
L|-50.2|9.9|-50.2|7.0
A|-50.2|7.0|-50.7|6.5|0.5|0|0
L|-50.7|6.5|-57.3|6.5
A|-57.3|6.5|-57.8|7.0|0.5|0|0
L|-57.8|7.0|-57.8|9.9
L|-57.8|9.9|-56.9|9.9
L|-56.9|9.9|-56.9|10.7
L|-56.9|10.7|-58.5|10.7
A|-58.5|10.7|-59.0|10.2|0.5|0|1
L|-59.0|10.2|-59.0|5.4
A|-59.0|5.4|-58.5|4.9|0.5|0|1
L|-58.5|4.9|-52.5|4.9
L|-52.5|4.9|-45.81|-10.0
L|-45.81|-10.0|-4.5|-10.0
L|-4.5|-10.0|-4.5|-8.2
L|-4.5|-8.2|-8.0|-8.2
L|-8.0|-8.2|-8.0|-6.21
L|-8.0|-6.21|-9.5|-6.21
L|-9.5|-6.21|-9.5|-8.2
L|-9.5|-8.2|-12.5|-8.2
L|-14.3|10.7|-14.3|-8.2
L|-14.3|-8.2|-36.7|-8.2
L|-36.7|-8.2|-36.7|-7.2
L|-36.7|-7.2|-38.7|-7.2
L|-38.7|-7.2|-38.7|-5.4
L|-38.7|-5.4|-40.7|-5.4
L|-40.7|-5.4|-40.7|-7.2
A|-40.7|-7.2|-41.7|-8.2|1.0|0|0
L|-41.7|-8.2|-44.86|-8.2
L|-44.86|-8.2|-50.29|3.89
A|-50.29|3.89|-49.84|4.6|0.5|0|0
L|-49.84|4.6|-44.8|4.6
L|-44.8|4.6|-40.7|8.7
L|-40.7|8.7|-38.7|8.7
L|-38.7|8.7|-38.7|10.7
L|-38.7|10.7|-32.6|10.7
A|-32.6|10.7|-30.87|12.0|1.8|0|1
L|-30.87|12.0|-20.73|12.0
A|-20.73|12.0|-19.0|10.7|1.8|0|1
L|-19.0|10.7|-14.3|10.7
#2233880	2232654	807581	43.24	61.50	69.00	102.00
L|67.2|69.5|67.2|66.5
L|67.2|66.5|65.21|66.5
L|65.21|66.5|65.21|65.0
L|65.21|65.0|67.2|65.0
L|67.2|65.0|67.2|61.5
L|67.2|61.5|69.0|61.5
L|69.0|61.5|69.0|101.5
A|69.0|101.5|68.46|102.0|0.5|0|1
L|68.46|102.0|65.71|102.0
L|65.71|102.0|65.71|100.5
L|65.71|100.5|67.2|100.5
L|67.2|100.5|67.2|97.5
L|67.2|97.5|48.6|97.5
L|48.6|97.5|48.6|100.5
L|48.6|100.5|49.99|100.5
L|49.99|100.5|49.99|102.0
L|49.99|102.0|47.0|102.0
L|47.0|102.0|47.0|96.08
L|47.0|96.08|45.0|95.53
L|45.0|95.53|43.24|95.7
L|43.24|95.7|43.83|93.02
L|43.83|93.02|46.5|94.04
L|46.5|94.04|46.5|89.44
L|46.5|89.44|44.0|90.43
L|44.0|90.43|44.0|88.72
L|44.0|88.72|45.2|87.52
L|45.2|87.52|45.2|78.08
L|45.2|78.08|44.0|76.88
L|44.0|76.88|44.0|74.96
L|44.0|74.96|46.5|76.33
L|46.5|76.33|46.5|71.56
A|46.5|71.56|46.19|71.07|0.3|0|0
L|46.19|71.07|43.85|72.66
L|43.85|72.66|43.24|69.9
L|43.24|69.9|45.0|70.07
L|45.0|70.07|46.5|69.66
L|46.5|69.66|46.5|65.0
L|46.5|65.0|49.79|65.0
L|49.79|65.0|49.79|66.5
L|49.79|66.5|48.1|66.5
L|48.1|66.5|48.1|69.5
L|48.1|69.5|67.2|69.5
L|48.3|71.3|48.3|76.0
A|48.3|76.0|47.0|77.73|1.8|0|1
L|47.0|77.73|47.0|87.87
A|47.0|87.87|48.3|89.6|1.8|0|1
L|48.3|89.6|48.3|95.7
L|48.3|95.7|67.2|95.7
L|67.2|95.7|67.2|71.3
L|67.2|71.3|48.3|71.3
#2245412	2245378	807581	25.80	107.80	46.00	136.00
L|25.8|136.0|25.8|134.1
L|25.8|134.1|27.2|134.1
L|27.2|134.1|25.8|128.88
L|25.8|128.88|25.8|114.9
L|25.8|114.9|29.7|111.0
L|29.7|111.0|29.7|110.0
A|29.7|110.0|29.2|109.5|0.5|0|0
L|29.2|109.5|27.3|109.5
A|27.3|109.5|26.81|108.92|0.5|0|1
A|26.81|108.92|27.8|107.8|1.0|0|1
L|27.8|107.8|30.1|107.8
A|30.1|107.8|31.0|108.7|0.9|0|1
A|31.0|108.7|32.0|109.7|1.0|0|0
L|32.0|109.7|39.6|109.7
A|39.6|109.7|40.5|108.8|0.9|0|0
A|40.5|108.8|42.0|107.93|1.0|0|1
L|42.0|107.93|42.0|111.5
L|42.0|111.5|43.79|111.5
L|43.79|111.5|44.71|111.0
L|44.71|111.0|45.5|111.0
A|45.5|111.0|46.0|111.53|0.5|0|1
L|46.0|111.53|46.0|135.5
A|46.0|135.5|45.5|136.0|0.5|0|1
L|45.5|136.0|25.8|136.0
A|43.05|134.52|44.53|133.03|1.5|0|0
L|44.53|133.03|44.7|114.01
A|44.7|114.01|43.7|113.0|1.0|0|0
L|43.7|113.0|41.5|113.0
A|41.5|113.0|40.5|112.0|1.0|0|1
L|40.5|112.0|40.5|111.0
L|40.5|111.0|31.54|111.0
L|31.54|111.0|27.0|115.55
L|27.0|115.55|27.0|128.72
L|27.0|128.72|28.55|134.52
L|28.55|134.52|43.05|134.52
#2247033	3569283	273538	-0.00	0.00	236.07	300.00
L|37.0|185.0|25.0|185.0
L|25.0|185.0|-0.0|160.0
L|-0.0|160.0|-0.0|15.0
L|-0.0|15.0|15.0|0.0
L|15.0|0.0|236.07|0.0
L|236.07|0.0|236.07|300.0
L|236.07|300.0|203.0|300.0
L|203.0|300.0|158.0|240.0
L|158.0|240.0|129.41|97.06
A|129.41|97.06|114.7|85.0|15.0|0|0
L|114.7|85.0|37.0|85.0
L|37.0|85.0|37.0|185.0
#2247035	3569284	273538	-0.00	0.00	248.39	350.00
L|-0.0|0.0|248.39|0.0
L|248.39|0.0|248.39|300.0
L|248.39|300.0|124.92|300.0
A|124.92|300.0|109.93|284.47|15.0|0|1
L|109.93|284.47|109.43|270.0
L|109.43|270.0|10.0|270.0
L|10.0|270.0|10.0|350.0
L|10.0|350.0|-0.0|350.0
L|-0.0|350.0|-0.0|0.0
#2249281	3569400	273538	0.00	0.00	165.00	1.50
L|165.0|0.0|165.0|1.5
L|165.0|1.5|0.0|1.5
L|0.0|1.5|0.0|0.0
L|0.0|0.0|165.0|0.0
#2249283	3569401	273538	0.00	0.00	165.00	1.50
L|165.0|0.0|165.0|1.5
L|165.0|1.5|0.0|1.5
L|0.0|1.5|0.0|0.0
L|0.0|0.0|165.0|0.0
#2249285	3569402	273538	0.00	0.00	165.00	1.50
L|165.0|0.0|165.0|1.5
L|165.0|1.5|0.0|1.5
L|0.0|1.5|0.0|0.0
L|0.0|0.0|165.0|0.0
#2249287	3569391	273538	0.00	0.00	155.00	136.50
L|18.02|1.5|0.0|1.5
L|0.0|1.5|0.0|0.0
L|0.0|0.0|18.03|0.0
A|18.03|0.0|23.18|3.58|5.5|0|1
L|23.18|3.58|29.03|19.25
L|29.03|19.25|39.17|32.25
L|39.17|32.25|64.36|101.51
L|64.36|101.51|75.86|116.25
L|75.86|116.25|81.76|132.07
A|81.76|132.07|85.97|135.0|4.5|0|0
L|85.97|135.0|124.36|135.0
L|124.36|135.0|129.59|131.73
A|129.59|131.73|135.42|131.73|5.5|0|1
L|135.42|131.73|140.64|135.0
L|140.64|135.0|155.0|135.0
L|155.0|135.0|155.0|136.5
L|155.0|136.5|140.21|136.5
L|140.21|136.5|134.62|133.0
A|134.62|133.0|130.38|133.0|4.0|0|0
L|130.38|133.0|124.79|136.5
L|124.79|136.5|85.97|136.5
A|85.97|136.5|80.35|132.6|6.0|0|1
L|80.35|132.6|74.54|116.99
L|74.54|116.99|63.03|102.24
L|63.03|102.24|37.84|32.99
L|37.84|32.99|27.7|19.99
L|27.7|19.99|21.78|4.1
A|21.78|4.1|18.02|1.5|4.0|0|0
#2249288	3569393	273538	0.00	0.20	140.00	154.70
L|22.2|4.75|28.75|32.63
L|28.75|32.63|38.05|43.58
L|38.05|43.58|62.36|105.57
L|62.36|105.57|72.51|116.61
L|72.51|116.61|80.36|149.96
A|80.36|149.96|84.47|153.2|4.2|0|0
L|84.47|153.2|129.25|153.2
L|129.25|153.2|136.62|148.29
A|136.62|148.29|140.0|147.21|5.8|0|1
L|140.0|147.21|140.0|148.71
A|140.0|148.71|137.48|149.52|4.3|0|0
L|137.48|149.52|129.7|154.7
L|129.7|154.7|84.47|154.7
A|84.47|154.7|78.9|150.31|5.7|0|1
L|78.9|150.31|71.14|117.34
L|71.14|117.34|61.07|106.38
L|61.07|106.38|36.74|44.36
L|36.74|44.36|27.38|33.32
L|27.38|33.32|20.73|5.08
A|20.73|5.08|16.53|1.7|4.3|0|0
L|16.53|1.7|0.0|1.7
L|0.0|1.7|0.0|0.2
L|0.0|0.2|16.53|0.2
A|16.53|0.2|22.2|4.75|5.8|0|1
#2249290	3569397	273538	-0.00	0.00	125.00	107.50
L|16.33|1.5|-0.0|1.5
L|-0.0|1.5|-0.0|0.0
L|-0.0|0.0|16.33|0.0
A|16.33|0.0|21.77|4.02|5.7|0|1
L|21.77|4.02|27.75|23.45
A|27.75|23.45|28.66|25.05|4.3|0|0
L|28.66|25.05|35.32|32.48
A|35.32|32.48|36.52|34.61|5.7|0|1
L|36.52|34.61|57.56|102.95
A|57.56|102.95|61.67|105.99|4.3|0|0
L|61.67|106.0|95.46|106.0
A|95.46|106.0|97.85|105.28|4.3|0|0
L|97.85|105.28|105.83|99.96
A|105.83|99.96|109.36|99.02|5.7|0|1
L|109.36|99.02|125.0|99.02
L|125.0|99.02|125.0|100.52
L|125.0|100.52|109.31|100.52
A|109.31|100.52|106.66|101.21|4.2|0|0
L|106.66|101.21|98.68|106.53
A|98.68|106.53|95.46|107.5|5.8|0|1
L|95.46|107.5|61.67|107.5
A|61.67|107.49|56.12|103.39|5.8|0|1
L|56.12|103.39|35.09|35.05
A|35.09|35.05|34.2|33.49|4.2|0|0
L|34.2|33.49|27.54|26.06
A|27.54|26.06|26.32|23.89|5.8|0|1
L|26.32|23.89|20.34|4.46
A|20.34|4.46|16.33|1.5|4.2|0|0
#2254235	2254162	273538	-114.00	-70.00	0.00	0.00
L|0.0|-50.0|0.0|0.0
L|0.0|0.0|-114.0|0.0
L|-114.0|0.0|-114.0|-27.84
L|-114.0|-27.84|-111.93|-28.39
L|-111.93|-28.39|-114.0|-36.12
L|-114.0|-36.12|-114.0|-47.1
A|-114.0|-47.1|-111.26|-50.09|3.0|0|1
L|-111.26|-50.09|-78.0|-53.0
L|-78.0|-53.0|-61.0|-70.0
L|-61.0|-70.0|-51.0|-70.0
L|-51.0|-70.0|-51.0|-48.0
L|-51.0|-48.0|-41.0|-48.0
L|-41.0|-48.0|-41.0|-53.0
L|-41.0|-53.0|-3.0|-53.0
A|-3.0|-53.0|0.0|-50.0|3.0|0|1
#2258211	2256249	273538	-63.40	-4.43	38.80	50.40
L|3.99|50.4|-2.04|49.34
L|-2.04|49.34|-4.73|48.36
A|-4.73|48.36|-9.77|50.01|3.8|0|1
A|-9.77|50.01|-10.92|50.4|1.9|0|1
L|-10.92|50.4|-63.4|50.4
L|-63.4|50.4|-63.4|48.7
L|-63.4|48.7|-61.16|48.7
A|-61.16|48.7|-60.66|48.2|0.5|0|0
L|-60.66|48.2|-60.66|46.6
A|-60.66|46.6|-60.16|46.1|0.5|0|1
L|-60.16|46.1|-57.7|46.1
A|-57.7|46.1|-57.2|46.6|0.5|0|1
L|-57.2|46.6|-57.2|48.2
A|-57.2|48.2|-56.7|48.7|0.5|0|0
L|-56.7|48.7|-10.51|48.7
A|-10.51|48.7|-11.19|45.77|3.2|0|1
L|-11.19|45.77|-9.55|46.21
A|-9.55|46.21|-8.47|45.15|1.5|1|0
L|-8.47|45.15|-8.94|43.41
L|-8.94|43.41|-7.6|43.41
L|-7.6|43.41|-7.6|38.9
L|-7.6|38.9|-5.9|38.9
L|-5.9|38.9|-5.9|44.28
A|-5.9|44.28|-4.9|46.49|3.2|0|1
L|-4.9|46.49|-1.62|47.68
L|-1.62|47.68|4.09|48.69
L|4.09|48.69|37.1|48.69
L|37.1|48.69|37.1|7.27
A|37.1|7.27|36.34|6.85|0.5|0|0
A|36.34|6.85|34.68|7.3|3.2|0|1
A|34.68|7.3|33.99|8.6|1.13|0|0
A|33.99|8.6|29.79|14.37|3.75|0|1
A|29.79|14.37|30.17|12.7|0.86|0|1
A|30.17|12.7|29.89|9.04|2.05|1|0
A|29.89|9.04|29.15|7.51|0.86|1|1
A|29.15|7.51|31.85|7.16|3.75|0|1
A|31.85|7.16|32.7|6.74|0.53|0|0
L|32.7|6.74|32.7|5.54
A|32.7|5.54|33.63|5.15|0.55|0|1
A|33.63|5.15|33.63|3.05|1.5|1|0
A|33.63|3.05|32.7|2.66|0.55|0|1
L|32.7|2.66|32.7|1.6
A|32.7|1.6|36.34|1.35|3.2|0|1
A|36.34|1.35|37.1|0.92|0.5|0|0
L|37.1|0.92|37.1|-0.39
L|37.1|-0.39|36.63|-1.2
A|36.63|-1.2|36.63|-2.2|1.0|0|1
L|36.63|-2.2|37.92|-4.43
A|37.92|-4.43|38.8|-4.43|0.48|0|1
L|38.8|-4.43|38.8|50.4
L|38.8|50.4|3.99|50.4
#2258215	2256251	273538	-144.00	34.58	-53.71	50.37
L|-128.49|46.97|-128.49|39.17
L|-128.49|39.17|-123.6|39.17
L|-123.6|39.17|-123.6|48.67
L|-123.6|48.67|-115.4|48.67
L|-115.4|48.67|-115.4|37.37
L|-115.4|37.37|-112.9|37.37
L|-112.9|37.37|-112.9|46.72
L|-112.9|46.72|-104.2|46.72
L|-104.2|46.72|-104.2|43.87
L|-104.2|43.87|-95.07|43.87
L|-95.07|43.87|-95.07|46.72
L|-95.07|46.72|-84.2|46.72
L|-84.2|46.72|-84.2|43.87
L|-84.2|43.87|-75.07|43.87
L|-75.07|43.87|-75.07|46.72
L|-75.07|46.72|-64.2|46.72
L|-64.2|46.72|-64.2|43.87
L|-64.2|43.87|-53.71|43.87
L|-53.71|43.87|-53.71|45.29
L|-53.71|45.29|-57.07|48.8
L|-57.07|48.8|-57.07|45.92
L|-57.07|45.92|-62.2|45.92
L|-62.2|45.92|-62.2|48.67
L|-62.2|48.67|-77.07|48.67
L|-77.07|48.67|-77.07|45.82
L|-77.07|45.82|-82.2|45.82
L|-82.2|45.82|-82.2|48.67
L|-82.2|48.67|-97.07|48.67
L|-97.07|48.67|-97.07|45.82
L|-97.07|45.82|-102.2|45.82
L|-102.2|45.82|-102.2|48.67
L|-102.2|48.67|-112.9|48.67
L|-112.9|48.67|-112.9|50.37
L|-112.9|50.37|-125.3|50.37
L|-125.3|50.37|-125.3|40.87
L|-125.3|40.87|-126.79|40.87
L|-126.79|40.87|-126.79|48.67
L|-126.79|48.67|-144.0|48.67
L|-144.0|48.67|-144.0|34.58
A|-144.0|34.58|-142.3|34.58|0.85|0|1
L|-142.3|34.58|-142.3|46.97
L|-142.3|46.97|-128.49|46.97
#2258216	2256250	273538	-63.40	-4.43	38.80	50.40
L|3.99|50.4|-2.04|49.34
L|-2.04|49.34|-4.73|48.36
A|-4.73|48.36|-9.77|50.01|3.8|0|1
A|-9.77|50.01|-10.92|50.4|1.9|0|1
L|-10.92|50.4|-63.4|50.4
L|-63.4|50.4|-63.4|48.7
L|-63.4|48.7|-61.16|48.7
A|-61.16|48.7|-60.66|48.2|0.5|0|0
L|-60.66|48.2|-60.66|46.6
A|-60.66|46.6|-60.16|46.1|0.5|0|1
L|-60.16|46.1|-57.7|46.1
A|-57.7|46.1|-57.2|46.6|0.5|0|1
L|-57.2|46.6|-57.2|48.2
A|-57.2|48.2|-56.7|48.7|0.5|0|0
L|-56.7|48.7|-10.51|48.7
A|-10.51|48.7|-11.19|45.77|3.2|0|1
L|-11.19|45.77|-9.55|46.21
A|-9.55|46.21|-8.47|45.15|1.5|1|0
L|-8.47|45.15|-8.94|43.41
L|-8.94|43.41|-7.6|43.41
L|-7.6|43.41|-7.6|38.9
L|-7.6|38.9|-5.9|38.9
L|-5.9|38.9|-5.9|44.28
A|-5.9|44.28|-4.9|46.49|3.2|0|1
L|-4.9|46.49|-1.62|47.68
L|-1.62|47.68|4.09|48.69
L|4.09|48.69|37.1|48.69
L|37.1|48.69|37.1|7.27
A|37.1|7.27|36.34|6.85|0.5|0|0
A|36.34|6.85|34.68|7.3|3.2|0|1
A|34.68|7.3|33.99|8.6|1.13|0|0
A|33.99|8.6|29.79|14.37|3.75|0|1
A|29.79|14.37|30.17|12.7|0.86|0|1
A|30.17|12.7|29.89|9.04|2.05|1|0
A|29.89|9.04|29.15|7.51|0.86|1|1
A|29.15|7.51|31.85|7.16|3.75|0|1
A|31.85|7.16|32.7|6.74|0.53|0|0
L|32.7|6.74|32.7|5.54
A|32.7|5.54|33.63|5.15|0.55|0|1
A|33.63|5.15|33.63|3.05|1.5|1|0
A|33.63|3.05|32.7|2.66|0.55|0|1
L|32.7|2.66|32.7|1.6
A|32.7|1.6|36.34|1.35|3.2|0|1
A|36.34|1.35|37.1|0.92|0.5|0|0
L|37.1|0.92|37.1|-0.39
L|37.1|-0.39|36.63|-1.2
A|36.63|-1.2|36.63|-2.2|1.0|0|1
L|36.63|-2.2|37.92|-4.43
A|37.92|-4.43|38.8|-4.43|0.48|0|1
L|38.8|-4.43|38.8|50.4
L|38.8|50.4|3.99|50.4
#2258217	2256255	273538	-24.88	85.00	-12.87	90.30
L|-12.87|85.0|-12.87|90.3
L|-12.87|90.3|-24.88|90.3
L|-24.88|90.3|-24.88|85.0
L|-24.88|85.0|-12.87|85.0
#2268842	2268460	273538	-68.50	100.00	-18.10	120.00
A|-46.16|117.67|-46.22|113.8|3.0|0|1
L|-46.22|113.8|-45.14|113.8
L|-45.14|113.8|-45.14|114.86
A|-45.14|114.86|-42.69|114.82|1.5|1|0
L|-42.69|114.82|-42.69|113.8
L|-42.69|113.8|-41.73|113.8
A|-41.73|113.8|-38.13|113.73|2.5|0|1
L|-38.13|113.73|-37.5|114.36
A|-37.5|114.36|-38.29|115.7|0.8|0|1
L|-38.29|115.7|-39.19|114.79
A|-39.19|114.79|-40.9|115.55|1.0|0|0
A|-40.9|115.55|-41.64|117.67|3.0|0|1
A|-41.64|117.67|-41.26|118.5|0.5|0|0
L|-41.26|118.5|-28.1|118.5
L|-28.1|118.5|-28.1|115.0
L|-28.1|115.0|-18.1|115.0
L|-18.1|115.0|-18.1|116.0
L|-18.1|116.0|-25.1|116.0
L|-25.1|116.0|-25.1|118.5
L|-25.1|118.5|-18.1|118.5
L|-18.1|118.5|-18.1|120.0
L|-18.1|120.0|-68.5|120.0
L|-68.5|120.0|-68.5|100.0
L|-68.5|100.0|-67.5|100.0
L|-67.5|100.0|-67.0|103.0
L|-67.0|103.0|-67.0|104.5
L|-67.0|104.5|-65.5|104.5
L|-65.5|104.5|-65.5|103.0
L|-65.5|103.0|-65.2|100.0
L|-65.2|100.0|-64.3|100.0
L|-64.3|100.0|-64.3|104.49
L|-64.3|104.49|-63.06|104.49
L|-63.06|104.49|-63.06|105.53
A|-63.06|105.53|-60.57|105.57|1.5|1|0
L|-60.57|105.57|-60.57|104.49
L|-60.57|104.49|-59.5|104.49
A|-59.5|104.49|-64.8|106.0|3.0|1|1
L|-64.8|106.0|-67.0|106.0
L|-67.0|106.0|-67.0|118.5
L|-67.0|118.5|-46.54|118.5
A|-46.54|118.5|-46.16|117.67|0.5|0|0
#2304435	2690180	273538	-23.50	-3.00	-11.50	1.00
L|-11.5|-3.0|-11.5|1.0
L|-11.5|1.0|-23.5|1.0
L|-23.5|1.0|-23.5|-3.0
L|-23.5|-3.0|-11.5|-3.0
#2306156	2690183	273538	-36.00	-3.00	-24.00	1.00
L|-24.0|-3.0|-24.0|1.0
L|-24.0|1.0|-36.0|1.0
L|-36.0|1.0|-36.0|-3.0
L|-36.0|-3.0|-24.0|-3.0
#2306692	1429362	807588	0.00	-139.00	67.00	0.00
A|64.0|-139.0|67.0|-136.0|3.0|0|1
L|67.0|-136.0|67.0|-67.0
L|67.0|-67.0|50.0|-67.0
L|50.0|-67.0|50.0|-3.0
A|50.0|-3.0|47.0|0.0|3.0|0|1
L|47.0|0.0|3.0|0.0
A|3.0|0.0|0.0|-3.0|3.0|0|1
L|0.0|-3.0|0.0|-6.0
L|0.0|-6.0|5.0|-8.0
L|5.0|-8.0|5.0|-32.0
L|5.0|-32.0|10.0|-32.0
L|10.0|-32.0|10.0|-107.0
L|10.0|-107.0|5.0|-107.0
L|5.0|-107.0|5.0|-131.0
L|5.0|-131.0|0.0|-133.0
L|0.0|-133.0|0.0|-136.0
A|0.0|-136.0|3.0|-139.0|3.0|0|1
L|3.0|-139.0|64.0|-139.0
#2325535	3845625	273538	-67.50	-10.00	67.50	10.00
A|67.5|6.0|63.5|10.0|4.0|0|1
L|63.5|10.0|-63.5|10.0
A|-63.5|10.0|-67.5|6.0|4.0|0|1
L|-67.5|6.0|-67.5|-10.0
L|-67.5|-10.0|67.5|-10.0
L|67.5|-10.0|67.5|6.0
#2342958	808171	807588	-953.26	-1038.46	-681.71	-998.46
L|-682.71|-998.46|-952.26|-998.46
L|-952.26|-998.46|-953.26|-999.46
L|-953.26|-999.46|-953.26|-1037.46
L|-953.26|-1037.46|-952.26|-1038.46
L|-952.26|-1038.46|-682.71|-1038.46
L|-682.71|-1038.46|-681.71|-1037.46
L|-681.71|-1037.46|-681.71|-999.46
L|-681.71|-999.46|-682.71|-998.46
#2356590	2341104	807588	-945.26	998.46	-692.26	1038.46
L|-693.26|998.46|-692.26|999.46
L|-692.26|999.46|-692.26|1037.46
L|-692.26|1037.46|-693.26|1038.46
L|-693.26|1038.46|-944.26|1038.46
L|-944.26|1038.46|-945.26|1037.46
L|-945.26|1037.46|-945.26|999.46
L|-945.26|999.46|-944.26|998.46
L|-944.26|998.46|-693.26|998.46
#2356847	2341117	807588	-921.26	-1036.51	-582.95	-996.51
L|-583.95|-996.51|-920.26|-996.51
L|-920.26|-996.51|-921.26|-997.51
L|-921.26|-997.51|-921.26|-1035.51
L|-921.26|-1035.51|-920.26|-1036.51
L|-920.26|-1036.51|-583.95|-1036.51
L|-583.95|-1036.51|-582.95|-1035.51
L|-582.95|-1035.51|-582.95|-997.51
L|-582.95|-997.51|-583.95|-996.51
#2356957	2358999	807588	-921.26	-1036.51	-574.95	-996.51
L|-575.95|-996.51|-920.26|-996.51
L|-920.26|-996.51|-921.26|-997.51
L|-921.26|-997.51|-921.26|-1035.51
L|-921.26|-1035.51|-920.26|-1036.51
L|-920.26|-1036.51|-575.95|-1036.51
L|-575.95|-1036.51|-574.95|-1035.51
L|-574.95|-1035.51|-574.95|-997.51
L|-574.95|-997.51|-575.95|-996.51
#2360809	2360704	807588	0.00	-100.00	155.12	100.00
L|138.45|-100.0|145.82|-92.63
L|145.82|-92.63|155.12|93.33
L|155.12|93.33|148.45|100.0
L|148.45|100.0|0.0|100.0
L|0.0|100.0|0.0|-100.0
L|0.0|-100.0|138.45|-100.0
#2374249	2374251	273538	-51.50	-20.00	51.50	0.00
L|-51.5|-1.5|-51.5|-20.0
L|-51.5|-20.0|-50.0|-20.0
L|-50.0|-20.0|-50.0|-1.5
L|-50.0|-1.5|50.0|-1.5
L|50.0|-1.5|50.0|-20.0
L|50.0|-20.0|51.5|-20.0
L|51.5|-20.0|51.5|-1.5
A|51.5|-1.5|50.0|0.0|1.5|0|1
L|50.0|0.0|-50.0|0.0
A|-50.0|-0.0|-51.5|-1.5|1.5|0|1
#2382404	2382518	807588	0.00	-114.00	67.00	-0.00
A|64.0|-114.0|67.0|-111.0|3.0|0|1
L|67.0|-111.0|67.0|-51.0
L|67.0|-51.0|42.0|-51.0
L|42.0|-51.0|42.0|-3.0
A|42.0|-3.0|39.0|-0.0|3.0|0|1
L|39.0|0.0|17.03|0.0
A|17.03|-0.0|12.0|-5.03|5.03|0|1
L|12.0|-5.03|12.0|-19.55
L|12.0|-19.55|16.0|-19.55
L|16.0|-19.55|16.0|-82.0
L|16.0|-82.0|12.0|-82.0
L|12.0|-82.0|12.0|-102.0
L|12.0|-102.0|0.0|-102.0
L|0.0|-102.0|0.0|-111.0
A|0.0|-111.0|3.0|-114.0|3.0|0|1
L|3.0|-114.0|64.0|-114.0
#2386377	1424427	807588	-921.26	-1050.51	-566.50	-996.51
L|-567.5|-996.51|-920.26|-996.51
L|-920.26|-996.51|-921.26|-997.51
L|-921.26|-997.51|-921.26|-1049.51
L|-921.26|-1049.51|-920.26|-1050.51
L|-920.26|-1050.51|-567.5|-1050.51
L|-567.5|-1050.51|-566.5|-1049.51
L|-566.5|-1049.51|-566.5|-997.51
L|-566.5|-997.51|-567.5|-996.51
#2387217	3833615	273538	0.00	-60.00	50.00	60.00
L|0.0|58.0|0.0|50.0
L|0.0|50.0|1.5|50.0
L|1.5|50.0|1.5|58.5
L|1.5|58.5|48.5|58.5
L|48.5|58.5|48.5|-10.5
L|48.5|-10.5|35.5|-10.5
A|35.5|-10.5|33.5|-12.5|2.0|0|1
L|33.5|-12.5|33.5|-58.5
L|33.5|-58.5|1.5|-58.5
L|1.5|-58.5|1.5|-50.0
L|1.5|-50.0|0.0|-50.0
L|0.0|-50.0|0.0|-58.0
A|0.0|-58.0|2.0|-60.0|2.0|0|1
L|2.0|-60.0|33.0|-60.0
A|33.0|-60.0|35.0|-58.0|2.0|0|1
L|35.0|-58.0|35.0|-12.0
L|35.0|-12.0|48.0|-12.0
A|48.0|-12.0|50.0|-10.0|2.0|0|1
L|50.0|-10.0|50.0|58.0
A|50.0|58.0|48.0|60.0|2.0|0|1
L|48.0|60.0|2.0|60.0
A|2.0|60.0|0.0|58.0|2.0|0|1
#2387827	3845633	273538	0.00	-72.50	50.00	72.50
L|0.0|70.5|0.0|62.5
L|0.0|62.5|1.5|62.5
L|1.5|62.5|1.5|71.0
L|1.5|71.0|48.5|71.0
L|48.5|71.0|48.5|-23.0
L|48.5|-23.0|30.5|-23.0
A|30.5|-23.0|28.5|-25.0|2.0|0|1
L|28.5|-25.0|28.5|-71.0
L|28.5|-71.0|1.5|-71.0
L|1.5|-71.0|1.5|-62.5
L|1.5|-62.5|0.0|-62.5
L|0.0|-62.5|0.0|-70.5
A|0.0|-70.5|2.0|-72.5|2.0|0|1
L|2.0|-72.5|28.0|-72.5
A|28.0|-72.5|30.0|-70.5|2.0|0|1
L|30.0|-70.5|30.0|-24.5
L|30.0|-24.5|48.0|-24.5
A|48.0|-24.5|50.0|-22.5|2.0|0|1
L|50.0|-22.5|50.0|70.5
A|50.0|70.5|48.0|72.5|2.0|0|1
L|48.0|72.5|2.0|72.5
A|2.0|72.5|0.0|70.5|2.0|0|1
#2389111	3833618	273538	0.00	-72.50	50.00	72.50
L|0.0|70.5|0.0|62.5
L|0.0|62.5|1.5|62.5
L|1.5|62.5|1.5|71.0
L|1.5|71.0|48.5|71.0
L|48.5|71.0|48.5|-23.0
L|48.5|-23.0|45.79|-23.0
L|45.79|-23.0|46.72|-17.71
A|46.72|-17.71|42.77|-13.0|4.01|0|1
L|42.77|-13.0|37.5|-13.0
A|37.5|-13.0|33.5|-17.0|4.0|0|1
L|33.5|-17.0|33.5|-71.0
L|33.5|-71.0|1.5|-71.0
L|1.5|-71.0|1.5|-62.5
L|1.5|-62.5|0.0|-62.5
L|0.0|-62.5|0.0|-70.5
A|0.0|-70.5|2.0|-72.5|2.0|0|1
L|2.0|-72.5|33.0|-72.5
A|33.0|-72.5|35.0|-70.5|2.0|0|1
L|35.0|-70.5|35.0|-17.03
A|35.0|-17.03|37.53|-14.5|2.53|0|0
L|37.53|-14.5|42.79|-14.5
A|42.79|-14.5|45.25|-17.43|2.5|0|0
L|45.25|-17.43|44.41|-22.15
A|44.41|-22.15|46.38|-24.5|2.0|0|1
L|46.38|-24.5|48.0|-24.5
A|48.0|-24.5|50.0|-22.5|2.0|0|1
L|50.0|-22.5|50.0|70.5
A|50.0|70.5|48.0|72.5|2.0|0|1
L|48.0|72.5|2.0|72.5
A|2.0|72.5|0.0|70.5|2.0|0|1
#2390922	3833617	273538	0.00	-60.00	60.00	60.00
L|0.0|58.0|0.0|50.0
L|0.0|50.0|1.5|50.0
L|1.5|50.0|1.5|58.5
L|1.5|58.5|58.5|58.5
L|58.5|58.5|58.5|-7.5
L|58.5|-7.5|45.79|-7.5
L|45.79|-7.5|46.72|-2.21
A|46.72|-2.21|42.77|2.5|4.01|0|1
L|42.77|2.5|37.5|2.5
A|37.5|2.5|33.5|-1.5|4.0|0|1
L|33.5|-1.5|33.5|-58.5
L|33.5|-58.5|1.5|-58.5
L|1.5|-58.5|1.5|-50.0
L|1.5|-50.0|0.0|-50.0
L|0.0|-50.0|0.0|-58.0
A|0.0|-58.0|2.0|-60.0|2.0|0|1
L|2.0|-60.0|33.0|-60.0
A|33.0|-60.0|35.0|-58.0|2.0|0|1
L|35.0|-58.0|35.0|-1.53
A|35.0|-1.53|37.53|1.0|2.53|0|0
L|37.53|1.0|42.79|1.0
A|42.79|1.0|45.25|-1.93|2.5|0|0
L|45.25|-1.93|44.41|-6.65
A|44.41|-6.65|46.38|-9.0|2.0|0|1
L|46.38|-9.0|58.0|-9.0
A|58.0|-9.0|60.0|-7.0|2.0|0|1
L|60.0|-7.0|60.0|58.0
A|60.0|58.0|58.0|60.0|2.0|0|1
L|58.0|60.0|2.0|60.0
A|2.0|60.0|0.0|58.0|2.0|0|1
#2391860	3833619	273538	46.00	-65.50	65.00	65.50
L|61.0|63.5|61.0|55.05
L|61.0|55.05|62.5|55.05
L|62.5|55.05|62.5|64.0
L|62.5|64.0|63.5|64.0
L|63.5|64.0|63.5|-16.0
L|63.5|-16.0|60.79|-16.0
L|60.79|-16.0|61.72|-10.71
A|61.72|-10.71|57.77|-6.0|4.01|0|1
L|57.77|-6.0|52.5|-6.0
A|52.5|-6.0|48.5|-10.0|4.0|0|1
L|48.5|-10.0|48.5|-64.0
L|48.5|-64.0|47.5|-64.0
L|47.5|-64.0|47.5|-55.5
L|47.5|-55.5|46.0|-55.5
L|46.0|-55.5|46.0|-63.5
A|46.0|-63.5|48.0|-65.5|2.0|0|1
A|48.0|-65.5|50.0|-63.5|2.0|0|1
L|50.0|-63.5|50.0|-10.03
A|50.0|-10.03|52.53|-7.5|2.53|0|0
L|52.53|-7.5|57.79|-7.5
A|57.79|-7.5|60.25|-10.43|2.5|0|0
L|60.25|-10.43|59.41|-15.15
A|59.41|-15.15|61.38|-17.5|2.0|0|1
L|61.38|-17.5|63.0|-17.5
A|63.0|-17.5|65.0|-15.5|2.0|0|1
L|65.0|-15.5|65.0|63.5
A|65.0|63.5|63.0|65.5|2.0|0|1
A|63.0|65.5|61.0|63.5|2.0|0|1
#2401523	3845631	273538	0.00	-72.50	60.00	72.50
L|0.0|70.5|0.0|62.5
L|0.0|62.5|1.5|62.5
L|1.5|62.5|1.5|71.0
L|1.5|71.0|58.5|71.0
L|58.5|71.0|58.5|-23.0
L|58.5|-23.0|45.79|-23.0
L|45.79|-23.0|46.72|-17.71
A|46.72|-17.71|42.77|-13.0|4.01|0|1
L|42.77|-13.0|37.5|-13.0
A|37.5|-13.0|33.5|-17.0|4.0|0|1
L|33.5|-17.0|33.5|-71.0
L|33.5|-71.0|1.5|-71.0
L|1.5|-71.0|1.5|-62.5
L|1.5|-62.5|0.0|-62.5
L|0.0|-62.5|0.0|-70.5
A|0.0|-70.5|2.0|-72.5|2.0|0|1
L|2.0|-72.5|33.0|-72.5
A|33.0|-72.5|35.0|-70.5|2.0|0|1
L|35.0|-70.5|35.0|-17.03
A|35.0|-17.03|37.53|-14.5|2.53|0|0
L|37.53|-14.5|42.79|-14.5
A|42.79|-14.5|45.25|-17.43|2.5|0|0
L|45.25|-17.43|44.41|-22.15
A|44.41|-22.15|46.38|-24.5|2.0|0|1
L|46.38|-24.5|58.0|-24.5
A|58.0|-24.5|60.0|-22.5|2.0|0|1
L|60.0|-22.5|60.0|70.5
A|60.0|70.5|58.0|72.5|2.0|0|1
L|58.0|72.5|2.0|72.5
A|2.0|72.5|0.0|70.5|2.0|0|1
#2406146	3845628	273538	-0.00	0.00	20.00	20.00
A|-0.0|1.5|1.5|0.0|1.5|0|1
L|1.5|0.0|2.63|0.0
A|2.63|0.0|4.62|2.24|2.0|0|1
L|4.62|2.24|4.28|5.0
L|4.28|5.0|3.04|4.85
L|3.04|4.85|3.38|2.09
A|3.38|2.09|2.63|1.25|0.75|0|0
L|2.63|1.25|1.25|1.25
L|1.25|1.25|1.25|18.75
L|1.25|18.75|18.75|18.75
L|18.75|18.75|18.75|1.96
L|18.75|1.96|15.52|1.25
L|15.52|1.25|14.24|1.25
L|14.24|1.25|12.46|3.1
L|12.46|3.1|11.56|2.23
L|11.56|2.23|13.71|0.0
L|13.71|0.0|15.0|0.0
L|15.0|0.0|18.82|0.84
A|18.82|0.84|20.0|2.3|1.5|0|1
L|20.0|2.3|20.0|18.5
A|20.0|18.5|18.5|20.0|1.5|0|1
L|18.5|20.0|1.5|20.0
A|1.5|20.0|-0.0|18.5|1.5|0|1
L|-0.0|18.5|0.0|1.5
#2415204	2418898	807588	-10.00	0.00	10.00	30.00
L|-10.0|0.0|10.0|0.0
L|10.0|0.0|10.0|30.0
L|10.0|30.0|8.0|30.0
L|8.0|30.0|8.0|2.0
L|8.0|2.0|-8.0|2.0
L|-8.0|2.0|-8.0|30.0
L|-8.0|30.0|-10.0|30.0
L|-10.0|30.0|-10.0|0.0
#2419604	3569474	273538	0.00	-70.00	100.00	0.00
L|0.0|0.0|0.0|-70.0
L|0.0|-70.0|100.0|-70.0
L|100.0|-70.0|100.0|0.0
L|100.0|0.0|0.0|0.0
#2422363	3569404	273538	-75.00	-10.00	75.00	0.00
L|75.0|-10.0|75.0|0.0
L|75.0|0.0|-75.0|0.0
L|-75.0|0.0|-75.0|-10.0
L|-75.0|-10.0|75.0|-10.0
#2427490	2427582	273538	0.00	0.00	170.00	10.00
L|170.0|0.0|170.0|10.0
L|170.0|10.0|0.0|10.0
L|0.0|10.0|0.0|0.0
L|0.0|0.0|170.0|0.0
#2431625	2431569	807588	-10.00	0.00	10.00	15.00
L|-10.0|0.0|10.0|0.0
L|10.0|0.0|10.0|15.0
L|10.0|15.0|8.0|15.0
L|8.0|15.0|8.0|2.0
L|8.0|2.0|-8.0|2.0
L|-8.0|2.0|-8.0|15.0
L|-8.0|15.0|-10.0|15.0
L|-10.0|15.0|-10.0|0.0
#2436226	3878131	273538	3.00	0.00	102.00	9.70
L|102.0|0.0|102.0|9.7
L|102.0|9.7|3.0|9.7
L|3.0|9.7|3.0|0.0
L|3.0|0.0|102.0|0.0
#2436238	3848672	273538	-712.62	0.00	-692.62	5.00
L|-692.62|0.0|-692.62|5.0
L|-692.62|5.0|-712.62|5.0
L|-712.62|5.0|-712.62|0.0
L|-712.62|0.0|-692.62|0.0
#2436240	3857654	273538	0.00	-60.00	60.00	60.00
L|60.0|-60.0|60.0|60.0
L|60.0|60.0|0.0|60.0
L|0.0|60.0|0.0|-60.0
L|0.0|-60.0|60.0|-60.0
#2436244	3848674	273538	-712.62	0.00	-672.62	5.00
L|-672.62|0.0|-672.62|5.0
L|-672.62|5.0|-712.62|5.0
L|-712.62|5.0|-712.62|0.0
L|-712.62|0.0|-672.62|0.0
#2443395	3848673	273538	-712.62	0.00	-682.62	5.00
L|-682.62|0.0|-682.62|5.0
L|-682.62|5.0|-712.62|5.0
L|-712.62|5.0|-712.62|0.0
L|-712.62|0.0|-682.62|0.0
#2454241	3844688	273538	-708.39	-0.00	-683.39	5.00
A|-683.39|-0.0|-683.39|5.0|2.5|0|1
L|-683.39|5.0|-708.39|5.0
A|-708.39|5.0|-708.39|0.0|2.5|0|1
L|-708.39|0.0|-683.39|0.0
#3126464	5068115	3418663	-100.00	0.00	478.00	289.69
L|478.0|0.0|478.0|289.69
L|478.0|289.69|-100.0|289.69
L|-100.0|289.69|-100.0|0.0
L|-100.0|0.0|478.0|0.0
#3126480	4237601	273538	0.00	-28.00	45.00	0.00
L|45.0|0.0|0.0|0.0
L|0.0|0.0|0.0|-28.0
L|0.0|-28.0|45.0|-28.0
L|45.0|-28.0|45.0|0.0
#3138835	3229899	3211781	0.28	0.80	359.41	121.80
L|359.41|121.8|0.28|121.8
L|0.28|121.8|0.28|0.8
L|0.28|0.8|359.41|0.8
L|359.41|0.8|359.41|121.8
#3138879	4236667	273538	0.00	-38.00	121.00	0.00
L|121.0|0.0|0.0|0.0
L|0.0|0.0|0.0|-38.0
L|0.0|-38.0|121.0|-38.0
L|121.0|-38.0|121.0|0.0
#3138897	4237557	273538	0.00	-18.00	45.00	0.00
L|45.0|0.0|0.0|0.0
L|0.0|0.0|0.0|-18.0
L|0.0|-18.0|45.0|-18.0
L|45.0|-18.0|45.0|0.0
#3138943	4236724	273538	0.00	-38.00	73.00	0.00
L|73.0|0.0|0.0|0.0
L|0.0|0.0|0.0|-38.0
L|0.0|-38.0|73.0|-38.0
L|73.0|-38.0|73.0|0.0
#3138953	4237599	273538	0.00	-28.00	245.00	0.00
L|245.0|0.0|0.0|0.0
L|0.0|0.0|0.0|-28.0
L|0.0|-28.0|245.0|-28.0
L|245.0|-28.0|245.0|0.0
#3186683	3875021	273538	-0.00	-300.00	84.00	-300.00
A|-0.0|-300.0|84.0|-300.0|90.3|0|1
A|84.0|-300.0|-0.0|-300.0|90.3|0|1
#3186693	4236611	273538	0.00	-38.00	184.00	0.00
L|184.0|0.0|0.0|0.0
L|0.0|0.0|0.0|-38.0
L|0.0|-38.0|184.0|-38.0
L|184.0|-38.0|184.0|0.0
#3186712	1493237	273538	-24.00	12.01	0.00	33.01
L|0.0|16.61|-8.0|33.01
L|-8.0|33.01|-16.0|33.01
L|-16.0|33.01|-24.0|16.61
L|-24.0|16.61|-16.0|12.01
L|-16.0|12.01|-8.0|12.01
L|-8.0|12.01|0.0|16.61
#3186723	3859115	273538	-12.00	0.00	12.00	0.00
A|-12.0|0.0|12.0|-0.0|12.0|0|1
A|12.0|0.0|-12.0|0.0|12.0|0|1
#3186759	4236671	273538	0.00	-38.00	89.00	0.00
L|89.0|0.0|0.0|0.0
L|0.0|0.0|0.0|-38.0
L|0.0|-38.0|89.0|-38.0
L|89.0|-38.0|89.0|0.0
#3186763	3865617	273538	50.00	-6.00	70.00	6.00
L|70.0|6.0|50.0|6.0
L|50.0|6.0|50.0|-6.0
L|50.0|-6.0|70.0|-6.0
L|70.0|-6.0|70.0|6.0
#3186765	4236614	273538	0.00	-38.00	140.00	0.00
L|140.0|0.0|0.0|0.0
L|0.0|0.0|0.0|-38.0
L|0.0|-38.0|140.0|-38.0
L|140.0|-38.0|140.0|0.0
#3186792	4235955	273538	0.00	-71.00	196.00	0.00
L|196.0|0.0|0.0|0.0
L|0.0|0.0|0.0|-71.0
L|0.0|-71.0|196.0|-71.0
L|196.0|-71.0|196.0|0.0
#3186834	4235972	273538	0.00	-44.00	171.00	0.00
L|171.0|0.0|0.0|0.0
L|0.0|0.0|0.0|-44.0
L|0.0|-44.0|171.0|-44.0
L|171.0|-44.0|171.0|0.0
#3186835	4235978	273538	0.00	-44.00	71.00	0.00
L|71.0|0.0|0.0|0.0
L|0.0|0.0|0.0|-44.0
L|0.0|-44.0|71.0|-44.0
L|71.0|-44.0|71.0|0.0
#3186869	4235977	273538	0.00	-44.00	71.00	0.00
L|71.0|0.0|0.0|0.0
L|0.0|0.0|0.0|-44.0
L|0.0|-44.0|71.0|-44.0
L|71.0|-44.0|71.0|0.0
#3186873	4236597	273538	0.00	-38.00	203.00	0.00
L|203.0|0.0|0.0|0.0
L|0.0|0.0|0.0|-38.0
L|0.0|-38.0|203.0|-38.0
L|203.0|-38.0|203.0|0.0
#3186875	3859135	273538	0.00	-5.00	10.00	5.00
L|10.0|5.0|0.0|5.0
L|0.0|5.0|0.0|-5.0
L|0.0|-5.0|10.0|-5.0
L|10.0|-5.0|10.0|5.0
#3186885	4235971	273538	0.00	-44.00	180.00	0.00
L|180.0|0.0|0.0|0.0
L|0.0|0.0|0.0|-44.0
L|0.0|-44.0|180.0|-44.0
L|180.0|-44.0|180.0|0.0
#3186887	4237600	273538	0.00	-28.00	70.00	0.00
L|70.0|0.0|0.0|0.0
L|0.0|0.0|0.0|-28.0
L|0.0|-28.0|70.0|-28.0
L|70.0|-28.0|70.0|0.0
#3218034	4236018	273538	0.00	-18.00	45.00	0.00
L|45.0|0.0|0.0|0.0
L|0.0|0.0|0.0|-18.0
L|0.0|-18.0|45.0|-18.0
L|45.0|-18.0|45.0|0.0
#3218040	4236021	273538	0.00	-22.00	50.00	0.00
L|50.0|0.0|0.0|0.0
L|0.0|0.0|0.0|-22.0
L|0.0|-22.0|50.0|-22.0
L|50.0|-22.0|50.0|0.0
#3218042	4236022	273538	0.00	-28.00	45.00	0.00
L|45.0|0.0|0.0|0.0
L|0.0|0.0|0.0|-28.0
L|0.0|-28.0|45.0|-28.0
L|45.0|-28.0|45.0|0.0
#3218044	4235948	273538	0.00	-96.00	196.00	0.00
L|196.0|0.0|0.0|0.0
L|0.0|0.0|0.0|-96.0
L|0.0|-96.0|196.0|-96.0
L|196.0|-96.0|196.0|0.0
#3218046	3818815	273538	-260.00	5.00	0.00	60.00
L|0.0|5.0|0.0|60.0
L|0.0|60.0|-260.0|60.0
L|-260.0|60.0|-260.0|5.0
L|-260.0|5.0|0.0|5.0
#3218113	4235954	273538	0.00	-71.00	221.00	0.00
L|221.0|0.0|0.0|0.0
L|0.0|0.0|0.0|-71.0
L|0.0|-71.0|221.0|-71.0
L|221.0|-71.0|221.0|0.0
#3218155	3859133	273538	-114.69	-7.00	0.00	7.00
L|-110.0|7.0|-114.69|-0.0
L|-114.69|-0.0|-110.0|-7.0
L|-110.0|-7.0|0.0|-7.0
L|0.0|-7.0|0.0|-6.0
L|0.0|-6.0|-100.0|-6.0
L|-100.0|-6.0|-100.0|6.0
L|-100.0|6.0|0.0|6.0
L|0.0|6.0|0.0|7.0
L|0.0|7.0|-110.0|7.0
#3218157	3649243	273538	-25.50	0.00	604.50	16.00
A|1.56|2.83|-0.09|0.5|1.75|0|0
L|-0.09|0.5|-24.79|0.5
L|-24.79|0.5|-25.5|0.0
L|-25.5|0.0|-0.09|0.0
A|-0.09|0.0|2.03|3.0|2.25|0|1
L|2.03|3.0|-1.56|13.17
A|-1.56|13.17|0.09|15.5|1.75|0|0
L|0.09|15.5|33.91|15.5
A|33.91|15.5|35.56|13.17|1.75|0|0
L|35.56|13.17|31.97|3.0
A|31.97|3.0|34.09|0.0|2.25|0|1
L|34.09|-0.0|63.91|-0.0
A|63.91|-0.0|66.03|3.0|2.25|0|1
L|66.03|3.0|62.44|13.17
A|62.44|13.17|64.09|15.5|1.75|0|0
L|64.09|15.5|97.91|15.5
A|97.91|15.5|99.56|13.17|1.75|0|0
L|99.56|13.17|95.97|3.0
A|95.97|3.0|98.09|-0.0|2.25|0|1
L|98.09|-0.0|127.91|-0.0
A|127.91|-0.0|130.03|3.0|2.25|0|1
L|130.03|3.0|126.44|13.17
A|126.44|13.17|128.09|15.5|1.75|0|0
L|128.09|15.5|161.91|15.5
A|161.91|15.5|163.56|13.17|1.75|0|0
L|163.56|13.17|159.97|3.0
A|159.97|3.0|162.09|-0.0|2.25|0|1
L|162.09|-0.0|191.91|-0.0
A|191.91|-0.0|194.03|3.0|2.25|0|1
L|194.03|3.0|190.44|13.17
A|190.44|13.17|192.09|15.5|1.75|0|0
L|192.09|15.5|225.91|15.5
A|225.91|15.5|227.56|13.17|1.75|0|0
L|227.56|13.17|223.97|3.0
A|223.97|3.0|226.09|-0.0|2.25|0|1
L|226.09|-0.0|255.91|-0.0
A|255.91|-0.0|258.03|3.0|2.25|0|1
L|258.03|3.0|254.44|13.17
A|254.44|13.17|256.09|15.5|1.75|0|0
L|256.09|15.5|289.91|15.5
A|289.91|15.5|291.56|13.17|1.75|0|0
L|291.56|13.17|287.97|3.0
A|287.97|3.0|290.09|-0.0|2.25|0|1
L|290.09|-0.0|319.91|-0.0
A|319.91|-0.0|322.03|3.0|2.25|0|1
L|322.03|3.0|318.44|13.17
A|318.44|13.17|320.09|15.5|1.75|0|0
L|320.09|15.5|353.91|15.5
A|353.91|15.5|355.56|13.17|1.75|0|0
L|355.56|13.17|351.97|3.0
A|351.97|3.0|354.09|-0.0|2.25|0|1
L|354.09|-0.0|383.91|-0.0
A|383.91|-0.0|386.03|3.0|2.25|0|1
L|386.03|3.0|382.44|13.17
A|382.44|13.17|384.09|15.5|1.75|0|0
L|384.09|15.5|417.91|15.5
A|417.91|15.5|419.56|13.17|1.75|0|0
L|419.56|13.17|415.97|3.0
A|415.97|3.0|418.09|-0.0|2.25|0|1
L|418.09|-0.0|447.91|-0.0
A|447.91|-0.0|450.03|3.0|2.25|0|1
L|450.03|3.0|446.44|13.17
A|446.44|13.17|448.09|15.5|1.75|0|0
L|448.09|15.5|481.91|15.5
A|481.91|15.5|483.56|13.17|1.75|0|0
L|483.56|13.17|479.97|3.0
A|479.97|3.0|482.09|-0.0|2.25|0|1
L|482.09|-0.0|511.91|-0.0
A|511.91|-0.0|514.03|3.0|2.25|0|1
L|514.03|3.0|510.44|13.17
A|510.44|13.17|512.09|15.5|1.75|0|0
L|512.09|15.5|545.91|15.5
A|545.91|15.5|547.56|13.17|1.75|0|0
L|547.56|13.17|543.97|3.0
A|543.97|3.0|546.09|-0.0|2.25|0|1
L|546.09|-0.0|575.91|-0.0
A|575.91|-0.0|578.03|3.0|2.25|0|1
L|578.03|3.0|574.44|13.17
A|574.44|13.17|576.09|15.5|1.75|0|0
L|576.09|15.5|603.79|15.5
L|603.79|15.5|604.5|16.0
L|604.5|16.0|576.09|16.0
A|576.09|16.0|573.97|13.0|2.25|0|1
L|573.97|13.0|577.56|2.83
A|577.56|2.83|575.91|0.5|1.75|0|0
L|575.91|0.5|546.09|0.5
A|546.09|0.5|544.44|2.83|1.75|0|0
L|544.44|2.83|548.03|13.0
A|548.03|13.0|545.91|16.0|2.25|0|1
L|545.91|16.0|512.09|16.0
A|512.09|16.0|509.97|13.0|2.25|0|1
L|509.97|13.0|513.56|2.83
A|513.56|2.83|511.91|0.5|1.75|0|0
L|511.91|0.5|482.09|0.5
A|482.09|0.5|480.44|2.83|1.75|0|0
L|480.44|2.83|484.03|13.0
A|484.03|13.0|481.91|16.0|2.25|0|1
L|481.91|16.0|448.09|16.0
A|448.09|16.0|445.97|13.0|2.25|0|1
L|445.97|13.0|449.56|2.83
A|449.56|2.83|447.91|0.5|1.75|0|0
L|447.91|0.5|418.09|0.5
A|418.09|0.5|416.44|2.83|1.75|0|0
L|416.44|2.83|420.03|13.0
A|420.03|13.0|417.91|16.0|2.25|0|1
L|417.91|16.0|384.09|16.0
A|384.09|16.0|381.97|13.0|2.25|0|1
L|381.97|13.0|385.56|2.83
A|385.56|2.83|383.91|0.5|1.75|0|0
L|383.91|0.5|354.09|0.5
A|354.09|0.5|352.44|2.83|1.75|0|0
L|352.44|2.83|356.03|13.0
A|356.03|13.0|353.91|16.0|2.25|0|1
L|353.91|16.0|320.09|16.0
A|320.09|16.0|317.97|13.0|2.25|0|1
L|317.97|13.0|321.56|2.83
A|321.56|2.83|319.91|0.5|1.75|0|0
L|319.91|0.5|290.09|0.5
A|290.09|0.5|288.44|2.83|1.75|0|0
L|288.44|2.83|292.03|13.0
A|292.03|13.0|289.91|16.0|2.25|0|1
L|289.91|16.0|256.09|16.0
A|256.09|16.0|253.97|13.0|2.25|0|1
L|253.97|13.0|257.56|2.83
A|257.56|2.83|255.91|0.5|1.75|0|0
L|255.91|0.5|226.09|0.5
A|226.09|0.5|224.44|2.83|1.75|0|0
L|224.44|2.83|228.03|13.0
A|228.03|13.0|225.91|16.0|2.25|0|1
L|225.91|16.0|192.09|16.0
A|192.09|16.0|189.97|13.0|2.25|0|1
L|189.97|13.0|193.56|2.83
A|193.56|2.83|191.91|0.5|1.75|0|0
L|191.91|0.5|162.09|0.5
A|162.09|0.5|160.44|2.83|1.75|0|0
L|160.44|2.83|164.03|13.0
A|164.03|13.0|161.91|16.0|2.25|0|1
L|161.91|16.0|128.09|16.0
A|128.09|16.0|125.97|13.0|2.25|0|1
L|125.97|13.0|129.56|2.83
A|129.56|2.83|127.91|0.5|1.75|0|0
L|127.91|0.5|98.09|0.5
A|98.09|0.5|96.44|2.83|1.75|0|0
L|96.44|2.83|100.03|13.0
A|100.03|13.0|97.91|16.0|2.25|0|1
L|97.91|16.0|64.09|16.0
A|64.09|16.0|61.97|13.0|2.25|0|1
L|61.97|13.0|65.56|2.83
A|65.56|2.83|63.91|0.5|1.75|0|0
L|63.91|0.5|34.09|0.5
A|34.09|0.5|32.44|2.83|1.75|0|0
L|32.44|2.83|36.03|13.0
A|36.03|13.0|33.91|16.0|2.25|0|1
L|33.91|16.0|0.09|16.0
A|0.09|16.0|-2.03|13.0|2.25|0|1
L|-2.03|13.0|1.56|2.83
#3218159	4237553	273538	0.00	-20.00	45.00	0.00
L|45.0|0.0|0.0|0.0
L|0.0|0.0|0.0|-20.0
L|0.0|-20.0|45.0|-20.0
L|45.0|-20.0|45.0|0.0
#3218161	3213110	3211781	0.28	-30.80	243.46	-0.80
L|243.46|-30.8|243.46|-0.8
L|243.46|-0.8|0.28|-0.8
L|0.28|-0.8|0.28|-30.8
L|0.28|-30.8|243.46|-30.8
#3218165	4235995	273538	0.00	-38.00	245.00	0.00
L|245.0|0.0|0.0|0.0
L|0.0|0.0|0.0|-38.0
L|0.0|-38.0|245.0|-38.0
L|245.0|-38.0|245.0|0.0
#3218167	4236615	273538	0.00	-38.00	130.00	0.00
L|130.0|0.0|0.0|0.0
L|0.0|0.0|0.0|-38.0
L|0.0|-38.0|130.0|-38.0
L|130.0|-38.0|130.0|0.0
#3218169	3732087	3655202	0.00	-30.00	245.00	0.00
L|245.0|0.0|0.0|0.0
L|0.0|0.0|0.0|-30.0
L|0.0|-30.0|245.0|-30.0
L|245.0|-30.0|245.0|0.0
#3218175	4236613	273538	0.00	-38.00	146.00	0.00
L|146.0|0.0|0.0|0.0
L|0.0|0.0|0.0|-38.0
L|0.0|-38.0|146.0|-38.0
L|146.0|-38.0|146.0|0.0
#3218187	4237552	273538	0.00	-22.00	32.00	0.00
L|32.0|0.0|0.0|0.0
L|0.0|0.0|0.0|-22.0
L|0.0|-22.0|32.0|-22.0
L|32.0|-22.0|32.0|0.0
#3218189	4235979	273538	0.00	-44.00	70.00	0.00
L|70.0|0.0|0.0|0.0
L|0.0|0.0|0.0|-44.0
L|0.0|-44.0|70.0|-44.0
L|70.0|-44.0|70.0|0.0
#3236124	3865614	273538	20.00	-4.00	35.00	4.00
L|35.0|4.0|20.0|4.0
L|20.0|4.0|20.0|-4.0
L|20.0|-4.0|35.0|-4.0
L|35.0|-4.0|35.0|4.0
#3236130	4236726	273538	0.00	-38.00	60.00	0.00
L|60.0|0.0|0.0|0.0
L|0.0|0.0|0.0|-38.0
L|0.0|-38.0|60.0|-38.0
L|60.0|-38.0|60.0|0.0
#3236132	3234019	3211781	0.00	-62.00	73.00	0.00
L|73.0|0.0|0.0|0.0
L|0.0|0.0|0.0|-62.0
L|0.0|-62.0|73.0|-62.0
L|73.0|-62.0|73.0|0.0
#3245540	3879023	273538	0.00	-10.00	200.00	0.00
L|200.0|-10.0|200.0|0.0
L|200.0|0.0|0.0|0.0
L|0.0|0.0|0.0|-10.0
L|0.0|-10.0|200.0|-10.0
#3245542	3879024	273538	0.00	-15.00	200.00	0.00
L|200.0|-15.0|200.0|0.0
L|200.0|0.0|0.0|0.0
L|0.0|0.0|0.0|-15.0
L|0.0|-15.0|200.0|-15.0
#3245550	3879022	273538	0.00	-8.00	200.00	0.00
L|200.0|-8.0|200.0|0.0
L|200.0|0.0|0.0|0.0
L|0.0|0.0|0.0|-8.0
L|0.0|-8.0|200.0|-8.0
#3245552	3879025	273538	0.00	-18.00	200.00	0.00
L|200.0|-18.0|200.0|0.0
L|200.0|0.0|0.0|0.0
L|0.0|0.0|0.0|-18.0
L|0.0|-18.0|200.0|-18.0
#3245574	4075387	3211781	0.00	-18.00	45.00	0.00
L|45.0|0.0|0.0|0.0
L|0.0|0.0|0.0|-18.0
L|0.0|-18.0|45.0|-18.0
L|45.0|-18.0|45.0|0.0
#3257480	3859111	273538	0.00	-5.00	93.54	5.00
L|0.0|5.0|0.0|-5.0
L|0.0|-5.0|91.54|-5.0
L|91.54|-5.0|93.54|-3.5
L|93.54|-3.5|93.54|3.5
L|93.54|3.5|91.54|5.0
L|91.54|5.0|0.0|5.0
#3257540	3865616	273538	40.00	-6.00	60.00	6.00
L|60.0|6.0|40.0|6.0
L|40.0|6.0|40.0|-6.0
L|40.0|-6.0|60.0|-6.0
L|60.0|-6.0|60.0|6.0
#3291593	3879021	273538	0.00	-18.00	200.00	0.00
L|200.0|-18.0|200.0|0.0
L|200.0|0.0|0.0|0.0
L|0.0|0.0|0.0|-18.0
L|0.0|-18.0|200.0|-18.0
#3291605	3844685	273538	-1.00	-2.50	1.00	-2.50
A|-1.0|-2.5|1.0|-2.5|1.0|0|1
A|1.0|-2.5|-1.0|-2.5|1.0|0|1
#3291649	3757775	273538	0.28	0.80	540.28	120.80
L|540.28|120.8|0.28|120.8
L|0.28|120.8|0.28|0.8
L|0.28|0.8|540.28|0.8
L|540.28|0.8|540.28|120.8
#3291651	4288453	4091974	0.00	-38.00	140.00	0.00
L|140.0|0.0|0.0|0.0
L|0.0|0.0|0.0|-38.0
L|0.0|-38.0|140.0|-38.0
L|140.0|-38.0|140.0|0.0
#3344872	3885408	273538	-893.50	-25.40	687.52	46.76
L|-36.22|0.0|-18.11|25.4
L|-18.11|25.4|18.11|-25.4
L|18.11|-25.4|36.22|0.0
L|36.22|0.0|687.52|0.0
L|687.52|0.0|687.52|46.76
L|687.52|46.76|-893.5|46.76
L|-893.5|46.76|-893.5|0.0
L|-893.5|0.0|-36.22|0.0
#3344874	3848909	273538	-100.00	0.00	-0.00	65.00
L|-0.0|0.0|-0.0|65.0
A|-0.0|65.0|-7.0|58.0|7.0|0|1
L|-7.0|58.0|-7.0|15.0
A|-7.0|15.0|-15.0|7.0|8.0|0|0
L|-15.0|7.0|-93.0|7.0
A|-93.0|7.0|-100.0|0.0|7.0|0|1
L|-100.0|0.0|0.0|0.0
#3344893	3881803	273538	0.00	0.00	250.00	25.00
L|250.0|25.0|0.0|25.0
L|0.0|25.0|0.0|0.0
L|0.0|0.0|250.0|0.0
L|250.0|0.0|250.0|25.0
#3344909	4250589	273538	-65.00	0.00	0.00	160.00
L|0.0|160.0|-65.0|160.0
L|-65.0|160.0|-65.0|157.18
A|-65.0|157.18|-59.94|151.7|5.5|0|1
L|-59.94|151.7|-17.16|148.27
A|-17.16|148.27|-7.5|137.81|10.5|0|0
L|-7.5|137.81|-7.5|22.19
A|-7.5|22.19|-17.16|11.73|10.5|0|0
L|-17.16|11.73|-59.94|8.3
A|-59.94|8.3|-65.0|2.82|5.5|0|1
L|-65.0|2.82|-65.0|0.0
L|-65.0|0.0|0.0|0.0
L|0.0|0.0|0.0|160.0
#3344919	3848907	273538	-60.00	0.00	0.00	60.00
L|-60.0|0.0|0.0|-0.0
L|0.0|-0.0|0.0|60.0
A|0.0|60.0|-6.0|54.0|6.0|0|1
L|-6.0|54.0|-6.0|12.0
A|-6.0|12.0|-12.0|6.0|6.0|0|0
L|-12.0|6.0|-54.0|6.0
A|-54.0|6.0|-60.0|0.0|6.0|0|1
#3344921	3848908	273538	-90.00	0.00	-0.00	90.00
L|-0.0|0.0|-0.0|90.0
A|-0.0|90.0|-8.0|82.0|8.0|0|1
L|-8.0|82.0|-8.0|16.0
A|-8.0|16.0|-16.0|8.0|8.0|0|0
L|-16.0|8.0|-82.0|8.0
A|-82.0|8.0|-90.0|0.0|8.0|0|1
L|-90.0|0.0|0.0|0.0
#3344949	3823895	273538	-510.21	-28.70	531.71	0.00
L|-499.67|-23.26|-507.22|-22.6
A|-507.22|-22.6|-509.41|-20.21|2.4|0|0
L|-509.41|-20.21|-509.41|-18.52
A|-509.41|-18.52|-507.01|-16.12|2.4|0|0
L|-507.01|-16.12|-495.93|-16.12
A|-495.93|-16.12|-493.53|-18.43|2.4|0|0
A|-493.53|-18.43|-490.24|-21.62|3.3|0|1
L|-490.24|-21.62|-482.25|-21.62
L|-482.25|-21.62|-471.12|-21.62
A|-471.12|-21.62|-467.91|-19.1|3.3|0|1
L|-467.91|-19.1|-464.14|-3.74
A|-464.14|-3.74|-460.13|-0.8|4.2|0|0
L|-460.13|-0.8|525.66|-0.8
A|525.66|-0.8|529.91|-4.05|4.4|0|0
L|529.91|-4.05|530.94|-7.88
A|530.94|-7.88|528.62|-10.9|2.4|0|0
L|528.62|-10.9|511.75|-10.9
A|511.75|-10.9|510.0|-11.4|3.3|0|1
L|510.0|-11.4|506.59|-13.53
A|506.59|-13.53|505.32|-13.9|2.4|0|0
L|505.32|-13.9|487.83|-13.9
A|487.83|-13.9|484.53|-17.2|3.3|0|1
L|484.53|-17.2|484.53|-21.8
A|484.53|-21.8|487.54|-25.08|3.3|0|1
L|487.54|-25.08|500.33|-26.2
A|500.33|-26.2|500.25|-27.9|0.85|0|0
L|500.25|-27.9|485.93|-27.9
L|485.93|-27.9|485.93|-28.7
L|485.93|-28.7|500.25|-28.7
A|500.25|-28.7|500.4|-25.41|1.65|0|1
L|500.4|-25.41|487.61|-24.29
A|487.61|-24.29|485.33|-21.8|2.5|0|0
L|485.33|-21.8|485.33|-17.2
A|485.33|-17.2|487.83|-14.7|2.5|0|0
L|487.83|-14.7|505.32|-14.7
A|505.32|-14.7|507.02|-14.21|3.2|0|1
L|507.02|-14.21|510.43|-12.08
A|510.43|-12.08|511.75|-11.7|2.5|0|0
L|511.75|-11.7|528.62|-11.7
A|528.62|-11.7|531.71|-7.67|3.2|0|1
L|531.71|-7.67|530.68|-3.85
A|530.68|-3.85|525.66|0.0|5.2|0|1
L|525.66|0.0|-460.13|0.0
A|-460.13|0.0|-464.91|-3.52|5.0|0|1
L|-464.91|-3.52|-468.69|-18.91
A|-468.69|-18.91|-471.12|-20.82|2.5|0|0
L|-471.12|-20.82|-482.25|-20.82
L|-482.25|-20.82|-490.24|-20.82
A|-490.24|-20.82|-492.73|-18.4|2.5|0|0
A|-492.73|-18.4|-495.93|-15.32|3.2|0|1
L|-495.93|-15.32|-507.01|-15.32
A|-507.01|-15.32|-510.21|-18.52|3.2|0|1
L|-510.21|-18.52|-510.21|-20.21
A|-510.21|-20.21|-507.29|-23.4|3.2|0|1
L|-507.29|-23.4|-499.74|-24.06
A|-499.74|-24.06|-497.69|-25.5|2.5|0|0
A|-497.69|-25.5|-494.06|-27.82|4.0|0|1
L|-494.06|-27.82|-487.91|-27.82
L|-487.91|-27.82|-487.91|-27.02
L|-487.91|-27.02|-494.06|-27.02
A|-494.06|-27.02|-496.97|-25.16|3.2|0|0
A|-496.97|-25.16|-499.67|-23.26|3.3|0|1
#3344952	3881800	273538	0.00	0.00	250.00	12.50
L|250.0|12.5|0.0|12.5
L|0.0|12.5|0.0|0.0
L|0.0|0.0|250.0|0.0
L|250.0|0.0|250.0|12.5
#3344960	3882485	273538	-0.00	-0.00	75.00	40.00
A|1.75|40.0|-0.0|38.25|1.75|0|1
L|-0.0|38.25|0.0|1.75
A|0.0|1.75|1.75|-0.0|1.75|0|1
L|1.75|-0.0|12.36|0.0
A|12.36|0.0|13.81|0.76|1.75|0|1
A|13.81|0.76|14.63|1.09|1.19|0|0
L|14.63|1.09|60.48|1.09
A|60.48|1.09|61.19|0.76|0.76|0|0
A|61.19|0.76|62.64|0.0|1.75|0|1
L|62.64|0.0|73.25|0.0
A|73.25|0.0|75.0|1.75|1.75|0|1
L|75.0|1.75|75.0|38.25
A|75.0|38.25|73.25|40.0|1.75|0|1
L|73.25|40.0|69.62|40.0
L|69.62|40.0|69.62|39.0
L|69.62|39.0|73.25|39.0
A|73.25|39.0|74.0|38.25|0.75|0|0
L|74.0|38.25|74.0|1.75
A|74.0|1.75|73.25|1.0|0.75|0|0
L|73.25|1.0|62.75|1.0
A|62.75|1.0|62.02|1.33|0.77|0|0
A|62.02|1.33|60.57|2.09|1.75|0|1
L|60.57|2.09|14.43|2.09
A|14.43|2.09|12.98|1.33|1.75|0|1
A|12.98|1.33|12.26|1.0|0.96|0|0
L|12.26|1.0|1.75|1.0
A|1.75|1.0|1.0|1.75|0.75|0|0
L|1.0|1.75|1.0|38.25
A|1.0|38.25|1.75|39.0|0.75|0|0
L|1.75|39.0|5.38|39.0
L|5.38|39.0|5.38|40.0
L|5.38|40.0|1.75|40.0
#3344977	3840443	273538	-4.20	-32.00	33.80	-6.00
L|-4.2|-6.0|-4.2|-32.0
L|-4.2|-32.0|33.8|-32.0
L|33.8|-32.0|33.8|-26.0
L|33.8|-26.0|1.8|-26.0
L|1.8|-26.0|1.8|-6.0
L|1.8|-6.0|-4.2|-6.0
#3345003	3881801	273538	0.00	0.00	250.00	18.00
L|250.0|18.0|0.0|18.0
L|0.0|18.0|0.0|0.0
L|0.0|0.0|250.0|0.0
L|250.0|0.0|250.0|18.0
#3345011	3317574	3314948	-114.00	0.00	0.00	67.00
L|-60.0|67.0|-60.0|50.0
L|-60.0|50.0|-114.0|50.0
L|-114.0|50.0|-114.0|0.0
L|-114.0|0.0|-99.0|0.0
L|-99.0|0.0|-99.0|15.0
L|-99.0|15.0|0.0|15.0
L|0.0|15.0|0.0|67.0
L|0.0|67.0|-60.0|67.0
#3345015	3822996	273538	-0.00	0.00	150.00	758.00
L|-0.0|13.0|13.0|0.0
L|13.0|0.0|48.0|0.0
L|48.0|0.0|53.77|10.0
L|53.77|10.0|96.23|10.0
L|96.23|10.0|102.0|0.0
L|102.0|0.0|137.0|0.0
L|137.0|0.0|150.0|13.0
L|150.0|13.0|150.0|737.0
L|150.0|737.0|137.0|750.0
L|137.0|750.0|99.69|750.0
L|99.69|750.0|95.07|758.0
L|95.07|758.0|54.93|758.0
L|54.93|758.0|50.31|750.0
L|50.31|750.0|13.0|750.0
L|13.0|750.0|0.0|737.0
L|0.0|737.0|0.0|13.0
#3345032	3881470	273538	0.00	0.00	300.00	50.00
L|295.0|50.0|5.0|50.0
L|5.0|50.0|0.0|45.0
L|0.0|45.0|0.0|0.0
L|0.0|0.0|300.0|0.0
L|300.0|0.0|300.0|45.0
L|300.0|45.0|295.0|50.0
#3345042	3823670	273538	-13.50	0.00	13.50	13.50
L|13.5|13.5|-13.5|13.5
L|-13.5|13.5|-0.0|0.0
L|0.0|0.0|13.5|13.5
#3345073	3878597	273538	0.00	0.00	100.00	50.00
L|95.0|50.0|5.0|50.0
L|5.0|50.0|0.0|45.0
L|0.0|45.0|0.0|0.0
L|0.0|0.0|100.0|0.0
L|100.0|0.0|100.0|45.0
L|100.0|45.0|95.0|50.0
#3345092	3874676	273538	0.00	0.00	1200.00	200.00
L|1175.0|200.0|25.0|200.0
L|25.0|200.0|25.0|160.0
L|25.0|160.0|35.61|149.39
L|35.61|149.39|30.66|114.75
L|30.66|114.75|16.51|100.6
L|16.51|100.6|5.0|20.0
L|5.0|20.0|0.0|20.0
L|0.0|20.0|0.0|10.0
L|0.0|10.0|10.0|0.0
L|10.0|0.0|1190.0|-0.0
L|1190.0|-0.0|1200.0|10.0
L|1200.0|10.0|1200.0|20.0
L|1200.0|20.0|1195.0|20.0
L|1195.0|20.0|1183.49|100.6
L|1183.49|100.6|1169.34|114.75
L|1169.34|114.75|1164.39|149.39
L|1164.39|149.39|1175.0|160.0
L|1175.0|160.0|1175.0|200.0
A|70.5|106.5|187.5|106.5|58.5|0|0
L|187.5|106.5|187.5|86.87
A|187.5|86.87|186.33|81.07|15.0|0|0
L|186.33|81.07|171.23|45.09
A|171.23|45.09|166.98|41.16|7.0|0|0
A|166.98|41.16|91.02|41.16|120.26|0|0
A|91.02|41.16|86.77|45.09|7.0|0|0
L|86.77|45.09|71.67|81.07
A|71.67|81.07|70.5|86.87|15.0|0|0
L|70.5|86.87|70.5|106.5
A|227.5|106.5|344.5|106.5|58.5|0|0
L|344.5|106.5|344.5|86.87
A|344.5|86.87|343.33|81.07|15.0|0|0
L|343.33|81.07|328.23|45.09
A|328.23|45.09|323.98|41.16|7.0|0|0
A|323.98|41.16|248.02|41.16|120.26|0|0
A|248.02|41.16|243.77|45.09|7.0|0|0
L|243.77|45.09|228.67|81.07
A|228.67|81.07|227.5|86.87|15.0|0|0
L|227.5|86.87|227.5|106.5
A|384.5|106.5|501.5|106.5|58.5|0|0
L|501.5|106.5|501.5|86.87
A|501.5|86.87|500.33|81.07|15.0|0|0
L|500.33|81.07|485.23|45.09
A|485.23|45.09|480.98|41.16|7.0|0|0
A|480.98|41.16|405.02|41.16|120.26|0|0
A|405.02|41.16|400.77|45.09|7.0|0|0
L|400.77|45.09|385.67|81.07
A|385.67|81.07|384.5|86.87|15.0|0|0
L|384.5|86.87|384.5|106.5
A|541.5|106.5|658.5|106.5|58.5|0|0
L|658.5|106.5|658.5|86.87
A|658.5|86.87|657.33|81.07|15.0|0|0
L|657.33|81.07|642.23|45.09
A|642.23|45.09|637.98|41.16|7.0|0|0
A|637.98|41.16|562.02|41.16|120.26|0|0
A|562.02|41.16|557.77|45.09|7.0|0|0
L|557.77|45.09|542.67|81.07
A|542.67|81.07|541.5|86.87|15.0|0|0
L|541.5|86.87|541.5|106.5
A|698.5|106.5|815.5|106.5|58.5|0|0
L|815.5|106.5|815.5|86.87
A|815.5|86.87|814.33|81.07|15.0|0|0
L|814.33|81.07|799.23|45.09
A|799.23|45.09|794.98|41.16|7.0|0|0
A|794.98|41.16|719.02|41.16|120.26|0|0
A|719.02|41.16|714.77|45.09|7.0|0|0
L|714.77|45.09|699.67|81.07
A|699.67|81.07|698.5|86.87|15.0|0|0
L|698.5|86.87|698.5|106.5
A|855.5|106.5|972.5|106.5|58.5|0|0
L|972.5|106.5|972.5|86.87
A|972.5|86.87|971.33|81.07|15.0|0|0
L|971.33|81.07|956.23|45.09
A|956.23|45.09|951.98|41.16|7.0|0|0
A|951.98|41.16|876.02|41.16|120.26|0|0
A|876.02|41.16|871.77|45.09|7.0|0|0
L|871.77|45.09|856.67|81.07
A|856.67|81.07|855.5|86.87|15.0|0|0
L|855.5|86.87|855.5|106.5
A|1012.5|106.5|1129.5|106.5|58.5|0|0
L|1129.5|106.5|1129.5|86.87
A|1129.5|86.87|1128.33|81.07|15.0|0|0
L|1128.33|81.07|1113.23|45.09
A|1113.23|45.09|1108.98|41.16|7.0|0|0
A|1108.98|41.16|1033.02|41.16|120.26|0|0
A|1033.02|41.16|1028.77|45.09|7.0|0|0
L|1028.77|45.09|1013.67|81.07
A|1013.67|81.07|1012.5|86.87|15.0|0|0
L|1012.5|86.87|1012.5|106.5
#3345098	3881802	273538	0.00	0.00	250.00	20.00
L|250.0|20.0|0.0|20.0
L|0.0|20.0|0.0|0.0
L|0.0|0.0|250.0|0.0
L|250.0|0.0|250.0|20.0
#3345099	3887150	273538	-0.00	0.00	18.00	37.00
L|18.0|0.0|18.0|37.0
L|18.0|37.0|-0.0|37.0
L|-0.0|37.0|-0.0|0.0
L|-0.0|0.0|18.0|0.0
#3345121	3875197	273538	0.00	0.00	150.00	522.03
L|150.0|0.0|150.0|522.03
L|150.0|522.03|0.0|522.03
L|0.0|522.03|0.0|0.0
L|0.0|0.0|150.0|0.0
#3345137	3857953	273538	-173.81	0.00	1.59	400.00
L|1.59|400.0|-140.02|400.0
L|-140.02|400.0|-173.81|275.0
L|-173.81|275.0|-140.02|0.0
L|-140.02|0.0|-0.6|0.0
L|-0.6|0.0|-0.6|18.64
L|-0.6|18.64|-122.05|18.64
L|-122.05|18.64|-155.87|275.0
L|-155.87|275.0|-140.02|336.6
L|-140.02|336.6|1.59|363.03
L|1.59|363.03|1.59|400.0
#3345141	3822890	273538	-105.00	-0.00	15.00	400.00
L|-105.0|-0.0|8.96|-0.0
A|8.96|0.0|15.0|6.04|6.04|0|1
L|15.0|6.04|15.0|393.96
A|15.0|393.96|8.96|400.0|6.04|0|1
L|8.96|400.0|-75.0|400.0
L|-75.0|400.0|-75.0|395.0
L|-75.0|395.0|8.96|395.0
A|8.96|395.0|10.0|393.96|1.04|0|0
L|10.0|393.96|10.0|6.04
A|10.0|6.04|8.96|5.0|1.04|0|0
L|8.96|5.0|-105.0|5.0
L|-105.0|5.0|-105.0|-0.0
#3345145	3822842	273538	-75.00	-0.00	15.00	400.00
L|-75.0|-0.0|8.96|-0.0
A|8.96|0.0|15.0|6.04|6.04|0|1
L|15.0|6.04|15.0|393.96
A|15.0|393.96|8.96|400.0|6.04|0|1
L|8.96|400.0|-75.0|400.0
L|-75.0|400.0|-75.0|395.0
L|-75.0|395.0|8.96|395.0
A|8.96|395.0|10.0|393.96|1.04|0|0
L|10.0|393.96|10.0|6.04
A|10.0|6.04|8.96|5.0|1.04|0|0
L|8.96|5.0|-75.0|5.0
L|-75.0|5.0|-75.0|-0.0
#3345150	3874677	273538	-0.00	0.00	1200.00	320.00
L|1175.0|320.0|25.0|320.0
L|25.0|320.0|25.0|280.0
L|25.0|280.0|36.18|268.82
L|36.18|268.82|30.37|193.33
L|30.37|193.33|17.33|180.29
L|17.33|180.29|5.0|20.0
L|5.0|20.0|-0.0|20.0
L|-0.0|20.0|-0.0|10.0
L|-0.0|10.0|10.0|0.0
L|10.0|0.0|1190.0|-0.0
L|1190.0|-0.0|1200.0|10.0
L|1200.0|10.0|1200.0|20.0
L|1200.0|20.0|1195.0|20.0
L|1195.0|20.0|1182.67|180.29
L|1182.67|180.29|1169.63|193.33
L|1169.63|193.33|1163.82|268.82
L|1163.82|268.82|1175.0|280.0
L|1175.0|280.0|1175.0|320.0
A|73.0|224.0|185.0|224.0|56.0|0|0
L|185.0|224.0|185.0|92.26
A|185.0|92.26|180.26|81.32|15.0|0|0
L|180.26|81.32|150.67|53.57
A|150.67|53.57|107.33|53.57|31.68|0|0
L|107.33|53.57|77.74|81.32
A|77.74|81.32|73.0|92.26|15.0|0|0
L|73.0|92.26|73.0|224.0
A|230.0|224.0|342.0|224.0|56.0|0|0
L|342.0|224.0|342.0|92.26
A|342.0|92.26|337.26|81.32|15.0|0|0
L|337.26|81.32|307.67|53.57
A|307.67|53.57|264.33|53.57|31.68|0|0
L|264.33|53.57|234.74|81.32
A|234.74|81.32|230.0|92.26|15.0|0|0
L|230.0|92.26|230.0|224.0
A|387.0|224.0|499.0|224.0|56.0|0|0
L|499.0|224.0|499.0|92.26
A|499.0|92.26|494.26|81.32|15.0|0|0
L|494.26|81.32|464.67|53.57
A|464.67|53.57|421.33|53.57|31.68|0|0
L|421.33|53.57|391.74|81.32
A|391.74|81.32|387.0|92.26|15.0|0|0
L|387.0|92.26|387.0|224.0
A|544.0|224.0|656.0|224.0|56.0|0|0
L|656.0|224.0|656.0|92.26
A|656.0|92.26|651.26|81.32|15.0|0|0
L|651.26|81.32|621.67|53.57
A|621.67|53.57|578.33|53.57|31.68|0|0
L|578.33|53.57|548.74|81.32
A|548.74|81.32|544.0|92.26|15.0|0|0
L|544.0|92.26|544.0|224.0
A|701.0|224.0|813.0|224.0|56.0|0|0
L|813.0|224.0|813.0|92.26
A|813.0|92.26|808.26|81.32|15.0|0|0
L|808.26|81.32|778.67|53.57
A|778.67|53.57|735.33|53.57|31.68|0|0
L|735.33|53.57|705.74|81.32
A|705.74|81.32|701.0|92.26|15.0|0|0
L|701.0|92.26|701.0|224.0
A|858.0|224.0|970.0|224.0|56.0|0|0
L|970.0|224.0|970.0|92.26
A|970.0|92.26|965.26|81.32|15.0|0|0
L|965.26|81.32|935.67|53.57
A|935.67|53.57|892.33|53.57|31.68|0|0
L|892.33|53.57|862.74|81.32
A|862.74|81.32|858.0|92.26|15.0|0|0
L|858.0|92.26|858.0|224.0
A|1015.0|224.0|1127.0|224.0|56.0|0|0
L|1127.0|224.0|1127.0|92.26
A|1127.0|92.26|1122.26|81.32|15.0|0|0
L|1122.26|81.32|1092.67|53.57
A|1092.67|53.57|1049.33|53.57|31.68|0|0
L|1049.33|53.57|1019.74|81.32
A|1019.74|81.32|1015.0|92.26|15.0|0|0
L|1015.0|92.26|1015.0|224.0
#3345151	3822940	273538	0.00	0.00	150.00	608.00
L|150.0|587.0|137.0|600.0
L|137.0|600.0|99.69|600.0
L|99.69|600.0|95.07|608.0
L|95.07|608.0|54.93|608.0
L|54.93|608.0|50.31|600.0
L|50.31|600.0|13.0|600.0
L|13.0|600.0|0.0|587.0
L|0.0|587.0|0.0|13.0
L|-0.0|13.0|13.0|0.0
L|13.0|0.0|48.0|0.0
L|48.0|0.0|53.77|10.0
L|53.77|10.0|96.23|10.0
L|96.23|10.0|102.0|0.0
L|102.0|0.0|137.0|0.0
L|137.0|0.0|150.0|13.0
L|150.0|13.0|150.0|587.0
#3429335	3842267	273538	-712.62	0.00	-692.62	6.00
L|-692.62|6.0|-712.62|6.0
L|-712.62|6.0|-712.62|0.0
L|-712.62|0.0|-692.62|0.0
L|-692.62|0.0|-692.62|6.0
#3429384	3821912	273538	-19.57	12.00	247.48	67.30
A|30.56|48.01|18.92|59.45|98.0|0|0
L|18.92|59.45|16.51|62.42
A|16.51|62.42|14.18|63.53|2.91|0|1
L|14.18|63.53|11.17|63.53
A|11.17|63.53|8.26|61.23|3.0|0|1
L|8.26|61.23|5.99|51.82
A|5.99|51.82|3.07|49.53|3.0|0|0
L|3.07|49.53|-3.07|49.53
A|-3.07|49.53|-5.99|51.82|3.0|0|0
L|-5.99|51.82|-8.26|61.23
A|-8.26|61.23|-11.17|63.53|3.0|0|1
L|-11.17|63.53|-13.83|63.53
A|-13.83|63.53|-16.74|61.23|3.0|0|1
L|-16.74|61.23|-19.01|51.84
A|-19.01|51.84|-19.57|47.15|20.0|0|1
L|-19.57|47.15|-19.57|41.53
A|-19.57|41.53|-16.57|38.53|3.0|0|1
L|-16.57|38.53|21.5|38.53
A|21.5|38.53|27.48|36.55|10.0|0|0
A|27.48|36.55|44.67|26.03|95.95|0|1
A|44.67|26.03|47.32|22.72|5.0|0|0
L|47.32|22.72|49.35|14.3
A|49.35|14.3|52.27|12.0|3.0|0|1
L|52.27|12.0|57.54|12.0
A|57.54|12.0|60.46|14.3|3.0|0|1
L|60.46|14.3|61.0|16.53
A|61.0|16.53|64.6|18.66|2.92|0|0
A|64.6|18.66|113.54|17.74|106.0|0|1
A|113.54|17.74|117.27|15.55|3.01|0|0
L|117.27|15.55|117.57|14.3
A|117.57|14.3|120.49|12.0|3.0|0|1
L|120.49|12.0|125.76|12.0
A|125.76|12.0|128.68|14.3|3.0|0|1
L|128.68|14.3|130.22|20.66
A|130.22|20.66|133.06|24.06|5.0|0|0
A|133.06|24.06|142.79|28.57|143.34|0|1
A|142.79|28.57|164.84|44.96|124.42|0|1
A|164.84|44.96|175.52|56.81|146.34|0|1
A|175.52|56.81|188.2|65.72|43.76|0|0
A|188.2|65.72|193.15|67.3|29.45|0|0
A|193.15|67.3|196.77|65.08|3.0|0|0
L|196.77|65.08|199.03|56.07
A|199.03|56.07|202.03|53.07|3.0|0|1
L|202.03|53.07|204.83|53.07
A|204.83|53.07|207.74|55.36|3.0|0|1
L|207.74|55.36|210.06|64.79
A|210.06|64.79|213.57|67.07|2.96|0|0
A|213.57|67.07|235.63|48.81|33.62|0|0
A|235.63|48.81|238.35|47.07|3.0|0|1
L|238.35|47.07|247.48|47.07
L|247.48|47.07|247.48|57.34
A|247.48|57.34|162.59|58.67|51.94|0|1
A|162.59|58.67|87.26|26.38|95.11|0|0
A|87.26|26.38|30.56|48.01|95.32|0|0
#3429391	3821962	273538	-417.10	20.42	-115.88	78.16
L|-411.52|78.16|-417.1|46.53
L|-417.1|46.53|-118.67|20.42
L|-118.67|20.42|-115.88|52.3
L|-115.88|52.3|-411.52|78.16
#3429472	3828664	273538	-58.00	-0.00	58.00	170.00
A|58.0|46.16|54.2|51.01|5.0|0|1
L|54.2|51.01|41.89|54.28
L|41.89|54.28|35.0|56.0
A|35.0|56.0|26.39|66.58|11.37|0|0
L|26.39|66.58|30.0|140.0
L|30.0|140.0|30.0|170.0
L|30.0|170.0|-30.0|170.0
L|-30.0|170.0|-30.0|140.0
L|-30.0|140.0|-26.37|66.01
A|-26.37|66.01|-33.82|56.42|10.02|0|0
L|-33.82|56.42|-54.28|50.99
A|-54.28|50.99|-58.0|46.16|5.0|0|1
L|-58.0|46.16|-58.0|-0.0
L|-58.0|-0.0|58.0|-0.0
L|58.0|-0.0|58.0|46.16
#3429480	3828663	273538	-58.00	-0.00	58.00	170.00
A|58.0|46.16|54.2|51.01|5.0|0|1
L|54.2|51.01|41.89|54.28
L|41.89|54.28|35.0|56.0
A|35.0|56.0|26.39|66.58|11.37|0|0
L|26.39|66.58|30.0|140.0
L|30.0|140.0|30.0|170.0
L|30.0|170.0|-30.0|170.0
L|-30.0|170.0|-30.0|140.0
L|-30.0|140.0|-26.37|66.01
A|-26.37|66.01|-33.82|56.42|10.02|0|0
L|-33.82|56.42|-54.28|50.99
A|-54.28|50.99|-58.0|46.16|5.0|0|1
L|-58.0|46.16|-58.0|-0.0
L|-58.0|-0.0|58.0|-0.0
L|58.0|-0.0|58.0|46.16
#3429518	4235976	273538	0.00	-44.00	96.00	0.00
L|96.0|0.0|0.0|0.0
L|0.0|0.0|0.0|-44.0
L|0.0|-44.0|96.0|-44.0
L|96.0|-44.0|96.0|0.0
#3429520	4235975	273538	0.00	-44.00	121.00	0.00
L|121.0|0.0|0.0|0.0
L|0.0|0.0|0.0|-44.0
L|0.0|-44.0|121.0|-44.0
L|121.0|-44.0|121.0|0.0
#3429546	4237556	273538	0.00	-18.00	50.00	0.00
L|50.0|0.0|0.0|0.0
L|0.0|0.0|0.0|-18.0
L|0.0|-18.0|50.0|-18.0
L|50.0|-18.0|50.0|0.0
#3429558	4235956	273538	0.00	-71.00	171.00	0.00
L|171.0|0.0|0.0|0.0
L|0.0|0.0|0.0|-71.0
L|0.0|-71.0|171.0|-71.0
L|171.0|-71.0|171.0|0.0
#3429560	4236019	273538	0.00	-22.00	32.00	0.00
L|32.0|0.0|0.0|0.0
L|0.0|0.0|0.0|-22.0
L|0.0|-22.0|32.0|-22.0
L|32.0|-22.0|32.0|0.0
#3429568	4236020	273538	0.00	-22.00	45.00	0.00
L|45.0|0.0|0.0|0.0
L|0.0|0.0|0.0|-22.0
L|0.0|-22.0|45.0|-22.0
L|45.0|-22.0|45.0|0.0
#3429572	4235974	273538	0.00	-44.00	144.00	0.00
L|144.0|0.0|0.0|0.0
L|0.0|0.0|0.0|-44.0
L|0.0|-44.0|144.0|-44.0
L|144.0|-44.0|144.0|0.0
#3429582	3821862	273538	-129.84	-64.73	130.15	37.71
L|112.65|-64.73|130.15|-64.73
A|130.15|-64.73|12.3|37.71|133.53|0|1
A|12.3|37.71|-11.99|37.71|12.44|0|1
A|-11.99|37.71|-129.84|-64.73|133.53|0|1
L|-129.84|-64.73|-112.35|-64.73
A|-112.35|-64.73|112.65|-64.73|115.31|0|0
#3429584	3857764	273538	0.00	0.00	60.00	5.00
L|60.0|0.0|60.0|5.0
L|60.0|5.0|0.0|5.0
L|0.0|5.0|0.0|0.0
L|0.0|0.0|60.0|0.0
#3429646	3427196	3418663	0.00	-38.00	184.00	0.00
L|184.0|0.0|0.0|0.0
L|0.0|0.0|0.0|-38.0
L|0.0|-38.0|184.0|-38.0
L|184.0|-38.0|184.0|0.0
#3429648	3427225	3418663	0.00	-38.00	121.00	0.00
L|121.0|0.0|0.0|0.0
L|0.0|0.0|0.0|-38.0
L|0.0|-38.0|121.0|-38.0
L|121.0|-38.0|121.0|0.0
#3429650	4235959	273538	0.00	-71.00	100.00	0.00
L|100.0|0.0|0.0|0.0
L|0.0|0.0|0.0|-71.0
L|0.0|-71.0|100.0|-71.0
L|100.0|-71.0|100.0|0.0
#3447259	3859134	273538	-114.69	-10.00	0.00	10.00
L|-110.0|10.0|-114.69|-0.0
L|-114.69|-0.0|-110.0|-10.0
L|-110.0|-10.0|0.0|-10.0
L|0.0|-10.0|0.0|-8.0
L|0.0|-8.0|-100.0|-8.0
L|-100.0|-8.0|-100.0|8.0
L|-100.0|8.0|0.0|8.0
L|0.0|8.0|0.0|10.0
L|0.0|10.0|-110.0|10.0
#3447261	4075049	3211781	0.00	-44.00	70.00	0.00
L|70.0|0.0|0.0|0.0
L|0.0|0.0|0.0|-44.0
L|0.0|-44.0|70.0|-44.0
L|70.0|-44.0|70.0|0.0
#3447271	4237551	273538	0.00	-22.00	38.00	0.00
L|38.0|0.0|0.0|0.0
L|0.0|0.0|0.0|-22.0
L|0.0|-22.0|38.0|-22.0
L|38.0|-22.0|38.0|0.0
#3447277	4236596	273538	0.00	-38.00	235.00	-0.00
L|235.0|-0.0|0.0|-0.0
L|0.0|-0.0|0.0|-38.0
L|0.0|-38.0|235.0|-38.0
L|235.0|-38.0|235.0|-0.0
#3447291	4236786	273538	0.00	-38.00	33.00	0.00
L|33.0|0.0|0.0|0.0
L|0.0|0.0|0.0|-38.0
L|0.0|-38.0|33.0|-38.0
L|33.0|-38.0|33.0|0.0
#3447293	4236669	273538	0.00	-38.00	100.00	0.00
L|100.0|0.0|0.0|0.0
L|0.0|0.0|0.0|-38.0
L|0.0|-38.0|100.0|-38.0
L|100.0|-38.0|100.0|0.0
#3447295	4236784	273538	0.00	-38.00	44.00	0.00
L|44.0|0.0|0.0|0.0
L|0.0|0.0|0.0|-38.0
L|0.0|-38.0|44.0|-38.0
L|44.0|-38.0|44.0|0.0
#3529933	3568873	273538	-150.00	-300.00	150.00	300.00
A|33.0|-269.0|7.0|-243.0|26.0|0|0
L|7.0|-243.0|7.0|243.0
A|7.0|243.0|33.0|269.0|26.0|0|0
L|33.0|269.0|150.0|269.0
L|150.0|269.0|150.0|300.0
L|150.0|300.0|-150.0|300.0
L|-150.0|300.0|-150.0|269.0
L|-150.0|269.0|-33.0|269.0
A|-33.0|269.0|-7.0|243.0|26.0|0|0
L|-7.0|243.0|-7.0|-243.0
A|-7.0|-243.0|-33.0|-269.0|26.0|0|0
L|-33.0|-269.0|-150.0|-269.0
L|-150.0|-269.0|-150.0|-300.0
L|-150.0|-300.0|150.0|-300.0
L|150.0|-300.0|150.0|-269.0
L|150.0|-269.0|33.0|-269.0
#3529935	3568874	273538	-150.00	-275.00	150.00	275.00
A|30.75|-245.0|6.75|-221.0|24.0|0|0
L|6.75|-221.0|6.75|221.0
A|6.75|221.0|30.75|245.0|24.0|0|0
L|30.75|245.0|150.0|245.0
L|150.0|245.0|150.0|275.0
L|150.0|275.0|-150.0|275.0
L|-150.0|275.0|-150.0|245.0
L|-150.0|245.0|-30.75|245.0
A|-30.75|245.0|-6.75|221.0|24.0|0|0
L|-6.75|221.0|-6.75|-221.0
A|-6.75|-221.0|-30.75|-245.0|24.0|0|0
L|-30.75|-245.0|-150.0|-245.0
L|-150.0|-245.0|-150.0|-275.0
L|-150.0|-275.0|150.0|-275.0
L|150.0|-275.0|150.0|-245.0
L|150.0|-245.0|30.75|-245.0
#3529937	3568875	273538	-150.00	-250.00	150.00	250.00
A|30.5|-221.0|6.5|-197.0|24.0|0|0
L|6.5|-197.0|6.5|197.0
A|6.5|197.0|30.5|221.0|24.0|0|0
L|30.5|221.0|150.0|221.0
L|150.0|221.0|150.0|250.0
L|150.0|250.0|-150.0|250.0
L|-150.0|250.0|-150.0|221.0
L|-150.0|221.0|-30.5|221.0
A|-30.5|221.0|-6.5|197.0|24.0|0|0
L|-6.5|197.0|-6.5|-197.0
A|-6.5|-197.0|-30.5|-221.0|24.0|0|0
L|-30.5|-221.0|-150.0|-221.0
L|-150.0|-221.0|-150.0|-250.0
L|-150.0|-250.0|150.0|-250.0
L|150.0|-250.0|150.0|-221.0
L|150.0|-221.0|30.5|-221.0
#3529939	3568876	273538	-150.00	-237.50	150.00	237.50
A|29.25|-209.5|6.25|-186.5|23.0|0|0
L|6.25|-186.5|6.25|186.5
A|6.25|186.5|29.25|209.5|23.0|0|0
L|29.25|209.5|150.0|209.5
L|150.0|209.5|150.0|237.5
L|150.0|237.5|-150.0|237.5
L|-150.0|237.5|-150.0|209.5
L|-150.0|209.5|-29.25|209.5
A|-29.25|209.5|-6.25|186.5|23.0|0|0
L|-6.25|186.5|-6.25|-186.5
A|-6.25|-186.5|-29.25|-209.5|23.0|0|0
L|-29.25|-209.5|-150.0|-209.5
L|-150.0|-209.5|-150.0|-237.5
L|-150.0|-237.5|150.0|-237.5
L|150.0|-237.5|150.0|-209.5
L|150.0|-209.5|29.25|-209.5
#3529941	3568877	273538	-150.00	-225.00	150.00	225.00
A|29.0|-198.0|6.0|-175.0|23.0|0|0
L|6.0|-175.0|6.0|175.0
A|6.0|175.0|29.0|198.0|23.0|0|0
L|29.0|198.0|150.0|198.0
L|150.0|198.0|150.0|225.0
L|150.0|225.0|-150.0|225.0
L|-150.0|225.0|-150.0|198.0
L|-150.0|198.0|-29.0|198.0
A|-29.0|198.0|-6.0|175.0|23.0|0|0
L|-6.0|175.0|-6.0|-175.0
A|-6.0|-175.0|-29.0|-198.0|23.0|0|0
L|-29.0|-198.0|-150.0|-198.0
L|-150.0|-198.0|-150.0|-225.0
L|-150.0|-225.0|150.0|-225.0
L|150.0|-225.0|150.0|-198.0
L|150.0|-198.0|29.0|-198.0
#3529943	3568878	273538	-150.00	-212.50	150.00	212.50
A|26.75|-186.5|5.75|-165.5|21.0|0|0
L|5.75|-165.5|5.75|165.5
A|5.75|165.5|26.75|186.5|21.0|0|0
L|26.75|186.5|150.0|186.5
L|150.0|186.5|150.0|212.5
L|150.0|212.5|-150.0|212.5
L|-150.0|212.5|-150.0|186.5
L|-150.0|186.5|-26.75|186.5
A|-26.75|186.5|-5.75|165.5|21.0|0|0
L|-5.75|165.5|-5.75|-165.5
A|-5.75|-165.5|-26.75|-186.5|21.0|0|0
L|-26.75|-186.5|-150.0|-186.5
L|-150.0|-186.5|-150.0|-212.5
L|-150.0|-212.5|150.0|-212.5
L|150.0|-212.5|150.0|-186.5
L|150.0|-186.5|26.75|-186.5
#3529945	3568879	273538	-150.00	-200.00	150.00	200.00
A|26.5|-175.0|5.5|-154.0|21.0|0|0
L|5.5|-154.0|5.5|154.0
A|5.5|154.0|26.5|175.0|21.0|0|0
L|26.5|175.0|150.0|175.0
L|150.0|175.0|150.0|200.0
L|150.0|200.0|-150.0|200.0
L|-150.0|200.0|-150.0|175.0
L|-150.0|175.0|-26.5|175.0
A|-26.5|175.0|-5.5|154.0|21.0|0|0
L|-5.5|154.0|-5.5|-154.0
A|-5.5|-154.0|-26.5|-175.0|21.0|0|0
L|-26.5|-175.0|-150.0|-175.0
L|-150.0|-175.0|-150.0|-200.0
L|-150.0|-200.0|150.0|-200.0
L|150.0|-200.0|150.0|-175.0
L|150.0|-175.0|26.5|-175.0
#3529947	3568880	273538	-150.00	-190.00	150.00	190.00
A|26.25|-166.0|5.25|-145.0|21.0|0|0
L|5.25|-145.0|5.25|145.0
A|5.25|145.0|26.25|166.0|21.0|0|0
L|26.25|166.0|150.0|166.0
L|150.0|166.0|150.0|190.0
L|150.0|190.0|-150.0|190.0
L|-150.0|190.0|-150.0|166.0
L|-150.0|166.0|-26.25|166.0
A|-26.25|166.0|-5.25|145.0|21.0|0|0
L|-5.25|145.0|-5.25|-145.0
A|-5.25|-145.0|-26.25|-166.0|21.0|0|0
L|-26.25|-166.0|-150.0|-166.0
L|-150.0|-166.0|-150.0|-190.0
L|-150.0|-190.0|150.0|-190.0
L|150.0|-190.0|150.0|-166.0
L|150.0|-166.0|26.25|-166.0
#3529949	3568881	273538	-150.00	-180.00	150.00	180.00
A|26.0|-157.0|5.0|-136.0|21.0|0|0
L|5.0|-136.0|5.0|136.0
A|5.0|136.0|26.0|157.0|21.0|0|0
L|26.0|157.0|150.0|157.0
L|150.0|157.0|150.0|180.0
L|150.0|180.0|-150.0|180.0
L|-150.0|180.0|-150.0|157.0
L|-150.0|157.0|-26.0|157.0
A|-26.0|157.0|-5.0|136.0|21.0|0|0
L|-5.0|136.0|-5.0|-136.0
A|-5.0|-136.0|-26.0|-157.0|21.0|0|0
L|-26.0|-157.0|-150.0|-157.0
L|-150.0|-157.0|-150.0|-180.0
L|-150.0|-180.0|150.0|-180.0
L|150.0|-180.0|150.0|-157.0
L|150.0|-157.0|26.0|-157.0
#3529951	3568893	273538	-150.00	-170.00	150.00	170.00
A|24.75|-148.0|4.75|-128.0|20.0|0|0
L|4.75|-128.0|4.75|128.0
A|4.75|128.0|24.75|148.0|20.0|0|0
L|24.75|148.0|150.0|148.0
L|150.0|148.0|150.0|170.0
L|150.0|170.0|-150.0|170.0
L|-150.0|170.0|-150.0|148.0
L|-150.0|148.0|-24.75|148.0
A|-24.75|148.0|-4.75|128.0|20.0|0|0
L|-4.75|128.0|-4.75|-128.0
A|-4.75|-128.0|-24.75|-148.0|20.0|0|0
L|-24.75|-148.0|-150.0|-148.0
L|-150.0|-148.0|-150.0|-170.0
L|-150.0|-170.0|150.0|-170.0
L|150.0|-170.0|150.0|-148.0
L|150.0|-148.0|24.75|-148.0
#3529953	3568894	273538	-150.00	-160.00	150.00	160.00
A|24.5|-139.0|4.5|-119.0|20.0|0|0
L|4.5|-119.0|4.5|119.0
A|4.5|119.0|24.5|139.0|20.0|0|0
L|24.5|139.0|150.0|139.0
L|150.0|139.0|150.0|160.0
L|150.0|160.0|-150.0|160.0
L|-150.0|160.0|-150.0|139.0
L|-150.0|139.0|-24.5|139.0
A|-24.5|139.0|-4.5|119.0|20.0|0|0
L|-4.5|119.0|-4.5|-119.0
A|-4.5|-119.0|-24.5|-139.0|20.0|0|0
L|-24.5|-139.0|-150.0|-139.0
L|-150.0|-139.0|-150.0|-160.0
L|-150.0|-160.0|150.0|-160.0
L|150.0|-160.0|150.0|-139.0
L|150.0|-139.0|24.5|-139.0
#3529955	3568895	273538	-150.00	-150.00	150.00	150.00
A|22.25|-130.0|4.25|-112.0|18.0|0|0
L|4.25|-112.0|4.25|112.0
A|4.25|112.0|22.25|130.0|18.0|0|0
L|22.25|130.0|150.0|130.0
L|150.0|130.0|150.0|150.0
L|150.0|150.0|-150.0|150.0
L|-150.0|150.0|-150.0|130.0
L|-150.0|130.0|-22.25|130.0
A|-22.25|130.0|-4.25|112.0|18.0|0|0
L|-4.25|112.0|-4.25|-112.0
A|-4.25|-112.0|-22.25|-130.0|18.0|0|0
L|-22.25|-130.0|-150.0|-130.0
L|-150.0|-130.0|-150.0|-150.0
L|-150.0|-150.0|150.0|-150.0
L|150.0|-150.0|150.0|-130.0
L|150.0|-130.0|22.25|-130.0
#3529957	3568896	273538	-140.00	-140.00	140.00	140.00
A|22.0|-121.0|4.0|-103.0|18.0|0|0
L|4.0|-103.0|4.0|103.0
A|4.0|103.0|22.0|121.0|18.0|0|0
L|22.0|121.0|140.0|121.0
L|140.0|121.0|140.0|140.0
L|140.0|140.0|-140.0|140.0
L|-140.0|140.0|-140.0|121.0
L|-140.0|121.0|-22.0|121.0
A|-22.0|121.0|-4.0|103.0|18.0|0|0
L|-4.0|103.0|-4.0|-103.0
A|-4.0|-103.0|-22.0|-121.0|18.0|0|0
L|-22.0|-121.0|-140.0|-121.0
L|-140.0|-121.0|-140.0|-140.0
L|-140.0|-140.0|140.0|-140.0
L|140.0|-140.0|140.0|-121.0
L|140.0|-121.0|22.0|-121.0
#3529959	3568897	273538	-130.00	-130.00	130.00	130.00
A|20.75|-112.0|3.75|-95.0|17.0|0|0
L|3.75|-95.0|3.75|95.0
A|3.75|95.0|20.75|112.0|17.0|0|0
L|20.75|112.0|130.0|112.0
L|130.0|112.0|130.0|130.0
L|130.0|130.0|-130.0|130.0
L|-130.0|130.0|-130.0|112.0
L|-130.0|112.0|-20.75|112.0
A|-20.75|112.0|-3.75|95.0|17.0|0|0
L|-3.75|95.0|-3.75|-95.0
A|-3.75|-95.0|-20.75|-112.0|17.0|0|0
L|-20.75|-112.0|-130.0|-112.0
L|-130.0|-112.0|-130.0|-130.0
L|-130.0|-130.0|130.0|-130.0
L|130.0|-130.0|130.0|-112.0
L|130.0|-112.0|20.75|-112.0
#3529961	3568898	273538	-120.00	-120.00	120.00	120.00
A|20.5|-103.0|3.5|-86.0|17.0|0|0
L|3.5|-86.0|3.5|86.0
A|3.5|86.0|20.5|103.0|17.0|0|0
L|20.5|103.0|120.0|103.0
L|120.0|103.0|120.0|120.0
L|120.0|120.0|-120.0|120.0
L|-120.0|120.0|-120.0|103.0
L|-120.0|103.0|-20.5|103.0
A|-20.5|103.0|-3.5|86.0|17.0|0|0
L|-3.5|86.0|-3.5|-86.0
A|-3.5|-86.0|-20.5|-103.0|17.0|0|0
L|-20.5|-103.0|-120.0|-103.0
L|-120.0|-103.0|-120.0|-120.0
L|-120.0|-120.0|120.0|-120.0
L|120.0|-120.0|120.0|-103.0
L|120.0|-103.0|20.5|-103.0
#3529963	3568899	273538	-110.00	-110.00	110.00	110.00
A|18.25|-94.0|3.25|-79.0|15.0|0|0
L|3.25|-79.0|3.25|79.0
A|3.25|79.0|18.25|94.0|15.0|0|0
L|18.25|94.0|110.0|94.0
L|110.0|94.0|110.0|110.0
L|110.0|110.0|-110.0|110.0
L|-110.0|110.0|-110.0|94.0
L|-110.0|94.0|-18.25|94.0
A|-18.25|94.0|-3.25|79.0|15.0|0|0
L|-3.25|79.0|-3.25|-79.0
A|-3.25|-79.0|-18.25|-94.0|15.0|0|0
L|-18.25|-94.0|-110.0|-94.0
L|-110.0|-94.0|-110.0|-110.0
L|-110.0|-110.0|110.0|-110.0
L|110.0|-110.0|110.0|-94.0
L|110.0|-94.0|18.25|-94.0
#3529965	3568900	273538	-100.00	-100.00	100.00	100.00
A|18.0|-85.0|3.0|-70.0|15.0|0|0
L|3.0|-70.0|3.0|70.0
A|3.0|70.0|18.0|85.0|15.0|0|0
L|18.0|85.0|100.0|85.0
L|100.0|85.0|100.0|100.0
L|100.0|100.0|-100.0|100.0
L|-100.0|100.0|-100.0|85.0
L|-100.0|85.0|-18.0|85.0
A|-18.0|85.0|-3.0|70.0|15.0|0|0
L|-3.0|70.0|-3.0|-70.0
A|-3.0|-70.0|-18.0|-85.0|15.0|0|0
L|-18.0|-85.0|-100.0|-85.0
L|-100.0|-85.0|-100.0|-100.0
L|-100.0|-100.0|100.0|-100.0
L|100.0|-100.0|100.0|-85.0
L|100.0|-85.0|18.0|-85.0
#3529967	3568901	273538	-90.00	-90.00	90.00	90.00
A|16.75|-76.0|2.75|-62.0|14.0|0|0
L|2.75|-62.0|2.75|62.0
A|2.75|62.0|16.75|76.0|14.0|0|0
L|16.75|76.0|90.0|76.0
L|90.0|76.0|90.0|90.0
L|90.0|90.0|-90.0|90.0
L|-90.0|90.0|-90.0|76.0
L|-90.0|76.0|-16.75|76.0
A|-16.75|76.0|-2.75|62.0|14.0|0|0
L|-2.75|62.0|-2.75|-62.0
A|-2.75|-62.0|-16.75|-76.0|14.0|0|0
L|-16.75|-76.0|-90.0|-76.0
L|-90.0|-76.0|-90.0|-90.0
L|-90.0|-90.0|90.0|-90.0
L|90.0|-90.0|90.0|-76.0
L|90.0|-76.0|16.75|-76.0
#3529969	3568902	273538	-80.00	-80.00	80.00	80.00
A|15.5|-67.0|2.5|-54.0|13.0|0|0
L|2.5|-54.0|2.5|54.0
A|2.5|54.0|15.5|67.0|13.0|0|0
L|15.5|67.0|80.0|67.0
L|80.0|67.0|80.0|80.0
L|80.0|80.0|-80.0|80.0
L|-80.0|80.0|-80.0|67.0
L|-80.0|67.0|-15.5|67.0
A|-15.5|67.0|-2.5|54.0|13.0|0|0
L|-2.5|54.0|-2.5|-54.0
A|-2.5|-54.0|-15.5|-67.0|13.0|0|0
L|-15.5|-67.0|-80.0|-67.0
L|-80.0|-67.0|-80.0|-80.0
L|-80.0|-80.0|80.0|-80.0
L|80.0|-80.0|80.0|-67.0
L|80.0|-67.0|15.5|-67.0
#3529971	3568903	273538	-70.00	-70.00	70.00	70.00
A|14.25|-58.0|2.25|-46.0|12.0|0|0
L|2.25|-46.0|2.25|46.0
A|2.25|46.0|14.25|58.0|12.0|0|0
L|14.25|58.0|70.0|58.0
L|70.0|58.0|70.0|70.0
L|70.0|70.0|-70.0|70.0
L|-70.0|70.0|-70.0|58.0
L|-70.0|58.0|-14.25|58.0
A|-14.25|58.0|-2.25|46.0|12.0|0|0
L|-2.25|46.0|-2.25|-46.0
A|-2.25|-46.0|-14.25|-58.0|12.0|0|0
L|-14.25|-58.0|-70.0|-58.0
L|-70.0|-58.0|-70.0|-70.0
L|-70.0|-70.0|70.0|-70.0
L|70.0|-70.0|70.0|-58.0
L|70.0|-58.0|14.25|-58.0
#3529973	3568904	273538	-60.00	-60.00	60.00	60.00
A|13.5|-49.0|2.5|-38.0|11.0|0|0
L|2.5|-38.0|2.5|38.0
A|2.5|38.0|13.5|49.0|11.0|0|0
L|13.5|49.0|60.0|49.0
L|60.0|49.0|60.0|60.0
L|60.0|60.0|-60.0|60.0
L|-60.0|60.0|-60.0|49.0
L|-60.0|49.0|-13.5|49.0
A|-13.5|49.0|-2.5|38.0|11.0|0|0
L|-2.5|38.0|-2.5|-38.0
A|-2.5|-38.0|-13.5|-49.0|11.0|0|0
L|-13.5|-49.0|-60.0|-49.0
L|-60.0|-49.0|-60.0|-60.0
L|-60.0|-60.0|60.0|-60.0
L|60.0|-60.0|60.0|-49.0
L|60.0|-49.0|13.5|-49.0
#3529975	3568905	273538	-50.00	-50.00	50.00	50.00
A|13.5|-39.0|2.5|-28.0|11.0|0|0
L|2.5|-28.0|2.5|28.0
A|2.5|28.0|13.5|39.0|11.0|0|0
L|13.5|39.0|50.0|39.0
L|50.0|39.0|50.0|50.0
L|50.0|50.0|-50.0|50.0
L|-50.0|50.0|-50.0|39.0
L|-50.0|39.0|-13.5|39.0
A|-13.5|39.0|-2.5|28.0|11.0|0|0
L|-2.5|28.0|-2.5|-28.0
A|-2.5|-28.0|-13.5|-39.0|11.0|0|0
L|-13.5|-39.0|-50.0|-39.0
L|-50.0|-39.0|-50.0|-50.0
L|-50.0|-50.0|50.0|-50.0
L|50.0|-50.0|50.0|-39.0
L|50.0|-39.0|13.5|-39.0
#3529977	3568983	273538	-149.00	-496.00	149.00	496.00
A|38.5|-464.0|8.5|-434.0|30.0|0|0
L|8.5|-434.0|8.5|434.0
A|8.5|434.0|38.5|464.0|30.0|0|0
L|38.5|464.0|149.0|464.0
L|149.0|464.0|149.0|496.0
L|149.0|496.0|-149.0|496.0
L|-149.0|496.0|-149.0|464.0
L|-149.0|464.0|-38.5|464.0
A|-38.5|464.0|-8.5|434.0|30.0|0|0
L|-8.5|434.0|-8.5|-434.0
A|-8.5|-434.0|-38.5|-464.0|30.0|0|0
L|-38.5|-464.0|-149.0|-464.0
L|-149.0|-464.0|-149.0|-496.0
L|-149.0|-496.0|149.0|-496.0
L|149.0|-496.0|149.0|-464.0
L|149.0|-464.0|38.5|-464.0
#3529979	3568984	273538	-149.00	-471.00	149.00	471.00
A|38.5|-439.0|8.5|-409.0|30.0|0|0
L|8.5|-409.0|8.5|409.0
A|8.5|409.0|38.5|439.0|30.0|0|0
L|38.5|439.0|149.0|439.0
L|149.0|439.0|149.0|471.0
L|149.0|471.0|-149.0|471.0
L|-149.0|471.0|-149.0|439.0
L|-149.0|439.0|-38.5|439.0
A|-38.5|439.0|-8.5|409.0|30.0|0|0
L|-8.5|409.0|-8.5|-409.0
A|-8.5|-409.0|-38.5|-439.0|30.0|0|0
L|-38.5|-439.0|-149.0|-439.0
L|-149.0|-439.0|-149.0|-471.0
L|-149.0|-471.0|149.0|-471.0
L|149.0|-471.0|149.0|-439.0
L|149.0|-439.0|38.5|-439.0
#3529981	3568985	273538	-149.00	-446.00	149.00	446.00
A|38.5|-414.0|8.5|-384.0|30.0|0|0
L|8.5|-384.0|8.5|384.0
A|8.5|384.0|38.5|414.0|30.0|0|0
L|38.5|414.0|149.0|414.0
L|149.0|414.0|149.0|446.0
L|149.0|446.0|-149.0|446.0
L|-149.0|446.0|-149.0|414.0
L|-149.0|414.0|-38.5|414.0
A|-38.5|414.0|-8.5|384.0|30.0|0|0
L|-8.5|384.0|-8.5|-384.0
A|-8.5|-384.0|-38.5|-414.0|30.0|0|0
L|-38.5|-414.0|-149.0|-414.0
L|-149.0|-414.0|-149.0|-446.0
L|-149.0|-446.0|149.0|-446.0
L|149.0|-446.0|149.0|-414.0
L|149.0|-414.0|38.5|-414.0
#3529983	3568986	273538	-149.00	-421.00	149.00	421.00
A|38.5|-389.0|8.5|-359.0|30.0|0|0
L|8.5|-359.0|8.5|359.0
A|8.5|359.0|38.5|389.0|30.0|0|0
L|38.5|389.0|149.0|389.0
L|149.0|389.0|149.0|421.0
L|149.0|421.0|-149.0|421.0
L|-149.0|421.0|-149.0|389.0
L|-149.0|389.0|-38.5|389.0
A|-38.5|389.0|-8.5|359.0|30.0|0|0
L|-8.5|359.0|-8.5|-359.0
A|-8.5|-359.0|-38.5|-389.0|30.0|0|0
L|-38.5|-389.0|-149.0|-389.0
L|-149.0|-389.0|-149.0|-421.0
L|-149.0|-421.0|149.0|-421.0
L|149.0|-421.0|149.0|-389.0
L|149.0|-389.0|38.5|-389.0
#3529985	3568987	273538	-149.00	-396.00	149.00	396.00
A|38.0|-366.0|8.0|-336.0|30.0|0|0
L|8.0|-336.0|8.0|336.0
A|8.0|336.0|38.0|366.0|30.0|0|0
L|38.0|366.0|149.0|366.0
L|149.0|366.0|149.0|396.0
L|149.0|396.0|-149.0|396.0
L|-149.0|396.0|-149.0|366.0
L|-149.0|366.0|-38.0|366.0
A|-38.0|366.0|-8.0|336.0|30.0|0|0
L|-8.0|336.0|-8.0|-336.0
A|-8.0|-336.0|-38.0|-366.0|30.0|0|0
L|-38.0|-366.0|-149.0|-366.0
L|-149.0|-366.0|-149.0|-396.0
L|-149.0|-396.0|149.0|-396.0
L|149.0|-396.0|149.0|-366.0
L|149.0|-366.0|38.0|-366.0
#3529987	3568988	273538	-148.50	-369.00	148.50	369.00
A|34.5|-341.0|7.5|-314.0|27.0|0|0
L|7.5|-314.0|7.5|314.0
A|7.5|314.0|34.5|341.0|27.0|0|0
L|34.5|341.0|148.5|341.0
L|148.5|341.0|148.5|369.0
L|148.5|369.0|-148.5|369.0
L|-148.5|369.0|-148.5|341.0
L|-148.5|341.0|-34.5|341.0
A|-34.5|341.0|-7.5|314.0|27.0|0|0
L|-7.5|314.0|-7.5|-314.0
A|-7.5|-314.0|-34.5|-341.0|27.0|0|0
L|-34.5|-341.0|-148.5|-341.0
L|-148.5|-341.0|-148.5|-369.0
L|-148.5|-369.0|148.5|-369.0
L|148.5|-369.0|148.5|-341.0
L|148.5|-341.0|34.5|-341.0
#3529989	3568989	273538	-148.50	-344.00	148.50	344.00
A|34.0|-316.0|7.0|-289.0|27.0|0|0
L|7.0|-289.0|7.0|289.0
A|7.0|289.0|34.0|316.0|27.0|0|0
L|34.0|316.0|148.5|316.0
L|148.5|316.0|148.5|344.0
L|148.5|344.0|-148.5|344.0
L|-148.5|344.0|-148.5|316.0
L|-148.5|316.0|-34.0|316.0
A|-34.0|316.0|-7.0|289.0|27.0|0|0
L|-7.0|289.0|-7.0|-289.0
A|-7.0|-289.0|-34.0|-316.0|27.0|0|0
L|-34.0|-316.0|-148.5|-316.0
L|-148.5|-316.0|-148.5|-344.0
L|-148.5|-344.0|148.5|-344.0
L|148.5|-344.0|148.5|-316.0
L|148.5|-316.0|34.0|-316.0
#3529991	3568990	273538	-148.50	-319.00	148.50	319.00
A|34.0|-293.0|7.0|-266.0|27.0|0|0
L|7.0|-266.0|7.0|266.0
A|7.0|266.0|34.0|293.0|27.0|0|0
L|34.0|293.0|148.5|293.0
L|148.5|293.0|148.5|319.0
L|148.5|319.0|-148.5|319.0
L|-148.5|319.0|-148.5|293.0
L|-148.5|293.0|-34.0|293.0
A|-34.0|293.0|-7.0|266.0|27.0|0|0
L|-7.0|266.0|-7.0|-266.0
A|-7.0|-266.0|-34.0|-293.0|27.0|0|0
L|-34.0|-293.0|-148.5|-293.0
L|-148.5|-293.0|-148.5|-319.0
L|-148.5|-319.0|148.5|-319.0
L|148.5|-319.0|148.5|-293.0
L|148.5|-293.0|34.0|-293.0
#3529993	3568991	273538	-148.50	-294.00	148.50	294.00
A|32.5|-268.0|6.5|-242.0|26.0|0|0
L|6.5|-242.0|6.5|242.0
A|6.5|242.0|32.5|268.0|26.0|0|0
L|32.5|268.0|148.5|268.0
L|148.5|268.0|148.5|294.0
L|148.5|294.0|-148.5|294.0
L|-148.5|294.0|-148.5|268.0
L|-148.5|268.0|-32.5|268.0
A|-32.5|268.0|-6.5|242.0|26.0|0|0
L|-6.5|242.0|-6.5|-242.0
A|-6.5|-242.0|-32.5|-268.0|26.0|0|0
L|-32.5|-268.0|-148.5|-268.0
L|-148.5|-268.0|-148.5|-294.0
L|-148.5|-294.0|148.5|-294.0
L|148.5|-294.0|148.5|-268.0
L|148.5|-268.0|32.5|-268.0
#3529995	3568992	273538	-148.50	-269.50	148.50	269.50
A|33.5|-245.5|7.5|-219.5|26.0|0|0
L|7.5|-219.5|7.5|219.5
A|7.5|219.5|33.5|245.5|26.0|0|0
L|33.5|245.5|148.5|245.5
L|148.5|245.5|148.5|269.5
L|148.5|269.5|-148.5|269.5
L|-148.5|269.5|-148.5|245.5
L|-148.5|245.5|-33.5|245.5
A|-33.5|245.5|-7.5|219.5|26.0|0|0
L|-7.5|219.5|-7.5|-219.5
A|-7.5|-219.5|-33.5|-245.5|26.0|0|0
L|-33.5|-245.5|-148.5|-245.5
L|-148.5|-245.5|-148.5|-269.5
L|-148.5|-269.5|148.5|-269.5
L|148.5|-269.5|148.5|-245.5
L|148.5|-245.5|33.5|-245.5
#3529997	3569003	273538	-148.50	-244.00	148.50	244.00
A|30.5|-220.0|6.5|-196.0|24.0|0|0
L|6.5|-196.0|6.5|196.0
A|6.5|196.0|30.5|220.0|24.0|0|0
L|30.5|220.0|148.5|220.0
L|148.5|220.0|148.5|244.0
L|148.5|244.0|-148.5|244.0
L|-148.5|244.0|-148.5|220.0
L|-148.5|220.0|-30.5|220.0
A|-30.5|220.0|-6.5|196.0|24.0|0|0
L|-6.5|196.0|-6.5|-196.0
A|-6.5|-196.0|-30.5|-220.0|24.0|0|0
L|-30.5|-220.0|-148.5|-220.0
L|-148.5|-220.0|-148.5|-244.0
L|-148.5|-244.0|148.5|-244.0
L|148.5|-244.0|148.5|-220.0
L|148.5|-220.0|30.5|-220.0
#3529999	3569004	273538	-148.50	-232.50	148.50	232.50
A|29.25|-209.5|6.25|-186.5|23.0|0|0
L|6.25|-186.5|6.25|186.5
A|6.25|186.5|29.25|209.5|23.0|0|0
L|29.25|209.5|148.5|209.5
L|148.5|209.5|148.5|232.5
L|148.5|232.5|-148.5|232.5
L|-148.5|232.5|-148.5|209.5
L|-148.5|209.5|-29.25|209.5
A|-29.25|209.5|-6.25|186.5|23.0|0|0
L|-6.25|186.5|-6.25|-186.5
A|-6.25|-186.5|-29.25|-209.5|23.0|0|0
L|-29.25|-209.5|-148.5|-209.5
L|-148.5|-209.5|-148.5|-232.5
L|-148.5|-232.5|148.5|-232.5
L|148.5|-232.5|148.5|-209.5
L|148.5|-209.5|29.25|-209.5
#3530001	3569005	273538	-148.50	-219.00	148.50	219.00
A|29.0|-197.0|6.0|-174.0|23.0|0|0
L|6.0|-174.0|6.0|174.0
A|6.0|174.0|29.0|197.0|23.0|0|0
L|29.0|197.0|148.5|197.0
L|148.5|197.0|148.5|219.0
L|148.5|219.0|-148.5|219.0
L|-148.5|219.0|-148.5|197.0
L|-148.5|197.0|-29.0|197.0
A|-29.0|197.0|-6.0|174.0|23.0|0|0
L|-6.0|174.0|-6.0|-174.0
A|-6.0|-174.0|-29.0|-197.0|23.0|0|0
L|-29.0|-197.0|-148.5|-197.0
L|-148.5|-197.0|-148.5|-219.0
L|-148.5|-219.0|148.5|-219.0
L|148.5|-219.0|148.5|-197.0
L|148.5|-197.0|29.0|-197.0
#3530003	3569006	273538	-148.50	-207.50	148.50	207.50
A|26.75|-186.5|5.75|-165.5|21.0|0|0
L|5.75|-165.5|5.75|165.5
A|5.75|165.5|26.75|186.5|21.0|0|0
L|26.75|186.5|148.5|186.5
L|148.5|186.5|148.5|207.5
L|148.5|207.5|-148.5|207.5
L|-148.5|207.5|-148.5|186.5
L|-148.5|186.5|-26.75|186.5
A|-26.75|186.5|-5.75|165.5|21.0|0|0
L|-5.75|165.5|-5.75|-165.5
A|-5.75|-165.5|-26.75|-186.5|21.0|0|0
L|-26.75|-186.5|-148.5|-186.5
L|-148.5|-186.5|-148.5|-207.5
L|-148.5|-207.5|148.5|-207.5
L|148.5|-207.5|148.5|-186.5
L|148.5|-186.5|26.75|-186.5
#3530005	3569007	273538	-148.50	-194.00	148.50	194.00
A|26.0|-174.0|5.0|-153.0|21.0|0|0
L|5.0|-153.0|5.0|153.0
A|5.0|153.0|26.0|174.0|21.0|0|0
L|26.0|174.0|148.5|174.0
L|148.5|174.0|148.5|194.0
L|148.5|194.0|-148.5|194.0
L|-148.5|194.0|-148.5|174.0
L|-148.5|174.0|-26.0|174.0
A|-26.0|174.0|-5.0|153.0|21.0|0|0
L|-5.0|153.0|-5.0|-153.0
A|-5.0|-153.0|-26.0|-174.0|21.0|0|0
L|-26.0|-174.0|-148.5|-174.0
L|-148.5|-174.0|-148.5|-194.0
L|-148.5|-194.0|148.5|-194.0
L|148.5|-194.0|148.5|-174.0
L|148.5|-174.0|26.0|-174.0
#3530007	3569008	273538	-148.50	-185.00	148.50	185.00
A|26.5|-166.0|5.5|-145.0|21.0|0|0
L|5.5|-145.0|5.5|145.0
A|5.5|145.0|26.5|166.0|21.0|0|0
L|26.5|166.0|148.5|166.0
L|148.5|166.0|148.5|185.0
L|148.5|185.0|-148.5|185.0
L|-148.5|185.0|-148.5|166.0
L|-148.5|166.0|-26.5|166.0
A|-26.5|166.0|-5.5|145.0|21.0|0|0
L|-5.5|145.0|-5.5|-145.0
A|-5.5|-145.0|-26.5|-166.0|21.0|0|0
L|-26.5|-166.0|-148.5|-166.0
L|-148.5|-166.0|-148.5|-185.0
L|-148.5|-185.0|148.5|-185.0
L|148.5|-185.0|148.5|-166.0
L|148.5|-166.0|26.5|-166.0
#3530009	3569009	273538	-148.50	-174.00	148.50	174.00
A|26.25|-156.0|5.25|-135.0|21.0|0|0
L|5.25|-135.0|5.25|135.0
A|5.25|135.0|26.25|156.0|21.0|0|0
L|26.25|156.0|148.5|156.0
L|148.5|156.0|148.5|174.0
L|148.5|174.0|-148.5|174.0
L|-148.5|174.0|-148.5|156.0
L|-148.5|156.0|-26.25|156.0
A|-26.25|156.0|-5.25|135.0|21.0|0|0
L|-5.25|135.0|-5.25|-135.0
A|-5.25|-135.0|-26.25|-156.0|21.0|0|0
L|-26.25|-156.0|-148.5|-156.0
L|-148.5|-156.0|-148.5|-174.0
L|-148.5|-174.0|148.5|-174.0
L|148.5|-174.0|148.5|-156.0
L|148.5|-156.0|26.25|-156.0
#3530011	3569010	273538	-148.50	-165.00	148.50	165.00
A|25.0|-148.0|5.0|-128.0|20.0|0|0
L|5.0|-128.0|5.0|128.0
A|5.0|128.0|25.0|148.0|20.0|0|0
L|25.0|148.0|148.5|148.0
L|148.5|148.0|148.5|165.0
L|148.5|165.0|-148.5|165.0
L|-148.5|165.0|-148.5|148.0
L|-148.5|148.0|-25.0|148.0
A|-25.0|148.0|-5.0|128.0|20.0|0|0
L|-5.0|128.0|-5.0|-128.0
A|-5.0|-128.0|-25.0|-148.0|20.0|0|0
L|-25.0|-148.0|-148.5|-148.0
L|-148.5|-148.0|-148.5|-165.0
L|-148.5|-165.0|148.5|-165.0
L|148.5|-165.0|148.5|-148.0
L|148.5|-148.0|25.0|-148.0
#3530013	3569011	273538	-148.50	-154.00	148.50	154.00
A|24.75|-138.0|4.75|-118.0|20.0|0|0
L|4.75|-118.0|4.75|118.0
A|4.75|118.0|24.75|138.0|20.0|0|0
L|24.75|138.0|148.5|138.0
L|148.5|138.0|148.5|154.0
L|148.5|154.0|-148.5|154.0
L|-148.5|154.0|-148.5|138.0
L|-148.5|138.0|-24.75|138.0
A|-24.75|138.0|-4.75|118.0|20.0|0|0
L|-4.75|118.0|-4.75|-118.0
A|-4.75|-118.0|-24.75|-138.0|20.0|0|0
L|-24.75|-138.0|-148.5|-138.0
L|-148.5|-138.0|-148.5|-154.0
L|-148.5|-154.0|148.5|-154.0
L|148.5|-154.0|148.5|-138.0
L|148.5|-138.0|24.75|-138.0
#3530015	3569022	273538	-148.50	-144.50	148.50	144.50
A|22.4|-130.0|4.4|-112.0|18.0|0|0
L|4.4|-112.0|4.4|112.0
A|4.4|112.0|22.4|130.0|18.0|0|0
L|22.4|130.0|148.5|130.0
L|148.5|130.0|148.5|144.5
L|148.5|144.5|-148.5|144.5
L|-148.5|144.5|-148.5|130.0
L|-148.5|130.0|-22.4|130.0
A|-22.4|130.0|-4.4|112.0|18.0|0|0
L|-4.4|112.0|-4.4|-112.0
A|-4.4|-112.0|-22.4|-130.0|18.0|0|0
L|-22.4|-130.0|-148.5|-130.0
L|-148.5|-130.0|-148.5|-144.5
L|-148.5|-144.5|148.5|-144.5
L|148.5|-144.5|148.5|-130.0
L|148.5|-130.0|22.4|-130.0
#3530017	3569023	273538	-138.50	-133.50	138.50	133.50
A|22.15|-120.0|4.15|-102.0|18.0|0|0
L|4.15|-102.0|4.15|102.0
A|4.15|102.0|22.15|120.0|18.0|0|0
L|22.15|120.0|138.5|120.0
L|138.5|120.0|138.5|133.5
L|138.5|133.5|-138.5|133.5
L|-138.5|133.5|-138.5|120.0
L|-138.5|120.0|-22.15|120.0
A|-22.15|120.0|-4.15|102.0|18.0|0|0
L|-4.15|102.0|-4.15|-102.0
A|-4.15|-102.0|-22.15|-120.0|18.0|0|0
L|-22.15|-120.0|-138.5|-120.0
L|-138.5|-120.0|-138.5|-133.5
L|-138.5|-133.5|138.5|-133.5
L|138.5|-133.5|138.5|-120.0
L|138.5|-120.0|22.15|-120.0
#3530019	3569024	273538	-128.50	-125.00	128.50	125.00
A|21.0|-112.0|4.0|-95.0|17.0|0|0
L|4.0|-95.0|4.0|95.0
A|4.0|95.0|21.0|112.0|17.0|0|0
L|21.0|112.0|128.5|112.0
L|128.5|112.0|128.5|125.0
L|128.5|125.0|-128.5|125.0
L|-128.5|125.0|-128.5|112.0
L|-128.5|112.0|-21.0|112.0
A|-21.0|112.0|-4.0|95.0|17.0|0|0
L|-4.0|95.0|-4.0|-95.0
A|-4.0|-95.0|-21.0|-112.0|17.0|0|0
L|-21.0|-112.0|-128.5|-112.0
L|-128.5|-112.0|-128.5|-125.0
L|-128.5|-125.0|128.5|-125.0
L|128.5|-125.0|128.5|-112.0
L|128.5|-112.0|21.0|-112.0
#3530021	3569025	273538	-118.50	-114.50	118.50	114.50
A|20.9|-102.0|3.9|-85.0|17.0|0|0
L|3.9|-85.0|3.9|85.0
A|3.9|85.0|20.9|102.0|17.0|0|0
L|20.9|102.0|118.5|102.0
L|118.5|102.0|118.5|114.5
L|118.5|114.5|-118.5|114.5
L|-118.5|114.5|-118.5|102.0
L|-118.5|102.0|-20.9|102.0
A|-20.9|102.0|-3.9|85.0|17.0|0|0
L|-3.9|85.0|-3.9|-85.0
A|-3.9|-85.0|-20.9|-102.0|17.0|0|0
L|-20.9|-102.0|-118.5|-102.0
L|-118.5|-102.0|-118.5|-114.5
L|-118.5|-114.5|118.5|-114.5
L|118.5|-114.5|118.5|-102.0
L|118.5|-102.0|20.9|-102.0
#3530023	3569026	273538	-108.50	-105.50	108.50	105.50
A|18.65|-94.0|3.65|-79.0|15.0|0|0
L|3.65|-79.0|3.65|79.0
A|3.65|79.0|18.65|94.0|15.0|0|0
L|18.65|94.0|108.5|94.0
L|108.5|94.0|108.5|105.5
L|108.5|105.5|-108.5|105.5
L|-108.5|105.5|-108.5|94.0
L|-108.5|94.0|-18.65|94.0
A|-18.65|94.0|-3.65|79.0|15.0|0|0
L|-3.65|79.0|-3.65|-79.0
A|-3.65|-79.0|-18.65|-94.0|15.0|0|0
L|-18.65|-94.0|-108.5|-94.0
L|-108.5|-94.0|-108.5|-105.5
L|-108.5|-105.5|108.5|-105.5
L|108.5|-105.5|108.5|-94.0
L|108.5|-94.0|18.65|-94.0
#3530025	3569027	273538	-98.50	-95.00	98.50	95.00
A|18.5|-84.0|3.5|-69.0|15.0|0|0
L|3.5|-69.0|3.5|69.0
A|3.5|69.0|18.5|84.0|15.0|0|0
L|18.5|84.0|98.5|84.0
L|98.5|84.0|98.5|95.0
L|98.5|95.0|-98.5|95.0
L|-98.5|95.0|-98.5|84.0
L|-98.5|84.0|-18.5|84.0
A|-18.5|84.0|-3.5|69.0|15.0|0|0
L|-3.5|69.0|-3.5|-69.0
A|-3.5|-69.0|-18.5|-84.0|15.0|0|0
L|-18.5|-84.0|-98.5|-84.0
L|-98.5|-84.0|-98.5|-95.0
L|-98.5|-95.0|98.5|-95.0
L|98.5|-95.0|98.5|-84.0
L|98.5|-84.0|18.5|-84.0
#3530027	3569028	273538	-88.50	-86.00	88.50	86.00
A|17.25|-76.0|3.25|-62.0|14.0|0|0
L|3.25|-62.0|3.25|62.0
A|3.25|62.0|17.25|76.0|14.0|0|0
L|17.25|76.0|88.5|76.0
L|88.5|76.0|88.5|86.0
L|88.5|86.0|-88.5|86.0
L|-88.5|86.0|-88.5|76.0
L|-88.5|76.0|-17.25|76.0
A|-17.25|76.0|-3.25|62.0|14.0|0|0
L|-3.25|62.0|-3.25|-62.0
A|-3.25|-62.0|-17.25|-76.0|14.0|0|0
L|-17.25|-76.0|-88.5|-76.0
L|-88.5|-76.0|-88.5|-86.0
L|-88.5|-86.0|88.5|-86.0
L|88.5|-86.0|88.5|-76.0
L|88.5|-76.0|17.25|-76.0
#3530029	3569029	273538	-78.50	-75.00	78.50	75.00
A|17.0|-66.0|3.0|-52.0|14.0|0|0
L|3.0|-52.0|3.0|52.0
A|3.0|52.0|17.0|66.0|14.0|0|0
L|17.0|66.0|78.5|66.0
L|78.5|66.0|78.5|75.0
L|78.5|75.0|-78.5|75.0
L|-78.5|75.0|-78.5|66.0
L|-78.5|66.0|-17.0|66.0
A|-17.0|66.0|-3.0|52.0|14.0|0|0
L|-3.0|52.0|-3.0|-52.0
A|-3.0|-52.0|-17.0|-66.0|14.0|0|0
L|-17.0|-66.0|-78.5|-66.0
L|-78.5|-66.0|-78.5|-75.0
L|-78.5|-75.0|78.5|-75.0
L|78.5|-75.0|78.5|-66.0
L|78.5|-66.0|17.0|-66.0
#3530031	3569030	273538	-69.00	-66.50	69.00	66.50
A|14.75|-58.0|2.75|-46.0|12.0|0|0
L|2.75|-46.0|2.75|46.0
A|2.75|46.0|14.75|58.0|12.0|0|0
L|14.75|58.0|69.0|58.0
L|69.0|58.0|69.0|66.5
L|69.0|66.5|-69.0|66.5
L|-69.0|66.5|-69.0|58.0
L|-69.0|58.0|-14.75|58.0
A|-14.75|58.0|-2.75|46.0|12.0|0|0
L|-2.75|46.0|-2.75|-46.0
A|-2.75|-46.0|-14.75|-58.0|12.0|0|0
L|-14.75|-58.0|-69.0|-58.0
L|-69.0|-58.0|-69.0|-66.5
L|-69.0|-66.5|69.0|-66.5
L|69.0|-66.5|69.0|-58.0
L|69.0|-58.0|14.75|-58.0
#3530033	3569031	273538	-59.50	-57.00	59.50	57.00
A|13.5|-49.0|2.5|-38.0|11.0|0|0
L|2.5|-38.0|2.5|38.0
A|2.5|38.0|13.5|49.0|11.0|0|0
L|13.5|49.0|59.5|49.0
L|59.5|49.0|59.5|57.0
L|59.5|57.0|-59.5|57.0
L|-59.5|57.0|-59.5|49.0
L|-59.5|49.0|-13.5|49.0
A|-13.5|49.0|-2.5|38.0|11.0|0|0
L|-2.5|38.0|-2.5|-38.0
A|-2.5|-38.0|-13.5|-49.0|11.0|0|0
L|-13.5|-49.0|-59.5|-49.0
L|-59.5|-49.0|-59.5|-57.0
L|-59.5|-57.0|59.5|-57.0
L|59.5|-57.0|59.5|-49.0
L|59.5|-49.0|13.5|-49.0
#3530035	3569032	273538	-49.50	-47.00	49.50	47.00
A|13.5|-39.0|2.5|-28.0|11.0|0|0
L|2.5|-28.0|2.5|28.0
A|2.5|28.0|13.5|39.0|11.0|0|0
L|13.5|39.0|49.5|39.0
L|49.5|39.0|49.5|47.0
L|49.5|47.0|-49.5|47.0
L|-49.5|47.0|-49.5|39.0
L|-49.5|39.0|-13.5|39.0
A|-13.5|39.0|-2.5|28.0|11.0|0|0
L|-2.5|28.0|-2.5|-28.0
A|-2.5|-28.0|-13.5|-39.0|11.0|0|0
L|-13.5|-39.0|-49.5|-39.0
L|-49.5|-39.0|-49.5|-47.0
L|-49.5|-47.0|49.5|-47.0
L|49.5|-47.0|49.5|-39.0
L|49.5|-39.0|13.5|-39.0
#3530037	3569058	273538	-150.00	-500.00	150.00	500.00
A|39.5|-464.0|9.5|-434.0|30.0|0|0
L|9.5|-434.0|9.5|434.0
A|9.5|434.0|39.5|464.0|30.0|0|0
L|39.5|464.0|150.0|464.0
L|150.0|464.0|150.0|500.0
L|150.0|500.0|-150.0|500.0
L|-150.0|500.0|-150.0|464.0
L|-150.0|464.0|-39.5|464.0
A|-39.5|464.0|-9.5|434.0|30.0|0|0
L|-9.5|434.0|-9.5|-434.0
A|-9.5|-434.0|-39.5|-464.0|30.0|0|0
L|-39.5|-464.0|-150.0|-464.0
L|-150.0|-464.0|-150.0|-500.0
L|-150.0|-500.0|150.0|-500.0
L|150.0|-500.0|150.0|-464.0
L|150.0|-464.0|39.5|-464.0
#3530039	3569059	273538	-150.00	-475.00	150.00	475.00
A|39.5|-439.0|9.5|-409.0|30.0|0|0
L|9.5|-409.0|9.5|409.0
A|9.5|409.0|39.5|439.0|30.0|0|0
L|39.5|439.0|150.0|439.0
L|150.0|439.0|150.0|475.0
L|150.0|475.0|-150.0|475.0
L|-150.0|475.0|-150.0|439.0
L|-150.0|439.0|-39.5|439.0
A|-39.5|439.0|-9.5|409.0|30.0|0|0
L|-9.5|409.0|-9.5|-409.0
A|-9.5|-409.0|-39.5|-439.0|30.0|0|0
L|-39.5|-439.0|-150.0|-439.0
L|-150.0|-439.0|-150.0|-475.0
L|-150.0|-475.0|150.0|-475.0
L|150.0|-475.0|150.0|-439.0
L|150.0|-439.0|39.5|-439.0
#3530041	3569060	273538	-150.00	-450.00	150.00	450.00
A|39.5|-414.0|9.5|-384.0|30.0|0|0
L|9.5|-384.0|9.5|384.0
A|9.5|384.0|39.5|414.0|30.0|0|0
L|39.5|414.0|150.0|414.0
L|150.0|414.0|150.0|450.0
L|150.0|450.0|-150.0|450.0
L|-150.0|450.0|-150.0|414.0
L|-150.0|414.0|-39.5|414.0
A|-39.5|414.0|-9.5|384.0|30.0|0|0
L|-9.5|384.0|-9.5|-384.0
A|-9.5|-384.0|-39.5|-414.0|30.0|0|0
L|-39.5|-414.0|-150.0|-414.0
L|-150.0|-414.0|-150.0|-450.0
L|-150.0|-450.0|150.0|-450.0
L|150.0|-450.0|150.0|-414.0
L|150.0|-414.0|39.5|-414.0
#3530043	3569061	273538	-150.00	-425.00	150.00	425.00
A|39.5|-389.0|9.5|-359.0|30.0|0|0
L|9.5|-359.0|9.5|359.0
A|9.5|359.0|39.5|389.0|30.0|0|0
L|39.5|389.0|150.0|389.0
L|150.0|389.0|150.0|425.0
L|150.0|425.0|-150.0|425.0
L|-150.0|425.0|-150.0|389.0
L|-150.0|389.0|-39.5|389.0
A|-39.5|389.0|-9.5|359.0|30.0|0|0
L|-9.5|359.0|-9.5|-359.0
A|-9.5|-359.0|-39.5|-389.0|30.0|0|0
L|-39.5|-389.0|-150.0|-389.0
L|-150.0|-389.0|-150.0|-425.0
L|-150.0|-425.0|150.0|-425.0
L|150.0|-425.0|150.0|-389.0
L|150.0|-389.0|39.5|-389.0
#3530045	3569062	273538	-150.00	-400.00	150.00	400.00
A|36.0|-366.0|9.0|-339.0|27.0|0|0
L|9.0|-339.0|9.0|339.0
A|9.0|339.0|36.0|366.0|27.0|0|0
L|36.0|366.0|150.0|366.0
L|150.0|366.0|150.0|400.0
L|150.0|400.0|-150.0|400.0
L|-150.0|400.0|-150.0|366.0
L|-150.0|366.0|-36.0|366.0
A|-36.0|366.0|-9.0|339.0|27.0|0|0
L|-9.0|339.0|-9.0|-339.0
A|-9.0|-339.0|-36.0|-366.0|27.0|0|0
L|-36.0|-366.0|-150.0|-366.0
L|-150.0|-366.0|-150.0|-400.0
L|-150.0|-400.0|150.0|-400.0
L|150.0|-400.0|150.0|-366.0
L|150.0|-366.0|36.0|-366.0
#3530047	3569063	273538	-150.00	-375.00	150.00	375.00
A|36.0|-341.0|9.0|-314.0|27.0|0|0
L|9.0|-314.0|9.0|314.0
A|9.0|314.0|36.0|341.0|27.0|0|0
L|36.0|341.0|150.0|341.0
L|150.0|341.0|150.0|375.0
L|150.0|375.0|-150.0|375.0
L|-150.0|375.0|-150.0|341.0
L|-150.0|341.0|-36.0|341.0
A|-36.0|341.0|-9.0|314.0|27.0|0|0
L|-9.0|314.0|-9.0|-314.0
A|-9.0|-314.0|-36.0|-341.0|27.0|0|0
L|-36.0|-341.0|-150.0|-341.0
L|-150.0|-341.0|-150.0|-375.0
L|-150.0|-375.0|150.0|-375.0
L|150.0|-375.0|150.0|-341.0
L|150.0|-341.0|36.0|-341.0
#3530049	3569064	273538	-150.00	-350.00	150.00	350.00
A|36.0|-316.0|9.0|-289.0|27.0|0|0
L|9.0|-289.0|9.0|289.0
A|9.0|289.0|36.0|316.0|27.0|0|0
L|36.0|316.0|150.0|316.0
L|150.0|316.0|150.0|350.0
L|150.0|350.0|-150.0|350.0
L|-150.0|350.0|-150.0|316.0
L|-150.0|316.0|-36.0|316.0
A|-36.0|316.0|-9.0|289.0|27.0|0|0
L|-9.0|289.0|-9.0|-289.0
A|-9.0|-289.0|-36.0|-316.0|27.0|0|0
L|-36.0|-316.0|-150.0|-316.0
L|-150.0|-316.0|-150.0|-350.0
L|-150.0|-350.0|150.0|-350.0
L|150.0|-350.0|150.0|-316.0
L|150.0|-316.0|36.0|-316.0
#3530051	3569065	273538	-150.00	-325.00	150.00	325.00
A|34.5|-293.0|8.5|-267.0|26.0|0|0
L|8.5|-267.0|8.5|267.0
A|8.5|267.0|34.5|293.0|26.0|0|0
L|34.5|293.0|150.0|293.0
L|150.0|293.0|150.0|325.0
L|150.0|325.0|-150.0|325.0
L|-150.0|325.0|-150.0|293.0
L|-150.0|293.0|-34.5|293.0
A|-34.5|293.0|-8.5|267.0|26.0|0|0
L|-8.5|267.0|-8.5|-267.0
A|-8.5|-267.0|-34.5|-293.0|26.0|0|0
L|-34.5|-293.0|-150.0|-293.0
L|-150.0|-293.0|-150.0|-325.0
L|-150.0|-325.0|150.0|-325.0
L|150.0|-325.0|150.0|-293.0
L|150.0|-293.0|34.5|-293.0
#3530053	3569066	273538	-150.00	-300.00	150.00	300.00
A|34.5|-268.0|8.5|-242.0|26.0|0|0
L|8.5|-242.0|8.5|242.0
A|8.5|242.0|34.5|268.0|26.0|0|0
L|34.5|268.0|150.0|268.0
L|150.0|268.0|150.0|300.0
L|150.0|300.0|-150.0|300.0
L|-150.0|300.0|-150.0|268.0
L|-150.0|268.0|-34.5|268.0
A|-34.5|268.0|-8.5|242.0|26.0|0|0
L|-8.5|242.0|-8.5|-242.0
A|-8.5|-242.0|-34.5|-268.0|26.0|0|0
L|-34.5|-268.0|-150.0|-268.0
L|-150.0|-268.0|-150.0|-300.0
L|-150.0|-300.0|150.0|-300.0
L|150.0|-300.0|150.0|-268.0
L|150.0|-268.0|34.5|-268.0
#3530055	3569067	273538	-150.00	-275.00	150.00	275.00
A|32.0|-245.0|8.0|-221.0|24.0|0|0
L|8.0|-221.0|8.0|221.0
A|8.0|221.0|32.0|245.0|24.0|0|0
L|32.0|245.0|150.0|245.0
L|150.0|245.0|150.0|275.0
L|150.0|275.0|-150.0|275.0
L|-150.0|275.0|-150.0|245.0
L|-150.0|245.0|-32.0|245.0
A|-32.0|245.0|-8.0|221.0|24.0|0|0
L|-8.0|221.0|-8.0|-221.0
A|-8.0|-221.0|-32.0|-245.0|24.0|0|0
L|-32.0|-245.0|-150.0|-245.0
L|-150.0|-245.0|-150.0|-275.0
L|-150.0|-275.0|150.0|-275.0
L|150.0|-275.0|150.0|-245.0
L|150.0|-245.0|32.0|-245.0
#3530057	3569078	273538	-150.00	-250.00	150.00	250.00
A|31.5|-220.0|7.5|-196.0|24.0|0|0
L|7.5|-196.0|7.5|196.0
A|7.5|196.0|31.5|220.0|24.0|0|0
L|31.5|220.0|150.0|220.0
L|150.0|220.0|150.0|250.0
L|150.0|250.0|-150.0|250.0
L|-150.0|250.0|-150.0|220.0
L|-150.0|220.0|-31.5|220.0
A|-31.5|220.0|-7.5|196.0|24.0|0|0
L|-7.5|196.0|-7.5|-196.0
A|-7.5|-196.0|-31.5|-220.0|24.0|0|0
L|-31.5|-220.0|-150.0|-220.0
L|-150.0|-220.0|-150.0|-250.0
L|-150.0|-250.0|150.0|-250.0
L|150.0|-250.0|150.0|-220.0
L|150.0|-220.0|31.5|-220.0
#3530059	3569079	273538	-150.00	-237.50	150.00	237.50
A|30.5|-209.5|7.5|-186.5|23.0|0|0
L|7.5|-186.5|7.5|186.5
A|7.5|186.5|30.5|209.5|23.0|0|0
L|30.5|209.5|150.0|209.5
L|150.0|209.5|150.0|237.5
L|150.0|237.5|-150.0|237.5
L|-150.0|237.5|-150.0|209.5
L|-150.0|209.5|-30.5|209.5
A|-30.5|209.5|-7.5|186.5|23.0|0|0
L|-7.5|186.5|-7.5|-186.5
A|-7.5|-186.5|-30.5|-209.5|23.0|0|0
L|-30.5|-209.5|-150.0|-209.5
L|-150.0|-209.5|-150.0|-237.5
L|-150.0|-237.5|150.0|-237.5
L|150.0|-237.5|150.0|-209.5
L|150.0|-209.5|30.5|-209.5
#3530061	3569080	273538	-150.00	-225.00	150.00	225.00
A|30.0|-197.0|7.0|-174.0|23.0|0|0
L|7.0|-174.0|7.0|174.0
A|7.0|174.0|30.0|197.0|23.0|0|0
L|30.0|197.0|150.0|197.0
L|150.0|197.0|150.0|225.0
L|150.0|225.0|-150.0|225.0
L|-150.0|225.0|-150.0|197.0
L|-150.0|197.0|-30.0|197.0
A|-30.0|197.0|-7.0|174.0|23.0|0|0
L|-7.0|174.0|-7.0|-174.0
A|-7.0|-174.0|-30.0|-197.0|23.0|0|0
L|-30.0|-197.0|-150.0|-197.0
L|-150.0|-197.0|-150.0|-225.0
L|-150.0|-225.0|150.0|-225.0
L|150.0|-225.0|150.0|-197.0
L|150.0|-197.0|30.0|-197.0
#3530063	3569081	273538	-150.00	-212.50	150.00	212.50
A|28.0|-186.5|7.0|-165.5|21.0|0|0
L|7.0|-165.5|7.0|165.5
A|7.0|165.5|28.0|186.5|21.0|0|0
L|28.0|186.5|150.0|186.5
L|150.0|186.5|150.0|212.5
L|150.0|212.5|-150.0|212.5
L|-150.0|212.5|-150.0|186.5
L|-150.0|186.5|-28.0|186.5
A|-28.0|186.5|-7.0|165.5|21.0|0|0
L|-7.0|165.5|-7.0|-165.5
A|-7.0|-165.5|-28.0|-186.5|21.0|0|0
L|-28.0|-186.5|-150.0|-186.5
L|-150.0|-186.5|-150.0|-212.5
L|-150.0|-212.5|150.0|-212.5
L|150.0|-212.5|150.0|-186.5
L|150.0|-186.5|28.0|-186.5
#3530065	3569082	273538	-150.00	-200.00	150.00	200.00
A|28.0|-174.0|7.0|-153.0|21.0|0|0
L|7.0|-153.0|7.0|153.0
A|7.0|153.0|28.0|174.0|21.0|0|0
L|28.0|174.0|150.0|174.0
L|150.0|174.0|150.0|200.0
L|150.0|200.0|-150.0|200.0
L|-150.0|200.0|-150.0|174.0
L|-150.0|174.0|-28.0|174.0
A|-28.0|174.0|-7.0|153.0|21.0|0|0
L|-7.0|153.0|-7.0|-153.0
A|-7.0|-153.0|-28.0|-174.0|21.0|0|0
L|-28.0|-174.0|-150.0|-174.0
L|-150.0|-174.0|-150.0|-200.0
L|-150.0|-200.0|150.0|-200.0
L|150.0|-200.0|150.0|-174.0
L|150.0|-174.0|28.0|-174.0
#3530067	3569083	273538	-150.00	-190.00	150.00	190.00
A|28.0|-166.0|7.0|-145.0|21.0|0|0
L|7.0|-145.0|7.0|145.0
A|7.0|145.0|28.0|166.0|21.0|0|0
L|28.0|166.0|150.0|166.0
L|150.0|166.0|150.0|190.0
L|150.0|190.0|-150.0|190.0
L|-150.0|190.0|-150.0|166.0
L|-150.0|166.0|-28.0|166.0
A|-28.0|166.0|-7.0|145.0|21.0|0|0
L|-7.0|145.0|-7.0|-145.0
A|-7.0|-145.0|-28.0|-166.0|21.0|0|0
L|-28.0|-166.0|-150.0|-166.0
L|-150.0|-166.0|-150.0|-190.0
L|-150.0|-190.0|150.0|-190.0
L|150.0|-190.0|150.0|-166.0
L|150.0|-166.0|28.0|-166.0
#3530069	3569084	273538	-150.00	-180.00	150.00	180.00
A|28.0|-156.0|7.0|-135.0|21.0|0|0
L|7.0|-135.0|7.0|135.0
A|7.0|135.0|28.0|156.0|21.0|0|0
L|28.0|156.0|150.0|156.0
L|150.0|156.0|150.0|180.0
L|150.0|180.0|-150.0|180.0
L|-150.0|180.0|-150.0|156.0
L|-150.0|156.0|-28.0|156.0
A|-28.0|156.0|-7.0|135.0|21.0|0|0
L|-7.0|135.0|-7.0|-135.0
A|-7.0|-135.0|-28.0|-156.0|21.0|0|0
L|-28.0|-156.0|-150.0|-156.0
L|-150.0|-156.0|-150.0|-180.0
L|-150.0|-180.0|150.0|-180.0
L|150.0|-180.0|150.0|-156.0
L|150.0|-156.0|28.0|-156.0
#3530071	3569085	273538	-150.00	-170.00	150.00	170.00
A|26.5|-148.0|6.5|-128.0|20.0|0|0
L|6.5|-128.0|6.5|128.0
A|6.5|128.0|26.5|148.0|20.0|0|0
L|26.5|148.0|150.0|148.0
L|150.0|148.0|150.0|170.0
L|150.0|170.0|-150.0|170.0
L|-150.0|170.0|-150.0|148.0
L|-150.0|148.0|-26.5|148.0
A|-26.5|148.0|-6.5|128.0|20.0|0|0
L|-6.5|128.0|-6.5|-128.0
A|-6.5|-128.0|-26.5|-148.0|20.0|0|0
L|-26.5|-148.0|-150.0|-148.0
L|-150.0|-148.0|-150.0|-170.0
L|-150.0|-170.0|150.0|-170.0
L|150.0|-170.0|150.0|-148.0
L|150.0|-148.0|26.5|-148.0
#3530073	3569086	273538	-150.00	-160.00	150.00	160.00
A|26.5|-138.0|6.5|-118.0|20.0|0|0
L|6.5|-118.0|6.5|118.0
A|6.5|118.0|26.5|138.0|20.0|0|0
L|26.5|138.0|150.0|138.0
L|150.0|138.0|150.0|160.0
L|150.0|160.0|-150.0|160.0
L|-150.0|160.0|-150.0|138.0
L|-150.0|138.0|-26.5|138.0
A|-26.5|138.0|-6.5|118.0|20.0|0|0
L|-6.5|118.0|-6.5|-118.0
A|-6.5|-118.0|-26.5|-138.0|20.0|0|0
L|-26.5|-138.0|-150.0|-138.0
L|-150.0|-138.0|-150.0|-160.0
L|-150.0|-160.0|150.0|-160.0
L|150.0|-160.0|150.0|-138.0
L|150.0|-138.0|26.5|-138.0
#3530075	3569096	273538	-150.00	-150.00	150.00	150.00
A|24.0|-130.0|6.0|-112.0|18.0|0|0
L|6.0|-112.0|6.0|112.0
A|6.0|112.0|24.0|130.0|18.0|0|0
L|24.0|130.0|150.0|130.0
L|150.0|130.0|150.0|150.0
L|150.0|150.0|-150.0|150.0
L|-150.0|150.0|-150.0|130.0
L|-150.0|130.0|-24.0|130.0
A|-24.0|130.0|-6.0|112.0|18.0|0|0
L|-6.0|112.0|-6.0|-112.0
A|-6.0|-112.0|-24.0|-130.0|18.0|0|0
L|-24.0|-130.0|-150.0|-130.0
L|-150.0|-130.0|-150.0|-150.0
L|-150.0|-150.0|150.0|-150.0
L|150.0|-150.0|150.0|-130.0
L|150.0|-130.0|24.0|-130.0
#3530079	3569098	273538	-130.00	-130.00	130.00	130.00
A|22.5|-112.0|5.5|-95.0|17.0|0|0
L|5.5|-95.0|5.5|95.0
A|5.5|95.0|22.5|112.0|17.0|0|0
L|22.5|112.0|130.0|112.0
L|130.0|112.0|130.0|130.0
L|130.0|130.0|-130.0|130.0
L|-130.0|130.0|-130.0|112.0
L|-130.0|112.0|-22.5|112.0
A|-22.5|112.0|-5.5|95.0|17.0|0|0
L|-5.5|95.0|-5.5|-95.0
A|-5.5|-95.0|-22.5|-112.0|17.0|0|0
L|-22.5|-112.0|-130.0|-112.0
L|-130.0|-112.0|-130.0|-130.0
L|-130.0|-130.0|130.0|-130.0
L|130.0|-130.0|130.0|-112.0
L|130.0|-112.0|22.5|-112.0
#3530081	3569099	273538	-120.00	-120.00	120.00	120.00
A|22.5|-102.0|5.5|-85.0|17.0|0|0
L|5.5|-85.0|5.5|85.0
A|5.5|85.0|22.5|102.0|17.0|0|0
L|22.5|102.0|120.0|102.0
L|120.0|102.0|120.0|120.0
L|120.0|120.0|-120.0|120.0
L|-120.0|120.0|-120.0|102.0
L|-120.0|102.0|-22.5|102.0
A|-22.5|102.0|-5.5|85.0|17.0|0|0
L|-5.5|85.0|-5.5|-85.0
A|-5.5|-85.0|-22.5|-102.0|17.0|0|0
L|-22.5|-102.0|-120.0|-102.0
L|-120.0|-102.0|-120.0|-120.0
L|-120.0|-120.0|120.0|-120.0
L|120.0|-120.0|120.0|-102.0
L|120.0|-102.0|22.5|-102.0
#3530083	3569100	273538	-110.00	-110.00	110.00	110.00
A|20.0|-94.0|5.0|-79.0|15.0|0|0
L|5.0|-79.0|5.0|79.0
A|5.0|79.0|20.0|94.0|15.0|0|0
L|20.0|94.0|110.0|94.0
L|110.0|94.0|110.0|110.0
L|110.0|110.0|-110.0|110.0
L|-110.0|110.0|-110.0|94.0
L|-110.0|94.0|-20.0|94.0
A|-20.0|94.0|-5.0|79.0|15.0|0|0
L|-5.0|79.0|-5.0|-79.0
A|-5.0|-79.0|-20.0|-94.0|15.0|0|0
L|-20.0|-94.0|-110.0|-94.0
L|-110.0|-94.0|-110.0|-110.0
L|-110.0|-110.0|110.0|-110.0
L|110.0|-110.0|110.0|-94.0
L|110.0|-94.0|20.0|-94.0
#3530085	3569101	273538	-100.00	-100.00	100.00	100.00
A|20.0|-84.0|5.0|-69.0|15.0|0|0
L|5.0|-69.0|5.0|69.0
A|5.0|69.0|20.0|84.0|15.0|0|0
L|20.0|84.0|100.0|84.0
L|100.0|84.0|100.0|100.0
L|100.0|100.0|-100.0|100.0
L|-100.0|100.0|-100.0|84.0
L|-100.0|84.0|-20.0|84.0
A|-20.0|84.0|-5.0|69.0|15.0|0|0
L|-5.0|69.0|-5.0|-69.0
A|-5.0|-69.0|-20.0|-84.0|15.0|0|0
L|-20.0|-84.0|-100.0|-84.0
L|-100.0|-84.0|-100.0|-100.0
L|-100.0|-100.0|100.0|-100.0
L|100.0|-100.0|100.0|-84.0
L|100.0|-84.0|20.0|-84.0
#3530087	3569102	273538	-90.00	-90.00	90.00	90.00
A|18.5|-76.0|4.5|-62.0|14.0|0|0
L|4.5|-62.0|4.5|62.0
A|4.5|62.0|18.5|76.0|14.0|0|0
L|18.5|76.0|90.0|76.0
L|90.0|76.0|90.0|90.0
L|90.0|90.0|-90.0|90.0
L|-90.0|90.0|-90.0|76.0
L|-90.0|76.0|-18.5|76.0
A|-18.5|76.0|-4.5|62.0|14.0|0|0
L|-4.5|62.0|-4.5|-62.0
A|-4.5|-62.0|-18.5|-76.0|14.0|0|0
L|-18.5|-76.0|-90.0|-76.0
L|-90.0|-76.0|-90.0|-90.0
L|-90.0|-90.0|90.0|-90.0
L|90.0|-90.0|90.0|-76.0
L|90.0|-76.0|18.5|-76.0
#3530089	3569103	273538	-80.00	-80.00	80.00	80.00
A|18.5|-66.0|4.5|-52.0|14.0|0|0
L|4.5|-52.0|4.5|52.0
A|4.5|52.0|18.5|66.0|14.0|0|0
L|18.5|66.0|80.0|66.0
L|80.0|66.0|80.0|80.0
L|80.0|80.0|-80.0|80.0
L|-80.0|80.0|-80.0|66.0
L|-80.0|66.0|-18.5|66.0
A|-18.5|66.0|-4.5|52.0|14.0|0|0
L|-4.5|52.0|-4.5|-52.0
A|-4.5|-52.0|-18.5|-66.0|14.0|0|0
L|-18.5|-66.0|-80.0|-66.0
L|-80.0|-66.0|-80.0|-80.0
L|-80.0|-80.0|80.0|-80.0
L|80.0|-80.0|80.0|-66.0
L|80.0|-66.0|18.5|-66.0
#3530091	3569104	273538	-70.00	-70.00	70.00	70.00
A|16.0|-58.0|4.0|-46.0|12.0|0|0
L|4.0|-46.0|4.0|46.0
A|4.0|46.0|16.0|58.0|12.0|0|0
L|16.0|58.0|70.0|58.0
L|70.0|58.0|70.0|70.0
L|70.0|70.0|-70.0|70.0
L|-70.0|70.0|-70.0|58.0
L|-70.0|58.0|-16.0|58.0
A|-16.0|58.0|-4.0|46.0|12.0|0|0
L|-4.0|46.0|-4.0|-46.0
A|-4.0|-46.0|-16.0|-58.0|12.0|0|0
L|-16.0|-58.0|-70.0|-58.0
L|-70.0|-58.0|-70.0|-70.0
L|-70.0|-70.0|70.0|-70.0
L|70.0|-70.0|70.0|-58.0
L|70.0|-58.0|16.0|-58.0
#3530093	3569105	273538	-60.00	-60.00	60.00	60.00
A|14.25|-49.0|3.25|-38.0|11.0|0|0
L|3.25|-38.0|3.25|38.0
A|3.25|38.0|14.25|49.0|11.0|0|0
L|14.25|49.0|60.0|49.0
L|60.0|49.0|60.0|60.0
L|60.0|60.0|-60.0|60.0
L|-60.0|60.0|-60.0|49.0
L|-60.0|49.0|-14.25|49.0
A|-14.25|49.0|-3.25|38.0|11.0|0|0
L|-3.25|38.0|-3.25|-38.0
A|-3.25|-38.0|-14.25|-49.0|11.0|0|0
L|-14.25|-49.0|-60.0|-49.0
L|-60.0|-49.0|-60.0|-60.0
L|-60.0|-60.0|60.0|-60.0
L|60.0|-60.0|60.0|-49.0
L|60.0|-49.0|14.25|-49.0
#3530095	3569106	273538	-50.00	-50.00	50.00	50.00
A|14.25|-39.0|3.25|-28.0|11.0|0|0
L|3.25|-28.0|3.25|28.0
A|3.25|28.0|14.25|39.0|11.0|0|0
L|14.25|39.0|50.0|39.0
L|50.0|39.0|50.0|50.0
L|50.0|50.0|-50.0|50.0
L|-50.0|50.0|-50.0|39.0
L|-50.0|39.0|-14.25|39.0
A|-14.25|39.0|-3.25|28.0|11.0|0|0
L|-3.25|28.0|-3.25|-28.0
A|-3.25|-28.0|-14.25|-39.0|11.0|0|0
L|-14.25|-39.0|-50.0|-39.0
L|-50.0|-39.0|-50.0|-50.0
L|-50.0|-50.0|50.0|-50.0
L|50.0|-50.0|50.0|-39.0
L|50.0|-39.0|14.25|-39.0
#3530626	3568259	273538	-150.00	-500.00	150.00	500.00
L|39.5|464.0|150.0|464.0
L|150.0|464.0|150.0|500.0
L|150.0|500.0|-150.0|500.0
L|-150.0|500.0|-150.0|464.0
L|-150.0|464.0|-39.5|464.0
A|-39.5|464.0|-9.5|434.0|30.0|0|0
L|-9.5|434.0|-9.5|-434.0
A|-9.5|-434.0|-39.5|-464.0|30.0|0|0
L|-39.5|-464.0|-150.0|-464.0
L|-150.0|-464.0|-150.0|-500.0
L|-150.0|-500.0|150.0|-500.0
L|150.0|-500.0|150.0|-464.0
L|150.0|-464.0|39.5|-464.0
A|39.5|-464.0|9.5|-434.0|30.0|0|0
L|9.5|-434.0|9.5|434.0
A|9.5|434.0|39.5|464.0|30.0|0|0
#3530628	3568263	273538	-150.00	-450.00	150.00	450.00
L|39.25|415.0|150.0|415.0
L|150.0|415.0|150.0|450.0
L|150.0|450.0|-150.0|450.0
L|-150.0|450.0|-150.0|415.0
L|-150.0|415.0|-39.25|415.0
A|-39.25|415.0|-9.25|385.0|30.0|0|0
L|-9.25|385.0|-9.25|-385.0
A|-9.25|-385.0|-39.25|-415.0|30.0|0|0
L|-39.25|-415.0|-150.0|-415.0
L|-150.0|-415.0|-150.0|-450.0
L|-150.0|-450.0|150.0|-450.0
L|150.0|-450.0|150.0|-415.0
L|150.0|-415.0|39.25|-415.0
A|39.25|-415.0|9.25|-385.0|30.0|0|0
L|9.25|-385.0|9.25|385.0
A|9.25|385.0|39.25|415.0|30.0|0|0
#3530630	3568264	273538	-150.00	-400.00	150.00	400.00
L|38.75|367.0|150.0|367.0
L|150.0|367.0|150.0|400.0
L|150.0|400.0|-150.0|400.0
L|-150.0|400.0|-150.0|367.0
L|-150.0|367.0|-38.75|367.0
A|-38.75|367.0|-8.75|337.0|30.0|0|0
L|-8.75|337.0|-8.75|-337.0
A|-8.75|-337.0|-38.75|-367.0|30.0|0|0
L|-38.75|-367.0|-150.0|-367.0
L|-150.0|-367.0|-150.0|-400.0
L|-150.0|-400.0|150.0|-400.0
L|150.0|-400.0|150.0|-367.0
L|150.0|-367.0|38.75|-367.0
A|38.75|-367.0|8.75|-337.0|30.0|0|0
L|8.75|-337.0|8.75|337.0
A|8.75|337.0|38.75|367.0|30.0|0|0
#3530632	3568265	273538	-150.00	-350.00	150.00	350.00
L|35.5|318.0|150.0|318.0
L|150.0|318.0|150.0|350.0
L|150.0|350.0|-150.0|350.0
L|-150.0|350.0|-150.0|318.0
L|-150.0|318.0|-35.5|318.0
A|-35.5|318.0|-8.5|291.0|27.0|0|0
L|-8.5|291.0|-8.5|-291.0
A|-8.5|-291.0|-35.5|-318.0|27.0|0|0
L|-35.5|-318.0|-150.0|-318.0
L|-150.0|-318.0|-150.0|-350.0
L|-150.0|-350.0|150.0|-350.0
L|150.0|-350.0|150.0|-318.0
L|150.0|-318.0|35.5|-318.0
A|35.5|-318.0|8.5|-291.0|27.0|0|0
L|8.5|-291.0|8.5|291.0
A|8.5|291.0|35.5|318.0|27.0|0|0
#3530634	3568266	273538	-150.00	-325.00	150.00	325.00
L|35.0|294.0|150.0|294.0
L|150.0|294.0|150.0|325.0
L|150.0|325.0|-150.0|325.0
L|-150.0|325.0|-150.0|294.0
L|-150.0|294.0|-35.0|294.0
A|-35.0|294.0|-8.0|267.0|27.0|0|0
L|-8.0|267.0|-8.0|-267.0
A|-8.0|-267.0|-35.0|-294.0|27.0|0|0
L|-35.0|-294.0|-150.0|-294.0
L|-150.0|-294.0|-150.0|-325.0
L|-150.0|-325.0|150.0|-325.0
L|150.0|-325.0|150.0|-294.0
L|150.0|-294.0|35.0|-294.0
A|35.0|-294.0|8.0|-267.0|27.0|0|0
L|8.0|-267.0|8.0|267.0
A|8.0|267.0|35.0|294.0|27.0|0|0
#3530636	3568267	273538	-150.00	-300.00	150.00	300.00
L|34.75|270.0|150.0|270.0
L|150.0|270.0|150.0|300.0
L|150.0|300.0|-150.0|300.0
L|-150.0|300.0|-150.0|270.0
L|-150.0|270.0|-34.75|270.0
A|-34.75|270.0|-7.75|243.0|27.0|0|0
L|-7.75|243.0|-7.75|-243.0
A|-7.75|-243.0|-34.75|-270.0|27.0|0|0
L|-34.75|-270.0|-150.0|-270.0
L|-150.0|-270.0|-150.0|-300.0
L|-150.0|-300.0|150.0|-300.0
L|150.0|-300.0|150.0|-270.0
L|150.0|-270.0|34.75|-270.0
A|34.75|-270.0|7.75|-243.0|27.0|0|0
L|7.75|-243.0|7.75|243.0
A|7.75|243.0|34.75|270.0|27.0|0|0
#3530638	3568268	273538	-150.00	-275.00	150.00	275.00
L|34.5|246.0|150.0|246.0
L|150.0|246.0|150.0|275.0
L|150.0|275.0|-150.0|275.0
L|-150.0|275.0|-150.0|246.0
L|-150.0|246.0|-34.5|246.0
A|-34.5|246.0|-7.5|219.0|27.0|0|0
L|-7.5|219.0|-7.5|-219.0
A|-7.5|-219.0|-34.5|-246.0|27.0|0|0
L|-34.5|-246.0|-150.0|-246.0
L|-150.0|-246.0|-150.0|-275.0
L|-150.0|-275.0|150.0|-275.0
L|150.0|-275.0|150.0|-246.0
L|150.0|-246.0|34.5|-246.0
A|34.5|-246.0|7.5|-219.0|27.0|0|0
L|7.5|-219.0|7.5|219.0
A|7.5|219.0|34.5|246.0|27.0|0|0
#3530640	3568269	273538	-150.00	-250.00	150.00	250.00
L|33.25|222.0|150.0|222.0
L|150.0|222.0|150.0|250.0
L|150.0|250.0|-150.0|250.0
L|-150.0|250.0|-150.0|222.0
L|-150.0|222.0|-33.25|222.0
A|-33.25|222.0|-6.25|195.0|27.0|0|0
L|-6.25|195.0|-6.25|-195.0
A|-6.25|-195.0|-33.25|-222.0|27.0|0|0
L|-33.25|-222.0|-150.0|-222.0
L|-150.0|-222.0|-150.0|-250.0
L|-150.0|-250.0|150.0|-250.0
L|150.0|-250.0|150.0|-222.0
L|150.0|-222.0|33.25|-222.0
A|33.25|-222.0|6.25|-195.0|27.0|0|0
L|6.25|-195.0|6.25|195.0
A|6.25|195.0|33.25|222.0|27.0|0|0
#3530642	3568270	273538	-150.00	-225.00	150.00	225.00
L|34.0|199.0|150.0|199.0
L|150.0|199.0|150.0|225.0
L|150.0|225.0|-150.0|225.0
L|-150.0|225.0|-150.0|199.0
L|-150.0|199.0|-34.0|199.0
A|-34.0|199.0|-7.0|172.0|27.0|0|0
L|-7.0|172.0|-7.0|-172.0
A|-7.0|-172.0|-34.0|-199.0|27.0|0|0
L|-34.0|-199.0|-150.0|-199.0
L|-150.0|-199.0|-150.0|-225.0
L|-150.0|-225.0|150.0|-225.0
L|150.0|-225.0|150.0|-199.0
L|150.0|-199.0|34.0|-199.0
A|34.0|-199.0|7.0|-172.0|27.0|0|0
L|7.0|-172.0|7.0|172.0
A|7.0|172.0|34.0|199.0|27.0|0|0
#3530644	3568261	273538	-150.00	-200.00	150.00	200.00
L|33.75|176.0|150.0|176.0
L|150.0|176.0|150.0|200.0
L|150.0|200.0|-150.0|200.0
L|-150.0|200.0|-150.0|176.0
L|-150.0|176.0|-33.75|176.0
A|-33.75|176.0|-6.75|149.0|27.0|0|0
L|-6.75|149.0|-6.75|-149.0
A|-6.75|-149.0|-33.75|-176.0|27.0|0|0
L|-33.75|-176.0|-150.0|-176.0
L|-150.0|-176.0|-150.0|-200.0
L|-150.0|-200.0|150.0|-200.0
L|150.0|-200.0|150.0|-176.0
L|150.0|-176.0|33.75|-176.0
A|33.75|-176.0|6.75|-149.0|27.0|0|0
L|6.75|-149.0|6.75|149.0
A|6.75|149.0|33.75|176.0|27.0|0|0
#3530646	3568262	273538	-150.00	-180.00	150.00	180.00
L|33.25|157.5|150.0|157.5
L|150.0|157.5|150.0|180.0
L|150.0|180.0|-150.0|180.0
L|-150.0|180.0|-150.0|157.5
L|-150.0|157.5|-33.25|157.5
A|-33.25|157.5|-6.25|130.5|27.0|0|0
L|-6.25|130.5|-6.25|-130.5
A|-6.25|-130.5|-33.25|-157.5|27.0|0|0
L|-33.25|-157.5|-150.0|-157.5
L|-150.0|-157.5|-150.0|-180.0
L|-150.0|-180.0|150.0|-180.0
L|150.0|-180.0|150.0|-157.5
L|150.0|-157.5|33.25|-157.5
A|33.25|-157.5|6.25|-130.5|27.0|0|0
L|6.25|-130.5|6.25|130.5
A|6.25|130.5|33.25|157.5|27.0|0|0
#3530648	3568303	273538	-150.00	-170.00	150.00	170.00
L|33.0|148.5|150.0|148.5
L|150.0|148.5|150.0|170.0
L|150.0|170.0|-150.0|170.0
L|-150.0|170.0|-150.0|148.5
L|-150.0|148.5|-33.0|148.5
A|-33.0|148.5|-6.0|121.5|27.0|0|0
L|-6.0|121.5|-6.0|-121.5
A|-6.0|-121.5|-33.0|-148.5|27.0|0|0
L|-33.0|-148.5|-150.0|-148.5
L|-150.0|-148.5|-150.0|-170.0
L|-150.0|-170.0|150.0|-170.0
L|150.0|-170.0|150.0|-148.5
L|150.0|-148.5|33.0|-148.5
A|33.0|-148.5|6.0|-121.5|27.0|0|0
L|6.0|-121.5|6.0|121.5
A|6.0|121.5|33.0|148.5|27.0|0|0
#3530650	3568304	273538	-150.00	-160.00	150.00	160.00
L|32.75|139.5|150.0|139.5
L|150.0|139.5|150.0|160.0
L|150.0|160.0|-150.0|160.0
L|-150.0|160.0|-150.0|139.5
L|-150.0|139.5|-32.75|139.5
A|-32.75|139.5|-5.75|112.5|27.0|0|0
L|-5.75|112.5|-5.75|-112.5
A|-5.75|-112.5|-32.75|-139.5|27.0|0|0
L|-32.75|-139.5|-150.0|-139.5
L|-150.0|-139.5|-150.0|-160.0
L|-150.0|-160.0|150.0|-160.0
L|150.0|-160.0|150.0|-139.5
L|150.0|-139.5|32.75|-139.5
A|32.75|-139.5|5.75|-112.5|27.0|0|0
L|5.75|-112.5|5.75|112.5
A|5.75|112.5|32.75|139.5|27.0|0|0
#3530652	3568305	273538	-150.00	-150.00	150.00	150.00
L|32.5|131.0|150.0|131.0
L|150.0|131.0|150.0|150.0
L|150.0|150.0|-150.0|150.0
L|-150.0|150.0|-150.0|131.0
L|-150.0|131.0|-32.5|131.0
A|-32.5|131.0|-5.5|104.0|27.0|0|0
L|-5.5|104.0|-5.5|-104.0
A|-5.5|-104.0|-32.5|-131.0|27.0|0|0
L|-32.5|-131.0|-150.0|-131.0
L|-150.0|-131.0|-150.0|-150.0
L|-150.0|-150.0|150.0|-150.0
L|150.0|-150.0|150.0|-131.0
L|150.0|-131.0|32.5|-131.0
A|32.5|-131.0|5.5|-104.0|27.0|0|0
L|5.5|-104.0|5.5|104.0
A|5.5|104.0|32.5|131.0|27.0|0|0
#3530654	3568306	273538	-140.00	-140.00	140.00	140.00
L|29.25|122.0|140.0|122.0
L|140.0|122.0|140.0|140.0
L|140.0|140.0|-140.0|140.0
L|-140.0|140.0|-140.0|122.0
L|-140.0|122.0|-29.25|122.0
A|-29.25|122.0|-5.25|98.0|24.0|0|0
L|-5.25|98.0|-5.25|-98.0
A|-5.25|-98.0|-29.25|-122.0|24.0|0|0
L|-29.25|-122.0|-140.0|-122.0
L|-140.0|-122.0|-140.0|-140.0
L|-140.0|-140.0|140.0|-140.0
L|140.0|-140.0|140.0|-122.0
L|140.0|-122.0|29.25|-122.0
A|29.25|-122.0|5.25|-98.0|24.0|0|0
L|5.25|-98.0|5.25|98.0
A|5.25|98.0|29.25|122.0|24.0|0|0
#3530656	3568307	273538	-130.00	-130.00	130.00	130.00
L|29.0|112.5|130.0|112.5
L|130.0|112.5|130.0|130.0
L|130.0|130.0|-130.0|130.0
L|-130.0|130.0|-130.0|112.5
L|-130.0|112.5|-29.0|112.5
A|-29.0|112.5|-5.0|88.5|24.0|0|0
L|-5.0|88.5|-5.0|-88.5
A|-5.0|-88.5|-29.0|-112.5|24.0|0|0
L|-29.0|-112.5|-130.0|-112.5
L|-130.0|-112.5|-130.0|-130.0
L|-130.0|-130.0|130.0|-130.0
L|130.0|-130.0|130.0|-112.5
L|130.0|-112.5|29.0|-112.5
A|29.0|-112.5|5.0|-88.5|24.0|0|0
L|5.0|-88.5|5.0|88.5
A|5.0|88.5|29.0|112.5|24.0|0|0
#3530658	3568308	273538	-120.00	-120.00	120.00	120.00
L|26.0|103.0|120.0|103.0
L|120.0|103.0|120.0|120.0
L|120.0|120.0|-120.0|120.0
L|-120.0|120.0|-120.0|103.0
L|-120.0|103.0|-26.0|103.0
A|-26.0|103.0|-5.0|82.0|21.0|0|0
L|-5.0|82.0|-5.0|-82.0
A|-5.0|-82.0|-26.0|-103.0|21.0|0|0
L|-26.0|-103.0|-120.0|-103.0
L|-120.0|-103.0|-120.0|-120.0
L|-120.0|-120.0|120.0|-120.0
L|120.0|-120.0|120.0|-103.0
L|120.0|-103.0|26.0|-103.0
A|26.0|-103.0|5.0|-82.0|21.0|0|0
L|5.0|-82.0|5.0|82.0
A|5.0|82.0|26.0|103.0|21.0|0|0
#3530660	3568309	273538	-110.00	-110.00	110.00	110.00
L|22.75|94.0|110.0|94.0
L|110.0|94.0|110.0|110.0
L|110.0|110.0|-110.0|110.0
L|-110.0|110.0|-110.0|94.0
L|-110.0|94.0|-22.75|94.0
A|-22.75|94.0|-4.75|76.0|18.0|0|0
L|-4.75|76.0|-4.75|-76.0
A|-4.75|-76.0|-22.75|-94.0|18.0|0|0
L|-22.75|-94.0|-110.0|-94.0
L|-110.0|-94.0|-110.0|-110.0
L|-110.0|-110.0|110.0|-110.0
L|110.0|-110.0|110.0|-94.0
L|110.0|-94.0|22.75|-94.0
A|22.75|-94.0|4.75|-76.0|18.0|0|0
L|4.75|-76.0|4.75|76.0
A|4.75|76.0|22.75|94.0|18.0|0|0
#3530662	3568310	273538	-100.00	-100.00	100.00	100.00
L|22.5|85.0|100.0|85.0
L|100.0|85.0|100.0|100.0
L|100.0|100.0|-100.0|100.0
L|-100.0|100.0|-100.0|85.0
L|-100.0|85.0|-22.5|85.0
A|-22.5|85.0|-4.5|67.0|18.0|0|0
L|-4.5|67.0|-4.5|-67.0
A|-4.5|-67.0|-22.5|-85.0|18.0|0|0
L|-22.5|-85.0|-100.0|-85.0
L|-100.0|-85.0|-100.0|-100.0
L|-100.0|-100.0|100.0|-100.0
L|100.0|-100.0|100.0|-85.0
L|100.0|-85.0|22.5|-85.0
A|22.5|-85.0|4.5|-67.0|18.0|0|0
L|4.5|-67.0|4.5|67.0
A|4.5|67.0|22.5|85.0|18.0|0|0
#3530664	3568311	273538	-90.00	-90.00	90.00	90.00
L|19.25|76.0|90.0|76.0
L|90.0|76.0|90.0|90.0
L|90.0|90.0|-90.0|90.0
L|-90.0|90.0|-90.0|76.0
L|-90.0|76.0|-19.25|76.0
A|-19.25|76.0|-4.25|61.0|15.0|0|0
L|-4.25|61.0|-4.25|-61.0
A|-4.25|-61.0|-19.25|-76.0|15.0|0|0
L|-19.25|-76.0|-90.0|-76.0
L|-90.0|-76.0|-90.0|-90.0
L|-90.0|-90.0|90.0|-90.0
L|90.0|-90.0|90.0|-76.0
L|90.0|-76.0|19.25|-76.0
A|19.25|-76.0|4.25|-61.0|15.0|0|0
L|4.25|-61.0|4.25|61.0
A|4.25|61.0|19.25|76.0|15.0|0|0
#3530666	3568312	273538	-80.00	-80.00	80.00	80.00
L|19.0|67.0|80.0|67.0
L|80.0|67.0|80.0|80.0
L|80.0|80.0|-80.0|80.0
L|-80.0|80.0|-80.0|67.0
L|-80.0|67.0|-19.0|67.0
A|-19.0|67.0|-4.0|52.0|15.0|0|0
L|-4.0|52.0|-4.0|-52.0
A|-4.0|-52.0|-19.0|-67.0|15.0|0|0
L|-19.0|-67.0|-80.0|-67.0
L|-80.0|-67.0|-80.0|-80.0
L|-80.0|-80.0|80.0|-80.0
L|80.0|-80.0|80.0|-67.0
L|80.0|-67.0|19.0|-67.0
A|19.0|-67.0|4.0|-52.0|15.0|0|0
L|4.0|-52.0|4.0|52.0
A|4.0|52.0|19.0|67.0|15.0|0|0
#3530668	3568351	273538	-70.00	-70.00	70.00	70.00
L|15.5|58.0|70.0|58.0
L|70.0|58.0|70.0|70.0
L|70.0|70.0|-70.0|70.0
L|-70.0|70.0|-70.0|58.0
L|-70.0|58.0|-15.5|58.0
A|-15.5|58.0|-3.5|46.0|12.0|0|0
L|-3.5|46.0|-3.5|-46.0
A|-3.5|-46.0|-15.5|-58.0|12.0|0|0
L|-15.5|-58.0|-70.0|-58.0
L|-70.0|-58.0|-70.0|-70.0
L|-70.0|-70.0|70.0|-70.0
L|70.0|-70.0|70.0|-58.0
L|70.0|-58.0|15.5|-58.0
A|15.5|-58.0|3.5|-46.0|12.0|0|0
L|3.5|-46.0|3.5|46.0
A|3.5|46.0|15.5|58.0|12.0|0|0
#3530670	3568343	273538	-60.00	-60.00	60.00	60.00
L|15.25|49.0|60.0|49.0
L|60.0|49.0|60.0|60.0
L|60.0|60.0|-60.0|60.0
L|-60.0|60.0|-60.0|49.0
L|-60.0|49.0|-15.25|49.0
A|-15.25|49.0|-3.25|37.0|12.0|0|0
L|-3.25|37.0|-3.25|-37.0
A|-3.25|-37.0|-15.25|-49.0|12.0|0|0
L|-15.25|-49.0|-60.0|-49.0
L|-60.0|-49.0|-60.0|-60.0
L|-60.0|-60.0|60.0|-60.0
L|60.0|-60.0|60.0|-49.0
L|60.0|-49.0|15.25|-49.0
A|15.25|-49.0|3.25|-37.0|12.0|0|0
L|3.25|-37.0|3.25|37.0
A|3.25|37.0|15.25|49.0|12.0|0|0
#3530672	3568344	273538	-50.00	-50.00	50.00	50.00
L|15.0|40.0|50.0|40.0
L|50.0|40.0|50.0|50.0
L|50.0|50.0|-50.0|50.0
L|-50.0|50.0|-50.0|40.0
L|-50.0|40.0|-15.0|40.0
A|-15.0|40.0|-3.0|28.0|12.0|0|0
L|-3.0|28.0|-3.0|-28.0
A|-3.0|-28.0|-15.0|-40.0|12.0|0|0
L|-15.0|-40.0|-50.0|-40.0
L|-50.0|-40.0|-50.0|-50.0
L|-50.0|-50.0|50.0|-50.0
L|50.0|-50.0|50.0|-40.0
L|50.0|-40.0|15.0|-40.0
A|15.0|-40.0|3.0|-28.0|12.0|0|0
L|3.0|-28.0|3.0|28.0
A|3.0|28.0|15.0|40.0|12.0|0|0
#3530674	3568161	273538	-150.00	-495.00	150.00	495.00
L|38.25|464.0|150.0|464.0
L|150.0|464.0|150.0|495.0
L|150.0|495.0|-150.0|495.0
L|-150.0|495.0|-150.0|464.0
L|-150.0|464.0|-38.25|464.0
A|-38.25|464.0|-8.25|434.0|30.0|0|0
L|-8.25|434.0|-8.25|-434.0
A|-8.25|-434.0|-38.25|-464.0|30.0|0|0
L|-38.25|-464.0|-150.0|-464.0
L|-150.0|-464.0|-150.0|-495.0
L|-150.0|-495.0|150.0|-495.0
L|150.0|-495.0|150.0|-464.0
L|150.0|-464.0|38.25|-464.0
A|38.25|-464.0|8.25|-434.0|30.0|0|0
L|8.25|-434.0|8.25|434.0
A|8.25|434.0|38.25|464.0|30.0|0|0
#3530676	3568165	273538	-150.00	-445.00	150.00	445.00
L|38.0|415.0|150.0|415.0
L|150.0|415.0|150.0|445.0
L|150.0|445.0|-150.0|445.0
L|-150.0|445.0|-150.0|415.0
L|-150.0|415.0|-38.0|415.0
A|-38.0|415.0|-8.0|385.0|30.0|0|0
L|-8.0|385.0|-8.0|-385.0
A|-8.0|-385.0|-38.0|-415.0|30.0|0|0
L|-38.0|-415.0|-150.0|-415.0
L|-150.0|-415.0|-150.0|-445.0
L|-150.0|-445.0|150.0|-445.0
L|150.0|-445.0|150.0|-415.0
L|150.0|-415.0|38.0|-415.0
A|38.0|-415.0|8.0|-385.0|30.0|0|0
L|8.0|-385.0|8.0|385.0
A|8.0|385.0|38.0|415.0|30.0|0|0
#3530678	3568166	273538	-150.00	-395.00	150.00	395.00
L|37.5|367.0|150.0|367.0
L|150.0|367.0|150.0|395.0
L|150.0|395.0|-150.0|395.0
L|-150.0|395.0|-150.0|367.0
L|-150.0|367.0|-37.5|367.0
A|-37.5|367.0|-7.5|337.0|30.0|0|0
L|-7.5|337.0|-7.5|-337.0
A|-7.5|-337.0|-37.5|-367.0|30.0|0|0
L|-37.5|-367.0|-150.0|-367.0
L|-150.0|-367.0|-150.0|-395.0
L|-150.0|-395.0|150.0|-395.0
L|150.0|-395.0|150.0|-367.0
L|150.0|-367.0|37.5|-367.0
A|37.5|-367.0|7.5|-337.0|30.0|0|0
L|7.5|-337.0|7.5|337.0
A|7.5|337.0|37.5|367.0|30.0|0|0
#3530680	3568167	273538	-150.00	-345.00	150.00	345.00
L|34.25|318.0|150.0|318.0
L|150.0|318.0|150.0|345.0
L|150.0|345.0|-150.0|345.0
L|-150.0|345.0|-150.0|318.0
L|-150.0|318.0|-34.25|318.0
A|-34.25|318.0|-7.25|291.0|27.0|0|0
L|-7.25|291.0|-7.25|-291.0
A|-7.25|-291.0|-34.25|-318.0|27.0|0|0
L|-34.25|-318.0|-150.0|-318.0
L|-150.0|-318.0|-150.0|-345.0
L|-150.0|-345.0|150.0|-345.0
L|150.0|-345.0|150.0|-318.0
L|150.0|-318.0|34.25|-318.0
A|34.25|-318.0|7.25|-291.0|27.0|0|0
L|7.25|-291.0|7.25|291.0
A|7.25|291.0|34.25|318.0|27.0|0|0
#3530682	3568168	273538	-150.00	-320.00	150.00	320.00
L|33.75|294.0|150.0|294.0
L|150.0|294.0|150.0|320.0
L|150.0|320.0|-150.0|320.0
L|-150.0|320.0|-150.0|294.0
L|-150.0|294.0|-33.75|294.0
A|-33.75|294.0|-6.75|267.0|27.0|0|0
L|-6.75|267.0|-6.75|-267.0
A|-6.75|-267.0|-33.75|-294.0|27.0|0|0
L|-33.75|-294.0|-150.0|-294.0
L|-150.0|-294.0|-150.0|-320.0
L|-150.0|-320.0|150.0|-320.0
L|150.0|-320.0|150.0|-294.0
L|150.0|-294.0|33.75|-294.0
A|33.75|-294.0|6.75|-267.0|27.0|0|0
L|6.75|-267.0|6.75|267.0
A|6.75|267.0|33.75|294.0|27.0|0|0
#3530684	3568169	273538	-150.00	-295.00	150.00	295.00
L|33.5|270.0|150.0|270.0
L|150.0|270.0|150.0|295.0
L|150.0|295.0|-150.0|295.0
L|-150.0|295.0|-150.0|270.0
L|-150.0|270.0|-33.5|270.0
A|-33.5|270.0|-6.5|243.0|27.0|0|0
L|-6.5|243.0|-6.5|-243.0
A|-6.5|-243.0|-33.5|-270.0|27.0|0|0
L|-33.5|-270.0|-150.0|-270.0
L|-150.0|-270.0|-150.0|-295.0
L|-150.0|-295.0|150.0|-295.0
L|150.0|-295.0|150.0|-270.0
L|150.0|-270.0|33.5|-270.0
A|33.5|-270.0|6.5|-243.0|27.0|0|0
L|6.5|-243.0|6.5|243.0
A|6.5|243.0|33.5|270.0|27.0|0|0
#3530686	3568170	273538	-150.00	-270.00	150.00	270.00
L|33.25|246.0|150.0|246.0
L|150.0|246.0|150.0|270.0
L|150.0|270.0|-150.0|270.0
L|-150.0|270.0|-150.0|246.0
L|-150.0|246.0|-33.25|246.0
A|-33.25|246.0|-6.25|219.0|27.0|0|0
L|-6.25|219.0|-6.25|-219.0
A|-6.25|-219.0|-33.25|-246.0|27.0|0|0
L|-33.25|-246.0|-150.0|-246.0
L|-150.0|-246.0|-150.0|-270.0
L|-150.0|-270.0|150.0|-270.0
L|150.0|-270.0|150.0|-246.0
L|150.0|-246.0|33.25|-246.0
A|33.25|-246.0|6.25|-219.0|27.0|0|0
L|6.25|-219.0|6.25|219.0
A|6.25|219.0|33.25|246.0|27.0|0|0
#3530688	3568171	273538	-150.00	-245.00	150.00	245.00
L|33.0|222.0|150.0|222.0
L|150.0|222.0|150.0|245.0
L|150.0|245.0|-150.0|245.0
L|-150.0|245.0|-150.0|222.0
L|-150.0|222.0|-33.0|222.0
A|-33.0|222.0|-6.0|195.0|27.0|0|0
L|-6.0|195.0|-6.0|-195.0
A|-6.0|-195.0|-33.0|-222.0|27.0|0|0
L|-33.0|-222.0|-150.0|-222.0
L|-150.0|-222.0|-150.0|-245.0
L|-150.0|-245.0|150.0|-245.0
L|150.0|-245.0|150.0|-222.0
L|150.0|-222.0|33.0|-222.0
A|33.0|-222.0|6.0|-195.0|27.0|0|0
L|6.0|-195.0|6.0|195.0
A|6.0|195.0|33.0|222.0|27.0|0|0
#3530690	3568172	273538	-150.00	-220.00	150.00	220.00
L|32.75|199.0|150.0|199.0
L|150.0|199.0|150.0|220.0
L|150.0|220.0|-150.0|220.0
L|-150.0|220.0|-150.0|199.0
L|-150.0|199.0|-32.75|199.0
A|-32.75|199.0|-5.75|172.0|27.0|0|0
L|-5.75|172.0|-5.75|-172.0
A|-5.75|-172.0|-32.75|-199.0|27.0|0|0
L|-32.75|-199.0|-150.0|-199.0
L|-150.0|-199.0|-150.0|-220.0
L|-150.0|-220.0|150.0|-220.0
L|150.0|-220.0|150.0|-199.0
L|150.0|-199.0|32.75|-199.0
A|32.75|-199.0|5.75|-172.0|27.0|0|0
L|5.75|-172.0|5.75|172.0
A|5.75|172.0|32.75|199.0|27.0|0|0
#3530692	3568163	273538	-150.00	-195.00	150.00	195.00
L|32.5|176.0|150.0|176.0
L|150.0|176.0|150.0|195.0
L|150.0|195.0|-150.0|195.0
L|-150.0|195.0|-150.0|176.0
L|-150.0|176.0|-32.5|176.0
A|-32.5|176.0|-5.5|149.0|27.0|0|0
L|-5.5|149.0|-5.5|-149.0
A|-5.5|-149.0|-32.5|-176.0|27.0|0|0
L|-32.5|-176.0|-150.0|-176.0
L|-150.0|-176.0|-150.0|-195.0
L|-150.0|-195.0|150.0|-195.0
L|150.0|-195.0|150.0|-176.0
L|150.0|-176.0|32.5|-176.0
A|32.5|-176.0|5.5|-149.0|27.0|0|0
L|5.5|-149.0|5.5|149.0
A|5.5|149.0|32.5|176.0|27.0|0|0
#3530694	3568164	273538	-150.00	-175.00	150.00	175.00
L|32.0|157.5|150.0|157.5
L|150.0|157.5|150.0|175.0
L|150.0|175.0|-150.0|175.0
L|-150.0|175.0|-150.0|157.5
L|-150.0|157.5|-32.0|157.5
A|-32.0|157.5|-5.0|130.5|27.0|0|0
L|-5.0|130.5|-5.0|-130.5
A|-5.0|-130.5|-32.0|-157.5|27.0|0|0
L|-32.0|-157.5|-150.0|-157.5
L|-150.0|-157.5|-150.0|-175.0
L|-150.0|-175.0|150.0|-175.0
L|150.0|-175.0|150.0|-157.5
L|150.0|-157.5|32.0|-157.5
A|32.0|-157.5|5.0|-130.5|27.0|0|0
L|5.0|-130.5|5.0|130.5
A|5.0|130.5|32.0|157.5|27.0|0|0
#3530696	3568205	273538	-150.00	-165.00	150.00	165.00
L|31.75|148.5|150.0|148.5
L|150.0|148.5|150.0|165.0
L|150.0|165.0|-150.0|165.0
L|-150.0|165.0|-150.0|148.5
L|-150.0|148.5|-31.75|148.5
A|-31.75|148.5|-4.75|121.5|27.0|0|0
L|-4.75|121.5|-4.75|-121.5
A|-4.75|-121.5|-31.75|-148.5|27.0|0|0
L|-31.75|-148.5|-150.0|-148.5
L|-150.0|-148.5|-150.0|-165.0
L|-150.0|-165.0|150.0|-165.0
L|150.0|-165.0|150.0|-148.5
L|150.0|-148.5|31.75|-148.5
A|31.75|-148.5|4.75|-121.5|27.0|0|0
L|4.75|-121.5|4.75|121.5
A|4.75|121.5|31.75|148.5|27.0|0|0
#3530698	3568206	273538	-150.00	-155.00	150.00	155.00
L|31.5|139.5|150.0|139.5
L|150.0|139.5|150.0|155.0
L|150.0|155.0|-150.0|155.0
L|-150.0|155.0|-150.0|139.5
L|-150.0|139.5|-31.5|139.5
A|-31.5|139.5|-4.5|112.5|27.0|0|0
L|-4.5|112.5|-4.5|-112.5
A|-4.5|-112.5|-31.5|-139.5|27.0|0|0
L|-31.5|-139.5|-150.0|-139.5
L|-150.0|-139.5|-150.0|-155.0
L|-150.0|-155.0|150.0|-155.0
L|150.0|-155.0|150.0|-139.5
L|150.0|-139.5|31.5|-139.5
A|31.5|-139.5|4.5|-112.5|27.0|0|0
L|4.5|-112.5|4.5|112.5
A|4.5|112.5|31.5|139.5|27.0|0|0
#3530700	3568207	273538	-150.00	-145.00	150.00	145.00
L|31.25|131.0|150.0|131.0
L|150.0|131.0|150.0|145.0
L|150.0|145.0|-150.0|145.0
L|-150.0|145.0|-150.0|131.0
L|-150.0|131.0|-31.25|131.0
A|-31.25|131.0|-4.25|104.0|27.0|0|0
L|-4.25|104.0|-4.25|-104.0
A|-4.25|-104.0|-31.25|-131.0|27.0|0|0
L|-31.25|-131.0|-150.0|-131.0
L|-150.0|-131.0|-150.0|-145.0
L|-150.0|-145.0|150.0|-145.0
L|150.0|-145.0|150.0|-131.0
L|150.0|-131.0|31.25|-131.0
A|31.25|-131.0|4.25|-104.0|27.0|0|0
L|4.25|-104.0|4.25|104.0
A|4.25|104.0|31.25|131.0|27.0|0|0
#3530702	3568208	273538	-140.00	-135.00	140.00	135.00
L|28.0|122.0|140.0|122.0
L|140.0|122.0|140.0|135.0
L|140.0|135.0|-140.0|135.0
L|-140.0|135.0|-140.0|122.0
L|-140.0|122.0|-28.0|122.0
A|-28.0|122.0|-4.0|98.0|24.0|0|0
L|-4.0|98.0|-4.0|-98.0
A|-4.0|-98.0|-28.0|-122.0|24.0|0|0
L|-28.0|-122.0|-140.0|-122.0
L|-140.0|-122.0|-140.0|-135.0
L|-140.0|-135.0|140.0|-135.0
L|140.0|-135.0|140.0|-122.0
L|140.0|-122.0|28.0|-122.0
A|28.0|-122.0|4.0|-98.0|24.0|0|0
L|4.0|-98.0|4.0|98.0
A|4.0|98.0|28.0|122.0|24.0|0|0
#3530704	3568209	273538	-130.00	-125.00	130.00	125.00
L|27.75|112.5|130.0|112.5
L|130.0|112.5|130.0|125.0
L|130.0|125.0|-130.0|125.0
L|-130.0|125.0|-130.0|112.5
L|-130.0|112.5|-27.75|112.5
A|-27.75|112.5|-3.75|88.5|24.0|0|0
L|-3.75|88.5|-3.75|-88.5
A|-3.75|-88.5|-27.75|-112.5|24.0|0|0
L|-27.75|-112.5|-130.0|-112.5
L|-130.0|-112.5|-130.0|-125.0
L|-130.0|-125.0|130.0|-125.0
L|130.0|-125.0|130.0|-112.5
L|130.0|-112.5|27.75|-112.5
A|27.75|-112.5|3.75|-88.5|24.0|0|0
L|3.75|-88.5|3.75|88.5
A|3.75|88.5|27.75|112.5|24.0|0|0
#3530706	3568211	273538	-120.00	-115.00	120.00	115.00
L|25.75|103.0|120.0|103.0
L|120.0|103.0|120.0|115.0
L|120.0|115.0|-120.0|115.0
L|-120.0|115.0|-120.0|103.0
L|-120.0|103.0|-25.75|103.0
A|-25.75|103.0|-3.75|81.0|22.0|0|0
L|-3.75|81.0|-3.75|-81.0
A|-3.75|-81.0|-25.75|-103.0|22.0|0|0
L|-25.75|-103.0|-120.0|-103.0
L|-120.0|-103.0|-120.0|-115.0
L|-120.0|-115.0|120.0|-115.0
L|120.0|-115.0|120.0|-103.0
L|120.0|-103.0|25.75|-103.0
A|25.75|-103.0|3.75|-81.0|22.0|0|0
L|3.75|-81.0|3.75|81.0
A|3.75|81.0|25.75|103.0|22.0|0|0
#3530708	3568212	273538	-110.00	-105.00	110.00	105.00
L|21.5|94.0|110.0|94.0
L|110.0|94.0|110.0|105.0
L|110.0|105.0|-110.0|105.0
L|-110.0|105.0|-110.0|94.0
L|-110.0|94.0|-21.5|94.0
A|-21.5|94.0|-3.5|76.0|18.0|0|0
L|-3.5|76.0|-3.5|-76.0
A|-3.5|-76.0|-21.5|-94.0|18.0|0|0
L|-21.5|-94.0|-110.0|-94.0
L|-110.0|-94.0|-110.0|-105.0
L|-110.0|-105.0|110.0|-105.0
L|110.0|-105.0|110.0|-94.0
L|110.0|-94.0|21.5|-94.0
A|21.5|-94.0|3.5|-76.0|18.0|0|0
L|3.5|-76.0|3.5|76.0
A|3.5|76.0|21.5|94.0|18.0|0|0
#3530710	3568213	273538	-100.00	-95.00	100.00	95.00
L|21.25|85.0|100.0|85.0
L|100.0|85.0|100.0|95.0
L|100.0|95.0|-100.0|95.0
L|-100.0|95.0|-100.0|85.0
L|-100.0|85.0|-21.25|85.0
A|-21.25|85.0|-3.25|67.0|18.0|0|0
L|-3.25|67.0|-3.25|-67.0
A|-3.25|-67.0|-21.25|-85.0|18.0|0|0
L|-21.25|-85.0|-100.0|-85.0
L|-100.0|-85.0|-100.0|-95.0
L|-100.0|-95.0|100.0|-95.0
L|100.0|-95.0|100.0|-85.0
L|100.0|-85.0|21.25|-85.0
A|21.25|-85.0|3.25|-67.0|18.0|0|0
L|3.25|-67.0|3.25|67.0
A|3.25|67.0|21.25|85.0|18.0|0|0
#3530712	3568214	273538	-90.00	-85.50	90.00	85.50
L|18.0|76.0|90.0|76.0
L|90.0|76.0|90.0|85.5
L|90.0|85.5|-90.0|85.5
L|-90.0|85.5|-90.0|76.0
L|-90.0|76.0|-18.0|76.0
A|-18.0|76.0|-3.0|61.0|15.0|0|0
L|-3.0|61.0|-3.0|-61.0
A|-3.0|-61.0|-18.0|-76.0|15.0|0|0
L|-18.0|-76.0|-90.0|-76.0
L|-90.0|-76.0|-90.0|-85.5
L|-90.0|-85.5|90.0|-85.5
L|90.0|-85.5|90.0|-76.0
L|90.0|-76.0|18.0|-76.0
A|18.0|-76.0|3.0|-61.0|15.0|0|0
L|3.0|-61.0|3.0|61.0
A|3.0|61.0|18.0|76.0|15.0|0|0
#3530714	3568215	273538	-80.00	-76.00	80.00	76.00
L|18.0|67.0|80.0|67.0
L|80.0|67.0|80.0|76.0
L|80.0|76.0|-80.0|76.0
L|-80.0|76.0|-80.0|67.0
L|-80.0|67.0|-18.0|67.0
A|-18.0|67.0|-3.0|52.0|15.0|0|0
L|-3.0|52.0|-3.0|-52.0
A|-3.0|-52.0|-18.0|-67.0|15.0|0|0
L|-18.0|-67.0|-80.0|-67.0
L|-80.0|-67.0|-80.0|-76.0
L|-80.0|-76.0|80.0|-76.0
L|80.0|-76.0|80.0|-67.0
L|80.0|-67.0|18.0|-67.0
A|18.0|-67.0|3.0|-52.0|15.0|0|0
L|3.0|-52.0|3.0|52.0
A|3.0|52.0|18.0|67.0|15.0|0|0
#3530716	3568254	273538	-70.00	-66.50	70.00	66.50
L|14.75|58.0|70.0|58.0
L|70.0|58.0|70.0|66.5
L|70.0|66.5|-70.0|66.5
L|-70.0|66.5|-70.0|58.0
L|-70.0|58.0|-14.75|58.0
A|-14.75|58.0|-2.75|46.0|12.0|0|0
L|-2.75|46.0|-2.75|-46.0
A|-2.75|-46.0|-14.75|-58.0|12.0|0|0
L|-14.75|-58.0|-70.0|-58.0
L|-70.0|-58.0|-70.0|-66.5
L|-70.0|-66.5|70.0|-66.5
L|70.0|-66.5|70.0|-58.0
L|70.0|-58.0|14.75|-58.0
A|14.75|-58.0|2.75|-46.0|12.0|0|0
L|2.75|-46.0|2.75|46.0
A|2.75|46.0|14.75|58.0|12.0|0|0
#3530718	3568246	273538	-60.00	-57.00	60.00	57.00
L|14.5|49.0|60.0|49.0
L|60.0|49.0|60.0|57.0
L|60.0|57.0|-60.0|57.0
L|-60.0|57.0|-60.0|49.0
L|-60.0|49.0|-14.5|49.0
A|-14.5|49.0|-2.5|37.0|12.0|0|0
L|-2.5|37.0|-2.5|-37.0
A|-2.5|-37.0|-14.5|-49.0|12.0|0|0
L|-14.5|-49.0|-60.0|-49.0
L|-60.0|-49.0|-60.0|-57.0
L|-60.0|-57.0|60.0|-57.0
L|60.0|-57.0|60.0|-49.0
L|60.0|-49.0|14.5|-49.0
A|14.5|-49.0|2.5|-37.0|12.0|0|0
L|2.5|-37.0|2.5|37.0
A|2.5|37.0|14.5|49.0|12.0|0|0
#3530720	3568247	273538	-50.00	-48.00	50.00	48.00
L|14.5|40.0|50.0|40.0
L|50.0|40.0|50.0|48.0
L|50.0|48.0|-50.0|48.0
L|-50.0|48.0|-50.0|40.0
L|-50.0|40.0|-14.5|40.0
A|-14.5|40.0|-2.5|28.0|12.0|0|0
L|-2.5|28.0|-2.5|-28.0
A|-2.5|-28.0|-14.5|-40.0|12.0|0|0
L|-14.5|-40.0|-50.0|-40.0
L|-50.0|-40.0|-50.0|-48.0
L|-50.0|-48.0|50.0|-48.0
L|50.0|-48.0|50.0|-40.0
L|50.0|-40.0|14.5|-40.0
A|14.5|-40.0|2.5|-28.0|12.0|0|0
L|2.5|-28.0|2.5|28.0
A|2.5|28.0|14.5|40.0|12.0|0|0
#3530722	3567976	273538	-110.00	-300.00	110.00	300.00
L|30.0|281.0|110.0|281.0
L|110.0|281.0|110.0|300.0
L|110.0|300.0|-110.0|300.0
L|-110.0|300.0|-110.0|281.0
L|-110.0|281.0|-30.0|281.0
A|-30.0|281.0|-6.0|257.0|24.0|0|0
L|-6.0|257.0|-6.0|-257.0
A|-6.0|-257.0|-30.0|-281.0|24.0|0|0
L|-30.0|-281.0|-110.0|-281.0
L|-110.0|-281.0|-110.0|-300.0
L|-110.0|-300.0|110.0|-300.0
L|110.0|-300.0|110.0|-281.0
L|110.0|-281.0|30.0|-281.0
A|30.0|-281.0|6.0|-257.0|24.0|0|0
L|6.0|-257.0|6.0|257.0
A|6.0|257.0|30.0|281.0|24.0|0|0
#3530724	3567975	273538	-105.00	-275.00	105.00	275.00
L|29.55|257.8|105.0|257.8
L|105.0|257.8|105.0|275.0
L|105.0|275.0|-105.0|275.0
L|-105.0|275.0|-105.0|257.8
L|-105.0|257.8|-29.55|257.8
A|-29.55|257.8|-5.55|233.8|24.0|0|0
L|-5.55|233.8|-5.55|-233.8
A|-5.55|-233.8|-29.55|-257.8|24.0|0|0
L|-29.55|-257.8|-105.0|-257.8
L|-105.0|-257.8|-105.0|-275.0
L|-105.0|-275.0|105.0|-275.0
L|105.0|-275.0|105.0|-257.8
L|105.0|-257.8|29.55|-257.8
A|29.55|-257.8|5.55|-233.8|24.0|0|0
L|5.55|-233.8|5.55|233.8
A|5.55|233.8|29.55|257.8|24.0|0|0
#3530726	3567974	273538	-100.00	-250.00	100.00	250.00
L|26.1|234.0|100.0|234.0
L|100.0|234.0|100.0|250.0
L|100.0|250.0|-100.0|250.0
L|-100.0|250.0|-100.0|234.0
L|-100.0|234.0|-26.1|234.0
A|-26.1|234.0|-5.1|213.0|21.0|0|0
L|-5.1|213.0|-5.1|-213.0
A|-5.1|-213.0|-26.1|-234.0|21.0|0|0
L|-26.1|-234.0|-100.0|-234.0
L|-100.0|-234.0|-100.0|-250.0
L|-100.0|-250.0|100.0|-250.0
L|100.0|-250.0|100.0|-234.0
L|100.0|-234.0|26.1|-234.0
A|26.1|-234.0|5.1|-213.0|21.0|0|0
L|5.1|-213.0|5.1|213.0
A|5.1|213.0|26.1|234.0|21.0|0|0
#3530728	3567973	273538	-95.00	-225.00	95.00	225.00
L|25.7|210.4|95.0|210.4
L|95.0|210.4|95.0|225.0
L|95.0|225.0|-95.0|225.0
L|-95.0|225.0|-95.0|210.4
L|-95.0|210.4|-25.7|210.4
A|-25.7|210.4|-4.7|189.4|21.0|0|0
L|-4.7|189.4|-4.7|-189.4
A|-4.7|-189.4|-25.7|-210.4|21.0|0|0
L|-25.7|-210.4|-95.0|-210.4
L|-95.0|-210.4|-95.0|-225.0
L|-95.0|-225.0|95.0|-225.0
L|95.0|-225.0|95.0|-210.4
L|95.0|-210.4|25.7|-210.4
A|25.7|-210.4|4.7|-189.4|21.0|0|0
L|4.7|-189.4|4.7|189.4
A|4.7|189.4|25.7|210.4|21.0|0|0
#3530730	3567972	273538	-90.00	-200.00	90.00	200.00
L|25.3|186.5|90.0|186.5
L|90.0|186.5|90.0|200.0
L|90.0|200.0|-90.0|200.0
L|-90.0|200.0|-90.0|186.5
L|-90.0|186.5|-25.3|186.5
A|-25.3|186.5|-4.3|165.5|21.0|0|0
L|-4.3|165.5|-4.3|-165.5
A|-4.3|-165.5|-25.3|-186.5|21.0|0|0
L|-25.3|-186.5|-90.0|-186.5
L|-90.0|-186.5|-90.0|-200.0
L|-90.0|-200.0|90.0|-200.0
L|90.0|-200.0|90.0|-186.5
L|90.0|-186.5|25.3|-186.5
A|25.3|-186.5|4.3|-165.5|21.0|0|0
L|4.3|-165.5|4.3|165.5
A|4.3|165.5|25.3|186.5|21.0|0|0
#3530732	3567971	273538	-85.00	-180.00	85.00	180.00
L|22.0|167.3|85.0|167.3
L|85.0|167.3|85.0|180.0
L|85.0|180.0|-85.0|180.0
L|-85.0|180.0|-85.0|167.3
L|-85.0|167.3|-22.0|167.3
A|-22.0|167.3|-4.0|149.3|18.0|0|0
L|-4.0|149.3|-4.0|-149.3
A|-4.0|-149.3|-22.0|-167.3|18.0|0|0
L|-22.0|-167.3|-85.0|-167.3
L|-85.0|-167.3|-85.0|-180.0
L|-85.0|-180.0|85.0|-180.0
L|85.0|-180.0|85.0|-167.3
L|85.0|-167.3|22.0|-167.3
A|22.0|-167.3|4.0|-149.3|18.0|0|0
L|4.0|-149.3|4.0|149.3
A|4.0|149.3|22.0|167.3|18.0|0|0
#3530734	3567970	273538	-80.00	-165.00	80.00	165.00
L|21.75|153.5|80.0|153.5
L|80.0|153.5|80.0|165.0
L|80.0|165.0|-80.0|165.0
L|-80.0|165.0|-80.0|153.5
L|-80.0|153.5|-21.75|153.5
A|-21.75|153.5|-3.75|135.5|18.0|0|0
L|-3.75|135.5|-3.75|-135.5
A|-3.75|-135.5|-21.75|-153.5|18.0|0|0
L|-21.75|-153.5|-80.0|-153.5
L|-80.0|-153.5|-80.0|-165.0
L|-80.0|-165.0|80.0|-165.0
L|80.0|-165.0|80.0|-153.5
L|80.0|-153.5|21.75|-153.5
A|21.75|-153.5|3.75|-135.5|18.0|0|0
L|3.75|-135.5|3.75|135.5
A|3.75|135.5|21.75|153.5|18.0|0|0
#3530736	3567969	273538	-75.00	-150.00	75.00	150.00
L|18.55|139.3|75.0|139.3
L|75.0|139.3|75.0|150.0
L|75.0|150.0|-75.0|150.0
L|-75.0|150.0|-75.0|139.3
L|-75.0|139.3|-18.55|139.3
A|-18.55|139.3|-3.55|124.3|15.0|0|0
L|-3.55|124.3|-3.55|-124.3
A|-3.55|-124.3|-18.55|-139.3|15.0|0|0
L|-18.55|-139.3|-75.0|-139.3
L|-75.0|-139.3|-75.0|-150.0
L|-75.0|-150.0|75.0|-150.0
L|75.0|-150.0|75.0|-139.3
L|75.0|-139.3|18.55|-139.3
A|18.55|-139.3|3.55|-124.3|15.0|0|0
L|3.55|-124.3|3.55|124.3
A|3.55|124.3|18.55|139.3|15.0|0|0
#3530738	3567968	273538	-67.50	-135.00	67.50	135.00
L|18.3|124.8|67.5|124.8
L|67.5|124.8|67.5|135.0
L|67.5|135.0|-67.5|135.0
L|-67.5|135.0|-67.5|124.8
L|-67.5|124.8|-18.3|124.8
A|-18.3|124.8|-3.3|109.8|15.0|0|0
L|-3.3|109.8|-3.3|-109.8
A|-3.3|-109.8|-18.3|-124.8|15.0|0|0
L|-18.3|-124.8|-67.5|-124.8
L|-67.5|-124.8|-67.5|-135.0
L|-67.5|-135.0|67.5|-135.0
L|67.5|-135.0|67.5|-124.8
L|67.5|-124.8|18.3|-124.8
A|18.3|-124.8|3.3|-109.8|15.0|0|0
L|3.3|-109.8|3.3|109.8
A|3.3|109.8|18.3|124.8|15.0|0|0
#3530740	3567967	273538	-60.00	-120.00	60.00	120.00
L|18.1|110.2|60.0|110.2
L|60.0|110.2|60.0|120.0
L|60.0|120.0|-60.0|120.0
L|-60.0|120.0|-60.0|110.2
L|-60.0|110.2|-18.1|110.2
A|-18.1|110.2|-3.1|95.2|15.0|0|0
L|-3.1|95.2|-3.1|-95.2
A|-3.1|-95.2|-18.1|-110.2|15.0|0|0
L|-18.1|-110.2|-60.0|-110.2
L|-60.0|-110.2|-60.0|-120.0
L|-60.0|-120.0|60.0|-120.0
L|60.0|-120.0|60.0|-110.2
L|60.0|-110.2|18.1|-110.2
A|18.1|-110.2|3.1|-95.2|15.0|0|0
L|3.1|-95.2|3.1|95.2
A|3.1|95.2|18.1|110.2|15.0|0|0
#3530742	3567966	273538	-55.00	-110.00	55.00	110.00
L|14.95|100.8|55.0|100.8
L|55.0|100.8|55.0|110.0
L|55.0|110.0|-55.0|110.0
L|-55.0|110.0|-55.0|100.8
L|-55.0|100.8|-14.95|100.8
A|-14.95|100.8|-2.95|88.8|12.0|0|0
L|-2.95|88.8|-2.95|-88.8
A|-2.95|-88.8|-14.95|-100.8|12.0|0|0
L|-14.95|-100.8|-55.0|-100.8
L|-55.0|-100.8|-55.0|-110.0
L|-55.0|-110.0|55.0|-110.0
L|55.0|-110.0|55.0|-100.8
L|55.0|-100.8|14.95|-100.8
A|14.95|-100.8|2.95|-88.8|12.0|0|0
L|2.95|-88.8|2.95|88.8
A|2.95|88.8|14.95|100.8|12.0|0|0
#3530744	3567965	273538	-50.00	-100.00	50.00	100.00
L|14.8|91.5|50.0|91.5
L|50.0|91.5|50.0|100.0
L|50.0|100.0|-50.0|100.0
L|-50.0|100.0|-50.0|91.5
L|-50.0|91.5|-14.8|91.5
A|-14.8|91.5|-2.8|79.5|12.0|0|0
L|-2.8|79.5|-2.8|-79.5
A|-2.8|-79.5|-14.8|-91.5|12.0|0|0
L|-14.8|-91.5|-50.0|-91.5
L|-50.0|-91.5|-50.0|-100.0
L|-50.0|-100.0|50.0|-100.0
L|50.0|-100.0|50.0|-91.5
L|50.0|-91.5|14.8|-91.5
A|14.8|-91.5|2.8|-79.5|12.0|0|0
L|2.8|-79.5|2.8|79.5
A|2.8|79.5|14.8|91.5|12.0|0|0
#3530746	3567964	273538	-45.50	-90.00	45.50	90.00
L|11.65|82.0|45.5|82.0
L|45.5|82.0|45.5|90.0
L|45.5|90.0|-45.5|90.0
L|-45.5|90.0|-45.5|82.0
L|-45.5|82.0|-11.65|82.0
A|-11.65|82.0|-2.65|73.0|9.0|0|0
L|-2.65|73.0|-2.65|-73.0
A|-2.65|-73.0|-11.65|-82.0|9.0|0|0
L|-11.65|-82.0|-45.5|-82.0
L|-45.5|-82.0|-45.5|-90.0
L|-45.5|-90.0|45.5|-90.0
L|45.5|-90.0|45.5|-82.0
L|45.5|-82.0|11.65|-82.0
A|11.65|-82.0|2.65|-73.0|9.0|0|0
L|2.65|-73.0|2.65|73.0
A|2.65|73.0|11.65|82.0|9.0|0|0
#3530748	3567963	273538	-41.00	-80.00	41.00	80.00
L|11.5|72.6|41.0|72.6
L|41.0|72.6|41.0|80.0
L|41.0|80.0|-41.0|80.0
L|-41.0|80.0|-41.0|72.6
L|-41.0|72.6|-11.5|72.6
A|-11.5|72.6|-2.5|63.6|9.0|0|0
L|-2.5|63.6|-2.5|-63.6
A|-2.5|-63.6|-11.5|-72.6|9.0|0|0
L|-11.5|-72.6|-41.0|-72.6
L|-41.0|-72.6|-41.0|-80.0
L|-41.0|-80.0|41.0|-80.0
L|41.0|-80.0|41.0|-72.6
L|41.0|-72.6|11.5|-72.6
A|11.5|-72.6|2.5|-63.6|9.0|0|0
L|2.5|-63.6|2.5|63.6
A|2.5|63.6|11.5|72.6|9.0|0|0
#3530750	3567962	273538	-36.50	-70.00	36.50	70.00
L|9.35|63.1|36.5|63.1
L|36.5|63.1|36.5|70.0
L|36.5|70.0|-36.5|70.0
L|-36.5|70.0|-36.5|63.1
L|-36.5|63.1|-9.35|63.1
A|-9.35|63.1|-2.35|56.1|7.0|0|0
L|-2.35|56.1|-2.35|-56.1
A|-2.35|-56.1|-9.35|-63.1|7.0|0|0
L|-9.35|-63.1|-36.5|-63.1
L|-36.5|-63.1|-36.5|-70.0
L|-36.5|-70.0|36.5|-70.0
L|36.5|-70.0|36.5|-63.1
L|36.5|-63.1|9.35|-63.1
A|9.35|-63.1|2.35|-56.1|7.0|0|0
L|2.35|-56.1|2.35|56.1
A|2.35|56.1|9.35|63.1|7.0|0|0
#3530752	3567961	273538	-32.00	-60.00	32.00	60.00
L|9.2|53.7|32.0|53.7
L|32.0|53.7|32.0|60.0
L|32.0|60.0|-32.0|60.0
L|-32.0|60.0|-32.0|53.7
L|-32.0|53.7|-9.2|53.7
A|-9.2|53.7|-2.2|46.7|7.0|0|0
L|-2.2|46.7|-2.2|-46.7
A|-2.2|-46.7|-9.2|-53.7|7.0|0|0
L|-9.2|-53.7|-32.0|-53.7
L|-32.0|-53.7|-32.0|-60.0
L|-32.0|-60.0|32.0|-60.0
L|32.0|-60.0|32.0|-53.7
L|32.0|-53.7|9.2|-53.7
A|9.2|-53.7|2.2|-46.7|7.0|0|0
L|2.2|-46.7|2.2|46.7
A|2.2|46.7|9.2|53.7|7.0|0|0
#3530754	3567960	273538	-27.50	-50.00	27.50	50.00
L|9.05|44.3|27.5|44.3
L|27.5|44.3|27.5|50.0
L|27.5|50.0|-27.5|50.0
L|-27.5|50.0|-27.5|44.3
L|-27.5|44.3|-9.05|44.3
A|-9.05|44.3|-2.05|37.3|7.0|0|0
L|-2.05|37.3|-2.05|-37.3
A|-2.05|-37.3|-9.05|-44.3|7.0|0|0
L|-9.05|-44.3|-27.5|-44.3
L|-27.5|-44.3|-27.5|-50.0
L|-27.5|-50.0|27.5|-50.0
L|27.5|-50.0|27.5|-44.3
L|27.5|-44.3|9.05|-44.3
A|9.05|-44.3|2.05|-37.3|7.0|0|0
L|2.05|-37.3|2.05|37.3
A|2.05|37.3|9.05|44.3|7.0|0|0
#3530756	3567959	273538	-23.00	-40.00	23.00	40.00
L|6.9|34.8|23.0|34.8
L|23.0|34.8|23.0|40.0
L|23.0|40.0|-23.0|40.0
L|-23.0|40.0|-23.0|34.8
L|-23.0|34.8|-6.9|34.8
A|-6.9|34.8|-1.9|29.8|5.0|0|0
L|-1.9|29.8|-1.9|-29.8
A|-1.9|-29.8|-6.9|-34.8|5.0|0|0
L|-6.9|-34.8|-23.0|-34.8
L|-23.0|-34.8|-23.0|-40.0
L|-23.0|-40.0|23.0|-40.0
L|23.0|-40.0|23.0|-34.8
L|23.0|-34.8|6.9|-34.8
A|6.9|-34.8|1.9|-29.8|5.0|0|0
L|1.9|-29.8|1.9|29.8
A|1.9|29.8|6.9|34.8|5.0|0|0
#3531533	3568526	273538	-150.00	-100.00	150.00	100.00
L|119.5|-92.0|-119.5|-92.0
A|-119.5|-92.0|-142.0|-69.5|22.5|0|0
L|-142.0|-69.5|-142.0|69.5
A|-142.0|69.5|-119.5|92.0|22.5|0|0
L|-119.5|92.0|119.5|92.0
A|119.5|92.0|142.0|69.5|22.5|0|0
L|142.0|69.5|142.0|-69.5
A|142.0|-69.5|119.5|-92.0|22.5|0|0
L|150.0|-76.0|150.0|76.0
A|150.0|76.0|126.0|100.0|24.0|0|1
L|126.0|100.0|-126.0|100.0
A|-126.0|100.0|-150.0|76.0|24.0|0|1
L|-150.0|76.0|-150.0|-76.0
A|-150.0|-76.0|-126.0|-100.0|24.0|0|1
L|-126.0|-100.0|126.0|-100.0
A|126.0|-100.0|150.0|-76.0|24.0|0|1
#3531535	3568527	273538	-150.00	-100.00	150.00	100.00
L|120.2|-87.5|-120.2|-87.5
A|-120.2|-87.5|-137.5|-70.2|17.3|0|0
L|-137.5|-70.2|-137.5|70.2
A|-137.5|70.2|-120.2|87.5|17.3|0|0
L|-120.2|87.5|120.2|87.5
A|120.2|87.5|137.5|70.2|17.3|0|0
L|137.5|70.2|137.5|-70.2
A|137.5|-70.2|120.2|-87.5|17.3|0|0
L|150.0|-81.2|150.0|81.2
A|150.0|81.2|131.2|100.0|18.8|0|1
L|131.2|100.0|-131.2|100.0
A|-131.2|100.0|-150.0|81.2|18.8|0|1
L|-150.0|81.2|-150.0|-81.2
A|-150.0|-81.2|-131.2|-100.0|18.8|0|1
L|-131.2|-100.0|131.2|-100.0
A|131.2|-100.0|150.0|-81.2|18.8|0|1
#3531537	3568528	273538	-150.00	-100.00	150.00	100.00
L|126.5|-90.0|-126.5|-90.0
A|-126.5|-90.0|-140.0|-76.5|13.5|0|0
L|-140.0|-76.5|-140.0|76.5
A|-140.0|76.5|-126.5|90.0|13.5|0|0
L|-126.5|90.0|126.5|90.0
A|126.5|90.0|140.0|76.5|13.5|0|0
L|140.0|76.5|140.0|-76.5
A|140.0|-76.5|126.5|-90.0|13.5|0|0
L|150.0|-85.0|150.0|85.0
A|150.0|85.0|135.0|100.0|15.0|0|1
L|135.0|100.0|-135.0|100.0
A|-135.0|100.0|-150.0|85.0|15.0|0|1
L|-150.0|85.0|-150.0|-85.0
A|-150.0|-85.0|-135.0|-100.0|15.0|0|1
L|-135.0|-100.0|135.0|-100.0
A|135.0|-100.0|150.0|-85.0|15.0|0|1
#3531539	3568524	273538	-150.00	-100.00	150.00	100.00
L|131.5|-92.0|-131.5|-92.0
A|-131.5|-92.0|-142.0|-81.5|10.5|0|0
L|-142.0|-81.5|-142.0|81.5
A|-142.0|81.5|-131.5|92.0|10.5|0|0
L|-131.5|92.0|131.5|92.0
A|131.5|92.0|142.0|81.5|10.5|0|0
L|142.0|81.5|142.0|-81.5
A|142.0|-81.5|131.5|-92.0|10.5|0|0
L|150.0|-88.0|150.0|88.0
A|150.0|88.0|138.0|100.0|12.0|0|1
L|138.0|100.0|-138.0|100.0
A|-138.0|100.0|-150.0|88.0|12.0|0|1
L|-150.0|88.0|-150.0|-88.0
A|-150.0|-88.0|-138.0|-100.0|12.0|0|1
L|-138.0|-100.0|138.0|-100.0
A|138.0|-100.0|150.0|-88.0|12.0|0|1
#3531541	3568525	273538	-150.00	-100.00	150.00	100.00
L|135.75|-93.7|-135.75|-93.7
A|-135.75|-93.7|-143.7|-85.75|7.95|0|0
L|-143.7|-85.75|-143.7|85.75
A|-143.7|85.75|-135.75|93.7|7.95|0|0
L|-135.75|93.7|135.75|93.7
A|135.75|93.7|143.7|85.75|7.95|0|0
L|143.7|85.75|143.7|-85.75
A|143.7|-85.75|135.75|-93.7|7.95|0|0
L|150.0|-90.55|150.0|90.55
A|150.0|90.55|140.55|100.0|9.45|0|1
L|140.55|100.0|-140.55|100.0
A|-140.55|100.0|-150.0|90.55|9.45|0|1
L|-150.0|90.55|-150.0|-90.55
A|-150.0|-90.55|-140.55|-100.0|9.45|0|1
L|-140.55|-100.0|140.55|-100.0
A|140.55|-100.0|150.0|-90.55|9.45|0|1
#3531543	3568531	273538	-130.00	-90.00	130.00	90.00
L|100.2|-77.5|-100.2|-77.5
A|-100.2|-77.5|-117.5|-60.2|17.3|0|0
L|-117.5|-60.2|-117.5|60.2
A|-117.5|60.2|-100.2|77.5|17.3|0|0
L|-100.2|77.5|100.2|77.5
A|100.2|77.5|117.5|60.2|17.3|0|0
L|117.5|60.2|117.5|-60.2
A|117.5|-60.2|100.2|-77.5|17.3|0|0
L|130.0|-71.2|130.0|71.2
A|130.0|71.2|111.2|90.0|18.8|0|1
L|111.2|90.0|-111.2|90.0
A|-111.2|90.0|-130.0|71.2|18.8|0|1
L|-130.0|71.2|-130.0|-71.2
A|-130.0|-71.2|-111.2|-90.0|18.8|0|1
L|-111.2|-90.0|111.2|-90.0
A|111.2|-90.0|130.0|-71.2|18.8|0|1
#3531545	3568532	273538	-130.00	-90.00	130.00	90.00
L|106.5|-80.0|-106.5|-80.0
A|-106.5|-80.0|-120.0|-66.5|13.5|0|0
L|-120.0|-66.5|-120.0|66.5
A|-120.0|66.5|-106.5|80.0|13.5|0|0
L|-106.5|80.0|106.5|80.0
A|106.5|80.0|120.0|66.5|13.5|0|0
L|120.0|66.5|120.0|-66.5
A|120.0|-66.5|106.5|-80.0|13.5|0|0
L|130.0|-75.0|130.0|75.0
A|130.0|75.0|115.0|90.0|15.0|0|1
L|115.0|90.0|-115.0|90.0
A|-115.0|90.0|-130.0|75.0|15.0|0|1
L|-130.0|75.0|-130.0|-75.0
A|-130.0|-75.0|-115.0|-90.0|15.0|0|1
L|-115.0|-90.0|115.0|-90.0
A|115.0|-90.0|130.0|-75.0|15.0|0|1
#3531547	3568529	273538	-130.00	-90.00	130.00	90.00
L|111.5|-82.0|-111.5|-82.0
A|-111.5|-82.0|-122.0|-71.5|10.5|0|0
L|-122.0|-71.5|-122.0|71.5
A|-122.0|71.5|-111.5|82.0|10.5|0|0
L|-111.5|82.0|111.5|82.0
A|111.5|82.0|122.0|71.5|10.5|0|0
L|122.0|71.5|122.0|-71.5
A|122.0|-71.5|111.5|-82.0|10.5|0|0
L|130.0|-78.0|130.0|78.0
A|130.0|78.0|118.0|90.0|12.0|0|1
L|118.0|90.0|-118.0|90.0
A|-118.0|90.0|-130.0|78.0|12.0|0|1
L|-130.0|78.0|-130.0|-78.0
A|-130.0|-78.0|-118.0|-90.0|12.0|0|1
L|-118.0|-90.0|118.0|-90.0
A|118.0|-90.0|130.0|-78.0|12.0|0|1
#3531549	3568530	273538	-130.00	-90.00	130.00	90.00
L|115.75|-83.7|-115.75|-83.7
A|-115.75|-83.7|-123.7|-75.75|7.95|0|0
L|-123.7|-75.75|-123.7|75.75
A|-123.7|75.75|-115.75|83.7|7.95|0|0
L|-115.75|83.7|115.75|83.7
A|115.75|83.7|123.7|75.75|7.95|0|0
L|123.7|75.75|123.7|-75.75
A|123.7|-75.75|115.75|-83.7|7.95|0|0
L|130.0|-80.55|130.0|80.55
A|130.0|80.55|120.55|90.0|9.45|0|1
L|120.55|90.0|-120.55|90.0
A|-120.55|90.0|-130.0|80.55|9.45|0|1
L|-130.0|80.55|-130.0|-80.55
A|-130.0|-80.55|-120.55|-90.0|9.45|0|1
L|-120.55|-90.0|120.55|-90.0
A|120.55|-90.0|130.0|-80.55|9.45|0|1
#3531551	3568544	273538	-130.00	-70.00	130.00	70.00
L|100.2|-57.5|-100.2|-57.5
A|-100.2|-57.5|-117.5|-40.2|17.3|0|0
L|-117.5|-40.2|-117.5|40.2
A|-117.5|40.2|-100.2|57.5|17.3|0|0
L|-100.2|57.5|100.2|57.5
A|100.2|57.5|117.5|40.2|17.3|0|0
L|117.5|40.2|117.5|-40.2
A|117.5|-40.2|100.2|-57.5|17.3|0|0
L|130.0|-51.2|130.0|51.2
A|130.0|51.2|111.2|70.0|18.8|0|1
L|111.2|70.0|-111.2|70.0
A|-111.2|70.0|-130.0|51.2|18.8|0|1
L|-130.0|51.2|-130.0|-51.2
A|-130.0|-51.2|-111.2|-70.0|18.8|0|1
L|-111.2|-70.0|111.2|-70.0
A|111.2|-70.0|130.0|-51.2|18.8|0|1
#3531553	3568545	273538	-130.00	-70.00	130.00	70.00
L|106.5|-60.0|-106.5|-60.0
A|-106.5|-60.0|-120.0|-46.5|13.5|0|0
L|-120.0|-46.5|-120.0|46.5
A|-120.0|46.5|-106.5|60.0|13.5|0|0
L|-106.5|60.0|106.5|60.0
A|106.5|60.0|120.0|46.5|13.5|0|0
L|120.0|46.5|120.0|-46.5
A|120.0|-46.5|106.5|-60.0|13.5|0|0
L|130.0|-55.0|130.0|55.0
A|130.0|55.0|115.0|70.0|15.0|0|1
L|115.0|70.0|-115.0|70.0
A|-115.0|70.0|-130.0|55.0|15.0|0|1
L|-130.0|55.0|-130.0|-55.0
A|-130.0|-55.0|-115.0|-70.0|15.0|0|1
L|-115.0|-70.0|115.0|-70.0
A|115.0|-70.0|130.0|-55.0|15.0|0|1
#3531555	3568542	273538	-130.00	-70.00	130.00	70.00
L|111.5|-62.0|-111.5|-62.0
A|-111.5|-62.0|-122.0|-51.5|10.5|0|0
L|-122.0|-51.5|-122.0|51.5
A|-122.0|51.5|-111.5|62.0|10.5|0|0
L|-111.5|62.0|111.5|62.0
A|111.5|62.0|122.0|51.5|10.5|0|0
L|122.0|51.5|122.0|-51.5
A|122.0|-51.5|111.5|-62.0|10.5|0|0
L|130.0|-58.0|130.0|58.0
A|130.0|58.0|118.0|70.0|12.0|0|1
L|118.0|70.0|-118.0|70.0
A|-118.0|70.0|-130.0|58.0|12.0|0|1
L|-130.0|58.0|-130.0|-58.0
A|-130.0|-58.0|-118.0|-70.0|12.0|0|1
L|-118.0|-70.0|118.0|-70.0
A|118.0|-70.0|130.0|-58.0|12.0|0|1
#3531557	3568543	273538	-130.00	-70.00	130.00	70.00
L|115.75|-63.7|-115.75|-63.7
A|-115.75|-63.7|-123.7|-55.75|7.95|0|0
L|-123.7|-55.75|-123.7|55.75
A|-123.7|55.75|-115.75|63.7|7.95|0|0
L|-115.75|63.7|115.75|63.7
A|115.75|63.7|123.7|55.75|7.95|0|0
L|123.7|55.75|123.7|-55.75
A|123.7|-55.75|115.75|-63.7|7.95|0|0
L|130.0|-60.55|130.0|60.55
A|130.0|60.55|120.55|70.0|9.45|0|1
L|120.55|70.0|-120.55|70.0
A|-120.55|70.0|-130.0|60.55|9.45|0|1
L|-130.0|60.55|-130.0|-60.55
A|-130.0|-60.55|-120.55|-70.0|9.45|0|1
L|-120.55|-70.0|120.55|-70.0
A|120.55|-70.0|130.0|-60.55|9.45|0|1
#3531559	3568548	273538	-125.00	-75.00	125.00	75.00
L|95.2|-62.5|-95.2|-62.5
A|-95.2|-62.5|-112.5|-45.2|17.3|0|0
L|-112.5|-45.2|-112.5|45.2
A|-112.5|45.2|-95.2|62.5|17.3|0|0
L|-95.2|62.5|95.2|62.5
A|95.2|62.5|112.5|45.2|17.3|0|0
L|112.5|45.2|112.5|-45.2
A|112.5|-45.2|95.2|-62.5|17.3|0|0
L|125.0|-56.2|125.0|56.2
A|125.0|56.2|106.2|75.0|18.8|0|1
L|106.2|75.0|-106.2|75.0
A|-106.2|75.0|-125.0|56.2|18.8|0|1
L|-125.0|56.2|-125.0|-56.2
A|-125.0|-56.2|-106.2|-75.0|18.8|0|1
L|-106.2|-75.0|106.2|-75.0
A|106.2|-75.0|125.0|-56.2|18.8|0|1
#3531561	3568549	273538	-125.00	-75.00	125.00	75.00
L|101.5|-65.0|-101.5|-65.0
A|-101.5|-65.0|-115.0|-51.5|13.5|0|0
L|-115.0|-51.5|-115.0|51.5
A|-115.0|51.5|-101.5|65.0|13.5|0|0
L|-101.5|65.0|101.5|65.0
A|101.5|65.0|115.0|51.5|13.5|0|0
L|115.0|51.5|115.0|-51.5
A|115.0|-51.5|101.5|-65.0|13.5|0|0
L|125.0|-60.0|125.0|60.0
A|125.0|60.0|110.0|75.0|15.0|0|1
L|110.0|75.0|-110.0|75.0
A|-110.0|75.0|-125.0|60.0|15.0|0|1
L|-125.0|60.0|-125.0|-60.0
A|-125.0|-60.0|-110.0|-75.0|15.0|0|1
L|-110.0|-75.0|110.0|-75.0
A|110.0|-75.0|125.0|-60.0|15.0|0|1
#3531563	3568546	273538	-125.00	-75.00	125.00	75.00
L|106.5|-67.0|-106.5|-67.0
A|-106.5|-67.0|-117.0|-56.5|10.5|0|0
L|-117.0|-56.5|-117.0|56.5
A|-117.0|56.5|-106.5|67.0|10.5|0|0
L|-106.5|67.0|106.5|67.0
A|106.5|67.0|117.0|56.5|10.5|0|0
L|117.0|56.5|117.0|-56.5
A|117.0|-56.5|106.5|-67.0|10.5|0|0
L|125.0|-63.0|125.0|63.0
A|125.0|63.0|113.0|75.0|12.0|0|1
L|113.0|75.0|-113.0|75.0
A|-113.0|75.0|-125.0|63.0|12.0|0|1
L|-125.0|63.0|-125.0|-63.0
A|-125.0|-63.0|-113.0|-75.0|12.0|0|1
L|-113.0|-75.0|113.0|-75.0
A|113.0|-75.0|125.0|-63.0|12.0|0|1
#3531565	3568547	273538	-125.00	-75.00	125.00	75.00
L|110.75|-68.7|-110.75|-68.7
A|-110.75|-68.7|-118.7|-60.75|7.95|0|0
L|-118.7|-60.75|-118.7|60.75
A|-118.7|60.75|-110.75|68.7|7.95|0|0
L|-110.75|68.7|110.75|68.7
A|110.75|68.7|118.7|60.75|7.95|0|0
L|118.7|60.75|118.7|-60.75
A|118.7|-60.75|110.75|-68.7|7.95|0|0
L|125.0|-65.55|125.0|65.55
A|125.0|65.55|115.55|75.0|9.45|0|1
L|115.55|75.0|-115.55|75.0
A|-115.55|75.0|-125.0|65.55|9.45|0|1
L|-125.0|65.55|-125.0|-65.55
A|-125.0|-65.55|-115.55|-75.0|9.45|0|1
L|-115.55|-75.0|115.55|-75.0
A|115.55|-75.0|125.0|-65.55|9.45|0|1
#3531567	3568552	273538	-110.00	-60.00	110.00	60.00
L|80.2|-47.5|-80.2|-47.5
A|-80.2|-47.5|-97.5|-30.2|17.3|0|0
L|-97.5|-30.2|-97.5|30.2
A|-97.5|30.2|-80.2|47.5|17.3|0|0
L|-80.2|47.5|80.2|47.5
A|80.2|47.5|97.5|30.2|17.3|0|0
L|97.5|30.2|97.5|-30.2
A|97.5|-30.2|80.2|-47.5|17.3|0|0
L|110.0|-41.2|110.0|41.2
A|110.0|41.2|91.2|60.0|18.8|0|1
L|91.2|60.0|-91.2|60.0
A|-91.2|60.0|-110.0|41.2|18.8|0|1
L|-110.0|41.2|-110.0|-41.2
A|-110.0|-41.2|-91.2|-60.0|18.8|0|1
L|-91.2|-60.0|91.2|-60.0
A|91.2|-60.0|110.0|-41.2|18.8|0|1
#3531569	3568553	273538	-110.00	-60.00	110.00	60.00
L|86.5|-50.0|-86.5|-50.0
A|-86.5|-50.0|-100.0|-36.5|13.5|0|0
L|-100.0|-36.5|-100.0|36.5
A|-100.0|36.5|-86.5|50.0|13.5|0|0
L|-86.5|50.0|86.5|50.0
A|86.5|50.0|100.0|36.5|13.5|0|0
L|100.0|36.5|100.0|-36.5
A|100.0|-36.5|86.5|-50.0|13.5|0|0
L|110.0|-45.0|110.0|45.0
A|110.0|45.0|95.0|60.0|15.0|0|1
L|95.0|60.0|-95.0|60.0
A|-95.0|60.0|-110.0|45.0|15.0|0|1
L|-110.0|45.0|-110.0|-45.0
A|-110.0|-45.0|-95.0|-60.0|15.0|0|1
L|-95.0|-60.0|95.0|-60.0
A|95.0|-60.0|110.0|-45.0|15.0|0|1
#3531571	3568550	273538	-110.00	-60.00	110.00	60.00
L|91.5|-52.0|-91.5|-52.0
A|-91.5|-52.0|-102.0|-41.5|10.5|0|0
L|-102.0|-41.5|-102.0|41.5
A|-102.0|41.5|-91.5|52.0|10.5|0|0
L|-91.5|52.0|91.5|52.0
A|91.5|52.0|102.0|41.5|10.5|0|0
L|102.0|41.5|102.0|-41.5
A|102.0|-41.5|91.5|-52.0|10.5|0|0
L|110.0|-48.0|110.0|48.0
A|110.0|48.0|98.0|60.0|12.0|0|1
L|98.0|60.0|-98.0|60.0
A|-98.0|60.0|-110.0|48.0|12.0|0|1
L|-110.0|48.0|-110.0|-48.0
A|-110.0|-48.0|-98.0|-60.0|12.0|0|1
L|-98.0|-60.0|98.0|-60.0
A|98.0|-60.0|110.0|-48.0|12.0|0|1
#3531573	3568551	273538	-110.00	-60.00	110.00	60.00
L|95.75|-53.7|-95.75|-53.7
A|-95.75|-53.7|-103.7|-45.75|7.95|0|0
L|-103.7|-45.75|-103.7|45.75
A|-103.7|45.75|-95.75|53.7|7.95|0|0
L|-95.75|53.7|95.75|53.7
A|95.75|53.7|103.7|45.75|7.95|0|0
L|103.7|45.75|103.7|-45.75
A|103.7|-45.75|95.75|-53.7|7.95|0|0
L|110.0|-50.55|110.0|50.55
A|110.0|50.55|100.55|60.0|9.45|0|1
L|100.55|60.0|-100.55|60.0
A|-100.55|60.0|-110.0|50.55|9.45|0|1
L|-110.0|50.55|-110.0|-50.55
A|-110.0|-50.55|-100.55|-60.0|9.45|0|1
L|-100.55|-60.0|100.55|-60.0
A|100.55|-60.0|110.0|-50.55|9.45|0|1
#3531583	3568571	273538	-100.00	-50.00	100.00	50.00
L|61.5|-34.0|-61.5|-34.0
A|-61.5|-34.0|-84.0|-11.5|22.5|0|0
L|-84.0|-11.5|-84.0|11.5
A|-84.0|11.5|-61.5|34.0|22.5|0|0
L|-61.5|34.0|61.5|34.0
A|61.5|34.0|84.0|11.5|22.5|0|0
L|84.0|11.5|84.0|-11.5
A|84.0|-11.5|61.5|-34.0|22.5|0|0
L|100.0|-26.0|100.0|26.0
A|100.0|26.0|76.0|50.0|24.0|0|1
L|76.0|50.0|-76.0|50.0
A|-76.0|50.0|-100.0|26.0|24.0|0|1
L|-100.0|26.0|-100.0|-26.0
A|-100.0|-26.0|-76.0|-50.0|24.0|0|1
L|-76.0|-50.0|76.0|-50.0
A|76.0|-50.0|100.0|-26.0|24.0|0|1
#3531585	3568572	273538	-100.00	-50.00	100.00	50.00
L|70.2|-37.5|-70.2|-37.5
A|-70.2|-37.5|-87.5|-20.2|17.3|0|0
L|-87.5|-20.2|-87.5|20.2
A|-87.5|20.2|-70.2|37.5|17.3|0|0
L|-70.2|37.5|70.2|37.5
A|70.2|37.5|87.5|20.2|17.3|0|0
L|87.5|20.2|87.5|-20.2
A|87.5|-20.2|70.2|-37.5|17.3|0|0
L|100.0|-31.2|100.0|31.2
A|100.0|31.2|81.2|50.0|18.8|0|1
L|81.2|50.0|-81.2|50.0
A|-81.2|50.0|-100.0|31.2|18.8|0|1
L|-100.0|31.2|-100.0|-31.2
A|-100.0|-31.2|-81.2|-50.0|18.8|0|1
L|-81.2|-50.0|81.2|-50.0
A|81.2|-50.0|100.0|-31.2|18.8|0|1
#3531587	3568573	273538	-100.00	-50.00	100.00	50.00
L|76.5|-40.0|-76.5|-40.0
A|-76.5|-40.0|-90.0|-26.5|13.5|0|0
L|-90.0|-26.5|-90.0|26.5
A|-90.0|26.5|-76.5|40.0|13.5|0|0
L|-76.5|40.0|76.5|40.0
A|76.5|40.0|90.0|26.5|13.5|0|0
L|90.0|26.5|90.0|-26.5
A|90.0|-26.5|76.5|-40.0|13.5|0|0
L|100.0|-35.0|100.0|35.0
A|100.0|35.0|85.0|50.0|15.0|0|1
L|85.0|50.0|-85.0|50.0
A|-85.0|50.0|-100.0|35.0|15.0|0|1
L|-100.0|35.0|-100.0|-35.0
A|-100.0|-35.0|-85.0|-50.0|15.0|0|1
L|-85.0|-50.0|85.0|-50.0
A|85.0|-50.0|100.0|-35.0|15.0|0|1
#3531589	3568569	273538	-100.00	-50.00	100.00	50.00
L|81.5|-42.0|-81.5|-42.0
A|-81.5|-42.0|-92.0|-31.5|10.5|0|0
L|-92.0|-31.5|-92.0|31.5
A|-92.0|31.5|-81.5|42.0|10.5|0|0
L|-81.5|42.0|81.5|42.0
A|81.5|42.0|92.0|31.5|10.5|0|0
L|92.0|31.5|92.0|-31.5
A|92.0|-31.5|81.5|-42.0|10.5|0|0
L|100.0|-38.0|100.0|38.0
A|100.0|38.0|88.0|50.0|12.0|0|1
L|88.0|50.0|-88.0|50.0
A|-88.0|50.0|-100.0|38.0|12.0|0|1
L|-100.0|38.0|-100.0|-38.0
A|-100.0|-38.0|-88.0|-50.0|12.0|0|1
L|-88.0|-50.0|88.0|-50.0
A|88.0|-50.0|100.0|-38.0|12.0|0|1
#3531591	3568570	273538	-100.00	-50.00	100.00	50.00
L|85.75|-43.7|-85.75|-43.7
A|-85.75|-43.7|-93.7|-35.75|7.95|0|0
L|-93.7|-35.75|-93.7|35.75
A|-93.7|35.75|-85.75|43.7|7.95|0|0
L|-85.75|43.7|85.75|43.7
A|85.75|43.7|93.7|35.75|7.95|0|0
L|93.7|35.75|93.7|-35.75
A|93.7|-35.75|85.75|-43.7|7.95|0|0
L|100.0|-40.55|100.0|40.55
A|100.0|40.55|90.55|50.0|9.45|0|1
L|90.55|50.0|-90.55|50.0
A|-90.55|50.0|-100.0|40.55|9.45|0|1
L|-100.0|40.55|-100.0|-40.55
A|-100.0|-40.55|-90.55|-50.0|9.45|0|1
L|-90.55|-50.0|90.55|-50.0
A|90.55|-50.0|100.0|-40.55|9.45|0|1
#3531593	3568578	273538	-90.00	-50.00	90.00	50.00
L|60.2|-37.5|-60.2|-37.5
A|-60.2|-37.5|-77.5|-20.2|17.3|0|0
L|-77.5|-20.2|-77.5|20.2
A|-77.5|20.2|-60.2|37.5|17.3|0|0
L|-60.2|37.5|60.2|37.5
A|60.2|37.5|77.5|20.2|17.3|0|0
L|77.5|20.2|77.5|-20.2
A|77.5|-20.2|60.2|-37.5|17.3|0|0
L|90.0|-31.2|90.0|31.2
A|90.0|31.2|71.2|50.0|18.8|0|1
L|71.2|50.0|-71.2|50.0
A|-71.2|50.0|-90.0|31.2|18.8|0|1
L|-90.0|31.2|-90.0|-31.2
A|-90.0|-31.2|-71.2|-50.0|18.8|0|1
L|-71.2|-50.0|71.2|-50.0
A|71.2|-50.0|90.0|-31.2|18.8|0|1
#3531595	3568579	273538	-90.00	-50.00	90.00	50.00
L|66.5|-40.0|-66.5|-40.0
A|-66.5|-40.0|-80.0|-26.5|13.5|0|0
L|-80.0|-26.5|-80.0|26.5
A|-80.0|26.5|-66.5|40.0|13.5|0|0
L|-66.5|40.0|66.5|40.0
A|66.5|40.0|80.0|26.5|13.5|0|0
L|80.0|26.5|80.0|-26.5
A|80.0|-26.5|66.5|-40.0|13.5|0|0
L|90.0|-35.0|90.0|35.0
A|90.0|35.0|75.0|50.0|15.0|0|1
L|75.0|50.0|-75.0|50.0
A|-75.0|50.0|-90.0|35.0|15.0|0|1
L|-90.0|35.0|-90.0|-35.0
A|-90.0|-35.0|-75.0|-50.0|15.0|0|1
L|-75.0|-50.0|75.0|-50.0
A|75.0|-50.0|90.0|-35.0|15.0|0|1
#3531597	3568574	273538	-90.00	-50.00	90.00	50.00
L|69.5|-41.2|-69.5|-41.2
A|-69.5|-41.2|-81.2|-29.5|11.7|0|0
L|-81.2|-29.5|-81.2|29.5
A|-81.2|29.5|-69.5|41.2|11.7|0|0
L|-69.5|41.2|69.5|41.2
A|69.5|41.2|81.2|29.5|11.7|0|0
L|81.2|29.5|81.2|-29.5
A|81.2|-29.5|69.5|-41.2|11.7|0|0
L|90.0|-36.8|90.0|36.8
A|90.0|36.8|76.8|50.0|13.2|0|1
L|76.8|50.0|-76.8|50.0
A|-76.8|50.0|-90.0|36.8|13.2|0|1
L|-90.0|36.8|-90.0|-36.8
A|-90.0|-36.8|-76.8|-50.0|13.2|0|1
L|-76.8|-50.0|76.8|-50.0
A|76.8|-50.0|90.0|-36.8|13.2|0|1
#3531599	3568575	273538	-90.00	-50.00	90.00	50.00
L|71.5|-42.0|-71.5|-42.0
A|-71.5|-42.0|-82.0|-31.5|10.5|0|0
L|-82.0|-31.5|-82.0|31.5
A|-82.0|31.5|-71.5|42.0|10.5|0|0
L|-71.5|42.0|71.5|42.0
A|71.5|42.0|82.0|31.5|10.5|0|0
L|82.0|31.5|82.0|-31.5
A|82.0|-31.5|71.5|-42.0|10.5|0|0
L|90.0|-38.0|90.0|38.0
A|90.0|38.0|78.0|50.0|12.0|0|1
L|78.0|50.0|-78.0|50.0
A|-78.0|50.0|-90.0|38.0|12.0|0|1
L|-90.0|38.0|-90.0|-38.0
A|-90.0|-38.0|-78.0|-50.0|12.0|0|1
L|-78.0|-50.0|78.0|-50.0
A|78.0|-50.0|90.0|-38.0|12.0|0|1
#3531601	3568576	273538	-90.00	-50.00	90.00	50.00
L|73.7|-42.9|-73.7|-42.9
A|-73.7|-42.9|-82.9|-33.7|9.2|0|0
L|-82.9|-33.7|-82.9|33.7
A|-82.9|33.7|-73.7|42.9|9.2|0|0
L|-73.7|42.9|73.7|42.9
A|73.7|42.9|82.9|33.7|9.2|0|0
L|82.9|33.7|82.9|-33.7
A|82.9|-33.7|73.7|-42.9|9.2|0|0
L|90.0|-39.3|90.0|39.3
A|90.0|39.3|79.3|50.0|10.7|0|1
L|79.3|50.0|-79.3|50.0
A|-79.3|50.0|-90.0|39.3|10.7|0|1
L|-90.0|39.3|-90.0|-39.3
A|-90.0|-39.3|-79.3|-50.0|10.7|0|1
L|-79.3|-50.0|79.3|-50.0
A|79.3|-50.0|90.0|-39.3|10.7|0|1
#3531603	3568577	273538	-90.00	-50.00	90.00	50.00
L|75.75|-43.7|-75.75|-43.7
A|-75.75|-43.7|-83.7|-35.75|7.95|0|0
L|-83.7|-35.75|-83.7|35.75
A|-83.7|35.75|-75.75|43.7|7.95|0|0
L|-75.75|43.7|75.75|43.7
A|75.75|43.7|83.7|35.75|7.95|0|0
L|83.7|35.75|83.7|-35.75
A|83.7|-35.75|75.75|-43.7|7.95|0|0
L|90.0|-40.55|90.0|40.55
A|90.0|40.55|80.55|50.0|9.45|0|1
L|80.55|50.0|-80.55|50.0
A|-80.55|50.0|-90.0|40.55|9.45|0|1
L|-90.0|40.55|-90.0|-40.55
A|-90.0|-40.55|-80.55|-50.0|9.45|0|1
L|-80.55|-50.0|80.55|-50.0
A|80.55|-50.0|90.0|-40.55|9.45|0|1
#3531605	3568595	273538	-80.00	-45.00	80.00	45.00
L|56.5|-35.0|-56.5|-35.0
A|-56.5|-35.0|-70.0|-21.5|13.5|0|0
L|-70.0|-21.5|-70.0|21.5
A|-70.0|21.5|-56.5|35.0|13.5|0|0
L|-56.5|35.0|56.5|35.0
A|56.5|35.0|70.0|21.5|13.5|0|0
L|70.0|21.5|70.0|-21.5
A|70.0|-21.5|56.5|-35.0|13.5|0|0
L|80.0|-30.0|80.0|30.0
A|80.0|30.0|65.0|45.0|15.0|0|1
L|65.0|45.0|-65.0|45.0
A|-65.0|45.0|-80.0|30.0|15.0|0|1
L|-80.0|30.0|-80.0|-30.0
A|-80.0|-30.0|-65.0|-45.0|15.0|0|1
L|-65.0|-45.0|65.0|-45.0
A|65.0|-45.0|80.0|-30.0|15.0|0|1
#3531607	3568591	273538	-80.00	-45.00	80.00	45.00
L|61.5|-37.0|-61.5|-37.0
A|-61.5|-37.0|-72.0|-26.5|10.5|0|0
L|-72.0|-26.5|-72.0|26.5
A|-72.0|26.5|-61.5|37.0|10.5|0|0
L|-61.5|37.0|61.5|37.0
A|61.5|37.0|72.0|26.5|10.5|0|0
L|72.0|26.5|72.0|-26.5
A|72.0|-26.5|61.5|-37.0|10.5|0|0
L|80.0|-33.0|80.0|33.0
A|80.0|33.0|68.0|45.0|12.0|0|1
L|68.0|45.0|-68.0|45.0
A|-68.0|45.0|-80.0|33.0|12.0|0|1
L|-80.0|33.0|-80.0|-33.0
A|-80.0|-33.0|-68.0|-45.0|12.0|0|1
L|-68.0|-45.0|68.0|-45.0
A|68.0|-45.0|80.0|-33.0|12.0|0|1
#3531609	3568592	273538	-80.00	-45.00	80.00	45.00
L|63.7|-37.9|-63.7|-37.9
A|-63.7|-37.9|-72.9|-28.7|9.2|0|0
L|-72.9|-28.7|-72.9|28.7
A|-72.9|28.7|-63.7|37.9|9.2|0|0
L|-63.7|37.9|63.7|37.9
A|63.7|37.9|72.9|28.7|9.2|0|0
L|72.9|28.7|72.9|-28.7
A|72.9|-28.7|63.7|-37.9|9.2|0|0
L|80.0|-34.3|80.0|34.3
A|80.0|34.3|69.3|45.0|10.7|0|1
L|69.3|45.0|-69.3|45.0
A|-69.3|45.0|-80.0|34.3|10.7|0|1
L|-80.0|34.3|-80.0|-34.3
A|-80.0|-34.3|-69.3|-45.0|10.7|0|1
L|-69.3|-45.0|69.3|-45.0
A|69.3|-45.0|80.0|-34.3|10.7|0|1
#3531611	3568593	273538	-80.00	-45.00	80.00	45.00
L|65.75|-38.7|-65.75|-38.7
A|-65.75|-38.7|-73.7|-30.75|7.95|0|0
L|-73.7|-30.75|-73.7|30.75
A|-73.7|30.75|-65.75|38.7|7.95|0|0
L|-65.75|38.7|65.75|38.7
A|65.75|38.7|73.7|30.75|7.95|0|0
L|73.7|30.75|73.7|-30.75
A|73.7|-30.75|65.75|-38.7|7.95|0|0
L|80.0|-35.55|80.0|35.55
A|80.0|35.55|70.55|45.0|9.45|0|1
L|70.55|45.0|-70.55|45.0
A|-70.55|45.0|-80.0|35.55|9.45|0|1
L|-80.0|35.55|-80.0|-35.55
A|-80.0|-35.55|-70.55|-45.0|9.45|0|1
L|-70.55|-45.0|70.55|-45.0
A|70.55|-45.0|80.0|-35.55|9.45|0|1
#3531613	3568594	273538	-80.00	-45.00	80.00	45.00
L|70.25|-40.5|-70.25|-40.5
A|-70.25|-40.5|-75.5|-35.25|5.25|0|0
L|-75.5|-35.25|-75.5|35.25
A|-75.5|35.25|-70.25|40.5|5.25|0|0
L|-70.25|40.5|70.25|40.5
A|70.25|40.5|75.5|35.25|5.25|0|0
L|75.5|35.25|75.5|-35.25
A|75.5|-35.25|70.25|-40.5|5.25|0|0
L|80.0|-38.25|80.0|38.25
A|80.0|38.25|73.25|45.0|6.75|0|1
L|73.25|45.0|-73.25|45.0
A|-73.25|45.0|-80.0|38.25|6.75|0|1
L|-80.0|38.25|-80.0|-38.25
A|-80.0|-38.25|-73.25|-45.0|6.75|0|1
L|-73.25|-45.0|73.25|-45.0
A|73.25|-45.0|80.0|-38.25|6.75|0|1
#3531615	3568598	273538	-80.00	-40.00	80.00	40.00
L|50.2|-27.5|-50.2|-27.5
A|-50.2|-27.5|-67.5|-10.2|17.3|0|0
L|-67.5|-10.2|-67.5|10.2
A|-67.5|10.2|-50.2|27.5|17.3|0|0
L|-50.2|27.5|50.2|27.5
A|50.2|27.5|67.5|10.2|17.3|0|0
L|67.5|10.2|67.5|-10.2
A|67.5|-10.2|50.2|-27.5|17.3|0|0
L|80.0|-21.2|80.0|21.2
A|80.0|21.2|61.2|40.0|18.8|0|1
L|61.2|40.0|-61.2|40.0
A|-61.2|40.0|-80.0|21.2|18.8|0|1
L|-80.0|21.2|-80.0|-21.2
A|-80.0|-21.2|-61.2|-40.0|18.8|0|1
L|-61.2|-40.0|61.2|-40.0
A|61.2|-40.0|80.0|-21.2|18.8|0|1
#3531617	3568599	273538	-80.00	-40.00	80.00	40.00
L|56.5|-30.0|-56.5|-30.0
A|-56.5|-30.0|-70.0|-16.5|13.5|0|0
L|-70.0|-16.5|-70.0|16.5
A|-70.0|16.5|-56.5|30.0|13.5|0|0
L|-56.5|30.0|56.5|30.0
A|56.5|30.0|70.0|16.5|13.5|0|0
L|70.0|16.5|70.0|-16.5
A|70.0|-16.5|56.5|-30.0|13.5|0|0
L|80.0|-25.0|80.0|25.0
A|80.0|25.0|65.0|40.0|15.0|0|1
L|65.0|40.0|-65.0|40.0
A|-65.0|40.0|-80.0|25.0|15.0|0|1
L|-80.0|25.0|-80.0|-25.0
A|-80.0|-25.0|-65.0|-40.0|15.0|0|1
L|-65.0|-40.0|65.0|-40.0
A|65.0|-40.0|80.0|-25.0|15.0|0|1
#3531619	3568596	273538	-80.00	-40.00	80.00	40.00
L|61.5|-32.0|-61.5|-32.0
A|-61.5|-32.0|-72.0|-21.5|10.5|0|0
L|-72.0|-21.5|-72.0|21.5
A|-72.0|21.5|-61.5|32.0|10.5|0|0
L|-61.5|32.0|61.5|32.0
A|61.5|32.0|72.0|21.5|10.5|0|0
L|72.0|21.5|72.0|-21.5
A|72.0|-21.5|61.5|-32.0|10.5|0|0
L|80.0|-28.0|80.0|28.0
A|80.0|28.0|68.0|40.0|12.0|0|1
L|68.0|40.0|-68.0|40.0
A|-68.0|40.0|-80.0|28.0|12.0|0|1
L|-80.0|28.0|-80.0|-28.0
A|-80.0|-28.0|-68.0|-40.0|12.0|0|1
L|-68.0|-40.0|68.0|-40.0
A|68.0|-40.0|80.0|-28.0|12.0|0|1
#3531621	3568597	273538	-80.00	-40.00	80.00	40.00
L|63.7|-32.9|-63.7|-32.9
A|-63.7|-32.9|-72.9|-23.7|9.2|0|0
L|-72.9|-23.7|-72.9|23.7
A|-72.9|23.7|-63.7|32.9|9.2|0|0
L|-63.7|32.9|63.7|32.9
A|63.7|32.9|72.9|23.7|9.2|0|0
L|72.9|23.7|72.9|-23.7
A|72.9|-23.7|63.7|-32.9|9.2|0|0
L|80.0|-29.3|80.0|29.3
A|80.0|29.3|69.3|40.0|10.7|0|1
L|69.3|40.0|-69.3|40.0
A|-69.3|40.0|-80.0|29.3|10.7|0|1
L|-80.0|29.3|-80.0|-29.3
A|-80.0|-29.3|-69.3|-40.0|10.7|0|1
L|-69.3|-40.0|69.3|-40.0
A|69.3|-40.0|80.0|-29.3|10.7|0|1
#3531623	3568614	273538	-75.00	-50.00	75.00	50.00
L|45.2|-37.5|-45.2|-37.5
A|-45.2|-37.5|-62.5|-20.2|17.3|0|0
L|-62.5|-20.2|-62.5|20.2
A|-62.5|20.2|-45.2|37.5|17.3|0|0
L|-45.2|37.5|45.2|37.5
A|45.2|37.5|62.5|20.2|17.3|0|0
L|62.5|20.2|62.5|-20.2
A|62.5|-20.2|45.2|-37.5|17.3|0|0
L|75.0|-31.2|75.0|31.2
A|75.0|31.2|56.2|50.0|18.8|0|1
L|56.2|50.0|-56.2|50.0
A|-56.2|50.0|-75.0|31.2|18.8|0|1
L|-75.0|31.2|-75.0|-31.2
A|-75.0|-31.2|-56.2|-50.0|18.8|0|1
L|-56.2|-50.0|56.2|-50.0
A|56.2|-50.0|75.0|-31.2|18.8|0|1
#3531625	3568615	273538	-75.00	-50.00	75.00	50.00
L|51.5|-40.0|-51.5|-40.0
A|-51.5|-40.0|-65.0|-26.5|13.5|0|0
L|-65.0|-26.5|-65.0|26.5
A|-65.0|26.5|-51.5|40.0|13.5|0|0
L|-51.5|40.0|51.5|40.0
A|51.5|40.0|65.0|26.5|13.5|0|0
L|65.0|26.5|65.0|-26.5
A|65.0|-26.5|51.5|-40.0|13.5|0|0
L|75.0|-35.0|75.0|35.0
A|75.0|35.0|60.0|50.0|15.0|0|1
L|60.0|50.0|-60.0|50.0
A|-60.0|50.0|-75.0|35.0|15.0|0|1
L|-75.0|35.0|-75.0|-35.0
A|-75.0|-35.0|-60.0|-50.0|15.0|0|1
L|-60.0|-50.0|60.0|-50.0
A|60.0|-50.0|75.0|-35.0|15.0|0|1
#3531627	3568611	273538	-75.00	-50.00	75.00	50.00
L|56.5|-42.0|-56.5|-42.0
A|-56.5|-42.0|-67.0|-31.5|10.5|0|0
L|-67.0|-31.5|-67.0|31.5
A|-67.0|31.5|-56.5|42.0|10.5|0|0
L|-56.5|42.0|56.5|42.0
A|56.5|42.0|67.0|31.5|10.5|0|0
L|67.0|31.5|67.0|-31.5
A|67.0|-31.5|56.5|-42.0|10.5|0|0
L|75.0|-38.0|75.0|38.0
A|75.0|38.0|63.0|50.0|12.0|0|1
L|63.0|50.0|-63.0|50.0
A|-63.0|50.0|-75.0|38.0|12.0|0|1
L|-75.0|38.0|-75.0|-38.0
A|-75.0|-38.0|-63.0|-50.0|12.0|0|1
L|-63.0|-50.0|63.0|-50.0
A|63.0|-50.0|75.0|-38.0|12.0|0|1
#3531629	3568612	273538	-75.00	-50.00	75.00	50.00
L|60.75|-43.7|-60.75|-43.7
A|-60.75|-43.7|-68.7|-35.75|7.95|0|0
L|-68.7|-35.75|-68.7|35.75
A|-68.7|35.75|-60.75|43.7|7.95|0|0
L|-60.75|43.7|60.75|43.7
A|60.75|43.7|68.7|35.75|7.95|0|0
L|68.7|35.75|68.7|-35.75
A|68.7|-35.75|60.75|-43.7|7.95|0|0
L|75.0|-40.55|75.0|40.55
A|75.0|40.55|65.55|50.0|9.45|0|1
L|65.55|50.0|-65.55|50.0
A|-65.55|50.0|-75.0|40.55|9.45|0|1
L|-75.0|40.55|-75.0|-40.55
A|-75.0|-40.55|-65.55|-50.0|9.45|0|1
L|-65.55|-50.0|65.55|-50.0
A|65.55|-50.0|75.0|-40.55|9.45|0|1
#3531631	3568613	273538	-75.00	-50.00	75.00	50.00
L|64.0|-45.0|-64.0|-45.0
A|-64.0|-45.0|-70.0|-39.0|6.0|0|0
L|-70.0|-39.0|-70.0|39.0
A|-70.0|39.0|-64.0|45.0|6.0|0|0
L|-64.0|45.0|64.0|45.0
A|64.0|45.0|70.0|39.0|6.0|0|0
L|70.0|39.0|70.0|-39.0
A|70.0|-39.0|64.0|-45.0|6.0|0|0
L|75.0|-42.5|75.0|42.5
A|75.0|42.5|67.5|50.0|7.5|0|1
L|67.5|50.0|-67.5|50.0
A|-67.5|50.0|-75.0|42.5|7.5|0|1
L|-75.0|42.5|-75.0|-42.5
A|-75.0|-42.5|-67.5|-50.0|7.5|0|1
L|-67.5|-50.0|67.5|-50.0
A|67.5|-50.0|75.0|-42.5|7.5|0|1
#3531635	3568621	273538	-70.00	-40.00	70.00	40.00
L|49.5|-31.2|-49.5|-31.2
A|-49.5|-31.2|-61.2|-19.5|11.7|0|0
L|-61.2|-19.5|-61.2|19.5
A|-61.2|19.5|-49.5|31.2|11.7|0|0
L|-49.5|31.2|49.5|31.2
A|49.5|31.2|61.2|19.5|11.7|0|0
L|61.2|19.5|61.2|-19.5
A|61.2|-19.5|49.5|-31.2|11.7|0|0
L|70.0|-26.8|70.0|26.8
A|70.0|26.8|56.8|40.0|13.2|0|1
L|56.8|40.0|-56.8|40.0
A|-56.8|40.0|-70.0|26.8|13.2|0|1
L|-70.0|26.8|-70.0|-26.8
A|-70.0|-26.8|-56.8|-40.0|13.2|0|1
L|-56.8|-40.0|56.8|-40.0
A|56.8|-40.0|70.0|-26.8|13.2|0|1
#3531637	3568622	273538	-70.00	-40.00	70.00	40.00
L|51.5|-32.0|-51.5|-32.0
A|-51.5|-32.0|-62.0|-21.5|10.5|0|0
L|-62.0|-21.5|-62.0|21.5
A|-62.0|21.5|-51.5|32.0|10.5|0|0
L|-51.5|32.0|51.5|32.0
A|51.5|32.0|62.0|21.5|10.5|0|0
L|62.0|21.5|62.0|-21.5
A|62.0|-21.5|51.5|-32.0|10.5|0|0
L|70.0|-28.0|70.0|28.0
A|70.0|28.0|58.0|40.0|12.0|0|1
L|58.0|40.0|-58.0|40.0
A|-58.0|40.0|-70.0|28.0|12.0|0|1
L|-70.0|28.0|-70.0|-28.0
A|-70.0|-28.0|-58.0|-40.0|12.0|0|1
L|-58.0|-40.0|58.0|-40.0
A|58.0|-40.0|70.0|-28.0|12.0|0|1
#3531639	3568623	273538	-70.00	-40.00	70.00	40.00
L|53.7|-32.9|-53.7|-32.9
A|-53.7|-32.9|-62.9|-23.7|9.2|0|0
L|-62.9|-23.7|-62.9|23.7
A|-62.9|23.7|-53.7|32.9|9.2|0|0
L|-53.7|32.9|53.7|32.9
A|53.7|32.9|62.9|23.7|9.2|0|0
L|62.9|23.7|62.9|-23.7
A|62.9|-23.7|53.7|-32.9|9.2|0|0
L|70.0|-29.3|70.0|29.3
A|70.0|29.3|59.3|40.0|10.7|0|1
L|59.3|40.0|-59.3|40.0
A|-59.3|40.0|-70.0|29.3|10.7|0|1
L|-70.0|29.3|-70.0|-29.3
A|-70.0|-29.3|-59.3|-40.0|10.7|0|1
L|-59.3|-40.0|59.3|-40.0
A|59.3|-40.0|70.0|-29.3|10.7|0|1
#3531641	3568624	273538	-70.00	-40.00	70.00	40.00
L|55.75|-33.7|-55.75|-33.7
A|-55.75|-33.7|-63.7|-25.75|7.95|0|0
L|-63.7|-25.75|-63.7|25.75
A|-63.7|25.75|-55.75|33.7|7.95|0|0
L|-55.75|33.7|55.75|33.7
A|55.75|33.7|63.7|25.75|7.95|0|0
L|63.7|25.75|63.7|-25.75
A|63.7|-25.75|55.75|-33.7|7.95|0|0
L|70.0|-30.55|70.0|30.55
A|70.0|30.55|60.55|40.0|9.45|0|1
L|60.55|40.0|-60.55|40.0
A|-60.55|40.0|-70.0|30.55|9.45|0|1
L|-70.0|30.55|-70.0|-30.55
A|-70.0|-30.55|-60.55|-40.0|9.45|0|1
L|-60.55|-40.0|60.55|-40.0
A|60.55|-40.0|70.0|-30.55|9.45|0|1
#3531643	3568625	273538	-70.00	-40.00	70.00	40.00
L|59.0|-35.0|-59.0|-35.0
A|-59.0|-35.0|-65.0|-29.0|6.0|0|0
L|-65.0|-29.0|-65.0|29.0
A|-65.0|29.0|-59.0|35.0|6.0|0|0
L|-59.0|35.0|59.0|35.0
A|59.0|35.0|65.0|29.0|6.0|0|0
L|65.0|29.0|65.0|-29.0
A|65.0|-29.0|59.0|-35.0|6.0|0|0
L|70.0|-32.5|70.0|32.5
A|70.0|32.5|62.5|40.0|7.5|0|1
L|62.5|40.0|-62.5|40.0
A|-62.5|40.0|-70.0|32.5|7.5|0|1
L|-70.0|32.5|-70.0|-32.5
A|-70.0|-32.5|-62.5|-40.0|7.5|0|1
L|-62.5|-40.0|62.5|-40.0
A|62.5|-40.0|70.0|-32.5|7.5|0|1
#3531645	3568626	273538	-70.00	-40.00	70.00	40.00
L|61.5|-36.0|-61.5|-36.0
A|-61.5|-36.0|-66.0|-31.5|4.5|0|0
L|-66.0|-31.5|-66.0|31.5
A|-66.0|31.5|-61.5|36.0|4.5|0|0
L|-61.5|36.0|61.5|36.0
A|61.5|36.0|66.0|31.5|4.5|0|0
L|66.0|31.5|66.0|-31.5
A|66.0|-31.5|61.5|-36.0|4.5|0|0
L|70.0|-34.0|70.0|34.0
A|70.0|34.0|64.0|40.0|6.0|0|1
L|64.0|40.0|-64.0|40.0
A|-64.0|40.0|-70.0|34.0|6.0|0|1
L|-70.0|34.0|-70.0|-34.0
A|-70.0|-34.0|-64.0|-40.0|6.0|0|1
L|-64.0|-40.0|64.0|-40.0
A|64.0|-40.0|70.0|-34.0|6.0|0|1
#3531647	3568639	273538	-70.00	-35.00	70.00	35.00
A|46.5|25.0|60.0|11.5|13.5|0|0
L|60.0|11.5|60.0|-11.5
A|60.0|-11.5|46.5|-25.0|13.5|0|0
L|46.5|-25.0|-46.5|-25.0
A|-46.5|-25.0|-60.0|-11.5|13.5|0|0
L|-60.0|-11.5|-60.0|11.5
A|-60.0|11.5|-46.5|25.0|13.5|0|0
L|-46.5|25.0|46.5|25.0
A|70.0|20.0|55.0|35.0|15.0|0|1
L|55.0|35.0|-55.0|35.0
A|-55.0|35.0|-70.0|20.0|15.0|0|1
L|-70.0|20.0|-70.0|-20.0
A|-70.0|-20.0|-55.0|-35.0|15.0|0|1
L|-55.0|-35.0|55.0|-35.0
A|55.0|-35.0|70.0|-20.0|15.0|0|1
L|70.0|-20.0|70.0|20.0
#3531649	3568633	273538	-70.00	-35.00	70.00	35.00
L|51.5|-27.0|-51.5|-27.0
A|-51.5|-27.0|-62.0|-16.5|10.5|0|0
L|-62.0|-16.5|-62.0|16.5
A|-62.0|16.5|-51.5|27.0|10.5|0|0
L|-51.5|27.0|51.5|27.0
A|51.5|27.0|62.0|16.5|10.5|0|0
L|62.0|16.5|62.0|-16.5
A|62.0|-16.5|51.5|-27.0|10.5|0|0
L|70.0|-23.0|70.0|23.0
A|70.0|23.0|58.0|35.0|12.0|0|1
L|58.0|35.0|-58.0|35.0
A|-58.0|35.0|-70.0|23.0|12.0|0|1
L|-70.0|23.0|-70.0|-23.0
A|-70.0|-23.0|-58.0|-35.0|12.0|0|1
L|-58.0|-35.0|58.0|-35.0
A|58.0|-35.0|70.0|-23.0|12.0|0|1
#3531651	3568634	273538	-70.00	-35.00	70.00	35.00
L|53.7|-27.9|-53.7|-27.9
A|-53.7|-27.9|-62.9|-18.7|9.2|0|0
L|-62.9|-18.7|-62.9|18.7
A|-62.9|18.7|-53.7|27.9|9.2|0|0
L|-53.7|27.9|53.7|27.9
A|53.7|27.9|62.9|18.7|9.2|0|0
L|62.9|18.7|62.9|-18.7
A|62.9|-18.7|53.7|-27.9|9.2|0|0
L|70.0|-24.3|70.0|24.3
A|70.0|24.3|59.3|35.0|10.7|0|1
L|59.3|35.0|-59.3|35.0
A|-59.3|35.0|-70.0|24.3|10.7|0|1
L|-70.0|24.3|-70.0|-24.3
A|-70.0|-24.3|-59.3|-35.0|10.7|0|1
L|-59.3|-35.0|59.3|-35.0
A|59.3|-35.0|70.0|-24.3|10.7|0|1
#3531653	3568635	273538	-70.00	-35.00	70.00	35.00
L|55.75|-28.7|-55.75|-28.7
A|-55.75|-28.7|-63.7|-20.75|7.95|0|0
L|-63.7|-20.75|-63.7|20.75
A|-63.7|20.75|-55.75|28.7|7.95|0|0
L|-55.75|28.7|55.75|28.7
A|55.75|28.7|63.7|20.75|7.95|0|0
L|63.7|20.75|63.7|-20.75
A|63.7|-20.75|55.75|-28.7|7.95|0|0
L|70.0|-25.55|70.0|25.55
A|70.0|25.55|60.55|35.0|9.45|0|1
L|60.55|35.0|-60.55|35.0
A|-60.55|35.0|-70.0|25.55|9.45|0|1
L|-70.0|25.55|-70.0|-25.55
A|-70.0|-25.55|-60.55|-35.0|9.45|0|1
L|-60.55|-35.0|60.55|-35.0
A|60.55|-35.0|70.0|-25.55|9.45|0|1
#3531655	3568636	273538	-70.00	-35.00	70.00	35.00
L|59.0|-30.0|-59.0|-30.0
A|-59.0|-30.0|-65.0|-24.0|6.0|0|0
L|-65.0|-24.0|-65.0|24.0
A|-65.0|24.0|-59.0|30.0|6.0|0|0
L|-59.0|30.0|59.0|30.0
A|59.0|30.0|65.0|24.0|6.0|0|0
L|65.0|24.0|65.0|-24.0
A|65.0|-24.0|59.0|-30.0|6.0|0|0
L|70.0|-27.5|70.0|27.5
A|70.0|27.5|62.5|35.0|7.5|0|1
L|62.5|35.0|-62.5|35.0
A|-62.5|35.0|-70.0|27.5|7.5|0|1
L|-70.0|27.5|-70.0|-27.5
A|-70.0|-27.5|-62.5|-35.0|7.5|0|1
L|-62.5|-35.0|62.5|-35.0
A|62.5|-35.0|70.0|-27.5|7.5|0|1
#3531657	3568637	273538	-70.00	-35.00	70.00	35.00
L|61.5|-31.0|-61.5|-31.0
A|-61.5|-31.0|-66.0|-26.5|4.5|0|0
L|-66.0|-26.5|-66.0|26.5
A|-66.0|26.5|-61.5|31.0|4.5|0|0
L|-61.5|31.0|61.5|31.0
A|61.5|31.0|66.0|26.5|4.5|0|0
L|66.0|26.5|66.0|-26.5
A|66.0|-26.5|61.5|-31.0|4.5|0|0
L|70.0|-29.0|70.0|29.0
A|70.0|29.0|64.0|35.0|6.0|0|1
L|64.0|35.0|-64.0|35.0
A|-64.0|35.0|-70.0|29.0|6.0|0|1
L|-70.0|29.0|-70.0|-29.0
A|-70.0|-29.0|-64.0|-35.0|6.0|0|1
L|-64.0|-35.0|64.0|-35.0
A|64.0|-35.0|70.0|-29.0|6.0|0|1
#3531659	3568643	273538	-60.00	-40.00	60.00	40.00
A|36.5|30.0|50.0|16.5|13.5|0|0
L|50.0|16.5|50.0|-16.5
A|50.0|-16.5|36.5|-30.0|13.5|0|0
L|36.5|-30.0|-36.5|-30.0
A|-36.5|-30.0|-50.0|-16.5|13.5|0|0
L|-50.0|-16.5|-50.0|16.5
A|-50.0|16.5|-36.5|30.0|13.5|0|0
L|-36.5|30.0|36.5|30.0
A|60.0|25.0|45.0|40.0|15.0|0|1
L|45.0|40.0|-45.0|40.0
A|-45.0|40.0|-60.0|25.0|15.0|0|1
L|-60.0|25.0|-60.0|-25.0
A|-60.0|-25.0|-45.0|-40.0|15.0|0|1
L|-45.0|-40.0|45.0|-40.0
A|45.0|-40.0|60.0|-25.0|15.0|0|1
L|60.0|-25.0|60.0|25.0
#3531661	3568640	273538	-60.00	-40.00	60.00	40.00
A|41.5|32.0|52.0|21.5|10.5|0|0
L|52.0|21.5|52.0|-21.5
A|52.0|-21.5|41.5|-32.0|10.5|0|0
L|41.5|-32.0|-41.5|-32.0
A|-41.5|-32.0|-52.0|-21.5|10.5|0|0
L|-52.0|-21.5|-52.0|21.5
A|-52.0|21.5|-41.5|32.0|10.5|0|0
L|-41.5|32.0|41.5|32.0
A|60.0|28.0|48.0|40.0|12.0|0|1
L|48.0|40.0|-48.0|40.0
A|-48.0|40.0|-60.0|28.0|12.0|0|1
L|-60.0|28.0|-60.0|-28.0
A|-60.0|-28.0|-48.0|-40.0|12.0|0|1
L|-48.0|-40.0|48.0|-40.0
A|48.0|-40.0|60.0|-28.0|12.0|0|1
L|60.0|-28.0|60.0|28.0
#3531663	3568641	273538	-60.00	-40.00	60.00	40.00
A|45.75|33.7|53.7|25.75|7.95|0|0
L|53.7|25.75|53.7|-25.75
A|53.7|-25.75|45.75|-33.7|7.95|0|0
L|45.75|-33.7|-45.75|-33.7
A|-45.75|-33.7|-53.7|-25.75|7.95|0|0
L|-53.7|-25.75|-53.7|25.75
A|-53.7|25.75|-45.75|33.7|7.95|0|0
L|-45.75|33.7|45.75|33.7
A|60.0|30.55|50.55|40.0|9.45|0|1
L|50.55|40.0|-50.55|40.0
A|-50.55|40.0|-60.0|30.55|9.45|0|1
L|-60.0|30.55|-60.0|-30.55
A|-60.0|-30.55|-50.55|-40.0|9.45|0|1
L|-50.55|-40.0|50.55|-40.0
A|50.55|-40.0|60.0|-30.55|9.45|0|1
L|60.0|-30.55|60.0|30.55
#3531665	3568642	273538	-60.00	-40.00	60.00	40.00
A|49.0|35.0|55.0|29.0|6.0|0|0
L|55.0|29.0|55.0|-29.0
A|55.0|-29.0|49.0|-35.0|6.0|0|0
L|49.0|-35.0|-49.0|-35.0
A|-49.0|-35.0|-55.0|-29.0|6.0|0|0
L|-55.0|-29.0|-55.0|29.0
A|-55.0|29.0|-49.0|35.0|6.0|0|0
L|-49.0|35.0|49.0|35.0
A|60.0|32.5|52.5|40.0|7.5|0|1
L|52.5|40.0|-52.5|40.0
A|-52.5|40.0|-60.0|32.5|7.5|0|1
L|-60.0|32.5|-60.0|-32.5
A|-60.0|-32.5|-52.5|-40.0|7.5|0|1
L|-52.5|-40.0|52.5|-40.0
A|52.5|-40.0|60.0|-32.5|7.5|0|1
L|60.0|-32.5|60.0|32.5
#3531667	3568661	273538	-60.00	-30.00	60.00	30.00
A|36.5|20.0|50.0|6.5|13.5|0|0
L|50.0|6.5|50.0|-6.5
A|50.0|-6.5|36.5|-20.0|13.5|0|0
L|36.5|-20.0|-36.5|-20.0
A|-36.5|-20.0|-50.0|-6.5|13.5|0|0
L|-50.0|-6.5|-50.0|6.5
A|-50.0|6.5|-36.5|20.0|13.5|0|0
L|-36.5|20.0|36.5|20.0
A|60.0|15.0|45.0|30.0|15.0|0|1
L|45.0|30.0|-45.0|30.0
A|-45.0|30.0|-60.0|15.0|15.0|0|1
L|-60.0|15.0|-60.0|-15.0
A|-60.0|-15.0|-45.0|-30.0|15.0|0|1
L|-45.0|-30.0|45.0|-30.0
A|45.0|-30.0|60.0|-15.0|15.0|0|1
L|60.0|-15.0|60.0|15.0
#3531669	3568655	273538	-60.00	-30.00	60.00	30.00
A|41.5|22.0|52.0|11.5|10.5|0|0
L|52.0|11.5|52.0|-11.5
A|52.0|-11.5|41.5|-22.0|10.5|0|0
L|41.5|-22.0|-41.5|-22.0
A|-41.5|-22.0|-52.0|-11.5|10.5|0|0
L|-52.0|-11.5|-52.0|11.5
A|-52.0|11.5|-41.5|22.0|10.5|0|0
L|-41.5|22.0|41.5|22.0
A|60.0|18.0|48.0|30.0|12.0|0|1
L|48.0|30.0|-48.0|30.0
A|-48.0|30.0|-60.0|18.0|12.0|0|1
L|-60.0|18.0|-60.0|-18.0
A|-60.0|-18.0|-48.0|-30.0|12.0|0|1
L|-48.0|-30.0|48.0|-30.0
A|48.0|-30.0|60.0|-18.0|12.0|0|1
L|60.0|-18.0|60.0|18.0
#3531671	3568656	273538	-60.00	-30.00	60.00	30.00
A|43.7|22.9|52.9|13.7|9.2|0|0
L|52.9|13.7|52.9|-13.7
A|52.9|-13.7|43.7|-22.9|9.2|0|0
L|43.7|-22.9|-43.7|-22.9
A|-43.7|-22.9|-52.9|-13.7|9.2|0|0
L|-52.9|-13.7|-52.9|13.7
A|-52.9|13.7|-43.7|22.9|9.2|0|0
L|-43.7|22.9|43.7|22.9
A|60.0|19.3|49.3|30.0|10.7|0|1
L|49.3|30.0|-49.3|30.0
A|-49.3|30.0|-60.0|19.3|10.7|0|1
L|-60.0|19.3|-60.0|-19.3
A|-60.0|-19.3|-49.3|-30.0|10.7|0|1
L|-49.3|-30.0|49.3|-30.0
A|49.3|-30.0|60.0|-19.3|10.7|0|1
L|60.0|-19.3|60.0|19.3
#3531673	3568657	273538	-60.00	-30.00	60.00	30.00
A|45.75|23.7|53.7|15.75|7.95|0|0
L|53.7|15.75|53.7|-15.75
A|53.7|-15.75|45.75|-23.7|7.95|0|0
L|45.75|-23.7|-45.75|-23.7
A|-45.75|-23.7|-53.7|-15.75|7.95|0|0
L|-53.7|-15.75|-53.7|15.75
A|-53.7|15.75|-45.75|23.7|7.95|0|0
L|-45.75|23.7|45.75|23.7
A|60.0|20.55|50.55|30.0|9.45|0|1
L|50.55|30.0|-50.55|30.0
A|-50.55|30.0|-60.0|20.55|9.45|0|1
L|-60.0|20.55|-60.0|-20.55
A|-60.0|-20.55|-50.55|-30.0|9.45|0|1
L|-50.55|-30.0|50.55|-30.0
A|50.55|-30.0|60.0|-20.55|9.45|0|1
L|60.0|-20.55|60.0|20.55
#3531675	3568658	273538	-60.00	-30.00	60.00	30.00
A|49.0|25.0|55.0|19.0|6.0|0|0
L|55.0|19.0|55.0|-19.0
A|55.0|-19.0|49.0|-25.0|6.0|0|0
L|49.0|-25.0|-49.0|-25.0
A|-49.0|-25.0|-55.0|-19.0|6.0|0|0
L|-55.0|-19.0|-55.0|19.0
A|-55.0|19.0|-49.0|25.0|6.0|0|0
L|-49.0|25.0|49.0|25.0
A|60.0|22.5|52.5|30.0|7.5|0|1
L|52.5|30.0|-52.5|30.0
A|-52.5|30.0|-60.0|22.5|7.5|0|1
L|-60.0|22.5|-60.0|-22.5
A|-60.0|-22.5|-52.5|-30.0|7.5|0|1
L|-52.5|-30.0|52.5|-30.0
A|52.5|-30.0|60.0|-22.5|7.5|0|1
L|60.0|-22.5|60.0|22.5
#3531677	3568659	273538	-60.00	-30.00	60.00	30.00
A|51.5|26.0|56.0|21.5|4.5|0|0
L|56.0|21.5|56.0|-21.5
A|56.0|-21.5|51.5|-26.0|4.5|0|0
L|51.5|-26.0|-51.5|-26.0
A|-51.5|-26.0|-56.0|-21.5|4.5|0|0
L|-56.0|-21.5|-56.0|21.5
A|-56.0|21.5|-51.5|26.0|4.5|0|0
L|-51.5|26.0|51.5|26.0
A|60.0|24.0|54.0|30.0|6.0|0|1
L|54.0|30.0|-54.0|30.0
A|-54.0|30.0|-60.0|24.0|6.0|0|1
L|-60.0|24.0|-60.0|-24.0
A|-60.0|-24.0|-54.0|-30.0|6.0|0|1
L|-54.0|-30.0|54.0|-30.0
A|54.0|-30.0|60.0|-24.0|6.0|0|1
L|60.0|-24.0|60.0|24.0
#3531679	3568660	273538	-60.00	-30.00	60.00	30.00
A|52.5|26.4|56.4|22.5|3.9|0|0
L|56.4|22.5|56.4|-22.5
A|56.4|-22.5|52.5|-26.4|3.9|0|0
L|52.5|-26.4|-52.5|-26.4
A|-52.5|-26.4|-56.4|-22.5|3.9|0|0
L|-56.4|-22.5|-56.4|22.5
A|-56.4|22.5|-52.5|26.4|3.9|0|0
L|-52.5|26.4|52.5|26.4
A|60.0|24.6|54.6|30.0|5.4|0|1
L|54.6|30.0|-54.6|30.0
A|-54.6|30.0|-60.0|24.6|5.4|0|1
L|-60.0|24.6|-60.0|-24.6
A|-60.0|-24.6|-54.6|-30.0|5.4|0|1
L|-54.6|-30.0|54.6|-30.0
A|54.6|-30.0|60.0|-24.6|5.4|0|1
L|60.0|-24.6|60.0|24.6
#3531681	3568662	273538	-55.00	-30.00	55.00	30.00
A|45.25|25.5|50.5|20.25|5.25|0|0
L|50.5|20.25|50.5|-20.25
A|50.5|-20.25|45.25|-25.5|5.25|0|0
L|45.25|-25.5|-45.25|-25.5
A|-45.25|-25.5|-50.5|-20.25|5.25|0|0
L|-50.5|-20.25|-50.5|20.25
A|-50.5|20.25|-45.25|25.5|5.25|0|0
L|-45.25|25.5|45.25|25.5
A|55.0|23.25|48.25|30.0|6.75|0|1
L|48.25|30.0|-48.25|30.0
A|-48.25|30.0|-55.0|23.25|6.75|0|1
L|-55.0|23.25|-55.0|-23.25
A|-55.0|-23.25|-48.25|-30.0|6.75|0|1
L|-48.25|-30.0|48.25|-30.0
A|48.25|-30.0|55.0|-23.25|6.75|0|1
L|55.0|-23.25|55.0|23.25
#3531683	3568663	273538	-55.00	-30.00	55.00	30.00
A|47.5|26.4|51.4|22.5|3.9|0|0
L|51.4|22.5|51.4|-22.5
A|51.4|-22.5|47.5|-26.4|3.9|0|0
L|47.5|-26.4|-47.5|-26.4
A|-47.5|-26.4|-51.4|-22.5|3.9|0|0
L|-51.4|-22.5|-51.4|22.5
A|-51.4|22.5|-47.5|26.4|3.9|0|0
L|-47.5|26.4|47.5|26.4
A|55.0|24.6|49.6|30.0|5.4|0|1
L|49.6|30.0|-49.6|30.0
A|-49.6|30.0|-55.0|24.6|5.4|0|1
L|-55.0|24.6|-55.0|-24.6
A|-55.0|-24.6|-49.6|-30.0|5.4|0|1
L|-49.6|-30.0|49.6|-30.0
A|49.6|-30.0|55.0|-24.6|5.4|0|1
L|55.0|-24.6|55.0|24.6
#3531685	3568664	273538	-50.00	-30.00	50.00	30.00
A|31.5|22.0|42.0|11.5|10.5|0|0
L|42.0|11.5|42.0|-11.5
A|42.0|-11.5|31.5|-22.0|10.5|0|0
L|31.5|-22.0|-31.5|-22.0
A|-31.5|-22.0|-42.0|-11.5|10.5|0|0
L|-42.0|-11.5|-42.0|11.5
A|-42.0|11.5|-31.5|22.0|10.5|0|0
L|-31.5|22.0|31.5|22.0
A|50.0|18.0|38.0|30.0|12.0|0|1
L|38.0|30.0|-38.0|30.0
A|-38.0|30.0|-50.0|18.0|12.0|0|1
L|-50.0|18.0|-50.0|-18.0
A|-50.0|-18.0|-38.0|-30.0|12.0|0|1
L|-38.0|-30.0|38.0|-30.0
A|38.0|-30.0|50.0|-18.0|12.0|0|1
L|50.0|-18.0|50.0|18.0
#3531687	3568665	273538	-50.00	-30.00	50.00	30.00
A|33.7|22.9|42.9|13.7|9.2|0|0
L|42.9|13.7|42.9|-13.7
A|42.9|-13.7|33.7|-22.9|9.2|0|0
L|33.7|-22.9|-33.7|-22.9
A|-33.7|-22.9|-42.9|-13.7|9.2|0|0
L|-42.9|-13.7|-42.9|13.7
A|-42.9|13.7|-33.7|22.9|9.2|0|0
L|-33.7|22.9|33.7|22.9
A|50.0|19.3|39.3|30.0|10.7|0|1
L|39.3|30.0|-39.3|30.0
A|-39.3|30.0|-50.0|19.3|10.7|0|1
L|-50.0|19.3|-50.0|-19.3
A|-50.0|-19.3|-39.3|-30.0|10.7|0|1
L|-39.3|-30.0|39.3|-30.0
A|39.3|-30.0|50.0|-19.3|10.7|0|1
L|50.0|-19.3|50.0|19.3
#3531689	3568666	273538	-50.00	-30.00	50.00	30.00
A|35.75|23.7|43.7|15.75|7.95|0|0
L|43.7|15.75|43.7|-15.75
A|43.7|-15.75|35.75|-23.7|7.95|0|0
L|35.75|-23.7|-35.75|-23.7
A|-35.75|-23.7|-43.7|-15.75|7.95|0|0
L|-43.7|-15.75|-43.7|15.75
A|-43.7|15.75|-35.75|23.7|7.95|0|0
L|-35.75|23.7|35.75|23.7
A|50.0|20.55|40.55|30.0|9.45|0|1
L|40.55|30.0|-40.55|30.0
A|-40.55|30.0|-50.0|20.55|9.45|0|1
L|-50.0|20.55|-50.0|-20.55
A|-50.0|-20.55|-40.55|-30.0|9.45|0|1
L|-40.55|-30.0|40.55|-30.0
A|40.55|-30.0|50.0|-20.55|9.45|0|1
L|50.0|-20.55|50.0|20.55
#3531691	3568667	273538	-50.00	-30.00	50.00	30.00
A|39.0|25.0|45.0|19.0|6.0|0|0
L|45.0|19.0|45.0|-19.0
A|45.0|-19.0|39.0|-25.0|6.0|0|0
L|39.0|-25.0|-39.0|-25.0
A|-39.0|-25.0|-45.0|-19.0|6.0|0|0
L|-45.0|-19.0|-45.0|19.0
A|-45.0|19.0|-39.0|25.0|6.0|0|0
L|-39.0|25.0|39.0|25.0
A|50.0|22.5|42.5|30.0|7.5|0|1
L|42.5|30.0|-42.5|30.0
A|-42.5|30.0|-50.0|22.5|7.5|0|1
L|-50.0|22.5|-50.0|-22.5
A|-50.0|-22.5|-42.5|-30.0|7.5|0|1
L|-42.5|-30.0|42.5|-30.0
A|42.5|-30.0|50.0|-22.5|7.5|0|1
L|50.0|-22.5|50.0|22.5
#3531693	3568668	273538	-50.00	-30.00	50.00	30.00
A|42.5|26.4|46.4|22.5|3.9|0|0
L|46.4|22.5|46.4|-22.5
A|46.4|-22.5|42.5|-26.4|3.9|0|0
L|42.5|-26.4|-42.5|-26.4
A|-42.5|-26.4|-46.4|-22.5|3.9|0|0
L|-46.4|-22.5|-46.4|22.5
A|-46.4|22.5|-42.5|26.4|3.9|0|0
L|-42.5|26.4|42.5|26.4
A|50.0|24.6|44.6|30.0|5.4|0|1
L|44.6|30.0|-44.6|30.0
A|-44.6|30.0|-50.0|24.6|5.4|0|1
L|-50.0|24.6|-50.0|-24.6
A|-50.0|-24.6|-44.6|-30.0|5.4|0|1
L|-44.6|-30.0|44.6|-30.0
A|44.6|-30.0|50.0|-24.6|5.4|0|1
L|50.0|-24.6|50.0|24.6
#3531695	3568683	273538	-50.00	-25.00	50.00	25.00
A|31.5|17.0|42.0|6.5|10.5|0|0
L|42.0|6.5|42.0|-6.5
A|42.0|-6.5|31.5|-17.0|10.5|0|0
L|31.5|-17.0|-31.5|-17.0
A|-31.5|-17.0|-42.0|-6.5|10.5|0|0
L|-42.0|-6.5|-42.0|6.5
A|-42.0|6.5|-31.5|17.0|10.5|0|0
L|-31.5|17.0|31.5|17.0
A|50.0|13.0|38.0|25.0|12.0|0|1
L|38.0|25.0|-38.0|25.0
A|-38.0|25.0|-50.0|13.0|12.0|0|1
L|-50.0|13.0|-50.0|-13.0
A|-50.0|-13.0|-38.0|-25.0|12.0|0|1
L|-38.0|-25.0|38.0|-25.0
A|38.0|-25.0|50.0|-13.0|12.0|0|1
L|50.0|-13.0|50.0|13.0
#3531697	3568684	273538	-50.00	-25.00	50.00	25.00
A|33.7|17.9|42.9|8.7|9.2|0|0
L|42.9|8.7|42.9|-8.7
A|42.9|-8.7|33.7|-17.9|9.2|0|0
L|33.7|-17.9|-33.7|-17.9
A|-33.7|-17.9|-42.9|-8.7|9.2|0|0
L|-42.9|-8.7|-42.9|8.7
A|-42.9|8.7|-33.7|17.9|9.2|0|0
L|-33.7|17.9|33.7|17.9
A|50.0|14.3|39.3|25.0|10.7|0|1
L|39.3|25.0|-39.3|25.0
A|-39.3|25.0|-50.0|14.3|10.7|0|1
L|-50.0|14.3|-50.0|-14.3
A|-50.0|-14.3|-39.3|-25.0|10.7|0|1
L|-39.3|-25.0|39.3|-25.0
A|39.3|-25.0|50.0|-14.3|10.7|0|1
L|50.0|-14.3|50.0|14.3
#3531699	3568685	273538	-50.00	-25.00	50.00	25.00
A|35.75|18.7|43.7|10.75|7.95|0|0
L|43.7|10.75|43.7|-10.75
A|43.7|-10.75|35.75|-18.7|7.95|0|0
L|35.75|-18.7|-35.75|-18.7
A|-35.75|-18.7|-43.7|-10.75|7.95|0|0
L|-43.7|-10.75|-43.7|10.75
A|-43.7|10.75|-35.75|18.7|7.95|0|0
L|-35.75|18.7|35.75|18.7
A|50.0|15.55|40.55|25.0|9.45|0|1
L|40.55|25.0|-40.55|25.0
A|-40.55|25.0|-50.0|15.55|9.45|0|1
L|-50.0|15.55|-50.0|-15.55
A|-50.0|-15.55|-40.55|-25.0|9.45|0|1
L|-40.55|-25.0|40.55|-25.0
A|40.55|-25.0|50.0|-15.55|9.45|0|1
L|50.0|-15.55|50.0|15.55
#3531701	3568686	273538	-50.00	-25.00	50.00	25.00
A|37.5|19.4|44.4|12.5|6.9|0|0
L|44.4|12.5|44.4|-12.5
A|44.4|-12.5|37.5|-19.4|6.9|0|0
L|37.5|-19.4|-37.5|-19.4
A|-37.5|-19.4|-44.4|-12.5|6.9|0|0
L|-44.4|-12.5|-44.4|12.5
A|-44.4|12.5|-37.5|19.4|6.9|0|0
L|-37.5|19.4|37.5|19.4
A|50.0|16.6|41.6|25.0|8.4|0|1
L|41.6|25.0|-41.6|25.0
A|-41.6|25.0|-50.0|16.6|8.4|0|1
L|-50.0|16.6|-50.0|-16.6
A|-50.0|-16.6|-41.6|-25.0|8.4|0|1
L|-41.6|-25.0|41.6|-25.0
A|41.6|-25.0|50.0|-16.6|8.4|0|1
L|50.0|-16.6|50.0|16.6
#3531703	3568687	273538	-50.00	-25.00	50.00	25.00
A|39.0|20.0|45.0|14.0|6.0|0|0
L|45.0|14.0|45.0|-14.0
A|45.0|-14.0|39.0|-20.0|6.0|0|0
L|39.0|-20.0|-39.0|-20.0
A|-39.0|-20.0|-45.0|-14.0|6.0|0|0
L|-45.0|-14.0|-45.0|14.0
A|-45.0|14.0|-39.0|20.0|6.0|0|0
L|-39.0|20.0|39.0|20.0
A|50.0|17.5|42.5|25.0|7.5|0|1
L|42.5|25.0|-42.5|25.0
A|-42.5|25.0|-50.0|17.5|7.5|0|1
L|-50.0|17.5|-50.0|-17.5
A|-50.0|-17.5|-42.5|-25.0|7.5|0|1
L|-42.5|-25.0|42.5|-25.0
A|42.5|-25.0|50.0|-17.5|7.5|0|1
L|50.0|-17.5|50.0|17.5
#3531705	3568688	273538	-50.00	-25.00	50.00	25.00
A|40.25|20.5|45.5|15.25|5.25|0|0
L|45.5|15.25|45.5|-15.25
A|45.5|-15.25|40.25|-20.5|5.25|0|0
L|40.25|-20.5|-40.25|-20.5
A|-40.25|-20.5|-45.5|-15.25|5.25|0|0
L|-45.5|-15.25|-45.5|15.25
A|-45.5|15.25|-40.25|20.5|5.25|0|0
L|-40.25|20.5|40.25|20.5
A|50.0|18.25|43.25|25.0|6.75|0|1
L|43.25|25.0|-43.25|25.0
A|-43.25|25.0|-50.0|18.25|6.75|0|1
L|-50.0|18.25|-50.0|-18.25
A|-50.0|-18.25|-43.25|-25.0|6.75|0|1
L|-43.25|-25.0|43.25|-25.0
A|43.25|-25.0|50.0|-18.25|6.75|0|1
L|50.0|-18.25|50.0|18.25
#3531707	3568689	273538	-50.00	-25.00	50.00	25.00
A|41.5|21.0|46.0|16.5|4.5|0|0
L|46.0|16.5|46.0|-16.5
A|46.0|-16.5|41.5|-21.0|4.5|0|0
L|41.5|-21.0|-41.5|-21.0
A|-41.5|-21.0|-46.0|-16.5|4.5|0|0
L|-46.0|-16.5|-46.0|16.5
A|-46.0|16.5|-41.5|21.0|4.5|0|0
L|-41.5|21.0|41.5|21.0
A|50.0|19.0|44.0|25.0|6.0|0|1
L|44.0|25.0|-44.0|25.0
A|-44.0|25.0|-50.0|19.0|6.0|0|1
L|-50.0|19.0|-50.0|-19.0
A|-50.0|-19.0|-44.0|-25.0|6.0|0|1
L|-44.0|-25.0|44.0|-25.0
A|44.0|-25.0|50.0|-19.0|6.0|0|1
L|50.0|-19.0|50.0|19.0
#3531709	3568690	273538	-45.00	-25.00	45.00	25.00
A|28.7|17.9|37.9|8.7|9.2|0|0
L|37.9|8.7|37.9|-8.7
A|37.9|-8.7|28.7|-17.9|9.2|0|0
L|28.7|-17.9|-28.7|-17.9
A|-28.7|-17.9|-37.9|-8.7|9.2|0|0
L|-37.9|-8.7|-37.9|8.7
A|-37.9|8.7|-28.7|17.9|9.2|0|0
L|-28.7|17.9|28.7|17.9
A|45.0|14.3|34.3|25.0|10.7|0|1
L|34.3|25.0|-34.3|25.0
A|-34.3|25.0|-45.0|14.3|10.7|0|1
L|-45.0|14.3|-45.0|-14.3
A|-45.0|-14.3|-34.3|-25.0|10.7|0|1
L|-34.3|-25.0|34.3|-25.0
A|34.3|-25.0|45.0|-14.3|10.7|0|1
L|45.0|-14.3|45.0|14.3
#3531711	3568691	273538	-45.00	-25.00	45.00	25.00
A|30.75|18.7|38.7|10.75|7.95|0|0
L|38.7|10.75|38.7|-10.75
A|38.7|-10.75|30.75|-18.7|7.95|0|0
L|30.75|-18.7|-30.75|-18.7
A|-30.75|-18.7|-38.7|-10.75|7.95|0|0
L|-38.7|-10.75|-38.7|10.75
A|-38.7|10.75|-30.75|18.7|7.95|0|0
L|-30.75|18.7|30.75|18.7
A|45.0|15.55|35.55|25.0|9.45|0|1
L|35.55|25.0|-35.55|25.0
A|-35.55|25.0|-45.0|15.55|9.45|0|1
L|-45.0|15.55|-45.0|-15.55
A|-45.0|-15.55|-35.55|-25.0|9.45|0|1
L|-35.55|-25.0|35.55|-25.0
A|35.55|-25.0|45.0|-15.55|9.45|0|1
L|45.0|-15.55|45.0|15.55
#3531713	3568692	273538	-45.00	-25.00	45.00	25.00
A|34.0|20.0|40.0|14.0|6.0|0|0
L|40.0|14.0|40.0|-14.0
A|40.0|-14.0|34.0|-20.0|6.0|0|0
L|34.0|-20.0|-34.0|-20.0
A|-34.0|-20.0|-40.0|-14.0|6.0|0|0
L|-40.0|-14.0|-40.0|14.0
A|-40.0|14.0|-34.0|20.0|6.0|0|0
L|-34.0|20.0|34.0|20.0
A|45.0|17.5|37.5|25.0|7.5|0|1
L|37.5|25.0|-37.5|25.0
A|-37.5|25.0|-45.0|17.5|7.5|0|1
L|-45.0|17.5|-45.0|-17.5
A|-45.0|-17.5|-37.5|-25.0|7.5|0|1
L|-37.5|-25.0|37.5|-25.0
A|37.5|-25.0|45.0|-17.5|7.5|0|1
L|45.0|-17.5|45.0|17.5
#3531715	3568693	273538	-45.00	-25.00	45.00	25.00
A|36.5|21.0|41.0|16.5|4.5|0|0
L|41.0|16.5|41.0|-16.5
A|41.0|-16.5|36.5|-21.0|4.5|0|0
L|36.5|-21.0|-36.5|-21.0
A|-36.5|-21.0|-41.0|-16.5|4.5|0|0
L|-41.0|-16.5|-41.0|16.5
A|-41.0|16.5|-36.5|21.0|4.5|0|0
L|-36.5|21.0|36.5|21.0
A|45.0|19.0|39.0|25.0|6.0|0|1
L|39.0|25.0|-39.0|25.0
A|-39.0|25.0|-45.0|19.0|6.0|0|1
L|-45.0|19.0|-45.0|-19.0
A|-45.0|-19.0|-39.0|-25.0|6.0|0|1
L|-39.0|-25.0|39.0|-25.0
A|39.0|-25.0|45.0|-19.0|6.0|0|1
L|45.0|-19.0|45.0|19.0
#3531717	3568694	273538	-45.00	-25.00	45.00	25.00
A|38.5|21.8|41.8|18.5|3.3|0|0
L|41.8|18.5|41.8|-18.5
A|41.8|-18.5|38.5|-21.8|3.3|0|0
L|38.5|-21.8|-38.5|-21.8
A|-38.5|-21.8|-41.8|-18.5|3.3|0|0
L|-41.8|-18.5|-41.8|18.5
A|-41.8|18.5|-38.5|21.8|3.3|0|0
L|-38.5|21.8|38.5|21.8
A|45.0|20.2|40.2|25.0|4.8|0|1
L|40.2|25.0|-40.2|25.0
A|-40.2|25.0|-45.0|20.2|4.8|0|1
L|-45.0|20.2|-45.0|-20.2
A|-45.0|-20.2|-40.2|-25.0|4.8|0|1
L|-40.2|-25.0|40.2|-25.0
A|40.2|-25.0|45.0|-20.2|4.8|0|1
L|45.0|-20.2|45.0|20.2
#3531719	3568707	273538	-40.00	-20.00	40.00	20.00
A|25.75|13.7|33.7|5.75|7.95|0|0
L|33.7|5.75|33.7|-5.75
A|33.7|-5.75|25.75|-13.7|7.95|0|0
L|25.75|-13.7|-25.75|-13.7
A|-25.75|-13.7|-33.7|-5.75|7.95|0|0
L|-33.7|-5.75|-33.7|5.75
A|-33.7|5.75|-25.75|13.7|7.95|0|0
L|-25.75|13.7|25.75|13.7
A|40.0|10.55|30.55|20.0|9.45|0|1
L|30.55|20.0|-30.55|20.0
A|-30.55|20.0|-40.0|10.55|9.45|0|1
L|-40.0|10.55|-40.0|-10.55
A|-40.0|-10.55|-30.55|-20.0|9.45|0|1
L|-30.55|-20.0|30.55|-20.0
A|30.55|-20.0|40.0|-10.55|9.45|0|1
L|40.0|-10.55|40.0|10.55
#3531721	3568708	273538	-40.00	-20.00	40.00	20.00
A|29.0|15.0|35.0|9.0|6.0|0|0
L|35.0|9.0|35.0|-9.0
A|35.0|-9.0|29.0|-15.0|6.0|0|0
L|29.0|-15.0|-29.0|-15.0
A|-29.0|-15.0|-35.0|-9.0|6.0|0|0
L|-35.0|-9.0|-35.0|9.0
A|-35.0|9.0|-29.0|15.0|6.0|0|0
L|-29.0|15.0|29.0|15.0
A|40.0|12.5|32.5|20.0|7.5|0|1
L|32.5|20.0|-32.5|20.0
A|-32.5|20.0|-40.0|12.5|7.5|0|1
L|-40.0|12.5|-40.0|-12.5
A|-40.0|-12.5|-32.5|-20.0|7.5|0|1
L|-32.5|-20.0|32.5|-20.0
A|32.5|-20.0|40.0|-12.5|7.5|0|1
L|40.0|-12.5|40.0|12.5
#3531723	3568709	273538	-40.00	-20.00	40.00	20.00
A|31.5|16.0|36.0|11.5|4.5|0|0
L|36.0|11.5|36.0|-11.5
A|36.0|-11.5|31.5|-16.0|4.5|0|0
L|31.5|-16.0|-31.5|-16.0
A|-31.5|-16.0|-36.0|-11.5|4.5|0|0
L|-36.0|-11.5|-36.0|11.5
A|-36.0|11.5|-31.5|16.0|4.5|0|0
L|-31.5|16.0|31.5|16.0
A|40.0|14.0|34.0|20.0|6.0|0|1
L|34.0|20.0|-34.0|20.0
A|-34.0|20.0|-40.0|14.0|6.0|0|1
L|-40.0|14.0|-40.0|-14.0
A|-40.0|-14.0|-34.0|-20.0|6.0|0|1
L|-34.0|-20.0|34.0|-20.0
A|34.0|-20.0|40.0|-14.0|6.0|0|1
L|40.0|-14.0|40.0|14.0
#3531725	3568710	273538	-35.00	-20.00	35.00	20.00
A|26.5|16.0|31.0|11.5|4.5|0|0
L|31.0|11.5|31.0|-11.5
A|31.0|-11.5|26.5|-16.0|4.5|0|0
L|26.5|-16.0|-26.5|-16.0
A|-26.5|-16.0|-31.0|-11.5|4.5|0|0
L|-31.0|-11.5|-31.0|11.5
A|-31.0|11.5|-26.5|16.0|4.5|0|0
L|-26.5|16.0|26.5|16.0
A|35.0|14.0|29.0|20.0|6.0|0|1
L|29.0|20.0|-29.0|20.0
A|-29.0|20.0|-35.0|14.0|6.0|0|1
L|-35.0|14.0|-35.0|-14.0
A|-35.0|-14.0|-29.0|-20.0|6.0|0|1
L|-29.0|-20.0|29.0|-20.0
A|29.0|-20.0|35.0|-14.0|6.0|0|1
L|35.0|-14.0|35.0|14.0
#3531727	3568711	273538	-30.00	-20.00	30.00	20.00
A|19.0|15.0|25.0|9.0|6.0|0|0
L|25.0|9.0|25.0|-9.0
A|25.0|-9.0|19.0|-15.0|6.0|0|0
L|19.0|-15.0|-19.0|-15.0
A|-19.0|-15.0|-25.0|-9.0|6.0|0|0
L|-25.0|-9.0|-25.0|9.0
A|-25.0|9.0|-19.0|15.0|6.0|0|0
L|-19.0|15.0|19.0|15.0
A|30.0|12.5|22.5|20.0|7.5|0|1
L|22.5|20.0|-22.5|20.0
A|-22.5|20.0|-30.0|12.5|7.5|0|1
L|-30.0|12.5|-30.0|-12.5
A|-30.0|-12.5|-22.5|-20.0|7.5|0|1
L|-22.5|-20.0|22.5|-20.0
A|22.5|-20.0|30.0|-12.5|7.5|0|1
L|30.0|-12.5|30.0|12.5
#3531729	3568712	273538	-30.00	-20.00	30.00	20.00
A|21.5|16.0|26.0|11.5|4.5|0|0
L|26.0|11.5|26.0|-11.5
A|26.0|-11.5|21.5|-16.0|4.5|0|0
L|21.5|-16.0|-21.5|-16.0
A|-21.5|-16.0|-26.0|-11.5|4.5|0|0
L|-26.0|-11.5|-26.0|11.5
A|-26.0|11.5|-21.5|16.0|4.5|0|0
L|-21.5|16.0|21.5|16.0
A|30.0|14.0|24.0|20.0|6.0|0|1
L|24.0|20.0|-24.0|20.0
A|-24.0|20.0|-30.0|14.0|6.0|0|1
L|-30.0|14.0|-30.0|-14.0
A|-30.0|-14.0|-24.0|-20.0|6.0|0|1
L|-24.0|-20.0|24.0|-20.0
A|24.0|-20.0|30.0|-14.0|6.0|0|1
L|30.0|-14.0|30.0|14.0
#3531731	3568713	273538	-30.00	-20.00	30.00	20.00
A|24.25|17.1|27.1|14.25|2.85|0|0
L|27.1|14.25|27.1|-14.25
A|27.1|-14.25|24.25|-17.1|2.85|0|0
L|24.25|-17.1|-24.25|-17.1
A|-24.25|-17.1|-27.1|-14.25|2.85|0|0
L|-27.1|-14.25|-27.1|14.25
A|-27.1|14.25|-24.25|17.1|2.85|0|0
L|-24.25|17.1|24.25|17.1
A|30.0|15.65|25.65|20.0|4.35|0|1
L|25.65|20.0|-25.65|20.0
A|-25.65|20.0|-30.0|15.65|4.35|0|1
L|-30.0|15.65|-30.0|-15.65
A|-30.0|-15.65|-25.65|-20.0|4.35|0|1
L|-25.65|-20.0|25.65|-20.0
A|25.65|-20.0|30.0|-15.65|4.35|0|1
L|30.0|-15.65|30.0|15.65
#3531733	3568714	273538	-25.00	-15.00	25.00	15.00
A|16.5|11.0|21.0|6.5|4.5|0|0
L|21.0|6.5|21.0|-6.5
A|21.0|-6.5|16.5|-11.0|4.5|0|0
L|16.5|-11.0|-16.5|-11.0
A|-16.5|-11.0|-21.0|-6.5|4.5|0|0
L|-21.0|-6.5|-21.0|6.5
A|-21.0|6.5|-16.5|11.0|4.5|0|0
L|-16.5|11.0|16.5|11.0
A|25.0|9.0|19.0|15.0|6.0|0|1
L|19.0|15.0|-19.0|15.0
A|-19.0|15.0|-25.0|9.0|6.0|0|1
L|-25.0|9.0|-25.0|-9.0
A|-25.0|-9.0|-19.0|-15.0|6.0|0|1
L|-19.0|-15.0|19.0|-15.0
A|19.0|-15.0|25.0|-9.0|6.0|0|1
L|25.0|-9.0|25.0|9.0
#3531735	3568715	273538	-25.00	-15.00	25.00	15.00
A|19.25|12.1|22.1|9.25|2.85|0|0
L|22.1|9.25|22.1|-9.25
A|22.1|-9.25|19.25|-12.1|2.85|0|0
L|19.25|-12.1|-19.25|-12.1
A|-19.25|-12.1|-22.1|-9.25|2.85|0|0
L|-22.1|-9.25|-22.1|9.25
A|-22.1|9.25|-19.25|12.1|2.85|0|0
L|-19.25|12.1|19.25|12.1
A|25.0|10.65|20.65|15.0|4.35|0|1
L|20.65|15.0|-20.65|15.0
A|-20.65|15.0|-25.0|10.65|4.35|0|1
L|-25.0|10.65|-25.0|-10.65
A|-25.0|-10.65|-20.65|-15.0|4.35|0|1
L|-20.65|-15.0|20.65|-15.0
A|20.65|-15.0|25.0|-10.65|4.35|0|1
L|25.0|-10.65|25.0|10.65
#3532284	3568725	273538	-200.00	-200.00	200.00	200.00
A|161.5|184.0|184.0|161.5|22.5|0|0
L|184.0|161.5|184.0|-161.5
A|184.0|-161.5|161.5|-184.0|22.5|0|0
L|161.5|-184.0|-161.5|-184.0
A|-161.5|-184.0|-184.0|-161.5|22.5|0|0
L|-184.0|-161.5|-184.0|161.5
A|-184.0|161.5|-161.5|184.0|22.5|0|0
L|-161.5|184.0|161.5|184.0
A|200.0|176.0|176.0|200.0|24.0|0|1
L|176.0|200.0|-176.0|200.0
A|-176.0|200.0|-200.0|176.0|24.0|0|1
L|-200.0|176.0|-200.0|-176.0
A|-200.0|-176.0|-176.0|-200.0|24.0|0|1
L|-176.0|-200.0|176.0|-200.0
A|176.0|-200.0|200.0|-176.0|24.0|0|1
L|200.0|-176.0|200.0|176.0
#3532286	3568726	273538	-200.00	-200.00	200.00	200.00
A|170.2|187.5|187.5|170.2|17.3|0|0
L|187.5|170.2|187.5|-170.2
A|187.5|-170.2|170.2|-187.5|17.3|0|0
L|170.2|-187.5|-170.2|-187.5
A|-170.2|-187.5|-187.5|-170.2|17.3|0|0
L|-187.5|-170.2|-187.5|170.2
A|-187.5|170.2|-170.2|187.5|17.3|0|0
L|-170.2|187.5|170.2|187.5
A|200.0|181.2|181.2|200.0|18.8|0|1
L|181.2|200.0|-181.2|200.0
A|-181.2|200.0|-200.0|181.2|18.8|0|1
L|-200.0|181.2|-200.0|-181.2
A|-200.0|-181.2|-181.2|-200.0|18.8|0|1
L|-181.2|-200.0|181.2|-200.0
A|181.2|-200.0|200.0|-181.2|18.8|0|1
L|200.0|-181.2|200.0|181.2
#3532288	3568727	273538	-175.00	-175.00	175.00	175.00
A|145.2|162.5|162.5|145.2|17.3|0|0
L|162.5|145.2|162.5|-145.2
A|162.5|-145.2|145.2|-162.5|17.3|0|0
L|145.2|-162.5|-145.2|-162.5
A|-145.2|-162.5|-162.5|-145.2|17.3|0|0
L|-162.5|-145.2|-162.5|145.2
A|-162.5|145.2|-145.2|162.5|17.3|0|0
L|-145.2|162.5|145.2|162.5
A|175.0|156.2|156.2|175.0|18.8|0|1
L|156.2|175.0|-156.2|175.0
A|-156.2|175.0|-175.0|156.2|18.8|0|1
L|-175.0|156.2|-175.0|-156.2
A|-175.0|-156.2|-156.2|-175.0|18.8|0|1
L|-156.2|-175.0|156.2|-175.0
A|156.2|-175.0|175.0|-156.2|18.8|0|1
L|175.0|-156.2|175.0|156.2
#3532290	3568728	273538	-175.00	-175.00	175.00	175.00
A|151.5|165.0|165.0|151.5|13.5|0|0
L|165.0|151.5|165.0|-151.5
A|165.0|-151.5|151.5|-165.0|13.5|0|0
L|151.5|-165.0|-151.5|-165.0
A|-151.5|-165.0|-165.0|-151.5|13.5|0|0
L|-165.0|-151.5|-165.0|151.5
A|-165.0|151.5|-151.5|165.0|13.5|0|0
L|-151.5|165.0|151.5|165.0
A|175.0|160.0|160.0|175.0|15.0|0|1
L|160.0|175.0|-160.0|175.0
A|-160.0|175.0|-175.0|160.0|15.0|0|1
L|-175.0|160.0|-175.0|-160.0
A|-175.0|-160.0|-160.0|-175.0|15.0|0|1
L|-160.0|-175.0|160.0|-175.0
A|160.0|-175.0|175.0|-160.0|15.0|0|1
L|175.0|-160.0|175.0|160.0
#3532292	3568729	273538	-150.00	-150.00	150.00	150.00
A|120.2|137.5|137.5|120.2|17.3|0|0
L|137.5|120.2|137.5|-120.2
A|137.5|-120.2|120.2|-137.5|17.3|0|0
L|120.2|-137.5|-120.2|-137.5
A|-120.2|-137.5|-137.5|-120.2|17.3|0|0
L|-137.5|-120.2|-137.5|120.2
A|-137.5|120.2|-120.2|137.5|17.3|0|0
L|-120.2|137.5|120.2|137.5
A|150.0|131.2|131.2|150.0|18.8|0|1
L|131.2|150.0|-131.2|150.0
A|-131.2|150.0|-150.0|131.2|18.8|0|1
L|-150.0|131.2|-150.0|-131.2
A|-150.0|-131.2|-131.2|-150.0|18.8|0|1
L|-131.2|-150.0|131.2|-150.0
A|131.2|-150.0|150.0|-131.2|18.8|0|1
L|150.0|-131.2|150.0|131.2
#3532294	3568732	273538	-125.00	-125.00	125.00	125.00
A|95.2|112.5|112.5|95.2|17.3|0|0
L|112.5|95.2|112.5|-95.2
A|112.5|-95.2|95.2|-112.5|17.3|0|0
L|95.2|-112.5|-95.2|-112.5
A|-95.2|-112.5|-112.5|-95.2|17.3|0|0
L|-112.5|-95.2|-112.5|95.2
A|-112.5|95.2|-95.2|112.5|17.3|0|0
L|-95.2|112.5|95.2|112.5
A|125.0|106.2|106.2|125.0|18.8|0|1
L|106.2|125.0|-106.2|125.0
A|-106.2|125.0|-125.0|106.2|18.8|0|1
L|-125.0|106.2|-125.0|-106.2
A|-125.0|-106.2|-106.2|-125.0|18.8|0|1
L|-106.2|-125.0|106.2|-125.0
A|106.2|-125.0|125.0|-106.2|18.8|0|1
L|125.0|-106.2|125.0|106.2
#3532296	3568735	273538	-100.00	-100.00	100.00	100.00
A|70.2|87.5|87.5|70.2|17.3|0|0
L|87.5|70.2|87.5|-70.2
A|87.5|-70.2|70.2|-87.5|17.3|0|0
L|70.2|-87.5|-70.2|-87.5
A|-70.2|-87.5|-87.5|-70.2|17.3|0|0
L|-87.5|-70.2|-87.5|70.2
A|-87.5|70.2|-70.2|87.5|17.3|0|0
L|-70.2|87.5|70.2|87.5
A|100.0|81.2|81.2|100.0|18.8|0|1
L|81.2|100.0|-81.2|100.0
A|-81.2|100.0|-100.0|81.2|18.8|0|1
L|-100.0|81.2|-100.0|-81.2
A|-100.0|-81.2|-81.2|-100.0|18.8|0|1
L|-81.2|-100.0|81.2|-100.0
A|81.2|-100.0|100.0|-81.2|18.8|0|1
L|100.0|-81.2|100.0|81.2
#3532298	3568739	273538	-90.00	-90.00	90.00	90.00
A|60.2|77.5|77.5|60.2|17.3|0|0
L|77.5|60.2|77.5|-60.2
A|77.5|-60.2|60.2|-77.5|17.3|0|0
L|60.2|-77.5|-60.2|-77.5
A|-60.2|-77.5|-77.5|-60.2|17.3|0|0
L|-77.5|-60.2|-77.5|60.2
A|-77.5|60.2|-60.2|77.5|17.3|0|0
L|-60.2|77.5|60.2|77.5
A|90.0|71.2|71.2|90.0|18.8|0|1
L|71.2|90.0|-71.2|90.0
A|-71.2|90.0|-90.0|71.2|18.8|0|1
L|-90.0|71.2|-90.0|-71.2
A|-90.0|-71.2|-71.2|-90.0|18.8|0|1
L|-71.2|-90.0|71.2|-90.0
A|71.2|-90.0|90.0|-71.2|18.8|0|1
L|90.0|-71.2|90.0|71.2
#3532300	3568742	273538	-80.00	-80.00	80.00	80.00
A|56.5|70.0|70.0|56.5|13.5|0|0
L|70.0|56.5|70.0|-56.5
A|70.0|-56.5|56.5|-70.0|13.5|0|0
L|56.5|-70.0|-56.5|-70.0
A|-56.5|-70.0|-70.0|-56.5|13.5|0|0
L|-70.0|-56.5|-70.0|56.5
A|-70.0|56.5|-56.5|70.0|13.5|0|0
L|-56.5|70.0|56.5|70.0
A|80.0|65.0|65.0|80.0|15.0|0|1
L|65.0|80.0|-65.0|80.0
A|-65.0|80.0|-80.0|65.0|15.0|0|1
L|-80.0|65.0|-80.0|-65.0
A|-80.0|-65.0|-65.0|-80.0|15.0|0|1
L|-65.0|-80.0|65.0|-80.0
A|65.0|-80.0|80.0|-65.0|15.0|0|1
L|80.0|-65.0|80.0|65.0
#3532302	3568745	273538	-75.00	-75.00	75.00	75.00
A|45.2|62.5|62.5|45.2|17.3|0|0
L|62.5|45.2|62.5|-45.2
A|62.5|-45.2|45.2|-62.5|17.3|0|0
L|45.2|-62.5|-45.2|-62.5
A|-45.2|-62.5|-62.5|-45.2|17.3|0|0
L|-62.5|-45.2|-62.5|45.2
A|-62.5|45.2|-45.2|62.5|17.3|0|0
L|-45.2|62.5|45.2|62.5
A|75.0|56.2|56.2|75.0|18.8|0|1
L|56.2|75.0|-56.2|75.0
A|-56.2|75.0|-75.0|56.2|18.8|0|1
L|-75.0|56.2|-75.0|-56.2
A|-75.0|-56.2|-56.2|-75.0|18.8|0|1
L|-56.2|-75.0|56.2|-75.0
A|56.2|-75.0|75.0|-56.2|18.8|0|1
L|75.0|-56.2|75.0|56.2
#3532304	3568746	273538	-75.00	-75.00	75.00	75.00
A|51.5|65.0|65.0|51.5|13.5|0|0
L|65.0|51.5|65.0|-51.5
A|65.0|-51.5|51.5|-65.0|13.5|0|0
L|51.5|-65.0|-51.5|-65.0
A|-51.5|-65.0|-65.0|-51.5|13.5|0|0
L|-65.0|-51.5|-65.0|51.5
A|-65.0|51.5|-51.5|65.0|13.5|0|0
L|-51.5|65.0|51.5|65.0
A|75.0|60.0|60.0|75.0|15.0|0|1
L|60.0|75.0|-60.0|75.0
A|-60.0|75.0|-75.0|60.0|15.0|0|1
L|-75.0|60.0|-75.0|-60.0
A|-75.0|-60.0|-60.0|-75.0|15.0|0|1
L|-60.0|-75.0|60.0|-75.0
A|60.0|-75.0|75.0|-60.0|15.0|0|1
L|75.0|-60.0|75.0|60.0
#3532306	3568750	273538	-70.00	-70.00	70.00	70.00
A|46.5|60.0|60.0|46.5|13.5|0|0
L|60.0|46.5|60.0|-46.5
A|60.0|-46.5|46.5|-60.0|13.5|0|0
L|46.5|-60.0|-46.5|-60.0
A|-46.5|-60.0|-60.0|-46.5|13.5|0|0
L|-60.0|-46.5|-60.0|46.5
A|-60.0|46.5|-46.5|60.0|13.5|0|0
L|-46.5|60.0|46.5|60.0
A|70.0|55.0|55.0|70.0|15.0|0|1
L|55.0|70.0|-55.0|70.0
A|-55.0|70.0|-70.0|55.0|15.0|0|1
L|-70.0|55.0|-70.0|-55.0
A|-70.0|-55.0|-55.0|-70.0|15.0|0|1
L|-55.0|-70.0|55.0|-70.0
A|55.0|-70.0|70.0|-55.0|15.0|0|1
L|70.0|-55.0|70.0|55.0
#3532308	3568754	273538	-60.00	-60.00	60.00	60.00
A|45.75|53.7|53.7|45.75|7.95|0|0
L|53.7|45.75|53.7|-45.75
A|53.7|-45.75|45.75|-53.7|7.95|0|0
L|45.75|-53.7|-45.75|-53.7
A|-45.75|-53.7|-53.7|-45.75|7.95|0|0
L|-53.7|-45.75|-53.7|45.75
A|-53.7|45.75|-45.75|53.7|7.95|0|0
L|-45.75|53.7|45.75|53.7
A|60.0|50.55|50.55|60.0|9.45|0|1
L|50.55|60.0|-50.55|60.0
A|-50.55|60.0|-60.0|50.55|9.45|0|1
L|-60.0|50.55|-60.0|-50.55
A|-60.0|-50.55|-50.55|-60.0|9.45|0|1
L|-50.55|-60.0|50.55|-60.0
A|50.55|-60.0|60.0|-50.55|9.45|0|1
L|60.0|-50.55|60.0|50.55
#3532310	3568756	273538	-60.00	-60.00	60.00	60.00
A|49.0|55.0|55.0|49.0|6.0|0|0
L|55.0|49.0|55.0|-49.0
A|55.0|-49.0|49.0|-55.0|6.0|0|0
L|49.0|-55.0|-49.0|-55.0
A|-49.0|-55.0|-55.0|-49.0|6.0|0|0
L|-55.0|-49.0|-55.0|49.0
A|-55.0|49.0|-49.0|55.0|6.0|0|0
L|-49.0|55.0|49.0|55.0
A|60.0|52.5|52.5|60.0|7.5|0|1
L|52.5|60.0|-52.5|60.0
A|-52.5|60.0|-60.0|52.5|7.5|0|1
L|-60.0|52.5|-60.0|-52.5
A|-60.0|-52.5|-52.5|-60.0|7.5|0|1
L|-52.5|-60.0|52.5|-60.0
A|52.5|-60.0|60.0|-52.5|7.5|0|1
L|60.0|-52.5|60.0|52.5
#3532312	3568759	273538	-50.00	-50.00	50.00	50.00
A|35.75|43.7|43.7|35.75|7.95|0|0
L|43.7|35.75|43.7|-35.75
A|43.7|-35.75|35.75|-43.7|7.95|0|0
L|35.75|-43.7|-35.75|-43.7
A|-35.75|-43.7|-43.7|-35.75|7.95|0|0
L|-43.7|-35.75|-43.7|35.75
A|-43.7|35.75|-35.75|43.7|7.95|0|0
L|-35.75|43.7|35.75|43.7
A|50.0|40.55|40.55|50.0|9.45|0|1
L|40.55|50.0|-40.55|50.0
A|-40.55|50.0|-50.0|40.55|9.45|0|1
L|-50.0|40.55|-50.0|-40.55
A|-50.0|-40.55|-40.55|-50.0|9.45|0|1
L|-40.55|-50.0|40.55|-50.0
A|40.55|-50.0|50.0|-40.55|9.45|0|1
L|50.0|-40.55|50.0|40.55
#3532314	3568762	273538	-45.00	-45.00	45.00	45.00
A|30.75|38.7|38.7|30.75|7.95|0|0
L|38.7|30.75|38.7|-30.75
A|38.7|-30.75|30.75|-38.7|7.95|0|0
L|30.75|-38.7|-30.75|-38.7
A|-30.75|-38.7|-38.7|-30.75|7.95|0|0
L|-38.7|-30.75|-38.7|30.75
A|-38.7|30.75|-30.75|38.7|7.95|0|0
L|-30.75|38.7|30.75|38.7
A|45.0|35.55|35.55|45.0|9.45|0|1
L|35.55|45.0|-35.55|45.0
A|-35.55|45.0|-45.0|35.55|9.45|0|1
L|-45.0|35.55|-45.0|-35.55
A|-45.0|-35.55|-35.55|-45.0|9.45|0|1
L|-35.55|-45.0|35.55|-45.0
A|35.55|-45.0|45.0|-35.55|9.45|0|1
L|45.0|-35.55|45.0|35.55
#3532316	3568763	273538	-45.00	-45.00	45.00	45.00
A|34.0|40.0|40.0|34.0|6.0|0|0
L|40.0|34.0|40.0|-34.0
A|40.0|-34.0|34.0|-40.0|6.0|0|0
L|34.0|-40.0|-34.0|-40.0
A|-34.0|-40.0|-40.0|-34.0|6.0|0|0
L|-40.0|-34.0|-40.0|34.0
A|-40.0|34.0|-34.0|40.0|6.0|0|0
L|-34.0|40.0|34.0|40.0
A|45.0|37.5|37.5|45.0|7.5|0|1
L|37.5|45.0|-37.5|45.0
A|-37.5|45.0|-45.0|37.5|7.5|0|1
L|-45.0|37.5|-45.0|-37.5
A|-45.0|-37.5|-37.5|-45.0|7.5|0|1
L|-37.5|-45.0|37.5|-45.0
A|37.5|-45.0|45.0|-37.5|7.5|0|1
L|45.0|-37.5|45.0|37.5
#3532318	3568766	273538	-40.00	-40.00	40.00	40.00
A|25.75|33.7|33.7|25.75|7.95|0|0
L|33.7|25.75|33.7|-25.75
A|33.7|-25.75|25.75|-33.7|7.95|0|0
L|25.75|-33.7|-25.75|-33.7
A|-25.75|-33.7|-33.7|-25.75|7.95|0|0
L|-33.7|-25.75|-33.7|25.75
A|-33.7|25.75|-25.75|33.7|7.95|0|0
L|-25.75|33.7|25.75|33.7
A|40.0|30.55|30.55|40.0|9.45|0|1
L|30.55|40.0|-30.55|40.0
A|-30.55|40.0|-40.0|30.55|9.45|0|1
L|-40.0|30.55|-40.0|-30.55
A|-40.0|-30.55|-30.55|-40.0|9.45|0|1
L|-30.55|-40.0|30.55|-40.0
A|30.55|-40.0|40.0|-30.55|9.45|0|1
L|40.0|-30.55|40.0|30.55
#3532320	3568769	273538	-40.00	-40.00	40.00	40.00
A|32.5|36.4|36.4|32.5|3.9|0|0
L|36.4|32.5|36.4|-32.5
A|36.4|-32.5|32.5|-36.4|3.9|0|0
L|32.5|-36.4|-32.5|-36.4
A|-32.5|-36.4|-36.4|-32.5|3.9|0|0
L|-36.4|-32.5|-36.4|32.5
A|-36.4|32.5|-32.5|36.4|3.9|0|0
L|-32.5|36.4|32.5|36.4
A|40.0|34.6|34.6|40.0|5.4|0|1
L|34.6|40.0|-34.6|40.0
A|-34.6|40.0|-40.0|34.6|5.4|0|1
L|-40.0|34.6|-40.0|-34.6
A|-40.0|-34.6|-34.6|-40.0|5.4|0|1
L|-34.6|-40.0|34.6|-40.0
A|34.6|-40.0|40.0|-34.6|5.4|0|1
L|40.0|-34.6|40.0|34.6
#3532322	3568771	273538	-35.00	-35.00	35.00	35.00
A|20.75|28.7|28.7|20.75|7.95|0|0
L|28.7|20.75|28.7|-20.75
A|28.7|-20.75|20.75|-28.7|7.95|0|0
L|20.75|-28.7|-20.75|-28.7
A|-20.75|-28.7|-28.7|-20.75|7.95|0|0
L|-28.7|-20.75|-28.7|20.75
A|-28.7|20.75|-20.75|28.7|7.95|0|0
L|-20.75|28.7|20.75|28.7
A|35.0|25.55|25.55|35.0|9.45|0|1
L|25.55|35.0|-25.55|35.0
A|-25.55|35.0|-35.0|25.55|9.45|0|1
L|-35.0|25.55|-35.0|-25.55
A|-35.0|-25.55|-25.55|-35.0|9.45|0|1
L|-25.55|-35.0|25.55|-35.0
A|25.55|-35.0|35.0|-25.55|9.45|0|1
L|35.0|-25.55|35.0|25.55
#3532324	3568774	273538	-30.00	-30.00	30.00	30.00
A|15.75|23.7|23.7|15.75|7.95|0|0
L|23.7|15.75|23.7|-15.75
A|23.7|-15.75|15.75|-23.7|7.95|0|0
L|15.75|-23.7|-15.75|-23.7
A|-15.75|-23.7|-23.7|-15.75|7.95|0|0
L|-23.7|-15.75|-23.7|15.75
A|-23.7|15.75|-15.75|23.7|7.95|0|0
L|-15.75|23.7|15.75|23.7
A|30.0|20.55|20.55|30.0|9.45|0|1
L|20.55|30.0|-20.55|30.0
A|-20.55|30.0|-30.0|20.55|9.45|0|1
L|-30.0|20.55|-30.0|-20.55
A|-30.0|-20.55|-20.55|-30.0|9.45|0|1
L|-20.55|-30.0|20.55|-30.0
A|20.55|-30.0|30.0|-20.55|9.45|0|1
L|30.0|-20.55|30.0|20.55
#3532326	3568730	273538	-150.00	-150.00	150.00	150.00
A|126.5|140.0|140.0|126.5|13.5|0|0
L|140.0|126.5|140.0|-126.5
A|140.0|-126.5|126.5|-140.0|13.5|0|0
L|126.5|-140.0|-126.5|-140.0
A|-126.5|-140.0|-140.0|-126.5|13.5|0|0
L|-140.0|-126.5|-140.0|126.5
A|-140.0|126.5|-126.5|140.0|13.5|0|0
L|-126.5|140.0|126.5|140.0
A|150.0|135.0|135.0|150.0|15.0|0|1
L|135.0|150.0|-135.0|150.0
A|-135.0|150.0|-150.0|135.0|15.0|0|1
L|-150.0|135.0|-150.0|-135.0
A|-150.0|-135.0|-135.0|-150.0|15.0|0|1
L|-135.0|-150.0|135.0|-150.0
A|135.0|-150.0|150.0|-135.0|15.0|0|1
L|150.0|-135.0|150.0|135.0
#3532328	3568731	273538	-150.00	-150.00	150.00	150.00
A|131.5|142.0|142.0|131.5|10.5|0|0
L|142.0|131.5|142.0|-131.5
A|142.0|-131.5|131.5|-142.0|10.5|0|0
L|131.5|-142.0|-131.5|-142.0
A|-131.5|-142.0|-142.0|-131.5|10.5|0|0
L|-142.0|-131.5|-142.0|131.5
A|-142.0|131.5|-131.5|142.0|10.5|0|0
L|-131.5|142.0|131.5|142.0
A|150.0|138.0|138.0|150.0|12.0|0|1
L|138.0|150.0|-138.0|150.0
A|-138.0|150.0|-150.0|138.0|12.0|0|1
L|-150.0|138.0|-150.0|-138.0
A|-150.0|-138.0|-138.0|-150.0|12.0|0|1
L|-138.0|-150.0|138.0|-150.0
A|138.0|-150.0|150.0|-138.0|12.0|0|1
L|150.0|-138.0|150.0|138.0
#3532330	3568733	273538	-125.00	-125.00	125.00	125.00
A|101.5|115.0|115.0|101.5|13.5|0|0
L|115.0|101.5|115.0|-101.5
A|115.0|-101.5|101.5|-115.0|13.5|0|0
L|101.5|-115.0|-101.5|-115.0
A|-101.5|-115.0|-115.0|-101.5|13.5|0|0
L|-115.0|-101.5|-115.0|101.5
A|-115.0|101.5|-101.5|115.0|13.5|0|0
L|-101.5|115.0|101.5|115.0
A|125.0|110.0|110.0|125.0|15.0|0|1
L|110.0|125.0|-110.0|125.0
A|-110.0|125.0|-125.0|110.0|15.0|0|1
L|-125.0|110.0|-125.0|-110.0
A|-125.0|-110.0|-110.0|-125.0|15.0|0|1
L|-110.0|-125.0|110.0|-125.0
A|110.0|-125.0|125.0|-110.0|15.0|0|1
L|125.0|-110.0|125.0|110.0
#3532332	3568734	273538	-125.00	-125.00	125.00	125.00
A|106.5|117.0|117.0|106.5|10.5|0|0
L|117.0|106.5|117.0|-106.5
A|117.0|-106.5|106.5|-117.0|10.5|0|0
L|106.5|-117.0|-106.5|-117.0
A|-106.5|-117.0|-117.0|-106.5|10.5|0|0
L|-117.0|-106.5|-117.0|106.5
A|-117.0|106.5|-106.5|117.0|10.5|0|0
L|-106.5|117.0|106.5|117.0
A|125.0|113.0|113.0|125.0|12.0|0|1
L|113.0|125.0|-113.0|125.0
A|-113.0|125.0|-125.0|113.0|12.0|0|1
L|-125.0|113.0|-125.0|-113.0
A|-125.0|-113.0|-113.0|-125.0|12.0|0|1
L|-113.0|-125.0|113.0|-125.0
A|113.0|-125.0|125.0|-113.0|12.0|0|1
L|125.0|-113.0|125.0|113.0
#3532334	3568736	273538	-100.00	-100.00	100.00	100.00
A|76.5|90.0|90.0|76.5|13.5|0|0
L|90.0|76.5|90.0|-76.5
A|90.0|-76.5|76.5|-90.0|13.5|0|0
L|76.5|-90.0|-76.5|-90.0
A|-76.5|-90.0|-90.0|-76.5|13.5|0|0
L|-90.0|-76.5|-90.0|76.5
A|-90.0|76.5|-76.5|90.0|13.5|0|0
L|-76.5|90.0|76.5|90.0
A|100.0|85.0|85.0|100.0|15.0|0|1
L|85.0|100.0|-85.0|100.0
A|-85.0|100.0|-100.0|85.0|15.0|0|1
L|-100.0|85.0|-100.0|-85.0
A|-100.0|-85.0|-85.0|-100.0|15.0|0|1
L|-85.0|-100.0|85.0|-100.0
A|85.0|-100.0|100.0|-85.0|15.0|0|1
L|100.0|-85.0|100.0|85.0
#3532336	3568737	273538	-100.00	-100.00	100.00	100.00
A|81.5|92.0|92.0|81.5|10.5|0|0
L|92.0|81.5|92.0|-81.5
A|92.0|-81.5|81.5|-92.0|10.5|0|0
L|81.5|-92.0|-81.5|-92.0
A|-81.5|-92.0|-92.0|-81.5|10.5|0|0
L|-92.0|-81.5|-92.0|81.5
A|-92.0|81.5|-81.5|92.0|10.5|0|0
L|-81.5|92.0|81.5|92.0
A|100.0|88.0|88.0|100.0|12.0|0|1
L|88.0|100.0|-88.0|100.0
A|-88.0|100.0|-100.0|88.0|12.0|0|1
L|-100.0|88.0|-100.0|-88.0
A|-100.0|-88.0|-88.0|-100.0|12.0|0|1
L|-88.0|-100.0|88.0|-100.0
A|88.0|-100.0|100.0|-88.0|12.0|0|1
L|100.0|-88.0|100.0|88.0
#3532338	3568738	273538	-100.00	-100.00	100.00	100.00
A|86.05|94.0|94.0|86.05|7.95|0|0
L|94.0|86.05|94.0|-86.05
A|94.0|-86.05|86.05|-94.0|7.95|0|0
L|86.05|-94.0|-86.05|-94.0
A|-86.05|-94.0|-94.0|-86.05|7.95|0|0
L|-94.0|-86.05|-94.0|86.05
A|-94.0|86.05|-86.05|94.0|7.95|0|0
L|-86.05|94.0|86.05|94.0
A|100.0|90.55|90.55|100.0|9.45|0|1
L|90.55|100.0|-90.55|100.0
A|-90.55|100.0|-100.0|90.55|9.45|0|1
L|-100.0|90.55|-100.0|-90.55
A|-100.0|-90.55|-90.55|-100.0|9.45|0|1
L|-90.55|-100.0|90.55|-100.0
A|90.55|-100.0|100.0|-90.55|9.45|0|1
L|100.0|-90.55|100.0|90.55
#3532340	3568740	273538	-90.00	-90.00	90.00	90.00
A|66.5|80.0|80.0|66.5|13.5|0|0
L|80.0|66.5|80.0|-66.5
A|80.0|-66.5|66.5|-80.0|13.5|0|0
L|66.5|-80.0|-66.5|-80.0
A|-66.5|-80.0|-80.0|-66.5|13.5|0|0
L|-80.0|-66.5|-80.0|66.5
A|-80.0|66.5|-66.5|80.0|13.5|0|0
L|-66.5|80.0|66.5|80.0
A|90.0|75.0|75.0|90.0|15.0|0|1
L|75.0|90.0|-75.0|90.0
A|-75.0|90.0|-90.0|75.0|15.0|0|1
L|-90.0|75.0|-90.0|-75.0
A|-90.0|-75.0|-75.0|-90.0|15.0|0|1
L|-75.0|-90.0|75.0|-90.0
A|75.0|-90.0|90.0|-75.0|15.0|0|1
L|90.0|-75.0|90.0|75.0
#3532342	3568741	273538	-90.00	-90.00	90.00	90.00
A|71.5|82.0|82.0|71.5|10.5|0|0
L|82.0|71.5|82.0|-71.5
A|82.0|-71.5|71.5|-82.0|10.5|0|0
L|71.5|-82.0|-71.5|-82.0
A|-71.5|-82.0|-82.0|-71.5|10.5|0|0
L|-82.0|-71.5|-82.0|71.5
A|-82.0|71.5|-71.5|82.0|10.5|0|0
L|-71.5|82.0|71.5|82.0
A|90.0|78.0|78.0|90.0|12.0|0|1
L|78.0|90.0|-78.0|90.0
A|-78.0|90.0|-90.0|78.0|12.0|0|1
L|-90.0|78.0|-90.0|-78.0
A|-90.0|-78.0|-78.0|-90.0|12.0|0|1
L|-78.0|-90.0|78.0|-90.0
A|78.0|-90.0|90.0|-78.0|12.0|0|1
L|90.0|-78.0|90.0|78.0
#3532344	3568743	273538	-80.00	-80.00	80.00	80.00
A|61.5|72.0|72.0|61.5|10.5|0|0
L|72.0|61.5|72.0|-61.5
A|72.0|-61.5|61.5|-72.0|10.5|0|0
L|61.5|-72.0|-61.5|-72.0
A|-61.5|-72.0|-72.0|-61.5|10.5|0|0
L|-72.0|-61.5|-72.0|61.5
A|-72.0|61.5|-61.5|72.0|10.5|0|0
L|-61.5|72.0|61.5|72.0
A|80.0|68.0|68.0|80.0|12.0|0|1
L|68.0|80.0|-68.0|80.0
A|-68.0|80.0|-80.0|68.0|12.0|0|1
L|-80.0|68.0|-80.0|-68.0
A|-80.0|-68.0|-68.0|-80.0|12.0|0|1
L|-68.0|-80.0|68.0|-80.0
A|68.0|-80.0|80.0|-68.0|12.0|0|1
L|80.0|-68.0|80.0|68.0
#3532346	3568744	273538	-80.00	-80.00	80.00	80.00
A|66.05|74.0|74.0|66.05|7.95|0|0
L|74.0|66.05|74.0|-66.05
A|74.0|-66.05|66.05|-74.0|7.95|0|0
L|66.05|-74.0|-66.05|-74.0
A|-66.05|-74.0|-74.0|-66.05|7.95|0|0
L|-74.0|-66.05|-74.0|66.05
A|-74.0|66.05|-66.05|74.0|7.95|0|0
L|-66.05|74.0|66.05|74.0
A|80.0|70.55|70.55|80.0|9.45|0|1
L|70.55|80.0|-70.55|80.0
A|-70.55|80.0|-80.0|70.55|9.45|0|1
L|-80.0|70.55|-80.0|-70.55
A|-80.0|-70.55|-70.55|-80.0|9.45|0|1
L|-70.55|-80.0|70.55|-80.0
A|70.55|-80.0|80.0|-70.55|9.45|0|1
L|80.0|-70.55|80.0|70.55
#3532348	3568747	273538	-75.00	-75.00	75.00	75.00
A|56.5|67.0|67.0|56.5|10.5|0|0
L|67.0|56.5|67.0|-56.5
A|67.0|-56.5|56.5|-67.0|10.5|0|0
L|56.5|-67.0|-56.5|-67.0
A|-56.5|-67.0|-67.0|-56.5|10.5|0|0
L|-67.0|-56.5|-67.0|56.5
A|-67.0|56.5|-56.5|67.0|10.5|0|0
L|-56.5|67.0|56.5|67.0
A|75.0|63.0|63.0|75.0|12.0|0|1
L|63.0|75.0|-63.0|75.0
A|-63.0|75.0|-75.0|63.0|12.0|0|1
L|-75.0|63.0|-75.0|-63.0
A|-75.0|-63.0|-63.0|-75.0|12.0|0|1
L|-63.0|-75.0|63.0|-75.0
A|63.0|-75.0|75.0|-63.0|12.0|0|1
L|75.0|-63.0|75.0|63.0
#3532350	3568748	273538	-75.00	-75.00	75.00	75.00
A|61.05|69.0|69.0|61.05|7.95|0|0
L|69.0|61.05|69.0|-61.05
A|69.0|-61.05|61.05|-69.0|7.95|0|0
L|61.05|-69.0|-61.05|-69.0
A|-61.05|-69.0|-69.0|-61.05|7.95|0|0
L|-69.0|-61.05|-69.0|61.05
A|-69.0|61.05|-61.05|69.0|7.95|0|0
L|-61.05|69.0|61.05|69.0
A|75.0|65.55|65.55|75.0|9.45|0|1
L|65.55|75.0|-65.55|75.0
A|-65.55|75.0|-75.0|65.55|9.45|0|1
L|-75.0|65.55|-75.0|-65.55
A|-75.0|-65.55|-65.55|-75.0|9.45|0|1
L|-65.55|-75.0|65.55|-75.0
A|65.55|-75.0|75.0|-65.55|9.45|0|1
L|75.0|-65.55|75.0|65.55
#3532352	3568749	273538	-75.00	-75.00	75.00	75.00
A|64.0|70.0|70.0|64.0|6.0|0|0
L|70.0|64.0|70.0|-64.0
A|70.0|-64.0|64.0|-70.0|6.0|0|0
L|64.0|-70.0|-64.0|-70.0
A|-64.0|-70.0|-70.0|-64.0|6.0|0|0
L|-70.0|-64.0|-70.0|64.0
A|-70.0|64.0|-64.0|70.0|6.0|0|0
L|-64.0|70.0|64.0|70.0
A|75.0|67.5|67.5|75.0|7.5|0|1
L|67.5|75.0|-67.5|75.0
A|-67.5|75.0|-75.0|67.5|7.5|0|1
L|-75.0|67.5|-75.0|-67.5
A|-75.0|-67.5|-67.5|-75.0|7.5|0|1
L|-67.5|-75.0|67.5|-75.0
A|67.5|-75.0|75.0|-67.5|7.5|0|1
L|75.0|-67.5|75.0|67.5
#3532354	3568751	273538	-70.00	-70.00	70.00	70.00
A|51.5|62.0|62.0|51.5|10.5|0|0
L|62.0|51.5|62.0|-51.5
A|62.0|-51.5|51.5|-62.0|10.5|0|0
L|51.5|-62.0|-51.5|-62.0
A|-51.5|-62.0|-62.0|-51.5|10.5|0|0
L|-62.0|-51.5|-62.0|51.5
A|-62.0|51.5|-51.5|62.0|10.5|0|0
L|-51.5|62.0|51.5|62.0
A|70.0|58.0|58.0|70.0|12.0|0|1
L|58.0|70.0|-58.0|70.0
A|-58.0|70.0|-70.0|58.0|12.0|0|1
L|-70.0|58.0|-70.0|-58.0
A|-70.0|-58.0|-58.0|-70.0|12.0|0|1
L|-58.0|-70.0|58.0|-70.0
A|58.0|-70.0|70.0|-58.0|12.0|0|1
L|70.0|-58.0|70.0|58.0
#3532356	3568752	273538	-70.00	-70.00	70.00	70.00
A|59.0|65.0|65.0|59.0|6.0|0|0
L|65.0|59.0|65.0|-59.0
A|65.0|-59.0|59.0|-65.0|6.0|0|0
L|59.0|-65.0|-59.0|-65.0
A|-59.0|-65.0|-65.0|-59.0|6.0|0|0
L|-65.0|-59.0|-65.0|59.0
A|-65.0|59.0|-59.0|65.0|6.0|0|0
L|-59.0|65.0|59.0|65.0
A|70.0|62.5|62.5|70.0|7.5|0|1
L|62.5|70.0|-62.5|70.0
A|-62.5|70.0|-70.0|62.5|7.5|0|1
L|-70.0|62.5|-70.0|-62.5
A|-70.0|-62.5|-62.5|-70.0|7.5|0|1
L|-62.5|-70.0|62.5|-70.0
A|62.5|-70.0|70.0|-62.5|7.5|0|1
L|70.0|-62.5|70.0|62.5
#3532358	3568753	273538	-60.00	-60.00	60.00	60.00
A|41.5|52.0|52.0|41.5|10.5|0|0
L|52.0|41.5|52.0|-41.5
A|52.0|-41.5|41.5|-52.0|10.5|0|0
L|41.5|-52.0|-41.5|-52.0
A|-41.5|-52.0|-52.0|-41.5|10.5|0|0
L|-52.0|-41.5|-52.0|41.5
A|-52.0|41.5|-41.5|52.0|10.5|0|0
L|-41.5|52.0|41.5|52.0
A|60.0|48.0|48.0|60.0|12.0|0|1
L|48.0|60.0|-48.0|60.0
A|-48.0|60.0|-60.0|48.0|12.0|0|1
L|-60.0|48.0|-60.0|-48.0
A|-60.0|-48.0|-48.0|-60.0|12.0|0|1
L|-48.0|-60.0|48.0|-60.0
A|48.0|-60.0|60.0|-48.0|12.0|0|1
L|60.0|-48.0|60.0|48.0
#3532360	3568755	273538	-60.00	-60.00	60.00	60.00
A|46.05|54.0|54.0|46.05|7.95|0|0
L|54.0|46.05|54.0|-46.05
A|54.0|-46.05|46.05|-54.0|7.95|0|0
L|46.05|-54.0|-46.05|-54.0
A|-46.05|-54.0|-54.0|-46.05|7.95|0|0
L|-54.0|-46.05|-54.0|46.05
A|-54.0|46.05|-46.05|54.0|7.95|0|0
L|-46.05|54.0|46.05|54.0
A|60.0|50.55|50.55|60.0|9.45|0|1
L|50.55|60.0|-50.55|60.0
A|-50.55|60.0|-60.0|50.55|9.45|0|1
L|-60.0|50.55|-60.0|-50.55
A|-60.0|-50.55|-50.55|-60.0|9.45|0|1
L|-50.55|-60.0|50.55|-60.0
A|50.55|-60.0|60.0|-50.55|9.45|0|1
L|60.0|-50.55|60.0|50.55
#3532362	3568757	273538	-60.00	-60.00	60.00	60.00
A|51.5|56.0|56.0|51.5|4.5|0|0
L|56.0|51.5|56.0|-51.5
A|56.0|-51.5|51.5|-56.0|4.5|0|0
L|51.5|-56.0|-51.5|-56.0
A|-51.5|-56.0|-56.0|-51.5|4.5|0|0
L|-56.0|-51.5|-56.0|51.5
A|-56.0|51.5|-51.5|56.0|4.5|0|0
L|-51.5|56.0|51.5|56.0
A|60.0|54.0|54.0|60.0|6.0|0|1
L|54.0|60.0|-54.0|60.0
A|-54.0|60.0|-60.0|54.0|6.0|0|1
L|-60.0|54.0|-60.0|-54.0
A|-60.0|-54.0|-54.0|-60.0|6.0|0|1
L|-54.0|-60.0|54.0|-60.0
A|54.0|-60.0|60.0|-54.0|6.0|0|1
L|60.0|-54.0|60.0|54.0
#3532364	3568758	273538	-50.00	-50.00	50.00	50.00
A|31.5|42.0|42.0|31.5|10.5|0|0
L|42.0|31.5|42.0|-31.5
A|42.0|-31.5|31.5|-42.0|10.5|0|0
L|31.5|-42.0|-31.5|-42.0
A|-31.5|-42.0|-42.0|-31.5|10.5|0|0
L|-42.0|-31.5|-42.0|31.5
A|-42.0|31.5|-31.5|42.0|10.5|0|0
L|-31.5|42.0|31.5|42.0
A|50.0|38.0|38.0|50.0|12.0|0|1
L|38.0|50.0|-38.0|50.0
A|-38.0|50.0|-50.0|38.0|12.0|0|1
L|-50.0|38.0|-50.0|-38.0
A|-50.0|-38.0|-38.0|-50.0|12.0|0|1
L|-38.0|-50.0|38.0|-50.0
A|38.0|-50.0|50.0|-38.0|12.0|0|1
L|50.0|-38.0|50.0|38.0
#3532366	3568760	273538	-50.00	-50.00	50.00	50.00
A|39.0|45.0|45.0|39.0|6.0|0|0
L|45.0|39.0|45.0|-39.0
A|45.0|-39.0|39.0|-45.0|6.0|0|0
L|39.0|-45.0|-39.0|-45.0
A|-39.0|-45.0|-45.0|-39.0|6.0|0|0
L|-45.0|-39.0|-45.0|39.0
A|-45.0|39.0|-39.0|45.0|6.0|0|0
L|-39.0|45.0|39.0|45.0
A|50.0|42.5|42.5|50.0|7.5|0|1
L|42.5|50.0|-42.5|50.0
A|-42.5|50.0|-50.0|42.5|7.5|0|1
L|-50.0|42.5|-50.0|-42.5
A|-50.0|-42.5|-42.5|-50.0|7.5|0|1
L|-42.5|-50.0|42.5|-50.0
A|42.5|-50.0|50.0|-42.5|7.5|0|1
L|50.0|-42.5|50.0|42.5
#3532368	3568761	273538	-50.00	-50.00	50.00	50.00
A|41.5|46.0|46.0|41.5|4.5|0|0
L|46.0|41.5|46.0|-41.5
A|46.0|-41.5|41.5|-46.0|4.5|0|0
L|41.5|-46.0|-41.5|-46.0
A|-41.5|-46.0|-46.0|-41.5|4.5|0|0
L|-46.0|-41.5|-46.0|41.5
A|-46.0|41.5|-41.5|46.0|4.5|0|0
L|-41.5|46.0|41.5|46.0
A|50.0|44.0|44.0|50.0|6.0|0|1
L|44.0|50.0|-44.0|50.0
A|-44.0|50.0|-50.0|44.0|6.0|0|1
L|-50.0|44.0|-50.0|-44.0
A|-50.0|-44.0|-44.0|-50.0|6.0|0|1
L|-44.0|-50.0|44.0|-50.0
A|44.0|-50.0|50.0|-44.0|6.0|0|1
L|50.0|-44.0|50.0|44.0
#3532370	3568764	273538	-45.00	-45.00	45.00	45.00
A|36.5|41.0|41.0|36.5|4.5|0|0
L|41.0|36.5|41.0|-36.5
A|41.0|-36.5|36.5|-41.0|4.5|0|0
L|36.5|-41.0|-36.5|-41.0
A|-36.5|-41.0|-41.0|-36.5|4.5|0|0
L|-41.0|-36.5|-41.0|36.5
A|-41.0|36.5|-36.5|41.0|4.5|0|0
L|-36.5|41.0|36.5|41.0
A|45.0|39.0|39.0|45.0|6.0|0|1
L|39.0|45.0|-39.0|45.0
A|-39.0|45.0|-45.0|39.0|6.0|0|1
L|-45.0|39.0|-45.0|-39.0
A|-45.0|-39.0|-39.0|-45.0|6.0|0|1
L|-39.0|-45.0|39.0|-45.0
A|39.0|-45.0|45.0|-39.0|6.0|0|1
L|45.0|-39.0|45.0|39.0
#3532372	3568765	273538	-45.00	-45.00	45.00	45.00
A|39.15|42.0|42.0|39.15|2.85|0|0
L|42.0|39.15|42.0|-39.15
A|42.0|-39.15|39.15|-42.0|2.85|0|0
L|39.15|-42.0|-39.15|-42.0
A|-39.15|-42.0|-42.0|-39.15|2.85|0|0
L|-42.0|-39.15|-42.0|39.15
A|-42.0|39.15|-39.15|42.0|2.85|0|0
L|-39.15|42.0|39.15|42.0
A|45.0|40.65|40.65|45.0|4.35|0|1
L|40.65|45.0|-40.65|45.0
A|-40.65|45.0|-45.0|40.65|4.35|0|1
L|-45.0|40.65|-45.0|-40.65
A|-45.0|-40.65|-40.65|-45.0|4.35|0|1
L|-40.65|-45.0|40.65|-45.0
A|40.65|-45.0|45.0|-40.65|4.35|0|1
L|45.0|-40.65|45.0|40.65
#3532374	3568767	273538	-40.00	-40.00	40.00	40.00
A|29.0|35.0|35.0|29.0|6.0|0|0
L|35.0|29.0|35.0|-29.0
A|35.0|-29.0|29.0|-35.0|6.0|0|0
L|29.0|-35.0|-29.0|-35.0
A|-29.0|-35.0|-35.0|-29.0|6.0|0|0
L|-35.0|-29.0|-35.0|29.0
A|-35.0|29.0|-29.0|35.0|6.0|0|0
L|-29.0|35.0|29.0|35.0
A|40.0|32.5|32.5|40.0|7.5|0|1
L|32.5|40.0|-32.5|40.0
A|-32.5|40.0|-40.0|32.5|7.5|0|1
L|-40.0|32.5|-40.0|-32.5
A|-40.0|-32.5|-32.5|-40.0|7.5|0|1
L|-32.5|-40.0|32.5|-40.0
A|32.5|-40.0|40.0|-32.5|7.5|0|1
L|40.0|-32.5|40.0|32.5
#3532376	3568768	273538	-40.00	-40.00	40.00	40.00
A|31.5|36.0|36.0|31.5|4.5|0|0
L|36.0|31.5|36.0|-31.5
A|36.0|-31.5|31.5|-36.0|4.5|0|0
L|31.5|-36.0|-31.5|-36.0
A|-31.5|-36.0|-36.0|-31.5|4.5|0|0
L|-36.0|-31.5|-36.0|31.5
A|-36.0|31.5|-31.5|36.0|4.5|0|0
L|-31.5|36.0|31.5|36.0
A|40.0|34.0|34.0|40.0|6.0|0|1
L|34.0|40.0|-34.0|40.0
A|-34.0|40.0|-40.0|34.0|6.0|0|1
L|-40.0|34.0|-40.0|-34.0
A|-40.0|-34.0|-34.0|-40.0|6.0|0|1
L|-34.0|-40.0|34.0|-40.0
A|34.0|-40.0|40.0|-34.0|6.0|0|1
L|40.0|-34.0|40.0|34.0
#3532378	3568770	273538	-40.00	-40.00	40.00	40.00
A|34.15|37.0|37.0|34.15|2.85|0|0
L|37.0|34.15|37.0|-34.15
A|37.0|-34.15|34.15|-37.0|2.85|0|0
L|34.15|-37.0|-34.15|-37.0
A|-34.15|-37.0|-37.0|-34.15|2.85|0|0
L|-37.0|-34.15|-37.0|34.15
A|-37.0|34.15|-34.15|37.0|2.85|0|0
L|-34.15|37.0|34.15|37.0
A|40.0|35.65|35.65|40.0|4.35|0|1
L|35.65|40.0|-35.65|40.0
A|-35.65|40.0|-40.0|35.65|4.35|0|1
L|-40.0|35.65|-40.0|-35.65
A|-40.0|-35.65|-35.65|-40.0|4.35|0|1
L|-35.65|-40.0|35.65|-40.0
A|35.65|-40.0|40.0|-35.65|4.35|0|1
L|40.0|-35.65|40.0|35.65
#3532380	3568772	273538	-35.00	-35.00	35.00	35.00
A|24.0|30.0|30.0|24.0|6.0|0|0
L|30.0|24.0|30.0|-24.0
A|30.0|-24.0|24.0|-30.0|6.0|0|0
L|24.0|-30.0|-24.0|-30.0
A|-24.0|-30.0|-30.0|-24.0|6.0|0|0
L|-30.0|-24.0|-30.0|24.0
A|-30.0|24.0|-24.0|30.0|6.0|0|0
L|-24.0|30.0|24.0|30.0
A|35.0|27.5|27.5|35.0|7.5|0|1
L|27.5|35.0|-27.5|35.0
A|-27.5|35.0|-35.0|27.5|7.5|0|1
L|-35.0|27.5|-35.0|-27.5
A|-35.0|-27.5|-27.5|-35.0|7.5|0|1
L|-27.5|-35.0|27.5|-35.0
A|27.5|-35.0|35.0|-27.5|7.5|0|1
L|35.0|-27.5|35.0|27.5
#3532382	3568773	273538	-35.00	-35.00	35.00	35.00
A|29.15|32.0|32.0|29.15|2.85|0|0
L|32.0|29.15|32.0|-29.15
A|32.0|-29.15|29.15|-32.0|2.85|0|0
L|29.15|-32.0|-29.15|-32.0
A|-29.15|-32.0|-32.0|-29.15|2.85|0|0
L|-32.0|-29.15|-32.0|29.15
A|-32.0|29.15|-29.15|32.0|2.85|0|0
L|-29.15|32.0|29.15|32.0
A|35.0|30.65|30.65|35.0|4.35|0|1
L|30.65|35.0|-30.65|35.0
A|-30.65|35.0|-35.0|30.65|4.35|0|1
L|-35.0|30.65|-35.0|-30.65
A|-35.0|-30.65|-30.65|-35.0|4.35|0|1
L|-30.65|-35.0|30.65|-35.0
A|30.65|-35.0|35.0|-30.65|4.35|0|1
L|35.0|-30.65|35.0|30.65
#3532384	3568775	273538	-30.00	-30.00	30.00	30.00
A|19.0|25.0|25.0|19.0|6.0|0|0
L|25.0|19.0|25.0|-19.0
A|25.0|-19.0|19.0|-25.0|6.0|0|0
L|19.0|-25.0|-19.0|-25.0
A|-19.0|-25.0|-25.0|-19.0|6.0|0|0
L|-25.0|-19.0|-25.0|19.0
A|-25.0|19.0|-19.0|25.0|6.0|0|0
L|-19.0|25.0|19.0|25.0
A|30.0|22.5|22.5|30.0|7.5|0|1
L|22.5|30.0|-22.5|30.0
A|-22.5|30.0|-30.0|22.5|7.5|0|1
L|-30.0|22.5|-30.0|-22.5
A|-30.0|-22.5|-22.5|-30.0|7.5|0|1
L|-22.5|-30.0|22.5|-30.0
A|22.5|-30.0|30.0|-22.5|7.5|0|1
L|30.0|-22.5|30.0|22.5
#3532386	3568776	273538	-30.00	-30.00	30.00	30.00
A|21.5|26.0|26.0|21.5|4.5|0|0
L|26.0|21.5|26.0|-21.5
A|26.0|-21.5|21.5|-26.0|4.5|0|0
L|21.5|-26.0|-21.5|-26.0
A|-21.5|-26.0|-26.0|-21.5|4.5|0|0
L|-26.0|-21.5|-26.0|21.5
A|-26.0|21.5|-21.5|26.0|4.5|0|0
L|-21.5|26.0|21.5|26.0
A|30.0|24.0|24.0|30.0|6.0|0|1
L|24.0|30.0|-24.0|30.0
A|-24.0|30.0|-30.0|24.0|6.0|0|1
L|-30.0|24.0|-30.0|-24.0
A|-30.0|-24.0|-24.0|-30.0|6.0|0|1
L|-24.0|-30.0|24.0|-30.0
A|24.0|-30.0|30.0|-24.0|6.0|0|1
L|30.0|-24.0|30.0|24.0
#3532388	3568777	273538	-30.00	-30.00	30.00	30.00
A|24.15|27.0|27.0|24.15|2.85|0|0
L|27.0|24.15|27.0|-24.15
A|27.0|-24.15|24.15|-27.0|2.85|0|0
L|24.15|-27.0|-24.15|-27.0
A|-24.15|-27.0|-27.0|-24.15|2.85|0|0
L|-27.0|-24.15|-27.0|24.15
A|-27.0|24.15|-24.15|27.0|2.85|0|0
L|-24.15|27.0|24.15|27.0
A|30.0|25.65|25.65|30.0|4.35|0|1
L|25.65|30.0|-25.65|30.0
A|-25.65|30.0|-30.0|25.65|4.35|0|1
L|-30.0|25.65|-30.0|-25.65
A|-30.0|-25.65|-25.65|-30.0|4.35|0|1
L|-25.65|-30.0|25.65|-30.0
A|25.65|-30.0|30.0|-25.65|4.35|0|1
L|30.0|-25.65|30.0|25.65
#3532390	3568778	273538	-25.00	-25.00	25.00	25.00
A|16.5|21.0|21.0|16.5|4.5|0|0
L|21.0|16.5|21.0|-16.5
A|21.0|-16.5|16.5|-21.0|4.5|0|0
L|16.5|-21.0|-16.5|-21.0
A|-16.5|-21.0|-21.0|-16.5|4.5|0|0
L|-21.0|-16.5|-21.0|16.5
A|-21.0|16.5|-16.5|21.0|4.5|0|0
L|-16.5|21.0|16.5|21.0
A|25.0|19.0|19.0|25.0|6.0|0|1
L|19.0|25.0|-19.0|25.0
A|-19.0|25.0|-25.0|19.0|6.0|0|1
L|-25.0|19.0|-25.0|-19.0
A|-25.0|-19.0|-19.0|-25.0|6.0|0|1
L|-19.0|-25.0|19.0|-25.0
A|19.0|-25.0|25.0|-19.0|6.0|0|1
L|25.0|-19.0|25.0|19.0
#3532392	3568779	273538	-25.00	-25.00	25.00	25.00
A|19.15|22.0|22.0|19.15|2.85|0|0
L|22.0|19.15|22.0|-19.15
A|22.0|-19.15|19.15|-22.0|2.85|0|0
L|19.15|-22.0|-19.15|-22.0
A|-19.15|-22.0|-22.0|-19.15|2.85|0|0
L|-22.0|-19.15|-22.0|19.15
A|-22.0|19.15|-19.15|22.0|2.85|0|0
L|-19.15|22.0|19.15|22.0
A|25.0|20.65|20.65|25.0|4.35|0|1
L|20.65|25.0|-20.65|25.0
A|-20.65|25.0|-25.0|20.65|4.35|0|1
L|-25.0|20.65|-25.0|-20.65
A|-25.0|-20.65|-20.65|-25.0|4.35|0|1
L|-20.65|-25.0|20.65|-25.0
A|20.65|-25.0|25.0|-20.65|4.35|0|1
L|25.0|-20.65|25.0|20.65
#3532394	3568780	273538	-20.00	-20.00	20.00	20.00
A|11.5|16.0|16.0|11.5|4.5|0|0
L|16.0|11.5|16.0|-11.5
A|16.0|-11.5|11.5|-16.0|4.5|0|0
L|11.5|-16.0|-11.5|-16.0
A|-11.5|-16.0|-16.0|-11.5|4.5|0|0
L|-16.0|-11.5|-16.0|11.5
A|-16.0|11.5|-11.5|16.0|4.5|0|0
L|-11.5|16.0|11.5|16.0
A|20.0|14.0|14.0|20.0|6.0|0|1
L|14.0|20.0|-14.0|20.0
A|-14.0|20.0|-20.0|14.0|6.0|0|1
L|-20.0|14.0|-20.0|-14.0
A|-20.0|-14.0|-14.0|-20.0|6.0|0|1
L|-14.0|-20.0|14.0|-20.0
A|14.0|-20.0|20.0|-14.0|6.0|0|1
L|20.0|-14.0|20.0|14.0
#3532396	3568781	273538	-20.00	-20.00	20.00	20.00
A|14.15|17.0|17.0|14.15|2.85|0|0
L|17.0|14.15|17.0|-14.15
A|17.0|-14.15|14.15|-17.0|2.85|0|0
L|14.15|-17.0|-14.15|-17.0
A|-14.15|-17.0|-17.0|-14.15|2.85|0|0
L|-17.0|-14.15|-17.0|14.15
A|-17.0|14.15|-14.15|17.0|2.85|0|0
L|-14.15|17.0|14.15|17.0
A|20.0|15.65|15.65|20.0|4.35|0|1
L|15.65|20.0|-15.65|20.0
A|-15.65|20.0|-20.0|15.65|4.35|0|1
L|-20.0|15.65|-20.0|-15.65
A|-20.0|-15.65|-15.65|-20.0|4.35|0|1
L|-15.65|-20.0|15.65|-20.0
A|15.65|-20.0|20.0|-15.65|4.35|0|1
L|20.0|-15.65|20.0|15.65
#3532923	3567957	273538	0.00	0.00	40.00	40.00
L|0.0|0.0|40.0|0.0
L|40.0|0.0|40.0|1.0
A|40.0|1.0|37.0|4.0|3.0|0|1
L|37.0|4.0|10.0|4.0
A|10.0|4.0|4.0|10.0|6.0|0|0
L|4.0|10.0|4.0|37.0
A|4.0|37.0|1.0|40.0|3.0|0|1
L|1.0|40.0|0.0|40.0
L|0.0|40.0|0.0|0.0
#3532925	3568031	273538	0.00	0.00	40.00	40.00
L|0.0|0.0|40.0|0.0
L|40.0|0.0|40.0|2.0
A|40.0|2.0|37.0|5.0|3.0|0|1
L|37.0|5.0|11.0|5.0
A|11.0|5.0|5.0|11.0|6.0|0|0
L|5.0|11.0|5.0|37.0
A|5.0|37.0|2.0|40.0|3.0|0|1
L|2.0|40.0|0.0|40.0
L|0.0|40.0|0.0|0.0
#3532927	3568033	273538	0.00	0.00	45.00	45.00
L|0.0|0.0|45.0|0.0
L|45.0|0.0|45.0|1.0
A|45.0|1.0|42.0|4.0|3.0|0|1
L|42.0|4.0|11.0|4.0
A|11.0|4.0|4.0|11.0|7.0|0|0
L|4.0|11.0|4.0|42.0
A|4.0|42.0|1.0|45.0|3.0|0|1
L|1.0|45.0|0.0|45.0
L|0.0|45.0|0.0|0.0
#3532929	3568034	273538	0.00	0.00	45.00	45.00
L|0.0|0.0|45.0|0.0
L|45.0|0.0|45.0|1.5
A|45.0|1.5|41.5|5.0|3.5|0|1
L|41.5|5.0|12.0|5.0
A|12.0|5.0|5.0|12.0|7.0|0|0
L|5.0|12.0|5.0|41.5
A|5.0|41.5|1.5|45.0|3.5|0|1
L|1.5|45.0|0.0|45.0
L|0.0|45.0|0.0|0.0
#3532931	3568035	273538	0.00	0.00	50.00	50.00
L|0.0|0.0|50.0|0.0
L|50.0|0.0|50.0|1.5
A|50.0|1.5|46.5|5.0|3.5|0|1
L|46.5|5.0|12.0|5.0
A|12.0|5.0|5.0|12.0|7.0|0|0
L|5.0|12.0|5.0|46.5
A|5.0|46.5|1.5|50.0|3.5|0|1
L|1.5|50.0|0.0|50.0
L|0.0|50.0|0.0|0.0
#3532933	3568036	273538	0.00	0.00	50.00	50.00
L|0.0|0.0|50.0|0.0
L|50.0|0.0|50.0|2.5
A|50.0|2.5|46.5|6.0|3.5|0|1
L|46.5|6.0|13.0|6.0
A|13.0|6.0|6.0|13.0|7.0|0|0
L|6.0|13.0|6.0|46.5
A|6.0|46.5|2.5|50.0|3.5|0|1
L|2.5|50.0|0.0|50.0
L|0.0|50.0|0.0|0.0
#3532935	3568037	273538	0.00	0.00	50.00	50.00
L|0.0|0.0|50.0|0.0
L|50.0|0.0|50.0|4.5
A|50.0|4.5|46.5|8.0|3.5|0|1
L|46.5|8.0|15.0|8.0
A|15.0|8.0|8.0|15.0|7.0|0|0
L|8.0|15.0|8.0|46.5
A|8.0|46.5|4.5|50.0|3.5|0|1
L|4.5|50.0|0.0|50.0
L|0.0|50.0|0.0|0.0
#3532937	3568040	273538	0.00	0.00	60.00	60.00
L|0.0|0.0|60.0|0.0
L|60.0|0.0|60.0|1.0
A|60.0|1.0|56.0|5.0|4.0|0|1
L|56.0|5.0|13.0|5.0
A|13.0|5.0|5.0|13.0|8.0|0|0
L|5.0|13.0|5.0|56.0
A|5.0|56.0|1.0|60.0|4.0|0|1
L|1.0|60.0|0.0|60.0
L|0.0|60.0|0.0|0.0
#3532939	3568042	273538	0.00	0.00	60.00	60.00
L|0.0|0.0|60.0|0.0
L|60.0|0.0|60.0|2.0
A|60.0|2.0|56.0|6.0|4.0|0|1
L|56.0|6.0|14.0|6.0
A|14.0|6.0|6.0|14.0|8.0|0|0
L|6.0|14.0|6.0|56.0
A|6.0|56.0|2.0|60.0|4.0|0|1
L|2.0|60.0|0.0|60.0
L|0.0|60.0|0.0|0.0
#3532941	3568041	273538	0.00	0.00	60.00	60.00
L|0.0|0.0|60.0|0.0
L|60.0|0.0|60.0|4.0
A|60.0|4.0|56.0|8.0|4.0|0|1
L|56.0|8.0|16.0|8.0
A|16.0|8.0|8.0|16.0|8.0|0|0
L|8.0|16.0|8.0|56.0
A|8.0|56.0|4.0|60.0|4.0|0|1
L|4.0|60.0|0.0|60.0
L|0.0|60.0|0.0|0.0
#3532943	3568061	273538	0.00	0.00	70.00	70.00
L|0.0|0.0|70.0|0.0
L|70.0|0.0|70.0|2.5
A|70.0|2.5|65.5|7.0|4.5|0|1
L|65.5|7.0|16.0|7.0
A|16.0|7.0|7.0|16.0|9.0|0|0
L|7.0|16.0|7.0|65.5
A|7.0|65.5|2.5|70.0|4.5|0|1
L|2.5|70.0|0.0|70.0
L|0.0|70.0|0.0|0.0
#3532945	3568062	273538	0.00	0.00	75.00	75.00
L|0.0|0.0|75.0|0.0
L|75.0|0.0|75.0|2.0
A|75.0|2.0|70.0|7.0|5.0|0|1
L|70.0|7.0|17.0|7.0
A|17.0|7.0|7.0|17.0|10.0|0|0
L|7.0|17.0|7.0|70.0
A|7.0|70.0|2.0|75.0|5.0|0|1
L|2.0|75.0|0.0|75.0
L|0.0|75.0|0.0|0.0
#3532947	3568063	273538	0.00	0.00	75.00	75.00
L|0.0|0.0|75.0|0.0
L|75.0|0.0|75.0|3.0
A|75.0|3.0|70.0|8.0|5.0|0|1
L|70.0|8.0|18.0|8.0
A|18.0|8.0|8.0|18.0|10.0|0|0
L|8.0|18.0|8.0|70.0
A|8.0|70.0|3.0|75.0|5.0|0|1
L|3.0|75.0|0.0|75.0
L|0.0|75.0|0.0|0.0
#3532949	3568065	273538	0.00	0.00	80.00	80.00
L|0.0|0.0|80.0|0.0
L|80.0|0.0|80.0|3.0
A|80.0|3.0|75.0|8.0|5.0|0|1
L|75.0|8.0|18.0|8.0
A|18.0|8.0|8.0|18.0|10.0|0|0
L|8.0|18.0|8.0|75.0
A|8.0|75.0|3.0|80.0|5.0|0|1
L|3.0|80.0|0.0|80.0
L|0.0|80.0|0.0|0.0
#3532951	3568066	273538	0.00	0.00	80.00	80.00
L|0.0|0.0|80.0|0.0
L|80.0|0.0|80.0|5.0
A|80.0|5.0|75.0|10.0|5.0|0|1
L|75.0|10.0|20.0|10.0
A|20.0|10.0|10.0|20.0|10.0|0|0
L|10.0|20.0|10.0|75.0
A|10.0|75.0|5.0|80.0|5.0|0|1
L|5.0|80.0|0.0|80.0
L|0.0|80.0|0.0|0.0
#3532953	3568071	273538	0.00	0.00	90.00	90.00
L|0.0|0.0|90.0|0.0
L|90.0|0.0|90.0|1.5
A|90.0|1.5|84.5|7.0|5.5|0|1
L|84.5|7.0|18.0|7.0
A|18.0|7.0|7.0|18.0|11.0|0|0
L|7.0|18.0|7.0|84.5
A|7.0|84.5|1.5|90.0|5.5|0|1
L|1.5|90.0|0.0|90.0
L|0.0|90.0|0.0|0.0
#3532955	3568072	273538	0.00	0.00	90.00	90.00
L|0.0|0.0|90.0|0.0
L|90.0|0.0|90.0|3.5
A|90.0|3.5|84.5|9.0|5.5|0|1
L|84.5|9.0|20.0|9.0
A|20.0|9.0|9.0|20.0|11.0|0|0
L|9.0|20.0|9.0|84.5
A|9.0|84.5|3.5|90.0|5.5|0|1
L|3.5|90.0|0.0|90.0
L|0.0|90.0|0.0|0.0
#3532957	3568074	273538	0.00	0.00	100.00	100.00
L|0.0|0.0|100.0|0.0
L|100.0|0.0|100.0|2.0
A|100.0|2.0|94.0|8.0|6.0|0|1
L|94.0|8.0|20.0|8.0
A|20.0|8.0|8.0|20.0|12.0|0|0
L|8.0|20.0|8.0|94.0
A|8.0|94.0|2.0|100.0|6.0|0|1
L|2.0|100.0|0.0|100.0
L|0.0|100.0|0.0|0.0
#3532959	3568089	273538	0.00	0.00	100.00	100.00
L|0.0|0.0|100.0|0.0
L|100.0|0.0|100.0|4.0
A|100.0|4.0|94.0|10.0|6.0|0|1
L|94.0|10.0|22.0|10.0
A|22.0|10.0|10.0|22.0|12.0|0|0
L|10.0|22.0|10.0|94.0
A|10.0|94.0|4.0|100.0|6.0|0|1
L|4.0|100.0|0.0|100.0
L|0.0|100.0|0.0|0.0
#3532961	3568091	273538	0.00	0.00	100.00	100.00
L|0.0|0.0|100.0|0.0
L|100.0|0.0|100.0|6.0
A|100.0|6.0|94.0|12.0|6.0|0|1
L|94.0|12.0|24.0|12.0
A|24.0|12.0|12.0|24.0|12.0|0|0
L|12.0|24.0|12.0|94.0
A|12.0|94.0|6.0|100.0|6.0|0|1
L|6.0|100.0|0.0|100.0
L|0.0|100.0|0.0|0.0
#3532963	3568095	273538	0.00	0.00	110.00	110.00
L|0.0|0.0|110.0|0.0
L|110.0|0.0|110.0|4.0
A|110.0|4.0|104.0|10.0|6.0|0|1
L|104.0|10.0|22.0|10.0
A|22.0|10.0|10.0|22.0|12.0|0|0
L|10.0|22.0|10.0|104.0
A|10.0|104.0|4.0|110.0|6.0|0|1
L|4.0|110.0|0.0|110.0
L|0.0|110.0|0.0|0.0
#3532965	3568096	273538	0.00	0.00	120.00	120.00
L|0.0|0.0|120.0|0.0
L|120.0|0.0|120.0|3.5
A|120.0|3.5|113.5|10.0|6.5|0|1
L|113.5|10.0|23.0|10.0
A|23.0|10.0|10.0|23.0|13.0|0|0
L|10.0|23.0|10.0|113.5
A|10.0|113.5|3.5|120.0|6.5|0|1
L|3.5|120.0|0.0|120.0
L|0.0|120.0|0.0|0.0
#3532967	3568097	273538	0.00	0.00	120.00	120.00
L|0.0|0.0|120.0|0.0
L|120.0|0.0|120.0|5.5
A|120.0|5.5|113.5|12.0|6.5|0|1
L|113.5|12.0|25.0|12.0
A|25.0|12.0|12.0|25.0|13.0|0|0
L|12.0|25.0|12.0|113.5
A|12.0|113.5|5.5|120.0|6.5|0|1
L|5.5|120.0|0.0|120.0
L|0.0|120.0|0.0|0.0
#3532969	3568098	273538	0.00	0.00	120.00	120.00
L|0.0|0.0|120.0|0.0
L|120.0|0.0|120.0|8.5
A|120.0|8.5|113.5|15.0|6.5|0|1
L|113.5|15.0|28.0|15.0
A|28.0|15.0|15.0|28.0|13.0|0|0
L|15.0|28.0|15.0|113.5
A|15.0|113.5|8.5|120.0|6.5|0|1
L|8.5|120.0|0.0|120.0
L|0.0|120.0|0.0|0.0
#3532971	3568101	273538	0.00	0.00	130.00	130.00
L|0.0|0.0|130.0|0.0
L|130.0|0.0|130.0|5.0
A|130.0|5.0|123.0|12.0|7.0|0|1
L|123.0|12.0|26.0|12.0
A|26.0|12.0|12.0|26.0|14.0|0|0
L|12.0|26.0|12.0|123.0
A|12.0|123.0|5.0|130.0|7.0|0|1
L|5.0|130.0|0.0|130.0
L|0.0|130.0|0.0|0.0
#3532973	3568104	273538	0.00	0.00	140.00	140.00
L|0.0|0.0|140.0|0.0
L|140.0|0.0|140.0|2.5
A|140.0|2.5|132.5|10.0|7.5|0|1
L|132.5|10.0|25.0|10.0
A|25.0|10.0|10.0|25.0|15.0|0|0
L|10.0|25.0|10.0|132.5
A|10.0|132.5|2.5|140.0|7.5|0|1
L|2.5|140.0|0.0|140.0
L|0.0|140.0|0.0|0.0
#3532975	3568119	273538	0.00	0.00	140.00	140.00
L|0.0|0.0|140.0|0.0
L|140.0|0.0|140.0|5.5
A|140.0|5.5|132.5|13.0|7.5|0|1
L|132.5|13.0|28.0|13.0
A|28.0|13.0|13.0|28.0|15.0|0|0
L|13.0|28.0|13.0|132.5
A|13.0|132.5|5.5|140.0|7.5|0|1
L|5.5|140.0|0.0|140.0
L|0.0|140.0|0.0|0.0
#3532977	3568121	273538	0.00	0.00	150.00	150.00
L|0.0|0.0|150.0|0.0
L|150.0|0.0|150.0|2.0
A|150.0|2.0|142.0|10.0|8.0|0|1
L|142.0|10.0|26.0|10.0
A|26.0|10.0|10.0|26.0|16.0|0|0
L|10.0|26.0|10.0|142.0
A|10.0|142.0|2.0|150.0|8.0|0|1
L|2.0|150.0|0.0|150.0
L|0.0|150.0|0.0|0.0
#3532979	3568122	273538	0.00	0.00	150.00	150.00
L|0.0|0.0|150.0|0.0
L|150.0|0.0|150.0|4.0
A|150.0|4.0|142.0|12.0|8.0|0|1
L|142.0|12.0|28.0|12.0
A|28.0|12.0|12.0|28.0|16.0|0|0
L|12.0|28.0|12.0|142.0
A|12.0|142.0|4.0|150.0|8.0|0|1
L|4.0|150.0|0.0|150.0
L|0.0|150.0|0.0|0.0
#3532981	3568123	273538	0.00	0.00	150.00	150.00
L|0.0|0.0|150.0|0.0
L|150.0|0.0|150.0|7.0
A|150.0|7.0|142.0|15.0|8.0|0|1
L|142.0|15.0|31.0|15.0
A|31.0|15.0|15.0|31.0|16.0|0|0
L|15.0|31.0|15.0|142.0
A|15.0|142.0|7.0|150.0|8.0|0|1
L|7.0|150.0|0.0|150.0
L|0.0|150.0|0.0|0.0
#3532983	3568124	273538	0.00	0.00	150.00	150.00
L|0.0|0.0|150.0|0.0
L|150.0|0.0|150.0|10.0
A|150.0|10.0|142.0|18.0|8.0|0|1
L|142.0|18.0|34.0|18.0
A|34.0|18.0|18.0|34.0|16.0|0|0
L|18.0|34.0|18.0|142.0
A|18.0|142.0|10.0|150.0|8.0|0|1
L|10.0|150.0|0.0|150.0
L|0.0|150.0|0.0|0.0
#3532985	3568129	273538	0.00	0.00	160.00	160.00
L|0.0|0.0|160.0|0.0
L|160.0|0.0|160.0|6.5
A|160.0|6.5|151.5|15.0|8.5|0|1
L|151.5|15.0|32.0|15.0
A|32.0|15.0|15.0|32.0|17.0|0|0
L|15.0|32.0|15.0|151.5
A|15.0|151.5|6.5|160.0|8.5|0|1
L|6.5|160.0|0.0|160.0
L|0.0|160.0|0.0|0.0
#3532987	3568132	273538	0.00	0.00	180.00	180.00
L|0.0|0.0|180.0|0.0
L|180.0|0.0|180.0|7.0
A|180.0|7.0|171.0|16.0|9.0|0|1
L|171.0|16.0|34.0|16.0
A|34.0|16.0|16.0|34.0|18.0|0|0
L|16.0|34.0|16.0|171.0
A|16.0|171.0|7.0|180.0|9.0|0|1
L|7.0|180.0|0.0|180.0
L|0.0|180.0|0.0|0.0
#3532989	3568133	273538	0.00	0.00	180.00	180.00
L|0.0|0.0|180.0|0.0
L|180.0|0.0|180.0|9.0
A|180.0|9.0|171.0|18.0|9.0|0|1
L|171.0|18.0|36.0|18.0
A|36.0|18.0|18.0|36.0|18.0|0|0
L|18.0|36.0|18.0|171.0
A|18.0|171.0|9.0|180.0|9.0|0|1
L|9.0|180.0|0.0|180.0
L|0.0|180.0|0.0|0.0
#3532991	3568134	273538	0.00	0.00	200.00	200.00
L|0.0|0.0|200.0|0.0
L|200.0|0.0|200.0|7.0
A|200.0|7.0|191.0|16.0|9.0|0|1
L|191.0|16.0|34.0|16.0
A|34.0|16.0|16.0|34.0|18.0|0|0
L|16.0|34.0|16.0|191.0
A|16.0|191.0|7.0|200.0|9.0|0|1
L|7.0|200.0|0.0|200.0
L|0.0|200.0|0.0|0.0
#3532993	3568149	273538	0.00	0.00	200.00	200.00
L|0.0|0.0|200.0|0.0
L|200.0|0.0|200.0|9.0
A|200.0|9.0|191.0|18.0|9.0|0|1
L|191.0|18.0|36.0|18.0
A|36.0|18.0|18.0|36.0|18.0|0|0
L|18.0|36.0|18.0|191.0
A|18.0|191.0|9.0|200.0|9.0|0|1
L|9.0|200.0|0.0|200.0
L|0.0|200.0|0.0|0.0
#3532995	3568151	273538	0.00	0.00	200.00	200.00
L|0.0|0.0|200.0|0.0
L|200.0|0.0|200.0|11.0
A|200.0|11.0|191.0|20.0|9.0|0|1
L|191.0|20.0|38.0|20.0
A|38.0|20.0|20.0|38.0|18.0|0|0
L|20.0|38.0|20.0|191.0
A|20.0|191.0|11.0|200.0|9.0|0|1
L|11.0|200.0|0.0|200.0
L|0.0|200.0|0.0|0.0
#3532997	3568152	273538	0.00	0.00	200.00	200.00
L|0.0|0.0|200.0|0.0
L|200.0|0.0|200.0|15.0
A|200.0|15.0|191.0|24.0|9.0|0|1
L|191.0|24.0|42.0|24.0
A|42.0|24.0|24.0|42.0|18.0|0|0
L|24.0|42.0|24.0|191.0
A|24.0|191.0|15.0|200.0|9.0|0|1
L|15.0|200.0|0.0|200.0
L|0.0|200.0|0.0|0.0
#3532999	3568038	273538	0.00	0.00	30.00	50.00
L|0.0|0.0|30.0|0.0
L|30.0|0.0|30.0|1.5
A|30.0|1.5|27.5|4.0|2.5|0|1
L|27.5|4.0|9.0|4.0
A|9.0|4.0|4.0|9.0|5.0|0|0
L|4.0|9.0|4.0|47.5
A|4.0|47.5|1.5|50.0|2.5|0|1
L|1.5|50.0|0.0|50.0
L|0.0|50.0|0.0|0.0
#3533001	3568039	273538	0.00	0.00	30.00	50.00
L|0.0|0.0|30.0|0.0
L|30.0|0.0|30.0|2.5
A|30.0|2.5|27.5|5.0|2.5|0|1
L|27.5|5.0|10.0|5.0
A|10.0|5.0|5.0|10.0|5.0|0|0
L|5.0|10.0|5.0|47.5
A|5.0|47.5|2.5|50.0|2.5|0|1
L|2.5|50.0|0.0|50.0
L|0.0|50.0|0.0|0.0
#3533003	3568043	273538	0.00	0.00	30.00	60.00
L|0.0|0.0|30.0|0.0
L|30.0|0.0|30.0|2.0
A|30.0|2.0|27.0|5.0|3.0|0|1
L|27.0|5.0|11.0|5.0
A|11.0|5.0|5.0|11.0|6.0|0|0
L|5.0|11.0|5.0|57.0
A|5.0|57.0|2.0|60.0|3.0|0|1
L|2.0|60.0|0.0|60.0
L|0.0|60.0|0.0|0.0
#3533005	3568044	273538	0.00	0.00	40.00	60.00
L|0.0|0.0|40.0|0.0
L|40.0|0.0|40.0|2.0
A|40.0|2.0|37.0|5.0|3.0|0|1
L|37.0|5.0|11.0|5.0
A|11.0|5.0|5.0|11.0|6.0|0|0
L|5.0|11.0|5.0|57.0
A|5.0|57.0|2.0|60.0|3.0|0|1
L|2.0|60.0|0.0|60.0
L|0.0|60.0|0.0|0.0
#3533007	3568059	273538	0.00	0.00	40.00	60.00
L|0.0|0.0|40.0|0.0
L|40.0|0.0|40.0|3.0
A|40.0|3.0|37.0|6.0|3.0|0|1
L|37.0|6.0|12.0|6.0
A|12.0|6.0|6.0|12.0|6.0|0|0
L|6.0|12.0|6.0|57.0
A|6.0|57.0|3.0|60.0|3.0|0|1
L|3.0|60.0|0.0|60.0
L|0.0|60.0|0.0|0.0
#3533009	3568064	273538	0.00	0.00	50.00	75.00
L|0.0|0.0|50.0|0.0
L|50.0|0.0|50.0|3.5
A|50.0|3.5|46.5|7.0|3.5|0|1
L|46.5|7.0|14.0|7.0
A|14.0|7.0|7.0|14.0|7.0|0|0
L|7.0|14.0|7.0|71.5
A|7.0|71.5|3.5|75.0|3.5|0|1
L|3.5|75.0|0.0|75.0
L|0.0|75.0|0.0|0.0
#3533011	3568067	273538	0.00	0.00	40.00	80.00
L|0.0|0.0|40.0|0.0
L|40.0|0.0|40.0|2.5
A|40.0|2.5|36.5|6.0|3.5|0|1
L|36.5|6.0|13.0|6.0
A|13.0|6.0|6.0|13.0|7.0|0|0
L|6.0|13.0|6.0|76.5
A|6.0|76.5|2.5|80.0|3.5|0|1
L|2.5|80.0|0.0|80.0
L|0.0|80.0|0.0|0.0
#3533013	3568068	273538	0.00	0.00	40.00	80.00
L|0.0|0.0|40.0|0.0
L|40.0|0.0|40.0|4.5
A|40.0|4.5|36.5|8.0|3.5|0|1
L|36.5|8.0|15.0|8.0
A|15.0|8.0|8.0|15.0|7.0|0|0
L|8.0|15.0|8.0|76.5
A|8.0|76.5|4.5|80.0|3.5|0|1
L|4.5|80.0|0.0|80.0
L|0.0|80.0|0.0|0.0
#3533015	3568069	273538	0.00	0.00	60.00	80.00
L|0.0|0.0|60.0|0.0
L|60.0|0.0|60.0|3.0
A|60.0|3.0|56.0|7.0|4.0|0|1
L|56.0|7.0|15.0|7.0
A|15.0|7.0|7.0|15.0|8.0|0|0
L|7.0|15.0|7.0|76.0
A|7.0|76.0|3.0|80.0|4.0|0|1
L|3.0|80.0|0.0|80.0
L|0.0|80.0|0.0|0.0
#3533017	3568070	273538	0.00	0.00	65.00	80.00
L|0.0|0.0|65.0|0.0
L|65.0|0.0|65.0|4.0
A|65.0|4.0|61.0|8.0|4.0|0|1
L|61.0|8.0|16.0|8.0
A|16.0|8.0|8.0|16.0|8.0|0|0
L|8.0|16.0|8.0|76.0
A|8.0|76.0|4.0|80.0|4.0|0|1
L|4.0|80.0|0.0|80.0
L|0.0|80.0|0.0|0.0
#3533019	3568073	273538	0.00	0.00	60.00	90.00
L|0.0|0.0|60.0|0.0
L|60.0|0.0|60.0|4.5
A|60.0|4.5|56.5|8.0|3.5|0|1
L|56.5|8.0|15.0|8.0
A|15.0|8.0|8.0|15.0|7.0|0|0
L|8.0|15.0|8.0|86.5
A|8.0|86.5|4.5|90.0|3.5|0|1
L|4.5|90.0|0.0|90.0
L|0.0|90.0|0.0|0.0
#3533021	3568092	273538	0.00	0.00	50.00	100.00
L|0.0|0.0|50.0|0.0
L|50.0|0.0|50.0|1.5
A|50.0|1.5|45.5|6.0|4.5|0|1
L|45.5|6.0|15.0|6.0
A|15.0|6.0|6.0|15.0|9.0|0|0
L|6.0|15.0|6.0|95.5
A|6.0|95.5|1.5|100.0|4.5|0|1
L|1.5|100.0|0.0|100.0
L|0.0|100.0|0.0|0.0
#3533023	3568093	273538	0.00	0.00	50.00	100.00
L|0.0|0.0|50.0|0.0
L|50.0|0.0|50.0|3.5
A|50.0|3.5|45.5|8.0|4.5|0|1
L|45.5|8.0|17.0|8.0
A|17.0|8.0|8.0|17.0|9.0|0|0
L|8.0|17.0|8.0|95.5
A|8.0|95.5|3.5|100.0|4.5|0|1
L|3.5|100.0|0.0|100.0
L|0.0|100.0|0.0|0.0
#3533025	3568094	273538	0.00	0.00	65.00	100.00
L|0.0|0.0|65.0|0.0
L|65.0|0.0|65.0|4.0
A|65.0|4.0|60.0|9.0|5.0|0|1
L|60.0|9.0|19.0|9.0
A|19.0|9.0|9.0|19.0|10.0|0|0
L|9.0|19.0|9.0|95.0
A|9.0|95.0|4.0|100.0|5.0|0|1
L|4.0|100.0|0.0|100.0
L|0.0|100.0|0.0|0.0
#3533027	3568099	273538	0.00	0.00	80.00	120.00
L|0.0|0.0|80.0|0.0
L|80.0|0.0|80.0|2.5
A|80.0|2.5|74.5|8.0|5.5|0|1
L|74.5|8.0|19.0|8.0
A|19.0|8.0|8.0|19.0|11.0|0|0
L|8.0|19.0|8.0|114.5
A|8.0|114.5|2.5|120.0|5.5|0|1
L|2.5|120.0|0.0|120.0
L|0.0|120.0|0.0|0.0
#3533029	3568100	273538	0.00	0.00	80.00	120.00
L|0.0|0.0|80.0|0.0
L|80.0|0.0|80.0|4.5
A|80.0|4.5|74.5|10.0|5.5|0|1
L|74.5|10.0|21.0|10.0
A|21.0|10.0|10.0|21.0|11.0|0|0
L|10.0|21.0|10.0|114.5
A|10.0|114.5|4.5|120.0|5.5|0|1
L|4.5|120.0|0.0|120.0
L|0.0|120.0|0.0|0.0
#3533031	3568102	273538	0.00	0.00	65.00	130.00
L|0.0|0.0|65.0|0.0
L|65.0|0.0|65.0|2.5
A|65.0|2.5|59.5|8.0|5.5|0|1
L|59.5|8.0|19.0|8.0
A|19.0|8.0|8.0|19.0|11.0|0|0
L|8.0|19.0|8.0|124.5
A|8.0|124.5|2.5|130.0|5.5|0|1
L|2.5|130.0|0.0|130.0
L|0.0|130.0|0.0|0.0
#3533033	3568125	273538	0.00	0.00	75.00	150.00
L|0.0|0.0|75.0|0.0
L|75.0|0.0|75.0|3.5
A|75.0|3.5|69.5|9.0|5.5|0|1
L|69.5|9.0|20.0|9.0
A|20.0|9.0|9.0|20.0|11.0|0|0
L|9.0|20.0|9.0|144.5
A|9.0|144.5|3.5|150.0|5.5|0|1
L|3.5|150.0|0.0|150.0
L|0.0|150.0|0.0|0.0
#3533035	3568126	273538	0.00	0.00	75.00	150.00
L|0.0|0.0|75.0|0.0
L|75.0|0.0|75.0|5.5
A|75.0|5.5|69.5|11.0|5.5|0|1
L|69.5|11.0|22.0|11.0
A|22.0|11.0|11.0|22.0|11.0|0|0
L|11.0|22.0|11.0|144.5
A|11.0|144.5|5.5|150.0|5.5|0|1
L|5.5|150.0|0.0|150.0
L|0.0|150.0|0.0|0.0
#3533037	3568127	273538	0.00	0.00	100.00	150.00
L|0.0|0.0|100.0|0.0
L|100.0|0.0|100.0|3.5
A|100.0|3.5|93.5|10.0|6.5|0|1
L|93.5|10.0|23.0|10.0
A|23.0|10.0|10.0|23.0|13.0|0|0
L|10.0|23.0|10.0|143.5
A|10.0|143.5|3.5|150.0|6.5|0|1
L|3.5|150.0|0.0|150.0
L|0.0|150.0|0.0|0.0
#3533039	3568128	273538	0.00	0.00	100.00	150.00
L|0.0|0.0|100.0|0.0
L|100.0|0.0|100.0|5.5
A|100.0|5.5|93.5|12.0|6.5|0|1
L|93.5|12.0|25.0|12.0
A|25.0|12.0|12.0|25.0|13.0|0|0
L|12.0|25.0|12.0|143.5
A|12.0|143.5|5.5|150.0|6.5|0|1
L|5.5|150.0|0.0|150.0
L|0.0|150.0|0.0|0.0
#3533041	3568130	273538	0.00	0.00	80.00	160.00
L|0.0|0.0|80.0|0.0
L|80.0|0.0|80.0|3.5
A|80.0|3.5|73.5|10.0|6.5|0|1
L|73.5|10.0|23.0|10.0
A|23.0|10.0|10.0|23.0|13.0|0|0
L|10.0|23.0|10.0|153.5
A|10.0|153.5|3.5|160.0|6.5|0|1
L|3.5|160.0|0.0|160.0
L|0.0|160.0|0.0|0.0
#3533043	3568131	273538	0.00	0.00	80.00	160.00
L|0.0|0.0|80.0|0.0
L|80.0|0.0|80.0|5.5
A|80.0|5.5|73.5|12.0|6.5|0|1
L|73.5|12.0|25.0|12.0
A|25.0|12.0|12.0|25.0|13.0|0|0
L|12.0|25.0|12.0|153.5
A|12.0|153.5|5.5|160.0|6.5|0|1
L|5.5|160.0|0.0|160.0
L|0.0|160.0|0.0|0.0
#3533045	3568153	273538	0.00	0.00	100.00	200.00
L|0.0|0.0|100.0|0.0
L|100.0|0.0|100.0|2.5
A|100.0|2.5|92.5|10.0|7.5|0|1
L|92.5|10.0|25.0|10.0
A|25.0|10.0|10.0|25.0|15.0|0|0
L|10.0|25.0|10.0|192.5
A|10.0|192.5|2.5|200.0|7.5|0|1
L|2.5|200.0|0.0|200.0
L|0.0|200.0|0.0|0.0
#3533047	3568154	273538	0.00	0.00	100.00	200.00
L|0.0|0.0|100.0|0.0
L|100.0|0.0|100.0|4.5
A|100.0|4.5|92.5|12.0|7.5|0|1
L|92.5|12.0|27.0|12.0
A|27.0|12.0|12.0|27.0|15.0|0|0
L|12.0|27.0|12.0|192.5
A|12.0|192.5|4.5|200.0|7.5|0|1
L|4.5|200.0|0.0|200.0
L|0.0|200.0|0.0|0.0
#3533049	3568155	273538	0.00	0.00	100.00	200.00
L|0.0|0.0|100.0|0.0
L|100.0|0.0|100.0|6.5
A|100.0|6.5|92.5|14.0|7.5|0|1
L|92.5|14.0|29.0|14.0
A|29.0|14.0|14.0|29.0|15.0|0|0
L|14.0|29.0|14.0|192.5
A|14.0|192.5|6.5|200.0|7.5|0|1
L|6.5|200.0|0.0|200.0
L|0.0|200.0|0.0|0.0
#3533051	3568103	273538	0.00	0.00	65.00	130.00
L|0.0|0.0|65.0|0.0
L|65.0|0.0|65.0|4.5
A|65.0|4.5|59.5|10.0|5.5|0|1
L|59.5|10.0|21.0|10.0
A|21.0|10.0|10.0|21.0|11.0|0|0
L|10.0|21.0|10.0|124.5
A|10.0|124.5|4.5|130.0|5.5|0|1
L|4.5|130.0|0.0|130.0
L|0.0|130.0|0.0|0.0
#3533636	3568961	273538	-25.00	-9.32	25.00	90.68
L|-25.0|-9.32|25.0|-9.32
L|25.0|-9.32|25.0|-4.25
L|25.0|-4.25|12.63|-2.52
L|12.63|-2.52|5.59|-1.53
A|5.59|-1.53|2.25|2.81|4.5|0|0
L|2.25|2.81|2.25|78.52
A|2.25|78.52|6.04|82.96|4.5|0|0
L|6.04|82.96|12.63|83.88
L|12.63|83.88|25.0|85.61
L|25.0|85.61|25.0|90.68
L|25.0|90.68|-25.0|90.68
L|-25.0|90.68|-25.0|85.61
L|-25.0|85.61|-12.63|83.88
L|-12.63|83.88|-4.58|82.76
A|-4.58|82.76|-2.25|78.81|4.5|0|0
L|-2.25|78.81|-2.25|2.51
A|-2.25|2.51|-4.49|-1.38|4.5|0|0
L|-4.49|-1.38|-12.63|-2.52
L|-12.63|-2.52|-25.0|-4.25
L|-25.0|-4.25|-25.0|-9.32
#3533638	3568960	273538	-27.00	-14.32	27.00	95.68
L|-27.0|-14.32|27.0|-14.32
L|27.0|-14.32|27.0|-8.99
L|27.0|-8.99|13.63|-7.12
L|13.63|-7.12|6.25|-6.08
A|6.25|-6.08|2.4|-1.38|4.8|0|0
L|2.4|-1.38|2.4|82.75
A|2.4|82.75|6.19|87.44|4.8|0|0
L|6.19|87.44|13.63|88.48
L|13.63|88.48|27.0|90.35
L|27.0|90.35|27.0|95.68
L|27.0|95.68|-27.0|95.68
L|-27.0|95.68|-27.0|90.35
L|-27.0|90.35|-13.63|88.48
L|-13.63|88.48|-4.73|87.24
A|-4.73|87.24|-2.4|83.12|4.8|0|0
L|-2.4|83.12|-2.4|-1.8
A|-2.4|-1.8|-4.64|-5.86|4.8|0|0
L|-4.64|-5.86|-13.63|-7.12
L|-13.63|-7.12|-27.0|-8.99
L|-27.0|-8.99|-27.0|-14.32
#3533640	3568959	273538	-29.00	-19.32	29.00	100.68
L|-29.0|-19.32|29.0|-19.32
L|29.0|-19.32|29.0|-13.63
L|29.0|-13.63|14.63|-11.62
L|14.63|-11.62|6.91|-10.54
A|6.91|-10.54|2.55|-5.49|5.1|0|0
L|2.55|-5.49|2.55|86.89
A|2.55|86.89|6.34|91.82|5.1|0|0
L|6.34|91.82|14.63|92.98
L|14.63|92.98|29.0|94.99
L|29.0|94.99|29.0|100.68
L|29.0|100.68|-29.0|100.68
L|-29.0|100.68|-29.0|94.99
L|-29.0|94.99|-14.63|92.98
L|-14.63|92.98|-4.88|91.62
A|-4.88|91.62|-2.55|87.33|5.1|0|0
L|-2.55|87.33|-2.55|-6.02
A|-2.55|-6.02|-4.79|-10.24|5.1|0|0
L|-4.79|-10.24|-14.63|-11.62
L|-14.63|-11.62|-29.0|-13.63
L|-29.0|-13.63|-29.0|-19.32
#3533642	3568958	273538	-31.00	-24.32	31.00	105.68
L|-31.0|-24.32|31.0|-24.32
L|31.0|-24.32|31.0|-18.37
L|31.0|-18.37|15.63|-16.22
L|15.63|-16.22|7.13|-15.03
A|7.13|-15.03|2.7|-9.72|5.4|0|0
L|2.7|-9.72|2.7|91.15
A|2.7|91.15|6.49|96.3|5.4|0|0
L|6.49|96.3|15.63|97.58
L|15.63|97.58|31.0|99.73
L|31.0|99.73|31.0|105.68
L|31.0|105.68|-31.0|105.68
L|-31.0|105.68|-31.0|99.73
L|-31.0|99.73|-15.63|97.58
L|-15.63|97.58|-5.03|96.1
A|-5.03|96.1|-2.7|91.66|5.4|0|0
L|-2.7|91.66|-2.7|-10.34
A|-2.7|-10.34|-4.94|-14.72|5.4|0|0
L|-4.94|-14.72|-15.63|-16.22
L|-15.63|-16.22|-31.0|-18.37
L|-31.0|-18.37|-31.0|-24.32
#3533644	3568957	273538	-33.00	-29.32	33.00	110.68
L|-33.0|-29.32|33.0|-29.32
L|33.0|-29.32|33.0|-23.01
L|33.0|-23.01|16.63|-20.72
L|16.63|-20.72|7.28|-19.41
A|7.28|-19.41|2.85|-13.85|5.7|0|0
L|2.85|-13.85|2.85|95.31
A|2.85|95.31|6.64|100.68|5.7|0|0
L|6.64|100.68|16.63|102.08
L|16.63|102.08|33.0|104.37
L|33.0|104.37|33.0|110.68
L|33.0|110.68|-33.0|110.68
L|-33.0|110.68|-33.0|104.37
L|-33.0|104.37|-16.63|102.08
L|-16.63|102.08|-5.18|100.48
A|-5.18|100.48|-2.85|95.88|5.7|0|0
L|-2.85|95.88|-2.85|-14.57
A|-2.85|-14.57|-5.09|-19.1|5.7|0|0
L|-5.09|-19.1|-16.63|-20.72
L|-16.63|-20.72|-33.0|-23.01
L|-33.0|-23.01|-33.0|-29.32
#3533646	3568956	273538	-35.00	-34.32	35.00	115.68
L|-35.0|-34.32|35.0|-34.32
L|35.0|-34.32|35.0|-27.75
L|35.0|-27.75|17.63|-25.32
L|17.63|-25.32|7.43|-23.89
A|7.43|-23.89|3.0|-18.1|6.0|0|0
L|3.0|-18.1|3.0|99.58
A|3.0|99.58|6.79|105.16|6.0|0|0
L|6.79|105.16|17.63|106.68
L|17.63|106.68|35.0|109.11
L|35.0|109.11|35.0|115.68
L|35.0|115.68|-35.0|115.68
L|-35.0|115.68|-35.0|109.11
L|-35.0|109.11|-17.63|106.68
L|-17.63|106.68|-5.33|104.96
A|-5.33|104.96|-3.0|100.21|6.0|0|0
L|-3.0|100.21|-3.0|-18.91
A|-3.0|-18.91|-5.24|-23.58|6.0|0|0
L|-5.24|-23.58|-17.63|-25.32
L|-17.63|-25.32|-35.0|-27.75
L|-35.0|-27.75|-35.0|-34.32
#3533648	3568955	273538	-37.00	-39.32	37.00	120.68
L|-37.0|-39.32|37.0|-39.32
L|37.0|-39.32|37.0|-32.39
L|37.0|-32.39|18.63|-29.82
L|18.63|-29.82|7.58|-28.27
A|7.58|-28.27|3.15|-22.26|6.3|0|0
L|3.15|-22.26|3.15|103.76
A|3.15|103.76|6.94|109.55|6.3|0|0
L|6.94|109.55|18.63|111.18
L|18.63|111.18|37.0|113.75
L|37.0|113.75|37.0|120.68
L|37.0|120.68|-37.0|120.68
L|-37.0|120.68|-37.0|113.75
L|-37.0|113.75|-18.63|111.18
L|-18.63|111.18|-5.48|109.34
A|-5.48|109.34|-3.15|104.45|6.3|0|0
L|-3.15|104.45|-3.15|-23.15
A|-3.15|-23.15|-5.39|-27.96|6.3|0|0
L|-5.39|-27.96|-18.63|-29.82
L|-18.63|-29.82|-37.0|-32.39
L|-37.0|-32.39|-37.0|-39.32
#3533650	3568954	273538	-39.00	-44.32	39.00	125.68
L|-39.0|-44.32|39.0|-44.32
L|39.0|-44.32|39.0|-37.13
L|39.0|-37.13|19.63|-34.42
L|19.63|-34.42|7.73|-32.75
A|7.73|-32.75|3.3|-26.52|6.6|0|0
L|3.3|-26.52|3.3|108.05
A|3.3|108.05|7.09|114.03|6.6|0|0
L|7.09|114.03|19.63|115.78
L|19.63|115.78|39.0|118.49
L|39.0|118.49|39.0|125.68
L|39.0|125.68|-39.0|125.68
L|-39.0|125.68|-39.0|118.49
L|-39.0|118.49|-19.63|115.78
L|-19.63|115.78|-5.63|113.82
A|-5.63|113.82|-3.3|108.79|6.6|0|0
L|-3.3|108.79|-3.3|-27.49
A|-3.3|-27.49|-5.54|-32.45|6.6|0|0
L|-5.54|-32.45|-19.63|-34.42
L|-19.63|-34.42|-39.0|-37.13
L|-39.0|-37.13|-39.0|-44.32
#3533652	3568919	273538	-100.00	-234.32	100.00	315.68
L|-100.0|-234.32|100.0|-234.32
L|100.0|-234.32|100.0|-211.3
L|100.0|-211.3|50.13|-204.32
L|50.13|-204.32|13.93|-199.25
A|13.93|-199.25|9.5|-187.06|19.0|0|0
L|9.5|-187.06|9.5|269.13
A|9.5|269.13|13.29|280.52|19.0|0|0
L|13.29|280.52|50.13|285.68
L|50.13|285.68|100.0|292.66
L|100.0|292.66|100.0|315.68
L|100.0|315.68|-100.0|315.68
L|-100.0|315.68|-100.0|292.66
L|-100.0|292.66|-50.13|285.68
L|-50.13|285.68|-11.83|280.32
A|-11.83|280.32|-9.5|271.2|19.0|0|0
L|-9.5|271.2|-9.5|-189.99
A|-9.5|-189.99|-11.74|-198.94|19.0|0|0
L|-11.74|-198.94|-50.13|-204.32
L|-50.13|-204.32|-100.0|-211.3
L|-100.0|-211.3|-100.0|-234.32
#3533654	3568920	273538	-92.50	-209.32	92.50	290.68
L|-92.5|-209.32|92.5|-209.32
L|92.5|-209.32|92.5|-188.78
L|92.5|-188.78|46.38|-182.32
L|46.38|-182.32|13.43|-177.7
A|13.43|-177.7|9.0|-165.88|18.0|0|0
L|9.0|-165.88|9.0|247.92
A|9.0|247.92|12.79|258.98|18.0|0|0
L|12.79|258.98|46.38|263.68
L|46.38|263.68|92.5|270.14
L|92.5|270.14|92.5|290.68
L|92.5|290.68|-92.5|290.68
L|-92.5|290.68|-92.5|270.14
L|-92.5|270.14|-46.38|263.68
L|-46.38|263.68|-11.33|258.77
A|-11.33|258.77|-9.0|249.92|18.0|0|0
L|-9.0|249.92|-9.0|-168.7
A|-9.0|-168.7|-11.24|-177.4|18.0|0|0
L|-11.24|-177.4|-46.38|-182.32
L|-46.38|-182.32|-92.5|-188.78
L|-92.5|-188.78|-92.5|-209.32
#3533656	3568921	273538	-89.00	-196.82	89.00	278.18
L|-89.0|-196.82|89.0|-196.82
L|89.0|-196.82|89.0|-177.43
L|89.0|-177.43|44.63|-171.22
L|44.63|-171.22|12.98|-166.79
A|12.98|-166.79|8.55|-155.31|17.1|0|0
L|8.55|-155.31|8.55|237.32
A|8.55|237.32|12.34|248.06|17.1|0|0
L|12.34|248.06|44.63|252.58
L|44.63|252.58|89.0|258.79
L|89.0|258.79|89.0|278.18
L|89.0|278.18|-89.0|278.18
L|-89.0|278.18|-89.0|258.79
L|-89.0|258.79|-44.63|252.58
L|-44.63|252.58|-10.88|247.86
A|-10.88|247.86|-8.55|239.24|17.1|0|0
L|-8.55|239.24|-8.55|-158.01
A|-8.55|-158.01|-10.79|-166.48|17.1|0|0
L|-10.79|-166.48|-44.63|-171.22
L|-44.63|-171.22|-89.0|-177.43
L|-89.0|-177.43|-89.0|-196.82
#3533658	3568922	273538	-85.00	-184.32	85.00	265.68
L|-85.0|-184.32|85.0|-184.32
L|85.0|-184.32|85.0|-165.95
L|85.0|-165.95|42.63|-160.02
L|42.63|-160.02|12.53|-155.8
A|12.53|-155.8|8.1|-144.68|16.2|0|0
L|8.1|-144.68|8.1|226.66
A|8.1|226.66|11.89|237.08|16.2|0|0
L|11.89|237.08|42.63|241.38
L|42.63|241.38|85.0|247.31
L|85.0|247.31|85.0|265.68
L|85.0|265.68|-85.0|265.68
L|-85.0|265.68|-85.0|247.31
L|-85.0|247.31|-42.63|241.38
L|-42.63|241.38|-10.43|236.87
A|-10.43|236.87|-8.1|228.5|16.2|0|0
L|-8.1|228.5|-8.1|-147.27
A|-8.1|-147.27|-10.34|-155.5|16.2|0|0
L|-10.34|-155.5|-42.63|-160.02
L|-42.63|-160.02|-85.0|-165.95
L|-85.0|-165.95|-85.0|-184.32
#3533660	3568923	273538	-81.50	-171.82	81.50	253.18
L|-81.5|-171.82|81.5|-171.82
L|81.5|-171.82|81.5|-154.51
L|81.5|-154.51|40.88|-148.82
L|40.88|-148.82|12.08|-144.79
A|12.08|-144.79|7.65|-134.02|15.3|0|0
L|7.65|-134.02|7.65|215.97
A|7.65|215.97|11.44|226.06|15.3|0|0
L|11.44|226.06|40.88|230.18
L|40.88|230.18|81.5|235.87
L|81.5|235.87|81.5|253.18
L|81.5|253.18|-81.5|253.18
L|-81.5|253.18|-81.5|235.87
L|-81.5|235.87|-40.88|230.18
L|-40.88|230.18|-9.98|225.86
A|-9.98|225.86|-7.65|217.74|15.3|0|0
L|-7.65|217.74|-7.65|-136.5
A|-7.65|-136.5|-9.89|-144.48|15.3|0|0
L|-9.89|-144.48|-40.88|-148.82
L|-40.88|-148.82|-81.5|-154.51
L|-81.5|-154.51|-81.5|-171.82
#3533662	3568924	273538	-77.50	-159.32	77.50	240.68
L|-77.5|-159.32|77.5|-159.32
L|77.5|-159.32|77.5|-143.13
L|77.5|-143.13|38.88|-137.72
L|38.88|-137.72|11.63|-133.9
A|11.63|-133.9|7.2|-123.52|14.4|0|0
L|7.2|-123.52|7.2|205.44
A|7.2|205.44|10.99|215.18|14.4|0|0
L|10.99|215.18|38.88|219.08
L|38.88|219.08|77.5|224.49
L|77.5|224.49|77.5|240.68
L|77.5|240.68|-77.5|240.68
L|-77.5|240.68|-77.5|224.49
L|-77.5|224.49|-38.88|219.08
L|-38.88|219.08|-9.53|214.97
A|-9.53|214.97|-7.2|207.12|14.4|0|0
L|-7.2|207.12|-7.2|-125.88
A|-7.2|-125.88|-9.44|-133.6|14.4|0|0
L|-9.44|-133.6|-38.88|-137.72
L|-38.88|-137.72|-77.5|-143.13
L|-77.5|-143.13|-77.5|-159.32
#3533664	3568925	273538	-74.50	-149.32	74.50	230.68
L|-74.5|-149.32|74.5|-149.32
L|74.5|-149.32|74.5|-134.02
L|74.5|-134.02|37.38|-128.82
L|37.38|-128.82|11.28|-125.16
A|11.28|-125.16|6.85|-115.08|13.7|0|0
L|6.85|-115.08|6.85|196.97
A|6.85|196.97|10.64|206.44|13.7|0|0
L|10.64|206.44|37.38|210.18
L|37.38|210.18|74.5|215.38
L|74.5|215.38|74.5|230.68
L|74.5|230.68|-74.5|230.68
L|-74.5|230.68|-74.5|215.38
L|-74.5|215.38|-37.38|210.18
L|-37.38|210.18|-9.18|206.23
A|-9.18|206.23|-6.85|198.59|13.7|0|0
L|-6.85|198.59|-6.85|-117.35
A|-6.85|-117.35|-9.09|-124.86|13.7|0|0
L|-9.09|-124.86|-37.38|-128.82
L|-37.38|-128.82|-74.5|-134.02
L|-74.5|-134.02|-74.5|-149.32
#3533666	3568926	273538	-71.50	-139.32	71.50	220.68
L|-71.5|-139.32|71.5|-139.32
L|71.5|-139.32|71.5|-124.81
L|71.5|-124.81|35.88|-119.82
L|35.88|-119.82|10.93|-116.32
A|10.93|-116.32|6.5|-106.55|13.0|0|0
L|6.5|-106.55|6.5|188.42
A|6.5|188.42|10.29|197.6|13.0|0|0
L|10.29|197.6|35.88|201.18
L|35.88|201.18|71.5|206.17
L|71.5|206.17|71.5|220.68
L|71.5|220.68|-71.5|220.68
L|-71.5|220.68|-71.5|206.17
L|-71.5|206.17|-35.88|201.18
L|-35.88|201.18|-8.83|197.39
A|-8.83|197.39|-6.5|189.97|13.0|0|0
L|-6.5|189.97|-6.5|-108.72
A|-6.5|-108.72|-8.74|-116.02|13.0|0|0
L|-8.74|-116.02|-35.88|-119.82
L|-35.88|-119.82|-71.5|-124.81
L|-71.5|-124.81|-71.5|-139.32
#3533668	3568927	273538	-68.50	-129.32	68.50	210.68
L|-68.5|-129.32|68.5|-129.32
L|68.5|-129.32|68.5|-115.8
L|68.5|-115.8|34.38|-111.02
L|34.38|-111.02|10.53|-107.68
A|10.53|-107.68|6.1|-98.28|12.2|0|0
L|6.1|-98.28|6.1|180.11
A|6.1|180.11|9.89|188.95|12.2|0|0
L|9.89|188.95|34.38|192.38
L|34.38|192.38|68.5|197.16
L|68.5|197.16|68.5|210.68
L|68.5|210.68|-68.5|210.68
L|-68.5|210.68|-68.5|197.16
L|-68.5|197.16|-34.38|192.38
L|-34.38|192.38|-8.43|188.75
A|-8.43|188.75|-6.1|181.58|12.2|0|0
L|-6.1|181.58|-6.1|-100.32
A|-6.1|-100.32|-8.34|-107.37|12.2|0|0
L|-8.34|-107.37|-34.38|-111.02
L|-34.38|-111.02|-68.5|-115.8
L|-68.5|-115.8|-68.5|-129.32
#3533670	3568928	273538	-65.50	-119.32	65.50	200.68
L|-65.5|-119.32|65.5|-119.32
L|65.5|-119.32|65.5|-106.59
L|65.5|-106.59|32.88|-102.02
L|32.88|-102.02|10.18|-98.84
A|10.18|-98.84|5.75|-89.77|11.5|0|0
L|5.75|-89.77|5.75|171.58
A|5.75|171.58|9.54|180.11|11.5|0|0
L|9.54|180.11|32.88|183.38
L|32.88|183.38|65.5|187.95
L|65.5|187.95|65.5|200.68
L|65.5|200.68|-65.5|200.68
L|-65.5|200.68|-65.5|187.95
L|-65.5|187.95|-32.88|183.38
L|-32.88|183.38|-8.08|179.91
A|-8.08|179.91|-5.75|172.97|11.5|0|0
L|-5.75|172.97|-5.75|-91.71
A|-5.75|-91.71|-7.99|-98.53|11.5|0|0
L|-7.99|-98.53|-32.88|-102.02
L|-32.88|-102.02|-65.5|-106.59
L|-65.5|-106.59|-65.5|-119.32
#3533672	3568929	273538	-62.50	-109.32	62.50	190.68
L|-62.5|-109.32|62.5|-109.32
L|62.5|-109.32|62.5|-97.48
L|62.5|-97.48|31.38|-93.12
L|31.38|-93.12|9.83|-90.1
A|9.83|-90.1|5.4|-81.38|10.8|0|0
L|5.4|-81.38|5.4|163.16
A|5.4|163.16|9.19|171.38|10.8|0|0
L|9.19|171.38|31.38|174.48
L|31.38|174.48|62.5|178.84
L|62.5|178.84|62.5|190.68
L|62.5|190.68|-62.5|190.68
L|-62.5|190.68|-62.5|178.84
L|-62.5|178.84|-31.38|174.48
L|-31.38|174.48|-7.73|171.17
A|-7.73|171.17|-5.4|164.47|10.8|0|0
L|-5.4|164.47|-5.4|-83.21
A|-5.4|-83.21|-7.64|-89.79|10.8|0|0
L|-7.64|-89.79|-31.38|-93.12
L|-31.38|-93.12|-62.5|-97.48
L|-62.5|-97.48|-62.5|-109.32
#3533674	3568930	273538	-61.00	-104.32	61.00	185.68
L|-61.0|-104.32|61.0|-104.32
L|61.0|-104.32|61.0|-92.87
L|61.0|-92.87|30.63|-88.62
L|30.63|-88.62|9.63|-85.68
A|9.63|-85.68|5.2|-77.16|10.4|0|0
L|5.2|-77.16|5.2|158.92
A|5.2|158.92|8.99|166.95|10.4|0|0
L|8.99|166.95|30.63|169.98
L|30.63|169.98|61.0|174.23
L|61.0|174.23|61.0|185.68
L|61.0|185.68|-61.0|185.68
L|-61.0|185.68|-61.0|174.23
L|-61.0|174.23|-30.63|169.98
L|-30.63|169.98|-7.53|166.75
A|-7.53|166.75|-5.2|160.19|10.4|0|0
L|-5.2|160.19|-5.2|-78.92
A|-5.2|-78.92|-7.44|-85.37|10.4|0|0
L|-7.44|-85.37|-30.63|-88.62
L|-30.63|-88.62|-61.0|-92.87
L|-61.0|-92.87|-61.0|-104.32
#3533676	3568931	273538	-59.50	-99.32	59.50	180.68
L|-59.5|-99.32|59.5|-99.32
L|59.5|-99.32|59.5|-88.27
L|59.5|-88.27|29.88|-84.12
L|29.88|-84.12|9.48|-81.26
A|9.48|-81.26|5.05|-72.91|10.1|0|0
L|5.05|-72.91|5.05|154.65
A|5.05|154.65|8.84|162.54|10.1|0|0
L|8.84|162.54|29.88|165.48
L|29.88|165.48|59.5|169.63
L|59.5|169.63|59.5|180.68
L|59.5|180.68|-59.5|180.68
L|-59.5|180.68|-59.5|169.63
L|-59.5|169.63|-29.88|165.48
L|-29.88|165.48|-7.38|162.33
A|-7.38|162.33|-5.05|155.88|10.1|0|0
L|-5.05|155.88|-5.05|-74.61
A|-5.05|-74.61|-7.29|-80.96|10.1|0|0
L|-7.29|-80.96|-29.88|-84.12
L|-29.88|-84.12|-59.5|-88.27
L|-59.5|-88.27|-59.5|-99.32
#3533678	3568932	273538	-58.00	-94.32	58.00	175.68
L|-58.0|-94.32|58.0|-94.32
L|58.0|-94.32|58.0|-83.66
L|58.0|-83.66|29.13|-79.62
L|29.13|-79.62|9.28|-76.84
A|9.28|-76.84|4.85|-68.7|9.7|0|0
L|4.85|-68.7|4.85|150.42
A|4.85|150.42|8.64|158.11|9.7|0|0
L|8.64|158.11|29.13|160.98
L|29.13|160.98|58.0|165.02
L|58.0|165.02|58.0|175.68
L|58.0|175.68|-58.0|175.68
L|-58.0|175.68|-58.0|165.02
L|-58.0|165.02|-29.13|160.98
L|-29.13|160.98|-7.18|157.91
A|-7.18|157.91|-4.85|151.6|9.7|0|0
L|-4.85|151.6|-4.85|-70.33
A|-4.85|-70.33|-7.09|-76.53|9.7|0|0
L|-7.09|-76.53|-29.13|-79.62
L|-29.13|-79.62|-58.0|-83.66
L|-58.0|-83.66|-58.0|-94.32
#3533680	3568933	273538	-56.50	-89.32	56.50	170.68
L|-56.5|-89.32|56.5|-89.32
L|56.5|-89.32|56.5|-79.16
L|56.5|-79.16|28.38|-75.22
L|28.38|-75.22|9.13|-72.52
A|9.13|-72.52|4.7|-64.55|9.4|0|0
L|4.7|-64.55|4.7|146.25
A|4.7|146.25|8.49|153.8|9.4|0|0
L|8.49|153.8|28.38|156.58
L|28.38|156.58|56.5|160.52
L|56.5|160.52|56.5|170.68
L|56.5|170.68|-56.5|170.68
L|-56.5|170.68|-56.5|160.52
L|-56.5|160.52|-28.38|156.58
L|-28.38|156.58|-7.03|153.59
A|-7.03|153.59|-4.7|147.4|9.4|0|0
L|-4.7|147.4|-4.7|-66.12
A|-4.7|-66.12|-6.94|-72.22|9.4|0|0
L|-6.94|-72.22|-28.38|-75.22
L|-28.38|-75.22|-56.5|-79.16
L|-56.5|-79.16|-56.5|-89.32
#3533682	3568949	273538	-55.00	-84.32	55.00	165.68
L|-55.0|-84.32|55.0|-84.32
L|55.0|-84.32|55.0|-74.55
L|55.0|-74.55|27.63|-70.72
L|27.63|-70.72|8.93|-68.1
A|8.93|-68.1|4.5|-60.35|9.0|0|0
L|4.5|-60.35|4.5|142.03
A|4.5|142.03|8.29|149.37|9.0|0|0
L|8.29|149.37|27.63|152.08
L|27.63|152.08|55.0|155.91
L|55.0|155.91|55.0|165.68
L|55.0|165.68|-55.0|165.68
L|-55.0|165.68|-55.0|155.91
L|-55.0|155.91|-27.63|152.08
L|-27.63|152.08|-6.83|149.17
A|-6.83|149.17|-4.5|143.13|9.0|0|0
L|-4.5|143.13|-4.5|-61.85
A|-4.5|-61.85|-6.74|-67.79|9.0|0|0
L|-6.74|-67.79|-27.63|-70.72
L|-27.63|-70.72|-55.0|-74.55
L|-55.0|-74.55|-55.0|-84.32
#3533684	3568950	273538	-53.00	-79.32	53.00	160.68
L|-53.0|-79.32|53.0|-79.32
L|53.0|-79.32|53.0|-69.91
L|53.0|-69.91|26.63|-66.22
L|26.63|-66.22|8.78|-63.72
A|8.78|-63.72|4.35|-56.14|8.7|0|0
L|4.35|-56.14|4.35|137.81
A|4.35|137.81|8.14|144.99|8.7|0|0
L|8.14|144.99|26.63|147.58
L|26.63|147.58|53.0|151.27
L|53.0|151.27|53.0|160.68
L|53.0|160.68|-53.0|160.68
L|-53.0|160.68|-53.0|151.27
L|-53.0|151.27|-26.63|147.58
L|-26.63|147.58|-6.68|144.79
A|-6.68|144.79|-4.35|138.86|8.7|0|0
L|-4.35|138.86|-4.35|-57.58
A|-4.35|-57.58|-6.59|-63.41|8.7|0|0
L|-6.59|-63.41|-26.63|-66.22
L|-26.63|-66.22|-53.0|-69.91
L|-53.0|-69.91|-53.0|-79.32
#3533686	3568951	273538	-49.00	-69.32	49.00	150.68
L|-49.0|-69.32|49.0|-69.32
L|49.0|-69.32|49.0|-60.53
L|49.0|-60.53|24.63|-57.12
L|24.63|-57.12|8.48|-54.86
A|8.48|-54.86|4.05|-47.64|8.1|0|0
L|4.05|-47.64|4.05|129.27
A|4.05|129.27|7.84|136.13|8.1|0|0
L|7.84|136.13|24.63|138.48
L|24.63|138.48|49.0|141.89
L|49.0|141.89|49.0|150.68
L|49.0|150.68|-49.0|150.68
L|-49.0|150.68|-49.0|141.89
L|-49.0|141.89|-24.63|138.48
L|-24.63|138.48|-6.38|135.93
A|-6.38|135.93|-4.05|130.24|8.1|0|0
L|-4.05|130.24|-4.05|-48.96
A|-4.05|-48.96|-6.29|-54.55|8.1|0|0
L|-6.29|-54.55|-24.63|-57.12
L|-24.63|-57.12|-49.0|-60.53
L|-49.0|-60.53|-49.0|-69.32
#3533688	3568952	273538	-45.00	-59.32	45.00	140.68
L|-45.0|-59.32|45.0|-59.32
L|45.0|-59.32|45.0|-51.15
L|45.0|-51.15|22.63|-48.02
L|22.63|-48.02|8.18|-45.99
A|8.18|-45.99|3.75|-39.15|7.5|0|0
L|3.75|-39.15|3.75|120.75
A|3.75|120.75|7.54|127.27|7.5|0|0
L|7.54|127.27|22.63|129.38
L|22.63|129.38|45.0|132.51
L|45.0|132.51|45.0|140.68
L|45.0|140.68|-45.0|140.68
L|-45.0|140.68|-45.0|132.51
L|-45.0|132.51|-22.63|129.38
L|-22.63|129.38|-6.08|127.07
A|-6.08|127.07|-3.75|121.63|7.5|0|0
L|-3.75|121.63|-3.75|-40.34
A|-3.75|-40.34|-5.99|-45.69|7.5|0|0
L|-5.99|-45.69|-22.63|-48.02
L|-22.63|-48.02|-45.0|-51.15
L|-45.0|-51.15|-45.0|-59.32
#3533690	3568953	273538	-41.00	-49.32	41.00	130.68
L|-41.0|-49.32|41.0|-49.32
L|41.0|-49.32|41.0|-41.77
L|41.0|-41.77|20.63|-38.92
L|20.63|-38.92|7.88|-37.13
A|7.88|-37.13|3.45|-30.69|6.9|0|0
L|3.45|-30.69|3.45|112.25
A|3.45|112.25|7.24|118.41|6.9|0|0
L|7.24|118.41|20.63|120.28
L|20.63|120.28|41.0|123.13
L|41.0|123.13|41.0|130.68
L|41.0|130.68|-41.0|130.68
L|-41.0|130.68|-41.0|123.13
L|-41.0|123.13|-20.63|120.28
L|-20.63|120.28|-5.78|118.2
A|-5.78|118.2|-3.45|113.03|6.9|0|0
L|-3.45|113.03|-3.45|-31.74
A|-3.45|-31.74|-5.69|-36.83|6.9|0|0
L|-5.69|-36.83|-20.63|-38.92
L|-20.63|-38.92|-41.0|-41.77
L|-41.0|-41.77|-41.0|-49.32
#3534288	3568515	273538	0.00	-40.00	50.00	40.00
L|0.0|-40.0|50.0|-40.0
L|50.0|-40.0|50.0|-32.0
L|50.0|-32.0|12.0|-32.0
A|12.0|-32.0|4.0|-24.0|8.0|0|0
L|4.0|-24.0|4.0|24.0
A|4.0|24.0|12.0|32.0|8.0|0|0
L|12.0|32.0|50.0|32.0
L|50.0|32.0|50.0|40.0
L|50.0|40.0|0.0|40.0
L|0.0|40.0|0.0|-40.0
#3534290	3568489	273538	0.00	-50.00	55.00	50.00
L|0.0|-50.0|55.0|-50.0
L|55.0|-50.0|55.0|-35.5
L|55.0|-35.5|14.5|-35.5
A|14.5|-35.5|4.5|-25.5|10.0|0|0
L|4.5|-25.5|4.5|25.5
A|4.5|25.5|14.5|35.5|10.0|0|0
L|14.5|35.5|55.0|35.5
L|55.0|35.5|55.0|50.0
L|55.0|50.0|0.0|50.0
L|0.0|50.0|0.0|-50.0
#3534292	3568491	273538	0.00	-60.00	60.00	60.00
L|0.0|-60.0|60.0|-60.0
L|60.0|-60.0|60.0|-45.5
L|60.0|-45.5|17.0|-45.5
A|17.0|-45.5|5.0|-33.5|12.0|0|0
L|5.0|-33.5|5.0|33.5
A|5.0|33.5|17.0|45.5|12.0|0|0
L|17.0|45.5|60.0|45.5
L|60.0|45.5|60.0|60.0
L|60.0|60.0|0.0|60.0
L|0.0|60.0|0.0|-60.0
#3534294	3568493	273538	0.00	-70.00	65.00	70.00
L|0.0|-70.0|65.0|-70.0
L|65.0|-70.0|65.0|-55.5
L|65.0|-55.5|17.0|-55.5
A|17.0|-55.5|5.0|-43.5|12.0|0|0
L|5.0|-43.5|5.0|43.5
A|5.0|43.5|17.0|55.5|12.0|0|0
L|17.0|55.5|65.0|55.5
L|65.0|55.5|65.0|70.0
L|65.0|70.0|0.0|70.0
L|0.0|70.0|0.0|-70.0
#3534296	3568495	273538	0.00	-80.00	70.00	80.00
L|0.0|-80.0|70.0|-80.0
L|70.0|-80.0|70.0|-65.5
L|70.0|-65.5|17.5|-65.5
A|17.5|-65.5|5.5|-53.5|12.0|0|0
L|5.5|-53.5|5.5|53.5
A|5.5|53.5|17.5|65.5|12.0|0|0
L|17.5|65.5|70.0|65.5
L|70.0|65.5|70.0|80.0
L|70.0|80.0|0.0|80.0
L|0.0|80.0|0.0|-80.0
#3534298	3568497	273538	0.00	-90.00	75.00	90.00
L|0.0|-90.0|75.0|-90.0
L|75.0|-90.0|75.0|-75.5
L|75.0|-75.5|17.52|-75.5
A|17.52|-75.5|5.5|-63.48|12.02|0|0
L|5.5|-63.48|5.5|63.48
A|5.5|63.48|17.52|75.5|12.02|0|0
L|17.52|75.5|75.0|75.5
L|75.0|75.5|75.0|90.0
L|75.0|90.0|0.0|90.0
L|0.0|90.0|0.0|-90.0
#3534300	3568499	273538	0.00	-100.00	80.00	100.00
L|0.0|-100.0|80.0|-100.0
L|80.0|-100.0|80.0|-85.5
L|80.0|-85.5|19.0|-85.5
A|19.0|-85.5|6.0|-72.5|13.0|0|0
L|6.0|-72.5|6.0|72.5
A|6.0|72.5|19.0|85.5|13.0|0|0
L|19.0|85.5|80.0|85.5
L|80.0|85.5|80.0|100.0
L|80.0|100.0|0.0|100.0
L|0.0|100.0|0.0|-100.0
#3534302	3568501	273538	0.00	-110.00	85.00	110.00
L|0.0|-110.0|85.0|-110.0
L|85.0|-110.0|85.0|-97.5
L|85.0|-97.5|19.5|-97.5
A|19.5|-97.5|6.5|-84.5|13.0|0|0
L|6.5|-84.5|6.5|84.5
A|6.5|84.5|19.5|97.5|13.0|0|0
L|19.5|97.5|85.0|97.5
L|85.0|97.5|85.0|110.0
L|85.0|110.0|0.0|110.0
L|0.0|110.0|0.0|-110.0
#3534304	3568503	273538	0.00	-120.00	90.00	120.00
L|0.0|-120.0|90.0|-120.0
L|90.0|-120.0|90.0|-107.5
L|90.0|-107.5|22.0|-107.5
A|22.0|-107.5|7.0|-92.5|15.0|0|0
L|7.0|-92.5|7.0|92.5
A|7.0|92.5|22.0|107.5|15.0|0|0
L|22.0|107.5|90.0|107.5
L|90.0|107.5|90.0|120.0
L|90.0|120.0|0.0|120.0
L|0.0|120.0|0.0|-120.0
#3534306	3568505	273538	0.00	-135.00	95.00	135.00
L|0.0|-135.0|95.0|-135.0
L|95.0|-135.0|95.0|-121.5
L|95.0|-121.5|22.5|-121.5
A|22.5|-121.5|7.5|-106.5|15.0|0|0
L|7.5|-106.5|7.5|106.5
A|7.5|106.5|22.5|121.5|15.0|0|0
L|22.5|121.5|95.0|121.5
L|95.0|121.5|95.0|135.0
L|95.0|135.0|0.0|135.0
L|0.0|135.0|0.0|-135.0
#3534308	3568507	273538	0.00	-150.00	100.00	150.00
L|0.0|-150.0|100.0|-150.0
L|100.0|-150.0|100.0|-134.0
L|100.0|-134.0|26.0|-134.0
A|26.0|-134.0|11.0|-119.0|15.0|0|0
L|11.0|-119.0|11.0|119.0
A|11.0|119.0|26.0|134.0|15.0|0|0
L|26.0|134.0|100.0|134.0
L|100.0|134.0|100.0|150.0
L|100.0|150.0|0.0|150.0
L|0.0|150.0|0.0|-150.0
#3534310	3568511	273538	0.00	-180.00	110.00	180.00
L|0.0|-180.0|110.0|-180.0
L|110.0|-180.0|110.0|-163.0
L|110.0|-163.0|30.0|-163.0
A|30.0|-163.0|12.0|-145.0|18.0|0|0
L|12.0|-145.0|12.0|145.0
A|12.0|145.0|30.0|163.0|18.0|0|0
L|30.0|163.0|110.0|163.0
L|110.0|163.0|110.0|180.0
L|110.0|180.0|0.0|180.0
L|0.0|180.0|0.0|-180.0
#3534312	3568513	273538	0.00	-200.00	115.00	200.00
L|0.0|-200.0|115.0|-200.0
L|115.0|-200.0|115.0|-182.0
L|115.0|-182.0|31.5|-182.0
A|31.5|-182.0|13.5|-164.0|18.0|0|0
L|13.5|-164.0|13.5|164.0
A|13.5|164.0|31.5|182.0|18.0|0|0
L|31.5|182.0|115.0|182.0
L|115.0|182.0|115.0|200.0
L|115.0|200.0|0.0|200.0
L|0.0|200.0|0.0|-200.0
#3534314	3568509	273538	0.00	-165.00	105.00	165.00
L|0.0|-165.0|105.0|-165.0
L|105.0|-165.0|105.0|-149.0
L|105.0|-149.0|29.0|-149.0
A|29.0|-149.0|11.0|-131.0|18.0|0|0
L|11.0|-131.0|11.0|131.0
A|11.0|131.0|29.0|149.0|18.0|0|0
L|29.0|149.0|105.0|149.0
L|105.0|149.0|105.0|165.0
L|105.0|165.0|0.0|165.0
L|0.0|165.0|0.0|-165.0
#3534755	3568487	273538	0.00	-40.00	45.00	40.00
L|45.0|-40.0|45.0|-37.49
A|45.0|-37.49|41.32|-33.51|4.0|0|1
L|41.32|-33.51|22.5|-32.0
L|22.5|-32.0|13.36|-31.27
A|13.36|-31.27|6.0|-23.29|8.0|0|0
L|6.0|-23.29|6.0|23.29
A|6.0|23.29|13.36|31.27|8.0|0|0
L|13.36|31.27|22.5|32.0
L|22.5|32.0|41.32|33.51
A|41.32|33.51|45.0|37.49|4.0|0|1
L|45.0|37.49|45.0|40.0
L|45.0|40.0|0.0|40.0
L|0.0|40.0|0.0|-40.0
L|0.0|-40.0|45.0|-40.0
#3534757	3568485	273538	0.00	-200.00	110.00	200.00
L|110.0|-200.0|110.0|-193.31
A|110.0|-193.31|101.45|-184.32|9.0|0|1
L|101.45|-184.32|55.0|-182.0
L|55.0|-182.0|31.1|-180.81
A|31.1|-180.81|14.0|-162.83|18.0|0|0
L|14.0|-162.83|14.0|162.83
A|14.0|162.83|31.1|180.81|18.0|0|0
L|31.1|180.81|55.0|182.0
L|55.0|182.0|101.45|184.32
A|101.45|184.32|110.0|193.31|9.0|0|1
L|110.0|193.31|110.0|200.0
L|110.0|200.0|0.0|200.0
L|0.0|200.0|0.0|-200.0
L|0.0|-200.0|110.0|-200.0
#3534759	3568483	273538	0.00	-190.00	102.00	190.00
L|102.0|-190.0|102.0|-184.16
A|102.0|-184.16|94.4|-176.17|8.0|0|1
L|94.4|-176.17|51.0|-174.0
L|51.0|-174.0|28.7|-172.89
A|28.7|-172.89|13.5|-156.91|16.0|0|0
L|13.5|-156.91|13.5|156.91
A|13.5|156.91|28.7|172.89|16.0|0|0
L|28.7|172.89|51.0|174.0
L|51.0|174.0|94.4|176.17
A|94.4|176.17|102.0|184.16|8.0|0|1
L|102.0|184.16|102.0|190.0
L|102.0|190.0|0.0|190.0
L|0.0|190.0|0.0|-190.0
L|0.0|-190.0|102.0|-190.0
#3534761	3568481	273538	0.00	-175.00	100.00	175.00
L|100.0|-175.0|100.0|-169.11
A|100.0|-169.11|92.4|-161.12|8.0|0|1
L|92.4|-161.12|50.0|-159.0
L|50.0|-159.0|29.2|-157.96
A|29.2|-157.96|14.0|-141.98|16.0|0|0
L|14.0|-141.98|14.0|141.98
A|14.0|141.98|29.2|157.96|16.0|0|0
L|29.2|157.96|50.0|159.0
L|50.0|159.0|92.4|161.12
A|92.4|161.12|100.0|169.11|8.0|0|1
L|100.0|169.11|100.0|175.0
L|100.0|175.0|0.0|175.0
L|0.0|175.0|0.0|-175.0
L|0.0|-175.0|100.0|-175.0
#3534763	3568479	273538	0.00	-160.00	100.00	160.00
L|100.0|-160.0|100.0|-153.37
A|100.0|-153.37|91.64|-144.58|8.8|0|1
L|91.64|-144.58|50.0|-142.5
L|50.0|-142.5|30.63|-141.53
A|30.63|-141.53|14.0|-124.05|17.5|0|0
L|14.0|-124.05|14.0|124.05
A|14.0|124.05|30.63|141.53|17.5|0|0
L|30.63|141.53|50.0|142.5
L|50.0|142.5|91.64|144.58
A|91.64|144.58|100.0|153.37|8.8|0|1
L|100.0|153.37|100.0|160.0
L|100.0|160.0|0.0|160.0
L|0.0|160.0|0.0|-160.0
L|0.0|-160.0|100.0|-160.0
#3534765	3568477	273538	0.00	-150.00	100.00	150.00
L|100.0|-150.0|100.0|-145.39
A|100.0|-145.39|92.64|-137.41|8.0|0|1
L|92.64|-137.41|50.0|-134.0
L|50.0|-134.0|24.72|-131.98
A|24.72|-131.98|10.0|-116.03|16.0|0|0
L|10.0|-116.03|10.0|116.03
A|10.0|116.03|24.72|131.98|16.0|0|0
L|24.72|131.98|50.0|134.0
L|50.0|134.0|92.64|137.41
A|92.64|137.41|100.0|145.39|8.0|0|1
L|100.0|145.39|100.0|150.0
L|100.0|150.0|0.0|150.0
L|0.0|150.0|0.0|-150.0
L|0.0|-150.0|100.0|-150.0
#3534767	3568475	273538	0.00	-140.00	95.00	140.00
L|95.0|-140.0|95.0|-135.72
A|95.0|-135.72|88.1|-128.25|7.5|0|1
L|88.1|-128.25|47.5|-125.0
L|47.5|-125.0|23.8|-123.1
A|23.8|-123.1|10.0|-108.15|15.0|0|0
L|10.0|-108.15|10.0|108.15
A|10.0|108.15|23.8|123.1|15.0|0|0
L|23.8|123.1|47.5|125.0
L|47.5|125.0|88.1|128.25
A|88.1|128.25|95.0|135.72|7.5|0|1
L|95.0|135.72|95.0|140.0
L|95.0|140.0|0.0|140.0
L|0.0|140.0|0.0|-140.0
L|0.0|-140.0|95.0|-140.0
#3534769	3568473	273538	0.00	-130.00	90.00	130.00
L|90.0|-130.0|90.0|-126.06
A|90.0|-126.06|83.56|-119.08|7.0|0|1
L|83.56|-119.08|45.0|-116.0
L|45.0|-116.0|22.88|-114.23
A|22.88|-114.23|10.0|-100.28|14.0|0|0
L|10.0|-100.28|10.0|100.28
A|10.0|100.28|22.88|114.23|14.0|0|0
L|22.88|114.23|45.0|116.0
L|45.0|116.0|83.56|119.08
A|83.56|119.08|90.0|126.06|7.0|0|1
L|90.0|126.06|90.0|130.0
L|90.0|130.0|0.0|130.0
L|0.0|130.0|0.0|-130.0
L|0.0|-130.0|90.0|-130.0
#3534771	3568471	273538	0.00	-120.00	85.00	120.00
L|85.0|-120.0|85.0|-116.4
A|85.0|-116.4|79.02|-109.92|6.5|0|1
L|79.02|-109.92|42.5|-107.0
L|42.5|-107.0|21.46|-105.32
A|21.46|-105.32|9.5|-92.36|13.0|0|0
L|9.5|-92.36|9.5|92.36
A|9.5|92.36|21.46|105.32|13.0|0|0
L|21.46|105.32|42.5|107.0
L|42.5|107.0|79.02|109.92
A|79.02|109.92|85.0|116.4|6.5|0|1
L|85.0|116.4|85.0|120.0
L|85.0|120.0|0.0|120.0
L|0.0|120.0|0.0|-120.0
L|0.0|-120.0|85.0|-120.0
#3534773	3568469	273538	0.00	-110.00	80.00	110.00
L|80.0|-110.0|80.0|-106.7
A|80.0|-106.7|74.02|-100.22|6.5|0|1
L|74.02|-100.22|40.0|-97.5
L|40.0|-97.5|20.5|-95.94
A|20.5|-95.94|9.0|-83.48|12.5|0|0
L|9.0|-83.48|9.0|83.48
A|9.0|83.48|20.5|95.94|12.5|0|0
L|20.5|95.94|40.0|97.5
L|40.0|97.5|74.02|100.22
A|74.02|100.22|80.0|106.7|6.5|0|1
L|80.0|106.7|80.0|110.0
L|80.0|110.0|0.0|110.0
L|0.0|110.0|0.0|-110.0
L|0.0|-110.0|80.0|-110.0
#3534775	3568467	273538	0.00	-100.00	75.00	100.00
L|75.0|-100.0|75.0|-97.04
A|75.0|-97.04|69.48|-91.06|6.0|0|1
L|69.48|-91.06|37.5|-88.5
L|37.5|-88.5|19.08|-87.03
A|19.08|-87.03|8.5|-75.56|11.5|0|0
L|8.5|-75.56|8.5|75.56
A|8.5|75.56|19.08|87.03|11.5|0|0
L|19.08|87.03|37.5|88.5
L|37.5|88.5|69.48|91.06
A|69.48|91.06|75.0|97.04|6.0|0|1
L|75.0|97.04|75.0|100.0
L|75.0|100.0|0.0|100.0
L|0.0|100.0|0.0|-100.0
L|0.0|-100.0|75.0|-100.0
#3534777	3568465	273538	0.00	-90.00	70.00	90.00
L|70.0|-90.0|70.0|-86.88
A|70.0|-86.88|64.94|-81.4|5.5|0|1
L|64.94|-81.4|35.0|-79.0
L|35.0|-79.0|18.12|-77.65
A|18.12|-77.65|8.0|-66.68|11.0|0|0
L|8.0|-66.68|8.0|66.68
A|8.0|66.68|18.12|77.65|11.0|0|0
L|18.12|77.65|35.0|79.0
L|35.0|79.0|64.94|81.4
A|64.94|81.4|70.0|86.88|5.5|0|1
L|70.0|86.88|70.0|90.0
L|70.0|90.0|0.0|90.0
L|0.0|90.0|0.0|-90.0
L|0.0|-90.0|70.0|-90.0
#3534779	3568463	273538	0.00	-80.00	65.00	80.00
L|65.0|-80.0|65.0|-77.18
A|65.0|-77.18|59.94|-71.7|5.5|0|1
L|59.94|-71.7|32.5|-69.5
L|32.5|-69.5|17.16|-68.27
A|17.16|-68.27|7.5|-57.81|10.5|0|0
L|7.5|-57.81|7.5|57.81
A|7.5|57.81|17.16|68.27|10.5|0|0
L|17.16|68.27|32.5|69.5
L|32.5|69.5|59.94|71.7
A|59.94|71.7|65.0|77.18|5.5|0|1
L|65.0|77.18|65.0|80.0
L|65.0|80.0|0.0|80.0
L|0.0|80.0|0.0|-80.0
L|0.0|-80.0|65.0|-80.0
#3534781	3568461	273538	0.00	-70.00	60.00	70.00
L|60.0|-70.0|60.0|-67.02
A|60.0|-67.02|55.4|-62.03|5.0|0|1
L|55.4|-62.03|30.0|-60.0
L|30.0|-60.0|16.2|-58.9
A|16.2|-58.9|7.0|-48.93|10.0|0|0
L|7.0|-48.93|7.0|48.93
A|7.0|48.93|16.2|58.9|10.0|0|0
L|16.2|58.9|30.0|60.0
L|30.0|60.0|55.4|62.03
A|55.4|62.03|60.0|67.02|5.0|0|1
L|60.0|67.02|60.0|70.0
L|60.0|70.0|0.0|70.0
L|0.0|70.0|0.0|-70.0
L|0.0|-70.0|60.0|-70.0
#3534783	3568459	273538	0.00	-60.00	56.00	60.00
L|56.0|-60.0|56.0|-57.39
A|56.0|-57.39|51.86|-52.91|4.5|0|1
L|51.86|-52.91|28.0|-51.0
L|28.0|-51.0|15.28|-49.98
A|15.28|-49.98|7.0|-41.01|9.0|0|0
L|7.0|-41.01|7.0|41.01
A|7.0|41.01|15.28|49.98|9.0|0|0
L|15.28|49.98|28.0|51.0
L|28.0|51.0|51.86|52.91
A|51.86|52.91|56.0|57.39|4.5|0|1
L|56.0|57.39|56.0|60.0
L|56.0|60.0|0.0|60.0
L|0.0|60.0|0.0|-60.0
L|0.0|-60.0|56.0|-60.0
#3534785	3568457	273538	0.00	-50.00	50.00	50.00
L|50.0|-50.0|50.0|-47.65
A|50.0|-47.65|45.86|-43.17|4.5|0|1
L|45.86|-43.17|25.0|-41.5
L|25.0|-41.5|13.82|-40.61
A|13.82|-40.61|6.0|-32.13|8.5|0|0
L|6.0|-32.13|6.0|32.13
A|6.0|32.13|13.82|40.61|8.5|0|0
L|13.82|40.61|25.0|41.5
L|25.0|41.5|45.86|43.17
A|45.86|43.17|50.0|47.65|4.5|0|1
L|50.0|47.65|50.0|50.0
L|50.0|50.0|0.0|50.0
L|0.0|50.0|0.0|-50.0
L|0.0|-50.0|50.0|-50.0
#3537654	3856384	273538	0.00	-0.00	1200.00	150.00
L|1190.0|-0.0|1200.0|10.0
L|1200.0|10.0|1200.0|20.0
L|1200.0|20.0|1194.99|20.0
L|1194.99|20.0|1188.01|51.43
L|1188.01|51.43|1174.99|54.68
L|1174.99|54.68|1164.94|99.94
L|1164.94|99.94|1175.0|110.0
L|1175.0|110.0|1175.0|150.0
L|1175.0|150.0|25.0|150.0
L|25.0|150.0|25.0|110.0
L|25.0|110.0|35.42|101.54
L|35.42|101.54|25.01|54.68
L|25.01|54.68|11.99|51.43
L|11.99|51.43|5.0|20.0
L|5.0|20.0|0.0|20.0
L|0.0|20.0|0.0|10.0
L|0.0|10.0|10.0|0.0
L|10.0|0.0|1190.0|-0.0
#3537656	3542897	273538	0.00	0.00	1200.00	200.00
L|1190.0|0.0|1200.0|10.0
L|1200.0|10.0|1200.0|20.0
L|1200.0|20.0|1195.0|20.0
L|1195.0|20.0|1183.49|100.6
L|1183.49|100.6|1169.34|114.75
L|1169.34|114.75|1164.39|149.39
L|1164.39|149.39|1175.0|160.0
L|1175.0|160.0|1175.0|200.0
L|1175.0|200.0|25.0|200.0
L|25.0|200.0|25.0|160.0
L|25.0|160.0|35.61|149.39
L|35.61|149.39|30.66|114.75
L|30.66|114.75|16.51|100.6
L|16.51|100.6|5.0|20.0
L|5.0|20.0|0.0|20.0
L|0.0|20.0|0.0|10.0
L|0.0|10.0|10.0|-0.0
L|10.0|0.0|1190.0|0.0
#3537658	3542925	273538	0.00	-0.00	1200.00	260.00
L|1190.0|-0.0|1200.0|10.0
L|1200.0|10.0|1200.0|20.0
L|1200.0|20.0|1195.0|20.0
L|1195.0|20.0|1184.95|120.5
L|1184.95|120.5|1171.55|133.9
L|1171.55|133.9|1164.04|209.04
L|1164.04|209.04|1175.0|220.0
L|1175.0|220.0|1175.0|260.0
L|1175.0|260.0|25.0|260.0
L|25.0|260.0|25.0|220.0
L|25.0|220.0|35.91|208.52
L|35.91|208.52|28.45|133.9
L|28.45|133.9|15.05|120.5
L|15.05|120.5|5.0|20.0
L|5.0|20.0|0.0|20.0
L|0.0|20.0|0.0|10.0
L|0.0|10.0|10.0|0.0
L|10.0|0.0|1190.0|-0.0
#3537660	3542937	273538	0.00	0.00	1196.00	320.00
L|1186.0|0.0|1196.0|10.0
L|1196.0|10.0|1196.0|20.0
L|1196.0|20.0|1191.0|20.0
L|1191.0|20.0|1178.82|180.31
L|1178.82|180.31|1165.92|191.33
L|1165.92|191.33|1159.98|267.1
L|1159.98|267.1|1171.0|280.0
L|1171.0|280.0|1171.0|320.0
L|1171.0|320.0|25.0|320.0
L|25.0|320.0|25.0|280.0
L|25.0|280.0|36.02|267.1
L|36.02|267.1|30.08|191.33
L|30.08|191.33|17.18|180.31
L|17.18|180.31|5.0|20.0
L|5.0|20.0|0.0|20.0
L|0.0|20.0|0.0|10.0
L|0.0|10.0|10.0|-0.0
L|10.0|0.0|1186.0|0.0
#3537662	3542947	273538	0.00	0.00	1196.00	400.00
L|1186.0|0.0|1196.0|10.0
L|1196.0|10.0|1196.0|20.0
L|1196.0|20.0|1191.0|20.0
L|1191.0|20.0|1176.96|260.18
L|1176.96|260.18|1164.27|271.44
L|1164.27|271.44|1159.74|347.31
L|1159.74|347.31|1171.0|360.0
L|1171.0|360.0|1171.0|400.0
L|1171.0|400.0|25.0|400.0
L|25.0|400.0|25.0|360.0
L|25.0|360.0|36.26|347.31
L|36.26|347.31|31.73|271.44
L|31.73|271.44|19.04|260.18
L|19.04|260.18|5.0|20.0
L|5.0|20.0|0.0|20.0
L|0.0|20.0|0.0|10.0
L|0.0|10.0|10.0|-0.0
L|10.0|0.0|1186.0|0.0
#3538478	3649235	273538	0.00	0.00	897.00	350.00
L|101.7|0.0|108.0|21.0
L|108.0|21.0|305.6|173.0
L|305.6|173.0|554.4|173.0
L|554.4|173.0|752.0|21.0
L|752.0|21.0|758.3|0.0
L|758.3|0.0|860.0|0.0
L|860.0|0.0|897.0|0.0
L|897.0|0.0|897.0|216.67
L|897.0|216.67|860.0|216.67
L|860.0|216.67|840.0|236.67
L|840.0|236.67|840.0|290.0
L|840.0|290.0|860.0|310.0
L|860.0|310.0|860.0|350.0
L|860.0|350.0|0.0|350.0
L|0.0|350.0|0.0|310.0
L|0.0|310.0|20.0|290.0
L|20.0|290.0|20.0|236.67
L|20.0|236.67|0.0|216.67
L|0.0|216.67|0.0|100.0
L|0.0|100.0|0.0|0.0
L|0.0|0.0|101.7|0.0
#3538480	3753334	273538	0.00	0.00	1197.00	350.00
L|101.7|0.0|108.0|21.0
L|108.0|21.0|295.2|165.0
L|295.2|165.0|864.8|165.0
L|864.8|165.0|1052.0|21.0
L|1052.0|21.0|1058.3|-0.0
L|1058.3|0.0|1160.0|0.0
L|1160.0|0.0|1197.0|0.0
L|1197.0|0.0|1197.0|216.67
L|1197.0|216.67|1160.0|216.67
L|1160.0|216.67|1140.0|236.67
L|1140.0|236.67|1140.0|290.0
L|1140.0|290.0|1160.0|310.0
L|1160.0|310.0|1160.0|350.0
L|1160.0|350.0|0.0|350.0
L|0.0|350.0|0.0|310.0
L|0.0|310.0|20.0|290.0
L|20.0|290.0|20.0|236.67
L|20.0|236.67|0.0|216.67
L|0.0|216.67|0.0|100.0
L|0.0|100.0|0.0|0.0
L|0.0|0.0|101.7|0.0
#3538482	3753394	273538	0.00	-0.00	1197.00	350.00
L|101.7|-0.0|108.0|21.0
L|108.0|21.0|254.9|134.0
L|254.9|134.0|905.1|134.0
L|905.1|134.0|1052.0|21.0
L|1052.0|21.0|1058.3|-0.0
L|1058.3|-0.0|1160.0|-0.0
L|1160.0|-0.0|1197.0|-0.0
L|1197.0|-0.0|1197.0|216.67
L|1197.0|216.67|1160.0|216.67
L|1160.0|216.67|1140.0|236.67
L|1140.0|236.67|1140.0|290.0
L|1140.0|290.0|1160.0|310.0
L|1160.0|310.0|1160.0|350.0
L|1160.0|350.0|0.0|350.0
L|0.0|350.0|0.0|310.0
L|0.0|310.0|20.0|290.0
L|20.0|290.0|20.0|236.67
L|20.0|236.67|0.0|216.67
L|0.0|216.67|0.0|100.0
L|0.0|100.0|0.0|-0.0
L|0.0|-0.0|101.7|-0.0
#3538484	3753436	273538	0.00	-0.00	1197.00	350.00
L|101.7|-0.0|108.0|21.0
L|108.0|21.0|196.4|89.0
L|196.4|89.0|963.6|89.0
L|963.6|89.0|1052.0|21.0
L|1052.0|21.0|1058.3|-0.0
L|1058.3|-0.0|1160.0|-0.0
L|1160.0|-0.0|1197.0|-0.0
L|1197.0|-0.0|1197.0|216.67
L|1197.0|216.67|1160.0|216.67
L|1160.0|216.67|1140.0|236.67
L|1140.0|236.67|1140.0|290.0
L|1140.0|290.0|1160.0|310.0
L|1160.0|310.0|1160.0|350.0
L|1160.0|350.0|0.0|350.0
L|0.0|350.0|0.0|310.0
L|0.0|310.0|20.0|290.0
L|20.0|290.0|20.0|236.67
L|20.0|236.67|0.0|216.67
L|0.0|216.67|0.0|100.0
L|0.0|100.0|0.0|-0.0
L|0.0|-0.0|101.7|-0.0
#3538486	3753488	273538	-0.00	0.00	1197.00	350.00
L|1197.0|0.0|1197.0|216.67
L|1197.0|216.67|1160.0|216.67
L|1160.0|216.67|1140.0|236.67
L|1140.0|236.67|1140.0|290.0
L|1140.0|290.0|1160.0|310.0
L|1160.0|310.0|1160.0|350.0
L|1160.0|350.0|-0.0|350.0
L|-0.0|350.0|-0.0|310.0
L|-0.0|310.0|20.0|290.0
L|20.0|290.0|20.0|236.67
L|20.0|236.67|-0.0|216.67
L|-0.0|216.67|-0.0|100.0
L|-0.0|100.0|-0.0|0.0
L|-0.0|0.0|1197.0|0.0
#3538488	3753146	273538	0.00	0.00	897.00	350.00
L|101.7|0.0|108.0|21.0
L|108.0|21.0|223.7|110.0
L|223.7|110.0|636.3|110.0
L|636.3|110.0|752.0|21.0
L|752.0|21.0|758.3|0.0
L|758.3|0.0|860.0|0.0
L|860.0|0.0|897.0|0.0
L|897.0|0.0|897.0|216.67
L|897.0|216.67|860.0|216.67
L|860.0|216.67|840.0|236.67
L|840.0|236.67|840.0|290.0
L|840.0|290.0|860.0|310.0
L|860.0|310.0|860.0|350.0
L|860.0|350.0|0.0|350.0
L|0.0|350.0|0.0|310.0
L|0.0|310.0|20.0|290.0
L|20.0|290.0|20.0|236.67
L|20.0|236.67|0.0|216.67
L|0.0|216.67|0.0|100.0
L|0.0|100.0|0.0|0.0
L|0.0|0.0|101.7|0.0
#3538490	3753196	273538	0.00	0.00	897.00	350.00
L|101.7|0.0|108.0|21.0
L|108.0|21.0|156.1|58.0
L|156.1|58.0|703.9|58.0
L|703.9|58.0|752.0|21.0
L|752.0|21.0|758.3|0.0
L|758.3|0.0|860.0|0.0
L|860.0|0.0|897.0|0.0
L|897.0|0.0|897.0|216.67
L|897.0|216.67|860.0|216.67
L|860.0|216.67|840.0|236.67
L|840.0|236.67|840.0|290.0
L|840.0|290.0|860.0|310.0
L|860.0|310.0|860.0|350.0
L|860.0|350.0|0.0|350.0
L|0.0|350.0|0.0|310.0
L|0.0|310.0|20.0|290.0
L|20.0|290.0|20.0|236.67
L|20.0|236.67|0.0|216.67
L|0.0|216.67|0.0|100.0
L|0.0|100.0|0.0|0.0
L|0.0|0.0|101.7|0.0
#3538492	3753254	273538	0.00	-0.00	897.00	350.00
L|897.0|-0.0|897.0|216.67
L|897.0|216.67|860.0|216.67
L|860.0|216.67|840.0|236.67
L|840.0|236.67|840.0|290.0
L|840.0|290.0|860.0|310.0
L|860.0|310.0|860.0|350.0
L|860.0|350.0|0.0|350.0
L|0.0|350.0|0.0|310.0
L|0.0|310.0|20.0|290.0
L|20.0|290.0|20.0|236.67
L|20.0|236.67|0.0|216.67
L|0.0|216.67|0.0|100.0
L|0.0|100.0|0.0|-0.0
L|0.0|-0.0|897.0|-0.0
#3540181	3540197	273538	-58.00	-0.00	58.00	170.00
A|58.0|46.16|54.2|51.01|5.0|0|1
L|54.2|51.01|41.89|54.28
L|41.89|54.28|35.0|56.0
A|35.0|56.0|26.39|66.58|11.37|0|0
L|26.39|66.58|30.0|140.0
L|30.0|140.0|30.0|170.0
L|30.0|170.0|-30.0|170.0
L|-30.0|170.0|-30.0|140.0
L|-30.0|140.0|-26.37|66.01
A|-26.37|66.01|-33.82|56.42|10.02|0|0
L|-33.82|56.42|-54.28|50.99
A|-54.28|50.99|-58.0|46.16|5.0|0|1
L|-58.0|46.16|-58.0|-0.0
L|-58.0|-0.0|58.0|-0.0
L|58.0|-0.0|58.0|46.16
#3540183	3801139	273538	-58.00	-0.00	58.00	170.00
A|58.0|46.16|54.2|51.01|5.0|0|1
L|54.2|51.01|41.89|54.28
L|41.89|54.28|35.0|56.0
A|35.0|56.0|26.39|66.58|11.37|0|0
L|26.39|66.58|30.0|140.0
L|30.0|140.0|30.0|170.0
L|30.0|170.0|-30.0|170.0
L|-30.0|170.0|-30.0|140.0
L|-30.0|140.0|-26.37|66.01
A|-26.37|66.01|-33.82|56.42|10.02|0|0
L|-33.82|56.42|-54.28|50.99
A|-54.28|50.99|-58.0|46.16|5.0|0|1
L|-58.0|46.16|-58.0|-0.0
L|-58.0|-0.0|58.0|-0.0
L|58.0|-0.0|58.0|46.16
#3540185	3542422	273538	-58.00	-0.00	58.00	170.00
A|58.0|46.16|54.2|51.01|5.0|0|1
L|54.2|51.01|41.89|54.28
L|41.89|54.28|35.0|56.0
A|35.0|56.0|26.39|66.58|11.37|0|0
L|26.39|66.58|30.0|140.0
L|30.0|140.0|30.0|170.0
L|30.0|170.0|-30.0|170.0
L|-30.0|170.0|-30.0|140.0
L|-30.0|140.0|-26.37|66.01
A|-26.37|66.01|-33.82|56.42|10.02|0|0
L|-33.82|56.42|-54.28|50.99
A|-54.28|50.99|-58.0|46.16|5.0|0|1
L|-58.0|46.16|-58.0|-0.0
L|-58.0|-0.0|58.0|-0.0
L|58.0|-0.0|58.0|46.16
#3540187	3542289	273538	-58.00	-0.00	58.00	170.00
A|58.0|46.16|54.2|51.01|5.0|0|1
L|54.2|51.01|41.89|54.28
L|41.89|54.28|35.0|56.0
A|35.0|56.0|26.39|66.58|11.37|0|0
L|26.39|66.58|30.0|140.0
L|30.0|140.0|30.0|170.0
L|30.0|170.0|-30.0|170.0
L|-30.0|170.0|-30.0|140.0
L|-30.0|140.0|-26.37|66.01
A|-26.37|66.01|-33.82|56.42|10.02|0|0
L|-33.82|56.42|-54.28|50.99
A|-54.28|50.99|-58.0|46.16|5.0|0|1
L|-58.0|46.16|-58.0|-0.0
L|-58.0|-0.0|58.0|-0.0
L|58.0|-0.0|58.0|46.16
#3540189	3542559	273538	-58.00	-0.00	58.00	170.00
A|58.0|46.16|54.2|51.01|5.0|0|1
L|54.2|51.01|41.89|54.28
L|41.89|54.28|35.0|56.0
A|35.0|56.0|26.39|66.58|11.37|0|0
L|26.39|66.58|30.0|140.0
L|30.0|140.0|30.0|170.0
L|30.0|170.0|-30.0|170.0
L|-30.0|170.0|-30.0|140.0
L|-30.0|140.0|-26.37|66.01
A|-26.37|66.01|-33.82|56.42|10.02|0|0
L|-33.82|56.42|-54.28|50.99
A|-54.28|50.99|-58.0|46.16|5.0|0|1
L|-58.0|46.16|-58.0|-0.0
L|-58.0|-0.0|58.0|-0.0
L|58.0|-0.0|58.0|46.16
#3540191	3542729	273538	-58.00	-0.00	58.00	170.00
A|58.0|46.16|54.2|51.01|5.0|0|1
L|54.2|51.01|41.89|54.28
L|41.89|54.28|35.0|56.0
A|35.0|56.0|26.39|66.58|11.37|0|0
L|26.39|66.58|30.0|140.0
L|30.0|140.0|30.0|170.0
L|30.0|170.0|-30.0|170.0
L|-30.0|170.0|-30.0|140.0
L|-30.0|140.0|-26.37|66.01
A|-26.37|66.01|-33.82|56.42|10.02|0|0
L|-33.82|56.42|-54.28|50.99
A|-54.28|50.99|-58.0|46.16|5.0|0|1
L|-58.0|46.16|-58.0|-0.0
L|-58.0|-0.0|58.0|-0.0
L|58.0|-0.0|58.0|46.16
#3540193	3542646	273538	-58.00	-0.00	58.00	170.00
A|58.0|46.16|54.2|51.01|5.0|0|1
L|54.2|51.01|41.89|54.28
L|41.89|54.28|35.0|56.0
A|35.0|56.0|26.39|66.58|11.37|0|0
L|26.39|66.58|30.0|140.0
L|30.0|140.0|30.0|170.0
L|30.0|170.0|-30.0|170.0
L|-30.0|170.0|-30.0|140.0
L|-30.0|140.0|-26.37|66.01
A|-26.37|66.01|-33.82|56.42|10.02|0|0
L|-33.82|56.42|-54.28|50.99
A|-54.28|50.99|-58.0|46.16|5.0|0|1
L|-58.0|46.16|-58.0|-0.0
L|-58.0|-0.0|58.0|-0.0
L|58.0|-0.0|58.0|46.16
#3540195	3542790	273538	-58.00	-0.00	58.00	170.00
A|58.0|46.16|54.2|51.01|5.0|0|1
L|54.2|51.01|41.89|54.28
L|41.89|54.28|35.0|56.0
A|35.0|56.0|26.39|66.58|11.37|0|0
L|26.39|66.58|30.0|140.0
L|30.0|140.0|30.0|170.0
L|30.0|170.0|-30.0|170.0
L|-30.0|170.0|-30.0|140.0
L|-30.0|140.0|-26.37|66.01
A|-26.37|66.01|-33.82|56.42|10.02|0|0
L|-33.82|56.42|-54.28|50.99
A|-54.28|50.99|-58.0|46.16|5.0|0|1
L|-58.0|46.16|-58.0|-0.0
L|-58.0|-0.0|58.0|-0.0
L|58.0|-0.0|58.0|46.16
#3540727	3542167	273538	2.00	-0.00	1198.00	200.00
L|23.0|200.0|22.03|162.01
A|22.03|162.01|20.96|120.45|28.5|0|0
L|20.96|120.45|16.96|25.0
L|16.96|25.0|2.0|25.0
L|2.0|25.0|2.0|10.0
A|2.0|10.0|12.0|-0.0|10.0|0|1
L|12.0|0.0|1188.0|-0.0
A|1188.0|-0.0|1198.0|10.0|10.0|0|1
L|1198.0|10.0|1198.0|25.0
L|1198.0|25.0|1183.04|25.0
L|1183.04|25.0|1179.04|120.45
A|1179.04|120.45|1177.97|162.01|28.5|0|0
L|1177.97|162.01|1177.0|200.0
L|1177.0|200.0|23.0|200.0
#3540729	3542887	273538	2.00	-0.00	1198.00	320.00
L|23.0|320.0|21.98|270.0
A|21.98|270.0|21.13|228.18|26.87|0|0
L|21.13|228.18|17.0|25.0
L|17.0|25.0|2.0|25.0
L|2.0|25.0|2.0|10.0
A|2.0|10.0|12.0|-0.0|10.0|0|1
L|12.0|-0.0|1188.0|0.0
A|1188.0|0.0|1198.0|10.0|10.0|0|1
L|1198.0|10.0|1198.0|25.0
L|1198.0|25.0|1183.0|25.0
L|1183.0|25.0|1178.87|228.18
A|1178.87|228.18|1178.02|270.0|26.87|0|0
L|1178.02|270.0|1177.0|320.0
L|1177.0|320.0|23.0|320.0
#3540731	3542877	273538	2.00	0.00	1198.00	265.00
L|23.0|265.0|22.03|227.01
A|22.03|227.01|20.96|185.45|28.5|0|0
L|20.96|185.45|17.05|25.0
L|17.05|25.0|2.0|25.0
L|2.0|25.0|2.0|10.0
A|2.0|10.0|12.0|0.0|10.0|0|1
L|12.0|0.0|1188.0|-0.0
A|1188.0|0.0|1198.0|10.0|10.0|0|1
L|1198.0|10.0|1198.0|25.0
L|1198.0|25.0|1182.95|25.0
L|1182.95|25.0|1179.04|185.45
A|1179.04|185.45|1177.97|227.01|28.5|0|0
L|1177.97|227.01|1177.0|265.0
L|1177.0|265.0|23.0|265.0
#3540733	3751847	273538	2.00	-0.00	1198.00	165.00
L|20.96|85.45|16.84|25.0
L|16.84|25.0|2.0|25.0
L|2.0|25.0|2.0|10.0
A|2.0|10.0|12.0|-0.0|10.0|0|1
L|12.0|0.0|1188.0|-0.0
A|1188.0|-0.0|1198.0|10.0|10.0|0|1
L|1198.0|10.0|1198.0|25.0
L|1198.0|25.0|1183.16|25.0
L|1183.16|25.0|1179.04|85.45
A|1179.04|85.45|1177.97|127.01|28.5|0|0
L|1177.97|127.01|1177.0|165.0
L|1177.0|165.0|23.0|165.0
L|23.0|165.0|22.03|127.01
A|22.03|127.01|20.96|85.45|28.5|0|0
#3562122	3880558	273538	0.00	-101.04	314.32	18.83
A|17.54|18.83|6.92|9.47|10.0|0|1
L|6.92|9.47|0.0|-101.04
L|0.0|-101.04|307.9|-101.04
L|307.9|-101.04|314.32|0.0
L|314.32|0.0|17.54|18.83
#3562124	3801431	273538	-0.57	-22.00	31.43	0.00
L|31.43|0.0|-0.57|0.0
L|-0.57|-0.0|-0.57|-22.0
L|-0.57|-22.0|31.43|-22.0
L|31.43|-22.0|31.43|0.0
#3563963	4237555	273538	0.00	-18.00	71.00	0.00
L|71.0|0.0|0.0|0.0
L|0.0|0.0|0.0|-18.0
L|0.0|-18.0|71.0|-18.0
L|71.0|-18.0|71.0|0.0
#3563966	4235981	273538	0.00	-30.00	50.00	0.00
L|50.0|0.0|0.0|0.0
L|0.0|0.0|0.0|-30.0
L|0.0|-30.0|50.0|-30.0
L|50.0|-30.0|50.0|0.0
#3563968	4235973	273538	0.00	-44.00	145.00	0.00
L|145.0|0.0|0.0|0.0
L|0.0|0.0|0.0|-44.0
L|0.0|-44.0|145.0|-44.0
L|145.0|-44.0|145.0|0.0
#3563971	4235985	273538	0.00	-22.00	171.00	0.00
L|171.0|0.0|0.0|0.0
L|0.0|0.0|0.0|-22.0
L|0.0|-22.0|171.0|-22.0
L|171.0|-22.0|171.0|0.0
#3563972	4237554	273538	0.00	-18.00	85.00	0.00
L|85.0|0.0|0.0|0.0
L|0.0|0.0|0.0|-18.0
L|0.0|-18.0|85.0|-18.0
L|85.0|-18.0|85.0|0.0
#3565185	4236023	273538	0.00	-71.00	196.00	0.00
L|196.0|0.0|0.0|0.0
L|0.0|0.0|0.0|-71.0
L|0.0|-71.0|196.0|-71.0
L|196.0|-71.0|196.0|0.0
#3565187	4235957	273538	0.00	-71.00	146.00	0.00
L|146.0|0.0|0.0|0.0
L|0.0|0.0|0.0|-71.0
L|0.0|-71.0|146.0|-71.0
L|146.0|-71.0|146.0|0.0
#3565189	4235961	273538	0.00	-56.00	121.00	0.00
L|121.0|0.0|0.0|0.0
L|0.0|0.0|0.0|-56.0
L|0.0|-56.0|121.0|-56.0
L|121.0|-56.0|121.0|0.0
#3565191	4235986	273538	0.00	-22.00	50.00	0.00
L|50.0|0.0|0.0|0.0
L|0.0|0.0|0.0|-22.0
L|0.0|-22.0|50.0|-22.0
L|50.0|-22.0|50.0|0.0
#3565193	4235949	273538	0.00	-96.00	146.00	0.00
L|146.0|0.0|0.0|0.0
L|0.0|0.0|0.0|-96.0
L|0.0|-96.0|146.0|-96.0
L|146.0|-96.0|146.0|0.0
#3565195	4235950	273538	0.00	-96.00	121.00	0.00
L|121.0|0.0|0.0|0.0
L|0.0|0.0|0.0|-96.0
L|0.0|-96.0|121.0|-96.0
L|121.0|-96.0|121.0|0.0
#3565197	4235951	273538	0.00	-96.00	96.00	0.00
L|96.0|0.0|0.0|0.0
L|0.0|0.0|0.0|-96.0
L|0.0|-96.0|96.0|-96.0
L|96.0|-96.0|96.0|0.0
#3565199	4235952	273538	0.00	-71.00	271.00	0.00
L|271.0|0.0|0.0|0.0
L|0.0|0.0|0.0|-71.0
L|0.0|-71.0|271.0|-71.0
L|271.0|-71.0|271.0|0.0
#3565201	4235953	273538	0.00	-71.00	246.00	0.00
L|246.0|0.0|0.0|0.0
L|0.0|0.0|0.0|-71.0
L|0.0|-71.0|246.0|-71.0
L|246.0|-71.0|246.0|0.0
#3565203	4235958	273538	0.00	-71.00	121.00	0.00
L|121.0|0.0|0.0|0.0
L|0.0|0.0|0.0|-71.0
L|0.0|-71.0|121.0|-71.0
L|121.0|-71.0|121.0|0.0
#3565205	4235960	273538	0.00	-71.00	96.00	0.00
L|96.0|0.0|0.0|0.0
L|0.0|0.0|0.0|-71.0
L|0.0|-71.0|96.0|-71.0
L|96.0|-71.0|96.0|0.0
#3565207	4237160	273538	0.00	-46.00	196.00	0.00
L|196.0|0.0|0.0|0.0
L|0.0|0.0|0.0|-46.0
L|0.0|-46.0|196.0|-46.0
L|196.0|-46.0|196.0|0.0
#3565209	4237163	273538	0.00	-46.00	136.00	0.00
L|136.0|0.0|0.0|0.0
L|0.0|0.0|0.0|-46.0
L|0.0|-46.0|136.0|-46.0
L|136.0|-46.0|136.0|0.0
#3565211	4237164	273538	0.00	-46.00	121.00	0.00
L|121.0|0.0|0.0|0.0
L|0.0|0.0|0.0|-46.0
L|0.0|-46.0|121.0|-46.0
L|121.0|-46.0|121.0|0.0
#3565213	4237165	273538	0.00	-46.00	96.00	0.00
L|96.0|0.0|0.0|0.0
L|0.0|0.0|0.0|-46.0
L|0.0|-46.0|96.0|-46.0
L|96.0|-46.0|96.0|0.0
#3565215	4237166	273538	0.00	-46.00	71.00	0.00
L|71.0|0.0|0.0|0.0
L|0.0|0.0|0.0|-46.0
L|0.0|-46.0|71.0|-46.0
L|71.0|-46.0|71.0|0.0
#3565217	4235969	273538	0.00	-45.00	70.00	0.00
L|70.0|0.0|0.0|0.0
L|0.0|0.0|0.0|-45.0
L|0.0|-45.0|70.0|-45.0
L|70.0|-45.0|70.0|0.0
#3565219	4235970	273538	0.00	-45.00	22.00	0.00
L|22.0|0.0|0.0|0.0
L|0.0|0.0|0.0|-45.0
L|0.0|-45.0|22.0|-45.0
L|22.0|-45.0|22.0|0.0
#3565221	4235980	273538	0.00	-44.00	44.00	0.00
L|44.0|0.0|0.0|0.0
L|0.0|0.0|0.0|-44.0
L|0.0|-44.0|44.0|-44.0
L|44.0|-44.0|44.0|0.0
#3565223	4236612	273538	0.00	-38.00	156.00	0.00
L|156.0|0.0|0.0|0.0
L|0.0|0.0|0.0|-38.0
L|0.0|-38.0|156.0|-38.0
L|156.0|-38.0|156.0|0.0
#3565225	4236785	273538	0.00	-38.00	38.00	0.00
L|38.0|0.0|0.0|0.0
L|0.0|0.0|0.0|-38.0
L|0.0|-38.0|38.0|-38.0
L|38.0|-38.0|38.0|0.0
#3565227	4236725	273538	0.00	-38.00	62.00	0.00
L|62.0|0.0|0.0|0.0
L|0.0|0.0|0.0|-38.0
L|0.0|-38.0|62.0|-38.0
L|62.0|-38.0|62.0|0.0
#3565229	4236670	273538	0.00	-38.00	96.00	0.00
L|96.0|0.0|0.0|0.0
L|0.0|0.0|0.0|-38.0
L|0.0|-38.0|96.0|-38.0
L|96.0|-38.0|96.0|0.0
#3565231	4237161	273538	0.00	-46.00	171.00	0.00
L|171.0|0.0|0.0|0.0
L|0.0|0.0|0.0|-46.0
L|0.0|-46.0|171.0|-46.0
L|171.0|-46.0|171.0|0.0
#3565233	4237162	273538	0.00	-46.00	146.00	0.00
L|146.0|0.0|0.0|0.0
L|0.0|0.0|0.0|-46.0
L|0.0|-46.0|146.0|-46.0
L|146.0|-46.0|146.0|0.0
#3565235	4235994	273538	0.00	-38.00	286.00	0.00
L|286.0|0.0|0.0|0.0
L|0.0|0.0|0.0|-38.0
L|0.0|-38.0|286.0|-38.0
L|286.0|-38.0|286.0|0.0
#3565237	4236668	273538	0.00	-38.00	120.00	0.00
L|120.0|0.0|0.0|0.0
L|0.0|0.0|0.0|-38.0
L|0.0|-38.0|120.0|-38.0
L|120.0|-38.0|120.0|0.0
#3639536	3639538	273538	-5575.20	-5071.41	5003.77	5399.37
L|-106.21|5320.55|-258.44|5399.37
L|-258.44|5399.37|-445.0|5354.17
L|-445.0|5354.17|-594.76|5306.59
L|-594.76|5306.59|-712.47|5256.97
L|-712.47|5256.97|-801.52|5205.96
L|-801.52|5205.96|-865.28|5154.23
L|-865.28|5154.23|-907.15|5102.44
L|-907.15|5102.44|-930.51|5051.24
L|-930.51|5051.24|-938.74|5001.3
L|-938.74|5001.3|-935.23|4953.27
L|-935.23|4953.27|-923.36|4907.82
L|-923.36|4907.82|-906.13|4865.46
L|-906.13|4865.46|-884.91|4826.07
L|-884.91|4826.07|-860.71|4789.39
L|-860.71|4789.39|-834.52|4755.16
L|-834.52|4755.16|-807.34|4723.12
L|-807.34|4723.12|-780.15|4693.01
L|-780.15|4693.01|-753.96|4664.56
L|-753.96|4664.56|-729.76|4637.52
L|-729.76|4637.52|-708.55|4611.62
L|-708.55|4611.62|-691.31|4586.6
L|-691.31|4586.6|-678.85|4562.25
L|-678.85|4562.25|-671.2|4538.57
L|-671.2|4538.57|-668.19|4515.64
L|-668.19|4515.64|-669.65|4493.52
L|-669.65|4493.52|-675.42|4472.25
L|-675.42|4472.25|-685.34|4451.91
L|-685.34|4451.91|-699.24|4432.56
L|-699.24|4432.56|-716.95|4414.25
L|-716.95|4414.25|-738.3|4397.06
L|-738.3|4397.06|-763.14|4381.04
L|-763.14|4381.04|-791.25|4366.21
L|-791.25|4366.21|-822.32|4352.46
L|-822.32|4352.46|-855.97|4339.63
L|-855.97|4339.63|-891.85|4327.58
L|-891.85|4327.58|-929.58|4316.14
L|-929.58|4316.14|-968.8|4305.16
L|-968.8|4305.16|-1009.15|4294.5
L|-1009.15|4294.5|-1050.27|4283.98
L|-1050.27|4283.98|-1091.78|4273.47
L|-1091.78|4273.47|-1133.32|4262.8
L|-1133.32|4262.8|-1174.58|4251.83
L|-1174.58|4251.83|-1215.4|4240.43
L|-1215.4|4240.43|-1255.69|4228.47
L|-1255.69|4228.47|-1295.36|4215.84
L|-1295.36|4215.84|-1334.29|4202.41
L|-1334.29|4202.41|-1372.4|4188.05
L|-1372.4|4188.05|-1409.57|4172.64
L|-1409.57|4172.64|-1445.72|4156.06
L|-1445.72|4156.06|-1480.74|4138.19
L|-1480.74|4138.19|-1514.54|4118.9
L|-1514.54|4118.9|-1546.98|4098.1
L|-1546.98|4098.1|-1577.91|4075.86
L|-1577.91|4075.86|-1607.11|4052.25
L|-1607.11|4052.25|-1634.38|4027.39
L|-1634.38|4027.39|-1659.53|4001.35
L|-1659.53|4001.35|-1682.37|3974.23
L|-1682.37|3974.23|-1702.68|3946.13
L|-1702.68|3946.13|-1720.28|3917.14
L|-1720.28|3917.14|-1734.95|3887.34
L|-1734.95|3887.34|-1746.52|3856.83
L|-1746.52|3856.83|-1754.75|3825.71
L|-1754.75|3825.71|-1759.37|3794.06
L|-1759.37|3794.06|-1760.08|3761.98
L|-1760.08|3761.98|-1756.58|3729.56
L|-1756.58|3729.56|-1748.58|3696.89
L|-1748.58|3696.89|-1735.76|3664.07
L|-1735.76|3664.07|-1717.85|3631.19
L|-1717.85|3631.19|-1694.53|3598.33
L|-1694.53|3598.33|-1665.51|3565.6
L|-1665.51|3565.6|-1630.49|3533.09
L|-1630.49|3533.09|-1589.37|3500.9
L|-1589.37|3500.9|-1542.85|3469.2
L|-1542.85|3469.2|-1491.82|3438.18
L|-1491.82|3438.18|-1437.18|3408.02
L|-1437.18|3408.02|-1379.82|3378.91
L|-1379.82|3378.91|-1320.64|3351.04
L|-1320.64|3351.04|-1260.53|3324.58
L|-1260.53|3324.58|-1200.39|3299.72
L|-1200.39|3299.72|-1141.1|3276.65
L|-1141.1|3276.65|-1083.58|3255.56
L|-1083.58|3255.56|-1028.64|3236.53
L|-1028.64|3236.53|-976.93|3219.29
L|-976.93|3219.29|-928.99|3203.47
L|-928.99|3203.47|-885.39|3188.69
L|-885.39|3188.69|-846.7|3174.6
L|-846.7|3174.6|-813.48|3160.81
L|-813.48|3160.81|-786.29|3146.96
L|-786.29|3146.96|-765.7|3132.68
L|-765.7|3132.68|-752.27|3117.59
L|-752.27|3117.59|-746.56|3101.34
L|-746.56|3101.34|-748.92|3083.63
L|-748.92|3083.63|-758.8|3064.5
L|-758.8|3064.5|-775.45|3044.07
L|-775.45|3044.07|-798.1|3022.47
L|-798.1|3022.47|-825.98|2999.83
L|-825.98|2999.83|-858.34|2976.26
L|-858.34|2976.26|-894.42|2951.89
L|-894.42|2951.89|-933.44|2926.84
L|-933.44|2926.84|-974.65|2901.24
L|-974.65|2901.24|-1017.29|2875.2
L|-1017.29|2875.2|-1060.7|2848.86
L|-1060.7|2848.86|-1104.68|2822.3
L|-1104.68|2822.3|-1149.11|2795.61
L|-1149.11|2795.61|-1193.92|2768.89
L|-1193.92|2768.89|-1238.98|2742.24
L|-1238.98|2742.24|-1284.22|2715.74
L|-1284.22|2715.74|-1329.52|2689.48
L|-1329.52|2689.48|-1374.78|2663.57
L|-1374.78|2663.57|-1419.91|2638.08
L|-1419.91|2638.08|-1464.81|2613.12
L|-1464.81|2613.12|-1509.42|2588.8
L|-1509.42|2588.8|-1553.91|2565.38
L|-1553.91|2565.38|-1598.45|2543.13
L|-1598.45|2543.13|-1643.26|2522.33
L|-1643.26|2522.33|-1688.54|2503.25
L|-1688.54|2503.25|-1734.48|2486.18
L|-1734.48|2486.18|-1781.28|2471.39
L|-1781.28|2471.39|-1829.14|2459.16
L|-1829.14|2459.16|-1878.27|2449.77
L|-1878.27|2449.77|-1928.85|2443.49
L|-1928.85|2443.49|-1981.01|2440.57
L|-1981.01|2440.57|-2034.57|2440.57
L|-2034.57|2440.57|-2089.25|2443.35
L|-2089.25|2443.35|-2144.8|2448.5
L|-2144.8|2448.5|-2200.94|2455.69
L|-2200.94|2455.69|-2257.42|2464.58
L|-2257.42|2464.58|-2313.96|2474.82
L|-2313.96|2474.82|-2370.31|2486.08
L|-2370.31|2486.08|-2426.19|2498.02
L|-2426.19|2498.02|-2481.34|2510.3
L|-2481.34|2510.3|-2535.52|2522.59
L|-2535.52|2522.59|-2588.57|2534.68
L|-2588.57|2534.68|-2640.37|2546.33
L|-2640.37|2546.33|-2690.77|2557.33
L|-2690.77|2557.33|-2739.64|2567.47
L|-2739.64|2567.47|-2786.86|2576.53
L|-2786.86|2576.53|-2832.29|2584.3
L|-2832.29|2584.3|-2875.79|2590.56
L|-2875.79|2590.56|-2917.24|2595.09
L|-2917.24|2595.09|-2956.5|2597.67
L|-2956.5|2597.67|-2993.41|2598.16
L|-2993.41|2598.16|-3027.62|2596.57
L|-3027.62|2596.57|-3058.79|2593.01
L|-3058.79|2593.01|-3086.54|2587.57
L|-3086.54|2587.57|-3110.52|2580.35
L|-3110.52|2580.35|-3130.35|2571.42
L|-3130.35|2571.42|-3145.67|2560.89
L|-3145.67|2560.89|-3156.12|2548.85
L|-3156.12|2548.85|-3161.33|2535.4
L|-3161.33|2535.4|-3160.93|2520.61
L|-3160.93|2520.61|-3154.73|2504.6
L|-3154.73|2504.6|-3143.12|2487.47
L|-3143.12|2487.47|-3126.67|2469.36
L|-3126.67|2469.36|-3105.95|2450.38
L|-3105.95|2450.38|-3081.51|2430.66
L|-3081.51|2430.66|-3053.92|2410.33
L|-3053.92|2410.33|-3023.75|2389.5
L|-3023.75|2389.5|-2991.56|2368.3
L|-2991.56|2368.3|-2957.9|2346.86
L|-2957.9|2346.86|-2923.35|2325.29
L|-2923.35|2325.29|-2888.49|2303.68
L|-2888.49|2303.68|-2853.96|2281.92
L|-2853.96|2281.92|-2820.42|2259.85
L|-2820.42|2259.85|-2788.54|2237.31
L|-2788.54|2237.31|-2758.98|2214.16
L|-2758.98|2214.16|-2732.4|2190.24
L|-2732.4|2190.24|-2709.48|2165.4
L|-2709.48|2165.4|-2690.86|2139.47
L|-2690.86|2139.47|-2677.21|2112.31
L|-2677.21|2112.31|-2669.2|2083.77
L|-2669.2|2083.77|-2667.29|2053.83
L|-2667.29|2053.83|-2671.14|2023.08
L|-2671.14|2023.08|-2680.24|1992.28
L|-2680.24|1992.28|-2694.04|1962.15
L|-2694.04|1962.15|-2712.02|1933.44
L|-2712.02|1933.44|-2733.64|1906.89
L|-2733.64|1906.89|-2758.38|1883.24
L|-2758.38|1883.24|-2785.71|1863.23
L|-2785.71|1863.23|-2815.09|1847.59
L|-2815.09|1847.59|-2846.0|1837.07
L|-2846.0|1837.07|-2877.98|1832.21
L|-2877.98|1832.21|-2910.89|1832.71
L|-2910.89|1832.71|-2944.66|1838.08
L|-2944.66|1838.08|-2979.22|1847.83
L|-2979.22|1847.83|-3014.52|1861.47
L|-3014.52|1861.47|-3050.47|1878.5
L|-3050.47|1878.5|-3087.02|1898.42
L|-3087.02|1898.42|-3124.1|1920.75
L|-3124.1|1920.75|-3161.65|1945.0
L|-3161.65|1945.0|-3199.59|1970.66
L|-3199.59|1970.66|-3237.86|1997.24
L|-3237.86|1997.24|-3276.4|2024.19
L|-3276.4|2024.19|-3315.13|2050.96
L|-3315.13|2050.96|-3354.0|2076.98
L|-3354.0|2076.98|-3392.93|2101.71
L|-3392.93|2101.71|-3431.87|2124.59
L|-3431.87|2124.59|-3470.73|2145.07
L|-3470.73|2145.07|-3509.47|2162.59
L|-3509.47|2162.59|-3548.01|2176.59
L|-3548.01|2176.59|-3586.28|2186.52
L|-3586.28|2186.52|-3624.23|2192.05
L|-3624.23|2192.05|-3661.85|2193.72
L|-3661.85|2193.72|-3699.15|2192.31
L|-3699.15|2192.31|-3736.11|2188.59
L|-3736.11|2188.59|-3772.74|2183.32
L|-3772.74|2183.32|-3809.03|2177.29
L|-3809.03|2177.29|-3845.0|2171.25
L|-3845.0|2171.25|-3880.64|2165.99
L|-3880.64|2165.99|-3915.94|2162.26
L|-3915.94|2162.26|-3950.92|2160.85
L|-3950.92|2160.85|-3985.58|2162.29
L|-3985.58|2162.29|-4020.05|2166.23
L|-4020.05|2166.23|-4054.45|2172.08
L|-4054.45|2172.08|-4088.91|2179.26
L|-4088.91|2179.26|-4123.58|2187.18
L|-4123.58|2187.18|-4158.58|2195.25
L|-4158.58|2195.25|-4194.04|2202.89
L|-4194.04|2202.89|-4230.09|2209.51
L|-4230.09|2209.51|-4266.88|2214.53
L|-4266.88|2214.53|-4304.53|2217.36
L|-4304.53|2217.36|-4343.08|2217.53
L|-4343.08|2217.53|-4382.23|2215.05
L|-4382.23|2215.05|-4421.58|2210.04
L|-4421.58|2210.04|-4460.73|2202.63
L|-4460.73|2202.63|-4499.29|2192.94
L|-4499.29|2192.94|-4536.85|2181.09
L|-4536.85|2181.09|-4573.02|2167.2
L|-4573.02|2167.2|-4607.39|2151.4
L|-4607.39|2151.4|-4639.58|2133.82
L|-4639.58|2133.82|-4669.19|2114.57
L|-4669.19|2114.57|-4695.91|2093.78
L|-4695.91|2093.78|-4719.84|2071.61
L|-4719.84|2071.61|-4741.19|2048.2
L|-4741.19|2048.2|-4760.15|2023.71
L|-4760.15|2023.71|-4776.93|1998.3
L|-4776.93|1998.3|-4791.71|1972.12
L|-4791.71|1972.12|-4804.71|1945.32
L|-4804.71|1945.32|-4816.11|1918.06
L|-4816.11|1918.06|-4826.12|1890.49
L|-4826.12|1890.49|-4834.94|1862.76
L|-4834.94|1862.76|-4842.77|1835.04
L|-4842.77|1835.04|-4849.88|1807.54
L|-4849.88|1807.54|-4856.52|1780.47
L|-4856.52|1780.47|-4862.96|1754.04
L|-4862.96|1754.04|-4869.47|1728.48
L|-4869.47|1728.48|-4876.31|1704.0
L|-4876.31|1704.0|-4883.75|1680.81
L|-4883.75|1680.81|-4892.05|1659.14
L|-4892.05|1659.14|-4901.47|1639.19
L|-4901.47|1639.19|-4912.29|1621.18
L|-4912.29|1621.18|-4924.71|1605.25
L|-4924.71|1605.25|-4938.72|1591.16
L|-4938.72|1591.16|-4954.26|1578.62
L|-4954.26|1578.62|-4971.25|1567.31
L|-4971.25|1567.31|-4989.64|1556.93
L|-4989.64|1556.93|-5009.35|1547.17
L|-5009.35|1547.17|-5030.32|1537.71
L|-5030.32|1537.71|-5052.49|1528.25
L|-5052.49|1528.25|-5075.78|1518.49
L|-5075.78|1518.49|-5100.13|1508.11
L|-5100.13|1508.11|-5125.45|1496.82
L|-5125.45|1496.82|-5151.56|1484.4
L|-5151.56|1484.4|-5178.28|1470.61
L|-5178.28|1470.61|-5205.39|1455.25
L|-5205.39|1455.25|-5232.69|1438.11
L|-5232.69|1438.11|-5260.0|1418.96
L|-5260.0|1418.96|-5287.11|1397.59
L|-5287.11|1397.59|-5313.82|1373.78
L|-5313.82|1373.78|-5339.94|1347.32
L|-5339.94|1347.32|-5365.26|1318.0
L|-5365.26|1318.0|-5389.59|1285.71
L|-5389.59|1285.71|-5412.73|1250.83
L|-5412.73|1250.83|-5434.47|1213.85
L|-5434.47|1213.85|-5454.62|1175.27
L|-5454.62|1175.27|-5472.99|1135.57
L|-5472.99|1135.57|-5489.36|1095.26
L|-5489.36|1095.26|-5503.55|1054.83
L|-5503.55|1054.83|-5515.35|1014.76
L|-5515.35|1014.76|-5524.57|975.56
L|-5524.57|975.56|-5531.0|937.71
L|-5531.0|937.71|-5534.52|901.6
L|-5534.52|901.6|-5535.33|867.16
L|-5535.33|867.16|-5533.68|834.19
L|-5533.68|834.19|-5529.85|802.52
L|-5529.85|802.52|-5524.09|771.96
L|-5524.09|771.96|-5516.68|742.32
L|-5516.68|742.32|-5507.87|713.43
L|-5507.87|713.43|-5497.94|685.08
L|-5497.94|685.08|-5487.14|657.11
L|-5487.14|657.11|-5475.75|629.33
L|-5475.75|629.33|-5463.96|601.59
L|-5463.96|601.59|-5451.75|573.95
L|-5451.75|573.95|-5439.0|546.49
L|-5439.0|546.49|-5425.62|519.31
L|-5425.62|519.31|-5411.52|492.5
L|-5411.52|492.5|-5396.59|466.16
L|-5396.59|466.16|-5380.73|440.36
L|-5380.73|440.36|-5363.84|415.22
L|-5363.84|415.22|-5345.83|390.82
L|-5345.83|390.82|-5326.59|367.25
L|-5326.59|367.25|-5306.08|344.55
L|-5306.08|344.55|-5284.48|322.6
L|-5284.48|322.6|-5262.01|301.2
L|-5262.01|301.2|-5238.92|280.17
L|-5238.92|280.17|-5215.43|259.32
L|-5215.43|259.32|-5191.77|238.48
L|-5191.77|238.48|-5168.18|217.45
L|-5168.18|217.45|-5144.89|196.04
L|-5144.89|196.04|-5122.13|174.09
L|-5122.13|174.09|-5100.13|151.39
L|-5100.13|151.39|-5079.12|127.84
L|-5079.12|127.84|-5059.34|103.65
L|-5059.34|103.65|-5041.01|79.08
L|-5041.01|79.08|-5024.38|54.42
L|-5024.38|54.42|-5009.67|29.95
L|-5009.67|29.95|-4997.11|5.94
L|-4997.11|5.94|-4986.94|-17.33
L|-4986.94|-17.33|-4979.39|-39.58
L|-4979.39|-39.58|-4974.69|-60.53
L|-4974.69|-60.53|-4973.07|-79.91
L|-4973.07|-79.91|-4974.66|-97.49
L|-4974.66|-97.49|-4979.21|-113.26
L|-4979.21|-113.26|-4986.34|-127.23
L|-4986.34|-127.23|-4995.7|-139.44
L|-4995.7|-139.44|-5006.91|-149.93
L|-5006.91|-149.93|-5019.61|-158.72
L|-5019.61|-158.72|-5033.43|-165.84
L|-5033.43|-165.84|-5048.02|-171.33
L|-5048.02|-171.33|-5063.01|-175.22
L|-5063.01|-175.22|-5078.03|-177.54
L|-5078.03|-177.54|-5092.79|-178.34
L|-5092.79|-178.34|-5107.32|-177.78
L|-5107.32|-177.78|-5121.72|-176.05
L|-5121.72|-176.05|-5136.08|-173.34
L|-5136.08|-173.34|-5150.51|-169.82
L|-5150.51|-169.82|-5165.1|-165.69
L|-5165.1|-165.69|-5179.96|-161.12
L|-5179.96|-161.12|-5195.19|-156.32
L|-5195.19|-156.32|-5210.88|-151.45
L|-5210.88|-151.45|-5227.13|-146.7
L|-5227.13|-146.7|-5244.03|-142.25
L|-5244.03|-142.25|-5261.56|-138.19
L|-5261.56|-138.19|-5279.68|-134.64
L|-5279.68|-134.64|-5298.37|-131.66
L|-5298.37|-131.66|-5317.59|-129.37
L|-5317.59|-129.37|-5337.31|-127.85
L|-5337.31|-127.85|-5357.49|-127.19
L|-5357.49|-127.19|-5378.11|-127.48
L|-5378.11|-127.48|-5399.12|-128.82
L|-5399.12|-128.82|-5420.5|-131.31
L|-5420.5|-131.31|-5442.13|-135.11
L|-5442.13|-135.11|-5463.64|-140.72
L|-5463.64|-140.72|-5484.54|-148.74
L|-5484.54|-148.74|-5504.39|-159.75
L|-5504.39|-159.75|-5522.71|-174.34
L|-5522.71|-174.34|-5539.04|-193.09
L|-5539.04|-193.09|-5552.92|-216.59
L|-5552.92|-216.59|-5563.88|-245.42
L|-5563.88|-245.42|-5571.46|-280.18
L|-5571.46|-280.18|-5575.2|-321.44
L|-5575.2|-321.44|-5574.78|-369.51
L|-5574.78|-369.51|-5570.51|-423.57
L|-5570.51|-423.57|-5562.87|-482.49
L|-5562.87|-482.49|-5552.3|-545.18
L|-5552.3|-545.18|-5539.29|-610.53
L|-5539.29|-610.53|-5524.28|-677.41
L|-5524.28|-677.41|-5507.75|-744.73
L|-5507.75|-744.73|-5490.16|-811.37
L|-5490.16|-811.37|-5471.97|-876.22
L|-5471.97|-876.22|-5453.65|-938.17
L|-5453.65|-938.17|-5435.55|-996.33
L|-5435.55|-996.33|-5417.62|-1050.63
L|-5417.62|-1050.63|-5399.69|-1101.23
L|-5399.69|-1101.23|-5381.6|-1148.29
L|-5381.6|-1148.29|-5363.17|-1191.95
L|-5363.17|-1191.95|-5344.25|-1232.38
L|-5344.25|-1232.38|-5324.67|-1269.72
L|-5324.67|-1269.72|-5304.26|-1304.13
L|-5304.26|-1304.13|-5282.85|-1335.76
L|-5282.85|-1335.76|-5260.28|-1364.77
L|-5260.28|-1364.77|-5236.45|-1391.29
L|-5236.45|-1391.29|-5211.45|-1415.3
L|-5211.45|-1415.3|-5185.47|-1436.79
L|-5185.47|-1436.79|-5158.65|-1455.72
L|-5158.65|-1455.72|-5131.17|-1472.05
L|-5131.17|-1472.05|-5103.19|-1485.76
L|-5103.19|-1485.76|-5074.89|-1496.83
L|-5074.89|-1496.83|-5046.41|-1505.2
L|-5046.41|-1505.2|-5017.94|-1510.87
L|-5017.94|-1510.87|-4989.62|-1513.79
L|-4989.62|-1513.79|-4961.64|-1514.05
L|-4961.64|-1514.05|-4934.12|-1512.18
L|-4934.12|-1512.18|-4907.19|-1508.84
L|-4907.19|-1508.84|-4880.99|-1504.66
L|-4880.99|-1504.66|-4855.66|-1500.29
L|-4855.66|-1500.29|-4831.31|-1496.39
L|-4831.31|-1496.39|-4808.1|-1493.6
L|-4808.1|-1493.6|-4786.14|-1492.57
L|-4786.14|-1492.57|-4765.58|-1493.94
L|-4765.58|-1493.94|-4746.54|-1498.36
L|-4746.54|-1498.36|-4729.13|-1506.31
L|-4729.13|-1506.31|-4713.39|-1517.57
L|-4713.39|-1517.57|-4699.3|-1531.71
L|-4699.3|-1531.71|-4686.87|-1548.36
L|-4686.87|-1548.36|-4676.09|-1567.1
L|-4676.09|-1567.1|-4666.98|-1587.54
L|-4666.98|-1587.54|-4659.52|-1609.28
L|-4659.52|-1609.28|-4653.72|-1631.9
L|-4653.72|-1631.9|-4649.57|-1655.02
L|-4649.57|-1655.02|-4647.09|-1678.24
L|-4647.09|-1678.24|-4646.22|-1701.23
L|-4646.22|-1701.23|-4646.82|-1724.07
L|-4646.82|-1724.07|-4648.68|-1746.91
L|-4648.68|-1746.91|-4651.59|-1769.91
L|-4651.59|-1769.91|-4655.37|-1793.21
L|-4655.37|-1793.21|-4659.81|-1816.98
L|-4659.81|-1816.98|-4664.72|-1841.36
L|-4664.72|-1841.36|-4669.89|-1866.52
L|-4669.89|-1866.52|-4675.13|-1892.6
L|-4675.13|-1892.6|-4680.24|-1919.76
L|-4680.24|-1919.76|-4685.03|-1948.12
L|-4685.03|-1948.12|-4689.43|-1977.66
L|-4689.43|-1977.66|-4693.36|-2008.3
L|-4693.36|-2008.3|-4696.77|-2039.99
L|-4696.77|-2039.99|-4699.57|-2072.67
L|-4699.57|-2072.67|-4701.72|-2106.27
L|-4701.72|-2106.27|-4703.13|-2140.74
L|-4703.13|-2140.74|-4703.75|-2176.01
L|-4703.75|-2176.01|-4703.51|-2212.02
L|-4703.51|-2212.02|-4702.34|-2248.71
L|-4702.34|-2248.71|-4700.17|-2285.99
L|-4700.17|-2285.99|-4696.94|-2323.74
L|-4696.94|-2323.74|-4692.59|-2361.79
L|-4692.59|-2361.79|-4687.04|-2400.0
L|-4687.04|-2400.0|-4680.24|-2438.21
L|-4680.24|-2438.21|-4672.1|-2476.27
L|-4672.1|-2476.27|-4662.58|-2514.01
L|-4662.58|-2514.01|-4651.59|-2551.3
L|-4651.59|-2551.3|-4639.08|-2587.96
L|-4639.08|-2587.96|-4624.98|-2623.86
L|-4624.98|-2623.86|-4609.25|-2658.82
L|-4609.25|-2658.82|-4591.92|-2692.64
L|-4591.92|-2692.64|-4573.07|-2725.1
L|-4573.07|-2725.1|-4552.76|-2756.0
L|-4552.76|-2756.0|-4531.06|-2785.1
L|-4531.06|-2785.1|-4508.03|-2812.2
L|-4508.03|-2812.2|-4483.74|-2837.08
L|-4483.74|-2837.08|-4458.26|-2859.52
L|-4458.26|-2859.52|-4431.65|-2879.32
L|-4431.65|-2879.32|-4403.98|-2896.24
L|-4403.98|-2896.24|-4375.37|-2910.14
L|-4375.37|-2910.14|-4346.16|-2921.11
L|-4346.16|-2921.11|-4316.76|-2929.31
L|-4316.76|-2929.31|-4287.55|-2934.89
L|-4287.55|-2934.89|-4258.94|-2938.0
L|-4258.94|-2938.0|-4231.33|-2938.8
L|-4231.33|-2938.8|-4205.11|-2937.44
L|-4205.11|-2937.44|-4180.68|-2934.07
L|-4180.68|-2934.07|-4158.43|-2928.86
L|-4158.43|-2928.86|-4138.77|-2921.95
L|-4138.77|-2921.95|-4121.93|-2913.51
L|-4121.93|-2913.51|-4107.48|-2903.82
L|-4107.48|-2903.82|-4094.82|-2893.14
L|-4094.82|-2893.14|-4083.35|-2881.75
L|-4083.35|-2881.75|-4072.47|-2869.93
L|-4072.47|-2869.93|-4061.6|-2857.95
L|-4061.6|-2857.95|-4050.13|-2846.09
L|-4050.13|-2846.09|-4037.46|-2834.64
L|-4037.46|-2834.64|-4023.01|-2823.87
L|-4023.01|-2823.87|-4006.17|-2814.04
L|-4006.17|-2814.04|-3986.52|-2805.32
L|-3986.52|-2805.32|-3964.33|-2797.29
L|-3964.33|-2797.29|-3940.06|-2789.43
L|-3940.06|-2789.43|-3914.14|-2781.2
L|-3914.14|-2781.2|-3887.03|-2772.05
L|-3887.03|-2772.05|-3859.18|-2761.47
L|-3859.18|-2761.47|-3831.02|-2748.91
L|-3831.02|-2748.91|-3803.02|-2733.84
L|-3803.02|-2733.84|-3775.61|-2715.72
L|-3775.61|-2715.72|-3749.24|-2694.03
L|-3749.24|-2694.03|-3724.24|-2668.46
L|-3724.24|-2668.46|-3700.36|-2639.69
L|-3700.36|-2639.69|-3677.25|-2608.62
L|-3677.25|-2608.62|-3654.56|-2576.18
L|-3654.56|-2576.18|-3631.91|-2543.27
L|-3631.91|-2543.27|-3608.96|-2510.81
L|-3608.96|-2510.81|-3585.34|-2479.7
L|-3585.34|-2479.7|-3560.69|-2450.87
L|-3560.69|-2450.87|-3534.65|-2425.21
L|-3534.65|-2425.21|-3506.86|-2403.65
L|-3506.86|-2403.65|-3477.07|-2386.87
L|-3477.07|-2386.87|-3445.5|-2374.6
L|-3445.5|-2374.6|-3412.48|-2366.37
L|-3412.48|-2366.37|-3378.33|-2361.69
L|-3378.33|-2361.69|-3343.38|-2360.07
L|-3343.38|-2360.07|-3307.96|-2361.03
L|-3307.96|-2361.03|-3272.39|-2364.07
L|-3272.39|-2364.07|-3237.01|-2368.72
L|-3237.01|-2368.72|-3202.14|-2374.49
L|-3202.14|-2374.49|-3168.1|-2380.89
L|-3168.1|-2380.89|-3135.13|-2387.5
L|-3135.13|-2387.5|-3103.07|-2394.15
L|-3103.07|-2394.15|-3071.65|-2400.74
L|-3071.65|-2400.74|-3040.6|-2407.18
L|-3040.6|-2407.18|-3009.67|-2413.35
L|-3009.67|-2413.35|-2978.6|-2419.16
L|-2978.6|-2419.16|-2947.12|-2424.5
L|-2947.12|-2424.5|-2914.96|-2429.28
L|-2914.96|-2429.28|-2881.88|-2433.38
L|-2881.88|-2433.38|-2847.6|-2436.71
L|-2847.6|-2436.71|-2811.96|-2439.26
L|-2811.96|-2439.26|-2775.21|-2441.34
L|-2775.21|-2441.34|-2737.66|-2443.35
L|-2737.66|-2443.35|-2699.67|-2445.72
L|-2699.67|-2445.72|-2661.55|-2448.85
L|-2661.55|-2448.85|-2623.66|-2453.14
L|-2623.66|-2453.14|-2586.32|-2459.01
L|-2586.32|-2459.01|-2549.87|-2466.85
L|-2549.87|-2466.85|-2514.64|-2477.08
L|-2514.64|-2477.08|-2480.97|-2490.11
L|-2480.97|-2490.11|-2449.15|-2506.29
L|-2449.15|-2506.29|-2419.32|-2525.76
L|-2419.32|-2525.76|-2391.55|-2548.61
L|-2391.55|-2548.61|-2365.94|-2574.93
L|-2365.94|-2574.93|-2342.57|-2604.8
L|-2342.57|-2604.8|-2321.54|-2638.31
L|-2321.54|-2638.31|-2302.92|-2675.55
L|-2302.92|-2675.55|-2286.81|-2716.6
L|-2286.81|-2716.6|-2273.29|-2761.56
L|-2273.29|-2761.56|-2262.45|-2810.5
L|-2262.45|-2810.5|-2254.35|-2863.39
L|-2254.35|-2863.39|-2248.89|-2919.65
L|-2248.89|-2919.65|-2245.98|-2978.55
L|-2245.98|-2978.55|-2245.48|-3039.39
L|-2245.48|-3039.39|-2247.29|-3101.46
L|-2247.29|-3101.46|-2251.29|-3164.03
L|-2251.29|-3164.03|-2257.36|-3226.41
L|-2257.36|-3226.41|-2265.39|-3287.86
L|-2265.39|-3287.86|-2275.26|-3347.68
L|-2275.26|-3347.68|-2286.86|-3405.16
L|-2286.86|-3405.16|-2299.99|-3459.75
L|-2299.99|-3459.75|-2314.13|-3511.63
L|-2314.13|-3511.63|-2328.69|-3561.12
L|-2328.69|-3561.12|-2343.06|-3608.58
L|-2343.06|-3608.58|-2356.65|-3654.32
L|-2356.65|-3654.32|-2368.86|-3698.71
L|-2368.86|-3698.71|-2379.1|-3742.06
L|-2379.1|-3742.06|-2386.76|-3784.73
L|-2386.76|-3784.73|-2391.25|-3827.05
L|-2391.25|-3827.05|-2391.97|-3869.36
L|-2391.97|-3869.36|-2388.48|-3911.86
L|-2388.48|-3911.86|-2381.04|-3954.22
L|-2381.04|-3954.22|-2370.03|-3995.95
L|-2370.03|-3995.95|-2355.87|-4036.6
L|-2355.87|-4036.6|-2338.95|-4075.68
L|-2338.95|-4075.68|-2319.68|-4112.72
L|-2319.68|-4112.72|-2298.47|-4147.24
L|-2298.47|-4147.24|-2275.71|-4178.79
L|-2275.71|-4178.79|-2251.82|-4206.87
L|-2251.82|-4206.87|-2227.19|-4231.02
L|-2227.19|-4231.02|-2202.14|-4250.95
L|-2202.14|-4250.95|-2176.67|-4267.1
L|-2176.67|-4267.1|-2150.66|-4280.09
L|-2150.66|-4280.09|-2124.02|-4290.56
L|-2124.02|-4290.56|-2096.66|-4299.12
L|-2096.66|-4299.12|-2068.46|-4306.41
L|-2068.46|-4306.41|-2039.34|-4313.04
L|-2039.34|-4313.04|-2009.19|-4319.65
L|-2009.19|-4319.65|-1977.91|-4326.85
L|-1977.91|-4326.85|-1945.41|-4335.28
L|-1945.41|-4335.28|-1911.7|-4345.43
L|-1911.7|-4345.43|-1877.29|-4357.24
L|-1877.29|-4357.24|-1842.82|-4370.53
L|-1842.82|-4370.53|-1808.91|-4385.12
L|-1808.91|-4385.12|-1776.2|-4400.81
L|-1776.2|-4400.81|-1745.31|-4417.43
L|-1745.31|-4417.43|-1716.87|-4434.79
L|-1716.87|-4434.79|-1691.51|-4452.71
L|-1691.51|-4452.71|-1669.87|-4471.0
L|-1669.87|-4471.0|-1652.57|-4489.47
L|-1652.57|-4489.47|-1640.0|-4507.97
L|-1640.0|-4507.97|-1631.53|-4526.51
L|-1631.53|-4526.51|-1626.32|-4545.11
L|-1626.32|-4545.11|-1623.49|-4563.8
L|-1623.49|-4563.8|-1622.19|-4582.62
L|-1622.19|-4582.62|-1621.55|-4601.59
L|-1621.55|-4601.59|-1620.71|-4620.74
L|-1620.71|-4620.74|-1618.81|-4640.11
L|-1618.81|-4640.11|-1614.99|-4659.73
L|-1614.99|-4659.73|-1608.39|-4679.62
L|-1608.39|-4679.62|-1598.28|-4699.81
L|-1598.28|-4699.81|-1584.49|-4720.27
L|-1584.49|-4720.27|-1566.99|-4740.99
L|-1566.99|-4740.99|-1545.74|-4761.92
L|-1545.74|-4761.92|-1520.71|-4783.03
L|-1520.71|-4783.03|-1491.88|-4804.3
L|-1491.88|-4804.3|-1459.19|-4825.69
L|-1459.19|-4825.69|-1422.63|-4847.18
L|-1422.63|-4847.18|-1382.15|-4868.73
L|-1382.15|-4868.73|-1337.73|-4890.31
L|-1337.73|-4890.31|-1289.43|-4911.85
L|-1289.43|-4911.85|-1237.71|-4933.11
L|-1237.71|-4933.11|-1183.14|-4953.82
L|-1183.14|-4953.82|-1126.29|-4973.7
L|-1126.29|-4973.7|-1067.71|-4992.46
L|-1067.71|-4992.46|-1007.96|-5009.84
L|-1007.96|-5009.84|-947.62|-5025.56
L|-947.62|-5025.56|-887.25|-5039.33
L|-887.25|-5039.33|-827.41|-5050.88
L|-827.41|-5050.88|-768.66|-5059.94
L|-768.66|-5059.94|-711.54|-5066.29
L|-711.54|-5066.29|-656.43|-5070.06
L|-656.43|-5070.06|-603.72|-5071.41
L|-603.72|-5071.41|-553.76|-5070.55
L|-553.76|-5070.55|-506.91|-5067.65
L|-506.91|-5067.65|-463.54|-5062.9
L|-463.54|-5062.9|-424.02|-5056.49
L|-424.02|-5056.49|-388.71|-5048.59
L|-388.71|-5048.59|-357.97|-5039.4
L|-357.97|-5039.4|-332.18|-5029.1
L|-332.18|-5029.1|-311.54|-5017.84
L|-311.54|-5017.84|-295.75|-5005.66
L|-295.75|-5005.66|-284.34|-4992.55
L|-284.34|-4992.55|-276.84|-4978.51
L|-276.84|-4978.51|-272.78|-4963.55
L|-272.78|-4963.55|-271.71|-4947.67
L|-271.71|-4947.67|-273.16|-4930.86
L|-273.16|-4930.86|-276.66|-4913.12
L|-276.66|-4913.12|-281.75|-4894.47
L|-281.75|-4894.47|-287.97|-4874.88
L|-287.97|-4874.88|-294.85|-4854.39
L|-294.85|-4854.39|-301.9|-4833.1
L|-301.9|-4833.1|-308.61|-4811.14
L|-308.61|-4811.14|-314.5|-4788.61
L|-314.5|-4788.61|-319.05|-4765.66
L|-319.05|-4765.66|-321.79|-4742.4
L|-321.79|-4742.4|-322.2|-4718.95
L|-322.2|-4718.95|-319.8|-4695.45
L|-319.8|-4695.45|-314.08|-4672.0
L|-314.08|-4672.0|-304.55|-4648.75
L|-304.55|-4648.75|-290.86|-4625.8
L|-290.86|-4625.8|-273.26|-4603.32
L|-273.26|-4603.32|-252.14|-4581.45
L|-252.14|-4581.45|-227.91|-4560.36
L|-227.91|-4560.36|-200.96|-4540.19
L|-200.96|-4540.19|-171.69|-4521.1
L|-171.69|-4521.1|-140.49|-4503.24
L|-140.49|-4503.24|-107.78|-4486.77
L|-107.78|-4486.77|-73.93|-4471.85
L|-73.93|-4471.85|-39.36|-4458.61
L|-39.36|-4458.61|-4.44|-4447.21
L|-4.44|-4447.21|30.51|-4437.72
L|30.51|-4437.72|65.19|-4430.21
L|65.19|-4430.21|99.31|-4424.73
L|99.31|-4424.73|132.57|-4421.34
L|132.57|-4421.34|164.67|-4420.12
L|164.67|-4420.12|195.31|-4421.11
L|195.31|-4421.11|224.19|-4424.39
L|224.19|-4424.39|251.02|-4430.01
L|251.02|-4430.01|275.5|-4438.04
L|275.5|-4438.04|297.48|-4448.48
L|297.48|-4448.48|317.44|-4461.15
L|317.44|-4461.15|336.0|-4475.78
L|336.0|-4475.78|353.81|-4492.15
L|353.81|-4492.15|371.48|-4510.0
L|371.48|-4510.0|389.65|-4529.08
L|389.65|-4529.08|408.95|-4549.15
L|408.95|-4549.15|430.01|-4569.95
L|430.01|-4569.95|453.45|-4591.25
L|453.45|-4591.25|479.91|-4612.8
L|479.91|-4612.8|509.85|-4634.33
L|509.85|-4634.33|543.07|-4655.55
L|543.07|-4655.55|579.21|-4676.16
L|579.21|-4676.16|617.91|-4695.84
L|617.91|-4695.84|658.79|-4714.29
L|658.79|-4714.29|701.49|-4731.2
L|701.49|-4731.2|745.65|-4746.25
L|745.65|-4746.25|790.91|-4759.15
L|790.91|-4759.15|836.89|-4769.58
L|836.89|-4769.58|883.24|-4777.24
L|883.24|-4777.24|929.63|-4781.91
L|929.63|-4781.91|975.85|-4783.74
L|975.85|-4783.74|1021.73|-4782.98
L|1021.73|-4782.98|1067.12|-4779.88
L|1067.12|-4779.88|1111.85|-4774.68
L|1111.85|-4774.68|1155.74|-4767.63
L|1155.74|-4767.63|1198.65|-4758.98
L|1198.65|-4758.98|1240.39|-4748.97
L|1240.39|-4748.97|1280.81|-4737.85
L|1280.81|-4737.85|1319.73|-4725.86
L|1319.73|-4725.86|1357.0|-4713.2
L|1357.0|-4713.2|1392.48|-4699.84
L|1392.48|-4699.84|1426.04|-4685.66
L|1426.04|-4685.66|1457.55|-4670.6
L|1457.55|-4670.6|1486.86|-4654.54
L|1486.86|-4654.54|1513.86|-4637.41
L|1513.86|-4637.41|1538.4|-4619.11
L|1538.4|-4619.11|1560.36|-4599.54
L|1560.36|-4599.54|1579.6|-4578.61
L|1579.6|-4578.61|1595.99|-4556.24
L|1595.99|-4556.24|1609.46|-4532.37
L|1609.46|-4532.37|1620.21|-4507.18
L|1620.21|-4507.18|1628.51|-4480.88
L|1628.51|-4480.88|1634.62|-4453.69
L|1634.62|-4453.69|1638.81|-4425.82
L|1638.81|-4425.82|1641.34|-4397.48
L|1641.34|-4397.48|1642.49|-4368.91
L|1642.49|-4368.91|1642.49|-4340.3
L|1642.49|-4340.3|1641.63|-4311.87
L|1641.63|-4311.87|1640.19|-4283.85
L|1640.19|-4283.85|1638.42|-4256.41
L|1638.42|-4256.41|1636.7|-4229.59
L|1636.7|-4229.59|1635.36|-4203.39
L|1635.36|-4203.39|1634.79|-4177.8
L|1634.79|-4177.8|1635.35|-4152.83
L|1635.35|-4152.83|1637.4|-4128.48
L|1637.4|-4128.48|1641.31|-4104.74
L|1641.31|-4104.74|1647.44|-4081.62
L|1647.44|-4081.62|1656.15|-4059.12
L|1656.15|-4059.12|1667.81|-4037.23
L|1667.81|-4037.23|1682.67|-4016.01
L|1682.67|-4016.01|1700.48|-3995.71
L|1700.48|-3995.71|1720.87|-3976.65
L|1720.87|-3976.65|1743.48|-3959.13
L|1743.48|-3959.13|1767.95|-3943.45
L|1767.95|-3943.45|1793.91|-3929.94
L|1793.91|-3929.94|1821.0|-3918.89
L|1821.0|-3918.89|1848.85|-3910.61
L|1848.85|-3910.61|1877.1|-3905.42
L|1877.1|-3905.42|1905.38|-3903.62
L|1905.38|-3903.62|1933.4|-3905.37
L|1933.4|-3905.37|1961.23|-3910.2
L|1961.23|-3910.2|1988.99|-3917.5
L|1988.99|-3917.5|2016.82|-3926.65
L|2016.82|-3926.65|2044.85|-3937.03
L|2044.85|-3937.03|2073.21|-3948.03
L|2073.21|-3948.03|2102.03|-3959.03
L|2102.03|-3959.03|2131.45|-3969.41
L|2131.45|-3969.41|2161.6|-3978.56
L|2161.6|-3978.56|2192.61|-3985.86
L|2192.61|-3985.86|2224.48|-3990.8
L|2224.48|-3990.8|2256.65|-3993.38
L|2256.65|-3993.38|2288.42|-3993.67
L|2288.42|-3993.67|2319.1|-3991.78
L|2319.1|-3991.78|2347.99|-3987.78
L|2347.99|-3987.78|2374.39|-3981.78
L|2374.39|-3981.78|2397.61|-3973.87
L|2397.61|-3973.87|2416.96|-3964.14
L|2416.96|-3964.14|2431.73|-3952.68
L|2431.73|-3952.68|2441.22|-3939.59
L|2441.22|-3939.59|2445.04|-3924.99
L|2445.04|-3924.99|2443.88|-3909.12
L|2443.88|-3909.12|2438.74|-3892.26
L|2438.74|-3892.26|2430.61|-3874.7
L|2430.61|-3874.7|2420.5|-3856.7
L|2420.5|-3856.7|2409.4|-3838.55
L|2409.4|-3838.55|2398.29|-3820.52
L|2398.29|-3820.52|2388.18|-3802.9
L|2388.18|-3802.9|2380.06|-3785.95
L|2380.06|-3785.95|2374.92|-3769.96
L|2374.92|-3769.96|2373.55|-3755.18
L|2373.55|-3755.18|2375.85|-3741.72
L|2375.85|-3741.72|2381.54|-3729.68
L|2381.54|-3729.68|2390.3|-3719.15
L|2390.3|-3719.15|2401.86|-3710.23
L|2401.86|-3710.23|2415.9|-3703.0
L|2415.9|-3703.0|2432.12|-3697.56
L|2432.12|-3697.56|2450.24|-3694.0
L|2450.24|-3694.0|2469.95|-3692.42
L|2469.95|-3692.42|2490.95|-3692.9
L|2490.95|-3692.9|2512.98|-3695.46
L|2512.98|-3695.46|2535.95|-3699.81
L|2535.95|-3699.81|2559.77|-3705.58
L|2559.77|-3705.58|2584.39|-3712.39
L|2584.39|-3712.39|2609.74|-3719.89
L|2609.74|-3719.89|2635.75|-3727.69
L|2635.75|-3727.69|2662.36|-3735.43
L|2662.36|-3735.43|2689.5|-3742.73
L|2689.5|-3742.73|2717.1|-3749.24
L|2717.1|-3749.24|2745.11|-3754.57
L|2745.11|-3754.57|2773.46|-3758.43
L|2773.46|-3758.43|2802.21|-3760.77
L|2802.21|-3760.77|2831.43|-3761.64
L|2831.43|-3761.64|2861.18|-3761.05
L|2861.18|-3761.05|2891.52|-3759.05
L|2891.52|-3759.05|2922.53|-3755.66
L|2922.53|-3755.66|2954.26|-3750.92
L|2954.26|-3750.92|2986.8|-3744.84
L|2986.8|-3744.84|3020.19|-3737.48
L|3020.19|-3737.48|3054.51|-3728.85
L|3054.51|-3728.85|3089.74|-3719.0
L|3089.74|-3719.0|3125.5|-3708.0
L|3125.5|-3708.0|3161.32|-3695.96
L|3161.32|-3695.96|3196.75|-3682.97
L|3196.75|-3682.97|3231.32|-3669.11
L|3231.32|-3669.11|3264.56|-3654.48
L|3264.56|-3654.48|3296.0|-3639.18
L|3296.0|-3639.18|3325.2|-3623.28
L|3325.2|-3623.28|3351.68|-3606.9
L|3351.68|-3606.9|3374.97|-3590.11
L|3374.97|-3590.11|3394.75|-3573.0
L|3394.75|-3573.0|3411.21|-3555.58
L|3411.21|-3555.58|3424.7|-3537.85
L|3424.7|-3537.85|3435.53|-3519.81
L|3435.53|-3519.81|3444.03|-3501.46
L|3444.03|-3501.46|3450.55|-3482.8
L|3450.55|-3482.8|3455.42|-3463.84
L|3455.42|-3463.84|3458.95|-3444.56
L|3458.95|-3444.56|3461.49|-3424.98
L|3461.49|-3424.98|3463.37|-3405.09
L|3463.37|-3405.09|3464.85|-3384.9
L|3464.85|-3384.9|3465.94|-3364.46
L|3465.94|-3364.46|3466.55|-3343.84
L|3466.55|-3343.84|3466.64|-3323.09
L|3466.64|-3323.09|3466.13|-3302.28
L|3466.13|-3302.28|3464.96|-3281.47
L|3464.96|-3281.47|3463.06|-3260.73
L|3463.06|-3260.73|3460.37|-3240.1
L|3460.37|-3240.1|3456.81|-3219.67
L|3456.81|-3219.67|3452.32|-3199.48
L|3452.32|-3199.48|3446.9|-3179.58
L|3446.9|-3179.58|3440.74|-3160.0
L|3440.74|-3160.0|3434.12|-3140.73
L|3434.12|-3140.73|3427.3|-3121.76
L|3427.3|-3121.76|3420.55|-3103.1
L|3420.55|-3103.1|3414.13|-3084.76
L|3414.13|-3084.76|3408.31|-3066.72
L|3408.31|-3066.72|3403.35|-3048.99
L|3403.35|-3048.99|3399.51|-3031.57
L|3399.51|-3031.57|3397.07|-3014.46
L|3397.07|-3014.46|3396.24|-2997.69
L|3396.24|-2997.69|3397.07|-2981.45
L|3397.07|-2981.45|3399.56|-2965.94
L|3399.56|-2965.94|3403.7|-2951.4
L|3403.7|-2951.4|3409.5|-2938.02
L|3409.5|-2938.02|3416.96|-2926.04
L|3416.96|-2926.04|3426.08|-2915.65
L|3426.08|-2915.65|3436.85|-2907.09
L|3436.85|-2907.09|3449.28|-2900.56
L|3449.28|-2900.56|3463.37|-2896.28
L|3463.37|-2896.28|3479.11|-2894.38
L|3479.11|-2894.38|3496.43|-2894.71
L|3496.43|-2894.71|3515.29|-2897.01
L|3515.29|-2897.01|3535.6|-2901.04
L|3535.6|-2901.04|3557.3|-2906.55
L|3557.3|-2906.55|3580.32|-2913.29
L|3580.32|-2913.29|3604.61|-2921.01
L|3604.61|-2921.01|3630.09|-2929.48
L|3630.09|-2929.48|3656.69|-2938.44
L|3656.69|-2938.44|3684.36|-2947.65
L|3684.36|-2947.65|3712.99|-2956.84
L|3712.99|-2956.84|3742.38|-2965.62
L|3742.38|-2965.62|3772.3|-2973.6
L|3772.3|-2973.6|3802.52|-2980.39
L|3802.52|-2980.39|3832.81|-2985.57
L|3832.81|-2985.57|3862.93|-2988.74
L|3862.93|-2988.74|3892.65|-2989.51
L|3892.65|-2989.51|3921.75|-2987.47
L|3921.75|-2987.47|3949.98|-2982.23
L|3949.98|-2982.23|3977.12|-2973.38
L|3977.12|-2973.38|4002.98|-2960.65
L|4002.98|-2960.65|4027.59|-2944.35
L|4027.59|-2944.35|4051.0|-2924.91
L|4051.0|-2924.91|4073.29|-2902.75
L|4073.29|-2902.75|4094.51|-2878.3
L|4094.51|-2878.3|4114.74|-2852.01
L|4114.74|-2852.01|4134.05|-2824.3
L|4134.05|-2824.3|4152.49|-2795.6
L|4152.49|-2795.6|4170.14|-2766.34
L|4170.14|-2766.34|4187.06|-2736.96
L|4187.06|-2736.96|4203.26|-2707.83
L|4203.26|-2707.83|4218.53|-2679.06
L|4218.53|-2679.06|4232.6|-2650.73
L|4232.6|-2650.73|4245.22|-2622.89
L|4245.22|-2622.89|4256.12|-2595.61
L|4256.12|-2595.61|4265.03|-2568.94
L|4265.03|-2568.94|4271.68|-2542.95
L|4271.68|-2542.95|4275.81|-2517.7
L|4275.81|-2517.7|4277.16|-2493.26
L|4277.16|-2493.26|4275.46|-2469.67
L|4275.46|-2469.67|4270.58|-2446.98
L|4270.58|-2446.98|4262.99|-2425.06
L|4262.99|-2425.06|4253.28|-2403.76
L|4253.28|-2403.76|4242.04|-2382.91
L|4242.04|-2382.91|4229.88|-2362.38
L|4229.88|-2362.38|4217.38|-2342.0
L|4217.38|-2342.0|4205.15|-2321.62
L|4205.15|-2321.62|4193.77|-2301.09
L|4193.77|-2301.09|4183.86|-2280.25
L|4183.86|-2280.25|4176.01|-2258.95
L|4176.01|-2258.95|4170.67|-2237.09
L|4170.67|-2237.09|4167.77|-2214.82
L|4167.77|-2214.82|4167.11|-2192.34
L|4167.11|-2192.34|4168.47|-2169.87
L|4168.47|-2169.87|4171.65|-2147.6
L|4171.65|-2147.6|4176.44|-2125.75
L|4176.44|-2125.75|4182.63|-2104.52
L|4182.63|-2104.52|4190.01|-2084.11
L|4190.01|-2084.11|4198.36|-2064.73
L|4198.36|-2064.73|4207.5|-2046.6
L|4207.5|-2046.6|4217.2|-2029.83
L|4217.2|-2029.83|4227.36|-2014.24
L|4227.36|-2014.24|4237.83|-1999.59
L|4237.83|-1999.59|4248.51|-1985.61
L|4248.51|-1985.61|4259.27|-1972.05
L|4259.27|-1972.05|4269.99|-1958.65
L|4269.99|-1958.65|4280.56|-1945.16
L|4280.56|-1945.16|4290.85|-1931.32
L|4290.85|-1931.32|4300.74|-1916.87
L|4300.74|-1916.87|4310.11|-1901.56
L|4310.11|-1901.56|4318.86|-1885.2
L|4318.86|-1885.2|4326.94|-1867.86
L|4326.94|-1867.86|4334.33|-1849.7
L|4334.33|-1849.7|4340.99|-1830.85
L|4340.99|-1830.85|4346.9|-1811.47
L|4346.9|-1811.47|4352.03|-1791.69
L|4352.03|-1791.69|4356.35|-1771.67
L|4356.35|-1771.67|4359.83|-1751.55
L|4359.83|-1751.55|4362.45|-1731.47
L|4362.45|-1731.47|4364.16|-1711.58
L|4364.16|-1711.58|4364.96|-1692.01
L|4364.96|-1692.01|4364.82|-1672.78
L|4364.82|-1672.78|4363.75|-1653.9
L|4363.75|-1653.9|4361.72|-1635.39
L|4361.72|-1635.39|4358.73|-1617.24
L|4358.73|-1617.24|4354.78|-1599.48
L|4354.78|-1599.48|4349.85|-1582.09
L|4349.85|-1582.09|4343.94|-1565.11
L|4343.94|-1565.11|4337.04|-1548.53
L|4337.04|-1548.53|4329.14|-1532.35
L|4329.14|-1532.35|4320.24|-1516.59
L|4320.24|-1516.59|4310.39|-1501.2
L|4310.39|-1501.2|4299.64|-1486.11
L|4299.64|-1486.11|4288.05|-1471.29
L|4288.05|-1471.29|4275.68|-1456.67
L|4275.68|-1456.67|4262.58|-1442.2
L|4262.58|-1442.2|4248.81|-1427.83
L|4248.81|-1427.83|4234.43|-1413.5
L|4234.43|-1413.5|4219.49|-1399.16
L|4219.49|-1399.16|4204.04|-1384.76
L|4204.04|-1384.76|4188.15|-1370.29
L|4188.15|-1370.29|4171.91|-1355.97
L|4171.91|-1355.97|4155.4|-1342.08
L|4155.4|-1342.08|4138.72|-1328.88
L|4138.72|-1328.88|4121.96|-1316.64
L|4121.96|-1316.64|4105.2|-1305.63
L|4105.2|-1305.63|4088.55|-1296.13
L|4088.55|-1296.13|4072.09|-1288.4
L|4072.09|-1288.4|4055.91|-1282.72
L|4055.91|-1282.72|4040.11|-1279.35
L|4040.11|-1279.35|4024.72|-1278.43
L|4024.72|-1278.43|4009.58|-1279.57
L|4009.58|-1279.57|3994.49|-1282.26
L|3994.49|-1282.26|3979.22|-1285.97
L|3979.22|-1285.97|3963.57|-1290.18
L|3963.57|-1290.18|3947.32|-1294.37
L|3947.32|-1294.37|3930.27|-1298.02
L|3930.27|-1298.02|3912.2|-1300.61
L|3912.2|-1300.61|3892.89|-1301.63
L|3892.89|-1301.63|3872.14|-1300.54
L|3872.14|-1300.54|3849.88|-1296.95
L|3849.88|-1296.95|3826.58|-1290.97
L|3826.58|-1290.97|3802.89|-1282.84
L|3802.89|-1282.84|3779.43|-1272.77
L|3779.43|-1272.77|3756.84|-1261.01
L|3756.84|-1261.01|3735.73|-1247.79
L|3735.73|-1247.79|3716.75|-1233.33
L|3716.75|-1233.33|3700.51|-1217.87
L|3700.51|-1217.87|3687.66|-1201.64
L|3687.66|-1201.64|3678.82|-1184.87
L|3678.82|-1184.87|3674.39|-1167.75
L|3674.39|-1167.75|3673.91|-1150.33
L|3673.91|-1150.33|3676.67|-1132.59
L|3676.67|-1132.59|3681.99|-1114.55
L|3681.99|-1114.55|3689.16|-1096.2
L|3689.16|-1096.2|3697.49|-1077.55
L|3697.49|-1077.55|3706.29|-1058.59
L|3706.29|-1058.59|3714.85|-1039.31
L|3714.85|-1039.31|3722.49|-1019.73
L|3722.49|-1019.73|3728.51|-999.85
L|3728.51|-999.85|3732.32|-979.67
L|3732.32|-979.67|3733.86|-959.27
L|3733.86|-959.27|3733.14|-938.75
L|3733.14|-938.75|3730.2|-918.2
L|3730.2|-918.2|3725.07|-897.72
L|3725.07|-897.72|3717.79|-877.38
L|3717.79|-877.38|3708.39|-857.3
L|3708.39|-857.3|3696.9|-837.55
L|3696.9|-837.55|3683.35|-818.23
L|3683.35|-818.23|3667.78|-799.44
L|3667.78|-799.44|3650.34|-781.21
L|3650.34|-781.21|3631.64|-763.42
L|3631.64|-763.42|3612.4|-745.87
L|3612.4|-745.87|3593.36|-728.38
L|3593.36|-728.38|3575.25|-710.77
L|3575.25|-710.77|3558.8|-692.85
L|3558.8|-692.85|3544.73|-674.44
L|3544.73|-674.44|3533.78|-655.35
L|3533.78|-655.35|3526.68|-635.4
L|3526.68|-635.4|3524.15|-614.4
L|3524.15|-614.4|3526.71|-592.24
L|3526.71|-592.24|3534.05|-569.13
L|3534.05|-569.13|3545.63|-545.34
L|3545.63|-545.34|3560.92|-521.15
L|3560.92|-521.15|3579.4|-496.84
L|3579.4|-496.84|3600.52|-472.69
L|3600.52|-472.69|3623.77|-448.96
L|3623.77|-448.96|3648.61|-425.94
L|3648.61|-425.94|3674.51|-403.91
L|3674.51|-403.91|3700.93|-383.15
L|3700.93|-383.15|3727.42|-363.91
L|3727.42|-363.91|3753.74|-346.44
L|3753.74|-346.44|3779.73|-330.93
L|3779.73|-330.93|3805.22|-317.62
L|3805.22|-317.62|3830.05|-306.71
L|3830.05|-306.71|3854.05|-298.42
L|3854.05|-298.42|3877.05|-292.97
L|3877.05|-292.97|3898.9|-290.57
L|3898.9|-290.57|3919.41|-291.43
L|3919.41|-291.43|3938.44|-295.79
L|3938.44|-295.79|3955.95|-303.73
L|3955.95|-303.73|3972.42|-314.91
L|3972.42|-314.91|3988.51|-328.86
L|3988.51|-328.86|4004.82|-345.13
L|4004.82|-345.13|4021.99|-363.24
L|4021.99|-363.24|4040.66|-382.75
L|4040.66|-382.75|4061.45|-403.17
L|4061.45|-403.17|4085.0|-424.06
L|4085.0|-424.06|4111.92|-444.95
L|4111.92|-444.95|4142.85|-465.38
L|4142.85|-465.38|4178.19|-484.94
L|4178.19|-484.94|4217.38|-503.49
L|4217.38|-503.49|4259.61|-520.92
L|4259.61|-520.92|4304.1|-537.15
L|4304.1|-537.15|4350.05|-552.09
L|4350.05|-552.09|4396.66|-565.64
L|4396.66|-565.64|4443.13|-577.71
L|4443.13|-577.71|4488.68|-588.21
L|4488.68|-588.21|4532.51|-597.04
L|4532.51|-597.04|4573.81|-604.12
L|4573.81|-604.12|4611.98|-609.36
L|4611.98|-609.36|4647.1|-612.75
L|4647.1|-612.75|4679.43|-614.3
L|4679.43|-614.3|4709.25|-613.99
L|4709.25|-613.99|4736.81|-611.84
L|4736.81|-611.84|4762.38|-607.83
L|4762.38|-607.83|4786.22|-601.97
L|4786.22|-601.97|4808.61|-594.27
L|4808.61|-594.27|4829.8|-584.71
L|4829.8|-584.71|4850.07|-573.3
L|4850.07|-573.3|4869.61|-559.99
L|4869.61|-559.99|4888.35|-544.56
L|4888.35|-544.56|4906.16|-526.72
L|4906.16|-526.72|4922.91|-506.19
L|4922.91|-506.19|4938.47|-482.71
L|4938.47|-482.71|4952.71|-455.98
L|4952.71|-455.98|4965.48|-425.74
L|4965.48|-425.74|4976.66|-391.71
L|4976.66|-391.71|4986.12|-353.61
L|4986.12|-353.61|4993.72|-311.16
L|4993.72|-311.16|4999.33|-264.3
L|4999.33|-264.3|5002.74|-213.84
L|5002.74|-213.84|5003.77|-160.78
L|5003.77|-160.78|5002.21|-106.15
L|5002.21|-106.15|4997.87|-50.97
L|4997.87|-50.97|4990.54|3.75
L|4990.54|3.75|4980.03|56.99
L|4980.03|56.99|4966.14|107.73
L|4966.14|107.73|4948.67|154.96
L|4948.67|154.96|4927.42|197.65
L|4927.42|197.65|4902.33|235.05
L|4902.33|235.05|4873.9|267.38
L|4873.9|267.38|4842.74|295.16
L|4842.74|295.16|4809.49|318.86
L|4809.49|318.86|4774.79|338.99
L|4774.79|338.99|4739.26|356.03
L|4739.26|356.03|4703.53|370.48
L|4703.53|370.48|4668.23|382.84
L|4668.23|382.84|4633.99|393.59
L|4633.99|393.59|4601.44|403.23
L|4601.44|403.23|4571.11|412.22
L|4571.11|412.22|4543.1|420.87
L|4543.1|420.87|4517.4|429.46
L|4517.4|429.46|4494.03|438.26
L|4494.03|438.26|4472.98|447.56
L|4472.98|447.56|4454.25|457.62
L|4454.25|457.62|4437.84|468.74
L|4437.84|468.74|4423.75|481.18
L|4423.75|481.18|4411.98|495.23
L|4411.98|495.23|4402.54|511.15
L|4402.54|511.15|4395.42|529.12
L|4395.42|529.12|4390.69|548.89
L|4390.69|548.89|4388.41|570.07
L|4388.41|570.07|4388.66|592.3
L|4388.66|592.3|4391.49|615.21
L|4391.49|615.21|4396.97|638.42
L|4396.97|638.42|4405.17|661.58
L|4405.17|661.58|4416.15|684.3
L|4416.15|684.3|4429.98|706.22
L|4429.98|706.22|4446.74|726.97
L|4446.74|726.97|4466.4|746.28
L|4466.4|746.28|4488.68|764.26
L|4488.68|764.26|4513.22|781.13
L|4513.22|781.13|4539.65|797.11
L|4539.65|797.11|4567.6|812.41
L|4567.6|812.41|4596.71|827.24
L|4596.71|827.24|4626.62|841.83
L|4626.62|841.83|4656.96|856.39
L|4656.96|856.39|4687.36|871.14
L|4687.36|871.14|4717.47|886.28
L|4717.47|886.28|4746.92|902.05
L|4746.92|902.05|4775.42|918.64
L|4775.42|918.64|4802.65|936.29
L|4802.65|936.29|4828.32|955.19
L|4828.32|955.19|4852.14|975.58
L|4852.14|975.58|4873.81|997.66
L|4873.81|997.66|4893.02|1021.66
L|4893.02|1021.66|4909.48|1047.78
L|4909.48|1047.78|4922.89|1076.25
L|4922.89|1076.25|4932.95|1107.27
L|4932.95|1107.27|4939.44|1140.98
L|4939.44|1140.98|4942.45|1177.12
L|4942.45|1177.12|4942.15|1215.36
L|4942.15|1215.36|4938.69|1255.36
L|4938.69|1255.36|4932.26|1296.77
L|4932.26|1296.77|4923.0|1339.27
L|4923.0|1339.27|4911.1|1382.5
L|4911.1|1382.5|4896.7|1426.14
L|4896.7|1426.14|4879.99|1469.84
L|4879.99|1469.84|4861.12|1513.26
L|4861.12|1513.26|4840.29|1556.14
L|4840.29|1556.14|4817.76|1598.54
L|4817.76|1598.54|4793.84|1640.56
L|4793.84|1640.56|4768.83|1682.33
L|4768.83|1682.33|4743.02|1723.99
L|4743.02|1723.99|4716.72|1765.64
L|4716.72|1765.64|4690.21|1807.42
L|4690.21|1807.42|4663.81|1849.44
L|4663.81|1849.44|4637.8|1891.83
L|4637.8|1891.83|4612.49|1934.71
L|4612.49|1934.71|4588.08|1978.1
L|4588.08|1978.1|4564.4|2021.55
L|4564.4|2021.55|4541.18|2064.5
L|4541.18|2064.5|4518.17|2106.41
L|4518.17|2106.41|4495.08|2146.71
L|4495.08|2146.71|4471.67|2184.85
L|4471.67|2184.85|4447.65|2220.28
L|4447.65|2220.28|4422.78|2252.44
L|4422.78|2252.44|4396.78|2280.78
L|4396.78|2280.78|4369.39|2304.74
L|4369.39|2304.74|4340.44|2323.97
L|4340.44|2323.97|4310.24|2338.95
L|4310.24|2338.95|4279.18|2350.35
L|4279.18|2350.35|4247.66|2358.85
L|4247.66|2358.85|4216.06|2365.13
L|4216.06|2365.13|4184.8|2369.87
L|4184.8|2369.87|4154.27|2373.75
L|4154.27|2373.75|4124.86|2377.44
L|4124.86|2377.44|4096.99|2381.63
L|4096.99|2381.63|4071.03|2386.98
L|4071.03|2386.98|4047.33|2394.07
L|4047.33|2394.07|4025.99|2402.94
L|4025.99|2402.94|4007.03|2413.53
L|4007.03|2413.53|3990.49|2425.79
L|3990.49|2425.79|3976.41|2439.65
L|3976.41|2439.65|3964.81|2455.06
L|3964.81|2455.06|3955.74|2471.95
L|3955.74|2471.95|3949.21|2490.25
L|3949.21|2490.25|3945.27|2509.91
L|3945.27|2509.91|3943.95|2530.87
L|3943.95|2530.87|3945.23|2553.06
L|3945.23|2553.06|3948.86|2576.43
L|3948.86|2576.43|3954.54|2600.9
L|3954.54|2600.9|3961.98|2626.43
L|3961.98|2626.43|3970.89|2652.94
L|3970.89|2652.94|3980.95|2680.38
L|3980.95|2680.38|3991.87|2708.68
L|3991.87|2708.68|4003.36|2737.78
L|4003.36|2737.78|4015.11|2767.62
L|4015.11|2767.62|4026.83|2798.14
L|4026.83|2798.14|4038.18|2829.32
L|4038.18|2829.32|4048.66|2861.33
L|4048.66|2861.33|4057.76|2894.39
L|4057.76|2894.39|4064.93|2928.72
L|4064.93|2928.72|4069.65|2964.52
L|4069.65|2964.52|4071.39|3002.02
L|4071.39|3002.02|4069.61|3041.43
L|4069.61|3041.43|4063.79|3082.97
L|4063.79|3082.97|4053.39|3126.85
L|4053.39|3126.85|4037.9|3173.29
L|4037.9|3173.29|4016.93|3222.4
L|4016.93|3222.4|3990.79|3273.82
L|3990.79|3273.82|3959.94|3327.08
L|3959.94|3327.08|3924.86|3381.74
L|3924.86|3381.74|3885.99|3437.32
L|3885.99|3437.32|3843.81|3493.37
L|3843.81|3493.37|3798.78|3549.41
L|3798.78|3549.41|3751.36|3605.0
L|3751.36|3605.0|3702.01|3659.66
L|3702.01|3659.66|3651.21|3712.93
L|3651.21|3712.93|3599.39|3764.37
L|3599.39|3764.37|3546.9|3813.66
L|3546.9|3813.66|3494.09|3860.48
L|3494.09|3860.48|3441.27|3904.52
L|3441.27|3904.52|3388.78|3945.49
L|3388.78|3945.49|3336.96|3983.05
L|3336.96|3983.05|3286.13|4016.92
L|3286.13|4016.92|3236.62|4046.78
L|3236.62|4046.78|3188.77|4072.33
L|3188.77|4072.33|3142.91|4093.24
L|3142.91|4093.24|3099.31|4109.35
L|3099.31|4109.35|3057.96|4120.92
L|3057.96|4120.92|3018.8|4128.35
L|3018.8|4128.35|2981.76|4132.06
L|2981.76|4132.06|2946.77|4132.43
L|2946.77|4132.43|2913.78|4129.88
L|2913.78|4129.88|2882.7|4124.79
L|2882.7|4124.79|2853.49|4117.58
L|2853.49|4117.58|2826.06|4108.64
L|2826.06|4108.64|2800.36|4098.37
L|2800.36|4098.37|2776.25|4087.2
L|2776.25|4087.2|2753.37|4075.59
L|2753.37|4075.59|2731.29|4064.04
L|2731.29|4064.04|2709.57|4053.05
L|2709.57|4053.05|2687.78|4043.11
L|2687.78|4043.11|2665.5|4034.71
L|2665.5|4034.71|2642.29|4028.34
L|2642.29|4028.34|2617.72|4024.5
L|2617.72|4024.5|2591.36|4023.69
L|2591.36|4023.69|2562.78|4026.39
L|2562.78|4026.39|2531.73|4032.91
L|2531.73|4032.91|2498.73|4042.79
L|2498.73|4042.79|2464.47|4055.38
L|2464.47|4055.38|2429.64|4070.04
L|2429.64|4070.04|2394.95|4086.12
L|2394.95|4086.12|2361.09|4102.98
L|2361.09|4102.98|2328.75|4119.95
L|2328.75|4119.95|2298.63|4136.4
L|2298.63|4136.4|2271.43|4151.68
L|2271.43|4151.68|2247.84|4165.14
L|2247.84|4165.14|2228.38|4176.36
L|2228.38|4176.36|2212.84|4185.82
L|2212.84|4185.82|2200.8|4194.24
L|2200.8|4194.24|2191.89|4202.31
L|2191.89|4202.31|2185.69|4210.76
L|2185.69|4210.76|2181.81|4220.28
L|2181.81|4220.28|2179.85|4231.59
L|2179.85|4231.59|2179.42|4245.4
L|2179.42|4245.4|2180.12|4262.42
L|2180.12|4262.42|2181.54|4283.36
L|2181.54|4283.36|2183.39|4308.68
L|2183.39|4308.68|2185.74|4337.88
L|2185.74|4337.88|2188.75|4370.24
L|2188.75|4370.24|2192.59|4404.99
L|2192.59|4404.99|2197.43|4441.41
L|2197.43|4441.41|2203.42|4478.76
L|2203.42|4478.76|2210.74|4516.29
L|2210.74|4516.29|2219.56|4553.27
L|2219.56|4553.27|2230.03|4588.95
L|2230.03|4588.95|2242.32|4622.6
L|2242.32|4622.6|2256.42|4653.62
L|2256.42|4653.62|2271.62|4682.06
L|2271.62|4682.06|2287.02|4708.08
L|2287.02|4708.08|2301.73|4731.89
L|2301.73|4731.89|2314.84|4753.66
L|2314.84|4753.66|2325.46|4773.58
L|2325.46|4773.58|2332.71|4791.84
L|2332.71|4791.84|2335.68|4808.61
L|2335.68|4808.61|2333.48|4824.09
L|2333.48|4824.09|2325.21|4838.45
L|2325.21|4838.45|2310.22|4851.85
L|2310.22|4851.85|2288.76|4864.19
L|2288.76|4864.19|2261.34|4875.36
L|2261.34|4875.36|2228.44|4885.23
L|2228.44|4885.23|2190.57|4893.69
L|2190.57|4893.69|2148.23|4900.6
L|2148.23|4900.6|2101.91|4905.85
L|2101.91|4905.85|2052.11|4909.31
L|2052.11|4909.31|1999.32|4910.86
L|1999.32|4910.86|1944.05|4910.37
L|1944.05|4910.37|1886.79|4907.79
L|1886.79|4907.79|1828.03|4903.34
L|1828.03|4903.34|1768.28|4897.28
L|1768.28|4897.28|1708.03|4889.89
L|1708.03|4889.89|1647.78|4881.45
L|1647.78|4881.45|1588.03|4872.25
L|1588.03|4872.25|1529.27|4862.55
L|1529.27|4862.55|1472.0|4852.64
L|1472.0|4852.64|1416.72|4842.78
L|1416.72|4842.78|1363.93|4833.27
L|1363.93|4833.27|1313.89|4824.41
L|1313.89|4824.41|1265.96|4816.68
L|1265.96|4816.68|1219.25|4810.58
L|1219.25|4810.58|1172.89|4806.63
L|1172.89|4806.63|1126.01|4805.33
L|1126.01|4805.33|1077.71|4807.19
L|1077.71|4807.19|1027.12|4812.71
L|1027.12|4812.71|973.37|4822.42
L|973.37|4822.42|915.58|4836.82
L|915.58|4836.82|852.86|4856.41
L|852.86|4856.41|784.3|4881.67
L|784.3|4881.67|708.83|4912.89
L|708.83|4912.89|625.34|4950.35
L|625.34|4950.35|532.72|4994.29
L|532.72|4994.29|429.85|5044.99
L|429.85|5044.99|315.64|5102.7
L|315.64|5102.7|188.96|5167.69
L|188.96|5167.69|48.72|5240.22
L|48.72|5240.22|-106.21|5320.55
#3649391	3754079	273538	-31.57	0.00	737.76	100.00
A|94.45|94.29|98.08|92.81|4.6|0|1
A|98.08|92.81|101.71|94.29|4.6|0|1
L|101.71|94.29|104.65|97.5
A|104.65|97.5|107.6|98.8|4.0|0|0
L|107.6|98.8|125.56|98.8
A|125.56|98.8|128.5|97.5|4.0|0|0
L|128.5|97.5|131.45|94.29
A|131.45|94.29|135.08|92.81|4.6|0|1
A|135.08|92.81|138.71|94.29|4.6|0|1
L|138.71|94.29|141.65|97.5
A|141.65|97.5|144.6|98.8|4.0|0|0
L|144.6|98.8|167.77|98.8
A|167.77|98.8|171.65|95.75|4.0|0|0
L|171.65|95.75|175.62|79.56
A|175.62|79.56|177.24|77.12|3.26|0|1
A|177.24|77.12|178.53|71.87|3.2|0|0
A|178.53|71.87|178.2|69.01|3.03|0|1
L|178.2|69.01|183.26|48.34
A|183.26|48.34|184.89|45.9|3.26|0|1
A|184.89|45.9|186.17|40.65|3.2|0|0
A|186.17|40.65|185.84|37.79|3.03|0|1
L|185.84|37.79|187.19|32.27
A|187.19|32.27|190.49|28.18|6.2|0|1
L|190.49|28.18|192.79|27.05
A|192.79|27.05|195.45|23.75|5.0|0|0
L|195.45|23.75|200.29|3.97
A|200.29|3.97|205.34|0.0|5.2|0|1
L|205.34|0.0|223.7|0.0
A|223.7|0.0|227.54|1.69|5.2|0|1
L|227.54|1.69|230.48|4.9
A|230.48|4.9|233.23|5.99|3.4|0|0
A|233.23|5.99|235.97|4.9|3.4|0|0
L|235.97|4.9|238.92|1.69
A|238.92|1.69|242.75|0.0|5.2|0|1
L|242.75|0.0|261.12|0.0
A|261.12|0.0|266.17|3.97|5.2|0|1
L|266.24|3.95|271.08|23.75
A|271.08|23.75|273.74|27.05|5.0|0|0
L|273.74|27.05|276.05|28.18
A|276.05|28.18|279.34|32.27|6.2|0|1
L|279.34|32.27|280.69|37.79
A|280.69|37.79|280.37|40.65|3.03|0|1
A|280.37|40.65|281.65|45.9|3.2|0|0
A|281.65|45.9|283.28|48.34|3.26|0|1
L|283.28|48.34|288.34|69.01
A|288.34|69.01|288.01|71.87|3.03|0|1
A|288.01|71.87|289.29|77.12|3.2|0|0
A|289.29|77.12|290.92|79.56|3.26|0|1
L|290.92|79.56|294.89|95.75
A|294.89|95.75|298.77|98.8|4.0|0|0
L|298.77|98.8|321.93|98.8
A|321.93|98.8|324.88|97.5|4.0|0|0
L|324.88|97.5|327.83|94.29
A|327.83|94.29|331.46|92.81|4.6|0|1
A|331.46|92.81|335.09|94.29|4.6|0|1
L|335.09|94.29|338.03|97.5
A|338.03|97.5|340.98|98.8|4.0|0|0
L|340.98|98.8|358.93|98.8
A|358.93|98.8|361.88|97.5|4.0|0|0
L|361.88|97.5|364.83|94.29
A|364.83|94.29|368.46|92.81|4.6|0|1
A|368.46|92.81|372.09|94.29|4.6|0|1
L|372.09|94.29|375.03|97.5
A|375.03|97.5|377.98|98.8|4.0|0|0
L|377.98|98.8|401.14|98.8
A|401.14|98.8|405.03|95.75|4.0|0|0
L|405.03|95.75|408.99|79.56
A|408.99|79.56|410.62|77.12|3.26|0|1
A|410.62|77.12|411.91|71.87|3.2|0|0
A|411.91|71.87|411.58|69.01|3.03|0|1
L|411.58|69.01|416.64|48.34
A|416.64|48.34|418.26|45.9|3.26|0|1
A|418.26|45.9|419.55|40.65|3.2|0|0
A|419.55|40.65|419.22|37.79|3.03|0|1
L|419.22|37.79|420.57|32.27
A|420.57|32.27|423.87|28.18|6.2|0|1
L|423.87|28.18|426.17|27.05
A|426.17|27.05|428.83|23.75|5.0|0|0
L|428.83|23.75|433.67|3.97
A|433.67|3.97|438.72|0.0|5.2|0|1
L|438.72|0.0|457.08|0.0
A|457.08|0.0|460.91|1.69|5.2|0|1
L|460.91|1.69|463.86|4.9
A|463.86|4.9|466.6|5.99|3.4|0|0
A|466.6|5.99|469.35|4.9|3.4|0|0
L|469.35|4.9|472.29|1.69
A|472.29|1.69|476.13|0.0|5.2|0|1
L|476.13|0.0|494.49|0.0
A|494.49|-0.0|499.54|3.97|5.2|0|1
L|499.62|3.95|504.46|23.75
A|504.46|23.75|507.12|27.05|5.0|0|0
L|507.12|27.05|509.42|28.18
A|509.42|28.18|512.72|32.27|6.2|0|1
L|512.72|32.27|514.07|37.79
A|514.07|37.79|513.74|40.65|3.03|0|1
A|513.74|40.65|515.03|45.9|3.2|0|0
A|515.03|45.9|516.66|48.34|3.26|0|1
L|516.66|48.34|521.71|69.01
A|521.71|69.01|521.39|71.87|3.03|0|1
A|521.39|71.87|522.67|77.12|3.2|0|0
A|522.67|77.12|524.3|79.56|3.26|0|1
L|524.3|79.56|528.26|95.75
A|528.26|95.75|532.15|98.8|4.0|0|0
L|532.15|98.8|555.31|98.8
A|555.31|98.8|558.26|97.5|4.0|0|0
L|558.26|97.5|561.2|94.29
A|561.2|94.29|564.83|92.81|4.6|0|1
A|564.83|92.81|568.47|94.29|4.6|0|1
L|568.47|94.29|571.41|97.5
A|571.41|97.5|574.36|98.8|4.0|0|0
L|574.36|98.8|592.31|98.8
A|592.31|98.8|595.26|97.5|4.0|0|0
L|595.26|97.5|598.2|94.29
A|598.2|94.29|601.83|92.81|4.6|0|1
A|601.83|92.81|605.47|94.29|4.6|0|1
L|605.47|94.29|608.41|97.5
A|608.41|97.5|611.36|98.8|4.0|0|0
L|611.36|98.8|634.52|98.8
A|634.52|98.8|638.41|95.75|4.0|0|0
L|638.41|95.75|642.37|79.56
A|642.37|79.56|644.0|77.12|3.26|0|1
A|644.0|77.12|645.28|71.87|3.2|0|0
A|645.28|71.87|644.95|69.01|3.03|0|1
L|644.95|69.01|650.01|48.34
A|650.01|48.34|651.64|45.9|3.26|0|1
A|651.64|45.9|652.93|40.65|3.2|0|0
A|652.93|40.65|652.6|37.79|3.03|0|1
L|652.6|37.79|653.95|32.27
A|653.95|32.27|657.24|28.18|6.2|0|1
L|657.24|28.18|659.55|27.05
A|659.55|27.05|662.21|23.75|5.0|0|0
L|662.21|23.75|667.05|3.97
A|667.05|3.97|672.1|-0.0|5.2|0|1
L|672.1|0.0|690.46|0.0
A|690.46|0.0|694.29|1.69|5.2|0|1
L|694.29|1.69|697.24|4.9
A|697.24|4.9|699.98|5.99|3.4|0|0
A|699.98|5.99|702.73|4.9|3.4|0|0
L|702.73|4.9|705.67|1.69
A|705.67|1.69|709.51|0.0|5.2|0|1
L|709.51|0.0|727.87|0.0
A|727.87|-0.0|732.92|3.97|5.2|0|1
L|732.92|3.97|737.76|23.75
L|737.76|23.75|736.59|24.03
L|736.59|24.03|731.76|4.25
A|731.76|4.25|727.87|1.2|4.0|0|0
L|727.87|1.2|709.51|1.2
A|709.51|1.2|706.56|2.5|4.0|0|0
L|706.56|2.5|703.61|5.71
A|703.61|5.71|699.98|7.19|4.6|0|1
A|699.98|7.19|696.35|5.71|4.6|0|1
L|696.35|5.71|693.41|2.5
A|693.41|2.5|690.46|1.2|4.0|0|0
L|690.46|1.2|672.1|1.2
A|672.1|1.2|668.21|4.25|4.0|0|0
L|668.21|4.25|663.38|24.03
A|663.38|24.03|660.08|28.13|6.2|0|1
L|660.08|28.13|657.77|29.26
A|657.77|29.26|655.11|32.56|5.0|0|0
L|655.11|32.56|653.77|38.06
A|653.77|38.06|654.1|40.92|3.03|0|0
A|654.1|40.92|652.81|46.17|3.2|0|1
A|652.81|46.17|651.18|48.61|3.26|0|0
L|651.18|48.61|646.12|69.28
A|646.12|69.28|646.45|72.14|3.03|0|0
A|646.45|72.14|645.17|77.39|3.2|0|1
A|645.17|77.39|643.54|79.83|3.26|0|0
L|643.54|79.83|639.64|95.75
A|639.64|95.75|634.52|100.0|5.22|0|1
L|634.52|100.0|611.36|100.0
A|611.36|100.0|607.52|98.31|5.2|0|1
L|607.52|98.31|604.58|95.1
A|604.58|95.1|601.83|94.01|3.4|0|0
A|601.83|94.01|599.09|95.1|3.4|0|0
L|599.09|95.1|596.14|98.31
A|596.14|98.31|592.31|100.0|5.2|0|1
L|592.31|100.0|574.36|100.0
A|574.36|100.0|570.52|98.31|5.2|0|1
L|570.52|98.31|567.58|95.1
A|567.58|95.1|564.83|94.01|3.4|0|0
A|564.83|94.01|562.09|95.1|3.4|0|0
L|562.09|95.1|559.14|98.31
A|559.14|98.31|555.31|100.0|5.2|0|1
L|555.31|100.0|532.15|100.0
A|532.15|100.0|527.03|95.75|5.22|0|1
L|527.03|95.75|523.13|79.83
A|523.13|79.83|521.5|77.39|3.26|0|0
A|521.5|77.39|520.22|72.14|3.2|0|1
A|520.22|72.14|520.55|69.28|3.03|0|0
L|520.55|69.28|515.49|48.61
A|515.49|48.61|513.86|46.17|3.26|0|0
A|513.86|46.17|512.57|40.92|3.2|0|1
A|512.57|40.92|512.9|38.06|3.03|0|0
L|512.9|38.06|511.56|32.56
A|511.56|32.56|508.9|29.26|5.0|0|0
L|508.9|29.26|506.59|28.13
A|506.59|28.13|503.29|24.03|6.2|0|1
L|503.29|24.03|498.45|4.23
A|498.38|4.25|494.49|1.2|4.0|0|0
L|494.49|1.2|476.13|1.2
A|476.13|1.2|473.18|2.5|4.0|0|0
L|473.18|2.5|470.24|5.71
A|470.24|5.71|466.6|7.19|4.6|0|1
A|466.6|7.19|462.97|5.71|4.6|0|1
L|462.97|5.71|460.03|2.5
A|460.03|2.5|457.08|1.2|4.0|0|0
L|457.08|1.2|438.72|1.2
A|438.72|1.2|434.83|4.25|4.0|0|0
L|434.83|4.25|430.0|24.03
A|430.0|24.03|426.7|28.13|6.2|0|1
L|426.7|28.13|424.39|29.26
A|424.39|29.26|421.74|32.56|5.0|0|0
L|421.74|32.56|420.39|38.06
A|420.39|38.06|420.72|40.92|3.03|0|0
A|420.72|40.92|419.43|46.17|3.2|0|1
A|419.43|46.17|417.81|48.61|3.26|0|0
L|417.81|48.61|412.75|69.28
A|412.75|69.28|413.07|72.14|3.03|0|0
A|413.07|72.14|411.79|77.39|3.2|0|1
A|411.79|77.39|410.16|79.83|3.26|0|0
L|410.16|79.83|406.26|95.75
A|406.26|95.75|401.14|100.0|5.22|0|1
L|401.14|100.0|377.98|100.0
A|377.98|100.0|374.15|98.31|5.2|0|1
L|374.15|98.31|371.2|95.1
A|371.2|95.1|368.46|94.01|3.4|0|0
A|368.46|94.01|365.71|95.1|3.4|0|0
L|365.71|95.1|362.77|98.31
A|362.77|98.31|358.93|100.0|5.2|0|1
L|358.93|100.0|340.98|100.0
A|340.98|100.0|337.15|98.31|5.2|0|1
L|337.15|98.31|334.2|95.1
A|334.2|95.1|331.46|94.01|3.4|0|0
A|331.46|94.01|328.71|95.1|3.4|0|0
L|328.71|95.1|325.77|98.31
A|325.77|98.31|321.93|100.0|5.2|0|1
L|321.93|100.0|298.77|100.0
A|298.77|100.0|293.65|95.75|5.22|0|1
L|293.65|95.75|289.75|79.83
A|289.75|79.83|288.12|77.39|3.26|0|0
A|288.12|77.39|286.84|72.14|3.2|0|1
A|286.84|72.14|287.17|69.28|3.03|0|0
L|287.17|69.28|282.11|48.61
A|282.11|48.61|280.48|46.17|3.26|0|0
A|280.48|46.17|279.2|40.92|3.2|0|1
A|279.2|40.92|279.52|38.06|3.03|0|0
L|279.52|38.06|278.18|32.56
A|278.18|32.56|275.52|29.26|5.0|0|0
L|275.52|29.26|273.21|28.13
A|273.21|28.13|269.92|24.03|6.2|0|1
L|269.92|24.03|265.07|4.23
A|265.0|4.25|261.12|1.2|4.0|0|0
L|261.12|1.2|242.75|1.2
A|242.75|1.2|239.8|2.5|4.0|0|0
L|239.8|2.5|236.86|5.71
A|236.86|5.71|233.23|7.19|4.6|0|1
A|233.23|7.19|229.6|5.71|4.6|0|1
L|229.6|5.71|226.65|2.5
A|226.65|2.5|223.7|1.2|4.0|0|0
L|223.7|1.2|205.34|1.2
A|205.34|1.2|201.46|4.25|4.0|0|0
L|201.46|4.25|196.62|24.03
A|196.62|24.03|193.32|28.13|6.2|0|1
L|193.32|28.13|191.02|29.26
A|191.02|29.26|188.36|32.56|5.0|0|0
L|188.36|32.56|187.01|38.06
A|187.01|38.06|187.34|40.92|3.03|0|0
A|187.34|40.92|186.05|46.17|3.2|0|1
A|186.05|46.17|184.43|48.61|3.26|0|0
L|184.43|48.61|179.37|69.28
A|179.37|69.28|179.7|72.14|3.03|0|0
A|179.7|72.14|178.41|77.39|3.2|0|1
A|178.41|77.39|176.79|79.83|3.26|0|0
L|176.79|79.83|172.89|95.75
A|172.89|95.75|167.77|100.0|5.22|0|1
L|167.77|100.0|144.6|100.0
A|144.6|100.0|140.77|98.31|5.2|0|1
L|140.77|98.31|137.83|95.1
A|137.83|95.1|135.08|94.01|3.4|0|0
A|135.08|94.01|132.33|95.1|3.4|0|0
L|132.33|95.1|129.39|98.31
A|129.39|98.31|125.56|100.0|5.2|0|1
L|125.56|100.0|107.6|100.0
A|107.6|100.0|103.77|98.31|5.2|0|1
L|103.77|98.31|100.83|95.1
A|100.83|95.1|98.08|94.01|3.4|0|0
A|98.08|94.01|95.33|95.1|3.4|0|0
L|95.33|95.1|92.39|98.31
A|92.39|98.31|88.56|100.0|5.2|0|1
L|88.56|100.0|65.39|100.0
A|65.39|100.0|60.27|95.75|5.22|0|1
L|60.27|95.75|56.37|79.83
A|56.37|79.83|54.75|77.39|3.26|0|0
A|54.75|77.39|53.46|72.14|3.2|0|1
A|53.46|72.14|53.79|69.28|3.03|0|0
L|53.79|69.28|48.73|48.61
A|48.73|48.61|47.1|46.17|3.26|0|0
A|47.1|46.17|45.82|40.92|3.2|0|1
A|45.82|40.92|46.15|38.06|3.03|0|0
L|46.15|38.06|44.8|32.56
A|44.8|32.56|42.14|29.26|5.0|0|0
L|42.14|29.26|39.84|28.13
A|39.84|28.13|36.54|24.03|6.2|0|1
L|36.54|24.03|31.7|4.25
A|31.7|4.25|27.82|1.2|4.0|0|0
L|27.82|1.2|9.45|1.2
A|9.45|1.2|6.5|2.5|4.0|0|0
L|6.5|2.5|3.56|5.71
A|3.56|5.71|-0.07|7.19|4.6|0|1
A|-0.07|7.19|-3.7|5.71|4.6|0|1
L|-3.7|5.71|-6.65|2.5
A|-6.65|2.5|-9.6|1.2|4.0|0|0
L|-9.6|1.2|-31.57|1.2
L|-31.57|1.2|-31.57|0.0
L|-31.57|0.0|-9.6|0.0
A|-9.6|0.0|-5.76|1.69|5.2|0|1
L|-5.76|1.69|-2.82|4.9
A|-2.82|4.9|-0.07|5.99|3.4|0|0
A|-0.07|5.99|2.67|4.9|3.4|0|0
L|2.67|4.9|5.62|1.69
A|5.62|1.69|9.45|0.0|5.2|0|1
L|9.45|0.0|27.82|0.0
A|27.82|0.0|32.87|3.97|5.2|0|1
L|32.87|3.97|37.7|23.75
A|37.7|23.75|40.36|27.05|5.0|0|0
L|40.36|27.05|42.67|28.18
A|42.67|28.18|45.97|32.27|6.2|0|1
L|45.97|32.27|47.32|37.79
A|47.32|37.79|46.99|40.65|3.03|0|1
A|46.99|40.65|48.27|45.9|3.2|0|0
A|48.27|45.9|49.9|48.34|3.26|0|1
L|49.9|48.34|54.96|69.01
A|54.96|69.01|54.63|71.87|3.03|0|1
A|54.63|71.87|55.92|77.12|3.2|0|0
A|55.92|77.12|57.54|79.56|3.26|0|1
L|57.54|79.56|61.51|95.75
A|61.51|95.75|65.39|98.8|4.0|0|0
L|65.39|98.8|88.56|98.8
A|88.56|98.8|91.5|97.5|4.0|0|0
L|91.5|97.5|94.45|94.29
#3649393	3754099	273538	-30.09	-0.00	632.21	210.01
L|45.26|56.15|41.38|41.66
A|41.38|41.66|37.43|37.0|6.8|0|0
A|37.43|37.0|31.25|30.92|9.2|0|1
L|31.25|30.92|25.3|8.7
L|25.3|8.7|24.77|6.73
A|24.77|6.73|22.25|5.14|2.8|0|0
L|22.25|5.14|13.0|5.14
A|13.0|5.14|10.2|7.94|2.8|0|0
A|10.2|7.94|1.08|11.36|5.2|0|1
A|1.08|11.36|-1.08|11.36|2.8|0|0
A|-1.08|11.36|-10.2|7.94|5.2|0|1
A|-10.2|7.94|-13.0|5.14|2.8|0|0
L|-13.0|5.14|-22.25|5.14
A|-22.25|5.14|-24.77|6.73|2.8|0|0
L|-24.77|6.73|-28.93|22.25
L|-28.93|22.25|-30.09|21.94
L|-30.09|21.94|-25.91|6.32
A|-25.91|6.32|-22.25|3.94|4.0|0|1
L|-22.25|3.94|-13.0|3.94
A|-13.0|3.94|-9.0|7.94|4.0|0|1
A|-9.0|7.94|-1.83|10.39|4.0|0|0
A|-1.83|10.39|1.83|10.39|4.0|0|1
A|1.83|10.39|9.0|7.94|4.0|0|0
A|9.0|7.94|13.0|3.94|4.0|0|1
L|13.0|3.94|22.25|3.94
A|22.25|3.94|25.91|6.32|4.0|0|1
L|25.91|6.32|26.46|8.39
L|26.46|8.39|32.41|30.61
A|32.41|30.61|37.83|35.87|8.0|0|0
A|37.83|35.87|42.54|41.35|8.0|0|1
L|42.54|41.35|86.22|204.36
A|86.22|204.36|92.28|208.8|6.0|0|0
L|92.28|208.8|103.77|208.8
A|103.77|208.8|107.3|206.66|3.97|0|0
A|107.3|206.66|119.25|206.66|7.0|0|1
A|119.25|206.66|122.77|208.8|3.97|0|0
L|122.77|208.8|315.14|208.8
L|315.14|208.8|475.29|208.8
A|475.29|208.8|478.82|206.66|3.97|0|0
A|478.82|206.66|490.76|206.66|7.0|0|1
A|490.76|206.66|494.29|208.8|3.97|0|0
L|494.29|208.8|504.73|208.81
A|504.73|208.81|510.79|204.37|6.0|0|0
L|510.79|204.37|522.13|162.17
L|522.13|162.17|554.56|41.56
A|554.56|41.56|559.3|36.08|8.05|0|1
A|559.3|36.08|564.69|30.83|7.99|0|0
L|564.69|30.83|570.66|8.61
L|570.66|8.61|571.72|4.68
A|571.72|4.68|577.57|-0.0|6.0|0|1
L|577.57|-0.0|587.51|-0.0
A|587.51|-0.0|592.94|5.04|5.41|0|1
A|592.94|5.04|597.33|6.95|2.55|0|0
A|597.33|6.95|602.67|6.95|5.0|0|1
A|602.67|6.95|607.0|5.32|2.49|0|0
A|607.0|5.32|612.49|-0.0|5.49|0|1
L|612.49|-0.0|622.42|-0.0
A|622.42|-0.0|628.25|4.58|6.0|0|1
L|628.25|4.58|632.21|19.35
L|632.21|19.35|631.05|19.66
L|631.05|19.66|627.08|4.87
A|627.08|4.87|622.42|1.2|4.8|0|0
L|622.42|1.2|612.5|1.2
A|612.5|1.2|608.2|5.32|4.3|0|0
A|608.2|5.32|601.91|7.9|3.69|0|1
A|601.91|7.9|598.09|7.9|3.8|0|0
A|598.09|7.9|591.79|5.15|3.7|0|1
A|591.79|5.15|587.51|1.2|4.3|0|0
L|587.51|1.2|577.57|1.2
A|577.57|1.2|572.88|4.99|4.8|0|0
L|572.88|4.99|571.82|8.93
L|571.82|8.93|565.84|31.19
A|565.84|31.19|559.76|37.19|9.16|0|1
A|559.76|37.19|555.73|41.87|6.8|0|0
L|555.73|41.87|551.82|56.36
L|551.82|56.36|514.26|196.08
L|514.26|196.08|511.95|204.69
A|511.95|204.69|504.67|210.01|7.2|0|1
L|504.67|210.01|494.29|210.0
A|494.29|210.0|489.7|207.21|5.17|0|1
A|489.7|207.21|479.88|207.21|5.81|0|0
A|479.88|207.21|475.29|210.0|5.17|0|1
L|475.29|210.0|455.73|210.0
L|455.73|210.0|143.73|210.0
L|143.73|210.0|122.77|210.0
A|122.77|210.0|118.18|207.21|5.17|0|1
A|118.18|207.21|108.36|207.21|5.81|0|0
A|108.36|207.21|103.77|210.0|5.17|0|1
L|103.77|210.0|92.33|210.0
A|92.33|210.0|85.06|204.67|7.2|0|1
L|85.06|204.67|82.76|196.08
L|82.76|196.08|45.26|56.15
#3649395	3754106	273538	-9.92	-0.05	609.92	224.95
A|94.02|161.06|92.93|158.95|4.0|0|0
L|92.93|158.95|85.07|151.0
A|85.07|151.0|83.63|148.22|5.25|0|1
L|83.63|148.22|65.77|46.89
A|65.77|46.89|64.67|44.77|4.0|0|0
L|64.67|44.77|56.82|36.83
A|56.82|36.83|55.38|34.05|5.25|0|1
L|55.38|34.05|49.53|4.5
A|49.53|4.5|45.59|1.2|4.0|0|0
L|45.59|1.2|17.76|1.2
A|17.76|1.2|13.82|5.89|4.0|0|0
L|13.82|5.89|17.51|26.38
A|17.51|26.38|12.33|32.55|5.25|0|1
L|12.33|32.55|-9.92|32.55
L|-9.92|32.55|-9.92|31.3
L|-9.92|31.3|12.33|31.3
A|12.33|31.3|16.27|26.6|4.0|0|0
L|16.27|26.6|12.59|6.11
A|12.59|6.11|17.76|-0.05|5.25|0|1
L|17.76|-0.05|45.59|-0.05
A|45.59|-0.05|50.76|4.28|5.25|0|1
L|50.76|4.28|56.61|33.83
A|56.61|33.83|57.7|35.95|4.0|0|0
L|57.7|35.95|65.56|43.89
A|65.56|43.89|67.0|46.67|5.25|0|1
L|67.0|46.67|84.87|148.0
A|84.87|148.0|85.96|150.12|4.0|0|0
L|85.96|150.12|93.82|158.07
A|93.82|158.07|95.25|160.85|5.25|0|1
L|95.25|160.85|100.47|190.39
A|100.47|190.39|104.41|193.7|4.0|0|0
L|104.41|193.7|137.0|193.7
A|137.0|193.7|139.83|192.52|4.0|0|0
L|139.83|192.52|140.98|190.07
A|140.98|190.07|149.02|190.07|5.25|0|1
L|149.02|190.07|150.17|192.52
A|150.17|192.52|153.0|193.7|4.0|0|0
L|153.0|193.7|184.66|193.7
A|184.66|193.7|189.52|200.91|5.25|0|1
L|189.52|200.91|182.54|218.2
A|182.54|218.2|186.25|223.7|4.0|0|0
L|186.25|223.7|282.47|223.7
A|282.47|223.7|285.93|221.7|4.0|0|0
L|285.93|221.7|288.73|218.32
A|288.73|218.32|293.28|215.7|5.25|0|1
L|293.28|215.7|300.0|215.7
L|300.0|215.7|306.72|215.7
A|306.72|215.7|311.27|218.32|5.25|0|1
L|311.27|218.32|314.07|221.7
A|314.07|221.7|317.53|223.7|4.0|0|0
L|317.53|223.7|413.75|223.7
A|413.75|223.7|417.46|218.2|4.0|0|0
L|417.46|218.2|410.48|200.91
A|410.48|200.91|415.34|193.7|5.25|0|1
L|415.34|193.7|447.0|193.7
A|447.0|193.7|449.84|192.52|4.0|0|0
L|449.84|192.52|450.99|190.07
A|450.99|190.07|459.02|190.07|5.25|0|1
L|459.02|190.07|460.17|192.52
A|460.17|192.52|463.0|193.7|4.0|0|0
L|463.0|193.7|495.6|193.7
A|495.6|193.7|499.54|190.39|4.0|0|0
L|499.54|190.39|504.75|160.85
A|504.75|160.85|506.18|158.07|5.25|0|1
L|506.18|158.07|514.04|150.12
A|514.04|150.12|515.13|148.0|4.0|0|0
L|515.13|148.0|533.0|46.67
A|533.0|46.67|534.44|43.89|5.25|0|1
L|534.44|43.89|542.3|35.95
A|542.3|35.95|543.39|33.83|4.0|0|0
L|543.39|33.83|549.24|4.28
A|549.24|4.28|554.41|-0.05|5.25|0|1
L|554.41|-0.05|582.24|-0.05
A|582.24|-0.05|587.41|6.11|5.25|0|1
L|587.41|6.11|583.73|26.6
A|583.73|26.6|587.67|31.3|4.0|0|0
L|587.67|31.3|609.92|31.3
L|609.92|31.3|609.92|32.55
L|609.92|32.55|587.67|32.55
A|587.67|32.55|582.49|26.38|5.25|0|1
L|582.49|26.38|586.18|5.89
A|586.18|5.89|582.24|1.2|4.0|0|0
L|582.24|1.2|554.41|1.2
A|554.41|1.2|550.47|4.5|4.0|0|0
L|550.47|4.5|544.62|34.05
A|544.62|34.05|543.18|36.83|5.25|0|1
L|543.18|36.83|535.33|44.77
A|535.33|44.77|534.23|46.89|4.0|0|0
L|534.23|46.89|516.37|148.22
A|516.37|148.22|514.93|151.0|5.25|0|1
L|514.93|151.0|507.07|158.95
A|507.07|158.95|505.98|161.06|4.0|0|0
L|505.98|161.06|500.77|190.61
A|500.77|190.61|495.6|194.95|5.25|0|1
L|495.6|194.95|463.0|194.95
A|463.0|194.95|458.99|193.08|5.25|0|1
L|458.99|193.08|458.0|190.8
A|458.0|190.8|452.17|190.62|4.0|0|0
L|452.17|190.62|451.02|193.08
A|451.02|193.08|447.0|194.95|5.25|0|1
L|447.0|194.95|415.34|194.95
A|415.34|194.95|411.63|200.44|4.0|0|0
L|411.63|200.44|418.62|217.73
A|418.62|217.73|413.75|224.95|5.25|0|1
L|413.75|224.95|317.53|224.95
A|317.53|224.95|312.98|222.32|5.25|0|1
L|312.98|222.32|310.18|218.95
A|310.18|218.95|306.72|216.95|4.0|0|0
L|306.72|216.95|300.0|216.95
L|300.0|216.95|293.28|216.95
A|293.28|216.95|289.82|218.95|4.0|0|0
L|289.82|218.95|287.02|222.32
A|287.02|222.32|282.47|224.95|5.25|0|1
L|282.47|224.95|186.25|224.95
A|186.25|224.95|181.38|217.73|5.25|0|1
L|181.38|217.73|188.37|200.44
A|188.37|200.44|184.66|194.95|4.0|0|0
L|184.66|194.95|153.0|194.95
A|153.0|194.95|148.98|193.08|5.25|0|1
L|148.98|193.08|147.83|190.62
A|147.83|190.62|142.0|190.8|4.0|0|0
L|142.0|190.8|141.02|193.08
A|141.02|193.08|137.0|194.95|5.25|0|1
L|137.0|194.95|104.41|194.95
A|104.41|194.95|99.24|190.61|5.25|0|1
L|99.24|190.61|94.03|161.06
#3649404	3649232	273538	-0.00	0.00	1200.00	320.00
L|37.0|268.0|37.0|232.0
L|37.0|232.0|25.0|220.0
L|25.0|220.0|25.0|140.0
L|25.0|140.0|35.6|130.63
L|35.6|130.63|30.13|97.78
L|30.13|97.78|15.14|80.82
L|15.14|80.82|5.0|20.0
L|5.0|20.0|-0.0|20.0
L|-0.0|20.0|-0.0|10.0
L|-0.0|10.0|10.0|0.0
L|10.0|0.0|1190.0|0.0
L|1190.0|0.0|1200.0|10.0
L|1200.0|10.0|1200.0|20.0
L|1200.0|20.0|1195.0|20.0
L|1195.0|20.0|1184.86|80.82
L|1184.86|80.82|1169.87|97.78
L|1169.87|97.78|1164.4|130.63
L|1164.4|130.63|1175.0|140.0
L|1175.0|140.0|1175.0|220.0
L|1175.0|220.0|1163.0|232.0
L|1163.0|232.0|1163.0|268.0
L|1163.0|268.0|1175.0|280.0
L|1175.0|280.0|1175.0|320.0
L|1175.0|320.0|25.0|320.0
L|25.0|320.0|25.0|280.0
L|25.0|280.0|37.0|268.0
#3649405	3737065	273538	-0.00	0.00	1200.00	500.00
L|1200.0|0.0|1200.0|100.0
L|1200.0|100.0|1100.0|100.0
L|1100.0|100.0|1100.0|120.0
L|1100.0|120.0|420.0|120.0
A|420.0|120.0|400.0|140.0|20.0|0|0
L|400.0|140.0|400.0|200.0
A|400.0|200.0|420.0|220.0|20.0|0|0
L|420.0|220.0|570.0|220.0
L|570.0|220.0|700.0|270.0
L|700.0|270.0|700.0|500.0
L|700.0|500.0|580.0|500.0
L|580.0|500.0|580.0|330.0
A|580.0|330.0|570.0|320.0|10.0|0|0
L|570.0|320.0|430.0|320.0
L|430.0|320.0|217.67|290.16
A|217.67|290.16|205.43|283.57|20.0|0|1
L|205.43|283.57|-0.0|50.0
L|-0.0|50.0|44.4|0.0
L|44.4|0.0|73.85|33.16
A|73.85|33.16|103.75|33.16|20.0|0|0
L|103.75|33.16|133.2|-0.0
L|133.2|-0.0|162.65|33.16
A|162.65|33.16|192.55|33.16|20.0|0|0
L|192.55|33.16|222.0|-0.0
L|222.0|-0.0|251.45|33.16
A|251.45|33.16|281.35|33.16|20.0|0|0
L|281.35|33.16|310.8|-0.0
L|310.8|0.0|1200.0|0.0
#3649416	3754017	273538	-37.94	-60.00	1047.74	-0.00
L|1042.75|-57.57|1047.74|-52.08
L|1047.74|-52.08|1046.87|-52.08
L|1046.87|-52.08|1042.15|-57.27
L|1042.15|-57.27|1039.49|-58.92
L|1039.49|-58.92|1038.26|-59.23
L|1038.26|-59.23|981.73|-59.23
L|981.73|-59.23|980.35|-58.92
L|980.35|-58.92|977.51|-56.9
L|977.51|-56.9|954.09|-31.18
L|954.09|-31.18|953.47|-30.26
L|953.47|-30.26|953.16|-29.19
L|953.16|-29.19|951.01|-4.28
L|951.01|-4.28|950.7|-2.92
L|950.7|-2.92|949.94|-1.69
L|949.94|-1.69|949.02|-0.77
L|949.02|-0.77|947.63|-0.15
L|947.63|-0.15|946.25|-0.0
L|946.25|-0.0|918.75|-0.0
L|918.75|-0.0|908.92|-5.84
L|908.92|-5.84|899.25|-0.0
L|899.25|-0.0|871.75|-0.0
L|871.75|-0.0|870.21|-0.16
L|870.21|-0.16|868.98|-0.77
L|868.98|-0.77|868.06|-1.69
L|868.06|-1.69|867.29|-2.92
L|867.29|-2.92|866.99|-4.3
L|866.99|-4.3|864.83|-29.19
L|864.83|-29.19|864.53|-30.26
L|864.53|-30.26|863.92|-31.18
L|863.92|-31.18|840.48|-56.9
L|840.48|-56.9|837.65|-58.92
L|837.65|-58.92|836.26|-59.23
L|836.26|-59.23|779.74|-59.23
L|779.74|-59.23|778.35|-58.92
L|778.35|-58.92|775.53|-56.92
L|775.53|-56.92|752.09|-31.18
L|752.09|-31.18|751.47|-30.26
L|751.47|-30.26|751.17|-29.19
L|751.17|-29.19|749.01|-4.3
L|749.01|-4.3|748.71|-2.92
L|748.71|-2.92|747.94|-1.69
L|747.94|-1.69|747.02|-0.77
L|747.02|-0.77|745.63|-0.15
L|745.63|-0.15|744.25|-0.0
L|744.25|-0.0|716.75|-0.0
L|716.75|-0.0|706.92|-5.84
L|706.92|-5.84|697.25|-0.0
L|697.25|-0.0|669.75|-0.0
L|669.75|-0.0|668.36|-0.16
L|668.36|-0.16|666.99|-0.77
L|666.99|-0.77|666.06|-1.69
L|666.06|-1.69|665.29|-2.92
L|665.29|-2.92|664.99|-4.3
L|664.99|-4.3|662.84|-29.19
L|662.84|-29.19|662.53|-30.26
L|662.53|-30.26|661.92|-31.18
L|661.92|-31.18|638.48|-56.9
L|638.48|-56.9|635.65|-58.92
L|635.65|-58.92|634.26|-59.23
L|634.26|-59.23|577.73|-59.23
L|577.73|-59.23|576.35|-58.92
L|576.35|-58.92|573.53|-56.92
L|573.53|-56.92|550.09|-31.18
L|550.09|-31.18|549.47|-30.26
L|549.47|-30.26|549.16|-29.19
L|549.16|-29.19|547.01|-4.3
L|547.01|-4.3|546.71|-2.92
L|546.71|-2.92|545.94|-1.69
L|545.94|-1.69|545.02|-0.77
L|545.02|-0.77|543.63|-0.15
L|543.63|-0.15|542.25|-0.0
L|542.25|-0.0|514.75|-0.0
L|514.75|-0.0|505.08|-5.84
L|505.08|-5.84|495.24|-0.0
L|495.24|-0.0|467.75|-0.0
L|467.75|-0.0|466.37|-0.16
L|466.37|-0.16|464.98|-0.77
L|464.98|-0.77|464.06|-1.69
L|464.06|-1.69|463.3|-2.92
L|463.3|-2.92|462.99|-4.3
L|462.99|-4.3|460.83|-29.19
L|460.83|-29.19|460.53|-30.26
L|460.53|-30.26|459.91|-31.18
L|459.91|-31.18|436.48|-56.9
L|436.48|-56.9|433.65|-58.92
L|433.65|-58.92|432.26|-59.23
L|432.26|-59.23|375.74|-59.23
L|375.74|-59.23|374.35|-58.92
L|374.35|-58.92|371.53|-56.92
L|371.53|-56.92|348.09|-31.18
L|348.09|-31.18|347.47|-30.26
L|347.47|-30.26|347.17|-29.19
L|347.17|-29.19|345.01|-4.3
L|345.01|-4.3|344.71|-2.92
L|344.71|-2.92|344.09|-1.69
L|344.09|-1.69|343.01|-0.77
L|343.01|-0.77|341.79|-0.15
L|341.79|-0.15|340.25|-0.0
L|340.25|-0.0|312.76|-0.0
L|312.76|-0.0|303.08|-5.84
L|303.08|-5.84|293.25|-0.0
L|293.25|-0.0|265.75|-0.0
L|265.75|-0.0|264.37|-0.16
L|264.37|-0.16|262.98|-0.77
L|262.98|-0.77|262.06|-1.69
L|262.06|-1.69|261.29|-2.92
L|261.29|-2.92|260.99|-4.3
L|260.99|-4.3|258.83|-29.19
L|258.83|-29.19|258.53|-30.26
L|258.53|-30.26|257.91|-31.18
L|257.91|-31.18|234.47|-56.92
L|234.47|-56.92|231.65|-58.92
L|231.65|-58.92|230.26|-59.23
L|230.26|-59.23|173.74|-59.23
L|173.74|-59.23|172.5|-58.92
L|172.5|-58.92|169.85|-57.26
L|169.85|-57.26|146.09|-31.18
L|146.09|-31.18|145.47|-30.26
L|145.47|-30.26|145.32|-29.19
L|145.32|-29.19|143.01|-4.3
L|143.01|-4.3|142.7|-2.92
L|142.7|-2.92|142.09|-1.69
L|142.09|-1.69|141.02|-0.77
L|141.02|-0.77|139.79|-0.15
L|139.79|-0.15|138.4|-0.0
L|138.4|-0.0|110.75|-0.0
L|110.75|-0.0|101.08|-5.84
L|101.08|-5.84|91.24|-0.0
L|91.24|-0.0|63.75|-0.0
L|63.75|-0.0|62.37|-0.16
L|62.37|-0.16|60.98|-0.77
L|60.98|-0.77|60.06|-1.69
L|60.06|-1.69|59.3|-2.92
L|59.3|-2.92|58.99|-4.3
L|58.99|-4.3|56.83|-29.19
L|56.83|-29.19|56.53|-30.26
L|56.53|-30.26|55.91|-31.18
L|55.91|-31.18|32.48|-56.9
L|32.48|-56.9|29.65|-58.92
L|29.65|-58.92|28.26|-59.23
L|28.26|-59.23|-28.26|-59.23
L|-28.26|-59.23|-29.5|-58.92
L|-29.5|-58.92|-32.1|-57.3
L|-32.1|-57.3|-37.33|-51.46
L|-37.33|-51.46|-37.94|-52.08
L|-37.94|-52.08|-32.88|-57.49
L|-32.88|-57.49|-29.8|-59.54
L|-29.8|-59.54|-28.26|-60.0
L|-28.26|-60.0|28.26|-60.0
L|28.26|-60.0|29.95|-59.54
L|29.95|-59.54|33.18|-57.12
L|33.18|-57.12|56.53|-31.64
L|56.53|-31.64|57.3|-30.57
L|57.3|-30.57|57.6|-29.34
L|57.6|-29.34|59.76|-4.3
L|59.76|-4.3|60.06|-2.92
L|60.06|-2.92|60.99|-1.69
L|60.99|-1.69|62.21|-0.92
L|62.21|-0.92|63.75|-0.61
L|63.75|-0.61|91.09|-0.61
L|91.09|-0.61|101.07|-6.6
L|101.07|-6.6|111.06|-0.61
L|111.06|-0.61|138.4|-0.61
L|138.4|-0.61|139.79|-0.92
L|139.79|-0.92|141.02|-1.69
L|141.02|-1.69|141.94|-2.92
L|141.94|-2.92|142.25|-4.3
L|142.25|-4.3|144.55|-29.34
L|144.55|-29.34|144.86|-30.57
L|144.86|-30.57|145.47|-31.64
L|145.47|-31.64|169.21|-57.55
L|169.21|-57.55|172.2|-59.54
L|172.2|-59.54|173.74|-60.0
L|173.74|-60.0|230.27|-60.0
L|230.27|-60.0|231.95|-59.54
L|231.95|-59.54|235.18|-57.12
L|235.18|-57.12|258.53|-31.64
L|258.53|-31.64|259.14|-30.57
L|259.14|-30.57|259.61|-29.34
L|259.61|-29.34|261.76|-4.3
L|261.76|-4.3|262.06|-2.92
L|262.06|-2.92|262.98|-1.69
L|262.98|-1.69|264.22|-0.92
L|264.22|-0.92|265.75|-0.61
L|265.75|-0.61|293.09|-0.61
L|293.09|-0.61|303.08|-6.6
L|303.08|-6.6|313.06|-0.61
L|313.06|-0.61|340.25|-0.61
L|340.25|-0.61|341.79|-0.92
L|341.79|-0.92|343.01|-1.69
L|343.01|-1.69|343.94|-2.92
L|343.94|-2.92|344.24|-4.3
L|344.24|-4.3|346.55|-29.34
L|346.55|-29.34|346.86|-30.57
L|346.86|-30.57|347.47|-31.64
L|347.47|-31.64|370.82|-57.12
L|370.82|-57.12|374.05|-59.54
L|374.05|-59.54|375.73|-60.0
L|375.73|-60.0|432.26|-60.0
L|432.26|-60.0|433.96|-59.54
L|433.96|-59.54|437.18|-57.12
L|437.18|-57.12|460.53|-31.64
L|460.53|-31.64|461.14|-30.57
L|461.14|-30.57|461.45|-29.34
L|461.45|-29.34|463.75|-4.3
L|463.75|-4.3|464.06|-2.92
L|464.06|-2.92|464.98|-1.69
L|464.98|-1.69|466.21|-0.92
L|466.21|-0.92|467.75|-0.61
L|467.75|-0.61|494.94|-0.61
L|494.94|-0.61|505.08|-6.6
L|505.08|-6.6|515.06|-0.61
L|515.06|-0.61|542.25|-0.61
L|542.25|-0.61|543.79|-0.92
L|543.79|-0.92|545.02|-1.69
L|545.02|-1.69|545.94|-2.92
L|545.94|-2.92|546.24|-4.3
L|546.24|-4.3|548.55|-29.34
L|548.55|-29.34|548.86|-30.57
L|548.86|-30.57|549.47|-31.64
L|549.47|-31.64|572.82|-57.12
L|572.82|-57.12|576.05|-59.54
L|576.05|-59.54|577.74|-60.0
L|577.74|-60.0|634.27|-60.0
L|634.27|-60.0|635.95|-59.54
L|635.95|-59.54|639.18|-57.12
L|639.18|-57.12|662.53|-31.64
L|662.53|-31.64|663.14|-30.57
L|663.14|-30.57|663.45|-29.34
L|663.45|-29.34|665.76|-4.3
L|665.76|-4.3|666.06|-2.92
L|666.06|-2.92|666.99|-1.69
L|666.99|-1.69|668.21|-0.92
L|668.21|-0.92|669.75|-0.61
L|669.75|-0.61|696.94|-0.61
L|696.94|-0.61|706.92|-6.6
L|706.92|-6.6|717.06|-0.61
L|717.06|-0.61|744.25|-0.61
L|744.25|-0.61|745.78|-0.92
L|745.78|-0.92|747.02|-1.69
L|747.02|-1.69|747.94|-2.92
L|747.94|-2.92|748.24|-4.3
L|748.24|-4.3|750.55|-29.34
L|750.55|-29.34|750.86|-30.57
L|750.86|-30.57|751.47|-31.64
L|751.47|-31.64|774.82|-57.12
L|774.82|-57.12|778.05|-59.54
L|778.05|-59.54|779.73|-60.0
L|779.73|-60.0|836.26|-60.0
L|836.26|-60.0|837.96|-59.54
L|837.96|-59.54|841.18|-57.12
L|841.18|-57.12|864.53|-31.64
L|864.53|-31.64|865.14|-30.57
L|865.14|-30.57|865.45|-29.34
L|865.45|-29.34|867.76|-4.3
L|867.76|-4.3|868.06|-2.92
L|868.06|-2.92|868.98|-1.69
L|868.98|-1.69|870.22|-0.92
L|870.22|-0.92|871.75|-0.61
L|871.75|-0.61|898.94|-0.61
L|898.94|-0.61|908.92|-6.6
L|908.92|-6.6|918.91|-0.61
L|918.91|-0.61|946.25|-0.61
L|946.25|-0.61|947.79|-0.92
L|947.79|-0.92|949.01|-1.69
L|949.01|-1.69|949.94|-2.92
L|949.94|-2.92|950.24|-4.3
L|950.24|-4.3|952.4|-29.34
L|952.4|-29.34|952.86|-30.57
L|952.86|-30.57|953.47|-31.64
L|953.47|-31.64|976.82|-57.12
L|976.82|-57.12|980.05|-59.54
L|980.05|-59.54|981.74|-60.0
L|981.74|-60.0|1038.26|-60.0
L|1038.26|-60.0|1039.8|-59.54
L|1039.8|-59.54|1042.75|-57.57
#3649417	3754018	273538	-13.96	-89.02	900.82	0.00
L|-13.96|-3.06|-7.95|-3.06
A|-7.95|-3.06|-4.97|-5.75|3.0|0|0
L|-4.97|-5.75|-4.0|-16.91
A|-4.0|-16.91|4.0|-16.91|4.0|1|1
L|4.0|-16.91|5.1|-4.27
A|5.1|-4.27|8.09|-1.53|3.01|0|0
L|8.09|-1.53|46.73|-1.53
L|46.73|-1.53|47.69|-1.62
L|47.69|-1.62|48.61|-1.9
L|48.61|-1.9|49.46|-2.34
L|49.46|-2.34|50.22|-2.95
L|50.22|-2.95|50.84|-3.69
L|50.84|-3.69|51.31|-4.53
L|51.31|-4.53|81.44|-73.35
L|81.44|-73.35|83.57|-77.19
L|83.57|-77.19|84.39|-78.15
L|84.39|-78.15|85.37|-78.93
L|85.37|-78.93|86.48|-79.52
L|86.48|-79.52|87.69|-79.88
L|87.69|-79.88|88.94|-80.0
L|88.94|-80.0|124.02|-80.0
A|124.02|-80.0|125.08|-82.62|1.53|0|0
L|125.08|-82.62|123.9|-83.81
A|123.9|-83.81|126.01|-89.02|3.06|0|1
L|126.01|-89.02|173.95|-89.02
A|173.95|-89.02|176.11|-83.81|3.06|0|1
L|176.11|-83.81|174.91|-82.61
A|174.91|-82.61|175.96|-80.0|1.53|0|0
L|175.96|-80.0|211.07|-80.0
L|211.07|-80.0|212.32|-79.88
L|212.32|-79.88|213.53|-79.52
L|213.53|-79.52|214.64|-78.93
L|214.64|-78.93|215.62|-78.15
L|215.62|-78.15|216.43|-77.19
L|216.43|-77.19|218.56|-73.38
L|218.56|-73.38|248.7|-4.53
L|248.7|-4.53|249.17|-3.69
L|249.17|-3.69|249.79|-2.95
L|249.79|-2.95|250.54|-2.34
L|250.54|-2.34|251.4|-1.9
L|251.4|-1.9|252.32|-1.62
L|252.32|-1.62|253.28|-1.53
L|253.28|-1.53|290.0|-1.53
A|290.0|-1.53|291.32|-1.83|2.99|0|0
L|291.32|-1.83|298.03|-5.11
L|298.03|-5.11|298.79|-5.4
L|298.79|-5.4|299.6|-5.55
L|299.6|-5.55|300.42|-5.55
L|300.42|-5.55|301.22|-5.4
L|301.22|-5.4|301.99|-5.11
L|301.99|-5.11|308.7|-1.83
A|308.7|-1.83|310.0|-1.53|2.96|0|0
L|310.0|-1.53|346.74|-1.53
L|346.74|-1.53|347.69|-1.62
L|347.69|-1.62|348.62|-1.9
L|348.62|-1.9|349.47|-2.34
L|349.47|-2.34|350.22|-2.95
L|350.22|-2.95|350.85|-3.69
L|350.85|-3.69|351.32|-4.53
L|351.32|-4.53|381.44|-73.35
L|381.44|-73.35|383.58|-77.19
L|383.58|-77.19|384.39|-78.15
L|384.39|-78.15|385.37|-78.93
L|385.37|-78.93|386.49|-79.52
L|386.49|-79.52|387.69|-79.88
L|387.69|-79.88|388.94|-80.0
L|388.94|-80.0|424.02|-80.0
A|424.02|-80.0|425.09|-82.62|1.53|0|0
L|425.09|-82.62|423.94|-83.77
A|423.94|-83.77|426.02|-89.02|3.06|0|1
L|426.02|-89.02|473.96|-89.02
A|473.96|-89.02|476.11|-83.81|3.06|0|1
L|476.11|-83.81|474.92|-82.61
A|474.92|-82.61|475.96|-80.0|1.53|0|0
L|475.96|-80.0|511.08|-80.0
L|511.08|-80.0|512.33|-79.88
L|512.33|-79.88|513.53|-79.52
L|513.53|-79.52|514.65|-78.93
L|514.65|-78.93|515.63|-78.15
L|515.63|-78.15|516.44|-77.19
L|516.44|-77.19|518.58|-73.36
L|518.58|-73.36|548.71|-4.53
L|548.71|-4.53|549.18|-3.69
L|549.18|-3.69|549.8|-2.95
L|549.8|-2.95|550.55|-2.34
L|550.55|-2.34|551.4|-1.9
L|551.4|-1.9|552.33|-1.62
L|552.33|-1.62|553.29|-1.53
L|553.29|-1.53|590.01|-1.53
A|590.01|-1.53|591.33|-1.83|2.99|0|0
L|591.33|-1.83|598.03|-5.11
L|598.03|-5.11|598.8|-5.4
L|598.8|-5.4|599.6|-5.55
L|599.6|-5.55|600.42|-5.55
L|600.42|-5.55|601.23|-5.4
L|601.23|-5.4|602.0|-5.11
L|602.0|-5.11|608.71|-1.83
A|608.71|-1.83|610.01|-1.53|2.96|0|0
L|610.01|-1.53|646.74|-1.53
L|646.74|-1.53|647.7|-1.62
L|647.7|-1.62|648.62|-1.9
L|648.62|-1.9|649.48|-2.34
L|649.48|-2.34|650.23|-2.95
L|650.23|-2.95|650.85|-3.69
L|650.85|-3.69|651.32|-4.53
L|651.32|-4.53|681.45|-73.36
L|681.45|-73.36|683.59|-77.19
L|683.59|-77.19|684.4|-78.15
L|684.4|-78.15|685.38|-78.93
L|685.38|-78.93|686.49|-79.52
L|686.49|-79.52|687.7|-79.88
L|687.7|-79.88|688.95|-80.0
L|688.95|-80.0|724.03|-80.0
A|724.03|-80.0|725.1|-82.62|1.53|0|0
L|725.1|-82.62|723.92|-83.81
A|723.92|-83.81|726.03|-89.02|3.06|0|1
L|726.03|-89.02|773.96|-89.02
A|773.96|-89.02|776.12|-83.81|3.06|0|1
L|776.12|-83.81|774.93|-82.61
A|774.93|-82.61|775.97|-80.0|1.53|0|0
L|775.97|-80.0|811.09|-80.0
L|811.09|-80.0|812.34|-79.88
L|812.34|-79.88|813.54|-79.52
L|813.54|-79.52|814.65|-78.93
L|814.65|-78.93|815.64|-78.15
L|815.64|-78.15|816.45|-77.19
L|816.45|-77.19|818.58|-73.36
L|818.58|-73.36|848.71|-4.53
L|848.71|-4.53|849.18|-3.69
L|849.18|-3.69|849.81|-2.95
L|849.81|-2.95|850.56|-2.34
L|850.56|-2.34|851.41|-1.9
L|851.41|-1.9|852.34|-1.62
L|852.34|-1.62|853.29|-1.53
L|853.29|-1.53|895.31|-1.53
A|895.31|-1.53|898.29|-4.27|3.01|0|0
L|898.29|-4.27|899.2|-14.6
L|899.2|-14.6|900.82|-14.6
L|900.82|-14.6|899.81|-4.14
L|899.81|-4.14|899.66|-3.31
L|899.66|-3.31|899.36|-2.53
L|899.36|-2.53|898.93|-1.81
L|898.93|-1.81|898.36|-1.19
L|898.36|-1.19|897.7|-0.68
L|897.7|-0.68|896.95|-0.31
L|896.95|-0.31|896.14|-0.08
L|896.14|-0.08|895.31|0.0
L|895.31|0.0|853.29|0.0
L|853.29|0.0|852.04|-0.12
L|852.04|-0.12|850.84|-0.48
L|850.84|-0.48|849.72|-1.07
L|849.72|-1.07|848.74|-1.85
L|848.74|-1.85|847.93|-2.81
L|847.93|-2.81|847.32|-3.91
L|847.32|-3.91|817.18|-72.77
L|817.18|-72.77|815.2|-76.31
L|815.2|-76.31|814.57|-77.05
L|814.57|-77.05|813.82|-77.66
L|813.82|-77.66|812.97|-78.1
L|812.97|-78.1|812.04|-78.38
L|812.04|-78.38|811.09|-78.47
L|811.09|-78.47|776.0|-78.47
A|776.0|-78.47|773.85|-83.69|3.06|0|1
L|773.85|-83.69|775.03|-84.87
A|775.03|-84.87|773.96|-87.5|1.53|0|0
L|773.96|-87.5|726.04|-87.5
A|726.04|-87.5|724.99|-84.89|1.53|0|0
L|724.99|-84.89|726.19|-83.69
A|726.19|-83.69|724.03|-78.47|3.06|0|1
L|724.03|-78.47|688.95|-78.47
L|688.95|-78.47|687.99|-78.38
L|687.99|-78.38|687.07|-78.1
L|687.07|-78.1|686.21|-77.66
L|686.21|-77.66|685.46|-77.05
L|685.46|-77.05|684.84|-76.31
L|684.84|-76.31|682.87|-72.78
L|682.87|-72.78|652.72|-3.91
L|652.72|-3.91|652.11|-2.81
L|652.11|-2.81|651.29|-1.85
L|651.29|-1.85|650.31|-1.07
L|650.31|-1.07|649.2|-0.48
L|649.2|-0.48|647.99|-0.12
L|647.99|-0.12|646.74|0.0
L|646.74|0.0|610.02|0.0
A|610.02|0.0|608.04|-0.46|4.51|0|1
L|608.04|-0.46|601.33|-3.74
A|601.33|-3.74|598.7|-3.74|2.99|0|0
L|598.7|-3.74|591.99|-0.46
A|591.99|-0.46|590.01|0.0|4.51|0|1
L|590.01|0.0|553.29|0.0
L|553.29|0.0|552.04|-0.12
L|552.04|-0.12|550.83|-0.48
L|550.83|-0.48|549.72|-1.07
L|549.72|-1.07|548.74|-1.85
L|548.74|-1.85|547.92|-2.81
L|547.92|-2.81|547.31|-3.91
L|547.31|-3.91|517.17|-72.77
L|517.17|-72.77|515.19|-76.31
L|515.19|-76.31|514.57|-77.05
L|514.57|-77.05|513.82|-77.66
L|513.82|-77.66|512.96|-78.1
L|512.96|-78.1|512.04|-78.38
L|512.04|-78.38|511.08|-78.47
L|511.08|-78.47|476.0|-78.47
A|476.0|-78.47|473.84|-83.69|3.06|0|1
L|473.84|-83.69|475.02|-84.87
A|475.02|-84.87|473.96|-87.5|1.53|0|0
L|473.96|-87.5|426.03|-87.5
A|426.03|-87.5|424.99|-84.89|1.53|0|0
L|424.99|-84.89|426.18|-83.69
A|426.18|-83.69|424.02|-78.47|3.06|0|1
L|424.02|-78.47|388.94|-78.47
L|388.94|-78.47|387.98|-78.38
L|387.98|-78.38|387.06|-78.1
L|387.06|-78.1|386.21|-77.66
L|386.21|-77.66|385.46|-77.05
L|385.46|-77.05|384.83|-76.31
L|384.83|-76.31|382.86|-72.79
L|382.86|-72.79|352.71|-3.91
L|352.71|-3.91|352.1|-2.81
L|352.1|-2.81|351.29|-1.85
L|351.29|-1.85|350.31|-1.07
L|350.31|-1.07|349.19|-0.48
L|349.19|-0.48|347.99|-0.12
L|347.99|-0.12|346.74|0.0
L|346.74|0.0|310.01|0.0
A|310.01|0.0|308.03|-0.46|4.51|0|1
L|308.03|-0.46|301.32|-3.74
A|301.32|-3.74|298.69|-3.74|2.99|0|0
L|298.69|-3.74|291.98|-0.46
A|291.98|-0.46|290.0|0.0|4.51|0|1
L|290.0|0.0|253.28|0.0
L|253.28|0.0|252.03|-0.12
L|252.03|-0.12|250.82|-0.48
L|250.82|-0.48|249.71|-1.07
L|249.71|-1.07|248.73|-1.85
L|248.73|-1.85|247.92|-2.81
L|247.92|-2.81|247.3|-3.91
L|247.3|-3.91|217.18|-72.74
L|217.18|-72.74|215.18|-76.31
L|215.18|-76.31|214.56|-77.05
L|214.56|-77.05|213.81|-77.66
L|213.81|-77.66|212.95|-78.1
L|212.95|-78.1|212.03|-78.38
L|212.03|-78.38|211.07|-78.47
L|211.07|-78.47|175.99|-78.47
A|175.99|-78.47|173.83|-83.69|3.06|0|1
L|173.83|-83.69|175.02|-84.88
A|175.02|-84.88|173.95|-87.5|1.53|0|0
L|173.95|-87.5|126.03|-87.5
A|126.03|-87.5|124.98|-84.89|1.53|0|0
L|124.98|-84.89|126.17|-83.69
A|126.17|-83.69|124.02|-78.47|3.06|0|1
L|124.02|-78.47|88.94|-78.47
L|88.94|-78.47|87.98|-78.38
L|87.98|-78.38|87.05|-78.1
L|87.05|-78.1|86.2|-77.66
L|86.2|-77.66|85.45|-77.05
L|85.45|-77.05|84.83|-76.31
L|84.83|-76.31|82.85|-72.77
L|82.85|-72.77|52.71|-3.91
L|52.71|-3.91|52.09|-2.81
L|52.09|-2.81|51.28|-1.85
L|51.28|-1.85|50.3|-1.07
L|50.3|-1.07|49.18|-0.48
L|49.18|-0.48|47.98|-0.12
L|47.98|-0.12|46.73|0.0
L|46.73|0.0|8.09|0.0
L|8.09|0.0|7.25|-0.08
L|7.25|-0.08|6.45|-0.31
L|6.45|-0.31|5.7|-0.68
L|5.7|-0.68|5.03|-1.19
L|5.03|-1.19|4.47|-1.81
L|4.47|-1.81|4.03|-2.53
L|4.03|-2.53|3.73|-3.31
L|3.73|-3.31|3.59|-4.14
L|3.59|-4.14|2.48|-16.78
A|2.48|-16.78|-2.48|-16.78|2.48|1|0
L|-2.48|-16.78|-3.45|-5.67
L|-3.45|-5.67|-3.6|-4.84
L|-3.6|-4.84|-3.9|-4.05
L|-3.9|-4.05|-4.34|-3.34
L|-4.34|-3.34|-4.9|-2.72
L|-4.9|-2.72|-5.57|-2.21
L|-5.57|-2.21|-6.32|-1.83
L|-6.32|-1.83|-7.12|-1.6
L|-7.12|-1.6|-7.95|-1.53
L|-7.95|-1.53|-13.96|-1.53
L|-13.96|-1.53|-13.96|-3.06
#3649418	3754019	273538	-9.92	-160.00	613.20	0.00
L|8.46|-1.51|61.03|-1.51
A|61.03|-1.51|63.25|-3.22|2.29|0|0
L|63.25|-3.22|99.39|-142.3
A|99.39|-142.3|103.06|-145.14|3.8|0|1
L|103.06|-145.14|128.23|-145.14
A|128.23|-145.14|130.27|-148.47|2.29|0|0
L|130.27|-148.47|127.21|-154.47
A|127.21|-154.48|130.59|-160.0|3.8|0|1
L|130.59|-160.0|152.65|-160.0
A|152.65|-160.0|156.44|-156.54|3.8|0|1
L|156.44|-156.54|157.03|-155.02
L|157.03|-155.02|157.9|-153.62
L|157.9|-153.62|159.01|-152.41
L|159.01|-152.41|160.32|-151.42
L|160.32|-151.42|161.79|-150.69
L|161.79|-150.69|163.37|-150.24
L|163.37|-150.24|165.0|-150.09
L|165.0|-150.09|166.65|-150.25
L|166.65|-150.25|168.22|-150.69
L|168.22|-150.69|169.7|-151.42
L|169.7|-151.42|171.0|-152.41
L|171.0|-152.41|172.11|-153.62
L|172.11|-153.62|172.98|-155.01
L|172.98|-155.01|173.57|-156.55
A|173.57|-156.55|177.35|-160.0|3.79|0|1
L|177.35|-160.0|199.42|-160.0
A|199.42|-160.0|202.8|-154.47|3.8|0|1
L|202.8|-154.47|199.74|-148.47
A|199.74|-148.47|201.72|-145.14|2.29|0|0
L|201.72|-145.14|226.95|-145.14
A|226.95|-145.14|230.63|-142.3|3.8|0|1
L|230.63|-142.3|266.76|-3.22
A|266.76|-3.22|268.99|-1.51|2.3|0|0
L|268.99|-1.51|323.42|-1.51
A|323.42|-1.51|325.64|-3.23|2.3|0|0
L|325.64|-3.23|361.77|-142.3
A|361.77|-142.3|365.45|-145.14|3.8|0|1
L|365.45|-145.14|390.61|-145.14
A|390.61|-145.14|392.65|-148.47|2.29|0|0
L|392.65|-148.47|389.59|-154.47
A|389.59|-154.48|392.98|-160.0|3.8|0|1
L|392.98|-160.0|415.04|-160.0
A|415.04|-160.0|418.83|-156.53|3.8|0|1
L|418.83|-156.53|419.42|-155.02
L|419.42|-155.02|420.29|-153.62
L|420.29|-153.62|421.39|-152.41
L|421.39|-152.41|422.7|-151.42
L|422.7|-151.42|424.17|-150.69
L|424.17|-150.69|425.75|-150.24
L|425.75|-150.24|427.38|-150.09
L|427.38|-150.09|429.03|-150.25
L|429.03|-150.25|430.61|-150.69
L|430.61|-150.69|432.08|-151.42
L|432.08|-151.42|433.39|-152.41
L|433.39|-152.41|434.5|-153.62
L|434.5|-153.62|435.36|-155.01
L|435.36|-155.01|435.96|-156.55
A|435.96|-156.55|439.74|-160.0|3.79|0|1
L|439.74|-160.0|461.81|-160.0
A|461.81|-160.0|465.19|-154.47|3.8|0|1
L|465.19|-154.47|462.13|-148.47
A|462.13|-148.47|464.11|-145.14|2.29|0|0
L|464.11|-145.14|489.33|-145.14
A|489.33|-145.14|493.01|-142.3|3.8|0|1
L|493.01|-142.3|529.15|-3.22
A|529.15|-3.22|531.35|-1.51|2.29|0|0
L|531.35|-1.51|584.25|-1.51
A|584.25|-1.51|586.48|-4.31|2.29|0|0
L|586.48|-4.31|581.69|-23.54
A|581.69|-23.54|585.38|-28.25|3.8|0|1
L|585.38|-28.25|609.4|-28.25
A|609.4|-28.25|613.2|-24.54|3.8|0|1
L|613.2|-24.54|613.2|-16.37
L|613.2|-16.37|611.69|-16.37
L|611.69|-16.37|611.69|-24.45
A|611.69|-24.45|609.4|-26.74|2.29|0|0
L|609.4|-26.74|585.38|-26.74
A|585.38|-26.74|583.15|-23.9|2.29|0|0
L|583.15|-23.9|587.94|-4.72
A|587.94|-4.72|584.25|0.0|3.8|0|1
L|584.25|0.0|531.36|-0.0
A|531.36|-0.0|527.71|-2.75|3.8|0|1
L|527.71|-2.75|491.53|-142.02
A|491.53|-142.02|489.34|-143.63|2.29|0|0
L|489.34|-143.63|464.17|-143.63
A|464.17|-143.63|460.77|-149.13|3.8|0|1
L|460.77|-149.13|463.85|-155.16
A|463.85|-155.16|461.81|-158.49|2.29|0|0
L|461.81|-158.49|439.77|-158.49
L|437.42|-156.14|436.72|-154.34
L|436.72|-154.34|435.7|-152.71
L|435.7|-152.71|434.41|-151.29
L|434.41|-151.29|432.88|-150.14
L|432.88|-150.14|431.16|-149.28
L|431.16|-149.28|429.31|-148.76
L|429.31|-148.76|427.39|-148.58
L|427.39|-148.58|425.48|-148.76
L|425.48|-148.76|423.63|-149.29
L|423.63|-149.29|421.91|-150.14
L|421.91|-150.14|420.38|-151.29
L|420.38|-151.29|419.09|-152.71
L|419.09|-152.71|418.07|-154.34
L|418.07|-154.34|417.38|-156.13
L|415.01|-158.49|392.92|-158.49
A|392.92|-158.49|390.94|-155.16|2.29|0|0
L|390.94|-155.16|394.0|-149.15
A|394.0|-149.15|390.62|-143.63|3.8|0|1
L|390.62|-143.63|365.46|-143.63
A|365.46|-143.63|363.23|-141.92|2.3|0|0
L|363.23|-141.92|327.09|-2.84
A|327.09|-2.84|323.41|0.0|3.8|0|1
L|323.41|0.0|268.98|0.0
A|268.98|0.0|265.3|-2.84|3.8|0|1
L|265.3|-2.84|229.16|-141.92
A|229.16|-141.92|226.95|-143.63|2.29|0|0
L|226.95|-143.63|201.78|-143.63
A|201.78|-143.63|198.38|-149.13|3.8|0|1
L|198.38|-149.13|201.46|-155.16
A|201.46|-155.16|199.42|-158.49|2.29|0|0
L|199.42|-158.49|177.37|-158.49
L|175.03|-156.15|174.33|-154.34
L|174.33|-154.34|173.31|-152.71
L|173.31|-152.71|172.02|-151.29
L|172.02|-151.29|170.49|-150.14
L|170.49|-150.14|168.77|-149.28
L|168.77|-149.28|166.92|-148.76
L|166.92|-148.76|165.0|-148.58
L|165.0|-148.58|163.09|-148.76
L|163.09|-148.76|161.24|-149.29
L|161.24|-149.29|159.52|-150.14
L|159.52|-150.14|157.99|-151.29
L|157.99|-151.29|156.7|-152.71
L|156.7|-152.71|155.68|-154.34
L|155.68|-154.34|154.99|-156.13
L|152.62|-158.49|130.53|-158.49
A|130.53|-158.49|128.55|-155.16|2.29|0|0
L|128.55|-155.16|131.61|-149.15
A|131.61|-149.15|128.23|-143.63|3.8|0|1
L|128.23|-143.63|103.07|-143.63
A|103.07|-143.63|100.84|-141.92|2.3|0|0
L|100.84|-141.92|64.71|-2.84
A|64.71|-2.84|61.03|0.0|3.8|0|1
L|61.03|0.0|8.46|0.0
A|8.46|0.0|4.75|-4.65|3.8|0|1
L|4.75|-4.65|8.43|-21.93
A|8.43|-21.93|6.2|-24.76|2.29|0|0
L|6.2|-24.76|-6.12|-24.76
A|-6.12|-24.76|-8.44|-22.0|2.29|0|0
L|-8.44|-22.0|-7.15|-15.93
L|-7.15|-15.93|-8.63|-15.61
L|-8.63|-15.61|-9.92|-21.68
A|-9.92|-21.68|-6.2|-26.27|3.8|0|1
L|-6.2|-26.27|6.2|-26.27
A|6.2|-26.27|9.9|-21.61|3.8|0|1
L|9.9|-21.61|6.23|-4.32
A|6.23|-4.32|8.46|-1.51|2.29|0|0
#3649423	3649251	273538	-47.34	-0.00	947.34	47.20
L|930.7|47.2|910.52|47.2
A|910.52|47.2|906.65|45.48|5.2|0|1
L|906.65|45.48|904.89|43.52
A|904.89|43.52|901.92|42.2|4.0|0|0
L|901.92|42.2|898.08|42.2
A|898.08|42.2|895.11|43.52|4.0|0|0
L|895.11|43.52|893.35|45.48
A|893.35|45.48|889.48|47.2|5.2|0|1
L|889.48|47.2|869.3|47.2
A|869.3|47.2|864.82|44.63|5.2|0|1
L|864.82|44.63|840.46|3.17
A|840.46|3.17|837.01|1.2|4.0|0|0
L|837.01|1.2|797.6|1.2
A|797.6|1.2|794.63|2.52|4.0|0|0
L|794.63|2.52|792.87|4.48
A|792.87|4.48|789.01|6.2|5.2|0|1
L|789.01|6.2|785.97|6.2
A|785.97|6.2|782.1|4.48|5.2|0|1
L|782.1|4.48|780.34|2.52
A|780.34|2.52|777.37|1.2|4.0|0|0
L|777.37|1.2|737.96|1.2
A|737.96|1.2|734.52|3.18|4.0|0|0
L|734.52|3.18|710.18|44.63
A|710.18|44.63|705.7|47.2|5.2|0|1
L|705.7|47.2|685.52|47.2
A|685.52|47.2|681.65|45.48|5.2|0|1
L|681.65|45.48|679.89|43.52
A|679.89|43.52|676.92|42.2|4.0|0|0
L|676.92|42.2|673.08|42.2
A|673.08|42.2|670.11|43.52|4.0|0|0
L|670.11|43.52|668.35|45.48
A|668.35|45.48|664.48|47.2|5.2|0|1
L|664.48|47.2|644.3|47.2
A|644.3|47.2|639.82|44.63|5.2|0|1
L|639.82|44.63|615.46|3.17
A|615.46|3.17|612.01|1.2|4.0|0|0
L|612.01|1.2|572.6|1.2
A|572.6|1.2|569.63|2.52|4.0|0|0
L|569.63|2.52|567.87|4.48
A|567.87|4.48|564.01|6.2|5.2|0|1
L|564.01|6.2|560.97|6.2
A|560.97|6.2|557.1|4.48|5.2|0|1
L|557.1|4.48|555.34|2.52
A|555.34|2.52|552.37|1.2|4.0|0|0
L|552.37|1.2|512.96|1.2
A|512.96|1.2|509.52|3.18|4.0|0|0
L|509.52|3.18|485.18|44.63
A|485.18|44.63|480.7|47.2|5.2|0|1
L|480.7|47.2|460.52|47.2
A|460.52|47.2|456.65|45.48|5.2|0|1
L|456.65|45.48|454.89|43.52
A|454.89|43.52|451.92|42.2|4.0|0|0
L|451.92|42.2|448.08|42.2
A|448.08|42.2|445.11|43.52|4.0|0|0
L|445.11|43.52|443.35|45.48
A|443.35|45.48|439.48|47.2|5.2|0|1
L|439.48|47.2|419.3|47.2
A|419.3|47.2|414.82|44.63|5.2|0|1
L|414.82|44.63|390.46|3.17
A|390.46|3.17|387.01|1.2|4.0|0|0
L|387.01|1.2|347.6|1.2
A|347.6|1.2|344.63|2.52|4.0|0|0
L|344.63|2.52|342.87|4.48
A|342.87|4.48|339.01|6.2|5.2|0|1
L|339.01|6.2|335.97|6.2
A|335.97|6.2|332.1|4.48|5.2|0|1
L|332.1|4.48|330.34|2.52
A|330.34|2.52|327.37|1.2|4.0|0|0
L|327.37|1.2|287.96|1.2
A|287.96|1.2|284.52|3.18|4.0|0|0
L|284.52|3.18|260.18|44.63
A|260.18|44.63|255.7|47.2|5.2|0|1
L|255.7|47.2|235.52|47.2
A|235.52|47.2|231.65|45.48|5.2|0|1
L|231.65|45.48|229.89|43.52
A|229.89|43.52|226.92|42.2|4.0|0|0
L|226.92|42.2|223.08|42.2
A|223.08|42.2|220.11|43.52|4.0|0|0
L|220.11|43.52|218.35|45.48
A|218.35|45.48|214.48|47.2|5.2|0|1
L|214.48|47.2|194.3|47.2
A|194.3|47.2|189.82|44.63|5.2|0|1
L|189.82|44.63|165.46|3.17
A|165.46|3.17|162.01|1.2|4.0|0|0
L|162.01|1.2|122.6|1.2
A|122.6|1.2|119.63|2.52|4.0|0|0
L|119.63|2.52|117.87|4.48
A|117.87|4.48|114.01|6.2|5.2|0|1
L|114.01|6.2|110.97|6.2
A|110.97|6.2|107.1|4.48|5.2|0|1
L|107.1|4.48|105.34|2.52
A|105.34|2.52|102.37|1.2|4.0|0|0
L|102.37|1.2|62.96|1.2
A|62.96|1.2|59.52|3.18|4.0|0|0
L|59.52|3.18|35.18|44.63
A|35.18|44.63|30.7|47.2|5.2|0|1
L|30.7|47.2|10.52|47.2
A|10.52|47.2|6.65|45.48|5.2|0|1
L|6.65|45.48|4.89|43.52
A|4.89|43.52|1.92|42.2|4.0|0|0
L|1.92|42.2|-1.92|42.2
A|-1.92|42.2|-4.89|43.52|4.0|0|0
L|-4.89|43.52|-6.65|45.48
A|-6.65|45.48|-10.52|47.2|5.2|0|1
L|-10.52|47.2|-30.7|47.2
A|-30.7|47.2|-35.13|44.73|5.2|0|1
L|-35.13|44.73|-47.34|23.91
L|-47.34|23.91|-46.31|23.31
L|-46.31|23.31|-33.94|44.37
A|-33.94|44.37|-30.72|46.0|4.0|0|0
L|-30.72|46.0|-10.52|46.0
A|-10.52|46.0|-7.54|44.68|4.0|0|0
L|-7.54|44.68|-5.78|42.72
A|-5.78|42.72|-1.92|41.0|5.2|0|1
L|-1.92|41.0|1.92|41.0
A|1.92|41.0|5.78|42.72|5.2|0|1
L|5.78|42.72|7.54|44.68
A|7.54|44.68|10.52|46.0|4.0|0|0
L|10.52|46.0|30.7|46.0
A|30.7|46.0|34.15|44.02|4.0|0|0
L|34.15|44.02|58.48|2.57
A|58.48|2.57|62.96|-0.0|5.2|0|1
L|62.96|0.0|102.37|0.0
A|102.37|0.0|106.24|1.72|5.2|0|1
L|106.24|1.72|108.0|3.68
A|108.0|3.68|110.97|5.0|4.0|0|0
L|110.97|5.0|114.01|5.0
A|114.01|5.0|116.98|3.68|4.0|0|0
L|116.98|3.68|118.74|1.72
A|118.74|1.72|122.6|0.0|5.2|0|1
L|122.6|0.0|162.01|0.0
A|162.01|0.0|166.49|2.57|5.2|0|1
L|166.49|2.57|190.83|44.02
A|190.83|44.02|194.28|46.0|4.0|0|0
L|194.28|46.0|214.48|46.0
A|214.48|46.0|217.46|44.68|4.0|0|0
L|217.46|44.68|219.22|42.72
A|219.22|42.72|223.08|41.0|5.2|0|1
L|223.08|41.0|226.92|41.0
A|226.92|41.0|230.78|42.72|5.2|0|1
L|230.78|42.72|232.54|44.68
A|232.54|44.68|235.52|46.0|4.0|0|0
L|235.52|46.0|255.7|46.0
A|255.7|46.0|259.15|44.02|4.0|0|0
L|259.15|44.02|283.48|2.57
A|283.48|2.57|287.96|0.0|5.2|0|1
L|287.96|0.0|327.37|0.0
A|327.37|0.0|331.24|1.72|5.2|0|1
L|331.24|1.72|333.0|3.68
A|333.0|3.68|335.97|5.0|4.0|0|0
L|335.97|5.0|339.01|5.0
A|339.01|5.0|341.98|3.68|4.0|0|0
L|341.98|3.68|343.74|1.72
A|343.74|1.72|347.6|0.0|5.2|0|1
L|347.6|0.0|387.01|0.0
A|387.01|0.0|391.49|2.57|5.2|0|1
L|391.49|2.57|415.83|44.02
A|415.83|44.02|419.28|46.0|4.0|0|0
L|419.28|46.0|439.48|46.0
A|439.48|46.0|442.46|44.68|4.0|0|0
L|442.46|44.68|444.22|42.72
A|444.22|42.72|448.08|41.0|5.2|0|1
L|448.08|41.0|451.92|41.0
A|451.92|41.0|455.78|42.72|5.2|0|1
L|455.78|42.72|457.54|44.68
A|457.54|44.68|460.52|46.0|4.0|0|0
L|460.52|46.0|480.7|46.0
A|480.7|46.0|484.15|44.02|4.0|0|0
L|484.15|44.02|508.48|2.57
A|508.48|2.57|512.96|0.0|5.2|0|1
L|512.96|0.0|552.37|0.0
A|552.37|0.0|556.24|1.72|5.2|0|1
L|556.24|1.72|558.0|3.68
A|558.0|3.68|560.97|5.0|4.0|0|0
L|560.97|5.0|564.01|5.0
A|564.01|5.0|566.98|3.68|4.0|0|0
L|566.98|3.68|568.74|1.72
A|568.74|1.72|572.6|-0.0|5.2|0|1
L|572.6|0.0|612.01|0.0
A|612.01|0.0|616.49|2.57|5.2|0|1
L|616.49|2.57|640.83|44.02
A|640.83|44.02|644.28|46.0|4.0|0|0
L|644.28|46.0|664.48|46.0
A|664.48|46.0|667.46|44.68|4.0|0|0
L|667.46|44.68|669.22|42.72
A|669.22|42.72|673.08|41.0|5.2|0|1
L|673.08|41.0|676.92|41.0
A|676.92|41.0|680.78|42.72|5.2|0|1
L|680.78|42.72|682.54|44.68
A|682.54|44.68|685.52|46.0|4.0|0|0
L|685.52|46.0|705.7|46.0
A|705.7|46.0|709.15|44.02|4.0|0|0
L|709.15|44.02|733.48|2.57
A|733.48|2.57|737.96|0.0|5.2|0|1
L|737.96|0.0|777.37|0.0
A|777.37|0.0|781.24|1.72|5.2|0|1
L|781.24|1.72|783.0|3.68
A|783.0|3.68|785.97|5.0|4.0|0|0
L|785.97|5.0|789.01|5.0
A|789.01|5.0|791.98|3.68|4.0|0|0
L|791.98|3.68|793.74|1.72
A|793.74|1.72|797.6|0.0|5.2|0|1
L|797.6|0.0|837.01|0.0
A|837.01|0.0|841.49|2.57|5.2|0|1
L|841.49|2.57|865.83|44.02
A|865.83|44.02|869.28|46.0|4.0|0|0
L|869.28|46.0|889.48|46.0
A|889.48|46.0|892.46|44.68|4.0|0|0
L|892.46|44.68|894.22|42.72
A|894.22|42.72|898.08|41.0|5.2|0|1
L|898.08|41.0|901.92|41.0
A|901.92|41.0|905.78|42.72|5.2|0|1
L|905.78|42.72|907.54|44.68
A|907.54|44.68|910.52|46.0|4.0|0|0
L|910.52|46.0|930.7|46.0
A|930.7|46.0|934.15|44.02|4.0|0|0
L|934.15|44.02|946.31|23.31
L|946.31|23.31|947.34|23.91
L|947.34|23.91|935.18|44.63
A|935.18|44.63|930.7|47.2|5.2|0|1
#3649425	3754051	273538	-19.83	0.00	616.98	52.20
A|7.61|5.14|11.7|0.0|4.19|0|1
L|11.7|0.0|35.0|0.0
A|35.0|0.0|37.91|1.27|4.0|0|1
A|37.91|1.27|47.09|1.26|6.94|0|0
A|47.09|1.26|50.0|0.0|4.02|0|1
L|50.0|0.0|100.0|0.0
A|100.0|0.0|102.91|1.26|4.02|0|1
A|102.91|1.26|112.05|1.19|6.77|0|0
A|112.05|1.19|114.99|0.0|4.6|0|1
L|114.99|0.0|138.3|0.0
A|138.3|0.0|142.39|5.13|4.19|0|1
L|142.39|5.13|131.32|47.15
A|131.32|47.15|134.2|51.0|3.0|0|0
L|134.2|51.0|165.8|51.0
A|165.8|51.0|168.68|47.15|3.0|0|0
L|168.68|47.15|157.6|5.12
A|157.6|5.12|161.7|-0.0|4.2|0|1
L|161.7|0.0|185.0|0.0
A|185.0|0.0|187.91|1.25|4.08|0|1
A|187.91|1.25|197.08|1.26|6.89|0|0
A|197.08|1.26|200.0|0.0|4.1|0|1
L|200.0|0.0|250.0|0.0
A|250.0|0.0|252.9|1.27|3.95|0|1
A|252.9|1.27|262.08|1.25|6.93|0|0
A|262.08|1.25|265.0|0.0|4.11|0|1
L|265.0|0.0|288.3|0.0
A|288.3|-0.0|292.39|5.14|4.2|0|1
L|292.39|5.14|281.32|47.15
A|281.32|47.15|284.2|51.0|3.0|0|0
L|284.2|51.0|315.8|51.0
A|315.8|51.0|318.68|47.15|3.0|0|0
L|318.68|47.15|307.61|5.14
A|307.61|5.14|311.7|0.0|4.2|0|1
L|311.7|0.0|335.0|0.0
A|335.0|0.0|337.9|1.27|3.95|0|1
A|337.9|1.27|347.09|1.26|6.96|0|0
A|347.09|1.26|350.0|0.0|4.03|0|1
L|350.0|0.0|400.0|0.0
A|400.0|0.0|402.91|1.26|4.0|0|1
A|402.91|1.26|412.08|1.24|6.89|0|0
A|412.08|1.24|415.0|0.0|4.16|0|1
L|415.0|0.0|438.3|0.0
A|438.3|-0.0|442.4|5.12|4.2|0|1
L|442.4|5.12|431.32|47.15
A|431.32|47.15|434.2|51.0|3.0|0|0
L|434.2|51.0|465.8|51.0
A|465.8|51.0|468.68|47.15|3.0|0|0
L|468.68|47.15|457.61|5.14
A|457.61|5.14|461.7|-0.0|4.2|0|1
L|461.7|-0.0|485.0|0.0
A|485.0|0.0|487.9|1.27|3.95|0|1
A|487.9|1.27|497.03|1.32|6.97|0|0
A|497.03|1.32|500.0|0.0|4.05|0|1
L|500.0|0.0|550.0|0.0
A|550.0|0.0|552.9|1.27|3.95|0|1
A|552.9|1.27|562.1|1.27|6.98|0|0
A|562.1|1.27|565.0|0.0|3.97|0|1
L|565.0|0.0|590.58|0.0
A|590.58|0.0|594.67|5.14|4.2|0|1
L|594.67|5.14|584.18|44.95
A|584.18|44.95|587.05|48.8|3.0|0|0
L|587.05|48.8|612.95|48.8
A|612.95|48.8|615.82|44.95|3.0|0|0
L|615.82|44.95|613.27|35.27
L|613.27|35.27|614.43|34.97
L|614.43|34.97|616.98|44.63
A|616.98|44.63|612.95|50.0|4.2|0|1
L|612.95|50.0|587.05|50.0
A|587.05|50.0|583.02|44.63|4.2|0|1
L|583.02|44.63|593.5|4.85
A|593.5|4.85|590.58|1.2|3.0|0|0
L|590.58|1.2|565.0|1.2
A|565.0|1.2|562.94|2.13|2.77|0|0
A|562.94|2.13|552.06|2.13|8.18|0|1
A|552.06|2.13|550.0|1.2|2.75|0|0
L|550.0|1.2|500.0|1.2
A|500.0|1.2|497.87|2.18|2.85|0|0
A|497.87|2.18|487.06|2.13|8.17|0|1
A|487.06|2.13|485.0|1.2|2.75|0|0
L|485.0|1.2|461.7|1.2
A|461.7|1.2|458.77|4.85|3.0|0|0
L|458.77|4.85|469.83|46.83
A|469.83|46.83|465.8|52.2|4.2|0|1
L|465.8|52.2|434.2|52.2
A|434.2|52.2|430.17|46.83|4.2|0|1
L|430.17|46.83|441.23|4.84
A|441.23|4.84|438.3|1.2|3.0|0|0
L|438.3|1.2|415.0|1.2
A|415.0|1.2|412.91|2.11|2.96|0|0
A|412.91|2.11|402.07|2.12|8.09|0|1
A|402.07|2.12|400.0|1.2|2.8|0|0
L|400.0|1.2|350.0|1.2
A|350.0|1.2|347.93|2.12|2.83|0|0
A|347.93|2.12|337.06|2.13|8.16|0|1
A|337.06|2.13|335.0|1.2|2.75|0|0
L|335.0|1.2|311.7|1.2
A|311.7|1.2|308.77|4.85|3.0|0|0
L|308.77|4.85|319.83|46.83
A|319.83|46.83|315.8|52.2|4.2|0|1
L|315.8|52.2|284.2|52.2
A|284.2|52.2|280.17|46.83|4.2|0|1
L|280.17|46.83|291.23|4.85
A|291.23|4.85|288.3|1.2|3.0|0|0
L|288.3|1.2|265.0|1.2
A|265.0|1.2|262.92|2.11|2.91|0|0
A|262.92|2.11|252.06|2.13|8.13|0|1
A|252.06|2.13|250.0|1.2|2.75|0|0
L|250.0|1.2|200.0|1.2
A|200.0|1.2|197.92|2.12|2.9|0|0
A|197.92|2.12|187.08|2.11|8.09|0|1
A|187.08|2.11|185.0|1.2|2.88|0|0
L|185.0|1.2|161.7|1.2
A|161.7|1.2|158.77|4.83|3.0|0|0
L|158.77|4.83|169.83|46.83
A|169.83|46.83|165.8|52.2|4.2|0|1
L|165.8|52.2|134.2|52.2
A|134.2|52.2|130.17|46.83|4.2|0|1
L|130.17|46.83|141.22|4.85
A|141.22|4.85|138.3|1.2|2.99|0|0
L|138.3|1.2|115.01|1.2
A|115.01|1.2|112.86|2.07|3.4|0|0
A|112.86|2.07|102.07|2.12|7.97|0|1
A|102.07|2.12|100.0|1.2|2.82|0|0
L|100.0|1.2|50.0|1.2
A|50.0|1.2|47.93|2.12|2.82|0|0
A|47.93|2.12|37.07|2.12|8.14|0|1
A|37.07|2.12|35.0|1.2|2.8|0|0
L|35.0|1.2|11.7|1.2
A|11.7|1.2|8.78|4.85|2.99|0|0
L|8.78|4.85|19.84|46.85
A|19.84|46.85|15.8|52.2|4.2|0|1
L|15.8|52.2|-15.8|52.2
A|-15.8|52.2|-19.83|46.83|4.2|0|1
L|-19.83|46.83|-18.56|42.0
L|-18.56|42.0|-17.4|42.31
L|-17.4|42.31|-18.68|47.15
A|-18.68|47.15|-15.8|51.0|3.0|0|0
L|-15.8|51.0|15.8|51.0
A|15.8|51.0|18.68|47.16|3.0|0|0
L|18.68|47.16|7.61|5.14
#3649427	3754058	273538	-7.26	-0.00	1011.18	71.00
A|654.93|1.61|653.6|1.0|1.75|0|0
L|653.6|1.0|612.61|1.0
A|612.61|1.0|610.02|2.49|3.0|0|0
L|610.02|2.49|605.86|9.62
L|605.86|9.62|577.1|59.0
A|577.1|59.0|573.64|61.0|4.0|0|1
L|573.64|61.0|522.63|61.0
A|522.63|61.0|521.3|63.88|1.75|0|0
L|521.3|63.88|523.49|66.48
A|523.49|66.48|521.38|71.0|2.75|0|1
L|521.38|71.0|498.88|71.0
L|498.88|71.0|476.38|71.0
A|476.38|71.0|474.28|66.48|2.75|0|1
L|474.28|66.48|476.47|63.88
A|476.47|63.88|475.13|61.0|1.75|0|0
L|475.13|61.0|424.13|61.0
A|424.13|61.0|420.67|59.0|4.0|0|1
L|420.67|59.0|387.75|2.49
A|387.75|2.49|385.16|1.0|3.0|0|0
L|385.16|1.0|344.16|1.0
A|344.16|1.0|342.84|1.61|1.75|0|0
A|342.84|1.61|332.38|7.02|15.75|0|1
A|332.38|7.02|321.93|1.61|15.75|0|1
A|321.93|1.61|320.6|1.0|1.75|0|0
L|320.6|1.0|279.61|1.0
A|279.61|1.0|277.02|2.49|3.0|0|0
L|277.02|2.49|244.1|59.0
A|244.1|59.0|240.64|61.0|4.0|0|1
L|240.64|61.0|189.63|61.0
A|189.63|61.0|188.3|63.88|1.75|0|0
L|188.3|63.88|190.49|66.48
A|190.49|66.48|188.38|71.0|2.75|0|1
L|188.38|71.0|165.88|71.0
L|165.88|71.0|143.38|71.0
A|143.38|71.0|141.28|66.48|2.75|0|1
L|141.28|66.48|143.47|63.88
A|143.47|63.88|142.13|61.0|1.75|0|0
L|142.13|61.0|91.13|61.0
A|91.13|61.0|87.67|59.0|4.0|0|1
L|87.67|59.0|54.75|2.49
A|54.75|2.49|52.16|1.0|3.0|0|0
L|52.16|1.0|10.09|1.0
A|10.09|1.0|8.37|2.44|1.75|0|0
L|8.37|2.44|6.36|13.73
A|6.36|13.73|3.65|16.0|2.75|0|1
L|3.65|16.0|-3.65|16.0
A|-3.65|16.0|-6.36|13.73|2.75|0|1
L|-6.36|13.73|-7.26|8.67
L|-7.26|8.67|-6.27|8.5
L|-6.27|8.5|-5.37|13.56
A|-5.37|13.56|-3.65|15.0|1.75|0|0
L|-3.65|15.0|3.65|15.0
A|3.65|15.0|5.37|13.56|1.75|0|0
L|5.37|13.56|7.38|2.27
A|7.38|2.27|10.09|-0.0|2.75|0|1
L|10.09|-0.0|52.3|0.0
A|52.3|0.0|55.62|1.99|4.0|0|1
L|55.62|1.99|88.54|58.5
A|88.54|58.5|91.13|60.0|3.0|0|0
L|91.13|60.0|142.13|60.0
A|142.13|60.0|144.24|64.52|2.75|0|1
L|144.24|64.52|142.05|67.12
A|142.05|67.12|143.38|70.0|1.75|0|0
L|143.38|70.0|165.88|70.0
L|165.88|70.0|188.38|70.0
A|188.38|70.0|189.72|67.12|1.75|0|0
L|189.72|67.12|187.53|64.52
A|187.53|64.52|189.63|60.0|2.75|0|1
L|189.63|60.0|240.64|60.0
A|240.64|60.0|243.23|58.5|3.0|0|0
L|243.23|58.5|276.15|1.99
A|276.15|1.99|279.61|-0.0|4.0|0|1
L|279.61|-0.0|320.6|-0.0
A|320.6|-0.0|322.69|0.96|2.75|0|1
A|322.69|0.96|332.38|6.01|14.75|0|0
A|332.38|6.01|342.08|0.96|14.75|0|0
A|342.08|0.96|344.16|-0.0|2.75|0|1
L|344.16|-0.0|385.16|-0.0
A|385.16|-0.0|388.62|1.99|4.0|0|1
L|388.62|1.99|421.54|58.5
A|421.54|58.5|424.13|60.0|3.0|0|0
L|424.13|60.0|475.13|60.0
A|475.13|60.0|477.24|64.52|2.75|0|1
L|477.24|64.52|475.05|67.12
A|475.05|67.12|476.38|70.0|1.75|0|0
L|476.38|70.0|498.88|70.0
L|498.88|70.0|521.38|70.0
A|521.38|70.0|522.72|67.12|1.75|0|0
L|522.72|67.12|520.53|64.52
A|520.53|64.52|522.63|60.0|2.75|0|1
L|522.63|60.0|573.64|60.0
A|573.64|60.0|576.23|58.5|3.0|0|0
L|576.23|58.5|609.15|1.99
A|609.15|1.99|612.61|-0.0|4.0|0|1
L|612.61|-0.0|653.6|-0.0
A|653.6|-0.0|655.69|0.96|2.75|0|1
A|655.69|0.96|665.38|6.01|14.75|0|0
A|665.38|6.01|675.08|0.96|14.75|0|0
A|675.08|0.96|677.16|-0.0|2.75|0|1
L|677.16|-0.0|718.16|-0.0
A|718.16|-0.0|721.62|1.99|4.0|0|1
L|721.62|1.99|754.54|58.5
A|754.54|58.5|757.13|60.0|3.0|0|0
L|757.13|60.0|808.13|60.0
A|808.13|60.0|810.24|64.52|2.75|0|1
L|810.24|64.52|808.05|67.12
A|808.05|67.12|809.38|70.0|1.75|0|0
L|809.38|70.0|831.88|70.0
L|831.88|70.0|854.38|70.0
A|854.38|70.0|855.72|67.12|1.75|0|0
L|855.72|67.12|853.53|64.52
A|853.53|64.52|855.63|60.0|2.75|0|1
L|855.63|60.0|906.64|60.0
A|906.64|60.0|909.23|58.5|3.0|0|0
L|909.23|58.5|942.15|1.99
A|942.15|1.99|945.61|-0.0|4.0|0|1
L|945.61|-0.0|986.51|-0.0
A|986.51|-0.0|989.21|2.26|2.75|0|1
L|989.21|2.26|991.61|15.56
A|991.61|15.56|993.44|17.0|1.75|0|0
L|993.44|17.0|1000.0|16.5
L|1000.0|16.5|1006.55|17.0
A|1006.55|17.0|1008.39|15.56|1.75|0|0
L|1008.39|15.56|1010.2|5.5
L|1010.2|5.5|1011.18|5.68
L|1011.18|5.68|1009.37|15.74
A|1009.37|15.74|1006.46|17.99|2.75|0|1
L|1006.46|17.99|1000.0|17.5
L|1000.0|17.5|993.54|17.99
A|993.54|17.99|990.62|15.74|2.75|0|1
L|990.62|15.74|988.23|2.44
A|988.23|2.44|986.51|1.0|1.75|0|0
L|986.51|1.0|945.61|1.0
A|945.61|1.0|943.02|2.49|3.0|0|0
L|943.02|2.49|910.1|59.0
A|910.1|59.0|906.64|61.0|4.0|0|1
L|906.64|61.0|855.63|61.0
A|855.63|61.0|854.3|63.88|1.75|0|0
L|854.3|63.88|856.49|66.48
A|856.49|66.48|854.38|71.0|2.75|0|1
L|854.38|71.0|831.88|71.0
L|831.88|71.0|809.38|71.0
A|809.38|71.0|807.28|66.48|2.75|0|1
L|807.28|66.48|809.47|63.88
A|809.47|63.88|808.13|61.0|1.75|0|0
L|808.13|61.0|757.13|61.0
A|757.13|61.0|753.67|59.0|4.0|0|1
L|753.67|59.0|720.75|2.49
A|720.75|2.49|718.16|1.0|3.0|0|0
L|718.16|1.0|677.16|1.0
A|677.16|1.0|675.84|1.61|1.75|0|0
A|675.84|1.61|665.38|7.02|15.75|0|1
A|665.38|7.02|654.93|1.61|15.75|0|1
#3649429	3754065	273538	-7.51	-0.00	611.00	75.00
A|587.56|-0.0|592.2|4.7|4.7|0|1
L|592.2|4.7|592.2|12.51
A|592.2|12.51|595.7|16.01|3.5|0|0
L|595.7|16.01|606.3|16.01
A|606.3|16.01|609.8|12.51|3.5|0|0
L|609.8|12.51|609.8|5.21
L|609.8|5.21|611.0|5.21
L|611.0|5.21|611.0|12.51
A|611.0|12.51|606.3|17.21|4.7|0|1
L|606.3|17.21|595.7|17.21
A|595.7|17.21|591.0|12.51|4.7|0|1
L|591.0|12.51|591.0|4.7
A|591.0|4.7|587.55|1.2|3.5|0|0
L|587.55|1.2|549.34|1.2
A|549.34|1.2|546.52|2.37|4.0|0|0
L|546.52|2.37|543.21|5.68
A|543.21|5.68|539.53|7.2|5.2|0|1
L|539.53|7.2|534.85|7.2
A|534.85|7.2|531.18|5.68|5.2|0|1
L|531.18|5.68|527.87|2.37
A|527.87|2.37|525.04|1.2|4.0|0|0
L|525.04|1.2|513.15|1.2
A|513.15|1.2|509.47|3.64|4.0|0|0
L|509.47|3.64|507.94|7.23
A|507.94|7.23|508.0|9.16|2.3|0|0
A|508.0|9.16|504.68|16.98|4.7|0|1
A|504.68|16.98|503.25|18.28|2.3|0|0
L|503.25|18.28|495.44|36.69
A|495.44|36.69|495.5|38.62|2.3|0|0
A|495.5|38.62|492.18|46.44|4.7|0|1
A|492.18|46.44|490.75|47.73|2.3|0|0
L|490.75|47.73|489.73|50.13
A|489.73|50.13|474.82|60.0|16.2|0|1
L|474.82|60.0|469.31|60.0
A|469.31|59.99|465.74|57.71|3.51|0|1
A|465.74|57.71|462.88|57.71|1.8|0|0
A|462.88|57.71|459.58|60.0|3.51|0|1
L|459.58|60.0|429.86|60.0
A|429.86|60.0|427.74|65.12|3.0|0|0
L|427.74|65.12|430.45|67.82
A|430.45|67.82|427.49|75.0|4.2|0|1
L|427.49|75.0|411.94|75.0
A|411.94|75.0|408.97|67.83|4.2|0|1
L|408.97|67.83|411.68|65.12
A|411.68|65.12|409.56|60.0|3.0|0|0
L|409.56|60.0|379.82|60.0
A|379.82|60.0|376.52|57.71|3.51|0|1
A|376.52|57.71|373.66|57.71|1.8|0|0
A|373.66|57.71|370.09|59.99|3.51|0|1
L|370.09|60.0|364.58|60.0
A|364.58|60.0|349.67|50.13|16.2|0|1
L|349.67|50.13|348.65|47.73
A|348.65|47.73|347.22|46.44|2.3|0|0
A|347.22|46.44|343.9|38.62|4.7|0|1
A|343.9|38.62|343.96|36.69|2.3|0|0
L|343.96|36.69|336.15|18.28
A|336.15|18.28|334.72|16.98|2.3|0|0
A|334.72|16.98|331.4|9.16|4.7|0|1
A|331.4|9.16|331.46|7.23|2.3|0|0
L|331.46|7.23|329.93|3.64
A|329.93|3.64|326.4|1.2|4.0|0|0
L|326.4|1.2|314.34|1.2
A|314.34|1.2|311.51|2.37|4.0|0|0
L|311.51|2.37|308.2|5.68
A|308.2|5.68|304.53|7.2|5.2|0|1
L|304.53|7.2|299.84|7.2
A|299.84|7.2|296.17|5.68|5.2|0|1
L|296.17|5.68|292.86|2.37
A|292.86|2.37|290.03|1.2|4.0|0|0
L|290.03|1.2|249.36|1.2
A|249.36|1.2|246.53|2.37|4.0|0|0
L|246.53|2.37|243.23|5.68
A|243.23|5.68|239.55|7.2|5.2|0|1
L|239.55|7.2|234.87|7.2
A|234.87|7.2|231.19|5.68|5.2|0|1
L|231.19|5.68|227.89|2.37
A|227.89|2.37|225.06|1.2|4.0|0|0
L|225.06|1.2|213.15|1.2
A|213.15|1.2|209.47|3.64|4.0|0|0
L|209.47|3.64|207.94|7.23
A|207.94|7.23|208.0|9.16|2.3|0|0
A|208.0|9.16|204.68|16.98|4.7|0|1
A|204.68|16.98|203.25|18.28|2.3|0|0
L|203.25|18.28|195.44|36.69
A|195.44|36.69|195.5|38.62|2.3|0|0
A|195.5|38.62|192.18|46.44|4.7|0|1
A|192.18|46.44|190.75|47.73|2.3|0|0
L|190.75|47.73|189.73|50.13
A|189.73|50.13|174.82|60.0|16.2|0|1
L|174.82|60.0|169.31|60.0
A|169.31|59.99|165.74|57.71|3.51|0|1
A|165.74|57.71|162.88|57.71|1.8|0|0
A|162.88|57.71|159.58|60.0|3.51|0|1
L|159.58|60.0|129.86|60.0
A|129.86|60.0|127.74|65.12|3.0|0|0
L|127.74|65.12|130.45|67.82
A|130.45|67.82|127.49|75.0|4.2|0|1
L|127.49|75.0|111.94|75.0
A|111.94|75.0|108.97|67.83|4.2|0|1
L|108.97|67.83|111.68|65.12
A|111.68|65.12|109.56|60.0|3.0|0|0
L|109.56|60.0|79.82|60.0
A|79.82|60.0|76.52|57.71|3.51|0|1
A|76.52|57.71|73.66|57.71|1.8|0|0
A|73.66|57.71|70.09|59.99|3.51|0|1
L|70.09|60.0|64.58|60.0
A|64.58|60.0|49.67|50.13|16.2|0|1
L|49.67|50.13|48.65|47.73
A|48.65|47.73|47.22|46.44|2.3|0|0
A|47.22|46.44|43.9|38.62|4.7|0|1
A|43.9|38.62|43.96|36.69|2.3|0|0
L|43.96|36.69|36.15|18.28
A|36.15|18.28|34.72|16.98|2.3|0|0
A|34.72|16.98|31.4|9.16|4.7|0|1
A|31.4|9.16|31.46|7.23|2.3|0|0
L|31.46|7.23|29.93|3.64
A|29.93|3.64|26.25|1.2|4.0|0|0
L|26.25|1.2|-1.57|1.2
A|-1.57|1.2|-4.63|3.61|3.15|0|0
L|-4.63|3.61|-6.34|10.71
A|-6.34|10.71|-3.28|14.6|3.15|0|0
L|-3.28|14.6|4.56|14.6
A|4.56|14.6|6.31|12.85|1.75|0|0
L|6.31|12.85|6.31|7.8
L|6.31|7.8|7.51|7.8
L|7.51|7.8|7.51|12.85
A|7.51|12.85|4.56|15.8|2.95|0|1
L|4.56|15.8|-3.28|15.8
A|-3.28|15.8|-7.51|10.42|4.62|0|1
L|-7.51|10.42|-5.8|3.33
A|-5.8|3.33|-1.58|-0.0|4.35|0|1
L|-1.58|-0.0|26.25|-0.0
A|26.25|-0.0|31.04|3.17|5.2|0|1
L|31.04|3.17|32.57|6.76
A|32.57|6.76|32.39|9.86|3.5|0|1
A|32.39|9.86|34.9|15.79|3.5|0|0
A|34.9|15.79|37.25|17.81|3.5|0|1
L|37.25|17.81|45.07|36.22
L|45.07|36.22|49.76|47.27
L|49.76|47.27|50.97|50.13
A|50.98|50.13|64.58|58.8|15.0|0|0
L|64.58|58.8|70.37|58.8
A|70.37|58.8|72.58|57.16|2.31|0|0
A|72.58|57.16|77.6|57.16|3.0|0|1
A|77.6|57.16|79.82|58.8|2.31|0|0
L|79.82|58.8|109.56|58.8
A|109.56|58.8|112.53|65.97|4.2|0|1
L|112.53|65.97|109.82|68.68
A|109.82|68.68|111.94|73.8|3.0|0|0
L|111.94|73.8|127.46|73.8
A|127.46|73.8|129.58|68.68|3.0|0|0
L|129.58|68.68|126.87|65.97
A|126.87|65.97|129.84|58.8|4.2|0|1
L|129.84|58.8|159.58|58.8
A|159.58|58.8|161.8|57.16|2.31|0|0
A|161.8|57.16|166.82|57.16|3.0|0|1
A|166.82|57.16|169.03|58.8|2.31|0|0
L|169.03|58.8|174.82|58.8
A|174.82|58.8|188.42|50.13|15.0|0|0
L|188.43|50.13|189.64|47.27
L|189.64|47.27|194.33|36.22
L|194.33|36.22|202.15|17.81
A|202.15|17.81|204.5|15.79|3.5|0|1
A|204.5|15.79|207.01|9.86|3.5|0|0
A|207.01|9.86|206.83|6.76|3.5|0|1
L|206.83|6.76|208.36|3.17
A|208.36|3.17|213.15|-0.0|5.2|0|1
L|213.15|-0.0|225.07|-0.0
A|225.07|-0.0|228.74|1.52|5.2|0|1
L|228.74|1.52|232.04|4.83
A|232.04|4.83|234.87|6.0|4.0|0|0
L|234.87|6.0|239.55|6.0
A|239.55|6.0|242.38|4.83|4.0|0|0
L|242.38|4.83|245.69|1.52
A|245.69|1.52|249.36|-0.0|5.2|0|1
L|249.36|-0.0|290.03|-0.0
A|290.03|-0.0|293.71|1.52|5.2|0|1
L|293.71|1.52|297.02|4.83
A|297.02|4.83|299.84|6.0|4.0|0|0
L|299.84|6.0|304.53|6.0
A|304.53|6.0|307.35|4.83|4.0|0|0
L|307.35|4.83|310.66|1.52
A|310.66|1.52|314.34|-0.0|5.2|0|1
L|314.34|-0.0|326.25|-0.0
A|326.25|-0.0|331.04|3.17|5.2|0|1
L|331.04|3.17|332.57|6.76
A|332.57|6.76|332.39|9.86|3.5|0|1
A|332.39|9.86|334.9|15.79|3.5|0|0
A|334.9|15.79|337.25|17.81|3.5|0|1
L|337.25|17.81|345.07|36.22
L|345.07|36.22|349.76|47.27
L|349.76|47.27|350.98|50.13
A|350.98|50.13|364.58|58.8|15.0|0|0
L|364.58|58.8|370.37|58.8
A|370.37|58.8|372.58|57.16|2.31|0|0
A|372.58|57.16|377.6|57.16|3.0|0|1
A|377.6|57.16|379.82|58.8|2.31|0|0
L|379.82|58.8|409.56|58.8
A|409.56|58.8|412.53|65.97|4.2|0|1
L|412.53|65.97|409.82|68.68
A|409.82|68.68|411.94|73.8|3.0|0|0
L|411.94|73.8|427.46|73.8
A|427.46|73.8|429.58|68.68|3.0|0|0
L|429.58|68.68|426.87|65.97
A|426.87|65.97|429.84|58.8|4.2|0|1
L|429.84|58.8|459.58|58.8
A|459.58|58.8|461.8|57.16|2.31|0|0
A|461.8|57.16|466.82|57.16|3.0|0|1
A|466.82|57.16|469.03|58.8|2.31|0|0
L|469.03|58.8|474.82|58.8
A|474.82|58.8|488.42|50.13|15.0|0|0
L|488.42|50.13|489.64|47.27
L|489.64|47.27|494.33|36.22
L|494.33|36.22|502.15|17.81
A|502.15|17.81|504.5|15.79|3.5|0|1
A|504.5|15.79|507.01|9.86|3.5|0|0
A|507.01|9.86|506.83|6.76|3.5|0|1
L|506.83|6.76|508.36|3.17
A|508.36|3.17|513.15|-0.0|5.2|0|1
L|513.15|-0.0|525.04|-0.0
A|525.04|-0.0|528.72|1.52|5.2|0|1
L|528.72|1.52|532.02|4.83
A|532.02|4.83|534.85|6.0|4.0|0|0
L|534.85|6.0|539.53|6.0
A|539.53|6.0|542.36|4.83|4.0|0|0
L|542.36|4.83|545.67|1.52
A|545.67|1.52|549.34|-0.0|5.2|0|1
L|549.34|-0.0|587.56|-0.0
#3649431	3754072	273538	-7.51	-0.00	609.00	95.00
A|124.76|93.8|126.88|88.68|3.0|0|0
L|126.88|88.68|124.17|85.97
A|124.17|85.97|127.14|78.8|4.2|0|1
L|127.14|78.8|128.35|78.8
L|128.35|78.8|156.85|78.8
A|156.85|78.8|159.07|77.16|2.31|0|0
A|159.07|77.16|164.09|77.16|3.0|0|1
A|164.09|77.16|166.3|78.8|2.31|0|0
L|166.3|78.8|171.58|78.8
A|171.58|78.8|195.06|58.87|23.8|0|0
L|195.06|58.87|196.29|52.85
L|196.29|52.85|198.68|41.09
L|198.68|41.09|202.67|21.49
A|202.67|21.49|204.57|19.04|3.5|0|1
A|204.57|19.04|205.85|12.73|3.5|0|0
A|205.85|12.73|205.06|9.73|3.5|0|1
L|205.06|9.73|206.19|4.16
A|206.19|4.16|211.29|-0.0|5.2|0|1
L|211.29|-0.0|220.68|-0.0
A|220.68|-0.0|222.94|0.94|3.2|0|1
L|222.94|0.94|227.42|5.41
A|227.42|5.41|228.84|6.0|2.0|0|0
L|228.84|6.0|235.17|6.0
A|235.17|6.0|236.59|5.41|2.0|0|0
L|236.59|5.41|241.06|0.94
A|241.06|0.94|243.33|-0.0|3.2|0|1
L|243.33|-0.0|290.68|-0.0
A|290.68|-0.0|292.94|0.94|3.2|0|1
L|292.94|0.94|297.42|5.41
A|297.42|5.41|298.83|6.0|2.0|0|0
L|298.83|6.0|305.17|6.0
A|305.17|6.0|306.58|5.41|2.0|0|0
L|306.58|5.41|311.06|0.94
A|311.06|0.94|313.32|-0.0|3.2|0|1
L|313.32|-0.0|317.26|-0.0
L|317.26|-0.0|322.75|-0.0
A|322.75|-0.0|327.85|4.16|5.2|0|1
L|327.85|4.16|328.98|9.73
A|328.98|9.73|328.19|12.73|3.5|0|1
A|328.19|12.73|329.47|19.04|3.5|0|0
A|329.47|19.04|331.37|21.49|3.5|0|1
L|331.37|21.49|335.36|41.09
L|335.36|41.09|337.75|52.85
L|337.75|52.85|339.0|58.96
A|339.0|58.96|362.46|78.8|23.8|0|0
L|362.46|78.8|367.74|78.8
A|367.74|78.8|369.95|77.16|2.31|0|0
A|369.95|77.16|374.98|77.16|3.0|0|1
A|374.98|77.16|377.19|78.8|2.31|0|0
L|377.19|78.8|405.65|78.8
L|405.65|78.8|406.86|78.8
A|406.86|78.8|409.83|85.97|4.2|0|1
L|409.83|85.97|407.12|88.68
A|407.12|88.68|409.24|93.8|3.0|0|0
L|409.24|93.8|410.45|93.8
L|410.4|93.8|423.7|93.8
L|423.65|93.8|424.76|93.8
A|424.76|93.8|426.88|88.68|3.0|0|0
L|426.88|88.68|424.17|85.97
A|424.17|85.97|427.14|78.8|4.2|0|1
L|427.14|78.8|456.85|78.8
A|456.85|78.8|459.07|77.16|2.31|0|0
A|459.07|77.16|464.09|77.16|3.0|0|1
A|464.09|77.16|466.3|78.8|2.31|0|0
L|466.3|78.8|471.58|78.8
A|471.58|78.8|495.06|58.87|23.8|0|0
L|495.06|58.87|496.29|52.85
L|496.29|52.85|498.68|41.09
L|498.68|41.09|502.67|21.49
A|502.67|21.49|504.57|19.04|3.5|0|1
A|504.57|19.04|505.85|12.73|3.5|0|0
A|505.85|12.73|505.06|9.73|3.5|0|1
L|505.06|9.73|506.32|3.56
A|506.32|3.56|511.25|-0.0|5.2|0|1
L|511.25|-0.0|520.68|-0.0
A|520.68|-0.0|522.94|0.94|3.2|0|1
L|522.94|0.94|527.42|5.41
A|527.42|5.41|528.83|6.0|2.0|0|0
L|528.83|6.0|535.17|6.0
A|535.17|6.0|536.58|5.41|2.0|0|0
L|536.58|5.41|541.06|0.94
A|541.06|0.94|543.32|-0.0|3.2|0|1
L|543.32|-0.0|587.5|-0.0
A|587.5|-0.0|592.2|4.7|4.7|0|1
L|592.2|4.7|592.2|12.51
A|592.2|12.51|595.7|16.01|3.5|0|0
L|595.7|16.01|604.3|16.01
A|604.3|16.01|607.8|12.51|3.5|0|0
L|607.8|12.51|607.8|5.21
L|607.8|5.21|609.0|5.21
L|609.0|5.21|609.0|12.51
A|609.0|12.51|604.3|17.21|4.7|0|1
L|604.3|17.21|595.7|17.21
A|595.7|17.21|591.0|12.51|4.7|0|1
L|591.0|12.51|591.0|4.7
A|591.0|4.7|587.5|1.2|3.5|0|0
L|587.5|1.2|543.32|1.2
A|543.32|1.2|541.91|1.79|2.0|0|0
L|541.91|1.79|537.43|6.26
A|537.43|6.26|535.17|7.2|3.2|0|1
L|535.17|7.2|528.83|7.2
A|528.83|7.2|526.57|6.26|3.2|0|1
L|526.57|6.26|522.09|1.79
A|522.09|1.79|520.68|1.2|2.0|0|0
L|520.68|1.2|511.25|1.2
A|511.25|1.2|507.48|3.87|4.0|0|0
L|507.48|3.87|506.23|9.97
A|506.23|9.97|506.68|11.85|2.3|0|0
A|506.68|11.85|504.98|20.17|4.7|0|1
A|504.98|20.17|503.84|21.73|2.3|0|0
L|503.84|21.73|499.86|41.33
L|499.86|41.33|497.46|53.09
L|497.46|53.09|496.24|59.08
A|496.24|59.08|471.58|80.0|25.0|0|1
L|471.58|80.0|466.3|80.0
A|466.3|80.0|463.01|77.71|3.51|0|1
A|463.01|77.71|460.15|77.71|1.8|0|0
A|460.15|77.71|456.85|80.0|3.51|0|1
L|456.85|80.0|428.35|80.0
L|428.35|80.0|427.14|80.0
A|427.14|80.0|425.02|85.12|3.0|0|0
L|425.02|85.12|427.73|87.83
A|427.73|87.83|424.76|95.0|4.2|0|1
L|424.76|95.0|423.55|95.0
L|423.55|95.0|410.4|95.0
L|410.4|95.0|409.24|95.0
A|409.24|95.0|406.27|87.83|4.2|0|1
L|406.27|87.83|408.98|85.12
A|408.98|85.12|406.86|80.0|3.0|0|0
L|406.86|80.0|405.65|80.0
L|405.65|80.0|377.19|80.0
A|377.19|80.0|373.89|77.71|3.51|0|1
A|373.89|77.71|371.03|77.71|1.8|0|0
A|371.03|77.71|367.74|80.0|3.51|0|1
L|367.74|80.0|362.46|80.0
A|362.46|80.0|337.81|59.17|25.0|0|1
L|337.81|59.17|336.58|53.09
L|336.58|53.09|334.18|41.33
L|334.18|41.33|330.2|21.73
A|330.2|21.73|329.06|20.17|2.3|0|0
A|329.06|20.17|327.36|11.85|4.7|0|1
A|327.36|11.85|327.8|9.97|2.3|0|0
L|327.8|9.97|326.67|4.4
A|326.67|4.4|322.75|1.2|4.0|0|0
L|322.75|1.2|317.26|1.2
L|317.26|1.2|313.32|1.2
A|313.32|1.2|311.91|1.79|2.0|0|0
L|311.91|1.79|307.43|6.26
A|307.43|6.26|305.17|7.2|3.2|0|1
L|305.17|7.2|298.83|7.2
A|298.83|7.2|296.57|6.26|3.2|0|1
L|296.57|6.26|292.09|1.79
A|292.09|1.79|290.68|1.2|2.0|0|0
L|290.68|1.2|243.33|1.2
A|243.33|1.2|241.91|1.79|2.0|0|0
L|241.91|1.79|237.44|6.26
A|237.44|6.26|235.17|7.2|3.2|0|1
L|235.17|7.2|228.84|7.2
A|228.84|7.2|226.57|6.26|3.2|0|1
L|226.57|6.26|222.1|1.79
A|222.1|1.79|220.68|1.2|2.0|0|0
L|220.68|1.2|211.29|1.2
A|211.29|1.2|207.37|4.4|4.0|0|0
L|207.37|4.4|206.23|9.97
A|206.23|9.97|206.68|11.85|2.3|0|0
A|206.68|11.85|204.98|20.17|4.7|0|1
A|204.98|20.17|203.84|21.73|2.3|0|0
L|203.84|21.73|199.86|41.33
L|199.86|41.33|197.46|53.09
L|197.46|53.09|196.24|59.08
A|196.24|59.08|171.58|80.0|25.0|0|1
L|171.58|80.0|166.3|80.0
A|166.3|80.0|163.01|77.71|3.51|0|1
A|163.01|77.71|160.15|77.71|1.8|0|0
A|160.15|77.71|156.85|80.0|3.51|0|1
L|156.85|80.0|128.35|80.0
L|128.35|80.0|127.14|80.0
A|127.14|80.0|125.02|85.12|3.0|0|0
L|125.02|85.12|127.73|87.83
A|127.73|87.83|124.76|95.0|4.2|0|1
L|124.76|95.0|123.6|95.0
L|123.6|95.0|110.45|95.0
L|110.45|95.0|109.24|95.0
A|109.24|95.0|106.27|87.83|4.2|0|1
L|106.27|87.83|108.98|85.12
A|108.98|85.12|106.86|80.0|3.0|0|0
L|106.86|80.0|105.65|80.0
L|105.65|80.0|77.19|80.0
A|77.19|80.0|73.89|77.71|3.51|0|1
A|73.89|77.71|71.03|77.71|1.8|0|0
A|71.03|77.71|67.74|80.0|3.51|0|1
L|67.74|80.0|62.46|80.0
A|62.46|80.0|37.81|59.17|25.0|0|1
L|37.81|59.17|36.58|53.09
L|36.58|53.09|34.18|41.33
L|34.18|41.33|30.2|21.73
A|30.2|21.73|29.06|20.17|2.3|0|0
A|29.06|20.17|27.36|11.85|4.7|0|1
A|27.36|11.85|27.8|9.97|2.3|0|0
L|27.8|9.97|26.67|4.4
A|26.67|4.4|22.75|1.2|4.0|0|0
L|22.75|1.2|-1.56|1.2
A|-1.56|1.2|-4.62|3.61|3.15|0|0
L|-4.62|3.61|-6.34|10.71
A|-6.34|10.71|-3.28|14.6|3.15|0|0
L|-3.28|14.6|4.56|14.6
A|4.56|14.6|5.57|11.41|1.75|0|0
L|5.57|11.41|1.73|8.73
L|1.73|8.73|2.42|7.74
L|2.42|7.74|6.26|10.43
A|6.26|10.43|4.56|15.8|2.95|0|1
L|4.56|15.8|-3.28|15.8
A|-3.28|15.8|-7.51|10.42|4.44|0|1
L|-7.51|10.42|-5.79|3.33
A|-5.79|3.33|-1.56|-0.0|4.35|0|1
L|-1.56|-0.0|22.75|-0.0
A|22.75|-0.0|27.85|4.16|5.2|0|1
L|27.85|4.16|28.98|9.73
A|28.98|9.73|28.19|12.73|3.5|0|1
A|28.19|12.73|29.47|19.04|3.5|0|0
A|29.47|19.04|31.37|21.49|3.5|0|1
L|31.37|21.49|35.36|41.09
L|35.36|41.09|37.75|52.85
L|37.75|52.85|39.0|58.96
A|39.0|58.96|62.46|78.8|23.8|0|0
L|62.46|78.8|67.74|78.8
A|67.74|78.8|69.95|77.16|2.31|0|0
A|69.95|77.16|74.98|77.16|3.0|0|1
A|74.98|77.16|77.19|78.8|2.31|0|0
L|77.19|78.8|105.65|78.8
L|105.65|78.8|106.86|78.8
A|106.86|78.8|109.83|85.97|4.2|0|1
L|109.83|85.97|107.12|88.68
A|107.12|88.68|109.24|93.8|3.0|0|0
L|109.24|93.8|110.45|93.8
L|110.4|93.8|123.7|93.8
L|123.65|93.8|124.76|93.8
#3658675	3877048	273538	-6.00	0.00	6.00	0.00
A|-6.0|0.0|6.0|-0.0|6.0|0|1
A|6.0|-0.0|-6.0|0.0|6.0|0|1
#3658705	4074940	3211781	0.00	-38.00	121.00	0.00
L|121.0|0.0|0.0|0.0
L|0.0|0.0|0.0|-38.0
L|0.0|-38.0|121.0|-38.0
L|121.0|-38.0|121.0|0.0
#3658720	3858515	273538	0.00	0.00	65.00	90.00
L|0.0|0.0|65.0|0.0
L|65.0|0.0|65.0|4.5
A|65.0|4.5|62.0|7.96|3.5|0|1
L|62.0|7.96|15.0|8.0
A|15.0|8.0|8.0|15.0|7.0|0|0
L|8.0|15.0|8.0|86.5
A|8.0|86.5|4.5|90.0|3.5|0|1
L|4.5|90.0|0.0|90.0
L|0.0|90.0|0.0|0.0
#3685514	3879018	273538	0.00	-10.00	200.00	0.00
L|200.0|-10.0|200.0|0.0
L|200.0|0.0|0.0|0.0
L|0.0|0.0|0.0|-10.0
L|0.0|-10.0|200.0|-10.0
#3685518	3879019	273538	0.00	-12.00	200.00	0.00
L|200.0|-12.0|200.0|0.0
L|200.0|0.0|0.0|0.0
L|0.0|0.0|0.0|-12.0
L|0.0|-12.0|200.0|-12.0
#3685528	3879020	273538	0.00	-15.00	200.00	0.00
L|200.0|-15.0|200.0|0.0
L|200.0|0.0|0.0|0.0
L|0.0|0.0|0.0|-15.0
L|0.0|-15.0|200.0|-15.0
#3685552	3865615	273538	30.00	-6.00	50.00	6.00
L|50.0|6.0|30.0|6.0
L|30.0|6.0|30.0|-6.0
L|30.0|-6.0|50.0|-6.0
L|50.0|-6.0|50.0|6.0
#3685572	3865618	273538	200.00	-10.00	280.00	10.00
L|280.0|10.0|200.0|10.0
L|200.0|10.0|200.0|-10.0
L|200.0|-10.0|280.0|-10.0
L|280.0|-10.0|280.0|10.0
#3717732	3842266	273538	-712.62	0.00	-705.12	4.00
L|-705.12|4.0|-712.62|4.0
L|-712.62|4.0|-712.62|0.0
L|-712.62|0.0|-705.12|0.0
L|-705.12|0.0|-705.12|4.0
#3717822	3833687	273538	-20.43	-11.50	44.50	133.50
L|44.5|90.0|44.5|131.5
A|44.5|131.5|42.5|133.5|2.0|0|1
L|42.5|133.5|-0.5|133.5
A|-0.5|133.5|-5.5|128.5|5.0|0|1
L|-5.5|128.5|-5.5|124.0
A|-5.5|124.0|-6.0|123.5|0.5|0|0
L|-6.0|123.5|-18.15|123.5
L|-18.15|123.5|-18.95|132.99
A|-18.95|132.99|-20.43|132.85|0.75|0|1
L|-20.43|132.85|-19.68|123.8
A|-19.68|123.8|-17.69|122.0|2.0|0|1
L|-17.69|122.0|-6.0|122.0
A|-6.0|122.0|-4.0|124.0|2.0|0|1
L|-4.0|124.0|-4.0|128.5
A|-4.0|128.5|-0.5|132.0|3.5|0|0
L|-0.5|132.0|42.5|132.0
A|42.5|132.0|43.0|131.5|0.5|0|0
L|43.0|131.5|43.0|90.0
A|43.0|90.0|42.5|89.5|0.5|0|0
L|42.5|89.5|30.0|89.5
A|30.0|89.5|28.0|87.5|2.0|0|1
L|28.0|87.5|28.0|34.5
A|28.0|34.5|30.0|32.5|2.0|0|1
L|30.0|32.5|42.5|32.5
A|42.5|32.5|43.0|32.0|0.5|0|0
L|43.0|32.0|43.0|-9.5
A|43.0|-9.5|42.5|-10.0|0.5|0|0
L|42.5|-10.0|-0.5|-10.0
A|-0.5|-10.0|-4.0|-6.5|3.5|0|0
L|-4.0|-6.5|-4.0|-2.0
A|-4.0|-2.0|-6.0|0.0|2.0|0|1
L|-6.0|0.0|-17.69|0.0
A|-17.69|0.0|-19.68|-1.8|2.0|0|1
L|-19.68|-1.8|-20.43|-10.85
A|-20.43|-10.85|-18.95|-10.99|0.75|0|1
L|-18.95|-10.99|-18.15|-1.5
L|-18.15|-1.5|-6.0|-1.5
A|-6.0|-1.5|-5.5|-2.0|0.5|0|0
L|-5.5|-2.0|-5.5|-6.5
A|-5.5|-6.5|-0.5|-11.5|5.0|0|1
L|-0.5|-11.5|42.5|-11.5
A|42.5|-11.5|44.5|-9.5|2.0|0|1
L|44.5|-9.5|44.5|32.0
A|44.5|32.0|42.5|34.0|2.0|0|1
L|42.5|34.0|30.0|34.0
A|30.0|34.0|29.5|34.5|0.5|0|0
L|29.5|34.5|29.5|87.5
A|29.5|87.5|30.0|88.0|0.5|0|0
L|30.0|88.0|42.5|88.0
A|42.5|88.0|44.5|90.0|2.0|0|1
#3717858	3833684	273538	-10.43	-11.50	64.50	133.50
L|63.0|86.51|63.0|36.0
A|63.0|36.0|62.0|35.0|1.0|0|0
L|62.0|35.0|52.0|35.0
A|52.0|35.0|51.04|36.29|1.0|0|0
L|51.04|36.29|51.54|40.13
A|51.54|40.13|47.06|45.0|4.5|0|1
L|47.06|45.0|42.5|45.0
A|42.5|45.0|38.0|40.5|4.5|0|1
L|38.0|40.5|38.0|-9.5
A|38.0|-9.5|37.5|-10.0|0.5|0|0
L|37.5|-10.0|9.5|-10.0
A|9.5|-10.0|6.0|-6.5|3.5|0|0
L|6.0|-6.5|6.0|-2.0
A|6.0|-2.0|4.0|0.0|2.0|0|1
L|4.0|0.0|-7.69|0.0
A|-7.69|0.0|-9.68|-1.8|2.0|0|1
L|-9.68|-1.8|-10.43|-10.85
A|-10.43|-10.85|-8.95|-10.99|0.75|0|1
L|-8.95|-10.99|-8.15|-1.5
L|-8.15|-1.5|4.0|-1.5
A|4.0|-1.5|4.5|-2.0|0.5|0|0
L|4.5|-2.0|4.5|-6.5
A|4.5|-6.5|9.5|-11.5|5.0|0|1
L|9.5|-11.5|37.5|-11.5
A|37.5|-11.5|39.5|-9.5|2.0|0|1
L|39.5|-9.5|39.5|40.5
A|39.5|40.5|42.5|43.5|3.0|0|0
L|42.5|43.5|47.06|43.5
A|47.06|43.5|50.05|40.24|3.0|0|0
L|50.05|40.24|49.57|36.59
A|49.57|36.59|52.0|33.5|2.5|0|1
L|52.0|33.5|62.0|33.5
A|62.0|33.5|64.5|36.0|2.5|0|1
L|64.5|36.0|64.5|86.51
A|64.5|86.51|62.5|88.51|2.0|0|1
L|62.5|88.51|39.5|88.51
L|39.5|88.51|39.5|131.5
A|39.5|131.5|37.5|133.5|2.0|0|1
L|37.5|133.5|9.5|133.5
A|9.5|133.5|4.5|128.5|5.0|0|1
L|4.5|128.5|4.5|124.0
A|4.5|124.0|4.0|123.5|0.5|0|0
L|4.0|123.5|-8.15|123.5
L|-8.15|123.5|-8.95|132.99
A|-8.95|132.99|-10.43|132.85|0.75|0|1
L|-10.43|132.85|-9.68|123.8
A|-9.68|123.8|-7.69|122.0|2.0|0|1
L|-7.69|122.0|4.0|122.0
A|4.0|122.0|6.0|124.0|2.0|0|1
L|6.0|124.0|6.0|128.51
A|6.0|128.51|9.5|132.01|3.51|0|0
L|9.5|132.01|37.52|132.01
A|37.52|132.01|38.04|131.49|0.52|0|0
L|38.04|131.49|38.04|88.51
A|38.04|88.51|39.99|87.0|2.01|0|1
L|39.99|87.0|62.5|87.0
A|62.5|87.0|63.0|86.51|0.5|0|0
#3717894	3833685	273538	-10.43	-11.50	64.50	133.50
L|63.0|86.51|63.0|36.0
A|63.0|36.0|62.0|35.0|1.0|0|0
L|62.0|35.0|52.0|35.0
A|52.0|35.0|51.04|36.29|1.0|0|0
L|51.04|36.29|51.54|40.13
A|51.54|40.13|47.06|45.0|4.5|0|1
L|47.06|45.0|42.5|45.0
A|42.5|45.0|38.0|40.5|4.5|0|1
L|38.0|40.5|38.0|-9.5
A|38.0|-9.5|37.5|-10.0|0.5|0|0
L|37.5|-10.0|9.5|-10.0
A|9.5|-10.0|6.0|-6.5|3.5|0|0
L|6.0|-6.5|6.0|-2.0
A|6.0|-2.0|4.0|0.0|2.0|0|1
L|4.0|0.0|-7.69|0.0
A|-7.69|0.0|-9.68|-1.8|2.0|0|1
L|-9.68|-1.8|-10.43|-10.85
A|-10.43|-10.85|-8.95|-10.99|0.75|0|1
L|-8.95|-10.99|-8.15|-1.5
L|-8.15|-1.5|4.0|-1.5
A|4.0|-1.5|4.5|-2.0|0.5|0|0
L|4.5|-2.0|4.5|-6.5
A|4.5|-6.5|9.5|-11.5|5.0|0|1
L|9.5|-11.5|37.5|-11.5
A|37.5|-11.5|39.5|-9.5|2.0|0|1
L|39.5|-9.5|39.5|40.5
A|39.5|40.5|42.5|43.5|3.0|0|0
L|42.5|43.5|47.06|43.5
A|47.06|43.5|50.05|40.24|3.0|0|0
L|50.05|40.24|49.57|36.59
A|49.57|36.59|52.0|33.5|2.5|0|1
L|52.0|33.5|62.0|33.5
A|62.0|33.5|64.5|36.0|2.5|0|1
L|64.5|36.0|64.5|86.51
A|64.5|86.51|62.5|88.51|2.0|0|1
L|62.5|88.51|39.5|88.51
L|39.5|88.51|39.5|131.5
A|39.5|131.5|37.5|133.5|2.0|0|1
L|37.5|133.5|9.5|133.5
A|9.5|133.5|4.5|128.5|5.0|0|1
L|4.5|128.5|4.5|124.0
A|4.5|124.0|4.0|123.5|0.5|0|0
L|4.0|123.5|-8.15|123.5
L|-8.15|123.5|-8.95|132.99
A|-8.95|132.99|-10.43|132.85|0.75|0|1
L|-10.43|132.85|-9.68|123.8
A|-9.68|123.8|-7.69|122.0|2.0|0|1
L|-7.69|122.0|4.0|122.0
A|4.0|122.0|6.0|124.0|2.0|0|1
L|6.0|124.0|6.0|128.51
A|6.0|128.51|9.5|132.01|3.51|0|0
L|9.5|132.01|37.52|132.01
A|37.52|132.01|38.04|131.49|0.52|0|0
L|38.04|131.49|38.04|88.51
A|38.04|88.51|39.99|87.0|2.01|0|1
L|39.99|87.0|62.5|87.0
A|62.5|87.0|63.0|86.51|0.5|0|0
#3717940	3833686	273538	-20.50	-13.50	64.50	73.50
L|63.0|71.49|63.0|36.0
A|63.0|36.0|62.0|35.0|1.0|0|0
L|62.0|35.0|52.0|35.0
A|52.0|35.0|51.04|36.29|1.0|0|0
L|51.04|36.29|51.54|40.13
A|51.54|40.13|47.06|45.0|4.5|0|1
L|47.06|45.0|42.5|45.0
A|42.5|45.0|38.0|40.5|4.5|0|1
L|38.0|40.5|38.0|-11.5
A|38.0|-11.5|37.5|-12.0|0.5|0|0
L|37.5|-12.0|9.5|-12.0
A|9.5|-12.0|6.0|-8.5|3.5|0|0
L|6.0|-8.5|6.0|40.61
A|6.0|40.61|1.5|45.0|4.5|0|1
L|1.5|45.0|-3.06|45.0
A|-3.06|45.0|-7.54|40.13|4.5|0|1
L|-7.54|40.13|-7.04|36.29
A|-7.04|36.29|-8.0|35.0|1.0|0|0
L|-8.0|35.0|-18.0|35.0
A|-18.0|35.0|-19.0|36.0|1.0|0|0
L|-19.0|36.0|-19.0|71.49
A|-19.0|71.49|-18.5|71.99|0.5|0|0
L|-18.5|71.99|62.5|71.99
A|62.5|71.99|63.0|71.49|0.5|0|0
A|64.5|71.5|62.5|73.5|2.0|0|1
L|62.5|73.5|-18.5|73.5
A|-18.5|73.5|-20.5|71.5|2.0|0|1
L|-20.5|71.5|-20.5|36.0
A|-20.5|36.0|-18.0|33.5|2.5|0|1
L|-18.0|33.5|-8.0|33.5
A|-8.0|33.5|-5.57|36.59|2.5|0|1
L|-5.57|36.59|-6.04|40.24
A|-6.04|40.24|-3.06|43.5|3.0|0|0
L|-3.06|43.5|1.5|43.5
A|1.5|43.5|4.5|40.59|3.0|0|0
L|4.5|40.59|4.5|-8.5
A|4.5|-8.5|9.5|-13.5|5.0|0|1
L|9.5|-13.5|37.5|-13.5
A|37.5|-13.5|39.5|-11.5|2.0|0|1
L|39.5|-11.5|39.5|40.5
A|39.5|40.5|42.5|43.5|3.0|0|0
L|42.5|43.5|47.06|43.5
A|47.06|43.5|50.05|40.24|3.0|0|0
L|50.05|40.24|49.57|36.59
A|49.57|36.59|52.0|33.5|2.5|0|1
L|52.0|33.5|62.0|33.5
A|62.0|33.5|64.5|36.0|2.5|0|1
L|64.5|36.0|64.5|71.5
#3732351	3875022	273538	-0.00	-300.00	125.00	-300.00
A|-0.0|-300.0|125.0|-300.0|101.47|0|1
A|125.0|-300.0|-0.0|-300.0|101.47|0|1
#3735332	3874678	273538	0.00	0.00	1200.00	200.00
L|5.0|20.0|0.0|20.0
L|0.0|20.0|0.0|10.0
L|0.0|10.0|10.0|0.0
L|10.0|0.0|1190.0|-0.0
L|1190.0|-0.0|1200.0|10.0
L|1200.0|10.0|1200.0|20.0
L|1200.0|20.0|1195.0|20.0
L|1195.0|20.0|1183.49|100.6
L|1183.49|100.6|1169.34|114.75
L|1169.34|114.75|1164.39|149.39
L|1164.39|149.39|1175.0|160.0
L|1175.0|160.0|1175.0|200.0
L|1175.0|200.0|25.0|200.0
L|25.0|200.0|25.0|160.0
L|25.0|160.0|35.61|149.39
L|35.61|149.39|30.66|114.75
L|30.66|114.75|16.51|100.6
L|16.51|100.6|5.0|20.0
#3892920	4236024	273538	0.00	-80.00	180.00	0.00
L|180.0|0.0|0.0|0.0
L|0.0|0.0|0.0|-80.0
L|0.0|-80.0|180.0|-80.0
L|180.0|-80.0|180.0|0.0
#3892982	4236025	273538	0.00	-27.00	45.00	0.00
L|45.0|0.0|0.0|0.0
L|0.0|0.0|0.0|-27.0
L|0.0|-27.0|45.0|-27.0
L|45.0|-27.0|45.0|0.0
#3893062	4236026	273538	0.00	-146.00	59.00	0.00
L|59.0|0.0|0.0|0.0
L|0.0|0.0|0.0|-146.0
L|0.0|-146.0|59.0|-146.0
L|59.0|-146.0|59.0|0.0
#3893124	4236027	273538	0.00	-150.00	50.00	0.00
L|50.0|0.0|0.0|0.0
L|0.0|0.0|0.0|-150.0
L|0.0|-150.0|50.0|-150.0
L|50.0|-150.0|50.0|0.0
#3893256	4236028	273538	0.00	-38.00	86.00	0.00
L|86.0|0.0|0.0|0.0
L|0.0|0.0|0.0|-38.0
L|0.0|-38.0|86.0|-38.0
L|86.0|-38.0|86.0|0.0
#3893326	4236741	273538	0.00	-38.00	58.00	0.00
L|58.0|0.0|0.0|0.0
L|0.0|0.0|0.0|-38.0
L|0.0|-38.0|58.0|-38.0
L|58.0|-38.0|58.0|0.0
#3893411	4236030	273538	0.00	0.00	44.00	22.00
L|44.0|0.0|44.0|22.0
L|44.0|22.0|0.0|22.0
L|0.0|22.0|0.0|0.0
L|0.0|0.0|44.0|0.0
#3893512	4236031	273538	0.00	-15.00	44.00	0.00
L|44.0|0.0|0.0|0.0
L|0.0|0.0|0.0|-15.0
L|0.0|-15.0|44.0|-15.0
L|44.0|-15.0|44.0|0.0
#3893584	4236032	273538	0.00	-10.00	44.00	0.00
L|44.0|0.0|0.0|0.0
L|0.0|0.0|0.0|-10.0
L|0.0|-10.0|44.0|-10.0
L|44.0|-10.0|44.0|0.0
#3893662	4236033	273538	0.00	-30.00	45.00	0.00
L|45.0|0.0|0.0|0.0
L|0.0|0.0|0.0|-30.0
L|0.0|-30.0|45.0|-30.0
L|45.0|-30.0|45.0|0.0
#3893732	4236034	273538	0.00	-46.00	28.00	0.00
L|28.0|0.0|0.0|0.0
L|0.0|0.0|0.0|-46.0
L|0.0|-46.0|28.0|-46.0
L|28.0|-46.0|28.0|0.0
#3894021	3683187	3678678	0.00	0.00	160.00	200.00
L|160.0|0.0|160.0|200.0
L|160.0|200.0|0.0|200.0
L|0.0|200.0|0.0|0.0
L|0.0|0.0|160.0|0.0
#3894206	3679520	3678678	0.00	-160.00	160.00	0.00
L|160.0|0.0|0.0|0.0
L|0.0|0.0|0.0|-160.0
L|0.0|-160.0|160.0|-160.0
L|160.0|-160.0|160.0|0.0
#3894217	3679517	3678678	0.00	0.00	320.00	140.00
L|320.0|0.0|320.0|140.0
L|320.0|140.0|0.0|140.0
L|0.0|140.0|0.0|0.0
L|0.0|0.0|320.0|0.0
#3894289	3683057	3678678	0.00	0.00	251.00	38.00
L|251.0|0.0|251.0|38.0
L|251.0|38.0|0.0|38.0
L|0.0|38.0|0.0|0.0
L|0.0|0.0|251.0|0.0
#3894397	3682214	3678678	0.00	-38.00	219.00	0.00
L|219.0|0.0|0.0|0.0
L|0.0|0.0|0.0|-38.0
L|0.0|-38.0|219.0|-38.0
L|219.0|-38.0|219.0|0.0
#3894448	3683059	3678678	0.00	0.00	209.00	38.00
L|209.0|0.0|209.0|38.0
L|209.0|38.0|0.0|38.0
L|0.0|38.0|0.0|0.0
L|0.0|0.0|209.0|0.0
#3894593	3680375	3678678	0.00	0.00	100.00	22.00
L|100.0|0.0|100.0|22.0
L|100.0|22.0|0.0|22.0
L|0.0|22.0|0.0|0.0
L|0.0|0.0|100.0|0.0
#3894605	3680377	3678678	0.00	0.00	75.00	22.00
L|75.0|0.0|75.0|22.0
L|75.0|22.0|0.0|22.0
L|0.0|22.0|0.0|0.0
L|0.0|0.0|75.0|0.0
#3894659	3682165	3678678	0.00	0.00	30.00	20.00
L|30.0|0.0|30.0|20.0
L|30.0|20.0|0.0|20.0
L|0.0|20.0|0.0|0.0
L|0.0|0.0|30.0|0.0
#3894720	3681699	3678678	0.00	0.00	45.00	19.00
L|45.0|0.0|45.0|19.0
L|45.0|19.0|0.0|19.0
L|0.0|19.0|0.0|0.0
L|0.0|0.0|45.0|0.0
#3906456	3898244	807581	-73.72	-72.68	-33.27	-46.19
L|-73.22|-72.68|-39.22|-72.68
A|-39.22|-72.68|-38.72|-72.18|0.5|0|1
L|-38.72|-72.18|-38.72|-69.19
L|-38.72|-69.19|-40.22|-68.79
L|-40.22|-68.79|-40.22|-70.88
L|-40.22|-70.88|-43.22|-70.88
L|-43.22|-70.88|-43.22|-52.88
L|-43.22|-52.88|-40.22|-52.88
L|-40.22|-52.88|-40.22|-54.97
L|-40.22|-54.97|-38.72|-54.57
L|-38.72|-54.57|-34.91|-54.57
L|-34.91|-54.57|-33.27|-52.93
L|-33.27|-52.93|-38.72|-52.93
L|-38.72|-52.93|-38.72|-50.29
L|-38.72|-50.29|-39.72|-50.02
L|-39.72|-50.02|-39.72|-51.08
L|-39.72|-51.08|-41.3|-51.08
L|-41.3|-51.08|-41.3|-46.19
L|-41.3|-46.19|-43.37|-47.39
L|-43.37|-47.39|-44.19|-48.24
L|-44.19|-48.24|-42.58|-50.48
L|-42.58|-50.48|-47.95|-50.48
L|-47.95|-50.48|-46.51|-47.98
L|-46.51|-47.98|-49.05|-47.98
L|-49.05|-47.98|-50.49|-50.48
L|-50.49|-50.48|-61.95|-50.48
L|-61.95|-50.48|-63.41|-47.95
L|-63.41|-47.95|-65.95|-47.95
L|-65.95|-47.95|-64.49|-50.48
L|-64.49|-50.48|-69.86|-50.48
L|-69.86|-50.48|-68.25|-48.24
L|-68.25|-48.24|-69.07|-47.39
L|-69.07|-47.39|-71.14|-46.19
L|-71.14|-46.19|-71.14|-51.08
L|-71.14|-51.08|-72.72|-51.08
L|-72.72|-51.08|-72.72|-50.02
L|-72.72|-50.02|-73.72|-50.29
L|-73.72|-50.29|-73.72|-54.57
L|-73.72|-54.57|-72.22|-54.97
L|-72.22|-54.97|-72.22|-52.88
L|-72.22|-52.88|-69.22|-52.88
L|-69.22|-52.88|-69.22|-70.88
L|-69.22|-70.88|-72.22|-70.88
L|-72.22|-70.88|-72.22|-68.79
L|-72.22|-68.79|-73.72|-69.19
L|-73.72|-69.19|-73.72|-72.18
A|-73.72|-72.18|-73.22|-72.68|0.5|0|1
L|-45.02|-52.18|-45.02|-70.98
L|-45.02|-70.98|-52.42|-70.98
L|-52.42|-70.98|-52.42|-68.48
L|-52.42|-68.48|-53.92|-68.48
L|-53.92|-68.48|-53.92|-70.98
L|-53.92|-70.98|-58.52|-70.98
L|-58.52|-70.98|-58.52|-68.48
L|-58.52|-68.48|-60.02|-68.48
L|-60.02|-68.48|-60.02|-70.98
L|-60.02|-70.98|-67.42|-70.98
L|-67.42|-70.98|-67.42|-52.18
L|-67.42|-52.18|-60.02|-52.18
L|-60.02|-52.18|-60.02|-54.68
L|-60.02|-54.68|-58.52|-54.68
L|-58.52|-54.68|-58.52|-52.18
L|-58.52|-52.18|-53.92|-52.18
L|-53.92|-52.18|-53.92|-54.68
L|-53.92|-54.68|-52.42|-54.68
L|-52.42|-54.68|-52.42|-52.18
L|-52.42|-52.18|-45.02|-52.18
#3906462	3898247	807581	124.69	-72.94	163.91	-54.93
L|136.65|-67.14|137.25|-64.67
L|137.25|-64.67|138.03|-66.03
A|138.03|-66.03|141.03|-67.5|3.0|0|1
A|141.03|-67.5|143.03|-67.53|1.0|1|1
L|143.03|-67.53|148.03|-67.53
A|148.03|-67.53|150.03|-67.53|1.0|1|1
L|150.03|-67.53|155.19|-67.53
A|155.19|-67.53|159.52|-65.03|5.0|0|1
L|159.52|-65.03|163.91|-57.43
L|163.91|-57.43|163.91|-54.93
L|163.91|-54.93|161.41|-54.93
L|161.41|-54.93|161.41|-57.43
L|161.41|-57.43|154.91|-57.43
L|154.91|-57.43|154.91|-56.33
L|154.91|-56.33|155.81|-56.33
L|155.81|-56.33|154.41|-54.93
L|154.41|-54.93|153.41|-54.93
L|153.41|-54.93|152.74|-57.43
L|152.74|-57.43|136.21|-57.43
L|136.21|-57.43|136.21|-56.33
L|136.21|-56.33|137.11|-56.33
L|137.11|-56.33|135.71|-54.93
L|135.71|-54.93|131.21|-54.93
L|131.21|-54.93|129.81|-56.33
L|129.81|-56.33|130.9|-56.33
L|130.9|-56.33|130.6|-57.43
L|130.6|-57.43|124.69|-57.43
L|124.69|-57.43|133.17|-65.35
L|133.17|-65.35|135.08|-70.88
A|135.08|-70.88|136.75|-72.94|3.83|0|1
L|136.75|-72.94|138.78|-69.68
A|138.78|-69.68|137.94|-69.15|0.5|0|1
L|137.94|-69.15|136.35|-71.39
L|136.35|-71.39|136.65|-67.14
L|137.11|-63.74|137.11|-58.93
L|137.11|-58.93|146.41|-58.93
L|146.41|-58.93|146.41|-65.73
L|146.41|-65.73|139.6|-65.73
A|139.6|-65.73|137.11|-63.74|2.0|0|1
L|135.61|-65.57|128.49|-58.93
L|128.49|-58.93|135.61|-58.93
L|135.61|-58.93|135.61|-65.57
L|135.21|-55.93|135.21|-57.43
L|135.21|-57.43|131.71|-57.43
L|131.71|-57.43|131.71|-55.93
L|131.71|-55.93|135.21|-55.93
L|157.04|-65.73|148.21|-65.73
L|148.21|-65.73|148.21|-58.93
L|148.21|-58.93|160.97|-58.93
L|160.97|-58.93|157.04|-65.73
#3906464	3898248	807581	281.00	103.38	315.00	119.63
L|293.5|110.13|293.3|119.63
L|293.3|119.63|292.5|119.63
L|292.5|119.63|292.3|110.13
L|292.3|110.13|287.36|110.13
L|287.36|110.13|285.58|113.21
L|285.58|113.21|283.53|113.21
L|283.53|113.21|281.0|114.67
L|281.0|114.67|281.0|109.75
L|281.0|109.75|283.53|111.21
L|283.53|111.21|284.43|111.21
L|284.43|111.21|288.94|103.38
L|288.94|103.38|307.06|103.38
L|307.06|103.38|311.58|111.21
L|311.58|111.21|312.48|111.21
L|312.48|111.21|315.0|109.75
L|315.0|109.75|315.0|114.67
L|315.0|114.67|312.48|113.21
L|312.48|113.21|310.42|113.21
L|310.42|113.21|308.65|110.13
L|308.65|110.13|293.5|110.13
L|306.6|104.18|298.4|104.18
L|298.4|104.18|298.4|109.33
L|298.4|109.33|309.57|109.33
L|309.57|109.33|306.6|104.18
L|297.6|109.33|297.6|104.18
L|297.6|104.18|289.4|104.18
L|289.4|104.18|286.43|109.33
L|286.43|109.33|297.6|109.33
#3955176	3954007	807581	-48.00	-70.41	2.00	-39.53
L|-41.99|-51.53|-38.0|-51.53
L|-38.0|-51.53|-38.0|-50.53
L|-38.0|-50.53|-39.2|-50.53
L|-39.2|-50.53|-39.2|-49.03
L|-39.2|-49.03|-28.5|-49.03
L|-28.5|-49.03|-28.5|-50.53
L|-28.5|-50.53|-28.5|-63.73
L|-28.5|-63.73|-31.5|-63.73
L|-31.5|-63.73|-31.5|-61.64
L|-31.5|-61.64|-33.0|-62.04
L|-33.0|-62.04|-33.0|-66.32
L|-33.0|-66.32|-32.0|-66.59
L|-32.0|-66.59|-32.0|-65.53
L|-32.0|-65.53|-30.42|-65.53
L|-30.42|-65.53|-30.42|-70.41
L|-30.42|-70.41|-28.35|-69.22
L|-28.35|-69.22|-27.53|-68.37
L|-27.53|-68.37|-29.14|-66.13
L|-29.14|-66.13|-23.77|-66.13
L|-23.77|-66.13|-25.23|-68.65
L|-25.23|-68.65|-20.77|-68.65
L|-20.77|-68.65|-22.23|-66.13
L|-22.23|-66.13|-16.86|-66.13
L|-16.86|-66.13|-18.47|-68.37
L|-18.47|-68.37|-17.65|-69.22
L|-17.65|-69.22|-15.58|-70.41
L|-15.58|-70.41|-15.58|-65.53
L|-15.58|-65.53|-14.0|-65.53
L|-14.0|-65.53|-14.0|-66.59
L|-14.0|-66.59|-13.0|-66.32
L|-13.0|-66.32|-13.0|-62.04
L|-13.0|-62.04|-14.5|-61.64
L|-14.5|-61.64|-14.5|-63.73
L|-14.5|-63.73|-17.5|-63.73
L|-17.5|-63.73|-17.5|-49.03
L|-17.5|-49.03|-6.8|-49.03
L|-6.8|-49.03|-6.8|-50.53
L|-6.8|-50.53|-8.0|-50.53
L|-8.0|-50.53|-8.0|-51.53
L|-8.0|-51.53|-4.01|-51.53
L|-4.01|-51.53|-3.74|-50.53
L|-3.74|-50.53|-5.3|-50.53
L|-5.3|-50.53|-5.3|-48.83
L|-5.3|-48.83|0.7|-48.83
L|0.7|-48.83|0.7|-50.23
L|0.7|-50.23|-0.4|-50.23
L|-0.4|-50.23|-0.4|-51.53
L|-0.4|-51.53|2.0|-51.53
L|2.0|-51.53|2.0|-40.03
A|2.0|-40.03|1.5|-39.53|0.5|0|1
L|1.5|-39.53|-47.5|-39.53
A|-47.5|-39.53|-48.0|-40.03|0.5|0|1
L|-48.0|-40.03|-48.0|-51.53
L|-48.0|-51.53|-45.41|-51.53
L|-45.41|-51.53|-45.14|-50.53
L|-45.14|-50.53|-46.7|-50.53
L|-46.7|-50.53|-46.7|-48.83
L|-46.7|-48.83|-40.7|-48.83
L|-40.7|-48.83|-40.7|-50.53
L|-40.7|-50.53|-42.26|-50.53
L|-42.26|-50.53|-41.99|-51.53
L|-19.3|-64.43|-26.7|-64.43
L|-26.7|-64.43|-26.7|-49.23
L|-26.7|-49.23|-19.3|-49.23
L|-19.3|-49.23|-19.3|-64.43
L|-46.4|-41.13|0.4|-41.13
L|0.4|-41.13|0.4|-47.53
L|0.4|-47.53|-46.4|-47.53
L|-46.4|-47.53|-46.4|-41.13
#3965445	3961944	807581	-243.47	-197.47	-190.47	-163.47
L|-234.23|-163.47|-239.15|-163.47
L|-239.15|-163.47|-237.69|-165.99
L|-237.69|-165.99|-237.69|-166.89
L|-237.69|-166.89|-240.77|-168.67
L|-240.77|-168.67|-240.77|-170.47
L|-240.77|-170.47|-242.47|-170.47
L|-242.47|-170.47|-242.47|-169.31
L|-242.47|-169.31|-243.47|-169.58
L|-243.47|-169.58|-243.47|-172.66
L|-243.47|-172.66|-242.47|-172.93
L|-242.47|-172.93|-242.47|-171.77
L|-242.47|-171.77|-240.77|-171.77
L|-240.77|-171.77|-240.77|-189.17
L|-240.77|-189.17|-242.47|-189.17
L|-242.47|-189.17|-242.47|-188.01
L|-242.47|-188.01|-243.47|-188.28
L|-243.47|-188.28|-243.47|-191.36
L|-243.47|-191.36|-242.47|-191.63
L|-242.47|-191.63|-242.47|-190.47
L|-242.47|-190.47|-240.77|-190.47
L|-240.77|-190.47|-240.77|-192.27
L|-240.77|-192.27|-237.69|-194.04
L|-237.69|-194.04|-237.69|-194.94
L|-237.69|-194.94|-239.15|-197.47
L|-239.15|-197.47|-234.23|-197.47
L|-234.23|-197.47|-235.69|-194.94
L|-235.69|-194.94|-235.69|-192.89
L|-235.69|-192.89|-238.77|-191.11
L|-238.77|-191.11|-238.77|-175.97
L|-238.77|-175.97|-229.27|-175.77
L|-229.27|-175.77|-229.27|-174.97
L|-229.27|-174.97|-238.77|-174.77
L|-238.77|-174.77|-238.77|-169.82
L|-238.77|-169.82|-235.68|-168.04
L|-235.68|-168.04|-235.68|-165.97
L|-235.68|-165.97|-234.23|-163.47
L|-198.24|-194.94|-199.7|-197.47
L|-199.7|-197.47|-194.85|-197.47
L|-194.85|-197.47|-196.24|-194.94
L|-196.24|-194.94|-196.24|-194.04
L|-196.24|-194.04|-193.17|-192.27
L|-193.17|-192.27|-193.17|-190.47
L|-193.17|-190.47|-191.47|-190.47
L|-191.47|-190.47|-191.47|-191.63
L|-191.47|-191.63|-190.47|-191.36
L|-190.47|-191.36|-190.47|-188.28
L|-190.47|-188.28|-191.47|-188.01
L|-191.47|-188.01|-191.47|-189.17
L|-191.47|-189.17|-193.17|-189.17
L|-193.17|-189.17|-193.17|-171.77
L|-193.17|-171.77|-191.47|-171.77
L|-191.47|-171.77|-191.47|-172.93
L|-191.47|-172.93|-190.47|-172.66
L|-190.47|-172.66|-190.47|-169.58
L|-190.47|-169.58|-191.47|-169.31
L|-191.47|-169.31|-191.47|-170.47
L|-191.47|-170.47|-193.17|-170.47
L|-193.17|-170.47|-193.17|-168.67
L|-193.17|-168.67|-196.24|-166.89
L|-196.24|-166.89|-196.24|-166.0
L|-196.24|-166.0|-194.85|-163.47
L|-194.85|-163.47|-199.7|-163.47
L|-199.7|-163.47|-198.24|-165.99
L|-198.24|-165.99|-198.24|-168.05
L|-198.24|-168.05|-195.17|-169.82
L|-195.17|-169.82|-195.17|-184.97
L|-195.17|-184.97|-204.67|-185.17
L|-204.67|-185.17|-204.67|-185.97
L|-204.67|-185.97|-195.17|-186.17
L|-195.17|-186.17|-195.17|-191.11
L|-195.17|-191.11|-198.24|-192.89
L|-198.24|-192.89|-198.24|-194.94
#3965447	3961942	807581	155.71	35.50	185.81	115.50
L|185.81|35.5|185.81|115.0
A|185.81|115.0|185.31|115.5|0.5|0|1
L|185.31|115.5|184.51|115.5
A|184.51|115.5|184.01|115.0|0.5|0|1
L|184.01|115.0|184.01|106.4
L|184.01|106.4|181.51|106.4
L|181.51|106.4|181.51|107.4
L|181.51|107.4|175.04|107.4
L|175.04|107.4|172.32|105.84
A|172.32|105.84|172.57|104.9|0.5|0|1
L|172.57|104.9|184.01|104.9
L|184.01|104.9|184.01|37.3
L|184.01|37.3|162.91|37.3
L|162.91|37.3|162.91|39.5
A|162.91|39.5|160.81|41.6|2.1|0|1
L|160.81|41.6|157.81|41.6
A|157.81|41.6|155.71|39.5|2.1|0|1
L|155.71|39.5|155.71|37.5
L|155.71|37.5|157.51|37.5
L|157.51|37.5|157.51|39.8
L|157.51|39.8|161.11|39.8
L|161.11|39.8|161.11|37.61
L|161.11|37.61|160.81|36.8
L|160.81|36.8|160.81|36.0
A|160.81|36.0|161.31|35.5|0.5|0|1
L|161.31|35.5|185.81|35.5
#3965449	3961943	807581	-101.50	-115.20	-82.51	-79.10
L|-101.5|-79.64|-101.5|-114.7
A|-101.5|-114.7|-101.0|-115.2|0.5|0|1
L|-101.0|-115.2|-87.0|-115.2
A|-87.0|-115.2|-86.5|-114.7|0.5|0|1
L|-86.5|-114.7|-86.5|-113.9
L|-86.5|-113.9|-89.0|-113.9
L|-89.0|-113.9|-89.0|-112.86
A|-89.0|-112.86|-87.53|-111.4|1.47|0|0
L|-87.53|-111.4|-84.8|-111.4
L|-84.8|-111.4|-84.8|-112.2
L|-84.8|-112.2|-82.51|-111.4
L|-82.51|-111.4|-82.51|-110.4
L|-82.51|-110.4|-87.51|-110.4
A|-87.51|-110.4|-90.0|-112.89|2.49|0|1
L|-90.0|-112.89|-90.0|-113.9
L|-90.0|-113.9|-100.2|-113.9
L|-100.2|-113.9|-100.2|-94.6
L|-100.2|-94.6|-94.36|-94.6
L|-94.36|-94.6|-90.56|-98.4
L|-90.56|-98.4|-82.51|-98.4
L|-82.51|-98.4|-82.51|-96.76
L|-82.51|-96.76|-84.69|-95.72
L|-84.69|-95.72|-84.69|-97.4
L|-84.69|-97.4|-90.0|-97.4
L|-90.0|-97.4|-94.0|-93.4
L|-94.0|-93.4|-100.3|-93.4
L|-100.3|-93.4|-100.3|-82.6
L|-100.3|-82.6|-94.36|-82.6
L|-94.36|-82.6|-94.36|-81.4
L|-94.36|-81.4|-100.3|-81.4
L|-100.3|-81.4|-100.3|-80.25
L|-100.3|-80.25|-99.5|-80.04
L|-99.5|-80.04|-99.5|-79.1
L|-99.5|-79.1|-101.5|-79.64
#3993671	3993627	807581	-272.39	-240.93	-208.39	-174.42
L|-214.69|-239.13|-244.59|-239.13
L|-244.59|-239.13|-244.59|-227.93
L|-244.59|-227.93|-234.89|-227.93
L|-234.89|-227.93|-234.89|-226.13
L|-234.89|-226.13|-264.19|-226.13
L|-264.19|-226.13|-264.19|-231.63
L|-264.19|-231.63|-270.59|-231.63
L|-270.59|-231.63|-270.59|-220.28
L|-270.59|-220.28|-262.89|-220.28
L|-262.89|-220.28|-262.89|-211.18
L|-262.89|-211.18|-270.59|-211.18
L|-270.59|-211.18|-270.59|-195.5
L|-270.59|-195.5|-265.92|-194.25
L|-265.92|-194.25|-234.89|-194.25
L|-234.89|-194.25|-234.89|-180.23
L|-234.89|-180.23|-214.69|-180.23
L|-214.69|-180.23|-214.69|-239.13
L|-246.39|-228.43|-246.39|-239.93
A|-246.39|-239.93|-245.39|-240.93|1.0|0|1
L|-245.39|-240.93|-208.89|-240.93
A|-208.89|-240.93|-208.39|-240.43|0.5|0|1
L|-208.39|-240.43|-208.39|-237.44
L|-208.39|-237.44|-209.89|-237.04
L|-209.89|-237.04|-209.89|-239.13
L|-209.89|-239.13|-212.89|-239.13
L|-212.89|-239.13|-212.89|-221.13
L|-212.89|-221.13|-209.89|-221.13
L|-209.89|-221.13|-209.89|-223.22
L|-209.89|-223.22|-208.39|-222.82
L|-208.39|-222.82|-208.39|-219.63
L|-208.39|-219.63|-212.89|-219.63
L|-212.89|-219.63|-212.89|-178.43
L|-212.89|-178.43|-213.84|-178.43
L|-213.84|-178.43|-213.7|-174.42
L|-213.7|-174.42|-216.95|-175.56
L|-216.95|-175.56|-215.13|-178.43
L|-215.13|-178.43|-220.46|-178.43
L|-220.46|-178.43|-219.01|-175.93
L|-219.01|-175.93|-221.55|-175.93
L|-221.55|-175.93|-223.0|-178.43
L|-223.0|-178.43|-226.59|-178.43
L|-226.59|-178.43|-228.04|-175.93
L|-228.04|-175.93|-230.58|-175.93
L|-230.58|-175.93|-229.13|-178.43
L|-229.13|-178.43|-234.46|-178.43
L|-234.46|-178.43|-232.6|-175.49
L|-232.6|-175.49|-235.89|-174.42
L|-235.89|-174.42|-235.75|-178.43
L|-235.75|-178.43|-236.69|-178.43
L|-236.69|-178.43|-236.69|-192.43
L|-236.69|-192.43|-266.09|-192.43
L|-266.09|-192.43|-269.82|-193.43
L|-269.82|-193.43|-270.39|-192.43
L|-270.39|-192.43|-271.89|-192.43
A|-271.89|-192.43|-272.39|-192.93|0.5|0|1
L|-272.39|-192.93|-272.39|-212.68
A|-272.39|-212.68|-271.89|-213.18|0.5|0|1
L|-271.89|-213.18|-264.89|-213.18
L|-264.89|-213.18|-264.89|-218.28
L|-264.89|-218.28|-271.89|-218.28
A|-271.89|-218.28|-272.39|-218.78|0.5|0|1
L|-272.39|-218.78|-272.39|-232.43
A|-272.39|-232.43|-271.39|-233.43|1.0|0|1
L|-271.39|-233.43|-263.39|-233.43
A|-263.39|-233.43|-262.39|-232.43|1.0|0|1
L|-262.39|-232.43|-262.39|-228.43
A|-262.39|-228.43|-261.89|-227.93|0.5|0|0
L|-261.89|-227.93|-246.89|-227.93
A|-246.89|-227.93|-246.39|-228.43|0.5|0|0
#4020701	4020703	807581	38.17	69.69	53.17	87.69
L|39.59|87.69|38.17|86.27
L|38.17|86.27|38.17|69.69
L|38.17|69.69|50.17|69.69
A|50.17|69.69|53.17|72.69|3.0|0|1
L|53.17|72.69|53.17|81.75
A|53.17|81.75|50.95|84.64|3.0|0|1
L|50.95|84.64|39.59|87.69
#4074507	4074509	273538	-120.00	-570.00	520.00	0.00
L|0.0|-500.0|0.0|0.0
L|-0.0|0.0|-100.0|0.0
L|-100.0|0.0|-100.0|-100.0
L|-100.0|-100.0|-120.0|-154.95
L|-120.0|-154.95|-120.0|-570.0
L|-120.0|-570.0|520.0|-570.0
L|520.0|-570.0|520.0|-154.95
L|520.0|-154.95|500.0|-100.0
L|500.0|-100.0|500.0|0.0
L|500.0|0.0|400.0|0.0
L|400.0|0.0|400.0|-500.0
L|400.0|-500.0|0.0|-500.0
#4082180	4075793	3211781	0.00	-38.00	89.00	0.00
L|89.0|0.0|0.0|0.0
L|0.0|0.0|0.0|-38.0
L|0.0|-38.0|89.0|-38.0
L|89.0|-38.0|89.0|0.0
#4082182	4075032	3211781	0.00	0.00	140.00	38.00
L|140.0|0.0|140.0|38.0
L|140.0|38.0|0.0|38.0
L|0.0|38.0|0.0|0.0
L|0.0|0.0|140.0|0.0
#4082184	4074982	3211781	0.00	-18.00	45.00	0.00
L|45.0|0.0|0.0|0.0
L|0.0|0.0|0.0|-18.0
L|0.0|-18.0|45.0|-18.0
L|45.0|-18.0|45.0|0.0
#4082186	4074928	3211781	0.00	-38.00	184.00	0.00
L|184.0|0.0|0.0|0.0
L|0.0|0.0|0.0|-38.0
L|0.0|-38.0|184.0|-38.0
L|184.0|-38.0|184.0|0.0
#4082190	4075200	3211781	0.00	-28.00	45.00	0.00
L|45.0|0.0|0.0|0.0
L|0.0|0.0|0.0|-28.0
L|0.0|-28.0|45.0|-28.0
L|45.0|-28.0|45.0|0.0
#4082192	4075283	3211781	0.00	-17.00	89.00	0.00
L|89.0|0.0|0.0|0.0
L|0.0|0.0|0.0|-17.0
L|0.0|-17.0|89.0|-17.0
L|89.0|-17.0|89.0|0.0
#4082198	4074972	3211781	0.00	-44.00	146.00	0.00
L|146.0|0.0|0.0|0.0
L|0.0|0.0|0.0|-44.0
L|0.0|-44.0|146.0|-44.0
L|146.0|-44.0|146.0|0.0
#4090048	4089462	3418663	0.00	0.00	145.00	44.00
L|145.0|0.0|145.0|44.0
L|145.0|44.0|0.0|44.0
L|0.0|44.0|0.0|0.0
L|0.0|0.0|145.0|0.0
#4090049	4089974	3418663	0.00	-38.00	235.00	-0.00
L|235.0|-0.0|0.0|-0.0
L|0.0|0.0|0.0|-38.0
L|0.0|-38.0|235.0|-38.0
L|235.0|-38.0|235.0|-0.0
#4090071	4089975	3418663	0.00	0.00	121.00	44.00
L|121.0|0.0|121.0|44.0
L|121.0|44.0|0.0|44.0
L|0.0|44.0|0.0|0.0
L|0.0|0.0|121.0|0.0
#4090073	4089508	3418663	0.00	0.00	45.00	18.00
L|45.0|0.0|45.0|18.0
L|45.0|18.0|0.0|18.0
L|0.0|18.0|0.0|0.0
L|0.0|0.0|45.0|0.0
#4090075	4089933	3418663	0.00	-22.00	50.00	0.00
L|50.0|0.0|0.0|0.0
L|0.0|0.0|0.0|-22.0
L|0.0|-22.0|50.0|-22.0
L|50.0|-22.0|50.0|0.0
#4093066	4275551	3655202	51.00	38.00	59.00	38.00
A|51.0|38.0|59.0|38.0|4.0|0|1
A|59.0|38.0|51.0|38.0|4.0|0|1
#4105493	4105576	273538	42.00	25.00	58.00	25.00
A|42.0|25.0|58.0|25.0|8.0|0|1
A|58.0|25.0|42.0|25.0|8.0|0|1
#4113571	4113477	3655202	0.00	-200.00	70.00	0.00
L|70.0|0.0|0.0|0.0
L|0.0|0.0|0.0|-200.0
L|0.0|-200.0|70.0|-200.0
L|70.0|-200.0|70.0|0.0
#4129333	4129235	3655202	0.00	-71.00	150.00	0.00
L|150.0|0.0|0.0|0.0
L|0.0|0.0|0.0|-71.0
L|0.0|-71.0|150.0|-71.0
L|150.0|-71.0|150.0|0.0
#4144120	4152809	3655202	0.00	-100.00	200.00	0.00
L|200.0|0.0|0.0|0.0
L|0.0|0.0|0.0|-100.0
L|0.0|-100.0|200.0|-100.0
L|200.0|-100.0|200.0|0.0
#4151811	4151766	3655202	0.00	-60.00	171.00	0.00
L|171.0|0.0|0.0|0.0
L|0.0|0.0|0.0|-60.0
L|0.0|-60.0|171.0|-60.0
L|171.0|-60.0|171.0|0.0
#4228990	4228951	3655202	-50.00	-175.00	50.00	175.00
A|26.5|165.0|40.0|151.5|13.5|0|0
L|40.0|151.5|40.0|-151.5
A|40.0|-151.5|26.5|-165.0|13.5|0|0
L|26.5|-165.0|-26.5|-165.0
A|-26.5|-165.0|-40.0|-151.5|13.5|0|0
L|-40.0|-151.5|-40.0|151.5
A|-40.0|151.5|-26.5|165.0|13.5|0|0
L|-26.5|165.0|26.5|165.0
A|50.0|160.0|35.0|175.0|15.0|0|1
L|35.0|175.0|-35.0|175.0
A|-35.0|175.0|-50.0|160.0|15.0|0|1
L|-50.0|160.0|-50.0|-160.0
A|-50.0|-160.0|-35.0|-175.0|15.0|0|1
L|-35.0|-175.0|35.0|-175.0
A|35.0|-175.0|50.0|-160.0|15.0|0|1
L|50.0|-160.0|50.0|160.0
#4234146	3885404	273538	-100.00	-289.69	1600.00	0.00
L|1600.0|0.0|-100.0|0.0
L|-100.0|0.0|-100.0|-289.69
L|-100.0|-289.69|1600.0|-289.69
L|1600.0|-289.69|1600.0|0.0
#4245313	3881796	273538	0.00	0.00	250.00	12.00
L|250.0|12.0|0.0|12.0
L|0.0|12.0|0.0|0.0
L|0.0|0.0|250.0|0.0
L|250.0|0.0|250.0|12.0
#4245315	3881795	273538	0.00	0.00	250.00	10.00
L|250.0|10.0|0.0|10.0
L|0.0|10.0|0.0|0.0
L|0.0|0.0|250.0|0.0
L|250.0|0.0|250.0|10.0
#4248331	4248287	273538	0.00	0.00	90.00	180.00
L|0.0|0.0|90.0|0.0
L|90.0|0.0|90.0|3.0
A|90.0|3.0|83.0|10.0|7.0|0|1
L|83.0|10.0|24.0|10.0
A|24.0|10.0|10.0|24.0|14.0|0|0
L|10.0|24.0|10.0|173.0
A|10.0|173.0|3.0|180.0|7.0|0|1
L|3.0|180.0|0.0|180.0
L|0.0|180.0|0.0|0.0
#4251365	4251297	3314948	0.00	-100.00	65.00	0.00
L|0.0|0.0|0.0|-100.0
L|0.0|-100.0|2.0|-100.0
A|2.0|-100.0|7.0|-95.0|5.0|0|1
L|7.0|-95.0|7.0|-17.0
A|7.0|-17.0|17.0|-7.0|10.0|0|0
L|17.0|-7.0|60.0|-7.0
A|60.0|-7.0|65.0|-2.0|5.0|0|1
L|65.0|-2.0|65.0|0.0
L|65.0|0.0|0.0|0.0
#4262126	4262086	3314948	0.00	0.00	90.00	90.00
L|0.0|0.0|90.0|0.0
L|90.0|0.0|90.0|2.5
A|90.0|2.5|84.5|8.0|5.5|0|1
L|84.5|8.0|19.0|8.0
A|19.0|8.0|8.0|19.0|11.0|0|0
L|8.0|19.0|8.0|84.5
A|8.0|84.5|2.5|90.0|5.5|0|1
L|2.5|90.0|0.0|90.0
L|0.0|90.0|0.0|0.0
#4263820	4263745	3314948	0.00	0.00	50.00	75.00
L|0.0|0.0|50.0|0.0
L|50.0|0.0|50.0|1.5
A|50.0|1.5|46.5|5.0|3.5|0|1
L|46.5|5.0|12.0|5.0
A|12.0|5.0|5.0|12.0|7.0|0|0
L|5.0|12.0|5.0|71.5
A|5.0|71.5|1.5|75.0|3.5|0|1
L|1.5|75.0|0.0|75.0
L|0.0|75.0|0.0|0.0
#4270465	4270371	3655202	0.00	0.00	80.00	160.00
L|0.0|0.0|80.0|0.0
L|80.0|0.0|80.0|7.5
A|80.0|7.5|73.5|14.0|6.5|0|1
L|73.5|14.0|27.0|14.0
A|27.0|14.0|14.0|27.0|13.0|0|0
L|14.0|27.0|14.0|153.5
A|14.0|153.5|7.5|160.0|6.5|0|1
L|7.5|160.0|0.0|160.0
L|0.0|160.0|0.0|0.0
#4286424	4286332	3655202	0.00	-71.00	221.00	0.00
L|221.0|0.0|0.0|0.0
L|0.0|0.0|0.0|-71.0
L|0.0|-71.0|221.0|-71.0
L|221.0|-71.0|221.0|0.0
#5070341	5068145	3418663	0.00	-44.00	71.00	0.00
L|71.0|0.0|0.0|0.0
L|0.0|0.0|0.0|-44.0
L|0.0|-44.0|71.0|-44.0
L|71.0|-44.0|71.0|0.0
#5070346	5068470	3418663	0.00	-38.00	89.00	0.00
L|89.0|0.0|0.0|0.0
L|0.0|0.0|0.0|-38.0
L|0.0|-38.0|89.0|-38.0
L|89.0|-38.0|89.0|0.0
#5070356	5068148	3418663	0.00	-71.00	171.00	0.00
L|171.0|0.0|0.0|0.0
L|0.0|0.0|0.0|-71.0
L|0.0|-71.0|171.0|-71.0
L|171.0|-71.0|171.0|0.0
#5070357	5068146	3418663	0.00	-22.00	50.00	0.00
L|50.0|0.0|0.0|0.0
L|0.0|0.0|0.0|-22.0
L|0.0|-22.0|50.0|-22.0
L|50.0|-22.0|50.0|0.0
#5070362	5068424	3418663	0.00	-38.00	171.00	0.00
L|171.0|0.0|0.0|0.0
L|0.0|0.0|0.0|-38.0
L|0.0|-38.0|171.0|-38.0
L|171.0|-38.0|171.0|0.0
#5070364	5069027	3418663	0.00	-5.00	120.00	5.00
L|0.0|-5.0|118.0|-5.0
L|118.0|-5.0|120.0|-3.5
L|120.0|-3.5|120.0|3.5
L|120.0|3.5|118.0|5.0
L|118.0|5.0|0.0|5.0
L|0.0|5.0|0.0|-5.0
#5078759	5077847	3418663	-0.00	-300.00	125.00	-300.00
A|-0.0|-300.0|125.0|-300.0|101.47|0|1
A|125.0|-300.0|-0.0|-300.0|101.47|0|1
#5078764	5077207	3418663	0.00	-71.00	171.00	0.00
L|171.0|0.0|0.0|0.0
L|0.0|0.0|0.0|-71.0
L|0.0|-71.0|171.0|-71.0
L|171.0|-71.0|171.0|0.0
#5078792	5077240	3418663	0.00	-38.00	121.00	0.00
L|121.0|0.0|0.0|0.0
L|0.0|0.0|0.0|-38.0
L|0.0|-38.0|121.0|-38.0
L|121.0|-38.0|121.0|0.0
#5078808	5077462	3418663	0.41	-20.00	175.41	65.55
L|2.9|-1.15|174.67|44.88
L|174.67|44.88|175.41|45.85
L|175.41|45.85|175.41|65.55
L|175.41|65.55|174.4|65.28
L|174.4|65.28|173.66|64.31
L|173.66|64.31|173.66|48.72
L|173.66|48.72|171.44|45.83
L|171.44|45.83|1.9|0.4
L|1.9|0.4|0.41|-1.54
L|0.41|-1.54|0.41|-20.0
L|0.41|-20.0|15.41|-15.98
L|15.41|-15.98|15.41|-14.17
L|15.41|-14.17|2.16|-17.72
L|2.16|-17.72|2.16|-2.11
L|2.16|-2.11|2.9|-1.15
#5087396	5086023	3418663	-19.57	-67.30	247.48	-12.00
A|87.26|-26.38|30.56|-48.01|95.32|0|1
A|162.59|-58.67|87.26|-26.38|95.11|0|1
A|247.48|-57.34|162.59|-58.67|51.94|0|0
L|247.48|-47.07|247.48|-57.34
L|238.35|-47.07|247.48|-47.07
A|235.63|-48.81|238.35|-47.07|3.0|0|0
A|213.57|-67.07|235.63|-48.81|33.62|0|1
A|210.06|-64.79|213.57|-67.07|2.96|0|1
L|207.74|-55.36|210.06|-64.79
A|204.83|-53.07|207.74|-55.36|3.0|0|0
L|202.03|-53.07|204.83|-53.07
A|199.03|-56.07|202.03|-53.07|3.0|0|0
L|196.77|-65.08|199.03|-56.07
A|193.15|-67.3|196.77|-65.08|3.0|0|1
A|188.2|-65.72|193.15|-67.3|29.45|0|1
A|175.52|-56.81|188.2|-65.72|43.76|0|1
A|164.84|-44.96|175.52|-56.81|146.34|0|0
A|142.79|-28.57|164.84|-44.96|124.42|0|0
A|133.06|-24.06|142.79|-28.57|143.34|0|0
A|130.22|-20.66|133.06|-24.06|5.0|0|1
L|128.68|-14.3|130.22|-20.66
A|125.76|-12.0|128.68|-14.3|3.0|0|0
L|120.49|-12.0|125.76|-12.0
A|117.57|-14.3|120.49|-12.0|3.0|0|0
L|117.27|-15.55|117.57|-14.3
A|113.54|-17.74|117.27|-15.55|3.01|0|1
A|64.6|-18.66|113.54|-17.74|106.0|0|0
A|61.0|-16.53|64.6|-18.66|2.92|0|1
L|60.46|-14.3|61.0|-16.53
A|57.54|-12.0|60.46|-14.3|3.0|0|0
L|52.27|-12.0|57.54|-12.0
A|49.35|-14.3|52.27|-12.0|3.0|0|0
L|47.32|-22.72|49.35|-14.3
A|44.67|-26.03|47.32|-22.72|5.0|0|1
A|27.48|-36.55|44.67|-26.03|95.95|0|0
A|21.5|-38.53|27.48|-36.55|10.0|0|1
L|-16.57|-38.53|21.5|-38.53
A|-19.57|-41.53|-16.57|-38.53|3.0|0|0
L|-19.57|-47.15|-19.57|-41.53
A|-19.01|-51.84|-19.57|-47.15|20.0|0|0
L|-16.74|-61.23|-19.01|-51.84
A|-13.83|-63.53|-16.74|-61.23|3.0|0|0
L|-11.17|-63.53|-13.83|-63.53
A|-8.26|-61.23|-11.17|-63.53|3.0|0|0
L|-5.99|-51.82|-8.26|-61.23
A|-3.07|-49.53|-5.99|-51.82|3.0|0|1
L|3.07|-49.53|-3.07|-49.53
A|5.99|-51.82|3.07|-49.53|3.0|0|1
L|8.26|-61.23|5.99|-51.82
A|11.17|-63.53|8.26|-61.23|3.0|0|0
L|14.18|-63.53|11.17|-63.53
A|16.51|-62.42|14.18|-63.53|2.91|0|0
L|18.92|-59.45|16.51|-62.42
A|30.56|-48.01|18.92|-59.45|98.0|0|1
#5087428	5086024	3418663	-100.00	-289.69	405.27	0.00
L|405.27|0.0|-100.0|0.0
L|-100.0|0.0|-100.0|-289.69
L|-100.0|-289.69|405.27|-289.69
L|405.27|-289.69|405.27|0.0
#5087440	5086324	3418663	0.00	-18.00	45.00	0.00
L|45.0|0.0|0.0|0.0
L|0.0|0.0|0.0|-18.0
L|0.0|-18.0|45.0|-18.0
L|45.0|-18.0|45.0|0.0
#5087446	5086871	3418663	0.00	0.00	184.00	38.00
L|184.0|0.0|184.0|38.0
L|184.0|38.0|0.0|38.0
L|0.0|38.0|0.0|0.0
L|0.0|0.0|184.0|0.0
#5087447	5086896	3418663	0.00	0.00	50.00	22.00
L|50.0|0.0|50.0|22.0
L|50.0|22.0|0.0|22.0
L|0.0|22.0|0.0|0.0
L|0.0|0.0|50.0|0.0
#5087454	5086868	3418663	0.00	0.00	150.00	38.00
L|150.0|0.0|150.0|38.0
L|150.0|38.0|0.0|38.0
L|0.0|38.0|0.0|0.0
L|0.0|0.0|150.0|0.0
#5092986	5091676	3418663	0.00	-38.00	140.00	0.00
L|140.0|0.0|0.0|0.0
L|0.0|0.0|0.0|-38.0
L|0.0|-38.0|140.0|-38.0
L|140.0|-38.0|140.0|0.0
#5112769	5109699	3418663	0.00	-38.00	184.00	0.00
L|184.0|0.0|0.0|0.0
L|0.0|0.0|0.0|-38.0
L|0.0|-38.0|184.0|-38.0
L|184.0|-38.0|184.0|0.0
#5112782	5110120	3418663	0.00	-38.00	235.00	-0.00
L|235.0|-0.0|0.0|-0.0
L|0.0|-0.0|0.0|-38.0
L|0.0|-38.0|235.0|-38.0
L|235.0|-38.0|235.0|-0.0
#5112798	5109670	3418663	0.00	-96.00	196.00	0.00
L|196.0|0.0|0.0|0.0
L|0.0|0.0|0.0|-96.0
L|0.0|-96.0|196.0|-96.0
L|196.0|-96.0|196.0|0.0
#5112804	5109698	3418663	-417.10	20.42	-115.88	78.16
L|-411.52|78.16|-417.1|46.53
L|-417.1|46.53|-118.67|20.42
L|-118.67|20.42|-115.88|52.3
L|-115.88|52.3|-411.52|78.16
#5112808	5109659	3418663	0.00	-22.00	45.00	0.00
L|45.0|0.0|0.0|0.0
L|0.0|0.0|0.0|-22.0
L|0.0|-22.0|45.0|-22.0
L|45.0|-22.0|45.0|0.0
#5112817	5108557	3418663	0.00	-44.00	180.00	0.00
L|180.0|0.0|0.0|0.0
L|0.0|0.0|0.0|-44.0
L|0.0|-44.0|180.0|-44.0
L|180.0|-44.0|180.0|0.0
#5112820	5110098	3418663	-129.84	-64.73	130.15	37.71
L|112.65|-64.73|130.15|-64.73
A|130.15|-64.73|12.3|37.71|133.53|0|1
A|12.3|37.71|-11.99|37.71|12.44|0|1
A|-11.99|37.71|-129.84|-64.73|133.53|0|1
L|-129.84|-64.73|-112.35|-64.73
A|-112.35|-64.73|112.65|-64.73|115.31|0|0
#5121770	5120632	3418663	0.00	-38.00	89.00	0.00
L|89.0|0.0|0.0|0.0
L|0.0|0.0|0.0|-38.0
L|0.0|-38.0|89.0|-38.0
L|89.0|-38.0|89.0|0.0
#5121776	5121063	3418663	0.00	-71.00	196.00	0.00
L|196.0|0.0|0.0|0.0
L|0.0|0.0|0.0|-71.0
L|0.0|-71.0|196.0|-71.0
L|196.0|-71.0|196.0|0.0
#5121785	5120475	3418663	0.00	-27.00	45.00	0.00
L|45.0|0.0|0.0|0.0
L|0.0|0.0|0.0|-27.0
L|0.0|-27.0|45.0|-27.0
L|45.0|-27.0|45.0|0.0
#5121792	5120654	3418663	-24.00	-33.01	0.00	-12.01
L|0.0|-16.61|-8.0|-12.01
L|-8.0|-12.01|-16.0|-12.01
L|-16.0|-12.01|-24.0|-16.61
L|-24.0|-16.61|-16.0|-33.01
L|-16.0|-33.01|-8.0|-33.01
L|-8.0|-33.01|0.0|-16.61
#5121796	5120980	3418663	0.41	-41.55	160.33	8.90
L|155.65|-27.37|158.13|-30.33
L|158.13|-30.33|158.13|-40.2
L|158.13|-40.2|158.87|-41.16
L|158.87|-41.16|160.33|-41.55
L|160.33|-41.55|160.33|-26.8
L|160.33|-26.8|159.5|-25.82
L|159.5|-25.82|3.44|1.7
L|3.44|1.7|2.61|2.69
L|2.61|2.69|2.61|8.9
L|2.61|8.9|0.41|8.9
L|0.41|8.9|0.41|1.68
L|0.41|1.68|2.07|-0.29
L|2.07|-0.29|155.65|-27.37
#5121797	5121011	3418663	0.00	-38.00	62.00	0.00
L|62.0|0.0|0.0|0.0
L|0.0|0.0|0.0|-38.0
L|0.0|-38.0|62.0|-38.0
L|62.0|-38.0|62.0|0.0
#5121799	5121034	3418663	-44.59	-48.00	203.75	12.00
L|-44.59|-15.23|-44.59|-21.01
A|-44.59|-21.01|-17.59|-48.0|27.0|0|1
L|-17.59|-48.0|0.41|-48.0
L|0.41|-48.0|0.41|-46.0
L|0.41|-46.0|-10.91|-46.0
L|-10.91|-46.0|-6.54|-40.79
L|-6.54|-40.79|-31.87|-19.53
A|-31.87|-19.53|-31.87|-16.47|2.0|0|0
L|-31.87|-16.47|-12.25|-0.0
L|-12.25|-0.0|176.03|0.0
L|176.03|0.0|180.41|-0.91
A|180.41|-0.91|183.06|-2.73|4.2|0|0
L|183.06|-2.73|197.82|-25.46
A|197.82|-25.46|197.9|-29.92|4.2|0|0
L|197.9|-29.92|195.02|-34.71
A|195.02|-34.71|192.89|-35.82|2.3|0|0
L|192.89|-35.82|188.0|-35.48
A|188.0|-35.48|187.07|-34.42|1.0|0|0
L|187.07|-34.42|187.62|-26.63
L|187.62|-26.63|186.82|-26.58
L|186.82|-26.58|186.28|-34.36
A|186.28|-34.36|188.93|-36.07|1.8|0|1
L|188.93|-36.07|190.51|-40.42
L|190.51|-40.42|202.25|-36.14
A|202.25|-36.14|203.75|-32.93|2.5|0|1
L|203.75|-32.93|187.99|10.35
A|187.99|10.35|185.66|12.0|2.5|0|1
L|185.66|12.0|-17.59|12.0
A|-17.59|12.0|-44.59|-15.23|27.0|0|1
