  0
SECTION
  2
HEADER
  9
$ACADVER
  1
AC1024
  9
$ACADMAINTVER
 70
    63
  9
$DWGCODEPAGE
  3
ANSI_1252
  9
$LASTSAVEDBY
  1
uhlaender
  9
$INSBASE
 10
3315.629223490955
 20
-623.2269003518142
 30
0.0
  9
$EXTMIN
 10
3682.721688228441
 20
-2519.433728244688
 30
-0.0000000349181948
  9
$EXTMAX
 10
6843.54693319277
 20
869.803287888706
 30
0.0000000814935746
  9
$LIMMIN
 10
0.0
 20
0.0
  9
$LIMMAX
 10
12.0
 20
9.0
  9
$ORTHOMODE
 70
     0
  9
$REGENMODE
 70
     1
  9
$FILLMODE
 70
     1
  9
$QTEXTMODE
 70
     0
  9
$MIRRTEXT
 70
     1
  9
$LTSCALE
 40
1.0
  9
$ATTMODE
 70
     1
  9
$TEXTSIZE
 40
5.625
  9
$TRACEWID
 40
0.05
  9
$TEXTSTYLE
  7
STANDARD
  9
$CLAYER
  8
HALFEN-KONSOLANKER
  9
$CELTYPE
  6
BYLAYER
  9
$CECOLOR
 62
   256
  9
$CELTSCALE
 40
1.0
  9
$DISPSILH
 70
     0
  9
$DIMSCALE
 40
1.0
  9
$DIMASZ
 40
3.5
  9
$DIMEXO
 40
2.0
  9
$DIMDLI
 40
15.0
  9
$DIMRND
 40
0.0
  9
$DIMDLE
 40
0.0
  9
$DIMEXE
 40
3.0
  9
$DIMTP
 40
0.0
  9
$DIMTM
 40
0.0
  9
$DIMTXT
 40
3.149999999999999
  9
$DIMCEN
 40
34.0
  9
$DIMTSZ
 40
0.0
  9
$DIMTOL
 70
     0
  9
$DIMLIM
 70
     0
  9
$DIMTIH
 70
     0
  9
$DIMTOH
 70
     0
  9
$DIMSE1
 70
     0
  9
$DIMSE2
 70
     0
  9
$DIMTAD
 70
     1
  9
$DIMZIN
 70
     0
  9
$DIMBLK
  1

  9
$DIMASO
 70
     1
  9
$DIMSHO
 70
     1
  9
$DIMPOST
  1

  9
$DIMAPOST
  1
"
  9
$DIMALT
 70
     1
  9
$DIMALTD
 70
     2
  9
$DIMALTF
 40
0.03937
  9
$DIMLFAC
 40
1.0
  9
$DIMTOFL
 70
     1
  9
$DIMTVP
 40
0.0
  9
$DIMTIX
 70
     0
  9
$DIMSOXD
 70
     0
  9
$DIMSAH
 70
     0
  9
$DIMBLK1
  1

  9
$DIMBLK2
  1

  9
$DIMSTYLE
  2
WO02
  9
$DIMCLRD
 70
   256
  9
$DIMCLRE
 70
   256
  9
$DIMCLRT
 70
     7
  9
$DIMTFAC
 40
1.0
  9
$DIMGAP
 40
0.09
  9
$DIMJUST
 70
     0
  9
$DIMSD1
 70
     0
  9
$DIMSD2
 70
     0
  9
$DIMTOLJ
 70
     1
  9
$DIMTZIN
 70
     8
  9
$DIMALTZ
 70
     8
  9
$DIMALTTZ
 70
     8
  9
$DIMUPT
 70
     0
  9
$DIMDEC
 70
     2
  9
$DIMTDEC
 70
     2
  9
$DIMALTU
 70
     2
  9
$DIMALTTD
 70
     2
  9
$DIMTXSTY
  7
DREI
  9
$DIMAUNIT
 70
     0
  9
$DIMADEC
 70
     0
  9
$DIMALTRND
 40
0.0
  9
$DIMAZIN
 70
     0
  9
$DIMDSEP
 70
    46
  9
$DIMATFIT
 70
     3
  9
$DIMFRAC
 70
     0
  9
$DIMLDRBLK
  1

  9
$DIMLUNIT
 70
     2
  9
$DIMLWD
 70
    -2
  9
$DIMLWE
 70
    -2
  9
$DIMTMOVE
 70
     2
  9
$DIMFXL
 40
1.0
  9
$DIMFXLON
 70
     0
  9
$DIMJOGANG
 40
0.7853981633974483
  9
$DIMTFILL
 70
     0
  9
$DIMTFILLCLR
 70
     0
  9
$DIMARCSYM
 70
     0
  9
$DIMLTYPE
  6

  9
$DIMLTEX1
  6

  9
$DIMLTEX2
  6

  9
$DIMTXTDIRECTION
 70
     0
  9
$LUNITS
 70
     2
  9
$LUPREC
 70
     4
  9
$SKETCHINC
 40
0.1
  9
$FILLETRAD
 40
0.0
  9
$AUNITS
 70
     0
  9
$AUPREC
 70
     0
  9
$MENU
  1
acad
  9
$ELEVATION
 40
0.0
  9
$PELEVATION
 40
0.0
  9
$THICKNESS
 40
0.0
  9
$LIMCHECK
 70
     0
  9
$CHAMFERA
 40
0.0
  9
$CHAMFERB
 40
0.0
  9
$CHAMFERC
 40
0.0
  9
$CHAMFERD
 40
0.0
  9
$SKPOLY
 70
     0
  9
$TDCREATE
 40
2450035.601165857
  9
$TDUCREATE
 40
2450035.517832523
  9
$TDUPDATE
 40
2456401.560933044
  9
$TDUUPDATE
 40
2456401.477599711
  9
$TDINDWG
 40
0.2821688889
  9
$TDUSRTIMER
 40
0.2821688889
  9
$USRTIMER
 70
     1
  9
$ANGBASE
 50
0.0
  9
$ANGDIR
 70
     0
  9
$PDMODE
 70
     0
  9
$PDSIZE
 40
0.0
  9
$PLINEWID
 40
0.0
  9
$SPLFRAME
 70
     0
  9
$SPLINETYPE
 70
     6
  9
$SPLINESEGS
 70
     8
  9
$HANDSEED
  5
EB1
  9
$SURFTAB1
 70
     6
  9
$SURFTAB2
 70
     6
  9
$SURFTYPE
 70
     6
  9
$SURFU
 70
     6
  9
$SURFV
 70
     6
  9
$UCSBASE
  2

  9
$UCSNAME
  2

  9
$UCSORG
 10
0.0
 20
0.0
 30
0.0
  9
$UCSXDIR
 10
1.0
 20
0.0
 30
0.0
  9
$UCSYDIR
 10
0.0
 20
1.0
 30
0.0
  9
$UCSORTHOREF
  2

  9
$UCSORTHOVIEW
 70
     0
  9
$UCSORGTOP
 10
0.0
 20
0.0
 30
0.0
  9
$UCSORGBOTTOM
 10
0.0
 20
0.0
 30
0.0
  9
$UCSORGLEFT
 10
0.0
 20
0.0
 30
0.0
  9
$UCSORGRIGHT
 10
0.0
 20
0.0
 30
0.0
  9
$UCSORGFRONT
 10
0.0
 20
0.0
 30
0.0
  9
$UCSORGBACK
 10
0.0
 20
0.0
 30
0.0
  9
$PUCSBASE
  2

  9
$PUCSNAME
  2

  9
$PUCSORG
 10
0.0
 20
0.0
 30
0.0
  9
$PUCSXDIR
 10
1.0
 20
0.0
 30
0.0
  9
$PUCSYDIR
 10
0.0
 20
1.0
 30
0.0
  9
$PUCSORTHOREF
  2

  9
$PUCSORTHOVIEW
 70
     0
  9
$PUCSORGTOP
 10
0.0
 20
0.0
 30
0.0
  9
$PUCSORGBOTTOM
 10
0.0
 20
0.0
 30
0.0
  9
$PUCSORGLEFT
 10
0.0
 20
0.0
 30
0.0
  9
$PUCSORGRIGHT
 10
0.0
 20
0.0
 30
0.0
  9
$PUCSORGFRONT
 10
0.0
 20
0.0
 30
0.0
  9
$PUCSORGBACK
 10
0.0
 20
0.0
 30
0.0
  9
$USERI1
 70
     0
  9
$USERI2
 70
     0
  9
$USERI3
 70
     0
  9
$USERI4
 70
     0
  9
$USERI5
 70
     0
  9
$USERR1
 40
0.0
  9
$USERR2
 40
0.0
  9
$USERR3
 40
0.0
  9
$USERR4
 40
0.0
  9
$USERR5
 40
0.0
  9
$WORLDVIEW
 70
     1
  9
$SHADEDGE
 70
     3
  9
$SHADEDIF
 70
    70
  9
$TILEMODE
 70
     1
  9
$MAXACTVP
 70
    16
  9
$PINSBASE
 10
0.0
 20
0.0
 30
0.0
  9
$PLIMCHECK
 70
     0
  9
$PEXTMIN
 10
1.000000000000000E+20
 20
1.000000000000000E+20
 30
1.000000000000000E+20
  9
$PEXTMAX
 10
-1.000000000000000E+20
 20
-1.000000000000000E+20
 30
-1.000000000000000E+20
  9
$PLIMMIN
 10
0.0
 20
0.0
  9
$PLIMMAX
 10
12.0
 20
9.0
  9
$UNITMODE
 70
     0
  9
$VISRETAIN
 70
     0
  9
$PLINEGEN
 70
     0
  9
$PSLTSCALE
 70
     1
  9
$TREEDEPTH
 70
  3020
  9
$CMLSTYLE
  2
STANDARD
  9
$CMLJUST
 70
     0
  9
$CMLSCALE
 40
1.0
  9
$PROXYGRAPHICS
 70
     1
  9
$MEASUREMENT
 70
     1
  9
$CELWEIGHT
370
    -1
  9
$ENDCAPS
280
     0
  9
$JOINSTYLE
280
     0
  9
$LWDISPLAY
290
     0
  9
$INSUNITS
 70
     4
  9
$HYPERLINKBASE
  1

  9
$STYLESHEET
  1

  9
$XEDIT
290
     1
  9
$CEPSNTYPE
380
     0
  9
$PSTYLEMODE
290
     1
  9
$FINGERPRINTGUID
  2
{98EBE650-A982-442E-991D-ADE42E305F00}
  9
$VERSIONGUID
  2
{92112652-EDFF-458F-817F-936BCB8F4149}
  9
$EXTNAMES
290
     1
  9
$PSVPSCALE
 40
0.0
  9
$OLESTARTUP
290
     0
  9
$SORTENTS
280
   127
  9
$INDEXCTL
280
     0
  9
$HIDETEXT
280
     1
  9
$XCLIPFRAME
280
     2
  9
$HALOGAP
280
     0
  9
$OBSCOLOR
 70
   257
  9
$OBSLTYPE
280
     0
  9
$INTERSECTIONDISPLAY
280
     0
  9
$INTERSECTIONCOLOR
 70
   257
  9
$DIMASSOC
280
     1
  9
$PROJECTNAME
  1

  9
$CAMERADISPLAY
290
     0
  9
$LENSLENGTH
 40
50.0
  9
$CAMERAHEIGHT
 40
0.0
  9
$STEPSPERSEC
 40
2.0
  9
$STEPSIZE
 40
6.0
  9
$3DDWFPREC
 40
2.0
  9
$PSOLWIDTH
 40
0.25
  9
$PSOLHEIGHT
 40
4.0
  9
$LOFTANG1
 40
1.570796326794896
  9
$LOFTANG2
 40
1.570796326794896
  9
$LOFTMAG1
 40
0.0
  9
$LOFTMAG2
 40
0.0
  9
$LOFTPARAM
 70
     7
  9
$LOFTNORMALS
280
     1
  9
$LATITUDE
 40
37.795
  9
$LONGITUDE
 40
-122.394
  9
$NORTHDIRECTION
 40
0.0
  9
$TIMEZONE
 70
 -8000
  9
$LIGHTGLYPHDISPLAY
280
     1
  9
$TILEMODELIGHTSYNCH
280
     1
  9
$CMATERIAL
347
E44
  9
$SOLIDHIST
280
     0
  9
$SHOWHIST
280
     1
  9
$DWFFRAME
280
     2
  9
$DGNFRAME
280
     0
  9
$REALWORLDSCALE
290
     1
  9
$INTERFERECOLOR
 62
     1
  9
$INTERFEREOBJVS
345
E66
  9
$INTERFEREVPVS
346
E63
  9
$CSHADOW
280
     0
  9
$SHADOWPLANELOCATION
 40
0.0
  0
ENDSEC
  0
SECTION
  2
CLASSES
  0
CLASS
  1
DICTIONARYVAR
  2
AcDbDictionaryVar
  3
ObjectDBX Classes
 90
        0
 91
       10
280
     0
281
     0
  0
CLASS
  1
ACDBDICTIONARYWDFLT
  2
AcDbDictionaryWithDefault
  3
ObjectDBX Classes
 90
        0
 91
        1
280
     0
281
     0
  0
CLASS
  1
TABLESTYLE
  2
AcDbTableStyle
  3
ObjectDBX Classes
 90
     4095
 91
        1
280
     0
281
     0
  0
CLASS
  1
MATERIAL
  2
AcDbMaterial
  3
ObjectDBX Classes
 90
     1153
 91
        3
280
     0
281
     0
  0
CLASS
  1
VISUALSTYLE
  2
AcDbVisualStyle
  3
ObjectDBX Classes
 90
     4095
 91
       24
280
     0
281
     0
  0
CLASS
  1
SCALE
  2
AcDbScale
  3
ObjectDBX Classes
 90
     1153
 91
       17
280
     0
281
     0
  0
CLASS
  1
MLEADERSTYLE
  2
AcDbMLeaderStyle
  3
ACDB_MLEADERSTYLE_CLASS
 90
     4095
 91
        1
280
     0
281
     0
  0
CLASS
  1
CELLSTYLEMAP
  2
AcDbCellStyleMap
  3
ObjectDBX Classes
 90
     1152
 91
        1
280
     0
281
     0
  0
ENDSEC
  0
SECTION
  2
TABLES
  0
TABLE
  2
VPORT
  5
19
330
0
100
AcDbSymbolTable
 70
     1
  0
VPORT
  5
E3C
330
19
100
AcDbSymbolTableRecord
100
AcDbViewportTableRecord
  2
*Active
 70
     0
 10
0.0
 20
0.0
 11
1.0
 21
1.0
 12
5263.134310710606
 22
-824.8152201779907
 13
0.0
 23
0.0
 14
1.0
 24
1.0
 15
0.0
 25
0.0
 16
0.0
 26
0.0
 36
1.0
 17
0.0
 27
0.0
 37
0.0
 40
3412.827993043835
 41
2.200929152148664
 42
50.0
 43
0.0
 44
0.0
 50
0.0
 51
0.0
 71
     0
 72
   100
 73
     1
 74
     0
 75
     0
 76
     0
 77
     0
 78
     0
281
     0
 65
     1
110
0.0
120
0.0
130
0.0
111
1.0
121
0.0
131
0.0
112
0.0
122
1.0
132
0.0
 79
     0
146
0.0
348
E62
 60
     3
 61
     5
292
     1
282
     1
141
0.0
142
0.0
 63
   250
421
  3355443
1001
ACAD_NAV_VCDISPLAY
1070
     3
  0
ENDTAB
  0
TABLE
  2
LTYPE
  5
14
330
0
100
AcDbSymbolTable
 70
     4
  0
LTYPE
  5
15
330
14
100
AcDbSymbolTableRecord
100
AcDbLinetypeTableRecord
  2
BYBLOCK
 70
     0
  3

 72
    65
 73
     0
 40
0.0
  0
LTYPE
  5
16
330
14
100
AcDbSymbolTableRecord
100
AcDbLinetypeTableRecord
  2
BYLAYER
 70
     0
  3

 72
    65
 73
     0
 40
0.0
  0
LTYPE
  5
8
330
14
100
AcDbSymbolTableRecord
100
AcDbLinetypeTableRecord
  2
CONTINUOUS
 70
     0
  3
Durchgezogene Linie
 72
    65
 73
     0
 40
0.0
  0
LTYPE
  5
46
330
14
100
AcDbSymbolTableRecord
100
AcDbLinetypeTableRecord
  2
MITTELLINIE
 70
     0
  3
dd1
 72
    65
 73
     4
 40
0.9770000000000001
 49
0.65
 74
     0
 49
-0.13
 74
     0
 49
0.067
 74
     0
 49
-0.13
 74
     0
  0
LTYPE
  5
44
330
14
100
AcDbSymbolTableRecord
100
AcDbLinetypeTableRecord
  2
VERDECKT
 70
     0
  3
Verdeckt __ __ __ __ __ __ __ __ __ __ __ __ __
 72
    65
 73
     2
 40
9.524999999999998
 49
6.349999999999999
 74
     0
 49
-3.174999999999999
 74
     0
  0
ENDTAB
  0
TABLE
  2
LAYER
  5
10
330
0
100
AcDbSymbolTable
 70
     2
  0
LAYER
  5
4
330
10
100
AcDbSymbolTableRecord
100
AcDbLayerTableRecord
  2
0
 70
     0
 62
     7
  6
CONTINUOUS
370
    -3
390
5
347
E54
  0
LAYER
  5
25
330
10
100
AcDbSymbolTableRecord
100
AcDbLayerTableRecord
  2
HALFEN-KONSOLANKER
 70
     0
 62
     2
  6
CONTINUOUS
370
    -3
390
5
347
E54
  0
ENDTAB
  0
TABLE
  2
STYLE
  5
11
330
0
100
AcDbSymbolTable
 70
     3
  0
STYLE
  5
12
330
11
100
AcDbSymbolTableRecord
100
AcDbTextStyleTableRecord
  2
STANDARD
 70
     0
 40
0.0
 41
1.0
 50
0.0
 71
     0
 42
5.625
  3
txt
  4

  0
STYLE
  5
2E
330
11
100
AcDbSymbolTableRecord
100
AcDbTextStyleTableRecord
  2
ARIAL50
 70
     0
 40
5.0
 41
1.0
 50
0.0
 71
     0
 42
3.5
  3
ARIAL.TTF
  4

1001
ACAD
1000
Arial
1071
       34
  0
STYLE
  5
26
330
11
100
AcDbSymbolTableRecord
100
AcDbTextStyleTableRecord
  2
DREI
 70
     0
 40
3.149999999999999
 41
1.179999999999999
 50
0.0
 71
     0
 42
3.149999999999999
  3
ISO8
  4

  0
ENDTAB
  0
TABLE
  2
VIEW
  5
17
330
0
100
AcDbSymbolTable
 70
     0
  0
ENDTAB
  0
TABLE
  2
UCS
  5
18
330
0
100
AcDbSymbolTable
 70
     0
  0
ENDTAB
  0
TABLE
  2
APPID
  5
1B
330
0
100
AcDbSymbolTable
 70
     7
  0
APPID
  5
1C
330
1B
100
AcDbSymbolTableRecord
100
AcDbRegAppTableRecord
  2
ACAD
 70
     0
  0
APPID
  5
3E
330
1B
100
AcDbSymbolTableRecord
100
AcDbRegAppTableRecord
  2
GENIUS_GENODEF_13
 70
     0
  0
APPID
  5
47
330
1B
100
AcDbSymbolTableRecord
100
AcDbRegAppTableRecord
  2
GENIUS_GENOBJ-N-CEN_13
 70
     0
  0
APPID
  5
3F
330
1B
100
AcDbSymbolTableRecord
100
AcDbRegAppTableRecord
  2
GENIUS_GENOBJ-N-FIL_13
 70
     0
  0
APPID
  5
E25
330
1B
100
AcDbSymbolTableRecord
100
AcDbRegAppTableRecord
  2
DCO15
 70
     0
  0
APPID
  5
E8F
330
1B
100
AcDbSymbolTableRecord
100
AcDbRegAppTableRecord
  2
ACAD_EXEMPT_FROM_CAD_STANDARDS
 70
     0
  0
APPID
  5
EAB
330
1B
100
AcDbSymbolTableRecord
100
AcDbRegAppTableRecord
  2
ACAD_NAV_VCDISPLAY
 70
     0
  0
ENDTAB
  0
TABLE
  2
DIMSTYLE
  5
1D
330
0
100
AcDbSymbolTable
 70
     1
100
AcDbDimStyleTable
 71
     0
  0
DIMSTYLE
105
29
330
1D
100
AcDbSymbolTableRecord
100
AcDbDimStyleTableRecord
  2
WO02
 70
     0
  4
"
 41
3.5
 42
2.0
 43
15.0
 44
3.0
 73
     0
 74
     0
 77
     1
140
3.149999999999999
141
34.0
143
0.03937
170
     1
172
     1
176
   256
177
   256
178
     7
271
     2
272
     2
279
     2
284
     8
285
     8
286
     8
340
26
  0
ENDTAB
  0
TABLE
  2
BLOCK_RECORD
  5
1
330
0
100
AcDbSymbolTable
 70
     0
  0
BLOCK_RECORD
  5
2
330
1
100
AcDbSymbolTableRecord
100
AcDbBlockTableRecord
  2
*MODEL_SPACE
340
A
 70
     0
280
     1
281
     0
  0
BLOCK_RECORD
  5
C
330
1
100
AcDbSymbolTableRecord
100
AcDbBlockTableRecord
  2
*PAPER_SPACE
340
F
 70
     0
280
     1
281
     0
  0
ENDTAB
  0
ENDSEC
  0
SECTION
  2
BLOCKS
  0
BLOCK
  5
3
330
2
100
AcDbEntity
  8
0
100
AcDbBlockBegin
  2
*MODEL_SPACE
 70
     0
 10
0.0
 20
0.0
 30
0.0
  3
*MODEL_SPACE
  1

  0
ENDBLK
  5
9
330
2
100
AcDbEntity
  8
0
100
AcDbBlockEnd
  0
BLOCK
  5
D
330
C
100
AcDbEntity
 67
     1
  8
0
100
AcDbBlockBegin
  2
*PAPER_SPACE
 70
     0
 10
0.0
 20
0.0
 30
0.0
  3
*PAPER_SPACE
  1

  0
ENDBLK
  5
E
330
C
100
AcDbEntity
 67
     1
  8
0
100
AcDbBlockEnd
  0
ENDSEC
  0
SECTION
  2
ENTITIES
  0
LINE
  5
729
330
2
100
AcDbEntity
  8
HALFEN-KONSOLANKER
100
AcDbLine
 10
5283.129223490954
 20
670.773099648185
 30
0.0
 11
4533.129223490954
 21
670.773099648185
 31
0.0
  0
LINE
  5
72A
330
2
100
AcDbEntity
  8
HALFEN-KONSOLANKER
100
AcDbLine
 10
5283.129223490954
 20
664.773099648185
 30
0.0
 11
4533.129223490954
 21
664.773099648185
 31
0.0
  0
LINE
  5
72B
330
2
100
AcDbEntity
  8
HALFEN-KONSOLANKER
100
AcDbLine
 10
4533.129223490954
 20
690.773099648185
 30
0.0
 11
5283.129223490954
 21
690.773099648185
 31
0.0
  0
LINE
  5
72C
330
2
100
AcDbEntity
  8
HALFEN-KONSOLANKER
100
AcDbLine
 10
4533.129223490954
 20
696.773099648185
 30
0.0
 11
5283.129223490954
 21
696.773099648185
 31
0.0
  0
LINE
  5
72D
330
2
100
AcDbEntity
  8
HALFEN-KONSOLANKER
100
AcDbLine
 10
4533.129223490954
 20
820.7730996481851
 30
0.0
 11
5283.129223490954
 21
820.7730996481851
 31
0.0
  0
LINE
  5
72E
330
2
100
AcDbEntity
  8
HALFEN-KONSOLANKER
100
AcDbLine
 10
5283.129223490954
 20
540.773099648185
 30
0.0
 11
4533.129223490954
 21
540.773099648185
 31
0.0
  0
LINE
  5
72F
330
2
100
AcDbEntity
  8
HALFEN-KONSOLANKER
100
AcDbLine
 10
4507.129223490954
 20
785.7730996481847
 30
0.0
 11
4418.129223490954
 21
696.773099648185
 31
0.0
  0
LINE
  5
730
330
2
100
AcDbEntity
  8
HALFEN-KONSOLANKER
100
AcDbLine
 10
4513.129223490954
 20
820.7730996481851
 30
0.0
 11
4513.129223490954
 21
702.773099648185
 31
0.0
  0
LINE
  5
731
330
2
100
AcDbEntity
  8
HALFEN-KONSOLANKER
100
AcDbLine
 10
4507.129223490954
 20
820.7730996481851
 30
0.0
 11
4507.129223490954
 21
702.773099648185
 31
0.0
  0
LINE
  5
732
330
2
100
AcDbEntity
  8
HALFEN-KONSOLANKER
100
AcDbLine
 10
4533.129223490954
 20
820.7730996481851
 30
0.0
 11
4533.129223490954
 21
690.773099648185
 31
0.0
  0
LINE
  5
733
330
2
100
AcDbEntity
  8
HALFEN-KONSOLANKER
100
AcDbLine
 10
4501.129223490954
 20
690.773099648185
 30
0.0
 11
4383.129223490954
 21
690.773099648185
 31
0.0
  0
LINE
  5
734
330
2
100
AcDbEntity
  8
HALFEN-KONSOLANKER
100
AcDbLine
 10
4501.129223490954
 20
696.773099648185
 30
0.0
 11
4383.129223490954
 21
696.773099648185
 31
0.0
  0
LINE
  5
735
330
2
100
AcDbEntity
  8
HALFEN-KONSOLANKER
100
AcDbLine
 10
4383.129223490954
 20
696.773099648185
 30
0.0
 11
4383.129223490954
 21
690.773099648185
 31
0.0
  0
LINE
  5
736
330
2
100
AcDbEntity
  8
HALFEN-KONSOLANKER
100
AcDbLine
 10
4533.129223490954
 20
540.773099648185
 30
0.0
 11
4533.129223490954
 21
670.773099648185
 31
0.0
  0
LINE
  5
737
330
2
100
AcDbEntity
  8
HALFEN-KONSOLANKER
100
AcDbLine
 10
4507.129223490954
 20
743.3466927769916
 30
0.0
 11
4460.555630362147
 21
696.773099648185
 31
0.0
  0
LINE
  5
738
330
2
100
AcDbEntity
  8
HALFEN-KONSOLANKER
100
AcDbLine
 10
4383.129223490954
 20
860.773099648185
 30
0.0
 11
4583.129223490954
 21
860.773099648185
 31
0.0
  0
LINE
  5
739
330
2
100
AcDbEntity
  8
HALFEN-KONSOLANKER
100
AcDbLine
 10
4383.129223490954
 20
842.773099648185
 30
0.0
 11
4583.129223490954
 21
842.773099648185
 31
0.0
  0
LINE
  5
73A
330
2
100
AcDbEntity
  8
HALFEN-KONSOLANKER
100
AcDbLine
 10
4383.129223490954
 20
832.773099648185
 30
0.0
 11
4583.129223490954
 21
832.773099648185
 31
0.0
  0
TEXT
  5
73B
330
2
100
AcDbEntity
  8
HALFEN-KONSOLANKER
100
AcDbText
 10
4438.129223490954
 20
853.273099648185
 30
0.0
 40
5.0
  1
Halfen Konsolwinkel KWL - 3,2 - 130 - 750
  7
ARIAL50
100
AcDbText
  0
TEXT
  5
73C
330
2
100
AcDbEntity
  8
HALFEN-KONSOLANKER
100
AcDbText
 10
4438.129223490954
 20
835.2730996481851
 30
0.0
 40
5.0
  1
0112.010-00023
  7
ARIAL50
100
AcDbText
  0
TEXT
  5
73D
330
2
100
AcDbEntity
  8
HALFEN-KONSOLANKER
100
AcDbText
 10
4388.129223490954
 20
853.273099648185
 30
0.0
 40
5.0
  1
Benennung
  7
ARIAL50
100
AcDbText
  0
TEXT
  5
73E
330
2
100
AcDbEntity
  8
HALFEN-KONSOLANKER
100
AcDbText
 10
4388.129223490954
 20
835.2730996481851
 30
0.0
 40
5.0
  1
Id. Nr.
  7
ARIAL50
100
AcDbText
  0
LINE
  5
73F
330
2
100
AcDbEntity
  8
HALFEN-KONSOLANKER
100
AcDbLine
 10
4383.129223490954
 20
832.773099648185
 30
0.0
 11
4383.129223490954
 21
860.773099648185
 31
0.0
  0
TEXT
  5
740
330
2
100
AcDbEntity
  8
HALFEN-KONSOLANKER
100
AcDbText
 10
4383.129223490954
 20
863.273099648185
 30
0.0
 40
5.0
  1
A4
  7
ARIAL50
100
AcDbText
  0
LINE
  5
741
330
2
100
AcDbEntity
  8
HALFEN-KONSOLANKER
100
AcDbLine
 10
4433.129223490953
 20
832.773099648185
 30
0.0
 11
4433.129223490953
 21
860.773099648185
 31
0.0
  0
LINE
  5
742
330
2
100
AcDbEntity
  8
HALFEN-KONSOLANKER
100
AcDbLine
 10
4507.129223490954
 20
820.7730996481851
 30
0.0
 11
4513.129223490954
 21
820.7730996481851
 31
0.0
  0
LINE
  5
743
330
2
100
AcDbEntity
  8
HALFEN-KONSOLANKER
  6
VERDECKT
 62
     1
100
AcDbLine
 10
4507.129223490954
 20
804.273099648185
 30
0.0
 11
4513.129223490954
 21
804.273099648185
 31
0.0
  0
LINE
  5
744
330
2
100
AcDbEntity
  8
HALFEN-KONSOLANKER
  6
VERDECKT
 62
     1
100
AcDbLine
 10
4507.129223490954
 20
793.2730996481851
 30
0.0
 11
4513.129223490954
 21
793.2730996481851
 31
0.0
  0
LINE
  5
745
330
2
100
AcDbEntity
  8
HALFEN-KONSOLANKER
  6
MITTELLINIE
 62
     1
 48
10.0
100
AcDbLine
 10
4502.129223490954
 20
798.773099648185
 30
0.0
 11
4518.129223490954
 21
798.773099648185
 31
0.0
1001
GENIUS_GENODEF_13
1002
{
1000
HIER
1070
     0
1002
}
1002
{
1000
MANEDIT
1070
     0
1002
}
1002
{
1000
NOSEL
1070
     0
1002
}
1002
{
1000
BEHIND
1070
     0
1002
}
1002
{
1000
REACTOR
1002
}
1001
GENIUS_GENOBJ-N-CEN_13
1002
{
1000
OWNER
1000
GEN
1002
}
  0
LINE
  5
746
330
2
100
AcDbEntity
  8
HALFEN-KONSOLANKER
100
AcDbLine
 10
4583.129223490954
 20
832.773099648185
 30
0.0
 11
4583.129223490954
 21
860.773099648185
 31
0.0
  0
LINE
  5
747
330
2
100
AcDbEntity
  8
HALFEN-KONSOLANKER
100
AcDbLine
 10
4906.129223490954
 20
785.773099648185
 30
0.0
 11
4906.129223490954
 21
696.773099648185
 31
0.0
  0
LINE
  5
748
330
2
100
AcDbEntity
  8
HALFEN-KONSOLANKER
100
AcDbLine
 10
4910.129223490955
 20
785.773099648185
 30
0.0
 11
4910.129223490955
 21
696.773099648185
 31
0.0
  0
LINE
  5
749
330
2
100
AcDbEntity
  8
HALFEN-KONSOLANKER
100
AcDbLine
 10
4660.129223490954
 20
785.773099648185
 30
0.0
 11
4660.129223490954
 21
696.773099648185
 31
0.0
  0
LINE
  5
74A
330
2
100
AcDbEntity
  8
HALFEN-KONSOLANKER
100
AcDbLine
 10
4656.129223490954
 20
785.773099648185
 30
0.0
 11
4656.129223490954
 21
696.773099648185
 31
0.0
  0
LINE
  5
74B
330
2
100
AcDbEntity
  8
HALFEN-KONSOLANKER
100
AcDbLine
 10
5283.129223490954
 20
820.7730996481851
 30
0.0
 11
5283.129223490954
 21
690.773099648185
 31
0.0
  0
LINE
  5
74C
330
2
100
AcDbEntity
  8
HALFEN-KONSOLANKER
100
AcDbLine
 10
4660.129223490954
 20
664.773099648185
 30
0.0
 11
4660.129223490954
 21
575.773099648185
 31
0.0
  0
LINE
  5
74D
330
2
100
AcDbEntity
  8
HALFEN-KONSOLANKER
100
AcDbLine
 10
4656.129223490954
 20
664.773099648185
 30
0.0
 11
4656.129223490954
 21
575.773099648185
 31
0.0
  0
LINE
  5
74E
330
2
100
AcDbEntity
  8
HALFEN-KONSOLANKER
100
AcDbLine
 10
4660.129223490954
 20
575.773099648185
 30
0.0
 11
4656.129223490954
 21
575.773099648185
 31
0.0
  0
LINE
  5
74F
330
2
100
AcDbEntity
  8
HALFEN-KONSOLANKER
  6
MITTELLINIE
 62
     1
 48
10.0
100
AcDbLine
 10
4658.129223490954
 20
675.773099648185
 30
0.0
 11
4658.129223490954
 21
659.773099648185
 31
0.0
  0
LINE
  5
750
330
2
100
AcDbEntity
  8
HALFEN-KONSOLANKER
  6
VERDECKT
 62
     1
100
AcDbLine
 10
4645.629223490954
 20
664.773099648185
 30
0.0
 11
4645.629223490954
 21
670.773099648185
 31
0.0
  0
LINE
  5
751
330
2
100
AcDbEntity
  8
HALFEN-KONSOLANKER
  6
VERDECKT
 62
     1
100
AcDbLine
 10
4670.629223490954
 20
670.773099648185
 30
0.0
 11
4670.629223490954
 21
664.773099648185
 31
0.0
  0
LINE
  5
752
330
2
100
AcDbEntity
  8
HALFEN-KONSOLANKER
100
AcDbLine
 10
4906.129223490954
 20
664.773099648185
 30
0.0
 11
4906.129223490954
 21
575.773099648185
 31
0.0
  0
LINE
  5
753
330
2
100
AcDbEntity
  8
HALFEN-KONSOLANKER
100
AcDbLine
 10
4910.129223490955
 20
664.773099648185
 30
0.0
 11
4910.129223490955
 21
575.773099648185
 31
0.0
  0
LINE
  5
754
330
2
100
AcDbEntity
  8
HALFEN-KONSOLANKER
100
AcDbLine
 10
4910.129223490955
 20
575.773099648185
 30
0.0
 11
4906.129223490954
 21
575.773099648185
 31
0.0
  0
LINE
  5
755
330
2
100
AcDbEntity
  8
HALFEN-KONSOLANKER
  6
MITTELLINIE
 62
     1
 48
10.0
100
AcDbLine
 10
4908.129223490954
 20
675.773099648185
 30
0.0
 11
4908.129223490954
 21
659.773099648185
 31
0.0
  0
LINE
  5
756
330
2
100
AcDbEntity
  8
HALFEN-KONSOLANKER
  6
VERDECKT
 62
     1
100
AcDbLine
 10
4895.629223490954
 20
664.773099648185
 30
0.0
 11
4895.629223490954
 21
670.773099648185
 31
0.0
  0
LINE
  5
757
330
2
100
AcDbEntity
  8
HALFEN-KONSOLANKER
  6
VERDECKT
 62
     1
100
AcDbLine
 10
4920.629223490954
 20
670.773099648185
 30
0.0
 11
4920.629223490954
 21
664.773099648185
 31
0.0
  0
LINE
  5
758
330
2
100
AcDbEntity
  8
HALFEN-KONSOLANKER
100
AcDbLine
 10
5283.129223490954
 20
540.773099648185
 30
0.0
 11
5283.129223490954
 21
670.773099648185
 31
0.0
  0
LINE
  5
759
330
2
100
AcDbEntity
  8
HALFEN-KONSOLANKER
100
AcDbLine
 10
4651.129223490953
 20
804.273099648185
 30
0.0
 11
4665.129223490954
 21
804.273099648185
 31
0.0
  0
LINE
  5
75A
330
2
100
AcDbEntity
  8
HALFEN-KONSOLANKER
  6
MITTELLINIE
 62
     1
 48
10.0
100
AcDbLine
 10
4640.629223490954
 20
798.773099648185
 30
0.0
 11
4675.629223490954
 21
798.773099648185
 31
0.0
1001
GENIUS_GENODEF_13
1002
{
1000
HIER
1070
     0
1002
}
1002
{
1000
MANEDIT
1070
     0
1002
}
1002
{
1000
NOSEL
1070
     0
1002
}
1002
{
1000
BEHIND
1070
     0
1002
}
1002
{
1000
REACTOR
1002
}
1001
GENIUS_GENOBJ-N-CEN_13
1002
{
1000
OWNER
1000
GEN
1002
}
  0
LINE
  5
75B
330
2
100
AcDbEntity
  8
HALFEN-KONSOLANKER
100
AcDbLine
 10
4651.129223490953
 20
793.2730996481851
 30
0.0
 11
4665.129223490954
 21
793.2730996481851
 31
0.0
  0
POINT
  5
75C
330
2
100
AcDbEntity
  8
HALFEN-KONSOLANKER
100
AcDbPoint
 10
4658.129223490954
 20
820.7730996481851
 30
0.0
  0
POINT
  5
75D
330
2
100
AcDbEntity
  8
HALFEN-KONSOLANKER
100
AcDbPoint
 10
4658.129223490954
 20
820.7730996481851
 30
0.0
  0
LINE
  5
75E
330
2
100
AcDbEntity
  8
HALFEN-KONSOLANKER
100
AcDbLine
 10
4656.129223490954
 20
785.773099648185
 30
0.0
 11
4660.129223490954
 21
785.773099648185
 31
0.0
  0
ARC
  5
75F
330
2
100
AcDbEntity
  8
HALFEN-KONSOLANKER
100
AcDbCircle
 10
4651.129223490953
 20
798.773099648185
 30
0.0
 40
5.5
100
AcDbArc
 50
90.0
 51
270.0
  0
LINE
  5
760
330
2
100
AcDbEntity
  8
HALFEN-KONSOLANKER
  6
MITTELLINIE
 62
     1
 48
10.0
100
AcDbLine
 10
4658.129223490954
 20
809.2730996481851
 30
0.0
 11
4658.129223490954
 21
788.273099648185
 31
0.0
  0
ARC
  5
761
330
2
100
AcDbEntity
  8
HALFEN-KONSOLANKER
100
AcDbCircle
 10
4665.129223490954
 20
798.773099648185
 30
0.0
 40
5.5
100
AcDbArc
 50
270.0
 51
90.0
  0
LINE
  5
762
330
2
100
AcDbEntity
  8
HALFEN-KONSOLANKER
100
AcDbLine
 10
4901.129223490954
 20
804.273099648185
 30
0.0
 11
4915.129223490954
 21
804.273099648185
 31
0.0
  0
LINE
  5
763
330
2
100
AcDbEntity
  8
HALFEN-KONSOLANKER
  6
MITTELLINIE
 62
     1
 48
10.0
100
AcDbLine
 10
4890.629223490954
 20
798.773099648185
 30
0.0
 11
4925.629223490954
 21
798.773099648185
 31
0.0
1001
GENIUS_GENODEF_13
1002
{
1000
HIER
1070
     0
1002
}
1002
{
1000
MANEDIT
1070
     0
1002
}
1002
{
1000
NOSEL
1070
     0
1002
}
1002
{
1000
BEHIND
1070
     0
1002
}
1002
{
1000
REACTOR
1002
}
1001
GENIUS_GENOBJ-N-CEN_13
1002
{
1000
OWNER
1000
GEN
1002
}
  0
LINE
  5
764
330
2
100
AcDbEntity
  8
HALFEN-KONSOLANKER
100
AcDbLine
 10
4901.129223490954
 20
793.2730996481851
 30
0.0
 11
4915.129223490954
 21
793.2730996481851
 31
0.0
  0
POINT
  5
765
330
2
100
AcDbEntity
  8
HALFEN-KONSOLANKER
100
AcDbPoint
 10
4908.129223490954
 20
820.7730996481851
 30
0.0
  0
POINT
  5
766
330
2
100
AcDbEntity
  8
HALFEN-KONSOLANKER
100
AcDbPoint
 10
4908.129223490954
 20
820.7730996481851
 30
0.0
  0
LINE
  5
767
330
2
100
AcDbEntity
  8
HALFEN-KONSOLANKER
100
AcDbLine
 10
4906.129223490954
 20
785.773099648185
 30
0.0
 11
4910.129223490955
 21
785.773099648185
 31
0.0
  0
ARC
  5
768
330
2
100
AcDbEntity
  8
HALFEN-KONSOLANKER
100
AcDbCircle
 10
4901.129223490954
 20
798.773099648185
 30
0.0
 40
5.5
100
AcDbArc
 50
90.0
 51
270.0
  0
LINE
  5
769
330
2
100
AcDbEntity
  8
HALFEN-KONSOLANKER
  6
MITTELLINIE
 62
     1
 48
10.0
100
AcDbLine
 10
4908.129223490954
 20
809.2730996481851
 30
0.0
 11
4908.129223490954
 21
788.273099648185
 31
0.0
  0
ARC
  5
76A
330
2
100
AcDbEntity
  8
HALFEN-KONSOLANKER
100
AcDbCircle
 10
4915.129223490954
 20
798.773099648185
 30
0.0
 40
5.5
100
AcDbArc
 50
270.0
 51
90.0
  0
ARC
  5
76B
330
2
100
AcDbEntity
  8
HALFEN-KONSOLANKER
100
AcDbCircle
 10
4501.129223490954
 20
702.773099648185
 30
0.0
 40
6.0
100
AcDbArc
 50
270.0
 51
0.0
1001
GENIUS_GENODEF_13
1002
{
1000
HIER
1070
     0
1002
}
1002
{
1000
MANEDIT
1070
     0
1002
}
1002
{
1000
NOSEL
1070
     0
1002
}
1002
{
1000
BEHIND
1070
     0
1002
}
1002
{
1000
REACTOR
1002
}
1001
GENIUS_GENOBJ-N-FIL_13
1002
{
1000
OWNER
1000
GEN
1002
}
  0
ARC
  5
76C
330
2
100
AcDbEntity
  8
HALFEN-KONSOLANKER
100
AcDbCircle
 10
4501.129223490954
 20
702.773099648185
 30
0.0
 40
12.0
100
AcDbArc
 50
270.0
 51
0.0
1001
GENIUS_GENODEF_13
1002
{
1000
HIER
1070
     0
1002
}
1002
{
1000
MANEDIT
1070
     0
1002
}
1002
{
1000
NOSEL
1070
     0
1002
}
1002
{
1000
BEHIND
1070
     0
1002
}
1002
{
1000
REACTOR
1002
}
1001
GENIUS_GENOBJ-N-FIL_13
1002
{
1000
OWNER
1000
GEN
1002
}
  0
LINE
  5
76D
330
2
100
AcDbEntity
  8
HALFEN-KONSOLANKER
100
AcDbLine
 10
4333.129223490954
 20
664.773099648185
 30
0.0
 11
3833.129223490954
 21
664.773099648185
 31
0.0
  0
LINE
  5
76E
330
2
100
AcDbEntity
  8
HALFEN-KONSOLANKER
100
AcDbLine
 10
3833.129223490954
 20
696.773099648185
 30
0.0
 11
4333.129223490954
 21
696.773099648185
 31
0.0
  0
LINE
  5
76F
330
2
100
AcDbEntity
  8
HALFEN-KONSOLANKER
100
AcDbLine
 10
4333.129223490954
 20
540.773099648185
 30
0.0
 11
3833.129223490954
 21
540.773099648185
 31
0.0
  0
LINE
  5
770
330
2
100
AcDbEntity
  8
HALFEN-KONSOLANKER
100
AcDbLine
 10
3833.129223490954
 20
820.7730996481851
 30
0.0
 11
4333.129223490954
 21
820.7730996481851
 31
0.0
  0
LINE
  5
771
330
2
100
AcDbEntity
  8
HALFEN-KONSOLANKER
100
AcDbLine
 10
3833.129223490954
 20
690.773099648185
 30
0.0
 11
4333.129223490954
 21
690.773099648185
 31
0.0
  0
LINE
  5
772
330
2
100
AcDbEntity
  8
HALFEN-KONSOLANKER
100
AcDbLine
 10
4333.129223490954
 20
670.773099648185
 30
0.0
 11
3833.129223490954
 21
670.773099648185
 31
0.0
  0
LINE
  5
773
330
2
100
AcDbEntity
  8
HALFEN-KONSOLANKER
100
AcDbLine
 10
3960.129223490954
 20
785.773099648185
 30
0.0
 11
3960.129223490954
 21
696.773099648185
 31
0.0
  0
LINE
  5
774
330
2
100
AcDbEntity
  8
HALFEN-KONSOLANKER
100
AcDbLine
 10
3956.129223490954
 20
785.773099648185
 30
0.0
 11
3956.129223490954
 21
696.773099648185
 31
0.0
  0
LINE
  5
775
330
2
100
AcDbEntity
  8
HALFEN-KONSOLANKER
100
AcDbLine
 10
3813.129223490954
 20
820.7730996481851
 30
0.0
 11
3813.129223490954
 21
702.773099648185
 31
0.0
  0
LINE
  5
776
330
2
100
AcDbEntity
  8
HALFEN-KONSOLANKER
100
AcDbLine
 10
3807.129223490954
 20
820.7730996481851
 30
0.0
 11
3807.129223490954
 21
702.773099648185
 31
0.0
  0
LINE
  5
777
330
2
100
AcDbEntity
  8
HALFEN-KONSOLANKER
100
AcDbLine
 10
3807.129223490954
 20
785.7730996481847
 30
0.0
 11
3718.129223490954
 21
696.773099648185
 31
0.0
  0
LINE
  5
778
330
2
100
AcDbEntity
  8
HALFEN-KONSOLANKER
100
AcDbLine
 10
3833.129223490954
 20
820.7730996481851
 30
0.0
 11
3833.129223490954
 21
690.773099648185
 31
0.0
  0
ARC
  5
779
330
2
100
AcDbEntity
  8
HALFEN-KONSOLANKER
100
AcDbCircle
 10
3801.129223490954
 20
702.773099648185
 30
0.0
 40
12.0
100
AcDbArc
 50
270.0
 51
0.0
1001
GENIUS_GENODEF_13
1002
{
1000
HIER
1070
     0
1002
}
1002
{
1000
MANEDIT
1070
     0
1002
}
1002
{
1000
NOSEL
1070
     0
1002
}
1002
{
1000
BEHIND
1070
     0
1002
}
1002
{
1000
REACTOR
1002
}
1001
GENIUS_GENOBJ-N-FIL_13
1002
{
1000
OWNER
1000
GEN
1002
}
  0
ARC
  5
77A
330
2
100
AcDbEntity
  8
HALFEN-KONSOLANKER
100
AcDbCircle
 10
3801.129223490954
 20
702.773099648185
 30
0.0
 40
6.0
100
AcDbArc
 50
270.0
 51
0.0
1001
GENIUS_GENODEF_13
1002
{
1000
HIER
1070
     0
1002
}
1002
{
1000
MANEDIT
1070
     0
1002
}
1002
{
1000
NOSEL
1070
     0
1002
}
1002
{
1000
BEHIND
1070
     0
1002
}
1002
{
1000
REACTOR
1002
}
1001
GENIUS_GENOBJ-N-FIL_13
1002
{
1000
OWNER
1000
GEN
1002
}
  0
LINE
  5
77B
330
2
100
AcDbEntity
  8
HALFEN-KONSOLANKER
100
AcDbLine
 10
3807.129223490954
 20
743.3466927769916
 30
0.0
 11
3760.555630362148
 21
696.773099648185
 31
0.0
  0
LINE
  5
77C
330
2
100
AcDbEntity
  8
HALFEN-KONSOLANKER
100
AcDbLine
 10
3801.129223490954
 20
696.773099648185
 30
0.0
 11
3683.129223490954
 21
696.773099648185
 31
0.0
  0
LINE
  5
77D
330
2
100
AcDbEntity
  8
HALFEN-KONSOLANKER
100
AcDbLine
 10
3801.129223490954
 20
690.773099648185
 30
0.0
 11
3683.129223490954
 21
690.773099648185
 31
0.0
  0
LINE
  5
77E
330
2
100
AcDbEntity
  8
HALFEN-KONSOLANKER
100
AcDbLine
 10
3683.129223490954
 20
696.773099648185
 30
0.0
 11
3683.129223490954
 21
690.773099648185
 31
0.0
  0
LINE
  5
77F
330
2
100
AcDbEntity
  8
HALFEN-KONSOLANKER
100
AcDbLine
 10
3833.129223490954
 20
540.773099648185
 30
0.0
 11
3833.129223490954
 21
670.773099648185
 31
0.0
  0
LINE
  5
780
330
2
100
AcDbEntity
  8
HALFEN-KONSOLANKER
100
AcDbLine
 10
3960.129223490954
 20
664.773099648185
 30
0.0
 11
3960.129223490954
 21
575.773099648185
 31
0.0
  0
LINE
  5
781
330
2
100
AcDbEntity
  8
HALFEN-KONSOLANKER
100
AcDbLine
 10
3956.129223490954
 20
664.773099648185
 30
0.0
 11
3956.129223490954
 21
575.773099648185
 31
0.0
  0
LINE
  5
782
330
2
100
AcDbEntity
  8
HALFEN-KONSOLANKER
100
AcDbLine
 10
3960.129223490954
 20
575.773099648185
 30
0.0
 11
3956.129223490954
 21
575.773099648185
 31
0.0
  0
LINE
  5
783
330
2
100
AcDbEntity
  8
HALFEN-KONSOLANKER
  6
VERDECKT
 62
     1
100
AcDbLine
 10
3945.629223490954
 20
664.773099648185
 30
0.0
 11
3945.629223490954
 21
670.773099648185
 31
0.0
  0
LINE
  5
784
330
2
100
AcDbEntity
  8
HALFEN-KONSOLANKER
  6
MITTELLINIE
 62
     1
 48
10.0
100
AcDbLine
 10
3958.129223490954
 20
675.773099648185
 30
0.0
 11
3958.129223490954
 21
659.773099648185
 31
0.0
  0
LINE
  5
785
330
2
100
AcDbEntity
  8
HALFEN-KONSOLANKER
  6
VERDECKT
 62
     1
100
AcDbLine
 10
3970.629223490954
 20
670.773099648185
 30
0.0
 11
3970.629223490954
 21
664.773099648185
 31
0.0
  0
LINE
  5
786
330
2
100
AcDbEntity
  8
HALFEN-KONSOLANKER
  6
MITTELLINIE
 62
     1
 48
10.0
100
AcDbLine
 10
3802.129223490954
 20
798.773099648185
 30
0.0
 11
3818.129223490954
 21
798.773099648185
 31
0.0
1001
GENIUS_GENODEF_13
1002
{
1000
HIER
1070
     0
1002
}
1002
{
1000
MANEDIT
1070
     0
1002
}
1002
{
1000
NOSEL
1070
     0
1002
}
1002
{
1000
BEHIND
1070
     0
1002
}
1002
{
1000
REACTOR
1002
}
1001
GENIUS_GENOBJ-N-CEN_13
1002
{
1000
OWNER
1000
GEN
1002
}
  0
TEXT
  5
787
330
2
100
AcDbEntity
  8
HALFEN-KONSOLANKER
100
AcDbText
 10
3738.129223490954
 20
853.273099648185
 30
0.0
 40
5.0
  1
Halfen Konsolwinkel KWL - 3,2 - 130 - 500
  7
ARIAL50
100
AcDbText
  0
LINE
  5
788
330
2
100
AcDbEntity
  8
HALFEN-KONSOLANKER
100
AcDbLine
 10
3683.129223490954
 20
832.773099648185
 30
0.0
 11
3883.129223490954
 21
832.773099648185
 31
0.0
  0
LINE
  5
789
330
2
100
AcDbEntity
  8
HALFEN-KONSOLANKER
100
AcDbLine
 10
3683.129223490954
 20
842.773099648185
 30
0.0
 11
3883.129223490954
 21
842.773099648185
 31
0.0
  0
LINE
  5
78A
330
2
100
AcDbEntity
  8
HALFEN-KONSOLANKER
100
AcDbLine
 10
3683.129223490954
 20
860.773099648185
 30
0.0
 11
3883.129223490954
 21
860.773099648185
 31
0.0
  0
TEXT
  5
78B
330
2
100
AcDbEntity
  8
HALFEN-KONSOLANKER
100
AcDbText
 10
3688.129223490954
 20
835.2730996481851
 30
0.0
 40
5.0
  1
Id. Nr.
  7
ARIAL50
100
AcDbText
  0
TEXT
  5
78C
330
2
100
AcDbEntity
  8
HALFEN-KONSOLANKER
100
AcDbText
 10
3688.129223490954
 20
853.273099648185
 30
0.0
 40
5.0
  1
Benennung
  7
ARIAL50
100
AcDbText
  0
TEXT
  5
78D
330
2
100
AcDbEntity
  8
HALFEN-KONSOLANKER
100
AcDbText
 10
3683.129223490954
 20
863.273099648185
 30
0.0
 40
5.0
  1
A4
  7
ARIAL50
100
AcDbText
  0
LINE
  5
78E
330
2
100
AcDbEntity
  8
HALFEN-KONSOLANKER
100
AcDbLine
 10
3683.129223490954
 20
832.773099648185
 30
0.0
 11
3683.129223490954
 21
860.773099648185
 31
0.0
  0
TEXT
  5
78F
330
2
100
AcDbEntity
  8
HALFEN-KONSOLANKER
100
AcDbText
 10
3738.129223490954
 20
835.2730996481851
 30
0.0
 40
5.0
  1
0112.010-00022
  7
ARIAL50
100
AcDbText
  0
LINE
  5
790
330
2
100
AcDbEntity
  8
HALFEN-KONSOLANKER
100
AcDbLine
 10
3733.129223490954
 20
832.773099648185
 30
0.0
 11
3733.129223490954
 21
860.773099648185
 31
0.0
  0
LINE
  5
791
330
2
100
AcDbEntity
  8
HALFEN-KONSOLANKER
  6
MITTELLINIE
 62
     1
 48
10.0
100
AcDbLine
 10
3940.629223490954
 20
798.773099648185
 30
0.0
 11
3975.629223490954
 21
798.773099648185
 31
0.0
1001
GENIUS_GENODEF_13
1002
{
1000
HIER
1070
     0
1002
}
1002
{
1000
MANEDIT
1070
     0
1002
}
1002
{
1000
NOSEL
1070
     0
1002
}
1002
{
1000
BEHIND
1070
     0
1002
}
1002
{
1000
REACTOR
1002
}
1001
GENIUS_GENOBJ-N-CEN_13
1002
{
1000
OWNER
1000
GEN
1002
}
  0
LINE
  5
792
330
2
100
AcDbEntity
  8
HALFEN-KONSOLANKER
  6
VERDECKT
 62
     1
100
AcDbLine
 10
3807.129223490954
 20
804.273099648185
 30
0.0
 11
3813.129223490954
 21
804.273099648185
 31
0.0
  0
LINE
  5
793
330
2
100
AcDbEntity
  8
HALFEN-KONSOLANKER
  6
VERDECKT
 62
     1
100
AcDbLine
 10
3807.129223490954
 20
793.2730996481851
 30
0.0
 11
3813.129223490954
 21
793.2730996481851
 31
0.0
  0
LINE
  5
794
330
2
100
AcDbEntity
  8
HALFEN-KONSOLANKER
100
AcDbLine
 10
3807.129223490954
 20
820.7730996481851
 30
0.0
 11
3813.129223490954
 21
820.7730996481851
 31
0.0
  0
LINE
  5
795
330
2
100
AcDbEntity
  8
HALFEN-KONSOLANKER
100
AcDbLine
 10
3883.129223490954
 20
832.773099648185
 30
0.0
 11
3883.129223490954
 21
860.773099648185
 31
0.0
  0
ARC
  5
796
330
2
100
AcDbEntity
  8
HALFEN-KONSOLANKER
100
AcDbCircle
 10
3965.129223490954
 20
798.773099648185
 30
0.0
 40
5.5
100
AcDbArc
 50
270.0
 51
90.0
  0
POINT
  5
797
330
2
100
AcDbEntity
  8
HALFEN-KONSOLANKER
100
AcDbPoint
 10
3958.129223490954
 20
820.7730996481851
 30
0.0
  0
POINT
  5
798
330
2
100
AcDbEntity
  8
HALFEN-KONSOLANKER
100
AcDbPoint
 10
3958.129223490954
 20
820.7730996481851
 30
0.0
  0
LINE
  5
799
330
2
100
AcDbEntity
  8
HALFEN-KONSOLANKER
  6
MITTELLINIE
 62
     1
 48
10.0
100
AcDbLine
 10
3958.129223490954
 20
809.2730996481851
 30
0.0
 11
3958.129223490954
 21
788.273099648185
 31
0.0
  0
ARC
  5
79A
330
2
100
AcDbEntity
  8
HALFEN-KONSOLANKER
100
AcDbCircle
 10
3951.129223490954
 20
798.773099648185
 30
0.0
 40
5.5
100
AcDbArc
 50
90.0
 51
270.0
  0
LINE
  5
79B
330
2
100
AcDbEntity
  8
HALFEN-KONSOLANKER
100
AcDbLine
 10
3956.129223490954
 20
785.773099648185
 30
0.0
 11
3960.129223490954
 21
785.773099648185
 31
0.0
  0
LINE
  5
79C
330
2
100
AcDbEntity
  8
HALFEN-KONSOLANKER
100
AcDbLine
 10
3951.129223490954
 20
793.2730996481851
 30
0.0
 11
3965.129223490954
 21
793.2730996481851
 31
0.0
  0
LINE
  5
79D
330
2
100
AcDbEntity
  8
HALFEN-KONSOLANKER
100
AcDbLine
 10
3951.129223490954
 20
804.273099648185
 30
0.0
 11
3965.129223490954
 21
804.273099648185
 31
0.0
  0
LINE
  5
79E
330
2
100
AcDbEntity
  8
HALFEN-KONSOLANKER
100
AcDbLine
 10
4206.129223490954
 20
785.773099648185
 30
0.0
 11
4206.129223490954
 21
696.773099648185
 31
0.0
  0
LINE
  5
79F
330
2
100
AcDbEntity
  8
HALFEN-KONSOLANKER
100
AcDbLine
 10
4210.129223490954
 20
785.773099648185
 30
0.0
 11
4210.129223490954
 21
696.773099648185
 31
0.0
  0
LINE
  5
7A0
330
2
100
AcDbEntity
  8
HALFEN-KONSOLANKER
100
AcDbLine
 10
4333.129223490954
 20
820.7730996481851
 30
0.0
 11
4333.129223490954
 21
690.773099648185
 31
0.0
  0
LINE
  5
7A1
330
2
100
AcDbEntity
  8
HALFEN-KONSOLANKER
100
AcDbLine
 10
4206.129223490954
 20
664.773099648185
 30
0.0
 11
4206.129223490954
 21
575.773099648185
 31
0.0
  0
LINE
  5
7A2
330
2
100
AcDbEntity
  8
HALFEN-KONSOLANKER
100
AcDbLine
 10
4210.129223490954
 20
664.773099648185
 30
0.0
 11
4210.129223490954
 21
575.773099648185
 31
0.0
  0
LINE
  5
7A3
330
2
100
AcDbEntity
  8
HALFEN-KONSOLANKER
100
AcDbLine
 10
4210.129223490954
 20
575.773099648185
 30
0.0
 11
4206.129223490954
 21
575.773099648185
 31
0.0
  0
LINE
  5
7A4
330
2
100
AcDbEntity
  8
HALFEN-KONSOLANKER
  6
VERDECKT
 62
     1
100
AcDbLine
 10
4195.629223490954
 20
664.773099648185
 30
0.0
 11
4195.629223490954
 21
670.773099648185
 31
0.0
  0
LINE
  5
7A5
330
2
100
AcDbEntity
  8
HALFEN-KONSOLANKER
  6
MITTELLINIE
 62
     1
 48
10.0
100
AcDbLine
 10
4208.129223490954
 20
675.773099648185
 30
0.0
 11
4208.129223490954
 21
659.773099648185
 31
0.0
  0
LINE
  5
7A6
330
2
100
AcDbEntity
  8
HALFEN-KONSOLANKER
  6
VERDECKT
 62
     1
100
AcDbLine
 10
4220.629223490954
 20
670.773099648185
 30
0.0
 11
4220.629223490954
 21
664.773099648185
 31
0.0
  0
LINE
  5
7A7
330
2
100
AcDbEntity
  8
HALFEN-KONSOLANKER
100
AcDbLine
 10
4333.129223490954
 20
540.773099648185
 30
0.0
 11
4333.129223490954
 21
670.773099648185
 31
0.0
  0
LINE
  5
7A8
330
2
100
AcDbEntity
  8
HALFEN-KONSOLANKER
  6
MITTELLINIE
 62
     1
 48
10.0
100
AcDbLine
 10
4190.629223490954
 20
798.773099648185
 30
0.0
 11
4225.629223490954
 21
798.773099648185
 31
0.0
1001
GENIUS_GENODEF_13
1002
{
1000
HIER
1070
     0
1002
}
1002
{
1000
MANEDIT
1070
     0
1002
}
1002
{
1000
NOSEL
1070
     0
1002
}
1002
{
1000
BEHIND
1070
     0
1002
}
1002
{
1000
REACTOR
1002
}
1001
GENIUS_GENOBJ-N-CEN_13
1002
{
1000
OWNER
1000
GEN
1002
}
  0
POINT
  5
7A9
330
2
100
AcDbEntity
  8
HALFEN-KONSOLANKER
100
AcDbPoint
 10
4208.129223490954
 20
820.7730996481851
 30
0.0
  0
POINT
  5
7AA
330
2
100
AcDbEntity
  8
HALFEN-KONSOLANKER
100
AcDbPoint
 10
4208.129223490954
 20
820.7730996481851
 30
0.0
  0
ARC
  5
7AB
330
2
100
AcDbEntity
  8
HALFEN-KONSOLANKER
100
AcDbCircle
 10
4215.129223490953
 20
798.773099648185
 30
0.0
 40
5.5
100
AcDbArc
 50
270.0
 51
90.0
  0
LINE
  5
7AC
330
2
100
AcDbEntity
  8
HALFEN-KONSOLANKER
  6
MITTELLINIE
 62
     1
 48
10.0
100
AcDbLine
 10
4208.129223490954
 20
809.2730996481851
 30
0.0
 11
4208.129223490954
 21
788.273099648185
 31
0.0
  0
ARC
  5
7AD
330
2
100
AcDbEntity
  8
HALFEN-KONSOLANKER
100
AcDbCircle
 10
4201.129223490954
 20
798.773099648185
 30
0.0
 40
5.5
100
AcDbArc
 50
90.0
 51
270.0
  0
LINE
  5
7AE
330
2
100
AcDbEntity
  8
HALFEN-KONSOLANKER
100
AcDbLine
 10
4206.129223490954
 20
785.773099648185
 30
0.0
 11
4210.129223490954
 21
785.773099648185
 31
0.0
  0
LINE
  5
7AF
330
2
100
AcDbEntity
  8
HALFEN-KONSOLANKER
100
AcDbLine
 10
4201.129223490954
 20
793.2730996481851
 30
0.0
 11
4215.129223490953
 21
793.2730996481851
 31
0.0
  0
LINE
  5
7B0
330
2
100
AcDbEntity
  8
HALFEN-KONSOLANKER
100
AcDbLine
 10
4201.129223490954
 20
804.273099648185
 30
0.0
 11
4215.129223490953
 21
804.273099648185
 31
0.0
  0
LINE
  5
7B1
330
2
100
AcDbEntity
  8
HALFEN-KONSOLANKER
100
AcDbLine
 10
5160.129223490955
 20
785.773099648185
 30
0.0
 11
5160.129223490955
 21
696.773099648185
 31
0.0
  0
LINE
  5
7B2
330
2
100
AcDbEntity
  8
HALFEN-KONSOLANKER
100
AcDbLine
 10
5156.129223490954
 20
785.773099648185
 30
0.0
 11
5156.129223490954
 21
696.773099648185
 31
0.0
  0
LINE
  5
7B3
330
2
100
AcDbEntity
  8
HALFEN-KONSOLANKER
100
AcDbLine
 10
5160.129223490955
 20
664.773099648185
 30
0.0
 11
5160.129223490955
 21
575.773099648185
 31
0.0
  0
LINE
  5
7B4
330
2
100
AcDbEntity
  8
HALFEN-KONSOLANKER
100
AcDbLine
 10
5156.129223490954
 20
664.773099648185
 30
0.0
 11
5156.129223490954
 21
575.773099648185
 31
0.0
  0
LINE
  5
7B5
330
2
100
AcDbEntity
  8
HALFEN-KONSOLANKER
100
AcDbLine
 10
5160.129223490955
 20
575.773099648185
 30
0.0
 11
5156.129223490954
 21
575.773099648185
 31
0.0
  0
LINE
  5
7B6
330
2
100
AcDbEntity
  8
HALFEN-KONSOLANKER
  6
VERDECKT
 62
     1
100
AcDbLine
 10
5145.629223490954
 20
664.773099648185
 30
0.0
 11
5145.629223490954
 21
670.773099648185
 31
0.0
  0
LINE
  5
7B7
330
2
100
AcDbEntity
  8
HALFEN-KONSOLANKER
  6
VERDECKT
 62
     1
100
AcDbLine
 10
5170.629223490954
 20
670.773099648185
 30
0.0
 11
5170.629223490954
 21
664.773099648185
 31
0.0
  0
LINE
  5
7B8
330
2
100
AcDbEntity
  8
HALFEN-KONSOLANKER
  6
MITTELLINIE
 62
     1
 48
10.0
100
AcDbLine
 10
5158.129223490954
 20
675.773099648185
 30
0.0
 11
5158.129223490954
 21
659.773099648185
 31
0.0
  0
LINE
  5
7B9
330
2
100
AcDbEntity
  8
HALFEN-KONSOLANKER
100
AcDbLine
 10
5151.129223490954
 20
804.273099648185
 30
0.0
 11
5165.129223490954
 21
804.273099648185
 31
0.0
  0
LINE
  5
7BA
330
2
100
AcDbEntity
  8
HALFEN-KONSOLANKER
100
AcDbLine
 10
5151.129223490954
 20
793.2730996481851
 30
0.0
 11
5165.129223490954
 21
793.2730996481851
 31
0.0
  0
LINE
  5
7BB
330
2
100
AcDbEntity
  8
HALFEN-KONSOLANKER
  6
MITTELLINIE
 62
     1
 48
10.0
100
AcDbLine
 10
5140.629223490954
 20
798.773099648185
 30
0.0
 11
5175.629223490954
 21
798.773099648185
 31
0.0
1001
GENIUS_GENODEF_13
1002
{
1000
HIER
1070
     0
1002
}
1002
{
1000
MANEDIT
1070
     0
1002
}
1002
{
1000
NOSEL
1070
     0
1002
}
1002
{
1000
BEHIND
1070
     0
1002
}
1002
{
1000
REACTOR
1002
}
1001
GENIUS_GENOBJ-N-CEN_13
1002
{
1000
OWNER
1000
GEN
1002
}
  0
ARC
  5
7BC
330
2
100
AcDbEntity
  8
HALFEN-KONSOLANKER
100
AcDbCircle
 10
5151.129223490954
 20
798.773099648185
 30
0.0
 40
5.5
100
AcDbArc
 50
90.0
 51
270.0
  0
LINE
  5
7BD
330
2
100
AcDbEntity
  8
HALFEN-KONSOLANKER
100
AcDbLine
 10
5156.129223490954
 20
785.773099648185
 30
0.0
 11
5160.129223490955
 21
785.773099648185
 31
0.0
  0
LINE
  5
7BE
330
2
100
AcDbEntity
  8
HALFEN-KONSOLANKER
  6
MITTELLINIE
 62
     1
 48
10.0
100
AcDbLine
 10
5158.129223490954
 20
809.2730996481851
 30
0.0
 11
5158.129223490954
 21
788.273099648185
 31
0.0
  0
ARC
  5
7BF
330
2
100
AcDbEntity
  8
HALFEN-KONSOLANKER
100
AcDbCircle
 10
5165.129223490954
 20
798.773099648185
 30
0.0
 40
5.5
100
AcDbArc
 50
270.0
 51
90.0
  0
POINT
  5
7C0
330
2
100
AcDbEntity
  8
HALFEN-KONSOLANKER
100
AcDbPoint
 10
5158.129223490954
 20
820.7730996481851
 30
0.0
  0
POINT
  5
7C1
330
2
100
AcDbEntity
  8
HALFEN-KONSOLANKER
100
AcDbPoint
 10
5158.129223490954
 20
820.7730996481851
 30
0.0
  0
LINE
  5
7C2
330
2
100
AcDbEntity
  8
HALFEN-KONSOLANKER
100
AcDbLine
 10
6483.129223490954
 20
664.773099648185
 30
0.0
 11
5483.129223490954
 21
664.773099648185
 31
0.0
  0
LINE
  5
7C3
330
2
100
AcDbEntity
  8
HALFEN-KONSOLANKER
100
AcDbLine
 10
5483.129223490954
 20
696.773099648185
 30
0.0
 11
6483.129223490954
 21
696.773099648185
 31
0.0
  0
LINE
  5
7C4
330
2
100
AcDbEntity
  8
HALFEN-KONSOLANKER
100
AcDbLine
 10
6483.129223490954
 20
540.773099648185
 30
0.0
 11
5483.129223490954
 21
540.773099648185
 31
0.0
  0
LINE
  5
7C5
330
2
100
AcDbEntity
  8
HALFEN-KONSOLANKER
100
AcDbLine
 10
5483.129223490954
 20
820.7730996481851
 30
0.0
 11
6483.129223490954
 21
820.7730996481851
 31
0.0
  0
LINE
  5
7C6
330
2
100
AcDbEntity
  8
HALFEN-KONSOLANKER
100
AcDbLine
 10
5483.129223490954
 20
690.773099648185
 30
0.0
 11
6483.129223490954
 21
690.773099648185
 31
0.0
  0
LINE
  5
7C7
330
2
100
AcDbEntity
  8
HALFEN-KONSOLANKER
100
AcDbLine
 10
6483.129223490954
 20
670.773099648185
 30
0.0
 11
5483.129223490954
 21
670.773099648185
 31
0.0
  0
LINE
  5
7C8
330
2
100
AcDbEntity
  8
HALFEN-KONSOLANKER
100
AcDbLine
 10
5601.129223490954
 20
804.273099648185
 30
0.0
 11
5615.129223490954
 21
804.273099648185
 31
0.0
  0
LINE
  5
7C9
330
2
100
AcDbEntity
  8
HALFEN-KONSOLANKER
100
AcDbLine
 10
5601.129223490954
 20
793.2730996481851
 30
0.0
 11
5615.129223490954
 21
793.2730996481851
 31
0.0
  0
LINE
  5
7CA
330
2
100
AcDbEntity
  8
HALFEN-KONSOLANKER
  6
MITTELLINIE
 62
     1
 48
10.0
100
AcDbLine
 10
5590.629223490954
 20
798.773099648185
 30
0.0
 11
5625.629223490954
 21
798.773099648185
 31
0.0
1001
GENIUS_GENODEF_13
1002
{
1000
HIER
1070
     0
1002
}
1002
{
1000
MANEDIT
1070
     0
1002
}
1002
{
1000
NOSEL
1070
     0
1002
}
1002
{
1000
BEHIND
1070
     0
1002
}
1002
{
1000
REACTOR
1002
}
1001
GENIUS_GENOBJ-N-CEN_13
1002
{
1000
OWNER
1000
GEN
1002
}
  0
LINE
  5
7CB
330
2
100
AcDbEntity
  8
HALFEN-KONSOLANKER
100
AcDbLine
 10
5483.129223490954
 20
820.7730996481851
 30
0.0
 11
5483.129223490954
 21
690.773099648185
 31
0.0
  0
LINE
  5
7CC
330
2
100
AcDbEntity
  8
HALFEN-KONSOLANKER
100
AcDbLine
 10
5457.129223490954
 20
785.7730996481847
 30
0.0
 11
5368.129223490954
 21
696.773099648185
 31
0.0
  0
LINE
  5
7CD
330
2
100
AcDbEntity
  8
HALFEN-KONSOLANKER
100
AcDbLine
 10
5457.129223490954
 20
820.7730996481851
 30
0.0
 11
5457.129223490954
 21
702.773099648185
 31
0.0
  0
LINE
  5
7CE
330
2
100
AcDbEntity
  8
HALFEN-KONSOLANKER
100
AcDbLine
 10
5463.129223490954
 20
820.7730996481851
 30
0.0
 11
5463.129223490954
 21
702.773099648185
 31
0.0
  0
ARC
  5
7CF
330
2
100
AcDbEntity
  8
HALFEN-KONSOLANKER
100
AcDbCircle
 10
5451.129223490955
 20
702.773099648185
 30
0.0
 40
12.0
100
AcDbArc
 50
270.0
 51
0.0
1001
GENIUS_GENODEF_13
1002
{
1000
HIER
1070
     0
1002
}
1002
{
1000
MANEDIT
1070
     0
1002
}
1002
{
1000
NOSEL
1070
     0
1002
}
1002
{
1000
BEHIND
1070
     0
1002
}
1002
{
1000
REACTOR
1002
}
1001
GENIUS_GENOBJ-N-FIL_13
1002
{
1000
OWNER
1000
GEN
1002
}
  0
LINE
  5
7D0
330
2
100
AcDbEntity
  8
HALFEN-KONSOLANKER
100
AcDbLine
 10
5451.129223490955
 20
690.773099648185
 30
0.0
 11
5333.129223490954
 21
690.773099648185
 31
0.0
  0
LINE
  5
7D1
330
2
100
AcDbEntity
  8
HALFEN-KONSOLANKER
100
AcDbLine
 10
5451.129223490955
 20
696.773099648185
 30
0.0
 11
5333.129223490954
 21
696.773099648185
 31
0.0
  0
LINE
  5
7D2
330
2
100
AcDbEntity
  8
HALFEN-KONSOLANKER
100
AcDbLine
 10
5333.129223490954
 20
696.773099648185
 30
0.0
 11
5333.129223490954
 21
690.773099648185
 31
0.0
  0
LINE
  5
7D3
330
2
100
AcDbEntity
  8
HALFEN-KONSOLANKER
100
AcDbLine
 10
5457.129223490954
 20
743.3466927769916
 30
0.0
 11
5410.555630362148
 21
696.773099648185
 31
0.0
  0
ARC
  5
7D4
330
2
100
AcDbEntity
  8
HALFEN-KONSOLANKER
100
AcDbCircle
 10
5451.129223490955
 20
702.773099648185
 30
0.0
 40
6.0
100
AcDbArc
 50
270.0
 51
0.0
1001
GENIUS_GENODEF_13
1002
{
1000
HIER
1070
     0
1002
}
1002
{
1000
MANEDIT
1070
     0
1002
}
1002
{
1000
NOSEL
1070
     0
1002
}
1002
{
1000
BEHIND
1070
     0
1002
}
1002
{
1000
REACTOR
1002
}
1001
GENIUS_GENOBJ-N-FIL_13
1002
{
1000
OWNER
1000
GEN
1002
}
  0
LINE
  5
7D5
330
2
100
AcDbEntity
  8
HALFEN-KONSOLANKER
100
AcDbLine
 10
5483.129223490954
 20
540.773099648185
 30
0.0
 11
5483.129223490954
 21
670.773099648185
 31
0.0
  0
LINE
  5
7D6
330
2
100
AcDbEntity
  8
HALFEN-KONSOLANKER
  6
VERDECKT
 62
     1
100
AcDbLine
 10
5595.629223490954
 20
664.773099648185
 30
0.0
 11
5595.629223490954
 21
670.773099648185
 31
0.0
  0
LINE
  5
7D7
330
2
100
AcDbEntity
  8
HALFEN-KONSOLANKER
100
AcDbLine
 10
5333.129223490954
 20
860.773099648185
 30
0.0
 11
5533.129223490954
 21
860.773099648185
 31
0.0
  0
LINE
  5
7D8
330
2
100
AcDbEntity
  8
HALFEN-KONSOLANKER
100
AcDbLine
 10
5333.129223490954
 20
842.773099648185
 30
0.0
 11
5533.129223490954
 21
842.773099648185
 31
0.0
  0
LINE
  5
7D9
330
2
100
AcDbEntity
  8
HALFEN-KONSOLANKER
100
AcDbLine
 10
5333.129223490954
 20
832.773099648185
 30
0.0
 11
5533.129223490954
 21
832.773099648185
 31
0.0
  0
TEXT
  5
7DA
330
2
100
AcDbEntity
  8
HALFEN-KONSOLANKER
100
AcDbText
 10
5388.129223490954
 20
853.273099648185
 30
0.0
 40
5.0
  1
Halfen Konsolwinkel KWL - 3,2 - 130 - 1000
  7
ARIAL50
100
AcDbText
  0
LINE
  5
7DB
330
2
100
AcDbEntity
  8
HALFEN-KONSOLANKER
  6
MITTELLINIE
 62
     1
 48
10.0
100
AcDbLine
 10
5452.129223490954
 20
798.773099648185
 30
0.0
 11
5468.129223490954
 21
798.773099648185
 31
0.0
1001
GENIUS_GENODEF_13
1002
{
1000
HIER
1070
     0
1002
}
1002
{
1000
MANEDIT
1070
     0
1002
}
1002
{
1000
NOSEL
1070
     0
1002
}
1002
{
1000
BEHIND
1070
     0
1002
}
1002
{
1000
REACTOR
1002
}
1001
GENIUS_GENOBJ-N-CEN_13
1002
{
1000
OWNER
1000
GEN
1002
}
  0
TEXT
  5
7DC
330
2
100
AcDbEntity
  8
HALFEN-KONSOLANKER
100
AcDbText
 10
5388.129223490954
 20
835.2730996481851
 30
0.0
 40
5.0
  1
0112.010-00024
  7
ARIAL50
100
AcDbText
  0
TEXT
  5
7DD
330
2
100
AcDbEntity
  8
HALFEN-KONSOLANKER
100
AcDbText
 10
5338.129223490954
 20
853.273099648185
 30
0.0
 40
5.0
  1
Benennung
  7
ARIAL50
100
AcDbText
  0
TEXT
  5
7DE
330
2
100
AcDbEntity
  8
HALFEN-KONSOLANKER
100
AcDbText
 10
5338.129223490954
 20
835.2730996481851
 30
0.0
 40
5.0
  1
Id. Nr.
  7
ARIAL50
100
AcDbText
  0
LINE
  5
7DF
330
2
100
AcDbEntity
  8
HALFEN-KONSOLANKER
100
AcDbLine
 10
5333.129223490954
 20
832.773099648185
 30
0.0
 11
5333.129223490954
 21
860.773099648185
 31
0.0
  0
TEXT
  5
7E0
330
2
100
AcDbEntity
  8
HALFEN-KONSOLANKER
100
AcDbText
 10
5333.129223490954
 20
863.273099648185
 30
0.0
 40
5.0
  1
A4
  7
ARIAL50
100
AcDbText
  0
LINE
  5
7E1
330
2
100
AcDbEntity
  8
HALFEN-KONSOLANKER
100
AcDbLine
 10
5383.129223490954
 20
832.773099648185
 30
0.0
 11
5383.129223490954
 21
860.773099648185
 31
0.0
  0
LINE
  5
7E2
330
2
100
AcDbEntity
  8
HALFEN-KONSOLANKER
100
AcDbLine
 10
5457.129223490954
 20
820.7730996481851
 30
0.0
 11
5463.129223490954
 21
820.7730996481851
 31
0.0
  0
LINE
  5
7E3
330
2
100
AcDbEntity
  8
HALFEN-KONSOLANKER
  6
VERDECKT
 62
     1
100
AcDbLine
 10
5457.129223490954
 20
793.2730996481851
 30
0.0
 11
5463.129223490954
 21
793.2730996481851
 31
0.0
  0
LINE
  5
7E4
330
2
100
AcDbEntity
  8
HALFEN-KONSOLANKER
  6
VERDECKT
 62
     1
100
AcDbLine
 10
5457.129223490954
 20
804.273099648185
 30
0.0
 11
5463.129223490954
 21
804.273099648185
 31
0.0
  0
LINE
  5
7E5
330
2
100
AcDbEntity
  8
HALFEN-KONSOLANKER
100
AcDbLine
 10
5533.129223490954
 20
832.773099648185
 30
0.0
 11
5533.129223490954
 21
860.773099648185
 31
0.0
  0
ARC
  5
7E6
330
2
100
AcDbEntity
  8
HALFEN-KONSOLANKER
100
AcDbCircle
 10
5601.129223490954
 20
798.773099648185
 30
0.0
 40
5.5
100
AcDbArc
 50
90.0
 51
270.0
  0
LINE
  5
7E7
330
2
100
AcDbEntity
  8
HALFEN-KONSOLANKER
100
AcDbLine
 10
6106.129223490954
 20
785.773099648185
 30
0.0
 11
6106.129223490954
 21
696.773099648185
 31
0.0
  0
LINE
  5
7E8
330
2
100
AcDbEntity
  8
HALFEN-KONSOLANKER
100
AcDbLine
 10
6110.129223490954
 20
785.773099648185
 30
0.0
 11
6110.129223490954
 21
696.773099648185
 31
0.0
  0
LINE
  5
7E9
330
2
100
AcDbEntity
  8
HALFEN-KONSOLANKER
100
AcDbLine
 10
5860.129223490954
 20
785.773099648185
 30
0.0
 11
5860.129223490954
 21
696.773099648185
 31
0.0
  0
LINE
  5
7EA
330
2
100
AcDbEntity
  8
HALFEN-KONSOLANKER
100
AcDbLine
 10
5856.129223490954
 20
785.773099648185
 30
0.0
 11
5856.129223490954
 21
696.773099648185
 31
0.0
  0
LINE
  5
7EB
330
2
100
AcDbEntity
  8
HALFEN-KONSOLANKER
100
AcDbLine
 10
5606.129223490954
 20
785.773099648185
 30
0.0
 11
5606.129223490954
 21
696.773099648185
 31
0.0
  0
LINE
  5
7EC
330
2
100
AcDbEntity
  8
HALFEN-KONSOLANKER
100
AcDbLine
 10
5610.129223490954
 20
785.773099648185
 30
0.0
 11
5610.129223490954
 21
696.773099648185
 31
0.0
  0
LINE
  5
7ED
330
2
100
AcDbEntity
  8
HALFEN-KONSOLANKER
100
AcDbLine
 10
5606.129223490954
 20
664.773099648185
 30
0.0
 11
5606.129223490954
 21
575.773099648185
 31
0.0
  0
LINE
  5
7EE
330
2
100
AcDbEntity
  8
HALFEN-KONSOLANKER
100
AcDbLine
 10
5610.129223490954
 20
664.773099648185
 30
0.0
 11
5610.129223490954
 21
575.773099648185
 31
0.0
  0
LINE
  5
7EF
330
2
100
AcDbEntity
  8
HALFEN-KONSOLANKER
100
AcDbLine
 10
5610.129223490954
 20
575.773099648185
 30
0.0
 11
5606.129223490954
 21
575.773099648185
 31
0.0
  0
LINE
  5
7F0
330
2
100
AcDbEntity
  8
HALFEN-KONSOLANKER
  6
VERDECKT
 62
     1
100
AcDbLine
 10
5620.629223490954
 20
670.773099648185
 30
0.0
 11
5620.629223490954
 21
664.773099648185
 31
0.0
  0
LINE
  5
7F1
330
2
100
AcDbEntity
  8
HALFEN-KONSOLANKER
  6
MITTELLINIE
 62
     1
 48
10.0
100
AcDbLine
 10
5608.129223490954
 20
675.773099648185
 30
0.0
 11
5608.129223490954
 21
659.773099648185
 31
0.0
  0
LINE
  5
7F2
330
2
100
AcDbEntity
  8
HALFEN-KONSOLANKER
100
AcDbLine
 10
5860.129223490954
 20
664.773099648185
 30
0.0
 11
5860.129223490954
 21
575.773099648185
 31
0.0
  0
LINE
  5
7F3
330
2
100
AcDbEntity
  8
HALFEN-KONSOLANKER
100
AcDbLine
 10
5856.129223490954
 20
664.773099648185
 30
0.0
 11
5856.129223490954
 21
575.773099648185
 31
0.0
  0
LINE
  5
7F4
330
2
100
AcDbEntity
  8
HALFEN-KONSOLANKER
100
AcDbLine
 10
5860.129223490954
 20
575.773099648185
 30
0.0
 11
5856.129223490954
 21
575.773099648185
 31
0.0
  0
LINE
  5
7F5
330
2
100
AcDbEntity
  8
HALFEN-KONSOLANKER
  6
VERDECKT
 62
     1
100
AcDbLine
 10
5845.629223490954
 20
664.773099648185
 30
0.0
 11
5845.629223490954
 21
670.773099648185
 31
0.0
  0
LINE
  5
7F6
330
2
100
AcDbEntity
  8
HALFEN-KONSOLANKER
  6
VERDECKT
 62
     1
100
AcDbLine
 10
5870.629223490954
 20
670.773099648185
 30
0.0
 11
5870.629223490954
 21
664.773099648185
 31
0.0
  0
LINE
  5
7F7
330
2
100
AcDbEntity
  8
HALFEN-KONSOLANKER
  6
MITTELLINIE
 62
     1
 48
10.0
100
AcDbLine
 10
5858.129223490954
 20
675.773099648185
 30
0.0
 11
5858.129223490954
 21
659.773099648185
 31
0.0
  0
LINE
  5
7F8
330
2
100
AcDbEntity
  8
HALFEN-KONSOLANKER
100
AcDbLine
 10
6106.129223490954
 20
664.773099648185
 30
0.0
 11
6106.129223490954
 21
575.773099648185
 31
0.0
  0
LINE
  5
7F9
330
2
100
AcDbEntity
  8
HALFEN-KONSOLANKER
100
AcDbLine
 10
6110.129223490954
 20
664.773099648185
 30
0.0
 11
6110.129223490954
 21
575.773099648185
 31
0.0
  0
LINE
  5
7FA
330
2
100
AcDbEntity
  8
HALFEN-KONSOLANKER
100
AcDbLine
 10
6110.129223490954
 20
575.773099648185
 30
0.0
 11
6106.129223490954
 21
575.773099648185
 31
0.0
  0
LINE
  5
7FB
330
2
100
AcDbEntity
  8
HALFEN-KONSOLANKER
  6
VERDECKT
 62
     1
100
AcDbLine
 10
6095.629223490954
 20
664.773099648185
 30
0.0
 11
6095.629223490954
 21
670.773099648185
 31
0.0
  0
LINE
  5
7FC
330
2
100
AcDbEntity
  8
HALFEN-KONSOLANKER
  6
MITTELLINIE
 62
     1
 48
10.0
100
AcDbLine
 10
6108.129223490954
 20
675.773099648185
 30
0.0
 11
6108.129223490954
 21
659.773099648185
 31
0.0
  0
LINE
  5
7FD
330
2
100
AcDbEntity
  8
HALFEN-KONSOLANKER
  6
VERDECKT
 62
     1
100
AcDbLine
 10
6120.629223490954
 20
670.773099648185
 30
0.0
 11
6120.629223490954
 21
664.773099648185
 31
0.0
  0
LINE
  5
7FE
330
2
100
AcDbEntity
  8
HALFEN-KONSOLANKER
100
AcDbLine
 10
5606.129223490954
 20
785.773099648185
 30
0.0
 11
5610.129223490954
 21
785.773099648185
 31
0.0
  0
LINE
  5
7FF
330
2
100
AcDbEntity
  8
HALFEN-KONSOLANKER
  6
MITTELLINIE
 62
     1
 48
10.0
100
AcDbLine
 10
5608.129223490954
 20
809.2730996481851
 30
0.0
 11
5608.129223490954
 21
788.273099648185
 31
0.0
  0
POINT
  5
800
330
2
100
AcDbEntity
  8
HALFEN-KONSOLANKER
100
AcDbPoint
 10
5608.129223490954
 20
820.7730996481851
 30
0.0
  0
POINT
  5
801
330
2
100
AcDbEntity
  8
HALFEN-KONSOLANKER
100
AcDbPoint
 10
5608.129223490954
 20
820.7730996481851
 30
0.0
  0
ARC
  5
802
330
2
100
AcDbEntity
  8
HALFEN-KONSOLANKER
100
AcDbCircle
 10
5615.129223490954
 20
798.773099648185
 30
0.0
 40
5.5
100
AcDbArc
 50
270.0
 51
90.0
  0
LINE
  5
803
330
2
100
AcDbEntity
  8
HALFEN-KONSOLANKER
100
AcDbLine
 10
5851.129223490954
 20
804.273099648185
 30
0.0
 11
5865.129223490954
 21
804.273099648185
 31
0.0
  0
LINE
  5
804
330
2
100
AcDbEntity
  8
HALFEN-KONSOLANKER
100
AcDbLine
 10
5851.129223490954
 20
793.2730996481851
 30
0.0
 11
5865.129223490954
 21
793.2730996481851
 31
0.0
  0
LINE
  5
805
330
2
100
AcDbEntity
  8
HALFEN-KONSOLANKER
  6
MITTELLINIE
 62
     1
 48
10.0
100
AcDbLine
 10
5840.629223490954
 20
798.773099648185
 30
0.0
 11
5875.629223490954
 21
798.773099648185
 31
0.0
1001
GENIUS_GENODEF_13
1002
{
1000
HIER
1070
     0
1002
}
1002
{
1000
MANEDIT
1070
     0
1002
}
1002
{
1000
NOSEL
1070
     0
1002
}
1002
{
1000
BEHIND
1070
     0
1002
}
1002
{
1000
REACTOR
1002
}
1001
GENIUS_GENOBJ-N-CEN_13
1002
{
1000
OWNER
1000
GEN
1002
}
  0
ARC
  5
806
330
2
100
AcDbEntity
  8
HALFEN-KONSOLANKER
100
AcDbCircle
 10
5851.129223490954
 20
798.773099648185
 30
0.0
 40
5.5
100
AcDbArc
 50
90.0
 51
270.0
  0
LINE
  5
807
330
2
100
AcDbEntity
  8
HALFEN-KONSOLANKER
100
AcDbLine
 10
5856.129223490954
 20
785.773099648185
 30
0.0
 11
5860.129223490954
 21
785.773099648185
 31
0.0
  0
LINE
  5
808
330
2
100
AcDbEntity
  8
HALFEN-KONSOLANKER
  6
MITTELLINIE
 62
     1
 48
10.0
100
AcDbLine
 10
5858.129223490954
 20
809.2730996481851
 30
0.0
 11
5858.129223490954
 21
788.273099648185
 31
0.0
  0
ARC
  5
809
330
2
100
AcDbEntity
  8
HALFEN-KONSOLANKER
100
AcDbCircle
 10
5865.129223490954
 20
798.773099648185
 30
0.0
 40
5.5
100
AcDbArc
 50
270.0
 51
90.0
  0
POINT
  5
80A
330
2
100
AcDbEntity
  8
HALFEN-KONSOLANKER
100
AcDbPoint
 10
5858.129223490954
 20
820.7730996481851
 30
0.0
  0
POINT
  5
80B
330
2
100
AcDbEntity
  8
HALFEN-KONSOLANKER
100
AcDbPoint
 10
5858.129223490954
 20
820.7730996481851
 30
0.0
  0
LINE
  5
80C
330
2
100
AcDbEntity
  8
HALFEN-KONSOLANKER
  6
MITTELLINIE
 62
     1
 48
10.0
100
AcDbLine
 10
6090.629223490954
 20
798.773099648185
 30
0.0
 11
6125.629223490954
 21
798.773099648185
 31
0.0
1001
GENIUS_GENODEF_13
1002
{
1000
HIER
1070
     0
1002
}
1002
{
1000
MANEDIT
1070
     0
1002
}
1002
{
1000
NOSEL
1070
     0
1002
}
1002
{
1000
BEHIND
1070
     0
1002
}
1002
{
1000
REACTOR
1002
}
1001
GENIUS_GENOBJ-N-CEN_13
1002
{
1000
OWNER
1000
GEN
1002
}
  0
LINE
  5
80D
330
2
100
AcDbEntity
  8
HALFEN-KONSOLANKER
100
AcDbLine
 10
6101.129223490954
 20
793.2730996481851
 30
0.0
 11
6115.129223490954
 21
793.2730996481851
 31
0.0
  0
LINE
  5
80E
330
2
100
AcDbEntity
  8
HALFEN-KONSOLANKER
100
AcDbLine
 10
6101.129223490954
 20
804.273099648185
 30
0.0
 11
6115.129223490954
 21
804.273099648185
 31
0.0
  0
ARC
  5
80F
330
2
100
AcDbEntity
  8
HALFEN-KONSOLANKER
100
AcDbCircle
 10
6101.129223490954
 20
798.773099648185
 30
0.0
 40
5.5
100
AcDbArc
 50
90.0
 51
270.0
  0
POINT
  5
810
330
2
100
AcDbEntity
  8
HALFEN-KONSOLANKER
100
AcDbPoint
 10
6108.129223490954
 20
820.7730996481851
 30
0.0
  0
POINT
  5
811
330
2
100
AcDbEntity
  8
HALFEN-KONSOLANKER
100
AcDbPoint
 10
6108.129223490954
 20
820.7730996481851
 30
0.0
  0
ARC
  5
812
330
2
100
AcDbEntity
  8
HALFEN-KONSOLANKER
100
AcDbCircle
 10
6115.129223490954
 20
798.773099648185
 30
0.0
 40
5.5
100
AcDbArc
 50
270.0
 51
90.0
  0
LINE
  5
813
330
2
100
AcDbEntity
  8
HALFEN-KONSOLANKER
  6
MITTELLINIE
 62
     1
 48
10.0
100
AcDbLine
 10
6108.129223490954
 20
809.2730996481851
 30
0.0
 11
6108.129223490954
 21
788.273099648185
 31
0.0
  0
LINE
  5
814
330
2
100
AcDbEntity
  8
HALFEN-KONSOLANKER
100
AcDbLine
 10
6106.129223490954
 20
785.773099648185
 30
0.0
 11
6110.129223490954
 21
785.773099648185
 31
0.0
  0
LINE
  5
815
330
2
100
AcDbEntity
  8
HALFEN-KONSOLANKER
100
AcDbLine
 10
6483.129223490954
 20
820.7730996481851
 30
0.0
 11
6483.129223490954
 21
690.773099648185
 31
0.0
  0
LINE
  5
816
330
2
100
AcDbEntity
  8
HALFEN-KONSOLANKER
100
AcDbLine
 10
6483.129223490954
 20
540.773099648185
 30
0.0
 11
6483.129223490954
 21
670.773099648185
 31
0.0
  0
LINE
  5
817
330
2
100
AcDbEntity
  8
HALFEN-KONSOLANKER
100
AcDbLine
 10
6360.129223490954
 20
785.773099648185
 30
0.0
 11
6360.129223490954
 21
696.773099648185
 31
0.0
  0
LINE
  5
818
330
2
100
AcDbEntity
  8
HALFEN-KONSOLANKER
100
AcDbLine
 10
6356.129223490954
 20
785.773099648185
 30
0.0
 11
6356.129223490954
 21
696.773099648185
 31
0.0
  0
LINE
  5
819
330
2
100
AcDbEntity
  8
HALFEN-KONSOLANKER
100
AcDbLine
 10
6360.129223490954
 20
664.773099648185
 30
0.0
 11
6360.129223490954
 21
575.773099648185
 31
0.0
  0
LINE
  5
81A
330
2
100
AcDbEntity
  8
HALFEN-KONSOLANKER
100
AcDbLine
 10
6356.129223490954
 20
664.773099648185
 30
0.0
 11
6356.129223490954
 21
575.773099648185
 31
0.0
  0
LINE
  5
81B
330
2
100
AcDbEntity
  8
HALFEN-KONSOLANKER
100
AcDbLine
 10
6360.129223490954
 20
575.773099648185
 30
0.0
 11
6356.129223490954
 21
575.773099648185
 31
0.0
  0
LINE
  5
81C
330
2
100
AcDbEntity
  8
HALFEN-KONSOLANKER
  6
MITTELLINIE
 62
     1
 48
10.0
100
AcDbLine
 10
6358.129223490955
 20
675.773099648185
 30
0.0
 11
6358.129223490955
 21
659.773099648185
 31
0.0
  0
LINE
  5
81D
330
2
100
AcDbEntity
  8
HALFEN-KONSOLANKER
  6
VERDECKT
 62
     1
100
AcDbLine
 10
6345.629223490955
 20
664.773099648185
 30
0.0
 11
6345.629223490955
 21
670.773099648185
 31
0.0
  0
LINE
  5
81E
330
2
100
AcDbEntity
  8
HALFEN-KONSOLANKER
  6
VERDECKT
 62
     1
100
AcDbLine
 10
6370.629223490954
 20
670.773099648185
 30
0.0
 11
6370.629223490954
 21
664.773099648185
 31
0.0
  0
LINE
  5
81F
330
2
100
AcDbEntity
  8
HALFEN-KONSOLANKER
  6
MITTELLINIE
 62
     1
 48
10.0
100
AcDbLine
 10
6340.629223490954
 20
798.773099648185
 30
0.0
 11
6375.629223490954
 21
798.773099648185
 31
0.0
1001
GENIUS_GENODEF_13
1002
{
1000
HIER
1070
     0
1002
}
1002
{
1000
MANEDIT
1070
     0
1002
}
1002
{
1000
NOSEL
1070
     0
1002
}
1002
{
1000
BEHIND
1070
     0
1002
}
1002
{
1000
REACTOR
1002
}
1001
GENIUS_GENOBJ-N-CEN_13
1002
{
1000
OWNER
1000
GEN
1002
}
  0
LINE
  5
820
330
2
100
AcDbEntity
  8
HALFEN-KONSOLANKER
100
AcDbLine
 10
6356.129223490954
 20
785.773099648185
 30
0.0
 11
6360.129223490954
 21
785.773099648185
 31
0.0
  0
LINE
  5
821
330
2
100
AcDbEntity
  8
HALFEN-KONSOLANKER
100
AcDbLine
 10
6351.129223490954
 20
804.273099648185
 30
0.0
 11
6365.129223490954
 21
804.273099648185
 31
0.0
  0
LINE
  5
822
330
2
100
AcDbEntity
  8
HALFEN-KONSOLANKER
100
AcDbLine
 10
6351.129223490954
 20
793.2730996481851
 30
0.0
 11
6365.129223490954
 21
793.2730996481851
 31
0.0
  0
LINE
  5
823
330
2
100
AcDbEntity
  8
HALFEN-KONSOLANKER
  6
MITTELLINIE
 62
     1
 48
10.0
100
AcDbLine
 10
6358.129223490955
 20
809.2730996481851
 30
0.0
 11
6358.129223490955
 21
788.273099648185
 31
0.0
  0
POINT
  5
824
330
2
100
AcDbEntity
  8
HALFEN-KONSOLANKER
100
AcDbPoint
 10
6358.129223490955
 20
820.7730996481851
 30
0.0
  0
POINT
  5
825
330
2
100
AcDbEntity
  8
HALFEN-KONSOLANKER
100
AcDbPoint
 10
6358.129223490955
 20
820.7730996481851
 30
0.0
  0
ARC
  5
826
330
2
100
AcDbEntity
  8
HALFEN-KONSOLANKER
100
AcDbCircle
 10
6351.129223490954
 20
798.773099648185
 30
0.0
 40
5.5
100
AcDbArc
 50
90.0
 51
270.0
  0
ARC
  5
827
330
2
100
AcDbEntity
  8
HALFEN-KONSOLANKER
100
AcDbCircle
 10
6365.129223490954
 20
798.773099648185
 30
0.0
 40
5.5
100
AcDbArc
 50
270.0
 51
90.0
  0
LINE
  5
828
330
2
100
AcDbEntity
  8
HALFEN-KONSOLANKER
100
AcDbLine
 10
5323.129223490955
 20
280.7730996481853
 30
0.0
 11
4573.129223490954
 21
280.7730996481853
 31
0.0
  0
LINE
  5
829
330
2
100
AcDbEntity
  8
HALFEN-KONSOLANKER
100
AcDbLine
 10
4573.129223490954
 20
300.7730996481853
 30
0.0
 11
5323.129223490955
 21
300.7730996481853
 31
0.0
  0
LINE
  5
82A
330
2
100
AcDbEntity
  8
HALFEN-KONSOLANKER
100
AcDbLine
 10
4573.129223490954
 20
450.7730996481853
 30
0.0
 11
5323.129223490955
 21
450.7730996481853
 31
0.0
  0
LINE
  5
82B
330
2
100
AcDbEntity
  8
HALFEN-KONSOLANKER
100
AcDbLine
 10
5323.129223490955
 20
130.7730996481853
 30
0.0
 11
4573.129223490954
 21
130.7730996481853
 31
0.0
  0
LINE
  5
82C
330
2
100
AcDbEntity
  8
HALFEN-KONSOLANKER
100
AcDbLine
 10
4573.129223490954
 20
306.7730996481853
 30
0.0
 11
5323.129223490955
 21
306.7730996481853
 31
0.0
  0
LINE
  5
82D
330
2
100
AcDbEntity
  8
HALFEN-KONSOLANKER
100
AcDbLine
 10
5323.129223490955
 20
274.7730996481853
 30
0.0
 11
4573.129223490954
 21
274.7730996481853
 31
0.0
  0
LINE
  5
82E
330
2
100
AcDbEntity
  8
HALFEN-KONSOLANKER
100
AcDbLine
 10
4573.129223490954
 20
450.7730996481853
 30
0.0
 11
4573.129223490954
 21
300.7730996481853
 31
0.0
  0
LINE
  5
82F
330
2
100
AcDbEntity
  8
HALFEN-KONSOLANKER
100
AcDbLine
 10
4547.129223490954
 20
415.7730996481849
 30
0.0
 11
4438.129223490954
 21
306.7730996481853
 31
0.0
  0
LINE
  5
830
330
2
100
AcDbEntity
  8
HALFEN-KONSOLANKER
100
AcDbLine
 10
4547.129223490954
 20
450.7730996481853
 30
0.0
 11
4547.129223490954
 21
312.7730996481853
 31
0.0
  0
LINE
  5
831
330
2
100
AcDbEntity
  8
HALFEN-KONSOLANKER
100
AcDbLine
 10
4553.129223490954
 20
450.7730996481853
 30
0.0
 11
4553.129223490954
 21
312.7730996481853
 31
0.0
  0
LINE
  5
832
330
2
100
AcDbEntity
  8
HALFEN-KONSOLANKER
100
AcDbLine
 10
4696.129223490954
 20
415.7730996481852
 30
0.0
 11
4696.129223490954
 21
306.7730996481853
 31
0.0
  0
LINE
  5
833
330
2
100
AcDbEntity
  8
HALFEN-KONSOLANKER
100
AcDbLine
 10
4700.129223490954
 20
415.7730996481852
 30
0.0
 11
4700.129223490954
 21
306.7730996481853
 31
0.0
  0
ARC
  5
834
330
2
100
AcDbEntity
  8
HALFEN-KONSOLANKER
100
AcDbCircle
 10
4541.129223490954
 20
312.7730996481853
 30
0.0
 40
6.0
100
AcDbArc
 50
270.0
 51
0.0
1001
GENIUS_GENODEF_13
1002
{
1000
HIER
1070
     0
1002
}
1002
{
1000
MANEDIT
1070
     0
1002
}
1002
{
1000
NOSEL
1070
     0
1002
}
1002
{
1000
BEHIND
1070
     0
1002
}
1002
{
1000
REACTOR
1002
}
1001
GENIUS_GENOBJ-N-FIL_13
1002
{
1000
OWNER
1000
GEN
1002
}
  0
ARC
  5
835
330
2
100
AcDbEntity
  8
HALFEN-KONSOLANKER
100
AcDbCircle
 10
4541.129223490954
 20
312.7730996481853
 30
0.0
 40
12.0
100
AcDbArc
 50
270.0
 51
0.0
1001
GENIUS_GENODEF_13
1002
{
1000
HIER
1070
     0
1002
}
1002
{
1000
MANEDIT
1070
     0
1002
}
1002
{
1000
NOSEL
1070
     0
1002
}
1002
{
1000
BEHIND
1070
     0
1002
}
1002
{
1000
REACTOR
1002
}
1001
GENIUS_GENOBJ-N-FIL_13
1002
{
1000
OWNER
1000
GEN
1002
}
  0
LINE
  5
836
330
2
100
AcDbEntity
  8
HALFEN-KONSOLANKER
100
AcDbLine
 10
4547.129223490954
 20
373.3466927769919
 30
0.0
 11
4480.555630362148
 21
306.7730996481853
 31
0.0
  0
LINE
  5
837
330
2
100
AcDbEntity
  8
HALFEN-KONSOLANKER
100
AcDbLine
 10
4541.129223490954
 20
300.7730996481853
 30
0.0
 11
4403.129223490954
 21
300.7730996481853
 31
0.0
  0
LINE
  5
838
330
2
100
AcDbEntity
  8
HALFEN-KONSOLANKER
100
AcDbLine
 10
4541.129223490954
 20
306.7730996481853
 30
0.0
 11
4403.129223490954
 21
306.7730996481853
 31
0.0
  0
LINE
  5
839
330
2
100
AcDbEntity
  8
HALFEN-KONSOLANKER
100
AcDbLine
 10
4403.129223490954
 20
306.7730996481853
 30
0.0
 11
4403.129223490954
 21
300.7730996481853
 31
0.0
  0
LINE
  5
83A
330
2
100
AcDbEntity
  8
HALFEN-KONSOLANKER
100
AcDbLine
 10
4573.129223490954
 20
130.7730996481853
 30
0.0
 11
4573.129223490954
 21
280.7730996481853
 31
0.0
  0
LINE
  5
83B
330
2
100
AcDbEntity
  8
HALFEN-KONSOLANKER
100
AcDbLine
 10
4696.129223490954
 20
274.7730996481853
 30
0.0
 11
4696.129223490954
 21
165.7730996481852
 31
0.0
  0
LINE
  5
83C
330
2
100
AcDbEntity
  8
HALFEN-KONSOLANKER
100
AcDbLine
 10
4700.129223490954
 20
274.7730996481853
 30
0.0
 11
4700.129223490954
 21
165.7730996481852
 31
0.0
  0
LINE
  5
83D
330
2
100
AcDbEntity
  8
HALFEN-KONSOLANKER
100
AcDbLine
 10
4700.129223490954
 20
165.7730996481852
 30
0.0
 11
4696.129223490954
 21
165.7730996481852
 31
0.0
  0
LINE
  5
83E
330
2
100
AcDbEntity
  8
HALFEN-KONSOLANKER
  6
VERDECKT
 62
     1
100
AcDbLine
 10
4710.629223490954
 20
280.7730996481853
 30
0.0
 11
4710.629223490954
 21
274.7730996481853
 31
0.0
  0
LINE
  5
83F
330
2
100
AcDbEntity
  8
HALFEN-KONSOLANKER
  6
MITTELLINIE
 62
     1
 48
10.0
100
AcDbLine
 10
4698.129223490954
 20
285.7730996481853
 30
0.0
 11
4698.129223490954
 21
269.7730996481853
 31
0.0
  0
LINE
  5
840
330
2
100
AcDbEntity
  8
HALFEN-KONSOLANKER
  6
VERDECKT
 62
     1
100
AcDbLine
 10
4685.629223490955
 20
274.7730996481853
 30
0.0
 11
4685.629223490955
 21
280.7730996481853
 31
0.0
  0
LINE
  5
841
330
2
100
AcDbEntity
  8
HALFEN-KONSOLANKER
  6
MITTELLINIE
 62
     1
 48
10.0
100
AcDbLine
 10
4542.129223490954
 20
428.7730996481853
 30
0.0
 11
4558.129223490953
 21
428.7730996481853
 31
0.0
1001
GENIUS_GENODEF_13
1002
{
1000
HIER
1070
     0
1002
}
1002
{
1000
MANEDIT
1070
     0
1002
}
1002
{
1000
NOSEL
1070
     0
1002
}
1002
{
1000
BEHIND
1070
     0
1002
}
1002
{
1000
REACTOR
1002
}
1001
GENIUS_GENOBJ-N-CEN_13
1002
{
1000
OWNER
1000
GEN
1002
}
  0
LINE
  5
842
330
2
100
AcDbEntity
  8
HALFEN-KONSOLANKER
100
AcDbLine
 10
4403.129223490954
 20
490.7730996481852
 30
0.0
 11
4603.129223490954
 21
490.7730996481852
 31
0.0
  0
LINE
  5
843
330
2
100
AcDbEntity
  8
HALFEN-KONSOLANKER
100
AcDbLine
 10
4403.129223490954
 20
472.7730996481852
 30
0.0
 11
4603.129223490954
 21
472.7730996481852
 31
0.0
  0
LINE
  5
844
330
2
100
AcDbEntity
  8
HALFEN-KONSOLANKER
100
AcDbLine
 10
4403.129223490954
 20
462.7730996481853
 30
0.0
 11
4603.129223490954
 21
462.7730996481853
 31
0.0
  0
TEXT
  5
845
330
2
100
AcDbEntity
  8
HALFEN-KONSOLANKER
100
AcDbText
 10
4458.129223490954
 20
483.2730996481853
 30
0.0
 40
5.0
  1
Halfen Konsolwinkel KWL - 3,2 - 150 - 750
  7
ARIAL50
100
AcDbText
  0
TEXT
  5
846
330
2
100
AcDbEntity
  8
HALFEN-KONSOLANKER
100
AcDbText
 10
4408.129223490954
 20
483.2730996481853
 30
0.0
 40
5.0
  1
Benennung
  7
ARIAL50
100
AcDbText
  0
TEXT
  5
847
330
2
100
AcDbEntity
  8
HALFEN-KONSOLANKER
100
AcDbText
 10
4408.129223490954
 20
465.2730996481852
 30
0.0
 40
5.0
  1
Id. Nr.
  7
ARIAL50
100
AcDbText
  0
LINE
  5
848
330
2
100
AcDbEntity
  8
HALFEN-KONSOLANKER
100
AcDbLine
 10
4403.129223490954
 20
462.7730996481853
 30
0.0
 11
4403.129223490954
 21
490.7730996481852
 31
0.0
  0
TEXT
  5
849
330
2
100
AcDbEntity
  8
HALFEN-KONSOLANKER
100
AcDbText
 10
4403.129223490954
 20
493.2730996481852
 30
0.0
 40
5.0
  1
A4
  7
ARIAL50
100
AcDbText
  0
LINE
  5
84A
330
2
100
AcDbEntity
  8
HALFEN-KONSOLANKER
100
AcDbLine
 10
4453.129223490954
 20
462.7730996481853
 30
0.0
 11
4453.129223490954
 21
490.7730996481852
 31
0.0
  0
TEXT
  5
84B
330
2
100
AcDbEntity
  8
HALFEN-KONSOLANKER
100
AcDbText
 10
4458.129223490954
 20
465.2730996481852
 30
0.0
 40
5.0
  1
0112.010-00026
  7
ARIAL50
100
AcDbText
  0
LINE
  5
84C
330
2
100
AcDbEntity
  8
HALFEN-KONSOLANKER
  6
MITTELLINIE
 62
     1
 48
10.0
100
AcDbLine
 10
4680.629223490954
 20
428.7730996481853
 30
0.0
 11
4715.629223490954
 21
428.7730996481853
 31
0.0
1001
GENIUS_GENODEF_13
1002
{
1000
HIER
1070
     0
1002
}
1002
{
1000
MANEDIT
1070
     0
1002
}
1002
{
1000
NOSEL
1070
     0
1002
}
1002
{
1000
BEHIND
1070
     0
1002
}
1002
{
1000
REACTOR
1002
}
1001
GENIUS_GENOBJ-N-CEN_13
1002
{
1000
OWNER
1000
GEN
1002
}
  0
LINE
  5
84D
330
2
100
AcDbEntity
  8
HALFEN-KONSOLANKER
100
AcDbLine
 10
4547.129223490954
 20
450.7730996481853
 30
0.0
 11
4553.129223490954
 21
450.7730996481853
 31
0.0
  0
LINE
  5
84E
330
2
100
AcDbEntity
  8
HALFEN-KONSOLANKER
  6
VERDECKT
 62
     1
100
AcDbLine
 10
4547.129223490954
 20
423.2730996481852
 30
0.0
 11
4553.129223490954
 21
423.2730996481852
 31
0.0
  0
LINE
  5
84F
330
2
100
AcDbEntity
  8
HALFEN-KONSOLANKER
  6
VERDECKT
 62
     1
100
AcDbLine
 10
4547.129223490954
 20
434.2730996481853
 30
0.0
 11
4553.129223490954
 21
434.2730996481853
 31
0.0
  0
LINE
  5
850
330
2
100
AcDbEntity
  8
HALFEN-KONSOLANKER
100
AcDbLine
 10
4603.129223490954
 20
462.7730996481853
 30
0.0
 11
4603.129223490954
 21
490.7730996481852
 31
0.0
  0
LINE
  5
851
330
2
100
AcDbEntity
  8
HALFEN-KONSOLANKER
100
AcDbLine
 10
4691.129223490954
 20
434.2730996481853
 30
0.0
 11
4705.129223490954
 21
434.2730996481853
 31
0.0
  0
LINE
  5
852
330
2
100
AcDbEntity
  8
HALFEN-KONSOLANKER
100
AcDbLine
 10
4691.129223490954
 20
423.2730996481852
 30
0.0
 11
4705.129223490954
 21
423.2730996481852
 31
0.0
  0
LINE
  5
853
330
2
100
AcDbEntity
  8
HALFEN-KONSOLANKER
100
AcDbLine
 10
4696.129223490954
 20
415.7730996481852
 30
0.0
 11
4700.129223490954
 21
415.7730996481852
 31
0.0
  0
ARC
  5
854
330
2
100
AcDbEntity
  8
HALFEN-KONSOLANKER
100
AcDbCircle
 10
4691.129223490954
 20
428.7730996481853
 30
0.0
 40
5.5
100
AcDbArc
 50
90.0
 51
270.0
  0
LINE
  5
855
330
2
100
AcDbEntity
  8
HALFEN-KONSOLANKER
  6
MITTELLINIE
 62
     1
 48
10.0
100
AcDbLine
 10
4698.129223490954
 20
439.2730996481852
 30
0.0
 11
4698.129223490954
 21
418.2730996481852
 31
0.0
  0
POINT
  5
856
330
2
100
AcDbEntity
  8
HALFEN-KONSOLANKER
100
AcDbPoint
 10
4698.129223490954
 20
450.7730996481853
 30
0.0
  0
POINT
  5
857
330
2
100
AcDbEntity
  8
HALFEN-KONSOLANKER
100
AcDbPoint
 10
4698.129223490954
 20
450.7730996481853
 30
0.0
  0
ARC
  5
858
330
2
100
AcDbEntity
  8
HALFEN-KONSOLANKER
100
AcDbCircle
 10
4705.129223490954
 20
428.7730996481853
 30
0.0
 40
5.5
100
AcDbArc
 50
270.0
 51
90.0
  0
LINE
  5
859
330
2
100
AcDbEntity
  8
HALFEN-KONSOLANKER
100
AcDbLine
 10
5323.129223490955
 20
450.7730996481853
 30
0.0
 11
5323.129223490955
 21
300.7730996481853
 31
0.0
  0
LINE
  5
85A
330
2
100
AcDbEntity
  8
HALFEN-KONSOLANKER
100
AcDbLine
 10
4950.129223490954
 20
415.7730996481852
 30
0.0
 11
4950.129223490954
 21
306.7730996481853
 31
0.0
  0
LINE
  5
85B
330
2
100
AcDbEntity
  8
HALFEN-KONSOLANKER
100
AcDbLine
 10
4946.129223490954
 20
415.7730996481852
 30
0.0
 11
4946.129223490954
 21
306.7730996481853
 31
0.0
  0
LINE
  5
85C
330
2
100
AcDbEntity
  8
HALFEN-KONSOLANKER
100
AcDbLine
 10
4950.129223490954
 20
274.7730996481853
 30
0.0
 11
4950.129223490954
 21
165.7730996481852
 31
0.0
  0
LINE
  5
85D
330
2
100
AcDbEntity
  8
HALFEN-KONSOLANKER
100
AcDbLine
 10
4946.129223490954
 20
274.7730996481853
 30
0.0
 11
4946.129223490954
 21
165.7730996481852
 31
0.0
  0
LINE
  5
85E
330
2
100
AcDbEntity
  8
HALFEN-KONSOLANKER
100
AcDbLine
 10
4950.129223490954
 20
165.7730996481852
 30
0.0
 11
4946.129223490954
 21
165.7730996481852
 31
0.0
  0
LINE
  5
85F
330
2
100
AcDbEntity
  8
HALFEN-KONSOLANKER
  6
VERDECKT
 62
     1
100
AcDbLine
 10
4960.629223490954
 20
280.7730996481853
 30
0.0
 11
4960.629223490954
 21
274.7730996481853
 31
0.0
  0
LINE
  5
860
330
2
100
AcDbEntity
  8
HALFEN-KONSOLANKER
  6
MITTELLINIE
 62
     1
 48
10.0
100
AcDbLine
 10
4948.129223490955
 20
285.7730996481853
 30
0.0
 11
4948.129223490955
 21
269.7730996481853
 31
0.0
  0
LINE
  5
861
330
2
100
AcDbEntity
  8
HALFEN-KONSOLANKER
  6
VERDECKT
 62
     1
100
AcDbLine
 10
4935.629223490955
 20
274.7730996481853
 30
0.0
 11
4935.629223490955
 21
280.7730996481853
 31
0.0
  0
LINE
  5
862
330
2
100
AcDbEntity
  8
HALFEN-KONSOLANKER
100
AcDbLine
 10
5323.129223490955
 20
130.7730996481853
 30
0.0
 11
5323.129223490955
 21
280.7730996481853
 31
0.0
  0
LINE
  5
863
330
2
100
AcDbEntity
  8
HALFEN-KONSOLANKER
  6
MITTELLINIE
 62
     1
 48
10.0
100
AcDbLine
 10
4930.629223490954
 20
428.7730996481853
 30
0.0
 11
4965.629223490954
 21
428.7730996481853
 31
0.0
1001
GENIUS_GENODEF_13
1002
{
1000
HIER
1070
     0
1002
}
1002
{
1000
MANEDIT
1070
     0
1002
}
1002
{
1000
NOSEL
1070
     0
1002
}
1002
{
1000
BEHIND
1070
     0
1002
}
1002
{
1000
REACTOR
1002
}
1001
GENIUS_GENOBJ-N-CEN_13
1002
{
1000
OWNER
1000
GEN
1002
}
  0
LINE
  5
864
330
2
100
AcDbEntity
  8
HALFEN-KONSOLANKER
100
AcDbLine
 10
4941.129223490954
 20
434.2730996481853
 30
0.0
 11
4955.129223490954
 21
434.2730996481853
 31
0.0
  0
LINE
  5
865
330
2
100
AcDbEntity
  8
HALFEN-KONSOLANKER
100
AcDbLine
 10
4941.129223490954
 20
423.2730996481852
 30
0.0
 11
4955.129223490954
 21
423.2730996481852
 31
0.0
  0
LINE
  5
866
330
2
100
AcDbEntity
  8
HALFEN-KONSOLANKER
100
AcDbLine
 10
4946.129223490954
 20
415.7730996481852
 30
0.0
 11
4950.129223490954
 21
415.7730996481852
 31
0.0
  0
ARC
  5
867
330
2
100
AcDbEntity
  8
HALFEN-KONSOLANKER
100
AcDbCircle
 10
4941.129223490954
 20
428.7730996481853
 30
0.0
 40
5.5
100
AcDbArc
 50
90.0
 51
270.0
  0
LINE
  5
868
330
2
100
AcDbEntity
  8
HALFEN-KONSOLANKER
  6
MITTELLINIE
 62
     1
 48
10.0
100
AcDbLine
 10
4948.129223490955
 20
439.2730996481852
 30
0.0
 11
4948.129223490955
 21
418.2730996481852
 31
0.0
  0
ARC
  5
869
330
2
100
AcDbEntity
  8
HALFEN-KONSOLANKER
100
AcDbCircle
 10
4955.129223490954
 20
428.7730996481853
 30
0.0
 40
5.5
100
AcDbArc
 50
270.0
 51
90.0
  0
POINT
  5
86A
330
2
100
AcDbEntity
  8
HALFEN-KONSOLANKER
100
AcDbPoint
 10
4948.129223490955
 20
450.7730996481853
 30
0.0
  0
POINT
  5
86B
330
2
100
AcDbEntity
  8
HALFEN-KONSOLANKER
100
AcDbPoint
 10
4948.129223490955
 20
450.7730996481853
 30
0.0
  0
LINE
  5
86C
330
2
100
AcDbEntity
  8
HALFEN-KONSOLANKER
100
AcDbLine
 10
5363.129223490954
 20
-319.2269003518146
 30
0.0
 11
4613.129223490954
 21
-319.2269003518146
 31
0.0
  0
LINE
  5
86D
330
2
100
AcDbEntity
  8
HALFEN-KONSOLANKER
100
AcDbLine
 10
4613.129223490954
 20
40.77309964818539
 30
0.0
 11
5363.129223490954
 21
40.77309964818539
 31
0.0
  0
LINE
  5
86E
330
2
100
AcDbEntity
  8
HALFEN-KONSOLANKER
100
AcDbLine
 10
5363.129223490954
 20
-155.2269003518146
 30
0.0
 11
4613.129223490954
 21
-155.2269003518146
 31
0.0
  0
LINE
  5
86F
330
2
100
AcDbEntity
  8
HALFEN-KONSOLANKER
100
AcDbLine
 10
4613.129223490954
 20
-123.2269003518146
 30
0.0
 11
5363.129223490954
 21
-123.2269003518146
 31
0.0
  0
LINE
  5
870
330
2
100
AcDbEntity
  8
HALFEN-KONSOLANKER
100
AcDbLine
 10
4613.129223490954
 20
-129.2269003518146
 30
0.0
 11
5363.129223490954
 21
-129.2269003518146
 31
0.0
  0
LINE
  5
871
330
2
100
AcDbEntity
  8
HALFEN-KONSOLANKER
100
AcDbLine
 10
5363.129223490954
 20
-149.2269003518146
 30
0.0
 11
4613.129223490954
 21
-149.2269003518146
 31
0.0
  0
LINE
  5
872
330
2
100
AcDbEntity
  8
HALFEN-KONSOLANKER
100
AcDbLine
 10
4613.129223490954
 20
-319.2269003518146
 30
0.0
 11
4613.129223490954
 21
-149.2269003518146
 31
0.0
  0
LINE
  5
873
330
2
100
AcDbEntity
  8
HALFEN-KONSOLANKER
100
AcDbLine
 10
4736.129223490954
 20
-155.2269003518146
 30
0.0
 11
4736.129223490954
 21
-284.2269003518146
 31
0.0
  0
LINE
  5
874
330
2
100
AcDbEntity
  8
HALFEN-KONSOLANKER
100
AcDbLine
 10
4740.129223490954
 20
-155.2269003518146
 30
0.0
 11
4740.129223490954
 21
-284.2269003518146
 31
0.0
  0
LINE
  5
875
330
2
100
AcDbEntity
  8
HALFEN-KONSOLANKER
100
AcDbLine
 10
4740.129223490954
 20
-284.2269003518146
 30
0.0
 11
4736.129223490954
 21
-284.2269003518146
 31
0.0
  0
LINE
  5
876
330
2
100
AcDbEntity
  8
HALFEN-KONSOLANKER
100
AcDbLine
 10
4581.129223490954
 20
-123.2269003518146
 30
0.0
 11
4423.129223490954
 21
-123.2269003518146
 31
0.0
  0
LINE
  5
877
330
2
100
AcDbEntity
  8
HALFEN-KONSOLANKER
100
AcDbLine
 10
4581.129223490954
 20
-129.2269003518146
 30
0.0
 11
4423.129223490954
 21
-129.2269003518146
 31
0.0
  0
LINE
  5
878
330
2
100
AcDbEntity
  8
HALFEN-KONSOLANKER
100
AcDbLine
 10
4587.129223490954
 20
-36.65330722300803
 30
0.0
 11
4500.555630362148
 21
-123.2269003518146
 31
0.0
  0
LINE
  5
879
330
2
100
AcDbEntity
  8
HALFEN-KONSOLANKER
100
AcDbLine
 10
4587.129223490954
 20
5.773099648185052
 30
0.0
 11
4458.129223490954
 21
-123.2269003518146
 31
0.0
  0
TEXT
  5
87A
330
2
100
AcDbEntity
  8
HALFEN-KONSOLANKER
100
AcDbText
 10
4478.129223490954
 20
73.27309964818539
 30
0.0
 40
5.0
  1
Halfen Konsolwinkel KWL - 3,2 - 170 - 750
  7
ARIAL50
100
AcDbText
  0
LINE
  5
87B
330
2
100
AcDbEntity
  8
HALFEN-KONSOLANKER
100
AcDbLine
 10
4423.129223490954
 20
52.77309964818539
 30
0.0
 11
4623.129223490955
 21
52.77309964818539
 31
0.0
  0
LINE
  5
87C
330
2
100
AcDbEntity
  8
HALFEN-KONSOLANKER
100
AcDbLine
 10
4423.129223490954
 20
62.77309964818539
 30
0.0
 11
4623.129223490955
 21
62.77309964818539
 31
0.0
  0
LINE
  5
87D
330
2
100
AcDbEntity
  8
HALFEN-KONSOLANKER
100
AcDbLine
 10
4423.129223490954
 20
80.77309964818539
 30
0.0
 11
4623.129223490955
 21
80.77309964818539
 31
0.0
  0
TEXT
  5
87E
330
2
100
AcDbEntity
  8
HALFEN-KONSOLANKER
100
AcDbText
 10
4423.129223490954
 20
83.27309964818539
 30
0.0
 40
5.0
  1
A4
  7
ARIAL50
100
AcDbText
  0
LINE
  5
87F
330
2
100
AcDbEntity
  8
HALFEN-KONSOLANKER
100
AcDbLine
 10
4423.129223490954
 20
-123.2269003518146
 30
0.0
 11
4423.129223490954
 21
-129.2269003518146
 31
0.0
  0
TEXT
  5
880
330
2
100
AcDbEntity
  8
HALFEN-KONSOLANKER
100
AcDbText
 10
4428.129223490954
 20
55.27309964818539
 30
0.0
 40
5.0
  1
Id. Nr.
  7
ARIAL50
100
AcDbText
  0
TEXT
  5
881
330
2
100
AcDbEntity
  8
HALFEN-KONSOLANKER
100
AcDbText
 10
4428.129223490954
 20
73.27309964818539
 30
0.0
 40
5.0
  1
Benennung
  7
ARIAL50
100
AcDbText
  0
LINE
  5
882
330
2
100
AcDbEntity
  8
HALFEN-KONSOLANKER
100
AcDbLine
 10
4423.129223490954
 20
52.77309964818539
 30
0.0
 11
4423.129223490954
 21
80.77309964818539
 31
0.0
  0
TEXT
  5
883
330
2
100
AcDbEntity
  8
HALFEN-KONSOLANKER
100
AcDbText
 10
4478.129223490954
 20
55.27309964818539
 30
0.0
 40
5.0
  1
0112.010-00029
  7
ARIAL50
100
AcDbText
  0
LINE
  5
884
330
2
100
AcDbEntity
  8
HALFEN-KONSOLANKER
100
AcDbLine
 10
4473.129223490954
 20
52.77309964818539
 30
0.0
 11
4473.129223490954
 21
80.77309964818539
 31
0.0
  0
LINE
  5
885
330
2
100
AcDbEntity
  8
HALFEN-KONSOLANKER
100
AcDbLine
 10
4593.129223490953
 20
40.77309964818539
 30
0.0
 11
4593.129223490953
 21
-117.2269003518146
 31
0.0
  0
LINE
  5
886
330
2
100
AcDbEntity
  8
HALFEN-KONSOLANKER
100
AcDbLine
 10
4587.129223490954
 20
40.77309964818539
 30
0.0
 11
4587.129223490954
 21
-117.2269003518146
 31
0.0
  0
LINE
  5
887
330
2
100
AcDbEntity
  8
HALFEN-KONSOLANKER
100
AcDbLine
 10
4613.129223490954
 20
40.77309964818539
 30
0.0
 11
4613.129223490954
 21
-129.2269003518146
 31
0.0
  0
ARC
  5
888
330
2
100
AcDbEntity
  8
HALFEN-KONSOLANKER
100
AcDbCircle
 10
4581.129223490954
 20
-117.2269003518146
 30
0.0
 40
12.0
100
AcDbArc
 50
270.0
 51
0.0
1001
GENIUS_GENODEF_13
1002
{
1000
HIER
1070
     0
1002
}
1002
{
1000
MANEDIT
1070
     0
1002
}
1002
{
1000
NOSEL
1070
     0
1002
}
1002
{
1000
BEHIND
1070
     0
1002
}
1002
{
1000
REACTOR
1002
}
1001
GENIUS_GENOBJ-N-FIL_13
1002
{
1000
OWNER
1000
GEN
1002
}
  0
ARC
  5
889
330
2
100
AcDbEntity
  8
HALFEN-KONSOLANKER
100
AcDbCircle
 10
4581.129223490954
 20
-117.2269003518146
 30
0.0
 40
6.0
100
AcDbArc
 50
270.0
 51
0.0
1001
GENIUS_GENODEF_13
1002
{
1000
HIER
1070
     0
1002
}
1002
{
1000
MANEDIT
1070
     0
1002
}
1002
{
1000
NOSEL
1070
     0
1002
}
1002
{
1000
BEHIND
1070
     0
1002
}
1002
{
1000
REACTOR
1002
}
1001
GENIUS_GENOBJ-N-FIL_13
1002
{
1000
OWNER
1000
GEN
1002
}
  0
LINE
  5
88A
330
2
100
AcDbEntity
  8
HALFEN-KONSOLANKER
  6
VERDECKT
 62
     1
100
AcDbLine
 10
4587.129223490954
 20
13.27309964818539
 30
0.0
 11
4593.129223490953
 21
13.27309964818539
 31
0.0
  0
LINE
  5
88B
330
2
100
AcDbEntity
  8
HALFEN-KONSOLANKER
  6
MITTELLINIE
 62
     1
 48
10.0
100
AcDbLine
 10
4582.129223490954
 20
18.77309964818539
 30
0.0
 11
4598.129223490954
 21
18.77309964818539
 31
0.0
1001
GENIUS_GENODEF_13
1002
{
1000
HIER
1070
     0
1002
}
1002
{
1000
MANEDIT
1070
     0
1002
}
1002
{
1000
NOSEL
1070
     0
1002
}
1002
{
1000
BEHIND
1070
     0
1002
}
1002
{
1000
REACTOR
1002
}
1001
GENIUS_GENOBJ-N-CEN_13
1002
{
1000
OWNER
1000
GEN
1002
}
  0
LINE
  5
88C
330
2
100
AcDbEntity
  8
HALFEN-KONSOLANKER
100
AcDbLine
 10
4587.129223490954
 20
40.77309964818539
 30
0.0
 11
4593.129223490953
 21
40.77309964818539
 31
0.0
  0
LINE
  5
88D
330
2
100
AcDbEntity
  8
HALFEN-KONSOLANKER
  6
VERDECKT
 62
     1
100
AcDbLine
 10
4587.129223490954
 20
24.27309964818539
 30
0.0
 11
4593.129223490953
 21
24.27309964818539
 31
0.0
  0
LINE
  5
88E
330
2
100
AcDbEntity
  8
HALFEN-KONSOLANKER
100
AcDbLine
 10
4623.129223490955
 20
52.77309964818539
 30
0.0
 11
4623.129223490955
 21
80.77309964818539
 31
0.0
  0
LINE
  5
88F
330
2
100
AcDbEntity
  8
HALFEN-KONSOLANKER
100
AcDbLine
 10
4740.129223490954
 20
5.773099648185393
 30
0.0
 11
4740.129223490954
 21
-123.2269003518146
 31
0.0
  0
LINE
  5
890
330
2
100
AcDbEntity
  8
HALFEN-KONSOLANKER
100
AcDbLine
 10
4736.129223490954
 20
5.773099648185393
 30
0.0
 11
4736.129223490954
 21
-123.2269003518146
 31
0.0
  0
LINE
  5
891
330
2
100
AcDbEntity
  8
HALFEN-KONSOLANKER
  6
VERDECKT
 62
     1
100
AcDbLine
 10
4725.629223490954
 20
-155.2269003518146
 30
0.0
 11
4725.629223490954
 21
-149.2269003518146
 31
0.0
  0
LINE
  5
892
330
2
100
AcDbEntity
  8
HALFEN-KONSOLANKER
  6
MITTELLINIE
 62
     1
 48
10.0
100
AcDbLine
 10
4738.129223490954
 20
-144.2269003518146
 30
0.0
 11
4738.129223490954
 21
-160.2269003518146
 31
0.0
  0
LINE
  5
893
330
2
100
AcDbEntity
  8
HALFEN-KONSOLANKER
  6
VERDECKT
 62
     1
100
AcDbLine
 10
4750.629223490954
 20
-149.2269003518146
 30
0.0
 11
4750.629223490954
 21
-155.2269003518146
 31
0.0
  0
ARC
  5
894
330
2
100
AcDbEntity
  8
HALFEN-KONSOLANKER
100
AcDbCircle
 10
4731.129223490954
 20
18.77309964818539
 30
0.0
 40
5.5
100
AcDbArc
 50
90.0
 51
270.0
  0
LINE
  5
895
330
2
100
AcDbEntity
  8
HALFEN-KONSOLANKER
  6
MITTELLINIE
 62
     1
 48
10.0
100
AcDbLine
 10
4738.129223490954
 20
29.27309964818539
 30
0.0
 11
4738.129223490954
 21
8.273099648185393
 31
0.0
  0
ARC
  5
896
330
2
100
AcDbEntity
  8
HALFEN-KONSOLANKER
100
AcDbCircle
 10
4745.129223490955
 20
18.77309964818539
 30
0.0
 40
5.5
100
AcDbArc
 50
270.0
 51
90.0
  0
LINE
  5
897
330
2
100
AcDbEntity
  8
HALFEN-KONSOLANKER
100
AcDbLine
 10
4731.129223490954
 20
13.27309964818539
 30
0.0
 11
4745.129223490955
 21
13.27309964818539
 31
0.0
  0
LINE
  5
898
330
2
100
AcDbEntity
  8
HALFEN-KONSOLANKER
  6
MITTELLINIE
 62
     1
 48
10.0
100
AcDbLine
 10
4720.629223490954
 20
18.77309964818539
 30
0.0
 11
4755.629223490954
 21
18.77309964818539
 31
0.0
1001
GENIUS_GENODEF_13
1002
{
1000
HIER
1070
     0
1002
}
1002
{
1000
MANEDIT
1070
     0
1002
}
1002
{
1000
NOSEL
1070
     0
1002
}
1002
{
1000
BEHIND
1070
     0
1002
}
1002
{
1000
REACTOR
1002
}
1001
GENIUS_GENOBJ-N-CEN_13
1002
{
1000
OWNER
1000
GEN
1002
}
  0
LINE
  5
899
330
2
100
AcDbEntity
  8
HALFEN-KONSOLANKER
100
AcDbLine
 10
4736.129223490954
 20
5.773099648185393
 30
0.0
 11
4740.129223490954
 21
5.773099648185393
 31
0.0
  0
LINE
  5
89A
330
2
100
AcDbEntity
  8
HALFEN-KONSOLANKER
100
AcDbLine
 10
4731.129223490954
 20
24.27309964818539
 30
0.0
 11
4745.129223490955
 21
24.27309964818539
 31
0.0
  0
POINT
  5
89B
330
2
100
AcDbEntity
  8
HALFEN-KONSOLANKER
100
AcDbPoint
 10
4738.129223490954
 20
40.77309964818539
 30
0.0
  0
POINT
  5
89C
330
2
100
AcDbEntity
  8
HALFEN-KONSOLANKER
100
AcDbPoint
 10
4738.129223490954
 20
40.77309964818539
 30
0.0
  0
LINE
  5
89D
330
2
100
AcDbEntity
  8
HALFEN-KONSOLANKER
100
AcDbLine
 10
5363.129223490954
 20
-319.2269003518146
 30
0.0
 11
5363.129223490954
 21
-149.2269003518146
 31
0.0
  0
LINE
  5
89E
330
2
100
AcDbEntity
  8
HALFEN-KONSOLANKER
100
AcDbLine
 10
4990.129223490954
 20
-155.2269003518146
 30
0.0
 11
4990.129223490954
 21
-284.2269003518146
 31
0.0
  0
LINE
  5
89F
330
2
100
AcDbEntity
  8
HALFEN-KONSOLANKER
100
AcDbLine
 10
4986.129223490954
 20
-155.2269003518146
 30
0.0
 11
4986.129223490954
 21
-284.2269003518146
 31
0.0
  0
LINE
  5
8A0
330
2
100
AcDbEntity
  8
HALFEN-KONSOLANKER
100
AcDbLine
 10
4990.129223490954
 20
-284.2269003518146
 30
0.0
 11
4986.129223490954
 21
-284.2269003518146
 31
0.0
  0
LINE
  5
8A1
330
2
100
AcDbEntity
  8
HALFEN-KONSOLANKER
100
AcDbLine
 10
4981.129223490954
 20
24.27309964818539
 30
0.0
 11
4995.129223490955
 21
24.27309964818539
 31
0.0
  0
LINE
  5
8A2
330
2
100
AcDbEntity
  8
HALFEN-KONSOLANKER
100
AcDbLine
 10
4981.129223490954
 20
13.27309964818539
 30
0.0
 11
4995.129223490955
 21
13.27309964818539
 31
0.0
  0
LINE
  5
8A3
330
2
100
AcDbEntity
  8
HALFEN-KONSOLANKER
100
AcDbLine
 10
4986.129223490954
 20
5.773099648185393
 30
0.0
 11
4990.129223490954
 21
5.773099648185393
 31
0.0
  0
LINE
  5
8A4
330
2
100
AcDbEntity
  8
HALFEN-KONSOLANKER
  6
MITTELLINIE
 62
     1
 48
10.0
100
AcDbLine
 10
4970.629223490954
 20
18.77309964818539
 30
0.0
 11
5005.629223490954
 21
18.77309964818539
 31
0.0
1001
GENIUS_GENODEF_13
1002
{
1000
HIER
1070
     0
1002
}
1002
{
1000
MANEDIT
1070
     0
1002
}
1002
{
1000
NOSEL
1070
     0
1002
}
1002
{
1000
BEHIND
1070
     0
1002
}
1002
{
1000
REACTOR
1002
}
1001
GENIUS_GENOBJ-N-CEN_13
1002
{
1000
OWNER
1000
GEN
1002
}
  0
LINE
  5
8A5
330
2
100
AcDbEntity
  8
HALFEN-KONSOLANKER
100
AcDbLine
 10
4986.129223490954
 20
5.773099648185393
 30
0.0
 11
4986.129223490954
 21
-123.2269003518146
 31
0.0
  0
LINE
  5
8A6
330
2
100
AcDbEntity
  8
HALFEN-KONSOLANKER
  6
MITTELLINIE
 62
     1
 48
10.0
100
AcDbLine
 10
4988.129223490954
 20
-144.2269003518146
 30
0.0
 11
4988.129223490954
 21
-160.2269003518146
 31
0.0
  0
LINE
  5
8A7
330
2
100
AcDbEntity
  8
HALFEN-KONSOLANKER
  6
VERDECKT
 62
     1
100
AcDbLine
 10
4975.629223490955
 20
-155.2269003518146
 30
0.0
 11
4975.629223490955
 21
-149.2269003518146
 31
0.0
  0
ARC
  5
8A8
330
2
100
AcDbEntity
  8
HALFEN-KONSOLANKER
100
AcDbCircle
 10
4981.129223490954
 20
18.77309964818539
 30
0.0
 40
5.5
100
AcDbArc
 50
90.0
 51
270.0
  0
LINE
  5
8A9
330
2
100
AcDbEntity
  8
HALFEN-KONSOLANKER
  6
MITTELLINIE
 62
     1
 48
10.0
100
AcDbLine
 10
4988.129223490954
 20
29.27309964818539
 30
0.0
 11
4988.129223490954
 21
8.273099648185393
 31
0.0
  0
POINT
  5
8AA
330
2
100
AcDbEntity
  8
HALFEN-KONSOLANKER
100
AcDbPoint
 10
4988.129223490954
 20
40.77309964818539
 30
0.0
  0
POINT
  5
8AB
330
2
100
AcDbEntity
  8
HALFEN-KONSOLANKER
100
AcDbPoint
 10
4988.129223490954
 20
40.77309964818539
 30
0.0
  0
LINE
  5
8AC
330
2
100
AcDbEntity
  8
HALFEN-KONSOLANKER
100
AcDbLine
 10
5363.129223490954
 20
40.77309964818539
 30
0.0
 11
5363.129223490954
 21
-129.2269003518146
 31
0.0
  0
LINE
  5
8AD
330
2
100
AcDbEntity
  8
HALFEN-KONSOLANKER
100
AcDbLine
 10
4990.129223490954
 20
5.773099648185393
 30
0.0
 11
4990.129223490954
 21
-123.2269003518146
 31
0.0
  0
LINE
  5
8AE
330
2
100
AcDbEntity
  8
HALFEN-KONSOLANKER
  6
VERDECKT
 62
     1
100
AcDbLine
 10
5000.629223490954
 20
-149.2269003518146
 30
0.0
 11
5000.629223490954
 21
-155.2269003518146
 31
0.0
  0
ARC
  5
8AF
330
2
100
AcDbEntity
  8
HALFEN-KONSOLANKER
100
AcDbCircle
 10
4995.129223490955
 20
18.77309964818539
 30
0.0
 40
5.5
100
AcDbArc
 50
270.0
 51
90.0
  0
LINE
  5
8B0
330
2
100
AcDbEntity
  8
HALFEN-KONSOLANKER
100
AcDbLine
 10
3893.129223490954
 20
-409.2269003518143
 30
0.0
 11
4393.129223490954
 21
-409.2269003518143
 31
0.0
  0
LINE
  5
8B1
330
2
100
AcDbEntity
  8
HALFEN-KONSOLANKER
100
AcDbLine
 10
4393.129223490954
 20
-619.2269003518143
 30
0.0
 11
3893.129223490954
 21
-619.2269003518143
 31
0.0
  0
LINE
  5
8B2
330
2
100
AcDbEntity
  8
HALFEN-KONSOLANKER
100
AcDbLine
 10
3893.129223490954
 20
-599.2269003518144
 30
0.0
 11
4393.129223490954
 21
-599.2269003518144
 31
0.0
  0
LINE
  5
8B3
330
2
100
AcDbEntity
  8
HALFEN-KONSOLANKER
100
AcDbLine
 10
3893.129223490954
 20
-593.2269003518143
 30
0.0
 11
4393.129223490954
 21
-593.2269003518143
 31
0.0
  0
LINE
  5
8B4
330
2
100
AcDbEntity
  8
HALFEN-KONSOLANKER
100
AcDbLine
 10
4393.129223490954
 20
-625.2269003518144
 30
0.0
 11
3893.129223490954
 21
-625.2269003518144
 31
0.0
  0
LINE
  5
8B5
330
2
100
AcDbEntity
  8
HALFEN-KONSOLANKER
100
AcDbLine
 10
4393.129223490954
 20
-809.2269003518143
 30
0.0
 11
3893.129223490954
 21
-809.2269003518143
 31
0.0
  0
LINE
  5
8B6
330
2
100
AcDbEntity
  8
HALFEN-KONSOLANKER
100
AcDbLine
 10
3893.129223490954
 20
-809.2269003518143
 30
0.0
 11
3893.129223490954
 21
-619.2269003518143
 31
0.0
  0
LINE
  5
8B7
330
2
100
AcDbEntity
  8
HALFEN-KONSOLANKER
100
AcDbLine
 10
3867.129223490954
 20
-444.2269003518147
 30
0.0
 11
3718.129223490954
 21
-593.2269003518143
 31
0.0
  0
LINE
  5
8B8
330
2
100
AcDbEntity
  8
HALFEN-KONSOLANKER
100
AcDbLine
 10
3867.129223490954
 20
-486.6533072230078
 30
0.0
 11
3760.555630362148
 21
-593.2269003518143
 31
0.0
  0
LINE
  5
8B9
330
2
100
AcDbEntity
  8
HALFEN-KONSOLANKER
100
AcDbLine
 10
3861.129223490954
 20
-599.2269003518144
 30
0.0
 11
3683.129223490954
 21
-599.2269003518144
 31
0.0
  0
LINE
  5
8BA
330
2
100
AcDbEntity
  8
HALFEN-KONSOLANKER
100
AcDbLine
 10
3861.129223490954
 20
-593.2269003518143
 30
0.0
 11
3683.129223490954
 21
-593.2269003518143
 31
0.0
  0
TEXT
  5
8BB
330
2
100
AcDbEntity
  8
HALFEN-KONSOLANKER
100
AcDbText
 10
3738.129223490954
 20
-376.7269003518144
 30
0.0
 40
5.0
  1
Halfen Konsolwinkel KWL - 3,2 - 190 - 500
  7
ARIAL50
100
AcDbText
  0
LINE
  5
8BC
330
2
100
AcDbEntity
  8
HALFEN-KONSOLANKER
100
AcDbLine
 10
3683.129223490954
 20
-369.2269003518144
 30
0.0
 11
3883.129223490954
 21
-369.2269003518144
 31
0.0
  0
LINE
  5
8BD
330
2
100
AcDbEntity
  8
HALFEN-KONSOLANKER
100
AcDbLine
 10
3683.129223490954
 20
-387.2269003518144
 30
0.0
 11
3883.129223490954
 21
-387.2269003518144
 31
0.0
  0
LINE
  5
8BE
330
2
100
AcDbEntity
  8
HALFEN-KONSOLANKER
100
AcDbLine
 10
3683.129223490954
 20
-397.2269003518144
 30
0.0
 11
3883.129223490954
 21
-397.2269003518144
 31
0.0
  0
LINE
  5
8BF
330
2
100
AcDbEntity
  8
HALFEN-KONSOLANKER
100
AcDbLine
 10
3683.129223490954
 20
-593.2269003518143
 30
0.0
 11
3683.129223490954
 21
-599.2269003518144
 31
0.0
  0
TEXT
  5
8C0
330
2
100
AcDbEntity
  8
HALFEN-KONSOLANKER
100
AcDbText
 10
3688.129223490954
 20
-376.7269003518144
 30
0.0
 40
5.0
  1
Benennung
  7
ARIAL50
100
AcDbText
  0
TEXT
  5
8C1
330
2
100
AcDbEntity
  8
HALFEN-KONSOLANKER
100
AcDbText
 10
3688.129223490954
 20
-394.7269003518144
 30
0.0
 40
5.0
  1
Id. Nr.
  7
ARIAL50
100
AcDbText
  0
LINE
  5
8C2
330
2
100
AcDbEntity
  8
HALFEN-KONSOLANKER
100
AcDbLine
 10
3683.129223490954
 20
-397.2269003518144
 30
0.0
 11
3683.129223490954
 21
-369.2269003518144
 31
0.0
  0
TEXT
  5
8C3
330
2
100
AcDbEntity
  8
HALFEN-KONSOLANKER
100
AcDbText
 10
3683.129223490954
 20
-366.7269003518144
 30
0.0
 40
5.0
  1
A4
  7
ARIAL50
100
AcDbText
  0
TEXT
  5
8C4
330
2
100
AcDbEntity
  8
HALFEN-KONSOLANKER
100
AcDbText
 10
3738.129223490954
 20
-394.7269003518144
 30
0.0
 40
5.0
  1
0112.010-00031
  7
ARIAL50
100
AcDbText
  0
LINE
  5
8C5
330
2
100
AcDbEntity
  8
HALFEN-KONSOLANKER
100
AcDbLine
 10
3733.129223490954
 20
-397.2269003518144
 30
0.0
 11
3733.129223490954
 21
-369.2269003518144
 31
0.0
  0
LINE
  5
8C6
330
2
100
AcDbEntity
  8
HALFEN-KONSOLANKER
100
AcDbLine
 10
4016.129223490954
 20
-444.2269003518143
 30
0.0
 11
4016.129223490954
 21
-593.2269003518143
 31
0.0
  0
LINE
  5
8C7
330
2
100
AcDbEntity
  8
HALFEN-KONSOLANKER
100
AcDbLine
 10
4020.129223490953
 20
-444.2269003518143
 30
0.0
 11
4020.129223490953
 21
-593.2269003518143
 31
0.0
  0
LINE
  5
8C8
330
2
100
AcDbEntity
  8
HALFEN-KONSOLANKER
100
AcDbLine
 10
3893.129223490954
 20
-409.2269003518143
 30
0.0
 11
3893.129223490954
 21
-599.2269003518144
 31
0.0
  0
LINE
  5
8C9
330
2
100
AcDbEntity
  8
HALFEN-KONSOLANKER
100
AcDbLine
 10
3867.129223490954
 20
-409.2269003518143
 30
0.0
 11
3867.129223490954
 21
-587.2269003518144
 31
0.0
  0
LINE
  5
8CA
330
2
100
AcDbEntity
  8
HALFEN-KONSOLANKER
100
AcDbLine
 10
3873.129223490954
 20
-409.2269003518143
 30
0.0
 11
3873.129223490954
 21
-587.2269003518144
 31
0.0
  0
ARC
  5
8CB
330
2
100
AcDbEntity
  8
HALFEN-KONSOLANKER
100
AcDbCircle
 10
3861.129223490954
 20
-587.2269003518144
 30
0.0
 40
6.0
100
AcDbArc
 50
270.0
 51
0.0
1001
GENIUS_GENODEF_13
1002
{
1000
HIER
1070
     0
1002
}
1002
{
1000
MANEDIT
1070
     0
1002
}
1002
{
1000
NOSEL
1070
     0
1002
}
1002
{
1000
BEHIND
1070
     0
1002
}
1002
{
1000
REACTOR
1002
}
1001
GENIUS_GENOBJ-N-FIL_13
1002
{
1000
OWNER
1000
GEN
1002
}
  0
ARC
  5
8CC
330
2
100
AcDbEntity
  8
HALFEN-KONSOLANKER
100
AcDbCircle
 10
3861.129223490954
 20
-587.2269003518144
 30
0.0
 40
12.0
100
AcDbArc
 50
270.0
 51
0.0
1001
GENIUS_GENODEF_13
1002
{
1000
HIER
1070
     0
1002
}
1002
{
1000
MANEDIT
1070
     0
1002
}
1002
{
1000
NOSEL
1070
     0
1002
}
1002
{
1000
BEHIND
1070
     0
1002
}
1002
{
1000
REACTOR
1002
}
1001
GENIUS_GENOBJ-N-FIL_13
1002
{
1000
OWNER
1000
GEN
1002
}
  0
LINE
  5
8CD
330
2
100
AcDbEntity
  8
HALFEN-KONSOLANKER
100
AcDbLine
 10
4016.129223490954
 20
-625.2269003518144
 30
0.0
 11
4016.129223490954
 21
-774.2269003518144
 31
0.0
  0
LINE
  5
8CE
330
2
100
AcDbEntity
  8
HALFEN-KONSOLANKER
100
AcDbLine
 10
4020.129223490953
 20
-625.2269003518144
 30
0.0
 11
4020.129223490953
 21
-774.2269003518144
 31
0.0
  0
LINE
  5
8CF
330
2
100
AcDbEntity
  8
HALFEN-KONSOLANKER
100
AcDbLine
 10
4020.129223490953
 20
-774.2269003518144
 30
0.0
 11
4016.129223490954
 21
-774.2269003518144
 31
0.0
  0
LINE
  5
8D0
330
2
100
AcDbEntity
  8
HALFEN-KONSOLANKER
  6
VERDECKT
 62
     1
100
AcDbLine
 10
4030.629223490953
 20
-619.2269003518143
 30
0.0
 11
4030.629223490953
 21
-625.2269003518144
 31
0.0
  0
LINE
  5
8D1
330
2
100
AcDbEntity
  8
HALFEN-KONSOLANKER
  6
MITTELLINIE
 62
     1
 48
10.0
100
AcDbLine
 10
4018.129223490954
 20
-614.2269003518143
 30
0.0
 11
4018.129223490954
 21
-630.2269003518143
 31
0.0
  0
LINE
  5
8D2
330
2
100
AcDbEntity
  8
HALFEN-KONSOLANKER
  6
VERDECKT
 62
     1
100
AcDbLine
 10
4005.629223490954
 20
-625.2269003518144
 30
0.0
 11
4005.629223490954
 21
-619.2269003518143
 31
0.0
  0
LINE
  5
8D3
330
2
100
AcDbEntity
  8
HALFEN-KONSOLANKER
  6
VERDECKT
 62
     1
100
AcDbLine
 10
3867.129223490954
 20
-436.7269003518144
 30
0.0
 11
3873.129223490954
 21
-436.7269003518144
 31
0.0
  0
LINE
  5
8D4
330
2
100
AcDbEntity
  8
HALFEN-KONSOLANKER
  6
VERDECKT
 62
     1
100
AcDbLine
 10
3867.129223490954
 20
-425.7269003518143
 30
0.0
 11
3873.129223490954
 21
-425.7269003518143
 31
0.0
  0
LINE
  5
8D5
330
2
100
AcDbEntity
  8
HALFEN-KONSOLANKER
  6
MITTELLINIE
 62
     1
 48
10.0
100
AcDbLine
 10
3862.129223490954
 20
-431.2269003518143
 30
0.0
 11
3878.129223490954
 21
-431.2269003518143
 31
0.0
1001
GENIUS_GENODEF_13
1002
{
1000
HIER
1070
     0
1002
}
1002
{
1000
MANEDIT
1070
     0
1002
}
1002
{
1000
NOSEL
1070
     0
1002
}
1002
{
1000
BEHIND
1070
     0
1002
}
1002
{
1000
REACTOR
1002
}
1001
GENIUS_GENOBJ-N-CEN_13
1002
{
1000
OWNER
1000
GEN
1002
}
  0
LINE
  5
8D6
330
2
100
AcDbEntity
  8
HALFEN-KONSOLANKER
100
AcDbLine
 10
3867.129223490954
 20
-409.2269003518143
 30
0.0
 11
3873.129223490954
 21
-409.2269003518143
 31
0.0
  0
LINE
  5
8D7
330
2
100
AcDbEntity
  8
HALFEN-KONSOLANKER
100
AcDbLine
 10
3883.129223490954
 20
-397.2269003518144
 30
0.0
 11
3883.129223490954
 21
-369.2269003518144
 31
0.0
  0
LINE
  5
8D8
330
2
100
AcDbEntity
  8
HALFEN-KONSOLANKER
  6
MITTELLINIE
 62
     1
 48
10.0
100
AcDbLine
 10
4000.629223490953
 20
-431.2269003518143
 30
0.0
 11
4035.629223490953
 21
-431.2269003518143
 31
0.0
1001
GENIUS_GENODEF_13
1002
{
1000
HIER
1070
     0
1002
}
1002
{
1000
MANEDIT
1070
     0
1002
}
1002
{
1000
NOSEL
1070
     0
1002
}
1002
{
1000
BEHIND
1070
     0
1002
}
1002
{
1000
REACTOR
1002
}
1001
GENIUS_GENOBJ-N-CEN_13
1002
{
1000
OWNER
1000
GEN
1002
}
  0
ARC
  5
8D9
330
2
100
AcDbEntity
  8
HALFEN-KONSOLANKER
100
AcDbCircle
 10
4025.129223490954
 20
-431.2269003518143
 30
0.0
 40
5.5
100
AcDbArc
 50
270.0
 51
90.0
  0
ARC
  5
8DA
330
2
100
AcDbEntity
  8
HALFEN-KONSOLANKER
100
AcDbCircle
 10
4011.129223490954
 20
-431.2269003518143
 30
0.0
 40
5.5
100
AcDbArc
 50
90.0
 51
270.0
  0
LINE
  5
8DB
330
2
100
AcDbEntity
  8
HALFEN-KONSOLANKER
  6
MITTELLINIE
 62
     1
 48
10.0
100
AcDbLine
 10
4018.129223490954
 20
-420.7269003518144
 30
0.0
 11
4018.129223490954
 21
-441.7269003518144
 31
0.0
  0
LINE
  5
8DC
330
2
100
AcDbEntity
  8
HALFEN-KONSOLANKER
100
AcDbLine
 10
4016.129223490954
 20
-444.2269003518143
 30
0.0
 11
4020.129223490953
 21
-444.2269003518143
 31
0.0
  0
LINE
  5
8DD
330
2
100
AcDbEntity
  8
HALFEN-KONSOLANKER
100
AcDbLine
 10
4011.129223490954
 20
-436.7269003518144
 30
0.0
 11
4025.129223490954
 21
-436.7269003518144
 31
0.0
  0
LINE
  5
8DE
330
2
100
AcDbEntity
  8
HALFEN-KONSOLANKER
100
AcDbLine
 10
4011.129223490954
 20
-425.7269003518143
 30
0.0
 11
4025.129223490954
 21
-425.7269003518143
 31
0.0
  0
POINT
  5
8DF
330
2
100
AcDbEntity
  8
HALFEN-KONSOLANKER
100
AcDbPoint
 10
4018.129223490954
 20
-409.2269003518143
 30
0.0
  0
POINT
  5
8E0
330
2
100
AcDbEntity
  8
HALFEN-KONSOLANKER
100
AcDbPoint
 10
4018.129223490954
 20
-409.2269003518143
 30
0.0
  0
LINE
  5
8E1
330
2
100
AcDbEntity
  8
HALFEN-KONSOLANKER
100
AcDbLine
 10
4393.129223490954
 20
-809.2269003518143
 30
0.0
 11
4393.129223490954
 21
-619.2269003518143
 31
0.0
  0
LINE
  5
8E2
330
2
100
AcDbEntity
  8
HALFEN-KONSOLANKER
100
AcDbLine
 10
4270.129223490954
 20
-444.2269003518143
 30
0.0
 11
4270.129223490954
 21
-593.2269003518143
 31
0.0
  0
LINE
  5
8E3
330
2
100
AcDbEntity
  8
HALFEN-KONSOLANKER
100
AcDbLine
 10
4266.129223490954
 20
-444.2269003518143
 30
0.0
 11
4266.129223490954
 21
-593.2269003518143
 31
0.0
  0
LINE
  5
8E4
330
2
100
AcDbEntity
  8
HALFEN-KONSOLANKER
100
AcDbLine
 10
4270.129223490954
 20
-625.2269003518144
 30
0.0
 11
4270.129223490954
 21
-774.2269003518144
 31
0.0
  0
LINE
  5
8E5
330
2
100
AcDbEntity
  8
HALFEN-KONSOLANKER
100
AcDbLine
 10
4266.129223490954
 20
-625.2269003518144
 30
0.0
 11
4266.129223490954
 21
-774.2269003518144
 31
0.0
  0
LINE
  5
8E6
330
2
100
AcDbEntity
  8
HALFEN-KONSOLANKER
100
AcDbLine
 10
4270.129223490954
 20
-774.2269003518144
 30
0.0
 11
4266.129223490954
 21
-774.2269003518144
 31
0.0
  0
LINE
  5
8E7
330
2
100
AcDbEntity
  8
HALFEN-KONSOLANKER
  6
VERDECKT
 62
     1
100
AcDbLine
 10
4280.629223490953
 20
-619.2269003518143
 30
0.0
 11
4280.629223490953
 21
-625.2269003518144
 31
0.0
  0
LINE
  5
8E8
330
2
100
AcDbEntity
  8
HALFEN-KONSOLANKER
  6
VERDECKT
 62
     1
100
AcDbLine
 10
4255.629223490954
 20
-625.2269003518144
 30
0.0
 11
4255.629223490954
 21
-619.2269003518143
 31
0.0
  0
LINE
  5
8E9
330
2
100
AcDbEntity
  8
HALFEN-KONSOLANKER
  6
MITTELLINIE
 62
     1
 48
10.0
100
AcDbLine
 10
4268.129223490954
 20
-614.2269003518143
 30
0.0
 11
4268.129223490954
 21
-630.2269003518143
 31
0.0
  0
LINE
  5
8EA
330
2
100
AcDbEntity
  8
HALFEN-KONSOLANKER
  6
MITTELLINIE
 62
     1
 48
10.0
100
AcDbLine
 10
4250.629223490954
 20
-431.2269003518143
 30
0.0
 11
4285.629223490954
 21
-431.2269003518143
 31
0.0
1001
GENIUS_GENODEF_13
1002
{
1000
HIER
1070
     0
1002
}
1002
{
1000
MANEDIT
1070
     0
1002
}
1002
{
1000
NOSEL
1070
     0
1002
}
1002
{
1000
BEHIND
1070
     0
1002
}
1002
{
1000
REACTOR
1002
}
1001
GENIUS_GENOBJ-N-CEN_13
1002
{
1000
OWNER
1000
GEN
1002
}
  0
ARC
  5
8EB
330
2
100
AcDbEntity
  8
HALFEN-KONSOLANKER
100
AcDbCircle
 10
4275.129223490954
 20
-431.2269003518143
 30
0.0
 40
5.5
100
AcDbArc
 50
270.0
 51
90.0
  0
ARC
  5
8EC
330
2
100
AcDbEntity
  8
HALFEN-KONSOLANKER
100
AcDbCircle
 10
4261.129223490954
 20
-431.2269003518143
 30
0.0
 40
5.5
100
AcDbArc
 50
90.0
 51
270.0
  0
LINE
  5
8ED
330
2
100
AcDbEntity
  8
HALFEN-KONSOLANKER
  6
MITTELLINIE
 62
     1
 48
10.0
100
AcDbLine
 10
4268.129223490954
 20
-420.7269003518144
 30
0.0
 11
4268.129223490954
 21
-441.7269003518144
 31
0.0
  0
LINE
  5
8EE
330
2
100
AcDbEntity
  8
HALFEN-KONSOLANKER
100
AcDbLine
 10
4261.129223490954
 20
-425.7269003518143
 30
0.0
 11
4275.129223490954
 21
-425.7269003518143
 31
0.0
  0
LINE
  5
8EF
330
2
100
AcDbEntity
  8
HALFEN-KONSOLANKER
100
AcDbLine
 10
4261.129223490954
 20
-436.7269003518144
 30
0.0
 11
4275.129223490954
 21
-436.7269003518144
 31
0.0
  0
LINE
  5
8F0
330
2
100
AcDbEntity
  8
HALFEN-KONSOLANKER
100
AcDbLine
 10
4266.129223490954
 20
-444.2269003518143
 30
0.0
 11
4270.129223490954
 21
-444.2269003518143
 31
0.0
  0
POINT
  5
8F1
330
2
100
AcDbEntity
  8
HALFEN-KONSOLANKER
100
AcDbPoint
 10
4268.129223490954
 20
-409.2269003518143
 30
0.0
  0
POINT
  5
8F2
330
2
100
AcDbEntity
  8
HALFEN-KONSOLANKER
100
AcDbPoint
 10
4268.129223490954
 20
-409.2269003518143
 30
0.0
  0
LINE
  5
8F3
330
2
100
AcDbEntity
  8
HALFEN-KONSOLANKER
100
AcDbLine
 10
4393.129223490954
 20
-409.2269003518143
 30
0.0
 11
4393.129223490954
 21
-599.2269003518144
 31
0.0
  0
LINE
  5
8F4
330
2
100
AcDbEntity
  8
HALFEN-KONSOLANKER
100
AcDbLine
 10
4413.129223490954
 20
-1319.226900351814
 30
0.0
 11
3913.129223490954
 21
-1319.226900351814
 31
0.0
  0
LINE
  5
8F5
330
2
100
AcDbEntity
  8
HALFEN-KONSOLANKER
100
AcDbLine
 10
4413.129223490954
 20
-1135.226900351814
 30
0.0
 11
3913.129223490954
 21
-1135.226900351814
 31
0.0
  0
LINE
  5
8F6
330
2
100
AcDbEntity
  8
HALFEN-KONSOLANKER
100
AcDbLine
 10
3913.129223490954
 20
-1103.226900351814
 30
0.0
 11
4413.129223490954
 21
-1103.226900351814
 31
0.0
  0
LINE
  5
8F7
330
2
100
AcDbEntity
  8
HALFEN-KONSOLANKER
100
AcDbLine
 10
3913.129223490954
 20
-1109.226900351814
 30
0.0
 11
4413.129223490954
 21
-1109.226900351814
 31
0.0
  0
LINE
  5
8F8
330
2
100
AcDbEntity
  8
HALFEN-KONSOLANKER
100
AcDbLine
 10
4413.129223490954
 20
-1129.226900351814
 30
0.0
 11
3913.129223490954
 21
-1129.226900351814
 31
0.0
  0
LINE
  5
8F9
330
2
100
AcDbEntity
  8
HALFEN-KONSOLANKER
100
AcDbLine
 10
3913.129223490954
 20
-899.2269003518142
 30
0.0
 11
4413.129223490954
 21
-899.2269003518142
 31
0.0
  0
LINE
  5
8FA
330
2
100
AcDbEntity
  8
HALFEN-KONSOLANKER
100
AcDbLine
 10
3881.129223490954
 20
-1103.226900351814
 30
0.0
 11
3683.129223490954
 21
-1103.226900351814
 31
0.0
  0
LINE
  5
8FB
330
2
100
AcDbEntity
  8
HALFEN-KONSOLANKER
100
AcDbLine
 10
3881.129223490954
 20
-1109.226900351814
 30
0.0
 11
3683.129223490954
 21
-1109.226900351814
 31
0.0
  0
LINE
  5
8FC
330
2
100
AcDbEntity
  8
HALFEN-KONSOLANKER
100
AcDbLine
 10
3887.129223490955
 20
-976.6533072230075
 30
0.0
 11
3760.555630362148
 21
-1103.226900351814
 31
0.0
  0
LINE
  5
8FD
330
2
100
AcDbEntity
  8
HALFEN-KONSOLANKER
100
AcDbLine
 10
3887.129223490954
 20
-934.2269003518145
 30
0.0
 11
3718.129223490954
 21
-1103.226900351814
 31
0.0
  0
TEXT
  5
8FE
330
2
100
AcDbEntity
  8
HALFEN-KONSOLANKER
100
AcDbText
 10
3738.129223490954
 20
-866.7269003518141
 30
0.0
 40
5.0
  1
Halfen Konsolwinkel KWL - 3,2 - 210 - 500
  7
ARIAL50
100
AcDbText
  0
LINE
  5
8FF
330
2
100
AcDbEntity
  8
HALFEN-KONSOLANKER
100
AcDbLine
 10
3683.129223490954
 20
-887.2269003518141
 30
0.0
 11
3883.129223490954
 21
-887.2269003518141
 31
0.0
  0
LINE
  5
900
330
2
100
AcDbEntity
  8
HALFEN-KONSOLANKER
100
AcDbLine
 10
3683.129223490954
 20
-877.2269003518141
 30
0.0
 11
3883.129223490954
 21
-877.2269003518141
 31
0.0
  0
LINE
  5
901
330
2
100
AcDbEntity
  8
HALFEN-KONSOLANKER
100
AcDbLine
 10
3683.129223490954
 20
-859.2269003518142
 30
0.0
 11
3883.129223490954
 21
-859.2269003518142
 31
0.0
  0
LINE
  5
902
330
2
100
AcDbEntity
  8
HALFEN-KONSOLANKER
100
AcDbLine
 10
3683.129223490954
 20
-1103.226900351814
 30
0.0
 11
3683.129223490954
 21
-1109.226900351814
 31
0.0
  0
TEXT
  5
903
330
2
100
AcDbEntity
  8
HALFEN-KONSOLANKER
100
AcDbText
 10
3683.129223490954
 20
-856.7269003518141
 30
0.0
 40
5.0
  1
A4
  7
ARIAL50
100
AcDbText
  0
TEXT
  5
904
330
2
100
AcDbEntity
  8
HALFEN-KONSOLANKER
100
AcDbText
 10
3688.129223490954
 20
-884.7269003518141
 30
0.0
 40
5.0
  1
Id. Nr.
  7
ARIAL50
100
AcDbText
  0
TEXT
  5
905
330
2
100
AcDbEntity
  8
HALFEN-KONSOLANKER
100
AcDbText
 10
3688.129223490954
 20
-866.7269003518141
 30
0.0
 40
5.0
  1
Benennung
  7
ARIAL50
100
AcDbText
  0
LINE
  5
906
330
2
100
AcDbEntity
  8
HALFEN-KONSOLANKER
100
AcDbLine
 10
3683.129223490954
 20
-887.2269003518141
 30
0.0
 11
3683.129223490954
 21
-859.2269003518142
 31
0.0
  0
TEXT
  5
907
330
2
100
AcDbEntity
  8
HALFEN-KONSOLANKER
100
AcDbText
 10
3738.129223490954
 20
-884.7269003518141
 30
0.0
 40
5.0
  1
0112.010-00034
  7
ARIAL50
100
AcDbText
  0
LINE
  5
908
330
2
100
AcDbEntity
  8
HALFEN-KONSOLANKER
100
AcDbLine
 10
3733.129223490954
 20
-887.2269003518141
 30
0.0
 11
3733.129223490954
 21
-859.2269003518142
 31
0.0
  0
LINE
  5
909
330
2
100
AcDbEntity
  8
HALFEN-KONSOLANKER
100
AcDbLine
 10
3893.129223490954
 20
-899.2269003518142
 30
0.0
 11
3893.129223490954
 21
-1097.226900351814
 31
0.0
  0
LINE
  5
90A
330
2
100
AcDbEntity
  8
HALFEN-KONSOLANKER
100
AcDbLine
 10
3887.129223490954
 20
-899.2269003518142
 30
0.0
 11
3887.129223490954
 21
-1097.226900351814
 31
0.0
  0
LINE
  5
90B
330
2
100
AcDbEntity
  8
HALFEN-KONSOLANKER
100
AcDbLine
 10
3913.129223490954
 20
-899.2269003518142
 30
0.0
 11
3913.129223490954
 21
-1109.226900351814
 31
0.0
  0
LINE
  5
90C
330
2
100
AcDbEntity
  8
HALFEN-KONSOLANKER
100
AcDbLine
 10
4040.129223490954
 20
-934.2269003518142
 30
0.0
 11
4040.129223490954
 21
-1103.226900351814
 31
0.0
  0
LINE
  5
90D
330
2
100
AcDbEntity
  8
HALFEN-KONSOLANKER
100
AcDbLine
 10
4036.129223490954
 20
-934.2269003518142
 30
0.0
 11
4036.129223490954
 21
-1103.226900351814
 31
0.0
  0
LINE
  5
90E
330
2
100
AcDbEntity
  8
HALFEN-KONSOLANKER
100
AcDbLine
 10
3913.129223490954
 20
-1319.226900351814
 30
0.0
 11
3913.129223490954
 21
-1129.226900351814
 31
0.0
  0
ARC
  5
90F
330
2
100
AcDbEntity
  8
HALFEN-KONSOLANKER
100
AcDbCircle
 10
3881.129223490954
 20
-1097.226900351814
 30
0.0
 40
12.0
100
AcDbArc
 50
270.0
 51
0.0
1001
GENIUS_GENODEF_13
1002
{
1000
HIER
1070
     0
1002
}
1002
{
1000
MANEDIT
1070
     0
1002
}
1002
{
1000
NOSEL
1070
     0
1002
}
1002
{
1000
BEHIND
1070
     0
1002
}
1002
{
1000
REACTOR
1002
}
1001
GENIUS_GENOBJ-N-FIL_13
1002
{
1000
OWNER
1000
GEN
1002
}
  0
ARC
  5
910
330
2
100
AcDbEntity
  8
HALFEN-KONSOLANKER
100
AcDbCircle
 10
3881.129223490954
 20
-1097.226900351814
 30
0.0
 40
6.0
100
AcDbArc
 50
270.0
 51
0.0
1001
GENIUS_GENODEF_13
1002
{
1000
HIER
1070
     0
1002
}
1002
{
1000
MANEDIT
1070
     0
1002
}
1002
{
1000
NOSEL
1070
     0
1002
}
1002
{
1000
BEHIND
1070
     0
1002
}
1002
{
1000
REACTOR
1002
}
1001
GENIUS_GENOBJ-N-FIL_13
1002
{
1000
OWNER
1000
GEN
1002
}
  0
LINE
  5
911
330
2
100
AcDbEntity
  8
HALFEN-KONSOLANKER
100
AcDbLine
 10
4036.129223490954
 20
-1135.226900351814
 30
0.0
 11
4036.129223490954
 21
-1284.226900351814
 31
0.0
  0
LINE
  5
912
330
2
100
AcDbEntity
  8
HALFEN-KONSOLANKER
100
AcDbLine
 10
4040.129223490954
 20
-1135.226900351814
 30
0.0
 11
4040.129223490954
 21
-1284.226900351814
 31
0.0
  0
LINE
  5
913
330
2
100
AcDbEntity
  8
HALFEN-KONSOLANKER
100
AcDbLine
 10
4040.129223490954
 20
-1284.226900351814
 30
0.0
 11
4036.129223490954
 21
-1284.226900351814
 31
0.0
  0
LINE
  5
914
330
2
100
AcDbEntity
  8
HALFEN-KONSOLANKER
  6
VERDECKT
 62
     1
100
AcDbLine
 10
4025.629223490954
 20
-1135.226900351814
 30
0.0
 11
4025.629223490954
 21
-1129.226900351814
 31
0.0
  0
LINE
  5
915
330
2
100
AcDbEntity
  8
HALFEN-KONSOLANKER
  6
MITTELLINIE
 62
     1
 48
10.0
100
AcDbLine
 10
4038.129223490954
 20
-1124.226900351814
 30
0.0
 11
4038.129223490954
 21
-1140.226900351814
 31
0.0
  0
LINE
  5
916
330
2
100
AcDbEntity
  8
HALFEN-KONSOLANKER
  6
VERDECKT
 62
     1
100
AcDbLine
 10
4050.629223490953
 20
-1129.226900351814
 30
0.0
 11
4050.629223490953
 21
-1135.226900351814
 31
0.0
  0
LINE
  5
917
330
2
100
AcDbEntity
  8
HALFEN-KONSOLANKER
  6
MITTELLINIE
 62
     1
 48
10.0
100
AcDbLine
 10
3882.129223490954
 20
-921.2269003518141
 30
0.0
 11
3898.129223490954
 21
-921.2269003518141
 31
0.0
1001
GENIUS_GENODEF_13
1002
{
1000
HIER
1070
     0
1002
}
1002
{
1000
MANEDIT
1070
     0
1002
}
1002
{
1000
NOSEL
1070
     0
1002
}
1002
{
1000
BEHIND
1070
     0
1002
}
1002
{
1000
REACTOR
1002
}
1001
GENIUS_GENOBJ-N-CEN_13
1002
{
1000
OWNER
1000
GEN
1002
}
  0
LINE
  5
918
330
2
100
AcDbEntity
  8
HALFEN-KONSOLANKER
  6
VERDECKT
 62
     1
100
AcDbLine
 10
3887.129223490954
 20
-926.7269003518141
 30
0.0
 11
3893.129223490954
 21
-926.7269003518141
 31
0.0
  0
LINE
  5
919
330
2
100
AcDbEntity
  8
HALFEN-KONSOLANKER
  6
VERDECKT
 62
     1
100
AcDbLine
 10
3887.129223490954
 20
-915.7269003518141
 30
0.0
 11
3893.129223490954
 21
-915.7269003518141
 31
0.0
  0
LINE
  5
91A
330
2
100
AcDbEntity
  8
HALFEN-KONSOLANKER
100
AcDbLine
 10
3887.129223490954
 20
-899.2269003518142
 30
0.0
 11
3893.129223490954
 21
-899.2269003518142
 31
0.0
  0
LINE
  5
91B
330
2
100
AcDbEntity
  8
HALFEN-KONSOLANKER
100
AcDbLine
 10
3883.129223490954
 20
-887.2269003518141
 30
0.0
 11
3883.129223490954
 21
-859.2269003518142
 31
0.0
  0
ARC
  5
91C
330
2
100
AcDbEntity
  8
HALFEN-KONSOLANKER
100
AcDbCircle
 10
4045.129223490953
 20
-921.2269003518141
 30
0.0
 40
5.5
100
AcDbArc
 50
270.0
 51
90.0
  0
ARC
  5
91D
330
2
100
AcDbEntity
  8
HALFEN-KONSOLANKER
100
AcDbCircle
 10
4031.129223490953
 20
-921.2269003518141
 30
0.0
 40
5.5
100
AcDbArc
 50
90.0
 51
270.0
  0
LINE
  5
91E
330
2
100
AcDbEntity
  8
HALFEN-KONSOLANKER
  6
MITTELLINIE
 62
     1
 48
10.0
100
AcDbLine
 10
4038.129223490954
 20
-910.726900351814
 30
0.0
 11
4038.129223490954
 21
-931.7269003518141
 31
0.0
  0
LINE
  5
91F
330
2
100
AcDbEntity
  8
HALFEN-KONSOLANKER
100
AcDbLine
 10
4036.129223490954
 20
-934.2269003518142
 30
0.0
 11
4040.129223490954
 21
-934.2269003518142
 31
0.0
  0
LINE
  5
920
330
2
100
AcDbEntity
  8
HALFEN-KONSOLANKER
100
AcDbLine
 10
4031.129223490953
 20
-926.7269003518141
 30
0.0
 11
4045.129223490953
 21
-926.7269003518141
 31
0.0
  0
LINE
  5
921
330
2
100
AcDbEntity
  8
HALFEN-KONSOLANKER
  6
MITTELLINIE
 62
     1
 48
10.0
100
AcDbLine
 10
4020.629223490954
 20
-921.2269003518141
 30
0.0
 11
4055.629223490954
 21
-921.2269003518141
 31
0.0
1001
GENIUS_GENODEF_13
1002
{
1000
HIER
1070
     0
1002
}
1002
{
1000
MANEDIT
1070
     0
1002
}
1002
{
1000
NOSEL
1070
     0
1002
}
1002
{
1000
BEHIND
1070
     0
1002
}
1002
{
1000
REACTOR
1002
}
1001
GENIUS_GENOBJ-N-CEN_13
1002
{
1000
OWNER
1000
GEN
1002
}
  0
LINE
  5
922
330
2
100
AcDbEntity
  8
HALFEN-KONSOLANKER
100
AcDbLine
 10
4031.129223490953
 20
-915.7269003518141
 30
0.0
 11
4045.129223490953
 21
-915.7269003518141
 31
0.0
  0
POINT
  5
923
330
2
100
AcDbEntity
  8
HALFEN-KONSOLANKER
100
AcDbPoint
 10
4038.129223490954
 20
-899.2269003518142
 30
0.0
  0
POINT
  5
924
330
2
100
AcDbEntity
  8
HALFEN-KONSOLANKER
100
AcDbPoint
 10
4038.129223490954
 20
-899.2269003518142
 30
0.0
  0
LINE
  5
925
330
2
100
AcDbEntity
  8
HALFEN-KONSOLANKER
100
AcDbLine
 10
4286.129223490954
 20
-934.2269003518142
 30
0.0
 11
4286.129223490954
 21
-1103.226900351814
 31
0.0
  0
LINE
  5
926
330
2
100
AcDbEntity
  8
HALFEN-KONSOLANKER
100
AcDbLine
 10
4290.129223490954
 20
-934.2269003518142
 30
0.0
 11
4290.129223490954
 21
-1103.226900351814
 31
0.0
  0
LINE
  5
927
330
2
100
AcDbEntity
  8
HALFEN-KONSOLANKER
100
AcDbLine
 10
4290.129223490954
 20
-1135.226900351814
 30
0.0
 11
4290.129223490954
 21
-1284.226900351814
 31
0.0
  0
LINE
  5
928
330
2
100
AcDbEntity
  8
HALFEN-KONSOLANKER
100
AcDbLine
 10
4286.129223490954
 20
-1135.226900351814
 30
0.0
 11
4286.129223490954
 21
-1284.226900351814
 31
0.0
  0
LINE
  5
929
330
2
100
AcDbEntity
  8
HALFEN-KONSOLANKER
100
AcDbLine
 10
4290.129223490954
 20
-1284.226900351814
 30
0.0
 11
4286.129223490954
 21
-1284.226900351814
 31
0.0
  0
LINE
  5
92A
330
2
100
AcDbEntity
  8
HALFEN-KONSOLANKER
  6
MITTELLINIE
 62
     1
 48
10.0
100
AcDbLine
 10
4288.129223490954
 20
-1124.226900351814
 30
0.0
 11
4288.129223490954
 21
-1140.226900351814
 31
0.0
  0
LINE
  5
92B
330
2
100
AcDbEntity
  8
HALFEN-KONSOLANKER
  6
VERDECKT
 62
     1
100
AcDbLine
 10
4275.629223490954
 20
-1135.226900351814
 30
0.0
 11
4275.629223490954
 21
-1129.226900351814
 31
0.0
  0
LINE
  5
92C
330
2
100
AcDbEntity
  8
HALFEN-KONSOLANKER
  6
VERDECKT
 62
     1
100
AcDbLine
 10
4300.629223490954
 20
-1129.226900351814
 30
0.0
 11
4300.629223490954
 21
-1135.226900351814
 31
0.0
  0
ARC
  5
92D
330
2
100
AcDbEntity
  8
HALFEN-KONSOLANKER
100
AcDbCircle
 10
4295.129223490954
 20
-921.2269003518141
 30
0.0
 40
5.5
100
AcDbArc
 50
270.0
 51
90.0
  0
ARC
  5
92E
330
2
100
AcDbEntity
  8
HALFEN-KONSOLANKER
100
AcDbCircle
 10
4281.129223490954
 20
-921.2269003518141
 30
0.0
 40
5.5
100
AcDbArc
 50
90.0
 51
270.0
  0
LINE
  5
92F
330
2
100
AcDbEntity
  8
HALFEN-KONSOLANKER
  6
MITTELLINIE
 62
     1
 48
10.0
100
AcDbLine
 10
4288.129223490954
 20
-910.726900351814
 30
0.0
 11
4288.129223490954
 21
-931.7269003518141
 31
0.0
  0
LINE
  5
930
330
2
100
AcDbEntity
  8
HALFEN-KONSOLANKER
100
AcDbLine
 10
4281.129223490954
 20
-926.7269003518141
 30
0.0
 11
4295.129223490954
 21
-926.7269003518141
 31
0.0
  0
LINE
  5
931
330
2
100
AcDbEntity
  8
HALFEN-KONSOLANKER
  6
MITTELLINIE
 62
     1
 48
10.0
100
AcDbLine
 10
4270.629223490954
 20
-921.2269003518141
 30
0.0
 11
4305.629223490954
 21
-921.2269003518141
 31
0.0
1001
GENIUS_GENODEF_13
1002
{
1000
HIER
1070
     0
1002
}
1002
{
1000
MANEDIT
1070
     0
1002
}
1002
{
1000
NOSEL
1070
     0
1002
}
1002
{
1000
BEHIND
1070
     0
1002
}
1002
{
1000
REACTOR
1002
}
1001
GENIUS_GENOBJ-N-CEN_13
1002
{
1000
OWNER
1000
GEN
1002
}
  0
LINE
  5
932
330
2
100
AcDbEntity
  8
HALFEN-KONSOLANKER
100
AcDbLine
 10
4286.129223490954
 20
-934.2269003518142
 30
0.0
 11
4290.129223490954
 21
-934.2269003518142
 31
0.0
  0
LINE
  5
933
330
2
100
AcDbEntity
  8
HALFEN-KONSOLANKER
100
AcDbLine
 10
4281.129223490954
 20
-915.7269003518141
 30
0.0
 11
4295.129223490954
 21
-915.7269003518141
 31
0.0
  0
POINT
  5
934
330
2
100
AcDbEntity
  8
HALFEN-KONSOLANKER
100
AcDbPoint
 10
4288.129223490954
 20
-899.2269003518142
 30
0.0
  0
POINT
  5
935
330
2
100
AcDbEntity
  8
HALFEN-KONSOLANKER
100
AcDbPoint
 10
4288.129223490954
 20
-899.2269003518142
 30
0.0
  0
LINE
  5
936
330
2
100
AcDbEntity
  8
HALFEN-KONSOLANKER
100
AcDbLine
 10
4413.129223490954
 20
-899.2269003518142
 30
0.0
 11
4413.129223490954
 21
-1109.226900351814
 31
0.0
  0
LINE
  5
937
330
2
100
AcDbEntity
  8
HALFEN-KONSOLANKER
100
AcDbLine
 10
4413.129223490954
 20
-1319.226900351814
 30
0.0
 11
4413.129223490954
 21
-1129.226900351814
 31
0.0
  0
LINE
  5
938
330
2
100
AcDbEntity
  8
HALFEN-KONSOLANKER
100
AcDbLine
 10
3933.129223490954
 20
-1429.226900351814
 30
0.0
 11
4433.129223490953
 21
-1429.226900351814
 31
0.0
  0
LINE
  5
939
330
2
100
AcDbEntity
  8
HALFEN-KONSOLANKER
100
AcDbLine
 10
4433.129223490953
 20
-1679.226900351814
 30
0.0
 11
3933.129223490954
 21
-1679.226900351814
 31
0.0
  0
LINE
  5
93A
330
2
100
AcDbEntity
  8
HALFEN-KONSOLANKER
100
AcDbLine
 10
3933.129223490954
 20
-1659.226900351814
 30
0.0
 11
4433.129223490953
 21
-1659.226900351814
 31
0.0
  0
LINE
  5
93B
330
2
100
AcDbEntity
  8
HALFEN-KONSOLANKER
100
AcDbLine
 10
3933.129223490954
 20
-1653.226900351814
 30
0.0
 11
4433.129223490953
 21
-1653.226900351814
 31
0.0
  0
LINE
  5
93C
330
2
100
AcDbEntity
  8
HALFEN-KONSOLANKER
100
AcDbLine
 10
4433.129223490953
 20
-1685.226900351814
 30
0.0
 11
3933.129223490954
 21
-1685.226900351814
 31
0.0
  0
LINE
  5
93D
330
2
100
AcDbEntity
  8
HALFEN-KONSOLANKER
100
AcDbLine
 10
4433.129223490953
 20
-1909.226900351814
 30
0.0
 11
3933.129223490954
 21
-1909.226900351814
 31
0.0
  0
LINE
  5
93E
330
2
100
AcDbEntity
  8
HALFEN-KONSOLANKER
100
AcDbLine
 10
3907.129223490954
 20
-1464.226900351814
 30
0.0
 11
3718.129223490954
 21
-1653.226900351814
 31
0.0
  0
LINE
  5
93F
330
2
100
AcDbEntity
  8
HALFEN-KONSOLANKER
100
AcDbLine
 10
3907.129223490954
 20
-1506.653307223007
 30
0.0
 11
3760.555630362148
 21
-1653.226900351814
 31
0.0
  0
LINE
  5
940
330
2
100
AcDbEntity
  8
HALFEN-KONSOLANKER
100
AcDbLine
 10
3901.129223490954
 20
-1659.226900351814
 30
0.0
 11
3683.129223490954
 21
-1659.226900351814
 31
0.0
  0
LINE
  5
941
330
2
100
AcDbEntity
  8
HALFEN-KONSOLANKER
100
AcDbLine
 10
3901.129223490954
 20
-1653.226900351814
 30
0.0
 11
3683.129223490954
 21
-1653.226900351814
 31
0.0
  0
TEXT
  5
942
330
2
100
AcDbEntity
  8
HALFEN-KONSOLANKER
100
AcDbText
 10
3738.129223490954
 20
-1396.726900351814
 30
0.0
 40
5.0
  1
Halfen Konsolwinkel KWL - 3,2 - 230 - 500
  7
ARIAL50
100
AcDbText
  0
LINE
  5
943
330
2
100
AcDbEntity
  8
HALFEN-KONSOLANKER
100
AcDbLine
 10
3683.129223490954
 20
-1389.226900351814
 30
0.0
 11
3883.129223490954
 21
-1389.226900351814
 31
0.0
  0
LINE
  5
944
330
2
100
AcDbEntity
  8
HALFEN-KONSOLANKER
100
AcDbLine
 10
3683.129223490954
 20
-1407.226900351814
 30
0.0
 11
3883.129223490954
 21
-1407.226900351814
 31
0.0
  0
LINE
  5
945
330
2
100
AcDbEntity
  8
HALFEN-KONSOLANKER
100
AcDbLine
 10
3683.129223490954
 20
-1417.226900351814
 30
0.0
 11
3883.129223490954
 21
-1417.226900351814
 31
0.0
  0
LINE
  5
946
330
2
100
AcDbEntity
  8
HALFEN-KONSOLANKER
100
AcDbLine
 10
3683.129223490954
 20
-1653.226900351814
 30
0.0
 11
3683.129223490954
 21
-1659.226900351814
 31
0.0
  0
TEXT
  5
947
330
2
100
AcDbEntity
  8
HALFEN-KONSOLANKER
100
AcDbText
 10
3688.129223490954
 20
-1396.726900351814
 30
0.0
 40
5.0
  1
Benennung
  7
ARIAL50
100
AcDbText
  0
TEXT
  5
948
330
2
100
AcDbEntity
  8
HALFEN-KONSOLANKER
100
AcDbText
 10
3688.129223490954
 20
-1414.726900351814
 30
0.0
 40
5.0
  1
Id. Nr.
  7
ARIAL50
100
AcDbText
  0
LINE
  5
949
330
2
100
AcDbEntity
  8
HALFEN-KONSOLANKER
100
AcDbLine
 10
3683.129223490954
 20
-1417.226900351814
 30
0.0
 11
3683.129223490954
 21
-1389.226900351814
 31
0.0
  0
TEXT
  5
94A
330
2
100
AcDbEntity
  8
HALFEN-KONSOLANKER
100
AcDbText
 10
3683.129223490954
 20
-1386.726900351814
 30
0.0
 40
5.0
  1
A4
  7
ARIAL50
100
AcDbText
  0
TEXT
  5
94B
330
2
100
AcDbEntity
  8
HALFEN-KONSOLANKER
100
AcDbText
 10
3738.129223490954
 20
-1414.726900351814
 30
0.0
 40
5.0
  1
0112.010-00037
  7
ARIAL50
100
AcDbText
  0
LINE
  5
94C
330
2
100
AcDbEntity
  8
HALFEN-KONSOLANKER
100
AcDbLine
 10
3733.129223490954
 20
-1417.226900351814
 30
0.0
 11
3733.129223490954
 21
-1389.226900351814
 31
0.0
  0
LINE
  5
94D
330
2
100
AcDbEntity
  8
HALFEN-KONSOLANKER
100
AcDbLine
 10
3933.129223490954
 20
-1429.226900351814
 30
0.0
 11
3933.129223490954
 21
-1659.226900351814
 31
0.0
  0
LINE
  5
94E
330
2
100
AcDbEntity
  8
HALFEN-KONSOLANKER
100
AcDbLine
 10
3907.129223490954
 20
-1429.226900351814
 30
0.0
 11
3907.129223490954
 21
-1647.226900351814
 31
0.0
  0
LINE
  5
94F
330
2
100
AcDbEntity
  8
HALFEN-KONSOLANKER
100
AcDbLine
 10
3913.129223490954
 20
-1429.226900351814
 30
0.0
 11
3913.129223490954
 21
-1647.226900351814
 31
0.0
  0
LINE
  5
950
330
2
100
AcDbEntity
  8
HALFEN-KONSOLANKER
100
AcDbLine
 10
4056.129223490954
 20
-1464.226900351814
 30
0.0
 11
4056.129223490954
 21
-1653.226900351814
 31
0.0
  0
LINE
  5
951
330
2
100
AcDbEntity
  8
HALFEN-KONSOLANKER
100
AcDbLine
 10
4060.129223490953
 20
-1464.226900351814
 30
0.0
 11
4060.129223490953
 21
-1653.226900351814
 31
0.0
  0
LINE
  5
952
330
2
100
AcDbEntity
  8
HALFEN-KONSOLANKER
100
AcDbLine
 10
3933.129223490954
 20
-1909.226900351814
 30
0.0
 11
3933.129223490954
 21
-1679.226900351814
 31
0.0
  0
ARC
  5
953
330
2
100
AcDbEntity
  8
HALFEN-KONSOLANKER
100
AcDbCircle
 10
3901.129223490954
 20
-1647.226900351814
 30
0.0
 40
6.0
100
AcDbArc
 50
270.0
 51
0.0
1001
GENIUS_GENODEF_13
1002
{
1000
HIER
1070
     0
1002
}
1002
{
1000
MANEDIT
1070
     0
1002
}
1002
{
1000
NOSEL
1070
     0
1002
}
1002
{
1000
BEHIND
1070
     0
1002
}
1002
{
1000
REACTOR
1002
}
1001
GENIUS_GENOBJ-N-FIL_13
1002
{
1000
OWNER
1000
GEN
1002
}
  0
ARC
  5
954
330
2
100
AcDbEntity
  8
HALFEN-KONSOLANKER
100
AcDbCircle
 10
3901.129223490954
 20
-1647.226900351814
 30
0.0
 40
12.0
100
AcDbArc
 50
270.0
 51
0.0
1001
GENIUS_GENODEF_13
1002
{
1000
HIER
1070
     0
1002
}
1002
{
1000
MANEDIT
1070
     0
1002
}
1002
{
1000
NOSEL
1070
     0
1002
}
1002
{
1000
BEHIND
1070
     0
1002
}
1002
{
1000
REACTOR
1002
}
1001
GENIUS_GENOBJ-N-FIL_13
1002
{
1000
OWNER
1000
GEN
1002
}
  0
LINE
  5
955
330
2
100
AcDbEntity
  8
HALFEN-KONSOLANKER
100
AcDbLine
 10
4060.129223490953
 20
-1685.226900351814
 30
0.0
 11
4060.129223490953
 21
-1874.226900351814
 31
0.0
  0
LINE
  5
956
330
2
100
AcDbEntity
  8
HALFEN-KONSOLANKER
100
AcDbLine
 10
4056.129223490954
 20
-1685.226900351814
 30
0.0
 11
4056.129223490954
 21
-1874.226900351814
 31
0.0
  0
LINE
  5
957
330
2
100
AcDbEntity
  8
HALFEN-KONSOLANKER
100
AcDbLine
 10
4060.129223490953
 20
-1874.226900351814
 30
0.0
 11
4056.129223490954
 21
-1874.226900351814
 31
0.0
  0
LINE
  5
958
330
2
100
AcDbEntity
  8
HALFEN-KONSOLANKER
  6
VERDECKT
 62
     1
100
AcDbLine
 10
4070.629223490954
 20
-1679.226900351814
 30
0.0
 11
4070.629223490954
 21
-1685.226900351814
 31
0.0
  0
LINE
  5
959
330
2
100
AcDbEntity
  8
HALFEN-KONSOLANKER
  6
MITTELLINIE
 62
     1
 48
10.0
100
AcDbLine
 10
4058.129223490953
 20
-1674.226900351814
 30
0.0
 11
4058.129223490953
 21
-1690.226900351814
 31
0.0
  0
LINE
  5
95A
330
2
100
AcDbEntity
  8
HALFEN-KONSOLANKER
  6
VERDECKT
 62
     1
100
AcDbLine
 10
4045.629223490954
 20
-1685.226900351814
 30
0.0
 11
4045.629223490954
 21
-1679.226900351814
 31
0.0
  0
LINE
  5
95B
330
2
100
AcDbEntity
  8
HALFEN-KONSOLANKER
  6
VERDECKT
 62
     1
100
AcDbLine
 10
3907.129223490954
 20
-1456.726900351814
 30
0.0
 11
3913.129223490954
 21
-1456.726900351814
 31
0.0
  0
LINE
  5
95C
330
2
100
AcDbEntity
  8
HALFEN-KONSOLANKER
  6
VERDECKT
 62
     1
100
AcDbLine
 10
3907.129223490954
 20
-1445.726900351814
 30
0.0
 11
3913.129223490954
 21
-1445.726900351814
 31
0.0
  0
LINE
  5
95D
330
2
100
AcDbEntity
  8
HALFEN-KONSOLANKER
100
AcDbLine
 10
3907.129223490954
 20
-1429.226900351814
 30
0.0
 11
3913.129223490954
 21
-1429.226900351814
 31
0.0
  0
LINE
  5
95E
330
2
100
AcDbEntity
  8
HALFEN-KONSOLANKER
  6
MITTELLINIE
 62
     1
 48
10.0
100
AcDbLine
 10
3902.129223490954
 20
-1451.226900351814
 30
0.0
 11
3918.129223490954
 21
-1451.226900351814
 31
0.0
1001
GENIUS_GENODEF_13
1002
{
1000
HIER
1070
     0
1002
}
1002
{
1000
MANEDIT
1070
     0
1002
}
1002
{
1000
NOSEL
1070
     0
1002
}
1002
{
1000
BEHIND
1070
     0
1002
}
1002
{
1000
REACTOR
1002
}
1001
GENIUS_GENOBJ-N-CEN_13
1002
{
1000
OWNER
1000
GEN
1002
}
  0
LINE
  5
95F
330
2
100
AcDbEntity
  8
HALFEN-KONSOLANKER
100
AcDbLine
 10
3883.129223490954
 20
-1417.226900351814
 30
0.0
 11
3883.129223490954
 21
-1389.226900351814
 31
0.0
  0
LINE
  5
960
330
2
100
AcDbEntity
  8
HALFEN-KONSOLANKER
  6
MITTELLINIE
 62
     1
 48
10.0
100
AcDbLine
 10
4040.629223490953
 20
-1451.226900351814
 30
0.0
 11
4075.629223490953
 21
-1451.226900351814
 31
0.0
1001
GENIUS_GENODEF_13
1002
{
1000
HIER
1070
     0
1002
}
1002
{
1000
MANEDIT
1070
     0
1002
}
1002
{
1000
NOSEL
1070
     0
1002
}
1002
{
1000
BEHIND
1070
     0
1002
}
1002
{
1000
REACTOR
1002
}
1001
GENIUS_GENOBJ-N-CEN_13
1002
{
1000
OWNER
1000
GEN
1002
}
  0
ARC
  5
961
330
2
100
AcDbEntity
  8
HALFEN-KONSOLANKER
100
AcDbCircle
 10
4065.129223490954
 20
-1451.226900351814
 30
0.0
 40
5.5
100
AcDbArc
 50
270.0
 51
90.0
  0
LINE
  5
962
330
2
100
AcDbEntity
  8
HALFEN-KONSOLANKER
  6
MITTELLINIE
 62
     1
 48
10.0
100
AcDbLine
 10
4058.129223490953
 20
-1440.726900351814
 30
0.0
 11
4058.129223490953
 21
-1461.726900351814
 31
0.0
  0
POINT
  5
963
330
2
100
AcDbEntity
  8
HALFEN-KONSOLANKER
100
AcDbPoint
 10
4058.129223490953
 20
-1429.226900351814
 30
0.0
  0
POINT
  5
964
330
2
100
AcDbEntity
  8
HALFEN-KONSOLANKER
100
AcDbPoint
 10
4058.129223490953
 20
-1429.226900351814
 30
0.0
  0
ARC
  5
965
330
2
100
AcDbEntity
  8
HALFEN-KONSOLANKER
100
AcDbCircle
 10
4051.129223490954
 20
-1451.226900351814
 30
0.0
 40
5.5
100
AcDbArc
 50
90.0
 51
270.0
  0
LINE
  5
966
330
2
100
AcDbEntity
  8
HALFEN-KONSOLANKER
100
AcDbLine
 10
4056.129223490954
 20
-1464.226900351814
 30
0.0
 11
4060.129223490953
 21
-1464.226900351814
 31
0.0
  0
LINE
  5
967
330
2
100
AcDbEntity
  8
HALFEN-KONSOLANKER
100
AcDbLine
 10
4051.129223490954
 20
-1456.726900351814
 30
0.0
 11
4065.129223490954
 21
-1456.726900351814
 31
0.0
  0
LINE
  5
968
330
2
100
AcDbEntity
  8
HALFEN-KONSOLANKER
100
AcDbLine
 10
4051.129223490954
 20
-1445.726900351814
 30
0.0
 11
4065.129223490954
 21
-1445.726900351814
 31
0.0
  0
LINE
  5
969
330
2
100
AcDbEntity
  8
HALFEN-KONSOLANKER
100
AcDbLine
 10
4310.129223490954
 20
-1464.226900351814
 30
0.0
 11
4310.129223490954
 21
-1653.226900351814
 31
0.0
  0
LINE
  5
96A
330
2
100
AcDbEntity
  8
HALFEN-KONSOLANKER
100
AcDbLine
 10
4306.129223490954
 20
-1464.226900351814
 30
0.0
 11
4306.129223490954
 21
-1653.226900351814
 31
0.0
  0
LINE
  5
96B
330
2
100
AcDbEntity
  8
HALFEN-KONSOLANKER
100
AcDbLine
 10
4306.129223490954
 20
-1685.226900351814
 30
0.0
 11
4306.129223490954
 21
-1874.226900351814
 31
0.0
  0
LINE
  5
96C
330
2
100
AcDbEntity
  8
HALFEN-KONSOLANKER
100
AcDbLine
 10
4310.129223490954
 20
-1685.226900351814
 30
0.0
 11
4310.129223490954
 21
-1874.226900351814
 31
0.0
  0
LINE
  5
96D
330
2
100
AcDbEntity
  8
HALFEN-KONSOLANKER
100
AcDbLine
 10
4310.129223490954
 20
-1874.226900351814
 30
0.0
 11
4306.129223490954
 21
-1874.226900351814
 31
0.0
  0
LINE
  5
96E
330
2
100
AcDbEntity
  8
HALFEN-KONSOLANKER
  6
MITTELLINIE
 62
     1
 48
10.0
100
AcDbLine
 10
4308.129223490953
 20
-1674.226900351814
 30
0.0
 11
4308.129223490953
 21
-1690.226900351814
 31
0.0
  0
LINE
  5
96F
330
2
100
AcDbEntity
  8
HALFEN-KONSOLANKER
  6
VERDECKT
 62
     1
100
AcDbLine
 10
4295.629223490954
 20
-1685.226900351814
 30
0.0
 11
4295.629223490954
 21
-1679.226900351814
 31
0.0
  0
LINE
  5
970
330
2
100
AcDbEntity
  8
HALFEN-KONSOLANKER
  6
VERDECKT
 62
     1
100
AcDbLine
 10
4320.629223490954
 20
-1679.226900351814
 30
0.0
 11
4320.629223490954
 21
-1685.226900351814
 31
0.0
  0
ARC
  5
971
330
2
100
AcDbEntity
  8
HALFEN-KONSOLANKER
100
AcDbCircle
 10
4315.129223490954
 20
-1451.226900351814
 30
0.0
 40
5.5
100
AcDbArc
 50
270.0
 51
90.0
  0
LINE
  5
972
330
2
100
AcDbEntity
  8
HALFEN-KONSOLANKER
  6
MITTELLINIE
 62
     1
 48
10.0
100
AcDbLine
 10
4290.629223490954
 20
-1451.226900351814
 30
0.0
 11
4325.629223490954
 21
-1451.226900351814
 31
0.0
1001
GENIUS_GENODEF_13
1002
{
1000
HIER
1070
     0
1002
}
1002
{
1000
MANEDIT
1070
     0
1002
}
1002
{
1000
NOSEL
1070
     0
1002
}
1002
{
1000
BEHIND
1070
     0
1002
}
1002
{
1000
REACTOR
1002
}
1001
GENIUS_GENOBJ-N-CEN_13
1002
{
1000
OWNER
1000
GEN
1002
}
  0
LINE
  5
973
330
2
100
AcDbEntity
  8
HALFEN-KONSOLANKER
  6
MITTELLINIE
 62
     1
 48
10.0
100
AcDbLine
 10
4308.129223490953
 20
-1440.726900351814
 30
0.0
 11
4308.129223490953
 21
-1461.726900351814
 31
0.0
  0
LINE
  5
974
330
2
100
AcDbEntity
  8
HALFEN-KONSOLANKER
100
AcDbLine
 10
4306.129223490954
 20
-1464.226900351814
 30
0.0
 11
4310.129223490954
 21
-1464.226900351814
 31
0.0
  0
POINT
  5
975
330
2
100
AcDbEntity
  8
HALFEN-KONSOLANKER
100
AcDbPoint
 10
4308.129223490953
 20
-1429.226900351814
 30
0.0
  0
POINT
  5
976
330
2
100
AcDbEntity
  8
HALFEN-KONSOLANKER
100
AcDbPoint
 10
4308.129223490953
 20
-1429.226900351814
 30
0.0
  0
ARC
  5
977
330
2
100
AcDbEntity
  8
HALFEN-KONSOLANKER
100
AcDbCircle
 10
4301.129223490954
 20
-1451.226900351814
 30
0.0
 40
5.5
100
AcDbArc
 50
90.0
 51
270.0
  0
LINE
  5
978
330
2
100
AcDbEntity
  8
HALFEN-KONSOLANKER
100
AcDbLine
 10
4301.129223490954
 20
-1456.726900351814
 30
0.0
 11
4315.129223490954
 21
-1456.726900351814
 31
0.0
  0
LINE
  5
979
330
2
100
AcDbEntity
  8
HALFEN-KONSOLANKER
100
AcDbLine
 10
4301.129223490954
 20
-1445.726900351814
 30
0.0
 11
4315.129223490954
 21
-1445.726900351814
 31
0.0
  0
LINE
  5
97A
330
2
100
AcDbEntity
  8
HALFEN-KONSOLANKER
100
AcDbLine
 10
4433.129223490953
 20
-1429.226900351814
 30
0.0
 11
4433.129223490953
 21
-1659.226900351814
 31
0.0
  0
LINE
  5
97B
330
2
100
AcDbEntity
  8
HALFEN-KONSOLANKER
100
AcDbLine
 10
4433.129223490953
 20
-1909.226900351814
 30
0.0
 11
4433.129223490953
 21
-1679.226900351814
 31
0.0
  0
LINE
  5
97C
330
2
100
AcDbEntity
  8
HALFEN-KONSOLANKER
100
AcDbLine
 10
4453.129223490954
 20
-2519.226900351815
 30
0.0
 11
3953.129223490954
 21
-2519.226900351815
 31
0.0
  0
LINE
  5
97D
330
2
100
AcDbEntity
  8
HALFEN-KONSOLANKER
100
AcDbLine
 10
3953.129223490954
 20
-1999.226900351814
 30
0.0
 11
4453.129223490954
 21
-1999.226900351814
 31
0.0
  0
LINE
  5
97E
330
2
100
AcDbEntity
  8
HALFEN-KONSOLANKER
100
AcDbLine
 10
4453.129223490954
 20
-2275.226900351814
 30
0.0
 11
3953.129223490954
 21
-2275.226900351814
 31
0.0
  0
LINE
  5
97F
330
2
100
AcDbEntity
  8
HALFEN-KONSOLANKER
100
AcDbLine
 10
3953.129223490954
 20
-2243.226900351814
 30
0.0
 11
4453.129223490954
 21
-2243.226900351814
 31
0.0
  0
LINE
  5
980
330
2
100
AcDbEntity
  8
HALFEN-KONSOLANKER
100
AcDbLine
 10
3953.129223490954
 20
-2249.226900351815
 30
0.0
 11
4453.129223490954
 21
-2249.226900351815
 31
0.0
  0
LINE
  5
981
330
2
100
AcDbEntity
  8
HALFEN-KONSOLANKER
100
AcDbLine
 10
4453.129223490954
 20
-2269.226900351815
 30
0.0
 11
3953.129223490954
 21
-2269.226900351815
 31
0.0
  0
LINE
  5
982
330
2
100
AcDbEntity
  8
HALFEN-KONSOLANKER
100
AcDbLine
 10
3953.129223490954
 20
-2519.226900351815
 30
0.0
 11
3953.129223490954
 21
-2269.226900351815
 31
0.0
  0
LINE
  5
983
330
2
100
AcDbEntity
  8
HALFEN-KONSOLANKER
100
AcDbLine
 10
3921.129223490954
 20
-2243.226900351814
 30
0.0
 11
3683.129223490954
 21
-2243.226900351814
 31
0.0
  0
LINE
  5
984
330
2
100
AcDbEntity
  8
HALFEN-KONSOLANKER
100
AcDbLine
 10
3921.129223490954
 20
-2249.226900351815
 30
0.0
 11
3683.129223490954
 21
-2249.226900351815
 31
0.0
  0
LINE
  5
985
330
2
100
AcDbEntity
  8
HALFEN-KONSOLANKER
100
AcDbLine
 10
3927.129223490954
 20
-2076.653307223008
 30
0.0
 11
3760.555630362148
 21
-2243.226900351814
 31
0.0
  0
LINE
  5
986
330
2
100
AcDbEntity
  8
HALFEN-KONSOLANKER
100
AcDbLine
 10
3927.129223490954
 20
-2034.226900351815
 30
0.0
 11
3718.129223490954
 21
-2243.226900351814
 31
0.0
  0
TEXT
  5
987
330
2
100
AcDbEntity
  8
HALFEN-KONSOLANKER
100
AcDbText
 10
3738.129223490954
 20
-1966.726900351815
 30
0.0
 40
5.0
  1
Halfen Konsolwinkel KWL - 3,2 - 250 - 500
  7
ARIAL50
100
AcDbText
  0
LINE
  5
988
330
2
100
AcDbEntity
  8
HALFEN-KONSOLANKER
100
AcDbLine
 10
3683.129223490954
 20
-1987.226900351814
 30
0.0
 11
3883.129223490954
 21
-1987.226900351814
 31
0.0
  0
LINE
  5
989
330
2
100
AcDbEntity
  8
HALFEN-KONSOLANKER
100
AcDbLine
 10
3683.129223490954
 20
-1977.226900351814
 30
0.0
 11
3883.129223490954
 21
-1977.226900351814
 31
0.0
  0
LINE
  5
98A
330
2
100
AcDbEntity
  8
HALFEN-KONSOLANKER
100
AcDbLine
 10
3683.129223490954
 20
-1959.226900351814
 30
0.0
 11
3883.129223490954
 21
-1959.226900351814
 31
0.0
  0
LINE
  5
98B
330
2
100
AcDbEntity
  8
HALFEN-KONSOLANKER
100
AcDbLine
 10
3683.129223490954
 20
-2243.226900351814
 30
0.0
 11
3683.129223490954
 21
-2249.226900351815
 31
0.0
  0
TEXT
  5
98C
330
2
100
AcDbEntity
  8
HALFEN-KONSOLANKER
100
AcDbText
 10
3688.129223490954
 20
-1984.726900351814
 30
0.0
 40
5.0
  1
Id. Nr.
  7
ARIAL50
100
AcDbText
  0
TEXT
  5
98D
330
2
100
AcDbEntity
  8
HALFEN-KONSOLANKER
100
AcDbText
 10
3688.129223490954
 20
-1966.726900351815
 30
0.0
 40
5.0
  1
Benennung
  7
ARIAL50
100
AcDbText
  0
TEXT
  5
98E
330
2
100
AcDbEntity
  8
HALFEN-KONSOLANKER
100
AcDbText
 10
3683.129223490954
 20
-1956.726900351814
 30
0.0
 40
5.0
  1
A4
  7
ARIAL50
100
AcDbText
  0
LINE
  5
98F
330
2
100
AcDbEntity
  8
HALFEN-KONSOLANKER
100
AcDbLine
 10
3683.129223490954
 20
-1987.226900351814
 30
0.0
 11
3683.129223490954
 21
-1959.226900351814
 31
0.0
  0
TEXT
  5
990
330
2
100
AcDbEntity
  8
HALFEN-KONSOLANKER
100
AcDbText
 10
3738.129223490954
 20
-1984.726900351814
 30
0.0
 40
5.0
  1
0112.010-00040
  7
ARIAL50
100
AcDbText
  0
LINE
  5
991
330
2
100
AcDbEntity
  8
HALFEN-KONSOLANKER
100
AcDbLine
 10
3733.129223490954
 20
-1987.226900351814
 30
0.0
 11
3733.129223490954
 21
-1959.226900351814
 31
0.0
  0
LINE
  5
992
330
2
100
AcDbEntity
  8
HALFEN-KONSOLANKER
100
AcDbLine
 10
4080.129223490954
 20
-2034.226900351814
 30
0.0
 11
4080.129223490954
 21
-2243.226900351814
 31
0.0
  0
LINE
  5
993
330
2
100
AcDbEntity
  8
HALFEN-KONSOLANKER
100
AcDbLine
 10
4076.129223490954
 20
-2034.226900351814
 30
0.0
 11
4076.129223490954
 21
-2243.226900351814
 31
0.0
  0
LINE
  5
994
330
2
100
AcDbEntity
  8
HALFEN-KONSOLANKER
100
AcDbLine
 10
3933.129223490954
 20
-1999.226900351814
 30
0.0
 11
3933.129223490954
 21
-2237.226900351815
 31
0.0
  0
LINE
  5
995
330
2
100
AcDbEntity
  8
HALFEN-KONSOLANKER
100
AcDbLine
 10
3927.129223490954
 20
-1999.226900351814
 30
0.0
 11
3927.129223490954
 21
-2237.226900351815
 31
0.0
  0
LINE
  5
996
330
2
100
AcDbEntity
  8
HALFEN-KONSOLANKER
100
AcDbLine
 10
3953.129223490954
 20
-1999.226900351814
 30
0.0
 11
3953.129223490954
 21
-2249.226900351815
 31
0.0
  0
ARC
  5
997
330
2
100
AcDbEntity
  8
HALFEN-KONSOLANKER
100
AcDbCircle
 10
3921.129223490954
 20
-2237.226900351815
 30
0.0
 40
12.0
100
AcDbArc
 50
270.0
 51
0.0
1001
GENIUS_GENODEF_13
1002
{
1000
HIER
1070
     0
1002
}
1002
{
1000
MANEDIT
1070
     0
1002
}
1002
{
1000
NOSEL
1070
     0
1002
}
1002
{
1000
BEHIND
1070
     0
1002
}
1002
{
1000
REACTOR
1002
}
1001
GENIUS_GENOBJ-N-FIL_13
1002
{
1000
OWNER
1000
GEN
1002
}
  0
ARC
  5
998
330
2
100
AcDbEntity
  8
HALFEN-KONSOLANKER
100
AcDbCircle
 10
3921.129223490954
 20
-2237.226900351815
 30
0.0
 40
6.0
100
AcDbArc
 50
270.0
 51
0.0
1001
GENIUS_GENODEF_13
1002
{
1000
HIER
1070
     0
1002
}
1002
{
1000
MANEDIT
1070
     0
1002
}
1002
{
1000
NOSEL
1070
     0
1002
}
1002
{
1000
BEHIND
1070
     0
1002
}
1002
{
1000
REACTOR
1002
}
1001
GENIUS_GENOBJ-N-FIL_13
1002
{
1000
OWNER
1000
GEN
1002
}
  0
LINE
  5
999
330
2
100
AcDbEntity
  8
HALFEN-KONSOLANKER
100
AcDbLine
 10
4076.129223490954
 20
-2275.226900351814
 30
0.0
 11
4076.129223490954
 21
-2484.226900351814
 31
0.0
  0
LINE
  5
99A
330
2
100
AcDbEntity
  8
HALFEN-KONSOLANKER
100
AcDbLine
 10
4080.129223490954
 20
-2275.226900351814
 30
0.0
 11
4080.129223490954
 21
-2484.226900351814
 31
0.0
  0
LINE
  5
99B
330
2
100
AcDbEntity
  8
HALFEN-KONSOLANKER
100
AcDbLine
 10
4080.129223490954
 20
-2484.226900351814
 30
0.0
 11
4076.129223490954
 21
-2484.226900351814
 31
0.0
  0
LINE
  5
99C
330
2
100
AcDbEntity
  8
HALFEN-KONSOLANKER
  6
MITTELLINIE
 62
     1
 48
10.0
100
AcDbLine
 10
4078.129223490953
 20
-2264.226900351815
 30
0.0
 11
4078.129223490953
 21
-2280.226900351815
 31
0.0
  0
LINE
  5
99D
330
2
100
AcDbEntity
  8
HALFEN-KONSOLANKER
  6
VERDECKT
 62
     1
100
AcDbLine
 10
4065.629223490954
 20
-2275.226900351814
 30
0.0
 11
4065.629223490954
 21
-2269.226900351815
 31
0.0
  0
LINE
  5
99E
330
2
100
AcDbEntity
  8
HALFEN-KONSOLANKER
  6
VERDECKT
 62
     1
100
AcDbLine
 10
4090.629223490953
 20
-2269.226900351815
 30
0.0
 11
4090.629223490953
 21
-2275.226900351814
 31
0.0
  0
LINE
  5
99F
330
2
100
AcDbEntity
  8
HALFEN-KONSOLANKER
  6
VERDECKT
 62
     1
100
AcDbLine
 10
3927.129223490954
 20
-2026.726900351814
 30
0.0
 11
3933.129223490954
 21
-2026.726900351814
 31
0.0
  0
LINE
  5
9A0
330
2
100
AcDbEntity
  8
HALFEN-KONSOLANKER
  6
VERDECKT
 62
     1
100
AcDbLine
 10
3927.129223490954
 20
-2015.726900351815
 30
0.0
 11
3933.129223490954
 21
-2015.726900351815
 31
0.0
  0
LINE
  5
9A1
330
2
100
AcDbEntity
  8
HALFEN-KONSOLANKER
100
AcDbLine
 10
3927.129223490954
 20
-1999.226900351814
 30
0.0
 11
3933.129223490954
 21
-1999.226900351814
 31
0.0
  0
LINE
  5
9A2
330
2
100
AcDbEntity
  8
HALFEN-KONSOLANKER
  6
MITTELLINIE
 62
     1
 48
10.0
100
AcDbLine
 10
3922.129223490954
 20
-2021.226900351814
 30
0.0
 11
3938.129223490954
 21
-2021.226900351814
 31
0.0
1001
GENIUS_GENODEF_13
1002
{
1000
HIER
1070
     0
1002
}
1002
{
1000
MANEDIT
1070
     0
1002
}
1002
{
1000
NOSEL
1070
     0
1002
}
1002
{
1000
BEHIND
1070
     0
1002
}
1002
{
1000
REACTOR
1002
}
1001
GENIUS_GENOBJ-N-CEN_13
1002
{
1000
OWNER
1000
GEN
1002
}
  0
LINE
  5
9A3
330
2
100
AcDbEntity
  8
HALFEN-KONSOLANKER
100
AcDbLine
 10
3883.129223490954
 20
-1987.226900351814
 30
0.0
 11
3883.129223490954
 21
-1959.226900351814
 31
0.0
  0
LINE
  5
9A4
330
2
100
AcDbEntity
  8
HALFEN-KONSOLANKER
100
AcDbLine
 10
4071.129223490953
 20
-2026.726900351814
 30
0.0
 11
4085.129223490953
 21
-2026.726900351814
 31
0.0
  0
LINE
  5
9A5
330
2
100
AcDbEntity
  8
HALFEN-KONSOLANKER
100
AcDbLine
 10
4071.129223490953
 20
-2015.726900351815
 30
0.0
 11
4085.129223490953
 21
-2015.726900351815
 31
0.0
  0
LINE
  5
9A6
330
2
100
AcDbEntity
  8
HALFEN-KONSOLANKER
  6
MITTELLINIE
 62
     1
 48
10.0
100
AcDbLine
 10
4060.629223490954
 20
-2021.226900351814
 30
0.0
 11
4095.629223490954
 21
-2021.226900351814
 31
0.0
1001
GENIUS_GENODEF_13
1002
{
1000
HIER
1070
     0
1002
}
1002
{
1000
MANEDIT
1070
     0
1002
}
1002
{
1000
NOSEL
1070
     0
1002
}
1002
{
1000
BEHIND
1070
     0
1002
}
1002
{
1000
REACTOR
1002
}
1001
GENIUS_GENOBJ-N-CEN_13
1002
{
1000
OWNER
1000
GEN
1002
}
  0
ARC
  5
9A7
330
2
100
AcDbEntity
  8
HALFEN-KONSOLANKER
100
AcDbCircle
 10
4071.129223490953
 20
-2021.226900351814
 30
0.0
 40
5.5
100
AcDbArc
 50
90.0
 51
270.0
  0
ARC
  5
9A8
330
2
100
AcDbEntity
  8
HALFEN-KONSOLANKER
100
AcDbCircle
 10
4085.129223490953
 20
-2021.226900351814
 30
0.0
 40
5.5
100
AcDbArc
 50
270.0
 51
90.0
  0
LINE
  5
9A9
330
2
100
AcDbEntity
  8
HALFEN-KONSOLANKER
  6
MITTELLINIE
 62
     1
 48
10.0
100
AcDbLine
 10
4078.129223490953
 20
-2010.726900351814
 30
0.0
 11
4078.129223490953
 21
-2031.726900351815
 31
0.0
  0
POINT
  5
9AA
330
2
100
AcDbEntity
  8
HALFEN-KONSOLANKER
100
AcDbPoint
 10
4078.129223490953
 20
-1999.226900351814
 30
0.0
  0
POINT
  5
9AB
330
2
100
AcDbEntity
  8
HALFEN-KONSOLANKER
100
AcDbPoint
 10
4078.129223490953
 20
-1999.226900351814
 30
0.0
  0
LINE
  5
9AC
330
2
100
AcDbEntity
  8
HALFEN-KONSOLANKER
100
AcDbLine
 10
4076.129223490954
 20
-2034.226900351814
 30
0.0
 11
4080.129223490954
 21
-2034.226900351814
 31
0.0
  0
LINE
  5
9AD
330
2
100
AcDbEntity
  8
HALFEN-KONSOLANKER
100
AcDbLine
 10
4453.129223490954
 20
-2519.226900351815
 30
0.0
 11
4453.129223490954
 21
-2269.226900351815
 31
0.0
  0
LINE
  5
9AE
330
2
100
AcDbEntity
  8
HALFEN-KONSOLANKER
100
AcDbLine
 10
4326.129223490954
 20
-2034.226900351814
 30
0.0
 11
4326.129223490954
 21
-2243.226900351814
 31
0.0
  0
LINE
  5
9AF
330
2
100
AcDbEntity
  8
HALFEN-KONSOLANKER
100
AcDbLine
 10
4330.129223490954
 20
-2034.226900351814
 30
0.0
 11
4330.129223490954
 21
-2243.226900351814
 31
0.0
  0
LINE
  5
9B0
330
2
100
AcDbEntity
  8
HALFEN-KONSOLANKER
100
AcDbLine
 10
4330.129223490954
 20
-2275.226900351814
 30
0.0
 11
4330.129223490954
 21
-2484.226900351814
 31
0.0
  0
LINE
  5
9B1
330
2
100
AcDbEntity
  8
HALFEN-KONSOLANKER
100
AcDbLine
 10
4326.129223490954
 20
-2275.226900351814
 30
0.0
 11
4326.129223490954
 21
-2484.226900351814
 31
0.0
  0
LINE
  5
9B2
330
2
100
AcDbEntity
  8
HALFEN-KONSOLANKER
100
AcDbLine
 10
4330.129223490954
 20
-2484.226900351814
 30
0.0
 11
4326.129223490954
 21
-2484.226900351814
 31
0.0
  0
LINE
  5
9B3
330
2
100
AcDbEntity
  8
HALFEN-KONSOLANKER
  6
VERDECKT
 62
     1
100
AcDbLine
 10
4315.629223490954
 20
-2275.226900351814
 30
0.0
 11
4315.629223490954
 21
-2269.226900351815
 31
0.0
  0
LINE
  5
9B4
330
2
100
AcDbEntity
  8
HALFEN-KONSOLANKER
  6
MITTELLINIE
 62
     1
 48
10.0
100
AcDbLine
 10
4328.129223490954
 20
-2264.226900351815
 30
0.0
 11
4328.129223490954
 21
-2280.226900351815
 31
0.0
  0
LINE
  5
9B5
330
2
100
AcDbEntity
  8
HALFEN-KONSOLANKER
  6
VERDECKT
 62
     1
100
AcDbLine
 10
4340.629223490954
 20
-2269.226900351815
 30
0.0
 11
4340.629223490954
 21
-2275.226900351814
 31
0.0
  0
ARC
  5
9B6
330
2
100
AcDbEntity
  8
HALFEN-KONSOLANKER
100
AcDbCircle
 10
4321.129223490954
 20
-2021.226900351814
 30
0.0
 40
5.5
100
AcDbArc
 50
90.0
 51
270.0
  0
LINE
  5
9B7
330
2
100
AcDbEntity
  8
HALFEN-KONSOLANKER
  6
MITTELLINIE
 62
     1
 48
10.0
100
AcDbLine
 10
4310.629223490955
 20
-2021.226900351814
 30
0.0
 11
4345.629223490954
 21
-2021.226900351814
 31
0.0
1001
GENIUS_GENODEF_13
1002
{
1000
HIER
1070
     0
1002
}
1002
{
1000
MANEDIT
1070
     0
1002
}
1002
{
1000
NOSEL
1070
     0
1002
}
1002
{
1000
BEHIND
1070
     0
1002
}
1002
{
1000
REACTOR
1002
}
1001
GENIUS_GENOBJ-N-CEN_13
1002
{
1000
OWNER
1000
GEN
1002
}
  0
LINE
  5
9B8
330
2
100
AcDbEntity
  8
HALFEN-KONSOLANKER
  6
MITTELLINIE
 62
     1
 48
10.0
100
AcDbLine
 10
4328.129223490954
 20
-2010.726900351814
 30
0.0
 11
4328.129223490954
 21
-2031.726900351815
 31
0.0
  0
LINE
  5
9B9
330
2
100
AcDbEntity
  8
HALFEN-KONSOLANKER
100
AcDbLine
 10
4326.129223490954
 20
-2034.226900351814
 30
0.0
 11
4330.129223490954
 21
-2034.226900351814
 31
0.0
  0
POINT
  5
9BA
330
2
100
AcDbEntity
  8
HALFEN-KONSOLANKER
100
AcDbPoint
 10
4328.129223490954
 20
-1999.226900351814
 30
0.0
  0
POINT
  5
9BB
330
2
100
AcDbEntity
  8
HALFEN-KONSOLANKER
100
AcDbPoint
 10
4328.129223490954
 20
-1999.226900351814
 30
0.0
  0
LINE
  5
9BC
330
2
100
AcDbEntity
  8
HALFEN-KONSOLANKER
100
AcDbLine
 10
4321.129223490954
 20
-2026.726900351814
 30
0.0
 11
4335.129223490954
 21
-2026.726900351814
 31
0.0
  0
LINE
  5
9BD
330
2
100
AcDbEntity
  8
HALFEN-KONSOLANKER
100
AcDbLine
 10
4321.129223490954
 20
-2015.726900351815
 30
0.0
 11
4335.129223490954
 21
-2015.726900351815
 31
0.0
  0
ARC
  5
9BE
330
2
100
AcDbEntity
  8
HALFEN-KONSOLANKER
100
AcDbCircle
 10
4335.129223490954
 20
-2021.226900351814
 30
0.0
 40
5.5
100
AcDbArc
 50
270.0
 51
90.0
  0
LINE
  5
9BF
330
2
100
AcDbEntity
  8
HALFEN-KONSOLANKER
100
AcDbLine
 10
4453.129223490954
 20
-1999.226900351814
 30
0.0
 11
4453.129223490954
 21
-2249.226900351815
 31
0.0
  0
LINE
  5
9C0
330
2
100
AcDbEntity
  8
HALFEN-KONSOLANKER
100
AcDbLine
 10
4353.129223490954
 20
130.7730996481851
 30
0.0
 11
3853.129223490954
 21
130.7730996481851
 31
0.0
  0
LINE
  5
9C1
330
2
100
AcDbEntity
  8
HALFEN-KONSOLANKER
100
AcDbLine
 10
3853.129223490954
 20
450.7730996481852
 30
0.0
 11
4353.129223490954
 21
450.7730996481852
 31
0.0
  0
LINE
  5
9C2
330
2
100
AcDbEntity
  8
HALFEN-KONSOLANKER
100
AcDbLine
 10
4353.129223490954
 20
274.7730996481852
 30
0.0
 11
3853.129223490954
 21
274.7730996481852
 31
0.0
  0
LINE
  5
9C3
330
2
100
AcDbEntity
  8
HALFEN-KONSOLANKER
100
AcDbLine
 10
3853.129223490954
 20
306.7730996481852
 30
0.0
 11
4353.129223490954
 21
306.7730996481852
 31
0.0
  0
LINE
  5
9C4
330
2
100
AcDbEntity
  8
HALFEN-KONSOLANKER
100
AcDbLine
 10
3853.129223490954
 20
300.7730996481852
 30
0.0
 11
4353.129223490954
 21
300.7730996481852
 31
0.0
  0
LINE
  5
9C5
330
2
100
AcDbEntity
  8
HALFEN-KONSOLANKER
100
AcDbLine
 10
4353.129223490954
 20
280.7730996481851
 30
0.0
 11
3853.129223490954
 21
280.7730996481851
 31
0.0
  0
LINE
  5
9C6
330
2
100
AcDbEntity
  8
HALFEN-KONSOLANKER
100
AcDbLine
 10
3853.129223490954
 20
130.7730996481851
 30
0.0
 11
3853.129223490954
 21
280.7730996481851
 31
0.0
  0
LINE
  5
9C7
330
2
100
AcDbEntity
  8
HALFEN-KONSOLANKER
100
AcDbLine
 10
3976.129223490954
 20
274.7730996481852
 30
0.0
 11
3976.129223490954
 21
165.7730996481851
 31
0.0
  0
LINE
  5
9C8
330
2
100
AcDbEntity
  8
HALFEN-KONSOLANKER
100
AcDbLine
 10
3980.129223490954
 20
274.7730996481852
 30
0.0
 11
3980.129223490954
 21
165.7730996481851
 31
0.0
  0
LINE
  5
9C9
330
2
100
AcDbEntity
  8
HALFEN-KONSOLANKER
100
AcDbLine
 10
3980.129223490954
 20
165.7730996481851
 30
0.0
 11
3976.129223490954
 21
165.7730996481851
 31
0.0
  0
TEXT
  5
9CA
330
2
100
AcDbEntity
  8
HALFEN-KONSOLANKER
100
AcDbText
 10
3738.129223490954
 20
483.2730996481851
 30
0.0
 40
5.0
  1
Halfen Konsolwinkel KWL - 3,2 - 150 - 500
  7
ARIAL50
100
AcDbText
  0
LINE
  5
9CB
330
2
100
AcDbEntity
  8
HALFEN-KONSOLANKER
100
AcDbLine
 10
3821.129223490954
 20
306.7730996481852
 30
0.0
 11
3683.129223490954
 21
306.7730996481852
 31
0.0
  0
LINE
  5
9CC
330
2
100
AcDbEntity
  8
HALFEN-KONSOLANKER
100
AcDbLine
 10
3821.129223490954
 20
300.7730996481852
 30
0.0
 11
3683.129223490954
 21
300.7730996481852
 31
0.0
  0
LINE
  5
9CD
330
2
100
AcDbEntity
  8
HALFEN-KONSOLANKER
100
AcDbLine
 10
3827.129223490955
 20
373.3466927769918
 30
0.0
 11
3760.555630362148
 21
306.7730996481852
 31
0.0
  0
LINE
  5
9CE
330
2
100
AcDbEntity
  8
HALFEN-KONSOLANKER
100
AcDbLine
 10
3827.129223490954
 20
415.7730996481848
 30
0.0
 11
3718.129223490954
 21
306.7730996481852
 31
0.0
  0
LINE
  5
9CF
330
2
100
AcDbEntity
  8
HALFEN-KONSOLANKER
100
AcDbLine
 10
3683.129223490954
 20
462.7730996481851
 30
0.0
 11
3883.129223490954
 21
462.7730996481851
 31
0.0
  0
LINE
  5
9D0
330
2
100
AcDbEntity
  8
HALFEN-KONSOLANKER
100
AcDbLine
 10
3683.129223490954
 20
472.7730996481851
 30
0.0
 11
3883.129223490954
 21
472.7730996481851
 31
0.0
  0
LINE
  5
9D1
330
2
100
AcDbEntity
  8
HALFEN-KONSOLANKER
100
AcDbLine
 10
3683.129223490954
 20
490.7730996481851
 30
0.0
 11
3883.129223490954
 21
490.7730996481851
 31
0.0
  0
TEXT
  5
9D2
330
2
100
AcDbEntity
  8
HALFEN-KONSOLANKER
100
AcDbText
 10
3683.129223490954
 20
493.2730996481851
 30
0.0
 40
5.0
  1
A4
  7
ARIAL50
100
AcDbText
  0
LINE
  5
9D3
330
2
100
AcDbEntity
  8
HALFEN-KONSOLANKER
100
AcDbLine
 10
3683.129223490954
 20
306.7730996481852
 30
0.0
 11
3683.129223490954
 21
300.7730996481852
 31
0.0
  0
TEXT
  5
9D4
330
2
100
AcDbEntity
  8
HALFEN-KONSOLANKER
100
AcDbText
 10
3688.129223490954
 20
465.2730996481851
 30
0.0
 40
5.0
  1
Id. Nr.
  7
ARIAL50
100
AcDbText
  0
TEXT
  5
9D5
330
2
100
AcDbEntity
  8
HALFEN-KONSOLANKER
100
AcDbText
 10
3688.129223490954
 20
483.2730996481851
 30
0.0
 40
5.0
  1
Benennung
  7
ARIAL50
100
AcDbText
  0
LINE
  5
9D6
330
2
100
AcDbEntity
  8
HALFEN-KONSOLANKER
100
AcDbLine
 10
3683.129223490954
 20
462.7730996481851
 30
0.0
 11
3683.129223490954
 21
490.7730996481851
 31
0.0
  0
TEXT
  5
9D7
330
2
100
AcDbEntity
  8
HALFEN-KONSOLANKER
100
AcDbText
 10
3738.129223490954
 20
465.2730996481851
 30
0.0
 40
5.0
  1
0112.010-00025
  7
ARIAL50
100
AcDbText
  0
LINE
  5
9D8
330
2
100
AcDbEntity
  8
HALFEN-KONSOLANKER
100
AcDbLine
 10
3733.129223490954
 20
462.7730996481851
 30
0.0
 11
3733.129223490954
 21
490.7730996481851
 31
0.0
  0
LINE
  5
9D9
330
2
100
AcDbEntity
  8
HALFEN-KONSOLANKER
100
AcDbLine
 10
3833.129223490954
 20
450.7730996481852
 30
0.0
 11
3833.129223490954
 21
312.7730996481852
 31
0.0
  0
LINE
  5
9DA
330
2
100
AcDbEntity
  8
HALFEN-KONSOLANKER
100
AcDbLine
 10
3827.129223490954
 20
450.7730996481852
 30
0.0
 11
3827.129223490954
 21
312.7730996481852
 31
0.0
  0
LINE
  5
9DB
330
2
100
AcDbEntity
  8
HALFEN-KONSOLANKER
100
AcDbLine
 10
3853.129223490954
 20
450.7730996481852
 30
0.0
 11
3853.129223490954
 21
300.7730996481852
 31
0.0
  0
ARC
  5
9DC
330
2
100
AcDbEntity
  8
HALFEN-KONSOLANKER
100
AcDbCircle
 10
3821.129223490954
 20
312.7730996481852
 30
0.0
 40
12.0
100
AcDbArc
 50
270.0
 51
0.0
1001
GENIUS_GENODEF_13
1002
{
1000
HIER
1070
     0
1002
}
1002
{
1000
MANEDIT
1070
     0
1002
}
1002
{
1000
NOSEL
1070
     0
1002
}
1002
{
1000
BEHIND
1070
     0
1002
}
1002
{
1000
REACTOR
1002
}
1001
GENIUS_GENOBJ-N-FIL_13
1002
{
1000
OWNER
1000
GEN
1002
}
  0
ARC
  5
9DD
330
2
100
AcDbEntity
  8
HALFEN-KONSOLANKER
100
AcDbCircle
 10
3821.129223490954
 20
312.7730996481852
 30
0.0
 40
6.0
100
AcDbArc
 50
270.0
 51
0.0
1001
GENIUS_GENODEF_13
1002
{
1000
HIER
1070
     0
1002
}
1002
{
1000
MANEDIT
1070
     0
1002
}
1002
{
1000
NOSEL
1070
     0
1002
}
1002
{
1000
BEHIND
1070
     0
1002
}
1002
{
1000
REACTOR
1002
}
1001
GENIUS_GENOBJ-N-FIL_13
1002
{
1000
OWNER
1000
GEN
1002
}
  0
LINE
  5
9DE
330
2
100
AcDbEntity
  8
HALFEN-KONSOLANKER
  6
VERDECKT
 62
     1
100
AcDbLine
 10
3827.129223490954
 20
423.2730996481851
 30
0.0
 11
3833.129223490954
 21
423.2730996481851
 31
0.0
  0
LINE
  5
9DF
330
2
100
AcDbEntity
  8
HALFEN-KONSOLANKER
  6
MITTELLINIE
 62
     1
 48
10.0
100
AcDbLine
 10
3822.129223490954
 20
428.7730996481851
 30
0.0
 11
3838.129223490954
 21
428.7730996481851
 31
0.0
1001
GENIUS_GENODEF_13
1002
{
1000
HIER
1070
     0
1002
}
1002
{
1000
MANEDIT
1070
     0
1002
}
1002
{
1000
NOSEL
1070
     0
1002
}
1002
{
1000
BEHIND
1070
     0
1002
}
1002
{
1000
REACTOR
1002
}
1001
GENIUS_GENOBJ-N-CEN_13
1002
{
1000
OWNER
1000
GEN
1002
}
  0
LINE
  5
9E0
330
2
100
AcDbEntity
  8
HALFEN-KONSOLANKER
100
AcDbLine
 10
3827.129223490954
 20
450.7730996481852
 30
0.0
 11
3833.129223490954
 21
450.7730996481852
 31
0.0
  0
LINE
  5
9E1
330
2
100
AcDbEntity
  8
HALFEN-KONSOLANKER
  6
VERDECKT
 62
     1
100
AcDbLine
 10
3827.129223490954
 20
434.2730996481852
 30
0.0
 11
3833.129223490954
 21
434.2730996481852
 31
0.0
  0
LINE
  5
9E2
330
2
100
AcDbEntity
  8
HALFEN-KONSOLANKER
100
AcDbLine
 10
3883.129223490954
 20
462.7730996481851
 30
0.0
 11
3883.129223490954
 21
490.7730996481851
 31
0.0
  0
LINE
  5
9E3
330
2
100
AcDbEntity
  8
HALFEN-KONSOLANKER
100
AcDbLine
 10
3980.129223490954
 20
415.7730996481851
 30
0.0
 11
3980.129223490954
 21
306.7730996481852
 31
0.0
  0
LINE
  5
9E4
330
2
100
AcDbEntity
  8
HALFEN-KONSOLANKER
100
AcDbLine
 10
3976.129223490954
 20
415.7730996481851
 30
0.0
 11
3976.129223490954
 21
306.7730996481852
 31
0.0
  0
LINE
  5
9E5
330
2
100
AcDbEntity
  8
HALFEN-KONSOLANKER
  6
VERDECKT
 62
     1
100
AcDbLine
 10
3965.629223490953
 20
274.7730996481852
 30
0.0
 11
3965.629223490953
 21
280.7730996481851
 31
0.0
  0
LINE
  5
9E6
330
2
100
AcDbEntity
  8
HALFEN-KONSOLANKER
  6
MITTELLINIE
 62
     1
 48
10.0
100
AcDbLine
 10
3978.129223490954
 20
285.7730996481852
 30
0.0
 11
3978.129223490954
 21
269.7730996481852
 31
0.0
  0
LINE
  5
9E7
330
2
100
AcDbEntity
  8
HALFEN-KONSOLANKER
  6
VERDECKT
 62
     1
100
AcDbLine
 10
3990.629223490954
 20
280.7730996481851
 30
0.0
 11
3990.629223490954
 21
274.7730996481852
 31
0.0
  0
ARC
  5
9E8
330
2
100
AcDbEntity
  8
HALFEN-KONSOLANKER
100
AcDbCircle
 10
3971.129223490954
 20
428.7730996481851
 30
0.0
 40
5.5
100
AcDbArc
 50
90.0
 51
270.0
  0
LINE
  5
9E9
330
2
100
AcDbEntity
  8
HALFEN-KONSOLANKER
  6
MITTELLINIE
 62
     1
 48
10.0
100
AcDbLine
 10
3978.129223490954
 20
439.2730996481851
 30
0.0
 11
3978.129223490954
 21
418.2730996481851
 31
0.0
  0
ARC
  5
9EA
330
2
100
AcDbEntity
  8
HALFEN-KONSOLANKER
100
AcDbCircle
 10
3985.129223490954
 20
428.7730996481851
 30
0.0
 40
5.5
100
AcDbArc
 50
270.0
 51
90.0
  0
LINE
  5
9EB
330
2
100
AcDbEntity
  8
HALFEN-KONSOLANKER
100
AcDbLine
 10
3971.129223490954
 20
423.2730996481851
 30
0.0
 11
3985.129223490954
 21
423.2730996481851
 31
0.0
  0
LINE
  5
9EC
330
2
100
AcDbEntity
  8
HALFEN-KONSOLANKER
  6
MITTELLINIE
 62
     1
 48
10.0
100
AcDbLine
 10
3960.629223490954
 20
428.7730996481851
 30
0.0
 11
3995.629223490954
 21
428.7730996481851
 31
0.0
1001
GENIUS_GENODEF_13
1002
{
1000
HIER
1070
     0
1002
}
1002
{
1000
MANEDIT
1070
     0
1002
}
1002
{
1000
NOSEL
1070
     0
1002
}
1002
{
1000
BEHIND
1070
     0
1002
}
1002
{
1000
REACTOR
1002
}
1001
GENIUS_GENOBJ-N-CEN_13
1002
{
1000
OWNER
1000
GEN
1002
}
  0
LINE
  5
9ED
330
2
100
AcDbEntity
  8
HALFEN-KONSOLANKER
100
AcDbLine
 10
3976.129223490954
 20
415.7730996481851
 30
0.0
 11
3980.129223490954
 21
415.7730996481851
 31
0.0
  0
LINE
  5
9EE
330
2
100
AcDbEntity
  8
HALFEN-KONSOLANKER
100
AcDbLine
 10
3971.129223490954
 20
434.2730996481852
 30
0.0
 11
3985.129223490954
 21
434.2730996481852
 31
0.0
  0
POINT
  5
9EF
330
2
100
AcDbEntity
  8
HALFEN-KONSOLANKER
100
AcDbPoint
 10
3978.129223490954
 20
450.7730996481852
 30
0.0
  0
POINT
  5
9F0
330
2
100
AcDbEntity
  8
HALFEN-KONSOLANKER
100
AcDbPoint
 10
3978.129223490954
 20
450.7730996481852
 30
0.0
  0
LINE
  5
9F1
330
2
100
AcDbEntity
  8
HALFEN-KONSOLANKER
100
AcDbLine
 10
4353.129223490954
 20
130.7730996481851
 30
0.0
 11
4353.129223490954
 21
280.7730996481851
 31
0.0
  0
LINE
  5
9F2
330
2
100
AcDbEntity
  8
HALFEN-KONSOLANKER
100
AcDbLine
 10
4230.129223490954
 20
274.7730996481852
 30
0.0
 11
4230.129223490954
 21
165.7730996481851
 31
0.0
  0
LINE
  5
9F3
330
2
100
AcDbEntity
  8
HALFEN-KONSOLANKER
100
AcDbLine
 10
4226.129223490953
 20
274.7730996481852
 30
0.0
 11
4226.129223490953
 21
165.7730996481851
 31
0.0
  0
LINE
  5
9F4
330
2
100
AcDbEntity
  8
HALFEN-KONSOLANKER
100
AcDbLine
 10
4230.129223490954
 20
165.7730996481851
 30
0.0
 11
4226.129223490953
 21
165.7730996481851
 31
0.0
  0
LINE
  5
9F5
330
2
100
AcDbEntity
  8
HALFEN-KONSOLANKER
100
AcDbLine
 10
4221.129223490954
 20
434.2730996481852
 30
0.0
 11
4235.129223490954
 21
434.2730996481852
 31
0.0
  0
LINE
  5
9F6
330
2
100
AcDbEntity
  8
HALFEN-KONSOLANKER
100
AcDbLine
 10
4221.129223490954
 20
423.2730996481851
 30
0.0
 11
4235.129223490954
 21
423.2730996481851
 31
0.0
  0
LINE
  5
9F7
330
2
100
AcDbEntity
  8
HALFEN-KONSOLANKER
100
AcDbLine
 10
4226.129223490953
 20
415.7730996481851
 30
0.0
 11
4230.129223490954
 21
415.7730996481851
 31
0.0
  0
LINE
  5
9F8
330
2
100
AcDbEntity
  8
HALFEN-KONSOLANKER
  6
MITTELLINIE
 62
     1
 48
10.0
100
AcDbLine
 10
4210.629223490954
 20
428.7730996481851
 30
0.0
 11
4245.629223490953
 21
428.7730996481851
 31
0.0
1001
GENIUS_GENODEF_13
1002
{
1000
HIER
1070
     0
1002
}
1002
{
1000
MANEDIT
1070
     0
1002
}
1002
{
1000
NOSEL
1070
     0
1002
}
1002
{
1000
BEHIND
1070
     0
1002
}
1002
{
1000
REACTOR
1002
}
1001
GENIUS_GENOBJ-N-CEN_13
1002
{
1000
OWNER
1000
GEN
1002
}
  0
LINE
  5
9F9
330
2
100
AcDbEntity
  8
HALFEN-KONSOLANKER
100
AcDbLine
 10
4226.129223490953
 20
415.7730996481851
 30
0.0
 11
4226.129223490953
 21
306.7730996481852
 31
0.0
  0
LINE
  5
9FA
330
2
100
AcDbEntity
  8
HALFEN-KONSOLANKER
  6
MITTELLINIE
 62
     1
 48
10.0
100
AcDbLine
 10
4228.129223490954
 20
285.7730996481852
 30
0.0
 11
4228.129223490954
 21
269.7730996481852
 31
0.0
  0
LINE
  5
9FB
330
2
100
AcDbEntity
  8
HALFEN-KONSOLANKER
  6
VERDECKT
 62
     1
100
AcDbLine
 10
4215.629223490954
 20
274.7730996481852
 30
0.0
 11
4215.629223490954
 21
280.7730996481851
 31
0.0
  0
ARC
  5
9FC
330
2
100
AcDbEntity
  8
HALFEN-KONSOLANKER
100
AcDbCircle
 10
4221.129223490954
 20
428.7730996481851
 30
0.0
 40
5.5
100
AcDbArc
 50
90.0
 51
270.0
  0
LINE
  5
9FD
330
2
100
AcDbEntity
  8
HALFEN-KONSOLANKER
  6
MITTELLINIE
 62
     1
 48
10.0
100
AcDbLine
 10
4228.129223490954
 20
439.2730996481851
 30
0.0
 11
4228.129223490954
 21
418.2730996481851
 31
0.0
  0
POINT
  5
9FE
330
2
100
AcDbEntity
  8
HALFEN-KONSOLANKER
100
AcDbPoint
 10
4228.129223490954
 20
450.7730996481852
 30
0.0
  0
POINT
  5
9FF
330
2
100
AcDbEntity
  8
HALFEN-KONSOLANKER
100
AcDbPoint
 10
4228.129223490954
 20
450.7730996481852
 30
0.0
  0
LINE
  5
A00
330
2
100
AcDbEntity
  8
HALFEN-KONSOLANKER
100
AcDbLine
 10
4353.129223490954
 20
450.7730996481852
 30
0.0
 11
4353.129223490954
 21
300.7730996481852
 31
0.0
  0
LINE
  5
A01
330
2
100
AcDbEntity
  8
HALFEN-KONSOLANKER
100
AcDbLine
 10
4230.129223490954
 20
415.7730996481851
 30
0.0
 11
4230.129223490954
 21
306.7730996481852
 31
0.0
  0
LINE
  5
A02
330
2
100
AcDbEntity
  8
HALFEN-KONSOLANKER
  6
VERDECKT
 62
     1
100
AcDbLine
 10
4240.629223490954
 20
280.7730996481851
 30
0.0
 11
4240.629223490954
 21
274.7730996481852
 31
0.0
  0
ARC
  5
A03
330
2
100
AcDbEntity
  8
HALFEN-KONSOLANKER
100
AcDbCircle
 10
4235.129223490954
 20
428.7730996481851
 30
0.0
 40
5.5
100
AcDbArc
 50
270.0
 51
90.0
  0
LINE
  5
A04
330
2
100
AcDbEntity
  8
HALFEN-KONSOLANKER
100
AcDbLine
 10
3873.129223490954
 20
40.77309964818539
 30
0.0
 11
4373.129223490955
 21
40.77309964818539
 31
0.0
  0
LINE
  5
A05
330
2
100
AcDbEntity
  8
HALFEN-KONSOLANKER
100
AcDbLine
 10
4373.129223490955
 20
-149.2269003518146
 30
0.0
 11
3873.129223490954
 21
-149.2269003518146
 31
0.0
  0
LINE
  5
A06
330
2
100
AcDbEntity
  8
HALFEN-KONSOLANKER
100
AcDbLine
 10
3873.129223490954
 20
-129.2269003518146
 30
0.0
 11
4373.129223490955
 21
-129.2269003518146
 31
0.0
  0
LINE
  5
A07
330
2
100
AcDbEntity
  8
HALFEN-KONSOLANKER
100
AcDbLine
 10
3873.129223490954
 20
-123.2269003518146
 30
0.0
 11
4373.129223490955
 21
-123.2269003518146
 31
0.0
  0
LINE
  5
A08
330
2
100
AcDbEntity
  8
HALFEN-KONSOLANKER
100
AcDbLine
 10
4373.129223490955
 20
-155.2269003518146
 30
0.0
 11
3873.129223490954
 21
-155.2269003518146
 31
0.0
  0
LINE
  5
A09
330
2
100
AcDbEntity
  8
HALFEN-KONSOLANKER
100
AcDbLine
 10
4373.129223490955
 20
-319.2269003518146
 30
0.0
 11
3873.129223490954
 21
-319.2269003518146
 31
0.0
  0
LINE
  5
A0A
330
2
100
AcDbEntity
  8
HALFEN-KONSOLANKER
100
AcDbLine
 10
3873.129223490954
 20
-319.2269003518146
 30
0.0
 11
3873.129223490954
 21
-149.2269003518146
 31
0.0
  0
LINE
  5
A0B
330
2
100
AcDbEntity
  8
HALFEN-KONSOLANKER
100
AcDbLine
 10
3847.129223490954
 20
5.773099648185052
 30
0.0
 11
3718.129223490954
 21
-123.2269003518146
 31
0.0
  0
LINE
  5
A0C
330
2
100
AcDbEntity
  8
HALFEN-KONSOLANKER
100
AcDbLine
 10
3847.129223490954
 20
-36.65330722300803
 30
0.0
 11
3760.555630362148
 21
-123.2269003518146
 31
0.0
  0
LINE
  5
A0D
330
2
100
AcDbEntity
  8
HALFEN-KONSOLANKER
100
AcDbLine
 10
3841.129223490954
 20
-129.2269003518146
 30
0.0
 11
3683.129223490954
 21
-129.2269003518146
 31
0.0
  0
LINE
  5
A0E
330
2
100
AcDbEntity
  8
HALFEN-KONSOLANKER
100
AcDbLine
 10
3841.129223490954
 20
-123.2269003518146
 30
0.0
 11
3683.129223490954
 21
-123.2269003518146
 31
0.0
  0
TEXT
  5
A0F
330
2
100
AcDbEntity
  8
HALFEN-KONSOLANKER
100
AcDbText
 10
3738.129223490954
 20
73.27309964818539
 30
0.0
 40
5.0
  1
Halfen Konsolwinkel KWL - 3,2 - 170 - 500
  7
ARIAL50
100
AcDbText
  0
LINE
  5
A10
330
2
100
AcDbEntity
  8
HALFEN-KONSOLANKER
100
AcDbLine
 10
3683.129223490954
 20
80.77309964818539
 30
0.0
 11
3883.129223490954
 21
80.77309964818539
 31
0.0
  0
LINE
  5
A11
330
2
100
AcDbEntity
  8
HALFEN-KONSOLANKER
100
AcDbLine
 10
3683.129223490954
 20
62.77309964818539
 30
0.0
 11
3883.129223490954
 21
62.77309964818539
 31
0.0
  0
LINE
  5
A12
330
2
100
AcDbEntity
  8
HALFEN-KONSOLANKER
100
AcDbLine
 10
3683.129223490954
 20
52.77309964818539
 30
0.0
 11
3883.129223490954
 21
52.77309964818539
 31
0.0
  0
LINE
  5
A13
330
2
100
AcDbEntity
  8
HALFEN-KONSOLANKER
100
AcDbLine
 10
3683.129223490954
 20
-123.2269003518146
 30
0.0
 11
3683.129223490954
 21
-129.2269003518146
 31
0.0
  0
TEXT
  5
A14
330
2
100
AcDbEntity
  8
HALFEN-KONSOLANKER
100
AcDbText
 10
3688.129223490954
 20
73.27309964818539
 30
0.0
 40
5.0
  1
Benennung
  7
ARIAL50
100
AcDbText
  0
TEXT
  5
A15
330
2
100
AcDbEntity
  8
HALFEN-KONSOLANKER
100
AcDbText
 10
3688.129223490954
 20
55.27309964818539
 30
0.0
 40
5.0
  1
Id. Nr.
  7
ARIAL50
100
AcDbText
  0
LINE
  5
A16
330
2
100
AcDbEntity
  8
HALFEN-KONSOLANKER
100
AcDbLine
 10
3683.129223490954
 20
52.77309964818539
 30
0.0
 11
3683.129223490954
 21
80.77309964818539
 31
0.0
  0
TEXT
  5
A17
330
2
100
AcDbEntity
  8
HALFEN-KONSOLANKER
100
AcDbText
 10
3683.129223490954
 20
83.27309964818539
 30
0.0
 40
5.0
  1
A4
  7
ARIAL50
100
AcDbText
  0
TEXT
  5
A18
330
2
100
AcDbEntity
  8
HALFEN-KONSOLANKER
100
AcDbText
 10
3738.129223490954
 20
55.27309964818539
 30
0.0
 40
5.0
  1
0112.010-00028
  7
ARIAL50
100
AcDbText
  0
LINE
  5
A19
330
2
100
AcDbEntity
  8
HALFEN-KONSOLANKER
100
AcDbLine
 10
3733.129223490954
 20
52.77309964818539
 30
0.0
 11
3733.129223490954
 21
80.77309964818539
 31
0.0
  0
LINE
  5
A1A
330
2
100
AcDbEntity
  8
HALFEN-KONSOLANKER
100
AcDbLine
 10
3996.129223490953
 20
5.773099648185393
 30
0.0
 11
3996.129223490953
 21
-123.2269003518146
 31
0.0
  0
LINE
  5
A1B
330
2
100
AcDbEntity
  8
HALFEN-KONSOLANKER
100
AcDbLine
 10
4000.129223490954
 20
5.773099648185393
 30
0.0
 11
4000.129223490954
 21
-123.2269003518146
 31
0.0
  0
LINE
  5
A1C
330
2
100
AcDbEntity
  8
HALFEN-KONSOLANKER
100
AcDbLine
 10
3873.129223490954
 20
40.77309964818539
 30
0.0
 11
3873.129223490954
 21
-129.2269003518146
 31
0.0
  0
LINE
  5
A1D
330
2
100
AcDbEntity
  8
HALFEN-KONSOLANKER
100
AcDbLine
 10
3847.129223490954
 20
40.77309964818539
 30
0.0
 11
3847.129223490954
 21
-117.2269003518146
 31
0.0
  0
LINE
  5
A1E
330
2
100
AcDbEntity
  8
HALFEN-KONSOLANKER
100
AcDbLine
 10
3853.129223490954
 20
40.77309964818539
 30
0.0
 11
3853.129223490954
 21
-117.2269003518146
 31
0.0
  0
ARC
  5
A1F
330
2
100
AcDbEntity
  8
HALFEN-KONSOLANKER
100
AcDbCircle
 10
3841.129223490954
 20
-117.2269003518146
 30
0.0
 40
6.0
100
AcDbArc
 50
270.0
 51
0.0
1001
GENIUS_GENODEF_13
1002
{
1000
HIER
1070
     0
1002
}
1002
{
1000
MANEDIT
1070
     0
1002
}
1002
{
1000
NOSEL
1070
     0
1002
}
1002
{
1000
BEHIND
1070
     0
1002
}
1002
{
1000
REACTOR
1002
}
1001
GENIUS_GENOBJ-N-FIL_13
1002
{
1000
OWNER
1000
GEN
1002
}
  0
ARC
  5
A20
330
2
100
AcDbEntity
  8
HALFEN-KONSOLANKER
100
AcDbCircle
 10
3841.129223490954
 20
-117.2269003518146
 30
0.0
 40
12.0
100
AcDbArc
 50
270.0
 51
0.0
1001
GENIUS_GENODEF_13
1002
{
1000
HIER
1070
     0
1002
}
1002
{
1000
MANEDIT
1070
     0
1002
}
1002
{
1000
NOSEL
1070
     0
1002
}
1002
{
1000
BEHIND
1070
     0
1002
}
1002
{
1000
REACTOR
1002
}
1001
GENIUS_GENOBJ-N-FIL_13
1002
{
1000
OWNER
1000
GEN
1002
}
  0
LINE
  5
A21
330
2
100
AcDbEntity
  8
HALFEN-KONSOLANKER
100
AcDbLine
 10
3996.129223490953
 20
-155.2269003518146
 30
0.0
 11
3996.129223490953
 21
-284.2269003518146
 31
0.0
  0
LINE
  5
A22
330
2
100
AcDbEntity
  8
HALFEN-KONSOLANKER
100
AcDbLine
 10
4000.129223490954
 20
-155.2269003518146
 30
0.0
 11
4000.129223490954
 21
-284.2269003518146
 31
0.0
  0
LINE
  5
A23
330
2
100
AcDbEntity
  8
HALFEN-KONSOLANKER
100
AcDbLine
 10
4000.129223490954
 20
-284.2269003518146
 30
0.0
 11
3996.129223490953
 21
-284.2269003518146
 31
0.0
  0
LINE
  5
A24
330
2
100
AcDbEntity
  8
HALFEN-KONSOLANKER
  6
VERDECKT
 62
     1
100
AcDbLine
 10
4010.629223490954
 20
-149.2269003518146
 30
0.0
 11
4010.629223490954
 21
-155.2269003518146
 31
0.0
  0
LINE
  5
A25
330
2
100
AcDbEntity
  8
HALFEN-KONSOLANKER
  6
MITTELLINIE
 62
     1
 48
10.0
100
AcDbLine
 10
3998.129223490954
 20
-144.2269003518146
 30
0.0
 11
3998.129223490954
 21
-160.2269003518146
 31
0.0
  0
LINE
  5
A26
330
2
100
AcDbEntity
  8
HALFEN-KONSOLANKER
  6
VERDECKT
 62
     1
100
AcDbLine
 10
3985.629223490954
 20
-155.2269003518146
 30
0.0
 11
3985.629223490954
 21
-149.2269003518146
 31
0.0
  0
LINE
  5
A27
330
2
100
AcDbEntity
  8
HALFEN-KONSOLANKER
  6
VERDECKT
 62
     1
100
AcDbLine
 10
3847.129223490954
 20
13.27309964818539
 30
0.0
 11
3853.129223490954
 21
13.27309964818539
 31
0.0
  0
LINE
  5
A28
330
2
100
AcDbEntity
  8
HALFEN-KONSOLANKER
  6
VERDECKT
 62
     1
100
AcDbLine
 10
3847.129223490954
 20
24.27309964818539
 30
0.0
 11
3853.129223490954
 21
24.27309964818539
 31
0.0
  0
LINE
  5
A29
330
2
100
AcDbEntity
  8
HALFEN-KONSOLANKER
  6
MITTELLINIE
 62
     1
 48
10.0
100
AcDbLine
 10
3842.129223490954
 20
18.77309964818539
 30
0.0
 11
3858.129223490954
 21
18.77309964818539
 31
0.0
1001
GENIUS_GENODEF_13
1002
{
1000
HIER
1070
     0
1002
}
1002
{
1000
MANEDIT
1070
     0
1002
}
1002
{
1000
NOSEL
1070
     0
1002
}
1002
{
1000
BEHIND
1070
     0
1002
}
1002
{
1000
REACTOR
1002
}
1001
GENIUS_GENOBJ-N-CEN_13
1002
{
1000
OWNER
1000
GEN
1002
}
  0
LINE
  5
A2A
330
2
100
AcDbEntity
  8
HALFEN-KONSOLANKER
100
AcDbLine
 10
3847.129223490954
 20
40.77309964818539
 30
0.0
 11
3853.129223490954
 21
40.77309964818539
 31
0.0
  0
LINE
  5
A2B
330
2
100
AcDbEntity
  8
HALFEN-KONSOLANKER
100
AcDbLine
 10
3883.129223490954
 20
52.77309964818539
 30
0.0
 11
3883.129223490954
 21
80.77309964818539
 31
0.0
  0
LINE
  5
A2C
330
2
100
AcDbEntity
  8
HALFEN-KONSOLANKER
  6
MITTELLINIE
 62
     1
 48
10.0
100
AcDbLine
 10
3980.629223490954
 20
18.77309964818539
 30
0.0
 11
4015.629223490953
 21
18.77309964818539
 31
0.0
1001
GENIUS_GENODEF_13
1002
{
1000
HIER
1070
     0
1002
}
1002
{
1000
MANEDIT
1070
     0
1002
}
1002
{
1000
NOSEL
1070
     0
1002
}
1002
{
1000
BEHIND
1070
     0
1002
}
1002
{
1000
REACTOR
1002
}
1001
GENIUS_GENOBJ-N-CEN_13
1002
{
1000
OWNER
1000
GEN
1002
}
  0
ARC
  5
A2D
330
2
100
AcDbEntity
  8
HALFEN-KONSOLANKER
100
AcDbCircle
 10
4005.129223490953
 20
18.77309964818539
 30
0.0
 40
5.5
100
AcDbArc
 50
270.0
 51
90.0
  0
ARC
  5
A2E
330
2
100
AcDbEntity
  8
HALFEN-KONSOLANKER
100
AcDbCircle
 10
3991.129223490954
 20
18.77309964818539
 30
0.0
 40
5.5
100
AcDbArc
 50
90.0
 51
270.0
  0
LINE
  5
A2F
330
2
100
AcDbEntity
  8
HALFEN-KONSOLANKER
  6
MITTELLINIE
 62
     1
 48
10.0
100
AcDbLine
 10
3998.129223490954
 20
29.27309964818539
 30
0.0
 11
3998.129223490954
 21
8.273099648185393
 31
0.0
  0
LINE
  5
A30
330
2
100
AcDbEntity
  8
HALFEN-KONSOLANKER
100
AcDbLine
 10
3996.129223490953
 20
5.773099648185393
 30
0.0
 11
4000.129223490954
 21
5.773099648185393
 31
0.0
  0
LINE
  5
A31
330
2
100
AcDbEntity
  8
HALFEN-KONSOLANKER
100
AcDbLine
 10
3991.129223490954
 20
13.27309964818539
 30
0.0
 11
4005.129223490953
 21
13.27309964818539
 31
0.0
  0
LINE
  5
A32
330
2
100
AcDbEntity
  8
HALFEN-KONSOLANKER
100
AcDbLine
 10
3991.129223490954
 20
24.27309964818539
 30
0.0
 11
4005.129223490953
 21
24.27309964818539
 31
0.0
  0
POINT
  5
A33
330
2
100
AcDbEntity
  8
HALFEN-KONSOLANKER
100
AcDbPoint
 10
3998.129223490954
 20
40.77309964818539
 30
0.0
  0
POINT
  5
A34
330
2
100
AcDbEntity
  8
HALFEN-KONSOLANKER
100
AcDbPoint
 10
3998.129223490954
 20
40.77309964818539
 30
0.0
  0
LINE
  5
A35
330
2
100
AcDbEntity
  8
HALFEN-KONSOLANKER
100
AcDbLine
 10
4373.129223490955
 20
-319.2269003518146
 30
0.0
 11
4373.129223490955
 21
-149.2269003518146
 31
0.0
  0
LINE
  5
A36
330
2
100
AcDbEntity
  8
HALFEN-KONSOLANKER
100
AcDbLine
 10
4250.129223490954
 20
5.773099648185393
 30
0.0
 11
4250.129223490954
 21
-123.2269003518146
 31
0.0
  0
LINE
  5
A37
330
2
100
AcDbEntity
  8
HALFEN-KONSOLANKER
100
AcDbLine
 10
4246.129223490954
 20
5.773099648185393
 30
0.0
 11
4246.129223490954
 21
-123.2269003518146
 31
0.0
  0
LINE
  5
A38
330
2
100
AcDbEntity
  8
HALFEN-KONSOLANKER
100
AcDbLine
 10
4250.129223490954
 20
-155.2269003518146
 30
0.0
 11
4250.129223490954
 21
-284.2269003518146
 31
0.0
  0
LINE
  5
A39
330
2
100
AcDbEntity
  8
HALFEN-KONSOLANKER
100
AcDbLine
 10
4246.129223490954
 20
-155.2269003518146
 30
0.0
 11
4246.129223490954
 21
-284.2269003518146
 31
0.0
  0
LINE
  5
A3A
330
2
100
AcDbEntity
  8
HALFEN-KONSOLANKER
100
AcDbLine
 10
4250.129223490954
 20
-284.2269003518146
 30
0.0
 11
4246.129223490954
 21
-284.2269003518146
 31
0.0
  0
LINE
  5
A3B
330
2
100
AcDbEntity
  8
HALFEN-KONSOLANKER
  6
VERDECKT
 62
     1
100
AcDbLine
 10
4260.629223490954
 20
-149.2269003518146
 30
0.0
 11
4260.629223490954
 21
-155.2269003518146
 31
0.0
  0
LINE
  5
A3C
330
2
100
AcDbEntity
  8
HALFEN-KONSOLANKER
  6
VERDECKT
 62
     1
100
AcDbLine
 10
4235.629223490954
 20
-155.2269003518146
 30
0.0
 11
4235.629223490954
 21
-149.2269003518146
 31
0.0
  0
LINE
  5
A3D
330
2
100
AcDbEntity
  8
HALFEN-KONSOLANKER
  6
MITTELLINIE
 62
     1
 48
10.0
100
AcDbLine
 10
4248.129223490955
 20
-144.2269003518146
 30
0.0
 11
4248.129223490955
 21
-160.2269003518146
 31
0.0
  0
LINE
  5
A3E
330
2
100
AcDbEntity
  8
HALFEN-KONSOLANKER
  6
MITTELLINIE
 62
     1
 48
10.0
100
AcDbLine
 10
4230.629223490954
 20
18.77309964818539
 30
0.0
 11
4265.629223490954
 21
18.77309964818539
 31
0.0
1001
GENIUS_GENODEF_13
1002
{
1000
HIER
1070
     0
1002
}
1002
{
1000
MANEDIT
1070
     0
1002
}
1002
{
1000
NOSEL
1070
     0
1002
}
1002
{
1000
BEHIND
1070
     0
1002
}
1002
{
1000
REACTOR
1002
}
1001
GENIUS_GENOBJ-N-CEN_13
1002
{
1000
OWNER
1000
GEN
1002
}
  0
ARC
  5
A3F
330
2
100
AcDbEntity
  8
HALFEN-KONSOLANKER
100
AcDbCircle
 10
4255.129223490954
 20
18.77309964818539
 30
0.0
 40
5.5
100
AcDbArc
 50
270.0
 51
90.0
  0
ARC
  5
A40
330
2
100
AcDbEntity
  8
HALFEN-KONSOLANKER
100
AcDbCircle
 10
4241.129223490954
 20
18.77309964818539
 30
0.0
 40
5.5
100
AcDbArc
 50
90.0
 51
270.0
  0
LINE
  5
A41
330
2
100
AcDbEntity
  8
HALFEN-KONSOLANKER
  6
MITTELLINIE
 62
     1
 48
10.0
100
AcDbLine
 10
4248.129223490955
 20
29.27309964818539
 30
0.0
 11
4248.129223490955
 21
8.273099648185393
 31
0.0
  0
LINE
  5
A42
330
2
100
AcDbEntity
  8
HALFEN-KONSOLANKER
100
AcDbLine
 10
4241.129223490954
 20
24.27309964818539
 30
0.0
 11
4255.129223490954
 21
24.27309964818539
 31
0.0
  0
LINE
  5
A43
330
2
100
AcDbEntity
  8
HALFEN-KONSOLANKER
100
AcDbLine
 10
4241.129223490954
 20
13.27309964818539
 30
0.0
 11
4255.129223490954
 21
13.27309964818539
 31
0.0
  0
LINE
  5
A44
330
2
100
AcDbEntity
  8
HALFEN-KONSOLANKER
100
AcDbLine
 10
4246.129223490954
 20
5.773099648185393
 30
0.0
 11
4250.129223490954
 21
5.773099648185393
 31
0.0
  0
POINT
  5
A45
330
2
100
AcDbEntity
  8
HALFEN-KONSOLANKER
100
AcDbPoint
 10
4248.129223490955
 20
40.77309964818539
 30
0.0
  0
POINT
  5
A46
330
2
100
AcDbEntity
  8
HALFEN-KONSOLANKER
100
AcDbPoint
 10
4248.129223490955
 20
40.77309964818539
 30
0.0
  0
LINE
  5
A47
330
2
100
AcDbEntity
  8
HALFEN-KONSOLANKER
100
AcDbLine
 10
4373.129223490955
 20
40.77309964818539
 30
0.0
 11
4373.129223490955
 21
-129.2269003518146
 31
0.0
  0
LINE
  5
A48
330
2
100
AcDbEntity
  8
HALFEN-KONSOLANKER
100
AcDbLine
 10
5403.129223490954
 20
-809.2269003518143
 30
0.0
 11
4653.129223490954
 21
-809.2269003518143
 31
0.0
  0
LINE
  5
A49
330
2
100
AcDbEntity
  8
HALFEN-KONSOLANKER
100
AcDbLine
 10
5403.129223490954
 20
-625.2269003518144
 30
0.0
 11
4653.129223490954
 21
-625.2269003518144
 31
0.0
  0
LINE
  5
A4A
330
2
100
AcDbEntity
  8
HALFEN-KONSOLANKER
100
AcDbLine
 10
4653.129223490954
 20
-593.2269003518143
 30
0.0
 11
5403.129223490954
 21
-593.2269003518143
 31
0.0
  0
LINE
  5
A4B
330
2
100
AcDbEntity
  8
HALFEN-KONSOLANKER
100
AcDbLine
 10
4653.129223490954
 20
-599.2269003518144
 30
0.0
 11
5403.129223490954
 21
-599.2269003518144
 31
0.0
  0
LINE
  5
A4C
330
2
100
AcDbEntity
  8
HALFEN-KONSOLANKER
100
AcDbLine
 10
5403.129223490954
 20
-619.2269003518143
 30
0.0
 11
4653.129223490954
 21
-619.2269003518143
 31
0.0
  0
LINE
  5
A4D
330
2
100
AcDbEntity
  8
HALFEN-KONSOLANKER
100
AcDbLine
 10
4653.129223490954
 20
-409.2269003518143
 30
0.0
 11
5403.129223490954
 21
-409.2269003518143
 31
0.0
  0
LINE
  5
A4E
330
2
100
AcDbEntity
  8
HALFEN-KONSOLANKER
100
AcDbLine
 10
4621.129223490954
 20
-593.2269003518143
 30
0.0
 11
4443.129223490954
 21
-593.2269003518143
 31
0.0
  0
LINE
  5
A4F
330
2
100
AcDbEntity
  8
HALFEN-KONSOLANKER
100
AcDbLine
 10
4621.129223490954
 20
-599.2269003518144
 30
0.0
 11
4443.129223490954
 21
-599.2269003518144
 31
0.0
  0
LINE
  5
A50
330
2
100
AcDbEntity
  8
HALFEN-KONSOLANKER
100
AcDbLine
 10
4627.129223490954
 20
-486.6533072230078
 30
0.0
 11
4520.555630362147
 21
-593.2269003518143
 31
0.0
  0
LINE
  5
A51
330
2
100
AcDbEntity
  8
HALFEN-KONSOLANKER
100
AcDbLine
 10
4627.129223490954
 20
-444.2269003518147
 30
0.0
 11
4478.129223490954
 21
-593.2269003518143
 31
0.0
  0
TEXT
  5
A52
330
2
100
AcDbEntity
  8
HALFEN-KONSOLANKER
100
AcDbText
 10
4498.129223490955
 20
-376.7269003518144
 30
0.0
 40
5.0
  1
Halfen Konsolwinkel KWL - 3,2 - 190 - 750
  7
ARIAL50
100
AcDbText
  0
LINE
  5
A53
330
2
100
AcDbEntity
  8
HALFEN-KONSOLANKER
100
AcDbLine
 10
4443.129223490954
 20
-397.2269003518144
 30
0.0
 11
4643.129223490954
 21
-397.2269003518144
 31
0.0
  0
LINE
  5
A54
330
2
100
AcDbEntity
  8
HALFEN-KONSOLANKER
100
AcDbLine
 10
4443.129223490954
 20
-387.2269003518144
 30
0.0
 11
4643.129223490954
 21
-387.2269003518144
 31
0.0
  0
LINE
  5
A55
330
2
100
AcDbEntity
  8
HALFEN-KONSOLANKER
100
AcDbLine
 10
4443.129223490954
 20
-369.2269003518144
 30
0.0
 11
4643.129223490954
 21
-369.2269003518144
 31
0.0
  0
LINE
  5
A56
330
2
100
AcDbEntity
  8
HALFEN-KONSOLANKER
100
AcDbLine
 10
4443.129223490954
 20
-593.2269003518143
 30
0.0
 11
4443.129223490954
 21
-599.2269003518144
 31
0.0
  0
TEXT
  5
A57
330
2
100
AcDbEntity
  8
HALFEN-KONSOLANKER
100
AcDbText
 10
4443.129223490954
 20
-366.7269003518144
 30
0.0
 40
5.0
  1
A4
  7
ARIAL50
100
AcDbText
  0
TEXT
  5
A58
330
2
100
AcDbEntity
  8
HALFEN-KONSOLANKER
100
AcDbText
 10
4448.129223490954
 20
-394.7269003518144
 30
0.0
 40
5.0
  1
Id. Nr.
  7
ARIAL50
100
AcDbText
  0
TEXT
  5
A59
330
2
100
AcDbEntity
  8
HALFEN-KONSOLANKER
100
AcDbText
 10
4448.129223490954
 20
-376.7269003518144
 30
0.0
 40
5.0
  1
Benennung
  7
ARIAL50
100
AcDbText
  0
LINE
  5
A5A
330
2
100
AcDbEntity
  8
HALFEN-KONSOLANKER
100
AcDbLine
 10
4443.129223490954
 20
-397.2269003518144
 30
0.0
 11
4443.129223490954
 21
-369.2269003518144
 31
0.0
  0
TEXT
  5
A5B
330
2
100
AcDbEntity
  8
HALFEN-KONSOLANKER
100
AcDbText
 10
4498.129223490955
 20
-394.7269003518144
 30
0.0
 40
5.0
  1
0112.010-00032
  7
ARIAL50
100
AcDbText
  0
LINE
  5
A5C
330
2
100
AcDbEntity
  8
HALFEN-KONSOLANKER
100
AcDbLine
 10
4493.129223490954
 20
-397.2269003518144
 30
0.0
 11
4493.129223490954
 21
-369.2269003518144
 31
0.0
  0
LINE
  5
A5D
330
2
100
AcDbEntity
  8
HALFEN-KONSOLANKER
100
AcDbLine
 10
4633.129223490954
 20
-409.2269003518143
 30
0.0
 11
4633.129223490954
 21
-587.2269003518144
 31
0.0
  0
LINE
  5
A5E
330
2
100
AcDbEntity
  8
HALFEN-KONSOLANKER
100
AcDbLine
 10
4627.129223490954
 20
-409.2269003518143
 30
0.0
 11
4627.129223490954
 21
-587.2269003518144
 31
0.0
  0
LINE
  5
A5F
330
2
100
AcDbEntity
  8
HALFEN-KONSOLANKER
100
AcDbLine
 10
4653.129223490954
 20
-409.2269003518143
 30
0.0
 11
4653.129223490954
 21
-599.2269003518144
 31
0.0
  0
LINE
  5
A60
330
2
100
AcDbEntity
  8
HALFEN-KONSOLANKER
100
AcDbLine
 10
4780.129223490955
 20
-444.2269003518143
 30
0.0
 11
4780.129223490955
 21
-593.2269003518143
 31
0.0
  0
LINE
  5
A61
330
2
100
AcDbEntity
  8
HALFEN-KONSOLANKER
100
AcDbLine
 10
4776.129223490953
 20
-444.2269003518143
 30
0.0
 11
4776.129223490953
 21
-593.2269003518143
 31
0.0
  0
LINE
  5
A62
330
2
100
AcDbEntity
  8
HALFEN-KONSOLANKER
100
AcDbLine
 10
4653.129223490954
 20
-809.2269003518143
 30
0.0
 11
4653.129223490954
 21
-619.2269003518143
 31
0.0
  0
ARC
  5
A63
330
2
100
AcDbEntity
  8
HALFEN-KONSOLANKER
100
AcDbCircle
 10
4621.129223490954
 20
-587.2269003518144
 30
0.0
 40
12.0
100
AcDbArc
 50
270.0
 51
0.0
1001
GENIUS_GENODEF_13
1002
{
1000
HIER
1070
     0
1002
}
1002
{
1000
MANEDIT
1070
     0
1002
}
1002
{
1000
NOSEL
1070
     0
1002
}
1002
{
1000
BEHIND
1070
     0
1002
}
1002
{
1000
REACTOR
1002
}
1001
GENIUS_GENOBJ-N-FIL_13
1002
{
1000
OWNER
1000
GEN
1002
}
  0
ARC
  5
A64
330
2
100
AcDbEntity
  8
HALFEN-KONSOLANKER
100
AcDbCircle
 10
4621.129223490954
 20
-587.2269003518144
 30
0.0
 40
6.0
100
AcDbArc
 50
270.0
 51
0.0
1001
GENIUS_GENODEF_13
1002
{
1000
HIER
1070
     0
1002
}
1002
{
1000
MANEDIT
1070
     0
1002
}
1002
{
1000
NOSEL
1070
     0
1002
}
1002
{
1000
BEHIND
1070
     0
1002
}
1002
{
1000
REACTOR
1002
}
1001
GENIUS_GENOBJ-N-FIL_13
1002
{
1000
OWNER
1000
GEN
1002
}
  0
LINE
  5
A65
330
2
100
AcDbEntity
  8
HALFEN-KONSOLANKER
100
AcDbLine
 10
4776.129223490953
 20
-625.2269003518144
 30
0.0
 11
4776.129223490953
 21
-774.2269003518144
 31
0.0
  0
LINE
  5
A66
330
2
100
AcDbEntity
  8
HALFEN-KONSOLANKER
100
AcDbLine
 10
4780.129223490955
 20
-625.2269003518144
 30
0.0
 11
4780.129223490955
 21
-774.2269003518144
 31
0.0
  0
LINE
  5
A67
330
2
100
AcDbEntity
  8
HALFEN-KONSOLANKER
100
AcDbLine
 10
4780.129223490955
 20
-774.2269003518144
 30
0.0
 11
4776.129223490953
 21
-774.2269003518144
 31
0.0
  0
LINE
  5
A68
330
2
100
AcDbEntity
  8
HALFEN-KONSOLANKER
  6
VERDECKT
 62
     1
100
AcDbLine
 10
4765.629223490954
 20
-625.2269003518144
 30
0.0
 11
4765.629223490954
 21
-619.2269003518143
 31
0.0
  0
LINE
  5
A69
330
2
100
AcDbEntity
  8
HALFEN-KONSOLANKER
  6
MITTELLINIE
 62
     1
 48
10.0
100
AcDbLine
 10
4778.129223490954
 20
-614.2269003518143
 30
0.0
 11
4778.129223490954
 21
-630.2269003518143
 31
0.0
  0
LINE
  5
A6A
330
2
100
AcDbEntity
  8
HALFEN-KONSOLANKER
  6
VERDECKT
 62
     1
100
AcDbLine
 10
4790.629223490954
 20
-619.2269003518143
 30
0.0
 11
4790.629223490954
 21
-625.2269003518144
 31
0.0
  0
LINE
  5
A6B
330
2
100
AcDbEntity
  8
HALFEN-KONSOLANKER
  6
MITTELLINIE
 62
     1
 48
10.0
100
AcDbLine
 10
4622.129223490953
 20
-431.2269003518143
 30
0.0
 11
4638.129223490954
 21
-431.2269003518143
 31
0.0
1001
GENIUS_GENODEF_13
1002
{
1000
HIER
1070
     0
1002
}
1002
{
1000
MANEDIT
1070
     0
1002
}
1002
{
1000
NOSEL
1070
     0
1002
}
1002
{
1000
BEHIND
1070
     0
1002
}
1002
{
1000
REACTOR
1002
}
1001
GENIUS_GENOBJ-N-CEN_13
1002
{
1000
OWNER
1000
GEN
1002
}
  0
LINE
  5
A6C
330
2
100
AcDbEntity
  8
HALFEN-KONSOLANKER
  6
VERDECKT
 62
     1
100
AcDbLine
 10
4627.129223490954
 20
-436.7269003518144
 30
0.0
 11
4633.129223490954
 21
-436.7269003518144
 31
0.0
  0
LINE
  5
A6D
330
2
100
AcDbEntity
  8
HALFEN-KONSOLANKER
  6
VERDECKT
 62
     1
100
AcDbLine
 10
4627.129223490954
 20
-425.7269003518143
 30
0.0
 11
4633.129223490954
 21
-425.7269003518143
 31
0.0
  0
LINE
  5
A6E
330
2
100
AcDbEntity
  8
HALFEN-KONSOLANKER
100
AcDbLine
 10
4627.129223490954
 20
-409.2269003518143
 30
0.0
 11
4633.129223490954
 21
-409.2269003518143
 31
0.0
  0
LINE
  5
A6F
330
2
100
AcDbEntity
  8
HALFEN-KONSOLANKER
100
AcDbLine
 10
4643.129223490954
 20
-397.2269003518144
 30
0.0
 11
4643.129223490954
 21
-369.2269003518144
 31
0.0
  0
ARC
  5
A70
330
2
100
AcDbEntity
  8
HALFEN-KONSOLANKER
100
AcDbCircle
 10
4785.129223490954
 20
-431.2269003518143
 30
0.0
 40
5.5
100
AcDbArc
 50
270.0
 51
90.0
  0
ARC
  5
A71
330
2
100
AcDbEntity
  8
HALFEN-KONSOLANKER
100
AcDbCircle
 10
4771.129223490954
 20
-431.2269003518143
 30
0.0
 40
5.5
100
AcDbArc
 50
90.0
 51
270.0
  0
LINE
  5
A72
330
2
100
AcDbEntity
  8
HALFEN-KONSOLANKER
  6
MITTELLINIE
 62
     1
 48
10.0
100
AcDbLine
 10
4778.129223490954
 20
-420.7269003518144
 30
0.0
 11
4778.129223490954
 21
-441.7269003518144
 31
0.0
  0
LINE
  5
A73
330
2
100
AcDbEntity
  8
HALFEN-KONSOLANKER
100
AcDbLine
 10
4776.129223490953
 20
-444.2269003518143
 30
0.0
 11
4780.129223490955
 21
-444.2269003518143
 31
0.0
  0
LINE
  5
A74
330
2
100
AcDbEntity
  8
HALFEN-KONSOLANKER
100
AcDbLine
 10
4771.129223490954
 20
-436.7269003518144
 30
0.0
 11
4785.129223490954
 21
-436.7269003518144
 31
0.0
  0
LINE
  5
A75
330
2
100
AcDbEntity
  8
HALFEN-KONSOLANKER
  6
MITTELLINIE
 62
     1
 48
10.0
100
AcDbLine
 10
4760.629223490954
 20
-431.2269003518143
 30
0.0
 11
4795.629223490954
 21
-431.2269003518143
 31
0.0
1001
GENIUS_GENODEF_13
1002
{
1000
HIER
1070
     0
1002
}
1002
{
1000
MANEDIT
1070
     0
1002
}
1002
{
1000
NOSEL
1070
     0
1002
}
1002
{
1000
BEHIND
1070
     0
1002
}
1002
{
1000
REACTOR
1002
}
1001
GENIUS_GENOBJ-N-CEN_13
1002
{
1000
OWNER
1000
GEN
1002
}
  0
LINE
  5
A76
330
2
100
AcDbEntity
  8
HALFEN-KONSOLANKER
100
AcDbLine
 10
4771.129223490954
 20
-425.7269003518143
 30
0.0
 11
4785.129223490954
 21
-425.7269003518143
 31
0.0
  0
POINT
  5
A77
330
2
100
AcDbEntity
  8
HALFEN-KONSOLANKER
100
AcDbPoint
 10
4778.129223490954
 20
-409.2269003518143
 30
0.0
  0
POINT
  5
A78
330
2
100
AcDbEntity
  8
HALFEN-KONSOLANKER
100
AcDbPoint
 10
4778.129223490954
 20
-409.2269003518143
 30
0.0
  0
LINE
  5
A79
330
2
100
AcDbEntity
  8
HALFEN-KONSOLANKER
100
AcDbLine
 10
5026.129223490954
 20
-444.2269003518143
 30
0.0
 11
5026.129223490954
 21
-593.2269003518143
 31
0.0
  0
LINE
  5
A7A
330
2
100
AcDbEntity
  8
HALFEN-KONSOLANKER
100
AcDbLine
 10
5030.129223490955
 20
-444.2269003518143
 30
0.0
 11
5030.129223490955
 21
-593.2269003518143
 31
0.0
  0
LINE
  5
A7B
330
2
100
AcDbEntity
  8
HALFEN-KONSOLANKER
100
AcDbLine
 10
5030.129223490955
 20
-625.2269003518144
 30
0.0
 11
5030.129223490955
 21
-774.2269003518144
 31
0.0
  0
LINE
  5
A7C
330
2
100
AcDbEntity
  8
HALFEN-KONSOLANKER
100
AcDbLine
 10
5026.129223490954
 20
-625.2269003518144
 30
0.0
 11
5026.129223490954
 21
-774.2269003518144
 31
0.0
  0
LINE
  5
A7D
330
2
100
AcDbEntity
  8
HALFEN-KONSOLANKER
100
AcDbLine
 10
5030.129223490955
 20
-774.2269003518144
 30
0.0
 11
5026.129223490954
 21
-774.2269003518144
 31
0.0
  0
LINE
  5
A7E
330
2
100
AcDbEntity
  8
HALFEN-KONSOLANKER
  6
MITTELLINIE
 62
     1
 48
10.0
100
AcDbLine
 10
5028.129223490954
 20
-614.2269003518143
 30
0.0
 11
5028.129223490954
 21
-630.2269003518143
 31
0.0
  0
LINE
  5
A7F
330
2
100
AcDbEntity
  8
HALFEN-KONSOLANKER
  6
VERDECKT
 62
     1
100
AcDbLine
 10
5015.629223490954
 20
-625.2269003518144
 30
0.0
 11
5015.629223490954
 21
-619.2269003518143
 31
0.0
  0
LINE
  5
A80
330
2
100
AcDbEntity
  8
HALFEN-KONSOLANKER
  6
VERDECKT
 62
     1
100
AcDbLine
 10
5040.629223490954
 20
-619.2269003518143
 30
0.0
 11
5040.629223490954
 21
-625.2269003518144
 31
0.0
  0
ARC
  5
A81
330
2
100
AcDbEntity
  8
HALFEN-KONSOLANKER
100
AcDbCircle
 10
5035.129223490955
 20
-431.2269003518143
 30
0.0
 40
5.5
100
AcDbArc
 50
270.0
 51
90.0
  0
ARC
  5
A82
330
2
100
AcDbEntity
  8
HALFEN-KONSOLANKER
100
AcDbCircle
 10
5021.129223490954
 20
-431.2269003518143
 30
0.0
 40
5.5
100
AcDbArc
 50
90.0
 51
270.0
  0
LINE
  5
A83
330
2
100
AcDbEntity
  8
HALFEN-KONSOLANKER
  6
MITTELLINIE
 62
     1
 48
10.0
100
AcDbLine
 10
5028.129223490954
 20
-420.7269003518144
 30
0.0
 11
5028.129223490954
 21
-441.7269003518144
 31
0.0
  0
LINE
  5
A84
330
2
100
AcDbEntity
  8
HALFEN-KONSOLANKER
100
AcDbLine
 10
5021.129223490954
 20
-436.7269003518144
 30
0.0
 11
5035.129223490955
 21
-436.7269003518144
 31
0.0
  0
LINE
  5
A85
330
2
100
AcDbEntity
  8
HALFEN-KONSOLANKER
  6
MITTELLINIE
 62
     1
 48
10.0
100
AcDbLine
 10
5010.629223490955
 20
-431.2269003518143
 30
0.0
 11
5045.629223490954
 21
-431.2269003518143
 31
0.0
1001
GENIUS_GENODEF_13
1002
{
1000
HIER
1070
     0
1002
}
1002
{
1000
MANEDIT
1070
     0
1002
}
1002
{
1000
NOSEL
1070
     0
1002
}
1002
{
1000
BEHIND
1070
     0
1002
}
1002
{
1000
REACTOR
1002
}
1001
GENIUS_GENOBJ-N-CEN_13
1002
{
1000
OWNER
1000
GEN
1002
}
  0
LINE
  5
A86
330
2
100
AcDbEntity
  8
HALFEN-KONSOLANKER
100
AcDbLine
 10
5026.129223490954
 20
-444.2269003518143
 30
0.0
 11
5030.129223490955
 21
-444.2269003518143
 31
0.0
  0
LINE
  5
A87
330
2
100
AcDbEntity
  8
HALFEN-KONSOLANKER
100
AcDbLine
 10
5021.129223490954
 20
-425.7269003518143
 30
0.0
 11
5035.129223490955
 21
-425.7269003518143
 31
0.0
  0
POINT
  5
A88
330
2
100
AcDbEntity
  8
HALFEN-KONSOLANKER
100
AcDbPoint
 10
5028.129223490954
 20
-409.2269003518143
 30
0.0
  0
POINT
  5
A89
330
2
100
AcDbEntity
  8
HALFEN-KONSOLANKER
100
AcDbPoint
 10
5028.129223490954
 20
-409.2269003518143
 30
0.0
  0
LINE
  5
A8A
330
2
100
AcDbEntity
  8
HALFEN-KONSOLANKER
100
AcDbLine
 10
5403.129223490954
 20
-409.2269003518143
 30
0.0
 11
5403.129223490954
 21
-599.2269003518144
 31
0.0
  0
LINE
  5
A8B
330
2
100
AcDbEntity
  8
HALFEN-KONSOLANKER
100
AcDbLine
 10
5403.129223490954
 20
-809.2269003518143
 30
0.0
 11
5403.129223490954
 21
-619.2269003518143
 31
0.0
  0
LINE
  5
A8C
330
2
100
AcDbEntity
  8
HALFEN-KONSOLANKER
100
AcDbLine
 10
4693.129223490954
 20
-899.2269003518142
 30
0.0
 11
5443.129223490954
 21
-899.2269003518142
 31
0.0
  0
LINE
  5
A8D
330
2
100
AcDbEntity
  8
HALFEN-KONSOLANKER
100
AcDbLine
 10
5443.129223490954
 20
-1129.226900351814
 30
0.0
 11
4693.129223490954
 21
-1129.226900351814
 31
0.0
  0
LINE
  5
A8E
330
2
100
AcDbEntity
  8
HALFEN-KONSOLANKER
100
AcDbLine
 10
4693.129223490954
 20
-1109.226900351814
 30
0.0
 11
5443.129223490954
 21
-1109.226900351814
 31
0.0
  0
LINE
  5
A8F
330
2
100
AcDbEntity
  8
HALFEN-KONSOLANKER
100
AcDbLine
 10
4693.129223490954
 20
-1103.226900351814
 30
0.0
 11
5443.129223490954
 21
-1103.226900351814
 31
0.0
  0
LINE
  5
A90
330
2
100
AcDbEntity
  8
HALFEN-KONSOLANKER
100
AcDbLine
 10
5443.129223490954
 20
-1135.226900351814
 30
0.0
 11
4693.129223490954
 21
-1135.226900351814
 31
0.0
  0
LINE
  5
A91
330
2
100
AcDbEntity
  8
HALFEN-KONSOLANKER
100
AcDbLine
 10
5443.129223490954
 20
-1319.226900351814
 30
0.0
 11
4693.129223490954
 21
-1319.226900351814
 31
0.0
  0
LINE
  5
A92
330
2
100
AcDbEntity
  8
HALFEN-KONSOLANKER
100
AcDbLine
 10
4667.129223490954
 20
-934.2269003518145
 30
0.0
 11
4498.129223490955
 21
-1103.226900351814
 31
0.0
  0
LINE
  5
A93
330
2
100
AcDbEntity
  8
HALFEN-KONSOLANKER
100
AcDbLine
 10
4667.129223490954
 20
-976.6533072230075
 30
0.0
 11
4540.555630362147
 21
-1103.226900351814
 31
0.0
  0
LINE
  5
A94
330
2
100
AcDbEntity
  8
HALFEN-KONSOLANKER
100
AcDbLine
 10
4661.129223490954
 20
-1109.226900351814
 30
0.0
 11
4463.129223490954
 21
-1109.226900351814
 31
0.0
  0
LINE
  5
A95
330
2
100
AcDbEntity
  8
HALFEN-KONSOLANKER
100
AcDbLine
 10
4661.129223490954
 20
-1103.226900351814
 30
0.0
 11
4463.129223490954
 21
-1103.226900351814
 31
0.0
  0
TEXT
  5
A96
330
2
100
AcDbEntity
  8
HALFEN-KONSOLANKER
100
AcDbText
 10
4518.129223490954
 20
-866.7269003518141
 30
0.0
 40
5.0
  1
Halfen Konsolwinkel KWL - 3,2 - 210 - 750
  7
ARIAL50
100
AcDbText
  0
LINE
  5
A97
330
2
100
AcDbEntity
  8
HALFEN-KONSOLANKER
100
AcDbLine
 10
4463.129223490954
 20
-859.2269003518142
 30
0.0
 11
4663.129223490954
 21
-859.2269003518142
 31
0.0
  0
LINE
  5
A98
330
2
100
AcDbEntity
  8
HALFEN-KONSOLANKER
100
AcDbLine
 10
4463.129223490954
 20
-877.2269003518141
 30
0.0
 11
4663.129223490954
 21
-877.2269003518141
 31
0.0
  0
LINE
  5
A99
330
2
100
AcDbEntity
  8
HALFEN-KONSOLANKER
100
AcDbLine
 10
4463.129223490954
 20
-887.2269003518141
 30
0.0
 11
4663.129223490954
 21
-887.2269003518141
 31
0.0
  0
LINE
  5
A9A
330
2
100
AcDbEntity
  8
HALFEN-KONSOLANKER
100
AcDbLine
 10
4463.129223490954
 20
-1103.226900351814
 30
0.0
 11
4463.129223490954
 21
-1109.226900351814
 31
0.0
  0
TEXT
  5
A9B
330
2
100
AcDbEntity
  8
HALFEN-KONSOLANKER
100
AcDbText
 10
4468.129223490953
 20
-866.7269003518141
 30
0.0
 40
5.0
  1
Benennung
  7
ARIAL50
100
AcDbText
  0
TEXT
  5
A9C
330
2
100
AcDbEntity
  8
HALFEN-KONSOLANKER
100
AcDbText
 10
4468.129223490953
 20
-884.7269003518141
 30
0.0
 40
5.0
  1
Id. Nr.
  7
ARIAL50
100
AcDbText
  0
LINE
  5
A9D
330
2
100
AcDbEntity
  8
HALFEN-KONSOLANKER
100
AcDbLine
 10
4463.129223490954
 20
-887.2269003518141
 30
0.0
 11
4463.129223490954
 21
-859.2269003518142
 31
0.0
  0
TEXT
  5
A9E
330
2
100
AcDbEntity
  8
HALFEN-KONSOLANKER
100
AcDbText
 10
4463.129223490954
 20
-856.7269003518141
 30
0.0
 40
5.0
  1
A4
  7
ARIAL50
100
AcDbText
  0
TEXT
  5
A9F
330
2
100
AcDbEntity
  8
HALFEN-KONSOLANKER
100
AcDbText
 10
4518.129223490954
 20
-884.7269003518141
 30
0.0
 40
5.0
  1
0112.010-00035
  7
ARIAL50
100
AcDbText
  0
LINE
  5
AA0
330
2
100
AcDbEntity
  8
HALFEN-KONSOLANKER
100
AcDbLine
 10
4513.129223490954
 20
-887.2269003518141
 30
0.0
 11
4513.129223490954
 21
-859.2269003518142
 31
0.0
  0
LINE
  5
AA1
330
2
100
AcDbEntity
  8
HALFEN-KONSOLANKER
100
AcDbLine
 10
4693.129223490954
 20
-899.2269003518142
 30
0.0
 11
4693.129223490954
 21
-1109.226900351814
 31
0.0
  0
LINE
  5
AA2
330
2
100
AcDbEntity
  8
HALFEN-KONSOLANKER
100
AcDbLine
 10
4667.129223490954
 20
-899.2269003518142
 30
0.0
 11
4667.129223490954
 21
-1097.226900351814
 31
0.0
  0
LINE
  5
AA3
330
2
100
AcDbEntity
  8
HALFEN-KONSOLANKER
100
AcDbLine
 10
4673.129223490954
 20
-899.2269003518142
 30
0.0
 11
4673.129223490954
 21
-1097.226900351814
 31
0.0
  0
LINE
  5
AA4
330
2
100
AcDbEntity
  8
HALFEN-KONSOLANKER
100
AcDbLine
 10
4816.129223490954
 20
-934.2269003518142
 30
0.0
 11
4816.129223490954
 21
-1103.226900351814
 31
0.0
  0
LINE
  5
AA5
330
2
100
AcDbEntity
  8
HALFEN-KONSOLANKER
100
AcDbLine
 10
4820.129223490955
 20
-934.2269003518142
 30
0.0
 11
4820.129223490955
 21
-1103.226900351814
 31
0.0
  0
LINE
  5
AA6
330
2
100
AcDbEntity
  8
HALFEN-KONSOLANKER
100
AcDbLine
 10
4693.129223490954
 20
-1319.226900351814
 30
0.0
 11
4693.129223490954
 21
-1129.226900351814
 31
0.0
  0
ARC
  5
AA7
330
2
100
AcDbEntity
  8
HALFEN-KONSOLANKER
100
AcDbCircle
 10
4661.129223490954
 20
-1097.226900351814
 30
0.0
 40
6.0
100
AcDbArc
 50
270.0
 51
0.0
1001
GENIUS_GENODEF_13
1002
{
1000
HIER
1070
     0
1002
}
1002
{
1000
MANEDIT
1070
     0
1002
}
1002
{
1000
NOSEL
1070
     0
1002
}
1002
{
1000
BEHIND
1070
     0
1002
}
1002
{
1000
REACTOR
1002
}
1001
GENIUS_GENOBJ-N-FIL_13
1002
{
1000
OWNER
1000
GEN
1002
}
  0
ARC
  5
AA8
330
2
100
AcDbEntity
  8
HALFEN-KONSOLANKER
100
AcDbCircle
 10
4661.129223490954
 20
-1097.226900351814
 30
0.0
 40
12.0
100
AcDbArc
 50
270.0
 51
0.0
1001
GENIUS_GENODEF_13
1002
{
1000
HIER
1070
     0
1002
}
1002
{
1000
MANEDIT
1070
     0
1002
}
1002
{
1000
NOSEL
1070
     0
1002
}
1002
{
1000
BEHIND
1070
     0
1002
}
1002
{
1000
REACTOR
1002
}
1001
GENIUS_GENOBJ-N-FIL_13
1002
{
1000
OWNER
1000
GEN
1002
}
  0
LINE
  5
AA9
330
2
100
AcDbEntity
  8
HALFEN-KONSOLANKER
100
AcDbLine
 10
4820.129223490955
 20
-1135.226900351814
 30
0.0
 11
4820.129223490955
 21
-1284.226900351814
 31
0.0
  0
LINE
  5
AAA
330
2
100
AcDbEntity
  8
HALFEN-KONSOLANKER
100
AcDbLine
 10
4816.129223490954
 20
-1135.226900351814
 30
0.0
 11
4816.129223490954
 21
-1284.226900351814
 31
0.0
  0
LINE
  5
AAB
330
2
100
AcDbEntity
  8
HALFEN-KONSOLANKER
100
AcDbLine
 10
4820.129223490955
 20
-1284.226900351814
 30
0.0
 11
4816.129223490954
 21
-1284.226900351814
 31
0.0
  0
LINE
  5
AAC
330
2
100
AcDbEntity
  8
HALFEN-KONSOLANKER
  6
VERDECKT
 62
     1
100
AcDbLine
 10
4830.629223490954
 20
-1129.226900351814
 30
0.0
 11
4830.629223490954
 21
-1135.226900351814
 31
0.0
  0
LINE
  5
AAD
330
2
100
AcDbEntity
  8
HALFEN-KONSOLANKER
  6
MITTELLINIE
 62
     1
 48
10.0
100
AcDbLine
 10
4818.129223490954
 20
-1124.226900351814
 30
0.0
 11
4818.129223490954
 21
-1140.226900351814
 31
0.0
  0
LINE
  5
AAE
330
2
100
AcDbEntity
  8
HALFEN-KONSOLANKER
  6
VERDECKT
 62
     1
100
AcDbLine
 10
4805.629223490954
 20
-1135.226900351814
 30
0.0
 11
4805.629223490954
 21
-1129.226900351814
 31
0.0
  0
LINE
  5
AAF
330
2
100
AcDbEntity
  8
HALFEN-KONSOLANKER
  6
VERDECKT
 62
     1
100
AcDbLine
 10
4667.129223490954
 20
-926.7269003518141
 30
0.0
 11
4673.129223490954
 21
-926.7269003518141
 31
0.0
  0
LINE
  5
AB0
330
2
100
AcDbEntity
  8
HALFEN-KONSOLANKER
  6
VERDECKT
 62
     1
100
AcDbLine
 10
4667.129223490954
 20
-915.7269003518141
 30
0.0
 11
4673.129223490954
 21
-915.7269003518141
 31
0.0
  0
LINE
  5
AB1
330
2
100
AcDbEntity
  8
HALFEN-KONSOLANKER
100
AcDbLine
 10
4667.129223490954
 20
-899.2269003518142
 30
0.0
 11
4673.129223490954
 21
-899.2269003518142
 31
0.0
  0
LINE
  5
AB2
330
2
100
AcDbEntity
  8
HALFEN-KONSOLANKER
  6
MITTELLINIE
 62
     1
 48
10.0
100
AcDbLine
 10
4662.129223490954
 20
-921.2269003518141
 30
0.0
 11
4678.129223490954
 21
-921.2269003518141
 31
0.0
1001
GENIUS_GENODEF_13
1002
{
1000
HIER
1070
     0
1002
}
1002
{
1000
MANEDIT
1070
     0
1002
}
1002
{
1000
NOSEL
1070
     0
1002
}
1002
{
1000
BEHIND
1070
     0
1002
}
1002
{
1000
REACTOR
1002
}
1001
GENIUS_GENOBJ-N-CEN_13
1002
{
1000
OWNER
1000
GEN
1002
}
  0
LINE
  5
AB3
330
2
100
AcDbEntity
  8
HALFEN-KONSOLANKER
100
AcDbLine
 10
4663.129223490954
 20
-887.2269003518141
 30
0.0
 11
4663.129223490954
 21
-859.2269003518142
 31
0.0
  0
LINE
  5
AB4
330
2
100
AcDbEntity
  8
HALFEN-KONSOLANKER
  6
MITTELLINIE
 62
     1
 48
10.0
100
AcDbLine
 10
4800.629223490954
 20
-921.2269003518141
 30
0.0
 11
4835.629223490954
 21
-921.2269003518141
 31
0.0
1001
GENIUS_GENODEF_13
1002
{
1000
HIER
1070
     0
1002
}
1002
{
1000
MANEDIT
1070
     0
1002
}
1002
{
1000
NOSEL
1070
     0
1002
}
1002
{
1000
BEHIND
1070
     0
1002
}
1002
{
1000
REACTOR
1002
}
1001
GENIUS_GENOBJ-N-CEN_13
1002
{
1000
OWNER
1000
GEN
1002
}
  0
ARC
  5
AB5
330
2
100
AcDbEntity
  8
HALFEN-KONSOLANKER
100
AcDbCircle
 10
4825.129223490954
 20
-921.2269003518141
 30
0.0
 40
5.5
100
AcDbArc
 50
270.0
 51
90.0
  0
LINE
  5
AB6
330
2
100
AcDbEntity
  8
HALFEN-KONSOLANKER
  6
MITTELLINIE
 62
     1
 48
10.0
100
AcDbLine
 10
4818.129223490954
 20
-910.726900351814
 30
0.0
 11
4818.129223490954
 21
-931.7269003518141
 31
0.0
  0
POINT
  5
AB7
330
2
100
AcDbEntity
  8
HALFEN-KONSOLANKER
100
AcDbPoint
 10
4818.129223490954
 20
-899.2269003518142
 30
0.0
  0
POINT
  5
AB8
330
2
100
AcDbEntity
  8
HALFEN-KONSOLANKER
100
AcDbPoint
 10
4818.129223490954
 20
-899.2269003518142
 30
0.0
  0
ARC
  5
AB9
330
2
100
AcDbEntity
  8
HALFEN-KONSOLANKER
100
AcDbCircle
 10
4811.129223490954
 20
-921.2269003518141
 30
0.0
 40
5.5
100
AcDbArc
 50
90.0
 51
270.0
  0
LINE
  5
ABA
330
2
100
AcDbEntity
  8
HALFEN-KONSOLANKER
100
AcDbLine
 10
4816.129223490954
 20
-934.2269003518142
 30
0.0
 11
4820.129223490955
 21
-934.2269003518142
 31
0.0
  0
LINE
  5
ABB
330
2
100
AcDbEntity
  8
HALFEN-KONSOLANKER
100
AcDbLine
 10
4811.129223490954
 20
-926.7269003518141
 30
0.0
 11
4825.129223490954
 21
-926.7269003518141
 31
0.0
  0
LINE
  5
ABC
330
2
100
AcDbEntity
  8
HALFEN-KONSOLANKER
100
AcDbLine
 10
4811.129223490954
 20
-915.7269003518141
 30
0.0
 11
4825.129223490954
 21
-915.7269003518141
 31
0.0
  0
LINE
  5
ABD
330
2
100
AcDbEntity
  8
HALFEN-KONSOLANKER
100
AcDbLine
 10
5070.129223490955
 20
-934.2269003518142
 30
0.0
 11
5070.129223490955
 21
-1103.226900351814
 31
0.0
  0
LINE
  5
ABE
330
2
100
AcDbEntity
  8
HALFEN-KONSOLANKER
100
AcDbLine
 10
5066.129223490954
 20
-934.2269003518142
 30
0.0
 11
5066.129223490954
 21
-1103.226900351814
 31
0.0
  0
LINE
  5
ABF
330
2
100
AcDbEntity
  8
HALFEN-KONSOLANKER
100
AcDbLine
 10
5066.129223490954
 20
-1135.226900351814
 30
0.0
 11
5066.129223490954
 21
-1284.226900351814
 31
0.0
  0
LINE
  5
AC0
330
2
100
AcDbEntity
  8
HALFEN-KONSOLANKER
100
AcDbLine
 10
5070.129223490955
 20
-1135.226900351814
 30
0.0
 11
5070.129223490955
 21
-1284.226900351814
 31
0.0
  0
LINE
  5
AC1
330
2
100
AcDbEntity
  8
HALFEN-KONSOLANKER
100
AcDbLine
 10
5070.129223490955
 20
-1284.226900351814
 30
0.0
 11
5066.129223490954
 21
-1284.226900351814
 31
0.0
  0
LINE
  5
AC2
330
2
100
AcDbEntity
  8
HALFEN-KONSOLANKER
  6
MITTELLINIE
 62
     1
 48
10.0
100
AcDbLine
 10
5068.129223490954
 20
-1124.226900351814
 30
0.0
 11
5068.129223490954
 21
-1140.226900351814
 31
0.0
  0
LINE
  5
AC3
330
2
100
AcDbEntity
  8
HALFEN-KONSOLANKER
  6
VERDECKT
 62
     1
100
AcDbLine
 10
5055.629223490954
 20
-1135.226900351814
 30
0.0
 11
5055.629223490954
 21
-1129.226900351814
 31
0.0
  0
LINE
  5
AC4
330
2
100
AcDbEntity
  8
HALFEN-KONSOLANKER
  6
VERDECKT
 62
     1
100
AcDbLine
 10
5080.629223490954
 20
-1129.226900351814
 30
0.0
 11
5080.629223490954
 21
-1135.226900351814
 31
0.0
  0
ARC
  5
AC5
330
2
100
AcDbEntity
  8
HALFEN-KONSOLANKER
100
AcDbCircle
 10
5075.129223490954
 20
-921.2269003518141
 30
0.0
 40
5.5
100
AcDbArc
 50
270.0
 51
90.0
  0
LINE
  5
AC6
330
2
100
AcDbEntity
  8
HALFEN-KONSOLANKER
  6
MITTELLINIE
 62
     1
 48
10.0
100
AcDbLine
 10
5050.629223490954
 20
-921.2269003518141
 30
0.0
 11
5085.629223490954
 21
-921.2269003518141
 31
0.0
1001
GENIUS_GENODEF_13
1002
{
1000
HIER
1070
     0
1002
}
1002
{
1000
MANEDIT
1070
     0
1002
}
1002
{
1000
NOSEL
1070
     0
1002
}
1002
{
1000
BEHIND
1070
     0
1002
}
1002
{
1000
REACTOR
1002
}
1001
GENIUS_GENOBJ-N-CEN_13
1002
{
1000
OWNER
1000
GEN
1002
}
  0
LINE
  5
AC7
330
2
100
AcDbEntity
  8
HALFEN-KONSOLANKER
  6
MITTELLINIE
 62
     1
 48
10.0
100
AcDbLine
 10
5068.129223490954
 20
-910.726900351814
 30
0.0
 11
5068.129223490954
 21
-931.7269003518141
 31
0.0
  0
LINE
  5
AC8
330
2
100
AcDbEntity
  8
HALFEN-KONSOLANKER
100
AcDbLine
 10
5066.129223490954
 20
-934.2269003518142
 30
0.0
 11
5070.129223490955
 21
-934.2269003518142
 31
0.0
  0
POINT
  5
AC9
330
2
100
AcDbEntity
  8
HALFEN-KONSOLANKER
100
AcDbPoint
 10
5068.129223490954
 20
-899.2269003518142
 30
0.0
  0
POINT
  5
ACA
330
2
100
AcDbEntity
  8
HALFEN-KONSOLANKER
100
AcDbPoint
 10
5068.129223490954
 20
-899.2269003518142
 30
0.0
  0
ARC
  5
ACB
330
2
100
AcDbEntity
  8
HALFEN-KONSOLANKER
100
AcDbCircle
 10
5061.129223490954
 20
-921.2269003518141
 30
0.0
 40
5.5
100
AcDbArc
 50
90.0
 51
270.0
  0
LINE
  5
ACC
330
2
100
AcDbEntity
  8
HALFEN-KONSOLANKER
100
AcDbLine
 10
5061.129223490954
 20
-926.7269003518141
 30
0.0
 11
5075.129223490954
 21
-926.7269003518141
 31
0.0
  0
LINE
  5
ACD
330
2
100
AcDbEntity
  8
HALFEN-KONSOLANKER
100
AcDbLine
 10
5061.129223490954
 20
-915.7269003518141
 30
0.0
 11
5075.129223490954
 21
-915.7269003518141
 31
0.0
  0
LINE
  5
ACE
330
2
100
AcDbEntity
  8
HALFEN-KONSOLANKER
100
AcDbLine
 10
5443.129223490954
 20
-899.2269003518142
 30
0.0
 11
5443.129223490954
 21
-1109.226900351814
 31
0.0
  0
LINE
  5
ACF
330
2
100
AcDbEntity
  8
HALFEN-KONSOLANKER
100
AcDbLine
 10
5443.129223490954
 20
-1319.226900351814
 30
0.0
 11
5443.129223490954
 21
-1129.226900351814
 31
0.0
  0
LINE
  5
AD0
330
2
100
AcDbEntity
  8
HALFEN-KONSOLANKER
100
AcDbLine
 10
5483.129223490954
 20
-1909.226900351814
 30
0.0
 11
4733.129223490954
 21
-1909.226900351814
 31
0.0
  0
LINE
  5
AD1
330
2
100
AcDbEntity
  8
HALFEN-KONSOLANKER
100
AcDbLine
 10
4733.129223490954
 20
-1429.226900351814
 30
0.0
 11
5483.129223490954
 21
-1429.226900351814
 31
0.0
  0
LINE
  5
AD2
330
2
100
AcDbEntity
  8
HALFEN-KONSOLANKER
100
AcDbLine
 10
5483.129223490954
 20
-1685.226900351814
 30
0.0
 11
4733.129223490954
 21
-1685.226900351814
 31
0.0
  0
LINE
  5
AD3
330
2
100
AcDbEntity
  8
HALFEN-KONSOLANKER
100
AcDbLine
 10
4733.129223490954
 20
-1653.226900351814
 30
0.0
 11
5483.129223490954
 21
-1653.226900351814
 31
0.0
  0
LINE
  5
AD4
330
2
100
AcDbEntity
  8
HALFEN-KONSOLANKER
100
AcDbLine
 10
4733.129223490954
 20
-1659.226900351814
 30
0.0
 11
5483.129223490954
 21
-1659.226900351814
 31
0.0
  0
LINE
  5
AD5
330
2
100
AcDbEntity
  8
HALFEN-KONSOLANKER
100
AcDbLine
 10
5483.129223490954
 20
-1679.226900351814
 30
0.0
 11
4733.129223490954
 21
-1679.226900351814
 31
0.0
  0
LINE
  5
AD6
330
2
100
AcDbEntity
  8
HALFEN-KONSOLANKER
100
AcDbLine
 10
4733.129223490954
 20
-1909.226900351814
 30
0.0
 11
4733.129223490954
 21
-1679.226900351814
 31
0.0
  0
LINE
  5
AD7
330
2
100
AcDbEntity
  8
HALFEN-KONSOLANKER
100
AcDbLine
 10
4701.129223490954
 20
-1653.226900351814
 30
0.0
 11
4483.129223490954
 21
-1653.226900351814
 31
0.0
  0
LINE
  5
AD8
330
2
100
AcDbEntity
  8
HALFEN-KONSOLANKER
100
AcDbLine
 10
4701.129223490954
 20
-1659.226900351814
 30
0.0
 11
4483.129223490954
 21
-1659.226900351814
 31
0.0
  0
LINE
  5
AD9
330
2
100
AcDbEntity
  8
HALFEN-KONSOLANKER
100
AcDbLine
 10
4707.129223490954
 20
-1506.653307223007
 30
0.0
 11
4560.555630362147
 21
-1653.226900351814
 31
0.0
  0
LINE
  5
ADA
330
2
100
AcDbEntity
  8
HALFEN-KONSOLANKER
100
AcDbLine
 10
4707.129223490954
 20
-1464.226900351814
 30
0.0
 11
4518.129223490954
 21
-1653.226900351814
 31
0.0
  0
TEXT
  5
ADB
330
2
100
AcDbEntity
  8
HALFEN-KONSOLANKER
100
AcDbText
 10
4538.129223490954
 20
-1396.726900351814
 30
0.0
 40
5.0
  1
Halfen Konsolwinkel KWL - 3,2 - 230 - 750
  7
ARIAL50
100
AcDbText
  0
LINE
  5
ADC
330
2
100
AcDbEntity
  8
HALFEN-KONSOLANKER
100
AcDbLine
 10
4483.129223490954
 20
-1417.226900351814
 30
0.0
 11
4683.129223490953
 21
-1417.226900351814
 31
0.0
  0
LINE
  5
ADD
330
2
100
AcDbEntity
  8
HALFEN-KONSOLANKER
100
AcDbLine
 10
4483.129223490954
 20
-1407.226900351814
 30
0.0
 11
4683.129223490953
 21
-1407.226900351814
 31
0.0
  0
LINE
  5
ADE
330
2
100
AcDbEntity
  8
HALFEN-KONSOLANKER
100
AcDbLine
 10
4483.129223490954
 20
-1389.226900351814
 30
0.0
 11
4683.129223490953
 21
-1389.226900351814
 31
0.0
  0
LINE
  5
ADF
330
2
100
AcDbEntity
  8
HALFEN-KONSOLANKER
100
AcDbLine
 10
4483.129223490954
 20
-1653.226900351814
 30
0.0
 11
4483.129223490954
 21
-1659.226900351814
 31
0.0
  0
TEXT
  5
AE0
330
2
100
AcDbEntity
  8
HALFEN-KONSOLANKER
100
AcDbText
 10
4488.129223490954
 20
-1414.726900351814
 30
0.0
 40
5.0
  1
Id. Nr.
  7
ARIAL50
100
AcDbText
  0
TEXT
  5
AE1
330
2
100
AcDbEntity
  8
HALFEN-KONSOLANKER
100
AcDbText
 10
4488.129223490954
 20
-1396.726900351814
 30
0.0
 40
5.0
  1
Benennung
  7
ARIAL50
100
AcDbText
  0
TEXT
  5
AE2
330
2
100
AcDbEntity
  8
HALFEN-KONSOLANKER
100
AcDbText
 10
4483.129223490954
 20
-1386.726900351814
 30
0.0
 40
5.0
  1
A4
  7
ARIAL50
100
AcDbText
  0
LINE
  5
AE3
330
2
100
AcDbEntity
  8
HALFEN-KONSOLANKER
100
AcDbLine
 10
4483.129223490954
 20
-1417.226900351814
 30
0.0
 11
4483.129223490954
 21
-1389.226900351814
 31
0.0
  0
TEXT
  5
AE4
330
2
100
AcDbEntity
  8
HALFEN-KONSOLANKER
100
AcDbText
 10
4538.129223490954
 20
-1414.726900351814
 30
0.0
 40
5.0
  1
0112.010-00038
  7
ARIAL50
100
AcDbText
  0
LINE
  5
AE5
330
2
100
AcDbEntity
  8
HALFEN-KONSOLANKER
100
AcDbLine
 10
4533.129223490954
 20
-1417.226900351814
 30
0.0
 11
4533.129223490954
 21
-1389.226900351814
 31
0.0
  0
LINE
  5
AE6
330
2
100
AcDbEntity
  8
HALFEN-KONSOLANKER
100
AcDbLine
 10
4860.129223490954
 20
-1464.226900351814
 30
0.0
 11
4860.129223490954
 21
-1653.226900351814
 31
0.0
  0
LINE
  5
AE7
330
2
100
AcDbEntity
  8
HALFEN-KONSOLANKER
100
AcDbLine
 10
4856.129223490954
 20
-1464.226900351814
 30
0.0
 11
4856.129223490954
 21
-1653.226900351814
 31
0.0
  0
LINE
  5
AE8
330
2
100
AcDbEntity
  8
HALFEN-KONSOLANKER
100
AcDbLine
 10
4713.129223490954
 20
-1429.226900351814
 30
0.0
 11
4713.129223490954
 21
-1647.226900351814
 31
0.0
  0
LINE
  5
AE9
330
2
100
AcDbEntity
  8
HALFEN-KONSOLANKER
100
AcDbLine
 10
4707.129223490954
 20
-1429.226900351814
 30
0.0
 11
4707.129223490954
 21
-1647.226900351814
 31
0.0
  0
LINE
  5
AEA
330
2
100
AcDbEntity
  8
HALFEN-KONSOLANKER
100
AcDbLine
 10
4733.129223490954
 20
-1429.226900351814
 30
0.0
 11
4733.129223490954
 21
-1659.226900351814
 31
0.0
  0
ARC
  5
AEB
330
2
100
AcDbEntity
  8
HALFEN-KONSOLANKER
100
AcDbCircle
 10
4701.129223490954
 20
-1647.226900351814
 30
0.0
 40
12.0
100
AcDbArc
 50
270.0
 51
0.0
1001
GENIUS_GENODEF_13
1002
{
1000
HIER
1070
     0
1002
}
1002
{
1000
MANEDIT
1070
     0
1002
}
1002
{
1000
NOSEL
1070
     0
1002
}
1002
{
1000
BEHIND
1070
     0
1002
}
1002
{
1000
REACTOR
1002
}
1001
GENIUS_GENOBJ-N-FIL_13
1002
{
1000
OWNER
1000
GEN
1002
}
  0
ARC
  5
AEC
330
2
100
AcDbEntity
  8
HALFEN-KONSOLANKER
100
AcDbCircle
 10
4701.129223490954
 20
-1647.226900351814
 30
0.0
 40
6.0
100
AcDbArc
 50
270.0
 51
0.0
1001
GENIUS_GENODEF_13
1002
{
1000
HIER
1070
     0
1002
}
1002
{
1000
MANEDIT
1070
     0
1002
}
1002
{
1000
NOSEL
1070
     0
1002
}
1002
{
1000
BEHIND
1070
     0
1002
}
1002
{
1000
REACTOR
1002
}
1001
GENIUS_GENOBJ-N-FIL_13
1002
{
1000
OWNER
1000
GEN
1002
}
  0
LINE
  5
AED
330
2
100
AcDbEntity
  8
HALFEN-KONSOLANKER
100
AcDbLine
 10
4856.129223490954
 20
-1685.226900351814
 30
0.0
 11
4856.129223490954
 21
-1874.226900351814
 31
0.0
  0
LINE
  5
AEE
330
2
100
AcDbEntity
  8
HALFEN-KONSOLANKER
100
AcDbLine
 10
4860.129223490954
 20
-1685.226900351814
 30
0.0
 11
4860.129223490954
 21
-1874.226900351814
 31
0.0
  0
LINE
  5
AEF
330
2
100
AcDbEntity
  8
HALFEN-KONSOLANKER
100
AcDbLine
 10
4860.129223490954
 20
-1874.226900351814
 30
0.0
 11
4856.129223490954
 21
-1874.226900351814
 31
0.0
  0
LINE
  5
AF0
330
2
100
AcDbEntity
  8
HALFEN-KONSOLANKER
  6
MITTELLINIE
 62
     1
 48
10.0
100
AcDbLine
 10
4858.129223490954
 20
-1674.226900351814
 30
0.0
 11
4858.129223490954
 21
-1690.226900351814
 31
0.0
  0
LINE
  5
AF1
330
2
100
AcDbEntity
  8
HALFEN-KONSOLANKER
  6
VERDECKT
 62
     1
100
AcDbLine
 10
4845.629223490954
 20
-1685.226900351814
 30
0.0
 11
4845.629223490954
 21
-1679.226900351814
 31
0.0
  0
LINE
  5
AF2
330
2
100
AcDbEntity
  8
HALFEN-KONSOLANKER
  6
VERDECKT
 62
     1
100
AcDbLine
 10
4870.629223490954
 20
-1679.226900351814
 30
0.0
 11
4870.629223490954
 21
-1685.226900351814
 31
0.0
  0
LINE
  5
AF3
330
2
100
AcDbEntity
  8
HALFEN-KONSOLANKER
  6
VERDECKT
 62
     1
100
AcDbLine
 10
4707.129223490954
 20
-1456.726900351814
 30
0.0
 11
4713.129223490954
 21
-1456.726900351814
 31
0.0
  0
LINE
  5
AF4
330
2
100
AcDbEntity
  8
HALFEN-KONSOLANKER
  6
VERDECKT
 62
     1
100
AcDbLine
 10
4707.129223490954
 20
-1445.726900351814
 30
0.0
 11
4713.129223490954
 21
-1445.726900351814
 31
0.0
  0
LINE
  5
AF5
330
2
100
AcDbEntity
  8
HALFEN-KONSOLANKER
100
AcDbLine
 10
4707.129223490954
 20
-1429.226900351814
 30
0.0
 11
4713.129223490954
 21
-1429.226900351814
 31
0.0
  0
LINE
  5
AF6
330
2
100
AcDbEntity
  8
HALFEN-KONSOLANKER
  6
MITTELLINIE
 62
     1
 48
10.0
100
AcDbLine
 10
4702.129223490954
 20
-1451.226900351814
 30
0.0
 11
4718.129223490953
 21
-1451.226900351814
 31
0.0
1001
GENIUS_GENODEF_13
1002
{
1000
HIER
1070
     0
1002
}
1002
{
1000
MANEDIT
1070
     0
1002
}
1002
{
1000
NOSEL
1070
     0
1002
}
1002
{
1000
BEHIND
1070
     0
1002
}
1002
{
1000
REACTOR
1002
}
1001
GENIUS_GENOBJ-N-CEN_13
1002
{
1000
OWNER
1000
GEN
1002
}
  0
LINE
  5
AF7
330
2
100
AcDbEntity
  8
HALFEN-KONSOLANKER
100
AcDbLine
 10
4683.129223490953
 20
-1417.226900351814
 30
0.0
 11
4683.129223490953
 21
-1389.226900351814
 31
0.0
  0
LINE
  5
AF8
330
2
100
AcDbEntity
  8
HALFEN-KONSOLANKER
100
AcDbLine
 10
4851.129223490954
 20
-1456.726900351814
 30
0.0
 11
4865.129223490954
 21
-1456.726900351814
 31
0.0
  0
LINE
  5
AF9
330
2
100
AcDbEntity
  8
HALFEN-KONSOLANKER
100
AcDbLine
 10
4851.129223490954
 20
-1445.726900351814
 30
0.0
 11
4865.129223490954
 21
-1445.726900351814
 31
0.0
  0
LINE
  5
AFA
330
2
100
AcDbEntity
  8
HALFEN-KONSOLANKER
  6
MITTELLINIE
 62
     1
 48
10.0
100
AcDbLine
 10
4840.629223490954
 20
-1451.226900351814
 30
0.0
 11
4875.629223490954
 21
-1451.226900351814
 31
0.0
1001
GENIUS_GENODEF_13
1002
{
1000
HIER
1070
     0
1002
}
1002
{
1000
MANEDIT
1070
     0
1002
}
1002
{
1000
NOSEL
1070
     0
1002
}
1002
{
1000
BEHIND
1070
     0
1002
}
1002
{
1000
REACTOR
1002
}
1001
GENIUS_GENOBJ-N-CEN_13
1002
{
1000
OWNER
1000
GEN
1002
}
  0
ARC
  5
AFB
330
2
100
AcDbEntity
  8
HALFEN-KONSOLANKER
100
AcDbCircle
 10
4851.129223490954
 20
-1451.226900351814
 30
0.0
 40
5.5
100
AcDbArc
 50
90.0
 51
270.0
  0
ARC
  5
AFC
330
2
100
AcDbEntity
  8
HALFEN-KONSOLANKER
100
AcDbCircle
 10
4865.129223490954
 20
-1451.226900351814
 30
0.0
 40
5.5
100
AcDbArc
 50
270.0
 51
90.0
  0
LINE
  5
AFD
330
2
100
AcDbEntity
  8
HALFEN-KONSOLANKER
  6
MITTELLINIE
 62
     1
 48
10.0
100
AcDbLine
 10
4858.129223490954
 20
-1440.726900351814
 30
0.0
 11
4858.129223490954
 21
-1461.726900351814
 31
0.0
  0
POINT
  5
AFE
330
2
100
AcDbEntity
  8
HALFEN-KONSOLANKER
100
AcDbPoint
 10
4858.129223490954
 20
-1429.226900351814
 30
0.0
  0
POINT
  5
AFF
330
2
100
AcDbEntity
  8
HALFEN-KONSOLANKER
100
AcDbPoint
 10
4858.129223490954
 20
-1429.226900351814
 30
0.0
  0
LINE
  5
B00
330
2
100
AcDbEntity
  8
HALFEN-KONSOLANKER
100
AcDbLine
 10
4856.129223490954
 20
-1464.226900351814
 30
0.0
 11
4860.129223490954
 21
-1464.226900351814
 31
0.0
  0
LINE
  5
B01
330
2
100
AcDbEntity
  8
HALFEN-KONSOLANKER
100
AcDbLine
 10
5483.129223490954
 20
-1909.226900351814
 30
0.0
 11
5483.129223490954
 21
-1679.226900351814
 31
0.0
  0
LINE
  5
B02
330
2
100
AcDbEntity
  8
HALFEN-KONSOLANKER
100
AcDbLine
 10
5106.129223490954
 20
-1464.226900351814
 30
0.0
 11
5106.129223490954
 21
-1653.226900351814
 31
0.0
  0
LINE
  5
B03
330
2
100
AcDbEntity
  8
HALFEN-KONSOLANKER
100
AcDbLine
 10
5110.129223490954
 20
-1464.226900351814
 30
0.0
 11
5110.129223490954
 21
-1653.226900351814
 31
0.0
  0
LINE
  5
B04
330
2
100
AcDbEntity
  8
HALFEN-KONSOLANKER
100
AcDbLine
 10
5110.129223490954
 20
-1685.226900351814
 30
0.0
 11
5110.129223490954
 21
-1874.226900351814
 31
0.0
  0
LINE
  5
B05
330
2
100
AcDbEntity
  8
HALFEN-KONSOLANKER
100
AcDbLine
 10
5106.129223490954
 20
-1685.226900351814
 30
0.0
 11
5106.129223490954
 21
-1874.226900351814
 31
0.0
  0
LINE
  5
B06
330
2
100
AcDbEntity
  8
HALFEN-KONSOLANKER
100
AcDbLine
 10
5110.129223490954
 20
-1874.226900351814
 30
0.0
 11
5106.129223490954
 21
-1874.226900351814
 31
0.0
  0
LINE
  5
B07
330
2
100
AcDbEntity
  8
HALFEN-KONSOLANKER
  6
VERDECKT
 62
     1
100
AcDbLine
 10
5095.629223490954
 20
-1685.226900351814
 30
0.0
 11
5095.629223490954
 21
-1679.226900351814
 31
0.0
  0
LINE
  5
B08
330
2
100
AcDbEntity
  8
HALFEN-KONSOLANKER
  6
MITTELLINIE
 62
     1
 48
10.0
100
AcDbLine
 10
5108.129223490954
 20
-1674.226900351814
 30
0.0
 11
5108.129223490954
 21
-1690.226900351814
 31
0.0
  0
LINE
  5
B09
330
2
100
AcDbEntity
  8
HALFEN-KONSOLANKER
  6
VERDECKT
 62
     1
100
AcDbLine
 10
5120.629223490954
 20
-1679.226900351814
 30
0.0
 11
5120.629223490954
 21
-1685.226900351814
 31
0.0
  0
ARC
  5
B0A
330
2
100
AcDbEntity
  8
HALFEN-KONSOLANKER
100
AcDbCircle
 10
5101.129223490954
 20
-1451.226900351814
 30
0.0
 40
5.5
100
AcDbArc
 50
90.0
 51
270.0
  0
LINE
  5
B0B
330
2
100
AcDbEntity
  8
HALFEN-KONSOLANKER
  6
MITTELLINIE
 62
     1
 48
10.0
100
AcDbLine
 10
5090.629223490954
 20
-1451.226900351814
 30
0.0
 11
5125.629223490954
 21
-1451.226900351814
 31
0.0
1001
GENIUS_GENODEF_13
1002
{
1000
HIER
1070
     0
1002
}
1002
{
1000
MANEDIT
1070
     0
1002
}
1002
{
1000
NOSEL
1070
     0
1002
}
1002
{
1000
BEHIND
1070
     0
1002
}
1002
{
1000
REACTOR
1002
}
1001
GENIUS_GENOBJ-N-CEN_13
1002
{
1000
OWNER
1000
GEN
1002
}
  0
LINE
  5
B0C
330
2
100
AcDbEntity
  8
HALFEN-KONSOLANKER
  6
MITTELLINIE
 62
     1
 48
10.0
100
AcDbLine
 10
5108.129223490954
 20
-1440.726900351814
 30
0.0
 11
5108.129223490954
 21
-1461.726900351814
 31
0.0
  0
LINE
  5
B0D
330
2
100
AcDbEntity
  8
HALFEN-KONSOLANKER
100
AcDbLine
 10
5106.129223490954
 20
-1464.226900351814
 30
0.0
 11
5110.129223490954
 21
-1464.226900351814
 31
0.0
  0
POINT
  5
B0E
330
2
100
AcDbEntity
  8
HALFEN-KONSOLANKER
100
AcDbPoint
 10
5108.129223490954
 20
-1429.226900351814
 30
0.0
  0
POINT
  5
B0F
330
2
100
AcDbEntity
  8
HALFEN-KONSOLANKER
100
AcDbPoint
 10
5108.129223490954
 20
-1429.226900351814
 30
0.0
  0
LINE
  5
B10
330
2
100
AcDbEntity
  8
HALFEN-KONSOLANKER
100
AcDbLine
 10
5101.129223490954
 20
-1456.726900351814
 30
0.0
 11
5115.129223490954
 21
-1456.726900351814
 31
0.0
  0
LINE
  5
B11
330
2
100
AcDbEntity
  8
HALFEN-KONSOLANKER
100
AcDbLine
 10
5101.129223490954
 20
-1445.726900351814
 30
0.0
 11
5115.129223490954
 21
-1445.726900351814
 31
0.0
  0
ARC
  5
B12
330
2
100
AcDbEntity
  8
HALFEN-KONSOLANKER
100
AcDbCircle
 10
5115.129223490954
 20
-1451.226900351814
 30
0.0
 40
5.5
100
AcDbArc
 50
270.0
 51
90.0
  0
LINE
  5
B13
330
2
100
AcDbEntity
  8
HALFEN-KONSOLANKER
100
AcDbLine
 10
5483.129223490954
 20
-1429.226900351814
 30
0.0
 11
5483.129223490954
 21
-1659.226900351814
 31
0.0
  0
LINE
  5
B14
330
2
100
AcDbEntity
  8
HALFEN-KONSOLANKER
  6
MITTELLINIE
 62
     1
 48
10.0
100
AcDbLine
 10
4880.629223490954
 20
-2021.226900351814
 30
0.0
 11
4915.629223490954
 21
-2021.226900351814
 31
0.0
1001
GENIUS_GENODEF_13
1002
{
1000
HIER
1070
     0
1002
}
1002
{
1000
MANEDIT
1070
     0
1002
}
1002
{
1000
NOSEL
1070
     0
1002
}
1002
{
1000
BEHIND
1070
     0
1002
}
1002
{
1000
REACTOR
1002
}
1001
GENIUS_GENOBJ-N-CEN_13
1002
{
1000
OWNER
1000
GEN
1002
}
  0
ARC
  5
B15
330
2
100
AcDbEntity
  8
HALFEN-KONSOLANKER
100
AcDbCircle
 10
4905.129223490955
 20
-2021.226900351814
 30
0.0
 40
5.5
100
AcDbArc
 50
270.0
 51
90.0
  0
LINE
  5
B16
330
2
100
AcDbEntity
  8
HALFEN-KONSOLANKER
100
AcDbLine
 10
4773.129223490954
 20
-1999.226900351814
 30
0.0
 11
5523.129223490954
 21
-1999.226900351814
 31
0.0
  0
LINE
  5
B17
330
2
100
AcDbEntity
  8
HALFEN-KONSOLANKER
100
AcDbLine
 10
5523.129223490954
 20
-2269.226900351815
 30
0.0
 11
4773.129223490954
 21
-2269.226900351815
 31
0.0
  0
LINE
  5
B18
330
2
100
AcDbEntity
  8
HALFEN-KONSOLANKER
100
AcDbLine
 10
4773.129223490954
 20
-2249.226900351815
 30
0.0
 11
5523.129223490954
 21
-2249.226900351815
 31
0.0
  0
LINE
  5
B19
330
2
100
AcDbEntity
  8
HALFEN-KONSOLANKER
100
AcDbLine
 10
4773.129223490954
 20
-2243.226900351814
 30
0.0
 11
5523.129223490954
 21
-2243.226900351814
 31
0.0
  0
LINE
  5
B1A
330
2
100
AcDbEntity
  8
HALFEN-KONSOLANKER
100
AcDbLine
 10
5523.129223490954
 20
-2275.226900351814
 30
0.0
 11
4773.129223490954
 21
-2275.226900351814
 31
0.0
  0
LINE
  5
B1B
330
2
100
AcDbEntity
  8
HALFEN-KONSOLANKER
100
AcDbLine
 10
5523.129223490954
 20
-2519.226900351815
 30
0.0
 11
4773.129223490954
 21
-2519.226900351815
 31
0.0
  0
LINE
  5
B1C
330
2
100
AcDbEntity
  8
HALFEN-KONSOLANKER
100
AcDbLine
 10
4773.129223490954
 20
-2519.226900351815
 30
0.0
 11
4773.129223490954
 21
-2269.226900351815
 31
0.0
  0
LINE
  5
B1D
330
2
100
AcDbEntity
  8
HALFEN-KONSOLANKER
100
AcDbLine
 10
4896.129223490954
 20
-2275.226900351814
 30
0.0
 11
4896.129223490954
 21
-2484.226900351814
 31
0.0
  0
LINE
  5
B1E
330
2
100
AcDbEntity
  8
HALFEN-KONSOLANKER
100
AcDbLine
 10
4900.129223490954
 20
-2275.226900351814
 30
0.0
 11
4900.129223490954
 21
-2484.226900351814
 31
0.0
  0
LINE
  5
B1F
330
2
100
AcDbEntity
  8
HALFEN-KONSOLANKER
100
AcDbLine
 10
4900.129223490954
 20
-2484.226900351814
 30
0.0
 11
4896.129223490954
 21
-2484.226900351814
 31
0.0
  0
LINE
  5
B20
330
2
100
AcDbEntity
  8
HALFEN-KONSOLANKER
100
AcDbLine
 10
4747.129223490953
 20
-2034.226900351815
 30
0.0
 11
4538.129223490954
 21
-2243.226900351814
 31
0.0
  0
LINE
  5
B21
330
2
100
AcDbEntity
  8
HALFEN-KONSOLANKER
100
AcDbLine
 10
4747.129223490953
 20
-2076.653307223008
 30
0.0
 11
4580.555630362147
 21
-2243.226900351814
 31
0.0
  0
LINE
  5
B22
330
2
100
AcDbEntity
  8
HALFEN-KONSOLANKER
100
AcDbLine
 10
4741.129223490954
 20
-2249.226900351815
 30
0.0
 11
4503.129223490954
 21
-2249.226900351815
 31
0.0
  0
LINE
  5
B23
330
2
100
AcDbEntity
  8
HALFEN-KONSOLANKER
100
AcDbLine
 10
4741.129223490954
 20
-2243.226900351814
 30
0.0
 11
4503.129223490954
 21
-2243.226900351814
 31
0.0
  0
TEXT
  5
B24
330
2
100
AcDbEntity
  8
HALFEN-KONSOLANKER
100
AcDbText
 10
4558.129223490953
 20
-1966.726900351815
 30
0.0
 40
5.0
  1
Halfen Konsolwinkel KWL - 3,2 - 250 - 750
  7
ARIAL50
100
AcDbText
  0
LINE
  5
B25
330
2
100
AcDbEntity
  8
HALFEN-KONSOLANKER
100
AcDbLine
 10
4503.129223490954
 20
-1959.226900351814
 30
0.0
 11
4703.129223490954
 21
-1959.226900351814
 31
0.0
  0
LINE
  5
B26
330
2
100
AcDbEntity
  8
HALFEN-KONSOLANKER
100
AcDbLine
 10
4503.129223490954
 20
-1977.226900351814
 30
0.0
 11
4703.129223490954
 21
-1977.226900351814
 31
0.0
  0
LINE
  5
B27
330
2
100
AcDbEntity
  8
HALFEN-KONSOLANKER
100
AcDbLine
 10
4503.129223490954
 20
-1987.226900351814
 30
0.0
 11
4703.129223490954
 21
-1987.226900351814
 31
0.0
  0
LINE
  5
B28
330
2
100
AcDbEntity
  8
HALFEN-KONSOLANKER
100
AcDbLine
 10
4503.129223490954
 20
-2243.226900351814
 30
0.0
 11
4503.129223490954
 21
-2249.226900351815
 31
0.0
  0
TEXT
  5
B29
330
2
100
AcDbEntity
  8
HALFEN-KONSOLANKER
100
AcDbText
 10
4508.129223490954
 20
-1966.726900351815
 30
0.0
 40
5.0
  1
Benennung
  7
ARIAL50
100
AcDbText
  0
TEXT
  5
B2A
330
2
100
AcDbEntity
  8
HALFEN-KONSOLANKER
100
AcDbText
 10
4508.129223490954
 20
-1984.726900351814
 30
0.0
 40
5.0
  1
Id. Nr.
  7
ARIAL50
100
AcDbText
  0
LINE
  5
B2B
330
2
100
AcDbEntity
  8
HALFEN-KONSOLANKER
100
AcDbLine
 10
4503.129223490954
 20
-1987.226900351814
 30
0.0
 11
4503.129223490954
 21
-1959.226900351814
 31
0.0
  0
TEXT
  5
B2C
330
2
100
AcDbEntity
  8
HALFEN-KONSOLANKER
100
AcDbText
 10
4503.129223490954
 20
-1956.726900351814
 30
0.0
 40
5.0
  1
A4
  7
ARIAL50
100
AcDbText
  0
TEXT
  5
B2D
330
2
100
AcDbEntity
  8
HALFEN-KONSOLANKER
100
AcDbText
 10
4558.129223490953
 20
-1984.726900351814
 30
0.0
 40
5.0
  1
0112.010-00041
  7
ARIAL50
100
AcDbText
  0
LINE
  5
B2E
330
2
100
AcDbEntity
  8
HALFEN-KONSOLANKER
100
AcDbLine
 10
4553.129223490954
 20
-1987.226900351814
 30
0.0
 11
4553.129223490954
 21
-1959.226900351814
 31
0.0
  0
LINE
  5
B2F
330
2
100
AcDbEntity
  8
HALFEN-KONSOLANKER
100
AcDbLine
 10
4773.129223490954
 20
-1999.226900351814
 30
0.0
 11
4773.129223490954
 21
-2249.226900351815
 31
0.0
  0
LINE
  5
B30
330
2
100
AcDbEntity
  8
HALFEN-KONSOLANKER
100
AcDbLine
 10
4747.129223490953
 20
-1999.226900351814
 30
0.0
 11
4747.129223490953
 21
-2237.226900351815
 31
0.0
  0
LINE
  5
B31
330
2
100
AcDbEntity
  8
HALFEN-KONSOLANKER
100
AcDbLine
 10
4753.129223490954
 20
-1999.226900351814
 30
0.0
 11
4753.129223490954
 21
-2237.226900351815
 31
0.0
  0
LINE
  5
B32
330
2
100
AcDbEntity
  8
HALFEN-KONSOLANKER
100
AcDbLine
 10
4896.129223490954
 20
-2034.226900351814
 30
0.0
 11
4896.129223490954
 21
-2243.226900351814
 31
0.0
  0
LINE
  5
B33
330
2
100
AcDbEntity
  8
HALFEN-KONSOLANKER
100
AcDbLine
 10
4900.129223490954
 20
-2034.226900351814
 30
0.0
 11
4900.129223490954
 21
-2243.226900351814
 31
0.0
  0
ARC
  5
B34
330
2
100
AcDbEntity
  8
HALFEN-KONSOLANKER
100
AcDbCircle
 10
4741.129223490954
 20
-2237.226900351815
 30
0.0
 40
6.0
100
AcDbArc
 50
270.0
 51
0.0
1001
GENIUS_GENODEF_13
1002
{
1000
HIER
1070
     0
1002
}
1002
{
1000
MANEDIT
1070
     0
1002
}
1002
{
1000
NOSEL
1070
     0
1002
}
1002
{
1000
BEHIND
1070
     0
1002
}
1002
{
1000
REACTOR
1002
}
1001
GENIUS_GENOBJ-N-FIL_13
1002
{
1000
OWNER
1000
GEN
1002
}
  0
ARC
  5
B35
330
2
100
AcDbEntity
  8
HALFEN-KONSOLANKER
100
AcDbCircle
 10
4741.129223490954
 20
-2237.226900351815
 30
0.0
 40
12.0
100
AcDbArc
 50
270.0
 51
0.0
1001
GENIUS_GENODEF_13
1002
{
1000
HIER
1070
     0
1002
}
1002
{
1000
MANEDIT
1070
     0
1002
}
1002
{
1000
NOSEL
1070
     0
1002
}
1002
{
1000
BEHIND
1070
     0
1002
}
1002
{
1000
REACTOR
1002
}
1001
GENIUS_GENOBJ-N-FIL_13
1002
{
1000
OWNER
1000
GEN
1002
}
  0
LINE
  5
B36
330
2
100
AcDbEntity
  8
HALFEN-KONSOLANKER
  6
MITTELLINIE
 62
     1
 48
10.0
100
AcDbLine
 10
4898.129223490954
 20
-2264.226900351815
 30
0.0
 11
4898.129223490954
 21
-2280.226900351815
 31
0.0
  0
LINE
  5
B37
330
2
100
AcDbEntity
  8
HALFEN-KONSOLANKER
  6
VERDECKT
 62
     1
100
AcDbLine
 10
4885.629223490955
 20
-2275.226900351814
 30
0.0
 11
4885.629223490955
 21
-2269.226900351815
 31
0.0
  0
LINE
  5
B38
330
2
100
AcDbEntity
  8
HALFEN-KONSOLANKER
  6
VERDECKT
 62
     1
100
AcDbLine
 10
4747.129223490953
 20
-2026.726900351814
 30
0.0
 11
4753.129223490954
 21
-2026.726900351814
 31
0.0
  0
LINE
  5
B39
330
2
100
AcDbEntity
  8
HALFEN-KONSOLANKER
  6
MITTELLINIE
 62
     1
 48
10.0
100
AcDbLine
 10
4742.129223490954
 20
-2021.226900351814
 30
0.0
 11
4758.129223490954
 21
-2021.226900351814
 31
0.0
1001
GENIUS_GENODEF_13
1002
{
1000
HIER
1070
     0
1002
}
1002
{
1000
MANEDIT
1070
     0
1002
}
1002
{
1000
NOSEL
1070
     0
1002
}
1002
{
1000
BEHIND
1070
     0
1002
}
1002
{
1000
REACTOR
1002
}
1001
GENIUS_GENOBJ-N-CEN_13
1002
{
1000
OWNER
1000
GEN
1002
}
  0
LINE
  5
B3A
330
2
100
AcDbEntity
  8
HALFEN-KONSOLANKER
100
AcDbLine
 10
4703.129223490954
 20
-1987.226900351814
 30
0.0
 11
4703.129223490954
 21
-1959.226900351814
 31
0.0
  0
LINE
  5
B3B
330
2
100
AcDbEntity
  8
HALFEN-KONSOLANKER
  6
VERDECKT
 62
     1
100
AcDbLine
 10
4747.129223490953
 20
-2015.726900351815
 30
0.0
 11
4753.129223490954
 21
-2015.726900351815
 31
0.0
  0
LINE
  5
B3C
330
2
100
AcDbEntity
  8
HALFEN-KONSOLANKER
100
AcDbLine
 10
4747.129223490953
 20
-1999.226900351814
 30
0.0
 11
4753.129223490954
 21
-1999.226900351814
 31
0.0
  0
ARC
  5
B3D
330
2
100
AcDbEntity
  8
HALFEN-KONSOLANKER
100
AcDbCircle
 10
4891.129223490954
 20
-2021.226900351814
 30
0.0
 40
5.5
100
AcDbArc
 50
90.0
 51
270.0
  0
LINE
  5
B3E
330
2
100
AcDbEntity
  8
HALFEN-KONSOLANKER
  6
MITTELLINIE
 62
     1
 48
10.0
100
AcDbLine
 10
4898.129223490954
 20
-2010.726900351814
 30
0.0
 11
4898.129223490954
 21
-2031.726900351815
 31
0.0
  0
LINE
  5
B3F
330
2
100
AcDbEntity
  8
HALFEN-KONSOLANKER
100
AcDbLine
 10
4896.129223490954
 20
-2034.226900351814
 30
0.0
 11
4900.129223490954
 21
-2034.226900351814
 31
0.0
  0
LINE
  5
B40
330
2
100
AcDbEntity
  8
HALFEN-KONSOLANKER
100
AcDbLine
 10
4891.129223490954
 20
-2026.726900351814
 30
0.0
 11
4905.129223490955
 21
-2026.726900351814
 31
0.0
  0
POINT
  5
B41
330
2
100
AcDbEntity
  8
HALFEN-KONSOLANKER
100
AcDbPoint
 10
4898.129223490954
 20
-1999.226900351814
 30
0.0
  0
POINT
  5
B42
330
2
100
AcDbEntity
  8
HALFEN-KONSOLANKER
100
AcDbPoint
 10
4898.129223490954
 20
-1999.226900351814
 30
0.0
  0
LINE
  5
B43
330
2
100
AcDbEntity
  8
HALFEN-KONSOLANKER
100
AcDbLine
 10
4891.129223490954
 20
-2015.726900351815
 30
0.0
 11
4905.129223490955
 21
-2015.726900351815
 31
0.0
  0
LINE
  5
B44
330
2
100
AcDbEntity
  8
HALFEN-KONSOLANKER
100
AcDbLine
 10
5523.129223490954
 20
-2519.226900351815
 30
0.0
 11
5523.129223490954
 21
-2269.226900351815
 31
0.0
  0
LINE
  5
B45
330
2
100
AcDbEntity
  8
HALFEN-KONSOLANKER
100
AcDbLine
 10
5150.129223490954
 20
-2275.226900351814
 30
0.0
 11
5150.129223490954
 21
-2484.226900351814
 31
0.0
  0
LINE
  5
B46
330
2
100
AcDbEntity
  8
HALFEN-KONSOLANKER
100
AcDbLine
 10
5146.129223490954
 20
-2275.226900351814
 30
0.0
 11
5146.129223490954
 21
-2484.226900351814
 31
0.0
  0
LINE
  5
B47
330
2
100
AcDbEntity
  8
HALFEN-KONSOLANKER
100
AcDbLine
 10
5150.129223490954
 20
-2484.226900351814
 30
0.0
 11
5146.129223490954
 21
-2484.226900351814
 31
0.0
  0
LINE
  5
B48
330
2
100
AcDbEntity
  8
HALFEN-KONSOLANKER
100
AcDbLine
 10
5150.129223490954
 20
-2034.226900351814
 30
0.0
 11
5150.129223490954
 21
-2243.226900351814
 31
0.0
  0
LINE
  5
B49
330
2
100
AcDbEntity
  8
HALFEN-KONSOLANKER
100
AcDbLine
 10
5146.129223490954
 20
-2034.226900351814
 30
0.0
 11
5146.129223490954
 21
-2243.226900351814
 31
0.0
  0
LINE
  5
B4A
330
2
100
AcDbEntity
  8
HALFEN-KONSOLANKER
  6
VERDECKT
 62
     1
100
AcDbLine
 10
4910.629223490954
 20
-2269.226900351815
 30
0.0
 11
4910.629223490954
 21
-2275.226900351814
 31
0.0
  0
LINE
  5
B4B
330
2
100
AcDbEntity
  8
HALFEN-KONSOLANKER
  6
MITTELLINIE
 62
     1
 48
10.0
100
AcDbLine
 10
5148.129223490954
 20
-2264.226900351815
 30
0.0
 11
5148.129223490954
 21
-2280.226900351815
 31
0.0
  0
LINE
  5
B4C
330
2
100
AcDbEntity
  8
HALFEN-KONSOLANKER
  6
VERDECKT
 62
     1
100
AcDbLine
 10
5135.629223490955
 20
-2275.226900351814
 30
0.0
 11
5135.629223490955
 21
-2269.226900351815
 31
0.0
  0
LINE
  5
B4D
330
2
100
AcDbEntity
  8
HALFEN-KONSOLANKER
  6
VERDECKT
 62
     1
100
AcDbLine
 10
5160.629223490954
 20
-2269.226900351815
 30
0.0
 11
5160.629223490954
 21
-2275.226900351814
 31
0.0
  0
ARC
  5
B4E
330
2
100
AcDbEntity
  8
HALFEN-KONSOLANKER
100
AcDbCircle
 10
5141.129223490954
 20
-2021.226900351814
 30
0.0
 40
5.5
100
AcDbArc
 50
90.0
 51
270.0
  0
LINE
  5
B4F
330
2
100
AcDbEntity
  8
HALFEN-KONSOLANKER
  6
MITTELLINIE
 62
     1
 48
10.0
100
AcDbLine
 10
5148.129223490954
 20
-2010.726900351814
 30
0.0
 11
5148.129223490954
 21
-2031.726900351815
 31
0.0
  0
ARC
  5
B50
330
2
100
AcDbEntity
  8
HALFEN-KONSOLANKER
100
AcDbCircle
 10
5155.129223490955
 20
-2021.226900351814
 30
0.0
 40
5.5
100
AcDbArc
 50
270.0
 51
90.0
  0
LINE
  5
B51
330
2
100
AcDbEntity
  8
HALFEN-KONSOLANKER
  6
MITTELLINIE
 62
     1
 48
10.0
100
AcDbLine
 10
5130.629223490954
 20
-2021.226900351814
 30
0.0
 11
5165.629223490954
 21
-2021.226900351814
 31
0.0
1001
GENIUS_GENODEF_13
1002
{
1000
HIER
1070
     0
1002
}
1002
{
1000
MANEDIT
1070
     0
1002
}
1002
{
1000
NOSEL
1070
     0
1002
}
1002
{
1000
BEHIND
1070
     0
1002
}
1002
{
1000
REACTOR
1002
}
1001
GENIUS_GENOBJ-N-CEN_13
1002
{
1000
OWNER
1000
GEN
1002
}
  0
LINE
  5
B52
330
2
100
AcDbEntity
  8
HALFEN-KONSOLANKER
100
AcDbLine
 10
5146.129223490954
 20
-2034.226900351814
 30
0.0
 11
5150.129223490954
 21
-2034.226900351814
 31
0.0
  0
LINE
  5
B53
330
2
100
AcDbEntity
  8
HALFEN-KONSOLANKER
100
AcDbLine
 10
5141.129223490954
 20
-2026.726900351814
 30
0.0
 11
5155.129223490955
 21
-2026.726900351814
 31
0.0
  0
POINT
  5
B54
330
2
100
AcDbEntity
  8
HALFEN-KONSOLANKER
100
AcDbPoint
 10
5148.129223490954
 20
-1999.226900351814
 30
0.0
  0
POINT
  5
B55
330
2
100
AcDbEntity
  8
HALFEN-KONSOLANKER
100
AcDbPoint
 10
5148.129223490954
 20
-1999.226900351814
 30
0.0
  0
LINE
  5
B56
330
2
100
AcDbEntity
  8
HALFEN-KONSOLANKER
100
AcDbLine
 10
5141.129223490954
 20
-2015.726900351815
 30
0.0
 11
5155.129223490955
 21
-2015.726900351815
 31
0.0
  0
LINE
  5
B57
330
2
100
AcDbEntity
  8
HALFEN-KONSOLANKER
100
AcDbLine
 10
5523.129223490954
 20
-1999.226900351814
 30
0.0
 11
5523.129223490954
 21
-2249.226900351815
 31
0.0
  0
LINE
  5
B58
330
2
100
AcDbEntity
  8
HALFEN-KONSOLANKER
100
AcDbLine
 10
5276.129223490954
 20
-444.2269003518143
 30
0.0
 11
5276.129223490954
 21
-593.2269003518143
 31
0.0
  0
LINE
  5
B59
330
2
100
AcDbEntity
  8
HALFEN-KONSOLANKER
100
AcDbLine
 10
5280.129223490955
 20
-444.2269003518143
 30
0.0
 11
5280.129223490955
 21
-593.2269003518143
 31
0.0
  0
LINE
  5
B5A
330
2
100
AcDbEntity
  8
HALFEN-KONSOLANKER
100
AcDbLine
 10
5280.129223490955
 20
-625.2269003518144
 30
0.0
 11
5280.129223490955
 21
-774.2269003518144
 31
0.0
  0
LINE
  5
B5B
330
2
100
AcDbEntity
  8
HALFEN-KONSOLANKER
100
AcDbLine
 10
5276.129223490954
 20
-625.2269003518144
 30
0.0
 11
5276.129223490954
 21
-774.2269003518144
 31
0.0
  0
LINE
  5
B5C
330
2
100
AcDbEntity
  8
HALFEN-KONSOLANKER
100
AcDbLine
 10
5280.129223490955
 20
-774.2269003518144
 30
0.0
 11
5276.129223490954
 21
-774.2269003518144
 31
0.0
  0
LINE
  5
B5D
330
2
100
AcDbEntity
  8
HALFEN-KONSOLANKER
  6
MITTELLINIE
 62
     1
 48
10.0
100
AcDbLine
 10
5278.129223490954
 20
-614.2269003518143
 30
0.0
 11
5278.129223490954
 21
-630.2269003518143
 31
0.0
  0
LINE
  5
B5E
330
2
100
AcDbEntity
  8
HALFEN-KONSOLANKER
  6
VERDECKT
 62
     1
100
AcDbLine
 10
5290.629223490954
 20
-619.2269003518143
 30
0.0
 11
5290.629223490954
 21
-625.2269003518144
 31
0.0
  0
LINE
  5
B5F
330
2
100
AcDbEntity
  8
HALFEN-KONSOLANKER
  6
VERDECKT
 62
     1
100
AcDbLine
 10
5265.629223490954
 20
-625.2269003518144
 30
0.0
 11
5265.629223490954
 21
-619.2269003518143
 31
0.0
  0
ARC
  5
B60
330
2
100
AcDbEntity
  8
HALFEN-KONSOLANKER
100
AcDbCircle
 10
5285.129223490955
 20
-431.2269003518143
 30
0.0
 40
5.5
100
AcDbArc
 50
270.0
 51
90.0
  0
LINE
  5
B61
330
2
100
AcDbEntity
  8
HALFEN-KONSOLANKER
  6
MITTELLINIE
 62
     1
 48
10.0
100
AcDbLine
 10
5278.129223490954
 20
-420.7269003518144
 30
0.0
 11
5278.129223490954
 21
-441.7269003518144
 31
0.0
  0
ARC
  5
B62
330
2
100
AcDbEntity
  8
HALFEN-KONSOLANKER
100
AcDbCircle
 10
5271.129223490954
 20
-431.2269003518143
 30
0.0
 40
5.5
100
AcDbArc
 50
90.0
 51
270.0
  0
LINE
  5
B63
330
2
100
AcDbEntity
  8
HALFEN-KONSOLANKER
  6
MITTELLINIE
 62
     1
 48
10.0
100
AcDbLine
 10
5260.629223490955
 20
-431.2269003518143
 30
0.0
 11
5295.629223490954
 21
-431.2269003518143
 31
0.0
1001
GENIUS_GENODEF_13
1002
{
1000
HIER
1070
     0
1002
}
1002
{
1000
MANEDIT
1070
     0
1002
}
1002
{
1000
NOSEL
1070
     0
1002
}
1002
{
1000
BEHIND
1070
     0
1002
}
1002
{
1000
REACTOR
1002
}
1001
GENIUS_GENOBJ-N-CEN_13
1002
{
1000
OWNER
1000
GEN
1002
}
  0
LINE
  5
B64
330
2
100
AcDbEntity
  8
HALFEN-KONSOLANKER
100
AcDbLine
 10
5271.129223490954
 20
-436.7269003518144
 30
0.0
 11
5285.129223490955
 21
-436.7269003518144
 31
0.0
  0
LINE
  5
B65
330
2
100
AcDbEntity
  8
HALFEN-KONSOLANKER
100
AcDbLine
 10
5276.129223490954
 20
-444.2269003518143
 30
0.0
 11
5280.129223490955
 21
-444.2269003518143
 31
0.0
  0
LINE
  5
B66
330
2
100
AcDbEntity
  8
HALFEN-KONSOLANKER
100
AcDbLine
 10
5271.129223490954
 20
-425.7269003518143
 30
0.0
 11
5285.129223490955
 21
-425.7269003518143
 31
0.0
  0
POINT
  5
B67
330
2
100
AcDbEntity
  8
HALFEN-KONSOLANKER
100
AcDbPoint
 10
5278.129223490954
 20
-409.2269003518143
 30
0.0
  0
POINT
  5
B68
330
2
100
AcDbEntity
  8
HALFEN-KONSOLANKER
100
AcDbPoint
 10
5278.129223490954
 20
-409.2269003518143
 30
0.0
  0
LINE
  5
B69
330
2
100
AcDbEntity
  8
HALFEN-KONSOLANKER
100
AcDbLine
 10
5236.129223490954
 20
5.773099648185393
 30
0.0
 11
5236.129223490954
 21
-123.2269003518146
 31
0.0
  0
LINE
  5
B6A
330
2
100
AcDbEntity
  8
HALFEN-KONSOLANKER
100
AcDbLine
 10
5240.129223490954
 20
5.773099648185393
 30
0.0
 11
5240.129223490954
 21
-123.2269003518146
 31
0.0
  0
LINE
  5
B6B
330
2
100
AcDbEntity
  8
HALFEN-KONSOLANKER
100
AcDbLine
 10
5236.129223490954
 20
-155.2269003518146
 30
0.0
 11
5236.129223490954
 21
-284.2269003518146
 31
0.0
  0
LINE
  5
B6C
330
2
100
AcDbEntity
  8
HALFEN-KONSOLANKER
100
AcDbLine
 10
5240.129223490954
 20
-155.2269003518146
 30
0.0
 11
5240.129223490954
 21
-284.2269003518146
 31
0.0
  0
LINE
  5
B6D
330
2
100
AcDbEntity
  8
HALFEN-KONSOLANKER
100
AcDbLine
 10
5240.129223490954
 20
-284.2269003518146
 30
0.0
 11
5236.129223490954
 21
-284.2269003518146
 31
0.0
  0
LINE
  5
B6E
330
2
100
AcDbEntity
  8
HALFEN-KONSOLANKER
  6
MITTELLINIE
 62
     1
 48
10.0
100
AcDbLine
 10
5238.129223490954
 20
-144.2269003518146
 30
0.0
 11
5238.129223490954
 21
-160.2269003518146
 31
0.0
  0
LINE
  5
B6F
330
2
100
AcDbEntity
  8
HALFEN-KONSOLANKER
  6
VERDECKT
 62
     1
100
AcDbLine
 10
5225.629223490955
 20
-155.2269003518146
 30
0.0
 11
5225.629223490955
 21
-149.2269003518146
 31
0.0
  0
LINE
  5
B70
330
2
100
AcDbEntity
  8
HALFEN-KONSOLANKER
  6
VERDECKT
 62
     1
100
AcDbLine
 10
5250.629223490954
 20
-149.2269003518146
 30
0.0
 11
5250.629223490954
 21
-155.2269003518146
 31
0.0
  0
LINE
  5
B71
330
2
100
AcDbEntity
  8
HALFEN-KONSOLANKER
  6
MITTELLINIE
 62
     1
 48
10.0
100
AcDbLine
 10
5220.629223490954
 20
18.77309964818539
 30
0.0
 11
5255.629223490954
 21
18.77309964818539
 31
0.0
1001
GENIUS_GENODEF_13
1002
{
1000
HIER
1070
     0
1002
}
1002
{
1000
MANEDIT
1070
     0
1002
}
1002
{
1000
NOSEL
1070
     0
1002
}
1002
{
1000
BEHIND
1070
     0
1002
}
1002
{
1000
REACTOR
1002
}
1001
GENIUS_GENOBJ-N-CEN_13
1002
{
1000
OWNER
1000
GEN
1002
}
  0
LINE
  5
B72
330
2
100
AcDbEntity
  8
HALFEN-KONSOLANKER
100
AcDbLine
 10
5236.129223490954
 20
5.773099648185393
 30
0.0
 11
5240.129223490954
 21
5.773099648185393
 31
0.0
  0
LINE
  5
B73
330
2
100
AcDbEntity
  8
HALFEN-KONSOLANKER
100
AcDbLine
 10
5231.129223490954
 20
13.27309964818539
 30
0.0
 11
5245.129223490955
 21
13.27309964818539
 31
0.0
  0
LINE
  5
B74
330
2
100
AcDbEntity
  8
HALFEN-KONSOLANKER
100
AcDbLine
 10
5231.129223490954
 20
24.27309964818539
 30
0.0
 11
5245.129223490955
 21
24.27309964818539
 31
0.0
  0
LINE
  5
B75
330
2
100
AcDbEntity
  8
HALFEN-KONSOLANKER
  6
MITTELLINIE
 62
     1
 48
10.0
100
AcDbLine
 10
5238.129223490954
 20
29.27309964818539
 30
0.0
 11
5238.129223490954
 21
8.273099648185393
 31
0.0
  0
ARC
  5
B76
330
2
100
AcDbEntity
  8
HALFEN-KONSOLANKER
100
AcDbCircle
 10
5231.129223490954
 20
18.77309964818539
 30
0.0
 40
5.5
100
AcDbArc
 50
90.0
 51
270.0
  0
ARC
  5
B77
330
2
100
AcDbEntity
  8
HALFEN-KONSOLANKER
100
AcDbCircle
 10
5245.129223490955
 20
18.77309964818539
 30
0.0
 40
5.5
100
AcDbArc
 50
270.0
 51
90.0
  0
POINT
  5
B78
330
2
100
AcDbEntity
  8
HALFEN-KONSOLANKER
100
AcDbPoint
 10
5238.129223490954
 20
40.77309964818539
 30
0.0
  0
POINT
  5
B79
330
2
100
AcDbEntity
  8
HALFEN-KONSOLANKER
100
AcDbPoint
 10
5238.129223490954
 20
40.77309964818539
 30
0.0
  0
LINE
  5
B7A
330
2
100
AcDbEntity
  8
HALFEN-KONSOLANKER
100
AcDbLine
 10
5196.129223490954
 20
274.7730996481853
 30
0.0
 11
5196.129223490954
 21
165.7730996481852
 31
0.0
  0
LINE
  5
B7B
330
2
100
AcDbEntity
  8
HALFEN-KONSOLANKER
100
AcDbLine
 10
5200.129223490954
 20
274.7730996481853
 30
0.0
 11
5200.129223490954
 21
165.7730996481852
 31
0.0
  0
LINE
  5
B7C
330
2
100
AcDbEntity
  8
HALFEN-KONSOLANKER
100
AcDbLine
 10
5200.129223490954
 20
165.7730996481852
 30
0.0
 11
5196.129223490954
 21
165.7730996481852
 31
0.0
  0
ARC
  5
B7D
330
2
100
AcDbEntity
  8
HALFEN-KONSOLANKER
100
AcDbCircle
 10
5191.129223490954
 20
428.7730996481853
 30
0.0
 40
5.5
100
AcDbArc
 50
90.0
 51
270.0
  0
LINE
  5
B7E
330
2
100
AcDbEntity
  8
HALFEN-KONSOLANKER
  6
MITTELLINIE
 62
     1
 48
10.0
100
AcDbLine
 10
5180.629223490954
 20
428.7730996481853
 30
0.0
 11
5215.629223490954
 21
428.7730996481853
 31
0.0
1001
GENIUS_GENODEF_13
1002
{
1000
HIER
1070
     0
1002
}
1002
{
1000
MANEDIT
1070
     0
1002
}
1002
{
1000
NOSEL
1070
     0
1002
}
1002
{
1000
BEHIND
1070
     0
1002
}
1002
{
1000
REACTOR
1002
}
1001
GENIUS_GENOBJ-N-CEN_13
1002
{
1000
OWNER
1000
GEN
1002
}
  0
LINE
  5
B7F
330
2
100
AcDbEntity
  8
HALFEN-KONSOLANKER
  6
VERDECKT
 62
     1
100
AcDbLine
 10
5185.629223490955
 20
274.7730996481853
 30
0.0
 11
5185.629223490955
 21
280.7730996481853
 31
0.0
  0
LINE
  5
B80
330
2
100
AcDbEntity
  8
HALFEN-KONSOLANKER
100
AcDbLine
 10
5200.129223490954
 20
415.7730996481852
 30
0.0
 11
5200.129223490954
 21
306.7730996481853
 31
0.0
  0
LINE
  5
B81
330
2
100
AcDbEntity
  8
HALFEN-KONSOLANKER
100
AcDbLine
 10
5196.129223490954
 20
415.7730996481852
 30
0.0
 11
5196.129223490954
 21
306.7730996481853
 31
0.0
  0
LINE
  5
B82
330
2
100
AcDbEntity
  8
HALFEN-KONSOLANKER
  6
VERDECKT
 62
     1
100
AcDbLine
 10
5210.629223490954
 20
280.7730996481853
 30
0.0
 11
5210.629223490954
 21
274.7730996481853
 31
0.0
  0
LINE
  5
B83
330
2
100
AcDbEntity
  8
HALFEN-KONSOLANKER
  6
MITTELLINIE
 62
     1
 48
10.0
100
AcDbLine
 10
5198.129223490955
 20
285.7730996481853
 30
0.0
 11
5198.129223490955
 21
269.7730996481853
 31
0.0
  0
ARC
  5
B84
330
2
100
AcDbEntity
  8
HALFEN-KONSOLANKER
100
AcDbCircle
 10
5205.129223490954
 20
428.7730996481853
 30
0.0
 40
5.5
100
AcDbArc
 50
270.0
 51
90.0
  0
LINE
  5
B85
330
2
100
AcDbEntity
  8
HALFEN-KONSOLANKER
  6
MITTELLINIE
 62
     1
 48
10.0
100
AcDbLine
 10
5198.129223490955
 20
439.2730996481852
 30
0.0
 11
5198.129223490955
 21
418.2730996481852
 31
0.0
  0
LINE
  5
B86
330
2
100
AcDbEntity
  8
HALFEN-KONSOLANKER
100
AcDbLine
 10
5196.129223490954
 20
415.7730996481852
 30
0.0
 11
5200.129223490954
 21
415.7730996481852
 31
0.0
  0
LINE
  5
B87
330
2
100
AcDbEntity
  8
HALFEN-KONSOLANKER
100
AcDbLine
 10
5191.129223490954
 20
423.2730996481852
 30
0.0
 11
5205.129223490954
 21
423.2730996481852
 31
0.0
  0
POINT
  5
B88
330
2
100
AcDbEntity
  8
HALFEN-KONSOLANKER
100
AcDbPoint
 10
5198.129223490955
 20
450.7730996481853
 30
0.0
  0
POINT
  5
B89
330
2
100
AcDbEntity
  8
HALFEN-KONSOLANKER
100
AcDbPoint
 10
5198.129223490955
 20
450.7730996481853
 30
0.0
  0
LINE
  5
B8A
330
2
100
AcDbEntity
  8
HALFEN-KONSOLANKER
100
AcDbLine
 10
5191.129223490954
 20
434.2730996481853
 30
0.0
 11
5205.129223490954
 21
434.2730996481853
 31
0.0
  0
LINE
  5
B8B
330
2
100
AcDbEntity
  8
HALFEN-KONSOLANKER
100
AcDbLine
 10
5356.129223490954
 20
-1464.226900351814
 30
0.0
 11
5356.129223490954
 21
-1653.226900351814
 31
0.0
  0
LINE
  5
B8C
330
2
100
AcDbEntity
  8
HALFEN-KONSOLANKER
100
AcDbLine
 10
5360.129223490954
 20
-1464.226900351814
 30
0.0
 11
5360.129223490954
 21
-1653.226900351814
 31
0.0
  0
LINE
  5
B8D
330
2
100
AcDbEntity
  8
HALFEN-KONSOLANKER
100
AcDbLine
 10
5360.129223490954
 20
-1685.226900351814
 30
0.0
 11
5360.129223490954
 21
-1874.226900351814
 31
0.0
  0
LINE
  5
B8E
330
2
100
AcDbEntity
  8
HALFEN-KONSOLANKER
100
AcDbLine
 10
5356.129223490954
 20
-1685.226900351814
 30
0.0
 11
5356.129223490954
 21
-1874.226900351814
 31
0.0
  0
LINE
  5
B8F
330
2
100
AcDbEntity
  8
HALFEN-KONSOLANKER
100
AcDbLine
 10
5360.129223490954
 20
-1874.226900351814
 30
0.0
 11
5356.129223490954
 21
-1874.226900351814
 31
0.0
  0
LINE
  5
B90
330
2
100
AcDbEntity
  8
HALFEN-KONSOLANKER
  6
MITTELLINIE
 62
     1
 48
10.0
100
AcDbLine
 10
5358.129223490954
 20
-1674.226900351814
 30
0.0
 11
5358.129223490954
 21
-1690.226900351814
 31
0.0
  0
LINE
  5
B91
330
2
100
AcDbEntity
  8
HALFEN-KONSOLANKER
  6
VERDECKT
 62
     1
100
AcDbLine
 10
5345.629223490954
 20
-1685.226900351814
 30
0.0
 11
5345.629223490954
 21
-1679.226900351814
 31
0.0
  0
LINE
  5
B92
330
2
100
AcDbEntity
  8
HALFEN-KONSOLANKER
  6
VERDECKT
 62
     1
100
AcDbLine
 10
5370.629223490954
 20
-1679.226900351814
 30
0.0
 11
5370.629223490954
 21
-1685.226900351814
 31
0.0
  0
ARC
  5
B93
330
2
100
AcDbEntity
  8
HALFEN-KONSOLANKER
100
AcDbCircle
 10
5365.129223490954
 20
-1451.226900351814
 30
0.0
 40
5.5
100
AcDbArc
 50
270.0
 51
90.0
  0
LINE
  5
B94
330
2
100
AcDbEntity
  8
HALFEN-KONSOLANKER
  6
MITTELLINIE
 62
     1
 48
10.0
100
AcDbLine
 10
5340.629223490954
 20
-1451.226900351814
 30
0.0
 11
5375.629223490954
 21
-1451.226900351814
 31
0.0
1001
GENIUS_GENODEF_13
1002
{
1000
HIER
1070
     0
1002
}
1002
{
1000
MANEDIT
1070
     0
1002
}
1002
{
1000
NOSEL
1070
     0
1002
}
1002
{
1000
BEHIND
1070
     0
1002
}
1002
{
1000
REACTOR
1002
}
1001
GENIUS_GENOBJ-N-CEN_13
1002
{
1000
OWNER
1000
GEN
1002
}
  0
ARC
  5
B95
330
2
100
AcDbEntity
  8
HALFEN-KONSOLANKER
100
AcDbCircle
 10
5351.129223490954
 20
-1451.226900351814
 30
0.0
 40
5.5
100
AcDbArc
 50
90.0
 51
270.0
  0
LINE
  5
B96
330
2
100
AcDbEntity
  8
HALFEN-KONSOLANKER
  6
MITTELLINIE
 62
     1
 48
10.0
100
AcDbLine
 10
5358.129223490954
 20
-1440.726900351814
 30
0.0
 11
5358.129223490954
 21
-1461.726900351814
 31
0.0
  0
LINE
  5
B97
330
2
100
AcDbEntity
  8
HALFEN-KONSOLANKER
100
AcDbLine
 10
5356.129223490954
 20
-1464.226900351814
 30
0.0
 11
5360.129223490954
 21
-1464.226900351814
 31
0.0
  0
POINT
  5
B98
330
2
100
AcDbEntity
  8
HALFEN-KONSOLANKER
100
AcDbPoint
 10
5358.129223490954
 20
-1429.226900351814
 30
0.0
  0
POINT
  5
B99
330
2
100
AcDbEntity
  8
HALFEN-KONSOLANKER
100
AcDbPoint
 10
5358.129223490954
 20
-1429.226900351814
 30
0.0
  0
LINE
  5
B9A
330
2
100
AcDbEntity
  8
HALFEN-KONSOLANKER
100
AcDbLine
 10
5351.129223490954
 20
-1456.726900351814
 30
0.0
 11
5365.129223490954
 21
-1456.726900351814
 31
0.0
  0
LINE
  5
B9B
330
2
100
AcDbEntity
  8
HALFEN-KONSOLANKER
100
AcDbLine
 10
5351.129223490954
 20
-1445.726900351814
 30
0.0
 11
5365.129223490954
 21
-1445.726900351814
 31
0.0
  0
LINE
  5
B9C
330
2
100
AcDbEntity
  8
HALFEN-KONSOLANKER
100
AcDbLine
 10
5320.129223490955
 20
-934.2269003518142
 30
0.0
 11
5320.129223490955
 21
-1103.226900351814
 31
0.0
  0
LINE
  5
B9D
330
2
100
AcDbEntity
  8
HALFEN-KONSOLANKER
100
AcDbLine
 10
5316.129223490954
 20
-934.2269003518142
 30
0.0
 11
5316.129223490954
 21
-1103.226900351814
 31
0.0
  0
LINE
  5
B9E
330
2
100
AcDbEntity
  8
HALFEN-KONSOLANKER
100
AcDbLine
 10
5316.129223490954
 20
-1135.226900351814
 30
0.0
 11
5316.129223490954
 21
-1284.226900351814
 31
0.0
  0
LINE
  5
B9F
330
2
100
AcDbEntity
  8
HALFEN-KONSOLANKER
100
AcDbLine
 10
5320.129223490955
 20
-1135.226900351814
 30
0.0
 11
5320.129223490955
 21
-1284.226900351814
 31
0.0
  0
LINE
  5
BA0
330
2
100
AcDbEntity
  8
HALFEN-KONSOLANKER
100
AcDbLine
 10
5320.129223490955
 20
-1284.226900351814
 30
0.0
 11
5316.129223490954
 21
-1284.226900351814
 31
0.0
  0
LINE
  5
BA1
330
2
100
AcDbEntity
  8
HALFEN-KONSOLANKER
  6
VERDECKT
 62
     1
100
AcDbLine
 10
5330.629223490954
 20
-1129.226900351814
 30
0.0
 11
5330.629223490954
 21
-1135.226900351814
 31
0.0
  0
LINE
  5
BA2
330
2
100
AcDbEntity
  8
HALFEN-KONSOLANKER
  6
MITTELLINIE
 62
     1
 48
10.0
100
AcDbLine
 10
5318.129223490954
 20
-1124.226900351814
 30
0.0
 11
5318.129223490954
 21
-1140.226900351814
 31
0.0
  0
LINE
  5
BA3
330
2
100
AcDbEntity
  8
HALFEN-KONSOLANKER
  6
VERDECKT
 62
     1
100
AcDbLine
 10
5305.629223490954
 20
-1135.226900351814
 30
0.0
 11
5305.629223490954
 21
-1129.226900351814
 31
0.0
  0
LINE
  5
BA4
330
2
100
AcDbEntity
  8
HALFEN-KONSOLANKER
  6
MITTELLINIE
 62
     1
 48
10.0
100
AcDbLine
 10
5300.629223490954
 20
-921.2269003518141
 30
0.0
 11
5335.629223490954
 21
-921.2269003518141
 31
0.0
1001
GENIUS_GENODEF_13
1002
{
1000
HIER
1070
     0
1002
}
1002
{
1000
MANEDIT
1070
     0
1002
}
1002
{
1000
NOSEL
1070
     0
1002
}
1002
{
1000
BEHIND
1070
     0
1002
}
1002
{
1000
REACTOR
1002
}
1001
GENIUS_GENOBJ-N-CEN_13
1002
{
1000
OWNER
1000
GEN
1002
}
  0
LINE
  5
BA5
330
2
100
AcDbEntity
  8
HALFEN-KONSOLANKER
  6
MITTELLINIE
 62
     1
 48
10.0
100
AcDbLine
 10
5318.129223490954
 20
-910.726900351814
 30
0.0
 11
5318.129223490954
 21
-931.7269003518141
 31
0.0
  0
LINE
  5
BA6
330
2
100
AcDbEntity
  8
HALFEN-KONSOLANKER
100
AcDbLine
 10
5316.129223490954
 20
-934.2269003518142
 30
0.0
 11
5320.129223490955
 21
-934.2269003518142
 31
0.0
  0
POINT
  5
BA7
330
2
100
AcDbEntity
  8
HALFEN-KONSOLANKER
100
AcDbPoint
 10
5318.129223490954
 20
-899.2269003518142
 30
0.0
  0
POINT
  5
BA8
330
2
100
AcDbEntity
  8
HALFEN-KONSOLANKER
100
AcDbPoint
 10
5318.129223490954
 20
-899.2269003518142
 30
0.0
  0
ARC
  5
BA9
330
2
100
AcDbEntity
  8
HALFEN-KONSOLANKER
100
AcDbCircle
 10
5311.129223490954
 20
-921.2269003518141
 30
0.0
 40
5.5
100
AcDbArc
 50
90.0
 51
270.0
  0
LINE
  5
BAA
330
2
100
AcDbEntity
  8
HALFEN-KONSOLANKER
100
AcDbLine
 10
5311.129223490954
 20
-926.7269003518141
 30
0.0
 11
5325.129223490954
 21
-926.7269003518141
 31
0.0
  0
LINE
  5
BAB
330
2
100
AcDbEntity
  8
HALFEN-KONSOLANKER
100
AcDbLine
 10
5311.129223490954
 20
-915.7269003518141
 30
0.0
 11
5325.129223490954
 21
-915.7269003518141
 31
0.0
  0
ARC
  5
BAC
330
2
100
AcDbEntity
  8
HALFEN-KONSOLANKER
100
AcDbCircle
 10
5325.129223490954
 20
-921.2269003518141
 30
0.0
 40
5.5
100
AcDbArc
 50
270.0
 51
90.0
  0
LINE
  5
BAD
330
2
100
AcDbEntity
  8
HALFEN-KONSOLANKER
100
AcDbLine
 10
5400.129223490954
 20
-2275.226900351814
 30
0.0
 11
5400.129223490954
 21
-2484.226900351814
 31
0.0
  0
LINE
  5
BAE
330
2
100
AcDbEntity
  8
HALFEN-KONSOLANKER
100
AcDbLine
 10
5396.129223490954
 20
-2275.226900351814
 30
0.0
 11
5396.129223490954
 21
-2484.226900351814
 31
0.0
  0
LINE
  5
BAF
330
2
100
AcDbEntity
  8
HALFEN-KONSOLANKER
100
AcDbLine
 10
5400.129223490954
 20
-2484.226900351814
 30
0.0
 11
5396.129223490954
 21
-2484.226900351814
 31
0.0
  0
LINE
  5
BB0
330
2
100
AcDbEntity
  8
HALFEN-KONSOLANKER
100
AcDbLine
 10
5400.129223490954
 20
-2034.226900351814
 30
0.0
 11
5400.129223490954
 21
-2243.226900351814
 31
0.0
  0
LINE
  5
BB1
330
2
100
AcDbEntity
  8
HALFEN-KONSOLANKER
100
AcDbLine
 10
5396.129223490954
 20
-2034.226900351814
 30
0.0
 11
5396.129223490954
 21
-2243.226900351814
 31
0.0
  0
LINE
  5
BB2
330
2
100
AcDbEntity
  8
HALFEN-KONSOLANKER
  6
MITTELLINIE
 62
     1
 48
10.0
100
AcDbLine
 10
5398.129223490954
 20
-2264.226900351815
 30
0.0
 11
5398.129223490954
 21
-2280.226900351815
 31
0.0
  0
LINE
  5
BB3
330
2
100
AcDbEntity
  8
HALFEN-KONSOLANKER
  6
VERDECKT
 62
     1
100
AcDbLine
 10
5385.629223490955
 20
-2275.226900351814
 30
0.0
 11
5385.629223490955
 21
-2269.226900351815
 31
0.0
  0
LINE
  5
BB4
330
2
100
AcDbEntity
  8
HALFEN-KONSOLANKER
  6
VERDECKT
 62
     1
100
AcDbLine
 10
5410.629223490954
 20
-2269.226900351815
 30
0.0
 11
5410.629223490954
 21
-2275.226900351814
 31
0.0
  0
ARC
  5
BB5
330
2
100
AcDbEntity
  8
HALFEN-KONSOLANKER
100
AcDbCircle
 10
5391.129223490954
 20
-2021.226900351814
 30
0.0
 40
5.5
100
AcDbArc
 50
90.0
 51
270.0
  0
LINE
  5
BB6
330
2
100
AcDbEntity
  8
HALFEN-KONSOLANKER
  6
MITTELLINIE
 62
     1
 48
10.0
100
AcDbLine
 10
5398.129223490954
 20
-2010.726900351814
 30
0.0
 11
5398.129223490954
 21
-2031.726900351815
 31
0.0
  0
ARC
  5
BB7
330
2
100
AcDbEntity
  8
HALFEN-KONSOLANKER
100
AcDbCircle
 10
5405.129223490955
 20
-2021.226900351814
 30
0.0
 40
5.5
100
AcDbArc
 50
270.0
 51
90.0
  0
LINE
  5
BB8
330
2
100
AcDbEntity
  8
HALFEN-KONSOLANKER
100
AcDbLine
 10
5391.129223490954
 20
-2026.726900351814
 30
0.0
 11
5405.129223490955
 21
-2026.726900351814
 31
0.0
  0
LINE
  5
BB9
330
2
100
AcDbEntity
  8
HALFEN-KONSOLANKER
  6
MITTELLINIE
 62
     1
 48
10.0
100
AcDbLine
 10
5380.629223490954
 20
-2021.226900351814
 30
0.0
 11
5415.629223490954
 21
-2021.226900351814
 31
0.0
1001
GENIUS_GENODEF_13
1002
{
1000
HIER
1070
     0
1002
}
1002
{
1000
MANEDIT
1070
     0
1002
}
1002
{
1000
NOSEL
1070
     0
1002
}
1002
{
1000
BEHIND
1070
     0
1002
}
1002
{
1000
REACTOR
1002
}
1001
GENIUS_GENOBJ-N-CEN_13
1002
{
1000
OWNER
1000
GEN
1002
}
  0
LINE
  5
BBA
330
2
100
AcDbEntity
  8
HALFEN-KONSOLANKER
100
AcDbLine
 10
5396.129223490954
 20
-2034.226900351814
 30
0.0
 11
5400.129223490954
 21
-2034.226900351814
 31
0.0
  0
LINE
  5
BBB
330
2
100
AcDbEntity
  8
HALFEN-KONSOLANKER
100
AcDbLine
 10
5391.129223490954
 20
-2015.726900351815
 30
0.0
 11
5405.129223490955
 21
-2015.726900351815
 31
0.0
  0
POINT
  5
BBC
330
2
100
AcDbEntity
  8
HALFEN-KONSOLANKER
100
AcDbPoint
 10
5398.129223490954
 20
-1999.226900351814
 30
0.0
  0
POINT
  5
BBD
330
2
100
AcDbEntity
  8
HALFEN-KONSOLANKER
100
AcDbPoint
 10
5398.129223490954
 20
-1999.226900351814
 30
0.0
  0
LINE
  5
BBE
330
2
100
AcDbEntity
  8
HALFEN-KONSOLANKER
100
AcDbLine
 10
5543.129223490954
 20
450.7730996481853
 30
0.0
 11
6543.129223490955
 21
450.7730996481853
 31
0.0
  0
LINE
  5
BBF
330
2
100
AcDbEntity
  8
HALFEN-KONSOLANKER
100
AcDbLine
 10
6543.129223490955
 20
274.7730996481853
 30
0.0
 11
5543.129223490954
 21
274.7730996481853
 31
0.0
  0
LINE
  5
BC0
330
2
100
AcDbEntity
  8
HALFEN-KONSOLANKER
100
AcDbLine
 10
5543.129223490954
 20
306.7730996481853
 30
0.0
 11
6543.129223490955
 21
306.7730996481853
 31
0.0
  0
LINE
  5
BC1
330
2
100
AcDbEntity
  8
HALFEN-KONSOLANKER
100
AcDbLine
 10
5543.129223490954
 20
300.7730996481853
 30
0.0
 11
6543.129223490955
 21
300.7730996481853
 31
0.0
  0
LINE
  5
BC2
330
2
100
AcDbEntity
  8
HALFEN-KONSOLANKER
100
AcDbLine
 10
6543.129223490955
 20
280.7730996481853
 30
0.0
 11
5543.129223490954
 21
280.7730996481853
 31
0.0
  0
LINE
  5
BC3
330
2
100
AcDbEntity
  8
HALFEN-KONSOLANKER
100
AcDbLine
 10
6543.129223490955
 20
130.7730996481853
 30
0.0
 11
5543.129223490954
 21
130.7730996481853
 31
0.0
  0
LINE
  5
BC4
330
2
100
AcDbEntity
  8
HALFEN-KONSOLANKER
100
AcDbLine
 10
6170.129223490954
 20
274.7730996481853
 30
0.0
 11
6170.129223490954
 21
165.7730996481852
 31
0.0
  0
LINE
  5
BC5
330
2
100
AcDbEntity
  8
HALFEN-KONSOLANKER
100
AcDbLine
 10
6166.129223490955
 20
274.7730996481853
 30
0.0
 11
6166.129223490955
 21
165.7730996481852
 31
0.0
  0
LINE
  5
BC6
330
2
100
AcDbEntity
  8
HALFEN-KONSOLANKER
100
AcDbLine
 10
5916.129223490955
 20
274.7730996481853
 30
0.0
 11
5916.129223490955
 21
165.7730996481852
 31
0.0
  0
LINE
  5
BC7
330
2
100
AcDbEntity
  8
HALFEN-KONSOLANKER
100
AcDbLine
 10
5920.129223490954
 20
274.7730996481853
 30
0.0
 11
5920.129223490954
 21
165.7730996481852
 31
0.0
  0
LINE
  5
BC8
330
2
100
AcDbEntity
  8
HALFEN-KONSOLANKER
100
AcDbLine
 10
5670.129223490954
 20
274.7730996481853
 30
0.0
 11
5670.129223490954
 21
165.7730996481852
 31
0.0
  0
LINE
  5
BC9
330
2
100
AcDbEntity
  8
HALFEN-KONSOLANKER
100
AcDbLine
 10
5666.129223490955
 20
274.7730996481853
 30
0.0
 11
5666.129223490955
 21
165.7730996481852
 31
0.0
  0
LINE
  5
BCA
330
2
100
AcDbEntity
  8
HALFEN-KONSOLANKER
100
AcDbLine
 10
5543.129223490954
 20
130.7730996481853
 30
0.0
 11
5543.129223490954
 21
280.7730996481853
 31
0.0
  0
LINE
  5
BCB
330
2
100
AcDbEntity
  8
HALFEN-KONSOLANKER
100
AcDbLine
 10
5670.129223490954
 20
165.7730996481852
 30
0.0
 11
5666.129223490955
 21
165.7730996481852
 31
0.0
  0
LINE
  5
BCC
330
2
100
AcDbEntity
  8
HALFEN-KONSOLANKER
100
AcDbLine
 10
5920.129223490954
 20
165.7730996481852
 30
0.0
 11
5916.129223490955
 21
165.7730996481852
 31
0.0
  0
LINE
  5
BCD
330
2
100
AcDbEntity
  8
HALFEN-KONSOLANKER
100
AcDbLine
 10
6170.129223490954
 20
165.7730996481852
 30
0.0
 11
6166.129223490955
 21
165.7730996481852
 31
0.0
  0
TEXT
  5
BCE
330
2
100
AcDbEntity
  8
HALFEN-KONSOLANKER
100
AcDbText
 10
5373.129223490955
 20
493.2730996481852
 30
0.0
 40
5.0
  1
A4
  7
ARIAL50
100
AcDbText
  0
TEXT
  5
BCF
330
2
100
AcDbEntity
  8
HALFEN-KONSOLANKER
100
AcDbText
 10
5428.129223490954
 20
483.2730996481853
 30
0.0
 40
5.0
  1
Halfen Konsolwinkel KWL - 3,2 - 150 - 1000
  7
ARIAL50
100
AcDbText
  0
LINE
  5
BD0
330
2
100
AcDbEntity
  8
HALFEN-KONSOLANKER
100
AcDbLine
 10
5373.129223490955
 20
490.7730996481852
 30
0.0
 11
5573.129223490955
 21
490.7730996481852
 31
0.0
  0
LINE
  5
BD1
330
2
100
AcDbEntity
  8
HALFEN-KONSOLANKER
100
AcDbLine
 10
5373.129223490955
 20
472.7730996481852
 30
0.0
 11
5573.129223490955
 21
472.7730996481852
 31
0.0
  0
LINE
  5
BD2
330
2
100
AcDbEntity
  8
HALFEN-KONSOLANKER
100
AcDbLine
 10
5373.129223490955
 20
462.7730996481853
 30
0.0
 11
5573.129223490955
 21
462.7730996481853
 31
0.0
  0
LINE
  5
BD3
330
2
100
AcDbEntity
  8
HALFEN-KONSOLANKER
100
AcDbLine
 10
5517.129223490954
 20
415.7730996481849
 30
0.0
 11
5408.129223490954
 21
306.7730996481853
 31
0.0
  0
LINE
  5
BD4
330
2
100
AcDbEntity
  8
HALFEN-KONSOLANKER
100
AcDbLine
 10
5517.129223490954
 20
373.3466927769919
 30
0.0
 11
5450.555630362148
 21
306.7730996481853
 31
0.0
  0
LINE
  5
BD5
330
2
100
AcDbEntity
  8
HALFEN-KONSOLANKER
100
AcDbLine
 10
5511.129223490954
 20
300.7730996481853
 30
0.0
 11
5373.129223490955
 21
300.7730996481853
 31
0.0
  0
LINE
  5
BD6
330
2
100
AcDbEntity
  8
HALFEN-KONSOLANKER
100
AcDbLine
 10
5511.129223490954
 20
306.7730996481853
 30
0.0
 11
5373.129223490955
 21
306.7730996481853
 31
0.0
  0
LINE
  5
BD7
330
2
100
AcDbEntity
  8
HALFEN-KONSOLANKER
100
AcDbLine
 10
5373.129223490955
 20
306.7730996481853
 30
0.0
 11
5373.129223490955
 21
300.7730996481853
 31
0.0
  0
TEXT
  5
BD8
330
2
100
AcDbEntity
  8
HALFEN-KONSOLANKER
100
AcDbText
 10
5378.129223490955
 20
483.2730996481853
 30
0.0
 40
5.0
  1
Benennung
  7
ARIAL50
100
AcDbText
  0
LINE
  5
BD9
330
2
100
AcDbEntity
  8
HALFEN-KONSOLANKER
100
AcDbLine
 10
5373.129223490955
 20
462.7730996481853
 30
0.0
 11
5373.129223490955
 21
490.7730996481852
 31
0.0
  0
TEXT
  5
BDA
330
2
100
AcDbEntity
  8
HALFEN-KONSOLANKER
100
AcDbText
 10
5378.129223490955
 20
465.2730996481852
 30
0.0
 40
5.0
  1
Id. Nr.
  7
ARIAL50
100
AcDbText
  0
TEXT
  5
BDB
330
2
100
AcDbEntity
  8
HALFEN-KONSOLANKER
100
AcDbText
 10
5428.129223490954
 20
465.2730996481852
 30
0.0
 40
5.0
  1
0112.010-00027
  7
ARIAL50
100
AcDbText
  0
LINE
  5
BDC
330
2
100
AcDbEntity
  8
HALFEN-KONSOLANKER
100
AcDbLine
 10
5423.129223490954
 20
462.7730996481853
 30
0.0
 11
5423.129223490954
 21
490.7730996481852
 31
0.0
  0
LINE
  5
BDD
330
2
100
AcDbEntity
  8
HALFEN-KONSOLANKER
100
AcDbLine
 10
5543.129223490954
 20
450.7730996481853
 30
0.0
 11
5543.129223490954
 21
300.7730996481853
 31
0.0
  0
LINE
  5
BDE
330
2
100
AcDbEntity
  8
HALFEN-KONSOLANKER
100
AcDbLine
 10
5517.129223490954
 20
450.7730996481853
 30
0.0
 11
5517.129223490954
 21
312.7730996481853
 31
0.0
  0
LINE
  5
BDF
330
2
100
AcDbEntity
  8
HALFEN-KONSOLANKER
100
AcDbLine
 10
5523.129223490954
 20
450.7730996481853
 30
0.0
 11
5523.129223490954
 21
312.7730996481853
 31
0.0
  0
ARC
  5
BE0
330
2
100
AcDbEntity
  8
HALFEN-KONSOLANKER
100
AcDbCircle
 10
5511.129223490954
 20
312.7730996481853
 30
0.0
 40
12.0
100
AcDbArc
 50
270.0
 51
0.0
1001
GENIUS_GENODEF_13
1002
{
1000
HIER
1070
     0
1002
}
1002
{
1000
MANEDIT
1070
     0
1002
}
1002
{
1000
NOSEL
1070
     0
1002
}
1002
{
1000
BEHIND
1070
     0
1002
}
1002
{
1000
REACTOR
1002
}
1001
GENIUS_GENOBJ-N-FIL_13
1002
{
1000
OWNER
1000
GEN
1002
}
  0
ARC
  5
BE1
330
2
100
AcDbEntity
  8
HALFEN-KONSOLANKER
100
AcDbCircle
 10
5511.129223490954
 20
312.7730996481853
 30
0.0
 40
6.0
100
AcDbArc
 50
270.0
 51
0.0
1001
GENIUS_GENODEF_13
1002
{
1000
HIER
1070
     0
1002
}
1002
{
1000
MANEDIT
1070
     0
1002
}
1002
{
1000
NOSEL
1070
     0
1002
}
1002
{
1000
BEHIND
1070
     0
1002
}
1002
{
1000
REACTOR
1002
}
1001
GENIUS_GENOBJ-N-FIL_13
1002
{
1000
OWNER
1000
GEN
1002
}
  0
LINE
  5
BE2
330
2
100
AcDbEntity
  8
HALFEN-KONSOLANKER
  6
MITTELLINIE
 62
     1
 48
10.0
100
AcDbLine
 10
5512.129223490955
 20
428.7730996481853
 30
0.0
 11
5528.129223490954
 21
428.7730996481853
 31
0.0
1001
GENIUS_GENODEF_13
1002
{
1000
HIER
1070
     0
1002
}
1002
{
1000
MANEDIT
1070
     0
1002
}
1002
{
1000
NOSEL
1070
     0
1002
}
1002
{
1000
BEHIND
1070
     0
1002
}
1002
{
1000
REACTOR
1002
}
1001
GENIUS_GENOBJ-N-CEN_13
1002
{
1000
OWNER
1000
GEN
1002
}
  0
LINE
  5
BE3
330
2
100
AcDbEntity
  8
HALFEN-KONSOLANKER
  6
VERDECKT
 62
     1
100
AcDbLine
 10
5517.129223490954
 20
423.2730996481852
 30
0.0
 11
5523.129223490954
 21
423.2730996481852
 31
0.0
  0
LINE
  5
BE4
330
2
100
AcDbEntity
  8
HALFEN-KONSOLANKER
  6
VERDECKT
 62
     1
100
AcDbLine
 10
5517.129223490954
 20
434.2730996481853
 30
0.0
 11
5523.129223490954
 21
434.2730996481853
 31
0.0
  0
LINE
  5
BE5
330
2
100
AcDbEntity
  8
HALFEN-KONSOLANKER
100
AcDbLine
 10
5517.129223490954
 20
450.7730996481853
 30
0.0
 11
5523.129223490954
 21
450.7730996481853
 31
0.0
  0
LINE
  5
BE6
330
2
100
AcDbEntity
  8
HALFEN-KONSOLANKER
100
AcDbLine
 10
5573.129223490955
 20
462.7730996481853
 30
0.0
 11
5573.129223490955
 21
490.7730996481852
 31
0.0
  0
ARC
  5
BE7
330
2
100
AcDbEntity
  8
HALFEN-KONSOLANKER
100
AcDbCircle
 10
5911.129223490954
 20
428.7730996481853
 30
0.0
 40
5.5
100
AcDbArc
 50
90.0
 51
270.0
  0
LINE
  5
BE8
330
2
100
AcDbEntity
  8
HALFEN-KONSOLANKER
  6
MITTELLINIE
 62
     1
 48
10.0
100
AcDbLine
 10
5900.629223490954
 20
428.7730996481853
 30
0.0
 11
5935.629223490955
 21
428.7730996481853
 31
0.0
1001
GENIUS_GENODEF_13
1002
{
1000
HIER
1070
     0
1002
}
1002
{
1000
MANEDIT
1070
     0
1002
}
1002
{
1000
NOSEL
1070
     0
1002
}
1002
{
1000
BEHIND
1070
     0
1002
}
1002
{
1000
REACTOR
1002
}
1001
GENIUS_GENOBJ-N-CEN_13
1002
{
1000
OWNER
1000
GEN
1002
}
  0
LINE
  5
BE9
330
2
100
AcDbEntity
  8
HALFEN-KONSOLANKER
100
AcDbLine
 10
5666.129223490955
 20
415.7730996481852
 30
0.0
 11
5666.129223490955
 21
306.7730996481853
 31
0.0
  0
LINE
  5
BEA
330
2
100
AcDbEntity
  8
HALFEN-KONSOLANKER
100
AcDbLine
 10
5670.129223490954
 20
415.7730996481852
 30
0.0
 11
5670.129223490954
 21
306.7730996481853
 31
0.0
  0
LINE
  5
BEB
330
2
100
AcDbEntity
  8
HALFEN-KONSOLANKER
  6
VERDECKT
 62
     1
100
AcDbLine
 10
5655.629223490954
 20
274.7730996481853
 30
0.0
 11
5655.629223490954
 21
280.7730996481853
 31
0.0
  0
LINE
  5
BEC
330
2
100
AcDbEntity
  8
HALFEN-KONSOLANKER
  6
VERDECKT
 62
     1
100
AcDbLine
 10
5680.629223490954
 20
280.7730996481853
 30
0.0
 11
5680.629223490954
 21
274.7730996481853
 31
0.0
  0
LINE
  5
BED
330
2
100
AcDbEntity
  8
HALFEN-KONSOLANKER
  6
MITTELLINIE
 62
     1
 48
10.0
100
AcDbLine
 10
5668.129223490954
 20
285.7730996481853
 30
0.0
 11
5668.129223490954
 21
269.7730996481853
 31
0.0
  0
ARC
  5
BEE
330
2
100
AcDbEntity
  8
HALFEN-KONSOLANKER
100
AcDbCircle
 10
5675.129223490954
 20
428.7730996481853
 30
0.0
 40
5.5
100
AcDbArc
 50
270.0
 51
90.0
  0
LINE
  5
BEF
330
2
100
AcDbEntity
  8
HALFEN-KONSOLANKER
  6
MITTELLINIE
 62
     1
 48
10.0
100
AcDbLine
 10
5668.129223490954
 20
439.2730996481852
 30
0.0
 11
5668.129223490954
 21
418.2730996481852
 31
0.0
  0
ARC
  5
BF0
330
2
100
AcDbEntity
  8
HALFEN-KONSOLANKER
100
AcDbCircle
 10
5661.129223490954
 20
428.7730996481853
 30
0.0
 40
5.5
100
AcDbArc
 50
90.0
 51
270.0
  0
LINE
  5
BF1
330
2
100
AcDbEntity
  8
HALFEN-KONSOLANKER
  6
MITTELLINIE
 62
     1
 48
10.0
100
AcDbLine
 10
5650.629223490954
 20
428.7730996481853
 30
0.0
 11
5685.629223490955
 21
428.7730996481853
 31
0.0
1001
GENIUS_GENODEF_13
1002
{
1000
HIER
1070
     0
1002
}
1002
{
1000
MANEDIT
1070
     0
1002
}
1002
{
1000
NOSEL
1070
     0
1002
}
1002
{
1000
BEHIND
1070
     0
1002
}
1002
{
1000
REACTOR
1002
}
1001
GENIUS_GENOBJ-N-CEN_13
1002
{
1000
OWNER
1000
GEN
1002
}
  0
LINE
  5
BF2
330
2
100
AcDbEntity
  8
HALFEN-KONSOLANKER
100
AcDbLine
 10
5666.129223490955
 20
415.7730996481852
 30
0.0
 11
5670.129223490954
 21
415.7730996481852
 31
0.0
  0
LINE
  5
BF3
330
2
100
AcDbEntity
  8
HALFEN-KONSOLANKER
100
AcDbLine
 10
5661.129223490954
 20
423.2730996481852
 30
0.0
 11
5675.129223490954
 21
423.2730996481852
 31
0.0
  0
POINT
  5
BF4
330
2
100
AcDbEntity
  8
HALFEN-KONSOLANKER
100
AcDbPoint
 10
5668.129223490954
 20
450.7730996481853
 30
0.0
  0
POINT
  5
BF5
330
2
100
AcDbEntity
  8
HALFEN-KONSOLANKER
100
AcDbPoint
 10
5668.129223490954
 20
450.7730996481853
 30
0.0
  0
LINE
  5
BF6
330
2
100
AcDbEntity
  8
HALFEN-KONSOLANKER
100
AcDbLine
 10
5661.129223490954
 20
434.2730996481853
 30
0.0
 11
5675.129223490954
 21
434.2730996481853
 31
0.0
  0
LINE
  5
BF7
330
2
100
AcDbEntity
  8
HALFEN-KONSOLANKER
  6
VERDECKT
 62
     1
100
AcDbLine
 10
5905.629223490954
 20
274.7730996481853
 30
0.0
 11
5905.629223490954
 21
280.7730996481853
 31
0.0
  0
LINE
  5
BF8
330
2
100
AcDbEntity
  8
HALFEN-KONSOLANKER
100
AcDbLine
 10
5920.129223490954
 20
415.7730996481852
 30
0.0
 11
5920.129223490954
 21
306.7730996481853
 31
0.0
  0
LINE
  5
BF9
330
2
100
AcDbEntity
  8
HALFEN-KONSOLANKER
100
AcDbLine
 10
5916.129223490955
 20
415.7730996481852
 30
0.0
 11
5916.129223490955
 21
306.7730996481853
 31
0.0
  0
LINE
  5
BFA
330
2
100
AcDbEntity
  8
HALFEN-KONSOLANKER
  6
VERDECKT
 62
     1
100
AcDbLine
 10
5930.629223490954
 20
280.7730996481853
 30
0.0
 11
5930.629223490954
 21
274.7730996481853
 31
0.0
  0
LINE
  5
BFB
330
2
100
AcDbEntity
  8
HALFEN-KONSOLANKER
  6
MITTELLINIE
 62
     1
 48
10.0
100
AcDbLine
 10
5918.129223490954
 20
285.7730996481853
 30
0.0
 11
5918.129223490954
 21
269.7730996481853
 31
0.0
  0
ARC
  5
BFC
330
2
100
AcDbEntity
  8
HALFEN-KONSOLANKER
100
AcDbCircle
 10
5925.129223490954
 20
428.7730996481853
 30
0.0
 40
5.5
100
AcDbArc
 50
270.0
 51
90.0
  0
LINE
  5
BFD
330
2
100
AcDbEntity
  8
HALFEN-KONSOLANKER
  6
MITTELLINIE
 62
     1
 48
10.0
100
AcDbLine
 10
5918.129223490954
 20
439.2730996481852
 30
0.0
 11
5918.129223490954
 21
418.2730996481852
 31
0.0
  0
LINE
  5
BFE
330
2
100
AcDbEntity
  8
HALFEN-KONSOLANKER
100
AcDbLine
 10
5916.129223490955
 20
415.7730996481852
 30
0.0
 11
5920.129223490954
 21
415.7730996481852
 31
0.0
  0
LINE
  5
BFF
330
2
100
AcDbEntity
  8
HALFEN-KONSOLANKER
100
AcDbLine
 10
5911.129223490954
 20
423.2730996481852
 30
0.0
 11
5925.129223490954
 21
423.2730996481852
 31
0.0
  0
POINT
  5
C00
330
2
100
AcDbEntity
  8
HALFEN-KONSOLANKER
100
AcDbPoint
 10
5918.129223490954
 20
450.7730996481853
 30
0.0
  0
POINT
  5
C01
330
2
100
AcDbEntity
  8
HALFEN-KONSOLANKER
100
AcDbPoint
 10
5918.129223490954
 20
450.7730996481853
 30
0.0
  0
LINE
  5
C02
330
2
100
AcDbEntity
  8
HALFEN-KONSOLANKER
100
AcDbLine
 10
5911.129223490954
 20
434.2730996481853
 30
0.0
 11
5925.129223490954
 21
434.2730996481853
 31
0.0
  0
LINE
  5
C03
330
2
100
AcDbEntity
  8
HALFEN-KONSOLANKER
100
AcDbLine
 10
6166.129223490955
 20
415.7730996481852
 30
0.0
 11
6166.129223490955
 21
306.7730996481853
 31
0.0
  0
LINE
  5
C04
330
2
100
AcDbEntity
  8
HALFEN-KONSOLANKER
100
AcDbLine
 10
6170.129223490954
 20
415.7730996481852
 30
0.0
 11
6170.129223490954
 21
306.7730996481853
 31
0.0
  0
LINE
  5
C05
330
2
100
AcDbEntity
  8
HALFEN-KONSOLANKER
  6
VERDECKT
 62
     1
100
AcDbLine
 10
6155.629223490954
 20
274.7730996481853
 30
0.0
 11
6155.629223490954
 21
280.7730996481853
 31
0.0
  0
LINE
  5
C06
330
2
100
AcDbEntity
  8
HALFEN-KONSOLANKER
  6
MITTELLINIE
 62
     1
 48
10.0
100
AcDbLine
 10
6168.129223490954
 20
285.7730996481853
 30
0.0
 11
6168.129223490954
 21
269.7730996481853
 31
0.0
  0
LINE
  5
C07
330
2
100
AcDbEntity
  8
HALFEN-KONSOLANKER
  6
VERDECKT
 62
     1
100
AcDbLine
 10
6180.629223490954
 20
280.7730996481853
 30
0.0
 11
6180.629223490954
 21
274.7730996481853
 31
0.0
  0
LINE
  5
C08
330
2
100
AcDbEntity
  8
HALFEN-KONSOLANKER
  6
MITTELLINIE
 62
     1
 48
10.0
100
AcDbLine
 10
6168.129223490954
 20
439.2730996481852
 30
0.0
 11
6168.129223490954
 21
418.2730996481852
 31
0.0
  0
ARC
  5
C09
330
2
100
AcDbEntity
  8
HALFEN-KONSOLANKER
100
AcDbCircle
 10
6175.129223490954
 20
428.7730996481853
 30
0.0
 40
5.5
100
AcDbArc
 50
270.0
 51
90.0
  0
ARC
  5
C0A
330
2
100
AcDbEntity
  8
HALFEN-KONSOLANKER
100
AcDbCircle
 10
6161.129223490954
 20
428.7730996481853
 30
0.0
 40
5.5
100
AcDbArc
 50
90.0
 51
270.0
  0
LINE
  5
C0B
330
2
100
AcDbEntity
  8
HALFEN-KONSOLANKER
  6
MITTELLINIE
 62
     1
 48
10.0
100
AcDbLine
 10
6150.629223490954
 20
428.7730996481853
 30
0.0
 11
6185.629223490955
 21
428.7730996481853
 31
0.0
1001
GENIUS_GENODEF_13
1002
{
1000
HIER
1070
     0
1002
}
1002
{
1000
MANEDIT
1070
     0
1002
}
1002
{
1000
NOSEL
1070
     0
1002
}
1002
{
1000
BEHIND
1070
     0
1002
}
1002
{
1000
REACTOR
1002
}
1001
GENIUS_GENOBJ-N-CEN_13
1002
{
1000
OWNER
1000
GEN
1002
}
  0
LINE
  5
C0C
330
2
100
AcDbEntity
  8
HALFEN-KONSOLANKER
100
AcDbLine
 10
6161.129223490954
 20
423.2730996481852
 30
0.0
 11
6175.129223490954
 21
423.2730996481852
 31
0.0
  0
LINE
  5
C0D
330
2
100
AcDbEntity
  8
HALFEN-KONSOLANKER
100
AcDbLine
 10
6166.129223490955
 20
415.7730996481852
 30
0.0
 11
6170.129223490954
 21
415.7730996481852
 31
0.0
  0
LINE
  5
C0E
330
2
100
AcDbEntity
  8
HALFEN-KONSOLANKER
100
AcDbLine
 10
6161.129223490954
 20
434.2730996481853
 30
0.0
 11
6175.129223490954
 21
434.2730996481853
 31
0.0
  0
POINT
  5
C0F
330
2
100
AcDbEntity
  8
HALFEN-KONSOLANKER
100
AcDbPoint
 10
6168.129223490954
 20
450.7730996481853
 30
0.0
  0
POINT
  5
C10
330
2
100
AcDbEntity
  8
HALFEN-KONSOLANKER
100
AcDbPoint
 10
6168.129223490954
 20
450.7730996481853
 30
0.0
  0
LINE
  5
C11
330
2
100
AcDbEntity
  8
HALFEN-KONSOLANKER
100
AcDbLine
 10
6543.129223490955
 20
130.7730996481853
 30
0.0
 11
6543.129223490955
 21
280.7730996481853
 31
0.0
  0
LINE
  5
C12
330
2
100
AcDbEntity
  8
HALFEN-KONSOLANKER
100
AcDbLine
 10
6543.129223490955
 20
450.7730996481853
 30
0.0
 11
6543.129223490955
 21
300.7730996481853
 31
0.0
  0
LINE
  5
C13
330
2
100
AcDbEntity
  8
HALFEN-KONSOLANKER
  6
MITTELLINIE
 62
     1
 48
10.0
100
AcDbLine
 10
6210.629223490954
 20
18.77309964818539
 30
0.0
 11
6245.629223490954
 21
18.77309964818539
 31
0.0
1001
GENIUS_GENODEF_13
1002
{
1000
HIER
1070
     0
1002
}
1002
{
1000
MANEDIT
1070
     0
1002
}
1002
{
1000
NOSEL
1070
     0
1002
}
1002
{
1000
BEHIND
1070
     0
1002
}
1002
{
1000
REACTOR
1002
}
1001
GENIUS_GENOBJ-N-CEN_13
1002
{
1000
OWNER
1000
GEN
1002
}
  0
LINE
  5
C14
330
2
100
AcDbEntity
  8
HALFEN-KONSOLANKER
100
AcDbLine
 10
5603.129223490954
 20
40.77309964818539
 30
0.0
 11
6603.129223490954
 21
40.77309964818539
 31
0.0
  0
LINE
  5
C15
330
2
100
AcDbEntity
  8
HALFEN-KONSOLANKER
100
AcDbLine
 10
6603.129223490954
 20
-149.2269003518146
 30
0.0
 11
5603.129223490954
 21
-149.2269003518146
 31
0.0
  0
LINE
  5
C16
330
2
100
AcDbEntity
  8
HALFEN-KONSOLANKER
100
AcDbLine
 10
5603.129223490954
 20
-129.2269003518146
 30
0.0
 11
6603.129223490954
 21
-129.2269003518146
 31
0.0
  0
LINE
  5
C17
330
2
100
AcDbEntity
  8
HALFEN-KONSOLANKER
100
AcDbLine
 10
5603.129223490954
 20
-123.2269003518146
 30
0.0
 11
6603.129223490954
 21
-123.2269003518146
 31
0.0
  0
LINE
  5
C18
330
2
100
AcDbEntity
  8
HALFEN-KONSOLANKER
100
AcDbLine
 10
6603.129223490954
 20
-155.2269003518146
 30
0.0
 11
5603.129223490954
 21
-155.2269003518146
 31
0.0
  0
LINE
  5
C19
330
2
100
AcDbEntity
  8
HALFEN-KONSOLANKER
100
AcDbLine
 10
6603.129223490954
 20
-319.2269003518146
 30
0.0
 11
5603.129223490954
 21
-319.2269003518146
 31
0.0
  0
LINE
  5
C1A
330
2
100
AcDbEntity
  8
HALFEN-KONSOLANKER
100
AcDbLine
 10
5603.129223490954
 20
-319.2269003518146
 30
0.0
 11
5603.129223490954
 21
-149.2269003518146
 31
0.0
  0
LINE
  5
C1B
330
2
100
AcDbEntity
  8
HALFEN-KONSOLANKER
100
AcDbLine
 10
5583.129223490954
 20
40.77309964818539
 30
0.0
 11
5583.129223490954
 21
-117.2269003518146
 31
0.0
  0
LINE
  5
C1C
330
2
100
AcDbEntity
  8
HALFEN-KONSOLANKER
100
AcDbLine
 10
5577.129223490954
 20
40.77309964818539
 30
0.0
 11
5577.129223490954
 21
-117.2269003518146
 31
0.0
  0
LINE
  5
C1D
330
2
100
AcDbEntity
  8
HALFEN-KONSOLANKER
100
AcDbLine
 10
5603.129223490954
 20
40.77309964818539
 30
0.0
 11
5603.129223490954
 21
-129.2269003518146
 31
0.0
  0
LINE
  5
C1E
330
2
100
AcDbEntity
  8
HALFEN-KONSOLANKER
100
AcDbLine
 10
5577.129223490954
 20
5.773099648185052
 30
0.0
 11
5448.129223490955
 21
-123.2269003518146
 31
0.0
  0
LINE
  5
C1F
330
2
100
AcDbEntity
  8
HALFEN-KONSOLANKER
100
AcDbLine
 10
5571.129223490954
 20
-123.2269003518146
 30
0.0
 11
5413.129223490955
 21
-123.2269003518146
 31
0.0
  0
LINE
  5
C20
330
2
100
AcDbEntity
  8
HALFEN-KONSOLANKER
100
AcDbLine
 10
5571.129223490954
 20
-129.2269003518146
 30
0.0
 11
5413.129223490955
 21
-129.2269003518146
 31
0.0
  0
LINE
  5
C21
330
2
100
AcDbEntity
  8
HALFEN-KONSOLANKER
100
AcDbLine
 10
5577.129223490954
 20
-36.65330722300803
 30
0.0
 11
5490.555630362148
 21
-123.2269003518146
 31
0.0
  0
LINE
  5
C22
330
2
100
AcDbEntity
  8
HALFEN-KONSOLANKER
100
AcDbLine
 10
5413.129223490955
 20
-123.2269003518146
 30
0.0
 11
5413.129223490955
 21
-129.2269003518146
 31
0.0
  0
ARC
  5
C23
330
2
100
AcDbEntity
  8
HALFEN-KONSOLANKER
100
AcDbCircle
 10
5571.129223490954
 20
-117.2269003518146
 30
0.0
 40
12.0
100
AcDbArc
 50
270.0
 51
0.0
1001
GENIUS_GENODEF_13
1002
{
1000
HIER
1070
     0
1002
}
1002
{
1000
MANEDIT
1070
     0
1002
}
1002
{
1000
NOSEL
1070
     0
1002
}
1002
{
1000
BEHIND
1070
     0
1002
}
1002
{
1000
REACTOR
1002
}
1001
GENIUS_GENOBJ-N-FIL_13
1002
{
1000
OWNER
1000
GEN
1002
}
  0
ARC
  5
C24
330
2
100
AcDbEntity
  8
HALFEN-KONSOLANKER
100
AcDbCircle
 10
5571.129223490954
 20
-117.2269003518146
 30
0.0
 40
6.0
100
AcDbArc
 50
270.0
 51
0.0
1001
GENIUS_GENODEF_13
1002
{
1000
HIER
1070
     0
1002
}
1002
{
1000
MANEDIT
1070
     0
1002
}
1002
{
1000
NOSEL
1070
     0
1002
}
1002
{
1000
BEHIND
1070
     0
1002
}
1002
{
1000
REACTOR
1002
}
1001
GENIUS_GENOBJ-N-FIL_13
1002
{
1000
OWNER
1000
GEN
1002
}
  0
TEXT
  5
C25
330
2
100
AcDbEntity
  8
HALFEN-KONSOLANKER
100
AcDbText
 10
5468.129223490954
 20
73.27309964818539
 30
0.0
 40
5.0
  1
Halfen Konsolwinkel KWL - 3,2 - 170 - 1000
  7
ARIAL50
100
AcDbText
  0
LINE
  5
C26
330
2
100
AcDbEntity
  8
HALFEN-KONSOLANKER
100
AcDbLine
 10
5413.129223490955
 20
52.77309964818539
 30
0.0
 11
5613.129223490954
 21
52.77309964818539
 31
0.0
  0
LINE
  5
C27
330
2
100
AcDbEntity
  8
HALFEN-KONSOLANKER
100
AcDbLine
 10
5413.129223490955
 20
62.77309964818539
 30
0.0
 11
5613.129223490954
 21
62.77309964818539
 31
0.0
  0
LINE
  5
C28
330
2
100
AcDbEntity
  8
HALFEN-KONSOLANKER
100
AcDbLine
 10
5413.129223490955
 20
80.77309964818539
 30
0.0
 11
5613.129223490954
 21
80.77309964818539
 31
0.0
  0
TEXT
  5
C29
330
2
100
AcDbEntity
  8
HALFEN-KONSOLANKER
100
AcDbText
 10
5418.129223490954
 20
55.27309964818539
 30
0.0
 40
5.0
  1
Id. Nr.
  7
ARIAL50
100
AcDbText
  0
TEXT
  5
C2A
330
2
100
AcDbEntity
  8
HALFEN-KONSOLANKER
100
AcDbText
 10
5418.129223490954
 20
73.27309964818539
 30
0.0
 40
5.0
  1
Benennung
  7
ARIAL50
100
AcDbText
  0
TEXT
  5
C2B
330
2
100
AcDbEntity
  8
HALFEN-KONSOLANKER
100
AcDbText
 10
5413.129223490955
 20
83.27309964818539
 30
0.0
 40
5.0
  1
A4
  7
ARIAL50
100
AcDbText
  0
LINE
  5
C2C
330
2
100
AcDbEntity
  8
HALFEN-KONSOLANKER
100
AcDbLine
 10
5413.129223490955
 20
52.77309964818539
 30
0.0
 11
5413.129223490955
 21
80.77309964818539
 31
0.0
  0
LINE
  5
C2D
330
2
100
AcDbEntity
  8
HALFEN-KONSOLANKER
100
AcDbLine
 10
5463.129223490954
 20
52.77309964818539
 30
0.0
 11
5463.129223490954
 21
80.77309964818539
 31
0.0
  0
TEXT
  5
C2E
330
2
100
AcDbEntity
  8
HALFEN-KONSOLANKER
100
AcDbText
 10
5468.129223490954
 20
55.27309964818539
 30
0.0
 40
5.0
  1
0112.010-00030
  7
ARIAL50
100
AcDbText
  0
LINE
  5
C2F
330
2
100
AcDbEntity
  8
HALFEN-KONSOLANKER
  6
MITTELLINIE
 62
     1
 48
10.0
100
AcDbLine
 10
5572.129223490954
 20
18.77309964818539
 30
0.0
 11
5588.129223490954
 21
18.77309964818539
 31
0.0
1001
GENIUS_GENODEF_13
1002
{
1000
HIER
1070
     0
1002
}
1002
{
1000
MANEDIT
1070
     0
1002
}
1002
{
1000
NOSEL
1070
     0
1002
}
1002
{
1000
BEHIND
1070
     0
1002
}
1002
{
1000
REACTOR
1002
}
1001
GENIUS_GENOBJ-N-CEN_13
1002
{
1000
OWNER
1000
GEN
1002
}
  0
LINE
  5
C30
330
2
100
AcDbEntity
  8
HALFEN-KONSOLANKER
  6
VERDECKT
 62
     1
100
AcDbLine
 10
5577.129223490954
 20
24.27309964818539
 30
0.0
 11
5583.129223490954
 21
24.27309964818539
 31
0.0
  0
LINE
  5
C31
330
2
100
AcDbEntity
  8
HALFEN-KONSOLANKER
  6
VERDECKT
 62
     1
100
AcDbLine
 10
5577.129223490954
 20
13.27309964818539
 30
0.0
 11
5583.129223490954
 21
13.27309964818539
 31
0.0
  0
LINE
  5
C32
330
2
100
AcDbEntity
  8
HALFEN-KONSOLANKER
100
AcDbLine
 10
5577.129223490954
 20
40.77309964818539
 30
0.0
 11
5583.129223490954
 21
40.77309964818539
 31
0.0
  0
LINE
  5
C33
330
2
100
AcDbEntity
  8
HALFEN-KONSOLANKER
100
AcDbLine
 10
5613.129223490954
 20
52.77309964818539
 30
0.0
 11
5613.129223490954
 21
80.77309964818539
 31
0.0
  0
LINE
  5
C34
330
2
100
AcDbEntity
  8
HALFEN-KONSOLANKER
100
AcDbLine
 10
5730.129223490955
 20
5.773099648185393
 30
0.0
 11
5730.129223490955
 21
-123.2269003518146
 31
0.0
  0
LINE
  5
C35
330
2
100
AcDbEntity
  8
HALFEN-KONSOLANKER
100
AcDbLine
 10
5726.129223490954
 20
5.773099648185393
 30
0.0
 11
5726.129223490954
 21
-123.2269003518146
 31
0.0
  0
LINE
  5
C36
330
2
100
AcDbEntity
  8
HALFEN-KONSOLANKER
100
AcDbLine
 10
5730.129223490955
 20
-155.2269003518146
 30
0.0
 11
5730.129223490955
 21
-284.2269003518146
 31
0.0
  0
LINE
  5
C37
330
2
100
AcDbEntity
  8
HALFEN-KONSOLANKER
100
AcDbLine
 10
5726.129223490954
 20
-155.2269003518146
 30
0.0
 11
5726.129223490954
 21
-284.2269003518146
 31
0.0
  0
LINE
  5
C38
330
2
100
AcDbEntity
  8
HALFEN-KONSOLANKER
100
AcDbLine
 10
5730.129223490955
 20
-284.2269003518146
 30
0.0
 11
5726.129223490954
 21
-284.2269003518146
 31
0.0
  0
LINE
  5
C39
330
2
100
AcDbEntity
  8
HALFEN-KONSOLANKER
  6
VERDECKT
 62
     1
100
AcDbLine
 10
5715.629223490954
 20
-155.2269003518146
 30
0.0
 11
5715.629223490954
 21
-149.2269003518146
 31
0.0
  0
LINE
  5
C3A
330
2
100
AcDbEntity
  8
HALFEN-KONSOLANKER
  6
MITTELLINIE
 62
     1
 48
10.0
100
AcDbLine
 10
5728.129223490954
 20
-144.2269003518146
 30
0.0
 11
5728.129223490954
 21
-160.2269003518146
 31
0.0
  0
LINE
  5
C3B
330
2
100
AcDbEntity
  8
HALFEN-KONSOLANKER
  6
VERDECKT
 62
     1
100
AcDbLine
 10
5740.629223490954
 20
-149.2269003518146
 30
0.0
 11
5740.629223490954
 21
-155.2269003518146
 31
0.0
  0
ARC
  5
C3C
330
2
100
AcDbEntity
  8
HALFEN-KONSOLANKER
100
AcDbCircle
 10
5721.129223490954
 20
18.77309964818539
 30
0.0
 40
5.5
100
AcDbArc
 50
90.0
 51
270.0
  0
LINE
  5
C3D
330
2
100
AcDbEntity
  8
HALFEN-KONSOLANKER
  6
MITTELLINIE
 62
     1
 48
10.0
100
AcDbLine
 10
5710.629223490954
 20
18.77309964818539
 30
0.0
 11
5745.629223490954
 21
18.77309964818539
 31
0.0
1001
GENIUS_GENODEF_13
1002
{
1000
HIER
1070
     0
1002
}
1002
{
1000
MANEDIT
1070
     0
1002
}
1002
{
1000
NOSEL
1070
     0
1002
}
1002
{
1000
BEHIND
1070
     0
1002
}
1002
{
1000
REACTOR
1002
}
1001
GENIUS_GENOBJ-N-CEN_13
1002
{
1000
OWNER
1000
GEN
1002
}
  0
LINE
  5
C3E
330
2
100
AcDbEntity
  8
HALFEN-KONSOLANKER
100
AcDbLine
 10
5721.129223490954
 20
24.27309964818539
 30
0.0
 11
5735.129223490954
 21
24.27309964818539
 31
0.0
  0
LINE
  5
C3F
330
2
100
AcDbEntity
  8
HALFEN-KONSOLANKER
100
AcDbLine
 10
5721.129223490954
 20
13.27309964818539
 30
0.0
 11
5735.129223490954
 21
13.27309964818539
 31
0.0
  0
LINE
  5
C40
330
2
100
AcDbEntity
  8
HALFEN-KONSOLANKER
100
AcDbLine
 10
5726.129223490954
 20
5.773099648185393
 30
0.0
 11
5730.129223490955
 21
5.773099648185393
 31
0.0
  0
LINE
  5
C41
330
2
100
AcDbEntity
  8
HALFEN-KONSOLANKER
  6
MITTELLINIE
 62
     1
 48
10.0
100
AcDbLine
 10
5728.129223490954
 20
29.27309964818539
 30
0.0
 11
5728.129223490954
 21
8.273099648185393
 31
0.0
  0
ARC
  5
C42
330
2
100
AcDbEntity
  8
HALFEN-KONSOLANKER
100
AcDbCircle
 10
5735.129223490954
 20
18.77309964818539
 30
0.0
 40
5.5
100
AcDbArc
 50
270.0
 51
90.0
  0
POINT
  5
C43
330
2
100
AcDbEntity
  8
HALFEN-KONSOLANKER
100
AcDbPoint
 10
5728.129223490954
 20
40.77309964818539
 30
0.0
  0
POINT
  5
C44
330
2
100
AcDbEntity
  8
HALFEN-KONSOLANKER
100
AcDbPoint
 10
5728.129223490954
 20
40.77309964818539
 30
0.0
  0
LINE
  5
C45
330
2
100
AcDbEntity
  8
HALFEN-KONSOLANKER
100
AcDbLine
 10
5976.129223490954
 20
5.773099648185393
 30
0.0
 11
5976.129223490954
 21
-123.2269003518146
 31
0.0
  0
LINE
  5
C46
330
2
100
AcDbEntity
  8
HALFEN-KONSOLANKER
100
AcDbLine
 10
5980.129223490955
 20
5.773099648185393
 30
0.0
 11
5980.129223490955
 21
-123.2269003518146
 31
0.0
  0
LINE
  5
C47
330
2
100
AcDbEntity
  8
HALFEN-KONSOLANKER
100
AcDbLine
 10
5976.129223490954
 20
-155.2269003518146
 30
0.0
 11
5976.129223490954
 21
-284.2269003518146
 31
0.0
  0
LINE
  5
C48
330
2
100
AcDbEntity
  8
HALFEN-KONSOLANKER
100
AcDbLine
 10
5980.129223490955
 20
-155.2269003518146
 30
0.0
 11
5980.129223490955
 21
-284.2269003518146
 31
0.0
  0
LINE
  5
C49
330
2
100
AcDbEntity
  8
HALFEN-KONSOLANKER
100
AcDbLine
 10
5980.129223490955
 20
-284.2269003518146
 30
0.0
 11
5976.129223490954
 21
-284.2269003518146
 31
0.0
  0
LINE
  5
C4A
330
2
100
AcDbEntity
  8
HALFEN-KONSOLANKER
  6
MITTELLINIE
 62
     1
 48
10.0
100
AcDbLine
 10
5978.129223490954
 20
-144.2269003518146
 30
0.0
 11
5978.129223490954
 21
-160.2269003518146
 31
0.0
  0
LINE
  5
C4B
330
2
100
AcDbEntity
  8
HALFEN-KONSOLANKER
  6
VERDECKT
 62
     1
100
AcDbLine
 10
5965.629223490954
 20
-155.2269003518146
 30
0.0
 11
5965.629223490954
 21
-149.2269003518146
 31
0.0
  0
LINE
  5
C4C
330
2
100
AcDbEntity
  8
HALFEN-KONSOLANKER
  6
VERDECKT
 62
     1
100
AcDbLine
 10
5990.629223490954
 20
-149.2269003518146
 30
0.0
 11
5990.629223490954
 21
-155.2269003518146
 31
0.0
  0
LINE
  5
C4D
330
2
100
AcDbEntity
  8
HALFEN-KONSOLANKER
  6
MITTELLINIE
 62
     1
 48
10.0
100
AcDbLine
 10
5960.629223490954
 20
18.77309964818539
 30
0.0
 11
5995.629223490954
 21
18.77309964818539
 31
0.0
1001
GENIUS_GENODEF_13
1002
{
1000
HIER
1070
     0
1002
}
1002
{
1000
MANEDIT
1070
     0
1002
}
1002
{
1000
NOSEL
1070
     0
1002
}
1002
{
1000
BEHIND
1070
     0
1002
}
1002
{
1000
REACTOR
1002
}
1001
GENIUS_GENOBJ-N-CEN_13
1002
{
1000
OWNER
1000
GEN
1002
}
  0
LINE
  5
C4E
330
2
100
AcDbEntity
  8
HALFEN-KONSOLANKER
100
AcDbLine
 10
5976.129223490954
 20
5.773099648185393
 30
0.0
 11
5980.129223490955
 21
5.773099648185393
 31
0.0
  0
LINE
  5
C4F
330
2
100
AcDbEntity
  8
HALFEN-KONSOLANKER
100
AcDbLine
 10
5971.129223490954
 20
13.27309964818539
 30
0.0
 11
5985.129223490954
 21
13.27309964818539
 31
0.0
  0
LINE
  5
C50
330
2
100
AcDbEntity
  8
HALFEN-KONSOLANKER
100
AcDbLine
 10
5971.129223490954
 20
24.27309964818539
 30
0.0
 11
5985.129223490954
 21
24.27309964818539
 31
0.0
  0
LINE
  5
C51
330
2
100
AcDbEntity
  8
HALFEN-KONSOLANKER
  6
MITTELLINIE
 62
     1
 48
10.0
100
AcDbLine
 10
5978.129223490954
 20
29.27309964818539
 30
0.0
 11
5978.129223490954
 21
8.273099648185393
 31
0.0
  0
ARC
  5
C52
330
2
100
AcDbEntity
  8
HALFEN-KONSOLANKER
100
AcDbCircle
 10
5971.129223490954
 20
18.77309964818539
 30
0.0
 40
5.5
100
AcDbArc
 50
90.0
 51
270.0
  0
ARC
  5
C53
330
2
100
AcDbEntity
  8
HALFEN-KONSOLANKER
100
AcDbCircle
 10
5985.129223490954
 20
18.77309964818539
 30
0.0
 40
5.5
100
AcDbArc
 50
270.0
 51
90.0
  0
POINT
  5
C54
330
2
100
AcDbEntity
  8
HALFEN-KONSOLANKER
100
AcDbPoint
 10
5978.129223490954
 20
40.77309964818539
 30
0.0
  0
POINT
  5
C55
330
2
100
AcDbEntity
  8
HALFEN-KONSOLANKER
100
AcDbPoint
 10
5978.129223490954
 20
40.77309964818539
 30
0.0
  0
LINE
  5
C56
330
2
100
AcDbEntity
  8
HALFEN-KONSOLANKER
100
AcDbLine
 10
6603.129223490954
 20
-319.2269003518146
 30
0.0
 11
6603.129223490954
 21
-149.2269003518146
 31
0.0
  0
LINE
  5
C57
330
2
100
AcDbEntity
  8
HALFEN-KONSOLANKER
100
AcDbLine
 10
6230.129223490955
 20
5.773099648185393
 30
0.0
 11
6230.129223490955
 21
-123.2269003518146
 31
0.0
  0
LINE
  5
C58
330
2
100
AcDbEntity
  8
HALFEN-KONSOLANKER
100
AcDbLine
 10
6226.129223490954
 20
5.773099648185393
 30
0.0
 11
6226.129223490954
 21
-123.2269003518146
 31
0.0
  0
LINE
  5
C59
330
2
100
AcDbEntity
  8
HALFEN-KONSOLANKER
100
AcDbLine
 10
6603.129223490954
 20
40.77309964818539
 30
0.0
 11
6603.129223490954
 21
-129.2269003518146
 31
0.0
  0
LINE
  5
C5A
330
2
100
AcDbEntity
  8
HALFEN-KONSOLANKER
100
AcDbLine
 10
6230.129223490955
 20
-155.2269003518146
 30
0.0
 11
6230.129223490955
 21
-284.2269003518146
 31
0.0
  0
LINE
  5
C5B
330
2
100
AcDbEntity
  8
HALFEN-KONSOLANKER
100
AcDbLine
 10
6226.129223490954
 20
-155.2269003518146
 30
0.0
 11
6226.129223490954
 21
-284.2269003518146
 31
0.0
  0
LINE
  5
C5C
330
2
100
AcDbEntity
  8
HALFEN-KONSOLANKER
100
AcDbLine
 10
6230.129223490955
 20
-284.2269003518146
 30
0.0
 11
6226.129223490954
 21
-284.2269003518146
 31
0.0
  0
LINE
  5
C5D
330
2
100
AcDbEntity
  8
HALFEN-KONSOLANKER
  6
VERDECKT
 62
     1
100
AcDbLine
 10
6240.629223490954
 20
-149.2269003518146
 30
0.0
 11
6240.629223490954
 21
-155.2269003518146
 31
0.0
  0
LINE
  5
C5E
330
2
100
AcDbEntity
  8
HALFEN-KONSOLANKER
  6
VERDECKT
 62
     1
100
AcDbLine
 10
6215.629223490954
 20
-155.2269003518146
 30
0.0
 11
6215.629223490954
 21
-149.2269003518146
 31
0.0
  0
LINE
  5
C5F
330
2
100
AcDbEntity
  8
HALFEN-KONSOLANKER
  6
MITTELLINIE
 62
     1
 48
10.0
100
AcDbLine
 10
6228.129223490954
 20
-144.2269003518146
 30
0.0
 11
6228.129223490954
 21
-160.2269003518146
 31
0.0
  0
ARC
  5
C60
330
2
100
AcDbEntity
  8
HALFEN-KONSOLANKER
100
AcDbCircle
 10
6235.129223490954
 20
18.77309964818539
 30
0.0
 40
5.5
100
AcDbArc
 50
270.0
 51
90.0
  0
ARC
  5
C61
330
2
100
AcDbEntity
  8
HALFEN-KONSOLANKER
100
AcDbCircle
 10
6221.129223490954
 20
18.77309964818539
 30
0.0
 40
5.5
100
AcDbArc
 50
90.0
 51
270.0
  0
LINE
  5
C62
330
2
100
AcDbEntity
  8
HALFEN-KONSOLANKER
  6
MITTELLINIE
 62
     1
 48
10.0
100
AcDbLine
 10
6228.129223490954
 20
29.27309964818539
 30
0.0
 11
6228.129223490954
 21
8.273099648185393
 31
0.0
  0
LINE
  5
C63
330
2
100
AcDbEntity
  8
HALFEN-KONSOLANKER
100
AcDbLine
 10
6221.129223490954
 20
24.27309964818539
 30
0.0
 11
6235.129223490954
 21
24.27309964818539
 31
0.0
  0
LINE
  5
C64
330
2
100
AcDbEntity
  8
HALFEN-KONSOLANKER
100
AcDbLine
 10
6221.129223490954
 20
13.27309964818539
 30
0.0
 11
6235.129223490954
 21
13.27309964818539
 31
0.0
  0
LINE
  5
C65
330
2
100
AcDbEntity
  8
HALFEN-KONSOLANKER
100
AcDbLine
 10
6226.129223490954
 20
5.773099648185393
 30
0.0
 11
6230.129223490955
 21
5.773099648185393
 31
0.0
  0
POINT
  5
C66
330
2
100
AcDbEntity
  8
HALFEN-KONSOLANKER
100
AcDbPoint
 10
6228.129223490954
 20
40.77309964818539
 30
0.0
  0
POINT
  5
C67
330
2
100
AcDbEntity
  8
HALFEN-KONSOLANKER
100
AcDbPoint
 10
6228.129223490954
 20
40.77309964818539
 30
0.0
  0
LINE
  5
C68
330
2
100
AcDbEntity
  8
HALFEN-KONSOLANKER
100
AcDbLine
 10
5663.129223490955
 20
-409.2269003518143
 30
0.0
 11
6663.129223490954
 21
-409.2269003518143
 31
0.0
  0
LINE
  5
C69
330
2
100
AcDbEntity
  8
HALFEN-KONSOLANKER
100
AcDbLine
 10
6663.129223490954
 20
-619.2269003518143
 30
0.0
 11
5663.129223490955
 21
-619.2269003518143
 31
0.0
  0
LINE
  5
C6A
330
2
100
AcDbEntity
  8
HALFEN-KONSOLANKER
100
AcDbLine
 10
5663.129223490955
 20
-599.2269003518144
 30
0.0
 11
6663.129223490954
 21
-599.2269003518144
 31
0.0
  0
LINE
  5
C6B
330
2
100
AcDbEntity
  8
HALFEN-KONSOLANKER
100
AcDbLine
 10
5663.129223490955
 20
-593.2269003518143
 30
0.0
 11
6663.129223490954
 21
-593.2269003518143
 31
0.0
  0
LINE
  5
C6C
330
2
100
AcDbEntity
  8
HALFEN-KONSOLANKER
100
AcDbLine
 10
6663.129223490954
 20
-625.2269003518144
 30
0.0
 11
5663.129223490955
 21
-625.2269003518144
 31
0.0
  0
LINE
  5
C6D
330
2
100
AcDbEntity
  8
HALFEN-KONSOLANKER
100
AcDbLine
 10
6663.129223490954
 20
-809.2269003518143
 30
0.0
 11
5663.129223490955
 21
-809.2269003518143
 31
0.0
  0
LINE
  5
C6E
330
2
100
AcDbEntity
  8
HALFEN-KONSOLANKER
100
AcDbLine
 10
5643.129223490954
 20
-409.2269003518143
 30
0.0
 11
5643.129223490954
 21
-587.2269003518144
 31
0.0
  0
LINE
  5
C6F
330
2
100
AcDbEntity
  8
HALFEN-KONSOLANKER
100
AcDbLine
 10
5637.129223490955
 20
-409.2269003518143
 30
0.0
 11
5637.129223490955
 21
-587.2269003518144
 31
0.0
  0
LINE
  5
C70
330
2
100
AcDbEntity
  8
HALFEN-KONSOLANKER
100
AcDbLine
 10
5663.129223490955
 20
-409.2269003518143
 30
0.0
 11
5663.129223490955
 21
-599.2269003518144
 31
0.0
  0
LINE
  5
C71
330
2
100
AcDbEntity
  8
HALFEN-KONSOLANKER
100
AcDbLine
 10
5637.129223490955
 20
-486.6533072230078
 30
0.0
 11
5530.555630362147
 21
-593.2269003518143
 31
0.0
  0
LINE
  5
C72
330
2
100
AcDbEntity
  8
HALFEN-KONSOLANKER
100
AcDbLine
 10
5637.129223490955
 20
-444.2269003518147
 30
0.0
 11
5488.129223490954
 21
-593.2269003518143
 31
0.0
  0
LINE
  5
C73
330
2
100
AcDbEntity
  8
HALFEN-KONSOLANKER
100
AcDbLine
 10
5631.129223490955
 20
-593.2269003518143
 30
0.0
 11
5453.129223490954
 21
-593.2269003518143
 31
0.0
  0
LINE
  5
C74
330
2
100
AcDbEntity
  8
HALFEN-KONSOLANKER
100
AcDbLine
 10
5631.129223490955
 20
-599.2269003518144
 30
0.0
 11
5453.129223490954
 21
-599.2269003518144
 31
0.0
  0
LINE
  5
C75
330
2
100
AcDbEntity
  8
HALFEN-KONSOLANKER
100
AcDbLine
 10
5453.129223490954
 20
-593.2269003518143
 30
0.0
 11
5453.129223490954
 21
-599.2269003518144
 31
0.0
  0
LINE
  5
C76
330
2
100
AcDbEntity
  8
HALFEN-KONSOLANKER
100
AcDbLine
 10
5663.129223490955
 20
-809.2269003518143
 30
0.0
 11
5663.129223490955
 21
-619.2269003518143
 31
0.0
  0
ARC
  5
C77
330
2
100
AcDbEntity
  8
HALFEN-KONSOLANKER
100
AcDbCircle
 10
5631.129223490955
 20
-587.2269003518144
 30
0.0
 40
6.0
100
AcDbArc
 50
270.0
 51
0.0
1001
GENIUS_GENODEF_13
1002
{
1000
HIER
1070
     0
1002
}
1002
{
1000
MANEDIT
1070
     0
1002
}
1002
{
1000
NOSEL
1070
     0
1002
}
1002
{
1000
BEHIND
1070
     0
1002
}
1002
{
1000
REACTOR
1002
}
1001
GENIUS_GENOBJ-N-FIL_13
1002
{
1000
OWNER
1000
GEN
1002
}
  0
ARC
  5
C78
330
2
100
AcDbEntity
  8
HALFEN-KONSOLANKER
100
AcDbCircle
 10
5631.129223490955
 20
-587.2269003518144
 30
0.0
 40
12.0
100
AcDbArc
 50
270.0
 51
0.0
1001
GENIUS_GENODEF_13
1002
{
1000
HIER
1070
     0
1002
}
1002
{
1000
MANEDIT
1070
     0
1002
}
1002
{
1000
NOSEL
1070
     0
1002
}
1002
{
1000
BEHIND
1070
     0
1002
}
1002
{
1000
REACTOR
1002
}
1001
GENIUS_GENOBJ-N-FIL_13
1002
{
1000
OWNER
1000
GEN
1002
}
  0
TEXT
  5
C79
330
2
100
AcDbEntity
  8
HALFEN-KONSOLANKER
100
AcDbText
 10
5508.129223490954
 20
-394.7269003518144
 30
0.0
 40
5.0
  1
0112.010-00033
  7
ARIAL50
100
AcDbText
  0
TEXT
  5
C7A
330
2
100
AcDbEntity
  8
HALFEN-KONSOLANKER
100
AcDbText
 10
5508.129223490954
 20
-376.7269003518144
 30
0.0
 40
5.0
  1
Halfen Konsolwinkel KWL - 3,2 - 190 - 1000
  7
ARIAL50
100
AcDbText
  0
LINE
  5
C7B
330
2
100
AcDbEntity
  8
HALFEN-KONSOLANKER
100
AcDbLine
 10
5453.129223490954
 20
-397.2269003518144
 30
0.0
 11
5653.129223490954
 21
-397.2269003518144
 31
0.0
  0
LINE
  5
C7C
330
2
100
AcDbEntity
  8
HALFEN-KONSOLANKER
100
AcDbLine
 10
5453.129223490954
 20
-387.2269003518144
 30
0.0
 11
5653.129223490954
 21
-387.2269003518144
 31
0.0
  0
LINE
  5
C7D
330
2
100
AcDbEntity
  8
HALFEN-KONSOLANKER
100
AcDbLine
 10
5453.129223490954
 20
-369.2269003518144
 30
0.0
 11
5653.129223490954
 21
-369.2269003518144
 31
0.0
  0
TEXT
  5
C7E
330
2
100
AcDbEntity
  8
HALFEN-KONSOLANKER
100
AcDbText
 10
5453.129223490954
 20
-366.7269003518144
 30
0.0
 40
5.0
  1
A4
  7
ARIAL50
100
AcDbText
  0
TEXT
  5
C7F
330
2
100
AcDbEntity
  8
HALFEN-KONSOLANKER
100
AcDbText
 10
5458.129223490954
 20
-376.7269003518144
 30
0.0
 40
5.0
  1
Benennung
  7
ARIAL50
100
AcDbText
  0
LINE
  5
C80
330
2
100
AcDbEntity
  8
HALFEN-KONSOLANKER
100
AcDbLine
 10
5453.129223490954
 20
-397.2269003518144
 30
0.0
 11
5453.129223490954
 21
-369.2269003518144
 31
0.0
  0
TEXT
  5
C81
330
2
100
AcDbEntity
  8
HALFEN-KONSOLANKER
100
AcDbText
 10
5458.129223490954
 20
-394.7269003518144
 30
0.0
 40
5.0
  1
Id. Nr.
  7
ARIAL50
100
AcDbText
  0
LINE
  5
C82
330
2
100
AcDbEntity
  8
HALFEN-KONSOLANKER
100
AcDbLine
 10
5503.129223490955
 20
-397.2269003518144
 30
0.0
 11
5503.129223490955
 21
-369.2269003518144
 31
0.0
  0
LINE
  5
C83
330
2
100
AcDbEntity
  8
HALFEN-KONSOLANKER
  6
VERDECKT
 62
     1
100
AcDbLine
 10
5637.129223490955
 20
-436.7269003518144
 30
0.0
 11
5643.129223490954
 21
-436.7269003518144
 31
0.0
  0
LINE
  5
C84
330
2
100
AcDbEntity
  8
HALFEN-KONSOLANKER
  6
MITTELLINIE
 62
     1
 48
10.0
100
AcDbLine
 10
5632.129223490954
 20
-431.2269003518143
 30
0.0
 11
5648.129223490954
 21
-431.2269003518143
 31
0.0
1001
GENIUS_GENODEF_13
1002
{
1000
HIER
1070
     0
1002
}
1002
{
1000
MANEDIT
1070
     0
1002
}
1002
{
1000
NOSEL
1070
     0
1002
}
1002
{
1000
BEHIND
1070
     0
1002
}
1002
{
1000
REACTOR
1002
}
1001
GENIUS_GENOBJ-N-CEN_13
1002
{
1000
OWNER
1000
GEN
1002
}
  0
LINE
  5
C85
330
2
100
AcDbEntity
  8
HALFEN-KONSOLANKER
100
AcDbLine
 10
5653.129223490954
 20
-397.2269003518144
 30
0.0
 11
5653.129223490954
 21
-369.2269003518144
 31
0.0
  0
LINE
  5
C86
330
2
100
AcDbEntity
  8
HALFEN-KONSOLANKER
  6
VERDECKT
 62
     1
100
AcDbLine
 10
5637.129223490955
 20
-425.7269003518143
 30
0.0
 11
5643.129223490954
 21
-425.7269003518143
 31
0.0
  0
LINE
  5
C87
330
2
100
AcDbEntity
  8
HALFEN-KONSOLANKER
100
AcDbLine
 10
5637.129223490955
 20
-409.2269003518143
 30
0.0
 11
5643.129223490954
 21
-409.2269003518143
 31
0.0
  0
LINE
  5
C88
330
2
100
AcDbEntity
  8
HALFEN-KONSOLANKER
100
AcDbLine
 10
5790.129223490954
 20
-444.2269003518143
 30
0.0
 11
5790.129223490954
 21
-593.2269003518143
 31
0.0
  0
LINE
  5
C89
330
2
100
AcDbEntity
  8
HALFEN-KONSOLANKER
100
AcDbLine
 10
5786.129223490954
 20
-444.2269003518143
 30
0.0
 11
5786.129223490954
 21
-593.2269003518143
 31
0.0
  0
LINE
  5
C8A
330
2
100
AcDbEntity
  8
HALFEN-KONSOLANKER
100
AcDbLine
 10
5786.129223490954
 20
-625.2269003518144
 30
0.0
 11
5786.129223490954
 21
-774.2269003518144
 31
0.0
  0
LINE
  5
C8B
330
2
100
AcDbEntity
  8
HALFEN-KONSOLANKER
100
AcDbLine
 10
5790.129223490954
 20
-625.2269003518144
 30
0.0
 11
5790.129223490954
 21
-774.2269003518144
 31
0.0
  0
LINE
  5
C8C
330
2
100
AcDbEntity
  8
HALFEN-KONSOLANKER
100
AcDbLine
 10
5790.129223490954
 20
-774.2269003518144
 30
0.0
 11
5786.129223490954
 21
-774.2269003518144
 31
0.0
  0
LINE
  5
C8D
330
2
100
AcDbEntity
  8
HALFEN-KONSOLANKER
  6
MITTELLINIE
 62
     1
 48
10.0
100
AcDbLine
 10
5788.129223490955
 20
-614.2269003518143
 30
0.0
 11
5788.129223490955
 21
-630.2269003518143
 31
0.0
  0
LINE
  5
C8E
330
2
100
AcDbEntity
  8
HALFEN-KONSOLANKER
  6
VERDECKT
 62
     1
100
AcDbLine
 10
5800.629223490954
 20
-619.2269003518143
 30
0.0
 11
5800.629223490954
 21
-625.2269003518144
 31
0.0
  0
LINE
  5
C8F
330
2
100
AcDbEntity
  8
HALFEN-KONSOLANKER
  6
VERDECKT
 62
     1
100
AcDbLine
 10
5775.629223490954
 20
-625.2269003518144
 30
0.0
 11
5775.629223490954
 21
-619.2269003518143
 31
0.0
  0
ARC
  5
C90
330
2
100
AcDbEntity
  8
HALFEN-KONSOLANKER
100
AcDbCircle
 10
5795.129223490954
 20
-431.2269003518143
 30
0.0
 40
5.5
100
AcDbArc
 50
270.0
 51
90.0
  0
ARC
  5
C91
330
2
100
AcDbEntity
  8
HALFEN-KONSOLANKER
100
AcDbCircle
 10
5781.129223490954
 20
-431.2269003518143
 30
0.0
 40
5.5
100
AcDbArc
 50
90.0
 51
270.0
  0
LINE
  5
C92
330
2
100
AcDbEntity
  8
HALFEN-KONSOLANKER
  6
MITTELLINIE
 62
     1
 48
10.0
100
AcDbLine
 10
5788.129223490955
 20
-420.7269003518144
 30
0.0
 11
5788.129223490955
 21
-441.7269003518144
 31
0.0
  0
LINE
  5
C93
330
2
100
AcDbEntity
  8
HALFEN-KONSOLANKER
  6
MITTELLINIE
 62
     1
 48
10.0
100
AcDbLine
 10
5770.629223490954
 20
-431.2269003518143
 30
0.0
 11
5805.629223490954
 21
-431.2269003518143
 31
0.0
1001
GENIUS_GENODEF_13
1002
{
1000
HIER
1070
     0
1002
}
1002
{
1000
MANEDIT
1070
     0
1002
}
1002
{
1000
NOSEL
1070
     0
1002
}
1002
{
1000
BEHIND
1070
     0
1002
}
1002
{
1000
REACTOR
1002
}
1001
GENIUS_GENOBJ-N-CEN_13
1002
{
1000
OWNER
1000
GEN
1002
}
  0
LINE
  5
C94
330
2
100
AcDbEntity
  8
HALFEN-KONSOLANKER
100
AcDbLine
 10
5786.129223490954
 20
-444.2269003518143
 30
0.0
 11
5790.129223490954
 21
-444.2269003518143
 31
0.0
  0
LINE
  5
C95
330
2
100
AcDbEntity
  8
HALFEN-KONSOLANKER
100
AcDbLine
 10
5781.129223490954
 20
-436.7269003518144
 30
0.0
 11
5795.129223490954
 21
-436.7269003518144
 31
0.0
  0
POINT
  5
C96
330
2
100
AcDbEntity
  8
HALFEN-KONSOLANKER
100
AcDbPoint
 10
5788.129223490955
 20
-409.2269003518143
 30
0.0
  0
POINT
  5
C97
330
2
100
AcDbEntity
  8
HALFEN-KONSOLANKER
100
AcDbPoint
 10
5788.129223490955
 20
-409.2269003518143
 30
0.0
  0
LINE
  5
C98
330
2
100
AcDbEntity
  8
HALFEN-KONSOLANKER
100
AcDbLine
 10
5781.129223490954
 20
-425.7269003518143
 30
0.0
 11
5795.129223490954
 21
-425.7269003518143
 31
0.0
  0
LINE
  5
C99
330
2
100
AcDbEntity
  8
HALFEN-KONSOLANKER
100
AcDbLine
 10
6036.129223490954
 20
-444.2269003518143
 30
0.0
 11
6036.129223490954
 21
-593.2269003518143
 31
0.0
  0
LINE
  5
C9A
330
2
100
AcDbEntity
  8
HALFEN-KONSOLANKER
100
AcDbLine
 10
6040.129223490954
 20
-444.2269003518143
 30
0.0
 11
6040.129223490954
 21
-593.2269003518143
 31
0.0
  0
LINE
  5
C9B
330
2
100
AcDbEntity
  8
HALFEN-KONSOLANKER
100
AcDbLine
 10
6040.129223490954
 20
-625.2269003518144
 30
0.0
 11
6040.129223490954
 21
-774.2269003518144
 31
0.0
  0
LINE
  5
C9C
330
2
100
AcDbEntity
  8
HALFEN-KONSOLANKER
100
AcDbLine
 10
6036.129223490954
 20
-625.2269003518144
 30
0.0
 11
6036.129223490954
 21
-774.2269003518144
 31
0.0
  0
LINE
  5
C9D
330
2
100
AcDbEntity
  8
HALFEN-KONSOLANKER
100
AcDbLine
 10
6040.129223490954
 20
-774.2269003518144
 30
0.0
 11
6036.129223490954
 21
-774.2269003518144
 31
0.0
  0
LINE
  5
C9E
330
2
100
AcDbEntity
  8
HALFEN-KONSOLANKER
  6
MITTELLINIE
 62
     1
 48
10.0
100
AcDbLine
 10
6038.129223490955
 20
-614.2269003518143
 30
0.0
 11
6038.129223490955
 21
-630.2269003518143
 31
0.0
  0
LINE
  5
C9F
330
2
100
AcDbEntity
  8
HALFEN-KONSOLANKER
  6
VERDECKT
 62
     1
100
AcDbLine
 10
6050.629223490954
 20
-619.2269003518143
 30
0.0
 11
6050.629223490954
 21
-625.2269003518144
 31
0.0
  0
LINE
  5
CA0
330
2
100
AcDbEntity
  8
HALFEN-KONSOLANKER
  6
VERDECKT
 62
     1
100
AcDbLine
 10
6025.629223490954
 20
-625.2269003518144
 30
0.0
 11
6025.629223490954
 21
-619.2269003518143
 31
0.0
  0
ARC
  5
CA1
330
2
100
AcDbEntity
  8
HALFEN-KONSOLANKER
100
AcDbCircle
 10
6045.129223490954
 20
-431.2269003518143
 30
0.0
 40
5.5
100
AcDbArc
 50
270.0
 51
90.0
  0
LINE
  5
CA2
330
2
100
AcDbEntity
  8
HALFEN-KONSOLANKER
  6
MITTELLINIE
 62
     1
 48
10.0
100
AcDbLine
 10
6038.129223490955
 20
-420.7269003518144
 30
0.0
 11
6038.129223490955
 21
-441.7269003518144
 31
0.0
  0
ARC
  5
CA3
330
2
100
AcDbEntity
  8
HALFEN-KONSOLANKER
100
AcDbCircle
 10
6031.129223490954
 20
-431.2269003518143
 30
0.0
 40
5.5
100
AcDbArc
 50
90.0
 51
270.0
  0
LINE
  5
CA4
330
2
100
AcDbEntity
  8
HALFEN-KONSOLANKER
  6
MITTELLINIE
 62
     1
 48
10.0
100
AcDbLine
 10
6020.629223490954
 20
-431.2269003518143
 30
0.0
 11
6055.629223490954
 21
-431.2269003518143
 31
0.0
1001
GENIUS_GENODEF_13
1002
{
1000
HIER
1070
     0
1002
}
1002
{
1000
MANEDIT
1070
     0
1002
}
1002
{
1000
NOSEL
1070
     0
1002
}
1002
{
1000
BEHIND
1070
     0
1002
}
1002
{
1000
REACTOR
1002
}
1001
GENIUS_GENOBJ-N-CEN_13
1002
{
1000
OWNER
1000
GEN
1002
}
  0
LINE
  5
CA5
330
2
100
AcDbEntity
  8
HALFEN-KONSOLANKER
100
AcDbLine
 10
6031.129223490954
 20
-436.7269003518144
 30
0.0
 11
6045.129223490954
 21
-436.7269003518144
 31
0.0
  0
LINE
  5
CA6
330
2
100
AcDbEntity
  8
HALFEN-KONSOLANKER
100
AcDbLine
 10
6036.129223490954
 20
-444.2269003518143
 30
0.0
 11
6040.129223490954
 21
-444.2269003518143
 31
0.0
  0
LINE
  5
CA7
330
2
100
AcDbEntity
  8
HALFEN-KONSOLANKER
100
AcDbLine
 10
6031.129223490954
 20
-425.7269003518143
 30
0.0
 11
6045.129223490954
 21
-425.7269003518143
 31
0.0
  0
POINT
  5
CA8
330
2
100
AcDbEntity
  8
HALFEN-KONSOLANKER
100
AcDbPoint
 10
6038.129223490955
 20
-409.2269003518143
 30
0.0
  0
POINT
  5
CA9
330
2
100
AcDbEntity
  8
HALFEN-KONSOLANKER
100
AcDbPoint
 10
6038.129223490955
 20
-409.2269003518143
 30
0.0
  0
LINE
  5
CAA
330
2
100
AcDbEntity
  8
HALFEN-KONSOLANKER
100
AcDbLine
 10
6290.129223490954
 20
-444.2269003518143
 30
0.0
 11
6290.129223490954
 21
-593.2269003518143
 31
0.0
  0
LINE
  5
CAB
330
2
100
AcDbEntity
  8
HALFEN-KONSOLANKER
100
AcDbLine
 10
6286.129223490954
 20
-444.2269003518143
 30
0.0
 11
6286.129223490954
 21
-593.2269003518143
 31
0.0
  0
LINE
  5
CAC
330
2
100
AcDbEntity
  8
HALFEN-KONSOLANKER
100
AcDbLine
 10
6663.129223490954
 20
-409.2269003518143
 30
0.0
 11
6663.129223490954
 21
-599.2269003518144
 31
0.0
  0
LINE
  5
CAD
330
2
100
AcDbEntity
  8
HALFEN-KONSOLANKER
100
AcDbLine
 10
6286.129223490954
 20
-625.2269003518144
 30
0.0
 11
6286.129223490954
 21
-774.2269003518144
 31
0.0
  0
LINE
  5
CAE
330
2
100
AcDbEntity
  8
HALFEN-KONSOLANKER
100
AcDbLine
 10
6290.129223490954
 20
-625.2269003518144
 30
0.0
 11
6290.129223490954
 21
-774.2269003518144
 31
0.0
  0
LINE
  5
CAF
330
2
100
AcDbEntity
  8
HALFEN-KONSOLANKER
100
AcDbLine
 10
6290.129223490954
 20
-774.2269003518144
 30
0.0
 11
6286.129223490954
 21
-774.2269003518144
 31
0.0
  0
LINE
  5
CB0
330
2
100
AcDbEntity
  8
HALFEN-KONSOLANKER
  6
MITTELLINIE
 62
     1
 48
10.0
100
AcDbLine
 10
6288.129223490955
 20
-614.2269003518143
 30
0.0
 11
6288.129223490955
 21
-630.2269003518143
 31
0.0
  0
LINE
  5
CB1
330
2
100
AcDbEntity
  8
HALFEN-KONSOLANKER
  6
VERDECKT
 62
     1
100
AcDbLine
 10
6275.629223490954
 20
-625.2269003518144
 30
0.0
 11
6275.629223490954
 21
-619.2269003518143
 31
0.0
  0
LINE
  5
CB2
330
2
100
AcDbEntity
  8
HALFEN-KONSOLANKER
  6
VERDECKT
 62
     1
100
AcDbLine
 10
6300.629223490954
 20
-619.2269003518143
 30
0.0
 11
6300.629223490954
 21
-625.2269003518144
 31
0.0
  0
LINE
  5
CB3
330
2
100
AcDbEntity
  8
HALFEN-KONSOLANKER
100
AcDbLine
 10
6663.129223490954
 20
-809.2269003518143
 30
0.0
 11
6663.129223490954
 21
-619.2269003518143
 31
0.0
  0
ARC
  5
CB4
330
2
100
AcDbEntity
  8
HALFEN-KONSOLANKER
100
AcDbCircle
 10
6281.129223490954
 20
-431.2269003518143
 30
0.0
 40
5.5
100
AcDbArc
 50
90.0
 51
270.0
  0
LINE
  5
CB5
330
2
100
AcDbEntity
  8
HALFEN-KONSOLANKER
  6
MITTELLINIE
 62
     1
 48
10.0
100
AcDbLine
 10
6288.129223490955
 20
-420.7269003518144
 30
0.0
 11
6288.129223490955
 21
-441.7269003518144
 31
0.0
  0
ARC
  5
CB6
330
2
100
AcDbEntity
  8
HALFEN-KONSOLANKER
100
AcDbCircle
 10
6295.129223490954
 20
-431.2269003518143
 30
0.0
 40
5.5
100
AcDbArc
 50
270.0
 51
90.0
  0
LINE
  5
CB7
330
2
100
AcDbEntity
  8
HALFEN-KONSOLANKER
  6
MITTELLINIE
 62
     1
 48
10.0
100
AcDbLine
 10
6270.629223490955
 20
-431.2269003518143
 30
0.0
 11
6305.629223490954
 21
-431.2269003518143
 31
0.0
1001
GENIUS_GENODEF_13
1002
{
1000
HIER
1070
     0
1002
}
1002
{
1000
MANEDIT
1070
     0
1002
}
1002
{
1000
NOSEL
1070
     0
1002
}
1002
{
1000
BEHIND
1070
     0
1002
}
1002
{
1000
REACTOR
1002
}
1001
GENIUS_GENOBJ-N-CEN_13
1002
{
1000
OWNER
1000
GEN
1002
}
  0
LINE
  5
CB8
330
2
100
AcDbEntity
  8
HALFEN-KONSOLANKER
100
AcDbLine
 10
6286.129223490954
 20
-444.2269003518143
 30
0.0
 11
6290.129223490954
 21
-444.2269003518143
 31
0.0
  0
LINE
  5
CB9
330
2
100
AcDbEntity
  8
HALFEN-KONSOLANKER
100
AcDbLine
 10
6281.129223490954
 20
-436.7269003518144
 30
0.0
 11
6295.129223490954
 21
-436.7269003518144
 31
0.0
  0
POINT
  5
CBA
330
2
100
AcDbEntity
  8
HALFEN-KONSOLANKER
100
AcDbPoint
 10
6288.129223490955
 20
-409.2269003518143
 30
0.0
  0
POINT
  5
CBB
330
2
100
AcDbEntity
  8
HALFEN-KONSOLANKER
100
AcDbPoint
 10
6288.129223490955
 20
-409.2269003518143
 30
0.0
  0
LINE
  5
CBC
330
2
100
AcDbEntity
  8
HALFEN-KONSOLANKER
100
AcDbLine
 10
6281.129223490954
 20
-425.7269003518143
 30
0.0
 11
6295.129223490954
 21
-425.7269003518143
 31
0.0
  0
LINE
  5
CBD
330
2
100
AcDbEntity
  8
HALFEN-KONSOLANKER
100
AcDbLine
 10
6723.129223490954
 20
-1319.226900351814
 30
0.0
 11
5723.129223490954
 21
-1319.226900351814
 31
0.0
  0
LINE
  5
CBE
330
2
100
AcDbEntity
  8
HALFEN-KONSOLANKER
100
AcDbLine
 10
6723.129223490954
 20
-1135.226900351814
 30
0.0
 11
5723.129223490954
 21
-1135.226900351814
 31
0.0
  0
LINE
  5
CBF
330
2
100
AcDbEntity
  8
HALFEN-KONSOLANKER
100
AcDbLine
 10
5723.129223490954
 20
-1103.226900351814
 30
0.0
 11
6723.129223490954
 21
-1103.226900351814
 31
0.0
  0
LINE
  5
CC0
330
2
100
AcDbEntity
  8
HALFEN-KONSOLANKER
100
AcDbLine
 10
5723.129223490954
 20
-1109.226900351814
 30
0.0
 11
6723.129223490954
 21
-1109.226900351814
 31
0.0
  0
LINE
  5
CC1
330
2
100
AcDbEntity
  8
HALFEN-KONSOLANKER
100
AcDbLine
 10
6723.129223490954
 20
-1129.226900351814
 30
0.0
 11
5723.129223490954
 21
-1129.226900351814
 31
0.0
  0
LINE
  5
CC2
330
2
100
AcDbEntity
  8
HALFEN-KONSOLANKER
100
AcDbLine
 10
5723.129223490954
 20
-899.2269003518142
 30
0.0
 11
6723.129223490954
 21
-899.2269003518142
 31
0.0
  0
LINE
  5
CC3
330
2
100
AcDbEntity
  8
HALFEN-KONSOLANKER
100
AcDbLine
 10
5697.129223490954
 20
-934.2269003518145
 30
0.0
 11
5528.129223490954
 21
-1103.226900351814
 31
0.0
  0
LINE
  5
CC4
330
2
100
AcDbEntity
  8
HALFEN-KONSOLANKER
100
AcDbLine
 10
5697.129223490954
 20
-976.6533072230075
 30
0.0
 11
5570.555630362147
 21
-1103.226900351814
 31
0.0
  0
LINE
  5
CC5
330
2
100
AcDbEntity
  8
HALFEN-KONSOLANKER
100
AcDbLine
 10
5691.129223490954
 20
-1109.226900351814
 30
0.0
 11
5493.129223490954
 21
-1109.226900351814
 31
0.0
  0
LINE
  5
CC6
330
2
100
AcDbEntity
  8
HALFEN-KONSOLANKER
100
AcDbLine
 10
5691.129223490954
 20
-1103.226900351814
 30
0.0
 11
5493.129223490954
 21
-1103.226900351814
 31
0.0
  0
LINE
  5
CC7
330
2
100
AcDbEntity
  8
HALFEN-KONSOLANKER
100
AcDbLine
 10
5493.129223490954
 20
-859.2269003518142
 30
0.0
 11
5693.129223490954
 21
-859.2269003518142
 31
0.0
  0
LINE
  5
CC8
330
2
100
AcDbEntity
  8
HALFEN-KONSOLANKER
100
AcDbLine
 10
5493.129223490954
 20
-877.2269003518141
 30
0.0
 11
5693.129223490954
 21
-877.2269003518141
 31
0.0
  0
LINE
  5
CC9
330
2
100
AcDbEntity
  8
HALFEN-KONSOLANKER
100
AcDbLine
 10
5493.129223490954
 20
-887.2269003518141
 30
0.0
 11
5693.129223490954
 21
-887.2269003518141
 31
0.0
  0
LINE
  5
CCA
330
2
100
AcDbEntity
  8
HALFEN-KONSOLANKER
100
AcDbLine
 10
5493.129223490954
 20
-1103.226900351814
 30
0.0
 11
5493.129223490954
 21
-1109.226900351814
 31
0.0
  0
TEXT
  5
CCB
330
2
100
AcDbEntity
  8
HALFEN-KONSOLANKER
100
AcDbText
 10
5498.129223490955
 20
-866.7269003518141
 30
0.0
 40
5.0
  1
Benennung
  7
ARIAL50
100
AcDbText
  0
TEXT
  5
CCC
330
2
100
AcDbEntity
  8
HALFEN-KONSOLANKER
100
AcDbText
 10
5498.129223490955
 20
-884.7269003518141
 30
0.0
 40
5.0
  1
Id. Nr.
  7
ARIAL50
100
AcDbText
  0
LINE
  5
CCD
330
2
100
AcDbEntity
  8
HALFEN-KONSOLANKER
100
AcDbLine
 10
5493.129223490954
 20
-887.2269003518141
 30
0.0
 11
5493.129223490954
 21
-859.2269003518142
 31
0.0
  0
TEXT
  5
CCE
330
2
100
AcDbEntity
  8
HALFEN-KONSOLANKER
100
AcDbText
 10
5493.129223490954
 20
-856.7269003518141
 30
0.0
 40
5.0
  1
A4
  7
ARIAL50
100
AcDbText
  0
LINE
  5
CCF
330
2
100
AcDbEntity
  8
HALFEN-KONSOLANKER
100
AcDbLine
 10
5543.129223490954
 20
-887.2269003518141
 30
0.0
 11
5543.129223490954
 21
-859.2269003518142
 31
0.0
  0
TEXT
  5
CD0
330
2
100
AcDbEntity
  8
HALFEN-KONSOLANKER
100
AcDbText
 10
5548.129223490954
 20
-866.7269003518141
 30
0.0
 40
5.0
  1
Halfen Konsolwinkel KWL - 3,2 - 210 - 1000
  7
ARIAL50
100
AcDbText
  0
TEXT
  5
CD1
330
2
100
AcDbEntity
  8
HALFEN-KONSOLANKER
100
AcDbText
 10
5548.129223490954
 20
-884.7269003518141
 30
0.0
 40
5.0
  1
0112.010-00036
  7
ARIAL50
100
AcDbText
  0
LINE
  5
CD2
330
2
100
AcDbEntity
  8
HALFEN-KONSOLANKER
100
AcDbLine
 10
5846.129223490954
 20
-934.2269003518142
 30
0.0
 11
5846.129223490954
 21
-1103.226900351814
 31
0.0
  0
LINE
  5
CD3
330
2
100
AcDbEntity
  8
HALFEN-KONSOLANKER
100
AcDbLine
 10
5850.129223490954
 20
-934.2269003518142
 30
0.0
 11
5850.129223490954
 21
-1103.226900351814
 31
0.0
  0
LINE
  5
CD4
330
2
100
AcDbEntity
  8
HALFEN-KONSOLANKER
100
AcDbLine
 10
5723.129223490954
 20
-899.2269003518142
 30
0.0
 11
5723.129223490954
 21
-1109.226900351814
 31
0.0
  0
LINE
  5
CD5
330
2
100
AcDbEntity
  8
HALFEN-KONSOLANKER
100
AcDbLine
 10
5697.129223490954
 20
-899.2269003518142
 30
0.0
 11
5697.129223490954
 21
-1097.226900351814
 31
0.0
  0
LINE
  5
CD6
330
2
100
AcDbEntity
  8
HALFEN-KONSOLANKER
100
AcDbLine
 10
5703.129223490954
 20
-899.2269003518142
 30
0.0
 11
5703.129223490954
 21
-1097.226900351814
 31
0.0
  0
LINE
  5
CD7
330
2
100
AcDbEntity
  8
HALFEN-KONSOLANKER
100
AcDbLine
 10
5723.129223490954
 20
-1319.226900351814
 30
0.0
 11
5723.129223490954
 21
-1129.226900351814
 31
0.0
  0
ARC
  5
CD8
330
2
100
AcDbEntity
  8
HALFEN-KONSOLANKER
100
AcDbCircle
 10
5691.129223490954
 20
-1097.226900351814
 30
0.0
 40
6.0
100
AcDbArc
 50
270.0
 51
0.0
1001
GENIUS_GENODEF_13
1002
{
1000
HIER
1070
     0
1002
}
1002
{
1000
MANEDIT
1070
     0
1002
}
1002
{
1000
NOSEL
1070
     0
1002
}
1002
{
1000
BEHIND
1070
     0
1002
}
1002
{
1000
REACTOR
1002
}
1001
GENIUS_GENOBJ-N-FIL_13
1002
{
1000
OWNER
1000
GEN
1002
}
  0
ARC
  5
CD9
330
2
100
AcDbEntity
  8
HALFEN-KONSOLANKER
100
AcDbCircle
 10
5691.129223490954
 20
-1097.226900351814
 30
0.0
 40
12.0
100
AcDbArc
 50
270.0
 51
0.0
1001
GENIUS_GENODEF_13
1002
{
1000
HIER
1070
     0
1002
}
1002
{
1000
MANEDIT
1070
     0
1002
}
1002
{
1000
NOSEL
1070
     0
1002
}
1002
{
1000
BEHIND
1070
     0
1002
}
1002
{
1000
REACTOR
1002
}
1001
GENIUS_GENOBJ-N-FIL_13
1002
{
1000
OWNER
1000
GEN
1002
}
  0
LINE
  5
CDA
330
2
100
AcDbEntity
  8
HALFEN-KONSOLANKER
100
AcDbLine
 10
5850.129223490954
 20
-1135.226900351814
 30
0.0
 11
5850.129223490954
 21
-1284.226900351814
 31
0.0
  0
LINE
  5
CDB
330
2
100
AcDbEntity
  8
HALFEN-KONSOLANKER
100
AcDbLine
 10
5846.129223490954
 20
-1135.226900351814
 30
0.0
 11
5846.129223490954
 21
-1284.226900351814
 31
0.0
  0
LINE
  5
CDC
330
2
100
AcDbEntity
  8
HALFEN-KONSOLANKER
100
AcDbLine
 10
5850.129223490954
 20
-1284.226900351814
 30
0.0
 11
5846.129223490954
 21
-1284.226900351814
 31
0.0
  0
LINE
  5
CDD
330
2
100
AcDbEntity
  8
HALFEN-KONSOLANKER
  6
VERDECKT
 62
     1
100
AcDbLine
 10
5860.629223490954
 20
-1129.226900351814
 30
0.0
 11
5860.629223490954
 21
-1135.226900351814
 31
0.0
  0
LINE
  5
CDE
330
2
100
AcDbEntity
  8
HALFEN-KONSOLANKER
  6
MITTELLINIE
 62
     1
 48
10.0
100
AcDbLine
 10
5848.129223490954
 20
-1124.226900351814
 30
0.0
 11
5848.129223490954
 21
-1140.226900351814
 31
0.0
  0
LINE
  5
CDF
330
2
100
AcDbEntity
  8
HALFEN-KONSOLANKER
  6
VERDECKT
 62
     1
100
AcDbLine
 10
5835.629223490954
 20
-1135.226900351814
 30
0.0
 11
5835.629223490954
 21
-1129.226900351814
 31
0.0
  0
LINE
  5
CE0
330
2
100
AcDbEntity
  8
HALFEN-KONSOLANKER
  6
VERDECKT
 62
     1
100
AcDbLine
 10
5697.129223490954
 20
-926.7269003518141
 30
0.0
 11
5703.129223490954
 21
-926.7269003518141
 31
0.0
  0
LINE
  5
CE1
330
2
100
AcDbEntity
  8
HALFEN-KONSOLANKER
  6
VERDECKT
 62
     1
100
AcDbLine
 10
5697.129223490954
 20
-915.7269003518141
 30
0.0
 11
5703.129223490954
 21
-915.7269003518141
 31
0.0
  0
LINE
  5
CE2
330
2
100
AcDbEntity
  8
HALFEN-KONSOLANKER
100
AcDbLine
 10
5697.129223490954
 20
-899.2269003518142
 30
0.0
 11
5703.129223490954
 21
-899.2269003518142
 31
0.0
  0
LINE
  5
CE3
330
2
100
AcDbEntity
  8
HALFEN-KONSOLANKER
  6
MITTELLINIE
 62
     1
 48
10.0
100
AcDbLine
 10
5692.129223490955
 20
-921.2269003518141
 30
0.0
 11
5708.129223490954
 21
-921.2269003518141
 31
0.0
1001
GENIUS_GENODEF_13
1002
{
1000
HIER
1070
     0
1002
}
1002
{
1000
MANEDIT
1070
     0
1002
}
1002
{
1000
NOSEL
1070
     0
1002
}
1002
{
1000
BEHIND
1070
     0
1002
}
1002
{
1000
REACTOR
1002
}
1001
GENIUS_GENOBJ-N-CEN_13
1002
{
1000
OWNER
1000
GEN
1002
}
  0
LINE
  5
CE4
330
2
100
AcDbEntity
  8
HALFEN-KONSOLANKER
100
AcDbLine
 10
5693.129223490954
 20
-887.2269003518141
 30
0.0
 11
5693.129223490954
 21
-859.2269003518142
 31
0.0
  0
LINE
  5
CE5
330
2
100
AcDbEntity
  8
HALFEN-KONSOLANKER
  6
MITTELLINIE
 62
     1
 48
10.0
100
AcDbLine
 10
5830.629223490954
 20
-921.2269003518141
 30
0.0
 11
5865.629223490954
 21
-921.2269003518141
 31
0.0
1001
GENIUS_GENODEF_13
1002
{
1000
HIER
1070
     0
1002
}
1002
{
1000
MANEDIT
1070
     0
1002
}
1002
{
1000
NOSEL
1070
     0
1002
}
1002
{
1000
BEHIND
1070
     0
1002
}
1002
{
1000
REACTOR
1002
}
1001
GENIUS_GENOBJ-N-CEN_13
1002
{
1000
OWNER
1000
GEN
1002
}
  0
LINE
  5
CE6
330
2
100
AcDbEntity
  8
HALFEN-KONSOLANKER
  6
MITTELLINIE
 62
     1
 48
10.0
100
AcDbLine
 10
5848.129223490954
 20
-910.726900351814
 30
0.0
 11
5848.129223490954
 21
-931.7269003518141
 31
0.0
  0
POINT
  5
CE7
330
2
100
AcDbEntity
  8
HALFEN-KONSOLANKER
100
AcDbPoint
 10
5848.129223490954
 20
-899.2269003518142
 30
0.0
  0
POINT
  5
CE8
330
2
100
AcDbEntity
  8
HALFEN-KONSOLANKER
100
AcDbPoint
 10
5848.129223490954
 20
-899.2269003518142
 30
0.0
  0
ARC
  5
CE9
330
2
100
AcDbEntity
  8
HALFEN-KONSOLANKER
100
AcDbCircle
 10
5841.129223490955
 20
-921.2269003518141
 30
0.0
 40
5.5
100
AcDbArc
 50
90.0
 51
270.0
  0
LINE
  5
CEA
330
2
100
AcDbEntity
  8
HALFEN-KONSOLANKER
100
AcDbLine
 10
5846.129223490954
 20
-934.2269003518142
 30
0.0
 11
5850.129223490954
 21
-934.2269003518142
 31
0.0
  0
LINE
  5
CEB
330
2
100
AcDbEntity
  8
HALFEN-KONSOLANKER
100
AcDbLine
 10
5841.129223490955
 20
-926.7269003518141
 30
0.0
 11
5855.129223490955
 21
-926.7269003518141
 31
0.0
  0
LINE
  5
CEC
330
2
100
AcDbEntity
  8
HALFEN-KONSOLANKER
100
AcDbLine
 10
5841.129223490955
 20
-915.7269003518141
 30
0.0
 11
5855.129223490955
 21
-915.7269003518141
 31
0.0
  0
ARC
  5
CED
330
2
100
AcDbEntity
  8
HALFEN-KONSOLANKER
100
AcDbCircle
 10
5855.129223490955
 20
-921.2269003518141
 30
0.0
 40
5.5
100
AcDbArc
 50
270.0
 51
90.0
  0
LINE
  5
CEE
330
2
100
AcDbEntity
  8
HALFEN-KONSOLANKER
100
AcDbLine
 10
6100.129223490954
 20
-934.2269003518142
 30
0.0
 11
6100.129223490954
 21
-1103.226900351814
 31
0.0
  0
LINE
  5
CEF
330
2
100
AcDbEntity
  8
HALFEN-KONSOLANKER
100
AcDbLine
 10
6096.129223490954
 20
-934.2269003518142
 30
0.0
 11
6096.129223490954
 21
-1103.226900351814
 31
0.0
  0
LINE
  5
CF0
330
2
100
AcDbEntity
  8
HALFEN-KONSOLANKER
100
AcDbLine
 10
6096.129223490954
 20
-1135.226900351814
 30
0.0
 11
6096.129223490954
 21
-1284.226900351814
 31
0.0
  0
LINE
  5
CF1
330
2
100
AcDbEntity
  8
HALFEN-KONSOLANKER
100
AcDbLine
 10
6100.129223490954
 20
-1135.226900351814
 30
0.0
 11
6100.129223490954
 21
-1284.226900351814
 31
0.0
  0
LINE
  5
CF2
330
2
100
AcDbEntity
  8
HALFEN-KONSOLANKER
100
AcDbLine
 10
6100.129223490954
 20
-1284.226900351814
 30
0.0
 11
6096.129223490954
 21
-1284.226900351814
 31
0.0
  0
LINE
  5
CF3
330
2
100
AcDbEntity
  8
HALFEN-KONSOLANKER
  6
VERDECKT
 62
     1
100
AcDbLine
 10
6110.629223490954
 20
-1129.226900351814
 30
0.0
 11
6110.629223490954
 21
-1135.226900351814
 31
0.0
  0
LINE
  5
CF4
330
2
100
AcDbEntity
  8
HALFEN-KONSOLANKER
  6
MITTELLINIE
 62
     1
 48
10.0
100
AcDbLine
 10
6098.129223490954
 20
-1124.226900351814
 30
0.0
 11
6098.129223490954
 21
-1140.226900351814
 31
0.0
  0
LINE
  5
CF5
330
2
100
AcDbEntity
  8
HALFEN-KONSOLANKER
  6
VERDECKT
 62
     1
100
AcDbLine
 10
6085.629223490954
 20
-1135.226900351814
 30
0.0
 11
6085.629223490954
 21
-1129.226900351814
 31
0.0
  0
LINE
  5
CF6
330
2
100
AcDbEntity
  8
HALFEN-KONSOLANKER
  6
MITTELLINIE
 62
     1
 48
10.0
100
AcDbLine
 10
6080.629223490954
 20
-921.2269003518141
 30
0.0
 11
6115.629223490954
 21
-921.2269003518141
 31
0.0
1001
GENIUS_GENODEF_13
1002
{
1000
HIER
1070
     0
1002
}
1002
{
1000
MANEDIT
1070
     0
1002
}
1002
{
1000
NOSEL
1070
     0
1002
}
1002
{
1000
BEHIND
1070
     0
1002
}
1002
{
1000
REACTOR
1002
}
1001
GENIUS_GENOBJ-N-CEN_13
1002
{
1000
OWNER
1000
GEN
1002
}
  0
LINE
  5
CF7
330
2
100
AcDbEntity
  8
HALFEN-KONSOLANKER
  6
MITTELLINIE
 62
     1
 48
10.0
100
AcDbLine
 10
6098.129223490954
 20
-910.726900351814
 30
0.0
 11
6098.129223490954
 21
-931.7269003518141
 31
0.0
  0
LINE
  5
CF8
330
2
100
AcDbEntity
  8
HALFEN-KONSOLANKER
100
AcDbLine
 10
6096.129223490954
 20
-934.2269003518142
 30
0.0
 11
6100.129223490954
 21
-934.2269003518142
 31
0.0
  0
POINT
  5
CF9
330
2
100
AcDbEntity
  8
HALFEN-KONSOLANKER
100
AcDbPoint
 10
6098.129223490954
 20
-899.2269003518142
 30
0.0
  0
POINT
  5
CFA
330
2
100
AcDbEntity
  8
HALFEN-KONSOLANKER
100
AcDbPoint
 10
6098.129223490954
 20
-899.2269003518142
 30
0.0
  0
ARC
  5
CFB
330
2
100
AcDbEntity
  8
HALFEN-KONSOLANKER
100
AcDbCircle
 10
6091.129223490955
 20
-921.2269003518141
 30
0.0
 40
5.5
100
AcDbArc
 50
90.0
 51
270.0
  0
LINE
  5
CFC
330
2
100
AcDbEntity
  8
HALFEN-KONSOLANKER
100
AcDbLine
 10
6091.129223490955
 20
-926.7269003518141
 30
0.0
 11
6105.129223490955
 21
-926.7269003518141
 31
0.0
  0
LINE
  5
CFD
330
2
100
AcDbEntity
  8
HALFEN-KONSOLANKER
100
AcDbLine
 10
6091.129223490955
 20
-915.7269003518141
 30
0.0
 11
6105.129223490955
 21
-915.7269003518141
 31
0.0
  0
ARC
  5
CFE
330
2
100
AcDbEntity
  8
HALFEN-KONSOLANKER
100
AcDbCircle
 10
6105.129223490955
 20
-921.2269003518141
 30
0.0
 40
5.5
100
AcDbArc
 50
270.0
 51
90.0
  0
LINE
  5
CFF
330
2
100
AcDbEntity
  8
HALFEN-KONSOLANKER
100
AcDbLine
 10
6346.129223490954
 20
-934.2269003518142
 30
0.0
 11
6346.129223490954
 21
-1103.226900351814
 31
0.0
  0
LINE
  5
D00
330
2
100
AcDbEntity
  8
HALFEN-KONSOLANKER
100
AcDbLine
 10
6350.129223490954
 20
-934.2269003518142
 30
0.0
 11
6350.129223490954
 21
-1103.226900351814
 31
0.0
  0
LINE
  5
D01
330
2
100
AcDbEntity
  8
HALFEN-KONSOLANKER
100
AcDbLine
 10
6723.129223490954
 20
-899.2269003518142
 30
0.0
 11
6723.129223490954
 21
-1109.226900351814
 31
0.0
  0
LINE
  5
D02
330
2
100
AcDbEntity
  8
HALFEN-KONSOLANKER
100
AcDbLine
 10
6350.129223490954
 20
-1135.226900351814
 30
0.0
 11
6350.129223490954
 21
-1284.226900351814
 31
0.0
  0
LINE
  5
D03
330
2
100
AcDbEntity
  8
HALFEN-KONSOLANKER
100
AcDbLine
 10
6346.129223490954
 20
-1135.226900351814
 30
0.0
 11
6346.129223490954
 21
-1284.226900351814
 31
0.0
  0
LINE
  5
D04
330
2
100
AcDbEntity
  8
HALFEN-KONSOLANKER
100
AcDbLine
 10
6350.129223490954
 20
-1284.226900351814
 30
0.0
 11
6346.129223490954
 21
-1284.226900351814
 31
0.0
  0
LINE
  5
D05
330
2
100
AcDbEntity
  8
HALFEN-KONSOLANKER
  6
VERDECKT
 62
     1
100
AcDbLine
 10
6335.629223490954
 20
-1135.226900351814
 30
0.0
 11
6335.629223490954
 21
-1129.226900351814
 31
0.0
  0
LINE
  5
D06
330
2
100
AcDbEntity
  8
HALFEN-KONSOLANKER
  6
MITTELLINIE
 62
     1
 48
10.0
100
AcDbLine
 10
6348.129223490954
 20
-1124.226900351814
 30
0.0
 11
6348.129223490954
 21
-1140.226900351814
 31
0.0
  0
LINE
  5
D07
330
2
100
AcDbEntity
  8
HALFEN-KONSOLANKER
  6
VERDECKT
 62
     1
100
AcDbLine
 10
6360.629223490954
 20
-1129.226900351814
 30
0.0
 11
6360.629223490954
 21
-1135.226900351814
 31
0.0
  0
LINE
  5
D08
330
2
100
AcDbEntity
  8
HALFEN-KONSOLANKER
100
AcDbLine
 10
6723.129223490954
 20
-1319.226900351814
 30
0.0
 11
6723.129223490954
 21
-1129.226900351814
 31
0.0
  0
LINE
  5
D09
330
2
100
AcDbEntity
  8
HALFEN-KONSOLANKER
  6
MITTELLINIE
 62
     1
 48
10.0
100
AcDbLine
 10
6330.629223490954
 20
-921.2269003518141
 30
0.0
 11
6365.629223490954
 21
-921.2269003518141
 31
0.0
1001
GENIUS_GENODEF_13
1002
{
1000
HIER
1070
     0
1002
}
1002
{
1000
MANEDIT
1070
     0
1002
}
1002
{
1000
NOSEL
1070
     0
1002
}
1002
{
1000
BEHIND
1070
     0
1002
}
1002
{
1000
REACTOR
1002
}
1001
GENIUS_GENOBJ-N-CEN_13
1002
{
1000
OWNER
1000
GEN
1002
}
  0
ARC
  5
D0A
330
2
100
AcDbEntity
  8
HALFEN-KONSOLANKER
100
AcDbCircle
 10
6355.129223490955
 20
-921.2269003518141
 30
0.0
 40
5.5
100
AcDbArc
 50
270.0
 51
90.0
  0
LINE
  5
D0B
330
2
100
AcDbEntity
  8
HALFEN-KONSOLANKER
100
AcDbLine
 10
6341.129223490955
 20
-915.7269003518141
 30
0.0
 11
6355.129223490955
 21
-915.7269003518141
 31
0.0
  0
LINE
  5
D0C
330
2
100
AcDbEntity
  8
HALFEN-KONSOLANKER
100
AcDbLine
 10
6341.129223490955
 20
-926.7269003518141
 30
0.0
 11
6355.129223490955
 21
-926.7269003518141
 31
0.0
  0
ARC
  5
D0D
330
2
100
AcDbEntity
  8
HALFEN-KONSOLANKER
100
AcDbCircle
 10
6341.129223490955
 20
-921.2269003518141
 30
0.0
 40
5.5
100
AcDbArc
 50
90.0
 51
270.0
  0
POINT
  5
D0E
330
2
100
AcDbEntity
  8
HALFEN-KONSOLANKER
100
AcDbPoint
 10
6348.129223490954
 20
-899.2269003518142
 30
0.0
  0
POINT
  5
D0F
330
2
100
AcDbEntity
  8
HALFEN-KONSOLANKER
100
AcDbPoint
 10
6348.129223490954
 20
-899.2269003518142
 30
0.0
  0
LINE
  5
D10
330
2
100
AcDbEntity
  8
HALFEN-KONSOLANKER
100
AcDbLine
 10
6346.129223490954
 20
-934.2269003518142
 30
0.0
 11
6350.129223490954
 21
-934.2269003518142
 31
0.0
  0
LINE
  5
D11
330
2
100
AcDbEntity
  8
HALFEN-KONSOLANKER
  6
MITTELLINIE
 62
     1
 48
10.0
100
AcDbLine
 10
6348.129223490954
 20
-910.726900351814
 30
0.0
 11
6348.129223490954
 21
-931.7269003518141
 31
0.0
  0
LINE
  5
D12
330
2
100
AcDbEntity
  8
HALFEN-KONSOLANKER
100
AcDbLine
 10
6783.129223490954
 20
-1679.226900351814
 30
0.0
 11
5783.129223490954
 21
-1679.226900351814
 31
0.0
  0
LINE
  5
D13
330
2
100
AcDbEntity
  8
HALFEN-KONSOLANKER
100
AcDbLine
 10
5783.129223490954
 20
-1659.226900351814
 30
0.0
 11
6783.129223490954
 21
-1659.226900351814
 31
0.0
  0
LINE
  5
D14
330
2
100
AcDbEntity
  8
HALFEN-KONSOLANKER
100
AcDbLine
 10
5783.129223490954
 20
-1653.226900351814
 30
0.0
 11
6783.129223490954
 21
-1653.226900351814
 31
0.0
  0
LINE
  5
D15
330
2
100
AcDbEntity
  8
HALFEN-KONSOLANKER
100
AcDbLine
 10
6783.129223490954
 20
-1685.226900351814
 30
0.0
 11
5783.129223490954
 21
-1685.226900351814
 31
0.0
  0
LINE
  5
D16
330
2
100
AcDbEntity
  8
HALFEN-KONSOLANKER
100
AcDbLine
 10
5783.129223490954
 20
-1429.226900351814
 30
0.0
 11
6783.129223490954
 21
-1429.226900351814
 31
0.0
  0
LINE
  5
D17
330
2
100
AcDbEntity
  8
HALFEN-KONSOLANKER
100
AcDbLine
 10
6783.129223490954
 20
-1909.226900351814
 30
0.0
 11
5783.129223490954
 21
-1909.226900351814
 31
0.0
  0
LINE
  5
D18
330
2
100
AcDbEntity
  8
HALFEN-KONSOLANKER
100
AcDbLine
 10
5783.129223490954
 20
-1909.226900351814
 30
0.0
 11
5783.129223490954
 21
-1679.226900351814
 31
0.0
  0
TEXT
  5
D19
330
2
100
AcDbEntity
  8
HALFEN-KONSOLANKER
100
AcDbText
 10
5588.129223490954
 20
-1396.726900351814
 30
0.0
 40
5.0
  1
Halfen Konsolwinkel KWL - 3,2 - 230 - 1000
  7
ARIAL50
100
AcDbText
  0
LINE
  5
D1A
330
2
100
AcDbEntity
  8
HALFEN-KONSOLANKER
100
AcDbLine
 10
5533.129223490954
 20
-1417.226900351814
 30
0.0
 11
5733.129223490954
 21
-1417.226900351814
 31
0.0
  0
LINE
  5
D1B
330
2
100
AcDbEntity
  8
HALFEN-KONSOLANKER
100
AcDbLine
 10
5533.129223490954
 20
-1407.226900351814
 30
0.0
 11
5733.129223490954
 21
-1407.226900351814
 31
0.0
  0
LINE
  5
D1C
330
2
100
AcDbEntity
  8
HALFEN-KONSOLANKER
100
AcDbLine
 10
5533.129223490954
 20
-1389.226900351814
 30
0.0
 11
5733.129223490954
 21
-1389.226900351814
 31
0.0
  0
LINE
  5
D1D
330
2
100
AcDbEntity
  8
HALFEN-KONSOLANKER
100
AcDbLine
 10
5751.129223490955
 20
-1653.226900351814
 30
0.0
 11
5533.129223490954
 21
-1653.226900351814
 31
0.0
  0
LINE
  5
D1E
330
2
100
AcDbEntity
  8
HALFEN-KONSOLANKER
100
AcDbLine
 10
5751.129223490955
 20
-1659.226900351814
 30
0.0
 11
5533.129223490954
 21
-1659.226900351814
 31
0.0
  0
LINE
  5
D1F
330
2
100
AcDbEntity
  8
HALFEN-KONSOLANKER
100
AcDbLine
 10
5757.129223490954
 20
-1506.653307223007
 30
0.0
 11
5610.555630362147
 21
-1653.226900351814
 31
0.0
  0
LINE
  5
D20
330
2
100
AcDbEntity
  8
HALFEN-KONSOLANKER
100
AcDbLine
 10
5757.129223490954
 20
-1464.226900351814
 30
0.0
 11
5568.129223490954
 21
-1653.226900351814
 31
0.0
  0
LINE
  5
D21
330
2
100
AcDbEntity
  8
HALFEN-KONSOLANKER
100
AcDbLine
 10
5533.129223490954
 20
-1653.226900351814
 30
0.0
 11
5533.129223490954
 21
-1659.226900351814
 31
0.0
  0
TEXT
  5
D22
330
2
100
AcDbEntity
  8
HALFEN-KONSOLANKER
100
AcDbText
 10
5538.129223490955
 20
-1396.726900351814
 30
0.0
 40
5.0
  1
Benennung
  7
ARIAL50
100
AcDbText
  0
TEXT
  5
D23
330
2
100
AcDbEntity
  8
HALFEN-KONSOLANKER
100
AcDbText
 10
5538.129223490955
 20
-1414.726900351814
 30
0.0
 40
5.0
  1
Id. Nr.
  7
ARIAL50
100
AcDbText
  0
TEXT
  5
D24
330
2
100
AcDbEntity
  8
HALFEN-KONSOLANKER
100
AcDbText
 10
5533.129223490954
 20
-1386.726900351814
 30
0.0
 40
5.0
  1
A4
  7
ARIAL50
100
AcDbText
  0
LINE
  5
D25
330
2
100
AcDbEntity
  8
HALFEN-KONSOLANKER
100
AcDbLine
 10
5533.129223490954
 20
-1417.226900351814
 30
0.0
 11
5533.129223490954
 21
-1389.226900351814
 31
0.0
  0
TEXT
  5
D26
330
2
100
AcDbEntity
  8
HALFEN-KONSOLANKER
100
AcDbText
 10
5588.129223490954
 20
-1414.726900351814
 30
0.0
 40
5.0
  1
0112.010-00039
  7
ARIAL50
100
AcDbText
  0
LINE
  5
D27
330
2
100
AcDbEntity
  8
HALFEN-KONSOLANKER
100
AcDbLine
 10
5583.129223490954
 20
-1417.226900351814
 30
0.0
 11
5583.129223490954
 21
-1389.226900351814
 31
0.0
  0
LINE
  5
D28
330
2
100
AcDbEntity
  8
HALFEN-KONSOLANKER
100
AcDbLine
 10
5910.129223490955
 20
-1464.226900351814
 30
0.0
 11
5910.129223490955
 21
-1653.226900351814
 31
0.0
  0
LINE
  5
D29
330
2
100
AcDbEntity
  8
HALFEN-KONSOLANKER
100
AcDbLine
 10
5906.129223490954
 20
-1464.226900351814
 30
0.0
 11
5906.129223490954
 21
-1653.226900351814
 31
0.0
  0
LINE
  5
D2A
330
2
100
AcDbEntity
  8
HALFEN-KONSOLANKER
100
AcDbLine
 10
5763.129223490954
 20
-1429.226900351814
 30
0.0
 11
5763.129223490954
 21
-1647.226900351814
 31
0.0
  0
LINE
  5
D2B
330
2
100
AcDbEntity
  8
HALFEN-KONSOLANKER
100
AcDbLine
 10
5757.129223490954
 20
-1429.226900351814
 30
0.0
 11
5757.129223490954
 21
-1647.226900351814
 31
0.0
  0
LINE
  5
D2C
330
2
100
AcDbEntity
  8
HALFEN-KONSOLANKER
100
AcDbLine
 10
5783.129223490954
 20
-1429.226900351814
 30
0.0
 11
5783.129223490954
 21
-1659.226900351814
 31
0.0
  0
ARC
  5
D2D
330
2
100
AcDbEntity
  8
HALFEN-KONSOLANKER
100
AcDbCircle
 10
5751.129223490955
 20
-1647.226900351814
 30
0.0
 40
12.0
100
AcDbArc
 50
270.0
 51
0.0
1001
GENIUS_GENODEF_13
1002
{
1000
HIER
1070
     0
1002
}
1002
{
1000
MANEDIT
1070
     0
1002
}
1002
{
1000
NOSEL
1070
     0
1002
}
1002
{
1000
BEHIND
1070
     0
1002
}
1002
{
1000
REACTOR
1002
}
1001
GENIUS_GENOBJ-N-FIL_13
1002
{
1000
OWNER
1000
GEN
1002
}
  0
ARC
  5
D2E
330
2
100
AcDbEntity
  8
HALFEN-KONSOLANKER
100
AcDbCircle
 10
5751.129223490955
 20
-1647.226900351814
 30
0.0
 40
6.0
100
AcDbArc
 50
270.0
 51
0.0
1001
GENIUS_GENODEF_13
1002
{
1000
HIER
1070
     0
1002
}
1002
{
1000
MANEDIT
1070
     0
1002
}
1002
{
1000
NOSEL
1070
     0
1002
}
1002
{
1000
BEHIND
1070
     0
1002
}
1002
{
1000
REACTOR
1002
}
1001
GENIUS_GENOBJ-N-FIL_13
1002
{
1000
OWNER
1000
GEN
1002
}
  0
LINE
  5
D2F
330
2
100
AcDbEntity
  8
HALFEN-KONSOLANKER
100
AcDbLine
 10
5906.129223490954
 20
-1685.226900351814
 30
0.0
 11
5906.129223490954
 21
-1874.226900351814
 31
0.0
  0
LINE
  5
D30
330
2
100
AcDbEntity
  8
HALFEN-KONSOLANKER
100
AcDbLine
 10
5910.129223490955
 20
-1685.226900351814
 30
0.0
 11
5910.129223490955
 21
-1874.226900351814
 31
0.0
  0
LINE
  5
D31
330
2
100
AcDbEntity
  8
HALFEN-KONSOLANKER
100
AcDbLine
 10
5910.129223490955
 20
-1874.226900351814
 30
0.0
 11
5906.129223490954
 21
-1874.226900351814
 31
0.0
  0
LINE
  5
D32
330
2
100
AcDbEntity
  8
HALFEN-KONSOLANKER
  6
MITTELLINIE
 62
     1
 48
10.0
100
AcDbLine
 10
5908.129223490954
 20
-1674.226900351814
 30
0.0
 11
5908.129223490954
 21
-1690.226900351814
 31
0.0
  0
LINE
  5
D33
330
2
100
AcDbEntity
  8
HALFEN-KONSOLANKER
  6
VERDECKT
 62
     1
100
AcDbLine
 10
5895.629223490954
 20
-1685.226900351814
 30
0.0
 11
5895.629223490954
 21
-1679.226900351814
 31
0.0
  0
LINE
  5
D34
330
2
100
AcDbEntity
  8
HALFEN-KONSOLANKER
  6
VERDECKT
 62
     1
100
AcDbLine
 10
5920.629223490954
 20
-1679.226900351814
 30
0.0
 11
5920.629223490954
 21
-1685.226900351814
 31
0.0
  0
LINE
  5
D35
330
2
100
AcDbEntity
  8
HALFEN-KONSOLANKER
  6
VERDECKT
 62
     1
100
AcDbLine
 10
5757.129223490954
 20
-1456.726900351814
 30
0.0
 11
5763.129223490954
 21
-1456.726900351814
 31
0.0
  0
LINE
  5
D36
330
2
100
AcDbEntity
  8
HALFEN-KONSOLANKER
  6
VERDECKT
 62
     1
100
AcDbLine
 10
5757.129223490954
 20
-1445.726900351814
 30
0.0
 11
5763.129223490954
 21
-1445.726900351814
 31
0.0
  0
LINE
  5
D37
330
2
100
AcDbEntity
  8
HALFEN-KONSOLANKER
100
AcDbLine
 10
5757.129223490954
 20
-1429.226900351814
 30
0.0
 11
5763.129223490954
 21
-1429.226900351814
 31
0.0
  0
LINE
  5
D38
330
2
100
AcDbEntity
  8
HALFEN-KONSOLANKER
  6
MITTELLINIE
 62
     1
 48
10.0
100
AcDbLine
 10
5752.129223490954
 20
-1451.226900351814
 30
0.0
 11
5768.129223490954
 21
-1451.226900351814
 31
0.0
1001
GENIUS_GENODEF_13
1002
{
1000
HIER
1070
     0
1002
}
1002
{
1000
MANEDIT
1070
     0
1002
}
1002
{
1000
NOSEL
1070
     0
1002
}
1002
{
1000
BEHIND
1070
     0
1002
}
1002
{
1000
REACTOR
1002
}
1001
GENIUS_GENOBJ-N-CEN_13
1002
{
1000
OWNER
1000
GEN
1002
}
  0
LINE
  5
D39
330
2
100
AcDbEntity
  8
HALFEN-KONSOLANKER
100
AcDbLine
 10
5733.129223490954
 20
-1417.226900351814
 30
0.0
 11
5733.129223490954
 21
-1389.226900351814
 31
0.0
  0
ARC
  5
D3A
330
2
100
AcDbEntity
  8
HALFEN-KONSOLANKER
100
AcDbCircle
 10
5915.129223490954
 20
-1451.226900351814
 30
0.0
 40
5.5
100
AcDbArc
 50
270.0
 51
90.0
  0
LINE
  5
D3B
330
2
100
AcDbEntity
  8
HALFEN-KONSOLANKER
  6
MITTELLINIE
 62
     1
 48
10.0
100
AcDbLine
 10
5890.629223490954
 20
-1451.226900351814
 30
0.0
 11
5925.629223490954
 21
-1451.226900351814
 31
0.0
1001
GENIUS_GENODEF_13
1002
{
1000
HIER
1070
     0
1002
}
1002
{
1000
MANEDIT
1070
     0
1002
}
1002
{
1000
NOSEL
1070
     0
1002
}
1002
{
1000
BEHIND
1070
     0
1002
}
1002
{
1000
REACTOR
1002
}
1001
GENIUS_GENOBJ-N-CEN_13
1002
{
1000
OWNER
1000
GEN
1002
}
  0
ARC
  5
D3C
330
2
100
AcDbEntity
  8
HALFEN-KONSOLANKER
100
AcDbCircle
 10
5901.129223490954
 20
-1451.226900351814
 30
0.0
 40
5.5
100
AcDbArc
 50
90.0
 51
270.0
  0
LINE
  5
D3D
330
2
100
AcDbEntity
  8
HALFEN-KONSOLANKER
  6
MITTELLINIE
 62
     1
 48
10.0
100
AcDbLine
 10
5908.129223490954
 20
-1440.726900351814
 30
0.0
 11
5908.129223490954
 21
-1461.726900351814
 31
0.0
  0
POINT
  5
D3E
330
2
100
AcDbEntity
  8
HALFEN-KONSOLANKER
100
AcDbPoint
 10
5908.129223490954
 20
-1429.226900351814
 30
0.0
  0
POINT
  5
D3F
330
2
100
AcDbEntity
  8
HALFEN-KONSOLANKER
100
AcDbPoint
 10
5908.129223490954
 20
-1429.226900351814
 30
0.0
  0
LINE
  5
D40
330
2
100
AcDbEntity
  8
HALFEN-KONSOLANKER
100
AcDbLine
 10
5906.129223490954
 20
-1464.226900351814
 30
0.0
 11
5910.129223490955
 21
-1464.226900351814
 31
0.0
  0
LINE
  5
D41
330
2
100
AcDbEntity
  8
HALFEN-KONSOLANKER
100
AcDbLine
 10
5901.129223490954
 20
-1456.726900351814
 30
0.0
 11
5915.129223490954
 21
-1456.726900351814
 31
0.0
  0
LINE
  5
D42
330
2
100
AcDbEntity
  8
HALFEN-KONSOLANKER
100
AcDbLine
 10
5901.129223490954
 20
-1445.726900351814
 30
0.0
 11
5915.129223490954
 21
-1445.726900351814
 31
0.0
  0
LINE
  5
D43
330
2
100
AcDbEntity
  8
HALFEN-KONSOLANKER
100
AcDbLine
 10
6156.129223490954
 20
-1464.226900351814
 30
0.0
 11
6156.129223490954
 21
-1653.226900351814
 31
0.0
  0
LINE
  5
D44
330
2
100
AcDbEntity
  8
HALFEN-KONSOLANKER
100
AcDbLine
 10
6160.129223490955
 20
-1464.226900351814
 30
0.0
 11
6160.129223490955
 21
-1653.226900351814
 31
0.0
  0
LINE
  5
D45
330
2
100
AcDbEntity
  8
HALFEN-KONSOLANKER
100
AcDbLine
 10
6160.129223490955
 20
-1685.226900351814
 30
0.0
 11
6160.129223490955
 21
-1874.226900351814
 31
0.0
  0
LINE
  5
D46
330
2
100
AcDbEntity
  8
HALFEN-KONSOLANKER
100
AcDbLine
 10
6156.129223490954
 20
-1685.226900351814
 30
0.0
 11
6156.129223490954
 21
-1874.226900351814
 31
0.0
  0
LINE
  5
D47
330
2
100
AcDbEntity
  8
HALFEN-KONSOLANKER
100
AcDbLine
 10
6160.129223490955
 20
-1874.226900351814
 30
0.0
 11
6156.129223490954
 21
-1874.226900351814
 31
0.0
  0
LINE
  5
D48
330
2
100
AcDbEntity
  8
HALFEN-KONSOLANKER
  6
MITTELLINIE
 62
     1
 48
10.0
100
AcDbLine
 10
6158.129223490955
 20
-1674.226900351814
 30
0.0
 11
6158.129223490955
 21
-1690.226900351814
 31
0.0
  0
LINE
  5
D49
330
2
100
AcDbEntity
  8
HALFEN-KONSOLANKER
  6
VERDECKT
 62
     1
100
AcDbLine
 10
6145.629223490955
 20
-1685.226900351814
 30
0.0
 11
6145.629223490955
 21
-1679.226900351814
 31
0.0
  0
LINE
  5
D4A
330
2
100
AcDbEntity
  8
HALFEN-KONSOLANKER
  6
VERDECKT
 62
     1
100
AcDbLine
 10
6170.629223490955
 20
-1679.226900351814
 30
0.0
 11
6170.629223490955
 21
-1685.226900351814
 31
0.0
  0
ARC
  5
D4B
330
2
100
AcDbEntity
  8
HALFEN-KONSOLANKER
100
AcDbCircle
 10
6165.129223490954
 20
-1451.226900351814
 30
0.0
 40
5.5
100
AcDbArc
 50
270.0
 51
90.0
  0
LINE
  5
D4C
330
2
100
AcDbEntity
  8
HALFEN-KONSOLANKER
  6
MITTELLINIE
 62
     1
 48
10.0
100
AcDbLine
 10
6140.629223490954
 20
-1451.226900351814
 30
0.0
 11
6175.629223490954
 21
-1451.226900351814
 31
0.0
1001
GENIUS_GENODEF_13
1002
{
1000
HIER
1070
     0
1002
}
1002
{
1000
MANEDIT
1070
     0
1002
}
1002
{
1000
NOSEL
1070
     0
1002
}
1002
{
1000
BEHIND
1070
     0
1002
}
1002
{
1000
REACTOR
1002
}
1001
GENIUS_GENOBJ-N-CEN_13
1002
{
1000
OWNER
1000
GEN
1002
}
  0
ARC
  5
D4D
330
2
100
AcDbEntity
  8
HALFEN-KONSOLANKER
100
AcDbCircle
 10
6151.129223490954
 20
-1451.226900351814
 30
0.0
 40
5.5
100
AcDbArc
 50
90.0
 51
270.0
  0
LINE
  5
D4E
330
2
100
AcDbEntity
  8
HALFEN-KONSOLANKER
  6
MITTELLINIE
 62
     1
 48
10.0
100
AcDbLine
 10
6158.129223490955
 20
-1440.726900351814
 30
0.0
 11
6158.129223490955
 21
-1461.726900351814
 31
0.0
  0
LINE
  5
D4F
330
2
100
AcDbEntity
  8
HALFEN-KONSOLANKER
100
AcDbLine
 10
6156.129223490954
 20
-1464.226900351814
 30
0.0
 11
6160.129223490955
 21
-1464.226900351814
 31
0.0
  0
POINT
  5
D50
330
2
100
AcDbEntity
  8
HALFEN-KONSOLANKER
100
AcDbPoint
 10
6158.129223490955
 20
-1429.226900351814
 30
0.0
  0
POINT
  5
D51
330
2
100
AcDbEntity
  8
HALFEN-KONSOLANKER
100
AcDbPoint
 10
6158.129223490955
 20
-1429.226900351814
 30
0.0
  0
LINE
  5
D52
330
2
100
AcDbEntity
  8
HALFEN-KONSOLANKER
100
AcDbLine
 10
6151.129223490954
 20
-1456.726900351814
 30
0.0
 11
6165.129223490954
 21
-1456.726900351814
 31
0.0
  0
LINE
  5
D53
330
2
100
AcDbEntity
  8
HALFEN-KONSOLANKER
100
AcDbLine
 10
6151.129223490954
 20
-1445.726900351814
 30
0.0
 11
6165.129223490954
 21
-1445.726900351814
 31
0.0
  0
LINE
  5
D54
330
2
100
AcDbEntity
  8
HALFEN-KONSOLANKER
100
AcDbLine
 10
6783.129223490954
 20
-1909.226900351814
 30
0.0
 11
6783.129223490954
 21
-1679.226900351814
 31
0.0
  0
LINE
  5
D55
330
2
100
AcDbEntity
  8
HALFEN-KONSOLANKER
100
AcDbLine
 10
6410.129223490955
 20
-1464.226900351814
 30
0.0
 11
6410.129223490955
 21
-1653.226900351814
 31
0.0
  0
LINE
  5
D56
330
2
100
AcDbEntity
  8
HALFEN-KONSOLANKER
100
AcDbLine
 10
6406.129223490954
 20
-1464.226900351814
 30
0.0
 11
6406.129223490954
 21
-1653.226900351814
 31
0.0
  0
LINE
  5
D57
330
2
100
AcDbEntity
  8
HALFEN-KONSOLANKER
100
AcDbLine
 10
6783.129223490954
 20
-1429.226900351814
 30
0.0
 11
6783.129223490954
 21
-1659.226900351814
 31
0.0
  0
LINE
  5
D58
330
2
100
AcDbEntity
  8
HALFEN-KONSOLANKER
100
AcDbLine
 10
6406.129223490954
 20
-1685.226900351814
 30
0.0
 11
6406.129223490954
 21
-1874.226900351814
 31
0.0
  0
LINE
  5
D59
330
2
100
AcDbEntity
  8
HALFEN-KONSOLANKER
100
AcDbLine
 10
6410.129223490955
 20
-1685.226900351814
 30
0.0
 11
6410.129223490955
 21
-1874.226900351814
 31
0.0
  0
LINE
  5
D5A
330
2
100
AcDbEntity
  8
HALFEN-KONSOLANKER
100
AcDbLine
 10
6410.129223490955
 20
-1874.226900351814
 30
0.0
 11
6406.129223490954
 21
-1874.226900351814
 31
0.0
  0
LINE
  5
D5B
330
2
100
AcDbEntity
  8
HALFEN-KONSOLANKER
  6
MITTELLINIE
 62
     1
 48
10.0
100
AcDbLine
 10
6408.129223490954
 20
-1674.226900351814
 30
0.0
 11
6408.129223490954
 21
-1690.226900351814
 31
0.0
  0
LINE
  5
D5C
330
2
100
AcDbEntity
  8
HALFEN-KONSOLANKER
  6
VERDECKT
 62
     1
100
AcDbLine
 10
6395.629223490955
 20
-1685.226900351814
 30
0.0
 11
6395.629223490955
 21
-1679.226900351814
 31
0.0
  0
LINE
  5
D5D
330
2
100
AcDbEntity
  8
HALFEN-KONSOLANKER
  6
VERDECKT
 62
     1
100
AcDbLine
 10
6420.629223490954
 20
-1679.226900351814
 30
0.0
 11
6420.629223490954
 21
-1685.226900351814
 31
0.0
  0
LINE
  5
D5E
330
2
100
AcDbEntity
  8
HALFEN-KONSOLANKER
  6
MITTELLINIE
 62
     1
 48
10.0
100
AcDbLine
 10
6390.629223490954
 20
-1451.226900351814
 30
0.0
 11
6425.629223490954
 21
-1451.226900351814
 31
0.0
1001
GENIUS_GENODEF_13
1002
{
1000
HIER
1070
     0
1002
}
1002
{
1000
MANEDIT
1070
     0
1002
}
1002
{
1000
NOSEL
1070
     0
1002
}
1002
{
1000
BEHIND
1070
     0
1002
}
1002
{
1000
REACTOR
1002
}
1001
GENIUS_GENOBJ-N-CEN_13
1002
{
1000
OWNER
1000
GEN
1002
}
  0
LINE
  5
D5F
330
2
100
AcDbEntity
  8
HALFEN-KONSOLANKER
100
AcDbLine
 10
6401.129223490954
 20
-1445.726900351814
 30
0.0
 11
6415.129223490954
 21
-1445.726900351814
 31
0.0
  0
LINE
  5
D60
330
2
100
AcDbEntity
  8
HALFEN-KONSOLANKER
100
AcDbLine
 10
6401.129223490954
 20
-1456.726900351814
 30
0.0
 11
6415.129223490954
 21
-1456.726900351814
 31
0.0
  0
POINT
  5
D61
330
2
100
AcDbEntity
  8
HALFEN-KONSOLANKER
100
AcDbPoint
 10
6408.129223490954
 20
-1429.226900351814
 30
0.0
  0
POINT
  5
D62
330
2
100
AcDbEntity
  8
HALFEN-KONSOLANKER
100
AcDbPoint
 10
6408.129223490954
 20
-1429.226900351814
 30
0.0
  0
LINE
  5
D63
330
2
100
AcDbEntity
  8
HALFEN-KONSOLANKER
100
AcDbLine
 10
6406.129223490954
 20
-1464.226900351814
 30
0.0
 11
6410.129223490955
 21
-1464.226900351814
 31
0.0
  0
LINE
  5
D64
330
2
100
AcDbEntity
  8
HALFEN-KONSOLANKER
  6
MITTELLINIE
 62
     1
 48
10.0
100
AcDbLine
 10
6408.129223490954
 20
-1440.726900351814
 30
0.0
 11
6408.129223490954
 21
-1461.726900351814
 31
0.0
  0
ARC
  5
D65
330
2
100
AcDbEntity
  8
HALFEN-KONSOLANKER
100
AcDbCircle
 10
6401.129223490954
 20
-1451.226900351814
 30
0.0
 40
5.5
100
AcDbArc
 50
90.0
 51
270.0
  0
ARC
  5
D66
330
2
100
AcDbEntity
  8
HALFEN-KONSOLANKER
100
AcDbCircle
 10
6415.129223490954
 20
-1451.226900351814
 30
0.0
 40
5.5
100
AcDbArc
 50
270.0
 51
90.0
  0
LINE
  5
D67
330
2
100
AcDbEntity
  8
HALFEN-KONSOLANKER
100
AcDbLine
 10
6843.129223490954
 20
-2519.226900351815
 30
0.0
 11
5843.129223490954
 21
-2519.226900351815
 31
0.0
  0
LINE
  5
D68
330
2
100
AcDbEntity
  8
HALFEN-KONSOLANKER
100
AcDbLine
 10
6843.129223490954
 20
-2275.226900351814
 30
0.0
 11
5843.129223490954
 21
-2275.226900351814
 31
0.0
  0
LINE
  5
D69
330
2
100
AcDbEntity
  8
HALFEN-KONSOLANKER
100
AcDbLine
 10
5843.129223490954
 20
-2243.226900351814
 30
0.0
 11
6843.129223490954
 21
-2243.226900351814
 31
0.0
  0
LINE
  5
D6A
330
2
100
AcDbEntity
  8
HALFEN-KONSOLANKER
100
AcDbLine
 10
5843.129223490954
 20
-2249.226900351815
 30
0.0
 11
6843.129223490954
 21
-2249.226900351815
 31
0.0
  0
LINE
  5
D6B
330
2
100
AcDbEntity
  8
HALFEN-KONSOLANKER
100
AcDbLine
 10
6843.129223490954
 20
-2269.226900351815
 30
0.0
 11
5843.129223490954
 21
-2269.226900351815
 31
0.0
  0
LINE
  5
D6C
330
2
100
AcDbEntity
  8
HALFEN-KONSOLANKER
100
AcDbLine
 10
5843.129223490954
 20
-1999.226900351814
 30
0.0
 11
6843.129223490954
 21
-1999.226900351814
 31
0.0
  0
TEXT
  5
D6D
330
2
100
AcDbEntity
  8
HALFEN-KONSOLANKER
100
AcDbText
 10
5628.129223490955
 20
-1966.726900351815
 30
0.0
 40
5.0
  1
Halfen Konsolwinkel KWL - 3,2 - 250 - 1000
  7
ARIAL50
100
AcDbText
  0
LINE
  5
D6E
330
2
100
AcDbEntity
  8
HALFEN-KONSOLANKER
100
AcDbLine
 10
5573.129223490955
 20
-1959.226900351814
 30
0.0
 11
5773.129223490954
 21
-1959.226900351814
 31
0.0
  0
LINE
  5
D6F
330
2
100
AcDbEntity
  8
HALFEN-KONSOLANKER
100
AcDbLine
 10
5573.129223490955
 20
-1977.226900351814
 30
0.0
 11
5773.129223490954
 21
-1977.226900351814
 31
0.0
  0
LINE
  5
D70
330
2
100
AcDbEntity
  8
HALFEN-KONSOLANKER
100
AcDbLine
 10
5573.129223490955
 20
-1987.226900351814
 30
0.0
 11
5773.129223490954
 21
-1987.226900351814
 31
0.0
  0
LINE
  5
D71
330
2
100
AcDbEntity
  8
HALFEN-KONSOLANKER
100
AcDbLine
 10
5817.129223490955
 20
-2034.226900351815
 30
0.0
 11
5608.129223490954
 21
-2243.226900351814
 31
0.0
  0
LINE
  5
D72
330
2
100
AcDbEntity
  8
HALFEN-KONSOLANKER
100
AcDbLine
 10
5817.129223490955
 20
-2076.653307223008
 30
0.0
 11
5650.555630362147
 21
-2243.226900351814
 31
0.0
  0
LINE
  5
D73
330
2
100
AcDbEntity
  8
HALFEN-KONSOLANKER
100
AcDbLine
 10
5811.129223490954
 20
-2249.226900351815
 30
0.0
 11
5573.129223490955
 21
-2249.226900351815
 31
0.0
  0
LINE
  5
D74
330
2
100
AcDbEntity
  8
HALFEN-KONSOLANKER
100
AcDbLine
 10
5811.129223490954
 20
-2243.226900351814
 30
0.0
 11
5573.129223490955
 21
-2243.226900351814
 31
0.0
  0
LINE
  5
D75
330
2
100
AcDbEntity
  8
HALFEN-KONSOLANKER
100
AcDbLine
 10
5573.129223490955
 20
-2243.226900351814
 30
0.0
 11
5573.129223490955
 21
-2249.226900351815
 31
0.0
  0
TEXT
  5
D76
330
2
100
AcDbEntity
  8
HALFEN-KONSOLANKER
100
AcDbText
 10
5578.129223490954
 20
-1966.726900351815
 30
0.0
 40
5.0
  1
Benennung
  7
ARIAL50
100
AcDbText
  0
TEXT
  5
D77
330
2
100
AcDbEntity
  8
HALFEN-KONSOLANKER
100
AcDbText
 10
5578.129223490954
 20
-1984.726900351814
 30
0.0
 40
5.0
  1
Id. Nr.
  7
ARIAL50
100
AcDbText
  0
LINE
  5
D78
330
2
100
AcDbEntity
  8
HALFEN-KONSOLANKER
100
AcDbLine
 10
5573.129223490955
 20
-1987.226900351814
 30
0.0
 11
5573.129223490955
 21
-1959.226900351814
 31
0.0
  0
TEXT
  5
D79
330
2
100
AcDbEntity
  8
HALFEN-KONSOLANKER
100
AcDbText
 10
5573.129223490955
 20
-1956.726900351814
 30
0.0
 40
5.0
  1
A4
  7
ARIAL50
100
AcDbText
  0
TEXT
  5
D7A
330
2
100
AcDbEntity
  8
HALFEN-KONSOLANKER
100
AcDbText
 10
5628.129223490955
 20
-1984.726900351814
 30
0.0
 40
5.0
  1
0112.010-00042
  7
ARIAL50
100
AcDbText
  0
LINE
  5
D7B
330
2
100
AcDbEntity
  8
HALFEN-KONSOLANKER
100
AcDbLine
 10
5623.129223490955
 20
-1987.226900351814
 30
0.0
 11
5623.129223490955
 21
-1959.226900351814
 31
0.0
  0
LINE
  5
D7C
330
2
100
AcDbEntity
  8
HALFEN-KONSOLANKER
100
AcDbLine
 10
6220.129223490954
 20
-2275.226900351814
 30
0.0
 11
6220.129223490954
 21
-2484.226900351814
 31
0.0
  0
LINE
  5
D7D
330
2
100
AcDbEntity
  8
HALFEN-KONSOLANKER
100
AcDbLine
 10
6216.129223490955
 20
-2275.226900351814
 30
0.0
 11
6216.129223490955
 21
-2484.226900351814
 31
0.0
  0
LINE
  5
D7E
330
2
100
AcDbEntity
  8
HALFEN-KONSOLANKER
100
AcDbLine
 10
5843.129223490954
 20
-2519.226900351815
 30
0.0
 11
5843.129223490954
 21
-2269.226900351815
 31
0.0
  0
LINE
  5
D7F
330
2
100
AcDbEntity
  8
HALFEN-KONSOLANKER
100
AcDbLine
 10
5966.129223490955
 20
-2275.226900351814
 30
0.0
 11
5966.129223490955
 21
-2484.226900351814
 31
0.0
  0
LINE
  5
D80
330
2
100
AcDbEntity
  8
HALFEN-KONSOLANKER
100
AcDbLine
 10
5970.129223490954
 20
-2275.226900351814
 30
0.0
 11
5970.129223490954
 21
-2484.226900351814
 31
0.0
  0
LINE
  5
D81
330
2
100
AcDbEntity
  8
HALFEN-KONSOLANKER
100
AcDbLine
 10
5970.129223490954
 20
-2484.226900351814
 30
0.0
 11
5966.129223490955
 21
-2484.226900351814
 31
0.0
  0
LINE
  5
D82
330
2
100
AcDbEntity
  8
HALFEN-KONSOLANKER
100
AcDbLine
 10
6220.129223490954
 20
-2484.226900351814
 30
0.0
 11
6216.129223490955
 21
-2484.226900351814
 31
0.0
  0
LINE
  5
D83
330
2
100
AcDbEntity
  8
HALFEN-KONSOLANKER
100
AcDbLine
 10
5843.129223490954
 20
-1999.226900351814
 30
0.0
 11
5843.129223490954
 21
-2249.226900351815
 31
0.0
  0
LINE
  5
D84
330
2
100
AcDbEntity
  8
HALFEN-KONSOLANKER
100
AcDbLine
 10
5817.129223490955
 20
-1999.226900351814
 30
0.0
 11
5817.129223490955
 21
-2237.226900351815
 31
0.0
  0
LINE
  5
D85
330
2
100
AcDbEntity
  8
HALFEN-KONSOLANKER
100
AcDbLine
 10
5823.129223490955
 20
-1999.226900351814
 30
0.0
 11
5823.129223490955
 21
-2237.226900351815
 31
0.0
  0
LINE
  5
D86
330
2
100
AcDbEntity
  8
HALFEN-KONSOLANKER
100
AcDbLine
 10
5966.129223490955
 20
-2034.226900351814
 30
0.0
 11
5966.129223490955
 21
-2243.226900351814
 31
0.0
  0
LINE
  5
D87
330
2
100
AcDbEntity
  8
HALFEN-KONSOLANKER
100
AcDbLine
 10
5970.129223490954
 20
-2034.226900351814
 30
0.0
 11
5970.129223490954
 21
-2243.226900351814
 31
0.0
  0
ARC
  5
D88
330
2
100
AcDbEntity
  8
HALFEN-KONSOLANKER
100
AcDbCircle
 10
5811.129223490954
 20
-2237.226900351815
 30
0.0
 40
6.0
100
AcDbArc
 50
270.0
 51
0.0
1001
GENIUS_GENODEF_13
1002
{
1000
HIER
1070
     0
1002
}
1002
{
1000
MANEDIT
1070
     0
1002
}
1002
{
1000
NOSEL
1070
     0
1002
}
1002
{
1000
BEHIND
1070
     0
1002
}
1002
{
1000
REACTOR
1002
}
1001
GENIUS_GENOBJ-N-FIL_13
1002
{
1000
OWNER
1000
GEN
1002
}
  0
ARC
  5
D89
330
2
100
AcDbEntity
  8
HALFEN-KONSOLANKER
100
AcDbCircle
 10
5811.129223490954
 20
-2237.226900351815
 30
0.0
 40
12.0
100
AcDbArc
 50
270.0
 51
0.0
1001
GENIUS_GENODEF_13
1002
{
1000
HIER
1070
     0
1002
}
1002
{
1000
MANEDIT
1070
     0
1002
}
1002
{
1000
NOSEL
1070
     0
1002
}
1002
{
1000
BEHIND
1070
     0
1002
}
1002
{
1000
REACTOR
1002
}
1001
GENIUS_GENOBJ-N-FIL_13
1002
{
1000
OWNER
1000
GEN
1002
}
  0
LINE
  5
D8A
330
2
100
AcDbEntity
  8
HALFEN-KONSOLANKER
  6
MITTELLINIE
 62
     1
 48
10.0
100
AcDbLine
 10
5968.129223490954
 20
-2264.226900351815
 30
0.0
 11
5968.129223490954
 21
-2280.226900351815
 31
0.0
  0
LINE
  5
D8B
330
2
100
AcDbEntity
  8
HALFEN-KONSOLANKER
  6
VERDECKT
 62
     1
100
AcDbLine
 10
5955.629223490954
 20
-2275.226900351814
 30
0.0
 11
5955.629223490954
 21
-2269.226900351815
 31
0.0
  0
LINE
  5
D8C
330
2
100
AcDbEntity
  8
HALFEN-KONSOLANKER
  6
VERDECKT
 62
     1
100
AcDbLine
 10
5980.629223490954
 20
-2269.226900351815
 30
0.0
 11
5980.629223490954
 21
-2275.226900351814
 31
0.0
  0
LINE
  5
D8D
330
2
100
AcDbEntity
  8
HALFEN-KONSOLANKER
  6
VERDECKT
 62
     1
100
AcDbLine
 10
5817.129223490955
 20
-2026.726900351814
 30
0.0
 11
5823.129223490955
 21
-2026.726900351814
 31
0.0
  0
LINE
  5
D8E
330
2
100
AcDbEntity
  8
HALFEN-KONSOLANKER
  6
MITTELLINIE
 62
     1
 48
10.0
100
AcDbLine
 10
5812.129223490955
 20
-2021.226900351814
 30
0.0
 11
5828.129223490954
 21
-2021.226900351814
 31
0.0
1001
GENIUS_GENODEF_13
1002
{
1000
HIER
1070
     0
1002
}
1002
{
1000
MANEDIT
1070
     0
1002
}
1002
{
1000
NOSEL
1070
     0
1002
}
1002
{
1000
BEHIND
1070
     0
1002
}
1002
{
1000
REACTOR
1002
}
1001
GENIUS_GENOBJ-N-CEN_13
1002
{
1000
OWNER
1000
GEN
1002
}
  0
LINE
  5
D8F
330
2
100
AcDbEntity
  8
HALFEN-KONSOLANKER
100
AcDbLine
 10
5773.129223490954
 20
-1987.226900351814
 30
0.0
 11
5773.129223490954
 21
-1959.226900351814
 31
0.0
  0
LINE
  5
D90
330
2
100
AcDbEntity
  8
HALFEN-KONSOLANKER
  6
VERDECKT
 62
     1
100
AcDbLine
 10
5817.129223490955
 20
-2015.726900351815
 30
0.0
 11
5823.129223490955
 21
-2015.726900351815
 31
0.0
  0
LINE
  5
D91
330
2
100
AcDbEntity
  8
HALFEN-KONSOLANKER
100
AcDbLine
 10
5817.129223490955
 20
-1999.226900351814
 30
0.0
 11
5823.129223490955
 21
-1999.226900351814
 31
0.0
  0
ARC
  5
D92
330
2
100
AcDbEntity
  8
HALFEN-KONSOLANKER
100
AcDbCircle
 10
5975.129223490954
 20
-2021.226900351814
 30
0.0
 40
5.5
100
AcDbArc
 50
270.0
 51
90.0
  0
ARC
  5
D93
330
2
100
AcDbEntity
  8
HALFEN-KONSOLANKER
100
AcDbCircle
 10
5961.129223490954
 20
-2021.226900351814
 30
0.0
 40
5.5
100
AcDbArc
 50
90.0
 51
270.0
  0
LINE
  5
D94
330
2
100
AcDbEntity
  8
HALFEN-KONSOLANKER
  6
MITTELLINIE
 62
     1
 48
10.0
100
AcDbLine
 10
5968.129223490954
 20
-2010.726900351814
 30
0.0
 11
5968.129223490954
 21
-2031.726900351815
 31
0.0
  0
LINE
  5
D95
330
2
100
AcDbEntity
  8
HALFEN-KONSOLANKER
100
AcDbLine
 10
5961.129223490954
 20
-2026.726900351814
 30
0.0
 11
5975.129223490954
 21
-2026.726900351814
 31
0.0
  0
LINE
  5
D96
330
2
100
AcDbEntity
  8
HALFEN-KONSOLANKER
  6
MITTELLINIE
 62
     1
 48
10.0
100
AcDbLine
 10
5950.629223490954
 20
-2021.226900351814
 30
0.0
 11
5985.629223490954
 21
-2021.226900351814
 31
0.0
1001
GENIUS_GENODEF_13
1002
{
1000
HIER
1070
     0
1002
}
1002
{
1000
MANEDIT
1070
     0
1002
}
1002
{
1000
NOSEL
1070
     0
1002
}
1002
{
1000
BEHIND
1070
     0
1002
}
1002
{
1000
REACTOR
1002
}
1001
GENIUS_GENOBJ-N-CEN_13
1002
{
1000
OWNER
1000
GEN
1002
}
  0
LINE
  5
D97
330
2
100
AcDbEntity
  8
HALFEN-KONSOLANKER
100
AcDbLine
 10
5966.129223490955
 20
-2034.226900351814
 30
0.0
 11
5970.129223490954
 21
-2034.226900351814
 31
0.0
  0
LINE
  5
D98
330
2
100
AcDbEntity
  8
HALFEN-KONSOLANKER
100
AcDbLine
 10
5961.129223490954
 20
-2015.726900351815
 30
0.0
 11
5975.129223490954
 21
-2015.726900351815
 31
0.0
  0
POINT
  5
D99
330
2
100
AcDbEntity
  8
HALFEN-KONSOLANKER
100
AcDbPoint
 10
5968.129223490954
 20
-1999.226900351814
 30
0.0
  0
POINT
  5
D9A
330
2
100
AcDbEntity
  8
HALFEN-KONSOLANKER
100
AcDbPoint
 10
5968.129223490954
 20
-1999.226900351814
 30
0.0
  0
LINE
  5
D9B
330
2
100
AcDbEntity
  8
HALFEN-KONSOLANKER
100
AcDbLine
 10
6220.129223490954
 20
-2034.226900351814
 30
0.0
 11
6220.129223490954
 21
-2243.226900351814
 31
0.0
  0
LINE
  5
D9C
330
2
100
AcDbEntity
  8
HALFEN-KONSOLANKER
100
AcDbLine
 10
6216.129223490955
 20
-2034.226900351814
 30
0.0
 11
6216.129223490955
 21
-2243.226900351814
 31
0.0
  0
LINE
  5
D9D
330
2
100
AcDbEntity
  8
HALFEN-KONSOLANKER
  6
MITTELLINIE
 62
     1
 48
10.0
100
AcDbLine
 10
6218.129223490954
 20
-2264.226900351815
 30
0.0
 11
6218.129223490954
 21
-2280.226900351815
 31
0.0
  0
LINE
  5
D9E
330
2
100
AcDbEntity
  8
HALFEN-KONSOLANKER
  6
VERDECKT
 62
     1
100
AcDbLine
 10
6205.629223490954
 20
-2275.226900351814
 30
0.0
 11
6205.629223490954
 21
-2269.226900351815
 31
0.0
  0
LINE
  5
D9F
330
2
100
AcDbEntity
  8
HALFEN-KONSOLANKER
  6
VERDECKT
 62
     1
100
AcDbLine
 10
6230.629223490954
 20
-2269.226900351815
 30
0.0
 11
6230.629223490954
 21
-2275.226900351814
 31
0.0
  0
ARC
  5
DA0
330
2
100
AcDbEntity
  8
HALFEN-KONSOLANKER
100
AcDbCircle
 10
6211.129223490954
 20
-2021.226900351814
 30
0.0
 40
5.5
100
AcDbArc
 50
90.0
 51
270.0
  0
LINE
  5
DA1
330
2
100
AcDbEntity
  8
HALFEN-KONSOLANKER
  6
MITTELLINIE
 62
     1
 48
10.0
100
AcDbLine
 10
6218.129223490954
 20
-2010.726900351814
 30
0.0
 11
6218.129223490954
 21
-2031.726900351815
 31
0.0
  0
ARC
  5
DA2
330
2
100
AcDbEntity
  8
HALFEN-KONSOLANKER
100
AcDbCircle
 10
6225.129223490954
 20
-2021.226900351814
 30
0.0
 40
5.5
100
AcDbArc
 50
270.0
 51
90.0
  0
LINE
  5
DA3
330
2
100
AcDbEntity
  8
HALFEN-KONSOLANKER
100
AcDbLine
 10
6211.129223490954
 20
-2026.726900351814
 30
0.0
 11
6225.129223490954
 21
-2026.726900351814
 31
0.0
  0
LINE
  5
DA4
330
2
100
AcDbEntity
  8
HALFEN-KONSOLANKER
  6
MITTELLINIE
 62
     1
 48
10.0
100
AcDbLine
 10
6200.629223490954
 20
-2021.226900351814
 30
0.0
 11
6235.629223490954
 21
-2021.226900351814
 31
0.0
1001
GENIUS_GENODEF_13
1002
{
1000
HIER
1070
     0
1002
}
1002
{
1000
MANEDIT
1070
     0
1002
}
1002
{
1000
NOSEL
1070
     0
1002
}
1002
{
1000
BEHIND
1070
     0
1002
}
1002
{
1000
REACTOR
1002
}
1001
GENIUS_GENOBJ-N-CEN_13
1002
{
1000
OWNER
1000
GEN
1002
}
  0
LINE
  5
DA5
330
2
100
AcDbEntity
  8
HALFEN-KONSOLANKER
100
AcDbLine
 10
6216.129223490955
 20
-2034.226900351814
 30
0.0
 11
6220.129223490954
 21
-2034.226900351814
 31
0.0
  0
LINE
  5
DA6
330
2
100
AcDbEntity
  8
HALFEN-KONSOLANKER
100
AcDbLine
 10
6211.129223490954
 20
-2015.726900351815
 30
0.0
 11
6225.129223490954
 21
-2015.726900351815
 31
0.0
  0
POINT
  5
DA7
330
2
100
AcDbEntity
  8
HALFEN-KONSOLANKER
100
AcDbPoint
 10
6218.129223490954
 20
-1999.226900351814
 30
0.0
  0
POINT
  5
DA8
330
2
100
AcDbEntity
  8
HALFEN-KONSOLANKER
100
AcDbPoint
 10
6218.129223490954
 20
-1999.226900351814
 30
0.0
  0
LINE
  5
DA9
330
2
100
AcDbEntity
  8
HALFEN-KONSOLANKER
100
AcDbLine
 10
6466.129223490954
 20
-2275.226900351814
 30
0.0
 11
6466.129223490954
 21
-2484.226900351814
 31
0.0
  0
LINE
  5
DAA
330
2
100
AcDbEntity
  8
HALFEN-KONSOLANKER
100
AcDbLine
 10
6470.129223490954
 20
-2275.226900351814
 30
0.0
 11
6470.129223490954
 21
-2484.226900351814
 31
0.0
  0
LINE
  5
DAB
330
2
100
AcDbEntity
  8
HALFEN-KONSOLANKER
100
AcDbLine
 10
6843.129223490954
 20
-2519.226900351815
 30
0.0
 11
6843.129223490954
 21
-2269.226900351815
 31
0.0
  0
LINE
  5
DAC
330
2
100
AcDbEntity
  8
HALFEN-KONSOLANKER
100
AcDbLine
 10
6470.129223490954
 20
-2484.226900351814
 30
0.0
 11
6466.129223490954
 21
-2484.226900351814
 31
0.0
  0
LINE
  5
DAD
330
2
100
AcDbEntity
  8
HALFEN-KONSOLANKER
100
AcDbLine
 10
6466.129223490954
 20
-2034.226900351814
 30
0.0
 11
6466.129223490954
 21
-2243.226900351814
 31
0.0
  0
LINE
  5
DAE
330
2
100
AcDbEntity
  8
HALFEN-KONSOLANKER
100
AcDbLine
 10
6470.129223490954
 20
-2034.226900351814
 30
0.0
 11
6470.129223490954
 21
-2243.226900351814
 31
0.0
  0
LINE
  5
DAF
330
2
100
AcDbEntity
  8
HALFEN-KONSOLANKER
  6
VERDECKT
 62
     1
100
AcDbLine
 10
6455.629223490955
 20
-2275.226900351814
 30
0.0
 11
6455.629223490955
 21
-2269.226900351815
 31
0.0
  0
LINE
  5
DB0
330
2
100
AcDbEntity
  8
HALFEN-KONSOLANKER
  6
MITTELLINIE
 62
     1
 48
10.0
100
AcDbLine
 10
6468.129223490954
 20
-2264.226900351815
 30
0.0
 11
6468.129223490954
 21
-2280.226900351815
 31
0.0
  0
LINE
  5
DB1
330
2
100
AcDbEntity
  8
HALFEN-KONSOLANKER
  6
VERDECKT
 62
     1
100
AcDbLine
 10
6480.629223490955
 20
-2269.226900351815
 30
0.0
 11
6480.629223490955
 21
-2275.226900351814
 31
0.0
  0
ARC
  5
DB2
330
2
100
AcDbEntity
  8
HALFEN-KONSOLANKER
100
AcDbCircle
 10
6475.129223490954
 20
-2021.226900351814
 30
0.0
 40
5.5
100
AcDbArc
 50
270.0
 51
90.0
  0
LINE
  5
DB3
330
2
100
AcDbEntity
  8
HALFEN-KONSOLANKER
  6
MITTELLINIE
 62
     1
 48
10.0
100
AcDbLine
 10
6468.129223490954
 20
-2010.726900351814
 30
0.0
 11
6468.129223490954
 21
-2031.726900351815
 31
0.0
  0
ARC
  5
DB4
330
2
100
AcDbEntity
  8
HALFEN-KONSOLANKER
100
AcDbCircle
 10
6461.129223490954
 20
-2021.226900351814
 30
0.0
 40
5.5
100
AcDbArc
 50
90.0
 51
270.0
  0
LINE
  5
DB5
330
2
100
AcDbEntity
  8
HALFEN-KONSOLANKER
  6
MITTELLINIE
 62
     1
 48
10.0
100
AcDbLine
 10
6450.629223490953
 20
-2021.226900351814
 30
0.0
 11
6485.629223490954
 21
-2021.226900351814
 31
0.0
1001
GENIUS_GENODEF_13
1002
{
1000
HIER
1070
     0
1002
}
1002
{
1000
MANEDIT
1070
     0
1002
}
1002
{
1000
NOSEL
1070
     0
1002
}
1002
{
1000
BEHIND
1070
     0
1002
}
1002
{
1000
REACTOR
1002
}
1001
GENIUS_GENOBJ-N-CEN_13
1002
{
1000
OWNER
1000
GEN
1002
}
  0
LINE
  5
DB6
330
2
100
AcDbEntity
  8
HALFEN-KONSOLANKER
100
AcDbLine
 10
6461.129223490954
 20
-2026.726900351814
 30
0.0
 11
6475.129223490954
 21
-2026.726900351814
 31
0.0
  0
LINE
  5
DB7
330
2
100
AcDbEntity
  8
HALFEN-KONSOLANKER
100
AcDbLine
 10
6466.129223490954
 20
-2034.226900351814
 30
0.0
 11
6470.129223490954
 21
-2034.226900351814
 31
0.0
  0
LINE
  5
DB8
330
2
100
AcDbEntity
  8
HALFEN-KONSOLANKER
100
AcDbLine
 10
6461.129223490954
 20
-2015.726900351815
 30
0.0
 11
6475.129223490954
 21
-2015.726900351815
 31
0.0
  0
POINT
  5
DB9
330
2
100
AcDbEntity
  8
HALFEN-KONSOLANKER
100
AcDbPoint
 10
6468.129223490954
 20
-1999.226900351814
 30
0.0
  0
POINT
  5
DBA
330
2
100
AcDbEntity
  8
HALFEN-KONSOLANKER
100
AcDbPoint
 10
6468.129223490954
 20
-1999.226900351814
 30
0.0
  0
LINE
  5
DBB
330
2
100
AcDbEntity
  8
HALFEN-KONSOLANKER
100
AcDbLine
 10
6843.129223490954
 20
-1999.226900351814
 30
0.0
 11
6843.129223490954
 21
-2249.226900351815
 31
0.0
  0
LINE
  5
DBC
330
2
100
AcDbEntity
  8
HALFEN-KONSOLANKER
100
AcDbLine
 10
6416.129223490954
 20
274.7730996481853
 30
0.0
 11
6416.129223490954
 21
165.7730996481852
 31
0.0
  0
LINE
  5
DBD
330
2
100
AcDbEntity
  8
HALFEN-KONSOLANKER
100
AcDbLine
 10
6420.129223490954
 20
274.7730996481853
 30
0.0
 11
6420.129223490954
 21
165.7730996481852
 31
0.0
  0
LINE
  5
DBE
330
2
100
AcDbEntity
  8
HALFEN-KONSOLANKER
100
AcDbLine
 10
6420.129223490954
 20
165.7730996481852
 30
0.0
 11
6416.129223490954
 21
165.7730996481852
 31
0.0
  0
LINE
  5
DBF
330
2
100
AcDbEntity
  8
HALFEN-KONSOLANKER
100
AcDbLine
 10
6420.129223490954
 20
415.7730996481852
 30
0.0
 11
6420.129223490954
 21
306.7730996481853
 31
0.0
  0
LINE
  5
DC0
330
2
100
AcDbEntity
  8
HALFEN-KONSOLANKER
100
AcDbLine
 10
6416.129223490954
 20
415.7730996481852
 30
0.0
 11
6416.129223490954
 21
306.7730996481853
 31
0.0
  0
LINE
  5
DC1
330
2
100
AcDbEntity
  8
HALFEN-KONSOLANKER
  6
VERDECKT
 62
     1
100
AcDbLine
 10
6430.629223490955
 20
280.7730996481853
 30
0.0
 11
6430.629223490955
 21
274.7730996481853
 31
0.0
  0
LINE
  5
DC2
330
2
100
AcDbEntity
  8
HALFEN-KONSOLANKER
  6
MITTELLINIE
 62
     1
 48
10.0
100
AcDbLine
 10
6418.129223490955
 20
285.7730996481853
 30
0.0
 11
6418.129223490955
 21
269.7730996481853
 31
0.0
  0
LINE
  5
DC3
330
2
100
AcDbEntity
  8
HALFEN-KONSOLANKER
  6
VERDECKT
 62
     1
100
AcDbLine
 10
6405.629223490954
 20
274.7730996481853
 30
0.0
 11
6405.629223490954
 21
280.7730996481853
 31
0.0
  0
ARC
  5
DC4
330
2
100
AcDbEntity
  8
HALFEN-KONSOLANKER
100
AcDbCircle
 10
6411.129223490954
 20
428.7730996481853
 30
0.0
 40
5.5
100
AcDbArc
 50
90.0
 51
270.0
  0
ARC
  5
DC5
330
2
100
AcDbEntity
  8
HALFEN-KONSOLANKER
100
AcDbCircle
 10
6425.129223490954
 20
428.7730996481853
 30
0.0
 40
5.5
100
AcDbArc
 50
270.0
 51
90.0
  0
LINE
  5
DC6
330
2
100
AcDbEntity
  8
HALFEN-KONSOLANKER
  6
MITTELLINIE
 62
     1
 48
10.0
100
AcDbLine
 10
6418.129223490955
 20
439.2730996481852
 30
0.0
 11
6418.129223490955
 21
418.2730996481852
 31
0.0
  0
LINE
  5
DC7
330
2
100
AcDbEntity
  8
HALFEN-KONSOLANKER
  6
MITTELLINIE
 62
     1
 48
10.0
100
AcDbLine
 10
6400.629223490954
 20
428.7730996481853
 30
0.0
 11
6435.629223490955
 21
428.7730996481853
 31
0.0
1001
GENIUS_GENODEF_13
1002
{
1000
HIER
1070
     0
1002
}
1002
{
1000
MANEDIT
1070
     0
1002
}
1002
{
1000
NOSEL
1070
     0
1002
}
1002
{
1000
BEHIND
1070
     0
1002
}
1002
{
1000
REACTOR
1002
}
1001
GENIUS_GENOBJ-N-CEN_13
1002
{
1000
OWNER
1000
GEN
1002
}
  0
LINE
  5
DC8
330
2
100
AcDbEntity
  8
HALFEN-KONSOLANKER
100
AcDbLine
 10
6416.129223490954
 20
415.7730996481852
 30
0.0
 11
6420.129223490954
 21
415.7730996481852
 31
0.0
  0
LINE
  5
DC9
330
2
100
AcDbEntity
  8
HALFEN-KONSOLANKER
100
AcDbLine
 10
6411.129223490954
 20
423.2730996481852
 30
0.0
 11
6425.129223490954
 21
423.2730996481852
 31
0.0
  0
POINT
  5
DCA
330
2
100
AcDbEntity
  8
HALFEN-KONSOLANKER
100
AcDbPoint
 10
6418.129223490955
 20
450.7730996481853
 30
0.0
  0
POINT
  5
DCB
330
2
100
AcDbEntity
  8
HALFEN-KONSOLANKER
100
AcDbPoint
 10
6418.129223490955
 20
450.7730996481853
 30
0.0
  0
LINE
  5
DCC
330
2
100
AcDbEntity
  8
HALFEN-KONSOLANKER
100
AcDbLine
 10
6411.129223490954
 20
434.2730996481853
 30
0.0
 11
6425.129223490954
 21
434.2730996481853
 31
0.0
  0
LINE
  5
DCD
330
2
100
AcDbEntity
  8
HALFEN-KONSOLANKER
100
AcDbLine
 10
6476.129223490954
 20
5.773099648185393
 30
0.0
 11
6476.129223490954
 21
-123.2269003518146
 31
0.0
  0
LINE
  5
DCE
330
2
100
AcDbEntity
  8
HALFEN-KONSOLANKER
100
AcDbLine
 10
6480.129223490954
 20
5.773099648185393
 30
0.0
 11
6480.129223490954
 21
-123.2269003518146
 31
0.0
  0
LINE
  5
DCF
330
2
100
AcDbEntity
  8
HALFEN-KONSOLANKER
  6
VERDECKT
 62
     1
100
AcDbLine
 10
6465.629223490954
 20
-155.2269003518146
 30
0.0
 11
6465.629223490954
 21
-149.2269003518146
 31
0.0
  0
LINE
  5
DD0
330
2
100
AcDbEntity
  8
HALFEN-KONSOLANKER
100
AcDbLine
 10
6476.129223490954
 20
-155.2269003518146
 30
0.0
 11
6476.129223490954
 21
-284.2269003518146
 31
0.0
  0
LINE
  5
DD1
330
2
100
AcDbEntity
  8
HALFEN-KONSOLANKER
100
AcDbLine
 10
6480.129223490954
 20
-155.2269003518146
 30
0.0
 11
6480.129223490954
 21
-284.2269003518146
 31
0.0
  0
LINE
  5
DD2
330
2
100
AcDbEntity
  8
HALFEN-KONSOLANKER
100
AcDbLine
 10
6480.129223490954
 20
-284.2269003518146
 30
0.0
 11
6476.129223490954
 21
-284.2269003518146
 31
0.0
  0
LINE
  5
DD3
330
2
100
AcDbEntity
  8
HALFEN-KONSOLANKER
  6
MITTELLINIE
 62
     1
 48
10.0
100
AcDbLine
 10
6478.129223490954
 20
-144.2269003518146
 30
0.0
 11
6478.129223490954
 21
-160.2269003518146
 31
0.0
  0
LINE
  5
DD4
330
2
100
AcDbEntity
  8
HALFEN-KONSOLANKER
  6
VERDECKT
 62
     1
100
AcDbLine
 10
6490.629223490954
 20
-149.2269003518146
 30
0.0
 11
6490.629223490954
 21
-155.2269003518146
 31
0.0
  0
LINE
  5
DD5
330
2
100
AcDbEntity
  8
HALFEN-KONSOLANKER
  6
MITTELLINIE
 62
     1
 48
10.0
100
AcDbLine
 10
6460.629223490954
 20
18.77309964818539
 30
0.0
 11
6495.629223490954
 21
18.77309964818539
 31
0.0
1001
GENIUS_GENODEF_13
1002
{
1000
HIER
1070
     0
1002
}
1002
{
1000
MANEDIT
1070
     0
1002
}
1002
{
1000
NOSEL
1070
     0
1002
}
1002
{
1000
BEHIND
1070
     0
1002
}
1002
{
1000
REACTOR
1002
}
1001
GENIUS_GENOBJ-N-CEN_13
1002
{
1000
OWNER
1000
GEN
1002
}
  0
ARC
  5
DD6
330
2
100
AcDbEntity
  8
HALFEN-KONSOLANKER
100
AcDbCircle
 10
6471.129223490954
 20
18.77309964818539
 30
0.0
 40
5.5
100
AcDbArc
 50
90.0
 51
270.0
  0
LINE
  5
DD7
330
2
100
AcDbEntity
  8
HALFEN-KONSOLANKER
100
AcDbLine
 10
6476.129223490954
 20
5.773099648185393
 30
0.0
 11
6480.129223490954
 21
5.773099648185393
 31
0.0
  0
LINE
  5
DD8
330
2
100
AcDbEntity
  8
HALFEN-KONSOLANKER
100
AcDbLine
 10
6471.129223490954
 20
13.27309964818539
 30
0.0
 11
6485.129223490955
 21
13.27309964818539
 31
0.0
  0
LINE
  5
DD9
330
2
100
AcDbEntity
  8
HALFEN-KONSOLANKER
100
AcDbLine
 10
6471.129223490954
 20
24.27309964818539
 30
0.0
 11
6485.129223490955
 21
24.27309964818539
 31
0.0
  0
LINE
  5
DDA
330
2
100
AcDbEntity
  8
HALFEN-KONSOLANKER
  6
MITTELLINIE
 62
     1
 48
10.0
100
AcDbLine
 10
6478.129223490954
 20
29.27309964818539
 30
0.0
 11
6478.129223490954
 21
8.273099648185393
 31
0.0
  0
ARC
  5
DDB
330
2
100
AcDbEntity
  8
HALFEN-KONSOLANKER
100
AcDbCircle
 10
6485.129223490955
 20
18.77309964818539
 30
0.0
 40
5.5
100
AcDbArc
 50
270.0
 51
90.0
  0
POINT
  5
DDC
330
2
100
AcDbEntity
  8
HALFEN-KONSOLANKER
100
AcDbPoint
 10
6478.129223490954
 20
40.77309964818539
 30
0.0
  0
POINT
  5
DDD
330
2
100
AcDbEntity
  8
HALFEN-KONSOLANKER
100
AcDbPoint
 10
6478.129223490954
 20
40.77309964818539
 30
0.0
  0
LINE
  5
DDE
330
2
100
AcDbEntity
  8
HALFEN-KONSOLANKER
  6
MITTELLINIE
 62
     1
 48
10.0
100
AcDbLine
 10
6580.629223490955
 20
-921.2269003518141
 30
0.0
 11
6615.629223490954
 21
-921.2269003518141
 31
0.0
1001
GENIUS_GENODEF_13
1002
{
1000
HIER
1070
     0
1002
}
1002
{
1000
MANEDIT
1070
     0
1002
}
1002
{
1000
NOSEL
1070
     0
1002
}
1002
{
1000
BEHIND
1070
     0
1002
}
1002
{
1000
REACTOR
1002
}
1001
GENIUS_GENOBJ-N-CEN_13
1002
{
1000
OWNER
1000
GEN
1002
}
  0
ARC
  5
DDF
330
2
100
AcDbEntity
  8
HALFEN-KONSOLANKER
100
AcDbCircle
 10
6605.129223490954
 20
-921.2269003518141
 30
0.0
 40
5.5
100
AcDbArc
 50
270.0
 51
90.0
  0
LINE
  5
DE0
330
2
100
AcDbEntity
  8
HALFEN-KONSOLANKER
100
AcDbLine
 10
6600.129223490954
 20
-934.2269003518142
 30
0.0
 11
6600.129223490954
 21
-1103.226900351814
 31
0.0
  0
LINE
  5
DE1
330
2
100
AcDbEntity
  8
HALFEN-KONSOLANKER
100
AcDbLine
 10
6596.129223490954
 20
-934.2269003518142
 30
0.0
 11
6596.129223490954
 21
-1103.226900351814
 31
0.0
  0
LINE
  5
DE2
330
2
100
AcDbEntity
  8
HALFEN-KONSOLANKER
100
AcDbLine
 10
6596.129223490954
 20
-1135.226900351814
 30
0.0
 11
6596.129223490954
 21
-1284.226900351814
 31
0.0
  0
LINE
  5
DE3
330
2
100
AcDbEntity
  8
HALFEN-KONSOLANKER
100
AcDbLine
 10
6600.129223490954
 20
-1135.226900351814
 30
0.0
 11
6600.129223490954
 21
-1284.226900351814
 31
0.0
  0
LINE
  5
DE4
330
2
100
AcDbEntity
  8
HALFEN-KONSOLANKER
100
AcDbLine
 10
6600.129223490954
 20
-1284.226900351814
 30
0.0
 11
6596.129223490954
 21
-1284.226900351814
 31
0.0
  0
LINE
  5
DE5
330
2
100
AcDbEntity
  8
HALFEN-KONSOLANKER
  6
MITTELLINIE
 62
     1
 48
10.0
100
AcDbLine
 10
6598.129223490954
 20
-1124.226900351814
 30
0.0
 11
6598.129223490954
 21
-1140.226900351814
 31
0.0
  0
LINE
  5
DE6
330
2
100
AcDbEntity
  8
HALFEN-KONSOLANKER
  6
VERDECKT
 62
     1
100
AcDbLine
 10
6585.629223490954
 20
-1135.226900351814
 30
0.0
 11
6585.629223490954
 21
-1129.226900351814
 31
0.0
  0
LINE
  5
DE7
330
2
100
AcDbEntity
  8
HALFEN-KONSOLANKER
  6
MITTELLINIE
 62
     1
 48
10.0
100
AcDbLine
 10
6598.129223490954
 20
-910.726900351814
 30
0.0
 11
6598.129223490954
 21
-931.7269003518141
 31
0.0
  0
LINE
  5
DE8
330
2
100
AcDbEntity
  8
HALFEN-KONSOLANKER
100
AcDbLine
 10
6596.129223490954
 20
-934.2269003518142
 30
0.0
 11
6600.129223490954
 21
-934.2269003518142
 31
0.0
  0
POINT
  5
DE9
330
2
100
AcDbEntity
  8
HALFEN-KONSOLANKER
100
AcDbPoint
 10
6598.129223490954
 20
-899.2269003518142
 30
0.0
  0
POINT
  5
DEA
330
2
100
AcDbEntity
  8
HALFEN-KONSOLANKER
100
AcDbPoint
 10
6598.129223490954
 20
-899.2269003518142
 30
0.0
  0
ARC
  5
DEB
330
2
100
AcDbEntity
  8
HALFEN-KONSOLANKER
100
AcDbCircle
 10
6591.129223490954
 20
-921.2269003518141
 30
0.0
 40
5.5
100
AcDbArc
 50
90.0
 51
270.0
  0
LINE
  5
DEC
330
2
100
AcDbEntity
  8
HALFEN-KONSOLANKER
100
AcDbLine
 10
6591.129223490954
 20
-926.7269003518141
 30
0.0
 11
6605.129223490954
 21
-926.7269003518141
 31
0.0
  0
LINE
  5
DED
330
2
100
AcDbEntity
  8
HALFEN-KONSOLANKER
100
AcDbLine
 10
6591.129223490954
 20
-915.7269003518141
 30
0.0
 11
6605.129223490954
 21
-915.7269003518141
 31
0.0
  0
LINE
  5
DEE
330
2
100
AcDbEntity
  8
HALFEN-KONSOLANKER
  6
VERDECKT
 62
     1
100
AcDbLine
 10
6610.629223490954
 20
-1129.226900351814
 30
0.0
 11
6610.629223490954
 21
-1135.226900351814
 31
0.0
  0
LINE
  5
DEF
330
2
100
AcDbEntity
  8
HALFEN-KONSOLANKER
100
AcDbLine
 10
6536.129223490954
 20
-444.2269003518143
 30
0.0
 11
6536.129223490954
 21
-593.2269003518143
 31
0.0
  0
LINE
  5
DF0
330
2
100
AcDbEntity
  8
HALFEN-KONSOLANKER
100
AcDbLine
 10
6540.129223490954
 20
-444.2269003518143
 30
0.0
 11
6540.129223490954
 21
-593.2269003518143
 31
0.0
  0
LINE
  5
DF1
330
2
100
AcDbEntity
  8
HALFEN-KONSOLANKER
100
AcDbLine
 10
6540.129223490954
 20
-625.2269003518144
 30
0.0
 11
6540.129223490954
 21
-774.2269003518144
 31
0.0
  0
LINE
  5
DF2
330
2
100
AcDbEntity
  8
HALFEN-KONSOLANKER
100
AcDbLine
 10
6536.129223490954
 20
-625.2269003518144
 30
0.0
 11
6536.129223490954
 21
-774.2269003518144
 31
0.0
  0
LINE
  5
DF3
330
2
100
AcDbEntity
  8
HALFEN-KONSOLANKER
100
AcDbLine
 10
6540.129223490954
 20
-774.2269003518144
 30
0.0
 11
6536.129223490954
 21
-774.2269003518144
 31
0.0
  0
LINE
  5
DF4
330
2
100
AcDbEntity
  8
HALFEN-KONSOLANKER
  6
VERDECKT
 62
     1
100
AcDbLine
 10
6525.629223490954
 20
-625.2269003518144
 30
0.0
 11
6525.629223490954
 21
-619.2269003518143
 31
0.0
  0
LINE
  5
DF5
330
2
100
AcDbEntity
  8
HALFEN-KONSOLANKER
  6
MITTELLINIE
 62
     1
 48
10.0
100
AcDbLine
 10
6538.129223490954
 20
-614.2269003518143
 30
0.0
 11
6538.129223490954
 21
-630.2269003518143
 31
0.0
  0
LINE
  5
DF6
330
2
100
AcDbEntity
  8
HALFEN-KONSOLANKER
  6
VERDECKT
 62
     1
100
AcDbLine
 10
6550.629223490954
 20
-619.2269003518143
 30
0.0
 11
6550.629223490954
 21
-625.2269003518144
 31
0.0
  0
ARC
  5
DF7
330
2
100
AcDbEntity
  8
HALFEN-KONSOLANKER
100
AcDbCircle
 10
6545.129223490954
 20
-431.2269003518143
 30
0.0
 40
5.5
100
AcDbArc
 50
270.0
 51
90.0
  0
LINE
  5
DF8
330
2
100
AcDbEntity
  8
HALFEN-KONSOLANKER
  6
MITTELLINIE
 62
     1
 48
10.0
100
AcDbLine
 10
6538.129223490954
 20
-420.7269003518144
 30
0.0
 11
6538.129223490954
 21
-441.7269003518144
 31
0.0
  0
ARC
  5
DF9
330
2
100
AcDbEntity
  8
HALFEN-KONSOLANKER
100
AcDbCircle
 10
6531.129223490954
 20
-431.2269003518143
 30
0.0
 40
5.5
100
AcDbArc
 50
90.0
 51
270.0
  0
LINE
  5
DFA
330
2
100
AcDbEntity
  8
HALFEN-KONSOLANKER
  6
MITTELLINIE
 62
     1
 48
10.0
100
AcDbLine
 10
6520.629223490954
 20
-431.2269003518143
 30
0.0
 11
6555.629223490955
 21
-431.2269003518143
 31
0.0
1001
GENIUS_GENODEF_13
1002
{
1000
HIER
1070
     0
1002
}
1002
{
1000
MANEDIT
1070
     0
1002
}
1002
{
1000
NOSEL
1070
     0
1002
}
1002
{
1000
BEHIND
1070
     0
1002
}
1002
{
1000
REACTOR
1002
}
1001
GENIUS_GENOBJ-N-CEN_13
1002
{
1000
OWNER
1000
GEN
1002
}
  0
LINE
  5
DFB
330
2
100
AcDbEntity
  8
HALFEN-KONSOLANKER
100
AcDbLine
 10
6531.129223490954
 20
-436.7269003518144
 30
0.0
 11
6545.129223490954
 21
-436.7269003518144
 31
0.0
  0
LINE
  5
DFC
330
2
100
AcDbEntity
  8
HALFEN-KONSOLANKER
100
AcDbLine
 10
6536.129223490954
 20
-444.2269003518143
 30
0.0
 11
6540.129223490954
 21
-444.2269003518143
 31
0.0
  0
LINE
  5
DFD
330
2
100
AcDbEntity
  8
HALFEN-KONSOLANKER
100
AcDbLine
 10
6531.129223490954
 20
-425.7269003518143
 30
0.0
 11
6545.129223490954
 21
-425.7269003518143
 31
0.0
  0
POINT
  5
DFE
330
2
100
AcDbEntity
  8
HALFEN-KONSOLANKER
100
AcDbPoint
 10
6538.129223490954
 20
-409.2269003518143
 30
0.0
  0
POINT
  5
DFF
330
2
100
AcDbEntity
  8
HALFEN-KONSOLANKER
100
AcDbPoint
 10
6538.129223490954
 20
-409.2269003518143
 30
0.0
  0
LINE
  5
E00
330
2
100
AcDbEntity
  8
HALFEN-KONSOLANKER
100
AcDbLine
 10
6720.129223490954
 20
-2275.226900351814
 30
0.0
 11
6720.129223490954
 21
-2484.226900351814
 31
0.0
  0
LINE
  5
E01
330
2
100
AcDbEntity
  8
HALFEN-KONSOLANKER
100
AcDbLine
 10
6716.129223490954
 20
-2275.226900351814
 30
0.0
 11
6716.129223490954
 21
-2484.226900351814
 31
0.0
  0
LINE
  5
E02
330
2
100
AcDbEntity
  8
HALFEN-KONSOLANKER
100
AcDbLine
 10
6720.129223490954
 20
-2484.226900351814
 30
0.0
 11
6716.129223490954
 21
-2484.226900351814
 31
0.0
  0
LINE
  5
E03
330
2
100
AcDbEntity
  8
HALFEN-KONSOLANKER
100
AcDbLine
 10
6720.129223490954
 20
-2034.226900351814
 30
0.0
 11
6720.129223490954
 21
-2243.226900351814
 31
0.0
  0
LINE
  5
E04
330
2
100
AcDbEntity
  8
HALFEN-KONSOLANKER
100
AcDbLine
 10
6716.129223490954
 20
-2034.226900351814
 30
0.0
 11
6716.129223490954
 21
-2243.226900351814
 31
0.0
  0
LINE
  5
E05
330
2
100
AcDbEntity
  8
HALFEN-KONSOLANKER
  6
VERDECKT
 62
     1
100
AcDbLine
 10
6705.629223490955
 20
-2275.226900351814
 30
0.0
 11
6705.629223490955
 21
-2269.226900351815
 31
0.0
  0
LINE
  5
E06
330
2
100
AcDbEntity
  8
HALFEN-KONSOLANKER
  6
VERDECKT
 62
     1
100
AcDbLine
 10
6730.629223490955
 20
-2269.226900351815
 30
0.0
 11
6730.629223490955
 21
-2275.226900351814
 31
0.0
  0
LINE
  5
E07
330
2
100
AcDbEntity
  8
HALFEN-KONSOLANKER
  6
MITTELLINIE
 62
     1
 48
10.0
100
AcDbLine
 10
6718.129223490954
 20
-2264.226900351815
 30
0.0
 11
6718.129223490954
 21
-2280.226900351815
 31
0.0
  0
ARC
  5
E08
330
2
100
AcDbEntity
  8
HALFEN-KONSOLANKER
100
AcDbCircle
 10
6711.129223490954
 20
-2021.226900351814
 30
0.0
 40
5.5
100
AcDbArc
 50
90.0
 51
270.0
  0
LINE
  5
E09
330
2
100
AcDbEntity
  8
HALFEN-KONSOLANKER
  6
MITTELLINIE
 62
     1
 48
10.0
100
AcDbLine
 10
6718.129223490954
 20
-2010.726900351814
 30
0.0
 11
6718.129223490954
 21
-2031.726900351815
 31
0.0
  0
ARC
  5
E0A
330
2
100
AcDbEntity
  8
HALFEN-KONSOLANKER
100
AcDbCircle
 10
6725.129223490954
 20
-2021.226900351814
 30
0.0
 40
5.5
100
AcDbArc
 50
270.0
 51
90.0
  0
LINE
  5
E0B
330
2
100
AcDbEntity
  8
HALFEN-KONSOLANKER
  6
MITTELLINIE
 62
     1
 48
10.0
100
AcDbLine
 10
6700.629223490953
 20
-2021.226900351814
 30
0.0
 11
6735.629223490954
 21
-2021.226900351814
 31
0.0
1001
GENIUS_GENODEF_13
1002
{
1000
HIER
1070
     0
1002
}
1002
{
1000
MANEDIT
1070
     0
1002
}
1002
{
1000
NOSEL
1070
     0
1002
}
1002
{
1000
BEHIND
1070
     0
1002
}
1002
{
1000
REACTOR
1002
}
1001
GENIUS_GENOBJ-N-CEN_13
1002
{
1000
OWNER
1000
GEN
1002
}
  0
LINE
  5
E0C
330
2
100
AcDbEntity
  8
HALFEN-KONSOLANKER
100
AcDbLine
 10
6711.129223490954
 20
-2026.726900351814
 30
0.0
 11
6725.129223490954
 21
-2026.726900351814
 31
0.0
  0
LINE
  5
E0D
330
2
100
AcDbEntity
  8
HALFEN-KONSOLANKER
100
AcDbLine
 10
6716.129223490954
 20
-2034.226900351814
 30
0.0
 11
6720.129223490954
 21
-2034.226900351814
 31
0.0
  0
LINE
  5
E0E
330
2
100
AcDbEntity
  8
HALFEN-KONSOLANKER
100
AcDbLine
 10
6711.129223490954
 20
-2015.726900351815
 30
0.0
 11
6725.129223490954
 21
-2015.726900351815
 31
0.0
  0
POINT
  5
E0F
330
2
100
AcDbEntity
  8
HALFEN-KONSOLANKER
100
AcDbPoint
 10
6718.129223490954
 20
-1999.226900351814
 30
0.0
  0
POINT
  5
E10
330
2
100
AcDbEntity
  8
HALFEN-KONSOLANKER
100
AcDbPoint
 10
6718.129223490954
 20
-1999.226900351814
 30
0.0
  0
LINE
  5
E11
330
2
100
AcDbEntity
  8
HALFEN-KONSOLANKER
100
AcDbLine
 10
6656.129223490954
 20
-1464.226900351814
 30
0.0
 11
6656.129223490954
 21
-1653.226900351814
 31
0.0
  0
LINE
  5
E12
330
2
100
AcDbEntity
  8
HALFEN-KONSOLANKER
100
AcDbLine
 10
6660.129223490955
 20
-1464.226900351814
 30
0.0
 11
6660.129223490955
 21
-1653.226900351814
 31
0.0
  0
LINE
  5
E13
330
2
100
AcDbEntity
  8
HALFEN-KONSOLANKER
100
AcDbLine
 10
6660.129223490955
 20
-1685.226900351814
 30
0.0
 11
6660.129223490955
 21
-1874.226900351814
 31
0.0
  0
LINE
  5
E14
330
2
100
AcDbEntity
  8
HALFEN-KONSOLANKER
100
AcDbLine
 10
6656.129223490954
 20
-1685.226900351814
 30
0.0
 11
6656.129223490954
 21
-1874.226900351814
 31
0.0
  0
LINE
  5
E15
330
2
100
AcDbEntity
  8
HALFEN-KONSOLANKER
100
AcDbLine
 10
6660.129223490955
 20
-1874.226900351814
 30
0.0
 11
6656.129223490954
 21
-1874.226900351814
 31
0.0
  0
LINE
  5
E16
330
2
100
AcDbEntity
  8
HALFEN-KONSOLANKER
  6
MITTELLINIE
 62
     1
 48
10.0
100
AcDbLine
 10
6658.129223490954
 20
-1674.226900351814
 30
0.0
 11
6658.129223490954
 21
-1690.226900351814
 31
0.0
  0
LINE
  5
E17
330
2
100
AcDbEntity
  8
HALFEN-KONSOLANKER
  6
VERDECKT
 62
     1
100
AcDbLine
 10
6670.629223490954
 20
-1679.226900351814
 30
0.0
 11
6670.629223490954
 21
-1685.226900351814
 31
0.0
  0
LINE
  5
E18
330
2
100
AcDbEntity
  8
HALFEN-KONSOLANKER
  6
VERDECKT
 62
     1
100
AcDbLine
 10
6645.629223490954
 20
-1685.226900351814
 30
0.0
 11
6645.629223490954
 21
-1679.226900351814
 31
0.0
  0
LINE
  5
E19
330
2
100
AcDbEntity
  8
HALFEN-KONSOLANKER
  6
MITTELLINIE
 62
     1
 48
10.0
100
AcDbLine
 10
6640.629223490954
 20
-1451.226900351814
 30
0.0
 11
6675.629223490954
 21
-1451.226900351814
 31
0.0
1001
GENIUS_GENODEF_13
1002
{
1000
HIER
1070
     0
1002
}
1002
{
1000
MANEDIT
1070
     0
1002
}
1002
{
1000
NOSEL
1070
     0
1002
}
1002
{
1000
BEHIND
1070
     0
1002
}
1002
{
1000
REACTOR
1002
}
1001
GENIUS_GENOBJ-N-CEN_13
1002
{
1000
OWNER
1000
GEN
1002
}
  0
ARC
  5
E1A
330
2
100
AcDbEntity
  8
HALFEN-KONSOLANKER
100
AcDbCircle
 10
6665.129223490954
 20
-1451.226900351814
 30
0.0
 40
5.5
100
AcDbArc
 50
270.0
 51
90.0
  0
ARC
  5
E1B
330
2
100
AcDbEntity
  8
HALFEN-KONSOLANKER
100
AcDbCircle
 10
6651.129223490954
 20
-1451.226900351814
 30
0.0
 40
5.5
100
AcDbArc
 50
90.0
 51
270.0
  0
LINE
  5
E1C
330
2
100
AcDbEntity
  8
HALFEN-KONSOLANKER
  6
MITTELLINIE
 62
     1
 48
10.0
100
AcDbLine
 10
6658.129223490954
 20
-1440.726900351814
 30
0.0
 11
6658.129223490954
 21
-1461.726900351814
 31
0.0
  0
LINE
  5
E1D
330
2
100
AcDbEntity
  8
HALFEN-KONSOLANKER
100
AcDbLine
 10
6656.129223490954
 20
-1464.226900351814
 30
0.0
 11
6660.129223490955
 21
-1464.226900351814
 31
0.0
  0
POINT
  5
E1E
330
2
100
AcDbEntity
  8
HALFEN-KONSOLANKER
100
AcDbPoint
 10
6658.129223490954
 20
-1429.226900351814
 30
0.0
  0
POINT
  5
E1F
330
2
100
AcDbEntity
  8
HALFEN-KONSOLANKER
100
AcDbPoint
 10
6658.129223490954
 20
-1429.226900351814
 30
0.0
  0
LINE
  5
E20
330
2
100
AcDbEntity
  8
HALFEN-KONSOLANKER
100
AcDbLine
 10
6651.129223490954
 20
-1456.726900351814
 30
0.0
 11
6665.129223490954
 21
-1456.726900351814
 31
0.0
  0
LINE
  5
E21
330
2
100
AcDbEntity
  8
HALFEN-KONSOLANKER
100
AcDbLine
 10
6651.129223490954
 20
-1445.726900351814
 30
0.0
 11
6665.129223490954
 21
-1445.726900351814
 31
0.0
  0
TEXT
  5
E8E
330
2
100
AcDbEntity
  8
HALFEN-KONSOLANKER
100
AcDbText
 10
3738.129223490954
 20
845.273099648185
 30
0.0
 40
5.0
  1

  7
ARIAL50
100
AcDbText
  0
TEXT
  5
E91
330
2
100
AcDbEntity
  8
HALFEN-KONSOLANKER
100
AcDbText
 10
4438.129223490954
 20
845.273099648185
 30
0.0
 40
5.0
  1

  7
ARIAL50
100
AcDbText
  0
TEXT
  5
E92
330
2
100
AcDbEntity
  8
HALFEN-KONSOLANKER
100
AcDbText
 10
5388.129223490954
 20
845.273099648185
 30
0.0
 40
5.0
  1

  7
ARIAL50
100
AcDbText
  0
TEXT
  5
E93
330
2
100
AcDbEntity
  8
HALFEN-KONSOLANKER
100
AcDbText
 10
5428.129223490954
 20
475.2730996481853
 30
0.0
 40
5.0
  1

  7
ARIAL50
100
AcDbText
  0
TEXT
  5
E94
330
2
100
AcDbEntity
  8
HALFEN-KONSOLANKER
100
AcDbText
 10
4458.129223490954
 20
475.2730996481853
 30
0.0
 40
5.0
  1

  7
ARIAL50
100
AcDbText
  0
TEXT
  5
E95
330
2
100
AcDbEntity
  8
HALFEN-KONSOLANKER
100
AcDbText
 10
3738.129223490954
 20
475.2730996481851
 30
0.0
 40
5.0
  1

  7
ARIAL50
100
AcDbText
  0
TEXT
  5
E96
330
2
100
AcDbEntity
  8
HALFEN-KONSOLANKER
100
AcDbText
 10
3738.129223490954
 20
65.27309964818539
 30
0.0
 40
5.0
  1

  7
ARIAL50
100
AcDbText
  0
TEXT
  5
E97
330
2
100
AcDbEntity
  8
HALFEN-KONSOLANKER
100
AcDbText
 10
4478.129223490954
 20
65.27309964818539
 30
0.0
 40
5.0
  1

  7
ARIAL50
100
AcDbText
  0
TEXT
  5
E98
330
2
100
AcDbEntity
  8
HALFEN-KONSOLANKER
100
AcDbText
 10
5468.129223490954
 20
65.27309964818539
 30
0.0
 40
5.0
  1

  7
ARIAL50
100
AcDbText
  0
TEXT
  5
E99
330
2
100
AcDbEntity
  8
HALFEN-KONSOLANKER
100
AcDbText
 10
5508.129223490954
 20
-384.7269003518145
 30
0.0
 40
5.0
  1

  7
ARIAL50
100
AcDbText
  0
TEXT
  5
E9A
330
2
100
AcDbEntity
  8
HALFEN-KONSOLANKER
100
AcDbText
 10
4498.129223490955
 20
-384.7269003518145
 30
0.0
 40
5.0
  1

  7
ARIAL50
100
AcDbText
  0
TEXT
  5
E9B
330
2
100
AcDbEntity
  8
HALFEN-KONSOLANKER
100
AcDbText
 10
3738.129223490954
 20
-384.7269003518145
 30
0.0
 40
5.0
  1

  7
ARIAL50
100
AcDbText
  0
TEXT
  5
E9C
330
2
100
AcDbEntity
  8
HALFEN-KONSOLANKER
100
AcDbText
 10
3738.129223490954
 20
-874.7269003518139
 30
0.0
 40
5.0
  1

  7
ARIAL50
100
AcDbText
  0
TEXT
  5
E9D
330
2
100
AcDbEntity
  8
HALFEN-KONSOLANKER
100
AcDbText
 10
4518.129223490954
 20
-874.7269003518139
 30
0.0
 40
5.0
  1

  7
ARIAL50
100
AcDbText
  0
TEXT
  5
E9E
330
2
100
AcDbEntity
  8
HALFEN-KONSOLANKER
100
AcDbText
 10
5548.129223490954
 20
-874.7269003518139
 30
0.0
 40
5.0
  1

  7
ARIAL50
100
AcDbText
  0
TEXT
  5
E9F
330
2
100
AcDbEntity
  8
HALFEN-KONSOLANKER
100
AcDbText
 10
5588.129223490954
 20
-1404.726900351814
 30
0.0
 40
5.0
  1

  7
ARIAL50
100
AcDbText
  0
TEXT
  5
EA0
330
2
100
AcDbEntity
  8
HALFEN-KONSOLANKER
100
AcDbText
 10
4538.129223490954
 20
-1404.726900351814
 30
0.0
 40
5.0
  1

  7
ARIAL50
100
AcDbText
  0
TEXT
  5
EA1
330
2
100
AcDbEntity
  8
HALFEN-KONSOLANKER
100
AcDbText
 10
3738.129223490954
 20
-1404.726900351814
 30
0.0
 40
5.0
  1

  7
ARIAL50
100
AcDbText
  0
TEXT
  5
EA2
330
2
100
AcDbEntity
  8
HALFEN-KONSOLANKER
100
AcDbText
 10
5628.129223490955
 20
-1974.726900351814
 30
0.0
 40
5.0
  1

  7
ARIAL50
100
AcDbText
  0
TEXT
  5
EA3
330
2
100
AcDbEntity
  8
HALFEN-KONSOLANKER
100
AcDbText
 10
4558.129223490953
 20
-1974.726900351814
 30
0.0
 40
5.0
  1

  7
ARIAL50
100
AcDbText
  0
TEXT
  5
EA4
330
2
100
AcDbEntity
  8
HALFEN-KONSOLANKER
100
AcDbText
 10
3738.129223490954
 20
-1974.726900351814
 30
0.0
 40
5.0
  1

  7
ARIAL50
100
AcDbText
  0
ENDSEC
  0
SECTION
  2
OBJECTS
  0
DICTIONARY
  5
7
330
0
100
AcDbDictionary
281
     1
  3
ACAD_CIP_PREVIOUS_PRODUCT_INFO
350
E8D
  3
ACAD_COLOR
350
23
  3
ACAD_GROUP
350
1F
  3
ACAD_LAYOUT
350
B
  3
ACAD_MATERIAL
350
22
  3
ACAD_MLEADERSTYLE
350
E87
  3
ACAD_MLINESTYLE
350
20
  3
ACAD_PLOTSETTINGS
350
21
  3
ACAD_PLOTSTYLENAME
350
6
  3
ACAD_SCALELIST
350
E75
  3
ACAD_TABLESTYLE
350
24
  3
ACAD_VISUALSTYLE
350
E5C
  3
ACDB_RECOMPOSE_DATA
350
EB0
  3
AcDbVariableDictionary
350
E27
  3
ASE_INDEX_DICTIONARY
350
E24
  0
XRECORD
  5
E8D
102
{ACAD_REACTORS
330
7
102
}
330
7
100
AcDbXrecord
280
     1
300
AMECH_PP
300
2012
300
PDSP_F_S
  0
DICTIONARY
  5
23
102
{ACAD_REACTORS
330
7
102
}
330
7
100
AcDbDictionary
281
     1
  0
DICTIONARY
  5
1F
102
{ACAD_REACTORS
330
7
102
}
330
7
100
AcDbDictionary
281
     1
  0
DICTIONARY
  5
B
102
{ACAD_REACTORS
330
7
102
}
330
7
100
AcDbDictionary
281
     1
  3
Layout1
350
F
  3
Model
350
A
  0
DICTIONARY
  5
22
102
{ACAD_REACTORS
330
7
102
}
330
7
100
AcDbDictionary
281
     1
  3
ByBlock
350
E4C
  3
ByLayer
350
E44
  3
Global
350
E54
  0
DICTIONARY
  5
E87
102
{ACAD_REACTORS
330
7
102
}
330
7
100
AcDbDictionary
281
     1
  3
Standard
350
E88
  0
DICTIONARY
  5
20
102
{ACAD_REACTORS
330
7
102
}
330
7
100
AcDbDictionary
281
     1
  3
STANDARD
350
27
  0
DICTIONARY
  5
21
102
{ACAD_REACTORS
330
7
102
}
330
7
100
AcDbDictionary
281
     1
  0
ACDBDICTIONARYWDFLT
  5
6
102
{ACAD_REACTORS
330
7
102
}
330
7
100
AcDbDictionary
281
     1
  3
Normal
350
5
100
AcDbDictionaryWithDefault
340
5
  0
DICTIONARY
  5
E75
102
{ACAD_REACTORS
330
7
102
}
330
7
100
AcDbDictionary
281
     1
  3
A0
350
E76
  3
A1
350
E77
  3
A2
350
E78
  3
A3
350
E79
  3
A4
350
E7A
  3
A5
350
E7B
  3
A6
350
E7C
  3
A7
350
E7D
  3
A8
350
E7E
  3
A9
350
E7F
  3
B0
350
E80
  3
B1
350
E81
  3
B2
350
E82
  3
B3
350
E83
  3
B4
350
E84
  3
B5
350
E85
  3
B6
350
E86
  0
DICTIONARY
  5
24
102
{ACAD_REACTORS
330
7
102
}
330
7
100
AcDbDictionary
281
     1
  3
Standard
350
28
  0
DICTIONARY
  5
E5C
102
{ACAD_REACTORS
330
7
102
}
330
7
100
AcDbDictionary
281
     1
  3
2dWireframe
350
E62
  3
Basic
350
E61
  3
Brighten
350
E68
  3
ColorChange
350
E6C
  3
Conceptual
350
E65
  3
Dim
350
E67
  3
EdgeColorOff
350
E74
  3
Facepattern
350
E6B
  3
Flat
350
E5D
  3
FlatWithEdges
350
E5E
  3
Gouraud
350
E5F
  3
GouraudWithEdges
350
E60
  3
Hidden
350
E64
  3
JitterOff
350
E72
  3
Linepattern
350
E6A
  3
OverhangOff
350
E73
  3
Realistic
350
E66
  3
Shaded
350
E71
  3
Shaded with edges
350
E70
  3
Shades of Gray
350
E6D
  3
Sketchy
350
E6E
  3
Thicken
350
E69
  3
Wireframe
350
E63
  3
X-Ray
350
E6F
  0
XRECORD
  5
EB0
102
{ACAD_REACTORS
330
7
102
}
330
7
100
AcDbXrecord
280
     1
 90
        1
330
28
  0
DICTIONARY
  5
E27
102
{ACAD_REACTORS
330
7
102
}
330
7
100
AcDbDictionary
281
     1
  3
CANNOSCALE
350
EA7
  3
CMLEADERSTYLE
350
EA5
  3
CTABLESTYLE
350
E28
  3
DIMASSOC
350
E36
  3
HIDETEXT
350
E35
  3
LAYEREVAL
350
EA9
  3
LAYERNOTIFY
350
EAA
  3
LIGHTINGUNITS
350
EA8
  3
MSLTSCALE
350
EA6
  3
PROJECTNAME
350
E37
  0
DICTIONARY
  5
E24
102
{ACAD_REACTORS
330
7
102
}
330
7
100
AcDbDictionary
281
     1
  3
ASEBlockHierarchyIndexRecord
350
E26
1001
DCO15
1040
1565418296.265
  0
LAYOUT
  5
F
102
{ACAD_REACTORS
330
B
102
}
330
B
100
AcDbPlotSettings
  1

  2
\\DLANT038\DLAKBHL013
  4

  6

 40
0.0
 41
0.0
 42
0.0
 43
0.0
 44
0.0
 45
0.0
 46
0.0
 47
0.0
 48
0.0
 49
0.0
140
0.0
141
0.0
142
1.0
143
1.0
 70
   688
 72
     0
 73
     0
 74
     5
  7

 75
    16
147
1.0
 76
     0
 77
     2
 78
   300
148
0.0
149
0.0
100
AcDbLayout
  1
Layout1
 70
     1
 71
     1
 10
0.0
 20
0.0
 11
12.0
 21
9.0
 12
0.0
 22
0.0
 32
0.0
 14
1.000000000000000E+20
 24
1.000000000000000E+20
 34
1.000000000000000E+20
 15
-1.000000000000000E+20
 25
-1.000000000000000E+20
 35
-1.000000000000000E+20
146
0.0
 13
0.0
 23
0.0
 33
0.0
 16
1.0
 26
0.0
 36
0.0
 17
0.0
 27
1.0
 37
0.0
 76
     0
330
C
  0
LAYOUT
  5
A
102
{ACAD_REACTORS
330
B
102
}
330
B
100
AcDbPlotSettings
  1

  2
\\DLANT038\DLAKBHL013
  4

  6

 40
0.0
 41
0.0
 42
0.0
 43
0.0
 44
0.0
 45
0.0
 46
0.0
 47
0.0
 48
0.0
 49
0.0
140
0.0
141
0.0
142
1.0
143
1.0
 70
  1712
 72
     0
 73
     0
 74
     0
  7

 75
     0
147
1.0
 76
     0
 77
     2
 78
   300
148
0.0
149
0.0
100
AcDbLayout
  1
Model
 70
     1
 71
     0
 10
0.0
 20
0.0
 11
12.0
 21
9.0
 12
0.0
 22
0.0
 32
0.0
 14
0.0
 24
0.0
 34
0.0
 15
0.0
 25
0.0
 35
0.0
146
0.0
 13
0.0
 23
0.0
 33
0.0
 16
1.0
 26
0.0
 36
0.0
 17
0.0
 27
1.0
 37
0.0
 76
     0
330
2
331
E3C
  0
MATERIAL
  5
E4C
102
{ACAD_XDICTIONARY
360
E4D
102
}
102
{ACAD_REACTORS
330
22
102
}
330
22
100
AcDbMaterial
  1
ByBlock
 72
     0
 43
0.0008202099737533
 43
0.0
 43
0.0
 43
0.0
 43
0.0
 43
0.0008202099737533
 43
0.0
 43
0.0
 43
0.0
 43
0.0
 43
1.0
 43
0.0
 43
0.0
 43
0.0
 43
0.0
 43
1.0
 77
     0
 47
0.0008202099737533
 47
0.0
 47
0.0
 47
0.0
 47
0.0
 47
0.0008202099737533
 47
0.0
 47
0.0
 47
0.0
 47
0.0
 47
1.0
 47
0.0
 47
0.0
 47
0.0
 47
0.0
 47
1.0
171
     0
 49
0.0008202099737533
 49
0.0
 49
0.0
 49
0.0
 49
0.0
 49
0.0008202099737533
 49
0.0
 49
0.0
 49
0.0
 49
0.0
 49
1.0
 49
0.0
 49
0.0
 49
0.0
 49
0.0
 49
1.0
175
     0
142
0.0008202099737533
142
0.0
142
0.0
142
0.0
142
0.0
142
0.0008202099737533
142
0.0
142
0.0
142
0.0
142
0.0
142
1.0
142
0.0
142
0.0
142
0.0
142
0.0
142
1.0
179
     0
144
0.0008202099737533
144
0.0
144
0.0
144
0.0
144
0.0
144
0.0008202099737533
144
0.0
144
0.0
144
0.0
144
0.0
144
1.0
144
0.0
144
0.0
144
0.0
144
0.0
144
1.0
147
0.0008202099737533
147
0.0
147
0.0
147
0.0
147
0.0
147
0.0008202099737533
147
0.0
147
0.0
147
0.0
147
0.0
147
1.0
147
0.0
147
0.0
147
0.0
147
0.0
147
1.0
  0
MATERIAL
  5
E44
102
{ACAD_XDICTIONARY
360
E45
102
}
102
{ACAD_REACTORS
330
22
102
}
330
22
100
AcDbMaterial
  1
ByLayer
 72
     0
 43
0.0008202099737533
 43
0.0
 43
0.0
 43
0.0
 43
0.0
 43
0.0008202099737533
 43
0.0
 43
0.0
 43
0.0
 43
0.0
 43
1.0
 43
0.0
 43
0.0
 43
0.0
 43
0.0
 43
1.0
 77
     0
 47
0.0008202099737533
 47
0.0
 47
0.0
 47
0.0
 47
0.0
 47
0.0008202099737533
 47
0.0
 47
0.0
 47
0.0
 47
0.0
 47
1.0
 47
0.0
 47
0.0
 47
0.0
 47
0.0
 47
1.0
171
     0
 49
0.0008202099737533
 49
0.0
 49
0.0
 49
0.0
 49
0.0
 49
0.0008202099737533
 49
0.0
 49
0.0
 49
0.0
 49
0.0
 49
1.0
 49
0.0
 49
0.0
 49
0.0
 49
0.0
 49
1.0
175
     0
142
0.0008202099737533
142
0.0
142
0.0
142
0.0
142
0.0
142
0.0008202099737533
142
0.0
142
0.0
142
0.0
142
0.0
142
1.0
142
0.0
142
0.0
142
0.0
142
0.0
142
1.0
179
     0
144
0.0008202099737533
144
0.0
144
0.0
144
0.0
144
0.0
144
0.0008202099737533
144
0.0
144
0.0
144
0.0
144
0.0
144
1.0
144
0.0
144
0.0
144
0.0
144
0.0
144
1.0
147
0.0008202099737533
147
0.0
147
0.0
147
0.0
147
0.0
147
0.0008202099737533
147
0.0
147
0.0
147
0.0
147
0.0
147
1.0
147
0.0
147
0.0
147
0.0
147
0.0
147
1.0
  0
MATERIAL
  5
E54
102
{ACAD_XDICTIONARY
360
E55
102
}
102
{ACAD_REACTORS
330
22
102
}
330
22
100
AcDbMaterial
  1
Global
 72
     0
 43
0.0008202099737533
 43
0.0
 43
0.0
 43
0.0
 43
0.0
 43
0.0008202099737533
 43
0.0
 43
0.0
 43
0.0
 43
0.0
 43
1.0
 43
0.0
 43
0.0
 43
0.0
 43
0.0
 43
1.0
 77
     0
 47
0.0008202099737533
 47
0.0
 47
0.0
 47
0.0
 47
0.0
 47
0.0008202099737533
 47
0.0
 47
0.0
 47
0.0
 47
0.0
 47
1.0
 47
0.0
 47
0.0
 47
0.0
 47
0.0
 47
1.0
171
     0
 49
0.0008202099737533
 49
0.0
 49
0.0
 49
0.0
 49
0.0
 49
0.0008202099737533
 49
0.0
 49
0.0
 49
0.0
 49
0.0
 49
1.0
 49
0.0
 49
0.0
 49
0.0
 49
0.0
 49
1.0
175
     0
142
0.0008202099737533
142
0.0
142
0.0
142
0.0
142
0.0
142
0.0008202099737533
142
0.0
142
0.0
142
0.0
142
0.0
142
1.0
142
0.0
142
0.0
142
0.0
142
0.0
142
1.0
179
     0
144
0.0008202099737533
144
0.0
144
0.0
144
0.0
144
0.0
144
0.0008202099737533
144
0.0
144
0.0
144
0.0
144
0.0
144
1.0
144
0.0
144
0.0
144
0.0
144
0.0
144
1.0
147
0.0008202099737533
147
0.0
147
0.0
147
0.0
147
0.0
147
0.0008202099737533
147
0.0
147
0.0
147
0.0
147
0.0
147
1.0
147
0.0
147
0.0
147
0.0
147
0.0
147
1.0
  0
MLEADERSTYLE
  5
E88
102
{ACAD_XDICTIONARY
360
EAE
102
}
102
{ACAD_REACTORS
330
E87
102
}
330
E87
100
AcDbMLeaderStyle
179
     2
170
     2
171
     1
172
     0
 90
        2
 40
0.0
 41
0.0
173
     1
 91
-1056964608
340
15
 92
       -2
290
     1
 42
2.0
291
     1
 43
0.36
  3
Standard
 44
4.0
300

342
12
174
     1
178
     6
175
     1
176
     0
 93
-1056964608
 45
4.0
292
     0
297
     0
 46
4.0
 94
-1056964608
 47
1.0
 49
1.0
140
1.0
293
     1
141
0.0
294
     1
177
     0
142
1.0
295
     0
296
     0
143
0.125
271
     0
272
     9
273
     9
  0
MLINESTYLE
  5
27
102
{ACAD_REACTORS
330
20
102
}
330
20
100
AcDbMlineStyle
  2
STANDARD
 70
     0
  3

 62
   256
 51
90.0
 52
90.0
 71
     2
 49
0.5
 62
   256
  6
BYLAYER
 49
-0.5
 62
   256
  6
BYLAYER
  0
ACDBPLACEHOLDER
  5
5
102
{ACAD_REACTORS
330
6
102
}
330
6
  0
SCALE
  5
E76
102
{ACAD_REACTORS
330
E75
102
}
330
E75
100
AcDbScale
 70
     0
300
1:1
140
1.0
141
1.0
290
     1
  0
SCALE
  5
E77
102
{ACAD_REACTORS
330
E75
102
}
330
E75
100
AcDbScale
 70
     0
300
1:2
140
1.0
141
2.0
290
     0
  0
SCALE
  5
E78
102
{ACAD_REACTORS
330
E75
102
}
330
E75
100
AcDbScale
 70
     0
300
1:4
140
1.0
141
4.0
290
     0
  0
SCALE
  5
E79
102
{ACAD_REACTORS
330
E75
102
}
330
E75
100
AcDbScale
 70
     0
300
1:5
140
1.0
141
5.0
290
     0
  0
SCALE
  5
E7A
102
{ACAD_REACTORS
330
E75
102
}
330
E75
100
AcDbScale
 70
     0
300
1:8
140
1.0
141
8.0
290
     0
  0
SCALE
  5
E7B
102
{ACAD_REACTORS
330
E75
102
}
330
E75
100
AcDbScale
 70
     0
300
1:10
140
1.0
141
10.0
290
     0
  0
SCALE
  5
E7C
102
{ACAD_REACTORS
330
E75
102
}
330
E75
100
AcDbScale
 70
     0
300
1:16
140
1.0
141
16.0
290
     0
  0
SCALE
  5
E7D
102
{ACAD_REACTORS
330
E75
102
}
330
E75
100
AcDbScale
 70
     0
300
1:20
140
1.0
141
20.0
290
     0
  0
SCALE
  5
E7E
102
{ACAD_REACTORS
330
E75
102
}
330
E75
100
AcDbScale
 70
     0
300
1:30
140
1.0
141
30.0
290
     0
  0
SCALE
  5
E7F
102
{ACAD_REACTORS
330
E75
102
}
330
E75
100
AcDbScale
 70
     0
300
1:40
140
1.0
141
40.0
290
     0
  0
SCALE
  5
E80
102
{ACAD_REACTORS
330
E75
102
}
330
E75
100
AcDbScale
 70
     0
300
1:50
140
1.0
141
50.0
290
     0
  0
SCALE
  5
E81
102
{ACAD_REACTORS
330
E75
102
}
330
E75
100
AcDbScale
 70
     0
300
1:100
140
1.0
141
100.0
290
     0
  0
SCALE
  5
E82
102
{ACAD_REACTORS
330
E75
102
}
330
E75
100
AcDbScale
 70
     0
300
2:1
140
2.0
141
1.0
290
     0
  0
SCALE
  5
E83
102
{ACAD_REACTORS
330
E75
102
}
330
E75
100
AcDbScale
 70
     0
300
4:1
140
4.0
141
1.0
290
     0
  0
SCALE
  5
E84
102
{ACAD_REACTORS
330
E75
102
}
330
E75
100
AcDbScale
 70
     0
300
8:1
140
8.0
141
1.0
290
     0
  0
SCALE
  5
E85
102
{ACAD_REACTORS
330
E75
102
}
330
E75
100
AcDbScale
 70
     0
300
10:1
140
10.0
141
1.0
290
     0
  0
SCALE
  5
E86
102
{ACAD_REACTORS
330
E75
102
}
330
E75
100
AcDbScale
 70
     0
300
100:1
140
100.0
141
1.0
290
     0
  0
TABLESTYLE
  5
28
102
{ACAD_XDICTIONARY
360
EAC
102
}
102
{ACAD_REACTORS
330
24
102
}
330
24
100
AcDbTableStyle
280
     0
  3
Standard
 70
     0
 71
     0
 40
1.5
 41
1.5
280
     0
281
     0
  7
STANDARD
140
4.5
170
     2
 62
     0
 63
     7
283
     0
 90
        4
 91
        0
  1

274
    -2
284
     1
 64
     0
275
    -2
285
     1
 65
     0
276
    -2
286
     1
 66
     0
277
    -2
287
     1
 67
     0
278
    -2
288
     1
 68
     0
279
    -2
289
     1
 69
     0
  7
STANDARD
140
6.0
170
     5
 62
     0
 63
     7
283
     0
 90
        4
 91
        0
  1

274
    -2
284
     1
 64
     0
275
    -2
285
     1
 65
     0
276
    -2
286
     1
 66
     0
277
    -2
287
     1
 67
     0
278
    -2
288
     1
 68
     0
279
    -2
289
     1
 69
     0
  7
STANDARD
140
4.5
170
     5
 62
     0
 63
     7
283
     0
 90
        4
 91
        0
  1

274
    -2
284
     1
 64
     0
275
    -2
285
     1
 65
     0
276
    -2
286
     1
 66
     0
277
    -2
287
     1
 67
     0
278
    -2
288
     1
 68
     0
279
    -2
289
     1
 69
     0
  0
VISUALSTYLE
  5
E62
102
{ACAD_REACTORS
330
E5C
102
}
330
E5C
100
AcDbVisualStyle
  2
2dWireframe
 70
     4
177
     2
291
     0
 71
     0
176
     1
 72
     2
176
     1
 73
     0
176
     1
 90
        0
176
     1
 40
0.6
176
     1
 41
30.0
176
     1
 63
     7
421
 16777215
176
     1
 74
     1
176
     1
 91
        4
176
     1
 64
     7
176
     1
 65
   257
176
     1
 75
     1
176
     1
175
     1
176
     1
 42
1.0
176
     1
 92
        0
176
     1
 66
   257
176
     1
 43
1.0
176
     1
 76
     1
176
     1
 77
     6
176
     1
 78
     2
176
     1
 67
     7
176
     1
 79
     5
176
     1
170
     0
176
     1
171
     0
176
     1
290
     0
176
     1
 93
        1
176
     1
 44
0.0
176
     1
173
     0
176
     1
  0
VISUALSTYLE
  5
E61
102
{ACAD_REACTORS
330
E5C
102
}
330
E5C
100
AcDbVisualStyle
  2
Basic
 70
     7
177
     2
291
     1
 71
     1
176
     1
 72
     0
176
     1
 73
     1
176
     1
 90
        0
176
     1
 40
0.6
176
     1
 41
30.0
176
     1
 63
     7
421
 16777215
176
     1
 74
     0
176
     1
 91
        4
176
     1
 64
     7
176
     1
 65
   257
176
     1
 75
     1
176
     1
175
     1
176
     1
 42
1.0
176
     1
 92
        8
176
     1
 66
     7
176
     1
 43
1.0
176
     1
 76
     1
176
     1
 77
     6
176
     1
 78
     2
176
     1
 67
     7
176
     1
 79
     5
176
     1
170
     0
176
     1
171
     0
176
     1
290
     0
176
     1
 93
        1
176
     1
 44
0.0
176
     1
173
     0
176
     1
  0
VISUALSTYLE
  5
E68
102
{ACAD_REACTORS
330
E5C
102
}
330
E5C
100
AcDbVisualStyle
  2
Brighten
 70
    12
177
     2
291
     1
 71
     2
176
     1
 72
     2
176
     1
 73
     0
176
     1
 90
        0
176
     1
 40
0.6
176
     1
 41
30.0
176
     1
 63
     7
421
 16777215
176
     1
 74
     1
176
     1
 91
        4
176
     1
 64
     7
176
     1
 65
   257
176
     1
 75
     1
176
     1
175
     1
176
     1
 42
1.0
176
     1
 92
        8
176
     1
 66
     7
176
     1
 43
1.0
176
     1
 76
     1
176
     1
 77
     6
176
     1
 78
     2
176
     1
 67
     7
176
     1
 79
     5
176
     1
170
     0
176
     1
171
     0
176
     1
290
     0
176
     1
 93
        1
176
     1
 44
50.0
176
     1
173
     0
176
     1
  0
VISUALSTYLE
  5
E6C
102
{ACAD_REACTORS
330
E5C
102
}
330
E5C
100
AcDbVisualStyle
  2
ColorChange
 70
    16
177
     2
291
     1
 71
     2
176
     1
 72
     2
176
     1
 73
     3
176
     1
 90
        0
176
     1
 40
0.6
176
     1
 41
30.0
176
     1
 63
     8
421
  8421504
176
     1
 74
     1
176
     1
 91
        4
176
     1
 64
     7
176
     1
 65
   257
176
     1
 75
     1
176
     1
175
     1
176
     1
 42
1.0
176
     1
 92
        8
176
     1
 66
     8
424
  8421504
176
     1
 43
1.0
176
     1
 76
     1
176
     1
 77
     6
176
     1
 78
     2
176
     1
 67
     7
176
     1
 79
     5
176
     1
170
     0
176
     1
171
     0
176
     1
290
     0
176
     1
 93
        1
176
     1
 44
0.0
176
     1
173
     0
176
     1
  0
VISUALSTYLE
  5
E65
102
{ACAD_REACTORS
330
E5C
102
}
330
E5C
100
AcDbVisualStyle
  2
Conceptual
 70
     9
177
     2
291
     0
 71
     3
176
     1
 72
     2
176
     1
 73
     0
176
     1
 90
        0
176
     1
 40
0.6
176
     1
 41
30.0
176
     1
 63
     7
421
 16777215
176
     1
 74
     2
176
     1
 91
        2
176
     1
 64
     7
176
     1
 65
   257
176
     1
 75
     1
176
     1
175
     1
176
     1
 42
179.0
176
     1
 92
        8
176
     1
 66
     7
176
     1
 43
1.0
176
     1
 76
     1
176
     1
 77
     6
176
     1
 78
     2
176
     1
 67
     7
176
     1
 79
     3
176
     1
170
     0
176
     1
171
     0
176
     1
290
     0
176
     1
 93
        1
176
     1
 44
0.0
176
     1
173
     0
176
     1
  0
VISUALSTYLE
  5
E67
102
{ACAD_REACTORS
330
E5C
102
}
330
E5C
100
AcDbVisualStyle
  2
Dim
 70
    11
177
     2
291
     1
 71
     2
176
     1
 72
     2
176
     1
 73
     0
176
     1
 90
        0
176
     1
 40
0.6
176
     1
 41
30.0
176
     1
 63
     7
421
 16777215
176
     1
 74
     1
176
     1
 91
        4
176
     1
 64
     7
176
     1
 65
   257
176
     1
 75
     1
176
     1
175
     1
176
     1
 42
1.0
176
     1
 92
        8
176
     1
 66
     7
176
     1
 43
1.0
176
     1
 76
     1
176
     1
 77
     6
176
     1
 78
     2
176
     1
 67
     7
176
     1
 79
     5
176
     1
170
     0
176
     1
171
     0
176
     1
290
     0
176
     1
 93
        1
176
     1
 44
-50.0
176
     1
173
     0
176
     1
  0
VISUALSTYLE
  5
E74
102
{ACAD_REACTORS
330
E5C
102
}
330
E5C
100
AcDbVisualStyle
  2
EdgeColorOff
 70
    22
177
     2
291
     1
 71
     2
176
     0
 72
     2
176
     0
 73
     0
176
     0
 90
        0
176
     0
 40
0.6
176
     0
 41
30.0
176
     0
 63
     7
421
 16777215
176
     0
 74
     1
176
     0
 91
        4
176
     0
 64
     7
176
     0
 65
   257
176
     0
 75
     1
176
     0
175
     1
176
     0
 42
1.0
176
     0
 92
        8
176
     2
 66
     7
176
     0
 43
1.0
176
     0
 76
     1
176
     0
 77
     6
176
     0
 78
     2
176
     0
 67
     7
176
     0
 79
     5
176
     0
170
     0
176
     0
171
     0
176
     0
290
     0
176
     0
 93
        1
176
     0
 44
0.0
176
     0
173
     0
176
     0
  0
VISUALSTYLE
  5
E6B
102
{ACAD_REACTORS
330
E5C
102
}
330
E5C
100
AcDbVisualStyle
  2
Facepattern
 70
    15
177
     2
291
     1
 71
     2
176
     1
 72
     2
176
     1
 73
     0
176
     1
 90
        0
176
     1
 40
0.6
176
     1
 41
30.0
176
     1
 63
     7
421
 16777215
176
     1
 74
     1
176
     1
 91
        4
176
     1
 64
     7
176
     1
 65
   257
176
     1
 75
     1
176
     1
175
     1
176
     1
 42
1.0
176
     1
 92
        8
176
     1
 66
     7
176
     1
 43
1.0
176
     1
 76
     1
176
     1
 77
     6
176
     1
 78
     2
176
     1
 67
     7
176
     1
 79
     5
176
     1
170
     0
176
     1
171
     0
176
     1
290
     0
176
     1
 93
        1
176
     1
 44
0.0
176
     1
173
     0
176
     1
  0
VISUALSTYLE
  5
E5D
102
{ACAD_REACTORS
330
E5C
102
}
330
E5C
100
AcDbVisualStyle
  2
Flat
 70
     0
177
     2
291
     1
 71
     2
176
     1
 72
     1
176
     1
 73
     1
176
     1
 90
        2
176
     1
 40
0.6
176
     1
 41
30.0
176
     1
 63
     7
421
 16777215
176
     1
 74
     0
176
     1
 91
        0
176
     1
 64
     7
176
     1
 65
   257
176
     1
 75
     1
176
     1
175
     1
176
     1
 42
1.0
176
     1
 92
        8
176
     1
 66
     7
176
     1
 43
1.0
176
     1
 76
     1
176
     1
 77
     6
176
     1
 78
     2
176
     1
 67
     7
176
     1
 79
     5
176
     1
170
     0
176
     1
171
     0
176
     1
290
     0
176
     1
 93
       13
176
     1
 44
0.0
176
     1
173
     0
176
     1
  0
VISUALSTYLE
  5
E5E
102
{ACAD_REACTORS
330
E5C
102
}
330
E5C
100
AcDbVisualStyle
  2
FlatWithEdges
 70
     1
177
     2
291
     1
 71
     2
176
     1
 72
     1
176
     1
 73
     1
176
     1
 90
        2
176
     1
 40
0.6
176
     1
 41
30.0
176
     1
 63
     7
421
 16777215
176
     1
 74
     1
176
     1
 91
        0
176
     1
 64
     7
176
     1
 65
   257
176
     1
 75
     1
176
     1
175
     1
176
     1
 42
1.0
176
     1
 92
        0
176
     1
 66
   257
176
     1
 43
1.0
176
     1
 76
     1
176
     1
 77
     6
176
     1
 78
     2
176
     1
 67
     7
176
     1
 79
     5
176
     1
170
     0
176
     1
171
     0
176
     1
290
     0
176
     1
 93
       13
176
     1
 44
0.0
176
     1
173
     0
176
     1
  0
VISUALSTYLE
  5
E5F
102
{ACAD_REACTORS
330
E5C
102
}
330
E5C
100
AcDbVisualStyle
  2
Gouraud
 70
     2
177
     2
291
     1
 71
     2
176
     1
 72
     2
176
     1
 73
     1
176
     1
 90
        2
176
     1
 40
0.6
176
     1
 41
30.0
176
     1
 63
     7
421
 16777215
176
     1
 74
     0
176
     1
 91
        0
176
     1
 64
     7
176
     1
 65
   257
176
     1
 75
     1
176
     1
175
     1
176
     1
 42
1.0
176
     1
 92
        0
176
     1
 66
     7
176
     1
 43
1.0
176
     1
 76
     1
176
     1
 77
     6
176
     1
 78
     2
176
     1
 67
     7
176
     1
 79
     5
176
     1
170
     0
176
     1
171
     0
176
     1
290
     0
176
     1
 93
       13
176
     1
 44
0.0
176
     1
173
     0
176
     1
  0
VISUALSTYLE
  5
E60
102
{ACAD_REACTORS
330
E5C
102
}
330
E5C
100
AcDbVisualStyle
  2
GouraudWithEdges
 70
     3
177
     2
291
     1
 71
     2
176
     1
 72
     2
176
     1
 73
     1
176
     1
 90
        2
176
     1
 40
0.6
176
     1
 41
30.0
176
     1
 63
     7
421
 16777215
176
     1
 74
     1
176
     1
 91
        0
176
     1
 64
     7
176
     1
 65
   257
176
     1
 75
     1
176
     1
175
     1
176
     1
 42
1.0
176
     1
 92
        0
176
     1
 66
   257
176
     1
 43
1.0
176
     1
 76
     1
176
     1
 77
     6
176
     1
 78
     2
176
     1
 67
     7
176
     1
 79
     5
176
     1
170
     0
176
     1
171
     0
176
     1
290
     0
176
     1
 93
       13
176
     1
 44
0.0
176
     1
173
     0
176
     1
  0
VISUALSTYLE
  5
E64
102
{ACAD_REACTORS
330
E5C
102
}
330
E5C
100
AcDbVisualStyle
  2
Hidden
 70
     6
177
     2
291
     0
 71
     1
176
     1
 72
     2
176
     1
 73
     2
176
     1
 90
        0
176
     1
 40
0.6
176
     1
 41
30.0
176
     1
 63
     7
421
 16777215
176
     1
 74
     2
176
     1
 91
        2
176
     1
 64
     7
176
     1
 65
   257
176
     1
 75
     2
176
     1
175
     1
176
     1
 42
40.0
176
     1
 92
        0
176
     1
 66
   257
176
     1
 43
1.0
176
     1
 76
     1
176
     1
 77
     6
176
     1
 78
     2
176
     1
 67
     7
176
     1
 79
     3
176
     1
170
     0
176
     1
171
     0
176
     1
290
     0
176
     1
 93
        1
176
     1
 44
0.0
176
     1
173
     0
176
     1
  0
VISUALSTYLE
  5
E72
102
{ACAD_REACTORS
330
E5C
102
}
330
E5C
100
AcDbVisualStyle
  2
JitterOff
 70
    20
177
     2
291
     1
 71
     2
176
     0
 72
     2
176
     0
 73
     0
176
     0
 90
        0
176
     0
 40
0.6
176
     0
 41
30.0
176
     0
 63
     7
421
 16777215
176
     0
 74
     1
176
     0
 91
        4
176
     0
 64
     7
176
     0
 65
   257
176
     0
 75
     1
176
     0
175
     1
176
     0
 42
1.0
176
     0
 92
       10
176
     2
 66
     7
176
     0
 43
1.0
176
     0
 76
     1
176
     0
 77
     6
176
     0
 78
     2
176
     0
 67
     7
176
     0
 79
     5
176
     0
170
     0
176
     0
171
     0
176
     0
290
     0
176
     0
 93
        1
176
     0
 44
0.0
176
     0
173
     0
176
     0
  0
VISUALSTYLE
  5
E6A
102
{ACAD_REACTORS
330
E5C
102
}
330
E5C
100
AcDbVisualStyle
  2
Linepattern
 70
    14
177
     2
291
     1
 71
     2
176
     1
 72
     2
176
     1
 73
     0
176
     1
 90
        0
176
     1
 40
0.6
176
     1
 41
30.0
176
     1
 63
     7
421
 16777215
176
     1
 74
     1
176
     1
 91
        4
176
     1
 64
     7
176
     1
 65
   257
176
     1
 75
     7
176
     1
175
     7
176
     1
 42
1.0
176
     1
 92
        8
176
     1
 66
     7
176
     1
 43
1.0
176
     1
 76
     1
176
     1
 77
     6
176
     1
 78
     2
176
     1
 67
     7
176
     1
 79
     5
176
     1
170
     0
176
     1
171
     0
176
     1
290
     0
176
     1
 93
        1
176
     1
 44
0.0
176
     1
173
     0
176
     1
  0
VISUALSTYLE
  5
E73
102
{ACAD_REACTORS
330
E5C
102
}
330
E5C
100
AcDbVisualStyle
  2
OverhangOff
 70
    21
177
     2
291
     1
 71
     2
176
     0
 72
     2
176
     0
 73
     0
176
     0
 90
        0
176
     0
 40
0.6
176
     0
 41
30.0
176
     0
 63
     7
421
 16777215
176
     0
 74
     1
176
     0
 91
        4
176
     0
 64
     7
176
     0
 65
   257
176
     0
 75
     1
176
     0
175
     1
176
     0
 42
1.0
176
     0
 92
        9
176
     2
 66
     7
176
     0
 43
1.0
176
     0
 76
     1
176
     0
 77
     6
176
     0
 78
     2
176
     0
 67
     7
176
     0
 79
     5
176
     0
170
     0
176
     0
171
     0
176
     0
290
     0
176
     0
 93
        1
176
     0
 44
0.0
176
     0
173
     0
176
     0
  0
VISUALSTYLE
  5
E66
102
{ACAD_REACTORS
330
E5C
102
}
330
E5C
100
AcDbVisualStyle
  2
Realistic
 70
     8
177
     2
291
     0
 71
     2
176
     1
 72
     3
176
     1
 73
     0
176
     1
 90
        2
176
     1
 40
0.6
176
     1
 41
30.0
176
     1
 63
     7
421
 16777215
176
     1
 74
     0
176
     1
 91
        0
176
     1
 64
     7
176
     1
 65
   257
176
     1
 75
     1
176
     1
175
     1
176
     1
 42
1.0
176
     1
 92
        8
176
     1
 66
   257
176
     1
 43
1.0
176
     1
 76
     1
176
     1
 77
     6
176
     1
 78
     2
176
     1
 67
     7
176
     1
 79
     3
176
     1
170
     0
176
     1
171
     0
176
     1
290
     0
176
     1
 93
       13
176
     1
 44
0.0
176
     1
173
     0
176
     1
  0
VISUALSTYLE
  5
E71
102
{ACAD_REACTORS
330
E5C
102
}
330
E5C
100
AcDbVisualStyle
  2
Shaded
 70
    27
177
     2
291
     0
 71
     2
176
     1
 72
     2
176
     1
 73
     1
176
     1
 90
        2
176
     1
 40
0.6
176
     1
 41
30.0
176
     1
 63
     7
421
 16777215
176
     1
 74
     0
176
     1
 91
        4
176
     1
 64
     7
176
     1
 65
   257
176
     1
 75
     1
176
     1
175
     1
176
     1
 42
1.0
176
     1
 92
        8
176
     1
 66
   257
176
     1
 43
1.0
176
     1
 76
     1
176
     1
 77
     6
176
     1
 78
     2
176
     1
 67
     8
425
  7895160
176
     1
 79
     3
176
     1
170
     0
176
     1
171
     0
176
     1
290
     0
176
     1
 93
        5
176
     1
 44
0.0
176
     1
173
     0
176
     1
  0
VISUALSTYLE
  5
E70
102
{ACAD_REACTORS
330
E5C
102
}
330
E5C
100
AcDbVisualStyle
  2
Shaded with edges
 70
    26
177
     2
291
     0
 71
     2
176
     1
 72
     2
176
     1
 73
     1
176
     1
 90
        2
176
     1
 40
0.6
176
     1
 41
30.0
176
     1
 63
     7
421
 16777215
176
     1
 74
     1
176
     1
 91
       10
176
     1
 64
     7
176
     1
 65
   257
176
     1
 75
     2
176
     1
175
     1
176
     1
 42
1.0
176
     1
 92
        8
176
     1
 66
   257
176
     1
 43
1.0
176
     1
 76
     1
176
     1
 77
     6
176
     1
 78
     2
176
     1
 67
     7
176
     1
 79
     3
176
     1
170
     0
176
     1
171
     0
176
     1
290
     0
176
     1
 93
        5
176
     1
 44
0.0
176
     1
173
     0
176
     1
  0
VISUALSTYLE
  5
E6D
102
{ACAD_REACTORS
330
E5C
102
}
330
E5C
100
AcDbVisualStyle
  2
Shades of Gray
 70
    23
177
     2
291
     0
 71
     2
176
     1
 72
     2
176
     1
 73
     3
176
     1
 90
        0
176
     1
 40
0.6
176
     1
 41
30.0
176
     1
 63
     7
421
 16777215
176
     1
 74
     2
176
     1
 91
        2
176
     1
 64
     7
176
     1
 65
     7
176
     1
 75
     1
176
     1
175
     1
176
     1
 42
40.0
176
     1
 92
        8
176
     1
 66
     7
176
     1
 43
1.0
176
     1
 76
     1
176
     1
 77
     6
176
     1
 78
     2
176
     1
 67
     7
176
     1
 79
     3
176
     1
170
     0
176
     1
171
     0
176
     1
290
     0
176
     1
 93
        1
176
     1
 44
0.0
176
     1
173
     0
176
     1
  0
VISUALSTYLE
  5
E6E
102
{ACAD_REACTORS
330
E5C
102
}
330
E5C
100
AcDbVisualStyle
  2
Sketchy
 70
    24
177
     2
291
     0
 71
     1
176
     1
 72
     2
176
     1
 73
     2
176
     1
 90
        0
176
     1
 40
0.6
176
     1
 41
30.0
176
     1
 63
     7
421
 16777215
176
     1
 74
     2
176
     1
 91
        2
176
     1
 64
     7
176
     1
 65
     7
176
     1
 75
     1
176
     1
175
     1
176
     1
 42
40.0
176
     1
 92
       11
176
     1
 66
     7
176
     1
 43
1.0
176
     1
 76
     1
176
     1
 77
     6
176
     1
 78
     2
176
     1
 67
     7
176
     1
 79
     6
176
     1
170
     0
176
     1
171
     0
176
     1
290
     0
176
     1
 93
        1
176
     1
 44
0.0
176
     1
173
     0
176
     1
  0
VISUALSTYLE
  5
E69
102
{ACAD_REACTORS
330
E5C
102
}
330
E5C
100
AcDbVisualStyle
  2
Thicken
 70
    13
177
     2
291
     1
 71
     2
176
     1
 72
     2
176
     1
 73
     0
176
     1
 90
        0
176
     1
 40
0.6
176
     1
 41
30.0
176
     1
 63
     7
421
 16777215
176
     1
 74
     1
176
     1
 91
        4
176
     1
 64
     7
176
     1
 65
   257
176
     1
 75
     1
176
     1
175
     1
176
     1
 42
1.0
176
     1
 92
       12
176
     1
 66
     7
176
     1
 43
1.0
176
     1
 76
     1
176
     1
 77
     6
176
     1
 78
     2
176
     1
 67
     7
176
     1
 79
     5
176
     1
170
     0
176
     1
171
     0
176
     1
290
     0
176
     1
 93
        1
176
     1
 44
0.0
176
     1
173
     0
176
     1
  0
VISUALSTYLE
  5
E63
102
{ACAD_REACTORS
330
E5C
102
}
330
E5C
100
AcDbVisualStyle
  2
Wireframe
 70
     5
177
     2
291
     0
 71
     0
176
     1
 72
     2
176
     1
 73
     0
176
     1
 90
        0
176
     1
 40
0.6
176
     1
 41
30.0
176
     1
 63
     7
421
 16777215
176
     1
 74
     1
176
     1
 91
        4
176
     1
 64
     7
176
     1
 65
   257
176
     1
 75
     1
176
     1
175
     1
176
     1
 42
1.0
176
     1
 92
        0
176
     1
 66
   257
176
     1
 43
1.0
176
     1
 76
     1
176
     1
 77
     6
176
     1
 78
     2
176
     1
 67
     7
176
     1
 79
     3
176
     1
170
     0
176
     1
171
     0
176
     1
290
     0
176
     1
 93
        1
176
     1
 44
0.0
176
     1
173
     0
176
     1
  0
VISUALSTYLE
  5
E6F
102
{ACAD_REACTORS
330
E5C
102
}
330
E5C
100
AcDbVisualStyle
  2
X-Ray
 70
    25
177
     2
291
     0
 71
     2
176
     1
 72
     2
176
     1
 73
     1
176
     1
 90
        1
176
     1
 40
0.5
176
     1
 41
30.0
176
     1
 63
     7
421
 16777215
176
     1
 74
     1
176
     1
 91
        0
176
     1
 64
     7
176
     1
 65
   257
176
     1
 75
     1
176
     1
175
     1
176
     1
 42
1.0
176
     1
 92
        8
176
     1
 66
     7
176
     1
 43
1.0
176
     1
 76
     1
176
     1
 77
     6
176
     1
 78
     2
176
     1
 67
     7
176
     1
 79
     3
176
     1
170
     0
176
     1
171
     0
176
     1
290
     0
176
     1
 93
       13
176
     1
 44
0.0
176
     1
173
     0
176
     1
  0
DICTIONARYVAR
  5
EA7
102
{ACAD_REACTORS
330
E27
102
}
330
E27
100
DictionaryVariables
280
     0
  1
1:1
  0
DICTIONARYVAR
  5
EA5
102
{ACAD_REACTORS
330
E27
102
}
330
E27
100
DictionaryVariables
280
     0
  1
STANDARD
  0
DICTIONARYVAR
  5
E28
102
{ACAD_REACTORS
330
E27
102
}
330
E27
100
DictionaryVariables
280
     0
  1
STANDARD
  0
DICTIONARYVAR
  5
E36
102
{ACAD_REACTORS
330
E27
102
}
330
E27
100
DictionaryVariables
280
     0
  1
1
  0
DICTIONARYVAR
  5
E35
102
{ACAD_REACTORS
330
E27
102
}
330
E27
100
DictionaryVariables
280
     0
  1
1
  0
DICTIONARYVAR
  5
EA9
102
{ACAD_REACTORS
330
E27
102
}
330
E27
100
DictionaryVariables
280
     0
  1
1
  0
DICTIONARYVAR
  5
EAA
102
{ACAD_REACTORS
330
E27
102
}
330
E27
100
DictionaryVariables
280
     0
  1
15
  0
DICTIONARYVAR
  5
EA8
102
{ACAD_REACTORS
330
E27
102
}
330
E27
100
DictionaryVariables
280
     0
  1
0
  0
DICTIONARYVAR
  5
EA6
102
{ACAD_REACTORS
330
E27
102
}
330
E27
100
DictionaryVariables
280
     0
  1
0
  0
DICTIONARYVAR
  5
E37
102
{ACAD_REACTORS
330
E27
102
}
330
E27
100
DictionaryVariables
280
     0
  1

  0
XRECORD
  5
E26
102
{ACAD_REACTORS
330
E24
102
}
330
E24
100
AcDbXrecord
280
     1
  0
DICTIONARY
  5
E4D
330
E4C
100
AcDbDictionary
280
     1
281
     1
  3
BUMPTILE
360
E4F
  3
DIFFUSETILE
360
E4E
  3
OPACITYTILE
360
E52
  3
REFLECTIONTILE
360
E51
  3
REFRACTIONTILE
360
E53
  3
SPECULARTILE
360
E50
  0
DICTIONARY
  5
E45
330
E44
100
AcDbDictionary
280
     1
281
     1
  3
BUMPTILE
360
E47
  3
DIFFUSETILE
360
E46
  3
OPACITYTILE
360
E4A
  3
REFLECTIONTILE
360
E49
  3
REFRACTIONTILE
360
E4B
  3
SPECULARTILE
360
E48
  0
DICTIONARY
  5
E55
330
E54
100
AcDbDictionary
280
     1
281
     1
  3
BUMPTILE
360
E57
  3
DIFFUSETILE
360
E56
  3
OPACITYTILE
360
E5A
  3
REFLECTIONTILE
360
E59
  3
REFRACTIONTILE
360
E5B
  3
SPECULARTILE
360
E58
  0
DICTIONARY
  5
EAE
330
E88
100
AcDbDictionary
280
     1
281
     1
  3
ACAD_XREC_ROUNDTRIP
360
EAF
  0
DICTIONARY
  5
EAC
330
28
100
AcDbDictionary
280
     1
281
     1
  3
ACAD_ROUNDTRIP_2008_TABLESTYLE_CELLSTYLEMAP
360
EAD
  0
XRECORD
  5
E4F
102
{ACAD_REACTORS
330
E4D
102
}
330
E4D
100
AcDbXrecord
280
     1
270
     1
271
     1
  0
XRECORD
  5
E4E
102
{ACAD_REACTORS
330
E4D
102
}
330
E4D
100
AcDbXrecord
280
     1
270
     1
271
     1
  0
XRECORD
  5
E52
102
{ACAD_REACTORS
330
E4D
102
}
330
E4D
100
AcDbXrecord
280
     1
270
     1
271
     1
  0
XRECORD
  5
E51
102
{ACAD_REACTORS
330
E4D
102
}
330
E4D
100
AcDbXrecord
280
     1
270
     1
271
     1
  0
XRECORD
  5
E53
102
{ACAD_REACTORS
330
E4D
102
}
330
E4D
100
AcDbXrecord
280
     1
270
     1
271
     1
  0
XRECORD
  5
E50
102
{ACAD_REACTORS
330
E4D
102
}
330
E4D
100
AcDbXrecord
280
     1
270
     1
271
     1
  0
XRECORD
  5
E47
102
{ACAD_REACTORS
330
E45
102
}
330
E45
100
AcDbXrecord
280
     1
270
     1
271
     1
  0
XRECORD
  5
E46
102
{ACAD_REACTORS
330
E45
102
}
330
E45
100
AcDbXrecord
280
     1
270
     1
271
     1
  0
XRECORD
  5
E4A
102
{ACAD_REACTORS
330
E45
102
}
330
E45
100
AcDbXrecord
280
     1
270
     1
271
     1
  0
XRECORD
  5
E49
102
{ACAD_REACTORS
330
E45
102
}
330
E45
100
AcDbXrecord
280
     1
270
     1
271
     1
  0
XRECORD
  5
E4B
102
{ACAD_REACTORS
330
E45
102
}
330
E45
100
AcDbXrecord
280
     1
270
     1
271
     1
  0
XRECORD
  5
E48
102
{ACAD_REACTORS
330
E45
102
}
330
E45
100
AcDbXrecord
280
     1
270
     1
271
     1
  0
XRECORD
  5
E57
102
{ACAD_REACTORS
330
E55
102
}
330
E55
100
AcDbXrecord
280
     1
270
     1
271
     1
  0
XRECORD
  5
E56
102
{ACAD_REACTORS
330
E55
102
}
330
E55
100
AcDbXrecord
280
     1
270
     1
271
     1
  0
XRECORD
  5
E5A
102
{ACAD_REACTORS
330
E55
102
}
330
E55
100
AcDbXrecord
280
     1
270
     1
271
     1
  0
XRECORD
  5
E59
102
{ACAD_REACTORS
330
E55
102
}
330
E55
100
AcDbXrecord
280
     1
270
     1
271
     1
  0
XRECORD
  5
E5B
102
{ACAD_REACTORS
330
E55
102
}
330
E55
100
AcDbXrecord
280
     1
270
     1
271
     1
  0
XRECORD
  5
E58
102
{ACAD_REACTORS
330
E55
102
}
330
E55
100
AcDbXrecord
280
     1
270
     1
271
     1
  0
XRECORD
  5
EAF
102
{ACAD_REACTORS
330
EAE
102
}
330
EAE
100
AcDbXrecord
280
     1
102
ACAD_ROUNDTRIP_2012_MLEADER_STYLE
298
     1
  0
CELLSTYLEMAP
  5
EAD
102
{ACAD_REACTORS
330
EAC
102
}
330
EAC
100
AcDbCellStyleMap
 90
        3
300
CELLSTYLE
  1
TABLEFORMAT_BEGIN
 90
        5
170
     1
 91
        0
 92
    32768
 62
   257
 93
        1
300
CONTENTFORMAT
  1
CONTENTFORMAT_BEGIN
 90
        0
 91
        0
 92
        4
 93
        0
300

 40
0.0
140
1.0
 94
        5
 62
     0
340
12
144
6.0
309
CONTENTFORMAT_END
171
     1
301
MARGIN
  1
CELLMARGIN_BEGIN
 40
1.5
 40
1.5
 40
1.5
 40
1.5
 40
0.18
 40
0.18
309
CELLMARGIN_END
 94
        6
 95
        1
302
GRIDFORMAT
  1
GRIDFORMAT_BEGIN
 90
        0
 91
        1
 62
     0
 92
       -2
340
0
 93
        0
 40
0.045
309
GRIDFORMAT_END
 95
        2
302
GRIDFORMAT
  1
GRIDFORMAT_BEGIN
 90
        0
 91
        1
 62
     0
 92
       -2
340
0
 93
        0
 40
0.045
309
GRIDFORMAT_END
 95
        4
302
GRIDFORMAT
  1
GRIDFORMAT_BEGIN
 90
        0
 91
        1
 62
     0
 92
       -2
340
0
 93
        0
 40
0.045
309
GRIDFORMAT_END
 95
        8
302
GRIDFORMAT
  1
GRIDFORMAT_BEGIN
 90
        0
 91
        1
 62
     0
 92
       -2
340
0
 93
        0
 40
0.045
309
GRIDFORMAT_END
 95
       16
302
GRIDFORMAT
  1
GRIDFORMAT_BEGIN
 90
        0
 91
        1
 62
     0
 92
       -2
340
0
 93
        0
 40
0.045
309
GRIDFORMAT_END
 95
       32
302
GRIDFORMAT
  1
GRIDFORMAT_BEGIN
 90
        0
 91
        1
 62
     0
 92
       -2
340
0
 93
        0
 40
0.045
309
GRIDFORMAT_END
309
TABLEFORMAT_END
  1
CELLSTYLE_BEGIN
 90
        1
 91
        1
300
_TITLE
309
CELLSTYLE_END
300
CELLSTYLE
  1
TABLEFORMAT_BEGIN
 90
        5
170
     1
 91
        0
 92
        0
 62
   257
 93
        1
300
CONTENTFORMAT
  1
CONTENTFORMAT_BEGIN
 90
        0
 91
        0
 92
        4
 93
        0
300

 40
0.0
140
1.0
 94
        5
 62
     0
340
12
144
4.5
309
CONTENTFORMAT_END
171
     1
301
MARGIN
  1
CELLMARGIN_BEGIN
 40
1.5
 40
1.5
 40
1.5
 40
1.5
 40
0.18
 40
0.18
309
CELLMARGIN_END
 94
        6
 95
        1
302
GRIDFORMAT
  1
GRIDFORMAT_BEGIN
 90
        0
 91
        1
 62
     0
 92
       -2
340
0
 93
        0
 40
0.045
309
GRIDFORMAT_END
 95
        2
302
GRIDFORMAT
  1
GRIDFORMAT_BEGIN
 90
        0
 91
        1
 62
     0
 92
       -2
340
0
 93
        0
 40
0.045
309
GRIDFORMAT_END
 95
        4
302
GRIDFORMAT
  1
GRIDFORMAT_BEGIN
 90
        0
 91
        1
 62
     0
 92
       -2
340
0
 93
        0
 40
0.045
309
GRIDFORMAT_END
 95
        8
302
GRIDFORMAT
  1
GRIDFORMAT_BEGIN
 90
        0
 91
        1
 62
     0
 92
       -2
340
0
 93
        0
 40
0.045
309
GRIDFORMAT_END
 95
       16
302
GRIDFORMAT
  1
GRIDFORMAT_BEGIN
 90
        0
 91
        1
 62
     0
 92
       -2
340
0
 93
        0
 40
0.045
309
GRIDFORMAT_END
 95
       32
302
GRIDFORMAT
  1
GRIDFORMAT_BEGIN
 90
        0
 91
        1
 62
     0
 92
       -2
340
0
 93
        0
 40
0.045
309
GRIDFORMAT_END
309
TABLEFORMAT_END
  1
CELLSTYLE_BEGIN
 90
        2
 91
        1
300
_HEADER
309
CELLSTYLE_END
300
CELLSTYLE
  1
TABLEFORMAT_BEGIN
 90
        5
170
     1
 91
        0
 92
        0
 62
   257
 93
        1
300
CONTENTFORMAT
  1
CONTENTFORMAT_BEGIN
 90
        0
 91
        0
 92
        4
 93
        0
300

 40
0.0
140
1.0
 94
        2
 62
     0
340
12
144
4.5
309
CONTENTFORMAT_END
171
     1
301
MARGIN
  1
CELLMARGIN_BEGIN
 40
1.5
 40
1.5
 40
1.5
 40
1.5
 40
0.18
 40
0.18
309
CELLMARGIN_END
 94
        6
 95
        1
302
GRIDFORMAT
  1
GRIDFORMAT_BEGIN
 90
        0
 91
        1
 62
     0
 92
       -2
340
0
 93
        0
 40
0.045
309
GRIDFORMAT_END
 95
        2
302
GRIDFORMAT
  1
GRIDFORMAT_BEGIN
 90
        0
 91
        1
 62
     0
 92
       -2
340
0
 93
        0
 40
0.045
309
GRIDFORMAT_END
 95
        4
302
GRIDFORMAT
  1
GRIDFORMAT_BEGIN
 90
        0
 91
        1
 62
     0
 92
       -2
340
0
 93
        0
 40
0.045
309
GRIDFORMAT_END
 95
        8
302
GRIDFORMAT
  1
GRIDFORMAT_BEGIN
 90
        0
 91
        1
 62
     0
 92
       -2
340
0
 93
        0
 40
0.045
309
GRIDFORMAT_END
 95
       16
302
GRIDFORMAT
  1
GRIDFORMAT_BEGIN
 90
        0
 91
        1
 62
     0
 92
       -2
340
0
 93
        0
 40
0.045
309
GRIDFORMAT_END
 95
       32
302
GRIDFORMAT
  1
GRIDFORMAT_BEGIN
 90
        0
 91
        1
 62
     0
 92
       -2
340
0
 93
        0
 40
0.045
309
GRIDFORMAT_END
309
TABLEFORMAT_END
  1
CELLSTYLE_BEGIN
 90
        3
 91
        2
300
_DATA
309
CELLSTYLE_END
  0
ENDSEC
  0
EOF
