  0
SECTION
  2
HEADER
  9
$ACADVER
  1
AC1032
  9
$ACADMAINTVER
 90
4
  9
$DWGCODEPAGE
  3
ANSI_1252
  9
$LASTSAVEDBY
  1
ezdxf
  9
$REQUIREDVERSIONS
160
0
  9
$INSBASE
 10
0.0
 20
0.0
 30
0.0
  9
$EXTMIN
 10
1e+20
 20
1e+20
 30
1e+20
  9
$EXTMAX
 10
-1e+20
 20
-1e+20
 30
-1e+20
  9
$LIMMIN
 10
0.0
 20
0.0
  9
$LIMMAX
 10
420.0
 20
297.0
  9
$ORTHOMODE
 70
0
  9
$REGENMODE
 70
1
  9
$FILLMODE
 70
1
  9
$QTEXTMODE
 70
0
  9
$MIRRTEXT
 70
1
  9
$LTSCALE
 40
1.0
  9
$ATTMODE
 70
1
  9
$TEXTSIZE
 40
2.5
  9
$TRACEWID
 40
1.0
  9
$TEXTSTYLE
  7
Standard
  9
$CLAYER
  8
0
  9
$CELTYPE
  6
ByLayer
  9
$CECOLOR
 62
256
  9
$CELTSCALE
 40
1.0
  9
$DISPSILH
 70
0
  9
$DIMSCALE
 40
1.0
  9
$DIMASZ
 40
2.5
  9
$DIMEXO
 40
0.625
  9
$DIMDLI
 40
3.75
  9
$DIMRND
 40
0.0
  9
$DIMDLE
 40
0.0
  9
$DIMEXE
 40
1.25
  9
$DIMTP
 40
0.0
  9
$DIMTM
 40
0.0
  9
$DIMTXT
 40
2.5
  9
$DIMCEN
 40
2.5
  9
$DIMTSZ
 40
0.0
  9
$DIMTOL
 70
0
  9
$DIMLIM
 70
0
  9
$DIMTIH
 70
0
  9
$DIMTOH
 70
0
  9
$DIMSE1
 70
0
  9
$DIMSE2
 70
0
  9
$DIMTAD
 70
1
  9
$DIMZIN
 70
8
  9
$DIMBLK
  1

  9
$DIMASO
 70
1
  9
$DIMSHO
 70
1
  9
$DIMPOST
  1

  9
$DIMAPOST
  1

  9
$DIMALT
 70
0
  9
$DIMALTD
 70
3
  9
$DIMALTF
 40
0.03937007874
  9
$DIMLFAC
 40
1.0
  9
$DIMTOFL
 70
1
  9
$DIMTVP
 40
0.0
  9
$DIMTIX
 70
0
  9
$DIMSOXD
 70
0
  9
$DIMSAH
 70
0
  9
$DIMBLK1
  1

  9
$DIMBLK2
  1

  9
$DIMSTYLE
  2
ISO-25
  9
$DIMCLRD
 70
0
  9
$DIMCLRE
 70
0
  9
$DIMCLRT
 70
0
  9
$DIMTFAC
 40
1.0
  9
$DIMGAP
 40
0.625
  9
$DIMJUST
 70
0
  9
$DIMSD1
 70
0
  9
$DIMSD2
 70
0
  9
$DIMTOLJ
 70
0
  9
$DIMTZIN
 70
8
  9
$DIMALTZ
 70
0
  9
$DIMALTTZ
 70
0
  9
$DIMUPT
 70
0
  9
$DIMDEC
 70
2
  9
$DIMTDEC
 70
2
  9
$DIMALTU
 70
2
  9
$DIMALTTD
 70
3
  9
$DIMTXSTY
  7
Standard
  9
$DIMAUNIT
 70
0
  9
$DIMADEC
 70
0
  9
$DIMALTRND
 40
0.0
  9
$DIMAZIN
 70
0
  9
$DIMDSEP
 70
44
  9
$DIMATFIT
 70
3
  9
$DIMFRAC
 70
0
  9
$DIMLDRBLK
  1

  9
$DIMLUNIT
 70
2
  9
$DIMLWD
 70
-2
  9
$DIMLWE
 70
-2
  9
$DIMTMOVE
 70
0
  9
$DIMFXL
 40
1.0
  9
$DIMFXLON
 70
0
  9
$DIMJOGANG
 40
0.785398163397
  9
$DIMTFILL
 70
0
  9
$DIMTFILLCLR
 70
0
  9
$DIMARCSYM
 70
0
  9
$DIMLTYPE
  6

  9
$DIMLTEX1
  6

  9
$DIMLTEX2
  6

  9
$DIMTXTDIRECTION
 70
0
  9
$LUNITS
 70
2
  9
$LUPREC
 70
4
  9
$SKETCHINC
 40
1.0
  9
$FILLETRAD
 40
10.0
  9
$AUNITS
 70
0
  9
$AUPREC
 70
2
  9
$MENU
  1
.
  9
$ELEVATION
 40
0.0
  9
$PELEVATION
 40
0.0
  9
$THICKNESS
 40
0.0
  9
$LIMCHECK
 70
0
  9
$CHAMFERA
 40
0.0
  9
$CHAMFERB
 40
0.0
  9
$CHAMFERC
 40
0.0
  9
$CHAMFERD
 40
0.0
  9
$SKPOLY
 70
0
  9
$TDCREATE
 40
2461085.24599537
  9
$TDUCREATE
 40
2458532.153996898
  9
$TDUPDATE
 40
2461085.24599537
  9
$TDUUPDATE
 40
2458532.1544311
  9
$TDINDWG
 40
0.0
  9
$TDUSRTIMER
 40
0.0
  9
$USRTIMER
 70
1
  9
$ANGBASE
 50
0.0
  9
$ANGDIR
 70
0
  9
$PDMODE
 70
0
  9
$PDSIZE
 40
0.0
  9
$PLINEWID
 40
0.0
  9
$SPLFRAME
 70
0
  9
$SPLINETYPE
 70
6
  9
$SPLINESEGS
 70
8
  9
$HANDSEED
  5
1A2
  9
$SURFTAB1
 70
6
  9
$SURFTAB2
 70
6
  9
$SURFTYPE
 70
6
  9
$SURFU
 70
6
  9
$SURFV
 70
6
  9
$UCSBASE
  2

  9
$UCSNAME
  2

  9
$UCSORG
 10
0.0
 20
0.0
 30
0.0
  9
$UCSXDIR
 10
1.0
 20
0.0
 30
0.0
  9
$UCSYDIR
 10
0.0
 20
1.0
 30
0.0
  9
$UCSORTHOREF
  2

  9
$UCSORTHOVIEW
 70
0
  9
$UCSORGTOP
 10
0.0
 20
0.0
 30
0.0
  9
$UCSORGBOTTOM
 10
0.0
 20
0.0
 30
0.0
  9
$UCSORGLEFT
 10
0.0
 20
0.0
 30
0.0
  9
$UCSORGRIGHT
 10
0.0
 20
0.0
 30
0.0
  9
$UCSORGFRONT
 10
0.0
 20
0.0
 30
0.0
  9
$UCSORGBACK
 10
0.0
 20
0.0
 30
0.0
  9
$PUCSBASE
  2

  9
$PUCSNAME
  2

  9
$PUCSORG
 10
0.0
 20
0.0
 30
0.0
  9
$PUCSXDIR
 10
1.0
 20
0.0
 30
0.0
  9
$PUCSYDIR
 10
0.0
 20
1.0
 30
0.0
  9
$PUCSORTHOREF
  2

  9
$PUCSORTHOVIEW
 70
0
  9
$PUCSORGTOP
 10
0.0
 20
0.0
 30
0.0
  9
$PUCSORGBOTTOM
 10
0.0
 20
0.0
 30
0.0
  9
$PUCSORGLEFT
 10
0.0
 20
0.0
 30
0.0
  9
$PUCSORGRIGHT
 10
0.0
 20
0.0
 30
0.0
  9
$PUCSORGFRONT
 10
0.0
 20
0.0
 30
0.0
  9
$PUCSORGBACK
 10
0.0
 20
0.0
 30
0.0
  9
$USERI1
 70
0
  9
$USERI2
 70
0
  9
$USERI3
 70
0
  9
$USERI4
 70
0
  9
$USERI5
 70
0
  9
$USERR1
 40
0.0
  9
$USERR2
 40
0.0
  9
$USERR3
 40
0.0
  9
$USERR4
 40
0.0
  9
$USERR5
 40
0.0
  9
$WORLDVIEW
 70
1
  9
$SHADEDGE
 70
3
  9
$SHADEDIF
 70
70
  9
$TILEMODE
 70
1
  9
$MAXACTVP
 70
64
  9
$PINSBASE
 10
0.0
 20
0.0
 30
0.0
  9
$PLIMCHECK
 70
0
  9
$PEXTMIN
 10
1e+20
 20
1e+20
 30
1e+20
  9
$PEXTMAX
 10
-1e+20
 20
-1e+20
 30
-1e+20
  9
$PLIMMIN
 10
0.0
 20
0.0
  9
$PLIMMAX
 10
420.0
 20
297.0
  9
$UNITMODE
 70
0
  9
$VISRETAIN
 70
1
  9
$PLINEGEN
 70
0
  9
$PSLTSCALE
 70
1
  9
$TREEDEPTH
 70
3020
  9
$CMLSTYLE
  2
Standard
  9
$CMLJUST
 70
0
  9
$CMLSCALE
 40
20.0
  9
$PROXYGRAPHICS
 70
1
  9
$MEASUREMENT
 70
1
  9
$CELWEIGHT
370
-1
  9
$ENDCAPS
280
0
  9
$JOINSTYLE
280
0
  9
$LWDISPLAY
290
0
  9
$INSUNITS
 70
6
  9
$HYPERLINKBASE
  1

  9
$STYLESHEET
  1

  9
$XEDIT
290
1
  9
$CEPSNTYPE
380
0
  9
$PSTYLEMODE
290
1
  9
$FINGERPRINTGUID
  2
{D80C2F5B-224F-4199-912B-238F175CBCB0}
  9
$VERSIONGUID
  2
{0D4C5136-B53E-4F68-9631-6BB4456BF6AC}
  9
$EXTNAMES
290
1
  9
$PSVPSCALE
 40
0.0
  9
$OLESTARTUP
290
0
  9
$SORTENTS
280
127
  9
$INDEXCTL
280
0
  9
$HIDETEXT
280
1
  9
$XCLIPFRAME
280
1
  9
$HALOGAP
280
0
  9
$OBSCOLOR
 70
257
  9
$OBSLTYPE
280
0
  9
$INTERSECTIONDISPLAY
280
0
  9
$INTERSECTIONCOLOR
 70
257
  9
$DIMASSOC
280
2
  9
$PROJECTNAME
  1

  9
$CAMERADISPLAY
290
0
  9
$LENSLENGTH
 40
50.0
  9
$CAMERAHEIGHT
 40
0.0
  9
$STEPSPERSEC
 40
24.0
  9
$STEPSIZE
 40
100.0
  9
$3DDWFPREC
 40
2.0
  9
$PSOLWIDTH
 40
0.005
  9
$PSOLHEIGHT
 40
0.08
  9
$LOFTANG1
 40
1.570796326795
  9
$LOFTANG2
 40
1.570796326795
  9
$LOFTMAG1
 40
0.0
  9
$LOFTMAG2
 40
0.0
  9
$LOFTPARAM
 70
7
  9
$LOFTNORMALS
280
1
  9
$LATITUDE
 40
37.795
  9
$LONGITUDE
 40
-122.394
  9
$NORTHDIRECTION
 40
0.0
  9
$TIMEZONE
 70
-8000
  9
$LIGHTGLYPHDISPLAY
280
1
  9
$TILEMODELIGHTSYNCH
280
1
  9
$CMATERIAL
347
20
  9
$SOLIDHIST
280
0
  9
$SHOWHIST
280
1
  9
$DWFFRAME
280
2
  9
$DGNFRAME
280
2
  9
$REALWORLDSCALE
290
1
  9
$INTERFERECOLOR
 62
256
  9
$CSHADOW
280
0
  9
$SHADOWPLANELOCATION
 40
0.0
  0
ENDSEC
  0
SECTION
  2
CLASSES
  0
CLASS
  1
ACDBDICTIONARYWDFLT
  2
AcDbDictionaryWithDefault
  3
ObjectDBX Classes
 90
0
 91
0
280
0
281
0
  0
CLASS
  1
SUN
  2
AcDbSun
  3
SCENEOE
 90
1153
 91
0
280
0
281
0
  0
CLASS
  1
VISUALSTYLE
  2
AcDbVisualStyle
  3
ObjectDBX Classes
 90
4095
 91
0
280
0
281
0
  0
CLASS
  1
MATERIAL
  2
AcDbMaterial
  3
ObjectDBX Classes
 90
1153
 91
0
280
0
281
0
  0
CLASS
  1
SCALE
  2
AcDbScale
  3
ObjectDBX Classes
 90
1153
 91
0
280
0
281
0
  0
CLASS
  1
TABLESTYLE
  2
AcDbTableStyle
  3
ObjectDBX Classes
 90
4095
 91
0
280
0
281
0
  0
CLASS
  1
MLEADERSTYLE
  2
AcDbMLeaderStyle
  3
ACDB_MLEADERSTYLE_CLASS
 90
4095
 91
0
280
0
281
0
  0
CLASS
  1
DICTIONARYVAR
  2
AcDbDictionaryVar
  3
ObjectDBX Classes
 90
0
 91
0
280
0
281
0
  0
CLASS
  1
CELLSTYLEMAP
  2
AcDbCellStyleMap
  3
ObjectDBX Classes
 90
1152
 91
0
280
0
281
0
  0
CLASS
  1
MENTALRAYRENDERSETTINGS
  2
AcDbMentalRayRenderSettings
  3
SCENEOE
 90
1024
 91
0
280
0
281
0
  0
CLASS
  1
ACDBDETAILVIEWSTYLE
  2
AcDbDetailViewStyle
  3
ObjectDBX Classes
 90
1025
 91
0
280
0
281
0
  0
CLASS
  1
ACDBSECTIONVIEWSTYLE
  2
AcDbSectionViewStyle
  3
ObjectDBX Classes
 90
1025
 91
0
280
0
281
0
  0
CLASS
  1
RASTERVARIABLES
  2
AcDbRasterVariables
  3
ISM
 90
0
 91
0
280
0
281
0
  0
CLASS
  1
LAYOUT
  2
AcDbLayout
  3
ObjectDBX Classes
 90
0
 91
0
280
0
281
0
  0
CLASS
  1
ACDBPLACEHOLDER
  2
AcDbPlaceHolder
  3
ObjectDBX Classes
 90
0
 91
0
280
0
281
0
  0
ENDSEC
  0
SECTION
  2
TABLES
  0
TABLE
  2
VPORT
  5
8
330
0
100
AcDbSymbolTable
 70
1
  0
VPORT
  5
23
330
8
100
AcDbSymbolTableRecord
100
AcDbViewportTableRecord
  2
*Active
 70
0
 10
0.0
 20
0.0
 11
1.0
 21
1.0
 12
0.0
 22
0.0
 13
0.0
 23
0.0
 14
0.5
 24
0.5
 15
0.5
 25
0.5
 16
0.0
 26
0.0
 36
1.0
 17
0.0
 27
0.0
 37
0.0
 40
1000.0
 41
1.34
 42
50.0
 43
0.0
 44
0.0
 50
0.0
 51
0.0
 71
0
 72
1000
 73
1
 74
3
 75
0
 76
0
 77
0
 78
0
281
0
 65
0
146
0.0
  0
ENDTAB
  0
TABLE
  2
LTYPE
  5
2
330
0
100
AcDbSymbolTable
 70
4
  0
LTYPE
  5
24
330
2
100
AcDbSymbolTableRecord
100
AcDbLinetypeTableRecord
  2
ByBlock
 70
0
  3

 72
65
 73
0
 40
0.0
  0
LTYPE
  5
25
330
2
100
AcDbSymbolTableRecord
100
AcDbLinetypeTableRecord
  2
ByLayer
 70
0
  3

 72
65
 73
0
 40
0.0
  0
LTYPE
  5
26
330
2
100
AcDbSymbolTableRecord
100
AcDbLinetypeTableRecord
  2
Continuous
 70
0
  3

 72
65
 73
0
 40
0.0
  0
LTYPE
  5
19C
330
2
100
AcDbSymbolTableRecord
100
AcDbLinetypeTableRecord
  2
Dash
 70
0
  3

 72
65
 73
2
 40
6.350000000000001
 49
3.175
 74
0
 49
-3.175
 74
0
  0
ENDTAB
  0
TABLE
  2
LAYER
  5
1
330
0
100
AcDbSymbolTable
 70
4
  0
LAYER
  5
27
330
1
100
AcDbSymbolTableRecord
100
AcDbLayerTableRecord
  2
0
 70
0
 62
7
  6
Continuous
370
-3
390
13
347
21
  0
LAYER
  5
28
330
1
100
AcDbSymbolTableRecord
100
AcDbLayerTableRecord
  2
Defpoints
 70
0
 62
7
  6
Continuous
290
0
370
-3
390
13
347
21
  0
LAYER
  5
19A
330
1
100
AcDbSymbolTableRecord
100
AcDbLayerTableRecord
  2
A-DETL-GENF-HDLN
 70
0
 62
1
  6
Dash
370
18
390
13
347
21
348
0
  0
LAYER
  5
19B
330
1
100
AcDbSymbolTableRecord
100
AcDbLayerTableRecord
  2
A-DETL-GENF
 70
0
 62
92
  6
Continuous
370
18
390
13
347
21
348
0
  0
ENDTAB
  0
TABLE
  2
STYLE
  5
5
330
0
100
AcDbSymbolTable
 70
1
  0
STYLE
  5
29
330
5
100
AcDbSymbolTableRecord
100
AcDbTextStyleTableRecord
  2
Standard
 70
0
 40
0.0
 41
1.0
 50
0.0
 71
0
 42
2.5
  3
txt
  4

  0
ENDTAB
  0
TABLE
  2
VIEW
  5
7
330
0
100
AcDbSymbolTable
 70
0
  0
ENDTAB
  0
TABLE
  2
UCS
  5
6
330
0
100
AcDbSymbolTable
 70
0
  0
ENDTAB
  0
TABLE
  2
APPID
  5
3
330
0
100
AcDbSymbolTable
 70
3
  0
APPID
  5
2A
330
3
100
AcDbSymbolTableRecord
100
AcDbRegAppTableRecord
  2
ACAD
 70
0
  0
APPID
  5
19F
330
3
100
AcDbSymbolTableRecord
100
AcDbRegAppTableRecord
  2
HATCHBACKGROUNDCOLOR
 70
0
  0
APPID
  5
1A0
330
3
100
AcDbSymbolTableRecord
100
AcDbRegAppTableRecord
  2
EZDXF
 70
0
  0
ENDTAB
  0
TABLE
  2
DIMSTYLE
  5
4
330
0
100
AcDbSymbolTable
 70
1
100
AcDbDimStyleTable
  0
DIMSTYLE
105
2B
330
4
100
AcDbSymbolTableRecord
100
AcDbDimStyleTableRecord
  2
Standard
 70
0
 40
1.0
 41
2.5
 42
0.625
 43
3.75
 44
1.25
 45
0.0
 46
0.0
 47
0.0
 48
0.0
 49
2.5
140
2.5
141
2.5
142
0.0
143
0.03937007874
144
1.0
145
0.0
146
1.0
147
0.625
148
0.0
 69
0
 70
0
 71
0
 72
0
 73
0
 74
0
 75
0
 76
0
 77
1
 78
8
 79
3
170
0
171
3
172
1
173
0
174
0
175
0
176
0
177
0
178
0
179
2
271
2
272
2
273
2
274
3
275
0
276
0
277
2
278
44
279
0
280
0
281
0
282
0
283
0
284
8
285
0
286
0
288
0
289
3
290
0
371
-2
372
-2
  0
ENDTAB
  0
TABLE
  2
BLOCK_RECORD
  5
9
330
0
100
AcDbSymbolTable
 70
3
  0
BLOCK_RECORD
  5
17
330
9
100
AcDbSymbolTableRecord
100
AcDbBlockTableRecord
  2
*Model_Space
340
1A
 70
0
280
1
281
0
  0
BLOCK_RECORD
  5
1B
330
9
100
AcDbSymbolTableRecord
100
AcDbBlockTableRecord
  2
*Paper_Space
340
1E
 70
0
280
1
281
0
  0
BLOCK_RECORD
  5
2F
330
9
100
AcDbSymbolTableRecord
100
AcDbBlockTableRecord
  2
47 mossedum-detail - maaiveld in detail-5036362-00_0 Basismaterialen
340
0
 70
0
280
1
281
0
  0
ENDTAB
  0
ENDSEC
  0
SECTION
  2
BLOCKS
  0
BLOCK
  5
18
330
17
100
AcDbEntity
  8
0
100
AcDbBlockBegin
  2
*Model_Space
 70
0
 10
0.0
 20
0.0
 30
0.0
  3
*Model_Space
  1

  0
ENDBLK
  5
19
330
17
100
AcDbEntity
  8
0
100
AcDbBlockEnd
  0
BLOCK
  5
1C
330
1B
100
AcDbEntity
  8
0
100
AcDbBlockBegin
  2
*Paper_Space
 70
0
 10
0.0
 20
0.0
 30
0.0
  3
*Paper_Space
  1

  0
ENDBLK
  5
1D
330
1B
100
AcDbEntity
  8
0
100
AcDbBlockEnd
  0
BLOCK
  5
30
330
2F
100
AcDbEntity
  8
0
100
AcDbBlockBegin
  2
47 mossedum-detail - maaiveld in detail-5036362-00_0 Basismaterialen
 70
0
 10
0.0
 20
0.0
 30
0.0
  3
47 mossedum-detail - maaiveld in detail-5036362-00_0 Basismaterialen
  1

  0
HATCH
  5
32
330
2F
100
AcDbEntity
  8
A-DETL-GENF
370
25
100
AcDbHatch
 10
0.0
 20
0.0
 30
0.0
210
0.0
220
0.0
230
1.0
  2
SOLID
 70
1
 71
0
 91
1
 92
1
 93
4
 72
1
 10
-389.5985042685948
 20
-25.00000000000298
 11
-386.4735042685934
 21
-12.50000000000149
 72
1
 10
-386.4735042685934
 20
-12.50000000000149
 11
-397.9318376019307
 21
-12.50000000000149
 72
1
 10
-397.9318376019307
 20
-12.50000000000149
 11
-397.9318376019307
 21
-25.00000000000298
 72
1
 10
-397.9318376019307
 20
-25.00000000000298
 11
-389.5985042685948
 21
-25.00000000000298
 97
0
 75
0
 76
1
 98
1
 10
0.0
 20
0.0
450
0
451
0
460
0.0
461
0.0
452
0
462
0.0
453
0
470

  0
HATCH
  5
33
330
2F
100
AcDbEntity
  8
A-DETL-GENF
370
25
100
AcDbHatch
 10
0.0
 20
0.0
 30
0.0
210
0.0
220
0.0
230
1.0
  2
SOLID
 70
1
 71
0
 91
1
 92
1
 93
3
 72
1
 10
-364.5985042685918
 20
-25.00000000000298
 11
-364.5985042685918
 21
-12.50000000000149
 72
1
 10
-364.5985042685918
 20
-12.50000000000149
 11
-367.4735042685977
 21
-12.50000000000149
 72
1
 10
-367.4735042685977
 20
-12.50000000000149
 11
-364.5985042685918
 21
-25.00000000000298
 97
0
 75
0
 76
1
 98
1
 10
0.0
 20
0.0
450
0
451
0
460
0.0
461
0.0
452
0
462
0.0
453
0
470

  0
HATCH
  5
34
330
2F
100
AcDbEntity
  8
A-DETL-GENF
370
25
100
AcDbHatch
 10
0.0
 20
0.0
 30
0.0
210
0.0
220
0.0
230
1.0
  2
SOLID
 70
1
 71
0
 91
1
 92
1
 93
4
 72
1
 10
-356.2651709352604
 20
-25.00000000000298
 11
-353.1401709352589
 21
-12.50000000000149
 72
1
 10
-353.1401709352589
 20
-12.50000000000149
 11
-364.5985042685918
 21
-12.50000000000149
 72
1
 10
-364.5985042685918
 20
-12.50000000000149
 11
-364.5985042685918
 21
-25.00000000000298
 72
1
 10
-364.5985042685918
 20
-25.00000000000298
 11
-356.2651709352604
 21
-25.00000000000298
 97
0
 75
0
 76
1
 98
1
 10
0.0
 20
0.0
450
0
451
0
460
0.0
461
0.0
452
0
462
0.0
453
0
470

  0
HATCH
  5
35
330
2F
100
AcDbEntity
  8
A-DETL-GENF
370
25
100
AcDbHatch
 10
0.0
 20
0.0
 30
0.0
210
0.0
220
0.0
230
1.0
  2
SOLID
 70
1
 71
0
 91
1
 92
1
 93
3
 72
1
 10
-331.2651709352618
 20
-25.00000000000298
 11
-331.2651709352618
 21
-12.50000000000149
 72
1
 10
-331.2651709352618
 20
-12.50000000000149
 11
-334.1401709352589
 21
-12.50000000000149
 72
1
 10
-334.1401709352589
 20
-12.50000000000149
 11
-331.2651709352618
 21
-25.00000000000298
 97
0
 75
0
 76
1
 98
1
 10
0.0
 20
0.0
450
0
451
0
460
0.0
461
0.0
452
0
462
0.0
453
0
470

  0
HATCH
  5
36
330
2F
100
AcDbEntity
  8
A-DETL-GENF
370
25
100
AcDbHatch
 10
0.0
 20
0.0
 30
0.0
210
0.0
220
0.0
230
1.0
  2
SOLID
 70
1
 71
0
 91
1
 92
1
 93
4
 72
1
 10
-322.931837601926
 20
-25.00000000000082
 11
-319.8068376019289
 21
-12.49999999999932
 72
1
 10
-319.8068376019289
 20
-12.49999999999932
 11
-331.2651709352618
 21
-12.49999999999932
 72
1
 10
-331.2651709352618
 20
-12.49999999999932
 11
-331.2651709352618
 21
-25.00000000000082
 72
1
 10
-331.2651709352618
 20
-25.00000000000082
 11
-322.931837601926
 21
-25.00000000000082
 97
0
 75
0
 76
1
 98
1
 10
0.0
 20
0.0
450
0
451
0
460
0.0
461
0.0
452
0
462
0.0
453
0
470

  0
HATCH
  5
37
330
2F
100
AcDbEntity
  8
A-DETL-GENF
370
25
100
AcDbHatch
 10
0.0
 20
0.0
 30
0.0
210
0.0
220
0.0
230
1.0
  2
SOLID
 70
1
 71
0
 91
1
 92
1
 93
3
 72
1
 10
-297.9318376019273
 20
-25.00000000000082
 11
-297.9318376019273
 21
-12.49999999999932
 72
1
 10
-297.9318376019273
 20
-12.49999999999932
 11
-300.8068376019289
 21
-12.49999999999932
 72
1
 10
-300.8068376019289
 20
-12.49999999999932
 11
-297.9318376019273
 21
-25.00000000000082
 97
0
 75
0
 76
1
 98
1
 10
0.0
 20
0.0
450
0
451
0
460
0.0
461
0.0
452
0
462
0.0
453
0
470

  0
HATCH
  5
38
330
2F
100
AcDbEntity
  8
A-DETL-GENF
370
25
100
AcDbHatch
 10
0.0
 20
0.0
 30
0.0
210
0.0
220
0.0
230
1.0
  2
SOLID
 70
1
 71
0
 91
1
 92
1
 93
4
 72
1
 10
-289.5985042685916
 20
-25.00000000000082
 11
-286.4735042685902
 21
-12.49999999999932
 72
1
 10
-286.4735042685902
 20
-12.49999999999932
 11
-297.9318376019273
 21
-12.49999999999932
 72
1
 10
-297.9318376019273
 20
-12.49999999999932
 11
-297.9318376019273
 21
-25.00000000000082
 72
1
 10
-297.9318376019273
 20
-25.00000000000082
 11
-289.5985042685916
 21
-25.00000000000082
 97
0
 75
0
 76
1
 98
1
 10
0.0
 20
0.0
450
0
451
0
460
0.0
461
0.0
452
0
462
0.0
453
0
470

  0
HATCH
  5
39
330
2F
100
AcDbEntity
  8
A-DETL-GENF
370
25
100
AcDbHatch
 10
0.0
 20
0.0
 30
0.0
210
0.0
220
0.0
230
1.0
  2
SOLID
 70
1
 71
0
 91
1
 92
1
 93
3
 72
1
 10
-264.5985042685929
 20
-25.00000000000082
 11
-264.5985042685929
 21
-12.49999999999932
 72
1
 10
-264.5985042685929
 20
-12.49999999999932
 11
-267.4735042685945
 21
-12.49999999999932
 72
1
 10
-267.4735042685945
 20
-12.49999999999932
 11
-264.5985042685929
 21
-25.00000000000082
 97
0
 75
0
 76
1
 98
1
 10
0.0
 20
0.0
450
0
451
0
460
0.0
461
0.0
452
0
462
0.0
453
0
470

  0
HATCH
  5
3A
330
2F
100
AcDbEntity
  8
A-DETL-GENF
370
25
100
AcDbHatch
 10
0.0
 20
0.0
 30
0.0
210
0.0
220
0.0
230
1.0
  2
SOLID
 70
1
 71
0
 91
1
 92
1
 93
4
 72
1
 10
-256.2651709352615
 20
-25.00000000000082
 11
-253.14017093526
 21
-12.49999999999932
 72
1
 10
-253.14017093526
 20
-12.49999999999932
 11
-264.5985042685929
 21
-12.49999999999932
 72
1
 10
-264.5985042685929
 20
-12.49999999999932
 11
-264.5985042685929
 21
-25.00000000000082
 72
1
 10
-264.5985042685929
 20
-25.00000000000082
 11
-256.2651709352615
 21
-25.00000000000082
 97
0
 75
0
 76
1
 98
1
 10
0.0
 20
0.0
450
0
451
0
460
0.0
461
0.0
452
0
462
0.0
453
0
470

  0
HATCH
  5
3B
330
2F
100
AcDbEntity
  8
A-DETL-GENF
370
25
100
AcDbHatch
 10
0.0
 20
0.0
 30
0.0
210
0.0
220
0.0
230
1.0
  2
SOLID
 70
1
 71
0
 91
1
 92
1
 93
3
 72
1
 10
-231.2651709352585
 20
-25.00000000000082
 11
-231.2651709352585
 21
-12.49999999999932
 72
1
 10
-231.2651709352585
 20
-12.49999999999932
 11
-234.14017093526
 21
-12.49999999999932
 72
1
 10
-234.14017093526
 20
-12.49999999999932
 11
-231.2651709352585
 21
-25.00000000000082
 97
0
 75
0
 76
1
 98
1
 10
0.0
 20
0.0
450
0
451
0
460
0.0
461
0.0
452
0
462
0.0
453
0
470

  0
HATCH
  5
3C
330
2F
100
AcDbEntity
  8
A-DETL-GENF
370
25
100
AcDbHatch
 10
0.0
 20
0.0
 30
0.0
210
0.0
220
0.0
230
1.0
  2
SOLID
 70
1
 71
0
 91
1
 92
1
 93
4
 72
1
 10
-222.9318376019271
 20
-25.00000000000082
 11
-219.8068376019299
 21
-12.49999999999932
 72
1
 10
-219.8068376019299
 20
-12.49999999999932
 11
-231.2651709352585
 21
-12.49999999999932
 72
1
 10
-231.2651709352585
 20
-12.49999999999932
 11
-231.2651709352585
 21
-25.00000000000082
 72
1
 10
-231.2651709352585
 20
-25.00000000000082
 11
-222.9318376019271
 21
-25.00000000000082
 97
0
 75
0
 76
1
 98
1
 10
0.0
 20
0.0
450
0
451
0
460
0.0
461
0.0
452
0
462
0.0
453
0
470

  0
HATCH
  5
3D
330
2F
100
AcDbEntity
  8
A-DETL-GENF
370
25
100
AcDbHatch
 10
0.0
 20
0.0
 30
0.0
210
0.0
220
0.0
230
1.0
  2
SOLID
 70
1
 71
0
 91
1
 92
1
 93
3
 72
1
 10
-197.9318376019284
 20
-25.00000000000082
 11
-197.9318376019284
 21
-12.49999999999932
 72
1
 10
-197.9318376019284
 20
-12.49999999999932
 11
-200.8068376019256
 21
-12.49999999999932
 72
1
 10
-200.8068376019256
 20
-12.49999999999932
 11
-197.9318376019284
 21
-25.00000000000082
 97
0
 75
0
 76
1
 98
1
 10
0.0
 20
0.0
450
0
451
0
460
0.0
461
0.0
452
0
462
0.0
453
0
470

  0
HATCH
  5
3E
330
2F
100
AcDbEntity
  8
A-DETL-GENF
370
25
100
AcDbHatch
 10
0.0
 20
0.0
 30
0.0
210
0.0
220
0.0
230
1.0
  2
SOLID
 70
1
 71
0
 91
1
 92
1
 93
4
 72
1
 10
-189.5985042685926
 20
-25.00000000000082
 11
-186.4735042685912
 21
-12.49999999999932
 72
1
 10
-186.4735042685912
 20
-12.49999999999932
 11
-197.9318376019284
 21
-12.49999999999932
 72
1
 10
-197.9318376019284
 20
-12.49999999999932
 11
-197.9318376019284
 21
-25.00000000000082
 72
1
 10
-197.9318376019284
 20
-25.00000000000082
 11
-189.5985042685926
 21
-25.00000000000082
 97
0
 75
0
 76
1
 98
1
 10
0.0
 20
0.0
450
0
451
0
460
0.0
461
0.0
452
0
462
0.0
453
0
470

  0
HATCH
  5
3F
330
2F
100
AcDbEntity
  8
A-DETL-GENF
370
25
100
AcDbHatch
 10
0.0
 20
0.0
 30
0.0
210
0.0
220
0.0
230
1.0
  2
SOLID
 70
1
 71
0
 91
1
 92
1
 93
3
 72
1
 10
-164.598504268594
 20
-25.00000000000082
 11
-164.598504268594
 21
-12.49999999999932
 72
1
 10
-164.598504268594
 20
-12.49999999999932
 11
-167.4735042685912
 21
-12.49999999999932
 72
1
 10
-167.4735042685912
 20
-12.49999999999932
 11
-164.598504268594
 21
-25.00000000000082
 97
0
 75
0
 76
1
 98
1
 10
0.0
 20
0.0
450
0
451
0
460
0.0
461
0.0
452
0
462
0.0
453
0
470

  0
HATCH
  5
40
330
2F
100
AcDbEntity
  8
A-DETL-GENF
370
25
100
AcDbHatch
 10
0.0
 20
0.0
 30
0.0
210
0.0
220
0.0
230
1.0
  2
SOLID
 70
1
 71
0
 91
1
 92
1
 93
4
 72
1
 10
-156.2651709352582
 20
-25.00000000000082
 11
-153.1401709352611
 21
-12.49999999999932
 72
1
 10
-153.1401709352611
 20
-12.49999999999932
 11
-164.598504268594
 21
-12.49999999999932
 72
1
 10
-164.598504268594
 20
-12.49999999999932
 11
-164.598504268594
 21
-25.00000000000082
 72
1
 10
-164.598504268594
 20
-25.00000000000082
 11
-156.2651709352582
 21
-25.00000000000082
 97
0
 75
0
 76
1
 98
1
 10
0.0
 20
0.0
450
0
451
0
460
0.0
461
0.0
452
0
462
0.0
453
0
470

  0
HATCH
  5
41
330
2F
100
AcDbEntity
  8
A-DETL-GENF
370
25
100
AcDbHatch
 10
0.0
 20
0.0
 30
0.0
210
0.0
220
0.0
230
1.0
  2
SOLID
 70
1
 71
0
 91
1
 92
1
 93
3
 72
1
 10
-131.2651709352596
 20
-25.00000000000082
 11
-131.2651709352596
 21
-12.49999999999932
 72
1
 10
-131.2651709352596
 20
-12.49999999999932
 11
-134.1401709352611
 21
-12.49999999999932
 72
1
 10
-134.1401709352611
 20
-12.49999999999932
 11
-131.2651709352596
 21
-25.00000000000082
 97
0
 75
0
 76
1
 98
1
 10
0.0
 20
0.0
450
0
451
0
460
0.0
461
0.0
452
0
462
0.0
453
0
470

  0
HATCH
  5
42
330
2F
100
AcDbEntity
  8
A-DETL-GENF
370
25
100
AcDbHatch
 10
0.0
 20
0.0
 30
0.0
210
0.0
220
0.0
230
1.0
  2
SOLID
 70
1
 71
0
 91
1
 92
1
 93
4
 72
1
 10
-122.9318376019238
 20
-25.00000000000082
 11
-119.8068376019267
 21
-12.49999999999932
 72
1
 10
-119.8068376019267
 20
-12.49999999999932
 11
-131.2651709352596
 21
-12.49999999999932
 72
1
 10
-131.2651709352596
 20
-12.49999999999932
 11
-131.2651709352596
 21
-25.00000000000082
 72
1
 10
-131.2651709352596
 20
-25.00000000000082
 11
-122.9318376019238
 21
-25.00000000000082
 97
0
 75
0
 76
1
 98
1
 10
0.0
 20
0.0
450
0
451
0
460
0.0
461
0.0
452
0
462
0.0
453
0
470

  0
HATCH
  5
43
330
2F
100
AcDbEntity
  8
A-DETL-GENF
370
25
100
AcDbHatch
 10
0.0
 20
0.0
 30
0.0
210
0.0
220
0.0
230
1.0
  2
SOLID
 70
1
 71
0
 91
1
 92
1
 93
3
 72
1
 10
-97.93183760192517
 20
-25.00000000000082
 11
-97.93183760192517
 21
-12.49999999999932
 72
1
 10
-97.93183760192517
 20
-12.49999999999932
 11
-100.8068376019267
 21
-12.49999999999932
 72
1
 10
-100.8068376019267
 20
-12.49999999999932
 11
-97.93183760192517
 21
-25.00000000000082
 97
0
 75
0
 76
1
 98
1
 10
0.0
 20
0.0
450
0
451
0
460
0.0
461
0.0
452
0
462
0.0
453
0
470

  0
HATCH
  5
44
330
2F
100
AcDbEntity
  8
A-DETL-GENF
370
25
100
AcDbHatch
 10
0.0
 20
0.0
 30
0.0
210
0.0
220
0.0
230
1.0
  2
SOLID
 70
1
 71
0
 91
1
 92
1
 93
4
 72
1
 10
-89.59850426859373
 20
-25.00000000000082
 11
-86.47350426859228
 21
-12.49999999999932
 72
1
 10
-86.47350426859228
 20
-12.49999999999932
 11
-97.93183760192517
 21
-12.49999999999932
 72
1
 10
-97.93183760192517
 20
-12.49999999999932
 11
-97.93183760192517
 21
-25.00000000000082
 72
1
 10
-97.93183760192517
 20
-25.00000000000082
 11
-89.59850426859373
 21
-25.00000000000082
 97
0
 75
0
 76
1
 98
1
 10
0.0
 20
0.0
450
0
451
0
460
0.0
461
0.0
452
0
462
0.0
453
0
470

  0
HATCH
  5
45
330
2F
100
AcDbEntity
  8
A-DETL-GENF
370
25
100
AcDbHatch
 10
0.0
 20
0.0
 30
0.0
210
0.0
220
0.0
230
1.0
  2
SOLID
 70
1
 71
0
 91
1
 92
1
 93
3
 72
1
 10
-64.59850426859076
 20
-25.00000000000082
 11
-64.59850426859076
 21
-12.49999999999932
 72
1
 10
-64.59850426859076
 20
-12.49999999999932
 11
-67.47350426859227
 21
-12.49999999999932
 72
1
 10
-67.47350426859227
 20
-12.49999999999932
 11
-64.59850426859076
 21
-25.00000000000082
 97
0
 75
0
 76
1
 98
1
 10
0.0
 20
0.0
450
0
451
0
460
0.0
461
0.0
452
0
462
0.0
453
0
470

  0
HATCH
  5
46
330
2F
100
AcDbEntity
  8
A-DETL-GENF
370
25
100
AcDbHatch
 10
0.0
 20
0.0
 30
0.0
210
0.0
220
0.0
230
1.0
  2
SOLID
 70
1
 71
0
 91
1
 92
1
 93
4
 72
1
 10
-56.26517093525931
 20
-25.00000000000082
 11
-53.14017093525785
 21
-12.49999999999932
 72
1
 10
-53.14017093525785
 20
-12.49999999999932
 11
-64.59850426859076
 21
-12.49999999999932
 72
1
 10
-64.59850426859076
 20
-12.49999999999932
 11
-64.59850426859076
 21
-25.00000000000082
 72
1
 10
-64.59850426859076
 20
-25.00000000000082
 11
-56.26517093525931
 21
-25.00000000000082
 97
0
 75
0
 76
1
 98
1
 10
0.0
 20
0.0
450
0
451
0
460
0.0
461
0.0
452
0
462
0.0
453
0
470

  0
HATCH
  5
47
330
2F
100
AcDbEntity
  8
A-DETL-GENF
370
25
100
AcDbHatch
 10
0.0
 20
0.0
 30
0.0
210
0.0
220
0.0
230
1.0
  2
SOLID
 70
1
 71
0
 91
1
 92
1
 93
3
 72
1
 10
-31.26517093526067
 20
-25.00000000000082
 11
-31.26517093526067
 21
-12.49999999999932
 72
1
 10
-31.26517093526067
 20
-12.49999999999932
 11
-34.14017093525785
 21
-12.49999999999932
 72
1
 10
-34.14017093525785
 20
-12.49999999999932
 11
-31.26517093526067
 21
-25.00000000000082
 97
0
 75
0
 76
1
 98
1
 10
0.0
 20
0.0
450
0
451
0
460
0.0
461
0.0
452
0
462
0.0
453
0
470

  0
HATCH
  5
48
330
2F
100
AcDbEntity
  8
A-DETL-GENF
370
25
100
AcDbHatch
 10
0.0
 20
0.0
 30
0.0
210
0.0
220
0.0
230
1.0
  2
SOLID
 70
1
 71
0
 91
1
 92
1
 93
4
 72
1
 10
-22.93183760192489
 20
-25.00000000000082
 11
-19.80683760192344
 21
-12.49999999999932
 72
1
 10
-19.80683760192344
 20
-12.49999999999932
 11
-31.26517093526067
 21
-12.49999999999932
 72
1
 10
-31.26517093526067
 20
-12.49999999999932
 11
-31.26517093526067
 21
-25.00000000000082
 72
1
 10
-31.26517093526067
 20
-25.00000000000082
 11
-22.93183760192489
 21
-25.00000000000082
 97
0
 75
0
 76
1
 98
1
 10
0.0
 20
0.0
450
0
451
0
460
0.0
461
0.0
452
0
462
0.0
453
0
470

  0
HATCH
  5
49
330
2F
100
AcDbEntity
  8
A-DETL-GENF
370
25
100
AcDbHatch
 10
0.0
 20
0.0
 30
0.0
210
0.0
220
0.0
230
1.0
  2
SOLID
 70
1
 71
0
 91
1
 92
1
 93
3
 72
1
 10
2.068162398073752
 20
-25.00000000000082
 11
2.068162398073752
 21
-12.49999999999932
 72
1
 10
2.068162398073752
 20
-12.49999999999932
 11
-0.8068376019277593
 21
-12.49999999999932
 72
1
 10
-0.8068376019277593
 20
-12.49999999999932
 11
2.068162398073752
 21
-25.00000000000082
 97
0
 75
0
 76
1
 98
1
 10
0.0
 20
0.0
450
0
451
0
460
0.0
461
0.0
452
0
462
0.0
453
0
470

  0
HATCH
  5
4A
330
2F
100
AcDbEntity
  8
A-DETL-GENF
370
25
100
AcDbHatch
 10
0.0
 20
0.0
 30
0.0
210
0.0
220
0.0
230
1.0
  2
SOLID
 70
1
 71
0
 91
1
 92
1
 93
38
 72
1
 10
-297.9318376019273
 20
59.99999999999719
 11
-297.9318376019273
 21
105.5928012087912
 72
1
 10
-297.9318376019273
 20
105.5928012087912
 11
-299.636792809703
 21
100.345488634198
 72
1
 10
-299.636792809703
 20
100.345488634198
 11
-300.9230412527252
 21
105.9168427334765
 72
1
 10
-300.9230412527252
 20
105.9168427334765
 11
-303.4003795534621
 21
98.2923794292826
 72
1
 10
-303.4003795534621
 20
98.2923794292826
 11
-303.4003795534621
 21
101.3856261010248
 72
1
 10
-303.4003795534621
 20
101.3856261010248
 11
-305.262345050512
 21
106.9999999999973
 72
1
 10
-305.262345050512
 20
106.9999999999973
 11
-310.4184056060236
 21
91.1312773116149
 72
1
 10
-310.4184056060236
 20
91.1312773116149
 11
-314.5286479289867
 21
102.4240752824318
 72
1
 10
-314.5286479289867
 20
102.4240752824318
 11
-317.3078609893027
 21
105.2032883427457
 72
1
 10
-317.3078609893027
 20
105.2032883427457
 11
-322.4929848530014
 21
87.12061248737368
 72
1
 10
-322.4929848530014
 20
87.12061248737368
 11
-325.2198453627091
 21
104.1372749289358
 72
1
 10
-325.2198453627091
 20
104.1372749289358
 11
-328.3109262361693
 21
97.50843060395616
 72
1
 10
-328.3109262361693
 20
97.50843060395616
 11
-331.8464601420952
 21
101.0439645098907
 72
1
 10
-331.8464601420952
 20
101.0439645098907
 11
-333.2820289111108
 21
94.36667331311905
 72
1
 10
-333.2820289111108
 20
94.36667331311905
 11
-337.8801837848956
 21
106.9999999999973
 72
1
 10
-337.8801837848956
 20
106.9999999999973
 11
-343.8917670244205
 21
77.4189485863913
 72
1
 10
-343.8917670244205
 20
77.4189485863913
 11
-349.3187304847528
 21
100.9257098854568
 72
1
 10
-349.3187304847528
 20
100.9257098854568
 11
-351.6880157933947
 21
104.3093999763951
 72
1
 10
-351.6880157933947
 20
104.3093999763951
 11
-354.9447476474473
 21
94.28620996418182
 72
1
 10
-354.9447476474473
 20
94.28620996418182
 11
-356.2843396845225
 21
102.6457815018976
 72
1
 10
-356.2843396845225
 20
102.6457815018976
 11
-357.9251034420811
 21
106.9999999999973
 72
1
 10
-357.9251034420811
 20
106.9999999999973
 11
-360.6996679505464
 21
98.46076848946369
 72
1
 10
-360.6996679505464
 20
98.46076848946369
 11
-362.2140414629795
 21
101.8621070878102
 72
1
 10
-362.2140414629795
 20
101.8621070878102
 11
-364.3709102999321
 21
104.942435018107
 72
1
 10
-364.3709102999321
 20
104.942435018107
 11
-367.2463610981087
 21
88.63494318318644
 72
1
 10
-367.2463610981087
 20
88.63494318318644
 11
-372.8658719269148
 21
99.20370592122676
 72
1
 10
-372.8658719269148
 20
99.20370592122676
 11
-374.0464487646952
 21
100.3842827590093
 72
1
 10
-374.0464487646952
 20
100.3842827590093
 11
-375.1357947356051
 21
92.63318342042022
 72
1
 10
-375.1357947356051
 20
92.63318342042022
 11
-376.7602299085734
 21
101.525296254292
 72
1
 10
-376.7602299085734
 20
101.525296254292
 11
-378.5908792539195
 21
106.9999999999973
 72
1
 10
-378.5908792539195
 20
106.9999999999973
 11
-386.2129382666518
 21
83.54171445714105
 72
1
 10
-386.2129382666518
 20
83.54171445714105
 11
-388.5843819947501
 21
98.34043895242267
 72
1
 10
-388.5843819947501
 20
98.34043895242267
 11
-390.8865247272903
 21
103.5111361884812
 72
1
 10
-390.8865247272903
 20
103.5111361884812
 11
-394.0423337734451
 21
96.74348184919391
 72
1
 10
-394.0423337734451
 20
96.74348184919391
 11
-395.5041922970574
 21
101.5250056290083
 72
1
 10
-395.5041922970574
 20
101.5250056290083
 11
-397.9318376019307
 21
104.9920424322332
 72
1
 10
-397.9318376019307
 20
104.9920424322332
 11
-397.9318376019307
 21
59.99999999999719
 72
1
 10
-397.9318376019307
 20
59.99999999999719
 11
-297.9318376019273
 21
59.99999999999719
 97
0
 75
0
 76
1
 98
1
 10
0.0
 20
0.0
450
0
451
0
460
0.0
461
0.0
452
0
462
0.0
453
0
470

  0
HATCH
  5
4B
330
2F
100
AcDbEntity
  8
A-DETL-GENF
370
25
100
AcDbHatch
 10
0.0
 20
0.0
 30
0.0
210
0.0
220
0.0
230
1.0
  2
SOLID
 70
1
 71
0
 91
1
 92
1
 93
39
 72
1
 10
-197.9318376019284
 20
59.99999999999936
 11
-197.9318376019284
 21
105.5928012087934
 72
1
 10
-197.9318376019284
 20
105.5928012087934
 11
-199.636792809704
 21
100.345488634198
 72
1
 10
-199.636792809704
 20
100.345488634198
 11
-200.923041252722
 21
105.9168427334765
 72
1
 10
-200.923041252722
 20
105.9168427334765
 11
-203.4003795534632
 21
98.2923794292826
 72
1
 10
-203.4003795534632
 20
98.2923794292826
 11
-203.4003795534632
 21
101.3856261010248
 72
1
 10
-203.4003795534632
 20
101.3856261010248
 11
-205.2623450505131
 21
106.9999999999973
 72
1
 10
-205.2623450505131
 20
106.9999999999973
 11
-210.4184056060247
 21
91.13127731161708
 72
1
 10
-210.4184056060247
 20
91.13127731161708
 11
-214.5286479289834
 21
102.4240752824318
 72
1
 10
-214.5286479289834
 20
102.4240752824318
 11
-217.3078609892995
 21
105.2032883427479
 72
1
 10
-217.3078609892995
 20
105.2032883427479
 11
-222.4929848530025
 21
87.12061248737368
 72
1
 10
-222.4929848530025
 20
87.12061248737368
 11
-225.2198453627102
 21
104.1372749289358
 72
1
 10
-225.2198453627102
 20
104.1372749289358
 11
-228.310926236166
 21
97.50843060395832
 72
1
 10
-228.310926236166
 20
97.50843060395832
 11
-231.8464601420963
 21
101.0439645098907
 72
1
 10
-231.8464601420963
 20
101.0439645098907
 11
-233.2820289111118
 21
94.36667331312123
 72
1
 10
-233.2820289111118
 20
94.36667331312123
 11
-237.8801837848923
 21
106.9999999999973
 72
1
 10
-237.8801837848923
 20
106.9999999999973
 11
-243.8917670244173
 21
77.4189485863913
 72
1
 10
-243.8917670244173
 20
77.4189485863913
 11
-249.3187304847539
 21
100.9257098854568
 72
1
 10
-249.3187304847539
 20
100.9257098854568
 11
-251.6880157933958
 21
104.3093999763973
 72
1
 10
-251.6880157933958
 20
104.3093999763973
 11
-254.9447476474484
 21
94.28620996418398
 72
1
 10
-254.9447476474484
 20
94.28620996418398
 11
-256.2843396845236
 21
102.6457815018997
 72
1
 10
-256.2843396845236
 20
102.6457815018997
 11
-257.9251034420821
 21
106.9999999999973
 72
1
 10
-257.9251034420821
 20
106.9999999999973
 11
-260.6996679505475
 21
98.46076848946369
 72
1
 10
-260.6996679505475
 20
98.46076848946369
 11
-262.2140414629806
 21
101.8621070878102
 72
1
 10
-262.2140414629806
 20
101.8621070878102
 11
-264.3709102999289
 21
104.942435018107
 72
1
 10
-264.3709102999289
 20
104.942435018107
 11
-267.2463610981097
 21
88.63494318318862
 72
1
 10
-267.2463610981097
 20
88.63494318318862
 11
-272.8658719269159
 21
99.20370592122676
 72
1
 10
-272.8658719269159
 20
99.20370592122676
 11
-274.0464487646963
 21
100.3842827590093
 72
1
 10
-274.0464487646963
 20
100.3842827590093
 11
-275.1357947356019
 21
92.63318342042238
 72
1
 10
-275.1357947356019
 20
92.63318342042238
 11
-276.7602299085745
 21
101.525296254292
 72
1
 10
-276.7602299085745
 20
101.525296254292
 11
-278.5908792539206
 21
106.9999999999973
 72
1
 10
-278.5908792539206
 20
106.9999999999973
 11
-286.2129382666485
 21
83.54171445714105
 72
1
 10
-286.2129382666485
 20
83.54171445714105
 11
-288.5843819947512
 21
98.34043895242267
 72
1
 10
-288.5843819947512
 20
98.34043895242267
 11
-290.8865247272914
 21
103.5111361884833
 72
1
 10
-290.8865247272914
 20
103.5111361884833
 11
-294.0423337734462
 21
96.74348184919609
 72
1
 10
-294.0423337734462
 20
96.74348184919609
 11
-295.5041922970585
 21
101.5250056290083
 72
1
 10
-295.5041922970585
 20
101.5250056290083
 11
-297.9318376019273
 21
104.9920424322332
 72
1
 10
-297.9318376019273
 20
104.9920424322332
 11
-297.9318376019273
 21
59.99999999999936
 72
1
 10
-297.9318376019273
 20
59.99999999999936
 11
-220.6737531483192
 21
59.99999999999936
 72
1
 10
-220.6737531483192
 20
59.99999999999936
 11
-197.9318376019284
 21
59.99999999999936
 97
0
 75
0
 76
1
 98
1
 10
0.0
 20
0.0
450
0
451
0
460
0.0
461
0.0
452
0
462
0.0
453
0
470

  0
HATCH
  5
4C
330
2F
100
AcDbEntity
  8
A-DETL-GENF
370
25
100
AcDbHatch
 10
0.0
 20
0.0
 30
0.0
210
0.0
220
0.0
230
1.0
  2
SOLID
 70
1
 71
0
 91
1
 92
1
 93
38
 72
1
 10
-97.93183760192517
 20
59.99999999999936
 11
-97.93183760192517
 21
105.5928012087934
 72
1
 10
-97.93183760192517
 20
105.5928012087934
 11
-99.63679280970509
 21
100.345488634198
 72
1
 10
-99.63679280970509
 20
100.345488634198
 11
-100.923041252723
 21
105.9168427334765
 72
1
 10
-100.923041252723
 20
105.9168427334765
 11
-103.4003795534599
 21
98.2923794292826
 72
1
 10
-103.4003795534599
 20
98.2923794292826
 11
-103.4003795534599
 21
101.3856261010248
 72
1
 10
-103.4003795534599
 20
101.3856261010248
 11
-105.2623450505141
 21
106.9999999999973
 72
1
 10
-105.2623450505141
 20
106.9999999999973
 11
-110.4184056060257
 21
91.13127731161708
 72
1
 10
-110.4184056060257
 20
91.13127731161708
 11
-114.5286479289845
 21
102.4240752824318
 72
1
 10
-114.5286479289845
 20
102.4240752824318
 11
-117.3078609893005
 21
105.2032883427457
 72
1
 10
-117.3078609893005
 20
105.2032883427457
 11
-122.4929848529992
 21
87.12061248737368
 72
1
 10
-122.4929848529992
 20
87.12061248737368
 11
-125.2198453627112
 21
104.1372749289358
 72
1
 10
-125.2198453627112
 20
104.1372749289358
 11
-128.3109262361628
 21
97.50843060395832
 72
1
 10
-128.3109262361628
 20
97.50843060395832
 11
-131.8464601420973
 21
101.0439645098907
 72
1
 10
-131.8464601420973
 20
101.0439645098907
 11
-133.2820289111086
 21
94.36667331312123
 72
1
 10
-133.2820289111086
 20
94.36667331312123
 11
-137.8801837848934
 21
106.9999999999973
 72
1
 10
-137.8801837848934
 20
106.9999999999973
 11
-143.891767024414
 21
77.4189485863913
 72
1
 10
-143.891767024414
 20
77.4189485863913
 11
-149.318730484755
 21
100.9257098854568
 72
1
 10
-149.318730484755
 20
100.9257098854568
 11
-151.6880157933968
 21
104.3093999763973
 72
1
 10
-151.6880157933968
 20
104.3093999763973
 11
-154.9447476474494
 21
94.28620996418182
 72
1
 10
-154.9447476474494
 20
94.28620996418182
 11
-156.2843396845246
 21
102.6457815018976
 72
1
 10
-156.2843396845246
 20
102.6457815018976
 11
-157.9251034420833
 21
106.9999999999973
 72
1
 10
-157.9251034420833
 20
106.9999999999973
 11
-160.6996679505485
 21
98.46076848946369
 72
1
 10
-160.6996679505485
 20
98.46076848946369
 11
-162.2140414629773
 21
101.8621070878102
 72
1
 10
-162.2140414629773
 20
101.8621070878102
 11
-164.3709102999299
 21
104.942435018107
 72
1
 10
-164.3709102999299
 20
104.942435018107
 11
-167.2463610981108
 21
88.63494318318862
 72
1
 10
-167.2463610981108
 20
88.63494318318862
 11
-172.8658719269169
 21
99.20370592122676
 72
1
 10
-172.8658719269169
 20
99.20370592122676
 11
-174.0464487646974
 21
100.3842827590093
 72
1
 10
-174.0464487646974
 20
100.3842827590093
 11
-175.1357947356029
 21
92.63318342042022
 72
1
 10
-175.1357947356029
 20
92.63318342042022
 11
-176.7602299085756
 21
101.525296254292
 72
1
 10
-176.7602299085756
 20
101.525296254292
 11
-178.5908792539217
 21
106.9999999999973
 72
1
 10
-178.5908792539217
 20
106.9999999999973
 11
-186.2129382666495
 21
83.54171445714105
 72
1
 10
-186.2129382666495
 20
83.54171445714105
 11
-188.5843819947522
 21
98.34043895242267
 72
1
 10
-188.5843819947522
 20
98.34043895242267
 11
-190.8865247272882
 21
103.5111361884812
 72
1
 10
-190.8865247272882
 20
103.5111361884812
 11
-194.0423337734429
 21
96.74348184919609
 72
1
 10
-194.0423337734429
 20
96.74348184919609
 11
-195.5041922970595
 21
101.5250056290083
 72
1
 10
-195.5041922970595
 20
101.5250056290083
 11
-197.9318376019284
 21
104.9920424322332
 72
1
 10
-197.9318376019284
 20
104.9920424322332
 11
-197.9318376019284
 21
59.99999999999936
 72
1
 10
-197.9318376019284
 20
59.99999999999936
 11
-97.93183760192517
 21
59.99999999999936
 97
0
 75
0
 76
1
 98
1
 10
0.0
 20
0.0
450
0
451
0
460
0.0
461
0.0
452
0
462
0.0
453
0
470

  0
HATCH
  5
4D
330
2F
100
AcDbEntity
  8
A-DETL-GENF
370
25
100
AcDbHatch
 10
0.0
 20
0.0
 30
0.0
210
0.0
220
0.0
230
1.0
  2
SOLID
 70
1
 71
0
 91
1
 92
1
 93
38
 72
1
 10
2.068162398073752
 20
59.99999999999936
 11
2.068162398073752
 21
105.5928012087934
 72
1
 10
2.068162398073752
 20
105.5928012087934
 11
0.363207190298158
 21
100.345488634198
 72
1
 10
0.3632071902981579
 20
100.345488634198
 11
-0.9230412527241127
 21
105.9168427334765
 72
1
 10
-0.9230412527241127
 20
105.9168427334765
 11
-3.400379553461039
 21
98.2923794292826
 72
1
 10
-3.400379553461039
 20
98.2923794292826
 11
-3.400379553461039
 21
101.3856261010248
 72
1
 10
-3.400379553461039
 20
101.3856261010248
 11
-5.262345050510896
 21
106.9999999999973
 72
1
 10
-5.262345050510896
 20
106.9999999999973
 11
-10.41840560602682
 21
91.13127731161708
 72
1
 10
-10.41840560602682
 20
91.13127731161708
 11
-14.52864792898126
 21
102.4240752824318
 72
1
 10
-14.52864792898126
 20
102.4240752824318
 11
-17.30786098929731
 21
105.2032883427457
 72
1
 10
-17.30786098929731
 20
105.2032883427457
 11
-22.4929848530003
 21
87.12061248737368
 72
1
 10
-22.4929848530003
 20
87.12061248737368
 11
-25.21984536271233
 21
104.1372749289358
 72
1
 10
-25.21984536271233
 20
104.1372749289358
 11
-28.31092623616386
 21
97.50843060395832
 72
1
 10
-28.31092623616386
 20
97.50843060395832
 11
-31.84646014209846
 21
101.0439645098907
 72
1
 10
-31.84646014209846
 20
101.0439645098907
 11
-33.28202891110969
 21
94.36667331312123
 72
1
 10
-33.28202891110969
 20
94.36667331312123
 11
-37.88018378489448
 21
106.9999999999973
 72
1
 10
-37.88018378489448
 20
106.9999999999973
 11
-43.89176702441508
 21
77.4189485863913
 72
1
 10
-43.89176702441508
 20
77.4189485863913
 11
-49.31873048475608
 21
100.9257098854568
 72
1
 10
-49.31873048475608
 20
100.9257098854568
 11
-51.68801579339794
 21
104.3093999763951
 72
1
 10
-51.68801579339794
 20
104.3093999763951
 11
-54.9447476474505
 21
94.28620996418182
 72
1
 10
-54.9447476474505
 20
94.28620996418182
 11
-56.28433968452138
 21
102.6457815018976
 72
1
 10
-56.28433968452138
 20
102.6457815018976
 11
-57.92510344208434
 21
106.9999999999973
 72
1
 10
-57.92510344208434
 20
106.9999999999973
 11
-60.6996679505496
 21
98.46076848946369
 72
1
 10
-60.6996679505496
 20
98.46076848946369
 11
-62.21404146297846
 21
101.8621070878102
 72
1
 10
-62.21404146297846
 20
101.8621070878102
 11
-64.3709102999267
 21
104.942435018107
 72
1
 10
-64.3709102999267
 20
104.942435018107
 11
-67.24636109810756
 21
88.63494318318644
 72
1
 10
-67.24636109810756
 20
88.63494318318644
 11
-72.86587192691805
 21
99.20370592122676
 72
1
 10
-72.86587192691805
 20
99.20370592122676
 11
-74.04644876469847
 21
100.3842827590093
 72
1
 10
-74.04644876469847
 20
100.3842827590093
 11
-75.13579473560398
 21
92.63318342042022
 72
1
 10
-75.13579473560398
 20
92.63318342042022
 11
-76.76022990857233
 21
101.525296254292
 72
1
 10
-76.76022990857233
 20
101.525296254292
 11
-78.59087925391843
 21
106.9999999999973
 72
1
 10
-78.59087925391843
 20
106.9999999999973
 11
-86.21293826665064
 21
83.54171445714105
 72
1
 10
-86.21293826665064
 20
83.54171445714105
 11
-88.58438199475331
 21
98.34043895242267
 72
1
 10
-88.58438199475331
 20
98.34043895242267
 11
-90.88652472728926
 21
103.5111361884812
 72
1
 10
-90.88652472728926
 20
103.5111361884812
 11
-94.04233377344399
 21
96.74348184919609
 72
1
 10
-94.04233377344399
 20
96.74348184919609
 11
-95.50419229706061
 21
101.5250056290083
 72
1
 10
-95.50419229706061
 20
101.5250056290083
 11
-97.93183760192517
 21
104.9920424322332
 72
1
 10
-97.93183760192517
 20
104.9920424322332
 11
-97.93183760192517
 21
59.99999999999936
 72
1
 10
-97.93183760192517
 20
59.99999999999936
 11
2.068162398073752
 21
59.99999999999936
 97
0
 75
0
 76
1
 98
1
 10
0.0
 20
0.0
450
0
451
0
460
0.0
461
0.0
452
0
462
0.0
453
0
470

  0
HATCH
  5
4E
330
2F
100
AcDbEntity
  8
A-DETL-GENF
370
13
100
AcDbHatch
 10
0.0
 20
0.0
 30
0.0
210
0.0
220
0.0
230
1.0
  2
FP_105
 70
0
 71
0
 91
1
 92
1
 93
4
 72
1
 10
-397.9318376019307
 20
4.999999999998863
 11
-1.73372e-11
 21
4.999999999998863
 72
1
 10
-1.73259e-11
 20
4.999999999998863
 11
-1.73259e-11
 21
59.99999999999936
 72
1
 10
-1.73259e-11
 20
59.99999999999936
 11
-397.9318376019307
 21
59.99999999999936
 72
1
 10
-397.9318376019307
 20
59.99999999999936
 11
-397.9318376019307
 21
4.999999999998863
 97
0
 75
0
 76
2
 52
0.0
 41
1.0
 77
0
 78
17
 53
50.0
 43
8684.316999999997
 44
1279.207
 45
36.43649882390161
 46
-3.187713201625367
 79
2
 49
3.81
 49
-41.90999999999999
 53
355.0
 43
8684.316999999997
 44
1279.207
 45
-7.048450637260456
 46
38.21172008185581
 79
2
 49
3.048
 49
-33.528
 53
100.451
 43
8687.353000000001
 44
1278.941
 45
29.38857289101913
 46
35.02294419989923
 79
2
 49
3.237999999999999
 49
-35.618
 53
46.184
 43
8684.316999999997
 44
1289.367
 45
54.21605576489391
 46
-8.408366208599219
 79
2
 49
5.714999999999999
 49
-62.865
 53
96.636
 43
8688.834
 44
1288.666
 45
47.48050142084204
 46
49.48544265564791
 79
2
 49
4.857
 49
-53.427
 53
351.184
 43
8684.316999999997
 44
1289.367
 45
47.48105749519273
 46
49.48459764551189
 79
2
 49
4.572
 49
-50.292
 53
21.0
 43
8689.396999999999
 44
1286.827
 45
30.32264590381153
 46
-20.45280194477181
 79
2
 49
3.81
 49
-41.90999999999999
 53
326.0
 43
8689.396999999999
 44
1286.827
 45
12.36069566969662
 46
36.8378801040606
 79
2
 49
3.048
 49
-33.528
 53
71.45100000000001
 43
8691.923
 44
1285.122
 45
42.68328529264973
 46
16.38389433639848
 79
2
 49
3.237999999999999
 49
-35.618
 53
37.5
 43
8684.316999999997
 44
1279.207
 45
0.6180667407672545
 46
16.91081956925676
 79
5
 49
1.675999999999999
 49
-31.445
 49
1.675999999999999
 49
-32.36
 49
-33.655
 53
37.5
 43
8684.316999999997
 44
1279.207
 45
0.6180667407672545
 46
16.91081956925676
 79
3
 49
-67.158
 49
1.675999999999999
 49
-31.979
 53
7.499999999999999
 43
8684.316999999997
 44
1279.207
 45
13.36413812266816
 46
20.03577892766457
 79
5
 49
1.675999999999999
 49
-17.729
 49
1.675999999999999
 49
-30.68300000000001
 49
-12.827
 53
7.499999999999999
 43
8684.316999999997
 44
1279.207
 45
13.36413812266816
 46
20.03577892766457
 79
3
 49
-51.765
 49
1.675999999999999
 49
-11.151
 53
327.5
 43
8672.988000000001
 44
1279.207
 45
27.11815875975744
 46
-1.14605867240335
 79
5
 49
1.675999999999999
 49
-11.024
 49
1.675999999999999
 49
-37.948
 49
-52.578
 53
327.5
 43
8672.988000000001
 44
1279.207
 45
27.11815875975744
 46
-1.14605867240335
 79
3
 49
-52.324
 49
1.675999999999999
 49
-50.902
 53
317.5
 43
8667.908000000001
 44
1279.207
 45
29.62578963244251
 46
5.085069680374331
 79
5
 49
1.675999999999999
 49
-14.834
 49
1.675999999999999
 49
-24.638
 49
-37.338
 53
317.5
 43
8667.908000000001
 44
1279.207
 45
29.62578963244251
 46
5.085069680374331
 79
3
 49
-42.82399999999999
 49
1.675999999999999
 49
-35.662
 98
1
 10
0.0
 20
0.0
  0
HATCH
  5
4F
330
2F
100
AcDbEntity
  8
A-DETL-GENF
370
13
100
AcDbHatch
 10
0.0
 20
0.0
 30
0.0
210
0.0
220
0.0
230
1.0
  2
FP_106
 70
0
 71
0
 91
1
 92
1
 93
6
 72
1
 10
-164.598504268594
 20
-29.99999999999968
 11
-1.73372e-11
 21
-29.99999999999968
 72
1
 10
-1.73259e-11
 20
-29.99999999999968
 11
-1.73259e-11
 21
-25.00000000000082
 72
1
 10
-1.73259e-11
 20
-25.00000000000082
 11
-397.9318376019307
 21
-25.00000000000082
 72
1
 10
-397.9318376019307
 20
-25.00000000000082
 11
-397.9318376019307
 21
-29.99999999999968
 72
1
 10
-397.9318376019307
 20
-29.99999999999968
 11
-167.4735042685912
 21
-29.99999999999968
 72
1
 10
-167.4735042685912
 20
-29.99999999999968
 11
-164.598504268594
 21
-29.99999999999968
 97
0
 75
0
 76
2
 52
0.0
 41
1.0
 77
0
 78
2
 53
45.0
 43
8684.316999999997
 44
1279.207
 45
-5.303300858899106
 46
5.303300858899106
 79
0
 53
135.0
 43
8684.316999999997
 44
1279.207
 45
-5.303300858899106
 46
-5.303300858899105
 79
0
 98
1
 10
0.0
 20
0.0
  0
LINE
  5
50
330
2F
100
AcDbEntity
  8
A-DETL-GENF
370
13
100
AcDbLine
 10
0.0
 20
-25.00000000000002
 30
0.0
 11
-22.93183760190956
 21
-25.00000000000002
 31
0.0
  0
LINE
  5
51
330
2F
100
AcDbEntity
  8
A-DETL-GENF
370
13
100
AcDbLine
 10
-31.26517093524338
 20
-25.00000000000002
 30
0.0
 11
-56.26517093524148
 21
-25.00000000000002
 31
0.0
  0
LINE
  5
52
330
2F
100
AcDbEntity
  8
A-DETL-GENF
370
13
100
AcDbLine
 10
-64.59850426857531
 20
-25.00000000000002
 30
0.0
 11
-89.59850426857679
 21
-25.00000000000002
 31
0.0
  0
LINE
  5
53
330
2F
100
AcDbEntity
  8
A-DETL-GENF
370
13
100
AcDbLine
 10
-97.93183760191062
 20
-25.00000000000002
 30
0.0
 11
-122.9318376019087
 21
-25.00000000000002
 31
0.0
  0
LINE
  5
54
330
2F
100
AcDbEntity
  8
A-DETL-GENF
370
13
100
AcDbLine
 10
-131.2651709352425
 20
-25.00000000000002
 30
0.0
 11
-156.265170935244
 21
-25.00000000000002
 31
0.0
  0
LINE
  5
55
330
2F
100
AcDbEntity
  8
A-DETL-GENF
370
13
100
AcDbLine
 10
-164.5985042685778
 20
-25.00000000000002
 30
0.0
 11
-189.5985042685759
 21
-25.00000000000002
 31
0.0
  0
LINE
  5
56
330
2F
100
AcDbEntity
  8
A-DETL-GENF
370
13
100
AcDbLine
 10
-197.9318376019098
 20
-25.00000000000002
 30
0.0
 11
-222.9318376019112
 21
-25.00000000000002
 31
0.0
  0
LINE
  5
57
330
2F
100
AcDbEntity
  8
A-DETL-GENF
370
13
100
AcDbLine
 10
-231.2651709352417
 20
-25.00000000000002
 30
0.0
 11
-256.2651709352432
 21
-25.00000000000002
 31
0.0
  0
LINE
  5
58
330
2F
100
AcDbEntity
  8
A-DETL-GENF
370
13
100
AcDbLine
 10
-264.598504268577
 20
-25.00000000000002
 30
0.0
 11
-289.5985042685751
 21
-25.00000000000002
 31
0.0
  0
LINE
  5
59
330
2F
100
AcDbEntity
  8
A-DETL-GENF
370
13
100
AcDbLine
 10
-297.931837601909
 20
-25.00000000000002
 30
0.0
 11
-322.9318376019104
 21
-25.00000000000002
 31
0.0
  0
LINE
  5
5A
330
2F
100
AcDbEntity
  8
A-DETL-GENF
370
13
100
AcDbLine
 10
-331.2651709352442
 20
-25.00000000000002
 30
0.0
 11
-356.2651709352423
 21
-25.00000000000002
 31
0.0
  0
LINE
  5
5B
330
2F
100
AcDbEntity
  8
A-DETL-GENF
370
13
100
AcDbLine
 10
-364.5985042685762
 20
-25.00000000000002
 30
0.0
 11
-389.5985042685777
 21
-25.00000000000002
 31
0.0
  0
LINE
  5
5C
330
2F
100
AcDbEntity
  8
A-DETL-GENF
100
AcDbLine
 10
-397.9318376019115
 20
-29.99999999999998
 30
0.0
 11
0.0
 21
-29.99999999999998
 31
0.0
  0
HATCH
  5
5D
330
2F
100
AcDbEntity
  8
A-DETL-GENF
370
13
100
AcDbHatch
 10
0.0
 20
0.0
 30
0.0
210
0.0
220
0.0
230
1.0
  2
FP_107
 70
0
 71
0
 91
1
 92
1
 93
5
 72
1
 10
-1.73259e-11
 20
0.0
 11
-1.73259e-11
 21
4.999999999998863
 72
1
 10
-1.73259e-11
 20
4.999999999998863
 11
-397.9318376019307
 21
4.999999999998863
 72
1
 10
-397.9318376019307
 20
4.999999999998863
 11
-397.9318376019307
 21
0.0
 72
1
 10
-397.9318376019307
 20
0.0
 11
-220.6737531483192
 21
0.0
 72
1
 10
-220.6737531483192
 20
0.0
 11
-1.73372e-11
 21
0.0
 97
0
 75
0
 76
2
 52
0.0
 41
1.0
 77
0
 78
1
 53
45.0
 43
8684.316999999997
 44
1279.207
 45
-5.303300858899106
 46
5.303300858899106
 79
0
 98
1
 10
0.0
 20
0.0
  0
LINE
  5
5E
330
2F
100
AcDbEntity
  8
A-DETL-GENF
100
AcDbLine
 10
-389.598504268578
 20
-25.00000000000132
 30
0.0
 11
-386.4735042685779
 21
-12.50000000000123
 31
0.0
  0
LINE
  5
5F
330
2F
100
AcDbEntity
  8
A-DETL-GENF
100
AcDbLine
 10
-397.9318376019115
 20
-25.00000000000137
 30
0.0
 11
-389.598504268578
 21
-25.00000000000139
 31
0.0
  0
LINE
  5
60
330
2F
100
AcDbEntity
  8
A-DETL-GENF
100
AcDbLine
 10
-367.473504268578
 20
-12.50000000000123
 30
0.0
 11
-364.598504268578
 21
-25.00000000000103
 31
0.0
  0
LINE
  5
61
330
2F
100
AcDbEntity
  8
A-DETL-GENF
370
25
100
AcDbLine
 10
-397.9318376019115
 20
-25.00000000000132
 30
0.0
 11
-389.5985042685782
 21
-25.00000000000135
 31
0.0
  0
LINE
  5
62
330
2F
100
AcDbEntity
  8
A-DETL-GENF
370
25
100
AcDbLine
 10
-383.3485042685779
 20
-1.1336e-12
 30
0.0
 11
-378.0985042685779
 21
-1.1336e-12
 31
0.0
  0
LINE
  5
63
330
2F
100
AcDbEntity
  8
A-DETL-GENF
370
25
100
AcDbLine
 10
-376.0985042685779
 20
-1.1336e-12
 30
0.0
 11
-370.348504268578
 21
-1.1336e-12
 31
0.0
  0
LINE
  5
64
330
2F
100
AcDbEntity
  8
A-DETL-GENF
370
25
100
AcDbLine
 10
-389.598504268578
 20
-25.00000000000132
 30
0.0
 11
-383.3485042685779
 21
-1.1336e-12
 31
0.0
  0
LINE
  5
65
330
2F
100
AcDbEntity
  8
A-DETL-GENF
370
25
100
AcDbLine
 10
-370.348504268578
 20
-1.1336e-12
 30
0.0
 11
-364.5985042685778
 21
-25.00000000000133
 31
0.0
  0
LINE
  5
66
330
2F
100
AcDbEntity
  8
A-DETL-GENF
100
AcDbLine
 10
-356.2651709352445
 20
-25.00000000000103
 30
0.0
 11
-353.1401709352445
 21
-12.50000000000093
 31
0.0
  0
LINE
  5
67
330
2F
100
AcDbEntity
  8
A-DETL-GENF
100
AcDbLine
 10
-364.598504268578
 20
-25.00000000000108
 30
0.0
 11
-356.2651709352445
 21
-25.0000000000011
 31
0.0
  0
LINE
  5
68
330
2F
100
AcDbEntity
  8
A-DETL-GENF
100
AcDbLine
 10
-334.1401709352445
 20
-12.50000000000093
 30
0.0
 11
-331.2651709352445
 21
-25.00000000000075
 31
0.0
  0
LINE
  5
69
330
2F
100
AcDbEntity
  8
A-DETL-GENF
370
25
100
AcDbLine
 10
-364.598504268578
 20
-25.00000000000103
 30
0.0
 11
-356.2651709352447
 21
-25.00000000000106
 31
0.0
  0
LINE
  5
6A
330
2F
100
AcDbEntity
  8
A-DETL-GENF
370
25
100
AcDbLine
 10
-350.0151709352445
 20
-8.418e-13
 30
0.0
 11
-344.7651709352444
 21
-8.418e-13
 31
0.0
  0
LINE
  5
6B
330
2F
100
AcDbEntity
  8
A-DETL-GENF
370
25
100
AcDbLine
 10
-342.7651709352444
 20
-8.418e-13
 30
0.0
 11
-337.0151709352445
 21
-8.418e-13
 31
0.0
  0
LINE
  5
6C
330
2F
100
AcDbEntity
  8
A-DETL-GENF
370
25
100
AcDbLine
 10
-356.2651709352445
 20
-25.00000000000103
 30
0.0
 11
-350.0151709352445
 21
-8.418e-13
 31
0.0
  0
LINE
  5
6D
330
2F
100
AcDbEntity
  8
A-DETL-GENF
370
25
100
AcDbLine
 10
-337.0151709352445
 20
-8.418e-13
 30
0.0
 11
-331.2651709352443
 21
-25.00000000000103
 31
0.0
  0
LINE
  5
6E
330
2F
100
AcDbEntity
  8
A-DETL-GENF
100
AcDbLine
 10
-322.931837601911
 20
-25.00000000000001
 30
0.0
 11
-319.806837601911
 21
-12.49999999999992
 31
0.0
  0
LINE
  5
6F
330
2F
100
AcDbEntity
  8
A-DETL-GENF
100
AcDbLine
 10
-331.2651709352445
 20
-25.00000000000006
 30
0.0
 11
-322.931837601911
 21
-25.00000000000008
 31
0.0
  0
LINE
  5
70
330
2F
100
AcDbEntity
  8
A-DETL-GENF
100
AcDbLine
 10
-300.8068376019111
 20
-12.49999999999992
 30
0.0
 11
-297.931837601911
 21
-24.99999999999972
 31
0.0
  0
LINE
  5
71
330
2F
100
AcDbEntity
  8
A-DETL-GENF
370
25
100
AcDbLine
 10
-331.2651709352445
 20
-25.00000000000001
 30
0.0
 11
-322.9318376019112
 21
-25.00000000000003
 31
0.0
  0
LINE
  5
72
330
2F
100
AcDbEntity
  8
A-DETL-GENF
370
25
100
AcDbLine
 10
-316.681837601911
 20
1.777e-13
 30
0.0
 11
-311.4318376019109
 21
1.777e-13
 31
0.0
  0
LINE
  5
73
330
2F
100
AcDbEntity
  8
A-DETL-GENF
370
25
100
AcDbLine
 10
-309.431837601911
 20
1.777e-13
 30
0.0
 11
-303.6818376019109
 21
1.777e-13
 31
0.0
  0
LINE
  5
74
330
2F
100
AcDbEntity
  8
A-DETL-GENF
370
25
100
AcDbLine
 10
-322.931837601911
 20
-25.00000000000001
 30
0.0
 11
-316.681837601911
 21
1.777e-13
 31
0.0
  0
LINE
  5
75
330
2F
100
AcDbEntity
  8
A-DETL-GENF
370
25
100
AcDbLine
 10
-303.6818376019109
 20
1.777e-13
 30
0.0
 11
-297.9318376019108
 21
-25.00000000000002
 31
0.0
  0
LINE
  5
76
330
2F
100
AcDbEntity
  8
A-DETL-GENF
100
AcDbLine
 10
-289.5985042685776
 20
-25.00000000000001
 30
0.0
 11
-286.4735042685775
 21
-12.49999999999992
 31
0.0
  0
LINE
  5
77
330
2F
100
AcDbEntity
  8
A-DETL-GENF
100
AcDbLine
 10
-297.9318376019111
 20
-25.00000000000006
 30
0.0
 11
-289.5985042685776
 21
-25.00000000000008
 31
0.0
  0
LINE
  5
78
330
2F
100
AcDbEntity
  8
A-DETL-GENF
100
AcDbLine
 10
-267.4735042685776
 20
-12.49999999999992
 30
0.0
 11
-264.5985042685775
 21
-24.99999999999972
 31
0.0
  0
LINE
  5
79
330
2F
100
AcDbEntity
  8
A-DETL-GENF
370
25
100
AcDbLine
 10
-297.9318376019111
 20
-25.00000000000001
 30
0.0
 11
-289.5985042685778
 21
-25.00000000000003
 31
0.0
  0
LINE
  5
7A
330
2F
100
AcDbEntity
  8
A-DETL-GENF
370
25
100
AcDbLine
 10
-283.3485042685775
 20
1.777e-13
 30
0.0
 11
-278.0985042685775
 21
1.777e-13
 31
0.0
  0
LINE
  5
7B
330
2F
100
AcDbEntity
  8
A-DETL-GENF
370
25
100
AcDbLine
 10
-276.0985042685775
 20
1.777e-13
 30
0.0
 11
-270.3485042685775
 21
1.777e-13
 31
0.0
  0
LINE
  5
7C
330
2F
100
AcDbEntity
  8
A-DETL-GENF
370
25
100
AcDbLine
 10
-289.5985042685776
 20
-25.00000000000001
 30
0.0
 11
-283.3485042685775
 21
1.777e-13
 31
0.0
  0
LINE
  5
7D
330
2F
100
AcDbEntity
  8
A-DETL-GENF
370
25
100
AcDbLine
 10
-270.3485042685775
 20
1.777e-13
 30
0.0
 11
-264.5985042685774
 21
-25.00000000000002
 31
0.0
  0
LINE
  5
7E
330
2F
100
AcDbEntity
  8
A-DETL-GENF
100
AcDbLine
 10
-256.2651709352441
 20
-25.00000000000001
 30
0.0
 11
-253.1401709352441
 21
-12.49999999999992
 31
0.0
  0
LINE
  5
7F
330
2F
100
AcDbEntity
  8
A-DETL-GENF
100
AcDbLine
 10
-264.5985042685776
 20
-25.00000000000006
 30
0.0
 11
-256.2651709352441
 21
-25.00000000000008
 31
0.0
  0
LINE
  5
80
330
2F
100
AcDbEntity
  8
A-DETL-GENF
100
AcDbLine
 10
-234.1401709352441
 20
-12.49999999999992
 30
0.0
 11
-231.2651709352441
 21
-24.99999999999972
 31
0.0
  0
LINE
  5
81
330
2F
100
AcDbEntity
  8
A-DETL-GENF
370
25
100
AcDbLine
 10
-264.5985042685776
 20
-25.00000000000001
 30
0.0
 11
-256.2651709352443
 21
-25.00000000000003
 31
0.0
  0
LINE
  5
82
330
2F
100
AcDbEntity
  8
A-DETL-GENF
370
25
100
AcDbLine
 10
-250.0151709352441
 20
1.777e-13
 30
0.0
 11
-244.7651709352441
 21
1.777e-13
 31
0.0
  0
LINE
  5
83
330
2F
100
AcDbEntity
  8
A-DETL-GENF
370
25
100
AcDbLine
 10
-242.765170935244
 20
1.777e-13
 30
0.0
 11
-237.0151709352441
 21
1.777e-13
 31
0.0
  0
LINE
  5
84
330
2F
100
AcDbEntity
  8
A-DETL-GENF
370
25
100
AcDbLine
 10
-256.2651709352441
 20
-25.00000000000001
 30
0.0
 11
-250.0151709352441
 21
1.777e-13
 31
0.0
  0
LINE
  5
85
330
2F
100
AcDbEntity
  8
A-DETL-GENF
370
25
100
AcDbLine
 10
-237.0151709352441
 20
1.777e-13
 30
0.0
 11
-231.2651709352439
 21
-25.00000000000002
 31
0.0
  0
LINE
  5
86
330
2F
100
AcDbEntity
  8
A-DETL-GENF
100
AcDbLine
 10
-222.9318376019106
 20
-25.00000000000001
 30
0.0
 11
-219.8068376019106
 21
-12.49999999999992
 31
0.0
  0
LINE
  5
87
330
2F
100
AcDbEntity
  8
A-DETL-GENF
100
AcDbLine
 10
-231.2651709352441
 20
-25.00000000000006
 30
0.0
 11
-222.9318376019106
 21
-25.00000000000008
 31
0.0
  0
LINE
  5
88
330
2F
100
AcDbEntity
  8
A-DETL-GENF
100
AcDbLine
 10
-200.8068376019106
 20
-12.49999999999992
 30
0.0
 11
-197.9318376019106
 21
-24.99999999999972
 31
0.0
  0
LINE
  5
89
330
2F
100
AcDbEntity
  8
A-DETL-GENF
370
25
100
AcDbLine
 10
-231.2651709352441
 20
-25.00000000000001
 30
0.0
 11
-222.9318376019108
 21
-25.00000000000003
 31
0.0
  0
LINE
  5
8A
330
2F
100
AcDbEntity
  8
A-DETL-GENF
370
25
100
AcDbLine
 10
-216.6818376019106
 20
1.777e-13
 30
0.0
 11
-211.4318376019106
 21
1.777e-13
 31
0.0
  0
LINE
  5
8B
330
2F
100
AcDbEntity
  8
A-DETL-GENF
370
25
100
AcDbLine
 10
-209.4318376019106
 20
1.777e-13
 30
0.0
 11
-203.6818376019105
 21
1.777e-13
 31
0.0
  0
LINE
  5
8C
330
2F
100
AcDbEntity
  8
A-DETL-GENF
370
25
100
AcDbLine
 10
-222.9318376019106
 20
-25.00000000000001
 30
0.0
 11
-216.6818376019106
 21
1.777e-13
 31
0.0
  0
LINE
  5
8D
330
2F
100
AcDbEntity
  8
A-DETL-GENF
370
25
100
AcDbLine
 10
-203.6818376019105
 20
1.777e-13
 30
0.0
 11
-197.9318376019104
 21
-25.00000000000002
 31
0.0
  0
LINE
  5
8E
330
2F
100
AcDbEntity
  8
A-DETL-GENF
100
AcDbLine
 10
-189.5985042685771
 20
-25.00000000000001
 30
0.0
 11
-186.4735042685771
 21
-12.49999999999992
 31
0.0
  0
LINE
  5
8F
330
2F
100
AcDbEntity
  8
A-DETL-GENF
100
AcDbLine
 10
-197.9318376019107
 20
-25.00000000000006
 30
0.0
 11
-189.5985042685771
 21
-25.00000000000008
 31
0.0
  0
LINE
  5
90
330
2F
100
AcDbEntity
  8
A-DETL-GENF
100
AcDbLine
 10
-167.4735042685772
 20
-12.49999999999992
 30
0.0
 11
-164.5985042685771
 21
-24.99999999999972
 31
0.0
  0
LINE
  5
91
330
2F
100
AcDbEntity
  8
A-DETL-GENF
370
25
100
AcDbLine
 10
-197.9318376019107
 20
-25.00000000000001
 30
0.0
 11
-189.5985042685773
 21
-25.00000000000003
 31
0.0
  0
LINE
  5
92
330
2F
100
AcDbEntity
  8
A-DETL-GENF
370
25
100
AcDbLine
 10
-183.3485042685771
 20
1.777e-13
 30
0.0
 11
-178.0985042685771
 21
1.777e-13
 31
0.0
  0
LINE
  5
93
330
2F
100
AcDbEntity
  8
A-DETL-GENF
370
25
100
AcDbLine
 10
-176.0985042685771
 20
1.777e-13
 30
0.0
 11
-170.3485042685771
 21
1.777e-13
 31
0.0
  0
LINE
  5
94
330
2F
100
AcDbEntity
  8
A-DETL-GENF
370
25
100
AcDbLine
 10
-189.5985042685771
 20
-25.00000000000001
 30
0.0
 11
-183.3485042685771
 21
1.777e-13
 31
0.0
  0
LINE
  5
95
330
2F
100
AcDbEntity
  8
A-DETL-GENF
370
25
100
AcDbLine
 10
-170.3485042685771
 20
1.777e-13
 30
0.0
 11
-164.5985042685769
 21
-25.00000000000002
 31
0.0
  0
LINE
  5
96
330
2F
100
AcDbEntity
  8
A-DETL-GENF
100
AcDbLine
 10
-156.2651709352437
 20
-25.00000000000001
 30
0.0
 11
-153.1401709352436
 21
-12.49999999999992
 31
0.0
  0
LINE
  5
97
330
2F
100
AcDbEntity
  8
A-DETL-GENF
100
AcDbLine
 10
-164.5985042685772
 20
-25.00000000000006
 30
0.0
 11
-156.2651709352437
 21
-25.00000000000008
 31
0.0
  0
LINE
  5
98
330
2F
100
AcDbEntity
  8
A-DETL-GENF
100
AcDbLine
 10
-134.1401709352437
 20
-12.49999999999992
 30
0.0
 11
-131.2651709352436
 21
-24.99999999999972
 31
0.0
  0
LINE
  5
99
330
2F
100
AcDbEntity
  8
A-DETL-GENF
370
25
100
AcDbLine
 10
-164.5985042685772
 20
-25.00000000000001
 30
0.0
 11
-156.2651709352439
 21
-25.00000000000003
 31
0.0
  0
LINE
  5
9A
330
2F
100
AcDbEntity
  8
A-DETL-GENF
370
25
100
AcDbLine
 10
-150.0151709352436
 20
1.777e-13
 30
0.0
 11
-144.7651709352436
 21
1.777e-13
 31
0.0
  0
LINE
  5
9B
330
2F
100
AcDbEntity
  8
A-DETL-GENF
370
25
100
AcDbLine
 10
-142.7651709352436
 20
1.777e-13
 30
0.0
 11
-137.0151709352436
 21
1.777e-13
 31
0.0
  0
LINE
  5
9C
330
2F
100
AcDbEntity
  8
A-DETL-GENF
370
25
100
AcDbLine
 10
-156.2651709352437
 20
-25.00000000000001
 30
0.0
 11
-150.0151709352436
 21
1.777e-13
 31
0.0
  0
LINE
  5
9D
330
2F
100
AcDbEntity
  8
A-DETL-GENF
370
25
100
AcDbLine
 10
-137.0151709352436
 20
1.777e-13
 30
0.0
 11
-131.2651709352435
 21
-25.00000000000002
 31
0.0
  0
LINE
  5
9E
330
2F
100
AcDbEntity
  8
A-DETL-GENF
100
AcDbLine
 10
-122.9318376019102
 20
-25.00000000000001
 30
0.0
 11
-119.8068376019102
 21
-12.49999999999992
 31
0.0
  0
LINE
  5
9F
330
2F
100
AcDbEntity
  8
A-DETL-GENF
100
AcDbLine
 10
-131.2651709352437
 20
-25.00000000000006
 30
0.0
 11
-122.9318376019102
 21
-25.00000000000008
 31
0.0
  0
LINE
  5
A0
330
2F
100
AcDbEntity
  8
A-DETL-GENF
100
AcDbLine
 10
-100.8068376019102
 20
-12.49999999999992
 30
0.0
 11
-97.93183760191017
 21
-24.99999999999972
 31
0.0
  0
LINE
  5
A1
330
2F
100
AcDbEntity
  8
A-DETL-GENF
370
25
100
AcDbLine
 10
-131.2651709352437
 20
-25.00000000000001
 30
0.0
 11
-122.9318376019104
 21
-25.00000000000003
 31
0.0
  0
LINE
  5
A2
330
2F
100
AcDbEntity
  8
A-DETL-GENF
370
25
100
AcDbLine
 10
-116.6818376019101
 20
1.777e-13
 30
0.0
 11
-111.4318376019102
 21
1.777e-13
 31
0.0
  0
LINE
  5
A3
330
2F
100
AcDbEntity
  8
A-DETL-GENF
370
25
100
AcDbLine
 10
-109.4318376019101
 20
1.777e-13
 30
0.0
 11
-103.6818376019102
 21
1.777e-13
 31
0.0
  0
LINE
  5
A4
330
2F
100
AcDbEntity
  8
A-DETL-GENF
370
25
100
AcDbLine
 10
-122.9318376019102
 20
-25.00000000000001
 30
0.0
 11
-116.6818376019101
 21
1.777e-13
 31
0.0
  0
LINE
  5
A5
330
2F
100
AcDbEntity
  8
A-DETL-GENF
370
25
100
AcDbLine
 10
-103.6818376019102
 20
1.777e-13
 30
0.0
 11
-97.93183760191005
 21
-25.00000000000002
 31
0.0
  0
LINE
  5
A6
330
2F
100
AcDbEntity
  8
A-DETL-GENF
100
AcDbLine
 10
-89.59850426857675
 20
-25.00000000000001
 30
0.0
 11
-86.47350426857673
 21
-12.49999999999992
 31
0.0
  0
LINE
  5
A7
330
2F
100
AcDbEntity
  8
A-DETL-GENF
100
AcDbLine
 10
-97.9318376019103
 20
-25.00000000000006
 30
0.0
 11
-89.59850426857675
 21
-25.00000000000008
 31
0.0
  0
LINE
  5
A8
330
2F
100
AcDbEntity
  8
A-DETL-GENF
100
AcDbLine
 10
-67.47350426857678
 20
-12.49999999999992
 30
0.0
 11
-64.59850426857673
 21
-24.99999999999972
 31
0.0
  0
LINE
  5
A9
330
2F
100
AcDbEntity
  8
A-DETL-GENF
370
25
100
AcDbLine
 10
-97.93183760191029
 20
-25.00000000000001
 30
0.0
 11
-89.59850426857695
 21
-25.00000000000003
 31
0.0
  0
LINE
  5
AA
330
2F
100
AcDbEntity
  8
A-DETL-GENF
370
25
100
AcDbLine
 10
-83.3485042685767
 20
1.777e-13
 30
0.0
 11
-78.0985042685767
 21
1.777e-13
 31
0.0
  0
LINE
  5
AB
330
2F
100
AcDbEntity
  8
A-DETL-GENF
370
25
100
AcDbLine
 10
-76.0985042685767
 20
1.777e-13
 30
0.0
 11
-70.3485042685767
 21
1.777e-13
 31
0.0
  0
LINE
  5
AC
330
2F
100
AcDbEntity
  8
A-DETL-GENF
370
25
100
AcDbLine
 10
-89.59850426857675
 20
-25.00000000000001
 30
0.0
 11
-83.3485042685767
 21
1.777e-13
 31
0.0
  0
LINE
  5
AD
330
2F
100
AcDbEntity
  8
A-DETL-GENF
370
25
100
AcDbLine
 10
-70.3485042685767
 20
1.777e-13
 30
0.0
 11
-64.59850426857656
 21
-25.00000000000002
 31
0.0
  0
LINE
  5
AE
330
2F
100
AcDbEntity
  8
A-DETL-GENF
100
AcDbLine
 10
-56.26517093524327
 20
-25.00000000000001
 30
0.0
 11
-53.14017093524325
 21
-12.49999999999992
 31
0.0
  0
LINE
  5
AF
330
2F
100
AcDbEntity
  8
A-DETL-GENF
100
AcDbLine
 10
-64.59850426857683
 20
-25.00000000000006
 30
0.0
 11
-56.26517093524329
 21
-25.00000000000008
 31
0.0
  0
LINE
  5
B0
330
2F
100
AcDbEntity
  8
A-DETL-GENF
100
AcDbLine
 10
-34.14017093524331
 20
-12.49999999999992
 30
0.0
 11
-31.26517093524325
 21
-24.99999999999972
 31
0.0
  0
LINE
  5
B1
330
2F
100
AcDbEntity
  8
A-DETL-GENF
370
25
100
AcDbLine
 10
-64.5985042685768
 20
-25.00000000000001
 30
0.0
 11
-56.26517093524348
 21
-25.00000000000003
 31
0.0
  0
LINE
  5
B2
330
2F
100
AcDbEntity
  8
A-DETL-GENF
370
25
100
AcDbLine
 10
-50.01517093524324
 20
1.777e-13
 30
0.0
 11
-44.76517093524324
 21
1.777e-13
 31
0.0
  0
LINE
  5
B3
330
2F
100
AcDbEntity
  8
A-DETL-GENF
370
25
100
AcDbLine
 10
-42.76517093524322
 20
1.777e-13
 30
0.0
 11
-37.01517093524323
 21
1.777e-13
 31
0.0
  0
LINE
  5
B4
330
2F
100
AcDbEntity
  8
A-DETL-GENF
370
25
100
AcDbLine
 10
-56.26517093524327
 20
-25.00000000000001
 30
0.0
 11
-50.01517093524324
 21
1.777e-13
 31
0.0
  0
LINE
  5
B5
330
2F
100
AcDbEntity
  8
A-DETL-GENF
370
25
100
AcDbLine
 10
-37.01517093524323
 20
1.777e-13
 30
0.0
 11
-31.26517093524308
 21
-25.00000000000002
 31
0.0
  0
LINE
  5
B6
330
2F
100
AcDbEntity
  8
A-DETL-GENF
100
AcDbLine
 10
-22.93183760190981
 20
-25.00000000000001
 30
0.0
 11
-19.80683760190978
 21
-12.49999999999992
 31
0.0
  0
LINE
  5
B7
330
2F
100
AcDbEntity
  8
A-DETL-GENF
100
AcDbLine
 10
-31.26517093524336
 20
-25.00000000000006
 30
0.0
 11
-22.93183760190983
 21
-25.00000000000008
 31
0.0
  0
LINE
  5
B8
330
2F
100
AcDbEntity
  8
A-DETL-GENF
100
AcDbLine
 10
-0.8068376019098328
 20
-12.49999999999992
 30
0.0
 11
2.068162398090219
 21
-24.99999999999972
 31
0.0
  0
LINE
  5
B9
330
2F
100
AcDbEntity
  8
A-DETL-GENF
370
25
100
AcDbLine
 10
-31.26517093524334
 20
-25.00000000000001
 30
0.0
 11
-22.93183760191
 21
-25.00000000000003
 31
0.0
  0
LINE
  5
BA
330
2F
100
AcDbEntity
  8
A-DETL-GENF
370
25
100
AcDbLine
 10
-16.68183760190976
 20
1.777e-13
 30
0.0
 11
-11.43183760190976
 21
1.777e-13
 31
0.0
  0
LINE
  5
BB
330
2F
100
AcDbEntity
  8
A-DETL-GENF
370
25
100
AcDbLine
 10
-9.43183760190976
 20
1.777e-13
 30
0.0
 11
-3.681837601909758
 21
1.777e-13
 31
0.0
  0
LINE
  5
BC
330
2F
100
AcDbEntity
  8
A-DETL-GENF
370
25
100
AcDbLine
 10
-22.93183760190981
 20
-25.00000000000001
 30
0.0
 11
-16.68183760190976
 21
1.777e-13
 31
0.0
  0
LINE
  5
BD
330
2F
100
AcDbEntity
  8
A-DETL-GENF
370
25
100
AcDbLine
 10
-3.681837601909758
 20
1.777e-13
 30
0.0
 11
2.068162398090393
 21
-25.00000000000002
 31
0.0
  0
HATCH
  5
BE
330
2F
100
AcDbEntity
  8
A-DETL-GENF
370
13
100
AcDbHatch
 10
0.0
 20
0.0
 30
0.0
210
0.0
220
0.0
230
1.0
  2
FP_108
 70
0
 71
0
 91
1
 92
1
 93
38
 72
1
 10
-297.9318376019273
 20
59.99999999999719
 11
-297.9318376019273
 21
105.5928012087912
 72
1
 10
-297.9318376019273
 20
105.5928012087912
 11
-299.636792809703
 21
100.345488634198
 72
1
 10
-299.636792809703
 20
100.345488634198
 11
-300.9230412527252
 21
105.9168427334765
 72
1
 10
-300.9230412527252
 20
105.9168427334765
 11
-303.4003795534621
 21
98.2923794292826
 72
1
 10
-303.4003795534621
 20
98.2923794292826
 11
-303.4003795534621
 21
101.3856261010248
 72
1
 10
-303.4003795534621
 20
101.3856261010248
 11
-305.262345050512
 21
106.9999999999973
 72
1
 10
-305.262345050512
 20
106.9999999999973
 11
-310.4184056060236
 21
91.1312773116149
 72
1
 10
-310.4184056060236
 20
91.1312773116149
 11
-314.5286479289867
 21
102.4240752824318
 72
1
 10
-314.5286479289867
 20
102.4240752824318
 11
-317.3078609893027
 21
105.2032883427457
 72
1
 10
-317.3078609893027
 20
105.2032883427457
 11
-322.4929848530014
 21
87.12061248737368
 72
1
 10
-322.4929848530014
 20
87.12061248737368
 11
-325.2198453627091
 21
104.1372749289358
 72
1
 10
-325.2198453627091
 20
104.1372749289358
 11
-328.3109262361693
 21
97.50843060395616
 72
1
 10
-328.3109262361693
 20
97.50843060395616
 11
-331.8464601420952
 21
101.0439645098907
 72
1
 10
-331.8464601420952
 20
101.0439645098907
 11
-333.2820289111108
 21
94.36667331311905
 72
1
 10
-333.2820289111108
 20
94.36667331311905
 11
-337.8801837848956
 21
106.9999999999973
 72
1
 10
-337.8801837848956
 20
106.9999999999973
 11
-343.8917670244205
 21
77.4189485863913
 72
1
 10
-343.8917670244205
 20
77.4189485863913
 11
-349.3187304847528
 21
100.9257098854568
 72
1
 10
-349.3187304847528
 20
100.9257098854568
 11
-351.6880157933947
 21
104.3093999763951
 72
1
 10
-351.6880157933947
 20
104.3093999763951
 11
-354.9447476474473
 21
94.28620996418182
 72
1
 10
-354.9447476474473
 20
94.28620996418182
 11
-356.2843396845225
 21
102.6457815018976
 72
1
 10
-356.2843396845225
 20
102.6457815018976
 11
-357.9251034420811
 21
106.9999999999973
 72
1
 10
-357.9251034420811
 20
106.9999999999973
 11
-360.6996679505464
 21
98.46076848946369
 72
1
 10
-360.6996679505464
 20
98.46076848946369
 11
-362.2140414629795
 21
101.8621070878102
 72
1
 10
-362.2140414629795
 20
101.8621070878102
 11
-364.3709102999321
 21
104.942435018107
 72
1
 10
-364.3709102999321
 20
104.942435018107
 11
-367.2463610981087
 21
88.63494318318644
 72
1
 10
-367.2463610981087
 20
88.63494318318644
 11
-372.8658719269148
 21
99.20370592122676
 72
1
 10
-372.8658719269148
 20
99.20370592122676
 11
-374.0464487646952
 21
100.3842827590093
 72
1
 10
-374.0464487646952
 20
100.3842827590093
 11
-375.1357947356051
 21
92.63318342042022
 72
1
 10
-375.1357947356051
 20
92.63318342042022
 11
-376.7602299085734
 21
101.525296254292
 72
1
 10
-376.7602299085734
 20
101.525296254292
 11
-378.5908792539195
 21
106.9999999999973
 72
1
 10
-378.5908792539195
 20
106.9999999999973
 11
-386.2129382666518
 21
83.54171445714105
 72
1
 10
-386.2129382666518
 20
83.54171445714105
 11
-388.5843819947501
 21
98.34043895242267
 72
1
 10
-388.5843819947501
 20
98.34043895242267
 11
-390.8865247272903
 21
103.5111361884812
 72
1
 10
-390.8865247272903
 20
103.5111361884812
 11
-394.0423337734451
 21
96.74348184919391
 72
1
 10
-394.0423337734451
 20
96.74348184919391
 11
-395.5041922970574
 21
101.5250056290083
 72
1
 10
-395.5041922970574
 20
101.5250056290083
 11
-397.9318376019307
 21
104.9920424322332
 72
1
 10
-397.9318376019307
 20
104.9920424322332
 11
-397.9318376019307
 21
59.99999999999719
 72
1
 10
-397.9318376019307
 20
59.99999999999719
 11
-297.9318376019273
 21
59.99999999999719
 97
0
 75
0
 76
2
 52
0.0
 41
1.0
 77
0
 78
9
 53
0.0
 43
8684.316999999997
 44
1279.207
 45
20.32
 46
5.08
 79
5
 49
1.675999999999999
 49
-13.564
 49
1.675999999999999
 49
-13.564
 49
-81.28
 53
0.0
 43
8684.316999999997
 44
1279.207
 45
20.32
 46
5.08
 79
6
 49
-30.48
 49
1.675999999999999
 49
-28.804
 49
1.675999999999999
 49
-13.564
 49
-35.56
 53
0.0
 43
8684.316999999997
 44
1279.207
 45
20.32
 46
5.08
 79
5
 49
-76.2
 49
1.675999999999999
 49
-8.483999999999998
 49
1.675999999999999
 49
-23.724
 53
120.0
 43
8691.937000000002
 44
1281.747
 45
-14.55940905122494
 46
15.0576362048998
 79
5
 49
1.675999999999999
 49
-13.564
 49
1.675999999999999
 49
-13.564
 49
-81.27999999999999
 53
120.0
 43
8691.937000000002
 44
1281.747
 45
-14.55940905122494
 46
15.0576362048998
 79
6
 49
-30.48
 49
1.675999999999999
 49
-28.804
 49
1.675999999999999
 49
-13.564
 49
-35.56
 53
120.0
 43
8691.937000000002
 44
1281.747
 45
-14.55940905122494
 46
15.0576362048998
 79
5
 49
-76.19999999999999
 49
1.675999999999999
 49
-8.483999999999998
 49
1.675999999999999
 49
-23.724
 53
240.0
 43
8694.476999999999
 44
1291.907
 45
-5.760590948775045
 46
-20.1376362048998
 79
5
 49
1.675999999999999
 49
-13.564
 49
1.675999999999999
 49
-13.564
 49
-81.28
 53
240.0
 43
8694.476999999999
 44
1291.907
 45
-5.760590948775045
 46
-20.1376362048998
 79
6
 49
-30.48
 49
1.675999999999999
 49
-28.804
 49
1.675999999999999
 49
-13.564
 49
-35.56
 53
240.0
 43
8694.476999999999
 44
1291.907
 45
-5.760590948775045
 46
-20.1376362048998
 79
5
 49
-76.2
 49
1.675999999999999
 49
-8.483999999999998
 49
1.675999999999999
 49
-23.724
 98
1
 10
0.0
 20
0.0
  0
LINE
  5
BF
330
2F
100
AcDbEntity
  8
A-DETL-GENF
100
AcDbLine
 10
-297.9318376019115
 20
105.5928012087931
 30
0.0
 11
-299.6367928096882
 21
100.3454886341976
 31
0.0
  0
LINE
  5
C0
330
2F
100
AcDbEntity
  8
A-DETL-GENF
100
AcDbLine
 10
-299.6367928096882
 20
100.3454886341976
 30
0.0
 11
-300.9230412527085
 21
105.9168427334758
 31
0.0
  0
LINE
  5
C1
330
2F
100
AcDbEntity
  8
A-DETL-GENF
100
AcDbLine
 10
-300.9230412527085
 20
105.9168427334758
 30
0.0
 11
-303.4003795534463
 21
98.29237942928168
 31
0.0
  0
LINE
  5
C2
330
2F
100
AcDbEntity
  8
A-DETL-GENF
100
AcDbLine
 10
-303.4003795534463
 20
98.29237942928168
 30
0.0
 11
-303.4003795534463
 21
101.385626101025
 31
0.0
  0
LINE
  5
C3
330
2F
100
AcDbEntity
  8
A-DETL-GENF
100
AcDbLine
 10
-303.4003795534463
 20
101.385626101025
 30
0.0
 11
-305.2623450504968
 21
106.9999999999976
 31
0.0
  0
LINE
  5
C4
330
2F
100
AcDbEntity
  8
A-DETL-GENF
100
AcDbLine
 10
-305.2623450504968
 20
106.9999999999976
 30
0.0
 11
-310.4184056060097
 21
91.13127731161728
 31
0.0
  0
LINE
  5
C5
330
2F
100
AcDbEntity
  8
A-DETL-GENF
100
AcDbLine
 10
-310.4184056060097
 20
91.13127731161728
 30
0.0
 11
-314.5286479289677
 21
102.4240752824313
 31
0.0
  0
LINE
  5
C6
330
2F
100
AcDbEntity
  8
A-DETL-GENF
100
AcDbLine
 10
-314.5286479289677
 20
102.4240752824313
 30
0.0
 11
-317.307860989284
 21
105.2032883427477
 31
0.0
  0
LINE
  5
C7
330
2F
100
AcDbEntity
  8
A-DETL-GENF
100
AcDbLine
 10
-317.307860989284
 20
105.2032883427477
 30
0.0
 11
-322.4929848529849
 21
87.1206124873732
 31
0.0
  0
LINE
  5
C8
330
2F
100
AcDbEntity
  8
A-DETL-GENF
100
AcDbLine
 10
-322.4929848529849
 20
87.1206124873732
 30
0.0
 11
-325.2198453626949
 21
104.1372749289362
 31
0.0
  0
LINE
  5
C9
330
2F
100
AcDbEntity
  8
A-DETL-GENF
100
AcDbLine
 10
-325.2198453626949
 20
104.1372749289362
 30
0.0
 11
-328.3109262361497
 21
97.508430603958
 31
0.0
  0
LINE
  5
CA
330
2F
100
AcDbEntity
  8
A-DETL-GENF
100
AcDbLine
 10
-328.3109262361497
 20
97.508430603958
 30
0.0
 11
-331.8464601420824
 21
101.0439645098907
 31
0.0
  0
LINE
  5
CB
330
2F
100
AcDbEntity
  8
A-DETL-GENF
100
AcDbLine
 10
-331.8464601420824
 20
101.0439645098907
 30
0.0
 11
-333.2820289110944
 21
94.36667331312024
 31
0.0
  0
LINE
  5
CC
330
2F
100
AcDbEntity
  8
A-DETL-GENF
100
AcDbLine
 10
-333.2820289110944
 20
94.36667331312024
 30
0.0
 11
-337.8801837848785
 21
106.9999999999978
 31
0.0
  0
LINE
  5
CD
330
2F
100
AcDbEntity
  8
A-DETL-GENF
100
AcDbLine
 10
-337.8801837848786
 20
106.9999999999978
 30
0.0
 11
-343.8917670244017
 21
77.41894858639061
 31
0.0
  0
LINE
  5
CE
330
2F
100
AcDbEntity
  8
A-DETL-GENF
100
AcDbLine
 10
-343.8917670244017
 20
77.41894858639061
 30
0.0
 11
-349.3187304847375
 21
100.9257098854576
 31
0.0
  0
LINE
  5
CF
330
2F
100
AcDbEntity
  8
A-DETL-GENF
100
AcDbLine
 10
-349.3187304847375
 20
100.9257098854576
 30
0.0
 11
-351.6880157933786
 21
104.3093999763971
 31
0.0
  0
LINE
  5
D0
330
2F
100
AcDbEntity
  8
A-DETL-GENF
100
AcDbLine
 10
-351.6880157933786
 20
104.3093999763971
 30
0.0
 11
-354.9447476474321
 21
94.28620996418276
 31
0.0
  0
LINE
  5
D1
330
2F
100
AcDbEntity
  8
A-DETL-GENF
100
AcDbLine
 10
-354.9447476474321
 20
94.28620996418276
 30
0.0
 11
-356.2843396845062
 21
102.6457815018991
 31
0.0
  0
LINE
  5
D2
330
2F
100
AcDbEntity
  8
A-DETL-GENF
100
AcDbLine
 10
-356.2843396845062
 20
102.6457815018991
 30
0.0
 11
-357.9251034420665
 21
106.9999999999979
 31
0.0
  0
LINE
  5
D3
330
2F
100
AcDbEntity
  8
A-DETL-GENF
100
AcDbLine
 10
-357.9251034420665
 20
106.9999999999979
 30
0.0
 11
-360.6996679505315
 21
98.4607684894647
 31
0.0
  0
LINE
  5
D4
330
2F
100
AcDbEntity
  8
A-DETL-GENF
100
AcDbLine
 10
-360.6996679505315
 20
98.4607684894647
 30
0.0
 11
-362.2140414629621
 21
101.8621070878104
 31
0.0
  0
LINE
  5
D5
330
2F
100
AcDbEntity
  8
A-DETL-GENF
100
AcDbLine
 10
-362.2140414629621
 20
101.8621070878104
 30
0.0
 11
-364.3709102999135
 21
104.9424350181066
 31
0.0
  0
LINE
  5
D6
330
2F
100
AcDbEntity
  8
A-DETL-GENF
100
AcDbLine
 10
-364.3709102999135
 20
104.9424350181066
 30
0.0
 11
-367.2463610980926
 21
88.63494318318837
 31
0.0
  0
LINE
  5
D7
330
2F
100
AcDbEntity
  8
A-DETL-GENF
100
AcDbLine
 10
-367.2463610980926
 20
88.63494318318837
 30
0.0
 11
-372.8658719269001
 21
99.2037059212269
 31
0.0
  0
LINE
  5
D8
330
2F
100
AcDbEntity
  8
A-DETL-GENF
100
AcDbLine
 10
-372.8658719269001
 20
99.2037059212269
 30
0.0
 11
-374.0464487646824
 21
100.3842827590092
 31
0.0
  0
LINE
  5
D9
330
2F
100
AcDbEntity
  8
A-DETL-GENF
100
AcDbLine
 10
-374.0464487646824
 20
100.3842827590092
 30
0.0
 11
-375.1357947355887
 21
92.6331834204214
 31
0.0
  0
LINE
  5
DA
330
2F
100
AcDbEntity
  8
A-DETL-GENF
100
AcDbLine
 10
-375.1357947355887
 20
92.6331834204214
 30
0.0
 11
-376.7602299085579
 21
101.5252962542927
 31
0.0
  0
LINE
  5
DB
330
2F
100
AcDbEntity
  8
A-DETL-GENF
100
AcDbLine
 10
-376.7602299085579
 20
101.5252962542927
 30
0.0
 11
-378.5908792539036
 21
106.9999999999981
 31
0.0
  0
LINE
  5
DC
330
2F
100
AcDbEntity
  8
A-DETL-GENF
100
AcDbLine
 10
-378.5908792539036
 20
106.9999999999981
 30
0.0
 11
-380.0551455226214
 21
102.4934518107241
 31
0.0
  0
LINE
  5
DD
330
2F
100
AcDbEntity
  8
A-DETL-GENF
100
AcDbLine
 10
-380.0551455226214
 20
102.4934518107241
 30
0.0
 11
-386.2129382666337
 21
83.54171445714086
 31
0.0
  0
LINE
  5
DE
330
2F
100
AcDbEntity
  8
A-DETL-GENF
100
AcDbLine
 10
-386.2129382666337
 20
83.54171445714086
 30
0.0
 11
-388.5843819947352
 21
98.34043895242274
 31
0.0
  0
LINE
  5
DF
330
2F
100
AcDbEntity
  8
A-DETL-GENF
100
AcDbLine
 10
-388.5843819947352
 20
98.34043895242274
 30
0.0
 11
-390.8865247272743
 21
103.5111361884818
 31
0.0
  0
LINE
  5
E0
330
2F
100
AcDbEntity
  8
A-DETL-GENF
100
AcDbLine
 10
-390.8865247272743
 20
103.5111361884818
 30
0.0
 11
-394.0423337734297
 21
96.74348184919519
 31
0.0
  0
LINE
  5
E1
330
2F
100
AcDbEntity
  8
A-DETL-GENF
100
AcDbLine
 10
-394.0423337734297
 20
96.74348184919519
 30
0.0
 11
-395.5041922970429
 21
101.5250056290095
 31
0.0
  0
LINE
  5
E2
330
2F
100
AcDbEntity
  8
A-DETL-GENF
100
AcDbLine
 10
-395.5041922970429
 20
101.5250056290095
 30
0.0
 11
-397.9318376019114
 21
104.9920424322342
 31
0.0
  0
LINE
  5
E3
330
2F
100
AcDbEntity
  8
A-DETL-GENF-HDLN
100
AcDbLine
 10
-397.9318376019114
 20
60.99999999999902
 30
0.0
 11
-297.9318376019114
 21
60.9999999999987
 31
0.0
  0
LINE
  5
E4
330
2F
100
AcDbEntity
  8
A-DETL-GENF
100
AcDbLine
 10
-397.9318376019114
 20
61.99999999999903
 30
0.0
 11
-297.9318376019115
 21
61.99999999999871
 31
0.0
  0
LINE
  5
E5
330
2F
100
AcDbEntity
  8
A-DETL-GENF
100
AcDbLine
 10
-397.9318376019114
 20
59.99999999999907
 30
0.0
 11
-297.9318376019114
 21
59.99999999999874
 31
0.0
  0
HATCH
  5
E6
330
2F
100
AcDbEntity
  8
A-DETL-GENF
370
13
100
AcDbHatch
 10
0.0
 20
0.0
 30
0.0
210
0.0
220
0.0
230
1.0
  2
FP_108
 70
0
 71
0
 91
1
 92
1
 93
39
 72
1
 10
-197.9318376019284
 20
59.99999999999936
 11
-197.9318376019284
 21
105.5928012087934
 72
1
 10
-197.9318376019284
 20
105.5928012087934
 11
-199.636792809704
 21
100.345488634198
 72
1
 10
-199.636792809704
 20
100.345488634198
 11
-200.923041252722
 21
105.9168427334765
 72
1
 10
-200.923041252722
 20
105.9168427334765
 11
-203.4003795534632
 21
98.2923794292826
 72
1
 10
-203.4003795534632
 20
98.2923794292826
 11
-203.4003795534632
 21
101.3856261010248
 72
1
 10
-203.4003795534632
 20
101.3856261010248
 11
-205.2623450505131
 21
106.9999999999973
 72
1
 10
-205.2623450505131
 20
106.9999999999973
 11
-210.4184056060247
 21
91.13127731161708
 72
1
 10
-210.4184056060247
 20
91.13127731161708
 11
-214.5286479289834
 21
102.4240752824318
 72
1
 10
-214.5286479289834
 20
102.4240752824318
 11
-217.3078609892995
 21
105.2032883427479
 72
1
 10
-217.3078609892995
 20
105.2032883427479
 11
-222.4929848530025
 21
87.12061248737368
 72
1
 10
-222.4929848530025
 20
87.12061248737368
 11
-225.2198453627102
 21
104.1372749289358
 72
1
 10
-225.2198453627102
 20
104.1372749289358
 11
-228.310926236166
 21
97.50843060395832
 72
1
 10
-228.310926236166
 20
97.50843060395832
 11
-231.8464601420963
 21
101.0439645098907
 72
1
 10
-231.8464601420963
 20
101.0439645098907
 11
-233.2820289111118
 21
94.36667331312123
 72
1
 10
-233.2820289111118
 20
94.36667331312123
 11
-237.8801837848923
 21
106.9999999999973
 72
1
 10
-237.8801837848923
 20
106.9999999999973
 11
-243.8917670244173
 21
77.4189485863913
 72
1
 10
-243.8917670244173
 20
77.4189485863913
 11
-249.3187304847539
 21
100.9257098854568
 72
1
 10
-249.3187304847539
 20
100.9257098854568
 11
-251.6880157933958
 21
104.3093999763973
 72
1
 10
-251.6880157933958
 20
104.3093999763973
 11
-254.9447476474484
 21
94.28620996418398
 72
1
 10
-254.9447476474484
 20
94.28620996418398
 11
-256.2843396845236
 21
102.6457815018997
 72
1
 10
-256.2843396845236
 20
102.6457815018997
 11
-257.9251034420821
 21
106.9999999999973
 72
1
 10
-257.9251034420821
 20
106.9999999999973
 11
-260.6996679505475
 21
98.46076848946369
 72
1
 10
-260.6996679505475
 20
98.46076848946369
 11
-262.2140414629806
 21
101.8621070878102
 72
1
 10
-262.2140414629806
 20
101.8621070878102
 11
-264.3709102999289
 21
104.942435018107
 72
1
 10
-264.3709102999289
 20
104.942435018107
 11
-267.2463610981097
 21
88.63494318318862
 72
1
 10
-267.2463610981097
 20
88.63494318318862
 11
-272.8658719269159
 21
99.20370592122676
 72
1
 10
-272.8658719269159
 20
99.20370592122676
 11
-274.0464487646963
 21
100.3842827590093
 72
1
 10
-274.0464487646963
 20
100.3842827590093
 11
-275.1357947356019
 21
92.63318342042238
 72
1
 10
-275.1357947356019
 20
92.63318342042238
 11
-276.7602299085745
 21
101.525296254292
 72
1
 10
-276.7602299085745
 20
101.525296254292
 11
-278.5908792539206
 21
106.9999999999973
 72
1
 10
-278.5908792539206
 20
106.9999999999973
 11
-286.2129382666485
 21
83.54171445714105
 72
1
 10
-286.2129382666485
 20
83.54171445714105
 11
-288.5843819947512
 21
98.34043895242267
 72
1
 10
-288.5843819947512
 20
98.34043895242267
 11
-290.8865247272914
 21
103.5111361884833
 72
1
 10
-290.8865247272914
 20
103.5111361884833
 11
-294.0423337734462
 21
96.74348184919609
 72
1
 10
-294.0423337734462
 20
96.74348184919609
 11
-295.5041922970585
 21
101.5250056290083
 72
1
 10
-295.5041922970585
 20
101.5250056290083
 11
-297.9318376019273
 21
104.9920424322332
 72
1
 10
-297.9318376019273
 20
104.9920424322332
 11
-297.9318376019273
 21
59.99999999999936
 72
1
 10
-297.9318376019273
 20
59.99999999999936
 11
-220.6737531483192
 21
59.99999999999936
 72
1
 10
-220.6737531483192
 20
59.99999999999936
 11
-197.9318376019284
 21
59.99999999999936
 97
0
 75
0
 76
2
 52
0.0
 41
1.0
 77
0
 78
9
 53
0.0
 43
8684.316999999997
 44
1279.207
 45
20.32
 46
5.08
 79
5
 49
1.675999999999999
 49
-13.564
 49
1.675999999999999
 49
-13.564
 49
-81.28
 53
0.0
 43
8684.316999999997
 44
1279.207
 45
20.32
 46
5.08
 79
6
 49
-30.48
 49
1.675999999999999
 49
-28.804
 49
1.675999999999999
 49
-13.564
 49
-35.56
 53
0.0
 43
8684.316999999997
 44
1279.207
 45
20.32
 46
5.08
 79
5
 49
-76.2
 49
1.675999999999999
 49
-8.483999999999998
 49
1.675999999999999
 49
-23.724
 53
120.0
 43
8691.937000000002
 44
1281.747
 45
-14.55940905122494
 46
15.0576362048998
 79
5
 49
1.675999999999999
 49
-13.564
 49
1.675999999999999
 49
-13.564
 49
-81.27999999999999
 53
120.0
 43
8691.937000000002
 44
1281.747
 45
-14.55940905122494
 46
15.0576362048998
 79
6
 49
-30.48
 49
1.675999999999999
 49
-28.804
 49
1.675999999999999
 49
-13.564
 49
-35.56
 53
120.0
 43
8691.937000000002
 44
1281.747
 45
-14.55940905122494
 46
15.0576362048998
 79
5
 49
-76.19999999999999
 49
1.675999999999999
 49
-8.483999999999998
 49
1.675999999999999
 49
-23.724
 53
240.0
 43
8694.476999999999
 44
1291.907
 45
-5.760590948775045
 46
-20.1376362048998
 79
5
 49
1.675999999999999
 49
-13.564
 49
1.675999999999999
 49
-13.564
 49
-81.28
 53
240.0
 43
8694.476999999999
 44
1291.907
 45
-5.760590948775045
 46
-20.1376362048998
 79
6
 49
-30.48
 49
1.675999999999999
 49
-28.804
 49
1.675999999999999
 49
-13.564
 49
-35.56
 53
240.0
 43
8694.476999999999
 44
1291.907
 45
-5.760590948775045
 46
-20.1376362048998
 79
5
 49
-76.2
 49
1.675999999999999
 49
-8.483999999999998
 49
1.675999999999999
 49
-23.724
 98
1
 10
0.0
 20
0.0
  0
LINE
  5
E7
330
2F
100
AcDbEntity
  8
A-DETL-GENF
100
AcDbLine
 10
-197.9318376019114
 20
105.5928012087941
 30
0.0
 11
-199.6367928096882
 21
100.3454886341985
 31
0.0
  0
LINE
  5
E8
330
2F
100
AcDbEntity
  8
A-DETL-GENF
100
AcDbLine
 10
-199.6367928096882
 20
100.3454886341985
 30
0.0
 11
-200.9230412527085
 21
105.9168427334768
 31
0.0
  0
LINE
  5
E9
330
2F
100
AcDbEntity
  8
A-DETL-GENF
100
AcDbLine
 10
-200.9230412527085
 20
105.9168427334768
 30
0.0
 11
-203.4003795534463
 21
98.29237942928266
 31
0.0
  0
LINE
  5
EA
330
2F
100
AcDbEntity
  8
A-DETL-GENF
100
AcDbLine
 10
-203.4003795534463
 20
98.29237942928266
 30
0.0
 11
-203.4003795534463
 21
101.385626101026
 31
0.0
  0
LINE
  5
EB
330
2F
100
AcDbEntity
  8
A-DETL-GENF
100
AcDbLine
 10
-203.4003795534463
 20
101.385626101026
 30
0.0
 11
-205.2623450504968
 21
106.9999999999986
 31
0.0
  0
LINE
  5
EC
330
2F
100
AcDbEntity
  8
A-DETL-GENF
100
AcDbLine
 10
-205.2623450504968
 20
106.9999999999986
 30
0.0
 11
-210.4184056060097
 21
91.1312773116183
 31
0.0
  0
LINE
  5
ED
330
2F
100
AcDbEntity
  8
A-DETL-GENF
100
AcDbLine
 10
-210.4184056060097
 20
91.1312773116183
 30
0.0
 11
-214.5286479289677
 21
102.4240752824323
 31
0.0
  0
LINE
  5
EE
330
2F
100
AcDbEntity
  8
A-DETL-GENF
100
AcDbLine
 10
-214.5286479289677
 20
102.4240752824323
 30
0.0
 11
-217.307860989284
 21
105.2032883427487
 31
0.0
  0
LINE
  5
EF
330
2F
100
AcDbEntity
  8
A-DETL-GENF
100
AcDbLine
 10
-217.307860989284
 20
105.2032883427487
 30
0.0
 11
-222.4929848529849
 21
87.12061248737417
 31
0.0
  0
LINE
  5
F0
330
2F
100
AcDbEntity
  8
A-DETL-GENF
100
AcDbLine
 10
-222.4929848529849
 20
87.12061248737417
 30
0.0
 11
-225.2198453626949
 21
104.1372749289372
 31
0.0
  0
LINE
  5
F1
330
2F
100
AcDbEntity
  8
A-DETL-GENF
100
AcDbLine
 10
-225.2198453626949
 20
104.1372749289372
 30
0.0
 11
-228.3109262361497
 21
97.50843060395901
 31
0.0
  0
LINE
  5
F2
330
2F
100
AcDbEntity
  8
A-DETL-GENF
100
AcDbLine
 10
-228.3109262361497
 20
97.50843060395901
 30
0.0
 11
-231.8464601420823
 21
101.0439645098917
 31
0.0
  0
LINE
  5
F3
330
2F
100
AcDbEntity
  8
A-DETL-GENF
100
AcDbLine
 10
-231.8464601420823
 20
101.0439645098917
 30
0.0
 11
-233.2820289110944
 21
94.36667331312125
 31
0.0
  0
LINE
  5
F4
330
2F
100
AcDbEntity
  8
A-DETL-GENF
100
AcDbLine
 10
-233.2820289110944
 20
94.36667331312125
 30
0.0
 11
-237.8801837848786
 21
106.9999999999988
 31
0.0
  0
LINE
  5
F5
330
2F
100
AcDbEntity
  8
A-DETL-GENF
100
AcDbLine
 10
-237.8801837848786
 20
106.9999999999988
 30
0.0
 11
-243.8917670244017
 21
77.41894858639162
 31
0.0
  0
LINE
  5
F6
330
2F
100
AcDbEntity
  8
A-DETL-GENF
100
AcDbLine
 10
-243.8917670244016
 20
77.4189485863916
 30
0.0
 11
-249.3187304847374
 21
100.9257098854586
 31
0.0
  0
LINE
  5
F7
330
2F
100
AcDbEntity
  8
A-DETL-GENF
100
AcDbLine
 10
-249.3187304847374
 20
100.9257098854586
 30
0.0
 11
-251.6880157933786
 21
104.3093999763981
 31
0.0
  0
LINE
  5
F8
330
2F
100
AcDbEntity
  8
A-DETL-GENF
100
AcDbLine
 10
-251.6880157933786
 20
104.3093999763981
 30
0.0
 11
-254.9447476474321
 21
94.28620996418378
 31
0.0
  0
LINE
  5
F9
330
2F
100
AcDbEntity
  8
A-DETL-GENF
100
AcDbLine
 10
-254.9447476474321
 20
94.28620996418377
 30
0.0
 11
-256.2843396845062
 21
102.6457815019001
 31
0.0
  0
LINE
  5
FA
330
2F
100
AcDbEntity
  8
A-DETL-GENF
100
AcDbLine
 10
-256.2843396845062
 20
102.6457815019001
 30
0.0
 11
-257.9251034420665
 21
106.9999999999989
 31
0.0
  0
LINE
  5
FB
330
2F
100
AcDbEntity
  8
A-DETL-GENF
100
AcDbLine
 10
-257.9251034420665
 20
106.9999999999989
 30
0.0
 11
-260.6996679505315
 21
98.46076848946574
 31
0.0
  0
LINE
  5
FC
330
2F
100
AcDbEntity
  8
A-DETL-GENF
100
AcDbLine
 10
-260.6996679505315
 20
98.46076848946574
 30
0.0
 11
-262.2140414629621
 21
101.8621070878114
 31
0.0
  0
LINE
  5
FD
330
2F
100
AcDbEntity
  8
A-DETL-GENF
100
AcDbLine
 10
-262.2140414629621
 20
101.8621070878113
 30
0.0
 11
-264.3709102999135
 21
104.9424350181076
 31
0.0
  0
LINE
  5
FE
330
2F
100
AcDbEntity
  8
A-DETL-GENF
100
AcDbLine
 10
-264.3709102999135
 20
104.9424350181076
 30
0.0
 11
-267.2463610980926
 21
88.63494318318936
 31
0.0
  0
LINE
  5
FF
330
2F
100
AcDbEntity
  8
A-DETL-GENF
100
AcDbLine
 10
-267.2463610980926
 20
88.63494318318936
 30
0.0
 11
-272.8658719269001
 21
99.20370592122791
 31
0.0
  0
LINE
  5
100
330
2F
100
AcDbEntity
  8
A-DETL-GENF
100
AcDbLine
 10
-272.8658719269001
 20
99.20370592122791
 30
0.0
 11
-274.0464487646824
 21
100.3842827590102
 31
0.0
  0
LINE
  5
101
330
2F
100
AcDbEntity
  8
A-DETL-GENF
100
AcDbLine
 10
-274.0464487646824
 20
100.3842827590102
 30
0.0
 11
-275.1357947355887
 21
92.63318342042238
 31
0.0
  0
LINE
  5
102
330
2F
100
AcDbEntity
  8
A-DETL-GENF
100
AcDbLine
 10
-275.1357947355887
 20
92.63318342042241
 30
0.0
 11
-276.7602299085579
 21
101.5252962542937
 31
0.0
  0
LINE
  5
103
330
2F
100
AcDbEntity
  8
A-DETL-GENF
100
AcDbLine
 10
-276.7602299085579
 20
101.5252962542937
 30
0.0
 11
-278.5908792539036
 21
106.9999999999991
 31
0.0
  0
LINE
  5
104
330
2F
100
AcDbEntity
  8
A-DETL-GENF
100
AcDbLine
 10
-278.5908792539036
 20
106.9999999999991
 30
0.0
 11
-280.0551455226214
 21
102.4934518107251
 31
0.0
  0
LINE
  5
105
330
2F
100
AcDbEntity
  8
A-DETL-GENF
100
AcDbLine
 10
-280.0551455226214
 20
102.4934518107251
 30
0.0
 11
-286.2129382666337
 21
83.54171445714184
 31
0.0
  0
LINE
  5
106
330
2F
100
AcDbEntity
  8
A-DETL-GENF
100
AcDbLine
 10
-286.2129382666337
 20
83.54171445714186
 30
0.0
 11
-288.5843819947352
 21
98.34043895242372
 31
0.0
  0
LINE
  5
107
330
2F
100
AcDbEntity
  8
A-DETL-GENF
100
AcDbLine
 10
-288.5843819947352
 20
98.34043895242372
 30
0.0
 11
-290.8865247272743
 21
103.5111361884828
 31
0.0
  0
LINE
  5
108
330
2F
100
AcDbEntity
  8
A-DETL-GENF
100
AcDbLine
 10
-290.8865247272743
 20
103.5111361884828
 30
0.0
 11
-294.0423337734297
 21
96.74348184919619
 31
0.0
  0
LINE
  5
109
330
2F
100
AcDbEntity
  8
A-DETL-GENF
100
AcDbLine
 10
-294.0423337734297
 20
96.74348184919619
 30
0.0
 11
-295.5041922970429
 21
101.5250056290105
 31
0.0
  0
LINE
  5
10A
330
2F
100
AcDbEntity
  8
A-DETL-GENF
100
AcDbLine
 10
-295.5041922970429
 20
101.5250056290105
 30
0.0
 11
-297.9318376019114
 21
104.9920424322352
 31
0.0
  0
LINE
  5
10B
330
2F
100
AcDbEntity
  8
A-DETL-GENF-HDLN
100
AcDbLine
 10
-297.9318376019114
 20
61.00000000000002
 30
0.0
 11
-197.9318376019114
 21
60.9999999999997
 31
0.0
  0
LINE
  5
10C
330
2F
100
AcDbEntity
  8
A-DETL-GENF
100
AcDbLine
 10
-297.9318376019114
 20
62.00000000000002
 30
0.0
 11
-197.9318376019114
 21
61.9999999999997
 31
0.0
  0
LINE
  5
10D
330
2F
100
AcDbEntity
  8
A-DETL-GENF
100
AcDbLine
 10
-297.9318376019114
 20
60.00000000000007
 30
0.0
 11
-197.9318376019114
 21
59.99999999999975
 31
0.0
  0
HATCH
  5
10E
330
2F
100
AcDbEntity
  8
A-DETL-GENF
370
13
100
AcDbHatch
 10
0.0
 20
0.0
 30
0.0
210
0.0
220
0.0
230
1.0
  2
FP_108
 70
0
 71
0
 91
1
 92
1
 93
38
 72
1
 10
-97.93183760192517
 20
59.99999999999936
 11
-97.93183760192517
 21
105.5928012087934
 72
1
 10
-97.93183760192517
 20
105.5928012087934
 11
-99.63679280970509
 21
100.345488634198
 72
1
 10
-99.63679280970509
 20
100.345488634198
 11
-100.923041252723
 21
105.9168427334765
 72
1
 10
-100.923041252723
 20
105.9168427334765
 11
-103.4003795534599
 21
98.2923794292826
 72
1
 10
-103.4003795534599
 20
98.2923794292826
 11
-103.4003795534599
 21
101.3856261010248
 72
1
 10
-103.4003795534599
 20
101.3856261010248
 11
-105.2623450505141
 21
106.9999999999973
 72
1
 10
-105.2623450505141
 20
106.9999999999973
 11
-110.4184056060257
 21
91.13127731161708
 72
1
 10
-110.4184056060257
 20
91.13127731161708
 11
-114.5286479289845
 21
102.4240752824318
 72
1
 10
-114.5286479289845
 20
102.4240752824318
 11
-117.3078609893005
 21
105.2032883427457
 72
1
 10
-117.3078609893005
 20
105.2032883427457
 11
-122.4929848529992
 21
87.12061248737368
 72
1
 10
-122.4929848529992
 20
87.12061248737368
 11
-125.2198453627112
 21
104.1372749289358
 72
1
 10
-125.2198453627112
 20
104.1372749289358
 11
-128.3109262361628
 21
97.50843060395832
 72
1
 10
-128.3109262361628
 20
97.50843060395832
 11
-131.8464601420973
 21
101.0439645098907
 72
1
 10
-131.8464601420973
 20
101.0439645098907
 11
-133.2820289111086
 21
94.36667331312123
 72
1
 10
-133.2820289111086
 20
94.36667331312123
 11
-137.8801837848934
 21
106.9999999999973
 72
1
 10
-137.8801837848934
 20
106.9999999999973
 11
-143.891767024414
 21
77.4189485863913
 72
1
 10
-143.891767024414
 20
77.4189485863913
 11
-149.318730484755
 21
100.9257098854568
 72
1
 10
-149.318730484755
 20
100.9257098854568
 11
-151.6880157933968
 21
104.3093999763973
 72
1
 10
-151.6880157933968
 20
104.3093999763973
 11
-154.9447476474494
 21
94.28620996418182
 72
1
 10
-154.9447476474494
 20
94.28620996418182
 11
-156.2843396845246
 21
102.6457815018976
 72
1
 10
-156.2843396845246
 20
102.6457815018976
 11
-157.9251034420833
 21
106.9999999999973
 72
1
 10
-157.9251034420833
 20
106.9999999999973
 11
-160.6996679505485
 21
98.46076848946369
 72
1
 10
-160.6996679505485
 20
98.46076848946369
 11
-162.2140414629773
 21
101.8621070878102
 72
1
 10
-162.2140414629773
 20
101.8621070878102
 11
-164.3709102999299
 21
104.942435018107
 72
1
 10
-164.3709102999299
 20
104.942435018107
 11
-167.2463610981108
 21
88.63494318318862
 72
1
 10
-167.2463610981108
 20
88.63494318318862
 11
-172.8658719269169
 21
99.20370592122676
 72
1
 10
-172.8658719269169
 20
99.20370592122676
 11
-174.0464487646974
 21
100.3842827590093
 72
1
 10
-174.0464487646974
 20
100.3842827590093
 11
-175.1357947356029
 21
92.63318342042022
 72
1
 10
-175.1357947356029
 20
92.63318342042022
 11
-176.7602299085756
 21
101.525296254292
 72
1
 10
-176.7602299085756
 20
101.525296254292
 11
-178.5908792539217
 21
106.9999999999973
 72
1
 10
-178.5908792539217
 20
106.9999999999973
 11
-186.2129382666495
 21
83.54171445714105
 72
1
 10
-186.2129382666495
 20
83.54171445714105
 11
-188.5843819947522
 21
98.34043895242267
 72
1
 10
-188.5843819947522
 20
98.34043895242267
 11
-190.8865247272882
 21
103.5111361884812
 72
1
 10
-190.8865247272882
 20
103.5111361884812
 11
-194.0423337734429
 21
96.74348184919609
 72
1
 10
-194.0423337734429
 20
96.74348184919609
 11
-195.5041922970595
 21
101.5250056290083
 72
1
 10
-195.5041922970595
 20
101.5250056290083
 11
-197.9318376019284
 21
104.9920424322332
 72
1
 10
-197.9318376019284
 20
104.9920424322332
 11
-197.9318376019284
 21
59.99999999999936
 72
1
 10
-197.9318376019284
 20
59.99999999999936
 11
-97.93183760192517
 21
59.99999999999936
 97
0
 75
0
 76
2
 52
0.0
 41
1.0
 77
0
 78
9
 53
0.0
 43
8684.316999999997
 44
1279.207
 45
20.32
 46
5.08
 79
5
 49
1.675999999999999
 49
-13.564
 49
1.675999999999999
 49
-13.564
 49
-81.28
 53
0.0
 43
8684.316999999997
 44
1279.207
 45
20.32
 46
5.08
 79
6
 49
-30.48
 49
1.675999999999999
 49
-28.804
 49
1.675999999999999
 49
-13.564
 49
-35.56
 53
0.0
 43
8684.316999999997
 44
1279.207
 45
20.32
 46
5.08
 79
5
 49
-76.2
 49
1.675999999999999
 49
-8.483999999999998
 49
1.675999999999999
 49
-23.724
 53
120.0
 43
8691.937000000002
 44
1281.747
 45
-14.55940905122494
 46
15.0576362048998
 79
5
 49
1.675999999999999
 49
-13.564
 49
1.675999999999999
 49
-13.564
 49
-81.27999999999999
 53
120.0
 43
8691.937000000002
 44
1281.747
 45
-14.55940905122494
 46
15.0576362048998
 79
6
 49
-30.48
 49
1.675999999999999
 49
-28.804
 49
1.675999999999999
 49
-13.564
 49
-35.56
 53
120.0
 43
8691.937000000002
 44
1281.747
 45
-14.55940905122494
 46
15.0576362048998
 79
5
 49
-76.19999999999999
 49
1.675999999999999
 49
-8.483999999999998
 49
1.675999999999999
 49
-23.724
 53
240.0
 43
8694.476999999999
 44
1291.907
 45
-5.760590948775045
 46
-20.1376362048998
 79
5
 49
1.675999999999999
 49
-13.564
 49
1.675999999999999
 49
-13.564
 49
-81.28
 53
240.0
 43
8694.476999999999
 44
1291.907
 45
-5.760590948775045
 46
-20.1376362048998
 79
6
 49
-30.48
 49
1.675999999999999
 49
-28.804
 49
1.675999999999999
 49
-13.564
 49
-35.56
 53
240.0
 43
8694.476999999999
 44
1291.907
 45
-5.760590948775045
 46
-20.1376362048998
 79
5
 49
-76.2
 49
1.675999999999999
 49
-8.483999999999998
 49
1.675999999999999
 49
-23.724
 98
1
 10
0.0
 20
0.0
  0
LINE
  5
10F
330
2F
100
AcDbEntity
  8
A-DETL-GENF
100
AcDbLine
 10
-97.93183760191141
 20
105.5928012087938
 30
0.0
 11
-99.63679280968817
 21
100.3454886341982
 31
0.0
  0
LINE
  5
110
330
2F
100
AcDbEntity
  8
A-DETL-GENF
100
AcDbLine
 10
-99.63679280968817
 20
100.3454886341982
 30
0.0
 11
-100.9230412527084
 21
105.9168427334764
 31
0.0
  0
LINE
  5
111
330
2F
100
AcDbEntity
  8
A-DETL-GENF
100
AcDbLine
 10
-100.9230412527084
 20
105.9168427334764
 30
0.0
 11
-103.4003795534463
 21
98.29237942928236
 31
0.0
  0
LINE
  5
112
330
2F
100
AcDbEntity
  8
A-DETL-GENF
100
AcDbLine
 10
-103.4003795534463
 20
98.29237942928236
 30
0.0
 11
-103.4003795534462
 21
101.3856261010257
 31
0.0
  0
LINE
  5
113
330
2F
100
AcDbEntity
  8
A-DETL-GENF
100
AcDbLine
 10
-103.4003795534462
 20
101.3856261010257
 30
0.0
 11
-105.2623450504967
 21
106.9999999999983
 31
0.0
  0
LINE
  5
114
330
2F
100
AcDbEntity
  8
A-DETL-GENF
100
AcDbLine
 10
-105.2623450504967
 20
106.9999999999983
 30
0.0
 11
-110.4184056060097
 21
91.13127731161796
 31
0.0
  0
LINE
  5
115
330
2F
100
AcDbEntity
  8
A-DETL-GENF
100
AcDbLine
 10
-110.4184056060097
 20
91.13127731161796
 30
0.0
 11
-114.5286479289676
 21
102.424075282432
 31
0.0
  0
LINE
  5
116
330
2F
100
AcDbEntity
  8
A-DETL-GENF
100
AcDbLine
 10
-114.5286479289676
 20
102.424075282432
 30
0.0
 11
-117.307860989284
 21
105.2032883427484
 31
0.0
  0
LINE
  5
117
330
2F
100
AcDbEntity
  8
A-DETL-GENF
100
AcDbLine
 10
-117.307860989284
 20
105.2032883427484
 30
0.0
 11
-122.4929848529848
 21
87.12061248737388
 31
0.0
  0
LINE
  5
118
330
2F
100
AcDbEntity
  8
A-DETL-GENF
100
AcDbLine
 10
-122.4929848529848
 20
87.1206124873739
 30
0.0
 11
-125.2198453626949
 21
104.1372749289369
 31
0.0
  0
LINE
  5
119
330
2F
100
AcDbEntity
  8
A-DETL-GENF
100
AcDbLine
 10
-125.2198453626949
 20
104.1372749289369
 30
0.0
 11
-128.3109262361496
 21
97.50843060395869
 31
0.0
  0
LINE
  5
11A
330
2F
100
AcDbEntity
  8
A-DETL-GENF
100
AcDbLine
 10
-128.3109262361496
 20
97.50843060395869
 30
0.0
 11
-131.8464601420823
 21
101.0439645098914
 31
0.0
  0
LINE
  5
11B
330
2F
100
AcDbEntity
  8
A-DETL-GENF
100
AcDbLine
 10
-131.8464601420823
 20
101.0439645098914
 30
0.0
 11
-133.2820289110944
 21
94.36667331312093
 31
0.0
  0
LINE
  5
11C
330
2F
100
AcDbEntity
  8
A-DETL-GENF
100
AcDbLine
 10
-133.2820289110944
 20
94.36667331312093
 30
0.0
 11
-137.8801837848785
 21
106.9999999999985
 31
0.0
  0
LINE
  5
11D
330
2F
100
AcDbEntity
  8
A-DETL-GENF
100
AcDbLine
 10
-137.8801837848785
 20
106.9999999999984
 30
0.0
 11
-143.8917670244016
 21
77.4189485863913
 31
0.0
  0
LINE
  5
11E
330
2F
100
AcDbEntity
  8
A-DETL-GENF
100
AcDbLine
 10
-143.8917670244016
 20
77.4189485863913
 30
0.0
 11
-149.3187304847374
 21
100.9257098854583
 31
0.0
  0
LINE
  5
11F
330
2F
100
AcDbEntity
  8
A-DETL-GENF
100
AcDbLine
 10
-149.3187304847374
 20
100.9257098854583
 30
0.0
 11
-151.6880157933786
 21
104.3093999763977
 31
0.0
  0
LINE
  5
120
330
2F
100
AcDbEntity
  8
A-DETL-GENF
100
AcDbLine
 10
-151.6880157933786
 20
104.3093999763977
 30
0.0
 11
-154.9447476474321
 21
94.28620996418343
 31
0.0
  0
LINE
  5
121
330
2F
100
AcDbEntity
  8
A-DETL-GENF
100
AcDbLine
 10
-154.9447476474321
 20
94.28620996418343
 30
0.0
 11
-156.2843396845061
 21
102.6457815018998
 31
0.0
  0
LINE
  5
122
330
2F
100
AcDbEntity
  8
A-DETL-GENF
100
AcDbLine
 10
-156.2843396845061
 20
102.6457815018997
 30
0.0
 11
-157.9251034420665
 21
106.9999999999986
 31
0.0
  0
LINE
  5
123
330
2F
100
AcDbEntity
  8
A-DETL-GENF
100
AcDbLine
 10
-157.9251034420665
 20
106.9999999999986
 30
0.0
 11
-160.6996679505314
 21
98.46076848946538
 31
0.0
  0
LINE
  5
124
330
2F
100
AcDbEntity
  8
A-DETL-GENF
100
AcDbLine
 10
-160.6996679505314
 20
98.46076848946538
 30
0.0
 11
-162.2140414629621
 21
101.862107087811
 31
0.0
  0
LINE
  5
125
330
2F
100
AcDbEntity
  8
A-DETL-GENF
100
AcDbLine
 10
-162.2140414629621
 20
101.862107087811
 30
0.0
 11
-164.3709102999134
 21
104.9424350181073
 31
0.0
  0
LINE
  5
126
330
2F
100
AcDbEntity
  8
A-DETL-GENF
100
AcDbLine
 10
-164.3709102999134
 20
104.9424350181073
 30
0.0
 11
-167.2463610980925
 21
88.63494318318904
 31
0.0
  0
LINE
  5
127
330
2F
100
AcDbEntity
  8
A-DETL-GENF
100
AcDbLine
 10
-167.2463610980925
 20
88.63494318318904
 30
0.0
 11
-172.8658719269
 21
99.20370592122758
 31
0.0
  0
LINE
  5
128
330
2F
100
AcDbEntity
  8
A-DETL-GENF
100
AcDbLine
 10
-172.8658719269
 20
99.20370592122758
 30
0.0
 11
-174.0464487646823
 21
100.3842827590099
 31
0.0
  0
LINE
  5
129
330
2F
100
AcDbEntity
  8
A-DETL-GENF
100
AcDbLine
 10
-174.0464487646823
 20
100.3842827590099
 30
0.0
 11
-175.1357947355887
 21
92.63318342042209
 31
0.0
  0
LINE
  5
12A
330
2F
100
AcDbEntity
  8
A-DETL-GENF
100
AcDbLine
 10
-175.1357947355887
 20
92.63318342042209
 30
0.0
 11
-176.7602299085579
 21
101.5252962542934
 31
0.0
  0
LINE
  5
12B
330
2F
100
AcDbEntity
  8
A-DETL-GENF
100
AcDbLine
 10
-176.7602299085578
 20
101.5252962542934
 30
0.0
 11
-178.5908792539036
 21
106.9999999999987
 31
0.0
  0
LINE
  5
12C
330
2F
100
AcDbEntity
  8
A-DETL-GENF
100
AcDbLine
 10
-178.5908792539036
 20
106.9999999999987
 30
0.0
 11
-180.0551455226213
 21
102.4934518107248
 31
0.0
  0
LINE
  5
12D
330
2F
100
AcDbEntity
  8
A-DETL-GENF
100
AcDbLine
 10
-180.0551455226213
 20
102.4934518107248
 30
0.0
 11
-186.2129382666337
 21
83.54171445714152
 31
0.0
  0
LINE
  5
12E
330
2F
100
AcDbEntity
  8
A-DETL-GENF
100
AcDbLine
 10
-186.2129382666337
 20
83.54171445714152
 30
0.0
 11
-188.5843819947351
 21
98.34043895242341
 31
0.0
  0
LINE
  5
12F
330
2F
100
AcDbEntity
  8
A-DETL-GENF
100
AcDbLine
 10
-188.5843819947351
 20
98.34043895242341
 30
0.0
 11
-190.8865247272742
 21
103.5111361884825
 31
0.0
  0
LINE
  5
130
330
2F
100
AcDbEntity
  8
A-DETL-GENF
100
AcDbLine
 10
-190.8865247272742
 20
103.5111361884825
 30
0.0
 11
-194.0423337734296
 21
96.74348184919587
 31
0.0
  0
LINE
  5
131
330
2F
100
AcDbEntity
  8
A-DETL-GENF
100
AcDbLine
 10
-194.0423337734296
 20
96.74348184919587
 30
0.0
 11
-195.5041922970429
 21
101.5250056290102
 31
0.0
  0
LINE
  5
132
330
2F
100
AcDbEntity
  8
A-DETL-GENF
100
AcDbLine
 10
-195.5041922970429
 20
101.5250056290102
 30
0.0
 11
-197.9318376019114
 21
104.9920424322349
 31
0.0
  0
LINE
  5
133
330
2F
100
AcDbEntity
  8
A-DETL-GENF-HDLN
100
AcDbLine
 10
-197.9318376019114
 20
60.9999999999997
 30
0.0
 11
-97.93183760191141
 21
60.99999999999938
 31
0.0
  0
LINE
  5
134
330
2F
100
AcDbEntity
  8
A-DETL-GENF
100
AcDbLine
 10
-197.9318376019114
 20
61.9999999999997
 30
0.0
 11
-97.93183760191141
 21
61.99999999999938
 31
0.0
  0
LINE
  5
135
330
2F
100
AcDbEntity
  8
A-DETL-GENF
100
AcDbLine
 10
-197.9318376019114
 20
59.99999999999975
 30
0.0
 11
-97.93183760191141
 21
59.99999999999943
 31
0.0
  0
HATCH
  5
136
330
2F
100
AcDbEntity
  8
A-DETL-GENF
370
13
100
AcDbHatch
 10
0.0
 20
0.0
 30
0.0
210
0.0
220
0.0
230
1.0
  2
FP_108
 70
0
 71
0
 91
1
 92
1
 93
38
 72
1
 10
2.068162398073752
 20
59.99999999999936
 11
2.068162398073752
 21
105.5928012087934
 72
1
 10
2.068162398073752
 20
105.5928012087934
 11
0.363207190298158
 21
100.345488634198
 72
1
 10
0.3632071902981579
 20
100.345488634198
 11
-0.9230412527241127
 21
105.9168427334765
 72
1
 10
-0.9230412527241127
 20
105.9168427334765
 11
-3.400379553461039
 21
98.2923794292826
 72
1
 10
-3.400379553461039
 20
98.2923794292826
 11
-3.400379553461039
 21
101.3856261010248
 72
1
 10
-3.400379553461039
 20
101.3856261010248
 11
-5.262345050510896
 21
106.9999999999973
 72
1
 10
-5.262345050510896
 20
106.9999999999973
 11
-10.41840560602682
 21
91.13127731161708
 72
1
 10
-10.41840560602682
 20
91.13127731161708
 11
-14.52864792898126
 21
102.4240752824318
 72
1
 10
-14.52864792898126
 20
102.4240752824318
 11
-17.30786098929731
 21
105.2032883427457
 72
1
 10
-17.30786098929731
 20
105.2032883427457
 11
-22.4929848530003
 21
87.12061248737368
 72
1
 10
-22.4929848530003
 20
87.12061248737368
 11
-25.21984536271233
 21
104.1372749289358
 72
1
 10
-25.21984536271233
 20
104.1372749289358
 11
-28.31092623616386
 21
97.50843060395832
 72
1
 10
-28.31092623616386
 20
97.50843060395832
 11
-31.84646014209846
 21
101.0439645098907
 72
1
 10
-31.84646014209846
 20
101.0439645098907
 11
-33.28202891110969
 21
94.36667331312123
 72
1
 10
-33.28202891110969
 20
94.36667331312123
 11
-37.88018378489448
 21
106.9999999999973
 72
1
 10
-37.88018378489448
 20
106.9999999999973
 11
-43.89176702441508
 21
77.4189485863913
 72
1
 10
-43.89176702441508
 20
77.4189485863913
 11
-49.31873048475608
 21
100.9257098854568
 72
1
 10
-49.31873048475608
 20
100.9257098854568
 11
-51.68801579339794
 21
104.3093999763951
 72
1
 10
-51.68801579339794
 20
104.3093999763951
 11
-54.9447476474505
 21
94.28620996418182
 72
1
 10
-54.9447476474505
 20
94.28620996418182
 11
-56.28433968452138
 21
102.6457815018976
 72
1
 10
-56.28433968452138
 20
102.6457815018976
 11
-57.92510344208434
 21
106.9999999999973
 72
1
 10
-57.92510344208434
 20
106.9999999999973
 11
-60.6996679505496
 21
98.46076848946369
 72
1
 10
-60.6996679505496
 20
98.46076848946369
 11
-62.21404146297846
 21
101.8621070878102
 72
1
 10
-62.21404146297846
 20
101.8621070878102
 11
-64.3709102999267
 21
104.942435018107
 72
1
 10
-64.3709102999267
 20
104.942435018107
 11
-67.24636109810756
 21
88.63494318318644
 72
1
 10
-67.24636109810756
 20
88.63494318318644
 11
-72.86587192691805
 21
99.20370592122676
 72
1
 10
-72.86587192691805
 20
99.20370592122676
 11
-74.04644876469847
 21
100.3842827590093
 72
1
 10
-74.04644876469847
 20
100.3842827590093
 11
-75.13579473560398
 21
92.63318342042022
 72
1
 10
-75.13579473560398
 20
92.63318342042022
 11
-76.76022990857233
 21
101.525296254292
 72
1
 10
-76.76022990857233
 20
101.525296254292
 11
-78.59087925391843
 21
106.9999999999973
 72
1
 10
-78.59087925391843
 20
106.9999999999973
 11
-86.21293826665064
 21
83.54171445714105
 72
1
 10
-86.21293826665064
 20
83.54171445714105
 11
-88.58438199475331
 21
98.34043895242267
 72
1
 10
-88.58438199475331
 20
98.34043895242267
 11
-90.88652472728926
 21
103.5111361884812
 72
1
 10
-90.88652472728926
 20
103.5111361884812
 11
-94.04233377344399
 21
96.74348184919609
 72
1
 10
-94.04233377344399
 20
96.74348184919609
 11
-95.50419229706061
 21
101.5250056290083
 72
1
 10
-95.50419229706061
 20
101.5250056290083
 11
-97.93183760192517
 21
104.9920424322332
 72
1
 10
-97.93183760192517
 20
104.9920424322332
 11
-97.93183760192517
 21
59.99999999999936
 72
1
 10
-97.93183760192517
 20
59.99999999999936
 11
2.068162398073752
 21
59.99999999999936
 97
0
 75
0
 76
2
 52
0.0
 41
1.0
 77
0
 78
9
 53
0.0
 43
8684.316999999997
 44
1279.207
 45
20.32
 46
5.08
 79
5
 49
1.675999999999999
 49
-13.564
 49
1.675999999999999
 49
-13.564
 49
-81.28
 53
0.0
 43
8684.316999999997
 44
1279.207
 45
20.32
 46
5.08
 79
6
 49
-30.48
 49
1.675999999999999
 49
-28.804
 49
1.675999999999999
 49
-13.564
 49
-35.56
 53
0.0
 43
8684.316999999997
 44
1279.207
 45
20.32
 46
5.08
 79
5
 49
-76.2
 49
1.675999999999999
 49
-8.483999999999998
 49
1.675999999999999
 49
-23.724
 53
120.0
 43
8691.937000000002
 44
1281.747
 45
-14.55940905122494
 46
15.0576362048998
 79
5
 49
1.675999999999999
 49
-13.564
 49
1.675999999999999
 49
-13.564
 49
-81.27999999999999
 53
120.0
 43
8691.937000000002
 44
1281.747
 45
-14.55940905122494
 46
15.0576362048998
 79
6
 49
-30.48
 49
1.675999999999999
 49
-28.804
 49
1.675999999999999
 49
-13.564
 49
-35.56
 53
120.0
 43
8691.937000000002
 44
1281.747
 45
-14.55940905122494
 46
15.0576362048998
 79
5
 49
-76.19999999999999
 49
1.675999999999999
 49
-8.483999999999998
 49
1.675999999999999
 49
-23.724
 53
240.0
 43
8694.476999999999
 44
1291.907
 45
-5.760590948775045
 46
-20.1376362048998
 79
5
 49
1.675999999999999
 49
-13.564
 49
1.675999999999999
 49
-13.564
 49
-81.28
 53
240.0
 43
8694.476999999999
 44
1291.907
 45
-5.760590948775045
 46
-20.1376362048998
 79
6
 49
-30.48
 49
1.675999999999999
 49
-28.804
 49
1.675999999999999
 49
-13.564
 49
-35.56
 53
240.0
 43
8694.476999999999
 44
1291.907
 45
-5.760590948775045
 46
-20.1376362048998
 79
5
 49
-76.2
 49
1.675999999999999
 49
-8.483999999999998
 49
1.675999999999999
 49
-23.724
 98
1
 10
0.0
 20
0.0
  0
LINE
  5
137
330
2F
100
AcDbEntity
  8
A-DETL-GENF
100
AcDbLine
 10
2.068162398088591
 20
105.5928012087935
 30
0.0
 11
0.3632071903118291
 21
100.3454886341979
 31
0.0
  0
LINE
  5
138
330
2F
100
AcDbEntity
  8
A-DETL-GENF
100
AcDbLine
 10
0.3632071903118291
 20
100.3454886341979
 30
0.0
 11
-0.9230412527084451
 21
105.9168427334761
 31
0.0
  0
LINE
  5
139
330
2F
100
AcDbEntity
  8
A-DETL-GENF
100
AcDbLine
 10
-0.9230412527084451
 20
105.9168427334761
 30
0.0
 11
-3.400379553446284
 21
98.29237942928202
 31
0.0
  0
LINE
  5
13A
330
2F
100
AcDbEntity
  8
A-DETL-GENF
100
AcDbLine
 10
-3.400379553446284
 20
98.29237942928202
 30
0.0
 11
-3.400379553446267
 21
101.3856261010253
 31
0.0
  0
LINE
  5
13B
330
2F
100
AcDbEntity
  8
A-DETL-GENF
100
AcDbLine
 10
-3.400379553446267
 20
101.3856261010253
 30
0.0
 11
-5.262345050496751
 21
106.999999999998
 31
0.0
  0
LINE
  5
13C
330
2F
100
AcDbEntity
  8
A-DETL-GENF
100
AcDbLine
 10
-5.262345050496751
 20
106.999999999998
 30
0.0
 11
-10.41840560600966
 21
91.13127731161767
 31
0.0
  0
LINE
  5
13D
330
2F
100
AcDbEntity
  8
A-DETL-GENF
100
AcDbLine
 10
-10.41840560600966
 20
91.13127731161767
 30
0.0
 11
-14.52864792896764
 21
102.4240752824316
 31
0.0
  0
LINE
  5
13E
330
2F
100
AcDbEntity
  8
A-DETL-GENF
100
AcDbLine
 10
-14.52864792896764
 20
102.4240752824316
 30
0.0
 11
-17.30786098928401
 21
105.2032883427481
 31
0.0
  0
LINE
  5
13F
330
2F
100
AcDbEntity
  8
A-DETL-GENF
100
AcDbLine
 10
-17.30786098928401
 20
105.2032883427481
 30
0.0
 11
-22.49298485298487
 21
87.12061248737353
 31
0.0
  0
LINE
  5
140
330
2F
100
AcDbEntity
  8
A-DETL-GENF
100
AcDbLine
 10
-22.49298485298487
 20
87.12061248737353
 30
0.0
 11
-25.21984536269489
 21
104.1372749289366
 31
0.0
  0
LINE
  5
141
330
2F
100
AcDbEntity
  8
A-DETL-GENF
100
AcDbLine
 10
-25.21984536269489
 20
104.1372749289366
 30
0.0
 11
-28.31092623614963
 21
97.50843060395837
 31
0.0
  0
LINE
  5
142
330
2F
100
AcDbEntity
  8
A-DETL-GENF
100
AcDbLine
 10
-28.31092623614963
 20
97.50843060395837
 30
0.0
 11
-31.84646014208232
 21
101.0439645098911
 31
0.0
  0
LINE
  5
143
330
2F
100
AcDbEntity
  8
A-DETL-GENF
100
AcDbLine
 10
-31.84646014208232
 20
101.0439645098911
 30
0.0
 11
-33.28202891109441
 21
94.36667331312061
 31
0.0
  0
LINE
  5
144
330
2F
100
AcDbEntity
  8
A-DETL-GENF
100
AcDbLine
 10
-33.28202891109441
 20
94.36667331312061
 30
0.0
 11
-37.88018378487852
 21
106.9999999999982
 31
0.0
  0
LINE
  5
145
330
2F
100
AcDbEntity
  8
A-DETL-GENF
100
AcDbLine
 10
-37.88018378487853
 20
106.9999999999982
 30
0.0
 11
-43.89176702440162
 21
77.41894858639098
 31
0.0
  0
LINE
  5
146
330
2F
100
AcDbEntity
  8
A-DETL-GENF
100
AcDbLine
 10
-43.89176702440162
 20
77.41894858639095
 30
0.0
 11
-49.31873048473738
 21
100.925709885458
 31
0.0
  0
LINE
  5
147
330
2F
100
AcDbEntity
  8
A-DETL-GENF
100
AcDbLine
 10
-49.31873048473738
 20
100.925709885458
 30
0.0
 11
-51.68801579337858
 21
104.3093999763974
 31
0.0
  0
LINE
  5
148
330
2F
100
AcDbEntity
  8
A-DETL-GENF
100
AcDbLine
 10
-51.68801579337858
 20
104.3093999763974
 30
0.0
 11
-54.94474764743206
 21
94.28620996418314
 31
0.0
  0
LINE
  5
149
330
2F
100
AcDbEntity
  8
A-DETL-GENF
100
AcDbLine
 10
-54.94474764743206
 20
94.28620996418312
 30
0.0
 11
-56.28433968450615
 21
102.6457815018994
 31
0.0
  0
LINE
  5
14A
330
2F
100
AcDbEntity
  8
A-DETL-GENF
100
AcDbLine
 10
-56.28433968450615
 20
102.6457815018994
 30
0.0
 11
-57.9251034420665
 21
106.9999999999983
 31
0.0
  0
LINE
  5
14B
330
2F
100
AcDbEntity
  8
A-DETL-GENF
100
AcDbLine
 10
-57.9251034420665
 20
106.9999999999983
 30
0.0
 11
-60.69966795053146
 21
98.4607684894651
 31
0.0
  0
LINE
  5
14C
330
2F
100
AcDbEntity
  8
A-DETL-GENF
100
AcDbLine
 10
-60.69966795053146
 20
98.4607684894651
 30
0.0
 11
-62.21404146296206
 21
101.8621070878107
 31
0.0
  0
LINE
  5
14D
330
2F
100
AcDbEntity
  8
A-DETL-GENF
100
AcDbLine
 10
-62.21404146296206
 20
101.8621070878107
 30
0.0
 11
-64.37091029991343
 21
104.942435018107
 31
0.0
  0
LINE
  5
14E
330
2F
100
AcDbEntity
  8
A-DETL-GENF
100
AcDbLine
 10
-64.37091029991342
 20
104.942435018107
 30
0.0
 11
-67.24636109809255
 21
88.63494318318872
 31
0.0
  0
LINE
  5
14F
330
2F
100
AcDbEntity
  8
A-DETL-GENF
100
AcDbLine
 10
-67.24636109809255
 20
88.63494318318872
 30
0.0
 11
-72.86587192690006
 21
99.20370592122725
 31
0.0
  0
LINE
  5
150
330
2F
100
AcDbEntity
  8
A-DETL-GENF
100
AcDbLine
 10
-72.86587192690006
 20
99.20370592122725
 30
0.0
 11
-74.04644876468235
 21
100.3842827590096
 31
0.0
  0
LINE
  5
151
330
2F
100
AcDbEntity
  8
A-DETL-GENF
100
AcDbLine
 10
-74.04644876468237
 20
100.3842827590096
 30
0.0
 11
-75.13579473558868
 21
92.63318342042174
 31
0.0
  0
LINE
  5
152
330
2F
100
AcDbEntity
  8
A-DETL-GENF
100
AcDbLine
 10
-75.13579473558868
 20
92.63318342042174
 30
0.0
 11
-76.76022990855787
 21
101.5252962542931
 31
0.0
  0
LINE
  5
153
330
2F
100
AcDbEntity
  8
A-DETL-GENF
100
AcDbLine
 10
-76.76022990855786
 20
101.525296254293
 30
0.0
 11
-78.5908792539036
 21
106.9999999999984
 31
0.0
  0
LINE
  5
154
330
2F
100
AcDbEntity
  8
A-DETL-GENF
100
AcDbLine
 10
-78.5908792539036
 20
106.9999999999984
 30
0.0
 11
-80.05514552262136
 21
102.4934518107245
 31
0.0
  0
LINE
  5
155
330
2F
100
AcDbEntity
  8
A-DETL-GENF
100
AcDbLine
 10
-80.05514552262136
 20
102.4934518107245
 30
0.0
 11
-86.21293826663373
 21
83.5417144571412
 31
0.0
  0
LINE
  5
156
330
2F
100
AcDbEntity
  8
A-DETL-GENF
100
AcDbLine
 10
-86.21293826663373
 20
83.54171445714123
 30
0.0
 11
-88.58438199473512
 21
98.34043895242309
 31
0.0
  0
LINE
  5
157
330
2F
100
AcDbEntity
  8
A-DETL-GENF
100
AcDbLine
 10
-88.58438199473512
 20
98.34043895242309
 30
0.0
 11
-90.88652472727424
 21
103.5111361884822
 31
0.0
  0
LINE
  5
158
330
2F
100
AcDbEntity
  8
A-DETL-GENF
100
AcDbLine
 10
-90.88652472727424
 20
103.5111361884822
 30
0.0
 11
-94.0423337734296
 21
96.74348184919555
 31
0.0
  0
LINE
  5
159
330
2F
100
AcDbEntity
  8
A-DETL-GENF
100
AcDbLine
 10
-94.0423337734296
 20
96.74348184919555
 30
0.0
 11
-95.50419229704293
 21
101.5250056290099
 31
0.0
  0
LINE
  5
15A
330
2F
100
AcDbEntity
  8
A-DETL-GENF
100
AcDbLine
 10
-95.50419229704293
 20
101.5250056290099
 30
0.0
 11
-97.93183760191137
 21
104.9920424322346
 31
0.0
  0
LINE
  5
15B
330
2F
100
AcDbEntity
  8
A-DETL-GENF-HDLN
100
AcDbLine
 10
-97.93183760191137
 20
60.99999999999938
 30
0.0
 11
2.068162398088591
 21
60.99999999999906
 31
0.0
  0
LINE
  5
15C
330
2F
100
AcDbEntity
  8
A-DETL-GENF
100
AcDbLine
 10
-97.9318376019114
 20
61.99999999999938
 30
0.0
 11
2.068162398088574
 21
61.99999999999906
 31
0.0
  0
LINE
  5
15D
330
2F
100
AcDbEntity
  8
A-DETL-GENF
100
AcDbLine
 10
-97.93183760191137
 20
59.99999999999943
 30
0.0
 11
2.068162398088608
 21
59.9999999999991
 31
0.0
  0
LINE
  5
15E
330
2F
100
AcDbEntity
  8
A-DETL-GENF
370
25
100
AcDbLine
 10
-322.9318376019112
 20
14.99999999999984
 30
0.0
 11
-297.931837601911
 21
14.99999999999976
 31
0.0
  0
LINE
  5
15F
330
2F
100
AcDbEntity
  8
A-DETL-GENF
370
25
100
AcDbLine
 10
-331.2651709352445
 20
14.99999999999984
 30
0.0
 11
-327.0985042685779
 21
19.16666666666653
 31
0.0
  0
LINE
  5
160
330
2F
100
AcDbEntity
  8
A-DETL-GENF
370
25
100
AcDbLine
 10
-331.2651709352445
 20
14.99999999999984
 30
0.0
 11
-327.0985042685779
 21
10.83333333333317
 31
0.0
  0
LINE
  5
161
330
2F
100
AcDbEntity
  8
A-DETL-GENF
370
25
100
AcDbLine
 10
-322.9318376019112
 20
14.99999999999984
 30
0.0
 11
-327.0985042685779
 21
19.16666666666653
 31
0.0
  0
LINE
  5
162
330
2F
100
AcDbEntity
  8
A-DETL-GENF
370
25
100
AcDbLine
 10
-322.9318376019112
 20
14.99999999999984
 30
0.0
 11
-327.0985042685779
 21
10.83333333333317
 31
0.0
  0
LINE
  5
163
330
2F
100
AcDbEntity
  8
A-DETL-GENF
370
25
100
AcDbLine
 10
-289.5985042685778
 20
14.99999999999984
 30
0.0
 11
-264.5985042685776
 21
14.99999999999976
 31
0.0
  0
LINE
  5
164
330
2F
100
AcDbEntity
  8
A-DETL-GENF
370
25
100
AcDbLine
 10
-297.9318376019111
 20
14.99999999999984
 30
0.0
 11
-293.7651709352444
 21
19.16666666666653
 31
0.0
  0
LINE
  5
165
330
2F
100
AcDbEntity
  8
A-DETL-GENF
370
25
100
AcDbLine
 10
-297.9318376019111
 20
14.99999999999984
 30
0.0
 11
-293.7651709352445
 21
10.83333333333317
 31
0.0
  0
LINE
  5
166
330
2F
100
AcDbEntity
  8
A-DETL-GENF
370
25
100
AcDbLine
 10
-289.5985042685778
 20
14.99999999999984
 30
0.0
 11
-293.7651709352445
 21
19.16666666666653
 31
0.0
  0
LINE
  5
167
330
2F
100
AcDbEntity
  8
A-DETL-GENF
370
25
100
AcDbLine
 10
-289.5985042685778
 20
14.99999999999984
 30
0.0
 11
-293.7651709352445
 21
10.83333333333317
 31
0.0
  0
LINE
  5
168
330
2F
100
AcDbEntity
  8
A-DETL-GENF
370
25
100
AcDbLine
 10
-256.2651709352443
 20
14.99999999999984
 30
0.0
 11
-231.2651709352441
 21
14.99999999999976
 31
0.0
  0
LINE
  5
169
330
2F
100
AcDbEntity
  8
A-DETL-GENF
370
25
100
AcDbLine
 10
-264.5985042685776
 20
14.99999999999984
 30
0.0
 11
-260.431837601911
 21
19.16666666666653
 31
0.0
  0
LINE
  5
16A
330
2F
100
AcDbEntity
  8
A-DETL-GENF
370
25
100
AcDbLine
 10
-264.5985042685776
 20
14.99999999999984
 30
0.0
 11
-260.431837601911
 21
10.83333333333317
 31
0.0
  0
LINE
  5
16B
330
2F
100
AcDbEntity
  8
A-DETL-GENF
370
25
100
AcDbLine
 10
-256.2651709352443
 20
14.99999999999984
 30
0.0
 11
-260.431837601911
 21
19.16666666666653
 31
0.0
  0
LINE
  5
16C
330
2F
100
AcDbEntity
  8
A-DETL-GENF
370
25
100
AcDbLine
 10
-256.2651709352443
 20
14.99999999999984
 30
0.0
 11
-260.431837601911
 21
10.83333333333317
 31
0.0
  0
LINE
  5
16D
330
2F
100
AcDbEntity
  8
A-DETL-GENF
370
25
100
AcDbLine
 10
-222.9318376019108
 20
14.99999999999984
 30
0.0
 11
-197.9318376019106
 21
14.99999999999976
 31
0.0
  0
LINE
  5
16E
330
2F
100
AcDbEntity
  8
A-DETL-GENF
370
25
100
AcDbLine
 10
-231.2651709352441
 20
14.99999999999984
 30
0.0
 11
-227.0985042685775
 21
19.16666666666653
 31
0.0
  0
LINE
  5
16F
330
2F
100
AcDbEntity
  8
A-DETL-GENF
370
25
100
AcDbLine
 10
-231.2651709352441
 20
14.99999999999984
 30
0.0
 11
-227.0985042685775
 21
10.83333333333317
 31
0.0
  0
LINE
  5
170
330
2F
100
AcDbEntity
  8
A-DETL-GENF
370
25
100
AcDbLine
 10
-222.9318376019108
 20
14.99999999999984
 30
0.0
 11
-227.0985042685775
 21
19.16666666666653
 31
0.0
  0
LINE
  5
171
330
2F
100
AcDbEntity
  8
A-DETL-GENF
370
25
100
AcDbLine
 10
-222.9318376019108
 20
14.99999999999984
 30
0.0
 11
-227.0985042685775
 21
10.83333333333317
 31
0.0
  0
LINE
  5
172
330
2F
100
AcDbEntity
  8
A-DETL-GENF
370
25
100
AcDbLine
 10
-189.5985042685773
 20
14.99999999999984
 30
0.0
 11
-164.5985042685771
 21
14.99999999999976
 31
0.0
  0
LINE
  5
173
330
2F
100
AcDbEntity
  8
A-DETL-GENF
370
25
100
AcDbLine
 10
-197.9318376019107
 20
14.99999999999984
 30
0.0
 11
-193.765170935244
 21
19.16666666666653
 31
0.0
  0
LINE
  5
174
330
2F
100
AcDbEntity
  8
A-DETL-GENF
370
25
100
AcDbLine
 10
-197.9318376019107
 20
14.99999999999984
 30
0.0
 11
-193.765170935244
 21
10.83333333333317
 31
0.0
  0
LINE
  5
175
330
2F
100
AcDbEntity
  8
A-DETL-GENF
370
25
100
AcDbLine
 10
-189.5985042685773
 20
14.99999999999984
 30
0.0
 11
-193.765170935244
 21
19.16666666666653
 31
0.0
  0
LINE
  5
176
330
2F
100
AcDbEntity
  8
A-DETL-GENF
370
25
100
AcDbLine
 10
-189.5985042685773
 20
14.99999999999984
 30
0.0
 11
-193.765170935244
 21
10.83333333333317
 31
0.0
  0
LINE
  5
177
330
2F
100
AcDbEntity
  8
A-DETL-GENF
370
25
100
AcDbLine
 10
-156.2651709352439
 20
14.99999999999984
 30
0.0
 11
-131.2651709352437
 21
14.99999999999976
 31
0.0
  0
LINE
  5
178
330
2F
100
AcDbEntity
  8
A-DETL-GENF
370
25
100
AcDbLine
 10
-164.5985042685772
 20
14.99999999999984
 30
0.0
 11
-160.4318376019105
 21
19.16666666666653
 31
0.0
  0
LINE
  5
179
330
2F
100
AcDbEntity
  8
A-DETL-GENF
370
25
100
AcDbLine
 10
-164.5985042685772
 20
14.99999999999984
 30
0.0
 11
-160.4318376019105
 21
10.83333333333317
 31
0.0
  0
LINE
  5
17A
330
2F
100
AcDbEntity
  8
A-DETL-GENF
370
25
100
AcDbLine
 10
-156.2651709352439
 20
14.99999999999984
 30
0.0
 11
-160.4318376019105
 21
19.16666666666653
 31
0.0
  0
LINE
  5
17B
330
2F
100
AcDbEntity
  8
A-DETL-GENF
370
25
100
AcDbLine
 10
-156.2651709352439
 20
14.99999999999984
 30
0.0
 11
-160.4318376019105
 21
10.83333333333317
 31
0.0
  0
LINE
  5
17C
330
2F
100
AcDbEntity
  8
A-DETL-GENF
370
25
100
AcDbLine
 10
-122.9318376019104
 20
14.99999999999984
 30
0.0
 11
-97.9318376019102
 21
14.99999999999976
 31
0.0
  0
LINE
  5
17D
330
2F
100
AcDbEntity
  8
A-DETL-GENF
370
25
100
AcDbLine
 10
-131.2651709352437
 20
14.99999999999984
 30
0.0
 11
-127.098504268577
 21
19.16666666666653
 31
0.0
  0
LINE
  5
17E
330
2F
100
AcDbEntity
  8
A-DETL-GENF
370
25
100
AcDbLine
 10
-131.2651709352437
 20
14.99999999999984
 30
0.0
 11
-127.0985042685771
 21
10.83333333333317
 31
0.0
  0
LINE
  5
17F
330
2F
100
AcDbEntity
  8
A-DETL-GENF
370
25
100
AcDbLine
 10
-122.9318376019104
 20
14.99999999999984
 30
0.0
 11
-127.098504268577
 21
19.16666666666653
 31
0.0
  0
LINE
  5
180
330
2F
100
AcDbEntity
  8
A-DETL-GENF
370
25
100
AcDbLine
 10
-122.9318376019104
 20
14.99999999999984
 30
0.0
 11
-127.0985042685771
 21
10.83333333333317
 31
0.0
  0
LINE
  5
181
330
2F
100
AcDbEntity
  8
A-DETL-GENF
370
25
100
AcDbLine
 10
-89.59850426857693
 20
14.99999999999984
 30
0.0
 11
-64.59850426857673
 21
14.99999999999976
 31
0.0
  0
LINE
  5
182
330
2F
100
AcDbEntity
  8
A-DETL-GENF
370
25
100
AcDbLine
 10
-97.93183760191029
 20
14.99999999999984
 30
0.0
 11
-93.7651709352436
 21
19.16666666666653
 31
0.0
  0
LINE
  5
183
330
2F
100
AcDbEntity
  8
A-DETL-GENF
370
25
100
AcDbLine
 10
-97.93183760191029
 20
14.99999999999984
 30
0.0
 11
-93.7651709352436
 21
10.83333333333317
 31
0.0
  0
LINE
  5
184
330
2F
100
AcDbEntity
  8
A-DETL-GENF
370
25
100
AcDbLine
 10
-89.59850426857693
 20
14.99999999999984
 30
0.0
 11
-93.7651709352436
 21
19.16666666666653
 31
0.0
  0
LINE
  5
185
330
2F
100
AcDbEntity
  8
A-DETL-GENF
370
25
100
AcDbLine
 10
-89.59850426857693
 20
14.99999999999984
 30
0.0
 11
-93.7651709352436
 21
10.83333333333317
 31
0.0
  0
LINE
  5
186
330
2F
100
AcDbEntity
  8
A-DETL-GENF
370
25
100
AcDbLine
 10
-56.26517093524346
 20
14.99999999999984
 30
0.0
 11
-31.26517093524326
 21
14.99999999999976
 31
0.0
  0
LINE
  5
187
330
2F
100
AcDbEntity
  8
A-DETL-GENF
370
25
100
AcDbLine
 10
-64.5985042685768
 20
14.99999999999984
 30
0.0
 11
-60.43183760191013
 21
19.16666666666653
 31
0.0
  0
LINE
  5
188
330
2F
100
AcDbEntity
  8
A-DETL-GENF
370
25
100
AcDbLine
 10
-64.5985042685768
 20
14.99999999999984
 30
0.0
 11
-60.43183760191014
 21
10.83333333333317
 31
0.0
  0
LINE
  5
189
330
2F
100
AcDbEntity
  8
A-DETL-GENF
370
25
100
AcDbLine
 10
-56.26517093524346
 20
14.99999999999984
 30
0.0
 11
-60.43183760191013
 21
19.16666666666653
 31
0.0
  0
LINE
  5
18A
330
2F
100
AcDbEntity
  8
A-DETL-GENF
370
25
100
AcDbLine
 10
-56.26517093524346
 20
14.99999999999984
 30
0.0
 11
-60.43183760191013
 21
10.83333333333317
 31
0.0
  0
LINE
  5
18B
330
2F
100
AcDbEntity
  8
A-DETL-GENF
370
25
100
AcDbLine
 10
-22.93183760190999
 20
14.99999999999984
 30
0.0
 11
2.068162398090211
 21
14.99999999999976
 31
0.0
  0
LINE
  5
18C
330
2F
100
AcDbEntity
  8
A-DETL-GENF
370
25
100
AcDbLine
 10
-31.26517093524334
 20
14.99999999999984
 30
0.0
 11
-27.09850426857665
 21
19.16666666666653
 31
0.0
  0
LINE
  5
18D
330
2F
100
AcDbEntity
  8
A-DETL-GENF
370
25
100
AcDbLine
 10
-31.26517093524334
 20
14.99999999999984
 30
0.0
 11
-27.09850426857667
 21
10.83333333333317
 31
0.0
  0
LINE
  5
18E
330
2F
100
AcDbEntity
  8
A-DETL-GENF
370
25
100
AcDbLine
 10
-22.93183760190999
 20
14.99999999999984
 30
0.0
 11
-27.09850426857665
 21
19.16666666666653
 31
0.0
  0
LINE
  5
18F
330
2F
100
AcDbEntity
  8
A-DETL-GENF
370
25
100
AcDbLine
 10
-22.93183760190999
 20
14.99999999999984
 30
0.0
 11
-27.09850426857667
 21
10.83333333333317
 31
0.0
  0
LINE
  5
190
330
2F
100
AcDbEntity
  8
A-DETL-GENF
370
25
100
AcDbLine
 10
-389.5985042685782
 20
14.99999999999984
 30
0.0
 11
-364.598504268578
 21
14.99999999999976
 31
0.0
  0
LINE
  5
191
330
2F
100
AcDbEntity
  8
A-DETL-GENF
370
25
100
AcDbLine
 10
-397.9318376019115
 20
14.99999999999984
 30
0.0
 11
-393.7651709352449
 21
19.16666666666653
 31
0.0
  0
LINE
  5
192
330
2F
100
AcDbEntity
  8
A-DETL-GENF
370
25
100
AcDbLine
 10
-397.9318376019115
 20
14.99999999999984
 30
0.0
 11
-393.7651709352449
 21
10.83333333333317
 31
0.0
  0
LINE
  5
193
330
2F
100
AcDbEntity
  8
A-DETL-GENF
370
25
100
AcDbLine
 10
-389.5985042685782
 20
14.99999999999984
 30
0.0
 11
-393.7651709352449
 21
19.16666666666653
 31
0.0
  0
LINE
  5
194
330
2F
100
AcDbEntity
  8
A-DETL-GENF
370
25
100
AcDbLine
 10
-389.5985042685782
 20
14.99999999999984
 30
0.0
 11
-393.7651709352449
 21
10.83333333333317
 31
0.0
  0
LINE
  5
195
330
2F
100
AcDbEntity
  8
A-DETL-GENF
370
25
100
AcDbLine
 10
-356.2651709352447
 20
14.99999999999846
 30
0.0
 11
-331.2651709352445
 21
14.99999999999837
 31
0.0
  0
LINE
  5
196
330
2F
100
AcDbEntity
  8
A-DETL-GENF
370
25
100
AcDbLine
 10
-364.598504268578
 20
14.99999999999846
 30
0.0
 11
-360.4318376019114
 21
19.16666666666514
 31
0.0
  0
LINE
  5
197
330
2F
100
AcDbEntity
  8
A-DETL-GENF
370
25
100
AcDbLine
 10
-364.598504268578
 20
14.99999999999846
 30
0.0
 11
-360.4318376019114
 21
10.83333333333178
 31
0.0
  0
LINE
  5
198
330
2F
100
AcDbEntity
  8
A-DETL-GENF
370
25
100
AcDbLine
 10
-356.2651709352447
 20
14.99999999999846
 30
0.0
 11
-360.4318376019114
 21
19.16666666666514
 31
0.0
  0
LINE
  5
199
330
2F
100
AcDbEntity
  8
A-DETL-GENF
370
25
100
AcDbLine
 10
-356.2651709352447
 20
14.99999999999845
 30
0.0
 11
-360.4318376019114
 21
10.83333333333178
 31
0.0
  0
ENDBLK
  5
31
330
2F
100
AcDbEntity
  8
0
100
AcDbBlockEnd
  0
ENDSEC
  0
SECTION
  2
ENTITIES
  0
INSERT
  5
19D
330
17
100
AcDbEntity
  8
0
100
AcDbBlockReference
  2
47 mossedum-detail - maaiveld in detail-5036362-00_0 Basismaterialen
 10
0.0
 20
0.0
 30
0.0
  0
ENDSEC
  0
SECTION
  2
OBJECTS
  0
DICTIONARY
  5
A
330
0
100
AcDbDictionary
281
1
  3
ACAD_COLOR
350
B
  3
ACAD_GROUP
350
C
  3
ACAD_LAYOUT
350
D
  3
ACAD_MATERIAL
350
E
  3
ACAD_MLEADERSTYLE
350
F
  3
ACAD_MLINESTYLE
350
10
  3
ACAD_PLOTSETTINGS
350
11
  3
ACAD_PLOTSTYLENAME
350
12
  3
ACAD_SCALELIST
350
14
  3
ACAD_TABLESTYLE
350
15
  3
ACAD_VISUALSTYLE
350
16
  3
EZDXF_META
350
2D
  0
DICTIONARY
  5
B
330
A
100
AcDbDictionary
281
1
  0
DICTIONARY
  5
C
330
A
100
AcDbDictionary
281
1
  0
DICTIONARY
  5
D
330
A
100
AcDbDictionary
281
1
  3
Model
350
1A
  3
Layout1
350
1E
  0
DICTIONARY
  5
E
330
A
100
AcDbDictionary
281
1
  3
ByBlock
350
1F
  3
ByLayer
350
20
  3
Global
350
21
  0
DICTIONARY
  5
F
330
A
100
AcDbDictionary
281
1
  3
Standard
350
2C
  0
DICTIONARY
  5
10
330
A
100
AcDbDictionary
281
1
  3
Standard
350
22
  0
DICTIONARY
  5
11
330
A
100
AcDbDictionary
281
1
  0
ACDBDICTIONARYWDFLT
  5
12
330
A
100
AcDbDictionary
281
1
  3
Normal
350
13
100
AcDbDictionaryWithDefault
340
13
  0
ACDBPLACEHOLDER
  5
13
330
12
  0
DICTIONARY
  5
14
330
A
100
AcDbDictionary
281
1
  0
DICTIONARY
  5
15
330
A
100
AcDbDictionary
281
1
  0
DICTIONARY
  5
16
330
A
100
AcDbDictionary
281
1
  0
LAYOUT
  5
1A
330
D
100
AcDbPlotSettings
  1

  4
A3
  6

 40
7.5
 41
20.0
 42
7.5
 43
20.0
 44
420.0
 45
297.0
 46
0.0
 47
0.0
 48
0.0
 49
0.0
140
0.0
141
0.0
142
1.0
143
1.0
 70
1024
 72
1
 73
0
 74
5
  7

 75
16
 76
0
 77
2
 78
300
147
1.0
148
0.0
149
0.0
100
AcDbLayout
  1
Model
 70
1
 71
0
 10
0.0
 20
0.0
 11
420.0
 21
297.0
 12
0.0
 22
0.0
 32
0.0
 14
1e+20
 24
1e+20
 34
1e+20
 15
-1e+20
 25
-1e+20
 35
-1e+20
146
0.0
 13
0.0
 23
0.0
 33
0.0
 16
1.0
 26
0.0
 36
0.0
 17
0.0
 27
1.0
 37
0.0
 76
1
330
17
  0
LAYOUT
  5
1E
330
D
100
AcDbPlotSettings
  1

  4
A3
  6

 40
7.5
 41
20.0
 42
7.5
 43
20.0
 44
420.0
 45
297.0
 46
0.0
 47
0.0
 48
0.0
 49
0.0
140
0.0
141
0.0
142
1.0
143
1.0
 70
0
 72
1
 73
0
 74
5
  7

 75
16
 76
0
 77
2
 78
300
147
1.0
148
0.0
149
0.0
100
AcDbLayout
  1
Layout1
 70
1
 71
1
 10
0.0
 20
0.0
 11
420.0
 21
297.0
 12
0.0
 22
0.0
 32
0.0
 14
1e+20
 24
1e+20
 34
1e+20
 15
-1e+20
 25
-1e+20
 35
-1e+20
146
0.0
 13
0.0
 23
0.0
 33
0.0
 16
1.0
 26
0.0
 36
0.0
 17
0.0
 27
1.0
 37
0.0
 76
1
330
1B
  0
MATERIAL
  5
1F
102
{ACAD_REACTORS
330
E
102
}
330
E
100
AcDbMaterial
  1
ByBlock
  2

 70
0
 40
1.0
 71
1
 41
1.0
 91
-1023410177
 42
1.0
 72
1
  3

 73
1
 74
1
 75
1
 44
0.5
 73
0
 45
1.0
 46
1.0
 77
1
  4

 78
1
 79
1
170
1
 48
1.0
171
1
  6

172
1
173
1
174
1
140
1.0
141
1.0
175
1
  7

176
1
177
1
178
1
143
1.0
179
1
  8

270
1
271
1
272
1
145
1.0
146
1.0
273
1
  9

274
1
275
1
276
1
 42
1.0
 72
1
  3

 73
1
 74
1
 75
1
 94
63
  0
MATERIAL
  5
20
102
{ACAD_REACTORS
330
E
102
}
330
E
100
AcDbMaterial
  1
ByLayer
  2

 70
0
 40
1.0
 71
1
 41
1.0
 91
-1023410177
 42
1.0
 72
1
  3

 73
1
 74
1
 75
1
 44
0.5
 73
0
 45
1.0
 46
1.0
 77
1
  4

 78
1
 79
1
170
1
 48
1.0
171
1
  6

172
1
173
1
174
1
140
1.0
141
1.0
175
1
  7

176
1
177
1
178
1
143
1.0
179
1
  8

270
1
271
1
272
1
145
1.0
146
1.0
273
1
  9

274
1
275
1
276
1
 42
1.0
 72
1
  3

 73
1
 74
1
 75
1
 94
63
  0
MATERIAL
  5
21
102
{ACAD_REACTORS
330
E
102
}
330
E
100
AcDbMaterial
  1
Global
  2

 70
0
 40
1.0
 71
1
 41
1.0
 91
-1023410177
 42
1.0
 72
1
  3

 73
1
 74
1
 75
1
 44
0.5
 73
0
 45
1.0
 46
1.0
 77
1
  4

 78
1
 79
1
170
1
 48
1.0
171
1
  6

172
1
173
1
174
1
140
1.0
141
1.0
175
1
  7

176
1
177
1
178
1
143
1.0
179
1
  8

270
1
271
1
272
1
145
1.0
146
1.0
273
1
  9

274
1
275
1
276
1
 42
1.0
 72
1
  3

 73
1
 74
1
 75
1
 94
63
  0
MLINESTYLE
  5
22
102
{ACAD_REACTORS
330
10
102
}
330
10
100
AcDbMlineStyle
  2
Standard
 70
0
  3

 62
256
 51
90.0
 52
90.0
 71
2
 49
0.5
 62
256
  6
BYLAYER
 49
-0.5
 62
256
  6
BYLAYER
  0
MLEADERSTYLE
  5
2C
102
{ACAD_REACTORS
330
F
102
}
330
F
100
AcDbMLeaderStyle
179
2
170
2
171
1
172
0
 90
2
 40
0.0
 41
0.0
173
1
 91
-1056964608
 92
-2
290
1
 42
2.0
291
1
 43
8.0
  3
Standard
 44
4.0
300

342
29
174
1
175
1
176
0
178
1
 93
-1056964608
 45
4.0
292
0
297
0
 46
4.0
 94
-1056964608
 47
1.0
 49
1.0
140
1.0
294
1
141
0.0
177
0
142
1.0
295
0
296
0
143
3.75
271
0
272
9
273
9
  0
DICTIONARY
  5
2D
330
A
100
AcDbDictionary
280
1
281
1
  3
CREATED_BY_EZDXF
350
2E
  3
WRITTEN_BY_EZDXF
350
1A1
  0
DICTIONARYVAR
  5
2E
330
2D
100
DictionaryVariables
280
0
  1
1.4.3 @ 2026-02-13T04:54:14.396039+00:00
  0
DICTIONARYVAR
  5
1A1
330
2D
100
DictionaryVariables
280
0
  1
1.4.3 @ 2026-02-13T04:54:14.421139+00:00
  0
ENDSEC
  0
EOF
