  0
SECTION
  2
HEADER
  9
$ACADVER
  1
AC1018
  9
$ACADMAINTVER
 70
    39
  9
$DWGCODEPAGE
  3
ANSI_1252
  9
$LASTSAVEDBY
  1
uhlaender
  9
$INSBASE
 10
318.7982159315175
 20
-2.880534741239443
 30
0.0
  9
$EXTMIN
 10
-0.6204860556171071
 20
-326.8027155928361
 30
0.0
  9
$EXTMAX
 10
777.379513944383
 20
272.0206131929757
 30
0.0
  9
$LIMMIN
 10
0.0
 20
0.0
  9
$LIMMAX
 10
12.0
 20
9.0
  9
$ORTHOMODE
 70
     1
  9
$REGENMODE
 70
     1
  9
$FILLMODE
 70
     1
  9
$QTEXTMODE
 70
     0
  9
$MIRRTEXT
 70
     1
  9
$LTSCALE
 40
5.0
  9
$ATTMODE
 70
     1
  9
$TEXTSIZE
 40
5.625
  9
$TRACEWID
 40
0.05
  9
$TEXTSTYLE
  7
STANDARD
  9
$CLAYER
  8
HALFEN
  9
$CELTYPE
  6
BYLAYER
  9
$CECOLOR
 62
   256
  9
$CELTSCALE
 40
1.0
  9
$DISPSILH
 70
     0
  9
$DIMSCALE
 40
1.0
  9
$DIMASZ
 40
0.18
  9
$DIMEXO
 40
0.0625
  9
$DIMDLI
 40
0.38
  9
$DIMRND
 40
0.0
  9
$DIMDLE
 40
0.0
  9
$DIMEXE
 40
0.18
  9
$DIMTP
 40
0.0
  9
$DIMTM
 40
0.0
  9
$DIMTXT
 40
0.18
  9
$DIMCEN
 40
0.09
  9
$DIMTSZ
 40
0.0
  9
$DIMTOL
 70
     0
  9
$DIMLIM
 70
     0
  9
$DIMTIH
 70
     1
  9
$DIMTOH
 70
     1
  9
$DIMSE1
 70
     0
  9
$DIMSE2
 70
     0
  9
$DIMTAD
 70
     0
  9
$DIMZIN
 70
     0
  9
$DIMBLK
  1

  9
$DIMASO
 70
     1
  9
$DIMSHO
 70
     1
  9
$DIMPOST
  1

  9
$DIMAPOST
  1

  9
$DIMALT
 70
     0
  9
$DIMALTD
 70
     2
  9
$DIMALTF
 40
25.4
  9
$DIMLFAC
 40
1.0
  9
$DIMTOFL
 70
     0
  9
$DIMTVP
 40
0.0
  9
$DIMTIX
 70
     0
  9
$DIMSOXD
 70
     0
  9
$DIMSAH
 70
     0
  9
$DIMBLK1
  1

  9
$DIMBLK2
  1

  9
$DIMSTYLE
  2
STANDARD
  9
$DIMCLRD
 70
     0
  9
$DIMCLRE
 70
     0
  9
$DIMCLRT
 70
     7
  9
$DIMTFAC
 40
1.0
  9
$DIMGAP
 40
0.09
  9
$DIMJUST
 70
     0
  9
$DIMSD1
 70
     0
  9
$DIMSD2
 70
     0
  9
$DIMTOLJ
 70
     1
  9
$DIMTZIN
 70
     0
  9
$DIMALTZ
 70
     0
  9
$DIMALTTZ
 70
     0
  9
$DIMUPT
 70
     0
  9
$DIMDEC
 70
     4
  9
$DIMTDEC
 70
     4
  9
$DIMALTU
 70
     2
  9
$DIMALTTD
 70
     2
  9
$DIMTXSTY
  7
STANDARD
  9
$DIMAUNIT
 70
     0
  9
$DIMADEC
 70
     0
  9
$DIMALTRND
 40
0.0
  9
$DIMAZIN
 70
     0
  9
$DIMDSEP
 70
    46
  9
$DIMATFIT
 70
     3
  9
$DIMFRAC
 70
     0
  9
$DIMLDRBLK
  1

  9
$DIMLUNIT
 70
     2
  9
$DIMLWD
 70
    -2
  9
$DIMLWE
 70
    -2
  9
$DIMTMOVE
 70
     2
  9
$LUNITS
 70
     2
  9
$LUPREC
 70
     4
  9
$SKETCHINC
 40
0.1
  9
$FILLETRAD
 40
0.0
  9
$AUNITS
 70
     0
  9
$AUPREC
 70
     0
  9
$MENU
  1
acad
  9
$ELEVATION
 40
0.0
  9
$PELEVATION
 40
0.0
  9
$THICKNESS
 40
0.0
  9
$LIMCHECK
 70
     0
  9
$CHAMFERA
 40
0.0
  9
$CHAMFERB
 40
0.0
  9
$CHAMFERC
 40
0.0
  9
$CHAMFERD
 40
0.0
  9
$SKPOLY
 70
     0
  9
$TDCREATE
 40
2450035.601165857
  9
$TDUCREATE
 40
2450035.517832523
  9
$TDUPDATE
 40
2453921.429218750
  9
$TDUUPDATE
 40
2453921.345885416
  9
$TDINDWG
 40
0.3471216435
  9
$TDUSRTIMER
 40
0.3471216435
  9
$USRTIMER
 70
     1
  9
$ANGBASE
 50
0.0
  9
$ANGDIR
 70
     0
  9
$PDMODE
 70
     0
  9
$PDSIZE
 40
0.0
  9
$PLINEWID
 40
0.0
  9
$SPLFRAME
 70
     0
  9
$SPLINETYPE
 70
     6
  9
$SPLINESEGS
 70
     8
  9
$HANDSEED
  5
469
  9
$SURFTAB1
 70
     6
  9
$SURFTAB2
 70
     6
  9
$SURFTYPE
 70
     6
  9
$SURFU
 70
     6
  9
$SURFV
 70
     6
  9
$UCSBASE
  2

  9
$UCSNAME
  2

  9
$UCSORG
 10
0.0
 20
0.0
 30
0.0
  9
$UCSXDIR
 10
1.0
 20
0.0
 30
0.0
  9
$UCSYDIR
 10
0.0
 20
1.0
 30
0.0
  9
$UCSORTHOREF
  2

  9
$UCSORTHOVIEW
 70
     0
  9
$UCSORGTOP
 10
0.0
 20
0.0
 30
0.0
  9
$UCSORGBOTTOM
 10
0.0
 20
0.0
 30
0.0
  9
$UCSORGLEFT
 10
0.0
 20
0.0
 30
0.0
  9
$UCSORGRIGHT
 10
0.0
 20
0.0
 30
0.0
  9
$UCSORGFRONT
 10
0.0
 20
0.0
 30
0.0
  9
$UCSORGBACK
 10
0.0
 20
0.0
 30
0.0
  9
$PUCSBASE
  2

  9
$PUCSNAME
  2

  9
$PUCSORG
 10
0.0
 20
0.0
 30
0.0
  9
$PUCSXDIR
 10
1.0
 20
0.0
 30
0.0
  9
$PUCSYDIR
 10
0.0
 20
1.0
 30
0.0
  9
$PUCSORTHOREF
  2

  9
$PUCSORTHOVIEW
 70
     0
  9
$PUCSORGTOP
 10
0.0
 20
0.0
 30
0.0
  9
$PUCSORGBOTTOM
 10
0.0
 20
0.0
 30
0.0
  9
$PUCSORGLEFT
 10
0.0
 20
0.0
 30
0.0
  9
$PUCSORGRIGHT
 10
0.0
 20
0.0
 30
0.0
  9
$PUCSORGFRONT
 10
0.0
 20
0.0
 30
0.0
  9
$PUCSORGBACK
 10
0.0
 20
0.0
 30
0.0
  9
$USERI1
 70
     0
  9
$USERI2
 70
     0
  9
$USERI3
 70
     0
  9
$USERI4
 70
     0
  9
$USERI5
 70
     0
  9
$USERR1
 40
0.0
  9
$USERR2
 40
0.0
  9
$USERR3
 40
0.0
  9
$USERR4
 40
0.0
  9
$USERR5
 40
0.0
  9
$WORLDVIEW
 70
     1
  9
$SHADEDGE
 70
     3
  9
$SHADEDIF
 70
    70
  9
$TILEMODE
 70
     1
  9
$MAXACTVP
 70
    16
  9
$PINSBASE
 10
0.0
 20
0.0
 30
0.0
  9
$PLIMCHECK
 70
     0
  9
$PEXTMIN
 10
1.000000000000000E+20
 20
1.000000000000000E+20
 30
1.000000000000000E+20
  9
$PEXTMAX
 10
-1.000000000000000E+20
 20
-1.000000000000000E+20
 30
-1.000000000000000E+20
  9
$PLIMMIN
 10
0.0
 20
0.0
  9
$PLIMMAX
 10
12.0
 20
9.0
  9
$UNITMODE
 70
     0
  9
$VISRETAIN
 70
     0
  9
$PLINEGEN
 70
     0
  9
$PSLTSCALE
 70
     1
  9
$TREEDEPTH
 70
  3020
  9
$CMLSTYLE
  2
STANDARD
  9
$CMLJUST
 70
     0
  9
$CMLSCALE
 40
1.0
  9
$PROXYGRAPHICS
 70
     1
  9
$MEASUREMENT
 70
     1
  9
$CELWEIGHT
370
    -1
  9
$ENDCAPS
280
     0
  9
$JOINSTYLE
280
     0
  9
$LWDISPLAY
290
     0
  9
$INSUNITS
 70
     4
  9
$HYPERLINKBASE
  1

  9
$STYLESHEET
  1

  9
$XEDIT
290
     1
  9
$CEPSNTYPE
380
     0
  9
$PSTYLEMODE
290
     1
  9
$FINGERPRINTGUID
  2
{3DC40A9A-C0CF-4B4B-A628-300771FBDB81}
  9
$VERSIONGUID
  2
{9E720175-C8CB-416D-88E5-67A15F827062}
  9
$EXTNAMES
290
     1
  9
$PSVPSCALE
 40
0.0
  9
$OLESTARTUP
290
     0
  9
$SORTENTS
280
   127
  9
$INDEXCTL
280
     0
  9
$HIDETEXT
280
     1
  9
$XCLIPFRAME
290
     0
  9
$HALOGAP
280
     0
  9
$OBSCOLOR
 70
   257
  9
$OBSLTYPE
280
     0
  9
$INTERSECTIONDISPLAY
280
     0
  9
$INTERSECTIONCOLOR
 70
   257
  9
$DIMASSOC
280
     1
  9
$PROJECTNAME
  1

  0
ENDSEC
  0
SECTION
  2
CLASSES
  0
CLASS
  1
DICTIONARYVAR
  2
AcDbDictionaryVar
  3
ObjectDBX Classes
 90
        0
 91
        4
280
     0
281
     0
  0
CLASS
  1
ACDBDICTIONARYWDFLT
  2
AcDbDictionaryWithDefault
  3
ObjectDBX Classes
 90
        0
 91
        1
280
     0
281
     0
  0
CLASS
  1
TABLESTYLE
  2
AcDbTableStyle
  3
ObjectDBX Classes
 90
     2047
 91
        1
280
     0
281
     0
  0
CLASS
  1
ACME_DOCUMENT
  2
AcMeDbDoc
  3
AcMeServices
 90
        0
 91
        0
280
     1
281
     0
  0
CLASS
  1
AMGSETTINGSOBJ
  2
AmgSettingsObj
  3
"AcadM|Product Description: AutoCAD Mechanical 2000|Company: Autodesk"
 90
        0
 91
        0
280
     1
281
     0
  0
CLASS
  1
ACMESCOPE
  2
AcMeScope
  3
AcMeServices
 90
        0
 91
        0
280
     1
281
     0
  0
CLASS
  1
ACMECOMMANDHISTORY
  2
AcMeCommandHistory
  3
AcMeServices
 90
        0
 91
        0
280
     1
281
     0
  0
CLASS
  1
ACIMSYSVARMAN
  2
AcImSysVarManager
  3
AcMeServices
 90
        0
 91
        0
280
     1
281
     0
  0
CLASS
  1
ACIMINTSYSVAR
  2
AcImIntSysVar
  3
AcMeServices
 90
        0
 91
        0
280
     1
281
     0
  0
CLASS
  1
ACMEDRAWINGMAN
  2
AcMeDrawingMan
  3
AcMeServices
 90
        0
 91
        0
280
     1
281
     0
  0
CLASS
  1
ACMEVIEW
  2
AcMeView
  3
AcMeServices
 90
        0
 91
        0
280
     1
281
     0
  0
CLASS
  1
ACDBENTITYCACHE
  2
AcMeEntityCache
  3
AcMeServices
 90
        0
 91
        0
280
     1
281
     0
  0
CLASS
  1
GSMANAGER
  2
AcMeGSManager
  3
AcMeServices
 90
        0
 91
        0
280
     1
281
     0
  0
CLASS
  1
AMDTINTERNALREACTOR
  2
AmdtInternalReactor
  3
AcMeServices
 90
        0
 91
        0
280
     1
281
     0
  0
CLASS
  1
ACMESTATEMGR
  2
AcMeStateMgr
  3
AcMeServices
 90
        0
 91
        0
280
     1
281
     0
  0
CLASS
  1
ACGREFMASTER
  2
AcGrefMaster
  3
AcAttribServices
 90
        0
 91
        0
280
     1
281
     0
  0
CLASS
  1
AM_DRAWING_MGR
  2
AcDmDwgMgr
  3
AcMechDwgViewMgmt
 90
        0
 91
        0
280
     1
281
     0
  0
CLASS
  1
AM_DWG_DOCUMENT
  2
AcDmDwgDocument
  3
AcMechDwgViewMgmt
 90
        0
 91
        0
280
     1
281
     0
  0
CLASS
  1
AM_DWG_SHEET
  2
AcDmSheet
  3
AcMechDwgViewMgmt
 90
        0
 91
        0
280
     1
281
     0
  0
CLASS
  1
AM_VIEWDIMPARMAP
  2
AcDmViewDimParMap
  3
AcMechDwgViewMgmt
 90
        0
 91
        0
280
     1
281
     0
  0
CLASS
  1
ACIMREALSYSVAR
  2
AcImRealSysVar
  3
AcMeServices
 90
        0
 91
        0
280
     1
281
     0
  0
CLASS
  1
AM_DWGMGR_NAME
  2
AcDmDwgMgrName
  3
AcMechDwgViewMgmt
 90
        0
 91
        0
280
     1
281
     0
  0
CLASS
  1
ACME_DATABASE
  2
AcMeDbDatabase
  3
AcMeServices
 90
        0
 91
        0
280
     1
281
     0
  0
CLASS
  1
ACRFINSADJUSTERMGR
  2
AcRfInsAdjusterMgr
  3
AcMeServices
 90
        0
 91
        0
280
     1
281
     0
  0
CLASS
  1
ACGREFACADMASTER
  2
AcGrefacadMaster
  3
AcGrefServices
 90
        0
 91
        0
280
     1
281
     0
  0
CLASS
  1
AMDTMENUSTATEMGR
  2
AmdtMenuStateMgr
  3
McadcomServices
 90
        0
 91
        0
280
     1
281
     0
  0
CLASS
  1
AMDTMCOMMENUSTATE
  2
AmdtMcomMenuState
  3
McadcomServices
 90
        0
 91
        0
280
     1
281
     0
  0
CLASS
  1
AMIMASTER
  2
AmiMaster
  3
AmiServices
 90
        0
 91
        0
280
     1
281
     0
  0
CLASS
  1
MAPIAMMOUDLE
  2
MApiAmModule
  3
MApiAmServices
 90
        0
 91
        0
280
     1
281
     0
  0
CLASS
  1
AMDTADMENUSTATE
  2
AmdtAdMenuState
  3
DesignerServices
 90
        0
 91
        0
280
     1
281
     0
  0
CLASS
  1
ADAPPL
  2
AcAdAppl
  3
DesignerServices
 90
        0
 91
        0
280
     1
281
     0
  0
CLASS
  1
DEPMGR
  2
AcAdDepMgr
  3
DesignerServices
 90
        0
 91
        0
280
     1
281
     0
  0
CLASS
  1
PARAMMGR
  2
AcAdParamMgr
  3
DesignerServices
 90
        0
 91
        0
280
     1
281
     0
  0
CLASS
  1
PARAMSCOPE
  2
AcAdParamScope
  3
DesignerServices
 90
        0
 91
        0
280
     1
281
     0
  0
CLASS
  1
NAMEDAPPL
  2
AcAdNamedAppl
  3
DesignerServices
 90
        0
 91
        0
280
     1
281
     0
  0
CLASS
  1
AMDTDMMENUSTATE
  2
AmdtDmMenuState
  3
AcMechDwgViewMgmt
 90
        0
 91
        0
280
     1
281
     0
  0
CLASS
  1
AMDTAMMENUSTATE
  2
AmdtAmMenuState
  3
DesignerAssemblies
 90
        0
 91
        0
280
     1
281
     0
  0
CLASS
  1
ACIMSTRSYSVAR
  2
AcImStrSysVar
  3
AcMeServices
 90
        0
 91
        0
280
     1
281
     0
  0
CLASS
  1
ACAMPROJECT
  2
AcAmProject
  3
DesignerAssemblies
 90
        0
 91
        0
280
     1
281
     0
  0
CLASS
  1
ACAMGRCOMPDEF
  2
AcAmGrCompDef
  3
DesignerAssemblies
 90
        0
 91
        0
280
     1
281
     0
  0
CLASS
  1
ACCMCONTEXT
  2
AcCmContext
  3
DesignerAssemblies
 90
        0
 91
        0
280
     1
281
     0
  0
CLASS
  1
ACAMCOMPDEF
  2
AcAmCompDef
  3
DesignerAssemblies
 90
        0
 91
        0
280
     1
281
     0
  0
CLASS
  1
ACAMCOMPDEFMGR
  2
AcAmCompDefMgr
  3
DesignerAssemblies
 90
        0
 91
        0
280
     1
281
     0
  0
CLASS
  1
AMCONTEXTMGR
  2
AcAmContextMgr
  3
DesignerAssemblies
 90
        0
 91
        0
280
     1
281
     0
  0
CLASS
  1
ACAMCONTEXTMODELER
  2
AcAmContextModeler
  3
DesignerAssemblies
 90
        0
 91
        0
280
     1
281
     0
  0
CLASS
  1
ACMDATADICTIONARY
  2
AcmDataDictionary
  3
"AcmSymBB|Product Description: AutoCAD Mechanical 2004 DX|Company: Autodesk"
 90
        0
 91
        0
280
     1
281
     0
  0
CLASS
  1
CATALOGSTATE
  2
AcAmCatalogState
  3
DesignerAssemblies
 90
        0
 91
        0
280
     1
281
     0
  0
CLASS
  1
ACAMGRCOMPDEFSET
  2
AcAmGrCompDefSet
  3
DesignerAssemblies
 90
        0
 91
        0
280
     1
281
     0
  0
CLASS
  1
AMDTBROWSERDBTAB
  2
AmdtBrowserDbTab
  3
McadcomServices
 90
        0
 91
        0
280
     1
281
     0
  0
CLASS
  1
CBROWSERAPPOBJECT
  2
CBrowserAppObject
  3
McadcomServices
 90
        0
 91
        0
280
     1
281
     0
  0
CLASS
  1
DM_PLACEHOLDER
  2
AcDmSelsetPlaceholder
  3
AcMechDwgViewMgmt
 90
        0
 91
        0
280
     1
281
     0
  0
CLASS
  1
ACMSTANDARDDIN
  2
AcmStandardDIN
  3
"Amdt_StdImp|Product Description: AutoCAD Mechanical 2004 DX|Company: Autodesk"
 90
        0
 91
        0
280
     1
281
     0
  0
CLASS
  1
AMGOBJPROPCFG
  2
AmgObjPropCfg
  3
"AmgLay|Product Description: AutoCAD Mechanical 2000|Company: Autodesk"
 90
        1
 91
        0
280
     1
281
     0
  0
CLASS
  1
AMDTEDGESTANDARDDIN13715
  2
AmdtEdgeStdDIN13715
  3
"Amdt_StdImp|Product Description: AutoCAD Mechanical 2004 DX|Company: Autodesk"
 90
        0
 91
        0
280
     1
281
     0
  0
CLASS
  1
ACMSURFSTANDARDDIN
  2
AcmSurfTextStdDIN
  3
"Amdt_StdImp|Product Description: AutoCAD Mechanical 2004 DX|Company: Autodesk"
 90
        0
 91
        0
280
     1
281
     0
  0
CLASS
  1
ACMFCFSTANDARDDIN
  2
AcmFCFStdDIN
  3
"Amdt_StdImp|Product Description: AutoCAD Mechanical 2004 DX|Company: Autodesk"
 90
        0
 91
        0
280
     1
281
     0
  0
CLASS
  1
ACMWELDSTANDARDDIN
  2
AcmWeldingStdDIN
  3
"Amdt_StdImp|Product Description: AutoCAD Mechanical 2004 DX|Company: Autodesk"
 90
        0
 91
        0
280
     1
281
     0
  0
CLASS
  1
ACMIDSTANDARDDIN
  2
AcmIdStdDIN
  3
"Amdt_StdImp|Product Description: AutoCAD Mechanical 2004 DX|Company: Autodesk"
 90
        0
 91
        0
280
     1
281
     0
  0
CLASS
  1
ACMDATUMSTANDARDDIN
  2
AcmDatumStdDIN
  3
"Amdt_StdImp|Product Description: AutoCAD Mechanical 2004 DX|Company: Autodesk"
 90
        0
 91
        0
280
     1
281
     0
  0
CLASS
  1
ACMBOMSTANDARDDIN
  2
AcmBOMStdDIN
  3
"Amdt_StdImp|Product Description: AutoCAD Mechanical 2004 DX|Company: Autodesk"
 90
        0
 91
        0
280
     1
281
     0
  0
CLASS
  1
ACMDETAILSTANDARDDIN
  2
AmdtDetailSymStdDIN
  3
"Amdt_StdImp|Product Description: AutoCAD Mechanical 2004 DX|Company: Autodesk"
 90
        0
 91
        0
280
     1
281
     0
  0
CLASS
  1
ACMSECTIONSTANDARDDIN
  2
AmdtSectionSymStdDIN
  3
"Amdt_StdImp|Product Description: AutoCAD Mechanical 2004 DX|Company: Autodesk"
 90
        0
 91
        0
280
     1
281
     0
  0
CLASS
  1
ACMCENTERLINESTANDARDDIN
  2
AmdtCenterLineStdDIN
  3
"Amdt_StdImp|Product Description: AutoCAD Mechanical 2004 DX|Company: Autodesk"
 90
        0
 91
        0
280
     1
281
     0
  0
CLASS
  1
ACMTHREADLINESTANDARDDIN
  2
AmdtThreadLineStdDIN
  3
"Amdt_StdImp|Product Description: AutoCAD Mechanical 2004 DX|Company: Autodesk"
 90
        0
 91
        0
280
     1
281
     0
  0
CLASS
  1
ACMNOTESTANDARDDIN
  2
AmdtNoteStdDIN
  3
"Amdt_StdImp|Product Description: AutoCAD Mechanical 2004 DX|Company: Autodesk"
 90
        0
 91
        0
280
     1
281
     0
  0
CLASS
  1
AMDTNOTETEMPLATEDB
  2
AmdtNoteTemplateDB
  3
AMDT_STDIMP_MODULE_NAME
 90
        0
 91
        0
280
     1
281
     0
  0
CLASS
  1
ACAMGLAYSTD
  2
AcAmgLayStd
  3
"AcAmgLayStd|Product Description: AutoCAD Mechanical 2000|Company: Autodesk"
 90
        0
 91
        0
280
     1
281
     0
  0
CLASS
  1
ACAMGDIMSTD
  2
AcAmgDimStd
  3
"AcAmgDimStd|Product Description: AutoCAD Mechanical 2000|Company: Autodesk"
 90
        0
 91
        0
280
     1
281
     0
  0
CLASS
  1
ACAMGHOLECHARTSTDDIN
  2
AcAmgHoleChartStdDIN
  3
ACMSYMBB_MODULE_NAME
 90
        0
 91
        0
280
     1
281
     0
  0
CLASS
  1
ACAMGTITLESTD
  2
AcAmgTitleStd
  3
"TITLEAPP"
 90
        0
 91
        0
280
     1
281
     0
  0
CLASS
  1
ACAMGFILTERDAT
  2
AcAmgFilterDat
  3
"AcadM|Product Description: AutoCAD Mechanical 2000|Company: Autodesk"
 90
        0
 91
        0
280
     1
281
     0
  0
CLASS
  1
ACRFATTGENMGR
  2
AcRfAttGeneralMgr
  3
AcAttribServices
 90
        0
 91
        0
280
     1
281
     0
  0
CLASS
  1
SORTENTSTABLE
  2
AcDbSortentsTable
  3
ObjectDBX Classes
 90
        0
 91
        1
280
     0
281
     0
  0
CLASS
  1
ACMSTANDARDISO
  2
AcmStandardISO
  3
"Amdt_StdImp|Product Description: AutoCAD Mechanical 2004 DX|Company: Autodesk"
 90
        0
 91
        0
280
     1
281
     0
  0
CLASS
  1
AMDTEDGESTANDARDISO
  2
AmdtEdgeStdISO
  3
"Amdt_StdImp|Product Description: AutoCAD Mechanical 2004 DX|Company: Autodesk"
 90
        0
 91
        0
280
     1
281
     0
  0
CLASS
  1
ACMSURFSTANDARDISO
  2
AcmSurfTextStdISO
  3
"Amdt_StdImp|Product Description: AutoCAD Mechanical 2004 DX|Company: Autodesk"
 90
        0
 91
        0
280
     1
281
     0
  0
CLASS
  1
ACMFCFSTANDARDISO
  2
AcmFCFStdISO
  3
"Amdt_StdImp|Product Description: AutoCAD Mechanical 2004 DX|Company: Autodesk"
 90
        0
 91
        0
280
     1
281
     0
  0
CLASS
  1
ACMWELDSTANDARDISO
  2
AcmWeldingStdISO
  3
"Amdt_StdImp|Product Description: AutoCAD Mechanical 2004 DX|Company: Autodesk"
 90
        0
 91
        0
280
     1
281
     0
  0
CLASS
  1
ACMIDSTANDARDISO
  2
AcmIdStdISO
  3
"Amdt_StdImp|Product Description: AutoCAD Mechanical 2004 DX|Company: Autodesk"
 90
        0
 91
        0
280
     1
281
     0
  0
CLASS
  1
ACMDATUMSTANDARDISO
  2
AcmDatumStdISO
  3
"Amdt_StdImp|Product Description: AutoCAD Mechanical 2004 DX|Company: Autodesk"
 90
        0
 91
        0
280
     1
281
     0
  0
CLASS
  1
ACMBOMSTANDARDISO
  2
AcmBOMStdISO
  3
"Amdt_StdImp|Product Description: AutoCAD Mechanical 2004 DX|Company: Autodesk"
 90
        0
 91
        0
280
     1
281
     0
  0
CLASS
  1
ACMDETAILSTANDARDISO
  2
AmdtDetailSymStdISO
  3
"Amdt_StdImp|Product Description: AutoCAD Mechanical 2004 DX|Company: Autodesk"
 90
        0
 91
        0
280
     1
281
     0
  0
CLASS
  1
ACMSECTIONSTANDARDISO
  2
AmdtSectionSymStdISO
  3
"Amdt_StdImp|Product Description: AutoCAD Mechanical 2004 DX|Company: Autodesk"
 90
        0
 91
        0
280
     1
281
     0
  0
CLASS
  1
ACMCENTERLINESTANDARDISO
  2
AmdtCenterLineStdISO
  3
"Amdt_StdImp|Product Description: AutoCAD Mechanical 2004 DX|Company: Autodesk"
 90
        0
 91
        0
280
     1
281
     0
  0
CLASS
  1
ACMNOTESTANDARDISO
  2
AmdtNoteStdISO
  3
"Amdt_StdImp|Product Description: AutoCAD Mechanical 2004 DX|Company: Autodesk"
 90
        0
 91
        0
280
     1
281
     0
  0
CLASS
  1
ACAMGHOLECHARTSTDISO
  2
AcAmgHoleChartStdISO
  3
ACMSYMBB_MODULE_NAME
 90
        0
 91
        0
280
     1
281
     0
  0
CLASS
  1
ACMTHREADLINESTANDARDISO
  2
AmdtThreadLineStdISO
  3
"Amdt_StdImp|Product Description: AutoCAD Mechanical 2004 DX|Company: Autodesk"
 90
        0
 91
        0
280
     1
281
     0
  0
ENDSEC
  0
SECTION
  2
TABLES
  0
TABLE
  2
VPORT
  5
21
330
0
100
AcDbSymbolTable
 70
     2
  0
VPORT
  5
468
330
21
100
AcDbSymbolTableRecord
100
AcDbViewportTableRecord
  2
*Active
 70
     0
 10
0.0
 20
0.0
 11
1.0
 21
1.0
 12
388.379513944383
 22
-27.39105119993019
 13
0.0
 23
0.0
 14
1.0
 24
1.0
 15
0.0
 25
0.0
 16
0.0
 26
0.0
 36
1.0
 17
0.0
 27
0.0
 37
0.0
 40
603.692556609045
 41
1.553947368421052
 42
50.0
 43
0.0
 44
0.0
 50
0.0
 51
0.0
 71
     0
 72
   100
 73
     1
 74
     0
 75
     0
 76
     0
 77
     0
 78
     0
281
     0
 65
     1
110
0.0
120
0.0
130
0.0
111
1.0
121
0.0
131
0.0
112
0.0
122
1.0
132
0.0
 79
     0
146
0.0
  0
ENDTAB
  0
TABLE
  2
LTYPE
  5
1C
330
0
100
AcDbSymbolTable
 70
     2
  0
LTYPE
  5
1D
330
1C
100
AcDbSymbolTableRecord
100
AcDbLinetypeTableRecord
  2
BYBLOCK
 70
     0
  3

 72
    65
 73
     0
 40
0.0
  0
LTYPE
  5
1E
330
1C
100
AcDbSymbolTableRecord
100
AcDbLinetypeTableRecord
  2
BYLAYER
 70
     0
  3

 72
    65
 73
     0
 40
0.0
  0
LTYPE
  5
A
330
1C
100
AcDbSymbolTableRecord
100
AcDbLinetypeTableRecord
  2
CONTINUOUS
 70
     0
  3
Durchgezogene Linie
 72
    65
 73
     0
 40
0.0
  0
LTYPE
  5
40
330
1C
100
AcDbSymbolTableRecord
100
AcDbLinetypeTableRecord
  2
STRICHPUNKT2
 70
     0
  3
Strichpunkt (.5x) _._._._._._._._._._._._._._._
 72
    65
 73
     4
 40
0.5
 49
0.25
 74
     0
 49
-0.125
 74
     0
 49
0.0
 74
     0
 49
-0.125
 74
     0
  0
ENDTAB
  0
TABLE
  2
LAYER
  5
13
102
{ACAD_XDICTIONARY
360
14
102
}
330
0
100
AcDbSymbolTable
 70
     2
  0
LAYER
  5
6
330
13
100
AcDbSymbolTableRecord
100
AcDbLayerTableRecord
  2
0
 70
     0
 62
     7
  6
CONTINUOUS
370
    -3
390
7
  0
LAYER
  5
2D
330
13
100
AcDbSymbolTableRecord
100
AcDbLayerTableRecord
  2
HALFEN
 70
     0
 62
     2
  6
CONTINUOUS
370
    -3
390
7
  0
ENDTAB
  0
TABLE
  2
STYLE
  5
19
330
0
100
AcDbSymbolTable
 70
     2
  0
STYLE
  5
1A
330
19
100
AcDbSymbolTableRecord
100
AcDbTextStyleTableRecord
  2
STANDARD
 70
     0
 40
0.0
 41
1.0
 50
0.0
 71
     0
 42
5.625
  3
txt
  4

  0
STYLE
  5
34
330
19
100
AcDbSymbolTableRecord
100
AcDbTextStyleTableRecord
  2
ARIAL50
 70
     0
 40
5.0
 41
1.0
 50
0.0
 71
     0
 42
3.5
  3
ARIAL.TTF
  4

1001
ACAD
1000
Arial
1071
       34
  0
ENDTAB
  0
TABLE
  2
VIEW
  5
1F
330
0
100
AcDbSymbolTable
 70
     0
  0
ENDTAB
  0
TABLE
  2
UCS
  5
20
330
0
100
AcDbSymbolTable
 70
     0
  0
ENDTAB
  0
TABLE
  2
APPID
  5
23
330
0
100
AcDbSymbolTable
 70
     3
  0
APPID
  5
18
330
23
100
AcDbSymbolTableRecord
100
AcDbRegAppTableRecord
  2
ACAD
 70
     0
  0
APPID
  5
E
330
23
100
AcDbSymbolTableRecord
100
AcDbRegAppTableRecord
  2
ACAD_PSEXT
 70
     0
  0
APPID
  5
451
330
23
100
AcDbSymbolTableRecord
100
AcDbRegAppTableRecord
  2
DCO15
 70
     0
  0
ENDTAB
  0
TABLE
  2
DIMSTYLE
  5
24
330
0
100
AcDbSymbolTable
 70
     1
100
AcDbDimStyleTable
 71
     1
340
25
  0
DIMSTYLE
105
25
330
24
100
AcDbSymbolTableRecord
100
AcDbDimStyleTableRecord
  2
STANDARD
 70
     0
340
1A
  0
ENDTAB
  0
TABLE
  2
BLOCK_RECORD
  5
1
330
0
100
AcDbSymbolTable
 70
     0
  0
BLOCK_RECORD
  5
2
102
{ACAD_XDICTIONARY
360
3
102
}
330
1
100
AcDbSymbolTableRecord
100
AcDbBlockTableRecord
  2
*MODEL_SPACE
340
C
  0
BLOCK_RECORD
  5
F
330
1
100
AcDbSymbolTableRecord
100
AcDbBlockTableRecord
  2
*PAPER_SPACE
340
12
  0
ENDTAB
  0
ENDSEC
  0
SECTION
  2
BLOCKS
  0
BLOCK
  5
5
330
2
100
AcDbEntity
  8
0
100
AcDbBlockBegin
  2
*MODEL_SPACE
 70
     0
 10
0.0
 20
0.0
 30
0.0
  3
*MODEL_SPACE
  1

  0
ENDBLK
  5
B
330
2
100
AcDbEntity
  8
0
100
AcDbBlockEnd
  0
BLOCK
  5
10
330
F
100
AcDbEntity
 67
     1
  8
0
100
AcDbBlockBegin
  2
*PAPER_SPACE
 70
     0
 10
0.0
 20
0.0
 30
0.0
  3
*PAPER_SPACE
  1

  0
ENDBLK
  5
11
330
F
100
AcDbEntity
 67
     1
  8
0
100
AcDbBlockEnd
  0
ENDSEC
  0
SECTION
  2
ENTITIES
  0
LINE
  5
30
330
2
100
AcDbEntity
  8
HALFEN
100
AcDbLine
 10
524.379513944383
 20
-76.80271559283605
 30
0.0
 11
699.379513944383
 21
-76.80271559283605
 31
0.0
  0
LINE
  5
31
330
2
100
AcDbEntity
  8
HALFEN
100
AcDbLine
 10
524.379513944383
 20
-66.80271559283605
 30
0.0
 11
699.379513944383
 21
-66.80271559283605
 31
0.0
  0
LINE
  5
32
330
2
100
AcDbEntity
  8
HALFEN
100
AcDbLine
 10
524.379513944383
 20
-56.80271559283608
 30
0.0
 11
699.379513944383
 21
-56.80271559283608
 31
0.0
  0
TEXT
  5
33
330
2
100
AcDbEntity
  8
HALFEN
100
AcDbText
 10
579.379513944383
 20
-64.30271559283605
 30
0.0
 40
5.0
  1
HCW - ED 3 - Rechts, 159 x 70 x 140
  7
ARIAL50
100
AcDbText
  0
TEXT
  5
35
330
2
100
AcDbEntity
  8
HALFEN
100
AcDbText
 10
529.379513944383
 20
-74.30271559283605
 30
0.0
 40
5.0
  1
Id. Nr.
  7
ARIAL50
100
AcDbText
  0
TEXT
  5
36
330
2
100
AcDbEntity
  8
HALFEN
100
AcDbText
 10
529.379513944383
 20
-64.30271559283605
 30
0.0
 40
5.0
  1
Benennung
  7
ARIAL50
100
AcDbText
  0
TEXT
  5
37
330
2
100
AcDbEntity
  8
HALFEN
100
AcDbText
 10
524.379513944383
 20
-54.30271559283608
 30
0.0
 40
5.0
  1
AL
  7
ARIAL50
100
AcDbText
  0
LINE
  5
38
330
2
100
AcDbEntity
  8
HALFEN
100
AcDbLine
 10
524.379513944383
 20
-76.80271559283605
 30
0.0
 11
524.379513944383
 21
-56.80271559283608
 31
0.0
  0
LINE
  5
39
330
2
100
AcDbEntity
  8
HALFEN
100
AcDbLine
 10
574.379513944383
 20
-76.80271559283605
 30
0.0
 11
574.379513944383
 21
-56.80271559283608
 31
0.0
  0
LINE
  5
3A
330
2
100
AcDbEntity
  8
HALFEN
100
AcDbLine
 10
699.379513944383
 20
-76.80271559283605
 30
0.0
 11
699.379513944383
 21
-56.80271559283608
 31
0.0
  0
TEXT
  5
3B
330
2
100
AcDbEntity
  8
HALFEN
100
AcDbText
 10
579.379513944383
 20
-74.30271559283605
 30
0.0
 40
5.0
  1
0059.030-00005
  7
ARIAL50
100
AcDbText
  0
LINE
  5
3C
330
2
100
AcDbEntity
  8
HALFEN
100
AcDbLine
 10
93.3795139443829
 20
109.1972844071639
 30
0.0
 11
201.3795139443829
 21
109.1972844071639
 31
0.0
  0
LINE
  5
3D
330
2
100
AcDbEntity
  8
HALFEN
100
AcDbLine
 10
93.3795139443829
 20
223.1972844071639
 30
0.0
 11
201.3795139443829
 21
223.1972844071639
 31
0.0
  0
LINE
  5
3E
330
2
100
AcDbEntity
  8
HALFEN
100
AcDbLine
 10
93.3795139443829
 20
19.19728440716392
 30
0.0
 11
103.3795139443831
 21
19.19728440716392
 31
0.0
  0
LINE
  5
3F
330
2
100
AcDbEntity
  8
HALFEN
  6
STRICHPUNKT2
 62
     1
100
AcDbLine
 10
89.3795139443829
 20
54.19728440716392
 30
0.0
 11
107.3795139443831
 21
54.19728440716392
 31
0.0
  0
LINE
  5
41
330
2
100
AcDbEntity
  8
HALFEN
100
AcDbLine
 10
201.3795139443829
 20
223.1972844071639
 30
0.0
 11
201.3795139443829
 21
109.1972844071639
 31
0.0
  0
LINE
  5
42
330
2
100
AcDbEntity
  8
HALFEN
100
AcDbLine
 10
93.3795139443829
 20
109.1972844071639
 30
0.0
 11
93.3795139443829
 21
223.1972844071639
 31
0.0
  0
LINE
  5
43
330
2
100
AcDbEntity
  8
HALFEN
100
AcDbLine
 10
73.37951394438289
 20
109.1972844071639
 30
0.0
 11
73.37951394438289
 21
223.1972844071639
 31
0.0
  0
LINE
  5
44
330
2
100
AcDbEntity
  8
HALFEN
100
AcDbLine
 10
3.379513944382892
 20
109.1972844071639
 30
0.0
 11
3.379513944382892
 21
223.1972844071639
 31
0.0
  0
LINE
  5
45
330
2
100
AcDbEntity
  8
HALFEN
100
AcDbLine
 10
63.37951394438289
 20
109.1972844071639
 30
0.0
 11
63.37951394438289
 21
223.1972844071639
 31
0.0
  0
LINE
  5
46
330
2
100
AcDbEntity
  8
HALFEN
100
AcDbLine
 10
103.3795139443829
 20
109.1972844071639
 30
0.0
 11
103.3795139443829
 21
223.1972844071639
 31
0.0
  0
LINE
  5
47
330
2
100
AcDbEntity
  8
HALFEN
100
AcDbLine
 10
3.379513944382892
 20
223.1972844071639
 30
0.0
 11
73.37951394438289
 21
223.1972844071639
 31
0.0
  0
LINE
  5
48
330
2
100
AcDbEntity
  8
HALFEN
100
AcDbLine
 10
73.37951394438289
 20
109.1972844071639
 30
0.0
 11
3.379513944382892
 21
109.1972844071639
 31
0.0
  0
LINE
  5
49
330
2
100
AcDbEntity
  8
HALFEN
100
AcDbLine
 10
93.3795139443829
 20
19.19728440716392
 30
0.0
 11
93.3795139443829
 21
89.19728440716392
 31
0.0
  0
LINE
  5
4A
330
2
100
AcDbEntity
  8
HALFEN
100
AcDbLine
 10
103.3795139443827
 20
19.19728440716392
 30
0.0
 11
103.3795139443831
 21
76.19728440716392
 31
0.0
  0
LINE
  5
4B
330
2
100
AcDbEntity
  8
HALFEN
100
AcDbLine
 10
93.3795139443829
 20
89.19728440716392
 30
0.0
 11
201.3795139443829
 21
89.19728440716397
 31
0.0
  0
LINE
  5
4C
330
2
100
AcDbEntity
  8
HALFEN
100
AcDbLine
 10
106.3795139443831
 20
79.19728440716392
 30
0.0
 11
106.3795139443842
 21
79.19728440716392
 31
0.0
  0
LINE
  5
4D
330
2
100
AcDbEntity
  8
HALFEN
100
AcDbLine
 10
194.3795139443829
 20
79.19728440716392
 30
0.0
 11
201.3795139443829
 21
79.19728440716392
 31
0.0
  0
ARC
  5
4E
330
2
100
AcDbEntity
  8
HALFEN
100
AcDbCircle
 10
106.3795139443831
 20
76.19728440716392
 30
0.0
 40
3.0
100
AcDbArc
 50
90.0
 51
180.0
  0
LINE
  5
4F
330
2
100
AcDbEntity
  8
HALFEN
100
AcDbLine
 10
201.3795139443829
 20
89.19728440716392
 30
0.0
 11
201.3795139443829
 21
79.19728440716392
 31
0.0
  0
LINE
  5
50
330
2
100
AcDbEntity
  8
HALFEN
  6
STRICHPUNKT2
 62
     1
100
AcDbLine
 10
150.3795139443829
 20
93.19728440716392
 30
0.0
 11
150.3795139443829
 21
75.19728440716392
 31
0.0
  0
LINE
  5
51
330
2
100
AcDbEntity
  8
HALFEN
  6
STRICHPUNKT2
 62
     1
100
AcDbLine
 10
-0.6204860556171071
 20
166.1972844071639
 30
0.0
 11
77.37951394438289
 21
166.1972844071639
 31
0.0
  0
LINE
  5
52
330
2
100
AcDbEntity
  8
HALFEN
 62
     1
100
AcDbLine
 10
18.37951394438312
 20
210.1972844071639
 30
0.0
 11
58.37951394438312
 21
210.1972844071641
 31
0.0
  0
LINE
  5
53
330
2
100
AcDbEntity
  8
HALFEN
 62
     1
100
AcDbLine
 10
18.37951394438318
 20
206.1972844071639
 30
0.0
 11
58.37951394438317
 21
206.1972844071641
 31
0.0
  0
LINE
  5
54
330
2
100
AcDbEntity
  8
HALFEN
 62
     1
100
AcDbLine
 10
18.37951394438323
 20
202.1972844071639
 30
0.0
 11
58.37951394438324
 21
202.1972844071641
 31
0.0
  0
LINE
  5
55
330
2
100
AcDbEntity
  8
HALFEN
 62
     1
100
AcDbLine
 10
18.37951394438323
 20
198.1972844071639
 30
0.0
 11
58.37951394438324
 21
198.1972844071641
 31
0.0
  0
LINE
  5
56
330
2
100
AcDbEntity
  8
HALFEN
 62
     1
100
AcDbLine
 10
18.37951394438323
 20
194.1972844071639
 30
0.0
 11
31.74626436367214
 21
194.197284407164
 31
0.0
  0
LINE
  5
57
330
2
100
AcDbEntity
  8
HALFEN
 62
     1
100
AcDbLine
 10
45.01276352509364
 20
194.1972844071641
 30
0.0
 11
58.37951394438324
 21
194.1972844071641
 31
0.0
  0
LINE
  5
58
330
2
100
AcDbEntity
  8
HALFEN
 62
     1
100
AcDbLine
 10
18.37951394438329
 20
190.1972844071639
 30
0.0
 11
30.87951394438289
 21
190.197284407164
 31
0.0
  0
LINE
  5
59
330
2
100
AcDbEntity
  8
HALFEN
 62
     1
100
AcDbLine
 10
45.87951394438289
 20
190.197284407164
 30
0.0
 11
58.37951394438329
 21
190.1972844071641
 31
0.0
  0
LINE
  5
5A
330
2
100
AcDbEntity
  8
HALFEN
 62
     1
100
AcDbLine
 10
18.37951394438334
 20
186.1972844071639
 30
0.0
 11
30.87951394438289
 21
186.197284407164
 31
0.0
  0
LINE
  5
5B
330
2
100
AcDbEntity
  8
HALFEN
 62
     1
100
AcDbLine
 10
45.87951394438289
 20
186.1972844071641
 30
0.0
 11
58.37951394438334
 21
186.1972844071641
 31
0.0
  0
LINE
  5
5C
330
2
100
AcDbEntity
  8
HALFEN
 62
     1
100
AcDbLine
 10
18.37951394438334
 20
182.1972844071639
 30
0.0
 11
30.87951394438289
 21
182.197284407164
 31
0.0
  0
LINE
  5
5D
330
2
100
AcDbEntity
  8
HALFEN
 62
     1
100
AcDbLine
 10
45.87951394438289
 20
182.197284407164
 30
0.0
 11
58.37951394438334
 21
182.1972844071641
 31
0.0
  0
LINE
  5
5E
330
2
100
AcDbEntity
  8
HALFEN
 62
     1
100
AcDbLine
 10
18.37951394438334
 20
178.1972844071639
 30
0.0
 11
30.87951394438289
 21
178.1972844071639
 31
0.0
  0
LINE
  5
5F
330
2
100
AcDbEntity
  8
HALFEN
 62
     1
100
AcDbLine
 10
45.87951394438289
 20
178.1972844071641
 30
0.0
 11
58.37951394438334
 21
178.1972844071641
 31
0.0
  0
LINE
  5
60
330
2
100
AcDbEntity
  8
HALFEN
 62
     1
100
AcDbLine
 10
18.3795139443834
 20
174.1972844071639
 30
0.0
 11
30.87951394438289
 21
174.197284407164
 31
0.0
  0
LINE
  5
61
330
2
100
AcDbEntity
  8
HALFEN
 62
     1
100
AcDbLine
 10
45.87951394438289
 20
174.1972844071641
 30
0.0
 11
58.3795139443834
 21
174.1972844071641
 31
0.0
  0
LINE
  5
62
330
2
100
AcDbEntity
  8
HALFEN
 62
     1
100
AcDbLine
 10
18.37951394438346
 20
170.1972844071639
 30
0.0
 11
30.87951394438289
 21
170.1972844071641
 31
0.0
  0
LINE
  5
63
330
2
100
AcDbEntity
  8
HALFEN
 62
     1
100
AcDbLine
 10
45.87951394438289
 20
170.1972844071641
 30
0.0
 11
58.37951394438346
 21
170.1972844071641
 31
0.0
  0
LINE
  5
64
330
2
100
AcDbEntity
  8
HALFEN
 62
     1
100
AcDbLine
 10
18.37951394438346
 20
166.1972844071639
 30
0.0
 11
30.87951394438289
 21
166.1972844071639
 31
0.0
  0
LINE
  5
65
330
2
100
AcDbEntity
  8
HALFEN
 62
     1
100
AcDbLine
 10
45.87951394438289
 20
166.1972844071641
 30
0.0
 11
58.37951394438346
 21
166.1972844071641
 31
0.0
  0
LINE
  5
66
330
2
100
AcDbEntity
  8
HALFEN
 62
     1
100
AcDbLine
 10
18.37951394438346
 20
162.1972844071639
 30
0.0
 11
30.87951394438289
 21
162.197284407164
 31
0.0
  0
LINE
  5
67
330
2
100
AcDbEntity
  8
HALFEN
 62
     1
100
AcDbLine
 10
45.87951394438289
 20
162.1972844071641
 30
0.0
 11
58.37951394438346
 21
162.1972844071641
 31
0.0
  0
LINE
  5
68
330
2
100
AcDbEntity
  8
HALFEN
 62
     1
100
AcDbLine
 10
18.37951394438352
 20
158.1972844071639
 30
0.0
 11
30.87951394438289
 21
158.197284407164
 31
0.0
  0
LINE
  5
69
330
2
100
AcDbEntity
  8
HALFEN
 62
     1
100
AcDbLine
 10
45.87951394438289
 20
158.1972844071641
 30
0.0
 11
58.37951394438352
 21
158.1972844071641
 31
0.0
  0
LINE
  5
6A
330
2
100
AcDbEntity
  8
HALFEN
 62
     1
100
AcDbLine
 10
18.37951394438357
 20
154.1972844071639
 30
0.0
 11
30.87951394438289
 21
154.197284407164
 31
0.0
  0
LINE
  5
6B
330
2
100
AcDbEntity
  8
HALFEN
 62
     1
100
AcDbLine
 10
45.87951394438289
 20
154.1972844071641
 30
0.0
 11
58.37951394438357
 21
154.1972844071641
 31
0.0
  0
LINE
  5
6C
330
2
100
AcDbEntity
  8
HALFEN
 62
     1
100
AcDbLine
 10
18.37951394438357
 20
150.1972844071639
 30
0.0
 11
30.87951394438289
 21
150.197284407164
 31
0.0
  0
LINE
  5
6D
330
2
100
AcDbEntity
  8
HALFEN
 62
     1
100
AcDbLine
 10
45.87951394438289
 20
150.1972844071641
 30
0.0
 11
58.37951394438357
 21
150.1972844071641
 31
0.0
  0
LINE
  5
6E
330
2
100
AcDbEntity
  8
HALFEN
 62
     1
100
AcDbLine
 10
18.37951394438357
 20
146.1972844071639
 30
0.0
 11
30.87951394438289
 21
146.1972844071639
 31
0.0
  0
LINE
  5
6F
330
2
100
AcDbEntity
  8
HALFEN
 62
     1
100
AcDbLine
 10
45.87951394438289
 20
146.1972844071641
 30
0.0
 11
58.37951394438357
 21
146.1972844071641
 31
0.0
  0
LINE
  5
70
330
2
100
AcDbEntity
  8
HALFEN
 62
     1
100
AcDbLine
 10
18.37951394438363
 20
142.1972844071639
 30
0.0
 11
30.87951394438289
 21
142.1972844071639
 31
0.0
  0
LINE
  5
71
330
2
100
AcDbEntity
  8
HALFEN
 62
     1
100
AcDbLine
 10
45.87951394438289
 20
142.1972844071641
 30
0.0
 11
58.37951394438363
 21
142.1972844071641
 31
0.0
  0
LINE
  5
72
330
2
100
AcDbEntity
  8
HALFEN
 62
     1
100
AcDbLine
 10
18.37951394438369
 20
138.1972844071639
 30
0.0
 11
31.74626436367203
 21
138.197284407164
 31
0.0
  0
LINE
  5
73
330
2
100
AcDbEntity
  8
HALFEN
 62
     1
100
AcDbLine
 10
45.01276352509376
 20
138.197284407164
 30
0.0
 11
58.37951394438369
 21
138.1972844071641
 31
0.0
  0
LINE
  5
74
330
2
100
AcDbEntity
  8
HALFEN
 62
     1
100
AcDbLine
 10
18.37951394438369
 20
134.1972844071639
 30
0.0
 11
58.37951394438369
 21
134.1972844071641
 31
0.0
  0
LINE
  5
75
330
2
100
AcDbEntity
  8
HALFEN
 62
     1
100
AcDbLine
 10
18.37951394438369
 20
130.1972844071639
 30
0.0
 11
58.37951394438369
 21
130.1972844071641
 31
0.0
  0
LINE
  5
76
330
2
100
AcDbEntity
  8
HALFEN
 62
     1
100
AcDbLine
 10
18.37951394438374
 20
126.1972844071639
 30
0.0
 11
58.37951394438374
 21
126.1972844071641
 31
0.0
  0
LINE
  5
77
330
2
100
AcDbEntity
  8
HALFEN
 62
     1
100
AcDbLine
 10
18.3795139443838
 20
122.1972844071639
 30
0.0
 11
58.3795139443838
 21
122.1972844071641
 31
0.0
  0
LINE
  5
78
330
2
100
AcDbEntity
  8
HALFEN
  6
STRICHPUNKT2
 62
     1
100
AcDbLine
 10
89.3795139443829
 20
166.1972844071639
 30
0.0
 11
201.3795139443829
 21
166.1972844071639
 31
0.0
  0
LINE
  5
79
330
2
100
AcDbEntity
  8
HALFEN
  6
STRICHPUNKT2
 62
     1
100
AcDbLine
 10
38.3795139443829
 20
227.1972844071641
 30
0.0
 11
38.3795139443829
 21
105.1972844071641
 31
0.0
  0
LINE
  5
7A
330
2
100
AcDbEntity
  8
HALFEN
 62
     1
100
AcDbLine
 10
18.37951394438312
 20
210.1972844071639
 30
0.0
 11
18.37951394438312
 21
122.1972844071638
 31
0.0
  0
LINE
  5
7B
330
2
100
AcDbEntity
  8
HALFEN
 62
     1
100
AcDbLine
 10
58.37951394438312
 20
210.1972844071642
 30
0.0
 11
58.37951394438312
 21
122.1972844071642
 31
0.0
  0
LINE
  5
7C
330
2
100
AcDbEntity
  8
HALFEN
  6
STRICHPUNKT2
 62
     1
100
AcDbLine
 10
150.3795139443829
 20
141.1972844071639
 30
0.0
 11
150.3795139443829
 21
127.1972844071639
 31
0.0
  0
LINE
  5
7D
330
2
100
AcDbEntity
  8
HALFEN
  6
STRICHPUNKT2
 62
     1
100
AcDbLine
 10
118.3795139443829
 20
134.197284407164
 30
0.0
 11
182.3795139443829
 21
134.1972844071639
 31
0.0
  0
LINE
  5
7E
330
2
100
AcDbEntity
  8
HALFEN
  6
STRICHPUNKT2
 62
     1
100
AcDbLine
 10
175.3795139443829
 20
161.4472844071639
 30
0.0
 11
175.3795139443829
 21
170.9472844071639
 31
0.0
  0
CIRCLE
  5
7F
330
2
100
AcDbEntity
  8
HALFEN
100
AcDbCircle
 10
175.3795139443829
 20
166.1972844071639
 30
0.0
 40
4.75
  0
LINE
  5
80
330
2
100
AcDbEntity
  8
HALFEN
 62
     1
100
AcDbLine
 10
106.3795139443829
 20
109.1972844071639
 30
0.0
 11
106.3795139443829
 21
223.1972844071639
 31
0.0
  0
LINE
  5
81
330
2
100
AcDbEntity
  8
HALFEN
 62
     1
100
AcDbLine
 10
110.3795139443829
 20
109.1972844071639
 30
0.0
 11
110.3795139443829
 21
223.1972844071639
 31
0.0
  0
LINE
  5
82
330
2
100
AcDbEntity
  8
HALFEN
 62
     1
100
AcDbLine
 10
114.3795139443829
 20
109.1972844071639
 30
0.0
 11
114.3795139443829
 21
223.1972844071639
 31
0.0
  0
LINE
  5
83
330
2
100
AcDbEntity
  8
HALFEN
 62
     1
100
AcDbLine
 10
118.3795139443829
 20
109.1972844071639
 30
0.0
 11
118.3795139443829
 21
223.1972844071639
 31
0.0
  0
LINE
  5
84
330
2
100
AcDbEntity
  8
HALFEN
 62
     1
100
AcDbLine
 10
122.3795139443829
 20
109.1972844071639
 30
0.0
 11
122.3795139443829
 21
127.5640348264531
 31
0.0
  0
LINE
  5
85
330
2
100
AcDbEntity
  8
HALFEN
 62
     1
100
AcDbLine
 10
122.3795139443829
 20
140.8305339878748
 30
0.0
 11
122.3795139443829
 21
223.1972844071639
 31
0.0
  0
LINE
  5
86
330
2
100
AcDbEntity
  8
HALFEN
 62
     1
100
AcDbLine
 10
126.3795139443829
 20
109.1972844071639
 30
0.0
 11
126.3795139443829
 21
126.6972844071641
 31
0.0
  0
LINE
  5
87
330
2
100
AcDbEntity
  8
HALFEN
 62
     1
100
AcDbLine
 10
126.3795139443829
 20
141.6972844071639
 30
0.0
 11
126.3795139443829
 21
223.1972844071639
 31
0.0
  0
LINE
  5
88
330
2
100
AcDbEntity
  8
HALFEN
 62
     1
100
AcDbLine
 10
194.3795139443829
 20
109.1972844071639
 30
0.0
 11
194.3795139443829
 21
223.1972844071639
 31
0.0
  0
LINE
  5
89
330
2
100
AcDbEntity
  8
HALFEN
 62
     1
100
AcDbLine
 10
130.3795139443829
 20
109.1972844071639
 30
0.0
 11
130.3795139443829
 21
126.697284407164
 31
0.0
  0
LINE
  5
8A
330
2
100
AcDbEntity
  8
HALFEN
 62
     1
100
AcDbLine
 10
130.3795139443829
 20
141.6972844071639
 30
0.0
 11
130.3795139443829
 21
223.1972844071639
 31
0.0
  0
LINE
  5
8B
330
2
100
AcDbEntity
  8
HALFEN
 62
     1
100
AcDbLine
 10
134.3795139443829
 20
109.1972844071639
 30
0.0
 11
134.3795139443829
 21
126.697284407164
 31
0.0
  0
LINE
  5
8C
330
2
100
AcDbEntity
  8
HALFEN
 62
     1
100
AcDbLine
 10
134.3795139443829
 20
141.6972844071639
 30
0.0
 11
134.3795139443829
 21
223.1972844071639
 31
0.0
  0
LINE
  5
8D
330
2
100
AcDbEntity
  8
HALFEN
 62
     1
100
AcDbLine
 10
138.3795139443829
 20
109.1972844071639
 30
0.0
 11
138.3795139443829
 21
126.697284407164
 31
0.0
  0
LINE
  5
8E
330
2
100
AcDbEntity
  8
HALFEN
 62
     1
100
AcDbLine
 10
138.3795139443829
 20
141.6972844071639
 30
0.0
 11
138.3795139443829
 21
223.1972844071639
 31
0.0
  0
LINE
  5
8F
330
2
100
AcDbEntity
  8
HALFEN
 62
     1
100
AcDbLine
 10
142.3795139443829
 20
109.1972844071639
 30
0.0
 11
142.3795139443829
 21
126.697284407164
 31
0.0
  0
LINE
  5
90
330
2
100
AcDbEntity
  8
HALFEN
 62
     1
100
AcDbLine
 10
142.3795139443829
 20
141.6972844071639
 30
0.0
 11
142.3795139443829
 21
223.1972844071639
 31
0.0
  0
LINE
  5
91
330
2
100
AcDbEntity
  8
HALFEN
 62
     1
100
AcDbLine
 10
146.3795139443829
 20
109.1972844071639
 30
0.0
 11
146.3795139443829
 21
126.697284407164
 31
0.0
  0
LINE
  5
92
330
2
100
AcDbEntity
  8
HALFEN
 62
     1
100
AcDbLine
 10
146.3795139443829
 20
141.6972844071639
 30
0.0
 11
146.3795139443829
 21
223.1972844071639
 31
0.0
  0
LINE
  5
93
330
2
100
AcDbEntity
  8
HALFEN
 62
     1
100
AcDbLine
 10
150.3795139443829
 20
109.1972844071639
 30
0.0
 11
150.3795139443829
 21
126.697284407164
 31
0.0
  0
LINE
  5
94
330
2
100
AcDbEntity
  8
HALFEN
 62
     1
100
AcDbLine
 10
150.3795139443829
 20
141.6972844071639
 30
0.0
 11
150.3795139443829
 21
223.1972844071639
 31
0.0
  0
LINE
  5
95
330
2
100
AcDbEntity
  8
HALFEN
 62
     1
100
AcDbLine
 10
154.3795139443829
 20
109.1972844071639
 30
0.0
 11
154.3795139443829
 21
126.697284407164
 31
0.0
  0
LINE
  5
96
330
2
100
AcDbEntity
  8
HALFEN
 62
     1
100
AcDbLine
 10
154.3795139443829
 20
141.6972844071639
 30
0.0
 11
154.3795139443829
 21
223.1972844071639
 31
0.0
  0
LINE
  5
97
330
2
100
AcDbEntity
  8
HALFEN
 62
     1
100
AcDbLine
 10
158.3795139443829
 20
109.1972844071639
 30
0.0
 11
158.3795139443829
 21
126.697284407164
 31
0.0
  0
LINE
  5
98
330
2
100
AcDbEntity
  8
HALFEN
 62
     1
100
AcDbLine
 10
158.3795139443829
 20
141.6972844071639
 30
0.0
 11
158.3795139443829
 21
223.1972844071639
 31
0.0
  0
LINE
  5
99
330
2
100
AcDbEntity
  8
HALFEN
 62
     1
100
AcDbLine
 10
162.3795139443829
 20
109.1972844071639
 30
0.0
 11
162.3795139443829
 21
126.697284407164
 31
0.0
  0
LINE
  5
9A
330
2
100
AcDbEntity
  8
HALFEN
 62
     1
100
AcDbLine
 10
162.3795139443829
 20
141.6972844071639
 30
0.0
 11
162.3795139443829
 21
223.1972844071639
 31
0.0
  0
LINE
  5
9B
330
2
100
AcDbEntity
  8
HALFEN
 62
     1
100
AcDbLine
 10
166.3795139443829
 20
109.1972844071639
 30
0.0
 11
166.3795139443829
 21
126.697284407164
 31
0.0
  0
LINE
  5
9C
330
2
100
AcDbEntity
  8
HALFEN
 62
     1
100
AcDbLine
 10
166.3795139443829
 20
141.6972844071639
 30
0.0
 11
166.3795139443829
 21
223.1972844071639
 31
0.0
  0
LINE
  5
9D
330
2
100
AcDbEntity
  8
HALFEN
 62
     1
100
AcDbLine
 10
170.3795139443829
 20
109.1972844071639
 30
0.0
 11
170.3795139443829
 21
126.697284407164
 31
0.0
  0
LINE
  5
9E
330
2
100
AcDbEntity
  8
HALFEN
 62
     1
100
AcDbLine
 10
170.3795139443829
 20
141.6972844071639
 30
0.0
 11
170.3795139443829
 21
223.1972844071639
 31
0.0
  0
LINE
  5
9F
330
2
100
AcDbEntity
  8
HALFEN
 62
     1
100
AcDbLine
 10
174.3795139443829
 20
109.1972844071639
 30
0.0
 11
174.3795139443829
 21
126.6972844071639
 31
0.0
  0
LINE
  5
A0
330
2
100
AcDbEntity
  8
HALFEN
 62
     1
100
AcDbLine
 10
174.3795139443828
 20
141.6972844071638
 30
0.0
 11
174.3795139443829
 21
161.5537405019122
 31
0.0
  0
LINE
  5
A1
330
2
100
AcDbEntity
  8
HALFEN
 62
     1
100
AcDbLine
 10
174.3795139443829
 20
170.8408283124156
 30
0.0
 11
174.3795139443829
 21
223.1972844071639
 31
0.0
  0
LINE
  5
A2
330
2
100
AcDbEntity
  8
HALFEN
 62
     1
100
AcDbLine
 10
178.3795139443829
 20
109.1972844071639
 30
0.0
 11
178.3795139443829
 21
127.5640348264531
 31
0.0
  0
LINE
  5
A3
330
2
100
AcDbEntity
  8
HALFEN
 62
     1
100
AcDbLine
 10
178.3795139443829
 20
140.8305339878747
 30
0.0
 11
178.3795139443829
 21
162.5145544414998
 31
0.0
  0
LINE
  5
A4
330
2
100
AcDbEntity
  8
HALFEN
 62
     1
100
AcDbLine
 10
178.3795139443829
 20
169.880014372828
 30
0.0
 11
178.3795139443829
 21
223.1972844071639
 31
0.0
  0
LINE
  5
A5
330
2
100
AcDbEntity
  8
HALFEN
 62
     1
100
AcDbLine
 10
182.3795139443829
 20
109.1972844071639
 30
0.0
 11
182.3795139443829
 21
223.1972844071639
 31
0.0
  0
LINE
  5
A6
330
2
100
AcDbEntity
  8
HALFEN
 62
     1
100
AcDbLine
 10
186.3795139443829
 20
109.1972844071639
 30
0.0
 11
186.3795139443829
 21
223.1972844071639
 31
0.0
  0
LINE
  5
A7
330
2
100
AcDbEntity
  8
HALFEN
 62
     1
100
AcDbLine
 10
190.3795139443829
 20
109.1972844071639
 30
0.0
 11
190.3795139443829
 21
223.1972844071639
 31
0.0
  0
LINE
  5
A8
330
2
100
AcDbEntity
  8
HALFEN
100
AcDbLine
 10
106.3795139443842
 20
79.19728440716392
 30
0.0
 11
108.3795139443841
 21
81.19728440716386
 31
0.0
  0
LINE
  5
A9
330
2
100
AcDbEntity
  8
HALFEN
100
AcDbLine
 10
108.3795139443842
 20
81.19728440716386
 30
0.0
 11
110.3795139443841
 21
79.19728440716392
 31
0.0
  0
LINE
  5
AA
330
2
100
AcDbEntity
  8
HALFEN
100
AcDbLine
 10
110.3795139443841
 20
79.19728440716392
 30
0.0
 11
112.3795139443841
 21
81.19728440716386
 31
0.0
  0
LINE
  5
AB
330
2
100
AcDbEntity
  8
HALFEN
100
AcDbLine
 10
112.3795139443841
 20
81.19728440716386
 30
0.0
 11
114.3795139443841
 21
79.19728440716392
 31
0.0
  0
LINE
  5
AC
330
2
100
AcDbEntity
  8
HALFEN
100
AcDbLine
 10
114.3795139443845
 20
79.19728440716352
 30
0.0
 11
116.3795139443844
 21
81.19728440716341
 31
0.0
  0
LINE
  5
AD
330
2
100
AcDbEntity
  8
HALFEN
100
AcDbLine
 10
116.3795139443845
 20
81.19728440716347
 30
0.0
 11
118.3795139443844
 21
79.19728440716352
 31
0.0
  0
LINE
  5
AE
330
2
100
AcDbEntity
  8
HALFEN
100
AcDbLine
 10
118.379513944384
 20
79.19728440716392
 30
0.0
 11
120.3795139443839
 21
81.19728440716386
 31
0.0
  0
LINE
  5
AF
330
2
100
AcDbEntity
  8
HALFEN
100
AcDbLine
 10
120.379513944384
 20
81.19728440716386
 30
0.0
 11
122.3795139443839
 21
79.19728440716392
 31
0.0
  0
LINE
  5
B0
330
2
100
AcDbEntity
  8
HALFEN
100
AcDbLine
 10
122.3795139443839
 20
79.19728440716392
 30
0.0
 11
124.3795139443839
 21
81.19728440716386
 31
0.0
  0
LINE
  5
B1
330
2
100
AcDbEntity
  8
HALFEN
100
AcDbLine
 10
124.379513944384
 20
81.19728440716386
 30
0.0
 11
126.3795139443839
 21
79.19728440716392
 31
0.0
  0
LINE
  5
B2
330
2
100
AcDbEntity
  8
HALFEN
100
AcDbLine
 10
126.3795139443839
 20
79.19728440716392
 30
0.0
 11
128.3795139443838
 21
81.19728440716386
 31
0.0
  0
LINE
  5
B3
330
2
100
AcDbEntity
  8
HALFEN
100
AcDbLine
 10
128.3795139443839
 20
81.19728440716386
 30
0.0
 11
130.3795139443838
 21
79.19728440716392
 31
0.0
  0
LINE
  5
B4
330
2
100
AcDbEntity
  8
HALFEN
100
AcDbLine
 10
130.3795139443838
 20
79.19728440716392
 30
0.0
 11
132.3795139443838
 21
81.19728440716386
 31
0.0
  0
LINE
  5
B5
330
2
100
AcDbEntity
  8
HALFEN
100
AcDbLine
 10
132.3795139443838
 20
81.19728440716386
 30
0.0
 11
134.3795139443838
 21
79.19728440716392
 31
0.0
  0
LINE
  5
B6
330
2
100
AcDbEntity
  8
HALFEN
100
AcDbLine
 10
134.3795139443838
 20
79.19728440716392
 30
0.0
 11
136.3795139443837
 21
81.19728440716386
 31
0.0
  0
LINE
  5
B7
330
2
100
AcDbEntity
  8
HALFEN
100
AcDbLine
 10
136.3795139443838
 20
81.19728440716386
 30
0.0
 11
138.3795139443837
 21
79.19728440716392
 31
0.0
  0
LINE
  5
B8
330
2
100
AcDbEntity
  8
HALFEN
100
AcDbLine
 10
138.3795139443837
 20
79.19728440716392
 30
0.0
 11
140.3795139443837
 21
81.19728440716386
 31
0.0
  0
LINE
  5
B9
330
2
100
AcDbEntity
  8
HALFEN
100
AcDbLine
 10
140.3795139443837
 20
81.19728440716386
 30
0.0
 11
142.3795139443837
 21
79.19728440716392
 31
0.0
  0
LINE
  5
BA
330
2
100
AcDbEntity
  8
HALFEN
100
AcDbLine
 10
142.3795139443837
 20
79.19728440716392
 30
0.0
 11
144.3795139443836
 21
81.19728440716386
 31
0.0
  0
LINE
  5
BB
330
2
100
AcDbEntity
  8
HALFEN
100
AcDbLine
 10
144.3795139443837
 20
81.19728440716386
 30
0.0
 11
146.3795139443836
 21
79.19728440716392
 31
0.0
  0
LINE
  5
BC
330
2
100
AcDbEntity
  8
HALFEN
100
AcDbLine
 10
146.3795139443845
 20
79.19728440716301
 30
0.0
 11
148.3795139443845
 21
81.19728440716295
 31
0.0
  0
LINE
  5
BD
330
2
100
AcDbEntity
  8
HALFEN
100
AcDbLine
 10
148.3795139443845
 20
81.19728440716295
 30
0.0
 11
150.3795139443845
 21
79.19728440716301
 31
0.0
  0
LINE
  5
BE
330
2
100
AcDbEntity
  8
HALFEN
100
AcDbLine
 10
150.3795139443845
 20
79.19728440716301
 30
0.0
 11
152.3795139443844
 21
81.19728440716295
 31
0.0
  0
LINE
  5
BF
330
2
100
AcDbEntity
  8
HALFEN
100
AcDbLine
 10
152.3795139443845
 20
81.19728440716295
 30
0.0
 11
154.3795139443844
 21
79.19728440716301
 31
0.0
  0
LINE
  5
C0
330
2
100
AcDbEntity
  8
HALFEN
100
AcDbLine
 10
154.3795139443844
 20
79.19728440716301
 30
0.0
 11
156.3795139443844
 21
81.19728440716295
 31
0.0
  0
LINE
  5
C1
330
2
100
AcDbEntity
  8
HALFEN
100
AcDbLine
 10
156.3795139443844
 20
81.19728440716295
 30
0.0
 11
158.3795139443843
 21
79.19728440716301
 31
0.0
  0
LINE
  5
C2
330
2
100
AcDbEntity
  8
HALFEN
100
AcDbLine
 10
158.3795139443834
 20
79.19728440716392
 30
0.0
 11
160.3795139443834
 21
81.19728440716386
 31
0.0
  0
LINE
  5
C3
330
2
100
AcDbEntity
  8
HALFEN
100
AcDbLine
 10
160.3795139443834
 20
81.19728440716386
 30
0.0
 11
162.3795139443834
 21
79.19728440716392
 31
0.0
  0
LINE
  5
C4
330
2
100
AcDbEntity
  8
HALFEN
100
AcDbLine
 10
162.3795139443834
 20
79.19728440716392
 30
0.0
 11
164.3795139443833
 21
81.19728440716386
 31
0.0
  0
LINE
  5
C5
330
2
100
AcDbEntity
  8
HALFEN
100
AcDbLine
 10
164.3795139443834
 20
81.19728440716386
 30
0.0
 11
166.3795139443833
 21
79.19728440716392
 31
0.0
  0
LINE
  5
C6
330
2
100
AcDbEntity
  8
HALFEN
100
AcDbLine
 10
166.3795139443833
 20
79.19728440716392
 30
0.0
 11
168.3795139443833
 21
81.19728440716386
 31
0.0
  0
LINE
  5
C7
330
2
100
AcDbEntity
  8
HALFEN
100
AcDbLine
 10
168.3795139443833
 20
81.19728440716386
 30
0.0
 11
170.3795139443833
 21
79.19728440716392
 31
0.0
  0
LINE
  5
C8
330
2
100
AcDbEntity
  8
HALFEN
100
AcDbLine
 10
170.3795139443833
 20
79.19728440716392
 30
0.0
 11
172.3795139443832
 21
81.19728440716386
 31
0.0
  0
LINE
  5
C9
330
2
100
AcDbEntity
  8
HALFEN
100
AcDbLine
 10
172.3795139443833
 20
81.19728440716386
 30
0.0
 11
174.3795139443832
 21
79.19728440716392
 31
0.0
  0
LINE
  5
CA
330
2
100
AcDbEntity
  8
HALFEN
100
AcDbLine
 10
174.3795139443832
 20
79.19728440716392
 30
0.0
 11
176.3795139443832
 21
81.19728440716386
 31
0.0
  0
LINE
  5
CB
330
2
100
AcDbEntity
  8
HALFEN
100
AcDbLine
 10
176.3795139443832
 20
81.19728440716386
 30
0.0
 11
178.3795139443832
 21
79.19728440716392
 31
0.0
  0
LINE
  5
CC
330
2
100
AcDbEntity
  8
HALFEN
100
AcDbLine
 10
178.3795139443844
 20
79.19728440716273
 30
0.0
 11
180.3795139443843
 21
81.19728440716261
 31
0.0
  0
LINE
  5
CD
330
2
100
AcDbEntity
  8
HALFEN
100
AcDbLine
 10
180.3795139443844
 20
81.19728440716267
 30
0.0
 11
182.3795139443843
 21
79.19728440716273
 31
0.0
  0
LINE
  5
CE
330
2
100
AcDbEntity
  8
HALFEN
100
AcDbLine
 10
182.3795139443831
 20
79.19728440716392
 30
0.0
 11
184.379513944383
 21
81.19728440716386
 31
0.0
  0
LINE
  5
CF
330
2
100
AcDbEntity
  8
HALFEN
100
AcDbLine
 10
184.3795139443831
 20
81.19728440716386
 30
0.0
 11
186.379513944383
 21
79.19728440716392
 31
0.0
  0
LINE
  5
D0
330
2
100
AcDbEntity
  8
HALFEN
100
AcDbLine
 10
186.379513944383
 20
79.19728440716392
 30
0.0
 11
188.379513944383
 21
81.19728440716386
 31
0.0
  0
LINE
  5
D1
330
2
100
AcDbEntity
  8
HALFEN
100
AcDbLine
 10
188.379513944383
 20
81.19728440716386
 30
0.0
 11
190.379513944383
 21
79.19728440716392
 31
0.0
  0
LINE
  5
D2
330
2
100
AcDbEntity
  8
HALFEN
100
AcDbLine
 10
190.379513944383
 20
79.19728440716392
 30
0.0
 11
192.3795139443829
 21
81.19728440716386
 31
0.0
  0
LINE
  5
D3
330
2
100
AcDbEntity
  8
HALFEN
100
AcDbLine
 10
192.379513944383
 20
81.19728440716386
 30
0.0
 11
194.3795139443829
 21
79.19728440716392
 31
0.0
  0
LINE
  5
D4
330
2
100
AcDbEntity
  8
HALFEN
  6
STRICHPUNKT2
 62
     1
100
AcDbLine
 10
175.3795139443829
 20
93.19728440716392
 30
0.0
 11
175.3795139443829
 21
75.19728440716392
 31
0.0
  0
LINE
  5
D5
330
2
100
AcDbEntity
  8
HALFEN
  6
STRICHPUNKT2
 62
     1
100
AcDbLine
 10
59.3795139443829
 20
134.197284407164
 30
0.0
 11
77.37951394438312
 21
134.197284407164
 31
0.0
  0
ARC
  5
D6
330
2
100
AcDbEntity
  8
HALFEN
100
AcDbCircle
 10
38.3795139443829
 20
190.6972844071639
 30
0.0
 40
7.5
100
AcDbArc
 50
0.0
 51
180.0
  0
ARC
  5
D7
330
2
100
AcDbEntity
  8
HALFEN
100
AcDbCircle
 10
38.3795139443829
 20
141.6972844071639
 30
0.0
 40
7.5
100
AcDbArc
 50
180.0
 51
0.0
  0
LINE
  5
D8
330
2
100
AcDbEntity
  8
HALFEN
100
AcDbLine
 10
45.87951394438289
 20
190.6972844071639
 30
0.0
 11
45.87951394438289
 21
141.6972844071639
 31
0.0
  0
LINE
  5
D9
330
2
100
AcDbEntity
  8
HALFEN
100
AcDbLine
 10
30.87951394438289
 20
190.6972844071639
 30
0.0
 11
30.87951394438289
 21
141.6972844071639
 31
0.0
  0
ARC
  5
DA
330
2
100
AcDbEntity
  8
HALFEN
100
AcDbCircle
 10
174.8795139443829
 20
134.1972844071639
 30
0.0
 40
7.5
100
AcDbArc
 50
270.0
 51
90.0
  0
ARC
  5
DB
330
2
100
AcDbEntity
  8
HALFEN
100
AcDbCircle
 10
125.8795139443829
 20
134.197284407164
 30
0.0
 40
7.5
100
AcDbArc
 50
90.0
 51
270.0
  0
LINE
  5
DC
330
2
100
AcDbEntity
  8
HALFEN
100
AcDbLine
 10
174.8795139443829
 20
141.6972844071639
 30
0.0
 11
125.8795139443829
 21
141.697284407164
 31
0.0
  0
LINE
  5
DD
330
2
100
AcDbEntity
  8
HALFEN
100
AcDbLine
 10
125.8795139443829
 20
141.697284407164
 30
0.0
 11
125.8795139443829
 21
141.697284407164
 31
0.0
  0
LINE
  5
DE
330
2
100
AcDbEntity
  8
HALFEN
100
AcDbLine
 10
125.8795139443829
 20
126.697284407164
 30
0.0
 11
174.8795139443829
 21
126.6972844071639
 31
0.0
  0
MTEXT
  5
DF
330
2
100
AcDbEntity
  8
HALFEN
100
AcDbMText
 10
38.37951394438312
 20
118.1972844071641
 30
0.0
 40
7.0
 41
18.23218390804597
 71
     2
 72
     5
  1
L
 73
     1
 44
1.0
  0
MTEXT
  5
E0
330
2
100
AcDbEntity
  8
HALFEN
100
AcDbMText
 10
38.3795139443829
 20
214.1972844071641
 30
0.0
 40
7.0
 41
18.23218390804597
 71
     8
 72
     5
  1
UP
 73
     1
 44
1.0
  0
LINE
  5
E1
330
2
100
AcDbEntity
  8
HALFEN
100
AcDbLine
 10
3.379513944382892
 20
-76.80271559283608
 30
0.0
 11
178.3795139443829
 21
-76.80271559283608
 31
0.0
  0
LINE
  5
E2
330
2
100
AcDbEntity
  8
HALFEN
100
AcDbLine
 10
3.379513944382892
 20
-66.80271559283608
 30
0.0
 11
178.3795139443829
 21
-66.80271559283608
 31
0.0
  0
LINE
  5
E3
330
2
100
AcDbEntity
  8
HALFEN
100
AcDbLine
 10
3.379513944382892
 20
-56.80271559283608
 30
0.0
 11
178.3795139443829
 21
-56.80271559283608
 31
0.0
  0
TEXT
  5
E4
330
2
100
AcDbEntity
  8
HALFEN
100
AcDbText
 10
58.37951394438289
 20
-64.30271559283608
 30
0.0
 40
5.0
  1
HCW - ED 1 - Rechts, 108 x 70 x 114
  7
ARIAL50
100
AcDbText
  0
TEXT
  5
E5
330
2
100
AcDbEntity
  8
HALFEN
100
AcDbText
 10
8.379513944382892
 20
-74.30271559283608
 30
0.0
 40
5.0
  1
Id. Nr.
  7
ARIAL50
100
AcDbText
  0
TEXT
  5
E6
330
2
100
AcDbEntity
  8
HALFEN
100
AcDbText
 10
8.379513944382892
 20
-64.30271559283608
 30
0.0
 40
5.0
  1
Benennung
  7
ARIAL50
100
AcDbText
  0
TEXT
  5
E7
330
2
100
AcDbEntity
  8
HALFEN
100
AcDbText
 10
3.379513944382892
 20
-54.30271559283608
 30
0.0
 40
5.0
  1
AL
  7
ARIAL50
100
AcDbText
  0
LINE
  5
E8
330
2
100
AcDbEntity
  8
HALFEN
100
AcDbLine
 10
3.379513944382892
 20
-76.80271559283608
 30
0.0
 11
3.379513944382892
 21
-56.80271559283608
 31
0.0
  0
LINE
  5
E9
330
2
100
AcDbEntity
  8
HALFEN
100
AcDbLine
 10
53.37951394438289
 20
-76.80271559283608
 30
0.0
 11
53.37951394438289
 21
-56.80271559283608
 31
0.0
  0
LINE
  5
EA
330
2
100
AcDbEntity
  8
HALFEN
100
AcDbLine
 10
178.3795139443829
 20
-76.80271559283608
 30
0.0
 11
178.3795139443829
 21
-56.80271559283608
 31
0.0
  0
TEXT
  5
EB
330
2
100
AcDbEntity
  8
HALFEN
100
AcDbText
 10
58.37951394438289
 20
-74.30271559283608
 30
0.0
 40
5.0
  1
0059.030-00001
  7
ARIAL50
100
AcDbText
  0
LINE
  5
EC
330
2
100
AcDbEntity
  8
HALFEN
100
AcDbLine
 10
341.3795139443829
 20
96.19728440716393
 30
0.0
 11
474.3795139443829
 21
96.19728440716393
 31
0.0
  0
LINE
  5
ED
330
2
100
AcDbEntity
  8
HALFEN
100
AcDbLine
 10
341.3795139443829
 20
223.1972844071639
 30
0.0
 11
474.3795139443829
 21
223.1972844071639
 31
0.0
  0
LINE
  5
EE
330
2
100
AcDbEntity
  8
HALFEN
100
AcDbLine
 10
341.3795139443829
 20
6.19728440716392
 30
0.0
 11
351.3795139443831
 21
6.19728440716392
 31
0.0
  0
LINE
  5
EF
330
2
100
AcDbEntity
  8
HALFEN
  6
STRICHPUNKT2
 62
     1
100
AcDbLine
 10
337.3795139443829
 20
41.19728440716392
 30
0.0
 11
355.3795139443831
 21
41.19728440716392
 31
0.0
  0
LINE
  5
F0
330
2
100
AcDbEntity
  8
HALFEN
100
AcDbLine
 10
474.3795139443829
 20
223.1972844071639
 30
0.0
 11
474.3795139443829
 21
96.19728440716393
 31
0.0
  0
LINE
  5
F1
330
2
100
AcDbEntity
  8
HALFEN
100
AcDbLine
 10
341.3795139443829
 20
96.19728440716393
 30
0.0
 11
341.3795139443829
 21
223.1972844071639
 31
0.0
  0
LINE
  5
F2
330
2
100
AcDbEntity
  8
HALFEN
100
AcDbLine
 10
321.3795139443829
 20
96.19728440716393
 30
0.0
 11
321.3795139443829
 21
223.1972844071639
 31
0.0
  0
LINE
  5
F3
330
2
100
AcDbEntity
  8
HALFEN
100
AcDbLine
 10
251.3795139443829
 20
96.19728440716393
 30
0.0
 11
251.3795139443829
 21
223.1972844071639
 31
0.0
  0
LINE
  5
F4
330
2
100
AcDbEntity
  8
HALFEN
100
AcDbLine
 10
311.3795139443829
 20
96.19728440716393
 30
0.0
 11
311.3795139443829
 21
223.1972844071639
 31
0.0
  0
LINE
  5
F5
330
2
100
AcDbEntity
  8
HALFEN
100
AcDbLine
 10
351.3795139443829
 20
96.19728440716393
 30
0.0
 11
351.3795139443829
 21
223.1972844071639
 31
0.0
  0
LINE
  5
F6
330
2
100
AcDbEntity
  8
HALFEN
100
AcDbLine
 10
251.3795139443829
 20
223.1972844071639
 30
0.0
 11
321.3795139443829
 21
223.1972844071639
 31
0.0
  0
LINE
  5
F7
330
2
100
AcDbEntity
  8
HALFEN
100
AcDbLine
 10
321.3795139443829
 20
96.19728440716393
 30
0.0
 11
251.3795139443829
 21
96.19728440716393
 31
0.0
  0
LINE
  5
F8
330
2
100
AcDbEntity
  8
HALFEN
100
AcDbLine
 10
341.3795139443829
 20
6.19728440716392
 30
0.0
 11
341.3795139443829
 21
76.19728440716392
 31
0.0
  0
LINE
  5
F9
330
2
100
AcDbEntity
  8
HALFEN
100
AcDbLine
 10
351.3795139443827
 20
6.19728440716392
 30
0.0
 11
351.3795139443831
 21
63.19728440716392
 31
0.0
  0
LINE
  5
FA
330
2
100
AcDbEntity
  8
HALFEN
100
AcDbLine
 10
341.3795139443829
 20
76.19728440716392
 30
0.0
 11
474.3795139443829
 21
76.19728440716397
 31
0.0
  0
LINE
  5
FB
330
2
100
AcDbEntity
  8
HALFEN
100
AcDbLine
 10
354.3795139443831
 20
66.19728440716392
 30
0.0
 11
379.3795139443842
 21
66.19728440716392
 31
0.0
  0
LINE
  5
FC
330
2
100
AcDbEntity
  8
HALFEN
100
AcDbLine
 10
467.3795139443829
 20
66.19728440716392
 30
0.0
 11
474.3795139443829
 21
66.19728440716392
 31
0.0
  0
ARC
  5
FD
330
2
100
AcDbEntity
  8
HALFEN
100
AcDbCircle
 10
354.3795139443831
 20
63.19728440716392
 30
0.0
 40
3.0
100
AcDbArc
 50
90.0
 51
180.0
  0
LINE
  5
FE
330
2
100
AcDbEntity
  8
HALFEN
100
AcDbLine
 10
474.3795139443829
 20
76.19728440716392
 30
0.0
 11
474.3795139443829
 21
66.19728440716392
 31
0.0
  0
LINE
  5
FF
330
2
100
AcDbEntity
  8
HALFEN
  6
STRICHPUNKT2
 62
     1
100
AcDbLine
 10
423.3795139443828
 20
80.19728440716392
 30
0.0
 11
423.3795139443828
 21
62.19728440716392
 31
0.0
  0
LINE
  5
100
330
2
100
AcDbEntity
  8
HALFEN
  6
STRICHPUNKT2
 62
     1
100
AcDbLine
 10
247.3795139443829
 20
159.6972844071639
 30
0.0
 11
325.3795139443829
 21
159.6972844071639
 31
0.0
  0
LINE
  5
101
330
2
100
AcDbEntity
  8
HALFEN
 62
     1
100
AcDbLine
 10
266.3795139443831
 20
203.6972844071639
 30
0.0
 11
306.3795139443831
 21
203.6972844071641
 31
0.0
  0
LINE
  5
102
330
2
100
AcDbEntity
  8
HALFEN
 62
     1
100
AcDbLine
 10
266.3795139443832
 20
199.6972844071639
 30
0.0
 11
306.3795139443832
 21
199.6972844071641
 31
0.0
  0
LINE
  5
103
330
2
100
AcDbEntity
  8
HALFEN
 62
     1
100
AcDbLine
 10
266.3795139443832
 20
195.6972844071639
 30
0.0
 11
306.3795139443832
 21
195.6972844071641
 31
0.0
  0
LINE
  5
104
330
2
100
AcDbEntity
  8
HALFEN
 62
     1
100
AcDbLine
 10
266.3795139443832
 20
191.6972844071639
 30
0.0
 11
306.3795139443832
 21
191.6972844071641
 31
0.0
  0
LINE
  5
105
330
2
100
AcDbEntity
  8
HALFEN
 62
     1
100
AcDbLine
 10
266.3795139443832
 20
187.6972844071639
 30
0.0
 11
279.7462643636722
 21
187.697284407164
 31
0.0
  0
LINE
  5
106
330
2
100
AcDbEntity
  8
HALFEN
 62
     1
100
AcDbLine
 10
293.0127635250936
 20
187.6972844071641
 30
0.0
 11
306.3795139443832
 21
187.6972844071641
 31
0.0
  0
LINE
  5
107
330
2
100
AcDbEntity
  8
HALFEN
 62
     1
100
AcDbLine
 10
266.3795139443833
 20
183.6972844071639
 30
0.0
 11
278.8795139443829
 21
183.697284407164
 31
0.0
  0
LINE
  5
108
330
2
100
AcDbEntity
  8
HALFEN
 62
     1
100
AcDbLine
 10
293.8795139443829
 20
183.697284407164
 30
0.0
 11
306.3795139443833
 21
183.6972844071641
 31
0.0
  0
LINE
  5
109
330
2
100
AcDbEntity
  8
HALFEN
 62
     1
100
AcDbLine
 10
266.3795139443834
 20
179.6972844071639
 30
0.0
 11
278.8795139443829
 21
179.6972844071639
 31
0.0
  0
LINE
  5
10A
330
2
100
AcDbEntity
  8
HALFEN
 62
     1
100
AcDbLine
 10
293.8795139443829
 20
179.6972844071641
 30
0.0
 11
306.3795139443834
 21
179.6972844071641
 31
0.0
  0
LINE
  5
10B
330
2
100
AcDbEntity
  8
HALFEN
 62
     1
100
AcDbLine
 10
266.3795139443834
 20
175.6972844071639
 30
0.0
 11
278.8795139443829
 21
175.697284407164
 31
0.0
  0
LINE
  5
10C
330
2
100
AcDbEntity
  8
HALFEN
 62
     1
100
AcDbLine
 10
293.8795139443829
 20
175.697284407164
 30
0.0
 11
306.3795139443834
 21
175.6972844071641
 31
0.0
  0
LINE
  5
10D
330
2
100
AcDbEntity
  8
HALFEN
 62
     1
100
AcDbLine
 10
266.3795139443834
 20
171.6972844071639
 30
0.0
 11
278.8795139443829
 21
171.697284407164
 31
0.0
  0
LINE
  5
10E
330
2
100
AcDbEntity
  8
HALFEN
 62
     1
100
AcDbLine
 10
293.8795139443829
 20
171.6972844071641
 30
0.0
 11
306.3795139443834
 21
171.6972844071641
 31
0.0
  0
LINE
  5
10F
330
2
100
AcDbEntity
  8
HALFEN
 62
     1
100
AcDbLine
 10
266.3795139443834
 20
167.6972844071639
 30
0.0
 11
278.8795139443829
 21
167.697284407164
 31
0.0
  0
LINE
  5
110
330
2
100
AcDbEntity
  8
HALFEN
 62
     1
100
AcDbLine
 10
293.8795139443829
 20
167.6972844071641
 30
0.0
 11
306.3795139443834
 21
167.6972844071641
 31
0.0
  0
LINE
  5
111
330
2
100
AcDbEntity
  8
HALFEN
 62
     1
100
AcDbLine
 10
266.3795139443835
 20
163.6972844071639
 30
0.0
 11
278.8795139443829
 21
163.6972844071641
 31
0.0
  0
LINE
  5
112
330
2
100
AcDbEntity
  8
HALFEN
 62
     1
100
AcDbLine
 10
293.8795139443829
 20
163.6972844071641
 30
0.0
 11
306.3795139443834
 21
163.6972844071641
 31
0.0
  0
LINE
  5
113
330
2
100
AcDbEntity
  8
HALFEN
 62
     1
100
AcDbLine
 10
266.3795139443835
 20
159.6972844071639
 30
0.0
 11
278.8795139443829
 21
159.697284407164
 31
0.0
  0
LINE
  5
114
330
2
100
AcDbEntity
  8
HALFEN
 62
     1
100
AcDbLine
 10
293.8795139443829
 20
159.6972844071641
 30
0.0
 11
306.3795139443834
 21
159.6972844071641
 31
0.0
  0
LINE
  5
115
330
2
100
AcDbEntity
  8
HALFEN
 62
     1
100
AcDbLine
 10
266.3795139443835
 20
155.6972844071639
 30
0.0
 11
278.8795139443829
 21
155.6972844071639
 31
0.0
  0
LINE
  5
116
330
2
100
AcDbEntity
  8
HALFEN
 62
     1
100
AcDbLine
 10
293.8795139443829
 20
155.6972844071641
 30
0.0
 11
306.3795139443834
 21
155.6972844071641
 31
0.0
  0
LINE
  5
117
330
2
100
AcDbEntity
  8
HALFEN
 62
     1
100
AcDbLine
 10
266.3795139443835
 20
151.6972844071639
 30
0.0
 11
278.8795139443829
 21
151.697284407164
 31
0.0
  0
LINE
  5
118
330
2
100
AcDbEntity
  8
HALFEN
 62
     1
100
AcDbLine
 10
293.8795139443829
 20
151.6972844071641
 30
0.0
 11
306.3795139443835
 21
151.6972844071641
 31
0.0
  0
LINE
  5
119
330
2
100
AcDbEntity
  8
HALFEN
 62
     1
100
AcDbLine
 10
266.3795139443836
 20
147.6972844071639
 30
0.0
 11
278.8795139443829
 21
147.697284407164
 31
0.0
  0
LINE
  5
11A
330
2
100
AcDbEntity
  8
HALFEN
 62
     1
100
AcDbLine
 10
293.8795139443829
 20
147.6972844071641
 30
0.0
 11
306.3795139443836
 21
147.6972844071641
 31
0.0
  0
LINE
  5
11B
330
2
100
AcDbEntity
  8
HALFEN
 62
     1
100
AcDbLine
 10
266.3795139443836
 20
143.6972844071639
 30
0.0
 11
278.8795139443829
 21
143.697284407164
 31
0.0
  0
LINE
  5
11C
330
2
100
AcDbEntity
  8
HALFEN
 62
     1
100
AcDbLine
 10
293.8795139443829
 20
143.6972844071641
 30
0.0
 11
306.3795139443836
 21
143.6972844071641
 31
0.0
  0
LINE
  5
11D
330
2
100
AcDbEntity
  8
HALFEN
 62
     1
100
AcDbLine
 10
266.3795139443836
 20
139.6972844071639
 30
0.0
 11
278.8795139443829
 21
139.697284407164
 31
0.0
  0
LINE
  5
11E
330
2
100
AcDbEntity
  8
HALFEN
 62
     1
100
AcDbLine
 10
293.8795139443829
 20
139.6972844071641
 30
0.0
 11
306.3795139443836
 21
139.6972844071641
 31
0.0
  0
LINE
  5
11F
330
2
100
AcDbEntity
  8
HALFEN
 62
     1
100
AcDbLine
 10
266.3795139443836
 20
135.6972844071639
 30
0.0
 11
278.8795139443829
 21
135.6972844071639
 31
0.0
  0
LINE
  5
120
330
2
100
AcDbEntity
  8
HALFEN
 62
     1
100
AcDbLine
 10
293.8795139443829
 20
135.6972844071641
 30
0.0
 11
306.3795139443836
 21
135.6972844071641
 31
0.0
  0
LINE
  5
121
330
2
100
AcDbEntity
  8
HALFEN
 62
     1
100
AcDbLine
 10
266.3795139443837
 20
131.6972844071639
 30
0.0
 11
279.746264363672
 21
131.697284407164
 31
0.0
  0
LINE
  5
122
330
2
100
AcDbEntity
  8
HALFEN
 62
     1
100
AcDbLine
 10
293.0127635250938
 20
131.697284407164
 30
0.0
 11
306.3795139443837
 21
131.6972844071641
 31
0.0
  0
LINE
  5
123
330
2
100
AcDbEntity
  8
HALFEN
 62
     1
100
AcDbLine
 10
266.3795139443837
 20
127.6972844071639
 30
0.0
 11
306.3795139443837
 21
127.6972844071641
 31
0.0
  0
LINE
  5
124
330
2
100
AcDbEntity
  8
HALFEN
 62
     1
100
AcDbLine
 10
266.3795139443837
 20
123.6972844071639
 30
0.0
 11
306.3795139443837
 21
123.6972844071641
 31
0.0
  0
LINE
  5
125
330
2
100
AcDbEntity
  8
HALFEN
 62
     1
100
AcDbLine
 10
266.3795139443838
 20
119.6972844071639
 30
0.0
 11
306.3795139443838
 21
119.6972844071641
 31
0.0
  0
LINE
  5
126
330
2
100
AcDbEntity
  8
HALFEN
 62
     1
100
AcDbLine
 10
266.3795139443838
 20
115.6972844071639
 30
0.0
 11
306.3795139443838
 21
115.6972844071641
 31
0.0
  0
LINE
  5
127
330
2
100
AcDbEntity
  8
HALFEN
  6
STRICHPUNKT2
 62
     1
100
AcDbLine
 10
337.3795139443829
 20
159.6972844071639
 30
0.0
 11
474.3795139443829
 21
159.6972844071639
 31
0.0
  0
LINE
  5
128
330
2
100
AcDbEntity
  8
HALFEN
  6
STRICHPUNKT2
 62
     1
100
AcDbLine
 10
286.3795139443829
 20
227.1972844071641
 30
0.0
 11
286.3795139443829
 21
92.19728440716414
 31
0.0
  0
LINE
  5
129
330
2
100
AcDbEntity
  8
HALFEN
 62
     1
100
AcDbLine
 10
266.3795139443831
 20
203.6972844071639
 30
0.0
 11
266.3795139443831
 21
115.6972844071638
 31
0.0
  0
LINE
  5
12A
330
2
100
AcDbEntity
  8
HALFEN
 62
     1
100
AcDbLine
 10
306.3795139443831
 20
203.6972844071642
 30
0.0
 11
306.3795139443831
 21
115.6972844071642
 31
0.0
  0
LINE
  5
12B
330
2
100
AcDbEntity
  8
HALFEN
  6
STRICHPUNKT2
 62
     1
100
AcDbLine
 10
423.3795139443828
 20
134.6972844071639
 30
0.0
 11
423.3795139443828
 21
120.6972844071639
 31
0.0
  0
LINE
  5
12C
330
2
100
AcDbEntity
  8
HALFEN
  6
STRICHPUNKT2
 62
     1
100
AcDbLine
 10
391.3795139443829
 20
127.6972844071639
 30
0.0
 11
455.3795139443828
 21
127.6972844071639
 31
0.0
  0
LINE
  5
12D
330
2
100
AcDbEntity
  8
HALFEN
  6
STRICHPUNKT2
 62
     1
100
AcDbLine
 10
448.3795139443828
 20
154.9472844071639
 30
0.0
 11
448.3795139443828
 21
164.4472844071639
 31
0.0
  0
CIRCLE
  5
12E
330
2
100
AcDbEntity
  8
HALFEN
100
AcDbCircle
 10
448.3795139443828
 20
159.6972844071639
 30
0.0
 40
4.75
  0
LINE
  5
12F
330
2
100
AcDbEntity
  8
HALFEN
 62
     1
100
AcDbLine
 10
379.3795139443829
 20
96.19728440716393
 30
0.0
 11
379.3795139443829
 21
223.1972844071639
 31
0.0
  0
LINE
  5
130
330
2
100
AcDbEntity
  8
HALFEN
 62
     1
100
AcDbLine
 10
383.3795139443829
 20
96.19728440716393
 30
0.0
 11
383.3795139443829
 21
223.1972844071639
 31
0.0
  0
LINE
  5
131
330
2
100
AcDbEntity
  8
HALFEN
 62
     1
100
AcDbLine
 10
387.3795139443829
 20
96.19728440716393
 30
0.0
 11
387.3795139443829
 21
223.1972844071639
 31
0.0
  0
LINE
  5
132
330
2
100
AcDbEntity
  8
HALFEN
 62
     1
100
AcDbLine
 10
391.3795139443829
 20
96.19728440716393
 30
0.0
 11
391.3795139443829
 21
223.1972844071639
 31
0.0
  0
LINE
  5
133
330
2
100
AcDbEntity
  8
HALFEN
 62
     1
100
AcDbLine
 10
395.3795139443829
 20
96.19728440716393
 30
0.0
 11
395.3795139443829
 21
121.0640348264531
 31
0.0
  0
LINE
  5
134
330
2
100
AcDbEntity
  8
HALFEN
 62
     1
100
AcDbLine
 10
395.3795139443829
 20
134.3305339878748
 30
0.0
 11
395.3795139443829
 21
223.1972844071639
 31
0.0
  0
LINE
  5
135
330
2
100
AcDbEntity
  8
HALFEN
 62
     1
100
AcDbLine
 10
399.3795139443829
 20
96.19728440716393
 30
0.0
 11
399.379513944383
 21
120.1972844071641
 31
0.0
  0
LINE
  5
136
330
2
100
AcDbEntity
  8
HALFEN
 62
     1
100
AcDbLine
 10
399.379513944383
 20
135.1972844071639
 30
0.0
 11
399.3795139443829
 21
223.1972844071639
 31
0.0
  0
LINE
  5
137
330
2
100
AcDbEntity
  8
HALFEN
 62
     1
100
AcDbLine
 10
467.3795139443829
 20
96.19728440716393
 30
0.0
 11
467.3795139443829
 21
223.1972844071639
 31
0.0
  0
LINE
  5
138
330
2
100
AcDbEntity
  8
HALFEN
 62
     1
100
AcDbLine
 10
403.3795139443829
 20
96.19728440716393
 30
0.0
 11
403.3795139443829
 21
120.197284407164
 31
0.0
  0
LINE
  5
139
330
2
100
AcDbEntity
  8
HALFEN
 62
     1
100
AcDbLine
 10
403.3795139443829
 20
135.1972844071639
 30
0.0
 11
403.3795139443829
 21
223.1972844071639
 31
0.0
  0
LINE
  5
13A
330
2
100
AcDbEntity
  8
HALFEN
 62
     1
100
AcDbLine
 10
407.3795139443829
 20
96.19728440716393
 30
0.0
 11
407.3795139443829
 21
120.197284407164
 31
0.0
  0
LINE
  5
13B
330
2
100
AcDbEntity
  8
HALFEN
 62
     1
100
AcDbLine
 10
407.3795139443829
 20
135.1972844071639
 30
0.0
 11
407.3795139443829
 21
223.1972844071639
 31
0.0
  0
LINE
  5
13C
330
2
100
AcDbEntity
  8
HALFEN
 62
     1
100
AcDbLine
 10
411.3795139443828
 20
96.19728440716393
 30
0.0
 11
411.3795139443829
 21
120.197284407164
 31
0.0
  0
LINE
  5
13D
330
2
100
AcDbEntity
  8
HALFEN
 62
     1
100
AcDbLine
 10
411.3795139443829
 20
135.1972844071639
 30
0.0
 11
411.3795139443828
 21
223.1972844071639
 31
0.0
  0
LINE
  5
13E
330
2
100
AcDbEntity
  8
HALFEN
 62
     1
100
AcDbLine
 10
415.3795139443828
 20
96.19728440716393
 30
0.0
 11
415.3795139443829
 21
120.197284407164
 31
0.0
  0
LINE
  5
13F
330
2
100
AcDbEntity
  8
HALFEN
 62
     1
100
AcDbLine
 10
415.3795139443829
 20
135.1972844071639
 30
0.0
 11
415.3795139443828
 21
223.1972844071639
 31
0.0
  0
LINE
  5
140
330
2
100
AcDbEntity
  8
HALFEN
 62
     1
100
AcDbLine
 10
419.3795139443828
 20
96.19728440716393
 30
0.0
 11
419.3795139443829
 21
120.197284407164
 31
0.0
  0
LINE
  5
141
330
2
100
AcDbEntity
  8
HALFEN
 62
     1
100
AcDbLine
 10
419.3795139443829
 20
135.1972844071639
 30
0.0
 11
419.3795139443828
 21
223.1972844071639
 31
0.0
  0
LINE
  5
142
330
2
100
AcDbEntity
  8
HALFEN
 62
     1
100
AcDbLine
 10
423.3795139443828
 20
96.19728440716393
 30
0.0
 11
423.3795139443829
 21
120.197284407164
 31
0.0
  0
LINE
  5
143
330
2
100
AcDbEntity
  8
HALFEN
 62
     1
100
AcDbLine
 10
423.3795139443829
 20
135.1972844071639
 30
0.0
 11
423.3795139443828
 21
223.1972844071639
 31
0.0
  0
LINE
  5
144
330
2
100
AcDbEntity
  8
HALFEN
 62
     1
100
AcDbLine
 10
427.3795139443828
 20
96.19728440716393
 30
0.0
 11
427.3795139443829
 21
120.197284407164
 31
0.0
  0
LINE
  5
145
330
2
100
AcDbEntity
  8
HALFEN
 62
     1
100
AcDbLine
 10
427.3795139443829
 20
135.1972844071639
 30
0.0
 11
427.3795139443828
 21
223.1972844071639
 31
0.0
  0
LINE
  5
146
330
2
100
AcDbEntity
  8
HALFEN
 62
     1
100
AcDbLine
 10
431.3795139443828
 20
96.19728440716393
 30
0.0
 11
431.3795139443829
 21
120.197284407164
 31
0.0
  0
LINE
  5
147
330
2
100
AcDbEntity
  8
HALFEN
 62
     1
100
AcDbLine
 10
431.3795139443829
 20
135.1972844071639
 30
0.0
 11
431.3795139443828
 21
223.1972844071639
 31
0.0
  0
LINE
  5
148
330
2
100
AcDbEntity
  8
HALFEN
 62
     1
100
AcDbLine
 10
435.3795139443828
 20
96.19728440716393
 30
0.0
 11
435.3795139443829
 21
120.197284407164
 31
0.0
  0
LINE
  5
149
330
2
100
AcDbEntity
  8
HALFEN
 62
     1
100
AcDbLine
 10
435.3795139443829
 20
135.1972844071639
 30
0.0
 11
435.3795139443828
 21
223.1972844071639
 31
0.0
  0
LINE
  5
14A
330
2
100
AcDbEntity
  8
HALFEN
 62
     1
100
AcDbLine
 10
439.3795139443828
 20
96.19728440716393
 30
0.0
 11
439.3795139443829
 21
120.197284407164
 31
0.0
  0
LINE
  5
14B
330
2
100
AcDbEntity
  8
HALFEN
 62
     1
100
AcDbLine
 10
439.3795139443829
 20
135.1972844071639
 30
0.0
 11
439.3795139443828
 21
223.1972844071639
 31
0.0
  0
LINE
  5
14C
330
2
100
AcDbEntity
  8
HALFEN
 62
     1
100
AcDbLine
 10
443.3795139443828
 20
96.19728440716393
 30
0.0
 11
443.3795139443829
 21
120.197284407164
 31
0.0
  0
LINE
  5
14D
330
2
100
AcDbEntity
  8
HALFEN
 62
     1
100
AcDbLine
 10
443.3795139443829
 20
135.1972844071639
 30
0.0
 11
443.3795139443828
 21
223.1972844071639
 31
0.0
  0
LINE
  5
14E
330
2
100
AcDbEntity
  8
HALFEN
 62
     1
100
AcDbLine
 10
447.3795139443828
 20
96.19728440716393
 30
0.0
 11
447.3795139443828
 21
120.1972844071639
 31
0.0
  0
LINE
  5
14F
330
2
100
AcDbEntity
  8
HALFEN
 62
     1
100
AcDbLine
 10
447.3795139443828
 20
135.1972844071638
 30
0.0
 11
447.3795139443828
 21
155.0537405019122
 31
0.0
  0
LINE
  5
150
330
2
100
AcDbEntity
  8
HALFEN
 62
     1
100
AcDbLine
 10
447.3795139443828
 20
164.3408283124156
 30
0.0
 11
447.3795139443828
 21
223.1972844071639
 31
0.0
  0
LINE
  5
151
330
2
100
AcDbEntity
  8
HALFEN
 62
     1
100
AcDbLine
 10
451.3795139443828
 20
96.19728440716393
 30
0.0
 11
451.3795139443828
 21
121.0640348264531
 31
0.0
  0
LINE
  5
152
330
2
100
AcDbEntity
  8
HALFEN
 62
     1
100
AcDbLine
 10
451.3795139443828
 20
134.3305339878747
 30
0.0
 11
451.3795139443828
 21
156.0145544414998
 31
0.0
  0
LINE
  5
153
330
2
100
AcDbEntity
  8
HALFEN
 62
     1
100
AcDbLine
 10
451.3795139443828
 20
163.380014372828
 30
0.0
 11
451.3795139443828
 21
223.1972844071639
 31
0.0
  0
LINE
  5
154
330
2
100
AcDbEntity
  8
HALFEN
 62
     1
100
AcDbLine
 10
455.3795139443828
 20
96.19728440716393
 30
0.0
 11
455.3795139443828
 21
223.1972844071639
 31
0.0
  0
LINE
  5
155
330
2
100
AcDbEntity
  8
HALFEN
 62
     1
100
AcDbLine
 10
459.3795139443829
 20
96.19728440716393
 30
0.0
 11
459.3795139443829
 21
223.1972844071639
 31
0.0
  0
LINE
  5
156
330
2
100
AcDbEntity
  8
HALFEN
 62
     1
100
AcDbLine
 10
463.3795139443829
 20
96.19728440716393
 30
0.0
 11
463.3795139443829
 21
223.1972844071639
 31
0.0
  0
LINE
  5
157
330
2
100
AcDbEntity
  8
HALFEN
100
AcDbLine
 10
379.3795139443842
 20
66.19728440716392
 30
0.0
 11
381.3795139443842
 21
68.19728440716386
 31
0.0
  0
LINE
  5
158
330
2
100
AcDbEntity
  8
HALFEN
100
AcDbLine
 10
381.3795139443842
 20
68.19728440716386
 30
0.0
 11
383.3795139443842
 21
66.19728440716392
 31
0.0
  0
LINE
  5
159
330
2
100
AcDbEntity
  8
HALFEN
100
AcDbLine
 10
383.3795139443842
 20
66.19728440716392
 30
0.0
 11
385.3795139443841
 21
68.19728440716386
 31
0.0
  0
LINE
  5
15A
330
2
100
AcDbEntity
  8
HALFEN
100
AcDbLine
 10
385.3795139443842
 20
68.19728440716386
 30
0.0
 11
387.3795139443841
 21
66.19728440716392
 31
0.0
  0
LINE
  5
15B
330
2
100
AcDbEntity
  8
HALFEN
100
AcDbLine
 10
387.3795139443845
 20
66.19728440716352
 30
0.0
 11
389.3795139443844
 21
68.19728440716341
 31
0.0
  0
LINE
  5
15C
330
2
100
AcDbEntity
  8
HALFEN
100
AcDbLine
 10
389.3795139443845
 20
68.19728440716346
 30
0.0
 11
391.3795139443844
 21
66.19728440716352
 31
0.0
  0
LINE
  5
15D
330
2
100
AcDbEntity
  8
HALFEN
100
AcDbLine
 10
391.379513944384
 20
66.19728440716392
 30
0.0
 11
393.379513944384
 21
68.19728440716386
 31
0.0
  0
LINE
  5
15E
330
2
100
AcDbEntity
  8
HALFEN
100
AcDbLine
 10
393.379513944384
 20
68.19728440716386
 30
0.0
 11
395.379513944384
 21
66.19728440716392
 31
0.0
  0
LINE
  5
15F
330
2
100
AcDbEntity
  8
HALFEN
100
AcDbLine
 10
395.379513944384
 20
66.19728440716392
 30
0.0
 11
397.3795139443839
 21
68.19728440716386
 31
0.0
  0
LINE
  5
160
330
2
100
AcDbEntity
  8
HALFEN
100
AcDbLine
 10
397.379513944384
 20
68.19728440716386
 30
0.0
 11
399.3795139443839
 21
66.19728440716392
 31
0.0
  0
LINE
  5
161
330
2
100
AcDbEntity
  8
HALFEN
100
AcDbLine
 10
399.3795139443839
 20
66.19728440716392
 30
0.0
 11
401.3795139443838
 21
68.19728440716386
 31
0.0
  0
LINE
  5
162
330
2
100
AcDbEntity
  8
HALFEN
100
AcDbLine
 10
401.3795139443839
 20
68.19728440716386
 30
0.0
 11
403.3795139443838
 21
66.19728440716392
 31
0.0
  0
LINE
  5
163
330
2
100
AcDbEntity
  8
HALFEN
100
AcDbLine
 10
403.3795139443838
 20
66.19728440716392
 30
0.0
 11
405.3795139443837
 21
68.19728440716386
 31
0.0
  0
LINE
  5
164
330
2
100
AcDbEntity
  8
HALFEN
100
AcDbLine
 10
405.3795139443838
 20
68.19728440716386
 30
0.0
 11
407.3795139443838
 21
66.19728440716392
 31
0.0
  0
LINE
  5
165
330
2
100
AcDbEntity
  8
HALFEN
100
AcDbLine
 10
407.3795139443838
 20
66.19728440716392
 30
0.0
 11
409.3795139443837
 21
68.19728440716386
 31
0.0
  0
LINE
  5
166
330
2
100
AcDbEntity
  8
HALFEN
100
AcDbLine
 10
409.3795139443837
 20
68.19728440716386
 30
0.0
 11
411.3795139443837
 21
66.19728440716392
 31
0.0
  0
LINE
  5
167
330
2
100
AcDbEntity
  8
HALFEN
100
AcDbLine
 10
411.3795139443837
 20
66.19728440716392
 30
0.0
 11
413.3795139443837
 21
68.19728440716386
 31
0.0
  0
LINE
  5
168
330
2
100
AcDbEntity
  8
HALFEN
100
AcDbLine
 10
413.3795139443837
 20
68.19728440716386
 30
0.0
 11
415.3795139443836
 21
66.19728440716392
 31
0.0
  0
LINE
  5
169
330
2
100
AcDbEntity
  8
HALFEN
100
AcDbLine
 10
415.3795139443836
 20
66.19728440716392
 30
0.0
 11
417.3795139443836
 21
68.19728440716386
 31
0.0
  0
LINE
  5
16A
330
2
100
AcDbEntity
  8
HALFEN
100
AcDbLine
 10
417.3795139443837
 20
68.19728440716386
 30
0.0
 11
419.3795139443836
 21
66.19728440716392
 31
0.0
  0
LINE
  5
16B
330
2
100
AcDbEntity
  8
HALFEN
100
AcDbLine
 10
419.3795139443845
 20
66.19728440716301
 30
0.0
 11
421.3795139443845
 21
68.19728440716295
 31
0.0
  0
LINE
  5
16C
330
2
100
AcDbEntity
  8
HALFEN
100
AcDbLine
 10
421.3795139443845
 20
68.19728440716295
 30
0.0
 11
423.3795139443844
 21
66.19728440716301
 31
0.0
  0
LINE
  5
16D
330
2
100
AcDbEntity
  8
HALFEN
100
AcDbLine
 10
423.3795139443844
 20
66.19728440716301
 30
0.0
 11
425.3795139443844
 21
68.19728440716295
 31
0.0
  0
LINE
  5
16E
330
2
100
AcDbEntity
  8
HALFEN
100
AcDbLine
 10
425.3795139443845
 20
68.19728440716295
 30
0.0
 11
427.3795139443844
 21
66.19728440716301
 31
0.0
  0
LINE
  5
16F
330
2
100
AcDbEntity
  8
HALFEN
100
AcDbLine
 10
427.3795139443844
 20
66.19728440716301
 30
0.0
 11
429.3795139443843
 21
68.19728440716295
 31
0.0
  0
LINE
  5
170
330
2
100
AcDbEntity
  8
HALFEN
100
AcDbLine
 10
429.3795139443844
 20
68.19728440716295
 30
0.0
 11
431.3795139443843
 21
66.19728440716301
 31
0.0
  0
LINE
  5
171
330
2
100
AcDbEntity
  8
HALFEN
100
AcDbLine
 10
431.3795139443834
 20
66.19728440716392
 30
0.0
 11
433.3795139443834
 21
68.19728440716386
 31
0.0
  0
LINE
  5
172
330
2
100
AcDbEntity
  8
HALFEN
100
AcDbLine
 10
433.3795139443834
 20
68.19728440716386
 30
0.0
 11
435.3795139443834
 21
66.19728440716392
 31
0.0
  0
LINE
  5
173
330
2
100
AcDbEntity
  8
HALFEN
100
AcDbLine
 10
435.3795139443834
 20
66.19728440716392
 30
0.0
 11
437.3795139443833
 21
68.19728440716386
 31
0.0
  0
LINE
  5
174
330
2
100
AcDbEntity
  8
HALFEN
100
AcDbLine
 10
437.3795139443834
 20
68.19728440716386
 30
0.0
 11
439.3795139443833
 21
66.19728440716392
 31
0.0
  0
LINE
  5
175
330
2
100
AcDbEntity
  8
HALFEN
100
AcDbLine
 10
439.3795139443833
 20
66.19728440716392
 30
0.0
 11
441.3795139443832
 21
68.19728440716386
 31
0.0
  0
LINE
  5
176
330
2
100
AcDbEntity
  8
HALFEN
100
AcDbLine
 10
441.3795139443833
 20
68.19728440716386
 30
0.0
 11
443.3795139443833
 21
66.19728440716392
 31
0.0
  0
LINE
  5
177
330
2
100
AcDbEntity
  8
HALFEN
100
AcDbLine
 10
443.3795139443833
 20
66.19728440716392
 30
0.0
 11
445.3795139443832
 21
68.19728440716386
 31
0.0
  0
LINE
  5
178
330
2
100
AcDbEntity
  8
HALFEN
100
AcDbLine
 10
445.3795139443832
 20
68.19728440716386
 30
0.0
 11
447.3795139443832
 21
66.19728440716392
 31
0.0
  0
LINE
  5
179
330
2
100
AcDbEntity
  8
HALFEN
100
AcDbLine
 10
447.3795139443832
 20
66.19728440716392
 30
0.0
 11
449.3795139443832
 21
68.19728440716386
 31
0.0
  0
LINE
  5
17A
330
2
100
AcDbEntity
  8
HALFEN
100
AcDbLine
 10
449.3795139443832
 20
68.19728440716386
 30
0.0
 11
451.3795139443831
 21
66.19728440716392
 31
0.0
  0
LINE
  5
17B
330
2
100
AcDbEntity
  8
HALFEN
100
AcDbLine
 10
451.3795139443844
 20
66.19728440716272
 30
0.0
 11
453.3795139443843
 21
68.19728440716261
 31
0.0
  0
LINE
  5
17C
330
2
100
AcDbEntity
  8
HALFEN
100
AcDbLine
 10
453.3795139443843
 20
68.19728440716267
 30
0.0
 11
455.3795139443843
 21
66.19728440716272
 31
0.0
  0
LINE
  5
17D
330
2
100
AcDbEntity
  8
HALFEN
100
AcDbLine
 10
455.3795139443831
 20
66.19728440716392
 30
0.0
 11
457.379513944383
 21
68.19728440716386
 31
0.0
  0
LINE
  5
17E
330
2
100
AcDbEntity
  8
HALFEN
100
AcDbLine
 10
457.3795139443831
 20
68.19728440716386
 30
0.0
 11
459.379513944383
 21
66.19728440716392
 31
0.0
  0
LINE
  5
17F
330
2
100
AcDbEntity
  8
HALFEN
100
AcDbLine
 10
459.379513944383
 20
66.19728440716392
 30
0.0
 11
461.379513944383
 21
68.19728440716386
 31
0.0
  0
LINE
  5
180
330
2
100
AcDbEntity
  8
HALFEN
100
AcDbLine
 10
461.379513944383
 20
68.19728440716386
 30
0.0
 11
463.3795139443829
 21
66.19728440716392
 31
0.0
  0
LINE
  5
181
330
2
100
AcDbEntity
  8
HALFEN
100
AcDbLine
 10
463.3795139443829
 20
66.19728440716392
 30
0.0
 11
465.3795139443829
 21
68.19728440716386
 31
0.0
  0
LINE
  5
182
330
2
100
AcDbEntity
  8
HALFEN
100
AcDbLine
 10
465.379513944383
 20
68.19728440716386
 30
0.0
 11
467.3795139443829
 21
66.19728440716392
 31
0.0
  0
LINE
  5
183
330
2
100
AcDbEntity
  8
HALFEN
  6
STRICHPUNKT2
 62
     1
100
AcDbLine
 10
448.3795139443828
 20
80.19728440716392
 30
0.0
 11
448.3795139443828
 21
62.19728440716392
 31
0.0
  0
LINE
  5
184
330
2
100
AcDbEntity
  8
HALFEN
  6
STRICHPUNKT2
 62
     1
100
AcDbLine
 10
307.3795139443829
 20
127.6972844071639
 30
0.0
 11
325.3795139443831
 21
127.6972844071639
 31
0.0
  0
ARC
  5
185
330
2
100
AcDbEntity
  8
HALFEN
100
AcDbCircle
 10
286.3795139443829
 20
184.1972844071639
 30
0.0
 40
7.5
100
AcDbArc
 50
0.0
 51
180.0
  0
ARC
  5
186
330
2
100
AcDbEntity
  8
HALFEN
100
AcDbCircle
 10
286.3795139443829
 20
135.1972844071639
 30
0.0
 40
7.5
100
AcDbArc
 50
180.0
 51
0.0
  0
LINE
  5
187
330
2
100
AcDbEntity
  8
HALFEN
100
AcDbLine
 10
293.8795139443829
 20
184.1972844071639
 30
0.0
 11
293.8795139443829
 21
135.1972844071639
 31
0.0
  0
LINE
  5
188
330
2
100
AcDbEntity
  8
HALFEN
100
AcDbLine
 10
278.8795139443829
 20
184.1972844071639
 30
0.0
 11
278.8795139443829
 21
135.1972844071639
 31
0.0
  0
ARC
  5
189
330
2
100
AcDbEntity
  8
HALFEN
100
AcDbCircle
 10
447.8795139443828
 20
127.6972844071639
 30
0.0
 40
7.5
100
AcDbArc
 50
270.0
 51
90.0
  0
ARC
  5
18A
330
2
100
AcDbEntity
  8
HALFEN
100
AcDbCircle
 10
398.8795139443829
 20
127.6972844071639
 30
0.0
 40
7.5
100
AcDbArc
 50
90.0
 51
270.0
  0
LINE
  5
18B
330
2
100
AcDbEntity
  8
HALFEN
100
AcDbLine
 10
447.8795139443828
 20
135.1972844071639
 30
0.0
 11
398.8795139443829
 21
135.197284407164
 31
0.0
  0
LINE
  5
18C
330
2
100
AcDbEntity
  8
HALFEN
100
AcDbLine
 10
398.8795139443829
 20
135.197284407164
 30
0.0
 11
398.8795139443829
 21
135.197284407164
 31
0.0
  0
LINE
  5
18D
330
2
100
AcDbEntity
  8
HALFEN
100
AcDbLine
 10
398.8795139443829
 20
120.1972844071639
 30
0.0
 11
447.8795139443828
 21
120.1972844071639
 31
0.0
  0
MTEXT
  5
18E
330
2
100
AcDbEntity
  8
HALFEN
100
AcDbMText
 10
286.3795139443831
 20
111.6972844071641
 30
0.0
 40
7.0
 41
18.23218390804597
 71
     2
 72
     5
  1
L
 73
     1
 44
1.0
  0
MTEXT
  5
18F
330
2
100
AcDbEntity
  8
HALFEN
100
AcDbMText
 10
286.3795139443829
 20
207.697284407164
 30
0.0
 40
7.0
 41
18.23218390804597
 71
     8
 72
     5
  1
UP
 73
     1
 44
1.0
  0
LINE
  5
190
330
2
100
AcDbEntity
  8
HALFEN
100
AcDbLine
 10
251.3795139443829
 20
-76.80271559283608
 30
0.0
 11
426.3795139443828
 21
-76.80271559283608
 31
0.0
  0
LINE
  5
191
330
2
100
AcDbEntity
  8
HALFEN
100
AcDbLine
 10
251.3795139443829
 20
-66.80271559283608
 30
0.0
 11
426.3795139443828
 21
-66.80271559283608
 31
0.0
  0
LINE
  5
192
330
2
100
AcDbEntity
  8
HALFEN
100
AcDbLine
 10
251.3795139443829
 20
-56.80271559283608
 30
0.0
 11
426.3795139443828
 21
-56.80271559283608
 31
0.0
  0
TEXT
  5
193
330
2
100
AcDbEntity
  8
HALFEN
100
AcDbText
 10
306.3795139443829
 20
-64.30271559283608
 30
0.0
 40
5.0
  1
HCW - ED 2 - Rechts, 133 x 70 x 127
  7
ARIAL50
100
AcDbText
  0
TEXT
  5
194
330
2
100
AcDbEntity
  8
HALFEN
100
AcDbText
 10
256.3795139443829
 20
-74.30271559283608
 30
0.0
 40
5.0
  1
Id. Nr.
  7
ARIAL50
100
AcDbText
  0
TEXT
  5
195
330
2
100
AcDbEntity
  8
HALFEN
100
AcDbText
 10
256.3795139443829
 20
-64.30271559283608
 30
0.0
 40
5.0
  1
Benennung
  7
ARIAL50
100
AcDbText
  0
TEXT
  5
196
330
2
100
AcDbEntity
  8
HALFEN
100
AcDbText
 10
251.3795139443829
 20
-54.30271559283608
 30
0.0
 40
5.0
  1
AL
  7
ARIAL50
100
AcDbText
  0
LINE
  5
197
330
2
100
AcDbEntity
  8
HALFEN
100
AcDbLine
 10
251.3795139443829
 20
-76.80271559283608
 30
0.0
 11
251.3795139443829
 21
-56.80271559283608
 31
0.0
  0
LINE
  5
198
330
2
100
AcDbEntity
  8
HALFEN
100
AcDbLine
 10
301.3795139443829
 20
-76.80271559283608
 30
0.0
 11
301.3795139443829
 21
-56.80271559283608
 31
0.0
  0
LINE
  5
199
330
2
100
AcDbEntity
  8
HALFEN
100
AcDbLine
 10
426.3795139443828
 20
-76.80271559283608
 30
0.0
 11
426.3795139443828
 21
-56.80271559283608
 31
0.0
  0
TEXT
  5
19A
330
2
100
AcDbEntity
  8
HALFEN
100
AcDbText
 10
306.3795139443829
 20
-74.30271559283608
 30
0.0
 40
5.0
  1
0059.030-00003
  7
ARIAL50
100
AcDbText
  0
LINE
  5
19B
330
2
100
AcDbEntity
  8
HALFEN
100
AcDbLine
 10
614.379513944383
 20
83.19728440716394
 30
0.0
 11
773.379513944383
 21
83.19728440716394
 31
0.0
  0
LINE
  5
19C
330
2
100
AcDbEntity
  8
HALFEN
100
AcDbLine
 10
614.379513944383
 20
223.1972844071639
 30
0.0
 11
773.379513944383
 21
223.1972844071639
 31
0.0
  0
LINE
  5
19D
330
2
100
AcDbEntity
  8
HALFEN
100
AcDbLine
 10
614.379513944383
 20
-6.802715592836051
 30
0.0
 11
624.3795139443832
 21
-6.802715592836051
 31
0.0
  0
LINE
  5
19E
330
2
100
AcDbEntity
  8
HALFEN
  6
STRICHPUNKT2
 62
     1
100
AcDbLine
 10
610.379513944383
 20
28.19728440716395
 30
0.0
 11
628.3795139443832
 21
28.19728440716395
 31
0.0
  0
LINE
  5
19F
330
2
100
AcDbEntity
  8
HALFEN
100
AcDbLine
 10
773.379513944383
 20
223.1972844071639
 30
0.0
 11
773.379513944383
 21
83.19728440716394
 31
0.0
  0
LINE
  5
1A0
330
2
100
AcDbEntity
  8
HALFEN
100
AcDbLine
 10
614.379513944383
 20
83.19728440716394
 30
0.0
 11
614.379513944383
 21
223.1972844071639
 31
0.0
  0
LINE
  5
1A1
330
2
100
AcDbEntity
  8
HALFEN
100
AcDbLine
 10
594.379513944383
 20
83.19728440716394
 30
0.0
 11
594.379513944383
 21
223.1972844071639
 31
0.0
  0
LINE
  5
1A2
330
2
100
AcDbEntity
  8
HALFEN
100
AcDbLine
 10
524.379513944383
 20
83.19728440716394
 30
0.0
 11
524.379513944383
 21
223.1972844071639
 31
0.0
  0
LINE
  5
1A3
330
2
100
AcDbEntity
  8
HALFEN
100
AcDbLine
 10
584.3795139443829
 20
83.19728440716394
 30
0.0
 11
584.3795139443829
 21
223.1972844071639
 31
0.0
  0
LINE
  5
1A4
330
2
100
AcDbEntity
  8
HALFEN
100
AcDbLine
 10
624.379513944383
 20
83.19728440716394
 30
0.0
 11
624.379513944383
 21
223.1972844071639
 31
0.0
  0
LINE
  5
1A5
330
2
100
AcDbEntity
  8
HALFEN
100
AcDbLine
 10
524.379513944383
 20
223.1972844071639
 30
0.0
 11
594.379513944383
 21
223.1972844071639
 31
0.0
  0
LINE
  5
1A6
330
2
100
AcDbEntity
  8
HALFEN
100
AcDbLine
 10
594.379513944383
 20
83.19728440716394
 30
0.0
 11
524.379513944383
 21
83.19728440716394
 31
0.0
  0
LINE
  5
1A7
330
2
100
AcDbEntity
  8
HALFEN
100
AcDbLine
 10
614.379513944383
 20
-6.802715592836051
 30
0.0
 11
614.379513944383
 21
63.19728440716395
 31
0.0
  0
LINE
  5
1A8
330
2
100
AcDbEntity
  8
HALFEN
100
AcDbLine
 10
624.3795139443829
 20
-6.802715592836051
 30
0.0
 11
624.3795139443832
 21
50.19728440716395
 31
0.0
  0
LINE
  5
1A9
330
2
100
AcDbEntity
  8
HALFEN
100
AcDbLine
 10
614.379513944383
 20
63.19728440716395
 30
0.0
 11
773.379513944383
 21
63.197284407164
 31
0.0
  0
LINE
  5
1AA
330
2
100
AcDbEntity
  8
HALFEN
100
AcDbLine
 10
627.3795139443832
 20
53.19728440716395
 30
0.0
 11
678.3795139443842
 21
53.19728440716395
 31
0.0
  0
LINE
  5
1AB
330
2
100
AcDbEntity
  8
HALFEN
100
AcDbLine
 10
766.3795139443831
 20
53.19728440716395
 30
0.0
 11
773.379513944383
 21
53.19728440716395
 31
0.0
  0
ARC
  5
1AC
330
2
100
AcDbEntity
  8
HALFEN
100
AcDbCircle
 10
627.3795139443832
 20
50.19728440716395
 30
0.0
 40
3.0
100
AcDbArc
 50
90.0
 51
180.0
  0
LINE
  5
1AD
330
2
100
AcDbEntity
  8
HALFEN
100
AcDbLine
 10
773.379513944383
 20
63.19728440716395
 30
0.0
 11
773.379513944383
 21
53.19728440716395
 31
0.0
  0
LINE
  5
1AE
330
2
100
AcDbEntity
  8
HALFEN
  6
STRICHPUNKT2
 62
     1
100
AcDbLine
 10
722.3795139443829
 20
67.19728440716394
 30
0.0
 11
722.3795139443829
 21
49.19728440716395
 31
0.0
  0
LINE
  5
1AF
330
2
100
AcDbEntity
  8
HALFEN
  6
STRICHPUNKT2
 62
     1
100
AcDbLine
 10
520.379513944383
 20
153.1972844071639
 30
0.0
 11
598.379513944383
 21
153.1972844071639
 31
0.0
  0
LINE
  5
1B0
330
2
100
AcDbEntity
  8
HALFEN
 62
     1
100
AcDbLine
 10
539.3795139443832
 20
197.1972844071639
 30
0.0
 11
579.3795139443832
 21
197.1972844071641
 31
0.0
  0
LINE
  5
1B1
330
2
100
AcDbEntity
  8
HALFEN
 62
     1
100
AcDbLine
 10
539.3795139443833
 20
193.1972844071639
 30
0.0
 11
579.3795139443833
 21
193.1972844071641
 31
0.0
  0
LINE
  5
1B2
330
2
100
AcDbEntity
  8
HALFEN
 62
     1
100
AcDbLine
 10
539.3795139443833
 20
189.1972844071639
 30
0.0
 11
579.3795139443833
 21
189.1972844071642
 31
0.0
  0
LINE
  5
1B3
330
2
100
AcDbEntity
  8
HALFEN
 62
     1
100
AcDbLine
 10
539.3795139443833
 20
185.1972844071639
 30
0.0
 11
579.3795139443833
 21
185.1972844071642
 31
0.0
  0
LINE
  5
1B4
330
2
100
AcDbEntity
  8
HALFEN
 62
     1
100
AcDbLine
 10
539.3795139443833
 20
181.1972844071639
 30
0.0
 11
552.7462643636722
 21
181.197284407164
 31
0.0
  0
LINE
  5
1B5
330
2
100
AcDbEntity
  8
HALFEN
 62
     1
100
AcDbLine
 10
566.0127635250937
 20
181.1972844071641
 30
0.0
 11
579.3795139443833
 21
181.1972844071642
 31
0.0
  0
LINE
  5
1B6
330
2
100
AcDbEntity
  8
HALFEN
 62
     1
100
AcDbLine
 10
539.3795139443833
 20
177.1972844071639
 30
0.0
 11
551.879513944383
 21
177.197284407164
 31
0.0
  0
LINE
  5
1B7
330
2
100
AcDbEntity
  8
HALFEN
 62
     1
100
AcDbLine
 10
566.879513944383
 20
177.197284407164
 30
0.0
 11
579.3795139443833
 21
177.1972844071641
 31
0.0
  0
LINE
  5
1B8
330
2
100
AcDbEntity
  8
HALFEN
 62
     1
100
AcDbLine
 10
539.3795139443835
 20
173.1972844071639
 30
0.0
 11
551.879513944383
 21
173.197284407164
 31
0.0
  0
LINE
  5
1B9
330
2
100
AcDbEntity
  8
HALFEN
 62
     1
100
AcDbLine
 10
566.879513944383
 20
173.1972844071641
 30
0.0
 11
579.3795139443834
 21
173.1972844071641
 31
0.0
  0
LINE
  5
1BA
330
2
100
AcDbEntity
  8
HALFEN
 62
     1
100
AcDbLine
 10
539.3795139443835
 20
169.1972844071639
 30
0.0
 11
551.879513944383
 21
169.197284407164
 31
0.0
  0
LINE
  5
1BB
330
2
100
AcDbEntity
  8
HALFEN
 62
     1
100
AcDbLine
 10
566.879513944383
 20
169.197284407164
 30
0.0
 11
579.3795139443834
 21
169.1972844071641
 31
0.0
  0
LINE
  5
1BC
330
2
100
AcDbEntity
  8
HALFEN
 62
     1
100
AcDbLine
 10
539.3795139443835
 20
165.1972844071639
 30
0.0
 11
551.879513944383
 21
165.197284407164
 31
0.0
  0
LINE
  5
1BD
330
2
100
AcDbEntity
  8
HALFEN
 62
     1
100
AcDbLine
 10
566.879513944383
 20
165.1972844071641
 30
0.0
 11
579.3795139443834
 21
165.1972844071641
 31
0.0
  0
LINE
  5
1BE
330
2
100
AcDbEntity
  8
HALFEN
 62
     1
100
AcDbLine
 10
539.3795139443835
 20
161.1972844071639
 30
0.0
 11
551.879513944383
 21
161.197284407164
 31
0.0
  0
LINE
  5
1BF
330
2
100
AcDbEntity
  8
HALFEN
 62
     1
100
AcDbLine
 10
566.879513944383
 20
161.1972844071642
 30
0.0
 11
579.3795139443836
 21
161.1972844071642
 31
0.0
  0
LINE
  5
1C0
330
2
100
AcDbEntity
  8
HALFEN
 62
     1
100
AcDbLine
 10
539.3795139443835
 20
157.1972844071639
 30
0.0
 11
551.879513944383
 21
157.1972844071641
 31
0.0
  0
LINE
  5
1C1
330
2
100
AcDbEntity
  8
HALFEN
 62
     1
100
AcDbLine
 10
566.879513944383
 20
157.1972844071641
 30
0.0
 11
579.3795139443836
 21
157.1972844071642
 31
0.0
  0
LINE
  5
1C2
330
2
100
AcDbEntity
  8
HALFEN
 62
     1
100
AcDbLine
 10
539.3795139443835
 20
153.1972844071639
 30
0.0
 11
551.879513944383
 21
153.197284407164
 31
0.0
  0
LINE
  5
1C3
330
2
100
AcDbEntity
  8
HALFEN
 62
     1
100
AcDbLine
 10
566.879513944383
 20
153.1972844071641
 30
0.0
 11
579.3795139443836
 21
153.1972844071642
 31
0.0
  0
LINE
  5
1C4
330
2
100
AcDbEntity
  8
HALFEN
 62
     1
100
AcDbLine
 10
539.3795139443835
 20
149.1972844071639
 30
0.0
 11
551.879513944383
 21
149.197284407164
 31
0.0
  0
LINE
  5
1C5
330
2
100
AcDbEntity
  8
HALFEN
 62
     1
100
AcDbLine
 10
566.879513944383
 20
149.1972844071641
 30
0.0
 11
579.3795139443836
 21
149.1972844071641
 31
0.0
  0
LINE
  5
1C6
330
2
100
AcDbEntity
  8
HALFEN
 62
     1
100
AcDbLine
 10
539.3795139443835
 20
145.1972844071639
 30
0.0
 11
551.879513944383
 21
145.197284407164
 31
0.0
  0
LINE
  5
1C7
330
2
100
AcDbEntity
  8
HALFEN
 62
     1
100
AcDbLine
 10
566.879513944383
 20
145.1972844071641
 30
0.0
 11
579.3795139443836
 21
145.1972844071641
 31
0.0
  0
LINE
  5
1C8
330
2
100
AcDbEntity
  8
HALFEN
 62
     1
100
AcDbLine
 10
539.3795139443836
 20
141.1972844071639
 30
0.0
 11
551.879513944383
 21
141.197284407164
 31
0.0
  0
LINE
  5
1C9
330
2
100
AcDbEntity
  8
HALFEN
 62
     1
100
AcDbLine
 10
566.879513944383
 20
141.1972844071641
 30
0.0
 11
579.3795139443837
 21
141.1972844071641
 31
0.0
  0
LINE
  5
1CA
330
2
100
AcDbEntity
  8
HALFEN
 62
     1
100
AcDbLine
 10
539.3795139443836
 20
137.1972844071639
 30
0.0
 11
551.879513944383
 21
137.197284407164
 31
0.0
  0
LINE
  5
1CB
330
2
100
AcDbEntity
  8
HALFEN
 62
     1
100
AcDbLine
 10
566.879513944383
 20
137.1972844071641
 30
0.0
 11
579.3795139443837
 21
137.1972844071642
 31
0.0
  0
LINE
  5
1CC
330
2
100
AcDbEntity
  8
HALFEN
 62
     1
100
AcDbLine
 10
539.3795139443836
 20
133.1972844071639
 30
0.0
 11
551.879513944383
 21
133.197284407164
 31
0.0
  0
LINE
  5
1CD
330
2
100
AcDbEntity
  8
HALFEN
 62
     1
100
AcDbLine
 10
566.879513944383
 20
133.1972844071642
 30
0.0
 11
579.3795139443837
 21
133.1972844071642
 31
0.0
  0
LINE
  5
1CE
330
2
100
AcDbEntity
  8
HALFEN
 62
     1
100
AcDbLine
 10
539.3795139443837
 20
129.1972844071639
 30
0.0
 11
551.879513944383
 21
129.197284407164
 31
0.0
  0
LINE
  5
1CF
330
2
100
AcDbEntity
  8
HALFEN
 62
     1
100
AcDbLine
 10
566.879513944383
 20
129.1972844071641
 30
0.0
 11
579.3795139443838
 21
129.1972844071642
 31
0.0
  0
LINE
  5
1D0
330
2
100
AcDbEntity
  8
HALFEN
 62
     1
100
AcDbLine
 10
539.3795139443837
 20
125.1972844071639
 30
0.0
 11
552.7462643636721
 21
125.197284407164
 31
0.0
  0
LINE
  5
1D1
330
2
100
AcDbEntity
  8
HALFEN
 62
     1
100
AcDbLine
 10
566.0127635250939
 20
125.197284407164
 30
0.0
 11
579.3795139443838
 21
125.1972844071641
 31
0.0
  0
LINE
  5
1D2
330
2
100
AcDbEntity
  8
HALFEN
 62
     1
100
AcDbLine
 10
539.3795139443837
 20
121.1972844071639
 30
0.0
 11
579.3795139443838
 21
121.1972844071641
 31
0.0
  0
LINE
  5
1D3
330
2
100
AcDbEntity
  8
HALFEN
 62
     1
100
AcDbLine
 10
539.3795139443837
 20
117.1972844071639
 30
0.0
 11
579.3795139443838
 21
117.1972844071641
 31
0.0
  0
LINE
  5
1D4
330
2
100
AcDbEntity
  8
HALFEN
 62
     1
100
AcDbLine
 10
539.3795139443837
 20
113.1972844071639
 30
0.0
 11
579.3795139443838
 21
113.1972844071642
 31
0.0
  0
LINE
  5
1D5
330
2
100
AcDbEntity
  8
HALFEN
 62
     1
100
AcDbLine
 10
539.3795139443839
 20
109.1972844071639
 30
0.0
 11
579.3795139443838
 21
109.1972844071642
 31
0.0
  0
LINE
  5
1D6
330
2
100
AcDbEntity
  8
HALFEN
  6
STRICHPUNKT2
 62
     1
100
AcDbLine
 10
610.379513944383
 20
153.1972844071639
 30
0.0
 11
773.379513944383
 21
153.1972844071639
 31
0.0
  0
LINE
  5
1D7
330
2
100
AcDbEntity
  8
HALFEN
  6
STRICHPUNKT2
 62
     1
100
AcDbLine
 10
559.3795139443829
 20
227.1972844071642
 30
0.0
 11
559.3795139443829
 21
79.19728440716418
 31
0.0
  0
LINE
  5
1D8
330
2
100
AcDbEntity
  8
HALFEN
 62
     1
100
AcDbLine
 10
539.3795139443832
 20
197.1972844071639
 30
0.0
 11
539.3795139443832
 21
109.1972844071639
 31
0.0
  0
LINE
  5
1D9
330
2
100
AcDbEntity
  8
HALFEN
 62
     1
100
AcDbLine
 10
579.3795139443832
 20
197.1972844071642
 30
0.0
 11
579.3795139443832
 21
109.1972844071642
 31
0.0
  0
LINE
  5
1DA
330
2
100
AcDbEntity
  8
HALFEN
  6
STRICHPUNKT2
 62
     1
100
AcDbLine
 10
722.3795139443829
 20
128.1972844071639
 30
0.0
 11
722.3795139443829
 21
114.1972844071639
 31
0.0
  0
LINE
  5
1DB
330
2
100
AcDbEntity
  8
HALFEN
  6
STRICHPUNKT2
 62
     1
100
AcDbLine
 10
690.379513944383
 20
121.197284407164
 30
0.0
 11
754.379513944383
 21
121.1972844071639
 31
0.0
  0
LINE
  5
1DC
330
2
100
AcDbEntity
  8
HALFEN
  6
STRICHPUNKT2
 62
     1
100
AcDbLine
 10
747.3795139443829
 20
148.4472844071639
 30
0.0
 11
747.3795139443829
 21
157.9472844071639
 31
0.0
  0
CIRCLE
  5
1DD
330
2
100
AcDbEntity
  8
HALFEN
100
AcDbCircle
 10
747.3795139443829
 20
153.1972844071639
 30
0.0
 40
4.75
  0
LINE
  5
1DE
330
2
100
AcDbEntity
  8
HALFEN
 62
     1
100
AcDbLine
 10
678.379513944383
 20
83.19728440716394
 30
0.0
 11
678.379513944383
 21
223.1972844071639
 31
0.0
  0
LINE
  5
1DF
330
2
100
AcDbEntity
  8
HALFEN
 62
     1
100
AcDbLine
 10
682.379513944383
 20
83.19728440716394
 30
0.0
 11
682.379513944383
 21
223.1972844071639
 31
0.0
  0
LINE
  5
1E0
330
2
100
AcDbEntity
  8
HALFEN
 62
     1
100
AcDbLine
 10
686.379513944383
 20
83.19728440716394
 30
0.0
 11
686.379513944383
 21
223.1972844071639
 31
0.0
  0
LINE
  5
1E1
330
2
100
AcDbEntity
  8
HALFEN
 62
     1
100
AcDbLine
 10
690.379513944383
 20
83.19728440716394
 30
0.0
 11
690.379513944383
 21
223.1972844071639
 31
0.0
  0
LINE
  5
1E2
330
2
100
AcDbEntity
  8
HALFEN
 62
     1
100
AcDbLine
 10
694.379513944383
 20
83.19728440716394
 30
0.0
 11
694.379513944383
 21
114.5640348264532
 31
0.0
  0
LINE
  5
1E3
330
2
100
AcDbEntity
  8
HALFEN
 62
     1
100
AcDbLine
 10
694.379513944383
 20
127.8305339878748
 30
0.0
 11
694.379513944383
 21
223.1972844071639
 31
0.0
  0
LINE
  5
1E4
330
2
100
AcDbEntity
  8
HALFEN
 62
     1
100
AcDbLine
 10
698.379513944383
 20
83.19728440716394
 30
0.0
 11
698.3795139443831
 21
113.6972844071641
 31
0.0
  0
LINE
  5
1E5
330
2
100
AcDbEntity
  8
HALFEN
 62
     1
100
AcDbLine
 10
698.3795139443831
 20
128.6972844071639
 30
0.0
 11
698.379513944383
 21
223.1972844071639
 31
0.0
  0
LINE
  5
1E6
330
2
100
AcDbEntity
  8
HALFEN
 62
     1
100
AcDbLine
 10
766.379513944383
 20
83.19728440716394
 30
0.0
 11
766.3795139443831
 21
223.1972844071639
 31
0.0
  0
LINE
  5
1E7
330
2
100
AcDbEntity
  8
HALFEN
 62
     1
100
AcDbLine
 10
702.379513944383
 20
83.19728440716394
 30
0.0
 11
702.3795139443831
 21
113.697284407164
 31
0.0
  0
LINE
  5
1E8
330
2
100
AcDbEntity
  8
HALFEN
 62
     1
100
AcDbLine
 10
702.3795139443831
 20
128.6972844071639
 30
0.0
 11
702.379513944383
 21
223.1972844071639
 31
0.0
  0
LINE
  5
1E9
330
2
100
AcDbEntity
  8
HALFEN
 62
     1
100
AcDbLine
 10
706.379513944383
 20
83.19728440716394
 30
0.0
 11
706.3795139443831
 21
113.697284407164
 31
0.0
  0
LINE
  5
1EA
330
2
100
AcDbEntity
  8
HALFEN
 62
     1
100
AcDbLine
 10
706.3795139443831
 20
128.6972844071639
 30
0.0
 11
706.379513944383
 21
223.1972844071639
 31
0.0
  0
LINE
  5
1EB
330
2
100
AcDbEntity
  8
HALFEN
 62
     1
100
AcDbLine
 10
710.379513944383
 20
83.19728440716394
 30
0.0
 11
710.3795139443831
 21
113.697284407164
 31
0.0
  0
LINE
  5
1EC
330
2
100
AcDbEntity
  8
HALFEN
 62
     1
100
AcDbLine
 10
710.3795139443831
 20
128.6972844071639
 30
0.0
 11
710.379513944383
 21
223.1972844071639
 31
0.0
  0
LINE
  5
1ED
330
2
100
AcDbEntity
  8
HALFEN
 62
     1
100
AcDbLine
 10
714.379513944383
 20
83.19728440716394
 30
0.0
 11
714.3795139443831
 21
113.697284407164
 31
0.0
  0
LINE
  5
1EE
330
2
100
AcDbEntity
  8
HALFEN
 62
     1
100
AcDbLine
 10
714.3795139443831
 20
128.6972844071639
 30
0.0
 11
714.379513944383
 21
223.1972844071639
 31
0.0
  0
LINE
  5
1EF
330
2
100
AcDbEntity
  8
HALFEN
 62
     1
100
AcDbLine
 10
718.379513944383
 20
83.19728440716394
 30
0.0
 11
718.3795139443831
 21
113.697284407164
 31
0.0
  0
LINE
  5
1F0
330
2
100
AcDbEntity
  8
HALFEN
 62
     1
100
AcDbLine
 10
718.3795139443831
 20
128.6972844071639
 30
0.0
 11
718.379513944383
 21
223.1972844071639
 31
0.0
  0
LINE
  5
1F1
330
2
100
AcDbEntity
  8
HALFEN
 62
     1
100
AcDbLine
 10
722.3795139443829
 20
83.19728440716394
 30
0.0
 11
722.3795139443831
 21
113.697284407164
 31
0.0
  0
LINE
  5
1F2
330
2
100
AcDbEntity
  8
HALFEN
 62
     1
100
AcDbLine
 10
722.3795139443831
 20
128.6972844071639
 30
0.0
 11
722.3795139443829
 21
223.1972844071639
 31
0.0
  0
LINE
  5
1F3
330
2
100
AcDbEntity
  8
HALFEN
 62
     1
100
AcDbLine
 10
726.3795139443829
 20
83.19728440716394
 30
0.0
 11
726.3795139443831
 21
113.697284407164
 31
0.0
  0
LINE
  5
1F4
330
2
100
AcDbEntity
  8
HALFEN
 62
     1
100
AcDbLine
 10
726.3795139443831
 20
128.6972844071639
 30
0.0
 11
726.3795139443829
 21
223.1972844071639
 31
0.0
  0
LINE
  5
1F5
330
2
100
AcDbEntity
  8
HALFEN
 62
     1
100
AcDbLine
 10
730.3795139443829
 20
83.19728440716394
 30
0.0
 11
730.3795139443831
 21
113.697284407164
 31
0.0
  0
LINE
  5
1F6
330
2
100
AcDbEntity
  8
HALFEN
 62
     1
100
AcDbLine
 10
730.3795139443831
 20
128.6972844071639
 30
0.0
 11
730.3795139443829
 21
223.1972844071639
 31
0.0
  0
LINE
  5
1F7
330
2
100
AcDbEntity
  8
HALFEN
 62
     1
100
AcDbLine
 10
734.3795139443829
 20
83.19728440716394
 30
0.0
 11
734.3795139443831
 21
113.697284407164
 31
0.0
  0
LINE
  5
1F8
330
2
100
AcDbEntity
  8
HALFEN
 62
     1
100
AcDbLine
 10
734.3795139443831
 20
128.6972844071639
 30
0.0
 11
734.3795139443829
 21
223.1972844071639
 31
0.0
  0
LINE
  5
1F9
330
2
100
AcDbEntity
  8
HALFEN
 62
     1
100
AcDbLine
 10
738.3795139443829
 20
83.19728440716394
 30
0.0
 11
738.3795139443831
 21
113.697284407164
 31
0.0
  0
LINE
  5
1FA
330
2
100
AcDbEntity
  8
HALFEN
 62
     1
100
AcDbLine
 10
738.3795139443831
 20
128.6972844071639
 30
0.0
 11
738.3795139443829
 21
223.1972844071639
 31
0.0
  0
LINE
  5
1FB
330
2
100
AcDbEntity
  8
HALFEN
 62
     1
100
AcDbLine
 10
742.3795139443829
 20
83.19728440716394
 30
0.0
 11
742.3795139443831
 21
113.697284407164
 31
0.0
  0
LINE
  5
1FC
330
2
100
AcDbEntity
  8
HALFEN
 62
     1
100
AcDbLine
 10
742.3795139443831
 20
128.6972844071639
 30
0.0
 11
742.3795139443829
 21
223.1972844071639
 31
0.0
  0
LINE
  5
1FD
330
2
100
AcDbEntity
  8
HALFEN
 62
     1
100
AcDbLine
 10
746.3795139443829
 20
83.19728440716394
 30
0.0
 11
746.3795139443829
 21
113.6972844071639
 31
0.0
  0
LINE
  5
1FE
330
2
100
AcDbEntity
  8
HALFEN
 62
     1
100
AcDbLine
 10
746.3795139443829
 20
128.6972844071639
 30
0.0
 11
746.3795139443829
 21
148.5537405019122
 31
0.0
  0
LINE
  5
1FF
330
2
100
AcDbEntity
  8
HALFEN
 62
     1
100
AcDbLine
 10
746.3795139443829
 20
157.8408283124156
 30
0.0
 11
746.3795139443829
 21
223.1972844071639
 31
0.0
  0
LINE
  5
200
330
2
100
AcDbEntity
  8
HALFEN
 62
     1
100
AcDbLine
 10
750.379513944383
 20
83.19728440716394
 30
0.0
 11
750.379513944383
 21
114.5640348264531
 31
0.0
  0
LINE
  5
201
330
2
100
AcDbEntity
  8
HALFEN
 62
     1
100
AcDbLine
 10
750.379513944383
 20
127.8305339878747
 30
0.0
 11
750.379513944383
 21
149.5145544414999
 31
0.0
  0
LINE
  5
202
330
2
100
AcDbEntity
  8
HALFEN
 62
     1
100
AcDbLine
 10
750.379513944383
 20
156.880014372828
 30
0.0
 11
750.379513944383
 21
223.1972844071639
 31
0.0
  0
LINE
  5
203
330
2
100
AcDbEntity
  8
HALFEN
 62
     1
100
AcDbLine
 10
754.379513944383
 20
83.19728440716394
 30
0.0
 11
754.379513944383
 21
223.1972844071639
 31
0.0
  0
LINE
  5
204
330
2
100
AcDbEntity
  8
HALFEN
 62
     1
100
AcDbLine
 10
758.379513944383
 20
83.19728440716394
 30
0.0
 11
758.379513944383
 21
223.1972844071639
 31
0.0
  0
LINE
  5
205
330
2
100
AcDbEntity
  8
HALFEN
 62
     1
100
AcDbLine
 10
762.379513944383
 20
83.19728440716394
 30
0.0
 11
762.379513944383
 21
223.1972844071639
 31
0.0
  0
LINE
  5
206
330
2
100
AcDbEntity
  8
HALFEN
100
AcDbLine
 10
678.3795139443842
 20
53.19728440716395
 30
0.0
 11
680.3795139443842
 21
55.19728440716389
 31
0.0
  0
LINE
  5
207
330
2
100
AcDbEntity
  8
HALFEN
100
AcDbLine
 10
680.3795139443842
 20
55.19728440716389
 30
0.0
 11
682.3795139443842
 21
53.19728440716395
 31
0.0
  0
LINE
  5
208
330
2
100
AcDbEntity
  8
HALFEN
100
AcDbLine
 10
682.3795139443842
 20
53.19728440716395
 30
0.0
 11
684.3795139443842
 21
55.19728440716389
 31
0.0
  0
LINE
  5
209
330
2
100
AcDbEntity
  8
HALFEN
100
AcDbLine
 10
684.3795139443842
 20
55.19728440716389
 30
0.0
 11
686.3795139443842
 21
53.19728440716395
 31
0.0
  0
LINE
  5
20A
330
2
100
AcDbEntity
  8
HALFEN
100
AcDbLine
 10
686.3795139443846
 20
53.19728440716355
 30
0.0
 11
688.3795139443845
 21
55.19728440716344
 31
0.0
  0
LINE
  5
20B
330
2
100
AcDbEntity
  8
HALFEN
100
AcDbLine
 10
688.3795139443845
 20
55.19728440716349
 30
0.0
 11
690.3795139443844
 21
53.19728440716355
 31
0.0
  0
LINE
  5
20C
330
2
100
AcDbEntity
  8
HALFEN
100
AcDbLine
 10
690.3795139443841
 20
53.19728440716395
 30
0.0
 11
692.379513944384
 21
55.19728440716389
 31
0.0
  0
LINE
  5
20D
330
2
100
AcDbEntity
  8
HALFEN
100
AcDbLine
 10
692.3795139443841
 20
55.19728440716389
 30
0.0
 11
694.379513944384
 21
53.19728440716395
 31
0.0
  0
LINE
  5
20E
330
2
100
AcDbEntity
  8
HALFEN
100
AcDbLine
 10
694.379513944384
 20
53.19728440716395
 30
0.0
 11
696.379513944384
 21
55.19728440716389
 31
0.0
  0
LINE
  5
20F
330
2
100
AcDbEntity
  8
HALFEN
100
AcDbLine
 10
696.379513944384
 20
55.19728440716389
 30
0.0
 11
698.379513944384
 21
53.19728440716395
 31
0.0
  0
LINE
  5
210
330
2
100
AcDbEntity
  8
HALFEN
100
AcDbLine
 10
698.379513944384
 20
53.19728440716395
 30
0.0
 11
700.379513944384
 21
55.19728440716389
 31
0.0
  0
LINE
  5
211
330
2
100
AcDbEntity
  8
HALFEN
100
AcDbLine
 10
700.379513944384
 20
55.19728440716389
 30
0.0
 11
702.379513944384
 21
53.19728440716395
 31
0.0
  0
LINE
  5
212
330
2
100
AcDbEntity
  8
HALFEN
100
AcDbLine
 10
702.379513944384
 20
53.19728440716395
 30
0.0
 11
704.3795139443838
 21
55.19728440716389
 31
0.0
  0
LINE
  5
213
330
2
100
AcDbEntity
  8
HALFEN
100
AcDbLine
 10
704.379513944384
 20
55.19728440716389
 30
0.0
 11
706.3795139443839
 21
53.19728440716395
 31
0.0
  0
LINE
  5
214
330
2
100
AcDbEntity
  8
HALFEN
100
AcDbLine
 10
706.3795139443839
 20
53.19728440716395
 30
0.0
 11
708.3795139443838
 21
55.19728440716389
 31
0.0
  0
LINE
  5
215
330
2
100
AcDbEntity
  8
HALFEN
100
AcDbLine
 10
708.3795139443838
 20
55.19728440716389
 30
0.0
 11
710.3795139443838
 21
53.19728440716395
 31
0.0
  0
LINE
  5
216
330
2
100
AcDbEntity
  8
HALFEN
100
AcDbLine
 10
710.3795139443838
 20
53.19728440716395
 30
0.0
 11
712.3795139443838
 21
55.19728440716389
 31
0.0
  0
LINE
  5
217
330
2
100
AcDbEntity
  8
HALFEN
100
AcDbLine
 10
712.3795139443838
 20
55.19728440716389
 30
0.0
 11
714.3795139443838
 21
53.19728440716395
 31
0.0
  0
LINE
  5
218
330
2
100
AcDbEntity
  8
HALFEN
100
AcDbLine
 10
714.3795139443838
 20
53.19728440716395
 30
0.0
 11
716.3795139443838
 21
55.19728440716389
 31
0.0
  0
LINE
  5
219
330
2
100
AcDbEntity
  8
HALFEN
100
AcDbLine
 10
716.3795139443838
 20
55.19728440716389
 30
0.0
 11
718.3795139443837
 21
53.19728440716395
 31
0.0
  0
LINE
  5
21A
330
2
100
AcDbEntity
  8
HALFEN
100
AcDbLine
 10
718.3795139443847
 20
53.19728440716303
 30
0.0
 11
720.3795139443846
 21
55.19728440716298
 31
0.0
  0
LINE
  5
21B
330
2
100
AcDbEntity
  8
HALFEN
100
AcDbLine
 10
720.3795139443847
 20
55.19728440716298
 30
0.0
 11
722.3795139443845
 21
53.19728440716303
 31
0.0
  0
LINE
  5
21C
330
2
100
AcDbEntity
  8
HALFEN
100
AcDbLine
 10
722.3795139443845
 20
53.19728440716303
 30
0.0
 11
724.3795139443845
 21
55.19728440716298
 31
0.0
  0
LINE
  5
21D
330
2
100
AcDbEntity
  8
HALFEN
100
AcDbLine
 10
724.3795139443846
 20
55.19728440716298
 30
0.0
 11
726.3795139443844
 21
53.19728440716303
 31
0.0
  0
LINE
  5
21E
330
2
100
AcDbEntity
  8
HALFEN
100
AcDbLine
 10
726.3795139443844
 20
53.19728440716303
 30
0.0
 11
728.3795139443845
 21
55.19728440716298
 31
0.0
  0
LINE
  5
21F
330
2
100
AcDbEntity
  8
HALFEN
100
AcDbLine
 10
728.3795139443845
 20
55.19728440716298
 30
0.0
 11
730.3795139443844
 21
53.19728440716303
 31
0.0
  0
LINE
  5
220
330
2
100
AcDbEntity
  8
HALFEN
100
AcDbLine
 10
730.3795139443836
 20
53.19728440716395
 30
0.0
 11
732.3795139443835
 21
55.19728440716389
 31
0.0
  0
LINE
  5
221
330
2
100
AcDbEntity
  8
HALFEN
100
AcDbLine
 10
732.3795139443835
 20
55.19728440716389
 30
0.0
 11
734.3795139443836
 21
53.19728440716395
 31
0.0
  0
LINE
  5
222
330
2
100
AcDbEntity
  8
HALFEN
100
AcDbLine
 10
734.3795139443836
 20
53.19728440716395
 30
0.0
 11
736.3795139443834
 21
55.19728440716389
 31
0.0
  0
LINE
  5
223
330
2
100
AcDbEntity
  8
HALFEN
100
AcDbLine
 10
736.3795139443835
 20
55.19728440716389
 30
0.0
 11
738.3795139443834
 21
53.19728440716395
 31
0.0
  0
LINE
  5
224
330
2
100
AcDbEntity
  8
HALFEN
100
AcDbLine
 10
738.3795139443834
 20
53.19728440716395
 30
0.0
 11
740.3795139443833
 21
55.19728440716389
 31
0.0
  0
LINE
  5
225
330
2
100
AcDbEntity
  8
HALFEN
100
AcDbLine
 10
740.3795139443834
 20
55.19728440716389
 30
0.0
 11
742.3795139443833
 21
53.19728440716395
 31
0.0
  0
LINE
  5
226
330
2
100
AcDbEntity
  8
HALFEN
100
AcDbLine
 10
742.3795139443833
 20
53.19728440716395
 30
0.0
 11
744.3795139443833
 21
55.19728440716389
 31
0.0
  0
LINE
  5
227
330
2
100
AcDbEntity
  8
HALFEN
100
AcDbLine
 10
744.3795139443833
 20
55.19728440716389
 30
0.0
 11
746.3795139443833
 21
53.19728440716395
 31
0.0
  0
LINE
  5
228
330
2
100
AcDbEntity
  8
HALFEN
100
AcDbLine
 10
746.3795139443833
 20
53.19728440716395
 30
0.0
 11
748.3795139443834
 21
55.19728440716389
 31
0.0
  0
LINE
  5
229
330
2
100
AcDbEntity
  8
HALFEN
100
AcDbLine
 10
748.3795139443834
 20
55.19728440716389
 30
0.0
 11
750.3795139443833
 21
53.19728440716395
 31
0.0
  0
LINE
  5
22A
330
2
100
AcDbEntity
  8
HALFEN
100
AcDbLine
 10
750.3795139443845
 20
53.19728440716275
 30
0.0
 11
752.3795139443844
 21
55.19728440716264
 31
0.0
  0
LINE
  5
22B
330
2
100
AcDbEntity
  8
HALFEN
100
AcDbLine
 10
752.3795139443844
 20
55.1972844071627
 30
0.0
 11
754.3795139443845
 21
53.19728440716275
 31
0.0
  0
LINE
  5
22C
330
2
100
AcDbEntity
  8
HALFEN
100
AcDbLine
 10
754.3795139443832
 20
53.19728440716395
 30
0.0
 11
756.3795139443831
 21
55.19728440716389
 31
0.0
  0
LINE
  5
22D
330
2
100
AcDbEntity
  8
HALFEN
100
AcDbLine
 10
756.3795139443832
 20
55.19728440716389
 30
0.0
 11
758.379513944383
 21
53.19728440716395
 31
0.0
  0
LINE
  5
22E
330
2
100
AcDbEntity
  8
HALFEN
100
AcDbLine
 10
758.379513944383
 20
53.19728440716395
 30
0.0
 11
760.3795139443831
 21
55.19728440716389
 31
0.0
  0
LINE
  5
22F
330
2
100
AcDbEntity
  8
HALFEN
100
AcDbLine
 10
760.3795139443831
 20
55.19728440716389
 30
0.0
 11
762.3795139443831
 21
53.19728440716395
 31
0.0
  0
LINE
  5
230
330
2
100
AcDbEntity
  8
HALFEN
100
AcDbLine
 10
762.3795139443831
 20
53.19728440716395
 30
0.0
 11
764.3795139443831
 21
55.19728440716389
 31
0.0
  0
LINE
  5
231
330
2
100
AcDbEntity
  8
HALFEN
100
AcDbLine
 10
764.3795139443831
 20
55.19728440716389
 30
0.0
 11
766.3795139443831
 21
53.19728440716395
 31
0.0
  0
LINE
  5
232
330
2
100
AcDbEntity
  8
HALFEN
  6
STRICHPUNKT2
 62
     1
100
AcDbLine
 10
747.3795139443829
 20
67.19728440716394
 30
0.0
 11
747.3795139443829
 21
49.19728440716395
 31
0.0
  0
LINE
  5
233
330
2
100
AcDbEntity
  8
HALFEN
  6
STRICHPUNKT2
 62
     1
100
AcDbLine
 10
580.3795139443829
 20
121.197284407164
 30
0.0
 11
598.3795139443832
 21
121.197284407164
 31
0.0
  0
ARC
  5
234
330
2
100
AcDbEntity
  8
HALFEN
100
AcDbCircle
 10
559.3795139443829
 20
177.6972844071639
 30
0.0
 40
7.5
100
AcDbArc
 50
0.0
 51
180.0
  0
ARC
  5
235
330
2
100
AcDbEntity
  8
HALFEN
100
AcDbCircle
 10
559.3795139443829
 20
128.6972844071639
 30
0.0
 40
7.5
100
AcDbArc
 50
180.0
 51
0.0
  0
LINE
  5
236
330
2
100
AcDbEntity
  8
HALFEN
100
AcDbLine
 10
566.879513944383
 20
177.6972844071639
 30
0.0
 11
566.879513944383
 21
128.6972844071639
 31
0.0
  0
LINE
  5
237
330
2
100
AcDbEntity
  8
HALFEN
100
AcDbLine
 10
551.879513944383
 20
177.6972844071639
 30
0.0
 11
551.879513944383
 21
128.6972844071639
 31
0.0
  0
ARC
  5
238
330
2
100
AcDbEntity
  8
HALFEN
100
AcDbCircle
 10
746.8795139443829
 20
121.1972844071639
 30
0.0
 40
7.5
100
AcDbArc
 50
270.0
 51
90.0
  0
ARC
  5
239
330
2
100
AcDbEntity
  8
HALFEN
100
AcDbCircle
 10
697.879513944383
 20
121.197284407164
 30
0.0
 40
7.5
100
AcDbArc
 50
90.0
 51
270.0
  0
LINE
  5
23A
330
2
100
AcDbEntity
  8
HALFEN
100
AcDbLine
 10
746.8795139443829
 20
128.6972844071639
 30
0.0
 11
697.879513944383
 21
128.697284407164
 31
0.0
  0
LINE
  5
23B
330
2
100
AcDbEntity
  8
HALFEN
100
AcDbLine
 10
697.879513944383
 20
128.697284407164
 30
0.0
 11
697.879513944383
 21
128.697284407164
 31
0.0
  0
LINE
  5
23C
330
2
100
AcDbEntity
  8
HALFEN
100
AcDbLine
 10
697.879513944383
 20
113.697284407164
 30
0.0
 11
746.8795139443829
 21
113.6972844071639
 31
0.0
  0
MTEXT
  5
23D
330
2
100
AcDbEntity
  8
HALFEN
100
AcDbMText
 10
559.3795139443832
 20
105.1972844071642
 30
0.0
 40
7.0
 41
18.23218390804597
 71
     2
 72
     5
  1
L
 73
     1
 44
1.0
  0
MTEXT
  5
23E
330
2
100
AcDbEntity
  8
HALFEN
100
AcDbMText
 10
559.3795139443829
 20
201.1972844071641
 30
0.0
 40
7.0
 41
18.23218390804597
 71
     8
 72
     5
  1
UP
 73
     1
 44
1.0
  0
LINE
  5
23F
330
2
100
AcDbEntity
  8
HALFEN
100
AcDbLine
 10
524.379513944383
 20
243.197284407164
 30
0.0
 11
699.379513944383
 21
243.197284407164
 31
0.0
  0
LINE
  5
240
330
2
100
AcDbEntity
  8
HALFEN
100
AcDbLine
 10
524.379513944383
 20
253.1972844071639
 30
0.0
 11
699.379513944383
 21
253.1972844071639
 31
0.0
  0
LINE
  5
241
330
2
100
AcDbEntity
  8
HALFEN
100
AcDbLine
 10
524.379513944383
 20
263.1972844071639
 30
0.0
 11
699.379513944383
 21
263.1972844071639
 31
0.0
  0
TEXT
  5
242
330
2
100
AcDbEntity
  8
HALFEN
100
AcDbText
 10
579.379513944383
 20
255.697284407164
 30
0.0
 40
5.0
  1
HCW - ED 3 - links, 159 x 70 x 140
  7
ARIAL50
100
AcDbText
  0
TEXT
  5
243
330
2
100
AcDbEntity
  8
HALFEN
100
AcDbText
 10
529.379513944383
 20
245.697284407164
 30
0.0
 40
5.0
  1
Id. Nr.
  7
ARIAL50
100
AcDbText
  0
TEXT
  5
244
330
2
100
AcDbEntity
  8
HALFEN
100
AcDbText
 10
529.379513944383
 20
255.697284407164
 30
0.0
 40
5.0
  1
Benennung
  7
ARIAL50
100
AcDbText
  0
TEXT
  5
245
330
2
100
AcDbEntity
  8
HALFEN
100
AcDbText
 10
524.379513944383
 20
265.6972844071639
 30
0.0
 40
5.0
  1
AL
  7
ARIAL50
100
AcDbText
  0
LINE
  5
246
330
2
100
AcDbEntity
  8
HALFEN
100
AcDbLine
 10
524.379513944383
 20
243.197284407164
 30
0.0
 11
524.379513944383
 21
263.1972844071639
 31
0.0
  0
LINE
  5
247
330
2
100
AcDbEntity
  8
HALFEN
100
AcDbLine
 10
574.379513944383
 20
243.197284407164
 30
0.0
 11
574.379513944383
 21
263.1972844071639
 31
0.0
  0
LINE
  5
248
330
2
100
AcDbEntity
  8
HALFEN
100
AcDbLine
 10
699.379513944383
 20
243.197284407164
 30
0.0
 11
699.379513944383
 21
263.1972844071639
 31
0.0
  0
TEXT
  5
249
330
2
100
AcDbEntity
  8
HALFEN
100
AcDbText
 10
579.379513944383
 20
245.697284407164
 30
0.0
 40
5.0
  1
0059.030-00006
  7
ARIAL50
100
AcDbText
  0
LINE
  5
24A
330
2
100
AcDbEntity
  8
HALFEN
100
AcDbLine
 10
3.379513944382892
 20
243.1972844071639
 30
0.0
 11
178.3795139443829
 21
243.1972844071639
 31
0.0
  0
LINE
  5
24B
330
2
100
AcDbEntity
  8
HALFEN
100
AcDbLine
 10
3.379513944382892
 20
253.1972844071639
 30
0.0
 11
178.3795139443829
 21
253.1972844071639
 31
0.0
  0
LINE
  5
24C
330
2
100
AcDbEntity
  8
HALFEN
100
AcDbLine
 10
3.379513944382892
 20
263.1972844071639
 30
0.0
 11
178.3795139443829
 21
263.1972844071639
 31
0.0
  0
TEXT
  5
24D
330
2
100
AcDbEntity
  8
HALFEN
100
AcDbText
 10
58.37951394438289
 20
255.6972844071639
 30
0.0
 40
5.0
  1
HCW - ED 1 - links, 108 x 70 x 114
  7
ARIAL50
100
AcDbText
  0
TEXT
  5
24E
330
2
100
AcDbEntity
  8
HALFEN
100
AcDbText
 10
8.379513944382892
 20
245.6972844071639
 30
0.0
 40
5.0
  1
Id. Nr.
  7
ARIAL50
100
AcDbText
  0
TEXT
  5
24F
330
2
100
AcDbEntity
  8
HALFEN
100
AcDbText
 10
8.379513944382892
 20
255.6972844071639
 30
0.0
 40
5.0
  1
Benennung
  7
ARIAL50
100
AcDbText
  0
TEXT
  5
250
330
2
100
AcDbEntity
  8
HALFEN
100
AcDbText
 10
3.379513944382892
 20
265.6972844071639
 30
0.0
 40
5.0
  1
AL
  7
ARIAL50
100
AcDbText
  0
LINE
  5
251
330
2
100
AcDbEntity
  8
HALFEN
100
AcDbLine
 10
3.379513944382892
 20
243.1972844071639
 30
0.0
 11
3.379513944382892
 21
263.1972844071639
 31
0.0
  0
LINE
  5
252
330
2
100
AcDbEntity
  8
HALFEN
100
AcDbLine
 10
53.37951394438289
 20
243.1972844071639
 30
0.0
 11
53.37951394438289
 21
263.1972844071639
 31
0.0
  0
LINE
  5
253
330
2
100
AcDbEntity
  8
HALFEN
100
AcDbLine
 10
178.3795139443829
 20
243.1972844071639
 30
0.0
 11
178.3795139443829
 21
263.1972844071639
 31
0.0
  0
TEXT
  5
254
330
2
100
AcDbEntity
  8
HALFEN
100
AcDbText
 10
58.37951394438289
 20
245.6972844071639
 30
0.0
 40
5.0
  1
0059.030-00002
  7
ARIAL50
100
AcDbText
  0
LINE
  5
255
330
2
100
AcDbEntity
  8
HALFEN
100
AcDbLine
 10
251.3795139443829
 20
243.1972844071639
 30
0.0
 11
426.3795139443828
 21
243.1972844071639
 31
0.0
  0
LINE
  5
256
330
2
100
AcDbEntity
  8
HALFEN
100
AcDbLine
 10
251.3795139443829
 20
253.1972844071639
 30
0.0
 11
426.3795139443828
 21
253.1972844071639
 31
0.0
  0
LINE
  5
257
330
2
100
AcDbEntity
  8
HALFEN
100
AcDbLine
 10
251.3795139443829
 20
263.1972844071639
 30
0.0
 11
426.3795139443828
 21
263.1972844071639
 31
0.0
  0
TEXT
  5
258
330
2
100
AcDbEntity
  8
HALFEN
100
AcDbText
 10
306.3795139443829
 20
255.6972844071639
 30
0.0
 40
5.0
  1
HCW - ED 2 - links, 133 x 70 x 127
  7
ARIAL50
100
AcDbText
  0
TEXT
  5
259
330
2
100
AcDbEntity
  8
HALFEN
100
AcDbText
 10
256.3795139443829
 20
245.6972844071639
 30
0.0
 40
5.0
  1
Id. Nr.
  7
ARIAL50
100
AcDbText
  0
TEXT
  5
25A
330
2
100
AcDbEntity
  8
HALFEN
100
AcDbText
 10
256.3795139443829
 20
255.6972844071639
 30
0.0
 40
5.0
  1
Benennung
  7
ARIAL50
100
AcDbText
  0
TEXT
  5
25B
330
2
100
AcDbEntity
  8
HALFEN
100
AcDbText
 10
251.3795139443829
 20
265.6972844071639
 30
0.0
 40
5.0
  1
AL
  7
ARIAL50
100
AcDbText
  0
LINE
  5
25C
330
2
100
AcDbEntity
  8
HALFEN
100
AcDbLine
 10
251.3795139443829
 20
243.1972844071639
 30
0.0
 11
251.3795139443829
 21
263.1972844071639
 31
0.0
  0
LINE
  5
25D
330
2
100
AcDbEntity
  8
HALFEN
100
AcDbLine
 10
301.3795139443829
 20
243.1972844071639
 30
0.0
 11
301.3795139443829
 21
263.1972844071639
 31
0.0
  0
LINE
  5
25E
330
2
100
AcDbEntity
  8
HALFEN
100
AcDbLine
 10
426.3795139443828
 20
243.1972844071639
 30
0.0
 11
426.3795139443828
 21
263.1972844071639
 31
0.0
  0
TEXT
  5
25F
330
2
100
AcDbEntity
  8
HALFEN
100
AcDbText
 10
306.3795139443829
 20
245.6972844071639
 30
0.0
 40
5.0
  1
0059.030-00004
  7
ARIAL50
100
AcDbText
  0
LINE
  5
260
330
2
100
AcDbEntity
  8
HALFEN
100
AcDbLine
 10
111.3795139443828
 20
-210.8027155928361
 30
0.0
 11
3.379513944382892
 21
-210.8027155928361
 31
0.0
  0
LINE
  5
261
330
2
100
AcDbEntity
  8
HALFEN
100
AcDbLine
 10
111.3795139443828
 20
-96.80271559283609
 30
0.0
 11
3.379513944382892
 21
-96.80271559283609
 31
0.0
  0
LINE
  5
262
330
2
100
AcDbEntity
  8
HALFEN
100
AcDbLine
 10
111.3795139443828
 20
-300.8027155928361
 30
0.0
 11
101.3795139443826
 21
-300.8027155928361
 31
0.0
  0
LINE
  5
263
330
2
100
AcDbEntity
  8
HALFEN
  6
STRICHPUNKT2
 62
     1
100
AcDbLine
 10
115.3795139443828
 20
-265.8027155928361
 30
0.0
 11
97.37951394438262
 21
-265.8027155928361
 31
0.0
  0
LINE
  5
264
330
2
100
AcDbEntity
  8
HALFEN
100
AcDbLine
 10
3.379513944382892
 20
-96.80271559283609
 30
0.0
 11
3.379513944382892
 21
-210.8027155928361
 31
0.0
  0
LINE
  5
265
330
2
100
AcDbEntity
  8
HALFEN
100
AcDbLine
 10
111.3795139443828
 20
-210.8027155928361
 30
0.0
 11
111.3795139443828
 21
-96.80271559283609
 31
0.0
  0
LINE
  5
266
330
2
100
AcDbEntity
  8
HALFEN
100
AcDbLine
 10
131.3795139443828
 20
-210.8027155928361
 30
0.0
 11
131.3795139443828
 21
-96.80271559283609
 31
0.0
  0
LINE
  5
267
330
2
100
AcDbEntity
  8
HALFEN
100
AcDbLine
 10
201.3795139443828
 20
-210.8027155928361
 30
0.0
 11
201.3795139443828
 21
-96.80271559283609
 31
0.0
  0
LINE
  5
268
330
2
100
AcDbEntity
  8
HALFEN
100
AcDbLine
 10
141.3795139443828
 20
-210.8027155928361
 30
0.0
 11
141.3795139443828
 21
-96.80271559283609
 31
0.0
  0
LINE
  5
269
330
2
100
AcDbEntity
  8
HALFEN
 62
     1
100
AcDbLine
 10
101.3795139443828
 20
-210.8027155928361
 30
0.0
 11
101.3795139443828
 21
-96.80271559283609
 31
0.0
  0
LINE
  5
26A
330
2
100
AcDbEntity
  8
HALFEN
100
AcDbLine
 10
201.3795139443828
 20
-96.80271559283609
 30
0.0
 11
131.3795139443828
 21
-96.80271559283609
 31
0.0
  0
LINE
  5
26B
330
2
100
AcDbEntity
  8
HALFEN
100
AcDbLine
 10
131.3795139443828
 20
-210.8027155928361
 30
0.0
 11
201.3795139443828
 21
-210.8027155928361
 31
0.0
  0
LINE
  5
26C
330
2
100
AcDbEntity
  8
HALFEN
100
AcDbLine
 10
111.3795139443828
 20
-300.8027155928361
 30
0.0
 11
111.3795139443828
 21
-230.8027155928361
 31
0.0
  0
LINE
  5
26D
330
2
100
AcDbEntity
  8
HALFEN
100
AcDbLine
 10
101.3795139443829
 20
-300.8027155928361
 30
0.0
 11
101.3795139443826
 21
-243.8027155928361
 31
0.0
  0
LINE
  5
26E
330
2
100
AcDbEntity
  8
HALFEN
100
AcDbLine
 10
111.3795139443828
 20
-230.8027155928361
 30
0.0
 11
3.379513944382836
 21
-230.802715592836
 31
0.0
  0
LINE
  5
26F
330
2
100
AcDbEntity
  8
HALFEN
100
AcDbLine
 10
98.37951394438261
 20
-240.8027155928361
 30
0.0
 11
98.37951394438158
 21
-240.8027155928361
 31
0.0
  0
LINE
  5
270
330
2
100
AcDbEntity
  8
HALFEN
100
AcDbLine
 10
10.37951394438278
 20
-240.8027155928361
 30
0.0
 11
3.379513944382836
 21
-240.8027155928361
 31
0.0
  0
ARC
  5
271
330
2
100
AcDbEntity
  8
HALFEN
100
AcDbCircle
 10
98.37951394438261
 20
-243.8027155928361
 30
0.0
 40
3.0
100
AcDbArc
 50
0.0
 51
90.0
  0
LINE
  5
272
330
2
100
AcDbEntity
  8
HALFEN
100
AcDbLine
 10
3.379513944382836
 20
-230.8027155928361
 30
0.0
 11
3.379513944382836
 21
-240.8027155928361
 31
0.0
  0
LINE
  5
273
330
2
100
AcDbEntity
  8
HALFEN
  6
STRICHPUNKT2
 62
     1
100
AcDbLine
 10
54.37951394438283
 20
-226.8027155928361
 30
0.0
 11
54.37951394438283
 21
-244.8027155928361
 31
0.0
  0
LINE
  5
274
330
2
100
AcDbEntity
  8
HALFEN
  6
STRICHPUNKT2
 62
     1
100
AcDbLine
 10
205.3795139443828
 20
-153.8027155928361
 30
0.0
 11
127.3795139443828
 21
-153.8027155928361
 31
0.0
  0
LINE
  5
275
330
2
100
AcDbEntity
  8
HALFEN
 62
     1
100
AcDbLine
 10
186.3795139443826
 20
-109.802715592836
 30
0.0
 11
146.3795139443826
 21
-109.8027155928358
 31
0.0
  0
LINE
  5
276
330
2
100
AcDbEntity
  8
HALFEN
 62
     1
100
AcDbLine
 10
186.3795139443825
 20
-113.8027155928361
 30
0.0
 11
146.3795139443825
 21
-113.8027155928358
 31
0.0
  0
LINE
  5
277
330
2
100
AcDbEntity
  8
HALFEN
 62
     1
100
AcDbLine
 10
186.3795139443825
 20
-117.8027155928361
 30
0.0
 11
146.3795139443825
 21
-117.8027155928358
 31
0.0
  0
LINE
  5
278
330
2
100
AcDbEntity
  8
HALFEN
 62
     1
100
AcDbLine
 10
186.3795139443825
 20
-121.8027155928361
 30
0.0
 11
146.3795139443825
 21
-121.8027155928358
 31
0.0
  0
LINE
  5
279
330
2
100
AcDbEntity
  8
HALFEN
 62
     1
100
AcDbLine
 10
186.3795139443825
 20
-125.8027155928361
 30
0.0
 11
173.0127635250936
 21
-125.802715592836
 31
0.0
  0
LINE
  5
27A
330
2
100
AcDbEntity
  8
HALFEN
 62
     1
100
AcDbLine
 10
159.7462643636721
 20
-125.8027155928359
 30
0.0
 11
146.3795139443825
 21
-125.8027155928358
 31
0.0
  0
LINE
  5
27B
330
2
100
AcDbEntity
  8
HALFEN
 62
     1
100
AcDbLine
 10
186.3795139443824
 20
-129.8027155928361
 30
0.0
 11
173.8795139443828
 21
-129.8027155928359
 31
0.0
  0
LINE
  5
27C
330
2
100
AcDbEntity
  8
HALFEN
 62
     1
100
AcDbLine
 10
158.8795139443828
 20
-129.8027155928359
 30
0.0
 11
146.3795139443824
 21
-129.8027155928358
 31
0.0
  0
LINE
  5
27D
330
2
100
AcDbEntity
  8
HALFEN
 62
     1
100
AcDbLine
 10
186.3795139443824
 20
-133.802715592836
 30
0.0
 11
173.8795139443828
 21
-133.802715592836
 31
0.0
  0
LINE
  5
27E
330
2
100
AcDbEntity
  8
HALFEN
 62
     1
100
AcDbLine
 10
158.8795139443828
 20
-133.8027155928359
 30
0.0
 11
146.3795139443823
 21
-133.8027155928358
 31
0.0
  0
LINE
  5
27F
330
2
100
AcDbEntity
  8
HALFEN
 62
     1
100
AcDbLine
 10
186.3795139443824
 20
-137.8027155928361
 30
0.0
 11
173.8795139443828
 21
-137.8027155928359
 31
0.0
  0
LINE
  5
280
330
2
100
AcDbEntity
  8
HALFEN
 62
     1
100
AcDbLine
 10
158.8795139443828
 20
-137.8027155928359
 30
0.0
 11
146.3795139443823
 21
-137.8027155928358
 31
0.0
  0
LINE
  5
281
330
2
100
AcDbEntity
  8
HALFEN
 62
     1
100
AcDbLine
 10
186.3795139443824
 20
-141.8027155928361
 30
0.0
 11
173.8795139443828
 21
-141.802715592836
 31
0.0
  0
LINE
  5
282
330
2
100
AcDbEntity
  8
HALFEN
 62
     1
100
AcDbLine
 10
158.8795139443828
 20
-141.8027155928359
 30
0.0
 11
146.3795139443823
 21
-141.8027155928358
 31
0.0
  0
LINE
  5
283
330
2
100
AcDbEntity
  8
HALFEN
 62
     1
100
AcDbLine
 10
186.3795139443823
 20
-145.8027155928361
 30
0.0
 11
173.8795139443828
 21
-145.8027155928359
 31
0.0
  0
LINE
  5
284
330
2
100
AcDbEntity
  8
HALFEN
 62
     1
100
AcDbLine
 10
158.8795139443828
 20
-145.8027155928358
 30
0.0
 11
146.3795139443823
 21
-145.8027155928358
 31
0.0
  0
LINE
  5
285
330
2
100
AcDbEntity
  8
HALFEN
 62
     1
100
AcDbLine
 10
186.3795139443823
 20
-149.8027155928361
 30
0.0
 11
173.8795139443828
 21
-149.8027155928359
 31
0.0
  0
LINE
  5
286
330
2
100
AcDbEntity
  8
HALFEN
 62
     1
100
AcDbLine
 10
158.8795139443828
 20
-149.8027155928359
 30
0.0
 11
146.3795139443822
 21
-149.8027155928358
 31
0.0
  0
LINE
  5
287
330
2
100
AcDbEntity
  8
HALFEN
 62
     1
100
AcDbLine
 10
186.3795139443823
 20
-153.8027155928361
 30
0.0
 11
173.8795139443828
 21
-153.802715592836
 31
0.0
  0
LINE
  5
288
330
2
100
AcDbEntity
  8
HALFEN
 62
     1
100
AcDbLine
 10
158.8795139443828
 20
-153.8027155928359
 30
0.0
 11
146.3795139443822
 21
-153.8027155928358
 31
0.0
  0
LINE
  5
289
330
2
100
AcDbEntity
  8
HALFEN
 62
     1
100
AcDbLine
 10
186.3795139443823
 20
-157.802715592836
 30
0.0
 11
173.8795139443828
 21
-157.802715592836
 31
0.0
  0
LINE
  5
28A
330
2
100
AcDbEntity
  8
HALFEN
 62
     1
100
AcDbLine
 10
158.8795139443828
 20
-157.8027155928359
 30
0.0
 11
146.3795139443822
 21
-157.8027155928358
 31
0.0
  0
LINE
  5
28B
330
2
100
AcDbEntity
  8
HALFEN
 62
     1
100
AcDbLine
 10
186.3795139443822
 20
-161.802715592836
 30
0.0
 11
173.8795139443828
 21
-161.8027155928359
 31
0.0
  0
LINE
  5
28C
330
2
100
AcDbEntity
  8
HALFEN
 62
     1
100
AcDbLine
 10
158.8795139443828
 20
-161.8027155928359
 30
0.0
 11
146.3795139443822
 21
-161.8027155928358
 31
0.0
  0
LINE
  5
28D
330
2
100
AcDbEntity
  8
HALFEN
 62
     1
100
AcDbLine
 10
186.3795139443821
 20
-165.8027155928361
 30
0.0
 11
173.8795139443828
 21
-165.802715592836
 31
0.0
  0
LINE
  5
28E
330
2
100
AcDbEntity
  8
HALFEN
 62
     1
100
AcDbLine
 10
158.8795139443828
 20
-165.8027155928358
 30
0.0
 11
146.3795139443821
 21
-165.8027155928358
 31
0.0
  0
LINE
  5
28F
330
2
100
AcDbEntity
  8
HALFEN
 62
     1
100
AcDbLine
 10
186.3795139443821
 20
-169.8027155928361
 30
0.0
 11
173.8795139443828
 21
-169.8027155928359
 31
0.0
  0
LINE
  5
290
330
2
100
AcDbEntity
  8
HALFEN
 62
     1
100
AcDbLine
 10
158.8795139443828
 20
-169.8027155928359
 30
0.0
 11
146.3795139443821
 21
-169.8027155928358
 31
0.0
  0
LINE
  5
291
330
2
100
AcDbEntity
  8
HALFEN
 62
     1
100
AcDbLine
 10
186.3795139443821
 20
-173.8027155928361
 30
0.0
 11
173.8795139443828
 21
-173.802715592836
 31
0.0
  0
LINE
  5
292
330
2
100
AcDbEntity
  8
HALFEN
 62
     1
100
AcDbLine
 10
158.8795139443828
 20
-173.8027155928358
 30
0.0
 11
146.3795139443821
 21
-173.8027155928358
 31
0.0
  0
LINE
  5
293
330
2
100
AcDbEntity
  8
HALFEN
 62
     1
100
AcDbLine
 10
186.3795139443821
 20
-177.8027155928361
 30
0.0
 11
173.8795139443828
 21
-177.802715592836
 31
0.0
  0
LINE
  5
294
330
2
100
AcDbEntity
  8
HALFEN
 62
     1
100
AcDbLine
 10
158.8795139443828
 20
-177.8027155928359
 30
0.0
 11
146.3795139443821
 21
-177.8027155928358
 31
0.0
  0
LINE
  5
295
330
2
100
AcDbEntity
  8
HALFEN
 62
     1
100
AcDbLine
 10
186.379513944382
 20
-181.802715592836
 30
0.0
 11
173.0127635250937
 21
-181.8027155928359
 31
0.0
  0
LINE
  5
296
330
2
100
AcDbEntity
  8
HALFEN
 62
     1
100
AcDbLine
 10
159.7462643636719
 20
-181.8027155928359
 30
0.0
 11
146.379513944382
 21
-181.8027155928358
 31
0.0
  0
LINE
  5
297
330
2
100
AcDbEntity
  8
HALFEN
 62
     1
100
AcDbLine
 10
186.379513944382
 20
-185.802715592836
 30
0.0
 11
146.379513944382
 21
-185.8027155928358
 31
0.0
  0
LINE
  5
298
330
2
100
AcDbEntity
  8
HALFEN
 62
     1
100
AcDbLine
 10
186.379513944382
 20
-189.802715592836
 30
0.0
 11
146.379513944382
 21
-189.8027155928358
 31
0.0
  0
LINE
  5
299
330
2
100
AcDbEntity
  8
HALFEN
 62
     1
100
AcDbLine
 10
186.379513944382
 20
-193.8027155928361
 30
0.0
 11
146.379513944382
 21
-193.8027155928358
 31
0.0
  0
LINE
  5
29A
330
2
100
AcDbEntity
  8
HALFEN
 62
     1
100
AcDbLine
 10
186.3795139443819
 20
-197.8027155928361
 30
0.0
 11
146.3795139443819
 21
-197.8027155928358
 31
0.0
  0
LINE
  5
29B
330
2
100
AcDbEntity
  8
HALFEN
  6
STRICHPUNKT2
 62
     1
100
AcDbLine
 10
115.3795139443828
 20
-153.8027155928361
 30
0.0
 11
3.379513944382892
 21
-153.8027155928361
 31
0.0
  0
LINE
  5
29C
330
2
100
AcDbEntity
  8
HALFEN
  6
STRICHPUNKT2
 62
     1
100
AcDbLine
 10
166.3795139443828
 20
-92.80271559283585
 30
0.0
 11
166.3795139443828
 21
-214.8027155928359
 31
0.0
  0
LINE
  5
29D
330
2
100
AcDbEntity
  8
HALFEN
 62
     1
100
AcDbLine
 10
186.3795139443826
 20
-109.802715592836
 30
0.0
 11
186.3795139443826
 21
-197.8027155928361
 31
0.0
  0
LINE
  5
29E
330
2
100
AcDbEntity
  8
HALFEN
 62
     1
100
AcDbLine
 10
146.3795139443826
 20
-109.8027155928358
 30
0.0
 11
146.3795139443826
 21
-197.8027155928358
 31
0.0
  0
LINE
  5
29F
330
2
100
AcDbEntity
  8
HALFEN
  6
STRICHPUNKT2
 62
     1
100
AcDbLine
 10
54.3795139443829
 20
-178.8027155928361
 30
0.0
 11
54.3795139443829
 21
-192.8027155928361
 31
0.0
  0
LINE
  5
2A0
330
2
100
AcDbEntity
  8
HALFEN
  6
STRICHPUNKT2
 62
     1
100
AcDbLine
 10
86.37951394438289
 20
-185.802715592836
 30
0.0
 11
22.37951394438289
 21
-185.802715592836
 31
0.0
  0
LINE
  5
2A1
330
2
100
AcDbEntity
  8
HALFEN
  6
STRICHPUNKT2
 62
     1
100
AcDbLine
 10
29.3795139443829
 20
-158.552715592836
 30
0.0
 11
29.3795139443829
 21
-149.0527155928361
 31
0.0
  0
CIRCLE
  5
2A2
330
2
100
AcDbEntity
  8
HALFEN
100
AcDbCircle
 10
29.3795139443829
 20
-153.8027155928361
 30
0.0
 40
4.75
  0
LINE
  5
2A3
330
2
100
AcDbEntity
  8
HALFEN
 62
     1
100
AcDbLine
 10
98.37951394438285
 20
-210.8027155928361
 30
0.0
 11
98.37951394438285
 21
-96.80271559283609
 31
0.0
  0
LINE
  5
2A4
330
2
100
AcDbEntity
  8
HALFEN
 62
     1
100
AcDbLine
 10
94.37951394438284
 20
-210.8027155928361
 30
0.0
 11
94.37951394438284
 21
-96.80271559283609
 31
0.0
  0
LINE
  5
2A5
330
2
100
AcDbEntity
  8
HALFEN
 62
     1
100
AcDbLine
 10
90.37951394438289
 20
-210.8027155928361
 30
0.0
 11
90.37951394438289
 21
-96.80271559283609
 31
0.0
  0
LINE
  5
2A6
330
2
100
AcDbEntity
  8
HALFEN
 62
     1
100
AcDbLine
 10
86.37951394438289
 20
-210.8027155928361
 30
0.0
 11
86.37951394438289
 21
-96.80271559283609
 31
0.0
  0
LINE
  5
2A7
330
2
100
AcDbEntity
  8
HALFEN
 62
     1
100
AcDbLine
 10
82.37951394438288
 20
-210.8027155928361
 30
0.0
 11
82.37951394438288
 21
-192.4359651735468
 31
0.0
  0
LINE
  5
2A8
330
2
100
AcDbEntity
  8
HALFEN
 62
     1
100
AcDbLine
 10
82.37951394438288
 20
-179.1694660121252
 30
0.0
 11
82.37951394438288
 21
-96.80271559283609
 31
0.0
  0
LINE
  5
2A9
330
2
100
AcDbEntity
  8
HALFEN
 62
     1
100
AcDbLine
 10
78.37951394438289
 20
-210.8027155928361
 30
0.0
 11
78.37951394438284
 21
-193.3027155928359
 31
0.0
  0
LINE
  5
2AA
330
2
100
AcDbEntity
  8
HALFEN
 62
     1
100
AcDbLine
 10
78.37951394438284
 20
-178.3027155928361
 30
0.0
 11
78.37951394438289
 21
-96.80271559283609
 31
0.0
  0
LINE
  5
2AB
330
2
100
AcDbEntity
  8
HALFEN
 62
     1
100
AcDbLine
 10
10.37951394438289
 20
-210.8027155928361
 30
0.0
 11
10.37951394438283
 21
-96.80271559283609
 31
0.0
  0
LINE
  5
2AC
330
2
100
AcDbEntity
  8
HALFEN
 62
     1
100
AcDbLine
 10
74.3795139443829
 20
-210.8027155928361
 30
0.0
 11
74.37951394438283
 21
-193.3027155928359
 31
0.0
  0
LINE
  5
2AD
330
2
100
AcDbEntity
  8
HALFEN
 62
     1
100
AcDbLine
 10
74.37951394438283
 20
-178.3027155928361
 30
0.0
 11
74.3795139443829
 21
-96.80271559283609
 31
0.0
  0
LINE
  5
2AE
330
2
100
AcDbEntity
  8
HALFEN
 62
     1
100
AcDbLine
 10
70.37951394438289
 20
-210.8027155928361
 30
0.0
 11
70.37951394438284
 21
-193.3027155928359
 31
0.0
  0
LINE
  5
2AF
330
2
100
AcDbEntity
  8
HALFEN
 62
     1
100
AcDbLine
 10
70.37951394438284
 20
-178.3027155928361
 30
0.0
 11
70.37951394438289
 21
-96.80271559283609
 31
0.0
  0
LINE
  5
2B0
330
2
100
AcDbEntity
  8
HALFEN
 62
     1
100
AcDbLine
 10
66.37951394438289
 20
-210.8027155928361
 30
0.0
 11
66.37951394438283
 21
-193.3027155928359
 31
0.0
  0
LINE
  5
2B1
330
2
100
AcDbEntity
  8
HALFEN
 62
     1
100
AcDbLine
 10
66.37951394438283
 20
-178.3027155928361
 30
0.0
 11
66.37951394438289
 21
-96.80271559283609
 31
0.0
  0
LINE
  5
2B2
330
2
100
AcDbEntity
  8
HALFEN
 62
     1
100
AcDbLine
 10
62.37951394438289
 20
-210.8027155928361
 30
0.0
 11
62.37951394438283
 21
-193.3027155928359
 31
0.0
  0
LINE
  5
2B3
330
2
100
AcDbEntity
  8
HALFEN
 62
     1
100
AcDbLine
 10
62.37951394438283
 20
-178.3027155928361
 30
0.0
 11
62.37951394438289
 21
-96.80271559283609
 31
0.0
  0
LINE
  5
2B4
330
2
100
AcDbEntity
  8
HALFEN
 62
     1
100
AcDbLine
 10
58.37951394438289
 20
-210.8027155928361
 30
0.0
 11
58.37951394438284
 21
-193.3027155928359
 31
0.0
  0
LINE
  5
2B5
330
2
100
AcDbEntity
  8
HALFEN
 62
     1
100
AcDbLine
 10
58.37951394438284
 20
-178.3027155928361
 30
0.0
 11
58.37951394438289
 21
-96.80271559283609
 31
0.0
  0
LINE
  5
2B6
330
2
100
AcDbEntity
  8
HALFEN
 62
     1
100
AcDbLine
 10
54.3795139443829
 20
-210.8027155928361
 30
0.0
 11
54.37951394438283
 21
-193.3027155928359
 31
0.0
  0
LINE
  5
2B7
330
2
100
AcDbEntity
  8
HALFEN
 62
     1
100
AcDbLine
 10
54.37951394438283
 20
-178.3027155928361
 30
0.0
 11
54.3795139443829
 21
-96.80271559283609
 31
0.0
  0
LINE
  5
2B8
330
2
100
AcDbEntity
  8
HALFEN
 62
     1
100
AcDbLine
 10
50.37951394438289
 20
-210.8027155928361
 30
0.0
 11
50.37951394438284
 21
-193.3027155928359
 31
0.0
  0
LINE
  5
2B9
330
2
100
AcDbEntity
  8
HALFEN
 62
     1
100
AcDbLine
 10
50.37951394438284
 20
-178.3027155928361
 30
0.0
 11
50.37951394438289
 21
-96.80271559283609
 31
0.0
  0
LINE
  5
2BA
330
2
100
AcDbEntity
  8
HALFEN
 62
     1
100
AcDbLine
 10
46.37951394438289
 20
-210.8027155928361
 30
0.0
 11
46.37951394438283
 21
-193.3027155928359
 31
0.0
  0
LINE
  5
2BB
330
2
100
AcDbEntity
  8
HALFEN
 62
     1
100
AcDbLine
 10
46.37951394438283
 20
-178.3027155928361
 30
0.0
 11
46.37951394438289
 21
-96.80271559283609
 31
0.0
  0
LINE
  5
2BC
330
2
100
AcDbEntity
  8
HALFEN
 62
     1
100
AcDbLine
 10
42.37951394438289
 20
-210.8027155928361
 30
0.0
 11
42.37951394438283
 21
-193.3027155928359
 31
0.0
  0
LINE
  5
2BD
330
2
100
AcDbEntity
  8
HALFEN
 62
     1
100
AcDbLine
 10
42.37951394438283
 20
-178.3027155928361
 30
0.0
 11
42.37951394438289
 21
-96.80271559283609
 31
0.0
  0
LINE
  5
2BE
330
2
100
AcDbEntity
  8
HALFEN
 62
     1
100
AcDbLine
 10
38.3795139443829
 20
-210.8027155928361
 30
0.0
 11
38.37951394438284
 21
-193.3027155928359
 31
0.0
  0
LINE
  5
2BF
330
2
100
AcDbEntity
  8
HALFEN
 62
     1
100
AcDbLine
 10
38.37951394438284
 20
-178.3027155928361
 30
0.0
 11
38.3795139443829
 21
-96.80271559283609
 31
0.0
  0
LINE
  5
2C0
330
2
100
AcDbEntity
  8
HALFEN
 62
     1
100
AcDbLine
 10
34.3795139443829
 20
-210.8027155928361
 30
0.0
 11
34.37951394438284
 21
-193.3027155928359
 31
0.0
  0
LINE
  5
2C1
330
2
100
AcDbEntity
  8
HALFEN
 62
     1
100
AcDbLine
 10
34.37951394438284
 20
-178.3027155928361
 30
0.0
 11
34.3795139443829
 21
-96.80271559283609
 31
0.0
  0
LINE
  5
2C2
330
2
100
AcDbEntity
  8
HALFEN
 62
     1
100
AcDbLine
 10
30.3795139443829
 20
-210.8027155928361
 30
0.0
 11
30.3795139443829
 21
-193.3027155928361
 31
0.0
  0
LINE
  5
2C3
330
2
100
AcDbEntity
  8
HALFEN
 62
     1
100
AcDbLine
 10
30.37951394438295
 20
-178.3027155928361
 30
0.0
 11
30.3795139443829
 21
-158.4462594980878
 31
0.0
  0
LINE
  5
2C4
330
2
100
AcDbEntity
  8
HALFEN
 62
     1
100
AcDbLine
 10
30.3795139443829
 20
-149.1591716875843
 30
0.0
 11
30.3795139443829
 21
-96.80271559283609
 31
0.0
  0
LINE
  5
2C5
330
2
100
AcDbEntity
  8
HALFEN
 62
     1
100
AcDbLine
 10
26.37951394438289
 20
-210.8027155928361
 30
0.0
 11
26.37951394438289
 21
-192.4359651735469
 31
0.0
  0
LINE
  5
2C6
330
2
100
AcDbEntity
  8
HALFEN
 62
     1
100
AcDbLine
 10
26.37951394438289
 20
-179.1694660121252
 30
0.0
 11
26.37951394438289
 21
-157.4854455585001
 31
0.0
  0
LINE
  5
2C7
330
2
100
AcDbEntity
  8
HALFEN
 62
     1
100
AcDbLine
 10
26.37951394438289
 20
-150.119985627172
 30
0.0
 11
26.37951394438289
 21
-96.80271559283609
 31
0.0
  0
LINE
  5
2C8
330
2
100
AcDbEntity
  8
HALFEN
 62
     1
100
AcDbLine
 10
22.37951394438289
 20
-210.8027155928361
 30
0.0
 11
22.37951394438289
 21
-96.80271559283609
 31
0.0
  0
LINE
  5
2C9
330
2
100
AcDbEntity
  8
HALFEN
 62
     1
100
AcDbLine
 10
18.37951394438289
 20
-210.8027155928361
 30
0.0
 11
18.37951394438289
 21
-96.80271559283609
 31
0.0
  0
LINE
  5
2CA
330
2
100
AcDbEntity
  8
HALFEN
 62
     1
100
AcDbLine
 10
14.37951394438289
 20
-210.8027155928361
 30
0.0
 11
14.37951394438289
 21
-96.80271559283609
 31
0.0
  0
LINE
  5
2CB
330
2
100
AcDbEntity
  8
HALFEN
100
AcDbLine
 10
98.37951394438158
 20
-240.8027155928361
 30
0.0
 11
96.37951394438159
 21
-238.8027155928361
 31
0.0
  0
LINE
  5
2CC
330
2
100
AcDbEntity
  8
HALFEN
100
AcDbLine
 10
96.37951394438159
 20
-238.8027155928361
 30
0.0
 11
94.37951394438158
 21
-240.8027155928361
 31
0.0
  0
LINE
  5
2CD
330
2
100
AcDbEntity
  8
HALFEN
100
AcDbLine
 10
94.37951394438158
 20
-240.8027155928361
 30
0.0
 11
92.37951394438159
 21
-238.8027155928361
 31
0.0
  0
LINE
  5
2CE
330
2
100
AcDbEntity
  8
HALFEN
100
AcDbLine
 10
92.37951394438159
 20
-238.8027155928361
 30
0.0
 11
90.37951394438165
 21
-240.8027155928361
 31
0.0
  0
LINE
  5
2CF
330
2
100
AcDbEntity
  8
HALFEN
100
AcDbLine
 10
90.37951394438124
 20
-240.8027155928365
 30
0.0
 11
88.3795139443813
 21
-238.8027155928366
 31
0.0
  0
LINE
  5
2D0
330
2
100
AcDbEntity
  8
HALFEN
100
AcDbLine
 10
88.37951394438125
 20
-238.8027155928365
 30
0.0
 11
86.37951394438131
 21
-240.8027155928365
 31
0.0
  0
LINE
  5
2D1
330
2
100
AcDbEntity
  8
HALFEN
100
AcDbLine
 10
86.3795139443817
 20
-240.8027155928361
 30
0.0
 11
84.37951394438176
 21
-238.8027155928361
 31
0.0
  0
LINE
  5
2D2
330
2
100
AcDbEntity
  8
HALFEN
100
AcDbLine
 10
84.3795139443817
 20
-238.8027155928361
 30
0.0
 11
82.37951394438175
 21
-240.8027155928361
 31
0.0
  0
LINE
  5
2D3
330
2
100
AcDbEntity
  8
HALFEN
100
AcDbLine
 10
82.37951394438175
 20
-240.8027155928361
 30
0.0
 11
80.37951394438181
 21
-238.8027155928361
 31
0.0
  0
LINE
  5
2D4
330
2
100
AcDbEntity
  8
HALFEN
100
AcDbLine
 10
80.37951394438175
 20
-238.8027155928361
 30
0.0
 11
78.37951394438182
 21
-240.8027155928361
 31
0.0
  0
LINE
  5
2D5
330
2
100
AcDbEntity
  8
HALFEN
100
AcDbLine
 10
78.37951394438182
 20
-240.8027155928361
 30
0.0
 11
76.37951394438187
 21
-238.8027155928361
 31
0.0
  0
LINE
  5
2D6
330
2
100
AcDbEntity
  8
HALFEN
100
AcDbLine
 10
76.37951394438181
 20
-238.8027155928361
 30
0.0
 11
74.37951394438186
 21
-240.8027155928361
 31
0.0
  0
LINE
  5
2D7
330
2
100
AcDbEntity
  8
HALFEN
100
AcDbLine
 10
74.37951394438186
 20
-240.8027155928361
 30
0.0
 11
72.37951394438193
 21
-238.8027155928361
 31
0.0
  0
LINE
  5
2D8
330
2
100
AcDbEntity
  8
HALFEN
100
AcDbLine
 10
72.37951394438187
 20
-238.8027155928361
 30
0.0
 11
70.37951394438192
 21
-240.8027155928361
 31
0.0
  0
LINE
  5
2D9
330
2
100
AcDbEntity
  8
HALFEN
100
AcDbLine
 10
70.37951394438192
 20
-240.8027155928361
 30
0.0
 11
68.37951394438198
 21
-238.8027155928361
 31
0.0
  0
LINE
  5
2DA
330
2
100
AcDbEntity
  8
HALFEN
100
AcDbLine
 10
68.37951394438192
 20
-238.8027155928361
 30
0.0
 11
66.37951394438198
 21
-240.8027155928361
 31
0.0
  0
LINE
  5
2DB
330
2
100
AcDbEntity
  8
HALFEN
100
AcDbLine
 10
66.37951394438198
 20
-240.8027155928361
 30
0.0
 11
64.37951394438204
 21
-238.8027155928361
 31
0.0
  0
LINE
  5
2DC
330
2
100
AcDbEntity
  8
HALFEN
100
AcDbLine
 10
64.37951394438198
 20
-238.8027155928361
 30
0.0
 11
62.37951394438204
 21
-240.8027155928361
 31
0.0
  0
LINE
  5
2DD
330
2
100
AcDbEntity
  8
HALFEN
100
AcDbLine
 10
62.37951394438204
 20
-240.8027155928361
 30
0.0
 11
60.37951394438209
 21
-238.8027155928361
 31
0.0
  0
LINE
  5
2DE
330
2
100
AcDbEntity
  8
HALFEN
100
AcDbLine
 10
60.37951394438204
 20
-238.8027155928361
 30
0.0
 11
58.3795139443821
 21
-240.8027155928361
 31
0.0
  0
LINE
  5
2DF
330
2
100
AcDbEntity
  8
HALFEN
100
AcDbLine
 10
58.37951394438118
 20
-240.802715592837
 30
0.0
 11
56.37951394438124
 21
-238.802715592837
 31
0.0
  0
LINE
  5
2E0
330
2
100
AcDbEntity
  8
HALFEN
100
AcDbLine
 10
56.37951394438118
 20
-238.802715592837
 30
0.0
 11
54.37951394438124
 21
-240.802715592837
 31
0.0
  0
LINE
  5
2E1
330
2
100
AcDbEntity
  8
HALFEN
100
AcDbLine
 10
54.37951394438124
 20
-240.802715592837
 30
0.0
 11
52.3795139443813
 21
-238.802715592837
 31
0.0
  0
LINE
  5
2E2
330
2
100
AcDbEntity
  8
HALFEN
100
AcDbLine
 10
52.37951394438124
 20
-238.802715592837
 30
0.0
 11
50.3795139443813
 21
-240.802715592837
 31
0.0
  0
LINE
  5
2E3
330
2
100
AcDbEntity
  8
HALFEN
100
AcDbLine
 10
50.3795139443813
 20
-240.802715592837
 30
0.0
 11
48.37951394438135
 21
-238.802715592837
 31
0.0
  0
LINE
  5
2E4
330
2
100
AcDbEntity
  8
HALFEN
100
AcDbLine
 10
48.3795139443813
 20
-238.802715592837
 30
0.0
 11
46.37951394438135
 21
-240.802715592837
 31
0.0
  0
LINE
  5
2E5
330
2
100
AcDbEntity
  8
HALFEN
100
AcDbLine
 10
46.37951394438227
 20
-240.8027155928361
 30
0.0
 11
44.37951394438232
 21
-238.8027155928361
 31
0.0
  0
LINE
  5
2E6
330
2
100
AcDbEntity
  8
HALFEN
100
AcDbLine
 10
44.37951394438226
 20
-238.8027155928361
 30
0.0
 11
42.37951394438232
 21
-240.8027155928361
 31
0.0
  0
LINE
  5
2E7
330
2
100
AcDbEntity
  8
HALFEN
100
AcDbLine
 10
42.37951394438232
 20
-240.8027155928361
 30
0.0
 11
40.37951394438238
 21
-238.8027155928361
 31
0.0
  0
LINE
  5
2E8
330
2
100
AcDbEntity
  8
HALFEN
100
AcDbLine
 10
40.37951394438232
 20
-238.8027155928361
 30
0.0
 11
38.37951394438238
 21
-240.8027155928361
 31
0.0
  0
LINE
  5
2E9
330
2
100
AcDbEntity
  8
HALFEN
100
AcDbLine
 10
38.37951394438238
 20
-240.8027155928361
 30
0.0
 11
36.37951394438244
 21
-238.8027155928361
 31
0.0
  0
LINE
  5
2EA
330
2
100
AcDbEntity
  8
HALFEN
100
AcDbLine
 10
36.37951394438238
 20
-238.8027155928361
 30
0.0
 11
34.37951394438244
 21
-240.8027155928361
 31
0.0
  0
LINE
  5
2EB
330
2
100
AcDbEntity
  8
HALFEN
100
AcDbLine
 10
34.37951394438244
 20
-240.8027155928361
 30
0.0
 11
32.3795139443825
 21
-238.8027155928361
 31
0.0
  0
LINE
  5
2EC
330
2
100
AcDbEntity
  8
HALFEN
100
AcDbLine
 10
32.37951394438244
 20
-238.8027155928361
 30
0.0
 11
30.3795139443825
 21
-240.8027155928361
 31
0.0
  0
LINE
  5
2ED
330
2
100
AcDbEntity
  8
HALFEN
100
AcDbLine
 10
30.3795139443825
 20
-240.8027155928361
 30
0.0
 11
28.37951394438255
 21
-238.8027155928361
 31
0.0
  0
LINE
  5
2EE
330
2
100
AcDbEntity
  8
HALFEN
100
AcDbLine
 10
28.37951394438249
 20
-238.8027155928361
 30
0.0
 11
26.37951394438255
 21
-240.8027155928361
 31
0.0
  0
LINE
  5
2EF
330
2
100
AcDbEntity
  8
HALFEN
100
AcDbLine
 10
26.37951394438136
 20
-240.8027155928373
 30
0.0
 11
24.37951394438142
 21
-238.8027155928374
 31
0.0
  0
LINE
  5
2F0
330
2
100
AcDbEntity
  8
HALFEN
100
AcDbLine
 10
24.37951394438136
 20
-238.8027155928373
 30
0.0
 11
22.37951394438141
 21
-240.8027155928373
 31
0.0
  0
LINE
  5
2F1
330
2
100
AcDbEntity
  8
HALFEN
100
AcDbLine
 10
22.37951394438261
 20
-240.8027155928361
 30
0.0
 11
20.37951394438267
 21
-238.8027155928361
 31
0.0
  0
LINE
  5
2F2
330
2
100
AcDbEntity
  8
HALFEN
100
AcDbLine
 10
20.37951394438261
 20
-238.8027155928361
 30
0.0
 11
18.37951394438266
 21
-240.8027155928361
 31
0.0
  0
LINE
  5
2F3
330
2
100
AcDbEntity
  8
HALFEN
100
AcDbLine
 10
18.37951394438266
 20
-240.8027155928361
 30
0.0
 11
16.37951394438272
 21
-238.8027155928361
 31
0.0
  0
LINE
  5
2F4
330
2
100
AcDbEntity
  8
HALFEN
100
AcDbLine
 10
16.37951394438266
 20
-238.8027155928361
 30
0.0
 11
14.37951394438272
 21
-240.8027155928361
 31
0.0
  0
LINE
  5
2F5
330
2
100
AcDbEntity
  8
HALFEN
100
AcDbLine
 10
14.37951394438272
 20
-240.8027155928361
 30
0.0
 11
12.37951394438278
 21
-238.8027155928361
 31
0.0
  0
LINE
  5
2F6
330
2
100
AcDbEntity
  8
HALFEN
100
AcDbLine
 10
12.37951394438272
 20
-238.8027155928361
 30
0.0
 11
10.37951394438278
 21
-240.8027155928361
 31
0.0
  0
LINE
  5
2F7
330
2
100
AcDbEntity
  8
HALFEN
  6
STRICHPUNKT2
 62
     1
100
AcDbLine
 10
29.37951394438284
 20
-226.8027155928361
 30
0.0
 11
29.37951394438284
 21
-244.8027155928361
 31
0.0
  0
LINE
  5
2F8
330
2
100
AcDbEntity
  8
HALFEN
  6
STRICHPUNKT2
 62
     1
100
AcDbLine
 10
145.3795139443828
 20
-185.802715592836
 30
0.0
 11
127.3795139443826
 21
-185.802715592836
 31
0.0
  0
ARC
  5
2F9
330
2
100
AcDbEntity
  8
HALFEN
100
AcDbCircle
 10
166.3795139443828
 20
-129.3027155928361
 30
0.0
 40
7.5
100
AcDbArc
 50
0.0
 51
180.0
  0
ARC
  5
2FA
330
2
100
AcDbEntity
  8
HALFEN
100
AcDbCircle
 10
166.3795139443828
 20
-178.3027155928361
 30
0.0
 40
7.5
100
AcDbArc
 50
180.0
 51
0.0
  0
LINE
  5
2FB
330
2
100
AcDbEntity
  8
HALFEN
100
AcDbLine
 10
158.8795139443828
 20
-129.3027155928361
 30
0.0
 11
158.8795139443828
 21
-178.3027155928361
 31
0.0
  0
LINE
  5
2FC
330
2
100
AcDbEntity
  8
HALFEN
100
AcDbLine
 10
173.8795139443828
 20
-129.3027155928361
 30
0.0
 11
173.8795139443828
 21
-178.3027155928361
 31
0.0
  0
ARC
  5
2FD
330
2
100
AcDbEntity
  8
HALFEN
100
AcDbCircle
 10
29.87951394438289
 20
-185.802715592836
 30
0.0
 40
7.5
100
AcDbArc
 50
90.0
 51
270.0
  0
ARC
  5
2FE
330
2
100
AcDbEntity
  8
HALFEN
100
AcDbCircle
 10
78.87951394438289
 20
-185.802715592836
 30
0.0
 40
7.5
100
AcDbArc
 50
270.0
 51
90.0
  0
LINE
  5
2FF
330
2
100
AcDbEntity
  8
HALFEN
100
AcDbLine
 10
29.87951394438289
 20
-178.3027155928361
 30
0.0
 11
78.87951394438289
 21
-178.302715592836
 31
0.0
  0
LINE
  5
300
330
2
100
AcDbEntity
  8
HALFEN
100
AcDbLine
 10
78.87951394438289
 20
-178.302715592836
 30
0.0
 11
78.87951394438289
 21
-178.302715592836
 31
0.0
  0
LINE
  5
301
330
2
100
AcDbEntity
  8
HALFEN
100
AcDbLine
 10
78.87951394438289
 20
-193.302715592836
 30
0.0
 11
29.87951394438289
 21
-193.3027155928361
 31
0.0
  0
MTEXT
  5
302
330
2
100
AcDbEntity
  8
HALFEN
100
AcDbMText
 10
166.3795139443826
 20
-201.8027155928359
 30
0.0
 40
7.0
 41
18.23218390804597
 71
     2
 72
     5
  1
R
 73
     1
 44
1.0
  0
MTEXT
  5
303
330
2
100
AcDbEntity
  8
HALFEN
100
AcDbMText
 10
166.3795139443828
 20
-105.8027155928359
 30
0.0
 40
7.0
 41
18.23218390804597
 71
     8
 72
     5
  1
UP
 73
     1
 44
1.0
  0
LINE
  5
304
330
2
100
AcDbEntity
  8
HALFEN
100
AcDbLine
 10
384.3795139443829
 20
-223.8027155928361
 30
0.0
 11
251.3795139443829
 21
-223.8027155928361
 31
0.0
  0
LINE
  5
305
330
2
100
AcDbEntity
  8
HALFEN
100
AcDbLine
 10
384.3795139443829
 20
-96.80271559283609
 30
0.0
 11
251.3795139443829
 21
-96.80271559283609
 31
0.0
  0
LINE
  5
306
330
2
100
AcDbEntity
  8
HALFEN
100
AcDbLine
 10
384.3795139443829
 20
-313.8027155928361
 30
0.0
 11
374.3795139443827
 21
-313.8027155928361
 31
0.0
  0
LINE
  5
307
330
2
100
AcDbEntity
  8
HALFEN
  6
STRICHPUNKT2
 62
     1
100
AcDbLine
 10
388.3795139443829
 20
-278.8027155928361
 30
0.0
 11
370.3795139443827
 21
-278.8027155928361
 31
0.0
  0
LINE
  5
308
330
2
100
AcDbEntity
  8
HALFEN
100
AcDbLine
 10
251.3795139443829
 20
-96.80271559283609
 30
0.0
 11
251.3795139443829
 21
-223.8027155928361
 31
0.0
  0
LINE
  5
309
330
2
100
AcDbEntity
  8
HALFEN
100
AcDbLine
 10
384.3795139443829
 20
-223.8027155928361
 30
0.0
 11
384.3795139443829
 21
-96.80271559283609
 31
0.0
  0
LINE
  5
30A
330
2
100
AcDbEntity
  8
HALFEN
100
AcDbLine
 10
404.3795139443829
 20
-223.8027155928361
 30
0.0
 11
404.3795139443829
 21
-96.80271559283609
 31
0.0
  0
LINE
  5
30B
330
2
100
AcDbEntity
  8
HALFEN
100
AcDbLine
 10
474.3795139443829
 20
-223.8027155928361
 30
0.0
 11
474.3795139443829
 21
-96.80271559283609
 31
0.0
  0
LINE
  5
30C
330
2
100
AcDbEntity
  8
HALFEN
100
AcDbLine
 10
414.3795139443828
 20
-223.8027155928361
 30
0.0
 11
414.3795139443828
 21
-96.80271559283609
 31
0.0
  0
LINE
  5
30D
330
2
100
AcDbEntity
  8
HALFEN
100
AcDbLine
 10
374.3795139443829
 20
-223.8027155928361
 30
0.0
 11
374.3795139443829
 21
-96.80271559283609
 31
0.0
  0
LINE
  5
30E
330
2
100
AcDbEntity
  8
HALFEN
100
AcDbLine
 10
474.3795139443829
 20
-96.80271559283609
 30
0.0
 11
404.3795139443829
 21
-96.80271559283609
 31
0.0
  0
LINE
  5
30F
330
2
100
AcDbEntity
  8
HALFEN
100
AcDbLine
 10
404.3795139443829
 20
-223.8027155928361
 30
0.0
 11
474.3795139443829
 21
-223.8027155928361
 31
0.0
  0
LINE
  5
310
330
2
100
AcDbEntity
  8
HALFEN
100
AcDbLine
 10
384.3795139443829
 20
-313.8027155928361
 30
0.0
 11
384.3795139443829
 21
-243.8027155928361
 31
0.0
  0
LINE
  5
311
330
2
100
AcDbEntity
  8
HALFEN
100
AcDbLine
 10
374.3795139443831
 20
-313.8027155928361
 30
0.0
 11
374.3795139443827
 21
-256.8027155928361
 31
0.0
  0
LINE
  5
312
330
2
100
AcDbEntity
  8
HALFEN
100
AcDbLine
 10
384.3795139443829
 20
-243.8027155928361
 30
0.0
 11
251.3795139443829
 21
-243.802715592836
 31
0.0
  0
LINE
  5
313
330
2
100
AcDbEntity
  8
HALFEN
100
AcDbLine
 10
371.3795139443827
 20
-253.8027155928361
 30
0.0
 11
346.3795139443816
 21
-253.8027155928361
 31
0.0
  0
LINE
  5
314
330
2
100
AcDbEntity
  8
HALFEN
100
AcDbLine
 10
258.3795139443828
 20
-253.8027155928361
 30
0.0
 11
251.3795139443829
 21
-253.8027155928361
 31
0.0
  0
ARC
  5
315
330
2
100
AcDbEntity
  8
HALFEN
100
AcDbCircle
 10
371.3795139443827
 20
-256.8027155928361
 30
0.0
 40
3.0
100
AcDbArc
 50
0.0
 51
90.0
  0
LINE
  5
316
330
2
100
AcDbEntity
  8
HALFEN
100
AcDbLine
 10
251.3795139443829
 20
-243.8027155928361
 30
0.0
 11
251.3795139443829
 21
-253.8027155928361
 31
0.0
  0
LINE
  5
317
330
2
100
AcDbEntity
  8
HALFEN
  6
STRICHPUNKT2
 62
     1
100
AcDbLine
 10
302.3795139443829
 20
-239.8027155928361
 30
0.0
 11
302.3795139443829
 21
-257.8027155928361
 31
0.0
  0
LINE
  5
318
330
2
100
AcDbEntity
  8
HALFEN
  6
STRICHPUNKT2
 62
     1
100
AcDbLine
 10
478.3795139443829
 20
-160.3027155928361
 30
0.0
 11
400.3795139443829
 21
-160.3027155928361
 31
0.0
  0
LINE
  5
319
330
2
100
AcDbEntity
  8
HALFEN
 62
     1
100
AcDbLine
 10
459.3795139443826
 20
-116.3027155928361
 30
0.0
 11
419.3795139443826
 21
-116.3027155928358
 31
0.0
  0
LINE
  5
31A
330
2
100
AcDbEntity
  8
HALFEN
 62
     1
100
AcDbLine
 10
459.3795139443826
 20
-120.302715592836
 30
0.0
 11
419.3795139443825
 21
-120.3027155928358
 31
0.0
  0
LINE
  5
31B
330
2
100
AcDbEntity
  8
HALFEN
 62
     1
100
AcDbLine
 10
459.3795139443825
 20
-124.302715592836
 30
0.0
 11
419.3795139443825
 21
-124.3027155928358
 31
0.0
  0
LINE
  5
31C
330
2
100
AcDbEntity
  8
HALFEN
 62
     1
100
AcDbLine
 10
459.3795139443825
 20
-128.3027155928361
 30
0.0
 11
419.3795139443825
 21
-128.3027155928358
 31
0.0
  0
LINE
  5
31D
330
2
100
AcDbEntity
  8
HALFEN
 62
     1
100
AcDbLine
 10
459.3795139443825
 20
-132.3027155928361
 30
0.0
 11
446.0127635250936
 21
-132.3027155928359
 31
0.0
  0
LINE
  5
31E
330
2
100
AcDbEntity
  8
HALFEN
 62
     1
100
AcDbLine
 10
432.7462643636721
 20
-132.3027155928359
 30
0.0
 11
419.3795139443825
 21
-132.3027155928358
 31
0.0
  0
LINE
  5
31F
330
2
100
AcDbEntity
  8
HALFEN
 62
     1
100
AcDbLine
 10
459.3795139443825
 20
-136.3027155928361
 30
0.0
 11
446.8795139443829
 21
-136.3027155928359
 31
0.0
  0
LINE
  5
320
330
2
100
AcDbEntity
  8
HALFEN
 62
     1
100
AcDbLine
 10
431.8795139443828
 20
-136.3027155928359
 30
0.0
 11
419.3795139443825
 21
-136.3027155928358
 31
0.0
  0
LINE
  5
321
330
2
100
AcDbEntity
  8
HALFEN
 62
     1
100
AcDbLine
 10
459.3795139443824
 20
-140.3027155928361
 30
0.0
 11
446.8795139443829
 21
-140.302715592836
 31
0.0
  0
LINE
  5
322
330
2
100
AcDbEntity
  8
HALFEN
 62
     1
100
AcDbLine
 10
431.8795139443828
 20
-140.3027155928359
 30
0.0
 11
419.3795139443824
 21
-140.3027155928358
 31
0.0
  0
LINE
  5
323
330
2
100
AcDbEntity
  8
HALFEN
 62
     1
100
AcDbLine
 10
459.3795139443824
 20
-144.302715592836
 30
0.0
 11
446.8795139443829
 21
-144.3027155928359
 31
0.0
  0
LINE
  5
324
330
2
100
AcDbEntity
  8
HALFEN
 62
     1
100
AcDbLine
 10
431.8795139443828
 20
-144.3027155928359
 30
0.0
 11
419.3795139443824
 21
-144.3027155928358
 31
0.0
  0
LINE
  5
325
330
2
100
AcDbEntity
  8
HALFEN
 62
     1
100
AcDbLine
 10
459.3795139443824
 20
-148.302715592836
 30
0.0
 11
446.8795139443829
 21
-148.302715592836
 31
0.0
  0
LINE
  5
326
330
2
100
AcDbEntity
  8
HALFEN
 62
     1
100
AcDbLine
 10
431.8795139443828
 20
-148.3027155928359
 30
0.0
 11
419.3795139443824
 21
-148.3027155928358
 31
0.0
  0
LINE
  5
327
330
2
100
AcDbEntity
  8
HALFEN
 62
     1
100
AcDbLine
 10
459.3795139443823
 20
-152.302715592836
 30
0.0
 11
446.8795139443829
 21
-152.3027155928359
 31
0.0
  0
LINE
  5
328
330
2
100
AcDbEntity
  8
HALFEN
 62
     1
100
AcDbLine
 10
431.8795139443828
 20
-152.3027155928358
 30
0.0
 11
419.3795139443824
 21
-152.3027155928358
 31
0.0
  0
LINE
  5
329
330
2
100
AcDbEntity
  8
HALFEN
 62
     1
100
AcDbLine
 10
459.3795139443823
 20
-156.3027155928361
 30
0.0
 11
446.8795139443829
 21
-156.3027155928359
 31
0.0
  0
LINE
  5
32A
330
2
100
AcDbEntity
  8
HALFEN
 62
     1
100
AcDbLine
 10
431.8795139443828
 20
-156.3027155928359
 30
0.0
 11
419.3795139443823
 21
-156.3027155928358
 31
0.0
  0
LINE
  5
32B
330
2
100
AcDbEntity
  8
HALFEN
 62
     1
100
AcDbLine
 10
459.3795139443823
 20
-160.3027155928361
 30
0.0
 11
446.8795139443829
 21
-160.302715592836
 31
0.0
  0
LINE
  5
32C
330
2
100
AcDbEntity
  8
HALFEN
 62
     1
100
AcDbLine
 10
431.8795139443828
 20
-160.3027155928359
 30
0.0
 11
419.3795139443823
 21
-160.3027155928358
 31
0.0
  0
LINE
  5
32D
330
2
100
AcDbEntity
  8
HALFEN
 62
     1
100
AcDbLine
 10
459.3795139443823
 20
-164.3027155928361
 30
0.0
 11
446.8795139443829
 21
-164.302715592836
 31
0.0
  0
LINE
  5
32E
330
2
100
AcDbEntity
  8
HALFEN
 62
     1
100
AcDbLine
 10
431.8795139443828
 20
-164.3027155928359
 30
0.0
 11
419.3795139443823
 21
-164.3027155928358
 31
0.0
  0
LINE
  5
32F
330
2
100
AcDbEntity
  8
HALFEN
 62
     1
100
AcDbLine
 10
459.3795139443822
 20
-168.3027155928361
 30
0.0
 11
446.8795139443829
 21
-168.3027155928359
 31
0.0
  0
LINE
  5
330
330
2
100
AcDbEntity
  8
HALFEN
 62
     1
100
AcDbLine
 10
431.8795139443828
 20
-168.3027155928359
 30
0.0
 11
419.3795139443822
 21
-168.3027155928358
 31
0.0
  0
LINE
  5
331
330
2
100
AcDbEntity
  8
HALFEN
 62
     1
100
AcDbLine
 10
459.3795139443821
 20
-172.302715592836
 30
0.0
 11
446.8795139443829
 21
-172.302715592836
 31
0.0
  0
LINE
  5
332
330
2
100
AcDbEntity
  8
HALFEN
 62
     1
100
AcDbLine
 10
431.8795139443828
 20
-172.3027155928358
 30
0.0
 11
419.3795139443822
 21
-172.3027155928358
 31
0.0
  0
LINE
  5
333
330
2
100
AcDbEntity
  8
HALFEN
 62
     1
100
AcDbLine
 10
459.3795139443821
 20
-176.3027155928361
 30
0.0
 11
446.8795139443829
 21
-176.3027155928359
 31
0.0
  0
LINE
  5
334
330
2
100
AcDbEntity
  8
HALFEN
 62
     1
100
AcDbLine
 10
431.8795139443828
 20
-176.3027155928359
 30
0.0
 11
419.3795139443822
 21
-176.3027155928358
 31
0.0
  0
LINE
  5
335
330
2
100
AcDbEntity
  8
HALFEN
 62
     1
100
AcDbLine
 10
459.3795139443821
 20
-180.3027155928361
 30
0.0
 11
446.8795139443829
 21
-180.302715592836
 31
0.0
  0
LINE
  5
336
330
2
100
AcDbEntity
  8
HALFEN
 62
     1
100
AcDbLine
 10
431.8795139443828
 20
-180.3027155928358
 30
0.0
 11
419.3795139443822
 21
-180.3027155928358
 31
0.0
  0
LINE
  5
337
330
2
100
AcDbEntity
  8
HALFEN
 62
     1
100
AcDbLine
 10
459.3795139443821
 20
-184.3027155928361
 30
0.0
 11
446.8795139443829
 21
-184.302715592836
 31
0.0
  0
LINE
  5
338
330
2
100
AcDbEntity
  8
HALFEN
 62
     1
100
AcDbLine
 10
431.8795139443828
 20
-184.3027155928359
 30
0.0
 11
419.3795139443821
 21
-184.3027155928358
 31
0.0
  0
LINE
  5
339
330
2
100
AcDbEntity
  8
HALFEN
 62
     1
100
AcDbLine
 10
459.3795139443821
 20
-188.3027155928361
 30
0.0
 11
446.0127635250938
 21
-188.302715592836
 31
0.0
  0
LINE
  5
33A
330
2
100
AcDbEntity
  8
HALFEN
 62
     1
100
AcDbLine
 10
432.746264363672
 20
-188.302715592836
 30
0.0
 11
419.379513944382
 21
-188.3027155928358
 31
0.0
  0
LINE
  5
33B
330
2
100
AcDbEntity
  8
HALFEN
 62
     1
100
AcDbLine
 10
459.3795139443821
 20
-192.3027155928361
 30
0.0
 11
419.379513944382
 21
-192.3027155928358
 31
0.0
  0
LINE
  5
33C
330
2
100
AcDbEntity
  8
HALFEN
 62
     1
100
AcDbLine
 10
459.3795139443821
 20
-196.3027155928361
 30
0.0
 11
419.379513944382
 21
-196.3027155928358
 31
0.0
  0
LINE
  5
33D
330
2
100
AcDbEntity
  8
HALFEN
 62
     1
100
AcDbLine
 10
459.379513944382
 20
-200.3027155928361
 30
0.0
 11
419.379513944382
 21
-200.3027155928359
 31
0.0
  0
LINE
  5
33E
330
2
100
AcDbEntity
  8
HALFEN
 62
     1
100
AcDbLine
 10
459.379513944382
 20
-204.3027155928361
 30
0.0
 11
419.3795139443819
 21
-204.3027155928359
 31
0.0
  0
LINE
  5
33F
330
2
100
AcDbEntity
  8
HALFEN
  6
STRICHPUNKT2
 62
     1
100
AcDbLine
 10
388.3795139443829
 20
-160.3027155928361
 30
0.0
 11
251.3795139443829
 21
-160.3027155928361
 31
0.0
  0
LINE
  5
340
330
2
100
AcDbEntity
  8
HALFEN
  6
STRICHPUNKT2
 62
     1
100
AcDbLine
 10
439.3795139443828
 20
-92.80271559283585
 30
0.0
 11
439.3795139443828
 21
-227.8027155928358
 31
0.0
  0
LINE
  5
341
330
2
100
AcDbEntity
  8
HALFEN
 62
     1
100
AcDbLine
 10
459.3795139443826
 20
-116.3027155928361
 30
0.0
 11
459.3795139443826
 21
-204.3027155928361
 31
0.0
  0
LINE
  5
342
330
2
100
AcDbEntity
  8
HALFEN
 62
     1
100
AcDbLine
 10
419.3795139443826
 20
-116.3027155928358
 30
0.0
 11
419.3795139443826
 21
-204.3027155928358
 31
0.0
  0
LINE
  5
343
330
2
100
AcDbEntity
  8
HALFEN
  6
STRICHPUNKT2
 62
     1
100
AcDbLine
 10
302.3795139443829
 20
-185.3027155928361
 30
0.0
 11
302.3795139443829
 21
-199.3027155928361
 31
0.0
  0
LINE
  5
344
330
2
100
AcDbEntity
  8
HALFEN
  6
STRICHPUNKT2
 62
     1
100
AcDbLine
 10
334.3795139443829
 20
-192.302715592836
 30
0.0
 11
270.3795139443829
 21
-192.3027155928361
 31
0.0
  0
LINE
  5
345
330
2
100
AcDbEntity
  8
HALFEN
  6
STRICHPUNKT2
 62
     1
100
AcDbLine
 10
277.3795139443829
 20
-165.0527155928361
 30
0.0
 11
277.3795139443829
 21
-155.552715592836
 31
0.0
  0
CIRCLE
  5
346
330
2
100
AcDbEntity
  8
HALFEN
100
AcDbCircle
 10
277.3795139443829
 20
-160.3027155928361
 30
0.0
 40
4.75
  0
LINE
  5
347
330
2
100
AcDbEntity
  8
HALFEN
 62
     1
100
AcDbLine
 10
346.3795139443829
 20
-223.8027155928361
 30
0.0
 11
346.3795139443829
 21
-96.80271559283609
 31
0.0
  0
LINE
  5
348
330
2
100
AcDbEntity
  8
HALFEN
 62
     1
100
AcDbLine
 10
342.3795139443829
 20
-223.8027155928361
 30
0.0
 11
342.3795139443829
 21
-96.80271559283609
 31
0.0
  0
LINE
  5
349
330
2
100
AcDbEntity
  8
HALFEN
 62
     1
100
AcDbLine
 10
338.3795139443829
 20
-223.8027155928361
 30
0.0
 11
338.3795139443829
 21
-96.80271559283609
 31
0.0
  0
LINE
  5
34A
330
2
100
AcDbEntity
  8
HALFEN
 62
     1
100
AcDbLine
 10
334.3795139443829
 20
-223.8027155928361
 30
0.0
 11
334.3795139443829
 21
-96.80271559283609
 31
0.0
  0
LINE
  5
34B
330
2
100
AcDbEntity
  8
HALFEN
 62
     1
100
AcDbLine
 10
330.3795139443829
 20
-223.8027155928361
 30
0.0
 11
330.3795139443829
 21
-198.9359651735468
 31
0.0
  0
LINE
  5
34C
330
2
100
AcDbEntity
  8
HALFEN
 62
     1
100
AcDbLine
 10
330.3795139443829
 20
-185.6694660121252
 30
0.0
 11
330.3795139443829
 21
-96.80271559283609
 31
0.0
  0
LINE
  5
34D
330
2
100
AcDbEntity
  8
HALFEN
 62
     1
100
AcDbLine
 10
326.3795139443829
 20
-223.8027155928361
 30
0.0
 11
326.3795139443828
 21
-199.8027155928359
 31
0.0
  0
LINE
  5
34E
330
2
100
AcDbEntity
  8
HALFEN
 62
     1
100
AcDbLine
 10
326.3795139443828
 20
-184.802715592836
 30
0.0
 11
326.3795139443829
 21
-96.80271559283609
 31
0.0
  0
LINE
  5
34F
330
2
100
AcDbEntity
  8
HALFEN
 62
     1
100
AcDbLine
 10
258.3795139443829
 20
-223.8027155928361
 30
0.0
 11
258.3795139443828
 21
-96.80271559283609
 31
0.0
  0
LINE
  5
350
330
2
100
AcDbEntity
  8
HALFEN
 62
     1
100
AcDbLine
 10
322.3795139443829
 20
-223.8027155928361
 30
0.0
 11
322.3795139443828
 21
-199.802715592836
 31
0.0
  0
LINE
  5
351
330
2
100
AcDbEntity
  8
HALFEN
 62
     1
100
AcDbLine
 10
322.3795139443828
 20
-184.802715592836
 30
0.0
 11
322.3795139443829
 21
-96.80271559283609
 31
0.0
  0
LINE
  5
352
330
2
100
AcDbEntity
  8
HALFEN
 62
     1
100
AcDbLine
 10
318.3795139443829
 20
-223.8027155928361
 30
0.0
 11
318.3795139443828
 21
-199.802715592836
 31
0.0
  0
LINE
  5
353
330
2
100
AcDbEntity
  8
HALFEN
 62
     1
100
AcDbLine
 10
318.3795139443828
 20
-184.802715592836
 30
0.0
 11
318.3795139443829
 21
-96.80271559283609
 31
0.0
  0
LINE
  5
354
330
2
100
AcDbEntity
  8
HALFEN
 62
     1
100
AcDbLine
 10
314.3795139443829
 20
-223.8027155928361
 30
0.0
 11
314.3795139443828
 21
-199.802715592836
 31
0.0
  0
LINE
  5
355
330
2
100
AcDbEntity
  8
HALFEN
 62
     1
100
AcDbLine
 10
314.3795139443828
 20
-184.802715592836
 30
0.0
 11
314.3795139443829
 21
-96.80271559283609
 31
0.0
  0
LINE
  5
356
330
2
100
AcDbEntity
  8
HALFEN
 62
     1
100
AcDbLine
 10
310.3795139443829
 20
-223.8027155928361
 30
0.0
 11
310.3795139443828
 21
-199.802715592836
 31
0.0
  0
LINE
  5
357
330
2
100
AcDbEntity
  8
HALFEN
 62
     1
100
AcDbLine
 10
310.3795139443828
 20
-184.802715592836
 30
0.0
 11
310.3795139443829
 21
-96.80271559283609
 31
0.0
  0
LINE
  5
358
330
2
100
AcDbEntity
  8
HALFEN
 62
     1
100
AcDbLine
 10
306.3795139443829
 20
-223.8027155928361
 30
0.0
 11
306.3795139443828
 21
-199.802715592836
 31
0.0
  0
LINE
  5
359
330
2
100
AcDbEntity
  8
HALFEN
 62
     1
100
AcDbLine
 10
306.3795139443828
 20
-184.802715592836
 30
0.0
 11
306.3795139443829
 21
-96.80271559283609
 31
0.0
  0
LINE
  5
35A
330
2
100
AcDbEntity
  8
HALFEN
 62
     1
100
AcDbLine
 10
302.3795139443829
 20
-223.8027155928361
 30
0.0
 11
302.3795139443828
 21
-199.802715592836
 31
0.0
  0
LINE
  5
35B
330
2
100
AcDbEntity
  8
HALFEN
 62
     1
100
AcDbLine
 10
302.3795139443828
 20
-184.802715592836
 30
0.0
 11
302.3795139443829
 21
-96.80271559283609
 31
0.0
  0
LINE
  5
35C
330
2
100
AcDbEntity
  8
HALFEN
 62
     1
100
AcDbLine
 10
298.3795139443829
 20
-223.8027155928361
 30
0.0
 11
298.3795139443828
 21
-199.802715592836
 31
0.0
  0
LINE
  5
35D
330
2
100
AcDbEntity
  8
HALFEN
 62
     1
100
AcDbLine
 10
298.3795139443828
 20
-184.802715592836
 30
0.0
 11
298.3795139443829
 21
-96.80271559283609
 31
0.0
  0
LINE
  5
35E
330
2
100
AcDbEntity
  8
HALFEN
 62
     1
100
AcDbLine
 10
294.3795139443829
 20
-223.8027155928361
 30
0.0
 11
294.3795139443828
 21
-199.802715592836
 31
0.0
  0
LINE
  5
35F
330
2
100
AcDbEntity
  8
HALFEN
 62
     1
100
AcDbLine
 10
294.3795139443828
 20
-184.802715592836
 30
0.0
 11
294.3795139443829
 21
-96.80271559283609
 31
0.0
  0
LINE
  5
360
330
2
100
AcDbEntity
  8
HALFEN
 62
     1
100
AcDbLine
 10
290.3795139443829
 20
-223.8027155928361
 30
0.0
 11
290.3795139443829
 21
-199.802715592836
 31
0.0
  0
LINE
  5
361
330
2
100
AcDbEntity
  8
HALFEN
 62
     1
100
AcDbLine
 10
290.3795139443829
 20
-184.802715592836
 30
0.0
 11
290.3795139443829
 21
-96.80271559283609
 31
0.0
  0
LINE
  5
362
330
2
100
AcDbEntity
  8
HALFEN
 62
     1
100
AcDbLine
 10
286.3795139443829
 20
-223.8027155928361
 30
0.0
 11
286.3795139443828
 21
-199.802715592836
 31
0.0
  0
LINE
  5
363
330
2
100
AcDbEntity
  8
HALFEN
 62
     1
100
AcDbLine
 10
286.3795139443828
 20
-184.802715592836
 30
0.0
 11
286.3795139443829
 21
-96.80271559283609
 31
0.0
  0
LINE
  5
364
330
2
100
AcDbEntity
  8
HALFEN
 62
     1
100
AcDbLine
 10
282.3795139443829
 20
-223.8027155928361
 30
0.0
 11
282.3795139443829
 21
-199.802715592836
 31
0.0
  0
LINE
  5
365
330
2
100
AcDbEntity
  8
HALFEN
 62
     1
100
AcDbLine
 10
282.3795139443829
 20
-184.802715592836
 30
0.0
 11
282.3795139443829
 21
-96.80271559283609
 31
0.0
  0
LINE
  5
366
330
2
100
AcDbEntity
  8
HALFEN
 62
     1
100
AcDbLine
 10
278.3795139443829
 20
-223.8027155928361
 30
0.0
 11
278.3795139443829
 21
-199.8027155928361
 31
0.0
  0
LINE
  5
367
330
2
100
AcDbEntity
  8
HALFEN
 62
     1
100
AcDbLine
 10
278.3795139443829
 20
-184.8027155928361
 30
0.0
 11
278.3795139443829
 21
-164.9462594980878
 31
0.0
  0
LINE
  5
368
330
2
100
AcDbEntity
  8
HALFEN
 62
     1
100
AcDbLine
 10
278.3795139443829
 20
-155.6591716875844
 30
0.0
 11
278.3795139443829
 21
-96.80271559283609
 31
0.0
  0
LINE
  5
369
330
2
100
AcDbEntity
  8
HALFEN
 62
     1
100
AcDbLine
 10
274.3795139443829
 20
-223.8027155928361
 30
0.0
 11
274.3795139443829
 21
-198.9359651735469
 31
0.0
  0
LINE
  5
36A
330
2
100
AcDbEntity
  8
HALFEN
 62
     1
100
AcDbLine
 10
274.3795139443829
 20
-185.6694660121253
 30
0.0
 11
274.3795139443829
 21
-163.9854455585001
 31
0.0
  0
LINE
  5
36B
330
2
100
AcDbEntity
  8
HALFEN
 62
     1
100
AcDbLine
 10
274.3795139443829
 20
-156.619985627172
 30
0.0
 11
274.3795139443829
 21
-96.80271559283609
 31
0.0
  0
LINE
  5
36C
330
2
100
AcDbEntity
  8
HALFEN
 62
     1
100
AcDbLine
 10
270.3795139443829
 20
-223.8027155928361
 30
0.0
 11
270.3795139443829
 21
-96.80271559283609
 31
0.0
  0
LINE
  5
36D
330
2
100
AcDbEntity
  8
HALFEN
 62
     1
100
AcDbLine
 10
266.3795139443829
 20
-223.8027155928361
 30
0.0
 11
266.3795139443829
 21
-96.80271559283609
 31
0.0
  0
LINE
  5
36E
330
2
100
AcDbEntity
  8
HALFEN
 62
     1
100
AcDbLine
 10
262.3795139443829
 20
-223.8027155928361
 30
0.0
 11
262.3795139443829
 21
-96.80271559283609
 31
0.0
  0
LINE
  5
36F
330
2
100
AcDbEntity
  8
HALFEN
100
AcDbLine
 10
346.3795139443816
 20
-253.8027155928361
 30
0.0
 11
344.3795139443817
 21
-251.8027155928361
 31
0.0
  0
LINE
  5
370
330
2
100
AcDbEntity
  8
HALFEN
100
AcDbLine
 10
344.3795139443816
 20
-251.8027155928361
 30
0.0
 11
342.3795139443817
 21
-253.8027155928361
 31
0.0
  0
LINE
  5
371
330
2
100
AcDbEntity
  8
HALFEN
100
AcDbLine
 10
342.3795139443817
 20
-253.8027155928361
 30
0.0
 11
340.3795139443817
 21
-251.8027155928361
 31
0.0
  0
LINE
  5
372
330
2
100
AcDbEntity
  8
HALFEN
100
AcDbLine
 10
340.3795139443817
 20
-251.8027155928361
 30
0.0
 11
338.3795139443817
 21
-253.8027155928361
 31
0.0
  0
LINE
  5
373
330
2
100
AcDbEntity
  8
HALFEN
100
AcDbLine
 10
338.3795139443813
 20
-253.8027155928365
 30
0.0
 11
336.3795139443813
 21
-251.8027155928366
 31
0.0
  0
LINE
  5
374
330
2
100
AcDbEntity
  8
HALFEN
100
AcDbLine
 10
336.3795139443813
 20
-251.8027155928365
 30
0.0
 11
334.3795139443813
 21
-253.8027155928365
 31
0.0
  0
LINE
  5
375
330
2
100
AcDbEntity
  8
HALFEN
100
AcDbLine
 10
334.3795139443817
 20
-253.8027155928361
 30
0.0
 11
332.3795139443818
 21
-251.8027155928361
 31
0.0
  0
LINE
  5
376
330
2
100
AcDbEntity
  8
HALFEN
100
AcDbLine
 10
332.3795139443817
 20
-251.8027155928361
 30
0.0
 11
330.3795139443818
 21
-253.8027155928361
 31
0.0
  0
LINE
  5
377
330
2
100
AcDbEntity
  8
HALFEN
100
AcDbLine
 10
330.3795139443818
 20
-253.8027155928361
 30
0.0
 11
328.3795139443819
 21
-251.8027155928361
 31
0.0
  0
LINE
  5
378
330
2
100
AcDbEntity
  8
HALFEN
100
AcDbLine
 10
328.3795139443818
 20
-251.8027155928361
 30
0.0
 11
326.3795139443819
 21
-253.8027155928361
 31
0.0
  0
LINE
  5
379
330
2
100
AcDbEntity
  8
HALFEN
100
AcDbLine
 10
326.3795139443819
 20
-253.8027155928361
 30
0.0
 11
324.3795139443819
 21
-251.8027155928361
 31
0.0
  0
LINE
  5
37A
330
2
100
AcDbEntity
  8
HALFEN
100
AcDbLine
 10
324.3795139443819
 20
-251.8027155928361
 30
0.0
 11
322.3795139443819
 21
-253.8027155928361
 31
0.0
  0
LINE
  5
37B
330
2
100
AcDbEntity
  8
HALFEN
100
AcDbLine
 10
322.3795139443819
 20
-253.8027155928361
 30
0.0
 11
320.379513944382
 21
-251.8027155928361
 31
0.0
  0
LINE
  5
37C
330
2
100
AcDbEntity
  8
HALFEN
100
AcDbLine
 10
320.3795139443819
 20
-251.8027155928361
 30
0.0
 11
318.379513944382
 21
-253.8027155928361
 31
0.0
  0
LINE
  5
37D
330
2
100
AcDbEntity
  8
HALFEN
100
AcDbLine
 10
318.379513944382
 20
-253.8027155928361
 30
0.0
 11
316.379513944382
 21
-251.8027155928361
 31
0.0
  0
LINE
  5
37E
330
2
100
AcDbEntity
  8
HALFEN
100
AcDbLine
 10
316.379513944382
 20
-251.8027155928361
 30
0.0
 11
314.379513944382
 21
-253.8027155928361
 31
0.0
  0
LINE
  5
37F
330
2
100
AcDbEntity
  8
HALFEN
100
AcDbLine
 10
314.379513944382
 20
-253.8027155928361
 30
0.0
 11
312.3795139443821
 21
-251.8027155928361
 31
0.0
  0
LINE
  5
380
330
2
100
AcDbEntity
  8
HALFEN
100
AcDbLine
 10
312.379513944382
 20
-251.8027155928361
 30
0.0
 11
310.3795139443821
 21
-253.8027155928361
 31
0.0
  0
LINE
  5
381
330
2
100
AcDbEntity
  8
HALFEN
100
AcDbLine
 10
310.3795139443821
 20
-253.8027155928361
 30
0.0
 11
308.3795139443822
 21
-251.8027155928361
 31
0.0
  0
LINE
  5
382
330
2
100
AcDbEntity
  8
HALFEN
100
AcDbLine
 10
308.3795139443821
 20
-251.8027155928361
 30
0.0
 11
306.3795139443822
 21
-253.8027155928361
 31
0.0
  0
LINE
  5
383
330
2
100
AcDbEntity
  8
HALFEN
100
AcDbLine
 10
306.3795139443812
 20
-253.802715592837
 30
0.0
 11
304.3795139443813
 21
-251.8027155928371
 31
0.0
  0
LINE
  5
384
330
2
100
AcDbEntity
  8
HALFEN
100
AcDbLine
 10
304.3795139443812
 20
-251.8027155928371
 30
0.0
 11
302.3795139443813
 21
-253.802715592837
 31
0.0
  0
LINE
  5
385
330
2
100
AcDbEntity
  8
HALFEN
100
AcDbLine
 10
302.3795139443813
 20
-253.802715592837
 30
0.0
 11
300.3795139443814
 21
-251.8027155928371
 31
0.0
  0
LINE
  5
386
330
2
100
AcDbEntity
  8
HALFEN
100
AcDbLine
 10
300.3795139443813
 20
-251.8027155928371
 30
0.0
 11
298.3795139443813
 21
-253.802715592837
 31
0.0
  0
LINE
  5
387
330
2
100
AcDbEntity
  8
HALFEN
100
AcDbLine
 10
298.3795139443813
 20
-253.802715592837
 30
0.0
 11
296.3795139443814
 21
-251.8027155928371
 31
0.0
  0
LINE
  5
388
330
2
100
AcDbEntity
  8
HALFEN
100
AcDbLine
 10
296.3795139443814
 20
-251.8027155928371
 30
0.0
 11
294.3795139443814
 21
-253.802715592837
 31
0.0
  0
LINE
  5
389
330
2
100
AcDbEntity
  8
HALFEN
100
AcDbLine
 10
294.3795139443823
 20
-253.8027155928361
 30
0.0
 11
292.3795139443824
 21
-251.8027155928361
 31
0.0
  0
LINE
  5
38A
330
2
100
AcDbEntity
  8
HALFEN
100
AcDbLine
 10
292.3795139443823
 20
-251.8027155928361
 30
0.0
 11
290.3795139443824
 21
-253.8027155928361
 31
0.0
  0
LINE
  5
38B
330
2
100
AcDbEntity
  8
HALFEN
100
AcDbLine
 10
290.3795139443824
 20
-253.8027155928361
 30
0.0
 11
288.3795139443824
 21
-251.8027155928361
 31
0.0
  0
LINE
  5
38C
330
2
100
AcDbEntity
  8
HALFEN
100
AcDbLine
 10
288.3795139443824
 20
-251.8027155928361
 30
0.0
 11
286.3795139443825
 21
-253.8027155928361
 31
0.0
  0
LINE
  5
38D
330
2
100
AcDbEntity
  8
HALFEN
100
AcDbLine
 10
286.3795139443825
 20
-253.8027155928361
 30
0.0
 11
284.3795139443825
 21
-251.8027155928361
 31
0.0
  0
LINE
  5
38E
330
2
100
AcDbEntity
  8
HALFEN
100
AcDbLine
 10
284.3795139443825
 20
-251.8027155928361
 30
0.0
 11
282.3795139443825
 21
-253.8027155928361
 31
0.0
  0
LINE
  5
38F
330
2
100
AcDbEntity
  8
HALFEN
100
AcDbLine
 10
282.3795139443825
 20
-253.8027155928361
 30
0.0
 11
280.3795139443825
 21
-251.8027155928361
 31
0.0
  0
LINE
  5
390
330
2
100
AcDbEntity
  8
HALFEN
100
AcDbLine
 10
280.3795139443825
 20
-251.8027155928361
 30
0.0
 11
278.3795139443825
 21
-253.8027155928361
 31
0.0
  0
LINE
  5
391
330
2
100
AcDbEntity
  8
HALFEN
100
AcDbLine
 10
278.3795139443825
 20
-253.8027155928361
 30
0.0
 11
276.3795139443826
 21
-251.8027155928361
 31
0.0
  0
LINE
  5
392
330
2
100
AcDbEntity
  8
HALFEN
100
AcDbLine
 10
276.3795139443825
 20
-251.8027155928361
 30
0.0
 11
274.3795139443826
 21
-253.8027155928361
 31
0.0
  0
LINE
  5
393
330
2
100
AcDbEntity
  8
HALFEN
100
AcDbLine
 10
274.3795139443814
 20
-253.8027155928373
 30
0.0
 11
272.3795139443815
 21
-251.8027155928374
 31
0.0
  0
LINE
  5
394
330
2
100
AcDbEntity
  8
HALFEN
100
AcDbLine
 10
272.3795139443814
 20
-251.8027155928373
 30
0.0
 11
270.3795139443815
 21
-253.8027155928373
 31
0.0
  0
LINE
  5
395
330
2
100
AcDbEntity
  8
HALFEN
100
AcDbLine
 10
270.3795139443827
 20
-253.8027155928361
 30
0.0
 11
268.3795139443827
 21
-251.8027155928361
 31
0.0
  0
LINE
  5
396
330
2
100
AcDbEntity
  8
HALFEN
100
AcDbLine
 10
268.3795139443827
 20
-251.8027155928361
 30
0.0
 11
266.3795139443827
 21
-253.8027155928361
 31
0.0
  0
LINE
  5
397
330
2
100
AcDbEntity
  8
HALFEN
100
AcDbLine
 10
266.3795139443827
 20
-253.8027155928361
 30
0.0
 11
264.3795139443828
 21
-251.8027155928361
 31
0.0
  0
LINE
  5
398
330
2
100
AcDbEntity
  8
HALFEN
100
AcDbLine
 10
264.3795139443827
 20
-251.8027155928361
 30
0.0
 11
262.3795139443828
 21
-253.8027155928361
 31
0.0
  0
LINE
  5
399
330
2
100
AcDbEntity
  8
HALFEN
100
AcDbLine
 10
262.3795139443828
 20
-253.8027155928361
 30
0.0
 11
260.3795139443828
 21
-251.8027155928361
 31
0.0
  0
LINE
  5
39A
330
2
100
AcDbEntity
  8
HALFEN
100
AcDbLine
 10
260.3795139443828
 20
-251.8027155928361
 30
0.0
 11
258.3795139443828
 21
-253.8027155928361
 31
0.0
  0
LINE
  5
39B
330
2
100
AcDbEntity
  8
HALFEN
  6
STRICHPUNKT2
 62
     1
100
AcDbLine
 10
277.3795139443829
 20
-239.8027155928361
 30
0.0
 11
277.3795139443829
 21
-257.8027155928361
 31
0.0
  0
LINE
  5
39C
330
2
100
AcDbEntity
  8
HALFEN
  6
STRICHPUNKT2
 62
     1
100
AcDbLine
 10
418.3795139443828
 20
-192.302715592836
 30
0.0
 11
400.3795139443826
 21
-192.302715592836
 31
0.0
  0
ARC
  5
39D
330
2
100
AcDbEntity
  8
HALFEN
100
AcDbCircle
 10
439.3795139443828
 20
-135.802715592836
 30
0.0
 40
7.5
100
AcDbArc
 50
0.0
 51
180.0
  0
ARC
  5
39E
330
2
100
AcDbEntity
  8
HALFEN
100
AcDbCircle
 10
439.3795139443828
 20
-184.802715592836
 30
0.0
 40
7.5
100
AcDbArc
 50
180.0
 51
0.0
  0
LINE
  5
39F
330
2
100
AcDbEntity
  8
HALFEN
100
AcDbLine
 10
431.8795139443828
 20
-135.802715592836
 30
0.0
 11
431.8795139443828
 21
-184.802715592836
 31
0.0
  0
LINE
  5
3A0
330
2
100
AcDbEntity
  8
HALFEN
100
AcDbLine
 10
446.8795139443829
 20
-135.802715592836
 30
0.0
 11
446.8795139443829
 21
-184.802715592836
 31
0.0
  0
ARC
  5
3A1
330
2
100
AcDbEntity
  8
HALFEN
100
AcDbCircle
 10
277.8795139443829
 20
-192.3027155928361
 30
0.0
 40
7.5
100
AcDbArc
 50
90.0
 51
270.0
  0
ARC
  5
3A2
330
2
100
AcDbEntity
  8
HALFEN
100
AcDbCircle
 10
326.8795139443829
 20
-192.302715592836
 30
0.0
 40
7.5
100
AcDbArc
 50
270.0
 51
90.0
  0
LINE
  5
3A3
330
2
100
AcDbEntity
  8
HALFEN
100
AcDbLine
 10
277.8795139443829
 20
-184.802715592836
 30
0.0
 11
326.8795139443829
 21
-184.802715592836
 31
0.0
  0
LINE
  5
3A4
330
2
100
AcDbEntity
  8
HALFEN
100
AcDbLine
 10
326.8795139443829
 20
-184.802715592836
 30
0.0
 11
326.8795139443829
 21
-184.802715592836
 31
0.0
  0
LINE
  5
3A5
330
2
100
AcDbEntity
  8
HALFEN
100
AcDbLine
 10
326.8795139443829
 20
-199.802715592836
 30
0.0
 11
277.8795139443829
 21
-199.8027155928361
 31
0.0
  0
MTEXT
  5
3A6
330
2
100
AcDbEntity
  8
HALFEN
100
AcDbMText
 10
439.3795139443827
 20
-208.3027155928359
 30
0.0
 40
7.0
 41
18.23218390804597
 71
     2
 72
     5
  1
R
 73
     1
 44
1.0
  0
MTEXT
  5
3A7
330
2
100
AcDbEntity
  8
HALFEN
100
AcDbMText
 10
439.3795139443828
 20
-112.3027155928359
 30
0.0
 40
7.0
 41
18.23218390804597
 71
     8
 72
     5
  1
UP
 73
     1
 44
1.0
  0
LINE
  5
3A8
330
2
100
AcDbEntity
  8
HALFEN
100
AcDbLine
 10
683.379513944383
 20
-236.802715592836
 30
0.0
 11
524.379513944383
 21
-236.802715592836
 31
0.0
  0
LINE
  5
3A9
330
2
100
AcDbEntity
  8
HALFEN
100
AcDbLine
 10
683.379513944383
 20
-96.80271559283605
 30
0.0
 11
524.379513944383
 21
-96.80271559283605
 31
0.0
  0
LINE
  5
3AA
330
2
100
AcDbEntity
  8
HALFEN
100
AcDbLine
 10
683.379513944383
 20
-326.8027155928361
 30
0.0
 11
673.3795139443827
 21
-326.8027155928361
 31
0.0
  0
LINE
  5
3AB
330
2
100
AcDbEntity
  8
HALFEN
  6
STRICHPUNKT2
 62
     1
100
AcDbLine
 10
687.379513944383
 20
-291.8027155928361
 30
0.0
 11
669.3795139443827
 21
-291.8027155928361
 31
0.0
  0
LINE
  5
3AC
330
2
100
AcDbEntity
  8
HALFEN
100
AcDbLine
 10
524.379513944383
 20
-96.80271559283605
 30
0.0
 11
524.379513944383
 21
-236.802715592836
 31
0.0
  0
LINE
  5
3AD
330
2
100
AcDbEntity
  8
HALFEN
100
AcDbLine
 10
683.379513944383
 20
-236.802715592836
 30
0.0
 11
683.379513944383
 21
-96.80271559283605
 31
0.0
  0
LINE
  5
3AE
330
2
100
AcDbEntity
  8
HALFEN
100
AcDbLine
 10
703.379513944383
 20
-236.802715592836
 30
0.0
 11
703.379513944383
 21
-96.80271559283605
 31
0.0
  0
LINE
  5
3AF
330
2
100
AcDbEntity
  8
HALFEN
100
AcDbLine
 10
773.379513944383
 20
-236.802715592836
 30
0.0
 11
773.379513944383
 21
-96.80271559283605
 31
0.0
  0
LINE
  5
3B0
330
2
100
AcDbEntity
  8
HALFEN
100
AcDbLine
 10
713.3795139443829
 20
-236.802715592836
 30
0.0
 11
713.3795139443829
 21
-96.80271559283605
 31
0.0
  0
LINE
  5
3B1
330
2
100
AcDbEntity
  8
HALFEN
100
AcDbLine
 10
673.379513944383
 20
-236.802715592836
 30
0.0
 11
673.379513944383
 21
-96.80271559283605
 31
0.0
  0
LINE
  5
3B2
330
2
100
AcDbEntity
  8
HALFEN
100
AcDbLine
 10
773.379513944383
 20
-96.80271559283605
 30
0.0
 11
703.379513944383
 21
-96.80271559283605
 31
0.0
  0
LINE
  5
3B3
330
2
100
AcDbEntity
  8
HALFEN
100
AcDbLine
 10
703.379513944383
 20
-236.802715592836
 30
0.0
 11
773.379513944383
 21
-236.802715592836
 31
0.0
  0
LINE
  5
3B4
330
2
100
AcDbEntity
  8
HALFEN
100
AcDbLine
 10
683.379513944383
 20
-326.8027155928361
 30
0.0
 11
683.379513944383
 21
-256.8027155928361
 31
0.0
  0
LINE
  5
3B5
330
2
100
AcDbEntity
  8
HALFEN
100
AcDbLine
 10
673.3795139443832
 20
-326.8027155928361
 30
0.0
 11
673.3795139443827
 21
-269.8027155928361
 31
0.0
  0
LINE
  5
3B6
330
2
100
AcDbEntity
  8
HALFEN
100
AcDbLine
 10
683.379513944383
 20
-256.8027155928361
 30
0.0
 11
524.3795139443829
 21
-256.802715592836
 31
0.0
  0
LINE
  5
3B7
330
2
100
AcDbEntity
  8
HALFEN
100
AcDbLine
 10
670.3795139443827
 20
-266.8027155928361
 30
0.0
 11
619.3795139443817
 21
-266.8027155928361
 31
0.0
  0
LINE
  5
3B8
330
2
100
AcDbEntity
  8
HALFEN
100
AcDbLine
 10
531.3795139443828
 20
-266.8027155928361
 30
0.0
 11
524.3795139443829
 21
-266.8027155928361
 31
0.0
  0
ARC
  5
3B9
330
2
100
AcDbEntity
  8
HALFEN
100
AcDbCircle
 10
670.3795139443827
 20
-269.8027155928361
 30
0.0
 40
3.0
100
AcDbArc
 50
0.0
 51
90.0
  0
LINE
  5
3BA
330
2
100
AcDbEntity
  8
HALFEN
100
AcDbLine
 10
524.3795139443829
 20
-256.8027155928361
 30
0.0
 11
524.3795139443829
 21
-266.8027155928361
 31
0.0
  0
LINE
  5
3BB
330
2
100
AcDbEntity
  8
HALFEN
  6
STRICHPUNKT2
 62
     1
100
AcDbLine
 10
575.379513944383
 20
-252.8027155928361
 30
0.0
 11
575.379513944383
 21
-270.8027155928361
 31
0.0
  0
LINE
  5
3BC
330
2
100
AcDbEntity
  8
HALFEN
  6
STRICHPUNKT2
 62
     1
100
AcDbLine
 10
777.379513944383
 20
-166.802715592836
 30
0.0
 11
699.379513944383
 21
-166.802715592836
 31
0.0
  0
LINE
  5
3BD
330
2
100
AcDbEntity
  8
HALFEN
 62
     1
100
AcDbLine
 10
758.3795139443828
 20
-122.802715592836
 30
0.0
 11
718.3795139443827
 21
-122.8027155928358
 31
0.0
  0
LINE
  5
3BE
330
2
100
AcDbEntity
  8
HALFEN
 62
     1
100
AcDbLine
 10
758.3795139443828
 20
-126.802715592836
 30
0.0
 11
718.3795139443827
 21
-126.8027155928358
 31
0.0
  0
LINE
  5
3BF
330
2
100
AcDbEntity
  8
HALFEN
 62
     1
100
AcDbLine
 10
758.3795139443826
 20
-130.802715592836
 30
0.0
 11
718.3795139443827
 21
-130.8027155928358
 31
0.0
  0
LINE
  5
3C0
330
2
100
AcDbEntity
  8
HALFEN
 62
     1
100
AcDbLine
 10
758.3795139443826
 20
-134.802715592836
 30
0.0
 11
718.3795139443827
 21
-134.8027155928358
 31
0.0
  0
LINE
  5
3C1
330
2
100
AcDbEntity
  8
HALFEN
 62
     1
100
AcDbLine
 10
758.3795139443826
 20
-138.802715592836
 30
0.0
 11
745.0127635250937
 21
-138.8027155928359
 31
0.0
  0
LINE
  5
3C2
330
2
100
AcDbEntity
  8
HALFEN
 62
     1
100
AcDbLine
 10
731.7462643636722
 20
-138.8027155928359
 30
0.0
 11
718.3795139443827
 21
-138.8027155928358
 31
0.0
  0
LINE
  5
3C3
330
2
100
AcDbEntity
  8
HALFEN
 62
     1
100
AcDbLine
 10
758.3795139443825
 20
-142.802715592836
 30
0.0
 11
745.879513944383
 21
-142.8027155928359
 31
0.0
  0
LINE
  5
3C4
330
2
100
AcDbEntity
  8
HALFEN
 62
     1
100
AcDbLine
 10
730.879513944383
 20
-142.8027155928359
 30
0.0
 11
718.3795139443827
 21
-142.8027155928358
 31
0.0
  0
LINE
  5
3C5
330
2
100
AcDbEntity
  8
HALFEN
 62
     1
100
AcDbLine
 10
758.3795139443825
 20
-146.802715592836
 30
0.0
 11
745.879513944383
 21
-146.802715592836
 31
0.0
  0
LINE
  5
3C6
330
2
100
AcDbEntity
  8
HALFEN
 62
     1
100
AcDbLine
 10
730.879513944383
 20
-146.8027155928359
 30
0.0
 11
718.3795139443825
 21
-146.8027155928358
 31
0.0
  0
LINE
  5
3C7
330
2
100
AcDbEntity
  8
HALFEN
 62
     1
100
AcDbLine
 10
758.3795139443825
 20
-150.802715592836
 30
0.0
 11
745.879513944383
 21
-150.8027155928359
 31
0.0
  0
LINE
  5
3C8
330
2
100
AcDbEntity
  8
HALFEN
 62
     1
100
AcDbLine
 10
730.879513944383
 20
-150.8027155928359
 30
0.0
 11
718.3795139443825
 21
-150.8027155928358
 31
0.0
  0
LINE
  5
3C9
330
2
100
AcDbEntity
  8
HALFEN
 62
     1
100
AcDbLine
 10
758.3795139443825
 20
-154.802715592836
 30
0.0
 11
745.879513944383
 21
-154.802715592836
 31
0.0
  0
LINE
  5
3CA
330
2
100
AcDbEntity
  8
HALFEN
 62
     1
100
AcDbLine
 10
730.879513944383
 20
-154.8027155928359
 30
0.0
 11
718.3795139443825
 21
-154.8027155928358
 31
0.0
  0
LINE
  5
3CB
330
2
100
AcDbEntity
  8
HALFEN
 62
     1
100
AcDbLine
 10
758.3795139443825
 20
-158.802715592836
 30
0.0
 11
745.879513944383
 21
-158.8027155928359
 31
0.0
  0
LINE
  5
3CC
330
2
100
AcDbEntity
  8
HALFEN
 62
     1
100
AcDbLine
 10
730.879513944383
 20
-158.8027155928358
 30
0.0
 11
718.3795139443824
 21
-158.8027155928358
 31
0.0
  0
LINE
  5
3CD
330
2
100
AcDbEntity
  8
HALFEN
 62
     1
100
AcDbLine
 10
758.3795139443824
 20
-162.802715592836
 30
0.0
 11
745.879513944383
 21
-162.8027155928359
 31
0.0
  0
LINE
  5
3CE
330
2
100
AcDbEntity
  8
HALFEN
 62
     1
100
AcDbLine
 10
730.879513944383
 20
-162.8027155928359
 30
0.0
 11
718.3795139443824
 21
-162.8027155928358
 31
0.0
  0
LINE
  5
3CF
330
2
100
AcDbEntity
  8
HALFEN
 62
     1
100
AcDbLine
 10
758.3795139443824
 20
-166.802715592836
 30
0.0
 11
745.879513944383
 21
-166.802715592836
 31
0.0
  0
LINE
  5
3D0
330
2
100
AcDbEntity
  8
HALFEN
 62
     1
100
AcDbLine
 10
730.879513944383
 20
-166.8027155928359
 30
0.0
 11
718.3795139443824
 21
-166.8027155928358
 31
0.0
  0
LINE
  5
3D1
330
2
100
AcDbEntity
  8
HALFEN
 62
     1
100
AcDbLine
 10
758.3795139443824
 20
-170.802715592836
 30
0.0
 11
745.879513944383
 21
-170.802715592836
 31
0.0
  0
LINE
  5
3D2
330
2
100
AcDbEntity
  8
HALFEN
 62
     1
100
AcDbLine
 10
730.879513944383
 20
-170.8027155928359
 30
0.0
 11
718.3795139443824
 21
-170.8027155928358
 31
0.0
  0
LINE
  5
3D3
330
2
100
AcDbEntity
  8
HALFEN
 62
     1
100
AcDbLine
 10
758.3795139443822
 20
-174.802715592836
 30
0.0
 11
745.879513944383
 21
-174.8027155928359
 31
0.0
  0
LINE
  5
3D4
330
2
100
AcDbEntity
  8
HALFEN
 62
     1
100
AcDbLine
 10
730.879513944383
 20
-174.8027155928359
 30
0.0
 11
718.3795139443824
 21
-174.8027155928358
 31
0.0
  0
LINE
  5
3D5
330
2
100
AcDbEntity
  8
HALFEN
 62
     1
100
AcDbLine
 10
758.3795139443822
 20
-178.802715592836
 30
0.0
 11
745.879513944383
 21
-178.802715592836
 31
0.0
  0
LINE
  5
3D6
330
2
100
AcDbEntity
  8
HALFEN
 62
     1
100
AcDbLine
 10
730.879513944383
 20
-178.8027155928358
 30
0.0
 11
718.3795139443823
 21
-178.8027155928358
 31
0.0
  0
LINE
  5
3D7
330
2
100
AcDbEntity
  8
HALFEN
 62
     1
100
AcDbLine
 10
758.3795139443822
 20
-182.802715592836
 30
0.0
 11
745.879513944383
 21
-182.8027155928359
 31
0.0
  0
LINE
  5
3D8
330
2
100
AcDbEntity
  8
HALFEN
 62
     1
100
AcDbLine
 10
730.879513944383
 20
-182.8027155928358
 30
0.0
 11
718.3795139443823
 21
-182.8027155928358
 31
0.0
  0
LINE
  5
3D9
330
2
100
AcDbEntity
  8
HALFEN
 62
     1
100
AcDbLine
 10
758.3795139443822
 20
-186.802715592836
 30
0.0
 11
745.879513944383
 21
-186.802715592836
 31
0.0
  0
LINE
  5
3DA
330
2
100
AcDbEntity
  8
HALFEN
 62
     1
100
AcDbLine
 10
730.879513944383
 20
-186.8027155928358
 30
0.0
 11
718.3795139443823
 21
-186.8027155928358
 31
0.0
  0
LINE
  5
3DB
330
2
100
AcDbEntity
  8
HALFEN
 62
     1
100
AcDbLine
 10
758.3795139443822
 20
-190.802715592836
 30
0.0
 11
745.879513944383
 21
-190.802715592836
 31
0.0
  0
LINE
  5
3DC
330
2
100
AcDbEntity
  8
HALFEN
 62
     1
100
AcDbLine
 10
730.879513944383
 20
-190.8027155928358
 30
0.0
 11
718.3795139443822
 21
-190.8027155928358
 31
0.0
  0
LINE
  5
3DD
330
2
100
AcDbEntity
  8
HALFEN
 62
     1
100
AcDbLine
 10
758.3795139443822
 20
-194.802715592836
 30
0.0
 11
745.0127635250939
 21
-194.8027155928359
 31
0.0
  0
LINE
  5
3DE
330
2
100
AcDbEntity
  8
HALFEN
 62
     1
100
AcDbLine
 10
731.7462643636721
 20
-194.8027155928359
 30
0.0
 11
718.3795139443822
 21
-194.8027155928358
 31
0.0
  0
LINE
  5
3DF
330
2
100
AcDbEntity
  8
HALFEN
 62
     1
100
AcDbLine
 10
758.3795139443822
 20
-198.802715592836
 30
0.0
 11
718.3795139443822
 21
-198.8027155928358
 31
0.0
  0
LINE
  5
3E0
330
2
100
AcDbEntity
  8
HALFEN
 62
     1
100
AcDbLine
 10
758.3795139443822
 20
-202.8027155928361
 30
0.0
 11
718.3795139443822
 21
-202.8027155928358
 31
0.0
  0
LINE
  5
3E1
330
2
100
AcDbEntity
  8
HALFEN
 62
     1
100
AcDbLine
 10
758.3795139443821
 20
-206.8027155928361
 30
0.0
 11
718.3795139443822
 21
-206.8027155928358
 31
0.0
  0
LINE
  5
3E2
330
2
100
AcDbEntity
  8
HALFEN
 62
     1
100
AcDbLine
 10
758.3795139443821
 20
-210.8027155928361
 30
0.0
 11
718.379513944382
 21
-210.8027155928358
 31
0.0
  0
LINE
  5
3E3
330
2
100
AcDbEntity
  8
HALFEN
  6
STRICHPUNKT2
 62
     1
100
AcDbLine
 10
687.379513944383
 20
-166.802715592836
 30
0.0
 11
524.379513944383
 21
-166.802715592836
 31
0.0
  0
LINE
  5
3E4
330
2
100
AcDbEntity
  8
HALFEN
  6
STRICHPUNKT2
 62
     1
100
AcDbLine
 10
738.3795139443829
 20
-92.80271559283582
 30
0.0
 11
738.3795139443829
 21
-240.8027155928358
 31
0.0
  0
LINE
  5
3E5
330
2
100
AcDbEntity
  8
HALFEN
 62
     1
100
AcDbLine
 10
758.3795139443828
 20
-122.802715592836
 30
0.0
 11
758.3795139443828
 21
-210.8027155928361
 31
0.0
  0
LINE
  5
3E6
330
2
100
AcDbEntity
  8
HALFEN
 62
     1
100
AcDbLine
 10
718.3795139443827
 20
-122.8027155928357
 30
0.0
 11
718.3795139443827
 21
-210.8027155928358
 31
0.0
  0
LINE
  5
3E7
330
2
100
AcDbEntity
  8
HALFEN
  6
STRICHPUNKT2
 62
     1
100
AcDbLine
 10
575.379513944383
 20
-191.802715592836
 30
0.0
 11
575.379513944383
 21
-205.802715592836
 31
0.0
  0
LINE
  5
3E8
330
2
100
AcDbEntity
  8
HALFEN
  6
STRICHPUNKT2
 62
     1
100
AcDbLine
 10
607.379513944383
 20
-198.802715592836
 30
0.0
 11
543.3795139443829
 21
-198.802715592836
 31
0.0
  0
LINE
  5
3E9
330
2
100
AcDbEntity
  8
HALFEN
  6
STRICHPUNKT2
 62
     1
100
AcDbLine
 10
550.379513944383
 20
-171.552715592836
 30
0.0
 11
550.379513944383
 21
-162.052715592836
 31
0.0
  0
CIRCLE
  5
3EA
330
2
100
AcDbEntity
  8
HALFEN
100
AcDbCircle
 10
550.379513944383
 20
-166.802715592836
 30
0.0
 40
4.75
  0
LINE
  5
3EB
330
2
100
AcDbEntity
  8
HALFEN
 62
     1
100
AcDbLine
 10
619.379513944383
 20
-236.802715592836
 30
0.0
 11
619.379513944383
 21
-96.80271559283605
 31
0.0
  0
LINE
  5
3EC
330
2
100
AcDbEntity
  8
HALFEN
 62
     1
100
AcDbLine
 10
615.379513944383
 20
-236.802715592836
 30
0.0
 11
615.379513944383
 21
-96.80271559283605
 31
0.0
  0
LINE
  5
3ED
330
2
100
AcDbEntity
  8
HALFEN
 62
     1
100
AcDbLine
 10
611.379513944383
 20
-236.802715592836
 30
0.0
 11
611.379513944383
 21
-96.80271559283605
 31
0.0
  0
LINE
  5
3EE
330
2
100
AcDbEntity
  8
HALFEN
 62
     1
100
AcDbLine
 10
607.379513944383
 20
-236.802715592836
 30
0.0
 11
607.379513944383
 21
-96.80271559283605
 31
0.0
  0
LINE
  5
3EF
330
2
100
AcDbEntity
  8
HALFEN
 62
     1
100
AcDbLine
 10
603.379513944383
 20
-236.802715592836
 30
0.0
 11
603.379513944383
 21
-205.4359651735468
 31
0.0
  0
LINE
  5
3F0
330
2
100
AcDbEntity
  8
HALFEN
 62
     1
100
AcDbLine
 10
603.379513944383
 20
-192.1694660121252
 30
0.0
 11
603.379513944383
 21
-96.80271559283605
 31
0.0
  0
LINE
  5
3F1
330
2
100
AcDbEntity
  8
HALFEN
 62
     1
100
AcDbLine
 10
599.379513944383
 20
-236.802715592836
 30
0.0
 11
599.3795139443829
 21
-206.3027155928359
 31
0.0
  0
LINE
  5
3F2
330
2
100
AcDbEntity
  8
HALFEN
 62
     1
100
AcDbLine
 10
599.3795139443829
 20
-191.302715592836
 30
0.0
 11
599.379513944383
 21
-96.80271559283605
 31
0.0
  0
LINE
  5
3F3
330
2
100
AcDbEntity
  8
HALFEN
 62
     1
100
AcDbLine
 10
531.379513944383
 20
-236.802715592836
 30
0.0
 11
531.3795139443828
 21
-96.80271559283605
 31
0.0
  0
LINE
  5
3F4
330
2
100
AcDbEntity
  8
HALFEN
 62
     1
100
AcDbLine
 10
595.379513944383
 20
-236.802715592836
 30
0.0
 11
595.3795139443829
 21
-206.3027155928359
 31
0.0
  0
LINE
  5
3F5
330
2
100
AcDbEntity
  8
HALFEN
 62
     1
100
AcDbLine
 10
595.3795139443829
 20
-191.302715592836
 30
0.0
 11
595.379513944383
 21
-96.80271559283605
 31
0.0
  0
LINE
  5
3F6
330
2
100
AcDbEntity
  8
HALFEN
 62
     1
100
AcDbLine
 10
591.379513944383
 20
-236.802715592836
 30
0.0
 11
591.3795139443829
 21
-206.3027155928359
 31
0.0
  0
LINE
  5
3F7
330
2
100
AcDbEntity
  8
HALFEN
 62
     1
100
AcDbLine
 10
591.3795139443829
 20
-191.302715592836
 30
0.0
 11
591.379513944383
 21
-96.80271559283605
 31
0.0
  0
LINE
  5
3F8
330
2
100
AcDbEntity
  8
HALFEN
 62
     1
100
AcDbLine
 10
587.379513944383
 20
-236.802715592836
 30
0.0
 11
587.3795139443829
 21
-206.3027155928359
 31
0.0
  0
LINE
  5
3F9
330
2
100
AcDbEntity
  8
HALFEN
 62
     1
100
AcDbLine
 10
587.3795139443829
 20
-191.302715592836
 30
0.0
 11
587.379513944383
 21
-96.80271559283605
 31
0.0
  0
LINE
  5
3FA
330
2
100
AcDbEntity
  8
HALFEN
 62
     1
100
AcDbLine
 10
583.379513944383
 20
-236.802715592836
 30
0.0
 11
583.3795139443829
 21
-206.3027155928359
 31
0.0
  0
LINE
  5
3FB
330
2
100
AcDbEntity
  8
HALFEN
 62
     1
100
AcDbLine
 10
583.3795139443829
 20
-191.302715592836
 30
0.0
 11
583.379513944383
 21
-96.80271559283605
 31
0.0
  0
LINE
  5
3FC
330
2
100
AcDbEntity
  8
HALFEN
 62
     1
100
AcDbLine
 10
579.379513944383
 20
-236.802715592836
 30
0.0
 11
579.3795139443829
 21
-206.3027155928359
 31
0.0
  0
LINE
  5
3FD
330
2
100
AcDbEntity
  8
HALFEN
 62
     1
100
AcDbLine
 10
579.3795139443829
 20
-191.302715592836
 30
0.0
 11
579.379513944383
 21
-96.80271559283605
 31
0.0
  0
LINE
  5
3FE
330
2
100
AcDbEntity
  8
HALFEN
 62
     1
100
AcDbLine
 10
575.379513944383
 20
-236.802715592836
 30
0.0
 11
575.3795139443829
 21
-206.3027155928359
 31
0.0
  0
LINE
  5
3FF
330
2
100
AcDbEntity
  8
HALFEN
 62
     1
100
AcDbLine
 10
575.3795139443829
 20
-191.302715592836
 30
0.0
 11
575.379513944383
 21
-96.80271559283605
 31
0.0
  0
LINE
  5
400
330
2
100
AcDbEntity
  8
HALFEN
 62
     1
100
AcDbLine
 10
571.3795139443829
 20
-236.802715592836
 30
0.0
 11
571.3795139443829
 21
-206.3027155928359
 31
0.0
  0
LINE
  5
401
330
2
100
AcDbEntity
  8
HALFEN
 62
     1
100
AcDbLine
 10
571.3795139443829
 20
-191.302715592836
 30
0.0
 11
571.3795139443829
 21
-96.80271559283605
 31
0.0
  0
LINE
  5
402
330
2
100
AcDbEntity
  8
HALFEN
 62
     1
100
AcDbLine
 10
567.3795139443829
 20
-236.802715592836
 30
0.0
 11
567.3795139443829
 21
-206.3027155928359
 31
0.0
  0
LINE
  5
403
330
2
100
AcDbEntity
  8
HALFEN
 62
     1
100
AcDbLine
 10
567.3795139443829
 20
-191.302715592836
 30
0.0
 11
567.3795139443829
 21
-96.80271559283605
 31
0.0
  0
LINE
  5
404
330
2
100
AcDbEntity
  8
HALFEN
 62
     1
100
AcDbLine
 10
563.3795139443829
 20
-236.802715592836
 30
0.0
 11
563.3795139443829
 21
-206.3027155928359
 31
0.0
  0
LINE
  5
405
330
2
100
AcDbEntity
  8
HALFEN
 62
     1
100
AcDbLine
 10
563.3795139443829
 20
-191.302715592836
 30
0.0
 11
563.3795139443829
 21
-96.80271559283605
 31
0.0
  0
LINE
  5
406
330
2
100
AcDbEntity
  8
HALFEN
 62
     1
100
AcDbLine
 10
559.3795139443829
 20
-236.802715592836
 30
0.0
 11
559.3795139443829
 21
-206.3027155928359
 31
0.0
  0
LINE
  5
407
330
2
100
AcDbEntity
  8
HALFEN
 62
     1
100
AcDbLine
 10
559.3795139443829
 20
-191.302715592836
 30
0.0
 11
559.3795139443829
 21
-96.80271559283605
 31
0.0
  0
LINE
  5
408
330
2
100
AcDbEntity
  8
HALFEN
 62
     1
100
AcDbLine
 10
555.3795139443829
 20
-236.802715592836
 30
0.0
 11
555.3795139443828
 21
-206.3027155928359
 31
0.0
  0
LINE
  5
409
330
2
100
AcDbEntity
  8
HALFEN
 62
     1
100
AcDbLine
 10
555.3795139443828
 20
-191.302715592836
 30
0.0
 11
555.3795139443829
 21
-96.80271559283605
 31
0.0
  0
LINE
  5
40A
330
2
100
AcDbEntity
  8
HALFEN
 62
     1
100
AcDbLine
 10
551.3795139443829
 20
-236.802715592836
 30
0.0
 11
551.3795139443829
 21
-206.302715592836
 31
0.0
  0
LINE
  5
40B
330
2
100
AcDbEntity
  8
HALFEN
 62
     1
100
AcDbLine
 10
551.3795139443831
 20
-191.3027155928361
 30
0.0
 11
551.3795139443829
 21
-171.4462594980877
 31
0.0
  0
LINE
  5
40C
330
2
100
AcDbEntity
  8
HALFEN
 62
     1
100
AcDbLine
 10
551.3795139443829
 20
-162.1591716875843
 30
0.0
 11
551.3795139443829
 21
-96.80271559283605
 31
0.0
  0
LINE
  5
40D
330
2
100
AcDbEntity
  8
HALFEN
 62
     1
100
AcDbLine
 10
547.3795139443829
 20
-236.802715592836
 30
0.0
 11
547.3795139443829
 21
-205.4359651735468
 31
0.0
  0
LINE
  5
40E
330
2
100
AcDbEntity
  8
HALFEN
 62
     1
100
AcDbLine
 10
547.3795139443829
 20
-192.1694660121252
 30
0.0
 11
547.3795139443829
 21
-170.4854455585001
 31
0.0
  0
LINE
  5
40F
330
2
100
AcDbEntity
  8
HALFEN
 62
     1
100
AcDbLine
 10
547.3795139443829
 20
-163.1199856271719
 30
0.0
 11
547.3795139443829
 21
-96.80271559283605
 31
0.0
  0
LINE
  5
410
330
2
100
AcDbEntity
  8
HALFEN
 62
     1
100
AcDbLine
 10
543.3795139443829
 20
-236.802715592836
 30
0.0
 11
543.3795139443829
 21
-96.80271559283605
 31
0.0
  0
LINE
  5
411
330
2
100
AcDbEntity
  8
HALFEN
 62
     1
100
AcDbLine
 10
539.379513944383
 20
-236.802715592836
 30
0.0
 11
539.379513944383
 21
-96.80271559283605
 31
0.0
  0
LINE
  5
412
330
2
100
AcDbEntity
  8
HALFEN
 62
     1
100
AcDbLine
 10
535.379513944383
 20
-236.802715592836
 30
0.0
 11
535.379513944383
 21
-96.80271559283605
 31
0.0
  0
LINE
  5
413
330
2
100
AcDbEntity
  8
HALFEN
100
AcDbLine
 10
619.3795139443817
 20
-266.8027155928361
 30
0.0
 11
617.3795139443817
 21
-264.8027155928361
 31
0.0
  0
LINE
  5
414
330
2
100
AcDbEntity
  8
HALFEN
100
AcDbLine
 10
617.3795139443817
 20
-264.8027155928361
 30
0.0
 11
615.3795139443817
 21
-266.8027155928361
 31
0.0
  0
LINE
  5
415
330
2
100
AcDbEntity
  8
HALFEN
100
AcDbLine
 10
615.3795139443817
 20
-266.8027155928361
 30
0.0
 11
613.3795139443817
 21
-264.8027155928361
 31
0.0
  0
LINE
  5
416
330
2
100
AcDbEntity
  8
HALFEN
100
AcDbLine
 10
613.3795139443817
 20
-264.8027155928361
 30
0.0
 11
611.3795139443817
 21
-266.8027155928361
 31
0.0
  0
LINE
  5
417
330
2
100
AcDbEntity
  8
HALFEN
100
AcDbLine
 10
611.3795139443814
 20
-266.8027155928364
 30
0.0
 11
609.3795139443815
 21
-264.8027155928365
 31
0.0
  0
LINE
  5
418
330
2
100
AcDbEntity
  8
HALFEN
100
AcDbLine
 10
609.3795139443813
 20
-264.8027155928365
 30
0.0
 11
607.3795139443815
 21
-266.8027155928364
 31
0.0
  0
LINE
  5
419
330
2
100
AcDbEntity
  8
HALFEN
100
AcDbLine
 10
607.3795139443818
 20
-266.8027155928361
 30
0.0
 11
605.379513944382
 21
-264.8027155928361
 31
0.0
  0
LINE
  5
41A
330
2
100
AcDbEntity
  8
HALFEN
100
AcDbLine
 10
605.3795139443819
 20
-264.8027155928361
 30
0.0
 11
603.3795139443819
 21
-266.8027155928361
 31
0.0
  0
LINE
  5
41B
330
2
100
AcDbEntity
  8
HALFEN
100
AcDbLine
 10
603.3795139443819
 20
-266.8027155928361
 30
0.0
 11
601.379513944382
 21
-264.8027155928361
 31
0.0
  0
LINE
  5
41C
330
2
100
AcDbEntity
  8
HALFEN
100
AcDbLine
 10
601.379513944382
 20
-264.8027155928361
 30
0.0
 11
599.3795139443819
 21
-266.8027155928361
 31
0.0
  0
LINE
  5
41D
330
2
100
AcDbEntity
  8
HALFEN
100
AcDbLine
 10
599.3795139443819
 20
-266.8027155928361
 30
0.0
 11
597.379513944382
 21
-264.8027155928361
 31
0.0
  0
LINE
  5
41E
330
2
100
AcDbEntity
  8
HALFEN
100
AcDbLine
 10
597.379513944382
 20
-264.8027155928361
 30
0.0
 11
595.3795139443819
 21
-266.8027155928361
 31
0.0
  0
LINE
  5
41F
330
2
100
AcDbEntity
  8
HALFEN
100
AcDbLine
 10
595.3795139443819
 20
-266.8027155928361
 30
0.0
 11
593.379513944382
 21
-264.8027155928361
 31
0.0
  0
LINE
  5
420
330
2
100
AcDbEntity
  8
HALFEN
100
AcDbLine
 10
593.3795139443819
 20
-264.8027155928361
 30
0.0
 11
591.3795139443821
 21
-266.8027155928361
 31
0.0
  0
LINE
  5
421
330
2
100
AcDbEntity
  8
HALFEN
100
AcDbLine
 10
591.3795139443821
 20
-266.8027155928361
 30
0.0
 11
589.3795139443822
 21
-264.8027155928361
 31
0.0
  0
LINE
  5
422
330
2
100
AcDbEntity
  8
HALFEN
100
AcDbLine
 10
589.379513944382
 20
-264.8027155928361
 30
0.0
 11
587.3795139443822
 21
-266.8027155928361
 31
0.0
  0
LINE
  5
423
330
2
100
AcDbEntity
  8
HALFEN
100
AcDbLine
 10
587.3795139443822
 20
-266.8027155928361
 30
0.0
 11
585.3795139443822
 21
-264.8027155928361
 31
0.0
  0
LINE
  5
424
330
2
100
AcDbEntity
  8
HALFEN
100
AcDbLine
 10
585.3795139443822
 20
-264.8027155928361
 30
0.0
 11
583.3795139443822
 21
-266.8027155928361
 31
0.0
  0
LINE
  5
425
330
2
100
AcDbEntity
  8
HALFEN
100
AcDbLine
 10
583.3795139443822
 20
-266.8027155928361
 30
0.0
 11
581.3795139443822
 21
-264.8027155928361
 31
0.0
  0
LINE
  5
426
330
2
100
AcDbEntity
  8
HALFEN
100
AcDbLine
 10
581.3795139443822
 20
-264.8027155928361
 30
0.0
 11
579.3795139443822
 21
-266.8027155928361
 31
0.0
  0
LINE
  5
427
330
2
100
AcDbEntity
  8
HALFEN
100
AcDbLine
 10
579.3795139443813
 20
-266.802715592837
 30
0.0
 11
577.3795139443814
 21
-264.802715592837
 31
0.0
  0
LINE
  5
428
330
2
100
AcDbEntity
  8
HALFEN
100
AcDbLine
 10
577.3795139443812
 20
-264.802715592837
 30
0.0
 11
575.3795139443814
 21
-266.802715592837
 31
0.0
  0
LINE
  5
429
330
2
100
AcDbEntity
  8
HALFEN
100
AcDbLine
 10
575.3795139443814
 20
-266.802715592837
 30
0.0
 11
573.3795139443815
 21
-264.802715592837
 31
0.0
  0
LINE
  5
42A
330
2
100
AcDbEntity
  8
HALFEN
100
AcDbLine
 10
573.3795139443814
 20
-264.802715592837
 30
0.0
 11
571.3795139443814
 21
-266.802715592837
 31
0.0
  0
LINE
  5
42B
330
2
100
AcDbEntity
  8
HALFEN
100
AcDbLine
 10
571.3795139443814
 20
-266.802715592837
 30
0.0
 11
569.3795139443815
 21
-264.802715592837
 31
0.0
  0
LINE
  5
42C
330
2
100
AcDbEntity
  8
HALFEN
100
AcDbLine
 10
569.3795139443814
 20
-264.802715592837
 30
0.0
 11
567.3795139443815
 21
-266.802715592837
 31
0.0
  0
LINE
  5
42D
330
2
100
AcDbEntity
  8
HALFEN
100
AcDbLine
 10
567.3795139443824
 20
-266.8027155928361
 30
0.0
 11
565.3795139443824
 21
-264.8027155928361
 31
0.0
  0
LINE
  5
42E
330
2
100
AcDbEntity
  8
HALFEN
100
AcDbLine
 10
565.3795139443824
 20
-264.8027155928361
 30
0.0
 11
563.3795139443824
 21
-266.8027155928361
 31
0.0
  0
LINE
  5
42F
330
2
100
AcDbEntity
  8
HALFEN
100
AcDbLine
 10
563.3795139443824
 20
-266.8027155928361
 30
0.0
 11
561.3795139443824
 21
-264.8027155928361
 31
0.0
  0
LINE
  5
430
330
2
100
AcDbEntity
  8
HALFEN
100
AcDbLine
 10
561.3795139443824
 20
-264.8027155928361
 30
0.0
 11
559.3795139443824
 21
-266.8027155928361
 31
0.0
  0
LINE
  5
431
330
2
100
AcDbEntity
  8
HALFEN
100
AcDbLine
 10
559.3795139443824
 20
-266.8027155928361
 30
0.0
 11
557.3795139443825
 21
-264.8027155928361
 31
0.0
  0
LINE
  5
432
330
2
100
AcDbEntity
  8
HALFEN
100
AcDbLine
 10
557.3795139443824
 20
-264.8027155928361
 30
0.0
 11
555.3795139443825
 21
-266.8027155928361
 31
0.0
  0
LINE
  5
433
330
2
100
AcDbEntity
  8
HALFEN
100
AcDbLine
 10
555.3795139443825
 20
-266.8027155928361
 30
0.0
 11
553.3795139443826
 21
-264.8027155928361
 31
0.0
  0
LINE
  5
434
330
2
100
AcDbEntity
  8
HALFEN
100
AcDbLine
 10
553.3795139443825
 20
-264.8027155928361
 30
0.0
 11
551.3795139443827
 21
-266.8027155928361
 31
0.0
  0
LINE
  5
435
330
2
100
AcDbEntity
  8
HALFEN
100
AcDbLine
 10
551.3795139443827
 20
-266.8027155928361
 30
0.0
 11
549.3795139443826
 21
-264.8027155928361
 31
0.0
  0
LINE
  5
436
330
2
100
AcDbEntity
  8
HALFEN
100
AcDbLine
 10
549.3795139443826
 20
-264.8027155928361
 30
0.0
 11
547.3795139443827
 21
-266.8027155928361
 31
0.0
  0
LINE
  5
437
330
2
100
AcDbEntity
  8
HALFEN
100
AcDbLine
 10
547.3795139443815
 20
-266.8027155928372
 30
0.0
 11
545.3795139443815
 21
-264.8027155928373
 31
0.0
  0
LINE
  5
438
330
2
100
AcDbEntity
  8
HALFEN
100
AcDbLine
 10
545.3795139443815
 20
-264.8027155928373
 30
0.0
 11
543.3795139443815
 21
-266.8027155928372
 31
0.0
  0
LINE
  5
439
330
2
100
AcDbEntity
  8
HALFEN
100
AcDbLine
 10
543.3795139443827
 20
-266.8027155928361
 30
0.0
 11
541.3795139443827
 21
-264.8027155928361
 31
0.0
  0
LINE
  5
43A
330
2
100
AcDbEntity
  8
HALFEN
100
AcDbLine
 10
541.3795139443826
 20
-264.8027155928361
 30
0.0
 11
539.3795139443827
 21
-266.8027155928361
 31
0.0
  0
LINE
  5
43B
330
2
100
AcDbEntity
  8
HALFEN
100
AcDbLine
 10
539.3795139443827
 20
-266.8027155928361
 30
0.0
 11
537.3795139443829
 21
-264.8027155928361
 31
0.0
  0
LINE
  5
43C
330
2
100
AcDbEntity
  8
HALFEN
100
AcDbLine
 10
537.3795139443827
 20
-264.8027155928361
 30
0.0
 11
535.3795139443828
 21
-266.8027155928361
 31
0.0
  0
LINE
  5
43D
330
2
100
AcDbEntity
  8
HALFEN
100
AcDbLine
 10
535.3795139443828
 20
-266.8027155928361
 30
0.0
 11
533.3795139443829
 21
-264.8027155928361
 31
0.0
  0
LINE
  5
43E
330
2
100
AcDbEntity
  8
HALFEN
100
AcDbLine
 10
533.3795139443829
 20
-264.8027155928361
 30
0.0
 11
531.3795139443828
 21
-266.8027155928361
 31
0.0
  0
LINE
  5
43F
330
2
100
AcDbEntity
  8
HALFEN
  6
STRICHPUNKT2
 62
     1
100
AcDbLine
 10
550.3795139443829
 20
-252.8027155928361
 30
0.0
 11
550.3795139443829
 21
-270.8027155928361
 31
0.0
  0
LINE
  5
440
330
2
100
AcDbEntity
  8
HALFEN
  6
STRICHPUNKT2
 62
     1
100
AcDbLine
 10
717.3795139443829
 20
-198.802715592836
 30
0.0
 11
699.3795139443827
 21
-198.802715592836
 31
0.0
  0
ARC
  5
441
330
2
100
AcDbEntity
  8
HALFEN
100
AcDbCircle
 10
738.3795139443829
 20
-142.302715592836
 30
0.0
 40
7.5
100
AcDbArc
 50
0.0
 51
180.0
  0
ARC
  5
442
330
2
100
AcDbEntity
  8
HALFEN
100
AcDbCircle
 10
738.3795139443829
 20
-191.302715592836
 30
0.0
 40
7.5
100
AcDbArc
 50
180.0
 51
0.0
  0
LINE
  5
443
330
2
100
AcDbEntity
  8
HALFEN
100
AcDbLine
 10
730.879513944383
 20
-142.302715592836
 30
0.0
 11
730.879513944383
 21
-191.302715592836
 31
0.0
  0
LINE
  5
444
330
2
100
AcDbEntity
  8
HALFEN
100
AcDbLine
 10
745.879513944383
 20
-142.302715592836
 30
0.0
 11
745.879513944383
 21
-191.302715592836
 31
0.0
  0
ARC
  5
445
330
2
100
AcDbEntity
  8
HALFEN
100
AcDbCircle
 10
550.8795139443829
 20
-198.802715592836
 30
0.0
 40
7.5
100
AcDbArc
 50
90.0
 51
270.0
  0
ARC
  5
446
330
2
100
AcDbEntity
  8
HALFEN
100
AcDbCircle
 10
599.879513944383
 20
-198.802715592836
 30
0.0
 40
7.5
100
AcDbArc
 50
270.0
 51
90.0
  0
LINE
  5
447
330
2
100
AcDbEntity
  8
HALFEN
100
AcDbLine
 10
550.8795139443829
 20
-191.302715592836
 30
0.0
 11
599.879513944383
 21
-191.302715592836
 31
0.0
  0
LINE
  5
448
330
2
100
AcDbEntity
  8
HALFEN
100
AcDbLine
 10
599.879513944383
 20
-191.302715592836
 30
0.0
 11
599.879513944383
 21
-191.302715592836
 31
0.0
  0
LINE
  5
449
330
2
100
AcDbEntity
  8
HALFEN
100
AcDbLine
 10
599.879513944383
 20
-206.302715592836
 30
0.0
 11
550.8795139443829
 21
-206.302715592836
 31
0.0
  0
MTEXT
  5
44A
330
2
100
AcDbEntity
  8
HALFEN
100
AcDbMText
 10
738.3795139443828
 20
-214.8027155928358
 30
0.0
 40
7.0
 41
18.23218390804597
 71
     2
 72
     5
  1
R
 73
     1
 44
1.0
  0
MTEXT
  5
44B
330
2
100
AcDbEntity
  8
HALFEN
100
AcDbMText
 10
738.3795139443829
 20
-118.8027155928359
 30
0.0
 40
7.0
 41
18.23218390804597
 71
     8
 72
     5
  1
UP
 73
     1
 44
1.0
  0
ENDSEC
  0
SECTION
  2
OBJECTS
  0
DICTIONARY
  5
9
330
0
100
AcDbDictionary
281
     1
  3
ACAD_COLOR
350
2B
  3
ACAD_GROUP
350
27
  3
ACAD_LAYOUT
350
D
  3
ACAD_MATERIAL
350
2A
  3
ACAD_MLINESTYLE
350
28
  3
ACAD_PLOTSETTINGS
350
29
  3
ACAD_PLOTSTYLENAME
350
8
  3
ACAD_TABLESTYLE
350
2C
  3
AcDbVariableDictionary
350
453
  3
ASE_INDEX_DICTIONARY
350
450
  0
DICTIONARY
  5
14
330
13
100
AcDbDictionary
280
     1
281
     1
  3
ACAD_LAYERFILTERS
360
15
  3
ACAD_LAYERSTATES
360
16
  3
ACLYDICTIONARY
360
17
  0
DICTIONARY
  5
3
330
2
100
AcDbDictionary
280
     1
281
     1
  3
ACAD_SORTENTS
360
44C
  0
DICTIONARY
  5
2B
102
{ACAD_REACTORS
330
9
102
}
330
9
100
AcDbDictionary
281
     1
  0
DICTIONARY
  5
27
102
{ACAD_REACTORS
330
9
102
}
330
9
100
AcDbDictionary
281
     1
  0
DICTIONARY
  5
D
102
{ACAD_REACTORS
330
9
102
}
330
9
100
AcDbDictionary
281
     1
  3
Layout1
350
12
  3
Model
350
C
  0
DICTIONARY
  5
2A
102
{ACAD_REACTORS
330
9
102
}
330
9
100
AcDbDictionary
281
     1
  0
DICTIONARY
  5
28
102
{ACAD_REACTORS
330
9
102
}
330
9
100
AcDbDictionary
281
     1
  3
STANDARD
350
2E
  0
DICTIONARY
  5
29
102
{ACAD_REACTORS
330
9
102
}
330
9
100
AcDbDictionary
281
     1
  0
ACDBDICTIONARYWDFLT
  5
8
102
{ACAD_REACTORS
330
9
102
}
330
9
100
AcDbDictionary
281
     1
  3
Normal
350
7
100
AcDbDictionaryWithDefault
340
7
  0
DICTIONARY
  5
2C
102
{ACAD_REACTORS
330
9
102
}
330
9
100
AcDbDictionary
281
     1
  3
Standard
350
2F
  0
DICTIONARY
  5
453
102
{ACAD_REACTORS
330
9
102
}
330
9
100
AcDbDictionary
281
     1
  3
CTABLESTYLE
350
454
  3
DIMASSOC
350
462
  3
HIDETEXT
350
461
  3
PROJECTNAME
350
463
  0
DICTIONARY
  5
450
102
{ACAD_REACTORS
330
9
102
}
330
9
100
AcDbDictionary
281
     1
  3
ASEBlockHierarchyIndexRecord
350
452
1001
DCO15
1040
1565413980.5
  0
DICTIONARY
  5
15
102
{ACAD_REACTORS
330
14
102
}
330
14
100
AcDbDictionary
281
     1
  0
DICTIONARY
  5
16
102
{ACAD_REACTORS
330
14
102
}
330
14
100
AcDbDictionary
281
     1
  0
DICTIONARY
  5
17
102
{ACAD_REACTORS
330
14
102
}
330
14
100
AcDbDictionary
281
     1
1001
ACAD
1000
<All
  0
SORTENTSTABLE
  5
44C
102
{ACAD_REACTORS
330
3
102
}
330
3
100
AcDbSortentsTable
330
2
  0
LAYOUT
  5
12
102
{ACAD_REACTORS
330
D
102
}
330
D
100
AcDbPlotSettings
  1

  2
Microsoft Office Document Image Writer
  4

  6

 40
0.0
 41
0.0
 42
0.0
 43
0.0
 44
0.0
 45
0.0
 46
0.0
 47
0.0
 48
0.0
 49
0.0
140
0.0
141
0.0
142
1.0
143
1.0
 70
   688
 72
     0
 73
     0
 74
     5
  7

 75
    16
147
1.0
 76
     0
 77
     2
 78
   300
148
0.0
149
0.0
100
AcDbLayout
  1
Layout1
 70
     1
 71
     1
 10
0.0
 20
0.0
 11
12.0
 21
9.0
 12
0.0
 22
0.0
 32
0.0
 14
1.000000000000000E+20
 24
1.000000000000000E+20
 34
1.000000000000000E+20
 15
-1.000000000000000E+20
 25
-1.000000000000000E+20
 35
-1.000000000000000E+20
146
0.0
 13
0.0
 23
0.0
 33
0.0
 16
1.0
 26
0.0
 36
0.0
 17
0.0
 27
1.0
 37
0.0
 76
     0
330
F
  0
LAYOUT
  5
C
102
{ACAD_REACTORS
330
D
102
}
330
D
100
AcDbPlotSettings
  1

  2
none_device
  4
ISO_A4_(210.00_x_297.00_MM)
  6

 40
7.5
 41
20.0
 42
7.5
 43
20.0
 44
210.0
 45
297.0
 46
0.0
 47
0.0
 48
0.0
 49
0.0
140
0.0
141
0.0
142
1.0
143
6.544721784935652
 70
 11952
 72
     1
 73
     1
 74
     0
  7

 75
     0
147
0.1527948830921668
 76
     0
 77
     2
 78
   300
148
548.4372078987258
149
635.4817857298915
100
AcDbLayout
  1
Model
 70
     1
 71
     0
 10
0.0
 20
0.0
 11
12.0
 21
9.0
 12
0.0
 22
0.0
 32
0.0
 14
0.0
 24
0.0
 34
0.0
 15
0.0
 25
0.0
 35
0.0
146
0.0
 13
0.0
 23
0.0
 33
0.0
 16
1.0
 26
0.0
 36
0.0
 17
0.0
 27
1.0
 37
0.0
 76
     0
330
2
1001
ACAD_PSEXT
1000
Kein
1000
Kein
1000
Nicht anwendbar
1000
Das Layout wird erst geplottet, wenn ein neuer Plotter-Konfigurationsname ausgewählt wird.
1070
     0
  0
MLINESTYLE
  5
2E
102
{ACAD_REACTORS
330
28
102
}
330
28
100
AcDbMlineStyle
  2
STANDARD
 70
     0
  3

 62
   256
 51
90.0
 52
90.0
 71
     2
 49
0.5
 62
   256
  6
BYLAYER
 49
-0.5
 62
   256
  6
BYLAYER
  0
ACDBPLACEHOLDER
  5
7
102
{ACAD_REACTORS
330
8
102
}
330
8
  0
TABLESTYLE
  5
2F
102
{ACAD_REACTORS
330
2C
102
}
330
2C
100
AcDbTableStyle
  3
Standard
 70
     0
 71
     0
 40
1.5
 41
1.5
280
     0
281
     0
  7
STANDARD
140
4.5
170
     2
 62
     0
 63
     7
283
     0
274
    -2
284
     1
 64
     0
275
    -2
285
     1
 65
     0
276
    -2
286
     1
 66
     0
277
    -2
287
     1
 67
     0
278
    -2
288
     1
 68
     0
279
    -2
289
     1
 69
     0
  7
STANDARD
140
6.0
170
     5
 62
     0
 63
     7
283
     0
274
    -2
284
     1
 64
     0
275
    -2
285
     1
 65
     0
276
    -2
286
     1
 66
     0
277
    -2
287
     1
 67
     0
278
    -2
288
     1
 68
     0
279
    -2
289
     1
 69
     0
  7
STANDARD
140
4.5
170
     5
 62
     0
 63
     7
283
     0
274
    -2
284
     1
 64
     0
275
    -2
285
     1
 65
     0
276
    -2
286
     1
 66
     0
277
    -2
287
     1
 67
     0
278
    -2
288
     1
 68
     0
279
    -2
289
     1
 69
     0
  0
DICTIONARYVAR
  5
454
102
{ACAD_REACTORS
330
453
102
}
330
453
100
DictionaryVariables
280
     0
  1
STANDARD
  0
DICTIONARYVAR
  5
462
102
{ACAD_REACTORS
330
453
102
}
330
453
100
DictionaryVariables
280
     0
  1
1
  0
DICTIONARYVAR
  5
461
102
{ACAD_REACTORS
330
453
102
}
330
453
100
DictionaryVariables
280
     0
  1
1
  0
DICTIONARYVAR
  5
463
102
{ACAD_REACTORS
330
453
102
}
330
453
100
DictionaryVariables
280
     0
  1

  0
XRECORD
  5
452
102
{ACAD_REACTORS
330
450
102
}
330
450
100
AcDbXrecord
280
     1
  0
ENDSEC
  0
EOF
